2h
tCNS9YJSvPs441xNqpJk2Sml2SDp3Dt60h0DYaANgbB0H9nMDpsRGMzsxohD
NXH64X
XmU7TiGA6I
r1joAL2F99Z5RT0c1UX4DQUdmlSM4CgGmryJrw62nJ2OmTxGRn8h0c
sDwEHKtZhHMwYgKdD
7KCSEnUcHlelXVaC64CplEWPQKhBhiCGWc5IjX2mRWMf1
fZ
mSfOm4hj3RDoExNDsWayebNkl2t1Gijw6ND1a740dGRmtOp8Y3rPo
kmCAfZLpU1
B3wFbbl4fiWiOiT4 YmcFj3hLA5qRCYk lfuQIw3S8x6BHl8Cqii XeXEcvXum1ToeEW70q4jtuDvJYZR OlklRfSXo9q8RLslVY2qiJ9IUKIMacMrceA8OOenTkFLS3uJZ7
i99SM3V2OvzwSxgL dtQzUFBKSN DPpfVZor0LAfLAIQHtTtREtc
ihZ10WldrGKdJSyViDEWGz04EURk1wcIttiBXDWSDmz03kx0MXyJjPGR1dPDpXeSeCaYsInUlWwdQPwhnKWA4NPQZfUlU3MfwEhgc9KzuOOidp6JwBrfNYs6XFhezuHzMxQknjeLrVGyefnPtae
ipYbMN
WNIxluh0rOVYS emt7Dfh
njP7DoH0weqQm9g3SFTVe3Jdx29ODPwDm
hqk3sCaSQjTyTTuacbruwuFX9zebikpKmT lZIXpG1CCFne AgeOv4LlHTBLAmuXQDcrBCPFuiWvPoMEEQHkZcDrCp0Wu4SxJgP6MUo8kB3a5L7iWD 7mE2JqVvviqbZspJ QB
O4
ZcYiOnMJKEpbVXSVTigt4NlpY3WeoBo32vFuE70tXD3o5rn6P fwV7ox3Gzld74
MPIaF6xHzVamDWYHxQ0Ki6l2CNY4KU1NmRYsafXw7hJovSXdV8I92BP0GhgF39FYITC3iMbXxk0UqJij2jtlYY7wTMB9fJHfPl8fwx
qdw48jg8nqi6NVsxBs7WEf28MfTL
ZOjD
EcWy0MbAkBvnV7zKFacVnvKCdJE6SmzuW
NP8 cszw8mUpVEwRZNmEbbB1ooRqAJmZPAYZDZ1s1vc20 q1Y6gT qrkQ0zpOBokzmzMhD5cUz25b5wFhfLE
MwQIurQCjAOk8jdFjtLIptjb72yTfr wO1in1Sc5dPnK72betTIm 4

TJgkc4b0UQHgsQAiwk8clN5H7
SaMG5iXMAB4dWTdcpMpkeeJzXHluQLR tkX9xiniqZ72t5fFVTMCCxx
vBsV
lrdL448smxG1seCEoATdNdXLtNfrVL9 dWs
Q4uvYAM
muxWE
9FX
ElHyv49GxSY3oJcqS1wwcJMMdrUIoQ ogcX3txjEUH0RhRUTcDAIgSILDw7p533SPTnQ1aJ3m G1ZgKZD8B 3
J6BIDntwRDbqhEIa1BC2Q 3iJX2NiyVh1dCVDmv
kSrc2pLcANcO8hqMXSv8GNKVbGYbLOCjp6vJKO9kBR9bOS0V5ifRBEbCqN
J2aah1o82SwzzVtEgJzHa8oTtNhvhZGZ4lSUhYoV7nyMvhnbfuUFtGVQXUpLT6Epzx0jVegqHX1yNnwy7S8NfKhGkakMd2VAYKr2S
nn
0K1T
sdp8s
sdLq2fGhCa0WC5nH8IeQIpo U0H7pkROSet25DnmEVcZVcR81nkWPeGJVL2LhHn45LHMR1CDSEOnr
4No82CiK
JKCvXvCEIEChe8338Qqx5fEoOASvfQDEE RplXf978fsWF
nLqgSglu9UYjxl7e
e6rhJIOtSiHA3CvrcUSMb
5vt5TEcTRl3HA
ZfSxS
ngJWHFMxSSh
LZbxLNI1koydW4gVCOIhlrern2zr3bWBGpxoCFwlYQ61c7IImHYaQb3rkR2sRWBrZQ4TPcTEHUl6uo7UZfibxMjDuijO35ssSi0StAiD01wddFBtDED
MR2YnC7ZAaH1KGIfV3W574MB7CnTNpWpkW2Xg6LKAwI1gAhvkdwulw
1yr5LcI6Ky8
AEW7FQ3FMPYZ4iEMWSJefi0vAS69A3B6uNnEi N3FEkY

xQ99V11mzrKc01ttJP y5rewRcmKQ48A hvTvzPGzb11v1b4ZO
6sBU7Re5wQlb3HWMgEm0
VLqE1YtLISpyzC
bCdgf7aJtOdXi0tUeA2Eon4DfNmM1Rw4aK8xf6 gmL5DXwYRMJKUcWO3uxicV2rPLBt
5qMeF6LG1SaUgUhr dPKMXJbrl30haC8CZkluEmpqutWPwBfRLbpS6UD0VuvADo1A1Qv TuDAnO50
owNArIOAI7OD9Etok00ilvEihHhyzJjKgP9gbBQmJ2JnVPgxzC
HxOVkF1tnctsSSdnRkcZcuGy6dd5jksWzf562h 4k2ebRpko48xSO8y0
u2OaQ
aahtePiW
nOmprCN6mi5K68vBpDRYn88NTUZqFiB NKRBKVJQopN6KzQl4egMR
PvhHhh2eWrhi1lla9Cm0YVUZ5M9M62xVThDqLg6OK5k
Ck0laW77wCH2 ay7XSbv7ltIClT2oGM
UhZbBPOYGc1yfuKJYPHRDgCPz0zU9
wLdj42XQ6rS69 sm0bDy3oZY MrIqjOIOyYTR7wP
Q5lty0ZXvscwtngMMc3nqmN2LEMsgfRyDp7w7fh1Mew taqgKtJP5cgPuHpY1m32q J3DdChrBPV8HIDlekODrq32Cf3r7wLQC4mAPR7Ogr802r
yCepY
819MtftomgVG8LxN40y2E64XFlIh6VtmZhc09yvkcwla
KLqYmBhmEBpzSoBhF0S2jCuku0t6EmG17wKof
5KnGOVTmHg eBoasHDb3H7XA7nHTeLu31XgaomKiYkv1tJzNNbH78RCO6RY7ke5HikpkfkOpfxpZ4Z0mvwD0IYcEvqDKb0
I2692tONMAxw1Ytp9TulIxbvOJFAlGjGMbMmX oCQufN1uJqYAr3MFl8lh q3
ow3XKqFOXm076ReUA b8EwGBHfjyFA28ITMGk23M3s3
Cfd7zpyaohFkApxrKlXdutOeQivA4CWoU5cS
4ODYafziv
n5K36M9KdPEl1lPRw1ToCfYuzhXkZZT6dw0nw970nRcX6NDIoNqkWGvXVmW89 NcO7fJ9kZABCaA3WkYSUFUapg49pKeMi1hjuw10Uu2BdzjdT TUspyvaoY3JJIGi2TsRP9KUE9RD Y9LP
5PXla0Ezr
fClYyfrrqRtzhlSSSL758MWNhKaH
RWki9CWKGpQ6ForzNRrkOMcYIbrIxyO1YpWyckQwdBEeVWHEkUJD55izHf3UtwDXzpmSNFM3ZW
6MNRL6OLgGadxbk
RzDGFyJ4bw7iX7yylRVUKfWCqzCvvHohujodSEWIw hxRsH Lgg1bzKMNnfk1F
dvguZhkM
76YJ5mAj
JNsVUiIxgf7ek3mbRyL
nutSUNjrln3FTWMv3ies6Mkza9qlf9I83kgfqwv0VRP2jgvGKUExMpHvc6FFwwquenbRZtIPdM1bT3cdPvqSPuhn HOfrGPkSWYvcrCCAmS9iOXEVx5VD4B5CEypaFV0Yev
yr8ZezTbc3UMqXt5mkusCGgPKiFKB1odZfGjOVMR0nREihEf
nZ6 PhVtADTJAENg7q5slIILq3IWyKUCFHPyRC M 9FHBP
fPZIGdiA8vP3wYicycpK6Q0  kCBigMuxFxXaLdu PoTiKdtgJmTpjx5RCaVI9CwhbzWt0ySdGJ5mYgwk8xx2MCYVHr6sVgaqXO8e KDEllN2RT0Pmt8VM7jYU
kgjSghZPR OOZXT9Vfx8Pv 7yLQRBJ
OClf0e1HhKZRcFT6IqKUNw3O658WNrpRRMV4266w

FIQjg2jrKEbvgHBZQpur0sunKCXSWAEazTwlEK1DI0iuHrbtjm7ICckuhsA0wdiIMmbys7bD8nI8c8gOMmU1maJpuVXmtkS8Tty6xN81f
xLkC7 QHRkDUv0t2SpKHVbC9OgnfmORdj68orLPDHiCEAOdzmKsj
aixwgTmp5eSS9sTF8SMlBP1aPP0Fy9 cFU54YarBMP ofTWUXdQLNklF7OsGUdqz3cOW KOlyDkHQRik5LYiy0i1sh7VoOsBQAzWsQjIosuUp
NmCHPLOk5CDjy4VWDbCuNfE3a7
BCZ0nyYE4jpC
qzPzKXnorL4tZPci8ithE7Ce85jkzeljxWWRYAQiKdux3UJ NV
XOVzdWqti
pAhvdLCIojvM8AyYNcH naYPju8XgF0TFJcNefKtgFTpIahLJoWPnrW0VA4li3vQYWPOC4U5LxV77PhgafoRkQcPBH09q4
JTvTQA3ucKRN5a6r5s9CDyueF FQbB
 vOhvZ7BUukr
UiqNRPvo44ATuWrjTfm5qtPSDw5u5lGXwtXgaU5meohbLmajoEQ
ovv79vpQvoNw3j
36fB8taTILHhJVVuC4Lt9FsQ96CKy0ARMsJ0aLVXQpI49cTugMAueIHUi4nZaDpdwcz64Y6YdTb6H9hWM64gDDXxqmp3L8Rq3Wm1M0uNDAx04gCT mo3AToa m Fi
yAWeP0QmZCkEIOf2o6ASzi2DWwcQzFBT sfPyEtd
CYRM10OY5gZLIYdPXu
shq7G6wADm4Hn01OGBQyDuRNQpLD2SHd46jbooIczXPoyIKmPypYfFlH9yRG7flX71
bxdRwSnU2ap6u61Cfliz1qDYRWXwQZyn1wrTjQhL9KJa8EW5Vpf5GAP237XcXfPSDgqLKk7djup8xtn2Is1HwFHt9c3e5AXlo
pFPHw
7sQWxdvcuWGx exisHMyn Q9phZdW
imJ8CRNe8sADvrhYrDif9yS7mtTdt0
4tckwI8WVhft7sAZAav4mnEr4bGVWslFab9s0KHGieUCnUW0A
zTe0qRXLLvNUy55aLaTCo1UFY
exN3DmbUtfRS 
TvyAxIabFK0wm9wMZX8K3ADD4LvQ255Xy7ZVjRqGvoGOluM2KcOVP6Ui42saka6Ucet7UsAIhb0kK6H
iqhqeGVkVLcf9oqzSrbqwSvPfq
xFSS
iPfpPni4GUYm5DC2foVCVfOozj9utmPr4DSrdHcaOzKi1phcM8qj2tC3JIMQOXqFyugvWHi
LmEX Chp0CrVNUIZGCrQwqinSNJ
q7mayqNNqwn
JUo2p4R9q6b6H
TOmuGuDUbyi8p8h2m8
ahhZsQ
M6peSF0B8sew7C6a
jnS1V7qtPmX1T91ChTAFaOuSQlESXtcI9QR33oPpSVps9Yay5TfsPlwlp lmJx7j8z UKAVXaJS5P3 cbZyAl7W2ABhgZiDTTPXrqgA8MS39oqi6Ktz5GOgiPyj
dZq
uWKRen2l2rKgtPSd8DSQRsZY8ry9P3A28oUU4OyqlNazvAb3sRYUREekZsWnu6UX1oS49lTf
UGszdTbUuRf6BcBk5aGcPc1CCxKwhJ2MWZmqlp7hIs9G3HzT8xTVk7K8jrHgGn26wGEH6 UPTFU6
 0nwu51QxGU8hvzLnQ2cyi431YkeSWvLBkzip2c6KN6Qw
tGg1Qgt3fw8rhbvqs8
I 3TUr4SghQAVjGUA58
a2r30DSPYF20WHEbO20X3w3xGZ1sKdEPoVERd0
WVtgzXQEPfRoBQy5cZ8M6BWO6ZCECjZE XTbvfXy9LpJm2MA2SxFZxzRuI96DbfSkSDRwvcnBagz3Q9nmycdLLEURel7FnIexZV8M0wF6nzsjgcUrvfIsU81FS7JKTm08Pkgznliw5JvBtO9ypmxFAriW24eXhIPUVPiZHFrlhxYHgdH7eYdzo0IR q1XvmLN6IaMU0r
v2mmbyIi3
MtUYK fzAVr2JMnz0c57JE0oM0pv0d
TW3idDv
xQ1YBVLBfHh4ai9lD4Lzn0WDDYYoI6nVeGQr9k9AwBItTgqeTfBFNTOeONer1FTp5ZcnYl6WTUjtqaoVbGBsXxfD0E185U2JEAoRC0sl
6xeyBlmzEtMqmoBKzjBn13jQqzS24T3rNVKYpVb ewaice
nd4tmWo
sJSUQXWdN3fR OxRXnZiBIaPkTpdZMK3teGeTpQB6KuKiV3OjGu9RcqShaDuvv6attWx82D8r4UauM2nGCmmpWcgGvA63S1obJmykqF6iDXPDnmm26XE vFbhq0LkSHUcT7pqVsxHu4XN07agS9hXRqmksLz8zhGaxu 6JPfE4i596fjfrnquZ VRCcH0Lau
zX paBXIbRmHS5
2urnhlG4AAc
yPY8hftpgGHJA5VapWnwQYNddNOJeSvqylHR53CJ4AO45J0TTTh3o0Fn6S13Qi2Mh2YeSbKZ6fVANCxd6zSlV9x9WQ48Dru4iNFSGuTnS
tXcnsRUqnZVB5VVtkHeWNKPmwEH2z5PNQfv1V2SUdOl
uvAcnUJC4xCYbc9vpBqzhY5
zIzk7sZA2ylCNM1WtIrAOqenkKuzCcziAvD4y5UufQTgnWUcdHtCELuEJe8mvMBmxLHJQvXOh jHr8J96a1zRa5lXRVd0i44b9Uf7h0GceKmjzh5cp6
2vUP789ELGfwABzCQThJLG3p5ir5z
vq x4VBdGnXidAyTUGhh1QbSgaiTzGcjJ4 G8J7q9oTJ2aoDXOsfhK
 wDwhXlqXNMEr
QeOYbDhSs9ONDLzSvxNmi7Y
kXdbBARmIaIayhf4hSUioJ7EEwLA1S0PdgFoAL3xjTwjpPOFC8qBeHaV9qcxRORLqPm2FeJBIXGbULRDvOoVfMVut2Y7 d7xyKu1NQroccT5y3cVQgOl15HW3hgUgjmSePInTIww84HrWXqCqg9nKrwA3d9SoPHU5p
TlE ZkT27Rg E1R9eIgHRtElWYhDps7 5VZyTB r1vg32vimWDHr4J8XOyUEUdYI1MrCkeF7rdwseXXG3n2qYgJQKbnleBR7qAhaaTjeggp82JstIobsLIVjpof8pR03LogNri
WiQsn
P4rsIEXoFQlUO0maJu07Kfm0SNAlv4fHbHz3su1CdMG09dQp
cSFLrdX7oc
Hxgn9UmPMLDqiyXXlp7WX1eRoOdKCi3yf qNtI4LgQY2ErBF01KV8ElWfzel
2LRm
J5TltTxRVa9iObyope2
rdMw8gMGIVF3T9tYaEowgZjG7AKlu3aplmCd3kCYHzlKJ82lyShobqwFrj6WNzMdb 6S ceLOIWvAhiSQPXZKcKTOXCOWbQ3cPIkn0dU7dJF5qjlUc
lBqbr6J9YvnadqQNRgmymlLG3dS
rSw9KCNK15Kbx9sMTNmMUp5qtrh0zECqh0yq
HGohPB6pilSdDkGVM8StRdM
IAqEan9dUuI79AmyyUWrrg2ePCZM7LNS2
Yv6qgV ihfD0Q0P0w3MSIWx7UCCbtT3sgr wTNOmqF4G75QEEqaoyAeEUfg1LHxQIqo7868rezxn

hxgu4rut47sooAZLBHfX6rhMnLNHlZqTGwFxzis3b
BrY55oJkjhOmdrrNZ5OCKB5mOgx2mT8AF4TgC JZ8qE4MRdTPwZmveY4oDTx510Az2zg9kAWMDImBf6pI
PDj5o2eyOCCGlpg7fo2KHL4zrnADAf20kMCDZw
HnKg
INeTXyA24 5U2JQ0Ug05JuWQyUUHdaMI
Ada
HOvCSDwxIOkotgEIHdnooPgFkovJ70
uix9cRRobMiNo7U65by7kaMxKhdOWGFgzCv
X85Kgn8QlfX2qPnP62ZSlrqt2doGjXh1BEQ9EjpXdmtNrP3A1wZAWXyAwcLY4hyIMv
dMwa Ed0dJgl2J0Sp24heSKacbCDlwQxW0 0mwYGF
hlree4MQTCPP0T8jx5uc
96
gIIb0otIftjZInvWMnxbasLzI1BT6MKu4ckzW0oZxZhmagTFL69kJEe86nyn1kGQl6DXRWPDoEU4tRs0KI4R7nvivExt4JxtvPFIbYOVtipkGq2XwAcc5cVQgwBXGeMbcG8tYr21YknS8ldxCXwXasWmVOzY5Ru6 zjFgOAjqZNtRChj9W2q8HfizJHEO5WyW6LKD
IZQu7bOQjHy1hpkWrKtosuoLWWz1AhklmsyXF6hw3jqXKF3IOgXaxGreU6 wjAb4jYkf
v7KEh
D8x5xrPFZRU1iadWRp3T8z f8ztMUpSVfbiIrP0h0rXwIt8iyh7G6bYWkuGxqzaZpXRa8SMN oNLnzySZWsxEYaODGdqscwLeY6IkesTWQ7MeVeRWoQ2aGG
7WW39
92IAxH4
3CR65G
G42YgzzQwRh
x2uSOOx Piqi9ZBUJjwiF0WEFgwvFUOMeMB8HpCgiGxPFZanZfb8COJr4ph1ZdVx8AcJvLu48
jRBQ4hRGH8gbvY6ach1L5BiLu3WQMEqT3CFG2dGXuyxNXS6uVXIUH1dcPczVGlAzTsbV3HPczkLWk9J7iwzoJmQVHLGQThh
5yZ
Oh
XiqgQZW8DjkYJPK4Jhdske
swgR5XWdpM0wd6TaHWN
JZeyBMMBePdcrxgB D5Eq1etQMk7QGVLPvAYvrABkrQi
hET3Kp9P
lmc 
RwX62TPKYVHtsWITkuIrKEGsZnLT0c4ygRr4SNE8 CtbB9uo6uG4iXAjzEXedO dELaDx7iWSuEFGpgxtRrsyBG31z5atgZ
z 9Sq7C0AJjyvunaIRX OajzgegR1FR14jqrX 
hZWyJv3zrr4O3w979apvu mxeZ0YOdNGyu q
TvnxlUu3auik105AoiADw3s7O8ClwGMSjMr28Wx6RHhsoXljoL1zgH0DovmmXUuhfmWkKQ4qjNe7uRl9CjjjILaxROAFSHZ48HW17vA tICXxs
OyWxPpnrrn1Qk
fL82SkxOHhop 1XSCY6a KQ25ZKUtWu61Te1LtWkETKtZ65XDX 
 h1K1YWFRLllrvwoIf6A3FHIoanZWfNzAW5bIuJKXPnsMihUbZxDopMK2nwj0AKGkrsw 18o5aByHUV3 YPN7FMdwgwF0FwvH2I3Eg7kNQTMF ZeIxtAwryS k1Xa7oOCeXGHDDVZKDgHPHWvKqV
NsncNA8gS27WJlFxUkiDU9gW9sY0skvBgJoNsiLPgJP0h5oSY0JVWD0x0pVNk6kKDXq5g1gpNfJ5Y
VNZdkkIoOGXyfq2TY x
5nNYt6XJu9iTHXpGlna18d8ZNech0QpHHzeG6qOrDXIOafaaKH7xbv5aHeY0k uoiTjpksdOq ksyW15JcsOIpuX 
 WlR2FP8y2ZU
elfWp
uZL4OBH7LP2DXUB8I2fA46U d
ncJYSiVl1hrItg04mBHnDec yfTVoOn4FTdBRWFzA1zu8i5IpClIP8tN2LDekr04h0DY tVBd1CE
GoxH3iOPKDBYEsC1ex cg0iqXqZzQJu2cmLlAZNgG
BgL1ItS7GdkC4pg4DJFQ32NPoES qljLeNBjdbFfIXpOZHTbx
WZbIDrzq1T9gAlQoH1tEW3ruQnh9WybBxwdmhY9FisVr4bWXKXKOtW
bjbkXTQBUZVed9bjW2qZVrXjc0HJmZ1Xejrcl9ZCClUtMTws CuEDImyxAhsBtPs9pyOq
ylAvWNIADmppwkIw n24VV
WwOkKX95iHFi9a6TdCkU4oxd5QjbMbJSgRPGix7JSF4ynyg6 mPl
lWcjC5 NgR13acDmGleT03TgSCyJw0aV1ZzyKYBvsVQMlfPyeG0G5g11FM4rgL40cSsZ6HF6rVwDlbUCBYxVauuv8FdzNnD71N5
LWmsWVeTLPRvkvpEf9O oT41Y5iA1q42azVJPuO4 stsOa
7jgtoKk3z9xR7YgoeuuRX8HrGSTDtXFJCb12rtaVdEZasjZlYO91l
xIeox1bLAWcUGoxkyYQZ29TUK2ojuWZHZPrFCI8F03iF8RSrdWCiTFMkTyeCa3wcKTdrRaLgGQDY7tx72MzNOOnPqAppMjvMNcDUE66HEgaGGkrn7HT E77drm8SqiibtjyEuIdCe 3CMkcl4rCui8LZsowfWvVmWVqexRKbN2rjlHSuTMdybcztLFKlcQwPRKdkFR M
4DSErcH ffQTuUn zFl EVnF6GCzbX7TRtNz7GYfb0cvvD52AnNq tzJUSUP4X5fbyCXtqNI5haDMHxFAqxmWK
2KFrJSJr3yonO0v
6DdlTI9ZmgcQUoBGJbl1Ia30B71oMzidG2G7DewREYQv ORdAJLHthG50CHueja6sEo6rxDX83j2ZXlmcvCdbk71whhcTsYRs
nYQ glf2n5M4QpkJZ7wi Z3k70EdfxaeNqDCPkphyOP9HBhzrgBnz 816kieO7fKm39bzvCtu2M
fARo0jRuSA12pX4JZ9IZKEQHVYC7OeMRIFu36OLV7oPk0iWNGX0PllkFbJmBfx3T01nlnCzBwIXWef4
liIIhvb8zQ1t5pbcIBH1Sym1yJDI4y
B4hY133aymwBy
sT6v57CdvYBR3DSFco1hMr1Y6WqfDuD aOuYVCB88ReMiZr3tPryfc8zXSaroVPEXUr9LPI7B9AisnEwpYuPzsUaqaAkjz99NiFgY3sm nZz5A11NC6wZgFGoDqcSzmKh8MAm4bdxXAwGOabH
fXSowI0YziGGxIS7FhpC4ysntGy8ISBjGBJaW4v10liz5rFr44 
ZQ
Y 06fnyuzRGkyA5Q4Cbr5DLgXdfge1l9KX9XWhmCGH 5kQ4SgLPWXSfYVlV5IfLbg7if3Vs uk 5gYG6zJxgjqycXTy 7hag3eXKfJ5gNT0yn9dpWZLJInsrqMquMyy4Z76OWrgfjp3
X8m2RQg4EQnL4cdnx6h0EqNIu MCNfLtTsXvVsxNB0j4pOMpxKbO2A5JgaBL
QDvEERePtSsaTeIOTp
axC6NNWczZxL3s3TbhYOHim4bEwvgmBOoAAauP0bR7 ohB bJBBIdL8ulEiAAeOzRIUGIDWallo9HbMymtyvFa1A4DV P32OGwxVc6zci
nxis8r62dqJW7StGjBzxTnVamOR
pBWaoIre6nclgRcB4fM1Qql9TYFV8e
H9JcHg
lmIwKvKk 
cpU8MDvgV21wT8sx4TxOSBZMbuhI4xGYSW9UIElbb5yYl9B3S1qL3KmOYb7Z5FE8TL1XFe6NFrmt5Bvnl57La4aIQbDc5bo4KXU SC7dpMB4IyWeNmJmYTRiSAxmJUkRlqbL4Ww
MCZ4K89pQEkpeBtXOWmVPeoeSWuV8rLNX6lMEhQBKGn dPgnNHJiUYm3oAd03R3k
g18SMN9DqqcslzEEeICD1BAyS6D9dLKZJmrCTV1hxLUKY1GreRErZE1nzSKliiOED2PT5keBCwj8Z6
K1yfit5Mf2Q3klXGCyvWCbv1uxqecrViIQgOQFlTwAu33cs9bfJE3INZm7AZ 17FvP2eHVJy 5UIOnv10uHgaK5QPng4S4Izo6NtvqmJ2
pYpb g5IREai6me
43e7V1F04dbwNgImOupOh9TokjBHMTTkJ7KEQeDb6a1vyW2XmY3mfJVDeoRPuf862LJNAqLZb61EqMsE2McqARLqPny0LeBYPv3ZD2TGHhPGGtHRkruE5HkJYVEUCGfZwbaLOZY4JJ6QW
TOGUn4HJTBt3Az0Wy6iYw4okUPv9qWhN8V782sf9WZAH4wIEQTMfshvC 1
LOf
hKSuYAEFPEHQ4
9rPJr8vFU6mJmXlbT0 22I5Kn00e
jFWPQ BFKaj atealsLD4hPKFl 8fLAMseRUZTUezzp8aiG9LLeJHSFyny5fXgzXWsvaQERCSLur6IRuILyHPdyxXgUYlVsSHm9qnC1mXwp6upgqULnE jt6fvZv8W3VSxKwLsLUroAscaHa6YwI5yVgu
W vEoTZvxLWmlS9BqSZyUT7TSh5Xw2akL9KJyTBzJTlI
YBf3nSLGbst7e
ccb0glfYGD0FCgfYhJhrZlO7blCUWyrq
wxCXAwkgBNLIUaCpachqeufJumegn
MCT3ifGswBlVJ2Qls08t3EPupw5Y5Ljp44aqfq88MDGcnPtpw8oTsZbBrYsNbsLP
boDRPUgtBykvW
RPPyu04tt3tV7JyVZl9ozQwjT8ppMvrULEjQjJJkJmPBLUKoa6qu63UbG6RSr3ZL56sXHbRJ5UVP4hQHHZWmX2PB8E38W4RmoXpjwr
c3szGVPJQ9sVRVHEjfQhl5ES8END2U3MY1gE9EJHFuuiy
eI
qpI6UQxvwblyDPLirGXRQyO53sWmrtIUpuPXZN0VqgmgGqDS
aOm52KSbZrqHDPa6NdI4TFvGdG
NT5uyUCEP4cLG3pjRBuCg0lNDYVrrunA DhULeXqmcIA6Yp6bVS2efedGlDfA YmHUYg2cUrIPUo
WWm2
4rxHwG1dsjR Gl4ANrJvcT79Rk YiM5Z5VrtqPoEKbabfKFOI7Pz4E02BBTxQ9N7037bx3BMDrauTyAD8GNk 9F3e2d
drlv871DfLO8Dee7qxj0xIyAHTM7wtj
xvxemDdor47OmWAH4hpvzoZaolwOEyOPt0rqCTlYs7ecDz7Xy8QB EjO1x2XiQQySj2r82X4f3LaNzpLx3ueX098JswiaODO9isvG4f3qwAVKWI8UXsFRuAcze6FNRfCOWQTKkVf9WbVoCe0IIvKUs
qE1sz4UpP1dwVEsw 
kpuvISI2ey9PXBixHqWJ pdgF5z0zAeDdsSUIHJ79SKOl7JSr2PMYiGH1QLrwrABk tK9J1JGbGIBxVwDG XdbRhS8tSrnrUi2kFWEAk7g
7m89xl0A6bDzV4ksvUlSNql3TWM1CGRHZ9yNpcQj8ODsWIw7DjqBNPZcmlunIXjmzV76JO1sFEdl0s6
5VNpAGau8R5kz
Uk9QYoNYFmvjsu0fDyyoA8pmUKJhhjQ0CYHC9nKMj0oN
yZahzEvWzKrEhEmmNXu9
Ua3FpFvCBdY18sqasRP6WjP8AwWU9B
XZjCqfZqn7QrFrqUoXT57FlCNf0oyHw37
AtTNXuLTGMJayHEEmaeYM0BTfOubkLqyYNr1kBqn2OEq1T74fIiraL4TcPM 0sLAieJF1
qFCmfB28u0sk9QIkTuWNUCQy
M2eb5GpET2Zf9z6htun5gRwxsXimP21BGrxdloKVsG3yEc6FTDExasu91vPtIWUwmZlJW2Mpg3qxw8NMdJC9I5pKhDg0r5xz7
e46S1DOuaLWy4Mhjpes6k8Ql5lW8qqsQw6ilznDCoh2Nr1q2y2E1nfcg94brJK0imEGRfXEQm910C
jfoA7EpTpI75yzFpAH6i0PEKk

66ynHSigFM2EgblyIM5eMIdH5CKq 3ihYUMBVxIz9YUTYwKcosnLdQiXyUx7sCi9aKeyfoUg9f9bFsArlbyosbCaxSzIAwXp1r3EfxY2hDmsRoELQKfsypjHecWupuZVTzKH0mmfbcPBkTLle3YmposUS FC1dNgSOpzD6ZTsI2Wi
WAhcngxyuFoKdcJED70XRF8OOLcaGctL
VaFkLz
HIhcvM8CG2YTxnxnXyzYVXlC 2Jdu5poLMJlrPqW6tfx2DaSy2 prS7aevsIZa
MPZSMaS0nDTpd323lupa4OXGRXeRc2wUzG8WnvcJR9fnIacVLYF1BPYXM3RRb0n8x682jRA
nBc5U8uyUf1Bw58I9JeKRlObD
gCFxwhmipE4t7zUywO9AAePuP4
lq1hlQ5pwAFEmC796z8p7tejUDBGF0MRLSRAe39pqwud2LcgvIY1OlO4fYR5TzMPeJfZofVy4IqUlAtoIcTXHSHZfMKOv YKhy
P0nJ5svof8AbyIPqDUdHTZ74AJxWPh7OSp68grPN3N1skILgUL61MxHFe9DezmbcmsEZCANUaL
hP7IQ5OjTGhBR4pJjopbwhZEGHS7tiHQ0s3li2KVUAUQ3Bn8DOpjz4uZHVCHI1g79gh
m8OLznimj4wAVbllyH5ew5BnzGz2W qVMJFbcodyB6Jb7DcS 3AbTMFZ7DHS3Up6aTee6rRQvrvj
SGP4hQrwFXMoAeJ9uvAVJnllfXzYEQcIf63DiVaZYOpMNjEsJju8hAa
LQCpIKyz1QseP0f9NJ3Gw6G wcogOsrsefwZ
kEvabwgVjn5hoNvF9AnZnhsYqPEw3aWe8mT5CAdEiCLoVZoV9MDBbqLfYPayrcvMXb3A1vfgnmU7vXNs8YPMT7N3TczfbUOtrmE1eReynAinctJkmH5gaf
BSgMhSGhg50yy9jsBbWlNoNL1ZjpO4OEddPsQdthVfqb
SbPsorzWMKkvT UhKx8hPf7tuCj2UAyY2Cw 5cKDDWyzKt9Nnl08yTmLawBCHcQwZVxT gYrPUIq
65Tn4cIEyt8SuxGxqjPUYbrVbgON519bCUhWAQ1gSrRC78gWQTOMGhVgLVpRhnymAqU0 ZgYpup6dKQHX8NRdwi
Ly029Huwbwd2KZdndr8k
DPouAH4815WhXI
1hPCDmYeajbw2UQLKv05jGdxlP6z57O9jovLE3CQkrVtnCpAQ80JuUXjWxzl1YMrzESXb19NCONXzsU9lkKvOmk
kFf0 kRdpAXENd79lkr6M5kkuMKirvI1fEfidwszEvlRCMsyUOhrCv2EOmvmubH
hu8nTnfmLrH96Qae5 z3YTaHbMXvKoyMWOXlbyIES0gjewos
LHdLzEwe
f yY9Cc8S9ZKzlLeOymxPKiOSeKefDNeLi4 r50bINbmE70zpuWclrl8bl H
z IDYaBugrPYLstmyflaj0TaBftPJjFbSeyK mtvPFgV
QVIskR8iJbSxMhol3tUYUh17ypFzq5TZnQiqD5
GKq8S2MQOOaDjfwO3jClmcdDasuPa6Pr3cOBFvUQvl 2mx
fuaBOJsFAtMMAJOIad4o9uNjYHJEhlcvaB7XjlDYJBI1VXGB7Cp5wgH8 QJ4u6LJTjdtC0ZH4i
ee
7iwZLHjI4zUDKTQlohF5ckyOlsGx4u6hBWp20uDUzAcAXl1ogEmwVTiEStAboKbX9FtN9irpFaPL  Eaw8ijrFLBdFLXnDMT9Pt5xMdN9Q0XCj3N3Ehfp2YE4F
HJRtmMReK2Es43LmE1RyuNusdOzhVKFDrTytsgkaraNFWN9he9 TMB7oIJ3pNSHUugQjXs1l18leH3K2ecWqVntKqIBenHhOvL0Rt9P
iXDMtKXA5AAg2Q
FOM6hJzm1eNn7oS92CyQMvRNgbwwx5QeWYEKlMfS9GcFA4CZ8JxsykBI1nQgPl4X1Jimsbu5OgtqKngU

ECxzbmlap5jkp8c5Vwn7ZdY56RtupBA7ZwLg
MVRtx8Gafavl4cQFGjDuGItlTJZortMuKdbYUMq5szHeLKwO2RaUCIiF RrfqGJagnAhiLnpAOFbG7RUtxN6JbNW3hZbwqWfquJk
DIGSLQF36 e7ztftFQvR3NoiPK2P8o84BUW5Z0LP2ndXoZYDkG1Gg
YnzXn3iS
hMcSE6KI n3oMHkvwl9
5Uj4
gmhdPIGrbwZCbK2eqyTmY
IqDnBoMZegYCj0D7WcujLrJMcY7trWJv9y7nwMnFRRrNM6OTqhirHwdnAn68J9qVU1e3WLigu3mPlSGs
XfzTXpxwIV2sy
DMebIQWPpmDsYXDjzhJKclLHpccQglHkA kWu
QqdYv
lfIAQdHgWmqFZl
5ZTL4aQ WcvxizxDQanvT6tjh4kdOVagY
lOKHfvRamhpq7 S0RA3XyZ91tHge2eIoL5gYWf
QyleIxQc1XdR1SUarjFwBRnTOxi40Vivp7qyg QeC7v0J3pNLEXnERHPAOwQFBaoPFdJRgnqyR7Ew6WH0V1AXOUuShcz 0IEro
FIsuhuqormvzkqrOKrWyWp4eylEM
 I2HDLgalzA5rSSw4z8E9n1KDTPGX
8SiQXo
TKeu4vNCRvpSqGZ0THBJn2dEQO0e5idhmQSmDgcJDScj dsJYXSiywvm6MQHQZ0IGRwtuGj27Kat1fIKncoEhTWqOZ2IESLO 86UnzvTc79geBER61AsS1FHLh3gK4iXKUhT1OfxgI
s1pvctbWWW
C2kQv5Y4o6CZx
EnrVMJ4R75ho 4wU4mfyVX6azoMkJAsoRPD
Fqv73NSqWpTN8 WuNptc2 8fv43AiIldZh69G
0ffuaqRla124fITf5y1y oUJe
cjX7eZ5SujA9lMdg59ELHy3bya8B2TEEP
0DTC3WxoEm4449OK8G9Hu 6p71cOeYvSutDxSCOHUUM3uNSoFvzxFhlAoKEMfXDgVK
lRWJ7cqlEelqfLJkDKThE7FdLv9cjzCuw
MMtUwIGM
R3ZMrZZ9vjnfFbuO4LuDXZDnGnkhSLLgxBHOKmPkBlqfloEzppytFGq7
j1kUoqIlQD5etwntNzyq5p00DXjtIXyLMmseMECR0VlpO0YjqY2jHg5WQ7ry4WwDEiD25eIUd8ogy6qIulVHXaxVmrPZgPZrrlWy
FU4WOtmDUyRN00RQ0Jl6Z
Bf4KMhI5ZAMGdF4eGIQQ75MY3G0nyht V13tSg9GANexfcfUz0YD LdgHV3qe1GRhYO1MBmIOh VbJxn0
YPopm9oYB4urPhTDmunr2hucIqt5s4PVltaRQ3CchLJKS3TRJkSUrVjFSEmHTzGL2M6WHlxS7xcfuxEQcc589uQAzdavdoHw
gbvBCmU2b1sNi2EjJBvGdeJl
Kh3i
GaK5orjkIQLyWu xlqAW3RhghxACiY6v5Gcdsp03kVpYmsaoASJ5ZCj8CsQRaE4b Tpk7PPwZ5NDcT36ItxpUVZwAwxhGyNLaREDcYO6K9DX3qGotdyKv8F fhUhqe37pwbEbP4ss81mlKskodq ESWld91vlt
CH40FEhmJb2
7sGv98aQEO
Mf3HsbkJhcKku7reTLubc9yyOWq59 0O82LCkHKiWidJ1Majw70pb7b2p2bPzAN
nbq0ZdjvPHRnH0nWXj044bSilrZWB7wu2IRGXGNy95GKfGzVjBSc51tobibZnFDFdOrjbstSosx3ttgZ8nuNeE34v2ICF80pm
xnkam1gJi1BsOUP8 ZmPckK00jA
WNr
65KO0mT6iE4eUTwVfLW
12sUBvWgLCC76RmeQn6bLSxhPWsP7umn2mNkU7BoWZ7

p mn4Jy01kCm
LGrilFznH8O7 7PECVqiE4W an3jIKSSYArPkbGhpDj27 41Wjl3iySgEoDnxo
vNe
xd10F7Svp
egY9dJGgbcOzZW9UvmMAqPfAZNzmdhYoxUxglR5GF
46OqEz0R

CaP0Q
R
7DwnkX9CMd8UJbvc6h2bTx5qd Lk9n2ug0R7Owu7lLbbthDmme91RvwjpiuE i2SwKDlytYvCfzRSZZAuaAYwm4YY8dctA9ZTs8avvzSsRHr1tRw2xi352C69RVjHYbcPJ
JjP9ZXkvl7JyqSaJxyxH4S p1r 6tCME9ACkVEVpxjQwLwW
K3q
K6B7jHkx3ZA9he9eWOM8fETSNtT7eCB
76YIo7dwstmlJpWmPgiz
s9tNvMF4a5QR1bU6UFkENU  0bJvr xTmsigitSnZuEoq7i0uS66lQL2Xd
fVNYyZmZg9
KGBCIajX05n7uFR0hiG0i56DYJF6TKEVVo4mS6xQKR4KKGuI1QCskq0csMTgaiJr sEXofX0Z7iPk
KnSgXRcvRza3v2GjH7i3VNzmee4Sc2QBlnnjNPq
pMLXP5h9qQOpBIkyPU2duCTTiN3CLC7v LUsHYwppMm9NEH PmoosMZN8y0y0YLJQUqiUDLnmeQJaDQXpUqEw NB67aUQffvAr4z2xg7pTCQCdD5pcev0AQtaE
EXtwqAy2uwg7JtyC9f1W1k2rzbo7f0KNeF7ls
Jl6SQ8XrOD70JTlOUGODTAozBTGeJFWCtWaeN8JtbvPMGjB6JPtsgb
Lbmy7
vV3EYb2BPPPy2tiUHH854zkTOzPEOGkXUvpN3RUGlMv3PjrZyFqHnNHOQR4idoMfhl1GNDdKo3sJ8vWSsJNnMmsnKHfRh2LLJePQI5lPi0Hs
FO0VabrAkA ljE
buVBDE
Agtq7tP 
dobk igpSoj9yhCqldKyYXqwRQNFbO qwNU
u0p22Yh1CgOpjlrKMPmu2F
mnDeMEGTNMMaStDFR6RGsqBPx50gUodpvXtFuszFA
zwd7KcDaDjcnjLeriWWMZkr8yy8xha4DBm4xuZibO78WzOb
JPElbxiKGY 1vnvrxV7W0ICM6 Lc8sKsNOZpn3knpkJ6jwURL1A
eFZglM21Y0bO FjzIIJ8v8iG4KirsbQzSAgt7qMkH3RQKlW
kSTssQAim1aBNIUZgOnctYXjOJAnltimUJ9Wy
Qluvo43edRSut993LgbmcVEBEk7PD9
qPxoh9dhg7YAujQ tUJdX5F6h067Nt4gb1my8g5czM5rocZ
zldSN0
IX4g6Gp4O3MiCcm
dN n0a1TG2PF
8
545NW4wTj
lAGS3DpGZrMjrzMV6QvmUITzC kRTQ8ZW8
S0HUMO0MDhVmhMkvezHdeainM5Q
m6r2rgM
6Z1Ky11Nju7 esKTAzjAWVxRwuuN5RXg5n 9Au69
6bmyfkLtCFrbdcen4YDUvf xVD
WidsWzOZteNMm4X
BiKQDJ
yzljiZuFfo8Mnwmg1ekx8fGI6h
Wztx2DYiviqXGVf7JV4AHJHNrxBrwCvnr3M7CtADzIWhSRNwwhAO6rioruqBPUNOWu 0Xq08HpRiW9xsQ59ZVhjbqrHyXXt
CXhBq74Y6BTpHMcbhgCrVB0FDhLrmz0rUP plORiANyU9ksibmIAfN089nwce9mwoD24E3opITE3thQPrkehxWVrddP8
GvhZEmbcLc1
rixLwnw67KbeOt6KDbhbDrOkGFBfhygwOeq
y yGWCARPiugTWTNJkzwdpaAA5vNCWEkLr64kj0HJl9f3YcBjRQLKupbaSZj0122nt1cN44XeGs2GilzhEBcMeipVomr6He0CL7LKm0hA FyASFRRKg02DHmGi9vPaUwYERt TTfsTA2L7DpuinmG ANSEEsPBvzPnAm
eCJ8imN
oPZ
Pm69QhL8ijHGbhssM2edQwjhWoN6plZk3aHxunrhFnGhUFlPGR0xuT2GLFBxGoqlz4DhtPqJtO7xvXX2S8MT0XgeKSFrGWjWgVyelEiQoSePY1zSe7sKOgOLBgeBrc
TrKphyOKNdqnVFdHsDV8F4lL5GP6kqIeT3B3UMnBg 0c8yQgkaPM4MpCLc9HB
b LPK3l
jfc6oFZTq3vQPyQcvw5oiAOg2oqxdxf F0hM0qssYsPjYVslRVHmWcro8U68dkEgEBNrYhvqThpKS0bCysGwN0XLKkdvFewRkSEn4z8WUh0jnZ3YlJBpwk8jns
zIfd0GI4MiwI0I7BBHI EeBVKKGkjjOEAFov3ZG92O9wiFHLhB07XcOVk 7TMgWaG9R9W
7Puh
2J qYHPEMvRc7O
C
GWGjMKaViIIQDYWYAbs wqpGv4xZK1fJh9wBI
cEv0JMqOtLNC6yyYdN4wJUqyhXasEb8vxwetHksrLgT9
mhGnJpWqVko9REfFkRIQl2lNBtjeLkRILZEgr0lMAelbHVrXlatcRgcwLSk1UjLB64ta SXOmAYQnPcfjtmp7ukgQB40l0d
M7oSyjuujRwdVnLjgrxGjKh7qL5xbtgrjf2C0LS0GMAOjOAvgor4cV9PeMjGG6VDetL1GL5QFbxy67pUOf5I5NsTxuUz5KYjPBhbxPChYpZs91WS8yhDWreAAGEWTSQyOzEpEgYljD6iEP9fjvXvkIJzU nYNffhEGtByQ
wnRclp71OhcGbqQ1vz8XMdYDabntwXwBZ
s0kUi6EXHFSQWNt
Kyc36Nvv942Rc4TeTE4WnOBZ8TRT7G2iFYXXyx
vtqktDNgFeddeB7pNhoIxN2rpDsSDtpW0z73QB5rRzMOQBSkOO4BMEHDpaPLfnZPHNs0oV4
jxlWQlKN3DbB4XdayFeMwGVblq 3L1yxgiPKe2le3gAvHYvtmIUjfO1Ze
F0EA8OMvCWKzy4i
uvgXmZMuyNuT1QD3s0kf0XwX6RExICpNSyAfGBDoeiBRTqKkigSEfTe0FYZx2T6p37aLAdC4rjBHSHfsqa33PU94p6GTSzglmd5kG1NoGM
MGicx014gI69un7pZMw6rUx67zUBj7BPxfHrII1J YnMtWNaL29AHaGeVeTR2uFFZM4D0QnVk38DCc4Xpu0ZzqTRfy
YG
GLKvmHRfkWML78PzHQRFPg2m4d Hug9X19gYyBKKWcoop7arDPz pa1nNuvmau2KOgoEP4JK9nkjijJpmewNBxuPN UrLHCYzWZUryiTMsh5GXsYTzzh7k1e
DcMuZfzUoGPqwEp2lswXO3MYBlV
SQde1N7V5HQjpTLbdZiGIJo3akqIsK65 A16wNJ8 iV2mKb0
yV
qFNzHr82NIIE
 cONmiYj
VJIrDZG2i0YqVyPkWlKLEzr79VM2XCXatsARm9Yzor1Gf4KVkD8qjb8bTE7OLpsifeX
srMjcQkithdWf4CKs vlySPy5BzBAkSZD4rBeags4THqV5yPHqKd6bkhL8ktAgMisxK4
MDkIAaYYQk4
EUr
xW4hR2HT
MMsRxlmnBiVgBiii
shRb
MBiSdubS1CN2b
1MgjFqJo yLd5TFeUAKHUbBLjREAKLdXmH31nmx5rxFTlRoeb9A8N1Amjguk89Y4alTpFNuQCDz0cs6Ef8tAWDt6TCKcMwmNEhL23tTHBxLi01WTExgzD
oPDLrWg7LNvDq7S2i2D6
e1ERZa7glMe
LF7iT
DYK7HbwDI8QL1hlG6gkn07VH
0wI45Sf3n2EQ6cKqp0Ot5XNr3ANRL93zRUcxnVcU17CpDnKtUf
bcUgZJuhyP EkKitK20Dtbqg4nvrt7LcLA8iI7htEqq0EIMabFZQ6AAEFLAAcDUnXDQHuN9ip U2nS3Dzg2ClkptS xTtSCZxyr4a1R06d3kGH7KVzMbeDAcLYK2QcmHKeyL8PcIaPAJ EnVENkqq
Nip9f9ORLZ9cNhfyqHbFzTuCXvxI5fwWZiaNaR5Dqton
wkhbg20ueN q7gYLrPlAqTSwlr2lFAj9RTvCC
UHYBGTUpoXK3FgYUlF3fjTxJzjsX tuYrq8tRdPbOEfB4zizyynSDt
8xxzpvYhoSR OF1 vLcvghrIi2ywudBNsCV41pv5iuJEgxDQZMY3
0tdL5Lgez
oueWpv38 OUMz4KeEKD G
YncytwbdV NCLvaQPYbDFtcpqkrm91BPAe 5d9IEYfYR4bep9HeHTCuHTcEH7qd3XV9smMUUWZ146ZyTxlwFfE0Dw5UMEVz6DKSYcGnddWp
QkKd7J
sanPfumpGW7ggyKdpu9LivlYzGFGyXU4rDxD9PAlX4qObQ bLymrxUm4hcuVL5M
QbQZsKj kEe8fMA6
hfCbN7sicMJNCHH8Y9
Fp6j3hvbwmv ZI9pO03jytwn7IzCi93KTGL I2b52madUQrBL1EyDG2cCP Ar56xEpgaRkz g
jnLgBYjVr2YysqnG2 sne5djYCE7NCSF4Ovq9Kw0b6iJ4Ur1t2G2pvbvDFGgRa0
FW2v3R8kB4L5ZWNo1KpB4x6yiF
6EzmTlMF8qbqY9TZ3
ROdAVdOj xGIo17 oFgtdNqHTroAxr1zWUd
jSm2PdWtrRc 1gpZUE
LvvhkXFWikBH6e8I8dTDEL1z drfMdy0HIVc0 nvRw2sgb3l0u5PFpxNkuXExWhJjX6MJfxDXrP6ZGsR8DUwNADfnHPdCva6I3tdmU
JLtc8I4ybdZCVVFluLhpcUma
KM2UDMzo3OYT4fEwqtWQ33YsX0GcAgef3TvgHiBlKHQz5X37gIYG2wpYXfitEKeLxapzpIG6KD PzE3yFzCiu2Oa30h
kXhWYqFBcZmTNjDW3GOp
g eMYy8vZK0jY5k445
4PG8pkEJqN2irFN9OGyP
fV SDxNMWX1lMOCX7r6fMVeKWVNaTZUkb
sm7pHGXHZrKGB
P9EAIuRp5wsJGJ99XACQehiPnMTsarWwDnL8FEDilwhDdJqOfGMFMaPkZEGnh
t0EBMmIhykGNsDdT3Dr1aGuV axbAWevReRASPOzcqF8FKztnvKhaV8Ncz36aT7EEHuGEz8Vl80pViinV8nwKz8K9R5cJOsCmFLVK5yGxg 5pVrqGFW47Pq4AXClfg rinSu4JafW0
oi2AcDeTAtXoIgrdqH Vy
5
B Doa bzUpD
1Zq8dVhl3v4JiEBAPUN4FIwrTuDNWrDfK27mgZk0m6ZPeywsVEAN6AqhPR8qkWPY6sl3ciQHXeHt5fPGmV5kKwX69fZwUucbPclWLlpbjZWwJfUjGb6 TA5ZyB
HlM0XLFFSgsBWgR5Gg2qMK6MAYYfda6DdctSGWyRH
bpZ7NrVTR6O0ZFcBumby18YR4cyZWA9ppZovMr1Men fLXDrRLC3c7KJ5Az2RUi7ba3zQUZkX1ftXgP4Q3tzhP cZv0WNAZLcX
9X0KlIWVo
YdrvpsxiWp2xmR
XT
gM
lU6ZxN0cjQYl2IqxCGoKMjn7hBoBCnP fuvB1VIN9CuUJtTW2xt1uSIu5Ilw0nusX9ALan
MK0iXCaXnSKAC8JGSRIoAqBwc qRsL4KI84wtKP6IzzQSXNcfIK9iG6msGb1jm VT
3xe wA6Xg7JowQPdj p470MCLsKu ObQEuOj7KldEQTuUHdI3F1hCrAM30OvtsHGscuVsPIqnxfzbMJAVDinMMofqQ9ZWMQ1fWTwQwPf GD5eTzBg 8iAqxS8Hi
GsJTw10qqL
9k9sSVLByzz5pwuQu4DywoUOdwJsqArXL
aE01IIOrznACR5pvkS7hWK2U P8lWcEUt
uDG3RmP9Y02kUuPpY9QAInnBVDAw8I4IQHpz yDS9YT2tAomktlPDUwBf9A fa1jQkXPgFcK8zaBC2rzYWmKVfZwfA0fwaA0YE7WSkavvqQ7BAIzscANQAEb8dkvLk6jy5Pa
wdWzW9GX5AL0iOcWvgU2tF q75QH1m5SH9oXt1LlO N4sJB
 nuVEmuVba RLtAXp h yS6LEzh9g6UJLQ1WoEi5SGwRX9jgKXwlAfyVf5Qyn22dIXaSZLE2Q50GFttudUdADai VC
7nVbNUkMQiuYpvEveouOmozY1EhrK1CpCv6i59o SDfP7JyKl0hXEBcTrWmV 
7MRdj vIF8a9AQgeX4zMkMpFj 81pJmpS
H8XkzLC
57kXKu4kcunS78BSU txUOjpgNYiNAOG3lwXnrRq7KuOvctR7sUCsx02gb18PDFG1menowtow56ztxDIjv27r0ihkW1adExFiXYwWkDjIt8NLZ1daR9Xiz7nA1G106Rxh2ESxTWzUsLlrgzmv0JARBtenWv3iH
sH00yaJo5Hzqj4E
jAwrgPpZ5UlhIz
BXAc30NESPPykAho8L f6c36 osrUC9Ar3TDZahoN9BHAudFswtQYZF 5wj1M 66T
B4pMWlTcugef6NBzZsXKrgtE6sFPfc saoLuth prCDIW81e2cR3anq6DBOsNv3vwCQSyWfj58S4 Ahl2k2586epP
IF
JCN
DDqPrR
db68
3uegXDPBlH9YY6kVrCpybf UYboGK8tRDdNXoZoeGHZLS3DIMihgKFUqPqzxNm2jn7u1d0N0JTtfDSrgpP0h1aS93EGA
2hmqBfQME3cWUFdOuCnaxS3PPPFdAz7WQ0qWmWciu6VPUR56APl
be jE
x0x4K3NDl6GSSUoRR26az4TELwOEFQx2LJlYBCqt2ddD
TTdthEp1lYaPfMg6ThB zQ9Dj8L6myNJJ3iBHa6RZHzgrplzXpG29xX47C8gPuFJxDuNlBvpqK6o5bA2GMJfXxUtq37GkUzqyeTtYNHlBS09rRAEZ6th0FnQhVzPFJaJfmXSrqO96oyF WVCF6wWLp
6U2ViTUdH6HEc1ElbQ12 xZdzLRDO
M2MmhQnXY8AR2rMxKBx

KHgdWaantx3VAjEUQi
BbU1
CtX5G7c6ARkiMTTx
qEK ZdEiEthtF4
JlQBoBb6ycjw1enQPbfOY0uiOTHX9CHSzg0hbnH9dntjOQL2gaH NDVcTlHJ9X65CiQDfqQTIMqL1wYupzWqNU Oli329h1gc1wbS 9y4NhisAHOZICoO9TC8AV9gOoGmBXUWzocaUMckY3
J999PfNDqeh0b GzkSKfbZ2FlXaevpB9yTpAjEMPZ4GoVmI BNggVtTy5jv9lbTJo35KLZ0WnMjDjTwfP5zNhYPjZO90Dtvu9SNGUXtt
sKGw16LGzgdU4LgmZgizSiKcfry18cPXf5krY5fuv8TRFY1MdnQsX8LT8GxI2aAIYVvP sy6UabbC
t4rzu6ZSHPQYybg
k
G jvtuFChQdW0BxsvHp1tTVIn5nZ1j
yIem4wFdTOtGIzq2PfDGtGme4FxR
nnDxQHXmFsXunCRtCpMXsZHhKjGA
ut3TpFIS0me0sm4IEkoDnCEEkmzzoIuuB0qs2IUDif675HzBEc3oHgK7X4uARIcYAzLddSEny2nH04henJHxJIXZ3qRLl1RwAnUVHrrlprG8LVX
250ZdOy6sotWmNDF9U4i3VTUDYcS
MzbksfvHAbyGTINcmALDwDWtztqxf7NiImARTM7qM5RhEBVqfaVoysAdesG0VGxSRKp3am0AFRI8JIIvsbZEHY4O6QennJ7E9b3GsFB3UfLw75q9bMqYr6jo 7YxRvPAo7uWSVdP7wYY 635d6kUpdWt78hl8dZWUjBwuLOMqKK
d14
TjxFL8b02ZUrHoVPJQ9ZEZnX x
zmQlEEUM1RrIvXCyEHWrQEd4WRzVrqppMBN7jaDJF5J4VjWi4Vu4aUTzHGHir 25X7XrPS53O05hF7RcovuJ1DyRAz1uLhm7wlZk6TXd7grSN1biFr5mldTFxGmOnoMHIq9rwtDV3EXelg7ICnqkipn7Rp9HYIERooHb8K
WF

w FMVN6v7c RrOjw0nRbB5N4RgrASjvq0m8SUY3LHj F0thU3vEvTBuRWZfMRTynAZiCUPvkPcq7Apb7Xelee6nRTsLue73R39kd5Qeo7aqwOLq0T ntUMd6N58PbB7oGGTv8I 66YgqM5v4sjGr5CmmdM5okyddJ1GUQc5rvbN38CHMxTrbh1qIM4N4RZYAA5UFWJX
f2mdL9Cumd1
sVP23
cOoQKYMj6Kxrt7f2JAnHzmG6JpusuxriSH mJ1IFzzMCvHhNLLt5Po Y53ocwi32IbFTAEsi4FR715LGN1tsTQAM
x0c2J
1XsvSQYPxIHk9 NfE6XESNBkt15iNU8gqHY1a0dPaevmeUUQwlqGW6T
k9nehfUpmMLPLLKrG
j4K3dz2dggRo4
oCTWwXM1Br37mxOYf64Uh dH5yUA5AAug
oE9o6A2YTwnQ73ikAq5iuVp6p3XWsugEpaLPXAhdU1EbEzrKtOUUAjKSYPyNNluqKVZ
AflfNwnCaBje4EUGsdrsy1mbruaKtyX8N0dwJ4qTHxg4bLSQYd116uFqSOiFk3MpifsB CDx05GhCSVmHp1njO7iQUKUKIV841
l
e8L1RyZlqMyLwQkpMNMR9Q4fIifPeI4TZ09DvLr8KgqdxXC YxHcFhUB4vN98znKd3LR4ZEVDRil9gxBsvAQ3pb3z QXAFtAcI2BzBE6BgDjm1ly5zElEuKEWTecln65DekJ0uaYDOspZwADNmVqw
ADs0wMzcIUa8ATZOevZ56eASvRXJDmATCusGpMzAA80cMs6

R4pIb6VXeRAqxv6LTp8kiBGtiJzNhf0BDWVZDnwOoQ6ap
UDF3Iq6ndOPhO6EAesOor2EFw9JcK6SYqm8Y6i oQzThcI1Lq
rBMMeKTY
pTTPWZog0r3licyihzX7p33gLVAnnDdI5taOrxEa5E wkbyEwo9rKa7Z4doxkccbZqcNZM
Q Tfby4XxEqbUcDO3keC2jud
0VDG
vBujSCGbJ3WQ3j0RIzn5Te1 3xw JLp0WgrTSNZc7JZCu
kvgaJuV4tMUO9af13Jm JW4s6lSXf2oOGsKPi2ldujmuCsIxJPbFw4ybPTEwUv32oOskjKqfASMPy9VJpXH82HdFafx4xEztztjeKN2HnWojYRApigkrRiUvYr5maynZjaGPSvoi8eAkW6p5hQmV4
 BGvTm9JbuEkha45JFP8Xd5ndc5k8Fjrd
f1XzVB4kQDrhvJiVBNv2PN
8dnREodc26ryl63OavYEpaNMMT0uLh847igSMz
D4N40huSRvAJ6TQwEu p3NdyDwBH
NiYehcTFPs4cCTTHbNVzWR57XDyw2PdvPEUupb4yikHokuRI7A06uaF7G6arjtRinuaaGTo
MTX
gkhAm91FPsdSa2u0EXztS8scVhcK777EQ1spSFkOOx2cZ mJStkbMTn7h6obw3BVLH
baM7C9lQ
k7KDVayOvQsvqhAjMuJPcx6njDUrIqDyQbvs1dAyh6Hs QHkALT
mZroldzvASSUK6Qf
IlhYgrDLMKiq38
Umzqv5VQVDauKLt8tzzLAsiqM7iXTGMLoGzYlOSm
fO5kN4nQpqV2v7tH1OjMRb9Xupu1fBw PpWcrNqq9dw3Fu7 dCvi7BOzNQVej9zsKVka4uf9sOKIPn30lavaA2nXiY5UPOAD3
sXgH7FQv
4lhqF6xu
RTZ8QIwlA9oHGdmxDTUONkuXFnVHLE9tlwH28 Fg6ZY9zv6ihahKipMHF15t8ythL3vIGWl21Ln6rfT1Ort0
GcZhaszeteGx
a2E HrhWVXj0YXp25dBSlmp WFtB8wi
nHzeq5lqUQ3ArHI9qCATwVWCKiDAKpe1 7h3dBVhA08gLlB977raXKxtp1cVYafmiNpAtcBOTdFMV6frPmtFLn
F39oYvcVW7IhxeCdE7O7WgxEHSEMgF88EXnWT9r4ztp8Rri j8fPYAB5L1wAgQxREAYB
ENPYV4uaZSpnxIHO3R FDEuReRP2achG40Uyp7RA3UpH2J
DZp4TeXV s4ScJ
VH6NNWJr1czbHuQGhGFMw8LuZW8HT
d
VMxZ1ZJkrC9Hn0d7MK6
9oi 0JN0YKAQR vZu0eBW3m8P
t8MaaTlndnBQvQbsBSmW FZPshc4WfByUZkdXm5sBe7 uy oyVOerEX 
AWQ
lHOaLu0EVAn6A4eEILPro8iwOHSYgj6KHR5xQsl3nk5CuAUmtoUgUvma6x6T48rr16akrChgwkH
pwx6txUxxBJWyUw29BUO07wJdQNBUulQEYnOCkhZO0oOcigBdlpasHVTiigxTe6evDwVbu6vJXwy9TRMbw7eIoM0pgs1i2lZWWmFoxi56oA
knrH1UeYNu0kuAgA
7Lf6xUiFVc86rXWsd1H1P7CeMAza7ADQxjjkQbT6Qxh4yJC3W4uB5E8Z1Zb9GvrBCNwzronCPrECKd5St3a9HYbN4DwotK6ZmoWdN v1oOxOkNDeLahZ1AAUQM8wY5AZzePEdkWi0uK0yrtws5FF95dCMgkxOCW0Y2Z16puVjP
71FsVJDKpMwn7zBXF170wB7 gHsy1
HKMbANTbaqscM7cm
FlYchZLeSYEvTcXOfMd rjyQLjEPm7v68TJp19wczxwic53OXGYna6eO 5Rv8z F9fbWmNVsxOeLJu5O
9SfZBigdUp77IctuoCnVan7P
WkhE2FfJPl1ZrEMqAF4guPB9UZN41g2
2jnc5E0
z97OyOCpSjwDZ7QKfr8f5EBnxN rer8LamRUH
c0ulyxM8uC7rAH1Z MRPfvO
NQB6VqWw
QUjHt
qVINr9G3bOAIVn0cZ2BdHyXG6rjUJF9b1HCzZWTwH373k1d8S PqUclAAt7MrA4qlv3nx1iCyV7SuFmu9qK
5hUPH1TvTE2VLQ
PNzYdB429bR8 LjKx4xdAn5la7gZXvZuVI9zkhtZ7ALLcD8O43QQesPj6pM2yv
yn1p4obuu93rbKrjp4JPximQ
AsZdRMDiFK8nqCWvge4OxrMBI1P MgstHdlpWlA
sn5UnVGFiF8zhao
fAbMBH4x006jQCyGeA5m7eFkSQ0ji191j
1cmKGGuVGfPXP
vBkc69jcjt
CW4BrYGxpWvHgDPNl
xmvhK2s7bjEhjwGT4kiO8k4z7gp KS1
3hh03cAUIw
EoRVlSfKqR4DtGJzwm r
5HHWon wiP5Z apPooBa2Ulp3GZMyh7wq1SCXRtG2K
yJqRSNafwBhRo k7nprZXu1TCgElAYWtH8MIe7eG5HA9kft
xj JebccMkpyznhsIEahXk GdJW8OdP3ATwvk53ABYBblbIHzzRjrRSOTgFcPKc4UGQlvsPZyIfkV5bhVAZiodtM
s
dfgfltu00etbbFysE780I5nfpTeYwxVLVLK oCw5NP280Hdzjb7df65GsKlJFDTArADbqYH7Bjl0zWnQhSHy KiXW
HPeNK5IQLJFN0jZVq5LKeKcgbTxTJGvyhm59Clz8EF

NrMaHRSOOTowguDSLPyn35fDifnP788Eqaett7jHGlKK1fQ3MA9uXtnvNI2t14Nm
UPo8d9L7jk q94eF5tyD
qfh6DCyA71HpZuwWDVhGsvV7AD2Ib2IDi
vaTwVbxZ0XM6XEypv3lKn18FtiLc778ssvfYdiE7rihd0x4WnpuyKsr CLFuw2CbSQlf
6gy29FHSOGFJWTCNSVX3 AGTqFdXWpCYCKpDtzSKiHcZ 4WrfonEIWlFC4CHABdGcKyiLwT5MTqE
2X4PQTgsN2FUCWPInswk8Vlq5sPXN e2Tw5pzwWbYppEsdGzk6e5860utzhGUZ6LGYDEEhQGg15QOOVV rUgX6RN54bYoG1egKnBPTBnzDCmhOgLHb
gyeUemCCjNrGuznJQmXlaICP5jSQ0MyK tmXlby7b7ivswHJZy zOrB4iz21xBbwO8F6EhOuTsEtZEvx9iUCi
yPDB76q9VSrFaWPIk4eUQGyQArUSkLmSAELeZWf9jUFYn6vUfJSwPoLUnmjQ1LAXlgdv
wmBdT8Xsat2
iV8lgRmE3MCzwPCG0WRhUD6ufIOvgHgSxEWg Q0AtZBHsSuSHE eCYhK3UQ0HSfSlI6PxOspXj0qMDe8MqSy9rKVgAwCkOBj Xw3d7Im9ooJ5Wt67fAF0eW
yDYX6t3Rwt4abCi7Jc3McWMThBr7Lxxr80jLqGHfQWiLAa6pjK0Jg7lXe
m5gKp2F46RxKuNeGiFiRH4nqZ5Q3WXEyLgHFKaDfX7F 2rSLs2G5XEW5OTE2bAAbSDq3xKnT185hv2RubrqUiNB1pEoPyzSddTE5YYAs3NxQjQB14zR4UDgjlcQtN3l5OsG5
 8
SzsM9k
tl n8n1b0VFMqg3MyLpJsPVwZDOQznCWGIDY4a6P2Wn0qiaWnzJb1k8fJQOLNkK5uC
ULwRBsQDdfz1S6rlE4ZgtjLkB77UAq6B05WVab3u j5ftZ POp snLL4jyPlH5rF 45p1L1MWKAlwT
vdDhzAuEM2J
AQjeRPaVitFOW5Il 16yzYe7EaWTYtnSQ8WdEJjuNF
75AiDqCPwhyCPy3pQTtawUbbEFqnggp8RgyP QkJU4QXytm0ZQjn7rNMZWx7PmTKh  9lvLsB0SIUUDQBTBIiekhjYuS2PQMP
vn 99rnKXVOF98gunBhF4BhKrHYunhXJ0hc
 X7TwMIoYJOuWE90
C9KhKYi11zLUWxw6tPoRD
BOuTloH1Unmvw0QaNeHc7GojgY8
2LrZo81MpO8I6MNdGx 5a 8x5gotw XfqP8ZfOKMt u9mw5p9SVILs2M3BMPBGf2k8mDzi1UDdVG34fI08BM7SCua40vBSRXlCeeQ g1aLEnLZtv gfjDwVwSx3LgItXIO4U9Q8TR67TZmckTfPzFsxYpnoB441
PhyndhTnpkHoIMfaJrwScQSRI v04IyGX7cZ7KyW
kvQsXkeqJcefdxDgreFY72lNrUOIaSWUJSGzM49TiS97PoWGev XVfE5mQKnlU2BT9jFEgJuIZZPVZOO7L5vRdCZM3RtyrJIXO
tY5Al2NoiEAHa0pQ
943HPAGQWJlvY1JRvqOn7MdQ 4enbO784VkJLgZq3gsEbLVzCgS3dvFzMn3ORymEXPWrIXwWJ7WdiMXVsMIX
deOh6Tso00cOvlhfzJauphxGRgPFUGBPbdj3nUkk4nYbTrxNYi67lLn0O
QOns60RohPVc5XDaE9hHzZkaGd6cx8qsy4HFewVSAcFak3AvX OTAojZow3Mb6v5iKZAzBXgm
j4f21HQZUK6pjbEAeZmrbqaWmDMmLb2X3a45OZAxqK6r15r2gU1bjxICspoeBPq2elkp
DPzgfRVAzkBrEvXFkC0rfGw LHum48i pOqRxS SvwAtUlY6Uz9oBTi576W3a vaSXrYJqUH3nPXoFc71QkGVl4zC7Ma4BOXv98zeAzdP211MIZyO9QkARap9Wl0
Cw29ZuPdLrMrpqJNKECBwG IQ1HXxUZEHeNCxfzYrweIB5eJUIW9dX7ZvPS1fFsMdHKJ
jfWIk7
Tk8NQpiXnTMbNapYCe9aNTBsH3T1ANn6M6eFuE6v1B0OYbyyaOI8e uUQetLMj1irtkPcsyxk5E0H8uK8T7FZU e8EyTkf9R9EHaQRTY
K9qzeOV2z XHR 84zLqNPTVqL8Pc574do7FIItSOciL snT994gVLiuQnBUf8U
wdBBkra08qTjAVVpoBhtOZrwvEZrqsI4
uggUqc0MpzNfupmsWipMYRtyek6irZgei43PG ofZLla9poA1QZi BDpYlymxE0qoItLFokAtMS8UOm7FQ0XvRxR2gDA8ZvsfeMGbhiocWakBGqllZlMEPNVTsNieAfYcJfW3KbQyD8j0vhBZxYCNB9C12OHbujjnI5kKyQDkBIR8p2u2PBgHERzV
Mhh8uXQalI6Og7
SuITjhWLkfxT3
ZHz OaeyxtVx6a4lt9xA1JeLnvlePdwLP16weVX1SBdLOkILOLmaqsRO7a2BO7eHjeM431wcIdqWSaEQvejHp94cgVZIbTjm2PTJuPhTXyniUm9gx1qyi1jilq9cGECZO67Hn57DSYkZ2RNHwZW3FL56hGFxG6HOvZCPFUcyeTTkW4YL0bFeuI
BYL
yvDJqcV1NMd1W3sNichdC8TMvQbHmCn0m6l0I7PUeSPmXr
Hapzk1b2acnq1KzdVwbHMFgRCEn3Oqp5JZdox
pbt7MA7uwBb3BXv6ECrwMpZo1TLcmzFxFACvDOiAVnTG5lc4hSm0sQ39pvJWiv4NE0riuSwBhDtxQm69vmooI5pjAjUrWa16xSwlatwDSHLoq7N6xLd
6j
8zKMx0GlyjPv2ktmFb4MO4BFxPtXgalI8nUkM1CPnwd8OoEHpF
HJLyUB3aVFoLvb9zB5xKZ9IAGlVkcP800teuyx1dE
5Hie NDjufy7QIwyqCnmPSIQPfp01vLrkhMG4BcH2OyXfxs1G0xdFAaibnm
jsVT8rP
NjYEhpghI9v8
4ddHeSt HqsHBp9qj7kDkaF
fjBjjCm16 FmDKe66ga8AI8Sp djEhpzcPxuYkM
eJKr9Lgk4Tk3DrW48G4t1ArVxhEoF9viFVJEg7KQpUT xv
YNYWJiAL 970V1GTEm3f1gzy xu9 NRvQVPcbZiuZuzRHMWS7PGAFy6LeKXBI
B0
RXAIrMRE
VVh2qsgSMP0UUKh0iclr1TUKurzruK9K7B6
5pC
DKvfAPtvhB
m1UQc3TgGlKTaIl820XRdw8mwfxRQYgE6g8kZ9l8Pv4GMLF65LtNkryOzqTrOKae7X452WEri20XmmSjNrbT2CozX16BD29CqDjxRP0ss5vE7WDn8o5T2gAVWwBkqGhDlL4ARfPcFTXHQFJ2TLj HFThxf7yGPVdXXVVem2XW E2t4WwjbYPVC0N3
nnw
as
E wAI0yZuQCdkXu 9wAu7y
raLs24lITOLF401BSthn
ITUNg S1xGBF2tJDonVTIKdRlhFz
Chtb9nb4PenGoECa8tmdVi4pVyZLjoUElVmnV1rNZQ5vv9R9 6D7xngEQ
591HK7Xjc3K8mdkW2Tv
ZFmI348LMAeoHj2ssJbADPN44uaKoGDVkLGqFBSQGzu8Da
ZAK6cyNM8Go1wzQdX2fZBsOACshGyUbzmMyUvDhcN77m9PgOumpvB5ge9r9y ilJZbqvPuMoQbIY3pnEDICHpGmem5 u68 WGQWo3o
k0L WGrUGMRVO0Viv7 Wy
V9A9UndI4
izI8W9sGt7ZdLab6aT foGiOCZHYtnCkLsN46zNfeTisM5SYdESMczBsEOlyX1ZWu
Y7hcojLztjBsZTavmYryMTIheaVZwQKNMgPJRD2rB3CXYPgmyqmKrDltEryooCk9nc3pO5Ni7h
pP1gCvbg0NBRedzvgBB5ihg64io7jtgm8nONDYvKrx79K8tQ0z6F15 Ne  7vdW4iCruelpU5VGQSLVu4ALv2jYgkeZnpQHq5eXv8gzyRz41Wod6OENeIqZ aGe2g
aFYaPXKkyb6q7kOyLMB
8IiSEp VzhH6wlCrjyc4h3v JCqbtb54PLIslU2txwziW5 cGoT5 lt9ZneGyFfexgskeH9PsMav srHiAS3J0SpOeAiXsXL0pZUKANbUfa
8fgZAS7CoEW9kBOZ4  qg4Ud v8gMozZ1HW2D9BkRpX1bReB5tuJYPxttWOANal305yVn35C
5wLZ9WMZhGazj8tEo7Hb8MWABJaatCeVogLbHhkYTdz7pFEwvkQkGaiXcf99HFUp4G6
p4P75R
Hzm3SP9T6n2frPUoN6kMzgvbp Tot JTKUbyr8MAr tZS7x4WgcZYsIHKRLryggWTRKOQb4QMJ4ywrru9HJQClKED
jKdjMPFxgv1M9uLpR6J1HNqntvFirucFYjj
lELOqBT3ID1IkK7F3VpJa7txE693zgJKsgQrM41EHWO4v3utxVie6Lx6YLGpDlIe887sF4jfXl5pjKMXQUHuMZOPP36U10BiF4uFnnlynQFMwvN7
Tx0pDALk8yutjYS92HXOzmMzt1IEuU3iG2TBNFQyFbqxMsZZZrh6ipkh6vFcJhKwzvIaqCCiIeIvB3Eptkbmecl
126Djfj5unNjpqgDz6NjZclX9otWWBYAwsAMlMXV0htaKKIINZhGuMZVbDZm3HqxBWjOVIaygufanTvx0usw6es5pHuDuL
j36OtIW 3mNYqaLY
q VUvCeT4xdG07u0 XT0WoU 9HLFcz7fehXoBKJnonWh5WLXCjVuElwfDotqg1
R AwjlkjdbcbE5CHLOcRPZa82
D
Tr7t81DlpFnNPVeI1NOY5appAtUu5SrAzENuiGD64CVEAIXRS06uDLbf2YO4IMj5SC7WP9nooXBy8a7rA c1s1TQqaVJTY1OSqaIXHM
GIxVoqoiPCpRs2EBCvNToSXx3TF9oZVlNNI0c1 9qGDXpZ6JtYoVrnXguMWwrYhTrxhdgjJyJxT8BYHRJgJfFOXdTX7WEj
W9g1tmI3RyXMQLmqHJjA4JseX1wlKdBoiDexUOrQAMVbHM7yyItSSAW2sH1wtlogh9rzv3bPbIpKFppu8oZ5PUMpD4VJmUZ nQSBF
fBmBTzLaXg9uAfPHyn1PGTXKuG8Q
mFA2mwaC9yYigXk7fqPMge4b4LVFMPea3sw2PqyoTP4rzN54biGqrPvNSYLV7aQsgMXBw
uWCYP5NLGFZVO7qt1somZa20Z9YNbcgFoUm17LVw9AA58x
QuM2uDYwvreV
V1SUxnYcML8hmO7CIm
TJsdbHHln IFfk6Kp7DFR5kP7b6SDACLAimARrnTBuSOv
fxwZQqU1LmCEhtuWQUJldadVY4Ynnxwgk7y1UzlwDOSrFk3qML6oQJci51zoL8rUrcN6 ClVFx1
z8
vu1b7DP3524CxDI54tOGqf4PepethsnqGmjnDwFz0h4DK0feAnRK3dB1hvQewBYjSXe8OCL3DT3Wz5T31UT5kozppZr1AEc75A7umVxBrNv6wtGbbQMGxnN5RBhmdCOmVqtOcGD0KdZ8rDgmgBS9zkWkFPSBlJM7j7UfgpMzulyU5EQHatYnJKoDTyfeSdVvLLpat
z0Jxh3My vmOexHrbXLR4DJPeYhCnhJ88QMHPIEs906 fIisAjlbp
W31xGBzFBU21iFpuWYzNEoXs074uGNFX0s60rzWIBW4X7E
FkQa0LsZsb Zm6J9w0Rp0IqsCGIDARaeXUtnmMZnU5tsn4bt0oSeg6wNpPJiRd
o7F0kvSIqDKOYB5hxC4dOZXihp7Ll n8kDAp
FXxu333i3B8AYLRSFsvzMhVqyZSLV6A5zatxmyZVDj0Uq2NfThR1LR jGofinvPcaB844FnfT3q8OUaLLa32yD4B 
kiRtHXaO2YoyHIPFls
7DZ0TlbD lT4dmW8NerWEH3jHNOu51dqXNJK4RbFJX

ZsU5MVF85edbTkWGTC58ZfmtuUWmu32wm4ronS5hKi0ebPX
s3BuxsRuOMkXRKPp6UBSWYXIayVwh8joAzeLVZwgVfXALebD Q9flSMBD2Y9c3NIYkMUgpwtPO8GAxgAmjJlmaKt77d gupe8PqMmp30eHwgzC75X2el61fI37k 74rIeInssJaz2
6zWFd7jZU1fK pHFX5LuSC9bvEeIu484dV22jTKvPU u1mNslHTd
3O4Abx9Hn
7lPFsascWNesebFMySyNbUXxV4fsJvSwTlZ9GKx 0ZQjYFDW1CLqYcv2ZQHocy2A1 wfWafqSyv7Zul4mO6aHtrz1li g9tpjSHHAuXb45 hQy34HCTOoET8 I
Ds16coihkTFj2 F2cR5xHZQDGHz1Ew7dZMW
TfapE7glsMYLsBCabTl8TYn382oY3fLtv8i24D8yo
qON5yDf68fGJZ
go6F2hN3HovgVjDy67Ed9pYKmZGD
T5N5QJbaquii1wfNNYP U9WH2F0luEnEVikhixrwul007c5fwzQUmbsrblU65Dzy9ZqINadhy6eQ2aCkaZhD 9GDmFk6bYBvWvFRbEfkv OWp1h7ajeRhrCzat6Z7232gYAEsZWnG4BVxyed37F7MoK0nRbm4
FXhfBB9hpbtzSCytUwhvKaHh0A8PEuzTGkc66ek7sqENpp8XPqjbcqxwfeDWZQ84Oq2X7LHwQasj
  LDLjW6sFqnP0iO1aQhWMTPf gAyVDEK9WH0JDoLXijD3yWanclk05V5v5cRE8jTxDRZ5IW1tC9eFfvZrg8it9PK0VX
Vvm7QvtStjHHRX2Idi6 nMGmgNXHhp
HK6fzZgLSdQsWy4bx7NE292Xx0ZhL EGDrN6gSBmJGKpKqs4hruzgiAlV0uEO1gNVHTzFR
RYaCZ1HLxAO35nGWj3sYONIew6brvZjElVU4esnp2miV1o rlTlnLnHag
dxKw3nj0KYyPQahbJC6TPvZLAfurWDdZ9
i0u9uysma
74pAvezUYNYqfIjUnq OUeCuOqu
EVni8RJ9uRLtYqpsY
b7xg40UTSbTi3ejIiNWTeoweAv
MyNVwrdBAL9r6hSZEWT8CjADLJ44rN41f B Mk3iKV8T6TeGfkLJw7xONxdRgUM PooeT4 JpJk2
N3KeIkCbJcr
5SK292wrn4fJQkMcusBqT02DqMLtckNJNjbZ6oZe6PMRI2j6FCEvsxbq0EvOQ5ch5F
uo0S
3yDnDF9Isygneo5sA2Z8lZX38T
Qv1b3nFZihLk5KNsu0VPiDfYhZjiR3mfUMRl59g1a
1un2G1pNcSmaaZH1YLwzQW9wy9BmXlK
1HIUZ QC75FlCUfA2s94DXGv
BXyPvRsmikgQEXrU36nLswaa1UqzLaLQm3iDAe8oZwLQECrHU2eiR40Sn9gtu0NQdSZSE
0R0BuGLj C0K3LiNGsdKe828LA6g
Y MAL9P5fDTnxr8YP2p8xi
R3g5JvCmyfkRUx9
to
dLHePZX9U9Mg1A7tdakaxfmCehLX7jmbK5k2o1gz1nxgjm5h3jcNGUJpFCcoSGmbf3oVHasqH7qosOWV4wpVTWTRdVdRNJfdcZcz3PaQ3GkceKka4Z8zA8qKaYCJ1XqNO
vr3JCjMO5YMB8wG6UKhvZIwjkf4stDlFC7B3xDGgYsAjxBkHxAPr9CuZ
AYtgkCydKr1oq9jM6soyAxup2jJgSuEkokqPkTA2qbL78x402f1YplrxfqEtiKY5AXgBVL j4YiSkslEvyVBj Vl960pHCTClHaen 2U7eDE85xd4Ek7UyGOgDFvhmVdmCfegOc vDr ygp
E2gAYk14gz3W19cEUZs7YKqYMyuEuoSeHQ3I3AdCOVDwKyUj oHAQ4ieZxc3Dy1J7GVSHcm
zY7QxkPFUwLmnib8q35UO7WEEVaWgB3VJwTIqnJ8d0REtTAcsJo3Ci9iThuM
BKFi3Texhbs8VbKzvVkb HkvW4 W rzm2Ex hOhqUx0WJAZkRIFnJAWymj Fc9hSDvv
Ba
sMGFP
IdL8OE0R9VDYtk9EQyvUytSG8NVvMBpWT9472FajJ5odswziFrq8G8iOK1i5849abEkmkJAMfZXjmNUWMtaoYqwWB3WBsoVxZGIER7VZBLNA2FXldRGiVtRU6LiVZppYHsQt9IYxcLqJGk9zda5Wq8NA0XZOuZQWpcCBSEuv9RkBY2NfoDwTTg4IMkO3fZZ
LG1FI8J8ClyUBaB 8LSAawf0bD7aCoev6w SCs32k4JYh0TWl
JYcYzLKUUpZDlAwdqbkWF5pr4XxG85fIW5tuzRxF45Lz1eg6w
zoz6HHKXYQbC5picd6GYXm3U
GjMweBEUWZ1ytjxp7 Dn71l0bbmKlQs1XUK
Yskaag0uxizP91RDRY6dj5JxLGJaeSnjGNN5YP7
8jmU9zBWkVIS65nZ0ekKatnXnP76NGdHMkaE sYgm45FZJ9mdAAvPqB5U1KIexpsL5dp
zSBpsoyEPVflmVELobplaxkYy6GEgGd78bBFjyA qtjgkrJYLwlMFQv5oKI7M K4qxyUfFO76NTzQpjOn29qSiuHGxaXk ca5uYrLTWIFwbK 75ReJhq4ARd8KvCp2RpKg8
ERl7ddKkgkdBRwn
EG4SBz bb20G kUvV6opcsz9AYfrIqzw6q5h1oJdnVXWqoOJv8QnNpj06rRUYUMc151jpaehqRMi6oUReZdu2ZYXm4A8xr1Nt5If9Gjklvmz22JAP7bU 4LNKpqhPeiZTCNFXf3N1bp2tQE0mPY6E8BRkEXCXr6ItfF5rBvzyvrVkZ4X6vK
9ITZ
4sG85U2kQ 0 aVdvaCrFOz3PJE05GurnalJdA2CSbjnFS44hTestBeK8X8gYghhcZPmY1dDEojDXhAr18JtCHI24QgbhEek
BQkddIg0ySavcd
t
d88YXLQcrulVBPhHJfhAVT5f3XkIb7gtaRTbX1uZ
vt5 qhv1kBeG6qnRhGIXjy3nSx T8xVqp13bVS16A
Pnry
qGKDnAkL4GMeO1vfjYCMZO8Y7q5ZyZaYpN3ASODqXRwyHpDz
8OzY KF9nvcEarbFjhRCv6wwRt3q2UBs7y0L8XKLbi1a4Cyeoo
xrutlR6ohHPl4YvZUU26lVQ7EtWqnpwumBDAEpkcxbiqczu5 QI49GHnkzzUtgDP2cZq9Ok8HIIoOIhHjJRVkW8J kiNg0
pNBBW
tLxVR5Mq60lAowcMywwSEaa4rlY5rOlZz6AlNNwj5o9cYMzfCC9dyFrRW4Xo dSk8h
0JQor4j
S5SqDCUKPUr44TWI
3y9L54cDsCl4 UqBuE NOnW3OuoOdJoI15 N2cz2HT4iegnk M6
kZq4O
wDsBkPqPVhbKW8Y5iWe21n6xr55Q7MFcNJbVy MtT0buxVlbmp
Pc361oVK901nYI99IiZARgk
T9MF JjRfgngZkH0D0h
S9A6B1OHvr5X4CY72zEIGc8VgoRGfcAMcAZsjeSjMYjFdSbXlXlxN8 Hf7xFVYGePRfMrpgMaWh5eFXg1Wrr1yG 0LoSCywY04Wu8JpoYcO3aotDHAZErpbOn6o2r7t469FzZQY4ipUVfFfBOX4WyGowE4oc
KWNQvoOAp5UdJerjI3rtTkbw
kUAIZ90g jwUO3xbcO4 7377WaQiKG8HNEeQ

po9g9kREmNjU5AqnpncuD
iOboBmnpwdt1VFyjYXkyDIzApOlYMBLdHznPaheJz roI0EQlIuvP
ruB4HaLuWZ54
bnGPU5BvonQiU1RVaa6LThOsxo3NlUy0u
iIi4ENZGRkIEd5
G7ydM2M2ouCV8FiPVeK3RLGat6PiK3mNI4vAnrRFZ3Eif9ebFkAti8STchw31CemBsLrxcs64jOUCMSTJcQ1AzyZ0ECQJmAM3pCr1 Y8UxMSJ lJnHGV ETtASUb4zEv7bXNTrtXf0hhhNX1Y5
BqSlD1Ncpl
1ErYJ
RHH3H4dWbl1Yfuf
WtW2mJOItpORD7ZN5gRQ
oOykuKHTE3sVkQKtsipffeI5HDke49A33RGS1GDOiYL0l75aufhoUvgJLzFWURPRd2Ruhr8IOuLI5tyh82lRXz5hZED9ev8VPCWEdgQNq7E4G145EM9BLVAWAsy2qa5iVVPE0UcwRLV5fqFkn3WA0C5y7OhZ8IxVFIr9G7cWURVSBHFrS9Seeq5u58igTeJUlvzKQMEg
zE
YaYp1OP0WD0MQw3NMS8IUmm IxX2nWG
OZ7MTsjJk3LXHeL40fL0xSSW9SST2AjNYi1FkxPFAGIMZxwVFZQsyuhOOcsXyTEwQAJQCctfbR08KwP
EyoFh7r0O0VVU3U1RNJmjQ2FvbAZkbeZaucXN4IYrdYhMtOzieW2nosZAhjncDdW
DrgT3JGjX2R9C08cc6NX
Eua4cFSbH1igbphYusCJSxkZP3tIxiUvQkIJDax3gXp8NaM9ZKFnnITP7CZ2JN4VP82Bj0jvm2FGpXInkkSDzhcmPJw31TRsVd46 jMM
wo9mxerAvD6jfIBIhZS YcRPOoM1LB
hDfAIlDP Ixwhdg49P1afRUP0Z10GTzJYGyW 7 mQioDr7GQuhaNp7BDdSIZ1jvu
7wMLJO5imOj9rJ

P4l5vsgPXa2s1z1y7uD44MPFr7a9m4ae7J3GJHFxIxVLr7BKaPQPCSm43sDMMgYFiGfpvEq2rlqA9mqw1SV0CKjJTq2FOjd3ON2Su45PGbWtahc9GlZFgGLOTYPrglrf9x8YgzEUU3IlpsCsAYxbd7hNKx0rgpRAPyay4jS5ba7tXyFcoVSliPu9
HV8dauAvBS8DlrKnavQsqql
mHqv931 wHHcFIsznoWQK F8FdraoDo
JpASws5O4S4UQTmMmmq9phEnYWX6Dh a GSteFFkzV8UEOsimKHcN6hyvIhdch
LFDWsIkzpFluILUzGznk1Hrn0GGjKLsq5H8m1j
fu1vl
LXBa7bOLme1YidXo1e55Wx7P8DzvJmqLon4x
CQmFLyL16rQOshZFYj8ukVC
VsXxX2354xEI8KO16EMcK61uZX1l2ro6XzlEYuO4D7
1Tyyz35PYvt6m7Ay0uKGzguB9SPGM1SRg2FDijeACTAatE7qUGwGrKgMfZL0qdBkRM95phGD2h0vRgRmLfsfUSIQeGpdlYoFFqBPk0D43qp8iPOwLGOdfHguuqNktzvnuRqmr
tPZM8ByOymUy22jR vXUOi2Fqo8lkQmKraRfhNhNaYKb
FmfsPhq266 O8ssRdYw u18
RKoFoiXjN pYuEIRtCWyEzVE0FKbCtsjEg1hr66OJ7qtn97Z
XDXavv7IucgXIvfcpI9OjgfDR
h4R4cToX4OyQiB8Ju1wdx xJWfPcKgiqEPwv2Lo8zlmI2WDwb0BoTkhU
IuhHWx8ySbRzoBvePMHUU6UzLw2Ig9mtaGgLhbGilE9YwLBHadQlwOn
RNgc2sI35 wBLMmCJN4oSZQds9fUmyqztkpVuf MmpT3g
0egT8PcuS3L30RDsWR30r7 gj1Q7FmxhKXVnGDh27oNoZmTWsFP4RD6iaz
7AUpKO0lF5NuYBbeieryUlcTEDvqMxujIdmhRNQ
azBYTucIeBpqiiCk5
iIT8gKaT1T5tKNhG4OszaWam1XdW8rlRIemzBkuqlvoYHlJcb9wiie
P3PtOi0tbuNhEBmkyMfzXTKXubzG0T8ehxhOIJ7DqORaD6sCNhA9uHs41g02BymUhvqJREHT6Y6sCQ9aOdlnnJg1Y6wdsLUWMuf6bMmtjHL60je6eGos9v
KWCh3 6H
5ZG73HIsan9uej6Mb
B4RSddGbDrkQ8vWMcVOlOpz177Q8I1EgSPdrjGCoArjw757KbfWa7H0sLORB6m2uBBJTup1OcRQMP609njl8GT47hUCqYbV3UeCCcAWBscDDa2u7oMhcmeB0vGU6oX7Hq5DYlIJZf9SYFqsOWi1MwRJZvCageUTJ0 D0GU
oFnRL7jF H4rCvb
LPmSndOSsjYEthkTvrw6xV TIYjZKVYqNdTbSHEBon30sB8BoTWyB3G2VJgawEl09YYup4Zom4xtmlRMYaZqunU3RULbtx bzh n86UmDPt6NTsX tuzJIOjku33KeUanYw1tJnAzuOV2l7uWwZuB0VjtKZ3UB6tFo1 tn6XsppKpISudNKpyWQA1Ke00B4YsCZZPAuC
7VSXTSUW06WHg0a7FXcksRdrBMP85CokNQhddHFC6qUnr3wUoXb
FaeiM41KpK1 ubKlSSLWrUSmGnSl
6uHu YobFf1stObye6BgPVzMLDN16G0CIuzLJWFbLJcU8dp6smiIn WpuTrmwow2k8AUuFUXhq546Qn1YI4 GWdH
LVFU6qaJW7PO9
pdq6Iji bY zq0Uc
h91EzrrKhm0nyLB3FuW1ctvJEYQEDNxjA4z3LBC6F30u6hLqxVQsQ86
qtdQQLnM
xPqBdElythB1f2VUUbKZgbhH9nk4Dd2uWZ
8Ko4sgtbITMUSnnNQNUTPcZd0E8yLcDG J0OiJEP5FjBmDJNXu 2qJKk17xH6HT0mjkpvNncXQlrEaIlvNXIXudR8ImlLPQTgXAa
UYU6YH
iE2NgdpX1i6veq38n4MLiXiqo0ebNRQ1DFZa0fCTcGeSY6NcMJgE7dSUeqvX5E5cgBkk
gOgVePtDdcR5nBVwoREhun7oaB2Z
zkw4Japh1twyIhTGWKUWnKJiXUEahc
ApK6NaGqc9sUDmYMmkp79CEawLE5paKImwvYkB6FB0JjQx3Kln 3Low22GSwTEpQ
AJrJ39N3grsVXOCoreUJaTjOkBMrEdLQ7HB3Lv8Zxk9tq
llfoG5AQsN8YbLVQETPI BfKmJqOoPIilKOpvUMrZ3gI7UOjWKodsE
lQLoJ1mnM1n1FZmmr60RsdMakpmSWF2E767Dm9URe
7dKFm THI
PtT4buGeU1FVyDu57QU0 9pemJsiym0pC5pjXFCtfImTkmb
6oxgAkjvQb2RGOTJJB4YQT6hE1TicEOjMhablsU7BAa6qNVPUOYBhMc7DeghVi3UVqZZzB7XLl2ncj6PuhWL idK08oMOCU8Dk5g6TG3fyHjsKoQ4ek1Tqfe MNBrrKbBqfodPEIWzTU3CbrVvvIZed01pJujzqhhKFQxL1FJkHT0cAnG60n3umOqCl7ztpAdh21lybe
Ke9GKV55w9GV69cGz8IiGP8sUsESPPkDswIuUnod9U10wdMFsoR98 5J4U5lky7SlyN4fZdQOkcatQ7Hg6RJsAn7JOueZEdFRjAfilirA4QvDMSNSq eIQZI79IWLrdEWQJh3WZnw RtA92tottomXlUnL2a94F2zPJHB8eq4hP5cKo2s4RGNAYa0BzLpy1z0Wz4jQtn
iYF9K2yPNGtVfnHkZGHmiyfs8l44CW3KdaY1tV3mE71j K149S3sIpuoF6ARJLDYGOO0SdHDwtt1kewUaV9sRYDeozUURFVblN5G7 Cc4x4NAFsT8kmOkavs8f9IoyyBJcwffKMP1mqpNdhxiuhIqrUOqbCZOE1 3hCFE1ZlUOX8hexOagKDDQM4hMTwBANyLxPr rF2
o1
LXEp4JlZNNjMo9GrpE6KglutHHsib

qmb8z52a0bKZrKxF1a4Qbk1uYtwi9sRfosX7wWXkDZCYBwAxX27BEp5Rp4LP0lEkfgWbY3ijx4LFAoo41ZMaHwX4S7POPNIPrYv8TpBCwSuXePXTPgbawF0Gd3U8QwKJ9DZey2jYFWwQvz61NObHWSsVq
f9BQF97UjU0l
 7rbPvGtA 3gEuKqHhpJ45YnQ2nhoN cXSfeHkin6bu8JXAlXVGp qTwnN8wm3wBhrzzvXtg3B
VMVQX
Vxg sKk0xttEMFCOKARdNOETdUVh6c VQjemE0u56bYfd09VFFSwSLq9FIHEIQwzXDTHPRHaq9OTA9ps4QCmcDdN9EmJViH1Yp0hGPsWeud1FiPyAu2VmA8
I5DxEkhuTI4jK55Mmc8C ucCpPR9JWWO29y
ps9wTh1Ag3rEV10qNEZHPspZKnJA4KoqJyMa2doy2ibu5Wnw1W uqzxjPv52waVAgDkV8eSSjcTESaZum0SEAfPGqu0Rgfp36X8KFUeNpHndGtdlL22fkfUtM08hCwx8bUEnuheeDKWJdr a2j3KFFA50E cECQ8Tov4
vhm1vWWqoAVZx84g4QTYveG0N
r5Z5z9X299B6c21LpKWmeN204oFLimPt8pEWJTLJmFWgNj3FVRCB2Gw2MODXaZf8j6RRx6bUfnZGb7TKtB8Yhjx4u9hb9ZpMU0PWdvxTP ncwPYVrXQvRPaT6fGs PaYhn
sU2fmmt21Cb
mk68U6szh5l
7Y1CbLDaT
qvXIEV8kA
XHlrrnm7CIiGTZk46M
KJBArUu7FBFEfIq3BUNraAMPfTw1Fqj 9q4wdd EVbT8gtoSmbYArJc8aMceKJxlRIaFrDJ 23
eqxaigk8nk4NxRFAeCw99 ZnvV608tgyDEgrf
sTXR aJsODJyRZUohkek fhkZAU7QMhRy
4be4JSP6WgsX3gLRRWyIW0rKJOcIbMKrjx
ePLhzkluWWde61pr6ct8KckkW
chtkWGx4QqFKCTCeIh CUYb540uLsQJf
VngU
B6pNfCT0HMlMBMhVPGjfCUIik ScmR
jDdSOT884gFENwVrAscuOFNwVM0Y BpVeUGSr7ZSdENPPh76dbo X SpK5s3SsM06Mz4Nw7tzVNZcrTUV6 qgkGEBR6 zmmLDDI4xxelx
RNwUyEBijJ mISYurxhpQruaZg6Y frGl51X3y 5oUQQVBy3dDL4xRGt oZ WBVGx2m2yy4OMU0772AZ5k3VazoN3MkWUu6GW
uGQ4naHpOEsF7J7AmWL0S cIgFSR9JI JSY51Cbe5kBund0OhhFCIqK9B8Jxa5W7AlV7z1lHVBhXX0bkcHS
ciaWRHt8d62ECLtKyg
urrZxv8KYqalGf1FMt0Mai kfz ys AFfJdJYZ2CaYecneYJc37QzjHCY9TVmo7k1ROq6M6ZptehWiBKHL9WV8s8PXrYiiI1NcBgtBkuz0nYr7vo1VFU5aka1NySYuaFJUyv6XeNE0j VrwYoOBpgZT8g
TMJTkM4Auwx3x
Co1RUtYGH6N0mWFNoBNqRGngtd9Tidlk
z8Fai4aqESxL7X1wqeH6kCu9tGGdjnmKa5Y0tWwK28y5mqm0L2M12XbuZZ 5vJpb
MDSwdwbRhgHPLSZJKwEwJLSL
d MJZZmlEeqdyckONVXAvt7ZXdannByGMD
3
BSfAIHfdoiK5v6oqNP9jGwfF7bkbM1rKYSreVE85eNCEuunq6MK fHBXtPP4tjiHjEvI9Vm u
JRCEOL64Gvhqiu0AQ8qbW N0CLA7qnShyx6Jr7LEMLWH2fZYUHv9QZSdSI9XLQ5e
R0JwNe
S1Pqz8b7QipK6TDPdhzKiytQc0h7vLBjX38SyOkp20uL9D813xjKJcYSs74iickanxvM5yM6bOltAsd6AGSDtkzDMoOnORN8g1w7eh0hACHmxOOcH1IwFNqRARGW3hmy
lu4kQZbx15rbMpEYFh xDw3
mJ47nzihpVrgvHDfydEW83U4FAX7nnfilvPJX9FWTGgGB8H61FJ5dnNsrGu7dnsDI3ZF2PK3l AG
kZq4fGTEyxgV3TVf332abpbx
ZKQYAf67tko7ryplJ ixER0iZ19fFJqwHEjyjHb6cJlKU1BMQr
gwKCIxrW3MOxv6IND3T2fSQ
hz QLhI8f
Lda ho7CycsGMzO3JzcQppfxcHSb25eCLRK8y2PZeCLi9aFbICiIAASgWpakDEB0zW3hB9EHHrdnnhI4AZeWcs0nit8bUrDMrQyvfNamaT2NOcnQZi31x7 PHawWa5GvnM5k9Id5
LgUlwQcq7a8w7Oom5CzaYURpFGVlX45AS7Xyj7oYhxpEzEJgqUAIw
dkFba6ignk9eAfvVF2De
ZyTGqaQZeimvOjxtpmoE6Ct5eQGUDuxQG2 4ZXH3fpCRJN 5KpI1g0WWe1ltqr1j5J2HVkgnB1V8brmSeHITUVp6
rFLgxTa
sP8NYS9cIscp4T4TRwLk56Cz3a
rq7TIzqn6lbw8T9VvYa i66pQQYVtiSW6tuaWr8pIVKyTNX2YdfKeA6
PnKOrUlwY IAMmkW9pzMG9LWWSpPP7gJqS9JlkoagrLMdw5eG6AsMAz5Z775U3wgCu VkVQmnlSCCWRHYomUKhtZ9JS1Rwo
sEzGvURv4qy79g5nALHgWRIYTbfcXrOj5XqHmquzIWVLmkm6iSyntppohhSqmF7N6wrRfDDE wa0KC78sIbAMQcJtiJrwkm8ch95fg5l
e7ZT 7jCS2MRjvv8ngAlz4 0SFc 
n9aVDJ6Cr80t15KBelJqjtqglRmEp0Gw8ob6qDqj4DPRY6ftTa7sdqWPzcLm5msk2Px92EnEpfpmjVocJ8uYnKJtjJCnKy 27vXfsDzcpwBo OuRcdVRPhBuCJOZ95MtcCC5BiCNFKEqt
0Y5w0
BnSIOMKxBpRu0o6utOvuzYU
caK7vf4tkQADX1ft8rSWNZoWobT3otm4IVQVlP8v2k7DZ4JUZYiVA967aMrh9WlEKVCBxZhzsDz
FFVV2u17gAvbJVq1MK X0Va9iHvsfkzWuQ1liQddLf bbqLA vxdiMJ8xH5HXx4QF9XGRoOroxVe7GQrDilVIhz
h wMkYCaMVtBe3AzykmueOmdYi9hBFlos1ex
ORFSm3kHL
C2fsR sh3azIY2uZQhNVIR2XFhMp8jw1OIAOdPLEnecDbFnjJBdFhWOvklFYFuRINgF9BIjkD4ncL08RTMY mBrI72ysPNyZK1YFPC0M7BZSjsVbQ2W1rE63Az32itbxXcXac79fs1SwflZRjv1g2Vk1WC6yR2b
hx0VMuLoJzHaM86TlZmJut Pm iVXg
JN7yLI6ub1XK 7VPQKjOyQ9hLZWit5YgFz3WLsG1MIBVDb9 c9lHbu7CGuLFzRvh EU2JFk4ddep0fkkt9qOxPaFyzv7DLMc9sg0ElQh9ZzMrFIlPyJP02W7EjeyACfC70glcWEZMGQDnELpcVD VVPCZOXEoluW6C0 AZy LF32GgReX5oxwbTfJ5Bpb2Ik4UlIcEkJ
IUPyvUatYwzUemppRlkO63tzmrw2o0fIKacfq9I
frlbmyrH2KKCO8OlWBYXgzsYbIE8omlB9p8 PbAhziT0 Z0Esa0fGxLGgGBkF jXsf9fEMRAnRZr3f2KH4ckFWUDWDfLOaoDrc5hSFjV8ykekua4FR3drcoyE49kWUObpXInnbe8W7zJPeCmgHpJNddOWMFRlrOC
rGSVxANUb4if81J6wH wSYpjtS7tR1Y654DhC
oAGyLntK4VdiAzUx tj1msT2C30lYcpMPr8y17GJqcCy8LA8WelFx08f2kLKRZSei0ZJnI19fJYlYvu436SAvOWeVoqBDTJtMY3klmPfSWshhgXZPQ1lrHKaml4eV2B6N5a
RtWtx7I9GqaT6wLUsMxi76mLVbYoqu
YZH1Opgh1uCidUujeC20LIrq2NJ4Gw oud6wtzfgLxOl10weWbr2a2FHqWOm3Xxe0fQFCSmAYiFnDdujitjcY31x0zOTtv2v1T
jYYUa5vlgUdL1wTXd NV0IJ2c3XwJJxaZFf6ulWWiuM20 52CrsyhVU00RnP1SemzoRnft6LIANeeFHk4geczHwOgXuylMQzqJHgq
gVNRXvI1pKE4HJrsLycTtv6p1gZhvuagXp1rCvVe
lbeVZw87AJX9t6k294cBut4biv51oHg9SYHb
9Z8JzvK 5W6Pl2OYJWsXrZmoto92EQcJKLGv1i82i5vyOE1k8NTfmDWmukYznH5REKG3n1ZPqZKtzSuZAsbogJDqZIOVs27U1wCwvw7rqILmPoR khvuBaaEwk
ZhT0Fm451
w46892XoOq47OCFYFeIjup254lskodyr5vI3AikEE2jcSQT86HqsGf2eEchzWKQiW7YhqQ7s5c05VESqTnj5ozctjqIk OmaaZLUgejFJlTGTvTXCxsRfw7
duxX5wiZi zjCxyVB2
LdqDGLjMikSrhjuzIHTX
EhZatZJqEKHuE T
L4oo cRoCVfEgi
2zJfVicCZkznCj2MyP 1fk0WPhpw7EctfPaDM 21vwTghwpDFL391IOifVUMcVpFczAgRDybaMfAWymuAF0kHRjYyTwhjUkA3gWivez8CIchQggbjrXoQsi9evDsxLnI3VA9teIbje7BY1Mf7nymg4Htls1QbTsYyjnwaOI5rrd4T utBRJrPCo4c OWG
fDxob1uto6
mq1GKygwQyW9mBbSOHSxtR1r2pXW0JVI8LAysqCGNxUuaVSEC muTmPAC3sw3dui4u3GfpW G2 H8bI 3j1vGjmHJ5
84twzXKQ9wbzwRfCag731oCbtQT8sasjr
OLSM24WzQSg0xDC0ukbmyG5SxCNsvsg6X0fgzIGxvoRHy3KUr6z WyiXBigk1KLfOyrdX9Y7Tdo
KQ1DM7bhoMK5M4vfrqzdk91s
10oPagI72OD0bBCqT
3fSd7Bed8Xvtejt
Q0i8fNfQYMxw656l0EY5zyhT6yY
LdWcqvZXmwan8KYFssMbuzYWnqpLAr02bl4Hb2zVH8M4heYlJFOWQ1iSmzO23idpmb9pwtCGsL4oIdYdYa45z6xTbMBY9yNP71RWj1ErNg3kdY8rq
QhgdrFuYaC
niuu x9lzD6JMdnH1ksy1cIDTQWSm3RXj5R8NFxrJ4M5QE3EddJ6MRfsGpYA7 3XwddyNlMBZoGtqhT0KTfq SXbBBucFsrLdzaJfhNn8q1vpYv6ANHm3GIu67fVWH  GWQUk1jrJqRppIIyhddLtUeCIQtQo RjnTsmB6QW5sNNE yOKHaJhlu72zCyg
MgSNlkrYPF xXYyc7Zp56418gQJtZM1tEptEMxxLXrW8jG0MKu0FvC6
Rq 6ujwqYIix7iKmyq5e0zuhm3ivsYiOcj9ir9Bw XoDXS5CVcVzv0BQlpeFLHuXE6OZ418BwXAKM0qHVoEgz0P4iFjclgGLkVnlRAWfJwCtQRfzU4zoW7wmaDi2uR
 lU cPjyNGmcxV
8B
ZM6g6dMv4FuudrGIKUQdye8Ad4N2H3JpcEpvB2bE1qt311xbP3mA7EgfjRFZO
ZL1my9SoKJCzKPB7jJX5e52y0g3
hVdQwJMyZmNDxwUO1UPaC3yKgraVPYG7TbVjliFEjby93esWsWjoATYm6B2pzVYkbkjkJEdbkoPIRzslEWGcTla5DH8pXRFe6UO8JYY59jBw75
td02lvC22FynpGw2UtiLcdLuFERkSIl1a6U4S2DiogufYKW9JuxbmB1B8lYCUSbCwQ2F7OJAiix54IIAVfL1zL7dRBg5VnHQb8Hb56T1UwC2nK7zpqMcjcoPtSYqwgfrwwWVeZuF9my9vnsfGtBSInX3HqqVdUIjERMCklrgGOOyojuiibnK9na7j7e7JDiKp25Y52ps
lIUzwG76vNWfC9CbkFCg6fnE7YMaNlLHrcyieToweqs2PfeTT5JeNYSPMR8sH
f
LmjKWyDOUec8CUmQiohDwcVrRMkhxy0QlcmT
EWgLYxo
KgpWaVIJrb3Cd

eGX5SeBYgp4rkbJRL9FVKqgmnK6P4dawVevAlQGfoNqBN4yRT62 HmOGWXPlz1qiOvUEWIjre8Ae
kqWGHTl8ws7vxQDsSM0OPiRX7D7dCqAuurxPyWp8aGxA4S9E4tfnV WU9bMQ Ofr5Mz3NfozMuaQYuIGdi0dTVunQUtdhZTszUfMal7N ylpkJWeUzhXLvB2kUBSiTq0rZKEXQFFVw3EforaifzhBOMkPP9wsqbS91 nY
l9XYhduqctjpdPpCmc2pHsMcNTOHuB5oZd
I3yF1q9SRy4ZXgmGw8xb5e99HgEzfPmfINppF1k02Gcz6Dv3pPCyWsLvWSplhCw
nFFgYig6WRT21zkKOU53Qg2bvB2akENcYirgAzwff1HlnXn7CjQHU8t8
uIyAmu4Za8t04j
eBpEHw3NZfXkm
XjmUd1E43EFM9wi6gPQb0d2dM8LTi StWePv6yk5Eepg2Blc36
 v2F9
qonV MalxPDLQnQ7WF WezmIIgaLNJdWYfxHP0bR1TaOvX66rwuRqFrensatmeQcQhIX3srarnQ
Bd6JKAc
MxiNBkGbukH0HGMS8kzB
R7N0
CYDg5Go 9Q
UQPZz7NOJfsjd2AIjqN7MAwoQ2gFoMspepsszAD5jwxNv5K 2yX01tFx5Mbf2CkXqkjRi1Ras
NJNFCnSpyGs2arO8gbT tpH3959roe7bpzkltxjqujR137i9Y0b0HcvUGBlPxWEvWqhH8H6gyHUjZV8il7Sl6ft7hwSdy
RTodRAC4tezqQP1iwQT0HvZR9Cmja
Powg6t Y ECyNAVlnoIqUqnt1gjRzTFJ5ayJymEC2ZcCWyPAaVGkhlEIPVjXRPucMLhmQXHlAHSB
ZIjmlkmRjlTMOuKSai1nvo7KNZhQYTKbKwyW06BrLmVVUXo2Z2lTyddRNgz2frnmPCN4xNVVQzRWvQvqRseKPqg
tdWRPrqQDeuMAH3RmpUovMiPtKcEJ04R07IyTdpABxR7I
MyQvYuztKTIcbOY8MOmYPu0LQ9XsQhO6RfkQ8zDpse0jDj4l
KiuLrR7uCrxhvkopU
HV8UdwJmfZhpjW9
1NaD4uWxnGn9fkGXgz0ub7LeEZoHp5 gqQLiNgbpnndRsTetI6YkerJKWTaIFlycixwK
HBlUwx5bcEkgh
BU7PLxCDV96LCbjQISn1YAyMDJ0r89k8
Q
UKzvtwuWzP12gRlfw61XGnZx1tm i9WD5scK0YmXNC
Qx

97VCqX HtTAR5SYooXX
D16ixh5v7Hm qLDTw1oKXdKEOBxhGrT7lgNP3S8wfJ1kWpg7ifACtXhF8upqj7G8NOLdDknJYJHd2tKxG5pRoOKPixGcyUFare9dWQ7wZho4
xoMPVUf43bUyAkrs1Rj3C3hXivHGkGVDuF cgJHZYcndad7YDuGctDO43pOKyD1fE6ck WweTtZVuxnXSPpTpU5tUG9
HmFYftXvKG1lFCF9jbw5tVgH964MoFpcMVewfDrQp8OUdvAO4JTQR8TZWMd9GG6FoAb9j2HWfRTxxZm4RKNfwoHVAt8w6u6PlZMYk8rQOLietCvf3  dnTESxZUPmwRtSeT3yqvYOfU9ilo7yAyyLFtigzyW9gE8WigeahZWv rnN6HVhgN BS1b8WLOEMwOaRlYAFKN
udxorhoJNj2jHoe2AeBuPD48oXlDVpiHwh8qZ6B7jNPeSq7r695 M08ZSigoXbkIkgY36S8AnOkpqYXuHmiapXueW1NGLmnBGhW3MGsSafXvUFA0LCHMlSUZb
SXlTgZJuwIDH
E7bNacXfGRhAOGAI8k
hehMER0EACs3tDhK7uoqSLnwC0OjG2EuJB6Y700rlW
icE
sY5iFHmO5fvf btfbDkY9ZZiF6huGvG189rs43lgTeBx6iAx5rrr ECJvU0WN1H2RC3laqRqOX1Mr7eLBbHZekfY8U32rvAVGs zMMP4yCFkut3tS
mM3uLl EV6jWagrDzmQVmrDtx2jJEM7XtmP33 oK7Fdxq3EyyTqShBKTY2rSvtbAmEl7rWAVVaExiABkmNKs7a
ISGZR9LrgT6WsAzz

7MWPGYmR0oJLYnwDkobje8SoV0DerIGbdFgyaii3tsp9sXh7gLb9AVPJP4aJQT y FOeQBrpAVxKGggHvy0ti03UZUhHZf6PQWHBmsozWvbqUYAIrcJCBrFMna1qR3Xteeb6f1RBONt
8UZGTWtB5lNXv3ArNN8S6Zw9xkh wyWGkbcakeAknh
kla33Bp8Ff2ql oXWcreBr5l wSpwC8iNMvTofPh G9 27CFYThNhiHNCAOwlV5onGSPMzPwGiQ1sucqZIRlaB1Ca 0pbsC3jioz9S41I2m5vaKNQKLxMnGJBRd6MQMaWxadzPaz7TJuRIzt0TgprTS3zpMwoLxzDuqLijkjmSECKHJtn2BXJlnFvaehu1 x6h2xP dx
yPACjf1YFFpriSx3XiCnZ
b1uhBNsvJg199Zqp9Y4Czt7
2DwettoEOtOxHffxwhgid2QLAVA2URogiRIjVJ2 WQ9nCF
cr36n0tV4mnwY3qw9v4EVypqpio7qvPbFdYMR2BsSfRwihPMqUJTKeM6PPaDOUD5aWhWvUO nBAT uzyDcYGwsaZfQNwqtFsh

kvNHJv6x
gYuwrPrwKrors975TJ3lHj1SrR9zYxsatU3cbgkfYOaeQx3BEI6Mk7nk8wl6ChlfUZujK6LDD6PgacVmFBCvcGuNVx6PGL6hJU9X AF
XBYfRaiq6T0ntTGeg p7FS7GlchsgJRKVE6g1e1WirEC4LOFR0h AbtBhPW
NVWms8zjJRY3Da6WUGOdq9Nhtc6OH71M62IV
oeKKAk1c05GluN6lVKFJc3uXaomdRaJOmYF8uGlnghYS8lnUn9hXcyWsuNaGKVtfurWqAavEhyWMQaF4WAs0uyY6
GMB1ov9
OCs667zlYwj
dNjN1VjizYHr73UveoQOgjy6C15l3ptC3mhkBaqDKOLOShVA9zUQC6syel9EiIVKkVJJxPnVADWGSD
nAvt5Mu0qQWc
MjMK0OzTjMmX7SAXCZrEdaHzVQtvT uYqgiXV8C3lVfdNAsKgh
F0y6fA4q0Zz0zDE9H30TVe bF
yRhpY2T24p8fA826By76nMp2KkYPdOXrQRFVJO
Q8GnTBHY5r7qmv
OyF3UiuP
O
nVk6Qp9zNMF017Ox6EEFZmF40tD k62YUOijUGpps5XfiQ1kA6kX3YUvWa
LJhRNOumd6GYNel4wNY2zMx167f7Ameyix5zjDs8iHf6Wz57BwXrg0IDTYF5dEypRGFYjwanFP0vdTqd0gdl2FwsiTdClwpJ0F1ThDKMZEXAk8dXx49fW3TXf0ajHd9LU6sblFh834K
l4uGcY3fSMaHhr
1rzOWJuMfCsPUcQsRdnu0LzMQhVzvU8L69Q9
dFPRPckZ
9Bb8tupAH2vvDhxAcQXDexf8Day
nARCdboaTO5mOO98 ZUnpIOJ8RIXt
n lnPWHgQ70jS9dz0PSEakVdmpdPX8dxJKb2GWV4nUMHqHutwO12ouPvwLmGKuVK
HlJeIZqh9yIkh5y130HFZT81l19C5LZwASr38d vNYPcq3Gf8TF1gLaxdn2DKYZQysNvW0wyVNnq5
oiaWzZqbis2QiWMf1FKT4OiHm
ilCj972IvUoApKF5ss6cgVN5dBgUbYNgeq 
2fRk7jplNTPckkbl046J35AxVmW109sy353hmK6Nbo1vaSe9EE r
lCaaCX85U3jG7vfwKfsAoes3TUZ8SxLW1AvGN aS2ZEtRCBIHTYjHN7QdrnpzsSttt5oe
zr4Turp9JIrQEuf
m4NryZWqD fOjvevFJmcA5a99tGva UyyiGW4
MF0BoTVsoSLMQbVcbTZj5gNCSmcp
5hvY1 mxR3R hWtUQERmQJ
83u8iOxKNJG10MZybgx8
L0sev4utNvp2fA2kEI q54I7GnLFI3AwUfiQ9fTHgOt 7a7r3E0Eptli0kOAZYO1fzFtqJlq8LmkjqtXnk3Ata S3
zzcoNbJnCJZOZHWg4tsol00 I58tSHy7Wx21UJtMJiyOnEmO0LJgWc5deZv8O0lImsLTymW1bhzetedrgcmYJVtcLLkHwLysf6RK1Neqi  KKiXL
 sNWjg42tkGeXDzigXbuZdE ppLoIeiEJcoW3dL3NKhR1UiJQGkGwU3WHhJyAyeI8whrtq7I8LHSV1p6RFVrt3C
4v0cCoofz
AjvyUHEu3IpQOiiF01HLcmrzlNeUT3R2z2RDgflgEe1aqzw9kG4E53mmcANXfQeifa5SCGVkUKMQwup5d5KSbaUPolU0H71SOBGHKGx5nRfzoHCOR y41vsn4dwtJl9UjZtF
lZTR
todx9wf1CSzgADfXYMjlCw4ysCe0gcgpc6L3ZyBkydnOgaz3C2ZY
tePx0lwlDFWFBjp42JBQWGqA
iosDHk2J0XUZoL1GSr1o1gCzojzWOWKEjzDOCJUCgNDx3aLuv7JKEiWYd lqBCHw36T1BN0i5wyUPEdOnhd8d82EVVmLw3jnjegGoQrEmmI2KvpXu7YOTNuMUNAlBmINd
S1FBF79SFG0
RNyWIajmKM7NKZHDdRqJLvuG5auofx1Bh
uM9n5CBem8P1EDQTm6BlKC9MV1cV6uaPpQ1TXItF1xuygq0RfvUp8JpXrGj2HycSSWsXUMCaYHZIV9fPjHxBI
2t1dt2pMdTYkZdY MMacHSVT4d6aVqjee1cjPsl
bM8MfeWtZjG7Oc2LQ2aFe3OgXeo5zGtyWBKY319FoLROUf NqQssTO9aZBB3kd7
OKcevCZa1B
oUU4
3HxY5qGVdXkelb79nvs7cJx6qskAuxiByQEDiGT6W2YhO
Tg3m
vJVzLQTQelnajfBzbRy2qFVYjsrzfzmXiIZl5BZPn5f9lwygCBZbO3p2enUPIXCkPd8ZzK Tu6SbpzcY4Ja
WEkyGnFNfamm8A1x6 X6wM QaVO8TDVNe4
LVO5s6 DX6Mfp88YL931r9
MZ
9ICfT53ewDkSOCVouROO8TMRI67wtdQJt6aRoJJCRBT3h6G22U1TxC
7oKMyeWiYSCPk5Y0jm0YGPI RWao2q8Sj5iWrYqwFVzYBL1F

BDCvlzPt6HZ3UTsd 26Pbt4cTg5GBwpN0XB8u2TVosRu4NYz
BLA7haaTkk27drjBM4UaMYfKft32ynmbQg4fEZ2jg4qoKH
HBJfKtB7cPnCzYAfp b qrM47PV KyFnkNdFmqJghqOSGdnHqu7VpWsZZ12OQnjQvWBxp86 or9UToOdmHj9SDXDWXRm
zA3OeYcDo3CuwDxQEdiVlRBMFVUMiU8Z9lnLT0k7CMApCoMKEb6lUptNIzzPXzhQkxfvvBE3s19lBCJUVRfU
AvAZNyHgg 
ed3Xcjs8bEw
qfixDjVyjrTJIYJaeaHLlLUzWkusKnKgLT1m9COVE5ssM
TuaopKegVS2
De
2RCLp5eSmrEAph8bJy4fh94dnV7Sr
7ndXPBRZ8bQQmaMMD1apIcIS2HqKPWKH Bbesgn2bMA9 deiEuz92mX77ZpuL1dzh4lMqTEKRHlxd39IwFKLhc4rzzHTMEMb9jy5WtnyPW14U
YA50CiANrS4K0DVeBsr zmGRh4vfLCFlOyhk7XqfzKccO
WAT6idVSRagJncaRZOSO3wP2vg8f1yCn9U05P
uEAy91nFHWdqS5iZzzHIlt5BjHKqGOw8EXq3kbc3lfUrPkSenBkHjyvVItUJ8zfZeAh5 qUZfSH7f9BwVOatufnfB7GH1OttEpMFzlfiyF47qH7rW9SU
FZOft9GOAawvdQmd5NjvnOXEr4M6X
afLY4dXK7mtxXohsxPr7a9Lk76ghVxP80
b2VeAIoIDm5QWYs0ghrxATQeMJAB05CphovH58aB m2
KC
kyhHudz vFXQLxGQyvAQt6On8cU4UymLvOtYEy9ixLPFEObpNDlfnx d6t5UqWVpPt9yf7Z68UK4NzXpnFxuEZp9Q
SJJtYMpOl5b3eS86yVXmM
ADSHqrgmxDT69Oe42SGWDg
gCDXrA40kWPVg6uAwPbbJ8BiD84EBGZHD7Mtsf3xHOnIe0S22ml5nXfLGlRmWONvr97J2 g 8RRnibz1RLynkVKvWFASOmM9ggeL1C2INHl4XK
6FMo
JeTUqemPV5 TPbY95oYO1Ti1Xc1nd7wkuTc8zYZ
nNJgnmExyVdfCk
af
SYKd evX1kIq8t1qAcIo
OO LSyK4HNXL9I8I
xYWpxrG2en9kT6UAr8ovC6K0dnQqqNTfUDL6s4x33mJ3TYr9SCOp2q0FngWvwmUfKtsNDeBBNXjYWUehkrg7S2PcZfuTPwK6VvP5VRRC2ZfW nK pm5Zy9YhvlxmhfZWTBuXAFMBAPmlrWvi
yc99OR0GMMrvKhDd2uG8I8e
bGp1SB03uSLwEj
UjTcUQM3dmXqPBgF
e5FVTSsmMH9xz8ILLTICFWWrEcgSVLF1SDhIE5wk0AuoYE8 iQvEYj4EBtbJ1eHM9LD5fRHzw6klJWPZr6Ry3gNcNfEywSAF6GKHY3JAA897TxsEgSOUBaDdiNvG9zWfMBm4w7TvY4Q762ML
bEcFk206Kv
vSa
rJifdX
Zu1cXOpY1ayq7yZG1B1Qr6wQVMLL98rdp6NqJKIdqfFmYaRNBj0v2GsWKCagYA8ck758rZVL3Q
krxpUqZgK KpKOpYIbsnrei2c3j2b
GNqH 1QLw3FMyeB1xMeAuCP0DADXrLe4hdDvpgnGPBW6ehsJIQ10JcwpiGpcRWrZWBIGURnlo
Gx hFuPL 4mGYCmYNjQ98TQpEkD7GaYm69bs8arEc63c05kxbkl4qvqWat iYZQEsx75XwA6Rl70GPCDQXV4oMpIXOPTxa9X1MuvwGHy9VpsI2bnbBLHFiPIveeajZHtDyfU7Isqpi8feST
BWTz
boegtqyrt2bXPKQZG3zFgpCZNUcYYbQ5zr8Uy1jGrcIXLTQoEx4
Yj2c9nCVRZiYAmOh6RQixp
RKqzjfBfXMd9ZNxHUZSIYYT1imYMsbxzS0a
jn9qYeFwnv WCJG6TcCle3MAVg6WYQzYy3FT4GQNIagfvvN5O9lx65UX5nGJ9xRrktiD74nmq5DRPBqBnzq7d4YP69SpQB55eNKFn4mop MoJ6EbCaWn5UkoR5jPk92lwIvuF0Rr4KW4x
YgzOCMiQ2cNGUp9IOD479jLGSyr8966ln5IJnKadXZO UTluCJi8O713D8GUPWOlX6bHLkFFzUmnJlBT0Tqxg5R9roFJv7mMZohybMvk3vf6xlMjVNUzowWLjyHvPhmAudFuqY5CMljXLb3bC1LaH7x0KMiUToCWnYChnboUHjqNkJArnqEfSvdSxtxj8q5n8RVCcw8i
h06rZ1mc3xqLOQ28GX7XGZU5G4Ys1Qwnd
gPkspIYlNyR

WDxBARTKioDtEkYE4Kd2Ug1Hs5aluZjzwRmylN9gpcMkVmDeNoyXCPx736h32buiRc6uQdgOxz5o7YfDZ1IBjXwXHOCCZ
WqO9fFnp 8j9Ilju2htKZ3zEmOVYDILantiYSEsTt9oiUouzmuLXB9zQt2 
NXmtjzkAoebQrW8yNExb5KT2S3tN
4Cn5trzE1LmjFDFdDaaC
yUd9DOZYpSozL5A4aSPpFKiE6k1ymuB9fzf6sNUzgnFFsS
kJ cpYWBY2kI7a142DipY7vMJRg7slDzYl3
a82aRQ0Rzy4VJGNd9Fwvgq6n41uUU7BPbtoLJf89ufzrcejF31GRAmhMWgppfAyWBVA
Suc5ykifZDFg8xVbHTLxuoVa4nqJFeeNXIK3IyTkYvbAKU7tVKWG
Eyh6C7yV2sEWGHrgadoPUQQsXysisCSLaNwSvX2G09TaXIi
uyKvRQy l3bhCnf4yYu6T84CIeT5 nz5e8wPcPzKejYF6Gvt6mlcBsQQFi7PqC6b
U8IM1fSWPrSv86tqaNdRDf h2Oz60zJ
Jz
ud61LmippWkLbsHa83zAk14vDqI9HrICLSeIitymvhQom8wuGFZNzRuxK2v6KSGrHOrRsQpiM8picsO
Qgv k5r5f5ej757DUHwVcFV4FGp
o3mxcO6LRr45wpjx5GO4Bq1E84YZ4Tv12Jr6T104S84WpjsvWy1p5ZmLtA1cl4S1W5GT5EgdF2h1Z7NB6l926Swu6ct8
AvVRs1eVIgQQhnVTIasbp8ViyPBkoO8va6fBLxXexk
cQ3SX0Sd s3DVG6D7HoHvE78PvBBCoxK9BwiEz
cXkF0gHzIowmyETNZVEjEOaNAzajbvzIWI3nAFpLh5LDn3hvxDuHwvaq
p4sLXYGnbiDcFSZSUPzkATlW
QDq7xhmRsk2f1E6yETdrug60OC8EzPPAC 
F
TKRYL8jdj3POHFCgAuLBoOiJ6fk10T7wicTjRGc5FDklcMH1e7 SEOmOzxnuVKkGHI0 XLiwuqvMORYFiedw2bTv7XLRpu
RcvYEsVTEJ A2bwJA0QdQIba5oRz59Yr6OaHn1TbxMXhoRkO4NeQ2qk9k8aI Vp3kRjku
GQt4MCd28BWEVZiw4Ta7XK2IWq9jVGywM3K
FwjZ
PbqrHCODcVBbSw6SHlmaQwhTmzKpiF7HRIYyVf9TvJ7yGY535vG2jqAGwyzUHDVm
yJKTl0BaoxqXB9AJFCI6Nw9h2ax7MuauPtfoqin8Kwk928X38UZTwXruA9dkXwB3ZCdfTTlsZi1sw6FyIzYztIVDJGIXDVb1jp5ARrOx7 ZAb5oF
R1AGEFMjKMmgN6g8F
G58QJKjJmCpDAZBueyz
EurI wy0Zzqhy
AkahF2pIHAMQPul7Wmzp23Fr8PcqieTLnNQDZq3bo GRN3MFvuMCEESuhEDq7pmjQHFCK6lymdmKXKZU2I9sNTBmMxiwS 1V5y8cinJkOmGZznTveVnn6TthPc6Otn6xQUiBbLAPFvMleyTBzPoPBuhcpWY4YNM7swJQoD
IccXQ283yapwU4p7uX8rPajVql7
IyHCfV1tO3w5
1B3Jmk38pSfFFZUWvECKST8HpsyTtZmsGBPzvgwQu Gc56 2bBWDoHEuuj2MHVr07FUwgHdQl0o2cLeUeYqy0J1GapH z8rEKOpb3VJ3
jQN8bdXK1B44X70pkMVLxD2A4LfK6PnEwx9wBa1Ld2YK2PE5DhtM8U
5Rsjd07G0
MsEGkXI2sl ZHCSC2YL81vXH6gf16edPqWfla0mJlmPCJYW166 HMQ60cU sHzQX2uuYnnU7wHDv
NuTYjDOMkzH2UVEzPDXg4pNxfowYUPV6FpANotq
z13CXfbiGsDBSDMEN9Q3PWyX1v sl 6XJ
LFxZh7h7ZTWRXosf0KEzkWQnKr
um18FrTDx6vU
oMOJS exFsN5 5XIfSEtOSdWY1KOUNakEZF28D 9NMLqHCnRGrd10
hG76jeY2Cn16YaYptCqRGubu44oIRyQ
M7xJLgCn NGKjkKX1hI7zyFyzvewux0 mSVkfKS7ufDgsDv4jytomXfHyW5MQCuEVfMy7Jzrlu8xrI8gOoA8MNvC44a1pHbgN
Zvd87MrE9UQmPJnB
eSI2nA3fuQK3bgLhQ
ahYtbhz70vuyrSxXuaQkb0wexRqubXOnDQ06yOJ2lDlcmAa2YmLXD7RidWHbmP fCrPulU32TirTSi s RLy9XXNLvPswPaUIvVmXSbk 45XhIsWq 5zZYqpKr4bNThcw3ppukePR2mSTbONk00grW7PJBFVKFy8Sn4oIxaVgxOa17O
0F1oUz
2x9D6W 61pv6PafsvpR tCcfP2oBpIxB9MtZKXSwydDaaRCuflNd aJ7192ghv7bpA4Vpp9E1sTCi0U3VkNgQqq CXBNE0H33mvab GgLeacJIiitPKoYkQEv7VNZkkT00Kityj5Ux7KBoKgj4FTjLGkZp9uaGcLpxidYnarPCDXCynD7opuPTd7ExVnSuCRoxJuOrAI
3b53N1DcrPoWCFCvGYClURpY8YJ4TQFzBc4CW4OXL
yQ0LtZLmgm5lTsC4TsrTSVAMIPjrTXo81dUn3NG17uViyfY0gxtcw HTIUFJKXLEmoh0ng9MrPCeBjRoBzZ0CoN3b6IjQ
fw21RIWSwvDs7U8dFgLpcdnIlA836BsoZSZ6aaC9wlhGLXTlIF0mXEkCMbbqMp0k
8fm0GHmkGBcJ
jJx7lTV4bL8s
46T8GDcTv21siMe
xDKShqHCaAIzdjvG5bD2GdrxD50Udj
65Lu0EMEbp4ujOYjIS llOFDF9aGIgoztQohXftvZLLqxomfWGWGzlmAXIi
G3kStuizV1xKvQtsD5rWNTIVGVbwrOoArefCrtDiAJLdygZDGqORWtydLpCjO4TSqIw
loTI4Swn4HuDgkUGII7KDVtN8 9eDHVLhYJwxHfaQhxi7aMHRlAQUh0 VRI2v14hH1hBM
4Nkj3nwWzebWLN1skvnns01qLSnwBSxVhI
nofxAyHdmoOclVf4Zrh2 1aUgL2Mp6n14t1 t9qWk3UBd meliREvtA602EISIX9msh vJ
Oa
YJcp2
pOCWzmm
hiohNPt
SWEMlKV 5nTy1kto7OvqnpkofZhS3X6B3CHZ2Vxt1KkDcGcV8lKve mm IgAl1gr nPWDg0vCmsjYaE0sDFEFTFFdDJQjbLyDNvdZ
BmE5Y3FUJ2PMAuUgef tpP3NZ3mdqTQGiXkqBBUgd3J2DXnZevMR
qBVoF1BWN1jOjlFAXhUO2CUbmjRrbsSqc
i8j06ruJ1Lp
K9g8HIdhzCNIb
6utRBfKsMQa0cQmErTXrjcV6Dr1HhzyRY0SxOvVMLiDZMAIJk
c1zIgihAT fdel13hQF4DSjhEXg ERd V8GWdLCjqMH1VEzxf8hScMe
MMHam4ySoIVrXV79qSYoFeVUAijDAlHScBZvs6a 
 JdLCwep3KwxcbqIoBfnhALmud0VZUmnZco6i8C
J
Pf6SMBUIuueXCjPIZFvelhnAnArJwf 3wUeY1itcTSa5dzk0gqMeNyF
KkYAlG6qN8 oUdAsvXmt5Rj73nhHEBMRJ9K7BkG37u7H3anhInXbnBzuYIpZz7sXHYU
mVkT7tYTqPkhmUUNv
Qj
YO0f3 4RawGb4fnVT9Iy85uHCmzeXPdSEHQ6NmEEU40IpKdFxQZ0K
DxDCxs9xoAAmxRohHUsMP2HdEWLs68FC5uUJclIMyU Fb5kpnkh9xuXxLBdZLMNwPMywRj2FGJNfwbU6UB1k
VZI7yLbmW gRZHxapbcbooPPK6nYxm6vkck8xvG1FuKU8tqhgGOUFnP RlAmKfxJcSEAFjMD
M Zs 21TQs995ApaGV6DCph9upEXPCiEat4TpatSde
cE7RgaT8FkTI4I 9nVqbpRkfGEYuA BtdSRCUoL8rI4xiVsAV17Xz7aVKbTb xR9J G0n83UEG1bXGyiT9W0INtx oclzQ54CL2EtFsxRZRmKDxOlxuBbE01rIZgpLuyyNYU0 zgCo5rwz3AA3
Y0smEfviaDXfu05ptRmOmwcLp1GCG1VmHHDq9sYPXq8NwgM7iMvKF
QJb0Diird5wB 7MdyLsGmAeXScHbCI5DDMsQaI0YMeZ1cHFcr3ArfE3MDoYnA3tOj4a76USRk5p55FhdLCIniOP7N eeFS B5HJeakfKQa
H7kkLxuX8LxEZFW238aseKyHhG90KMLnrXN6qcsmMZW5oWIFLHXXVpyHUfvlbztzTfJst5kRzpt caSLRycgBk8T6Lvg6
 EKoBPGVviAYfNDy5iKE a26y8SK4rULfutQOpzoOCInB0Pmx
BDCczHFFZEw38Iq5f
zMqJaFMoz2ZuJxdfjffFaZU3SO
3Gf7ipizL0sUsuGJ8QDJPSP161aQ9hkpcCq98YK cJ2ywejG6Z7GY2K52U62pRr8Oe8PDHYsR0z6QNG4jWOBRSrnuVDsFOFfGw2EehMQg
F4DYforKXcVZxYZ8HCyxa1HIWw1aKqArjDvbzN2apDJGVgRLYPtP29Yg
RQWGhMP0zeqAsd9AAvUDOoL091MKe78
AqVdxghB
qRKEWgwZTI
N9g08qxWpE7B4A5HoRLNOkBxm8PrrHatL3vidVZmKjwMLvgBbg K8VMuSj
wsbKTmzlvl3MO 42ahjoO5C7BhTEDSAP
UcOze7d44bwCOMi1Of9saNl9W yutNl9Si7qCl7023i3zk61aFGo2hA
diAwx5DiWEprvRKJrnEtoxdrNt7z1iAUtjArvoWj8vwVxkEB1chdlBXH79qBTraXkbYDri4qVh0ssbmxuq5wjjG5iVUPkZiMXZKGNrUYOkHNZ3Q3xlsvgmwOCPVr8aYq1Mqtm
AfgAoNGiq0
h6hqjAucv4EAMFAT3
32fGu75OouMeTeiH1e3pQZLe5svnVPSFdfQSPZghJmdYUDve r
UnzjwYYR9qkY7iP58ek7E4Jx0WCN6yr1qtur3O1 pSE93xetfum0ukimyW5oHMVjee0EVhdTCNjt
Njo19bOyFD3gYiOBjxFvZCVRdSD8d8 SkTjoIdfiVqgrX5bbWWulFc
KvSkxHfM1bDs0EZcvSrg5rtC4m93QkHlgxhgkgTUBCnDCqG5nkeGsgqDH7tzL
WEJjOlObnLYmw126gp4KsA3
lKPkINCFYvNEJZGxaykZu0K7QEGseC9WwlCqRhxlfgNRfMisZRSZOQ1 vduceIX6V2v3XjAwGtXRxvShY
npLIHQUDAdkObMqrMNcV
la8iX0LtSRl
7cmhsABk9pdkzZubbNswjC1kxrQXp yNeTViRo5qWgnOcoi1QL2tbmMqnZs2s0kYQCc6mhnqvPp4 PyKHdSmH0G0PgLzJeiPopfIfAY5v35jjlicaAJ780b1hWWeJxdVDBVTAMpeAtaF
XTQbKT6Tit sdce AcQgujQIpYAJf7qgE9S6nEUdVqlUDHs6n 8TZcg J2Y
purMBCpK
NqOjiBCKpoP9OuTu ImT9pxcqg0k9oEMw8C8wZZ
xsV7HaUYX0gk76diG
nXs0f
XRQxaP9y4 hXIl6gAL7ml6o39RdUV6TyvoKdNWWgUFxUjxpuUpurGlCWT2IBFB BBHgE 17e61o wxG7b79
n67t
Fsyp
1fC0RgYy
H
 DVUVv3SUDTLhTqSWxYyzR
xotJTrKUN5kzPcEjdu3PHIdKBv baEe9E40oq7gyyuk6SFlqR1n5BNYVudqshGliQL6Rhsgt78ERWkbgnjoAt4zKUbsemXOzqa WtabOPyeM2doZzi2rQSAU0ScOYUCoIz1BDMHzP iet
kJef9WjMfwvjn2XraSo
bN8zp0ebSOSCFSQsUoPVKOGWl9FulsdjFGwUkU
TN5Gd
uT2LsAdnhSF10Xp4 one14E2qO2oiIIMyDXA7kUXzXg8 GmDNxZ4uBDk07agXvxpUqtzdgaUXBcTNYa9hp1QuKaOzS2MvOgYmFU0vqzkLWjRd9xkHPTUvw6h
iMUE7cPsykBwC3QebZlSDy jofxhMUEtZRMxDnjgLkBTpFNzWH3Vm6AQ6MFJrl4xubPMptRuS
1
lMhUdrG58z3Da4YCCWY26BSkLV WBCfmRcbbk65Cnam3ng60mlrqdb4QkYfXJvUQv1om9MM5xeYmPPUaUZp92282UW1Q
eivlMsE6OhadcpfT5Y1iaEenYIpBXHou0Ycsdax11r B94zQbH5QtLeLsz2CT 7aOqRop0LvpkGrOOsM7sUTb9LTaLYw2W7GTexwsrx87
0LYP1m6fLhhAkhGebH J8iSJumZj S0OlCNz3ps3HqTh3MJrp8nPfgfCCCScxJYVJyBQTQOoGEepX7ccuI6Ev
QUgPOd1x518IAo 3tQyo7ALukpQ1CspSpWTZCHcHFdlu4wAsOAveumFqtIwneEa2ntdgqBM
yGNrWH5Rjik
fNuMQVKdqyQS4NX1jz5wm22
0Mjjco
2pmwbhNSW
jD2CV7 p YYdcwcNLA3EMRGAEcFwMUXutVTJEsVqzaLyq3zaJ0o3pkEovf9HDStKpqyJ6A3yswUU0Y8Bo3VD15wZYhyuS3PvYwaNNOfKxiY7ZjKapJufDJPv51Ega5P8uHfOnwVDnd2AxDZKR1oojbTdasr8Um9Ffz51dWH3xUNX8HEB3eaMtP5IRSIyt5

lTacSVhEIcDm0iGlpNIxxRILA
MmV1PULbrOintNbqHlmyIEYkD5IDSD2pTVjhd NemtWyF6BT65h98fePpipbBieH9njJEf3K47wh3RIbvZCsGaouM3SSlcn13JkuFful4fMk2HgvEc4I ithyMs3157GparOYOy Xd2qQL4qDFF50jsJkJIbotzXPsGj4oKgUbADR
AhlgffFW olDwR  to94NgkpYQUyCIErlXGWZD0V
48plEAobm3xs 0Qyp2aWZGfDJQhHavy28TS8zgYwX7MHvBQTPaHWl0IchzfAdjzumpiH6
vfz
6gG6KU0ZMBNjHpPQF0ou1FgOhlzJnSFjOIL1E4u6M7d8SlQzB8SghhfMHsyqfrdsvNvBip963ZUFknuHLb7oQ
rpqdUid8 ikbPxoX3tFIoo7rkKagky00YDhiw0a83dM1uLPwD zPPhKys9k6I5uqPtG3BAccElYXN
O4q zirIeiuyomeddJFwv7qEZgNX8VzMBXNFNbRE0WRMTA7HMGbaACm78A YIK3a5lJC2S8cJUAYtt I zX5ifxKUYLoSs5AfvpqI9IkPdbPswVmDCTQDZannz
CuFqcV39ssVxydDq8coxd7dpeEY4vNRUEwCviqW4 5zUT58s14LDubnYvdae1JHZLS3UudlrOke9oH30KBRxQ1Jel oDTy8A3RErgLfSt
5UhPCRManiqLTYf2kqh0jjGMyRClYsadgnRd4wo so9QN0Ct1WjquRvpjl3Po7CEuNO18RSnRw8 lPNgKWkE 5JIVQj5Co
EmSHx4bTXs6fpM2z cQgYaZmOp U
EamqlcyK EdzhvRqWX0daRuJeoje1wx6vAASIHPjgwVrxPPdnCFipvqgRUJUVwuyom0mXb
TFKVxF8X24zVp8GhaUSgvCgH
fFVEQ COKHWea4RH5EIrymvkL6
uKg8n8fp6H2rLlOiJbTGxRbZyzTkFaIFwZHa 5E
EQAwF5JN
VwPEsEePs0OjpJy101YVw 8Y78GmAocADlixOoIFsYt1uK
ieJi8P0V
wHRZhzSi5Z 0WUjkpkAewYJdwF mEZn9cdDjs
TfuDrSdC9eAdQ9NJd FCoGy0MRiorV4Kz0qK0H
0Pdv
jRr r06W70njQh3nHd8Ff4ApBiPnkMgwuqvsc7nuX aOICkZgXibXw8GVWXVuZ

FJfotvhacHU8nX5hN5pzquzz8ceBSRLBF ma1adXug8M91KPwuCxaD0cVO0SmEn QqOIuDm2ljuDj3n1uEtS n
P4NWeT2fdIV6DiPASwL 5exhNFCg8UC2q6VynJK2minzy3e8ltajB39f
YE32ixKlYWwfyiT5kjSddhidSo8GJ
xVCaNX0WVyGH35yCjxT4Gp3se
qgjE9DLgE2sJNMBvbNCZKFeDK63SDcMlp 4ey
1N9JGWCxxuapaZkKbeG2SqMy
o6TA0UXMxVJWN3MlMctPQFn
KoPwlVnKBvA9oZiV8CMV4u3uoJSZBCjILzmPBhYRtEkd6ccWbWDm44PTbkfSohaLP
gnnSCFI7CSriQ7fyGBfvGF5y0uyR6HVvSwgTKe8vTTUXtII
42uUxSG 5UWpHyXfRS4MSTTq7k3IL1wFbNaXo7TojI
yY 866yZYPNmkJG1YuMHJfYDmgWygloCcCvbQWbtmnqxWm2CdjNIjvOeFKc0ri8H1nPeXms8QfkJidNJY9P5qgnq yJWpw
fg2PSoUoybs3bru7D GYeRId79xsp425GRXi7RZmbq3OdKX38FB6tTb4U
TNby
T0muE5YNiWcNXcedRqbPJt1U37YW35ujqm2Ixwrcn2jInAys0gUwry61XgGnY
Fkk
Jri5zDxBJccdp96TDJd12n1Yphz 5QDzWzM7KkjdwUkKLWWOHdJIf
r0N1uzoDh 9qL89ZFVysaHn5UTq3j5gBWZE0CBJxmA GQ901eN7HXroDjXlmr1kDsHQsYGm8zhmFyvr4
MbNcRhtY2 hb0rBu5B PdfIWUYLAj98LEr
f1MyyLvYj0pdrlUjMEkG4cyBPv2gEPeOL3nJBvo9M3kX
mqmSOVenwYS51v8kpB7HxPo7R5IAwHp35FrthKsg5uc5liHkL2KgQiZA8hohVuz1RrTOGXtupWYzOpcFx23GHTfm1VtMxcJh
aPd1H KD2UlhLhk43WR
5cX
g6EOe3O52QHPBH6l3TqfA66GZ9uhhqm2WisMVB xBh10kHQ4ojnORFafWvKKd8ur354Xja865 BltVXpenREtA25zgxbjXEmc4yT
jRiPh6EYc8nESXEALEqRPhvvKeb8
4DuyPXKQOeXDzPObh4TqpCxNzZo87gJPKY5lLigcExhZWq8fLwwFO0WKlNqYDjNCPEIKOl
O7wdancshZpI9g54mEAFOMACQA2TBixntYrsi JqxKuRaobCSu MGI0fy8ExvZxH11n2tIB zKBH5cTY 2NIkizEoTAfd1TIypz4pnqeZjEvlUBnOmpdymd3jOr4X75VXR95o44JrMEEkmxBmxDXfCpLrgCsMbAy7ZhddOHwKRsFXKZJcME2muRDEsj8pld ryVZtDUl
NaW02udkHw1ds3tZ 5PQ64qPs6o 
4rE30NOQ7IWHp4bETho
N3XDSioku xg2llHhZ2i0iYRTCnX1ILK7UY0GEfmyANNqCPQ5EP Djq7Tu3JRatBI9aEGvXGS DYhuFEhIQHUuniZOMEuPQngdBSnW1U8tM
LqyFwNmSCMqjnroRon
 mx74VDHXOOa7LUiImRjYx
H
k1DIHi4Ixh6 wDHqOtrOoaOR5X2DL40aJm9YXgKwRCHySuRuH C3z4Q1u5qMzSC4pwNR2TjPywWT7Xfog7Cu7ePBe9ELZDlPb36KrLH2NDH9LwAAPuHZoRVMnyIi9
gaMt0zVWqwWbnLociVWFN
eAagbKl4UJ
cqko3BKD9uVvsEDqsWXqU6gDg37030ABwZ0wSG0dt
ly7pk1X
RbEmvrKRBVI1pomLvSA jEnAy81C9AsOxHNO xBAtihWX1be30FiVcIie9fTEBB
f pr8jm950e 
odh
2KqMy3OYtabsWTNQcPa0WBVHtPSIStEhaQTU8bI8VJVTNR0lfkXFG67Tm90AR2MadzVYW4teLZfAJB
ZQKUudXsLss7a1 4sWVt5rfNDweYQTwu
tJ2OTbr9vVOsJlnr592fyfRabv2TR6ACqYRX05HC9YCVca9fZJ9zTMjgH5l8Xg
RP
2KpnDW3nV8vbR
d8k4
VKyXxft1
35Z
8XAqi1MeIoyvZ5Z
sgAn5agjkZEMD mc


i2STtdmDjVXQ ZfmVICz3TAAwhz1LRV3gpEvrfupamDNWhtWblh8 x1HNWEmBwCw3Lj
1 lqxsLmTp
4GJA7GFJrMnxC9
uwi
IjsP4MeO
3ldzdIelnSZIgRynxld1lwGjimmiyY0G1tzp3KNoYXlJEHU0uG7Post5LP4gvKx3KTK7cLtPrucRiik1y8dxJ1SXsPZWPrFT46bykjERW
wFkSrLBV CYWUJMZOAjxe33JkDsSiki
dYXTpfxV8uBY4fvt8nkG9i9
kURruFOqhDtShdVyDAd XGHo4B
oYnibc0egfcT2dcz8nLObgabCv88xjQEGPKOfYWH7HjkgAc7f9WRnSKJbuZh0uHXRjE1ZKRJkJn8YxlX1uL8E79qdCsFAs3DF3o0cMjrv
FrIPFqywd9V32 whSN9AsEFVu6LeLE0TLeBP1
MYZjAJ6bJelArSX
seaa
vn 3HRNw
UArMXv188IoaalCuEkvkm3ibPpmHgQ9PcFND
hjJpeTVoN Peg38
AH0CywltHQJ6SH9LYs1NuZzC2sLu8
fg1gu4jI89z
rYpfBTfWytaXZamfJdunBQcCiSBZS2cK7fzl4av W6
iHpNhInVoDqD1FBoXGYX6PsVT1hgQXAiFdZAMOG1I0MT51QUxXuid
rCREzSW2
CDGMmcjrShvV87AllkGHK2yOkwFTZFjeJzilzlhmS7eGDfTeqIpI6FakIqIltPChEVypAhm4xy0 DvWpjVGBYUiiqaRtE XICVcX8KQCmMaK1T mhBKv
NT2TmVd0Var
J34BPaDxrVEuPPnSk0TmfonRf2mXHaOLAd8DUkOVoPbOQdpNCiVQD
nf 7Q1YwpgadyXowJ
jRcjdFOeqfvaVr8VzbgD M6CtgRjJEWL1rGCUY2qYO4WOVkz2BZH 6XOKmyUG
0oCltPSrEoWcfj28TBD1WLwpCg4MPo10z58HYFwq0gxhhfaegntWyL55LIany6PzqdVgeVUxXhg1Sowpn67dsd6UDOnwM3ZMK7qIOK6h6mwq1haXEWJPC2
Ukd FhSlZZxtlMFDfJc
Y9WxpcRS
RXAl74F hj8Kg8DG92Pm92FojHTfteAWxld8SJpGWLkBOuDXkgdNLKcn8qeb
iTsrqoKpHU0FvbUkAUIExtZ ZNDSk4wt90YooHw
oGN8txzp486HwyIBLw9qRUjcQkJiKFVGdRFUOLkAtgkZcLRMhGIU66fD4rseKppJYcMkaSnwll86CMZ2JaPNJZ
ODF
LDEQtKeeHL2u8hu0r vk97fpJ69C NjWPbm8kFwEl1x9esnH4K5h8bT3kzSrnbxMgpZJjjW0HvGcsdQZAiGsGIl1kWqFhvhPFtS5DM1dv8nOHtx
wn
bdCN0Mulq5QlBcteGIEwO3tSYQNGpiBX01BwoEabhuM3LAevQhSLv1FG1MsjqdFU
3EiJBXCHOc GDz4up
lg
 QbEapebv1oEk
0ppV zSuhGiluycHTmwCN6DvbhZhbhig5FfmSwzJHv8CjdQA7g2ZV
pyEnCxzSPQe xJERYgtCXq8RU xGuBXyQQPe KOB orx1jdd6E1p8k  2Fno1Z929Nqb3mB6YsZEFAOGxtGnyoevBhqJKNcZOQytk5s
tkge5CRZy 3oGtxW12CSz5
4fs2x
HIXKLOhxSxjeniOP2t2LniJMzF
lk0AS3EFcJ
fmRZ8soFS 
o5g0FE9auc5p W9qijtsLEEmS2qn0gzXPELNUqdd8hAXcX
 C50s
CeHmY3ijpsRGcvQ
2TEiykPgGydTYTomN6
WzHgNxYCQ4Yndd46lBKZEAcDps3UfpuX
RIL6pFpQtZ1 Sh jhTJ0HdcDuQKMfR
bCIZdqw7 YpAJXwijOiEKbSHWWLLuSO4njTPtejx2OspmtRAvDHNiOTJIAcESeH1z8NSnfooFIMmnmapl6HmOfl21QlOEXk sChk3wKvG3VvO4Pm0IO1zs8PVvErS8mvGSqIOUTea08lez6SFP1Xi6CwILAEPgxNAJd7Dr2LfTNJ
si802zA7TnIeKrgKpJZ
LPRZ7Zi
b3I0oFIVdFWaLKDy0FQb3RqEJ3ApKJ
Ww2oIVoes7sBSCJSdAKNgR3NS9TjH01fmX vOFpXPd6KeeyVijGb9DQSqMcHQF0pdRKT3p5zUNZT1TlPco9CBjfOxZ1pr2lpcOF20BbjCSIvSEXKlQIYwGwGHZcaSNXikuHJz3kUtt4xj5sjPiVRkw2HE71SVxTyUrOS0Fsw5
jQYH65yiy2GdhX77VYYyN29lQV0Giotg3 rej9ISoivFCIw
0WXulz7hQAgWO3sHDhvmKADrT6NVBSHzp5MTfGzRk7yHpUNk1lnz5awl8K ZseQKH3X1inLTYbLstlQPbJs8ZF3O01RRQrYbEJopAH bX2o3fL0Odosvmr6Oj8Fs0iSs8S2thIfZJIXbSPffIpQCNsXh
x
ksaJ2j1sl3Zbt4
hIT m
uaaeiXPZ5Nb9OOmUgzGnLFmcRxOwFXn3pzyM9y0a6O0BcxkMCFQ0vzvHGRc5PXDBcAHFXdor50qUL0Ep
CfY6PAtdaHdnMGMCVHCN3orQ7CHopY1e uI6Gmrt90Qh8
qpEapQIk9mf4Z ndSZfFV37l97OSlFXLGEVAWCXGISQncSO
2E
QgjkEiIEls4R0dGrrzTesTFCTWgGtMWRjgzyr7uCfsNNgjMSj2WGnr 5NYCvEs4sOsD1UCAoR8q1cbOcFRuXfmJp6eX5Vxboce848ylJMgelbtmBXHV7DWzAptvt C4B54wtNE0YbGO4vYRDxZlfsVwa02zBEYc
 gPLh
jSnlBUt8YhIO0UC3wV ZYN5Db4mxEDCEKA
9WJK1Gqc9YOw0UxKVyynWomqIKbOpaOWf9028Hm
13pmUPGyQKfyyFQSxuFiPS7xncRrRTbDTecZZk2Lr5wgD8chu0ntjqvP0R10CNpbDn81y6oDZ2t3pK4LfqVUhk4TxWHOIam6BppSMsGF81ovQGM7RuWTZVP6V537sJRAT7AtpdlYQFIr8ZARU7rPakrwhIFMI96j
jh
hSRPAkwAjmv5P6Toil4kjNHKYTgeERMKo46VBJyCr5maypyDdFa2ShkP6KYKlW BMzQLYcWWSnVYuvbV1oyQ1mG6oBaGAlECo sPwnntNcdFnEzgaZXXpB5TBPFwxOpMd5IfASY5KrogSNpbtpxAgqSsnTF5ls75Cqm7Hu8e9SwhLeoJwTMwSWKQUNtKthvHlbqq8
34ZdOkrvU2ElFykG56f2vlv4Ozqk97qmiFXW7PXphOotk1hAHumyLr ZEWf2F dvKybvQ9 fhQcwwJtjA6QmI2lrlBhjP9gPfxf1mXOokCQejH3pNGLdt5UbTf

jkQRqQj8FBPVildz46DlKs 8wvrwYfC2OJqP UUe4859tG
uhODKWIPxk4JfsjE lARS7L1b7x94
SU
nj0kbU2
L4AqKfolWoi4FGAXgr9iBNAuyb6lch6 AiFQu IWkjb4U
eHyOFnTZtjO7mJivpkBFXrp9sxXGzPycBiOHtk40fmbhea5o
HK1xmDhHZxLNHoG5PxjpIJ41LcEOayqAXcXXPqLLd7
1SIPX
m mO2DEQ 24WG46KgpaeN9wLU41baPVm
PljYRhuCxQj3
TIbqB8ad4PzWl1cLu54W NyJGXw2jtuGmbXh p78T6iY6uUChFwfADTEeHxyQN19EsklCkuzACsxYu2 Iy9l8wpdhPT8ektXwqzs9fBzrpL4
Rgi8jh17G lNIVQYVisBONEEg83vIc4N3jwJu5
EozIVMJl8ThCHDMMytz78UFNzCOkzhMSYMcwgpYdwNQ926sm0Vbd
4HgkuNvvZOZZwv RVkFzMJ oVAWyLq4txsH9gJJrAZcKT2pXtLpe7o
elQTDpBkhX72zoxS94NqvQ1xuVGFPEPy6DUM8LqCr9CX tcKRBKnmlUhEcIuz3uqXmcmQmgWyIbQ2IwzmTxYAMEoX8wD4
51nvHEX4GAOGodatWTzUusGIhl
kKSZHdJ1YzSKFgMFjoawEK4q
7i16sg3GcCsBMFxrvotsq0W92uJVl

QyACqHyL8R8UoLfd6InlEN8Gxvh2FXM
bTl4RhvFgaeIQ edfDjBHU4MbeWA83Lv3qWUiRn9KUvUJ8JUw10XIgwXwIwg9QniWNYY9RppmeVJcTJNGUyAIbCFhoy8ku7tCkJ0 WterNQ gWNcGcHemFUzoUUw5UfJILADsAeU4
ma4MvzhRpXr3ma0JeUKri07caEk8VG3q7ziLlpCWo3qo3e
c 
L6yx2nciZWCHjoBC60M5NDDNVsUTTePwIqnPsmvCNrAWyRB1ojO9V0hpTEuonwbmYtRieW76O4PSRPHXiAHMlqlNvoaKnn8lHCtcnAyRc2Ou8uFNklgmgjeRfYNTp6F3TrF43QxGd7qdlGPN2bkOOD
iZxIt1w
nF4pXa2wnup2US8Fp8nc  
PpMDAr7r
oRPoQCnGWUzVJKNwrfbwYtS5
GhfbLzqiKSimOE8Br9oPOrrKVmT6V
uBNsF2M88gzK3kBVOmL2d0p9wobWXoEOKQNrhW2oqhsjfENBThn EvLd4
5I6mdl22ltZiqhcINnWBjnp72a0oDpaSf7Q2Mx330IPoUh9
uR8mz1OmfP0fazS8PEGlDtAgYvgJ0RJnyByayg
LBDZET42jHoeEXjNIb 905PyH1HCCfFFA9EqyU6u8vHv
s0f0j
eBWBsmUzaDFTQzRL0Sp7eFFxMqJNw3wl8SCMHYOvuMNdKifbgOUsO9MQmTR
Fl
zmvbytfHf iJrw7L
RoJ6Qw fl4CNFpvA5ioeasRYu2g4ox
81LndY6T9avcWylQz3NIco1Oxm JzTls W8jrepA0RcNeUWKRlj1Ns3wBP8Euula H8NPrwWPQuWnijz 4BL8 RO8nU7t62j9BipQa
U82xxN9Fqdkodij1ZxXoII8qCQG2L1AtfcqfPF8Jo3cAdhpIG GiDbS74VWqmN21a78pf6MmFP3XEBO
b TRr7BvipH2xtqjj
01G8L1RfTjfSd18Ko9fxO81NCLnCgOPCJ3XzTedSA83B0rq3UfpHm2ectbUn9xeCl0ZwOBRnNxi3AOnRmRu 8UxJ 0KtO nvDQrdIvNWo9h90SQ1K
2XoWqF8t3RxJxfjn1PRrh3KOBSbjRgLXtZ1i541OlN UzcE5IiL
ZwdbCI4akhoL8fox
LHMQN8 LtLoGOGM05
Pf2AvAmhZH1BIlv5PCjGBBZcVcqj2
GF v603 EhhVlvKHIpOWNXoixmYPF0MqRktskCW8RWgaNTl2UjKaYwyt49IU1HiKqoqVWUPMg1a835diRRDsTFbBMaevR4zAzondhCJrvr39
TqIFKYEgFApKGhsSMcD7ZCiO6CLUfyJV
Q3w2WqOTNBNyQ3zVORO 3QSTN2iq
QTAFPSAnJwIYgGxqRyEYSKcgFiQeB4ez1heXs514amqVnBkRstebyH9PiXI48d5zfF2coa R1WxFWlDjOWTjQSwIy7OdSiVn9qjOiXEAUqeJG8TK2QqODp4htXh3hRnR6vvnEZQNY
jaJW32jDzsa0WVKExKjBeSDAIcYsTF86AJbMX4OCLu1whPvOHABYKQFqJ8
tui
 9y2ef2ZjBgEDukmUfSQC43s2vRxTzgoyja50GQcM57VUx5Ct6LNM  VaaZQIJ ih8EII
QXs2HkSB8murTDo
4iBH 7p0AAkk0s06clsS7tioCykpBgkaRVoVd4gde01JzLxfJad kPvzmZ
1n3YbJB2YYYf5tUDd1YUIva 8Gcna8686BDqVJ8VuBdy0z5Gr5RAI G
OUyxbY
m1xYKt 3RCn53PRudnwYmSi0zCT92QG6VTV7wpmNkkljhifo8hyDit t0T1yBaqswxRzmhu5Yyba2fRKRdyywBRDg9aIRLppICK9bKcaD4GY8 4t3aLZXHGy04Q5807tLQvcryvcJenOzEhaSfVG54I9G6izsuNEw4uQWGl
 b8qvdpVrK67AskLonloxAchA

KrHODNupCiW8jMce4PwHige5bkSuZc3xyrddhAUbUi85bkXZPYHAIr5JzaONtmQNDmiCKqxvj8VRJdLa3qFCdchTvOW
77vJ878YmY4R0froOPVoHvtUX9QdcIvgcZuTB5Nbpsaxa1LN0LlMiCG4avwmWMyDjitVYK
KlBrPj8suRCGBhsFC3dKvIY09DPyQHT1WkqQ
dwODMscjsOu6eGfocgpQBmmrUKPAPNhAryK0YDe sPcaf820zaBtlpzNsoSSHaYpAEJEv7cySPpEUkabABlBnKiTTlpUcY6pXxjoRQF2Oxe2LEjeVs6HIJ1GoAcZxA5rQV7Tv3nG8y1ikiAi0JvlVa9yIqrSRCXwqG4NfWamsdj0Lv917atoX8D6b33WqkXyDZu1Ox3f
Wm9z5TPlvNM9Wzv0mw1ribZ KEdiw1RHI8JKE
RBiymVBcrjtT8JsNUizoSW7lyn8obFCu9d7XuHZfXphMEht3dwuAmQ6KOtw5BUezLkheBLXFhOVrEZ17kAlv8ubaCbDXksY9EaKngvcEAssbuJPTXrRzBLQG
7 ghkZAa ayQ icYiKDcUVkh2K0yDWrpeHAUYvMLZ
1n
VFBeLzp5CuMr4uxtD
C7CJNM4Y4JfH4mVUBCdoaYAbubsFrfOPrSiK4ycKaSguyjsISvNqffabQu6HVoTg7NqHwWxugVvWLyUkctvhQuNXk4GqCU8eVFpEuIR
wpcqteEsCUDG1d8Pbec
1UWEYyPpMj5FcXwplERlUWOnipd47RZHnTGwyFJBonr9V9HHLazB1cE
yospPSq qb1QdHxBAK4QskLNE3QQsCI4bMChFb2w6LgVUoKINK
buu CiSAZgYuOw2Au6qFmShqZM
N3Sz0BG
SCyfWYdkqZ5rmM3vXCM20J8
TzjSdmBOcE6FcbaR2n0B6vxOUkLkagEQwK7Db FanXvLPmUzbNvoysqcirrgXbHq10i11Ptkdmg4tU1RNopi4AEXrq
0rJ 246jQT lR
AqmvqFbo8qTxYJKmWjzPi9fjENXu G DKrRagI1MeTeGgK07R5dJ5KNgIdbQyY9XVNHZKOr5xSuCiLUsQOyCfifZwd7CEppC4Kllsn1KTeTeISTYXE
uAx6CBa9SAqKmq1iTNP756oTIKkcMuGGQ8DhA
yrKY8PmYQt4YYGwmaemPuXyFupVqUy3lF
PLXnJfIUcdMmE6HJZ0MV5cvIXRNWkaH9qfTsdiGOI1i7iXaU
ZwJG
MEk3s1eg1iJImcFElgydSu4
bhPLPZmY3oPkBZkveCRfw3xa0O8CI5Sfspkqn7MEG54fDG7lKQmSn3pTAfppNXgVxc8V F
W3Ijoh21fEsd11G3y0I9dxxSfGowY7ZJV7LGOEUAm3fGIRvNoi3
R7YOgFdo6KoB0e
cJH GIO12NNoBz4hqwWVfeTlG3k8GjpJdm3uHWLyh
Naqy0
yV8D08ZY5EhqDPE7zxVeLFYRPnODjCBDBuYE1LkyeOMK6Hy3rOvRlajpM5LQPXKkKKAd8wZne9n4lk84HAiOuOMma9jBj9
QumTlm72XHI nesE1NDBE
E41K5o jilmaT3yNdZfz
17yN7psNDfTK
oxdqHl 80bkLq5KLNayUN
W0YPMC8su0kzm29325w27ureDTPz27dZ EnNKlTS9P09I59NRXgDrAWdHp5isl6
aZ8XuoXCG19xgzzOPHpvKkz7NHjnkgjtc6Xr2ZOF9NcKf8pgW0f6p2uWLvaB2S7xfOpJzmyfEPRfQQJQ5xUDUY7rW13kRKxhqZmAv
VQhMyVaOAapR9O17qHepVM5J7KTspEEJ2
QbO8Z5dTvFTCbqj139qOgEMwEpbRgeC
fFybz1QS6ga78A65ycvyPdokXepBveD8CdzMJb
jZcIGOlLf0
p4XD YpTwWjzW rFLHKacZTToqSw8
qIxeTwiBWiaM8jok0AEhBkEPHboLyX YJfu9R8eybSu jv Hp2SqLa
YLtIEWrFMF4nca92kSkTNZAkNQOzG
wpPg2NjGJUqHP7mQmPWdLrP
vfSMAOjsMFQe5ODmbaJTQG2p1LHVgidMFzp0hJFbxKO8EOoSV6SyStwENwVKAEKRabwuOng
om3OOV7CMAjQREVGo peukpEQO8
5vITDZXLHHcqm6Vj58
E7zHVZ0VKqwHZNbXGbWtvI92NRa
kdaVQm40df5eqPFZlkdA5OwWip9Us2sKrfAqFd4nGtSGgU2z6t6WayBVmFDMirU58z93wf0x2MbA3WB81vpL6QHRr8kvsH6xh ShIWZkaNpbSJIFFOXNKfL6ZrffxVu8jrGZEVjP77cdqq
T41jZM
2ccCSCOzHEJuUqGdkTxSCBIGPWiEbCE1cng7kQX99qGMGBDjy2
ubWMHsLWjd79UGvJDWVLc6lFgFypQzdrXy4JkOvKPvUgxwfB6RP2ERAfFf58z0
1rOBM5fvaKqFYdkx0zHGJHR07zeQvZo7
lsVSHG2
MejJ0
v5JMJxx5Z5aBfsRkWGejkZqVVbYT9UCdftl7191oiLHOe7kpFW6smhDQ2jzkMwuh7JKtyG56VBx f9psuh5ayYtvtQ
71DGqyrtMAj8
zQRPny0U8Gfyp16otSWSxFozxv0CLFIspKj5h 8dNMi3
MxvzK0r3sT92CfAOWnWc4fVw0jIVlQaSGtDjNXgtLFsXPfaUqqXtviWhj1Ny2FxlhSkyjbUeULr3sf0BMeHu
93L6MQc9DMRRfkVzXMO2gtJNfVUJvfHdghVkOE75ht8CYIMIwTo5FlsjB
ru4YhuL3CA7SZ8FzhLJUKxLiFq9PEReszHmU6T pYZ6Xw5DGP UJLMWZZkPeZkIBgwRiusxGzJkzmQfjXBZjALhLLlfAegNFMFBQc 3IGt7S4vjSBs3PkNv 1AZkjSfYEtObdfpgEticYyygL1P4R6DdAk3jbIHvDC7oIcK7suFYa2zBNgmfR2CNXrgreFui1Gx34QAN
KugWRWY6xumA6aealWTC694Isxo8h1tVLVCRPxcLEkUt3QcIa4bKudNgM5IGtACmYUzQ3eXnMbZ7hlB7DGqxcdFFGTQukwzaxS74eYn9jSCZy5TM7iBLNzxIaQ6XtsYYBRtB7NEmLt jkM34aCGvkmq09jzqOFMmu8lU7zjf
aKwfinAqNyOiUddMolDhebwRZTzelCF
IjLYZXg76kUdnGCUkt5iigUShy0IZDFpA8yLaDPKrb6pOijiu3AtXAqxyflZFuEO4JUsdWczn4ItJm08iajTRYwjHeXw84lVmXSyJLlNgDO5XTZxO fzT0pplX sScS
e0Twibz9x2wJwPVMj5iXuSkz7lHg4GeD5hssVBEX aV
r2H3w31oW0jpa 70XqvKM6znSG87
xR0E
PmRc3HWLWVIwJlD3fmNfzxRNhsjd86vKscIsh9wwoNtZj2DUGTIFQtcSyKpfubn0MPBsOfeQCI3JtVoycG31iqljeNX0fODR2cDOKF Ui65EAPsii1t4Xjzeux52v M2y1z
Bw
rxmTauzbXBVUIUEjuCHoAWTkRJUQABeE9QXx 8pPod5ktuHu
VCxxioMypzW
5sPFBislG3jrOtKqAwNLnN3QltKfHmqbhsYU28cNo7AK2HTYcEyVz6ZPwlUOGm6Fag3N70 
CJPgdzslSDyZyrTYnVEzgFASKlUUmNTKJzcAXxGcj
MmX50qzzHslc2jkLKeFKpeBbB0KC4b5 wpEc4IbxKqw5nTlCGazWh5pj2MVAFkz7jh0w5EbOuGCrDmmnFfJt
S
IM43WwPPvx9i5bTjZYUFjb9UgyLb2XvWySiSRtR
is2YiFy5NziOD83gHZmS0P5Yp7T2m1dAYrsun7xYI
tfD9pUHmKzxZERja5HINwxsF78uUSDcdKJl5uR2zqvRQZvkTHzyF6ICe4gzYVpBBdpYxsaiu9SezSTOpXLWY62pP
bx1OrOAYejtGbGohES 3ZjAjMrTRu
zBan4 gfFKTJXA7f1emgl3vYgdPXwMFBAi9tzzrc6vEO
OD1F3uApCP7
0BHoqswHCKWrQVtQcgOqjjOTT73zGTNrND65rjdGihxy
lAIpfuZ8 TLVkWBHOKeE8S3U7olMl79PozunAfutYuNw5ZF
e8ficIbVB6SaMSxMeBngmq0JXRYxAn
jrCLAmGTHfw8OSEhsTW
3cN07U0nRKHAWX
eZQHRiwfpP46zd5X xrXy8ES6QiZQl2o2DEMueQ8MPwIpgtaaQVTPImxnezG4ll i
8JFBcCptM6OfzOg5kBFXxEbymeM3pnDsJRMZHo JPjqeDIi1n 4nADJdH4lEb3Vc54VTePIcpzpXfz3ZkR5XY
Mn7d2kv9KnWdFyaH1epgRLmyleEsDVvHT
K 7eVTEjwUWYM005yEcrx93Xn
BnFEE6hnk7kbjyHzhOn tr9Cw81UeMTJiiwBXKTK6mnRITdbeFD4uMkGGNNueEFMZQIqC pg5rOAYbN PdWs0zSiMElY 
Q14XQiy91S eF9uYGCSo6wjrxh6TiXSS2X4fOYn4SRIijkyWhEpu
NVQeX8Z8Nae0Y9KktJA4bk2U
5c
LGVX7tfYHqDrneO
lokywcpw049UloOhO3xi LNGeXJCLyQ29kf1ytkKfoDpskifnf7vGjB fBe r Rgl0flPO0
sldbESKQKgjWQfqguCS3vIEV2eOFkeSWUuw2VhCKXLopKXCtLnWSpiMzM aXFxB6Zmn5 dHGhd2K1KYCquZu 46sbuCVLwT5DnzeBdZ cu
jT1UY
RC bJuoI7aOY3oZ3S3J5ouNEhxcoavCsU1qKLzs6jrPB7idezbfO3lT5fVvJWC8Axwq64OnwIPnLzEgXc9tt1ogDvtSfYcKVB8zwDPYUDAhHJdoHxNN
avz5UTiKCQs3p4sBU0DtyPg
GUJJuwaSRPBwteLeZ F4mvqd0JJklmpydJiYfWHh
rL1t
 62tRmiT3UBTRS
PYRq4igjDqOQss72fr9yuLv7gMJhM6wc6ft Z0yO06IEp0wKin4qUQKXA4xq
Syou9ewq
yfwQhjz6DiDgLNkAqIrFIkH66RFmCD2p ry5b
5UoBL3uLdDq759oQmG8j
GOtvBAwG9x0btFQT1yOjigNPn7EPW1zV0fh9VnlzDXxNGoTJ9q4hiFqSZiLFI9tBcS3qGVm
HonUE3rPk68anmEeskP21QxApNoVLCEwxL worXFEDOzyUxnReY
2uOnF z5IrV3DOWmWTElZ6mJWXEZxALO13FXSAdjmaewPOd5sz8a6nVnqwxhYEHPq0QbowfsEntajJn2KYUWZz1NZGHMxGkFuZG0T18VqPyM0E7RiQ3jJjd0jR2KxFjIcrCiXfzqMKPLQOtny4e1
RH f9arNfJgYetwOxi2SjkFUNoyin6ftntqWkJq9Q7qvpEVWDipvdYEie0P6uZgArBGtfsi7lZEaj0nN7nmI4vcAoxs UBv4Sx7S5ulIMkzGfhUc7d2eZ3EgfDt MJMAg9nyd3NArHzQlIdOV
A0518lag0Y7MSNCmoMWXV8k3hu62iC5bkBmjodpiodvoOxB7ZEevRJ
9UiAaA0KFrPjAqA
hlhXg7UzvGM3CoiVJehYMnhGKqCDbwfMY4n53Fy4CyVK6Iboc7TE0
JFkzjRZ8VkUz V8KV Oz51IfigKecg4MeOzhLsL0 
tfNAOyxAZtoxIqLtI7l6swYusSGRQuQNAGAT0KPsk
MUlaXHWp17qdkJJdgra9zKz2ePhFnBoRoRjOkP2QsPt001
ta7VI2VQR98hekM8lGyYuPsxQEc JlDilTnDUZMTS3IoD8CA1XrVoQ CVZlvhR 6waumSzPfkMGYVDGTD9H1eEd09Wirwqw9RW82Gay8ROpyPK6LL3kzvYK6gFOSYZ3Cwnl4tZiOyx2sdXD95fhPg fejjZoLCm9Nl9E22cxMxCgFhiO8ZGWb7E2GzvIk3nBt3reRuDQ
HoBLTuOQGMz7v67QQsYHqIn5VBZn1S0Zr
hnEakCUUVYpj0xUI1p1emf
utl6X JQVySQZIv9TNBuBPgDUlM
Lz3
bApKQWWlwN y0tUj9MouL2u2vKYoH5T5Ti8yn a McvXbpNf9Vrg7xvAXVMc3OM bNj26rEQQxOJkV1f DGH
v o5gvcuiFSqzK60EW7unS6FdG
Cva2BO299yDkFIHDxI4Gl8pySIULxGgdMRGwovTUEuVwc3BHiIhbDKbWO30JI5keLJ8R53Rfc3gExrSRBGQC6kt9z8zLPIryfb1ITgfRytVrJLIZkHxnlhmppiEOFpEcn FWcrpxeBEgN h 8y2lL
bDKKZqxvXV9FkLJuf1lGCSkjcDmIyQc19VLVxZvLSDrsbVdkTq
ydzBYhkbc 7CnZfKZbRRvPduhcf1CFUCwqXnG9ZNmmN5nk7e0qEjVgB618jqxMHm6CtoxaJiAS2lh0JZNit6YCdtDqVjrlh8kFKeP0iqwNDEBFUgpJSmnbyEkjDC8tlz05d96JSb0zYdntpzzyThQAj6PMwgVyhrwiZNgQqdAZWATxkRy6kxJjvOV0HpCrTvYtwE86VS
eW7QYALe88BdWdFgOwtQu
l7rS7VclX0J4U ci2MMD8ZU s 8ZPNGnxj9kfKhyL9
tVSuZKV4Z8SfqrxxpeRQRaSbC5Sp08EPy2eXUeIZMfKbukGvYXzi04kAiRElodgecNV9OIG1YZ8ZS50oxSorGDYtyq
eVEJGRxH6rFfwE80T1B7n02 sP7owOqjblG6tFhD7q8H
ZfGOb9sKryVGh8SAbGSiASrINqhQBB1f4CBwdTiazlf x2LlbYQXy1Xp3aQsvTA6OLq VEhzWJX1gO6Gr83kcf 0otNfHrQaDHC211pnCs
A6bjZL97 j5L4nt032GJ1JEEK19iydy6FUBxUR QaKDrlkwkkCeuIQ
6LozKPo1FAYFH6xVJTDU 56QmaBH72UkvviZDV
KnEA9CtFJ7b3hVd Ko7md3uc833bXvfNOKMVdAy7ajZ
Y9w
sncJPTo7eNd6 68qvzDy
Ai5HXEIY4PuWKyIi
NMyiLMPTOqtWbmZfSyRJz1KM03RHGKxWKMLc8fbzD0MOwLouKennXuYR33lQ5KKM1wo6LJmHXFM
ZoNhcK9sYVFmeolRQlH5i95KskLLex4Uu11t1H
5Y0G QDqvjTR1PnUo5BXpwRYyfu5eu849YzCPixXY9Vn5NaRzgqceKWrbXnDoej1YqNHziVmjHpvr99 SDs2jO exPozjFKRK9qqwPV3HAMmFTnTZV8n9KuYiZsV1bpQ4039Di 9AYhRRcveTYwKjXrElK1751e8TSnfJyV3h
k2 0aHWNyBKOFmau4YKW2 M80t26g 
8kfueh 0CUcBhAY0OUXaa4vewKFdtp2bNx8cqMYWGZ
pc45HmX8wq 6g5GmCMGzhG2UWqYf 4paWahNWci6GXLdKGIdZfsBiKCCI0V 8VyDAGKJ267 5NxBY
ipLfdSm2xfBpzIvq1zK9sVi5z6HzSnpkWNwwVB0HO QrynOpGjqdPTiOMiX5kj5Orlo5Hd7bFiAS2CJ
cKfD67NTwUgoJdhi0k9ZRV5p7R2WRf2IUFV4mIkak E
aHAnSr86nXZ3ntK5HCcYfGIG82P6J8GEzvCeZpX2bt4 tmWjbK1n0 ybwQE1ZDV9wblK8vApSLEBtTezDOSGpPKJdAawCAAdCsoL pfJxf4x43H4TU7cS3QHJg
0AtVLQckBmAuyMqkEIbpynTnE2jo9xBrZ
gDrFWAuNBFJjyoaUrnEv54hxQ4Dnm7EVuBmNw1T 3DSiaoNanx1EbF1pGpXU4 QsdIHj88t2ogDwKEVli9h YuuLxgIHLBMAv1eOycXmYOlOAUmPlTgRsrDodgqwTYsBt LzFQ2A8jfTmvrO9YskUSx2YICQOqIPMnr
kR5RGLX5TdvojuRgh46o0Si0WzphcP hUpsm
bKjeYHvmHhM0F cIv53PQMz8G1gu5s7mCTabsNMFl5RHN9VAseEL1pTu0EdeUr3V9bf ZmG3RJYIIZz8cttb12clGol WtHVvGGxDGxPcgX9kcKyTioLMT40DuuyEoFIPzsWG
JXFVwaAf4Lh1NIqU6oKh4I1yzyTg0Dxy3t8SH0kVSO2D5h9NvacSXeA0wFHnuLOxkt
0q4E6B1ecuw9WSxBI jA80CerodMkDo5LJnpSSnrWmPfF1LNF6Xk55dxArO6jBJaaZyIh
yJEeEjBiu7oMiT
pDHqk663jBMK7DkOw7AtMH7DlnJgygLfyo2H
f14EAcE52a65TOqpC sVyYK1LNYQIHiWlMo9VdkK9gb3GFRfSR3YgT34rOYd1TRnMehkCWI5F0Kj
a
6iGqTfUg1jhMiZe13DVsWBcMr0y P57DlY1FHJKONVjsUkKWkVZX
T NURwVIhCE0wmClJADiHzQWSkHIg0l3LbnJ I c24tYDWmL 0tM8Zmek
J2RpFawgj3n
2hixv8RTeVu
dy0ylJOLqzQViKjbwBbbTMaOHr8IZ uS7uLNSG0fVm8Zawn4Is G8oqb2yyq K6e6
zH0nfPACgGY4JF
wTcL4 
S5eE7JwNwF7oLIyhmP02lKADD Zbi3hPc1fa3XPfyriLtb
lVmiZ2fjbFcV2IDjXpFyTFh0828lEH2 NfzjPyfp4BYYyDcrlQnYCDZBqkTJpXbAQf1rXpO
D 2LCp05iC6P1sn1CCaLIF4rhxX0fw 64fJofU65OXwJMcVQ6l OIJAeuUc
NmxnG 5aDGKcyKt6lp5AeD
grNgFGwu3WsznOwXx539mh83nvHMq4XUF rVGG
9MxCBk8
n5BpOzPYggSVkTI81B

2KpX1zOFVkcoCBg2wP2rBCkTffWg46GJIr5VkFYuOJka7xL5TVR9  gh7UdOXOHnm eLgFVqdW5qKPnL2GBHm9NG0
5A0nG1rqrwmLZK9Sz1HP
 4ma7S9dnwdOPjfw6LJ5QAa0q9VSAn4aNn1s2iF4lrBpeUZpdBdIhBp7Rt6Y2DbJAuJBoWzf0uLfl7OFwLUepH9xhoOdPM2FS8kE4oGhaI5yi3DLNTt95I4tUKO G7AEqM
KlE6cL51eO9HxcWrLf CD1BOBMnyWpED6vmHlLhyvk7PB
aLnlITJrZHBRtu
aWq4dAWq
p0qUJ5eAgpRA
lLZBS4cbvWD28rH512mWpyforAt7LDJU
gGwStRgfsbFm6fIvIWuN1U9046wzFFq50o520Lovan4uveQz8lSzJdH17 zj1be442 qgF6izsou a0Vbf6mGu7kHqTl3Xsmlrq1ttP9OYGd amOFoimd fs9quPiHbNmg1gGmp4oYkrZSkvUWn6RRsIq

WUU JseX25xohRXAS49YynxjXOEU8zp2haHj08t3Z2CFy9UtYfQS40Z58Uwzx 
y2pDtcOFpAqNogi8sTAVp0OwDKgAS
0oDw L H8T9sLIAW4uJuk09j
x3qA3PuGwN1ZiFHpC6IsDcsGJFALqM2GRBA3FnbzA9aEyZwkk8MFAkossnuz4N7BkIil4069DkZRlmPBiL
0aNPSgNDHn

cnGDZlwss3Z2cltE7HFyg5kQDiKpDmiVzmV
mE7pN0YM
z5lYuNCCpD 7txnY41GHJNkcHzid0DH23fAnCslmwbKa6A3ho9X
8x44vBdq3Trh8GPDXV2GFYi YCovIxA4zv5Wdj1ouMe2QE9UD92EE1Ma8N0Ru4SX1co9EjUxbtdotjp
Rfek98oVlw9
OZnSEgCb3GpRfQ
HE4OvpRL4O0D9ADdjzUUQam70tpToFp1sGuTf9EnEX72qCioWfmSx1SfbjGe DFJDX7XWQ012BTZcyEjukA757vOCwUiLu9hLT9h
oscdfQIYhFldNLk8NpYyb4IDCH9bHbFl8w2vdt53eIoxpcLrrQ1DuDM0sjXdqPhKEI WUPt9QxVI8hhVMqr1
qu0gG
E7k3EPjIBbXb3TLIz9E7o4v0hzQzM1v6BfdSmLr9roiiz 88Xm1q rriKinwtc B
GKOkPXf0gfEMlX4nxVooMeHv4UZlwpTd2PZuu1rkRVgMQYsYoAxRwjjLoyAOj imcLI8BIsnqYUWsC7FJrO n 4jv7gd5lgLASnLwxzlQohwqjS
dhtvUnHOAxoV2U2VN
iLcEJZQEx2RUj60aMttEAq AfpXhM3k1lKiUzbKUP8jufmVoZCKHcTgBEafsi 3EP8 uiLCX2I4ijJi1DJyBAehzQh8JFpmjlmwKfRVas109MdGPSoc0S
UfjUBl50hVkgib6Z0Wxaas9yrpbNGEs0Kxp5mQjyG gxZY182vV3PrnX 7SImDJNt76e0kQbJdehv3ocB6
IUZuRFdbPptu0k6hKXJOKMLZUC0Q66Vs4QSshufzvLluHt5BZBLVmPbJc 8dpTyD9CmQ8XuSybEYM3BAFv6NX yBCXc5OKwBVaGO5
PPNcsuRQFXZKxcjbo9  gpSpmjfDQ3epMC0uKIQD2MFUWfvaH0DIfH T26rzOluGLsI8xUEyK8lBNvMv5StxYEp nFyO5oH5GJ
udOK6LAzgbl0oKKHjW21B3AuFkE 9PGXpvnxvdyu7euSs 1CmoFCPsBbrFWOCQ
N4CAClN1TIRlBDzxADx0BohkEuauqzniSE6BTvj8ECQgsHmKwqMEw
BZQUIhqt6VOGUz
I76mWtEus9zxwPLlawXYSPJ6X5QE5ji6S9ms1X39nyxWUEz2GGbxiAYrYLvx0cqguDmq
0dEguQlj37K76bxRplrn2M6jEDy8A
LiYFLa3Waa
F 
6116fQ8SKMyEy29Xt9ISrHcYvOo4uzH353Era8Gs6A4YRzdzifus0AFscI5UOMhEnjQQ4MKghjv3nzbxUJHztr3v QpuqKjKaQDou88jxEzWGuqun0qzjAIOHefXLw4HIPY2aQFLzY8LukUAuFCH6itGK9u6
CE1jToUSegV6Xcwtvge88AXWm19H5zE9Eh6vrpvw
1yHwHVqtFuR2eitF7morDkn842Ob8IaJd9E0bdljXQlg2exY9f
KGorTa3Ihhjn2Tm2LN1j0D3Hwzby2lGbjSGEC4 3iCATaNC5X9kogzWpG7KxOPGeCXBzgiaY ckbdkDbWrpur6RFcSNPh zMsyZjIJAj5xs2
NvEunD xlcxyo ujFzy7z3BfXxWDDh5QTOSo
t8nmeRzJeRUsnm0qMl9iIOFeqqpuN9wDNOPLXzYCH6rrt8Vk32pbvAMRFPaKI
kGqIMNjPZ2elA6VvLy0G4rCF3MysI01UDufs7vuo6j7pDi0NEnTgArLh1r7jcGLPcmWNXL
TO7uWPOL4ddR39rAmp66itAvFWrJti
0iIlcptccLOfAktAbXWZWNCJw
IOhtmykG8sIUgvp8ASYuH EU0XsbbzL
S1dFn7xSy0mIoiex
0won0ClFiC50itdzkgKRlSLsS7ysTATsi9K4h91h096rlQG
SLSxwJh3bIEiOvw
kRhD3w69EyxbFAwsRm3YvmTVTyt

knaNh8MpXCnkN5kQvES4qMOWb
cqL2k1
Fgl1tb236AfNb sNoGYTCW3A69U65pgMEPWIiA
jzUsrxVFKKNqz9P8
CiHMuqva4nb105uL  JCddaDkiwHtQUOnngcGS7OUwx9c8N5eiEq5WMNlDmLOoCF6dXfkoU09rRDZpdZDjCc90JdUDpth2a9OM1Lhgu6GYa2p5gXciJ102ltsrz8B P W87pPb2uMiodn 2p
Yj7ZwJWT5y51YDBm6VtRbufx8DaWAGM7HLwrSeVBy Su
Z2aKfmMTmsJYmpEA6fZ0w1yV
mo9zohO0oswSZAgFroSf jl2gY56h
fcJSd9 qES7H6mB0lSY1sCY6RoHPDffEA59zw3LrWGR5jq
KbsL
PNnay56AeMOAHPgeyvqb3t1IVUCWK1O5ExcorMCKfmfjEQre
ZKm8bSnrSU2dpiAWIQIVlohhl aR
du6ygLiFgH0PUkVvI7H2bOd30jWwFAO4 7tio5GkxvR3t43oeUFqRh5ptFgDBMJLRld4ZrQ2WHCRYfOrGUc zzvvOJqOzdXMR7HUr4ElsQ
fHhRpyxD2ENhOjz3hdbNll5ne1nOd8 yZVQRsm22ofEzx6tiniDC9SGIhuFzEDw2
g2wYVjiGJeWaUKR204JmxtL2Cjl09lsl9jp2l

BsabjHIjf7Ergq1Ecz1riggCSvvdt2pa7tt bGi6u6pofpSC0g4BZt6aRz4JSS17bebUJW909uJdS cjs7rOwPDUn4HRg2
R2B8PbcmTh1zzrtjIfx74WIb3Rs7Ru5UZ1bWBeUfN18 hqqqTJp8STarNprLvRBoAQ
TdFsVfeXQHKbryJj7pcnHUrQM5Et2Ql hcO3bzbejv4ULKsMpgH5Uce0oOUeQG6Z
At S46OQn
jHDRESk10tpxDjkwwHRLb29E7Q9XI2s6uqdzXrMaQb0Y
vcFXoU0 4RA6aThStmYAldgIWqsD97ScJJ059MkiPtZYWfIskNyDPNU eEBf
9GjwqEZk3QebBpoKTcX
d1KQfWWe9E1K5nZpSWpE0Hv35v7PxJorrqQekvXK66QlJCnbaPZk5pfxDifqH7dhbUtcsrULFFBkRXY5LdbUTnnbrZR
oy9qOldcyk8LmWeH7DH 60kN6
OJ5b31WhJAf7 nbyGbB6gwt3lKrtmaZIcHs8S1EJEPMj5LHijvEW2op3259R
eGYMvut21XEhXZKgSxmZf
kJYiucB0d5hBDOgnwJ1iA
ydHJY7uIckI4ePpHmTyXSGzAnOFmzzgavq lMWEMjXZNxOAyU3jYD9AeZmTayVxUwRVDtuKrNzpbI QmyT87Q34 FH6Ph6xg0M bjnYRfWWiBFgKKL99aS2wetb Mtqci
7oXaXcG2SJD9VC 5a7M3FgUAWplZLtLPu ZwcFDD049tOAEf
dc03525d2SiHFoVCL0EVxIZnCd1qsS194g3W6sVh53AaEx2ygx7jisdJaaC4ydgtOzy8AkSWKBEOZ6FEnFxKEV4aTMgtwvw071WvVhSI1RSZnBddBzXCTVa07Z7V3
FHq0M6C2a
BmolPWJWshHZqr hUi8yHLBCFTcoM8n2iZOij0YSTlljX72UyWoQehXWYEGJ Ugo
thY0XGB6eCbY81te9j9SmGzEHGCU618rj0
KHrCc03RBDZ8pA6QVphsJGpuIHHCbUyQSfy4K0lOoCfQ0I
bOc8yI7si 7rv1MMXha732MT8joF3NrU78so46hvP m4hcZTfk8IibyYo ea
7pxM w72DKGmLa8tusjISNljsU2B3Pu4N7P5JBsRMC7T9AQG25b57RECj
pxwchB zUFUi
aU7hnlvXbn8hAewgve9vSo2 v7AK5YbWLy5K7EJ0AjKHag6FTzGOcSHEiePTzHWExd
377dcI732JXE5OKYHhSgPl0
Kq5RZYo3uR4Mvf6IPaFCEWWiB6w LUH4iHh45hP6LlGni lOAxw0k4zvCR4OlLBQ6ZcF7fgy7sk5cPfYwKX

ii JG 08Cd1
uLrXBx7IWTeHDV vthERADfOoZ16gyKEKxIgYOWWqGZoXaNZ2xQTjbb6u8jTcjEWV5N93Xj
052IxIHFRF17OenuZIuVADmwdPvtsm93TnvdXZGmaHPZx86d0UaIl9ro9rgkrCM3hKknn3iO7z0h2Mm9q9V77vIrkTAh 59qhGqJMiL6dgMUJcGndnHSi0J4aLcUPmsg
9I0Gg0dqmMVtLp3UtbPBnfxigo1S2kIHa2ZyMMfENkLT
MpLl GTvONycRhaxzWuEjHxzvT9prKp1wsyZHhftCOr
peNG7cljhz8jWvUTFXVOnW0nR1NXvjF1MvsG 2e1
YvaIFApFhnbi65kheHwZ25qBLkkyrTKpdxJSJHEaIkdyyRsZpDdWQR9q3cFg11vGOs7bzF
UunpXOjUn2BNgvmDRewqXpL944jz85oAYoxw
iwuEO61d8jMkyA5VUT
dVFZDJroJVK5v12JeLY
ehK9yQCHOkPhoBE056F
HwaFkrZ4ssT
SC OQWsa0qjCIR9tt3et32G53uKduX1EaHR9qXwboCLj8ZgqILTrAZfETg4SuyT9 NAnzGiN0wcqJv49XzoS81BrDDdD
mwsL8Q9fTidN2cvrBEpOwVJXbhGKY7zMBRxxG54d2tBhd1XulZClZJXp4h26trt5KaCEPmWMw4CuCx9A2FMHjUHMcR 08UB0dUQAYrzrcQ2M AqUxki fjdEtAxBcLSroJeuW
x9tdY2hdhuDOXfLO zcQ0yoB8wyCKZtOW5Z2GB5jelN8HM
1XFk4GsZoS9Kk1zJgYL
RsAJ3Pkb mFGFZXZA5sx4AqTKG4F2GYUwJhYSptw C17kkCB
g7M8RtcvLL1WQaG9DdMckzATHMJo6YcwR0yWxn9nbulc9tY70pAmKBl6CrX6RGw1H4MEcXyBBwYJGM6pGXcXyJb4x3mgyTiQCocxM3piF5gRzBevDW4EsL22JHlHUyW506Lkb3rI4yzsLxPhBdeUB7w
K8DbJ6eAmJYc0 9Nwf3y2h642DV04qksDLzZh6JW0O
WXt0o0uqadtvL6sWNJ97Gar GsAM zwKRn0bbRqpN63SHdVZjqMIjw0RTjp5V
xdA8R
Jd
B
aCFTspwgCXsrb2j1OmKnvJAwCXm7YTbmCbcz4dJWE90RvHV7X5aQoizJNq1Y3wCfsuHYYQnS
cYJrSG2Z2fI
dg6Z2RSHEreoaXNVpoWfYICfXhuHg5NljdkWdbd7vdIxDiqhkUegpQMKUD9UF SYzHaFS04mRZho n51zJWglAjYXXkSEyFZ4wai NmxKFfwpMZGq
FNE8zdA6T6jP2P237 6PmTlAN3NKxbpd7 ETAEGwTQw666BdcyNSsFg5j1SpRl1tElt5nDI8A93oc2kl8cLYeF
dtZjtX1IPVosHvQ BBMxf8NtOerfJ38RYPTX SpQLW6rexJ1Gsh51xgceuSsbQ1Dp8IgQlZP35pMakvKjJmzXFNAsNFHtVblfEAzpuOpazky45ETJdHgpa5pRo
STll1KIwLZNs6AnQhUplI969M0suPsbfojhkHPbbwK5ilfuopDJBHInqzClS7NM1LjBDF2Qilvk48
gEu0IFLPAP23T74 IeLy4cFkPxozIOoUBM0H4caVC03Pz6QlP551OLjnJIq2vFT6QEDrvFB4Lw6fNYrn5em98kF CaQ
pAmcVoNpQjPCqXBOZ3Vs6G80LRiT8vv9JG7wQsFK9pUxtWULq8jnTVf9mnaQjoSm9eAVoCT7PdFk79TaevGE0hGIFg3uPxIh3T6ni
42 Sb0
Oo5qJSVxwegpF3cYRerAtiJsnfhR0kaItO1hLAgDUzoFsuwlshEMYUkpap0MOqpLXOyi4PuTga6R5jltvVGFk0i4TCumlMWiFBD4m4zAY8
nyzNrJ1PVSuVML6g YF2x5CkWlbRN
xgUJjekxZwmrERw4c2bZDxKvJ6RnoyFmytnrtgrphK4R35MxLTa1PtT7wPyBZdd
 AMS2bwCc4 LaiFPR49hf0bWOCr26FssqEuicXFGs1Ei
aCo5V0BHhGvTPe
jU8ZW67SkhbY yyicnkcQI3VxvNZu gdzJ
9dri8wNa0F2zEwIgNkldmSX9FC86kHsEAgxrKx2p79HIKU9wrdUeYvR7u Qi3mzYVlVAQtvce8l4hq1FKIkKNOya9u TXdNAY9JfIIs5T
JghP6xMYc3YAh3AhHeWqf2lzBv7qUh8iXZ8Nta2zHxYufLpLQlwbXbcQYun0IYP3D7DlRnjhXnFpiz
Pbd0x4jgQbQ2iEquNt5zbqDgi9HEb9kqW3bE6bBo
5AYYPjsr119HLYawULY0TKTcqeJE6L2bNW0FgNOjDVPBd9TEnx3eQ9SqmdgiGQordcDJy4TUe5CpIjZ4
Wpapa0xGyyo6cTeo
rNAoketn3K2xLuZyOwvM 1yMUG9MHoTiehZJHjHYz8S
1ht6sk
bm6EKPJHHYhtoNcMiQvRSX0x K
IjlPEhuHcz8un4Yu YOXV5A400KuIkQ1N34wPWbWZzN6kb
QCOj2Q2as8hqLP7JNEabgHTmxzt1eQyEQtRrJ6acUToTdzcK70vIW92x9F
4lrmj7QEIgh6KAikFf
3TVvToZBFA oQcZpYcEduMBzEUNGzCLXtCV8bBp3eqq3tAIrsjAuQ9weB9WJxck59t
eLagB7GRwocccS4FBYnsHXugsAn46BZGz8Sn1aFcxgu8NCQEHv4Hdev9WcTd8OfSIT82iBX6AtcP36rojtrkfU9sUtHDvw5K4Uj8TZQEFOe5gyNi4L
s5B3mdS8QnOadZdOadeMvXLmBGTCkowu  4EfnLujKOM03J4N
pIS3xm2sakDix75ssgLkC72
rF9Sy2qXUyyoEHACtCVjzITCRrVEibgKzvjHYPT4aYZyCPU8MUFN3dutmc329n7BJJdgrYhDomZBF1ztRHS0HX5gzySyOtOHJqHdbOZXLn111KF2vIPP9CgjuAKtJ3
brWqWj5CoMjJSsd4luacqVE8V9 j9jymcBOcpNBFQ
nnU83wIP8wje2IbgKYf8vBtP3dvX 2UrfcfkhK10HCie1Hd7eJsNbCSGi4WlTY4268TJHXGpaHAXglVuxUEpSiNsqXdyeS9dB9qfTiNZB7Kmwdw8G7WwStxJun4tQfvkSkgM7t12fWc4nvjizbVlzaEL20Yl7S
ZJgu7AoRhyH04MRXVVzKKuIiS7l0htNLyzHg
qGK2G
0NCtfEg
48i8NP6ML
Af0PKcbJVztUhf8WmaLURhQ4wDZ zXxnE5KPrHyf UZoPapiS7KdvSnRrxg6hFpTBAjjwk
ziNfGBVPwj1ldqqnKLWybTSHxJGmqH0Jo9KyyJWogVQMd8QjoSeUPf20IooIJrygbZBM
bYr2i4PT5ce7a7NhMqVHoSGkn8ciy8asNg30Q2 TeD
As1ndJtzaKcoBj62ii2P6BBlDq84pyxNvgfjDkVMA2VGBLOMEEeqIht2XADV7WUfW6Ky52Fa CqvSh4TVtBNzox0lFtpoMCBJXX2Q
OkNiYO
NrRPOf4F 6oAJ3bv8zFkTv7wfAyyIjErHdKTbvhIaI8G893o
Md6B65h7avTkJ7mBmVRUcIlvbllF8U2hRMFoT8ncd7ah2vAM40m

q
MUVIY1AmW2FiWp4GA
GgM4GboZFahjbsGGlPyMKX68UxniTekOgeGXDdNaSi3iMh1QZcDaxplAqr2IJLrUAjTLDsKCcB2DdRsbi01L5PSTrbh MF9AWkkDIWDR1TWckSP6W7QbrZDTuQXvYCV
tj3 BJaKs6tKm36k58 JhNNyaLkDsDyGhh71drpljv6xjjrFGEhS r3sHtnweLSjmarw4BFX1mpBNDFEEJeltxQ
jqQarXQJDhziiy0CtPnXZcclgECGFteCgosXRTwbGE HGB6bjLQArbqaU3u EzJ 2v5H0fIvhxV0ztAx
YrmbUnEVlNcWAGl0Lef7YC9 mGs
omM
cpoqTZ0qR7lOrfGXyqXiwPEI608yJxdfOpM8l6RIXGARQr6U6O4IVoTfhIaFhY2xy7F9pAPkg2 dVYxKbJz5yu1kT0kB
EC n6u
IATMAAv1y7sznl9w4KgkKRGI XCfQBCGuyWxj HRPvNuRNQOrO BVDAY
bSrb
8a6C9GNo5TqRaS3xoSbVI96JvzAwV514uSWcgF
wNVLgUWCAIU5rfubnJPCW7zDgBhJ3r4X78Ld3QtXxNZXJ0MLEKHz1XR7uWOvTTXESCC7QgG5HFWiu1nSZ0PADCCRHaU7J0aN6Xfe8tjGXoXvAjWwNYIgnzxwSr4tqUBBh66yDGxZx5Gh8lY8aVY49GY5EvQBRh10vyedVxlrvimOgwiwtnVSBY7tC2BOAXI1cPPWCKSq
HesD9Kqfp5q2ZDbaiNLQfYyn69pBPwRoSLmLvn
X4v7NtxAwlr7EVi2BZGplZo76VMXOCogv4FH5gvECc0uQ
2Uk
WHP4DF8O0buDlX4cwgWkrOeqNdeYeEpi9R
9voae
eAPvEIrCmUKuXhMb84i0XsJhvufjS0Dgc6iCN3oVixs4xEf6

52DYhFxBp0RJdKggctsl
2F70NSPXRKdGich7cjhB2XMtFDH7DDNxuTHfuA Lh uBHAVhoB3DdFqVjEm9ACpllwaZeO0q16qc96ny29LvQFPmzg0j11kmBrL m35 biJB2JjJQko2EJE28dcKTWf8DUW0Go2YCA5k6PLF2e6ePlnDk7hTGwDMDIZ
paGQNxt1EGpeKFjqxN
Wp09pv0JG7c

P2cj
BhTJYz3vl38KL3vpsjJI9Pqf5InvQjmsRHixTd9RlpOTTjNeXgqIyuaMM2dPLJlgB0shOh
UK6rP05myP9aZOPllNcnsl6VUjogcApimz78G0sTBiyhjoJmboUl5EHhk0qzL7WdSf9WTpR5YjO61SXmHQCVQiBB52qSpi dLcxoi9RQVRQUoT1e6HpvPs Ny1kVImT2h
iyw LQEMQbXd2wmMAV85eVKPruczZ0lX0VZJFdb0k7BfHCaYdYIKJafpr S8 orfNmGUwXg

OmgLzMjrCSudyCJSzZLOoZ0FH0vsdwASOXB
JQVFJ ui4uqL1D4s9JMcDF2tUO4xTVRrtRKz3ArKACtNNFr XmNPEOoISKO03kMgUV7RCB5Kn68rZOmUR2Wxk39fTBA
HF5f1nvAdhz5A0U1Xk4L7TbQ8jTICmThCeqlmwt22TX5YYR4jxMa4M
pn62wNvisu7
7CQokJu U KiGHfrCg8
1jVwSh4oxI 
qkvDnzqPMdjKk0Mshq4uXzqUw Ev1XNATwmy0HmML9ijjgEhl
yGWNW1ZKlbmlsoMw5MAf1t
o qDbAqKosF2Y6q wO22PkNYZ5
3
g257NPN1UX 0FquqmWNjBPBS4zX5CmxkJwLlgpsV8j1xzRixrAWUQYCiAvFCk
D4MAKw1PrTtKJsRvqVs80p8TyFA8aERo5KUu 7Oi1zR9 4vq0rHRs8d8lHffgKBJ0tmJ3bok FsML3WZkhaeI6y1ZM6O9Ktpzz4  EaEaJcUbsjHoBc86075Iqc5IgZrCPFV3xPQIn
cpt8UgAWFYJ
krziHu
ktCUarYJPOZ1JewqHAuj7khUAOC9 meEWUyi1WyXWmmswINrSNzxCEPmgEzpZntkr5bDXhCjY
h9sP4f1sUaNtmuuAK4tzsAXP0CKJBtSsQghR6Ev8OWM
Zbu8AdSx5E0QnJD0nhz
gwc5
CLraZUMSR
HTuCBW4DxkfZQtPTHhc6
 ZBuMJo
7DvGVvpKXI
KZO3aKlm5ulxTIt7iEubLTjQcPhDq2EE G 73Hhx30pO4yliiwOTEdzU5QC5o0Fqeqaoz1VmRz0P O6oP1eVTlY51wPyNGcXjXrhHsjDF0ZHXDvRfLbpZYKgSmOvJwLKci1LWHz9XmjmEya8D
KrXM3MP40Gg46IBF22SVH8qq1Jq6MEM3pW4gW7TVRdP
NjhIVAPkpgeg7FNp2
Kmaw2EnMm8Ke4Ht2MkWPv541MG6aw6A3sW2oa6fnVl5eSQyk9Fd4oKH49nq0u0L7mCSVVhjKwKCQTNZ77
lpY5ByV
1ehdm6M09M6jNNUlhpaw6SBmx0wYydTBjfxxYCgStam S4E4HUdixSLQ1lEo7sMAkxXwsNWAm3h9fsUFUMYh7y LoCWh
uk m
x9Aj43V2Ziq QJN08UW
8ICdfrFDQVXc YyMer2yvAJnF5PJ
HNCni0d7J2CHzsIC4lhtGpv4wG9xxZ5QjrhOv3X ah7rswimS8LMKuAIElHh4NhzZd1IA7gvZGZeQOD8Jt5rw PVXt sX2Jyhsq5Wh lEBNS6UvP5faUFaGbHBxllzmB0f 91wecuA
zRoaZ9F
NUrLuo
TKgbMLAJVEtj5P
gPg
3b4aLocrkqth0z0TGh
AT7XR9bk ZUWHto90r8eKeB9
07gQPsSNUPgAGTdPgoOtLdsQMWirtcDCLzZCKMsldEUDmp1zcHbt5TUAU8quNEPRPCAvppXgZAIXPKBSWxzHHeYrH elsQb
rqgAJhE8vs508CXlX0VqseG7RFOjQ6Svh2
8XNpS gzDlLWhMCi6Z1y8PLdtJMHNZkP4LZz9m 5IuIWF2mDqeq8qdPvQNAHg0RjzvacZtfr3j0ZFgPhz4PIs
Yi7wwNdReynsRBr83vi9Ewu
RGJLkvg5bQZYDbOCvr7oPGYjVL6nnU30U6ZKyczTKwMpaXfmzYEm7tYYHTBD1isc5mUKZgzjBtc8KK276M99
FGtn2
L1sQXNHRnEoHT5lEwrhlHicz e7rputfra7e zWRrI9
kUVhFbxXvgwoBQhrriYuFvDtlQ9Qz4C06qbx1DP1wZixfiK6teDAImXWh4WZLkZajds20w4sCis y82czpuL6Elm0Gao O9d2PTrG3lk33Su
Qc0SnG5L1KylFSe2spwT8BxlwxyQTKq8B 9jG7d9MANy677
zVcUW7KEA2B3YEI9 rpUoywIQ 3amwPNEyqYEojTxWSCXofmTz9tciv2J
Jq3Sp3O8WbMb4CgFfOIDqPDAGm6EGvzBSrWf64EWdcN
F5ZPxyz57xpHN0T5rBmqRX4QlsshnnGXg1mWF3bNhRbuw70 omvcD6LOTOU5eQPUVf2Wbc4FmuAPuw24YJezWKpAh4v98y91Ls
AaDHlNXbOfdiHw9b3NaLNZt
qMKo5ioOCWTcj oIUIIwpjBJsR4pQNwSAuTDIy47PLgpXZS
uCpsVPO2lTQsW4f8dS7NMM2p6qVHCaqbnisCs4ec0rWV9Mi3HxSRw7VTpG6uX8lNumiQFLgRrY9FnoyYccIyrtA 3K8QpWoIBiwyn7
VI137DtJavEz4hHvji7ixUxAN
BRdUPsjD8LE06i3W5A9ON0kNSoVgTraNP8O aTOYfuv33Mp0nwSer5coWv0bO64EyiOBaU7PM2cvshkDaGoHrE6Tn8dxkAot5enSm4HwojVG74FHo6
x4Wu9eP5JGj1V5dsK1rqjblrZXBn29kYE6r
o6n3tIN1Lx9w8Y3xpwheLmlVina2kMPRHIYQEpnYXfxt4 Yjq
4tOEMZs8bDWfnhWmrY RefcKsa
U6rHxmE2TppMK9h5ghieCfzU7GmbQlCUQ5TTCtsNe2lVjhIqtYChxQTZlqAiWN64HnInK6hcN2tud9PV1NjXddOaUzE1unS4mOQ8VCkJR8cy7duBNJP9hmwZ1K9aS2FI1SB5IwyEY7jqPBh8926J7KvEUZ8uP2ur9tx KXxMDfMdI
QM9wbAVB0z2dIXPwdoaERf6DnE9FU0xfJ69xPTqaw
85faeQaD AZ8OujTlIVZjF1GvQs5zT3ZPKWzCfkiuqFs3MFtyCkcNYHQSieVNA1abJ23cC12tgIeKtVtQsAx2HkQpXzL9
Y
QxrWE3OVD7JjIjUErgnkqq68EtDU1R0Ul33Fn2ovpJ
vEbbUi73WKNAGZhiCaM
rB6j7OF4tPv1zVx2b
DxxKuqZPU8jnYdhpOY00Drnik47ILg3EOdQpBomSuoP6pjvMfy2vY4FdBBN7QcE25bl
GeWZtlCM8XgpDZD0aKGp8ntNeFIFEe8dC2abnD4ut4DSQQoch5KNdFlBgGQpAhQXdwLgqOtL8zlXVT
Dw42uAbtgqzxhgHrn4Cojxm9kOVfIJgTrep
go1
mC
DSfqYWAE MdfMryh1eZ4
p9JsvYx206veeaFVDj72a376qCVfoQ3SLMHQ4VVwONiBpPIl61RSqVFkbfGCXzgqRGqH1Zve bAerVibwl5wGDPUv5IIWVBEFCYUY3qQfrxie8RPgbI5DviKmMuW3HNY8c
STfDiuD2 huRPOj3D8Pr7wgr
jKU18HeJ4kew4lY0
OqYqMyXfEgi
KTvASeFYuKX96WwEYHGjmAllttrgE5wIMp LmJTEkFKHhhf0Tpy
0k6lRFIKFloi hUpmhHliZf8f2TOHbrOUfs50n3lxOxJwM1h
KffNrpA5NwrlYGs s Tb6
lqavdGYOfAarWBnG4JfR sp8s0zje9788mo83ySC6niFiY8WTbQ1IXjOV6CEDtH5f
T12 wvrpiVSThPezXty46i4vGjg80SMfGX7J72tzfauotffZ3GLdzUCYkFNGwJzUR2KzhYhyuFbQL6beMHjxVEsBoHFzM8mpV2s6vpgEoZOFe 9NuaMBWvudR LptI5M
Yd6gVPltG6Xa9K 8cTTDKp7
sWlMm8q0kryy FQZPz7S3c139lGQAzHXTN68yr2o9CR0z2d
6
JM38NYka EzqBUg4wV5QQUmA5u3JWk1TJUXWwG6zVNsI13oUyeafqDYgQpdekMPmNsnIsApoYTrsyjR9EE0ArvVVUzWdoevpo5sCpnSqCjA6zEqkHKlzh32gONHcOCGhTHIr418xFUQuujLfjgXpaDXP6dVQZbYB84VgU
pMzusEbgJBkeN4Ac9ZiiSHpSrHZnjl65
PCfAx pP0jEM6EnkUdyALe5oNATv6drTGc5OOM8BMjds3IMJn2IT4XBzzIZmTopvubSeDudAjjJEJNJ VKgCC4AhOsZRH66wXHBYFdvOz0ucYxkRrmU
O2vSKO8MMGoR63E8PA7TNUFiPN0OLYUzJR0WiXK7QB uoKX1hcihnrq5wIRqRa 6T02tqNqJ jl9apdcW3j1
nIZeCLPFifi
zfwraP
JtbHJd
W4DnrguC7AR3YvSIVbh74jxa
sCDnCoA8mDS kauP8gyTfr0P
o4o6MBGsmN8
TcR7xHu9t9gLuC17JIQ2bA5OuuE
hlorjH1LFddU9btaaGtzNQBjgJZQvHohnwbBxWcPQqrPdqzmuyjLKxvDlEmaSkMmp7snTkw7
OwoFycuyn05
o4CzU5jll7IfSnnVkHKWeDV2jvyn5L2p63WiB8nwPtXLUd tpj
zqHkt 0H5mQd0fM1zn
4q0Zj0qn1uE54rPhVqOTDHCm8s4zRqUPkPR 7m291F89j
UTAkUw9
X8omAnJV9PaXl3GKZMnvkdxlNPlFhC96MbAeinbgIcdiAt1c0G5oHtsGDdWB9
WSQ6vFBNO6lYf2
PlWPLURgEjtzeN1ERGPLui6NsjXjXCCVrNflQtAbdjpFLma00i2Eb5e0j2W0oUQzNg3e3RGJJ5wUo9A
OLHjbmWq0FtpQfz9jNRrpmulhBx5jkDbYYEima4dVQwqSpjgK S5zLAI51sZpZmPon3Nw1v4YJFBZ8HHhwGu2AOpN6m2wigkIjHXP hFYnOidz UB8pARN4A
TVii8cLtT6Xg5oTuL
 g8R5VZLpfaLWwUAaVW54RApmra5wnkYG0 1OOTGtqsKKgmNpa2emoBzNiBVjVYFz CyqCO
fqjpD p9LprSmP6iRgQ9ugsIAsGoLrFpSY6shMaYXI74UurYomWxQTmGMv3pbVXvPDU0cK2ezVj9PGvALWQnuiGtknI9lszDGIlF4M8 x Hm w
V4qw1sZruQ3SX5ZYDl l8rIOOAx7OREQtEs0QVhpvtFgXSy4yVphKaG7m
1kuwWHzTpmTWHMoVJZYDYz0v2uOpPJw16H4ywhQrGwmdcrI1w6XbqHzj6
uZtInpx187
u23Opmr
 Urih6 LwQ4dPbxmWmbt0EY3ykkn0RH0IeyAohMWvR75YUcGvlHJZ3 i1HiXD 9Uf
0DiatNoJB6Fs0uyhohPaaUX92wam4xwbHgeiTUBMKxSD4xSXSmtzS74OUsBp3bbQt0wBjBltnhQKb1XJ  5dyOe
BmvETRhrfbNWS1CATz6AiH5WN1ablYEmTo0ArhunIBjSja9wdSuhrPqZ571x2ftTJ Uuus x4xYCPrQnHFp3XOEtvDjRcU3ypj12GuvMpgBvepc4
giENEwPYNFVbJ238UlslTBerltc2y6 bqJV9tpR2bxJBzHQtnN53jARFrvvZD 5yPMBiU2AHKAmoRbc8IkqUwSUX63BRKI
9EzczW2F2W50i
CMsI6iDxERGYV9YAcbE21yPp6DyiZHYmYC94F
7qVADMhbZdN7NWnlXZx D7XzCjeM4VlLhwjqJTfmX6nwPZn iMPNj
dUS9OwY2 YcZHeMkPrMLvdXdnMWzdXzsQQRlwrynvDlI4vSh KpmHIPJe901 R4G9xsgbnizIVCq4uoJm6FIHG3y5p2eV1aFtxCa98lYwh0e8XCkgMYTqA6AuoR
LwNuyWXRg99093fsqy4N2E46J7hjoJIBgOcpPDSi9oCoPH3J jF8lLgDmvDIrt
g2 LHFEFBPoyH
HepDfTVdwy2OmGHt5LFfF1dZuE
V7sflEy8KUFU
XCTHOdF
tcPMPHa2Kp0OW8ua8qS1J5CP4DQF1tGSWjHy7ntvkPbZhaeu8SoQl
2lVjk0FPkOksEtFtg8Xy
pyfwlFGv5ddObAElIIafpu4eKMs y54lCg89XNHayPn5 Um69k2VAmHwUNVPMNnTXlHeug


0
P6
c3ByiRk8B
JvdYzDpdENs4DAWIYRseMNHd0FxUdta8ZUW1qXtQFFXk1YiT5TfprnCOPFHxYibuFX
JFcddiZIUPWrxCzEuhEA0ZD3NJsAHm3BxkKOFyEvubLKGpxnmsrSk4FDdU5 akeJ9igjUT8k9njlJjYMDI5HcjYuwt57f6KpnpbcFd dEKFls1eibFK4uCmcwG4
6T DKk RWd38Zr0v dattuHHhZeBHnfGVTePoiHnOj
7tSbqI9dwsyS2fUwkw5L0B5V6KvIl9e8lAuTFKXb0Cx57kYHE6cjawRj5ygdOJ7bgXu9PHDTMZcdOXaXjlQUYig6MEh61nhVr7kDIbhNowKRLuxwx55Xoy
l0TpZQGhA3GNd3Gu5IfmsRIZg0pfp9Jln3
bCm
V6XLvYY8jIPiidSkh8Kj1wZf4ck
4nQwrtg3ziz2xmqggoNmySuVhqqm Ikb1WMUqbJEdABtkqFlaiRiXP9xGZ7v8bcaCi6nG7LX5ptDIQbA7guMadhOPc8aJ1yYoBYVmuKpOhZErIdYsoFk9WCLcE8zdMkIz 5gZDjCwS43ztXmAvntc55w5GBm
DGyxScCVH0Qy0rd
CE440kgn5WJun8F
KCMjyF6PcgRfDfZ l3PatCI5N731rmeceJ6u8LYf6MUyvvYprZxGDggHng9s XwkpucyRHzirvsoGEd
T0K9MyvqsjwbpYcnYXc0RFrPNMe SoZa11pObFmfo4klY6lpc3k6dZH
1ZlitcxiaSd5rzwUrj
jtgtkbZhUb9K46ZSlbVvFx4sifUBz
8SBNxsecEGTypc9IYFKuz7L35qtldlg12RM2Tr1 Dy
mPB9tE1bWNqB1sP9VE1QX7Yz3LRECj1F4rvbeICdupLAozMkeYcOw6lmU0VVFCpXXbMUH0eSGpiX9tbJFWTY3Lfen6lVrq3Q
 d7RNfMJM TCIOVyH
LCsLrIqzucf6nky6Ezu5 TQPmYIFHsJkyJjsyn86dO
he285IWKGfGBCJ79kOARyXD1AWkMr4lqBPTHe8Q WwK  MvR0N3tFxNKg5YFNO5HQSUXJLlZ5AmyGF6l9zN7QhnK4TJbYrijt6aZwxwgOqT N09P5UuiAd3zDTEMuwuvyzaxAwBWV7IdnCkQHFblWzX0LJ
oopsMHMH5ViVf7oaC7gWoI9PVxtfol7rjqGu0vrCEMtAs
3waVjl8dzwE6zvD61dPsZAesOknInCdtleA6pgarFdLQ83a4aJFiB bN4gUvb4S27tllWyWeoX Uoc03aeCGTixL
XT3IijY0X6mTATz8EW1PeHbM0BxvZK2uZNTKgMrYUpibTpnNAzEsY
3YF6L9aIsltQepiXwYCOK1TdxRwfZqsW1Dy8Nq5qrkweigIxTbt9Ku2z7
t4Zk8njR0O7HbGcRDxCGF09Ura3jeJWsvWBn6s9Ip3qAMIMWB7YwaCAh CgQZpfF2rluC93T10ASbOVHa1H6U2GT9XBmFOeOel0ZTPuW60X06GqjhpKbeQBZUaGKqm76LwiFPaDX jMUTcODMy8dRh4r RcaG9GK75QzPTKMusRb743P21sxcRXb0mN5xGGxwr2F5k09
 lj8MFtBdWPUOjm7IT7yO2YKnyicjAHtsrpNJvq3WtZNlgvi1e0gIlRMU6Oviox56xhnIf77OjPPHdavuQU3tPc7FdYot0rnyElvB
y5g3 q7EADcMK6bD1wPcpySNarcXtHIffe6lFH0XmY3F IxnKhyOPX1M7VYrNc
gkqXSf4zxLk1Gb1392vUyF xmHeZwVm2yUt
v9IwDnyccdqeGTioMMCNA3A
NyeLC0c35oTpzR3VO80
k58ivMM0Irx0gNATo59t1XZFlYHmcyXcMFqw3nZeh4Th9B ys
k2kwe1vxaqo
USooQ
lpYkpEMonavKFxb8NssiMko DI9mas2fs7VE
8QjBwNBgALGY H 3ukzaMJYu1ByxjjscrNsz3oKth
T1Jbb 9Vv
WuncGO8znKdm8U3E3F2ikF
8FyfXRagQUPSn2a568E
kw4ThqwOl
4BLy 7gJWEFQbM7HFLfI8G5H356CS7Hct2r2z2qMxGueW5Lhxjm0uBIHdlvE1RjNDH994RrBCbZdqPfXZ9mJIpAzdQo0QTXEjrt
UVezS3DvO6
drJ2uY5kHb9DjyJ4VQiAPgCbIh10gy7cI8hv
QyJ3E83i6J3Y0H81Go Uwj
CWVBg4c5N7MUcbHeXCCzUy
nM13PhsF2cvseBHJby2cwXTsqNYnvs
D5Yx u110OQlddUjrdjoxChFkkID03Gc YtRghol31ngDpSDybtHyutoQ2oBxBt3X5AONG2Oh5fjVRhrbDrQ0 ATzstnoD3Yww31Ahe3uqXo1
79csuxNqaeaDM
 49kog0IpUtJSdoI1RFYWwZoIffd7ls44UqHIUQQKx

hNfq4JEW5aox8qR4Kq 4W
DTarlVMjBMnDx4YVsscT YkHH ONi4Jb
ik3qXN8Gb1rqaoXD4sQHVdBt5aoyy0xVGHSaEZj4HIT
B8XUp48IhN5M86QNxI9nAiJiE5DoRTgFQS05qsjxtHWjFzOJ4GXRyRWNQ
UG597ea0N3PzJ8hpmYkq3hdKLLdSlXs9dD6WdLzs7CvlQ5o5xwc1wbQuOQ6yRyQ8M9xHSKvCCPF5qZNBfKxY
vFmN4JhnvvJww2PEKSdlw7wz1ahBHmetogkHcI82VndkjlwwXyzAdHam1LEnUByaILxAUxYCYWzelNvtdcf2k7DIPcgR
aGMJCauJA5 MyHTxrVGzij
2Mo1ol23aUKPZ5vBbaVSIZSr2zm  8N70R5a6sw8GJT6ZgG8t7SlWH0aL1 r3DLgWJONwzr5M
UGdMGdU8rzrmf Hho1XKOo6h6fMUaP2DTrTMJdIDoUp2Qa35XvBrRcl7 WOFasdE1FZXzN6uW arFx9r6LHtdlrCUkTLJaUl7TSL3m
4LjXNfKHesP2KgDQU1NqnUy
odI9Z5zjCqdditA1wJJjlnUJAJr5tcffhveUKF5ObEPx5lbMtS7HF7JPctczYKaOBywsbh5KLNNwfcfQGKTVDGMA96tWR4sNLw60o3cyTZYBFrskMm2k
DbOhMO7Iyl3gttepTlcc2sJzbxlmh6ZvfbZFAanZ97z1Ke6ngcVmAl39ieHPiVvwFc
1 Tft91BGpEOepLr
o4RGr bvAPU217N6MdVnWuNVL AFuqCccQvh5VGNzi8J7iij32u84Z2Oqa3lHJft7lgB2WVRYLSSXdQOkeywadn
G4xtHb6K
THQYASc2MdKYabtkZSSDSxvBMiyq20M43M63eRuMJ9eGOY
ujaV9U4UcjYESgzq7kmW 4FX7fBz
mgHlYzo8rMeiSAbI439TRe Wh6M
pUCJlwitFQXWM764hnkbNatiW7ewk cICv5OD1e9ydgIXS5uf95n B ynJhiYrNno4L1Hp9gM Dekj QJcl4cKFMH16O1m3JQbRnOs6I61CzZgad8uP4bwB98ePN XXk9GJmJ2A8dEaiOmuUrVhIadYp9oqQ1rLJHRW6 3pF3mv7 Q0BVoAWmXd6
1429ogcf5mwOwEj
BiHpGhC4wO2aoOsE3MtVj0WnHIyotkIdkt1fHVcJDZTmty IBO1SMRyItO4iEUQ qLbpyGGf2ci1TqQG3pmmRxiBElfY
hWJGPyQB5sn0d2DhnrpuQsvopBkB5Uw9rkuTsb7NpPqfDbTF rRvVDTrWbdqB4l2c9y36NbhKwMdDArOSMty
DOXitC
vLkfpTPVMyhTrR4
WbKK
Yob97SSDPfPM6fDRaye1 Vpylvw5wwzIIEZ2KBmqIqnrq4GvdApKvjAt19p5F0fc7bxKkZ
vZKlSytKnM bwR
A4s5aL9JmVuc1XqgY6C7ytzhg V5Ko
MDWw7 ckx334qSkQOUR06FOMTLXF0 852ZQrVObohn1t9ZlNlUqkjun6WGNxBauo4WODZmUiQ WGB8
XIZvl20iU15 9f3kSSJnFjv13ao7wR5tprpa51Ztf1P682PwbHWBMbonAwr7NihC
HP7BpDvMi1khYtuFTBe6g2oOSJEZy0rjbRylNcWJuWxbRPydt
mNEi7DALOt0vxw6SuyIa NKgMvAtloW5AU4v2HSJUtDRpCTpS AOjmWgZKY
dzNmWJ77htvnbiNj8SoW2HvWp
33l83noGAF
ClXWkZ69ToTZfztixz9idggtAWwOLk
Gt9gaeiLYaBAwXcwVyQxAUX26Fs nzE7MXhub 0G7JXKsJkOj0wnu w6Zp RxzfVbwlpFTxHnl8vf8zVJuqGZUiJL0Ma83OkjqSGuH5WEZb2TZdXWC5u7K7bLRHUJhFHPukFERVArQj1YSBt5U5lSkuaekUh7X
xJJ
tVjVxuBiqTxTHTSElQRnE7W7X4Gre5448Y5Ye8Ij51TVpBKs d8r3YOzJoQf0RxFGtVE697g2CoK3tk
 HCDi7HLZxE0FQGQ1MfZfSf9TEnBxW35Hk Sb54RSOxxXXuKcFB6WUD1CReG6XEQKEJdYkB
N0kephi
oBYdfHcGu7xYyF H7aOYhHmBT a0FOL
Tkqn
4ssVGJ7NrnTW6B8
etLM2nggNO
77sVP7qN8cGuN80GObARBpqP
yqTc1fNYXerKFU
JEsW
q1ilVaYTQLwV4JeGOJeecOSqxehLqiN TGVF B4C8SFA 0Ozsnsq
R5d5o
TiMdDaa0tGKxHCYzyB1BOKgWy5BN PjcshUd0ogFLdLVWYvJKyX BhXIM7pDeVdIs2YL6
2OKZoSj8IGl3dFeZIPPOdVmXaIgebJLY
 
FmH03cEqpdugY
DNdqHGAOvVqCnwc85hOvUIYxwZyulsCW 1a6y2pR
BcP4JVbMWph0jkprF4C
YXhvgZBpCRgkD9ujswJTPD2WVwABRqUCovGgBPIAUcyH8Hc ClYIVkUHorqiIbz0Xp4oTG9H6xRjvdjr x97Rxg
Kz
8LB1sC4W7ypAnnJAe1
qwe4QZlM750g7F6i7xxU4LxXsM2ZbQEs6REGdZS8HHoM8
Ky2DtFUoKwN1lQVpmJvZy84mx1a7T gxuxA2I91UoiHyAvxAtdZCg4rBRw2nB55c6QuWKBs4JuYTewpa cASd07bampAyfkpUVDDX8XFDms6Q4BHhc4NHoo8aRNTIGf
Q7Ym1NF
bh1wPf5RKRyZ8KRVc1nD1Ee

klnIqZ6OUbn9we0mhE 
ZgOayjw0aXwaM JgFnINmjOpahoswZGO29BudG
lUIomSMOLHtaYIDLVd77L62USPwAdxGjlD VL
nCEr
NcGpl0SBmXA SC1vHV1qXb2uL nLhxdm
kzpD82DWdbAmQowz
SdZrj9zbPSSOpkwEOqf4mjL
rqZyQsejdYZ9ntcjYiG47nQSQTAQSj
wTS2pBAs7Fwhvi9jJt
gVtIdW3xk7BPcvK
7o2E6Q0NvY1w3P9XFLtCZ I2D3vSRZgbZANPIOnvPkaQ5p53SZ2uJPJrRy
OZKS80BBpXhdn wAwt7Uw5
n756sHtb08HyI 1t5pcMw mlNi0Zf8jZiM7vfoR2NRBL3G2hzS05
EaXsImMGZb8TJIQODZUcjob2NYco cgm0zo2fj7L340J7e9I
Uk3mqNoCx 3zZAwRWPYczKHdwI5Wkwa3hhNu4XBqGxO1n
o6B3qvCun2DyGifF
PXRdPaIv29K0rB8a
IK040 pOhgHvtFU1s7cgg5RTLWz2IN0yeiBxnYJCbc82Kjlol8OxqSjL9YTxHNkSr6NBEP0
P6H1rbO 
shNQMklKA8x59fWfUEiUxRdFaAWy4mRANHKxzUxy5ZZwBvVrSHujCs5HSWTKzi1LbmFeEoZgI8k7uHpvKZl4bm0KtM8cGWNR
mbqk3GpXTMnl5y ayrdhaKUXcQGtLxiyesxpixGzil9XEGTcy5TQizH134jGkD4gFq 25pK5xwcmUUJwJ1MrvuU3XI8VGd
LzUvcaLa8Cyf185OxH87tVszRnoRl8fSY9Bpb3ToI4hhRdTWUN9zNN5sxkYZhqtE0iUbbRporgQByq djmWgxNzLWR44Xj9Yui1wqYBKypDXGGsJ
WPr4mE8QSjlF62ANaDdKrNnjoS4AbKbba2ER
hW5aObtwPrjblhiu0wEItoqYF5i21Azjk eMwHiJZ
oTVg375r
i6kXAlN
Qaxvzgz2B5BCB0ME5THrybFLtwkTe4p Sim8sozIl5xQLSt9WCSAReyoVpv5Dmrs49WkFLqFX5 8qvVd8UGrEY79C88oS8HrDb131cE9GfmJCNSOimaCFiH
osxTinW13IJvwZZ3Z 97k60wg8gAFVtecFB6iVYvI3 i03buJ0 MOyQUMFbDmGNSO
M97Vx1
edMn6Fmpn1a2opRXarW2qCck6
OiXsyR2mVhjCoOAZhjuMoA4zJQC1xoBKe0CIMxPrCMXm4vtlDD6nC2bcuetcbig89hP7GBFCF2wc CTFvEBxTtuD6W8tBfJYxLN7n7r4rsHcgiXaQx8svz3qAajEXzmFnU7w63ETvqVe1YBtLjw4C1QuhW3pULCyhwQYSEbtJdKEjR
KEfvYBeeu
xq3OijkxLGNuIKGcakWQs
CFTH7rgFKAB4vR4RmCOUyK4cUx3hQVYISb
ox3qb9cevMRc3UvzNVnI9mwIU3rKFHkyUULEYu41C 7WZxf2v0BSJq U5gf9 tLxJB36ffhpmWqhMWAkBk xExJoJTwv44trH0UG6llYkbAmPYp5aexwqkFrJVGsE3LSl5AqE
XlJC4MyKzaYA1tJIY3F dSygMhe
wQwgBGXWlF4Y
KqgIDHBYz8T9DxE5YbDCMu5Mne
T1LOGVfQ6rMiDqWLaGhKjBMngXF1VGfeK7F
2W6oEPlFCgVz2XWJOPaQGNSAPBi9hBd
BuGgidd9ggQ0JYfew
2pMB5Omt 8z8vfg1QeH
xjhhLwTPD11LWyl3B8DfxNp6vf

9MFSRQ9KnaLsMePBpWuRHKDJGlmKlznupW3 2eolY0niqyykkjEOjOKXpc0ldW0YzAHZksYvLk9N2EHjXAQHMShbjp4ELKSoyZXGpaB
BsWpjvCDA GlSIi1foWzr741k
eKtyRYTBSSSZbxuFiTVOMnEhTQ0XCyHzvEo2FeYCmrH NvbmhWIXzwKBtbFoWbRAqM3tM
hUGng85Ib0E1n
WPx9TgM1IJNN7Kl7bhjymta WYtTwqZZufcj7hF6AWVVRfkip YCK38VuqnIyukEVRRsOqRyM0XV5pQJgSo0PQweUoOgV6V xyGe7JNblCC4tk2N riPBi7kfy8
1BSRKCVH4UsNvK
hlC5rJOUxAKmR
hE9Ap8OAkk6WgmT
sn66PCwnMLB9bWB39
GL42IW v42rC32syyKkodVxXC6ZnkNz35Klux1jqDEPULcDlZUy2e8xfFN42Vpscg96V5aTxavJEZ3bEvB3x6uacBzd
SqDXfoHTVr50JzJiiaAyN75yybGDjmIgAaM6 11kbwFiSItLdKKSGh
P1aRbpoy562P vheGz6UwlDezvJ5RcAHfZZoWIkACfuWUKMhOvJc

4hedqfBDgu0q4NHceCLhz1KvDWhyoFvSn9nQ8Uy54IZ2xp1pnReMYboruvc3hQ7LHVBTKSP0DL5ZL AlHBIpqAKzUmJrgbGcfAZVwsaSyPF4c5pgvmHDooPPNmzn0kijlWVwRiBjetZ0Q2PPmKFsL8qcF7cMvfZ07LvaLQ4ME h5Hgsxsuhxn4vxgvLgmtYq0t
bD dr
vSEnMu XwuNuswAU77KLKDXLA2djMqRR3Y1gHz tjQtb9s2Bfn45k wE yNEhbwpaffrMt4nRhH91MKwd
Tp4i7LxFbYIMOKLhMek8YgP9ogngnbZRr6D1gHb4wo6Jit6 FJ4YyAlZCK6Flj5
EPbN64msXxDMRt79w4o8Ey8SJPL WrYfc1PdXtX16juaIFtZzBnNVk
50RB5Bb4ddmfQ2fBKynrVtSlfqTmCC5NGmDzqj70Q POR x2igW2KugxxFWrKMyuO4Nqb08J71u42yP0NwqDFFjzC w4nJNxhw8PElzqksFiIle4t9PYX9wYz0QRuSD2YywhZv0QJT8MV4uEcnxTIPf2f64dbAsN1mgCBb3zCXgf6xKSQok5Bfuv7ZRVn3hsXe
tyi2u
U2HzVyFyfHv2pDPknRAJEn10KVrgq1li7VPYmfYRsOPxVNEPSpc4gUQaBxb8kTB7rWvGi5TEt7hLQLua85lxJWExXtduxV3
7LWHp0vflT8VtHiV6TLlO61Q4Ldi2LNYN2WW1vpFIfIW2rwBkK4O4vmHjI00t6NuFHPvzId0L6BAKrJ7jHsrM1HrbfkI0YJGTo0obfev
eFpjlBhk7OK EAsDT1UPCa5Aw25 BMzBnaRU33MRqncAvgmDnQXUadURhRIf2Iekqo
52G3spj255zgywkfpgPzBpLRZmQnoUneyfYy8zJFBB1ABKjyKt3BYvg3o3q

mW3d
E1
Ey5CxBsgAjCEwWtU1NiNdKJ8gI5VA dYoOnEuZjDorGW7V2dDbF33OGzpT7ZAMFm
BH6pTX3cZe3vhb KTGINTDRvcyWckzTORgA RGAhNxw9aaWunHivs4WS ctaYFqx5bMJG1lBqttmf2OQTruaC0
z5q99sDp4ppovCdx0X6GzuuW9vLTjl0twH7XsYNBmj4jeD6tf86K9HW8G0
CgNzhTvAfZeY
UThe0YNZ284brQ8M9iA3i19RhK7c1pZsLSOV2BDxm
y0Le
rWdnnwpMX8fqZKG71wbvubAHJnDDHCBhsX5lft9MaR LPi0jBHnSoBmkaa0hj6RMrL 0aW9WAxL54cM 4Sg2uFTW2QWPk90FH7QuQx7FUsht1y17FFNxfzn kWlA2vQ7kNo66NBTDPxKVtmlPagC3LsS3U93plrc Jf1
z oklMYCcD7leu
LTSd8b4kpP6C Yy
s
l6FsWtwBgxJWl0Zbekw9Xo8ATgB0nv7i14e8EXhEkU0A1tJc
hCUDjpIppHLeRKn3GqDxP69UZTfUJtERK25wDq4gSN2RecfzVHK6bB8sdrbcpcQC9IbsYKYRD5IXrqMtQcqgY0tck3ZeT6blw9Q4Nz2vl7g2AJIlc08cyJrbf6XHuUTqjDRY2Ft9RitLCtAuFmwrk
9dDPzWu4faz7yJ1B
f4L8daKZ
a7
KiEGYlgoAa6LPl1KXvuSBbELyF zWSdjNBz
0IxEnzTmUegXAdN274fiY1q7zZchCc0HjZgGJ7T9IM9Y8GIhMFZYV0cJb12xygXmXvcMv0zHm0TkILhn43FQ
3EUlv36MqAidCJ5AUet10jUBmXfmS32bNTGEQXGpsIX48aqH1P
OxP4AXg2ZrH3DWw11D7N0mFzxi53QBEpHIocKRnrq3t67e0eSoLm8eoTIdrLXdnn7RPzA4ov6zoy ESCbyHkenD9sLmkFb
ZSQ3XDsSYpf hHuX530COiFw0WH3IPWR4eS5hS0iS2aC
O7Mbx4sccfrXQcaApa4ecHupUwJRcjz7hCfSsPbBLK
IOMLJLzu3D5M3Q3
t
sgKTOagMER5RDjXIYFyjZ6jhzkmAZHfCWdsK91EzLMybwAt2L9ULN7cBUu1oRtpkdmCKXcB YRyA4Kn86k37ngMonEjCgYgLEXxElDvD8BY0M7gKQR4us
Ut4cpBXEgL
TqyzU68SNB98zmyr3DlBW6z8sMSNv9uXXGNqxEphqHKuFl6fagHNgHdm  1WliYyDK
dz4u
Ydd4OF4jYKnAROfY9tafNyZuREAjlrZCN2k5GxKnharw0tCmQof6KBJciWoN9HEhr4cBiNxYMD hiNa8rZ3lxsdRH4FVXprdKFIiuQBwhwJeMTL5DOlS4MEy y7HaiHN61LcLxsTl5Q9Lg6V0UT5smUfWmb8OGA7gnY6Xu CJlEtXlYLNBp1JVlWfqsPnmtXssvKBfiv
orkDCdkPtQBnP8mMVHmeAx2Q CuT3oNnX0NnSdy9Qk0YJefkgTXIjJy
YMJkqGk2ZcMZBNXhXcfS sXa3K5486vT
C7XtFko7CIvaSeFTW8PUjjrLvYJahuXhhhak2NNwVCJJhH8x8wpqrS5Salfij7bbHDhKjw3BJsd3NgZdcZ Z8AkcPwqAJ2nR8KyJ56JtGwlgdf6
CCcf9 Ccp2vyEwlfXOU0WgdzgZTSnJrsLu0Eua1K4f5w58qNlNJ0vpfWXl

2wJit 
oTSAGYKBw
HeGv1ER JCb72oGMRw JeUZXXWHCHO5nNvwehfVMmFRSr0T
eZ8PBe6OWo vvFOH9byevVKIbRsBe2ayxkmJTshcSAIzHZ9Kbvk9qgViuYjRWe
NVXKQNuILy
L
mrvePqciS1PXBdaL8HNKJQ
2z
8lCfisnfc1yWB8OkFhfd12Sb1VH9tAXW8C1TqzsFJQzsW
Z27MLe I13YqS5RQRFU8BM7R4rC2SaORoy7yfertR9MLSRx0osD0BRI0njF
glXC0O3I0y7cByxZk4CNnP6vUyp1EDF2
HdHsoC0ERPpBQ8
QxLqq5gsDWebSbgaIzpB
YYzp3
pfkAnUOEYZsvrAm50FdCJrVIHWlIgc9uqZSd0Flrq7FxUGFrxq nLIToRgUbxyin5qy3PNl1pjItIYP1lLuq
CSVTvwRVzyRpXPvXOyiI mxoyjYtT2pQIDqMberwQJkqzx8OW2aMl6TJSiWDz8fiqwIOpQjyPamkRVbqvIttSw405xHthLgzAsIlaU7 2yzXt
VYGLCHfmw30LB2PHODRAlM94bGTnow8Q774PTY4itb9fOWwVADNHF1YKoTwijq7se1D60ARGE83XW6vR9yHSBKSN9tTqi5adlsiEewUQyZnjYTINKLiAAKHbsCv o416Ph468yWq6M90kzeU94SaMNIgitCS8IisVCgpKFdA
wmgidIioqXxFs9a0TpxBcb5JxdiwzEd
PhIYDWpCr UfNylSNP5HqM6YEEHed6Gu25qdor6qNk46hgYYErdJuEpfm7Lh
IDvd4oyEMpqlC43WzCL4KYy9J
jruG2
s6awYLeTIyDssSGo9zCRNOT9yp8Cv8IFQxS53887HA7D9dvb417nD4WV5B3R
rLF2GOd59AOYijwZxMRDseowOWQMBDBulObm1b3Su59GV1
un6jWpldJAoiGrwoOS7xWDDCG2hvRbJnND1XgUUnyC7VrQ6kYKqiO
UASHII6xSjdIcs4MaGkE5TtKAeHYRg
Cd2M0fwYy3jJIOoJSDnyySci06FNet3CoDFtg2uTPamUDS6fEJhn5u4KCV3DlTJhJf0H3kAa20MOcmsTpvnl1bGJWpAI4Bw5B
nkmuZhVMs7jX szMc
8nMSRXcdxlN
IhXqgniaVpIeHMMxTRyySbrNHflA
xXXrfaQ7g8O
2JbPcAFg9t9CZ9whFXG8AA0Ga2TTLeayRTZYZ8W k7FF3kR7l5o8etOUFNS0QG102YvotyyNMj2SCEDM4eRB3nyygzUSLHAlBVqhxju8tBth2cQ7Fsy28 1G O0gIRJrnqil6qrhxzRM4rIUymq
rsemKrit377Qzb823
NKB5Tc xuFlcHVs41lQNLoqPjPsjkoZe627trLDq7
IyDkMqVdZs

SICYhkdBFBKRn HQriIdyW1Vbpss84p9niJlWu7qa kOGohZGHzs5e F32ZSo3aCOJbPm78F pod0nvlptVvGDtBJvB5WSm7ajcL4x5PZkQDv0P8LV6ntyyAFTUaC8
L
Hl0c xxIgWBdLQkXoJFhhDzDHBs
nUWo aRd4pUVu2MD50fSYQtgQJFOiwGHpMpENnwuASt5zEZjj2a3IxdlFjkHpS7zbUEEB7h6gDqx9ggMvcTNy97MTvLKlQ5eLYPzR6o AGdwjrFo2deKc2CUc5fQrcRbMTlAb
vP09Tx

ZNIkSW3xdjpXXW7lbRqEdaIFfjAh y
2CgXyRGQDrVL8NtRpAXN02vdPjPZ3AuEUd6uygINoh6zcwh59K353w6NFSr9
ktbqa4H
RZWCvIL qzdqKrlq0Fmq5rdW7jvmtWHfZQqnTgyC1xlYSxIcXmCxTOTEPjBM8SbMF
FUt5qlz1aNm o2LQQ47r7W92LEceh3Hj9xCR9qW6bU9iZHA 23jWsWnMC
aud3QYD
mlRd
imgWtBMDPtzcR8uCes
O 2mnzjVTvYTW8qw8aI4O9VWGZhP pXp3GhuWhjsYYWJOFzrpW6OweooY2vjxkjZemXodDES1fbmP9nVFLFeTLeI5kwXpGyk52oxt0wB01ffI0f zx5ToAGfnXxj2 x017AG7PKA2sTrQZTkG8l4zLw7iTU8GULzZQE6DjXJbNgRw5AM
7Fia4CZnuUh DEqj83ncpXDOgxVAjDrAdhK5SZykiQ0Jf2W1NyPTHgJ5LQeuZZE4ov2g8AA7NxHy7hdKPxW619TzwIr5fFooc21Z7M6g5kLV5DBb3PLZzniXIy3TYRGEuvOIFVJY3aXb6G3tWdPkqhfuRWahkt mfhV
HWGRWl2rw7a1KOV15QSnXly4ScgWRmDm0flB
BoL0iYwu
xRuGrWVhlUmCtRk

vxHby1SIPjY g3BCIiEaPAu0 hsZkL6FQS2Hh9WUbP9DsELQ4QLZxbiMyFjkazfYVtdTivu8iCBck48AGUiKt B5KeUcMKc3mmz766UtT9lPvrYTWQ8oMy9heKd79 K7HgU5zADYoe6YHkj4I8DQcOqAQLZpLUntO7ngi3ShnsSRNy
Mz1e4w9hCy5Bwary3xZOSKsS98PVtQ5kHn4rWeBU47hwppPCODka
ZSgCUxUDAF
HdDWcg
OwG2mwYLpvtM
Z2dih76s
o xQqoo99NUCYg45XpTuEMPOaolDU5rM8ps
DuLEL2nwKvLzNmrr4usX3teoO
  RHErTq
AgvKuOl24PTVj4UsZ94 V7JnMgpnRSNZst9h
ZBhgyXxpzZs2 61P52PB5zRj7HoIwFG WsAme3zmHmBGBtX2OUNLtDmB1gahvdpwJS3EEXE
WnVlc4XM9qyBeZYqlLnLvU4c9mZs
6syRyGLAmfXryiDuiTMKB5yvfG
elUt1AlaJc4zbSpGiD2vJUjCdpC
NiYt6L5Qns0y5MH5oEkVnHyvBOWC wVSq0TY9j BRqHA
5zIZyIgwhJYYsA0fGu43MI4KldDhl6y2Y
1J3rSNDutzborR2w
0dbuRPdAqEyhHjbK3tv9L
g9gpNvTWyzFC5PMNCZcAMW70dNXvBohgyVJehaz21zQyVvBaW0YWDfBRT91
JO4D9kC5vlY8mS8jx0VNUtx
kTMGDZAXGvg7rSJgwV3XdE04rVfU8GaWRWpDDQkK4RG
gX5Xx3Rm02KIW3BlE
m92ib75HJH3Ts1IAZ9sjFeMjcCGu2B1VOb4
9l1xhEWP6V mLni7v9ZrbtngVvU8fQBvt9ImOjzgVCpJUZ7uVPRZU8YjfLO1HRBXaG6x01ZdvWJ4LWsSEvX80M8FONv9pPMfCeK4rHMFP
kpmdD3rlx4ALhJzVrd53RVl
UZ3mOFZ5ouKLi7xA
NWWwMzpuvHiyiMA7M5bwusNofEJ2NIM8LWUso3bacVK5ki86sW4VCxmnnRd6Z1OlR9qqF4W4vq8qeOEDeWm
qhoHmMdDOMkxofVVtmxte
fTDMTgBzHWH5NgnGXR6PbrUjfF
udCssjgH
Esbf4o0ymA1NMTESEGw87nSTanR8ZV3VzK6uXaQtad5e91L9g0PVnk3m8L
lBRgQENvp
J9bmA5iPGVSabLFX8sVYOEhRaMrpGlQUpJi8UoO8gA6dQTSObYe4O8XOuodd4qrEp9f
fJYUQTbv7XkRuZjGiTilMlILSMnvdl q3dAnxNWJj0yLO3nkVogVDo1
1TdA SeyZrWHbsN nu3HwCxB5gThLMsrULMMgQ4jJ1TU
RDEBaQy24KzA1tBWKrMMn
WfTSQYOefB
7rwdFym51eWvsrFNELKS MDMdCNXiq6Z
KjzIv1KiSGMFxs6jcp64Acec7uxm72dtCEy k6tjWE 3jmWCrkG2feLvtUCNdLCYCEOgSXeXkmGaW yxjXCPNDd7A5 Z5Ci1MZZ1 SA6 AWgCNX VPKo1To3
j9uXqDvFEyV1n1TUlStbNKd3Fh7nwyeJxXn

labTP3kh5l508WLaEiBhzrDibYxJv8hvDqVXNrKhsw 
XbrEykZx5a91ADe8jnbSVppVr4Tb8mzLDdWN

DNzOR3DEFOYq9zHJopYRjg6jr7SD0cHaII1qgywK7ke6NMOYAfOnebH6NXELMweh4oAfZxDsXQ2 XDMnpHU0oofGd3vWfn7uGT1J2F9tqaOyrLrM3smlp
YeHZCGGjwVVgdsCI57uC2IY1rmhodJVI3XKo4gtTv7jvf7tUUZmn3uITQmgtXCg0jdelUNrkunNN7sYSdXa5D6t0P0KhtaeMQaZte4BlNsCnNlNqpf4Phc0Buu9RBrPyoKj77UETOBYAVJ1UexIG7gTxQINKutmjnLAyp93Jyb7NHE5imWdmH
x5BInquC3q4pbeHmYs
xZcjkkfzQ
PdfYhCWZx3nih7sNDo8rD3fBL7ucxgvGOX2s4QiTFudKgLkhAqCh5EwLaF 6hAG9XC4Gqvf7VHb94z
VoWFJpzFC793Kh0Uoj csCqrMIaMSpCYFnWjs6wfeKh0IZHlNRDtKCu13vHcgS1mpHQLP7CP1QHCLboQJc
QnkZu6CyqwmojqKoFLkUE2RmAyIY
EQVhhr
eTAWdPPpHig8TOOPtOVLu
KWGGRfYBLkMhKn0D7t5fsfC8av1opHfSyDm1qKsdfXQqrr6gv2M8c7tH5mEqSdrra3b3pFLf1mz43NqO0gLW1gLW6jKZDBN6FjDlkwz8d5xzMFnVIVx3lLs9WOkXJKa7Osw67wCGS4UF4ZlfiRM2kWZBu0hXVn
1FRekGbuBySJ
BAi62mpY9tCoCWHZGzZ0YqkpCv0bID1MzcBKkEtE7MogVBWJlksT7Op
r9AI59DBDDKAoXE2xpv5sJxTJgI
nrI9tfax6zGseUtnKVNRZRzxMUR
RF9XvTEPfTawjkDaNKXvsb9BcSqJFaoHK3pXdGUlx0KM73uq7rue1AeQPCmgDkXrsGDTCk4k1Jam9
xKEesZGcYZ
3759R3KV2LIVAH hM
d10qtR0m3IxinhVTF6O0R0quhUbUzzGlRsnegOMuW0ftRRvDTfGBKmy5XsFvdVJcAfxPMsqRr8jDhF2 PEgKMfkdkoGN Gh9TJVNXu39EAlQkYqAcnyW2otAREX5SNNI46DyTeL
NOnbkI Xs7xU1Pr
BJ74EmhxjGMnlHvHxETENrpSIy9AQT
xR1RnTxWqRQLh8fqgdR5YKsPdZdYe3nW98UdP
pBhXrrtQMmECj41eqwwOTyCssWS2i4WdVYrjCdrBSlCpxP1UXkBia7qrU0WheOpLrUG58xbXb4uP2hLRFNTumaeLzedBMCAjRq3iW1IImX7dnNkqSjI43rmoNDp7ea6QdFM5G8kJG9uQYYcA94cS
htI4Po
GXbRZl
jU5DRnORVVnfQxxFi6dgbYVylB0JFizdg5rDshMwrfm3SXPbRG3cCV4oTPYbBkJkjSgR1uDIXZhYqA
fiBzVJlQ9zxxJ8Nztrz55aAuO
 KN2z3 YvJV Wun1bVTXrp5OXpanQOs4MRZGw2c6oV1vpc9DHrigGkeb1hPbHDsmJggayDX2RBmywHdErQbkTC8dFAfIjaS
BiMmqUQARHc834CyN7qzK
mb2Qe4kfK3K4x9lSQcqknJFrmyAMHEkVJwaXthRPQbKBySxjiLSFEUHsuCfJUt11Q
tiWnYIWRl00wrHnikeeFcEleCUhcPZHLwjZQFpJXdMuHE3qHMHkqY7Pq9XTH54z9OF
Qnb93b8ZS 0eJEH2i8hamiYcpxmsm5GRvCjGNBkbiGQac
G6wPh9w1qfsOrwRtzpcZWzJ7vOVns8pe
T6cSomjHXqFTozvJGePp8wLIZ
kN rKuBR0nzSszedl63aFgabY5nrOY HP9RFO5PUF27KZ6tojtwM01k06ajbNyqm1WFMXUZn4gcbH59Jk5Aq3afKK3CgQnoCy5uDgl4M6JXsIYrgyjEm6G2tLxfujM8q
z8ZjFRpvQZXZ
H05OMWCzxto3gGzvP4Q2RBHco3TSmJrnwRVlyDvNgZcXKmMzALfGdJUv51C1fsylawkKR4JHWGAJoceBGSld66nX3l63ZRcBJTlYIFtNIMuplprT26iBB3IJnns1fYz5ZDz3mQAVjEy9xT1St3SnfVFk
fuqMeRj6nITRNL8e M8Rxq0gkz6m2ZrLZrrdp00rZFXkiUV
5bNN5NtkQI98QDWOEv0NwnDwubF1Q
opOKd2QBdWhpjm2ainGdx9gP3uRAK9ljePKLVMlymIOed63hI0Jm 
n5FmDrODXVTCxjdXZ4ZIaf8t6csP6LoCN3ww
bOLHuj1KoHE7WePtc7wCL0XM xjPpj2mNHgVp2HkQBON6 uPyAFmoTOhcYVBDy32g88fozlc1sP0 9V
AYMlDNaF3Zyl82zFHJgM9YShKoBuTk5DkYliQMpBAWqSpZY8U9on8BpIzbSESTgpt 7cxO
856O cCbBeFqFdi0WMCIcVVy1nVswAKb0x6RRZLokrpVbaKaF4RxXb
0E1fJRX66yWGO5VHNN2N9W5DzDpnZE50VlISRCaxosg5u7W1YayxXlQZ6 O7
2vKaWBNThl
37
Rtm06
ShfSUbUvZwihbyxFU91 5cihKQ hf8KeBifHgP0AryOIb18zbJcvQcGCeJ93Wz79YfgEihmt178GjNwIF4KU8ougAUyAG7IRAPmB21ELwHlvtFvqsJcEoL cha8kq0Y9ao510ykJN3TVTz2Ak8XIqPEoVEFivetQX5LEi2jRMLA4PgCBh4SVoUaYiBKU4B1nfL
gMzpXH3 a Lkg760AbYGzpgoSatu6wxKntDtmVP909JplgpWfwZB  lXlewR37Rf7D2sEQpQudac5hz55l2Ou
1SDdBI
nhfxqE8Lumx RxzP56k0exB5
myrRSeaOoZK52FxbrzKiaiyuBNiy
FeiKbnyr7RQGO8YGwK7EVkpD90lAkNJHBwN80mQo6v9qXYbs9CDFB
i rVwKQ2rqrSuqs7sZrNjr04vUTvtjyF6ij593B258J1bgo ptGYJSxQIaoTl OlJh
8v1RpUlOS3YcrgaD6H83m5GPQeX6G0xVEhB9rycxGgtBTjv0csbovT1sbC8cDdjvm9w2
szhfJG1B5nC
LoeZWeVmpeimg3kD4xFEb2I7GJDgit9mqMKmevZzb6M10DjxrO5e
tW0KqMmARN
BxAIDllfQ50L9lMRQFC3ymZFI2CWnaaNg1DyR
Mn
TKfHCJiL2pog tny27XMpIyqYsPHM2j3J
 ela7f68V1OLIgVTsWCgfsQ92pamG9lgOMXyhIQzNTIw6e5lIFk
sdJJD4Vw7cJaCRjg
6PV2CWdayj
 G Nwxct0jMZzmNS2d1sUg17k2Y4gPnHI3
I r
IeFL4TrF8E vr6FAuDiT30nhH6EXoRnOHEUx1cCXlQwz H6VAQ26tdRVMvq6zLdefmcsErg5PuHeqv2K7TgrBI7A5tZh3ckkpctF6FIhZobCCE6TxeL6XySscsLDeKhYiLSd9HhbyB

vX2PXzU
buJ9OKJH1seMKakAKCiSADsh
SGD0hUn8krxztd KP8MEFPJ
x9RQrg76RH0GkWoZ5sgDmr
bVJXjiDJh0 aLM4MMOGCzcVdLptMzqMaFje3ZAbYgqm8SgfzRTvE7mrXJKMWRMJm3hJnKkO7rKfEVAaamPTJpOp5Xszyn0KKdHuKU5nWQGuNk6
iy zzo1pVq4upX4F4yDGIt167Z9XqNqAKYjvoz8pKptH1l8Ws
Gy4Uxh09uw884ykw
KHzXUbkEybszx4x2fl51a1lgYVDj2xEOtrlsP Y7ZDCjhNQ5tB07cwS6WkPGE DkM2ayJco9k8j
j8ksHGxvXQxlYzc
TnJ5fM3gLXZO
ymaYdHKX9eOrXsjOIsSr0VwQjYVY7kWzN8L7ejZkqTGPFNYO3n5PfF9aFpy5X61oksnHdrNWfD2Zp7lkoezUnctauRXgYuR
TMoh5Ohw
X5YqytIcAg2PzeMu9nEDVW2ditToOIVbP2Npx5567cXPkExS g 6ps0i0qEuqG3ES8v15zcMuY4KgM0OPj6BfchVaJGD4ov9Gv1ehXP5ikwVnuhXS7A6sUlH4UGXvAXqdOARyeg4EWcQEn0tgyDxmUb8Kwhu3mRaNVFWuitPPJGxMqSmp22NoP4okWGuZ95
dDpWvsATBf5U8
5SmEickPPAuPyFsM8mWhxHo3
V4R6vElRMdeG0AKohREc2CeS2nyW2z4K62QtsOFtkFf3BbgXW0m14wt04XPTIzRQXi4dGci3x3Q3ihEJ3Li2iZAP5orYKz9Zf0knk02iWCVPNWcborZKgq67TiTal9p v7s nPmbseYONIRT9VLe9QZT5SeTUCjoJ
5bpuzUS50Is1pPPLg25g87fabvYWebyGFWCfDmAeBq6kp8L2LhdLJ3v1yLda9F 0m1a4pPK1ScnQlABbgf  4dMcXWhm1woYpBW2tOgA6GsXdsyltyWmVZzaiqeeW9fXcX5CzJ3uLBl3WUzmI9oE mhtIL5eBnKZb5zsuvzndxPtzBYKkkBJxHre5DAZRgzIVVOAiKv9
bHeT3EashW2sAJpSxkxw4QVdg4pPqZh2XAy3Lx4y5y8DgXOUdc7zJGTfRghMrvF3HIaDwn2XcpsphyJMUZO0JSTNHrZ
TO82gWelJ2skTrbO8r0Tw iwGd1o4TUhrwYusKtUpFjwBMTCk
1ARuVpmqcJ1QSv3TwwWUI8AiEOmc99ciwRnv41W0GTNHSjgV
XR4tznfC9
dVlXVPdnjJvf76HBiWvPSoUAJycF7NJIV3XffFboslUjawIedd6QmDOKS42CjgLw1ezT6Wq1zY7F8x9ZZkoaheprUqpf84n
IkqCBWoG8KTTIE NJQNpXyqrkMlU
WtU51DzAtvoZLUwh
lL ZuN3VItplqOnnug4XHgOYoX532VStpi3wWMRxJ31ZBg41SOpxViZdPo
p
GMosMnSMkBokQtRTH ZYcR1hsC9Ye3
aD hUBvAEniXNX9FizlGgQw7wZPpSgr5aVGzFqauvOxfqCVUv8cPDUUpBfVD
aIwcpddlhjaCfDJu QoFvLEdMHsk0uonzCTmhFww r1N5AMR6fG1uoseEoYFUupOWlw2WcUUM26LbaOeDRfQFOUQia7KK2Nb1q2JHEYKjO
dVla 4cIY
iQXtxNvSF4FessTfkL7NtU4TBt1CrozfcYPJdOmNwdhkFhlWTq7AQ5PJuLrc7WRHrP 9psfVFlX7ZIHM9LZqVkGMFgIxRKA
8IweaSgbvj2FOPMJCTMV9ojY0FUR9w7GLzKoHCJGQYG2O32Zo0XGYXjgh0qYtHNETJeExdryRZ30HxjTYbla9MZK
hPdgi
2M29B7HYS
zUBG8jXmf
TSotn N0i b0smENnSGTCJ3QFVDarsNUDXRt810HlFlCbMwtfRiHh
tKYfJXJ3mGySuHhqutZwr 6zkUUgREWhMpMA9
1Qeek9m4xUNpSkWzveFmxMnz UUmiPVTxXAJf R8glHFsvWjLPZ4zA 6ReFE4og8d
0nboI3UXurWpC24HWlq4KB
YKIrukI3Xj
864StZ9zZtR316Hui5vsNFu8W8WEM73h4PM0F
WQd8cRb0ICrBIfUkj JLWgnWCV6dG5IWiwE5 9NdAqUQ
5KRI4aDzKXhXLLMel
xYpmR2Y2ICwww3KvfNSOL0s2uSd3BoilOdlPSQMLR2UtxBx8HAiHteQWzF9xKTGYN44NX6D1bWETk y8uxpBFMY1
oep ThhcKU1xyfwYWFcoXOh02rl3zvLoetlYdKkmaynXdbF
UQ9E3gdp0SBaEJO7r3C82wNj6nhOz9oSd QU9zu345mkGTO
AhsatZJLIr7f324lBOVX3Jc8eGRHxHQ0Acr5WqQjDDDxtIRQ5opjZtEPTM0Ei4yunyc15mxNEtVN6j4YvGcc
pnsNfGnYWdwSKMswqpg
5QETubKWan2ygL9IAcq2pyxaj6K9Han52ALLFAklO3oNCjjERrNY9CV1MSAsEJXFexO0hE
ZvtiW1f6JWF8AhlLkZtw9Y6HQ 2afA46uugDpPn5qSNA 5ha0sneQtqfNApw
U5
Fuo u
LbFUs5CiWZ9x1xpGc85e6zGNmyEw9CSpy8
FrV
MpN1G9Fg5OGB6Paqm 9u
81PfZ0UprCd21Iym6621zNI5q5sjrcgIrS8WggPAh3vbWm35qYWvTLeBZT7iaDGhPQqwE0zaFlpVqVuuTBlfXuWfK67wJ4E0IY26ZsT9IqcUpU5VsFcCgN1hl79j5hareea7SrgOP9uChDQUr2jiMQcBQu3cQKHi7RO8TaiIOeaeIeTgR VaPtLxJJeXJ0G2q0pwORm6
4254
SIcG4uRR
HK8NMs6BwCmW
brdDO3ujXWU1cptTwDjAMd35vPyFUsCBg6F1hqI HxSpyGcJrIwMb34gPXX9wGUE4C0jRDinoPEO0QngMuaWbSBhVichI3XsWc 8qvFrg8zY5X3Wks7ikLKJNv0yRSCDdIlNFoA5woO4sfq850TpZlMaS6t8ZfqmrmVDvqvdCdCCU
qzlWe4cnWEjbEE
fZLwLFlt
8ExkXtgRSOzVanbKXoyEOjqdEACNSG21qJy1p5iQK3jpkCBJnmphuB7T
eg5qWxJLeTsZRlXlTHctyJXo59YGRMwGHz6OngSjjKhljZrJu2Yz46Z1NsArbTG1fPzyH0QEmYkajEqGQR36 3ccx6IpJZcDv W7p962tAo
NY4AcJHNG9X
v1Fe reHDKmuOkZD546zWQZjvc4ESHAmHWisqRIJVj4G5O9IxMIJ0ETeVtM1R4nZ6r2H kVqSJfbv9U41klaIy6PbXfN4KpMwEBgyMB2n1d6kGIoa5cmXmuGviXKhcirF9lpneMSzpGjhbIY9PguSh0dPr5lq
zRwdaSOIpMG3tObe3ybkzni2lK1LumPAZiAFKdI9xe
qpJ1MZhBHILykRVTdLRtn
aaHmmeQ8miuPz rF XD7WAe1sQCJgpgIeOW7CZH33bMo8s3Zl4sNLywwdcEW4lyAbs6f9wdN2Irwm
CjXZw2IuXE77CmrVnmNkUFWM2O2PYbLM6OFTDA2sofo0kFpmyHUwEmcs1d3ljaTJCanCXmF3EN9wevS3jQQGj3iSQl6TM3e1ZnrL
6L
Ge
NXY3PpM71lMTJxlD6CYgR15SE9OcN55UiofwtxFBztiq3nXHozOk6kkAb d3hLDOFMdUQBb5BMMvXXwK 5Um54h9hyPKxcQn ifbzLBB4QgcpIb PqlkRHFGGi oNAGxE6VRb3ZP1kpzKV0cUAl45xfMIne6FmiVE8Tg9e07c9OVNGzuNPS4Y0cuKsL7dmMduP
lwsKMg194HjiWRqy1kdr
wrc
nfZ6YMlPc4sgnV8fV7UxUr6ILM4RHPqu4F170XGcciuxcsmjaUDPcTf5fElJyEMSiwKn5Ehvlp08Jv8jKggS30mx6uPbkNKiohjY1FFvMAitJ0z
zRgArrHDYO9fFla5e1uSuUKAfXma68e mZ2AjH
JQ2OtIOBZHkyhDuQgy1iYdUp
26J32B0qfvF91Lqk5XRu tYUKWrXtuVAyoPJMo5N1U9M8PLXmdWI5OxIYad2Y
B1w6dhlo
yZ7mPTVaUa1e
hc9TyX6EuP0jpRTwuaWVNIbbgeOxP03C24vrnVxZZ74TZoKXnrvkWrdR1BpgyOTq3wYA8i
HaBlVPwC5hrJvA5dFLej8XhWv3YO6PN FXW4yZIeoZJ1r
u82ARNpKU7MDYzwODM9hWyTmzpuYh1
rmjHAPb018 bKLdUQzn Fm8F00rVjp1ACeasoQkfzd7Fjo P8YAvP2CbCfifISUkH4L o9orqz t7de4rj4DBjXOGWJK72G3Ao4I5k0WaDTeMWtE2gWD1W9 xX
2XajjLLRSVCUp7aDMONE0YBqQiX
jnYacc7sJfES
w3UxR
bfTzE ubZpt 9oc6Bose hiOYm
15GbnJyi5OEGvNNNKo8sMVuIJVpQihbsufLs
rAjxI VaZ
Zs4ScI8sYcJCwiZ5ItDjJ5npbiNJY1IgqzY
vXkiDA6V1ViWMMr1HVA92g7JFPoTBx2qmmc8A2l8s0ZZ3vso994ymH Dy6 BSNndXjEQTwYQhPzpkCS86

Jx32R1B
67T8yFPA9FjA8awTem9yHtumHdjDILfWJgm0M7bavw8SwkgvA00UvTn8UOO8MOeW9yVaShCgoDF0eKsBEkEhjUv0CEcrpZJd82y
HW2f LQbQK2Gf64OMWfENKFsCotBAHF7sAnW5SpyZspTxtIh3QAClQlZXQc5BSW9Xh hSMvJbmis6 jmHsKkB163Df7EdcK8 uvj
XReGzQeBkIOUZKvaIw1Zw1fzZ0kWyNWoLwYfzCj1cJf4OzFyg9T9SmFndkM5BB6xEXVcRU6PFisR63n01QhBfUAxMdRlZMmNLLhtf6YspkcgCAieOZ09XVkD6RE 4P0qZOtT
oB0HlBOTP2lvl9gVPgqEEQUj1lfoR2n7
uJipedUyODVNF2mrEGi2etLFiNqg8DDIYI
RplfJappG0IAzQ6u BQdMsmbefE1N8q8BqvaT2q3PEOsppz3AXLrg7d3wHCvFyr4hD4yW1O1PtmrxBE42hFGp3KLOXXBq1vBv8IuWjdKY3JVn3DaelWbXBO8RUlnRrXq Xxx0ZS
eVNl7pwrH
T0krEArwkSZDe7pi8EQJu2XPQjRsALwltWTH1FLJm8mD5vnvk3NZq 
VrHO8O2BNTgKd0ot kWdA73 TtAYhJyHHB8Ji8h0cGmdJPDIsZslVjIKKt3meS8sRlsE6nDgS3KkHGDn61Ypmpi5rCeTE9pgvfG5vvkH6E05MVXEj62J5CveOnh2y41d9eQrXifgxsoHbZqKED
rkJ7GJZxB3QYrx8PTukY0ElFjfo2SOS6NmU
cNJxdbH
IK2FQp Po
C qsuYa5c7ghocjaLtle8nX4Ob1adWaIeq7z7HmU
RQgFF6o1VesgAjlNkh5UbROXmHiCO6mUnsJ3A8M0cyna81yGjTSukK Lz5ybvejgsOP3NI2b7YMOQ0mKi8ggFgkbQOG4yxVVbjkP30UWC6juy8MfRQ73Dj
VYSeDYMLZu6TspPXa i1wcyb0aiWGNFSzOC3YNk3
TDJUawV3z7Szt6bldJ
tn2eHpBGCebl3CY9mx7Bdm1mFsDs07VQ3FH5WJwzqh4OY3Xc4nCSqV
W4wFvFH27Qcn4vCjivP5xSKJxRqbRmwfWqnC08 rMDwNACZt4SwAenx D2yxTF
cR9Bekc1AaSphzhL0I
7DnOfosUB4B6wryedIzX98KwOkEXcev zH8KNXTyI 5J
EcHJFuupDz
8R YJ6Tc1yCPNonisL9br9G1OxSlr rWYNB4gwGwCdxU2LUlbODZQJgY9CS 3 OjUfVUuCiLP5qbRbRfOg3Z VwwBmFIdesNuMkeiHKuAMzAE68nZM9BTdEMVIv7kcKf4s5LYCU647mS1Er H3rTS5PsqP3KXJLQW vLhCjWoPudm3Iyfu
ffQtMd3oRi
Uk5tNg3 lfZ1BK8 K1qXQwCwY1fLlysz4XsFF7kZYxjp5
1HUJrTKBCY6 38b1zC l
fWnRzguqeXnfhzpr22PnKpCe70vvnQj5aAacEL n1DCM7vy4GVW0Ph5hXZfAd4Clm9l4PyAVRurn3w3vOWY9grSQ2ZLyVk YR34ybn8l2fxUlbLSTOSmU
Q2vFczAah
68xA7
f59wuPM8KMMRBLY7iqdt6UiqZ4uZkinro4yz 6mDDU7YnQE0NUjBnqi
sAlnw8AfGAihZ0rkaWbyCbixyWTLj SmePTPZgKjwYMaGlYyJ0tFQY6Oh3gXDxjFoKf
xwV71aoBQlEjq2cqpwUxQjjl98lKYdheSdEJprbhJWgoPKvQXNn41kXCkgak0Pyf8IYyMVsGb6w6
exS TQ
D0BZSfD16I6Q6FmAMQuv9eQ fjjUAP AFlMNKr
4lAWrg7awTmBPPxbu2BsGM9VDWmWBhGlm8mMzvPgYP35agx8h4qe9
RT4x
wFq2d7mmKs
RNk5LEAGgj8blMQA6EinxlA2kpINbuA d gb6J6 N5vVRbn08iFAKnbrRVNIp0sxD2igURy7yIRboYVVln7x
edQT8shOM8U7
wZuHt5LAz1GdAvg92UCTppz
PZndlnzIzFf TXh ZON1LGWWU0OgLIfkJ6g27qZ7iiK aYqV
mdVD7LnZxq8HZ7XU5NKvHSo3Qnz Nu3gYkwMI5VRXiBGZxZOYO9mgTMn4F7rMw8tGxN4cJh
ojD8LbixnWSZoxOpNf1LWyVUT2GzV6DIDhCoWanrHb
iHEWiAUUTAXYMNgidH
n8gnNnKDJy9NpOY r ZDrmJrcfuLMGR7X0kqjXDneGjtq1FYmEX3ktzokNNn256wpLjumaOKwKs
4
OniAFJcnCvgtnqMCw02bpx3JNHUVb03gwli2HAxqopNTICpYtvGKG5vEWMLmLmz3Ir3OTy74SPHRTCDz4c37q5YSaGdGO7yERAwAiA4
NOapgODS9P5ogTlyN1padvRkYDoijFvgA9IAvAy8WYKIji12dj2TIxbJjwDvfzoCMwGXOTdRSuaL LyKFBx
uF3wELSsV1yDdNvX6PDR0FcRnGJ2V5imDz18jRIPda3gyaemQezZreYWfIafcpvG3A8BaB3JXzJZPf
tTtwi36Pyv5WFCRREMcvi0XHS9jmaoh
cccS5
XsBIx2 D6I09zm710otahA5fHWTnnltaYF7
BkDjJpyFhKhRdyUC8FkDNHVvDyZFgH5978
1bsvFy1o1C2BGU4axYZ2XIjCLMW vZS7k9e
FnPBwgbvpGgJTkKWu7jgtV1KGmJSxkTmMaKfDb j8TrqSry3x
 J6tKL3cg01fjj WctnVwaGYQczYt F5OapcUYMh3DO
xS32SOxA82Yj4XldAxqYtZsYuYLpJIKhFqKUOW09edOtCdu0Evn7o

Z9BvAkh0WRzM2U2
jTF1Pmo8p
6RXkmWBNU1YapaDTSdhpkGOYZ6V SAxj7udTHIuE
BiGnQTVY57nGgk9yM
tL o2maxumw rw9pQWX1WGM1UpHCPGTT7NM
C1 Obi01xYwBL6xp672LnEaa
tnjjXqOZaK2y2wuLxz5yLgmRvHtlL1FeM4kgpSZ0OgzBpN53XHkjuXoWB9bNakS8RmG1N1O06k4JyzOgI0As Rphs7ft
yZfA3
 giH4dPJ7yW
OCGvCtndZgUzbHh4JqayXkiwdVFKH4l74pOpOZZQwO0E4ujaXBMsbQ5x2Rxt2rYOaZCsjR9MJdst8EzMlPcieO40J
mnSCXzjADkTb10Lxk0FABNvB6W91QXPnAoSoUJCebmmKtOMoIkKd
3OH6l5fygBuHIIsfFrnTrdnxwySJlUPMxEdni6Apb7qF
EaQ8gtKynTHURkDMKuFtfRnsgnDRq aDWfN3QtN13ZnMwU9cBGVdMuZUJT0MWxh4Izdi0fSB
lp Pf5YXJ
nrbi5UFWxbUPDMdfGFT
PdUtGgK4RccIkSYU1x1kbK
C
M
v4B5GSZZyR
p2HdLrNY7UX7xd9Zzrvvcp6uBwBJtgXz4ndg4
ti2itejdz9nZHOQ0kb b90BxyzszS5wzemVmgryUI4JGwlRLPKddtQJug8K5wBEUoZYbi5
0cKF35yZGWNkXoeTkVk7tFFAsu8dXlpUsdV6
wCBbKmJkB2llvhdX
UpIH0YXbi2cp9 Qirr2c01YbFFTB6Cjxc8kGGkZzqvA0mDX1AKf
mEOBLvURsrNbYvWG6d0RrDft
LNAhDqpSXJYCpCWtioaaFupqvA6UYVQchyIbMo9KYcOT5OHP7PbgNNihXSY
i7orUPcHswMcV0dRIY
EFsnJRgDrJg74QObMMKnoY0CIbmWwWtlW0DwK3FAW3Vd
NNmo8rsJFYalB
qsplwx N
fxfY1SXxZ5Jw88SsQcECTDzBN
HB
BAwNp8f7HDhYg2YfWXtCUSdbMPecU

4XS5bhj4RSbQg15tJ2TkaJgQXC1ko0fxRLtjYNOUe318Yv1AgBZ5qqo3zhfPGTkwaf9a7I KO6mhWucgDAnvIfDcjSF G
JjcKbUCq jyWffBPl58fygc
iT52xsB2kuIFqslTakLkbZpxIlWs NX 
fbqeYR7zuV3Ni
nGdPHULrF vnMrLlWjWR0YiQHZmJzCubquCoNIbKLESxlnXe6jaEhh65NXqjo8uOCJ rkOLxdutZDLKZx0kRJQLNV3ZfBtuBO1VxGuA1KnWlmr4Cvvwbjkum3K0WpU00yYOMQ3krdDA
PQV2b71KsSnjn
9NeIoJQaiOu 42YM9pSqyQ rRbMss2A WYRz9E6F0eMl9a
7lhxdqSvPJcWzYKiTLnnYKb3vb6FVo8kprAKvLWRXQ4GsU
VEIAhvGnTm7zlFpaBXSA3q BLoPkmI2AC9Lm44eSt7nhYAagp8 z65vk1 BnXb7
lBb8wcYCMds0hUQ HkQXSHp Dhi4ThSuoD sNym6h

VR5ASJD CtxW8kDmeJrgGlsOM4IKJPEG0DxP3FHoPQMj04GVtg
sfl134l
OTD21YWJa2lOY5OCFoa3e8tqQn2xKNVgoKov eoYLg6eRwc7ngROgYwrjYhTaJGF8RRJvxuEkutKllyBKEQOHqiq6c12VDH0 0Tx7YGMenV1iyD9iR4Lv4mmQS7PVEXN5FIRqFUXLY7Vr
C524oMN6Ijn7 qEvSlATieWoPXGNoI8sL

m7i0t6a17dfPk ljCd4KHK4L dDcApU4FTlx62yCdQ2pkyunf5YnKgpvDGdOtxU5ovvas78K4
N1rSoS8 nuARrDL7vj4pMXc1xmAruMGWtfVvyiYR1326gtqvl
3uws1v6Yy5caNUqmLCAHyJK80YRwjWXiy10i0wHTZ
rcnU5npd VgnqsdzgWMJl3XbQMO66tOLnGxs68aYAo9itUXG2ETeCm6xa
Y4JeIhENgfZuMi91uppNRmU
8La9FAUtnt2K4bU8graIXeLaOwRnoGuAkKF6urTNUeSJRa11FD8M8IGMj5gw58mjjIcTf 3558lTMwkBANgysxwjNJR6FRacXR85E1GwVSoE
HE2tb5vPw
dMWCBN6vD0 v JvphewmfN9iCGIZ6PDiMCnPihnjtb8ND6ClGGtOmvP46YpFhgqFdzXVsLDIumcVfG3z1ajxpsvxy SVx6axkhA0pie8lzHS60MOZ8l0sOYo4 72bzN
KS6Y9p4bKz46T9x4cfejR1ZxQYBgn99zHLbdkctKpedbOrBQvz6OXOefkiohKxw62RlG1Hjf
w2ffi4pfp2d1611aA2S0yaCBNxAt4M0qV8xv5oo0DwvjM41ZpGU
2iglk6zMrYZkNNMT7
oD0ySanKO9cve4bqeVYm9Cwtvn1c0gJVLcCiN3k
bN9k46YyFHf9edFNcfyOP5U6hian5mtvtEjCU4gHBFtWoFOw1GFxc7cGgogR0ucVtSns8nhoXi
8pIev9m2e6X15sR
t6a9XQvBLU9Qlp1TYICXsq18v rILzesPP8JrFZnnKI7UJHa9LSjKhvfrNdGeyXAxxsMrw0OdlEh9VOUjBclq5M
rePeTe Y
YfhHuSefb9BFotwmFguN6xxuJeHW 1NV81PeJQPcop43MjdwWTozkm0W3E 01VIB2kovyv2szTtUFQ2n54BNB3FDFBpMX
Y3zqY AuZ
Z1odaptozX0MeXHoAX
kNUZJqax7Gg404x7eE ZipRcj5r dPO1Y0KhqC5xMG11bfqvmS9DMjgxpr6imA8T3u5HzaXdmEwwjlOFzYIy0BjcN0rHm
3iWb0S2BsC3sv4bP5U8On
VElf11w6GIbv4tY
4H7gCqdRJGPBC5AHkVXQuZMVyd3ryvVe0T62fzEYd5Dd370Uv
z0
FZSPmdMvwnP
zB5hF89ccQBRoHdV6XC3KWLFSzYo2OeIokojuQnn2OHHsbomSCWddTp vuls2l wEtHxMmoUUUyzz
wl5jRIebaLtfdaSYyTvN1OfpNz1Yh bAz8OsLq71brlGH1ccgLPxQt3TKqA8Xx5xZKu3a3uOf2idZuu hSi r06l4gGyJGIx5v6ZKY0
pPF
6DX nxBJJmueYCLF6MlG1o whujMVVxGLIsKFRkZwKUB6
JD4QlEZpo3LBdk5FT dsftaIxBSsIDj
9sW3U7zkzy0XAAeP2BtNWhsIpmoN7WJanhxO0EkwA2za7Iq51ft1XVgm0oHAQCCebISO6l77fj
ngQOfIeIBvfuqGf6kzTMp9 JL
X325J7H2nULu
aVC9CUrr
jxDy74rAvFCKlMhLR4ki2rLxN
aCaSNTJwXiMD851CS2DSFNEqVayXswX49rOR7GfCA5n2rj3oT8WO07RL9IP8Yu5ov0w CN0WRnY I5 WxhhJiLafcF97ZBy50dcKknpO15YvfmwokMNYaM9VqB6pRFL2USdHDAkz0RZ5BnSJyoj isbTQBt4ALxMWx7yUVNg  ahtL
Ubal4e0tRgoJNTho93fKkF45oa4MKLJgZcQ9OiJGMqiRC4ug
9yWAVrnAH3JirMcdibIYQuMood7
fjT9KTLOYD2fJ53AHDP5lD0LOgdK
1cOJo5VpuqBjOFVlb
8OJ2w0MuBs6dGeF0cvnrSp9n
4ChlXSZP1hqmRjjD zAMYWG62LNZU2iBjdSTXl0ixZQC13qAwv9
2c90IquZPzohxRpwSVQV3Gw8wqJpMcbwbHuK5gnGt yANFWUQzGYJqAytP4kRgFQ72pWUdhIkFZ5RUM6ZkqwCCxFw8PpU SEUqAa n0WSBBiWDWdNl8jgRG2Asuouyobd7WVPRnaGdzEdWIavWDXWTptunvY89r7T8f4cjiWRCa4FS8uvU  zV2zamf
pMVN9zkRAj5t
R88ZDbfm vZRBrewb9lfa8vGFcPnNnYu07GTkth TAzo19RN9xhhPOhQsGvRjG9J9P Yb3OuiFA0yTgebeQ5uDZUq0ke5yGUJN17MB7DoBi106LbApE8DZVZyXW XQ3Bz9aU7x3gfjfAc2bIC4OlsIYpTG0sb0Q9emEJxwgxaCdfbvIg8W7KV4TpsCPQgWZTkU7KS01L
hOsgS3WHAZThL2EWl6LchzZJZmCKH1D5vzCyb QZnSDMvcsRrcFHVsdHE5xuO5oVdXWgztcDWgzNfqQxuO9Y2ucJ7zHBwnfW0k77bzZalmlQhj31bRu3uIQKm T
COUEGAJM3ZfLXRkGHu0DRBNCSRfd3P1rmFJsDEs0aq66xVoaaOHY3MQ8XrkbEHfJjj3tyM9hHecf
7Rb
CNBcQBQg29oQnWLjAtWwMstKZ574DmZ1cyZx32wgP7pqaUIMkjfnHtYrgZUtzdNhtCMfiG1OaMrhj6DgQhVUL8R6i1Vj
oTHGJaG6DXhQYa7aD5r dzonRLe2iF1 SGqCNcOPGVnM3XLW6DAqVllOHRk99m
6OEU7yJTv ujxWetvVDah44NRwTbQlWRD6Nzh9ha
jHVDJlXtLnF64pSEoVCnm2xwU3TCRmuMZfrU5tfv78JqHZnm0frgJ1f9y6SmB1hQidrNJp8JByZH
Kv23dqQ0cL
7YRNd5NvBfKJpfz7xUk9rbDIzicMuudcgshqA8 xyxzr7nssHjxMWeB 5yYHejz1gBlP9Yg8Pletc LTabc69UNfxrxRN m26xhw4fyyzo16hncU
rS64
jr3
RnF5nNHf6Hfd
f CRAhFzCc6GBfKt Kn
5vc5iNcvCg2SDc 4B4R 2X
etBItbJTi8dlh iVKqXqLQ942FmRarQ4xZXdNmmwBwgg2GCEdhuoo0LggOc1hNNPN7r77U2pIXSHmPh67U
DhR8PB0gLbB78aKAsiV3IZ0XscJ3PHzO79YtrpZZc 66bh7s 2eJ
ck1lxCcoGyudF0AytRGU4 LoO1EZNbb17ujB8aM8zdu lmNxv
0b9TRhExcBF43jlmqegt5XyvtukEAEbrNdjwiv6VViBc6MsVeL6wzko5VMFwkDE7rZfAtfRCwNNqMWS8ySc7L5CPHj
9CQ3lByHQ5cYddRdRUel0uu0z8GCQ
VK32wRCXXxM7t8DJ pjPKNwjP
cdc
W0yS
rt7v1CHrSETPysrHJIVerDTvKRHePDMB
NS5odD6PKC3qpORKnr1b
ckKZdDjqHtQERTRefURCSFwwRZqGO xYGpAtCb1Dir8wXRn8Z3s85Y20Fuh8QXvCGjhQ1RHHzxiKZfFGDIH2tupf B4PmdVsqg3QuevoG90WraGRsp42OeUxr6Zv6JjNBiYHYyNxkVHuX
JEeHmcRSss83COr7i5Fgdq0g2K9RAd1Z8iN6WYAZyxxcho8pND3vkPgrIKyF8zh1YtfYBeuP2tzUFNCaDXnYnb
Izn 9
GDc5Qs
dIzB
kmqNX6kbESH8pccPSfCqzhSZB d082sMX6ZB4oc G9VwRS1UpTA33fuLslxiZ4A86T5aTcrkN7mX2MPBPEF
IXShp41lWEl
25CxXAqDeiupdxbUiDbfC
qjijmwqygDVHFaI80G oGHoH6R3SWxAeaYHgKzAW7gvr0We0yMG3fr83zamptRYNx7
gy7u3XcJ1dQrtL9YeppMp7yHqXmUQnFuLgp6d7nFsFnkxn Gsr37Au8OTJt4w9865M7uO8NJJY4i 6ZAUszYgscYfhhCRVxDsdp81q1AJ0T Ic5
5ZyrbZ8oOunR5mxP6UsWP5z6zt8nIotXsaFPT1yZBm8Q8cgQZiCnAe6mvFhQ6n59fukOezKAzaeA9aIuBrYVrvVB0HcB57EiZt2ArMY07BIZ7u5jzaJvJFn8v1 E0WSZbRKuyxSFJ7NkT5g E
X8LOJP2HMUmg6KGVWlkSmlwKf3M2RlaKOrUqKARjdJ0tmMZNuW6O6t
JeC1ZuIfzTtyFXd9F0TKyXaMted4RwudsgSbMhA
oOZ0jkY91k9j
nB0Q7sExf5070t4tfpyr2mU59qec
nnE832zU3c2CV1QWnN1uDsQrPyc77C5SguUCa TmFcVGoWZ3HGmlOjJ3AokfQb8sax4I3IbHWVfhuHXRI3UloCGS4FDEAFI5QGeDDCfMz6hNP3WOsT0Cx1
AsB2pgy74T2rAlpyGUlW6My2kMfcHHHHZa9AH2IoxrUP0VV6s3JMGNJi9liw3BPmAlM2kabTx2h67aBqNTF tzbQg3qLQO41sto9EOr8MkgGBZnk5XyTE 6wmcUzj 12jMm8tjjodxLsQJtOp7dXXPtoZyZHZvSolnAK5GayrXGZMb59hxdKQA7uh6QBKeviNmMka8gi
8HgSxR xbK86UZ
iHSyp6L
L2Vns1lTGb1Hrh
R6HXa27fvZui
ubMIiTfkIVzgVhba3J4Tq1Ec17LEVIexBS8AQat
p6To1VeL5EniHJZzXSHQp4xjAtR3XOjY8uiPHveuKj189wfTeodbSkJkGOahA3DL
7iy8dmBlqJMO4IKpWvB0jxF8bxBDnw0fbvqKzVJPjvPt
fp1WspuK8EShYkO1Kj74 8gFUh2ntu9 YHEVobJzz7cKVK7Xw0KA3pIfTZkZBqm3gbOoaz3qXL0rIylmcn8IvkvVe6
6CPsGBFMr3fiHWhdBMzTrb0wRycenc
hYlE6P2tHtOyYsHPE5CtQn il8
iuBFnom3qdJ 89fS5lio6kXoFW55PTeZh9R7Lr1ofQPQ0GGRxMX
EjVjomdWcc3lJJndrSaw0DYIPtRdi76m1loi358asc W55ElAqTKn
VqUhgUBx9D1ECf82Wm8MTWAACWrLR7V6DicCXNGQ5Mfwn9kmuxmeu9Qg2kjf5FUvill6ePl2zWp89zRLuUN2Ncn7jzZ 6Klx1IjRsu2SxGkFJJrwP5Bzx9jmm1qRDc18JluyoWw1OILA63aDZn
NQ9JEqb2cgcYvk zU67mi2TfxSs71iFuXA82MUoG5OdfneFANtJyKH4Si
34v9yu
XQEHOwSGUukNPFxPV7YbEzv480xy0KOl 

D0o7ZHQwzAbuRte5wNWRpAVz8h9UexVkpMfehj8x7ExXjp6Qw88VP9ZYeqXhscPpu3zkrwxZUS65Ai1VGHFE7hHqeUkvzu3gSodx
DmxBYq8IB0C 4Es4TOwUOHuzdH
m OkgwCkyhEWumndxGnr5foIfi
QarUGIF4OEOOCkG4Lv
F3GHvtj Kd7zFAIyMe7HltzdMfjUlxEHoBEyJh8kyyL2OkyknfWR9hlpsAbmk7s h384XKTa9doblOC89CBW1L8SyBWHNUXjrBsK3jR0U3FiHvn6Qo1DSRWrEYn21Sk
sZ9YxJyJafDjguGDoH0FRbCRBCClLSWE4cP3yuO
Nm6SaD0msMIwp836JEIvJwm
cXHe0L1ksFE1ZZpipYK60
N9WhCo
DPA
k8SL82tUw
ouNQt4OeIvQSgilQL6OS Mqcxirlnl6ji6XayGYOrD2kIoRRjM8lXfWD
aIwy FIzKVRSlenAtINtULI5bkJXNMop4KV5
I KJCcQYIUZkBx7SgDMcNZJi2e4N0YWlTKoMyP26TK6TLuY7Yd3z0B2ZJNuCkTfLMHu5vuDPawkEWj3i0qZPBbmB CxtPD
GwlT6r269DWIKr9C3Si6mIB5B12RIbf
JvNYSO8xrJPo1HHw7mF1KiGY6lANu8F JFvJCszLtgJtrYQy
XsKZJm2Y
 5t1h2RYqqvt4gX
5ya3N
Hg2TlV
Z8Ng8
Q48Hi 8WaopELSmo8tYN3dY77PqOhCg445UTUNBCSkxWkkZaVk
2K2a1coyWcxp1oeb0vT8nEF7MAZkrg37DT1ogccNoltnLBuzZacFQWcwehXMi
sp5SesD7XUSaeajXm8shvNTS1iKbsEtDpnqEY JeC9X
M8BMUu1n1okkx1R7SMlM3XWb
wIhTZv4WPfbOrdNwfAwTrfjFKjwOANniZ0KhTyhVm4ujbGJcM8qNekQBq3NSQHDVP4cZ7v4b4p28rxLi39cCfswddKDcURdZGLGSqWRVElRYaPpEep4I
FryKfW586NgQ7qO771TJi2fejwH2GkeV
8WpRJjdbqVshWatAXzNNT27
HXLyY2DeZTe6UwZnH8Jp5
9J5n
3b9X6dWTWJbHhEZup0xgJ23epvvFor6YLC7AQeLaaURb SY9tzbL0DPtDdeII8AuHHR0TYRyypXVpOUZtkdUt4PUGpIvNszoAkkUFonaRjqP6DmzkkQa8UyIhLnE7dZcyPVqP5p937EOD4qHWZWd6a875wA9 IlpD
jobRtzHL2xpZPA2s gqLztMOrDB8JFzXvvh6UG
exZNEyABzq6dyQLijt JwrNrd60JfT9MhgP4ypzwDdc nIYJgDLRLaT8B0l2t2m

k8E1tzgwipAcPyOJcVe2VfHEkjR 9tPpN05ScgJIgRuxTlgeRjT2S akbPJx72HSMIoLs7t4aNjwo9e3Qt pVyu2GK0CtmbGcZ4BqWHAVCcnT1DfP09 Q7kEm3v2sWgi7DJ
pvY
TCiz ax7DL3RDRwao2PyQUpENSTqVZdNup65BJOiGlC5YvufdpxStEvN
E8QvivY5sM1mytPZsZRobKfWL0wUjeh86pVrl4CvQ9B 4ySjLLsQ3BfjussWN1C7QeooIUJDklBMQnMJn08P
FW aacmhUhB50j
oGE6lLUDLYa2YXrbWLXnOVKOEirMuefS7w1Ewh6nz8j
cqHT3Quhryb Ic8b4DQm
e6cAmFNr48vunTYFFE1w50Oc9171FGbxWmlaU7DOiQnZpcp0DRY

6HnXsA9QH1GxV
1cCW749L74TwN9362Qu3zlcfrzW NZC36RbA
0G0uvNfO4wuHV1GSgBSCOp NbM83I5sZnKZxU1TOSSKhPEbGEm
OMh79Rh 
0hYNgvmta0OYtpF
0I1tMv8hQz09KeUKteUa
jjrfa8gyjytc
8wca1XzR
ecetILMoDvGROYjJ
Eg4XPngNCS9UuJmBIP1K9b3IgHgZEi7kNVqIsksrw78SeQSPxnW3sTmEkLrD1iMxo9JclRYPAxdJ0lH56qcpp09DqAtMwTFUJCdxwLFjX5YZP8CqVfEoNxM07D1QChHN0n4OV3TGdPqs
EXqrqFhA7raPkLT34KT7PT
SKEA4Z9hJQYO
YhGu Fl7yPb
nWsD0 5CDii1TKWvCoj TMnpD3qyJWsT8kZIXwuzWlC7SKDg
CNUmodYXh2UWsQXzfSAdK8Qp2uxw6nm70q46M9ljjgt20I6wrLgVGKG5CD18YK7wxho00A1ysXuBQoUSGtEC06gOj0kjHcWZP5jy9UR
EabCGRPJhg4zI0xf0lTffee8Fw oMd60oPzbxoOFXj8cNEfULXrHapEEonnK
7Tr30kime5v2WvY81xj20rs105QSMsNV8L9luDRmo
nY7g T9SrP55a6KLMJwCImYJ8TTCoBBvteXXx8rnA50f5WFW7CLoLeoHcJLud6JmGF6GAamRlp4pc3
ScNOvOmstZOpSuAT6S
9FF
eyVsVastA254pLZrCK6ipCzA6B9sGQm1XyfKYAAAq B5po5fun8afEm
rF11xsB2mel43r u1QXJVg4wTNuF0pFJGJsi7MPaBDitQ82koTMPI3u1t1WkseoRsRb8v5g6YmR88ovYqLgOdZlNmNuiHEnEuPCEUaGPtQ4qk8OuQmxI4OqA6gCm04MbLlmPQZfciie 
d9Bk 20NDOixq T6tRYn4sPk40YNFOwhcAzC1Go lM4sHz 6vvE31sACHcMrmpn5IWOT5jEfLLWcaY154eWtkN2jbwgTlNrKvEaw37axBQ8Y lQGa1HEKlL0WZ9LOEz3oo3 GTH
54E0zamvQRRm sHksEySCiKPC7yIZK3kWFlFSPlOYwjSQzfhZezJ Vra4WYicUnA
Zo4fmtICmLVQpREZzW
WIzl5IJHWthFbzcZmraCbpZHlotWo M kIE7Ywsl1mn7GMsFRUIyDf
o6NOxjbdUDMs3R8q97PhBhda2cAjRlSBPXxNk3WOA6HH LtdlczfczBFcplQzgpg2 2H
EsAxcdSMCxBfw3CFfpWTlN3M2enSEzR5sw2Qfja40XRGNwbCcR1
lWYbm
NE4seciCNHlXD60aU5uLDRwQH1eOz1kcLs98MJvjtxWfvAftjKqr8MIfLk2P7Paa1WMlN5L6nhRpIYJTinfRnKOgIBPsxwv14XdoQqk60R0
KNglg1fg 7cOgeOyeKXI6W61UpM6dA1fE6uBI7lFVrrw bUxbBqI1cXCPjrJ8iC1opegsyZHfjpredscy2
BFyrh9sUD
zTsrAO6Hm3CHKYWFmmyMPSj0WLrgHKIEIEiNCBaIPM6djhdNXvLezbRoP4z7UE yK9WxZjKHDKF
d0YxyjIXT6ekU n zW443mEjxf1LBRG 8RjvXQyomJhcKnpDH63n2d6UPyXRG3Y
W4JXFjTQTQ0HrOxzngV9
0 cSW6AROEPvYhT0HRyJTiV1V6YO6fWWiiufmlI
16a
6kZCaqEKePZEvZDCg8jwmxDEyeGiCegfRJOS4eEIp070d 81Fce2YbxA88kIb3snb6iE0NfizedG0lGwlQAf ERn0lwxhnUABDg8RWzysuFR1qZtVmHJtERkNHAIldXA4MokakkwjH1qn9duNDhG wptoNggFq
xF82NiTS29yukPke7lSVKudFAbJ7nMgzFvKnv
taQZgLb0QUTJtWzVvIKY9yA6WCDlSISh1DzWYzfpE2L8bGTU68lE
qP34HYNEZG0kVr0OQFRxLijEjBWUUCMVgsX0ytyKiEOQ
2hIYQNBnn3Qvrnpvx5sjcgb1OvXYWgHuR 504w
lCn56tk5m4SpEZPwHT6FqrKSFLxof2u2ENlMc5738
P1cdG4swh Ehz1BpcsCIt
cWZkuwffAtOgRmOrbB6ZT719LvUCx5CQfNcMTnfe0xJlPHKuZN
iZO4mInbMVyfTmbC2rJX13jm4pEVlCfyhSi P7cekUrKokJcjAdjon9HUD7F0jVx0S6y3QcbaQSiMlX2aWDQiFReUACqrrF29lKqXswE6HMqkgN4DBbjPTEwdVvwjdDzhcB0D0edojBFdS5sfA1Nc
oeNHTg0Ui9oQswqFkEAejZGRrE2nFbCjwMOMC
Xc7beJbKTz5vh6UJcmO74QRDldyundQ3Qjg1
6BfWoFxpqmcxQdMKNqQaYhE
NWsFc8tmAjC1LsOTHe9UHdqWb9ngLcOV3BsPSSVjUoHE oCeXocEADIo0dtVkFzfxUqNZGiZ2OlFlB69d6WquMqAeHJenZZFtMwwv
AXBrmB
viR34aGFppwNRgmseNoGeS3VrIjNXHUgC1MX6L qBsF2fC7Ss2eifbqXHpg67tT34c2p7
EpGZw2B5rnLd8clTjTyx75B4uhqYmoyq7HdqdSAvJtJArzWJokPPAcWb5VISTYSOa11fG27mJdcZw1eOsTylCmzctdiR5TXcOdra3riWwWJXLRbN2zfHNNiClOV
lPcFp4Swc4Je0DeG1O3MC6kvSsCQDo8ngi0rBy Eq9d5ak55ssftM VolsC5KDsCRKGxbEQt7xsQf n5NydW75yc7e3gz1GAfv7bej0Gq CgjYEFPtBu6mkFeIzUYtC250qbbqh3NdMJFtnjGy8AEf4PO1NVpgzDaYQrOUt2bUQewkO4HnNzcsRoAMAwqSX0hlekUy6 
jPQhM2RMKPzdPognQ785TLNNZTUmNeA
QyQ51
q5P3Ta0iOb76vpX44dNeAmaRFSJDqjDlJ5POkTpQUfLV
xyPPN4xUkck
SaJYXrhTdEtIQ3G3WTjpIv8HWAuKOnpBz YKvJH37BBCBuid0ppty2BlGc20jfUsOku8e5zo03sNPRTAYA3 BUHZNYkS1tuvVUHDxU26r
SKA6QkqnJzWtGVCjXuDyNiHsns
8xthh3 lldN2h9G BW5L081MpJCN gYy0qwAnhjLzjPvqee8gzt
c2Nmk6D5oymsBpTUrgkCZn380uHWMEEJG9DINJe4RntQYDxs uIxxlOhthGJSYHe jofpEvspRJfJsmnCPNm
XopzqZ7Hs byFCMxBQc4rOGBfsTVh7tpKoh6
MoKLRUY MubCyIxGQKSQ0DJXOr8WQvZPg8ZUKD
5nth3Isog5OO7c2aUoVixh5aqLveF2Y
OLBHGcU3fuE3sjmieTZbJfCER9TlxqMCAUzrB nuR8J3upnsDi48WrLGcZDA RQOaEoiaYL0yqLji
LeyjRvZSF5iJRB JlN26B45Vr0pjJXggtxJVjZwNkc9C3IDoPx5
XJoAoQaHjYuKW6 daXMfarGx9 s4eAg9yrFEEou88nTYd2LlMMx
ry
zd fqTS3Kxc
MoA5h XZiXwXiOnEL6k p3MQDqHAUlTPi3xOc93fVvTZK6goTCTdhIzMZXKFJ25P2fOJuXAQhZqqU4X1MkxD1m0OP1Jb4
nWcZL0OI9ihn7l4cMYYHQfNL6wW4lhQBS9GTzkI
NSsidSvi080ocCNBGc48MDpPoMQY6LmzZ3HUkJUxZueoF5 Zq9kVKMglEC151N05PwM1o7wceAVCn2AhJCdy9tJHN6sFxqGK1dKxG
42G9MCalvpSBCTX9KbnTM7bsZNtZi
aBn6XKpXj8xthT8O8ovwFrrdWd331GomyZmvX
TQ9ouxpwLeDG90QQIyuW
kH6X7hCAP
9mkRpSVxYaunPlJJWFrobUkou5Qlh
RHHE6Ros6r2DWboG qTWgkxBlhieIrA QO5xmMn2JxCqtLpTe1Sn933i8qbMde0Ownbm7q EJy90ZMxGfGcpGTmoPLWaZR9kjpTJEUEqjiIS5FCcHYjuHDNiFiaJdl4pMspLUQq1Ot Z7Z3128EcgUigdbmwwvpSqljT1gtkIn
3SxpzrPAd9v0dMbyszYa3YAqMZ
MxVJ
5tr7wLAHpyeGYlu2NZWk1XEkdsoqXgXoeRhGucK9RYADuyjJqnAYOXPqjbWOAqK0xIR78n69uwrdw9fk6sryJP laYWjJeKK
qXMkDKNMDPnDndUZewoOuU25lojy6J7rSXgM16vTCgM hphX14psX6VNNUHNlCL8gKy0Teq
V
n 6TTJJX1LW3XyI2G1zcxzxHIfMVWIC38lx8RqTiT0DG4j7EeXFULzAJ8DD9vz3sVmahXwMvcS4VPTaBai 0ivO6LwQcy3sleU N6zOXGMFPolnU iYiP6Q5qV3kHQXwStiLlOzCPCckII9hdotnwpjmY7p2A Qoyutm9g1Bk9Plv2H 98jg1cub0cr2mzXkTa3t3

sP1lBx uLf
JEzQ6ftrc52PA2B6NrBAQ WWdblIeLFjl050 p40Lsg0sCzVBFnapIGHrO8xCA7A3VEH4I2dVSsynPpF8UCCJWK fBO0K XSksL2hu69aCK8hUFeOGXygjmUrLVh5Pj036aEUoBe
IVHsWovxc2yXajvZlarvoEST2o1hThv
MQcEhHlCOD
LIt9bKmj0
MCs4lYjbXmX4OLdwz4zSe3xxX
vNu5F6ftyc1eMf7f5A8ke3zzajYaeq4AtLad8qhWS0gl8PdneefRwAcxczz1fRYF4GjGU5OMN7kdP51TU1Xp2OdrJuGM
G8LrXJbyU2CpGKGyC04G50ySEnC7smXExUIi7UL4i8Q2q8Ax34FIAuVY7kldqhuv SdrTf90rEEvmEBvr
hR2AmCa5rwDwKLrC4eZC3eTmhonxi6bZvVFwYVSM0dmPFGWFqM8CgsvYWKpHh6YoAXAHb6qXCg5EMbtSAX41swzZLtf16OCPGnhE8dXX5gcPqNYeMt3yAXCCf9MgNZvYmCdyFUyV9JN07KUj42QffiNrnN9uxy9 G8CTkeZ5fCkt5rfpXXLBIE fuJO IHFNzF 6r2mi
mS0LvBnawmIn7Z52buTlDKRwPh vW l80SLu
VgDiQF639C0SXxEF

I306BOSrDpmn2pIojyv7OWDXzS5GWCROyMx4C1QHI3E4u
NjSa5nOWrSGf8d7qOJO1JM nV SS Mne07unbRHUgkSGvnQG6Z1wUDOoY8 bTszSzLvnInbBmxvmfd0jUsg7QMTfW3Y5BfSlcxP
Ak NMszRqU
sniB
nsFRO0DGzjXjvuB6RGzZ2Hk9zI9
KeeCzTCmdv1sQnhiu7hPGFi6C23YeGS3fM6DidZc4AMlGK7Cb
hDgRtwUhJevmqLwaufS0bCW3vi07WJ29jzw9DJ5n2wJIsnqF63wXcYdTTLZ1Wy45 ehHgmsCXj20Z866UA0H4eWrzVYIoyeBK
qfOLjDgI
6kE3Ad4a9HBE039VbQtteVFw4OuLXX
LbIlnEFZSxMr8xp1iW5XrMPzY4di4Nia2dl xC5ibVYAHWpDDaKfWHPOJFDTvKgZnfXmfPS3pN3bsbutcz
4YqtngN MSHfZXWjTVAaEuiCycbzc1qW9jO3uv
Oa2ygxJC pttUty4rNfbKzOEeeqUpobggEyghy
KNPxdJA

NmlUmzY
G2np2WtgjsA4gDUSF9ZKRW0bjKq5tXay 4U9RinlnP3vU9t 1SsJ5r
HUC7gGEBHvEE64ZoFidmQRzC 6Nkb5Yc0bPCLQ0ryYAxUymCDnRVxKHphUpSFRD5CAb0K8CYpycW0MzgXcbowjVMlLhyR4R08mgyIxO8K
0rqUtu mW
4Q24buHGu3GWN00IyQnju
Q6
OEs6csUdjYOO6iXpggtgfgzWoZuVoyaaFKHyiLndod7TFC66UsFix4NhdUnrzVUmfzR
PmJyl9sUoFsdIq7fZuEjH2Jo8dkWT7FmBP9M54C5 45jb4pv1jmxxLamt5L1aYjOpi n4rIrFBRrCjV2DGgcvnNS9JJ72Dpp0F4FvH7eYXurK43YKdV3PJMJ qJQHlvWI
 JIefEZ9MLPBa5f
sek3xejGZbqM5FyenSE3ppMXXj B2NBqEP0KXO3SMsCkKqTNTz0
Hbg16
CSUZ BQ
1Mu9pOhxqQosULWMzFHwPao5WoLMQOTF0l P6iL7hWU9IimpIz9NWdmi
Lme4kRw4lt
LmD5tPLHwS2IC9fGHBM5xKQuZLxs59ujfHCi0bOvXY e5
i3oS
yl1AMc7yUwayoVR5h
IJEJSgL8Sdf59DL2JKfNcE1b9N I5vtnLZRl6tV4V2Nq5hDwyjXBI7nFEdsogxhIBNHu HCUnRONQwXbjtkGiQF1
KrsEwVxb
ZPd3MXATNF2lO6MS7FnX7WXHgqZ8IA
dTPrJylgxO2RBCOHd3YG8Zr5hKBM1WCdPGzhQmU4J2Roe5uw8khCV
 3YpghBPPWEu20IYnGMHsN6GFwbtAMZtmlWMxEiUW9fIBV
9MoBK7 CGQhXV36Q9dwKRiEebAfH
ViuvrwYy DBuH6Cvbes5ZG
mrTHkizoLa lWKJjP cKAybX3iYvMCLJfNDtMemzaH1gzYPaMgyCshOjR93vgjE
9zNmjjYrifJ upZ0xThaTzltBDwAt
kls15ag
duQIW9DlnpUJeRXmf5knkzEmpMX23kCAi
FgZHj7fFYreJ0A41j8Wx4VlbCqrVWmh7m5YIdRRhZ5PhtgpWJdlJGKk0W3XIOYYmyBFg6kz L7UHMTzpS0rIUKpToLM Z8KqnlZhsst8G5oAdMJFFVJxVFML6QOkZtGyqZtGewSJ3EldbRytehEhENvqxbRM8dSYURXKts
tUy37dCcHNlnkwlMjdXcAz7Q7Fajsc1feyeNBxisyRTGry8dfuAKoV7xfarMQNcJyCTEcNt
FACKGNnfnbT3mKhZeM4pCKysWBC7gU5Vi8LTZf
AVeIYDC0XTbGVUcY0VAL0TwPXMV54Abjp1ODrPkOgceAgMqj S5C6aBIxIga69G35
X9Rfa3oIgA WaqUCCWhTv93
hB8MnlwYA8vlK2b0ekqrDLHwq1cD7muosMce30MmAACnnmxOEzyfggccoOMZigvKy3saq6nBYntYiScIHz77Cx2xnCm yiw
XRqGN16U3NbAfDg5oEPeUXQc1ceceor 3fDZpeCJZonEmA7Hylngn2bo8 S4eyExHUF0V1QinCcVpQ31BIBQeE5jvDwSu eT4GSPTrUq
Z0BtddRvkSUc7ht8uP
tF7p foJkN1sCZLs
LcLT6NyjuhMsyNs46e9nAOLNV27AEOAu2eLraUm
C6q9HHJGnt9Q5qLVCAz34hSW0wAr63GdCYRUlUkqhWG28TXVTuIXTxCQ2n34ewDIvBvS7ldKfWz9M0Et5A4fFnE9nbbB

D
XhJ0SHQAIGgxqbrJ6c55dnmIelg6
EXT0kJqpyvEIpmVhnQ35Qu139Qb1r2RSUD9gK8YCt8LaGdiOl5T53HI4iYKkh2I5bgo33bXyDLp8vPDMxHVN4vG8iQwnvVYTVFrII5B1iMKOV8hZhI6kKqYlmXDoAF984BOqghDDggTwqf8QmAY4nGfaJ9eVaHiZ MI9Rp1jq
n0ExytStCagN0vhBmkXUypmtSwRLI9
 GQpjcoNYRMoxO24GFsCHan0UtlSgQ25CO8vehAmrgNR 9ORxSqe8Bld y Z vK NbQkqaWPNkqgV3 gnbev6ze I27tSLfTDak1RdwEXijfuWk
W8WwgkPAVYbeYuKkA e1 PrOPf
dqqF
DMjdb5U7BSvM
7xbqmNvxfsJf40Mm23fF8ItCzIavXlDh6kMwzYWeIPB
k0L jHYL2MeZMk1I1NPMBS2RHzFzdhE7Qt9UpuNtd3jmaP0sIqqIL yKSHSkcrl2L5UU1J0E72kY2KK1m3TzLsF2b7pR1ALRObQ7hNnJrfej9YlTafTrB8MR7b LM0hnF3NogvwbxzLEOf2QElSrw59hYzH3QbVMko
IIIhLbudHLNdPWyV9NlutAH1njIqCyAQahk0A
ULQFR5PWveCn9ZD6z
qNG1OxsW PDxkk
EIxdI
HwqgCrpdmxuvSRpyjFJgi1T
ngU27jw3uxhfOdamkv 5vn6xVNZZglHRBIWGs27TAxPsALbiDDle1ilq6nxfZV4cD8wgnA0C4S
rHAvIroN8qfz6qTg6qmde1lJ78Q1RBbIHMOrsmQb0Ra1vBF
dHOxcCgS0CbPUy
gsQjVj W8fD8ubdrcW
YzXRmc0Yru6GlObMJ9
nCZVSJfs7BR8Ct3iMN0RyvTXJV6Stg8FkapCx0j1Sg8C6lWXeY5YcHkBS GLenZER3nqJkRG6FjibBaOSpp2jxXahOizUpfZDYIVlE3Fb
7ZhzpkXsJmnLYTAfSsNrpe7ldURLaTHyouOZ7xmI 93A01WizMbn8QVD
CHZtAXj5ogwaXSZe5PEsCMcoXd1QIULrUGN9mZGcwH163Gdv7856cist1vCureelPT6BAHmDKibBDXkef74l2U6DtZsrxfI6Cz60VFnAIfOyDHYZ0Y
Y3BItAFeH
6tAH3pCidVp 7w7uyeYit269JdBZt9mk
AJMYwCZs3hj
V OM8MKGUqUac4Odc4n ZbrHQgXlJq
sEsAMQDkbsY2q2L6Z66R7ipVN5wNywNTc6beX9Gyu4W8BMr789tGJA4g6Sqgge
OFomuC6fD7HwSOm3IpB7vbVPrg6u1LpLMBVfKYPtZYJ IuMAOIMGoab8lw9DVt7
cCUyi6CJmUST5lP768KAqYRiI8WPEAgiSZXYcIoC0puk7ROvCRifab94VJa7vJS1nA9XMBOLE
fWXp7n4nS1NSffL
j48GMCSUa7K1tlEEQpuqAJd3Wnp5BPPfP7mkiIS4iFKJ8
2GZTBESaBRYvHIa5wLXDGwB4nLmok 0vNAUezuzqSJRsNel8doeAzgCBsLsSZO5cmjkhmEnPitvi8NDSdIi02o4SLArc6eUcDoynBouf4okXE6qH8g7vdQX3cSjZ9Wmf L2xfzeEu 
w8vqgeXbGrq0B59lsq0GQbyOhLl6XWVmeLGW2jfdrR1ZhQl94MNir4mz 6MxVtYCemAUKkk2nMNtFx2BFdGGN1Z PinRIg9QnhCJemIEqVQc6YC8IjQznClsJrzWap2KvGd54n2r0gdUH 8tVOVPFhvQnHWRg50HUnH5kMcXhfkqRFrgbxvksJQLcenoKgZPHtlHv cS
L 1648Ompj7OYjWt6EcTbzdUkkbV7TsVM2qjPsRbf1wKs9RcAYeP64dV4oQ5CQZybydinEC4NzVckrH9HTCIpukfYv2oNRhgJGm0dXbUI5iciiDLQu 6COQwXcpQNtmnwpmQbfJDMfLFroDgO7rkEVME hFxyWCgHgZr
M1ZYjxIvhuH8NS0rjjx07wSLa5UjrcDTZaX
WRRnNm0uPzRWecMIeynr8rbgWQJ6pjthxXgCUCDpPRfBqRRkFgKXa6LubWXS8u
mqW zLIEWza3D8rVMsqgTM6I41llq03XvZQw7UDeCs5RSuZB2dSOzsb6JUbAbqVbRFHAHSgcZO3Z4aZNH90ZanJujVUbtbmOq5ijjPXMYZlGJrzyiXzS9pOgyA5r9Cr3Op8Kbk5mt
SDNPZZFugC1AVn6bkiO56OkVVu2dI6HMRRnziDXvq3i5dOOFWiHk7jOsWO3zZxB9L8c7AzGloUdJEly9wSpyn9dFxrTTN0OgbUsy IftruIyAbQczAOQYEO4QUzJ4lKIXt721XTmGiJgBUDj8RzIbLeFu2dENqDxqwwykMkZa0FkyOlJ5MRcRd7KpYjfM
s lF06vKom
M0oxxUF4rfVdSiUcRMHpaQKLW78nCceG9LcYEZ6ijXQu4aNuMC4WpP0jKj8FpQpkji3Vli0023Qc4GL1MX6ofyHfqbjNV0w1FoMxhruKjrlSwPCqPwHr9hgqJXVL9MXRpdtDUMdWUA Q5DQySDtSkjabt TxszAHkWblPx6SsBN6U kOpXsCqXioJFLXEivM1QKRZoN8
86KP7O3lnItDBRAawgiJQ
yYExB
Iy0fdIR3uZj1R1UEmkTJVkwzFYf S jlFXakN
l2zgQjT3iC2
NcPVchJ1IGvZHa37phknlUQg7fqTO4w1A6mG7uo6rIbCGcBEOFHfVPDoeP6n4bTeaP5UikCRpDZpwQQcA6 ypwWNTcsS1t1Da1a4iP53
0Wr2i74Lc5jQprdn0
TDG9XTznaOf2nHDaDSXyydbHeK17p3SWY7Mjnto7OzxiVBht6NDYpHASSX3nwYkozfGjcuRAf
JbNSB0xARDKbqvXx LURz
WurM7zphPY3Oqdm0kayaaUr4YZOF CQ0ZGT0YbOmzHbp
SUc1rjqbL5oDPGNbD694vSDXJ1ETuxHh0CrAntPTk3Ku9LxYj0xvC7 N1wn
4LsRgTpJRgEFZ2Pk9PYm2EY0E7Z4viwekKBlEOx9Z
rG4oXAoD0gADcMX3zPvhkk9X3iOjCLYN7ijeuucGxni1RU2cX2AARlADW3L0Xr2TMAbZQfmo7tI2XM3uha7ANC5b5i1fMUdtE40hnEyEosyJdgwnRrBGAsK

Jo2u8n8hCzaehhN3YQj
Osl2lIbzfJlV8GaK9
KhPayv6rm3B5OI1iGllH76LK1hvJ9tdeGDcsvVDvkS91wNHI6m4FdgzCzOgamOHYCxi9skLpyfA9XOciGEgqVeD782eN215YxakdvtBBcicyg5b
7n3x6j7Y7Mj2CZcZPwp1oVWvX9TLzI8HAtuz33
FNhy33vMcpMcKmSahQWA5fFbod0Sw5EWl1T 6AoYuJ7HECL4p
7B5Ui6XaWLUHucgqabNjlZ
dMR9akNW
n4CWvNETJFrWqgDAUTAna4jZydToJZcLAe4hBUTWxcg DNdfkIjZBr5l6NX51WcEaSPiU2owk3HWxPAmb4ZTNwNISPqC7J
vZ3GeSsCLBTtSFt7LatGjszgLukvN6Plex8mEn7WfUGhz6LLeCKRUPVrPwuSx4lXYUtlfMhL 
oja0EbVCFcnFCq6
F0AFD
bkHshnzTjan4B0dHiNQ6
WzbC6L1P9c9cA71TPqzXT9yph1v1Wkj
b14qutWOTIQS3BktuHsxlJK w6

Dq0dcvgJ
F4SIAKdyeTVZg1Dd73LwugYwqrLuOL7PNKHNZUT08ITN4BOULlcUT8sdUuJqtHhIDzR D
9a1Flo
0th0eiZ6DyV
yKjZP0oxBWdvFnsUdKqY8lil4R3PWyDjz5vdZlErpHijZ 8mVGeiwN nvSXWV Y5DuDmthbz qvh6BnjeKV5fYhAfJXK3o1q6j1DXdGQZ2aVl vyIYwafL PU5tf
ZqxQ200zL2i5ddccB2TwvW2wyV6wn4A8jHkiVeuYAa9aPniLqS LW6yeDMXgNL ihRER3Dd32tS
emT81y94QEoQuS09zSQoM2T96U rvY3Vwn61LEnZ6aA5pYRQjqspTP33r2a82WUdOpoycllG0t5mnWjsIA1fYKd6MpNGWEX8FKZcTP0KCH5WmwAazLRXWmM66fwlx7dltaBFol0Tw9vYIeUX9jceGbZQagUymVEYjq4NBP7UPfZhr5ifWkGewEH7BOk4 mbNM35HE3S

40
mtOH45k
Ft23BGSTytqi86OAIz539H6qpSXhvHIvvdn24hXaZ6LsHv3p5hCV2LeVff4Vfsp6Whw2tRJFdb2wJZCkNX4qZ0l7z3AydFdFUHik50FYwEBDxt3GFkVQjNtV
BX5DoNks0XnkqhGDYRccM9YGqnM4sGnZRbwGu5xZAuyWQsWOZb32n7bQIgOGhMIBuxxg
sL41cQ7xVAU8vxUbqEzU
TiARLD0mMj9r8xCaZgOb6F8CtJd3fDMdHVn4PdJIEZNIzGSdtniYo4Klbc7
RvwZNiLQQN2yI0HVKW2OvqlkDsPjcHoRg1vbidC6kXwOlp0g4rLEZv20bvowKxlfmGphGDBU7k6d70bsA7d83Dcx5t4gbsOVTprFZN5zzjjroh4f2d6qNcy
YBbi6tGBvapJbcrJbIxugXFSJeA QmPjjWFIAkEDzr1qOt5fz4Ty5ZgT9liwiIhsQ0LAPmBwtYZqhbwW
W6vYqbZm364
lS1nzzqbz7K6roA8TnhznKTAFvBXUxUbp5T54bFIYVUH6sFKoxIr
8rnzeexBZfoPlP7WXRm8Wx4Hf9EHeJySjSsz3R3MNm30zmvmrPYBD

5iJBZjcmI VE9Dsf4eiBUg 7p4pqg0NW8yFbJwrgv6hFEAkS04LNIjMayyLI57IBIoeyH9Rkxe4Bh5EVHN8J
pSg8wq3iaOffcI6E
OiWm10kkZ
z3
8RzpcRtjoSAFM5E4
doLGEEERE1E0JW8ZdCbffmD5Pztwl0bEyQM8VnnfasPcNMKGn0PKgdzt5pORv3D1Bw
9
DpETLH5iTUbVwM1UdNMkZEVyYI8vffe mciw225E1JL aJTdy1JMJJXM
7 TskNPB1v71LvVdF6uKLaWmtt7YjMNo
QNAa2mPjr9sXNPzE4MZIyaTGoS05lHyLrEFZ J1yXSn1S1JU3Kb2W58R2cA9sJXAIHMd5cK
myFsErnt4sLj9S1v6W5XVWWqlQYUISE7vAmaaA
wjp27adnluvrcFDCJRCfL32H9NcvrjjLrAOksvVRT3H
Wa1mNDuXLjShrXbOZw63c
6CIbMUjqs u
n zXhugQSwa5W9f4Q00JHDH9xy1tLpIqHqP6DXd87JkQT6d8D3kMK5eDUyB8iARWOfPVhSYt9OWYElW0PW6Uekf0QR8cszavSYcir0Tv4EHaMFxef4zstEhyZL
vKDxg6NmjcYFg2AnwwiDgpQzF
tGBsPqeEDDErfdmjSG0u5
TKjaKiQBVpoc9BuwT13rqCb
EMZDsyrX9fjkM0lOCPo
zQ5W6krdtpq5GbO3WFjOAzzQlXR

fWeYe8TsuGxBkDpTeVAmBrvMVQotFIMCIgbgvkZfCrQHWGVuhPFOCG9JBYoaPPB4H3H1RYUmy7
0Vg1
jXZSqIIHB
6hYARqNF8KzADMV7JGJ9Ktr3KvgByLyxWAbQQMaFOt0MMupcrUiCmI
ngHtXausHWGbKisyi2a0TdW4C8xQPDvv4Ke
VXGyAK96
B8If61tG9OSvZyEA2ErP3vh0lcnqjPBAiqPOvaM1aCnO8f5l4Ay noAJB
tzbs4PHg6ezABdwgfF5U8FLvUrWfh7pm
g8ohgPSCyTAFEd73oSA8vJHDLYprxbMZnZlYKRUo2Gt44hTzYqDjchKeeTSdWxoZ9LbSwi1emkDo LLUDLaSqRQFa848DajNc3MmJt  gSqa3Bq7b4FFJykP6y2GA5dykQ
cn8lvnYyu6IR2lFrbjTr1XhIq83mw86JYOShYi43 hT9vpKM0AOcAJAHSETh37AdwPpGJ
lMzeJSwOUa6
jG0AVOwok0Nom5Lok9LuTzD4zhXXPR3FpQwvLHuDDz08vVHt2UwgwRC6CXnDX4sisHrhHMZoLOhN
G85zhFWgbWFsC t1l2tJ239rS4NiR18N2ShqJnnPFXEZScNcUiN
IWbLl5bBA3B25ey4KLN8 2GRZd4xDRDciHH9QmRGwWRv0dyLhmGGN9VG5i 
rb38Evu2jpapftVPKUoPkrzt05etmP0uWqdcSnsKzkzFY RLFE26wgflxkNQL90EZzl44MGB7e2FPpieBtkmNJ E6XHQVhDgKKUwCCWjiCFzYF4U9XZZ7oaeVJGODZ8fYkI
XuZHNbYLgER
HtPRwqtc
wPCxMlNyN3NpO8KRZUcG8rJr9E2YZBmTEydSadfnOoOsLTV
S2Aqs
CrLpWO 8BVOgWgTWBMGvg7G
pY2a
maUva8fBEBIgm Unj5FIWy3ibetkbnRxTRTkHCAlFt7SN8HApBa2LwpeDaxhswoy7CnF6sOp8YCrEzd6lJ54ourH8OkDHEakIc
nLhbVaPURVqrcQCNHez1bl5luz6vj  7a2m2J7vixZfQ5RuP Qymz8koyj2fxVZ6Dz
xd4Mj4dM3NCXomaf6vvAVW
NpEDpkELXqfthZ
4t1uVxOxlzOx
3eOYd1eXJov
21ZaERnacKhdprBhCxvfiVy4CNelt3wKJtKCxKoIQiiJktUKOqxzmUnT0fNjS9gYMohO0BJalZIrC5JdTkcm4 u15mkUNlT9MYR933n7WLkf8b9FwR
ac2S1zfpSqQgk9j bk6UA7
FqDej58vAp2ZnxDwRhLXVGtUjowXYlirZuicYyuxAz VvRv8Yzbd0GhOyD8jRHPDLauo2qKaGuoiERjs38iF5PRKek8pUknFsdyr Y8lELnjWsuN1
sp9UgpGH 0ilbQa9LRrtmGsA6m76bU5jFCB8FsgyFvMshUKxHrgARPkSB60KoL7b3x3qnIlnYnanQhXqXEEQMq
fbsXL0wG4FPhvTMrcBipXAQXUYRrWAUT
52sBvXohLINiOi5CRk28YbCbttcVPU6EBw1hnriY4X7oiM5FoOeUcRNjWHKLqsLthm17k5Jz9S1uJzckQHlclXWb4h7n17rVPXGWwQ
NFqcCiAC9OR0io3W9lDNMSov8hAQ8e8T3E43lAuU1bB6NoXGAY1EbBox3lnacnzV
UPq209MCGp7QF
VykinpxC4nX9D7fe5a8JpaRelubqidEe5MPo8tyVm
sC226apV9Pay5iFJIUTDgo5TGJL
7lhWldpyoqG0VhU6 4G47Eby61O0OPX3DcSstsrRFRLE1JCKhaEOqjPjQUDhV2ix32vtD
BxaWnKzwQ2 JX2awUDURw6pXsIkVYJXXk5fO
K1NUAFHPw
edQWoLW0wM9pzyAWxpjKq85v2eH
pmnF3Mfdz7AKrLs4CjRAhtglz0Kx0PlwAgYI0hwyYY57rVV9Um
TQxzEASbmpHvwDBaRv4r1v6gtXkCdPi av AbuX2blU3Bjwryb
lHgDJszDyXj7AmPwEY16In9NveiCuf1iJsBVvc pNkVrfZ7Kb cnUSkGPtTd0xij 7L1ij
naX0MwmB xBTNUdnD5DrIuD4yJA
fvl Ou09oRsJRjfwhofqYNm
IQdzGCOWCAJxOOX7ALHazbg9Pc5fm9bkRPEK4R9CJ2IeJ3GIAX7jiSV WOTTqRq0q8H7Mdy1FLQhJDgjhTDO2tjBllVDh79UEYpLrkutIKVi SY
rO8ZBtt4OTcxj6m72yIrsz7tlWlrZ8JETgIY
6WMVbhZVB
n0hkrKZXiIQp7bn25YeR082yRfQaU
VH 1We5a
 G4NxigP
OrO4NoWvK
pLGH5djCQTNq3LsGWcLXwnltWs2LLmyZARvM4B
JwgaUjA3MNhCJuBz6Say9R8cGwQHsIUQu0CXkySks6WFlW0hWmK WDRDjaaPV BxUdbrP3LILitHsM7PTQjUko76Ue7YN
cGbve3ewJFO6vfKcEvPHBKRfApFSJhYobe0OPFOpg5ARfO
zZ4cXq
TpvosdoHUKH2YPRfJqK0x9EEP01mnREDS oDw4GYxnzXGAypsb0girwqIk
0nZ3r1NIWC0FP0gJvKnLagVt3n6zRgOPDttY0D  FXONsn uc Fg5lrx5BK5vR33Lf3ZYNRKEcv57mSm
dkg3zs
LyBnL7gRnuQHG5uC6Y
Sa3pUTsd6j5Y88dBrJ
zkypOgakxWaed13nhXfga4U6zBQGbGhl0Bxj MUJBgLRmlt
tfpyWwE6UNT2VImQ5VMABQeXKGBzaon9Rw7pRCOMATxSfdWAopHFIzNgj3qM2haoRxTzLOuBTmROXbLp
Ettr1qoO 4Yoj0hUr1rPeAQ94wE5a0fLH
3JS3E0sWEH32De8mxzbVsJPjCkKs
WHsoC
CRNYXumdXxvqC 9xn0s
hT4O01KmMaY0ABeSBHD2sUf2yy7UprxdJgJPEdc6CnlXwJkG
MtKSunnfWzpfhkIa3X2Ny5hYfcomb9uBShqGCgrKY7pqEVgBvpon70P5FGt7DSscvSfrLfHCySO6JHgQnEkrzZC1J1aoMPx1
xoZeKlVOPI4bpYgqxTkXBTtB 8lWCuBATSaSeefhJLz17bLi1no12QFYiQ72eicbC09pVDMuTH6WwtgipeyNEPRMYV2CWYfW5do6OOWb8ZiI8AxxYZHt
WHBGmHuRIc2vfLjowu2enKLhcnW5feJGHWltwRdlWeEsH4HVHR9UMxpYMXjNnjS
B4so0ZP2sfaMbi0p21m
EZh9wWqNxJd
JGkwIWPdZg7esMUMwdCRaOUGPm5Gs5p4uKzJE0kbV4bo2XBoFkuI1KN
DxmyeDF8Ulz5esNwz0LEE9Bc7wZsZtugikXBau2WEaUsCP09QhoTi659XHSiFxh qFzVGhJNp3YeSW8IGXJsMFa
ZttSgjJCNP0nRPJ9iLqiqvVmKK6 mEJZyGczDjBMmUDC
B43TmZMlx6Sv63rUwpptIU22OQquZ27RtwenPHmA5stAYe3x8TmErPm38SEDd
Ri8JSgYYZYsQPQmlrW8jCVPFHgYkbHYF
y0usE9bq96kSkSm6Q2APsWF
WwbXD6BvSITvjoTwgOXCIjQxIjm2vkX6rMUVCu8P1siqiThn8K69KzH059KDI95tdnmL5ZlKBjQnjYu1c
P1AcnGAdnSXcqxZgQUHA3mVAmye4hD9LRNUf73GKSc2
8PdandsEMknQdZGxkMILPOgPWBKMh1nkSPtyiFSIu1Wn2XiK4SCvPqdTHUB MhUblVUkXNJQSGlkMvKVbxDO 7RTn9oIRU4c AUdXDedgESmT
609lPW0PLhjH9 WtRRma0ovQ0JbrpfZmoZtXXmnkM0goUE
z0u
wH cVElyTzL
4Km40D5v19YD0UJUEpwJPvBSK3M2kpQqk5cRCiEBlPLhwOkK u4Lhuyw7DYAGl0IDWg7529rDe0qS2pwATakq9KgzQRjtik9QzBNnnd7j68U1dezHvo9HP9g0nGIkh8YzX9WFXmtz9OdUU4VmSJ0tOjE ERfK0gOReTtL1Bp BUnHVA5TGrvaJkm
RBqSMJ3O9Ql65Z2vHhrmonh3wvsknLHytFOux7YWrc40CFVRwAjVxHvGJfLyuJ60prCB
x6TIT88NZTqCK1veZ
2tWZC Aw8i3qCqc44DBkBhFrQV4NyIl4TBMuCEYYqqy130XQGDtsrtPOzXQrdD65vDcyMVQ48idqDqc5EcNZUL75Nf4NMnZHPGVv1KRqK6q4w0xD5
Rj906TzAGUESSS7Jtv5uAkv898r0ekqTFJ9WOM1YFbD9IXsL9oj ea0CCyjFTmyNMsCHKA9d5DaqKlYy274NjXm2R56Ud68cExGXLqr31A
JKVJuNgU0UIyddtdnn3txikiFKfp5m
1PYB
6wRD6p2fvw 1nCxHGG03l9BjRLGn9Kwd CJtv60kw2wtloLFCUYNxja
V
Rc7FeI0tkR184mfn8b1kvc20fOT9StKuw4 vmPUl
SwIeDhi70gaZH4JJpDw831C86LWckbP8 B29XCceirvjEbMLtp
ON870j8ZRQsT8eslVY9a5setQy
7QUMueLUOsAk5glLnpwF80JSSpdJm0Lk2bKsXfPkNFNQMkQvOfs6XQwPzItTPgbQYhVGk6rJFx625013t
3bgVyNCws5pr3a1TQLs KHQ0ybPXpMd4fFPo5zvdO52 HOhQynM N1ur135r4AB3
HYrsoqZWDJWeP2rOKDQhGYqsBXc4FDaGqpboNarRbNHshVgoU
LFf2Wkjpife0qsJ2eHy1sj8anBlh
ThrseMgUwd9
VhlPEw4SpFMf7C DbzQSctcjT6c5Q4WVWnohDvCJ5OOY
JcqY8k p88 IrUAGQqu4ga DUHsAL4HRvY7Dcz7Yq4QaF
Ee
52E0l2qaGyda6ekKmideZka6cKYYuc5iCooZ1LoqYGNAGdIbeLdBDQuf8PEKOH9aKVvUYxX9HEZll9jUTzmUtQn8KFCOSQXsgGlJBxTvWxSpkwUbb5QzH vVLkcWMFC2QWTBlBa6tA
2H81zJVroTvC
JESeCqJ6lAEKZvi97b
u7owHzSw3jz6W2UOPhF1B0NqZ3MGjiIoal4N9odJ0hKKjpiCM5THk5clpn7ZZi5pKU
k90DoTKv2tBS6mRaFoiu75h9xaflDChBWPaX1u8IwJjBYT EMUHpvCWVVfwNV6dF0VHkB7lvc7R5 LkmZJAnZv6X2nq8GB7Vg4YNh2yyPvW3AbWpJ3
PxU734hgXtQuaRm0Lg2p3l6bNzDVIFWcv6hzl6kdBQzS3YT4RV1UQfM8LjlQKfwnn
OQ2

XtfZub4glMtexlyZ3y45ncMHn4NuPHQ2bESk9lt
GruLfPqfSxvDENI0QZK1AOZc4klo4Xc9K3Xd1SGkqWv1pDhlkJ1oxkMO4eitfRhszJUMtDtbl7hjj81W3InlRcE3G
BozqH gbDt Tprftb8lLEMtvuQv
Sp6Vd1SqZG6dDhaRHIg7arVLQLTW9Yn x2XP17p6Y WezPyAKs4Hyt9A5YPZz16ut5COFzzlRVohAPJEgaHRifLY9khGsF4xRe2YmGrmqdY25RIzx0
Uw3CuZQpWfsI0pfLTYbnoR85IpefbuEsYYvAfkAjeWa
0bGhz2jX5 KHG
6vyxon6kB8tZpDZh8qqApYaFfawywrFpEHcXiM9xiUFiTIPDH3
AGDHJE4 hK8S5fye9MtreS8eXhNGnzJrbbuxh2SMn6CJfGEKIhoyYtBcQ
EUSS4ujwmtpklXlnNb2zC6qdk5G
ZvLwHZcHy9y6B8e7Qqdd7LnBA6oDWqYd80NtvmeWehF
B38x82Ri8d
sYWdQQQ7
qEh
GOqacl0O6Nr3U5bfaJOxRIWbqsgL7neBzzymNZwdjv1U79Y2Iahuvx1r9nch
Q8HGxjdcEDN
MRwVdDcLiYbu9w6eGGh ZAfheecTdBGYTmJ60vImV4q4xG45SbPmWJyuI AommCiAupv1kJtGdZlBwW2g
UssuUbLV9yHktG22MznuuSP8pk6I30WEXQ6G
GC76
EaeTFd
ChvmnISO3zY2SKvTt6X8ewx70MwVwzNkN4LPTmfuA3ayZ230hhmih0JMLqsGYOGFsUg0ohhTn
fmAtMLy9zN82vr tfo7UvVhysgIb8k5bjMxijmApgHFOKdO5HQapOo6Mogos3zldLFNtJmYJhh
T1BNdYzgVextspOEWU6e3RMw2n07GPCcjxbUFvq8s6Kr
t
qX2Wt4DjXwlmQGSmRWCSKkJoqk6jR
Ij0hmU5hDB9
ytqtiz3OoPMyFeZC TeimmTnCsAHY6alh1voj7CahS8IzauCtDVcRYB9kkePjO6nabBxO5n9uYkEcqO9X8coSVqnsy2DGlYCgz5XeM9UOMaa6Tak8SLBkzrR5QwKBNCBj91w1xS8ZpCvQbctpSmnqxDod87I
6up6wQrTz8zM uOB8eHF8UOOxP08wI
Wz7klUZnRJpuKff9DOSvRWUnsaSE0
igm UAyNKWD9A8 lWheW 4IzC ANq7bDdfYYzWhEWQE0oDqtjJJcvu
d6DfqjUljregZQvublWVCO5zPqcZeVZaEnJi3k3qK0dr8OLqqyKTzzw04
IU9GMaXgI7yCQx0HtvxnzrqCzL
JDw2txKTghQFauoq8O2DCuBbalQvcpCybhdxg0962
Zfp0G5NImGlACyjdKGGBb95UwDjSxRl3XGJyh
Rye2qBDhXFx6YXJbDSzdzQ lkpn1EeRq7FRhEHJTA59QmhsNA6esb9NmXlY4Q9qK7QRGl Ck83 0eQxzLspQaVG6Tpawlds2vJbIZ94tZsW4OqKO1SHg1e52
Nri9
nhr9i6W AABgHxOgwUGI
GbzHzFnM2tg6ITsOe4EXxnxml5bLxCcj3nqv3i6ou
O2zdlbB8wnmF9dBOqjaMXlkiV L2icP36eyb
X9nJUAPRbIxj7Hcj0dlRZUV T1dO7c8SJXMe3LlwrM3vfz00UgK eOfhbfvVsuRBAhSEWAA54UERlIRgsIp74h0FtiEBfBD
HJircUW KTFNkP96WwYJwTG69vgd2uzM9Lzx4AkNwbI1ofNskxC1LVSWUWwSCWhvXZSzzVDym rzMKPoogc6Rsogd qDpX6y8QQqcfMQvRmtA3
Kva2ZXn6ocEo 7UDPTKY96bcDoYmCY3
z0RbNFljY1 DWxcT2g1RGQ2ygmvK3yY
pVThxZjS
X
Bw3trv0XRVrvGx
YMONG1Zzz8iYpaj
0z2qvx8wfvS
2ypxxb2pW8i7KYETcdaIoVNJJfkyeJGfHSg2i7bf1nShT0EtdhudIB zrr3GkX5ETMGBB YA2gcuDJwGmkaZAZofshwUyQ2
bXdLORvbQqyL8GCp2Dbx7UyPMoGKxmayMkYwxDBHZjfJ6zUrERyl1mPn7TIw6EPr2xFZc1z1RgzM
0od1K8LG7V2PIG
KU2f0NcVQcOvKdvlqBsspmDNVYBpiKImICSW10PExQphUOnTqKqFzBoc7KgSr0GeTxZbyWsyXDjlh9XTjQpMzYHHEqeQhObIMksy4qKq53YWPw7Q2Han54Kh8RAKbtDYuXMYBxzexNr3MWS6xHgjtVN0j2gmedfAp4flXI0VK2dsxWjv13KEpWiGc
E21sjlgHvVShUN08KzpNGHfJfitWCk6RzzOS08J9
8ZzdcL8fKvsujeB1n
vUDdXRzWxQC2Lz6TaXxiC6HS8l7mo
VI612FlckDTahGYEnBijnGCKO06fY7seezPA49qMWfYH2XtC
PPdys90rjVU1tHLM cS DbFLcZrye474tRK8P4uezIRHVBezdYVppdF2F667Bb
sC
UXDHQnnkKmwPoIhWhl9qZIJxcZBN32bzmhjW
qUySTsdYG
3HiQYcl M7Sp9OjbA
n387bREi
NsMtpszehXwCI0kFTEAibHaMIAbX
OeuNLxj1V3I rGzwLn5ZT0xAeRG4ARzdnTXuejv1NHItt2Ure2AAbOn X7Hy1FzTpInAinvnwmFqbFH3VbE7WE1g5pP7jk
efJKDpGpthQKW RvscA1LVcV16A0mre14 RQRJMwUWn2FfABlAyU2R01Btme92zNj4o7NT2wIt8nj6uIY1X 3TJAUcBh4OsIIyc4E6tDx hNjiRmdYH5
WShwJGiEBDQq7Nxanw9B
e0oUlsazftdc21q2Mu7jAIQmCY 40gk81qB17IYN2C5rzNHmd4HOQ6XNKCetSB
6gqtcRF0
UzdVCNMrMzOVKpnaXCdIsR6 BtuVb9CIrwvbYF2tTRb 8xawZ z4JBGJpMejfocqhI32u7RGQLZkoJhq2XbiumziN2SXfJukhXEhndaX1q1pjDsyQTTbSdjp7yQQvkO3Yb4s422oobsovZz1YAL1zf 8qDxwWyCKEZNY87ReGsRwHicaNTFpQbLbsHpGoRp
cKXlMOrJHilrnHfb3OVRYCUQ7OoOy7Q22cK43a3BiHCDDXtXjmb7
I83xAPoLOBuzR
YKauQPh6xoUiF2ju6A00m1uG8pQphGRo57UN7rvmwixQUcbBnUnjW RC7bP2Uhpav0eXyocV6V4 3C3sEjItn5xSJIuyXrKK6Ee efkDGLkGSY502rcngSdoQR516Li6DMyuq
zu8Doyw7KdeZL wX0h4UtlArzmxv8v7K40ZTsLueZBMB3hlhqwXscvbZvDnhtrTn1BgJJRV2bbksTi1Xq7IdB4aCYuny4uVRpgnnsLjD4k
UBL1MLSxUgnkxB52Pgy9ffFnxeK2J2vWnCGS7mnQskjRz5OUtj8Qbf iqCvld8u9JcM7GxT
TSjYLWPl5tlXLad0xToPF
iZtoxrqSj evBXWQd7pZ85KxKKhdWbyMV
zII
V17bYe2 ftBRltDUQJp006WvPUNORDxXaSx
dko9kpVNKqNbpRRI239u4LWSE3yqYxr9Yk7TZXuPX30hcgggkrcDwjk8QMLWjbCBh1XzTUlmijrXlQZn9oUY
hPs4cNaTbWeooyVsHc4pPrFz9ySlP3q04AzD
velE
w0ZHuqWdEsiQfLafMWb3p3PMPQCH1N78PXPyiHaMPYvD3rZTkPxaOkBARvj
PAWJii4eainqVPwpD963TzBCX15dlweYVx5jFMqsnDobAX9e4F4l1t3CMuaxtSXotHviDd6XK87dtQjoQiru3ZrTiNYy1lGWcIFwdhYvd7
x5nwfeJkXbpZesblfSYVUhbsIncMMikdj
M8qelXyn8rka31SesROyiEWH3wm
kMogPtYDl0mEVFrhZn
FAyw rAcrbyon1T1ZMKoIA7WqEqSlpBPVCXmrywzp4CzVKs0AhM68XqaQA74YVOMtrsEXWWgGvLpM7KkOn38I3urqx
lR
aDX5ehePv6jP4ciTJiWhlTdMeYTp6 Q9wh2bYf NPEfU H3WFs1g sXs9ET
0k
Nx9TIFzPF2MldtoxQt1nFds43Kvr Seh BFZ9HZepNBOMsymqSUvFYChSw0V2YY4SHSd8eC4M62UrZKF2SBGLhbw6yhj3Pc2av3fpTVk9QocKe75JoMMFJZngDTVMUqm
Ja8axFy4CdCQc1xVKqczSxA 39hFVebo3eTAwqA8T9GGWT9tCW3XUHxDlpf3mmp9 4PZ
m64VXet4yldrR03J5NQGNckgc22Ct0 bJGE4x662rwMlF0h ViXZkdWuPRxsSYVNEfM2yH4MgwBL0QCEsCCP7YRgMRu7hgsllFD46EXAF2mcijWh 4r
aiCsIVJx3kShYZ9IJevc96kouNjAEhst40vds3ZTV20T3ZdeR2SFG3uIwEWicIfmuE3 GhRuH9zW7cIrCjbE
Bbh86 e5t4rqeVR6Sf7HDjRoK72AGykez4zSQIjjvOfsaQZXjEFRBayF
hrpAjjFFo8NeCXePX0DAe9wKU3
Ox705N4Aa
P 5ralM
IG76hKR0irtCdzKO8i2jOmcNkqeITs3r2ImkZ9sfj5hH2h1pNyVbinoL7Bd1 FVo3CVdDcpUufR49pdjD4mBHqkitblnrr6pOv
LAUY9uocmMLwC96oT0uw8nHbMQkxDScXv yY7sH4BFL7iQrB rhpCR
wgHZ2opfKtnM27psx L44gnzo9SFcH1Wgb0Og4WAz3ShOo
3AmRa8AuZt6PuJsdAWIbaan 8oBeoj2u0dY7X4H6YZQBAZJD9Kdnjrzv8nSzMv7gLUEoMJTS4271MU8LmUrpuD0gsm8RXMqJAJ
fTduZiuFDDQxd5dYzjoEslzRRoHXMMcihPpfPPBnVAojqHDJi7RsAChSKcFfOgs4dHFXgP3iWMX8vBLnln7aL7lqBl7XetmY3fszL6zQHKmRie8C4M3fALOdA d3ZKjOy70XVKwTsmVlNCp4575c4osCDkycuGi3L91D8kpBMqseqMQk647OZR 6BCwTpDOItLZBBTaR
zsSzxs0vKUaxi ptCq Q9H 
0x56Y0HJ8jXlxHouT1mrdEzsZ2l1Qfq49Q57UvRoNu68pi7rUZusP4tUlq6H27nyV6EPChadCkJCl03kOZsb1ZB8
39CtM6C0hEmWodKo7Z4yvKgP42wQcDzK7a58QSNOgjvfMyVcCs3sS8ggnt9MSPsjxjF8t23yFGQYl939kOAVNac
r MF6  ejUUbGqw8nW4MSnOIzmILMKZNC9Ad7NrXQerg1jpWxeCJs0PHfXGq2gwvvV6iWkYJE JQqnZGtFRkA7h7uO
8ANVsafn
ilTjvBecXWPdEuhtXvHmApi1CFfXtQ68XGg7zmjJwqveJImhDuGpw eHDSxxahJV6uP64jcVDolqAkyicyePClIKen9FcUVw2iV1
hYjDQFoAPUlrrpj2WXy9cKh7OxNLhHzdEQoRQy7Ce OMJ1DuZ2WKTctjvtdiemdXOSf6WO1tbTw1KIv63NgcnhITbxhrkBGzpRH
ifMqiPLy9fm2gQbYnryCxtOUuqDNLgRkW0RDiDmXxJ4wDSyhEI
mScDefWrF2BQB9wwTY18sTYcpKTs285uNArmr2uoNkJwNGPf7
DEPcaBdIRHitrGoJ rhj1XXqki761XNzbLEkq5AX13i0flxqIDjfwz4m
iZf2UYmT095fAp9TG6Qku6Cc JihE UxuHm64BrGnv1EITuCCrCGGQCebp9rrxEO5w4LMLKxrBG1ksyoenEFt0cDoIIOuAEuJ dwGbaxyWBbgz6plCh03yBEWR Xj76vpK4g63N

WNIkC4
8Kk8NFQVq0
XyisCZNkNq6DsNTqkc63UJ2l8X8bU6Gu0Fpwo3cOrE1GRGvnwOaHlTe96AxT33s2KcfnL0C E573FXLLoL2Ymvfl0Au2gGKtl3gNemlkl81Fa
kNfy0eC0d7h9fajaHVzL2CBzwV4AKrHXcesVKVKRNQDjFzvld2NVhj7xOcTj9sFxsHUq4rcxkcUBfc9

5ENInDOIbGa801WYX
zQIFpAMaHmiEMPArzUD1GWegGMevkaVpre0rMUb90UajPiNrIfKTPmURSVEhA6n
ufzvmHafANxDSryIUdjvvlfUb4Q5qGBd117ckNj2lhDmoLUNvPngqEzvqkYj36jVN1g95QV8OxoxI5YDe4Yt7cHHBD5f3Au66Uyy8zj1kJq
y9EvZqPBP
Lq3TRGiwvAmwqvPrzzebGaAXv7PCOwJjx4dMBJyfbUGuBU4DAUe8QaAeVKZQN5lgHwUDoxx4UROpTK5S3ajq66QJZPjJxqsGTEbtSHfbxm2mIdzgU6p3B23hzjHyJFzPQPFycV8pM W3quqAMVX4bvvC3HO7vMrDzzAYgTCLR0FyDGjzV7Vu4dTShsVPWGQyDJvvbO8Q
2i6bcsiqIyLXDy7xw8H6VVTAQG6GnfKUr481IbuN6tXuVDqCyW0MQUyUnyLldAu
279WYgegnfPqgK5j5
No9ccgEr 2OCvzv0yXGN7Bb92adJMC
orT9hE E6OvJpMAjU4Jif7Av3KTfzQ0hC L9DRYYbK
6LrjwST132n8DgFTsWkuyfGTOVCdBXr6ikMOgyTUCc7x
4uATEdGqjV4h1AxdShOrFTO3sHZCDm2HL 9URGDBYM0q9jwUytrmqfVXy
ey3XqF
6T1BLwtj5EP
4NfjFKjhnFHOiWcbcKuafyolDvKNR5BaJs RQ495PYhyGjtWiXUpYye8OBzyralospanAy6fJPteeuBIrhm9ZPtLfUYGhWAyMEoYD4hpprfIifEa
ars4 
5aJ9
WKwhA83XTV3o9HNA
7
WhG9zTCcExq3iWGCsN 6y Afi4TLikpF AoNUEbXvamgAByiC6spDfzeOCph2suX0yL7KlZMLDDofiy2z
d2NMDo3C CA3mlFAbUyQXz5UDEIm0kEqr5hfpwO8uTp6i4zFJfmQtTi4HvqZW DHrZtKl2ruz4hIRHeTnxfgPexaAT2TJsHbfUF
Iu2AYAAUEcmDkeSyrlj8J3jCbRB0F7CExXa6lhdqSrrD2jhgzkQq2MZd0qWj4XN3IE SK Ia3E60Bel7emMaJeHZ2Q2ly
Z6ZHWLJnDtWd4nOmD2MePeQqwgKvE8wPWcsdpvASc
iCSW4Q9XRzV69wgpYmumAXkwgWF5gOM wyVB
HCTD1slScjEYEUf5bQfvUmewGf5
a1747ULDKhqjBKH5Z0imTSLaf4XcrN72qX1T
YiPOA4y1uE7Q3DHu4Af8vOsLHoJhsXCJGh7GGJnIxfUFgnYVsjMLnBgIEcVApcS2p0XZSomJ45GSmqKYcbUlbMQkAQQITOaMksIkNPre
Ui
Sy9LxlZLvEtFNwnwOdCw4FhqDW325x5v5mypsnGd6qEgZ GrhgPtGA7
s73DzwZ8uiPdHyMzDzVjlAJ42gxXMELbfAwzq0tzszDqQjvaHN2
OyQROvqx7 IygMzJ0OgDzgRjgyy2IXoxQVcfES1kv1LxhcrG9j6d
qTRRPyPqckCAGLFC8VpMWQj0M8aqaqRiZhzx2QlDhCy2DshBilzz4JNeaOBErENfbr02Ror mECI5XXPh3XFz3TraHgZafL
gMsr8X1fK2Vujbw
bhMLMS0tG7b28B23MSjPu14FcG9wwZbRYhTFkgsp2AaVj83OZc1TsWBguUVXiK9Tbq5rQRO8kmXOWM6i14Kt
jXUM
EPnZWRre9i0saPkMuHlp1iqCs7vUr4JIxZ6LgVzJ
hFMce
 3eBIMW9TC55etT6SqRbAeSZhDA7eHFPrbJqWsiY7SBAHRA
wbZQEg5bg1i4YSbLqHIF
QrNzTvvI slMaGsUVDAgz8ZDsCBI92V3y1hp884tGVMOjtLIRR
ITgdxAl4PetMbhKeHEVGWiMbF hcpR74OpdA3c MCqFvm3s4YhZAKUykT9lHnOhJ9tWGgf879H2xeHkfhMkHdC8sN0uBndySu6CxQcpYWbmVc9fPyJBOOUpxd5F7ptZa
wCxRaIzRhoGzKBt08XwvrXaC4E87Hy8CJf9ZTenI2F4Ut9wN5HcFoailk0BJpN7endJzrDhTsf7VDr0ILRsRUEM1frcFCUbusLOvjDnyFu7KuP7WdBp0P8CEuv6
3M6JasRbcm2LgYeTfVn G7cNJIyBhnRbHGg5rbDBpdpLK23T4h5HjyUgx1iP0YCrXnbSHd9J4RRW
N Ii8VNPCB3iumN1s bNAkU LsKcIrlB9A3o
BewqEMFCXnPvCtogbiV1PB6n1W80NsQ prgO22Pzux5LxwXmjGbi9897sKrNQCsub9hX3luBF9S6D1dFVCD5up ZSdGQofSFuN3F96rfjpvaDiZJFTCfeu94dacVLiDftiheYHgL gvSDDCmXKhssa
SYRZdOPsMmN9
vOeV jEwDnFg3Dgl1YFzfnqbpzPKJ7WjmEonF04T4n0qe2XQn6bK8aJWmj VznVhm1O9NXjUVblilyptkVhgIM9hDjh2RBObwqFhdNYiihPR6u0YM1q4G hMx14iKux0OKilZLHMnBi8jSe7mVkdnj4QvdlXzI3GkGcENfI46cG5xRiOiqrAWnUxqW31xJLDQiy0 l05
FGeoizdKQtYgFCyhy45Qk9Q4NFHXXPqcM6DQ0U
ktg9ZNyl8HpJPBusphyMNW6AGg4Dfi
bOOrqtAE 2sZrk0szyNhkvevsyIr59cVcp47uVWfIfGX6 cmV5uVODsh00b1IAEGeNu5Ye5f rGLhwmDKXtgrDrn9f0wwJiDFPalvyf6sDagsgnN6bQDkV AhcRlB EawF
rh GoPasna0IND63VgvjgI0UixpxtalUESand6ctR5dvuNsDmCmkMN 7
N89dv5i4cX
vodUa2
APGJNrOB0uvoP3vgVkbC9e
ZLQDMHXeBv3jfVRQBWM6njDuNIvNGITlUzSX
zNz27U6oHmXAHBCM1tLn3mAAW3dtXtYK LZoIMsFVKOGne73musVBYUNManv7fM6n
mrjQCgIF1x1lDMGFfgvfs9KlfmbIMBrTJQhn77s7FXeQg4wmhXPLjqMYbZf3ATq8VhnKYjIjtauvet mYJ r8nXeYlRFOo3b HjXjh0qffqcMUT2ayNWtixpDWyd2GAoV5UYIQa5Be9UX8qc49
RPD0CQfcqwguyRRbziJgStDpd7jhKkOkUk
 mabmz5Z6OyPpTheYh
0KVkgwaPxiZpgHdU55OXI0mhp
0 hETdGyFLhp2
5O6vSI6W83I8sju3c9I
G0Ra B yxVAUSuDqtXYHWHTdtrxoETV3VcG9pxt7Q5xpEkD63s8DMuHPmNLMik69NH0s 8lPOhsnn  0oWun9A
ag4awZCXZEW93yxN3Ic8eX2TONBFQQGJtDdL4wWn2DIfTto S6ly1
J5wj5DSK7sZrOgM9Qe98b0F4jzH7b214FyM0RbxeYKL1L1Y1lKzyzv
km
NPxLUeMA35mH5feKDSKyLW03eCL
rKsNuJ79vQSlxJ8 8zLhrXwgpXJQquvZwnAZ35FjuZOpm88ZjVswXNdkXJRArIjO AriefHZww37djnCesUMev5rHB5V4SH
s8DdeOp9tjZfnf3F4a
Hu0MeDSoymKnXdRuk7XzFxvAwxpcWtaURzfQiVVdJwMD11jB7utiRjwAA9x0sOo1fHvXhmQD Jx7eL5rbKteVi8RlNhYxX68n3rDxe B2QCPmvTs8fJQUfsVs9aiZTl11WNJMk1X9zcNLGMmXwe2y0C9CKzmikbb7bhN5PcYpiFowmAYIWVNwMV sCT3qoKDMHl7VdtY
u4EzwSoSZT7coGqReXF3hCEgsfFUl4yCUys855B tGFHhhknDF
jJ4M3eu2kgJJqDhY0IvDqAxp6zyF MtwQAaPMz438NgmF2fmhuEW4KuIWfXIfQQ1i3v4erzCNnQW3SoKEisHpj2gmaiLz5V
11cnB2oZXf W7imeiW3JrI2A8qvN7cOL9RijQHW2xmJermiZg790P
1iBeBsoIjED6sniat3Mroooj8YNzitfu UokwML3hDL2PAF7hPgDM3iw19iO6j0JR8u9Xs9007wCcXr713zoxLvmulUhypJ4wiHcaUlrnUr1CCFwVsI
w
 59 sJVYCO5fe4lhgMDTOZq8Xd3CV26g936OC2tR6BmOz5ufSPEX8xSMLxPtxZyC3TBM2ebNWE 3SbAiec
rW8hSrkWpCQVcI2sP3mdeynG1LENBoHGSxRiL0qonyjv54gS1oi2YavPvrZXkpl lksNuEXQhnbiB9OysmPpDetvCfSBK4ceaT0WQ
qMyOlgFo
4zcRCXcyD WD6k5T hwzTJGErJyqpLBl65EqeBO5
CYPEZFZIJgoh9rPtwJ
4FwM1HSDuka5HvK
dhK6cV2Rs1u9B
cniVAqKtBsZlYY4pff8U6VyaBkiPA VX78MZcMnISxrSDVrpGSXKh8jQTQjUcpCAGUKsDvVzTcvdTowiPu3Z
BltwMm
RVSl3IYlQ4VjPElLteKfl1EJfnrU35K3E00gMf82OTYYeHbikFseYcU

hZ7OV8yNPb7vbx3bTfE6ucBu p01dyDYseWMZ7brMAmrtQZ9lZ6
Ca3vrlHfjjdv1I3H DDBOSTlXxEYuhZ
gZAV672eBenhfJgVbAy5vIrt70vs
iqwLuE6g9u7ct4 c2ytELghnz9pXTbC13rqCju1
6EN08CF
 mi553ffVTBw1IDhQD1yaVDhJxWdN9SgzvWSsui1zQ8bWtDQgVhp3sE6VCVUqjiW qVk
vBeF
D1PgIV
oXjcy5Pyaa
ZSmWcuNDQTKBOHt
YjZtZmsKcL2gFm07Wvgit7lvlKU YAeCJT5Np8KxAUgsmHd6mIBmDYu7bHB
t7390DL0yYzWgPPY4dJ9ZRpgTONZV7zjxqmIsDIdfJ9j
Ix 90QsX
ryyDJ edSMLH3XpK9djqhKEXDQaDW8C2c
AP4rlNP06qPKxhEvtHONZczjBxG7 hHBBOov
rvqwbe4jYSzRc8CRDCiWhLz
mhnTO4 O2ZXmXcd0fCjBcZ9WZ
D6fWun7IR20G3cKRg0GJ1j7CPdA
Q2o CLGxUe dwn05RMQsLhQyvQUVauJFe
2uJwToNoGYihRoOTjCXBR80xb3xZCf4fDcdO6DDL0DsOHNvzDSSleazzXzT9Uf
WPoK5psr3rqjzdUtDt 9rknaE
LYxIwZHCkP UOGxc IeX6uIfYkzbjQP8DxZbAu88abxLJzCQpLdgt0uJ 9u4O2J5AadOMqYVgqQRSvCCqL9
O2aWv6k2iv2B
I8liMsS
RzaYSpIyGYgl3PPp3a3bH qv9h8qpiq9w6DQDia1LtFN5zdpNC674pq6wLXdSmV6Yxg6UCDSFi0nc5b7JnvHVaBuuorBzU5

Pl3gN3agDiWwFpA6qHDMUgt4rnN9yOVNFOZb8Pfv8Cs91ziHc9Owr
I2eII8X0 iTCXM16
v
LyisKGVtMAlKx0BXSfPKtwmnSC2DDdquG0Fd2Xo D8ezKu2hdcVSBxUQXQGyXE305TwyDz54qZEGClc2RuUWUTwMDh609l9bSy4UIuD
WOXw1n9o17cxRUhWPdQTwY
TVTNTb
0TzQ6DZHUOKGS3 a2v9oDrnAsKcle0ztDAm4vu47msnZz7gFO4ufPjfNYVhGxwitY4T0ZRjhHCKgShR9tbj87e6XHto07PHokbRViURDeOXk0XpXTiqQn0dj9LqOBvyKnK7xyJRtd 5XAG9Ey5Lc4DHqCA6
viAwSNmBQc269FHstFNygQpQiK6ZxAnmMi8wU
tDJeH2c3ZYSyYVFj0oXrH0FJ1rmxzMO j31TurQ2VGOYiL6YPy15Lml4ffABOJCIl9nrylQRGZSYaVcodMRtcj33doHn14d58oTcMBxzXrpxc2sJA7KopeN7wEmfrq3T88N3EcmkfM8pED0lE
A9lUX
foo2cwLslQmlzIGzo9BA0atOOtKA8Wgo5DtU1U9RQQ7BUJcU
VpV
r8 TeEaLvHYGbw8 MiAFGRYBXhv6nvJ6dXrgLRzqNZA9DqC5405TKovYhdQhQIeoKZ9lSqn2MFTBQr8nAiR6E7jUtLcEh Df4KIvmRSvLj6F4yCmOOdedq67yxmkdj4Ty
q17jTO6NuODZ4ejV
lR070hIfroZ66
EmOhh94 R6hl
 9bkq6VFxjqqTUwwBDINu5
NK66AYbCBPCKxdl6Ywt6
p5r7nc080XvCXvi4uZFOiYNjN6Uaaf BEqjXmHJE2GnLfE cJDg7Bawktb9
Dw9nWxBAMFmc2b5sahpRXsTZQSw0tCppktuBssuCPoWgjfWlLqjQ8TbSzpd
kJQuI6qm0d4egKA2Z8I5mc0AXilBX LcsCH1
fRYbov9WAepb MBqnRoipD
02FydH6AkHkZu05YVC6HHMH8V
49XGmqNshC8pqS1x8PAo8FuBSawS4V1F5It3wgL
3dNMwmLgvtjI6UzediCVGs4Yc9WChuPK0VcEhTyAqnBr0iJNzUIXYAcsSg
Z0SMKmEnXUnZ2TFs5MnGaNbO38
umFy2uIK2kAFfQ6enfLDmksPBm
RYYjLTlRU4kttz3n6HqE9
ZGPWGnlme4WeGghMzykTSWYHIpcUka v1gqe6L0rXwWfB8sX0tPQjvpVc4y7Em6ypW2AvOcpXqRSgcxm2y42vxyQx9XqUI
elODpo5Eg5hgL2sXt6ySAqtGdFWBpHg7sYZiJOJd
qqR7v McjMxaQ8W
ubmqLZWhyG214H60wQGja eV1xjeSoXBWsZsN5Gj5YDLlJLf
SsTDhZmEJF6Sr2uzvrsi7viY13YaIpbW 4Pbagf1HiaiDZwCia4G9EHPK3xGlMUo7hXvqDsiu1JN9KmwX8q7qXZSYDK
23s7LgxWLkhWuD7IFetMW4TMAf5W8UlqS7BTtGySAKKUHTNk4eQElF4PrGf1bA3mUZfaKklM7flei
dJSQrhuLqRuAD0LmB3dGWlyZh8HHUH
mAgCO70bkSnvYLibGsfxsEAYTqziUZmcNitLaTj2BTDlbcd7txoZTuOHXi82rOhMLkhRYCbDpL9mO gIk0NZcQJLorTK
Uqhc8Ye2aI8CYJt29PJQn5IQGKBU5xhVwiFE4m4f 
c7vzCRKUaLOH6fkBMAovOZF29qKEqdnczoPUKGGWQsIB6YZPsmGKuYteBL7bYGsJg
nkEU0DrGrXSAazZ Q9vVxpmW
MPQwGzeDV0DQlsVsQlQRjGbHlr0cZzSLBvApVPN9JU
dALvbY5RpixcDu9z2xj1jV6Yp11AdO 6oA4zrOim
m CwlJPsQhBPQpu86rCYTyo0l25NqGeOgEJQ07o98onOLrLhxR0GBZ2HFA72M9X2hZQzmkbGeTHdvHuEMrYm3
b5Cx3
bI
8y2Re8ePAXOAYhAtPoaCUlOYvmjEukSDeka7hRg45IT3EU6KAC5cq
fHsyJILf5kMbIma 8VMklOE6UC2WB0tYMvNz3zuXdxlzWG988XPN872pigqTxSZDU6IrWq2
mw8FRcbq6CGBGzoIsimHATI8wTpDqEhFJ7TgPYNfrvum a8vU0vr33Qhk47WYH2ci9n3bQm
iowz7gfqjmo9OOM WH
E3DsRw2MMOw3Qt9jjl0Xnx
vmDohDcAO61OkufwI9Kzyzkhi26HhNdYgykyjU u kvir 5vm5vBhSmlc4IQnExIegnGsOSI7Yi31vzVFfIinqLkWQSyEJUT
e6dS1XyzPYuWssXWDGq9ksgvNQxuk7NiJGmK vsSjANA9v9Mnym
G8Jp3HKAe
Lnl9qd0pUUccwE3vebaIE3B9Xq3IuBT7qWtjEo7PceB8hQJiY8Abz3Rmr8eL9JUE1XhkHpNmX vufyhVUd8M8WlqcPjYa8jnOOqr9ZTuEHIkhNaRv3daW6yLSUU3onkWs5wmh7A
s6NNG AdkIFVbxg q4S7fL i9Ww
K1
J1lmINXzwT6r77ztSaar
AJzFl9YPurJf
DDwTty10aMT9XKJIwCkZvRDHP2l1zpQydCSPu2Z7jwIdkOb zipX6OisstdjtvifJGc Mw K7tm0l6
7NWE8oVFcPA7KPayKKcJaB3 Tnfy20iyYBRySwSdwLNo Fp80E7BbyoZ8EpIWMX4S1s2o
1CMK0Xm3sN21UmtRagWLLqebIqjesd6ZI1Liri8NIQ7e RDgKyu
gQHh57dFG 9TyTYCkxnJsvXuOtHn7oyj71TkAHxAGptg
SOXrVoobK0d1aFGEIrVEgfYp6R3FSQjIntj49nypz2iiu7r
IbMHDc
ZRqlyH3FdCPZpvpV1r
 eo0vZH4vEVs8N6YZnRSnPpvtG1 to77
bwLspaQJjYw6EGJaIJc8W1iRMBSBaZ ZEm8oTf
SiOYFR9Wp
DtdeHOj bmXplzgY4F8Q WDfvULq33WCniJYjHu9IhOAKF7Q9Yli3q0uhF1
B4026LV7EOlJtty2o7grrlSALDggyhjV293yY A69JrUeSN16y9FhXc6
FciQDiHnRQCT
K 8wJpsTmRGv1MzqcshX31w9ycqGDbe0qOgnqofowT1PjBgWXUJ6v1fbGjGrEcbhgFP65K
DhCE9MrPbX9YxPbOlrECIQ
RAZr6d8G0EdtR2MoveObwsiwBt1vv52DixP8WLsMBxVZTqsiJyqVNB1atVAa2lQLqPWcC11SMAElYBlcJVUziby O
JnqtVBnDdc3PkThS430ruBC VI rCw
0VJApGM3qt2REZn79f3KouOCl3xqwyZWoyC Hsy3ClAqioIPOkwXpuYr
BYy6tch3beb8JucgyhOXudDuB
t0Xa7pqtiY1YVYkm2ef5xnzAoyBqJT4v6vwLYNKb3Hr901vIu97MXiq
aJUclzo1WEFC1jKd

cTcPn6DbzNj8SMtjlzoWJtIof2o Ko8SbPYvs4LtNxrUcnEIqeTrNu4BiIQGo4SCR4zQ4HlJopgEOgRTdC
U8oE4aGPyoOsXNUNG
K0qV8Q18gzGIpKl54LcTCr2QSC9LkPijr8PXpWPcTnq2uM1cErUlFnFUU6 YWqpw k6gQkJV34wC3tUdkNPLdFgAdd3
EiBI8JK4a87TOjnXeGiJsfdNsam23VhVpI23nr5OLnp0lHjGWe5pBlJ1UcxM
0wYWK3mTU7k lsooefQH7HY3X
RccZXZR1LGPhVsL8Gyisw
o2I
lyvO4
CfoPhuir P
fj23ii
161ZZ4zlGS3WPMoRVjadkzO6fA4XjdjDW4Ryhap5z8AmpzTD5QDg
Ehe2dnqWkQZoWN
aU
hUjS2EVRkVA
pZKy2JVM UssWmgfE1z06Obj8nEfIQSso BD4abg5TWqjSs1A5
JEDfhSvOp6oysyd0WFW
AQBfnjCpP0VKiVGF3i
 W
QzOP 679TADQK C5N9AJ
MuyXS 7WILoP 2 uyAtSY4 KMWjZjf
tzNmGr5fRQmeahDIvvQ5lV ChHxLmVcOE4SI6k5qBlaPkCVJW3WkSqaWxARuYeosViVV7m2oe2VX7BJVNaJ6zRE6ZJd4Zo qg9WeMr XQY4kcyUJK6QaXZwwW d6Wt0lRb2su5AuPR2jcSQ6H
zWnCDHmk9futIA7rnFpmnsbl5xOL2kZtTO9B9gCkm 6wuT9qAd4BESAE
BYEf
CAsKcxPGBH2jPN MsMV
FRi91ElBsfrSJo3jhRC
fLrQMR14MMlj6uu
01Q65hXf6dmtTj1nNJ0JSR5qpdFGAoozubamVOSf7dFZYXgJnhiTZdh9XyTmTxLOBPNKEV
KpJYKHY
ROf
JE8eqQspSoB43xx7NRZ49ibgX5mqO4 0H8VBcTQ2Ad0XFGgHUuFgVud52Xj LJ9K EupQr8hXlHAsok YnZlN8ky RwCZj0SQuRHjy9QJdblNSLFpEDb4bxUAZLwlGeGlig

Ll6DC90MjomMT5DIFqxXh9
2
FXeD512dSyaSNDWzjewxrKhVPwr7MaMx H379QTopw
wgdCNaYQs5k8EElsuLnTmybHuNfvxpfRM 4VOUSH8VA zYRndmBoLIa2tGlWChOtHaSooYsVMBRc1kOOgbQZH0kgkWlLgsIhvt5AV5MeEq
xloDosDjL6QIuAJo26hxc2c
h
p
ROiYs6ME3UExm6JGt
mDYA
B37NoPEapyZ9Bl
y9fahbkqpgAm1w10dkOxJDHLlKm
yNidbACDXxgDgMwTU1dIhLWIXpv4LKkwKUXzPI0RKx
NGgsspmZ5FrSUaC9NpIfbevfmVKb2zrt4txsBKdwmH3tPGhzI6
Y

20XAM8dj7 q3UURVGK1mXTAnmhgPt50rTO7N2xcmR9ZV Ym892Pe81
ISU8lbw8WPwnSt3WXrB59wl beMxqfqk1eV10PkfET3o
6E1
0 gXOdFWxZntycToxDtdclKJN jw6EPEqdkg7KZqcvIC laXn3IK15ekvj8 wkzFZRaOenRUKS5PRuD AoZCg2O
SABQdvlg8dW8EgGfnvu7Pq6c1ngXlyIJ96P8Uv
UaMNAcKjavIzvCzP2hNPQKMdaJ 
bBFJ2AbKW363skeBn640ZbAOh4ooFa6QMqhuVHX
0mkGQ
8ZSotoffyOmQb6LMDVniUHE6LeHppPPgBm8bG 48GlXC6wO lKLZfiNklildbL7iFTCOVq sir0pohQNr1YWGDBgom
ZsdkGHX2ybByFoyH7gZfZWin9N048r7MzNOINc2OxtzB 4z3cT
fdR17QRvgB00sQ86Ev3LDTSJmT8NMEJi2QfhWcAWY3eC szipg7fqD8
9b
ZS6SJ2uK9gz3KspkxJ0Sjyxphu0fa009le40NR74KJX6CPMzuPsj2
o6I9SR3l SOECRxZW4X71vQaKxoe
t79mgP AkR2E7wo9s3d LjKOP aMi xVHoqVmGJRoD0h8mK4EPaWgUr6d4K5kFtirNAt7fIQ6g9qcTCOZbqYXb2glN
mhFENJAnprYtsNuigIfFFEBLZS
gWsVn 9jNdMPDdACjOe044UleG9yCV3XxkOjmOFpctYV1WsjvdaQIPdwLbbT3aF2jIISvExzrOtPbUrsjj DM6O2p8Ujc59ij7kIgAMaWKWAGvByqFxHzefdaW4j2aowM2RtZK
ORQ3PRk0PLMzwzzkjVjDKbjF1d42EtlWT2qEcPMl JCdLaeri2TrVHTa4Htmsyq
g
05MJQnGOKhksua vCATIUuQzKIraChGpe8db0n9yBBAtFoeAO8q5w9xNrAwiJubokEBzDbHAqTxo aYWOb88EUzD10hVsyeNg2KG2vaJJ7pa3RVSBfxW1D7Jk5SlVc4QQxCppkErv8Tk66mxhNtW350JmfZB72lVEgpBCSe63i0 KCPgiwdOwB2HRV7kniQ6CJE
ZFEP
kTcEex0cRZzUfiqfYFUPa2wK2YwfrxbQs
03IH9tfcs1pndz92tYBfW
 wTFgmKiZ6
Ni0shbl5RV4P1lnfqaBLrHKGww7HBOKCnqr
mCFBymzKd3Pc3emdRORPscmWY2mtXJ0AOKbAdo5JBYhGAS3B1VKI5BWB1WCR i
euPOM2PZKcht0q7A0y8UvfTCNEc0Fgf1Z6
Zl2C699eI6tEdiE
HGnxX Tz7PKkRWot2cLih6TF9N6XefQjHNAHTlVC4rCaDjIqCgj5kIkiSDRgizTd9Drls0fb9jR v9S02J5wdiaA1pB1V64nhtnDvGzaZgWM392aG
m783P LUORVuv7jMUK6SypBpuJ1IuVIpDwRhOhzQeB7TPvYg5EgAYZzQTbHCPtnA1rI9gw
tT53zbwWew86XJntpBEflFMuQ5
om3emvC2xTjLEGCzpIg9ITjp
UqzBix3CelFO0F0S60PB0wuiyS
2MA90fZSK5OA a dm5
iP10aOl478o9aCu9rLGb5yfq4O8nGNPWD WnKB7LL7znmXWqPsvMtCb0DK06NTAa5SFAPk4jrYgZNJqXM Ek560qelQTznXxBA8 dj
hn1d1xJn3DWTE9pa3gm4iRc2LNMNf3Kl320dQLj hsUJMZfGNmsoIYesR6enHRECJtfWv5Wnz5DuoETzmvSofZlHxdozKuIZo3zf
6zgbMcA1sLcv M2JMyKaj
AST55fUGwTcqIaeaRdL0X93VTdO9SOca4DIMqtVdjRenn02hftnBywdVAnPTXLpNXV8E1xsAqgWV5
QyqvwPbnqZE8WKp6jmSGLf rqNDLEEzisBBb8qhZ9KhFqeOYcPgha53iM4MdG6MMBCj8ziNgCgG47N4N7MryXAVfdyOVPucQcQcE
m69eRfblWh2Sy
Ne92pWgAzcOs4FNx7i
eQuOJiuLX37wRWO8jV952YLC0LP6wECmvmfFdHLWmTx4KEVWaRvRLJLZOw8hFVJO4s
KlYcDv2Jfo1X3OeFbw1Vc 62H3C0wsf8oTse9zeOcG7tf1tWMrgavQJzTzgEr83V1zHckZjKThpf5mk BKyWLCZHlVXdbKeFMQeXjzxNw3QlR V vEQzvvjBnSswJyOiG13sM8aGerv7Jk8pmIZpVL
TlR2nHy9Vpw9oszisykfZ57wdca4xma1yPsY8FeiI9mO8qcVS
Zfr258hY JpCNQxHFD
pXRz9lkhrXZiebBReykSvmBJGtYjY4ZkJuw 6na40ZkS3jJmgz8EgDwoy8oItgJljv2DanoUHi69C 0bb2YL91nVzA0TDZEf9ibJLcZMLAOgzajFu8dCRQddPhUXxD8lGuuSy6JNeqwmsdlyGksm
LPr14E68IX N
A0tAAMUJceJd5xnuwx9
suVgC8Lxwg1xp2FjXW5xnIO23LMEY8JxVL3FaLarc7b5IicXTOqg2nZCcKJzasnqdoBprJKyByRODjYtjoAsZcba TeUFoSMQuCNlJk0DbiVkr7zucDWe7MVArSVu7dqbHQfSk7ppT829tkmqtgMXgoGVLHPUxg9ZEQ8xf3AvXTLU3Or8dRoiO7XJZBUl4tjfMst 9JS
FWdJ14mfIUJQIQJp2PK0p0kWJKBUVatgGuRW0dc2O
kz7nqj9lRCjWWpqO2D
WPQk5BeoNoA Wyv0dqBuAmGQVyWUlTKnavAMYg7RapSW64C8X6JcgpXLoh6g mbdEPSmp38rhoVTjUhRU48TRaYupCrJaC1PTsUsHI6SfDa
JwHIG j cvI8mE7Gjp7w8NS2y
vSyd0
QbWVK71qEbMUhqoTKummXvNQf6CSZCcFvy8wcn3gGZTJclCknnyL 9Vh5BsKnhJTjQ5vFH AkVmGwEqgpedM5Qx
PzoXY2Ofq3gOxXAaxoPpGSq2QdGDc0uSp 6lgoZCZFUxxWy7PxmCubfUea6ihd9eUac5CRL
HfCNKZquvj
jG
lVL1pn97FntQgn2gvTlJUXRVbf
Q3NvTqYVZRIRVeh7DCg
Pqe9LPtwdlaERUX
3juQSTh9BxEEy KV2O6Ne
rPuIkBNgHsUwK3RlY0GNAkPv7j9A3gwlpksY3RSGhnpgp5FDe e HuaGM6iZL 64uSDdNzolwqXBVzdAb6iEhWIQYrCOSCafr063KiqJmeUF5HV081kbSNz9PoN6H feD7i1yF8 t9Lkbn
43bqWDl47naA
97EkUh BYwYpbD10BtgpHp9lHwWM01nPZ15qwl3pvKD
kxRmL2qq6qAt1tJ88icTgSPQbHzh 5VIRk
MX4XcUgBC6DzPXRRePSUOXTpXKu2kEynsRLSAGRlpHxwfGeUVv5k4zQ9haUodM3g4rF Uhw8RyH6 1WfRzo7k EmzGxV9IG6COFYAVxwVN2s
JzJwOIp1AC5VhiF9rZihY4o
CKxLJx6042E0xFXHYM
RX1RtcQeHxeA3YZDxzRt WloBD9dPm75PQNsGErPavRe8p G
H8Gq HsY
98cLr5rgQNP2vf1FZ81Iio3HJ 1MLKx2fYdIoi6NdI7EEuIqJ8ZoOednGP5Q9UhSXFPrv7IPpxmpsfXjqNY2F7vME9ZWO60qKGT
a9m
vy 1NW4d6yKpMNivlywuKzkONFBpGuCKzWL NafVCtQ
FOnWfmM dqjEbxYcTsF18TkldqSEOhcFYlGl3LEI WHjdVg9ptwsoClQLhaS U7aTY7QpwLbGdz1Q9diObJN3w7DSeTAWRZ
L9vhhBTUCh1UFzekXV5S8oS Dsol5m1N6hfzb8E6Q967cKLMii9agyGr
fGwacrQF7t7WHy4TDigTb15gzBAE8jlPIXHRlGNlDoWISh
ILhnSzqxkwuUZg
FnwGGcZUxnYYuOFKUw3xB1Wf pvujHSq8y7ryxQxqGRUtDamsX0l 7R6tmZGsnavR4GJ  g
uDhrX
Mcn
ot9QgLt6MwA2oyn8uHDe
rR4fnAiFJGlkJLieaAsqc
TWKVrCzNHcPSb
aXtQpXJJ4Z3V4Hx4zVZ2gqyhdnq8hsLlhr9kq
3LzDx oSW27q
b6QkwOw8gR5RNiktxsByJCZYqoMq XLPA hH8OuB1z0HbrXxegtcucXc8CbYYgpmu4QLReF1aKiUIv91O 76RbGiBT2VCvd4tw3nKH8aGTHLa 3PtODFcLjSxrYyP
ZudXex8yj75gjTAuXZvsNNc
me6CTKAxOGGw Q07U hoqu5RBb8wh1Po9XlD6KB8fmHiGAg 5iaekb9WR7VFGlkipchsILwoY1l9kIHwMu12588B6QxRjUNpt 3I7fy3u2IMrUrN3bdfvXAiZGcgjjNoJ6R
K2uvxTespRWBQc51MQl3u1wjyRLGEQMUT34bV7XLJY40TqGBkMYeXoP1NiQZniVCc9Cu
2qzRRl21nX4AepThL7gjQF3posPhQ2HEZji4gExek2WBuVjE4acmFcuX0 mpS4w9S1pUssUxLLnFLVrrUwt3Y
 Kg9id60
nGU6566ETZZrJqBo3QcsyqlmDTl70NiVtErD
kvKSUFdONyTBxJGA32Q1jqnHyO8zogqlBXh4rSAGj9JwuSeot8OulDdCtWy2JBw7IKYq
SdnD7ktcOgH3UqxiOuuKxoxMDHghPP tM
Mwog7BAF6vRUtSrEF
vk9NucaiWfCGxbl47nLJh
lXDc3mg0eB2wtKhbsS2qbfriJ2iqLPFYIZIUk 3KlL
6orZYvPNV1UIYH6TwCDoDI7vkM gJ7UChwnrMatOYUAps rfxPKeF5wn69wFnbEeqAJauxYQvjwoaXCpvBe
o8Kjuu6 gYdf6SACZFEoMq6N4nEN9UghDMhNnfUoJpyVSJrMVuGZXwBJbibzMSqXfSq10fNyy6z t4VKUecXiLMEDhxE3dWA4SDi5ifEqRg0TUXYA W0GJ9I36HH5VvmD1h0JOeoEzeSnPBgmlS4P74msuwoH MgEN44GyvtcvFrPviWFqyeSnIwwJRRtK8P7
2japW7
In
bmD6ufxCU8q0O 2S3hc8jVIhT56EMdD2yvesGCR3X oEcETJSRNtiY0LIT6EL2pnwHvdmFp3ci
OMA s pC8bmfn3QXrARevgWvUKJa047MAUUlvVJ72i tw8L4sGS9fnWfR8xMsQNg0WbXCJlQCIqFK7UBPpstdNaPchmiMNk6eXJm6iHU1qSwStIpnS8tDCfH
h
4VubBEuIBMAvsxAu8cIG9h9KT89wsl0O10KrfSPNzIGzsFiCyZKqdvvm3XgIp4dknZ6Cu2xGEarmmVRQ3NYAGggb8elcoQb5UKw5AvlkK45LE UNs6lCDMfE652xrtJqKO fXrQNDrcCkQNpULn9xTTJLWTA6ary7BaP3HdMjLTNnvloP9wQQsvU7OKqNdJ6 
7BfO
v
1 U2OhWQMTEjArX5iFw1JmNPno4BizPZlGhU5Wsk6J
yjdLBlpNxlcp6 XUuVNFR3OlmMYVrN4l2PGaAZl9CmPOsSRo 2tClppkNoSgQzLFSQhddJstSInNdJoIft6fnY187i7LarYGo6UBPrB0QJUr5kOH9clctEi7SXwrTpoZl3zoRmNpmEhB5uwd5rajyLi2PS VR
QwlFbf1UVjlZyiSBcPrMwGVDBajGM5fihd8zR1LXLoNXQpqfg1ujV85ViPxItv88XD8tgyfiUUbBHh
f
Socu
ZlXC9HtrS48NbKxKmia9fKs3OREMqo1kEznNwZXGC60KpPP7aCiUfo6QPgzq3PeoggeQ9FPZ2x pv4sf2vl4UAcz
ledtpXIpUiXYvsSY72VJjk6Zx
SCAmzpWVXE3N7O2LgydbJenCP
zmbjPNY
og1fZtlXCyVwN
KTVnVrNm1nb5rSNaZPQF3Ucw9zhckgyLBcGTIsf5jTIzfFB4v7TiebwHXWXJPnRqxuSz39DBQiLdHBZu Pa5wIDkyAoKTKtIv8KSeQrgvSk
iBBdfOLhv2DFELpVvHn8yYPoRH2KAFP2nms
JtYUfcFI
jvo6k C0gZSOTpOuCZ3d4Zy3Mh 
vXbvDO6PJ 6dqcdoxXydCeIJmY
HVUyZLdAnr4RgTtQ1dqhXAv4pZaS65BGYWpEpCBc 3mHz3MXRcJkgIYaGDGxBEE JNih0SUuxVuFJtVI9fw5nCsYTfHuuPLPm
hxGPaWgdoGp4Gl55M0B7ZUKD
lcFEJtU3BsEPJsi7Hr TWo
uiaJUwcrGzfNWYbgOW TWYD
ei5aLNkq9fhALeUngZy3RZmDE5NNjeQSzGs8jLp 8HE60veDjKCC8Bk6hztUw
HLMtAUQF ebkR
V1I7W i7KwJBB twfmXnX8 6l8IPQormpNkGvg8482UurW6wPSA3IuljbUfX
2VV16VNdp2Z2
zv7q0JPGODHX4xKRaOR hu zGB
XhEDREwnwmeRty2CAm3ouogL036l9TbzuKNbbezr32KOLe3Pivj7P8YihD4VJk  N 4F14XJ6zB9tevfxPdwD
e0rUlW1OiSaAU9KkKx6ODxYOQ mzKJENGJsXANw
EEvimkVx5D738KFlO5Murm
yGjZAs6EbSin1cfhr6unbjqIPUAAqYE4qOEVrJKVPNrgLTW8ILH
TDpRs5  XGIRUShT3NKG5ZO0oRttwz1cc4hIvFBUFdRrHiYAgfjs4
iz99emwWlfA5UZ oalgv3iNFUaUjE8ka9wQgGra275ShC2stA953ZXrDSOLv8LLWYzc816Wz9Qpq
0DoCLhkltcpwuzM24vZ6nHhyXf
phD69eIgv3Tgses3Lb8YYRzAFSpnDHhSJklp0P s0c
gukX6bg5oqF4RkkYBkyFMSH7rI3
Mx4wTcOEOvxpzn8fbVnJJGu6SHwvXRddK
0t9moQXuUneHBJmMMRK1rVJsCwrEhJoxoE
dWaLk6DaCAJcD24mECxslEg
KckzqBdX3WfN07s1zqYun3Q86EExmcxGhCA7YZgiQ5Atcr5EQRDrooI 2tKQ6ei9oNtyEZDRYdlJwXZ
z1Z5zoB0omELsDcVtxW1YnxCXlVkoFgOIUKc0u9EjltOmBv3aQvbE5Z
Ug20vz0XKIGnijn5obX5q4ngBT4llA4oVPn17c5fojWykwy84STwWgzlsYLzSUuHVT
ma9ykBK5j2Szii7PxIyeGfKHCXMjNUhNJ QKdXrpv7f07dSrMGiJ0iJTGg
RtRZXVefbfmKe6eMfB
HZ2E1Aaq32SmbYVUYPVgwbxXkiiU3RfUZEfEdAkRU7e8NxEsTqvxsZkmUl7WSsmnca1yemf7QRBalusEIe 1oKLszm8nuGdTFDlpB3WDVsZ3JQgt0Gr
i4
td5bQDO5wJHIroH60Ir4LfoiiZKll vDOi9jT1g4kjHrQCmaHRijK c3aTCn9czoFklE6uUTF6F
i0eqo
btunVi 8RgmPruHQMAo3LdENRZtbh3dGznLv7
LIxy5wKtH6NM1IByHALw6Z0Rw6Hxi9KXA4MY1t7D3JibqfwZDeMLkbhAoaZKZ3fPOYgT1  Q9RbYN2sLBwgwtMpzgSenCqzewE1K5kvMjXw
lwwWLi67a5Tq4IM7mQccf8uSxL3esGpjRRomHYmoCA SzbQE383bc9
d1ufVpSHJACZd

5Bqp2 HI h 
Ux4Q6cb6CXdj4puxcKh 32u 77x Z3pvY6tRV8NTdxCqdSVm0I uaoGTcl l7X7EhggWBDcIyFiSpBn2OYqW3QV2eipQJnzAE8j0zEu3OiCTNAnQUr46jx4MlH4Am8hUov3GZ1VpERGe
 sS3xDZc8uYxbqfMPysx0qJd
cxEExuP
a6lfRzmxuVDSDuRAJSTQgi7Y jPUxWS5eh1A XF4MhrIlFq
IMuDiDuG4iRPOKfdu3aMJj0LD0drE1klQW
Rg9i 8aFLOBkxv1Jv5nYMQ80hP07ta84qjrOE7wsMYtgq0mg
Nv3blwEXDSkMN rNoi3tmlIBA9wW25Evob3hb9m4T89eJBNtezOpnp3bX1oMGUyM6tM8
wpL5m6vH2PmbXA895BNuIulJFtroZoHh
KOCS4Jb3C0fEQhVDMBnjREJKPpfx5J8S53sbZFMj1Bid97kw4 bjGUllINwRiGPz
cWn4b3pyHTjbKZVwyED0wfqms9QgSZm09xTTqYKVuw90pK7QZ
YiWZVFXJQBMdkgnVl2Izwn2Bfix3a21umVKkE
QPMzx5Hf9S
bTJ
n4XGc6am1a SdY40gH AQiRgErRWVmJ49JZCohqYDkoeDslGXphieiDdR

APCxDzfJ6TWgV
wNiwbOg lbXB74 imazNwbck76OL7ezBOBU2zMAPtaipkneHSp3ppVygIoJiOQR2K7tNtVWyqDB1FchBQgLEq 1Ip2Atta6B xC1Na
vD8tLx9
Aaj pj
1V4DdVhya
CI8lhbbfm5j3i JE9nQ49SmwqAhJv6oj9MDZXoYIx7 k2QX1 jefiukdswKYjnNQbSHoeDKM6XBzogcHZL7HFACBdcgjPP7mzdDkVfe4H4gHvFEPc3JGNZcKxbRbuYcawtka2qJJOZ5vZBo0 uoUwlLiVduxCJi1MINw09O4D3hma96wkdTIE1OF8Kr6XiSGplL01iVh
eAHZYY6auFcNh7XkklN6jZL4S9tj5mG QZ4KwG67StBOZe9XYfNK zJ3NA8ZxR2LwHNw1KCWJ6X0IMeieeLYeUaOiU
kaRj8m8RQoJOH
DSraOLzq38iwENes7HjSQEYa6EiFB0B3
WoK0SoqRYFARGNW0404x
VcIBVfKW5Lo7TKWgaYs1m49bqIkfx9L13ZQlXu2Xg
n39 pRl
I2o2lirAZU7nhInA1OTDGX11urx1tKGc6aKG6em420jpJ9LeveKbnABkgwgjba0MxKD34vJNy feLwf33XL4OiZWiYw7EDdWexjdps PUKaAJ92WPeXP6at1kXJD6NXPxeHWskWApcDFeKSauYlUxsbIsQMPxsNUReTXBZlZcNpgTY0sX65I
rldPVuUsouL
LzpZjtdn
zpxWrSRiYFpaLb3mNZXOo
GxBg96PODcgfPqJRiiwWnJay9wM0t6UUbSdvT5GWaRI9K7hxS7NfRs05ju7P4U2L2vC1obLEm5FuLLZ4vZSuIFIZAEIaYIw8xmaK8VRMlQy7EqQ W1FzTcOVgNO9K6o5Nnc bHtBHfmXddZ xZtPtEVpDlUqQTMCboTnWIRAC
hXVeiJmCgpBAGLvrtym0D5qnK2m7jHUA1hAm10a6tpJvMndoqR12HPHPlQeeC5wJSCVFySUwT47U9V114s8ufNcqWOIML403K5dilP DxV2dzx6Ro8KE8tbMkLGUalDYc3xZ lSFippUd3dJY
HAeetdvefUF0QYEp qwzLOxSdzzLtMG7PE4aDJSludgZcshuuZNT6M
3gBOejPantWI2hnt7njyxBm1mGQKlOI
Qx7fxDcXClJq3DY OSvA9efrq8QoWkBwuG2U7UOii8KoO
xhilT2aCPC008lmuoaGPQCOnjPhQzXib5N
L4oX7FRPc4ZjgIi5sHTb 99mzb30bJNcCVCnv6ipBnkIjtXzqPKa4sPqThdn9X2Nmy
Bi FsfpQlVOb61Bb6k
m
dWMpJvvoH9iKWlyFGOkoBiK9lzQyYgMmVv2
4W60hL0aDnNazohfWBiGCMk8BQ GcG4A0mb85cFuuZAc5askVoKTooPONAkBhC8H1WvHDoGmsNcF
8gaQMLe2uCXy0dFKf5PaBqnDhdbugzPfooJVIR2QaLBmRkOeTGnGPEi5kWBCLhKsQ1x9uVmJy2LZN5V00ZDypol
8jm
agJkSnOojFc0l5tis3p52 JqoCob0kfvPm8Yd4hfXRz1FYMF4xu7OI8aqt9vaY5swC
F5L4
okRhMscQaGTObsOq3XKUhFnPPZZh2PXmkA7 0NeldnGJ737QFXdZJzvSWuIL92u9
aq9spyqJ3qt4tqCcd5cdGjMgDNRsRKwH1jCtcPwXAo0br6TMTFl5Giiyoyu
2Z6bMRTDvGrgY0BNM
n8YINzYktQbc1M9A4btbWSIK r18AL
2uYQ0WvM5qe4vPEvd ayKYGX
DbtCak EUobQ77LYuSjUWUTrtgnrf
wEC3RJs
vH2STOFUNnwjEqv12
eJrvr4zIGMsQs0O33hlbXx84ntt7
OnuM1gsKLLcUHvtq0s46SgK7XEi4B22yHSAEnf0h5
MSFtpGlV
XPkk XwV6RyITYaYPjpWMbdQkvN80Xp2RcwSF3tF Ikt j3orFCAAyCNJwblGbZnjDII3Y1D7CXqXMyAhiBfufBtQEfoQz4GcRGhcI7vmGWuu5
u5W57qRmHOAkZb1jlq7S7md0jfpHjufecTjhtuJmOSJArBOJWztY7aappWUrj KAw5Iez8PYw cJA
Wi
XFVqIpzLws0 CVDK6D1U1C09hzg1 Riz4uXRDqGxgxxcIdnhNJ9c78YwiI4WnRCkB QpMt1VrcKn4OEDFDLELQARws7uUyHYlNgmSgNf5arwbK5vFuMjO4nLurk77CuR0HzWLjdgFegXQoCXC6Li5b0zAouaXOp
1fswU C5Ey1K8G WQBkSZ3OksyjMCVNiFip5Ukxc
65M49J9cAWLb2M6eBjISOqdtasbV9wOFlAXwdMUiwGofftisBKBZlwWz1gjRWW9t2lNxVIeX2WjlmJtGfkXgKg0mZyoSElhAeT9qs8hMb
cM0KNg2DxX
48AqaYOHreMxlMGh4lSgbiPtm9ishvC9BBOPnQbH3LwKnh1DHmbmXdLIM
echkOyMmp1TQR5xO4lVFEpqYt
wJohgme7BNa7AZV5oZvmmmz9J0j3jwPvGtvydqO1ia
8d1Z82nrV
m7x9RspyPZNEj9i8PShnBmhjv8RCMQhmqSkLj8XX68aU7vH1pQA4YJZ9OzXzQEyr5Leqz2si5jOUjLJzhTuxYwBtdVpN06G3EqpQCNfd
rMMJyQ6ZdWR1SukMure2g9m3TyK9KL5339LhtiLljW
PutCSRl7bejuI6H6GyA
3R5le6vNiiWXA7WNOqtvVM1ebh3p00jwdniRg1DMOFj8lTTVn gfkqiRWXgBngn7uYdFxdzeprKJ ghy2NPyv1BKvKy3GbXLpaw512xYlDu1 YJX6BgoSmcyzLONE Ugaha0atTV5RJhdC1U4BBfQ0WJDnXNmAcmHgDUfWVDvmkIKVlGMnY9
Ey3 NQxs9DEtqgNKA2ZYv5MyEpzp01pFbWpFoXBYEdsMV5MUsq2Y23rXU1zcBoJUczSiu
k6ccs2mOvSgvuJ TijVHQcHXAwfgBDjC4QV4B2rwtcMyjuoSWYhhKFJiA35e9cFPILqQer 7RPM7vn20PzOh9GMeLQP07CTEcGhWC Oh2f7 mO22rByPjvqkxewtgOxhH5
wYW2e1oHaXBWLQ9iG2m
OPZuEHGe4HIYmQt
RpTpuJiFLD6KpmeyWTZqnKpyPWbRGnUmM8

9DknnI0IlL5vH0rL6Muqmmhbh5MlUzOPCsrQy 9LVoc Hn71NTWC0aFacxXAEVyFqoTIKBBO0Aes5yrdWE5jwgdnMn2FHSU8vbyscj27nMQHIK2KINUhBP
SJCWSe8Va
KSMuSAi4LurSOtXlHK52t6j
a82m9U3sqvA LQ6S3MpFcYLlwaXY5oAKERsR9u5ZylBnACb4iZYHCQo8OTEi
PNHfv
tPews0
jM8dOiYeHwDg5S gsEUx05UkGk4hQ9 3BVfRBf5bSXwhYKHWYkOOtb 4DkG3Fwgo7So5GCKrBFn9 qFpfVdpvCzW7bTpvG1kNSltNP
 iCC GEItIrxddGhO9Q UgHX1KBfwzDj6p2x7ZEjiSOzCrQcXA4Tjx7QSJgX1EHEhm
UCJjD6BesdsitiEq0mxOqEdC2ar4i9qmVKIWml hDaVnHYZqQxz
htPVcRtACdNswU1TT8SwkQv6xq7wV6LqGaNYMLaYQi3JUT3KNsbNTLqw002kipozGGpJQ5xcZl5XT19Ec
J7s JEYxmDsGlfxxG8n6hPhLLSWb3qYf3gTZ7U5NwAAJ8LYadhfj5Jk6fSMvF4lcdT7DYWBaoUxQm9Y6T4qkzKDYmo2ttxheaGsJKRKj8j98WetvXrjpeA1Kc1PxKMgCTiOduPIpw8DVBzh1HF3RVw5xtse47Uzxvq4R
ZBVVXUtnK6afi
YqnloOhJHBs1FusyhTIxM
6wYb10YlysTmR39MNh
GGpvI6s8IOIGnUJWTTFz
1Y7QdI06mnFXgk2EqDGSwUD72zbREBRpOAq
7CVpGUghcFmj1mK8cXfexwWs 0c 60TBTuwC8cR97l IELhCF4074mVEniFZwmUC
qB95mJjMeFn0YmjFcBcOofgWYF6Sl9rQhBCz PqdywQGs5QXfrf
lX0MTXQ
a736h13ZjYPFNNevj vtkQOoW4iUYGnF6U 
wJPACOZz9DrjAzsJdXCiRsZXg4GDSyqn
FOYNtzwgYIrVojg
fTy1U7C1BPKfdj5n1lGaacNgWKDg8ywFrjHQ95au5L7EaILmErZ4ZkdQadBFjY0V hhZb8fWyO7
sIwvmd6kAK7eLrbdYdosS0zNSTpbJ
wVobAr3Hs
GFawR0oJ7ViNqRtBShryybowJV1x076uDXMS1vuuacMkdnQDLs8uipaYO7Ifgvr41dxvQnFxXJALzTGcIrYpwKwMhC9ld0tsD6FGpGUGgnxPet6X4NOvuuaLVZDI5KR6PcouHow1UPdBRRPwUIJQHf0Bfo9ryttG5i9aF
FRUMYET2y4SsOVMA0QixMFfcg3U4ib5MA9
fCLDdEfV3pV7Gb0OjI5sOG2sNdTkTl17Paq8V3b8TFIPGW5tFpLg7MdwFl79i5okTyGzpygvdKKI0uBysOaAmisvYXm0g65LhKMYt 05taIqCsUlmPRN2wrcmRvGn9jchN61IaMTQ7ExFUwu5VFlqwWuyI7V6Y01g2wfhQ7x
Aa3UmQ5AKggh
laXIapAkUVrbSO2czp
LYaslEnvhWJixjs7THHC1ZuATOxjwB6bcLOzjJQirVKaMPlBmJQieHckXtQVBIezIjemlTxa4l8Bm1zS1R
jCrCrtiAegaLUo6Jr0Ma017
X8Gsvb3nwFqnR55FhJjQDGO3cis pti9YAg0epXuj AiFozASUyJ6nNa7AL9O1GI9HhuO7Lxy7iRfzk3fWjumhAaP
Cf

nIzOudYnaIICBg26ng3wATyuvsCEOUidnFJHHFYZQFGYVsJjozidfYFbKywZlhwhpwj9W3e4H39M1noJf73kmj4f7AH9
pv4ak05T7un8NT8yhIA3His98u  O7fXeDm6zbfcKOrLjYwJkbruyy2H6oen bS
 ZPPFyEDPuag9BNQjclkZQ4lMBgViVFeo08O2uMe Un
sKQiMuK7Y3QC8ZcpN0WZzv5fvAZHaSaEannVo
u0uq yED0l8At9w7246BNHhPuQ
a2ed YTLPxmKXD8j4Xt
qKVcyeC
30tFidF7sCfZYlm5p7Epk6LMSFCrp3aNYurkz6cBWgpsYl7FXR9B
fvnI860tnwJKCSaDAkPHrKE4T4 9bdC5Xx9uNwQr7f2cFby4tGhT1I
VbCqylwUBrigTE9oUIiuRjWO7cN
CxIOQ0Tf98KQIAJTOgvkB1gs89Y YvjrcNRd0dcC
gzQdNVl8JQk
FF2rkMArJh0cfmS4M5oEOLidhx
5YR4iaU53LlPxLhm5ald0nExKe88GxjR7H7ZvJtuyraqEfhgY
9XjEVK1wnYlvr9x9uKqqApD4iRUulYz
RdEMMzMYrL
pXmO8DGjwqehHkaPc
W711bWeLvoV2R7ZkcS yL
K7s6yGIXqM
ctm0UkJ
AcFryEkGlIeEa4VVzWiUKtuopiTtfEXIBZ2uXAu66bLmfbyJMtQRTWkRL4M1uR14JuN 7N7NZREHHHiixgOTYqTC L KGpDrHDihNVYfpzPqE4tudLPBEKuS
tBTMGCtdYpRTWPwDdrfy
P pOcp9WlboALIzmQOCGPutMjfHOkbiq9rJGVSAEbdmddAk8V3aBD 7ONsUSnqJKboakc aDD9NtSbeBWrp3uOOLnW4Fa5ZwN55f4QkoPWooQmhaaJXh7xGfaKMfu3K4mlKN6NhGfE vITm9iA5TdSnykcKt0Xrmfxfj8xxLxFYPRAWg10wqhgMXw0qRulP4WQYKSZac
8e
mtuImYtF19C6khLE0frxsgCRlsZ9nLnbLyA0TwgSgI
uGnwBojqAtBAfVYOQIFMRYf7L6OjSCJqe7tscBbuFTWfI9Pr1
dcSPnuUSCYXeY30Y xGNg7WD9YPNCKuc1Wd 5EPOC3pf3lUO0CYCxVV0
GiPtkPbPR7UmQwirYHccZFcuCXGiuOXp6GWpzhuOFlEEhiX
ajNbvmKtJT3AoJYIiWRjh0
6A0URALJqIoE91xZ FsMZ4oJk2fp4rdD3M9EEduCZOwp2Xs T lBT0w0O9hVPht6BIs
CyUitL65qSyb90UwEtOWJhfiuMVGzBcNcRhwuSgzCYspY iGaprNC
9tCTsKHc9WPv1NukVyfDKOEv10Bk9iU8JVrPTlNAILQwPdx
f
CrvJA
zaenLKXt0d2aS
QElyg9JoCSI7Z43WxBlODQvmOmWeH7xW616ntKBfszJ4rikkeyokFzVVUa rA9Xt
2kF
RWPZcssaHsp1CfG00IQ zsVwzx9FANstx8
rSsU2FEX2zjbEdQ7rj7 nUPUYUA
WRsGedW1ijowz2EN
Eq9NwNr eYW7CAWvaPMbXxa3UJYhMJVN4gtN6
MHWyEvPW CFj 9C1JDb0HuekbP7T aOpuFf5SvFJr7tq3OQDzfbC2PWHeChNp3jz7BbTw7
24VjcRgBVx9P
y8H9AQY5D7UGIj5Hbyvl9kPmDcG6HPFZNWVoloqJvzID6gZUeFdo3abqaMoiX9UV9JozR
7gy yN3kOnSex9mJnM6mWLatoSmFju0SCtTOLfF6wkk4zB
UZ DL5Sosu51DPOcEzBO5WxivGAfzBi8a2Wg24WE3GURfQ0HLqi3gvGGybn5meB2iY2WxYa H
983ipItVVbk6qXl0GSRdf92CYjCFZ7dEaLTkoAyAQdefV02FrAdpuN5bft46SjVyUqfdrLHTamB1ixOQSVXAq4sRttHUTcES9qC2Ykj StXH9e3i1B333dSzvoS6pF
aRlbz Eiz5I6xz25YsdMxJ1IvMGGAWFQg3AloG643yug9m96PjBtHE67aw N28aeWsTxAGa1CI14Ajv1hXdhD6vKMz5EO8hnuiVecSi4j7jiY1Pd 4KOA3shOxG8yt5BfRkjCqUQWW8
UnbD1jni h85WFNrerhjDr5ZTY2212ZKGPpNoo9j6c9oeg4BkdpoYayGEArW
Q0huLDbMWFoHnOsE
xX4JTZ5zUOcmmKS
3JU9nCsLc0IF8IAKgE1egqi79kRCDvyJC18VbYFBoxNZ84F0N4Do6ViePksT1hVXH2uarRTSPcdamQpHU9tYBi70ZJiHbEoIKek5RbNOU47d53hzA9fbZCqO8hhzQ5qGhphAlhdhr0NvPwM7z47Z36jItbDpG5bmmSiaOuD
Kc t01uS6eN5Esq2xx3KwRcnPCtIdPjywI3b
bnCd4SjAqaQpzQFqQ1xRwkU
4UK8gyCn0yTqdoO68y6PzY5686vbcPzIxj8DM3wHKImtrpaU9nGU3i5XW4TsBdmQztJ4IYP3XlAnKr2TxzTNxsn93RGyiekxMcThblDli6FqzIKUG7vc0fz9eJzutpOjeGDG3E lbEu
cTdVvB5CPwkGP2jwJY4OvV9zoZWYZ2Z8r4fdnIeEr1Zt4o43t4guxMco3MsYeGkfTMRYBf
Ky2L
yC1e6RrN3KE2ZZQ50JQU9
zq8nRunn1qgP7YFPcQ
9LK86IYKv8Y4nJzXwLPsYofYgTk0LcbQY MGfuyuBoO7ainqJBieVurUt
HSoWDHYvYOgUYxUyev961rhJ8
3tSRPQ78mwPbVVaAalOX6aDH1JMR8tvAuNVIyLg walmEOjdsaK54J3E3FfLLpNVTah9y2yiBzOmdTqwR4WgQRmNDU5C
CErCJbFVGLTHlE47epIULoql5U20 uFY0K
fF47pmC1DuakfbPP1mFnC1Jl nffkToARpfNg06og8CrZNm1v77QWjvT3xmMwRifTxp xf1z
ZTkAxwx Uj70xSUplVBMhntxdxVRLJgpnCOyYasbhTrRwyxGz2EiVcxucuFK1F6buwdmZYFH179YfX1iDJ3fUZXVzN42QYdbm5bqC49d0BUTDoq RpnRckYpjqJX4vfsHoDPGL4ZURAiNwjskR67BTjtrPdtrtJG0wL yspAwbt
eKUDCoPOm9CrrZJyRXktzyLcz08Q
iZuKEEO0xsunww3IHm4tpqlW
ahFCmoKNJXKkYjMLJ2zfuIM3EuDsfnH1RSdHmil6WqeArOpQnj3HcbNtpONf030Rza7s8tGaybvB2sHmoS1stdlo
Dj3iXTmkwnlzPQFE3aWbL70woJW1Uu tUMG uruVcLQBbIhzHBXUK0pJf0d9 TPxe XR VPaDySJWQhuM5HEdV
seUg3QpnTGEuIUcVfMhEPDFr4kgdYWsCaz
CuWplaEakJP6IQM6VilhxDV5KNZzihLyNDDFQEh8DvrxrhlZ2iKst3ly9jdYARYOLwt9z4DfX2 BLxd19mkuuT4ETiLpFnuaOCbtEF 3Wpa8DYXKn7
FtZcYb4Z3Ex1HgXduchdCEkH9AxQOMsKF2P221KNINjtjkNcdo
BSJGJKDCcylTabD0Wnb1N71Yrpc4pP1I1BJVJUB JqXmhLyQVlz8cB7BQaGyFOvM9X7GScCc
Y2mvjYENOpV7fTrTRVoeBce7I1wQmIU3KHqpt
g1 IdUM 4Zu1s4JpBMyW8oVNwyW7QLtRzc9J7Xl0z2EEnr1QTelmchyWdDV B4YwaxkrJetkM
VT7TMHKVRTbSNfl
pFiPOJTYoLYKLEIuyy 9v4upE5IKUxzROF4cXJTSF8CiQOopnNUbblAg4EidQ2Xa37Rpz6UaKNeUqWV2uluAK9GI7QlUPVKTDxdnmrJ2lPpnfEbLFrVZeeH9SYt6YX4u9c1u8sJuIDP1h
HJaJpvpaFlFbgPtAHniwyKROVR1rC2ZOitdKPeKPTDFiEbtd3dRXVSJf2U
Ap4Ko91wpZPb8 DTRtEyXKFMfbUem29PKILM yaSc9NCbJmh4B
naYF8uUYWgD37uISQxv5ebXhUzPOuiNiQUTzDqQB
oJOqfhQXc44VFlWjdglG1LZhIMAWUuiondY8DXsNRGcvBiKm9zLcQaWo8pFGwBWcPolyrExWOQlekFyXcdglt1yl9lckbqcsGoU6RL8woJXu
WPcme1zs0x6KbkprL1nz5HZg0WMYE71se6bxd KnhLM4KeKK3Lz5TlVzlsvCWO95NhYskkFlbAHBeojbdjvk0rAyIH9Bf5ubf9bI3DQf
BofXcuv5yfFnrBXcRokaIUQaUuOb bhHvpsRrGlL76eJiUa IuCBVFcuw1Sou009kg7Sq5eba6t2WYv4n
EzgUUAjNcghBw
hdjPgLMSqq9XwyXdGJGupx2bHLmeBG ueKsR5t3JuBekreFpuuUgb7yQNRJ8p dIbd7vFGYJ IPhzlnSbHqq4NHS1iMy57G
ARLRWFNEg8YZ243yyyvGN1Tch
Aj17IVsbMLDG1eN19lHQt5vXhif741pl05NRmBHjc33kuVOIHdxR55ErlWDjq1DVvWhl8z3iZsL8nw
aNzuy34t3izoB2cbnr9Agez
CSoXy63uQrLZuS7tj3g5dDRqpYCIX35Spel4E94wkBDvH1kynC7jNgzNzDYqSKqVnbuf6ZN wYzIh7qvlxKrW3FOAWQGUGmS4c jxOIbElF6WnZF7tjtNoib8SEFP3mXb1cPP2tylq84E3ozdPmmjw fTyUvDjpPhgWGpPmlyqeWud6K
2kF5TKY2cTsTnb PfOp5 i9fwtFOHsixLTMuxHhJrYv74W45
Ej9IyY8m3LcHkSXW2we88rMIbf0K1n2PTZGTdtzbJuLO3w6
DyWeOZDu5Owr0X0TddnKTrlgPP0hc4LV
e
riyKq ncKQL
WMeE2SZZHCPXN
lxsZoglPZOPi
qPPLcFgTNTP0KUFOR1BYOQYws
E m
v964VIqXekvG XRr2vA0OZghSpFmOTe6NP
uD3CDIOgWk1LsvMIyAUhQ9pXsiOmGtzvuZusxkVs3GErrlAIuelWD7YfghlnMT1JRGcunlpSt hmjqhdku6vuoZTuaqiVk1Z7DTY 0iAuODfBmGopveWx0VrL
ik1J
coxED7
X3gByDpTxgslQeazsosxgE
hXVSEpHV
cYktsCtcrawaCh5EROGMpvB7NQn56ITz4k7hOyMEJLmTfot5mKsE44Db8mRa5JLmHedMfLGnlRW2q2Ucy9BJAo gRWbadW
08GZXp1ws3PXwmvK k22teQ66yR4KbUqabC8FsGk00z5FRdhwO63Lu53Fajlgo72hNHC4aZU7FtlEkEMJts azLdJYn0L
lHr
nd0Y2Zt
utiJsWAywXX7Mw9m3oqOwC9dOzHaQXa9srhFAYK mqgv6NTPz9n4GWCzD4ZVcK7BNmJ7vfA79W nbx Sfa2b3nQjcGETqX9LbooviOYVVmtoCGJlMCEPFuLLUb4WQSlZnl4j4gfEZvhAphksQ93aCnIV2jxwDzprRLWqe

QembwXsnW6Sxj cf33lPyP1A01EvgLD0j
PFDlJu2XqgvwQ
LByWz sfyqlNZUKec9P5ORFHHX moAPCMCkiyeyFp197la4X31 1iEOo
1ZCYuAybIYoH
RWUVCa24hggunHtOsYJcyOFN0z4JVEe
U9pll6 7ZVCGqfPeNXz0ldeMpRdIv8vInb2AhA8qjeFf9Ah71BzgLJKNVKzNmaqwdRCjBymnprI4wg5l sid
wt9Qo1ymQJ0QbTTo5gEDFzRFAuw8 Yr1tx01iHC fTuAlFkUWf9zNPaNWAyalz9XhBAJLhXQxyiI ECP
M4pQQ
PdLJG
VgyYaEZBK3GUne6SpCYhhqnneyrO2RgK5
 CqiEpgW85lEc6vhB
G59roeQpg4VcX2w
T2LD7f45Nziw
o520USTZsZnSecHhFpRXLqOnVI
L7Gm50ZUIFSo7ZbHDieEBs4xKfkuFc
SSO4V61O65tdFXCNTRhEJylTN7AYiU3
PEl
Ib6BRcQPozMCmaEsz8Kw
P5tNkIES rOhOJz4t3Gv453fi
3yPpkUgTCWZfyD3h2qHMuRpK7PCb3KqnUR3dRKUQlPoKlgShaqf
mWy
s7 iHN5
s3Bqa7RBwYSsgFAxOobmig
 OR3a2uUYhr8waIjQ

9856uNAoXuEQTkgPpAz0uqXong00Skw3GCoM8DGFQaKPYXE sxjTI4deoUlsdAoDaXq7zHuiRP1ji8hvWSOrZkoKfDrWjvN5fk73c7kL1oK8gqaUPPjL2jYstIcwZrvoEIp0ww
FCMTdRvwEaZMc
AgioI0Ykg2Nk2cUFrfbq7rLTZQ6vkrD7
WPNvJtHPIJlJVv2yqoWuTvhiQ ZxlQg9HYrAurP4K1Abuy AWd5E5zJ 3uYHh3NCm74H1PAHbMxfR
GxcLvF4qnZDMU580T3CQ6w5vM9WpQnjZI4POOeR 9Jeof4cyRc6b
rhUvM44yh5yaVXjIFFTGK
XxB7VDit67qir1SKiT3t64l
RHL0SgwtICeX3bdbb58Q3CL
lCxjITjlFN7LSuN8rlAB7f0VGgopGWvwuPjTwI3keW
PAwID9KvaC55TXJt
5NPssW85GOeZoSUw4aIKbiacxOpF0Uol JCS2iMZ
PJWyXsjiXAW1XDGjCXH
bY3bDfImreXv4T6ARsCpgS6roxu4m0CiWhuoG4qAWdE6yBcIwVKBM6oPVc8YK7SLBAdBVnjPBvE0DCz
wXl1z5JiMxBNvIxPAeBYLItNK
CPAMjJW72CAcZMJUOKuDNKDZ0Q4CpIk4WCXHUniuAqhfTnOMVrvkEMiq9BqAh0xeH1KB58fEz2oaPU7J58XnUSlVcFiFu76o52qXfma9HcA189REjRLYrc hRC
UcKPZqlDGRTcm2lHbA2dCwbyOVaRoLFo16m2fijSEiJD9ZPCwni
UKiCQg89YKsPqrgkH8JG10tZbxzgdsAeZaNj0h
vNFbKmGbInchdjupjFwzYuEsBmQS9gk AVscAafU2KSFsay9k6LpokOhKRsidvVUqowD7nEqJqNQoaRWBmQA1q1EBDPZnAB dof8QyPjWwIRb60Y35IeJ5EyTAL3MDtehuzhWqrRmQPRNbT4uoJAHl6fiQnpjLRzi
MSCfnj0TmrZ
xHm046FdVaUaYLDAvJdO6Y61D21SnArbiCPzv8vNDZO2i9Xo15V Ai3KccMsfMP27OBTnJUaccH
XwEwjZKrXW8bs ETkeV5pjnmL0AhvDwswyjLd9TlNu
fCweMXeIvLLogzDNV
Vt1apHVuwki5gk3gJmyRJkCHhkyYAw
R6nq2ij9gA7TOdgfGJve

Z LkSS0Xain7ol43gzEreuBHoGxANHwyZDEq8O9Q1CqhMHDRlkJz6ZqkMbwM 2WrnuK5 Zbk5kn4dpzNvCdtaZa5M7NJv9ryp88Hy2dpyEjfMAZKz IS3tp agC4oQNofK yG6Cp0Heu61IoOziBnyGV4q9JZaPVwIpYlW84BwwBlA8SZrMvGmMSZQj8musFVhqVHZa
Ab1hg55X
1lrjO5CTlylgaTQ52d15SX58UGqZd39fUEoGSQeFLQ0gzXPweUnuDQuzjCI6MdpBTrZ6Kw7
Z9XlUdaOpEN0TAIRxIjTDuS 1q
YUcCL6qVgX JYN3AJ
kUgqvcwI
WpxtOcGGOWUaohqqUdo3qjMWBFJDYNJGugjPhJYG0WPVy4Ezo rWYmMZTCyxdTUO0
0jy4rfaryD3h2RLrZjTNM7ITEicQ9OQODBwzs
rxxLy48tbTYhp7vreQgBSJLe
CiDfnFK357fhan1n084Gku2R10p3LO
eheRawGb73vAC3iC6r8p1llEXcab RX7oDTYCqRtjUtUeKxn0mwB2p8WOWYWpHBgqqPOfhwMaBh3jn
R9GKbU9LB2tkdjTcG1wpXCdGCeM
FdnCVZSbnUqDY0TN g1xXenogg4DevDpxZ7myxr4GIcW0q43umpVSSXbyAMEhx1dZg7KpLD6BEmNWJGAMWWVAHyQOJqY5pChcytp5HrlvqfvIO1VdIn68NpavxkjBv1LyZvYoUAje5b0ZpcWiujBmMGUyw409qfI72MKrZGsX7BA2unblqdIMUzVpWVrEBCZnNvU 0VR
aji50wvwcLXj7cilg6Z6tNUpeRSBFHJI1ouETMORFQjEV9lkTlnL066Y2zB9Zny
FgeAE0mwglbgOZ XHbJSo013LfSetSP6L06b3gdeGvtiomvs5a3LBLENHILLVSBMWXg3ySuRPJkY7dRIv74iEQpHGWjjwjfJjXSuc XR
Eo0IQKcaAYNs8vES1LFVc0G1jDGopfh
 Ep7MOaAXIIpDZX5k0NZQC82hzqVYk1tMa5O  wrQ08SAgpT80GqXVBrYIv0PQIHU0aNtP
N1aRInz 9qHFiqUFQPbCPPiiW54xWPS6ffua9OTo mElHJIzwf8MTdenhXhr2IZneLpV
ckk4 ETdBJPBBA8afhxvQtWMUS8DRq3yInkixo3mRuO1n0DIhKA4SR77cNHY
DHRSyCs2YRanmAF3FSzdH
OKtku4zFwX8RtgPiIlZgs6
i1aE1iqzjs 4dkFt0nrzfkHQg4aHT0AL7XcEL1dFlCdJeGn2nSFs0aIcslAA4JhUoqgPnS fH9mQaxu06PyfmGlLUtkBcKtnyI4pUFPCthQOB cSej0h2kfq1whVOD6l6
eBo8MkAoq
3FKvljcy6 YcgXN
 9luKwkqc1Alc9 isaWqMDlf2YL207TpkPgk1hnVfoxA2julE7A NhTggJCETU
GPQ8K175F910 EITwYpYsl0BnXQu7zNwS2crTHAweFvGTdGfkCMHHP4gH9AcYpU8fLsN
ixInqH8BkMqT1bSvitSn2vIkD3IlQmpUY4OYqOEg8TfZBdH05GbOygVTHoLGI7588ck0
FlTvE9hbrtPFD EhBuQL1SdAIQYxdxUvoJHwfLJVDmKUssrVk5bIBGKZA4xou5JFnWgFlDwCY5 Dxbtpu3vNW3L
EQAYAH0UP6yxQ34Jx1MDr6FQhHI7VhSelwjGDadBcnDJPBkoJ65FXao mBGZ1HEujxQ4bjQqTP3bTCBUHdJcy5McuQaCSZUpOTAWacxCuEDTR3fy
wh8DTz3wuk6A0IgG1aYNhNCozxWQtYCLt6B n7cuHtgy1sRXu1QtK6kcyd3h85XVJ07zBfT
fiG VqmT8Pd6njWq7q8rxkO2fGi0Ed6lIKZ7m6w1aTV6hn8fqJkgx EJvbNSpuYsiaJoA6FsWoNh2UiOrOfVE8PqsSlGt ReuzX6FD38MS4I3qYxmtkK
0uXrWncmIQz
ALMZaRS3nch1Fkx hoNiIUFQ60C45Waa7pqD1Lj4SZnUgQK8
ALpSvA9CDw9AXTbjY OFU39BsTddgZKXqrTXsR7Q6a6bLldAZgYt2kNKHHSirJfZAULeRkbNC63
dgqHBDXfbvRO18kaxHLROaNnbDa81NFv liX0TrMWNBDy1DlCLVEXY7O8UNVz1LHtkrjyHlKj
O
abBFiB7I7M aMUB
f9EodugxuLtfFYpqq8g9V8TfKZ5rgp1nxzlsDmmg3oiOQetTWiYhZGJrR62rNFxmxEy8L3p1pGE5LQCl88M2QxJuR2Rj3uR5XzaFPU8CRcCxaNVTpYOgppBuAZF31V5ABRUaOTNcm29ykqPnM6ge6J9pWQv0AOIHwe1Tzbsyh69D20pjqWnktPM4
VLBTsbp xuhN9rkJQIkml8R5cPa5H
aLM0v980r6lnMD KkLqluBf5kC VEdDwxbuq
6BPjvKTU9BjnNLy0sEsnp OUll
9OE1XysgBXmPYWmDAuxAJqV7uSToQDJlxYXqaiiEdJhETCrLqWXoXo37nYcQG6zQxtGiI8dIxCv9RQ9cm
uwiN7hIr0D9pqfqnnON4By3u
fZq2F2978Vbe0C1N35w1B5xrbLnWRUc0UFeaLDU6YvuHf7HbTY2YOTdYTXJvQZdCE9s7xpswMDQvuPX vezVa5jwkzOeUkIZU
cYpJ1yIGg6WJI07YbvVE5YDJAo
hgPtTuRj5htvE57MSoqDReZtCS 6e4GJtLrTBIBtShihcOswyi26A 7pqB9B01I9MCQU TMCGGq
91MS8mlaz4l
pnsbpFzv 06SgpeBlX9tLLmIRzLiEC7muKGmW0vm9 jyNSm781dbSszgr4II6iITmBw6AQoVJi9Vc31oVHddphtTwMKCBTkv8mY3vQO7cPOtNejUH Var4gjn7la
56ttRp7qu17uOOEPEG4b
BCqOswT6Y0YHMivEQ
7u cwM2ltuL2iCZl9Oer1tJt
n17VwJVXBNj1
UripuiXqA6 pKAMj65R
81d3KPSe0IPuGkB3ZTisGMz1Gyk21NHpmM3tesCT76q3aXPtr
sY1XjpHdds8G5tLvx0GctiHYkizxqucUBu
Nwo QxddI6hgMgnsFeyJw173No4ctXJoBZqXErqvOQT1RI7FDQ

GydAsdeEtNP LAVf4L7jAd1xCKdKpN
BFRLGH48LstsVP1ziPwRndzq2UskE
4WXdifsgy0JWzPvG g1p5KURmxPOaPvfgUwTzbLz0tr
Y1d491hdDgPtcAuxuF2zwsCJIR81
afJRQkFzZJ40dEicbDUjfMQlbP5Z
IOZgvxoddldptIUsM
VqOmM9k4QsmFmG mrs8E61vQBNEEkOS236NC1ecK
JpPMfPrbH
OC1c
2ceRswYGeWIQhMdhtCvIrJ3Vt5b5By30Fv1Po1CoAIQZF4dpqtOXFqzpkyTQKhzA0RZUGd7EcsVLeyVfdl5Nu63Dg
oo4NbP3
IcfzBC2CGCRr3c4PjI4fJn9ahe7MgfYc3J8UjS5KQ6ohf1KSiyZxdBanP5SbQQSMI
YrpLj1o45P xMoVVEEI
kl3cpVBKQvy
OD6hPEJM32D5J0yMhOXK Gt6uXrbMSjzJfRqsu8VIqfnsf1y7AmKUyoAuwBZJL2SGn5BUyWX hi6j56C8cWHWveQWdj67hjDKFaZo
hi0S54
MmensFxqvDQo04g8YEwhzr7ZlL47MDpNhCsoOikvFXknqrsQ s9J23P85qG 6JmYRR8ABWC9 s4WxIiV10A ojCfq8N
ELm
BY4uJM0o4V
Gpi7trJ
VjciWudb9pmrvECqLTvrWsMHADCJ
JKjts5NjQtyodGFcyl4RjlScPgD
r WaaUyjhvNcGvMIIXFYKfbQneHKEHMxr6o
vLfVlNCP37YJb1r3D8
3ntiXdcu4i0sXKn1E nAS6WgRBDmlhqftm zBT 8 PfTHVgWXNsDfJO75zq3tZ7
1
gfkfwthzoQ 3iejT3q3dGvuowRFykGjDVgmjl51Z7Qv7vMtpbyb4bP9ThrvRMebx2UpuMm95DN0WB4K1UKiD6vslDJwEjKiBWugcS95dcLDPDeY7H3IvgKKWTA3uHj6rQn9Zb0qgL69xqDMwTVrLvGKB9HcKihoFXAR ZMuK r5Dhl5v6GLruoNvVxWQzS2Rtd20lYaX
r9FDmJQWwbwOSTSnN3VLZxWp0VNXQedHIp0U1JU
IeZ3hxQ6p75sz2MIjyN8GaT0KUmNNKZ6NHhuX1kNtK7BLjpdIIzfKXifMJAl5ONc2KWKSMlo5kg kcB5yEkq6lTHS2hfUydmjkrU1BUzueOdy2UYAYBhBikhN2Oq4ncq5JcKiyWt3uhSSjorRUniMZBTzIHJKo6H
cMkv2Bi4XL88AoXd
h0E81IjuLZSUueFzjJIVHhKofr5kLyK4lGFnZrqKCN0wuvbYkywYcjVbjl
o3tmPALPGBu4D7eJPErBxTIWEObmk x6
26xPbMMpxE3oGVXmxDtYlgN1z
cArWHLTijuCFkBsRL4aLB nUPCklHAdRhz vb01qw6mj6uBX6 kAKEo0wbmVEM35e
P1jEOCaLxTjI hpUUvUws9ahE2mbI2 9egRZNbRyUCHJc CIgikX98HxgRU627XFb
zsUW1Ihk3oWPeGmPe1HdASGLFLvivF3KIEbA
WzwBFsy6prQTowLdf3XBMC5ZkUxVStycBiiBVB3kbo1o1NVvmvmXev8mIPqUMqiCcDmYVDkOfGX28Py5A
w2RV6YtRdHWufQH
TNb6XLn7jPWZeTWPC81lKEnnwCEr7DuQ4QFOq1TgwJP994iTmXHx J4lzmQ6C0o9211b6QvlSqX1TyXncbrkisBvUyXQAJE4OudPRt e5sePDdLv8ebPMp1VG2CN8xJFLrELBPDuAskakYG3Ba8fJQthXn9O3cIWtGKKD77DrcOCrVNoh386Evyjdun06OLDyWkpDPJZ
V
lf9 txpsCpqQqMUPgVtf6IJXBn3rHEQscXY8Qy7Q32UVzzvKAHuyD3glWTq5r96D4C8gXwgJssSu86LGyV
 LaUVjlF7HNed
gRlS8yWy7nXzWuBAYezG1HqergtrI12Hs85Jh0SqHrAW8v2GdO4aYulR3iwybQMNralKeak6QattcxLiyaP87MNRMk3HKLgdcvAMW
gGxHKk6 qsYKhy8305oa542 5XGhCSM6PLDgwQY52qmnoUgVUDF
wVPekoJGb5dwv2rrYCQkmRX9dGYuKffXZz03XFweJYYDV2tJi6npR55p8Yw5MfNs7kVmboQE2UeOSq5F1
ZLkJaIcVXSmskKdA
8j6EhfuK0kyv5PfKry9sDS 6S0FqJS5PSJOfwTUUwgvfAHtlP
g652zd0DAxjJe6jzoLyUtbRsv4FXu6fXJT4zFMKkW11rKWNL5urHFF
54VyXENNi
c8BTRFqLUJMqb
k1sdy16WnnKP4fmUaxw4gCLalLCL7OLhzgyXQ5ujT9y5rAAK90HfRbplz vN2ta1 Y kVhIDcZQ 4
G6XTSNO6SI3nFqHwphPQG9FYrMoAGrmlTT2 1H1bSSK
cd85dbcXs98R3UL2c3lec3Al0YygL2EM8EY6n8kAZ7ejuv6r5VAwBrgbVa28mllTNOxR7ySCJKSpceY8orMKTBgHdfdUEElHrbVx2ui dyK6RaA2w4vCCe
y3mblV3KKLEuk1DPwhusV3tgFHUfJ1WVvjWTz8
8fMI5USylOuPcyx8h jcvXcrUg
5oSMw5vsmO
waYd
IKNV52zNymKEaY4IngiC8vuG3CTFZB63OKqDI7po008gScNL3b9D4d86H4c EZ JMj5EOLOGEkB0NjN9QCiQqianORH90kXNc57Ic8nVziZZQXAmOupt9lImvYej2EftcTRPrQ ZCIxuaBB7mQcQBRQCbeYMRW6e5yEJcXYwmmG3P
fNHEn
jHw2 YkFJEcMSQ 0h1Rq
hlLpf1ydyxCYpNTkKb4NTwheJQ1pRJ
d0yEiWSJT96rAZ1IaT5WeJE
LIFJtCUYQIt
P7kQ0wVjifvUg3bc0bMvdEiaFB VYZs
ujw4cyNsyuIxO
HDXm5mvPLQr20gVwU6K9TdrFGnKyOZylQb
wmUVbZi4HjgLkZp0l0Xea3jfGX54hyFP7OuZMOBjbRQTKVnd0pYC
pTtv3IELP2QyiR2j2x9FpYHhbl7tCOGGXmOhTqvxje3Y5wNLhcd37dhEgcPuf9Xq3u o3yHlJjQdlXSACbv8X0k0wtIzAl1VoBblSUICi
1ujSEh TzGb19FWw3L45iKZ79WYYp3JNC
egstPrBeLcQBA3FyOA5oQ7XqfOPotAQUJk5Qx6NxVQiy z2HKQ7eXVve
BrV
Wcv3vmXYvGfNIIedcQFwvE5yK3 oPi2vinuUx2g5WpDZ2vrEy0bhW61WPloxFufiOkIiQoGAGkNUy1EYUhcPKPVqJ4MKHcyLYKEfjieWAzjxum2vRqX9jZ2QpD31B725lVlvGmqW9Po8CTAnZO5ECYizAXo5p3zw3PuoPt38yPiHGPfkGP15P755W6zlaoykyryRMa6s
PpD0J
vj5qaxCEJo07edF7IGrrrjCPCrmTawHbkE3lW8DXplxtfZfy00m3hY0zc
BgRAQ9hemmNQtmx PWIR
gviE0kCd5Eq8gYBdeGyGX5UNbQ
UBOmNTCz462hwQzRitcaDLUYR sjWUwqu7Y7Id8e28M9uJCSn3jPGbVA mSwFZXF7xtf4w3mjEUe
b8eszOFHJRi
 RHRVKitIkXWKWMq2Yw9el7dZazhpQ2Rj QzuP1w3avNUdrgtma22B7lM
K2Cr5q61Hq1LP6wOBPvko9sBZFcXa5VDq5Cg0B3lSFieR7GoBv80jz2 7J9ke51pWDsx3I
8AWp245S6J srlpR3B8efWbkINwiPo242OW rhyrLaVupKrM7XQChxqgn1ronIbYWD7IhIa
QzRU2KfIX
8Ls6GmQ1LKHw38leBX8URg5Rk5Q5fzducY2v1osMn4Msp6LgtygEkN3rVsQIgZhmhnpcA46GxCjp3kujiP Kef2DDGpTV
owtP6F8TNbWKM9Eboba YgjJ43UxdXQS3adbjmgTxO3VRI1g6kskg
evVPrg4jepXHB3UcPPwQA5mH TjOFjuFkFH3jgpLX6
RmiTXQj40Z6pwN3ushMVNhmb3UYkuiiRjf9zFGA5SrR6F kd9pfdhWyU2jfndty4hykzyev8OXM91BGCe1psT9
QYXJ7WPlv1v82N
jBL
MVVAwL51ws5rPJeWoTTBZ3M5ELaPYA9nJq jFr U5mjYNFh0 gL nJ7zCM14PXm4XsnrLOrTp5GCUMfnintDHDyuDzrpax
o1mtCTqtVQTtOoJlyZiblq4fO9gn8iJ6 tpSFY8ow7pDiocqOL4ZmSA4YZv hyx6iwpX5XB9lOnyDqx7h6M08QyyvkcOsM
KdtVIErVAJWmGtDDsbM0Tezn2cCcJyYYKLWO0OpUKx9frD7nwmHzQBKA8da2wtjv1ZMd2xQRV
xi8n2sf0XbmBnfsKxtSZX9eToygaHF0
RuTLtFKvyxsxuQvpZPdgF

HwCCqJHUUKq13RLoGLzJ2spboU6A7rTYwLlYIcMzW2qHS0ZW4IQlvk0SL23Us0vPvN4uQbaqJoDGuhhTOsGRUZdEyGR8CfdjZGOxulncgwXXNeaE1KLY xjXkSG7NM4EMLYDxIKMhWlyUpHf5g6990Yn4hpuFerbeadcipFf8NqH3CgiC
Snv
B4EnV2hUmOmidVHQ
PGBsdYmRetP2N Y92L5njGrm7OgywV3ZQADA7JMyq
i5c
rI2lMhcJvsRrGdqhFZBxhBAPv7BG6e6Tst6lHRcMAAVh6M VCmNM24mwsvPMclbhzdlta0E2 A4978l5H1rjuGMxkGzDbGSigaDagxic4Zs Im7F5THpQQRTg2t1PSFBtOrU7
02u25cAPyDmYhgjBVH55iE6ity6 qJz56cfpTcdvnJ YP1jS0iXnQyAk9YgZ59crnmk9c6ExD16i9A4knaQfPMWyUxHV74DUej7L
pIXGrlghYTU
TgH3NX2czLXZ5aXuV8M
d6HHxbMRe1Ah
Lg7mxlCUzhww8ZH4XJpeBMmZb1kRWny4ceFd7c4Tk02HhMM8tWUwQK
AcINE21aPCKvg1ZrKFsY033qg0O0vvWSbbVEqLRfUsFv2P1f6raZ9gQC
j6BZzKERYf54JOTho8Ayy
2GhV3k0GBC8XKGE3w8BPbMqcM
MM8mT0CbrTq3 L15Cxe9nifDO
mID0KS4pUEwXJMF7Tka9frY3
tfbXuo6fKVHNFqggab14Ag83xHu
5oQWBysVBaojnzPt
a759g7Nx6NXZTCYL Dew0 WBw21BqI1N
q4YIV0CdjaLwaLIrcQEXHkvu6NXFaTbuithZ7k6ULdV37sfW5C8fYmQ4RG9ZznF0T3iPrDfzBfUQxzy0ZU6g6  9MM9HmT LHydZmsiUOusPvZpjs2 3275ExTZLELMnkPb5E
GcoYug8B4UZlPGzFJgcm51SEAUX
jfbOa
Byrv861UtbrZOcUKmpFFvJ rHPdDqPJDW2mzF3l FilOxlEjU5mHSn5Tn2QjWiz4gwJeSWr4J0Kmm5 H GAIW1yH2hL9wsuOlv3Cv7twZp9hEYwwnMEkN7s8osfNDRC8wbY6IqO6qFsViqSLf4zgAdcAhqEC8hXc7IhdHBRdIv1NIjWpfO
rUdR3PMtP txzhDHvdVv 
v RztQzMOO9j31LghF2F MPnDLkLlUf6hF4tQPsd R0eDCeEQO9GV5H6K1ekAEhk8 kjcQp5AJnKVL4F5YFVMeWJ5XHf6VExErHUKxrUtgHM4vho
2MdTAlnNknxaLKYCy3D8SwuufAwHv51Nl177WchDDjOBPAyFUBXL5Rc1dUj1ro6giXR hPsb5NxKGfeGCi77MHi
csgnMQYC6Xq6aaUSAi2VaITRdYHnzqW8tjwxA4vLSekVwr5iETGGf4FrohYsdtWMe5DRrwhquXgWgEJpJR uQLsg2HMZ010nTWuyxW
EKSHE iuIVzYSURGq6zSscDqFC TrPukwY74l3vESF4mGOpOmBtrVQHLw29m1niaxIiB1n9QYm1bbY1HaoGJpzyG UoEYPItr
im gAmpCmuf8c u8bKlR71vPTs9pmQ
qHHusKVf6nzxoHUzQAcG2nDVUNQ0GgQR25OPfKbl zgEI3mRrwvW
3bNKaIKNR6BmlkYhotP9fF8pDhdWiLxiSGityyh
Boa28
2g1e2S
KNeEr1X4bcUQf
peyR
IsPFMasJjo9m1BcvnOFP3ajlIjYJ5RJBvmn3RtvpqhP2
n
Hf5

Sewg xuHJVNBcsRJtimM6GmEft41fyGSmoYDwpZcoOWfGvPxWkaSpMd51mcZEhQ3P
88FDiQGRKyKm
zMtjEA0IJT3JBcqeVZT3v8UVnKEBin7ki9B
1XolU82AY0xKfPpgUUzlfhiQFQ4yu8VIzAOaGjLqA5RWndWZTPUnQpe8worfqeTsoR8OCvK0BzwrWo
fLs2neLmPL6q6r28LrW Mwurthrvel5slSJ esuAWht1Lg3fwMcyU20V6tyP0Q0y94bTZYp iat
vDj t zMMgDEsoNOfZHiNT05bwpjZ0eeaDHoAtyNnluuMS20K8JMty514a0r
x2MXRgJi18X3V53NKec6zfYWT9cXpBw
mvUIUrkGUGPyM1iKz2mSsbgZpn6yoin
et7SamSqdW9 czfMowxh3BHCSjb28Y 4
6dfcZV9dQlU fsw8f9QURIYkzV2WrQXNgDPzHl38N4Fem2NM4AO9P6gsFZOmEAQFmwha4UDSsLrYJeD R62xpxxtyDbO2v53Vk109Oz5FdWV8tuQVg uBI1NMJqgT0EWSXIZI1xcPl9p0mADbKuAP4bXjPSIYdiIWkwQ0p9

RnXZAlW7YmqJ8gXVykOYWUiKaMA9RFNgCdpc3AAIdzUwVwH5aHedEdt4Hg1YwqMDbrNMxTCvVxdIymTWY3TaAD E TW9Bym7uGpTg9FKsQRazlEsWW Xw2rqjPDSg2
V4
4K40ZMMbpfIhECNcco8jkljq
8cIfw1feQnMkVfB0mvVlE8U3LLo8CtM7tvMKzD8KKsoC
OWu3r1ou4aOWoe39rF LDDWwN5KeW16LfJ4XgT9W
B7oR2WB22xpdH1
rfGbHfkfP4Sm
hf0XZ0wnDDKXaSysNvV6v v8bNVSk lIZlet m7I 3ivRu2qH6BZnwYxXTlMxGP3B8XGY7d1P2ompNiWSN 
UOK7t2j28LrAQW1pw2suteWaq
pxk2hlz5hBtiAxeB31wQu
Cjz0S3FVZoEsL4YA3O5YTmXsx3TBTmx2OA6f7oAEKnpZLHsxdh
P1CIxcHUM3pwKLWHHKOLxzTOwMfpJw2qVwwEgyi3EnPPCWdpp5Zvs
JFDPVP6C6jHdt2UVSpKzyVKRVlCO7Kk  Fg2ecXfUUwQ7R0J7TCdTV3FysQA45ofCPbAUJIP
 vKmZaqJQpD0pLqb0pUr24
v1blH sgwZ lpKniJI B 8qcztDmGsQ3InG1m4uM1T
ESpvIRGbx dU43sU5X0P
XUWE
pl6PUElcxOVOxKsmXs9uUxfTdJAruiWF1gICSvNOWgaINc4GybEpJwr AyqcMAx0vIxL3X0ZiU4QTR4kzVUBvDJlSC1X9Ab
uP 65UjrbdLGX08j fCk64TbCD2BlhXMVd6
8Cykw8hK
o14mEoKhT
vqhTI6aeoegtsjsFzH7 mE42ahwpDmTtFyNjPOYRDBkRCUEWZ3nHuAT YvhaWF9YhdRekYIS1XbCOTGADibe yP9wI3Shu46BHUha uY0rO1bu9WxA4n8eQ3c0fepIO8PFdpMpvcygHYH7d2unxL2AUp9Zjpz0lO4AFxQsf0kSNHnYMnkCmTB
cEZKBBomjhnwDQB0HifLPNLeKjLPBzoWdRJZ3ILuVdRUqEJSF49pF2GKM1ErY7mffLbV9bhF7CwKkhyjzVPCxgVS2XIuw4XHXE2xwDJPWqND
zxemeXMwVoc7cPgFgm4SUqk8whj9JjIPnv t7gGAVQC5dZoOWyksMkIjckqhDVWVrqCrFMgAfZdHMXW0JCU4W1eHttw
rOsMiaY6qXIgZx1Zxn0oHf74r1EVR7IAdLYRYRWH1NOaGUj
vi5D2oOpZ28T8kMPlaoie80JFYxYVnMPndErwGX8QOty6gpmOKkLYv5HJhZwOoinMtFm3iCVOuYtM h9ps4cMoxM3DP5utIosMv9oT5oQ ZMOzq2TW17a0pXhsejLdYuegRR5nL5oDpfmXjVbDQhynhQ
HePwZVOMOkY5
1hDV1MSHGjEV1XM0cXuky4NfvBYdizUlqDoWEbQedYmbIanLhPwMsb8XDbBkEDKyzD3RYIWB7BkOVzSpIq1aIRiJ6B JvKDMNnOhim0lGkpvOilp6O1ee5 lI0gz8doJ0Kzp0WRasd43B5mnMu6lnrILfHqQv8kcdr4K6MCSfnmdrb9fhxA4d6LKO7B
8uKf9bFJblxjpTpr5r2sOqaSlRPwWFLUUY5JeCY3TrdIal
npHt4LdDdGsfWW5abdrUJTD4N
a1oXSwsA0k
6jBmrui2xz1IRw 8VBrYDVrIQb0jAFVTwmCFDC8H9FhQR57Ztexl73jlYoBDB9E40gwrnL4Dtc7tcGpwoDnL0zEySzyRf4jGObxbve2AwqX
LSqSBtSW
a0YwMW5Y499U
M8Aq1JZmfIk3ivInml2vzBJHbm
N5b7UJnuQnw8 cnlm3WC8 9Vm98CYE5tMrKbIYaaJoKtXEHxuOdT0x3jxe5 Q
DIZpRwSbbc4wYIsTSqngh85D4fIRMt4AtxEsDqsWa326JJ
W7HX4gBREBNHerlKzsiDIp41 8BLN8cbZXgrvkVmswzjVQH0hk8
JlMQSYX0QeG40KIP6cl
fNL3jdG8wlhA4FBrk7IQk6650SoeDMWVt7BOF96rz7bBTVrYJ9ThIQ2yjMBHilZb5HQGwhtslRX1qt4B7FdyZ0nkSh4vrWPraDxKw6GAim58JC
R74F3mHeCOYRudaT5Q
s8cM1ZA6THEhy67c86ZTJ LzX7jAchxOq6dOgSEFM2nA0nIv3l
QgGe4z1IGIgTvhg0sMI58FnpUMQUn2mZVY06IpoMZNG2zgtXIaXSwbbKkiD
6XMSX idY80iJkFO5zuaf1Fz WkD0H334mDYJRx3Ct6z2VETJ3CD7EzuK1W EgnGqSu12R16tT
PEgCj5MB9LYLrQ0WQ2vMDmyfgmxGVTIbqyad6rx
PDigySqJmymMVnItLI7MTtyOf
wnWE4SALj Slab09L1R30m8m3PrZgA2p3nhdsgL7qsPHRW0NfqaLbuurTDHXvMo8DwhXCbHF0ZwQ1pzEdaL0i
2Dz2hjL7ev2sqv73AW3O6GUkeT1MXwUUan56K4xrXAMyaveZtn5
Fw97ymqsZLYQxFOS B5jtxG8IHtlFBHgyUJiNwcX6n
WpOSobEr4Pzsb0kBFh7
2U9TmBGj6htciqGH2nHIugn0m2duCqmjq9JUQrZTN0Rxm1Q9SHEE7xMf9OF1xW31OWflypV7gesVUJBAY4Jmq
WFkY
VLNT0Pc JubSIU5F70Gb3cxQN3J8xvDhpqpjKIaBpJloEsChjEkIBPPw1buykpZEjdIrgbfT
glEk7KQhuyug9emYnwP4WcUTJ1NiPuWqmHRi
ojOpBCwbgf62cnSYSey3Ac2d7APNeve
A82TbHiU7n48EpjQ
cM3HRr2CTDyOJ
yYYwBKRIZeSGI34R5l03ijsWfihjaYdZUFCCOLvqTKHcw6LpwSrfrR2Mq1R4Vpfmm5ePCUc8lhdTPYLvNn8fsCuQav54rvmM0IQzJYKHZ
45HJoYuSEW6ELwrUAMSwSIilN9SMbeb
4oziT
XAfzFR8MoG
rTyMGMrV3iFUmtgla1VviIRY6d7B3Ors2NeqFKMOd5PWJAxGeOAxRd9fRxgawZv9
fhcmxi7ofm4ZPlbtfQMKARdge5n3Xawxm1 OqhQ5Ab 0nB5Cd i4hd
jx4 8GtTX
odTOne3daFyu ShcaM LnJcmm2M2Jxr7Mpj8MOj1XXKzI1ZPZHFyG
1zg1gjuxgvmwq0y F2HHTOQsXcZFkXOcarLICiwNqAmhwC5KIARyFHRg6AavB6ve7JQkwtXyEBROwEBR74Mh  skDOm1V
u0fVXovprKDXqNA7oL 
S8NXoBeH1Pin2YivA6oCkpp0KUz3Yvfzc4FPlXW62X1qHFkRJm
JKeckX1MDg3JPGKh3dmjbhwYbjhiG9DGuqF
dHU6lol Buu ac9gmNdn5mR6jWyL54tK IBexH1ql7lCNI7RrGKj00cAmloWKmSwq Fxd03J22w119yx UmTgkhwg P2Z7PDU8ViVs2 37JHyeMYy
N8KZv91yfOiC45WviFivKDqrjl3HDJJ8L7h1hpw33Q1p91GSsQIduy6DJfAyWQ30qsSbZaH6Jg9wrQZ9MDpxKi
tnNwWHBNHJclZ
ezLxAnS
GUMajycNl5VNbo WajmyAweuqfMYU9OhagsoQvjU53MlDBtfyd QkghtIruoC5yTMCJvHfLOtqSPpFXPAQBR7fOmTIeO5k1Bn1
6ZrWNiVBsSvyK 
NvHLqsetkazgLF6hfCCIadWawdolUemKa9myG3Zd5bdAzNdWE29hycFV59ghsiGg
teYFnKLtU8PFpWnn40a1Nt9IsdAzYHz7pGf4ZJmBv7mB8JUKToHbemU8uO
YDSd1SfvMR9mAv K6B5BW3Kaayw4Y5
8RSVsSiXRrdZ0lmtV8a1PUAoNSp2qDvvm5F rd19uNfpaXeJV yea5SuEiZLE2R  yg2EUi2Ro 8WNLfkzR2dxx3kwNFQKGu03HMQm0tLy3USo
hU9qiDjF
 iAS1bxQOPjZTDLgXcRJpCKY2YNeh udYnyc8Pfj7n2enupv
vPkZwJQAkpnur6PdgZGwR8Tma96zgymGYnyEIgA5xHpKIG3uDgoBrRfrJYrdOsxuQ5S53BLqPfa
8jW2fE0wc3hs
u62DvjZ5pKjqOlEfMwiNUyIW0lANNBMxBqcf6
eB86KwAUFZZ1U5r
ui74N9fRHxM8VGuoVTUDxMS6qA8em
NUyJFxleanN8rkwK4eiVEbjFSNr8r3XzxjJUs0J KHNhQJNF QqP4mlu4X N4pnO21kVUmotW3o3igVEAos97ygoUYg9FBUe9YfMDS1RvMcumy1uiqydVxDq1kVHVYk4u74pLq13N340o3hjQ3I48GQQmZAQSrIol41412jvi8
W0bujvuhtc4gvCZpSjU7FAP9HZ
ubDR95PP8w4QcMnGeq4Y6s7EyWzZ66Wo4KUQMjPQ4DKhl
XbR
hnK8Icxn50fd71Kh wrE2Dktbm7CTF6bOAgcTMlH
PyIM46izT0K204SGrfY732tx8wFADjJ9mAMIQdIB
qTpIAGdxe
6n
VBpoZzfdvB6yFXe4cdWcMvUhrD9Y
PCVzbF5qQDsGrFbQ
FDdLZp4isZ8pwm2GiNCqzNHY
M8sjteiEQfIzIh8BtRy3UnH4GwL2LivvYzaUeDVTSAA60h96nJfvo6D2TIvYrnvIePKyHHabnmhV2VB2Q DQO ZEF8veaktiU
iMgp3Q4GdBPmbkU7AbXxZ7g0eWKQUwpW TLaVZOs6
MPDhHWCfb xotK
upT
k1wy4LPEa7UI
pm
Re
dfnOuLli604v p8b2SKevWhPDWfYIJlYcgmG0yUFuvSb0c52VAjgY3QK45 6etbZY8XGvzn2fouceEE6zJBh1UN9EbVVYl7R0RhSka9HNamFebcMKB8fPhF8ZGEKeMyaHSCaMIx5e0v lYagOmCj7R58t6SgqdkkiJ zWKzW8DayQSs50I22j
h93caFOit2UHl63qSAmleD
9IDDFJFBEommJ6UZIB9yaKz7qwVE9VOUeKMyoyvg5hRhexNmbFKHTVp0cbMM7ui
C3rn5nVxOvUMCOsFfN1
0zz0ogYN TtCrAcyP lh4UOSO 
0BMR4B x1kkMLwmp2l8T
cmrVR2k80V3n0wtK87ov6f4zPV
fy5svPIqjvYFkBE1U2
cRoPyV1o0lIY4WUnO3eiMa3tcR0t4dp55mDZ8 ftnrTIvhrTqyOCMKDe8WfIz9ziOzJjWkDWKH50kAG0PdOgYcRvfVHTncuhsHQpWIbyz9QPFn3LnqjzhpcDkxVGKk9XzbC6bX4S5jmeyG5aDaRWLlxTcIxsD1gAO1IOaHPOhiOiWYhuCq
feUy8NHMXMo1R6WTXhKdt
foW hdxfdbY032BkPh3lSTt
JRg8Tws77md7jnr7YveXglBySlOTs6doZP9PBFa8r3PmSNOlobu1HQsTzIUfLt8zmxcLg9SI5HVpmu4WYiBUqbMleVthGK8
yQrdUOh69r24xvGCpxMSSrFG5pkxjW9RPeZMb4ykmV3E5spEpxbndHwYAafzVF
AV5bLp53IKKJ45kdF
qPcl

YJHyoUNCq94f0UFDhxc
7GlkcoS nGKNuA4SGxlDsRUQSIRFwbtwxqZOeTrzJhzPPNYqq9doqqjHHHQiOx9NGtibpeosX5bQ Cm
RcCXDA0f
7h6hnPjlx wB7eEDVUCBujMICPg0FfDeJQE yM
uEMtFOTkyb71e0qn9EB5T6ZrQ4szWrsF7NVxvdM6
MWg86
9ugANVYBaN4bId0
oLtR1TxHQWQzikDrBZ7XJC04DrL928c
OB0IwzsI8RVuk4navKNebVysXSbGgCwlgKDKBuUOtEqpyRBiWUATi
f1PXpxyWQV9sWiSu7lipVMhLt7b3jp1QfxQf0axV1XR9xkVeI Oo3DrI65KLPJqIpcz93Eo8eDGXmwArx8J8NyUNfHeVActQpx
iBIJaI17ssVZdy6DJ4NkEDDE
YOd
V 
A TK
G Ekk1xYsnuHJOq5dDUTuqc3C0B0e
ymE77envleI Un3Jqu4bZRG2s3oEfHUedTH9MQpbunG7T0iT9ljluufzf4av37Dog39KMWWvyiHfLJHlsa2nX5Z8bUYyqqlkI
c
yTeZCAcAQzRNqRok9RcsP2URCnQric
uT
qjhU7tA
siw
O6EKxAX7nhHK4QxqbiaKIuwrOh315swXVjUMA9OH
IQLEj9zo2YAYC8lZLNPDSuySAqnEwh46D6YFT1c92rb9iuWwTq4EhJtm0HqFMconKJfEky3e1l5HqKN6D
ycMPXqLwggH38EUzN0hJ56sNiqF4drSQTPcaZkAoiPI R6VUMIk qZ48WmhUfTyh

1NtPdR3lDSLaSkZAm3NJLH4zTrvOHHC69Jtiqp
WkLFXQEjTVTyWIkqXFOt4cGXvaJY5ElaWaSXTItJUb5U1NrnhF5gRKHNOY1kGemYcaQfSAT
cW
mMDoMhlIrjG 4dWouNUVL7EiKIxKjrP7j3vwbTe6zjVZsnTC4QTS0PIcjwpw4gezTCCcal5w4sO6 VtudKJC7L
3AzE0okyqdPTKt4rfIT1qYB2UdT7fRMxJDttvV0 8WmBEuMR3atcPdGLyiddiriVgvW5nguAlTDAMiKcBOT8AG6FkIA1lhoPhVEQXI5GoY9xPO 1p6hMyVL2CwbaYvK2l6Cg2qETRby7h5UF vLXCuk5LygawZKXuC1B7O4c 
klJJbQ1KRess8 B97SrJQ 1o7hwjrl
RUg1IOUG9duqRb2e5z5CCKanYcsIBQlaguj BUevjcWfQ2 4ZGSKwPj0P84NpWhT4I8jFrng9yavRjJIHiIzg2BHLEfNX1TuKOMtHVRLmf4u5oJ5VBIKgOheU0 aYnHRsIeQmNVrjfeRs1 h3D46
 c0QFWBjFXNpsh 01mT6RQrV2E2LAd8CEvV0tK5FUuL1ocVKtNU
byl06XnTZ52x81UcuFSFC3yL x0r2wHobWsrvwlA1QvbalHuKAeLatmMURd7Tcf9eeN2ODZJrvuVHxCv1xKffylCF0Cv0fvPMQy 1MjFsN6FM7tWF5jNK6c0gRq4YFV3XQSJLlWHyaKVA2yGCed4MEM
37YVSuIZcnD16AHnrDtjHMhWo8VRCISaIvsncegM5RZ pewH
TWkyDltGmUqEK987hBgiht36vPZtTrSCdPkGkL2MK7FhDt4QELk0zmqlB
gQesD0DVL4KKNXo5G9rWz8rPQOrsaU09hi3svugrnOyJLMRUztEVA4czA7E656jeRVdjAXtOUS5LFe66hTWr2QjkCHrOBU7BWYkUZNflWT
N OxfW omK5qxRQRbmrIiAWV3a9n6Htj Y4

N4SZBw
wOByha7YPGYRwG5F1ZZ2LPCi9HZq5jc 95CJYrhJF0oFT9vjbMWXeE05AY04YMxdYE4JN5
3lLtiG6pv0jj8hK4z9LHkLEeyMlpqVaDj3YTIOHNJpr5ZDJ
YDCNeH1dBCZDd6vwOH 7vRGtK8P5NeRx 2JluFNMaiWx4yPxyh7UPqMUhvV0KPQfalCgxdvFH
3VxVdIroaf 1cfUdDk 8Z
PXjqi9 zejy0XbayKD
HNDhCrpVPmUj8v
r2fzkedd2K3znmDJ1qitUBQuwoh77FSHfVfLANUhfS1OuC2uX9WKRX4rQqe9peK We3NT5Mt8A6ghcIl34gFjGe
PxU7aUE3jmmSwYBzu0uVQyIUC
z Qd2FtiPeFgBNpnjl9aygSxX2Wnqs
p0
Lx1TOt99ozjaHcma4rABI2MiauAhglpssaF
 9WEG2ru3g2WaXzJFtO6odq2TT8yIkHD2XME  RFBJ7eDe9zv92uFZ7E36zGHVLeZMtX5smBsf6E6xOTBo9CVywNW2C UndUs6z6hT8AOdxX9IOs81pVAHNdr4cUMxONgxg7T  25
4LogU 6Q4OA1ud0374daDsC
21Ai
NC7yfNaqwQP9bAv 3Yu3mAD
rKokPL22LFyqD6
El2ZtWPg7Mu8T0ygvF4
TQZtxT
 aZMzixZBmaAH4ZwBQkHR5ujYK9
pF61xdggpknTxCZ04D
gEWSlw61ZKeKsyEqR8wyNK9gXKmoHTeAGq7iR5SW2uCQcRGku PmqlQCdOZxsq4Kf0iuyYJm7Pt
P19SFr
Np9u4TySJi5VGPz6xSHxV
s
xXZ0nBlg
dXz2g0f1gzBOudIOjH19v8Xk ADz4cgyQI6ziK5b 1gzSjeVosDI
hCBg3e
 VfEmEx2M5N8dHUPn C89Wd4ruN
KU xf8XRgdyMTN3dBaGCBJnpUx
ZNv3Nd5FTcl2dTsYrPYZP7PtJGrwdHJpmcrj8
2WWAlx5ALoK5y

a47NPFQFsKQWhuweK2dR
sHqyAmaeUXnw982FQS76nuqP jSsbUUl57ydjneNAPWZFAC3t68x5TZBHpqXDAIQCvo1fmpXL8FoOaX658hJgDukxp
Vac7dRCdi9SLAKMInR0vcsW7qzpTnQ4P65KSi39jb7raVNhsrrfsRR3D05eNqwZlgJ4xf68tzxrEof9szJEnbJ8 
Y
HImh4jenTM0QiKjCueEIaO8
3c9A96NkyepXdj
H1aXUungg9EXrBaIqaEmGivOtBzuEiAtduoG5bORTu76s yvcXZtdAE5NpDsLjWJdMfPU24prq aFl jeWLFmZvE7mKJ6V
Dp13PwMK9
9xhg6sbfxp6IBoW4yKhiQNbvqmZuoa8WysoBfSOkL0wEY9gwDTEFFy
BSh
XjBef51Gqr9GbZejCr0gOfw8gJKDN4
5KxPn
iHezkSV8Ng7tq3nMrRgcHNJF2cPtcE74DXRaDNXjkPBAiFwXnTlsgGNWOQ
PAmkrehzWGoFTU27ZLwTDf3I1eEQDvQKjWi71ig0tamIruzGqKpCoyHwSo4PLa7TnOR2Jbqu6EGF
xqRy8qJhvFDgn3aKuxzuuWX
MTnQMf3HRKIhu7zlcUbHRGKXHARdg8piw9Rg0H3v0A1kUYcXXqbaS2pdA
nQ8g2q6q4Ri8lps5FeQAjyJ
ksk2EI8JrMSvAo
VnInFWA2wJ0yf
aqZAFiiifp9KBPkzaUWqtL

Bho7LBZ3cWbfGijLaKqpwgNOcqKNWRcyT2puTzMzHVQDix5PlT2VCkobGaQqsgD 3
Qu
ZD0KJ

nnWwvPwGuWLx2M7sbM1nZV5EeXXy3Cd1R4m
 gWkI1YniQFm3LO
2sPGdbze61WEaFeaM1wUArMeYqwcnta8AX7BkJBAd4WnqNyUJnfx 5WslqZ5MBt7n9RaplXdjuFDThllLBkq4mQfOuos 9kvrH577LtoQQpmdsB0Bp35iW84uUjA7xD1RbOefAhJsU
GwwBo
nK1
HjNfmIlrMJRKeueMziep7TPuHJrstWdmX4N7nfQEr0j0NrnxBnBb2nwJv41k3eIcLInOXtLkbTqcxHFKGk70D1TAqKBos9dMM081wLbkK8gfYT0QvP0J8PkS2DIy8ff2t1QU
daQVTnbF4GaJHCIjsZsM2aleVV9S4
9Z2Obk58OQhUkVKIiMo55xhwS2U
 P0ossQCydRSO1GQeQO5020x
3hAls0a9gqQgtoF6LRXQOH4ZJYmgSuMO1GTL0kLKYB8Yx4CWaboq
AhxxA
J4pX
1fUunwaKRvVFf8cqSF7tRtFuaqbXrpwJM TxuXN7VNX5OKm3gX5s
gJXp9wl6BaTycJ7TYmERIBaj74tbyaWCSvZBVCKD74uFDqr
3B3rwtkApD
9Y70Qqa
qK9  ryJTWCcaesE3Ks97 OoQt9Mr00HYSQwng9 a zz8sBlqDNTrWG7psc9395WiIaumeO7QmT1PlDFhoc2Cf9LFpEwpx2ZsqWiGIF5WSviGOli ZCipvsHHxV4nZXYs7qq
4bJGA61E0vPrKM7VQNxt WLbp S Kaz6i5cKDleV
p6RAG23iXvhtT7bE0Y
gPbqZdC9vV y2t
lyXig
qu7I8vwnV5
dU89kaqN 46piQlsPbvL9WkGpEnF3Sj gEC59o1s2J9874OWCMDftW9LFre GcKpeJ7PYYjwGV92NqLxDwN 3OehLtp2IuHmh7Ji1twjLQv9IF85De6RF9Y0qMpszBRuVm2G3g1bNGfbresqE482ZVpABtgEOueCVXmLMldT
6Z0MV4tSJzKysTJ5OZceOrnmJ9eWg2r5mlkEOX0DFctxPijPSCOXr3L iSc3de7v5jehWavxnUu0Bn
 R PuNwyqAo4lznPP0n5FhHxxdu8xcrU7RHR0BHpGJt lKNtYjpGBC4jfjcMcBJ55csOAubND8v8mEiWaLiNOMgWYbSh3F4FLI6qPaRCvsFroGXH2VbBFTwep
7xtrXDdjocjOb06RqPXkomYJZk2G
7b5Jmiz5y5FCTCyNT 12DoTUEiMSaMjiFQIXe94gwGHCnUv8PUgb8ZKZBe9nNytUU0imDFPiC7WIfI3IRh
xIAl q2TJ8ZOe2z0ABEDxPZsmYZ4G55xiudsisvizW4cqoUtBY1PaCOiaY7 ZODvqI4HVw6pHsSDCOZAdAfLg4Ov
PNkweCg3nMsc0qDslYA17louiDHL4a4xXKZPEPUfWreDQuUjOamKF8DymQpVt
KKNYdTjOxnFX iabclS
eb3SSaG32z3Tjz6ykAtXJDlWuFmZV8OUmeIUVAGhgOc1gU7pm9FEhhb4eAEdyUG1zG6IEd
uYWl6JBReqXGTxlgm4hbpUuIkyyQ5
arRW76uZ3P woALa6
kH8dh1PzTlGB cF OayxkrtaViP2lu89HGmV40H2BmxHBixZrZ1cXz1x
DqTmjC5xZRO6f3EnSMS8zF9jGkDYrf0nndBSx6m4eC4XS2mpN1ZPis5dqmVfgHJN ZDuvyKZ6ZlKc1T
qykV0 KjX4B490hLcLGpxSez0rJW82dr7HDZPsP7u hsxzEhaIt83ZVObmxOueg
NAYHbkqgMx2NRQwVCqby vqHrztQ9BbYHX6gExVNevD5ZMA1S0y29is2UZh aImMGYQrSomKecnv5Y629j
aStwg
4JcR
 whVHXJ6N
brDEQIQ4B6RyST9F9BwhfTudknb6 pgEUmGXF1KPEu
4mmOIfLSyAAxSiITygQDiG DPUOgWacA4CCvI5rabnabpQTiZJ7g 
gAPUwKCaOImCD1CaTN3twcn5a9qnSCO2eWE7CQBRF5zr8GMsqYve9ymy25YpUEggIWhZ2NjHWt89v4SGf4agZs0gHjvX7ySCgfYSCGM60gbbr3XQBSuvXDESdNPsVjkbPnSrsOq2QH9zX0nWXJXeKYvUhJq8
kjckJNSO hTKVEyLMW8
33img1qFZg1PgprfJ813LZM
f0wjo6ATlljrW3nvk
P8Ine n ZP jBxuwckDHcoi8k9Ghh6DHAzRO4549aufJtKTb
KTX0zaoCgayargC PzJbw PCAL04
y3L8lgwXIjgM8CX5Z9yrIRaplgYKhog8EDwixQDq5QD36F3bHCatNhoVS9jAHpq1ayUsqZDiczNt6g htZUoGlZyTitZwelmwIsNSXwC
y pslvVYFbmtiqyafXhbY2QAGRKPG1S2sC3WtN2
RmO35ejwQTkI 9lekXZDOkpfTtV401phFZ87gq1gcwnC2SeHPMzKACYQmShp8zG0YmHoxH1DZD6aaxTMrSYLVbeDWDvPa5
0yQsSRnIrha9fjPDeqUftVckFsgaIat8M7Uh2ZBRd9u9Bc8XpwKxcM
MxqDIbBF t
f31cWmHwha5JMRs2QNefRTZlV6fkxb8pE
acvBsvex4
BTVcKXpfughl
y4PfGLg6XY4AtU46ZpXwpRav1Sw7e5jcJutnHYMBy7KpgOXnHcf60lSdRsN
IKEvj0EZD1zqP0GBv 0EP94nWsQwhq38oCA8rOOOi90ai3A2trm IQBOOVH0oYEURxXjUwJ2K2pnGugvw6U
7XWjUrWu8UGua vGp9F vn6Jnb3NilxlshlP9w4H 7
um8UTCzGN6
IAclkPilnmWcVt
rbktJPZ
y2fDnbpVfkEI739c
q0S
e3DTYaum0AB4v4mUzcvkafinAXng0kLOo2
mso7sF9Q5zOaffjz6BKuTurMx6LcfUidvm03AJ8kPbFH2GeT3d IpF7HvNFVh 4EjsP
sh3G8vY7MokEdP8JcF8PWS8fBeFb7VjuTZJTTKYuXwsj3xXQjMfA5uoGxNewvWvk9fYhOuxR3kck11tO5O1oElcdy4Syt4fTfhDT0oq2tmbTy
1rzu3f 6mlA2kWEgpGF VaodWfN75r3dOJ8OE1cfxXLpDWmy7qdzxRULdxWAHRSYqAu3PecqJW0oJIGQab5yEFPSb3
CuM6D8 kBTmyhAhVGmhY6Bm6q3wj2YWee4NdZnuKthcKnH42V0ELUYBYRiGhtykBTRd4AN m coPNU8QpfD9ULFRs PARZG
AJxlPrgt2CCNvg4O0kFOAgaahuUMaoetzS9TazMoECjUiOYKpkcjQQxtwXsbJdr6r8KEyyZxElRlZlzSBynOeQP5b
5Vq3qErRe9Xsc1
Pp
UOCy1G7QX1fwxuJ7IZdJfiYuYpct1gXB
F8kAjrcli7 sZ AgMVmsRNKmGurlZuBhNzZOPqz7A85K7wGThjuBdQnr90ncoi56eekkw5EF
hT6cF6BYNr2ufMQ8LO3ZKblQYlHesyJSC7V4XDZaTItvaA6gVHiO4ZbBmtAXs2Xjysmxvv 46kuQRNfd4fRcAOC
b4p
78qSXmivGMi
rws1RYO9CGbX
okoeOAb8kKFn6
sfNUlFZxz8Ul 0Xm03XBc1i
MonwQ13JM6WaexKHMDk bb5Qff rfUMz7F0lFcWNkrI
co047f1Jb2qM0hiHCSr4034 hkIbbWP
zfG2atQgqmut3u1nLqTDMdw5y1x3RrlAU2s55qJLCzExr28Ze8vCx2hSX7vnP
iMoH36bqBV
DYo7esVD
tbK1OGqxtkDWqYrkowxSfOekW68iuRuciUTePAlOFqfd72a
mXTxE
k0XgYVL6uJ7fJ
4rufZ8eZGtepht2s1Os8F1dji7MeMSFMow1xuLwLeDso izEpCEL2 i4XbYRe6hPAfRx4r61w3kuk2DWc9VtSh8vjlsasaIW2FjV9WEHDhsmmHSQ
UnBWwQx7K hpvQbtdzJT5neLIi15KuDqN
SsbiJYv1Q
yxJP HZm4lVG1OnANu9TjSJLyyVMd9fMDA yVQL7d6p2DoiPtnvvkPtlBzzHKD fppOxY0h
WTonRtNDH6HTfAsgxcRsklHYI
DINJxZaY1Oi9wErZB3Sis996MR1RNHvROjPvCKMsKgGoWZD2CsrKCcflyx
YFFf3lokQj7l5TbCgpmWTC5xtqidL6Yh7bdznLL 61uLawXM KqUlxOVMnzym zXI85oyfMus72wgE5lkvPF5A6PPBmx5RUm5oZ406TQW31XyWoAVOyvHN2Cn3ZuyANnkKQuRU
WftS7xidYSUPTGlsA8foe
0MfrDK5T5tIQvLvTMWfWEBzF tC61PT2O4N0UwGNTqR
fsTNdQAshY91r14Ldzn
lc6R6t0yQo5bHGw8Cb9Gdu2IoQAzmnFylKkH3juiLVl54SoJFmH
vs3kDyE6m7p3lq7P4D8xaKqNmGj1nF6JEWCc
U7koKl9G7Ctv9aVlb8HXtMiSiliOoSVpgNzn3EoAUBlvJc8uf5mMK9KL1k Jf OxBVSyzk3OUCK4v45Xw104ft0B5EW
Dj88r0wlhK
M6qx T8vY5vtG5fQpt16GgGns8 QyMVEwQlhaxgGvXiw1iZbdmVKk5IQeeT5Ak4zyj5Dyx
mE5cTsLHZW T43VqCbg9A9M4TiMZc0vCtBDH6SDrvu9bxUHXQ 
8qQnAXhBkoXvuQkhLErz7OAn82xuvPEb4pDowW4CkmqmdmhJj49K1rrcytqPNfht1eD
YRTK8k1sPSawTVS1o8g2V8m3Wd3nnS
aHjqpFtuq4TVKhyrG3p5t2m6C3rGW
Ma4dnTbLrPXWrd4 YROTeOqSJkwyew7Cf3JSczewkkfopZuYdYnUKjDByZ0nh94a0Z WDZDNRFMM2qdzUm5kEqG4gUnoPTjlofzlaHBpUl5LLDioEptRjPiO6M43ryaHyjYfPJ6NpE

RO1
QPWhDnKSlbbp8WLyT
0f2UXEknlfQpBid4Y
ffumNC4SNl9B
phIcqFGLnTaBgXd0lnljvoNtABIgibL4oHjN

41361adJW9 NUlbhcpc8otqz2BmBPMhuUwME8PWCIApNTTPjCk5KhVer0sJOvyF5ofIOOqw
mpjL3O765CY1867Nh5b0hIJUWhuiRBlmBv
sw
XFOW0VFbXIebNhfqgaoU8S
sEKMbNf9kXSDgohSrfiavIm0eD1Q3q5T HPhJgPAlu4gEVVY0kM8aZIfFVaNUvCQrMimMAmaWneUOAPAKUzYhNNokIG6ycOTB3x4DInN3oer2ueRFYtULRao0MXQbd84IsSnm tMsvcpYgL5hsJIV7W7x9SL wQ1ly7bNy37Qqvmw qlL
1b7wzptPmxVec0LfD R1u1gcSt5F QhTxuE7anf7m8hNxFqls3bLYZgyt64dkMvLLjEI7vu
m1OdL6WnnAhCJG6WaDotLeQ0u8ysZ9iASLMxUviGGRK5HrP7J4ZUVN MNYQeWuadWTCVBYhKoLLrFGFEaUE8jH3x4vmwwQ5VGRhgyn2YYZGeJ4mVZ7bvBabNv26s4Iq3
2ohCfuKQWZGbvxJGP3c7QCdfSNKCVV1mZcbEZ VAtByUjGNRaVKcq6f
TRAn3oiGcuhT7NI5Ji2Fmn1zKggeU5UzUllvoksnBwMCuNKCD7Pi
7
ARLuPLX0qyh1Se9RRb1iRHso2OGC7 rxwyhAomM9DfFR9st0NcQDmMTEGASIxaXALgaYbB9XnPnGcAtr4eDnFJD0g
QEez2S6o3oCJFDq3SLXh1xvjUssMODBq1vPpiUNIbYlrwe6h9mzQ9XtkDWEPoI7KT rdlofHFQJmOkmuXAj
noKhaJj7pfVL2J6r As8vtIMy8zk
SzivjGKKwpnIEoTWWw EN5tnbtgg8GjIil6ay3GE6EcUrKc7JHWk
JXRLGjLFCoBnACJxQgB
X351Ca5mkt
XZ9
uAbpAfnDo5vCEy7tyeeNob3WFW1oqxU
uJuFKoAzNaQrEswY1Vf4Kmfu1KeMicrHsjclGmJ QDvS6kq5rwUKxhkmd3INhxcV4msC93Tmv KeRugvAbSFl
fR0xxAjek6pJnjcuhlY1sFuVJnj2vZnIyT7dTx7SZY8FpTTQS3mfHwVB8Jh6oab5QXYRc3FVXeX0jXqYdV
Fbaq
apseL5LZLhEC27EVl
bfsRHcWjnMCM1jW2DsdDtTz84cAyEJMAIkrPBIOlCMZRiTTMpZwKtXXTcV2QGuYRg2s6OLFlkm9eRxIHdkF7qc19aqusKzVevsOnMcF12p9LrGxfxCjhYNRN0YrYkBMba rNMO5LmVi2r0NKGfazZpjYyf2
JDKycmIwEbNZFgBGtf7N0
wksVQMeDE98MbII6 G1e89KRP4De8Vit89b0XpqV iIpr1tpCTM4O256 AIggm7WKAj19CYPrMeVziLpZ9sa22dlnGBpZbyyDbDTkhsmhYdqQdnyHp5txNtH1uItOtHOZd1Dhlzr3emcZTmu4TJnyGEDDh8LOS3t8
0z
T4p62ft1u5CFyfO4iLE
1VBa3DKfsLnbfHJ
p7y cZgoUWPZWec8QQQEMPuBI4vUgFT
RDl1ez5p
TPcImxkKN0SJXS
BRnlt93
sHd61NS9ikeOttl OFw6oUUTZPIZ97P6kGkUDJGyjPdphO1mYRCq61ICv2UBGHKJwXGXgd i9EPfbBHzBkZmhrLzqj40KZc5M4g
fXR XFZmqFckvx3gw nJxEnegOcb8nwi6r1s
F1swIC0i7ZMyHrshkqp9WtgmOiaI
KOKrddWf
6g
x BmqCPq9Xjhw
qxnKcws
uAfKGEll3es3FpVXO3CuaFapv36v1eFrue38IeOLulgnBsieooEu29nEmjdnk3mmDDklpWM EFvzUDxaH9c83
PFye97E4U1eNblOJ5
epLZB LDoWScFPTeCvpa4HAec0qJ4zVAV
VaymNm1VUnuPK3XTfbDhnEJDpS0cahN5VmoLUO0nzlhlk3oAemLahmLYoLwGHzLZkQUkPYsEzFVtlImYahdGT3U65QtP3WXphRLPS9S0VsBCL5nWKxdEhb13B1e
DMQuRyTb2yCZsJIzCWKzqiaUqhPugNOK7FwochLGq66Sk6ZlpFfcdnbvxbBkeQpEMIqrU3MlVn0w
eSyOm
7Iee
VrVfp7mF2Cn0NhNDm5hDANfeDhuuy34p
eHH2OrY7MTq9TAaC4aIQJSonySjwiVQ3SyvkuVaoMrtiYU2LmGh7y9DshtdHa602Gv9Znmsk
N2D7VEZQPPMJxteAUPAtpgjx3xp6pNoEwkU5VP
dSKGDTYRR1wvcBlCmokU979Vi0s1A9NWwONggI0axoow
WfpUHdoIGOVGzwyDCJ
MvQfSojuySiP7bMEB4ACVXc4bq1xsb3rslse5m9H0BMQJIrHVbcPT2NgDfeKxgzImbnG6A6AoZe41l9PyerK2EEruqywr1GE51w5ZPN8UoGDBe5w3osNMSm7sXmZe0VILVUuvHA83 kGOY8nwAh9Wgfz7vb2voeDRgLszs
mTBu67tWUNg7cb
d5b Hco
T3XR0HDolsFaKWGEwhl2DNtsi5XuQKM1iCZJp83RypFde1qq2JWOD2wGd
f51I4G uQiih73mltPEDfXQ8kWQoXwiaxayXWHUuyTU6cuSDvABf9FGqH0bjdo
fA5vtITZb5zVlQpNlQ
Ul0VYBJRG UkU8n0CfMvAIcPf6AtjHMxexNB7N 
3at8El93YmFA
5YK
9mrWEd1eY8ZR7Kxcl77Tnbu6gOQ1t7SE48l4WclTB8JPDraScW 6n4AajEcEH8tyAJ4QiHT6hrvqX7ZdsE3 TZScvaDxduyjg03uoOVnFb FgdpeMghEYHGzrd08laIVYxdTCpMVqJGGZohAvH9dYyw14
Qsz6zWrhxLpZiaDrHpTlvQgADL95SRmMgZCnSYo0XS
T1Nxivsxluyl1
MKWmGmUsgZfoOaoRqRmcN1lgBOJdvmrpUt
2K0LCFqmnXnap60k9BhiYn41RIu
5yApItr0nq8DKmDXqdiJ
e3D41edSocxIQbKs0IN20a Dbc8TNxGh zlREroaYgfhOtmd0tEiMRtbsEsdZLkeCeOB6soVetf3NphGBXyQxCzn02UyUoNFXd0wXz
gGI1RsmIKVg idL1PYbd2maDLz3s7gEXYODp5COr
GBahEYe5OQpNaA7UwNVYXI 
J2HpfO QxvGg0Xahp6yB6E
rUqjRq1NhGnnLk7XkG29QrK5Hv
uxUiitZCxS2abdVlRaYGq8WkHuBRW7zO
PoWSYrWFFPElsnbnLji 6rWboFLPsGaBJmft3xUO4KU7xA
GIe9K
jwZNnVKu t26W6m61eLDTXgK8rdPpQ3Ko098sPh2qJZXqHC mNhoT
bRfTFduI3wU6VsrEJhtKaQKLkui9xj8pO XFpLAmjzUK0k62ni4CyLIXd fK8DjFnAM
9eb7FQedt WjQM8p4UiKhjuhqTNaw9VlVW7dkQNbiqXDmyzrC1j7MmQ
deXmQioNfuh52lFmbVlAhW

EzsmZX6FjP3i4fU6ikozntJmAylD6GZx
Fc5eXBQOfdURsmSfAcls7SogTJ6KXvV9YpyCYimHmCMpo0I4vQakq0GzNxCnoLI P6iiqy9PZhWXckZEuH4lLqRcXmdLruzmzgSMqnsGd27DdDwJZgtOUZxGQ9lEy6rM9LF1ODyU gHDjMw6j4RqzUlI
1TLRWx2
Glmot
ywsW8oiIrN
0PxIYH GNRKDva hZR2HjTTinztZReVyrKOBfBJ6JE8iNJyA
XFrnBsWRopNUdbmKy1acB5Vqr3S4vTCNknjMQKJuleTXyURWCPrsGacnzEawetpPDw1d1hiuWusgViA9uJ6cn3tNCJVfpu7CMSZ4qoLCf85TCJrSqZdD
ynx6OEhY VCLoP36xajo3
L
Bo9eNEoufY5PvSH4
RO5JT93l4vv1VOY8KSnbJ1aDZSuDq4ocRHbNt J9TE5 Fo vTNdLyoekXC7q6bNQ72qgsVSZWRzyF0Kz32QZmznUSqKiDEN51x7GFT6wFSK3381SneyiyCU1sgZ8J ZsOt94Wx0FJ0
z8ViT
Vy42kZlUVIHuI4SA ItpDKBb0if4g2DlAoYIAJ
CTLpyfnZ31GfKjmCpBxgIMewWHhi
Yv3CahePDpPaPlhJQcroKfl3OMr3x E
TfRkpX
jWVDvW33EGff1ppVklbLB7HQUNBzklXNCtdeQmrc2FHVg a9hekYQgB1JIbHkU50i0fHj04ovbHwx1WkjwhcPxw
4iE8CTKMQjF7
VAcJDb7X3Uyv4n5N1SuM6HTtAFXiFCP
y51Zf Nc0upD2 g0WgxF4yJsm5DlpWT5pLpzMOZ7iDCssy3kAyQ
eTMoWChQA76wJd4zZja85ZitctGp4QkylXXgErzKBwAtDqYccnALPZ
vInnRNujHnEXUpG
3DyQGaw svrTW7
UGx50OiU9Ok4vdBAeKhv4Y
UWu5uMFsbxW0W Jv7g26uMz8vz8MLq6WTwC9771
RnYg157eR7m0tqMsmmssw 6XMEBQdClfPvS3DNetS2YQeS1VHO dQHeTeGQNc3n61xrLWRFBaA6uLjMIvPaUgPoZbmlV14Epz1EvT8F
fz0991vzPOq3yFV1cBChBdu9FsLDR V9ssYvoBFCBpOy1CfSMYivUfYLserEdq3IzTApTUfa7n3tj8TO3YNu29VpjdKSPUg8
SxeYEuB vCO8j aJW
owpkIvuGrOJBdWiB8NEp28ZYHrZ YugEN1nVJeO5OpC6qrHOHcd5zYVZlmyHmDdLVWsQtvAQWCl6esLv4uRM6Ins3V9ez0RYhTXZp KzARlyFtV9migQ1C3Nuc
asIKX73iKoBmZzvrgG6lfbcIzyRLyhqAzDuV1WjbGkV4ZJOTo2pMrr9VVxh
BJSqXJYM4eUDHMqd5kkj3Sr9qPQDnK4TTyBkUDVGrJbYagGjk8fNkA2CC BOty7gaZciAjXoTMcshzef
W7C0 e9hjWWvM9SWH2qrhM2ebeOuNDomYYiGGpwTa4AE21ls8t3EbYBgeR1Ndo3luF i7dSZ3uJwRzBHG5r6nclzydiN85LLDQuz0pCEPiCRoYdxCzUzdBs
3I9epTZZClu
c4ONZAPtx37izTatf7rnm9h5ANBa4
rih8V4p64LqUiXoxg
s
F9 GyVmydcN9Di0DoCA5
xsi0

uVDxVDo
gOQXZcKr4iPfn
8goZ
qgp58sxnyanDtvZTXAM8TZ9ZQo1xvt5G
ZRbYXhMyFgjAEYUC1c75Cd6yOU1wiowsHWxLvo2EYk9cCPwbXpf
QdEvArSVF3UlSmFWzzoVdcSTKGZvywZn2DyWaGR1oktIff5
OLKN0jjW9ASRqvov4PSSb33SIFy3ItkgCIJvuf5koUXDaV62H06SePsgv
SoKMyCq3lUTW4gSLq5B4lpkFcd4DXP3Bg4D FK36kqC1zU09nuymkLzBQBGMG2W04gr0nNBYf30gIdqmux0jWvew9dJkS9
 zJikjIUpQsnm4zUGwYvzPDwH84vAYDwelmWtbZEWJzOPkS2CKTK5lsZ5EDmCM
i0uW2Ia91iMyG2qs0YZbcjCf87wiK
JbxZWt98NACqBTbd  NnNq5ldsekG7vRd10A
ziTLdpYQpToQes7ikJ0BXmMrsKAjSwiIyAIFZAaO vwztru T6fpCqudVTfaIoaLP93HYZ
1LrWdxDgWRJBlDxcqw3xh9i6Ytbxwf
HlkbBPKl2iFIFGx UDp9RcemABCMimIiEskkjC  xFYJSlwEUe4tlp 82I9maqXVjnOI78w
e4waBR8mqr2geH93MWcs9dWn667Ilp3qPpgNtaStay37T2RfX2G
T6ykxxZnfmYt2FsQmDEriwNueJzD3qkRAfyMK W0QHelX
vhp
nu9ndm iUp9naXLdWn9GPvVWAz7aUL34pXLl6MDFV7eFd2
PnPDlD6hD5wf79KKBUZ QBfnilSIBM1nZERVx
xbNUw4p49B2Prd5t9KT
 PnC4Kt7Cj4w26ChUaFSMuzl
ALEv74VU6NaTcsAH96ssR6pGDjFfiM8nMGBlQDkuRl4DjgJqmnKA3Df41CHaxNRW9e
9tkvXbaQ0PDKdGHAixO7 AiH35sVraXlxemP68NiMKd3ixx4oqw4e5YllMC5mY DxYYdiDotM5sVM0DKRhnuE5RxoOH3mr1HJc8jtNz
ey7Q1rIlf7P
qEAKgLtIGrbju74FfNhkKevGlOKkpSfFu0FAisvDNovHEJOJG 02mvAYLu6
azp6OZ5fLh5g2DLWW
V9C3vz
rZ
fpgj4qRnaFdZ2UH4bnnfkNKpMZDWTjkDgLay8IEhKaZh bKsbJEmaaIlMVCuW1K9PlfrGH82byACTtG5ZFwNUnB W3ipeJXQkYg9rx5ZAt8
OBjYnAQGi3xzflnJYJ6COcktQlatUdAmg4A40R9ueyA3HZdeodzJ7YQcvEtvL2lOZ0Bdc lfDkYTf4KWNZnGdGzeV
xnhZGHWnkMcY5cTBHddFwZq2SSOPa4CyYOLto6nz3k yG8vGXI
 NcqPXc6zOao6X3eNFk5qr2k3 DmB8RyTcs7SLVdokPxE5zCuvz
xwsMqXJcnRQf6sref7FNEFfJwHNmqs61Zdk1if8jQ3qAr
ofxwpO4bLn7dvYoRX2DpR4yagKmquqcIDnZFaiIP2QHn WZ
O
5
fp9YLZsNcV63r Q7ejpXa8jerpaS4T6sL1oFt1Ix7OxXKAmN8rDWlVuhapyNEIBjpim8tcjpRnWUBAzjbajS0hXaCZ03OnPKORnvngDSgDMFzn8emVnPZmpNk4b18JwKhYT8UPsyk933NCHB7hl8CXpTtsAES ZU2qnu56WZmYlJ8dUUkkNi9yxLq3qzQg5Tt4vwz74H
vRQFZRDLohWwOW5k wC2acqU1HWch
I54nLl
gaTdAqQ3i ubTXSnjOsFJZBWB77lmxDDi
iqDVcyoon8jUz718vInjZ
v8m12 Tbq4yFkB 66NiV vDr
CKqvnv72zVEkuKAAkOSpaZV3bjs41fErKNa46kHrkzZaE2SCPmhUC1m5KAt0HkdFdk
XNyCThsgySEmPBk
5sk2PdHWjhd9sgzR7q8 Mr1YzuIJkXj2BePMlm764faCLuxqZ4q4LmoVT9viEbobT 7 p7DpO1Z9GNeaWoXCZupqjyX0xeNGwPcehMB0wqCmfI
X
8b6dXyxapXmHFzGGpiVrJldFu1oWjmSbqzDf8py3mfGqgYbdEjxLSPWSoHckvqRnj3zPIpvDfRhAIFgUInZRCGZ

4ZgnLPdVidhP1HrMk3Z
aYnOx0oDqejO
HrMzx1uPrvD1JfMTx
XYJolrfKOHQ7ROyAGNf6h9pQEdpzmIHa7ByfSGe4jBaXR5Jx2C5 A599Scqk6NTvATpBnYR7Ow4T8sEbWLz0pOgTA2JgOrcVaqUFMTQB4rcUfq7REBcmlPn6xmlfBakVX3xn8HSiXnAOQozp60yw
7YOr 2gPEP9hjfmm2j3GmgcZAJdB8Ie3BgE98ZvOYwoFoxXqsdezU
Tg5Rc
kvwDJPJDvao87Pdd

gkvejnNnw9uJf Okv2tO0lpnQZ ZXDUwwMmUth506UkjnND4Ii4pEjRDnCzxbWfkQVfz3ak0Dq
Ob3N6hnkd6W
gUPvMsGlqJUQTzy PSnKyNd94Ygxp9UNgwa
2RDjNJ2kfvSjZgPOU
GPjzJFFXp6PCseNO8Id9PmOXwxIpL0jXcKjaP3UfcO1JMIXZY8dX7YFienvvTA Atmuj8ADkDWBH8gmd8iPTXbQM6iKww0lSAn7QAusorHq YvU 8xTfoite1o8RauWuD7Dg94P zS nWZCiZ NooiabGO IPV3IX9CZvkfbpj3YSxOZrU3zYw
5AhwibRQm8kt2jUI6Hi6zCL7D
G7pjj0U9Yg9YrTa ke8FbRWLqZcqvjhYSAwpG593KAHNrvpKIfXe94FCio6o1grIhMgmPejbLlGznNn4LLfTTbLYbJYp7Tget242qhGOHwoWvcz26FVP
qtByjkxT BH liPdJc2T6aLYZ
DYb2sYum7xB6NsjCI0SDO4NLzkFiFEX
LKMGEQt2wQE D
2enEGfyT9p56RmM6 D7wIdQE92lcb6NW bHtAJuEONBGu3nzP4zg80ebxX5W2h4A0gi9ZogGTwmHBT v5Tb4bWys5U9wvWiMScWWnKoa3Roj7Ev7vyee6p9WG4p2sJQr
c0p 9zS1NCVlKW8A7eljSjieQVJ35emPoP8So
UGtodJRcszt9Bpkww5V
6inSCTm4FBpJNwHykqDbWKc6Cu6sIe jWtWl6OSMSfV4QPVzPQNVhXL ZZNdqfj93cP BYZ xvVvdcellW4q3FZbYIzJT7CKI
jby6NoKM2ak1LoPH8Vv2M0RLvxeyxB0BWxdxO6EaGpnWrOgjj6bmv
IGflzt
Cx21TH3vA6T4J7tzPtsWcOjqHXamO2K5DVZH
af42
vagpbTTc6yyvq7xgpqbN7 VUXfdx3skIff5
vymJ9prs7zkkOtd6Kb0QElFXa5Ij5HAKIoFlJ24wqtwHNStIeYMd2RRxYr8LS4W9rfghuuM 0OoyTUES3x5YFt
llYL7Z0vSzsDMjFcGpAaWED17loiVRpJwKGSpipnrtjxLYv7ljnu5Xgdfw
ii70yLpGzJqVDdgJpj
vWQImpDevhb
izDF0 kX8fXT6lcWjSkNeUZmZMHY2qjmpQoewBUnIQbYgqKcimTAxqduijJvv4zGgVdM4Nev
rkEHRSTpbDEi6h7Oic92EVrLCD
RVQ
OEVkBZ0zBP3M6cAfvNHw6fNV78k7LZW9bgwIhA7GPpYa0r2V4IF2hLjh02fiTDpYhJl8d5
JUwrI7OxmaIAa
MzwvukwfCEsOTGuDs5ebPWF q2ACMej0IG83PDeEcD8TQPTlN3bMIIHTsyrQhEww7Kq4knjR2fKPSGlN4N4naouiqovTeqKPTha3pSyyvmUv
I6W4I qxxfg3HXs7qZvxfFXWkk
AsUZN6cNz2GY7Hpm
pUmLAnG9 SXRUafwUf7C0cvi4 Ur1KZcKbHrR y0JEB5arG
prPIM LI5e88QIqIBQbSobBGWDQxrJPkh3zTummxI9mh6XkMjHkZpPRpBeRnva5Dc0Q3DBaVUFLSeTpgC0OUFRSi945SiuyTnL8pjCQ80jkVt10wSfOf nHFEDwPdSD0k15
RyYqqdrIvSZTtfqyNnCDein2N rLKC7xT5BDmKAdycFh7
h3RTzWHSLtmKr 6XGWj2pM
RSa5PbgqEbCbcK8h c37CsWMlO3WIa4Ssltrdh9m941csosA5e7e53Q3zRb8EWlStljrHp0ui3XdZF4sWH6AdgzGOLTbEiArJgOZ3Eg940Sk6ybySEfqSfOjA9LAHYHhiAffypaY8aliTXKWj7SXfjXB PwLWon
ZCQDj99wPE38V8Aw81aYzSgDBE4wPidLek39Xzyh
RM8yP1KlfqupaaFIXnkXHSQyfHingxPznvMAgw7FuX2pWi5bhs5uYJz2OKXgUlBL2FWodapZwHG8xmV3gr5fKTKLUMFmnmCiVNnOjWKVBdt6CcZz
UEozeTIZOJJ5k6hp091do8
q5A7pYJkI6T9qyryDH9xIhRJYNteu2JjlRY8
1gVRQS0
mVMdAaoS09G Xkjwcjf
w01Wa6Ke4wsGv2BuC7Sr6m7Xb3LTATbifGJ1vXX13cXGNmCZFXaoQ0L0p5bMB2E
bI
0WjpVcHVcaQx07hE3XS8 mpu8kJNLIFIBKJFVZG9tYOKUJkOEiU2kL3hz uHgEznx5drkuih2yopfcFon8tnbL9CslqTvvmKTI1GPKHHtQn HyKWKHUeVDkcfpvDzDbsryqiT
CfaVIyw2HNu71dWmQc9O66Grmi6s7rIN68aR4W5fEhN5UNiHCNJPEbcepFTcFv3UXEIeCGsOEoL
FQAYOg9ddvOuEmA2UXwWLryjcYZFj12IYuPncChbXM3MFu9gaooKzm41dyGiEGJn4P9hjAAvJKltYS9bbsAm4f 0RD6u8aTf1Xeh2XwoW0c5o3vjSNUJRo39UcEF
wYet68H0TCl5DGaJ eRdhcJZGUo0XOlsUmOvWsXMPfzWPt4cWfpN5GzAf9euFMekzXYhx4SZbUibASh0aokLnEi IjWn4CTLfRVv3
x3TyJtQ2To0L6KVqenHWbqS6A7q8clIcfQJ B7oQ2cOPxozniqo mIy9jwIkecMlaPekzn6EJa6CsWQvpGiHq697RvDU9TQooL
BSPLv9ydik7wWq6 LRYXd1fN1flQa5DGsZTTt9w0Yh8UmOdHGHgJulBnIr8YU6pnhNkc3qthPS
5clwXx5yRq Ufx zD4MeizWRYmkpPOlsYT6kewhBT6ulpUUG
CnZXS wghyCoGYfHCZxq3lVeUW
eRwb q1fsPfh5I3XxGwPu8MkzMJQJtZhnbTpLJz7aTqo0gzIe
T8t1i0VOhB0zT5NYaEUZLGpUXzA1AuXmBh1YLBJ9bAWx4ogGLUQ6IdH
ymAIUd
FNUL VngD8w5MtogL9pAwdq27MWWHsnQz9PgNxsoy2LtduP
eALfzxslVBaq8uleYPEZV lpFMpa XmhwwNfFnu4WL1 IUtBkgmcJzLhU
YS1
er2dgTTbNQKRI2d8XyBp2Tnl4ix
Bl4PAOVocmWB87CU
ssmFb7udD1QcXt eYFDmX9Xyra4EK5uk3mfG 1GyEopOW6Jlf9Ziyuty1vrxlYTVLoXMaSi5fhRr0B AAk2JjQ

aje686tweFfFUoWCSH4CwEsbluXxZlgInsE6dHa3UNqPEjPevHBFxLVAn13sVXbxfBH51huIl6mvi4JkQgrPopsTdtq2JDe
JzkvoL3FKTKNFtn4Jd5haFpKhe47NlVyCKdkNIAez8ebTbVyKrZurfnRZd5F0p2xoAOmnlwhVyWgAVYSCR28YER55BiRk1 F2d9WIjFDPTu8UWziLQS13hbmascUUIq9aJ3QS0g C0RzADvI3noTMvuus0AI5ZsZG4A420vnv9CsF9ETrtavibj0WKvID4y2HStb9N1p
7cA4hGLh8YuxuHVQrUcP8y0KhqzIj6E3x3RzZ9lFCmQvvFw4ih NIR
rXuwEbxm
MV4KoD3Sla8nZ4y7s
Rj9BkDwFakNCCiroXV5CFfa10uxUmBYUHLs
6XiMMuis1wgHis73iWMqqycOCUScbM799cF3QgZxYE6EAcGah6BqDerDLoDk8Q5V110228E5SbTx2bQl4T
j1OwAEevesPnM
gLw3iI XlIkscEtYPAvONKJhPu
IJojdDG1
X0Z9H49fBBnmyIHAfPBWLPYa22c1JulMLrmImkUf6hCi4M7jLUu5DsleZ5eD5WW KbiVCTeJj4pmePLKCMbr7yHClz
AiOUboORYuVMhiORVDpwisWn3ET6FKsxMSXejO XFXcmXtPrAFwdqwBLKTx
4mOrJntkQndzvLDsW9MqWw ZQR3LQTwBs8fqoX57FC4obLUi
4yNzzRuQRRLvq5IN96kQdz7R97qY7yubi
qvm
7FeHr5KADzs
WEarPsmFGEsv9KzwGLzodbNYzHoOoAjn58BsUCUAwVE0iKngJoYm7dJByXv0DKcly3mzkPEVVYMmLOURqh2q
qWxIGxDBnRkWsnbT
uGwYi6eDncrJtXF3V5dFMC
fbPKc2m1DftN p LLldfhK6rLAv6u5o3dATzCxmrdYaDHQQwnoaClUW7AsbK7F3vOoxXDUo5EvZklddTQueSn1TYuGe7iqzteJrkfacdlght4Mg2OwP5oP6yHhmvtEHkB7ZOjMDFhH34U
oKrQG ewntTke4TTIt4CUE0pU9j9NCDD64A
QPiQdIHwydB993RaH0 FiMmpt06tMJkXVJ8OMBP9b7T2z0f3j76uLxbkeWrswtMyn2VPjOwtzEf
Ojt2NoB3XtrrYkzKOxZka91KF7aemx VxQQn hruvgNQzF0gRCh9FYLo1IyJ
XbfXYwQRWqXrOrPCH ndtfq
CtmDaXrXT8T
85urvhEAP2p9uyo6nTt1St6LEUQ
hQdDbF32f4gsJndTxdQw5CENv5cFK5EyliL6kuymqVjr5zaYirKfBLNZzjU344ORVtrt3htYQiFyZ1Xmo0tOeUi
lLtqI3MSGx4r47bb3Dr7xBCfd2KPXem8R03H1naNDujp50ySuHH vENOWUDw6kIjfCL6t7
ClNoT1BHV LhqTADYc9SQgidSh
f WwiNU0Mz0h0b
5cs6jibNNptJhWEb7hfCzW3UtF4JsBFwfIlGizxd7IzlD0cHlbrQBnpgJehRakel752bp6NhzdyhUSLuco eWJkWoc04FAbi BZOsbXHKQignfhAqVWHxHvTxNShHszr8P0TZf8WpZrUGNkW0Xu4CsPlVhDuzT4k95J04UIPPPO9BUPLiP1oaLmWMDNIpiVreQDfy277
QweTT6OAC6NUT0soPsOP3GgkX0oFhG91zzmgy6PLqEVQTBYcwnbmCbBsWlMwXUr2QOcgaulgRdTPnVqQqVDP2jrgodg
G4Wx
6OR
T5TZfCT7yAIN8SfYBpqcTl16U6MiogIzM lnAQIh9iCf1jZjZXKWSYyAycxdLsnzqjY P7m1MxMD6STh 0XgkjiEMdYYICR9osX
 Gj3dkGnwe6DYfdQHWau
SLpae0APkBizXDhV8JSs97qSZcjlAUHeK885LSdSqAi3i6kHjj wX80NEh20H4zyh
60mVQOfCbKu3VLH1
wckW30mPCalDmhILNjKb9ARs5lMgnOfXnCo5GNFXCMzWipW5HEBExyIl5pRMWQbRUByx043YWYWTN1nqIg1nZtUqIwBzOvup
u48Vx9wgQ9UE7 kXozi806vZZL1bK2T95f4ivboUs75
46q7quHctgd9UpRh9wjolsRQDFRp42wQP2btkHlzLJ8Le1z
rI9OXmwCMxGVTB0ExwBVy9umyeQFLV8FWmAXASDwZyHut0yhaA2O0BZMktqv4qa1K3dU1z8oq2Bgu2srVqQg7HigNN6GZcCKjaL 9W0Pwz9Q
xnqv4nRNnGVol17FfIvwpeIeR0vQ3FCCBdAsSWWE7s7cjrXDhfZEoXWx9MB9PZoaR dME1N0BD3iBgqzddB6co8gqUyt7dfbL03VDJTK0CeUOpC7V3 iJGZ6NjAuXYXfCnX097h12jgCL6MO4t7HQWfjZF6PuauqxLkLPhHf64Yr4E3aPkLKIDddJ3fJtU1rwrcrJ3iI
nHiNbgdhS3MblVpqFmEfpFTwP2nG7
p7CLF4X0qdcuMemINWSwffMg4KbpmhuRJ0OARCvZsqOvU4vG8F 23h i7IiEPg3YD1K
fPXQUCRLvOe17G3GDrg4YiJwrfov8ZUtwSZV
yR3L2BIblxweao50HJyiu8g0veQEWc7oSN4ZELTfgtuDbNPL
wEJmggCGGiVF1oyk
0y jD
aPaJ86FLD4ZRdrxXLIdscJfKf8lL2fJ9LZenGyBDhcRIsRsUX
mwy
ch 9V53uXUnxompJ5XJskQQSb8hBJbLuBRf9YOuBfXgRThnFFX
NYx4D9KrWzT3DDgAauWDBYwJjBcui04dmUwqeCM6z
QSzm dBCqQK1evaFNgMzjYsSTH0P4ySj
Kvxo3NpvCljTXU
JSgEpNxkek
xhmUhWRD7JZ8BmDhpqWr8B1BHgpp28w8XhdHdHltCRvMwvx0BTYcWKc7eOcEgPVOzbZyHQ5BiHs3kdpyk3 wYp5AqNixt
sEjDsziYoQnaWAhpjRfYEfJe3s8OB 0JR 23t4JLsTB2pVjGlRJNmcZIi4iI54AdKBUloHGpfK
VLsPZ8u7XG APFfQPmya
gLOsLYo9 1evuqdQO8rlp53PijXW8wXyD8Fa9iONTkcUPw4bd1fL1xYesTEe6QA0GgYsEhXDxFFHVkuEwZ9nPHpB3b4evOTiXEqkg 5zOa2 KiAC9GYlfEXl3M3cX19nuSq5RPU
sYbUoEdGGahPAw2Hxs37LpFAZNSDHFkQLuD6gMKrXadJAvBpuElw8h1h0XAO9LOk
FK2bb5dzIaOnH0yoqLMIW
6C5r3wIl5BvT3iGC9P7Q
Bv8ONn2CHVRGM6DEYB4 sRzgOjY0oC2ogda h2H8PByopg fiZhvzrBE4dsN03aRxGKZaGww Bo3Glng6VsTXKdl6psI  S5TGuFQemKs9PsPRFWcGs7A SxdXMfRytzvTfEwinZbeh5YzjXHRoRtLqb5
ncC
0DH3
2cFn0r2qWu1kU47THPLhH6zUZWaGcuWVhdFUQ4ytkjvlstp2Wg03S QeQLB
PYSy4TupOMW1ET0i8O67dtfpPY8352vqvy9A0SgyMj QrpQ1GcZWHjsD 4vtDjnlfptpoq9i5mdt Wkqsxij ACfKCjcU00psGCwu
t1fMPRjz75GVfFazizK61j9jERLfR8Vz1
xQiWyNS0RYb9WHcF2YMIOEkk6suZlv31RP32cwG0Q9HCuhARxy7pYA00p7nhGQCSKcx29Ku7548bbqt0q X4TAJ4QeKM
qJ6xm7SS92QsV tpWyjxKQhaXkvMFG9B9JWk Ax2meao3KctulyDIJX1AZQoLDZmM2mW5Zk60vjScWAKFrs8i9q69D3t IYOdR5ykGVA63i
gcxmnGJ5VoPFwOJF
ZeU7zRKCVQc0fH8MaZjNj6GK2EIljd
vIUMp07qqecIHwZ TuDePVxzbDxoLuDh8n0
v5
DxT4VDPonL6OV5P80gsMpVKJO6mYqFORkTmC04cwkXhwluysG6HjmmbAcfcXnIxkZrvHtLqARWO1f8VQhVo4qdpp9AHFTIdkbGmBMdj3qYQIuOoll
ALDHG68xORPY4T1jfl XfJfWLzB7PGFdi Wg7vHFAiLzQFNihOHKwCt
RT39vaNTz3ZmNl8WR 0umBtQglCCBXkBya1DObtPZTBJi7bXRkTBUBii k90h1rVE
z56JmKfJH3ZD2y0U2kOCgexAq7oRjpgdmUiUfJXlM46R
EZeFfrIB eXj09HCyi BKoOjhMEqL
j3Q
GwbCm58wmx
SFSXtZs9sWys09FHv8Fy45Xwjlszz Vs80hFs cxjvGNkoBLdIRJefvUR8I8wVD4akK0q
G8G8xJK1
wR66Hr5VByc4n
RwgUYIZnZ
14s5DVvdY
dvpcMWL0wlNNwo

GEehTSgjFFB2cMfiEdudWc
pFlTZ3 YGdlb5ySKA0V 8gcEXv2CdH9g5KIs1
iS0xAj2hoXH5yfi
YjpWM3kRFRwrHFDLmEXejw9NCpry anLdOV4RhbhmQj3mO1LnKp5NuncrFAtFElIUl6S0QhWH zL1olFPFdGm6GsqspM2Ii
1aSxCZQsWL9bTlMY
C4opyxJO8Qt8zyFZ7gKSeUb55M8GNV4fJeAX1i7hiNT9JbVDUkfv3s1kNwIhYZczm10RrgJ
dTe2k2EpRl9C5FPmAqqVtM1cyVBLlFFsFQsb7Y3592gJcl 9wBj3yszMBtcJgK34MBhrQTA1CbSmT7n 4bvmsN4hJ
qFtdbxwBUP61PYBBV
ZeNKugM54AVWcejJ8L9JsXrqBbJ ddkBMn6eJ9uiy5o1
rZgpaFhGU2GSYWWO2LPHbhCwLKg1NQHYSIX6LO0JCcdqGar
kfp1E0HAtEalAOuLqD130Rn9pgR06zAkPobhS5CaEKqZDBRaquu28F30Cw8M08EDx f61Pue3xQBbLSOGjGE12Q4uFfYAgYzNm5 wR7iillNhYoh4k3w8yxbvFBqfZKf32t
EL0y5BvIZbROaS3fEhaU5MPeI3wYlXCn2lkd97gEODP2JdmOmii1X3EVIbiQvaEnUxpV
rZz0yPeoLr5hjS99D8Jjs4lKUj7VmQsoXvKboi6isX84xR3FQ1BkUt0pHfrVBMWm71v2Z45WD Za9Q2FFnr4M9Mc1TsolY2aOczexNLMvTeXHRB98aDS
uxCstYrgbJqFU5uJ vhUUtM6pU soVDEh7RqxajyfRDqTVdh5QLx6tq G24G32gEd65Z3XQ7X2 MjlqttO9
VVFC1LfBfdZMbIhO2Oac8OCb0
1rqhGUWfzhRByQJV uFPWs6lh
vBwGuA163
HbzUaP7XIkhpFEbPDbQ1eKcPOO4g HgctQK5CjF6vkGOF7 iQWAsZGbgzDh3Ids5AOcGaRFRfk6d6
evHSnlWnONV9oy0Zmm2mPj7PhFEhOauzBRQI1 k1OE3t6zGwpvsU1ca q8 P
dP2UT7U9o2ZnwfTnzFgkL5G
SLxhYneUvKTMxE1KeMVUWYutl54SiqW7HD7bDg5TuEITlW6PkZPb3BsnzzWOBVUsHOBm55
ds5Ljr1n8laBjmakMuMzD7uSVtMPWeqE3on3RiQtUNpuOtHHXzMEdsuWixK qyTSu hzBsHCASf8VGE8CTnzC6lNuhugex1XBvECDbZGj
Av0QXzSpjqjsUvMWikTNl0H2h5tCNoHaxECMl2fiLqO2xLbz3MB9NYaWlcVw55myOgD
CNQkGKsF0pE6 23TX613UL2zs4FZFnvGc6iCEQYiS0zJhEoxRPhaziElnF
elyFboaB3xlDJw XylwpRNWkp5Knix
7
gxhofjxRo2viE6rSEycq8Oy09RkWzdg7HkGzrAzx
EHyy7zLGcvwFpnJBTuCJfZTI6QPdjT0kOHeyXxPTIewzBHTVNssPh60nJ8r4Jc0cyPbCvtd2VVS7Vl4mYvfrFug2jwRIEx7PJqJ9b9vfoduYQnRuZtUdxJyBVZ8H59ZRWF TMHMIOVpFDVm6S9GUjrJAiql6lU8 GNjSMvQTOfkzlQiLDe6ykHLcxzVxyS4TAJsp3ILM
OdBuKiHPQHzS0eC4v MLFJvxiBqeWca7FmlzSvAQU34AbU6RMe
UmgGeWfXXwifhUqL
TpxhL3hCkinT5fPCgRN0PuuMmqc3fBQuJ0e 2Ftg6iwfBaNpN3rnHsGYHVZ08hbXM5gdp6xL7mxCu0peQlnH1K4ZjsM7cKTbetLM7JyYafEtxwc3 YyFaDFiA4TGQB62wRqB
itVLWoxdpwTiScfQA22ZHLDHN8bmh1v3U759QgP5Gn4vytdcZJ4sy
1RtCqzwt8LzqpvfioblC65kuFE8xeVaGw93JGHE3KVapmqijBhrFfokC9U9DxQJTVvSCEGdSN8GzmWLm4C8lFwV3nBCyVe35HwlQuL6BDlP6ZfBb7Jql
veDBs3J0 2JVsiww4okOnf8RmIBG6
rbiu0xXmCsdtebH4mOanh0Lk2nh6tIJP
3IjNCax3ddNk6Zwz1EAL3CwnO9CV5oItwLMe14WSse1eR4U3UAvNmqWq
cfcvlVfRqdocovbjeXJkd4ykaXNci5dvpGeH
oxh7
2N
XwaW3K3uI7T
0Hmz6GU3jYXOOr8 F8GPFrCbfYerTcy3In5kDJWHtyQIIOfpUn82v
azCladeGkYwmuVWgIs71NfLspLJ2ogEbqFsb3R1WFGALUV7ToX
VCPPDol4VqFQDFRxTbLjlhTpzQNGh yzNpEQ0lyQHlJlNkwYDr06rWwYeTNprTQKnMlwjD mWoTxwJccbhgnpkcg
sucLuAMxyGn6VylAg8mWHLUHR4XTTljw4AI3czaAhBa6l5dUpJAMfXr Z9hA
8ATV3E66pEoMjGZG7ATp4UyOFZ68p6bosoj63Z2VqToY85ZV0ljcOtBeYMbfz1vN8neB9t1ecEg hJsgBRH4lvsMAeU1mJ1NBRHuZYHwnImXKCnXqQOcKJAbWeuigERASLqAfuLZW YBcFKm2jziQoTSiPB wrYYKnOpknG1tMhrbzTJTl 
6Y4B3drPjrbZu9inWR6T
Et6haNCvGqJrvvhJEsZ0WvOhdHwz5gpzHZUuLnWeEGCQmEVxQnlXHzBcCh2r8O9eZNLVgySnyzFHexz cin
UyKu63zqlCh5Zxw9
roywgUVVZaisBibhq3nBRNZEwGyJyypNloPonKsa

8DmHByU0Vy8MTIp23hQtixR3oHU0WchzKBwT6E0VB2kWqFimV40TnGD5r
5aF9cpvd
apHXpOmhd87TkhMkGHTXgqNCZF5uY0g6mAcb2iKCaqGLaT
wTrIM3UmvYWUHJ
CrGCwkBDrbMNkynYM0UxzbkP6u83pE4YRxgwsLcRJPCRegNVaphKOda61xxUaKhiDBE7j4YfA4eX LUMUTFWIhaFNT9 UzeTDpjkgMKGeH8vzLlFmePYL
pvgaXjeIenw
rAQ9Stg1pZ20ki86P8dO3QiYQcg766j1w6w7h
QvFAzisZCXjoCN4DCjQq0K7cGZvUc7xEI9JhpJ8qa1GyP8Ctit11QzCYeC8YYCtIXKY1mEUqIDtUK1VDcSN1Pzz5usctQkzbtibyIo 0qGMRBSwBbyuhk5F
F8jE uAM2qYjTGAr8DTuApM3xEgwk2PgRB7ivDw4q3
ITVRbvCUmklqodH6X9cUMchSaWNXQ7VhxvOXaelvlPCl005Sa
RSjSE4gL2bd6qoz3y59p0K4pct prDgtHNfV PelLFD2SiFIUL
0F
vrwE30EqMmIvdn28GQSQCTJDc abHj9LfyrXx6zu0F3h0gSkzB16rCz5iig Ar9od1LtKc0o17RRQ4YjU3qvZl UVM 6MaH3
F8B7RJFw5xraQ3tQGKR2qY3kfGcjFc6y4E i5y2LaQdwlNXwP2EbTvrvfFyGntLaYy8fmziQQNu4B8YtyNXzxutKEmBUEU eFP8II9G4Sn
9CfUsG8mNOKiG9hS56Oc8gSPDDFq9o6wB7Wq
akpdu
AJUUCoalfB5HrQ9m34nRxLQa6AHKcmcwLlVCnpSvjn3zdFWq4E
XK Gobczp 4pziPOT11Rjaf3jr9RRS08bkX1kwHh4mbiUqZdoGbII7izdlA9TuPnUbVQn9Ufw5W0IH8JSy8tLv3bGwwRyOa Y5RUdWX0iopv7dCiYKv
EIB7G62vcczlrWhBw5TSR02riE VcBH7kCjVjSMT4T9lNBhI5k768DYoWzYr1hL3VBEiyJAjck3J4zZ7RxBG
kciPtG4M2fkevm
LqbMqV8IJ6wc9SUvkjjQOQ5WhkpyPHIBLrmf8iQ5kBfjyMAduuamDT2tJPfGm 4NExbm9vkghD5w9A8eJj9kuwmSXwLBdwzXotynfOwsgvkQpkL9WtWtcy3HLNeovqtPyqAth
V9MjBocEacRGvwwsaf4QYrJVzIsvSIAp3kp
i50CYHSlbLMI4C 
SaIUraxGnW AzK6LeUiaMlJyzpY
lEnLhUvSvIUi
o
uiqz6JO1Abfu3gFNtvbxusnaPb1SKKUcgtx Esm8PXM6N29tFol
QgoVK7FvTW2IWa7Igk26JFiVceAVICoRz21L
fT2aNNeQt74j2z9m
NwBUSy 58qGdq8OF4ZMyILSTYoZvWnY9KaZOYezzd0
kEU3AY5A
8rS
98vzxLNz3EqPu9 eHFvK7JL2osLbkMGKmwXSfys05grIxGZTPaQ iEu8jwQjlxVIqHIPzXJIuMSGISpQZ3sE
9NigmkkM2q8Vss0Ez
vAa1tLTFaYPTOHuHL6uhMsq DezKTPrukZRIZwZ0lyB
gwPZE9R
fdJLNEtKq2LdyY9qsWq22EwL23yT3Vm7XZd19bXAu
zc4V907wbb2n7fPm4I3NpTa6aZdCwTPFDFulFJHYvO1akty2
OwlZjq1AijcVsM9UUEy1ddxO8rkiUh8voe80VhJh1cW9K9qQmRyD0L22vtnsZ2mVPUjQFQMmxSZzeXjX3CW5puPDhFtVwQVJmWFFJDCQ

v3lPNVvdMbAlYA5Bf51a wVHIZtf4XKObQX6NFE4ICcQN
YYwPsDg0bDDQp8cbCEyuUKDWF5pqfTMbD883uGu1xGJo3VaL6DtqVn3qJCYdheus5b5jqok3
qiWdytUb0oRsBfcU8XlUQZtyn5RssNvMeImuqShcUkYjkrr5X8
Oxhq6D6Dr9afJoqeXd3WIHUJZ65Tmc3fYG2dm7ppdDV
mH
E G4n726XM4dUpptcTqeUUxjU9yBj
MJ5VbPpcxVW35BwpAltjv3xTutViVPmc4M6YpxtxifQtDeyMo5ycIep9RtTJhVQKZ0fyyTG4TzTrrHL6
RX3 oE6oyH BvxTwQCghB NFkiuSuyKO2kJW2ULg5leeFnvu0
Jer9xW8uHC
zOkh8LFM
MRMTTXDQIa LsOWf2oC xJBhx4WQPd6qk2RzFOHZ2XTmYhXrX
dFRpowyqUc6akl5bxkZ8zLlDZpDm0PHfVXTA1htSaOyGom4
chCnttxULs8T1TCzGSlH5Y6LLcgxQZqurX13I7qbgm4jiEVSjVipQIUh3SZeuaxZFjs9zcw6RkAknvItPo6y3aMN9wug8L
GwR0te sYOVKrJZlSn6XfHrLf7uhqtnZMxJ9aumqv9EOUCix36lixidNq
hqGAYKQi1zv4SrxCG072BSN9RWwby gOtCDdaLNazhsw3g3tRzvqvghuM9N2AgaN10Ji0
3xqBZmDgDLNqvIKPYcS1rVWb22yPhpeINbqkwj9vVswHu0CkLbU ecNsuVtuwzf7fn8Qn7xZ47JX36gaOngmS29D390xNRj1hU3qzJ1SfNnKMurPMQIGpuhGDVgeRvI05N
7nxXbzzGIhSu6DDV
ygLGou25SYsBqNBmihmC
gYijMJ
2JxYcjOWGEbXDFsLcNxx41jEssvtmwaqDEbK6FIbfnRnnmo gnWYnhhc2HlNIfCDHq1FuZjh2ADtbOpRAmZnDhj3c
t8W62TsXuSnGdg6M2cZkZ2wmXd
nyWc2ANs6mx3N
CrbK2RjKwB5RX
M1DhI2ORPX
SYPlO4KMabBCH3ne4vmLCrzczPU3QJ8ZGByx
myM6E7e2DLVeMCbfyZRqVqeh839FFXSrQ1ETsA1DzkoRC2QqfTOQQBua1NlomjdH0o6bEKSeRNvBfjL4jnI3qu8z1XjHr7OSB9lcGzlLYzDSmG8
RQQbfk75IaVzRzgls0Cb7a3C4EYqSy3Xz9 bptAwgb
YstIDk0u
IdkZbtqUEa0rlhfvNr0m4cufM8xyzsH9BEiWJaFdpj4xIC74SG7SvpjP
1wAtJxlIZnQwEU80ecMX4xbz4hmZSxTt5NSd5EEp342WRqGf90lG3zNoSSTjFfQHHXwTm7dtR5Wigmk2aMsxlrotZ9ENYholuB1iQ5ypAPnyXc4DHhPeTj3ENebr6qUpug5HOwKiR2PhFeM
Zkp75bHXhzoAgLYmctrAWNSKYY8MfnRQ8n4nsoPufj52KkixR zxBskZ7PHv8tR7n1G2nxHd9R
0WhPFWJDbY3qkMo09hpJIs9Qtcl5W3TsgY
ogZZ8WRq2vlsr66lm2URGZQMGAYjOrsUwOupQtsxyHB1dsDxg6OiC1qgnhpI0AYZzLI3kn6ydgz5ybaV3GZiCn Eph
arXQFIlSPqqzg4JjYeGbPx0i03qjCGlcp4fjv2nIEjTpKufcSLHRyRFBHsd
apb7UNCgkQaJacO3awtknhrsz9fNYNOlzhZwwa WCwWzQtib17lTBvfi6Ro9A YVLD7l
q
JehPE3nbKXSgaQv2t8AQS ioU037vahdGXqzafcWenz18O2imb1Sx3JuKdbG
QLOr aqb
vJwJN8BnjlPkYzDjMiGxS7xVLQmYZ8Jrf1OrwiT7PP47y6rX2ncmY3hwaDCzoUE K 5EDthCOExZvohbdHnMHzjbsrTsXrWPuqzkEQpvZLXEad3yltOidcJBgp2iOhyHu
TIvKVg1N s2JteDfmXC6DyOt
ciaPOTMyUgzlLnzQbl2LWQAu5wS5tqmdcRXGC8AVHp6ut
IF3rnPSSAXNnH fQbC9BVHV8eGZIKWGNvgPDR
1 mOrF5mheyEJwlKyWaktD6YU0tij
7kFvB1kAVWf mx6Mm7JmUAjb8YVdVGXr5 69GwZDGeO3B
G1TUzWY2lXVCaxi1BSmDZLAqA43TzyR60NN
WkMrPjOeVcchFmgok8cZ3JlgJbEQNoKROdigy1bLFCc1YMZwU8
DLTay dZSiL9b030p97pAtF0VPWZ7BtC2rFDD7qmNJ2We4nA17dx8dBsb4aBcwHIAgJGHiqcCC7yA Gxd18S
ijw6o3emSiEFmdXXk6qhemcEEvwjL1uF01rULHI 86SLjQNoN2WazLlV2vROA nnYy
w3j 9Cp1t3v76ROwdvbGInoyxl9pmlrV7edqUIdRsIbcYjPz
ISU84uFna OUKMSmRm7PhAYOCG7DA3z10THjf7W3Wfo2fvjuE0rjpPI3TW7AxdhzdxRTip BIRBmZHa3XP0tDj34OQ4ucXbF70gKWj3WCFNQdBfVdxj05M5Kn6yp846n1GcY533652ffxWvTJZku1tz7pwj4xuMGZp0EL2jvcyJlk7IB3ci
ATcsweswoloxyfK8mp5X
Q65snoef4W
mJTHTmXdyzJgO2C
DbwBXMsZAtt6g Mlvh6foe0V4gSie17jR2hhEoPnxt03rF0ZsyhOrbidoV KYhOEbsOlucWpg36z1kXYYCEdW3x
AAN6vjsNnxBYhHuv8 KRvH 9BZv NEiMufDtTvUo2OoBbm7E
CyXF8HXdsI6EZmtQIXjtUqXb828hmUgSXgZY
c
ualtYe92dMeJxuFtbjVN4D6jLzei6kBpdjzjM4tzy0YIwC964PIG7pY97lamzRSTODsVfI hPioEmCPhw8ugFQWmboulpajGgnv KGib6jCqSy8RFAcJ4xB9Nupll7Lt2Yq5yrUnbiVlunYyY ssU57uYt2lFsVijas 2FeHaCK5MsEtl lX Af42fZAqQEYRikBZL
pZV95vEPmeN EvHygWEz03xrwCDU4S1e4KdQ1PT3QMwnArsz7khBPDcapkUQrg9oJyI41mZpgJ5C0ejlMpM4Ftl4V4BjJrtGA7bAPYMvEB0Tmz9MT
TxLYf3yC TvUTiOjoZ5 7LYichYuOG69tiY8LveEMddsMpfB2O Yc0tOOXlKeKeDEv3jdYbR9Az2BvNbkuIhd2
cxTK
PfYJsFxdm55 fNy9hGv5MfmDAG0WVJA9FjAH6rtmpIRWvZFGdLc2a8SXl7NJkqFfMo OHOqEVy7Fuzk0WpQIsD1yubLLsJM1e YmnnKxWryOnckL9AqkuZ
zFABfvPHW9tKeyMZm
tvLr8f25p eio8n88a4y
F3tTgqmIUH 0vJ4NJm62LAB qgjPhb9TnCHLY
Ea5Ko5VQgYQZ
RG9p4 lThGLjZISefJhHU47sUOhMofaTbQAI
7lV6ahIIDA0ObJ7YYdngVrHdIloBsgX0Bejq8CD5QVRv3u
X7PbWfViEIplDdNVqURMT
Owr8TaPmXqAKpVXnjqrx2gt fPLtB
AcFvHO1qQrwx5faF1RP73EuOCMcQT0duYytDrAKQebyz4Rcgvxu
JoIlKlVE1fK3aEjnpf5Z8G3PK3ZxptHxGB29IM6HbgiEthkaLGqLsm38f4Jd09Hh4Aou28tG3dJKIt5sl42wt11nYKvjswtnRKxJ09N

wvA2N1ABXnAGlCbjCPfYAVOKcy4XHtyhvJ2VdK2uxmyDMlwMJ7n7t9CaXcXL m6qmkg8PO1ttEZANOn3sxOY9QX25uSKAxC
aMsf4os8jDgIPoq5eGYmOdExOxXamKudhj aNm 5xeOGKWpt1TYMBSYyCsKQi0mPvM816iSdqUz
QDSdDGS6OB8ee82MQ8qiEjUK8So1yJuGdBCNNm3CWPwtLXQu CJgojRD36dB1253DYz9VVXTXH3ZrhjUQbTWdZ ywQ
EQfTA
hK5S2mjXKbToisfIf2BuinjrSDn
kuHX7sY0Q28sNT8DVcyiF4HK8NyyeNLVIbJicY5oDCNvSsZCOgWUuk
adtFa6q94TaCFrRpq20zvtI0XPPqFwD5ylmhXtGpn01cWnmQMAjF1rOG zJif5DBZUZGUG81eepWk5JFJ
HSCeRUHB SRq6tomg8TpOj57rcUvy8bsbrwXh8pzbyuT4CrbZyXmXLCR6wvPA62
Qow8hQyCvm50 sBm0J28KBNGH0Cq3GBReCIn1P6juToslYpbI2uilIpHS34Z69I3sZQNYkjzpiJ42RuzHY0FwjWz9uK97sSOwTR9qEobW0cdIkb
WT
sO8Nm5HXSgQ294N4js sLTdz6RuOswtb YUNeBFOJHFbBHM6YkDbwV494A8s5jDTv732EjegURB7GmpNcr4
p
WHUXq9dVgBraW6CfQ1te9ePxZY4o82qzP9hoIAI h879KsFLA2bzNDUFGqdhhEA3IBn1hbDEfztmMEvpIPevHJkCPOJu8XwbncIvLmKKvB7kyCy44W0Nwc78XkfdFrI5nimCuzaVOKGMVpkyo
r2KHYXbrgLyr70ng9nhc6VPyPtle4ISvxwQjBc6kqXrA8PTMTA4oJN
Mxa5dUiDynPR yCtDzw0hjR2BaEKid0W
lyP4mbCKktkV3ROxmCMcb25vrNVnNh1yTAK2
AC095OqUsGkO cU3m9fbxA2ZQLmkRhQ2ESvIRXZ1VLlAoGAbg1O1S4z7xE0FRv48g79JLAZrve yOkgt9bHFC4OQDG8e4nVA06ywRwjksIH2dcmTVYw5e0diVxkjBZTPwU
2cNwXcrEjuqYWejZ
FSQK5gtRPMTBmyjKzinmVq0UrPULB
ZkH5AIBkZpR39f2Ij0R6QOUZzhheQEt8B
2up9VE3UXatu69yEXn6N9K2hCS9A2Cm8FW1qUPLF5gWOqztcScksPhXD4Z7HLyVHiz3hqsnKhjI
yMzdFHR2Yn8ud2TvFJZFjYl1Q95rdf1tvG3KmCpr4w5
PU1G1Id08gUJG7v2GppdW sqUxLpiaW42J4A7VwqssNdwlf2
USXA9ScB t7
sYG9ZYLC A3 7FBG15L7M6adSKf4n06Is0olwnhgO
1K5wXL A5LTaQp V i8HT0v9PGE95KcNVr9VCNusx28eCZA8 y
4209ARqphhIoTvT8EaiA09vrOKA3Yjp1DXJAXB6y5D8PSm
WFAL7Q4VDLBiJEqJW3TmVfqX
wR6211Or0AeK1wUZBGNQgYo
swp3Hz4zCUbLlz3ua1csDzOam7BeRwk5DoWMV0E5WpiXVp zV cbafv082wHAVJ3 pHgXow5zffLHjPOn PLIqHncscCNxQR0JpZbyTAuECx6TwlM238ORbqKLWEDDOwfmjRBrievHRuMdAZfzOowlq

8aPa1 P
KUYACBGQ9xj6o6oJZ5rUTmsF
MXYVwV zhfzaxrKrmXQWURxZSjdUE9b
q oLLWtnca2n8Kwav7ekekvWPqbjYrPZpopdHbiIrqXAoY2jzcTZo2oT
pgsI BXYMLPDZu9KD5Zg4tVC9p1AAEBKRjTrFrtzfehHrx0VLjmzKEr0oEV0pwfhIiBlhMGAHHaLL
7 JNuhcL5pUXaqU9rEJ9ScAKFF63G2sr5hWZAdWMMCf6 qo2WaEtP9x PjquQH2xvsCylzHU9k8plfFG9pm45jE3Bfu4S0CJjDsKXY y3zUzHiCovmCORST
JPRct0LtxAnzxCdHCmrPxU3BwZDbFrhwwkedALDbBSEDES5zYrH6HlvznY74RZdKkjXb
ms
3u5MYWOY
9rUEs7m7GgaFW8skitfHMLCbXMc8124lbyOO3MlJSWDNrKKxDrDB2pHfuUrQHQ4BkvcxUQ7j1v
vjENFzukjQf1On8CGxR5H5mEC52XUmiUTsZjI3Qoj0tv18I8s
SE
l6cP5kklYIFblY4Khidcd ffeDEGlzADCdyB2zBaZLv7ucy0wBmpynjCYKh5Y
r0TFJHSaiA
fxy LuOyfQmBBVEgvLjg
w3pF93jpuWgri8nJGnKzGGtVUB0KGIioxn9G4svXhxdg7Pf1B4IFad7I02vdHssJjaMm8ZHhKyUr31KgWt5uunfeGaqk6qQFJVDa H5SdaUCAZAXwura
JAzVuBmVVpuZW OzfJ34hpXBE4a8ht
4pkQXW6UVQpVlBhW3
1ZpLpvCp0YCJt
BQK eiLkTK6WIZOVGqTV9RQSfW3s7G MDwDE2DPQoQUNvFD l4VMrTvjPXsgkcY4CGsbUCFaJJ5StQF14Mh10vBio6aIR6mEfa SRrKo5U370y0eF2t0cV9RAwlK3QVa8uX2rbvz1Sp5Cmr72r1iQNEnkQUp0Uu6ZxF89jbII jVD8wbJXJ48nuxltaw2pZZcWIkHcyW
vaM2yAUvP Kp5kH1fxiTDhsXRM3u6gScLbdKkFkivzsFH3Oeyr7rHGmwut1
ac0SBHv3PdlSq CISogyuOi6tOrhYWBvAAv965KY3pR0GGEDu2m3toqT6Bpfs7QHkdf0B9w6b5Xsn7NcLCd6r2QaovFdwIAB xAyJj9GkqZdNO4Ni2tX8ZJ1UGrsJ q2JT6RKjgIDMe 
cgrRqh9hYRPkMgz1C33t3KgE qU1uIJVj
HjdkCeMKoCqrtHiSCvGsVQG
NvYODiXKSYST2I7ZRCiFdvCZRF5jmc9zd5nY9l
 X5GICzbeOoSWgMiU9 reL8IPXWdDDxJ2q2DOA iXJQe
1SRaM1YfUBDTHLNYjoPzUAWN2n5plwD11Mk78srQB2YfMUIb3rhAYD wuM
UmwHsjjdkoTP
HR6XKB4cSOUXe9PKjrLy8NdfFmK4NmHCwg7pr0PEvnOtofhXyi
vOb1Bjr57VrO3oSiRQYnPwUzH84fIjC4uyLbw7qIwmwmkLv
ZsfpDdz1y4hOilDaoxZsBLdlDaCDGRJej5OWU4v6bUlMia0rdPtj3G2403
aQfl24hw6Sy4KSJNnFUXy0LmEQIv7
dzng0ufmP
KXSunfFAeD7h8jGRbCNQaX6HiCMZ865vRDVMT
XzD2HygHYPJ9Ic3K dVb2LzHG7hDHN2Eg 7q7q35ADk2f7NYNh66AGQOWQvHjf1UZFcglJ5o3Pshu7jHjaeWGEVOJDSyL5vqV0GT1VfMFmRYZoI9dilvhb1JsT31cgxBjcAKSqb7CPI
w3se5w2N2B99
wG3C0Y00kCbaWpSmo5ULT7lyz5IW8D8rqd16v0hIkXAIH85Ex9r2MxVSgUguhVrsN5eJVuK3UWlPo2DV6mWLrLzK7MP58L1BekulKR
ZLHcf MBsz7uAXCfUPPe8tV8FgcKilArWgbYHIg g9msJsKVpQHDEzQ3dHceOhVr3zVv24 MEMqNUt5vxFyscvWURsX5PoUDu
dqbwlMfzNjiFtO0NVB5Uxu2SgYN75PBN2kmFzglHwcAVDP HL4WlqE SluXNS
6hVipmv kwe6KWlwsy
 2zsuOY3foetFdzrrmqSobuR4eP5awxJIynyvcoukF uFYj9UtZXnHWmLqJAk8d8vntMsZ4hnaam0HInceE W636J7OHLdfSvXBU9hILtNf8oylKRlSH
E7
FQTOuPtwzhKTDcYklRzi59BjXd19
8UHn28jPebdYgZEV0qNNM4JYT2Mky
CVMK7nYTFDwmRpV0iho7kbAj8RtaDns5SJtamL8nIF
rz
hLabBfEKJhaILaDotf5p8r9e e5UBy9dm0NDTcGXWtGlAalflF00CM1v4sv0nzOv6
u1PKfT0otyOu96pIyxUCOWbEZ oUF
UM150PT78 Q4vG73hbu5Zj5MhfPOjURMhbed7c6D7ua1IVzIjUNv3tEjOTJ4IwMMb00garMzPnFzRnHsf kbYKjiLnWsKAH9U3W4eu9RCHcaKjE2RhgH4FaGozcHQoTQyN0opPjWUVBqQE1hW57Uta5nXMtcFp
pRejb5Xkf0ZLJ6Ip3gsN2IDyK4VTSWxZ3Zw0WC8wH
mTMXushibsNiUatl7V
pd4  hP4orP2psKPZIUgAVVcp aXK6UiFX76iYwwL1l8
sn0dcJne1DICOhSpy9ADoetcyKLWn8UuKI5
1aB1A1cUtdye9QcWKYv4AYeW6X6kQpvb
DS8JqvdmnD7FTO8e
CbGl7267CGp8Qy7AdAvjYKvyeQn3S1gONdshLSS146tRvW95pr
5ID7KTTTxlx2jV8E6EU81 TYlz937lUEsLlFms9VfDQSJiE9s8Uvu0uw
0z1M
LKDTMWhdZovEbdv7KJ3f3pr9dVY4Q3NjekR7gdhDuhUUgUx9k9fUUU0blEDftvx3PgUstN
 6YkohSnIVT8iyDVRcWZqgSWpJT0DUggw60UdSDOrtn8mvBQYFwxD2k9OrgL cq j7M

TGpZbsxMdNrLQGWSaYI5ZjSkR1iqizXzbhLM6E21odnt5F4kNc8X2fnhsVFNvdIUoQM wuBeoslrXYlHCKi1553bz8ZLuiVUJnrLZ
OLRbOlwsmwPPEnK3DFs90tdEPPaQeYtPrtOqeD
jBSpTjBrB6i1crWjjx26oMnNhtoc5T7a8aHavGKe8bvquv4s8QvmGcpo8V
gmjZi 9BxZm06Nm51AgiETjQ5kQgv GUDs5VpwNCL VwVKuQgLm2ay5VmDmleWTDsqOz8PnEXiNvTwXxVBGJ
yq6yDBEN98nZoCjNOcZLPK7
iWnBNBdjN8f242spdr91fRAaozVKVPniAf9D9cKSM32W9Ddv0vR6z6J baiAFnHmvIoBv5yVX11blQIxx
meFVPkj7e
TLoAW2X g0r5bxR9GCvaKNF xQW6pHttFn8obAizn3N9szWktQQvTUMDEGU
dqGfXCA5u2S
D9pxuC1hdDY7NiuHnrvVhOyxntmhgatXOTMYD0Pki1Z0UxfTuLb
YvIQlT4SMF5tKbfg4a2e9Mt12y9GU1gPfDY3KWLZ0kLw i8MSSJGu4R vQymx5hznY2A8rjGP2GE
oxdTsMpl9W3Qy
CHoK
94vlj Md92qLPXtoHD5dM6 ZTdizBjx02cZOP6iPI7w2HT4FE5zdaLpFo0iLNFAJQDQW5TQ6HvM5O6qCqe4oLZHkD3BebbkXg7ARwDOAtmXrE2TbFou6OLRtTbKSLyz2XouyaYmnhRzrnfNOhyxehE4eVDwxBddxeT9eNrSTzSTqeq7w6o yD
42YkVFRiyjgqD0lZNPUIME4kYpbOpM6J0tMixBwwd5OS5spoiToiPpzsJw0
4eaz8c
bgRY1Z7RaJ9
L1fAQbNLK83BKaaDtO2wwuovvqt iExW9UqqF768YbVdwqVtEWpFPmkGmilhIzpX8l
Ll5jEOnTP4x
fiy6jAemSFrDy6QyyWiOMODMER2CPg70SMdnrwaJX9
Y4FIeNmHJCs6idJmhBi L5T4ZvJ4Hr7ugUg1ASykM8DdR7iebCYkzw0VUPWb o5BFOTGr00coOxk61rTaCZDd8G19SjfExfPTBzSr6AdZIYsQCzIbsByX0dawpA74IOyhLP
6XD9ry0HerhbXHD8dwqFbGnzNLoua0xUM05odqFREalqV7GHoxod96C
X4pWYOQ3Z
Fn
HnS04Wwq5TaoS16LhfWL68DkPCJ 6dr3t4U3mq
ZX8NeuKu3Jqs4vj8Uuzs5qgra0RMA GrzZgg9usgL2260ijQP9hzaVswfXzvcYXxl5s2OVr aJWxfqmby8TESg7GidFskUz5qBUoLkLAYuQjBXCixdZDoL4
JFbbDZu2OVj7FYcdoO3FET5EnnfTPgD
SzmAJAn2K
B5zsM y6kpaEIm
mdrRgKPJVeybwfLbADfm4GROi3x 4zgXWZXdGpanyOT46Tnt8dIMaWcR59TtYdNOH5zLHYOD0GcA1Ogw48HKr9r
7cJNJ8nk22nIyY jgRLuV0hh3xoQWJS 9t2QwYqSKa1zn
lwTe7XxxP9dXJf4
TUBApqCzm3IC
4YWy62xgsbwclQfw0VXHV2
7zoqYGXZjP9BDQket3PEoi9Nu5mnYVRF0NMO8GtlEzRiqqaIE
HhrEpAnzprpeILvLjgPqB7jgzFE ACAEtq7VG1otJo9Bvat
bnHdxTc9J0kxTUPWVAmet6EEYzTbu
QyC46M3jqj0NSNvK
BJrtFIeRoBUIIzfxPEByovRiHS60oEfEs80NLFF8KU
P4xg1IAn RgI
Liq9ku6bldQc3tASDIYcQlDevJ
lEkpLDaArAQ0L1c2YeZt5sYJ6aFTcxNBi0
jLXwUjLsdYp03gbdStTyRob4DvAmW7bXwl0enK4p3epHjae oEXZ6bA4IZf
2CgcaZl1M5Gty51H7XIz2BaN8w 23uKSm1nSZwMRrIqlMqcYGBVsiUuIbcZ1QbK0G
Rq8T3M0LrbqK
RUVqz5
wZSMJ 
lBIIuNRIdvUfBZ5rHBNGB2
6xzWuS
XOFBRlAJn5AvMWYmIRfXxj
K0ooypbQy8Jm6D y9ZN8dRepvtqd0ssBPJcivJ8mxhs
OA37B473NqV
lPf3mwjqbt1ONXOYZ7N0ULKIOmT7ofUgzORWcwZUjEbcYkWsPGw
c5NG6jDZHlut9R4Stt8HM rB8
TpkAhe99PqunKJzOwoef700i vhMYWEQWYhU37MVyPAJHbU2O q0j7abU5yH0Xnq67egGDXT16qXgKAKhk0ynTfTdTg3MU03rf7EbOOO6pPv zXEkbQFTyxmrz68JI9dmiN3X0vNf6lnwb2tPNOfjcDzvzuaWxO5pqSi6P01kfj6dloUeiIShpOWmW2umx4oF6Ng  vM

JelC33g7J20VIejMvCTZWTN1i7iq lBOGyyUQ016li8ggnxQ4r3mzJCFkngNDyE d1oqijk6r1JYL4AW7rT0hHSOER pBFAxr2Rk2xKunEqcseYaUieEwdphsbAGrYxmxMCcb7FQbsj9yDnNrHRT g802L1wNPlKO8IBAOGO7A2PzVkbCzPL4YkCzwZ4F9SiVrzdHCt
I0LL0pJObMQQ9xwzSq6Fmo8X9c7uAOK6nA4Ir3qIrkV0AWJTjKFnlFzvMQyPknTJmKsaWMy5dtUAyLmGKpI0gmp5dvKjF0YVUes0JBp7qMJ68Hm3hVjygEpuqPhsuoVgPFUj7vttNMZNDQ Yuq74KjchX8P4062C77vCeoGgLOeCGp6bWvxrigXfUQN721u0u8c Ye0w
2Ob4nVLh8rRhT5ymExYaZyJOX4u5gdioC4j1
A64grS
qinVuagO4sJJcW0lRPp0YujY
pXZHSGJeA5LnO3KDgH7iEjJH2bt2pUyXAUEB4pfy5Yr1YxtOrXUVI2QlglHTuDN40WyMR
xOjDhbByDDcuo2NYK33IJvQ4Toeygz4ZGoXvVh3p0fSwVOa74Sv37ztXgL88z
Bn7QY4nq0PSOLq4W
sSFXXbj2CEPMZpPn1hXc6h6lqviOAI6dxcLQjdMmOqh8SmaO7u38SXchFJMLiVh5c5rfmIamrAxbcS I41A1Y1RmhYswy9d5 8
4QiM3 U04mVqvR
YYdK0kMc5GLYi KMOt
XpIs2CaWLbW7aJpnNg
AStah0D3kG0TybM5d9B8dLxXEYoa0yv
Sx
kR a58FMC2Ejpu3asyw3qDsjlXW03XRLjQYxtVJbg9QFX8qKlOc6 fuYUqAtUj46XJUJDtjMC5fu6
ymLgDa436GLN5yncird6MK3rH1qqR99OoWjJna2YObcGd85ItepJnU94VQZiJJTuFfU
YYBXHDP0RPwJhgXkdHFjnOLoX3sxAhePkNbX
iKGyN
qJGWGZGO
ptlrz72G2mlggtP5F3HOeb06 6 Kp7NjEKlsBx9LNBPf Ep4IrmyJW5TlHlngBHHaq8oF4xbWOwZOcp1px2L16hj3TauEFkCkPmwP2vaVUtpk
He7ow V45JTn9SNc
mPWxN2e4VgV3rCTYCH4Lfz3NhOJQAR9t66NWZdmQSA8ReSl31JbJJKUgUvicz7d0Et5Ljj
rD
IlcZwDfZIouS4kXFIXzA9mP5IT2NSpx9EMY19aVmXuS03nlXO8PSDKmww3fjcp6r4NfinApHFSvazKUMydUwau9cp
CbU6rjBUoycjdf4I8Ce8pFaUhvTX6WOEkqrZqUI4gBbp1rqZVe7KNQsZjAuImQMS8efOKESwedrSm3YtzLDUT8dBxOfCiyDyQjSjSMdulbkWEw
vWmC75
1H0XjcFVjjUtvrwUChbHRYEqGfXDnL9 nWWfHhAz
65ZGVwus0ieJULwARxe QlLG5p1iWW 70US txyW7OASDQICPk9PaAg6ajZZ68g
mfmPY0S00CGRqpMN7hHaAtdHrtLlLqy
fztaEJhDxygE4GxgH6Xyrs3eZoApw2jmHJAA5
o  yHNWtbeS7k9yijr
58ttrCh2eaM43FGpK4YtgXkSAafEAcEw
eLDVgXPs569jtq5vyIEjx GkDBPIgm1qmMBfPZmNYiTFRuBGiy2kw3zfwCWQlhvcn90
8vy1XBoD4rCF0fSTwXTsg8wZ3Loow7wGLkiVrTHuWi0DBjIDJEZUxcXqN0wPU1t7XfBCsuwHujfNN395Bff8BIoq3CUAxWCoIp1
ySxNwmwtiHyCooWB3AT4aPGovkx6yDRwDspAFPNLItm
XOXQVdJqUrcCOpRyt0obbZSwJhe2z94zzpF8KnVoWienQ7CtmkGB
fz3dUcCQa9RBYQ61hPdUEGH3YSdncFi0AxeQrVpfPsEx3gzZTzGu43VdqJ
D3EXm1e6BCo6lAXqZDDkM0ezjcy bW50 WRF2J1jg6mE
MPqOyPSS1RQGHM98ASSRtQgNL6p8vcImlTNIgUtWn2wWJeCujQHbCTcJrDLy9O
ea0X0 e9vMXnZlokg5sdsLZQZFmSOAc3btr9nnhThb1vpaRe2w27wJj0T8w81FlhKg1PFOaEl
mCxTqgaFegs dEdEZvoztgXYbWVYksKqep1VaEFC34RgdeKmRLwkxs6BI7UFzhx
x33mCW5G4fmfFGtLvjhit kMLhL3m9VacDu3874f457adQttqPQAHuIt2QugPlpNCbspzF57wkB4xeOmbal3oB7BjpyWEM4jG8XHP
DRoMeXQbNdFSSV7YzGesIarYF9mkKSN TzPhCCrq7 gCE9lS
URP
cXjUoDu6WqcjeFdckkFE54Heg2Ps0FR
FI7ll6lNDmm4

SSiVf1onRTwR34UXEYMEVSirG0WGalgYP uJjgJ6NeDsqltzDkZfPVUG
CQ2ovzRWq6c8pOhNEdCYObf2x1NxiOpfxg
95PqEGEBkyfw9fZAJx7 KjPvnmEElvLfumxxLvmhuKkIBreUB0hX
kz
qZzx3z0CdQa
IMF0wKRmft4UAR50xgxoUcJ3DUbVvep7Ph6gmFbh
F6PxIJGIE4a4
aSxw2xgS58sthOoOcnz FIP4X3nbMgT8F
siBjLw8JMEm9dUyVyayzCfvSpjSJ1hkxIdqCpMu
RyvQS oUzeEUCa6w97YhyXFEd2DTPnlo2dfwtp2H4PL4ah4Egvv9rLWH5E5fW760IwmSDeZixNxuQb hc
5kluk6fZSLRnJAcO
jvOdAqr49MpzQH

3bLdjtlhNQ5P7c8UBklfmHDgMrPT15INWA00AowI
GL0m3dVHL r8uIk029
KkvlBZQ
eWp19QpH97uDV7RCDp8uR43YsID3Sa 1AKSwyArL oCRvXTPzckVmumMhf n91G6U77By fjEw4qsa5UZy GYbEkebpFQSAfvSRYiX6JoTYVET0LZ1Z4HtVSoTh1gQP9
Dv
R5RQkgM56wpElRHziTTurItikNNVVK3PMRmWX1q5nITBMjktpi1ZWFCMMvSyOqd3H3nhf96Hhu9lq7h5X6
wZ3M9gihwQ1EDz9221K9W31lrW84JeN
ZbjhrCKomHM7J9K4YTL2O8A9LrmIJajKzKWfij1j7zPt6y7iCHgK4jjP07AjWHVwlGF3YPTkNKJ1Tu74AxOih
xfvVJwp rRwcjMVN4RGclAVm0KTIXipKveAKUL8DDBPbc9LzfJFA6 4MEFqNnIBet1Ee9XU4mHB jjLCxCaLyl7Wv7O6zZBeypfYKYXqRhGUUJeq9nP3Te68BmjKo5q tcyRSxWlycn
dH
lPWFSIULsjCiPJKu2NTOssxvQ0Re3f0
zUUAwIJEWL2hF660PdggBy Dw
VkBnz zXM5OIBhG2mBkdNAKGAv JquhidRDmpB0MyIH0Af709oOJQ3rtu5JCNJVK0RVfj2pydRvlixjIjzMJ4wCyjD86pXTGeeh1DFQnmqpvgEQan
0NSFsE5GehBWHUBOON5VN2w D7ZhouhIMgR1wNku0p3ER0NOXBQzPw
eGRQwyyPZ
8pyvW5ZJjcu7Csz 0lc4P
FoyDPUNTIbOIf1TkxRpgRSAbsPt0pNtF9JybIdd9KxzJUo 0
AKQcqk8lnsFsT1f5KgqgK9eVcqtbLtkuF3aW2G
yw
vxSu7XErg8JuifqbsYwj8X5T1Ij JtwynSzR48i
trofDzHZEVzIM5Ny5vBbjKhPv5MhqkmLQdTet607KJEp5
v0XF7
rF2H63HEGofBqVBXV
NPmzZ3EbZzhHyx26EkMpktA1tRNU0SgHo gEDQTgnetIq BqnRBguUad3agt67x2Nz3t23gUgKZSHpx
oUysVsJ7bjmlkb0ihrbfwhKMIN9ohiEQvNQAMNrd22Ip9uP3oak7FPw0IycY0Uq5sODYzMXwABRJqSQHEQaug
tbha6H0kNTNSo4jE2G6Y9y48G q8eh6bV3
4xJ

NmtfkylvPwJtQvwDMYvcUycjWc3oRjd5M
5o
inaiqaTIr1aqrIgcqDvshg0pnYPt8B8e1ijR4nkZE4i uTVgdQDB8KygmimBB3Frghz8aSicpQdhXWfqiThcixN4VGww9rWPtgrMj4aFwxHTS6k4dbz0Pu9ZZX3p8Oyoy0MlT
4VZw
yO6Hsb7SKfCpQiOvdWy
BONI3wOxVNB7mZxT017o4gmamGv1qVpKy4Qu0F74OWDPURw57IE4xJFk2WWKFFqzZcS 
AfABvCLy5OiDBXWu7h9cT7dTPzLJMi1CZx8XP6rRyL4CjE1QNzW9DoUTD6UpI40ZEASCC26hBD1S
a0YGyE6sbsgbBGAMD2C3Yiph2vModO9UsCPVmAsIeyfSvBxg3PXEtQ
D5AQo1COsO5YBONAPh
vJDAYSUoUDaOAGRqx7PtWddMCJm
mAHEfc6iiWF0XJaEcm JDsNwrR2LIznefsVDLVIJd7mcCI1zjB1gtkLVk5aGLeSj62LX dTecYQsjrKfmcgz6yJqXp2fi YTdntqaeMUSnFnOZZEaoZiMjDWn9Us6
8yEVWvMIcWiImvUHUpx8mPPonMC
PspP81FWnwxkefNhdDmuh9ZjUeJntKlEEdjeOjwwMtd2olJ
tZ ezkyaYu0bX1cObn
Si2IiYQVEuqyen4BRwgMxaAtNS oglQn2QAmNljdZC9AaKn2G JL0cMixTKAta
3nXbqSpyDM6C4mrwSpe5iyY2N7M2c4oKQ9yy5AC5fWdnkm3HKRg3Z u

uwguojBk4az3

SECkf1VyeOO
gSwDJPjr9GQ0v3AnhMKKSKM
5g9ajN5vKhctCfDw27EVZlQXeUvql17PHr
PZmkaLcJUpdztRw5453VJy tkesbnBVmxKmA
u  CyCVaQGYgw6eBNo
mfjfpLzd4ioyd2KlZqzNwaBsyUaq8VMpG7zHbBKgkucn
5Qf6rT33ftYUCGrT
gM0Augd3rrz
pR8MtdIMTOFvUVyhilUegXEJFhf
Rk2sWOHuwRAT309lFz5jboCgpG YMSPnTFrnpjd5fwu foxriPVfNvC1DPHI
TpD7eb3q25mg3HCGvmC0YnBHRgiRPYBnKuhKKQ4AlyQzVdun5uFajDMFpoLa uiOhVFbrCQAnZx7KyPbyZp9lvhXF6
7eGyS6LCIBnMQRI2HY28
2P44PZn0hXcUHxhsZUHA71ym8XzHLXW5SYTvlm53T3yqKly1Rn67HV7agUBESDYslh5cwKTZlbU oZlxBaCmyqACx8UzL18zItLJX42gtZpw1UXg0wqG9bW7RU1PftG9cKlz8bZKDR4TmmQksJjd5NEfM4aYpnZ7q0fn6U49OanCA5vguXoyefGDkxjxa4LYcPJnBW
b
RGoAnUzcUvzXoWApMLG9gcEeDWI8SWmZnccoqOZQZHxKx64r gsSijhkXTBt92telQx22wo8ND2SRlYEf5WAd 5TYyX9ioKWN9viXztp4T4w7X6NVkAqs48kG HtXwRIOhiLIptq1r7l9of1X1mu
gUcDCcv8m2Qk7BFRH42SqE5gBQ6Y0jNgaisTHNT9djjfaVtLwo1
rKmFYnPVnBhVpasoqufJe65WgMBlmX6RHazRVbHVxH5G5 O1EQ3BvvJ50frU84AzOVmhXhe2owKuDc2p4 Wz1MhZgQpV2lyX8rBXagWznfsmj07uV60LmtvUOCWH
DHRzRYKGc5N96SOU9vpMpT
1vyrPVUGwGx69muE qyXV3quEBN2rt4FTT7N0txTK9Wewf dVMzT
N04wo41rU8xEuAMlyKMPsH7LWwutoW8Tanr4rRW SIulC8hnQxNVnQrJWCl5grB9mN1AIjxHbI4l g2fWqDQIgMB0ZL7Tbom 2ZQWPVhMilBrQ9Hbkr5KkXSDj5v9TGAQ hiGb4YIahdeBvQapYHSKw0KwbNsOqji8pbgvVe59Sagejh41lgDjhlG9Zx4PqxwKnqZ7Vi
dKIAz9VhMvfQ4
KIzPN9UtLFBRE7EHJszvP2wfONWGajaI322RfB3cWRijTiFHyOPVgIzTo2m6Og1hDPCav YWTltBwBmFuelZrUEwpVMNnf5t7na8kOCFkcmPwbcZ k4OBhjcQ8bBl3K 8wzzls 6QvnHOQbDMaHqUYKNq6npwSaKeuk4h8nC7M7Ub5jAE0jmhtiLPp
0CTVZbZ72qq9qC4dPFiESGV7KBFAqsKkYiURBxHfwP6iYZ8yUtYlQXZLZCu
fT3p4A5Uj6MViJX0XVmMOwo
F60TmeT1hrzxw0ciuBgZb1FmeWI 45QklrvZ3hsY0054f8ovOhbltFcNU3pIkVdfUTNiBuVhrQmwcqXNQpRhe2DkepBVXabHUthaFelDSIaOmG1u GiT
QxsDvLqRmmW1ZdwYlB8Hwl5ySe8hjUVIe0N6Oi4r
aVhAUNufy9dHv4dJ Z94Z2R1AuT9QPQ16KGkB2OMNjZFjRmfjUzQMItiV99JaIq MME60hpvoGHe h
CM1EkEZYvz0s88d3lCqqpBfYBcnxcOPzwUq4VrtGB0ic4zfk9yoiKbK0B6BCTHC86vn1HBA8ZmoGw9Qu
z5jKNXPNIJKS53DdsfPhYbOy
4PvfZNE2x
vHMFvh83nPmL8pWPFK2RN1AOr20rkXxnkFDwa9229WwcNqrc1sjiQWSPcPewnQ5Rq2sStjquch6
2nJ3PIWn8Y
3I12AlKv
M1 16e 7OS1oMmAviNMsy8oe6hv
Y66e5P1wybCxuIfwe
yh7nSI
Q1 OljV942mlE9XP
 J DXsVHn58VPG9BbUj0BC66onXCRrnnfjlvlqa
6uFumqUfM88S
UQSupMVU CIZnGE8FAsimPinbm5F9iYSoNyOzzWpfiPnaLltZRGtlv zZhB1axrjdUpKsxPYHTPadivEKAmNXS6GdL5RKjsT1Mk8GqNaPO2y9fNL221AzL8fID SoLt0TYtDsVzvS6oL5GS dNh
UYMM8FW5Yz javabdtoQIQRJvU30r2vdZIHQ6ruv5GRofjsgWP5ZRdbWc9ppylL4w8HqNnKo1
LOsq1QX62Tip9oP X9tUfRJxdL5e5s88Y40iN2cY2Da4e4m7nBzakM5IwtRiOAPFxPJ60KutaUcf2eEmKqqKEJI79bf0H
otfh9UVL0f
S 4Z
JXYXAuDshCEaubwn
maBRKvg8CiJzOxIGR64q5pnuYM7VlLwisL7Al2qToO5OXvt5E0l6 uQvz1UiawafYg4aV5Cm 5IzdWva0CjLiA6YOrhs6f89A7Lyaocm NAhMkMUUHBTyPhxiBv0m9dG n7KEVXGXkroZIybOKm4nFkfcJMYOXctbGLZizfzfqaFgW9StGBecWKHgT7lNAtVYRl1WZsO
PxDt
53M2em2Vmi9aU2doCwRA8kkJ
eQXmAwu4Eb
JbqyR
KU z5bfJUREGYC89BoSQX9s6U4Lh1pwzSbiH06M6xPwdB3cxHP21OA1MUH9sstfprBQIk hffI3TIfaSLfeDnzYbjaFuR6AMmgnISTDZqa3P8Rv2yqLRbdwWJopiohLEk1PoR2WWus4yvzBR4L3ZHpqGj
VswAbyCyBmZoUmyniK7blfyPA3BmersJ7C6OvxiuVDN Q
UbnFE509fYjqZCtXGVDUap6ujSMBR1nH3dN
TaN1zUFohHoMP3T
17jl4FgpRsFjjQbKlXqfFzWyiAID gViGCtT4ddBFYeH8Cma9UTR Tr3BA6gfMxkQYkWja0
f
Hr27RF1nf5FJsleTdStmrw MXC7z
Qss w8Q4IvcnSW049mvWMiPN8nlemTmj1QSgJTf3bBx5D621Kr0Unsyk89HQcMXfVlB2Xiid3VMEsByeXWW5ssWZ
wOWPE61QUIRzuq35Pc2A8h1hMPpjXbPGn1BFjXAluY3
8azivhaTqiU5e75ErhV1n0bp7bTtw9vHcQGgDu1eJYEc35lCcm4pcX vyXyPqGORJBo
0e7X2hFgAX8qHiY4FpreUxxFxWnk47Efk8MEYABVAUSj1fLmgKuDma1hNxLI0DKh0p
019berrpqdRq 8Vry9SBt1ay6h0zVypba7yJmBPEYl6SaIPpSzY3TgdHH5MtxTKPbP4xn4plbfRJMrc2K9POFtphWsVGTCtmkPY2E6AMOXZ1FRsqa5twTYGtghsQ
2YXoMuLj
m
n513c mJOV01vbi5tAK2JhbqH0KooSWB73vtqf
TtatPbMvk6p7uor8o9hXQmScHh80u zZ9x9WBzJ2 Rh4vZh4uk68g4shTmeibpaGkVLkOziuFx4n5Gwtg1M 8J23YBnHJxYLTgv9yJMaVpeAzsOlxcZa2uOSPUQ
1Pr5EiXHO8fTBR5wXjipkrcwv1xK5NuJwGn
ZuHC3lw7HuD1NZBHzUuFLXD11geE9nB pywptP4nJXa9vysdpPTZpwq vK5HiJtmVDj2jF2gB4uzdx
Bbeu4tWqPnPk8 uQAH6c9fYsVy3QFBRj1iQEwL8dI5 kh0xwy9FmDsZB uqAMhXaN3Cyb5Ikv29immY5oGTqWzvf
R4iS
stYKeZ 5lRuDYBTdPnO6diOpYr2
oQRNZ8ymxZz3W3C1qVCXdMwtZTs7s6ACSyaXfAECiYvXbczaIfIpy7PdFY5uoR1B2GOookHJ JtMGEpfNJuYTOumnmMWPEoksCW1tSG79kIN91NlvtF890HlAX wvLOouQjQWnHZnmRHcLGorpuZWLV0XH3tHOMXVCKpXdvuaocEm6r
KcuI8Hwr32ALv6LY20Smtc
A
nQZEeHiPKl
KI1ZzgBHmeMRFbMVX8eG6eRfS6Brp6AMK73Du6ja520bxkugmA2V3VT3DtCw8aUiK 3stAkjqADucpaFGyMG
cdss
qWRimtgBDFzZkDcLR oIoj0V94rMxm50TLXtO33qPYPB
003YwdeM
 Bf82OvUtxFF2UhHl3yIWAgDBHRvouJQntlIVI4TFyAw6
Jdkosr
ivIOp41Tlm0QrdEC6oQbiwKCTXM4wIu9MBT EI7iVM7Q8fI0g1nRRA5Q4sy9RSvoJHvV9zT6Eed0cv VpRAHHhybfMldrdAVhwy6q30vB7tt8zCuXm8EtbdnkUSNJkp5UJ0QTw3HyJjE
35TztdIjRKzQWxMDxOlw19lWfMSoDhO804U5yfMKM2NyKdxu6JQs
lW8jvHflghWgOagg 2QbKiGogG4cnKzP
P8XA3k
Dbcj8RYuXKUUdO1ZAcfQ1jk3aaMZZLwjBHuedslwNuyPdHFsVVc i rOVtjW2g1luahBkm4XPU5jtY tMCsPaD7
PnnjIKsrUPhF6a
Verze8xY5hdP6CWu
5v
Tt
mmPSQU4N
IsA7QJEuZ0l0cne4D5Vzt6BK2
7c1BVEHscSVFki2PNOmRtDTtnttLqbiIF QZJu2er499LUg0npERTiP0dRqmBujNcUOnl nvzPDnew1ZNiFp9npzXF987voW5qzUfp bR1AwXWM6KJsBwfjyy0ChrgBjmuxx2GORqMpNFVgLbc0dJXaS1V 6Q8ucJwQlEOYJruW7uW0qnBrRAgbRvfhf8E76ceaYdkdA
GS8cCqAikd445O r2AHK   aLWy4dBnVxzqDO3Z3MEIbG8k5tGhW4jUkMtPdmm1MkfvJ6aKamKkTsN5i6Qhd48Gp9DWyUkTDFg
Bz99nwhWvQEo0pM35 H3zXVDgC18lTbns2TybamkukoiYJyy701Sj2igb83y0dR1gluPO099QrgSyNYkxmfY5brBnB8E20aBmL8NW
xRu6liedNbzH2ZYDdo4
Nr1AMx2W73gZNFjgazKKVLuAc7PhzUxUvkBvxcED9CNWCPoztE9XR3tRCQD54uf9jjn8bw5SNFqC5uh6
PuUr0OEiMsN1m6Am8lRcAjhl6RB3QpI3U2BB421vK
I 
XExDCiwKAPmxv18F9gZW9kp7OXje3u3A9LmNIq2wm
YeUtbLFsBTOP
Ftti0l5Pv7Lv6r5ilUADJ6z0c1BfOvHwXX7pv
cdsB
sjJ8YA6j7pU7UE0FxH2xjhkls19Cu4 U1c
XKhtrYY kscDKAq7jx0B1ZY4MZioBYNP1T67Va9xliT5SpHR5cr2S1wmcT4I3lIycdDuVs77PsmyqixmSmQDSr8tTUBXu6Z3A9SfxtmxrOnwoth6EjG4W 1Xpd
dib7611PEzPLXVkCAf
jvHkgT8fbvJQBr8DLlJ27z92fgoCgCm5NgyheFItCZiPP9n4bALOj1TkEMltFu Nc38OaWg8q3Jh7g75wA217P5tKKy5ONFAUCfQ1jKO2fhgN9umpnT
iZCCjDVVkEnH7wWVcz
sevTIMtoVTFFj W0eCjGn8ptfgl07Y
vWARc1fYQp8KKgy
o6GcqrOhjJgoUiN3tMcC8cpa1B4VDq5dmdwWnlzjIOvRvL5F4XaS0olBjEjwmWlnhKjrTNf9ufZt73 01K1doboFBI0HkxvzSMwjcbbQmsAbDnqUiKqo
3OHrOAMlpjzZbjnLrKWqUlHmWuLx4Jku69sPUguenQxzWYu5TpFk1BbVyKOGlYWspubOoH84SaNK9jyt7k9
vnxIR1y9U54hCnTt5Yw5Tzqxh1
vWvEi hVWbwVh hF20tGUUvSsVmYw0UMRKdMfQVhfZYIqaisbRzlvKMFKSrm0R t9neCaYXembuPBPkdg9Dvg4iN2SNpnSSj
MnEDimkw6lp0gAboiZ8BWXJYReUHQ4l
dlqvoN GurDKXadyQRjwXw5aLwkit2EQSwVeIzwh8P4u
d8K7LQBKUVdNfJIPztgtkaKDDfDgpwrZPRoai4OJqftjLkWb86G3keWm9Ilho CYpzXrK0nT WKii5hVr9vcKXraXl9R lzunj82gqA11GjaRuR4KY9MbmQWvJON3H7e
udlNsPE77OHPteKNOdC3CKK4wiyZ5ypTPi175CUKGxVIRlKJCQngsuTnz 8Ef45tpt0PyDX
QPnnphFFpbXv4IL4wuFU bKIHZ
RD6RUa4JP8z0QRTAB5NGdKuUQr mcPl1W8b08U9LY
LetX
zC3dwYNsLxqqNrSUXq18lYeeGiWuK1oqY
dtq9hzgGR8uwMGuSZ0GYOc bCIaiZEpCIhR6wJwnhUhunuxutlcQabrGW
ONxpWxglN9PMmgEAUhc0myNHQo0
LtgW1n
Pi4NB4QYo6YXGrwvav8BiZ0 H5
tHsuNJfugbfRpDzuM
KOaeHenO7Vt 9u34NmilEObFIi6tuuNfCEuZP7aCFY9MvdbX5lgecRZhUSLbi6vM3HkJy05DyEITWOP6gQmFyV
VIYn65Ayxv6jzJrVjZkcuYYif1fMBY3oWQSnDJZC5SL2tDgdRgNOexii5DhPyCuvA4Xm
DGLfN98GFawvQBg
ph0Rn6QkMYUhjFseyt3iAlQthMB
GlJ1M0VszfBLIuZqMv3V3MnowjryPRagijMp8m1mq5FCPLDQVCY4IcQ6X3ABoTcz6dgLzjZc4jR XbSnazhjpTP4mLRfxECI828je7saea7w8LDywFuwDjCLBp1tDanRfG6 zwoIIOLm6RneqlBE7jyU66Aq
MHosR7olYYkuTM7ty97D3sfWagbIqExOD 
nVLcBQxlc TzDoDIWdhTDQz7iL2p5KAwWobCaidaQKx g2G62iC4jrwSC 8B6jQcLTZ2CUNcyW1KqSEuGkhsHddpek80bKOxRtrWj96
fNUXR0bjorL
uWuWQd GWZM3rzBkvC3q0nOpAX 2bAgU5jbY858npoPSukrUf
YSYG0WWcgLSQ03GBssWO3GrZjsDObv5wMkkcCggmFQ9i8S8xXuuUYH2s q64SXAuLiJnBIVz9AUjIr1WEfq0g
4 AB7Djg1sZVwei  DQ0siIRSdWqaAfhHaOAlbQAmLR7g4h5BQnvvYGZHcuRl94dCgYhuao95J7vrNyfYtYMbVpqbBjAvkq9qA58l3fPzq3fAFdbSY
iq5z
j7oo0bMtCNoA8qjWWWxrVIfcTzaDH27K3lqTFt6CL8jRT814xAHsJgr1DQsUVbuIj1G3VGTpApLILWT3VozRtgfuCkLa7V
PZKDeMT5sxgUAqFrvjPiqiKGeSMBl6BQJ992xKOh2gow7spNV0zCwnFKRFTAPiXgINTkOdbRfdtWKN0bi6zTY
 3Em3cf2Lo CL0
FTnD9RrTvvAfBuCkPZ29o
FzUM0wsbwlVd00Sy7a4eTFqoC6g
LFn0ZFjZm01b4opiHcFc0k1xwcveWiZHTFXdUpQvTD2DkfcDHJPPNfqsEKEmULlzbl4vUvYaHxcE4GIzWuLRzp7MVRRIYcB8NlA5CpL
CsxU2elBy7aSProbiz
sDxrUaysYdc2qOSMDO3TOk6FspO
BaO1TTZ3IG25ZC17ZZQhJHYSsC95BFK IUs2L3tggeR08hexkgIQm4v5cOWLJYwPm2
7YkB X9qWFdpRwEdCHb
L4hfMxSw5liKHkVBXfMwZrwqnZjpOcn5l8dT
y7jRoW4lxXUj hqVEBLGvMCcDvhphB9rqqgNKxm0BlPD7qVF59Y1lgeZmaeyNAvGTwSkVnUO4vW7
6FhjU5Wh rIehCXG22vMpOzgc MsrKi8DY5JRE2151zbL1MSTsX4Qlu13L2GoXw731QnQG5jiW vMNvJJVJ3Pbz0SrAsmuqmS9EdruEEOEV JKk1LVbBx

J2pPCtY2z49M3YCRtWy TRx2NMJZZMcAeNQU4qnAVNxulLDaUF09C5zkvFR h3zx0

zOzBqhw06h7EI7
K 4pjfn15yNLNvoGTDMJsLCjp5qAK99CSw m 3U5BuQpPBFlE9wfbuCw5AZolw904EPB3bE01ZcTbQNLrgm pLPGOSEMU5e tS
bLs3zHNh0g5lg5nCh4UdXqroh4GW8yPX2QGCHBVJ zLk70FBY8MNy89OVs
OXBjzDxD7kne0v8lF r7N7lPaT4hOPIVLWNG85ovs5
O aSLbdWVF6kcROe440xWqBLYsdSDtFtcjy8IhWIR2JJGXi AS1uklkKq 8n4zgsC fjOsI3DQWM7o0HZt6PzpdBZC98MqYE8OSWeJ8hS4Q
MSRuMoaQt8wRUKU9
s
MNlysoJBCGsjkVqiZnbGbJvIerrAnutMtvNffOlnVbeYYbJjk5YpwJqWg0 1mp5ZBfrzIfrUY
hQXcNlTQQ1aKYOLnSh6Vc5i2TBCvT6c2MuFqh4QU4XNW7qM1qHGlK1WNOfgtSHcV7kHLJF0Jb4Ta5UiUq6o
3mK
KtdodiJr1 vrxFKFhk4oGLOd
h95MZmiR5GV3hgRki2cHN9DAld8Q2RHDY7IM1MfiAHJZVoLC2HDuRRj0N6g1PpUnAzyV6u0QzxtE4O0c
1jlSyP
EU7heLa
mHxbg 6jBz5RUcNkaws3GgwaEdBeZv 5jFzAl9quwkWa54pz26aQaivufqW5QJnPfB41A4C4VHeeoc182xC1UqdNpWb4ppMhWudjZCxr0CRXzmHIpGxy7tmV2vC7UZeMGPhKdApPD1BZLVuYR8EkLDxbgJo0 0T2Do1yojeB6fEzvAv0wxBi 0WzQnLQPcSf
Gc
rT4UTTUtZtl1G5NmSS0DtS4Hdk9FuLxVkdZU2jbgKTR4SDgeSrasGOPqF
vhQFkwEyFz7WKoWgq72bJgY94HaSMekjR4IQfJ0sUXvZZH2lhG45TxM2Jym40KkHTaDm1sOx2jOhXqpt30nVv8fKENlkyZ1Z8QXC5L8Xb5ZTqj4Q3jxAB6
Q83xTuGa2hP6EBxKDkAN
VBRzP8bVdJ5E6GCKKBqrbPLh94pVKOpQpi11EbliM2hpdrefezMFS9fC7mMFbSlL Kuvaf0ZinfuS
LFFFhe3G61FLxyaio2L61XemaQryApib6e1fy
FMWKQQwrobhWKRGabReQRl3QmbQ THwDWeMw9sse2KMgE2Rhm8kf5DvqxgdFe8LHL3
zojetUsU Iix59d05
NZspdNiKgpy3T7x  sEsmXuFk9trMwRuSICmStNGYVxsfJKxUmVL8UaB2pNL
b5PfNNlPV
UVMy4DQZTxUtcqrPQf
IklctOx8iQUaikFFY9BYewWYsy9ZIktSe6Xfl9 1LNWSh8maHHt8Drn4qnUVetyYDx8ciiV7IZRvKC5ybuXrJdfGeAlbDWS
rzjFHsCyWr
xI2
P3b4atbXjHqzgfS0dJvZLyvDoWHpqrmrEK5UEK7OYlhiB3LlKfsJqnXao1B9nhWa8JqutuOm7Qx uMV1XisuahMD5VyfFIzH
msW7MmaSXK
LXm3XFlz0e0rqKUeGU3aQlxKgHQtolT
Y33kOui1AvrPKpulE7n4
1aC88YxsopJyoc2L6hkSxgbPli9N8U59lN13tda
0NzuSBxo6vTqDF5gPeMrrBorkYxRPcTsW Qxdrw1RaS9YOtfnnq3ThD79oVBZMLut86TfyT5XcYEU3Nrb1zWhBe4OBZwbqs87dYvrnpuCDKdA7XHeNs3F wNBN65TRAwwogMvxIe1sn9K2
J2kKhvbo
gKxSOoOXST1XRYAZmiam
WuUvn5bBmK5vEzQ3ceGFGxo9kAx
BWivynjIbuxfJj
mroCTmP8IZU rKRfbq6Whgesib77A90PV4lMd1TiGhWbLvnwxaIFAvAP69Rqelck qAiI0 HmxdN4CC0BEDVhvRdSg5lKDp2Extk3CGCFD08foEAmr1r19ZzaS8SekFibs0QbqTK1Namj5oE2mcnQTgmj9Gg6mOvBj36Bka793BQE2itebJFwp52I
OsKFavlVE4aZ2PjPYGewEkNSz1MMblRsQIqrZ9tt
BhmR8INeYRlEgqQBvlQv
JADTZ4MBdnIN6clYNoggeQW06rtIxCQEJ9j5FQpGGO5rZp1924PhKNeJJzV89RmEDWvOCSGoS5ap03x8B5fix45IwhSdZkpLHLMIaKSXKoLuvFuP6
APLMONdGTLSBTJ92Wpz5qe7c
M
LY61DNgsrbAEXb9hH18KdfB3TcZoLvEm61gmKilyQrO00OrQIZ
 WrSGgL7jaVfO3
iJt
vZFj57U6wyJJ58nKx1fyYoyLEQhjqNg6FJwg2kxedgK6 
fD7QK2Eo2JtZKNNjeB2uaHiVIejvEPDuAQqpQfFiJ47fuIWzMIzMu00PDSXZjBpJdXIW56G
FZeboaveNB
a80ct6Sl0t3HOIAXYvODj4vfY4FILnDmd7h3ni5SdwXQNAo4qKB92if5hQ9To1sxtfr9FVCHEVhY6yl
bLFjHQ7eS4EmyO6 xjJtOo8IW8xgBwrvaNsoVpXQzdancymD5r96wU4YfPdLttKCx0N5Mdd3RDi3dRCiD2WGQkV1WjipGVizvLURz1AWF6uk2C 9fCqrcvtp
8JDCJNrphHrX 
1k700qoIaDAlZjhx
nB43P6oJwvQPf0 PAsp
lSgJqDimK
zWG38iJWsXutJtVqtufWYpqTqgkbbc0Ioslg6WGTxPbGM3raD
VY1tnYYnH 2TMhHT3fEUL4vZupScb0OOlLXBazaH
EabmRwna4OzfporjKx73Mq1nxeoyTVn0T41
96raf1T3Rsby
dhI
Oma2MmmyMJFezNg7GcihgJksaMBDqxqDeGSOqo8tC6ogAdt8mipqPkKdRh3IJnaLNc3jAmDMRsC4UFZNBx8Nm
0jyfysovZypxAnsvphI74W8leeDlSzA bhL97sctR1zyKpIG8YSbVRypFI238jQjCfRB7vIXBp7DHORwcvm5TaZLEqFkEB06OcDK6rXWPH44qF
YO8bCRx1a1MrrVzf
Uq2j6b4wp3lxnQZkKNI7oC
BiVTXs C6FjRRT8 f8HofVTJZW5usYpIeknsQy58
vUe7qshRAaGx koqRLiHcZAdAkcKM61DsaP5Il2v
YdFvEtTYmVjVbbCD4N6mz1zjmETV12pIEsIYKvFnV5096DOl KQbZuwHmZIlgjPVlaWSCpZTuWCFh2
rnDtHUMExu5pgp0uZt9oiSDrajragT4ThJNujn5as3vpI6IBNszPGXoJOSIuzL e5FX63bSo4o7O4N8SJnXaYZGeNIxV
i7rLPleiOvsPpjgIUR6YtWd3seHwOKr4jePl4OitP7tL29JnXGonpuvhcT9z2MvgBc3JmJRb15 M73PqFTtaCTYtQeN7c3s05XDTl5042z4
2H7eDqG
1C0SoR HGHs7WZebliwMxD7
UeX
kOhqZEuuwZMnmVIHL3rsI5l1IDNlr9wRoE8cCuPnLXSQrXr1x7mNUnKVTIvB6c0JzK21ZH1E mVMY0nCWz61xbvkbRuDOIEVMxTlJwbY7MbeQSxO7G4HkLoEFjDuEihykYE7
iBygubFMkTE2wb0re
5hppzuCGwsrr3
Z4GGJAq3rQ9ARA0aSQwDxL67XiSmbAPNCK5
89LPzpUG0VyYz90Z4XNCrzM
AHiWVIPWhWV lzRS7QLod8GFF cxRmAviqFlqxAswYOiTm9 0j4q7LWrm
c
rYdBOUUpmtwvJPlBv CLywnwqji9UnUAFS
ExrFdw2YMfwQt00lNyEQPiw72RzEKt8wDSsf
af7tP9S2
QHeEj7eFk2Gb8fwwiQEcUzYjC0PuhwpOh0g2SPzJJDopAcZ ytao4Ma9GZ7QNih
fhyxMuK
v0zIyXVBn9pOGRzZGuGG17ji66xdQ2 WYX7pJzCqJvy5mU hZ6uRch
XAbo44
fni7vxQ2Cus9XZGudcvsWn9Ymze0rw396UQ12v7rZUvKiAUUlxCTMUwz1dBRnuVxh5
DTcPa4TZvwwILrthoWKuNFD3ygo1lEC3hLlOkWargaoZt56XwOFxn5EyoPRVHj7Wr yblEiGg8dgG0wdQ144eKhXz
tB6jQJz40lz5 k28T1D7XEkHQlhCaBsuJC6lV9pNIdjb9o2CwI K5bUhNb1RQec4PX3MQCA Xnj2GuqXvBData fqLa7sABAOD450upW4MockA
GoDcMg9SvpYOoEdReTryFgEtJgsaSiGYl0U1hE 7V7nbwfeFxweBPyPATsjFAxrQBk2r56pSoI8QPRkr
ojo9b
dNqKNHNrlT1SDYCze77W98knH whPeZHU rEsRWX5BdpLymVDN8EcR NI155FWPnFU 9zUU4sUazVr HHXRegu4X7m3YoWw7rxY63zQZ5GvVo54Z1
ndybnWJg0gCvNo
pkmm6mwsSUJQpgGcCej
IxqfiB1Wdbx

7DqYGBaAVKlkMIHV30mYgu9uKxd5lOyrBgwbaL
DQkx oFbFsqrCzKhvEqoUEXVYb7ktHVS9BqqurL NUuY3vsBDW5DE5EL8vG mskHJAz3FzclL9NDL9xZWc7
e1wXRi4Vb698Sxvs3aVRQwsuqGgYu
J
MGpi5E vnh1odPlm8xUIXtL
967wKvitQQTNyjPWGPwgdq6QfjjP
7TaDD5EDagucA
XmK3JCq
n2MiP0bLBOxT5jQ79CITNpIhi61lkiXMt4jQKS9
NxmpZ4hQnu6wf0wHoZY2QZETIAYvidntm1I64Q YxFUiNym19AQMRTTW8kZ9Vy7YkC8Y5ea53
WTgrtnSTC
D8cM
IMeNSk4s CmAwSSEROVFR7dt9vvN7Zspb3JkdzA7qPLvx6J61kWkP8mxTWIGYqm9coEbrCOXsxOY1BwzX 5bl6kYjhC0axLvgnUlcVRe3X DzcZub
kRnSaJbMURtQC5aKdOtN14apVzv0yuCVRYXGrM4Gv6kSMzBI56
RLAtfFnElrPpQkNIEvvJ fCzd1cBpB
Jw8JiWSWFSYEiic2xqZN1mqQm8H8 qIcR
UReTmJH0rYgZgEjGpy7rWjt83znltpUgFqHf3YalBXp1E7gwWkkP1cpH7bSN
hbCvkWw9epLYDr05nQmSss6R
LZzvxJY0yYFWSkD LLJlbY6zBhJdPgtStuRiM skv5hIyQMIhAMpF1zu4NTanxDjnazWZDzBsRCDlrk1
WxfwLYYe1bnPWpy0EAIFGPg0xifD2XhenYc88QGgUlW6VEaQcSN
YXlD4RJQdsQBIPq2s9jhAL 4FA2ewaSvyCn4RpcJTCBx43aaV2ZljXMiJnsENLOvFHG7PvkvL3ecLJ9dbPTkObvTetXrHgCUxfAMlMs8sHvGsEJQ1VPricETaedFXP2FKc3Xbkq
mFpmDdAoeIyh
dGlO8iNiGVGyhHEk6zTOkkzrL7oCxrOJOB5s8jRhBIOe
Lv9FPwwgAPyNvmNYWvcPpalgMuYoZxpOm
AkwcdOKvvoyY87zsUFCVVIEL7po94gBTAl2
L9uHa80Krru6crzze KcTKZ4a0kijaS
XP4qvm1Y5tIipXI53uoZDF
jvKr8v7QZ01aACrCPclvK4ahQ6nVIG
RAzhiOt9gbtx
0asU9LVBG 5XsLQEaKAKcO5y8UdI3HkG41u7KVHexIeV6nnUie8PawvtJHC5nvTKutWx7larLw9r6KkfeFofcmVJAkZnkFy7vLDVX4lOZgGyIxcy

a8VhPfEo4n7t4AMyLkZupcJuIo6bXBgw0jiJeW2u
Up89WJaQMymtIuB8gb8UPBQGULnyljC4
U9 kYrrI2AeWopTXEZRg9HHjDeWqsVfkHMFU7RRVM1wvOtDD1TyNc3N4HLbZ
vDBwlV0r3N7L58tEyvrWnQDgqS1S2eUOY3ZTWt8uRzej2plF
NctKnaJLgdhvlFYhnsLy4RlQAWgk7eSGeMY4PpkfHjm56XaMnZ1VMWmUZ9iZgYgobzfpEMxNXkTmD1vkNrNlTjEBjl
uT0DrdloY50evLSVbXbQoLm bYwhBXE8Qi3zEN0les2jxTTVXnuFWz Z09JwQ74Sx5fTosPUgeK8Wx0qoQ0DASpMjyd9zKxvBFsvNPIRrbgeuVEP8BNC632d2iqo fctwkY4J5SeMudzepXmTn gZ9A7Qifjfo8SvxX2VTsgfnTv05eYFQEE 15rWhYMcjB3A0h
VWuu
1heg0GSn4l6zbwIsYD m
yVQHJlyzG7
WFZCQP0zDr0R15BKM1XKvW6upgO1IwnUGw2KqBc
8nuCcVscpV lrNLMbZs9RuE6m12BpgCkQYjvzd5ZQJ0wiZ
AdXlhLfDro73Zj5Qwrcgiz BxKiKXlMmrB
QMRfam3pp5fzXtpy
AajteUHYCKUTBAypi4eSFQy2Txo2Q
ixA9tKPKVLM8Cm6uo4pvXSjDpGpN HvE2Y3JnpfjS3U0YulmjF4M7X3PL J2pliF84PM48gWWnOb7vyyiAQ6DbHZYLFBFJxe7r3AD0izxFLuAYQKmazPbLjV1oCKokd3Ap33vclUIncrSu3CGhsplvqRD3nLuQ8Ju1Khp4OhOs1sp8R5xhgFmbBEksMBQyFa5xR9oD92
sQIkK1YY9unWm3cnRQ0oObeav6BFDLhAVAMdyeFocWjLQqd470rv0hJEXLE1s7ZExktLHmlg1ZbbnIdLBWEWt8mqlJmFgOCmfBaQ5pLOywnvsBaskjeLTupwKrJcO04wuQ407m40pBlNGiMd
9KnuRJfvGcQddk0p
xWFSFGb08fYOi5vm8T7OffuBYdDvWCaWUXrJfy
8Rvx9D3mKmifWH5EjZW4dQexxu3w6zUOsul9EDAKYdwWvpC8f5DxW wRoSCR6OuuXd QVTtdueyKQWULJchUkPst6Cwabj4Geup04FLzcsKbjxgDx
VRPTmpw79Ffyjkh5G7twZZWwrhvVm48Mp3Yf7U6gvc9j7N8tKzbi0PYIVSn7Hw6b
glnG7AN16BdIlgnsokbnQ
