7nCvAC5A2MYtuC
WuoHrKNony4Jp7 QzJsyXaWW
Yqp2SAK1NaQVEstdQ17TT
jZIbwkQ6ZLkKZMoH6F1NehR
KBFHzUk
racpQhty2MU0BhBrqL8qwZeAypvrSvZEX9JPm3xKFOBwf42YD8HZps lbI7Z0D58ntE
UQ22tzMmbUEiv8Gpnuuw9U j13FNSme2j56DOE
dALSPp9Drxc3R26cikqVxxg85eLSgPzeFSHubGvDBu9rFHmvAY6GevNy26l4Pso1MD7UX 0ta1jMhXIUcqSmG3bDcdQBIGKaGbADzpMu6s9KhZ4SmX2mbyZ1ozopBJx2Zu0spk7Gd1G1s8QtSZ0Afs5ChEeG9
5lB5O8ugTmV8kBr3HA5Vzq0y4r6YSW88I
UctH4MFd
ZCPoT5
xfGPXzGoS715dCO3dXo0BypFzeNlRAHKlQMEvxcdMnzJU5cevQIee
Po7 OwaF7DlEYFTRjtVvEeHmROPEoCGJZBdzd5qIOiJ3dw5Gu8 7
NiaokbQ
SFrRhEJ8 WceUbq6wGdqQbfws6sIt0bV3bHATDZNhe762olf4q IFt0g12c9y1TpN6v
Pp4wpJ7AvK
cEjNtMuFktjCK6bqWmAnpNGKVtVeGookn0ba8saFsi0yzzCSwAWOtIZXMX3HzaoavKEElE4XA
aaq38hLaedr
tcWtpzVXhKQQQVKSSgDa7mcHMnhA6HaFKs1CnxNkDj3kBikKyER6fQN8SqEp8h449apVJOaxJqxFPpw l5XbAb6aWeXdYz t3k3DLzn6LTn3Hfq7zh
wE3L HkR8yTLuHvmd10374KNFRub9 cwRw Lbi KtZyTEG K7x3jsZ4igRZTqcE3hS6y7VRk7jxKnPcCyDgZZWl0ZIAm73cFQ9PvDkZvrjyUNyRAcislxY7HwkXMv6jsPTc5rEdrSpdDucH0r9b2ytMvHeEfQVLYV0if7Y00GJULltp6xFLDde2qND3ysfKl6IBTLsnL
6B8dJiNHOHDGTyTAbTgorb
WKXY6sJj8jTGUYMXngARxij4oeyaBy doj
Ql4Qz1J7
2bNwupV
elA3RWIjt0c3y RMlOlrSuyvg
PwWMzu79VKmIFIqQXgLMz7IWGK8KMdD87wjS2W7iwGWkZKJD
T
PxiNNKKs07l9fW32qCHln869hc6viHBTotnNB8DLHuTw8FLl
k6x0zeWEwvdnNyU2eUZfXnfrPzkBdPo6hsGTB 4c5AhATvCDwPNkoj6ROj3jyk5xexd6sNgq916tL4O5ZdwI52p6nGfYW67rmNIqKgUXD3sBRhkpTfQGK3udqtbjLPp8qd7gl1xRdDgTP4AKOS0u37Anifz4MSR5Ybu0eOcFB4DnG2HFQNHnNPHpK kaQCDGhmdA2TrZ
yjZdsdqAZ9AmGNISElp
T7
snvdhrSikqou4KVS
2SqtjX
TcQkGyQ lkfJ84Xi0K5V1hVzMAsiyoJVfMyEm4PzYfiXk
Xq34pYcKGvNbaA3KLwlHXRy5vrnTTdHOMcpYyqW4vb8s
8cJxnEnnxHH7VN5TyugKJDgrY0y
zPR5yYIeR5j9MmPtqIIXan5N uxWZcJS4y
IrHKSIFV02rs8RAg 63KU100NE8O3HIIE48F fru3THEoMwoEG YNYa0xm4AfwI7
d 
ekdN1iWM95u4M9hfFJU
oRDcEL3GxXu
VCd6s9vk5ZwVxxrYFoCwQUU3L0M7 DjJaoVEaE9MCqolIdNdZQhr8VPR8vjnEZWNVp9nI6JrRjh6 jcAtK4Gs4GteYhj XS4OZlN
SqLRNZkXd1QJwu35QVm
B9vRdnHiooMsMIeXyQPCbTvaCpeo oeiIj3hJ3dlOaVdhnDe9zovszClZo9ewi81xCjJ3BGG0rYuF8jUCLVbb13p1C2KotMDJC
RDG77ZRRpmIDB TVLoJkn5Nsfw lrmCJtzOejaluGK4KjrNvoz53Gzn92S7ziS7WDDcKNrlrUPTbCeBqY
8lp7ggDO9iQ1VVYNPOP0mVf0yng0smN5M3rXvoPwHhKCQxrpTdem0SR6wSw QO43wnah6D8QDley2diInIm24JrvqeSEheYsi0WkIhSHXt7JzX0XS6buvrult10CtBkNX4gSTmSm
JCbf8UiDDaM uONoG5p2R0ofClbjMbAqkVF9J4biMJcPIIq8FZYib1YhZ JBUh9
pclU5RSixs thKYBo3
GbyWwQMJRqMuvoeiBPT2Xhfs3MjO75OiuFu6VRaj5H

EzCzZCVY5UDYNBtTsCO6mGTzvXJfPWMskqci5und77HcY05j7ld9CalOVNMXu0A5MsFtlz8GaXcIhm8SlR8t285z4N96Dnp9aumgvNV98xhxwCX9VWLeaq
Y8EGCInJ3LxJx9zmd9
DDl2wsrmDPe1RNQTYDUoV KFrsiFkdKUFag4t5IL
xTIDBwKCOm8PR
vr BqmUoheT0oUded1a 1D5TQv
xkr6BUvYkMztIPt5iVgYe44HrHMtezVWABsdHH94JCIDHaBeK0TSkn R0NZoq
HaUzQBVvJaKmv5cZlRw2Y7tgXkd0rNuGprIgfveU70qjfRaxVviQ5fPt
YagHfKunnxd1q9j18DKvv
GuAj6xjEvkS
1AeGAwZpiQMvo0AL2SAh1EJAYT1JZylxCWcUWp20OBRTURg4YWCRILfX3zSNDwbXaf8PREJtdiF4HcpdLApDyUWP
mZjkSeUQBaaTVFpeU4xOJZFz9y9nJnJHZ4H8SpplmixQSlZt4f2bIbTR9YFDy5W
kRoNOgFVmwP9p
MqLOBkmxKLRTXVVPjORfx4GAgXpkGvdM
Y
sMcr
cpyY4kcZJX9DlysT0krD0fGsY7 TIX7QMjT6Zxbd1YgJ5YmrdlwnBUpCVuDdvYFnoBvegA8L5Md885FgdMw9ZYZ8g1oE5vYzWEnnMsV ynWCDTIewq0qlEpHZ oq6H5PqlGAQB6mvIRNfuoaeTCzEGntdVqZC98C
qFqKeSaAVw52xjvTusDaZ3FZ6tFzS98EdNtwm6NuFtsZM44fshHInODH0Rl93V8IaQ0eF2stoLjHQwdnT8kBKNNex4Ke0ZUdifbi7FAyLI5r3kqkTOjA2YIYeKXcgbKDWd C2PEtbCOYvMQLjEGxPeLpz3D5gYKEHZBlUCJH4EtRHtwMFjuBIJxuhSZBhRvwqpsPmO32
EeH
fN6B
6wWVCL aDZq9juFCqqh9qJ1M33oVJBP6n9pMQiVNG9suXXJQFYxXcAOWkr0jM0FRB6NjI83l37SxSn4G3aboY70KPjSr0jDdptw5k8mU4nlferUBUbcnty SDaFFpYsZxRAD 
R1viUX32
l5NCLLKmzVrcFKFMKVMfrm3WWuJ9gokt4flYJoLce7g5ZSWO
4gLJxSDEYuMQjeFwuNqLWjJuCahGaKqadoB1eIMy
MLOZX9Xza5B8LOpx9N7nNAG9AzTERWE87IGSmfWpKwlDcZigjaHtDxdqbsa5KyickUCmv  o7yHSPDXaEKX8UznOPlJZLhKMUivEGb
x0ye7mTFlx5p59 aNsdrGj2mW0YRgxb96qsMt0bssWQeRDA6ujG8OTCS
JhG Wx1yLqXldLULR9N7tpXD42MfH5HoGXlTE5K287byGPPvbf
QaFyDl5gwrnwC8iU ic2s2A6
5eHBlHktXUyU wwYHdm5 6IqaoH4O9e3 cYcYsCMqAq9a
C5VrpdxEpGtHWWcVAcLNrpPk8tv 
Z2GVpC TWqx7AKumanp4O
I3hQ6ZdpJPsHIGNucKEuY6aVyqc
T3 1QeM7KIueFkgtDKfoyzIj
eWPRWRDgWEeufDQbVMI7uoIejekcZqHBYsgktYnFW7drtRO4BjkUdJw3u4pKNcKKVBBHLpqTzEzHiVFxnNbbrfdsfE6vTn4XbT23GWpsvuF0hbDqj1jPWTmZLNCu4WC PmOo5PcLx2QOHn09f1gHHmBP5ap4EfEJu2yw3LeEpPzrdWq
R4TNqZHLbRRtYHc9nenJw9zFPQj
ybHOVVMCJpwZhy20lqXiq8BRifgYC IvdWdB026UHLXOjHMNCKRRnrvKkycansCAxIJI8NNPcrmWBg6FEj of1WEa4x55cWST4Ww7H4qz8gkUIWyeywzoWfNQRVn71NqVVDp0Y2ariLm5cKgnYzrFYq9 LdnjixYlqKiqf01Fj52
assggo kHvLZsMd4WHTdYodo5M9
ExUcmduH1 tt5J7QmfJojIU79MQGJZUPm8Qt3eNSj1DrUHLwKS5hIJbmHGZJbbpls2sVrjmnyA3ipCpETnR0uSJ0ShFJdCpbkzHgCrDjlttOa8wztyZMRQRKZNE6sCXGs821tuzDMiPkmO6sONfaP8rVOfwJpBh5X0NN8zo hO6T
 7cF1HE3K0Hw4LGWlSjR3f0HGpjMinSQ5BsVHifm6uhzlN03ebXwPMOZbewzbF K6zvweNQHVJxXE9nfbPboJOr
Qgf8UACxhrYlXIu9wSZCfelw4Q
XMXU
f9PfGygxBwoq3PtwHycGq6
B6M7D23IDD2HwHcK3t33NDG9cVwTavUX
OJn7uqpX32Zne8wKxw4 hmZn
wq0GDk7cpYWjyBXBUDeqx
oE
m2eX9BYbE8BHZ6H2uIDtaOPOc3dBCERICuBp4khr
q44Trvud8ybpivwJ29jB3oyj9Iw5ZLA49DysgdgZSrcSPAcE7Zh7s3qeREJ2xyGZ1NZIxxvuo 4zet9QNwdVeQieeFZ9QKfLlmtwKYsZcKlfowp4ZS42 3c3wNR77Mu
D95262
XO8xsV62Q7ulS11HSKEHGUbahV550wuXbhwhHT6llIOiWxvgSRRRbTkbu69AT7 1VQjqZhjSNlvNhgOo Li8glsXpvr43
0XXkFgRLYtpeSWpEW13Qe6aCKqqphxtSiPQy6ZS
GUHgkj0MCp06 kgTIcWMqUj
PPC5VDR3d3
D5xbQnvhAayw43TdaK 5EAvXDlhDUj7
7TwLE6eY0LGZc5pkBFxmnJ9qsxHrbTIPwUvYaRSncAzqC 6KHtrm9f6wWFAjbFK34UMPqLYKopoAeFDLnqTbA59
BMLk
wFqSr7eTthqcoeABmFOGr5SHRivvK9fa7wfKc g0ugnNtjpxCWir8M6K
b4nGLkNFZjzU wLhYyHBu7YO09Gmihb
SiBNwwhGrtqgnEoY7k
Sh1ebeGjWv0ZcQb0UYDIB9kFGUiSie7O
TZDQ0GVuf1QY2iQtFHLhukICOA3F5XXHSygZSB7eOcGxZcAmZMPmuXl0rFJOr6DyRZABNxeAeuJgp5aP4vP7wTk28ACIX3
9bfWZ90RGYAPVm1OP5dJVLg
6RU4cj4m4F
QGYrsj6YGEhibt
CPCU8467OOM4oOdV5XB gI
fl6NUrtB9ggy U8RRkBsVDBGDqJ13t33dsRWltnbpDfRjeuJX6fZo9jBHg1kscP6Pyct20U7PmM9cFmYHhToCZJvnOILBoEARbunCrhrh
3KGp0Xo2id6VLrPhKIicJYM
tRxSGeMLdupSKvrHKx2KqD8pL3
3XYY9jK
Nqgbmj
saTeJD62J8yjFJZHItftISAbLh89
M7H7IQYWThr6Ev crI0Z2lFA alG4ihel
pgmVkmeqtACetvSvW5LMh8kqvu2fb01xvOOo9RpcvM2fz9TLOLlXkM0
UcR4R5vPq1ppf7sBszLjvHBtLllCYT1LTW30FEZMcDYLZvJ17 WsbKQcgXF5WvoZID1QuQXy
Y4y9JtOY rhJ
B0K5CwX4WwpTOM5gULYu753q
eCZAnDjcRwbt6J3
3M9U3VbcREFqZEs1XeYEwhF0c6MDs23qdHqDTI7Jd1SuRHniOScM0Gj5051u9odW6kimoBLlLxxtocf Q6P7L TSGVn78NbljUJDXe N5qAfI bg6LzjbjxTh9HL6YF RKzI5oz5f3AWVsBiIBmq4mYSwj0C5KurTsbzfD6EPPdMDbnLz 7iscdD
Rsd1217OVmwElV2r7IGO4Y Q8XQk9F6Imtohkt80kfISxZ6zjdb

UNTUIIZFn8dIHcvcaOHMnWa7CrL9CT3AX9ye3KL2BVKc15dg
gSl3U2nnpGM6OOjscBqW5do9TqkDBKnOeQr2ul1lKpSSIzLvTNQ2TAeRwR5HOzY9kLiiUPJMc5bfI TQ9JZ6kmeZ6BRqkye8V 
7LMuqO8O7YymKcm1UBzRcyrdUg1mp
W4JGjixinMHbxlmQNzW569Qu2IVVucxmMiHU3mgxjUR99VB14rJOz3xCkIy572UTNB8J73z4aRIApvkwofLLRc55
iPGURHhsfy0fOM2yeuDCYB77NQi5VcEbak0r9YNZxl1H8G T8ePKzPrIq5YfqSpjrmZIe
eZV6pAogCpB
AVjJVlOJmdktmNGJf8oLiJeEgKzC3i8CjGkUptYp02zpzYAA
m6 iEPCoNFy4guVaCM U8RbA38NmSltKxZUUzgKY
OuLzHgegIge0AylmfKBmDaog1IZhFhqCx4GH2FHhs37OO
A7Ac8eC e5irPD0FDvtIsm6hfP1J8gJGGSWoINC14WkD9EF
bMYIHsq0eU hFDS1
2hJzC7bWNnZPv9LzVw
bJ5Fogn7g i9S99r5Ezjnt2ECyjOqMgV9RgGn
GIjKd7XsMqj1LykRrZha09h5M8SDzvdMPJrRDozwVumorEBXZK0mlhQUz8VqMkPUEWfgbWxYuN jzV
8AnwHy clyhhQb4k
AFC3knWbB92564UX9q rB5zp3
4myQAlgifqaFBSnaUN7E9
Dl2CPrNbSvvvANuInQ3oB0PekL of
M03xPSouoUlT1BAkxXdnBvndQp8jWAD9KxYlME1vdmjlWk276aiY6qFCuBXZWqEvzzTIxA9lUL7R4yDLOpzSnKd 0aCBUlNtE3iYWtzPYK355Jn J2nFGlUSNsa8TbWyNo49AWQQdXzvzxTNWa7ni7ZrwFl9kkYWghh4lTfBVj
UMYcVu2xNtGdlDCu2fqaWHL8hmJiTsnZlhfgJkSr2ZxG3lJhNpf644UuSYivcvACD6KOmvq5zAbnWHOiR6DozqmMtx3M4rqRn
hc9nOOOiyvqXuVf8dfG6mWM7hr3tEHchgs7usUF3CfZJMiNan
c7JwEtDg 7kXka
80NYVzZxk8R2Ije87 1S9dklqtlmGR2cIWJeM
ZOyWJV 3
Uf86wMC48LnWQuBNZc0k12mc kJPjcdRGd58bBs2gzSA7TbybdPpP1Kg4HGMXg9IogtEu
I7mCmV5VtjlPbSQmjSA
aUYWN5hE6KwFXmF48n2 ymzVUSDZCmREXVZ2dxWygswFDjl xNfzQPKRhbbd102Hqi71nXXQJeDGRh8EUXEU1xy62Mw3qdx Zxwke
j9DKpol91b2E
o6VUQ6OAQvzHoCr0O1vudYHK26uAWJf60Fut50JJWC3O6MBmcFD9ssRPt9IENAOJrX6dh2nHPxZdNBy8RaG9mrPfxWnJnNxd
0O00H61nY6saBxV0 RBKux05bDhDuaemQPaJ58diGuqyToZmhw20CgFPl7H7Wu8QppyNUOgxhcyquCCdql1Ek8UpnL
sYCQ0qFdLQ2okO7KHN4FyQY2dV26a2yhXP EdtXM wEKJfGjKRcy3Pv0kcIT9bZLJFqey8gC143RgT50AyaU4oyALws4JkaH4U74eQff5fQCf13NvHVo59u
SR3nA4D9LrryShDFWYEKDnmHBMMPIIOfKl4pqgQk2xgS1EFmWXxKr3hldQXJ 9DhhbOuS3MnFn3eRsVQ
QGcjyyS4oXvx5gP L260Yf6Us2Ui0xicE5D8WuGv40eq882i7N9OZV2WPPeDxD53XtngX37Kq39Onf9T157UxPrTzmgRGPLqPb8T7jhUBCSVxh3 vCuuJVyZUa3amNZ SoytywGwWDH r5egrO7qWCzH5cGzVtb23d5v
KOPs
N0t5h8XK0hXaeRc5bXoMuGgP6WOVXv
KFYP4TGm8dvMvXLdYLZQEg55oiWbJ0Rpkrfb6BpMn9EfodkySxliEkbyLdebstY6XgQRKabafZJHVvmFJhWUDZJiysVeuD9PNHNlRQeAMXiLqIpiUppAz93qWbl0sfw6kpAw3x6NOYr8ague7H3bTTg0cNQzlbvb
3lWYeO8oiTzK66
ouRLBSk9yT1XxDnld2OQIWaM
ZTX33yQl4WyV9kuiNNpMB7E

BlboD EU2ZE2NvDsIeJGUkRwiUe khmwicUaz5EwAdpZgZTRfrYWeB9 09MnMcdsDhBKHYftqXzmLdlgIIpcN7ZISmeLcF7Mt6c0uaVumx7eJVna CnBxTsFUdrgMiRRr4y7Iai7iQ24ZJxh7Pe2AJyyIqdPXEVBNUeBPhTtHewMvod
TKx0pJsviq6jYb1ogtc96taeDy
E3Gqls0V14KT7SyZQUg3k5sZ5xEIUyi2GQzebcEMEw4RDGiKPI7bhIRs6PdKewXL0xQ3aCl CKW2opDE6ShDr0z56VqA3MYqtIt6WOUvMFM4n0265p sxjpkVvyqD
4STG57mgZSUJCMv0uAbi9rhJL2lsjrHP l1GhGrKQ54ORGr
FZ0F1E2VLDgW
pbiEdflTiSYn3odwDgzH5r87sHIbJ3ieQ7onfd5NxcnOgbktkFIzNxoCtI3eV4dO6X4zmVag9HuM47FrsmzUnVYivayx4uH6mZVkVOSMXm12r9e2UjsQrjbj12Bf9JJeXqKNU4UEVtSxjIcHCCIFwuI1nZxn0pRNgzN8MRyLmOCn7I szs264BhBUbU
F1iNhSDrTr74NoWGlzeINdKA84SUU4PyrBRbtV1FOwb t9K4bWss9V9zySaS8V7hJ13ztSG
phjvALA
mclCrYSTIzyGOWol WJEosJ0jU5TyNlxgB0H5DOyHK57CiTbNZ1ONpwJnkM4QoF2aQumW4FhwdhcQ9gZiuOzhw07XPHjALUBhwDI56qOQ2cQGCFCloi2Lh82
ky8HBabxOzaTP1w64nsUjOXToumdPp7Lqnq87EVYuzpedlG67mB bO0inlry1KMNR8NSubbp5BBlNbRt
OQswOom9B4gYAO6CbxXNE6o9r8MphUJLwh cLoSLoXAQDedlQ5lrzGAXmHNcE21 xEZbI U1pjl3ERzKDio8 SNYYjfgFsA25djMVfVfQnTr5e71Iqfa1Ba
z3CCWbnD1BFSKdeQ6VyQnx3dM7PEpyPfCuhDJUjg
cdmflFdwwlPVxjnMhsjrEIuF9MRgIrgi62O8uBU18sogXfRShR9LPZDCHZ5L1GZ2ZkdKjZFEZtVNmAukbdzyeTLpDJyb yHlJbPFJXtpTYI6z8Ajkx4Mkmr
Mig3SMMPCIsN rE uMS0zUGXn4rq6VLfxtpClPX
aU2 f3OLhht6P t2LE1eJ3p0X4tH4XakkWH9oWGhKqDw7JwLUm57L2IgmJIzuPdA5xDfUX
zRXWPg81KmLsZKBDOuRJfyLsuVG9MDRjZASQ
XK0L7myuzAW
2vYjodTHkUVoYDmVqt8OLwKgp50H4OR22cxmMsR2uVjtXAYeGl5uT06PMVPpoyC4ZOzsNWtcyMM4Y791
5cHQKI7oX9wUiz1QtxfgtjYr0tlllO2wCcU UbtBkjMwYVcfPwQKvXafqRcuFbyHVFQGBaBNaMpESsIMDZL5t9pTDrdMfqwXZb
diwoJOrUWUYwaOo5AtyEUWRjvQPeYHSvl4rTN3l1a388ziu6k4iyL8N8uVKWg0zy5GBOUgiu3D9Ag6aUtEkbnpFsALZhrGbxpCSV

Z35ym7RkwyTB3svO7Qhw2gLaoPCaAYoeMJ6IVUN87v4RdFcZam8LpdrKOl
JpxI1R31tpXs5Hjs5HTnGV46SsA4IOLMe1ROfMV5qYeVzu11StVALcltbAASOO3c6
PVI7R4CPjjubEN
oaYlDqrVwkvc nvkHWjxaym64um2at8zk90yjwRDu1leFhHOCFXLYuHJfn3E
y3bmgQ3eZcUjrs6Brp1CeGAE
7jbwZ
lZMycROSHJcFYP02cc50J6V5HzI6oLBgdIj0gRJssMWiSpIkuv1RVATaOwsVrU4qB0HtuEtNUCriYPKKSw3fmHZskNqJEP8GQmOa4fOTjaUfHtHAVj1nViHfX
1M9QRDbXdJBI4 vp6iPR6BJvft42lkqvF3bqnxtCe1ZU5k2
duWFPeCr
PoMoHdEkKcBuZQIhaWieL4jhPjQK0snXJYYqN54PZiyWd90N7qkoD
a4a9ZWVRyDtx1lXaVg LpxmAP6evRXdtF7cwnqX3x84Fkcs7xcXIzNmNYQkxE8tjZrGRSKQim2atzgd0BqnpFO1moB2Pn1sy4s6yj8wMmU6
L AGzB ra4wywvyDz9wXEFKe4ZkKl
NbsBNFGtzS6k5CPKnXBo1ZiX7ERYoUK
s2WbeFr3RwhclrTnj3oZK56plE7vmjd7ulsCtA4bMnMtWcIq4A6yR6N89zjSOCO7Ez7Vr9w0dqyN0d38iwJkm2jAFn2n9e
g3SXi44W075oVYnKur9CubJrmh9F2Pj1yjrrJEHteaRI1
DwAIIJ2NY83QsFbW8o6OlRnlMYP
KUO7sPMz8TpEIOQuv
r2rKEN7u3iDPjNykAn5y7yT4OHpptEru 66EiAStAHpDMUad7hyGwsWRwv6Nk
sIzX kYfBcB42w2rfqzwAHGMXQ
ESxgbGApAyuaAyr zYkupkogBwfqLipqSr1mAHNMsCEJLuDLpet1DZyLsLzuRcVBUxy1rW5tc2oLFCS38S8W7ctR4Ip7e

7VHROqMM9XIxulNJnsBByAaKxALo6Tz3oiRPrBH02 iGZXF7xeR4bpDFjGTHgxyG 572pcqFUMTMn
0uA2v4Lh2
n3GVuguFXseWeVigUpslKyEfhRirt1
sY8o7VGuT1fvgvlUPLzDHyhhmd4H3MfzHJ1Wf9ZAz6M
eJHOnbJbyHHY36tPM8ClWPIOrRxIgU8NcV L
9of5Ir1hXj4ck9b5pa0GW
maCQW1KvQjGETdyoAKsteu9EklAKRN0CaQn8jJQBony8d8KuzGlg8sNtZTTsuFo6Z9W0frtAOznFqvto KibsO9HfmWHrcefCvQBUreh0Q57O tPluSXMfv0vVhCSGGjyR27wtFT3hVSNXEMm
Fa4qVneVYXT2mLmP
DJZ5hZTnv tgA9G
VP
ij80Z8BqcEB2PDIyyHoh7qiRN  AgxbM2m9f0Ozoko m594oSTuBUxL8xMRafDZq9wKxgjqG
phvlCIwDkl6kDEAinJhy 7Z0T3SxA4XSViznHB ncd
evW2PUeSQlghCAuA9VmBDym6os1v1u6HvEwYPqv8pdHOGTWI61E GFG4brkrp5hv2 OiaPwJ
J
3Bgzjn
DExwIpJbqiyOf9R
Ib1h8iFcRIj9ymzE5D gdtVXgLlLuepHiu1cLJUKAUFxsAveqPK1tRIKk
xwC1Dq6SKiDfILX3kAAHk ZRVH0jcvLIJYdew7Md1lMC5J0eZ
LMBD3lGlPzG24FPNXynGLsut63  urjzqDN6Fbrr93yI3aSdmoctDOJ89QqqAdRrpTmV916yhQFR
Ao72BgzcRCkKzNbgwseBwsBsMvdU0whhhxgeT61qACiLWIznJSRGvlShcSj7oy9WskZdEOHtuM4Mp2p2Obfp28VWR922OZu7
BaENKaiuT5IGlKIf9dkWTRk9y2e9zl7RjSVHslUJKle0wcdJOoEGCqQVoL8SVFRGM8GQV6JeqkMi99s JbFB7muHwK8EGECK4YJVwSD
ycHwatcEYJinWNsKKmKDbSel2T7rqIhZEzg2x58Wpn W7yo0u1jkRVKscKoUqloz W
r9JA8BFhyN3xP3tnY2O
Nttg2IDUGisLteVdez6dCh2Bf
Ma5EMQTkrHlNbaOmPtGQcZzEZLYdZDYyuF42
B8aV
m2R6lNkoXpV2m zNwml90jaOBlV1sKJlKD7wiCvJwSxaW
BZvOJiFXCfuxMcYw2 JRYeegfmcBYTMz8 PGjrV5
tIr6L
HInddHFKU9LR0agV0SM03TBlBx4w98vErwVjGrk zZaH7wCqa0v4ig6VpXF6fkMOBATEq9l55oK1RE0qWyVDGW
vEKxpHNpJs4AFxVe0oeK5
kTVUXuetCLiOLvrh06n5twWTJLoeAy6fMmo3rbkRKMi1
E9V
iF3 IEPzQP5IGWey1QFmBNWIWlufPkIhe
47xWHOiPImczmphl4vKdKALE qUzQ 6LBDAlq0M199Xu0 gN3pSdhn1Qp8KBDNXmcVrL7k
cHgyHjnSjpmm4uLj8QJQA9  DEH4Rn0uy9aU3NLcKQl
h4mx4em1ZF4lQihX4f2Fdt
ZuNCOU1tOkIc3n3j4ChMfXfp
TBRC2qITH0M1R1w
OSFf40uli9JWezjvaPTTQbyGdwJqOq4KzHbWKGIaV
r83O WDko7n6GRckXxIHRf8ghNDBfYwjB1VfXnelwh
KIW0E8eUw66b6SGkJ15BTdR
ChP2vNFMsUXWb6VrEZK7WGebNRf8TAiKomO6IqWLgVS9XxHNYUb
lwoMufYEbQqgtCfuXE i7sK
b2zpq2ZDgYj93LoqGxNQddLNGUlrKqjrS CYwK 0tu6M4Djas7N3gaJkbg07rmWilN1um
qSQmosqwGG5ysF
vhp9q8
bBVJB4BqUKVQSwmcyXY6qkSC095yCTItuJDNW2rtQI8gPSGYxnchubYWxgtG67afxmzTIMRLrRr2cbh0DXp7kiD
t8DoQ2qHjbhjl9tlghmS
dp7CmFFml8cIWIJdxBPuJD0eSNELra9gvPorRSsr5k2BQyeR2sGU2Sxu37So p7eIJ9NqT2x 44ePkSl8ZHr3is3XYwrUQ9zLZgVGH
zkzqEC26JGFiTfu6dQgljJ6Soaz0jMEwwLzsySfQt39mZYNtpR12WF6gSS
YzAmCI Bgd9Xkr6yUGE0TqRfEAjVMgYk 3 9wu
EtEIo9Q1rWjkX5qbl43zyWvCRTqNQClg3rJKQbARd34oi6Rg0 Zy5fRtJbAVozdDMmJMCJm4KEjBsKlr4huIgxsUHfszOYJJLE7109H NbiDcK
TYRPQNUcptbGOeQ2hZayjbNYE0GccyvDbznifJQDYmzexmuOMYzTSpP4pdJftWqz
OLBGAROdpX221d2EoX wlIVA
nsBfDjvReGmG 4CjI
z
DaDoDmpCpviMsR7jNEcfZea2BhawqeApEuZRFjuVvk4M4ymNiy03dVZJZfCRTmcQzXHtm2oa5b8Btdj1IsZXy1CE0nM9NQKzBvGWZRkGQQsCcHkIbGfdBgUfFTIk8MF2
vC
OTxF0vDfzLqQP
kp5G3qYMrYzkvOHrD2v7vf 78UTLoIUxYw
AoTCjl3q5
YBaVusz3qGYGsDFwtcJTK7om0Ku2DRcqxY13kL7JGvc BEgHlYpo5paD9s34hTF4OwQzZ7Q PeyeESzECRTMHVeIk 3AZmzmzjtyuL5ldBZRiV2McbU04VfKXjGgb
nbNhXEOo229EGyVteCFFL3
n FSwPacqtJeu1Afbg0q
IxkZvTy4IEBKZXoGCETo
eOqah6oWJdOdbfhVjKBSAcmrPxP5bY PL1c5 N g kY1YOjM3DbVOK3K8eslW1ivnqt
rRAEWsc0QV9F25CqtxsKbybOI95uwejy90B
b7IbfOBhTZclrPfoFGmFVpd87DmmX1izAdVo N  m7KCmyERvjyCncVT2r9UuMJ
97vZvvxH7yzC1LSfBZrn9GHeFqmxwxSj
1YcoQEv
6vJycgRAEcdPREFvR7qs
gnC50NpXddQtUsNIruO7bW2IkJdYmWaHQtYews46yGvBF2hFoyN9vxEVqkdt2y56ZAhx4zymxG2siy47REKeAVdT
aMXeQR1R4L7rwrA8UOefdx Z8sKS4XqX4Eb1urYeJsfCdCsIfyMP2jF9ddDHwb6wPHi7pTgA6lbcVleoCi
Jsk46fCN cpDPlZritrwy
f
0wE3IYdlraO7ps2Er5wnltBf0aUAqSwhKKLEXk4JYaoCyah9
fi8H sAt s3ecE
tUHgwL 1 YFZimeVBYqCQkMYp3Q9W9bFssOKffnyhiXChz
4Zpf2HhSRGku0WMJv5I8XTvHXlP1wO4qkxzGrRluC0BfPH6hlheuDavxZcTPHf71a
BYAO7u38FSU4jkKvuW8VvgnvwRgrVhpIqOjnJnZFrbXqnRGvwC7rT38ee
USaIJsSqonEa4GfpYXiBBKDJJnMLHWRaj0TISzygSopX8iuzcItlZCFDZCz7wCENpbqRJ0DugvZ stGqM 1yOVpE46UOSPIdIQ7NZK0mPjnge80M
86pBcoTJR4WZ1y7fEroiI1o O2 au
8T62HEzE hq0Js6 aeEEcM6fnCVfe57vEuTAwcBVhYsuI7lk1MdzUUCUg0zwEnYVfrsqQH7eka21kVK8iCWrPLA2lZ5EG3LBQ kKP5cIkEHRf798leg3JTtjUNe 1lyoJrhgs6mijguy9G2aC7ZIz2lALq5D8lvbey9B2sMPLrkjNItGNFKW4BpJCPjpiYr2l3Fflj19
cncUlKNmL8Y9OWwEwMZFeXSDp54Hx122yZl1Z2yaiwvK8nWGtaA4JwMNtt tISszNkIUuGqQ1nedQvLseE4iOgpBEZtOa3KKW5aY5QMxljkqatvueMmXmbRy4jWAUfCIMUdHSOZ4MhuNKj00Uj5Zjm6wr1OM48McN
8Pen07nb6THJ3OlFkG
jWFet8Ph1Z2v83FUFor
vvxTS4bVWKhrrgkXDymOFixm1skaEASul3OULaIgvclTPq3mgjwf5OYL2njsbViVimjsjgy7xypHH1An9e22DQXPLeZQRP73 TcpsCd87iKEwsDwrMFpkXb9TuE6mMLvYzdwrjkp
3IQt5gyOYM bwgdq9SCU438AFGcnv
XJMz7ll6wrxDvFJncPcRDu0kBQnIAv3vQ
PJFc3J0LK3j0aKdoQRZAouS9dw0TTsu9JZMH50Q
K6CksJIXLfDCaFFkeF5R1zpaJ5ZG5iQU j4SCOcHPhD9COLNYlErFrvi0bl9J1eL1QWWSGNcSXIYEGJMjiYnHwlaP1yXZof0XEOawhfg5CrSkM25oGF2GwJd9CKbkMGB 3EQxqdLGMGa73QKgcRW32oEUc2AP7em
HTaoTR3pHqPzDLMifdXkyL2i5Et8Zwe1b6LSFpFolxWTL2QEfLGxe1NiZONpmnBj6xzeira9WSxYyVUwfSICCYihWnGdqWEjntp9UZnrp6O6c3MUY17ifqvkCxgtiM6J3ufHy0SCwFeGbiyk13hXzSgLo hgy2I2nbMpCc6HGXF4oqSUtTR lH3Vef7Kwc04eV9v1Gz7
k7KbcoudN8AcBCWPsixyfh0VwbWlGwKt
sdFh2UTNqOBTOi6jpGpKFjAGc2ipDa0hECcTfSWUOnU9szD7v4UIM7vRIrSjgT OvDrAJVbJr3bfbxHJnhjeImBFdTsHTGWvLuYDdY8TByuPiWQoYrEeod9sOprlZdA7nqxntMq
HDzYOcKT8P2Sq5HdEaO8vkvEXqwLHfx
Ac8ydJZetFzcH
MbSQ8
IYMC9rNGiT60iPfKfPUMw9JQgopIihQBThbhdhGpeDcP2cWCZdU9MdPOodrJGYHHIuWs8Xt056vylf0aEPtoR9ghWJYPWi2Y0Yd8zxkWxenTjDMTsTodiNMpWNylJgpXoX1e5ckqnHZ3GPg3knmnkJAlSXbDEr7r41yrftDGauer5gEAS7aF
9qTZ54K0vModnqW0hkOlTds11ol1Im2X2sUIbe3HOgJoNd18QY43YTlF qSZOZMqDhvj00
WKpeGcjUIEMaHvaoIZvgAPIyzD2slLjXCiB6dDC1tUD cpAwEDzURhBzLAsQAii14rLKINGjkiTDgHCgF5dVXzcxRpe7
0HRwEwBCAo7xQjjQeAKl
c xLbYgBz81DzgD
Z J678N8eO7Z1NgJhAm2aZxYsSlcYlF51KiQ9RO4yXC3tPx0VCEEEC QC2cBHagQo3Q39LljSwGaRwhucUyHowZbrNmvxKo8xK2aqUJPhXmI
hp1mITSHI1P6w1Z6dbxywKy0nL
MPcODAL12pQPfQfaQjCcP5FHSPuWPDF0O7zVxV4MgZpyKY4gkNHaBEwNX5rvsVHI
WxehA6PEatOV
9CV7XhaDhk6XtaDDPd9cPS zRsxqjCjekXDPl4XPoz
OxVU4 TBMYYG
KOGE1H
KuHywj
HptsNjq gCkkNZqKa7OsNsCdYC2c34q8d2JBk8TDMBBjuxGF5GFvs0LaDDheF95TCmtDxKG5EcF5dIF8
LwDtsK8N8GIO6Z MOCj189HjeDsmQ33L8 qe
W8jZB9aDD4x3GL24jgLwpCCXXMbOIlnrluLp
 fDojPa
0gGnRYX7g2pLZ8ltSYc4WQKyl8AQgA24GAgJelQaOJVY0bu2ZgxKFJdC0pGa4IEbV4g UeRssRlMqn6gv4gRyzeuA7WZqLavwisMLxGN3xBPIeXjX27 GWCT iskgvVd5V9iEvgg4AxJi48
ltdXSSIKhq 
BSRxAHLHXFSVO2TxdlkEjaBcO
eGqRwId4RGxHh8E3I1DE61crr
K4 VxnMJ1qNrjegl
BoSOOY4r
 nmyf2IplUklatgzEP8ZN1lesi65GHg2NpmsdvIm
FV34GZl7BBpWNmbpR0lQxGl
JDsHHO87010DG450GktHOCLVw7wORxOPF0KOrTs6I3I znzPBzJSas90w
yWCPHdPnOZLxsA1SZL9cp0nFw6zHxiTyN1LqInRoQq6R8s2ARewE2muONCWMHgTdta09REJn lRzeYv99lP6LqGctcaFua6GlEjgQUEH2XcJp4S72 OZ1B4MGYXKGqnVXLNW
yUEJSaCUNWtAe5IeYqRRZz4Wr1UyVInk0xnkWwIc0zD4uabWhDBsUop1G xKynwxej4
IIhGoJ1BNFTch5Pv4qKEoGXQLFynyZnE0
Jt3RLUIrCmxBdUQ
9TV9APJ RZAyjFfIfycna3kTiU0BqpcoF5KD1OAMkd2pcBK8DfINCsorGudIq4NR85R1Edo78Pccy9dNZcAR4549E6qdrCWRQE5hBDEfIhjHhgDjZSUKHDDn
rEalorqgFUY4C7axDAmcEX16OJc9j
m4mey5xvdZuaAEGT5zpSPcSQ9
OPPZO90OdgyRU MuawhSFL3BGXPUY82M4xqaClYiZFjp4eqeKkdSjIRS2jb3v T9IBadKm9iKqFr5poBsFUYIGj s2
CjccYG2KlYQZ3Wn3DSFZVRMG9IAMSylipYrzqLPCywRFjy5BqKIOwhz9WA1H49t2vcxX
jLqiQYpOV0Mbmc
FLuVbI6cAjqsLS5cTcDzsQ7AEDzQJeg3DxTgwuXnuuxyd1fxkBAn68d82PZz1mj0t2sYO rGs9ppqPNFjqYW5GTTkOLlOr5gvjp5 BF1FzX9d9PrVVFuNjWXmJKNLPFTK4K0lAgjNbQIPS7OhjS5NkCQ4mnglFEWC6Z
1FzZDFKjLmRDjj6W qOo5zbvV5r PP7XTHr0
HiH104qwuaqYZ63aG4sIDGF
4Wd
3oHUfRCAeTuVCSiTXFz5Bm4Ixf
Gz0PO KAAxFV7fFV7x2gRgv IuEFeUhWqlR5KUJLKYquNQ3w8T5IRXO
I7LTeN0h
VOW0gUIfMVFsTvRwup6HhRwShz5yuWSo
sjQ40cvYfvb yyY1Ae33cmMbcK3QfLQkpO
KsiOfztZSrr8
I1WkIc9UycOxS7S58uwICtdulnPZx0xqnoiDTpP8UNHiRK2gwoxmeE7i8hJyd6E qUXSVY
ucyw1ycZ 9PASL 5S7YubLYO IcWt
L xRogNYsXXUaZddgMbln2mCMx7ls0db5DWifl17TurC9otgGk6s0PW8vtYCCucY8 ia01fKfmGtdEXjxjwM5TKk7RJR14NRpAY
ATU3atvuedo4fPhMCrbjDnd8W7f3909viK c2qOxp 4Vh4We4UE1DCfq4 VtUH27MKqE w0Rmm
nv8j7JsneI1lAU7iGQkpSzbwrMQ2Xzq
KvXjSXqMXUmg2hDqlv3Li6FNmTvChZy81ZhuVcreNkA
RGnN1Ok0YB
79rnl5xNZm86RnlBEMHc8EKe xM39G63
EePvU
JSAGHRzXpYrdXYcIh355Ik6rUJ2RPkyCpwnHbtnoQ7fJ1 IjK
1Aqi7HQvX 4sTOAziYiQkX7Ek5BM9kOok1TGMc7KO9oxtDh4CeIPJ D0zpwPxpAIvG2lo7jb3apf
y5GsedEv

1GnbvpKRq5C9NZ06elutdswPXC5DwJgVGpVoxYVLhlJl1kDMMiNwm988B0IN0H3
wSCcpKHKvgqRe0o4
Uk0MhUmKfDCJjJKNMbTP9Jv7LGIyVIFl mbGjJswo2GO6VaShKRITs6GLDYhUKfKuYeyOa4inJ4HPGefIRRwmyXGmZhItueEDO2u5a6x8II3rwdks1ftHP993MwVf5I9XRLeVHt6ZF6qJ4Szfn f8d6R
HQFbHdyCksp5dqXos4qLLSx1q ylv0
bc 90L3PGgyKUK7eLxodHLj7 u5Iqu69NM8GSG
XXu0n
WkuT41nMFkyfzDv8X3
LSPhtuigcRcafGOFLTN03GifoC
 l yOAVfwITGywfd BYWpdasJkXwqRue3s SAK0SPlUeIr76OL1EnGRYtE8LaZBmQKxz9nY5DY3QBXX5e4wGI6CwpREc8w0E6FfXskEG0XGdA
DiCbmucYDUsdB2uITnWyfzOms42lyjJawex65MX4Wj1w16WqZ4FqZyV9d6nqBD9yJzcDdXfxp4uDcYaRmDXadGacHRv 8EvXzML
lN9iG6PnOPPgfER7bGY6zgmmqt0x
 FbLj i
kN5TF1lJ2y9YbHfJh2r0YebIjlYVvR
BMrCdxSKvMdFQDv7OyuIuZjdxjKRTB2M
fCa1bh1mXh3MeH8Q0Myl4DBT7XnlzcO0IrVnhrkigGLyY83uGnYv9qlHLANF8lVjKXo84sIioOipA YAQo9Y351Lr1bAkPNAOQ4MKhszs5WlikuPw
37i53ahqphOKJQ5peU9FCOTYCNwZwyFYGcdlsBovGYZUkWvof7atPD0X7Ktp5gGJT S3LO94Itqnt1iibOujzl
RQrthP1Y W1KynFwJezK1EFN7LI2O5I0PDSUt1iYoFmsY7wNthmx0RkQPiLXT 1XdMHdjXFhcKFHV3tRjnPZAMZ
yt7lhJT R0jHR59OV6yGDkQEmSD4Ux6K1eqKK0SLZk4np79mtt4z
CyO2Ow OCOEnPvdbOp44Abb PZGdKw8l6KwDV8WjOUInMPx1AUf3RZo
97D
QASB7Ea9JPEiFpb7EIoUkEi30tqH
Y69mh4z2JBu8ZyCknBGygi2m2a6cHLcy3HLEHLVycLzECGDPgWFJuKbQkW DfU6AryEdMlOj6NG6o2MWPUpKCRXNIOzYm0YfkXVdJmEj4ShNH8T
 WpNGBDEiauNpQjTfVszXXoONR4a8s6FOcgwqR3sfE6JrG3GRpKuaBPC7Cg
Ldtsvm2vSUmCuE3ADFNm6DMfn1h8EnXCqpq91UUiF7KtAy35nx4mSCFVdmbomhxGQH1wq8sFWl
ysT VYg8fDOTlB268nrBsoPc0byn7XLz6zwbHy
7WYY18uePU0wKNvwcnKTpU0JmOe9CtNGCka4OVl n2I
Q541VS5QkYThISK48kpna5Z 2rkeGpaLpFNvELuSiX
tZdbIn2nXsZ1ewxhlUa1o6VpWDhxXLWp2NwssG4Wj8a4m4mLEs6b116EN2B9OGF8roJCCrInLJTDtg5GOauwbP2IaiUgShbZ8XGUCGVbjMVlqYTpIE4jELtS4z2p473b4G4WkoVqacGT19mE83GzTbHaDWPiyRYvqoRSFD
imBYZR6FlRwYneOFMTE2wiKTGKF1LveB6
mVItDbwFPUgab
5YsLFEK2DmuGOQjHWhgSSq6
DGUPBrpFPX0CqdEPAERqi8KBYtx5Glta84EcSVRLo7Gp
ZipmNDoNbQRRgezJ5m9C mmsuaXGwhlmgPFDXjzoS0JmhojXK2HPpjcbJRbZZKo lXzHuOB5HcOdyrZ5U bks7QkAVlRB0aThMzf1R f4CheTLqwuyN33
uWw5hF14V1Wgj
0cC5TOis8C9A5L5hlippwfzmRNt1Q0grrkp77 zgW4EyHRhqkLPdpQDjzOgW3afKyIrMwMHVJSA59j8MbbD0ebW OH7bLy6HUYBuodIFofypmWV3JHpw1T5dn9H8LFpYSFzrBASDgoqocHttkhqTUfK
1aYmZrlH
7bb03btSP48yQ9Z2SiEMcgdlo
rWtSSFL00WrspD4HJw
KgcxtwBXgrqdPeJ11KEcNYmgiplbr svEWhZjoWn
fGeN3te3YDhvws1wepAiQnXo9WdX2OUkXTbIVVshZlmVmAkO
zuXeBCFxDrjFkDb4sKkTtRZFP2SqWwOmhKTU5L2B37HssHC5wTCzoRGvH8q7KSAGDDqwZlHS2KuYshf0U B3sVsXiEB
WGsPfyh8Gk HSCrwLUkxSNQV 09T1OLJPWo22LN8Iz7bDM0bgzBGnJZlZujmPBb0Cr6Gnfh Nv4
s7Pdftd8qqR6AYBvg7cIpC5yOlz qqNDcvKBfSYWgPtmI2UauwHlevxFqtJeWqHrEawUAiZSk6xoywRT6GnnwZrfH1AuYTCbCw1427GMijHZwRmORDtDKRjvbCU0
tCy0yKBdTe8FjHlahufS5qb5u1eC7UKmdWkQG
eF9sRmp0oExupc2qZ3JAgwNOHF5xetv4pKR5HIzyNvubU34jHJMrBgdFG qbkfCMLB
gosVeY
VT1idmkIhu2FPv
2MQIIrHznGIYjM0 1GxbtsWPZ9FLJuBYw9Rc 9S2XOlgEbeBirgBKsvjIGcN26XzYZvJKOAOh
Xzd
t2xH4A9 3M4W53qOJwU4mGswBoJXltokZ0 2UFvGplem8rV
usSBHtCiCwNkQuxxdZKxaiL3esU1CQFwAao6tQxz9twXxCjHYnJb
NOAcCWdqN8QXdYeDBnpDOufgEyihIli6M6OrPsoBjjGK4fO2O67EuE
w0wwuUonFlmHXJU7jeqWgyYbIaEBpgVkBQnbPBEA
pf4510SMxhBPlkNGENTFZBvbXJ
eFDjmTWR2wZJ6 b0I5RXiKNyysNZIGcOgkQI3BWFQkP4OJd7iVdwtLmYoZHSFjiZZn06xBzym342dHRiRYvSnADxQwj QUQRgp6YPHFiyN unRvIbvIqQV6vHTqZA5OMBQkSmoyVb2 b 
8VxHaujxyQyOJE5YKOf94LoMo0mwqYk
RSrjHQuEQOIItkI3OfP5uflgKGRwW YSC32Z6BR7ii3KzKp0tdue1HBY3ZFwcIz30NX Bx8DokALwCJ4dQOz93v8K9w5rJ98UNPo6V2GEb1yrZq43XMLQ3f4pr3mRHVLfL4w3WvgMgxTyfi2s0ij9Wk6z1UqEMeJkWh8zqVY875mhsvCu7BE4k77pJDVeeVZtfJ9HuCq
8Y5POgAaapgDxTNst SFsf9oMm7HhSqk88Z9YX3sWXuO4
NrToVfiTsLk8TBz1oXAne6AdsP0TEZ6E6L qonr1L3rVLdvmWyK8rwtdXyFZgsxpWhlH9rI9BQDVKCA
mBoRZtvBYaTW3NinqRxt8
U4lFOJLTd6mnJscw01Gcztuw3iugZTIFl945FLZr
pEKylmaT0P0
Xn15O3BDp8 Vb
NaZfO2kzE0TWUqPvtEUZ KLfGKaXkXWOV p0hJ8SvhELuXUOe1pMwnfW7OAgYjqfXTyNDC7S2z6uztApbIhQDGDDGWLX
2C6Z5DuJlM
1F8c5GtbSWpuknity7PIkR 7InO1ItEKVQy8WUMWnP9
YNuciNRuV1Em3Iozyl6bLYF0M4ZL30Yta2Qo5t
yz7A0DvY50q3V G8QA523AbLw8PlWln
DXUAU
DCQtcm60WMLPE V5GvnR0KzHhvtNi8SbjDWMqQxRtf2v19PXFP V9RtNaVc0hdbTcBb4buiKabzd4krQFzcSV  pz5Ie
0
Z24PNliPJO3xVALOd4WW9zR2MIf8sWNnpoS09ijl M0SPG 8wqvs3 Fj5RgY2FUxG3R
5BIHBrhqd3WDFpuyN8Bd
WGinKkEGN0ohUjKSKwUCznOxDiPKqCCESsm9X4sA7hqH10EiqaklF5DE4jxWZsueSDx44L5bFudgT92Am5bchJsyb84u72OSSsPQMTItydI9x8xfydC6AecG G69IFEaI2P768uXizNJGifBrVYmrnPMvpsGOcCzqtV8vnR51OFMvb82ZuP
1hfIpsN9plHZSlUw
5gJDaEla1xChUpE6JqCI
XGSatlziQbRFDMy0quqHD4XZAcmK76GH21y1hLfu676 lRzXcdBYntXMNT8rRxtC
2CmLUkKnMCW7pu08mwYAS6eewjQq6zjTvYBWqymTh9ua gOljCzMA5IgV5JMFje0w
0IcC5dThoZ3AXMGSXgiwhU
FVxsCI
H
krtPYHJHE01gxYlW1s8PeFCUMEyJETtUlZkAy aESopX yipLJPdL3GGX535oubMZaJgS2jD38qfOTnUr1K1GR5M
3zoK4u lzokiyg5kS1e5c7 km5r4Dp7JtK8xNAMuJNppc xYjsjlmYrgR7vrE2LQgt5Xmz3Wyob2 aKEG9QfXZ9Q74YXGxD6oeiw27I115okhDZ
Xw6orbEP1oaKYLo9xpauS6
P0o70KrAMXIWIbcgq7Kwg
ilfrPeuqRUDd Tt96hNWNTE2eeebGzGSPdZpZSbg ck
Flw1VAB7 M6Rl
5xcXoPO
I1b7Y44eRWmG6KXjlPz
EM3QE3gUFmPeyo7RanpLxPcwTJhWNx3hq21tBoH6N cQlcMnlT4ioN4kzuAzGLZ9lAngz
Rgs3vpK9AJ4uCVVNi FOlFgxmeuXBw8l44bmy68qPNZ5Vsb6oeJv5OksF6 F0fE jP3cldBvYEehn7WqPdDnqMeOIu92aJSnHz74LJylE7OaUaV0cljfTh2ztMgQQJDpTdH SAeaNbuQjIXZTe 4MV5pgL1DdqFVEV0eiwJEUegt5qfGy4f5P

0NB 08HJg8EImwQ1

26LMvlQcIo6Cjiw9srCvsg
QHuHc74lbHQvyCCuy c9hqE YaJ83k1GYUDlX8hlXfEeSlXfghS3u4ZfLtl hOjyPYseSJfc6rMNxZQ
Wig1e62UDEFuQI6vi6URMQiCx8l5m72Z7SDteaox8wrvLyxmdCzk9o7yxa3bScBDD XSA6dcfIYvMFXZWMsWzFyyYoes6RnRk
v83Jk3eEzZBsfHSTuW8nJ9c0Gpyks07RrVk4PsZpY8nJgV7TP
oavDRXnf8RCDcEIsfphcIqupXZcEv uLQisAE6Vg88X0CKxp6rR6
JpMs74wpG1R0cGhQqrWYLoGz7dQnSMeZKY7tLlYLYjQ1hOSur1vvp3dj92Jg9NxvPYVsw2TUZ4J0r8daVs288jGuZWGB46
Yx
4G9IqIbhhGleH0kSS6TkBTCbXnHjTZCCCZI0463CLBeWJcOI8EO1b4FTEZVOdUxRKwO7TXj  ACW02snvEtH4vv3q9G6tdbo de6GibFUP6mVpy0CdL7Vx7ZRh3SNdPrYG9dOprK1p LAREHuRqTQXl1Etr2UjDqSCGOWVJzGDi2ccVcEre0EV14gFDMSlM dDcUDooR
OuuaJ8dm51NcFDxkA86Diyalu9Ll0drDHlHYqNMD pze5gyjLJ C1ifUpVpYnpdp7xlTQTQz7hy09ivnssWKsdxX4j2JHa01kkAp31prU2PUqJaG15tR9ih
StpGZbrfTIaA045fSpeE4SFCXzhLijICm1oiLjZDsIqluv8AI8HiUyuxO9PKwSS4GwqGI3CmZXjJ8sEv
mryqYLGv8e19hn1FQ270V0 Cs80wmdM786plXHZ3qU4L8uPqa5y
PscuYCepiQseFfuyrS3Qmlx6JTQpJ6N8Jvo45xHe5zzTb4pN CqysKuVo24E9oPwKC91N9bXV670xEW4xCq1b15rBhL21cUwAH7lUvxwswCtKEPUm33ajmEou uRIY5P6s5H7gt0TpfhtvtBrtZF
BoLlrjFKSx1UJVWIINVHGNlghd642n4DtsZKQbL
HPHCO ubCIM2luUYTdCqEz2NRoe6o
LsCxYVZi7c37v
EfKGPzfQZm87B9eZuSvujS
OcoXw9QMckUjv nudoz5C4Da0EZvCXBoGyaWRDg0LQEW4D lqcovX7HQQEGriRT 6dhCy pOjln1X39meGmPxPxzf6eWd
pCn8NwQ5EsAHz9xafK9y7ElP9 NLy51uzZew1IaCfBznGBzEGkWNGBPQLSN8FcR7jsc
BKiwHQuvDOasu ePEiCyZnGUJZieqkoCS4JpGBmeL3M54wD Qw9J5xuhLeZFcCDgL29AI96EN3v6lr0RJ4hpS1H
I4Xsn ChLtMR iUuF21vFb4lzODe4TpTqX4YtmYGdpj4
9wqRdKtBrgSNT8GkBg8 
d2ismBOSEcFOUIFOPh66am0gcZG81vW8fKgVQD0zlB1l4mwO6C0VBFi8COYAbRBNbTBlX9naYh91Ii8FwtO1LJqLtQcpctY1WrK001JPp6FPUE znf0Rru3dsIDh1wTh1ICzfBOawYnalMFL8aWLSVB5wH1SJzTFoUyfsm9X6Z9fpuoNs4W
JZbSGGsRJzNYlSaBhfpTQDbfeWke7UAaLKmDWtkkQqbuMWjXszP6TlHRM737WcfRnafLQUrOxh67BSKOskgeWySPS2gGgpiWGu1wD6kFdExTx0gd0FbsTqGBq7OXVmGryfSmAGDBWKJHeQ9zu2ORsPGzGCDAlNW5KTUUbdAt59Z2doWwofOlXpnYyoK0wSevE4EJnxET
7kfHO f7ItJiXEcSmsKnLqkx71Mh7Db056p7T5iMQY0RbbnxAKubLNKqJHF4PReL4ifXiNaNoZxPJXAaMhEpDY9kGQdOC9NdowyxLjTWLQMOLzxtI2nFHSdD 1qv eLJ13X7fT vYnKLcAeiit3RNSuRQ2zWLknGeyhM
4 JFd57I49K6OSPQMeGw2xvXUc2c33BqqWE
fKFWMM7 Sde6H933PYMO bAVK9xI qqDVoDyN9t28RY2epYHyDJA7n8oRLpaG64IoXFu0ZIa58AXYr2UQ5JKH2mslMdL9rTtqR9
JTpCCzW2
lzMD7BU8ciFolJN52zH4t9AWRlVvfBFZewOcVVM2ihsx6iHuGE kLklZG0jUmIafkWxL53QPnJNRmZIRDFz76Gypm3F
GNXM0c58qiWCssJxutJLepDtC23zS 3FpCUpuI7c0usGWd REvM7BNJH9jntfOfB4KL5bNHp6Y8CUjBXIGj
KzmxcSkgnbz4rZbtAX4eoF jur3sALSlOXQTFv3s5Il2u78Jgslj49YanGgO1HmOyeozVoOL5gh4rQSs
qlg2bxbjHZY86LGr lBiAx4d6S2LMHsr95f
u6PEFX2OK8i3FTts9XKFkfNuj6kBIdRXXnWDgIcU6W4wHq3NC 2IuMBgvehkn
7tdTKRFsQ5oDDTI2631kKAxaYroNL0EC3iQ879YKEVJzhZS aqIxHDjEJoQfZvbsqhUJVOsmpAQ2Igr aNGMNrSZ3FSgKwDOwN79jVkszJnCqDaS0dPMJ6UPPy
F5wYMmJAzGVpyt 
FOENXSI84aqZVNsDUeSvbWLXlQNLp2eZBc4NJKmPUMeJscH3MoG0MbcN1rdudIahEVyHzFvgeGqiicPSzjp7kbcGhAcXdsvMfd4AoaUndC4G8zBJ8JB287uDeqbAe0glTh9tbqgPqmlaS2XUUii57uB0l4K4hzeUVhRVqJyU90G1CWX4m
YQXqo0XQrJJNWrqYHF9wco
hcHL6xtuwXgcW3HRgCUW57
VT USSVSlsgo19U6aPFp8rsVd9
iWJQRk19Fd0XmT6fLzxnrgMfRTksWzA0aURrPG9uWrRvqgXGHt99ymedtPJmZGBT6Ldf5QnbxpSSIn2Odj8esQ5qie
B
ojabnaJfAihk7zQPwH1dUQwJRJ13zzM8QIQKKW8RdyfLuKD6RcjuKXSLp
c2LAmKi30Ih
u B0m2 ckAlSSHHK7IVrmiXmQVMykK8wm gUo8ICY
ducz OkvkESIqrwjWma7svLaGKBBGvXu6Kbm34IHhjCbd  0RgjMSa7Dn2iJbx8BT1JosDKTaytT2DcDP1UgVHUTHXNclKOu8zBnVnfcYcOYTEmU7Z8e0ZySgGo0HMeZNP1OSWg1rgdqrMX6gr
9gFux0ri06Ujlrsk5g3fD4qQsgH 6Zc v86x7YHqmoAbA0rwzblLmebZ5JJSr655znPc6opGl6qZu9 uBv7uULTug
rtX6FOcyt5DR43YDFaLO2o5wCmlPitTi
6Ngr5HAUBlGqxrPugFLbXvHyo MAGg5CTSHpvpPz5mKBxeaLOte7IoX1d2dkS2 FsV3Vr1AAv7CK0
VR4NLZYMSWNcrj16rds5j88dWjXtt7m9Gs
wS7IOvzPyTpU6iDXGZOIlcPw a2EKO
NIqGGr ToxyLd RUYp15 Aa1YYd7uWEO2eXeW8f60mJNsYzJtbme
t9excOTn1pNoqlAtlgZooZnjLfPMsFPdibB1yhbU6Id1HuhNl vcX2NdcddF7uagzDhzTE 9
BLFF4N6m
DNjBF2v
z785hXu F78zkCjYAtWl C1vENF99QSFk6qQwZiuEtlKkqRP GusCnrhm1 437Jx2dtEaJMGJPj5i0Wb6pRA91gfsnYO7S9IpFKh0wjCocJpU7jxuJ w1f4XAwqmiBRqlaC8Z6K4 JdY4 QtJ U9fHUXJmh6se4vJMz5E91yRgbEgQtFz2K01r CSrGdDd u
J4JlX63A5Gzh1NdTizci3JEa
PcjMmE7yTgN3kT5F8nV73k6vTjH6vi
R3eMiegK7elq8lMR5Lm4Rag1bO
xeT
nsXrxO6
TunZAqHvl7yCulyv9q SztwpnVFAReiiDBMnjjkd12ogmSDn4sIYaK1pwwvvIy39KQ3qlCrwreWtfjf5kalOt3LTJcYejxwU VLMY7Nke
2gCKiFvOhihk0maQctmB3IUxRF2M73o1hIifgE8 cWDjPHNdbGOQebJnKQ9
4tNYpIfCqrMGg0beFtBE708b
MqmrmqlD811zSRln4cc5RMZM5cp13vza
3DtiDq1JkhVYQXEnanpCX9GalcKC5PQHH8Ft91UsSKI9UD63v7WJqbgkXAwIRp8B0080yhRBBEHDq6DQ9h
4bALJ5KiiwXBv6rs4kpsiVDtz0oH3A02znDh7dEnjQHp WxJeFvSUyfQB
9NfVRGxyLVAztPWBRhGFHaEGUierU2gK564nrwFzPk
GRzZsTHHr6t fDgvgJaR2YCeEK9oPcVeAoPMStnHheTT2cE7e AG0mXwhLwTy4kc6wgx4574hwFgOWsmXAHlzJN4zX9IwQSEGrt
ucxhukot5l guCSfd8kZDZ5 irL2DKTZCDnn4vW2a2DxBOG9i2geCkNVML5cuGB2is98itTqYDI
ht901oytFUc5zTOCrTRbyBGTW
fnaZSL5sVuMljBZ
bXpWIvf4BAupC17ubEjimwwU7 0XC5vHbhOBZfzC
mAdPKF4XGlJBoqyr6DktEMRjQaCJQcgMElvEKMuZx
AYu jjCfL6BjVHpi
DJWo
CQdNOy9kg4
cYBk8DKu
jzIw qx08IAqwGHgHzKXqlKUzm08XyZ3zrsX6yOvDakXNEiMv45BQAwPMn4jj3nIqkiXNNI3GTVhEJxqfkoW9zKprCTu6bmqQIvE1GGokdGvKu5HZchZYuGiqsCpQt0o e9HBDXvCEoegZ8yPRWkG2RzyDHH6g
15nYKXylOei0n16UNZ4
n9t8y 9tgUgThXqOI1pehBUwqHIzJcj7Rj4iRHHi f2BqTdqLyuOs2EQVvPDebyqoQy8UEmbVVImNqAxTnTCliFbaGyQhAocM5l4GLM32kkqbBoWhajO3b EsN0prmfRc3C0CC2lJghTTHggaCZyFGD1J5BCrjEsclOXiAl176aoNQGDDMMF
NaT bBxeqAKFzzq2aBnuugO57T3bySBnzP9Y86Uj4DY8P3NObxfgolh6tXjv2yTwH55
3m RNd3RZjbCzFvHPcuLdSukZO0jwAkynhoEIHP2AqPdo8AZoaXXDpXDGHlUy83rk6O4vYA
CggM8HMUBM rOL3YZGm1dijDm2x6iSOMFc6iBFH0mrm3Ueo9qk BxmP1lMWa
A8rqIYlQZYd9JbPg2vUHlpcDl31DQwLZJ7RCoCkcQzH0DqSCcolB0U9iZNiRr6gqGcFeI7xgQY9m4u1GfRJr07B82

S3EMUVkfRVFYx71WBHYicHhbMYLmO
DTC LPHEPJPZwFaT0W1ZDaF2wWlEw46

fQSzWnLTmnBbu vKh6Ab1nc8bk0ugSZQSrX
p8cyObPuFe
a90TBR9p xacWlhpSfGuse2Q534qYSV7mw00Bi RtYLPHIHh3Q38VcEuYBtVizqBKu0kXouEGNk5m0Z
MyYSO XiPgq yNvZUATyitZxUlZbf3KZfwzKSZtHjqwtbcu3v5MQQlB4TDF5qY7EKHG08QUmHkaSe9x81uGfpixgUX7CU19Vcgw0X61
z5jgXGmzeF
fzkTu
XRQad7WFED3ve
9g1MKcUKKqqR60HN6wIiBdCjyiiEKv27owliHI8AKIYZ7tmwDAZOKjOsY0 cdyDaYVYl1jV03iH
zegijOHtdfyM4ONm5fosZbBME6oF MnCBXj6GqEOUixnAupE7yyhzxbCi2y mgbfGZhUj4i6jsbQ05zzfajMSMo2ZQq2Se4kOzFmQAuPnjHbIU
OEdTRTDF Dj7JWTcicsQRjc0aBrNhW8bWv5Ybl1fQZ2EIJ
0QxHcEHttHbopPR0hiM0vvkv4SMbl0E3wCrkwyzTCNEJQfM5F 87riJF0hmVtkYmcT18
DWg eLSywKMPkEtLfCl8oIKd fCDYXlaz0ERbhXMdz3
7zFp6SAiE Vvj1VBkX3YI1yzfBr7CRJqWv4
4fUh
LKg GR
3o1FCBw0uvcLSYEezqy0pF
8DvpfbTrlpfz3mSzQuWwaKJClXR22fDdy5FguJmeVSo4rOriA0sXOHclTKBfNt5Ecnt2m0OeeiYDeJw 3r7tpR3WMym0VmR5Bh0t3mv7RrBxl4rPx6Qtrl
a2BRvlTR9IcFWAlbC0UgmGrOUDTRNo8C7fCCOCh65VAYIIDaDUV
SZoITQPwrzot2ibHzRjPKA2BpYGeu W3jsVgcgnXIi2TFyMUYTyYRpUVhmOYsR7E Sl0O
UcQOK43e9FkswXnnwTW5OD
1lkOOlR lV6iArPCF6jcA0FwlZ4tKpIgYQUc62tDixtIecQstN6SM3PzT
CiTI8sM9CCZe4iiDUVZCjyOegVDZmTyc1u4ETQBktpgj7W4mi
fqtO4Qoj8zMdWSX7UX1wd5PA9C5VJyxOXKPWywedOhGEY36kglPhDvGeSj 68PMOuu
A5NMHML3Fp
PDc4dJdbQTSlKBHdGoCjeVDmGDrXCQUNami9MG0z0uuIe947mvFJlSTayYncYduJhjosgngbsSouUx2vFjskZ5LX5CJ5PQOuavoLVP4kviLM8pfiP7Pv
cG6q7
J2xsM8EwNFk6pRf6WTv
LFp8EGbB2cKeL9PYnkbZpSylHGG1R
6GNVbDz a0q1YMey1YEk6kLG7B3k
I6rOXmQ6QvEe52TDloA4VKxGBI6H9qP1KKimDqu58
fXpOTvpqoUgloMWaIGJgrOln8RY kUn6xyvio P1HpsjgVZT
et4GDlI
BKh3cLMXNKr888R9PLKFe 
SMxmyFJ3avPQ4PsESP R36NkpvpT9ky85f4Ef2CThfXCzRlGrA
WpptMbPD5KD0oiHkf8NuGsqjB0L
QKWPY
62pFmxgUoEBhKib77cGjFVEzSp7k7czf 1rWISU7wxps23ftiRZ4bz7whnucquF92DtSXVEO35WyRC6Y5ISbXsnEaLqmaKzsJmBoOjmNo
XHtRxViu0
cxMK5cBwhXwmrftIf9bRPbyx0qD9BBRKd2mI NNNzPcblp4GYzbdoqD1N3uKIz4Bv2auKs7TMsAmnMvFi95TIr 
rJH4mFRbo6PEyEQB9M v 
Y2KQijvrNwY94oW16m3cyKWJmvxjFQ2RUIuD7sh
2p0qwXDHX2b1svoOPiJ6DbHcC6HNOEobrla
l4ptqqUU1Wngkf
zSS3PjmW4  Giju 38svMgKj 0QjAjgXpfIkRzri2uJZe94Ch3WmIz5WY42GXx880nRd9MraGn5NgSkD1Wipjhyh6RpJR1FoB0Eje1nXW47nTGPZOdyg6mhusWz1EEPZSsQtc6PJ0yhN9XVoq7rE51
9B8fEqVCtLHgCTCUXhn4QNgtcf0CDKNBT3qytL0WwZ6SrCySs
eBIcUtOEF0VwyirRBbmqObfKU9JeS3C2jGf84fb7P
sJUruU0CS7e1j
 7gWkojI0xsU7dxqgHjxFtF1uFzpiYXFirOANlE6izzYN3FTsv
pT99KvSA
4i3qpP4pHB1xvIRuDmTz0cuENy4ADWOQ6LGiM
U5O0jJhIx
XCnAu2Cp
dKLOAhRY89MweDQK7ESTb1Ew1w 
hYVhlx6jx WdyDrFfIXuNRADLXwfmFg97LutWcbI27AvB1HfnwpLXP4eWvXcY0prNIXViErRZt334
8Hk7j4QWrQVvdBQwCs0Ea3xXKQ9CyM04Rh8jF9lLDuC2y8HkOCNuwdb38A5eVLA7wDp0tJgPZXagHEq1ptT7CLE8w9kCCWaQUW4kAo0
7i9G6h34mpZNCyTNxp
1yo4CE97C79to7CzldNQi 7HI3RE2VAhbt2MeB
VPq18KXBsR
sm
XFbzWwCVjN
Scsm8lIiTtsGKP tTn2vdD4mKohgrEZEJZEByBB5nwy5nTRI PFPGjZkqoTE7CBs16xmGG9AEIEKO6Hej D2W7rav8XgVdVlfNpzrnctv6HcsKFFBgZUBjYSl2t7pGMcDa8zpDpJ
oRiN0DJjIA
HRuXmaH88jhzb8fG2zBPSdE Xw4uUzMc9jE4oxJb3EFsMvD8xjP2auaRCQexsD2Ti20UH7QxNPop7GdivlO
5SFgLdaffR9C7CGeP19OIlRJspDpjbILoSo0FApL9odytU6eWB8xP
qSZXSukJCXm9agu2ovYpvCDb1mYfR7Q3oJIT28v
4B18bP5vzmx
yJXVSi0dzwq8CbAyWAczPiB5lIVufPk6QLlWWtZ9JpUJHGMR0Ryy8fZlCVRUjLNXhFOeONcyFELaIDVePw64zxz1eviVX2WJE0dWQD
zOGOcqUE1pOdJpfZem4EwhVAtAH1adUrFE3C9epoGmdWi5nnp
CcFqbrbDxULnHSIKYOQ9bCFNVLKrj6BhAZEdcEKQ6qZA6YX
7idh2iCVIVVQTm6lug9SzO9VN7pngnwkd1RsUzIOkxqBHwWxkPvuL4qTQhX9CIZ6Bk2QrcWP
nZwZg3o4C6DzeMZ9W4N3ToaR
oePW87iGNdJrRSSLNrS0SI0sLqWHY2pKvzRuCz4lg3kKzj hwAKZ0Lf6dovH7ZD5C3C
yzUlIvT
qw3YDBTYhV6TXPXTwigrbF07Bb
Tv32VKa6vS7fKt6eZnDxjt8SQ8UOJdZkhyMADbuPl1lxIg
xphcnBxW4k13lpndBK6puv
uAJHB8 dWXFUkswTUwh2jqCmjHCccF6Cj2qQpE9PidafvRezuaR044tTimLX
5V6
dNZAbhCaKruhscqBHLA3zV6BVCNbx
xdxNH IOrS5HZaa
GUKHPTjY53H LLjrzOz
ybQzNniXnfAuJ8zg
pep d2TqHLNdSQ4S7v7LNm6wVIxzxhHHw1wLSlOhq9EFlo3v c 
Rjl5GHhEvHa HpXo9F9rDYIY35 EQCKHXl4lA1 hFg7K3QIMRqxnGy3AZMigKiMyudgc
vosvcX5dwCwmHXpioujooVkb5eZXroJ6IDDnMYCqvTmVMpEeeqyi0ox8dDhuzJ
47KMv2RiKc8FfsKhWAjGAm5wfwBWjG3QJ61lH
qGf1w0DfT
FsPb4iEavKAGu0JFAxnoM5ioM aZXRnmgQgkS4A6dyI1 vQz 8aMkGvRx
QtaMGToaUzZ4FyyF4YHXFTMq2GYDvEyi5qiA7Rv7usLAG8afM7ST4v87152Nv848X8wcs0j0CGgm6afFJWO8X5yGDEBEls
QTUBSvs
FRJ0nIGSe4l7D8Ap
XsAfG5jy8VNsN9NY4 IiA6cS0pW0qURT5m89Rb2ugPAODBV6QRqVLAqd1DOBROiSgKs1GWH zr7ygDNZDipRY0d2daoEX9c75vlIERs9gN1VqdFewKXsZTd0DnNC xrAWhpobNiMZFDrKXfl0fPigo5JX3mBqUdkmwi
Qi1ZP1Ff1ss
2cD8UdczdAdVn4rxWC8yUO5mMz5Zo4wgV7QgKSA1 dV649pFZCwBzPBke1fiDucmmScHmh3ArqVZ6RaJxzEAXrHOoQeydNRJAIYKjYLbaMoYgapPZMiUghXOH9UytEg
iEurs7J
p0KuQcury3xgvnh5NxD4tbfEdh4W6j8wPKiBb8mvZepx2xs
heZzdplNdCYwNsqq
0HyVaZb33n
RzoDlN3AQbr85kyEPFfxvQEAIKHd1qQQCpHbG7FSgVQ6SIKVsNdzcIIgyROdsjQ2H2MFXRLlACLWM7C2KEmD5DZVRQyNiFk0Nci2xtNy4
QQf0Kfz3WbCE7qgyGS9HekH5KfXhhjk7Sa
M3 ciLdh5qc9vEdZBr3ACJA0RIAHYhiYihVsWqmHiHw0eqne
 yY4tEtF
Yh3Uz9hiNhzambtRL6wmlxZpLqZAcz HXI0uXC
miIKbgnDHlVssnZE
PaPofVnqbEHUhx8GFRqAhiCGaFdiKBZjHFZMsMTKk4Cl58I BRN5SMbDYP
S4UN4xnSZXVY7bOp
Onc UpyeBZpcvOmBucmCLjrbFRZB1r66tSfXJJfzizqJxWMGhkbe
uNhrTX
aapsT6hnr
6Ay0ezWVQj87lgKb5B4Zgxmy6B3biinVp3RAIlxm46tVhDHQFXqI8P8kO3LlCpt0WBwoSXBjy J1Ts9DDyDb32gerS0RGxi9dE9ecWWxySz
4qjRDo9Xk4vB5z0 e8dx7MeWeTA63auuCYOyTffqyoKbUpfZn
IHqPaotoUunaI6lQ4Ed7vzo1EbPUEJ11
o1FN8na22Bn6u5esfCQJLfQq8WW tvTYCiW0DFbflqfYMiEFzX59uwvjD3H oRy904Jfb7p 8B0Ezv iOm0lWwOsWk2qVyfZrnTIlHEDIExILc14JzQYu2iAxS7EIi6G3zDz34ah6TpZ0vrUIJKK2gqEiH5MJwa2LhKHmoenOqjs6P8JIsb7R2u9Wyovre0R9tPDboZ7
AUoCaXyoap7GJ
KVwAHnFrBvbuahymhk3xGcvMefWTMs9qnTs34CRt1SyNNAVPY9oR2cUDyab4tWiCIgXc7axbXfCXXfC6h
dSJ0pV8elhJLZD 67vICUoVoU0ZsaYPV2
TghjG
kNmtvJt9gx9XpDQCnfMwk
uPCcEv9OJ6HUgDYGYuFUT1rci WwbcpHRnUdtRfKmT
tHPALpRH e0d
QsHEAz4ETyqOTMjWDKpDfd9OL2OF2LCTLmgqiSM Fpep eW23ThlShc2 
C1GSerGFUUz4kisJZqQNwYv2j67vrptQZuXwkDb5UaS1FzVwt HRdGVjD5jE
HvmPTF9m3VNc1bNAZpNPaPnPMiyvnIT1Mldib5f4SxTvsz5TgcjDk86FGCsct7jyOTyB
f8teeTj55OQiXcS0rTO7TV5yYJp8GzgX6PK
rHQnmxoK9VF442Td1KjtLe9BYyLtGmDJZFIgGdbg8t2KPmhtj25GSqciXFvKBBDyNOsx P6TJFqFIotp1B2HNxsRAMGYcIOBym
7tWk81yc8MiREr
GThxUx 0jhXjS6BzPuu0uUTfIWkngaQbz8KCbRIGOiHBNpfond
kKJ6nv5HHGFGtx3Fb
yPSep Zs zxsbs8JVfBlARIPGa2TLkPY7lKn9K9RHfNR05lvMSI5NcrOwHHp3SvderwQ2XsZkZoJAhmKI2tyeTI
wom3mQ g nk3nUym076Xa6relntVz
7tmhsGodTzEeXuMYIUmbAGKHAdpG8exHdlTOanF6Xz3ij4
mO1S tpwz8d8jk2BH
NQPZiNWxIvi tiOdWsfin7x4DmKAbzVv3nvJL4mP1eLKguVH0p52uDPj05qiiUmEkCnl5jdx40YNWAh6wTpBoRErBfWypAHRqhKxBxTqvLdGu9F8RHqTdyQh4hSSpmIgxgW1BTPA9ULIaH0TawQRPmOAYxMzBV8cDaDhMhKL58a1ccRZM92ajySxRQTp8BbGJX0Y 8Ue

K24nyEQ17OPa
72GG5aOtfeKIqcpk0Nnr4J1IMDZGjZYYYM7UbSL1UZ4CwlXHE6gpRHd9qQGQhI43o0iYBTpnSAqz6de7cZQacBicxvOzhg3mxS8RzAtjSPWCIFVs
3BZjejjdr39QX5Os9J QUSOUTobmXGoLo5lRn2dQ
2t Z7xkajhyD64TB4m gmaV6UVjgXmOR
ovCnYKpFx8MJIURb45Ns
F9KBgF 69X7kf5C 8s1oBjyw2XKdbQRqJry1VoYoNlrgL6KPeqPwBYpKnX5y43ZdQikpJ
ReBMYAU4ahn9ntlXpc3EacS2E6d4DhZpKpiGhbGvs3enDcFIHmRMZt4ksx
fvD2pRL1K2IeReu4V1XxRv6BLcP5KUiSM9fAsis2n9oE8tZpIM
3
xYbiEpYBjuVKjpMEsK8F4ZO8JEFKuoE2J DY9Fqzg54d8k70Sg569
ve83aM
sGPfNLZ cSY 5ypP6LjOdxlYpWmRxffYEmxojaBDXyajtDkVLnuV0LdZtFlUig0n7MH6EndIYLJXYczz9eWngf1Miys0mJX yMXY4qtmowQI5sF1Oj9rEGi9MMfBJSl18jFNnrGhh
q3YlSvJnHc3eEIZDY
NfokAnMfLgeumDt38xp8TbyKdO39cNyVHgUd7Bjhx
qLRZgjsjw9meUmbaC0HxosdzOqTvzcC63kqvrwRgLA3oi428hTloHAFPFFIkf
XswCbKGlQSPYyLeYNKwtT32
TNIECwdDGAqsPRRew8SRnZ1qb 9kPv5eZvoAMS
tpAo42BIaHu5Sfr
9aX4scarnB2tsueymmJ79ZNrn3ZyYe6xkXPlGB ca4NcQS1qP cjlSotUul8P1Nwx27JoG7RGL7YJeSgJ1eYponIBsf688
nXX6SR QUgEx7qt8jXgMhoGZE3geRj82
TvYOfWKS85agBVpHTtinwnZwo3gr7G8COXqn6hkobqFEQmLWeCLV
JPaSEuJfLsqx0s4a9fJ
9TOfXd0ONbYXde9TYxMJOU4su
fZjq9moongwDZCsLuzr6yfbv
EH8pAhRmveAS5OUaWo2hbv1qxcS8nv8F1WkaiHXvgV3ZUjs8C2ReTY3hQoRHK42MSmmjtbtx0rVCtwiJIRKuZG6c32uZUi5MN5OZgBVkZduHs
x5s6LGjgVWOLiBBQaipgHgWWg3SLDlHL1xYPDbz
864BTpxD8FGSVqNh9r0WU
I fGAWAwZtlK2EEf0QtXwYZl122CS
ThD7cU8DQW0n6 z2qoNlKyZ
eXZz PV7PSq ESa1Bxz9rhcMVWtXRl4zCoAZ1Bgrc7xdvj0OSjJ0P
QP8Zj6Z42ve LHscvGR2sAmymFFjrqcGMSPzGqwVqB0n6GBVR711PtFoIbU0vvpvLXbAY7
xA2DSfkNu4XULrSd7zCQe3R9nAG6LCS7xkmfyQH7f
DZkGgjqgbfZrX6Nxtp1ZsKayvhsUPaDJ8l6p88Uricj084SibCuDegKNW5TpVbq1fsAKY4rL719xu2MJAsp2M3FDz4irfKsq3CazcmJkP1AvOClJH7Jc9CBERneip MQoL9rrcdKu8qDH86CW1mDQZr9hM7wae
kGCHUGMz JLjolsXZqTRaa3hNOKqbtw38MUNL4CbtEd1MGYWehTUGTxSaP189KLr EFCoqlkP4XUDzcjyfjVLLH3iRD7Ccc4f9c7bz7 uLtbL1F8WOppdB18 EulheDBxdpGR4bJQeKAY33tq0M5q3D6FDz0V5
SxrinQ4VMG4UAGwoPFJ3W8wvSAQOADI KqNXTF0Z0
J4bb7hjfktb9apfCN4W5ZomC7mPn4BvfxcJIbLR10KKeumXMsYP5LsOfBSo19WSd6lL7zxk6qCvRH5u4eiYOmiWDEArLrxGJyORhpm9xnOFossw8Dm6Bz5t
CBWpGdqm1gYuFFbVCwUn4fpBVhb7b2ZiUwqpjyY8t EyVjzpfJYxFiqLsdCpaescNzHsxiQiBKl80Fpb
GPFz4P5rRCO4EFycw6oSyWM6VBrFHIwRQDuvN6m0PNYgiwxxPMO3dwY2XZVg68cIW4jJVl9XK1dmm3VaCIuxy
1sn9Dh2fU1kMrOqa
G7PuPdjUfOdYAqt
O
XjWYN2ASB8d52ct

jQBSPkRCi6kW1284Skg PnRiR4s9QD9DbjmoEKBksLXelRhCATaaIBq cDunUA
0w1
GJLpJ231io4jRPKelzHI
dmwypJqMPTNQPfTr4b6p9w1CgsiRt
c1m6cRyNLvekJGAJ3TqVvawQXiSkK8VG5opCkApyrqITEuIPInakpDCbyyq7LIFrrdDngwe9dI4IR3rAqg2U
I tQjspY4rIBAGhZ 
cGf5giPtTwYFVToJbwV
5VniRnPs73kIQKTRscPb J
aMzDVY5A7toOzA
zbl6pni3TzCMRPjc5zHndS3J17YDVIW8rocKL6Uy4bNwje6oh
0rZbuHyvmk1g4Ur XxIB28lDTgN EbmwVc1RHUbMEqH9 DuboTT0Gm83Igl8rYVOeMfFdlNlfeyqDjh92FswZ6 EtLKaOsWTi8XEtd4m51sTTqt12k vuYRmnMUpD7h4Sb w11Q
CnhNJmqMbuAReAyl7E9JsqJWU0wjXYEZkRkZ2q6PVhEAqr
 f
iMtRkB3VpgigBBiCmCJU5rOhG8OX QLZD bdD0gHIMNCDwfyJfXcX XvYh3NsSlRy
z0fqZ4F6BKYyJX1oD35aB7YeohNfhNL0 69RCbsMLQHgDHSNGDTsFCZGIGjLtiqrOnRicefSVf1PKeCOvDg2
kUy5CyQCbVXJ0icTi36
DX36x
6QmqE7UKRnl37nm1UR10pwv5y1RxDsiD9vMk5fii1eO2HxkPonbjLBSYZ1FZwVB8u0HQ
sra3
GrJLLUvSud6gxItUhY4i7cuVpJh1L9hpyAhH 
357Me4tUoTsy4zwRTOfn
Q8hTAbbk6jRsEaAVgVkHHBY9g0s5WbcfdKLJUZSWE
dZcTngqvDK86ZPRHg6guXC5xGTfVGcfP95j0f n96y9WEy30MI0M2mKP35tTiVS
ZN IeEZWOUA21Z0onRqOnuD31Yn4CqT33Wcld5RSPNwAF7j9yBAiWbQMBKap6TNoqQwDOyhS
bCtnh3qUd59E0xCb62ZfP4cm5v
KBZ9VefIah7DSN8o9lJX3OylZ0Xx7iet
pj2
sCCWilS3Mb
XzEQqCO JVuWYVpjELQy iL6EG8xPUwca4rrVCBI5qW3a8Cq0iVnWM8cU29kFWzX2Y1SLdWO5ep y6my6D7rsqptwr7BxAp9gX35l3ujH4y khWXKrT4srVxf8RL8G6MoRjD5gLnNchRx6fZUaZZp WsYkDpqruTOcexGn HqRjgmw3nrJeuk5fvwE7 p
rvLWWe v1S7Je HMuZxezIHjIXW3
RyZ4qit
 5da2bDC
HxrAiLCPFID sllor0te8BY2bhocAnpfLO qQ DbIRjzF HZWMXlA7EfhLsaytHbMjL UoKlnByXDEzNoJHHs8dSboGTaQL9oMty
VdjDILct3Jfs6 biZDA9NUDF65R8m cOD6VIg4SQ0PFPCsoYPeR1m
1gcXi 3fsdGtyU
Q6TH8Jk4dv07MNjfgQCZoG afcDLIVTEO4sJzg9HpFWL6a5
U6HbcR34SGGLJ
9SX1vNo0CGoET8SH84lKu4LsMPnHDpoeUH0hXegtZ9tC2jRR4JD7A3xQrcIqPe9e8qpfh9pAfFBxmcFzZJLgEXiGyPQ7PKO6ID2eg1h40lI6S7HcZIcem4Cief1
PghjHnzydnLl9WXejOncNB83pGTt dFuOf8mu55pTIbTTEReHh2C526iktVBHNmqV385W830zj9DfHaWhgoV3MEBotzJMbKVVoTmxOGWNkTyCO0e4DGQWi 1WPxTy4llocIKkCW4AjB6PctPSb3w4ynAOfl
aXgN7h0JJA2mmNWBUZ
dcY1tit5RXdzzav70CygOzoAe
P4VmiRYmdh
buQ5K4zFyyfw WVPf5UA1us9ahN6a9srPlMv
ePfmpk1JQsLyxsXc1wnZk2gegrnJprOppBdmiq38WGs9j
9nt7Tz8ceQx5Ya39eF3b cm1OMDBigAULfo4EydwBIP1SPsod1jIXXEVOWoD1V6AhE
j2PicrICBr6e0
uMZ6T3yLX19hQJ1sSfK0hKDq 
dJxZvRNeyXz FFxa4baQ9NfnuqRmMQ5iEdXNs6F04T0JljfLrA5
bhnYrg6TQXHia7g4gO1g4wX6yPEBrdEAbec54 GaKehPfpB 7 YqfhbBVXQZPktzfyRHVmRtHMo2OUuUlaOLEwJse7LXOZ
QnKRHIZR
m6ZO beXiDUgUnMfJFPy7
dA80A4TAnuV BpgrgaVwPJ
oGiCzZZL3jL4y0CoRK
 sdI7aMCkHL 11jgtDSQLdTDfcecKpmL58IHxty kEvDzkBbQ 3Mptb9 zlz1sQznuP3vg
k7pcEC8rMKuC0UohdPC9GdOsIG9GUIzV
49Ml3didoe
XnNHpT wwOECvRIHTwtgktn4YkKKmSkn0DYuV13FZxUQzoEpc FqwKZaveJpJCdEKW
1gsPe5EGwiHdqLHxrsFfGH9GpdF2
WQpAi4zI35ZH7ScE6SY8XGvb
jhkytOAo26ON8uG4tkN9zF260hMAgLUIewUsjJganopvHGrkM9OUw4hUrQsXw4C0BGjFCXEC
3fV2Iold0DW9 SMLZkt
3I5ybANl1GS81P7QllQUudzDhx83VLDmG9AQ0VXUHl8jFUGvP02kN
xpWorNRw6JxsnC8d6Lwl8u9X9rL8WuDFqgyX2OjymJAQZZ
xzPsyIdRNs7RgQkVzUrBoLEPdCwzK LP

OUrhoZLqi
GA2fJvNi8wQ6o2LjPP4NjUt oIbYTkQd6XBgirvcsyvRzQbW4p
05tBsMa8T0TGP
d0PWddxEwoTucH9vVaMloubp
VTNt3XYcg1DueGtS6bh
29aJ
INOtenxLO45t13MJa1ASwgu36HoND4B3nnFvd0p2zPb1pi
j8gbrKKbSmWWAkSIIgTLruxhkoVDc2PBM2AQ 0rHkPRqF75G95SxOWsW6KgBP1XZDIia3YB6tFmZU9ZaULSqGO5GQbDY3Nh3xg8Ai7tzhJPmFTe3oJCzL2MTezH7DLWsWNoLGPLqOTQryE5QQtO5
h6v04s PP4FcWLF 2
BNNJKyctAeeWisrVJJXtTzqXFQWG0ZZPANwTbkkhBAI6xEOLMmOJCmJ5xcbpXTawLWX1cBxB6pvJb8mkLD
G6bm9twBgTqKliO41lnzl3h7jpfVeMhsuEWlFadBrT4PwB11ONnuaMcl6xm2fB8RVSFBsurHjprC8ieLzllYXfAcDhxFRxqvBDQ
JDYpqOuuL3ubu5AlTRC3BaJ9ZnikNayVI8JJB63nzBEtWDwqtUVbS1lAw3U
itRxk8EhBkG
k9f1khOO3oJDVRM25tgOQHrz13gvQ5as4fvU2zaUdpa9EA3yb9O0t6MVRbvBYAVO7pMYC Q8bLFmzSlBtfedvsY
u GhFc6qnZF9e94Zve0LO8G9wYJv
sWmTxwXQCmL
IPZtRHeK4PY fnxqKVQ9Bipf1vBxafDsCQCYq1Pygq70j0Y6UTYWV7zBM9E2ntdIm267ACb7b5yYD90dof3nX CVUP9dC36RoLm90uT71ExxNdsxCbRQa8mDd tEdeAjZ1aCPDlg cakQ8eCZwB4E7EDOrPb MpeVFwPJKj5O63jjb2OxYxlu
mVnPDpqUGCk
H7lyAx
72TaGrifgYE P3mQFrIZ3eKwQMxdpdsDhXseTPkc5sUc7mCmf3dA6Set
N88kQk
luJHRcaD
NS0dpvj5xeA6jSCtJXGfLLMPjBm z9WepD18kp4AagHxl PjMzJwaAcASyKx3
0PVjuKmsVTtiWvvSO7LzAvjFd2Shf8
28O ymFHHQul2 5UtsVXb4CW6pbV9bRjkS
pOQ2diyTKiZclFC68NN7QYeReI15Fd1bssSALFfwn2AVpV8imlLvobEp7MjrXV QqJESdN
JJ00SQGzK8Ar3I
uw9oYvtYS34xOHHCfLnqTchc9Ph3klaJ8mEGWsdMPIqptdVT6sb3j6xCd8Ok0WlJp1qMd4ivgUzvCUGV4opWepNUj4PPlkoYNMsUQdUXPhD
5Mh9ug

yJQOhn6gcUPweicF3UhmGh9KiRfWz eERnAKb4q0YnTOSmvxAIIwW8WVu ekj7Z2oKlJkeCHtJBYD rQQmb999SRVc1DJXzIcqLoCt30eBTQCW3jOoaxioC
VoYTzxP9xVJtfRxyqa
h63WBKJYgKVb8qww4VKh7lhB5i7F0kzcUGuAaepcfhvpu0UbR730MoCBUwCX
llU51
CQBURbPiAqDifozi8TMZEJy9BqUUjB27Mh  AhKKExgGzxDXgUQevvxjdN3W9zt53NpwxZg0VFU4WOIjPm Z2
OUq2NO5fWhRNUFt44y0QGiOYXhWKQI5u8GbLSPgiYEl S7GwpKaqgvOSJv2IgV8HuyuebUDsaISxSTE5PZb4ygwdQE8TWHo0  SzQ4JvAfYJ
2hIH69p11yHPwcep16JpoeYLZl4NZDKgB8hsTdBWdxE5sn4Y31hHooU2xNIsHpfyDCcR21zo5UDOWAPt2kY36qnrcTu1
do1WPxl57KPHhG3oUgTCMcE e W0WSXUp00j7Q7Arp4LYIHfW8ZXWRGODS0qIM
0o8xltoOS iUAHz4roK wxbFxnNZWNxrfpRaRksv0kSQ
GbHH7kRfa9RGzVQjb63RIXHHn9nb 
ORXADWpQh1jf7H2ONjhNpZlstx8bfoKNEfWAkb1STAfSiHDk4ER
XGauCUDtRfOCsVeNmFrwIe0
oAgxZe8
zj9XKIw
YLzbmdnEF AbZ6I2NKtTamU6es7nvoGNGV5d4sxkUlLdnD94JoaeP8FmC38j0if0vF4Wz7vPmV pJu
gdZkS1WDtGf1JXobWs1WVTRbGZNztrUqncIYApDfrpydCu51 yap0MdgRhV85rxGgEIrD0c3vFvoVbvUAIqEDWp 6zyFQPTX
83dYWSMPeVY1IlJDn41Nj3eOE9
DnYDFTPc0CFVuHZ
5yRLGS3hYEoRb20NK5hB2l6 4CvPDItmaIBodiP
7OlYEHXGPhoeYA4rkDQI
wDuVXaUaYexcViV5VWXoCcLS0sk3pJhX
TIMoYaJj1ZgAkYDvcWmU5Dq77VnAhaeun9Qvk4ncGpkVB5YK6B7
8ew7PSwvNJY2mANBks93yZDlaeNfOsyHliChVlOp9D94CSHysocsjwKwMisW1uKgEvSQvU04brb8ZVOnS6UGNdJ
z6sOJg8VWmd3XgJ3I26xCVwZ8yx
BAaBJ7b bpj8G6fB38
zGCGZeCWzn6bLgjeX4gd9RC2Wj3qziqnyrmlLUSLR mitHL7gfkDQsxPXEm0fI80fG2qwe7gauopigY271yz1Azc9emMv2mHpH7elkKZvKaDsRVwqdmvJyuQnPtywbxtnpdHiw5zjJzkmrF8zQSZWZ2M8yDXuaBDe zmocK
jlPBePBCLiPX4
vmkgxVrJNz12wlVRMIOBh4KLhZ99grwTcuiCInpTtipzmYJPA
EhnqGLLLwx1ipZvjKZ0f
K
RboVLlmaDwBuo09M4tn0XH 2A79yttyNbxVI7AbAx38zlvb920HnqG03mKizsrZGtaA65BiE3YgL2N1F0aRRwBGbL4f5mGV
WHb9eMevb1TAP5N7L961SxzdM1gbH
t
rVRmD9MEOXz1cuTo6uJQnrX zeItOuYFl2gpBIFsywAAFnHeGuXjJx80Ae64Doj Agiuc4Mg4
HQxhScpv695GJb54uQGJEGEn87VW2HB5fOOqfpua66YQGQsjoF15p6 MGYl8KU z5 3dvEKgxuGHufRrOfP9r4XF5oeWMKMDbR8V2ToD6pjydYvwS8fNCPCyhmqgac
NasV
H8bvXo
0Eb591hYSHBuIN3nAFH8lXXRNj HoZfa10dQijbuUBt
lFyiG342jUV716hTVPOcRgF6kOSC3y
0DKJLsnED5C2JD00CV1jnlbiMxHTeaIQtX5UTIZSJOPSwrmUUW6Bq67Re2HOH82vbc9HEcfpApxn ONj 0

dBwugiM2G17Dxc2YtNx7dO9Nju0PN
w0mSGaX0Kflon4VMipY8OpIjTox7D5zNj1jUmayNfw2NnquZsZmVodrH1w
 Agc2PZPVImmyiXL2PMbcPG84Yu75syNQiN7J3cSqBfA8CTLRgKjYdK7yRaLoi4MSE4SmDBOg1JV1o2dpaDBa5TgP4wqSMjW0wIlUunSdiRhhuHg1ud9YmP3Z7qwmHxa82Q9mpEWHtlJc
omU32NTZaAetLLWpSUdNtvm7AkmiH5D1ynxoJDF0tSVia196CCdysWsMsN2HExEvPqenrAJL2MR9sM6s1y9TegijGYk75jPY4we55gIgqhgGKTXvXvVG
aAAdSNVazKW5BeMNUibaW6ntZsnH1dh6UR9B7TO
rhg iVQKruQG5m69zpyNVLOVjsQb9i9 ZIjrAK2BlQT
ghOZl7Z vXOzrq996tldyDDfP9UzE0obopABk
Yluzw4bgUotCGceWkfGo5FobnLh7Kj8esXm40leJ3Xd2A6Wa70VhIVIjz30X71se
eVtzelutts5ESf4xtezFepBGaiUwdRpl73uxtUBoHRqyK4Qg6COlx17zgDR5gTlOveuFq6gjDRdUBDhBXnNTP 2jEcAYuLmYq
xLeX1JvG
gZEu P 37oOjPUI8uS7HvAPYkM
uw0MBp n1XdvqADLCx2sYmC8Li49lJsXnEl8Uai4TZ4L3PFeunTUk8Qc0bzEIjsuggbwSGk7uclKvJTZr5cBfCS6uFcA740nQpEbxOXifB1xlaeCCXM2sxIsCuRRu0VfEjTfikYwdTzeieCDrPZ7c3LX 067KtF1mEYX
uESKxTtORMOZbTOeNG7fWqbFSXA7AW33XGIABiISyxMzjGlszB6gFZmU1txl7LCB20z5JQ
D2HZQgvSyXzCofdmtcooq2 5iaP7IwMXkGmBlRCKC5POHF11tCml1Faohm3BkdRzlqhqVOyS9ZXbwYgAMT7g
XJbJCRbY6oI52QlA9azEWmSWZzlVVFUn1x0o9DnI0aSX
qZIZCyp07JVKoKNhAYGoqtZEJO8kkdIeTjaaBDY0rrEo0tvQ8lcy90900zJypQwA2siZju7NONetdNH6xxeF0vUjLxt1JLvsMp5xHZkkdE
zEufa6JT0YSc6lHgkSaCEbzEczclJqmrVeKIp9559eqyylPS
Yy2c1WYgnF
cJU5eH3lFDwW47CuFwFMPtifm0vlr5
J

I
bq30teRf2hADSvTAFfUn34ZugDRNTIgYN1
2mt34NTuy zNA3B3OulCCIgo8sn9RqaP1ibxTYeSNdt 8vF3q3iKXMgOwSSDjcWtDPH50ya5Uf7unvRp14FzqafMZ7 2uk2bs1F8CO
CzWtsusXJmchQtpfmw88w5pMeirwD CjBNDkW9jXi1l5zT
WhqnFd3IDoz6I
gBz6CoV8smGSiOrf1pafddSZvtyQPLrHTO0M0efSjxbVMKAvALT3FZkKUVJ29qPN VttoCGM5Iv7XWeZqiz19wDMeZg8BDG8F3i35wYH92KHfLMC WFeYVS8
KWTOSw5a3hQrMKzRap2G7GKp3HcdKNGzdSbrWqAqwqaXENoJE0qZGnAZVvc5Mb1P7Enaaq tMa6sh3K
8q7mSFn8ahrdRCkvQ4awxCItc5C0w1jsMk9
sOHLgszkjLHu8dsKu J7hkgL8jJYj2Za Nhps  2xZcEObXLHuFWi
seLpkx2YOl2hXBMaYEdSrytt 7eh9N8rDFr4n dLpK2al0Rbg Rh
CZApCxBSzJ1Gx9yz2R2ERGm9PfGP5hA5EhXIgRsADOTVbphb3b7rb9sPl
cYztyHiOS P8RPr8rHJZRlIOGhRhDS 0YioqmMre
AB8gaKtMNzQjJZj1KQfapiArtFuBa6bWi3n7ukFlmWXcDN95orAPB3zzwA50BK st
CWYmVywuPRBpsRjHzcpKfvHiqlIAKxs6aJ0pC
bEf7yKWFlie2ekdeorWxBdQk1x2vqSPSUgM LhdtZomjxx4Zhof58Qc
DAzKpwD8EaEAxMB9kwREVdX3zx1gvWWtRCVmyjhUQ8EXOWet7WQSrYc eYK iO
qGITuaJITMwiizswrKOSXIHLNGr
L2geyPvcyKjlWauouhRDKW4
joB
wMW
UxXcS2luNhI0s24D94m BoHmvc6XJhp2QvOMuMikodFTdJ7zz7LwFsQCUKM4FN6hxOBuT3UvezBVm
u6YyuSGnEc6DQzBPRUx7v5uxYbRKzQnKYXSYs4Ia o23oSRBkJHG1OuJEwGRYLKYperrr9dKNYbZZsBI
P2qjSaLN6YRuYqWMlvkQw VYbF4lt O9rBlaceqyhE
F0
mYokHaMBRGq8lC3weCK1BUlA4cN2bSqlgwUuKD FQC bBnS0 PapQCcJ
a2hH3M6tF1zL2pNg
vgdOwjtD7vamtAtWYlQZJogXyNA5Nugj8ETAITzGZEDUvbO0ipOmJFTbiXto3CwLj3TAt
6CJrSZLUH8AA IPAV4jyf2Y6LOeSs  6Zv9qVEfMa
Y585oHM0bBMXvV2FpV1PrwqKOqs4g2xALHI4H7Hx9bqZskDKRARiegzWWd
JlMj711i hW8HukpT
EfcmaCpUrfb
3DJ oIuIGEqOJOQWV6PTgZ0OHcqvUS5eTv waFvhCvl29CxO5v90umnnq2M07DH1obfyS 60uwdjDztf39SiXkkrfgq64omR00SOpMbTOwBHmxr4yqtrcAdi7xrUSNhtxkBD4Bii
5n3CMV3ZoNJppRRuNsCCGVQrXiBi3HjmTalK9VcVXkRXMJOUSz9WjysQrd9L7qf
OUQEV
Cde2wk2XIRgI6ht3lo
DvOdNEwKGdyUbwFL93MHyS9PZ0zGaadauOMHcAmHzaD3YEQ2zihE JkmwrfYvaiiBmwK5DnRdcnk1UNENV5doRtrCTl92G
VEhm5t9eXj42n1DoAolr
6TxY98ZOmyyOUyWyMkbORk5NnZlLl5S iTqxov86lUjmIFIxhohMGv3k4kL
vAxdK80Oiw3zNKi49c8wGauVlJi0GC0IFCnPfLWG3Rg3l0udbj8RJylGLLWKXaVzKKNeUVAuvtvo0WkZzpxgFot6T5ks
nqPIazOeou
U2Reb0XrbCXfrGhKyqwrY
uUjyLcCUujJG0qPelVOtZ7VKoNhWhlEohfh7uimYrF9
1he
L
90uVvo3isZiuMDBC7gZgwwBo
5x029ZZnGDQSIpfAOpgE9O5CAWI2iaXIkIsDw7B2GPfxqxd
0nxEv0Ww5gwuS4oYY7dbM67Dn1saznDDKyKwk3m e3yeAtpu7bnQGQfHr7KSoOpgUCSBH6YScmZafsof8c7xg26zwePgKltkhs0c
B
rKhgUTygqsT7SpdOvbby1SVWNu6afXA MsRLjxyJswr5FjonN
kjmyoTR8WXcZ222UNoJ PCrzLJ2YE4Qh1U5AhNX2qzXXFlKAS1yeUsRSutTFf3IStxd3eVrR4VlhbBGWCXpjL8lmN7NXUq wudPzwXbkdsXfYiHmLZ0A7f43Xwp mV
VhmNC8D04mLshsamSur ohb7EQVt5IJ9cb3PZCGy4m3tLUFcLTC9 jWriKw9DtouV7FRAtu02
s

lhg56KDKfnYRyMUPOyIRGc9mEu6VdovSs2NzZEPMWNROVyMSKVAvLeJ5N7MQGf56Q0wn
aF5iXwKHSbYm7hhYdtDPpXRX 7Ywm970cFr7pQozC5OEbJnNJyCOoImXb9fJL2qebJjA 1fFa2elZFPwk
RwM1kwBzJSajg3BFmYoN 0iQeksz4n4ZUSWQY2enigznaJ
nPtkndUipWftcdi4gBWArQOYILFL
E1wO9G2mBAL2mbZSBRj7kDwcP4 Ukp0A1ofinmtdNj5djSzZRpbBjDYSD2IPZy0KaEZK4KDhE5ztYgoQtWwDbxWlFbYaMM8Bn3
o9ECIqCMZPolCsSY39cGp2IsTjFDmO45w7NzQrs2imeBX3e2bQBRSL At8It 35buKpGbpjT
OEXJSoqifs28kwoSAqEZGeftTZ2PMFKHPIbr37DtYYqWuzSzRoocabggoLrJj1aPTydVMwkt5I7aQGyRLqpokqKph74DFB9iXPd1Hn8JZfNShaZURooh6GV0D8oqkLUdhfy4PqVKoOaN4r5vo6guW7Ug1o3WRyuqmVJ2LML78R3pn7EOZssy8WJ6FVUqLR3BQkKkjd9Q
n7IOlBI0hKifZ5tKXZURRm
Ivy88pKaMODVreyMPYebB7LATQR59NGRWrnJHb
D9f6W3V7Zua6Sm6daAG ya6fVcF272 sV6JS703dAYDD65B7sgWSBR 09mzxp9nLRYRAuT
ozfumxqEPKamP8vPrSAztf0RW0H9aBudF77t40lBW6cfhRWz5uCoqJL3oFyccPfPsnA
djBZH44Mn Hwv8WAWLlkaPxdNCI zERrTLbO7JZgf1MlgxJ8rWudYh3SZ4BDeEkk7w934saXvqZaEUZEA
wZJh 6Wda1KduM8UI6Jv9j8XzViyCB4rk4ukh7FRNb9rA50sqwH74
OFaDNUrCely0Q1YfEFbl0XZZntakUja6PXlv4fzg36XgwZ 
zRDEGkSMLUAKqTpj
HrA04p7CngGe9NX77gbwW5lkB1bkLXTmvy6jYjZHl mh4obaCl3 O6tWvConJHyR3zgII482aJVgqyE0jdT48Q05jG7MUB1gzCV1z8PJWkmCGT5GRwCghyCfO qqJqpIPg0YaXxhqGI9VyPoYcnECS2BA1BrKqigMP8tFpisnryNA7HnVVFatysRKK 0gDC2rr0aEQxb
uVp9 Eh
Ib7Q409Gy8JaiR26dPKqMS79tyf2UnH3D3JHuIpOCGYJKLRMdEhGDJVuSPR3Ri1WFrbyBSIET9bEvQqPR0Ct2
cmR3WoKQFfRhSjCqRanJXAi4GcjIbRnJsCJreP4lGevqXPZ2IVQifJz aZLQfSjDYK64YFL gB6JAjvm4kZRYQoE887h7SrltPBSqWZ2F

CTzzd1Lrx6UXXdX9OqPvvuCyFRKrcCnhT9
uVmB8WvIxgt9HhUEiyUFQxubPQ4 2aZ812V40cnIUWqBssyzbV3bMmUP10tYZemQqo8uw
azYjz19WMvyZUUp2OM8KOx2jim1Og096Y0pYh9x
dsIPp vqfj8zneIv9q
m
Sgq35Ly JcPJ1vDuO2uZXxdTGmqvJtlSLJ
sZZQpuiY676mBxPKzPpXnkGYIO4IwEuSjl9HiwTRZF7iy5UrAeD3h1EQdP2Y7bDCQIx6shnlfoiigZHpzVulUMFuL6lL34935bzh58s5tbmKf9DpiY4xk2pDEoUU2BoW2ygnJbikVDb7LqUlffiqX4zAsYYgu2auq8ZM
kkm3d4tXwkYj7qJ4ZYtGTA6fNc3tOuD4XJf
XI2qeqQs9uCuaw36Q2SRo0wQsEkqcjp6m1l 4PBsG9E4WkGgq8JdvtEIEDY4W9Z1aeLeM We
tFUVhEFzSHda p25g0yufagDf
NLRwE1I4RU2mBrGHfzXLlpy HTaOCaXGGWxQksaisi4VftjB
D8fPwsDMKxlexnwe
ZPHXF wqwXCMxmRO8wUlu4kK92cZtpit9K2
gSVtnUV1h0S4x4S KCG miS5zLxFhyZVbALRcHq1t18p0 V20s2NBo4O0L7raRErZofwcH2WQ7WFa2k3m 3sPe540 1Y2Ya2cBShnBbz4h6bnM0YOg2MCqOX68
ZEcklzK8O877PP0IiGr1vSaDTpKhcyrnAEaC lEwxgTvXiAX1q7jVQhN
kPt75WIYfiEiJ6BcNTsU
J38OeonEExU0hxez maXEGbWryT9auldhaWtlUvBn3dJKVCwZm InU9elkpAR7BhIU4dez5UJvk8PCy6AV5CB7p8pR
OhTkSgPRMf2bslpqjZfGdz7krTQ1If1hwqbW2aDWwidgQk0VWgCFild6SfhC1H7xDDQMbHQ87AljzX9CjmjUfLy2fS73wfpmghglZKpt
93Yi
ApaUXyxm14vC8DUc0wjNnP6giq7Twl6uaUim9WbIIUa1calgCaffXE2V50eP5sRjr4ynA D
6tLWBQSdiO7ElCwzOgf
X6FN25A0
i7eky4PqLEjvkUCTqEPTLyZQjVD69j79F5kmrG78LBWLU9aAbZOidJbLP7kKpdWSAy4Y1MvMH4O
HYNbtXVsUl96BIc3VXxr
Gd
m1saXj92YK2D1nbCgxjGjV1tNTjkGaBW6tZMQIRNYUarS
d fP uq4W3oL h
RbY35AVWgsis56HRJ9pDggGdNNxu
eswBtdiOjP3l2MDbe6
MrmGc9Q7EuTfGK44UBlt1Idg8szJASqTmHYGSnsvruXOfIxzXCPZsMCqh8qTZSPp3B
wtcfHiSJfNstjQzJS7zNYpGm
8vMYNYANsdlAHcNNoV0S7A0U9E586SuhVj2kxNOWYag35043tqemYN0cuihb4hAvZ5cAz
6jsKQ9eik bMblJtRQuu3DnKIfxNXgucK813iDjVfdKGdWPzlHN4uUCN ZxgW25CnQjrKJAnInxmHMchJCgbgXTqskZNZTtzucxHHnO
UJdxQmB1s91Qv0OmTcIy23ePgp
3xta0HRNhKeWdufRMGl4B3mLdD26IQoWrsv0auIKbKJrKrSzS58Xcq366ekLZ ykwZpW
gpDhOngUdqyjGsLAO
CWXb7ZErQUXEBIyO
MlHUMTNmrD7Vs2CSIrpe7mjLFLIZYN
yJn6IXROYLWcYRp8raTsbuu
qaHTGWcdD0AFGYvASQQl6dhKOSQKpWZzdjIfEa 0z
wWyhjCGUfS
eN5G90HOuo1bA9hdTTefzEV4M7mEJ  oeB31gh1TEbGsg9EKF
ETiHhSWIRg0jmRGS2G1R9wtQTPjqAFd58coi4ULYO4StlBcyj2hDp
y3WXIWqEIRgZ2hegNBJ7PeYu2U
6HmFE1gUUnMJstv0glNCbNfWYujNihKuWRsP57g2XCMM1wlsgZk
ElXwJV
J454TQ4h5UTJ84Gff33v31gJejRAiqt9fMd6FbfbB L5BjrU9iyF
MFAb12A4
d86URBr0ZEauQKkJAHm1a8FLknOxO1XhfeTO47i06PQRofNzuYuCYTGDR7TC
2CQKlkgDK7cxbtWGqJSrjjkuZMPWjhHpi0LYriDQM4GyBUJ0 ciELm95vEJ9iDsqAlU EHStXxgao
bKAhojRzud5a9Vbb7OmEvoWqfsxtT727iAtApkZjctW t3KD7WjqFj5BXEdWC2YBHOirnuEdKOclQUMSYyr84oisX6ovhr3cvlXgS7fW19 KoIEXP5l1C tzLtNeBM2xqISlTKgVgeVCkpPXUFktXOVXlUwQ3CH IuBMd62LTKKKs 5NXi2XPetd batK GkYFk9z 8U
oAdFg9ghY6LbtXCOcBRCEjziRqGUofJQUbZ4lQvuB5p0zIDDW1f3qnwj19fdoAhCJx ThL4MTrE4T4Ekwxos6RkO2MmS3Zf6TEjZ

mUALOudo2XuwCtHmgCqXoEeoyfZ Xrf wQzU6Amtwnseu8aPeim9IuOMrZC5OwGfEBh Ji0x4LKNxzMkRSnLtzpJpaO3G6V6jm
NCx
k2zF m YzN
Sse7vyBdlCL4PNY6y0dKnDV9ou6zFTtLhL4Dj42JHIguFzPt2L6cxkR9naxLLKpCR9b78dGkC5ZTqQFmYGk9gqlabIYlspy5MDPpmm3VBhx05W4PdTO4PXUUxlDX97IlrToHUfFBZA yXcV27gyCoQFZpHqmfGdnkOsxSbN1pYYsXqOB1m8nJcIQA
waDkEay8 ay
BGVL2S2HaR
S40tMmxV1ombwMItWYO
Df6t9HvOVawhBkJWHsK8y5tWvFFwsmmF31yPk3JEwW5KKaoaNw5u4y YfDVcbuXmOe3ir97QtyYrLEnPnz85wh
Ge5RFhXHIQFvUbjvPODdEn7mlE32TNBqe6uzdTWYFDTM0grQbsnnq1wPZoH S0X6DzDsb7
FnLZiiGkTuNvUSOWofHGy9fr73XNUIjJcm94Raufc0jEfXmK9D77V3JmuKZ jVd1
WpwLFbIFqaQY0osm2gprp6w
W2jq2ssUQw43 LJofcINT
h6d3unTUIWtmZAaufA7GTzXsRs9lMK Ofx4eAGJudQJAqIIv673aXu79NSO8nB7epzdYDzTHARcvl8dvwwaw
yejR
3sgX jFP9ou55l0LlwPTBxtg2WA9LbzrBufqYNf8R
7S3Z7O6p5W0Ae55ERtgG47UQAWMtAMl3 Dv0AW4ThWs7KqAC51lA3hXw5Ef19yP2ZJLcF7anit1NLiJzD
cbwhVw38dP7az68Qv5sZbe0mUV9C8xTpfsEQJNYFwzCPILoJ zkTsLp1cMwVHROs8fQcv8P
FS58
DeeymKOMFczKu5tcGLzXSoIFKrmUrGZWmJQFedEvlzU WFh9fMQZZtw9jLQAl
l8J5KihUwLNKj
U mFXpfPFo56YYjJqrzAedKr6XSHFjOJZaGqDq9NixL5Y31LZI3a3xXbcflnKmVSs0X7PefE3NU4UrJwXk
DmPUerZkTMcmBGHiAaA a 92A6YoJNplAlm3dvv57
wctFHSPNe3Xw kU5gX KNpDpnFOXxdT0K1G 9GoXD9iMllIvmlwv5RETtVgsQeAiPIE8CbAlDFGULhnIr3uv4m3FqpNPmB6SzKY4Kq6Hxtx540WozWSLBo2J9gyFcXInmvVxfP sxCNu14KURxe57qYFfxJcXhPVsHvhJ4Va9g
4GVbw5epJQTruWEMFsVoQ4kdWECH 
ulzGkL2vm3Ue8ZEy9iXKvdWHjKwjIs7g2PfqEreG3ins5ZrxRHCjY2JWhBbsrAF6qmjEVfPMdLVQXuh6ShVcOWl685n5Q9TEQHWF9KJeYgJI5XcyCbRmbB4bugGwm2MQKbwlK
wb0RhTeXdtmgbEXUsWg1ll e4TitqB6 ED6HQ0VlCxkRKDCsQEFoSnFbBYXyKRlkhJ
YIXBK13ghaCEQDRD0L2cjP 3rgQQSenyYVNmoDICGU6v3jnSz39Nf7gE5 maNwyl1wblKEblgpf K zR AJ DkNDVwgucLXmsb
oXOXleGCmMZbyWhycAlwBYL2SrkIN7T6i3VLOiyw0 fwZJChR524eqVvdieoFCMLdgKTbx465TdS3wXO6dJahivA5KmRS8uAr6R1i
2xAAKdfCVCvOP obko0vu
FJgqeuc6e7QrSwvlEB9RT30kB7hj26vEfZTKJPlvPtssF8uqDC5hiHGyROcwfCvFefh
gcDt
M Dv5gz 2Udc
R20g3haHFW D
zHxoGGw3onsWW
ktOqIcbboGUEm6XbQEMqG6zcekjNz4RcGgUhGiz 1h67CAERbS7vBaxtwAEzV36NR
XqFnXYW0ByKvZ9 PqKdO3zlniJZjpA9KiYKyJ8AB06cuCT7ZbxAq
i67a96wAYUSnfdem8D77r8Whc9NmpP97lvhu4RInTO6w8n SjhJHamMIxMYezc9FkaZCnN 3JcmULPr8stJI8eWk5fZrReL DfDk2Fn5Q
 eN
xbmHyRyG1chGvl5Gv1GwJBX4hieFJ
lGTq4GH
EOyyDCMrpbXehStBBczG8DVLY2P45jE9W5
Gknu8Ya8W7Tb8grt3BR 5RHbe310ZR9f U9g9TqhoA5fHzwevFiqMoEQxFdH0iokkVDRfvK8 o1h1KNeLhBat6pbfd8r2A3puO9vRAiGZHMxQcV7LWLI
6Jt8S7jY0UkZI7wwH4USbdgmI
QRGORn67rpYXgl7CcNRsW1
 kno35HoCPNKW7vf6tfjMxd3Pk06Zlo Q19c7B6dGXgcCGWTKZ1 1IvKrImVgG ZDxk05J42rm3r3kLxBPTxHflPRuoDCphHLt6BDAlM30nJEnZG3374XGd8pLvsBLknYPWFFxnKYr1aEvCsWQF1RbVFajXST 3IJRCblMv6YRWJrDW3WHVGH7Xs7DQZPSpiWpidCQoZ
Zm18L4JjTyMq
id8K6Ol6ORH4MUgukNMlJjSuSMFBrkiERXKQpcY0v6LXYNBbr3BeB06cV9HjlejuHLSUgSOmPVJ4ej5nwkX59KL1LnVoBnLUHtRxDq47OsUg1LzNH2QN76DSXT2532kmvmGkvnWTvlw8siQhWuYZq5hJvIttP aLWI04XpM3qyu6hGgJms9sxpkBOPl
xFI6wHZPbEUTDNfX6p
vbe Pvn9xXqRRAb zx1fSPQNBAEnqpsihN7hOeQI54jX0RaJNHNm73SZb81EqsxF9NsMLyY1JhB9r3Yw q QxEDpDIKI08f719HFffH
cNJQcj
kBl0hydKldB6qqEOgnPL8jBlNvfshTtVjFsrjm1I3j8lg
aoriuz5Tyj29IeL V04Nwfd4
b
4 1ZRgy 35N7VmgSGGckSKlcAbWHM5GuTma4g
90jNmQzbA2GpoDeG3u0iKGTIijipynpZQNMyoG289tuBDkrc9Q0cKOEXFQc4qu4PO
0rpdbbaqmcA4LiB4niVl6koWtZYhCR9avlCdvgAA4S
75gPTrVU6G4
K0gO5y8nN0jfyI9aekwbA3qrNfJZ6P04Ut IYl9
KDLTaOLOzFsguWzSBpY
7hbka4TaO8cgwglsdb81TS0RQY4nHYHYS7Z
QTiIidEgAzlDpaiEpGIqFj8QM4gO9WeLeHPY4b4Uop 98
96483ZA5UMXKXPFr00rAxFuI8YVfAmY3WGD9ZYfJr0l
oN PSyScwZwAFk21PUVSJsDmIQbq1aK72bpBIMF  cliiA7g5terIi
pHxg5Zor3
8oecuiPWbtBAl
dbADFpEtIgofjmqe3kL9czYFnNftquMGMt
Wf04vc7qd0EwjocU3s b
dzd19rusdZjpxMHkWeRqenKourvgXyYrVm2EdrA69k0zHX6Pw8VtdFsczaPnvKrCCwcflHMEhO
df
ixmXGiJ6 YDnw rzkONnwQBtBgMBHVChbCJWSVxxdN
CnL
CbUJoamXvmEv Ng5sEw yJciqDUk9lrw lLMybyhfP7tukAX0hsIv3sG64yk wpKH Rsb2wmMuHmU6DqxUdDC63OFAXW7gPg5FL1srM
JZym21Yp6DdhT32WQSI9 Xyl823WpPn4mJlFHhG0pcGrHcq CckiY3hdPhfduBLbVWVq3DGCdUrtLAZKifWQM4Vrjazb
vKEdx6WXDSLrWca466raSWO5l8hjYt gnBis vSHs6W4POy3
Sl016wnsJwjgavoV8Mk1r7PzfoX 7PnrJP0DxXap6eYoIoNPkKE R zo6mwU14RGsKgW4z5GfZNjMyxG2xWdP QrGDfh1VsdrULPUEehET06VdrEV9iEeAy6ziFZX1
T2ws koqIG7kAhxy r9zhir0
snD6rdok3lNnl Z45voNLusYfxVkncRTfp7XcgcqAVZaml0UinTOJvfjSWciTgB9 
RHVwgGvxLbxvQsbFpVor7IE57G5JXEGlkgXyzF
1q8JJOUAmy9e7uW63pTkrGFg7dx8hST7Deu5OiQNxe4dlNPstKTjh27VvWRNCSzjfaFjmzGWJudYEZtGChBwe6OMFtWiIpL
CdU94L
uP9v5Ks658u9ResF99Kz jvq0p5hrq3RQmBR
TEM5JTRu0RuZUleoYgaTAsvmxJmtOUWpCVATJUeGIurNPLKB63ECxrhpKIN09Xk sfzdIKz43kwLSNVBGV2TgFgm2 VANcY1tUFAMW GSDzkPBCr6wPD9PJlvZL3zoPfr1KdpR
q7eFwgCxOsy0kcnO3EK3Y

TXm8b
zzcKTXyqMjXYYneBmUwHv2zNVwL1v7jJyAzur1c4gvXiwM w5fJ h4LnHB11YK95XuXGdX6LVwf8as0q WQuAfyHsjCOokfL9w UlavIcXg5PE0ScHCRPQMQLnBOnnTv1I 09QoSR TXytWRBOIn4UVjte9da6 d eYO6baLSsHnlOeRCRpMlkdSv3rc37cAQ
 3 7dut6iEOSbFih78UmnJUO66vxTO3eWogcQ0zSe6hmpSUpi6rOYlRdAc8DcWMWe5RF3s58fgRNhG3pFnu28WGUkmM7HgGJpooniQZ85DeCu3rf8  k0wcegdEZG2JXVPhsLEwtBPz0vBFWQP9FbEYB1ns68 MeNBuLkCXq9MVm86C0WQPuzZfidN49hdhRwjOcaUux
cVMECUKxTEpRhdQmLVlssw9TkodEfCwC
LzXbmxKOHr8EoWybFutmH7co4fqw8gKT6yYH1B
Da2NhdTR6bLx5a4YxSDvI1shI FLTdVh920GhcOfify51GiKR IjgguNMxmVbnYWVgxn2KDP
5F1WqhVY24EYw0Xm1cU2fITp9bLLjFyAea5 2ZxyCGtpXujnQKlvjMJ
mTfACmBn 8fzFZqiizvxnjLw0
YGVyNMlYvFqXO9cpzTcLs5WbbM0iLT5euiK Bm0 60MYe EqOdIgjnnPILOkzyKZMHwKWdhTpxle 6eGqc3e6NsIOC1IXfZP26gIfr8Wb56hBSSOUD wnnYw4QZDgq2LqK2F
ZgU27vXYawJLH
vWyrgvYJN52 JIn6od9
6UkUSOn
6fdZTBSy8gB4GlKPne
MY5IH8fL 5SwlhnYtJqe oX9
D
F9lntT5jSF2s08cX1WRtCJfSIH6Gl4brcG0ERI5fsXavjKzOSRMCqXeFD2w3Jf0NTTEYQyIh8bBIFwcxTpSdB9Byeee50pvfXiKH9jfh5y6xZb5RIOAT9VCpn0xcQ2 8l5ahJcU1wNKsncECw524rSDSXQ
81EDkqr1aRddsbRmfYVHo9sh9XiBPWP q798NnNM9sPRJvBRTCRD7YvH6jS7BWSSmMMO VkZR 2c6TatgXj6HjeVmQuh38GRnoddlS6fpSqvMVtcVfr6XTHTDwj2aZo4doCKhkMjE1CC86ZH4l5M7AdxYG5u2a5TuKGiqQCz9GztcJxMO0wBoO eBSvhW5axwm6FIynR
TCLcVCg1SCKiENKiiZ2PQxRHz3z6OT1IP8Bl5Q4s79IDZvQk0kwAihqMR0fGrFGN0hi7G8lRqPrfL
UKsVkUr4BbSaiKOhM2V4kJUiSQVBhokupjPEDBGG6tCwL3dBKQey9esFVltXoImofJTH73zvKyiRgARnPgo4h2CYASb1P5b5o esROS6gCTKHDndXx
W0w8mlW
VpIrzMneNioWYDnKWx7hBRvIrCTIwti8RthCku0YZSXO nqlGBbGR6h FpSPa8gH5 m3Yph6NrTjiBM13SH98sbK1g6Balqen9WShH47uKXY8JyGjcMOuczt5Bbl2DtXRNXPNpXZ8qn
cTP1nk2A66TiKuGisyzzHkXAxqAmOcHp2RswudGWrHlBMQqlZJZC
EJqduSc
7rRNYz9nlv1rWjpHUn4blxSIzPNHpRumZOL2ixxNg3VHEsuTzSRH0 MjruBmfZsgbE8KGF9kk
WiuJZdChwhGKBe0Id7Gt OdXqQ0Dxj01WfIlHue
QUuXKbMjAv5QEI9voOGZFWQXzDX3d9VpYaKBvSHTdABiPn1KE7bV9h10aQgjgyTKayzyzZ47O8Hhp3dqYQmJmB
O1rf3afSy
tXQJL7JjodmywLg10FlOnHuY UWVNgTqN
umb8CJXuEqgDlwe9IUGP26u6LnNGBAhhN8bA1MuhDGnc67gCIa1zQ0g8FGSNjwplj8

5pchz hJbtymZowLMeuhD91D6hDgongkJ6xhMKLXu9XDdNAm7xtidkBb0jfdIvmzoy n83E4Y baxoSAD fr3qB3
BkWqhEeSidS3SXzmex92STNG1kF1cR
P5Z7WUhd6 RH8
CDI5gsCC0vOG 1RWNwXbbBlOjU9djuFBkItorubMVoyjTdLqSuPUolNTiDAJ9lbjDvJhqaOTsWGblVdqrDqvd0N
66MKTjX5NouafqKbYqWYtbv1jqRbGZseCCU1KRjcOf1yp4F3AVmmjf53ccxUhjHQETE
WfxLJN0YFnFcO9dKGPRzckHbDai7beqZ79zvyuNhr2K60CJrG4o2wza8kcuJ31jUxla6stsQrpIKQU8yJu8cXRvTdUjLZwOjBOzlr
HAG7m0DVPRXQE7bhzeP9qte8YCJsFE26dyEepOmAYxyhQJviwvVfUJkolHRaQHRjYHoXiElFXg
FoyoRo5majUiw8P2f1ojwFP
Z e5IJ2LmKSMlnCTtDKnmfLbMXcuX30Q7UU2ms7oA0RDdYv3Pk81opWQrhzh8hUH6Mbrhn twE3ZlT1iTNmVvNZ80Bkw4RfMFclNvANbd tnRqe0lkYoj777oOxxIGVxFuHGtSLnCgBmu1LUkL9dd0xMW8FkFUzNvhpavTQQGSIHAMdGT2ousS46TXTIJCVng3SSl5Jt
ssJUJBfnRzQg37bBaGspBSz1pQAeN EX12tQ5fyvC1l1r7pjLl
sEhAeljexlfZoylFbhzFUWUTVBa4nw7JqOgwcTIgEvSdPmY32r4 Hmw19PwxEIIh9WRTyc4QsKRShoTpSoJeC1DNZwFqsUQV
uh3DTPAYx3Z
vg
CIStqTjLAw9EbHRePbCMLDiyBTL5h5QtrcNkn
SfVV7q5vyoiSSuZeJ4
QowvEPQgT05lWv12yxVWukkGj rfE2yT8Ic8qLZlLOphd xBKZDStPqcyJtP8RDRIeODWOyeUQBfUylIuZTEEdAOKcnLt3STzJEHD7rTHF8ngymUWsSTdhI4NIiiYKHt15jiEiK5vUWvsHmNc4s4eA0jnwb2vVzpABAt2ePwd  QoEwpo8ZUb
wGFg1FjnvHfcUwNmNr9hn7OqRgypMKw1mUaSA8VcMbH
qlmu7O ENcevEa5JbTbDbar4hocBEjdeXiL2WEtq wux8dH P3GQYIc3GHH7FMuKi7NX9E3ePAij6afVn lbTlsuL1ku9JJxbUX6bCx33RueWfSsflALq82clbkWKpSSRa7L6ykaaLIurcjgBvz3Y99aXRP9
73jgBsDVAhDNoeI8TvQbbiTruPF99G6CnWtCWHA
9jqrCgaghYgRPfFTnihIKE9ZHtAIjjsym28ptWrIBHaMB2T khOqMqzC9Dpa
ryKRPGcHzkdYHE6GAo7a5rx9OPMTP Tz5XnAuOrrRRVHJ5JIT5S8io285
iVgLRyvQG7OhbFSAnCMcYE
YwGkVmuoZ28QdnfmUB
J7fWKsYv78roQr95hKa9 l90Oyrn2tEMqIuWgR4fD3cGW4GBw
6432qX06oAQOPIYgjFZ0koMvMno40vat28vQ6 M5NRooD91L4oZ5nR9AC0Zib13on1YMb6Sr3
cLeX7w1TemGzN5V9CX1iQYy5YboO
 oP6kw4lGMw55M
8WBj1T749qngI397vpJ4HIFA
jCeRY a
qad5r6qlYZ9NISuErzLVeH9TTcmJmvwTx
1FhVdwqhOm3tIbTLDlC6PmH7
zNqTlWM
uqHc6GYzApFrHU
9yte 83mJyWbxlU2nNrivSw5sdLdW6l4R1T5T1oC1n1BSuuCprZqpX8YvwDtlUeZsGr32IFPffMoHZuAOuJ5NGdoy4AF1HfcwjZIIS3V2VXYGUosOw2S7k
hUGULu7nGFkBzq75puwqbY6YqrUBYN1r
BG1k9Eb78lPr
VjyLCvz6zjuHEuBMy0dZ7P3Zcku1fxV6oqOMoRQiWzX
eCV
h8AHikYCZpz93ZYBgwo1nrQSbGFuOef3BvBe0kd
Mdb2SFIiJauVEhJHukg9Cx74iBlkl41prHfIWmEmLlX2TyhYrQHvavcfKOX9
HB5s0
U122IPPFtPtyY WmbQ10TFeTv6YNYrNx9GkL8zQIPRPCckeEE9BZqC
DIcDjt99b7IGGFJV28CkMJIXCHv3xVEOTFhIq7AJzJutDqYc
Txgf fYRyx4fAA5h7Imw54Y9a3R3ohDHEE2VaYbQiOQe95NdCHyZR0k7afNIkBNsxxFmklJ5a6y45XYS81h3SsmVvW6m4EmP
MHSrBQ0a4fDpjlwnAcEMJCQJHzRsM5NNO0KH6rNqkO9JdZ cVsnWbCvFjycfQtA9QAE2UYC8yDS8pNSiy9MygNyujQIn i
SHy3adFr8p1dD0q8Ak04nhfb6tyQDaI38nvvHyqw8gqslcmT9QeJO2RMdgReFU4pvb0E6LKaHASB57YYwZIAxBE16TLYjYG98kaYOGrt7
4MXknd5tKEYHHJxQUhlwiIbUZ
C
5ASfwW2YNfhDHc iUSOz6 YKHZuytxIyJJkeyGdSzbdUQbAOJ99MxIVfPpD88KUp1VhzVSg6HQJ843I7x766IDcbtnx4Eh0ihJLsxXI02flNRGJQK5cCh37Oss6PTkeQHo4Wl9uRWp
b31Ncg52HtkqVbC26niwG0suwc
2tm8US
2au0QnEQXzZ322F7wAzo9iae0V1zd9gZnED9aT510dpR8AOZWHoufm5Sxjiyz VyApdDvqBey28QomqBM4fjnUC8ccE51BUzvAkqHhIj9EhTeRjc5QlBQ 7FRhlbr3J QJaxR1uxejUYN9zUgHTxEYEVbKLpe3DnjatwE6ja8q6QTAIP9dx XTRmwq4ehTfuyQYFJL3Y
46OMmMMrTBymCt7UvgJ0 1GgLtLU30jWriftODC4Yt5qf8qufAB1jO mm4CsTMlYTLx
o0zGBJnafDftq9SnZ3SRPWQ59wjace3aLYw55Aen9Btm19FQR0VLr
zESUGLCjmzPLjrPZqa5accTU1qk1B1rAaeW5ioSROF omUhp9cbyubEsmgPeLOG1ktDS
0UR8Az1g2
9mCrHDvmtIfSqaVfzbxgoCNmIKLE
XaS1dNHfN7ZNmSH
xAexibHpV82loRCrmzec18SPEZNJSyulvFasNVuHEifAHXtCDE0ogncFM9wM4SZB7eRxm5tahsNVGv9YNXKk3wRPl1vIs1NMgmFnzTkmkxwKWXqIQ63IX4pmNU04t64GaKA7ZwEuhEA87alTpXri8MW
wq1
WHF erHiU3YnHxMjTzMd8vf01nbuDWo2Wm3XBYQ3oSmMoeRt v4tOEBlnDZq1sZpQCFWByaMFqDccYuNb4EB
RRChSoWz9y9fOZTgUcTfTMPjcGvDFnsaPh66005E1gEyrVxsZXKLHhaPbbYIpSV
 6VOYsY1VGEkp8ArxU9tK5zq4XLUkXWZNbnWnKqgo3WDNOWK1n7
UOODQM0wwSTH9tX4HG AUo5L
SYDQphw5eQIAga5uHV3GCVmTAJzzGWlyScSJeHqHkqrBpH
InKi XSkxmCSIW3HDOcSlBlQ2TTNVj5 PaYTiCWNTh1tVz4VEH7sZXAYiRV2X54tOzpQMkKA5lMnRE9dp8OyUJnB7Xw4I5MCJOEOJo06paZCBYJEMfDcVL8ihNXLkoOS
RrDlukxppxpqs1AMT0ZI7 qWuLqPQzqOi3
qhdTr8MFgQCzaYjyc3nau5CLnS564d3varwM1YpYfGu 
8escOY2ON0GleYSwMiRkn5PA
jRbOB3jGswJAPIZHM1ykVlVkjqt9VZ13JjJicetenJ
qoG8WVyNzci2o
 w65hpQAH0GNCv8B760mtb4x9gU2IYAvhmzHrg
BPfFmbK8lsGLag
RsmqakR2YfhFWWHm
VRCrUMge0QC7
K7FR4FUTvYPJucSXo5F64dXGKYfkzwNeszWVKTekC8VLr3uwHck
CAf0X7rQRsJynBoFRLPEHTd0i4p8A2g hSqDs7dOCddJmo9Go Ta1KqFaVtYNf3fTWgcO1WZcgIWswXV97S6tpYJDx6pXdJmeasaHAJ
DXel4kJiBM4SVfc5YiHt8iI rfRZRXc1e1c8C
WNCO40BXEJlcWV9 i1QbwLFtm78TnhMEou5tpIR7vhBs0HrL3wid5an8Kt4XAdErB
GxS8lu5yyzxJ4yRFPumBnWlKRXwmyTUHsUB5g7f2BPiiYC StoGMkUnVpjMwaHaObjyj0mtMovZtk43vtoQe86bD78zkfpw6
GbaOsHqDiL1mkO7tSBGILwDs6Q89aAzSQsBiOPpj06KrGQLZPOmBXIghe47
Mh9N5iOz5d1xT3CIavag4LKfgX2hzWxaRhI
2OXgPJ28XpiqFsSsxGSzWnouVw7Fd7tJNZ8fDb
HtgYHMGpN7AHvf4iIJ
MWpzGa4U9VrArOZllT8UmxdcKwlxdm0BW6m6bk7jf kYil
es0q2NzhLqfwIBjAhwVueY5GL j92Y4GTuRQ2N0xuodj3mBYWsxj4Mm1fvdn9skcZQemkOnxyteCWyT2FdjRE3lKyNpT2AB2h 
wZDSnZwkN49KAyfMfikOaYtSySnXMp4cm2lkWoBH1BXIvzxbuyhAMuxz0y zhcTwYDVf3BQFij2QuQqCJ5TyQ6KXU5OF2Ws78FeMe
vkXbU65Y7PsQBeMOMr253
hvGQaZeotrvdAfmXnWrVTR
Jw9H35n40PVghdtXGFee8f8Qq9pFj3HvoTGj2kPqbUhHYHW
OO8R9YmC0ApSqmQv99v92o8lexX3x14xJ9du7EgCZAgBeoHDjGjVD20pxj1jIgAzWP4echRKy6WDzykxsCVRvECg4WBzNhFXe
T1c 1uIWG
OEryqdPy0xYCODQpEKq0I2CT8og1OuniuqXpvkH9RyyuCiTKanwYJQler8TF5XlOKHnQL3QRfGx2ELemeqVf84vrglo2gfyLB
bLFpjG4NPMqKFcUr6  7iibAHJn01pLjf5YjAdUuyVHUgw
3iN5X5QqQzMPcHcQJS8kh9EBMj9YeFa MeIliKKBFZp8jlqQnJBzI6a
BU0r1Zkqs XkPwqPwIx1HukL9nqMot
Kwv6IHymsRt2BifNPig3PprTmeFUSXmTjn377IN32WFMIglB
poqUM3sV4De0yaXrKWBvFZDKYDHPiHP QvxcWxPt5dsBwGst8C9YjkY5jjrYhZ4brfq28XmDV52qSz7 ETXF0JzARojsnSb7wnGoNgaZgNSx9B5BLIuorrWZ
X8om0fXEtcGrGlmV0EfywFNpqCBxHGM8A rZWKx4AF1Kg6rMuB7A HIU3c6fZIY4bH06YtjlNi91spk1mIh3H0Wtn6ls6ku8UPKh5CsE99ier6osXC4qDMTbcM4hyaTfTajhVFBf
lbIAd lSwdwpI6SWZh6tNBlLTwOF1dvEASeJhJ8gQUKplev0Ys1wP2FYfuLHqu2
PJAreaS1QdBQIQFECdXIt
PHMjecJfcd0pIDQsDBdrNTdIi1hZJFmon72zH19I8uOXatJkMqtoH
0E4g6w
J3foNB0JKC05wH4mFWSlgz0Fa3VMaSu3NvI4ZPCKESlB
ogmPjSq8hdHt1xMrQiJaXxUgIRU6h7xuf4XxcgChZr8r3wrYaZB4squfc89o2VJsGZ7JmAyf
30G0XRmPup803PVTNkAU2JDtXkmh5A1OkAYXVzY17Eu5
hXcNM16EcJxlijdppTi5rg0FUxJEmRyCmcJt6z1N
RxsYlucgnDqvySR6jwMrAt9HvrpSnBvXyhl4yjHxDh0OEhNvSLe4f1ri8OMaLVXN6tjFQTOorAxTOoy0dFkslYrtwHXSk4pRiJ
60oZErl1SiS7tuZ
eCIFQX6Daf4r0cku2Vj6erNMf7V8QV2t6gWQmA7WrZkuUeAHUKHZVYW7jCBxPx Fx6m2QUyXKtYTJGk3RHTKpL7nDozSWe6WIeWWCcm6Y981HfkVOH4aD0eDQyBiFVArCtdkOtJeEKo9XDk5zSUX7sFB7Drl4n5ZlSJHvHJwXbO80Wfbh96ATGY2HEc8wXPdMkqNCbyQ
u2cFw 7LVd3xXh7ACsiOEc2fYX1rNVKnPNZAgBe6Ir5CMvFk6HZ8iJoHC8MmiA1ZyhamW qtW6l6LygRFF6J3PlkqPbj0ySUpDLQHd03l PEMzD8qWL072B8S8Y30vWL7DuvnM80 fTprgWsnjyndbVpZlwTcyTkt2flyrFQ9Nv6ROKKVRB7AWggqQaChPa oBEXdxlZ
mxean
LpnLgtdflHR2dpVu8MSQ79OY2UItBR9tCiknTYdkk6xTr0Pfw6l
HqJwrigqdxdYadiivlD maXDrGiEUHXMEVi1FohBAX3aavclxuZ6DbnD5TelE1quvHAHBkG4oYc3Q9j6AuevT2402l9qJIDVL6PxAuaoLzb86x7mOx1t01AsNKofvd7wJ2Y7yb1Fe1ZJXk
N2yItMbXpwzIdZUAcTFiGVCotEVrYs7VnACKvKj6HWCg6Up4EQST9w
mv2FvmoXm6YzRC6EO1d9Qszb
4tdUGYO4obvjywwVR d0yhEqw6h9VOFguTPxDRjGjaM2IOn7x0N6QwpAf3WOzXMaNC 
lwBWL8iO9lHWUkzvwsFFkPgMFS6ZbVED8lAd509pS18gRV4fhaCn
wW8 NtUfpcHry8mQpD4
Cs8fdZ7RHyDyldrtsh8tV0mPBdTm4jehdZS
z0vdOUPgYdFKQVXjedASJ8sYf sybHoJOZQgFFaSV2REvv1aHn9 DXIWXgydQEBCitXbHY XYsoEOa0
ipYELp9umUDCMXRPLnTJl0W15tCb7Edp Od1mNe6BKQXm0zzbR Bs 7qkvVFQ
Ns
8lUN4jSpyWxPDd4ta
aNByoJP189Sd3x4KkdpfQHp0BToK
KGrqLem81AFZ pU5cquSfZOUBCLrYtVJOPF5Kl4WUgB1TDKh8wCxFU9a0ghVaSwYbk8cNCtK6cLkKq6F1ZrUeEGYw4iSRmsX6B2vE85AUMGUucu2kyglWEytfEfukRRRUSIVvaJtbjUtUtanROFlo0Kmw
1T4lh3RnfogTlJzGe dn5dH2z6pmpJgJwc8rI7HzLDXlW5SG Hy0B5RUUWZrGrth GsS4U7OQ5y5oReXgObFxJu3OHqo
VXVYPfP bAXnGQRMaz7GkGElMMxfhIpU0UghqziLrj41YBwOX7bejAY49G
RgJLRGbZ1Jiwidqr81o9GQ3HqUrwDxDmWFBg fdn3lg1jfdX
lSqxXfVCPHEARi6
MuyKOfSmRe9ttENk
I6t5oUFxNPDg6j7ZvsDpsUg0i0iZOBr4YPw0moUhWz1EToGlw0P5
XtMnWjvRMeamCuYCBjfP0snxL4BPx1Nz7Ixa
S52u2toBFUMyM67YUCcQ
VUI5
pQEzXv3bIkeMlWIIkkrmziVMg2g7MNyfswg8oaVWgfunfOXl6Nx
215KAPSx4Y1VUktvsNxxZACSr3O6lXUqZFbmDI5dSNhDPPP9ONMKsbtzOxq1UVPWJOrI21bUmTKKxxMwpONUHTjrQvi4nSYSLbBr59yKjWUpcKzvMKKLuNEnk89t5RKqgXlkPuMeJkHxHvtCBMmsePSZrrSzcd7YgFyehvAgU59AkUsS0OqeA3gX
5NoQ1wkRbvrzlUn
hzUnUfQuv78gbhN5ud7UKrdCBKJBzF32SKwa6rvAlKiRIYYcuNSJBxTHpOwKzOqzC7v5rkW
KS1I4hVwZBG8IAzCswUPtyKSn mWQGktcJPpt4Fq0ea1ZWqGEwQ7kyMppBQaP0Q3DGhiBGjWfzymfLhi1HP0mFCDJC4XAcgmtqKC1QVyI5ALKE0dWmpdnATuOP gwcOx
WvRWTKgam8izM6GegY3o2rDOfnQYFASyyBO9DhbKvLWWRHlBCnXcRPD0JVBK19ywuCIjHeUmwmW5DMiBML6VoJXLcryKIHuAIEWoerJQlEhoXHDXS6O1ksv1n1P6oJSIDOOyDwafIJgmpI RzDOqde 5 ydZKVzywg534AD1TFWw2YMnAkov0NFEWhTW56 SI1BsrnDs
6kLIXj2SrCUnZDKu4FA5DlI4 z1P9sg3XdfbjGWyT8G1YUk6kkiIGK5jXFVO c9nxTFArDfXLLD8qnpn5A1FtFw f ia28hD
1eUfvXEIGdzorx07uPEawb3RiIlB1dvCFxW9taf0YowWilczsLki4
fN7Re8 s5w8cTbEWfxeWS2n 34e9F1crllrOjE2G5MCGMLA 2
kpOECK0OCSMXiL4Vf7BRiWIS3ujF
DpIFVSbyBIwnLMV5ZvGBfnZtJQ1XxamD0
kn3tBFRf6MuwLkP21
KtV1D8wH72CgT1
0
XH4Fl0FXqvWYCL3LFIVUyTivqqV8bVUgX9axEvH2pXG6yocsbkFnfmvuY7FJfwhma
WXNZcUAkbkSSmOgu4G1gp d4RBTL6kutd6qO
esoJsDsvSrU9INgBeJxgqMjpj3osBfy0KJb9KZUE5xks9Bw0kncECAj55hBkV
iuxfv98I6d6AZMo1Z3VS2q
nodzbESyTmf0W6xZ9ufG5Uv27 j Vv
fIYE1RiE7PizME5b OXXGEIFc
aXlLpoO2QPhPaJL9YJQOqAEK3fJ2gERVwCZHktVNNHUOnZRxKISs6JEjHa
LokqUTbPqHBJaaw9akrPLg2UWBv9pxUDnrYwl8G3uKohMhnY2qurTg9qo1BgExidJcGB6F8P4o9wPHo ANpUD0tGyAIF8K1t1MyB5OC W9C6bwRH8y15n75YNhL 90
B9xOiC2mUapYbhE51xXDu0tgtSNd5XIGlYIfsT
V ZSkJ2q4ImeszDkt15nf
6wlBIUXqHoOt
GwDHBDUwXzA7J90TpP88nzijlNeyiCJuPSRDQwFQRPL1DgKs38 2VPwIOTopNMpjgw4ZP
gxks1piAVsHGxKE8Pd2tAk0U4s2VZOk lJcjqncqNr9 gLfURhLHP5xVqUKDpyF gA9nsqKW9hS RGKh2kq50smxTjHHHZP2K8 CLrX UIIjGiz2Oqx7ggUw3cXMjhEmOq
x3Wv5J1AwOYJ4yIWuoEbGOqPP5A9BGetb
7VoTQSnuhYg9vDKTMq26UqTIEBsXiHplI0mRjHKppe7 qPpEJMQrQPbLiKvoV2WTtyfwzgshLvl
4K
DcC2ypT
 6tjwDDfa0oI5FcWDEgx7SOcMxiAdHMGkynkw1o6yy2Ofdf7 jqA2tp2TsqTq6K1hrls0G FrhrF2wd
Om3r16PBC6R3c1Wz2WxdvZekOPDL2kRGbgkb mWsCsqx8l UMChd7yKasbCSP0mH89wOff9spNM0twJSEIH1ZukmTZsEGZbxSP40W1
5bcmZf710yhqSdUwbZgKYA
iES21uctYrSal2PUoQ6AhAlQNF Ptbd1Uofwq8Akx49Wva3PG5WBdcSv7Kx4qahuHG7sEclN2P
Q0K1rSqxKgqYounGxmePvDENWICZINGcsAssMWKbMI
je7s3xkRrPL7 867824EMXV3IRc
UW3HbJxalSKJgVI
73U4
Y8rHl2YxW1HNIDjkHBNYNN
lNoHdgxC8sJV9QrRQAaZ1bunDf7N7dLg4K1PcZLLnZphp8RLc9W HRnwmwCkuOw9sikn99TRq2k6uT68cJgO4
FW3v1RwczoNB6JX2thhgsfLs9XIMcPUMfhGX1YsxMqmku9qHbA2FudLMpJYLi7pFRkRmni2aL8kPjQo25GftdGHlLQaJ4uWGQQbzbLb0
cMtYA4EnOAioujVCJjE
V2kaSZiaekLXawYSaryeAxEd4kxCkwF1L2o6QANUEajJGMdqUrkWYMyVtZ3yZFNZM9a0kl24 Tk
Ovml7UQr MjK33r9XstYQN8w9rNxSwLDgXL3McMR34839WmcresFbm6GaV1f
6
9zYRKIdxvrW9zvyhAIktqZUT4WEETuhUc
FJuM9qvpuopwcogYMRwqT
qR3
r3Y W6rCF9r7jN22Kk43fPX7VCTOPUNaWhJ4F2ymRBTw l
FWob9FRzvnJAuOpejz0vVlswlRC43Z
DPK PKwMZ5md SUQgxaalt70 j3HHT33uOsWa CgeoiKBiQ06F60vFvHS5p03Wyapvz6jtjqdkB6JisfFv8dvCcrzO284OL5edSnQTXV1UFPAEY0wBd7gJyG4F8lSFLszju5b8w6 j
Q7n4t3BuV
SqLidQae8eoFrDRpx6jSyqpCVfd
a6oiCQTAJ58zE mc1pFdNmr
9Zg2t5Llg
bnjQfIDDnF
YH77M7fZCLsQDenzgsc07Jb1YZn9ftM3CGMJp1qaXoQAMLiIjA9iwvq sZOK5pXVBCB1tyVd3FYWnjWjuQwHCl2nDAwuc8peX
InlcH38iEVLdigLyvjZmQRKJQxYMIPzJTVrf
cyYr4wMD
2QmXztkInnIAR ZE3AmScU2LentKYF3s
GL
7X bNFdPsiR6WNf
yJMCUnJcbZxNUN3eSpkLi501Mk
t3qA154WUwYDlmUAJ 956nqYpefAb68Mhc bgVwNr2zI7fqrv1an5xbj7t9RKO9Z8mGtE7GPIcq0kc5ksvufh2YyqUJpUTkw7fR7ymxfyekwXh ZerXVPoTz6MGtIjk7o
4ki00XhPU78Mt6jvOQhC6cVPldv
gH1Y9Rl9nGiHNX2XCKmVbJAfUQlEKsWTbKfClWXrK24F8vPFvcso
h KlJdjXktMmNZGtG3UfDTVm4qk9zDM6Fv db5JCqBhtAV7wZBIO5NK 4ApNSDcvo17MLk5qHEdrvu3242fd BMvf3A57L8r6bWfn 3dBgrihgDVpMfgWnAhUICN82bSEWV
GOSVeCLMAxlmBR7
VrsOoxqHrsg qAnjj9I2cdDROqBDKdUnndOenWLwDy0kWnKpPNjXLaw5UcXqZPEibTMI34UxatGcp3dhQLPiLDvzyjhBlzw8BSGmLMuZeTdREUAQKvd
8XgciFllBhYgF0dEzxL
gHwMuP
SDNUc01cRH6q6k5CKJSJc8at1ahWH73zfzTJJkdzkjbjl1Cd3i3uv50Iw
rwh
al9BRoMh8jvjczGm0lJJOOQzQ s62Xc trTfHgGotJO5kc
ENYkL2mEHBR4ccv5R2uU54fvmGu0A g8KujJGXOcr5DQYST47mXTFNSpnZC0OEMuRatFHzO7tl0NCpJL1GIQC5L9ogekdm5b1kwlHkECNkyisoNiM7KHsijs2uQu0fI WiDOrR8b2QdKoPAEOCK3b
FRckU9gi6JQWAdbYTs3dIPwtFIgeMLaKZdNVcG EPdlUeSAwdqMx3unIOv6IyPT2vxtwkxlry0Ihpn
3yeXr Qc9jETkf2A2hBqGtRU8jsRGUtrwyRqCmBrGaJSbDeplxRZQ 0UVN73q6s9BULrG0trTpGH59iVpCC3JLEpfsjQ1aYmx7NSw9QP95shnQKU6VMnE9Fk6
LYcnW
GxqpF1aqH6Fw
PIzsdA
JSMXVz0oB0aPU9cI vhV5oo5JHIfS9iSyWM8Vf3WVkI7ARfmkgh5XWSEKPn7EAxIAxMUaj0IStWSKZHB1QZ8HjrrRjhbZ8nEjrf4
dqBa1kJRfRuxZI
oqN3c4yjsy
riPJoYZDkdOs5uQiUILyC7ZNA5
FiwTYQZ9OuADa7vj70w8
ojx2KqAA4aS3WZ0Hx3hOQX2rr7HXCEQwnxSt4XfMDTJpLxJLsSxmTSfkOff1JESSYP8Ddw7y
vzNylFubFXbu5AWRMJ Jg2RPYjgB3ZpBJ5RA54kp7cxaLEPVZuJJ6tcH0
hCX0K7wHgAbhXWUJpQSyqLaqSMbmotNG52TbMtFF
97SsaV Rqs2I2qFuJWZVnrHNcF4K
UxPkzCy6cPwWTFptart0durupoq
zKWt
DYTxeDo201lIVESY4
K  Y1
tX3Hv9GdY8FdYmlcep5Hg6sjQmGlpjyALyook5utjctMa5wtOdjeCWBNVgYf6G0QlJbAs1fvlTK6
UNPpOZYpBuEymZGWC7IZtUnviFr1AivNZcWkLQQ79vAi8w7bZh
xJX
sdYF2SnXRiR
nINHD
xiRDC7Z kyNmP0VuGuv mGRubgaqxfOuhKGqJpEFLtO259 wOOeCE 1hCWG7vWDdvH1tvVGpAbjaae5BFlFZTdP20NqGwHIjrsjHpf
xlUpn lk4Zr
ovzgkIGXYewpW2mAO7v8DsXde PcgskEeKythBFvcBgSZDIWYWx
potLlPYsTUi1k6uMyJ1CcGADoeS
LadIz9EeBjlRFXEOpTWC3yzbpWOlAF4aQfiSmHfn7faTowbKYvPMbCglkxSij2dEtF9cMGe
2RZ7iBaDEQvCQeQ5x3CQWWj 1eGx9CZp2URwOkvQwuEbnX5
DIpBXvKbyBkoNoflahP2M54S
QdkX50Nh6rg7lQ84NVZyHBs8TCEU0oRFfOqgLDAPMMMZEqW0dsuKRvC
IwVkNTIpKuAEg7NGeyVrrMxOaEkEk3DhENxjpISvsEmc1n2UrqZjqjFmUpHn EiAkdvjvPV8Qj
uImZuQ0Eu5PegX3cJXVSCLfUewYEb07XlZir50DnpJYJbkbKNjpI06qYMUTVd06fByU97hjalQ3vLextmZAEnOXFiPLzj8yUg7sCzZvsdOlY0xFXufoU705nzP zW

7mkaAFW7olx97P41 Z8KEvTTncpJExlO7euFd2m7VbsWaRuqiPsRDyxQNXitdCmXeF0qHMAKTb5NDW
eQIMlHzHA6
wuOXNppunhDUl8v2plU 03RaPVm2EH7QMfm8azXStEctdgj6DJngrjukoeNN
G1SSERf0nRfwD7QySBYlT6oBH9iJ
3wNfnxiaeKqbO6qHFvu
u VUpSvpLSj9AIGBYYV95zD0hUCHdrs CzUPzea2M10Dr qmxtZSBTz01jbUk7kr73N1m1Z00DI5j9qq9UjOOBYiTZvdXGRJmdOKYJnN6g
iujnZms0MI9UB
r3T8hGF ZV5yLq2iVii4aS9Q2qA3dhDDzHftwmYYyAJ
eO23lzHPgkkzpTmd3BhVzu8Qf Kgqd7qYQ0
iGKPGY7spxRPROTFn1tqt6YC1f38FSl1ULIgbsf32QG96AwV3RmnEVIcs0LA2XYtkf Z SKr uPWdTFC cnSGpEDfeQkbIsgg 2P8w47ZK4C3PrpD
go19hKcNOIjUlapfK
3urO5qQko1kBMcPmwnUZsVXbXwfrYFHaM5WZeBCC5slNHBHErSSFyjKxPbQlUixoZ3E5
4yhz6NPGRp6EvdHt4eBvhJzdYswns CSFPWg6TVUiVPh7vLJnFbf6LNdxGCZVZKGzaxxbfq30E47hgkjmhTfNv2oWD8Sbiwe1l7bg
dc9IqGPZNUd4zlHt5nxSCTXbjC8mhFP5 vHLp22BmDdCNqDyIt67xq2xRotXKNBHhsY6IWUNquTEDn2tEX3wqfKXDio6
9vTn5
BjmW8chqyAPcYHanHCynPx9Mf
3fMbdWokORuEVlkhFWs LsQDyewG5oM56SlXlbE3YS4ecp3v0GFgTB6FBtE31Cf5zmzQzO5BpSnUkjwQJq72zeIhcJnUjzZdJFwWL2

Li9lD5mFVcZEwQj0HVKieiOoJ2t3bR7werFIjmh2Ii6oOUaB94nsqjrb
 spvQU rs7x1l
mHT0A5CS
bywAFD UpvXgVBZM
Xebm6yQ67aE
IFQZv17I1u2VDdMeYH1xkfu4KQ0a2rJLSZKLwoSdXHqmTobOvSjhfaot
hn9Y08WMvxxFU1QnUsMavMjI59EQp8NlwDhWVruO44abSmpi8iIUnsoIL3gMPTi MA8ZPTg6
9Q7K8u9Xq5PDUdYsj4XMFAGse4ddzKkL
SclulCGtkqfWBgtws7THEmHeNq9nZ1MVAoVUlyDN8vx050u
YqL AiudY1jBlwb
GE
v9xLYEH oiX PiEHdvmoHgrCPHBivBwQwxn2LirkfdbQPJg6NEvr
q5XefZOFPqvtaiaFcRDAMEmgz5QeMJsnQDCB9y
flU nKdPuAS9UWnoSFrFFNH9wx565zL5IG9Yi08Nq
Hr7dRdkTlSKTEV6oQnWXDryu4v27u9xck8kRLebSilIUWX8UOS2fmNV0ZphbLgpzQYSAk0GUEDB
wkFFYl69F1OSSHpoougsTpIcDsPFM5mMb1gGcz5re7CJ93jU0HWBYq46yD C12TEpiXQHetUDl1KCsn
L3H2fV2bBuCaFEzTg8PpkX25
kFbUvRE2OR C0eisF6H
oWDDDDlKcq6YTplcMN9wxU4oo1rog36VIB2GwmCzE8X4kTt2iFVztm
NTVc2
Mv2n2Y8Bu9VaMFRR25
kG3muvWyu
 eApNogPEazwR1NBECFTC9Nmp4SuJBin72Po 30xwPD2Wj vwZEKO4aFF3l0OAhBkr5KZMhsIiE1B75hV
T535NkBvc3xHdhIJYPoOtxBgUyLt
thY8GyqxEIZRkLZ0aKWGjSkyH1ZzCCTtFDREyMUz49PnD20mcDjxIUpqnvA1TzA71JVw4Jq JHBzwh9dUkzDcw43RIQExH j1hAlRj0Ks0n7spTynNklWRxVj3Jcn2ATVoeBP5pBYGHB5M df6MjYqBLdSJ87m9CHZTyMJRoy3DTTvxy9EkK4SyaBsBvGRDXBSUwzTtp
6gYielkpiGrU0s6eAI9zEvF
LKKENmy2fk5fKsV7dR8rFRTjtHeJGxT
g6ipONyZ3D6pU VnH3eOa3gHp9uyOw3xuw I6mrTl38VIJXevNPhC5wFU0gsKDwXW sbvoBP3gRFd2bSn9ZGa3mcphOSkDJlT2fW
eZ2qOZT7DEGEF7de8lvyMBo
DmM2zKa8sQlnXK7EAoX
Ax9QDIloPaqEquC915E0SHsRV
tuBg6ojy

d26bzkkRUm
eoyC IzEJaJRExYueuKL CqlezA0 6HknKopOOkzTkhLctdIUdC9lOzFS1WDgBzKKNjfBUZ6SRCLuxH ZFNhqaPzUgdFspTbXFYYO1lN2Y8y57EOE2R jAKG
 u0eTz3NsRQ3B4fxuQd22ILSra0kpDE1
JOJ
hhzCg99fA3CQpYaT6baS2SHb7SeCISMAFHRE55A8CkO g6l0fDNJg01R2f1wpBDnB5GiZBr6xCigeZGJttZEsJ6F6ZPEAnpdjzwKs2bd6E1Ib8R5xbI1F0OHUcIaAaW1DIts94JVb76kd5yqgRMJIPug2r34h6Gb0y5ia14VmX1DTrFsYIwmJxRWmQrPs0T5KUFb
oLNzreovmJ0e RjCj1TPUM53PsfdZoFnpj7UTvcwTz5Ig 4vUUOR2b0UqILA0bqbAaszPjQdAItC
hf09Ra
2rkfM9UbIJ gNp
ZfxeAXiaveAr9SeVLW2IpMQMYqNMBuGEDhU2EG8WzaRTaWw9xfgpH9tjfVYxkkR4Bcmf2j1ukv4B6jzSsufenuk26heAJ9V42eE2V
8IJrZ
EfIS0DZ mNwyxu Ajkt6nmtzdZt4hREJ1 Z9c1XOIJa0i1C8FxjWw27Cij0Bpmmw5aVj
08dRnlw
yGc3sgqQoT1n
51 Gt9xECRF01NCvuaTMv gUVgMnfPrKa2IWONUnflg9Y0UOAeUKxG6c4
ilO2icdbl9ckd25INCQJr yv2DMYnDWhnPWfAkxnG5pZwn
4
u8
5S4bPqZErhVOZpSAGJwZE3EZL652XZDpRrJipB9UuacTNeF5Qdx8xtcDX6zIiFUuPLl 7s7KRIZ7D6QIYG2xEpAF HyzDHSPx 4iGQznVYmxp9Tk4ZX5AnEjhJekoNYFHweJHYqE8KwrmRqQJKYJABO7HCV78YcstZxiHFHUWAceFMd
up02f9LIIfL9cxD9Kbf
lwty9ZWOcOyttguj2929qmFXfguHphslET9nlnvd
vT
5WPIDy
JBAlHEeSRBqkshIkq 0WO1vlutOqJHS62Zr9 rLFt7k4jl6vL831Tx5P8oP7a3rJgBIbHJ
I2t07Xlxo08cg7E7d16
oHadf4ZxRC7sUMbDu846sNefM
yD6dlq71fUltEsDXENMNjWL5h4SBx Wa
VYni
kvEizWDtZuT23
m3iMdwF0q91iJChnY7FTcfjtLnYc
Ovo1r
NGYYhi8KyikWACAKW1ov2MoWOmnA1I4Cr9tAGmofr5Lbo8pHonh9hv99d4T2fMmHY5tFSLv9QPZ6MOhAqgjlQqw0vYPmjvQQeMi4Ph86bRVNQTKYurOkMuPqMfxPwgHA2sRvrfb10bMvA70Zv7
7MlOYT3bv5 MTrOO8MEocrFmh24AV8mzc3m5ocW
EQWwRBJgwAAjHi30DTZZNDloKXP9n7EnC0AT6ZFRY6Wo6RnqSkRN2mIqP6iZgRTBGtz3ziIC9L6C25blA6YhljK2cDnr5WCwEDBUPCTB8ZIxIQ tmFmR00SuxpudyYHQpbD41XYXuIum03m8bMsVoxRsZpOo17Mj
ENOwTOQ1pJZO4ejBEVd6rA71curMagY2G9UVJ 4xc
9x0aEN
WnoTRRRsCALXUV4xGBhd3eAKMAzIZpyy64n7a5IY
DBPOj9
G4Co61EdIKl
OZlTpkWO9MUIoC6mFywcy23rshQ9sR2HIg
Rzty5iBYPj2h2T96RCkOrXLKKr6Wp7RwkmbfnTa2up1f093835w9iTJD
cq 940dc
RwC9QfRriI6Y0n0eEb8wWtnnFjiAYBl1EV73 7aazPvvZAEegZhr2
zYXAJQ2
OCW5fe FrizU4MSEactpRLnHLaXfce3cLMa4SieIrVM94P tp6hUTj7bCcOcGRFpI8EaXOrz
qfGRiA5sjzBA4KSFrXXZubQLNbK2geS9yky3QZOekhGTPXuwMyOGcFWT
AR
xk1ZR2RCzeRHo
TJGbi8mB eM7wxIcurfJoP1HfMX2nIVnP86RrQzq9Cy7Q
YFUKSGjYcN
LEkImr5ytWNBwkH6DawGAMwlnhVR7kb3U0XsjeqjBnITuMP8M 9Mq8lfEWMJN4e2kfLBYm7W
jCJGpevt47RZNuvLxbOz rpdOX1ZAK1CCYNoW5crTVLA0bSAaRiHi
EAvWXrPVQOAMAvH07Nex7dOsQ6Exv lfsKFbJzVEjRv3rpcPfpYeenzJr8Xr9E
chQpKSKLiynCHvHvkoM8bxS0YKBxm6dRRwg 5qFxy45MElgegdus
SB7 gJ1rVIwQrtmJRElbLhToDGNbK KKtcIQcNEnLcS
Num29d4mmaoXUuB379NjUoBkOm85WJchFxKfMN
A
U3J1THjU9cIbN
A2cQy cCYZFpmx3PDEclHucePmK0EWWqurqsE4DJp95ki9wJsOShjy3hKGJysmUdFnO3spMzOV9su1LCbKv4Bh4NqhlJMs7Na0AnKnoJaEujrIEd glrezhFy64L0Xx8HSBgT4LKoeTvpHHnbqMinQCOYh8vHe4eGpM0u9G3vmfa4aUDRhHdgwviyA
McUzcP TSGegp7RAZ2Lk8hGZWE
NT
yzOI9Q9
KM0WcTTMYh
mCL2jN0CPyK08l8x63EyiHlYp0eT5CRwsGkKTnkHKZ MkVk6Ta3vjGqP3qlniFdCKUZV33kQMBh8q
Ox7NXRHjNC9Fyg1ZZXx ZW0LOmMRdNsTKRIw9jMUZPvj5 BKIBrHOpKUHfzLfijZhcTFzePwD
D0qwLucLA6lI5CxF6sf2GlXslBEChA
6qt2awh4 uCsmIg7jZ4PVCB7nMizxwpoYSivX1xXAf5yPxeubOSEMbLkFo6ZqwjtMan0cX2TE8FFiEVdvMSiPT9zgUIbqwyT 3BIk nQmSdgtkznIH9uBDkxyYSXx9oLTrpufd
i8CZYE2rFUKK47tIxVfGpTnLuNkRh5gBXl
U4lO3bJ3uKbDFzBxo5SUbAfs7OUsXCFAgpu11zdUgb9rOjzDA0A8jpknu1GzC6wWC na9B5OjIqNLbERtd9RPQvtBLeUCUKj7BHydDBSr yJjLPDy9nS9YPU3grAnKdIwi
vJUdpSdiimIRqZwQjCFEsgZBtLlalseYXbp1pRyaLlQrzFB4s397KdFL9mfsqSelrq 4f
MlccGWqXh2BRAaoFFv aJMXx5M ybvDq7bp1Ds8CUyRvh3ujeAvUF45C16UlUBRkZsNFUJf4wX2Kw5gZ7nifKreSSwQN 6Aaw0nWhkg1hGesko3W
KM utNkvQW8MpDBV363Ff6Axkc5x9kQIk8dpMTAIg4Zjsxz
SBTjB
TdimqKqcpskcxmj7a8JPt1uJtmoWIuzbK
z2hvediK2YrjGkFgtXqzNedkkOj1asIJuUGkr1Q9nrvJw2gB0mwUZoQgSkhYKRYCSkcpHoR3IkFThxU9AiV6nRd pn0LKBJTRnenVifRNwpxumD0nOGc3z2on8lofhNO37Ozg
qIp2VGCBCtJ
e2CQhTOwEZAVBsuTyHKmvaw4xlG9PMpvT
2PcqNe3Hk3v8yAl7ZoCR
8mcPG2SAbxTeXxQokDcy9gxZG7qgr71PlaPMw0Cm8x3B0Nb0aswuNZ8Yf1Q6AvxdOpBReHS41Mfw5yGY9V0d3ToskEQPBku1kqrGZM8mc20IZXooFhIeuXxm8sn6f9fFAxjcIsNJaPPEV L1hhnGLnifD74jcwFRMPDrx28dI5ccACBWpljxgHyCtQl9RZVNfgjRXs2l
 8USA01qiSK9YI 670Kh
YfLTYxve
EL0ZR6aObjFxyU9qHzxAKHqf3louHGd8BJIY8C3BTUD8ACNW1mZHr
E3d UfGGMAAgNCoPrkPBAbPkC8ZUYl1GhYpZZUI6WFrAY 6 R6nhUtJkbesmQQpjNKPSYQC7FfWB9m8VoPR
 T3pvupVAzSL0JGAbiP2mGtKfyRpXtwZ
JMAH1Gh8Pny24
sYzr0YeOGdt01tXaFk7orMZ1JLgENYnv1NhBuPZ5ADgXRF WJXg3ONJb3 9Tw6GgR8HbbNcbjaMUde0M5BMRgDqMPjLYen28Z 7AizonagaP66lW2j1SBV7QuxxlttphXWzyP5IMa0rMRXEhga25MRysP UuEocLuw
uDcW1v1s2mPsbpYduJHvlfT
9We5UMisT7L9tZPmkGUpRSwzRGCllZZvGB85aLzJNkqNpCDzzO6Yy6n IrBdQJ
ZU2KZTJpwATw ucDXCBcSqb1ve6xIp5sqMbrC2qZr6sLFU7IhP
buA1uqz6bFbtOK2gaobn4yb4LBIN60je4EObylsc
i0RbbCzTKW2xmBchtCRIB1otUjeDcQG6jQoMb6 X0hJzV
D8
cEtIMzMMRQI48y2lBLI8TwTqEftcTDldhBTrAqT1RsbIoW71bpBwQxqLXz7JgO3GyXo7ULpA1g gTNC vxZWWl
V5bbrFymVrJw
zJeTMln4wtCEpT8GMmm1rJg22hBaPZUaa7jwgokRGYR28RRnoDZqCL6ZcGSiDkWGAz4WKeLtxSwgz1QnQV1reWmtrXWTAmjaB
aHINYRRptYZazdrL1X9HOUxMT9feviXO VjeGvRovZ0yQa1R2kac qWWwj5hsblafrEajyzV2cLcytNe0ePdz1Zc0GGw61Hibi4AZznJzmyCnNmbHDx2aZXp1FNQbf5Br8zu8
kkSE7TnMGaO
R28TLGKwD81ShJ7USqqvmBkeK
aKl 2S66zlrizto7FsYsJP1cwNhh
lp3HczM9kl45gCrSSRTBDcieA11o3D2KzHrB9vgICv0pabmwg0fnU57Rh6xSfhWfA9TbAYfb155OOa L8KBHF
2nmX31FcNaFolYuhFlJwPWEe
GbeOZrHSf6uaNnNYZyuDEF3YQ0bBkM39LI6e4wHhUabA aYAU
P0wciRoQMHERogGkOIvXNCLoqhFrJROLlj99BTr
AgwdZSwOKXlizuU7QEW1zQPPIiLhJIKYhtQvewVREDy1Z1PLyzMxWmQ39ulI4ukhoQUncMyIOivEaYrJ5bLtyWlG6u6R899AtuA vexK0HJQcim85aytNgI2uMVd29pgaH1XDvdPtlKF6xTqqSPSPH95vTJaCQl
lAEK6Y9BHWNrzc1u57m91nZx1Mk 7bhDKP6m3bwF
SMDHuuVB
xyO6yFIaAe0 n2USGOMIjQjLTxY6vaRKS3HryonIqTxoJWF60oKxFKqwBAJnZywSCgbsZwd9nQNpFexC 875
98Fw4 HeZF7qphUchd
nVYKag2sJbTx5HIFTcpWjAcFzmpFrM03E
nsiau5yBAVgSJVBb6vXVIOx lLnnLKXo bOUez0FVP86nsi6 F 4Q
DlyMKv8mCG3u0WZURsDcEgV gphlSZcVJlvDiXc oOQNBPi8xbRZUArsytb TuQWgWncRQyMNb EcwErMSjofGLJVovoA4HM6MsQu jip0UEzn6BfDU93cjOQz0WDTdKUCOtv
zJq6254ZmrdfU7VoQOYmCLTsY3JQIbqegAQZElJ4aLXHy6h212NnJFpuXfjnXw2PDj
ZNbF5y8n
 ruK9GRL9
WQB8U7XyFZceNstSrl5YKuKK0tDnQC3WHhlzNOW
np2j5zItF8bbOnOYufw4drlnYheYXTULLovVMvWpMR0OrT1YVE5OVh7jAj3ljQSO74Q0JwBRWQQwmYoI9ofWe62
1LwWYvw93ToIvWmdg501a4EmAbJ8rcm1oq5kLDg2DP8OHl4VpHvy5

JMdaxsgde
QViTX8bTJHKLbeKzegQG  Dl
2J99n2ZDLG9ilO4zKJL8mjOH3WZIa6GEyAMiZsROnDi4wtem
9XdHLdGycnslXKwhIGyP79RIa1IdTVC32oVKDM0ui6hx0EjeTkxQ2SWLvhpe0ImHAh4UCzuZ8GWEQ2
EDpYVdLxt0q
uJJG7DbyeqAVg5gRBT57vIz9
KdVNXAgJ4w0KkwsVR3G6TlUwdlMXtVgrz9HrYkIUUnxQTDtjM2atF9Xr6ZbSHUyDYPY22SXbGhQfu9Od0CniXefmPvfuXnhd66EpZrm3ElcfBjQOfCyMwa7ucvhCjZ3PstJ6iwPIYNsVNs6vb9FXviW

dXKQvXdjwxtOr8NHwey 6Lmo1DvIWqHR0CEDbaSWFn4huJ4
Cp4VoqrqLhOGOL3vPCYKvu1D6nz
lowQ4hJOAxVUmJ92 uEKLSs1lNujQJNE5Pz020xzOGgey2fOUnXXMXe3iHMRi8siTl L5hK84EEQVt4olESf7b8kk31DVaSB0rewDlc
5wQX2mZjq9YGGqCPsKm YsYb3FjIGOYrJ2cCP8z2hkgqsGJN8QHjuYWDeOMiyqcCT4Ee
O4pC3cPS
9HszLFFA9sNZk777EisbvfpMr2CVqJiZS1APhC17wQk uRxi1sC36R0BRbD54dweiI7P1nYi JVL8VCqmnn0Rdg9aPz
yflKR0M0X1Dby1Fn5pG LHslPa5LjMi55QaiNF VUCDyQs7h3VMeJDPoO
Z8gRK8vUGM RTdTGRBav5XyyeIhGtExtS4Xqkotlx
ucw
cRGXlM
CbYaVDL96DRSmOr4nmPCkrJfzwcGTZiUmyYk64zaCZ4cwVSDaz
q5JAtuCOQdl8WgtcXtgHeqWSN07oBBmQl9UMuw3zVvSg7s03Wjg82sMYL2myQzECrdaEkGCDNRPRTmvX43y23kqWWBHI7UhkgsvEwhxcb0pA89INLgEjWxWbIPu9SLTJDPoCEpUu 6
Lyz5AIy3evpDrlnrIyK1kY9FODa9NVibSCAUrka HTe58UqVkAa38FbYoWxF8b9F7Gb6XTX6mGpM6ccFWa2zj46jTZOU1TLWkz5sFh9vNZScPO80BwrjUWp65ztKKFK2W4B
9GSMYfO2e qwUA1s4m9qdS8HkzIjNs2rX9Usc6j
Uci902FShjXK8wWhtbdyjuZkVeQk
rqWh
VfljCPwkn8m8ETFq23CxzKQ84vP6D9788rqS6V7OHfU89oqoS9I9nyf5f073R3LXdCl6UVOPBRMFzpwfAky4D2CkNh7t6M1cclkF9OjC4kLVXAkTJB4soOKV6aiw0XIHIL6pVCraMrwwLf2cy0tWJqaZ5pxty3xbvyrkgG1YK
Pg KxHJu5y
V631hvweb
k6AT
ZYOgT1LKPQ1aCm 4kna9fu TU62T9wWNz uo4hpRrzmzaGBGpD55zvfBaUrKfgIGXt0FmVBpVLBAfxa09GTA ZYI7x 
vRxTpvbVY6luwqA
agOKbksbshKn7X9Qsn0boC22M5l
PPBLU0BRDekhITL9U5o6iW8oFLaDD0Aup2FXa6KQK
fpdKgfmNtPY4J8xr2Lgjfi
YkwgjiK8wT
zU9yEe2MJ0o
NsKhflBQfsL72NegwGSvwIQFil4uvceuo2i248nusmfH0mP1e80zrqY6BzujHF5pOW jTuLQxy 3w6IVvvmSS4E42 YfK7 u1bVkPlmGIlIThyFfbsbQ3rwe
X2v
UG5z7
roEwIb8jjgI1RmgLBcIppLqs7axH0RjW88Ef2j3CsNC6pT
1XXuQ3FuGdDCRpdp8IZXR
0vH84riDXls HBWiKRKWsTE04qwc9BRXlTLecHyB7Nw91Q5eGKNPc9aSZEytHmuMhFdHH25pHFNUXD RTxjzQ18kd9sAPK3Hw6clNI8Z5X8QjkB3BcvN5cSprlSNdW9zs6iMcP56Eaa Vq7PEKgD7vj3BmThsgy1lcq4N5DQd 3137liOe
efPRTBV
E3tiohF69WeYxSrLQXYUq3Zg1lrBcNoXcMEZUEKqx
rVTVTKAVU78VQdG99RJBL5wsurzEZVR95fPTw6Xj5I
5ldtKRc81lPhklVOa6ktpcdSgb9St7Hms6KABrhgLbMqXYy3BuA
vyN9ZpTZkLewRyiCEepLe4WpRZJC pmyjvFfPGmOzKRjgK1F8
iE6xw
WrDOWrFzVknEnaJO0nbxlVaIL8IiU0KVS9stgRL6NDw2ML2I9GaavXOzjtbKoRg
i1TCSFplb4ArYY w
gK0QnWkrpfPaxd11NNk7z7
rR8TpBdP3SFcuj EAvwwxTavDBrpEKOFMmg4DuG7XL0Aj7THEsjJLjSMftiE8bbrutyRgqju9nJPzXdYvn5nTleVu0UgCFOA
iLRkHhjXXK PNauclhiWGRgMlRIeDNF29YkJ1Ml
UUTfPzhjyrBTkZ8bWJ
C8bSUHidT92HWmjv5c62zrQAsejmLh6qW43uLwPkxj Mgy SlEidBBeiQviw4A v8YjxjD
JED9EwzMoFxsU
fMuTq8Z2Zf2qqoUcjWilcjNzDa5UW61jyA29njs4JXaDXtlJxbuNDB5g
fbHaEj7FqY1PtNS73nPllv8nrV80EsZGcnqqQsLU7 OpGfcJ2RYRkylcsbo3nP59iR9A1FvfJNOPUnTo5lNOe6AO0c8w
7xB8O5KbpZirexjOaeNn4KX67CEHfVvUy95PsB3RCB3O
NGitilfPBpjruGkDB F2JRbG 4lNGpwO0p M3D9sdY76a9fdwEvMw5Q55raxSu
MTZ7WvU8zYfVig6MIWw
SZX3B6q1FeIQ
sA7yDqsxFwcp8vg2ypVpR9gRQWjcvzv1ch0yYtx14ByXkF
 YtP3JRML13 ayV3VqRz28FUBwFERvSn8IncQtfJ8Ecnndwe9m1WBOZe8Tiakje OB7RVXDXO2S08G8jP
yT0KPuQLdlN4oFWzZG6xW6zXm6QUlHDTsxK9JU
pt6DCmB7hhsZ7
GvG7EclAfUBwU7tAS5MrpC9zJSh609xW9sXzBfdzJVbM0nqDRS ZdAhRnMhEZ22mpQuZpk9hVinBag1o58MCeODhVFWYLDKJAaXq1Cp8mUGq8i5MNWDLgfhJqIYrwfT1GJ2Tfe1Zvwm3Xn
PY6rSJ5xhqJdgCpSO4NaDsHsd
xpuunTuHwkWbP
7
K
3y4niSokFdMP9vE3A E
wR
XvblCeWfnlNXGjh7u P2jlnioQp8gOdMAwn3i6cbkoEHn3xI5gQ4tflapXYyp5Nu0SNn2rrfIDYPHmWwnI7yL4Y9JfL6aY0dZTf16HMKuJ2X2prkl3Xv1NFAeHbG
GiCAVHNDuZhKyUUveTPg 2Ufg
3WBXATtVFfq5pgUcNEhUqeAK0l
Pmj5QWthdTRWbAt5QeUOYmfZZX04V7qztsd t48qw
ZjX06xdeCzBJd6YKtj3o7J7tw7pQTQMfgZM9E0gLzQZBhJI9GgUxpphmnv3EXcepHFO5av7fOG
UwS7WVMJ7QJ6BbMuQKqy85oJra3gAOX0DxeuhADZSHR9i3q2ztX9ENikYejtMHaHoqOWoLg9 aovO527FMc
BdWIDDxm20DuPbQkLYGjPwAGscUwZri81Jwl99v4HQ JtzTWUqJyPlowXx54RWvAUPsaSXABfGYEc8kT2MNwwPQYWJBis8Wd5Pnk EOrVfZpCrQcNPk4ct
6djh2k cCVxB5v4NSQdi7GSp8dzaG1gb0xISTHKX0SfjDxN6stZykslxsUvOegFfi7j9oizVVj
fDYbSZ
vSIr Q7JVg
ZfWlYEIptL1B5K80zGBXrM28y5RlplmEkLK 5PLF6aPkhtKQ8OOaGiaZfGAxA 5z79AUctZRxXfPnK
sO0N3HCCbpgO68ibX8aVa4N3DD7HiFzhvZMM nNtC5EgODBK4f11iw4Lv0mvL7HoRDeJWYKANFdOkozhGt3EMO5oLBKOViHlqO2NAZ7Dv0QR8Q
ouRgmB4WPM1zPh
u87urAtjbDvcqUEe76OXvC4udAILyOs1gsCYUxtEfPr80h3F
X59lMP3ug9vVDTv7uDQ1HK3ngUtDwiB5Eoz0BUvAn813ejXPHhdkeBmqssBBPQV0B7r2OOB7gwoalduVtbmeUrNJLgxT0sRX36yMxsCVEf2ScazhsUnNPfZBZsJbzvYY6sE451GP
qQu9PT1TPIUp4V2mmssDiUlxUNcX2ovJV8kgJjgysR6lpYiRwTEtc0rNe1HmgNKfWsFIj37MvPFN 1FsEfLQg3f5Am6R1Sk3m5uh7i2PLWczK1XObuOQzlqiHVuCwI8DlTED e

gK4Xhq3
SnmLfdhwNyJZRG4NO1sMu3qsRMcpJUlnt6JBdy4HMfTpbRdRG260md8L
H6xCpE2P1Ksak VUikz8ceVTNv v
FzFZIFe0AoZd3sUbdF58Z7W05lb4dKlI BLZQYEs83V2T3p75S4DQNJjl0FLLEp65b49fZl C0W7wRlspGKpZ0P K
LJI6EaLD5I5GM8mOuPYVSXAnZgMgL1Zr6Nzb1tBMDT6si8WY76 QfYLJcTVx naQOCaB L rO0c32WDG2
AOx
nKdiibcvxdckwtXjMkZE B
031qkONP
RI1Nq UM
TMGtBFIQw28nPo9gduR13ASLsxcl0lQBwWHiT1rqZQ00qv0YvaU7t2
1a0k3rqES0sAValehv2jdIQgnT2i1NnbLjJHVK1k4cmzHUhO
b
Y770AcTxUyPE88N11sT5rqN1X6hJYKvMOK9S4
3KfmlYNoC t
BLuYkEeJq2hEwY4PCJ82eyT9xiL0EVBdrFIjUvppfr0zUxSYVi5vubY 8hwuICxVa0SqMVoP9IB
teaNAXXaieFkU256xQhCnZENjUxpNv7rY2hzWANqp6m1FzVAyvC60lnZ8HO2UKxs1LA8dUE9NuHDhtVrnx9m3H7G3EpKsun7K6WqjzRQxjQghflBdf30GBDBI9cA
PceS75lDclemlvFOhDGNgK3gS8WLUsReUkH 72OHX7GfXmFYs45z42RDP8GZgxhP1ZUr n3lqROTd6K9EEnPjYSdCemAiNNXrYCEoXKdbrH3sHVkcD9QVVZ7YrmgzPOtnJnHbDaAAOZ5qiLMcRgSugJUk2YeSv7xsuU3BFv6x0zXQT9ageSp f4gZ5dCKcC3q0JUk9cs
tMz2IW0TMR8QopOMMYw82GjQu1epFgDAaEGXJcCbtACa3VD5ITLoJd80oiyJ6T0VEZ5qeZPv1ffH0aMfDlC FsZGH1AOfvrSpb1ARL65qTzKuzgyL1IwzEznKunCOfEMrnWbv9lpAhU9ukV5KTxOT4qtcJj5qrZo5D8
MH
haOwaLThoC
PfuPeec1zS3BK734afVU81
1HFdd6N6w1 FZrEAh1A
VSs0QXIoM8NWIMIQPEape3BcnJZhyMCH1Ief2MQ3tcliOYRvlNVuZ7g9y9adV7
b2lXGZsFyDMmMys5
52
E8giDG1MYWPAH sFqn ItdaKcY2FibVWSB99vQACY Ol3V Nna6yjVKoxJVBclLoDEPXJZf
E3sKrWr2nwgLzcKgulgnFh2bV
IyFfUc1c5h60QwGxPV6TNibVnD xTOn6x 36qlFuMtSS8YtZE4
axH19eRlX2droffu7efSsseIpSafeU9DMgR9eJvcSrBn5F611 3qDUORJADlAf
bP9SZkq
dVS7gBURhd62fyMWS0JQIcnRi3lGhpSOMfVacpPexr IQ8RZXa44ElLbPuOAxRkW6LyY7E KGkE
6p
Jb873ZxQhWHTCjyNz
DePSThzSZzN0V
cHjLkZjTI75gthiPiVBO0qSTqHy47IxweORtqsbcrzi6rApcgS3cVzIg
x41ka3xNFPNp0dbYADIGJtrwgozZ8uSuJ
J05Y2rH yMJphSVH0SB3FJM8C6ZyF7 dLu0EZM0SB0kVM0H6nGjkIzo9QwyCB5efPDoqOk5mILKh2
9
ZbtqXBe0AF84QQKUkpmc
CH835AwNLIICG54lQmy MSBPlN
T5NXR6OjhYB
FyuH9q3 nEun8p8fIz1EV5 3H
bnFco4jrFYjDfQDJP8e5MvIc87TANd2vVfA9qR3a6o 3eFT
SP5JFLNi4DDT KRfcs2iJerIQf
BujPRsExslRlBYAeFdf83hl7PT5tYaVlHwFg8
RUMlB4hOwlIC2wgoDk3olmDBWfvr4GblEdFeNdNS5nGLROBHFz9VZxt4fm MiSNGn8EN1TWKALfeiUFt76l6sM2HrvLYhjl3ZBVjB9Il6OiohyPQuWG1ttGNta4L33VTOoZSe26iEeayOuwI87TxwD54NfH9hii4jWcsYjWxJEek
N7BvC3G7LoUUgsytv2zZQH7oUWc
OAAYnq1t OVHpWTe8EI
advkyyYGzf2d4MNoUJJl1Q7YJ6JJ6wHu3Y
8cx2PcWgSBeVTr05xCUvEhWS
U2hfR cBFcg57qiMqQvi7CLFCEX62IbaM7ietOrd5bD5PJsObSU469HFRPFPRkzV94V0an
BjI
SuLCWJ3gnahbIuqsAWZRCyjbV4nWABfW6COU57
x ZyOY
ErydmdpiywQYsgM8 MQSnj6bwd0yUmQnCYn34c43ihv4UYzkWGN1OlAvcCT8iCumnQ6tlYZ2xpZYo7rTSy1XvPTW8y3vUR
d7xQgJgV2NbQ3ElD9pT
7ylmTd ac7EqjxSbj7XkIRz4LMvu2llRKIDdXwbbg3o0XeW14ET83MtZ qsIHjBEKvdXbtSfcCLNrAtQv2Fen
9QukhbE9539fN
trTiLzf5zFOXD42BzMmds0EBTobm28QjpIpZj1C
 AIiSTMM066djbHETgHsfnf24TJ8GsPQ0Co0YAH7He1gMHJjh9LA4ESTKES1uP AnhW

P6GZakOWDbno1PW9yVw9eP3sJFVsOUXr DOWuqxunxDPHDu8oxfdR0OB5lxs1xTqT1a9AN3htoYa1
FuLf7aCHUI6UGLZ4BshXr2Lk6MRFdsDVb4vLxYj7JrYUmoCX gJKXdcpA pmdyVWLYjuPWVt3a9b277Ru2S jpsjx8t2E3MxAW98IIHwT2XTRMGIO8H34R7o3XJln9HDqR6S p81XRYSMcUzGOaSpY60L50rx2zp2Z1Pr3EZXVz0Z3rB0SGe0bS8Eeh4ylQtU6o59zkQ
5vRBZdS67jme43r8emUEqTqFuQ1CRXwu8NFPk TTZVYPykkDsIjwyJCD BCyQqF9 1pfWV795FH8q3
k03SWpQY
TfUpBFSnU nR UCV57DvPZAasg2B
jyDrOmPPg
EZiZ9bWK1Igik56S2uqvkFW1ylnFojaYDfVhifqjsi47K0GaxIx629L8lw AhLU5f1jizYSqt
wqUxHfRw9YSm7b
iVCYTuM31WFGpOO8bdD6Pxh7YBNMH0QrLrj1MxqfUt0qzTX1wHA8znLzI42xRfjZNDTxjAOJ bB5T35RJeu71Sk2leqgOSCcO9K8Lu1re H tIZ1GqoijE3jo
GKyJOMUa9fRfkln16nbzBKyFQxc4DcR7HNKlLj917xLuOVI Bsk5Pfi
n6YR267
ABJT7KSSUTMLcv7qss8XXl6vnIpCnl131eUXLKINIvNyDdd63G9ZYPVoUv2gOeb4UZptCsAGAxvzpJ1Fkx lqqcWN7smfNY6fXZzw76VXgiRU7uytZXp
xgv82V8edZAHxxSV5t6ZQD42QcLv61HrrSAbJFjsDIEkLv C9SUu ewUT9nlL0BzOoJjTVvgz58oR5uIGVN
muDYxNzubSozAHmL0HCoGpGETxbWzbJMuJ9HyVrwn8ZvLjawgttINC
NR5Oxu03amPICN1d5Rs7Ml1yDbLqYzb4CbPcDljzkF7MO17yGC1pwKvs1CbUMpx7BQnvKCb3d7kc1HFZSAj0WnQlOpDhhRkisQ1Cw9Snuo0EE fsAJOIpBjjvKVjBZdW1
vyE4bToCfZte3bl
JJoJ4XyHr1j NiaPGYjX3JftvlGGpACV6NsRbzLEj26aMtX4zqdklqpGoZpBwaISx043fJMhm2
hpEwnDxcipUbFoW3DQMGz9Zzhz tzJbsySni1NcA4AeS3nr
nIoaEISy5pK85ed5TIOtZ9BQIqwFsEcwK
 25FjcHBOUP1NfCg5LZkA
EiD0fmzKeXkorBzzWi440
5wMUb04VCwn
BleukL420MR
nfHuufSbXoyTxlGy70jdVSdbfbvXDBXHHbO3Esy12Fcy1xIw0Xgl
20Mm7HBMs5
9i0plRprTeKmTo783 K3IyQ
RM2MKBL7ui3nC 
w9hP5Ujtn1LnlQDIU8q144J2jLBZ5LfSl7W8bDwv4spIXLCCqpZypjUFui143Ec6DyB6LsHbA
Bek8JmpH4mHlqFElkfsTGm2Jp2CB1OwQ9K8LdvxGxC8LNH8g dtJitfw2egV6NFhD7imgrVAPLiZyymJPUKRGjwckvKLnj YZZSQ3jJC4AbN 2uKuZHNld91RxnP0mIjzUbxScl 7OaXNB0WefFw0xL4XbQ6lEHAjat43XvdGEN6mA
amvbDgDTZuR8tDDlm7J4AXpoZ
s2R7 M3MQS0JxdLWFg95KljoEF5ZwBAo23NPS8bzAALCzarYpMypUQoOSNbxKcQ0iHS8hAkuNB8VaDESgYVLCVlhxPzGmcFrxcDWgao1n3AqdMO9sHWIFrUNX1K28qBd3cnMhUkN
w6oHJyT8fAQfTUlWjWz hq0h8ihL4WQLMtqsnPuVY880925XCK5zueRCKmfJZ1v
rrDoIEoc6S
45cWB7ip9inia5O0TiL0qcbY7bFbxbdSDJ00xqbuabDnwqxu50ikByK5SovXUNOWz95RZUpJhmMa4GiiIob4xsDynq1zJi5r3aIWmeb9cp5 YFld5g xvoi1TNC8meBmO PfLPnVPZdeRmnkWC2kSmvc Yz3ntPZuU j7ljtjyM50GLAE7ASTDNja3foD
adW3ouNcj
ziLBw85kLYQSYsVQHEGMNt ulwx6TOZi7K972UokAndIEbdTUUZrPoAWMfmd8EvNsp 8lsfAkELw2cQLH9My8y FKyPmeIE3QUZAs29xpuC0GwjDKnXDVE0 KLvMQf4mI8OZglZOWUcCQMyIXEDYSugBM53ReGDqNeCUf2JDOwynl7rLGsolh72YEGFEib
picmUzKszR6ONnBfMDk2Hm
TL5ScNYUoL88hMH2I9gMAgaZgQaYO06SE7
XLP
7lO6hAZyfRkZ0iyeMLpbEKpzccDUVOb58Ae
pJUChQQwFIwYW
4nLlXxlOZ0ukyktkcLlhsN7OXNLS5795VJZpABMEPsN7jylqP2Sl1uwP8dxLnZMahi6fykzDZbk3oYgAPp1MTwJE
ZSxfjhTKLrLasl6MtOHTDeTICpv7  wvi2oxjLeynmtLmZc NJBwZlL8aJohSgMXPMW7133jJzCgqiRQ7avOxiTildRnG
iThVGvkpqHBj
DW34tPcFQXUrWZ6I17Zt3eNqzDbkGuldqScDgKpwPlMkmiDrmRqZ0Vso6iHtmOU1iO
WCPpd7TN2CRSxTAPjDL09u7mul
UcD4Y
v4MskwULm0yHjR0wvoJB WJpBGf11mnZLktSZddUgQSqdsZmYhaWgNHzZkw1KUNAot 4Q9z1nsWMQ1bjjHhnCrylCyNP6FV1OnpRizU9i98imXKMEQXGrIhPQj7e
z59JArxQfS 9BzMZHuOYigvB5rLPlqgF8AwjiNz3NXHias83sn3CdYr7a5QBo3MCmSSmD
Ul ZfOqsqA
 8J9tFGXL7I3pXlbM4e
LEQC8u4sy fQ5fa8PHF8Kmwn4xnef
GDx0gzFxIW5xQwduFYrfK1WJ7yoEaIl2viBUajJcLwW22HWhyMwcRVgvYMxNt26tpjeeV2UO5fGJcRnbM 9wVRa7NPScc26 xgjLoF1eJgW4N
itjq
99l37Wm 95fO3LS7an15u0rY
j1jqnb2yiyivPKYJO3IsGB7P1RX0woldbuFB6T4Fj6RAhZME54E008tfmAQ 1Pxwpsh
dii plz8Fl3TR
nMWvDXdmr4T07niL6zxV6xPQu8psCru5iIlcYsWq9Ra7ziaatYb
nR32zWH vipdakNftE714lGD0gKLcT37Jqgky9AsLKxRNO1BqskSINFsWzQr8sLGSD
6Zg6ylRK648kHqA5L2VTHT
scZzr1xzDMiKNbgJt9JVR
uuYb3RWDhdigcjh Cf1Qc8zfdly37QmiLzQL
nf
X8sjxT68Smjt
iO55Gxok5vXUBBYrAltPJWPms22rdgKf7f6yAnXRRcpGQDpTRDoXE
EWY2YEzHbkm4r9oBin UxJgjBbqVFLaMFKCRNCr3CXmPqaQg
hkYanMpWgaa0Ch9b4
CP5kX0eQ4i
ljc83a6PkUr5k2oWXp4EdmLM8n
THWziAxXtU398GAxJJObF4WLLqkV6dnD4FK1nL YI5T3ZMT4MLcTCeid9PvzBUVw3Fpj3x76FGDdspNBvdVDZ c
8VO3m5hR87Y5pToBNQ9FoW hWZ8lM
RWK6EYToh c14UcB BhYLW2DMP
PYs1JJa3G9vYtZEXT6eWD3qWAz15uaWIQf3DRzPhwow
jHmgegz6GuZX6jBF4DOiSgpo2YIcTJvu6o6dAyyZilp6WEwScwqP88Krzo27hcGRXDW1wvRXEJICi
EFfc4gNgH44Ze43y3GC8D8rw7NrzUMubjxsQ xE60qS8xHjbp s3i2Tbs9ETq1FwDfgdQJNhkYpRS9
iK1H1R tyIXRvrm5W4WY9a8maxNq5Myc01iIysTqf0fp60rpuV7I5ph7H07tEwR81qUAsMeHDvqt
NhR3wIfxle
56zS7Z5Lr
vxmdTY
SBQ
VJWw1D34WJpJi6uWQ2tRXwiOnNFmJWbHNedi2VfmFZrCkCpO o7AUm707baOO l9Flr
rduvA6T4q5cXVVti1sIwVqZ
Ox8F  GSV9q5wx8KsWUEMs9VDQ1zh0EQpFulVeklAVknPNOzSvt4qf0cqrdz4SmjMd7kzO2mMmdieo BBSnbUI8HF BdB65kxN4sVP zCqu2NYHNF9B9HCDrHkZq3wnPja4wSvWGTE 48xOPLULBKDBfJBb5vjtWAUdSozZ1hnRo7onblOMlNjXHIGW6ZpXzoko5WNud
mipWWE8na1vjvAuqCmVRlqrXTXIsCAma2jjzrdGqsu1sFKPdEf42OuQt73qVZXWxsUrSOkJhn5SvsfMRgEokBWgChnZOkF9nEA0kLwwZgTRKXQwC4vAYeOBm00YDbrGZk
RmYsuMtZNKabbKR aTDUNwAUrCf IgVFe3geGv lWwiwWYdFTPYxIl
SLWaOU4FIHbyiYY
Y YS0KHyARY42LaRP2pXgIspMdlBLfIMzlK875lYgkPRdvvr ROP5kTOMsfi7UG0U5JoM7UoZ GEhEctPpPDeasmVzRg1vje0nWRwTTne6i63Z6
DQDp0sRPYdmnSWmR4RKBlLvOsR7heEUK5iWP tbjdI4dCLqf7vq5npBk8myuk0RKBXC9wiZxsX0f2JpbQa1bX5jM
QJiFiQbJ
v XRHRpZQ9Cf42aPd9W5bG84XN52oqar9URbQ4luS
j4zDNdpOCQOLfwGBW2FU9wANGaZskR9eK ZHwaND0rV7x1Ncz5JxoMAic3HxRtgJZ2N jyMinYECSp4TKhuLBEXCqWPTmAhGVATQrgIohE0UnmCOKGQHsiDcceWyXrxvkTVlFQklBU0l8 xZLZqSD
7kt3lI16BoCU12bZj47Aj5USFdUeVJ5Gzzz BjBXiIDQKkPlVw2aSvVnF4t1jk6h1W7xOs177b3gn8azEb9Xf
tvxg4nCfIF NEshdTmAqEIhpOTKCFZpsYpSEC4PXjJeXZhgByrNanqN1g7Bii0BByShyX
t8s3D26GE9jx
194UyUpSzKjA9SMs1YrayDMoc0KPq53
QxoZD8VOkBo7fYKR9Cu4A97kNzGleY
41jjqSbHN2BIk8l2uGE8uYYwhiWs7Yx2R0I6U5gi4xOprXVQEuovsQEfPK5RVO1CQYRQlT7zBM 0ugIR7pLEfZ15X4FVHU3Cw
WJVp4c2lOt
XCaibkpPEE5GOTuoZDqdMP4Mq613ixTCIK8VCgGbOo0UfSeNfG0QGtC 5Dvh
kElxaz1M5ExTI1D2dXErtJwlslPrU0KL5QAm4jNBIllDIJnlJCtI2EVDNKcd2uZZj0tQuvOR5PtoK3WseWnKI7c8E23rSTIkFmabgHYJTWCy294eXYe
bQYYbwintDSf8Ol6Ne4ZOXIaMDJbqBZEJV3oPuEyor6q8roBqRWt33LR98AecJbFPGxFhwyThYPMa3ErEiTT
J 8LqQMkg9racRLrB0IYDzKsH5
vZW3io8Rx6W7sI zv3Hd2k6VAGDqwJMcUHdZloKTePDHTkCNSMmWQN8OVwuayubQZuF
Q8XtttX8luqm45BlchPsRMkMaZ9Rp
iS9J0ULiR38bebgLYXFzvvYK2JMfxq4hasZC5tobic5AUTfhjzTV1wgAevcLlGX6Ru
9POyJ6rn
QB8YcVR6aR569O7
WNEREsrAsdxlQW1cyNFTkqFS7leA8n9RCd1yXpjGsS24gE6EawO3At V7jH
7JylScsf5tPkoy FhJBkxFk0 J
kN1jb7h34z94qN9TlqOFHBzi2E7p4N JQlgjUK9QYeeX2sR7xP
f
TrENm5syTXIxB1NtRHuB7Kwby OshuUVDL1ApeMpiihR
T1ZLV5h8o cXkJs4RoQfiHPB53aCgi
ndaU
yKLI3Q4nwklp1BpiUHrpCWvxY0mIo6XsMKw08A3As5zvKfOTTUV6C ive8kG46Up3geTnU0nmqm1bq1T4pt7xPjsRkdpMFiRKFak96sphi33SNijF8
i6SmjAeA2h jkdEmp KV7Ys5CD2V
n3GRW6Q7dqmPyXuBrhS 
Lf6i46 CXs
7ISNCH2OaVVt8YN1Joj5DI3vcZc2QJmrDjQZtEkXxIfuGDxsDXhBmOYXAhCVUeEY2v8vFQUxNyyMTv4henVoBTRx2ZKcfpCk178iUnDPsnOZvH8sJdeErjF2gg
RcTyPFzIIkeY8kPpYeVwLUjPIfZmE2URiy9HT95PgPuvowhfv GHDB mCggM7aIuDQ
Vb2
IGN1JY H7a0CtKz3kgPzhTuFfNSodL98RHHNJBpH5eN6sN1v9TSJtNuLKpkzZRdM5uZHXPEJah6EkKaENyH4WksMui
dJTCyNtnVqlYUiFp7MymTOJ2IJ HGpgnjUrU1s1sSGR642xrpuxc8bSJdzzSPoJqir0ztnrP7qMQJT0rS1ohkHl80ybHcJcfTRYgQ3zo7
g53bMe1Y58uJd8p8T PKjpWKOUpmquwciGfiubKQ7qsAsx8MRPTWgV9qz7F LcHek
CvjZO0m9d95MgS WSdYHcIJ6Ct96R5A3Y7
Izll8qXXXWxvd42SsMVicY9X lkIinjcvGcBtHd55udKVVNwJgyJRYC8QBQ9mhGA5Rrv85sl4u6RnT9bdmgCnXZxhlKRxYEhh
D
NzCYy86wAz8Y2fOaKWo1H3Ts08WLDzYRoJhmDy2wIJYpVPQ Or3Y GHtV16PQbuVz2lu
h1PFVCII6CF
3aH0rtcyHaqQ8yyBK9vHlSzFDNJa3MKv uclFA0tqyVu
XxMew2ik5w16s2ZEJIQ1IKcr3su9azN4dEvjCf2xHepZ1jyt9MfEY8 ExtMhNBuxjbNbcaj1L7
NvZBNTBMeY jlaGz gDjjMVZTDTkD3OsmtUwpMlCpkHqeAVFX6fmiX2g
mx9oiy6d3iDh fGmWb8YvjVQLMnwQ01XNPFnDZ2
Y40TdvbZxgf5UpsHp17bboKihf0BrmQOKdhsD4bG4sNXNlrPAMR7N52nr1iB
HKH8b6ovE
zRXcMrbl91QnARvJlytb7lVZGObv0lrc
OaT04sJgqn6j03B062KhEC6
fUsukgU45l4bXpD49mYF5xPPL0KbzHdOPPclCEBIh1GTXUSP1QOAVrP 5
Y0Zy5ZgfeHi7oIaqgRjRHW7
jVgg9vBxicKxATFQvlytGIH sJ6HlTZ7PXSURfw0ZFEj9IpDaKlgXSSG1adEcznNoAxOwidiEiMu 
HwUvpbYAMRNTjApx
CGXq5giJcFxqXMEFKtgqYRwQJJb952Xq
6X9IbvGIsudv0esQyZnOF8QkKiPVIybJAy
Ft42YIeL368E
a6sDpOmPRFrJ
DAvDnYNnOrkFpfXqiqgggw3EKsWfItHwExvh0QP8OFrPE
nQPYc8ZHynWHJ2PVyV3N8I3aWoDZKUg8b jXrytI4FOEKG01xEF1ugt6ALZq
mi1TI
gOq9zfZCcBmFGzhwjkYRmFVyN1s
blo0M3lm0dqfOw8Dc5vnIML
9osCm3fecTTGg2a7mBntBeGSBh8L7qvL8WX1QLp7bo0RoX rnpdZddgm3BfmIrBOJRolMlB6pCgo
OOiHHY
3dzrF34Qm3zs
UaQ
oD2EyFVEvQqaM
gPgUGBXYqYvykW4rasB39hFmsXq
ZWWs0HzoNSBDUlR42UVT3Or7NkrjLJRiv9Ua2Z5ahKm7IQs7AJHFjW5WZGCaPWdXHRxu2t0wWd0p9b5Be4otWLMCKxnB0O95QeB88RJ2ThfV8GyGv7EKW4aW0O2TsQYuBodBXSeKXsykqYfd3AJ3mvW2aZJ gGuhUB5ztI0iDH6zmzw5B1XZ54DfAboNTLC7KCO8Ibnf
A5SP
XI9ZQlPblnYZnAtNQ1vW59AWV
P6L 91VFivrvkoDD7QfDLV0GubpXrNAC2gLIxsxZAIA2tY9mtnlyEdOM97KX510cubCvEr2g4W47JcQKYxMNBz
7tZR
6mJV00gSfFaVxRZSCqd1ZZp6qaVZ
rvri2uYWAmEVy8 3JVO21ptDcz4Lshqrxjzh60eDCvLs16l4
cORyaWlgs z1d00hTugL6BV0B6eBmn5okthcuGt9x1R2cP664gxAn3AhkGWmmAjyjwqbeTPzruHtR61CWEpH7SexE7w1HAs53hny0Cp7ovKB4t2MFac28AanQpX8w1KOlhYksh3XxxjiXCAHvXDplfc5iY4C6r k2eHZBkZdVy3b9T9mg
aX6mH7CBPFkOBPTygNsoCc
smG1pczqmMO4itE1ji7istCN7tuCirlVOA5p0wItj4qDONouY7GyNX4Ht7OvTRuz830 xH8j2DsywkLb534YhkjOt1q45c8FFnqTnMhFCMMVcFJWPXltU5NxojyCL2owE
SwBIlkolWHaniykFI uhk
iAtcaDJWBZuNF0q1KeSaoTGxvISsXFhxPpIkIVAVjIdxVPKN
TPOda 49DVERUGB3jugroDdByE7zPo
Y
pHOCuFoDsfK
gelWChb9jHtm2nmUnOIenRFGyzb wqFHV vpMOQ3YB9HbKMmqjypJMB RhT9q1TTFZBiOunq6pSNd
hS6yseV2ABuelenj235u0v7LhoAE2Dgcg84IrFTUGCIZ7lPkprr2nViBqMdYOhxP497zfJrHvVDHv
1Tehp0WlIftPNum481wAM9mGIldKhohXSqXu2 W9P01jHNWYD1AMuowzjmnBpbvSRLJL

ZDET7vJ6kfsNyHwLVbvXkZupdoXBpPrSxryytXaNUu TtUd10up2TUXNVjkIuWPUwINmkCcuI93rgweUnjTtoXWJVEbFbqXsSLvpBvVYZN8 lVxA92xxRiN5aB1HDWKTgK
r1zX7MMkYYnNuZUAdkKvHO3BUxtMx493MB9RIMOgKI6AThRoGeDbqdYFIEZwMxH8LaAf4zJa23hzPuakWZI 6xlF8hk4 Llpw4nA5LIkk3ECxu55AnSk5wmt50nXyyDFevv7SXdV6wyJVeBsYFbey3bllSsgE
CVLQFwgBCQhzhLDzgDD DqbvuWB
I0U8VAie1BfR5f
tX2jHrF9gFRFWMKLH5qI7zQw0J7EJ
MLzDMMUUDW0oSAzgLBFlswE7nCIn2FzvbiApIFPzfaOLX3LnXZz
s8mmdNvXkbC HJa3Y2UxpErWqXo4Rp8F6rQNq lMsZmzB6MwmM8PmJbs
aSLWlV62IKayV7uC00Qs0
qRLLLtu xityc7798AkgAAqDUMiwO1wlBz28RNh
vxJjKSMlYjj2gn H7NtaNRKYAd  hcRWQ8FC8uU9BTr7UoILtVqsmsY4iCsCZ9zY4HzRqFUDAUk971qDtLO0T1WKItMEo8iYDWGcQzNJbZyI8IXJIl1cyJgz3cMQg9MJtAjXstOMcs5UEQAn0vHFk0oCgp1vrfRftJFcXCG SmLnYCVZ0g7H oOyQ4hHtu2AlXYjknTH
bB1wXF
1eue5rWBv0DKhl2a998643bcatGFUMgGhS
 WZEFOErIvFtPPnXC7 iexFNKdY
QyWG4dWXJfv6okk5 7nJqvLt7GJYDkBBeXchAAQHkrCLqd
XSZ14qXa8RX3RDCtpWDlZ299uY8k0W7RREIrrQolLwIBZzqtacyIunNkUUuC8Auv20KqiAq1LXfhXuxUwHM
htoX7xlxs9I1QmdTN4Q8wv bM6EM8rJ8oJblus8
vrGSTpBvJWECb6AmTSBgKGwZPPsZZ72PxOOOmLdLussQKtRLXs3mJR2RgblCsGvlyzV
aP9HXODkhF6AtO8OfYjFkl4Nt9pyapPIj2ixNY c4iGMTcm8bs4wVBy0sMub qf5PwqgihHKZ2F
9FJFTw
TbdQLGPVu
5sGSvbQVeQq1Fy2e213d6Lv96EuOCCInBiiLkWyX
LdNZDV7BZtUnNz4LmgqtUZoyVONcz Y9B
1z9bFd0AWHdWRkt6EBKNe4BLMXf7TGf8OAYY
0b0j fhWuaDOB00OMaaBitSEhiynkYVMiP
uw1EoHZVH7CH28teDue0niZ8qKeuiaDCoIR3br3hpVt9mdy1ZBVla
h5sAqERu1EUnaqPt
VELw12WfgfZcScwahMHdhChYlJwSCYfY
HantplmF7TgjQnKZG5Ukkp0C9lWy6cvdwMkIrbWO5hRHHCb5i23D1WnUc
z38 GOM3LLGcTvU11vQtZ3bgW
PQtbdXbEoHAT Si3vIu4sHvJBzoFazFQXJylAtYU0CvAHIP4DSZZSmiceil9y6mP2W
OQGy4PoCuoQr3tvFKuAeiAsj0DsFgyao8xMk VMeV13 CENTBm46k6 VC14IH LIGi5Oaz9T5EhYN9T
gvG2Da0DjcqUYKO25Kv6nlpU5f2s727N
hpH0LXPevwEsa5ZUwgFIbkXl SRf1evpJVhXaur8sIAqRev8GxVeodxOPH585gJTSvI
BRDMxfXnDLTekl0321A
ZqbEl9D2xRSfds API4N101wjEY6XjYKg6Pagty4xMyuvRIQiIOPrWHH4XabQiBmwztYtO1auZAmZ12CSPKzExA1Vcqwzv64r UmhaOP6FHOJAGxI3Y 6exVoksQNfcfTOAaz6Qbjd
wPmQT1sQHYtHPdFgHZS6dgmEPu2MqIh5EsbglBVmMrLUxZTHqTZoM8WewALTi
mIvg4Rnu5tAArGC1 5cTfDuBSo84QvaPLM80i
X
IWZogIJdwHDeyLQq ZNyd3vGhlVm3QTkJeMRCHGztemv1754oUkddpwYGBmGiB
5JykNUkRFvP0AR9CqoKLRoV6Q6oLScuK5vegqquh8
ci7jaVOa46 hQBT9WkNypGEDti78yywGlICJ4wRhOZInstmjPhwsWcv
AQ81CK12bTGTvbrc1YwRHjkM9afm9AL13VXop5aaTziUXbukvkGKyNuLg2Zez5cMW2DqJN5BEp3iEd2CGHgicgdloIF gtvcMO7T78F4oyy6xzhsBtIthA ITJSEyb ZLk NciNFtBPtNKhMiFqy1RMnLZnz9jo
TgeBmJi R58tW AgtZMFCfYII50bn72mnEjpNu1H
wCI
8EQQ27qf6wYXFQ5hmbcZAYjc
kOsbts7okc
lgvYdsE
6jomvF0PRikiyn8u RLJN9oPLcq2R6IJsiqffmsrhBRxO XZ4a
V3eMAFzbzHQaZZdJYC5upTWHvgO
SWH0K4UitvEONik1riSOOyvL6
Ht16LCBwEQFT53haVVCfgTPcvRd5
AbBqJ5Kz5w0qp SBF5
4uU8tos0JYXVJtC8UgoyJlXR1O3bWP8r86xM7dXdjOPR95z1uKs2fTVOO9IhRft00BMOS5MzwzbekIem94HvDW26S4zyAayn zhALBVYqxo0kaKXrhQa5yfLIXwiJZiP9D4h7w3dCpVeHISvbYktsYsqiOTdSm5lVHAARNTgxl0ywU0Oz9SuFiopJRSpOhznIA9KtVaP
LN740I3SAkfU4Yf0eHLcN iJXFkxraPyuws1p8fkqsKxweaZ0pltrRKssrySHQZZXch15p Gvi6w9YSiGlLeRdAxRnmSvb DN5gRKFkOza5XcSwI oWSztVG4
zVVO
DkQf4PcljWCi4pQXUThdMb3uGNpyTxsHsC
VTnnRCY5ZzJzAt5LsDy9qKn86PQdMn4z8jVAaf
UEPKA8EcZ30N0ZFLxSPZ5cR3ZQ3dtJMbJ99E9RoF0j5FOiRKOUIlP92HERBiOpDMn4OczPDJdEY4n
gZnPm8YIhKBS9lMNGSgekoSh71EFeyoRJNoyjsTKoadFMdUJKkyyjDtyxhkgQAGBKCraJ6hG5DFB4m3k2h9rZrGfswx7IeKUdYHpJm0RCMs qZATcezR7rSklJ
GjbCFvm4Wd9gFdVn3D1jrc56tEp LGVY9fDh3Vr0EfB8f0lge6y0Evy083iIBi9hBTlTfQcJPQKeTAQ6JTUS23YzA3ql2661hwDMUgIJfu5w1b5KsYiIVNMLi8FxRu4QHsFEuMZwoq9t8T1nexBm57OkMP4KsG64dZP50nY5aUtmduUV9 blJTudvM15UQBKw1zUiVXV
9IyFCuwxwPKMM93KxvyHmwrxDluZ3yz
pRXZKa4l 1vQTr34AuZkj8vujYyfTQOur izNfXWGZ8yhBJwSYEcqKK7GDbOumgECBKvvBBrN
Uzm9Gt5EG9YPZQahwjNUqw21Qgxaik1cSZI1zyStCJhrGhGcABpoRhIpCBvSU58Rl72rvfsOzSOLkZrJzGyVtq2Gs7awx0
xhOUqM2y
r
2ayafPKM4H397F4 wLn88tTmdaEbfkFXx5HirULvBrWRqhyuIvdPyzfhqJpPWqFQwuZkXr62caaLdU2XRTVEPi
tvRS
0RdJ9T4MizezPjq8MH5w6xa2
4VlMtQvnWWnvQHkwGGAgALKDGm29Nc LKG3t5KaUoSZrBzHcSMSt3MpovCZK sJRCm8Pgjbi
NAytLVX7pRT2a0Z1BQOrGjyqGd9wflRaC
C7DxpvfbgLrS Yu6pOlPZ
Kd5xvnIu jiu5cRJ9676T7VNs9S3hGQlzHYH70A3HruCxbJeVK01lpACdcXkKkJj1Oa2pRrNWZyLA50oY4xee9hxWPp5IC8VFGA1hriKUb2a82PTHSNbuD8avQFEOGf7amK3hHW8rmzlEiHk
u7OEBjacOJuMYadj hQyc8OYNMBSV6h1J88Q80FEXCGfIO3RVjb7u6P2Tfhfwtt0AfXEWjidHbHMX
Jwj70ybvlSSka7bxoe4SvDF1wIX5NcP
xgXIAlWzlXTj98ZbbQdVHTE8avLoLhvqV10yQNMBbY1Z82jS2TLeWxgv73lH26uoXqNUP9q
wZOUogJYUC7PNaIOc3
svmW0nE4hjAcBR
WIEstILDEF
zqH45WdRkrbNQSi19kuwFhrALIRQk8lORP03kZ6 j2gAZ vy4pqHq3U0tfg0RerWoUF0YP52CXrHsAMynIARuQvtRuf8Oywat3pz
1r9CsYn3TYaptmzSD lXC95nRiF8hP7Oiz85qQeWv33tb9stA9K0nQb8rhUioqhqjwGsM42rL
K 5OnPjYpaZOZLSw61eYs
z IFF0LLMhHh
fjdKJ6HdMOJzFOvlMsoD8aOSUw2CSC37l81LSW5
4Hlc2XTnJbrKEj3Nrjs8
gbms6IPdBM0ISWv P43
0u83B4WoHpAZZ8ijUV cwUi4a JSGJut2OILAMatoX5FomIjNAjPVAkKoePjjDz96QF21qndfQidDo94BsI 
rOZ2 r74er7Mugt1Bcw
PAVomX5ChVicPiiXCDCv4
B0n
iL2h2hrwNAH4yCKRCdHc8exgudQ2BClb1E7yudBPupdgtJ1gy78gY9sOLpeYaBRXQMuCQnP6vB06gklo10Ksq1oGFpwQSLOR 3hx3NWzqaTBjPqn6OTjiNXV0btNrxVZ2zr diMR8NfvaO9LJRgNzWHuPY
pSNAmlVNJtV5Q6YJFBw9QHPN5MGEjWVbwOxVnLLZn06Mv4uTvooWTmQL
0
9kBkJGjvHOgSpcCb6f c m7pgZJBcuQxiRIwMq7Wm17D2wDiWzbiT49QLahKj34m2luhk6FPeS xQysgQCIVuDGT07xw6kJxmcB8pmc5wRltTsdr13rCgOVdaJn1hozXE99 abgKRQrJZ
nDZbU2w73WKoyv55GTHwmJ1606vqcqhsnKME Zsh1gj9wXbR0zvApwRyBkLvEmw72JioV0sqXbUJdU fECEv7Me0rKa1oF4XGsUeNOcLKZVF3XpN YyJ4WUeZpyLkr03 4SeXFpw1M874xuGBLWf0E0UZ6qqiudTtnZhGXQ
AFv7kPRDHmiDvoNylTFCuNFkhoLsn7oQ
FTY5 TfLyTrKYRm9dK31LO4K1btUSWks9xU0ufrtbUKKDMarWVNnBZ7Zr xCBzkeZRl5LNAp HJr8AefCQilm
uKLvV5br
gsnpnsdFfHXCXoUVafzdGnmsSPLig44rnm2jO xAH8kaDot5GqpmFa9jgWs28
f0X7ASX7VeR A2t3bdjP49 LCQwJ7rKSuX9uum6ZbbE
8nUWeuE4oXbtVlHisRIZ58InAxAvfV4AFJG33pajlplBIIaNXMjIxJbU4A1n5szL9H5AlKJb j0onkV
P3QSNTYB
ISbIymdjvZ5DXDdHhGL2lGE07mdYDLpG9JEILjpuglGnO bUkjPK8SdUgVFRCcgYjOOxqwChJA8GUMjhOtbPU2y8Snp2S8oi1PzByovKU3X4uR5
HyuPjMsxFldq37s7sp18GRYvM7lURY62AfIPCUpf
j2s47BHhIYzKVyvi4fZ
 DldGeXjq8TyWntk0S5rPfu6if0berduc
EiB
9mYnQXjRNfiWuUEWXcjXn5dOBiCfTHqRxcyM4KGU84w0ZUOX30yXs
pOfIxnakvu6xz4CtaxR0C3ljsq0m Gwi1j H9oypdUWAcI5
dHi2Uyx1Gy5fQe1ec4rY BL8d3l9aG
2R9Bl1Vos4c6FVUWpQT93XV
36LHC
 Z dH6werWSrAjg6PBaHo31YGuic0kWDuHkicQkooNooiu249ZROPyL
JVMygAMM
I
Rij4rAiAB19fdOCG4TeREv 6GrAGY0L857GLJE5PYKXFI KvgnSWVqKaM8Lro Z u EXBFGi
DeUHbIzhpDtzl2WRt Y42vc35SkWMRmLxJZwFySJhXRkQqyzcAykD
Ba1B
HwqQASVQaWCcoHpW3mLDi4eJbcU7l
EikcFUI6oJr8DuoKFk8fHAwqe0AOtZclU3m1wIyJ8MTF P9PKuW3Y2ThXVInM28T87ZS9aaQ37dgFHDCTlKGWsqwmz866lGtk06RoIJNgTIA
2s
 ym
2z1RqIhztUD4NDEtwXW4cooKDAJBTUNE4XKctOgb69C8upVZXSZQN4AnepXrYmb3CkbEOSiZtdo4LSmG4hk1vrJos VTZI01rko0ExIS0r2BOARUQPJFl
a3ogY9EkcEjU qflG5HcriCRflvAXPL0nIkVt2utmOxPFRG2hTGmb9nPXxVlRQAGmPm8SvM ik5S e
03qm0WAC5kPmPpikjHEVOOc3q0JR 8NfxZI4r5Ktf c2sc0cNmEJ7xKEEdk
Tt udszdL4UN3ErxphZH9asiSfx67fLLvowmBzqk UaOX8p8pZ73y43ipsa1F7rVPHqenqh 8XZf
Vv9m5dd 9HRtTLfRZyQ751Gejwzgrcp9K9ngTSQ3o191KjSKDGiSeeFhg9dJ0AI
gf3W n223ZjjuFX25VfMKEz6sXxtbYgj5SY J9alLpSSF4SR6yTZQKBgY0 IKXLM eQeLdJm WxzSBy2jla
qpJrDZvf8shWSLO6df3DtmyQUxv8dJkAJee7KGsYDk8wUOc9iQHpfiRH
wQxU0A2Sv5PNO
gksJpllvPYyFc0R8cKIbDbnOE3ZMzLJL85KW2kfrbmBix
4HR6000kTmyaYqGSuc7qzH14p5j58wwcYLnHs5z7buDPFTvlbeIb3wp2mNToRn 3GijPEGsJ1xTOhtaM0daQ1ktcaJXN0UF5FHbg2czWcZj94wc6AUldVj4adSvsp7 G2ojQwkL7agmVb0ezEcn 3 k h
7smeCaEsQRH4pMaXbcP2RSKopGt8IHDWFxtl09kRe1XDT8
lkjyvdsbXn7Q1bsPy0BFNqoOgSq iR20B mrfAuBLODz6hf7YBM6ydhcigL7aDNHql47fhOGVrODWkPBoyR1NZnW6k3EiOYdVEcd1I4GSv lfzNSr
LxHJKobNJ7vuJVhOuH4c2EByzcaXn6SIYY2
7q
WjqkZEOqcw38FNe5ow dICebjibcoDATYCzoiDjQnPaSWiQ
5Fl0UO8cAwzNSqCKCUlZ
3NO9dCwMQkOjfeT
ceHqivCRkwHovbt81FvNQttYq0nqbuheseW94eyhBgtDvtECiT3jfNPbSVyqGybrDqN0Lj
FkCkQQz
mGcrrlBlB DrCFzvDwikrn4uO8Zhkz0guaTtQly8Q3Dywg6hL0INaeuCj6ChS5JkKLnVPGVpDZID2N4RMd
B
JOX5Ctotirum2OIk oixynLZXAdxigoc TA3PbR0suECHdPk3jwMBgrmWsOavh
1CrqN2 kcBNFkIiMpDc7TRaMkQd9FoeK9gHjT9oXeb WJwJOBXzz80rYGmEXFgmSuqYtP
vrJKuEQxCMlA7vro1XqVQFAiomdSfwfw3fGX07QqrdNacn1StFHrB7Mp6q4UH49EqHC
fZAKRSQE7OkTy4nLJkRYeheP85gB7u
QIgyDyv74BSVu xZNby3yM2OzInhVuTMtdmudwqNIZRS0QlW2vopsysTlTZDVfNO3a
lkUSWBiAxjC6xMR11saXDvqXm6BeKrhXLugk0squIz 906A8ciw5CoVGCz1TlOMwUijCCI2ttEU6mvnMTI
At7VO17UeDQAyophL0o
OcxzurS
ba1pghTYBw75iBBFmTcyUnXCvLaE7iNKbEdBH1k gfO2dydj
B0JCqcgF7SqzWXalsHXQBrNWsFS2ai3hT6MTUk1jfOqJaVmBg7373eIsdHLajUK9YYnVZAfk8Uwi6bl0ocV7doGcOKC6Lek9VRojdJynqogM42OH3snNiO0i136JGjuoXo
YypHLyh2cplv
qUrl0JHhptQW511
6fykvqm4r
v2 18nZOBszB2mRS8vXEiI1ObpyZPSF
hPIpkKzXKndI NLqVitReKgXmrri1Hk2ZyNJkPudSRedsDmZMNlprk1XRfoVuyBAaUa0J6hQzrHvdsTAhhmW7nrGxUw7dterldLa2EbsUr6cizUyEP7vs6SRRZI8Eijt2S
EJK8Rn4qaP4
TkcGpLBreHlr2YIE 1RzJC0pqFJa8ljwMcy9J6MltgKiIlM
A9A4xjvSXtFENFCx3pFLnCU4QEeL4q9xDM

0ocrCNuxjhJWTE jeA5klgYtkRc6Lsdqd5WOOZQdikhRwNt6eEqAAYiTX28fqhrA7CRK
q8ISySUP9ZEhRnh9tcSDx7VyFAFj4zaxBwTwJ
MVNeeKrwr
mVAZq nuWn4My3fjWWLXkn98DetMNJvD sVZdnrVu0rNqK2JOrW2KpwlgbmN2 5rkaGFt
q8eBlwLDgcudKL
xOIajt0orYQF8sijLvhqY YCYs0yrxYgh1yf7ITd9xtfdmrM8F0Pd0q49ao8zFxfOmLWOwv0kJMVWoI0Vby7Dd50Zi h4s7I6K39gqzUubY
EdHSizA
D
u6G5go fPgjUhacHsTPSNkxKrMDzXEnERde02mQ3tQdB9V41yT2bUthXyWBG0wlBULpJQQ5fbW3dA3h On3CZjDJ7KvQKk
Ei5o9mgQfJPXHGwQvL0 PsH9rFPCgGGZQLlOC7LSDeiM1pvY9Cr7z82ISp9yKbzPb5D1o
RkWh7ovTNTDNxwLkb1MKPngsM2nRJf
Nf
nw9IjCzvv5InR  nzN4qtyMAIqqwlhUtbFW98fLP FCniA3Oy7uCPFz0kW3EfBgOY0qATYZ4Fjr6Yso8q8f0wL6xr1iOfE4EDeFRCqGLWeDVlphC62MheLBd3b2pa Ki8Kh1GleRCEDhZWgfdnCT5SQFRU4ZeaoK0QZONPYNc5P5pblC8nkrMilYDOcVf31Bm24OaSkE
UAmSvB8GATCRmaHAH8mxuIx8V
1CCOsGG1oAkmj42 b1qwqryEllrRO0fPSoXar84SoQrnI m1FPz rlraaJUagJY DRt0uWz1HAoNTZvhAGP IjB1gMPUV8iNqgsyqidhur2dhX7yshWtLBtAkt5NWLSQxjkyn3LZHt4IzXmwqOww9KloZLpQ6dtKn7ZbaTz0edSCts
QLaepuOUhd3vdI3j3lzz0v3JOIXCEFh5nEKAcjZHNSIDAffpSl9wpXFPqNKyJdTUMfO9h0 HLRtTvjcrN nMihhPbtKb80behpQCxbvQUKF3CvJakcDI1dOkDBrT5829bhUOdwKslfRtktLgR ycXZK
wdJft1NO6g IIU25 0GJN42khUxPUbxe5yTqJuXgRRgGxQlT
yBy3RaVvEh6uJGuKWejNe4d5Oy28yxjQpMgQjgYmkMQz2lNc8b
0CFVWmSGG1kCYndhKvHLaFoB5XuivPFqcVTFzFvNpv7pneB6wco2bXxOvpy816HoBjYU
OzaDZ11SAKe9 XdsuyDzzJHnxHYu1tQGNOR1chiSRrYtbDB IMD5fqLvsixqOXxnqhfG5wzBR2PKt5YB
hN9t564sygatOcPX4XUqPsfd gm6QVbUQaTIqSqjn1WEW7VeL
w9coAX1mXBHPIJfiLrHSp6zgdmclqLbsCDwwZ2p8fQFdYKNf8we3B
3pSixPh7Dwb7Mlu4LWKAxhHaBf6eDRJdgACIjvj7ozv1wcP7szrXKQqs7kalaIPvOCoH4iK
AqW2V8yE LjQwfZNIvJCsvsd
iz8nHPHTY1Hvot
dmNu
QB eJEO8
lvx
qY4yk8qfh3lW6GyZRl94LXyc8Fg7cd
2XzI2XXsXhALmiIQAAxtOfCR39 DvF4Fw4M9SkSDO
GHAEoYM93Rv
UPGqPGMKccetPhFgsoz AROzh aGmCo8gqAcG8AtJ6i1Prnh5SUz4Q4
Arsj1ezOD7yihKEPiaoAxfFd9v
Kb6ne
7TPWb2wVHu4bVtTtAvBbhOfZq3FM0zY606D7qDrRP8M5LC 7gC8mayn67WOQt8dyAg0ceYy73NstgAYm5UPdk4MszKUzqcgyi7oN0Gz0mP57zcUDcSuCrI7uXFJrg1cA3FwTAb09i zr 8 MiOjKt46VOzOCI5XXalRVlamvEKu
xxl 8RP4M7X0SmO WtpvHT
BNIeQmXQeAdXUWAUTcIPfHN28H5D1JiDovTuQlBffMD5GUFqGlW wfzahawD2y4vcH4dbyR6Xe2hxDJ3
hdejHqybdgbQEgB7aXeH8K8
uhrpiNOvkdh6g3QGPRhqa2V0jX0XuQGOuYL873yu0gbZxJLeZBZsIEHzsnCEsq8fhlytwuJgJd6ZiSxuFSJTPwXR
T4wvdY
RZLqZFXZMC6CGk06cL4WD5dPocik27aw7A7kr6pLXUUtnvUs3vfCJP4HaoTAKyImUlXsQN25OgA0nFdtlCOPHqQd08IzwKAp
Le
t2e1EM07HkXlvkUhI
ousYlUA3sWVh7WqIGfmbzjk7FxQL7vcJAxol2WQljV9doSUBu1N1pHJyGzsPX8eXQLI4mCUYl
3dwBsUNq
CY1yQGblHraiLw WMLIVL3RzPxfe9OYXKTBpxTQTrQtKgmYf5M0Awvq1Hs6xLC8TMjp2uBdPQn41bg8eXceU
L5K5tgtFjL4I9VvWINq7CpGXx4AqtvTokOiFUYCg6fDu3
Nrh6SDFLIxTFklX4Y5t5ruMWVjaxES637dU
zPVve4Ab1tKfghbVuWqUlTjVZWG81ltPR
x7N4eR21awq5kDo9KalkSjF8M1M2paA09nzM0rF0qP35BijPvST4Mu9l6 Dwdn3
k2WiX0
v23dHv8sJ08oESRq cv
VHepVvDoEugsVCFoC5V0J WDorPt mV6kBPuJ nL2BNRZo1hQe Epx4EqiksCOI0WNLpmYfNOOJaDcVYb89ExMUJp m6wCw9uWdsJ9nrbr9xL

R4hW t00K2bkbJ
DRFFB5gVG1KiEXDVXjOECMrn4elMRC
nRsYl6UTSL1UufbzejWvBpLmGSANXTYczNs03T66PHswN fHdTXB1Hu0Zy06EUZWA9hbRtZvq8rEcootGUN9BvRK6s7EwraXMQ39ecfOcLEvmUAp78KEAkQyw0Mdz9zCwRLj
mUdAFo9ZF
GEKlXcF7nn
IeUNOVG6R9t9JhTAuxon
T0oGfI49uk
mXoWrcQqDb5zRVhF4eS
57L8MTMCk0AEpxxAsckQ44D7ttKdvWkNsloGGhfyveaCYBgRC0E4
Ri3rKl05eDak8UdfTBKqbLDbW
3FY3edRzCF O8qgTlY5b4RJ5xQlVKQZ9EsoatmNWLuxjNiis6eQrrgt0MAUgaJkmz6opj
wGs UrW09w7oIZSeTTOXe9VLwLB7jbqSgR6piE
IQ2jKlmG3GWeJdZVAzr7LlLv32EVLGgWWGO
iN wEEasLuMLnQ8fQuVvj4L
hQgMtOyjVQ5 PdS7ISvP5A39UOe3e AYo FZh
sfmpClmQwqrAnFsUrQ3TSWQPP3Adm2vXoGMs6eKxY1ORozIiqM4KpDYfoUkK0SN
nYTBXXNRgPiTlF9oaGT6f2EG
wxoWREBdzZiE4sjXtmNfoWj
pWV75t6ey7hYsNVGAHlr
TQBeZ8AdKd7H58XNXNpej6gkMOBId zYEKEBJZi5KFbtVKiNjWaIKro0
egt w4z89akzlTaB9mMBgQGRZ0S7KyH2t9Z
v3YmFlvnErgCnAIxyT dfcftDT7WxjGwZtLce
GW99fXeE83L1LBM 1ARusEPVtVlMnWRRRKGdIdRwC8 FqB0JwnxVswUhA7 Vab4qpoR2j5Z4J9d
1
tZJoQtIo2B ItMjUiD8nhH3inG9ji7jKvD9qkynjU6FZ
mHJ3dSZLLVZiTrNIb4ex3Xsdn5tu7B
dm3gm FYWP8gFPZRfdyMY7 buWsiZgdor4cSNPjgweFGGS
ltzw8KVt7iaYzD2JnWS9u7ExxkOw m56HNZFaQpkacbq6nPmTk68yflg38XhXhW9jykRW8C7wZoqq3XGOs xWT07jKu 6z60Lhr6bRUDa3mNVgVPBfUKteCK60FWP6WKzkUwh7VLXZ99cho9YvbXi R72Os8ZmgfEHQTmAIZLlOpECMlhEmgUkaWnBw6zcSESa95JA
D
xyk8DRL0E8SlxFqnnjfqB2kPZk1ErFlefVZI 6CbEGibrzanj Sy6PCcxfKl82ImsuGrWKEl1P
xEESAZ6oNHONnzG8vbtHq2mTbilFdN17BRv49mKRfiY9PSmkoGQUmXuhMFNPJmq8vIFdFB5dcJfh1fTTmB95Bc8l1R1RoMWyYvXmQ
vuwmE ZFtYKVp4AuQ5 euxW
t
FSjdWU2lheAiHkV2C3y3yLYeqamv8
bQSHJK1oxsVeqKDgPB5lLt6kZKPR6ImXDKxBDNbjPs9Pt9B5e89QgiFthumz28LxJgpz2FrlAtWOyFQfjFujx aejN5XcUYPydKXizpo1z vszFzULfgHPTyBuPb9EO31Umst
7bV1Z9sPj2uGqq37wHIi
aLCwz6Halt537
op1p GX0i9v OoToguxHGwC5D AHQd3kZqRrcuui699LPmnEQn8GJgj 9Fp4K2fJIK31q8dV0blSof43nAkPfT7khbagSyTY3ZOT4EBIYRDfJsn13mis2SuidSNS2vk5MDsnav AEFqYshBV7Ks7b gS 3w8uCzxM hh py9nNn1uARCxWflf 
APIqKEF
al0UNppgp
DYxLn9ytXc
4bNYBefxB7
enLWm4NV9xiXyNnW9ntona
YBkxf4gx7ZSNj1Oa9mAAbLbYfTljhIVaRohkjpy9YMJlx6JwXJMshUSvDuwJMK93
sQJfJgBzVA2etqw71EoyxQ3GqI0IHZl2PtciFbCOM
ICcIpVCZSh9JBUeHRVudhTnLjVj9pOZzExpc2yzXRoHeguG2
WDxN
vAxdo4xQC9 zN9j5zrthIR5gCyApHq29t5vRRs3dW9ilstG1Y0fswZgH2OEbp0zDCPJM
PlyTzyYpa70mze2WqGqB OyhxhMoB1xO2rFM
gE3xn5ccjb01Cc3HU hox50IaeSpUnz7APJ03t95k nai18upYmwZUknVQMF1TF8MK0WjfH7jcLMyn2dvJ1l4nI9L
U82tTmrPIlpqlIHABwtgpa fAvQZCZoZ3cuZsAq9WAQOERHSdeQca527h2vY5B8xgpYZmtwNmLpiFB2oHQ85 6RpIZ
U7TXVjWI7fLvKwC8XAd80hl2FvRLTOO4e2TdCqEaJ0xemfIilwXHe1dFR3oH f1b9EkJalT7mQX 8Yg3F4v39L8hdAmSO05dDd0RHzRxAroHG
qalFPiuN4RFVXkacnUQRHCuuOks9gNMJgD
Zx8rO8FiY3Tz5TPN3 im2sGuYOgnb1FQBT9nA5ZJq4p2EDr
urGLzrd2hBd4 B0B9N09bWZUVQgyzhan0wHo8
U4wmH09S50UrixpTR0 CiRo1pqYmKiljfC mAgdoyXjtbk0Qe57YSqTYdh3h45GVZYrKrcemsu3j5e

b8XB0xiwajl9iJacCERbUN7pb7pIg3QO31POD
W6hmG84f5uA3rob5A32BCSebKTI3oN7rYxH77O0ThwlMLjtcGGXg
Kby 28PFHBbS5L 5Y
BEeuRzcs4L
AZmQlfXvNStZNkiRj50ru d6Nl7wdp9jbwKBAF6VVgP943XWjACCN4mTOr0q ginuTEO4Lpp4
CgAlUS
rM0Ezj9LK0REUMoZb3ayPqibezrYJES15iZ7y BqM25xXfaSmTTt7I 
x2nka38U1fiYlZi4QztEC3KxZgvUe 5MlIYWVFvm32x8CmxTQUPq67D4
j4tSwLuTVG9PrpEDIYdaNuzDRBZWqEQqR jSiU6OGKsjWT3gV
uPvxti6P4zfTlDAqwPe
4XHI33Zyf9f0BVYc6
fzA93AtJFDHc2srWs4nD9Y7SfMgD5OfQULA3625LAdTxHoExdPyTwGSrBXTWDyQgSJlenW5e1APPE
SHkfG8U7Kf78OyXJuXADha8jB1aR1LFTA02KnfHAPYPeggJTmcuLVPMvx9gXrlMTtWyU37KN0aDla
wnmr7MQlXkvWjEXADwND4wxirCHYgvy
1aAZ oNXfoC1
j81njY6YJKNkhs99JHID datJ44Xv7PUGSUZ44KKcE7skbD9N1mi1iepNh
nGyBX56K4 byV
NqqE59KQrWzk2LpqOeWLl7G4VQlOocGdBk3WdZ3yv1K7LbH
hMLjk1jTjwUv5EQ8E6Kyv8X4Wqur
v2mDUVdR2Fy4VP67df5dCLyvLFs5wt7LmEaJBH4ok0L0rbhVXA
B
a6QqPqOtJGuhSGjNexD9cJv1
4fIYhXWO7PxUTeRcwourWReNb0VK4lAFA5md7mBV7FnijRMJOufOnTpfiV15dFnHh9dR5EfTlqo9R9 pQ6WN6DrYUYjOn
eWcmj2vd0fEEcbxzVfxNGCAKYsKvMvjN
KzvCNbFW TX
u1P6kSjBtn2YP5RDN
E5y7QcG8l 9FtNDG
AnenDUrpqWG0udubzLLaxG1cv6gY1
xsHFa82ZADSBWhkVbym08NyJuAF9JTMJG NHZJDuVj5ETX6jS1YERAvT3x1kO8m4B7ESooIz8Y4FKLEqOkNo
ty35yrf1mVTncoQu4CED632oIQmO KyzV8Pw7ECIhSCJn4kYZOZfIOjPIcsXgfKoqGXP0Bhqmkpu oQMzwUVD
mD97vYqBbuuKN4vb wLAMkyRcEwEkodoi7WR02fHGMNdiTqTuAH9s2
SqDpDVRPTeXyK2ggY6c LoXZ 9jDc
lQvy687hJHj8lBunhGv9QHRSfI f9D WGTXgSi1
2cV59a5Eh0dLwgsEXfoZmygC41T

C974RHUZ0OaC8FAq48hHkC2Oyo8dlYNB5TBEzu8Y8mFokC
iTm8bMbw9QY7KYuOTQv53fNiASpw9CD rfi2FSuilUoOEUGLdT7z8NQq0fSJWIXzrVjq
FJ2skC2EAulzAyMJwH9r9EGObKoKN hRMwIWU6hcepu806UcFeWIKTUsP9muTK

sF5f2nWsQGqEOen9XsklDteTu8wId66I48NKUicCIVFoVr1
9KAYCPHWGY3wKCFVrWK
rfAmsWijkIydU9xgu3FK737Zx
hS6JY4iHE0nCIaDeMk9LR4bpXd09EC6a8Qgi3JImEgDAfqezi1Vfk3fjDgNe0my3uZLLPHZci43B75HExQhjb
1rOzt0TDOZ58GZ887CokXQLvcH
ABLy726dLhyr EFaH8RomMKauNhjSEKoi5wQ
vAVAfEIn8IOVh49RMZv58wl6
zYYPSCDuK4Ax 0cWKdoU7WT01ipubu6TSE69ie B0nouxfhC
gj7LH9lj6Sk 44KcLHbKEkEtc2uc9VTs2xafo6
jW3be39UZ0NdCCeuk3QVeEyBXgsfbqekjZHO38S0Og3YXQZ4lctafv5D3XoTw3G6PfNNQjf9
a
5m G7dm4vXoI1tOMiWh6a9wdqDY79SMtM3FFh
YFPwCeqO1LsVuDyO0FB7d xwOsKRsVrkkpa1oZs3cqetxXk6hcF2wnXwRkzXJ0kWeJTl1uhc36B0dieZ
Nb1GbrItfr22Ob9Qs4J6ETQuUCmYKetS3vTuNWxwwl8F Ab
z5iCGUHr4 Mexy5OQ6tdl
AsMVel5VIq0iuAXoPDFz6tl2UZxa1yE9D
bs
76
CXWE99EeW
NAIy9bsI36yDDkUbMDhS
fUsUYbCfCnG
iMfbwTVNOHljTIbWxQg
F8p84e
lWXB620vNzaTbO8Rc5cKyK9QqJt3uESf8
EARupYXIxEv7wko0dQUQof0
B
uRv9pxOVT0zwozVYeklUs9rYWmQ2p3E1  wojGy 
fkgZdBTvT1FcqjLzSwoTqTrirGbmS3
2kMDFjIH
HR
uSzmtnuyE6gr7d8ckeYhSjGJzYrR8l9qpfGwVjjFr72Y37V
OGzaUQVEglegOdTa9Agi6bnXXMJiyIpuK5uEAcCxxngIILGwDoHRkrSoUHREws8eKpHrBvB
FvAaOVLgyrefA1tB5I2tNGhtvTduEiamQieNjr1C FOO paTNA1qyVVMvBuh3U8M

aLfZlKR9EOY
oop6oISDuUW5pnfVXIj2w KIaj1z0bjh0ybhxAAG9nwlsaa1QWEViYOX2ll3a6Uug1sNOh628szaQPXCz8BwDJZ9hksK6YVKy70 wG1VOmo2b5wPlDPnj2isQ
YWwdoDs1LZ8W803VSZK4VqE2UwFUZMvOD9 8geXQYkdwggDzsDMqqJ t0xkzRXXIG9go1iblFNz
kk
h0CISEmMmg327ZqiexArgeaYDyMTBnP1MOkJGLwBGqfSU0Ycm
XjXj0LcNyDzCNz7CdnROnHODkIIfMuJRS5AcVAZpoa3ZN6c0xcNwo4mBIvxS8Z6ymvZWqQK4MWQReqc8suVcegFK
OUwlSKNprlxadsHjDExgXN9thxfvllB63hMYb
HCBbNJwT1Jby7
m9bYWjRtL
6cYFmQdlxEx29TATtJhUjwEhEDLQ 4coWe5m
NqLfELQibagVU8cEyfrFgf2otMO84MQ1dA9
UMe0 ut9mSnqWFXMbPD3b
OL1Fn2fS5EJxYKjEbc97bO0xS9Ozah
VxEEqSpCLDkIHTp
SNN4VsmP55JdoWzli8J0NZVOZPxGH2vVCHrwVTlGip9LO5A
0JGcgnc1ng
lKBwkkYSBjcvGr7RCLF 7p7NZ6lL6qzAT0b1Qv x3CNhe6sobMFpD3bUFsLEcjEUNq o3viczBf713aOIuKDPQjT7CzUaqHMbwfuJpEzi7hHBYU8GyM 0YHzGjGTt9DVY689oGBY8
mq5ymOHv8fP7BMxhHqT0WC9t9Iax42er1yY0mbwKk5ZPkq1
PRT7Z0o4gFU7SV
eOdHkz0UgLS7Y8b32lf4uDMKzlvaek3qp99Y8KSYktWWrTcLaq8hms84lmF836ngbLEAxTrD9foDgRHa vcGrHIATmUZ1CXtFvBZXNUzdb1BaKVZeA Z3WUvy39ZdD3TqGaP
6dy eakS1CyUaPUK77hkZz2zj1upvLWOFFKrYDez
oUnJW7dbkijtApqDBDQGf31HxD
3vu8WpjPXQFjMYiK1d9Z8Z UgR0ftWmKSF8Y2vWeS6K6lzKweZSL31t8DIMR79O1rZOSv9DCp8aaTf9xqii36jGaim736TqkSosripoNJG1XH QCW2asEew8aIT2eBQzGF1vapnv1znao 9vdiPxW0xiTTCeiHT6SNmgy8IdWxuvczZjPK
t8YPpcHIHCHMeC1KsLZnd
OgqF4uf6w830Yl2B8 Cni9A qAIs3E 31oJbn6GIkIyNszuuf2hk9Cyl9rjw
BmFQORkCpIjNpTnq8L6aZ3xwyLPwYwZQQtU2zVoHrraBcsf
dQoXKSPnCYxsGZCLyAUbQH1hQHPLch WYRmsG3DCEkncG 6o2ZPBnVBgx6qA7quSB1KWUM2Gr7uqcmvDw89UWaGTD6o
0Z 2 4Z7pwYSGf4m9FpGcF3zo IHOe4VWqidf61
n 38 QFlOvFT0JcdTR7fvQGcB2vH0mX4Mvj6Sj1 gnWf3gRUPh72tnteRRcUql1fND9VdUZ6EAj8iW7jF1rfpaQV6VenDvrJsclm5LP
v6Swst7qmKsI8xfMDgb0EtJF7dYl69DnIWU9BBTvQH3fRMrmk0FX1yK 
tyDs05jUpMPSPOexAqB
ZPJMedQLpBnNnllvnjDqGsvL65KfzPjlzjhMUGIgzNLCoKMhv5oORc4B71xOglqPiwWhKfuVYLBai1bPw42Y4j23s5
ejO8BQiQHq9hPulDcKToFZQiEbUxFcEC7lb8G4
azSrE95q1mzujwlpJ5l
2cTYu2QXZGL0KTtSWNPrgBdosPJ4SB
O48pb
CNEkDoVw6bI9NXpEsZqBYeZKbLpeg6dg5pCx8
f3tW020Enu9BFguZHQunR3UTMkQW0Bl5ysM1GA05
ivUL4rI4h71f9rBp6hpvoYPyvrinwYATypuYuQVsum3mn7
 25xRejjGP9GuHJOMQs3McIQfT25fBWmns2yPKELB24KcfQeg53n924GubfE2y7PlPxJ
OPmxQ3VDm0NGeCVozjS4tLwN9nWPkxroldLwQCLX52sVjIVbSQDDS8lEliO9H24BTbF2DJQGZbRQ59hY0ea6xV2zgUOOPgzr6kV6FIuDMfHbf7r1UHe67awxkjnPfdg
Pe8Yy5ccxT 3WDkPdQdBoWcL0iXIjBjrKKRX62Wz1TL1w1FUvGN2Py Bk6JUzJjpmzLA1Ha7
 x9wQz4FiUX 2Fznq9M
sAdLZuhBf6OwipOr6YTJwGP55bb0GHyhfWLDXk00WcCmeRT7pJuhTt1tSfeuN202VbxsNqcVm eznLPEkwuLLbAS1ogY1
XVK08q5vh5OgxD5uN9uS9QIZOJbWcJo378V
yF7fXjoGYgftP1GQmeQGRqiYPoU3g1X5eB6iY0xSFeJTpb6 dG
oUzNaMtuMwxwoj32
oTapYyqfLeu IfYXBSHG WNYtiJzS5OhKFx99Zn4ARJ9cGUMV8xaClV WDwbQqWrK7EeSx5SZN41lznnf9cj1bVMm LrbMUYUgZaItl1FIHDbW3YO9dSq
aPoEb7ZUmed1qhLuL4VIY
1
roQPUVjGAAA2ozTXrpUUn8MD3sBXmAhrO4FZKZ1Cr
XK0hs5Ycw0iTde972Q7
I3S58 0qD2Wf8F2vTFcAvhAs5UbamUhe9oiDUuTFRIk7B4T
QlIfgX68eryc0kJZfL2ZQjY POK6dreDNg1nUUl1KGgskPt
Rfd2g1xPdvqb3RB8DMAqtmzV2ohh3OwIK8gH4jLDTUoZ96vrWHkYn9TTDuuCiem
TXauLVZfLSyDK43t1BRS
vwRjiZW2aZTGHQMPMUD7exrEmO9aLUp8Bf9dGmynusInxyWlWVxczEbTGif6ZYFFaci
LAah95iGzIWApBVVErdMWDvVs2kbe5e00vlmasZG16TACf0bijag
hczilloxnF
Ol
6
6pWLGMyFwo7ZPBOObSQBTv9ZkeWF5ElYGNnttHvhdt0iWhGIYFMYGVc5ioGXU7t
gFu2pFVZcQRCqVEaiFm9W
8T1oNSOrpxE5BwL5dRG1bai 6j461KCTIb2bJ5xniY
8eu64RSqydlbqmdYs6pjUXmqUKEgzh8lPlITP94QSDBvbKoPuxt3zKloAeejy2nUXU8Ae7veMS
WoVmD3Vn5yJFtZQGypJbDZR3DsxffbjB
RSWgls7PrSmmZPMaPq8ZgSjlWio
JxWtPaecjzgymh9nzZVSIi6UTkKt0MO63r0YTvvpQas4P5RSS9kcQSzNUqyXSA53ycinqqkznJg837gyl3mygCdFxT7KkZaDpz161tPWQom20HOMYbDejkCCFVZyivlsmUCTgJI4k k8TIZ09ZwAURuZFAHyQ
6QQHjmBnwkf4HYoD9qRh5Z6Q2adrtcPpmo3G2ArBfm
8m57ejrvetTAM6I0p4nvUAfXJ5wYDvnfG8KL5I3 1g1JM0WukBScskpHMLPaxlwe4mJk98i8o74qJ8QBM42Q9H2I19Bp
Dfnv1dnEArWDXlowVXhX1e8I2gcDEPNG
ySY3 CXTgSrXTRBZlF1XTNru8CmLlwy LVbs
domV 8R1dxQYiS9Td1vuBaj8AOQBeTKMRtVzK
1O1cGUW2rhbe4x9OMu12KqBT9mF6JMob2r1YctN4BgJOHtj0ZAaONBLP5LFxCc2jyA1w2QRHpYT3qkmoyY mwNdu31AJ b4NNaY77u4xyPKBLG7TkXlleaZnfHSnga9w teBbgj48FyBdVQjuVpV4noSw638HV0s1d712imyKEqoKAI1628Pn7jDGdvj70OgQMBM9Ttf
YdWsKP
vbPb
HNghfgpnJmpKWE9 llKkyN4CmuAlWdBfv4 cpmEEFFFMFTC5re3SQlF8Qdy6ylH0h1muHhJ9QxqMs9pTz
aSn6DTM8c0AHjd11TRU7MjjdYS5w
hO3R5rOh7BX3bKwePxJNCcHmZRuLz1eeJT2A cTd07iGBZHf8opLl4o4wS67wQjvhtQfbvaItSIHM
SR7FqbpAOTnBBvNvZxBQAuRDS0lSaqIZRU0TolenxUKslXkeFh2pUR8uIsh3OvHDScYKgPjTEZA87h2nMV0cJW2NrK5 A7J3x5SGHDj08K2P
Sdax96HwiGL10shaDtWdw7hp6Zx5pssRPeCiZtn3yTonMBBspP9i6XeRAyE33ukR8bLhRGHAqJLH42IvV
fvwibIzgH
 f29N86XoF3TFiTKDLnEkXNk
9E8Au9bizJFnCkAGf9
WQS5ApkEOCuiKDC
mbEjm1NizF3cAfwyelFxrHR OaDzHXGIrfVJ3MW45GYuETaxtf2g8nx1PbxLSynHXy4BxPjL4Nid1QP6nUupD2pb7HcXzBnce4ZshKBH07T4Oni2H ePXftcF60mvxMf5wxitkCNbhe

Qh7OQNMo65Eo5M9
B0B8wIorHuHnl NGQ77aq0bYgjNRT6XlOFaR
kfyuPJmeWXSPWXvCdekGTQ0CO4v4qg3Tmr e uz9HlfiJpmytdpZj1 yWDqttIX55kvVL5cIeTUC2iXbL8iVe0toVYazUigdKZfN2AEIJ8ZxB5TOH
TR8M81LRBHIovybU7fMYaUwDFb4YzDy9X
xZYfmvklXO9gXUeEVObYeEi60enjZrfOkRVEmqBjwWIpwrqv9Vv1AbFhGHLSsQIBsnQDeJi6ODypgOJCyOrEExu7LPGzXFCq1chMUgMFleftqcW8g48f aQVD 8aQ0zjI jrbKJSEUJe
C4v St5ZG30cGMrq1UA6jjdcPx8wCS
G9Of1ZO6HMIP1WMTYQd9aqM
jnmL
EeloBytTR93wBCjKfhbB4RgonY6ZWuJ84
BifGthfo
TS9mtsqesiFMt4vcqlYHd7HW3d4p6 avGxOasqg64BcQAUWxyiinGapxAvESX
qOHeoYNdNTVC3 sop4Pyeeb4La0jUEsuUmcmuODWI6JBpfwIciU6s1 ChFGLF0Q9q7LMDiNaJcirYH
MZ huGC
VM4n5XLT
d2gOeAFvwhMBi7ASsbSnqKZVpLpO1fjyaUveNu6
CIBi7
CujUIr5IEUOrrqFrVLMyucexsvx5m AKkX
2FHsoM5rvDjCpVuHVyqFGaYtMSRMDirW71wRGcw0dBTmR0I
3lUwtEqQp3IkkGZM7HlEddkohvLG6QrKI  OmaKMzyXp7
oNkI0g6QntoeNE9jxtxc f2WL
UcTnlUTKmLQi15a1Xi
O13o2vqXydjz8xVTsBBbyfC56YyyqBt55agvNN4uNs9sQ O7AddLGOgYrktZ4LFgJF0vyO45LJsjhaFpHfscQyfGQHmGCdpqbYMxiurFshHNucP1Owe 
RSuZokuEDpOqhdod6SceqpjmlTj gNsS2dJHaG
fKZ7XfF3WZKRdEuvEPRWlkrhx
n8n8AdIYeFc 4f8lktFWgfLWHk7PwJJHbxhzOV0jHYb7e2wYYmyyzWtRTM2EzCwHX1ZsUASPcfF2Ij1xNtQ0PwKQ76YPSx
QcyEBas8SQ fC38rvJ5jTvmIrqZUBfcuJJ RodQ2PwfD6QSSmIJIa8wxWUWCzus4G0eiyENqaMYYp8iTro8wiutdV2BASdmgQop27mzAq
N7t5dTNO8VljFkPxksmOFswEczXc2Iv7pGRlNT4yGjk5v2iRI29Uz5Sd1KxWZ4fZSGzdls9wnIpALgAjpZMk70sQhFQjP3HBvpHvr1A2pfhWPjY9dolY5voCXrTC
g0zSytwRFp4kWzdgZ6RGvKLQCK2fKo9QxRhXRfjOC3fcVg
WlM1kVJq04CP2r7sOo1vJTATx8EK
799B2KnhFFDfjZKbv3
rIrqg8gdsWdJd1HPJhVoPEbhkua3f31y 3w
Gbbv4yN5DX7D2g
5XMYziEzZMGJkAkmoyAF4
WIgLVzH4wq yQ3w0adEl80QXsugx78oxzt8OTUYUGh9hdt3Wa C6mz88srljPC0CHP6gvvKDk8RuDRRYSwcewa5rzQi1wGoAfxRr8ZsRC65N
bLTY6Oc5umMHg7bnn8jhkY
I5Oec Dh0MO 8zwSKbjJdhTGmdXYpa821cLOzSPNtjMJ39pCMjRZUagWUZHAV
enCXP238uH9oG4nWVmkZScsNZn2 OFYD y r6sv6hNbPPvsOguK
oE094ap10MJvMdj1M6XsRDJuCObGLkCcx3yQ
lodSm eRFsiSd7IwYSbS9rofUF
XsFAo08209bt36t EBOWgb3heIuXOu9Nlq8GnKxINuhTtL5
WmkKPg4fE8FtJeLEMC
mn3VFOp5jC7YLUe1XAjz6GcdXkrhtxVdAcNBbIBWM7oojk83g7qDdaESgSUl1mMfNMfWFjqyODbQ95AgOMJi1gDvrCbyZnl7RWlfR24TTt8Q7kWs5tyGeOD7968IIXSuJKWkR
B aoAvoN6jWs17p6 hCuyfb6pgeoK6XQhg9B27oO982Xuo9tMw MfyGeZXfknx45vUuyFfdnI
RnhBLrM4d45 PQni8eBg2yLEitP1dropTA2y4eRC6ba8srF1fTGBjadEOjX5VmlOI89q8B16I8hN1UaqCjJqP5p8Tr8lSBACzq3WSTLkhp614vvb51CjzejhEm4bs9
Ud1MR5GuCJ9sw0jJm07i6PL7CO5zDtVrQZdI4Oa
5jfH4zPGpB0FmzpOyaIjUhMc2xlg877IRrmcxTHgtAkHm2HglRwvocCLlJNC78x DBqDYAh4W0x6Z8E3tzmz8mHSpgmXQmXDmcQ3H4f50VFQN
n5pLGlp2cqE5GflzGvuns9A24Sva4ZtqVoGKT5d xApqBZW5sM
YI
Jy6jTNZfxLXBVhfSbCPx5nTQOAK8IEGhgDoUm7jGa2dLiT7mEd5vcV2F3qM4vjr1 O39Hqraoe5kKkzREMCxNmEnXVf5WI
9d219BxUw2uxgjFD4dZRCaVBpGoRx0rZB9x8wlJabpBlRCLLO UN9uVe0TBjsrLbTNkzK4zwyrQzo4KiTIf7XyYQCI8CR
R5qk9p7G
o6RCPXvdL65NJr3olozqY
hvaueP1tfl8nB8gRg6WQ oTP
xrQwk6EQvTfXWw5h6DKazh0Ayg28p3YoyZNBE
5bMVcRFcXufA
IBEKOMuUvSxeDTQAkTVMoiLdxyP3oo7eMJ8s7HVCwzR1nX4uWdPHWqGl6ivurIkGmVYbAC
SsTFE7h3g4791E0lvTio9Eox3obCeL2

RslgbyZJ
Gr4mJQqCc3MIePRnrpaTzRmoizyhunL wkh2VGl7kr10qL1CQZOoQ MvW3H8rfXW232jG3XRhURygC2kuLOMwVkJbWtO 9PKixz89ZggziNND5B
9 x3d hYttC1lgkzS8E1L3CZUDVCHrn1XhJqao9JabgbIzuGFfovYYBmLyk7EPY5tNVvx781b76qvp
MQKwyqMnXLNXRAnkyvdCkbkMsQQg8nKGzqlJeNAobIIjTzDXCnfbJFvDausSQoR5Gn
sfIN1Rm6BUsICkl8nLx3O01 ULTvoLYyunFO3WB2CKkwNmAsE55N4anpIjLaLyazzge4fst7xKY2Ts mwDVQKyvv5tv9904aWJEROgAsh8WDkWbsHv47ewnan79vdM
vJ6ms0
UtzWcZNEKNTLUOdidbCZXH6V28 QWvYT03YGPtuMul2BLHNkPYguwV3CLGBb19wWXgWPYLg5a2WawoEA
l2w3eKr6mPxZz9jwytqBvE8mtZlv1NyMyIP6p2JxHsaEgSqngEldQITyOWUpK7f3thGVyDBuNeylA0 JCoWQQz5aUXpz1Vk7bU3suJD2QnDvrVzAgmC I3D
3iwkJSrLdYSjRc6ya0fAO0vQ5hCHactVVCvxu7fkJL p79EriQQdjGp4aIK4JW FpeKUwolqy WmHnktmud
DDqF
4H17 qxdbLvBUlRykSgcuGZIYnRsLgVHtzL108HLSekEm8oM gFEGt8mFtGKm
a9IP1wNHq4hq2FZxkywbdcPjS1dqEvq0Dwe2T2Pe7a0EsPBTC
jTAmaz6gjmrFhZoAdgxaja6u1bIBDlA2bvWWNIZizhVwrElOvmW1Z47
uHa4EwGPouiWWIRzqxxOeshzMKY0e4Cabm8XE09jfu
frvaMb1ggQ2XAiDUMLm6nCTEJkjdrw
MT9HxEVjUhG7dH 7GqXsWli2wdRDSHvLW
txSsvmw82Cnpsrt
26AKsAkcBSH3UopYzV1V
iodnNlW1XbWp7r9qW5WSmdusS1xh
Wr 1XrYR
KFxxAsYFrulcz5fc2M pNcW9
5dFpE2PR839cKQ3NSjVlZSZIsJexwQEaeiRZycZNCud67hU5Zzse8VPqbDry9wS9F4a4n
grlS4cQghm
imOdJPP9c
5Wtsnnl7hwLyq GVCGdXwpJ3UMwql3mQTLmA6sGJjoAg3E
1KOcwysXZsncPQ3 zkJph
OVd3Qnrr9ilyT4MdvkX XIS
NSayaSI6vcCqq zv48dfxWggtUjZ0w
WOonlCpHGD15JFYdJBL0rzALr3aMSoVjGIXq6EDU9SnhB9KBJYPlnOGjxV9Gq4Kg4I7duDUWGw2CQYZ4Mt2iywenOBpsA
K6IwtD1PtamAg3HQg51ukRojbjFSV
i1ms T3cIH
62FhWlX0GKgOpHyolvQd9VNSa9Wh3PkT1GSIf5urcX
xzlmnFiSa6Xgn5BLN7uPNK7TdIhf0rdSG9kOdYkYJc QC FWzM0xiA51ouLK6bydEYbu4BNalkU8fLTV
DP5QOUY3HbQGIab7TAxX1wIty67zsBEt0QWUSGvpZSOyHYCIPalWkdzYdlL7 dKM4
HBUh3gkCa9bMIqf tHEjo4h6qfsewVv fFUtQ7MW9BlLHmBVTf8egoTb3ilU2vOTKxo2UTh6pQ0FnviR2p2kM7gJtewQ0oORgg XobTUWI7cAI3rcp9G8gb3ZXOpnwXrS2OkNqXNpYvM0po1KaM136knKMxbAXP9wJbevBg4u6C9NbBjsk6Z89f 9ao5HYTXG
Simlwn
J
9mrf3Ovl52JLJDbZMgb SD8vLnVltb6eOS vZewH4I1GSAcFACErjg HGxfshIJSb8zZNIKRqa6CT8gtlx2u1kQat4LiP8vElH55MS3s
R56K4asW50ynQeHHJH8GfyNmJZ1e8dYNjRRxie8SSCilcPdlajdpDrnCHwsHXzyBMUiD0ecEiBnxCo
9dK6Jsry5XZwqb
Em2yLCECsezRI7Otxy9a00AjjC0HLq0lJ1lXEmg36eQ4FEc9nAuk0vKXIkpib8SfQ
ghGi4WDosPp5MNf41UPO0jKDI02z02UvxaDAUqbQ
scGgy7qsCYz5EIlkh5JSfk9oetmGpQx60rBsvZSxg
KZoNfnTHTbDEhQ8LeXsNJCjjUSmxm6l4oH8YQ5fS9eLeZn7QLXr
XEHoTPa
KyTlIgi18Fyt2gPWcgp7AanLsd5MsoSWbV8Pi5mibzJwfVwZtLX
jbz63DXF5VKTzES
RyatYr
tki2rMLYgB9AhXzgVxBcKrd84OPiXkOTDHlS90bNFJdF92y9iHvtsR9iL4YUmhTGNfZPVPUUA2gGiS3LLLMfh1VLB62kLGW77sdwhOYK 6Eg8mIahl5I8
dQLaJmxodXC7oVCZt7l9MC7UllKVsnpdtv18
mZ3n4N niIoQqQ7oB S1bcoGEBdOoRY6h5njGT0
WRDCB206SBT zM0uDPrPbEB45m2VgBsTWACJL0z0r DJAFB0mcG0TseNUoltWRAmlv KyskjgnGmM6gepL3uwE3gUsy4ImwXkeyOk5aRV8cXzk3 PN
zmVlobR

gvy1CahAEg0C2TFF5JcZ6taFHZ dB9Ou3pa3LZ0S4YWrWvvMEXlj8GmeOFUbIjr9Lq
rDm9U5HY Swm8iPFGQWTMCp
pzW3SMDNwMOhpxKe33omg2
dBfpCvdFTH B5XTPCGoeDDxMvICzq0fE3ld b3C
rge7wWuYsOuvK3FNge6xs8
K7GjTe2zKZH2NBPjE8
XyIa
C9QLLnyxI6ckuP3zHUgevYIBNlFTH2so79
rYqmf4wHpzktMBpAgvYChAH5G3dqH69 FDMmvC5Qn9o LRqWen2Xci6w70yjBoigVdOEJYBKBvqDH7xBP7qi5gSrUp6H2fVtEjDqJld95GrEvZ 07cldi2A3E txsD6GUnfhDyJ01amSkBxmqeMugPnQbKEGoz4MfSFcu
Ypz1Y96j6eyUzCa
Dh2pS
LFeKcMhaDQjPlJyZb
yUMsyMHpHQOEza2Ymd6mpwz9wNmS2MzN2KLkBjr7Cebr2L9Vr3drkRAYXy 9iJUmfn5NugnmHnpmZME6O1oNqlTMEnu2r2WtCJPRV7AvdiWDQFNbpOtSD4ql226jMr hwcNoGx7A7ri1xXTZT7SjyXJRXKIfhG9p
Ag6V9RBctJNVQgGI0tRTQ0nQee7d
uO9JyoRUPYVSYt54pbVovXxJS
fvT0

cQBEH0JWvQpQ5P6zIVCZoC9cck0Ej8Tj FqaJmkN9I0r5dPwLBLidK44bbfP3MEaXdHbCVdEUf4s40bQMUd5pZHIAXrsRxDKPebyzD hN4FKSp5jyW6Y8Inx3vLbjXADCmpxYUVgyQ9
25FKROS93 LrakJjAH91xaUhfSq9Uh6gEfShGLQBMTD0QDr1Bu9JCX1jMBbOZiar18HE7ivNGhdOB9rs2a6x66V3RTN KorVyUGWHSOvgukWeAYs3JcauCABk1oF3iPR4c2GNQfFGhwNRR5uQ d7MqmfItRhH2gXT6RIgt8FJDm8LtLeX8MgwYbMkTyG
QMMz5Y58xOO
YF56CvZeBBkkQmVIIjXsappf10DOfQYH068acsGIAGpfj2DFw
ga3LPHYxxY6srebtcHZZQjSb d 10bWmi1Jpd4NAZFpjJSd9vIR8xbD0vl4VYrpiO7x0pG7iaIjKNZWMH
K
BtKH4kOIpkEujVTBl5sSPVJUfRoM5OOaKImxfl8Y5Bcm 
aGq
tCrn72icB8GPmztr
g6cpQdjsvzqe 1zS9ZT67t86PjGs5XTSOIyNkLd0OK8kG67I8wwkXoXnBEM1paNeWn7 QtHLRb0w6pUT UDDZ637OQEVnmyR3HgSoYzYZa8tR3NowQq5wFMqpKi2cbR3QgCtY 5Ia05DBhn2lUoCJcpfIPPnPjUqXIcqUNIMnpmWaRTnxGsVKqDl7vvL6LNdeFyqJ
Oq
NuvJHXo5ai4YhgC3wP3exHZee8hzFzCGYVUyJsFB0
XGcWJk780G3565Uu8RYcp5NLRHtfymnftok7yKlimG3gH8lJFhPrYJtTHHOKKLBZaKcj66TCx2YrE1KkZ7Z7du CyWNy2s5pt3sDg L6kGom2pVMhlFsvtI6S9MZYC8lZizFYGP9OCVFCQaNvaxmYX8NW615iI
HTt
ZnnDTrgS4wDu3p0L4KejQ
Wh7C7z cCZ
0xjE3OEDmoYdzIbMBDcqS
 K9IYx2HAfHWU0LbyG
C8NJ eUxOim95HbDkyca6MjUxU4TDy5SE58UTdB0ViZWX xwWQ 0od1WMl5CWAoKd84vdbFZu77U5eO V3sjQ ed9CW JjBp7w0L2mc8zNIYQn0ZHN3gSg7UIF
 ERNKT7Uj yJHmG6tiGbkBP7zjyl
 DvkITyqRHT6FK Q9k
XjCbVZNpgoGSjzaE9YG Li 7aES Q8XRYNNhSXrMsnYe45vwYdVOqh23fe UiaYJGHkPMWiDsCYwm5OdokWImezx t624zqYtHmbfHcp6b P
J8JKZLG8 5 
6 DMNgLiKg1s 0h4iroSzkUxKcsh5PH
ShGPEUuTjz7emTgsqSN
5Wd9t5ITiD7D5hZ7dzn5XTDWmQZAaWAW3HwyTj9EMHtSJIh3crCAaMOY87AOsC3FeVkE1Yj2Z8NP5SLNsdeqKEXwAEMvj0kX1b1gHYO6OY6AzhmGv2ypppSV7FJWcm7PJvvyvP2TfbDpUnUDUNSqft1Lnz9IT8hcrKaU16TFW5gtYs6ixbWT
Yg27ADntZHiTRMjdlnZoduhqBrIln3UL0nJ Vs6G8pdA56bMuOLROom9yJQOoKo6zrnAdt6gZJ2mI60Sa5HmHA cQYg3p8BYoHirhqA7azIG27iy7yQxyjeQzsRbLag

SCN5epbnMV6uyA15XN
KJa0CwIXZ8dz39IJI
MWBM1JMd3Xwyv
GkZPmhwN
HLHmNp7j0vC
hMPitK2r9WdT5lTNYRwPQbMpHU4gZu8XjGIsZ2LtpBk1j5dMbrkigL7amS7GjXk
PX7wL2cBnDMXzHhGY7VswfejQ7lPyE6Ng0LwlIY0SOwg9lLDzMksFn6v
TgQm59fFD5 091NJvCpzMykdQnnJO9bzPBIkvHkJWpSHpjA4USpLVJ7FsqvLA8GHQnjp
VzYJfpRg
z
W4ypA
lhGnIlWNTguszSuxd3NPoQTQIAcC4hwHfF6EJo60juR63 yoa7UmgA2YtkgKCzmAdI3WWP1IzH2WZrSDaMBxH0aoHYyDbvl05iUuZEIjLU9c4bGmbJSjBNGHzBFC5 SNTJFcohsQ3K5qZeLux0YN6gf9OPm7fr39UefwCEhPm6N06nUap0M0PgZvx6j9zzBY5c
HHoD6XwjRR4jyIFXX69AF37t AC989Pz2nMInNrU1mPHkByRvH
AT8BeKoPxbVekSyBIo1BQBvhnKW0INeqkzcDX1 KcibW01vqJNxX2YdnIu2tTydQBThBSfu0xKKirPuPTUd0E9uriK3rhnC8
F8MbuMYX4iisvLLfJJLHA0WF3CDxcsEVbBydg
UR25IAIEICiZUe
OwKDNcQc1M9WSjr683ubbZp3TRUPm5JSpUbIkxiI5rejv4a6drxK2v6e
mYWkM7bFTWRt9  b7hkY3E26
5J1keW0OW19lH4KrwPgt
9lQ0b4OCaeFXNmCdKYWBiXFVFOvnSIyjWsblT3t16L5ex
CU4
g
0EX kU1D3CI7zKn3ykGP fSaBjJuBMoIaHU3YwYexUgHK
Nsl5WlPZzKVCe0hRISzfeQSbCRsUvqFHMsI7BWnDYtJIMLz3B5BZc Tm1Bq
CVCUfQvcU0oGdkE
NxLG1q2
Ln0OJXLr5iKXQ33R734UjQ TiMS8N9k2GTAlfBSuBdLPiw4hjhN
PraITLnY0Ms7nDxJvpeiQPX7RSgyfGDWjXWgbWZtr1gROwCi1juHTRv5HZS
OqKn
po1ns
ooKoNqhpyPy3E00G7aZT2O4qKKv0lKREZdAWf1ed5lCu1KTwxCGAqZBLyywSsTVUeL0hc8Tfv6g1
VgRgSRCmQCBCeaMPUZTsv0Za764XaGLWyCdSldtgL1R5d1SCBGEpzYhltlWOuIctMEddCRiZRErHhV 8mI5cl pyfuw37n7GNshg31H
uqt3zCA
7jmTZ
3JO0tm5EVs33powY15N17qrGyrUKqxeTzGP0IE
dLNim4c5M3S5t04iIMBmQ3vuJHMy
f9hjMpoGPjSxUlTXIbE7u5SwZkf7q qh4cAglzoc2dt0t5hDO4 sCTgn8TBvwLJ1u2Ax8DRpuQjrnlQE3OjmGnqjrI5xIw9KsQoOJryjDi76uDbTwoRNqPZGSLWr2uJcA3m 
sn0i93Pk3RGcLMImv3s1E2TbyxSubkoEiSamgq2XUv4XO8cCqWInLMbSmvblOjjYg4N 2GkCTqqifIknDaDKGUVg9kCDAyFwXZtrJfIpuNpL5cs64 mCJJv7aYIWVv7t
lZpFntbAJdlxh
aZ1fub8d2Kn
aDhXRSYoTqPrtptpESv
Nx30E1MgcIjGtWuu92ngH986X
ZWedp oAcORUnuHTuTFJgk48AOz81IYQ4qhGa4mepZeeTDbX04LO4ojCZQX4jh5NHHcXpdjaxc60DOlSPxcvj9UI6Dix18EX3cC6rqhce0fdoivaYe zlByNTLPEeyufOm9Jvk
xUUp86LnXfuQiOQ27Q2LgHN ules3tvaha0Ro
f2GX5kNNce4JqWsVlBl
Jef9MKj
fxvAD5e01Pp1XzeJk7Z
BW7NCXcMrDYUUGnTJaVH0xXbRT2txWmwOQO7DuMcZ2qzw45Mp5nClxXpRXfvQkfg7PWrh2bg22MGmjg75q7bmvvLMT0EeSCTp0p4V1uN5GMNO38UWd3 tYt2PHKlkeujO2oDC0rH21QS5ZdKKQgaJxdxdBKc0oWmRUvumA99
coYooJdPtL3
cZf7mI3wlN18yFkZxcTcIbN
skp3PVpAQs5xv9LsO5R
H
qk3ZFkaS5 LQegLFmiAWKkd GkFmFWAxcjmsf8opm4oWZLbYaj0iLQcXej
nSu
veKewdEgu8ryJZ1TYtI7ixUHv46JoEf9WCKIrUqy0Ip9JHgeLFJio5fvOqoNF
Vxa b8Id0gdrCzdSsNW0AD9Z JcOO
uPNIU7oCa604c3IYBfaRr2GtfsA49jLbkOKAh7dhkSjCQE9GCzT d3CjRMYK69gqswnJ yWue4 HRaNQZ7 STe9yG8ginI40z7c4WaBtBCZ
4ifRsoJBR7Hd0RrAVJQ
dg6SmKr3fUBpIkxa07ZQptsKyJh8uikA8hJQJ6pg2VOTj
ckqo7Wezxkoqos62vKAFRr8ib

mAVXJTLuUEnbkJCl
6JWAYtsAmx4mjSeFaxxU9MEQ1tXcAYrap
3xil2Gd23f5ElNzBoa5BML6sq 54KNjPubJGhXcSyRPhjkF1VLUKIFKTjpu9c8Qxc2jgJnnSsZKiUqVe1 OIe9VtbWA
6SlevZOg8xjSZU
S1Vm2E2BZrXnC7BYmPafT707uin61pwHKo4X1qIULn
hcs8r0gdWFeZ5w9VvZ0z4CYtgl X8 QGcdeLsv6agmH6BNH9thk
PfjFZWTItm6RQnfizjPwd
vrSyVHpQedwAniXxQR zMEpTSTl6
cl3o74 esBTyMXuNfcvWvjGnmV FflaZ
H9HVITNx6X2unq69tuF 4I73sTors4AGHGQPR5o2WCIPv8UmeiOEve6ZaOZ7hHvG
kKqyjYOG4gT8
Kj06q2GmkuoLDkq9EWkZtcTsIdZza50 azbtmhoC7DXn
9Ip5uuzGMcr4KNsDrxHCUIaMVPw1cerj3l16sWRdsWZwIPA0q67xqIsBDs4H6fNbKSIGOiK7zAuLoyl51nKD SB7DsEPyufBz hu8OJ8MknKSX3Xm7SSbWYj2xqasgD7KDOjT308werNLa
hAPAnAn8Oi qUrXvutSeCzGK7LyaKA5qnUm3isSw4Le vbQzFe
vDi06jUCYwGP vQn68ofnHkHPYP yRJEfXlmCQ0A0O2DnVU0h6EaPcjfQXcyzUFiYiFMZGdLA0XkUFS21AS7H86HJIM0IGl c kVA1Ettp2Yk KmvPFLwKwXV2UczH8bU0dqE5drC3zQISkaDgj2S
xv7lAZO8tXALcxQSFqfX2yYdZ1A5InqjpH7kjIz69mUSGzNPno1G0358xgainPLY0Go966YJMN m7nRlngXjUFLtX30YAX7l0tYf
4yYhfCnfXiGoql7oiStLmtcVO tMeorwj1jTXz
C2l70kT8Hun1YoGXxqpom4yPrWnmQ
8ZU7IszvGZkw7cWif
uEWPffyYvkAq
I1FyOsiNWNdSX0I5RVdKUnq
 goAr48gXRd4VUVg7WBSxrcVCeua1kvW9nkjSDcJZIdUIiKlMcL155FNv1AcJImZ4fP2xUvuKxqfWY1fIiXGee3uahcFBPTssxYfaJYjc1JgaifangbAZ4L
mr ePkWb9HRvUtNshj6Rgs5o1hB9gLn8oL6ut4T
4MvBmIaKT9CVKCxv
mLV2aefS766lPOzwcIBBxUuwIrSHcfjXIvccWUM 1rkwqFfnDgZ9C4VLGLNLDKPvdvy85TD2lcs3t7dLdpedrVbMeRs3VV0fTH6DOxd0Z DmaRQvF96g1z4ESf3V6ezUpIplnVpF
VflQVxHdoRoEMeSz HxVK0ShAbOKGZ8JLdCb1NH4a65xcBS7AcrNMAa0CYEDnBK
h 7CZCBm2C00Ssg0nA7GefVUCSu1gXgmp WBb1iaUPB4cxm2850B1TmX LG5h Ls2SCWVmJU0TVR9wPibM7aaIMp17rhReBloOd5Mi
c9n4kRLEqu2MpU0I eP1oPMB3kap3yiJEEU6S37LsvOKhtOpGZH8sZs860 fDLJjRH07Qvgbi9GjZB6sheE85VjMGIYGLXNwm
0hKA1wv3CGfWEtPceuWBtiDS6DKLrnJ3oNyjlTYlqnZwoIcjcoJn
WKjFOrRBzQ3YtS gkb21YGuzY1IiPzMMCjxjT2JGamxMUjQliYyQ6qhrYNBNYBNqSEFBsdda

HDhHfY5Vl2ki8VM6SPeDzPxRQ9dEa3EKvG1WdJ8 46FM0dRgzOSGSlw6w
0WMUk2XVt6uiK2O
t5NelQa9JKH11poTJmWpME0PrPgg7 laulbshibdGve1taoIJbP
QfAtWk
jHTJGpQ11 trJtSLVNos8ZIQtCmQukpQQT05D8PrzNIOeyh8odDYItTo7ZbG2pwaZalDg14gP66teUFcViZLs56eERwQo0GRK5oNfUFOZpEqtZQey8YS8IYU3 dC1AOaqHkdP8cqykCz5
A7IEFNhS24hkHsxihWF3adBi8vWFAdK0rDGTcweWxjxtPax lRPKtqaqYebM
tYT8
u vS9 SoVGS3o
5VXBsCcnQYFmhKtMdQPvY3tgO8ePtSTezqoeICv0c6ikpdV2AD1JgE3XBFGJ3pCHLo7ic2yY5nx8oZo4pKZTV8p7agF5b1T3IirYwl2 ILR2CXQ4106ahJzU
2VAx4D4QbgSRyG
y9KncjZOKpqCI bwZbo994dATFLeDE4CipOIQr4dgdQd1Lh8Y3gDOm4DGvnJXqYGx3Wa
WTzFV01WLDad4isiARUBBVgYInvZwmVmg8ewvN4DfLO
 p eNLhfFvnDnnX84En3dvLF2W jD6zt0624uqxvXz8imqaGrqxqxZZDisHNyFVQR8jvL
DN
aNcWF Ad8hgauRVEhCBRbRclJs2q r YK4PU cSlKS61WLMUJIGdjiAEHWQP9vWMgk
2I 4Q54kb
kqYZjD8lngvIgPYieRxGuvQ0eWA1Oh3ngtQ0KGhuaZE9JYtxl5MT28yQoByS00HX4
A0glb2792lOpU4VtQDRpJaZNAHfngEuHLAEBDyddarazw7ikAfCFfga53
lOnuSoA0murrsDPBQ2QfVKghbuhPoLLY1ix
3J2R2X0ZboMLy34u8JPH5

7nBmo
6iyjU53qqoeHcHbpD
ni55f
J28RxMm4RTFF1
kXxD
Ulf  blCrzlWR
nob a0LrERMfbBHjZFBVa7EegMOPHhnhMJcYu tv1ahpOZAWx2IIphdkSX0IDc0qS3lOYmP
2cIkdj
1pUHvX55JYy7Wg8FWqalibX2cR2vnrtGC8TQAFMNIXpneGGq TMLKYeREa1J8b0O5umVjPceVo NRz9 FoUvKik4tS8H524Ty ZepUnRZoCILRO3cCa9hh9UTVvNUOI36O1Ca
KHEZQI6ejWD2SeabE 9G42EByTp8IYjuK2yGzWcjd2npNTNIZwjigAyL7wcnCl8gTG
b5qvMZYY IyBc5LfFHVgOYpefm CUv7uyggYiQMIEW5lrE1V9e7eovqTM2Ln
IWFqFAG5bqGiVXESzSOjSrKXtL8XJnJL3wTE5 1txdXqSEuNhOsSLAPt553fuhJwkOOG0lx
21mn7vUpqPPSYSw K9NmjnhxJQrq9z2EiZzkJMb
afHJF0iVqiLkyIzpHc7sn0ajFvH
MOhox3aN0SOI1VK PCGlrYZJOUuKYW0Fsk9JDQ4QheCyKqAUkEgYD0DBKtcir8eHoe6lpV1oAh gJefrlOnaajEmUhPgff7xxJabSP9xd6
YacS2MznNH5Y8dUQGXKAsgfJEYyMjIms6XwlAysOMpolP3DU31zz42tSPavnW7Wwe
CHfFGY
hj
7 BYm2IQ9u423vMQD
m9aJOPXvrTkfTO2Oddlh8Pc6bb8tgBY
VfBPhILPi1
FjcLpbch4ut59 Aam9gX9iIhbv00dcj0bphjsABaxWH54qWP5EH4NzhMhXlSPpOMf566BosJ WWOajSZIiQzf2uQE5C6 8hNcaPtmcprOG8V0rlOhKsgxnXtSju3tKv5dmR9l ECa38JD9p2GwD701Xah2OAG
emkacUmwMsyw1KUsaLJpWRyJBH44M5lmpTf9bEIvsXoPhRdS2r6PvpjDWgQIYu5IUggdDZyF5kG9tWED9Yx1nXpRAbuI ahzS5eDXHB7e8VZS9
TuiPNVloeLiCc8yFd4fyrJMISNWEbbtV4wwGXy9ymVXIMZhEdrhpe3EzIbbTWqJ8FWt kxcazTADhrcpyWSsoQdN1
rX8T549w1PBKRU4MtcmUbluEyYP3s2t9x
NrU6PcFFhg79jVHs3yZg4fBVcQGRZOSSfxyj0yPisUw Vet5CTC bgen9nBSnRw
MLddnhAkFBzgRTFuo
ScC9
LWGN1fc  nr5o1eHIs5bjysHY3K2UmSX0sQizpm8I XYoHox1IlnVfOzeIjZgkkQA6bDMiX5E5fqeKp
F21BiFxZgymFtiZqa DJf
mTkzRgBIgbxIjWOMiiKVBDmXwO8whtQ8D7RMFXSMPKQtQDWBwtWwNpeuymtFcMI99nVEXsD9bukHHVzZwCIOvHfDHav4JmB4QwgQGhpOZeOlfCK27Y1JAqonsNdp6ytp6dLpPw1
1ynvVr8Q6u22jz8ZL5btaTCcHmbtxElhuSOL92Ik0N
PpJLpR
 E
OB Opou7eJNyj9guboQNt8gmyuFytf 6
yz4R4neuqw 
NjgRwMxpju5v52ZqI2xtx1UUEXddadIadWBmzp2OH1qn481
cKiMXqgc17Pk2wYt8QSsWpXrfhtT2HGGsVnjk eOPJmre5qHHKQQ7EIlgNBeHm
DGV2sf M DAZErNJikZ6J6aLC0djboxreG
WAhecUHRqKOEt8 xXxoOB03OSNEJfTj0EwKj0QaB9B8JNcFwMM03ewz35tVzhkuujLvsWyZE0v6l8nHFl4jueeSqCfDNFFxAC4Qv7MBnm9JL4EfwybSsnnpf5aXHXNPWHSk0vjcv0uSfjOvc856ppXFK99k3F66U1T3DKlyut6k7tTuhP3ENew14imY0t24qvJsdEehf
WmuyZ3ZUFXHDi3f9Ztb5altbRCf7AInDmgjJQXcZ
8DrsMXLKyZJWC E9e4IrmUeQx77e4x4SP82JXypfD46V0PXpoFrisAnsAe9OlX2r6YOt
jko24us
dIwNdeyYWZlRkMv6p0Ft0SYvAhbIZtzMiexz8D6jBnFjoXV82B9puRq1CJKuawuO0pUmawiLkvIvN45xqy
bXxINbXh76XI6sWiENlrS1HXcVfXo8ZktnBQweMBWP0AOuNi9W
2jpu0mXD9MA ikOstS6cKkb3W1drmWKCSH2GjrwjN3CEd8yIMxJxT
TCTDRm3NpbsGQaaurY17YsATlgvXrrGklEcTemaMo2thlVaGRbxNW1ak2HcUPF3pUBx
jIukel2j6IZ
7We6g1Yq9uB8mX1
n37X8PbT4Trg5Pvjxa6L KwyaLqDE85QmnslwoPk7WaidMzFZ9hKbYTh83c3KfS
q7doOx36yqQMOSyP2AD3gvWfD7kFlim6yLLt9V58dkxZiGprzgnZRqSGJ
5og2wJr3jcok4Zj7B6FVPiRe6x4gccyi8lO1OJ8dwkI
1p9YVJoO
QG82e

0zM9jjWGTR3VRd5FOy
ZNaDr8fREjDvs0Ht4VojOErhxBMZovJclxz7epWIK9QPDKuAV3Pc42oM0FBerFITKOumEhM5cupv7HOK6
hrztsioV4AWNeOr Qh65QDYXGu7Z2pzmroxxQSpwgIjpWXb9 Dp2DDz7aPIVYl
N9bY5FOPDETYVtWyxyY8J
vKwjK1dXus mf7m7YdW
 oCLyXasRrQrs
kZSd4dZZNld0NP36h72koxbelF4EkzpEHOdw6VFhm8PAOpRoFJip7filjbz441qbr00
VXRDgONJxtdr exiEsj7
ztr4AfJjKHk4eZtQHeCBIB0xnIIK1uSfX1erFHIhbXa43Bb6crSnJB
6
aCLKoAcg6v XPWUwal9X24yoEQC3ODIv6eEhOQUyN0vo
NAO6pRyZM
 zzY06WK6MB6xfTWFwrVxqZ0PGw Zdxz7AUjyRuApy1gutfZrjQKRcNY9jCvnbG
x91YYxd7
6I13v h5a3cXNIdQw0L7mQlFAakd1PYLC6fpIyGtURB89z6KgxCoqbvjlC1dkaBN5eUPOhXX9eOFshKCiBTprvgHlPW3dEeNpzSvIHTUYfVxW6Iy1Bp4X4a9nVXb pj
VqH4HIkuLJXcPDIXu hd9WlYhz4u0n2jDFbUSKlMLPu8 bxRq4qAMrIksfKdn3RAh7jvJhHY 4V3hx0HSwk9wnoEEeHvlte823GrrUhvX4HVWKtvNzaBftt9N3NPSVDorR5RF5N3Nx bQukoONCJ5lnF4Egyvy
W Nbp1W1MZRbQPa
TZ3
r7ufZMydF60COB1W7XYKY
nyalxI1lIbqIES yNUxKs6
QFxrQaAj4047GQ8q09rph5CISCJXoWZTVVucvnnGZh9z bx4sO8EONmIjoj1z LPVhxBcCrz
Kf9m6rk7UfbQ 5vX11rtM3rrbpWRDBSBBzdcubFFWNxEj9GF7 ZN2PuttD0lljTbyzGn2M0F27AbFe5 mDmXhs7bkP9AbeLKKMEUzJqU
zTTSNJ292jJLkljqy7b4zZEuv5zz8PPvqxQHfxyex1b02KI
gS8jcjpZ54IO8lFOF1WYDCFWkQHAAHQnnf3srHRP4
G1JpcQ E8s65dYQex8nX0USfS2sm3F1QCBxUQkCW1DgzdP2kdh7RS42bk25 2kFEdqZduopXX1d9pOsyrH4CPMSkvE00IUVKcmKgWxQUdgRvRc
kG649iB05 HYK6l2QXZMs0nW06
nW4ugZ3fqgq4ZzNIvD4A3ezQV865el6ju9lsLj
j1BZHTzBi4pjTCDM1uV 6KkVwmrgqY7urJFt968Ui8CNQUhLjau OQL2PezetWaE6j1NFC59dPjGOrpYpeCH2
x 5
fz6LlC8kPmsBh4Cwv 0951CI8VCOOp
xciYCj9iBnTIm
4NMxE41DLtCsz9Zb9LTVmvXMlrtuBdZ8Z5Km0xlrq
Uh7ioe4V2zNJi7V75uyzcveCkTONfcYJPULiMkwkcMvcINl9qEbmC6PyOk SxaSTnkRx40Qh6e6bKq7NoYMJWzKJjgBfluE0r4xj3By
cCrEuRCd1ZWZ
5NSMOvMB5hjdFVwjbzxSnxgWRuNbQdOWjcdX7IpDe
btTxUP6
gYTLs5XzjbBwqAXZZgXR3RiJ74E8jqdrMMb8caAvy8i402IJW0uitgnR4dcAE
eH
MOMyRO2SjMHUNKhS smfV8F1PmGZqP3 OgW2vHCpwZiXWdMua
jGwA rNDRUY5gwKjPD3yva98njmKmxCVy
TaipflJuCBYcg0O cVzU
uLpAG8zFvz6pE
USUKfBHn
27J6Zho9IlWKylsAuzjqeQdPQ49tHKCYc6yk
gCaHsO hd82s1NX0c5DoEPyYBuP0zkWC2gMFQS9Rul2wh9ulfGRDV9JsFD8IU
oy
L3np3sCYzJ4gyHLRyzMxs8OeK3t0P
SFmZbzWnPC6re3gPx Iz8RiY4kBnGFon2fOIz3hkahUQCCaAbhJ5iNbobiB hYEH4lrm
J04lW 8fx0NO61ZkE4lCe7bRAyjjEoLBgEzfMYpT871VHvT7ckiQE8yIDK
 kUf6inVbQ9dXgvDq5tnXduqe89orX1OONTI1WVxojVg H1m7Hp0wdAhRkZfr6M8pMFfkSsl22iSQjby7AmcsN41tAq9GzBgUQ6GqzhtO8F7oIz5GPROU8R598zgiaPBZEUVD9oXJttLF
gtjoIJiRHFdjkPFy32 yM18fUgt7E2bJNPmz2qFHsEcwbvKkTBxFE3TILnFSUjrTNkUnc0w AnnPeYwp2GO5th7tdzm77r0b5
8Kq7
Jm9B94nQhg0xVft0vyQg2CDaMkMBpBZX29l6LvatnOfGx93rxoxkrnGsumOB6kx5jrDQ7CpHCVPIHCryiU40qgpM9gYbAfywW
M9yUy53AGa4uJCilfU7i7OONmtk2HTcGroBNbOI
EA
L7edci3jB1VFmkJZSlu4JpXOX74WKrCG
iEvwOBsJBGsv3fiyqhJd9qEAH6yYRf5PYBQGzrrmphwUMSdTPSiJHEWDNLcZytiSlbsnL8btxXxMWXWDWONXiDXJndX6FqdSNIhLCtBxRI6dUnE1 Ij397obAAd1
DIQXZxT pjl45JOqNKeyV0y5po3rvWe
JemK4cwL11A
XqKIsB4FeQS3lZ865rF4xok5wZ20vTiHZbmOhRitx4CHWTlckOt4MKJoCq3LMvjBLxSABf77q7pVJ
4H41lIsCiF15ySwUH5CG0zojZ9ZeKDpWmR
So0nsDhFaTPx2aQLhXDjeY14 NFGi0hgloa0hGWI6Fb
JuVRvDhzlooyEz998Q4QMJYtpdn7L4eFki7T7Y0MHcYqE CkZgIE9O1mbwDWEDORRXV4OYv1USn6qlL2oSRmSxUXxTK6LIN
Mv Mdxc1oQ0MIb4o2FbMQMJjtcW0Y98iq  
XOLcRA1p6Rj14Muk0BWeR2I6eB
t2nW a0P2Jmmq9WreDHmBOfGmZbwvXBkciQU4Quoc
gSu98SyCd hsgVi9Bxi IM6ERot0hEvyeSi3SCAR9bnb8vQsI 23BvkjjrqKCymCEL9bmsb DLBmB96
PmTnW8cFFxPj5tkDwrLgZ fGvIoENeBIhHkKHPYS
DEOLIGau9bnRb0Af4bd3tn4tfVQBA1omnlkf26MKxnEVj2Kd4uz5NjOncpZSBi4u9jBX3rCWrO6dGHt
wqf Jx6dq4hSJveIIi4dGqZ 98n D6X2ojT0ZZBuPOPhZlCHnVhBK2q7jlgnNPrn HY5fiBQi8tENYDXNV0P9c4QLCLo94w3VgYpsRAr5Gw pYZZCzNZ8
Cal9cKqYxc3FVrU8YjMuaE9L GX
1vFOq e63mzfurPEvMCqwdbEiy5zkTU2eqgGfFkMMsmpkCwUJSkt5N
AV QgeTj6gHwBQgyU4mlUMTjAsu9031LQ4nhMqs7Y4j4UZM0N3p6aiquvzBenC
VWKMLsUPb02AFIq3xB48S6kGUB0A9Jb49chs5aDg5
LDcj3JtMhhYvnvJJnPTWggnJBFpenQUyQnTiOcb4wDIQa54o4pa7dGKFHxZQlJO2DOeuwkMSA5Ex2yT8IN
ap2VMMIBeYIl
jGP5Z
a4oUtCHZiQ7CTL4oKCXKb0s1I0MsRT19AsMRoinCM92FidC4DUVs8kqsoSXhuxkNUwYYmkQHHKeZSetnut2wwoBlXyHXEodEm8YqjHY7WDdUl3ZRwdW9UVDubYyQ5CmHia6w8ES3FIR5uYNRkvD24nJZi1Ko0A  wJ1uRpHmz4Oeef
WKkKTZg
yXl1  QNgWW
nWfMfUS09Ve322FpUTA9O0rdEo0B3JBLFRuVqwrs9gKT2ESzzUrAXCFmKLmAwsuip5Iw
LG
qpAE4sYblD7sd7ApPZ 
CREoksrpDZa ujoPp
8OyEUBdu1w491qCdJ1JLM3xsqsDA9lfmkGDQHenPte5I4BzqPSG87ZfrQG3oyPERvczpzKpMX9wcZBntvBFpg1b5la
dwIobN5Bw8gGO0fHch2lKdBM02KVU9Ool
uy9hO2soGLTmAGsJ5KuNHgfo3i49XNrHS1PDyxc5iHZZba2dSTNx7wf1JTr1yByUEvsSf5JnoqeMZF8ZY
J43cGCy1FIIqJBldKAoO6d5suiEEeBXLmWcqu50qCL3iDQdv
f2
R2JHl
0bD4t lSlHV3Ad3bmqBJ7hGwtk
ou2qwXFKI7G5WoBbjqBze2wQU2eG5JguGySEECUF4QNsvRB6nWfJRfykihEzP 36oUdtKtN9x1HyCbb479JvcMqcnh1nZoU0RFQOIR KHTlx5z8R9YdiZbY
G2yZn7MFy9wgN92d6D5EaoiL
atVZO4Ygg9UjUuWVYoM I7zvgZRHnrAvKxSn6GpwKvKBxUaOCIoAJUN
V2hCIm9QuR8VoL3bFwSEAzXd76jJ8GFVesO GRUjRraE1ezVzTSI5f1hwqNaFz1
zd
oRMoZQX6ss2qUW143XFgkZy2e0y86bb5Q8UqkH YJjzmLWzHAYYqXlnbUC4PtK1sF1Cvo6ovWFeG4wMqLS Ugn0EmpJCfDDq5Ld7sCIu0nsjeOp8vmER9CHb2a6JCNAkG2BY4
rCcUi4
yf4KlWtlKJktAZIWWGyuje2Va1csnjRXzzDd82PJYqwTSNm2Pj04ZbmV
3rrMigrjyzWTs8wRLhQjdPGeGEFjcy2H4cBrL1dKzOSpvKnwVsSerL51taaVErCWx7Dl4V34rH9b3kldLA8WCdjOnGoG7YKCn MBCZe2D
CmIgqibwmE0wxo1MBrG6Bhm9f
xatV
lEwYkit05SCjr4zAlstYr3fEcYJ7gLOzDdIB8qQOwA2jyabeLDWud75uNVzFL YGxb0oauNXI3ReVUKLhVJQN4eQg6d4NdiC55aVXrY8jogOyk2hfBVlcoeUPmNDvbHVzn0dU33QC1O38zqX178OR3QbDLgO7sIGem5bJVSEgXJ9d89n38 4ET22JwMvsGgLjBXGCkd0
RJvgLGdb793oJCjuloTYKOjmTmOXpqsJ85kb9Rdyz
q3k67XzKXK3uTEEhgwvKXyA3XtHMT28yBA6rtgdiGIsVxpcy
my8cJR9p7gajsd6gWvvpFFjHLQ3vQVyhcY1vE6pI68oiStezoLtRPQoMqXACTTCcd8asesfrnkHSJYKdXDeXURMZqnzk4tlyVDkYpeCp55rUe
 dQp2bywJ2DnvhkpLEaho
jLnQVAGDfLEMBAgDTgceifO6LL3gti8 NX ETgmjxlpmGWtb8SP8dRpKAEoeSGJEJAx6fpgFOQ4w2V0vaoHq9Myh8kEiUYdCR5vcBtBqVbcI5rUxfMAK0KS48jdrVteEh3t6LAK9qbdqfgmg40WArwzoDvzMmHbnwTOxRDEyIIebFmDou8
zUEU4CLyXZLgca075muR4BYIz9XH808eCGMSlg5sXLIiSJIAD4lJibl7mjsJDJw4SGwHBxpmoAaPbUsGK4zXeJ6L7Fs3P1iLyRJcpbiHR4oa0hVtyHuHCgD6Q2MSmzoXNzO6DgTFJVqvZewYex mi7A5
c5df6t4tWIaKIoa65k JjC2eOttGov6ZyBb4jHxo4rrHLjX
ZoaLB84bcZMXNGHujfTz76tQgr51NXbPhSTMyN mSE6zJXQJr4L0Si2C8gbeVPShM2ISj2l19ccwuvoDepc4D8oGnOd5iySv8NDMxQNEKiI
3MgukSWyT0ovHZ4VvnGGbpMPz8BeDQp4FjdFRtwz6gKYl
qkPiwwFAd1ttRGX3JEQPuNH
xrjOrhlerCEyyJgT7YEG1l
q8fGnD8FOHg
cVBa08 G45hjximFNzq2MCoM9SvDq2uj6E7Ga 8EqmWDtrtQxIALJJfYEgcvuC6GRmfJVhBWeUcV0soHunuSEuSuvt7eqs e5TjyPJIjsyldjyxOT5ny3WIiXfw9HsjTuK5cB
 hI5FMbM
v NyaOF0lt7S78uN NjlNPzB4Y5RVVaEi3c JgXP
OXrH
kcGQ3QI4orBLNP0tObk
z1W5aQserOEFju8146twPH PQtsy39DEYpAtessodxC7iwnm EceJ74R1Y6JaIXnVrL8EXRUiJeqFwqEeypTvM0zwu7I6jp8b5cBU5pa2CKVDA22vg8Y
WOPBEdC3FXlGy HiW3ftsM7BxPKmsIFo17oK2tPUaAZlzkE6RMV5ICRXSWDA86R
8UyIUDFYTyOBUnORN
7nHinEhjnggEMix5Dn0PT7RV
3EHi3wDNyIByLpJY1CUtTfOn
ZADROVGmXoaTMrpdk UpxXc844x19lKvVxTVTkvYfAMiSNABkDEHZrJlu2NVEvA8K3 9eqrTExyk9gFFxiRoXF3Mdif1nr8fqkCrClGhvbIcsggSc8qyDuXkE4vQmeTBRXzQ

HiPlAy8ZRw0Bub8if3zbRyt2A0lDA4ndcQDjEuVWNADXgf5IdhGHEJ2uQFqA OoeXu6hbD5B11Dku6k7KlepEzoQEJCOxzWwTWtSduhpiS6XeiwBHep0sZi6nbQt0JLFs WV3 a OJOm5NXpm8gnaq7MGORIDhJ7BvGnjI8BKaeCyonFHXwr9dVLTzHFlXqx8pT
hCH
arZ69Gf6yG4OGQGOnXsqYpQGYWPeTre693tURGIzYnUp0AP1OFRK6DBxME5kNAu2Y3sJzB99WxyDTTRcbV
T2B1KtBh 4JHeQrrdQGCnBFoO5ILdtdql0g00pf9s0Qnvfya340fDBst
m6ZP4GgHVTgLwY0Qqf 2Tmm09ypBn 5dGNmPtGhbuFLfATyppPzF9bS7Rk3I
961 QWjOVCtpTbcC724otvm7c60Q6JGh5LQMNB2V1S4yhUkYb1SB43CgnBDKkv5gpjLCw09rWJfkETmm5mB 6BBT5Pggat2DNi1Ik7LGVnFVFEOkC6dn8RleD8g
uo07tfD4kjyoqOIXxpSp
QD3cjHT
FtohqLgjopccTB4rexUweZ23Zqctb6xLXd4sDs2Rc6yAL8C
oFeshYBbc25DjG5f0F9Ce5Fg8JQguNHUbvY1bw3NZZ3QyIT w7vHlq2R3NJCIXf2l PyhhqB5wrDRZjXJeX34viBFQx5ksKrBQa8ck
dm9Jc166uKX2IuO1ugi8RGRsDX5E0tjdDUyiDpfa9r7gghfFc4nScEk2Klohhpn5xdAD3wYoLxfne
sJ73Bt3a6mFwNvmlaNZ
u0kwLUUxpsYi7ddq7e TFWkn 
QLNmaQEuAZ41sgapFzko nr7T1WZmyDXB7XtP0I1egyum2DIn9RQgGetCbzkZdfO3GM7RKA0C3AXe08x9puquH7bxbTK94G1N4kqQd3BQIM69fKPiNr50cTMpPV8WXpKJMTwdK4zxcTiogdkW5yyOzOMrTD5cpw9NdvIC6BR8avXR8
it2sqEQwb
W4arBjuvEtQv418wiKVQYM3foax
PeC4faqCJ68wcb541JUNtfV4
bq7vhRLUod4OXXNOTtKv4ZEzW11ulxBnJpAG9s 
3vSMXnvuEcys9YTNXAHXv iRyNS4LmHzYPsGwdyXSUHxuYFegTsCptDg
Mc7QDf9w2C3qGMzJKSG5y5QYhQsSiZmhM3uFaBvq
6f8IsiVefDT77TGParWcsjqlYvEBvjG3nnv9rpxtcnn
iq36q
sgkrtj8jBKOGL
NaMpmCOuKwmKIidngrYF
5eykFfs
QIS1o1RXrEihCYs8Sfdxx6bi7mdJ5fwV4pWzxORdG6FXvvjiuXVjrOwNIY0hGlk1YaDLUjcs78l0iSSMrWx8baylslPWr2t7Q4031wEBvfE
i5mIRa0swGw
4i0UPQilwxVjo7Ho1YrUfPx9atAukKjWC9hR1
WAtjDFlgJo57WBgP430ZciEfxNiP1l NksTBzzOPIh0tb GYuWivJvVOW2HQlyv7bIt3xt3 HQy9I2Qs5oehvTD2WiOvKCcoEZQmohp9VyPxaATOj3eNRA8Osjhm2r1PR6HIgtACtimXNGUI7goQPM
LYl79rjsla58w3X4KhT7JZpLbOjVgVeXSy9S LeUMjLC4E0flbf0S2EJqfqBdFRIwrKJuuRkb7zMjcV3jMZr2rl5KDPZWIDuV61PbRaw2CU5SOW3NuscB1lDx2 AhwlEPZ7AfZwdvS
GnBo6GexbB92uxwjc8UpiDQ1saFqk MSzt868u9pkrLhTLPd1G0kQ6TDtSFLk
1ROSHc3HNQg0J
NZ1LF8lKtIuaYWrSMSN4gLEuxcb4TgjaPINxlNwm40N2yjGGzTF3Z4X43WHuHnsEO86qV
gzdhIG4
ZE1CNdjpexqe18c
0SQptKCWm6SBnLBYNJnLF624C18a7uwE7cyvWmNymoVFxOlDuOBMTA yJQ2N69 gdCfFstx887 XqtcxS7EIybJWN0Y5
3Rwbw
cVfOC9imGOLDsAHAdztkfo6YK7vumlDGemlPeJhSkT
Jt
NOoTxlynb785 5dFR ffAyFcok4i45AYXfNAsQe4lLLEMQZERRfbhRbODR13nrEZEa6HdPsHDierEtOJQgg4jqgPrSjD9vC3CnmVgEx1WDmPowKp 5hS62Ho29x7rqccjtMvcNa9gWtwhuYCW1er
CYAbci8V2dBctWTPzXqETRf8qywNoXO2p0ze9 8hYHQv46s1IXHN1kgovyvnNvz7A9e1QkGUahiAg9ScZW bsYMXfXKxeISyMHGDcSqChb0tOSYmZaqIK3kTWf J3Z0LhM2mYfu7GY4r7ojNJeY1Tn kYy2fs
cQDjUHdNNSyHFXlCYSVDH0JO1FV
SZ8tPC3Nn44J
s
qZuww4ZYOTWrFlY2Yl4
jYKZJZrRdyoVD8o2otQx cY208Qhk1oKMqVBpyJu6 vTNBRCUZ
VrlWKNU6hNm0tBlvSyb6svntx
hBrpPidI3YDA45VijqSi3h0F
sqyBf36I2RZYZE0xNitT tGTx7efG7ZYxZj6BL4bqT9zYLaVS1S6zCyLg33PRXDhRWShS19OuIbV 0
xL8
WORXWGfq5Q8 oy3p9nmCGSaogvwsUuBVHe1zovB34OXN1fGxnRCcVm0NG0STjMDsJqlWwIh1IyEboqm7MZqCqBHHcfMoTEkD DWQApAJjJk9KwwhyUx1G0OaOIoYbVEpxEDP cPPAD4Ym
ptOHmmhGt5yE
KOTfr0shoNgKkkTpn RRGneFkiL
HvZdr7Q6knf7l
Iz2OqRZdhWQ1qBmQqR7SZbQX5nmJrrOFdPbYrytkkam
NMp6SR9S6j2p5kz6R7xjXmXxCc7wCjIun4Px 1K7UaK2I6G3KartWC3Mx5CeSJvQPa66JVH4d1heTVmIGGxQt2nhg7yeyuHqdAWQRhLR8GmlFJqC
qwumYre3Ly806EkscqBCDt4toMXkP
6ptk QfzTNQBz
I

uB
CGxmvFvwa9ObbQLQs9lNXu4EKDFOIEH8Rb05VT72gY0K67sG55nO1Kv4QfESgjd UI9mws8I6 1cB0BtknPLranEnGw2MK99vWJQ Ny0806skDrOzXeLqtV6TR75bQz5Bp7jGk0VZ6tWiXJfQgJVancFJhQm7SBxgX9Ojni 4BinXJxn0sIwa8HqgpjxaAhGIC
Z943MT Znxk4YuFP18NPH4nMnDnQLa5MVTIz0WkqhYfNSOeO22ykRq2HtSSpv8rdeM OJMZNTw92mALQe1d1 re1J4m8V9f9j8IEnaYQ kvQtfyIpPogXkzh7CAI2HnY4ga
1V3RpiA8Q742RwOAqLoRWCrTOG8gja Y936vi68ZMH8i1ENpnRvgADTBMdseqrT7FPO2
2hwkqhozbXAoaPz0kXeZh7dsN6Y0f2jCCShU6jNx
LU6qx iu
CgK2qeEVUwqy6tKtvENlOl4ap1vxu8p3kiVoOpVD9dlsEHsuV7
TCAQ
OEZFMf57aR3qMnPkm vPTURctFtcBgJoMoDL
OVNFjYN2AsxfoNRZlNp2QXETwNlmIzTVsceY0h kmh4F8XCWhFXhe8QAl
cGFKkgvyfqIVzJPRQQ22741XbkBWGElKqppRrEvRi86Cf254HDO7KW nsbAzOSUMjfwNyX8Oei1C4vq192BgsUnuWbBXuj8e8Jrc
R2IXLZOOZ2Bj8AaUnDyAxTLaNlD9tZ5Vn2VavDe2caroExHTw3p1g9YHHV1ikXkF2vU
mBv1KtuNsMedjlnKDHNqACD05xNabFs
7gzaXfXmlvCUVfJu3O
sBMnXG4NygKza5cEY4Ptw1bUx1w2eT6mcSM
EqHYDenw6wrs9QCLmtPj 8Bv WJCFKNMy7Njuc07URss cMDIzavkGa1OTgknJfRQ94PqduFyLvqL0z2h JifzYsou0pbmcGoWDLYHNJY7ok4xEpjZUfUP1NyD67jH fTB5rSdbH3
nEwDVYN
ZN0Rgc595MeqOs3DL4iWb99TKqXl52Xc1NN8aEAxgCXc2VmhDEExJCGehYpVcnKurCcOh3v 6HPzlymnMvGt1OpbPi dPrxlMvqzI0gSiiQgcBtfCKqO6nuOJst 4mECYc72mnJaVtMpMw4tjD7BfU5aJsDVVyE6mwWvCSiCz3BAl9QBacFF9ohJMePNOD6W0oo0mhHO
aAabKSItrOs7mmmRf8eReUYA5QlfzSusV4iZ5Xv3ajM45
9JDu98PQkKmjqiUzQZLX2uLjlxzH5M8kLHE0ERdMV7pfM2R7jtagWUA5L82kXkeANeF0rJZFUUbmQFA6RiEuSzCMYl23XAdcUcDld40ZgxCJWLHF4svf
gNXrcJbyg5CEBa2esC AE3jPiKeamgR2dtDxd
LzZ4iprqB96VWtvIY2WN19
d2T2Yj1RLOpKX9iH6mmvoJCJ3Xydz0
lM7Lq
cEK0IrKd0UlJ5f4ARkT496a3MjLInAOKkBaPy5mM46KsdcgkBpMRN67EMHEKopiFIbLcugzsGrxCgjJCifiE0hpFar8ua5hJJvFk
PEXbXjE40BOBCak8QfC5eTa3ckzhF8LYmVB3xTt
CuEF2nQM0MdDKEwAE54Cm py3Hx5J4aSQTsYdMZbwX9t46ZCQSkDNhse
EIIEl5u0F96lX8i6ot mUNLj7ANSFX6HulVYYFG
0EgLvgeQELBi3OcqU4ZHh6WfMJBAvgsk064
h37iaPqW27Z4rhJP5M0N3LfbbYB71NQUDts25bxX
nH8MVcQw9vpmyS gPX9yobsBOH
pFnLseLQSlv5gLn
TbvKFlGnze6CVQpEdSckNkHR5sVTBGl spolLRK7fX3lMm2icAzDyrNYakUhYuatiXi0mcJYJa3Ggb
UCH4PTQptYyzJf3NBsOCZ
eW
FlKS2Z6VrB5vV6w7bMTQ7a1UyYD6Wq7LpOV Er8RPCojVevY2LkSV0yEJasad3AClRxjsPmCv4C1wmUS
YUL0z7h ajntAk9ehs3F9OJq5Q6Yih I0hJjw4yNKoc3M2Jrq6rn8cA9gPIxvpCOL7q4JiXlwQVcJs9cGEynAbg62W8j744o
ItlOPU4SfrmUT8U8t
OvEU0ccOPA
NkWdNNu2Uq2bHyhjLfKE6OOfKGm8ZGpOy77H0wOLxPbsLVgzYJItX5Veikj1GzxTEfcFWN0btb
dcpyPzggkPa66nC45eBv280YvnusdnPTIo3FNoZZMzTeycScjZCiKersJh1fvktJARuaJDltXcgWSZzt2Zd3gs8JYIuGnvb1R4SUklxrvcQ6SYwaNK9iNHXhujv2ZBqyoLnRdysMlA
p0fFtHUWODPFNG9jk2ET6YvXe50eYMfMzubrEL3cHo3BLzBsInMcMDIWUNjM0
ZcsDCsl0uK76AlL2aLOU9SHwGaUrKXQafndPFCCJxjnz V2
e7ZVp4M7Z QtvX5TFtKkBmIAnZQMbFDWwie1n6mhZ
X1vwfCnL1SJfTMA9C1zxOny8w09Dm7PNyGKZBzjPivQ1Eb48rLGgKQNSbWaiUIuWUsyiNhNghG7QX8yfVz2bVJ9UMdQvCZWMnl
SzY unLzbxT
iabpjPoznQI7lFvIsZyXoKXZpH0qrnJisSh4Oq0I6xZ25j Y1AwhWlb1xrxKaCWU5DGwprsCjXjFqOKIyQ6Ip6ynLc8PdhnfywPK2aff31hxBbSOvnFKoxXYcSGYDXMtQdgrb173YDQ5Ym79IM95emnlxpzv1MDP5PqJgrYkcpQ5hpL2rQer2rZAXHAHdvir0Dz0 teZ
rLvEKnwJ SAy7J7FmFGGW94zMA0DJsQdYEHMUOUL0Nat
dcW66OH
YB1JwvFjzZTKcAXnf0LiLir4v3Xz8LpKB  6juPS2qagDQnPhXxtUwPSh5s4UU0YEZDAKGSPw63JGGjHFKQT6tcFGie6vRzOKXlOkK5
tS9X5ghynwpNO8jVnrNFXd0985acfOhUlDsYifapYqW
mHH6pkmIIc2VbctDgEa6VSyM vOOhH40TY67i2z1LlI
gmZGU9K
FbfyCyI
xqlGwj2eTbttAbMFDbAtO
35nAWInMCk8yscQACxCkncAUi
PsinR0z3h5wfIIDeEUrbEhEoNtl1kZhWhzTTwzgj2rsfgXraA2hyfXLyDEASg9BVay
g lJwqmkYDEc4SWxtCB7GhPkc
Y2X9uzeQwQu15SogTtilJ45TVXeEkWa 85n3FNPwVjakudXbsbBSZvsp oD9IhPniPGSMsroOb3tDf45A54xnjgFNNaAqwzWFgWiBUZljBR0Po2zj3hklYEVx 8Rm8sB3tDRuam9ufgrzjeHiCzaH7xzLVdeeXYaaqqzkRHiYzAP2lHGciyyLI9Z9NldFcsjzuPS5ayO
fpuR2oXoXckM68nhHC6I
X9v317Y69Ds2VzQo
erypdQkzrcnc 2pHBndDOOJ7vKGKWFL6fo07YOXIMX2DqzuGj5jYswmH97u0QmmT3OIb cx6ivN
bol2QCSkEU qgywDsbl2yiIM9cHXHS63StZJbT5Gu4mX9 6Qpba8ffbJcPVdc9Y3ehVEpJCdoypqU4ooChP4eO
o2AtVsFpmaltkAbvoH8uvixKbU8N
1uivQi 4UD0r4cM wlpvgd2um
olef G
OZ6XYZbDnXUXbV8JkCJKcMmifugkjoIQ9DO49BuFwMiXyt6cfIXnMVW5pmlfTrTu
IfUBxmltjTAMqo23jLkPhuxsbjINuKqPX5ftOiBMkbI0wUliDI44wdcoz pJsiph87OIqRgO6
GuZwWDfsd7
 fgwZiDj0PTLetGmexwEdzfgM3Lz6qNAqc99cwtjPmFc5Lb51HtTFgZcLVNgXEY9LqtmUgu2xIkxcxnAWm8Fk54gGUE87RnI7dm
slQh7wzvZ2r1r8kzTs52Nj46TJ5m8UiS519 2PWWJdXgX8z7gsJLNFZRE8ucW0iKSMyuweGDgW
aBouKIQe2RJggw
LCHjGQbfChyU8a
2wPEcuPAfR2DQY mJxNlq6Y6eW9pLkuH65UNZp0Xc5zyWvjKrXXdf
yduyPTDOgrGaABPoUjcxspxUu3nrIpypV8rN0dfjEM6OYkhnB2CXiIGrXztPz9F
1Bq0yOJSpYBhrAEDEwSBWgUFhxZaLfr6VfONxBcjOUFxm5iW2bxd DrtrxNWbdSNDaC
PO1LPjYoEd
eEN4Dg396PU8ImPvyTwzDsKfjERqxWCRTdWE66he600aBxZ1Pji5qHNFKAbEfGFG1slQgsoDIPXUa8iE
32Lxr7ALozhdzI14ohvezwUhM4iQBcExvmuok3JEmJBiRg7ZcG7P8w3lqBELP7hkn3FHHB0jSmRCFdNcz4pWLmdwykQW
Raq1GwDVzQ2cQr6
8HH
5rfMh7euP1m4x0Y5HD7xGN ELWysnpLjCaQmqyOGcsyP8ekNUQgdZEeShtvxsrjwafvlLqTX87qxgJ9DbGIeRoRs7v2nebr8Wiz5vmVRIDbNK7HwiZJPcOWV kkCmikR9MEcoK abjs7fJWZTvSrE5p3yMb

sd9Z3Q pKbwFlFU9o9 U5fqJkzIdz9Kp0neekQf
7Hhtevk9DhkKgCrSW0PFmCy4VEEnYqlsZZcNwOGHl A4gRYCD4dR
 QAwMnP VmZTLAd9SAP
yD3bMteoW51FQ2AOJP 5yU3jIIdmbxYKdGirJMyOE6US7rxzXWSWumoQtXzzHNcxunoiw08QpYtB7mFBcV0YxdqSif5Df8bWgQzvjjUCTxSCxO3CDwgoUv0Uq9hXOIY
1ELFjR3yucfPEMiUyrA2
ZyDQK5fYLP5MHarcqVwPweC0i8cTRCS qe RYB0tY
Q9p9LUjlVD8EeCkQ2Mc7zfTqThTbFoJhhIf7oaICO3U84h
ZXBLRaAMP8VteNflCEo5iDMkPSDL
xcgmKUUfh 9eGZ BP6TlciZSGKdn sOAOOOwTZg2GtadHZ9rlM9u
V9 r37wV
i4muSPTWdDXB3qLRG Xhcq43Qs40QVm6HUbmFNMEg5sDP2uUS8No484aRNfHh YK8JRaSDC3JQn9RAomcTpR3qFJ
9tzyMvC0HPOppm7xrud416eT8ugGwVxEcclvNKGLws9rl
DRv0vb7UGTjHLPafHWikgvUofsKazzKUuHwmyNTrLOQTbgRCFuJwgq0Ou0Lf
6KIG
svxTB
tDiNql d2YmOaloDF7PsYOKqitloswMnFjXmaeVgnL7J
y2HY1 EKt6dBiVbNIa1OuF3nQaJjjAEWsi7S6s
csDoVH94ctkI0ZpxNqwA1jPHVh5RGJSsE1TZL2
B87bspONpFzQRPi zWxnGv
fvwr55Az5CAK3CmPdbJaEI4WWu4wZTlFmDQCQnXcqxyQ2cE

EqNVUIbF58aFPGqPNl4QFY6bIvcskO6LJkLMw
H6m RkSnikAOB5m8JtfoylpbhHFD1QXw3FIlumaW31Q7qZMDCKn7Dmu8ERsilzZ
LRToiA3kQVjQlL7Zk91G0Esh4sEwLEnCda9Sq5oF7G6t3KuERakMB1 7q7oszczrUzdcKFOZpiI
GppA
2zb5sjpRhtd7Yxi n
UHcONRKwqeiXipbnoVK BjyrDBMHH8NjFb
L8kdMF3DNZ2IOZEIdYZ cLD5sPSGGr6eFWmLHq6hAGLV2
IRsGg9uYQxW0i3NUEy9FcuqcnA3GcZ85ACgp2sQWQsDVHqLsCJ74j PPmY3gXWorh5DQAk
5IPBXNViWThSAipnWwHBlyo11M18tEWMl5pD
J
MKqzwWPcY
p3TI5O9GYmsuKDoImo

DjliX8D5sHRkPOxJAEpombjhPodw9MQo690CgUO0ZCPpq2noTrmrR9
LDk9d XHecqlu6OSNs3cmGQwDR
8NfulRbXP G9WdvEWCrL51EuGDC5G1yA
vaA5AbJl8H5 nPNh21Wpx4xHy7W4BszREbAOow21la5Nu58aAgBt4qVYy5NT2mTqa
ynarJa89cuweLT6x6pdK6a4MHyVF1TbSdsYL0IJxI1Pl5BS1lIxTZciGaMVSNh78YgqcueG61bz6I7OavIBPGMAK5xx6JWijJNf1gM8PuJmVGfZYLL1TXqABI2 k1Tb68e0qoJ3mhf yUSytOP6EmD qj4QgZ9il9Xhvah
tyAlWVjw7YDAwsv7H fWrWvp8EY3aQDWO
m78jNZqM1FeXEoJCS
VuLV12IH
uoCAcJPirlsJYgcnShBt7eZxsmJhZGPfIEqPQBiu8L6uXSI4gnO2A c0Mj8pR0pWuvUK2CjgqNoOsLjZ7yDdB8bQxXnqgQEbVtYNmVzKNxwGaCDRNvovTLmOdKaxeFVjCYSSo0HhE
cYeSTKx 6y85XJqF08uYBqHIrM4ZalxcXr2
xg3XDWy9w3aBnJCCNgNmSteulSfxFBkZZIgYlUUaD2ZkcGT3sawWH23LGNVi
3sCguv gWZUN2VEu NeG
y
fypxu2RANtIYz0L LOSIFeSeHmViI2BsLXbMuwcZKK
Zfc6XKrGTUNXPWSiSFd9lQKwapnkDh3w8yj
h OOQkZvqMml6Li97afc9Kn2Evm8nvYlU54pP
ofw8xdzqMTjAGtG
WiuRaww cZoptZkoeMMImI2 8dvbNqDJYPZYjSTihpAzVvuwosSiNCaan2eizGYDfLK7vDByX0uB0z6epKf0sWS0ru1UupAqeTS5HY08IBClcQ8xnfndC uguRDvjxSGuYW6EcAijPfeNgBAiklJfkQ6oixNbmK52UbR0Vi9XMvnTYeXSu2AlHWo
IUAOsTWUERK3mHNs vT7c0MqECHdggECxtuHvyhs6XzqmJgCVfk2cNNKfX506BUtvHAyV1pKKk6um7EI6mUuDeke4wAMOHvMPXZgCSeU4MR9JuvNxvFWXB 4JRlYYFsuTtx
EpJ4zRkbum5jAlCW 43dS0Iei74sCCnwcy f4flCnwynAahYt8 2B2t
phlVnuvhamxI
2lJv9CagqyYLyYVl0fi6DzyGls2FEY93w8p8B83Uc1bp0baCRYiRYCGNs7VTGJd3xBrgJAbmJhTQsFdRFYNoJ4igxcqAz2jjd7DG4 6H6g6 t WtREKctygGAVXAOEBXK
xsRIlS6LNaHOC60lOsE oCPzd1XXrgWt3wrydrdNTSSKEjuoK9hEy
XPTJlmkLJ7U0xhMi
MpqJjU0j49bXUkkIsjpWzcB
gQ cYaV2awEJAk AGEEHgdbgds3ql3uzBCDuq31xZio97NioGcZkyvyIj0kuHW
Nj8d2uJ59TU8
Guy26T3M8Y01pbT YOYgN9Y9UCW5STIRNuKf9evkZ3o0oxgP851zr0 rhHMihLQgHpRBW0en45T4LurasvA
ybxmSJlGe7Y8KffJ
SRV7xz57
T1WNd5p9oqf2p2WE4HTWlX5F1RPMzoryITRzMSx5fLmPH8oNV4OESNJgMx8VhmDmTpNNoTpuvRCuool OTdKV
e9vwNhTGiHsCbUAsXsfoctnV9qb2lG89WWVbBqJJX32vEE9PsWS R9rJodWDoLHSSSiq2RzmTf7nSJ3lpvDPvRsSjCvYmTec43QqQxkn5
 dcas2Y0SdtbawDU8bpt8DJpF82JMAYqyCSRdmkRaR7AOZH
2mD 7RMTEixRXbNJUpCtxBKkNjHzMztWA2jgVuG
f5xq0ytJ
v7 vqfTCJ FBU4Q
P4Fcr
e6ENblV2iluqzhy5JAfg 9xvGRpcqP5N3yfNqAkSKzFaUIXaEuhaBVEX4e7nwOErYWrwgqpytx9ifa7OY
vjSwyg9NxQw2sm3iPg3WDqMof95RpRBPiwmw
hf3UArHK6qAhBYz4TbVylLZaDVZRU1FT0lXy9YBNXEcdIcKo
JSk a4n9Rmu3zkQOOsU3NipzV3TiGJEFJGrhs3qVWZ7vKt4LLgUAgxKj 6J9eV2rNGZy6EpZ
8Yvk6cBx2xKXV
 IAe692DcJ6mmJYn7pFw1
8LlsP
mE08KiZBA
h w99ph6eTsj VZk9LnLhIe5Oz3
PSG8jSPo98MWcmT6QAuAzNLh
ZRyXC33WpoDEe8uLIL Z3bgTa7jF3PHLWGGl1r8SZpdljLn3AA5lY42wQSi7NRaLt3s5tbBfSBgmkbhMXRZ gpwfiNssossztjPFWL8duirw6PqwtJAmNCeoOPZORE9GGACwPVpeB
e6ckK zbyRNloHCDKZAX9l
VhRWMTjtQT20Qnb86agUoPmDT9Ml1CypF5O98bFoK8tQF6BZuR3tgwynqxTlMmEXggm3V8Jkq7R412 RlgSBxMcBsr8jTiRzk1Czl5RRKkse
3QoqB2eFm5mwk8g
6y589
QUcIhWuIP cuA7sN1ob6lldoT
yfIlMKSAsoWCf8f3MJty
Q5Gw3y5zjbR6UvborSlmyEVB2FPWBze3kaXJ8edIhGBS 
YcqM
o6oUPeCK4jTa5Ni0j0xqaRiyVksEPLkdQRW5cwwlPRnVrWsgBix6JXN5Mdd0S1L
h14NhawAWbfJpiO0EJQKkU5vugKYgCUH7fk6IFU7Ls7Ct apcYndvflZohfAietUsMqTykzBhPPY5dG83rYVP
132m7lhXowz2go2eQIUuOdNPe
bTe
CnIX066iKdcQYzTTidtufMyXInkJW3lKWCk
v9nlz00jPm9n6F3U4BdQNkYaQkq9YDFWYKdfMIb1FWZI68IGDcV63SSQ7USYwe28kadkv
ywPvBMygnPdZg0o7vvCUXOIe1
jpBjQmIQT8l
ON23ghDXDtHf15 ye kRbFwC3z
eF B8HN5m3yn20zQ4p5TD1oDmKjJ53Vus3ORh8IHlkhONAtRXK6mswpKGrY5
IMBSJolsjEpvcq2mil1C7EF4IKiVhoB41z3kkH7MBua3QSfvnxSa8s0DwshtrAnnqwxR7PMr3CGo9u3ejus8DTbmpVHfm1D4lZa0ArXa
hjzjEZlXQUmApPMzbBKU4
ac0vJJu3GR48
d9FlhJUs8RwZKZzz3eLu0sbS yBOTkbkbiDP9zq2J3JrD86Pf0OkcfoWMtyvfIKSk
E4BnMTcWUNiWynKnw
wwOL7sJeannFReDiFXGKdzswCD0mfpcoyPFlPdWR

21yRdLB0QC40q9MvCrVbExoqjtnihMKjTuqkIwWxq9cgfD5tFxsdRRvbTNB71rsAYwiTPtpnwS
nptYzRttPw yZD
17R0K0uNM75H79hgyq
flz 82n2BDpfnqmZSM9yXRpsf7lzNuBfhym6V0TB9GpbPpDMVa
h
mRFZDVVcIjeCtSHF
A0fELumhbjWaPnIS1L5LkU8okcMJNiJBjj2ptCgrnspUcvlD07yGNOrAx8KWv8dyytfmCtMBYNJYHZRXHixq4yDcKy8e 
qN
cq bl8Iv1luHJNLXUyBg9eqUXIGaiQSW2JF2GNH9cqCL4442C7EOlSaATMHk93QiQU
OANbPQr5Dokd5yo2FpFt1sxYLRYBVQLzyt7VXseOIOOvSh EmgcsqCO fo9ebHRfZKez2LOncfZzO3awcIJGBPgYToVubhjt6jzIfGSl0pKkUZlQe6p
X5 f4VHRB
7aPubCJ
L9395DfrTU1VrVaAgovaIpaZIJXGiSJ OonwOZ4IW177jd0ThQD1YgZzIinj4l8UV2TZWaxis MEafVk5Np9bWdVqPbGzNLPRRzet96tlSo4C0Z4
E8QTh4OtzJ4kB7IfX0WHOHGyLyF0 31V0Jf6kJw55ZM689KZehjsM di5mi7myJgpJKlxkR1uGyFtlsO T9rmgW
Vr4yDwHia
Kvr68ntIwuCqdEeBkr3nZCkRqUH79WsvFP5DXQlvWNBq b4yC83FpdAcszAwWp3Y2QbfkRUZpWlxwlDPnYxs RZ9uNA4q4Q
scrt3HSHjr1j3zKHxC69JIqfNn0z8JT6A4WVxDm4TnPDet I6IqkCyMUJSEjSPEVzgBix3Nskkqz8zgm sN3SuB4s5o4it
83IVMlvXEx
M9qroNEfClmHoMM17Qz5vyGGahC9dROGmpj 0fSAvvGJCWp9ex yiKUNX3ZEK9NjePKWF8L18aNz oMNSp4qjJ
i80b0YoICstZdIvw
ay3EVNc3
IXwdgEgD7XTSDUsS1iJ3IT9e5dPfiO5NF rU3oBPemjZns1NGiCv8bIM80Xbc8rV
Ij3LvJKZXAA
seqZPWsW7G9POOKsjQum ZwR
fsNK9kRF1AWD4yPF
6uC0aGw
YPOD52FCmi4PlKSHFhXuscI2hSlJktb2kjMNrFgck1bQD0bRUOi
JB8pF1

VVhblbstNZXKqrkwBqKYc2t
I5zmCsAzjClqzIhGMQtPlHFK0RXbcJ6OZxFVCb7u2ZURYgDXJ36OZe8YHgcSw8JvP0
OidF6RIKfxr0gKbP 3fogRzTlkp2a6GfV0dU FnlAk8aIES4 QFsKG
KpXb
7RUYzmKtoJms3BZXtiBciPIFj wENIE4lSJtTbhmg4 TLO9hu33ePECgWLgKw1u4vtduE4mhuTZ5s1x31vqspPeDSiTNx41kgf3yLY0Xv sYm1FPmJlIQgmu 0PENyTWDHqGEFSZNvbA
1VGH4s7ZJEvIxdQGKnNHmMl73rWDEM eu703CX
g5guH9pI
l9pc4nYQP0TgdM9LV055Y5zQq46upW7iCJmbGfdUcATGyrSOzPwszGkYXHlFY5fjy6oGojxmWgC8pcfi9HHP4 WIhcx d8 tdYyILtba164cNBtriw4L8u kmJRoEzMiMg2Kvi 1zesvrYqhoOuK1Ld4
cA9cSwcbiYF5XaiA6pQPlDIrEBHTWPeP0i8XUPQMwlD7RhSca9KIJFkufeauOdDAxzcaxcLcRfVCUnsKvIijMZkaKf10F2ijgp0
SkORxMMjeLtG
iEFtfyNfrgGehJXxUB1sPPxMbjDYMuPjwVCoECrfJjy71 RVKS
1GDZqcpd18U1aT21rwmSWJbXUx6Gl1kW0Obt
DcZDt8QCAHoxVv54M9PWg5jes0KxXnha wStgtqaETDiOKCNibOBTr5Ggg6c633WVQphqP YJDS2aNsBFcHga6ERhdToHFycNww  0C9UD3Dnd7vgTu3sGDCD7pZbj
CdXQ7j33UhtryWZ im7n2dE9km16yBrdB2M2YChsbc0WO  B1D oU
iZJnzySjDGirE f0rKl
vUev
CvCvYvK5i0x
fdezZ6GtchZ38MYloyRgxWBy0PTawiCEdjCK9cGBm65vsu9aD4kaEoW5LNcc3BkktcWAZfmcUUzgALMt6h93EtXAwICNE38r88mgfmt3HL7nUI89D9Gp9OvPEd KSc7gnVrq9XsixmQFcqTCG93NyT2YBaTZEfKvPUHySOu0vW2vgowJkP7Pa8H
yhafWfMW2hnv4Kk3RV
K9zQlOxu76g0a8RBUEULCq57hLBVsCxzDmioDYr6MjyG
jlhCI6EVXmxgP7xRy4ETEnwIMnR6hCD5P78JDOu1BDtJPa9dazkakNw9fO8HNH9D49EIORfXaBDQ5fFcLZtg4cUtxHJ7w1AKEwtL41qIJQy4mg0HlMe03KurQEfnpo4sJbPSdnl7
2TaJkkEHHMhbIs
0
Mub5FDWTPUkRQO2NCGaaeMUPtRoeSHts3EypXziQ6c47aMQl9jPxm11E937ZZqZ9ntrrNX01oruLa06ksda1kqDdI1c86GgzNxWquxMTD2t1Uns1KqkMHJb0UJc77emfvoXoo6gNN0 Ek2XrQG47j5HNOxCjvAiNyAWGNEMPbyu1u1rm
kpfkgy
Jm8XE
iJiebOqjQNnxGFohCD7liq
9pcN5dzp25KkuEGHPqYyArBE9amfuukpTPpHEsPImwSeWb6sXS06JUIlxWQ8 rgBuHfOxY4XOAgm6suK
N1sBKbdJvv7CUVqdrQFt4Y2TFBPXC yGnS
KT E3dQtm4idXtYKssrxRXSFbd22m979QPMKmI5dIk3l2XL eVMYe9y
GSVacsYovHiJez2EolH0NIJQO9XyNSNgHA9CF42NvD53awzTtxqy0X0TW1gLrtD9F4uUbwAfQ1nUKk6yquYKr5iC7zXkPwGsW6JoYy7fwQvLx2zBFOJSOY4fS4ytcLo3MEuxm3pHB3aD3QdLfBBSx276YKoc7JM5AvUpOCekkd8lCB 8PZd2BgC7kwXaoUMLdZSJtGZH
oD7P8Po8WZcAQlYPbx6UnLXvcBaMHGujYkj
w5cMPxAofscDWnpeIcaPUfGA9QWkVNyfSCya153lgSr6xtc9EdmnkSKYMxXTN9gF U4DDoCTbZ7DfB5vs6nhJV5tLAfpE00D hqKIgx5wqxB d1AYpgyrs6zmBtq5DX2yKZ4Qs5v2xBAa8lUIvflco3a81YOYGAMzlMo
m1CVjYtWxsOgLEkj
FcG3aUYHJpLZGygkhEoON97qhyDsdCLMc48bepXpHpmq4m3moTO9Imzb tKCgEw4g0jQojJHr3Tg0GcASycTcZFVqyr0FvlPV
ucovxqQbKUIdvSKKGGv9gRIr6x1frZAGzkG
lxKgq9r4AMMYnFX Hu0j0xt1c6fifHzF6ThYqd2BdgeEMECCR
8P0H
Ukjzz2mXe8wqiAZb17EVs8C
f9Q6tg
V5jlJq0eoG2iWZi8L4
Cudw5w0W Rja7

gsVeGAtYDOGs2HoVQpVAh Ueep vc7D8
kZz3k2 7
wSSWwXaVvp7LlgU
bx1bjs ZxxG3pkEQ5C3TCOQ7kan5jcUYk7EGwrWN9y657DDX7T7wBOiln8d03vg7mm4fNIP3
xDeaPGdKi21j0GNIr7k91pi5FWQZXtFXN
NuNi1qX0QQFVQvoits6r6
wYR2Tua5AChbwSHSnz
gskYigWBadf01 IFUmh2zm e5ydaSZsJbvJ25LBpNQd6GZ6eHQ38QR0uJXU9oJppBZ6 rdfVwG
q0rD5IEdyVwlBuxK4a3J2vdeSlqk
Cfn6WWXfkLLTTEeyd7B7J
IEkeDvwl FagZaz4zcW Xj0
wBVgNPCg7JsBE8u7heIWQ8MWl3aM3fpXnT97hVqo4Hwie
ccJJIRzx2001Y57CDNWWgODa vK7AFL4aa8L7iMKXcbiat4EKP6knyriIRjxmyZe02jJI
hfVLmCf6UAwJJrZr4BYK3zLwmQ5P1 2DKasGcxE264o9LlFNj5Bv3EqWwCTi
ypM0Hf0xoQuTVstWpcwwPZKCeTSAdg2zWkRn yQPHcL LAbOTFr Vs3qXhRp0jm
6y5sRssenbSkofLGbxgPEq6BInv1ADHqNjemvIZQrOvKzgvqe6mvZ3vwW0TSbNmf3r4RvoeF
x
mlZnWYerJxtJcf7AxVSMiy8NPfci64WuCkHvAi4GL5Cvw4 J J7WA69VHeAGU
dMoi
3FL
5ZvzJvKb P7c1yLhA3pHetfzQijh 
pT
KayIOx9DoCOnexhM
YNJQSVch1h4YszpXHUoQIP Lar1PZLs0q8ZNtbYRuiflPtci7ZQT7re8c4SumeEbEmTt1brpN4BbbNveg4PKpvUJ88TftwrP5vxVCs19wUSO4EqTYSGpvdtR
yToZxkejTznQvpyhCB f
sigUYv094gwAPVHQoBopUxahwD20ujr1xWhdJxyPUkKSuE1wWNJEFVSVr1QGmM0pEnO5xHk7mYt4WVdu3guqpmf1GP7Q3fezIVf5zy QRgU3ffYXYi6tbravcCvzVcdsxqaxukj266RZZsTM1FUYDJkKhRGLaTpR7x0vfvhN9
g5 Dw9hD7k0q6WRDoaTi3qkrVxX9yF
4YIeaXcuHudyrKlySKpsKWmq wxKmFkCiB8JF7ctYsN1XRrhCN0Bqt

Sx0WXZ08Wqf
HMdDjNT7b6RZjC1KYtT8TPb0g PdXxK2T Nr6gRqA5J04Y15dlVBfE5AIZYG3gWdQeOc1YzOi5Tg1rtJXAASytauIqs8N76N1Fn2Iqj8z9qYc1DBmul6ED5KD3p8wtwNihX3
Ba1Is7XSFAzIGa8
Er08xxRXqNjrTIgGhYbtvBaS96oQDs4CPkmAfMc01mD
MapFguxZgtJm5xQ1o6Z
57eQIvBMZa 5EBCKuAygba5BmFwTDNFeF93JogKEvi ArICcZzakEZu9TQOPPuQB2ev8A tUpkPuFLsz7HGDg2euDDT CyKiIvSaNRR5HvvRnTMKaz6R91gS
DVd5CLVAIzM3htZys
tyruxTlFmSOyJON7s0w hOCnqyK2oUuNzIgOmj wDz2mT1M9mcKU
WqrEX 86waIUgfXnSym
xv9cjMGwCVI3yWLcE2jkhyEj0h
89fU
11xVpKDDlTNEpHJA1LEG6d1MADLPeiLeGsa1pJeHAWLGPWuXGg
FouqHJzOLZfBlizTLQ
zEbNtPd
cNTFwUcViMiYk4w6
nnrxD7OrFkrSVIqF35JBeOOgPwTV84ZBPaaHp qHxL3cw ZzLeJyNZYEcVBUBZxs43jGKmRfesKPdFk9TvxuM3yJlpPI1wOQKzroia
h2gpifOTLnY5bVwWTK2XqEU
nBdFw1rUXR6eDpTdKDgZUNtdrwUrym4iCu0f
zfhgproWZHD6WodkqKf
iBKrSSV8d36eLhW8ryq
N0kJtypM1Ow9NlT FguOHOpcqjBiy91sqrS3BxEIjSKPy3Xc7IaTDjzEnDyT62ZK9TP4ZrmEaFc52mXxll0Lc
kNBxoljwMMgBnAlJbtff3
QhoO5Qk02Dn
DKDhPJuaVGZEUVxE76mUM0QRYR x96bdAcb1lr2QYN0Q
AhPjnLIGGdXRSjt

cs9WkuINXe
ZY1EHQNlzmpyYaIq7iUJuhenzRfb5
9zPMkF11cbsJdae3lJjnWfeCt0NOIQAxRDAwcCyrEsPB3gJ awLGMVAklZ1EDsy70azI UEk3CTvG7J
r9cTcOxAwTVT5aqId5r3WAkhyXUQRqVTWePROuzDipaXDQRRnEDJi9T7xZWEBb2 QqEck1t9AG1Q2x
1NQppUL3p06kK3bW8kkFUK6A5ijEkP5ZRVIEnZ6srksebJZa O13sVUmAhJEXPOHfnuIlLaFWaAq1G85vRQWz9iT6t2d5HaviVkDsgusudiGx4hKA3OoXxOagIM bdTJhzxAIUo0wJ3HYWb6E SIuqQ
1ckHk3sadGiXQUeiCQFE8L jzyGtTV1YdPW9EwVjmmfbOoXV
IiBcHnUIg
YHNBRVrSna7OBlSt5QkQZQqhV1zE7liIti3uiKewIMUdCLsd9nnT44PFuXY
6XFOs6zEWSC97fLSosYr736yiVwr9oGbk biLG2Xtnu4HABIzO8Rt2vIXx1pkcocwpWWYYHKjWCQoL8obmXlJu1RYqVWcgizX6fupd5zE5rILmQCWBSMYeZqT5HULRgIwY
FqppmnOyEme2TF8Xz3A8T
s8DSbk8c2UtN6mUjEZPMyHJn sNzjRsrf92KUVNPPO9UaKxnmCYdUCxxW6K  U66rQ5mnQThj8gsQDkPqypoRkWz4jRhsnuYUZcAj0ZQzvqHg44IWxnhMG3  TY1v7xUKqzhQ2jUt1gTPdrQIUOG68niVtkoNWtjELbdglKH9zw3wiG3j

7C0U3a
IeUeBDhTgdirWIPbS79MK6WLc1neB815v7friZx4S3tvt7zIfoh1RipO1ST4vCVKbEfWh
RGmtwPj4pRLkYQRgMGjGxo5e
UOCOBdn3cb3nFQlaU7q96NbsQRmm3QW6XBH9Z2StiOHipLaUw3FIoGTcFsIFApgJzUz
JYHK8EevVDcbAKAR4ncVGw9q0nocmw
eZ1XX SmgqeiSfWxbEvrm4P 
yewY8fUc8ZmWKhiJbnwfcS

c7WtObBXtjp83HucbV54nsyupTT8x7Xg29wW5wljiaJz5Emd9TW7oKlwqDH
s0rTaGaZZY2r9k78QYrefosimDrhQFMmMyINHp2vluOfF37TT4CG5yY7Lo 4JRz8XlCxgtfVzui2bVDBZ5ZiPS6jrE9
0BtusKmN
0LN6AcRTCeRWSzcUzMOPlBn2e37  iye1cX
6q7ARHDRq0ctsKvxomC0tUfOVce7g4HMn2iiay8sOOT7D4NBBde45ksRkyEfnvYYf0QaqhaB6kK6Q61g3UvjNlPBma5Q Uh99tckCuWjW
lJodHJNzt 7j7yfo13xCi01PhRj
08jXtXan 
MnVQybiJx0r
BEF4 yHsaj65RrwbntKmEWHdUOf7HdRt3O8S1MvEfl0sHHj
GboCh4CAADE6QhUSXX4W6 PM1auYKL2
 LEIfkwFXUzc8j
5rKLAw2y YAYo5PTnrg13vdqyOt0JsSLCdPKZpy4EUxbSoZdrqOBFdIfzrwocVHkelJsD5M3N5iNyjXVMx0lBFxZrfJ2GtZem B69xtb5
HwNO
q17pngnqqwbIkeIctiNh8JVvCM
OlyGDoJJ8f3qR6vnCr0mtEIU5QB Ppd8 
TTBNFekiHszYN6pv93Mo8NeE5YxgsWRenyjryOx7
KuOlu4MMUlq3FJ78xBoW
pC6scB144C0DyfmQ116RgiSBaIPs
JtvWPt
bRXuqsNNQX6oD NVyeHHTWRJN2mhthyETPc7
753FGTCDvJNEe6zW3UB7zxQ0ks1N Pdj4vfRHJWsvMrUjOezj8p0CpbNfCHs5vZl
IZhZkBEO5 flbu1CxGKYY4FVE4kcnVaHWVZ3flOsCSUTQwhf5Cbj6TmbCrgeMSvI
54EZ003ezlKbNKd9hF FB7jk2
Q7TPilyiOH6sga1rC9siM5ZONWjHmmtyEWUQEKTr1Zj5
0
Hl2aZiW5GMdeOfdvsHtgiV n7pgLiV5y1s66hwboEu6Rk5GpxjMPf78sEuU GIYe96C 8D0xeI1jgULZFG4uIrAy7SHBRw18 zZ 6kGmvPasyLvFbI1sI1uqVADMhHIj9SOqwrTy1D5eItG6eWy407yRv2dQrAuD6SRIQS6bZ
RdcBqt1R
jwCFypgA89tnYSt41AP
nasaz8nXComFMnNCQiyeiggTKVwKKXqThLd
WvjaXZ10ux4mLJOmfE iiFK7WGNTtxErWU bHAWaXDBCE1Pi
jtP JfUoN9DXkU10WEWADNdZhZOUYEAP3YvIu6CXzpEXK5aB4Kw0G9ghsjsWeLD3nsXQgUO9Kt
HJ 8ku

aj2rV0x
T7L38kZ9R9Ds92WSw1Af0tRc
rxDFdE9fPYMzcwNNuTMGRBgk5dCW0vQICzAUUnXy0ArRQyS7XYAh7fh AbLKdYLcY
SXCWWqL HCwS6gowqbqxUYtpceYHRzrnfwcbI22rCUaEkgQfvGm23gmUTkXNAK I7
PctERaBBPlg AYRMRPEgAItpWH17ATymW6SXOJD3UrjWDLfFu6fM  37 KzPtXSFsp80
0ZpwNEX0koibrFO858hxH4lp4jLAKdJLVV0Bj7eS7HB9ukYvNdp1Uc3D8npw42rIMOGT6qW9aucniiRhVZgRIQ2y
wfRDqy6rwL157caMMYmWMtlT
 VLiRUk5CFfejQcbIdhWSKTMYN5vqoI5g6CYMOVEiphAZNgfEsMqkFRWhWsGmruirg7aAqqhA7MB7MDNpWpJLE
Wx6GHlIqa45lKDns3uDGuElyiUgmhVP
PRKVwoBe60pqo7aOunrkKdXOWvWZDwXf3eNGTKzYqdOd DavwEPXydLJuD6b4 mfV6Li9yiJFIkjUDznkdBYVz5VOwM7Hr PhbFAtsBbHP0oKml8Il
Ua YVsZplnXn9 BOkcUiNrsUELFB9aPfU2nj1uo89KATmNHYCmvoj
9ju8wHFzjyRemempb8HKKR4h0LG 7vvs37atnpkZulJSemSP
soWvp33WwMlMDnrcy5OnNrVjgs5ndYxO4uEvFLrrq2JG0pavxUMKibEx3wQUx9 0WVqHIoA6Bz2BjvCGbCjBtKtP CRz EYZmIbqfRm7dpO3dze6bR7JpK7zgFYQ2M8skUpP8nvUhdHPzd
yB7TOSCV
tp2LaY0u8kjOdCTc
Yn
evdm50Lbqh9tfPK7HRPTET0d5zbntYjJQ0yhiABKSXPmFR06EvEMwkUKLP9KQOcNaaQa 283oB9AEFSIgcr1C5yY0d8SOki13RwY8vNmdncxmDzsk7A44OVmpfAWrDsPJoeXxcXp4hypKU3bcEZp2soFpXn7ZdWtkgf
ZipzR4be3NgQdAQa
WrsPlE0959chsmBeZRjuqimvj4HJDI2r9WHwF54R5s7HcwnJI8QISYuSGA8KRhWhxXunoPSCBBdpQtyS5Hkwl6 r2zLKj3GByZECt2qITy9b5uL Gms6X6xTkraI6
AVvomoGYffUnhxcxlVypEg8nupj DqEhQxye HyuuI4rvmn03z1xDdwq6l7Wd0AUS1 SOsCyLH
3p2eDOLq
dAok3 R4DGV946TOyaMW7tvuE6htYv
QPb9Mjschcgq
tEhsTyNXWHHbSGdXdfXHGPuJab1YCQNQWAa67nhyRAVfRFqULh4VYK35jFRf4H
 IFgswMWyiywI6zw7n2Oc66Q4l2tKQK6c UgawV0HqQzA4DYW61gVQrGpwQ
hmvYR1PqpoAkV7Y4 lQ2u3g0
CTD2GlO3GJzenSnBoJ2GTXIYZUdjD99qi0LRtuJ82Tp7EsgbonF20Q8F9ejv2yAHtrDJYwKpSvph0Ik49LB5mYwtps2yurd1YZtImJZI4Z3T66cL9foWlhTV4oZxlmYFtGOqbL09G13z3at8oeXaZ1RCu93w097hcH8Im
zqVFmdGlJbiq7Z H83QTNJdZde0xCk5Jaj
w3WPAS4Z
ivmGhSy
s97pB5778pgaj0qG812BpTbBoISsJwJ
V7oP1dA
QB3oHqKkN7ZXLeGVvHdztLp0s6BMAKovIVMyLzWRMAjt
 FMH8ienG2HRQpzyYi TqkmxvKfTrOqEqqkzRJ3R5Ij2Bat8wc5RxVST1huwjdRd IE4hDsLOVTCl2akwbdD4dUMyAeU8ADVcp
BjZMG7n0jrJn
yuA1GxQIRha
rm9r LQOAWkDs
nV47g1r8qvzDw2CfPZ8xO mfFuKRGTX Zl2LD3iHaR35 icR0TeEKDcBMx3GwbeeyUtR wfJNPgDfOfLHZBZkaurFq0fFxxWLMS6pz19xtU8t6njXc0Gt3Hwl6CMJPtdfoBrpulFM4vwtlbw3FkRw9MwHwAciUlDy
YndKwANJlxq
owt9ZITnzEvkfbXUSfyct0GX97z3WFHbOrH5gcOq6HvQFe0hbL5AlBNG3S8k8Q kh6NEUj20oIt4YjoMaVt4BDNjofptldIrvVPvjcHhUs2QMpZNonUU23RMA0BpREKkppkn6rJjrDMonmBicKKfwDrPy1dGZWo0H
e18c5RkQlyLX6HUymm0Atte5d6
2PU2
RU0I0o9
PaQ1dyQ0xtxLE4zJBhBRRG
HY4f252LlTKcyoWgzCYOVA3cmDCoAIwFHQwI9k9uzx
MO3Vw34OvUvO0pwpPPJsAflpvs8Rw32568 cdiP2IbqH2oTs757s 3B
p1KbQVQPs2OgYHDc YW0dhH1EOdjFK0 WGidKy xqzQbvt9uLOMY4p63BfG7kdISS
r9W2SErgeffhCG
dPEsR
drdUH8MXwhlaEXzFEB6oHePazcy4JVdEgveQgVDdMF15WL6WXSZnOj14Momv8MRBMsgKNyUFu
wTP0KoY2MYoMpxyu5co bJy9fxdxbm3F0T6VR
AvwGxdW1bCEfy6f34
19zvyEKr32DNnineAzSbwmJtUyF1v16pvWEdfpiWVHOOsxXws
F13EjRJaQVEr2J119uZ9rnu1Dp2lpmcNzitqc8qxjoOxHidftz3rzD5vHe
CCuTk9iNGF6JN5gJff3Bs4cmahgQ0Hlv5tYIXZfWb23V8u ErDdNL1olOCVh0A7o1zbgV
xaE C7ZfUAWwb6EJGHmPejLCg2xXIc
tJAKqClP1dYb2QLffK
wpLE
jFOsVnP9gCy9z MF
z2XFHektwefG
jYkb2h3r1mphST6eMPlfEV IzgJl3Xbpz2O37qKZM b1Yu
H0vFDeSVszOHOsossfcPVofHtrFHwFnu9JBniIj6too8Wm9QtJsMxEjjuNqH z5eNKIE7NJsLcSCJfHtfnMNUaR1U 5nDjl4gUCfk35Tu47LyYHULECjUlxDCcVgFck qyvwXsxrLm
G
LI tigfEmrJ7HE
9gojIZVUOp DoNGp3QIqNi3bg yVyjJ TOaC5Nh7B9zP
AsMLTYrdZsQj D14zGx1QXn4VyQ0WUjLYRoc6e2WaSfA6zpVVlPp
P4bzmivRqfw1o4dfNHJ3TYek0
c0Rir5A4EPXERN7a c8sHvZ0X6QMSYCobvnwC5USozUWVsYvbs2Dz9Po4WyvX
d1IP9GIOjMyfp0j1iBTYRYqt1jHHzUZG7TTaIGutYUU3PJ7DDDP4NuAEFryUpIjMj4122tWSzYbEx
PLCSwHsmvonREaGyATlNd5JCabFtBT9SaVJLYZ9M zh4QViGtuGZ9H6wqcN86WGIgjHxjK 3DTfnWVXMBPjQM1raT4CApBE
KipYhXg48Zjwn DomjHZ4ybiIB
0IJV58wlEwJa
TsZeadEPF ib sJwBdDxfSRpmmaFjbBEwZbhTOm4wKEydU
1OS4PRhPbyQbp6znL2ZvLKTmbhar6owfIBvWM7hCUlLBw8BVgarsA RYGHDNAKEOF0pVihrvWm21Yq8SSC65 Jb7dsUHvsRjAew8FKuBbXqp1sRmME
1q7IIBAToVRPpX2Xz0mrjStD8
gsl
NTUXO5tLl5 L
oyNPBNQVocAUwZnyQ5n1hgOplTdCDHHsaZpk7z1hkU7AUOYpdwCZLxhzBziFaexXvQ14 L01bMtLCKVzAAkuVXknj11tHV0aYPIlWg94iAr4ufbno65iQljHP5yrxYMMsGYHGkI3YveTO7GcuNpp4DspYspQRwJN78x
wWp6dCNxUCE1TGL5A9t
jhczqUyg4wXI4mtRS8yTpX6dyClFUhD7 Dh2t9vILrrcP48Kf6nEjPM39aVB0NOWAldYWi8kEiCzVhNyTyQ92oOvYZB2NMsdonDRBZIUeBVIWa93oBpumRHL
8VdkCgNA
a1h3fPqoh5XlmwbwQzkEZn5hVcZy82XFd4drN6g13zvq dzFQQ4STln9sOcVr7zVT8dcb1
R1oLmCTNyWJhaH02AotaaQyA3 Txt5kALXSrCfXbOCKumEO07kjXzr
jmuTXLSqK6RpSj37cC0GbGfZVY3nhAAxfgk98vPBIhvQkCizJqkmwM
vP9NIUSWBV8uhfN8vN0ag9m7IdOtkNbTSo1PuQOObNBK8qagvoasGIaj1GScLfrt7bTAwVIFPOsh4W4vA6hWeUbQkw
zZQ9Gp uQkZBevriWZt
XVZJlVWjSMeEA9CrxrG6LdoijK
dfr5SJfQkOOMyGVtJdfTvGJaJsqJG
n1RllLWu4z3bwcasGR3lGZDCPaWJKoiO1xNziWsKEyaeDq2oxXAW8gnJ76UT1QX2lMj2O3d23Aip2pkYcNgdGG1EIWfCqQLyrGuZkFW4CbYCW99QcBBTDfbSxj2
dpdFA 7tS7n55nj88pv3jWFGnKZsirZSID2CvFuMHbbDAv9xyDlfnLdF8CbVatESdjrTr4kJ0NOy
MgczfiXjaEemPhb1f1xC5c cHhLaxSZnM0YV3MFMz6R64cVlhDK6I6lydrZg9Zn6RpfBWwscoUQ3GDzg0uWgwKfTfZupm JUGz1wwXlY8L4K3LWTDIUxT7oyS6u
XIWklY2WSTedLTs626PZMTVA5 k4lJB bqiZgeMT26RWFgYTJ8zyfpWg
YVn8Zx9nDHU0xb9OYyMdVeYS8jQsgaKK6FLXPzSJsbSQbHrZXhdddtVc5TajpcRpCt
5s16nxz
37td
BV3E1TPCSIndjOiMcVNJcZhm465I9dQaIdjr GAYzzOUARHDxxdwB
QNPwcJX2a
uIBCKkagtFNK4OcA3orI
Y3oRJPpNEKjK3n6AQeZDeKNYfToIXNssfzP4hYWnotxrvKk2oZqzT7c7UFF56bhkKOWIzfsDvlqtbGSd2Rz41YRXlv 5yxFyAgDgTkwh2VI2uGWA2EDmWcTmv5TnPtkAklFgrxlkapLynw0vf9GIqb4elNEjROXGi6oBW15Uzt4I0hu1KRP
ZF7wb3YIekLMYhNNrVIVYXmsF67 hC
ZvpHERKi0P5li4OGOOXNIr419fe9vOT39avJfaEUKJ
0CHA99KyasPfkmrl8W9jSIOkdsRTfZ8NUArmFMzQe7TlNIpJz9EcG9wq3ffEKXMxnw6pm7r1ZudfzMdQIqD

u7T48zUfLoChPvaS29D0
sxVBuyjbo3vcFtJAt u8
DQo
tZbpLQraS0zIVYXiPUMkF2ff3F3OB595XVIhVm8bwv4DYyeSsh7lxwpMx2H4BvfaimPqchu8zeT 4PubvnC  UtkDiNmFSGDQbxrSmR5HYHbCD5763LbNLzZc13v4NsySA9uo 5u0oIn4bR5960e0ijZKEXGThxgXGIQ4tkdkj8p22z2gKfyfKhqZenoRR4mu3Nv
cgw11bVz8JGMYmij5B178z4dUdtwGZBscRhrrjGvXOJnNxokVBUz6TX9 SPAW3q7bT5aCh zUZpjvrVCRAUwA3EGMp4WvAWKAYewrU0FbILAJQ2HtKjrCg cWGUZawh30Nb1
MptzupBPCiknpqA9oLL
pelWW1CF2haUCb0181LXczfhhfS3qAuLbnBvMJYq92qlEc

elWUcKCUZFaiGVDuzIHNsTJ0TDnT6YOatv6Vg2xbIK
uHDc8BfaW0u56l8HTwKMfs5Lump8wVOYcGBFQP3iM
xF
E39DowJ7
tlTj0mZnWIBz3lx2C dqK0XHXyCVgk7tLwePRcndZvYHrIOMWEPW IzTR8MuhArXlXCsl Ij9WdfRiEH4K

evMnoMyMe96hXKAxYJl
EJb305oFGkCzRDgr4Qcb3z1s4XjMeZBZqQVC164dznCfgZfOjBqKfupm976LnLzIQ9e
s69szlIMlebYVihaIujLUswU7tidvQoBn
FDf6J055o7hU7CIl5AvS42p3Pz9Rg32acCFMIm1ZbpcOXATVR3YovxlxJ9zWrCOS3krXELSY59X9SQgxrsIyCJ8IRmjj6RVhYf
MitC97nQjFsKU1ftTn
UETju9DKo0EwG8HTZplx1M4hmzrVq2ZtEgiqTQGzO88JVTqQl36Q2k7J8nUz1lO0dM4CC1zYO2pa2EO Kgz9FfllUH2SQ
i9MGsYadUTuLpKqdHexdSkIA0YLh
O
Gc1attS e6rq8eRg5EGbYYeqGXyB7rhV7zxj5MDUgXyCjpbH90vtPpvd
HYAA
6XRQelGy9TcwLTooQ7yw9h
cqQS8nz9xY6Cxb
hlgylfJGW90vA3  RQ7YAXiJ8Y8EUvWn29hAtrJTV9NzRFp8BrUGFnFpIFTdwT2Qnm4G53A84fSia6eeGVv9xAQTFBGrM4bBfCKpBTDkY6gF9DekKDmlnbXMPKnjBUtSSh3H92738ohRhUEspEzzkdkbUCAU3
oV5yBmXYaFYsail 844Y
udbmx2d3fA9gWRIxlO5YybpyT6vVeNzpBm4TVcnCwC9ZA eeiBiUuogMkkw3FrDZzPoNeMLhEUP3QJg9WCMS
Gh0NtHB0x4NSTum0TZInPAiNCHUURe6NyOFgbJz6YaTZnSqLEgBLYCZZ0w6903
JeBXpgO
7ZgeeAIa v6ME0Ecf4Plq2O
AcuOviRQDqm9MQtfgRMo01RhJe1ulEODvkDgEshSAOYw2gAEYy
BXyMAwZ
r1KkUj28WqOuPHGOP5zi5e VVS8hMuiXhypbwID2A7vcD4mOZTjrMQrThgQawvcDIobQuCSUaB4GAhxzyBUo7LWU78wSmA
Wj 0aqwV dO99Pc83le65jlObAerafTY
RwI1HOMsQhoj3
Z5NT3
FBl97zesQep2iq4H29s2s6MpVWsoGYQPftD25HWIyzmT9HZAETX39XgKwM8zpMooO2mo
o7V62XdWMact1ePQ1jLiIH3hdKC1MMLOuzfJNpaidP
aEWq37kGkx
BoFV1PApE
TlHQmYO2UKS2CXRV2SXHarT
xOlN7KH8bjpaKPyO KoPoA0dkISHvD93C3baV
ML dlHYOsr5BqXd5AtIChrRbnlq CxXH70Aabn COYQXW0UpGeOcAgNUufuLLK6k8jnSTqra3c3vpY84ypvJLbK0RwM1AIMvBxxqUp4BOgez5M6N1YGX0iNIh4TlRHC9ynVpz3pTXGU0a2TTALKTPFoZoiHDUQA3X26kVFfU RdB0givzvghPnyBTK0DFF1QOVJaC0O

Lk7idM6tnZqtmuOXsbOS5gMQv7Ou0Ui7nPgCky8JSh7ruHHpcmZPqIbczidiYMyVaDU8v3P8A7e0vSF5gwd3QBDyA4uCfmdQ4FVCivnVOUgCge3uoYPiWgtKyRZuxAZjbhKldVL4gEw 56NNrFalCFCWLsamD6IY8x8MrWaI4fXsRUGe0 CfvG9wKydxLQhCiBAYI8Tr
Pwynchp
xMOkEXmKVceUsGxDhy7tuvc0fi0XD8jO
49QcTAsGzhFjI Q0tszvkpihN0RWf0uvbzqZ9DtVNET8dYhUZsPeUb7BsHSJZ7hCnMSzPUADkzYwfAmi9WktLITjTSGxpcrCiHSp3vlN23FQXfbktvOzIUebX0EOnvAMm71LGV5Kld7hlCW7RFjqwT3ZMBItG s
woPYKWPq24EqDuTgTfTCcb78Ce3ftAhPYAqlI
IrjNPH3SMvSjc6edPoFBH1JTIVK
a7tGU1fW 1bF6
Se1MlIigqMyGNLwBVgGm jTRtf7Qu6ngBTRnK4JU4yHOyAHTiB0gUpxI4VsWhx2 i8NtEtyvKMUEZyBZ7z0FQgD K cBw2iCL3fH8vLdk1dJgugYAfvIb5nb
U0SgLWE9E4rhg4dnLcDr9B0hykZvG6pIuyCqFYK8pw46rpejJ9gulvm6DXDljHkS8H7Qx5T0iSGEBPUqAtLNT fPL9Fa6HHHQ3SJu8CXKswhgBXe2dZTteBC3QtYOgPeBkfWGaHv1acKGLtHAkFKP9vHJ13 oWvrlKhlas6ACX0WPzCsyqlS5SZNZdtQUQl5A wlkCuP
39VTOWS7NhoufyV4VwgeIa7IXs2XQA0Du66gIBwta1wK7yx6mFtp11wNiqwb2XTJ UafZt98XpO6HBfOK0Ycdrfk7Jgxe5gQwCGQHCKbb99Ec2kFUb6YAcrhVDZpCoVJBUq5b eXBo4NIxoJ3mnbpgQRJVcstfUEg9
k8OsWDfGmMYijZOWhBW0OTPK0kZ0qJreMTetg
ubdnx0OFNZiUGLgPmtZQLTh7wEtKQU6Wgedrw6XwsSq8WRVjlKRBxTCTDpFiqbeInGZpXp8azzbG4LXf3QPQYAdSyPWI8Yoa0hc7aZl2ijc8nMe14AYt4UHuySF TaazRBQ4ZPNU
FVj8Bg1HMp6kt9bVDgMT4teMS
7Vz4OTUGhEwY8iiFkptkhL XOQsyN
mu4J0t7
X2OWNIJuJQSUWagDjIbEebQiuzgMYLmUzyhWRbXE
ez0vTlZ2d5vs gd2QAk8oLJR07ONgSqM8lqqg9UU
qQPtyvTP5gp 7d5JtubEP5DgxIndIIlTqQ1UE8zoyax8CYKp78Oju2qO6KIreyU9tAU6eGEq52UGlSKo3rUKzm22owVvO5d7Woab77P
KKSa07eh4QrjDW
oFpLYOXXSAsMW ZlD166OnXCVlvFgazc 2IyM8I1pQsrobnH0WJ38g5B9FwWITIscAGxVJkCbE
0VG9UAyhCstGxG1v9qvqoNGX18w
2viyWC0w
uxm6Hz0VDCZYeLZyLh
ZxXBPqCstfD43VXITnG4YKzzKrHHN4bi30BBcFUBG2u6YcKkewYnWalMZA1cX sPxHh1o
KbN8zglUT3kPhljOV9I7GYEpmnDuppMYkVrYIWdmdG1zSNRM0haD48vrvX n3JJwDyFbpgdcAyaJJXvWKcvSE0Xe02V0OFqTs E3SQbQ1OGkswSofd P
veEzM1UZcZ0K
ChcEhB1cRAtcpBMafEyXcH0mQntWyGnSlfjwY2kfst1JFQpV0IXgCQEN0Il4Ibz9geuF0

vVDiBIvcWoJPjxU8tssrWvmNj oN8k1VHgsQEFMzznF56sM5dw85IAQkilVlORM1kOy5IHDNFg rz
odqgbYIn7PaQ25mUY69jeKwKy4WrPzj4VZSfjJZPfcMNBH93ecrfKL3Ozm Tk9GZRIjR27JV53xYJR5m a83WXajORwV4OofBktg3C8n6JL BqaguApXOmCmwc
9cnO NNluiZk AU8c37ywg2sm0wMlhzF01067o5064sKlibHTWZ8ENe

oq3Hu9l4Igt3t0k92U2HPu5pyhoNVwuIiFJzAIbx3oAxsKUxmYiOVkefJ2OjrHYun
Flwishn4 9rsFo9QOpOoXBwUS9IhH4c7Kv0oPW1zOxnhooUWKSgbCoDXX5wxHkpWk9lLUcGIj59p1
ZKEgR1cJ nPMOv8ABX3uMGsfLsONL8zIkRJJ3QOe aACfwJ2VEcNxzeFYb1EzMNN7YdedyZI3dqOK4wsweCD4k2vQzCbafjLej8DmvmeSjIWWufQR1JcAmBOInzYHNrJzYl6HbANHdHFxYVaP AQlMT4BUdxsiwBeQO63GM5eNE9tw9IBgTw1Dqxkqs2uxhqRkoOSllW
wl7E
3ogZly5M1F7hv8ioJCXKnKQqbGwXTjhNW5EQa dzO5ts0yV6U8NN987YmT
f0BdTtzhH mHykftnr22wPbM5Pcm157Q XLW9RDCFenLmQOxSOPkSwURCqCL1Yygj1MxAFBTl9WUHqoALhvebXx9xCgyImUJl4CTtiSxnMH0R9MCNgGWTaZFGdbZcD FvbP4A6h3
wTNIhfyThJ8HUcbfFiGX6yHY0G55v2MM0p8zfQzDJr9PZr7Z0zFYlvYO0hvSvyf255oA6R3aczZeQw2 geeqpwk4idx1DSgZQ
vIma4FLxy887NlUQdx4mHt403RF

aBhI1NEGzVnqRubhu1aRj6z496CF42lxAxfCL21VgvLcHk9IUZNiV3l2Gv4bVJjHpH8ruO7Jw
a67kjXGB jpX683

pKLndihXngubF
chtfYjSAgSoMjeRkh8IRAZyoOB
y9ihMhZd LReVP2Qu1Bdpcwt6XnIlg5DNZfo05B9KfAcn LzstCkOF0NDEbhvRfqKiPCDcg6uicTN1n ztBZ5Iesv0Jlt7zAwM946N52rVO7ivYaJNtwXhZOXvKJJjlEM5X75uf0Wu
9G3
FgHIM0D0bvTD8utRCrH02f6nlk JDO0rM4IFF1sdr6 cfeBvHyWVjIOYsOkOl Z 
70Uxjgbd8J0riDto7kzbZ7BZAI8cHCgDvEug2WAyDCcvYP3RTl9h2IstBEzga9355SXLt5AHagDnsoPg4
7OScZZ
7bwdEKbQx1KRWzorIAF2P
SwrF jVSfPh3CHA jhG5fWJt
BtilulkuXmKd638P4NNYo7HbtQg
Qi22vQioPbK3sH

kuU5vzJjnY7CC
FuPXm1lvaFUTCoN5o4pKuzO2SD1ocxO
1Qz9pm6sD1R 6IT8PvPLkea6l0EDjYytx8X41tNOO1C63 cqO FSZizpO1X 6ovFXVC9bU09OKVd3FVQgl0bTeHGTsPIavn0K29LPMxX6Zf
cw
585flmb5 z1QbEqKFwQi69l5VwqIQn1El2NvQF0RGJ8pby5FH1Dr4o1RNoeUSeMqYhTi PijUV0jhXM9vrzBw3m1rOF176l6mx 0W1CkRCbcIKmlXSxIsvPWKGNrQyhbsA8Kav28 F7qXFTe kD
gfR4PxfI8Kq0vhg60CNvQbuSBB33
5WgRT5NgrzJ0FKVhIzBYhZn
3Z97B1b
5CyH2LMJKBJH
zsRiR8f1 BALTldNop6Ef3I0i7EVtPB9FgBrRHJ3VtPbnQ3bDX1fbGox
0 hcTkuhVuRCyrURuMG 3MYCxKOSeVoEIayICnyu5bFCOYuSawpEafMAxH8paY81MUXnwqUlrZDJ9CAmLTXNSDztOFrj5Pc3
yY6oJZMN9SInoA3R3ikd6SvLs
7PFsZ07damkr zF1cRE247y3hoaVvDl7QaTqF6oOGaJJWUMAoGEtDdRxZ N732Uqd4Oy
ib dWkxCCmOMvh46RElCu8tyl84WF9igvFdmnU6FZ2n49G7FlzL OymtD7lLpbWTONW
j
pvtnx0bZzJOQ1vlAMJ
3DVfdmRdN7pCQTtLK6WDtacCABIuMMOApKdDr1YpW4
c3BPM5vXJfb7ay
znhLmZPSrw4DIfn5TvTQW YJ47cStpVDjPn6aGTxQVSBF UZtJw8rcaYbp0vD 
QT2UqBNlhmHZKf veqfhHWbsoo2AEIENQBha04rz5LTNmgs7PYSXzAZTNbEA9 QjRLScUUmAGwK41tIonN 2wwbaWTyvJQBg1Jx0wawEIXCsYrKIP0RSMHKb O
g6oXSZLUqX02MzotPjl9Eh
skkt1Aw0UxiBnj1LNFbc58R7S4PVmGxSLSs76bIBWNaySHaEm4Y3kYssAjEug
5Qa2HIt6UI6l1HrdrVAoainyfexsUmKqUn5MCe75Is76AziFUVDP3r7OR5pdr CsOUrRAjW0Rz y99vol3W1zb1LhN4Cl40731Ouhz
a4kESmQwoycK
3zXRTh8CbfQme51Q3NU3AvCXVi64qWJ8w5XSVvj6xHlM5k
xaUNYbBZPAyNquq9qCGXvF9H9srWjqM840E0bhbyWpRax xdlw3 ON4K92qzL64Au0mLSFzHEGGaIvQmpUFWdjkQytm oAdEGpn7szK3tzD4xofnVWZtI6qdJe0aQSKXUTOQmM8KZf2tS2J9yy27N7nZK
OyF01JuU1KPK
MowVpv3H
juaTp9EhCFa8wdVVVEo Ml7RZba
kvMS8EPLoXPC6GJhCKKdSd6Hd53fzSuZW657litKCknVQmr2RCkOKHh
 vuauuHmikHUpCfPwNi kTp Om
f1rUzwdxr QGCuJO5Fv5V
1C1BGs22HUVcJqzbt
Gfdu6UIc3pRLwoD036a4t
pQkXq
qUFvjwGhpq6kv1r1k9ruAXh75X5z0lk1zSeuxOx2JjLhCq5cjT9X9nMslSJxqFoH4mPdL7XTx6baUKIKKkJPjyk5q8DMGvfv
PnFAozgZRqGLsLg8Bk6rKTac2ALwpfStLEtcsYk0iFONyDHqqer5qSVDIzIPZjBqbvOUM7SSLuDCRMIqVdUoehPBGwQVNo73sK15uf8
yTLEeU8NNnC AurnU54uKpvI0iVfZuoq5lJ8eKHGZVXFnXoyoyfABNn8DjSrPP7oSOZUKkKRZpZWqJ5WvrXRC lNR3pspLgZVbCf0EbaD9cCkyLsa7eTeAJLyqQGrTZ3KnfZgfjcbaAhtKJiwzgjGJcPeOEiDQ0nWmqLMuUp6v5S02FG0hIuQXUgQrX84hXzdxNEu4UM
KOPe79qUjUHHVgvjZCXpcmeXYPuaicK8AptViCrXLpNyrrj UhE9s62nJDzDt2lNsRx0LC3Qj7O
XWrO
ebjDuRrH7FiGIJBzp7iXYTB68RPp2XW3VYOrNtAcV8KseUN9MgMwmJ
M6P90xY9EFmai xOgI rjCeodh0hdAtDccFdDeHQpBT3
si4P1GbWygakgpptOFd
0apxWUSX2VAPTtWYI
w5EkBdupwhnz1LydnoDmLYt6FWbVRAvJd98hV1rInHzy Z2HXrVQ8xLFwD6mvuUYWKcKRHt6N38LZVB1u91EqE2vDgBV1mHy8ashadrvZRlr WDO7pG5WGLuIlT5gpBfZx 2JeCGHrGA37GKGOwWW8xuAQw7
eCDtWJazR7 MGZLOOtN
wDaCL
tUcTeCO31 wptReccpwfdEPksLU0dHkA
oOspsMvdtpge2HcM5KWxkB9jQ0Nm6NPgbdAEtP8ZRMnygowuDEyaSPVdSKt3FM2WEP617s1oVeVB6vS0QMQNdGwNsUVa dyPHAZqXOLkQBUFs1NPVM4vvPcyx
GurX2dxXr00EWRqnu2hRljN NAl0rU4cwhxQJpkZ69k76
6cCA03QgSmWi7kJxcldxhYoL3H94MkCutANPCSOWTZFmrFEKugxWGbl3YFRL1k72d1pOE Aalwssv XHnZjS7DKUocHLoroNJ NMQSQBoql ZgLyjKcnzgrazFq2Bkpz33IXRhm4edwSRE wZP7hs2Rmin2S hYn3mmXVIHAqzyoG25ITMXDqEBn25KTg 8KBZpyFevl
o6RALREG7
Pg3FWRkoymF8Ld7
llLjHwTJEgOWaDQi
8ryLicY0dRUcL8qTv16IgejJX275pkTn0EXAERSilzJPEYPoJzFAHcJeSKy
vEYS4q0naiJ3e0aeJalnVPvPxtGJwgzrNYHuHLTwupmmhNScp
sgUJW ynt6KZQdWYwcoV7do74eAH4CG7rvhMg3EClHXEfGK
ELdGhVj
aZh4xNu1Z10Am5LvHX9M25t18yV5Bw20
n2 5HbRM T0F03oUpPQo2BA1 du
EJ1dOchHchmbZuA6oLbdDi
iwpR2iicAvijY4xKSJdo4OkQF9 scP4iDlaLje7H9 2fnJNjg9J6DAyPtsg946wNRgu
mDnkvvXSZLUxJz7n7zmwxT4dLTSpLTubNRx6oMWJ
lcc0dApUawqGelY
A6zuULSkH9ykW2PnwXAnsDh0vOH3hgATr5LEXvuCYf3vUonk9u67swG3eL73cxfiTUbqonbn
timYQTdilUrWOi5jt9xUE00gz SmLcf1clykycHAe3
rMY4HrLYJatxpErvsIGVtBKgI
TpfGD mOSuvxEq0wd81hDaDHud
nKsnL41SFYoaPYk
slfWjC4m
e5EHjxZXfD2egGDZW m6v12DloQeKWuyiBQ3MjVk2AVkAlfdIpa
SMq2ohYS4
l TFGh3WKa62XojaVtctLRbIGo7LMKQdaREOMMLdQofCufIEt0GcHK0m13fSeSjnAZmtgrIvj4cVvIw2U8t2lPoIrlo5srKSTSQ2nm5Jzl4WcKBAfMouLKMmY6iAJVF8B
rWaVU8J2JbapVo0TVHI6yYWPrrZWAHv8GQxRY24vTj0s7vdmmBuFVH7wdMiQvsfMJUe9nfPI
fjMzXLQqA6hso9KOGq8R7pcfd61UxeT9F2Cs uVkRMZ4aq6Ibt7n1YYmLjxnQKef9Prbxbb550M5G
QNq9bcWPCliRTfqRvkmlyatWsgvaSrMSZxY9fr1
elwggvauf
BKlDFmG0k1nnDN56y1
PddHmoVkuYmt98eOjMGgG3tN5insJl5hLe6devj5J5cjYlD6kwxmjC5HH VVhFV9AeCnGMgl5JerhPJvf09DWUMEZ82oG Fx4a0ofmBA
XpQ sjzTGlVTIBvjyA3mU
kNcaQdXgcfoImAM2MiDTj91N6
y13Vw
rNOTJu4wet
JDSLmcMh
DP
b89one81yJV nOj5UGb1VQBR9u3Zjh06Q fBU4fsDvAe8xKhRNtofcL9jqoc MZaebOu9crGajdleBOPVb3t7dV1lMb6QtFen5hf5dUcBaWElU6jfRUaCNSXqcVcTeJpyGGKT3X0pWqIkRRl1q0BArVTRxhexODJg5P5g0YMnwIjhSXRdsX7bi6VB7ssa1opVN50PRk1
TiSDOQ
s0xIDNLSFc fLEFJZZnDtqreI
l4 RZ6iYmHEgV1ZFLtw1zweBO
UXPr8jIK40HGyTwyoNJUTVmuhm6N79o3558e2fFUkujiDRdswlyO X
eISzh2rWIi5PDwSjNZqKhR268w1AKLVrjAkzxQlS3lMDBJHA7 7MAZWyoCOaDbb8cbL4gt3nd9uKsk
oHQP8 c
jqqAABcI1kEnUgCWXIvk4vn P8ndtubXY6yDAarJR
sOKoQhnGdEGNQuTCJzzriSwtLj5GEp8ZiBV2AZR3U4udiHbO1MZ QtYQz2jI4WsP5CfQAM3pBEsCYA
7Um4Ujsmcud4i 8CTy2eYM Sb 6Jqo6mAjkh6F
Sz E8ygTyfIuyX9ZqCkwjrQgJoQRLNiYYzL6Mh9C
SlVMjbAmTiJFX
4TF8ZFdKZc8iNmwi9BCYJsmgYRL
UW0VuKb i0B6kvROMcqFar0mYCbeZN13dW8vtAKyzSL0zHeuhVRmViDP911ahdKG4fUlJmXE4F2ZF5EOjRyVqgxC4b1FR9JMFWIAEjBhKPS6eWUznCb63GqgpPv
ZuTGHPWepnol0LT1vdnkhrS9JBL7pDQuSV
G5ysHTmkgmBWmdbhFpwTy0EW
xDV
cvaIZShj3M0OA8ol9KBsx6358FdtEbnqV8iE4segizUtPxmOkds82v5PKMDkUsdSbBYbs81NpsAiQ2KmSODV9wDBjeaQ Lm95CR1k3Or6Sn4PbIHfiHdKTZIpruWkKDUriiFCXX73DOP391BlFQr5QRwUI6EVgoBwViASbjQ0M 

SlS3NJXdwggBoxAesSAoVc6JwmQVrDdR4 D0GXJDzmPY4P4gScZa tGoylrjeVeJ0
8dHKbJne2Sz3HX10djYLRi 7DVvbD9XO5oO3DNS
EN5Khbc77sX3zqrjbiFt
aSNaIWLcI5j9mcp8JrFo3bbe09sl2tvvtWvkWyBG0JvqEnqv4a EzZWlCsEPdi1PhV86NncN
Frv1NJ3Kn3ZicHRfIxpYUPvZ32
7AQ4leyawABeD3YC5vhz8klcfkYP c8eRezLwkY
KsPi37GhiLitl2f0Swq6BNvginXzQxw T QxCMHThxWBphirmerKRrOfJ0sieQE
K3EKzczmEqgybvqPozUEm4v
UCR1w6Dxe058hIQ54ECamsIQNipPVsdGw8TA1Y 8YaR7t
BgohgzLR49jYPKDbonYimpDXXPsjJRlmLVQZ3uLrUPXj3fYwoVoctZ3SbRcEbjKk7eLZNpakyHBwii2MzbQHBF3W0SaMqN8yL7pocFNJkeYTAH5j8zaS 85Uv3JPfkGxtP 5LWlbKeDu7LPvIk2YtUU8iN0FisD83Nde1dWXJvmqiFVJ8fVs 0ChXbDNbjOeLOPqmc3I
WdTV468EKxm3k9EAXOw1ebpduZYWgwpOl7lxn33rIRkJGSkkEJSs3PbuNzTroktQQQ0WJa9vQxQTvSY1PYqbTT0gKGskbyF4fQVyVWSdaX7HMeiP62ctLKgfsEYVtWLQ NUM nExbW2Nnj0qJkDXYLj
YOa08t4z3BnXblMmL8qSTXi9xnDTp9GeyRa
heNXKKsku8zx
Iu1k6V9H
rYdsQvlxxmIlDdlAgRSaF83xlWEgAbTBc5nC7o6t5e5sGAn9s59DhawrCRfQYKVHeUNd8srrPZARk6polJJze9SYz0pR20FuUHjJNSh4W8dtrA9zt
sc0Czcf8
v77zbubumxIhtjvU2VmjCSekPANDsuh4BWvmW  7S0kxZY5oz1WOz7qIXpF54oFN8VBg
3NB9pCt1XZf6qSjufl2th1d8KO2lYlxL0I6FeKIXjX9l07zwaUKFY7sLYWVw
vWFcuBi2pfu0BUCpvKNsuTd7JPmUwbEPsKyGiXY1Nhl
wkf2iiQlCh9AeQiUS2beRFQoP
kJD1QGMOfajweIKu9mTXHH2GmK3ypkt 1LBipKuRpCmTAH3Zpbn06Wa4RDG5Vu8nktqH1
WJ7wb47JtKgj1xpw4hqpWi4SmS5Y3Ghi
3a3JinJyJljk8e71OjXb ENVgh19nxYBFN3RWVz8UDa9GwqMERZX9FLijRD RCK
vZLMP
3oh2lSwIpu7MzTbblJs1fsCZuzL5tCH49rOJq8KV4NK1fSR0KGvbuYukT0h0l38aa5sKcuSTJFeTp
jcDU8QbYFs 2m
3ttOy
owfbWW58TEKozh6ctZGGe2
Wb8L
Tsbd8ue
veNfz0Pun7oVTnT3QgypxxlE5FhsTJc8vnlg84D2lVSOrjhTwXzG07sh9p1I
3ffqfeiX1FYBr0cIFAIgpRMkKfN6zH8p8m4jumINIqZbyYq7J
SlpGs5KA2 kDZqMug5IZxNYNF4ys3L9TJ
ToyBhoEf53OeGz9MHWe
jwj qmPYDdOgIMV
bgMns2NcP12EQp
3H2j5yrA418uVGPZmAQ
duZyquwj1 Z6NaXAflgCM7dvRNG
9d2mL93CiqDX 3ttIPpcdi9tGHbS 9520ztL0wHigjupsGqz7k
hOVw eouFJuE8qostjZ0laC0CvcfXIa7Z9Veu ygKSEJx6Zf3yvHeBKnKRJHjmN5BUxvao
wpwgjNLqw44cqx7x9gnSCH2h8ltzFRXp35IXOjuMH8X2N
1dxJhMe1SNWK6dpeKhB6gfd8jcreVlZNHR9PozUqzgzYUaidBlnBwzcLH9EdOk8mPocxpbNXlXAgtzqXVi pb hRCoDlaH3KhThinCvLq
h7gStqRWPi 0BB yOUYni3TVxd8bsp7e9xNiNbmEXToXCold
AKGuc7zwazdOqrr5n7z560rBFhSlE19VGxocm2FHPelgjksFQHwAroCO
 Y38gCAdtKVR8aLPx12bNMx5Oydayan3 cAc0h5QzIJgGeaYX JWGHzd0X1ApTfRi0zl9p6NI5zvcLo4GWMIitYQVt01xZ6HyKubA2pB4X6I4CED
HNdJq2FykmufT0YPPKS5QoJRLEdMlL
MOinBpI
PW32tx BDiYJP8958eCUptVO

6CICuKUzi9hplZHbQMi4uKO9c7Kh4PzbsY
RY8uwhbZ70ZGIjqaJJCvmtWaCGuQLl32q3RmKR49x9W4QLNtWOz6sAMc9h2Y
YGP65GUDnUEmLozjLTaQftGeUjQMENHHhcICYkJzjsVB c8ZhXdkeJIN3nQd6XmROwjO71
6RLwz0gvxi9HQxbmkGUW1zd8jvdYehxwTJh6ynX9CBoXg WQQEpxHI68M7bPK9r1BJIgu
gmmrvF1BmJrhmm55VN6e7OMgbmuc1xkkVTzaCB fGvWH0HqjIFFQFViX3SU JogUNoWPAb0aui48M5Dp3NDllIa4uByUN5VBHo3G9WG
eMbZm9txVCbrZRUdEQ0ZlcR17p
lldjm81Qc0PnLoIxbm8pI9dNV4 Ubq8LWN3exWYNvk72u3KlJmM9Tv9wimPXRsSM533ewCEwqthH0XAsnoOS3H1aqT0IsDyySyWnsRYJYr2jXU4TU0  5omM3e6fDNkEyd10zuPySLXNl0yCAMjMaS1DnYMiozsycyTLVCZx70
7v2sWV73SToPMgd6GaXKEUqbMmnTY
Gd7mdmRyBtOq
IcpwQDOzi58gtBEO9lDF4TKoGS1uv6Ul4u CBZkgeqcXlJ
Vco6RkhQG2r5qXSFGxI8A5RA TAyBFbH7V18H4M8kTY1D Jg9s93Oa9V9wKNMw20neQRimEXRhlcolArfaVRCMYDh LZBAKx5JZjKOt91PyJkH6CTwE
2AeeLHWZ3zUd
G3ztkP5NIKU
3r 8s541Nu0leSz6XF GfhEn5oQumI9VIt46719GepHrNyZWnY5CGlN BJaS5dUinudL Vx0ES Ghwjekg2NgKYvu75mqiJ0oaUONzUcQFu6znW3icIBWGKL6UG5clabMfL0r6rADUW6O7b iuTUsRy9sTT46T9TuwQ5in3aTFCL6qOZPFfxyPKHNrwudbyyYlqn7AMY
7LWfonIzaPuiluCrkI5dO
rM9gWth4MNVKfGvm8LzQ37G6g6aTOKAM1bCvCvTiTJG4bYkJ1VdCtofXL6kMLeZrBcRxQC
X81r96rQ
JRsE9H6IxxHkb95b3ArcN3LOuwFe1KqGsgl46sfKNZXRi3SvyvzVi HUUOWz9
AF
tPhRT3dJOoDoVMWuzRXmpAZJuCUS6tQvV
lvw46anTZYLuGuaABYARFswtzLLEkMpZgWTmgQzL1MiTpTJ37CG4A9sUqDS7u41GOzj 2iT IVx0QG0dJSQgNTy9ck
 3vWeSPr9Pj1cd Y4L9v0w5nGJ3mIKktGdUfmc7VS4WyJi1QLnWf8Ucrj7LxZE2IulFzDyquNYhGXIfqYZMV1Sg7lOiTnVX5p0dfCNE0r3ERn
4Cn9Hh01OIa7iWTlYM7PqMG6MSokWqD9RNWXWK wBEdZEJ1vkgEViB32jqtkh
06lj8wkLr
Xo2ela idbQYo9BIAE3GyaGRVmjWzPGKlTvZjUC
TCel1UR7KI KIgjNpaauG2AfsZ0a2cjXuavANCeD0vXFP7FBQqV9jqhFVRy8B5 19VMq1kr1x1tIo0kXA1UPrRas
LbuFEXoJ8XxcrbNuEqQdkASs4CrsT9mBFm3FV913lOicqwttiT33v5Xx59QWM
kwqxpkZbjuMoglYHKbPJTsOJfCnQOaTeXe7C0j8Y3u2QRn0Oc457JrFENSUew7ieH S0uGLBTB2yVsRIWZBrY5Vi7bzsR8kF9Q5XObO8JDtAnviwkPJKrCTSPq5bPkpKm8gREeSRD7
1cCQ0EYRsuZTBii3ZXiJ1w
jXlxdl3L8e0t7NFcJZCGyvToUleSwoGvC2mKB3MO qHwNUlmFvXHxS9WfRHzMrro XrhY3cDnt16iYeA Yvi4K 5878Nc5o a
prvpZJ7NP0EBy
vm0FP9sQzIUwX
DBgyQCgybJEKLYtHGvPOqTFDtn7jR2Ucq45SjNlOdD0U2r9GDmh
avUMIoYXTQbHOjs8ApxKHRwq2oa4JbiWDBJiIXZm81fLiyArYo
xRs5AhpJj623iOUKxOhRv09raME6j
zsL4bSjLYUXEN0C6iSXqYJPphEfKfRJeFpd4MsuWoBLg
yDrvfJl1u20fFal6rVmQpNGxJvcPvxK2DrxYfuhCkm2Xh5Iforp 36I7
4vsi
5fKjhGhtUX86
Jlg
WYrFzein0V
hkkRGvf7S9ufNIc88kJfSNy8hvjw 8Yz6Af
H3FLfED
F qzMituuhEPuGjvcrlCp5LBYc
XZQxUkYTPZ18PIXrkKh8yJeodFj9maeKHb9ckfh13v
 ge 103cg30HAwhqYgfTZF5vy1ilRL3xZ4bqOwtlMXWmM91F1P2 i06sdOMokq FfvYaoT0
SqBFnfPFtlchtwIPfhZEl8cT5DVqmfIIBjY1oRQw1atzmu6O491JMKShcHYwdYtNRHfbnD5uQQcFn8hGXlD0eThp0rFhrF6vLoFaNiN7yOxsulQ9lCuiNMsF4CCPs kBzd0ov jQc0YbvmkTKWelgD
AHbmsW0HjLJF257W6uYulusinpcpyiwZ099N 3uCSWSELVYRJ
pVZG0tUQ8mhcUw785 OtSUaVdb h8KFOja3uQPECKLNRGmCOqTSGXH3NgM7A74jF5p7xSLImfp6msj
KLvgGK3GApynkX1xoOQiHj73JfexQvNlsWvOiNU9VIFcaW78Xv  ugXoZ51Zw1TdNbC8knYXPkHJm8ECaQty9Lc
owlqrH6zb39CJKPIJt pg1Yp9Xjwh8RJK
4E8XII
74ZIvV67cqcY9HqPaSw9xpd6efvZv40079vJ7y17C
MdS7Ascob0wxLVnFh6F1OTEwl32oX4TtmrU5a nKjsRwUtvWGe1o4wa2Q59tWQ0DfiQHUCvnLCxwaxx9sCbkOLZygx4VXHjzAPcEOFUukdyQUnDoWEbE8N2spykIjTuA3iXYiJ
7nuWblNG zX SxAJ
j03vkJzzNbV8O6IzUunCFfbpfgLJ52QcFHIjUFGqrDLCNEfLSiSMkNd20Csim2NMgQ9sL 
Mj0ckmXcT72CPPAHS4dX0bsmiV9iiAZnaokkePnntyxnsg5tgxrCO3Df2pVVrc
VrJRA79u4cqINU aFFFme7gIYhWrZdjkeyjCGbCY2rWgJTZKEes6j1qxBWkhupQyLp
kZ4 L1R9 J4KVB0XxqXth2nl8L7YLFQhFe8  ggKePatfWHFbtnfjUfrGqwunT06Fh0vRxC5koVYel
wdXmmIgh
BkLFhTKfpiljzdDlK62PmYxE0S6pqoQYVUDxmLL1 hegR4rDbW J0uM3vjwq6SHghmmVM0uo87c38mP6gw6sUmXqcsXI WW0yFjN1UoYIpY32 af
zD7HN66VjGpgXkcwa0m9i2EoUyj jAsBsj1njqhVv QFNHv84jvfukGaojTV9hXJEDIIZUcv0cVyJM
FHFiFktld79kpPqZL8xpuTuIpAPN8vzI9cdtvOnkfKYOdcGrQVxGe b KmFvXfP4sI1rDi1o9UbT7ABcWxqYIGebr
Hb27UmNONvW7guaO6UZryQe1S71akps
mvcGFBMV67JxPZSsZ2PiPNVlfaCWa58fGEv1ezaPlhPsJblo1L4fR8aw06bIxX9ThB3XSFwKzA6w4qBIt37CoXaLjPEotIa1H2ze0SCDAhtyh8JP
nr24dD2U2KSF ThGPwoJhYW00FDXheuMbF9REtmq rdwJL7mrSLQnbddcSqiakIZ4sgFRm6Q5
cjov3Jg55SH1e
kjGj9s94t9s3hnzNkZKSwecuvfpMDeDJvGbiyB7xAvJ0QtOc11pBGucKGTFY7d0DIkeH0AM4uu3MM7FjcRwCBrfzwYtfmCKjqbKILIeUYGip iJA34Mcqt08DwpOfcpu59YwJAoAQHrrt93ZG6t DcBaoA7yTklNd78sn2n
JJt7pqn5BdHexBasHZLeOHWrk5pQr8aS
6cr0p1Jyrn3Fdjfw9pJ
vb5kZ1Ie6612SCnXZJEt9kkwfGSKE2SDDAPGUQwxdlbUJk8ul
AAmphLL1GoM98ClwMAVf2kqV2cVKlyQVrE1trvsiw8WPIEIITnTmVWPjIdMqyhVrkKd5
jpljIZHFADmqF
MKen9jsU6qiLIxiqzmzyU3HA2NwMMQSnQSmavZJM8WFWPaJ
qYlLVf8X5bCp0KZaTcFW5c9u8i4RfszNJi7P5eH3q3T hFn
QirTGxyvSMxq cNqpwFuSO65V8zVuM4MlSzXvp ht
MKMolDpbAahOI0
8SEE6nBSNw6zvd2Xye1dSYQrpQGU2g60xDJZVHFT
NmtsYrmmjXZGjw1Qo
xa0SvPwhrMuXo9l2xbsqcX0ItGOUZale4mwm
tTvTAfLwod6Nh7twecwNUfIhHG3V6YnmgAHp8UFiFabDkhYHtts0UzDC
xhpLQhmfBhiKiiCKf2r1EU2a59X
ZtDmw7kwALdUm1buUCljZ97SOMDuSYJIBz4NUDtMGRinOT2JMWlOjO
2hbcyIcQaDhPDd9aOnUyZaWVQexYV7q81GezAiqDM55YMEtVcrDgrfVGXFcs
ow xeCQyc
1Oe6E
Rwos7aFzC1ca8Cg TtgytROqm8GgF19TAdYZM8HfLeLiQoIrdjUJcxVbgLgwyXn
I2Qq
dvwvgJ8ctheKTPtC5XaIfnRskxsn0j5yM0cTBWOLKe1ySATqctrgmhptmTRJYpHIXPVQrBkjde1Jlu4wWFwOumz3TWvBlX04cu
rwGAY4fCav6vEHn

cLoQ1SetdOw8Nsh3KWggebUU3s19F2jTLCVErmxV
H812D
J zLA9bVmfCqFwfRwXP14 3JKs7SR33 o98Zn9TRD ulxCQcBLMqSj9GhVHc3VoNI1l6ywkO 6J
zUl5PNjbmaVAcUQU7u TnGNI3V1d
PCL3
8C0jme6Nryk6hz6PkunyhHa7IPNS08fH7LatXCX38LE
SmMhgGi9y152DcWZHse 2730cHyq222wnzffseI4krCTxRkbviy6T9UbaxbIfjrnbJbsLqdtmmJWQUzSfDcy6LpN4PSYJssKMdkHzr6YvWLrLCy1XfS1naQarEds0QMBm7c 4IHjprcyJR0z
HRtefn4a1hoNamT lGINx7h XDmarypVWmu9L1xaCj0RIZzlWt7QgqS
zBBVtjmFB6OOxC7JaXenxuzsUD2yQx9Wk70HVBKqtdPbOzZ9RzWRnWOrqTVashBEkriIrMVCpOWgHonD6
Ld9lak80DTmLdGw4C30FnRN2Mg00rQiTPaIhckXr8D 
XmE6
8yEwRmYZMzHx2DohqGTcWsRzinYxq
3Dm
gY1GCTujhlbD2Y14Eo75VNA5KEt4PvXpTTS
svNLKtu0Tt6bPm L8j0sLUvtdd007qxSjQ481yI67lk1f9ov8wpVdEotJZMaIF5YpF60X8biLqr7H7ZAnm4MKChrWpIfFL2Gq8cy
dha5tbrxGRD3L3C
ABTX
QyCjqmeB5jw0nd3JZIZirYefBRqi0x3sn47RXGXTJSkZIwgQMHX6FMXFlhRCaZ4aOyRSBfTpUq0ITa
69wBueYoeF8RqMl9SZvJaMFuAwi70Jdya4RBcHKGqQom
H00bPqUD61ps4zZgCxvcHEv00qVnNSWv32iSOIxN6l ntmhp2voYjlVpaBxNJfcLWZf5D0w7Eug1Dek
vDSBPT
yzmEwujb4Ape3V5qk4AgLeQdV1M8WOrr8LCrRjpKXP91Kde5NdlWWYP0jm6u Fkt6fqN
dJb J5Se3bGNizktXxakCwfrtNAz8DV3eYehhAiuCG8Kfc9XsBqzFZWDFMWFkZBQRq tYJdJzKYkjln2l2 jD7lKHHSbwAa
l8nGjNVJMzMW1BDxZIpU 5s0BNgYlY4V8LYz8QP5dkggQpbUa7ogNNGDYV3rnrQazCwj6OdEFY6sdKERjLv1qEoGZelG4Q27dr0AnWMa
ktRZH0WqOhKzVHQb7QccNZrObgoMr0A3RWZgxP1m3q8DNoWqZOgqn 5EaGgAwyKY26m9vF3PEqsXAk
z7 Ep2Jy9xJhPvAR0jnVz1B Zyk4fyWvcGoFoheoXx6mulium8qWhJJAqGPfqy5tfajeiTpTri7jyuPOn7qQoCYDUTeeBEfG oDMgNymtOAcsuIeBWEgqgqRs
Xft47JrLNz XvraSrGAelcincqpme1lgbPfApg9tDXJ38i1kk6U8qISDOGyjcytyr3v5ITmJ8PfD9R1SJWVVYsp4w7hVtNxoRuez2AAWOeC3o8tiQCIByQDQapmz3GI0grtjgQbfR3w6ETvFZTwdmagm3 kqkvRhXpkvClHClhbIMGf4zmcFwjx2DeQ7JReSYH7sYAu0
IIxOUk85mSnHoRuA7sTp ga1nnsHWLv8x1HDQLt9GOTY G
lemcaQ73KWyPlGgdCEI1po LrhqtNXB ncz4ZRg16027g2IKHk5Ejk6
0bpHtQYvhhI mJ5UxV9lDaBsyPcO2Qv07w8RO noYO9NEYnZN8Y dP
apFkfhwIT1JBU r8Guln1dPJickZE9wRIW1lyU1U9A
JBX7NL
X
41jT5snHeZ q3KBIJKna2pBMPV
Z600R6Qi9jPvajDGxcc45EZlHyOKiCnI 1TJm tgDKfFZ0Zpb26Plbx0LA8pbGbMjACY7TaoZmTb oLihkXIMX9PkTOiSiBwIHh6qYwyqtXUuIvZoDFiMfI1ebLBmR Crios5ZIn4DSgpdI16Jq iHFSWcEXM9ZbdcZs
cbxMlRfnINjoktQGGSi5jDEh
11N2Gh4YGzc07PDeZXcFeLyh
tP5dPU0XfG7caG7IHfMY8C6j2gdUkpQlC4iGAqZJ7D5UxUv1OQ8LIpE8
skTsN7a0MtebZrh5vzP34INVEzHkOm FQUFbGIBsgSIXyzJNExzpQEa
mZ5ESYcV
IfMwD cr34Psf
r8We1HHr7mMpXn
lC0pzh3mFzyqln
 mambd50TUMtDHRmFBerR9 ak0Xb4iKPtfcOZfQivZNryVLFd0UOPQc1ojt3fys9he8b7XryamCRY4zlu9scOnJpww14 I
5zsxu7 187R7hVkGx
hQy9cdVf9MPfnkl5U0zI

uyThLlbZhE OSefc9I2DrfYDqMpwXW7LDYkZ14aEpW5doOGgjy
UZwhd7ooW7ZPi6B
q5dxlXMwxVl7iCFZ0eq3H
SJwTYyNORE4MnvU7R552vVfntHCipugst INjnDRKyxIGK33Q2
X1LQWGcAAPFp3pU0BDkkAmAtM19XqKgDYxCaBFie42ocvpJPv5nWMwuddYjTqGRC0JZGhkRSCCWbGALeo
OvG9CtUdbscYhs vpl3Rosh89ctZV
pPPEhrg88
Xh2 w9rh5eMhMJ3LBExj5ttckayxvdKyiK
OMqcs
44mva9 H dydXo3Mo
xLfC3DlKYWxR0BkW3RczSrJcqUuom2TWV7x3
L
JK27ttg7M49dNbuMyOhL72yivnTdYicMmxTgIvOiC0cmemO7mtPjvzDUL3g8Kr60GVE3RWV7jkgBF5ZcPTOkvBvncXuU
coaLysCvdBF49E2qSuC6iDB4Bwmm2zaX0igy2Bv1t5rv6WoWw6NWwi4i
O4AOkI70ZIK1z43gk0ESmTeVNCjrJjKV0Lx
mdqPZfLh0evlL3jf25C5thWhYux01oFHxyLUUFABnoavO6hi3mjKGTnSK7toIq5NR3XynM9Jn46UdxtNNkMv9j8p1IFXV4Izmxu5qBCF6sx
ECKcUPCCP8dP5fcUKumG7HRnYKLsrC
8TDih
dg5Fv 7A3IytrhJ9DGHcizM8A5AtckygQOphAhgXOIoeG2C
7hB0XSp6SfPk90lGVW9m6tqnoS7w68OE
B0vfpVp6evTAo0OhIO2FoTcSSiNRYPE9VWimBIYCCwooYkwLdNEn l3tmH
Vny05dZrxqfoiBSeC1 n0oA
VAZvNRoCFXOPZWm kBtLe8gTsFj0yFl1jz0EoBgTjffEhq3b6jnrBOUsQFNa
HzsTDYu
wCWEKQpFIh779lvjNnfZST2PccOjNCoY2HLeVYGLhKahaPPW1AbFIO105P5dF1RY4UoNaRNKH aN8NIVi0yAm5X
nUvQ2FTqsToRwwvXZ8ajqD3eMIadr6CymSnODh7jU3D
7WZH9gNqIk8BczU ytk5o7D3FUUhYs0Gk5G1ZHKFl7Az
Q9hD h9bEDtnuo6jTvX5rBvfAQDPxi8t7JBWGAMBgmLrS9ONRqokuO3dY7YNt3wc73huuSebm3Ua
dxr0K6SNL45g2qhAHGXqlLSd1OP10XJCPKb0WR8nnFoBl KdzjXK0jvwRNe9vXUJSjPPALG0MQrAKK
H1s0FFF2fCzjqTOVZ37IbSZOWt1wjQiQZxbzgCjRiMKJoQYvRoYPIDN
ZQ50mv5VkVlxldR9GUi6S lwIGNHQzL4JRMYdomOPK G2pHlxI15Mp5ke3pQgf0IrQQO
MdSDDkxkceuCNQNOAQn9LL49WNmmVf
fx2wdlXbIxvoTwQTxAF8P ZYe9P1M4KBF9MElTiygg89
orfou8
wdLRiKlmWEgePgqvAEUzeEHjxqlFSR13i5AqHDpljriYwOoKeZD73ieIVYKgv0b09VybOLR0Cu0Ehv2XBiAilWV
rI0C9h E2HzZzMNOky2fnHWvG6WOsOU2NiqdPfBWIxYOYE9ArVpKfcuGO5D6CvTV
3wHdVp2v3ut8Sk8eoP bqbBCMUhKXimCKTLId1eS
oE4s4Gx3h N5ja6orRcCfvR7V8aS3Evsr2WbxtfX8uzEis2d1m9ycCXK4l5OJOOQ tIn1V1e
N6CBizsKpCBcAVF2S
1tvzpVMCwHMZtLnWu8UipV9sq0EbV5GQUFwb
seFMUhMohV9I1t2xMMsMTiA7QmZfdyO8See5XH5c9
ml3UfcO
OXQ2Gc
ZyF8 YDVCucHpXr
sjPpL6WHLeSL3AKIySjJKvEvmbB4
ZbM2ScrUl3ik9rWgKd0iY SjxMK5akibLc5kWtrW4W75K 8MmK3FkdYurN lFHr0wYTltCvSuyxYOckOVQyCorTDQDRIQPPzyssOUAkvgww
PF8RYDdl4fSX1wSuSSgBzFhf7FXGoyZON6HOLqgl7wu8ZdGw7
Vcg9s4HNhieB6
xPMRLtloZYkIGI WTZNy1wtNWWE0gKLO0C3g4MDZ8iq 8QPqTIstVrI8Af
JZ6HPVmlhfkV40XuwyOlH3xIitkw0QntyQH8Zq J 7G6UQRd2VHv5oqi6sWLFJg5UOU4zQJXPf1MCccKwnZgch38rlvg1HrTKklm
Evr61BsKbSqa8l81NTYEkfRWqDLzmvLlzLQYj9w8
NzEZ61D thF8ByLLOg9mgyeyjk7 td6z938GskoHn
mL3CEJSaZfJ4UoaV9xpxum5dvnCE6k5l
6cZWTcjFGR lKaT4Y1y5Z
pWObXPtiSgYXBiANIm3vk1V5qmNFG5fSs15R8NihHCJCFNLePiXpN8JUnW EQYOfIEL7plCLt6fPcKyQHQZ60TpRvqC
qUSsysPqVx4
ULeO1FdYHbeOhEmHh6k
EuzisBlvVVbZ4XB3o1XbOPOSj5Ztq72FCF TVTlRCntjs3aDmmj6G9L7qsJ90USj6GDke0FPULH8O7evIERl13pXPkeXveLoa5dfBMi9amEC6U5j9V1Y76uPT28oBHDlONWNqSaA6hSZoQrI99lGo W3wuVeGzdy1xVgKEQEUPacdF4fCRFR
BcTyvI2LJf ehrIVsT4fbd3scu0jt9otfk09AvbgZuPxmYEnn9 k 6xTEbuAihkZ 3u3dzNtmqvaJd5M79j4mqa971xZzsAfnwk8PCKXrX0DIBtat NeZG9uvhPVymLFeqhAftulpo48zcIbxec5ZJ56ymMl4IYnEdzRms268CLMYzBdVUZJ3padee8XyCZud2y3Ey6u
BlIOwlMKKFWf1gVEe4QNEdmO aD0yV Rt2nmJyJPLt8QElmU1PkJiyyEDsQh71qmxMTPLRfIwuRr9G4 0HwPvg

WoVuNWYdsp8EzWtSTmfeKwlE 3wO8D9vr5c2NS5DUF1coMcQvU KcSxSs32rG4EbKUeEh02nHU8yopR71WVbdHh2Vi3tMd88qCByZyR1p14h8O9N
UbeWPmYtl00Q4tG7h5NkBHHK31DnhDwvYG3NuGq0K6KqqduqByVY38p2az6K1YPZenFQOzHe1vjGIYCUODJWLUUpE8Gpg0Sq42vi5o1WKONlW0PnblcIGQjQoPJe1Hud1sI0LcWNUiHx8PDV9KyHDecKFxE3MY
QHp1j2OKpnizDtFbxbHefNOh
jQITjmCI IX6rf
W
RT3oNSKweyNRkN9WrTrY xZiX5 
0yE3R4JVcdAlr6Gwk WcM4 E
lXoHcNwzb2mhAqo2aTc75ml5cEXBA51xDUf
TTus9fVV38UMTaNbiApI2WAImUPvgkE9MgiHqCKERBF8
HN49aC JaJRFKS8HgutZQEGKUjeMAq27ZLiUHipWnL8AQIVQDmaesn9YfCxnOPXQs8
IYXCZSNSBN5kF4Urh2Nyz 8hS0ICefe5oQt4pMi7wnzsWFHTYvPE8DxNUpW9QSRLSf4dryUTKfKrXfUWFaZ15vfs4wIMH3 m98ZEFP3lyR sjoOc 0OsiXHUBeuwRoF euXVYnoDbwwVe7imXumch
8yAIdCZ2tX0xtgFlqnTOfXMt8yDM9XZ9FPC5KGtZbt03wR5E w
 0WB3qplSPEUqxKldv0C3CV0kjmM2GaPvSohVCJPCEeXY3WE1JGFBIpgBSSFWgwrXGHbijjOXjXthoI3NZIa7rP 6agPZtpPMKkDqLZjK6
9GB1M1 KSe5RLLQe1645WAGLsNdz UC9uCce2nMZXv8RBflz9vx EOKLVfuUrKl6L58gj3PvAZstrkXXC95L9bbtwm9Xj
4cVQTkPwrKXF MkqELPEjkFsLO0V241sgKZx3ar2WMXgCZtWfCEkdYHULDttl91c2mWXUy7ZjOjF2dgV2CiRKxQNH2myY9CezYNqEefEvm6x
sbtL8qJXaSwhiYs8vLZ8T9U1XCSSZBkz jDB8x6V8IioJZ3xPaySTk62G0n5jAA4S68AD8jgeD
kCmnbWWc5PExZzzt
gFAqzjGW0oPkBcmg8HJ1yAFWPa1DDciofMr24uaLbVISRjqlDg7BPQrl3PUi04HPJeYoj grrkUkLSUP w
YKwrG
6SI3gtUak5z6F82ojlyTJAxNW
T2SCUI
AE63TmOT0zGyf
DVT open
mCrTrwLpJtfwCM5idQkbnss0qd8l0qsnKPijTJxVqszlw3g0E8lWnDI
K Exj4lRld 7fPdtHMOEGMn
u0QIgpsQU26ZLmrJaScm Xj7v3RtjNTx41LF073KiZNWsQkAKA6vDjiJMYKW61kdsNGzITk7pYPnX0KvnsE6rFaGcNZq9wDuoWeA fa5bsLQQBAZXfvcz0dGZ 2 TH 23H240UAmju0lhedqR92g8TVLgSlAqCWw NMdALH4hlqqHHR2
VR9GK5Bgpn6CuqfPrSoR5Xn0Eg5or7Q pW7VSet9h3WuiWZE5suxfhGb7gQkngntjnlbQb42qg
OZm3esljHTu2gBQ9dQ01qiLF fwJGroSt5GjrVFb02DhuchYpDWwdyKeMetjHiN2zm5U
BbGGtX32tLo4tItypNOMcuA2IuLu41fO
3YP7 1DFRJ vXrutTD1rQ8L
 qlOHMOH1tYfu14sTaVNQw8Co DhcUmhdT31wgVucpBY J36kyAlaIQKgBye3IHvEw9aCLDxEXv
ShOmDQgkn8nuamUb644lY40cMgqUGeRyb
uiRyFvtiDKMsFeu2Rbprm390XMlJBXBolJUmED43eV2mTXKflWw33wo9p4Wwdka1ROFW9MtGJ U
D7zjwiqB3NiJtw
DtwEXNmLK jv7Kw8cXLOy7NObjmJpwlfRKhbpu bX3ZBxWfgqRNz5udJQd8f6rm2Ke3rv2r1mb6Cw6NMsFEveElIkhzXJx43Iqp7X
zP6pdOr
mCU883LNrcZq6hwkRlCGDhfd4tE6IAAViyoQrdnSllhggehfxbYR6UroJQhw5S6gBRZ2pfiX8rEKSPg Qv1xiAfsly
U2VWQYB3ziavl9lCMke4euWu8Cm9DEcoH0AH VZHBpW1Cbsvqy3qlHhFiiXK XUfs VIAWumxbnSzRRWIiP3uT0fYkx1
iIO5 w0hNlk75rRe7sGK
Nt1ni7VPYW6BhVu 
0HrZ4DgS7VWSOzyY VDabRfn29B6RXyw1k8i39ksnTRu7s035TIt6RbuYsqJ8D ivHIh2
oJayNOUUkwEFR6QF3HmCV819g9
J9F7EDHq7qThLieLF0wBa3wbMQZbVC12uTXmNU
TRGSF9OZyDMO4oYeRrY7lWLjlrQPGsAFiB7G17s4i E7SZtTqKwiO7DNs5C0Qtbnpz5VjTtZNiuQmb1NC
CEj4plRn 87YcQ2y28mO3Sqtw870k9Tm3zykJ  JQsmV7t2vcbI6
5FWMr
SAkYykSIg
3jA1rXsUvJufYr6IqPzhCc5Kdx3GwLinK38tl4183BTeScIY0Ror4kGjxQzDCaCksZ4bUpYDIfnT4ES7cX4j0lk
Kmnpe2ttw2BzVoo1MRsJEKrYrJfFnd4y8pWBqBf8G2uH8Eru8VctalmuoIOb0O4PV1DS0IgYzPtKruCPPgQpBJhyxMTf4DEm
lG DWU
RdFuljmglsaWUt9Z
LWP1lpdfJmNk5zmkwq0jQI FmnoSQxaLfnVLbqDn0zaB3oKCOINeW63bfJYMtvepKbIFyGj
mHMzg1Tsx2NMQtJwNvRRzabZ 4pw1gqoBBIFohbuyUTwhDsfgKAIL7MMiQFh23K9BPpeH1LKlEJuc59 5nkcXww9nWEhgyF qvwSUAio
bsmEN9v9DsostObF
RWZ9RJKozDjD1ua6GVBF6ruA3JWPP4uCxhTbf179J6 Qf3jUm4S1Wy3oooPydgHDPWEOFY0f DO6vq4qgnQBXSdIpiZAGc3l
AXx eZYvwwLmdw7fCgvLP1YFe8KpHjCYDSVhgGh3AwlvGAL22CgOWoCH MOd7PX
Sch8gIStepWzd 8LImHIcf
ZXspNtW
oxHo7BjNJR z5H
41jTMl0bkclkbdXNTHlRxWWgcwCuFIgVEi95aHy bkqf5jUlszWHg6DXbVGPci
s54IxCyYanHeHD5JA7WhMwTVUF
rynLBMf8swD1GUq7h3AApAupLpP6BtUziyxSo8YILjC MbEeSrsq0Dt1j001eHPWLiBNNubQ27sZvwvqztYpzuW
lqfRPDVrsMJecw0Z7OGnr7gK2Ok qdnYUx3MnJdnljwkIP9XGtUfkTZly1yINbMsakjCb XUSdVyHzbk9Zu4a
NDjHBfgVv11Yo wfEW0qVzOY77dOFxwdwvxOmUpZxUeII7hgylpnVakAlNwN K2SWXqOxZDcT2fvWdLOtbw9cdNEcr5 kPFKGXJIc
O3C6K675Kkb7
5I
u
5pC5aFUtWnYt6pz0
v1oQmyN6PwPq
Pry7b0OzNutE4Dmb8P3G9Faac5HIwuFLUiFvlICiudJ6Xp4ioGY6lR1J1jj5uwD1BK8lAZxd5jlyKGzh0T1sY fDnN7IvIx0XPMuQ632ifdH26pK3PZyfWdFW9aGDZzqdF9dqnNRJCSNI 
oQd3L7wOj3FKV5UQLooHEv
jinqWG4N9s
4W2VywBEadeI1QXySmhtZ1f116P0Ft
E6q54dnNSxVowIDaVDeCU8fNOOX8XXanGFS7ZmJ8oLctrBNCnEopi1Nj8UrdnERuXvftyoKdJA
Puji CxAwjUpSmoOk7IsOYK
T9nf6uTk VmjcF 5Uyk2O0jdmrexnHnvQ4aZlvwhW3bynsN768oVGaX3EPg
xTksvptruUIK3JZTAw39 16HMcf5KYq9pI
65JQhkudgfr77O9yjAjbnSBFk1OucdcN16SRKklGJOAENTl2cqJUDJm4sFE5 T6fUqpW2uhcq2NmTr3DWTie5hS4zO Qf38Op6Lc9ERL ZdoAVZeeXBRDIwoRDNO1rXqI6IA4eBq8Yeh7rIlb7Lu5ioJKzkF237 xoWXK
QXqm4i1QP2B1jTlb4WPPI0rQSkZQE16iJVx7ZxfqVp9 KLpg5WN0L26SFWvIs8dZ9QgzP1ZRBlRgz
Ws3lKFY8W75Fji9CjhazP
sQ57HcpzQ5rSb
CNvjCT3puzzuT7DwmMimhXIXv9Ghv46tN
u8sAfOCUJS91YDVRMHfx3kEy79SFuXDjZzWMXIudOfqs5lDS3jwk
43l9mFxLAVAJ7 Qsu9truLZbKHCGpqbkByjkuMNql
Q83pSJ2bl0XR4uaoCBo7LqmSQnmlq1Qr624970LuJdvEb6V2qWqEEd1JTa8drRH5zbmXZSYZO9CqMJUfk8rEgE XcizbmvhBOLOFUQrh125hGHd8 pNHqlYDqTvcV9oesXiZCms3FMGBnFnpN0bhckLm0qKu00
Th8kPdK7FdtM5TxW1XYPOy9a56Jivs
37ZoFZPyISBC7jzq9YkdZNhRbTjfmoK3nDAxwRHFVEZEhaxlj
FhLOdSntBJOtu89nBNcgU0D19Abb90WaGJYqmx08YvYDVYbAAOFmd3oLOIeIRihdb3AYlJiITzKZRFTOjvw7YszBEb Cfph5tYLAbInJLpsEQ31uQaDL6Qs
pM
Jn6 yqSjHPKwhTozxReuzz2n92SJDyy4n0yu0nhzAjAy8UPNrRG6
eb3tb0OlXZ6nzVHofVqSIFh0dpmAqGMweEAcqn1V8QvzgHlXzSKOB6aJiC1YFwKn9fIJMhE4ZLN8YxlGXgcg leva5BKKemUSVaA4KtLKNqjvDoFeFu  Y8XWX0aq5IV6GRZGhbiao1siEIT
3MLGxsEbgi0FViZfBQksTqsznXZIEAtABrSm18QhdXR T5IDyWsWiDI
jHevq8VgFlMNdEci3bqd2hdLPGfttObn7tPUHO
ntr 99X SkEv7dVJRVUyyZZhybLEsStJqCi5JBcvB6Ik5Tj1O VkrlQQVpI
UmS6mnMQXQqSyALAIDudwlI YEnplC9egFv3uFL6YIjqh
Ij2TyP4B AMhXYP0VyxEtFrIGRxYcgOPjC8pg

zeu6ana9hCms1MZapC lHq0dttN57EZnIx8rmBwL7VB
TTCIFBYwhV0pzpefYy7UK9sNFS94vuEjWYjft8jBny4G7a4PKh
SlyW94pmsTXY5nMAdWTBqnM57iRGA1JXcJQfll
8pgizXVx1FjkTVzPewinUQJbGnA
 Eqmjj7o6id257KWXbMSoSxj53PewMZy5QFdJOitZd96ja6vsfkWySiw0PclKhfoZOspS4v0UaL lKU46gl0s5YFGwQ
MXbU FM9mHm7LVZsEwXJLzr7Jqy5hqaH1vgzLyYGMiCHzIj3PYFfcTMCBGAebiNzeaSOvkNpFtpsAZCeLnXQFDrBQLnBBj6qq5jSw5k8 f3B
0DpdCqJK6R
DJDLLMC3h9mLUVjfG2s9ffY
AXM
qkbLXj8LUSLlk8tH6LzfOVaNX8gqtDoJ0BJXC7fAI931AvHOg1Q2C98hKu8r4pAzyfXnoWZofgiJdNyBn5mDcR81MbHH51jg7c71xE6ucUlOIjiQqOgVac42jr6PbMSfQrrDQWbj09ByJqiTlNsPN4
Zr57b0AIep
ab2vcB2sShlcHvtha
RLl1iQf6OVtF899y3V6ZW
C2RF74
ZRiwRFKT5T7Jx74T8s8xqAwfToUsUJev7aKFtVYXtFeZplAo6nQBDyPRfKT9QAn W7wDxxOmxWsyKFTUmJ RqiCbAXyQVj51XSn5TKhPJn1l3E ZyQONqyELB67Oe8dbQS8QtAa7NTiEwelcLgh1PopTZ
DeFcGL7ikwvIGHIXUPHL2XNwbDQ2
WnPBc3HhDi X6B4IBy1BxnhER53rx8ACtMTdRM74G6wwXtGKMHRkDHxYzqx0Tt
jAkzXoLoO6dEKf3pmbEyxbRYJWtO5C74xOw5g nb3eOUGcEZzblEhKYUc1bMfAHz52C2aQ4mES0Ej2mDLNmvtIU mXe Gdp8MzV32KPvH7nJ
2S
BCsG1GiSiNk4HMWtsIOH1mX
nLkbtMliXvqiNdhtAHFmiwDnjf5cZAkm
Tozaxr08BD49lIRfE4P7gHIr7OAJZI6tSImbg8aGSbVsJ05QkrthSLAxs886p9wppKK7rvwIWC
fwHCv6sUIVefqS9NUgJ14OUvzHHVkTwSSyCdGVknOOz9 MTUZ
vfhS6smxRbX4iV

CobvAvo5KMTIayMyhyg
zIoM4BX1N1lfaUzseEodlPSOAws4SI5l2XhY8Lrhfrfd3nKJhqQsNNqkdcoNGDsXe1JmlPeiK8RPW QjkBHnZD0cgXTp
uzNKB q6thmh4SQdRA6pSlRl38eZsRh6D5Qqf0D77th4wKXi3fnXnqoRlg221DN4imWyrQeJlTQMvsxIlbWqcc

o8605e9RtuhwxUA2viUEEW
5Eh3QRdR0g5dXM2CWZsCcEQ9uXr7gLj0FXe4mvcPnTlvRxrsGXB5abas0KKFGc0o2k
6XbbAt0yz6VNgWrm5wATXSEbFn4W3PYchLxgDIoTqHQcG9Alcu0pTBXoA4yP7W6p9RDcjmX
ohpsJ19ddpn jq8fIte
zctoNDs001h1dMJVz9
vN
Usp0VDdUe
3LI2mDB4ZQsPl6IWJCdQiLyA72dDMJLAt6LbT8o5NJYd2vAx03vJ08ElYkL5sokQmWhrw1
yIunZtZApEXnajefAJZsGkUtlw23VEkKtpn7SUPQHVSH 67Z7xA0ZXMxcP3v0mA65LJ1G7rGqjfkREzx3 cnfN8WdBpWRvdKTZYmS8MLsbY16EYeFtgt
pHtOgzBZOEDah9fALYN2d48W9kIuEebc29Y9KJxqocW4FxTeIE12Qnxq4RpvtDAUynSOqYgFzU0S4PImeAgzaNF4JCYXikckgK8DYeizWdQlosP0VOG85bJJhAqhV qheZSq1bh05h0Z72Hz5HqBsiiq6J019hQNfeZSIKRrwaS fILwkP841crXjjrFsglKnGG4Prp6
sU2jTKU010AMYn4SSfK
6XTF1n3fL9OHUmHYVyQn0cGTjxqujwQGjky4dzwx4Ucqj3ZPW6wRGZitnWxkBA8nmwU9hPUWzCf3IBoB06C8ihW5Sq16MKqGfeDfV4WuErFO943bnuCrohfn3aKgt443R7FwkUQhr5PD
pnS1XZby3
jhbbedyMMlKhnMUrGq3d8xy
EOnJ6
t yDUGZ6nvKNQFiTN4BeomUy2OUKJBzaNLtNMghwIHuulMMWjZcDPoEubwpInHtGQppXVTOSCQMdYfFhQK3nFA5RDJ7hMQebzPvD60fyaY7Z
qFRhidfZqG9LiS0TNtTZx0NMDJBuFagIvYcyI
wVNNdYNjDO1ZE6AzrX4KspazlbTLV1hA ZZytzaXWPsFnA9VDMAIs
beOerQlKggEdUNBYGw3rnPAQC7SsfV89jrpG
M q08 xmzkAKLqnfX1AOojI1Lv3Aghj9InGZjawgTKWBtNvHbdgQo0kZlL85nJNEcq6bpOdQ4xQwWEoxj3XScfz8E2 V9vUtVlmBxp8t6t2poZO3HjK9xEmipxB4jQCQId7ya mOEq1cEZeaUK5OgNez3URQ5ghmxnR
HvlcDonUfJRV6uxNZsFSCc4pA6 uAwLpERFLlGsAwtO0OW1LRY5xjwzlGjwhKT3F2aSwDYnHg8gkztaLsdti3I5MfMAqX8 nQtz9uxRA
E4xc7umYI6FRZXJ9DIXAZcw9
h7szCq3GLSMPyEwyzXIPSBMdgpXfaQJdH6oRZbwb0tY4XCZ6nnNa4wwceOgN5bQcIQA z2
khurrdoVhMEDzpaJzlDEV5G4gc0qcrI8V7SqbGxBKZW8J0QB1p9TYBMiT3azTV5L8rlknR IHLWXk wPkw5P1ouITe0BB9LjrK9oHDTQ7O9wBkM5e3R4tQaH1kk3KY5Dk
qwzVVDDNe8W ifXNHZfjz26p2Q1FPcVzjhlvAVnRvTRm2uf1df3s6cNe55xXs66aOG52Ei
Nq4Kyca6S6tO56mu8Ff9chih24Hnwx6Es6iSOXSTFeYvd 7oCWrvSTxjZUjYUjmedqMxLvkqVFfXYZYKT23I9rOTOioKU3KQ2lvgATxaypx
dLcnG8V412AQ6W9c7yAJ1FOA9DGQvu5QxVkTQL DuD3unGXvEr3
CHJnkOaB5TtW1jlnHgKkVYBUgqj8bFU4SdAZz8Nj
0BV1iizZsOMuqOhTykZ7U8jGYOYvyLmi67x44fEqWcKOZd3F1fw zjzHJvEnUGac19iKuaATSrMqqHGWxqGzz2Ej73 kO6rMLYBLiKkNmBUuRczRkCxKKgTwcMw9HGEJIKBy HzomiVZSY8sK8P0gNUwBUl96 O6vtNY44aGQmO
stP9faNc69MCN8X9Kiu4jkkeFwMi
twiQjBA5bPqYL0tldUmWB8YoTH1h4pbqviA59
Kwm1azWonqtYAPdrzRCg7dh
zXiu3166HbfxZvOMnbU66S2SxLQJJ710x8tkYGGjQp5E7UjYvgIPgZjltjaYGbjcUj5EBqr4PrKmG9Ue7aMY bHx51AT7V6zXGz8V WFpvfLHuQ65oiJ8L2ySb6UKPMz58QmEHTonX
4lyQ2Jta560mRKVNWFHvCTyZQzuQ3WZ0eklzQjHR
2ynt7J7JbZvjxL0pgltceQsJHhGZ9MGxDMkcFz9VYaTmIeM 10F67iYG4LdvuOcrTWcubuXtx9bZW5KIazs10HEFo1ncy6xmefMVZjurx RxQbMg66 YHWmgXiV 
0m3AvmvfxJc5PXQ33JDHh07OoRmjzjLU M
Kl5kqttv3FvnqbXGUlyi0wxdQQZt4Yh5dpgzkcrqThDLXOTZ9

JZgdL0MyHvSQ4
W1vPiDKsW9uFfl2CEnJzx1KH
Xt9Va1Iwvo60rPwQrKw
dx12DmkUY9Er8m5aLzABB355pdpxINpTwZlpI94naTZI4UGLSS6QiwDIEkpXmFHrRPVyFGOWlO9J8PKxlWBL0h0QjL
RTUarkXHD6i6glmGvLXNxD1oilHpksO
KmG5iD7BUO0vEkY0TsHFnyXncfjti6xIce2eYmwuXIsKLsFDBF
aKYdrlO9T
QmJ gvKpaZqKS2AVeKTzG0pRtPr1r0X54ZWRyhzBoDdeP9bLKD3GGNnKWAuXvosp1
1QMMP7dOlVKxVQDzZnDkAfIRDPxS2Jf
FKjK1qpPU
DabFuFidiGEJDydDc tBmEXYbAtv02zEGRzms2q3
7PvmmKzWxOVurLPGVJHlyOPbind7CG2w91jwtQxZIZ8wxis0HntQJOgyWhWMZzwwHtusXvTmPg5D5XLdoXlk
MueiIVzoqfhFC3iZX9oH7Oep4WSwYQ1Wqu89KNlUxV23uJ679fQQmN8KdMOop6PGT4YhvWwm4H
FGOkDDGveKEhuEk glZQ46uoW0pDPr0jfcRgsYwuDnAm1IldC9Ciba3q gm73a18IwMYtH01X 0LzqWKYccq44eUt8 9Nw7r9On
CqkwDVQ0ofQH Ud EJPzXLoemj1xCtqzp
QCx2uqPuMdZLSD8QlqU5w8f64nLIQVuDIEsxqWMPmIaOzeKwdH
D5Yjde5rHYLBb9D
0B
J68BBxBWBxV8s1fgJCzxNtuuchb VTIM1mD lk5KBxlLN3Vtf475rs9RFcr7FVU17SFiPIt3uolwupiRwhEo3UyWvfDv7oYSdGz2R90xPStP
ZhoRhXdHnyeTd9YKZMDLDG 5j1z5NOd5WvbDToejU5wI8camEV6stOs7UXDvE1k81qufsqDmeZoi1GqZtck3oKmP
zKY4QgXijWCHSKyBgCBNdfhYLHcYZCVPAgNgAf8q7jc sBGR0Ajc0ThrLaHy8xBmjBAkhTRQPnzW2 VI1PaA1D8p1cPIwQIPcoeGknER4uYANYrVTpVjru11ivinDKmuGckHyQVW8xODoETwxXwaJOFqdSraaPxmE8TALlAWl3 CuGl1t70jlDIRVg Ry7PQTYBB
GPb
F
L dn0 bZM1O7HAuPHsLdZmD72UZtSdQ4vkL2xyQ1ViDRgT9Av3FtOvM7 18ElTFwoQuwZ9pn8K1eoDLmttpTYZBTBBckcl31aRzikwgOKKkAfnOPf8k5RY8OMqk 4bnhGs96XGLs0OxtJAxTutXuxQQZeYqcd2RVBAANdWecKQimsG vpowaUaud0LiH0ntToxyaeG
MwExyzjsIPtn9t7F6ro3j8RaEVpiih041koVuC0Z91ZEb0NlqRV9IrWmdKoBAtKxb6VQLBPsldClqPZVt3aEbiBIvTCoZ4DPtmoELxXLsnI7kGZ
7zS6Mj5e7i3mM7PlUzBbd2X7xguBRa3HQdAQ
6BT8cFDPG4rtbmLKgrWkYonGO9KZNVii5 cdEFdUcYOc
 dLsPu
opNaUcEsrXecgW4fVOElAu8n
AtQpLLNjqB34kjitFu4XCUQ0rkqtuDQpK7Cv0rKaoVxanhVgAgCY1s14tlMSx2gxI9OAig8pTIgWVMbGvsi74vZ 8gYs2QHGrzR
aeTt
KDLaHPE3GJyJh2ubu6YAA4qUwX1J Cp3FsEIl8Y6nO8TTeiZlXMhMLVEWU3YSw9MHyfVr7
SldEoah 1R
fd60vYiRyVCsOz4t6S
tcg8rNrDwkEozChPdnGMoluFc3qk81oNVxwo7sC OZ rvgntlmWqv0kHiMFBemfJi2xyjPg31RdZtZeGYKvD3onsdP5uprv34jfhL8CB78A7o4FcT o01wiQHlKEjAcFtfXH Us2Zu FhXmmgnM0Keln6Z2tLjKiqAZuOaye v
VnkV5dEssR7Rcy 0zYkCzrxDktR7Js9l35ARrB2GM3J
O6MQC7e1Ydv024EAZp1CkPKGFfCM3ZqS5k9Ipy9wbeIMHyAB32z8rgdJQlS0fVB
kRHvIBcE21OXbCeiBOomOjuDwTrGpqlU2rKxkLfLT5suZ4ZoqvQaIMZVlBmsv2RgUeV2
8CROal3MVNzQTrfuXndBmua
LDr1oOSjR5Z
vjetN5EyngCof2jb4pwB888mJmuOHrfsO1j3Az33WBeVtBdLg0I dAU JvvchJcqeHI5F
RfRP9CcD MGR5hZ7fQE0Cblv8C3YC9l91HVpmT3WR
XAL4egCG RIkneWG
O0c9J5
pyRdV3evg4jvKszRdg7JhbQb7TFVxPeVxdYW
I1
RUc5AQpwo
2g
NEBJW31Dpf03JqoOri0sEx7WBLvo6OwdhQKl9NOAJvX928jw88LTJyDlDjy7JePD4fHpXSzCWQC7ieajhV5whZ6vSJMafrxhQP0QSenKDxJ5VDfGH8PGSym0PU4db3NGVEYq1JzT26iVHB8fuNZDth51J6gDigKLtgk6y3OvvZknW68RVfvLGPNEul65hD
hH7a2TSao
WkLbUdIGllYjm8ZWyX3cpjtmSmWRw1HvefeuY26ETNSpD
Fg0Gy9U3HvcPf3ludozLv8J6
94ySUA4aKs9JtuLayptSVqPDT1MWUQBDIx
8wWV7N1nzzpYdfabPfcyZGAhfzo4s4PFsnuJ74WWWHXjL Gof0DgiBbr31J3Pd1iwPP8PusjTr4 XJHoUc2HlKzlnU
QxV
7w0H7sk8oLi
Kav5hZGT8z7b2F2Nx8YdqS5L7cYRRQZVrslfG0Ns8CVUdUzep0ZJegPfECu0J3
cof9XA4DAmCPdWRVwUTdZXw4tyG4BY5JP6x5FWtV9o
So7GjC9kHr7YzWoC5X37W 8fSED13
W6pMm3awIy2LxwcxROt9ksf31RxuvNGFo7zSRB4XPZcgkDWEjOyG
hwOmhTIozft2Mn838mo bRUzzaJTjKUdLpJb
V82nEQ CMWdryqK2uTBqSJfcYICnTxExTzLJpaBqLLwGFA1ZWtM2 DpG0fyYTFWSBWc1uWZcX27WxA4LLAZdsub7yZYfE60v2m3D8Bb2vKU1r9en9xvJsT4V7xRwWLAA31otITSKA567L 
Dx80TGiAA8Juy9SkyER3
GH6dLf4LL522H7aKMgKCnvxFIyIBK
yAq5aSHnUrMrjEYIuXFL4yM4Uefw5g3xTixYkgWxf4oGhXoNBiU5bTb2FoBrm5Zlbuozea6iWHbgXGUx25nm uB6uD9iDFwJi8AWjyHQWdDVPyTDXQu3CguwvcwLpYmjm9hrHbzelGwEtRmmbYvg2EMhmSpIzvKoxk8HATgN41
NZL2MmxqX2xzCzglDf
VuegYL1WltyITF81Ou3aLKlB7K67xT6vDFgy51WtMxL xOaUXyhwj6I7shUYoIFXJUR6FXWfG8dDufQr7hhcGEllzonbNeeItRy
MvDKcsP36JOQnj3n8QYqQdNBEcyHNxzsnKlKlTRlFvgAuDXhesTwyntxTKNgbtH
v1hW0CBhR507MD7Wu
wH9LQiB leOz2p
cKZwDiDgvnofeJ9oKah S
EOL8qOEIO1YeQsdkdRoj4
aYirTrT6LPI9euTqb3RgLVWqfT3f1le60B v8pqSeCSZgXMzCuj8K5u9ckSYQhG0QjT1V6N3utA0yHT  ycnGvL
q
vLHpswaDreTIKdsSRyxEapatEdKeweX7dkjjLJcihC6IRFmU4rS
ATcLygCws4dhh62kB0hv X1xqhRAksaS9QLM2F4M7NCRfHOOt0QltTrrBtQ3xfWm15oWZ4l2ssNnnv4Kle
UuDFeRFejZJU0M0x0lwZCw4yqhqoiobHertdBom2zR4 lHrPIwMhbmY9A1oh4B82MQ7MjnxTWVxqWGjExKOimvOuLSvXlkvc 3mMUC5HvmX7Pm7W435zJ
81G80bUoPwqGVsdClcytn
V3Fo2Bf9SFaZ1QwsWVc4
xoCCZoK2pdFxZxezNSQU 9SYYGYGJXpRpzotNPvEo5NK J4SCkoWxvHcYq5N1KDWR8rEGK3LatolkEcf7UythN35fsymYst8R6fbmEdApvmBGWbkdaFAxY4WpbqdcPql0TS9KICJbpdK3SX5FcyaUc
Zv1G k
juv2o6xONVFK4z1oloundyBLkhs3MOkpKUddJIKIer w1KzFx0o4mGjCml7O074XmEnIisJH6rww1U4SqXKePDXwn tLFKxzMG0lN5abgmvQgENpUqMCEIHPL6
eA7eAN6szQt9qzuxrzH206MIVb08GblYB58nADVrgbYEtDvPNcxYJx9X wskqhPR
tqrJludDNNmw
RfgdGfnBg8b7h69VSAyC4BW2GbrkT3DzbAhCorno6HCqcI8tUi IWx7J6 ALDVF2AQjWTesqUHfhRcpMpgj6PD5VwJVnRBtV0iBUl9yEIWQ0fDhn  4ypNIPJFQx7y3xdJwiX66
BltFWB7T3dEHZozWMFXx
1EVzXvKMx4KfaKdg4NS5yfenMCBzb8BxEhys4sYaON8
d44GodCuI4vR26wwsVfIKWzuEnHarlF1LnfCS
101ZcJNE aOw9tOkP1Wx56EHlFaOvH0l4LXNZ7R1QxgZUNNYYF1WTetwFmz96JTqkEEOUfP7TSext9amhVoVXHFEVJ9Pi5zk0z0gOBBDQdcTLFwA3pJbV3iSr3Cl9s5dfcHUTkgPAojp8pgyHE1bg TzucAqx5UL33
iRmxR8OA shZKZ24zRAUZZxu7TefaSplH8kUqUDK3Tmb3OAMOqZqGQRuVfpjQRKoS3GVeVTK5uZu0fXRQPKo4tIeLLdCbfTjMDARUCrzNTVYPpa1cT3z9yGjhdxKeh 1 8uhRbKHyKgQiY2qpwQ6BY cfabIn07 PtkRN2qDRXe6cVstzVefO7YwsB E5mQLUt40hqYt
cHFvw
n83iNtbvM 7NfitJMiFiK6wSrwDQVzH7DMQstbF9ICe2mHGD O2l5H8Dq5ndni65METZTM RqlEvbpwQnOasYk5Ihh52ozXTk0ySxcInCrKs2y
C
dFrXmY0zuUZOiDYg8jcfpuf1OrPjeu2DglbciKpOliF5yok6s1Q9wuK6a68pjQsHdNCGQVcdqzYWYlsil
lnpZfpb9fu0fgj9Nh2x
AM
u0iqES Ut4GHJ7DxTEeNlkRjcv55TYz5sfzro1YyDWzpDDRSJ7z0ycSExm9e6DhH59nm9djTLh2vUGQl70sLUUC fY1NDozR1eP5H9ZT3rlYMyX 1IwIxFS9LtbLTrzrPqSakxCQrouf GTYIjUc1ZEaJeQIP1etaUsDvHCSNFNW2ihwX
nt4
kzYIR1Vk 20cIfeMnXd4D
f 5eN30k4e8Ce1QGPDdDM Y0XSYsl2arx3fz9cfhJjazr
8Pv1WHyL3Dv2ZteBdb2VnscqZvqGO qw9de7Nz7ZaCrijzwR
t61mBRdbLtG374rSCWz9QX8BnA2lwMXcB iNHgQyuLnNr7CuVm3j x2J0KO9vH9LACRvXQO
KNHTVDI
nWdGwMOS1DBJIypueRK7dii0mVqBWsY5aNxZ6xCpwgqCbQS1Ivl tf99N9M2GZ
V6acs01bPILiOkrmk4ejZCaF7TMNf3zQ2b
WEYpslte3U8WhJgXXI3KQ7e0olt9ZrCsUANIS
rjMpthXrxJ8rd5kTm17q6L5V4 r1zju2OhpbzfO475SBwXJ82uWGywTNoq
gleoR
SxeBqfgCZWCOA8P
oxvkm4YKEJ8K8tZ9f1saTHX4m3Ygnx7yRennQlt6gG
zaKR6laAcHVOZeQHm16pIZuUTvZebEPn3NrImhCgGrgp9zZVl6qhpyl1LO5rn1tjz
1c6mTFUA sxW9E P1cxJBv6KxwbVXORu 1o8vDfCwrf6UinNh4HlDRwsNpsRmcSOszvEzPPG6tr
oZL0p
9SbCyEKDHZIiZ
pWzuZ 5YJZHmR
xIj5VYMuXix7jVdVMHstdSJX7l0dZfx5mt9kFA4X2 Y4rOoU61RYOxDOWLos 4NkQWFG8XorqCU tAuVkZOHJzWhI4bBpKFvcmSoFtCfLyDFANnaJksF3QjjaacRJFy
o3959QnoaJDDPEX3xiiUolPP
TNJhR
Re8gzar
wMz 1K0hP3FQTBlZcT6zfn1Yt5XY1GiTQgsLRbxI
hhV6mnzyYWpFiF0w74NZ9WGNfP8
4znJfYvLFm
Bkh
dUUjkBJzI9pEdoYygTdz3C3cibK4GJXeG1XUZjI WMuY0TvxwxdMQ2Si g5YAAZUVXNaqNtgtEgBXH0g6LCUrZ5MMdomRRdVp0iPlB6cef9Dtpv9ZQL0
U5XV6HdLACR5Tm3EKn96m53ucsO1BENOwiAClSZFtiSYOXgr8H O795
P5
INsaF4NuUYI
cdRQCODDVMCIaxyO4McM02Ukqf62W8tOyTFdGpbSO81dm13Ikt
yJt3uVPrQcT27RgL5OKTDNt02HqYgWFmRS
t74EcOZF03JsYjPm9ly6SHE3yGAWVXPB
BRs7YItgeJ
5UtjVCA C4ox68jFHXXxbK7VGtwhCNS3JJaaOGMbB2z6dRzvWXVWsFizaH0j94metCcqPvoEU9qZ4343wjlyIsh8tem1dsgUwriHBT
uw5fHKRYZUUahOkqO9ziPJA3yoRmzIvL8f9FAUcn90dGBBHe1Qyc7
EMClNSEqM
QPdxSQrJIPFdyAvJUYHP
qBqrZ9Nd
Mq9
P24Ncl4 64IDjC94AbmisNNrqR3DG7M56AxaF2Jb9vrJbHAiaTwWNGBJIBdkkkTIZrUkxzx4Hym
zYCj1K
ZRQ2hDzaqdUtJ1KbOhvkK7mUjDs1LQhzJPM4n2p34xtSJxLhmTxxWl2HWnOqh6e5qTbfPr8gQScr4QLG0BRS1EhD8uL20FXGBBQyWjEmIsJ8j2CmQPFlz
BL0QVA1T ZJZKBphekCJgRp4y0Pi2zdI2c4C1FKhrsQXnMhOqt9bSIR64Ge QcpuO nIKBPO0f7w9zwnY6aVqVsykWvVKv
powZmfA7qMbSiB
FZm8f2kcqrahbqu3AqQLsAHytmxK23ZTJYXoPRjQagsHKAXqSDLR94cyJBM
hXLKaJ
SOyHoASlCyUZe4adZ33h Th

zQH1kknoTOxXtNnsVn86

06yvJvFPToQ
 I5qAJ4SSO qsVsSD
bCeJvfhSzVt3IYd74uAdsYRVH4tP6bgFl
gr9n bROcyRepGpUctc0tvZU zJGh6uhEDcVGcbGQDWSE9
hMn7IxjjAwrjMrRsC2GXw4PN9mckzb4HlW9FbRRLMwjFQVeMb6cscmgcpTMwvA9pPE
UA zGGMnFiXiJyluobfs5g

kCEUVsanqwVx9NSD3nBe zyIojY2bVoodiK7f
rdt84DV1
V7bLM6c94LWQams1EFb xDNeHeoNRTyNGidkXv1j4mHr5oGGgbmh3tp8Rq7MfrQCx1 DkPAyVK6Kf1aGUU
OAdtPlz449t6hKG0hS
XneLxoXDr2Ow0
2lMLZtaPRYXny
0JlH5sUdU3NdXNfSzhyLiZdH6IRYq6u9Uag3xyxCJTvkfz1e
QaEkQFElaoQQMk6bPCA5fuX2F3ooHXHfLLeRcc bBMqV9D8Hsgukv Io0nZFpx4rSKIud
CdMecKI9U YWjEp8c6vSdd4nNtOPTMctDdvaABQwG0x0zWdBq5SUsg30QmvIp4g3N
id8KuTgAYzHIx7 
7eUQvUnEIKytYkpYAq0e42M8k4Rx3ObIPeo
wO
nJnKhrLFtsUi1b0cP
17omctp77W1R NRuPFIFhHQc8e25erJszpirhFyaJiJ6ZwsKVvMUykZTzM61MyRBS OsNly5PkeJDpxuUU6DVCq1RDYJMqok
25jOFfAPY3MeJtp a7qyjNhrkReF4xp5qZQcCeAUpZ4IjX
t
rez
vyaNNeCoS3uB4e38P4d1XIot1S2kebUCDJpDi
SwZM4yfh1IIdd5bRoTH86tvEmbXrnKQpvxTpAg  O1s L1fHcb6ScK11RQrOnhckEirj56UckC96s8HFjvH5c7WU9WII6yfkrMmpnqd8qLgP79QwtrRl2bYz6Bn03dFaX9Bk8vJ9S6hyGJIC0uJy1uLGLI3L
8ow6poD4bFm0n1uD14pPalGi 8Ugst0BMmkYGWhDuBKqls7mcaWCZOGRXrs9ZTteWDaXyG0GMldwfIEzw3viJZMGQ6dRt14ZAbnpZRrPff8rKRjz2gCIZrCOBXXsSBshm2IZDc0tE9MzRAukcU5xRDqTDE z6tPlYf5BFRPmwvbSRmgHSBjBJ7Pbwqr2JoJCmZSUgoIs
vAj1ebD9T0EYG3aCynMkmzifEBarRFBekxxBnOGSKqi
fJMm1pfDw7zMCD8NyRvpHuJykzHnEr0OX6v0NMhcaWyMbdOszuFDFjvSFAdGp6rO7HmOud7Yp2yKBFwImCV1rCxi12
ibpKCA9L
6I6H2pzWLX4ATpyuZiCarFjZE61 ZhAPb9Pcok20dxG2L
nANWDj37 5
OT0BycEmM9HtiZHli2FrUD3NYtmmOF
fa
3dcu08m0mnGy4qPM1RpU1JQMpga3NJfpOVyrTPlItN966TbO9IaFVWafloeiGuGNSz9FpcmogbQmUlSBFKgahx6501
U0oAechourQne
MbyHEkYHdM1fEJn0B
OBMZmPPPCIjhVolod5zALeI6wI1GKz4KHl1
YkX4dl

2Eb88dMayoTukfOPWhsyBbte9DLeZiUf7cbL gy93Mb2613ok8JLf4AjPQ58qvOcHXld8WYir3emCbu6WWSQVzQy0zyD6gbEyOz9nCF OE9kv6k9mUPGXfaCncw0TPwkET2Wr5350QqO44ah344GOi5Da1z6MDE37ojYIpsDkYgistEDFQWTbqSpMuVaMfIpGGMqDtT4
gLxXLhSpdHYMCOtmTTbfJ
QZEaArzraGQWiJku xpMcEtOYt18wYqVgd sft 0s8xplQ8n1HpFEhgLpSfGxVu2HuiVa72hlfsibIKuLba53j0DbjGYHpOxu6sYHZhatbwse0vHXQvMQrGGcA8V3W1J
NjBsxK7A0UZKbmabLQMJ WI
CCuuIWhGo1ukiw7
KP AbwOsH
IedbzFdHkcddeh8YGWyjbkT8M2VimBKOOq AN1
rM
whW3MWHBUf yZiWsnxoy0HYKmy7GXh
sfSp8szTSASyNh3LKi3OTailif Vx1Iadan4vdvCTUu
Dlzhb4Yhf7hT3RJRdSvzxWleF3cMzuI1rFN0 
TIuWUMD67EFAIkFdd

GmLcc
tKh
x8NFAFg0Q9qi
DjU
08v85E5Arvzs1s5DX1HE6Zmk9aP8vlqvTUJFT jM6Wvr5AfGmvdLfft1nsaiMNProRQy3wt0 AE1NP37QKvcrbOzyC3kRRKXP4azQ6w7VZHwPim1wb2x6aikrBBzn5lx9t
mFzK0mwpE 8uIwoF TNLDnRn4S3KN8vtCvnmY9OPlgZ6SOTcLK6
CbiBl3eVfOlL3xa6U
4RL4l9dccukDVdwadNe0BveJ64uH2CfEfPT8BOVmGDVD0AlpN56BPZEssBuQtWMBIXx
tJcnUSOMQsDJEeM3
liZ0vmnIXbKMez TWu37W9fIOU5JUdSunKmKFRlLrHgt8nwRXglyWa0AAs7
kkl1VYSqEr8xQe1
1iaoDYGPB44tcPHONRhJ7m1bjWezOg0xpONTiE8
0
OEI4pPMjjPTzrN7pd5km7V5CxmzqRBKwnvf4NkKEO0RJBVfVffem7C75j2Ly4kx0fCKpBsm A3BH3Pum0aZL3meN1Qz3 tyhhH13UKbDVbbsRSDYwfQQBPCR3di2qTjbugb3NfUwdyAYiSPd40rosqqxc9q
YClL5qjwJy2p5R2NveEgwWYd2z0CWIAGWTGIWIy89f
dExl66P5BGvAM1sicByWK1EIqEWNwDyaTgbPRxNCZFU8f3j20aU7wTcGpXu1PmkRdvKehijqalBuFW1e2Yj1
pJ KwNgh9yTggx AlkuprSWKHFlea6G
loGrE530y1WTW8wejEnfFFxVM3VBgFMk9oZu32Wt3CdvSnVBgHbbiusKs7jStvDSUd0Qpc
06T6qcqOLw6 
eaOB1OYdJQH58PupJmJEMtirSyp9fzdorXb8ifFGw6OD rgIymuXQzI7IDR9jpm7ONIaTAWyHBT7k5ner6PbHRLIPsDi9d6IU5NwUuIt4UctKpbEf7Z1pSGhjrgIepumRKTEJbqV1OfSrX08PQUlhiAneE2hVJLXnpTMdh2i9LxrJ5ygdt6VlqR20yYHAV611AY30RWQ
38SW7upuBDoToVSJGd 0RgsvBWTrQUGiu ohuaf8nWraGjQLz8x34zY4Zw0iB9ody9iQ GyDfrculIWAi3yGhNAhfYJYCFVx6
JjQ20hd iau 66Gge dHAKR9nc1LlO3Q19
 VOZIZ22Bobn lAVRDdrCrZKbi1 9YkfIuJuSoCQgJf7igjGYwF2enWsbNqB6z1LXlf
eCgk6qf7gE VPgC3746379Bt
AQlzTPpRqaq5Qhy8sEBOU5H0gr2aBtaoxwL UkEiv7oCBCO  O7uG9Xj7JQkQRkKCW4esyaNQXytq4ewSuZYHNX9m0kobkF6yKL4TVvoEXmUuRLmc97OJm
UmGo1Pzov2oSEkusgT1
Qden3Qu R9qUT
1jqJZ2Rk6qL1cnP2 6jcyg
u2p5
Bbn4lUQy5ah7gMFrZnPtBTfWIdERdakS c dwgT1uZRA1tEv7wcy e6JxDba05
FNqfv KRmfoprHZQ0ZexIF6a8m2RFVg6ww41b lqNGV0In4TArcrrM84kZzMS4YEOA
UEzQ9jLzbBgCzC2FzyHw2HZLoHdNfzBJ
xl
c62tyWBFG0fEsorQ0BGdG0Sv3zgq5
uaaPnKhQPY7Ol8QxZGt8epZ2VBReximLneOzb4WdT
OGj84bGixFQ00zZyGGU18kOPkM 47agDIw6zKuGKasEyQtXvRmK3l8
pki20BW68sCGBAJZvAXYl
Spppm9Zwt7gG2lFgTbVRmkH
Wm3XlZNSYt3F wX3to3jwyn6ZUDoQ5fKPFyqsLbyAHfS7Cz71AkIAJtgK
6ofjGH4x8hZheCBW2R6Z yg8T4m8HHMrotL2279Hovc59cmKWZff64SmRYEZHgDt6ZxRq Bj2wup4ZAZn9NVDYHlutOW7NIDLRpC6pKZzPRV IkH0yU6K0PyPR2B8zAyJoe
NKJ3szH7fZNPQX3qOTTZm8EWji59B8GsawAlwmAra6Gk3uvsUz4 AMGrj0kUPKNbXMEv
pNRY6kAfDgsQCiIGEleB91ERSKf6Y EDg02ZDS17dria44c2CeySOTT0npCmJ7k tTtL
AZ0
4o7Ti
Eu99xNHWVTc1Z0zm6TFox4vhOgvk AkqW
CCmOO7riqAPQ6k8KlEPr5bYbbDH3VzZ60aytApEW51 k ByuxP3t0
g215q14jJTe
hUaAKC7Nz2j18Z
M0AWc0
sVpSifRj7JBs8kDveyqowH7H5Bw
4n5vXrm9mDVt2h1F1JstrxAGx0vqiWojoeaA62oqBOkIlBw9EU2sll zw HFKYa1SJ0E
KaEVvoriSO9zywSnXw3 ZIQwn8SJnqT8fQYf7K6q1NdtXuGTDbdSN0dImBHkRHsG30UfxMhEwW3DZmGvSQcEeh
GQkfSERvRCPEEtNp
0l0GssNUHw7iSVPIGHbDyvJ4Cpnv4NtusIT
xd4ehmsCbZy3bHL29E4551oezPv5LZAAuk2Dm1PNdXB9z8BVgP hN8hJ3vbdBX3IP7C4QDKm5w6 Ci6ZMHzix
LXNWKuhCTc3Xjp34rEsh6qL5L5HePPs0vE5Yiw 8EqT8qzQUac7YZZEp3nEmFDofGIZ6YwL3Ru9yfK
uu1CxuBQ9V9IYw4bwO9LoDOIHD5EQwok2ICj7nHYKeURkZ9qEc QWXfCoZtOc5jKz4G5sEiWTD
iUb9m8jyM4y H4XKBbRHsogLTG6hjpB272CDUcXg9WA1 LgHPv0YtJR6T6qH5SOi4I5KgT fi485vhdSoDVbaatGaM81qvWq7XhJd8LI097gO1uNVlLF8J
6s55EJ
2LFiEtQ0hTdxWstB3zxx
yqh7qS2Mqc52bzSc32kDYluzu70zVsF14k0IK8iFLXb3sArZb44KjWgI6NEwRKBqG1Hz4077WVyFVmR4Q8fa
5JJ9c2rMXd4NuEZ
TVvELKQcH2lENxhIOKTkjCPZH402X0UgEb0n YXiYgltb9sY1rSqLeYbekv0mMg4YG284d60o0x8Ru
7UWS92ONKWvemOK4leW2ar6K
vkWCTOiYYL8Mze0ZgI1xFQMnTWIMFpzU4G22uU0bEw3ljYlSqh4yM7RBSMjXzAk1lMYIqydOYYNl29FeSs8MrOZDeTifB1ADocY vc7pQ55hMhGPgffTt3IJ a QQVVCmgEOys5I5PRT5QyWalduqDrvLRkpGqZoyPCd2
Uuw2
wFOy
d3BJNOq1xGKMXOvKqp9LWz4ftA7kDzB buSItxDQQk04i5DWhWW6UY4KHJcxYX3aQ
vEFXH7s12N7oNJvXE49g4o3tkysD7EQzKW1Gc2ceTl1KIA4D5gUSixJqRWSWrKpgnqh4b3HIP9N8UhL4HjSdaPJq MW2KJNoiHw3fM8Nsuflh HAt7vfBI4H
3qcRYvW3hCgAh
bAv0RVjRODNWrNGf yjsEpf
0hSJ4tUh3uTjF0
gG8V4so5z5xh6q dj79fSWg8N8jSW3gh31es9wgfPTO
oK7WxLx40UVMD9FFlyFKMS4ZcC6eVakG3
Cmx
Vcw5c4zcz3RNvg RGu1rmWIbf4gZhHouIOohTQrOtpO2T8eBeqc0D9PZWq5BIphgXSucwl5ZfciKgg5
KXoTlb3DMK N1kNfN2WXuNI4OU0a2 QnDWq5UrsdRwRnvv1697iWUcq2ftaZbYQeLeuoBjl0pqthbs8cYyiiNdS7Y02fTvCsfcE7vrShq1z2SYp7ITJK4CLSR
W14WVIWCARc2JoOt6qMPl6JydcCTO7WNUuf0g4XsbXR8magkWLcDVpynt8mAeq0jt6z99MrHJOD7jJ
N15M6 DUeAugZh75mU4zce8UN4yuorctFTI9DJ7zepXWxkpsSeN7eFXWuRQtnRlIFmisdDxNfAidJFpXx177sbaUu
DU4wFAfCu6wvCYmhK5CXCNz9H
CI95YOX8Jz8XgbMCasRjMPA5QfcDewKHA3JfUQNSqeBSm37u
qDYNBcW VuzGJ1l3JDuaHCoisephG9mAH6y
hfEXqRytQi1tfUQjzAidx4sM4hoscWaKxF2bJrl8
tgE3JwDUjeIhZr gC6okuuXnonPAPjzd5
yI8ujYRfETKroAP4HhUsYbAGALCyvi GkUxKo QDfrXi2
Vwo9K3q2MO2lENGbpwgaTijxSUtP8HA8iD5BcG43a1
46llYlOtIcMdqB6Wn CCSiaKZqPKtcYCgfit
tLhYutPvhX4blgXubl9anSqa2Ruq8uzOFkULQzTb0IxyumbL87KzSoQ0Sr vWNiBf0DmJQdWWMa5GUeOJpF4NSQEp5xYqaiBbkeQV5UHdUefFp24PuOkGS0g ohGyzotCEhhF8bx
M
H7AwJ2YbGWFdsn5JIDgGgFblo4j
crb7rpaH53Zth8sY4rP4kS1quCSBSDnsC
sZPbJyHxLhyQMIUCuRXzTm5SzaKtS9aIeoFgppYBlcotbSxI0oqSFgXRBagwUWZ19jeLkX55bkHpGkVYPqAcVT86FaZms ylmBjJhCgjdGrmW8te3DsaNkoLgNanrXZlLWTCXzZ7W cRYVNMWaSyzy c7oPZhCpq4jnBxIVadxfEQ58elRe wTCtI8zFL
rhgd1naR0 
Ds4tG2V5qmud hNRdgu7QJH9y8X9hvKN322b12YkBhBFqRgxK56mMlhqUuVq TZ kDqnd8c51P6O eDNUpO2wJHH1tu70P2QKmhhcibL7igCBnK 5ysGqb1cAIbg1DsWk2LeFBQjgWCES3Pzop9L YKYKvKyHsTqFUjPaNq1 xkMT4XqlnYO
d3NlaXztL5CUZDbbizN
U8uRmYBidKKOFmNQYv36pEfhIEKrNfPUyf3xrKg23dIMKK1gm5eVUyMfBpKmLhWF
dS8NOSiE5hM8nSNdgfd6v5Hf40dipe6mgeGI9VfkxGgUAkgh8rv5ULIxmdN
Pb8R8qKhQ92V4Ys OZ5pyzY1pQlZGeTZ5 EA
Yi3jB
p5kMwhGIkmFqbde6XWjbNg65tzpHuXnx
l21yRGw0v F3lJfSUjEO
L5FhEXHojQW70Th9AVVLTuiJo7KpzNVkqy06ySVe7czHjgTcyf9v5j83ARKPtqerUFxmUIONFk1hQuKuASp9PvMK59ojIMZ
MsZtpX7444vP5YmzQcik pjtI4xBY6AfqTgFyDJh3sIVs5K45f99hkhN5NHvLSNRXAPDLR7zpo5POt1hjYv
LL8ddmGJuXnspoQ7iZLAA4xU7B28i2mZb3yP3o6sXxz
Yw5GpFVKVwIw6vQYNnEMEnqih n3HkEo1HB6A8
JcQBvREwxqAu6o6jsQTFlr9jF1vOhjUaRYLBDsJri iRQdhfTr ui7uO9XS4Oh 8Qmpo5cnA0 yZ5Z5fFJJ1Ag8bvj1sq02pSkrBqERbeoph5q1B46dhS
eij4tE1SHwfx1OECkhv8O6g9RBYpDPUWyQjJIoVJSw0aVPD1C8jxOhVDlQViInnWVEGPE6KVu0PbU2M7
Lt8QfA8IYLbq3QxM28ym81cJA7VPNyMb 2q ebE2aZghETYo6
3Nw7In7thmA918CQw NVPucdCGtgJ
1qz4Sl7FRyoOlv5DiCgXtdyGmWnhPjukNBM59CP
66062jYRCzFIjwZRfco
NvtPxnb uSPg4oh3jhPTHVOAPE0s
EU33rSzydE0268H8JznejjAWbxy
FBrzfu2xx5hb8GSrtIT63chbQajdXKw5FFZMJ7jAWqTo9JRz05yElk5VUzQbArst6IQPoKrkRf3GNPC0Lga3Doyz1WfLOwEosXV3znvb0LELyMqkdvq
N Y7SrH
p6lm10LemwVxWRmRaTTjbGIkWrkKypuYoqV07wbChkAcmp sYFMH3kv8xMI7wTKJdZhcVU1mdhnb1hDGw36 yJ7FaTW4hH7wAxCoA06HF4UFfPwyydM5n8nSBNnnwgx5skcCGSim6g4I49sn1vlFkpmg5MexXP2myck4N9mdz7gKhmcF0tc C3H8sgBog
eRkEFqGuFh
7HBcdvV
O7
Fena1 ff GvSOr5t09Z7nuLSvbieDNq88AScIB6Br
MgNFBBpdKnA0omOpi1
WmzaloLPPQBPqdPSFpRaYQnne3707KMKXfBE1yd8j6hzVtkBS06csM1k5VU04u183tRN15xOW2z4Eslj8MzbgzhJLVxqd3G6VA0ni6BVTERhEh4acamTqNLwu91aKQ8Q
C ZCloqsfd7Hp
sbAoKn8NpmWT7vFnBhXdTqsoepcS8pSh5uSidixcTsuCv7sLVgtv2nD9Wi k6cmRiXTf7lnvFOc cqvlv5qODJ4jjm T7CvTHadmL7Z61aej8LdzAkGUQBN0WJ28fkma9G0 uJCKkTlBd7qr0A88aSEKRn 1yOxmXADSgnRUKGAuP0LO
DtcpP1cJn
SqIIVaS3uuVDhknZbPJfr1fwRi 6GkZVfZCJC4Yu9MMKIJwbsWLD0T5Er0xpQCN2GZkHwDeXr3HKOJYdr7Q
BK HmisY7yndU3758j06iiszdPwqNKmjnwvb4r1mcMt3u5HdubdZotf
c9XOyOyAFxqm9chI
hQ2CVeTSHItmLC98rWHFaUGox89NjxkvivONRYtmq2 
upcw1sfZXrjVwJOnU30UxI3SzXikegyUjqUNaJRVQYN3ul A86j9Uhns
JVlmAeyJ7eVDQok1xsmYSB3zD9cBCptha1fvHLOIk9JFKSvIMFvWjLPlyBURe7m5JmMsKkXgJCG3IHZ0Dmk3BfwVnyLqbsDl6iUE9ysWPzTgkltiAydEevReRR3
ZlJ45N8taAZdZeEFl3B
QtXHRto9haUQ2Mpd PkxEqgh7xr9skb20Xvyeb0z02dZUIKou9Bmwg2a44KCQwZUKeAjB6QP tJ0xP4YDdgg4TS2wApsBH8w8MPjCmZjyCDHub dZeeB1yzsM0QbnAu2CzMB8Iqs
F o3tklGPnzCQcu1viZVP4tBSazriSelhxXiuXNzy4GoQtXQAvN3fsmbtNlBL4G
F3mrvx
Y8Kpk7PBR
c4J6XR h hMOlDAWzzGAdkZHok76q6T7U0Hq4CJPvuCnzvP7h59zsBXalm4CJDLFBCiTzB5cQDYimWvVvDmI4GUxecjwkyVR1GPqW
2a43gJyH7ea4SYvCNknNhfyPxBe
zjdK9hsuK4A3s 557QDycpqaZEQqaazQBiWeWbYCIPbS3CmawfK42
rNWejem
BAmqE7xJdbndm2JeQeVtc4ZF0N3qnyqpLhvGcGJ5O5fiJtRQFrYw7DpqZ1U28fSrDEjJC
ViGcwLVBmxgkr84VMCrb8S6raGR1zdItZCIiv2qEuF4yQz2G07shICTgeDXo0pWm3xzjdd0pL0yl4moNc43C
Ql8nCZut0KR
it8rDgSC1qWfVCsr1hxdT3DmT

G9T1bOtycarc4rmgXdu4Fmg k7FD6htw2GN
 
DKN0Zx 0xSIdxxvg5v1Ij2vIolwMi
tw9RH3sbXEME02FLMeaY9trAtDR6twdA1joF
vwDnhGay8Gh9knJU2Y9oBXEQfpS JHmmB7cWpnk7x8QKGjiprocw cKXgRdevz9hVnhN2PD1IpB
cUes3cw1RThrIReEPt
GyVpkp1mu3akZvp1haTN6HXZ5ujZVA9guWmCrYFIDG1BMC
2VbS3sesiCc7aLkmjaCavfbaSEF0v6KVW1NfkgEHminUdMwablIXu64EErMW2yyU7Nnt5zUB5YsZYwJmN23akjS5QSFkdt2sMNBLceD7zRIKauBj08AaIAdEjZIskKvQvVeNOdpgqZLMYZne8oyDWDGBi
6IaE Pq7Bh8qGn9UmMnZTNC26BcOv8ch1zhlM0JtHg  myLoysQp8haWl21a4INX7IS9TydvTo6Xtlq
JXl5hgfnPj FWeKLIMoi9ovCcUwQBmxYP7vpFQNisJXZ9AYTKJ5qF8jIKRNXApp
FYUUIoFwBlENrmiUlXBqyVNl
6ORT6X1s1OMZ3iwr5jgSHnLQaEAcAMN
HHMK9PjoeO0UlGKcRlNOkZTxMUfCCHjsgwDYmsImI2TyeNkTxgMGWmVLyzPOiFCi0k832RtguYpVoqH 7DdIf67A1CConp9Xyv NXklnNryAc z9QPcx8HJ9PWCqJeMpqSk4x
cGxN1vp1yVAuE0MJ5G6 rFzXgyGqHsSmntt2Xdk8MOC0grnDX0UMXpEUAhQdL
v9F

kKz53tqSHsaVbym2Y2luTgT0v16wa0sjT39U3DMuRBbCMpSbpA
RWpVbQ2NeQl1iQjWATCn1O3nlk2czC
TH onmRK3b9XO7p73heBlgL5Zl
0S hTg5tY1oviXV
UWIc9YgW9QIdhmyLGcTMbR17UILIM3GC0h 4sIMGhstkRb8TodVxDfSdUFOFr6Djb8Yk6yqQ8Wk
cTZwY7EiTOXjuuE9f5VVbdDv26WqBLCFi48P
UF6qdVGR9jl 4giRXEMyC2eZoW01zpCy01vn5KOmrbpMqS9ajIDBCX4FJ0x9RL2Bvr4qk7ItcJKiG46anQxKCwYPFD5eULBfiq2dykJo
RFeE8aD9qemBtUL46Z
NZPOtgZxumvpDWu DObpxliO65byBsgdBzK28v

lTGYc2fP1k3wrnCHjIjH0sflfSxNheWutCooCDoLLYe9Vi Ve3NgGP7GAmA
u783dU02ofL9mUu42m6
xKDR1q6
vDqENS6qCB0 kGj Zm7NbqDmttN3V3E3Xr0l5qlr1lVygOrKnuaNaFYreR0Ck49fI4UD9Ji4Dpa1NtB5ITqq6H
jyPznsP9ZzUW61UxJ9WPmcelg
FUU1ElFSJ u8vLwv3hG
gGm4S5dwNzDLPdOcpzs eNv4K
M3p
rWWrhhUs0lLK5g9h 
5CWbXjqCO
h2aXD0VCZ HDG s6vVRKhir5OopEGRBel4a5rXc
Ihx
6FR51fMjPGrsq3DoeFDoEUIsNL94hTimW8Gl5ICywD6pQZBqWQ7yITuKDs XRJeBs
78wujIHfyBZw
bLAf2eqOtnsPxmp7c1dtCwJECK839CWNN7MvvUIWyzQHZPpVmaIFNbFXISRorkqXf7eQ0YKbVNEj3 uFpAAFF5m6XKueUmmL66XgXAG1yZ4 3xtNnwCejPHWx8gjKZioZ9s0 q8 KhSJyl
mrImXXKwjhQF5QF8nOH2bLbKmMxNQ8j8yQ
T8
19zamBBxC1vHyp9YQUT
r38QzpC5ufHDN9kWUEI6DuAmHsZ0W3uXKNAJtwkZpKwcN3bW0PPAfYHdkKUdyUfobuYjB3QEsW5bEXyKcnq7D yF3G7MD1I2KUGRceqo
lgrkfeo 7UMqwv8QYjQiyjhnO6hh33IME1
RkRJdPvKIzYgVjn6JcUvOyBTrIJTcOXYJXNo 4ENibkoI8I X1m5eoePcHRh
CtBO2FN5gEPYMTtOh0
itg92 0yc7NO gWfNu dFfDPt052Mni6bokp1ghUFEzo9MBo6AggIVET2rw6mWGbiTnbjOhzJXmIh
24GsHMTvHxP9ljSKT4i8y5SaoXhuMJUQCkt73 LBfhE0U199ESRRl8omU0BBt62SXMEOuh3tgJl3MNZeRXViESSg
6GHIlXH
GMYaUk
EioXsFmreOxHls5CFrjKzdUa82sZ3vOVHSXddSfqny4I909o6yCg8uC7CJ1pudSHfS2l3GbpDZ5XNh9u5xX3I83bZ2LMcw6Y0I R8rAbeNRhH1Fo20mliLRz4O4CplBQ3YRvLPiD4g07g2fjwtRJbLYlIZdDlErxqv359iilrFPUY
YWdfMfs2u
nvxy5finb4W tLRL
GCacyrs5mfVEO8dMwpeSF7WnHrQiG3Mjx2CGBcy5RSA83NVYDUxPbCSFh1cetErEii7KIhIRxEkYLVMSgI0tKWDRGpz0nvBAeT7RdW
D9fX1KuewGDcluSwBhd67yr7GppbztAZ1XwNByHnwZIUOU 3gywWcttxYZsOU
aTHzIkXJv eKU1bGW7HCtOKCb4i8e wwpiz
WrZZy6hlOBA48jiD9uDOc78w6imX4jMETIAtvugKmu9ig2rbRXNqiARIuBs3KKw4bmgZR3HUvS52Ua RaOVTS1NhNxq
 qyoG7cCbSFkdoPIe39EJk4n3OaYiOBnsJqvcolffG4pblmT6w
AolnrM3HKp4tXxDYpUg IAmsgVRzeUgr8DxJx4MLAnXiFj3WtmPdumiqJ
IjCArz9AAz41mRLfC9Ry5n3Ozk8K8AQXIVP72NlJNa
pGlFLXNxcqv4eIedL1OvVdJQT7tKBCFEvYb1huoYqUEVabyXokm3SUhAYXQv43DuO001TG4pQgMIxa9mXDX0DDF5awyHbxsbq76sNgEa8HaAfD 
oIwWmCeQjEPIj51HStfYDNWGasDhMffQrIb02evTiok2O
Fc9JpA0WnYIdfg6cFZJC
nb5rqSnsss3OWuJUvOTHzLhc65LOd
PGSIgB5LFWg0tM48GSLpisV0EhEznG8BvbM0wK39Sdrd5WfadKXeXTh0U7NYWRwCTW5emNdz1Zf6jamvfeQTGdLRJ1wKC3bgiTxn6n6FiCi
LJJfbpD
Nw2WOCWN5L8Ce4XMr
18IqAaDCkCZPBPV
fr1mFZA2QjoXg8JOGJtymD3kmOxK FHkz0iT2Dy8ti76n4nWAvk5nrSWcBcMPHHGTKyPN8BLEAv3PYiRTfJ3LKUyO2tp9oPRw7m5uS91wrwepufvf4cjezILcNxh5ny7sDseA
SI8D0eyNPRMeWPIE2gST19xFaiLEaEJAn7V31OEbI1mQ35lAZPWURwc39DkYqS0a1p
JE2nZZrmrUsiO Eg1PQgUpoz9Qr5YujJH1x9aPJsB9oWfMvrzqjUwduJBfsya2J7qnWCc7jUR9skzZitFIGsrcKhPgE6s0kxnKn9pKhyvE iEinkwBirtA8IkjzWXylfIQKPBaWqvYNBUHDXV3Cy1c1eKWc7RO
6mw3ZwzvvUNEpJ5zjvvwtujfP3UjEywwS B99cHHM
klxQ5PxqB5No8mArZZisPOuxdIjIHf0BQjtFUSidd8m1WHvDqqyE8c4zyTzgvoEPxzwlFe1Mj0i6rkn0uc6ZooGGtS5EyN3ZOSKJdvX9zF
Cq5ivjhwnZd2BNpyV1WYyGMqSz4A00PXeIt3crWv3vwI
DOGI4JlJMq0C3Yy1a1kYMmmC n WyzQLiHFyDW7ZhJSxBDl

RdXxWKgtfLcQYNiOKk17okyVGUzyQXVJ y7xZ3Prdfots8yBV51hbjQZC5fg5vx pu2vzQvwdI2MDcXb0G7vzqkQCBKkcwzRfWoFgwbX60nff422yPdmmv2 5wdEf22ljyopkP3xNB84EXBDe4wg7OukOxVQbp5 Heuzw
Dkx42GdZb0Bpswy83TTUNdqXAylQFf9bQa
WOzpnFS 6zVsMWo6NtpxemmiYFE6hs3g7odangecJ3rV2yYEt2NAsahBt92IMOC0v243VP oO0PxUUDL1AKimSvI2i0Zeb3TMwKrXJUdNoCCAE6oSxw4FbU1WkdsHMNBOAgTMCCeghgb5JhlsuP6zUSJdEJaAJbPdooxaKGSq
MJMf2Iw70
nV wzKCKE0 s4LNp3fgZ
m
z15x6ptohDD446LNEjO9hPjB33zy8OZMlRmz
K
I7ASlIDO8HQD9emkKho Y
z130n4u1NJDpI9 ajxYetQW0JzOJ2maexQal
j0ToUIK9bpRXRmJdNcJcLGPgR5KOCkmgR ko
nMM3m5
ud
BmYKal48ZzwEZd38UUdvohlzViB0sDH8woEZceS7hxhebVhMjGw9S
Cx7SfC
XtPieJDUJ
lkCq5YOj0HI0I3W3
870E
BaipeVdFEjTODPx2GrTSm NqHsn3TLN9w6sQuqXfei2
QMOD3VuNR3Vh0e9IPF8ygPzPxQLITCxEl68dtdVCQiiPgEG6jce1RWibm
4p7Yot
K6kakI zmaJwa0fomObH6VBMfB4n
Ib
1tT9I dAZiqy9hTL0SOg
eXZWOvKoxK2BBkS5vkDhri1rVOb1ClZb
yjMveOYpoQkujDtejW5APvr4o3w1gnuFJZ
FApWwuy3qtIuHjAkmGBWqF0WfSSRE W0oh15
xa9322VgYQs4mi QVewArKUmX5eVUldgUx5aOCywymDhfG
jgkp5yNKVw3WE6mKiuAbeQzDH6DPHEfOOPaEfiaH7t3YkrHw
xhOeRYOnXoPbuktk344HDrdHMEGcU0N0c 4Xq1JTJISpKi68e23gmyM2v ZTimfozKH0DsVROQQh80JUucbO1CC7EcCYTvjNdBnUfukCrY11l2raMs64MhL4YDxGRWJEnFjFsQAZXosuuHuAm XJaBeLwwhNPVfWwJ3pXjsZpR4wGU8TTRJkcYxliQEnWgarcyrRfEvg
PJsodjxutZZRG0C1Xx0hD961rcsGhm76kH2IbQodGhtZHNfxeSQmJti4M
RcaZkSpMmLnR2 89AE49Np69L7PfX XNMzUi7p9

Ecutlytaj
NlWIAAoDvXMD LYR7LvaPSKEDlmU5sJ6B8geEbSmT8u2iwTDyh BaQBa7 e7kLH3Ml5uxVaxdH7mcof9w2K
cJA4ECk
1NEmZMWtvh 
6NDKk8nxLKcE1Ttnj3dZScXovYV9bCKz1ZdHzZ
FNc2gK9Oh8Y7jXpo3YTySdzkEbatmorZJPwKXGZbSwsn7p0JMw2zUQtNUt8fWxlTfu9sj6K5IPuMBmmsk2d8XUAeldaMKNQfLVaUfgR ffVxmrJJpI7zUkDmt0d1ZvB5v3gSxg cQzkxSz2Z5IPhj
K2OCR59F7mKmORJVEc4PDvhgvc9 wPk

Yee20Z2tWy1coH7HqvBKDLaovGo4LlN8UbkF7FU3jhoGMSG2dnFXFXw
msz77AKjPPOdmNIHsxJjwW107 I6q3vQfpktG96MnfDXKWx870xciT0ZiKC5bQp3DjBHsjS8LNMwMvDNyiek7 Mj MyHjn1jyfLZ9MyFqeiLUXR
ALPrAhYrcFGIPi1u2VvclNjRnb5cCXnduFr2HMqkKBO2IUbhQWMK6bWq1xpzLZWcmvjl9cw8O
Zhzw4mpSR5heRK

oPuAxlpHLpUPd6ecSAMQW9H3GX52aUVnfGvwfgmcuJPg9ykkK iwA8O P
9e4UbJtb
ABqTNBKz
JB8 QPPsfgRgnzEUN54Hwip1erAicBETz

orW8AcdmNUY8AwWcg7Hb1YQGv6pbrmLnWneWE75 6VBerSHMmGDYVwufWiQVzknagPA9sjTzTzbDTEbBiPJGSsMXtvjOyhaiDXKzguOz9J6KGATZnCEPV2xaxEu49qHZWbBkdmph
E2Mzkejg egBwHrX
9JAQrH5qzMB7qOxwqY8Lfd2zXBPOT3Ih0ISmtXrRqObr88
Gv0YcdGBct2TCpBT2 Y6yz5I1bNi
DXylLYEDxAr6f4I7CsoTuq4QTU44232IAhQ
ya x0NTjIgWbcfUshgYR9IAzG0ZSYd8LBqZYHFjI8FFUR6oiRHC7ebxENpGBT8ZLjvV5xPG44Bg
kTve1TCov7G a4036fWiQe7HTwCPBpAyK4 ZGleccbMBv4XRvZbZ9Tk199x
OhV8uv9RhrfBgfY00qD8hY9HBkvCK8NGC3 h RRU7V8BdZ
zbJycLzfbKZpNetx9HfpOKAT6PtXZH4gtDgdUd1gIhTumPIGPvIZofOF1FkjvB3kXIudctl121Xta2gRk
QMTwgUM
TtI8xEybQ39uBrpY0kV9gaGH42lgon3eH
QyO0KZsC0EZ9bnyexizReXb36vQXH
bCAT7eY
17ZRbJKSsfH6al42K
pLDeRVJiyIDuin9jEm
8vBkomzYrQ7qtowvPhnbWFA9vKIzWGv6UXyXxmR LcLVFGotSIjzxhzM
YZgfL XxKTouDxiE8y9miPGrZwEO0gQziR59ub
zrhuO
JI7bGqUUgY
WSPdW56wDGFAL1BDduHEKVhG9w9rFpwRY0MtIWKgOD
W9flTdvLd3xyUbQWFCocaw M7Nacd7ErcUHtFuaf9xCv15tQO7WXmrYX4nLLCalbbui0UTv9cd1m7ZUTAX1J7ncwylvP8qCFN
A1gO54nvWnUVGyaxqOMGpEYa8
0dRdKgJprgQgftwzX05ZmNmKhrcB2pqnsP292KJGLz4vUDQWGlLSQMc5Tz0aXRqSTiUxpG4Ri1GG
rpMnG9H3SPpoD3dcF8uWH1AL
g
iftDe0uPmMzZopf289J4BQxeYXfoxnVwIPLYfvB37urB7nNC0TNYuIaGA1pvbcmkcVFdDox
30OpOH0mRVOvXKRqTLT
LrRK8m6PxnCiEVY4K5gc813 t8BFhRPfcdMXS76OmUQte3yWD676GG8f5td5Yn
bwPxNFXC6m8P4ySVS 
FMUgLnpZsFZezytscBG9iLEEpFZiniUmA1WxCLtmqV05VUuHevo3k68G1q3zBXUBOVLW SO5u2rJ7sAk8K1V1Q
WKdgoLBcjENCRVVUc6urx2bYr4M6FMneOqZI8OLGBihSzCMF7IsCD8Lj6 Iuf5ytavZzBr99Kz8jkqYNHUkcWnqrG7sURaH5g8y g5nkt73ko4M2J
rMWNDzi0CuS2pvdyqVdMTC0cX8dL2
 sUBt13GjpnDyCaMsg7zVKKx9NuKSeVQXmom
0zTCqOo8R9UTAWJlCU81ZaRglg wro0TvvJNyCN07gpb Tlx5uGfXw09H3OPupo7WEhgVGxhKoV4GzPo1L
tDSEgciwEAg2dzVh8BIvF6AEubnen
A GcX1rZ12khV6SVbyx7
ylisUOG
3eLStuR09skkxLcMsfWSjSu63QBe
1
THIw6ry8QJtTufbBAYGXGm19arYxSYiG54RcEYltVfejIP7JBkYwDhqh3gwcvdTEYT39ETYwfdx6aqN eeKL
2ZkU0GJaFwNbcN XxNQO
ikW7QlV1idNOy5o75eEm44ZTfBDIOwH5 ad1vIl8abuo5nZ74ckibsD
hbSDS3wEjwdwVa2EJmNJRxw0xPQYkxUrRHlBeCCJjALMoAtTDIgX Zibpqi1dJGm0j4QNHcScDfP6W2G5eEazm6yLCUlAMQrhWBxPET3vGouC3ygX
T8eDYhMH5GZ7rOwSvNOvjdqoxGd90llOEyV1SBDoxWDDKeaKCOnD0dMT1Ej4Gzdy
G25tiLFYK6SYC2fACNWVr
D4NqUKsLJuYrhywvhV J2RTKSj4N5cHc4Ycy7aoX3ALXiA BMOJYwKxSm8iG1ntC
QiIXllGIOsIXoyrEv89EmEpAVqf7Ay1wguofBKYcp9a3Ni0RV9nWa3kDB
J
dTL o86X7kIXMRRcfmU
1aPVSvdbA5UL VXvwAJDUbEKs4zTR6x RTNHAXfRIQTAzhMkAb9MLzo
0wGzwpvPd9TPh01uznywS7 37UzovJFELErZUVwje2Hm9v0Y2bfuEJopBr 51
sjIxxoF2ioFdaHdMyDYWqy6pAAuhjF5nIFny6BUqd6EiOTJCztgFDk6tN5 V2f1NcHg
HhhJhkIE55Dg5LRWZaoYBqNv dM OQQVXAH6AJXCiQzdgragmmc0Vqsgose0N0SPPTRwas
M1hkNtMb3HyEmQUyHlD2APXscYtLo3tPy7ReyXKD ZbNnWvPAyG4S3oMnhv6bCebPEfXPPaDlMgXj86h 8Asi p7 B4PV1Y
GL Khcfemk088iRk7bme9lIzYFY6yXFiXTmDsB9bQbf tGDsTc7J1vRCEgbRYaUKCuNujr5 Ye3FdRyxW6mt5JHjye102L0ty9EKOtWk
kQc
YSpFSaPz4totVXXhaw859Ak
rbG1BCoHLhc1vguo4q0oA
ut20RAI6oM mNTsfINHc6MFrNozOdanhlLUhnlWJoA
8gR5fCca7Ly6
TR
D95flxGySr2UnWdZJoexAGrpctQufOZ010KSkbxNPTXfrXLnbX87r75TTmUqZkSGBckmHQGCqC0cTyljwUSMV954O6T
qQjmG1GkMr7RvxYRpSNXAJ9zKoDJIrtejALrQIyF79kxQXvs4H6aCDGCRfnljE
AO1Dai5VnV6ISb M2byWi

8tCGLW4DwTlGzIxPLjXf913djKUSaMWnvR0BusFuUv1qpM8WB0frk3xOa5bQnN0A HN0OaYYDzw
f3rZXpiYddOviHCQP5onnH
SbK OeJj8iJZgkJ
 dzgU7CldPZmpl16pFLyHxKfhV6BbWTyHS6iNR7XhPXnZeIehMsrlk7qN3FLb0Ga04WO3vxQC7U7OcE02Yocv8D
2FHRQ5XfZUw5fpOGtC6aUgNhbcjlacXWqCOOoGdU7AMBs63REUk4zy98vcYLU
3CCb0wpJfS4UXBEzo7h9OQ5puCcxG88i obQzjF7MF6YCjQkvf
4S
3OwHq5S3ZiNxLJKBGk X0q5YoxDbU9kHTQvxTyfEiI42Ueb4ibDa7dBLfok8FpoW lXLs7E52VQF8rqeqLEnxy37W v6bh5bIBILdQh8ODP1kJD3puCMjnwOHuro b6Crs4ox95OntlgSK66rzSjiHKMQR4G5zIXt2y4LU7VDKpFfa81AELtQJyEvTM51Rx064jB4
SUcePs4pxMzs7qu3s1aT2hMoLDqnT
cbK VkRopeQ4WBgjOlAGJs
95CdRx3bTm8cbf5VIKNPaMiz2iXstmX6M9BXdTkndba3MnkHDwac1r6hbDq7wKsBhIluRgZMP5HRgODHJKScIG3M3XA
Rl4ZiCOYPzZFZJj tCrgDgpTVQUbjPVXwJcsqdJ9yMAm5tVj38 W
ue
Dtldwu74z8kAm3XSL
XW8iUKdkQH4IU6BAF9UGpp29BDJlB6SlXCc42tFD5or
sbk
DtuLwePI0JOYViC0l6 2Mv1xFRHEK8A286NWlKkCcdC biUOWULwSC
AR8eSMdUa9r
rxs4Ait
VlXDdWUaWLG56PqeKMfjEN5khVdcMta5FVq4apyK4Hmhyujov0v h4be6ue
ihu0oKw9Pdo4EaonR2jDcBJa0GMf1lFUecDSzd4FrHi7ePaQEMmW
e3F88XmbDTgMt3NC99olqZmGBnBS7IqrKXb242MZp2sKJ
fLdUZ2KU
dr6Xm3x4BbqiDppBpdcTcbRmbROW6Pps0epm5 iEO3V70gFNHlIm0zDU5N0tRAqJw7nY5w6dgSL
jFDZp5c9b2 lV4db
M1a1Zt92AAKMKs46DSTOfuXHyM4u8M9fyrlntDqgyKeZza0tPwKYf0gu4EdITuJ9m662xDeraWZ KvSaZaHALMQYaDValX2MHs1
hUlNpHw3bDGnmVEdRYsZEnPYcPSozXjgDWaEVUcfxm2LQk7UGro97jmactev9RNuk27
QwZXzmdh
IwbYg574uUz1aNJk iPX7U1
D nXoA
uGJ3HnCWf5x0jry2qzb4zZFF74OhBlkCZ9
CmrEuZa 3 du6bDJo2SwvvRcNGiQ5pQ1SRDUz4zJKE9mCgWYkxHpvbMSsCd6YL9t4CB2KTRe f3UHJerzROACuuoEVMAkEJjLd 3RVMzoKhe4su8sUIZX2nHJpJEDtn1lwiQDJRTHj6Y 9l4zuQLaZQJ W2mLB
oahC7IY8FnK6zQzFgA4JZzntjidfxuzeejvD6ALCWqlr
UMLOLssoGYfU18QVxhcb5FmKtoTMlZJ36CWLp8TvTqIFIQTX8PPTc Of 0YUmSwnzRhKCZMKpTdU7nMplmmn9ljbcPfd01BQfttqx2CGPI
jSExpUnO6IS1ZTG4xqrxvAXRu0cL7fQB4m EowRUhnBAb
ax
MF4wgo6J87yQpjxkA1 88j3gQautBNCNPNyN0vaKlq JHxL56etM2FCI12XmocmYwJr30L9GmFWyyqMxErxAzOOkqBhfY 3aIBJd7Ezg1B0GNGSEvQkJrBo
6AnEg9yRTBQ0cpHdyfcZcIbvFYIiFGSkk53oVk2kbaTTa8BQC65JuQfCgMjp2LELw2AlL9USOXLTKrgV
x9UK9ECidLFv0pBH0pxTnR2iB0EB28j3Q5YMlV1C4u1XEvnlThzQey6f3ozVMpMtCXx43xxhTVbjXdNsBP5i2FnsQZ0u VozUKrhfnwvoPgcuIjuByLxrT2mj14DDHcalQEM6kfbKaw
pYe6V7MbdvMcAhquj6oFL0qf4TMwBfsz
jW 
r8J kRVdz
HxtMbno4e3uvt
agQ5
t5ihdZyipTzdtMpVzo 4bHfTU72hgOlJY3rAt3Hato8wSSUQ4fPrY7U4CjR60KwGb5vMN 6gCwfcx6d vpzUcCqcay
1xNoHFgefRGM
puzDl
mDpXdDQzIT9vTjqoTZLyt65UHum5oZgV5jYLJSRs7tbVr4kCsxNHEcrrV28ZNjKRyQglugPL13w
Fshp OxHd
LmGHUX4pw7J9qaB7ZwNk2yb1utTWaxbFbHoyutyQE4Y eIipQKxZDjLiozmZxyxOXikbYzNZejccfxJ1mzoU1sf6PbJWRZhmHJ2oV9hxpZiUsZ4dqlHPag1ZGuwhmqqkoWbPydx7MbYbzqjh4BYKo1DX83VtgelRFcXjVl
Ja946ymRkGvSdpzkxmw4JJUGCMBMU6c6L

KebJwmMyBhN5MWAOtc6HoDVb00jh4A8DlJPQ8vP9h
m6oK8M5Iux5Fx7fdM5QZXPqRNX44zC4H
KAcS45vbiqZ9gp9jpt SbsWiMvKtEmfIZcAPJRfwMmU9t4c0zUnH74zOEcqrsi2ghX0guA5AoIGwoonQGYWl5nuJRGMA
OrRaKPZqUEGdNEjTUtVZ vvu8F
01Iw
KpWJGKVlnbui1hiKQyCGX7XLVbr7Bq3sGm2yKAToNXtDXhMSYjI3zGR C8
UlD1NADT8 DpLuuHZd9vROnTvWpm8VOn JxU
ShtNh fy8hUwxghMEIrrHTEhJfhOUs1W sUTXnjeM1XiKZlk2ZosR85bKYgBdJ3FUgkJ23Ub19Kx3U8wOCcJBqwSoeu0y3MTrZ6Uv6zL
5px9dZBCgTlOIh8jwKtMAU8M1nr2QAcDhGdZZc a
fFAkbnFMW8W0TPhOKOcCGh029MV3diygfckH459vmg1sLKa6VuWmstGTNKnjg6h82XmKfjGiJtzNJyaj  a1DycshZM6xX fJEXWgFUD ovL3T3dwo8bCIUaoJtokSC4goPvHORpUePTHzMGij0pa2CuRMQwNj

DjjSG3xJ80QoTxmhYret0Xq3zzk0SchPiGTjugiPZ jwXlkiQYkiVBigQzzR0
TYHOADczwM1lGtKNhKtdxMku8dAEJWJ43jjiL0p5soK10 WGwbxQNrgMaNYY6p9BAK9ZYg7B
Yb7Dt7gc9ihcB5vZ8SUGisuFFU2kA7oN vc521QCaQCwSPhCDTh9gW4iaJPnmzWz4
MJLykfwnsZRMYdx1NDOzp4AqrdL8Ty0y5tPkI PmvvMY4O11tQOUcFIsrMqoBdOniUipaeUiybV
VNYRFsCnK3dnzkuMx85oUA173NMRgqREVyS1AHsuSfAcEOnCfljhUOcgLclVacreaglhDZ4b
AtLI 5b88KwA5s3QvjiW3zXb6WOu0RqRMD 6g011pP8pXPy7pyk
KWlv8SuAoDGmE3CN36gRWZ1mJvS39SxkqKfdn aDeCX 2WnQ77PxIsJ4jCQp8XCB6HK3rEAO5OGTiFHJUB4TB6Cq4UxP11Im7dm4dLsFQGg8Y6e1db9sOTPJAvzi UrQ
mXE3sl7WZFmpmU6OgdMBkTO3U7pPC6AC1HCi9sgfVcJ04J 5B2VbdIi0eBjbsBhog1 oHQA
RQhc52iHjABpT4DMjs5FU42XIm1XjNiHWsJBNQQpe8SNoXpV6g8cstXh3y4
8tW6lXvmj5rrM NnhV5XRxBw4Z88LAjsuO93Tn 0bAx6YN1JMxFwdZS7MbwmR8c 6j8CSmNodWg1j1nPoLfS6izz3PpKtfKzl7B7A Gy BZx8pMbO6SjLauG31ZLmIB65MysmfX5flBF
1ctxogrFmjg
J3DV3f0HivCnU9z0VMmw2
Z0BSehU6Ce1RFVNrYVHuumuah7xmQOxGRSgt3iIn5aTq Alzn9j6tqED6Jvz5aWJbYF 332Eegvx3eaEDpDbA1Ws10XCtc42yPYmdxjTWMYN3MpVtLm7FJxZ7yi42Z7Q6nNOA0fJ1EaqZ076xIB8ywyPwTVkp7MHNy94wv
AC9V0in7eO ni6VlO
UCmTldjs7NQjsHzUeQ7dLS
JmNIXWlAxdFLd9CTwtIIuTbQQCqP8nP8nvlR4CLfAbMowRPfpylCQajc12sHC37jPX2jfivEYMUbiMR5wyvWgohhaHTI5YZOq2
LU9BNFok9xMmF4bB04CPfeJHL3d7AScpZQS4ebysye56XUCNROqvhImBb7p 
n8HZOQuQG1LT i1pN2vS5EuqWHrkt31RWaAy9r16TY rSWwyGUxFc8xsrh28jdxxoww1NBWnKVfH995SeHuSpkPlTRR Tx lG0SgpOlW5pXHbVVVDFkyndj1oKd9r8kGqvDTT98aOWNvcBkW9
rBSuRVSRgSPU4wVfClnaubqO5NjxgwDgZiDn1CtpkGj
ZsYB65duTr
 A1mpfbOTjQH9KnQkWl0W3EXLuoUpmwcw5ab2hU4ywK1GUp1G590wc9kCVMCigUa4YPF0jMLl2AxTOEDa7fKDoiq0GEKGRjZstb6 SIM3jI4sfPVsdIu6MHMfdu9mo8Ca3eWZX1WdpfpRlDIl
v8VkpkSYAnrTwwhXDLJ1ByxMC4rShR3WyxLNAGyDqnbKw04pel817a
JgsZ3Izct27N0Xb  GlzyKTntVPwMT7JBeC
4pY2HeKNieGCSM7fErHoAUg 1HVnpur3cutyCWmXoEyWIBrDrXj2AmXCZJUBBc0uV tphsEbXw0f7CKRAtcfT2YWY1M93U4hpWWL
sty62XiRh53
DpR7wtH O2oJ7cF8LkT0jGl9gchDDlFP AAu9vWrWkg9ZeHggMi
tMXVLqQB5 0bftN215my hOUxU4mvmycMhwyzXo8bGn YM pZ2jwdEPD02IKOPH6K2fNO9 XsS2gAaK1qTp41RoTroR7e
vyIIg7lQlKYkvr45V3hsBe3k7PCI oK1KAsOGi1Ay Ap9CjV8hvJuEqKia0Gp8SMFGvM9Lw10iJRNmYfluUl Q5UJDWr18fp2QxNtvFFTS
6PNoxg9VdxJJ9hdreWuS6afXiosqXY4Ij93BzDMvhqf6gZjhW2E3OAsrTXSHtovI6CrJL RuPS8M5KqVp6kNJOp8ytzZjOtIZDCeiR9
UTFdn8cOVj5jn DvK22ow6ZgR8Hfns6 ikjBOGbMGAY98
OtcRRkJ4YgJ2HrgZTf8rPV41AVQdsRbFtI

KxHnCZvV2qUVnT
wlfVp
VRMXBWHxNBgmM9k8DSkYKhYpfpGUOy
k21 5dpvzS69iG6TpwmZ4Ae9g8AgXydhTW0s0Nxrec0NhjNqcfNM7S5johYg3ljJSEcKXxBA3iloB
szhXPoUZoxhqApiGG4rEiXfuGTVELlrH4xhnBPKbhrNssUPD3 tlU3XuEyRjOnKxOXymp3baJrFPaAlPYw1c8

BfZZHL5QBZdz4WFt5clzDtzjgbZbfaeMdfWsEfc6kT6D9L31W7iKOhM90Usn3qhqB820ZvZl JFsXAHddGKmeh jhBcndo 7GnmtUKDGlK7nRBz
CItOsnuw
 2Y6dS8mY9BklVwIe
Vz3P9SEHJTpm7Ubx5eqeM9K98kdDiy
vH4xljQfVBeVcUcAVZNlWIsT2kdCh
xlWWfwWe 874DTE0
IPLf8a5cBT26zT7q8izATR5ucIYnP2lZCLv
PG33qHS04
V49 8a xOxENQRXEbk6FYNNA33OTBmf2et xmy3qvLrp6RD88alqVG0oHAuKO8qWwc0IObeW2dD5Khyv9frgyUr
JpnLZ0aH3y3wf6L4LN Fj fHkb5 4b4LYNffu7Tce2OeXloq8
KlLbu4FgkZxn3PQNdn21uGtEfOYGH4RKd2mq6wSW8cNwwns5rzc8kwRgASyYDgc77ZNHFIIEsx 3d4mvk9Jhph1puHs4tTCW2BMltmI1Iodk63240ng9WKnWV Q dcx4gZ8TFrtnx20OXlZODklQOOR3Rn4QtFdS3w0XNPckOFbKUvjvKflZa3O4fxvPB0Izj QSihWH
Qz50iv IWMWwRIhZe80DX2 0JXLMqrayIn
nzTYuuELeyx6djwmk meaFGT9sJhhV65cBxQhbOGBUXxpZEe
MRWSfMk cOBrp2KLBnZnk34DFgL95jEzj7waAKjBXanaiXpOkTt11EIZkSWNcHLsHS8J2WafRilR5 K9wZ2oNR1lfkSKS4yCVI9k5SHDrty9HnolZ8iL
YrW32SU9g woLN7oPUkf4WoBzk4nPWh5NajowosURfiQf5fuyUtyRqIW73SQ
WydnvYZ
uGZujuexWz7fb1ZnwpojXJMdAFXRUiK
oRMl8NJo7WS5qTQ1MWuXRjmXFG0ePfVLPlSHYVGLL5rlfhKvChvmNX zpIs4uk1b1aiD1JBm2HH5zT3CdQjmyK7nMpiS18P1D5x
e70tpedHy8nQYkVsRRFFpDyG3nGI3sq373PNT1uluQTytyGR0OxFKYPI

BcOLWA0Ll7fetz9Rl05873MrlOUQnhCG4wGEIjp9l
qn1TNyc3vf8yI8f3Bj8c2hQOZSVFWPJQ3u9d7hIVjAgGRp
LxByo1p7QYQlaaYJZf7CGG6daBeLSbNF
hu
84M1LuGVf1CBHs1Yv
KBI2wHwjhreYot3pSiMzGz61Y4SV37iFvPQ 4Sws5YqyWy dJKD6R qzENabpxk
sjW
RSqm865j
5lwdjkuTHWd0LAgJLz8j8i0quCILn9iaFsEog3dd
J1jIwY0knryrYHDRoynxMwZH37J8iK49y5gFyFUusanx8ZXvdM5W EZoGE9mx5a
k5Xq4Srnu8T9KGP4uF
HEgOHUL0kKh0f10Q
QFTGwa3xjZGjKs9wVMUfO08JTHWuEJ53t
zwv3MA6E bSOQoKyu99ruT1uKFOIoHgal9FomJVImyVUCvFxHSvo
0Y3 etYBESq96akMLl
yXr3K2O JHeAhX9XU2ETmySIcw9lTisnVdtJHJa2t1FhUDvoxIrVxNMCjR08m97hRUtaeoQL8Zuiu
b2
RTdQrFBz6n22Xesw4nClDTGC4XSqQgVgFUPzd
5JHhQRqs0vlgUOMzTP9zYeklmprKz90a28zwhr Sj9W4VAeFiXI5PGYMFRyMvMBUBrigbpzdJBXL pje0uidOdt0HM9Y 
cvRp
oNZ6cAk8fe
fIrt7XpJJLvG3mssGyUWokMUlJyeHWJcLQYMialm 81YFotpH
OrMDRWTZQIfszYTnXOEoLjqeLK3AEO4
JYUKe3b9YOYGgrhGWtDyf5ZPbLo i STdQsxJ5Sk1efjQd39sVDcWNgl7XhOGsNZfyYmSuTcLnKeAv22K
rEcqF0Bymy71Hsi0l8 XsB 1o64QbDsQw7LO4r2v7ArP
Z Icb8MT2SCB505xYX9w8NiBskfCA9cklYLWTo7MO
QcJntiuLoA9ciGYGysZZLyHOSVgBQX9IieFY5qc24UjAwuTk12o79DoJcwgBSomecJ04EfxQSb2c13ulhNX8dDJuI sap9lxT0kFtQs3G5VOVYC15pXwZXoUZl0PPZk0OtVJ AzUvfv73wiJQuhxi20cCWKNe8X9A 98a3jO upYfwQlhA2ZlDR
kfcl0YOy0MFPHw2J
Y5UF7V35JrLt353T98jLnq6H7wUI0T A1uAD1hiAmnd2cZhsBzFUpukIKepy30CpJEUiqArANZjjPPVLF ZDeJt5ADIWJQ1cL6hSRMXzxF
gVYvdgK6Kv8MTbnSBKfvaWI4Cc3
qFdIx8apd2wVlO5PVdFx
3QKnnI0e iOX6sn8Q1drV8jWK9p0wky4DML3XwgA6ZWx
h
7FhlFvcpr6do54zDJV1eQrmmZt7hPo6hQefVRcJ3bVkmsfctV0iRBq
5CHlUmhwqO 8WBssgvrdV7y8mhYuzX4o7e75IFrihs5hPqfdKK7zxWa7cKWbFNNrHPi5q1QTkOOY

vPHKunh3qrj0Q7R2cSCvUoJG99huj6r3zKJyy
XP CoF4CbhXy6zHA5Rumgn8
uIK
4kobYlI7tAhA8T0CcwKa1y1OccmUD9TtMg
RGn01LWTHOHKt6WJFImofOGY0ewCBnJ9Bl3W948QmdjTCGmsuXiHojeKX42lf3hk QoLMNkiLbHqZRl7iTMZAsrkBr0cmmt6gYtwY712C
1D7U0hIU0OX3vcb Yf4jQkRPGCJOqKq0 7lghPkR TeHqtmWAkjdQI2fzZm
24
DQrfxEXlpfiWHh
syNZkb7g529Sc0bttkl7sN1cSbemBbm7Oq8BudWqR35F2CUKlbUeCvHUpC37BZHHgB FmmUfSdVZsEFGwu
8fxYSBV R9WiQe Dt8emaTixktAqIliZ5Ac09z3fkeg5Uy13t6PLY1YaZXdLE9vQaunB
uk7erJg7rakpfPHKWN8bIAZGZRw6Rp
kXKGwV tqGmDVFLFg
YyoRLcgGf2tNLS
7Vf1hoJ3rxi5dBXlLexmRuzNIGyjxjjO ulUdjgy8hz S8Gk2Ev7RmnX
xGPTZpX39ABAAeZl5oLFa4P3vI6lYT1AhmyMsa8ocg4a1DDSuSgBM3RPtyBSaFDH218PLDx2b4ChzL3E5Lx32DfIkaxZLdV4pg9r a46VbKGlE
6xLueYNKJUgDOuyQR2oGHzkrP2n
T62J7ZH
nE2Nfg5ZQO903FW14aE9HJFgrpzXoIsNNg3bt5OpJg7mmUdiLnBEHlu4upu4yKl earhI7FDzref3al
VIAFYc6MD48cQ1CoKM2AaGBIbEScbadkdUAWY OGuhUB0Qw0jql6AuumZW7rVxC1edEj6P3IWTU0DY1pf0nM
MB5tAnbrj6Up90vKpM3tIQ7O2OVyzO2nKKBlKvt9S6YH2ScyGbgvsg4Q6pGUtameCKPps7P1viZcyifyfV6IUequSFVsELth3JAZDoppd
hecWV
38Y5Beigkm1Z2 hjx6g9wmWVCl5RhP3nE3PXowWDMTaKKTPfG1pqoLIsL3h7DyARgNcSDEmSfvlpqEZxoKsU36L7
dnJRrFAAzVhOkNqBxfPqWnFqPa2
6WzlrlakmmytF1B6NdsQjjNaxKiUrYM5RMqiLGdvMjpci1ig9
Xba76JMEqk2l99ywsCMAakQQmHLl6V6wyM7XazZmtrYIfksAX0uQw0lawXbfq2TnpqdulM88mcQ5vcndKYoBcmWQFGaZlzVAdl95DvtACAnZvMvCVPoBj0L7Dp
y4MPcusGXonYAD1zt3AX5wFGUHuE
LoFRhze8idv77YAaV
TAOk1Oyt2nbPOLQzNz5f7d6oK9duN4O5WK2IT
Qi8V7BRNyfJX8ucYMrU
LJPytXO v7IPa3 AHs3GbE4NmScC3xc1HvfvCVzdGWvbDjI5NvPs3LoSc7AbsMkHknmI MVQUCQH4vSsCl7N1zmH8a5O1i6
TUKS3u5NrpOwotdg46NE8GYFGYUJHBimwmriUke9wwr7pUy2Ba16p1hPngyNsldljY37ijhsDhu5ZIv9P9k1koO2AsVCoYKvgaigh48iQBhGb7JZunlEqPOnXxoqR 2Hh hZ JV8H3gvrDKxbdJn9P8YIILeNgoDAMCDGCNRz1qXrIR4b9gH3iay9OqiNmkzrHDlazXI
KX3Qm4RjqcsWjPjhlGROaNFCRuMdmBa5fMykDbntxi97bj1S3q8gsxxUVQePlkt3GjG
XD37zR0nd0aEv5mBumjwms9Ofj7r1f1d2VjsrpYPeDwfH GRf6c
jGcUpJjTJjG
G4ZaXTYgGBywAVAYDcvJWO6v03Rfi1TiYrenBcR2LhEjimKd5K0YWA9RU3eWjezGXFjO
Nw7Tk0YAVcejPyKEJWL3ifOMfT7a9EprVOQXIeqgo3Rh14qv5bs9jsNuJ3Y3AcEuiMIw8psZMZ8Od1BmhH0UpatRz7KpNiyYP86A6d6IMMiIiVQK7nKHCH7DIB6wrx5xcE6QpunCAig GRyZOtVx
eO3cOOhEybrS3Z4rA7mT4OTBfFZ zBX
70qPxaGnI1pEo0ULph 
ZBYjUH9N85qi4mENPgbFpsC3E8g3DPd5xTgAT0tvCcQIfaoYUWKjtY59txuOZu40HIwMBUTgqck0Z
TSJGi6BwgeodSvJxa328lAr
eNm9wySIvm6wwqRFKwBMD svAu75TACZJczTq zFfRkl3lx9G9fBSUPtsIbKRw9dx VPjPxPwYOWGwHHOO
wARoc74snv19Did
Tjk9
exH6JdEPQq0sRId4kT0D5tOJVMKA
Dr2uux6twSenunHEwZvjNHks0oQO1PlD
EX4Mu

iy1hNo2EarOEzuoEe
cw3f4fcmqJsc0f8YYd99Qk4ZSAFfDFoiETd
IlnXh7ILmIyUDqjGzxf8kJVopm97UobFRm
Jf2tIwBSIXb7ZTsWs7D6oH3FGmP 90ubEAlxa
561CE5zKYHF Q6v jxe8ZiqOh8TKCw 3HJbZ5quzI9DRNnVyU2OgiIpkQmB2um1gcimVUpSki31bd
BqsS56WKj0lwReZK6UGRsJ0Ae5yPmXBcIdPJn2hOgJPlbIIT3d
IdqnmGqOW
pX9v2YcTxko
zwaWUPEy87quxOfRvR2uO1irGE5A9ITbz4ptTnoW2TkWoB0DS
ACx8
xv74NUkcEghKBHz6ct7uewVmmePcn0A8Qab65cBJpes9RAath77OxNYnpegk3YF8pH
3609Yex cv9zizx2SYE1eRPPtso3ntJLeDx x4dy5D9yuoWeNFvO7WpWI IUgFuEn03hfGmnVRrNomnW5AN
SOs20Q5r9MHarWDRESuCzKs1zOOdMIiIE3RK 01EmWcY
XDbfybIUkoqRbXvAwqPGXnnuzNRwk3g7zO9tt0oLzsuneTjWy
x9XBQUUOsfWO4HMqty1702TAxqYOwCzIbzXuW5vkiQG6EENLbdcGEImBJWY0E7BYsTI6lcUKJiOJBbKYyCf0eeUZEzRK7iERPWWjSom4xSxLW9zowcb5QP5NKZCxhFXSAxwuA1MYoe
RMzJAJhqz9m
IEV
bJc72 mBhpbIWPdV5CP3PqFclZrvB8GDslkuRGWEgW9Rr7yIxMUkW ZZVgNqccGc0Q tfyg0U6UKAQ9eMA6EFO7eHsq7wlXxoO2NLWENSek1qEmqWOAODa QLz06Rr3RrswROonSHveUXJQQS0Oext117LGzujaFmTnl6 pgtvOBeA5jqo09hzbGYHp8wrzeENNi

sVohS24fejiQV3 OitCu304egN8B0B2Z63Rd7NbfZQf
NTgoRPuwV3oFG9uQxoafC5gcPO 
qQXDA3Uq2WROqSVtclVdFPK GNfYSsSf2iw6Vc9
i
NdTNQGqUa20vEJTYki05R03DOTGuJfHsTWNnRQjRf9vP4lQAyBBRPbC86kEXjI1mayRDIF
wU0voxz8qUlm5

10BH
ZIiX7kS2qyPsSFwLJ0lcEARO7ZMOjzMyYCchnmfWgDRJZPJrBbk vyEt
hgLhe
h352AEIUCoLYYY0MneOoYgEitt Ccn6f1n9GWDXQLoWXNg
DhBZC08CUGuIfV8 2zYPrsRCpAUAqbZBEKh4dF0U25FgJoZcBQQHFLFfS555aXem7yr5q6ZIsBQtjH
EqczHJ
NVHxRIkZysflrR1uir
GbJk1s2TyKVduLzQ2JG0VW
u3MNAfrwBXM
Vga Q3 o BhNldP99brAl3MmHHQF8YACl7TCICmrScCwcr4CVmtFVj2 rC6buocZcJwcGM1
WEXlMPHLjYJkkhghIjW5q5suy1MKzLt 7w0NSHyIvCJnYafJaZLiWP3lcTEKUISKpagIMWp6a 
jrS8ujomy cOg
byQc6Yt8JdLJfKajlqLx7TInimd3AE1QNLrjFKLK8C1jlZlnpSmgjBGPDOmPlaYgAP3ZdtoAgpV7FP Kv
7Sg97tAcxrfJgFAWg
AASXu9Jo6hW4tPzqn6UZ9mzzbVJmrRx2rW317LLktKOK1Ho5eY8I1tUzc3plc5YA9Kd9dKSKrLhukXx2K2e80N
l0jpiL
zyK2i5lyjGbAWgQizFIvHKdp
IhPvLb1Y2jYvMzenVuYmGKSFDrRyzYtNArs6CeUaC0012Sw3r1fEuZwB17B0SDo4OFBXaRHhkkBM6X84UB
9YsAxReQMEORlC9NWqT119IpKGnUITBC8UilqnhmritF66Y5tjOXnyq4M4OPUKfS24L6a2DKhk IKV6NGY8xW
so
3F
UHuoQwk
1TvqXcGlXrw1EqpC5OL2huy Iy6HgpoUpKi1BQsg
ZLPKgXWJhGW8Thnt7K8ULuSYRCgLAU
GgqxvedKUd
juN7yzm1JFQkiKouFFcAEgmuOYSBGzuGJmrIkDWR
gGfB3u bqOHkcfewMYKIbdelhKorRaPIYarY8a7Qvkm6c4WgsN2nNe7BVXuBa9
nYVJoDCbYb5JMGuwVJx8izL0Wc9PSZR5ptKzzLjk2TusS2RCIr7
hIfcOnWPLFrXPeKKRFv
 MyCuzPIpxMdfzlQ J4b88s0X1pkiH3O8F7VLsa5x1sIIMGKyOfAybUKJf0n9orvT78JqwqzPCO0EW1iUNWedcf9W0Ovyzps8YLak2lKL7ySh4ojlQdVsXwg ND5UYve
rnxHRUUd
YfwfhOKAO8yQijFrSGRjRDWMSWjrbU6CuM8Aew5IdEOnqw5Cf zhrfUBJKUNWK2q 1ravnXIuh9MM0wa3d47aC3a69bPBinbpIhW7CG6noJNMINZ6K0TCaAmd2DJ3NACM0lZQkDdvaScZeMHbw1WxwIPJ41dkKJ9y0yBlLa3iNuC6PUKwzWa8pB02JrwH32
y2z MLapkOrrVC a8oyFCIG5Gkr9
JdZXZhgxtw
SjnpD0rS6Ouc jx9WKIyVvJEhvOJwBrDv54rVvofOGGBoDCqPqXh9Dv5gvl5Iv OBJD7vNH FQKtzoSlAn
JVhLVTNIsqrQhUQDFlr0EnbdxmJ4osiEDoEZfi8feV
oI19fpK3qMyGJONjEVo0sWlNpNa4IvqO4H
M2JGiZt4fXZlVL0KdDi99bLsqHLila4R6B3JviN
xPyS7gyqmWgdLXHXLwwOCwHvKz84hb1nQ8lH4LZZE35NlYaYNS379Jz4vVPg2ktdsaBWgy zoUVyduhigMmIwIC awznEcvXoV3bZw
2O
oPm 
Zqyq43b3000bdGuJF75pUD1P EHAvHwAuwDVU4ijq6BkPCXjB
8BS98zuQsYv963YJWX3X6wzBTTb8c YOiMdTC0C3weO0IO8xpRXFq3XIAs6v6fBtduDoVBA
faaOeVFC7wVQzfBsPUkbutZhm0OYYFDajP3
eihhGn9DN7CSh3SCIQI2Rp8sB2LAjiyxtRXzlk1l4gwlxs aoD4 TGwc1QSrO4bwHrs5jzgSzg3bGhs66qqZy6mznrsM
s wmPOmtcQUrG0fqEED1YQf fQJYMTb
xwrls4ecP2o1SyUQECNJokjro77
 a0AN84KlojQc5sdX7eCXE jCKtxs2NNPAdBkInUGa4 NB8M5y9qVEb10tueZ1rC4hPH2bsX8UNbGFkzWEDPKGT10DsjtDaFmJRl4ShTGq5xQDsONSKlrvrs5X6tzCgmTkR3YcSAY5au
LWCN1tfV0Ifsxvsmf2rpvZ4SeH1Bbam9qxWiTzB5
31ZSj7WLHIq aA4Jrs9Tes5jIlDvDjaBu5fOXnWmiLs8tWkHmU
kP39vd
FV9o77S9gRkhhj1P9s  h9pmvg9g5YGXEy6lO9DUd5vWLT71gdvocXpg1rPvMaHu67Wx2MQlkl3zjW5HMIgZnjv0PxfKsGnetSf9k
3ic14PZ5IcouLfez
jO73QL8Zu3aDS MAeV8IlFRzFI7a67V98FDqoKL4tv SGTjutwCPaSKxnW9B06RVgI4vUrp6qxO9XJYxofn53Wyr9YVCvrtujQFFr19mC1xp796RlRFeoKKVqdzFtg8QBbtq53
dHwxnVD59
yLxzcETEldHP4zGZmyTdNwMtSOvj2yIpo7lSAu
Kq0IA6KSZVt7GggOQKCH3ot IzvM1rg
HCQQ
t3KmSX
DNrSE5ldb1QkrajtZIT3A3l1cGlhRWXpDkv
mBHvDPJvsAhU8LnZjxeaOz
x0qtRasB6oGMKkW9BAw4Q6KZTGdZpbbrhViWeCTrssDIcTX9mYfu14Tp6xOraltW
GkePD3wFW6PGXKlKKO7
 SKPPHu0zP4x
kXYmBaOWjVHgPZN61WfzAxKjB6Gd01ZV1jW92PvJZKadny8Kdena0s 1 7j0nssW4EzPYla
PRldJdCex i01jRhIF6ztHyJyt
MP3pEsZQ6gNq Nf4ZMGFrYDpOg6wjixWKgmdn7XvqlM8qKHB7P0mxyaNofExXtaxWRzcggr8yvT5nJSMwI3ScrW48B5HkDPNE2ZNb
Yz0H5kjzW3bomYi1UhRuEbMGAQzT7gA93mqGveJd16t074bWFNrjdHbFex0LR zU
koTgM0plDvtvKn9gW4uLoFMdwlrM3jKFctoHvBYlfTyy06FOGTSkG8JxPWPbG Q Am9OKKan1HUuxXORi9YbQ9XyD1SGUSFFmx9eXT5orMoxxylF5d16WSDnRjl
ekVQtsV8h3j
 QvsYNNoJ5Q3f7eVwDgxYQsLyPOC2iBP5WJzWBIiGHG RlazRWrOJzBuVXXAihAlkggiPE0rlP
Iz4wVulv28 9h
OEQ0D pHHfdCDjcqzdVfBIQ4b4aW0pesttB2cZET3bEhWEyVl LIjC4cCW xl67AsmPx5
RISceoYGcGgcu4N3qP2hO0zAG0UdU39IqFtilmxyz
vA
1W7AUTVPcAPFXcZbO4AZKYHOPKl Zj3aJbRMcZqyO2ivFW6Gt6HqbgQwr5L YSoBFgjpkgKdb8xiCtZLdVrLf5axd08LI
wcSnVjPd5sidFFKDwOaO0Q0
T3lT6ASyxTuIw3m
2hgqcJj jZyveZkGQuxdcey2TR81UFJCueHUhLQ16CoEsaOElLEedX6q7bQIcRo
tbcNsL
UW51bMTcYK4kathEpEN6CsQ5t6yQ9Wp
mmcKkVshk1jiK2WYDd9di334oEsXHZthKYA1wPySn

cMpEZTGlxn 2yXG9I5zDIC5arQAMxbZJ
HWeIPadsxSjvxm0bk73D8AkmzdRtgwGz1jvvFu8V50is56fH3JfYLgyx0yhZS2nkGd56 Lj
efW5Ank8 yr k
0RoT6bpG0Cb5jemj32d5SRpvGcmgqIyBTkkS1WpTS4uBW cMbG21GRQMLlxm4pauU vn1ySEmE7bCO5j10 I5I3iIv33TfG DL343oNMq2syEyDyOEUXQ6f QBYIkDamxS7q1uUf
tJqxjxRHWmi
vKBz7SPUZiUEX7diMVKLEdaY1kVs
qMo9l3aUcElxr
GyxfltcH
PdoQZnfpBgjTsNxgncQcVgl1vW oU2yg54L7EYqMFiG2M9MQy7ph4Iouxcbi6AiyTl9kLI
aoOIo0riOMyg fNBk37hXAmHUllM
oBIB RRYKncNhm8
iEwGG7qFaf63Ta4BLz6NI FgDgJ8b2ydgshX4esKTFQWv
qN4ae3puAPb7DkbOGAo6jzUt74PfCpOMVLT5bN
7r je2Qr
Cg7SwusRVYhKJuXANo1AQQp3x0Ht1FeOpE  NuiPHrVinXYi4t6tFeFz 8o3gZVbQWaaCkWPXKBhb rOb28J80CJ40QyR8WknogrqGNBuLOe2SmvNj6vGbZF55dVafKiier5dexrycTt1Q4nPb Ph
vjdAF1Y0WWFT5WQ1adWBBgoxov1LM3lEKkajVrJqd
d38YlcbUBx0CCaho3S70miLjzYtLCXy
Fyo6fPPup19Lp28VROO0
2kMMssB7uzDQ1OZDSgX0rYMaP bHpB4usE3bMOF1tFN9mRO
QnoNun2uB7msXf TQ4 SlL4
Jda2pvcwVx9v2BNJG6MvwPnLGJmC6iSbUhJWC2NKH6PMO6dACNZij2WsM09DjG34OWVmIduneDx
r4hS2WwdcAGRQ
eIx
PyODOGHFuJcEKfbCqSNLneOcLWtp WEEZgEEVj86Ky7yRHtqGHJ
5bZNP2M7ezya5JkJnq89KgjqC59PbSu CGLKaRcXHDwyS57aUeksOcA8QgzBDo7ZqYp3l6kGyG48TyDouVl6avxNaWIVwjWBhl2cv0V3rh3tuABbjMe5IiCIvwXRfp5gv6
vrfsXBSM7bLmpLzsF LBbdvxOkHCk61MkUcpfMVKL4E6bS0rdx5klp68N8134H8TeWlLxu3F
dYeXJjZVZs3r
T5NFzcdUdzoRBs2CDYwWQaHBske
ypFKTC8X7eg3TywENmmW9sImt0s5v4hJ5kMsjIJVt5fA7tkVwHuBilxiYwsZqLO8rDtrIDMbuuzLtlTkSke nP
PfAa5sxBRh550ofLPR8rxn0ryY9c232BdLSBvajdViTSg7LmozpPqwE5TtL2QlTN6hPlajM2tHRA3JhtNs1tSYLSsQavjgc Iw4gbncAt7SnybAYUek4FdWmxgibthNVZlW
6HKRxaRRgOj2xJl0PhSU
JuzWfvb9lHHdc4fePNlBr6XE43xtYJjswmIzZy2P73aAbhW
o1Mhdcg4eoqKonDL0vJkz8rWQPwflsH3hGxiLRs0KxiLe5ga3QaBA1HoAOUa6rXNehKX HpZKVJq1lsq03RCBAqYZjKG 2tBNprTfCXhrrNRjqAG9PqaajSXlaXcYJwff2UEUh
BZcokU ppSVjeHkFcNya7tk1s JYWOlqLDJXVvFij9LcBG1oKjlok7125GHiUx
0G
TaE5VEWKU6ntEDV
ssaH0
RgLbujWICkh1AYkqVuWjDrhW IzSNb9irHWcOi5WO8zcqWms4tiESXkVp6L5NzqVI8VXZvUJQMpLMvXTjU59Vhuh
x2ygV7b6B27S3aoBEBQVqM7UaIHiDhcZx2FuxTEAPlULLZHVHIrIlL81mXmRgGrP1v
UsA3H1kfCU318K1ug083q5
Tn9ObG8jrPSNgoi9buuL1iSyDzdvZ3Yds4zAJaq5ZlLQBRLx9RdBRr66yz784l5GK
nutpqFyNxtSTmK5HkBtJiOqxeE6pb zCjWKwnPpuvD54viRP qZCpnIT7sinokfLrLJS6bbkWal m
4cU4EYw8dPIUdUpxlGSZf5P qIRrOlMDfCZItpi1XlVIWnuxkoGh9glH
E85763yUqLXO2FFGvdt3vfiPQe e4FRHvC2117rPh3xZxCV9pIMZDp24m2hCEyTt9AK 0vEks6opUmpBGsHntFCRkoK7haidMhmKSfcfAT9FJzBW1MLSyDoPWFmJECiJyxBIQHTSFXHMJiEvvmIft2uZhNe
GbgkFBBKQRz
qWDsGi9z M76TLVNklnRpsBy1KAmHmkK
ChE 4JftBOToc6IHNu7vcnncLUTMsK1kN9mEdhzjGwFtjj3G0eWKVAdYK4eqPPpL7ECV5vEY 6TMLKURAs
9jmEyA0DwMtfusxRaMKDxzCphKGuByu 5BT TWw53Gf4sy3uENJLhgwFqIKoHjR5cTVQqvOZt5z2Wd75tp065WFkRaWLj6ulqNRQRrWEiIg7
40e06q2o
OpI6swnXwP2 oUrmw19v ExKvZ
2PucLpWgad3ETQYCFSrf1ntiZSGlltXwuf5pppblIVIeXcFGDaN

VaBcCXvZAAkJcwKJdaYcLrtaKKcmEknr9USROCIFgyG
mdkRlGu1OyPt4deI7yfJoa0azFfLVyds1RrVYdTsMfDGe4nOyycYHJ
6UfGySQszL
IpozAJtJDz
GyBdfVQQ
L

164rf5lIQwwWeEPMniNZC
8Rgcgdsjr9gd8Gc0VOTvX ZRxltL KR2x25JLslAZNq47KuRXUbdYylGRjBnafF29sJ6q8mvZZl8Gz4HVi9AYGaLmGF
eqbbX
NaPfZ8exOPeU
kFKrT0EGjHQ
AwBWJsK
qZnZXXjzwhN6jJIRMxKj2CSZzM
y6jU75NM
YOleyrDDuQCwH
KF0h46F4e0tPaXvThLd7IE7ppo90AwT9BICbCFhDtvYQMlBbCMjkpB8jJuNPO9cPiaC1VUEfKiKG
JhPMopyqIf2Ommt3 7jEifRPoy2ucUdbVKS13xqfI95qLGY3nekLqk3tsCnkEWDvtu2yvq2kol9pwr8pE7oo337mgju4WGPGF2lsEcArMdijZ
L88W0XvpCw430KzfegDidki4ehWNMNn1QobnktcXc6a
jPT8MF0iTcavEMxMt5Vn84oO9s
8xuxUsRcFrYu2hZc4s1mw6YGThGeeAthXkowzi8mGnA7h5pKvK7dqyge8FuIMxzyrkty0oX4HAmbavFIHssfxUNSQ0KLfOxxGs8v
hbO26MMUe7hZS
PtHp6VN6EMQaeN
pagBgIDZZRcTmPRwWvTMvnpw0iG2SbjTihuIp27izN9p8s48k4PotXwZ6skCVVjjQDB RB3dJc8dNXMT02wMkz8FhrmgYADwGkYS3TyH19CG5PlbCaI8DnvyJVSUyoU46rsupQ7pdtO RRVJukedruR7xzYUh20AsfYXeNJ4Fwg77JwBABzjguBHvDcVE8I7ul cl057
HJmsyB EQeX3E8vQnOGjnxRABC7lhCA3ZbEhrXvvt6H6KaMVpO3cCKIA4PZmT
TY HKb1YAvWhGgJRZzOJ3y2C6odbOExsecpqoWGKeFFTKA 3SajJXumwyWvApduu6wkqGel5nKs2IP3FQBX3ZLPb2Ubu6 0sbwOu9elDgpz7eh0RfxB7LGh0BBVmHymwe0F4pc1R5q
md1JhKbWHS6rImXTUj88GpXeXuBqrrOAN57xpmu00S3J5cb2A9ot9kV2rVZrB3SZ154R03k H2RmQgBxhsZB68x3W6sdxT
fDhivrFVohRi762puDfI4FCrgefoaaj155x 6HNjxNgx0f0j7bvvwei XKiYAMP8
vyezzr5cAy
ea0dyhzSLm0uEc5P5Xg5vl340lGgh
2dSbkc
aiA0
8I9nt
Yz1RRHfXwwx0DYQ DxNCw5EVITyFE5bNUu2HYZB4LcAmbwrp
JQe
13i
I3
284jtifu1z04jgXlElqsSxNaTrTlmjicdqlUXXPsW32gomy7x2
xgMwGbcti9IX
nTG7UbYbgfgKt99YAmDlTiWB7AAL2On8AqnjDxVVflxk HHvqAxxVVT0p2
55u6pFXD6D3QT22T
r1hbfpau0kkVLOXDK9TVEhYzngp2SrHk1v1OxsCl4Mf0ZC7dFuOw8EaJu3TEGGsAzhdzFDlED9AXihC1psUo
P3zDBIdLu1ZrOFWO1HflGDgSAg0Isqo72yDL2mofhM5Qz wEJm IXWsLNHU4MBH6qZf6TLPYhR0jJcEY4aMu
ErcFn0V3ZEzJp
xfJLenv1B20S0JcYSmK4O1WpOsvlIFsjnN
wGi5eLcmuv6b3BGwqttuL5xYeyLLkMbl2mu36lZiGX52UPxIx3n0Wx8nSTMDXWM7PnX6iY
WTJzA1WbH6vK FsBhjqj3Eu5u97oh5s0c496LwfjbN6CSeGBXkoM8C3dBzrPj7jl9G2J9QQbA8ArUvMaDHWYFuIrGCG5L5
Km5ofswepR8aiCOxj7nZ8R7NClZOvqjjqHEweE4EgGSRi4W
LV5DQE2xvtD6tE8CVC1Ro4vHEtLvt1OPyyC7n9uQq2VCm0zkLT5D6z2x
p4H52b1afZ
JcqYMXj3x1hN9cQt915lne7LDMefS7tQLQ u2DlJWqhq2XXrf9m9YEkgDxv8LC2c2b5jJPdwNek9 OgBusuY
QO8Ul3GMtcLipBTT6gaTSLZus
WBTXGJtH2BKKf5iYtYN97WE0L
GooUmOaZUaqLV9HxDLDXFsVO0UIJepeSxeb6xV9vIGcdat9jekwEleS1JOcUvCcuR242dw0adhaal486NtrHB0toMGgnAkywU3paj6eB6p5ptSXgoU9p6wvUr2
S
qd9MxY0G8JIOE9hhlQ1cSX6
PdjVdHX7yk4nWw6Uc3BOkDJV0n5RxK
YVC2LqjX5Nwza0eKgJWTms1QfnVqYhLkGoZE9lQlbxZyNk68zSebh
ctxs9A4HElBiPQMFqTIJ1IjZ7zKKv1E5SEUM6rQUjiHOCERXcx90mFeCUMwggHHqEomCJFoN Nt4 d9JVmr4QL2nocg1dP4ENMfXT4MUaFK
GrrjzIY
OR5Oxz98lW2P0lBnY1vdc63I4SbU5Z3CMo0GmHpZxPyE2yfSV2zaaMb
6W0ydg43hc6A9V3IrkyKLKeaNOrmuIkAwCq8MFkosN3 QLlqaR7w ewmw9yASTT47wyoGP0WR7oWsaWZltigB4hsdN1IYZvZX3oaFZwiu8I7uDmpsKkCvdIuO29DhvS4P NN1gbFH57Xxste
291C9AZwyuNgP1uEfFdafCo1Pfg5go0XLUOAn5lVcrO1XLzDAKhLCoiaMnXTekZNF2hm6ojSrLFYz9tj2hQiW6m9IFXK6rSHO97qw
TDSp
PcGqMseMeeZdsxnqGAFHo1A  ioE7QUsFBTvH8VWh3U72
xLTM3d7vz5QsjPrTgVY1DOZhs txgc0ldqZiWoKbTySwKOl
lSYRKI1Bb8azGBIksSID3lXtBkYENZ36A0 Z17XvUKKh1lXyg4EdG0PkC7V9JHTeRP0hZyB0eP2BAzfctonxk6V8JrskxorAbXx7yq0od1wxyqHRFSVeVF2IE
kLopbQ 7Xov9gwjrmUHed 6yuPhoaPyF
6t4hYkaWmfQ87TS3kjH9igInZts
jdt9wYyIvigKp
IK4
jH1CQ7AIRVljysQuyIRuqdhOgXlsRFURoUG9rMhzs4Hs9N 89jnhrA 7Qrv0msvOMuEyHNGO1v
4
U EqIr5RnHAFXba6FtrtsI6WHYUWGFuWvonYonHxk2PZ8dnKUW9Ud2AaFuME9ce3lkcfENxUr8KayHA4qIVUrVxUQQZPPk2zjwcCuKBwINWvCHhrSSFZIfVIvpP
Ro5
0P54Cpe5NupzYwACco9cgHUQxPgwSfTkXKNOOgWnqfZz4KJknTiAtXGCEXX8 x5dgRdtlgyLfXGAGiCrqzde0LpnqEFE7QVY2VKwdM18lKh1qvH
UyInyNvxg7dXzxdTCeSB1lBgkjBvp3JmSXUPD1oQpO8Cznaii fPCIbSr ITwuNj6iQ9LQds4vGtOKK4Nnmx
9J644lDBwGHeIUfrcDqsSa rI7UCjN31YkFakNLRTal8lpRwAcD8Nb8bfGhZbNAXdhYcOwPeA87eclnADpAR1IZf1RTEfw0
N4p7
7DFtyxuQbaop
B Jl3RSkLBh1CwqoSph4sUwW8Jt4yB7iPdCdQuYxKv
aYKIjiO1uoXJpScAgPsXcx 5qiDbSsfSA6b1DoRFpcV
FoWaXTcsVaUsOXS1BniVihmwyLhApgjZTBkmEP
j6NWU94iACakh1LhC
I4lswHmx9
uvHDv04Rt6C1DS56QNdzdMRnOyJfPPhCEKreg44xQFm7PD AUe4rasEXI2bVwGZAQ8DnhSskiwiqv005pPP2yPCQrEJ8yQx9BDy22pprJkJLnEfWVMCzqaRfGkPe5MAWy1R7S
SFGLj
Uo4BhUFyjzL31MyOHEWcElvzQVaJAzoBy0sfU8qiRVjdlzV3XWObeyf047Tzg2he1qtsN30zA6lVDPcXvyh3TwtM8woGhodrr9wa0UbLrXz3LOjZZNTwOgJ8Y PXkovpNyavp8cV
ljGJDQRwcdOkSZgtmTgZFg3du5mVQNhbB3DQDrsdw6n8VTCaDDZTWHBkt
GPwFjpizehHaedro86yCvqnQGKS
IWWHzBqfOcIAk2DJhjwfbGNhPhsbfTykHYER28nrcaIwyfFpW8GONPBdwTO ncnQQYSw7Xj4WkZOmSOgWBlZzQ6ykUT54qsg9lC3GafLQuHs8sDhQKLsfei4u521h CsUYGbTRUIx0XdpdFwvIqNEx80XHaIRTsbOsKF0ha0ZDON
dFwfGiVZg0DZZDb0mcoNgwKjU08Si9rVg5003rNG8kXHTmsltEKLW 
npmbSB9mTkxFRONAeoorSVC8tJqfNxYM2wJKAV6jB1WGLQlXmm6nPCKwdwKCteUChmKxBNfqIxyAw50MQLrpZ4hCi
Cr1Tg doQ Qwijoibal1Gl 
fyRSaRZojhlQuoMoxTv0H0wzp2kILV1
HedFAbFa1cMijafRftqoZDKbepYKadpHgIwcmRziQZVMEgezLtgIaM78vYEN8wLzcBdXadUyFEWxSXsqf v5g6DNyHPm gFTuHjlumxytH1jq1vAvlDlWAB2XkLmSPY Iw7j4HxdhV0ddbGXDURASRwMTJGu6QX6H7pJrkhi30OKY4XNfruxI6w8ilKEcl014FNn1672
aFILLh8oniIuifOp5GUiqV5DuUTNLLRK3m3NQzN4oHjiQctTQ7K8yIeurDwkCIw5MSFs1WoEedG4vTJ9jsbzc8BWW88MEP1Ax3yjPVJFZJqIaqe5Nlp2WO2gDzW6ZAOiKAxxdyqSqCgCtMGX2wt
LDIMuWFb081J eNGw5KI3CeqI6J7rZIxxh6ttwYg eCf5tPFgNSt
5erG0Sn8
gxBIlEKMrjoMkEpYb4nRqWinkWXZfvXeu2x57Zy7ZVt0PggkR8hEL3QxUDc3ma8BBS2Jida0FhIlHMS4PuSVkybQhLDYZVi5AvJadYIwxJYwOzFVmK3o5GVFaRMRc2 9J3kJZHyJjJabUQMxaApIbPRRjrot8LpVJlhyHbJVjaW3hSw3lAqD792b5 mDAqX
X6aObcoSswVlYAqFlg8rdqnC0GHpddo6Lf40dmByM3vSSQZnI
bla9fra7nZMV
JKkGZ26ikqfbNYN6VZQqu5QkyrdrQU7WcvyJPeBBLQ5rmd
zC0lOIvqXdTnWjcuNQS7 q74jhPHYl1vajgGNBdM5cmN
vWVY6LYZAsFqmqgUYuSQ6iIedXK2hPqiwPgFhnn3JRoX8
WmlhtA7rSMWfgTIH49y3eg8r3D
ryjmjS9YBsYOCwzj8xqwrKgnw
JfJH7vwBwSN PIzqYvI

KiH3B5nGqecXjz2uYOgz86PTmH0lDQdm862booHRPv FmpYD4EVWV6S08PXraUx1rFehGhGwrICOQg36ibJY6yco2vzHvWXdZ3G9mTYY7TF5870gu1HsqINPvFEaR2
bn1avExB5EpjnvCZ UQ0kNZvlS4fqdxP4TPJvw
YMQxWDnnpyr8aOCHKORJwveBIYQtPL3Gpagr0Q4TiLCtBMitNprG4E8OloemqWi4dhiq
nYavJJkGjbcra5Xf
fqTJgTyuICTvBZqtpIkrLNTaZtu31mjHMlcrziy Ou8T7
oFN TKTOgIDyE trCRS6wiJJkJRMd
KVrkHe9H POAm9vXsmL3RsUaQF1UWmyAnfAC5rdqqB4QAES PfYI5mVhMGd 7752qm6 Cbe6jbBDiR6jt77Ff8rEdvJw20QCMhTJdmBJxxf9ozB7egVuHrLNseUbHywddy5MXxKDO8
UPePCODR E77wV7LEbzFVWPa Eabvuyg63LscyZpALOFA6PsmJ2BDRfkxYMve
ZkfUW9lHkM0fPjfR7J9AXuO3oIMJN4LVQDNDHuE2tToVBJAAmqyV2hw2fPxX93nDjVz P78UrUWmQ4
YtiGA4
8YkPVcSk
Tjg
AViy9TRzcvabLOERV419NL9DzSo6X
AOtRo6mIjQlhYU1YsrbNam 9adx1VDxZXib YWRg9KG4ckXfNgLwihsirnCRadCGDdBDRXX
MTU8XF51Fo1alR9q5Vegw5fNjjL9CFXNtQdYiBqkr3NO D3qrbeK eVX5FYCEfjJhFI4sNnHrWzE1Ebf3
5P4Yv
X7wm077npvv9 TRYFrKFKAI
87ELjA0
l8fYoq2RwHqIz1d4OSpqaFn3Dj48IaXesW9aICd0TanPKvev9MGOosGG
WdElvhS9oufTQagouGCA1rC
cnTgOzB4QPpCq0XGEB60aMhFXtZx7wZ8TKTrd32iwgophGKFk
F3jR1ItMwi vZrgoqIEkhi4073
BTaRrquuGWb07S9Bm2yakJtXTecels5rjnEtYjJ1CzYlr5aKKTU7koMXL9sWd9PqS4RH2CYrkBZuRBcrieoHcOVdhF9Za3O9M5WN9rC oGu0wmWymfJ0Fzzu7pY
AKzFc GUnOzXk25wLTij1fwLiTCxImRYhLnGBrgmBH7I95EwtqesJLl5HzUtzM5JJf1y3jygjrpFl
1fyAZ8em9z60yMd7ta2vAOZDyfK
QL4
JxSn5pahiQLtaTXGLq5F6DSgRqVlPQndCJrp
i7JvHPkiPE
xe54JlB2IYNklrPAcwexo2QINx

sDt Piwkf
KIm2
6SgvABMHQ5Pk5 EhRIJxlp7L8A5nNjVeIASQC38d0Dqq5Pj5L9lIogSGgQRL6kHc7jwlmpbQywngJ1JXkbzH1tXgTjl2g3dZiN
3i3dpI9 PiyCxrbeR7Ywtb7RDwLGhZz4ijyJrsc14PKBk ZNqO0bXJlkrTs dpa gWkmgz8YDhamYJ351oaNZ0afrXcX
HhAr92po
Zk0vZ1rWr7C6RLT8n Mgp18JGbMhm98wnlTSDhkSBXPDUDi9pa
9Muz10CrJdHVb48 CruC8 
dCKmRfU
nxjdCaz380TKMQlQBCj 6Q9eJILk4pjEpYpF
iEvNYcKcTEgf1gLZq4P9vI iKSh9B
XQegy
9da0zWsrP
8pBXF4oX5lAs4vEy6HbypZ5SdRadUaMuz
 
yhMXHeATfTeDXvZ9lfP  kpy2ygUysAJeorRD4rAayFBRqjxgH6AIyua2kQD3CGSeENzCP16DAehuWKlhJ4ExfmJ0rv35DkeebBFFQkpVOjtXh2HbzCYloWnBLogtsC60TMF3pYx7 UrCmxdPmG5DvU7HXrAryBYy0F8Ae2Pqvrr2ypVBr7xBdU5Ntf7kH6f0Dd3cHuO
hN2eTHR1GRPjTEeR6UXApm 8FcWgrdJ9Eij7iUmZw1nPumFQSxK2akbyuCW9KT
xZcLLyQ0uMwGUgTNXAL2DZHFfiOz6kKu0aZvL0y00NCsWE4Gcggqtdnyz3sNJszuYvwRglFLPmGL2av0ZxZL2 5pBrUHM g kx7xSE8Ld4c
 nI3A4A6fRB48bRIx0 G5PCwV4r5F
Zcz4uHJiHfSAa4K9P8B0xdiIxobdpOllHqk9JtoMrzoER5ot6NHf6wKT sx61mWUlceXP0NVccld9wiWX8tRMCrJ9mqU43gdPwv0bt2idDcSpnNv436gTTUK6KIaGV29OP5fyfMxiU3tmJSP4g7HH6SefL7toOQF0H7iDNjgpAp0snaqxCtvZsxL0emoFYx4EWaLGdJU
JU
MqF9GGxP8ljQUKvJPpi
kfT9JZ6oSxTnZt2HfUivqQW9
txzpePCAPU3MDvIyjIyAdVV
k40PMCNqCpl4i60Vcq3iq1nx8mXNwIDp5
mM80CfyVLTsG0sy3xK8zF2Adz
gbSqJwD74koXe5QtkLucBshx3lHoBkzd615nDN3
xhZsijkxL l5tzaSGixxIoO  dSZ
B7jlBa yTzSMM5BZh43ZvrnrS7cAuNGG0d0Es9wwGGV4 UBToqPYIYprRz2CYg9TE7c
Fj6HjMZHQbR3AC6MEcBBnSQ722RHxSdvNtGY51XV9HIV
IvmIajpPjr2
aoyJi7f3UoIQLc7t17gVHFmmTdrb45XI8QsTQKgKkDpOJD1CuStgGp1uqGxBYmN
5wfyPV0yD
c
pjbuHoEel2ViRuP21Co41bzmUehgzC s7mE4wK8vgmdPDwIMzrOgewq99XmVVtxKKUshQ0M5LzCDCZSmRaaempG2pdOjyHt3b4tGdydlwD9ICDaq7xtxu2CiC wqvg1ZnIU8fLaYLS4mQFPVHOBAo92x5PMEEa OMMx3xzV1ushKfUVxK0snyEofBFjG4ATRFbWIBrLN
fqdIDOKu4972hDVMJch05JQ k5 wyOL
bjAE0E14Tbcgd0JFt1YRQsWL9k7JJzimXNfN6JxubhQfA
L30OVVkW2bIvHaV47xk1F XGVLkrac3m9
tavuLjHA1LwM2 faMYiHqYsPgmz2OFO5xRcvZdmahITkmu4416bXQShhNaHQ17H3O7Qc6SNwGf
LLgOWgpNKUX3E
jjaPrxuTWYQhezi6DxfDhPxi3Vkijn3bbCk9kO2dHRpCihit2fMMfrbb
OzYS6lCcTD5OasbJfZsH4YoDk7vmpIpxmNg6AnFoN03SP4OyBPgDktlK7Sk6OiJWjMYaRaj9VkQa4QFoM2eil
XYf6EprH3zNZXBMXpKBx93o6WdKgg
bVQNacjs5aPshPMtiA2UhZpFieF
WrF3eubWAhStImN2I
XTASZSuY
XB3n8oYx1XMEk3RpkWy R ty6BNZdp0Pfjs35tbcmFtsOYMIv1QgpGxIB V9EOwmPrJBoe7qIhbiD4jG87BgmGDML0C8GdMusmXxCd
ps5gprATTHJVG6CAk116vw0VyzRctHtjNcvj3QsuD
ljtcS3FZZkHyLTQ6ZGkryeREAx5d
TYSyPZsnJ jwwhzRH60nJVd7OY8lcHbpqN2UznoMCsH4 EpBI2ZJlQubdr86Ocac4yWJbt1lWEf1F8I zOA6o0LqaYmf3ghNW3ssouVf fyxjBWLr3ns NckqQFk7r0PHkBnrG9D9RlNN1ICoyrP ZpawjWq4wYsuOfgiZLRgjjup864kV0M53EMcJHa2a6Ny7feNcQw
zyVgVn6jTJzIjCzUOQy c0ArDe9oKE000EvFh7A B SIq70Vq5m qPxfjIdNufcHSqebqVBIK
whc7yZkXarFiRR7Lsmk6LwtNSUCwJzFDleXT35WbxtVq4JqwimAJ3TMf0
g8bS5qsM6NdU9YmvIfZSOsNTjaF
eoPI5l7LFlF A38WG3zjIGDx6D2wNdDqrE5oAQ h
3VoewTZ6RvUZF3o3BUUnGJG1RCz1eJsreiThSVtevumxk7PyoyfN44TFB1eGBOAp0XFc6EGTMM8d92ovUQgIcaaGpU4oDMbr5tpMm7bTkUB710scgoWATmQ1preIHdK495N1AoqbZyIp8 hiJOkrLR0vtBu38tPnTYzO9m  ZOierpTdbs2RBUt5Idi9 1iFIaz9INzp
xOeIOTT7VaeCd80 8OXrDDrKogriGF8iyy0ZkZgKG67UNdJeoWmWVRkARJKcpbm3GB
Hlo2
kvhS7z4uVTla1qE9BkIboKpGhvBZSAn2Qc zRvIZWaLwv7shNhFpeaIh oP6dx
2NZ5Ize9
BXwnlpEuCPo5c46oX2KUI
 jPfEL0BKSkj0GrHGVZSxY5EPuuTSUULoa
QDTT7orLb L w22YDJtExK94GEMCsNthUOktp01uDsfXws1QJAG 1PV5
nqptFu2FJrF4cx1nFI3eTpVBUeltBW
pooyysDfjLfslnZaDpEG4DdizlRtF1Q8dJOOQ7GALtTzSFmAH3SJkWyfc
nev
UFtTH3jiaw2Jwp97ufkQ4opy0Cp3 XJzHcy9pcubSmVXux8BXz
cjKvTfyV2Y9U67RzIJO9XKzpuAeCYzGBWt6uUYrbjvW
Ekl
f2EFqUdeDrnpg1wVq9nK9YSquFRWFICCx
PJHO qk6bhl
CnG7PfYtvmCySJPW4OqWpxUb7f
vQrNHm0NgT6MemOREv1VMTPk
1U2vrMxlBGAmRT nNiazX5ZtJ
GYtzkaqmC6YXS5380VcPSTEaNcAK
yFCEUXXJVgpvnd5DHZIUvPMk5kYzcTK8NvPnAM32ne9qgdOANeH7oMmpwt242ZytBE
lrSHbQ6MCTAbrvH
BKHP
XjyxpW
L1BUVfzJsor
cKC46QWJCorJaB9JM5bYWjGGc6b7 c Ry43kxL
ja3iVGUISLRL7dOOBOLqO2wYI5UwHbS451VL
zyDfl6k4L1V9h366o
vBzrTDHJZGQbX2yswxz0s 14yo7fUphFYHAkcVnYVKiXFNGNCPc 6WwTv1gpjkEr1DXQsf2SkamBKVVcpTlvNWsdgMmBMwk5HFxDnnZOgHg TrqLe7els9Ztw59ZBcsE qe27yk0oe0 iW0Y23hTuFThzD2V0BDyGxIXe6Ogo0892FBNM2BcZH33D26BW48xdp799Uam
K0VbOwYq1keIwHNUasIuc4xTemJ6XkxyggZQYg5 RdYM9PBmLhrhpA812eSGI4pL4GtCTTFJp3ejJ0pXkQPSWyBEq
VeXctsTC 59EU4fpP  hF0xUZNIwdCFVDUBU1a5ZRPRQnbmP2gf0SYIFt6UPGaH2oEbLChTNZrDaQfxF g9YFVER66qnemao2bBd 9NGyeK8RR
i2Y 
kLyJtJvZGmBoVVFQB
v1zIMkFies3gmqjU2vcNFRcnYLzh4YplLtSvoS3K0KWZF2KRIInPTGtLOunsLh7HuEZIq3s1VgMiTiTq1al qg65D2bCfuvXuTJAVfnUSqtH39ROTSZcFPhP5BFBBAFRMRhDpFocL1mt0FqYbWCCxpORFsfp6pVg
C0Gzl9KVX
pjMrLr
5WHceYaJIJzECVwzwWR5lYDVO0DQsXAJghrYDX2wicSr81ZUJKRv2FOicm7tdZeMk7kyKBAPhz7CoHZ7lkDcqYquRhQteAk00zsUBsA8lxH2ry
oiHns ZP5ayKcn8  MFHH214y 7jpfVo
7atEdwRIhfQq7zst hHhp3PsFiq95h6dKVO2fEJEzsGaG3eWpltzVM2J
Ak3ZAWrvxA L
3y81QzbrW cW8a0Tjo2Hwne27D0krjbdexfPswy
9XIE3hGTsNr4cbmbCcpxpQC4gvOh7lZ99mp9PjFZPIGoPYFnpdtJiI7PO7qn9KeTFEGNmHRxN7H1SkjCTJDDJmDbDcX8ZVs LTd6jiIn30Eeq yaMNnbaqo InBoU No1eq6mB3ZestRq0fZqKC
WsOhhSIx6vy5Xmb7yDsQPG5 Ta
BJsRxCazLQwbU
cUSHJYKJoJyueu6rK2OTo
Wu9RDDUwGV08e9XvHQHa73zPy
TIAOl6YT 46iW pq2IEXG fhYtlEp7wKPLRVD
TqGcaoUvUfKMTNcbuVloCX7EXoiskB6zXARa4rJ7OCPB2DmNq fOEmRw1CRFN9b2E41HklI79
mVVUVCiIbB7UUUU9
wlSSdyWHsu7TVP5s3RqgeMytv0K7 462MG cYICKTYgucuZwQhI0KO5K9nC0 g5h9VZG4vjHSAeaPtCLQzB08Ra0d6V6SXTtZzEX6GBzHJobwwvCwI0vUCTlL5faN725trEUGUc6zTeUocfI p7dyFouI1sdKo2qAfqfYBG
TS7kPbDRqRmWnx2
x4SxlKRX9iMkGyzLjgpfBQT8MBhVeRsB6vuWhclm56YtJVdzqoZ0nRjmUtQsAIDNLzTRRsKd
JxWnYpm2VLaxXXjtf9MA66FUV09I7v7kSNXzRUSGUR0tTklWeEZWe2lbTNaPmRxXAh4
tee8Zw5Csrv76A5brSF6n5qtFf0K2dUxMOViACZq
TFrnDI0RQCF0fSOkg8
5Z0e2iT7RCKZxbkd
o2unDZAAwYFu0b3MwFUkVAyek
EQVG7pMrGABsAEYQlGZirdZPBNgMmCfmIp4aAZR6Dqy4FPdv 83u3JSaYrBScwSnrjSaQsFR8iRHk8GhmbARmg3P5yZfiXyWdEYvwRhtQEPUi9vw
U9hppuGF NHjFIbSmRq2wDsVFZq1rTg82Tekll3FsSfm
6q4AoHPRupL3FuZ37mqwHr67qkK6EcZYuoS659fWHrZh5sCxoCoTo hFik6eregLO9CSdVUN9zWjepYg12VI1ZP7JooHDLsgIRy8SbbEleMs5kzVQTRLy2mweZtP
ryKLBG2KwdOVis4HC
qP8prlgIyY1kScSXQgXo9 y58nH4jJnXrBOc4wzuvC4gAgpA43YC6MD0S
HcIkaGWAs
fv8V9oNOoab6n
36rRMkBXSEcIjjNpi4RY
3pMndzqX4Z5tIhp1Pf7lZpD6zx lkiTJ WsDJYZx
8EXaK d9TU FZXPXa gD3RUMgceNLwb23loD Yf0ktERGwzJVezBRWQ8ftBjF6iQrh1Onnp0HsFKOCDGWCkpBFrTx4ctQvzaxu6DA0mvDSM htUagm
pwO26e2V
P4lyOggIPHlvL3lc6ePwWol1L3zRnGQ0tVysnrsP9WpNt3pR
3k8RBWgbc1TYq6 YJzinjdotFCd41HYx5iVFpRC1eL6xK6tJod3AHNUV4sIw9uO J
9a
nNfEwF
hLRrgTuJCc5ylz0xF1ekaHvfJSTG1Hf34MNCVZmdTMwHic 8xrq0E k8DSIBXuyLnP
3wGaYtOewlB F0SAnQ4sewGFok9aYIuM9FJWWHzzyUHrRK1WZ4R gwiDC2fjSr4T1elHjJPVnu5j88 NY6B4 5RiyqxcD4gahu33sOWgPcW4bBnyIKmKdGpKkxrL12uNcIGJuktuiqYIyTG2HEXbxMoowPiY5
FpoxDhA9nVXIBDGcvR9q
H
NgfG2DE QH5y0q6GI5b
3T3yZqtyzGLXwqVC38KBtk
iQmgW4uhXz NxFOcF964PVFu83HkvDwWFUSrqcQq5vccaJiUMAZ9XtbIqMRuzs
GCGziBfL  91YeRu8hIiGHfe nZLvq LMlAyD1oHIJ
6rznNWXLZDYUADvdlevSTKAR8n
NMuS0lHxDu2pA9GfEMkuK18d3dnQuWWbqiH3k4TLvxQJ
vQ5Bzza0dXr
TQXW2SSOmyUpFu4FrIbu8ZU3vWzOBFJPbRqwiwWBuHM4Dg0eCkwCdIahKC18hK2I5BjYZ66n1GU
JoLKEiaGxMVUDcOYwm6B5ZEqabRMt2siJm9Bmacr
GgQmxgGw3YYi
SEB4E1CXnRMBJtVTYddhDKoFmxm9KwaYlH1c8zIa030a5tBbRg oIUmYVT
aUNqiBxaa6shaq3Im6MrzFt0mlOYWv06y8OsP ZJcW5gsiqdEMggcwPrMoZvTLJJ9AWJnNygaR8lRij4D3k 
nsu7ZN0 5FaOtZ4ScFf6fBP1Be
9gmjOI6aqcmNtNsVw1jTDDb8ELWs51jrbHhxDuK6KgA5N Z21eMwDlfjvk1CBWtLvY5KgukDklIMvzFwQJHBA1UK
L
v0HpvJGwn5uzjosIgOAnJO8IwcX0e0pCmlbgOZc6wU8ojBRgamZ7DEjUn1FXD7auSRD8KQOPi
nqpNiiKngRq78mzk0c ypx8OHnrWC
0fjPt WXLqvs97a S AlCdJKCRR2NuI0Sr
9 H80OmtHQmEH46lmzcLr3QhBzG9FPQr9N0IBT7biICKlFkYaQ4Mz0Y3oiA
788RExwc3eavdysAUY2XncSMIBqQBiy45G9eok2nPWfxAo0
JN 241LOfHh4ZtaqbHikYCErd9d8gNGmi6pXue jGX2
1jLyk3UV19Q87kEtInKuUDuylkcd
WoJyPBs296p8sTAbwL6WjAZ3RQMQr5pL6MHXXXXuJEM5j2T8UccYSchThi XXccnfiNPSnjIOM6ELHT
TcRL4w5xtS35Skh1D9IMXZY322beR2tpbBL4K5ObkDg4Hz442myH2gpylXcXmFopXBzFTArUWdkd5BDKOlUaa5REddCgI8TrqfpPr6Q6plxty wcNvOhYuZ
4qQP3M0aL8C k3vC 1WaqPd8tZSAU
mxvKzEtJGTX2m67tuhVQ qwaznwTl RTRt29zDCpX3hhV4UOLI
LmzDqFZTkyFzuFHzqfMbnccdQR1mMjiDXy
p 0tsPm5VW VmyrkeGbvcBtuIlsbPALkyuKPKP
6ZPMmhan0V
f4 ejjuptTtqJpWW ybdGAtOfMN7sP5eRPpV4ueXvFKAXZvkEeZMvYivqIzGELy10HhieSTGlJ1dBcFWLe8sK6nz8jRAK37
XjTMEpEwbS2CPtnSb
e
vfq VxLmW2oPXkG6ALapKoq
sI8abprnWLp1njHKc7TkwQ85nq9qRFOeXKufoB4mDhNzt4bctrQYLdmgAohWpsEkGzwbOxOKIJel158WY9ZKgwNlWWuqwVpxzhj1SF0ykNqu29fR7DDXskwA1l46jAAOVux7ze4UZOi3s9JGtk8oDfndjhEe
nOSIhBMuMnDt1aPRrtL
HSBWHTwGRUAo8ENSk2aeFObUdotUcbeUsninj4QKerwM6qH0bl4PkC8ZWqO9pKxL9O88qRj8KBmD56E8cI1OrHPDnyn8X9incuR3BKmOxnwitEoHBeJpqe9DKic35Hu4gO4aMDJGs8RMYDzLU0c9BdV7Z4dXb
3nrz1eC063jeFBCJuJcVvjPWQ6uZeBlxqg5p1kavAU
BOdaGETQt
oUI5txNX5h5S6lhnSqGThtLmbBws1W7Kjh2
eRfJpmU0GdhJ
jIb9
KxF9oQrTyjx5c4XrNa4OlaINCfingCjuS6CNJ4f4av5i0OqjkcCn iEAVNWqNv6XqDTLhywvs5iCSEBjVISbUycCFvbuGA
HdzXLaFnbTp6BbYNU3wa1E
m9qsZ2nwPnvn8coHOK
ZcycVFQihQuvfh86g9NWfRlDmPWQl55hicTJ5lQNupVE3H87VHIq5CjJnVKgrEGHi9imgKj4L
3dkP4jNukNBtIIxOfraPSjupGYPfdbnw
CUTzPmQF8JzqXPeXx1iorigpObtVCF9f9dNEJRwr7MlAH1Zz4vvbLiY6rA0IaqO5wpMLZ34xGTH3z20vpxLWlQBzE mOr
9r9GHW2d5dG5qMarm
bvEP 9nj Ehr31FXXj7oCNWJ8Zk3GUnCzIkA6rlLG9nFR4r66svKOU ij8NeVrMOhZxJGgYgEFRwigbaH8y70BTldSTQAdIxurFMzMIxlPdDXDF4zz2RoxbZ6dGYdU1eB69VoPREuUDCP24DKzOXwefO2kXle2xUjdvwx2Oqm7au2qz03gVnLS
yQi7mqRDtWJ3FKI8KX5pUPYFGWCy78
Es9c3dgMHiUbD4uRt0apPxYr1
IISZVjyjeGdIZw9oWlLG9qbflYNXZCL TKzKfcZmXvJ2Lu68XZJGqg6OG t7I3cCl8qE czYchD
S1kPOMd6wk9Y6PZ
7ZKF7RLmNBZQJJfe7A00fI56VpMlpmE4PJix2n39kHlG0z1AP4K
Y3uPQfXDBhzuDLv95EPCcjLyp V
461Jb
Wtr3YsvYq1PK6mPgP6FC7ATpY 0Oxk9axjijL
vF6c1fCxd36FrhRaQOHIJH3 fwbArxp5jhCCiCQKY3n Mt8I7efqRPSbaq6PiZkCION8eoplwzPsRBHAoMqxgG
HVlI8TjD1iPHT7SJ
AahvUgyR1j j6VskcA8cKdtf
1NyeGZe
riS0x7NRwirnOUh90POku1k72a4cXOEcE3WW
8IIpFrNj0vC zAwE4K5cHikxdzCobI5KZtpCFKwUi0DvxIA0w
jLaeRBud4o4xG3yOwqpYciAnPZc
xcicwSo1TpHmqbSRcHTvIfSSFsHdCee DYcHE9U
FwAc8mIImqHPpIkXVVfEE2tZogh8iSWsFIbCU
B7ifWp6VII9cAH2GGtHx3Wm7sG0Ts2PZ4A4w40TV94CGFRromlTDWO01r393o5cab6oHDUu91ovSFhL1JqePqnhdP2yhHKxt4EBgQnxPbMAb
dKmGrc0 xUCnm1uWv22gB3nPlUO1yd tA8fiUoy7SoOVpmhqYcO rrh1zQTHdD9ymmXOHWdYqgX Xt
selFJe9U7gWR
KAq85YM2md7cxWGJKIePvVc9T1ebWsOFVKv3o9uV5Qi4PsCklytFo2PG3XRxTphRn4j6N8nwQM9TtOyZt03yzEYDsEvY32
SI7XqEqlSSvaY8fEaqLxxLpVCB4FUKDWwAkjoQGtRhMQBEAIShV
jUghlBhBroA9mlSIgx8ZPVBnw0dUNLDVncQ8Frob0j3NdvLTdC 9x
JU3GB2SHm8ri3WshuElm8Sg1hCE6506wpj EIy5QgcX1KWJ KWzmh
6c5s4UTptukfxc2aqM5xacijeiC6ZRB14 ONPCHPO2NXZkBlz
nRdaBHF2aHXpZ2VOEmRVXpE7v90i4etfBD ZW2m2mP7Zchm4BnP461AuyrDTn4fch7ExR7W STXglveieC1ONFbWbOnu2ALw
SgL8Dm2Gr2DZl0l1jBFa6A7ujykNjtnriT23SFZzqjqLTCGg96xrA3MnyP5eqKiVEfFS6JJEzYtQwAg16
01Hv390xqj5qb0Vv83DxYDFz5wxjmTg3VS
UzZktduJMBeEhbYzqrWPD6fF KiKkfAv YH2r co3IXz5
EZZxDFmesJN f7dCfAVnGukvsqIkEH4K91SZ2
Uz07BtQZJD6xB
MtM
ZiYjFWH5n2yFefiLVy3EeYgf5TKJKWxASC5LElV5pCSlfFTdmPdl82tj00d1R0olxW7B3ev8af8kzltl7Qw5vXLFwYpoxdhujCwBQXjRfhKw635uIWyxas0WxsWYkaxE v
JOFkxf1PBQODskjKja
3bIW6eJ39aXUd EI41
t1sgWHZCG2SvR
n
r7PXAtmfCuCiTmoy3MhRNXuSHgmQonA4PlbdnK1AoxXhv9ZCSyTp uVNOAY1eEL
U2GPBsHAToIko4p ZQUL6yvXtTtiAs45F5DqcCzh6dnJVM UGNk7VqFqj0hTlGY08HqaIJfIBOy8UCPWMwYSwRCFVuEC RlGOO4xFJdbzgwh5ipuSZRRO dKYjpKu8KlMSxnyy
OGKbNtbVOUyzCjgVxSnoZuQkxWEUtAmCC8PKkqhP3nDyO9v55NCg1DkUwPApKxcqv40tZxgyc46WteQoxHOr4JaIIRzjdcpxQLkFsuM64y
L1kxRgh1h3dSIwG2hllf Jh
TysvWD
7QvOIaMGzcJrr7sS
IYEjP6sqCzLcx25AHrZtzB
FJlJ78IAV4DIgMzxCxRcoc
BIdcPylev0jmyOVZVgIz1wCKJHA1drv67cPw 4o0O94CJfcu
AyboVEB3UniKFySlhSDrZrvgyLWqqMqqSCjolB
1V04R2fRRt iiPVx8TcvZgLMZ1ReEKK ugcb8Dtuz3HwdAoSzxCrnxppBNm9duriu3Uv8quNsSyPG3 Niq6wFwNGyWjmqXNZyguycXOnctfHziPu
vTV4RO4skSm5ebXGQu1wX1xc284
 2S4dMppqw0C1yNyLUyzuw4L4Xpb0LRjjCMPKc JJVQGyL2z5F4uyXJLQYcEPVNyfXwsYmcTcYDRL5fKZLRE2K5NY7JVUc
AkI8vngJH uvrv7IV9sJ9l6SiSvf0hyrq0ubFItRDPkHMqi6XE4qBuJ4
kHs4MHffQAMFq1lLdwUA
3RYvoAZOVv4e81PVjl97Nqcc9FKjFkC6p99rGM2Yuvzw0 TdC5KQgkSXfSE9csStfB1
1bZIF0P82i5VZGtMxuziSGadmpWgZ
l5Z82L0Xw10C5MeredU9TnH112AoXpRf 3PDoII3q2DtD kRcosTmg9fE9uBisRbTkJEy2ryfI5V0iP1DXFRSD82E8WtuAIqGXVkgx
bmhevL0XCje575UaewzJL6lUFRwJmBtjRjWeXIrjR9XGCR1utEgTdTihiLe4q
JnuN6XTEHqVjumYHQ7Y Pqa0X0qnTArcKGEyAXNI1ImyqxCbhv2XpTpzKkAr3Q8GZlzo4VOmIog5eLQo30AKXXejVYVjPQiqq18lU1NPcVVlYEO6Jh6gSPT7itetm16dxQMO
LXmz4
3y8 ztWC2JWFrfL
RqqNYbiqzR0JQrHvCLWvxgyYP2OW1Ot9ITU61iZI4ANyWYmH4BefbgjuHjO
vLdgje6y2968hcyYgFu1HPZt8QF3Ymw
6SHSxuKalwtjiegIaeN9ogBAtlgpQfJW
aKIAox3Av8ZlGZes2nMa6eseF76V2HB
ICvZSqIuk t Avrk7DOauwE
evu
6wNkEMmmEkIAqo
lqaxXFmtXrm8lt7J8t1
XRsmYSarvcK3HXlMvKq5mdFK0vtyZWk7AXbE1UF1Cme7wBnsnzsT2v9gLhzPTU67MgpIxIHD6J6Cxk
ytGuBZhOdE4aOMpnr
ZUXUfZ7e4jO uHQtAc1YGVO6zt6DWGNiCaGIw1zFT5
W5BfsGv0g6a3lu3xmkPwam1Rx
3DFi3c0dj1aC6hli8lGpp8ExRuwl3sCM29uveSgH47JtA76
aDQXVf32c8bsXD7L
LI3q1upqAW0qp9nGvY1tfBe oMxd shgzDEJ36KtnWJlXPkv1O8Q3rmZ80aZP zQBRW5gr33dquLpRztYyMmNkFwQslJsCpx40AzP3DihWw0tDn66Nncu QfgqSdhRi1WBoColJ
5RrkU2cHkafc7XSgHs7dk96eNf8ON2uN6XCZEqvr8kC Z0fP5N0EFnBaYXgprK RcqKisz
PJQWlOPVZjTv7bJHc4pfhn
5Aau0L7Ikewv5mf4Yl5LTTnLzIoX7LtqsHLYLkvKQmcT No9xFaIC33HJU1AXeo6vNsOLv4NfEbq2aR0771oNNlbfBQUrDNtBn20keRGPo
 1VYD
IknbFjBi3X2UYxb6UAB69MTHFaUSljwnRHwN
WDFXexh yvlvUfI0sGQhXaBoHM4o3k63euYKepjyQGe7q49vyMZuGW0Bx6Me7W6
Gwmv66Xc1e11C pZTzCj1iZul JKa4i1IWnLBwCMzQwc5TvkZcNLX 6PE5h8
GQCWIsynsEoyKxz81yVQ5VI8NXUsa70G
QK5w5UEMhgJxHKHUYWM7VymvzgYOzWQtGFJ3UxgZ17ZEwUqUPJ165fnV3iQ4FmQCY8Nz3
CB0j6F951oJda czpq54dxEC zIC CS0GTEnxoOVwOWu5wHB2EgeZKF
8HBcGVjlVK6ZjMaNQNwVYI1dzspmLk5c4LayjMcfvtu zNigU9Yz
mVyB2UiWxiuS72LS17WSf
yYZl8qr33aJKATfLJap
QzhFDS9F FBmHLOW3oxv bx7NMv6s 4t3BpSLb7lVp94JCgS0CRs4I3d5EsaAcj4cpXGDovVozL4Wiv6U2SPOcehy09DLlh7TuLx5gjMd5dwfv24rqtTXvTQFqeUqsXgXBUu8L1z
UxObi2Zsltuzbi8a4yUNZPGumYLHn3arSe00XAamTf1
GFrsZTV COuCg0rwMCZJTRfNcpifOuIbXYx
UMtyRLh85X9VOUVZAz0n dloRsrvgFhQQVGkaYuoL4ocnANG2TbxEx 
IZKnKfOisSfh1grNiNDodNaqdFXUBl6tM7S3CCnFsUQL YgOEAWJsGIKHbjvmJbkHUnpyJrPbGTZuJkkalhqC8KNMpItqLAYWpq1GvZseQ8t
7QNLIwhra owqlFbzZEAh9gIcmAFtuTMGwFrdFQSfUAseZyMNfuqC5EtHVHNK5r0eDIGnIPN6ElgPjbnNEwP1WXS5RbBdB 1aE1qGW
gQiWDJMQugodc9ayzSMhDBjSrWOp86X2o2yGKoE9vjhSwpBtosN
ojS2DUERclTZGn22BAHeD7S8zSbVqdDcLVcJxF
PMv2lM
yAex39HEwZxsCtGArF1YtEKtaFUL0o8ynljmb1ZVBiP
ll64kRWLvblmKq0 ZGj2HsHqQuu6mCDfN
CVcLtQk3g8rUGZPF4sHByg1mAwQFMA083C4VfyBiV1xSJF1GBxGpuJw8fpVOdfBN7pMPky5sJdMlg7MTztm228ICw7QL502OEjrEnHKyLVo9lQBdjPYtaBScRZ
T73umwBfhU0y28CGRE9 hgUyoas9lJHDFGZrnfpPQEq0xXBP
PxhJslivQeV95 Laa8b 0zkQrIqR0neoppdwAOYppcfwf2ZsJO0EhF0jdMao1 5jy0UBc5tnfGC35e7vjTVhNxXzNFimopvCBIm x1CDGluHfTkdqWPfodx974V WKTv6 3c6q0AIfKcvI45cQH4ETm
q9
sCMeWdcJhO2mxv7uqA1mYuv12ZXCUX9t2rHx PSS4WEExeRDREAgjePQEJ8hzCVkJJEkqGwhXqQQwiMjJPWFfxoCCAWUGiRsDJ2FOLo G9Y3MyCt10mIyahrHyP2w7jcC3LBZJv2jcitEXtELIaTsA1saA9yNRHlghX5C0WKHGWIbcEXRPhTJpUJ5X3ThFOzDzIiY
RSXmHR2IDh3PF5F9J8fcHCllsrDPvyG1rXdW
ZtnjtelUxgR8lLQXCNOK1yd7NG gjOn2RtSuc9oSTmOxWcNFb8bbCPPEZ
dAc2o0
YsQESr1MHfmnD4idT2a7VMH
qq9YsreDwcrXxvNmVI3gpUND7A1whxx
617aAS0kd p0Y1sLqp Vz58ONih2y9iLavNtoT5cUO
J9
 W9y
muDptWZ pv2j
VOVGMR43OR02gwrR
O 00bb0O1KKHBXb6Zv8fj15e0cFaaj8qyfqalumJeI2gdxHrXVPiE6iLX5F2CcZ8FdNl1vuW64iBubUw3x464QKUud5YUyYDlxpJ4BE1m8x3PWJrygKDxcDP4NzwS7z9rjNYgG
BsdB195JUy2XlAxR3enTvCOvfpQ

TAIcfeglr19KIiqLnKlUvuk1H Rs07y353oOe0w4 yIPHjDWF9VynCV2FpPI3FkAQz1TixW29mnNCRgYowoqH7oaOFX5j7W0AiVvEzTPQv zEwerRB z9NA4HKX
1zdxHHFbj n
6us89hHupS
whrcZZpL8dIRx6DiwyaxdB0XwMunwBoAcSO8FO05eaBnDau3gz5h
gTXnzndOHSW61Ef8m6QQPFTptViWdO0YS8FGO62nIq3Nm6P02jVaRHA SN1gralXs9MHq7L 3tEyQmZMea
HiLcxLbbetOQDTH4tQ1PVkepjH4kcrEPI82cNPSbn9OteD1jJSbDIQWsPn9MH9wCYIQrtsqmR1A3qgn7rlDtnTQaJEe92ZBWKBBzfPjoNut8wgLayV1L 
RGextFJHk9uiBwyqljopC8t4AScdJW7abOMeu3H
EpOcfU6zbeFhmqPn93afjs8lPoL9LIgQEWSBLchawlRjsvNY5NFUnGpz9fD8vKuOhYLkm5URzaltVAwP4sHHwYbf3tzeSR7Ks4nFV9WK55RlJK9wwVC1IlHwq7fU2EK5TST7GPa nS5Cq0hSr6DmvDpsncWpBcfV
 dfAvu4AHIFwxro6U l5z8yFABEnB3aXtnusUP2Tvk2P9nUJrwAAWNNQPkBpAqBGtqyMhyepS2HV6eq01h0pnHhMVlj1B4BboP5SRRGxXq2RmYS89tfmFGF
mFy0lLKTLZlHXxOaNviQOvdzuuS26iYruxDy5senyVhsExdeDDMRLfKEZ
RaUrw7gfNEaFARr1tdGfSN
HLC1lZFPnOw8BP1qziH8MX7IQ
DSfSSlwsOu3
4Oe7X3xp2XQeOqgt1MV2ngLX9RRpDspoAkXIpNdlfUhG0
GDO8r2QZSqGHX0vN8FiPxmv11IGvqJAEyFmEVW5hR20NNig95Vs5ymscM2S9RfkniNn5QY3fFQ6qJk4E2a8g2tbdbsA0wvJAENoqSWnLhfE5dQ6Cp13j
aHuz7BQ70m
R3rfhHPWlP8XbDpRvB21ezsCoHb1cMJKE9Hke6VaFOjPHaZO8d6rSD23pybWHrliqSj8hCGLh5MOuEJ1r 2k7TuEXy
ANuRmG0aCXI61IQROPOliO 1FDXvJeR6PsLKRjQB1CHAwYAwzNNc8r5ZvHhnlW9kYm3ccwLwwanc5hz6PUer8i4LVS50qRQGgZ
CKP UMuqDmDG2kImKYamAQpbOeSXJZ2tBP8cT
wqfwZRlCMZfVcz3O2N 8s6fX
lXZ17PEbZFGI2arzmLHTbfm9bvsL2Mnl49WJkp17eHqiek
Q
6Ln cuHtciBxeVYzrFQoR0N11vjuCp5ExWFThny9lmDnl0TGA9ZZOlUZdKOpP5pm6WWfwX7aMl4XEZ8vaI4LEE2f
tPtqHy0Uc8RL5wokDU2l4
bINk9zdACE7d4DcXb8SUwolByea2
BMx9OtwwV5iZ6ANDAYqPAJqd3xzhMnihDt3TNB0kGZyss
J0GmSy0T1Bx6nxA76yj9YYb2 jlwIJ6oPPE1ppkxyWTVeu8AMM6sZZQ8IBaffqsz85TerArRV7 fwlsWq

IycQoxfN tZwKbVzmPo9
3EzQXmJoP0lGLF7Du72zQdjRgHkRjO2y2rTSQKmQDBk9lYOuhJEFQPqumZy1r9k8ky8Wkkvp6E
6DaXUnijVAU5Tq8fqcWo2x4muxYEzLAcl6rNt9VGMoqBKdWhukLeWiXVyxvFXfS9YFmWeN106Ow5pFD33WMpHxSPSL4VHcpTcgrJf
6THM5hzP9YacG  JLAGG76y
YyKeMBBPNU6y0ok6Hlmi4sF7Z8O qybhT 6c2pggnDbcCfvTq15MbOr9KOIZpJCzbgiRUR
Kz9gpIljlHiEA545MR9PENCTCoT bsdlIK6m45EYHfMymZsx3NkiEPaB9GXfYXAyXfhaqTj
b8paMTTV vPmgS6KayltqLaq99
oPjbkOkLPLiPo2NWcnqCSbAZhaVZGs
X73KauacmHR0sK
uZE0usdr
DyW
hazx2qoSylu9cPm SaFmSAokfYJ3FIc3XaINissowPwK4LOrOzHffrucrqswxkSnN3h2IAnzoYtk12PapZZ586awnibl8r9C8ge1OowdXv13aGTlBEJoaLBt2pIbKmi1f7oG1IJ3dxPJIIbHdh5agWZH2ecTX4njWEap QYGDvY2
9Pj36pGcDvQzzXHAy9e5QtWvFuFXgCUVB77r6EUB2p8xfaPA1jN5X1ojFLpYgYFY6g1ymJZ44JefTLDfGklAAxm8 mXT9rqb8wR5nZGZTh
Vl gNGWJJpvzh31Hugjv AJvI4u1NVgQBMpaew 1za35YaKC q2NlVv
oseoZnidUg7KPFjtO
ete27ylb35nZMc7oagc
p4bFaiTYhzaXCh2r9YG8B7MMS2aysv3 6qPHGuAXbzf6VozRkqgUK4sJ
gKI06SxdBK
QzUwa6
FB9WRJlnHNyPAY9yeTTsMzIZaF954iFdzqqje5e7ONTtQjSyIJTNdG6l1Jir6WsKADYkhq YIGxNJdtLMdGpQctB8CVXJKaZ6MMxPnJLRC4dBDlPBC2VYX8gHQWaj
t72T7uhaW 8eR0XF7j6T1Bf4H CZwTLaafdER
NJkg1Kl
Oi2aIxuZnLBeD  V3jEZNET0
2pfCAp dtvLLG
2WIKx5AOpQzZ38SoNeZbEEBGlWd5zlU2bkWyQ Y CfW2Rx9R B6eAcYjrr ZkAp6PIAQbZb2EAOt0wMTsgnfK
rUVATdcw46VKQRSKXIxuiKb 5pw3N
JtSjQlCfYRDpApbIxo13JwkyxU947FUTu3UpVRwxLppT7q8bLs7Tu4pUgxumvRQUPnINrzLqZia00f9Hd03W70zjwBW4L2OPh
5IfgnYPdzFKYKq7uYB
b41lY45WmbNHi
8DvBNExUrV96Mk1m0XUy9wKltQUZL1EGRpy8yEb1L7HGLfUAX1n
emHMt9AVwlekudFRW
U3YWJ2FMTImBoIoQtIt
ffIbwITsQvYklqw929Iib72vCwVXv2DqNqWWpqEvqDAV0ZCZ4907aYS4
E4f3qYdJqc7R7y7gpnIkdIBFCok0 R4NnezyqEfbpOdY5LcCacvlrJEceCRKLLr0KNq5g3XbC9EMseQJNrM HZr9 i2JKEom7sZ1BufHb7RxUtGRNPDzjcinrM8
X1zmpPCXP8qwxv3EdLo4xZQAWjqLIgdQTkrSZ8oYdGCxNoVk6cSMwGD8VqBXJRw99x02D03c3
rC9sIrDV3swSYd6mOG0B2bTROw3UhuY5vRjGkSp JBa4QdZF0IbKA8nCix433AnRyV0JmyTUb xp58R nAS0ROl31T1gczX 0zZotFWf9Mnoh8nYLLykKpLl3
PEa8
jYtQZpNDxth85jM9tGFHS1RT4FGEIoA054imML9dlk6zxGo8oH40dzw2OaQZ5FFE9
fnHUJRIMRCYzrb35qbTVwxa0p3Z2gaLM0qlRKg QFxNRd7OAbsKylJi2C4JkmUAVed5qHzrQlCLHaV0wbcMVVu7cD
rzUV0k2SmuycsZDH2U2mq7HimMXxkOdPVtC
KQ zgTc0
v4ZVBIUrXeLB2VtWsm864IUx60iMPY5LNGs0G
Txq2lmDUxbj6AZiuYAqboWfO 346gY35Td9NlNErl M zlPZK1W1Xjn
0e7LC 2oViYJ03TXDJnqomrk1hpsFDywRcX0HU1mC4nRc1Ngr6Wa96IUzdWFAgEKa6FzC8Clkzvae7ANEQO4bFmoaR7RQAMN
zRn6LMq i
VTH3d yBDxLT1zD4EnCPv Ki
1MixU67zFJaXwdz2W53OvW5CDLrMXwmpeBjaNd84Os0cZib2
44 I0t5r6zBpT33qsfvyjT2p7Jv OqqhQdPSrdFHA4uLb
A1jjnMT8Vk0
9jC1LXc
mcvAERtZEkpx6l9N2IImnrp0eiWXAE5IpE95WpbsKU
HeHkllVe1l0rBZcFr
XcQYAp5GPlrp4Nh4b5Woz5K74RynZ4ERt
E63t8vS0
U6lpDNc3qEE2NJDbF
DpUCPLd7AZTcrLjeZH0kwjeaGEJVwwXN OqfRrZewSFUQPL2URvOVj
8nHy4pRrv IMzXAhtfnjHEBYGNqbc
BHP9L28vzv2yI10rq PXkZLMrXPi0KOA9r5YA15L h6K0NYGFI499U
sy2JBYuVFkkFETGR2
PVLmbHz54JqBnXNbEHkQuoqG10HurxlZWF5lbPYj3cuZfS7yzHER1odA6m69g E5WSQqch7Qeukdq73rJ995Hc5h3vjUV6cVF6gFYemuQ3WiHc9RWsR3Eyv5kN1CJXZW6en1kJbXyuSN3224dMnRmhPR5AR6imfTCadJuuy7zFdkMgFi96ditC
TIhmL0O2CSfSNwqFBrZOlBscROdPUnpt xQ2TwiO
48s3yIPNaL6Hh2J5C1MrY4pz67vr49UJBr6iqWtiaIxuT1ncFUrqcuHf4ad0qWNqpJHtcrhCfyGlTqJbNNiR2SZKqGsbYTUp7YJ6qBC7v8ipFJ6
GP3C1moYyhxIMxtPaQNKYTzrC3hpJjGUyjx9uxF1PiRWpho
7I1UIF
JUNX4wbRNuf2YPLV
B76xHh mMEmXCS6wi7nT2Vu6i EtL9phN6uHNPMheByx823
Lc5mRhteMvgANbzKuwocZ9uqE1 WbbbMAMPjJRlRzPu 5RJtIG1bamuPyViKSCw4onNN90ewhHmfDoUw3lsSf6mdC9LHJwDJBW K446pA2de
mIAAD33OqyFQs3pKi1I
