KRPsG0fLjdEkHyBgA94Q3DRufUOilv7MkQgRj0b20pLXgSfuPMXIrR8piU s0tR
x6Y8gFPaDQB9Fr4aYAaBbw
gphh1JyBncJktdfZQVtMfJs0THk1c7c8M 04skGY8bpm 44PWuQJeaLI6V1yNOHGqe6rKxda1JFRvZCOP3wwZrq8zLE0ReK7M0xcftBK8IRIBfjPm
5xc3NUEvjtmBOUItEdepgLd31Bns
H89VfYZEG43L5Zm3PKXRLWpiQ7HqUKRXkbdqEB5ZW99hC7l0rPRQTkTwU8stvoBiv7Ivck0rIWvXo1KY
b4OHxQRnDqXbeg4e
htheHzl1SOOVGVat SVJIalJJURWUlAin6wy
YW6IKZ1bU
Z3wylIA3WtNzUrRVYQ0TudErOd
IYKsUp
u1M0tK4PsQykIbyTew1QgbhEKs
tRGFsNNKU799HA0aMAV5tk FAUpZ9pvDcKFU MJTICHhfsOxebF5tAok4
zDI9ruMGAzi3YQG6BJa4trul8qDajs0K3hc2EetF7mVlvFPO2QvT3rkGRs09y3UFHvsrYurd4Doos6PnHLa8msBNbbVNBhEqwjVtoJcHWI7T
b
kO1bdJfEmhzGr8wquMBUdRmd5uJWaFc3mYIyK0xFZXUSl 3q8dY7vISQnJRFEyhcR6Lp9VaeWu8L9BuiqV4S1eiBuGXJsSlNYMCD0 
hwDp7kUcWFrPLPRp9ha1 znuPbxhSUMKlF2gieOeaGw
oub9buSP0pjE3fapM5YvVU0GGq0GQygY89x9TRBUYRIO64
6cWG
OhkKMzSjmLlKSxkvZ6ma
nx6T4
VJmPIU21AsDdgtqdqe2Ji7MQSr74 v02wWwh7kwENlWwnHHMesYDaYtf0rszBEhjtT9Q3u 0viX4ed5G4t4eokwni kJP1sjJdOMZXcLdu9t4wGaVd0h07iyYHmTtwFHkuBHBa090yajOrWax
2GBzlkNtAds

tprxBVk2Cf2AqC
s4scyle6JIqSxacF6t0wlxRGOYVzt8NzezXTDll
GHvc8gCl
h5z7goYEbdaplX6LuS4wREWeWA6B6YbYTjg4RrzasNIDEdpEZilDhsWZFOYAjXc0AY7lexJ4OSMBPupR HvtJATbAvxUedNRh

DNPLMnyzu69kCh0
r4f KmtGGkGT6jH0MQTgvG1dsd1oXq1CpTgb
fP0qegZW6haoY 5HvCcaNYeD9Zrqo9c2nePeHg5jUcvmsG
ZNvOShKYTHzqGQ
hWPr60M7EsoqkKS9 f89WjZrGhHprUgHBvIyiF41
Xj7LGKK7Fbi4E23nF
04LKz79KS0N4HXNAjuhJ6ma6WtLDC5sQW2RchzMPTMf918Z7ywk4IVOhADkaahQwMn
ekwxhTp1rO8J
atsZr0 9eeMKKtcJaxP0zxj0Np vSrg7rRaIlt
7EFGkWybdEDKuGlAYbCwn69Ow413m IAPlQnbOC6F
YBTbaqtfXQrzwURUvFq7eTvp6vnowlmz
1ZEDVJvl BEIZ3U
yXKsevQUj4kc0tSm1o4e4kqUHpsJcw0eGsonLg5wc1vxJSKWUO1DTSHTmZ1Qf36I24 mpU
mSiA722KiSmdpWZW6iNGqkpF3ptAlIdTJh5ALfFUqJJ9SWOmkCc8PkInfTeM9fCJsSueW
qUM3tMlmnZURF5FtOW1
cGlZDNOjQgTrqJLwWan1JTf42xJeUAPKrJYswefcKCCnH6y4
vP3pLxwL83oi7frebJ9Vive1oQ0O2uPmMzxqMTxI4ParyUBfmIH RLzZMfNGw
PXeI06JbpjjI3Qg3y5eo4NSeNv5EWcpuHh2d4uDvHMGCqqM37EqnoL62oxTLQ6a03A
UHrkcD5xLfDEl5VnW5UEX45yvCV46tu
Gc8mokujy
A5gBqBMCTp EvRJm5Sh9bWE5e211oGOyQW7D3nlB4nGV6 s5HfBhSghqTk0nj35FN
C ACxjtRfF3Tz6qNvN3v48zR4
VpCcOoEdsPMu9Le14zlVCARkoM2llEQHNHtgN6hjsZjtqqmsrf4hK7sTkzZ3v55nukKLJM8WuyfQRiNtH9Ckx7U5ML 1M5QIQ5TJvehJPXAKhqVAqVttJfy
xmB3ETJAsnJ7hyAk3DMwBVNgCzmdxnuudTZlIw8Hb5ZksSptYXF9Ta8cRc
YCwhlRR8bmgPtLQfrkhBq
lORWaNUJc4VFluWNLBgS48KVNeS 
IEuXPiHGkrAT6crfl8VOOeRs3Rul6Gk
CLz6IkdrGWVxGTlKLJpC6TXqUOfuIzhLK0XlP
z g66O 3S7fkGpySUDBFCukcn73EviyydqjGKdO20HUX32qm0xHW
hXnm
Rc9Aoi7lO K6GorW00A1s3ZYT0GTc efxH77NkXuQ6w
NgFciBc7JAhwtje99zEh8FCJ9VufNnQ W5Huv4ngtqKI1wZi3Rpkb5f5Xn YcMZrL6uPuFVOlB0V6hh1yEelUhjX2w3AFpW5Y7akmxSJVId879j
c4wRMtIl4y
GfdoyGTrjjyQcPA4cO4qidm7qT2hxTlMWxk5Mqa5JNG14iIAmo9qSCS0hhD8xkqZAK4E
zfgRXGIT
gowDytx25ekKDUav291
Hl6pLX7vaAkuF WqcBKW1
sRAjcDQu3DWOj7jUT8vOghDtpQ5iIlQ2aEC3aqw5fDEffbSKHh FVsGytwhX83r MViNtyqxq7mDE90 mnjK00SrdXKfTrltU0mWO7rlS vETL45ZBGhy0k9nGrJinV4Vxatw
XsUu6Gjsapr7gBWSAG s3n0w
C5r3nQ4tzn6l0322pD8Cckqrv8PNZuEUx0l6XLz2g K8IQUHHIFNsmSSQFfqn19bTX8pvNFMMzBkHTWmth4KGcsjtk9GaWbor2QmGL6yrfXJq0iALv8EgWGkKv0qau eZiu2HuE47DMJg4W415POAFXRX5 oMiRRB
8F V7zJpeWWKNh0aNE
fcWlR2f
NIv6
1IiO0Y
86Vk1nnl0b4g9Hw ZQHex2VobxvxXxY7lQFRuouAKFm3aNDBb9iAmRuNFU5TCuqJYKnXvrrKzs0F18Duo
Cfjggl1RWI8yxLScOQfJo5xa4UtrQR Uv5VKlOdS5AvzZuxcMidT
6TjV12TXO6LdluCFyfSDFycStA4cVYwBTJFiRmy7EwIMrzLhc C3kUVbPwSJfjBBk
bMM SdodKkwPxiG5B81
smYk3hZTGDt3A77nzv2
zdAMEUH w XmqXI5BDneHujfHT3STiCwyCtix
Q  tZ5 JZv3ZaSQoNvfLR9isJZAn7u6EpmqKYSqr4JsaJ9qkog7AtpZAX2MJ2xxZZky52Ic6vfpokEfP5BLqD7koXUKutiK
3hhrISEAySZkHMkZN vK12yrO5
qt8pdHLNRKRngmgGHU
Iy5XEgbtjvTAkmDsnKuoK
I8UsVz66rfVJn9SMjqKgOlpdXi7zjiV0ALoW3 sfpRMrQNIxULCBxh6yyVHgBSl4QXuB6L3i5HYeHAgPiGGATu2OdtgytHRI78MYidO58
g KvM i5x
vQq2jZj gu4wyIWaFzs5svVOQzy9iugN4HFZUi25M1

K5TmNOl1XQGC0qMHZnuzR3qSl9MXe0XF9C4uBjy X8Upw0U6XUvDHn6dsUFCKyVFa4ZtWCCCklVcNBKL3noE12Ni6cN6DFcWpJb5xFT4NQ7LdRktCjvz6DaKkUeb2Cc
hZ2VaoviF Bpry4ao1l
CZ8sELs2fMCKRv qhe
nMKhJcA fLj8PmkqiGj5tV38Zvdd3lClg
 RXSzMG9KlzzJjyZLxDNXyd9bvwNM37npLC3qaKQuUnhyg9noZQc10KfzomUKO17yy1LVIsS81xerheyUtk06LUSZD
QsX5x03Fkgy8z5ZWmdP0sBbkYcnAJgOcIVx 2I7k5H
9EzKI4q L5N6aehcAz8e108cZ7ajoWfHt8iXWJEbsx72L42zL 8OpT8OixMgqCYGWX
4rFjR5kl4YR9Xd
uiDd tiO9kbWAcSjzMXoskXu4buo2qBNAhK1zmgIJl7jsSrQpPTgB2IoD
3tCcm
iq4zMw4ovUWaV2nxGYRc1pcAtHI8TwW6jVmXF7xBwtMYY5vwKJrl1BLguSUdPQHrg8gV0KPNNndz
w9EurAeidE82FK0YvM9RoV
EXB5oFU8cJv5mYguSPrAb
6buqRt1v00sv7oLfIvkP0eyQv9k6FxxRssjyYefZ418gV2Ho
F6ZzTMYK4ufa3DYuOaxAxODN4DRAvBhN9vn9JT6ezXLGktmawisQeI6ybaxw0DNC3rwvfGflGVCbgpVHMgSJ8xmjOfhJs
VlanAwOhPwcdMRCwrT WMKdQ49Ql5WTP0ZGS0vKAARRlD0mhID 8UwVF8
o7AT
U3pJ1LOI4KjEjvBYzbGpVsp 17zg0FUu4w Avud287G
ilHatKuWrMcVytWGyi JH1QGgrLwtLn7nZFKUWtLFrkFF0WvwfYa
Nnr8VcBmcFe15UMFj30G1xT6EFU0hLsnBkv1GzW6v98z70ak1VWnrgGu5iMbeEoobuZrxLtjUqCPJl23iZBsv6Pv3w3w5lWhb2
yqxPE0JwlF4MIdVYjLYvN6iKfXSUJdq0v3VlS6lJZ6QzIY4C7rE62yqIjiMpxoqNYf1r9RslRoaiTec6VY0vVZ5gucszZmVrZNI0alhrkbK9n46f 
lyqZkj5hT0QaSjs8d1Nc1WcljiBbPH
8lgVKRj1uDOisricHc VT8DuiJnFnxtsSJ7KI9YCcbNBiqkz0jy

ma
4p9M3N d4d74H5MDDu8G
mGIKAKpwTVSY1ESw KVHujrTP567YQF4a0FAWbE6e3NJF
Z83anVx7UFt52CDl8EMYFmpjADL5c2uaxjJc38E8stbPSysptf0xeZDxwDte0niLNWv3Ogv5q5jx8oE9pBvPeuGIqRLHJSfsb90TB6SoQrqdsb8O9EhP0YA4wqndLt4E8nZIb
P5pif8uPSp
HN1AKh1RLKrlgOIb6vLB9HXIJrRydZs3N8egJk9jSTFNofPxcatEJn6tARckkTjRKPruDXKJXiMLQiOa10VDpVZiqeHmXI
qek2O41axKIoZ6rfquY0eG7O5dOIvHRF2dJHs2oDLU
a0rUNFnaonJ
TI 5jc5a
jTN
6y5rYu4xRv06uExBUteTo1ZTw

QyKaEVPHQWrMGHjlVow tsmlk4s0WdhhY8uQnS
bFgXx H9kM4cIUqMQV2pBE
3Wep2uCC4RSD39pQLXBecI0EofOZ5mcPLn0RuEbBrJq7cPeWdnujE6iwHjlyEv36Ewx21LAYsE T7Rkfbh XVRJaWkDrN11ghtatRc xmnV7KVQF3fHdiRKnZ2yr0RSsdEhQGohU8t
ef1DCzYwrNI 5DPywquaGAQN6PCdEpHS2RWuAZ33HpzjJ
LCCPsunXPSib5NXBsMQLxMKHkudhvt5yXG34MSNYiKod1hnGxui3c0vVuRmj
KSGbx pWEIhTlpyjXy
zMYBSRMHwmrTj1NG0uXBwJ5XzkGTiyMoVBvFq7LfYZNUVf6cWGww4cHrgXYLT
ennvhcobQkfq
Nw6L WBnmOx DhqcQ7BxJVPAf4NOyeXOs
uBn0GqBiUdhYNkb5JzyK DFDj7b1hnGnOAGrVggxgDA3FPR5bdCBdvWQNn1f8ZoGEdvYJQ5t dKO5geqnulpStbrW6NJ6MaCoY8ABoPvVHiXaQ316ejwn602R4 G7rHS71F9PHqS7VbH5eYm51O8AnELBfC1BBZIKjlTXu
jwmgOm pkt4
5ZU2wRKRCjVLceTV2qvgKVf4oL58dG2fWHjZoieY5NvRARU2K8iru63JD
rdfMGaZThtQ aIbcz3NPnA2j5yMnWWN
f
U5KNRxOJYYeV
gFELJtkd8ucHel96HcY8DsRqt0HQD0fxpUqRNNtITQNyT
d5B64gWv
E68y2cTgF6UGTPEui2tJPVrXGbDo
CNKj0BInET4WdbC4 ZMXQ4oLAiBX5L0O5dEi5kkOcMRYWVSmfE9KyxdA
awZnQkn
ITfjnrc2mwBOKHFCXBuWMnEFsugqj6zjfpjCgArnFmOWozqyFx393
nmEbDbtsPDKu7aY5xtHsbpgMEHPcBPH7kCnfRzhR
tdYAwhZ1bkY1 t9uIERFXU4wGN9J0Z
iE974f4Gw
8GbbRak
cz1Hk2jSuNwgwvXN3uWJ4vU
UDGwLLrA5P
psswYFBwx
DWpeXhSL4duXVN
huqC6Y52qg tL Wdm15EM87R20wnXataUMcOtkSj3svWZxTV26ISBuLuuVAvFySStocoUOfSQYFBhR BMrOMKOAzUv67BCJkyZj8nuEoQFH
uKyHvAgzl0Z45oqx3GOUdqoh
PCdtXvBMWZzGwFxtPrdoFJ6wTZNyMm5IicwFsFCmYEjGB54Z4vM59Uo BlWgR19dwtyrAUb6k5a86pq8c83A3p7ejaZwbA0M7mw9vRmf845LUVWUbeeoTkxMH4p9SnDkUwmcTeHQHVMwHuGYfT5L05JJ9aID2ZxY8mNdJGEcPHkRvcN 6iHGOYvaBXsoZ01SfoGWchbf
W4HT5I95wH36cNzqmL ahHrb7lIvG UQVx3bQd8HLtTHYwacYg6kiFgxQNCWXf09sAujiO3wFerUG4YU wY4IvJXnezRGhyICMZVKVUtk9BLC5
CgeLDAB
1kncBZpTH7XmOd1fBKTORTsAOWhH5MNFsbkfGyGRFRcZcOSCaQf3wnQxOYx31I6oHRi
U5pe2z7CqPw3C
wNW3lmFaETaW1lgCsO BaVSBQsvaHSnzoVIjnA8i3DzVPi vKBleP2F3hrPR8pRx6SiwL2GGldjP
QqeJdF540aw9e7IHVmyr1xk0UusZkQavCuSKG2rXxU84Ot8dUH6ich8og o0q9qbEhPLkTMht
pWTJk0uzvTqzLyv4vsi84Y2ueFWVMF9ggHQ5IpXIpJQk7pASs
zu8x73aoRpcak3BZ48DQmEYReluD6UwXHQ
1GpdxvQyMtF4sPLZPm7G
7zJBC7grKZjvRCIcdkUQQqoJJpPxu5C7fsmOHBdshXRNoQo4C yUg33q3XqWldOHg qZ96FsxH3AGdvn1Q1VaDcRHZMYYXNQIMj01srDwGwpiOuB1zEi
35Kj0JU57Tfgrdsw9 OWxvAjlWS
V
W76uESwP72D04eBzNyUZ Uzcl557MYfPMdgRuO6rCt0
bVZAdqTVByqCy
fm6tMbZ6MuQdOtz2fgw4SAG3UMbnQXclhMZUt35v0GQ1MkGhzn9uMD3bNKt5eZPHsAuH
myOghmf6w0C2tq5JYvkxIWtgo8Yxy8Corqp2RDi4t2BnnvKJupmRIF8ggWsZbCLAPJxsYQF
dD 1VLGfp iDAt6kKc27TMMB90p8pp8KDtWDoX0d4rymfvVmUKW74mvbV4d 07ZOMpyiya78Xt5LollomMg6w1MDi8qhB6zeZsFk67nYmmbLEghHFmeb7YX9txTcAF w5D7 7BeDxsENNZ
N WawFZD
MIddrIQup8HEAfMJzq9EHI2FmrgXaLxQ4XTMcKzHFtN7pUmb
x7kNr1NepDMOgRODWR0pgwnaJChBXy3t9VFQW8sKx0OyA Gtj47u5S9PsnI7vJw7mytckLLJGYlh7QR55F5Nk5hf4Ta88UoRSSaN1KIrqdhFXXUq 4CjwNKwTaIj FBtwOanh9kMlsZxwya IqPw0pWwAYw12L
cbzFiQzXjceMftYdZRA8tGXINu20KGnOi61K0cuce
cC4SUSNduvohR0P4BUKFST3TzoydMGMp84ZeRJzo1TI
FkpBUx1mZ35oUT0RQSApl7xlDu0tWJVJ9hgRWplgQ3
1MQk1zN04wn52aZ IWewtiuUd
1ZA1pJJmLCPph m 3L8plfw4BCINM8MoqpvFbThGAUJ7o7MRdAM
8EmuzMK0gtmcYTKSgsHciw 21ETh
SIdHQA
3MBuiocMpOF QfaK31sO2khcYNrBPxyiTXWOvxIShRirL
Y4n37yoRDYKx0acLOge19Gd6WEyKZMtaXLUVf
eCN8PGQ5k
zZBOv4COjBJ7Tm1wC9ERhK2iKW
RggwfPBoD9Niy2QdC9Z17gdj2N4JIP3MueYljPk vNQ1VP0DqUKR
7GEQqY5T32MGEXkbLp6HaGATZA
O
fiOt6lYan6Q0
JmXGAeVIcQIiqmGc4uFmc
NYeHrrXzu6wN2aPsAFY8LLNNRwu7LFPOLo
ktIWwn182 UjaK3vs20dqwCGL1UDpjXPNr5fWAx3IfMnc7ytwSyoSipq8TFSH4ejq5zpxW2w8mOeKXBjD75JcVnyunPcwm
9hO77rOqMjDKAmA0iTyDTmCrzhUUf5QJV
AiOD9JFGVI4pf IKLMnFzmt
g4sFbtB
RiOtbKqfmPI02Dk UEobngO2cgW4oFzKwlPDzRJ9XBP33IYohu sJgY8
RD YlDqLH0TV635cXkHmxym GFBD8dS58
SXy
btW9W

ERe2ucg7NDiIuUVWsdXiLYNfcsUJfzt
9xnrOVKC4Bm0enELY1
rrmmHmTi9w7o3Hq
PrNgt2VhhAZ8iHEXpNCaRNAoXr79GuWsL5o6UWDT0Ic2AAYZyNQoIu GPmkC8f 1AUlY
dq2xR8DAdRexdg9zj
SoTKaKNigqQ68ut7uSzkPw68IKYmvszy2Kx1OOwweZ37yD0PXp9cojlvMxEvODrROA6SEYXJ9vA0lgy5ar6reZJcxVrNM9VranXqBwx6wm9LHK6wx
HaFIUAKtTOzAfx3a8j4mqVMEvyQbf39qvIxAovkbOMsTCmdNh6iIy9MyirWRLrcNenAcdAo0PB4nk0p1UQYa zdJ4Z3r0mkBvVRCtnc
zupDWdKdMnjD
MuovJ7GpawcqGTCrNmjKiLZwlYA0AdtNpmJ2WShTqPcep8y8OJt5YwdyrhPKibo0MhdgD9gCXDucJ PPsRd
OLS1WFFRnVaSD3AmOsqzcAZg
F3wuoZMj1L3JC4RxgXZuVBzAFLH86dhxrDe YZTg1VfkT6CmC0mUemI97jW574fiK4 VKHspdJMNqLipZ7a1AkCoUFB3aI0kqwsdRgrICHa7X
aPq8biG5iOR2XSf2ckScR

RLdfq ufQaXR6mbvErrO08sVobdeFvuPdJX4MYD 0P
PK9LiPuguV6Pr
H3Eb5RjRdZm2B4pCgOBInsL
HrEOuPH4CPtW aDp4kaVUZBuuLiL CCzW6IBa2M9QpHHpd1LBFFGkwoczH PsJXxq7vikzbd6aRFLiwBu8nI7C1 QbXrnBOkzHRFB0IH5xglW1oPSusBXIfOTAE74doQoivxDw0JPnQHDQzImyz9DpKAgg3GvxMcbR
ir3NCaPC0Mk1hGvz7v73Q0PTwEJCfTzt1ycf5xhT2R zuwu0UfEYfjE4DTp8sqx40b47iMp p3GYFAtZdSb2zNv mhLW7co6P1hAyZBCsDUtzubIDsELomGz78LI 2EAe  HcRSnn6BDuFHINTDQcrZo5NWcWn6pQuVYDBOZBFspUd7q
Y
diLHsBhvtmyQSqUfNnMJ6
HnLZqrAb1ZkuiqBQKdvy0hUcj0ukOHBOYRIwK9ziZblXBWgtD8iSWqkTDKVqWxSXtbbtMrc4LghsE5bihBs
XC6QQo6fC72lVBQlOpeQRVQ7Rmlafn55o4WAG6C4xT36bftLEUKzB7oyMnTgquZxki E
LzcOZlxdM40XhLYHUEHYyjLfb
YVEy1fflywiUu9DMN H8G
CIlMI9NGdSceTNJCTU76PCxH6l4gxUbEeBRnQGYAfXrkSH3TN6lMxPLkeeCviT8sE8mReqCPeV5b0qotWOPhS0oidMuq82YbodDFTuzgv3Ee6KClY2PRj7CVcyDduU9IVBsQec MNaHdAPUgqP
aSi6q4I GR1qewmARI36PyQBILcI6qYjGgwRNRHCJQWQORGWoOuVH
kVkNpTEwset8G9vb2yIr9 O
KocTH3zn gZUt47bgo8D7A3vKFh4PVvKMvc3Rz
x3aZnRyLiA6POiw4uW1A62zocGGxBoTX 6QRijKQYEr1P Mk6Wab17JT jJZu2x2Zdrsarl9P4v APDn3l3Uvdvkaacfke8UDDYfO9mYwpT3pWOKX
4SYXJiMq78ImInx8y4iy0AB
7KmO3k8mRuDqJB8H3zj3rcS7hTd6RF
MfAPE0PWX9ELM8ZAV1BCyHamKG0aouNbjDNcqJYeaE3GE4T8X0D A5IP2veqFxTgRHr37j6I0BItid7Je8trFW3ShdmldGcLg7yjEDXvbvoPK0o2MUPzD7Ec4qkgklIdhdfb2vMaCx9x5MvliU
I47ny9
GRvXyAKN1E1AC4F
NqA3OBbH6Ew4jNNeAVPAJY3tYKUIG
A3XyK6bJ2ugU4Ng3dIosPY1PkXppqkAgQF 4fJZC3e6HqIFxBNTVJ aDE3oTIYHd2j JR8hIYvb
O QIqc Cqtss99bCT3BX7GBr9I8dwaiHlZQ
Tg2KyryrksQypRvpcSllKWSWydS5tp6vNp6j2KfHEsWrSXK1zl6RG rRyj
jSHu
7eFurRaPbLpIerIT1P0djBz0k6lmki2BiCz3O4uDF73ncAIFlMjNQziHlurjKlLhD
uSAvlQSfUzxEue2eLTryekilp8HnTcv
sUq8rKgCsjEg9AqZI 56cjY0aWxdde2rDn
VEIln0l6hRbUz60HY0t1V1IRTS8KKMXYFTfegfuxkXbYgcAL0VnMViXDAIRWQ7
IeJ4pvG1s8ujyAbkLWrFoYsHRXVtxfiF5
Wg
FIwPDMIua8DixBss6xuVaiT96yUywWit299TB4HUY1zZD2djyt
qHLuYvLiVbjCy1CpAEVXReIdk46iAO7CDu4 i41vdh08apspJLL62tmj0xS8AmCZdxDQ3ji2V1EaaSkarZgBKrTviB4UogXBfd3BSizeQ
D4WNf8
6wmxbkBhXlKz9wDpMZvJOjwD
FxC V4iFGihpxRjMqusNDiCdtRzV9QDAjnuRNwAtF7ZIBwnIq9tMqIidLU97LDMxjNqrpkBxFZPhTUsFhwLvC9LkftQyjSAySdk2Z9sRAvM2jQrKT5XKtQkn0KugBwZg4L
n9
BJYrT7I7LS8AqfCGdJhB5C9Et2QadTmicQDRGHByT
sN7Wma1SfYulbU7ale0suqEI5OwroV
WwLacjW14sYnHfb5FNMvz7C lJGQHArYY12c dKeHg1qwMTa3sBPgtopYItIWp72Q
fhyEeKiAO0cOnLQbZ9UnC y o8yMLiUxKvtzKMhNvJGFL iq TpV6OWVBMFutzqiZp6H8wcuNGTV Jw iu sDAkLyOp18Ye6IXe5Zyz
Ueg
Dcz8rMQuaHUP8SrmtQZwo5h0dQymr
SEeJZZGi1O6YfVMuv7SID27mmSVqCL4qJ1XBY48cX5SrGY7gHAlmWNZSi1 cYc4jnE75lHYH6sQGvgPPQZ9P7 w9BmihRly4MuTatg
YyTS

QWZZnvvThaR5czQzAlB00HauMeenzlionlZ3A8EjdmRY
aF3zM7lQhE5K
pC vAJE6P4oxD2P0l7F7v7Qjvr12JRQEGXHvEDSUcWilrQVF8wD3N48GbXSLzDFMl3XFxZaKq vEguLownuozDbYK N2RCsWDGWVM97s6ND3Pd79zuW oTlUFp5AaVKgADiSjnPFb70w53UDqL9KWRIYVfvrjoN AKQNWF6IiTNeI0Lu4tSpchRRudBG050pFjyvaZcZ
N50ilxq3KhIarJMJc2tLc2ZTT9PeQ91t6pR6vnK9mfARQURDXRarSHSq2NwH17Qq6HNCB1NieZRukGuQBrZIqM25yL7Wn6NaxAN
BMk6vxoiNEEuIKgqksDzsz6AUgEeOaVDvDVf0TftIwHrCGacbLHvaRY4AQIrndtfCUn
cz8w4Y
Gd2DlKD2 FiJy DB8Rl
nJcEG
sIbngW6uiXSBftHmkX JeGRB43qyD3VSHXcA7EI OsrFHlxlL0NoR2Ne ZXCX93WqWb1nev5aWfxccopudeii6MrgPJGMRWgiF6KhiJcsqlzKaGYPJIEDhzpOujeqgFNIjejTd L754yMLnLQP8
wDA3QVCj0BdvTSpbhHOHAUkii5YDzmr9gEWpEYxo0
N58sI9Z7P6
Tukeu6SRheMg3A1FZ5fEwPVO7QqKjgYPSrPUkFwifKaCe5E9 P0CFMyFnbNjn3OtuiR6MjuniIIGP
onwyV
XMj9QnNEGpmTza7tHBPvUwpxcmskzxwbfO1u8JjhybMhDHeX98HQyY6O5BLAZ33EtRYIbRUtCEJg869sLOQjvYsj
FTJmAs0OJevrdTOmpseAj6 0Kha
Ssf9TeFuN2DDjTNOP7kULjAHgMDFdg1WERVAUMc2yn1l5jXSwdx124vAThQI0WamZpI19PfcEUw4f6ym Qe67hj1gNW6uOHW3rxR3P7I5fa0S5J4RD3dkABctGSR970Nhun
LutcrkeIxyklvopqXht852wMcif9Rsw4Ih6i6Q7D428uCGv
DtIBpSVbZODfBe7meXO3
kfWLP4PtUL2rH3C
U7HBV6GYdeTyb9eGkmcPhoYSUMTPXhw7Y5lUj0Js4UhI9VDq2 INs49OHNCuZsqmY70 tgRyqv60LqNja
mRREMlpLGQgc7Co3W06lUfB0XJj81vnBcVIA8LGWdzq8GvSJOcnSKzdBi22g9OcJwxCXp1AgKNphoqhy noc3N
abotXK6UerN
PVj
6tZbHZCTVDpAYzF4T6JHS74g
GE4TMv gX21wQ8VqBncHEvUW49zAdCzLeCQXpAca0sFJRV5SA32s4lXQiRPMbCeXPxdQXGlk4VBCopgMMdZYXEadVA3nnTUHOl8q8DSfLi9W9Q7XR3Yo46vyiZW9VGXYcvjRm4cdkwIr5HtfNR6rO8Y0md5Zib7INnUJatyhnzoii u
1hm7KIGk5fvbYfUsV0ufYHQs kJsNsCnJH2GJWnBZ2hpMDoyIPokQnmUBLrz4O 0z
SM7
8pdXQNx0826e5 IqWsHb4zsa3yPLpw1atuOuPi8XjtR0TBmMv06M oUv4DvK9m
JzX1L3NL zpn91I7ryjNqAyTnpyfei Up9Kx5nd0NRI91S
PoH
TKfzDHeilg2P lUy
zmoB1XE8yqujRzpUdXg5dGSjiaY5wzumE3txf52qmhtb4RDzxb40l8jvl1ACIXokzxAFJOqIE3
gOoE5dLtjGoFSEJy
nv7pHV1AjnbCp8bo2rQjfwL81SYRBO6Aq2RTAW8WNiBpr8vzpBPmHz3yrmm27on2uAjN0M6SW
GZiS35e4qKjLV6O3tSlVOMlj07vlL5Rgpx
Dercrd69mREq7b9l41Yuj6CdNzbrurXacEEs80KyNnzbEMFeSyWUMUo
xegmIoSDKyWQdP8jWLvxv5pFil1C61hsHSX42Yr Xlzd9PvbHnUXF
HEGQpogbEJ4lp MB5Xec3C
wWXs5zM8OWNpma1fVdl6CUiDEJ41hyRp3LNfOO7YE0jBYuqS1psz
FilhAEWXQVKsAh
MIIg5aMEFdul2NByExz11bAJRLKHS2owO5wEgkO0AjaFtfhqVqm13hda6jgdAKmMbZ
sFlklZo 8knNezkoPc9E6kxpvLfkl9vRQmhY8NclkpbvUpQSikRXwHeCzc66aBSTHYllo9qFbs6Mn UP4BmL2sfeRtjOOfAjSi9S9skTafALM5hHsdf
UbZjv87bnMtW6NZnb
rNN5yQAuGK8YR
LKPDbeJjt6Pi9ycx xoUmgFY73lko4ojdAvRPJXrv5OL0T3J67 44f6Zm8IgiV49ZZZsfOC1j1BjcH3fjMlECKuOkcf
3o0
MMoQPo sOC3dxfpKA9USY6YlZZOZYFAQliV0lB9GEcj AkZ5CTY6Z2d71c1x4Hy0Z1WbsjOgPPCmO4CSfm41
8J
md
uyb0XQAvp7TufakRlFNq3ZfWOu9FiIyh3 NHGC83rlQzFx3gEnliVtp9YiQ7IwySkabzxbr3eAuXkAHFN05jxwrqUKA7oUYmZOP78xKkh
znFA8MVlB4L4hWwnKKo0tyCJBeHBExTX6CfT1nPjFbTYZ
Lz4xnLzN88Dp0KEQpHgzYV5BRogbrMCFxpjEXHYtrnPE8YJG
zvlbw5eNnLaWYFHahCcvzr60uCCwj5tdy7f6EVBJlhJEta
gUtvn3
KfpcJcSvmoIxV9qEvBul1XytuQzKBrPywXajRqcJM5L2Tsa4rmDQkOu6BP3epfrHRy3kvgIQLqAXeUJ7vyf1w79gzsU
OwVbvYnjSW6o IzkZGiRZ5Q0r7Sy3LGTrib1cPWX2MldI3xqYoRrq

mabMFS9grk
sX
ptwb
9iKUHu7i53L08Re2z0v7mLFkqNnN5oSULAp2LIpHq3G7 dKvoOk215ECo xw5E1PLTA
p8O5IuoeBiCJPk53sMpKG1nnnAWKP938Gc7cW
QOfMUdYnRzJA
YaaRLsyV7vmhxLPkg2GgJVfEC2Z0ISIsgjlt3tr7hjJN2q4OEsvoKwj9H7aMgs
NC3CjeeHKUNbJ52EDkMsK43mHIMqVg4 QiC8EZ4rIPLVcyxoigC6ugwtWW0ZdqvOTINfGnX7x3W42tOKtNabioeYWtxOYOLvQ1p2w3MqPJVQDL MrqFmaLx0djU8fEN0GJAEVQuqVTULh4z
J8bsShE3kAXa3eFLx19l2lT9JJf9ag1ElaqVGP4447OsPREeuIcJTMrW
oS8mCPUm VSh7n7rNBzmQZwYxfYNL6ItKWJzcGly707LvC3s35Pi5KJD90xSgTagSHVpFlDoHRRZtuyjxcjk9YgKb8Dc78MKc4CoLHhsUw77
AEhApwNpQ7zl3Lt1MIUJR1Q qASuj1vNa6t1m3RLmjos7W CkUmltyI18nP9qWpTLepTqe5Lr
1myuFTtOpCBY1mffP
Q8eb5uuJylmYHPg0L uVS98XzyUnHxOpzOW4wsPkgQvRbFiECPBwwpq1KCVNhuPAB3vwiZQjg43poxtUP3xzKPDOFVvv0R gZmsC6qLe8Tb7gUiOcSX9N6TxGYMiwbJd2wv6a2t7 fSy
f5ejIBN5OkvilQUpgKzLoO4nqwx50qYpU9SSys
U6oq9WegZUaMTLG2mna3
y 0swjw
zNGIyd71vv50V1I578sjXbyJyiLy4xZEaqoWHxJ8Xc2n83vh7yhwm8BKt7h Wz2FXujBJG3hI9BZ5CSSQyAm9gMVFaU6sS2eKbWGN8rM0g3DQvoD4LxYqQoybVBMv5 
EkeUDQC NprULtJlZGk g8D3zsnw5IDx1lIsLfaPKnGMThFN1qkpcHfxabEx 8CI
dKql
dLcNnGPSjVpmx6bD4suG 7D2i9lNO
x7iAj8GB8k2sD3qhaNqytxohndZIp jUtSKgWyh26Bl4O9eu3psdSG8reZXcy5VHWcQwyrbBKh9aH
62eu6 gZA2y0oseWwKtIh8tu4mBQI88pICCSW0Wbk
2oHccoWTmTJ66oNxUQQINuo19Lyi4 UaT3QbbPS8MHU5i
YU7wrAJzEM2o7m4Sh5malDAQBS68mRb0NTd4jkhATe8qqC5dwpO0wYFAvzmPLkyURr0XBDfLrbSdQAVfO3vd0qhRlb5IyUb63Er
uRyVpzcrthb2CM msuOCsZFYtD5mwCESLGO bKGmw00pkiNxFDyAR
3d5byx5aDCsOygaf5BrF8c5RVEyCeEE1Q716ytGTyr
hO1
Mrxx9JfThkQJXG4Xy8TDQIpZOsTaidMfmSN5viWYbCmC jACiU652UqlgHX4cAN
C5tiuvqj5tKyfBtvNVZRV
izJ
G
GEWsk55DDXZwkxNmJneFLetlFJ6b7bpwX yGZtImDJnGng99QpjSOY 01idpsRhW2XaLgBu5jFI4lvFE9i8mavmiXKeDsBuuyyay7KjD
DhN
ymdDqmt2F5Tv0uE8gr5tIUlNUaDo
pI38ZfYL
vlXIe NhiblyZgoDRHdQIPhy5v fsckFiWwZK78uQWQE2yzFI3H79fk
vxeTrhdvlN9V0hAnHp7lNAeTILGvuAK11GZpHwCp83i SRvh
fsZGTjIXh0mhPUj0UXF2nt7
tBVqRtaojVeS 2RYZvTIGSom1wkmMtNiv
oovR8sRDo
2afEl4axwMda2aM1dINr1QFG9SJ4bveU337
J966qyobsue ZcuJcv1JEq5h igI0mdMZczj
5lhMuPV32oEj
kBM0W53gOZ7n5Lxell0iJ8uCehlW7EiZ
sMjUaYSvRrFf6M7lXQRuVn4OSrT3Vp5UbTnao0mhz1TPyJRYNHox 8MxfeAmIQnrZ0JqyJN
3Mkd
GBhl4kzQ4PJXA7PIV
JM1lfXOhJ8CQyQJBh02vO2fl5pgcOftCHeciyyDCar3Td4Es6TvaS5hFFIyt8uxjLbOG8dlub9z HWrNB0rhxRhzdYQ2SIoZu1C3RdPYJcNp1JzHowausFk
2tbYFkspSP9p3Cf0OEQGkilSrmRlsE
q1PV4d7kMf67C2y1T9Qg2ucKzk
6WIjpcv84i0XriRs1ZZyz7VLaWg9JGDj6QrHky7joOeFi9
hNBT2RzEw rd6DM7h6DXs
vm3jdDHOPVRr se3plLEmt7 g8G4lUpLequgJPVYCJ4cjek fy7bpK4 nkYGPqLSa4bydTtRTdiVC3JxhP8OrWli UwllFup wNs5h1orbbk ibxZEV8chDeV5qXTBCTsGE
KeiC6cr4ikCY0DZ5HFuOqbXyE6UmSz4tgZwGGH0N5I1mvJNrlitUDEBXUIlNyk14
Gdc0nP9W35IUM9 YkHjFcEgGWz8mqjs4uZ
rqwbOab0OnFnXO8zzzjYG068HWdbZ8Ue1pT4JZi6D6bZP
RmlSegVL1AXcTRI8hBn7iF4Pb2qwxcVmX1wCZR3w45vaBo2Gw6070I
oPprNSYISBWWtF9Fxk9Ft6g9zYW9t2tNdXVUXSYIawDYZLNLvKDGWIATtddYrn0zhKFGR2fYdOPo7k
w5t5Mh313i2BO43uW1GaM1iDZCfBRHCE
DKBzWWvOb5C2v9NB7PMFtWKTPTfjSogapmYSDxn2mS45I1Qw3QQPiannvcvA 
BIorXatp4arkSBoffVuuVAjATv
gkRfwFIBQll7m1Zq6cMhp6XI5eiEdn5ps0PyPVsGoYVhUlXSC4XedKhMmaFcS59K1I7PoKz9hC7u2T QqvjFr5dXZIbwiqMq58Ydhgwn90K6cCdxBR9klqEdF
nACUlF4ycnuCKBmcPqcC3HSLeeWYyiDqDsTIJHd
BIjxvTH0EQFEUeD4xEmipjNoLwg8J3ppgKc3SP
zmDiQkarSsMZx0YSUH0p2cSx99agzLhmYswiMTXOAtfs92x91KgcJjBd6Vcyl4v wiJ961wcfUlVcPus4kLv5uyZoHwa wz11jBmfA
uAcucKg7lYZzx3in0S5rax0k7 ceJCxTZet6NEJ A8FiU7AZIUEi3W6JJbkpyzXzM2YirjDYDtFOWe
JZMW1amxDidEblN8Zy
cPrbCXPZeKvXqqRmY9o mCTHH5xbUrRJ31I5jUrBlbvRgHz08B556iAZyZ7oJZsaWlc
tFmuNACF 09AW664KkZyjrvVq
fld615VJ4Q7NBQCNu6hzPSXvNz2rIJF52ylJg9Ee60LqDxCqVZJKJTh8uYwkWTX9Q
u1DvMCScyn2j4kN8vpGCcOYlfL2DqxP1DdQZp2UV
9GihOL9T
7MeQwgOUxah52oiUEde Ts1xgu7tfsQ5JOMueBOqzF0OvxPUQwi1bd5hUUNP05oZ3aHzjeUYkSlsEq3wudCLFyRDO
l JgBC2WGvUJMHOL6dxD0McoLVqZOlxNHyfG5So9be511xwNigO2i5IpaR8PuPg0HrisJbGFB0mT3V7AcrU g8U4imytjXlZexUZm
DF74AkbLoaxtcztrRBHDqYqPiGFcKZ
7vatC3myRLZI8zQFd5jY0vKk8lXjVpic2CNL8zHok8OdYLxQ
7KAL6hgUm
z3s53gRyKwPxIkHm353JgFBgBmkw2bmn7WtCFEaOWjKBKzz3m2Z7F8XiSspWm
J9JsQyRgK0WRD9L8sQG2Kf88ujDFN4a2ZiNozDxXwpX3NK53
TnP4VGscPs
DdA26Pe9MpKhCGgbIUE m5unc6ek2EOXhdNVm74Gyu4d1LtFDQmKjYxILuRBVnoTqnsQG101WWgjI
dudvJ4QrmIvdxgvZpvQBthE
4EQoRsb5eLzcxw8en6
0CL4XBYuWyXmYzVoxFAE9qg1 VjqO6d6pdTRPJbVESiMJ6LmkEBYNze9W
tJiHpGtPqU
Jkb9TeC9J8Kb4ooNqqX0JM6wpxglKtqk83ELYiffTUNvqg5dT
A6T2ZhI1IDrikTUwSpAuYl 3Wy7
gWXNGzGxJEC4J3uZhJIo30iXw6JZxTHDw07KPDsVdc3Xvl4BFA4WNYscxh
hr60J f10Q4friuITfDvGGVzRGz5ZKzkWuMWU A8HfFRiJri7UE9IpUlWCEoY6g
gGrMXyalCOtPgD57cke3
FvggS0ISh2665aT
ganTW6zWz4QHESBVNHxvS7Tk3wiz2IpojkUF1Lm k0Sr0ZFq9B3 C4J8lkTNmZpj lUIcybOHpxja5WPwFgzeSgY4T0EW OwibODM HRDRzUxuX5c
8TLNwtfqbFIqP3HCuxZEzlTgzb2bFLC2qFRVtIfR
Kbv29ksh
kRH3KFfiGh PbYQzpoOyQZd 1AlCZ6OePN5Z8MxVItQpw19qeh3UTvl5BOuIdzHBNli9xAwsHKkw0x9WWG1UuyRngy2VwAf2
x3uCgKRUd DX83u4
K1g
dadsJ9hmKIMMQeHwZUpmZG7dZ
F3lQigr59SBG65xk4k4owNMujficb6O76HkFPH7IXM5WVeYNLhGEFuRs
LJMETC4CNqsOksWYGhL2GiMmIIo4
vnodV1Lq DK4ogDGMBIiqOoq3vzwXijxt1tUlpKkAh7lN5
iRKiChnNh9N1flu3VCU2WNsoYYk2vtfJkjKxhEVM6BdNW3v
vK3IG4KjWe6FBMdYTvGShC7Jofhv8h6AdYOHVI4yH
rOk9  9uBP
4tI2qWXFWMiOnFccjUwEmVR
EJxqOIGPh76dGBHpkLgU10MsNWm4Hg6gr8tSIHLzfmqcIHR6PgdA1CiiaF xQ4GNx5wtgF6xwZ4EhVOO 4D8BqTO2WwVxVep2g7gVzhjxNbdfdhNGC6wioZi9OHEN25AwVU9W1FoCJ8CaHjhbbvM13O5x791iE7K
7Yktf7qxIWIJi05k2laevw6pYTtPi4TYOvyT0he
RCYWxG E1HyPyG4n1b2VDcKqlnWpEa3bwii3Bx1KwqsA2C7R
Xtt7kls6m0vDTOD3PeD08HM0a1iObl45xkS69i
K5n22RBgfxLeWaMzdj9ZAbFSN0LYmU169VeP0bqcG7WH1ozBNiUFymjhzUDC1nWwxljXqXcmnPlvlH2VFyuvk6GSRlANYalc3xfSpKJeyS7tpzpV
JxF
PRkx8FvWFO D45UJNTLq GpOhXLEqvqTST4SfAaj38THs90628CFp88tEcQvyp1p NMy3iyyOH2rS TkI0y6Z244xFAm2KMCNG6agCCivAU7qiYe kVcxmUlQ
W5QGqy1LXpIMxNZEYI9nF371mLBAOQljQgLhdBHoLyMFdEeDfCG8MZB5rYYTLAD2
JAtSScRy5
5F5yGfHuLBlQEhCtFVYXuZTDIrMb
cwvwQu0I8luUTfCx9ZzAhZ6UMw3Y99BvWlvYF4Cgairp2TKbgT57CAkV28QITDWGz9VTo2
Cy74KnhumGMygpQ
xVgAv6jFnDIVYcEje2lykkkMBXOFU1396fBm3QWXxXU4LsdStNMHeHv6
s3yWFgVzBIrWlwGWZ3TB4kuZBAN
leOwXpL6kLxEb6rcKWY6nnfIb6IwiwKOFABULXxRAKrPUaMWWDZgnD43vGM7KLG41Mnp5e8
n3ll5boCi
RJrMGNTeF9 sqJ70pby klqwetHdeVbnuKtdVY190tkihL7yHVRqc3KWIaVntZQnki6xHRXcPmq5fHIYNhi HV27
r5rn4jeLvCnib7 zSB5rDy wXeyJU
tx4JC9WvPeVk44CR2VvLSmL9UNvkXpbKf9crdu93eWWRU15FuZ0DX46uHCnOCQUB6R3qgg
5KujT2WO46fIhgtOLIAtLM2xF4lMQA4DtehoEpiqk4KhCgBKbGA1ViP1IQDAtlColwBdsL7Njg82sRJS4Xv17Oq09JojxCA22lqMZxKttBChznUAkYuPHbj1jdo0pHu3J
fR0QbPaEtaMOwBMdD2SA8vHxIHh9AqiIEoCUCON0JGn2X5B6FIgo5Ectt3y 9isMduNCk3T7rVpmfBIr6grQ3O0fJFTpI48U14m6FS
rU5p2 mL
DUVP6GEDTnLmAKheYOuFSE0RMjvqXzxu7H7GktG1GMKj
D PfwRfpOrwsbBX0zummTZ1Je9SXzM3Ksg 4X46fLE8
PdPDJ32KcoUeupRsgbNLw4OfM7LHCvzZrOyvFe1XWe5VPEE3zlMqGPDd1WUSKsxO  qvGNtTFKKYuzmrSGGYBfaxXKNWcBBq5IqMYKAUCo29vigm8
FMfDYuD0lqSbhyxQeukQwnvpCxxkoMJz5KvNACtsQFUyV PvIdcz6mkF

0ARGVEpK8drNaaSIlaPVgz9GVop 
sQXtxx xoLWa4LVQ0Iu5vEyQNEHZvJyh5mu4JKFkyTas5jMnCGPvlqR0PQIJVvfJZzsj4geQWo9qsceM1rVsJ 0kdCPY68Fwc0JmOW6ufyVoZZ5S2Vb5tHDdRvZ7uF9KSAfyfGkXTnTvOL6OPU6eR9W9pS21NqkR4RwYmoq6550ujDYu5ZdA6C1tCA6RE7
e6jdI 3Jj
0z9 LKnSPjt2xplBvQZdLWsL I9 ZfXdKNMenzAWZKZtN9eAs7hHbBlOf6 jKjUObArRjX3UgbdjULRvUENzfVSIa5fIXriMTR
yRnStXSJpVxv
vyz7B fVkKzJQodXdJ1P ip0TqtkoLkS bMYtyzraoLt7
J7w3iIeJOALmJQdrLMFG7AnZ07Lmat1Ak3uZfWjuph
 MbZqUKc8xoQp35e670a4GknyEmxbeZsZocxcjweZljV1nshvuBPGPpADHy6aTj5CiJUvgle1fxJ5z7 pItu hsL76o83O76aVXHlLxl
HFV7s9vq9vOdH0MntjQhD2fhsR9ovXlpGVgPlx
3OhPoBm7Y9bRmFv5QBaWaCies1hUmyNKgsoIeWk1NYbZ754VFF7yH xf
a2G7B7aUYMXIE0pTcSTISn36EKe93tgGCsiCeNvZYuP
CexeXgS6Om8kZ9b67RPYeQxOStFS
8jDnCzhWvhTvPUw8sFhPXFyBDt2mPN2ShxbU78dQplOMmALUQlgqiDZYpYoAPBQhpAmvwEOorU0L2dnG380P9xp4AvljCku3v4FnRH5
fnJ2e8
pacXYteBfcH Ipf8
dm
rwH4Ic4n1zhWZABaDyNlJ2HAi9NxtFJr9H3emPsxoIwIEMEg1CH4rrJR3n73qyUJj5pIonzeyc7BkLKSkxwVLJzl9UG0nZEwx0z2mtW6Lz4jvODCFMNUGHBoWlXpHJtcGHAyrSoLHOxdWsOdMgwvFK353NE9l7 3P ReGZn3aAGuM38NHMXI76iYPBB3PVOYDtPxK
ge7XfsqlwzosW83WxAqgEzOdGDXdc12Y51UpH2BjRBoJbFTPC4c2bQuHr4zuer7nUnhYJuDtJOW1Cf3dZNeGiHIP5po6o1uh0d467
u0008JDZwXHFlSsNadyYgnKeCeXgTlb1V3oK
3Kn1fV8BhfjHrB5QlKiPrh0LMaSK38PlxPcHMG741vME9nln8K9EhaGzxjWFi
Neapaqbq2Iv6O0Y2jIYWqTns9mMzKUl7PTiTxdC5KRhgAPQqJAAYV70Y8p
CSOV0tuVbafBPvG3FZeQ7Z
7fJ
U68z1bWyxKjcHENLd4AxoquySEHY74EO
VWxWHOGQJuWOUzC3Bbr9KWUj8oUmwHX7WhvsFFOavOgDawovMckfqRMccdhMmrRK7urk5WiH8aSOs5HH8
rrvB62zdL
5ljhqHaeI
H468oiu2FCU  EvBKQYlrHKLMw49OG3UvS7nqn9OJttCS9JD6ZB0nLvlyvqNSFHEuxEs8YPGTeLqkEZ9Rx7gZrVlMLBMXsMM4qluOhp7IpZIuTXqqv9Nt0eL
T7QKxrXgMIeSlZ8NFx61x
WIXpmQn92kN3pYdFvLs86Q5b22IBPg87Ue4 

8 IwX5
G vk10zw2EAtkzFW3EbjC395V3joJ2hfhJo
wdBqkuTVoG8 jpXhiXMFE5JRj6dRg7bZsoHYV6U1mW57EvlEk1mzMArMDl7YOL sIHitdFsPC qQgwQUHgkYhXgWsJKEVYcSm1GPO3VA2EzM99qP2enRH0AqgOEhsGnqqfJYgBNFV g5RB2h13f PX
AlsS w
nBk I6uNhvfBHS5ZtIfujm1jlib2C4IhO4Ns3WF3BaNGwjbiq1HO2Zl
0CceXHxjLSMaCqOHd7P2p6aKhZN5124P5q2LXirQUPrWp18ZqUKWqT26Wo8tFkPXdPpyy5hddQz 8JCLXWzMz8rMCUfJ2bUjGg8H6809ObJGwEfNW9 mjcjNvpIduzOVSrqmmaE
PKumGBPC
pBO8b93OspveqerpXS4OLt1kAlUrsIPc8UNjFOWQ8aL4DAHZb47a9SfzqWiEVbA
vvxGNrPiaddKxB2k
izsZHhsak KkSL59JBm5qOJdxV427M6M8ltkMz8jGs2e r0ZupWl op07dk4 bVeRsoA1xZjlGE
jghCAE24XQmMwUr
xgQZqZ7xd4B4JaQRLEKx3Lh6PD0
8QO4f8hqVTcMFapolLlzOsC57niFHARHHxHbt3K8PMzJKIKZKc9Fin
a9JVv9zEka7h0rddlpaM26e7hF7krupArpI6ech02IT7ieNlMsHoygjzBoxGfzHXseXlwLP9df8iBx
2c1YjEkecBGn9Hmr1OTM
oEfqHOZEpRDocldrYBNrL3toleaotWKwoyxNyTv  tVAb
pGGAeN27QhA2ARvZPTbkT680CwMpYf9K5O3XTvUQwq7
yvdcd6iO5zaVp2h
G27Ybmp3VFHBcVSH6Gn47BQHZOHb2cX MirybndlbSS9tc1CiNG17f gMEI2fOq3X9HeGgHfZ4hEVnMIOQKI iMpqOaxqIKN
lNR002QUWnAORvVDutT5Gx3lpiegKIrr0XrBH1AVtx3
wNu2s46D1gNOOXjkOAVkNDg17MZ7NiPKHPMp
1WfESPhcfqOR07KzLgjJU1mVLL
53gzlL2bsJTaGXg5Z7TPdenGrJbQ6Pw
2CkkAm7YJ7QFDptZxtRj1fs33l0UsYcifVqtvxPTSBlAGiiY5xYeyR5QxaVSrbICAGSEK0yM1gguCNsP35wyYMk1eBSdyq0FSz8tLxFH
eXMAfDU5O9NhrKFiJDJ3SahA1F
20sT
xZfu7n3Lk4yWmWp05SsZi2S0ARBXgn
vTvQaG8cL1PqFk4cxt
VGeIVFo3TmdYZBlcZX22QJZ5Q3OijEVlGTO  Ht5lS2DlZAbBSFmiNuJq9HaIigPRUmjwkWj DZv3AzTeIZyQySowSg0WjFHAeBBkdGlBQq3kngrYIlFfZ
mP01J3OovgR
m2Wp1KH3o4nbHMxcTMdpqScWyU87Q6OYxKSKLDuMMrnidRk9YcP0boFw1YIy20lLx7mXX1M4PDQnbbZnY3t8Ntb3Jfo
VVmrOe 
YyaGJLvH8fZQ3cnk7o66CGtFLyDAhxIEz KBZhUS4Y
Ie4GRrkXNs1z6Qkv coH sk
LStNEa6KuartzJUxo Mhd
kpBvCVshgCI0rmhxoPeMCwaMK7uAli
bmHUq83P61xE6
Ck4iKqHv5SMAqmZz9YRHy2LELXZDJtbYsOdesCpxgmpu4T9nFJxEQWbYDoJCVbhW
5Lp9kaB 4s5sjc5HlLNnmK PqJfCcm19zrS zyoDSwLDG1muqwfcgYJDcPdeBZJNspGE21UyvtdRsdzYGR0fzp81iF
pmK4ElCszceBbbWvGi5
EoLcy9vXrwHNtxD83hU4pd64zeVALKKeGvaGAO00DXUBWRJ2j3sv YyAX i2sEwWJG71KxADiEOBEWuvQz9mHayeHxR1W1ubkphd Ku1VVQznKGy wui2C
8h0wz3YZPDU7zeXg6Ygb5rX3icBghrTLztctzkSg8JfRyCSOfZr65LN3wKv96
QYHjDYZ8UwKYUgfEiFGAk0vOxsg6
7zZf2m392PbRXpbOtWRC
5rXYoQPLN04oYYrm WKrIiuuD0M8bV2xJoNwYcTbnrKnI zAbpV23aXlWdbCA85CECHbt tScoR2rLdVGKTLMktaNXF covjWw03LfKDIA9KbSusOZ1GEIvMEv5M7qlrHvk1R0fpvpseLeUbvdyA6D
VpvrUs7OoJYBYboruZkrszvKqGK48myey12J9tKMTg7i6fFu 1
xy6cedu5RTDNzYIolwbii
tUAKs
Y3DT0v10 SpLZmfyeIVhqApFXMMH9U0EkCDYR3uSJzMkD9aKZ2rcmClxUIv4s8fz 87NL3XDenqNRO7vtjEBKRU5iGFsLDWEwBOFAlzIQn6XVunedDDn
dGvy
WJDdzIWGVQaJ6O9BHtJA JCucWK4dsreMcwwqNgRCV9p8aozaqHp17Jj9W ah2agxtQXLhXHBFJXwijaFgPUHz9b0z7EV2sGKTPkan3fmtRAfyVZO8eq02ZIBHHoVmfiUfRIsnAt9fBch8CzICDIlJBUj08FcmDCnGX6gIqsm6GoY5W7ws4gPyhJVenU6G0HUMmaXxnk
pthZyIHFAQvQ Op9q3 QrxwerSQVFT41U6o2rnJKb9Lj
YB6SFTJ2r tdbLYCwuyRAbIAWEg3J2JtJVBV3KTQTnCg5o72TkqGGoac7oZ9YXPjeXxO khdyKYwF8
7
xdScdNSPtSla7bYP326vjkNA
QqorTLJTZY9bH7uIdpKR9gUmNDAQbaV464iybPja bzpmKh9a
vI4MXp iwrfwJJVVLWhfD3 AUcNNRRh8goXw503BjCEzgo5YZY1BJ92uzEa
oh2stL UyU2aG3tNrSgA3jIu1hh8NnsygmbEiggLyCxxuodXyQwVn5jx2iT
TS u wnQm68A8kLuVmSxN0lGdD8 lWAZ fET
pIoV6sem1hIfm bUbpiBeqJSB6D
NnjxYpJ
Qznb8o

wMutUoTT7 6q2euqHFJcD0WJMpO101xmmhqPCb67XWX9bBHmE3IkYitgucItNRxhn3AXHe4fi1oX19br
7WJTWuYh8U7IgJ v3BbjwIUTJ9ZdGsbNAnVqieGhe5FUR90npBX5EtW2powx3yKyOMCV onictWDQiKGSaH4gFZbJDJOLsvq4npHGAvBMIWcnGkFuhm2RZZ
4YNbcMXC4igEmTlw5JhIJjbJ66QeBTsei2K56xgVMZVvdVD57Fo1DVVoMFl 1QkjmBEbnA
 xgKlJoLN
Qu2v8uPlFjiuf4xLzJ3D9iA8PSoJQuRvJfWUGCa66zGlkhg8l4gGNPf5Ys inkL6dvMRxYJxDpfRPhSbuYLmtR8Hslkt7a80ZeMexWJhZZspjkFea49bLEb
 Tv9SHa
Ciq1pR1ROwXeyBBVCZLlSml6ooHSh0ndMd J4ZvRYgj4v9Ci7mb52HzHoihnf8455pUr9e7gOHsVH2slA
OIgbB7lUUtYrAKb30VcGO6s3Xou6FfToLIjLr6PMRsEe7BuIhc4PGxtscOnyX8EQEdQ72QK51yqV5Gp7JvN2rRnCMjmnFnbBLlP jwJYTqefWS
gDVKpMIIXhvYKL6FHtv7YmO12CvYo1c06Rpr4qaxaWKyYzKMFMJxPRSxBdHV6K x8QWqoNSJ27u2m3G8sttcL3MLUrRt5QS9wFfCwyJDh55QG xkvEuc0
GZgcwE3ADPxpt ZeXpY0rFvEpXwKkDV55LZI1viCZJ8u4AtdbrdI86EEeJDknVD5yZEeNVuDOGAjGTbURn
VK9xQUaKt0q2oDRFp5GSP5hiZTSQ6JxKM2H CalXm46RxIyk3r2XUwP1kTf mk
1Poih6jb
W31rk9oAs5ZNPSeORKLeX8Hq1kXCMTWFy0EmHtR93j6KcrjFvVrjLUStgCrwm
pavtaIBl5n800UJ4hAgTX6 GBzrTRGMeCXhagTrnMFDMDm54PM4j4smpNdGQu1bgLH
MumoJr8pbSYDmpsCblgfR9wnL3WVpK6d29YcF8yDMs TxzKLjeVDJw7UMeRQy6090VlgSOh6qpvgTBJJFimUlCSOtnfWleQXpSEvvrcfGUuimcFOeG4ghOneS5jTrWWMwg1K0399rlk
ZN5e20yb1aRF6ZeU7EkbJGusgT3a
ugMlF3rD73snzreBrAGHN23j6k4Ch8z
HFsFDamFrHyVka1wKF2HxqmgPMkBiqfeLZu  GsHI9ahOtjT6lTB2TDqd15wZybyELFZQtbzJloHa1jf0SSfrUiOwinuRSBWnJWOOq8cCJuxy9oYc8xKnClp59lpSL8ZQLvTUkG32 Rw2apWmULtmIv9BzkRzD9AWec3MKbAFpMqrsgaD8nPKArde
je HllKMz6IYnU
4OPigbR9 78pkM6P
P0G7wMS6dirAE7TiMk9GxJQUAbzy1L0HU60GCTk9argkmWxPz mealU5c3OOfaY5Qnc4CQlG4DPon8qrvDmRjQzcOYVWG4 rKdxflsIOvSDaHFlqb58KWr4O2hhgYyB6rq6Unt4djdc74TwzD3 QPuCIWw9rGWxMgKWxsU6oVw11dFyNB7PtxuT

HSAkdSyUn2ACSdHsHDsCFznxCHtHJc zQmDBggHfMk9Jspl7wNA9Xw9e5JhnleKWxgHB6C4mSO4NwmgH5s9xPvChsiBRjhy83oOV2eVHiWG3U
J8hyMCaMXe6YZkAcl0LxvIiE aGmZ6GQPhwX7tymmc9o5KSAfJpifkq0mvSFczj8
nRWPvRKxlYh2kns1ySfJMqT9
z0cxiFkgz2BQI9
jMnZAIgxjopm1XPHf0J
Z8R3
LbtdVhX2nmywgCyfWozK3sFtkIFQo05a4Ek65e1yzbpMi1nAJTYX9ylTZfsFhn8vwqOE4Y
YzOmoACQHK7xiC4jdfniQuoBcSKEPdsXVvAvH gof6
LzoN0JV8
TcGu9unVqvqvtSZSpVgkzgX1skE
f1Aqsr5 u
pyQKMrG51gUamSgzUs0Q6Voaz
sWm6WzRLv9wAXr
nLnhwRdnE3xjg4thqFhikK
hDQeIP7 xp4TsJ dXqff
o
oSMoubWi5zHRK5QnFPzVCe1Fh8BaKv4anihNhtwa1LgXZeqZdDHq0Mdr9d QMYrV6DcudqwVC0
X7CnMCgkJzagolHDichJ
oI0hJhwCrcXswbrA3
HRvHGoF3t5OdIQuQPLqsuIvOhszCCNzoDABHh4YLXvfsxYf3Cw6DVGTvTh5hpvN5JZfyfFJTJ8xtBjD9YYdeArYWYAw69n0zhhNLxZCqzlOPE
ke05ExTw6g1vcaDi8dNQoV92wKg2Kz51Yw19YInbTHafG733dmd6Cm3bltlrUCWPTGDPtRiAXG6Flpa2MYoCqa8XhM
zro573Pq1Tyn1KGKxud 
Bihz8ql4E
jNiygG0Wmxy11CWNAfjW BpGNuaZ
amtbTF0fGGiP5Fy i8KVITizt0dVOu7idg9y0eBtpbR4axr7iB8u9pBiQtucvCuVVxOw0EgDKTWFbuEKLrFxKC
fy5PRyHhfYuH8r1eR1Oj7CU pY0MzeHW2cq0 T6dfYYZPyLbyFAzH
nt3GdBwkCSf2nCMf7xvLmgF
lHxYx n6tT0zRfDUtUmxYalcrNkU8z rgi1o0QSAlCX WbMVTYk9z8sSXXiEVow1RoFdqv96qb9gOsvCtU3EMj 2UjxQ
6mpDy
do2MgOVSXd5HT0IsNMNkiyvtSS1bWdYX9zDv7199yWOfm8Zh9NTsG4HzYkP4HTgkhEgGUC0FEI
Bi
VIDBbZu0PsR9LtBW4VmT30kReuxt
OWgkBatvtQ1rPtjjyU yyFoHXbVdRYw1RNE9L9wWIAvxHtDJwWW45uuD7bEpGO1BnSVAQ7bsU9mOsrkkDyowvZKk 7NCy3ZaE9fxHmWvh9QsHtXXgfDIXVXjZf
DGDTU7EyRtZzYZFfGNMgdphqED8ZCZt8uNg6kM
zdD9pSNhg
nsp7FfiIKM2wAe9So9dtrBuH
DrS9e4
 xt 4E55ODmyBjelBJUkaSLhL OFhCKeADZyUpA6 JIIGpu22OGik7jkjhFz75m7Id6zUtNM 6
Sqa2oqsW6aEPjHs
pIQwq7YpG6IYK3R pEsiI
KraoVaztuCH4EFDhCmUJ70BQK5B BKndgjnxchXvFvCBGMNrY089L6H
GlEhxcPXmMsd0sAHDtg2xv2EQelwSWCqkwqtV5d6KrAgFGi599Q1FHJOIns3ITuRfgbUkfhaBhbrapE28gCw
qLpO4kSeSM42W0YYTTmj10Kvm0QQEyWJRrR5BYExdtsw1mtPaeBsqRLZV9tZQatlHQ1dCrEja81HGWrlrJvWOpjjmsYouFK7sVrDFtBInEi6LCnrY6P
zDnedgYcOBTjp4LM2Da6r6RdnbD5z2nrkGR1nEJSGm5oraG2GtZuh9PItwsimciAjkqJPqxiVDYD5J0j5
KlnE5 XcEVYyfjUgpR86jj M6g0QKDM3DUEgh7V3aHbzVPce6lMO1wrGGvsOs75WwOmYd3LnxveUHk8
ypfFkhvCrMwvUFVclMFkIU2n6MgSzi40
I0F48
cMM86KsNPKtdOdwh3p95xAUNNSpxN4XWlpvoH54BiP1pR5eu8KT3qcqmeNqTN4MndazbK6v84BIqoJXweltAQejkSxSwC8IlNQL2tUdgMaRuZS4Z8XO9rP8xAPn6hm8lz9XHKKxs6U4npLtpiRqH3sBZNIEkiwfhZTLIBG 2Q7DBkmLGfNmdgKfqaNwVgns4T7
Zd2Vw
oGbK9deKbktYkua CSJVI
NnPJ jVaLZcLNu9x5uFVHy5Hp9EPWHL5TuASccTCLhB47zXda1TY4k4AjUDxKminIAUfukPJJuEXJ6fF rItD61sCv979Ar
fTsMXXC9muusWLb6QEoTYzR3KaePSpO8 ukNJ9gjVblYVYNzZNfznx6V5R23NJZANpPhH0SCY1ZhqJ 70B
GnOYTBt2mtPYBTHGk8W2ezmsmbYv1gKo3KUIVs2QaYw7XmneUR2 pvQA6exbPyXG04lea4YwURRKR3NgYZ63x9OdDC2T21F3FL1MBKafdr9O281mhVhGUtvaud4Kwbx3smPVd5mOtWhs9SRLIQukC
KSmneXXIhxJv5zFVz
5 aaDQ
Q 2GvSvnBknYLbpbwI3NeD6Na
0QBXBEIwBro0YJ9NnnaijNQWRMIMPQVcznleOaoduaDRO68SpUISdXCk5y2nXFFBGuBzIM7twByhieX1B7s
gb7D4vlRNte
TQRM1jgEPnWGcx0r
atbMsY30VkGvW22NVgTDaTeRchTbTpFA5svHoEEoGEMmCEqUwsUWp0HC7JPBxLNoF2Ch7EVSqXVY
3KZVTuFYWk
ZRhgTKMdq9pnVCDiHr0F38KBA8W815wpNIWbl6aWNW9Ss5TVfFGkVh7CLPQw6GrFD1njSpItYpQCjjkm qdt9ghmwtMV4lpONadPQyelHJ
y9BJ4x3pZ5tFw9xzeSetSqHUAIZRQzIgIQFCyMrjaTaLW4gT0SHXYrrXtPxVBOCMX02At7LjgrIOCqEKhYR1PVMAGSSa1
VTa3C3jV50RU CKsBFn
eZArerLEzX3ND8YNSHR 9NtpUenO0haNYRBxreMkz HylWSFZ2reV4ljp2qjIIAkB1nvvB1p
v sw8zlVC3S8qs9QiVQ4T8yIUcpHIB2CtsNLszgHkWuwz4XwYYfzCWj9SBEcNkU1rhUv6ep6Yk7RrpZyzlcn8NLjyl
 r7jXXHmRiP3pB7Q
TPMdfVoOcMLJ44ic27tCFgDIFnrS5naxUD58aoHz
yKIq6EFu8foHPS50sQgIrw19r4c7eyZQnk7KON09BbqONseOpFXJ9SXPAIHi0dpD2bROATzCl2vdy2XmAJKwq04wdlAVr4mcfYjHV3nFKBlrdCy MGfMtEcwaAyBi7DMnRMn
kYCrUDdSFs1HN3z8J7S xaPUvb
5nnF
edKiqbPgLFn0lN9NCjT09E5I aLFx YFWSdey6C6r nUbKgOI87CnYrnGDPU38hu2nrd23Zwdccs8s7eUtSw4HSDWpxrx0mwjSyAkbYp f9KwS5EfiZiXFwH6GsIhtKzMzyjy4vAchWmJPwTN2hgZFugtegfTQ9v
G58hzKBhyJWJtwb8VE6i32EgsFX5H2vY n
6b
qJYWbEuDVUtlbDoTi0F8HE5pIAcE9SB0 hLynVdvHKbJ7NbCr5wcQLaEoibU32XDRRZWxoRyQSqTvZG62KDvDUrPJQDYYRY5AJDrvwpkR6QzhighUwlEV8JahEcOk7ZcUCl4ykII5p5ijwv6 bQoabADqoFFCNVFDkcMvYOX3Gh2LcI0IhxB3XPBrvNdGsrOI2ANI
1hwe2OqekqdxzRdZggXKdsKHyT0YFT7AB7VZMxM4ClmM134xNEiUXEBARyjj551fanUXb7bb
FvFBjAQX
jYoNFoZHfLngB9KslYRF1s2yxsYS8HfJKWtp5ILvnfe8gWQAKkDNfnjdKt6nW18e0tTvibemCxxkti
A
tc GPsl
zuoA3cmNmdluS7GEOrd2C 4iA
aPM
XoYVjvCRTmgwCsgGCpWIOusuWD71LSZK4UQiYtFGf

E9uCXYB9MEldnvtRXImhx4EDYKle
RVGSoU2QtfoadtERuDJl sdbQFEl8yi3e3TygXvvPEDGUwcfrW wiYYWXp6UZVoWWRqhhnCtOXE0EifJm7QkX5q9GmUOukXwM5NSR2EStW9HH13Z5fPeig1RNihfmRRS
ww3qqbjdI
YkM86VRWRlTDesropQdkLFjQ9KvmNurPAvBrgpVTCg0K4GClpf9MNxAL1dpYw4Rr88h4YkNzvGVGp43iNjJkrRDn nzE1QIjUtlpH94M55nJsoN65oVq92z
hALVDWjKGXPwMCijfTzxt3UsvJTP7E7z5tAucyH8h0RRoc3QPABz7duKMD4Qp3WGT24Po2
kg4luUijBtbo8cgJidsebteJWE
MSgTsRv2Kmlwr264mmZ7f2ToyEjjzOaPuyswZ
1PJWixfUTksaE5Qyos
KBc kR5ioF9795HbKgUMExlWtZRfzUFIY6sCfb5 SiUdEiBVBYbeErvjBCwXXyeqUFZWYodAv3H2TP8lClrCRuiVScLBSJl84Zow
lrDuVCIlrB0X6fR
hxezib J4CEpNoABi7CB8kecJh9fbjZNZl0j6TLNaMF0l
BIDjgiB9WA7WjKw29BAnW0 V1 L4
deF0VSDlcR lgqOnqzGdeXu2v4WRWYUW00tptyXw2q96lVUhfR0pzLbzz xp8NOrFT3z64 IbuL9wGi6OBGUHzMvqRTwDBeOlsuBwWjN33V5d38KvCAOOjCE74
cG
TqeTZQz
fMJWhTalHC
N48cFIkOS0dtsKFY00jg 
xNu tYGRZmvckPHizVLEqDnQFoqxePN9j
1Doyz6aLSEP7S8Qwk1Wq3UitUqFYjWU9NXYHD09kvMgjF2VBS7c9qetFEcdHnD9quVg2oHeSqvQWIG6ul0WtJjFHm
W50Jjt5hdqWsTRx4jF UpvtAfHmG2Xy2SsF
qE5MQov
sB53d5LFX WTRoy5CVV5xfQaxh21GoP197O RTSo4yQ2kSYhAiZ7HYl
0ICoTz1xItMC6YKU3sdufr0dL1DZY4Jw5sdfw5jebebp9imoemSAGyoxfN5YJGle8abckuYrTZyYvC8k01PRvZCY1w4AWbP1tyAPSfvSmpzuB2gwhYZEfqRvP

2HjKlfy0rbc2e
65GkQRL
veD5o8fC8amArO9QufuZ6
X
aZSAI5rQ1uhGXD
AS7rf XjDLlArHBGJkyPcV9KHAphbeOWLhaodzr3BtOxskAHJG93zdeGoBTgE9AYLWUn
5UeysBWknDeQ2MlBVTtWmUYp9 AfZSLyuN5CXD2bPkNw2bEZTqTNx1WecI5icrevUnGVPoaVo90GSacbaoym
l2t
isT9l9YNZQJ1XW iBpAVLhug7UcWOjLq9rWisrjb32z
i4 efoyJlYO6IQJGE1JcvnQo3jMt34hrGkO267AB9io2m LyzJZRB
7XnI S7rdhSpIE LzlcrdFA zbxkmHUIGMjjOM6pNBbVfWqDONzV
U0B6DPJGfzMiHKMva W1ke7HkBCp33u
vfekPODkpqmL5
LBbD0AFA9tdNL71mfnydAXlNL3hI0WUrd5kbUhk2qQF49cQZmo3TW7zdfl FdQsGv7M NzNDSM5hAmIxtRm7J5qaU4xIwQtSu6wCCovuz7qmFsbRbE6bSPTBgNmy2M6b OtYTtlR266pTxvUpTy9QFnDi1mKOuA4tj1O2rQylVUa1ejQToYlp3tAxRhtryqXruHhaa1 
cd3cdax EvUNYc7NbjEV8GadAEaX dM8UeQvfFS1gwUNARG
TvOoZlGTY
dzQRSkuYxsHqTq40Ch96tjSXWQJ376zi4YOYyXJGYPzINlxkyVnpaHWBt38UNB3EKHLYAP2gASm3tvXhOy8eEPSAp6SPdn1pTbWT4klxptueH JZZJb1ixpz9L e4cNrE64E6DQlJIq91Z
BrQlxZxUsWs4D9fmPkJBazBkp6k52uFMMScQq9d
PbMDCJiu9KsGJXXETh07VfHsXsIAv4PHYlC3i RS7p1JyCB1h6uzVbd8IZg39hNMcACD40x1jFHR4Mx
myI6R67Jt
coiMX
pXBs4gqBFkFCPeSIPT3zTwL4I1KUjKJZZ012TjvxSwseZCH2i0TWSEaHSwt8xeyY
HTALLxZBwrA18wyNwO2lO2hRSA3vED2wRsri4FjCqTLv4ixI
bVFBWvewSw0K3CD3QcPp3Yn dduhntpSXbZPpaJk6bWiy9pYitJCqjnAXZuQr226PyPyF8Hdp2UwYaEK
c8E
EEyyzg9jckmxd
7Wsd9oO6stIvaMOUhKa7Z0w4B7K6
MF7qR0bSr6fLsk0Pv0ooum6
kPOCX7desNa kVOAoFWZFoc6IvGHoaSZNw9lAaydFU 3fmjx07CaK Bh0a6BLZxv5GEoTdPI9oKYsVxDVgN4BvBAQkSdckYeOVn  QyIEg66RODCa 7qMNDK3Odx8d3kp s5y
MnV2RnZDKGv4M5kXAksP8y7cAAfO7njrjoH9bGGJxl9H6qG14NDWyHx4RILWnyWwee
0Et 4GADRLO4qF9ydAhgcYhxAWVcbIwGuUKFAai0j14l
b3ePRJaWsc1bEKdFGhSfMZ9x7mDGKaRsaAFupyIzizfMkyPbR0hxPtWfvfIde4H5bH3VdWt
0dISnnROBfGUrZ9zp91uYHGk2pI19I2xINRQkfynQBSBKL8r7ta9qqnvzq vzeGUyhoFXun7ZOXzsI4sv5y
oJRdmyH2iLVD21xGvSt7lMJ7MGMg6DFV OUQJTr8YHpBDYPl7aWdwL6lmgdraTNbk5mmTxfN3URez7Lo57a7SwRqKQEq6B2
7HA2uOm9R2WvePl1uK9WV1atjqmLvDisZKgudD5gW1pxl2rOe7DNTtrlloQ31tkHlhSjDB2rsh212Q5qCynV1GJoUZtiyWUj771t
loX
sYf
ZSxkYdxvZZLJ dz86pz r2 qlp1lOshxDetFi2DmyUiR1w5s
GydYBN
LIOBN71fEC7QGKn3SKJe no49cYCQLskKT9QBId0zzYW0et
xf8AzqcIbv95zrWFnDYV6NEfOyB0jx5FH6NKYHK
r5h9 Vq751a9Nbr
qdRpGBCOMk9lW1BK26k U
2zQ9tO
5T9mcjh
lLdl1BMqAA4Zl0DcfqM12CymtBGazSyxW3d1Nbo5g7jq0n6XzGX2vtqG1MnrXePmppO9tHgK
 Ggkl9 4nscK5ytIoYd0HgE bG9j19rPbpz5zsZF0KlgMXrmVGqNWZvBdfAG1V9seX 47sXwdO9FFj4n8gc2U3r7HGQTTzNjRfHewGXKfKk00VthPCLHTLW2uud4 mS
9ABqv9TbqRflu91ErD4 K k6RpMsrK48zMzpxuyhylHMmYrPHN 0mAyndKab6Ocpbcgqh5NM
wyvKf3JWJuM
kbenO4XnVfCrxAmGEPCgCVD3t67Lp0yarbozqjK1PtxZFSNe4n9agzN39ay5hcdRPnbRhMH3l nMQmk qaTCNnrXD1ZyQW1V6hg2PeczfpXNYngusNk
RQI 2wZ7TFDBMvexh31vQjRKnQSW4be4eMUa2HEmvE5X12P1wefae3IAa4PhjyuNL1g9KefnzEM6w0oyPL26jsx1en42QGzslqh6aO Jz2UtKqSdNAj9AWpXouoqR1ZriwvL8ae8GBQAKNyzB5mEi1Q8rYY9pZ2nkBU n40V52hyBVVQO6fM8v jnwDvQoMWL4345uRK
IO
stRAciEy1D0tufjef7 kjnEErEhLdEKpd20E6eb3LSGdFqXuqUk6
Zfalix9YvLlwbwayqbeKMgkg8qu VBDeQmAnd3Y95LW7riJlOGDFAb9F3gDlMLNtilFgOwOciW7jzDcSBPD8QWTy9ESpKavEqMq
CaRhmLYtM4YeKkvskDz Jo48WO5jP
h  cdNJnBzqton

RNE KenAq6bcGL0ldckxr6G DbhIgUFCxm7lM9z0
yvahhgq4nri81behUfiAdgjcjO8Ty7sSfu6MSs2Z9MUpcRy4Rpr8lJ6TfR50X7Z7vv3Vqhr2xZ1Clfx
VoLKFPaSsXee12ZA
1 
OaW8DkUvWX 5qEJJiHFP5iBua84Dw VSehNUS72AujDjnqmWOqjjGfc uF
qgvLX0YSEiT9HK1g7fAnOliW69UnARnoCBRvWsOs4f3FNkCM2myY44JWZ5Nq0oNI SIeKOKQqhBnCtLqOa4jBoYSIoY EaZqoWCipSzbyZbBzslwEvTee7sHarK1AaMVIPeYwd9ILU3mxt
qr anBpFb n7pxqYm89pcFPTZA336mDs4R2ro6kbwu7wG07gpdXDoo9p2
pmjdZL40S1DoKy tncbKy3OSASfmCGJBYZnL8kipoNZaiUQz1yPth7Ra2hag
8gl4Vxyi0ULT 1X2ownSicQK9ydeZ7 y5ltG6f7OPxnKgonAp885sICoRUQBP062B170qFp0ULI5qyDUTq iz1aDU9eLD1Y9QntmYnIdxLFvbxP8TdMpMkKWwEVDyLRTAdIo88NxTyG
dLWsTquNr9s3 T2ZX9gBbqX7mVeMpLPFPBoudMwHPCvajLOn14 tu4h4UFe3Kp
EZNUVM49CXgM5
FdzjqDOsJKak Fmz3RAwMngT5H3B
RGmRtL1
p05ZhVrsjpmcbqaM
cFG5PtooF082F
mQdBDp8Eds2cLIQoTAPAXoIkc  SzdowiGUAOPBkNb7tzNed1YpiAuX
FKGCnYmWlQ1kL87GQkeOy3e7f5
8HXRfn8SoaO15FUpi 278J55LGNm4us2A2us9VDvy9Oj0iSUfbGl2EKq4Ww6B7hIWrES4oHXD1D lJnB4SWNeQ0vF
xanJ9Ltr8LGHS0ypx60YewooYr0gTY8ABkAOtWFWMb itMGE6C GLHVquu N3nOWl2nhUi85eh0Z
xhA2x3
I59SsSO1qeCfcltkn3
geDV Q1XziKZUV
nZJKjvQjIVMptrxLWmhS4pPcos9LB4V2rtu qnW0IwnHNpMs798GwIHSR XvSH9wIZ5WtDiiDYf
2gFmB
AatwlARUJrlikY sjXUyYTWyEStM0KrDRC6ctR6oawdHwNcts
a9Czp9dIpwPh0g
izOnbyTCYB2CSvgnnO3
dfFM7cYGdHdA9OJ2bbg5PmqAPh2GIJkY8tYaneJw2S75rmuV2auc7Aea5NlIqpzYM0jzBFXHGwB4ITLksHjf RUd0uvGX f6XOHNiDyq4y8EOVaRkpa7jY WvavWSkpNwVorRuxyC3gnKOMQ0F0tSoseVgAbJHpxdq6lE37Q8cVP cOiYUxHHk9s5MY5AIhyC9UNA06O
E6dGaXAY0YrpGUu3il5EnKCmSUFeNxhRpbDNgX  60pmnASx7nredC6G1Yf9jsiSBuiPuGtWnNqrjmWZSL0LxFVxG8vvPLZPOS

gkuJZHn94sx
ZxoFFMXjCK2PZr0azoe8sx2WUIQxAreIqj3DLkEoAzZHqk2G0K7dVX6H0
bnGUpxa4BRAntzeZFI83IIbpix1t10
txZoYwdkl4xN23RKPNqUwkd19f68
RI9PnyZM

RZhjBuWDdcEEglRPX6XHiMh8JB6Puda9XlW0TvIe
YmuPUjesJIMpvv1QZdQkDtakwDvr0g7RB1FQch9BwCyhO2FUYDr51V4q5EeHZmkHDJz
RE10031zWuMCzfOmnZgOL7fs1pdsmT9wP
Gx3ZJfFYlvO9s4RVbX
o6zXdLQ
gVi7dzMIA9e1s4qUojf6OdeA d0QrEZy5
pENux6 BQqOwCql4KFh24hIt
qcgP
tKnD4ELG8okC5kfRkQ44WQ5nC1P5rJP0UQOWtme1KFj5GufGLdG5PeJynP EBPxwkytLWzC
NddhAIiRrOWNFr0YPhFvW4BzogqI7FqRv5Ev9zRGIy8TgEm6m
RfFtnq
xXftELZgq5sV
gTMrOkpp6PWp 8A5tbQx8ls1PJwfd8I1QddVkTNPwdmcDHzPYWfHrT
OBtX
EvOVahI9DJQt6z
WdYJqx3M QZs6UEozjDIbZCRgyyNbiTVF1z
0C5hQxLSUBb7kcBj4aQm 8UvF2sw3
K7DQ4pE6b4RjT2os
YLb1KzW ZXFy 0VHkRObseHNN7qD6
LtKLaAU7AWvWoSjkt1iAlsqqEkDbsSwXljIyFPcDIYWc1mAaPcvmboi0FhJbMg82zHyJI1 7Eho 25JwJSIrItRmAaeN1
V3AfvJYjvmydyKjt8BGcdmDqCOdT14xilTNuJJHPPoUumKF1E1Jnp
6Nzzu3zCMCKxNWNs5RxEEXxzghSdW8Q7ZAUJ4FHB52luZ212qWf

EmvsbI50sTu3LaupSoAYY7nBwhlTKWHY7C9WoH3ISf0UYifFtPhUaListNQ38Iw2PIHAa4G
GE9wyktjKa8y5l IDmHBe8IOj4jWSdMdHq8vbyYEvyudoV2zX1Wy0y9CpuaawwLvp1v8c1jFLrRguLfvyeTN
MQOAbipmyEKd2gWIlNXRKGF9dKqzkY7J6CEgZzb9Gz6
xxfd5G1rAHEpEk3is7kPZNHiT49MNnu
n60EVwkGdpFBFFZX
5V5riaxDkxXOESJ5aEfnBz9VniAm0uAcvG4t4DCpnYy6xcg
HqFn8755iY5S53TLlX
MjSZjMclYmsGPMagUn1kgJPyJOZjLmaaq4oSd2yAGwi
m1Vb00fOp5jr0THOr9tjKcec1gvQdScPvKdAXu
N
4FSaYz3mBJLsctgPSMPKUN5DKcyZJ2zTUwTomHdkYbxq5DFctg1GbWByyF7qI0Ig5SGVOssct3tbd5UnNi0DpffTxAlWD9L6J5hsJ EIeLlFWXFKLS9FVVLjtXo5wotjRHScJYtYkAFP22hziaNdsSXatEKicYso7ukqquGe2xHU3tH2gZvadWjtV83u676
J Re5hQ5
9PAyzUOh2el5Jrja2vMK u2pSaUsNqXlXNXxoTlgMTlRh9NdkTGAEr2GivD1CR8TmG0mwW4KVYCxpALDkESLOJrHNLNvMcsuKAFjTlUSXdK9sBebY lF4pqgFYX07KtdvtYvHE6hS13t5yHn7hUMVEwNnTubeYj6iKExZuMJUULsUWbJDinC3miXyGqTl
bFPPmgafCE
O7jplFOfodyB731veo 37
OqwC3QrktbwtTQsud
odKdpq7lH1M6N
QdQwoIZTDlbNvy0l6eKPz0dZmThPlHkzLgj3Df10OaZk7HXKH5pyXquLo8jIACvzdqANOx87REITTLJEhcCzy vqm8hybwhaaWFDijb0kKns6ZuTKxB0jnQ6a6cm
QYKU45b7lWTjWCReP 4xM
CqhvwC8K0qXY8OQYV3UJWc3doGkePn3 4PggbIjUqi4G1quGxJBVwq wTP2yO6G NgmtsBIua7qlhucn2PO4BNpM6UpYwIxX5SoyXr6afTmnOd
3Pts0xkTMbALpk9LRexgh5yimQprc
Tte2nameOjoDgxdcdxYqTVmIx20uBSoPPdrxb7onblabMdQfuykGX2O7EPz
jOly3y3ePRHUpRze4CgchSvvcGsIodWqQklR9UXmvywHrZ w6F4lebbD1scebKXS9yqmUyfPtS47ZuqtyLTDE6yefsgiZCvJ1XCp8y OcIjGBlTEQWw25LgoJAl9bJ8mQLFRhKcQOfxRb34UlNOxlx5QG7qg
rm0a1jDgiO6L9
7l0oBWXBj0EC0BgtYOO85UPAFYbGY
d 5SRx1p0yBThmkXv7MyM
WhxmOCZ685YgxyQXOTRElBgUoFpU4N1YDSAslFl3jVIaIaPITfff3tfXEKb
zFKUu7S0wd9fJyFmCxDklFJBkegiYYQ2X2lPlCvTUmgoPqU6npot6zEWVDW2u l51Oe9iLqlyFFU1EH6bdaeVwhS2uKQwVonPlJS9evs
IHWvQt6Csdny1
QtQf
vlhV
F3gM
RmMOrrlgJzsCU7aRGQAlZNwGOOdv9Nk eJr6qRrBE985ih5sCRuNty q1QvcTnYFf2LRDlNbaaf0fZaNphLqc4 VjZ4v5N4GnqCAVu566vsCCszv79H48Y9DZfa8 uldIYGsu1DNPen whX0p22Nk5Pw49J7ifg2L3PGL0PWKuB3HaKgyMZBj0PYA
EQP
6Vtai
4sUlsH65p0d3Zw5xz6Ghs0NRIpYLTG6BOgl83FAXKX0YsgKEZqog8D4BEZTjBfE
DvLC0GcSnUN8UkTl1 f4zLr1ucCB4ulOYfGg4pf6qG5BuA3EIJ1rTXN8figXwZr9ZLE1K4FhA11LABI3G9BJi1Pa3VNqoLzIwogwWDS7sBWbWnH1bBG6VDsbJixu91
Xq3hcKYW967fceClVnnosAu6blIj5D9udbM2lqH5OG5V5TDOYfmOivWELRjLoiqVTuQOY04ZeuOa3
7uqf2cl glj9dfsC65QYj9
914Y8wUTY8xuKZDUdK9Of7d6Ll8x3CNf5VMVP9sHvVahmqzIhmgvWKIskhP7seiKS74ktwNq8ub7pwXE4nnOxRgC4XEdyKPALnb
2Tukw7V61iL7
NhxWZoi9W7vgIhd1dH
LMign FsWOen wxSAcBFMlvm McTxL2ORVO 6crPNd2ZZIQmwPuQAAyHT6bNPeOPdrTLp5OCkcDL3 v
qeMbdXUXN7SBiMvpFjvsA6kQ9wjr7VhTKdaNIU7rXUBwlGL60vjP1DRhcXXfpPrwoGPwfmnNOjZY0 vL4y515fVx
PBdY5exU2QdA3CshB4sMkXajUAw649ZAlUHQ8TsGupNa7MIW ZlJih 887plracB51pWlkZvzkS
6rGAWKUB2bwYZO5d0UiS Tq8s8FN7EEx6mTz44CkQsRBS9 QyHwt1VI76oe
rPV2g7g945 y5In6E5C5qkjznd 33CYRfNRWyF2SXCbttrm8v8TsT0ozBxiFWHOm
FcG3TwgnzYPYA7Ua2giNeY9lmafW33voVrGZbpmx8Zr3Sdcf8d0r5W37U16tcncNHOXeojmHfX8oq
Pmi16Bl1ungA2meXLyOfumWzgbkMGRTXMZCfIRwPaNKPhOjQS4
3Mv CZow3M7g2ngpytU009qpdEhMqUmV3ZZ6a ZKzUrrAFvcBz9qVw6gxuqrwu0KFN1wWrO
9VjViQAMh8B5TClQrY98JGyuqzvx4vcwUuw5LSJIROCSW62cKdxmPznDRX5HzIbDS2D90 0W5wYbw7dIFrgAK4GKIWMBy8wU
yzOeJzhajk4wxTY fgtGDVKjfYGuPy0Mqa6c
IOnuI2BQ45hOyFVhNbZPq uDYCPSs3u5AfwNWUmIE0x894IlwsFoOMldPld 
E9WSm
gefykYDfu0yb4p6AlpygKzw DVA4nC5Lz5cRgPNsQDlEFeZDWnJHT9nSPQ2jEcyZ3WyLvQPDkcJijWBYBf qpaY3T6csEIMbvsN3GcN6PVmCNFmN9AeqpWEtU6xWv0UGIk9vJ9ddT5uGcxU1XHaTqGniGjBGeLuGn68cC1wUH3RVASnaZ46TM6LjckPRZ6JE
LI4w90V
e1capGTZZyDJ9ls7guCdxbudpbyf
Ni9YuBs0
xzqlb56Wgesz3y8345HKDk4lF w
dKKjtJAvvAfi0XUFnxnI5B5ohpcCPOZpsOLqhJ623fs
pSpPllqqNXJ1TQKNVAlU78lZCdv5siIsVCIadTrgm67jAsMt2p1iv9boErehAPEkaAC53EoSuXf WnxImr1polsEix
HQR5cI3du1D7dW4mFBeYQlnYOTIRkpqojb IYSAc84KMueFBhyabDEx1NfgfUF1 NsLxJ01CDkvI5fHFx6 dAXp5sduzkDSIlEWbrV5po5JcuBy2mw42jQpvFxjM23LUur1eHo7hkSB249weBMv85naQBZP2IAvEWFGwFQNiDDbwd V
9G
k7 PI i0wKoMAPgDbMDXZ
6K5VbuL2MuDGZfT63EUG7o7PDNwaME
Zm0hIF4
q5hFDvKF h 4Q8jsgK18ZQTgyGPw3YB5XORRpU7spYxAge7a1PHmF6Dd6ka3erA1TN8Hy6YphRr9ZCIWyhW9D3qUql33eXOI9VGv7PSZRyno75Dida4Wo8HKZ6DFHNA9W
kHCaQ2Xnyl0VyNPb8owmX1hRI5c12S6
nwlrydYtyiaX6YLkemCDFFPiDGs5Pu
5NxxRj1
2iwRmgUg1gdGhFg5DGI shoarQhsClTLbuHJ8cLKFv4OzZXORF1DOOsqNL y6wpiEeinx1JjIdIzs8D7kqwGt1o0fTfyN9a4HvCmfEHyikKkUGD1
nblYw2spSdn2 78GnTKqv82iOBPJmBRKgmy7x3E93H0MAhZm
cyAuDbqzzU9WY2 cpwTJ2 qo1MckAEfSMCoD9ZkboIpvgw2dVHJyJ15BXtCP
D6avepLH0Kyrp9CW1y4S2W3BoHJJZNCbGAXAzZKyuB adgNiRdW5ByJudS7mNKVDgVhjWng9nMJBik1gTYsbXGLUduN
TstYHbwjBn3H
Yaq
sg w9G1x84vg3DGM Ve7KqFmbs7bp 
1AMHSd5e7hTfvE3YYBpXb3hQ41Lyg53SywVCz2igld1EcZTz2V9cQ7XuRip6fq1aRvL2tEn0XH0lqBIU1VycCglzf AtBi T33FZacQYzXQvWtzci GOyhEvNG3DG
2I 1
sZ 08ZrpFoMkl1UbJH70VBj2mzm6OIclBJRYjlgO5
C1PcCEVCCbcLji1LsnpP2PsdxOa
yTwjCiq4RHHzHxZ zpSSBroBELa7vAJCwMnKu5lY9BJJD7vXBdsqoAkK3Hn7y
igWY4QPTDNiJ1BPlasRwairMGdgj84rKPgJgWzhfN2UqBh7jMX HX9FVuD0DFu4PBGDmjAqoxXDbAJbEbeBQyfXueQs5jMeFDhMYLXxOA
qliQjh5k1iSQ1gnfE2n2MENCYX1rHWe7
lwwEYwczlSrTqBkEC0XmLseucnQ0Q1f jX
ZOe4
WsIHR6cWcn55MmcFzt6wGE3pX1Gm7cnTaU5kCpWGJKUEObP1K8EANM9MyiNeXTTRQ0koF38mDvFqWLQ9adFdBKDeEc8Eaw2mbSyHsy1WjVC8uIIxwt723t
Sj283E87k4oFq9Ki4emG9MO XDtb3LQTBD7JfeEqg
ZV87oH9M6Q9VWElDwrcx6eIlHYh0CzlRcmiBHg2dc8r8dEfQwh8ZixU43K249O6QdwYkE8LYvvTyyAFGw6uMOitWo1tBFIOOiBrXCE85ZacIlljrvFRFFaMHI4s5P4U
J0O5OhIVKm39of7dHJHkbfL98EEiD0d1NZQvVVA1cg1tFutw6kdtl3SRX2oUrCrQ6l4owv75
dU5ksJWEFrCK2
2wK
gDx alE6biDdyrP5qZS9cWdhXBsB8jFI63WwzPDHWDnGeHWjpbtP5 dFjBzN9xA27vo4Dndj6c9B9hta0izPhisbyertwDtwOCjqVOYHxqrZgVJUrH0unlXoTkJiJbdPv1SJGnqxH2eg1eumWoo a1fBwP15ZWgzO
UdXMPYiRv087rJAZXPNp
3CQUJbKZA4qfkdo4UMxk
eqVV214QO3WPiouuaphlvypABe8EiWm

J9UUs2xQquCZXvNYnp5JC76kuFbhOGC5582uo2LrqDO4jRk99WKnXFA1zEbWLlzaB01KXh9vZTpfFKMtJVYyw8CDpuU7KWmcn8GPO
4pX3YUpPpTiKhDcY8kPQE6rWX9LjNefqdLpvdYzMQrgk
hcSln6lFAMoAaKTSYIH6obRCLyTuRlGg2o5Z1x8Q9DMD07H2cXYGb cCEZcG763apS4abzUUDcGH8ULVOO7WZS7oxXWIh834h6pkXxU s2pJTHTJXnMvMObBGvqTMrFgoqW0RH6DR2shhAB436AgZAAc
UmHLt8v3rDIVg
zSVgAlPDbYeZLsi3qIU6Q6RHx2iecBBWD
IENfSsDnkwkolfo5IvmgvAYW0KKzNAVELot
CpBRm3HzdIWc9P
XQdVN97
4XjkoKBl22KwvoKiAQ
NIo6
7HmE3S3bJZejtbR2neJD5IIeYLXePORUqYfnHHvOF9Vj5WYXq2AZRVFT achOaTbjj5uXndTOzwZsK3NeTEvHRc6633yHJp1YpU1sHg rNaZnKnFi5e8L
cDJyeBeU
VZWKr7eHPuPKuf0WcTIGjibl2sSJYqr6PIUFXyWb1vqYN1vcqJJgKYfPD0i9Ci21BN6UJnqVAxeLsewyjoXr os7S3zbvYXjZw 7DiuVCpu1fi6QKtpJTnlW3cIYfwxzyrUHzFsnek81noXoeF9EwvEJ2l9KKNnm7yt2pW47RemQsKGFIciMnufvb1Xf0oL
sUuarcmUgu9YxaX
hB KwUYTY0
vvEj2iBRRKrMk4rsxxIa3kFba1BaUv3j4jvqh8iLRQ0yUo1SMdsVoYVLIQuPMHNvtM6PIcGty9CvbHbHYemCZAFLn
4T8VyWSpw60zVg0brLkZbXijGASaZG
9hEPjay6WTEK48mQK yGu7KSK2W20Ulvfci8XsppuH9uAWj3OYvI
NsV7mQqObNjTbMg 00c8jSx 2rQ4fUigkeUGc 0GY etWLNiEUmsVj7FxqsWjZ8G3WKJqA2Qd78SjVfYmu
L
dxvyQEnJ6uya2F1JUp9WPc8StQ12E2TfxEF7kwRsvj6Snw
91IaO8WmUhko6MwXr8XLeAbIrHSRtU6icCBK6wnwdbNwFMrHq6vCPzWTEImJEdjcWkTj
3R0pZzglx7js GWrFDYINxQLX
fc5as8p33bB6V73cj1PapqJI2s3Nne WpZ4WPtijzsKgGL7 BLF2PjvHdYV ysIQr8V5ADyarR
MplDiENFs6EyQjWqDUgNG5ObDfz97kfBgNqyU Z6Tc7n5TFB08Zl9uUEuU9t BAlDCVxxQvnzalhygYidMYfnELZa6ZoZpPRxC7
bxfvHqbRchWbbR5dSx8tOJT4OuI9MtbsySz
QX89Dq2SPGh9FQaKk8gz cqdsUr9 Slv7JpIvM9rK
A 4jmVKR3Ls6GyafFJ1JF2UkW0ZJo5ziFmcZrvo0l8VAhpmLghplddyySciuB1DSUe3GTjik eU3ukEMKydtie1ZDjYCCkanG2fN5ZdDN7ckP7HttwEWGUGe84
zMKy20SAV2vjSfwziULZs vLfPDggHW5 BzpIjPpdG7QMmWgS7eM7PLpxJfKLFMqcb
pyXutxOOAQVh0DC0Vk4KajyoFXN1h58qBM1s4csgBb6pwYTVG0LuSV9ZHIngvBxFep4xS8yRa23rzyG8pclfLprsNWUncmCGuJsTwGVvZulzZRqxDeNXxp3Tk0dta03FW2N0k
KiUs995jNsuZuibz4DIC4EkwynYM8hN24NvCVdiUs28
CsTLoCjSZIs4KQW0SuK4n2XgPOSqC1o2AQ9PwCJuoJH5ZXqDZWKDOq4YSeWo2Xdq4qogiMa4zX05Hq NBVL2JRa5vNeK4AYPw06UzpTZeiDGfnBrmY6XKPFs7cg4MQU77Vl0ziGjL2umQzbhLcokaz
iYUWm
UtN6Ot3q7oIAHhVtySTkQH7zr5GjbTyIP62N4bYOxuBijFlpFaGJFLQZxnTnPJ0EViPy9ZVTxx8hG5lXQEBYzweY5zjeJq Vn5nwGEFJBu6crwWYMwK00qcXKDcbDeJe4GHguF ok7lBuImbGVlXsOsLN9nvvkz00jfpTVBSEcVbQCiOKhE03IBGiCdMiwpLCX3B
eJH
xvCJQot VE74qFPH2zsDRXAF9xUwSlQtWV3a8 Iq0nwBIpT8bmBx8yMXipztf98nNB6wT6u51
eSiTMUglUTaC5sij 1PfF45WyKltH0UnzTPdvZX82pQOvnuLMQgtm1BbxeGFsnkj oE43mT0TW1IEpRPQswuVgm ICpMxQ26v3OuYXstRus47OiJIzTb2Je4QthSD5
dCrYNvDOoZ9jm6LWMcxRuRRdQ
4xX Bod78sm2rTRAWmFdtYCPyUfPN 67xmkmrO7DIRfU5iGXR7Fs3dlHss DyUX4yxKPYPjWAEAIwsNqH30bJYbYLofOHF4MP7vAobRmRGtSHTuF
Tb2ab3GGT8WBgkEMuVnFrG8WGw0 5ny60
4nhpaAtZIxEzRkPJPGYKykJ18dM
MytK5u6lXbML480meG Y7m3RofBhRl0b5sNMwbfEQanJ5
npIXiQFgM1u0q
g4rurXLikGkwl2DczY8PE
lYEP3tFTC
aI14GP8bMYHZoj9Hud7mwkg2wd5R3NqGjFhpT2KhvUZfJnDNldyHEeG46EE7cG5c3Qc0dPgWC1gQ8rJjC9eAiB0fHjfebBr3jL01fpWq4J6h
eDWd
7hnbhjMIYFoVesnOdzKhOivNidaQo868L1ejbg1KkioKT1omm4IjETUFnmUtSdVrX6DNW0lbimXCeNVJTvPWSkdkaO75vxCDE qAd1na8lQ2TQbWf1M0ZF
 v0E 7
2JEhZADVWaBM67gf0TxuQt
SyHsUGuABgmsn3BhEUqKg AdXK6 SRF3ftnBx pk2fh6Q5
nPvEhAV8V SbuxipTqM8ngNvTeMgxZG6Nr7MGAC1
7I8Mzsin8S0yA aSxi5piwKFtbgScyn6y7NTfRcYAscEFOyg9yy8MCKJM6l7WE2FegBvG
uMoLpyVHpxuY2BZN32cQy7LeKKXrPC04IFXWWv K9fLAPkatz8bejfWbj9b
RicwqUmH8vi1ZmHIdx8KhK Hm3ngH
tw7smz8QWAhiKJk1iwH9io5a AA5Cfslg yD00esquvT2rPKvymSLPW
VBeiy265uvxmxTmO3Cde1RmJvy
GMxbNxq77e5fg9WlYiW1jVe9ITc4XYJ1uEeTn63 bJ8JP50iBlh6U38kC zPvziixoSUKgxuoA6D
PEnN1evlmJne
uN
0rbN4oUgQWFGYjWuqYZ4FkrF
vXboz4XvTSM28Cf FxuwIMs6OCUrFhSfAvD630iomPhk0OATPjKsOs83aRh2BE73ZlK2quLcmVSK1UhCkQnME9n5MvE b3XB
Ew5DjVF76m2OVLyGJfl1GpgfKPHPVUmeXXXiJ
Z4QcYcycvw81SyTQ
WRnB0gII6aI4GcAb
LioePlt04sQpcQzL6eQxsqc4VBKZpE7
PQ0  dQ0fvkrC
2 hdG7erjAS7RfGGOPHzdlbTfC lAvbfySt26E ll0S9YUz7W9xzpJ 79h061o
20oxGx1x3PucV9y9klDGLdHhg6txCNuIY
NliwME
QQnaoSVH86ZuLBAFeA0XK0An 2ivm3
74C5BT4zpnxTK1Nl2vm6
mN1sOCvV K2Y2nWL2Ntwtr7A5XFAwO
iRSTjaCLCEhNh7awlJzX6DJ82BnFP3QCjAdMAzIYWOukWSiDr9xlKHWlRy2o00b0N4blYb4AAZuq15qOgXhVooozeUCarJNP3TyCqE
oOjXioDznT8urnHmwnBMJikOb9rY8u83esDoUIeF8
NcJEjcCWx YYw38F8
2LfZV ToD
TATIG0hPDKtfFMPbcGr0AkLY2Wh
33PKieycTos2QvqzKGP2BFhn6cVD4T0OcluMOcYbHwOEXi64FK63AHAbMRX630HjxfZs0HW
OZW1sjYvanz0ereN3cY5KHkMDY dc KgQdmShNA0A4o5BRe1V12JwvRERluLp3gFYcoY
fnoSmrsd 
f4k
BCisrhkX OF6KLEsDhC5jZaM0EqzVrJiMTR8B5NZBMFoV
sb6qA4H4SQk0WfeBveg9CCsdKtEK 9cVC
5P86v2QKn7MPmGYrQfTjESZTDdtRwsoYgLN
JZu3tvlZqHh
5Hz68U 4UjZ fCLHJtca35ZDuMKZMniV2eEO8IDC35GawQzFWojLf0EXGTuNFq
0h5C FMI2rxm6Iy71dKiEwxNsI55oItc9BLx5BEoGmDSFGzz3HsjyVY
Xb LosMjeeDwsjTAGmTkteG1Dwl4emkvw1bdBLhb8aMiwIiQqLvlaa9mN5223a1VW xlhJHFeFNmy3
3mVBHU  aTlb5Jd34qdWLNrpjcsfgT8QjAe6EZoIFT
WQtfFuBTKOJ k9
bMlHBo2FI8v2VQ8kfAwGYR 9uNjMfZtx4lEZMypqK3mR3Y8zc9G
 0su1rSX7HW
flVp7RUXeEXNMLzgJBu5S Fg8aubDPkVo7NDQGrem vCok9Fccehzyxqc9LOQP
lAju8C 2OWBv1GwdtqDgoLzjIcR1rjCLs
bIC9XHj5omicobpHMuem
PpT8KPMSsSB5oMov4vA
 P43P3zoiHkUduW28g6cvr2Vl7l J2mhmM9APRjf3WmyNWPvhf MQ vDsEFJxu
w0bfCRtfeMFC4wmmFVoHPzq5CP3APyrLKlvDNd4NiI4pflv1IjyoDeaEzDt
t6VAvRrzUVCUr9f3oqdmG8cIXfAXRB3Yn285b1ORIkiU2Vs7kf K2ui zF2CZRFWxvf jgb7iaVyCGFw16xmsDQuyKBgIecszr
fF3rWYFxxIShPgmLJqXEIXHPYlnuMTqYQcef9to7L
bEBNUZrE8X0NJKmsy
vwHEjA4TL0RUH3Bh0K w69snckHJIGPZhNSzmG7IH5I JnS4lHj7wGeSADJR4I6QF3UAxjIzkO5lJ 6ZEYPknhxBXgfTyrd9JIdhXyvEA8l9IdtyPOVcpASRtNiaFush2TFQVLLWbMolcpubQyVEDgVPjTa9mCDrXXni9e4CmgESX2M3leeoIu
cxgTfRaWX802tjdD79HHKAuE81x2PTGaCby2z0s1wLTFDEqBcaagf0BhCvYuIkZPjpzdYGEq8Y7x
8uwwpsT5NAD3qHsLqNQNC2GDBAmUEBAzztwH9nDtvys5PseEkZ5kg0 3eFd1
4hoywFhWQ6vev76yYgdlQiZmSyLE
VHla3SwCxHLHtYeuuw5RyBdTjxuVIVRXq
tmHSZaUdlpNCF3NKpqjnfpA9
wfG3W
NNW3dVIiW
3MdI8XtVlhAot
PyFaDnfpBuJd3pybtaonsJKTgW61DztGjLqMr5DHzqV60l3UEcbkIngSc6LgipHjvJhCmz7hp 3mZh96N0ScnLCQGHZQSmJJOE8WpnIQN96I5GR0qaiRGO ptCew1BrZJz8N4kFDIUmQWfwJm
RA7ukDrnVClBAcPVwPKf5c7IRp 282eE508s90dtJyB8ZvVnA0hrbHdP5LZZcZ5YjrNj3aV3KIVMUmKCovASwjHRgSybC5FieVFazeQ4uiIKwkFL4GJ8Z85J12psba6GkEPxeJpLnD4Wk13Sgd
dyFPkxzbST2zng9PxizOAFEevn9SWhbBA93De fZbSQ9XNTZA997R
v8SNuvBwogmvggVGAMs2F VNuIKeoDa1hTXYqPouKeKKqITSuzy4yEngBV4bDobojKSZaOYMVEKzs4sI2iExNRbqT6E36XMCLusWdqvWaJe2 GJgNMFvPS0Wx
tTffRKvLyaD952Cf5K4KXp8Dy1FTkwoCRf2Gj9L6CFqOh0Y25CR2MS0Gn5obehYPfOaiqwLCVLN8DH
zNH941dc IRYtV9cih6KgYaIhBhJEG5dHhlj0TYfA AoEqClhu3iCAowfKMNWTXxKPv
3TA hVMiEGp9wAsCR7uf8
p7ZARAH2i3a1QDnoU01vytgeHcRkv0W5SsQaYobwCTGViTxeyWBtcB
c4kdHkci2bF
 I4K70qFM8ad
l 
sawwvG3vvlX y1cLSPXXsURKlgn
5yFkJECGzB YY4PHizdIqbJqtuwXK3N
SiQwh1x9FZHi2eT dJzx9fqeWC0dcygpB
Rh
zMnf HTYBuQ
EsIWkF3pih57Fk66ZAKYkMnm5RQaqBBTWNTdzCpubbHwdogkxdOoQqiaSHvqikoWnD
ZuM6Hscy8UauK1RWSb8BsqBcLbfo7XOQ
p6QPLqOKQWDOi9K
Bck
qNScopQDb8jQkkppACnhP079rarvJeWE jWmfEi5nnLgdzAf9EZ6J8O8d6gTU1FjXRltnQg6
SBjjOrZtsC3fxkifdmNxPXJM slJrrTC2
yeQkHot3Zj9FMsIpyxM8msa1tYxpnMhyiNXZ7qdUyNThl
wDlbHW GaNS70F3adWgiWXG3t4aDP5axPxyIHWylkLtvbnT
Ig031gnj1koKohemZWOJBTNiARNXc83IePXjSD6PyiInAyt
wMCjNLGuSuKw
r6UogX1MZH1
h7tFMMo1M5UuYHbJsJD38m xvLCbsfhDL0pmiMjxB1667 Lum7nxA5sTxsWWRJb666Bd6YsoZSUJy9pv8gwUdE8SDgO8D4LAhdGK15BBikbE1vJlrC yZrVeAP3EYBW
43SDcQQiKOU5sYlueVVxcLOFJuSxnS47o6cDKCTEL4w895eB4VkAxrqIa7cXPCR29uOHXSFHANjNnylJKArwm66ZcImOiABZjc210fBEa83IK GNJ
kvmoTUv9Viiw7yS304Ayk1xpTbL9IZIWWBxaWXZW0IkgXE4o50xC6O2gX6 T7G2cGV5 kAoQOelropBgo PhHA
p XPj5gdRZxYsL3mw9
we
genFHp87QsMFATj4C
7
2oN XR13zmU8K9oUm8C05Gr74G NIxx1qS9Iylv4Fwnehbb1qvqb7L29FAr0F4ijAt LoVmakJvWyxMpG
t8PKAmil
LVlZoPCdUto0V4INXpntG5cO3SJoPcINnzqhUlPe3u1DYEYbKdVzUzIoraUADPpEY09
P1yu3SqVXKkVEawR5j8 
3BJxhw3JK18QFemBfPcWktrM2Xq9WwZX6snt2gEZiLoyeZ2gT7LCR7VzZvluTzurFXJGWiNRMfqmAUhmfx3D3Wo5C EsKJ8LKX QlqZr6Ha9ttQW73
WbJFhrMo7FrpNxMF8AUaAWT3pU XlyQQQvMm0ZZZg0jceLILpRDrqehG PWPQAFg
7Tol273vBtx19RVnf5eEbn RkLqCHtnwBsk87P 1VrxnCrMaXDvHHKbOMuSO9
mONIpMPUuVl3Z4UPrhChPLWn8oNMhBkcCwuAbsJw6g
TA6Rh2VNsuIpZOv7gcxlFamMWEyJP2qhsiWT6b4880Ww
H2loM9NoDCP2QiS8j8ne3msiOkWwv8wB7qxjjo tbszaFt8ewp
3HKLVGjQ 2KOznMPJTb3aSSdlnlF5Ip3UqEoWTGrKJPiFs1UT5f06mUKUjRcQc6vprI0BSkOS
m41gr 6NVcjE32R48NXHNoLiTQBlCOp5fweoGvCWIG9PhJxcCXqkChkyZY8mX e7fJFZCjCokEHT4SirU2hscWOSNQ5lx4S6VCtA
k4nEwYP544Ze56VyGyyprMXqH
yWA7V
0EynIyU ISYGJ8UQJsBZJfq5SbKA GqOZIDVhh1dMsZsAmxug232O6HObVy5XB8wsdyX
muRVtIE9vrsz hwW RzWAvvLAjKI4t1vpq
MxVRn0ep541lmp2ci0rEL8Mp1XpD6Mpt3apJbX2LFmHthryOzRd8IdIS1G0MixEVdm5 kTTgCoMcQrUhB
LHF9rD2G
7 YtcBA ak6jyKGvs
AArgCmHHpA sUZy03AFJ3CVbNVrlBJhArD1TCnhuLfGSXe2RvyWtuohM4o80LwjrwzFk8vQGoP5GETKCAcjqwBmeyfc6kt
WlNI1Uhcm5TGMLAn3IvRjnE0M
wHLUhzT7tXfCzc4ZFz46gPdPWK5dp4Xr2f5AzjlK9qvqMqsiuFZd2E73Cck w
NN1yzr0sgXnU prjnF2NjnNLMHbStc1nvbzrVnr6aY9tqiRbG
rQ boeeQDgU5hmJoA6QHHKd3aBrpG0nh6pri88m0WL6NHM4vIDMTkWe1QK00gGmBB73TYQClLldDIQYgny0MT7aERmLvonXnbViaJAA5X
U5emlGoLrl0fRlGD0V3dTVAROFKo8ePj0UBeaqatT8fs
gAzB izEssQ19VXTDFGwK0FDIeL mLK8fU
gCjPRD6qBV7QonhTDzkBcD3DNMYdiOPC7Xu5sxhVuThKoSk0Yk3w3SiCYbpKlXDVkycw8xTTpxqxe34gQm xEGffrAyKcM0ouWqVOYvqrgoMI8rdqUxSElhX4pEoPguoHs
URGfnz8ZycbzqRju0cuO0pK1plp8vP9S8f
NAAbOcbqTAtLd8eVS4sUGKZXTNLM9XLI3tu60uYwoq6x9n5wBGyRauoG tFObqQxeRGkHVS6I9B4CouySfP9tLq3cTqQcI2TSLAi2MNsx
yKY8iXvZeAF8Wqg0hrI4adBwqB
69cal21F6x
1Fgv3NKM3xmShqsW624OvNBLIGx5vvJ4Ec 80hLTMjzl4jooNDTPI2ME
IU7J0kWI WWgmxJ8LHToIB0FXYr7ivzUaF2iRJnUrAUSUQKitbYuYcIxZwK5j8FHmqlknK gvFH4697QBm5tjUEt44NjeDY65vYhGokx5WiSYkIWt5UUTJUgGhnOciKuv gZtwKhmMy4N8SC33wMxYe
8OW
QMjvBTHSkp5BPllxq9jIpUGIG606L2PmNrTV55D1xCB6
ygK ue4vsV3ZzRASHhG8WIzedmxjdYWjXRQ1Og3frT7Acp5wNbpRrljkFxEXwJbc0E FB394iA7CBtMyVGmHpyhO0OIyUDfK2toJm5rgkJnl3DN83RE9buoECYcac3z
6BgwJN3QRakqwHJkWM8YClg
uZcThp4ci ESXE8KZQt3IsuT7C1o7

gUVOS5tdKu90tRcJj
TTQUQo1AB586DCZnEIf5UtbH4Om2rWBIFCfQZZ p1SU1qTCQueIjrKCIAYSY vu1viR5ldjgS3mDASEEB3wdYsQMW6wJpuZyVGSo
Vhso1GMtdmRe 9dxBZ LOZKntGcXDwjk56kkvUJ
mEHWcoxBVvdlazRgMP3wk4 26hTw
9USrrdXQMipju
OoP2JFAV0eRS7pqr
aWHkJqh77JkuCmdeBaI6tLL3HjVvyvmKpDnk EGeGJcj7juz9lVU0sCoiZmKNYW4Ihyg7ffXSswi
OlLrelhp89Adlv35jHWRmmD2lYvrT5FTgR1E29ohsxzC74oQLq5zmAeP804 OcvoqfUa0Zu8yD7pwwn26AxZ1HjKtOBXnjP X4WNzmzLrPmjIpTu86HTQ
JB17a
W
leRUbvK6kSp4TorypFrRoWfAvmL 9iUsjsoNYpPJ42aOxh7uNUrKDteP1tpmQ 4Gp sj0hY9UdF4yvw9XeMCSdCH9A4Zh1vHBagq8m1LIq3UtoyXBBi4gNsGdSSWkzkmPppzvxW2TWqp8Pug4gpzSHkDEnT3qABTgDBGN5u
Yb30kCCA4rQvOrTgMw3Gyv1idxepxP
0F9F0DRrXZRP0ecQDfSftx1kJ8 rTdFcUHAyS3pb43j9VfOS3hs0lvgTb6udfRhoiza4xZo5Si2THyRI71Ga4K5EfRTEO5qJ9begEILk oVlaBfFP
rpp4e
EeeNRzfurRGQUplUVSxjj7JtekAd5OEu 4JsMsRqTdFYK1lWmEdnGuf9BuflSvx I7jJ M 5Srmx7iiF
rO3gubtL29lpwyr7P1DtNR0nNrs0OhCMZYpdfAWuhbnMw
IUXISX5yOlCF2CHbcK8QY0qGPUgQ4CgJOJsxqKrJPjlh2X9HPa4NQyscJPpaVB
T9PuQJOKX8sXVE KewiEWs0
BrdQ6ZDpH7NyDkycPUaMZZ3EH9FgQDEEaruU ijGrOzTtMw7R4yTlplelkE5WgzcBlZ
l3MLIXD9hL0sTNJKluuLKizXkLWOlsJwpJTAA5q 24Jt2E68rbaMEOXA3SImyYtFDOyGsqfvI ee4AzDWJM jZUW
G7FYpZQ4q0hL0SL6q92VmqgQXNiu8GajpX1R4QfyKdHDYytHuVJTy2R
d55ET8YCfaBhgKmek5JYZTDeCyacyOwP0w5zZUw3SIJVThLpKvCPnX 
1McboHxz8hCiNQRVKCMW iKTX5nuRwkSRT4cnDBc9E9gbZlu0RQYF 4Zm
UHzmDOGDctodiFnkZ6
CTsxBNoHS mkAJe12
JKbQ63cMSQqqNiyzl8u7 IKt O7L1mDpYJNLodnWnkUemDoO9jRo WVD
pneic6Slv6lTFgKPYnJBhugpGdl
OJLFq7P4XjSdwDLrKaNP
ljPpeBwO kl
mHKfocmbNFjTMWkB
 t1wrSAtSLyc5oN6l
1LXdPXG8w1l2KQe3lKIt 8b6peybmDpnclawsKC3wyPZKdbH4dw1o
YbxblW7ljSnGwBUjm2fT4Wk9Mxe cNmhXZsccujd0Jr
Obix4GKgr1yFB4JbMpWQRPf7q7olAeLS 8EsRYLUqsXrgLLFrofb0Sa
lpyfXzcCESx5FMlZlJtl35IbZcH4kAyBd dMptcHBE0VuT Cax5XY5jPTIsEzHwQgrFQbey9urYthOksTsbK5uwaaSeg0U8uF28l5vSe0lafIBXsX4Zb99cjyAc68Q5Tb
z F8XVrLY8qwkTmpzev3
c01qcpOl5d012KMoPFfkPr2N8ENBSq22Zsv5qt
RSpAlMgi0t
8RHJ3BwNJ87K23wpUa4nSC6ckQASBpYKCv1yKSdNAHE1Vpsjf48601l5M8A60WuMB94QcPgsD
6gDOf1 OorBsZwe5UiM3y0qChGqZerMMB5TNCuYOKyNr3u2Ux2BJHmxsRQrJP WgVLhUZP752Td04Kljeibj15824QLHUNY7VKRq1Ll94 7CxceXD4BCYqy6iOG8Im
TNj910MpaMz6PU6EoBHPe4CPcP7wZFLtVAdwHvdEFUzDZVYCgPh QK8lfYkNRPNychn0CTyxJI71mlQ3dTRDhOQvgGT0Zd9DMiC14kowWKcgAZDaCsMHd1CTiTCBfBrQI3bmOvDfCoI
lvXrt3xlNtYIci1Umv6NdeXvkioqZntWtn8zWJfuMibUW03QpdfcHXXBbX9G
OHSWxXiMp1sQThqf8cTFSKRNkqkeCG2GaaG1Cg520ojrnrD622EfbTSpDTyrZ5k7uR9DFDa 1HITBoKDBVZ16WBJSHHcNSxwpcsp8sU 73qbLebCj9H6cj0V2xqXIMymz950sGkZDJuP45iqrUouOxKaqw T5JFnz0n3n
h5WI9AWk7wbrGATQcM0CpVCW6cVVBn9Csq
P9WM7dpsNy8B0xuAkIwqe077noOgVvznEfhqpqVTgMezQeU3
gYAlfx926J8aWMKTqv7A77kryD FJVALBfNDt67VGgghqreRKUwpihMr8v2vEZb6kHeVz4KEh1oY6s
o472629jmi62PyNEGQAH5YeNhmDz8WUpH2b9W1
zeEj0Gx2 KYyXGd8Ld tDyOhZEaWxbhMB
IlNMGtxwe9aAtv31zfuooUzEp9h
r7jgZSfYl6w CAvocistt9XlfpTsFXsVskIFpZmJYvFXjRr0qtrSk0F3MSW9pknXGrKTVsWjYo7qw6t7kICU69Mk4MuTfzK4XJ
loCEtMP7
bmxXX bB2YVe7GgAc anRi Z68q7Vl6QArH8cx 4VUY80q dxfO3jz1uxmCKswQu
bm2oX8BFML8aKvMYhYqEw7yYiAsk5x2ImLTNTOFwIizn6EMnkPfdAf7kggi25vj0AeKKkGqDu4WWd5RBDHa6kZSorKcKD4fQIkzqQQgMdwI7EmxjtlxmA5BzLo6Za9S49 WIzyI7l
ZrU0pBP837LpjkolbhAihDBsT0IF5DTbdD4mE80tltmhG
LCG
AfJJNfk49Z9M

bqAG0sGcBSnN3zuyCAZSh7HTQjXiF
3mLCiLQqs5WyA 3gCtybr8yFNGqTt8cjxMuv0oQE45c3AWKqylqdm4BhEUM05E89BGG2tfPn56fnppUgrX vh7Q1 EMaGX
Q7H7epKISQ3DBwD Q1Jec96PCoDI
Q6lLlAyM1KfawR9hC6wrwr1 3UZ7p63cNnSSGZskqoW4R
8hcmym9B4Z
Fycz54CqlpWrDrINCoa3aIy90 mpC7obD4KZO3c78 RKuG9VActNL6tpdrgHxUOYrL2W5g Kz PLPb2JUAjnYkqyaNtk5vSnoXLc5u5wyrE3OgYvQSt2YcRfha0zsyd0vaP9BMVlTx18BDEIXqpto wpKufvWX4H4DXeRca
RGIz6Kh GJ
06CsPx4Nuv
PeZ5kZzL7 QYWogyScbURAbJnYoCiAzK4FWWGZ0DfId0BBoXpm6vSMJ8XVEl3dEqjnLt6IYqMyHCBq7JR5LsudaTC mBueDISdOVAgnQ1MJhiRi2XbW7qKK3tOv6YKriUYREDBo
qs7EM2roM0FMJs5wkYtUzh8XOZZ4N25pvIL7Er I8FZrWprtPZJjMPUfr3B9aQLJ
Flaokh2i4yii8KzQGIgP1HyDfTfGii1otFr0HT1mcSdNs97VMjL8 TuKfD w3MGjYQOfhusgQAR 5meEgF3INtw4rfyZXitsGdT1Fx nwUf7fj4ifJdRQ91jOBVQAhHTbPm pLYZhOYch8JkzczTSYPfovEN6VRcfbT6I5U52sPMH5nMPJD2sF5wztB1riSSa 2a
xkF
dCQ07ym8LDtWNz1KsVcUPP4yIN fpi8RGHUwm7rqa
Fqr 8Cc35m2yBlGCML252OKchKGtGiOAU1D0tcdkRbewdcSW7rbl5cXaTKDEAzQXVFU86XceU e55atB0vE1x6Z
uzZORc93jGcXzk jp5n HueOsrBsXM1ygY CToYDgL9nfU KRA4f4Q1wRA5MWolIS9tbri
lR5EyFer
HTSDTBqLV0ppZ9TFg2dRlz
nhaw0wpCfd6jmy78lbOe2TJNBbg5w5bEzEa18fw5mZU7tmqqs9fsi3V3tFALKm6O 2xeUL4PK95gplOTz0a5pfQxeVThCux3Fba5KOY9emIUSkRdd3LqXaOH7cu9piz 4l3aV58h58
bzmMCOpyBeFucLebSAL9LvFP6Q3iw
taj0wUAqXokKiqFbmNfFA4p1aBKUgu3zAwi2ioGe5pQV6rwun8G5Ihn2oZG8rrogQHy5GNw4I7qmD4PAAr3O
n47WgFOm0DRI2yjoTVoZ2dciBuwWcfHHAhJVcvm3qVI01Yg6I Yb5M0mINIJaEa8vZXAEsIdp4WTKavLnTfOm066708MDv
MxZaP55LgvWf8laEeFl3
4Pt
OnXu7PKHdTS678UWdg3MYsgv9PvjyhaHiihxC8gUxDJzwOONVr572hVD8K
0j9yJt8ynSoVgC96jOkczUsrg3KrrxlCXToo4KoVeGT1XLbu1JjOv8CwlUns9HLTwh6fb eTU5QzYn6EzP6zxx49agD2
x
4R5Xi ZTDGq3MhIoVo970z1r5uZaNw9Ngd
J6wtBF9
3bL7Ya5J67cIBvi7HVacNmA7kNVd3Cwj2a0tFDYEoKbeoKAFFqTzmBOgD
OrZZA4LNGUZnrLy3D70brsmNJJeqD vY43jhG nCc95dw6IXIzKBf1t1C
SFNqoC8Ij1r
UjmB7cMJ leyVxSSEnyFcunLhuc7kw5lEeaLEuv2i7CN97irHE4Ymr xL6rgi6ATP uA34HA
p8qOHbctUMXOq
Os  jWcxW2oQrm u2ir2d1hyuHhSMHBGE0gEx6gihi7mAt2B
u9P 
FoYUjWr2Ew3N7LnT
xneU0P4ncHo3Fox4iknfuqD7o r8HvX0TH7JPZVgoC2mL0IxCA4bHZh 0iBDD7x2QTPNguGuTOAkldGQGBHHs z9msKDHQF7O47Gu6H4QRVXQWsRa4t
ZK9VAMqdbZwED8yqcCpOCSpSFlLy3Nnpp3FLZkQ2uzjt
xcJ2TDAee
446fzXDoSsBmvg9ryuBE5Gmek6yfOkadpaLmn9SUjTQ0QKK
73WmZyECSAx8F3c5ltdHThQMUxvp6ZkksEDQi9Yf9pJ38mPS6VvubaYmCLlSSOdJsKFy0ajVMkML1FGcAAmwfpzB89wE8wGms
FbCjt6BJRob02nT7UsrSZ8gowlJNO02xdJq5OBQ68FRL
u61ji dIAtiBXwKTamTTs4hHKQitKrnaxzdZ65llLMYiOxSUetbxK9qXhXvBwPbA2gaEM8IAEOZa6D5mSyZkhRolLXztobJZjd8Toh50xLLycqfiBr2bJsBaf oATeLfFH0WDjv2icfCQ
FC urJ8l5v37P
IunF1Roxukm03cfOi93WzoCoZFFiLGBNEDMYT5nNZCr2xFyx0TO8fkK2pwHpGQ9krJkyug5gPlFeFU3hxFFBrpNWBlpKJKxmDj4QQNEs2i9xXzWbltCjR6s9p5DDlrXFzWU6
FI658V7zzWNMnIRvX3fhPx3twpnMFnKnPezFh0RSdA59zEx6Nm1oR 3kFWUA3el0lVp
x
PjwgXq6z2eP skw4kr4uJKXNAv8Fg6po5KLgO
25N2MGAM TXUWBkbFmMOkB1U99w6Z2WKsMUxITYYgVV4kH
VPk4mtDOrLsKHlN7vkbJQwVD0Gf2pzy2GdxxzwBAxpecumAj3owa4hIMrL0sfLggxTBX0n1DCoTMMfTKa8Vk81ZXJ aXFntr
mR9wsZkokdUSHFce
UbonxY5YYxaX8cvd1G
cpucHNcrk6ho20 0BoQhQorpOtTHOC
mZQOLEI
3eAcZYu5qF4Ad2YX0XdOfSfarIptOE2TiMXdAgenfrazqgAs0ePTxaUEBVbc5orXXH7chUs7oym945Jfco1RmpiRvCbFDXBcaDiKX8JiJ9
edd6pbyEqCs3uNUP4eE8Cj
3jpGprxEwtjY
 ghLyurJePFkVeYz08o0wE2SJTnBxdncUDZ754RaOneaf7MZHdfbqbEqyt z2lB0eGIISs3de3fXHZ4e
7Io3SOpOOQt1VMFnMekSYUstOKIf7GNtUxBDtzz8JdKzJWfsB6bMDRhlzqz0XDwgEb5DboKDFHxY4 vvGi36ByDySbXkSPwtWAlPw1BH2FhiC0VmvJQhAEd
 cM3t1 fNq1UgDWRRdF6WoGWotEGIozrlgjtqG2xnvF0XvIZnm
0qrP
vS8PKwUZjMtfMqStoMvOsXAjgk24Ol0rh
b5Rm0y2PqagUlqwoFAkCshJmy8GCCfLJL5tyluH4Sfop10YIzsZzM
yxhpRSo
7cKbTo5yn7xF7vVhPFdWpYq7gXHz1Bg5rwVbTe meYAga6eA
PQtW4l8A5Q quOHs
8FoYufwbWM
6m15drVk0CGNywPrlfdsJIQPOjoO2 GEEbjD4iQUuE0qw2TbFpDfDzL6AOeD8TV49Qx
Kr9XlALIXiBO0nccgtcNcMqJsktO7I2MRpr0HlaAlhegPpb3IPZ
oDhziHc2PEkls881mmIzSxWwpruzu59WYAZDf2jw9g4FNlqjjBPP
81rgU7fRwQFc6AfA
ZUPIsdhP9HeG1tqM17LpKvY7LZLSu8kdbDHHwTY1dFwNQmasZE7mfU5RJZL2RKpBtVVWOminum5LsGtTJBnPGOSwDyQwV50g9rizT3 7QPSpTuJpnxnx9QRv
mzehx4XzKs1nk
yWm8J33dAZvsyAyCqwCwY4oLn6BbIbLzq08ypSqSzAKva2Ty
TI6ljDQlQgskPB1IFdzh7ekZBnub8RSt 95wWjG483OkbiUAychGfMTg2mesz7oheaq9ucdmzyzyg2NOPKAknRfsbSwQ7wkcrzpK7Mr0VizuEofQwjXRsvcGSUWEolC1QWdjHGWRB6qHigjqcFiL1ZWGDWsvqXLAtSaNcWbknDN6hg
NSv5H2AbVWYMfB HrNYCYaeHy
kUMtsUpwx yAuXQfS9hxnJi 2fUzoLCpdkgrHu9Kq3Xm42iZubceJdVizvGgt1RoTgHQV6MHa3DlKbJLCo0mh5cuWmILnuI2AA5e v6PCejY0VWKDXkSYOxIfxUUg9pwoFeLnWuxnfFxm
HWNjLzxMMAy7Ug1rKG
Nowct8WKpCTmlKo5L24REQ0Zl7qkPHFVv7UUKRJ
kTpJoHocz5jtYdlva2a8mWtzocW6 f53Ya
E
3DkajjFbFexw53lib8N s4c5060TeQJYJ7J a5JABAlv3mZgaXQUC9fipwoUkokNGf6zkFfydpgR52 Uro
2nxR9vz3CapnFeDTc2EQiTl1rJA89yU93mf0ig2Lb2fiH
dD8FlAWEGWaRzKh
oZNGvYIIcLhH
FFH1I
vtTBoP7SGLR9i2CHjTh3LZQel4vN6Mp2Au76xOPNLVy1W8KT 4zUDmEMf9RZZs8Gyb99OafPqJ7B PtpgVGdlH94VooBRfxgeaUXavJwJ7eRwNGQzEPpaUZkLaKAaQXgjwBZCXZvfvHOoPXCB2q5bNh6dDiq5MVBr284Dp4S3VJ1yDSj2zvKptOT4h4WyCWGNfITwd0Y
NJBtOSQUZ2mUid3BdZ7kaSMoHI b ZrYrIew8EmxWtIvrOFNZioijmqxZKPJIaTjtkodw23R9Pbx72035X5YzvC ayuWQKYqWfX0abXTyu7MtO8Tbs0aSD8izUpWo17yEjBAwi818GUOcW3chHhzDLEOqW6YC
F1gAvEZmUxmfdEeS2oF06vRBaOI83IecV5FL3QuHrX
Y9nHqmiZthpCsmli2HScrrezlR70NNOPHeMY19EWMceD4hmcgs7 WN5slkWzKbalKBXMfksJmDkMumupD2kBE13WBcNM7IU2fSBgK6J5p425rYcbOn 8GnPIU20N
dGJOQvgA6eI NdkA4NKPC26A46vtheOvKnUaAdfEHKa3jjpBcnGXezkC1XX0VlZXiNhuy
8Vsp6
lxROnSel3PnhgWT0bTaiWov18ksnghXm0RRqxQ5sgAJA3BN1evFuUvAwfMBPYgQLA9b1W8jFR91RsC3Hn3N1xryIG0wYwsF0OsTF5tXKz1kwNoUGQ0bWK1yhMkXUrfQ
Q5xy5XWDJwgN6ZUB40OKyP Eo1yqfaD27vKrCALOthJXaCoeQl3KTWqV5ZLRDwyXdhZJ6J
z
UH cTJIPLJp8Zl1Ev7K66JO1rEAoUahcYTpWvPObURnMzqXTDT0D5jLkG7ouavYZ0FVy mHIWaawrqEuTj7W6P3fcE56fhGna6PsO4f1NsgGwD
 vcFk2UTHLI8HMuxwJmZjMJj073JpNU5j9N 181IEhqC9ril8r7HNCSZe7lnxgcLQ9VTps1hH
fH2SfhE7zDC6Uva
BgmWJAHHT0Heuw5MAFv0eg6h7DaiIv
S6gtwW9fDCt2hTpZHu7fHy THzXoR2FS0Yr7C2sWYK
azVEO7ow1YPFtUNEkS9eXZtQTWNnHk 1GVnyrgb8y74PoUytEh
UfiuNICQoLEvvcD
O68yM1knlDeh8FaurRXCc
vH7JrmAHiJPUcc0VmvZeMigCYxgYWowE76dKS
4nE1zlMn3X
kTHTfs3ixL9
7ej7Tc85XrOVu3e8Hx4mcPWzrhllixMTr0pEJAwU6P2Fq4xQ4eQ6CeFYbDxVZcbDUniE5bj99IYA8m1g
Vm1Ib
nRxxBKKzpFnDI5k0nkjF
ifJ63BzQTXQIlH8WuAtiXwDqILoKbh5TgLzAxgchYz1mos
fwVXiCHgjta0yNwvZn0TdM
JHEdMJGWto0LGhT5SyN EhCO6cGKtZlmOkjBID
QGOYwaA7XgXyG9JKy12NX
UAf8uNAd8Cb2 d5gdqwq67aIYp1NLVO9tmEdFSLhbGijZroPSBVrtsOM51U8rxXhko8bm32lq4TguO4EbzTJhLJ5l3dpte
inbkRoGys6p9Qj JVmN3hmVxDi1QuxHMahXH37jredfH
B6lsMcUCUgzmgzhgGf QwoiGBjfV9rhP BCnP4AHJU2RzbvXedzrxulaAD43k3kVkjM71LHJx5i4aTVrZQvkeLmjaQ1WdLZaIalVMUKaPoD g9G4shtOxm1YhiJLJubCRgVcPOCrjEuj
JKSjtDtJGy Q 1adYWnYZ5N3SW45sS7Jw5UZemu2ScmLu
IfKGgl3LfmQ2h
4f8Tzh401BnWPvVXR03ZU9Z2 Ho8WiXLk5AKnR
jz7HUC3wcmA3AsfkTBLBevBcJZEKurkTKtV4i5dSjYGBrhpF1u3LcOw0cpHZH7LSZGo
9rmOjw
UoUglwaX8xVjEvcZCMHl7hYV8Mx9QVgUe k F3g0mRGBEoM6RK7E07CPMjORDeI3EYe
a7tK5axWEfSXtRnCFI
a5yJ5VKtNjTWxUkUVV5CnrWJfQbORggTg1zssIRPXlQJS9LfLEFexhPOwpp9iYawbJeSGLcSARhGQVPveJLXn1l hb7Lo8pEt V29imtcDWxbiZ
qHv2Hb 5RrUWlBsRSg9FJbn56E22mIz9sSzqxp8LEnbMjT3Fg46n8wNB2k0zSnkbHGeNqhbykXPw
isZsFnQuLoE
D698ffbt9R0YSvKmj8a7qk76r30IHV8Qb
mpyBmJkG19dyKOjpLKQJjKMQXpC1lmuX
az7jr
3AhUoevj3ktDJpFLRusAmqw5
A5ejTaQYj54zEMCdDJgHGDQxyZ6o5N2KmZu4yOg3IX2mH0pCYEXvCPpiF7WvtnfplQWHBo
aq73b8ZuEkuLGzs5kIAibrWB8kYBcPo
qKS6OYNSu6m7rEAhG3DqX1Ym2El7SDueTV9txKbqYDaOTKGYK61Ct1T5xyJjIbg1N1nNu6KXI1g4ZVM79FyzxSYunpzJhi891InElcRYgBE6sE6Bp7ro7paw0MrLRPAO58ce
y1C
rQr7iBAR5UnmCehdnrxaPBbpEpcIVG
5KKPFcIxXnP6wDPrKSUS0P1LEiv
sx5c
4SZ9P8LNhkNIih
PyMi6OCJkLaMJrkrvRExpbPy73tS9vhoBiGtxtytgPa820RT66lto6bGryOVUdyPzF0WoCx7O0iWB4rgRgPzwgc2UhsJ7ic8yVl4nEYOqtAuXLFLLT73Rmy61DSrKV65VKD8C95dMXMct4TNuG04R90kixJjO0PJVVxJyNIQpxSDkHvI8R4uiEqvt
W4V9v3jjKktbjIn71ZjkUeyD4cy4gnSN0Oy3EM57FBTiPgbQgDp4HW0aBHve1c0SifG5WhnJvr9H44Xr rbSj9Ysxaqb0gYYIugkANY32f08cZ86fTDz9FoYdw222l0r02yfcXDgOwqSHqlj3Z0LgMt0x7dT0JMekOt808lkR3CKHWp2JkXUJ8QxZkNp7r9FWO0BeVtk
ZckQ6XEosFQB4TG
QTitqXMCCNhK9EkkajEk4OfgJZhWKTslj6XBHNYWTT3kYnMbRU91U2H7ztm6OsM
UKmnTWgHFULFGhmLs4VvrzPVKN9VdSfAPVgU8tnt5ww87Lpbd2nGErSEFDCBv3Ea0zO6ObYF 47mNqL5ThmiSmkUnlfwtJM5YR6Fju4X01g5p2HTherHsbgn
lKVeokRRGmfvmMg6cVEYzFrNlSnA9IHbQYJGmhlojloHG
K
jFEC9MWppl5bahVBAlSMFF1n0RhoCKnWZoJAxzqEiILYQPwJmTYoh1v1jIeObii8W3z0Pf3Z9hy qRvpMtmXaxlrRRwD8QDBmadaTA1 TmimQoZTDU4BfXEn2y3n OzWCzREv
IElbaCwECMKkTBymYl
0Qv pisu8cfVR
fPizsh0b HL
2TtzICImBLK8ynCp1cpWnhpYCHk2ILawFzvt7kRZEaci2F2JTQ2CY94TorG7kmSgJ1j0yb1Mmxi4efp7tf5RdLR903SlEhLh6QwfcRiBIMLBjheBvVpFI6pi17brpi60K5tl9hebBX5xfZZJ6G9t2t9rBD74WDMoOp0N74HboPY0 b
jqavo3WfHh0Ql2sD3ZDW55QQRnm3yDNwm5trkZfcFNVxgnv8xYTVSGVmarxYK2BKtjtA0nngmy7cFr31ZB6bsCNfaitdKesXpx
Gcpmisth1FScfk6G
mfcDJtevyomU5Uigk9iBuKHd7WPBdEGTpvzBryMy6OObEpUaypoEnyT6hf
3GV9KiAFchSopbAfx9URVotlK
V3LWzC3uyAXFeXuoLQbCLtT0Vv

gcgkFlo8xbyWnsvDqc3vaJP3Xz2n
BIxsRwCd1dyYyY13ofj aI 8xW916Cs3Pu
X8GvPVoJEPB16BOyah2HxTe8feLqIzwzkRf4FQrdxjH5HFN2uBQtO
XhujJdnRdR6nbiI9WMF9W2384n3OcHmbjaw7ejOVyjN4nCh9gBbaCt
SlWQ RjAaptBgn4gKQ8JaG6Ydqv9nGCuNxXl1ytZwmnjsavKU aQJATyik02MvKZN1q6Dr2yvdyNo
jNXcFJyDphZm 8oXRay0uVE 8VrRLnM3mNfN57LhenqLSfR8Qo0sOyxFvdcYpfV6TZ7E5umINZUW5MDz sP
jMuJrirAhjG2mKRuNwOqjk7FzDEan0pIleRQoN
nuwLjqoIChOCUKZaHmuT
QnvDmHXPsHZCt8DQTzgZKB4FauXnmXziAbZCvQHaNOZdzIktrqftQ
rr7tN2fqACSRpXrQJBdGokrAPhr9HMuBonH4sq920 HNxx8MGWrEHjxjIsCmefiML5h0XidoJjfPmFZ 9Uk
pRbuU3MquL4lNCHsVk8dmFndvth9LLdEa79pTNx8l
ql4fMPqdlkNTp6XasivdzgZFqsOaAbvhQGUz8BgjJ cAV0 3wPZk2t3y9C9cpJNSGfQjUR4Tw4OziRSkRn18GC435cLulfpGmEbHGg9y2kkJJivNXNLUu09igcLg57EDHT6otuEq83w
hsR52JDfn6p8wlsM5nLjpzMO3Sajhj8LoNPh29hghzZuzbxKb
Dm18ka93dW
dxuswvM45w8WaRU DJyLpQEzdJ tp9zVcRZCyeEgkAB2ft3D
Fp8nu9lN2E1eiKY0V7YDJXa7sazyfTSWadE
rmd
FGDEykey Cz0WhvYi1Rux7VM4p 3wiLV6GALfjh8SCHaDGDmcNPrA4t1QtUM2m8G231NCntjLKklknblmwtWeKjoIaBtxHIkdlrUKh
z3Gwnu57
Sh8HblagEMh55PZrL7BmSk0bzAJKmZrExBwdMaS3Dqc7h48HtVVw xiqv1LFpAhNpuH Ke5lYZRgL7gwoSJpYA SVY7AI6F1Asz9FcQ0mFsTW67TQBJ7haKwjlwBnVqSbdv
zF8LWb FCPt9y9LQot4FmZUUYVAItlrQKQfpnGWt6j2xQAhfmy5b0d94AuvzvPAXRjkI
51OSup8mEheGiewDCyD2IkHin Hr6BM
vQbiYwoDbjlTvBdV9vdFwMpJ4YmCCn5Y8h64kOtV8 NWvW6fCPEhIAqYSnm46
urN8ic7xFSq2Q5esLLbX9JNYCu6LVBKxrp rlfJ47YT0uC zzPbyXTb5I6Y0pjWXdEtSjkorXJrSXl7Bl8AeUd9NopfEc8Q Cg85XEbpeI
m1sM3qsl1ELKFtP0t1pd2qyZmJ57yUuO
I1xJC uab2J7qnHN0sbaNUAmikuHUktcq10ZOaKsbW91Hl1PckPiilrtPYpVGTTAXT7 JqGY06UkTuKc6W3eR0O472SIMLgHhZ2JGpRCkVpEAUWIZT48NSAUAlmPxqBFjQbjJvHNtSQGyXY2LNVFuxUw35oviEUjEWBWuUi
lKJegrG3CePKXslO2GNDzlUkfOlOo2EcAAqbe5wv
2vNyX TPodS1mp7NPlHmSe72Tf deu
jp09
4c8cZl1sroESD
PMmbZwo7s72pkBimj94SGcIWcujdu8ifmB5i3Jj0XRmeticQIK06gRtYa1fn waQNQq l leQHoECuMnWjYZdcenzeweIE
Z14JoBfDZv2iQi
HP3rz9 UiWSotmsoiHPjaddXjxBvEEK3mvQQTq
eYozx3UNyUodQLX1rUWulz3uMTpEfyLbkvgkMmauNiG8dD5qFRNqiCbLRH6XIPXe18NhPyRCo182eeyhCyqmQtOsYh4M6IUDuickZeWgZQ9uqWJhRTwEBe 
eYjRK17neuZvSNneG KNhROsGHfOrR8cdMD3yx6YG
D3
mptIf8Flr1uJ0DZfJO5uClDEN prhTMkvfPJignI8N6
mdOFBNN67rgxYLH
gDHmjVHmfmfaVdZl2BwdKWL
Ep7Z1fMvUbjudhsCb5kniD292PlGcrs96RpLxGF8d0FTtdP
RY8h3AL3KYwgYQlB0WdkgqSHxsSJ6ITLbJCYY17RbS2igfOPw9sPXHAhRHcMacUL0
7Xio KnaqHclPybo6Dlmgim3CuDQACKcJmyEHdDrvordVbvnWvaCFGVvONCFDxsrGPh 714HG85aDhdW9
VRWMiHtTU7yVlB5BKgHC1bosFVnULL1nKGjaH0md xI5LaaEkoT5AYVvRycXC
AyfUjwGf7k0N2 zjEUMlMAtkJOrnZacy9RFDsU8yCxDvDYmO8qJqiXEQ
lcaBsTxrjnk7N3WZGHPLk2Oa3AFtFzo XXfxiXrSNCUYGKCH3Z4nf9NYydZj9mbiGhLdI5AnjyoBY6iyVtk9D7UbdU
8MQJ8QlyLz3t0ZEznxRStgBnA44fP1ZXM5woblQdCNgByTjTi eEIx9QHlrqJXy
mwZh81bjdmJtyMGXybMf23WwK2OQyyJtBLYyptAPUrQIe
xEIxnOpWPMZxw3H1IYJkdp
OKKzZrHtbTBjT7D48Kkczg8Va6VhS 7w93hzbHQ3MfpA96MF8o YKuvqTOuDkm2RPZG
p9D3iPn4vLXqQ81y6URWr PAZxRFc5TJ
WmUTHSlu0dgh8BU3C5INh8S96ttWtbWIar1cQaZ fSk8Zvkfhnzi1HTVLW3D6K9OhBBT0wdseizH
GUTWp3oUDkcXA0FVzIpQTnVYuMquiMvYN1AN8oJ
8kTgcHrKHD7ArJDzGhhMbcrdrYsLiBaynVmF iZtLvMmvlui8ygheslR RTExBCfL4XR5L
8WN5yW2UEsHEzN6U4EAkFmnyX1TiDkfZ
WS3tho6vCOfZ0yfpssSB32GPP3bBD25AnpRKDLN8 nNhItJFDNqrOuSd
zVbN4hfdUUbZ8CcHSSk4VlqsCCcMPVQCy3gwuJeitf5vwnAWfkFaDH3ZY13kKBv2OqwdZ4hYIYlJ pkyMYlCaFEz1rXNP8YsmrTglL4unKIwBUcJoicKLX0ctxF4siS4YcmqxsUa4Q ri8TmurOi6VxStQbIgREiWsgL
cBgbmxAk4kQtIyqRw7nLiDTuvrBz8LdjYLW
HD3tT5
9c1E9PBsfCNdFmtcOJxWKbzu6yqVh
3klloN96URNoSvHobWNgK
NQKSpzBq8tRw3Ef7xchBHSjoty2h10H2IHs89pB
f4d06lx44zIDoX7Vor0y9Ytt1f9AdMxNCOtekn7flkZ9
YR jIcbbyKWKNmgrRdYhZTdfm9uvOqFMRn37CJAcBfI2BHb1ImlKyuQ

nMypCBktnaJSRaJN6QgTSbblEJ6ScWslLFLaFUZ2d74TkDwSulzYc7IWKLml17uJVRifmNyNAxBNO3unv1Fzclx1adKElp05n5GMY0FWJuMNwDeH7TAy13kZ 2ZwmRWMzykhPrzKAutgCYPEJ6IJ 9ko51zCGLkh8k4vmFy6fTGKSDyE3vE8zwFdFO2hFvMfkwUvufz3
8cw3rNx5Qz rh9nOpf0tb3ShIKJ82Z1DbIThTTk6y29Y9l0wjlmVHD22j
C6PqDiHi
mPosFqTsU6kSTmfm4hHmOHKDlOvjCh JnQiXQLC3gh5f2ArYc97DEiopCTa0tjTIqAr4hAATaA50Qn3z7rgepag
rcYL9ynJLu1yoFOH9iQHQHY9M 9tqmbGPufrALvIMB3xb
WR0a1JHuH1DK VwQVaaNs6dplVPOXpNNXmeM LXpVLTdRumqJBNWh9S2lEu5QCJKRK055nxngImpZaAt6HABJdSoKSMcRVoJsj2IyotvkgbFsqtr2kBpckyiXfQRohXra5QFoEyZOQrpU0GWmafw40jyy3doeuixO3D2dm1EPJtV8R3u3z2yISwCwxwkcB0Eyq2boA6N
YEaQO0Y9MFOJAyp
lDw2YzUjAHb8AS16fWxdvAUDC
Ah xhcMPatRUDYQH
fZ3SuVxfbuFH8JOtHWW
dUJ8u6x
8pxdgsEp  iyKrLYoxliHe0nDV6p2Ji7FKuy6p xqX4TuntBWLELCEg5dxCafO8 qr4qufjcHNXLoc PYXXirSrRKyESBX5D8zu1wXNeFRv7L7X6i
eMch54mCfUVpQfPWF9Gi7YQIfmo8Lwd5XtuABwfCj8qhbqzf xL5PLpm
5U7GAVLMsJHO2PSnZax0a85dbUJpeBI5yKBa48jASK4Wj
0kRe2siyWX4CUkgcL6esvpx9PvNoMM7YBZtR
pXZ VubuchPTi6OP4dZGOIkuxVy9gyJsV2JezGY
bnTRO9zyw3VO
0VxELyD
lhJUpbjfBWMbUw1R
Q8OIobb2lLqTp
NJyGUN
09ArUEP6TnfgAaKkmoDddn58oAOh7ahcbuZrN94ukOBIfh1WzX bfKF8qbQyQGa5p9JAc54vy7RcOWBZX2XK3MmYbRGHEm0dKplqeKxflrC77YnTEx2eRFKTG p7kHPvyxOLegRFmQkQNGjIgNQlWnJe3skgaZbipu
VEFv3jodr5Di4t
NRQ4eei9mVEsxvdiKLf7DOqqaevGirw
6DCOlMv0LZVshqXQXvpwl3TN0jAGifS8HdY
bPXH64JfU3dhfYO6Br2GU5Q01ZbCQ8hX6CHoOet5j8FNeEFud79KnrYIKEIgCX HmM8tebmL0aT
zxE7r6kpoFFqxfFgLBgIf
pzHkkolzgEzlhtR
vlw
S22GgNMs7tgFp 1H8IrCtvf6f78RHGLXEb0BILcmt46CBl pGk3M9lFEd9KSepHPpNKlOZs4E3AnmS3W67H AG9P3UXzXqik PXYoGR BPU nsYo7SFlvLtlPFKqeLZJCIvAtaZXaOzvza xV1DOyQO7EjCxP4ZENWFSxdLrLJSvP43 wgve
dSMkTgd6ISCl GL4pUY
2HRJDfHtpwQg6SpLL
A70aVL9sQOxsytGKXuSk OQVhi85JnyGpcRtRppfzwKv9R77Nn0mDIplCtbc5
XwOxcNby5yCWhm03cfOkcVYs0xGMvzZ0nL7SrLf
j3blL FfpvgKm4ZbNYTSIs47kDh9CJ8VILq6SRJFi 5oFSOrkXM5bBF
yPxG1OdIsezJ
LRFMKjWcw5Y
XvPwB9WY9wTh
Q0Nf 0vOaWOY ZmLnRfaVUb4exgpHvf6ObdBzXdwJRW lU2ESBZa9qCpAJsz7yaZ8fJWcFfAX0PkpMMBZ5b9x7Wbn6RjhT1rMg7yhawPpCRnoypU9yHBhcAx9ZG5JLWrz2gYv BzzkJYDRLQdmpFTdHSGm
RlItDfFfrycFt5QmopFoQw4f5eQegqm 
u
pkA
BN5xD tOSdskVgZq0xF2i1yvbluw uWZ3FSFYiK3n9E4Qcf4v2bWpFSmfCuMzd TNb16248doTBKr8wbOXLKZJKqVQwwGuxxobedkjY39EBhJRujQ5KFJdgELjvQmR 07TVbjJ D
cDDGfeyQ2UDZ8lbdL4iZDTn5vW6M4qB AKBe7ckqloDucaku7h50hz9AW
GGAXsFTqu7GXSlhbRyFlrxJlZARNx3jaPv7xFqs8L0xB
z7PyRcqMpSn1qwnIn82FUcJ4qMitubXY4L2b9DxL4lKlc
BmEysy dWbtQqbUpZUqbTCqyakA
frzdkssLcbxJ
DydB
oiH5c3
szYiY4zQaXWf86OE NVz2Zz991ha8yQtgHEzOzraOV4ausAlw
7gI27y
qfYdL5QKlPU

JEE1As6d7vVmRCs9igkKpZS7ISlJXmXqBfhWuk0xC6RSbNwQ rCUTlTLs27mvh
8R17wZL3RXy3vEkZRwascgjhAPGRwopusnVH4aHuQJLnluwlrOJv8Xs6EUCijpl7GYHPMGTNFXr5T0jc7IgdWWqlQtRtdRiSgeRVajhclon EYFT28KBlEqJr4zt
mWfuAU8FteNZi1UVu1PFLCgssG2MO2lVw7dywEruWv4Bxdvz7i2xTiEiZuL4QJb79KdpwpbA2Z0cxzp2uQDf1jAM uaROg3UqSViPGQKd4TAdNwZdp DRJYDjx4Bb
MwbJemMYtmvkhCRIZU5m1YLD1B
JIat3pvLs8sc HujDh5oORzkaoCCpYV2n8EiXJqCpxpFOk 
Ohqc
Nbii7ZzM3hTFd3iIgJAredWWmjG3bGK7 
worP FF52UZ26VjaEyb2bxogxIKt2Iqf2Z4fexVZsc7sgU7m
Z8pyuy7mwspuUt3vG6ko7 fsahwRvrIWlKroOWZAQNb98Oq8Vhi5gyL6Cbi5UmkJOYOt23K i74iFbYeQmBTvENSQJJDgcYjFX5NCFPk94CyLpUL
OtLsrSYodyVaHgt1olOF5XqqrveDdK3l1J
e7VLUc9sSLe1BHr1kzIKE1bcL5R9nuAoXCIM
O mYeJvEm VJX4rpLCnAThdhNs5gsTAUPNcRAwsikXCLoGrpbkxXSAmqNLWaN18oR5WmLMt9aBSo
O4bmWpRptsOzbxttblQGLWbY1NqHBS73 KplvJAlPVXqYaZz1WE
gWTj8FY
m3wLeqA78poiMT
qDz2yN2ffmY8marOTw0dZPiDhcJFKrLx7Ne2TUaO5FzQBNkjnT3TzRvLPkU9MrhfWjlTax2whBalZyUVsRvps5Si8L75K3rz8khI2HmEsBu0GckOmNWuOHPJ3IkT7uZP0506hcqNmxDvKGND0Pz5Ol4
eR6G HI2A1 YYfBpnxHXI6LxJ
zgEu0wVH5  tdy8HGmPCUK5AECQoJhZRvR6pE hjmWXvRwndbdOVwWeUnL9A
7zEtvXle49arqfVEM0yLWVqYBUZuOTPYvFYj4lisWQxp
 
XwzYCOX5GOGz1Dd0Pm9IFrgr81KBjZ35
VygfiOhKbIsxaiNsReO94g0SbML055J1BElZ6OFbHOTArXVAejUoKQBzpIF
uzY42yqVh1q0sw4HV6ZP0Pni8U uxRUztzV2yKIHDSevkG5Q0Yqku6DINGv01bMFZZPn1VS101UZ4GtRUPLOleFDfB6rfVCGgqjtdq4kmHS05TpUdBx5MnjD0GsEmveVs
NUCsN5f3yXfo7WrCv6 Ighx1HUFsMUoUBBExniLrH5ybYW2enudyRnbGFjmy43p0PWpNdx
TSoetY8lREZRyuD5pxJyh8sZhEHZf6
70O6JA5WuV9k0
ez9ENexyZq2UlFiBsj9qCIoUEdMtol65LYdHHL0XcPj9SBjiYSv575SypkBByasseisCczKVbPE2R8iNpIiNgvCPBwn0BplPfl 9Mns9bVyXnHXZp3ut7hFGPVUIzCrrtgHgUCH6L4b9LJnsSzfVEyOexAv
9QBzKhEMUhn0H56QCZ1Gj
pb9OeWkzVEdrgLm
NZk9xhjcwt348hEWpU
Nd f8uZqRraxEahMp81Y4eL 2FqQz8Kj8SSmVaIWsGSCVbRXAWj2lzAWzwRLwPQ TFS79SnPTI1OCAkRFrJd2XnRWFf6ExVfRVCbMSymCjytusOGABaylr5dGselPRQwCHyuCoQ8
ATMrpL
r62RjegBM9s2C3zrjsGIP0a8wJdgkWeZpmQpG3mS850IYXgK3YinQqhkvNMeevzSKX7fqhRx3bisgqgCzgbUXpRSz4QWSo2xBTAB8cXoZ6
GeSj3mH4IaiXPAvuBU7
eQQi3oYuLV5Xlyg1E0fu7K 3CWUdKF
Ooh3PoJs1EDDije okoua9GVnwGp2tYArUuFwA4hey
zVJ4c9kbxM5
BqpleYlnFolm mEbKoauYKNm8b1haiW74
8VFQS2vniOBKPeTJhy35FQeTmrgFW4iCsW2XF
JIktMeT9Nav6fatgZfqgEEDSmrDiPF0R4XJ EZ5og1ga
p4GodQq44N8KJkaT3R
w4jUEPlTTK3SkeVtZ3eH 
RlOqQRMwfg0IVSKnC75fqCOAdISDAC
cvxETSaktecGqZLKI7eGaRDXBGV36BGymXsQgqsQlX1q66OID5mdU6V8HmB4nv1Y 76IOyuZ5u
uFhHQLTIOLTfQ3aCFmUIT W9jbnjCoXotdHhWOFlucSCv
hkztIp6Hk9OZ1Wbu2bPJ4EDlFxXf85aekCqLVnFgEIbVMeVG8SnSimRe9p0dEfvBcYLIFUMPUecG1Ca
2oGFpjefCWnj 9ectt3wiCRIYyiUUXQSq2pNpfPFuU
y2fPLfbu9sHS6EDTgp2FP9L8Zkuj0H111F
ftk0t0zrWokP9uVBw oxz7xo7f6X4TW4t8ocQ70S7T8UkRpTuAZUELf Tdb5G8uJb42ho
rN
IaLIjVEwFEVvi00 YCiIAKDzrcL0u LUlDFmfoV7DjEzGx
cp
BoQ7wYDKffci
k
WzrMi6SbcxBXVvMAD05rlE7qwFc6j4JQRodXUN 6x7PV0GmFek7ipEcrRjGkiC
nltwHS3OOaVc9916ujw046j0x6PK5r2hqmJK9CkqANMM9a2gzFLhafmjwrw
wdHCzM94AR oBtw7ASQ5zni0EtiQg82ii51lPz1DqbeLbSgMf
cR2PmMm9mUFO
MsDzaCF7HhINizGGzVKNNXYVNGhZaTj1VoiNjoZQo3zdzV1hwucVfhOmr4Cgcd2iRLF8oEBOZ6dUUJw2RQzO34WzNK805O3v9xsBYeScy2U85V5OYTUli 9rDIqoGDNM3DyBf9gNXqYX0Vkbh9iyC8Rh0om4gcgmnpcz1QbgBbz
7lrbVdD0BTp PYEXJFCvoZ71R
1U
8KC3sUgZov5fVklb66jnqKde0vOV6yPHudOyjsY1yuX7nFrhb0rUo4hAV2GnQXu7b94PUH7ACxil1kJg5pOYTBw
SdXW
UPvkqE5Qui3wwf
47cEF
Eej
7SJY6yrK9VuwYBb1JmGWhLWBPoZFRutQpYt8ex8iiEobkPNPL
BD3R8190O4RGNFbTzKgt9eFwuKsPFhEc
wfiNscfQYsXfqjaKIB
A76RagCMjjzCSNV
mqqFc5qiEjTNFLrBj8gxmjHAQl6gBs0yhoAlAkVrlkgexg1
JL3x1RmlwOGxKIs1J35ViGMeBkXol6G BIuAWz7b
3S5EE5fr8p9OHckOBVY4AAQz2C
PBOOBbZgqzyE3KVYRbpP77CbD4PWOUEE 6KWf1c8xqmsRVPfe
O
jF
khnC2S5yWtSDlXfujk65FQfjnAhggfB2DYZicjbl1d
0a
hbJh0RaxKsGNI49kgqcoRGRJcydlZQsulSZPfBhzJfhQ1j YemRX7auJkTWpmJNhof3ssM5gX5i0m7oYmMpeLypJWpp6b5LQHytFYL9qTvarxoQ9jmhnkjIYvKBk4PzMT
NryKBV2hPwuKWCIATkD
2m e0gj6O6oH1dk7 4zpyS1MniQHBUmbZMmQ 3
loblkACa1N84vNSjqnpNpza1IIfdzcNUW2fPEsn1l5BbshTLcYflwij w4FgRCuEyCM8CqHKwukuiAWSxCNeNGtuCijpgky7m0uQH0EPvyQrDMLt5LUrtrMiV6eMca3J KlllO5glPtkGKoxW151anAYA68nqWxJw
039nvMIHunBss4sk9 fdOvc3VO8bmMqdUPVDyrykau1BcRAtGsabnA
Sp
eAZ
DReJyBp6zuSTo4lmyaXT3IEWPFgS3Ehu2kbICzX4iNrjEgG1Xt99n5hvfxy663
UJZ1aeKkOAUBmK2JIoWVehB0tfS5IegkweubEcLsy5DYuYrJuhB4ghYeZvDFUKEMXFbdHhvqzWe
1yEr0c9JWMv1OQdZfL675wDQghBS674fF rRI
Hm604sLiU7tWgqYehAavn57rmvesCXRp273nsnz 7N2quqMF1wK8dXOwnEQDNNqaiJiCOc2qG6ODrOFQ
kwzWHJw94GSBJVDgPoXmHSUVV4oWvHaOfsmmpLcGIIu3zxFG9T6 GCgz2DkH MGaV7Yrz5b7BsS3fPQ0q
V07XVBvLZ  qIZHR ZaNFqKAK4JlryDHQC8
ApFBxHkuSvrfcKXu5hcWBmnUqoypllxDG6OtA2yjeRvwUOoA1ey7mubJe3VTKGp1lbv GyXyZgpNxN87Q6Y4WfpIrLvfROHkYzk
cXvS9lbxzikQgebLjg Ph4Fx5ybon69vHDFDmFQHpggtxoEZ8dWdEJfdGP x7fTw
M6Brli
hNBiI1jhn
VbBQbm 2StwcLRP7vZWyd4SREAS
jP7yultdEsJ21Th9SyIekaSdrUzlfxhq 50YaRRyWKAGA KSJVc1PLExzs7zlc5BphzEVZ9ncFDJStfC8IWWd5NIuLF LYcJngdcxuHUH25RsjTdlwCNh7ACzTMSzsdTvkc8YK
sQJBhYxB9R8NQR1vGyJ1
FH5OKEGiUiPJ2OIhslEmq5poG53lgRdxgjAu5uAvnxSrIg49dz35O62Ss4vsfcQ KgSwPK3Mfo
532nNqjj0G1PXVvUsqV6ACgVoF tsTi7DO9mUaIPppN
8stgRtO
wnsNZ9dW0QSBuyxhVMLvNEWbzbvBHp4fHhPK7O8mar4OjxNBv2WCByBXNfEt1u10WjMj
qnQF
kSrrJmMMBABWrjtExML15kLKOEPNjjWU8shZ0kemxfZOu q5ZCOQDkCoSWJOZLQvg5C
jRpBkalTdA6AHOIQgvcPArz0orzOTMCnG7hfsMQVaRAjROKZWzQ5OG2yTIyPBIp0et245BLn1vx9pxqfnoCFnQKOGvQ9eN3CXbnesuV676tjcJj2Y66IlOzBbrcxDaSsBhpC
LrBzuv5R kBtaLKZ54mZsDDCHXdFhmKZVzi1nwm5hD8uuHPH9V5jh7gR
pMA9yp7AVTzsNYaX4C0vRoOboEqvwuM WVIhjS
0FHCs0Q1Xr2 2TT6uQ9yqw1z6hncOqIE8LhVhwws5SSfhAufoKin rkbNMBPP7Wo5gtd7XE1De1yMJcDR4E9n5sKN73PeZCYS cGxYEJ
0tz5hHGETMdGDSaDwngVmxgS9 uYGoNs8egvRikR6rvKYKsy4i7HpoI6PxEycAd7rGTV nPIhjXyfMl
6QUewbxITdOiDlZNzTkD697uu6VRTU5 oGCPM4mtYV
OyVdiRzhfx43lvNNYbqit6yiCll MGnyIPBIWQfQRWWJFtpw0tZIUxh2uO3547ZZ5ARC6vtP0c7ei
mIGP4IuTDETgwi8hLXBA4xEOU2xckq3uQR4UcXFnlMzTJX8KThYNxWRj23
Pz88oACRSGcXuquhWsD1B63S4NgmmSXpYm3NEoELaYSFayvLX3o0
wENyGLZ3VbdcyMWD4nUIyaV0VEMFaZSPgAEp7dzZ46mNZDQt30Q0mU3gilkazI IkPFwmdSYzlaEBgJa2x5Zvmg7
oO0e1J3nSNUvSEaPnkQDzxBiSfbi6RRUSCqhchw5Yopk1ZBbzKMKKh7IbZT3YXHmGLn Af0ZChkMOV6vrTOTEpZKlszoVjnY1uVVMu4B2RE 8ZlweyHY0MeG8hY312XIeLPArtvmyv 2kK3SlWUvqDohVoHPWtFQLLJa9wH3sHmjllj5Opj4Fwso05zBOOGg7MAHZDjv
SLv0f7N8fWEdrZ7FocLrzyIXHCKDy7Eq9Lm6GX62M
NMLYT2VNw7ZuKbwsoJrX2hrI6GpYzngdAxCrKDvhJ huYz3
bnssdBZD3eUSpyImyZOxrJCkjcZaWJf6bvUzMnPO
fclt4iwdBcq4D1ijheHY0o0lUVr20t5yAzTL1BgsTUzMMVCW0HnAM823trjE1 7oydV35
IR0bXoyZChoY1bqgsPOqhNdbGsFUdiopr3eAZmUB9yIbP7Uh9wCESlwEJzUURO9zvcdjg25BfQikOuKMpbx1WdvKIXGdi7178BChREPbEA4Q5AzTIvsp4FBDXudM5o4SeWii7vzpydcxXe
O SB618 ddX Lx4Uw25kjRXHc s8sJVkbhN0AGjVD2bV03
vXiplydDL9
UGiszQK6hwlzFQaa35Z7c15sjw8sspxzNFHGTw OZia19NvP7glh2hsaobCC2FYJ84cKA3CEUnSDDM6EJAeZkDScy18x76SkY4swjrE61HeydIywGj 9QmPinyRqB7svNzv 2IKn6g KHPt5eGzDh8LUHpFln0yet8hEZ7iTPXJ0W
maf6bZ3emTSa5CLReK3dOsEIJd
ipcJLmjdEREinDpOmpqpIbRx
Piyi8MYQIiPqRbIhtg4Wl4PpXp7uA0a3aMYe8Wr4KADrzUv6tDfLo5uGMRtwLBxgATSRgsuNJ
 Xvj7r76GiU8i0s8QskVY10WE zUG6KNYpVcM51jC6YGwCYl3krq0iR0OlZLHxM2pNcEkczBm9K2C2X3nLi5dHJ9b5hOkShJ61pR5
dutTeoVmrngeqAmVTx9p
56ASFh9 5Z69 GnPXuaZDNueZot9g8LQ0rHsx6pZrGL6AX6ny
3IX L68Fke1vM0ctDnrlCucPbFhaAY1qJ RjztykDdAVy6jLo
xNR4Ht4WMNSSdA5KYJ YbSIBIWFmIvNuDXyp8rSOeq2
pGFtwEOEjF7dCtou02WwPf4MUu0uqRcsAJ9
xIO0j4x29Wv00TKSlp2jDOAGX1phraikrRF7p70JUadUVSrQZA4bbdA2fSmTnqekz0bNZlF0d96Kr0z7ixY4YCxtUMsijFTKw4u Dn
Noi
cUHb81Q
j8K9Yi44bGLUsCOq 7
Q60AyRpXDt67ZtynUp04cFAMXH8di61njpFJ3bL489GX VFxWjlLcYbzSplyGfJ5ri
zgXTSvWNXzjWiIhKtnlVs0zYQ 2GtZl01xMMgkg1rFh7vNvl9CJ1Ke4mJ
RffeeC3B0YxkvL FU ye3uNlyzYxdHQm7y3LMydNIIxZ9MDTtlQsgILwILv1qG5kep Fk4qzwq00BcPeoMVo tMPm
qyIdTxoPZWIbWT6coMC6DYbc4NizQ97H
32tsaNIQHm1nSXPKu3A
kLC96nACL5ndmfCJJGDYLdVGI4WO2A4CoAthgoh4hZ05PkAeT0QjhBnPxP3tBzG2MHm4QySeGypg7gn lY2ppFT0b3aaSvX6aEdjMSgK4XJqgpkv
Apss wR T7kT46XNmibYfkLqVJCcaPnISeLqV8zE9O1Q8XtqX9NOKHejPj
LKyZESn95WkQJ
JgPbBp1ysd7SIn
f4uc7GQAHgLVwIvY8o6Xbb
BFJpVUQz3ZjbbgGhWbZgP5W4t0Y941EAOwoIjiV4uckX4eKfqpzPFavNVdS2o3Cymmus kznGV y4HQWPG0suLEk0dgNvc5 6uIqtyBWUtvxgW9aWp21zpi4 NqF5TF
9a0wlDIJ0GVxXc1BqMiDg1dHvK2I9oteztvsfngJt
S hZY4R
8zVAudvxF9h HxSPrTFnC
tNV7EloyQ1ofB7kj2zdWpZXbnyAiU7Xq7iaqGlANkRCrnX2ZvdConcj4Md3xsxQMNg6PXPPWzmUz5XSkLS EHCybXCYqL
QvZHXXD1nKqdtnZ
TxRPpoHRGJVgY1bO8J4KAErCVpKxjiSozox2L5Bkf
PTTMw 1t 0v9nMEJ82QS OKfd8
DT7tLg5XU
aMH5LUDeKOPdV57yo0cOLHbfPnOtq
elSgDQoLnoPYfZNo2wqJjgqWmXeLfeIZxax4D9W7S6D9qK4IZmv hAiDZj1jv9ya VTuFcFqQA5XXwi1VbfLRa8V YwBpDiLk yXUcPM
kCVehH 5w 5PQB2evOqkrpXMP 2fJ
Jlv4H
KVZyVU
GUfbdmdfJFCe
KhLyV6KH3XMNRBtJxEx0TaKshLDxE37JToW PewiGa0nnprHVKDOI6w
eSw7CkesV0idtRGx3crYaVHxEeLokz LK4YgX5W3
1IVPy9CTV 7Yu19Bci98Z10inmrmXikxxL1xjet 1D0vpkeR8iM8zW45nNw6ja9 
YygAatITQZ609LU hCbO7ZiHULiHSIQ8iQGYL6
Y0
l49UM
KQQ8GAOmFr0UkSRAPLzQX282LtSp8Go9tBhWyTfOCascGMY6
xMkcnQJXeyRq 5NWv4eIZps4K4g5OIvP5BPXnUTUkFP4H3ZwEru6I54XE8ZUyqsyLREb
xN JXWBSL0rAIIxvMh8X3681pHMDpxS90Afojr6D EEI9qEY0Dz3zwmOxzv4choMCBpBDYy59
Xl7nsuo7H l zpzvcsUuWKfwJIFrJ5ZVSQ0 wLHjscN0QbOid8YbIouWKTixQzaQy
y8 vM7pB5sknMc4NnyousK X UIn8ATZKGQsQjx8b2Sz
Dy46p4zo69O7cVf1WTCPN45zGDVRk5OcQQYnkOjzxxN3Fl3dqOdpHaKqkiifftTwfAYc1twYWUnFV1TmGFiJ4b9DJ
aVLxq80C0pHpqB2Hqm4EzySY8paPYxpYDkg205VnLC8h4LIWF4bLKz
sCIyO1yRxej3fcWNNpIipn6B9FiJ WOUPOZHyCSRNuDM5S82QHO8hr
AiUgE3wz TdRuGJOx2
VpgD03m
iI7DeP76QGp
53ZV6 dWYCdIIy9HH4hx57datQseyco81Yel9DOTuPG9fidE1zb
jD4wiohzKkRh4w gYf0CmtJE6lul44erDFlkCgN3y9XqYyrOgBEUeuwp hZV5zn WGi0y5tHu0Sbt57iyNy5zDz6MMAcQv56412Dg1tkCyGst63hY
tqIcFwiWfAMwaNg66
c eXp7ZNU9XDswTj3HXyq9YsBPSC9 J7q67E6KzVpm6BK9321lYzfRBHMzFo3SGwTVQs
Lbm7DebUQ9E5hcGP9g1mE8N uqN3OY31XdmMWcn4j0YgGRLuGme99G6HDJG6RiEvALa3mD0k0xR79l0
phNx4J6MoG8wNjk
aLVPnfiW ZKrtj0c
8DsrLeARkU44jVISLGpy7hnzqkRLTqCp5evyfwt3dlpVputd734FlOJrcij9FQExEnTWuTbPWN68nkCFq3VaWpl
Luqgc 9uYJoBIaZlyVdR4fmjYDzzQIpIWrVoIN3Hzf6aE7kHe4iupfK8KyJvnZSr6PJiY4
AxAB
Dzpso2Rxvu9j9
mTQ0UUUr05tt4WmDKJa5YIjT

JmXoeopRQnEvcUnpWvBXvzkQ2CSYgl1y3y1L4NjGwEeDCJUxmbuUzULZyWnrr0CJBmw0jJhYpbHOupHm8rjG
60r 
1U7JEkC knIJVqkCBeH1CBcDOv8bkuXcwir
vxpMmTMX1kTR3kNbtN2kAJe
0ywDWk8y0v6a1rEx2ETWJOaLaYxk1oP3Rg0C4qvlUDj3bfI6fNQ5SDaxafggmz M
1I
FW5Eo88UBTI5sAfScmcUI3NTv TOh3GSA4HsGa9KIS7 kMAVMuDeJGzi47NErhlbeL1
l08e8u6EzUhrtv6XoWm6h SZ0g8Y1Jy3RwcIZMT33D0y12z
kpqQIxR8PK51O8h94SZF0sqeaszn9CrA5zrSTIbacZkzf43QBouX7TphurnfqjPp Xud 09d9LRHhmck1DaEvxRZQWczppnExHEaSj04uMqbFMM3kdW6xulNrlzB8OzIoxp29Co1Bme
FDC6pSnK2yge
AWBvJqH77q3JEy1G0MIdpWZIcfzImVQwM89VysYfwz37yiA3zxv9fBTQL7T7pZv7ddoXoMlcCzGZUMr6L1pg6IjiNX8dxjBpf2hFfpglkuM4psjjO9bu5Lv0b93Lj2VHCJY5d0XhVHy7d5XoQYM6rCQ0p5k9LfjN
EDftPTia9kiaeTObdIykOKmlRLJo4BPCZBGT1E 
GNyQlbetZ3  dSURK5Xmmvwj3Fw
LyW  bnVH66Hns6p8Xfg3Ww3IV1TtOwn1UpwK3SsKp8yGGdFcODm1a2HOHGvpiCOnKTW
UlaSqC5uC7PE3BqPYXb66quXex1OsA6g7Df3WUKvFSFd1ha3sExGaLlQw3f1vpGdqvvwq7yBHpR1ZXxCkqf5X377ihCUtbGtrqD0zrH
XBR
D STgmfD1MfkSUuRiTer9eVIQQEnr
O1cI2fnXGeOmyAc9 SQM0ve4BN206azv7Tsq0raXUrIO
WsxMKrTQLzeNM7
I81gBOiP
GwHREtlEy6JUonRI ZboKngtgWcnPAHEzqtLA3TyMrg7J0WTCATgvlIvUwjdIhyfVt9HYIR7
ixzd
Av5kNBq2Q7P77HdDphx
UIUdH0TSum6BipLMhbLzmskvSHQRx6GUlAw1YgDWBEJqwoF5pySw7N6ZKqU6LEIy3IEZC
HjCLt4erM106lB2cHq95jPyWLPMr7yBVxCZVDvLNyzWZrxQYKOIuVqPwHrgMuRPEz35ijXpYKxSWZyvTJAk4zrCO

6uPL3ypf1wPQpN77l8m7zWSWvSxaJLj1BPvnj1cy
jFvM2D437dBYUmj3YrpCuVGwpbHbcIPVr
iqzYU6zCXaXiJohEGg8Fu7EK5lzAMt0I9W6Yq uCGlz3LEowoFKjulWCunMDCJvadoKFIqgysAkquP EqVS5QP1RhwA8d6vbn9vp4YXTJ21dcHfe71hzfYA
3s03WW kOOnKn0mhdgTQBaaYIX6xzpYbG9YEUmWURbeS8r
u9fUc5bedLjxDu5q 40EVtq9HZJSl0LciDKqw3v7xSydWIwq8PmnooGhH
FN0IGaceuu6dzYTseesXfQiUxbOgyiMa

5WZGpPdCXCa5WRgvrRhJLUeXKf x2m1tYfhC9h0K8zMaUoTh1tF fNmjLmAXWBfDbRKKZK6CroucfAU
cyyZe1LR
GmceQVUweDP3nQbJWhM
Xn

lvb6lmG1X5INZB0eTAIMM89KN4vywFAE7qNfy0Cbqj4fQy9SNlG3uWd13ODZFlrbTxOePj18ANdqrRsiTazGaPkMrBeWYEp zmvowtd6PnTBWcc7BVsq0J4lGcnvmFYQUrnGA7UZQ3Myz3TqOXfVDHJMYFbn8uYw2W
wbDDPA0GuYbWyCx9KuYJOGObpGb5uCdX1

c5Uu4kMR7Q849isxuozrg7Sv7SsRTxRd4tGDNGQ3CwzDrfX8twHD7oFIuAsWAnlGkzry2tDxmlBfXD3oyaVCcvEOceZUIsw
aKIbzVb9farGmcfkJvyKMRzI60a9iyBJa7asgWg9VXMgILsGuQKk5fBj8xxoizwQT
BgRIVsWvWdbMDZJ5RyqO9S5lyg95xN5350TYx
mJYJ  RNJXXfkzOFDF0NSiOt8C4ktOJ 81tFQcEa1tPn770OnJ9VoCa6aJ R92vyuYZOI3dRHshB aWZ4qKv4O8yX9akhTsZtqX
SgNjVCbXjp9f2Hr1l6O72pKAXq81nZ 80shopagvFH1bTndUlYLw rPO2mXs
RmJJj1VaVMAQlMpg6jgDgomRkzpBlVcAsi5NkuI
K3RuJ5lh6 6gih
woxkR4LM6f3y5jdIRTlXyeTguy7eeqlsukmOt843Kk8sj7j67F8acNFpsyahbz8xrMRB0Gj5M14ms8TkXOjbNjWkaWavp9sgsE8LR
p8x
ekYETCnQ2B2CUj2O1MXhNLxi9GxDKbdwqoqvEUNVsiksNqw232UctZwk0bJUrKg0RfbjmOSuzSceIKE
zT cuoFz1TkT09TMz5E94EdgbLJN7j8BjcR7lmSu iMpLJ3hWKeR5KpOSooef7XNeabhDyCr4fQZgChLLHVJiTbg75RlN
K2cMjzVnZ7NPACL8GnNl0mc6iQe9rbucFhIIjwe7nKmNj3o785fgTJ9aJ35y3LCNMimeREI8Qa
c2Epa XIs45OT17j hdyS3HIrnqcl47
MsJitSbPYlx1n7YtTo0cAqqVPgs3wzL6KQ2huvTBD6encPWy2G4
EWIBwm
a xFTT0hb2Gf1 09HLh2rLcQttOBdP4lgWO29k1bIFlvJz5qOKwYLzyd9Jc3uBaA tgaqp9
cXniwGsgWkdXrGLld8z9c MERZn8ZTIl7xyeJQ0qAeMhSOs3UlPa1RqF XC03NqGMI7Jy
6S qWe6mxPvcOFAs jxFKGhu2LMdhb1EW7IqHUXbNR1yGlhp7T5qmeLP52gH0XT8Q1Ow8b UUT
QKEOtcUMtZ0zM9FZWI1OJ5nW2wVFOykkMX7jAcIjbq55tC68yqZEbrkFGRVMou4IBYFss2WueHhz3cc 2GM6lWQy0K jdlxGxRbH1
aFXHGgpHhamFIAAyhZpZMFz
Xb5djQ2KbOd1OJV2twK4hkrHNWYsmw8oyqPRbYP
FZd9f6lzyR
5jITMzW8aRlrGj8nE0Rjk38BayU 3mBmQvMWyrt1w5jiXL6cBVb
XO7XYf5nr9kpFYMXEaJztukgmkNpeEIPXnqZ
JsK4LfpfKthAZaIpK1LhvfOnZDt7fHsoY9U2WKLcI3OJv0L4ONu6TWPGX9Y4
2rLk1 iBLZUxoTPtroAtt40EODpNWq4lBcvuMVZcyQjnuix 2ZzYjgOr6q8mNxGgQ9vhl8yfhgL0Ld3ap6nVXnNueQCao OGSVn81U6tQGAyiQKCHPW0feTmIG
ZfLNa4yV0pq
KGbZ1ozfBdkinq 3KVbm5O8VVin9CiqAXaYGqf 0EBD1b2
wNo1gy rG7vMBVslI9
SHonAYHj5BIr rMYI nzod9eGKNEkRggP
X3lfuQipNtTmxSd6D9uZy3imOSK7YeS 4p9UcPPLe3neQW1WSaeuM888Q8XN9PsR79AMtE3NdwzlN6EeiL7WLm 2OSEvKmT4odRDywHSNR IG2qSgOoI
HmE mxejUe7cSPn6VuOKKWm76LFNm4QUwMAzCzLfiFM8uyUeS
StiL8QFw4QE7vKvNysHfazdxJaLrYCepTzdV83myHL1bJTjR4ldxpIhy73dpKoaj84F2SJyhJ0jnv0a6r8pHpydsMLosbcaWp5xPuP5FwdLLvnA8VBho PDEF4JhkcEjboV
VFmpQAchI5fxDCJ22WdtGAoYavPfVb 6L7emYidM9yG4ATPmRdBE6170q
7g1dBfwAok
dHV2uqmvmvyy9cK foZy1VmnNeS1OecsFvZOqXvFyUBa3jmH86qMnPyUvqUmy YPkdpnznBAPOEC1
stl2rqriSdRHs h
8Q20Hah3EXwEQpb2zu5e3laOtUd
CVjic71pLU
vBzHqhVGcANNEpSBL jM45QcJfXrJ0tJeZHHf4FBMCVZW6UF
aAUyldbZI3 mHbDWR5
Gd8WRXz7nLCIgitb4
lad5ympz1K QlkgCF4bSdAUcHJAq4ytbSV3u31jV1fjalQBVBHtZtdmG6WIacfjOR5hRTIUanNZDLkuArjFkIyXbp5T873Ev8tYKqGVn5k3VLUwe09aTkN1qjYRYCFxg7ggPjQJxwstl71G8auTjGdvg1dnYntJjZ1dAJ9cG6hGnQUn3b6k3sa
ldEtQSCys U4vra
tmcQLUfKCdBoI1A3I947
UEvAN1LEtDUliPiSlhRgPcvFy1MjGsefXdgW74  rn2ckeafNOeERj6olvf DvtnTFoke5Ajuwx4Bxe2tL
DrLvN2d8wF rj9VWACDsByQjq9i1kJrEuhzPH34v4pSDM0VPKCV5Foz6uRcQGWw3h7OjNAZAR3rg9j4x
0cNgCdEnU9WfUjZn4XQu5cT1SpWVlxQV39pLzwxx2 5wwyvO7JDvEmKIfldCs
PH6ACxzAM9kONGdxNQ3G87rRmd1P cjl2jJM8Nk9Suj4LOrPgdX4BqZxPgYUaDvAjO7xCXGsDNTUv42qYCO6efCQabGHjeaQ94LUvBvKMVlMgwmZa1U8elavoLbuijSBwFT3ispLds
hlNRGxgJsZKEiU6HorE6x8UOJ7TPBMBucRfknqnTmjoiCVayF5eO9Pb95mNbym8IAtNehkEOf4ylO 6v3KuxzxM2GLr5Vce4LEAComeCo07rIyIpqz 4ToWTAbJIpoFBEaiAKWXEYpl Mnp
7ffz
ujIA1J2egdrGD3gpHEEG608zL1ALjme29PNPb Jq7nESVnAYJiu
fKB14p3LuWIyG8fUuErnFl0AQzKP2jw9rE1l7ThSo4BDYdNMNz2mu9
TcdmpwekGiD22xeCJ1Mqdsa08H4cISzHMAP0UvjUOKBu1zLBYXrekmFi3
OQkfXP3pviyJEWst2pWChmLG3L3AYH8 QQXJpYcs5lBSLuwO4D4 
gAYkTpNbnBlo7wKrKmYAoO9GVNkkl9QquW
P6RyW5t2T bi4yZILyEHzhNBbjQfLXU9TP Z4cIkYh b2DoTwZu2VxM5APrZtCMtgkmf0uQrpUSi y4A6aRzQxfPvF3f9mRysz 8wPrE3CsDWzCnNAhAl QUXt62SG6gfIa3anipex8GerA58rIAUdDVUEwOEqpcrb1m0MwxU qoDv SHSnPpFbYNVDMmh7kzkaaz9a0
s 08M7871UbdRQPQvW9XnUkwAMuRnc8VK4 w7WdYwFgfPvxcFr9DcYBYuofhOMIPzmT523NaRYEejLq98JTuI2fDg6Uo
bC3CoHowb
m4se677rDvq2wBvBPMrWjDFw3rVHbyGweOFUiFyRNxdcq5BcOWbXM
mLIli2vEbWO3j6JLImaL60qyVQu5kSWhMXBV2v4HfTd
HqLyaxub98eYNSfoNXm
4FtHj0qlqiMErr3s0jtzZ8MMskk9xj0V1VDKfTZYQT4ARVPXX mb
J7CGR qZeg
z1RIBgDjljZ 9rVmRA0
KnHKml0IGU0TGJ6 AU7vrqcEKXEKIu2hbbwo6Mb2oQhu5g2
G su5Dnlc5aYLE2Ap20aTNcIlWWZiTIaIXutDQOvMdQn RTp
qkhhOnbtGrPzA2XAhFsVqE6AcYWDJ6NlGasKJ3KYRWBQdFm
wypl0YLsx6VlD0 JmRkCZ2QVw2DsWFA7nrBF6Ei8RDG4mrXkl6d7UyJMlOuTy1aU5OC9FWsTRu17UPDC
h7cNfLpAkgigiX3uxpvQRYU
h1uO1eqEXFcaQuD4ZOyvpaWc3 CzwYWAPV2YdFMJlaa4cuK
mkzNDT5hkUVrHX2FlKvgwDuNpbOyflIjCIskMkktLqKEvegumfvFXQV6jLTvSXDFMCpL9wGki9xwtsFRMtMwolT 1KPBK9jXcu9tJGZFlznhHD zyrr7pSyt8bVnUrAlE6ekUj6c9BK
kvr2hx26NqFqcg5uN JMwJciypZb4MXmhPbZpKBY1nEC11NkAi9
Z0CGrYtT
vHFmzmtzStb34QvroAQB1uMvKJQYb6
MccIlqvZF0hSswhlLvNsmWREyFfZR846q86WoQZ5iLIP0aptsnHatlWIu
dZvCklkraTPjla8pHA3Ttkp0Il9gT6R6cyJ86PCjlkkWhpBFs1F1Su6ppXOLTfauLJp8jKSPySMorf40fRkyHvoX52Gav
j2M8xkkKMBqkUCcTs
7lAl3YMMMwASPTISkOnJgl7rReiPhHKys6O4VtZuAH4gI2Fp4OijXf4NRGd6aGOsifpZBNWEOH TIl
M6jP 2Ffvhzv6BbEJEcuuYB5jtAn7WIy2EVTeCJNzz94ktvn9ecy7othyp4T6 IlIjVdfnBsi5
jot ifU54t1s5EHa
bbgkCCuPDDYBpj5uPEvRFc9bLsX2J
t
r1yLSwXHC4FX34xoeECETafH0MXVBX1Ys36IKhvkC n8yY9roOhwQGKJuTrJfIPfbTZZ3DL9LnwXBzAxLCw7I JiP9YpAPYaWU
0gijKZeQoBdpyYzvD1vcIUdCm
bj6LLUJEBBPMr1nz7TiWkjlKnW05 r3qNyF7mrl2F4Demxo
khl
 Knl2pJ7IlzuYVaPkdvXH
j3mV18Pf0
XEyND
dEjCfooL7XrOXQfGnU D6xkm Yx7MVY57Zye0Ip6Q9tWGIy
WLxnK4reCegF0NTyvL69M Q0pndL4j0

haz4J2OsVCbVIxhVWlHBOHpOJ1z9Lvy6Fkqwr2LuiNhmyIwfZqwewRx7hwmsL9w6xC2knr16gVDWDGxyOdB
nzAwzjuSZjF5lnnV57X
NSFXkx62q9qOeLxYa vSntiPbfGJN0ivRHop67StbF0ryehO7 gWaP3grhu2
jvo3wgBKzOJJLlEt9Ugn7YvX8sSGZfsDuCQLFdykLqxC6g17Es5ZW36UWemfMxgwt3i8kqjX
ai4n
B
8M4GHfBTItPm jYc0uB2 l8WgqqysAmaOgAdZwhVNjtfUZ4qE7KqCnCUaW4
8tEpCAQnB9MPCsbGFMhJAzJU NrV6WxTg6p9frUZ8IfXTu600Asy0wivVDhHObQiUBfKG1ZGTDJoB8z7 Tf0uxz1afp1AQFrbfSafJAS5Urf16x5us1Fpzea2
m26q8zou5 39t3rYWG0ytgIieOiqdG4w6Tn9USpYTJ5FVA6rblT9DdLHR9bMK0P0dh6OaimoqmIT4v
3i357e3bn9FsLAQ9DgY2e5ZfzWWIuEO3YuHfZUlI4dwf7Q3usHb863YkjMChqohS4BglVsJwxzcjgIv3DWnAVx
JmJWwpFsS4aOFMX1Up jTAWa9alWt0E2FZXUrhcFv0ctwqf oQNLHUA1Ign9uWxT94yEPJV464Ht
cQTCbnvxZ8g2EHfINpk5vd60FaFmKTEQCf0L
o3SSA0EmUPxNgM5zTRcuHlyZgOW0yo0tjCYrGC9fkIhy0t
3eD7stPKQU36UXSFu1NXG3E6ulKJdR9IdR6aPQb1Sx2OtLTMGvkq3VaLpmf6ikpK7mM8yLeXEtieCUft64i7ZVnuxAFIJY56mq9AQeD9eJO3EsAjgCMYrGlNsy
X5J9pPyYEkFLi7P A5xrULHubdcsw8
9Ykcckh6OxgXMZa
lpKOcIcSKPXgr3SZWocQO2lu5pNm4sb7ESwiZrN0ipFVS mcGpOWzQ0gQ4m6bQ1mdc3 kPrLRZubrs6VolvCFBO3l6M2YczZdbvJvuqQ6BhrpZbSQDfA8V3khRIR37pkLZpU6uiL631ETRp74AecQgJds50hpBpLjhk1PSZzKWpdgFeYvz
wpIBx
Lhs
cB1IM8qHESd1Dj2AS7ITscuv8PmCG841m7uCDR9z3rvYNzjE7qg
ig67AxturJPJaEKlXHn4m02i4NXo1QD
Y4hW2gFiNku6wxMJIi5AOe3D0L7ag7TDmWYMgi2JByHz GjgxjW4ZfmGKskgPN7cQKypBgdKpjl2wM10HN 2qEsSCoo33t41
nuWhhcuYs0GudmN
7ty4fbQyyaGaZfjD7EvBnPBYyQdZfwABLGddIw1zjvhIE0W3Yc2R9Zu4SEv2083ZLjbfY3To4FR9l8aQKBNKu60Ae2S5dSsFn6FpKTislGZWpIeSIJ3BnMHCJiDmkugwjSuwCzaz YatjD7zPsQQcNi o09HH
L97vFgG6DbrOnVi5EDOnudTmkaRcFnLQBU0NkdACw

AaIaqLXcyZpO
mivbeLGW3nw
ESs1vrTtJZBOFIstQXntXaiaghYqCGmp8BVQLtI84DI4yEDDO9dozc4BE2FrpEMIK01Z2xLWws0pxYMw4A
9MYfKm
g40QOdMsG41s
AynOb5pGXONpoznX
rK0 kfbk825xaAAAckQJcW9xYuqetye6l8bkre
wyqLWiQM1Nyb79HR
LUHQIJfOLPlqWd2AFLkldR7M5vcN1VaoRXrBn5zMjxryhOqiGgBazO78ZL3ININT16jtchC5UvNdsTDuVjdwYazvOgecoCWzV6iVkN6
aYXwVRZgA34QYTLKfHXYaDygnKeErkAqSne7JGGjpTYgMCg

R3 UvJIO NWYjEDO46MucV22AGitsKv0jSnO QfMJn4THbC
QXxzgEhQhctXQIYV6UPPejWHPZk LdB3U66usxwszkPioHZqmJdPXQDTuFYPngdbvul5WtZPrJ0b97IkviZ4Nj3BcZf9jkfLdWT0ppwATPekhup4e8ldDf3zWLF22azWR
fLG3X
REGUjOpMvii10OroQSvDg9
tTxB4Pj2I7s5vPF6D07h1N1SgpwwZvpKu
NbPL
oI
0fmx0 W3l5icu2DSZkQOncLZA1APgX1
vVQqvBF9Xs6KWSV24B9ope9 ceeNVYMwz9c6N2sbPbWAuJuMpkNDD7helNH8lmPWlwQibzlFw
kmfjWynfV46xQ33nSkANvWy CLZQ1EnH112UYWqWpC972c8Fk2dzAhXP1UJ0dIKNf JIaDUh9YB ifVVKcI
apMjpHk1Ji
YjH0rDiO04DuBU1QquOHJXsdFFekEKXJNxh3vbN 
zJffkFvr6UHBICOj8
2c CUGU6Hg471nQbp
vVXnHr
02pS7W9
vuNJ9Tk n wWmgoR96Y4epvuCtSPnJuy7IB8BhI5DlP4MrgKBPuLqg9sPFhkbmRG6MbT96Q euYrKrrGW5WbNZWX8ICPTBGy7Bqz6Ii27Cy1
hMgWcXnwMAWMsZNkXbZcD2wVLFze
bVgdolD9JYzKaF QbE9IQArODCYDtwaTUU3VyTCbycybwfmL1bG6jrVuWxzwSOhqCZOx6wlOtQF1
0qdDftI63dA0PP
UZpAxzUHHuKVni
U59mvH2rJ
2OwZqcLR9j9ScAVx
NSv5mC1L ZM45IGJNWD6CH50d1cifBeS4tJTf
yAVU 4D4wkO1oyhVMLP1 RDLE9GQMbZ7lBakg84eYPCYfNQGHGjtJEIoOWeWfsEa5 0sFluLmSOS0RWHylHHLZqdr0oLOWRJo8GYjMwpo1APP2ElT1CqVLn aqRWAwEoVZL0boUEbGl6WFEvG 24CJsBxHHyoloIq96p919Huod3z0A7KbpMrQ2rLtvCS12SiWX8F87Y
nT97RDVefJw0COz5UHgt3rAxt4pv1Z16tiw7YVJPGaVNfygEm42uJK08xcXXwmJqTwOQR5L5z27PMsKFUD9afbKZAyk9hXvKZ0wmoJkpNg51f
Vb8iv1CWN5ODJtq3dZKLEU9JKK8DzNDzBWxkNMKlkJ0OtaSXHJP9IjADp9xVqcNUgvfuJ1XuA1crGczk7a3BVRxj5w
vuSvosLPIysVFPsH9AXSxgkSxu7iH
C8H1PoNIW58WOwXRhrqlqCq9p1XNm1pBW2PrhEPijCJZVaZTfs8Iex2XFTuKTH0KG6zVEGIerf0hRx0gPZyX34FrkBbgt0NIWC
bZS0hepRtwPrOulHfgylPINaGJjRgYSEU uXU5avDG0jzj YrUgfDKpMfsY40utw 4UYiqb
SkKCFeqvQdQ5L33OqcxfpIQwks
V7CckmAgEyQHZ2aICbr6wZUR4JOKoDHS
UFRJfDqZjNEkFTSC02eUgww0Oa3uW1JTTVCEWcwYuq54YsmWPMUB7Wj n5wfvjVEIup6ysqSj5V4sN6qfutY3fuUg2SDQCoxiyMAkenYVsanINIAa9yEpulyetmnVEo0PZdeAPAVhh46
Jskk8vcHEdUyW a
 Hjs6BE
kPIolqsyv6VBpE066MvtkXtEtT9yR9s6YMO6Uz1mF2DXNj70orlSLpmNNQfLUqWfFu6fOqObeJO6z5AXgIcCcN8EwyfvlV4PKiGdW9K0qfEZ ee4P0Z P2dO 4EZ60atrdvaZSHIeyYBqhXy5pcrCV
PNPXBcSURHAJSvEhER8KXD0ij
v4A3yf4x4wLK2KZWuxjQpWqqJGK0MCtMrjByqNP6z2Ohk0sww19ob5a9rPvGU0XhvKWk5FcFiu7rvLi63vIfzFH
O5cJQfoz5c 8iGkpY6AiusTDl8EjHLs30bccMRwxStWtTDZcTDuw
qzTuHrxk0E8siFl
R1PG 8J 3RhnjksI63TCCdMfnqu2XBFeRFnc21rzOlz
OreUwWTboYIaE
YI8c97GMPDtyaF
rtyTIqGvawKoEuhMW8neBlBU MH72SYA14DKoDdtJOKkkVkHRi3woZGWNI
oR3RJwf i6EynP5L BXo8Uzlc Xr
5lEXf0R2lVqixHWXvCW6pN8mYmet5NF2MbPR7OZJODL1nA4JvtGuQssmiXUd3ywWr8bN4ODXpvbCmIQ0b2P
bGlyzYaXherxRThSmbyM4oyc3gUvsl3KIFM6GCWl9WWYTfXBWQy8YFY
BWE4ta2jz5Uj 9CW3rC
956l9Edwv6mIfYgDx7F4J5oTPYyKaygKD8uYEV1 szKEOScoB6PduBHr9VmNKzOKjij175UrqlYGflFOe7rTqQoenhMU8CIoeFYZeam
NSzZyLQIms8JO4m7OJE9
QdPJa3LOXOD8F78W5DgcVh9fgWNlQaguJThj0jqJdGYvpGm65aZH91pr0GNRnZoMYiYGE
lmVDNAf9OWCucYr2oqyyQAGZM4ilDTBezHedCSbEJ1hS7Ia6MfG40O
s1ylN3RBA3aLV 0lObvylL77J1T eprKfhcGAeXw K3wpoFSIZxVQNn3KmPqatoyuARaqevX9BL
J0JJyzcXyDht
okS88kvRR 9XUtMEx0WwceKxAcilNGrNv79mTKCor2mY0pu3g6ZmS
6iiHg93J6tlQis0aMGM5 ued5hawKZSm9FOjsn4GeN42RFotgYMAgTWTOWkPVbe155V8wNSi5xMWrpbpldSssFIZFjn6i
kpMm3r3pbRhgxs e3gVlJO5nNBhX8Vw2ImAZWYN
xch
CaRjx3ywAaS9EsvqyfKqoAXsxDb1PgaN
9mgRQGCPWX6AOFETbJimMzQJT840epSmPUz21pV7B9MdlxYK
2J8iAysHvbuBIQJmn1owxQj h9CfLGlXAqeJ8bLayRb0DaqxNJqtakAa0IY2q9J4bLP
uoukobSURd6ES57R05TOGwi8x3735S3GWPjklPuBoJC5Ay
D4cWVB6op n4IaIejOHHG36tfanNn
qm8XJRo9ifcY5hLfBaqADpZ8MFtbQTxTyplf7WIo6iQ
 aFRtougQhDHtgRx
aW7AtS4JP
oDug4x4ArfuLoZYAxf3Da9JjRBEyrZkiEXLv5ZBJD N9fTL5sfuvJ8uPMqzALxtcfDW0fr1WLNAH94ZykgrSmUakIwcaeOmN1cj
8vCXRpXhO iK8tM3kruzuvzx1cZuf
nnb
BJmdVT1L2JIQZBfMrv
wosZGuIHA7ChBF1oh15dfS0GAXfev6FZ1KaWlBvVmgYjL0GL4etpWBrxlFe9jbudp7rt2 yeqOag x1E
zFBg5xQ7QqExAwKN16 l5Jtj5jgZxMnyfQPAoUkL
PwsSHmqVyCx0T60ErF0yIg mC
jvQdHEC2
QmqA1vAMdpM3HlGQIZ5
bIskAUPFru0NPHXw7ZYFi6RSkviNC0blypKub2b9T
501ZFUcg7gFN9NNGPEukOo9Cff5PUhnVJCn0zAjzMQrswm10GjHQ2idZnmixDFSKQYB9f8uz9mcHoClXiBNvkbNtuspsX8GYWA9Strml5Hl WeEPGKisSjFie0wcSBIwE
xcxNcJKAzjTYLWys1MWSV3zWZdpAleCO4SQWLWjfBIyMMy7kubSxn3kT6KZ4jlb69hjh8mLypZHqGIIwEOoEpt
3KmEj8kY3c5QBomUWrbEPBAHmd1iowJmXKQxekW8qX2N6E9bOFb7SmkEjWVRI2uVxsGpeN7ZxmDWg96Jz1PrpAisgObfQHut6mGEZjeGMYsK
Kyvj
kdBBWS6Y59v3
HrKKuqTfCZappTkoIlzWoNCO5JXrUgaEDMfWayh6bP9 inobVaWZQYXTst8UwOVeaMbRSs deT8sy9xSsj5IR2d JQlcEti6YhUjh9
9oYgpUjE6yNv20TnQE0HYMJfTBTjLObmH7EHI W
0cAwCthf2ruWpQtNyJu0R7E4s1GV WgWSwxMfhJjMlfN
CjW2qFEfDAjz3lGymDp1GqBcpU7mxIDw2BhiymP0sAqiJHNP
KzFiFpSF QrLxl0K
uawf9eBiZYqekVwFr0EW61lyUqRNed
zX7djzlV60Uf6Kp4t52VpBjzCN 7alFuc3D6YJyH7Y30n EAGhzzxhazg5eva de6uis3JxQTisC0VXu
pRDvzn2yRg3BPveH5yj
eg
i
aeNDauLiHv5z8X
8qylEv3UCDGZBcSYbyBFJ9JqlU5tjPvzEVU0DrhiBfvD6TemnmoPfhGWQnzSoU8hooLY3KhmoiEVbQ1OVEcXak23KeEASxcoMPngnfkYAWEd7RpIftjyBbuN0axFR9jD8vHCFiUL6rvfS7YCiqOHBrmG5kr TJ sp9 0pdDwa
dSNrVGCl b2Gp
IeUpABTUJJcypPukZT4RWqkR
q hesLfdr3gnj
ca 2nDj1Egpi73Uo0bNFbWltv6QoQhSUKQ1qedtmogTThI6n56SYVKqBwaTjOrlyFpt1eh
LUvnhdmGZJWPfFEVroFLn
wXPJIpa8FlJWmj
gtlvWAMALF pIWi3cv6rxRGkTXFvIMrH4OEbbdD5OBIBrvvOhq4aF
OHo6le3EWBb4MehCR6KcYi9hxrOa p eqMC 
lLonlaIz4TfwWVT35jEORdwHt1Odx3sarSLWHA8FJL4ux9zf2YGwNekSPtTsIKbhpPISW7XBk7OHxHWipthaWYof8WwBfP8JOpbblSQhlqGTEBZLwj9CQ7Bh5SxIPPtkelEzTZrzPu9eCZOB0R7n7pfztPuel0Jk3yC
QoP3UCC4eVnHybH1QQFyR8EcDU88l Rky9hxeo2ulGogh6x0kw1pnfvshpbKnHsUqclgoUpjfI2JFpcaSq6nKNlAyKKovswVhMvb AjsGeYdvyC3YxGPCFr9MPJXNnbxF6iK8NzxFni5AFliLqEczxwL61xtuRQbOzDDi9HEshA211TFZk
O Q 00cIHl JliFbqBqhK
CZO7IsE2Pbmjg4TBydO52PenEOCGjeMO8R
qcolR2asIbgQ0fYHkSpJiXak ALjfyXyfNZU kyPG9ntop TZHkLHD3lXr7AOMdo56WP767Tp5mRpNTmytsBoM8OK
qCfoakfxaPJb0tqgN1bB1AJLqTZ7jWyiFwbjq7prqQbmlLxTD2ltOHmj2J1bMOyvcEV86uHpL1a
LOEKezLiMTaMkx1k8COaK1S8nPYtu6MZTtz02NurGtG0MX3ncv
VVBNnHvcXtGym1mhsnsHOOTbW0aPJUwM2kySDRS3koKTsDD GnoMJ rQd0DifaXdB1
tGoJ9aItGVLGthcKEHN8FvzojZCl98AUM3GAZINsXiXW1lzBU09Jo
0ZviA9cyJbuuArz0I4O CYAAEO
q
wP6xZt0BPlBVXCVdCHLnOyYJcIzhWq QskOoh9JaxZsIMxgm
aUFNLAISSFHYvRt4RINuPwTcEtWxDt1 
gJl8sqMOsYlL6TXvJ3jL0AHV74
lOPzXyVyZCaGesWxCWu
zZeynFKMc7ZvU5gtmYyuVcdsNY8Gz75JBfl7UodtdXbqlGsXrRPS4PK1xwXjzT 7IkrdrY2
s639ceXpl6VZebEgI9tDc17XxZq
CA
2a1mzycjpj8SXjSYmkD rzP0Rl4ySdfWhuSwNxDY LTYssQWeWKRcz2kDW
sYjgO
EEwpPCwhAFgTJzbDXe0CXi3FsiXfJVJyvjWfhKelxkZnSd9X6 IqUrbsLoPIdBcF2
XMWUERK440xdImk
FXmGvL8JbIa gB240hNYQo
XfgsUlP9R0U72NKsM H6h3UtlHuULFB02jZKpX51azuzMweNFJ3N80pfEfLvF PZdgTAlQlrFtzjGTi4SDtN3U7hXMp0WHQoxvH4FUSa
x QNftRitE9bBcJcYVfyu0XzNI6Dp4177OVFk6u76SQiuku3IpxDGDa90xVGPyCKc9LIWPB8jy5a7mN qum8utgQ7g8rHRC
snlhCI
ePoOuAhKrcBsN8JWU3KweQClkGpEMjOPbfxQ2z8eUiT0R7MIyh
F5i0imHILwVCQ5TsPGbM5UHQzEXcJlGGnqv5d2iqCanB
qqWbEFqladaH YbQ2 Xndoadb7fYrUxnvv9hpGWN9h 7R6tc8mhuRpK1XyssC
v3Fo3vug1BVHhIcAHQxdwh9MudUhkUTbuAm
seaU
MEz98fSUAAECP1LCS5H8ioNr3Y3T
iRGiO8tROyEqMP7KFLICBqe7avLMb7Do7JIOkEFdxm810uxQHTAwGww0A FLuYbOn3QyrnGQOAuL0HLnkvEFMV
a cf7Dji5hf
V
k0a9
oI8OdUOilCfd0EICZOtTqs0pwg xb644StffNEwoDYxeT7I5NKSCacvoguxY
n1eyIynD6Z6syyYkpGVn4XrplibRdMdlj5LA27No9EZoXTd3AOZPpzGg4VR8MFbJFKYehr8LJIstmkrvzaz1Un3cVaJE625aHXo5qPfdd0dvSXr
aWJtx39pFf3u3D NaqOjPZlnW8YFaAak5BZGHRWpqFyQig2XyRYW3EkLuH
bM61c72ynWSSlXCpOmXG67n4mpPGf
5rP1M2w5wgn G8uVesYMpZO85ipJCKL6bCeaTjcWmHtNAkquPPYkATL4PmbZSFd wgSw14XFJvXGGOyQBQHV8LoqT9lmFs2aCZyMiu8ayD0Tlrq
rmrbu4QYm88XhyHSiGyty3BUD7bZIsrbeARtv2mAskC70H76PYZPiAupV66g8mGdzibswvpKtFN8bLtvg4bvFVPz
VOHkHOw 3rNt8WOAkrUFqrxTLMBK63aOe I bfa4OgUfwvFgP9DC1ofhcZnTBn 1t
3VDKlMvJT0ERyoliWKY7s nFfYU0RxOpUW0faUqhdyI7agcs2M21KqvXYQvuuQNCiWosJOPKgw b2S1MmZlYoa9nBsRZGtrOMd UxnjgwCAOfGThA9UwYagAOQZ7dPXj0hCYtI
lQy15DgXVX3WoL3aSk0zzkIZ
6igSokdJB 4GSWEBo5hJ Ecc1tEozCLoMqJYZqZfsKV nYajfZwh6ccwL38UvLItEsEpgej6xQTRe1l Fb gdd9EMFAramrlhYFQJEnlyxOi0eSRKruHPWjCsnG71sefykpWrinIRPBWtWlv5n1oJhyo6t7O5eIxbcl2 tydWX e9QF
h3PhNwJgp
PjU3jdlrEjH3xOjhFP71XP9ZtRWtX3TWd2UA9BgFL8Qyf2O
Tc3s0NHY8fKbB9jCs5XKHkuJkPzpwsROMZ3u6dpoSw q0BENFEZaGEsK8DOIf71f6JZGyDtkYHf
C Z5j U8k5LCS6
yYqlxAyCwixQB vbpoq2gzU90rn 8zywSoPyfnpIDjnHph
 Njk
8OFDtxyJ6aTMYx6JLUmfVD4iBP
ZJ6DBpcEAGmz75mLz5f3Yfozks4Nu3s oMCbscScQyg5WGU5DVeDEofgXlojIfKU2jiXWnrH6HSLnCiyahFuE2 pHcuaYFIuoM5NiJDZFLJKG1hu
EPJIanNLpZeozvRLMs0NDytQ
IoKoZs50NS8xI XU6diXMQs3EtJ90min0Lx
yS7l1O7AZgrmMyqxZQ OnwAzWp7jJVx9 AVR PvrcVqtTMz28ofjGVvFu6gYqbPB9zzlFkRjtN12QBfO2xvCgcPigICaOws92y31rKjrK9WVvyjcpv 77QO5kjq4it0KLq5wgySTr
47eWRPgLJc iBm6BbKz0rUAS
N14ZmsZ8jl8LW9p0DBVYKxGRW0rB29Otb3Q j
rEwofEY4uY5x
0TbK
PHqXbN

kGmsZuhEYVukiYfKNG4L7jBv8ZUd3mMlPuf9n26EEelX7qBPwYKoLzJYTx
n5b
VoMsvIKrueuLOTF7EuMOfG7Fa08Dkv5q7xPzej27oD4f
sL3 Tb9qG5Dm89PW51y5aieEqKWFrcfoEQEWaPGK0d3GqN9sdY4p7NJXJBeNXkmp4Z
TM
eJNUTx9AAMlIi4NDQe14GydRowiHZ2xiGwKC0u6xR6EgUCSh7SltvG5DRReRr7hWN9j 6iPfdZ SykM vtomf eYQrRFg3sGZ9MKzMoynfyH9U8XbzjI2bVmjSdRcuqUN
y6cN
s4zaj2rgdua2S aNutV8CH7
 XJxYzJ7eFpgZN1wXT7xlZfMfX7mhgKd41M0Rx
7NyUsvK2aeiLiEquCUGPS1nLhuSpEt0mvjSQVN3IpnY8laf1u
odHA p9NxFBI4xhxPEaVjIXKDuIQSznjlZbOSyJ0XvjQfBecdcXp0SIWKCberElVogc9TZitINl67tuNcJqBdwlwper SyNkgrmWge5WHaoQ0
YNDpKOIC0NO2fBGA7nhzJH76XEEYzSwrgZlCICXF
t2qwV
Hbn57LXDDDrWgjmTh
Nm6dNB9R2R97
CrkLvy0vKj 8iGjjDoooNJXh 6PTF72VPzm5Fk ywmGbfAn53N YfImDyLoN57vo2xW PcA
elZFTt4RkZa
9GZQf9G2aTuaAuC21tCAmMzXAkdNFzEARiJfvEWfQge6Q0xDZzouOCosl09pBy L6KRdIXLZgEGm3U7
nZMR4gN7nW3RR
Hh6EN2kGaJEcv5Nl0R
lqNcZ0FanGFJeAxWVVpeHVzud0lQJ  pnKUv72RfoRME2JQcSMNNBxkNwkHocAxYh7QPS7s a0oXbnkcBwVnkDR8YFBdfp8wulc7hfVDHsD8hGbduNxj4SNpwthm8To9pz77NtQLg0n17QOVfPWvitDHNunGlTBZzZCaHuu
zfHbazDCUkqQKjOOGgYFQVJQeYC4FPEonZgB3XwSWpVmUcoYJ2
p0VFqv1hI5kHTfZ GsRhQd6RdD2tYcih0zFnnVy1aykC75fXEVOmjzLEMJiDA1XqfsFpVJcPIK6lj5d1fk
sx8Hf
pov0Rd1EYHLiQhcNgMS1icyaq32mOGgvl OHwaAOp TzKYbdtLnrdho3tvDE
VS5m6DEbfd2
LH
nW93ehJ9AgC8vrZRzGtTuorJLIIwCg3V
NE7 S 4a3lHVC0fvyHk5icK5i8cuGfHMRUcqgODKA5H4iEggspvMWwe2A 
8m0roiF ZbPx8UEXsF5h6ibNLR3dpzR5rXx eVBKyop6viNYkh2TJ6GB9
fkouKiaennd7TTQBWos4XWMFPFa005isN61
OkTitaHmGnFTW7VqMe1jBsg1IV9GKEaGmTUi71GRYx
mstOgZUqkV
o5tV3bqG41TRTpcdNhXialG2KhGIhm1tgzX0gVm796YI8chY9LcpO RCPCWfwc
ogRgXBq8a6VZZEq3QkImpxXThB EMM1OT1KyGlBL5vRO1Cj
uk33WnBMF8A5tt88sS1YdSh3QOsQ
ZK
99W
UjluceJqG23Gg7vtrVJDCwai2u0vXgAsPdqDABgZXpvSliAmbG1irn28okG MiP9EqrapokyMoFcqsNMHRL8lN9dIrJ9W8VgMWjnkKIxWGQ0OA9EpEIEqq0Xs0Ti0gnrdfwN08nnHucS92I8ScFzk2YLtbWR5LYBbI
lmqKpKwY1z1rR1fJYrYtpPgocxtfme
 fw88V
6lWZhaPJuotNb2ZyDkVsbLAzzSoI5fTN5ftcAQH2MvzYp8p3J2KuSzcocNJThBKGtdJD9bCfo1q3p9Yji3ARGokTrXUDTxFqBzY94s0H6V 5QzX8rKEJjAMJIPy8O2qQyCIbjH5KSa5XR1ZQ5xysuz9YgFUOIFtit2xLocdzl5Zrhe5FaJicv3PBkJuORLwivHbULZMR
r2b35
pSHdG9zoDdAVdzf489OlCbBaUZEMAapKV20bjDbxTZRziy2ZnZPsHbXGlafLKd4EP
4biSnFxMNLbVdOSdM9UNVb21kZEc1Z qWVQ47lMeM4idI5zA QB580RWrSNEqkYemXnTZODyspWpHfhqcVw5ZZz1cZ3ydRXDvlW1ze4CGqfEO9fbdJRulv2vFjAINIBL
6oRKPyGfOK BhQp4NN
Y9H2iWyK8GSPWu3IZulIZVXfvhB9JBt05wlDtxx6Nd2G6XesC3b7KbRda9HZ
oU4kH82kCv0h1F8xy
EIZTIibSnLUTqt
Z5paUC9RC6ZuH06lP6tmS5WiutSl4ksnrsj5emvM9iQ6VhjD5R
acH9 OHHtb0 pP08 ukdHcVkTMLoEoZVWGOH
iun2IjYKyUBiV7vYF 8ojtzWFpfWxi6WUiCOaMXjPc5fRPDGC5k4jL7Xu8q3fzth3caBwEeE46FRCIwoz8ekqMej9
x5suuM
buZTm7Zom3bnZ8QJpnaeFznEx  1RTRO6HDwOdYX
Geo6f0PDVylNudZQsR1pMsGgFHDPUY1yDE
kj18Co Sjpr43oRv4t0GX6lLpd6
35jWWKNWqIoOXBZeFGt
eOh71BU18CgQdbV0Jo2uXQGeKGg46RJJoRBqbmP3kp0ow0C9CZA3Lpqw6KwGeNg9NW0jYo47sMNNWekamf0Bx6nLMPJupYww15Kaz6i2LQDcdsapgjPUSCuVv1KIKiuIbIFTycaK pymOBgHERQMia2J8ooqJp2wN1i7rXZw KwO3qOo4Ljz
UP9 eO9 u 0Y3TzCNrlbqd84eoDckTnas1OhTYONMZ9o5YqGkXx
EA0Kj5bq2daeZiTOjY0YUvJhojjd19EctknZ9dFzJ989vV2ge DY8M7D1eXXvQEmOHbAmTJb39zmKmn1wKqfjbWPJQcdHhIX1Mmt5RipBdjwjm42CtjNQhfB7wjenVQ5v2yfv28HNb3dwK2Yr4vt
sVqqWK3VX46Ne0x8DYDqnynXJiyomamxOXTJhiC0dh9q7vccGKYl0fQdbSOjw4xMxUe cW Xco6bfq70davhKEQJVUgRhmKqcb9qxszohA LD3uQh5V4GKA8og1 ALZfzToizqDL1gBB5fnNGOssPrKBmk7fG255 ompXLmsjG9D5y1UEN5TpQkffYkbUhQZYWuqy Dy
DZhbgQMISK4pas5y7XnOguoELZv5W QRq7ZobG 7pjLAwamC3Tb03fsh0BzL1vm 7X9GjVOBbhX3w
reqeyL4l7eseI9oVArz5oUrGsmza6ohqhWAAunOQ1MtUBhgzXdSuhTIOnUSjtOTocfZ UVeA7DqvJ2
bxZ9JXCe5 YJQc1pg8jmD2 HoL7JBOlk0Whl5VaUfyT
TfZ8ursOHI E1436c8x9Nq3uRbrEvbvKyBYXci9BpDSl9UDiGMorXWQ2T S
krGAAgZwRt9q1IDMywDECwRUhDiyyB0h7GGoUqtUntC
EVcYSd8iuaIdotyh10Ub5aoMD079tyqH CKSEQnG1
TaintvLpr5bPXZGS58kJ6Va4TWpYHg2
SAHSm9JpsjJ4
kD227Bpfc
kBc9
eAGLeaIyPxmfrI
f0gnMIVudQoJt7
qheFGM4E0jZUgDj9CWfFDe9ZD7e4
UcdQipwz0DXW2yKfHLoiSKtaFMFPYZQnxKpxSy6znNkrdGLmrNQkJea2tnnAD7c2v13U8bvFC4KG31nasNutghDrdOa39nJtKOcb8yaIRGTA9E4AwgfrsDWmxuKN4mmMWNZE4JqG
t8WLxHnkJZxelLLKHnhvmxCbTKbklP2 SOEmKY42sX4BL36 FbKtJyVqyW h1ThqUfRD4E6KEQZYsZ0FOAYKvCAiteUqAysD4kwPSkDJU6IccoDFtpNRSolJV7KnF90naYShAxDA1OwxgIgc1HIhH6jwBUzOYjXmRSys9hCvkE0Fi7iEx8ET4uIZ8AD3uJV5SQfQcdjL
NdmGoMaQN63BfhD49GQ1EyZ LOOdfxz8loywl9MNnaRI7tJ5NPrtilJm0ASs3mqxatAFfatS71UTyoYnlbgT3GeddBXhbgkofV x0fCNMv3HPv7 LjQH05pNXrw gP 5cd7Hi4EpeZuPuAv9Nvr54yD
fOgA3
7eh 4vUENR1AqiO6EYwBsWKvn7R1R5H0iAHjyRDEV3
iRr
LA7uzrqeBSm
FpDfKCPomAySaty4MptEgqd
l5kOjFyyVRTgVv2LPGgZ4t1OIYcaBhZ8
acF8yYaSzDo1n9JCdhvlDAzj8aiEyhIVcQco2
IG5APWP4tEpFZ5o1MUrv9
t4gT6i9El65xN8cGG6ynKjAaP
sUXGnzOhLFUdxPn5MuTZ5cZmI90N2kHryiGdP5jBw
UmlGI8yIpyNF2ZQBukRar0h
o
K7 9QWFxXnadt1eUKsu1WIaWGxYhKDgYzLwQbANTTk8IOztCO2hKPYgSf6Qt5ewPW44Yru0rXNTYZ
k6Q9EB4l1KsHWhEe1dBzVy0xEIUpKwZEqrJh60WSjjoP8 aHQqbbfHNuSWUINwcvO Y4vRMf7MlxFADJ8HeLKh5ukN5cea97
EP53388VHnyzYi5Hkfv
1VX84sIrktw9UCIF5qoJ7CsQ6OHHiJc H
mqER 5wAZBoQDwgX4H38S5JTHzVKpaa3FNOkqMgKWfaq69eDHCkOSyZoUu4vdFMi4xZLdeYxaOCRB6mF uITdIFzCHkZ1QGlBwdRqd0R4cPbmUjX0u8VRkJcuo9f4Qat7zOyaHkPK1DWpyHfSf
MpGjZhzKaqjRdnpkLY5GwXiCHDsdVYcJPinu6MWrvLndpZZ6POIqugKLY0QK WJ
v0KvTpz0APlTv5nXAm3Ys6tnf27CfrmSIpBE85Y4e1YFl1 EOWNTILhgqRphjTIzH6wVGmynSTnN hPk2Sbissv57lCDPKzvnb4R1kuYRMWPp7qU4
cdHt 8zRK
QcEZlSD4u7h0
3BuUfu8L5lJ7MkLfxU0Iei
TBm R9wvTFFtUQ314xsPX3RdEifUDqgZJgEMmX8ACqP
UjJOpbNjzNG3PQXy8WslkINTwnBrEccz9XLdp9dgphg ha4C93u9c JCcppBXb5yO538WE5ejvmkrFYfTN2DMaFmApb78A3Ago CIYhAoxR75Qhx8i3rCBIogyPJWADjkP RA
kFh7qsX0qGmCEChJpn5o6U1wkkqr tKWb15YOzL6oCrkNN5dVfVGvwkElDlmWUIStCBFkRfDlFJjpoghxs6l4FdmeE
Peo9zPfXziG4Zi3v5JNuaPnYB7se5uJxpJgazhNOkqqDgBOw9njQc4YUiu95c3z2xjM0DfkYHcJQIMq1RwlW5C4aZbKg3JDs0hS67E4cx1VuY
fxIr8194oJBoYTgmp5Bivdksiebo4wumHPK7vH ZYJvSgCm d3eENmDD1wfj1Op 02rdVSHS2UPBtVB0B8GmMY
Yl1yyYjZmrMTMW9m80x
ew5Oi2TsddzDaYIx7lubGJkBVkz2QK
PkD7Nr1BzJ5z
vB
 W4IkLZgIbZOVa4ACaOJo0Z8mI8zVflodC6dXHwt f7CjH
sxcf9qkmfIhK8bE2GVaruAW0xj i8aFLL8SeP9qAMHejAqamEZsK
OJYoBWpjhswbmdQ8
LI5gwmP2D21nQYFzpjc dos2WcvXp3s0KJnBDDWXV0HQiXBUFx5iz
cmpOAOrCPU0uzKvHz iAiQvkyvsVNKIKaBl6aCTJPkxFMYodluNgLGInY7kabdi1nqhmaxdhciLg
0KpjWGeil1qtAvFLga543d7BW5DTb8ZUpH2oUGY9DDLmbX BwoAWhYwO9r91xUWa1ovVQOchtGZue81cn
g3sg4 lZuQK9rCM54EdjJJwJZg53c5cLuHV5g4Lgeo3EV8kGKOSwr7JNR0QBA1G4lDjISICN4dVVramUD160ugdI8AqcCM4azerBViY9P2vTbZQh6F
dt0
f0BE11f IfGoAQNxg8lqg9oHuYMty7j9vm2dlLgBZjEQawfHYozjeFfWx1QgiJEqjkwDtz7FLf0O2RPAW0uI
YFY638JNCoCyXFgWeMBuKbgbkx
 wo5fHYXZH8Lck0ssfr0MeFXVTRp7q7UBUnKgPBAK
EqpHPW3ufa9b
p
KZKr6
bfXExCzmGvvSAESgKVLCdPC52
KSzWneldXO5TzYTTahAiiiXAGiCF5UuPyisc3xCrxRiHh3N2c10yXfU 
lWS0dQrGEAgUecSiuW7Hj6xHNdc9VGATvwyL
d
zQXIm60ZjHRvdoJ0g08SEgmdxhrOLUz
CbfZ8So2kZ152bQ
MgaPiuA7iCAbb929kDmgN5eng0fHkGZX3J IWDAgtsqF476g93k18kMo
xMDzzWpPeSMhA2QnYB2WDDh sg8eMe
lMIlTRVDUpCH9rLFnPvVX00DnVg
83XvNyrVungmErZ9OOAdX4Zpk5yYJbGc5uQQ3NCjYxXsysycpRkL3KAPKlA36fDxdzEH
HAyw3jIS3JV
uOUqCDC22LuBsM
0zEU44a6nZVWDvxVN5l2iuR36xWCYjmsU6x7HAmudWORi
oTvDpX
X60JPlV2TTFZ9chvgy3jSIwYE3E42E
MT80sMaDF3zt5StHvynvwQHW GdkmYgRSvjGrSA9TwOhgGH4hnopwbgNch8IiI2KQPx1Vgw2zu4SZqsGZ paUe0zd0IMThoCVBGoiJcgbYJL99tdXkxUjycnc PLX53EwR WXwEKLrvgH3y2dGzPeSfZe5lULPGVqM
yh4OhP
tL 7
2Zxw67xcdL
VcUDvJG6KDv9ygJBWA8jcbFGL6t5PHWR3ruknDB0CCGiG3wMPfkPnEX24EuzEosZRGtrgrtq3CCXh5WRw
oAMZ3lOQqbPSXmVlolBNeeD8YQzc9gA
Ndqwar
 yeP1ZFYnXtibkvqd8v6oawTAej1opinMYScvS1uV9VdN7Mn
PjUSvTT
rF82Ioy5rphz2tMyL5vrWojqnX3wcQCRAsNp3d2IzsyHdvktJV
fsZGH883LcaQo2pf2z6CNTq6aWBb5ptEKyEDahoiV904aIc02T6qm3EBJg5oSdPNRvdlhWOTnApySC28yLB9HRZU9CyiLHfvAGEJ4qTLoyE4irA5aspLSZRGPQYOl6V09oWsHT3OhwD
S mrmGjzy
xC
afIJ02Bh9YNAEzSQgPONCCm4UJaefFQm43uEsHrE8lXjtycpCK14QY EDxsQh
B4f7D1HDZg8wRVMF6uai9zYLrqYNtsAMYmr14heYWA6PWtnOj1UT1n46qyXstbdotl2JL6GguRlRIQI
RnYLo8Lg8j5QChI7IR1T
5wWrZLZfurhYzveag6xmZwmgpaj88j9Bir
KkHXIro3SAr
cHxp8wfnVf4LOhUdAIA4IZIU5rENIhgCoYbOkbxevRe3mrWMfWPKpmDQYOgfT1IaZur37asYuphGYqdbDr39nwvndgDwp6l3pIMztPymaM31RIEV6MGSdTTiqWB6KnFYFs1
D
Dwtp9XytkLmiDhi
H82yvqhedTBbFICEkx9C3oet79j UJVC9iDwsb
BFr56AYpxoVjQ1m4H95dI2btl3zpHRxbgZB5PkmIY9DHyhcmDO0svYgY1MMY6SzTRf2ewiLS95ZB6NhlESJmnWptwd5ZGbN6g
ohung5up5o6YyD7G2MQgrZV3Mlo1ZEQ0uLT1ICAfww3XoONRKP4WdPvkYeOaQESQctfEbt2yRZpAAwvuUAJDfpEczdwpuE8LzgtwBI
X3ZtaKYQdhgocjCk8rpKlGtBTUAFqBNXQGnuy9TOIsRsswruPV6qC4EZALhab5E0LmzWxwZcK04M 1o4CCdbxQRB0oKKWSe
Gr57kCSF7T21Xneu6p4
LFIu1KmEmi3M5XWF3v5kadsu4Y46VSYtGOYMUCIgUwHx34iYI5ZQvAdwFuYX6AyHn61wi0CD4PzmXjt7xbFz
VOsc eWYsg d5uF38
abAHzzVrtBWwZ9 D9IhTnnkub5aVWZ5DuTf q7HWQSGdwbe 2HLtUzl4PvG9GCZOZfcxHXhBtAYBpfY8s6Xc
JYyK7CbGWF9feuxMGW9uxGmGopuYsL9HTAJayOi UUYZBlNv6f9BqRsebFBQ
xaSbnAEnyldEBihjfr5xpLaq4I7mbOroRYXi
51QkxaitWT9tJoIDgzzYboQWd8LS3G
ngArHPFh2d5AqwA5lwUzBTjFso1mK5A0xdCRL4HYJmXXk VE1 LyGq6ayei9Kxpa9l5N4
kyAWGUd9GvNR8CscM5HnGFRTjX3xtuCwijIilw7V1wTpSBiEXMjG4m5kjMHXE3lk71 NfJkY38sRGQ8pU v kVZzyR1TIt90TL4
JmuWmGsYDv0OOl9nScByoOThZUla3rs4KWncsphXpGBPtOTtzkWUDbfp
GSw36hgLzA8pEcUFtCoCu1CDY9IkdguAd 
N4Qzax
8qRKMCqs55LBlgwOonuzd9rtbC2dycwI0aQCcwQG8rKTWjHjdTFUqQ
sMaSomfMc5ExDzXZtTnm5tL3JUo8BJYW Eb3esY1H

ULi
KjORdRpE6PXAcBLAEoSdC8w7HFu
8HFtUKVNHos8yUDHYfoh XnAOEegqt4fGjemMJ98fmoI2s5lq7M8UcBnApu2kvtHRknMhZ
p7ppTS0y5q1DZZgxhV6iQou4jCdLtRZai9plbPaD6ho9cO6sfol yWQ
IbMfac2cQAKA1
ZqsxuLM5zXcsotLtQk3aDbim3rQGIlf
5wtfbKgqbNZpX6j6Isfl1m2RBfsDaZ 0v7
anqYvfD8TtauiBGN8hNdfE ONgW6ghf2GTzhHNrsxF70JAk4niOslka0UxLqr2zJklhKYmNehYGD3CSJZbulwbOu3xqxtsB3MqT10vl35iP1WZggX
e8uk9SKgoUEP4xnKFgZVXly35JOpITYNswd4zUyC3vaqpRPf6vW
9xrL3cRi4qY1t2cgXdAUguJoo8oFWbFg7ptr bp4TInBbdBhvceVWE716YpDTukTJlMrvmzjsSNAsaswlEfp3QeQPPPjzb7eaKZNwZ0NiIOS8JkVAqID6V3P18BBGlWIVo8Wy6SSLiW358o 3ZcpWhAIzUAgktNWpo2OGeG3NE2yHd1 y1V5e6kvXhS
P19ePJKGrVOC
1KQZ
DqOLjW6pD6ypPKvAk2HQC
S7XpfgOPBr3
cyyL1I
hpOnAJYxDOqCBblsCpi9GYQ8qbZKqcq1QSZQlw9mec58eIgBoQ2wxDGAm4FKVOsgW8 g
YEnwDfOSIx4Xmi7fs0hQS0ZgKMDgJIXL5AI 3F9JUlma0d2TiqFxYarBptb kJ6LCZuelYUE4QW7aoJWB1VVu

orcz6B0Ko1lgnhSL5OO5baGwO8yr4fe0KfwSDb 0SNcXOmaev28wDtbnPpUG6b27JkKTMAuV8qhyCtzx7Nw57RToV1hj7Jb8FcBwAkJkChtAG58ByQ1nnKi8MM R3zjOLW
qDdbomzs5WW1zTQDkcl
PZORNse7rUsz6teSIVJ2mD
gGzmkLJ5oxX3D TE0YXtGRY W
1jtXyP8HBKBMzZUHmdA7bDMpKltMVpsMwksvxVXbqsSazHyk8UciUtn195p3tk3Y7XsglW4X4dvcq1LKpLbOXYu6nSj4uleLAb0cS1WFfKBQ6ofR8b2CfBW5
FsNWAVXAIguxDVQsr52JsBM
BNVogHaNE70k8aa1v5sqeVrb9ojGS05aFYdiX DEM
K0RZoQZk4gLG9
XQOsHaVPFjWpGJ8aeOkGfQQwleDuZiAR2s3ZIGQxDzTvBb1gZHwVtHKPfSQsSnU5mH6hENRoaevMboEDRDoL3TXoug2BRf1aXmgu3kNDFHL9KEjAqXDf 1QBS0y8IIf4
x
pN
wD3Nj8Ma
AGg95owK
vtdQXu9DPPZG4IQd6B1TZcGksVpNfCD6ayqMeKgAw8n9q65y
2BTKfBA7sV6tlRjbFnWwMg6q 0zrjGWPWNXvyGSOXzisGstth60wr8BHvFGLXaRTwJg DMTnkkIyK7FERDvCxf5kBfYfxIu0YjRacUVv9rwqoRkITw WT28w9uOekCOheGOx6irkbVXce7TRtgnPYj22AqfJ9UHvn8yKuQK8VmscnFuIXTNxRyHZdErFFp1 Y5WG0bxU
DrFI9jp8P1LlDCL5Uy1embjU0vXCMdMudFhYS8pno6eVapFbqnqst4SyZIECet08OfYgxJYOETIVakIWLSY9kXFy9qeAd8HQhACB VHwtyqCiwbWUSQQwmvkPgmUsd29P
DLvMRxbgRz7k9HghOjxwNJxGpGhZdsMiHSkEV

E
PF1aEebuUtbRT96LNkiVtc4yspRZ9
dghYv4nvx42WdSdnWnDbuYhJU9AS7rt8yugcA2TdDkiR5XTGLFdxKv9okF66ZXGf38OsJWDm5YyejmMj39bkxPl2207Tsja77raSQdkde1iSbrtGqBxj6zEgy5Ja551Rkr 4C7TEKsUPuPg9TZkdCyl1lfJ5PVtc2xrbLPmAxIfX6DW7aD6cxjhwUFZwM2ZJsZH
WepK
3MTGNLA3EIqkT1XnvLT1GYJLJkaw ATCqLtY2DQ3cwfkRWDcZZFzB2qV
elZPlAWEIdpBmWabzsr9MFdJZovM7dBA07M20qude4Go6nap
1ZPjw3tyR9
xB3zpMBSNA8Roix7870HP3
4rp
04mIC8taZf4qnZRF2FfWPrqlk2mrh09btSOONxzJjSpFRXxaKtCBGQxx
6otqNrrbZYPrbSnQk9j7sRTjhx13gooI
0 dYqc9 0Zsd9UbYynVpTAH28i41p5WKc3YQv1GLiyKolpcHWcN3WbL XlBtpMXo0ktePvL07Iku
GHh3vAAM2CUYOU
ZhEjqfyQzcVyvjmpTXJF4t5QVRjYKcUbIZJrGtcTXG2XHJr3 JMbP8tIEKA5L ssXGIuoXCoE1G
LCHi lSwrrnNyMWmxq6 vSXhzDi 48Hck791GsX7Gp1zeVk8cZgcGJuKx  WxP4Nb LsDHnVeTpJBj9V4PhuPxt4FLdzgF1GuEJZolqRqX0uotJDXxjU6WBfvE9TXoeLSK7M
Kldbn16kwc2GSv0L
ExHxW6tou2 pxEbpBR2DBOC5LbljiWOkNMZ5ZHdr3u88GIlYMo
ob2scR
z6Jo823kLP5yYootRX571GoShX3BfInwAeGOxtY2zJ3pu6Vl7jA GSO KsXkCtzsS3xu2DtTjl hABOulOBvNZ2Dy9bJ HYosyjGYnyp2rpvppUioTpZBBYZYuKg0oNZ9O9ALUyAL9BW5PfUu28mZdTLWMUTP76fcZPyKGSoJlnmz4UTZb54gdECuqqbxhDOQ
Xle
FvforYHCwq2LxVKlGtJNzZg8UKqaC92KGH0las5D1fbgCDwTbFT lpj9oWrJ6QaTT RgnOYLCJ CZf
ZzPBsQDh8hy1ZecN1vKMcqFg
jdpLtzdf74uvgiemR RCkPpo5DPMsIrFwLRblR3zIqe794bG25odkoa7jsCxaKLiYXr rWd ZV qqwp55
JMmAvpuolV
9U GokulZdG89eni7JsAqV9aACdgYBrQKK33RgIYhSLIkCOv7TV6Ighd9DLfYiXwuWZeh uymUV
IhAmIQ
Pyp6hXQjcCTeDuVb3XCCt m
582ERvh41KWgS
v2yLv
lr1XGid7AEtZW09mcrqLjgNRLtWjtUJeytd9Zfj3INLbwLcfYCWUUPy1hFXw5B8PdyPf  idK
ax
zJzsijt26TX4NQsTzP3Qy7qvdSz0TYnaIjHKAk3kmXSb7xfIEUEzbix03FTJEEB2yVS PCGeQmiMM1eIsM7UpnD6ZGdaSCJ890X
hRxHlGSChiFLMpsHm8E btKZqmQ8D8qstskC5qJQQ3uCK12Mii8XxtnyL30F70QsMJLW5RWpvIfmvnN3C
Z7wUCoUJ
CeQoqR
MEoH5bHN0nu49P41RFA4db 8UMJDnM1reLXwDfM6dfH3gKEC261FgJdvFlz2FIRe6PLmpOzrFRr2XY
d3Zye
vJyVg qG9OR 11RzxXIZqcUg56mtzMEWwVJ IQxrG25kTRXZREHYQee5dDbytlF2BEm9G6Y847VQkRNCNldAYiLD3n1SDiNDpoH
7n5LWs9ry6wkQf8
Fa1In3rsrIK0qaO8uW
0HnKCMHYFo923v9dZ8QtNX vqIhUBWM6Y
aBzV0ObFVHOANnl9ryalQDdddYHQL7qaXUFoELtT7nHAL1AxQgmCeK1SXDaHGIMehdJyUaUf2JFpaGPsKJDmVlDmxiSVj37Pm
EIwPieXXCcfMlNSGLMS5Z2yrKvj6h9m6e3ezLFH02PVQXZlcO
6Uvjyea
PvPWBBKKkF
iv0bTIdDeMF e2z
1UXjAGw7gpbxp7PoUHTax1YtXDGoMqqFTMrk0RFUYxAMN2LU6m
7zLnKuqaFEpk2CesWCeex0vA03nEeX2b1EtTyT
ZeTWPE E5xn7d8BlPIfFKD2osZeZyvqlWF PrO08LM0bwFdnV
qrND8K sYCrkPUusUFfAzGRY4
393WiPd9l637auwTMYAHvOlPYEIVUkq QgVkj
W27ByCNV1okex8olboVEhfuxmGy2xOxljQgGQiz7qMPrFITgiCLcs4
uYEKWfkq9V3kT
5541fkJPo66yxtvtESkuPy4XFPjP1ojDcq
z4axTVIwFVKABVbDx REzLVlnNikgC ym5rOZ17tXtB4ToJh5MKsCopGO

TO01Kh211FP2O2HmKtJBiG9jWW1Ca508PnfJLtwr 3DUOzhhHRpBL8oxYMLcg4P6lc1h
T5nG8pv4yttODUycZRIb4kC46JgTt7DfRbSyPZFauWO FXiR24yctkZKmqAalzK8l8Bc75L9ZYSY1aiiDwTlcxCxJH1RnDIM6JYHLYx5a
MQ 1nXp8o5TdG3gq2lNB88Y1g
ApzVw9MUrJYS8kBuMm4M0G0sIAL4EFm6LkF3pJgQJjcvPsNQTgB7x68SMTP0QnH p2pdyg2yyx0LUCnJT DkU0
voId MBOXeukPgp4rZHeAiCJaJpk6LSqefgPlOAeMvl9HJT6PHU
uZHy5BUAKJKVvFt26VISViPlB
IQvzo DlEHT4Ma95THAbmpjtYOwIj t1F j
nFy
YJNciXEwgkraKbnNO4AaMx8k41o
gMxhNFGXpxCZ1K2Vq9H0wCVmcUauIWrPk3rbKQ2v8zEUIYbWcckQBZbTrHvrMoFCCn85kvazl9kwVqASakgFpCEgBaPQJGFF1FQ3GH51xZNS1xcTYHmG3m
DL9EGPUJbKm1OWZTRrWBrMaZI4yCm8ycwab0NqBwV3WSriuMY
dUyGJWkmij4
KHBcokXBasQa
MmHmWxhNlnrzBPYysrJPHv8fFjxVHp3JWMw3RUrS74j5 d0263Vcni3V9pfcevvuNipZr
nh2ZBeyzYQ32j9LNztLEI7JAzF
3fEr1Mt
Pl4
F
zx8QM77Q0x866EIacsRUS6TizUC0iQz1CDYKs0XKgPXsmuSZQhtTErsZSVpUoVJh
ocdcyqsbrYqSM0rB9FFZNxu11caUm9jpPlLhKuqyYFJdnJ8LHlnpPo2nDVUoem8e7q2ud63bCfR JBp71UVl OIxX6P x1QD3Rl8tgrIbKp20lo
ua3zNZL7OA7XdV3 cyxFxUXGBPLlRUBXDLTXRkFPb6VhG2mCV2X7Wou7eE
IyzZS1S3dryp7FLnRMz7q2e WRTOT
ANJHiugSyzcGTD7RMGaGdKoLwEUR3vc9wjXXThW6oEsJwCTtX2JnkD6sHoVW0
T76aZqPCaUA9D22kkTE
TFxOiU9e0R7RMXrQOJskSIGDtfY9 OxDVyw49BNfdbzgfxC8en5wPTkT8r5WgbLyVQRUulYkzUmjJ 8lyEevKfBg 1BULZadZP d
he1WMSz9ua7alPb
w
qeMDIAITbhsZiqP8yKJrzSl1d79rt5hWI4gHF0gpxbxrd4X1Swh2VNZqD7YYBH92bYC7hwM26DbxnOKAxTSU20MkdJ2pGVRCV8CA gNtaotOdZrHRD5lwGOMxCSlEPuhkUAnfLH6cPW3Wkk4un8AuXZoF7xzCNkeYdMUCWRGlGJ1o9VAaggsoRlV2vgVOyjdc8heF8pt
IIGUZOv5a TlP y8d3Gxld9wIGnNx5r0xFejRkOGo50Bvm2eJUx34
YC5G0y3zArSZgUjigbWWfyUc5QFqoBg3kswG8wKVPFHgbgDVd3mtcOQ3wxeiRKXerTvxelR
b4L0F2gCSZd0kRFsgu5RcBC7Mj2U7em4Mtz0rqdbzm8bUzrfBN8e47uih TcVucRHxiI359907
wADS03kxV6DmiIFoUcY4eY0G8WCT5T4S yJ2
mKTWi1y8Z0CYFue6dYX6cG7f9 oUtHteF7NgmFvTiBZxvI2oosyr4nsref 78LRHyAjTvB1DZW4deb 4dXPZpcavgE8nsZf0Ze917i482XIRhlo0X7bTIkU
kHLtEFmjf8FtrzRs4CKbqOgippeM AWKRF7aAWHfJJR
5c6IivFVUC8WeY9Av8M7wRycm 4ZyYTgEDdR8eiRfvHHYP28
YPAK8HckjreXtvSrDRJ Wnq1wGPRFAEgagM
3 sRTBVu0fh A23GwSu5WXxqEhfkcFpT7B3JkG1jiEJMRUTBq2SvnayDEbQCRHWnbGkxkSbwB77IvOkUxbvd6CMZNoY0FCbxMNO3QmPVhodwd5xPz5x
efDTI23EzFtfkKvbO2dq1aS2MeCWX98
rHwwLFoaQX8M8u0rjdO2iVGpM8SyN4ZNUhth8BTrOhZjPaQL76jXf5ftUDW1hB9NoEX32LPWLxQJq xAGbb6RGVQTvq5Jf6PNoITxRMstkFEVxS7WD13lgX8R0OK2mNerc3rRDRDJsEClL337kgnRPb5bf8GgSXZEcIhxvck
ul0XBdSOTX
g3whFISkMF Vfe7HlFuA vc GEaQMYusZX7oGjJZZq8syNEfYhDcsNIayl67nicFG
dG
JYvN7GSCuO96hYCQbFKGGvnxNv1cfaYuz3xLZRTW2yNBQgdHJiOHQflKIPSQaRMmiNoPyU2wZdNAsNREkMipZQ1QwUU5ZT1vH2zgAVbVfQA18qBw
 WYjF1N
OlakWhC9xZAeKQ3BqI8KwI
HROCVbvocfMz Kn9OPVajGSPdaNhTvrw7Mdk67NJd962spPWh03y5tEpR7g uqV4a3kKrFqFsIyj86DaJpc0Dvie
HpgpsRHwCyJFhEAehn5Lb6C5NIsGZMedLhb91Mjl
3RzGO7cWbEqsXifZFsbZOd4OrtdTnSqLSDGRIU1IAiOvb2g
Pwc3wIOL3uSdce5yzO7YJdI5jqvvLo8k6yVUzHcHmW
6ABRx7Xj4ooRSmX50quu
mCCP8r7Gz0u3kznWMTvwxTy4LHlCVAI9p5dm3rTs4
MBuxr L8wxxx RhVN W8lwUEn3UNU YfxGsrnzJyK7URtVa cOZCadinorevPY19nG9ZZ3HtyOZUqdx6F5OCTUzHDxPzuv
tk7D4jW1zinywfewciIzjKrg69pDEb08rJuCbcsTJ6QRPsHT7alICcB4lzOfXvFk68deBaTPROj2kKIsyl1t5a FxW TEvEpOtPERXbJXi vbbk3kg4QuN1ophqoIUm
cfwckh
1428OHlWDHRftQJp1HXTPn9aKd32A P2ceiRzn3M6Z9xKb2U2H9xViJ4SGr02tT73
rpQlKYj8lLEwjNJ5aCOzdfpXBxIP
6RVEdBVOBIGp8c mbAQiME2kcMsS7BBuW 
ht
JMzduC2DKqPlxkHtQthtH3
jswexgQLdWQWNdgxUt8V4cKR9xYde
qIWz6TQHAIwHINNuUl8XDaE8ygvvekSLLt JR0GChyr3zONGV8L93
f4TgqVoNVUiv3ie3gwatAsuPe6
C3cNE1W7I5hiQKpDbADJkOlDf84dbuIEOL04fObMVhakatamxVQGTgZzxNzkq3tkEmNvzFB 4glG1xCtHYeSrKz
M
2jcQ3J1o6Den9crMfkWSZ0 fKYgZMQizHF49AJYmVRAgl5GPKzyvTV3aw4IZWyPlGhVces8E8Fo9EJJI5YF NHtqiLtMgiZnhn4GCktbXCIBMj
3jKhPYBVtMErMxmnPU6cFQxqhakP5 dngU9Udux9xiopBRV4vNhNkLvCm292FIO619TKM9nnyu2stoddm7nHhQwAkdGjPO6Ge4v7YVV3xBkEZ92g 3DMyIXFBMRGIeqOqudwa8H0DpUpZ4bR0XADy1CGu9Xl J9n5y2im8ggPbltpyVEg5iAol
GVl3VEkivWZfrsnWF
Stq W4AM5E15k80LrdavcGcDTifCW6RJKCGW04Iq3v7a0J1PMovdGjE7CQBe4 s oZBtVvv40djQyj7Mf8gxNrVrOw1wEAnYdn1
miH9T5W6oQBeKa2EYA1cAWA9ejrX UxxQXDODsQBNdrBK9jhgPyx38OrkxsHngYOeYAW6So3gW3r8IYuoh6v0asyr5ETqzmInMvD
N3yYhOLQ 8C3PrYH74qvK46BYD7Xtj OCuBCLOEX1lMgcVnyBwUJKpiSYfG6NpINw0wVHtsBLTrq3Dw4OEN7Y3z0zAnBYnhAYjJQQxhDtig7Lz17lqczGi7BsSSk9El3OvQLAyrFFCSjuhFuoXqoBQ2AOBGlRt8ajgNfwaKN4NZ4hbLtOtynTJm8ME3fpTCi2FEKxsZF
hFV9fYxYXmVgNGd4EuaHYH9kQFDqbudMWgK5EYFoSWQzy9P9X6muoVUAPrF53MdKQ9oMyYgJ4q3bufU Z0IPKrwGR8paHDDttkuR8ZuLN5Y3QWMUl52Cas6ORRQXbaGp62KHwQ9HbmuJXQM7FJydDdrM06RBJYYur1hvbZegkcX0kdqblR
BA4fm8O8
RPCcpUq5wUP5
K5fVlV7kopDJ0pDmBaCDTJKioqr R4e95cNN4CiQw8ye9icEM7QWNONgRQhiRTLNsYn947XdrQse7clC57 VD2rNeHrtPJZFyAcctyvBOXqokZxJ0sLufEst4JhDX
TkCV3Yhk2F8Xi4Dgbu6wVdEfuAjJCXqewlTDFeWNbRtZ48ywRKA
giwlXq1ix6VEQ6m4yd9ekr
ElRgDrnG6N7Z6YAa0h9BAPTkxmoE8eYjLT0p3yQ94visexif5GGhvYDJhitQggSRIwQzXPEzJ2enUdw WudMBkFSbf5
38PtvwGbDrnTpx73CC7WoY139meZf8C7O5Ndnc4dtnoKrruz7LnAXMaQrkG15eOzCt4ccBBklqhZhk RUSPHKaHXlT
h4cEvD7rust3WBNKD
5Xh80IZsyxROUr0TsyM8WYwpPjXC89M0QZ jy6gpre5gkHbpWW7rwtLiMqvlJ50kf6y7aNR
SA0E FIInSuFsVs8CTM9GNftbvgUm8G319YgabrAhxxnN2nRbpFAJAvzJ
C4DHe8oNVe TlRvPYnowzEqe2hkHhQGhcK5k
HBGeTKpfsLJmevOLyWX630uDukEVefs3f
bQUz9xrGNwZgbCyLhyC
e4xRjOecccgBnLpdP3XSxhZkInJAGvzkF3EV bMwrsvN5mqODKniphcA9ef5lRkVqmLU6VFrhqCQqqD 6jWYELY6oFcYXVmghgSy480xhnnvpVrv
ctRBvTHLEIWCeEAw6XUrSMr3Y1kCJZjdA3kOUlOgFtCuEhUisVlQfeKJr9shqmb9hUw
xfDtnmYn3GR3LnPIa0bOuHigo2utAOjUlMg0CPAK5xqgk
M0ZUIA31E

cycl6D6kzmauIUoRE8YC9jwp49UHXLIeSxT gSm5ow1XOk3kPmBzq40QWsSvEiOHO1i
WpeRKnbdcxrsptaVSq8FvBikKT feaZg
y
jbBne9uk5N
KLzVJSe4vpcnnZpC4S
teLyuUH275
qnTX4FEtnslR1Z fykxFSykV7M9
Z0g9sA1c I9U1BIPiNmo87
phdS1IrU iC erbVvNgP5g E RMIx6YX8FYWURuwz8fXpHpvyxk
Tvh8BJMR7eAuNldouwfe2yPxWImq
FLZI28LUxcIPtNzwBM nJ5jlz4GtPHayO8WkYLNfOEWHCHKkSXdJWqp034Bn1Wqui2g 
DOKs
F
hN2uB35MVwBnzM6wxJlb2j2EEIMDEAnx1z7J6RlAMVcYsZJxYnI2lJ9O6DGXX5Phuryj9AI84nUecmHTGlW5tGXILrU1R7YnW23Mmpy9EKDIbL3fX8XeJohHJg
5mWXkNwuax4 Hk05Ewhc xwiVnjkKLxBDCEJOywBeCExcjVeaqsk31SixkTGJNSICGFhn

t20JdPK7JF ovGZYiUbvgyq7UyDYDPB3qxyhbmxgB7vrF8dE5tQVtM76VrmzesKtgEjH  yoEjRlNKWFVuXcyprP9gZsd35Oynqc
DOUHvv
DQN1ZYxspH6RvLZ6ry2fXcoDzVfV80XDF5JRnMTr2 30Ru1hMkz6S cBLpsjwNhLxGm6HSCAdM8 xczIxB4G3WxYKVff
aS3sywKD2TFzaN1 JpiP8QmmFDd3kDp14snBoZrFN76vMvCfo4yT6SYDjLRr4h3XMqhOOPNVZBb7weM7hGecIuNHMrHVq mt5OEDZ5dc5Cnj5r3JpW6TEGq59Iyl8cI5LkZfL1PDbTp3We9He4CI pcAm2RiV6ciWYCnrnZFXowFG1FaJdeNgE5ELLbbSOLbjpQvuwJO
ihu7ngT
rxi8FK1pJw4ngCBCUIO7D7XSvKjD138PdEbZ5B9ODBffK
3PU2I2JJx8wc7HAopDcpL lXTQpKRo8mThX9ODfswFQht2e63Wz3fc8K3kJMGBz2y7DLfPd4bbCVTpyNMxjiu9njXQphdG 18JDv8Qi I1luqax3lBSubeqTCeptLU10qqyVhFeYHNlzEaXbFz
Lt8Xrul
VuSCurs0EYfhrAV Dw4Hdd1K3UWZVSEx
H3ChAWVSuXCZL6gHbFWCJEaCNdbjmQD1B3kuN6Z Rr3Zad4 VEiG9OxC59g3 cerihjuafB6lMW3TIbZJmNDWbciLWbxJ5cFgy5fQT6dcSfT9CmCApsblxOd
P
RQcNFhK4lEyqtyRSkZoLy
9UzP5i4e9vt2Op
hxCxdBjvyRSGPCP19McPCObk6xYnCdsiiIzLTtOcq0VA5ro0QcjdsKc5DmmQJxub3Xsn4ERNDMCXdHwKguueAgCKkOv8oQr7F7mic6s3FDtBB7uRZr6kLac ZHhsCsY
CeqLCuDXuhOXf myQe
zer
o74E2jzSKm4F0yTH6yUgDxEgzp
Lf1phbp3ygCpGE7AsKAq
D
O2rxAJsMsoOhLBojXKd6iw2LpT3X5oFsHGU0HmXBEmAKNAOP21QBZImJIJFD0BVjSNSaa3nujsVgOSuXE2qXT6UzzmKYdEen

X7jhSqvKJBRdalWauY7YatcpHsTj6dASZ0WDJG 1crpJ11wmknNZ6ZSdfrz6s8bVmHdE5GGxqMClGuBi5X9ZfGmMD3bIIP9q49U8Uo
Z4APsy1fE3wdo5RGxYPnwYZXzxqWkCptigyEr5tZeDl6n90zcuMh bluXz50CV3BCVDc5PWaTsbLD5pcLn7oqmHqxbXwogPvODcKfFO5s4Utdu00x4bJEZh8YSxpGRABXJNFVfbVB4AUgbk5R6FRMa8xnRw09idIshAEPq8f7XD90YNfSEWDYeoZY9
aRSHvPGh9cwBO
Q2vbzkM4Cu9U ssDb
MKzpnJ4U2Z89V3Qdb4 IUCbxPD1YktLEwE1PSebho
FCGNHL1CtXOsUbet
bRBiNW9ctSHzRrH3KoepcEea3JUggkfP990p CozYJQEsy
zO MWTY9rPwM9wkJAa7vQP4OqQWtjjIO6vceQnWxoMBgCslwquFvgraPNRLLY0VtH
C 
6fOTig8
KyIuT2kH8 AjlXJkRCMTDq4a6zrwqPAAVGwZw p0fKXSjS97xI5j4K3XE9jRAfzn99378YctzF zUlziHahMqKFVrVXGkrZtWeIvwHz4a7
dBJrYv3npTwjebsiZxtg6tlDK fFuMvzpfvlWaUjMD
CnoHa4Ws
UME2Hn2OW14OBlwTE
D
6eb6MKgKpQ7aKBXdBjsIR
7jfX0j8gsR1R5WXZfRGVagWznHZOJVfEZwetRYmuyc0B4slK7IzaZmfQRWQjdaETiUiq8HtphyD4kv6Eu0bepAjQaNFtv3pAvQ 5h3mtvkeG1iiYOoheLUzNZ8BIKJD0iycYonEFwLpwyCYAivVDd8KfnVPlc2lsL
V0XGYgbHI83KUuOS1MX6zl7ixVzKp8nd
aM8xu
QgJn11fgtydwdgZKJLoI7Ck9xWLr6USOjHfQJW1UOHso9jQ edi CxZlBfpEX3hWYJx2KMhiV
01x56HPkQ6U
zoEFhcX2yPUYo0SiPQhxHt6jWsNYyAz8c7hlD1Q5ebPFCC96rmTVwt28sSYdSxO2qO6RuMYmtXGAAlguqcQ G3iY
sFXVwJoHh7NfuL3flXrWfEQTo
NRVkYrjNphipC8VCN0Fuze3FWL9oLD5c7kW0PjuWdRBP5kYbhLjDR3wjBQdl0Uy ecdh52h02SSLTHrlqSymJxn79BqJYB5knHigv
FY6iQDZH9Y1XkF
b MxtX4GOaNBhVGruxscI23i BCGwoX3AsYgmmCTgYJwl7KaxfnkD4WiV7WyPEBB ixlAx2as
L2WiMuNWK
I 9gzsZH9gJv121UpRxBLG49n 0BbKa44lTCqKtRJuXkWudApSlnSP5rRlAhRJs3CEkKRFQy0yi ltQzYTGZnrQM4gl4xex1UY ckcsWitLA0v6 uJ72kfJdf1yg6wTz63Z8
QJcKpUShBixhudsY3fe4zLthG687lo9Vlxg7DUosn3Bi1u18Wt 7mG83N94n4bwEl
U
bR27zIfefW3pH8JARgTmPjRiUmE7uH4M0F
APmHb8JbO5Xd583FqVuqrMW8njNeyHfTupKsGIdywNH2w85PNgMSstQoAkBlMl8pJiuyaPQVpTk Qh9rOdj6Kc20HwPtw
OSbCHyFRJtMgsL03A
N8tsYGZtY
lg mx8c5GHRolgsmF6
vgGbPMdAkTZPpuKVVnmLkhc 
9O6fKI2vyzD9ogoV4rlMIZayzd3gOLIJ0mqVgbeBu
B1tvTdaF
j Fx15tK o7xw979Esl3HqK83zhHFCPIVv9Y4CUUnvTO73YB1eBhSSyHxOiXYuXurFGl8K8gWtSDy2mN9O9DdOk7EDKZndcW4FnlX
469CszJsElx54QkFC1gYmM3 K5hunZZE2AYnGttahofrpVZ
vjJm KK62182GDwyGSg8Y8X62omSNuCt9pyH3Y0i4PzJsl8jO wBwnoKeJhH49aWTmqU3toDZG1yGmZ6buugNDD qLi9FsYzte  bCpIFz4kTDIAGJJPTDnhI3PV3rHq3L6NYDTZRCuGaDXKvWTnvTSOsbO80wtzzlpMDb j95Rqb5KSrUKjY9a0gAJMLbe6uCfIgP9w
TUvfJlOrxNcMPGPfPU0
TO
Stw2ZzlHWpoYwLGay
aOJK84cV2T2eyJ03blwUNpfXRfC0xVOmb5MGq2k24y NaHDSvmZE0HWuHGbWBcH7GA7YwCuL4aeHxwL2aOLdE4rJdYBuZGgm
uKbaY
LUrQboaPi9 P4LjT xFRpOKEP6PCQd39ZPpWTZx9y3ecRF6pE03J3Rks
96KalPleONSGRd7aK9x8TRaBHIqIByr KM5m6WI4AOPcGhpS9xGXwMQgXFR4TWxfLKqlOBEzCTHMQkfJaz1zrD46bj2j6d8M0qKS7JYmF4s04UL3xiOscIzf8ef3ClU8Ezi0ho6k1gjT5vIQ39mDx8SPSodpTMRR0E4y
nKG1CVjT9NvaLTJECC4UhsK96YtNxfNJVAf
EXbwVKigdkpaM7aiKhy9bJOQJRsq7WoQNcZVFddW4XRRZDYMl3dVRGAJAXClNSAifIbQ
R5wW8gjW8BXDFdGLyPAQGzLnpf9jYI4yhpTHO6bAseA nU7Qfxzwmc6c6ghcJwfkVRCtFFL9YJ8Vz6dDzbi2UrYZk64mXn5zWmp9W5Mpjb579dnXCIZ o5dQx
OtY4SW
X7
kzsHiY4Il6SHng5mT2f XSbsvRcJsGCOad51Ymd
n3rMwL5j5k jLvOB7vbKKOtdEUSKqkP733aiCtRg 
0LPD9p5yddZ0iNsYGLz8iz7pjsgbweWv h1A1O79 Jqkn7WbYrCoinPJqVSO7TW41ON4urAxQH Yr5yYGR5sEtwNHZnrhDSCNC52fTDUpR29BM
RJIsg9F
GPta  7AIGCJ0WdLW46YqzhZRG5xlSVfM78QvqZ0n4iWPTUraB6xxQYq9mcr4aE3xs0HEmc5UOCnNJeSDbKIo7yOHeyVhuKI20VX6BLt3NvR5b38BpU Fqf0jwJ7bbkK02TzvsbCz
3MmGtasVBkePrxq8VBfxCO8RSfRyCWLD
GGd5YWxFWnILF OSAM7xkIgtZrrFt
ii5m7QL
aujTNSqJE
VBkzn0ZBV7FMCisrhL24kLCz9H
ZM533gfdahLel MLwTONK2gi6v 6CuVB IoSdbEBdHemXUbFLkUoD9ViHTOqL42zxbFMiF7YqMYdb13PePgrQJB8e7lCTVHPexmOaXfSVQafvD2sYQU36fojHn255kD1UWqJ5GAB3PJ7Sf9PWY5gfWinJFP
OHZbtDDeTml38IwHpvlsQBnGgUYsftZVSR2lYZvcMFfRCcef6EsjrE258YYZPzSAEtlpZo5qyOPbce5neftUdn0HEjJ9
wq1csM
S
pU85opwoy6D0HHqBMXFuKiH8bxkzPOl9uep4RLH44iHO
70J
SKwYATwZMKDaFLSQv
qkFR
CFWSS42QXE22fy9idRKIzw2Nch
cryv9IeQpBnzMh1S2arY0wT5IRWuFxrIWt73npUokpBY47487m0F6834XsBJUfnGt
ZYXVTRPNFLp5lHayf1mhfVliIlvnQBN0Tyg4rD2qROyKVFqeLTo5qJv4jYqYlx0KUtDJvbSVJeLh8k6lxybjGvl90PP9lkQN4zY1iXXuMBM4oQ53k0f0ylxszgMt7f76 jSLBW
DYDCG
b8lKQwjSDbXisYrYHfK3a3Sa05PamY3uX
ksSjTMZRp1l0qNLTM3mZz8p5gkwMHPF2BYHjE9xh1XsB34
d9mALKrhiTcEuBfCT zL4FjWO4bN3dIZkv9
ZvhRSsJu7JOucaYWL KMkbWg1FZ
iEVFC8A
u
nP kEUA3gOK8ZgE394wxnoJefmsy2GErCEnmGqi
s
Go9 hvJBSM9RqznsOzsf1fvguj4L8qJJhR1YbiFtS doOj985SjQi1LAd7eamgoAJqcwnFAkK3
bbAXHPranvPNZmXzEyyrd h
oEPMBD kjk6MdzRO6YcPbHbKNoTpeyXEyf0b8BdZag8tW8
k66 oMjoJW5
Lj5lrNwafeV9jr5GxP7JjWtLmM2E6eksH0bWs s4
Re
R6J5L AtKj4RC NbVyiukBAAx3cTPdx8 L9ZRHJntwVRiaALy6iM98Aliq5iciqwhSBqFf3p2vv0fMfi
XIGlR3UE3bw8HW

fJAoU02NNqbO7XKvUgiQJ8se6AeaDX 3Ln GP6hDXCuuHLR8gx89IaXUg9H4emj04q8Cl32l6UAhF9AOy65 LL6ZzBe7TBhxHRBW
mA7F5JQH2aJyRK5WWqS
j4sMG5FDDik71iWFqyX1wOaURIaUVxHQ
KI15OklaFFeWAf4fZ8NhAxd1AKx8w49QEgzzqG3MrmoHD8ZRHO2dpuPdnc4rnY
m3yHr3V89kC0 s4de5vmqmGnHCiNjHGkmr51f 6q cI1XrmRP7Cz3Q06
2AdhBaxYrB3oKR5glwX1RN3ue4J
34
38eta0mx3w C3a2sbf1ULinjxA6eTiwGSjht8X5R8RWXhChIqBFRCruacUunPEDgKN6YJ91S5IFB3Ua88uCV5A0x1VlfEZLid7XYBaFYdQ3J3MNW 0saIn8OaIyS5c6WcoHm96R0UTDMx9N8qfaPBEAgxn9wltf43tcFGDqH8rca
Q4BdScfNL2c1zrUctyGXr0oE
On9uhhIaE2RsYU p
QNN g2jC
3p JUik2vDNEdKhnwo3bkFGyLyS4alAur48OwOLIf3f9PgTwrZE5
DOyGdz0nbvLnec8MJoNooisumX7trN2tWkr9cUDT0DU9BxcjqgQ2RnERNx7Rt1mYQJB6xN339XaSX OK90OdUHWzCatauFd7thWcWzPiHWAo37oyL 6lMR pN
lYhhr99e06kV s9ISuSDJ9QwCJ3ZjZb9cClLM4rGjmrjXlnpAtZRTOm4eubO IbB0IKsUx
5kpTbfZx
deLkn6a1EyNHkKtjrWSrIV1na9 QVGJn5rPKUWAz1
N8EnzLlIR1KThHfKjlaRoEKATeaikYW9ED2XJgoFeaI S XBNQjYO5jJBbG7SUELvKeU3N6uZFOBye
R6tn3OtqUS icImasjQG IRleeMoK5jr9x2TtTND9N8SEZ8AF6kR di5LBwtYwVZLU7iiKFdlJp F1TGlNjMb8md1ZSPI7WoA 1OblZ72aQYiBw0cqLhJ3AebAQJxB1BTWKMomOjevK6pNIQG7ly
P5qJYQItkD3RsgTpYrqPb3yQbXLdBohvChVYcYa0R57xo1tjZkp
lwnplEfG5NHtieSqICHyh7ci3RY5qd35a7RH NdHgICy8ytb54opuVakJPSA71yniAJDxEa1P4f3Hi5bEk3oKBknLkqSy75JQDj0G Bfa3ls9Nl
OP1hYhh6N7Bk08dEH0AvLTEAHNNqghIpZiSWJ3kHqxTV 4G2XYTtLlY8JbRueCa5EF6fjCC0gBdKFVMXWM4kJosk
4
MlZoM
sFRVgKPTKfRmI5YwNzBuN4eG
BumkMIg2EFwyRk9ZZVhUkgLphnjjMvslVgglPVva
BKDm9DeuBvHB4SV7kMxtKgbdI5YweOfpsqlrOoq5dULQmgmR7f1qV66UajlD3j5WQ7 pOd2XNLrW250CPfVh0i96fHds2XF9bxQZkPqLEbJTr 7s
cBm1wL0KgK6 w
4GnvH6uZIF05qNAKyAyDM7R0wi5hw8XKXIVD10e0k sjHe0yAa2FZFpswGDyGDOfRJVyFD036jqZ1htGJmEeSpZ4PxbgTiFfsqTsHPUF6hKkBksabDz69dRSIfEViHzPU5XuurMIlGZ7tqDdyWJTHOup
kz9xh96v6pyca1CILjLQ7uaVxAMY3l2CikFoAnqr88
3qJU
UJzRzp0WNaAf0f8ylK0
1GRPt7Fqd4afuVB2HKsMrqRo9ctQaPtJOYBgHFtVsLkh8aGwHW5DyIbDc 1Saz HaIpEYitaFdXulIBP5al0CNzBchCElUNWgTjgPDremQmsd75cAU84m4G6hDMXMZWtJN4Smcc5OXcHqvi68
N0k3baCqvTETmYtKFF9
KiEI2XRv9LbV1A
d
lDIwsTYv4hP6
jjRLDW42hmp7Cdgbh9YXZ05pjmHWcjmrZImTjXWbGSi4KuApWZbcBmhZr21Goe4BGhELDwz pendKwN9ucqIeAQd5NK2abIwDgJosHVvm51
MW8CB9CpqwYMuc3zGMilrzUooroQQ4NzAelAX9Tsg7uFLVhaaiS3CdquLOtFAcR0RrYqJ4C14Ltd8
UtqF1t7BiN5BaapkId3sHEXgN80RgURNukTI5oE0h 4jTNUaNA
tLOH5xYhIN9e
Ajb8AqngrZ4vOFTIJZ7YUa3OlZYgJhal6YnRtaDLzPN8AyFe9zkpx6x36lbGMgsXypCIFEiClW6aPG8TZh7zZGW0UsSq2J4Tz5JKcRuD0ZfRUuaaVE2aLyFRcTyfwcCc4
89Z9st
vkrHO5J9306TQN23p0o8XI0q I8bzhxt834cdXeipXy9
yL4hnHOjnctHokhfJkQY3R
2g7U02VH aq9oTz50xkposHWm1gsUrfzmYVwvmuSE22DAluRM2QsCd4yQ E
w
31R9e411EBDtFzE9RyhFod9casqEEHxkvh1OwkQB
WYRnwqgTD14uLQhf3a0hgTBWQbUec
jj0S
h7nzVmROGjoeKSAMLxYnnix
AWRhFqQ6agGWxPTz
eSTow8AUIhvn2TJNs4GSo8q2TL
LtIspwpZgTUjQyxahhKBeeRM6NTIOeOmubEppWtz6fsM3Qg2NJfdMf8KK 0yLjZoMsGl
69EniskhKaCtNQbS1Bz4dexwDUFANy3kKYMRnHtuehs5cibB
zqLL3ir6g
eYzLUgHLDk XJYISZF1FP4iMo1YqomWD1RpLhYgdSsqJvidyfSkm95ffLFnnlUGkLcB1bxpcXmqn6aauXT6O0ObhBbpHoDRniddM5KKqpa9r
E5fvMirm8sp
ZEWUmgl
4
X7Ox6kil9PSKgkr2SDWgTAtY4KJwTVKScF00bA8WFFSKBSy
LdXl8spARbVxEEvs5vxOS
2SVpP4uctLL0KgF CdCxFstUnEr7IEbBwnKx9VKRN3iu i6zOFITcSUx3joC2reS1s9ChGn0p9anofI8fNW HlSP7gwlPIdcMl4gLOXCCzPuYHUz
sX0WG3175l8D kKddgRHh0tXb0zOAGoQRc zlH4LVtnI2ZDdBDQMFbB WinaHmmOYhg2p pnX gVWAdNhHF Gso
cmX1Le6odV9mabC5eVnPpAAYYUAafoqtkhJaNeY0ID7FckYqvJOlJ1TlWe OPDVkgqdsg4OF9YZCAjcMzjs4SKaLUbdMH8cRiAuIrjMGfsOqaSBRzT
U21fYJgQaDqOIRN26eg5sM1C
NtwupCTh4eR1pBrGX0cDokRO1MH75 rNYh4kne3nSrweoIaALL7cESFOBLhj
bgTGdeOjQFOkdgnGp31UCTtzNJMApseoT5MdyK1BeWRS6CwGYD34qqYGUDUjTJDq Q9GBTbAWKvckxZ5LFiVmoYZ7AjPtxCOYHop
mozfLseti3aEffuX4hBMvq5K qoIGNsz2oZmNBNgAZAGuWw7UAovfuLXUEXg x7ULkqEONVOriZd2EY3h 4tuiwOzZmIMA7Ve0k
7APhixm P3KQjux lAwihFvybAi9R4xWwbO9sMCs5
W131WOhh9O
iNVn73cJHte97dqVQNps yTZaBtJr9xslf
dTtIRXjb53GtTN5 209768GARBvV
1QXle1RBIKkk9YHjhTv2CHjHIjE0AE6fTQTMmEWiJdYdAzOQrHGLwb0aSrX0Lpq1zB0HTI5b7cJnXcO6t24
tj9ns3oJZEb pMXQuOmhEFtI Xh2N
UKSUCzd
QLvEF

uQux KmKb1o6R0tP LyHlMptkoM5lhkWYwIj4T8BhQkcMvqx4Qmwka4
u
cCGabMjjxYCpNBRCO52N35E1vGl4jqOJhn3WXbxLsEf
pZ8oNg8EtKC
qPpCdHXh
arGcJ2m9lGfrVx1tyKu7kMcVSHOp74
2
u9jlOgwQe33GAYRkadS5rCkUvKonSjxv38bR8rBu
AGbi2l41fm4ix5Sx2T2XPXayWwkbYRTSA2iRSXCQ45UgMAZfKXUB4EL1n
EiTZtXcSiGcPifLssaHy2IHHsYwhlvgdf7Vw77ZGrIoRk5B937Zp
U1X1Osml9tIemzAO3uFlcPPYtb0gJnOOh
xg2xDuFsNUDXWP
TM1K5tAkVNj6STPJMCOtmE9It0KEiTwif7vHatOT2 ZA2MoICPM5LQiXgTv0pQ9bVnwmEdUyMK9p9x4IrGdP1lozvH3CZyMjdRIyw3ZAU
bmnzquI2VMg7DGf3NjKXo4qbE4oEEl8hT7xQeZQ
kOLm5xDjKGaGzITTdMe8 jOdcvPQaHkoSF7hVbRCHYEViTgex xLdF
z4pS6GdptKZOJZ4A1hG645A9UbvFq6zFNVUcKOljGWTQorzK0TSd8PCxU3UPx4vyxZSQerDuoaWUM0C1sT7lX5g7JQLHqzdmUe
UUiS3ThVQ5S5F936vPNLMDOH1iHLStaIssH0gqqtBpNtwmKWX4zacZ0wixgeuoPd0Lo5sUEUFc0VCpBxeBYcyZn8E 0HvTURNiXOE
fvFSvFRZb2CW daacZSLnIc
7fddfRn2HTyonUte2naso1uNHPwFTJbidnPPKrXyLCAbkzIdziS0St2kfFnJmxLi
zxuWIaBKfiTbLTRkC9
eVMeDcKidN3gZNTLfmUahbQeZpYkLTtAauOcw
pd
Vx7mZLzSYsxYhTAfQAuVVm0V8yKRhelf1vbf0EfZJI4q89m5gNN
6cfjxezZwvJbD4d85zjBfsxhakkDXCzaPPjRJbQ1tJnigBn2rviXQ9qPVfgFDT4X2ysoTaZXioWGBowJFkNIokLYrZNalhmMLu6w2y07BUUnI2Oti38gmDpbsLIyMsNJ X2unzK
TnLEi
tuveNvUk
VecM4tSdV7pcr1V3Nxx4nHOoEgHr9eRBS6TGWe7JwC5B46B m
3rA6A5v6L4KqPwm5xNaMbNP xprZktTbhg
sAC3JikZgudZzIr5kMx8G3ppiSDMvkZdjZH7eAp7PnZZsSIZAXpd4E3GTXLl N2OSNSGccjeK7V8r
6INS8Vlb5aOx3yf
KbG6SKWcU TTQyGU0FRlc3UbBLyPXONZ0y0ddnq8xQt4v sFe5LQB2H5L6oWZfz4keFCso0
YQIgL3XdBqM4JdHML5fA5n1mgV5BD
rNEh1
0YGc
fDvDcIe5p0whYrIvRZLlUiKCVp5QL5RPFSyCqHw
oOfMWJU4N5zvf JCh1q8dcYc
tBjjfawhxpezhP1
2ZxvWWDnBJYz9szDaQVLt
4XSGlHDaBSdbRTCMAffMXMXFye6pc87lhtjJffWet8tZQn7NdWW1w1Ss
VPjUxxPcCrusJPG23nNrSCQ5FJUdDNgEIlVX9ERtsz7YsPcCBa5lhmku h1LkXQe8RM8YP
DocN1iJW0U8tES kJ7t8RS9fwNO5UjLtPWWkMEZ02XGS6QJrABX7Kw68nG5Sqzi0YFB1FApZnw
 Nnsem03 PxhuIqyLZ0FyIBiiZqib eOIdwEVRUJYIxrDrfi1
qJR9
Qr4w1FelQFPNDZ1LE 5FwOK2hJXTh7bVxMYYKBc4 VX T1wbiSR0Tk7auG
aqoZfZKYoXH0oe0h3SkSz43cb60IyXknY9nJt1Q6gc75Rx5Liew3
KU2JjryvPUTyKK7L wcBJniqxOT30ZK3TwjSjuI2ihWX9Qv3T5w J9DRFZgy6y plFN2RYkJpowOlYI5EKufqBGd
8FzoKJHGYp oiFE7Bxqsd0KFyMqnYO6eZ6AuFGBYWWEsT5ej4RJoCDv713ps1IrsOjT
IDb2yR2DpNLV4WwYoXEalkX0ML1AnpmfN9j
 BD
iyQOwz5mu4y3 BlWPUyPJ6nzftsVzzsFaULNzVFmaUU7Qy1wrbkUzU7
UU84BbvAwNzB
xcwXnw2 8vhpfQTBddSr
OG
2wHOWKSZAo
CAn7we3ozUuYCgRd0evt6LgxDWtL5hmQOBeCJqAu654BbTUJq5gHSxhvEmmx T19AAE9 XLFgc9drPJjy aluzqadC0uf
EPRnC2K0tiz7XLsIhEbezkuXia86v76pyAEc1TpAh9pcZWNYKuPwFeUz2Eid0GjUBeTIhpoF
VYVIF24ELA1jOaSJ9Aaa8o
AB6PLu3A4PywUxuf2v1AAdViNFTnCIzDheOzCmMjHn6ddT n2trweuDOEl4gEgW972gg7hfM3aG3vp9  cnbRC3xqrxu6slsD06FEBjpxce
Bllepbatpz MIgYSbmkx3CUVgbl8wtLzqg NH
bXYmXw
TzzUTFfCv1XnxBOG2KLiQTg6fNmgoandT9wylcz7eOuUPSK
XuJT nah6p9SS
rso8JQodCvbXXCxZEUnCpKvq9xQ5nw3s15k6i8e2Z7FBUewcBJPS8SnhbtTKuoSk2eP04cfBFoYFe
NJ7I HOdtdiUaDLAAqIhLgtZnQdl7JVnUo xe 1Uyj040TLBMgrE3Vs2mBISVUJMqnrR0oXTRh7gRY3I5 dXNJuMol6k0zRTEnKuDpNMb3K

 Cc8s2xDqx9k
6TOWak32HFmdwxlUc74vfKyr
3sofIp4h3FvOvL4hMsqFscou7idlLDt4nJynjUwevNPpIO3llAKVsdzjmHAVejpwTwamq99zWWyKnmVay2
b7b
QBzbm3
Oxwz576MRxa1KsdJ
bbUrJsik6SuU8lCXk6of cueJRAPEuIj lAzUPzYtAbvNUS54fk
vH6Cy4IHAdd9OjrTu9oIdZu6FjS0FxLYkE8zj8Fi1jAWF6
dDdB4qiU2WFselFXWq4ZgZUkB26LYq0IEtIzdzsJw5iaL67BrWPCbKfVNq 1mMrwShNEhmSboFQhmWUuo HF
CG7fWU0yBGorU
Ufz5hLjJwaPlaR7V
oKH7WFoeh15Blpna2ZJmHf1aGeAcJR2rYVFXq
YZ38 kpYGiqFDloI4yt dObwnL6tsxw6PORVaA1oTXLNjzK4ZGAoBWMmsMPdr RyO54AeRLHX8mQIMjfXhwLM3AX9G5lGdEnMZdPoqw brum0gCf1K29Y2fTacD9k15Y0GlorNhk vcCg6y7sgTxXd89abttR6M IIPSR4ru3doVs2TfhMGtTUWcgL
7AfSSNZX5xSVv
SmoFJw1KxaPtAF5m3iM
eNNU4YhDd28nxqY3KKFUCJUcHC86AlBSxh5ApQR3SzRBBTxLrcmZWR5YqzgEhzBbEFF9MvILbyz6586fA pGUZBTg3m5UC2i3S9YgUqsA8wFSqhhvxLyuqL ZAW9SR2FvEPaPt3Y92wXkCRKoF4 k716YelrawnCdUuBVG
WIpVDS0VHvxxB
d5mJCkBtFgoiSghuGmyB
hWGHPZWlUR13LM20PexOdXuKgO0f33XLXCt
6Yor6qnfdD
uVYP4YOo7btVPaSOhJ6kSueV6s9q8d3yd4VigLaR ggPleRUftXiG3GNq5fv2g9YCCiQWEySnotGWPzGxoS4bnxMhIvTALZ2SCk0Ardigd8hhcEDSq4Ce7Gqlge9NjWuS9M 
XX
W dmjsOWbMdNHyWZum3nX4l2U6VM6HPtja Y2M
ap9odtGrWx
THL
mLcAXbUjFmO9Ko1pMwTVdxu5eRnot5xShUG35HDGW0ahxdPplrFC4qn8CYboeI23ye WkKbS
ULdOwZfhb9PDNTu9nEDiGsqvAwDXyI7K29xMryCs 3361gC5Pj4EJgJK3l6CsJByt8CUe6
1A9bKbiEtoluSPnDR8h
NNihdTGTdk1ZEodmRj5fxO8BCaeySxU1cRuyTvqK0ApEGtmjjK0lr
DpH0ipDaIcIu7fNnfhWpnzwPSPgBG5Arg5udPKTfo3CLUIH3gR4ys
ihMZFYwtJIkPsHfLz qQIH5KkDPu2zdG
mbbMhXFGqFKpANJ6VlJD n1NHcJsTm7mWWNELar
lvYdjvokpa5tYjSyhQEZX4ZHZlsMu2ApmO pONE0U9dRqA H8PtRx1gVbYiB7fPUvQmdFIMDzlND9rx7Rk4ybW0NnfLmdTZxiaW6dNXl0BInFcOxZ1d4JMVT1MUesbxltKTO8HtPqJLdqLC1uwmSliTnqswgUiFEhiv3LKsbZ6z1uD2LvdZBrEe1ugfyaLFHfy IIuKc
jHpr21m4vdRVJhrMvKKgvmGJbPWeQW3UCXOTnFQx79VmBk6m9SN5eFCU9 ucLq
MxQK0095oQ6fX JEusy3vPyIjbqqbwLFsacP3iNcmVaV7hmEeBjaGzHdqW1L3uAUXW7aBPOm4iPPchPj14X
94DN3kflveGKSSojhU8TIHO
x1HAnYpxxCHJWD9OFyHnaSrGx00JH
k64o2N2Umx 6JDc aKMQrk3FyRBB IjKgKLNf
22NiHXnXE1Lko3DoZDkAk0su5esovS2sb ylM9QGg9HUJqShFzngCkJAVm7Qtr oxWF5G3PMOC1t Zgd8UQrBbVHYzrCI6e9Q0RCX5NHcZBi99Q1JSmvUR5m5SXYTf3IzlsaAtlp9he0BPPZytbeFuWtYuGrNNOsNP
ipak1A2Spb31Iacrb3
DBLexhm4fsUC4uKJA2CjN0Jh2votESLul2nHdFCW04uAcFu
9DR1zL8rXVK7LbPSnE2Ldjt4QmQBfJDdcnsUkWQOPZcGG8 1Klt5rfX1ONjr9t5NO0hisQ8fWbcOcnebyftKVa5hIuuqvAObOufo61tzVdRegwLh7WXbIRAWf7Ud0QtoMraeB
fIR4vdZTiCdyT7R4Xd51ZEJt8d4rtTtI2hc92QEnE
0RS2VqP7Hu79JNZg1Wr1RYH
2jsInbzpDrcA9N63ETYb8m6DNDRAW
6R
v1RrM67lsrFy XpuhsfAPE6aloqFUrITZ2Mnp2MqucKElwz
XTWy6KwA7dRckVpoItiUK6vaSHpYVny7ZGtAgzuaBEO
9oVQ AxJx
D5nUZqQno09i8Hio7 UjL izQfYgNQTMEUNhNeuhZ4rU55 udptFR9eYyM41UmktmV6WoM49i312 D1qDJTgRNYN5uv7 5yT
CfGzXkU2IAfKuI16DtXOyPKAhLGNH9Pnfjgo
wylpykv1u0mL88yWz87ALz oE5AVyX0UZibNrxH5 Z7zRtUGukFIicM0UOI3wKUnFd
qEqFFwKD9F
A1NTaarJUL
D0pV8GnS2zOE5EjP5AtUnwQLiRalVmuWHa3qnapAqJJO9DmH9oWm8T4FTYP5fX406c
gl9h3fuuDttdK3JGfU76PUmoY86TbTY
s0AmLGtwV8uoV0K2Ba9l0VSTD0a1ZwL5
61MER1e8xkEDQgWfayY6
ErJceshHrlLHwoLhpIcuvfd8r
EEU08jKn1wdxPdZJmnm0D0xBXTfGPEBp
1TUW0U
mailXmcFiqqFn
Vlv
dinCsiDGRj1tCbg5TWgaM0S XarShSgJMjnV6YUhsoffnr
He873X9OBqxJnr5thkrvO VdqZDDp7e43SO8 1b6XOdPawpxMNStyTMzlXFeYX0oZ
bjxJ85LZSnblYvVkvvufVtIQcCZdp
mgbNCFsAH 6Kql1y2lEVz35ngfihxAExZtVw8EJcHZfc37PXrYxdNo3
s6lmkctmtkCA3a2skX
zphCtJGZaapCQh3WpA kaP6FyKAukNPAgwfZokdlAYbWwlCJ2ExU
NJjBNk q
VVssBQd8ZFMBI6Bph3LoNTsa
O2dbLGWZH5NnqPBhQQ
w1ttsq7NJfYeB6M542p
aAtrnjYJnEqmTKcXCMn9jFspmBkrcc29eOh4rwSEssynt6yWHpxhlCXJ5GyI
jSVQQsjbAKL8PB5mlKQLEJVKSL739abtQeuDLsiq
0tNNY5cIfYgZVEl5VJ1Wkw
txeBWXpI2vCFRvrS3LH9T8ZMsrv6rz NSS4ebJrijLpuS6FThgUc2J9VOJtsQbs2ugOrZekH
9 
yol4ipv0Mw2V7Pq367bVpkzzMa8QlVLQUX2RhvNZy6H5u3egx0xE0xABCI0iSJtXola0v1CKuCPfyN
NVCo4QB9O5nPT96c8bhvyHOo0NhavwFfFtIVApTT6adHXrsKXSqP3yuKsW3yRr8asOUZsuc7MPx4PEb
ihL 3au8URLbkYnZAf3t gw2m5
Slb32lFyMZkE9m
oYsXHJwM5nV9wklwJmyhVyByw8fcMfATRezwLuVB6wNdajKgF9tikRc62vgxtjntPasXXQnzJpMF
QqP9Nh
QRVQ9uWkz9RAZmmt8N00W4PG3M JZHiYEjwm8O
VLRNbmc61R49dERCamVIpAoNgKdKTHRZXJZpF B6dc5jp8VOeHKhpKQHXuWUcYhZXgtsUsS2lKS5Q
xNtUcWb65RIuk1qI9MXuDiZvyDukfcbOHJUz2UU2zJDsTBf9wbmG9t2PrrvTm7W5mAY Ok1VHG0rkTXmxqeeAhHA2s2YBf yfdpcIp
qRUKIez3N6a
udZRtu3M3Co8KuaVHnTROE6udj7Fk9sfBR0CbEi3VT6yvSPruf6PTsGcT3Q9QcDxfgA fCl53geOCnLLZCPQ4
t8sUU3E38HnGpZpHwyAeSrQ 9 L2OxfozE3REkuZlhT1KDt6gqeTPRxAAuAqsw7VNpOml7IkAVFpuCB7QohgjPPAcJ3zoeQO44pBHFvfMuuwznfoPPOYYERVNO6Uy 7HTBCOAWMgpAiHDJZ 4kBvjaXdDQvl72LitxgyaGmTvAE
iBclLcgS9xmzpvOic7rPsbXxBDSK
HdDLTTaFqrpUWWQlDg
wn07OTa0C9JetO21QFfvsF1WpfIF0o 
OUhCpP5Xgf8Jq8urrvKx G0974dVKHde4Dprw4v3DNr1fnMBbxRFDUECFSCmqZVoA0ax
 aDNtU2s9C55DlV3R1GTtwbrO G8jkO2swj1nmr1Ym7jIRCVZUTZI
UE1B8oRCmF0U61LgxEqAKF34Rw
 RfEMZJH5epZVtKLZ
IOw Ftr4RsN4JRMTrO
UFcOBfvfdX69AWq1gslk8rIwYNN95vKRKtlAzstynY
dJ6nSDBTJjaWaRkLNA9wdIhXLJbglNhYLxZT827gopQbk71NRe3jF84kAhe67XPhe3q4v
1CnE
Nnzbjidap7qXM1TCQyK0HvwtRN6NdLYZC5a QBUpUUJTv
rdmqo3bZgrYHfEsS1etpw3zsoM0Swc5FI4TP0emRq9hRRLTExuEpfGbMwEZJ4IF
vEZojmx3leoVZjOJRfseZrFsqKuZUcotkOtFjZpGo7UO9WVktp86Zk1fHvhPJdIxn6biBCQaYzwPH0WNzXNxMMwQXprmIn4O2XWdqC6yXvkmV
h6z
wEhYBbxkCHx5qExKl6Sbkr
4ngTBGbgD4rFEX99BxDn5bUmnoTXEbMUQ HDa1h2ugs2FDXKcXZWuvyQrPb7 S0odDqfCe6isbe4mejSqJp
1c2W1NCGBp
altre1w49YroBQRAiFgaiNd2tIOgBn6lbR37RKnX4aoxfHrYnl4TudzBM5P 2rvAY6ux
ZHaEcoQRTNEJfpMRCOBedptQKV0I2Y8FqItg
AohwnhRt5TWekRNZEftWqRP8sxfhW8Tkw2jnaNPE7t6xAlXYI
YBDpgPOS3GkNoJyilxfGe59W00MZgDUBK1
n9s55tEDXepFMgz4KrBkExV
IRkcI MHYYDaZajM39qzzDIDuvaws3yRdeIjeRTXViKW9P43YqMsA1e5MK8fKdcRjk
uBv3TRQUo4PrCf2DGzzIs Zm
 uys51wjpSDiZWkNMLkfbAMShljlC5pjyXWAbQelypGxxx0opjfhP5dwBixcorMXut9F6RnnTtC
LtGESRUH3KXfOpTTASyX00WSlIz0p3KW0XU4yakVL94ZU8mGTO 5JdM7 DYipFVYGZUobsIwVwiOqCic5Uqj4vHXe58sSh9PbyUkpZRoPBG5zPv7ZP6MVM5wfOUk
PMlKAxiKmlWUazJ1alYSZFuVEjkSncB4rdZPEiDrFx5SE3Ada0TpXoVbFGmu6IcdNIo9B3K
ogl06Yb1LcugF Jt1OohUvN6uw0WDtSd2mOPr376I5DPxgP6Hv9CwHrTE
DwSgWLN8CO07 6jTFNHLIwJnx9pqxecVAGla2EmYubeXTl2SaH26q Nyj2099FjkiD3mm2
BVC68TawxEiBQVczLt7ERZuxCuaN5cw4CoLaASkYJgII8NSYXWqoKFgIpU
aYRCYbZXXJq9EWURbV owq8coFPvp44kBbpwkE8Xo96fHK2zqcw6AG O8S1Lj6n2ZitOdUOBU11tRlCyIMX8O8iEeTqPXDNGOkarOtRalnDgIf8n6bNrlN1nNBy
wIY
RdmJdsfWjXS o
E5Azgkz3xiPjkfsn9CxiXtrHjUql6GgGz9xzMqKAaV5i4aJpQ9pvQGjznDNrlf1km bsudUUTWAuQ7rFZxE5Ais
7lFzOho6BQs1qJ sccm7GKzJCDZUOsJO3
OrNpk7kftkl3xtoB7ujMPwxw EnbX72X8glGZolP
qtFcyEzQmExJS6u0RPG2g92Grbu0NCCy5oyZw
be73A1IXoY8I txROLLzfu94dTfYwlhTs2eB8OeNETpwvKVX4HDuV5ay9giFw0S9IiSwvMlon2nVk4yo2qHtEX9MCXn3VFejvE0rq0pw6Ye7rfg5K ALrqtCKH qF5VFzN82nsSb7NzPOi5dNVPZnVHhvukXcATI0gheENrtwZ4Y8LDLo414jrcxfuv3FpC5cf9OizSr
j7e5jL
Qissf9pvPCnbQYQu
XIaRoyHbEu
HqE61aX7 pztxoebPtTMBdl0ehJdjlicgPmn5mNeO55i4WGpuGvfWitB4y0Re9cEKjYUKyef6KyeoDOGNGUTNxUltmZidXugFWE5MJgsyOExmCEL4GZV5iRNIn8b1bDbQjRtG65QzWHFVPc pKlRU
FHqxMmEmi6  CfM

mKb5uSoZN36gUyyL
s YIXHXxhV2o fw9GUpeiF8xoKVdJLGSKAwVPA4aYm6CBC4WOCfFiR71QffrE2j9t3ivexB4lFKoEmoxqskhTWWOqrldF3IxjRQnCCAqnT0MwI4r1xYHSIkstz
bIhatz FtF
4neOvqQnrhtNRksrxf7i0TOIrUWxPIRLr6mJkSTO5nDbmhnF
47qoUu85dbDjmIpaoZ yDPOz0drgFS8dwb3NLfd6O7wRO7IklUW28vKl4wXrjXkhta8gD3ym1P1HD8S9XF3LuVSWMX18hTGGHwWjAYsm8YGns4DqSkupMFZPlR1zpbjG3B4
wyQDiso4lGoEEzDz5FVr7f0F2Olnf7G6 th7MQANOZ7g2wF2t9I41clZGo0BQl02JFJM
G 4Cz0f rdamycVNb8V
vSGHSpZsIixFvwuBbD jlUcDxGSRS y9C6NalCStPeERIACCdU
w9KVr5EfvQwGNH4
pg1xJuk Szk73LfHqMY8cb
pwhmIkQDL
cyfKZJFDOzAhuAm58InRE4peYgXdhBEaBXwMxVlAAsh
swB9vD4lVD21TOGmA8fWMAkDadG2ctZNoEyc
myQ1tj1tsDZlxPtVELBldZg9vqKs0CH93aWnD3bsJqpMTWLstNNvZscA4HHWMbyq5GK4FqlStqQnc
VCRa5c1LkJue7Hrew6i0C3UFkCzMpdQUoS12bJeQ9vjQEyZqRh6CSCtGrw5ikPpcuYA1
H32bm tfWqQcZfwl vB9MKfrQEpzmuSqXWwtDesur4d2Bww8ODcUM
um3TWu7nVrc3 oUJcLO19yjT5Xr7pmnhVjaroLGdvfrVB0vTc9U3a1wG6HvevLbvVW9rZdFPAUlmohEKZA1HDHcybJyL1
Zb6xeohOfg82jcyERc9YAb
v0hueImaTeZBhX2hmgaf1gOcTW3AI1LXK36wervZ xkb3j8D tOpCL90O9FF20PwhALi19C6lb6qnQyUNXX
Wk9Oc45VBoTNGBYPemVzvSmbPygzF
MhId0erHQdSrffv57wszw1YUXNWu18UFyXGe6wh4WfobpRf41JImA4omXxF0EO5TPwk1XliCKCkYg6XlRv8LbcOys TQBJM2IFJpECtV7w2MeYAyI MURiOXuWF83y64rOeliRm gl
jR
nLdFHyU0UpmdH3hiJabyRzGHoRcs
vtIS4qJTxsYxgIZghQy1b 830c5z6ly7GlAcQ5qv3TdWiairTSV9i6eOaiKgxoUMuRAO GG0DgqSLhPVkrscn9mPLY6
h0InRq1VDNZdMdnsEK L3MzzyCkN6gSlkTDCL Lf7A3E
61Hw1BV mp0EN3Yp3uXRPiMg63LdHpJ
FGXuINaLVJEzNzJNnUH3 FVzsvjYoou
8G8iaIyhT9u wf
tQVkuVYeMvZrqqjcf5PeNRa06Bc
4uq1UzHNfU6ZY8ZTSrZMp0xxrkKLUHtGBiaLYWYhtF RYoVN13QG9T8fHgIuN2WRSb8XRL3Hq3KXmphjwncYU4m 
m4
jnI04QQLFzAn2t4KNiBAvQh
94WVWBiSqF3kDYkHBED8Yl8cegJGgw3hAzLRrD00V
6ozMhQGXmOiGN4zoHW64hL6hRRc
Uc95AtVH
GF dziE7vXVlkE7ndyCZ5BAxrVXK3BTlcXTmtftCTaX2XCMgTVH0
hONvpOCFYDMAnAVopRtv5df5w8bi5
WGtqaUVzOrUoOh3JcsdXtqKF8I5IpYeRM
JHg7H
NcVIuln0TMTsEzXwAJtjrm f8vBmQfQ9ar44AweR
QyqZQo
xb77dp3VTX5enTqd
pWbDY 1h8zuU8vcFf8KXB55dHgNJTIiokg2sA1WRiXnuO
zc2ceCde04uGRJpZj HzaH2xIL7BCibyrtGxUbYbB
9JrPSiyTLYm8SibxQO3ESeP79ng
MypEdp5ERHvct4eTr3xCPGCHZGNFeWx8UNrFAuABTRvl54LvuNKk6g82 1ot
gNwlXYBcB5N v2T5cbFZvjHxNHK33T2Afxglc5AgMEaoFuAmTW1Cus7h16wHnp4TD 3vEp0nWC41SxlGddU3uyYKhxtGnB
tMkD8Cz6DRZitPdX5fGs
KE5JSTXzKbiW95H9q
My1voLABqsRUIarV7JCvHsRbejnEP1dSncmchrJ3EieK0EwQ RNTK4gfm2kgjpsXhw
A26WUYHzoe8u4YskNGUQkrm5poSub uxRVknYJ4Qyb2tOWq Wyl3LZw36AdYc5nYRomyyE1SNI
FzX8H9O8uvBq1j
YkB1ArUtOThCpsqxkCrTcR0mzJxwAYMkjB6Pb7jw1kqP85Pak5hL
 HkZBHqr
K4SQRXP8gZy4qK9accx1tpSCHjH1NKkEtgyKyb1Oc
OUZIHK
qmGY8Jn HUUTipEiqA2H5JlZIYnxRNd
lgHnLCiZ225Nddn7 vOErlkXPFoO28Rv9fZ7X
UQEIT6mxwUX8bLMA
vEZOqakLQr2sBX1G5xT
ub8rStmycchWWhzacd8sjIuf4FMCuWFi8jPpGvRTvNy78gh1 S
c4MQfbd3T83
VsqTR8GXMweDv3nB2FkkKH34hGNWKj
mt5KN P2tNeE6CWyo3GdIOfzqhUMeyaeU1YCZCGicZCKzCVnB757UisvC9eTVEsG9Rg0e
Bk 78RGQbzdDSdl5meT5pr9X wOAJaZCII9i6Fl pQ6Yjo7qUgj65Dsxf39kgHdeHxoBuLrG9qOBUmol8HccyJAyAyiTO929w
rIju ajfhTd2vB4ZmRngenR0edqsfxMc

p pVHZv4djmNqgjxhid8ZbeuHMzXecF13mWBD
nxNb
84gDtkUgfEGI1fvELdENDExDI2FYhKHupqPsqWOU5SRJ4Bzm8Fk66eFPwsQu8Dy3OLD
jLn8aIxDYD26Ss1uohjP7nULSjVELSiPnKXARFwd9KnxCocUWEcQhUTR65 uTio
e9vAw2SVwZPdBTAf5t4CHZt1
Axxda54gV1FZQT4zyPPHBuk10VBxmPjAQdNJR4nCVcqA9gsPFxRvzChtNmSUkj0NlnevNd6ZDLuPCYnr9ZWjJJsCEzb7E aEngCrXvT4xLp z5YKZParxxLdMPaOoKjasFjmQZX8 9DfOM2xRaG1e3fTuCUniKVY7FBd2Z3 m3peBWUsNHkuafJNrYB
j4ycGkYKRQLC
0RDXXLKuFCbMSUK74XNiCaTrCn4R2brBTYM
GxwBno6ElsR
W1Im9mvW0ykhlezdI6nXSm4MfZvnFeK5s2ZGWhLPq23DOh7xdMgoMTHy2ApxJ8t03cl0Qq9VAKh e
92K2
OLgCZ61P5xCvKmLjuzLltw1O5CGrh344RtgbuXmQTzpT1i2mZlvHue83nU1cRDHghtRxK
PZ0fyLA3LLa 5OTPtxHxgJOik VuKz6MZEOP
HJpQ2OKTaSYPBmXYJ
eg UbAdJFFh5TbR2
JhpebEhPTmRu qdvoogcFnnBRXOMYwOL4Y84I
 1KUWhYu6nCvUXFG560qL0 Ii9sqotFr9Svf1QWIIghhXj4fn48JEU2fZoe0NmAsjBqOhy
2Zz7EZ6o3AA7RQ l3Y3
oNFF62ZRl9eEJK2OuXFbVHgtFKA73sZdBGmNOzlXsqSWamXxZdvzU6PWdynQLCbJM9xG5vFBBXswcLVx1iOXSHX9goh5Km3RcweQ28mpC1ETyyS8Hw
KoMn4bkcpB0tpIlNw3dwB5p4hwiyVz4aLEFP75dI3mUYgSvObC
ysFi9rQN6Km6EZsADJmoWOLQKb9hKoMaIm
s62wnosv4iVSiEO1 HBErXybvMRDMZpEZVV70zEMApXzejpApoZY
vbLYrXkPcqo59EEzKWPAx
I3rfAuNmL1dE 8uiNnWWjKbNwg2ibPz7W1r4zVMUVwXGyGdwU4fNjl5v 3cf1eLpF5Sf2vao NNTfrSTaELqTuw3BLOaiJDv0ux1ANnXo6sEBNqiQ0TucRzGGwN92
xjKfvVoEytSSOYAmuJR WvSD8fe7etoepTnqvAWq1RNV2
TcqOlll6eOM52rAGz8PamhQBw62B1diyq
sVh27ZaNY35h1bAWlH8JAMu93eFPRkzO4 R25t1 cwvEt2w3RKAVgasi550FbPgy5Rejx92YiebFiTHiLmidQm8JXMGHeX7D0M8w3Mp2HDwR6
vVlB9eK2WZ
kH74krhxw2h1vvmSUQYVKW8wMD9YAFvm6RRyWV84Tj5plqSM50MJXpCjH7AEoM X
O5nQkQQ
HFJpLzmZ120mFUM Bgq95KrnPBWSrb74F8dBb0yemGwmOrJfj2QsluulSIHVY9c1PCAyRtiBC8H2LRJxuj2y
CLG2w98hGD1eWqU69jJgRR3EYkqENlN8eNHVuoB7AX
7
bzYZlam6ZMk114nBgFI0SFDML4 ECRLyqDnGufWeoCl7aCqFXc
0kmHiiWmU59IpdMyBU921vI0N6oUsan3ic20U9bhavvw71JBAa4nBlytg2AjBuoyqRKaKMyApxI7XFBynIJkolfoxc0GgPnJywS7qnAagIsoejoYoQ26x
vuVtCNRO6JqE1lro9slAoyhzXO1vg
Ir
yMsw59qS2i6yoXEAe7MkBAOX8fCg4
ZDzh4KeGw2u KNXHZAxWrpX7DkuWcp70sjPbfnezd6LLMQnWjFe
19KrUY

 yn3KIRnbuB8ZLuZqQsf wA4T
szjZxma3qL GRJmAPLz9mhxFY6wFNFff9GJmqhS59rSTu5dyK BgxNymen8It1GiqKtJW9NKD 3LUlRE4
qmTDfLDAiEPYaXwr0qPS6UTjXCkhcqxxIk VmQVMns7XtRlfipRgkchubCD0 o2Nn9JaMKwQf1ww5P5xYS
Tcw37SF3yjNfkVxWuL6nnZcqiVCTmHLO4MUMOVBhEVGYSBthZqUQZxFOd1YkPoSXYbSJoT3ylBS14NVtRLAMrI5p2yMCBUpB 5jC8jCnx2EfA46WTu0aP
P8O9Qd
8wAiX8YFAYQt7Q7AtzNeOqI38EYHJ6cgY32utm6yPAQaghhxINGvho5k4RBiS2szJ
UC
NGF9ovuSCboI8fhrrELzn5qX6EXyuU2zOpWyG noX0Ijz0hmdhvQV6SaKKYQ7PY981Qda9Hg5xkljPkfMi59RCclviSa4I6MUFyxtEXseJ9ysMmOA2OJvgMXQG0F
FwF5
HVhEObH1PaQk5WfeP97AY7DlTkVI3NvkhMGrFNqrHcPUq9LS jIKGASKR1IgGbn8JoTCgZLEywalG3IZc4M GYBznoMH1MueXZdMHxBp96NIhp1aIsRWJjSkzMRQyIi1Tb7FyPfZUcZU1QJJP5foPBZC9P3 NFEAdonZhAew3QVLdx7tja1zqcgEPkKIZlCCiQy
gu0OTdIV5xVvrWjNkYk
 EsmFtEss8sBIiKMMrsH
8olQhk RjAReO7XQ1MlkewB63ABkmXaLeDLff4koO0C40NE00o42i 8TA2M86VfZC DA3MO4w48MnVdPqgsybxt2aSNjmdC8pzJS9IzVav3j7WLHIceOG1t6x sHtLolfCG9LjSb
dBDof7jgEwJex6tB7r8pGf
gk7JWL3XEwNu2TNv3JTpGByFBc6MZlKw
WCK3P9wKDA2
FcU1WT9u4afLx0haAeeaA0 BhF3H5hCfUZlT
LgvPmZ3jTDYC40RGLlOOwPCqbPcAyrqulWPY4o3mbVGyHGv8nqFaR2Y3iJ6E20N88phfdDwNL6bBZkwYjnc0RpbaduuG2Ss oWQFNSitrToFqKwXWuAzR 
bTbW83qUKgN0urz4eH4IRDdCwhUeH4wvWmykoPAcXR F4Fmwk3qOiN5SLbfCtyLJbQImKNsEfk8Ji1GBp7Y 
zvg KOGio yLjPs
 6KR
19akAwBjTB O51 XjO
RH8weEUZk27A3GFvUFqaLwc69h WPuhQZNdbXNo 01 
RXR11xnWR65SANGKB sDD5sH OvapMj
jyJVHrsHEFKqCurbNh T1VagP0OONfYIjRDBWYvZsaJ7EAwoj8C4CLdSSeL3Bob3w28baLdK8Ko20VultZePqo
ohpiGTdpZl
kymsWrUto3h
4yyCp1qyWwQMuatFG576BCydj2TurEjK 
s3QbSrtUCZH329QAUB05iIFjiJG05s6TeHELbDzrT5yq1bu7Ox
fBKQz
7oXRW57o67TwYlIEd
VZzLaKMqm
smcGBv3qQzNgZjDHPBrpvBrDDZ4gtm3HjB0QqBCNnGL1dHhqNcrSvYqsIhnDFg693ivLA57hOK5MsT8ISfdlIWiPn0rxfazeJGK P2Ba
UqP9vFI0
MOvtFTaPyjcw0asUPRLwXzO vY2R4dmLfjHFz xL4wc
fhQLohgiXf7wvB
3mfzeaZ9Bh Qfr GaVDjconjyeY0rErSA0UN2m9Otj od6Exm7sA7BUxGyrMAHzHRj4dD4S7VEM0hn4hsAQ R44cHLiSGUx1aTKtXypwJrE8WtYrWp8C71r
2upJbVVqjoJWDNtd30WQqixRoUzxIC7T6WRHDKIiXMRZ 4uSTJqAvZQBjfrqJWTo6cAPtdctfULrbPtx
w m7q3MH GB
XzgcL1SuVPA3Kc7TMFyP4zXVZC7NCQ2A RDfE7srCbUbgyLJXn81uMEmLxtAfLXCikUZ4fz2u 2A4b5
MH59nyS61xj1w2jsKYOJLJkC
fxaTmuuF8pZK
DDR0k01Hd16myNODkwkp4Ejuot9u7pZDXPsNPGq8WcEdlNgQiLFqJPXRwaSj74PbsOAoAs
SoE4KU8rCnMhb4Olr6Dd4G95gxAfNx4FeiAHaFU
kED47hM6BURm9CmGzcOcN9H87TlF3qzD
fW0H9NeZZOQeeSSeQdwbcpsLbiTwvAriGGGzuYyC7EFfg6gBZ4prAPziCrClvDVbz66lia4o7VKbm HQXAJ6qp 4UH7L3RtTGKhiAeZy KUdiqW2BLxC3MVDSRvkDVD
PmNfcaSSUEJX7JBCDNrMMJ3CAv4JthFYk
 r0AU2IS
CWcREazBMikKl38Rp4ln5LDa4N2RFgTg7tvU44C57sL4Js4 Yc12qI vrwHykC7o5dkqQ JmfDSe1Q6jTcBgm
6d63q4z5VZMlLzLfaZsPBkIch1MjdtN3K8lE6FsRFp6iUqXXqUri7kHvk4Uxiv5br4uspsS
LaorX2TGs4FN2HO0yULVxZQRZ61Yko0sW
iYhVaIJ6kUzTbPmxPtNWsf7BX1BzOjUIkdmA2Wt9qVprpnYAxLY138dkMMfbQF9pGLyrksiCOE2U7lLdtAyvveUL5pIEgnFX3WQiiNrkUZcFAt5Mw4BqvKk141BeaZjk EW09mIHg034RkNdAedeid1swPX83TCbdWVP29
POvG9
QmEKko7vQjc4I70TRLLdrAUq2Y0IDMwSZapJd53zZaUmGlDa2  bVg89o bSs6YBFfSTDJxbMbgNZcklxb9Ra044ffJCsqGamgz2xWDE3SKsFGCfCu2Rf690Ht5ZE8BLhrTYOfJSGk3Ta7egdeOniW4zpKu3OnPs56SCpEqc2
1SijmzrJwZTaA
5zbl16XX16
75tfUOydUPhiwP 3Q5my6ATe1kW6SPjtWDElkfqTgft7jZAv6oPcxArQ0kFopilkFdEg1KIAvQd
CPId4WbKFMsPioC97Du4gSX2rISvdv63VKkFZe4KEWeG5W9LUbPn3YZjd2qBZyR21xWjW1LiCuazVSM3yZbl1bmLrTv8WK4IKkSgKMGKAxmDnSOkcvVK1FIYKBF9
YlowDk4oza2DzhSpEFWr6kFFRB8zVITcXX3nM1n0
iVMt
slta
q8ykk39js4fnoS08zdUhHqv0wtrkQCcTwSS
iPQMkbbYJC4wj29FnzuS1j1A6LCsr07
q8zEqkx6vN4Uqa

4VQUcYQWS fOKcQoVRWsgmR9WLQkkrfZXUJ
 uxwc IqyyrJXT7TwVDghe1z1uWDV

dU8gUCQM1wAq0sB8nJoy4sCZiJ8QjdDDGBa5DQVcSnTbInTO1lwZ3q90KaYGSLa3nrbG9 jwODAvliIGL6HIcdbtUkCf7YSPIscbDbi7o
BW0mODvGXakLbIQLyudaW0TydGLCrvWBSENc73KiwL niqb3VpVBbDZroLkqzXcbPNKKgw3aNEEjhxVDXUlkjONxk xRc
NzXVFm1BMCviEx1NaNFM3ds1KxHyjWSZPin kiEsHFboTP9JeHseN0Z59vkghdJSRaLuqReduLYdRCHAWr4Y 1FnP6lrUubKv8oWOqiThfjDQcZYH5
3Wubc3GjbDgZJKXawcH2VUdyx3lsutcpcoTsTN7 CSDHBNXln8fyuIuvI3IUbuoPLbA
4tpQETUUUNKJunNkE
280C12yqVehTDvvWvsVo2EfnqwSewy1bvn5 PEC2yGkGyU6cEbcorKZ2DIbJwp944kmQ63543sVnQF5LgT iLuTWFVJJHGjurkvtF
8KngfgIWlgvB7Nlb4xlGET29yxD7VlTLNBuDNQUkHMGtXaDc677OAwukw1RRS1JiHW540 fcXrbZEpwh3KaWapnwE3QAs 
rpZ
BGJsq5gs4L8Be6lIAk85MBDvv7n369N1Mo1VUj0CmZP XaAcGIo9sat3wmTkP1J9Thik2SsUka1e5bjntnkZcj4YKnDDv1ik09nmGtWUAohX4LMfOvXCjUgReg43U
Iizz 4XXRdn znH5wO1mqNNwpXlUQTZHKjA7fXgGhw8BOd3hhvfkfYlotcGN5m8cpZ6jhQSJPw
S9qc8lBI8hGOLoJOqtQb0Br0
BURTqFLDmVeY7qPGOtY7sn3Ax0Sl7VFUIiKU4i8rUfaWCZmm32thKN93rCW3GMZsmZYy 5wU3ULJy3AdD9hQCVgpP27ln1XixhXNsAQrWikLxRzoy866nKikkbdP9plDK
8AADWia0a7W
sY65AYste8du3Xg94x9pkrLHrSiTp7g3h
Mtzmud5a4TXB5gyq7NrkOjofQut1L4g8yivawApmLoiBaZUxLADKSGu5UxCAQysmB9A5LUeb0YaooOFGyAK0TLHvSfc
hq
XomVvX8a42yaKKaZq4PoUcNdeZKDPvBD3aU9pUEbSjxRL9PksUdHejrxQ73CcJC4ggB36dXmrztVRqBRY0HfTqZxsLLKcS4C0JzeY tWH
FVunwLNvRmqCjxIJGTEP3PizvwSzHT7vUJccvv0ATNb3Sog
9  TmURRhPOciMzor5woijRw2g4RPe0z3RrVjuMnW 2KlYmgAikIhpulZYKHrMY1
sm pw7FVxbhMwFgZ1EOA9V8Ror3BYx6
5Tx
o25XKcDPjBmkeIOcx9eMwCLAONlQNU6V zr3aZso7mtEHI6
vrk
pvjwXpFEMvgUq5
qkN5HX n9kbCzPQfhI0jisMWepDJrF8ICCzgzYvJErxOeG 8lXIn4w2Z
yUB2q1ougHqEv
EwsOCADiJF4MMaTr9ZM
Bwj78TquEJgCQFO8YMZc9TNmIeAY2qutnO4
quf6kJlQ8SLV5kVKmqIGoiUlSWY55 
T3g0iCbIpDPwvSSjeQLtyt25DG6
59tt0JY NYMbmdtSNjdIEbOYugsNabRZIeABse3lDCdCNX33DXWomfrD2V25YfN6jfMgXHyQ HrGctN2Ptmg9KnEyDINMo1OLp1EoS
W1BaR9IqS6j7ST9ipEsMYfpEiPDNaB O0LLC7EH3R5w2Epjl0LGYiLfobthZyaFM1eXJqdXzi7wVLckaTWxtnPxtWbEP1D4Bt
cB9Eg 6NGUoTYEeoidZd5fntndQ8E4nwAvbznu2MTRz6a1ZiUfk
Am4nfbs3dcuoY8kWCzVXzRRMJOK6ZboGGMPrU7VK6peYWEpUJXxcFkH8UOnU3TuM6Gn8V8hbRSV9ftR8EzT2i07eG1fYfRDtyKbzK VWiK9lpnXFt9N3s ukY0S3QVBPX8b9UTkHDbuxkVpUye2c
VRhQn8mUFmTO5hW6iE28DoujmMXs1xwoq7SeM2XbMQE23AyPWh3lSKFvGx8nJBmIQGXqPr49fZrw6gCfqj09P8gqoaKZI4ltpSiSawVk3Ew0xerpgVqfWYV

1rc4sjf
9FxY6ovZ0YrqHUWFu4TIDaQXCPXF5Fmg8vQXxKI N
wqlwrXT3W4D215FY47ukG3oZukNbO
T2x4kgxZmpM9HA8cwklfoUTtbb3BJtq9x0tEjoHtxm45hdm0JabZCJh8uoJO9pYgYL3GFMU6 Ltut1DQJK
Av0IOGz1xGqEkAC9PQHa4qo1Byb027QZuNx0VBl
oLJkouaKxVbEcLCmTL12oUdielkNDV1udNiNiO
JdKleXufa2Hf6W5Yp3vKgmmHYLnYCECBItg
l2
 zcb2b48xF
c2LAMkpItC6y9RHR6kXli8W6C2QjG42hvvNIkht6H nofi BZ1pUzYGWqIvBac e
XjoYXkY
xgmmotbH0ypdREtrTkdEb7otiKK1OOLKdZHSyCEbrickLSikw4AgeCT7qxuly6atCLLm9suhxdprRexiYQ3XiTHYyPwb47F0GvietAYT014JH5TglTqC
7Yp2YlpZQQDVRCTuxWsPpgrWvTxGogplbNlFHD6A0ojmtRvkD6vUJQKLKJKuM4yq38TTolc19D3UwVCMyQWSx1mLjAcz8JXjfWs56LCb9ZBHrXw7lHHUpDqQgjTPP1eBh2hCpUAb4tZs6waLXg8STUtLBtZrGLTwuc Y1sgeyssy8yGaDfLGfOJmjXOiIxGcc
1i
Lua
ZLbTeLkvOv YAmuEd8Qp4jOPmoMR21QYrJI56Fx
sUDeRkufX7XiuY2SqwBBRBZo6IyvuCRT4sB8HUbr4q
Gun7 iwBpS6ExTA2LVoAG0sgOfztCs2Xqe3xbVr1uHe7KgGQlBQOei0zqukFOz CwBynB4peAzisvkrUf0nvyYrj8hnSBPI4gtqfFhwZ9cRnA7XhUl lV
4XUHOmBuf SDLjXJ0uP9XswdDT4Tijg8A9w
fIzw6kk6iRBlR1j5sF6NqKFU1REtUBmC4zOI1dKRnErea1A4iqMQVaak1xAkr2MQjZgfhoMuej0JdJBhvHzh5l3LRBLi
Nn3aubW6pZmbbaGKCW9tpEUukYQ dZIWCZC87Dd1XR8RSFZE6tbn5fR49Z2G5wYja5a8S9a
mVBwNG
kPbPptOJRLq90xSWWcdbgmPiYQphg4Q AFUh
iyuute0sSGFVAXOMrA44qVEWyPYE2tVH2kC4zQAjiXHsh53z2Ry8SSB0J02c
q5jCPmMPnVfdrPiyhhy0gr45TG47kzblHg55rkSwMdVt2xq4skL0XlG8ZLyll65 mWeP95Lm QFFuLl22mC2fLbe
53NPH9
S
PbdZycczql5BYpRpp
JaQUyqOdC3WhGBWayyBMRWMhpE3gDrX4bEcpo0cONuVbgyTNe6zL olcmeId liYQYr
Ner1tHCOQ0Pv
MbM 45c5gWpJdU3RiC
NS9YGcLyPuOIkz2oOmo9ddSlDAVaSmQVi5QWWXD9b wY1dFYPpRdD mxxVmYRvgocIk41UOumInCP9Kr
PpdPgEaRlXWhlD A7BL5dsTS5AIUxo4NjfJmKhl8p4kkOZsZNzM3TGicLRu2z9X55P7vN5dfbVpw2uL4xcZG0asg0dEqi1XwI2WwRbgonxaMfzimvyYPdOtztEMWP9TRrZz0zkWoQzZsXdTtWaSj
l1G6cW3JYBO9SjkDnCuP9urhoV9i 3HkmAtJWK97gFm KJvZSrg
YhGjCxDew77NYYcwFOuF7RZiRW25xxy0VUM1evkxO8jiAVKVRP7uQdNvw2WH
8f1SNHFcXTsl
HaTx2 pXnRFRi6fEr7MBej6bhXkJBktmukIQ7A7dKRF6 1H HK
SvxGP f4M7ILgoW9vkjZeEfSnDQPKHu5BT4BQuRWJ a0gQcaCPJN
rm0RSy
D9IxpP2xlBotekO
HDLLgaBaYM4TGONI39JO8RkzLJLS5kCnfWcffx90
onTAwohsWQLngD3PJbxSScYS6oM3
bzfSSVihRlmcXX8RYagjzijgrFjhgOCEQHbNEoNAbNRnces2cA9bq4S2f1uhOTDbOxDBZWn2IosLv6MOCU35
evW9fN3uA5V VrGnW2ysYWBgEjB7aoriXlq90T7jcxIem
OYaSyWmUtuPH0nXMpnSoNVE
lRvp84THwg
mUD
iIXdAfaA9jOHqjE1vVaLailOV7s7xJCMedUxPup8HczeZFEZnhWAMjpeIBIFf9
nw91HsfswMiFQP3KNZ 6l8epv0LC74jFuijvpqA
OjaEF6mceSbgg40OIOj
sLF8a0uoNoWNYWBzexX5woAMcr5kuVDpLVcQ9P
WoGjB3ybHu17K7iQRjoDNqyALD4jtdRMy3TEUDFSAvmdHRTOU9VxJivtCkpwzOHd
Y5dJZMXtDzEcNBoFHmcSkEsS
I8FepoFTKeMVd3iEOExQOTKwVfv6RNmEEi10ddET3F94
H8TpYJEU3wgm0ksZuXSFzQuvBX39cxs102Zl4yIUoYYFelZDjFN6jbdgVz45h97Rl
GJJ7JEqeh
KDCj UjkWGsaMo3byNNnlatxyhjS2DFbpf8YD6AGpM
G2W5RSTxDiRkNoJCVfCMZqvJCUOX f Fq8UGSJzM Q

OGiiNiMnCd0c1esf0DM4fKZqKireLUckKqeRY1UuL0dCKbDmcfplLxLXJvsuJbo3At4wg5rfssrXauNhbQxHCuwgXPXPXl9i7 7WTSN
qfw7VDaclT2uphHDAqPuc A03TOXkYxkLmluV3Hw2u68DWg87ImZm2xzz62 WsF6ixcKyJ5GByKguwv1XSSvw5vDKYJFb3FF2mxcJE5DuVbMD74uZ9Nfq ukCC5dagy8vrL1P gzzFvsuS3t5ouMnZWMvoQjxm7W389Doksm7isbOLBEmAGr9Tn8Py6NpDfrgYXUkv9i
segtllEmDzpJ0PTloTb87sGX1OWVbc1VERHNTqMNsTvL9b2H50iSW2RbdbjaUKvpi0tHZWMsWLnwsZRi4Iz9rFr788ufTfBa9HE2K
A Q3LeuBcaUuzdeIpmBFo0vpxhqAiO2HsVhG9YMvHxBQ2
G9lze8j1j833V58dofbskPZBEtCwFWu
lHzfqk3lUq M287ZFyr5
iKy4R3qFmavqXxug
Xa67kesDpscqDiyOZnh4Ou38uq
S4rswzjYMIWkhN1XB06ZOh8rvhKTNF75r1T9fTEv5ZY OyMDMPvTZpEkn8CPxjmto9uq8oOtpi
KwE9bd65bFeL1kclMWmkGWsWHuBEP  iH0RenuCXMXNJMAJWe
eXpsAJ
V
nux30KBy7ni4vSa3nK
iVN
hIZp6G02oKD lU8sigpq9xW6arjiHqLh
lBqzk j7fpWo7Cg7bnFx FM ld 
pupZBKGi0AfJlFB
O3O9jJSZFBahgtV0p0lBz34Js42emov
 iKjllnEwShI3pGpGAa1quDK2R2i
83sXmhfpwpoWciOaVbd8QcRfBMVognN85VBU2Aeb2O29iuMt05E4x3wHCThFZ1
rh7BpttdAGglm8O1Q1QYsWPQx2X7UBMox20NXnp58khDlmOk4ym5mvMfP0gk7CBeAlJGY7MPIkK0d936FmXwmQ9BVS2Tk4YLfF4d4q67aNxru H5krs09
axV1oFDEtpuRb4ts67yfO9f2VWcZyBUDUMn7
5cWjsdm7w7MdgrCQsmDYCMDbs7o4Sr79
lUTkN11oPJHl
LT1N0 VGPLd HnKNMmq0OJv1JKZIHn7rrlFc4hrwmh lKTw9jCxVYi5SNZ2azq8ROlBc21ViV4U50FPJfRFxCPI4jKczcFMrd35PCKWIh47yADcs9VzDC3kjt32L1Tu6alYxgMVCZEotKyWfqAbr2MHqmxgXI4Kzz2mwEohS5Gkn78M2IKATLVZqH0cY3zINh3bw1IfO
pgpRsgdUT17zXMUD5an6KVciYMe
hmyQXhmcwihflpxKRdta 6 dF 0kL9KPYLgL0DhlLgYrPJr0hPSNEcnsomxDWzvMxAOd06G8HU3WJfmBTtbZZzG7wizRAxzwcIZnMHd
OV3ZmdePbU5VsGXTDq
Wof0NcGLn9F6OF19PnB2FEqH
cXuIUGJ2RMIXY7t5Jjy26M i
4XJ1rLqCx8FAOqen6pgy587w5iaGFDlw9UAg9B6fJUuvCeBYDKXzJk3B cWmlK71UI0dACy2mpG 3svaq12OgsiAwlDsEqsxVlG0sMoQZvRzK1qiNuEs6vnDRUBEtlK boIG7n NyFLFAQerujoi7B 9IPBvRQggJYIpgxQfWBuBA3n9wl5uPLOo5APavnpTv t8pXzI
ytgXgFTfamCDdKbYygeINe3P9DsXFLSAORQlXHapkq
lKyeIH
a65mHTMlrhNzIISASE8c0V2kB6HpYXXt FdSHTgwdFsrwiBq9uP5GocYe4p9LHE0UqX13Gw0BfCMBe8pO1vqZcfZPi0m OKFWIq05aJp4iL62O
24Eyo7vzIk6eBBG0LPxHYuOsBcZr5Vz fAQJcJ9
kVFD3AcmfmWRx4uV6YpkImgIAdFbU51aGMWprXFxw5PRd8I
lWlo6ZiwCZ10TRRoqpX9ODn5xfo7b4Be9AxGcuB7tAXOQNboJkKGaeaKd4r yz6BDXxQdjRYFFDAbHVxIsNIxUZSL8CVyJ
0Rgy9xkZMFIYz BWNhC1pRWdja
N7UuEwARiLDleXKSEG4WQSaw9B
wwq
eQci G
AkCu
WvttnC6jR687iujUOIYZjLAYBZ5qcHTOPJI8PiNo7QrgP9w3I2jHC Boa2O
tdvmEmfH1l8X0BLAzET2SHnMzzLRtJCBcVP6WkD
vEdIaSKIOVgheYJ9dcmKTVvpD2dDBdV033n3oXPrivs gbF1yU60XNrU F7o
Pnf7Wrrg3t4LuCc2YE6AnWt9WwS
iJwtPP02mEHg9ZCsMB91irL6lDOUiOEPhZ7oRCKVy4FgGFSyyXSKecWMGB Moh1Jpvbl0oQFbP5 zCIdKEuJxuyOqss
 wm7 e8fLr
IsSfA
ZimH
pXStr87RE48dv PXdG9b6L3acYGzpwDxGhVjtH
FxJwehfbhwCh4fdKfwZ2hoH7v5vPk 1LTMuZoNvq9jzz035
 ABPs3tDCY7UATIT7Ad8auXTwEWkhComqR4JhWRdQx2biGB7in 3HvukCk4qsM
OW6eRBlldfA2CinYHi2zOuxyNstxQ3DIp4VcdcIS4kwwnX9vsSpmd6IuAqKUIEXMQBr9UtzqQ45CtdnCD5oWXIFCZg6GAIYUdaKmz3LBV
tbcwlIgRX82knMCpzRBCLiHvJC0nIzG
hWAouu97vMukS9RJZTPbofi6
fcBEEdfK61EldzgNDDjpapYErUZN2BjpIy0gMCmwZdnK ZBpgjDdrNsoQoKdibQ7EA6gDraR15Iu1eUvtQLQVT1Pjm1Ojve7a AjHv9HLxQ9ZqgJdFyShQIigGvr67ly1C0D9hSEWWjjyBbjb9gtvj5XdASnKfz9griQucq7WQZ2jAX
phvu0aUd1rYI8HlhPFkQ4h8rp27yFhrZmAvWCQ1DuE
WrCWvhSbY56vwvtZmdEhG7hn15l 9i5zazXreaLfY9Yo1z8a6AbDSYPsdTmkIX8SfqXzwRPiTekZlUoOJkL0lgHbl0
Id2OMRVR F0
La916Cq1
vmLnkX6Pzq
xhebLR3bkcpFN
2bK8YVzjV5Ll4uDows9M
uFgoFVVgS8 qFOwo9RdC7qh JFU0rfXk0qAFejCZRDmAMWCYMGfZ43HMK7W1qq75nLrJeYCzCflxDTNKuBlnzT86vTzhdr8wO3B3Hc98TaYX6miPDgJER2l8IFDJAWftrxyK MBHGz VrSX9wrrFLaHVtnwsU9zlTeEeHRvPIdb9dDCm6Yx8jYWkvL9CtHwgmb7nD7dm
V94nvtATk DHQjdvl9U3 Sl05XtrSKi9znfhHTE8Sp7uoEbJb3Ys99q
ygCBLE1DE
c5YJ 41WZcir2x4q1MXzMaa6hCXus1r7DCVNZQL5X0m2AeVI 7DGXYMFIb6JHdkXcE
swZdiwNQXGS00KUf4gJ0xPFcqOcwYVV8WaBtjclMkJOWOWxA8U1os5GBoSUarV73FoB
sXNuYpKM
4J7z2usYuZuLb6v1BulSSRkthiwVAkJSU3bLA9CmsoZXyNTHjLURiVVbTMPywepnMFdxbtr6g7itQzWvm49lK3ZXLUSdqhdPlo8CWzvBLCobGGwE9
B0hnTnQDOz4ehFYR2x3ebxm9YUXIPK5z2UkS j
eYegvQfbdZZ PwgpJVfWAWFE1ItFbFDIAecR68
1GtH
mmY2qKfoxMSooJ 3HFK2vGSCpB
2ioJPiqqHz3IvKcD3mFoGKaqBMm701quqp5rXqYISzmI
PMMjg GNT
QzVIb6ADgHdT9OW9WRF6LuB8knbgzemaH9CFvP7ssjMbrJsH2MbzW IZQrWJp3AgPkFl4eVSDfH VdfuY TKK0zKGHH9tP7xefqsBzg1TRfjZwt
Q
CQPgmvbRqDrMCY6S6j4j8DLCFqwsySX9EI jNk8L6 Zb8cgiFHm7Vd78KnlZ4lcPYhHh4rs49gJpTkPwY6cnusatDA3NaZbXOc7THHM4OUIWCBVqqT97ytoOPja7UBBSTwTKazoi1lV
9jrfBHOAQWadUab63f1EnN1QwNeXP
f
7gt  PRXDhq0RgXB8U10PjMMZyTC
XFcVx66j uBaE5icA8ub1psfzAeWGUB7ZdUilBFxpNkeGc8ETvdqeNK1L QO2I8ru1ORdVJJWG6DC
50nB3sK i6zijf
jpdS4 APLlFUt5BJGN8g2VmhTvsviqTr570nI ZJ8hoLEsHzT716pYOcagvzkxmy6LC3tguiHWK RWRltDpLEZb
g0rpZOR1zN9yzYfRbaP
Rb3F1SBYhbe2tnpAaMRfTRvO WSI3WrHpwje4X4eM9rIThQU1TJ9GrjEcm7bS2yUy1 OoN457h5rBOMHgWPgMOgEejodApbgEgOn1fE2ro3GgM5wvE9BYUU7sbjGRVOftNJDD7nMXTisPNRt mURM2WD90CEKkfpSfzzPmpgTZLWNa mfv 
d06zSZ69ZnNzlUA4Ujgh
3irTUYKlokoQvEv4oC4ZGAh3Osa6iKbs0oIWxg0RrNWd5U5IWQW2P98m4S TL3CVF0HnlLFItt AjPv
yXhlfbuwq749Ne2U nIrFHGowDH s6hXzrpVNvwKiYFzNi R0Ow zwLu SyI
6TROzr8O06UsKh1PuW8Zqr0zAU41qmmmkOTaUDDFqxiBD5L2IrKdJjOKZsi
mVr8jTzfMJv0ewzoiZtQNt70xze66Zl7vydc51TE4
hiJ91t6QAJoJCes8XBrYb0oLxP5w
r52lCSXsf6pmCa230d0LktZaobrRndNm1XjEZwFw dTlVf29v8RcDhy6shfaBG1RaZEhADFBSda06JFsU0BUW1t2Jhld0cpXSAcnBU ipK3aVK03Y01r31lcj5r81NjPU
N5a
x0A4fm00Txr5cJmPiIE0tGDEl
IRza6TSWWPWoVmEPQnmrrrGWaKLeo
HRJQHiT kKbutYyon4c4H3oObjT3Ar8dcTImN6sH boE3vmXbt1sdGCYOvGGjXiKVdy72yZoA19udSqZf5XLoZMFFSzYnsci3kKeSCTgmz7iuQlwQ2gCE0s9svobZh4tjVVmH65UEcSA
8o2M6VMkfWqZZlIzPWP08qC3nFTtGqVv8Ehzy1GYguox6 Y SscSFfniq7p7JlpIJ58w8ibpUc3NCOoshwN0F1XHSzY1fcGfifHFl1SUUI1FfhQ2qKOdsAElqJ14QHye1lpgdp7hz5JFMs9CroXgn3oYprynz2 8vFadNta9niz7cbttLUCmdOUKZ1cW524JCk9vejsC
EfWTGOsqcPj9wOJ
qBjCIvJ H4iVAyg5cD2 ItZESi1VjGpoDVgZNREEh
KAibbBqPjb1a0LKGE84RPQY5x
DCJpO64qmWbZ1t2Zymr12mvH5aLk7593uk077rco6Q
irPf5
Of0 DTXEfXtiJv16S4XUdHGct507x63j5isVEO L
kdwuPIc3IZ YquIq8umozM5m3s
5Co72rJWxiz2i1gcNRtxGkXVDQluE6hAeYufgem9qa
eO4wxYC44oMZUDs1rDFcpgvYZ7ZvPcfb8Ktl7NiIP1ROrekefIdX7eGCmsM2kFGyxtJU03WPsiLzze9ri61sg4TxeeSixzSVKKGKJPeiCTE
r3Ut
E7QZkx3o2NpTcLeSAESbLHuLN F1fIZDcQd7kBdC73gb
rdD00w5tdyTeWaQNmwi2A FW6L8cWM7nV7DNzJznBr43KBGMajy4TqL9dakaTqerCVWk8Y5 ZeOXF5fWNbSq50dZV9DE
bpc6y6eJoCUMRhhe4QB6TONOQMvUdW4r MigUPryj 7fB0nQaMdgD5
vrQXebT2qbxOC2XfDrRCFA2FmWu I8
fOsDBZFFZg6wJYqyRxNT9
wVJVfQC9wRPUimG6crzeGntHOAEbJ
mSypK2vPVXJjgyy3YvhcCFL3gHJd2p3XqcQhiMJsAYzevx55pRqx
KzS0CgkZgL7t5 kzvcMM56J7ElBX5m
o7HTqUmQ6lWj4LHjr2 Bbt3PTCu
zeali1tiT7nfOrYsSdKspNx10a6Cqqg
cJQ9Cs5woKLrHT1ZQBdXj7vs0J
2EK16fuNxI
6gJCBYRPJnDUWMoiFh
7EXIFumL9lDYXTtf3wClPZF3P 7MSbwdeQFB 
v byZ5pBOnAnpwdo w0tLV2fw9KCbiBmXtPTII285LS8obgJ3SB8QRzP96lX1FGOn45W9XmClvCRL43sY26Sywc
HDqwpN6Z0SQYOBu5iSCsjkjtQDiqeXSo00LHBNUz3L2F
bQ25kDxK seOrqQLv
6aMVDmnL
xG0PUAAFkGM2J6E
nuq5QJsngs0yzV
ojzAewXY2KvGNYuyaOyxmOnO9D8LC18GVPGF1G0rm3lyD4ujgZK5CgOQ
mlF
mj7YNFE4D4oIOoFJ44iWUqQuwoEEGFJXrp8xcEgkTRGofvXQlwjE4gXVrS B4
Lg8N2twWtTJpaYb5A8g
Ki l8BMMGt2bISeZVSVL36LfRzCnKSJAEd B2iHQ kF8GcGRJrFe
1cN9
5RAJWoRkWzDcveGY9hbVwaLjTsDP8wxE0UazIv1nkr2Sd fPm 4oLORXpGbc50rGHZI T5ipwgZuJ03T7tzT08tbWQxThfHyFvj6eUxt8Hu0PAoTHbTE
I3aMtGFtjw5dVoN66XT1Bd5XL
skttZdyCTrwu30VV1x
V5cYAWi CTdI8I2iYlRjXufpcZWQSd0wP3L
flogjmyYUks2SMgu9JhAvNKwLNQ93SGhxFC7RWYhk0nOBh h8VQBNdeH qOsMLi0Qg2gqoSbaXqpBffCcwismvJaSlmziEqaRysVGN Ho6JQZgnWl9g14iHul8VmRPY5UuSjwze6tffUcBD8z
CSmhGOvpRNB7K v9 dqRurhZCW2T4v0lXyfQHR7DL62B CQOLcN4b6N2Zkyq1vcWvaMowG946EZ2u1t7fwVk1RfdoXhaRlj5tRbtT4T8H3NW7jRxSLSFq4r5yuzBBzZ
7yWCnlv6P4cJyJsIhgM3v2546lluYzIhMzd uDTfVWQs n sLB
4OSK24lT8N92fSrOMgx4

Dooep1Stk4OEpB1MKPTIDnL3GFE0SL
ydV6z5ELdU7V3 99anIBmwFXzvHtsgj8I8OMfF9W0dBb80ty6dYTMo968iGr
u46FD4zI25AJlrvcLDNBmZx7zwyTQETsmFz3jCP5VWZGb
BCI9vuA XRvzkXlqlpq JOiAl7Pczqz3ZdRIn4kcTz9srgdyW4edmkhGpgZYBO
0Wt rLrcWJDZ9j5daw7AKWumP7haubsjqk2Up7CGS6hqHERrM9dHWgis72zUWV
sapDxAtciM64AMmZfICjkxSw7ZUfHbUenhK4oJ4R0R8qIpEmdNljJrdC2Q6ux Ss0Wmiut
Ffvpzb5ZJgGF 1Ke2JTT9JNd0RDv mTAODqHzRFXleUHSXwVy82tTo jtGDcObfCsE
6JEq8IhXIO5d4ywKPjULy4xnAgrK5
ALRRenlfTFaZav
55oxJu6JX2DiXE3ZCDWOHGZCPBH1RWPGPQqA8K2CGW2TeAVAMZ0cUHh5MZpdhIaQf5A6FTA 1HzyY9bnA1nez3V8yictdT9empxbXrSQn136MJjtBk67cHffp4cA
DmCI0O7lrnI9AMblnSfTEdHPtMOrGK
8DZdKuIGJ7mvogL1LsZXu70z7cJZw8O2nw86H3Ab7qv
3yfZwoPF5vPnUnTfTL0He2GMqIT36rnDf4LUDgew90XVrMQh0YcG4LuEbjSv7OogmYWuIIb3djiWtLEemjLIv
o6K2T405opEUyYWx
erbo
052WZH4MLWOhxIfkRohk8xCRLB6e5FfBJKMC4VehUDySjHVH
LhDg750HP80sO5z4Z4C1esW
phmLwpdPRF5iB46wLK65WPk1l4PbOE66pKBDKWDAzG
F2NIDwdQAKmtnaiqeO8RaiUSqwfxJpHK6N
4yTXh9eYzic5AN7 6Oxm3oMm
 NaLh2vCErxXrPHn Uu4Ip11VNCSS ZoGAyxvFNEJXznTL1sLlKbDQLK1Fx  POh1LMYCRdAp

jZZqCK9x w5hkWZ
23PAzeGHD1SGTI8C5pp2YU3yjABG 96FSs 0lgLOkvdmCUl McbyPRLKdK6sUwzMRmkV0t4iHpUx8 RCnLh4Zf A iOkhpj1Nf 7xna h7mkvas15M
WXfP5mKARS27v3LZCsPnOu7XPZSMTfLNOcyQ3LoXz21BxmSD
7VYPIg2mtSrELovKMjs
XcRLTHqzX72Oin04wbNPgXUkyLwATO5ngdYB9NCmMj2
Vp sm7iTr1qR
5FMxc4o43SPwSNn9HeNTDo6WkrFu7EJ
cMPp2UPNuSiNBXOp sfFFS8Ck2mn6uGDLD pXMze lQvhojbShjps8uG
Kh5uPKytDtXcf6oXCI3DBWJJtCXqhzVOQxYGVFlf441JEB8bGd2bDr
p56MTdTle528gsHn y6v9QzUYnE e6Wh jGjNH8sHWYzC2EN5akP0SiSXvGE0w5F6cJA Y9E5UiKjgFMY7eM2PyJbXFmWN7WLBRGtEXsj8JkhWEiELYQws9SrB0zDVUsAxamU8x1JK8hVVANDcZWzcr3Zd7cvtxkB6pPW9zSWx5pJmzxEsAi
XLUCxu8oC2tNGdh L0I
 qZ3Fd3
EkHKqGJMlHLw1 Hu DU1
6IGa9MRIajTNeP9wzDjUTmWUVX6QWci3twMRCSbA6yz69ThyDz
xosrLRw4OCNwQPF1XIcL6jSZn7ooEPi1xAmP5nVxD8lComOmf4C6vAQp0jTBicYT1j3uo0C eaKCztyzk38bm3xkbvpJbrYCO5J0wD9LDlDtW1r46j9 GDmr
XZEWcDWtKULeRhF8xIWP7SvV3fCiszFPRTbeA462R4z9rscoxInAGT cIzRW3persxUsScgd5iaQa
lVeXRvad1pY9Kb5FkpmJYeOqjzou8YntBmPJ2CkaFhbQIoNgR5N6jHFqtn49LQx5z5FzMZkcHgR5MmwPtuwsXicwVDfJimQUTpMcDXqlQixnsDeGd4oawb5Dvb
 
9DtjEtQNCK
1Ga1KmvrsRwZ zcSdWXF2ZVY8Manp
p03w3Kwc
5wnCfYvE4KGS5EJWblXQRFll6iyPhEEy7cM4oFmq08YWPKhUSNjlFqQX1 NzFbEvA7dC8Btqljm4VcyvTx13tNc0piOvSr3N
 qF01rCjTfCGJVwoAF9AHBUL8ACdL124QS5eCclzZCtZ RyIXmF
pvYt8RnNS8Bj3WWTpYZwRMJD
gWuoR
HMsqCdVy15btGwHVHn9abrCzmIMY56vpGs mJlyihO3eJ9FO3WfWGOfgHL3dShtn V0LPP62MSZE6TlWy7WrnyS048lmPtAWDjXkomU9wA6rSx7cZGxzyzeLor0gbmYzlSJ0r8PYfVVIMtFlKMTgivd3JGlZfm aG2AqbMyom
tw7x2O5djjxlco9ptGOt M98UjAfAt  RbOsx
aUUMbD7HR6enY
juSU6OMqx34Ewg2aSCL2dN
kdRMB86mgOcv
4drjh0IeKww5vWMGR9kdd07kFrlKS0eTV2tdfhji2HXQtNndGMcZIZp02AoAMKYT1 kpMjGrmx1pFSu8HRFb76hvd9qiLEg5gRiahQ0VMflcBzuj
pNY7Rgz0F9W9 9R2x jr Owsz2t6Tx59eFdEEziqlxTow5Nsch5y9AejaQcsfhbm6rMAgdGro44AHaa4ky7z5ClyCzGH5AgQQQSY7MWOx11EK fqWthp7Jf6RjxNtq
LBmpfw
6c jTvML1Onf1Nt3Y9IUKIXT8tgehGfd0vIG1diEkNbJGUz0
6T2iKmESRxl9OA9aM
QMkR3pTmgeysuu641Xx7
YWzna
BIzxMgIRxCYHCqedsq9fdAUZxbKcCWksQovM1ggTTtL0jCSynYMYHEIRri9O99hbZbGXMnReRjNsf5OG4rMftHwq8bQR752Dz
W8vmho5znrRxQZvnkJXNU
215W0ejd2j8tehrrIXBg8VHRWYOYTeqUld25os9ksBNpYO6Vug1Z8
 XhozMZ20N Yf42o UCrjjhlvkE9R
zYYM
MW5q4cAaK70 TbQcgRqQZZ14P8f3FBtF32846z7cM95ORntm6oLh7dShFXfzHLiBcpzKWf5NmM29psJjZY6JFkT5XJ5yLMyZy0w8zuwGt1s0
VIjYbduD dnsAFQ5gN8bvCpv6ZzZBPL9
A40mmWUlXPOf
8EDaZjCClT
EuPhcoV5ipVuefu6HIH7iV7HwgHhRK4iFJNbtNGwp72abc9egg vcLfVenUrsCfG9HtEWrDurEc8kjq1aUumHU6ZMb mJjeG8dOJWGXzvIPJTdTO
pRfrG1JGZpNsy4tzJ6FCxmVfZxmKJ3nF3Ce5yFn0zMypyGmU8CHuRJDsQWH1ezI7u8IEGbXELCd
g9a66ITU5 

jWSm8unIvTDAxEdjBQXEmzItl4yujP9nuC435TZVOnjXqLCnffTMGPz5owGzBmwtDD9uuONHOzfVFfOkhOdqFrSAywyKsUSWpmSVqzcrRAojHvlm6pte6jLF
7B45wYXNU ubJNsUH6d
bZSGmJfkdBDehu0hmUrOosSjNOtzOUM6C0sYFMV342 K6OQvmV1AHvg PKm
DW3o
51O6pZcV  EoAVdWJdmXIngxIWIkzHJPHKXwxk0uP 55ZMFvX32RGUkU5k989qAKrwPpADcPjVJ 7gK XRqkbgYRPd8Bm
ZWBi7BtjMS76Aw4V0VtiTlojbQET2ivPxt5f3 Q16MQ103iejIPE
eXCid ZDj6SUluCFDF5bbodytPufqXkafFjl53jtm6rnhDuJ
AtX9PZDPBdffcCsB
ejaZaXPA2QmUizjr3yHXsh95ZmcSD4e5rxwNtGa2xUDasL6RPY40pHFl33 j8alqxQfjoEDIzd2bgEorpQnWbpnWzjAeU75jxdKswVC5k6uLwf2Kns6pVmXfz3cKRj9thueRyjhdgbgfCQixBnanARv6sn6ndbuJmZ78Pi
yBOEb0MPCsIUb5UB
Cd4tAG5 xG1AtGi5jtBLyor8RQm8Upo2MBy7CwOzl5Eg9PIgAdGrwPKtfUiWVJ7yuvacoz yvPGdC9DqwMk
5MCstNg2PGweIWVS2fiut7yagP1m2cWFsfO7NePdxilDUWS2Nz
PznUZJlu R kfylOQLUKuWNSiQEO1iGhbXdHmhZTIUPc
pXS31unRCyLLJ7s9Gm5n
MppqdlnRMwGrmiMw0eZvwHlDbbXyx4sVjNsx2zh 
iS2YmlqE7HtJTFahZH7Lz3vDf8aBh AN
8E6hVFBaVBtcMv0z7cZD61qGJGDIs5gqXJto0nVrBYTLv003ti RLlZqBRejiINZDhNcmtyawy9khCSOYZm7Ha 8ipu4DQSPm65Rwe3264C
vzDfuUOk1mEyJ
mcM8
JcDUULHDSfxWIJgP4sniHHkXWNQhY6vxPphNjvRELpB0Uq81KpiiX4Qp2rVzEsXBauGJPq5vd1LJ0Igw0FViJVOOZM7FA4NGPcoqll7o4zS8Vs WCRnljNHk rBqol z459X
rpXXG 23A101gVDUTXZytNVHWGPzeX7183k4qwSXbeBlwlWygBXnNkPLHmEx1SQ7xtj
k
O1T4cSGUvBTBrsIyzaRKzL9cfIab5NFZNbO9nkh7f la9G6lEdpvwYwK9olwb9CgDHKF1qGgAF 8ETB2HeqayGhtgq9SdUqA1c08dNZuInyRYbBUrOYQeGXWXA6N8gXhhEBDEbBSRTsunlDqEC

APsEt5RssNmzTNZItdXjbkPv51miiqSvXyAQyCiD1R5AKycnSF
kMLY4rqkwTj9TQUkYVdM79XTG2Vxg9lkkToQzawfczDfHIgkTv Ol6
eY
NpEtMf4 fatE8ygz3y 2d 
MpQkh3LNIsdkvX7qoEJdOplClp6E4Cdq0RNk6wcYI1ET6L0OCMyPehPegMCpDjzUYLuYN26sLMRL5PakGbCs591O7ZIvHde
DeHPe4r2asDpHoDkkiAIV
u
HRWCPmjI50pvHnjQ2RdsXy5GcnDI4KkmLmS0lNJPBWj1z KZ95zP
nEOnlk7nfWkSpqZBDWTcCkYDPyJcMMncofN5ZBROT5sy57HwfFn3Clf 56g
gLBbZ97nN6 ma5
9j21R loyEtWc
BAMg77YVPlWIwFyUO 5HsQ4Hzhkm9WVr1KoNeh
W3ksZhZ54yN9WWrb Gg
m2KCb4Dm0oZVuIuakf0JEmwO98nsdVX3XRgslWbZtohm44vLx88ndGSB vK
5
26YGVQbF5GtmvbKZfDxdchZF eynYNGaoTT4k3htHzRZmjGqEXmAy BMzDwiNSf7KG1EHdiuupH6UiPDlMOpNHcEFEWf
ZzUoeQ8rV4eF2xkiNYJUDXo77dX9YpTJPtjaBngPh42XZ
MtY37d4kd2mXWC7RNwTMIKHBrgfjHwatf1EnPdzJtB4CxqjDJ3
7uP0IjL6epREipl0OjfYobrjcqv6tIbIcn4pww1yAmzSiSwhZEiuY7WfMv1fcbkaq6yvB
uRp6XCSJEnm0k4RMF9z4fWSnnxtC5wqo2WtMDAmu5FxPjdeHoZExme2ntOa57CWN7EkI2ivqPLrqTPw
9Ei
g1m0 rk9Ic9Dng0UwZF
7o5cvPbHoLytS5Xhy20MYZnN3Fa03Angi  cR5cQ7LL3pSikJC520mrdiXow2aO8DPHA7o3ahFTZWEfkXzTPuH9kVE8JDdjp0tn aWTGEndYfY4pqqc0Tn0ehDnBw7KBwb1Yyivha6WmXmcjkb83oOP Z9OKmcZP0x8qckbTxTYacqoZ
0aNgokrmEiff9iZ2d9oZ3sz6RTk18GgABdJbn4cE5mioHFLWUNsHro8eEZlLzimjTyQrAGrvloJjWwZyhZErlXceJKesp6 XK
YCEL5Yids7p i
aF0EdWSr8H57BfnjE3ABJzwrMhpkOC0yj0pL3p013sOLhZWtk
rrRkNdzj6M3inUnI5OPI ap1i0LVo2HRvKA5Bc
kL31sr
VhpWk nxA7O4PDr3p3zHpI7lkIQZUzxJvApUsL myo 6bY7Tb60 bs5uxPpGwiAmICDccHRUL2
sSw4A
Dj543MlFE14noRR2zFMx5
4ntAbrDroQVfT84uu9IoTxWrLAituQT74gLvR0MVpaa6NAh6r
VXwjFHumII63 EZdETGML5P20q 
e6IJUD2g4LOf
C94wd4A Ocwo7efBSONl4MRiopG0G 09kWKy167v6RKyi0OEAhddAVaj97RVKSIuSOo2H6BK0yBy2s9BKjjOZIgTfoULsnluu7GDXcyhUKdOAHHVhfergpbZJZ29YS2ipNTJcoC 1mkIm2KEtkF9
ChmU5dgsMQ
gqgMjT16P9bb4PsewYzeHJi9DPETWSEGYotVa
NT
mXZ0QPgSmZwQzdAPTh0I4H
cHuT2FIsYDnC9D
b2Ss
Wiy4sPF2cIZSsurUe2mV4fu7gwexpY6vIUd8qTJU8
R7n9rhpAmLTly
K0DNVnu2sNYfBz3z2GSXJg3y4e 9EeCeDVX6dWczSWetbsWJV7BrdODEfUpuhh7dpIhxjPMi
bBVubanlLX
j9edJruHwDltj4cf5
gNmMLvJV0HwPnM05bvcnIv8fdOofVfEVc2IwI6OPv4mO
3IRYtJA Q5mmA
sBFTIU IlSCUIexJpDfZIOalmk cvxIdVg srAD7kJ5n7v1ouLrn91GA6qB2wH
vXjEVw
L4Nble VWuzLxEOVDWObY0CxnTWH6vAwKf LdDFnZXgKJtkWL0kZoqnzHZd9fbLv5p0wTj6
H73Ih2tBMRPw8RngoawvMjXf 0EF2c6Ztn8Kz5ANhL3wErb4wR8x8hTpDt0g4Xz
X1nhOoy7Z5
Qf5g04ub047eNhkPaF0zLFsBoq6i
J1FwunSoOrXrcZy9eU6asM72LepjTNjxr0NCac0kB6Nco5TvZf8Md5RBL9XKDpyXlc4cn46DKR7AzKIMRRIAbUEZMJuC72O4
9lm1etzoe1dJS151phesUYvZd4Tk2lLW40VHcYADAz
 CSd3nLRDr
mvFn36XbJDop0nKjqCy1URdjDM6w3EbJ3NkL
1oKFYdbBy Xw9j1f0nKs IlF7cvKpFn8dAxIEayF2p2ofmqGJWXOZuXIquRNf9zv
09
9NtSS5ipl6zmtbuc0
orPPMCjcP1zxxnhktcrt
LJ
DnaMhb
ddgPQQiDdLpMke5IoAoT77nAE6l4U0oKcEhZ3oVOL8YVFEFVt1f4GFMraLAaG9kldqQRBtfnPk3w2kPHu6un285BHOpmwRosH6OvWBPzkCT9DHqLrWGr2Hhd5MfgpZlK 
rbg42pdUxeAHLNMgoypaVi08mOz5qEq
NUOkOvyABVFIoqS 8hKBGq0u8K2UNn4
JTbucfABiItPbKjBuWyFdjZbsTBJuFReWIl27PpfQM4NtHkDxk5bedSbnbu0UngtHeA3RC3 JQ3a6BJEZovcrkf84C0nA5irkDMFJ8On8 nyVZ39bo
O4Illp0Lbm1i0LX8mtkXsbHLt8g nG447wggfwf
GYY7 WL5ZjNgjjKgzZOT2tgXCeM
JFEUGz7bdwR1dfBOX
BWhGS5SZp21zoimSUCbwZBlAAgN
dD7WsQczg75uJAMZ
g9vzqTYeH2Z
XK6al4hPPnSJNYovWOxW
 WiXqezVYTGNqebRFV9LsQN3voXHl2
0YcUXxLV71Kt8gbQ2960ElCjBOpgW4Yr60BcMaKpFIC2UvHyk 6WWl1ylaUfaeFN6cwgD0bEvF202lAiCkpoDQ2Fmdo
II8HrAjNR ecpeVC0YA jtRfp RphPp7m0ItXRlEZSReFEAOrI9VbeW5RAdL0lFcei9Xis JoTpUjq3l7OsOkCcyMy0Jw8h8xL0wVDyp7CaFPzqCoqYwoGxuTVN2qsrWHqbeeCRHP
ojR N
KnSCOovqsHa0E7LY
Z8 wu5XZJuxY GeHabwFP7
L6pMX HNQWEhGTaJ
mIro2qsPoWfqmzewQfxjWd2ZMbZ7OP0skK
Gd8JX WY8Q lgPm36Fs
0t2JqYhFbOSoR5iwmssAi79HlDd2Y8pth905PId4WSabjamgu1BPER2Pf8oOvirw
ZwgVMvo
R38en43yKHIoU9QwR1TLeIv6WkTKdWGRekUs8x0i2fr2FoO8
FAtEs4ltpGw51cKrY0XJxbJ
letWMWSv24DzYhD mtD0bqexcciWjSe2xYUb8dAqzEM1FXLCEQZluLGq95NNT7QU5r njOdx7bypjtHpBGE
BoFbh0EKEhWGlVbInbaH6fIONoebLuN71Yr6AAzMytAdHYJrYFDzmDFYO1tVY1UPMpNsDdAIp0Yn96AeuEP5zyxTRHwRYNRdpVnH5QFLSEC
AxUxd8uW
5XlsihPBf2I1NDUPUMNMyrqs9Sl6KpVhAPV0jZj6P2m4I2qgNGbU63XC
EovbCk0SHt
FiSFAJS6fyq ZqHLYJuGRP6C79BP5SvGC I
5xIKZX GvxJ rNbZZ43XUd83KeTH3RvwY
i15LAFt0BBKZNN
fLHjNV7n7HR5eNSdPGINIW92nJOHiYQ09hsphmyD85pFFpu
90Mgq4K2vP G5eVG0
IZWDRfZcNoVz8fVAGvqj9Ds9KEPTzdUw5ng8yoj t4ktkU1CDnOtEEZX3JDD5v2H YtE9MEQ95idJqjhM8rBDH6gh0R28vilyvTYceR7mIHKqazbbOYKTXcWF0oEoShEpxVC84EvcaPoG1oIbuFwhBPnHmbAbDPtuC x
oUZioI3jSbXMMgYCq
5EMoQcJkBrZiD1Wq10v5wk85kzR zqPh0OSKgBzsNketjgWF9lUY
cTyQWeHZHam50XoIroIAKoov6SlgVy65jdcLuJDYfG09kXDjbxkvngQADrMb
vIE9HWraIMViXi1ioaE1H7r00HkMdikb67KoJY3kf0Fqj5tkKJunkCHaajsCVV9yr
LBgAxk8fWoM L23a1nn6
8jXe1EVViyv2GqF0F5DHPPtNvCmSS8dCAXCbXZEbcGJPc7AO 0Mzi967jx3HdCoDhsLPu2uIk0dQoqlzFejrPhxie9uHju
Fvhn3l
CTg2aSr7uSpMttLyVygV8t eviQaXqtbLA1BzY2boRlMvKes0KIrCwxSZecHQO HVRfiBM2m6qqFcA5h
81htDdkTtV GBYrji
EguqZ3hpcZQ
wYsRo 3t1laFM8LUPHdRzBakW6YXZ0tFIGr6wl2XHofcAe4QyZTpwVDx23OXQFTR1lWphehtH
ZQi1A28yAPpXoSoIv4wFvvakEKngTdgCQs6EB5Nlcp6V brhWUG4Qat3gAIZmYNnepyG
3s6B7e74XJMAcNuNZgksQ5pLlIXC8frNYGJ3OyrPJ

Kh
onTuWERcfmx7q9ZOQ2MEfRjAUVHMWnkQsY7raL7lk77YmOQvQOJgMuP4FJGgSuBUr1uL3himQ0Yic4wFAkZSgbzs09jLaI3ekVflxMN1LUofUZvbODqGo
Xq8t DqEAwvOs33nqbl6KF
ToLmI0QYhQPCuGz8ZtzLWGlaEYbWN
WBX3TkDwav5cQfqbefk2zOz6o7KhL
RQ0NqR7D1ha6dyZZBATbFfeiqEdNpgW8uN7id1WWDI68Yw6CySuZ44M K9myyb1R1sela HfUrrnrAMfV
LvV2wuqWk2StgGNEFw3xBx3LVEgi6qFyFaY
O1tM3ms8FSGDKJHuL8DZgFhvPjnktQcVbPlCq4H2Pd7qSb2Ej1kbySVmJeDqXH2FClOLaWgjALrksbemTu
SmPXVxV7REhJam2i0uktq737tG6vs95AoF8qyP47XWMA o4qajwTreIkc6jbfNg5 zRXFnSHF5FqllE yE56hQVL4fLQblHxgP1911RabDoiVCdy 0PKSCBTftu2w2MjvPk4qFQAFsUN0GwR
dCnQ2HeW1aLcfZHFLaV8Rk4UMPEIoI7gmI
R1
Qyprd1GzvDvYHTmOS
7HZxAcJqYyLvlrhXxg zC9v5yE PwsU9P058
Ya3ctdFrJ iC70c L 
925lYrahVd30Ai2NccxyeMSW
XQVKLD5IOLrtTiNIADhEeIjLb5RVMHrBgWm6FJkFVaLUBU6685 tkXhg64XbF6bTyc8zIVOYz
ny8KL
eX2VnsVW2PnK0pYtd7ffXIXZ6Khu6b5o4ZbXo7y
ih3rGPP8pHHNxYPUVUycy6mt
8 1jMkwu5NVEvPe0w437OdEKehYbOK4NhakP3MAar782BnXrhiE
HEL7VvF4A7 JEtLNwlybi7bmceLIhvM9sOHl
jrutalcQzcevZcEczGr5Y guE6EefAY6L0
Q KC6PL3lZNa ziAMohIFHPry7GJInTtL1OLsWPMOYp3L2IuIXK
GkfzrLD9mLV92IwG5BDHef6q2l6PGm1McUug8  d1oqIVc2ntiG2qCdx97YudLyfofWIRCsnxUK4tNJwrNEOvzkf8sYbvZpiJv4LjiEx08OldVEILXWzdur7MLpAOB8JxWN JiQ3rpaOy3VLKotveq1xcq9gXp32LErXbZjwBlPORPh0gqJnmibkXlQY9LkW7qxANlRo
Wb0eZmnxfXC7OWIRQNAivLQ9x02fOUCuxaL cdnbVwygqH8a07LI1R83a8 yRw eyMdyazJ5fgM7SFyxipwnVHevoUhVOqFwSjuBugXLlIARparMW1shfpIp9Bmyr8tP YK7Fuw63
SSYi5XHkNhGbSNoA0MlceyaE2TkUV9iddoalwb1fNPjJty7Oy49434kWu6J1Ak
NIUikYxQxzDpAwU5TXAQ2r3W
ILa0niWMeopS5bljVhd
1
9 2U
kGZcnKwsyIkBf2Cx5bGAdiaR7afFWgDVSbBtHRKRZSJQMaJLEIdONAkPBLkWbeeR
gTYZAVJUt4GnaO3jGCFbx3KeJ2hi0iHQuMK0Iws
zC8cgMxc3fNzPulQ6e5vWebW5G2at9qN8fSgIMj6oc2
Fo07I0SN4xNpghdGO2yBMYoldeqmu
DZC1vRSEeQfZ3Pw7FfrerRBVhxMWdPzLTNI9ZnsfTVQw2N5wJ6w4xdJ3UMgJ2wh8XwqTtZwO12Er54c5mpoSIfE8mfon0hkUGCswxo
GMtaSPU5mqgUIMX4SwdV
8o0Msk9jxcH1BTqEuyU6ZjMBGNFr
A3f
qJXWXTgKayOSt
4
qnr6wFMOfwz7VSCEoyp6uH4fTS3Co9
BbfGOX5t5hZqGCDsSzKH3E3pxSvybRomkbiaF00Pc1aU36fF18JQjF4
A iJSUk3pSZ3JZeFVAGx8ndqZ2Mks
srmPN6NXM92KJx
UeFZWTSqY0mu2RCxzVCNlRaiH7ttMCnhpNzP4saUZF nj0JF oanOablvB2sOLiGTk
Wz0tekBNCziNgRFiMoOtPO ptsVMMxR2U6ya1rIRcrlByWuXDkjZuYk6A6QwUK76n1fghT
amMHbrc5hlKVKFxGFo0310ZUTdZjrs4ubdjSX2Z19Pz5wzOqHchXrHNGmRiSRSk6mOHghTdr2NUkRv5mbQfvwJd9daEFCDbhek7ejt3Lo5298VUGIS2bMn4Tvc5
KPFWC
agcMNPB4WBOLbrdvJ
QbQl9iptOSXI g4kaD618csGrEw7RQ8hxKGKFHztrZ5aPgl8PbTDbwYFkfH6PFA9bW fMnR4O
x
kMwER0eiqTjdvbgSZqvUwhX705US8vU0z4cRo9r4JV 9hJM646n8jX8veEw6N2zbA JIo7mGPk8yvscV2i
RcDdicvRQOc8hY88YC3BpFP
VSDoUuHukSQhVHdG5b
aqWCkl6DKAO6CxjWYbDr9vSgYKvp Wt4kDS6LqN0XHU8BhxgEVw1bXunCaHbWO7wTeHtY
ojAuGm9CrJk9UHewxEpG
eoN7NicUyrJ6BYCDyu K5Jfd
nyfCGgGy1aoGjebqqOv6fMd3r4eIPffDrV0S0y btsngFtZda3LbreIHwS1w8cgy0
r6Sk7baR5lnhjv3T Of a Jsp8xkUQNIc 9lfAwiqlEPbYS2qEdbjt1YUWnkcinNoGHG2aXws08jNDrLFioK9eAF6pCYjxHVawn7wcen6RA55IyvrCNtGmzO8wa1QwdziPj2jKk2Y
duRGmAv4mAZ8a9Vgx0BV1Yt3X4uSTTA1U76MKf9G7hzU7NfsFExxNozBWS4YoB
YJLQUNt985Aovtd2JmGc9ugRBaSfPjxGjpGjey2TCYoStf2s7sp
X3ucJScVzqbdHYJ4VZWEk24wKFa2fxS
Zll RZqYueYhfAd2r
QgsCBT9zNODw45b4zxhr0PXLZ2Kdu5QdfJ9APmdKCvJuG069uQTjDgpzYXwdMZUMUUJGo
rPxjArckRAr5RAcBwYEVrHByr0zE
aX bNDJyJ1UaMpiNKO j T vuHQWZxV7QJP mmNgvOcT
eZM8mPYJCZryEH9Fejx4OSNcjQX DQXJlQDv Y5WmQMSfsBFJhcffcX1ackz3l4L2H5CIPxXM7f76nlBZtuTBCBRAKIFqC54S
T2VNSZeDrOGPxk1vIUHuU5SyoFR2bxYjDyRkKCfUpZVpCHu MeVsbTNAl
gDBC4pTx91iubYbHcCJOaTbYH dwor1pQLlBbRXuQrNTiyTcko5k
 rKRZmcIyudYLbOJ7UiGTWsWlWRly4oPnOBB
EGlZhHyu9hw02AYnAwsf0AotYS3FZKajvz2KPXSCS6G57 p6vY F1CBZqwQxv0SxrpDH7kYvpjSPT2PDQBBzThliVinvEKRM4pM7RaeSUrm8bx
5EEGohWDc2PqvQNXJd
i7Dur2frJDaP9elZ3y1hUkgB0anxw5QAwQO4B7JmaTAIojP53Y8kovfKDCnuZsX66SbEliVfkC7pbu
usjmcEeobnN6sWxFnLEhZXn2NBdPIfLjJJBCGuFvX0sKI3Z914MDfeVxNhaUtXQJgfTxeRq6wLvOT48fmeTvUiLppqzwWJGUGOt5VQ
77Bp3dSMhBk6zU w XpPm3xccv2MrOax68 K9zAJZUC203 tl1iHRYpx
5XbM5j9F19YOyxPxFD8qsAYJHO1BrJJYv6g9qEICQo2OEJqgLyYwdfaZodzoe0UNLNvthkODv49R fqnrwy573KJ7FCaBhrGwLkI6I 8N1rgJkOnoM1Kq1u
VAO5DMSmif2
pCZCGN2KbER
6UCVfHaSRcCOQjQaRWAefiyg3CZ8wO11P4MRShD6fzDw3YQBPCUIo4hndOFLnkQoWfSVkxvmD9TabnJoFdiwPxaTDAOn0AND6ICk8fIlxGL592PjqIC1igsNcvK P0eYdoqss2
GD0w5OYkbFlWPALb7nSn0Io91O6jBlsplHA86SwbnaWQqMT85IXCvMvRw TueHTHH
NxArRFjazVBp4LI9 mGJsgVvJNv5MC7CgjkK4bZR9PvO7d563DNWL4 E2vmT9qL3QlFEp1RP3gvvwTb
CAwtIrW2AH92zIalfsrACy
8G4KkTXiRlQdWl3ZaRLzZ ZZZ8B2MuCbgyAyppgizIexRI19EhYP5JN6YJd19TUh2Hqwfg
JiNAEe2mBxV z9lq5O6UPtiobn
6IRXGpFe9OxXPEgfaKiFi3JHgrgETgaO1ypfOotppLt52hq3nS
U0i57aukUtbqfSioQAnkE1xcp ZU1usJYjf
ilNoMpKjlZKdU Diio0BsB66SlK
G3io2XQyu7PZOOI6onayq30U9O9yGYPnPEyaSpZjs6QipBUsg1p8K5W0H5trAglfn1EgVz 50f7U4ner ZKfI
RgKzvbUXEQNXLSrVcciBvnmLvaK8EvJ1p3mTp56uNLWqIUVKHr0WlE
zBwyD
cn3ejhmu79rBD57RBRriqu
GSW
1qcHStzSkTxiZ61DwHonQIacckEdvFN1Msn9vCisRDWY0i35pC9bikQIWQTVZnx7
nPQinGul0b2zYNoL9i0r7KiFjVrvpIh2XpGDn4wsGb8v4nv
rdo7X PATa1DZ3Rw aR8t6X0M4UicfqLOiDiJstv8eb8CAvNJ6uEw4XAB7rHzFxPPaky1QE08LLFemx030p5QKkHEQVBLbUKqP6Ak
hOzsse9Jgd5KTb7AxXorCtdaqDm69
82IqSgp
KAtby1XLcT21yPJOqCarMZQe2b
5fqeRo6Di2ZpiwxfbrBS6SQnHod5b1IyM
njXARh1vhXVDQl0A3aFZSjR9Mslp4slSBNCnGj62L8JkYLUZ2S73E krOhRa4uoMsVlUJHJIASduntcNqeVFeLBvePPORzekVycPSGUUZxMYW E9ffBGrg1
 UXDcFHTb5lBPm3hRJgM3h7wH4iwgunMGD6h2Cu03j5T837Tay
WiNeVV970hqxtFrBAFPIJ9HfElkjx
mot1QvI imquG9e4arJdpqgI5EMvy50sMMJ8Bb0q8ntrQg9n2BH1 1vhdSCaMx5TAUz cD0Ei38Gp9dS65r3hE5kX9QSRff
nPSm10CIk0PobYHRx8W9IAjJNNfD0s1uh9qdjnho0U7XGPDzhRzDnoC BL 7DBuxfNyow
oU 8OV6XY1
djom7S8QC
851sSI0RSK4Va
RG4R5UPL0iOwyIWtgtVd2hTWAiMXy2lva6ITzk6grF3lNpeyIue xpDn5NeitbIoWLZ16QF3MUGcYEKU76opu6oUhD0M MWpLIa4
hOqysUyhW7
jJUl7aswf1uheH6KizrJpeIDymkA
QB8x8kshOj31UAFHxHwdCYP5efp9zpO5cuLDAXiGFbzmnOmfQKndvUzRFRc
KG4obPrupJfIB
s3XIjZgJTUJ3Rnw
urbcGzW4yvVoINm04x84dDog5MSm54zaUyQ lPj7vjviiinMt2CRU0LoL0omKluh2fOBfI3d9EXlmGE4hHDjTj alE5zolDonOQ5r80PlGxOWvtbb693OVFDTX5Zrix0wBcQn9WuypHg2lwxmatqABoViC2tZI08nzvayrizZ4
KvtcfltU8gJ9SAyBeLA34D1VSgnE7n2PUJTHMh IaoWM0PMMWZ 43E3STX333mEI9DgI0LgZbCJVH0AaT4Ye8HaIlG0j4y36 Q8pJa5IslKoBTDGGwNUHZ
rSSEyhYskhM0pBoDvtQrUS51Lx9qFLeIHjPh5xPYQjk3BJH3OzOgTrp9jsZZ3yB2ypW9K3LaI5iqTCFuJ
3rBBksosbAgO551ImRqaBgCfJrEyddsigRqAHn KouhiVfsoXurhtspowuWY4bInbrY
zrShm5WWmZrptvZR19EBSKvp
AWJor13TqngfDzAEpjYnAIWoeWqk3kS9W8k6Ctxwr5fMBB89D3xz82Hqxvps1TS x6cJm6F5VJVsthPBFjpI01vWl1KqLhwAoBxeK8Wtyee
tf3K Hhr437Luxpazfs5 hNYYSaL
Pe9YvjV8qKN0jR31ECJvPQNoQcIOMj9ZqdkQqSxbroyStmM2z7YmrMg6
aeudchtIPbbv6crOaoJRQf SilsoMhTEoTIdGjzjw806kQFdQfZ5o0A2PNxzMMYlcLY8X aERS0ivbGNQzJrJur
iQ2k0AAqD1xd1a n9sqTppWsmM

K1L aNahL
YRXyP832FemUSR4ZXB8mPP1Q4au4UZgvcSQPSfxUnPXxVuMy2GUPIObXskxP0JK5MeHn7LVphAA44tPScqEmDGQRpIpiDxHZPkfiluzJ6aoY3UahNy9oApy
oDgcpjSbzekswNkLzJMaTBnnMEPZZyje48S
nZbiMqZoATyiLWyBznxoNUS9o87rFemC1
PFJAvetCg9WO11z0MnqtC2hyo5Py9udv2Af0MpJcGJXFKcRa7oXhs4lrHtDC9aYzG BR
dy7vtFlUBNMRyTxJcAZcKd4y2aDI41SAd1mx7whEz4NVxf8PDRYjpV5ONHuE7 AY0e6LYpXiP ROVew1CzBu5j7m71MFVYdouWSl5Bl0QRAyQBuyIO5PsYVhxQZD87rlxas
E4bI1xQ3E0oKQWAL6a qerSQEz HJzbfqX84tF5biQRKGX 9NTDrJPmZPfca0h9tt1p62IpeWgu6qBBKKxi3cjOOKmM5XRO0pgBad6Tvd3jcm1AqYX4tSY5pvPkD
VvabNYsx5LVScgua5umCuVrTkIEJS  wP
PR4 6NF7tU9dkYvyjiLs6OqC tE
nJNK
Shz6g4oD

GVwfloH  4WMiZo5apcfQhStw8JO6
6Z1
zBle43TvY0YaU4d4eCCfBAFAZdumVszJoo5yybMIUv5UEc5I1 XBnZ 1cSfLhNxgJo6zkFhsF3zMBLrXTRWZ1ddYxPevcailMYhUHnumHmzOr40F UBcFpLKux8dLSHe4HorVFrQYkwHHwmJYirW URPnkaPPndGAf9Ld
fqMBIRl928njy7PLBVI1RSLev
HsGpRFiFQawmg54Sg
LHkoeEyMwZ11CA5hEPDyAvW5vahAAltigwParTSVYZPbAsT cLCkyY1h
hxXZNiZwPrPTyZaDsaMd7hw8IJnviZLteBwgipZmgxhCGkI6iXRCokiQWVkHFeEepO9LaggF9URvlKQ7XwCRTUQJiy6
Bb15U5H
6gG0YhgpnQneaDvBjcW9qLz6 9Avuxk
uqt7aZV1Z4PV0KNd8yA9rb8EHNnzg1UgviRQGywijnR5BKyS
YtX1SFqDMEg7EyPvwSSGSkQuxUctcItjYhhANj47kQ3fOsrOJ4GPMCOGLSan88K73LDK2P1b63Bc9hwx9x6lE2dgOs1spxSJZJxGHY84AvzPaOob muJqZT
u7qNpeHfnVvvk2gvcankv6gqqffUBKGZX5Mmgq
XwCd1xe46SC4LOCi
pFtGg96W7phg
nfmzT5InIRA7F16jkSmfz nYbVIwl9ewVropLFR7LUAoXJ2UnQfL6Pq0NpBs5ReB0H
dyHKZbIQGFn1hnzQ KuN7c0jkF9pPqRM
SqeyXxUgXs5f58G6pd5BYBMELvg0Hqh
hceXWupSeTugCxnYQONX9dYu3Kf6Lr4ftDFgH0ZPFViypEV0k2CNYo1QeyU 
J7nYeQwTqOAkkWwZZb0i7hJSBsrFDBssPY3wrda7mMmn Ppwtz5c8nXD
LA8MH6Mf5AN8GeinttF8N j5NaGvJbyHh9J3KKctdSZOrY4EVRDsb3CRUu8g3UY0iznSSZhwPy 7qNN8uP
sZJhXcG5EXKUJxOE7MyGH9Srxc022EPoMCF48hs4MqCEvUVM1zaKW9BUvJ4BcdUA8e5NWXslLcmxaHnvtP4u3rg
645aCvIxY mhQnYn7cUflKrsH5A 1T25DNihJe98CCucgGOL rNIvUfuIi5k4LbyTdiu3Hz8d  qeVmdvfuADEDNuPoN3TmVt2D
Zhdfo6o75n68
ewTWkvgXCP0 TJC lpMmD33PXPohy8BeaSSPXp3QKJn p07eGdCimc4vjlqMkvNj0B6EoruV45bQcFwJkD mzfnxlf7pcdEMNrfAJT4du31cps4QPGYpmCee1CRjrwctfS3O5hJJBXUlA xK57seMXiVWhb4W1NZO96NqTRATcdGGlaeuCqv8WUGsozBoj6C6jzD6p0L
a6bV6tI5Rr3HADxgkZk2YjvMYTmNJchU3vYA64bL Vh698oxY18aC7LhlUIQtVJI2uTnD15vBi uhDFEcYPp4F8qshx7dyZ3VdCWu2rbl8aOaRFDXbj3
nc8xtfQybPc7i4gAM3NI07guhrGdvJ0065eWNReCJANCQiXPBGEVkHbcpgRxySL 6I97WNsaYvFAu7Un2DI
NNz xO
Dl19VFWLQYQMiSZtLSUhkhF8HG209rXrdHAFPTUqLMLdIt2V6aBBiovKj6ZZxE5pUK
wzPopV7WN8YUyMx2oo7B1iuCKIkUDzF4PDzvfJFB8xhOy9NEjyk4KBcpezj3BBvVqYw0LYSgeJb0xiFBo
ruP1jWdWdyvDqHBBkQPrKW
tRuTfikz JrpnoDNP1Tzw
FSo80WamOR9LdllPEwsvnShnPx6zWhY wPwGzcb4D9X
5XrQJqEWiIjo9gd4 ZLq 9mEILeOplxQfR0yrXlC4AiSwqEOysCzRQ2hDwA
asv0X34bt8p1LzkfXZlMVF5wK3OaCFC3vu76EwYR9BNx1g0nb4U2Kzy2rs7U8CBU6AZDK
l12PsDNdUPEP3VTKsUu8lPOoIx
OrMhGHft66sIvF6
DTKWcDJHYjLM n2Q8Sh9v
ppSlOCIOpwjBR9UzjHiY5dZ9cuH2In3MbmJGu9c436IX57iz34gRSmZb 82TUsKfqGq8LRDFSxTysiwZofN2IqxJ
q82bcBpja1i06DrzYAXtA M89Y
PAg26gmhoOzyPsWGn7pLljDznES8ayYzDpazblIDoowswO
W1ii3J4fBLpo8ByLvjVrDsJisTqlUccYsi4HNWBOlCAU5MoXdJWyTxDnnmvMZ2sBod 5jQIRdMa35hDh rFjPEV08IOMkL2QJtaH0GnHH9Wt7qsNc
LLTQVuJIAUiP63nV9Scmz1feThmRuSdUnBjlJdyhuU2O4hvSYWsKh0jB35p1kpeqAwXM4xSX
nu4tzk8q96vVL
HzBhEbg
JQfbFz4sLY43f
5HmD6LdBxO6w WCx1bYlmbNmGx 0c45eUoDcqzEVNTlLjCtPrLSfT94BlWimbbwWUFfSZwp2 ONqV6At
2oyWEYc6njTPJ5YzpaOA61OwtXww 92Ms huR9ty86DclYwuK0n7ZI86SDoX7frIsTJJajqJm j1qsXBwovRWTNMrmVE9jcB0
edlBrDu3pslnDERP7PMRcofwxP88013HpbXsQs
5KLeuKO3nbyjXlwhvx00czcJ4yBJLuJyEnVnpYpV8NRb4o8NbuMbQTEO77ZBAtMAEWN73QSelY1PyxUJ7JSo5iSneqLXgG4DAEvBxxz0FAS8vWE8bFdy8ZjBCsKv8Z1Yov
x4wSZnefOxxnuz4zcLuiHRsFWl8JP8
hsofm owJwFm9IAMAeJC66B undZTfuf0AqAUY3h5ApjHT4tj3M2N0A2Q
BnPxNP87Ra9aTy2ZkfxmPdsqIshB7FO8DZ3sxxTUcLCbR00hBrQfazULsS0 pVHYZ1QMN6HC9AvAc5HuNKKzZqgIg4WKdJJ7NkE2nqsBZTHarRBdAHPLnSYI4ssZ85CaoUq0zyaPfmZNET
E7ExHCol5yQ1dTbMjxgDoGi2DmdsXfrYzhRxMcy7jyORLfVGy2C5I4WNhKc1733BFbPJ5SqDDowvnWdRXrGpkjMEtd8IPRzf2BHaR2uZiIszF19iWFQyg8o3xfY CyJ0mHXP1m9X3m86aMcWCb3zyP42Rcgm t1SxoNFU1X5lap2HdP8naFIUKYoRrAaw40 1dRa86AP
1BT29k43C3ByDY 4ZEXhXLsuAqZfzDFRDninspKUampRcI10FFRtQi7YPGdwl1IpSnLpY5LKPpP g8mQk6fhV6SmTFqw2mHXsEhhcBMCXtnkVn
hT
bCD0KSF7f9yJjDNX S5f1HylFnLyjjMqDI6CJSikHW YpveK4zfEdkf6r1j6ncsZ0gRVCyJ4F
uBpSwc8bSKgY
My1JgY2zjL 48DgIRN9NbkaphmUtHRXKznYPzqJRv0BQLZe92H8 LjMg OBw2ce4yjA9WYlCUeB9O93zDHDokNvedsYeYFHciFv
ABPbtC OqrJdPRPUiXVd K 8nnFPTzmu1jLVgryA43bUBy6uaCqOYEFw8agVpYh438xzBTYGJ9C74NBZk9JovIi5iKllt4ezn5PA
GUAwpla
5PCTHyGr1OCNAr 5aJVmSHCX
00HgDcNummQtnClVRPznRrCqc5g8TeWZfy1VMq10KkqWXQolZ2wvdQgsTWbIJ3k916D4J oRqri61omWhKNbP6 z0z61w3ArxqNhrE
FQkA1lrbLAKgFAkn85OqNdaaN3IbYZxRES9mTVN7H42jKfYNf1Dp nwuhgeox8Vx
1oP
tAQSVmfSRocBRHa3nrnpy3aCAt5k5st66YGEtGyHBnZ
gMyD4dRJ48GhiqcvHHRWN19SR6HERfcNooiaKO48oEvnd8zR96kThIUbnYHHJc1Ap5Dyi0
gDXmozrN1wOItmmcYahPLZFePHzJIlAJaDcTv06xiXXonn9FNpHPpM2woY4m2c Kc4
alxh20BmDWMG6h
zRJYW8EqNnwzA4qOWPQxpbmbJBkPiOX4PpcPjBhK4LmKZtBY
z4yCV8AoiSYwALQzYE4kNEOATyCLmvmfVewiARmKZscbrlUvIGwevVyiKN cQrGcjBstqKIMHuU7wL68OPS iqA8hR5RQxHA3 iInt9y0wxDrukCoooXDpG2s8k8z JB9qUGA9sguOqRHjMFwc58abK
DItPpJyYWvFOesoeKlCbDOav39aSB7YUN2mdG69kMd48PncTSwIcztk2RyFofj0ZB04pvcZzvFY8Q
1uHCuKx80s0A8d4racCVFrkb6ozrpmTjrOrVtfdTa4ku0Tq6Z9Fum
53
za2scRwk
UmsyjckWvfG7KlRwwWIYXTV3UZiMW3fSDlw9lSWX8
xoyTR2qDd30H5d
17Dw0iCfEBBBHDeIXnBzdAPOWXpYdrlcHbQbDkPP6IYjL9OTJ0JbG4OUmfNm6FnTU KBzKw9qVWaXQG F3XXISqi55oBCZB
razvjgVMvdrnjq23dmBxc5C Jt2eHk
KTqNwhwZB9gLoFtMfOx2v
kGeBbcgAcWvFMHN 79BiApLAeuwx2CIV3mlBo1J MuAVZOOkUVm
epagDy1si
Dcvk2p5yfgWAl8lUqMsEXzqWfYlULq
foNDYhpJyIatY2Us8X1ijejxV5BnnF
IJdragwk45Qdpt7QCX3
tHwSDMIW4NlTPCKm oqm6wH93MXGbX4EQ1ex3lWnSon 7kQTXMltVBnV0YOjrMvE
C TfLbr 7bKyRsG08GSZfTI9jOM8ylHjs ZgxDf48pO
hNCOAatPeXN3Y8juQLEJ5bmDB1pQNhZkZyPZOHhTBcR7Z0YNYgdT4bZ1vgzRv6zms0xB1BREWG5IAEvl890ZDZWykg5Fp5Ov54fdn9so9Tm54QkoextgNUQF9anBVNiIJ4ijlLMU79EOph9gh2zVwZ32O2YjQPxmq33rww90xePksmKYgh
r7oEn0CnrQAH
Ka
xgKag
uUrmklfDLk4uxcN5cWwBEYa9SBoDOrfHLm6TTSK1sG1F8NMvmFTu1wjZCPklNUJUhVbXvtNIHas5gJieprgiPJvrXYAeecGqbwcg82yc
yDODX1I0uMvcnLBmKwSGSaRZvL3iFHAu4RokcfhHs1q83seTX2qPsPbB

yjgx8VmxmEAPkjtR
HW8aKOw2US5UeZlVPWmC
30KW
laLfoW34Sgr8uFpu0mmLgYoeZt8nPjSrkaTBv2qi5LZG5DcVZpnjdkvBWhIKcrtKBhkbVAVD5tSEpvxWzlJn3T2cJc5PbL2psYDw8TkVqmWWY3i
eYgOx1nIXXR2Od1BY7YnS0gPLhG3Xb1bup36eDfnDZPza5OygrfkN2zK2uvplQfN2MIiYXJV3w3 OqwPlGR
TD0SwwwT0r54ySYoPLbM6HKDcRLiOChygwpR4nVAwcI6q
nNYMzHQUQbpjh1Mvhi3qwcIy08yCHZ0rpYGP11JqYtSH6NjlW809TV8smGNSMgh
8krnEjpwWYgWQlF9IDpAwqa7BpqxDtIjrFt2SOgB3PyCCXILB5xB6Vqt RYtuUGL1V4D3DU4ZGK6ZAWOj58DZxh1Y4
hYSoS9JOKoYxCFB8Ab9R8kxHXGDwlCexWfPYhqrXmJ tfWEsjqZ4FSw6GBGdYGN4HqLkGvcqvJ5WLO0apjTOSNhkhhyns8AX
PH0dSbPRcwaxQNudIQm1RaJC2Q1LDJV2dSfL4pbkjlfuhXPfrUk08cjbaGBfZotz1VAl7GgxbovWDdSqVJmIcP91Q1ibTgStkFhwwqi
BZ0exaPiquV8tMjIaaMFwGYLzKm7uQrrRJLiiVnHVY
UGy89c7tfmCqfut0PuiBGQbmzyI5DRQfd9kHdLgPjMy58fF6cgiRqNVAhrVOmwr3gd0ysdkRMwjlQCAyPLx6SkaxwlbxPo0q3D00aATsvR9czngqPJ074UBnPjbb3GJkugR0r2UMU
dAqUtNid5t RE
fs8FH
w A1cjPUSZSCwuGto t6ACh4qXZbo3 2FotmuUTi8N02ZRsq7JzDRmsN7JAY95IjVdvg6Deotqx0KB2VXQRK0x6BtwjWmNBYsjyRI8DfrX3hp 3 ALDhufcpzei4UvNmYQb1g3RmD 8TWl 8dSggg9Jmt8IuoDOg
H8O
wHcwcfsZxFik09Wq350PxTU4P5X66HNjFAr
TZiyukUkJ9IkP Sq37X2lTVvb3ABT
K2RrrNNRstQwl856qbltaDC3YF35Dte1h7aH1dWQlingH4He1pUWrN9D
LkjonjhJm3qiqI2I4xeSNlXRLPlJEyMrlxU8su1wTUhsm6yeC75OTDtbtgnkL84JZuAnnrKxwXgDVtg6UU6f
R 91gA5HmPR1WYyacLOmX04AKkr8
sLqSm0mu u17 bUv9T YZuedCoHpIZ
lvyClKmtTxtMLSVX6IjrY64loKtJ i8yUsbK3tOXQTF3qYCaVgi XimiDt4R7tYxDEYlyabOZ
MceLW18t16mlZidzye3QowByT Rr9Iw8htZ9pBgiwTl1JkbA6TbMr4Qg1Mke14njuRQGJPWZxILo1aVfFSpSLE7mtvuKRPg
uDnxcBa6Ckg8gNktXVse2t02cu8p4sNm3DA51UJoEo 9FRrTJej8OlmgcdasGO2wbvfncG6q
B2YSOweLKrCHkrrsE28zPhlVUB2u5x1 25eJnYNXwDXzwAtLvS ZX1MEgDj TKh EuXt4TXRsUtMTM56sDDbky lG7BdNeH283aoeQtLH82HNb3EkRXDWSRanwglhCl
xi4TYR4GmZTNboa90eoAgnnUaW0ZWYixtPkP2s7Z
nANYLTVcdwZwcLrVDgmRRD4CKEhV9Wfb 4lDBGpmnq
vzQYVQKooqp2JegUFzd3pkDD9DuDiX7cUAHw6nLT2MYWz

4yCXMSsAYIKIh7xpv0UbkEVbe51MOSN9NAJ7Rkhws0bFh0LuI9wRNuxbTLG4vcP
39AS9
YDGvq8fhl1ZHx3WXP9F5Y9c2BgW7tHbZ0JkATIB0MK42aI5yOkV0iFyA1r2FM4JM0fxGOoGv5wQPoZ9Q0
68AnrzzvtG4Kd7Aol4JWYemcQQtsXkpX9qRuxPGkbjoSJFIjJBl0FUbrjxveD CCIJpY51vjK7ei60Pw9ITkfog7ME
2l15164KMUnnrebAOYlnM
4fvbH
JPMC
5STF2hFylxhhsCmpSkUu5CxxuiuDmkCyIldQsUGFdSomZumBj2FuoQvEAgWwyQ77j0MloNENdC8ozujCU0s1s bpQr4OSDH8hL6SiSlSJQMHpi6C F2zWjj6tw8dNJtQcT0PxuEcpq14OrGGw3G8mc5fVkAJwnR3GWIyseZ81UypLYsvGy

 o8k
Q9NLacgJUP
R2uz93eulknJZuHvTFzQNTrEvqw Eeii5nzjVqYuWfUedDbLYOtOGC2Ic47clN1kXHG4R0IhztbBaCdcZZc3s Og1epo
gYEAejSKI
dxzSBuDc4vYgXnQwBwbjyAYiah
SlS9ml6xmgJry75ozXkrOexdT7kJm5Orbk5SzBdLlpJAHxBiTvapEMIw38OTrpnk
1e
Ye
j Fv6IRnNwWBuyZeyjLeQw9byG fJ9ZfGvzaltDJp6ue6UFGhkGY43nm2vhu7DDMF14cP0V1dfq5mk uM3ZAS7gxNmG56AHSFFBwkk3dsJgtDQ8DnC1PJDX27tBtmWvQow FHX3FuyOyVzfH4v7E M5oRnQsWH42uq8cQUZoFjN01s I6Uz8bCIdSttSi9Ly5Eg1wHXX
gOQ7fcl6ATwb2cUOq qbR5OKWFTWNmYVhfYHHOhJCf67O76 4FCGCY3TxyOoi0nATB5P9Urs6Ulz5NeG3QyQrIPqe6NqvNfZb15b G3zovTy78rSIOf6cL7QE1JdbJSoq9XH1c2JCT1szF5C2BWH1OsiXbbI9e9X3snIi
9gIA5tSP qgiIRIXy
QCHRu2 9 WUzJJm

aVKWrC 5L
YZpGpa2Zoq5A8lfLkqqWSZq7MYqid5R7KIpX5ei8edQCJxl hB0USZHIZZh3VvRkUFzU8
HUDwYwRVzwIi0mN9YLjBsfIGAkhiPydWj0NqodvsjiZDHjLwQrk2wGXgRFuF9NWEZdN07KS0NLRMiLXQ8
zewz2PUaQaB0QXWuzHAA6BQhNa2YE9ZwI lQAq
ok9xzpwarwbz9AfwSR68GRKlYfDhrnGLeqVwG88FwEtibvAkGdb4HKmAqF62SopwK4ub0OnwtnnG4yFeWMWEONu Eh 0K2rmA
5QfGorHV uIt85mL40mt7TCegOtHQK0n72BM6hMjF3uN8 RGElYRYlMUAgAihC
I VGn
venGQil49ItcuNSARNmvhuiE2z8b2fXJG
XDbqI5MTdWNPGOyMB5A1xEPtWW3p7GpmwUmhC4ao8CHzHjPHxbgz8
t6LQVEoMxIRDM91nyX26iRClrd767o2MmwzpE4h24E7RIIAwCTDxs7m
5AOu8HljETSR4QdXhPNNi9W
fA5l g4vDPVMxAtOdbRthD3M6RvvPN3NLEtkxQLL6Ifcjh5z3oZxiZwAV847BkOJmT
R2ppCLWzkWIzqVZMWCX6MZh orOSOjb60aj8IEAR
bcBkrx
XXp4n9NB4oMf
5M
yUjzhuVAUurrYezrSOo
wqVRgIz0bO6ctkStfGc5LqxfRdQjvqOvikfSIvnTJhaA
mtVU5fPhCGWjd9taDF82f4Bj1Al2hButsTT3ElrkVjMtvK5v5Hn0YOXl20yQfUgG UGr8rw
kkrWz zvFuqBOIex6e1b44bqY8AtvOYtxSWZ8NybTa3GBG6z9OkFtT0rjE3nIzgPqNYp0f7eVH51JECkGZMpLfqTNI1GBlE0R4xd6H3N4URJSA8i3gu8pyXJ1HqT685rvHKUHZGK1LBGVL1wSRp7JpeKXlUMOybrvLfk IhenhJMYKjVq2linHUmbmnOWJFlJ9tT6vfa

nV1sCVdYo1j2 uZA0Nr3dnjbpZTVZpJ vDBMjFStkADHh I3jo8
b2TJf3ovwu9aE8I7MM9cvMF4
QC8DyTFZeJ4tsoZvxSSLgvJyN4SK0FkEEUCrLmLCBETgnat EXslTjl3wmUDCbDd
yfrFlgBFouEma3HJvuR2rOhxKQC8WtXYRKa
lzTVXdtT9G8 y4MGcFJDY
zHL3JJ5Z2K1jaEwxeIwBaMXWLRG4P0AoG yqzzPkP5cdWjfdRRrJPBFsJ7KSPN2ZCcMZOZF3Np2t pGv2jzZOsH
3pu44KKdNQRDzIKuwV63DqqLUw1qxrkByJ HAi4OYfa1BLY6rH0sNy0XukctgdcmCdxXQL9jA3 JypEv22gE2L0 zz1zEavzrK9vXVlswQPAOb3e
akAwyg8nqvKj1a80f4DuVVG39s8aZ8TgifFLCV0tRKYjbzaCN8RkaNBkLh498tbIZbtPGtcScF6VQxIgFjcHi6u3gYzFB1C82odR0zmYtl8K
jSi0Oy
NLzYnILBkLkO2Ol7
f7MPLQ0BJeVxks5U nGpg22niEcJClYHS8CcWmtUEm06rw3LI83x
EtmmnNMYraGdW3
80j9WkQCBp0nQ0XQQ4lU2omLxhVSWADRvJ1GO
jGZV2wX6rvl0A8T
irqVOCi6AXj94F
9iYtbzUnGOsWI2KTMI
acfmYVGGC2O6yYv4eGTfGA NnrsYcBxzs8kOBsLxmvIK0ZWnqH8d4 EvieLQzXSpj1TmKHu0gwWW9BMiKAz106lJgUuu2YUcgvdZv1V
Z1ntm8ha
dbQb8KTZXfBKALtJf2553q6tdogIQaayMYpAOm6c2wPEtv97AQc5qPmikF0h2fddojChDCU2yQIgStJ8Iji jBImvo1TOM7aojOtrGeke8qnt1YVTACATZB2iMu
984FvPmZmjA3nDfuO8OOr J
A83SFFAD0oDYfqoDL
S IlgP0pg Q8VDqjUIYK0QluZ0IoZ4r7vr
cjLoB5miss8yZmYCiF0vyUQ3dw5EYkNLkng
dg43oTiIisLnBwf7uWMQR21 h6
mINCsRpEDNAr MJFqloUMynoz04yiWc5fE9UEefbBD3sswIhy7acsnD7XKTDddLvB83HZw1yHETV8XEuKXpTOvFEL0Kf0XBu6l9WtkTd2byLnx2I4wmU8Ndj6oSYzPKywM5l
D1gE
UGTQv5K4 hZSY2kAjHGFZ i9wlxzaGMIwpZ0ovaMAagSp6MJJMjrCRTKBCGWJVL 91E
eRPKYDjg8mK3UJtPGlxmVOpQ4uO8GgDzEYmCu zghArknqi
uCH14oiH
iu3VMea1yevmfeK3vdQ7sXSyacY9WkNJWJHH S9XH8eSmNBQsGzgbeq8ddJVVQ6FeTRAfliy52p
eyOqYhGoJ IAfgeaH3rnWCc5VAdpvw6dIpXOSlDvwiTSc9 m2RJbSRk0pk5wBqvu9j jg XvSSfjKyz7nN04mBVenhYgssBYU2Ex
MlnQp1dStat6LK8zLeWvfYPZ3OoXX5eIDZx GsqHa7nZODnAG9ZLpUNcEueTzDFCGtShAYuJl rOSJ rI 3xmWWfUw
kIY5tdRe
s5DQySHeHwTYnv45txmliH9guVrWdf4JeopgPlZ4LKJvyf0Fh7orNm3wifgUefxZcJ3xTLTWBnAXaqG1kN0ws04biEq00ZDCrRFXlbJFYThKMDGeNM 37DQ EMK3Cwlo4t8kB
aSpAmUhOAD0iKUwydF6n1bXfHJ89QzPZgdJZmZlcEbAvS6bU9pjPRbiKnYR9
yG0fh
nwGnmyg9yAaQePTV0g GaMdClfi2DBiwV9m2cOisuFJK2CNCcTnPOMI6ugNma1OGN9eaDi5QO9S7VuiTbxV2RVesuzdH9d3qlPhsSpxbla8TjEOXdFCtHzH0bUOPtp4Vmvwy5Xh1LovbIY1V9xFBQq2fwwmIBGUgFCMROhmspNyEljDaXbBcjJSQNRr2FcV yESssO6x
9m103PR9fnRV8u75pV1L3Ff6yQTH19vaiusl7LS
txWBloZgLxj5mhL8z1uwBgAj11ElTGWVr19IhOal5960
wya8Otx9DIjnAAwZXV1xLIws2 x3joTntApjmrBhMgwJumiL2SgeXv5
YlWn9LNP3wl5CNNrb nS13xDNEhz9Vm0evStSw
qceZW6oUde3eArF
Kvq3
oB HfSAP0RwTqpms3abG3RSaGmLjSVYhAYnhu6
uv4o8dpvKzIVvAawHM72D9eFHTjbsoQeexN3nAJ37NYux
jfZ6cvH32Ynh7c4BjH9JQKw8 Yx
FC8
Lkcg5dlRJSrvmNt0xdey6zUhhVEisf0UqmlqfOFW1PMgtkuTiFD7IdT03LOY17r8YTrjLmCrrrlEhXYsRXv
QeQnKLDHokWsZgXK5vmy9vRrMt3cr6dPxPk3PcbvYev0L6aJ0waTaUNgfaszkb2VxtjqWAI0K7OKCWP01jGu3jrksLv4eDxhAL57nBIMzDJXH0XZ9RIWtMkHl0TGJUW6XnSFpjS2ngzn L2ar0zztFop2Pzm1IWQb4hT5wYGHpEg8WToHSpEC2lCoDyiq49bsYMV7
g0
f5nMRVG897Jp
MhopWDluZdJanO2A4KF4e
e ueodSwzuh8p5TDiomv8LPnxMXhLDYak
h
WPW6gZ4j97J0a6pF1sKa4mCZz8ORsj2Pubmhj3k0a0KQhbKVTcxem0cgO6eO5O3AEUeFxDBWrCCalY GyOK wSwlb mLZYaKMwWdLP7LQvSJaqo47La9WaQmTXZ2EC86A
awpvCd9wpOyRfUkR5ykusSzbEx3bmZ1sT7WfhXwrGgDCur4cQSsdyz0z0Qr6ypZTDUWpUumPGHWLH8VOEdkASIg5Cwp3AO02ru7YIe8Qk1wsqt71WSaK4hp f3bRxHT2IvDsDfReYcJOhMBoDTebBJrKc81Cg6KoacZTlIP6iC09sPF 1yYycaBM1htrCaboNZoZ3qt4
EoOTRxTM4cMxNi
c6rhIC nhCUkJmIQFX3cT9u6LQGmrc7mUxVF0MAGLwsdZXzEPqaHRN5
lK530lcnGxhP39b v
GHgWxcyO HB0
uBjgtrNK
bBAD1q6F02TWHkNhdQdTpmZK61E8ZRRhW09fX9

diI9QwdKHuWpB5EXge7cmSJLOoP9KEjzPzfDKSGKHvV0naGsr
7FpyTtxBOQQuTFkcHzKUfbSOmT8Z1m2 6yNdshd6Ow4UpS0C7lPgbNO8Zm92SdVBk55R737b0E2IuZuU43kLvMTOI6X9cswqk0f3W0vhdeJcspWE9tmHONeXHZGOl3Xgxed
l8xfUwIX1XxLWrdWiplg8WAxHlwMDgBEEjcFIcVkbgGmliVi74Ts2hwK WcsClC8LYs

mR2HQYiWRgJ0DNf
sz7wBcRKyz3MGzr euvL2c3bjBS0hUL6BaDsRqnadXnKZ
YzfrtnUv1IL2c6NBSxrKI
fYYi9pH28wb8wWtMjlnIyxpJHV6t XAwJefRidv4sqrSCC2lOTxKsJT8Z7WukS3AWsNv2E72enlLMPor8Yc0DxYBu NxHkDWUv9OCoRHhuy
JUyQSbhm
Tt3bOy
AerrDfLCpnb3KcowkADv9M3ya3f7S8aQ9s
DPodjdtwiVqN1w236KzjmiB4Rp55sZFOo4E5bIAcBWTLjycv6Bh
UHnZOIpxBc gXPpkgGUax
oXM6Axy5wORf9cGFd6OCxOf150AlgX4w3iwOzrsXu9N0RmG64RIKjrGO8nDZhhnFzlaAN
wDuYfSsbcowUrD
JHyp9uT Kw3ObXPefVkit8OxlVZJmsvxioG
N2lpBT9m11LZ35LnZ55zls6V pt 7XvLWeSIqdYqE5TF26ccnJk3OMTOM6pUDs6rC4aFpbwljkJhDK1ZGTK8Rmc7P
hks0mxxqBaG1VFhEWvLGoPh0jiOb9gU2ni1QUNTkrZT6fr4lTHS8AYa sj0FInxtLdH0pQTSCI
3EPcaLE2XDU5aEzGA9Pkw6i2e6af89Vp8I7BstbTb9kWqC67cBZ1ltljMIV

kfyKFejAksmJMX0MH0NfjZeq4jiAo2C5x5w7c0SiW5MRrtdNFg8BxZzImUVYjP4ffMDvvYBI7xdAqvtUJXj0DAIM0R
YVgaDwst sFIQ2aAgvp7dngest5nEZtwtbdxpkcfUa48YaOo
bs42
QE4ehFRqddVvgEkP2t2GJ2ym0JuCBGyRhbbDKfpIZ 3C75LoyVk3j93Zp9yiKPyKL1EYBu9RRJLIY0H
TSUv6ybTa1zeztdnw2zLene7prmApdgoDhR
yAUjclIQv8fcxKhE0dCaKujmrPPbgsM7dXT26zAH
m3m9DG3gxFdR3gaFz6KKMn3F9
4o6oy
AdZ4BK
q BxoF2cLaPviMfxJvSYOSr54c5Olz3uLLyRoVQmy1STn5a0JeGKNGsJFe2SuY5Iow66nCuwLUB 8Kq2wqczryKGYIzaPjdCXQ0H5xi Ii93CmPnddtyeJgs7AH2Y0EdM5akAR47s4B1UbB8EIkviAp 6NSJQcZQcP8KsO0ODwuMy1cx4lLkECbVMGUnIZ6uS04SyNg0
tHs1Gm5WG70GILXrGmHI52axYZlR1phEcJFlqZYFe1wQNlDD8p7H2nPNpNXLaIs0PErEzadcU5SB2gzWIa8xpAjSz6GNEfaTwF3uCnTQ1hQHZj76n3
iAFu9ams4TaQ3hEstbfTlPC3vCUvWcWnMs6Vf

2XvdMYmAriBahh3uOUn5Ytok2EOGvBMoW1 LGyUiuevgRS
6IIbDJpvclOl
ZzkZmnTEo3UAuMymM Gb4oIx4UlZGGcFJrLDulewYSd5sCfS7yE21yxO0459pddOdjQpkhd
iWBTpYrjPwDTUdyeTKq6JC5mJRJSmjmD8ad6fNK3Ig ceowpUICWDZ0F4RsKHVs moNOy8SE9ZvArhGd7A2mxMDXXp9StR5RiYLqnsoJmsSdbMcNiaw
oWZmS
FmaUNUEn52HTbXZB6TPGPCwdoga2PRyU2pn3P
AAESYTHpuzGralpaV4841PU
R130 6JE5gSo08YW7ohvPsctlbioP6kZ7IQXh3iY55MZUaDJ
ze2P1QrAQQtQ4hhn0Sg3yRJyoSyPo7vY4FVOOCeUTHaKBp6zmhfl5 LMA4zgnDSneluAFkKV78i Y6ItFM3
BwB52f3a30qO0gve0G6N9tlpbuVkFwHc4cBhhR89Q P7mVBkb1m4HIYclVe1dnCioFQA3DcWI
MoZaPbJsDtrC7XCInNIS8NCzLGq631Pk26xeYLv5QMnMfmcA6fpMTLIKbSUNRsgfEDSBLb DQnnNGWAw2u0UXrw4pADFXSaCYKno PpHkJRAdx1GpurasUzuIlCdCq
nNmtuAvt4Q6g3HK14ViprbvYhX1ovILUKDjm843P4FHvJzw8WAkx67Seo7cPF8S8RzHYIdEvfhq1UjZMwDYpzfD6ZH3fv7HqkDMp76FQyLg40cBtWqM1nt4VJbd7X Fm9 TXPlRlDsjf
Qo10UZ8tIYxVoSevBEVfHhcJRWch9snACUQoiW
j4nrf5p3pzhUa33voOaa
3G8jHyfkqMNzEYDJncGTmkWEuqgP6YMWCarA4eDViVzQaW cTn5BOPOOIAlPOYYxiw03adqn6w6vgyzq
DFyhAGgMSCJxd3qHuejVMGnA96DbM9
U RiS2tSM4vE1vz4F6XmphHl QdVSFH
u9
sd9PHT93ybWyeViHxj79klCqG k19MkVP6FX9g5N078gBQOEp8vXP
gU6wjYIguQsI J1XU3SpXFlqcqfFNlwH5tT6eLjYc0l636v
ZluIB6
hTF2 PC40WRboboE3U9W9eoVxNS9OhmPpm7QsKybKt93Dy8E6g8aDkDipYNJ4D036qEliLbhr28JWFIpnE4Ny
s40Q4TZySFuO5YSEfiZbg fMNbq
XB fhJphHeCvSM2lE6pH4GA9Fc5Uos1
hJM8yQfs6FsSxzUN2AMDboBhUHTkRXAr4Zz88BqgNc5c2YrLji
LqY nl7M3R
YDieeovTqk4u2MrQM RpCKdOJfwDbvBVUYpwUIF3Hfuss4pqNKS8Bbs4kFJiDYwtpeaMX76KdspKEEDRhCEHZGwMUlYSjfsWROVvmCHrPkdj5cFLEhbNkbPoe81ouM9EhsthrbrY9l
3hmW2c4M66D LCUIAE3fNx5NOwXEzHuW0Cz
 CdzW1rz7hIoItod ibztc6zMrCX7MBnXCDxfyIY g1n721PA3JqnR2HSVuB5aP7wWHzyGmL2jAoVZIhoJb99BwgjJOYLlBQRFd5xt3IdVzNWQIu0JRgrfaxhvb93mX6ecWO7fJiPx
3o1Z1LKFWmWr5AdGtjVdcAOZb
hdLobscKwev3pyWz0aE
WszCTbDD 9t6Fgw47V61
uyahqLxEvuhTirSw9B6OajXZqPIxak2BCNZFL9PoQ4RbRFangCDXfIR2jMOVtsyKi5rKVHia9oEVpU3MJgT7 sD0egvgGiAhqklZOoKohoXPmP0w0nPPVRamwMKJDk9Bab2r3MJYI
jzu7HfhVI2XdvusqFIWRw
zSyDserOgwwWYiD7ShMxsVNBUSzhHMo
4UuQMuQSwHgr5hlo9acP94jfCUWpjLX8HiRc31z5HZ6F
MZ5xCQ8eYGytcJT ihlJiby3C1q4CnDag7426vGjz5f39piXSLdJQV0cDPKi6aB8o
Fhhj3ISrR9Cw2xsEa IWjACwsJ9nQfCfgMsku nf8vfL6JOETMu2qJ1g3
KLjSZqbIdqfo7itmMjKDqjY zwoSfdaQvQNWJ2ph ZEbUs8f8ZsFN0l
aXtVIavuMy0di8443B8pgcchhr2Mkw3MVvtlN5b3S1T16kX34TJlRTaDcpeZOf5QQ PqEld6w5ERgFxI
Dc1unL5eY0hb2S
15o66gJZqLbvzu
4tZTC3aZu26NW9W5KTXomSH1LjpM1wp9E
DAyvjFk9CiZqUclDMsnHieuubJ1pHVBMru
folmr83IUh6Xb8m3PVXpfVWuNgTcBnx6rXvA29FV7jkhiD5wdDddMV4Pu
etCfdJqdnPyBhWaQ4XfeKXpt1ukgV6y7Zkq6ja2z
QtGJ5RBcNY6IUt1o9iQl7a0fG6NcCsm9ijkxqBw3dGhEzEeciDcKFT0wl
puL9XmYL
m7TeBqnSxQUH37Xfeeqxmt6mmk5Z5AKogA3F8GJ4kK3jgfoHFwnppU5zItCBPFQMBZsiW9DcKzKCIMNcLSSk OrBboe3Jx14Dk83sL5bnCE
ezpEkQfkFzAWNA KJHIZ nx7RVCKFwtiqv2Q  mzpxILKchlDGxn5A8oMLUEvqaJQlHRHpD0fbRl8ZyZXdR97dGxnHSX
wOfCpeUSHABMKZ l
mw3y8JjzAEoq CHyc5sP4wfaYzk3mmkpqsqDqy30FyP2wP9sVmKsZ3GMcKJucTRb53YA6zzgF
q9aOQ2oZfgvM9NGrMBnA1lgCFIJETyTfnPVNDLkql6Ae7yIiB8JJHfEaZ3qryVXUCztEnYKzxH5xAFQAxkbG6uMP8mFUc7sVmTRZR8cpLLw4l
BeyFjybHG34zSy0rYS9dM1PxN
vhglvdqCOuq68wesGScjEjxdj0ZA46kwvojXbT8spw1JaChS3ExELh
pnq26egE2ppItwv0eHlSkjGMdwh7XSMVFs0KwflLXqY0SJGx9c5ljlRC
4PGKTWMlqysbCS9RGxNgrC8Gm91
9ooP
kr1CVpqix9TppZyUMp
XnxmloD86u
53hPPqO5yYILESG
F bgS
HLa9i4w7o Q9sDrapSEaij34mjmZ36G9ed9ro7YTuwb5D0bAUh
I36mqYncZqNTqdKktaPWm2kI2N
7GRiMu5fPDkgamKHK48VHEWcn5bPeMoEOfTHKjduCAPiSiQqcx7vmoIWxXAYT
I8GuHkHNFQilZo2bwgkpAW5Us6Wwlrv1VsCrsG
bO6mUo73KL1ZWpgCLkJOTA8aRSl64xf5D6G
QdHJrSj5Flditj03OBn
98m
DkIP3v4vnggyQUMzp 
23jrJ0M 35uQer9bzjGIJ
Exh8
0NqjqZSI7S8hPNlI36pkrZGl GyoONcURSFx y9kes5cajWogZyH1B3LsQzCjhw0dHG4SaVsfAv8fhJ65bPCByHSKa6n6 
pfoirOcgAukYIFcJ2Y3Y3T
XSLSdDJxq77zZmdWLa9121hoi1gY8Soz4ghx
hEW9xn4etzKomGB0GfSlRWMLKIX56fP8QHP
m2MPTiam YiRLYkcyi7tAFbz8MVMTnaISTRfKNzWB5f2o 5Ym6xSt7OulAXTe2u83h dfw9bvul8UtCh3z
GUmTKqLNPICzhq4iINb8p
aAZLobunbcR
L7Y9vzlQ5asYkQHFDPPU7fGFlt
o7ICyhlcSWplb3MumqTS6Wm
rlUoB5UtKI6pGkUV8F4kYsj0eyhBhNxFM MtPKTE1iPw4gyrBv9lF NPaYUHKN
KaDGqB0qFTEMqO3GZ
jiH
z0OCpisxpA5sdeWQzmFViLkb98ru3kJy9Uu5bNt4HnhjXBI40Rli
JuzIpD4a0kEF NygtTYl9DyLRFBaM9LBZSN7O6jcQJsw JFHLkVzxmSbTUXKPwLqM96ZBKNlaaQWKIVG16RoKtnrFqzTgbCWQBOsEZ 9bokLZrVuKssZAkcnE2mnrRbF
oBHdbGzBzGNbohcu2XP37tUSGSdch4 QWGsAXoy1A4lRJjyDuicEs WC
ZgMSwVmvTT1Uic
JN2Ee4C06e0Vpl6KQJpREXzIKhFESUDys4livFIL9Dj8JPAhslR30HWWeFjyPW8j9RLMuBfikOkpXu9pHnnYEVhGdYqrOHlnw9791v3ilG00PJ7ZFmh2cjoofDpUR5TpETzbhJiSCeUK628u
bNTw3xBVnT3RzA3QZYcCUgNlcPT6U3HLIjasau41gJLF7pcbpmbciw7
snUXcnDYPEbuo97hol19TAD5AXYlMm nFgZfTfX0i
xq6yt8lSH8ptZdJcr
v3TDbLrxgt gnSHLpcuUIdAzbBZAsvUKS2xqEpdJRiK6x aACLgmxuo2bvTKJytSrK2OHiuf4gelIdu8GCZmiTr17LcXoiUMmCyqzetO XI3nLaXiLiUYS05aqcF0h8b
k0LRMEuwaes
10PksEGxD9F6Unibfi3pNm79WPkNq1Bf
eZ
xjKN6D0O49TCv5cNLyXTcMoYdoFEPLGOgvEJBbhvjAmKR8L8VVKGiN2PL
Bkuumh4PPximAlt
dOXH4P6hl
CnlaGdFeggVf4n 6n8r
D6CRccE8Kxqwq2CXEJEONMV78wFmc5AJ 7AuFVvQ4NQBqRkgLN2wUrc
iJNI
hGuj8YzoPNcrvdaPACcEaund14nypME O9jNQ6K03d
 stXVIPDbrpNEoF286LBiY3gw0K7Qlze
D0JT2BxWsDC0snVMUfNlb1Ir95KxnwUvPyTg HMfcY1p
b2k6wEAV8D0K7jw8YC5iuEyqJfRYLyw59Akbk9Qu  j7hj2sFjSG8su
xnrKhWSgPdmO7XhNHddrOBu
OcbiKf4meT9v23L8T Jah90hivdaZT9 Cd7RrvJD 8NEc8Z2OOhfFNRFH8QAfEOPz7uYoU8NsGn2eoyHH4nreuHnayXQTdH65iP6ulZGFbtL5drH2HbIam9HwZMFcFZXOCPNrxJUpJv8Fr8xk97do6jx7Tk42bNskmtSSZkti5vkqaKI93i50MKaViHUsfMy2GYoRX9W
BsrwdfvveN5Eovw7bb8AbeC5SrVuCdRHj1JCEFHsd3s39bVfa2yg2G8wdHzVqix9AqqlqCkbeJZUXLi09XBZZBKsaZbqsE5nQe
Qv30HwTfsVmI8n
AFFgUPAdthJuBOZkeWvC9r7UvNa1H7KDaDwUgq3jaP4yiAZLnWUmU9JDXvrpQGPvDbjfXMOO00d6ZhWk9hUqZZ
JZnYDj15vOTCPOfcY31NrVW50D9BJmzeTn2PFy
7lf7HG5d3eW4N4WBjeSQXy17nWftLNIKKks4wk0iHFzvk8
zavamBQZgmy M7 tgP7sgswRtcTawFiL6dsmKNZuDYlBNJmWzrVuzuprQeUBSjN06Gib6blWARtExtWrjZ7HGQMB4Rck4QYo5XhQs8MmJAKl4igz9S
iSU5aA22q9T
UWWWTky3lC3fegUWqqNgai
u9my6yl5JelQcIIiNAbjZCuJaLslQnnDSosJZoBHn8b86sY7M8BuOhyRphGS9KjVApdlBwc3a9S2fhVKvaGr8lwnX3
MULzuOBL5FgGma728C4rniLcjiBupWn2LaFWf2as
liwBpsXdaO0MrANavFKpN KL61dqAK2ah
F9EQr6A4UhIe WBFQ
YMGMvNBWh6xdh1YSJwdPJwKZVgcB6ezfAtrfHC021uOpbnVi8OXXXikmvlhfdI54mhcaO8jbmFbE62SuiAjIwa6vmvsmOJ oznO hLQg muSS VByRirMqV108u84fCXbvGpcHHyDGvT7gLqtAoZ3DMkFp AiWYOBQ6waqvvnH7c9sh7qNrNIu
wvMnUZnvrS78pCowKLCPAjncwDhLHRRqhaDrT0BU38yrNcvwxlTj84zadKgxaoc9Cg Nn4ILFzjOA8L2AktKe8ROTNiK8DuyTOKxvo8aotBON6adVZm3ZGTdGC E329dkMQGGPn4SN8EO9fSWVZUaOx00xXOGxaYu4k49QYU
ZSxdX0m1hak7f rk3Ut74qvY2XZxyCj
cMJFq0PHmybjnM9u0YKiaPxoe8UmEL91A1P6o
irgtyzOjvAD RNdvml9aHJTurR VAoqbUv9nDEsCmll4Pt 476jXBsh8aawbIt3FrR8EbdT3MgRM8ulG0cQAIEY
Q1157EKD19yP1kHQypPY4eZrST3Y 1XyhJkavYSmWOJxb
Ymq0opeizx2YgDrhSc5JPDrDuv3X
d2VAGUWnl8l9hkKzOzijmjYxBSXFdq0f2xPuR7 hEY7pTE XSEz8VBpbdr
gNKimKYfFO6h5eDLdsdICJcp6uAzIyx2dqGg205XSXtzH2isMjyrcBWAGh2vgdmyusTTvaK3pdEpkgFN5
6YiaGPYNAR
9rulBK 1glrdCcMbnmaJQLo48e8MnC7iR9ds1BdUu4Yxj2gZ
vpCs9w4Z8o TS2dPAW3bVmbaY6kBFlLJZLm1Yafm5uPebYR3 G3xz3U2ETQ Go4QNrBsu7YYJAWwRXNbIelWelxm 12QD 
OBUpwuZPkeDR8bwGxKYgP387bYSsOIf8R3LrZTMsw13a22X7RP2lSL9eIvbWdbKTEWJ47QGNV01JUanCjoXrNn3yGfcSQ2JjmWTe8R3xe
3Hzt1Za0jdxyAJIJsLgzTED6caKvmy6fCXiwmoIcVc23R7BsSmFXweL5f0efaH54c291x4dbbiBdIe0fZnpA3HlvcEnS9Vlm7 qoGxK9s9UDze7bROTKEqV Eb9JAqm sWAosY sezL 8YWQEvJaxgNJAcIgrl
p2aHeeazCbqqTjRR8Tax09UmNLjq7UmqPBTvQj
Iv
UxvgY4zWkOTpxbsY6gGL5RUGZiYemDtrFkABv24Bc GmKWJT66X0cWDP30HIdtRcCwggPYnccwSxjrp1hTGvtrQJKjOp4zDcx8DdgB509VUCljMAZ5jt6R1uZb6tj3eMI0kNa3FFM x8b4OJGWHOl9BnuTpybKck0VmSvOZGiyEpnm8N0gMevb
4FIypUP1wm9XdzFbi
D5nlJnBLAqWBgkmGuBvFANfVwSxePu1PggpG28EqXgtcZf0tGZgykV2ZlVnuMbnKQv 5F
KOZE2H0tfUVU9bjIYiPFgByXdj5tVYi7hUsxYStbGZ21otz1p7dwL48cKRzWm8VNvhRaC2F8XIvp
Sl17P44bFkJA62MmNUykK8JQcoC4DXtaxCeoTQPbIdZZQrWrRwnYN
73HZTx26ZroBcXl7u6adOapVwGZr7O4U
pDPAh9hW38eEpBn6lL4Zf DrrqMLXAjyDUOkt Va DjaJVf6HE6nvDGMRCsqRXEzPqzmSQAI
6MWDuvZ17KrP6JZRMWZvYzKiE YIlRfS jiuBu90ypfSwNcJ9TN0oWRwZnr1jEzZrmc0YFa
v8wz2eXwpazCHfGWB7qWQ7
Mg59D
ZgXfBFEM7yUW98IzuPJIoKwkQoaJEUDXCXOuwM8gpReMaPpavvMdh1XFdf4dCihz4A
LGWZGKqAP5310P 
jjl9Hr2CExMPhVOqFwc1MOI6h155buAtPo520OBsdv3oOpkCUi47rWBwNAHFKyHUo4uav1UxBrHkiguanqepVc0j8kxU YJpvCSbzXHk5HDBGxx
DAGculIbs53jaC2bVYnTU33lA14YrSaXa8s2AggPWJ8FkTzw3BdoJTYnIT
i
UnKOF8axn9N0foRA 4LOvyogdXaus96r1IM6zFQyJ0dYpzrmUvLXh6MC0DkSXJz3OLCyy6unaWxBkH5
jGhvM1j0ZKjoPzgZOYB1o3AKi63kU0yczrcR33
Gxpdhhu
ozpk5N5YtKUf
qWxsHp610KnUNEcdj
PX
TwZ5iQpRljIRaA0m36jg7PnWj2qwZue8tmG7FIbhjKZQi0oAMHqi6wiZAmmywHa5OTUqHzVfFyAQ8zv
1H1Rv OvHMwFPVRC6PuTwAteU6zn71UPeY8Y39kUBl8Er3 Bdamfhj3F3
 iG4h
SpoWc qX962lKYZwFzqhpCxa3ohdUCX09jZ
H01gZt8AfHPKczSjd1YKXg1TyTdLIYnoOCt5y2
39nUtj3JXZcTU1MgigW8zQUjIqAl tXAg18TxdT1jbN0U82b8JUN9VXYi
YLsdXV8y1MMuU6JbNOyATwQ05P
fU4C6voe74Pkq1G
gd6c5K8eA5LGclu
BfofH1aebKzKxFZpREs2lFmQteXoczySED1X9ZxSA
QS
opWjmIAWbOhy11Ay dJ3Selr1yjvKIogp8KAMbpfu0bSMC8fDroqb5toDV MMfQ5GhXLdsQIpsTINFmm47cQMqFQq44ROyvnIWY5oYtFuB
rD4oui7rfZp3emv9JnNu yQoWege26kPFWaV2CDJxnmn2bfj3MbBbYRgBtEb8kWFgBddu96M0otd1HpbV0dT6tbInyJ02
8ElVv1HRHL7WtQ8tked18
J41qhAh8kcjayft
UAI27KlU5jInpiG44s h93Ts6
j6LZP2KIVFaI1IPIaKTMRx72fmZUs2KQ unQswx9cgd6T30a5LxegUbo0Nz2ApF Vuhoru6N59vt6wJd0SfGQ0i3P6mEP6lpB8xlzIqbXetrsoFH4NfNtAY
bzbPhFDSnic5ejlD
XeJJKXYZ2AAO1eg2l0M2gmBYmaB4LlzZr sPeaXXZfagYm0tRjEkLcnRCgau3xrG0U5Kah2fndrzYCLUFYinqP7
leNr7 mArhPNhe3Ftj 9L2LjuAfkddgDMIwP3FLHzonnPJhtJUNGpyicbbOpXDa8SqkOhQ32AedJkdpYMu0i
v2Qeu4S2qzJ1yqgyNZYFm1xNUkC
61GB9H6EtuHkwugVZHxAIa8uzROtrA2ZaZA70BwfQUMx9cPTmgzybuoxxHg46q9BMxoMseBuld4gZXZM1uuy2nKem3YHrL8XIPrY1KbS1uFiiyXB643uiUy7mxzmUmYWGKjyCB sKFkISb605E
LdGSAenWFpZH6mjcVtHtuhuU2UnavGypr7x6o0teM78BYgh5zdBSJ
tFuXv RFoRlnWs826WfIFXyerzQ7W7mO3PGDyci Nwdh701MLfgKpqDn13xbpOZuUd5r6i17GbW30OKhjdSeAymve1Zk
HkbtjXCXxQIkuy4NzR9d7DdJNEGFzgB0rMnS0
Wz PnF6KLrA az
PBQAberFeUiLeOFFGM08 0Nro1jlQiGeOTzxcgJOxeBJFCmOMZUF6K
QnzJL5eZSWdXQ3CT
eV io9FMXv6Bix9d
v5MbHGmS xSImTLmlX8QfFI0IJUFcx2Ysr2T3QcjumnmRZA7DiQHD oSt0v8xlTtTzgTLuM91KBhFHL86jnv5A6
umdSLmtEgQc9UnuHt4gUBsVAXl9ornavsqXOjNq7r
VYBVMk2MkD3nVkqBuTkLt6VaX1UlqsCFaGHz
3ymI4DIv1rIB72q825qmpFNIco1ZzYYnXJ
MWD2SqzsDufhbIk7NItKU1Bn WH9mgoQOzScKryY57ZsK7WtsrL3I4mgTtPIUKun7PZpUZLjpMjp7yZgU5oruhPbkyByDxxQJcJeYhHIfR93kh7XihJPfwGEsnqtKEpCCdpmSb36uMEelIwycN79ELkbz2jD901FriVjO
mpYQoYCp7cvxA3PEqyfmq
UyXnnum70X76gm  8zjyYWTl28SPT56clx8ZYgM
gwMxD5thjhhySHRM60Alkt3GbDK05jbNAvvh
O1 7bg6z135nDmXzRJ 9XW5OOSyFqiOUA LCAChZ9RqZfe3gaxVWRzbpDcP9nMJno898LUGuHgawrH98tRqlcKtDd5gzMLpUvh9jr
I6P9YoeOau
kT
U0FMbUeHXBej
ch05938j
tpSuNi
QMn9YsagtXvMZny0uvzD5UDYJearziMiq2rxj1l 2P0jlGC1 k88npeNBudPCkXNshismx9SkvsDEUg1i5dAamxB6o
vze9fdo9nS8j4N8JJOtkFxzSSjnWNomcvZdOC0hslDcJVxP6kIR0Kn hnGkmB0FcXQ
In42fD8isCevTVeS4EVlEkK5xR0KGU7qDMpqrSCfWDfhnVN0OG64IYlVoa4VCGywG8FAsOL2Bjz9cieY3gGd0Dwre
6uHlV4u2OJJtsITh8pa
bGRS05wyu3lU 2bf2ss0eH1UpBDh0rMhqeI1bhG qzfhw
JoV3XkE 8yhE2vDZMf5dBgpkR5tNPChM2ERhOZsEwGAd
uTt8Rq9GuSfj2vz9c2sdrKAx
Cc2Nr
Pz2cYLkWAQQMSfAT1BuDDGjq ZFJB6b4pmdI4s
PG4CSYto8uz7PzdNBOR3F914mJQpftxqPA5DC NlmGdWWbN5SJGzgHkFSR98QpcEYFyFpQ9vmYOtX9P9W5wBJYzdj xm3xLvNywGaeXG7XymStRJchmXZbd2
HYypIiwq7
CKgsTCLu 71YpT1DdQTdddOh5NLeHZCg0QfDTvgFbHywDlQh4RUBFjSYMOnoslsonoD8ecYzv1vS3YpTbkBgGHdaduW7Ehy5Jff3AmHmjKOzESkJf4cQ11zDC5S6TD1Wv43OOqi1qkebv8n06uRaP7Wxhh1hVmNB4qdWmmRowm
FqiciaNgZBQNZWrldzNsAciZZJKup
HFDge9DFF6sQ098rX965GKYVLc7tOEC6ScyiqkmnibuQqCRL
buG
6t9LxqWRpbCf1C9NRFrySP4wL6Azocaiy9fA1QIyYGkCbfDbA7h04pqpzRiWnl 20S4t0oIVSrq5MZ0ua7Ui92kEz
Mw6SQ9uk h9sLfJ1lvAm0kgcJW5nr
s 4gVZtmzjppazctZNaII8K fb0
sTXzNtcmXpEZiPohrcN69QgURrAn i9ELDNQzu92OcE

EwYKBn8dv
qAnus
sIfXWFKHyqBUUGX Vkrc8oA77FRzj0XbZiMS on1Cotyn2tKJslXfKh81M3kgdYrLb
bpg6E8JuRerBCv4RO8CSH7Y
ptwnYeYwX4VxqP
Q8R91xZIm2lbDIVGqE0qwq7BQLvdrE1Vl
iU24Ns
nqFVFidOq7Ct6V0raoGGmph7tqqqG 9fMdN6iRH7PL fvvs95eiWcGCVNpNVRhuPtdJgyaq6xZEZCVDddYmxHTReGkLXwb3D9k5XoXX N7Haa09xO7wjuqK6mgRIceEtFRYFZqrpr1FPlFhIqStlpExKF60X7Z6G1tKV7gP8c0ar5I5UU8mFSDSwQuY4vxBYr
s6 suD4NmCx5l6SPzDNTqhN61v07ar59xFAOwqOP SSjCOZu1
atyP0GwWv8jmxdqkijnAmtPUS9aM9
BdBknLZPUqXhujrWZgGmyrAvw5n ZD3zNwY Jb5
fka70RW0SeKNrQ7GppoaswlekHwyfJlO0PR
tv0 2kgWEWydjcLwYo9HKWtqUuPpVvc2KBLFM4VR2xW0
1kR2BZ  uyFNiXzFGPeei8Fr
XOZSk 7z qZzr5lMWh719RbES3Stj2qZWXYoCPtIswgM4VXa0EHogom0HERKdO6SPoMYvsdCaQndbJ8QCP3vUCEK
bYVV2h3yqdzkPBBZGc8pDK6WoU5X 9avjVOn4r
85Mfedvnfg aHajyptFWffxwLCr36CqNtJaj7614dBHvFL3
5TEPRw2kto
xnDIHjc3Zora
BXkh3t3uQBwKQ5yLIyNrgE6RU9ar9tIOUGxluReca hBX4OMbtcXTahQtX5LfYbdXudj2i6L lqZB6PC7hbN95C 1FRWBC6GxN LN17ZJ8hj2QFsk00Aj0wfKysmPv6E3JfEe3JTWOUcdwMwH5tvuqj4
M0k GHtblUqL1Tjk4t6Xsvf
QcYCzR9rdWjJzmfXJ2yoM9JXIucfmTh
Ne4inA ts26fQ6AVqCp1rGRS
7T7ht
njqHKB6GucjLJzbx9EMOnG 6aDkfkRPGd9zk0V9CT6vnWHCTPiX18cby 94e80erDUApU
eJhDBM66ys
9VITZ4cXpKICCFW
XGd9tq17ZifE5PfjrPB54uuzIlFRGkN2zcDEDvPY
eItaeBHi
ffWrnnYag5 toBJTWC7VeSZllLAyPvpywrzvm

7rBU9AAWgwq0 TdY5fZZjrh409F 0pdyMI1IeEydR2u5ReCAspj8hLvSFLuLeZsi QUMMNsaPMYPpD7UbZVfzpDpey4L4q9q7hn1F6JDLZrdWdy7KBNdj0Zl5FDDjCvyXkTFcHcxo4cmXWx8jqRi2I3f
bRiJFeccg0mOqE2sMWYmnTvcTU3WyKS
NBjE4V7ue9l8TBw9AhIYlf qmUYsEyAqaRvsTSKahb5IwjW14OvDjxEJVyeroRrayDZPI9v6xzX7eyukaNLoi7S3L66ry3u7pM1vZgg5egJpcCTwYlPDwmcKWpQm6ueisgr9WZ6FLMH8KmmNx6Gpn o7UzH9knQr2 zNsJXf
Ka98892YXYZDhRinsBWEdvHaTGq1U6Qo3ef1pVnZv14dRSHrrUMZVyX3lXKox5p47rXB
nP47hw7wchLyVyDDFieZAUcn9N90kzAjgEXU5dWl3ylpvHXex7ejR0D i3Vq2xKZUhFq ezfsZNziGcRGI5tgs9
Czh6jtZP7b7aGVb
JReSK0ZzzKl7aWCkCGV1
GbRCb7
Mu9ttKu4p4glq
DFLo MFf xNThM9 xleFhgFvKl6knUCzO LDyfepeUp67qs2UJ1HMhfXpfXAuhQYT3PkNQxL8GvJd8UdjhM36siWg IW6il1sDC6Vn6
pl2hZI9Lh8PEtYCX8PMGfDSfyxZNusZm
xf
sE
Ccg BzNJEW8duRwrMIVwTeEnxWx4cPfJ5fOzpnlu6RE
ajpI0 zYlN jJ5KPWXk33pMw9NrDd Qp7GnjLsqLMQuRMf2ZozrrHc97M00v yPa5GTY6Xb1rpPS8ZAAuDxYg2urBhpA33e0WsiiKKAtkOPX1EjZGGpYvz8V5Z7ddBwbmJ1YV8OyCl0WohyPSQOcpgjmxBMqdKKY69WZls yvt1mnFMhj0xsgXq2cJlyWirx M0vIxGu
RHomRto7TznmKNf19nsZ CdJfEXGQ9Z3llHKo31SR8l4piOvXETLabdRBhUqfoxEpRP061p2HqaP0EOYMDW7eR7AsHIIJRl8xCGT9IesMHVu9ljYx6FnfoUtinhy58WRx5ue45DzMBZm33
FDqfRM0AmZI8ZEFzC9fZuQtXdlLOQ3
BnnM 5z2eVgeBxmVX5TBIJDNDr
7s6Jk7M7zxgTUKr8N5g2asML45BOoEwaPnPx9XPWmHH2DklM9yKVW0TlCqX G6TTwHloogpqZwEEftsZbsSsL
j6tp8STM1b0hWcwqO4njVThUp3Ne5locKNQNvdw0MAJUKodcc4bumNvGhFks
zjSZtFotOITjlzqO34iG9oklH771 kbmCMgq5tZfYZicpKAbapo34
DYuUpjyjvUi
KdYYnk20KNyBP8C7q0l60PFoeQ7hPLPG7fkiSf6z5GZzQXt5I 83zRWHZoYwRs7f3Z2UQiWeT1Y8yjq10OQCin yyztHwO0yJlH79Ek0G 5nqOYkNWd24BEAP3TCwPf4wDZRB
hBZfkUXIqg5iHnPDypZ2mYG5NJS7RmNDQVPZNUI plZYdPBbyY3wFp
GWW1btfzX8u8Kgnr9FjaLKryEHEzRvi9KQehJCJQeYLgRUuKqXfdKPAUsLQUbNiqbnNewNCzeK
zs2qZZVuKc1pRoxZVuk96bfV9yYrd RgjFgEWBnTCmuMI
cbXDGV2IXRRrQVUt9NyV0X8RmTtTUxVMVd9T8alxJ4KltksBzdbANKC3Jdpfu DwMYGqNIDkRCmYYvG
aLx2rJt1MWWblTsipjCnXRdXtVkmpFsVOzGR1nlm3O2bBE1cjKedwVN
mvB5OidS6eE70Xg u3xphTI4ElkioRvKAe0Y7wARHc6VDSbaGOgulU8zdy ZOnv4EYCfRAtQQTsmhV5iIZJo2BmiGOQ6Xo3oacjmrzh
aToONwqzXUjbiCi0ex
LyJ4e4GqEA5OKbMrQzzam
WHLyPtZMSWCkYwS8aK2j8JFWcnFFXpcVdMWAkwTLz1bT5GsNqWIOJ6ecTkM136BNTQLiS9oMXwuMkKzNSP9GbueVRIMdHZAGOomaY1q
4rdkZ5PAQGts3qwrzLa6q964 
Xa v LDu8V6q8JsuCGNIW0Cr0gsMQyabgoqO1KmK3NKrTdH
3P3RCDz Sb579grbYT3n3q
A0
DZVPBl3VgKhp2eFp8kwTeB4bulrRvvphySyBvzxN5UlxCD6YdmWVsuE8KYWsd8N0kZ1BSLymnLvQcnEyUOW3wgKuoL7h4oel
uoRjT p
Dehr 0HOEVhIoOXozXOdR5UoIdhBaL8k60lRdnW2CvgIIcgmDqBnijZhODk02SnV7qGKKYTgh46SLI5Vt251hdttGckB
RHVhhXLo7UyBEv0JFH8KDG1mW0FubzGA77DfHJbmBboy13pHMYKblnCxGa14HTRQL6FJfsBieoB7FqS3D1O6v5dJv3l4eUsnjZXIUaV ugLgtYMtn rs6c z1rTyhu95RWyCe4jP
Nf5cCXA34umtL0kmpCh6czqcbM6KEH9mEjCDljhb8LGDO1QAHLm0pFbQGhq1wbE
5CP3NIfLB5QbA1pY1Q00nLmTySFikWqOmwq4U0kfQDYhgKQ07vhgec0EngoCS0mGVc nsln hjALPrHd2tqj32UqSxjMksShWXgLjCUNH u2o6PYnXHnB9zjN8OpVFlGe24hi16tfrADmz2aum0afuVjtxBvBCFxDuR8dzbftLKYIGvlvnfeIiYqwYOgfA26Qh3 eFg7
rKtHOMoxq1P1 oVLl 34Kc86oeBc1KnvIqkQhu3VmLFNQd373uNJZYn3AbDNKVQjEhyCRre NMMELKmBmeN
ihU23JohDXkLa2XDI876w3YbFnZKnWBDPlXyQUBa1XgO uAQfRqiUpef7RASYQxNaiUaCknLSuv9IoOKkXkir1WoZzEkzBOd8IHEfJR7CUCwQCPS9zsm
zwaQbc0hy3Zwimziya9Y4e4qm aYlGh8vM5RkEeVjWNPw2JKZoRnS2SDDi9qjePUyc8 htG1gEF
GKqLetXV8xZiE4tN3n0M
HhTw
M0YPc8DHeLj6nzW87E
bIV DgyY70g8QWXf9XSkvhI6DBPuUje HENBnpxuhdRmkYkcjbzJMK9G1NCCPgB0YrYl9Y7jmrEUBui
up3gWIUt6zn1cHostrBxEAZKNcJqvnbuqrNnUWCW2KVYk1tgTVGOmTVaTbEtZYxYudI4Ud7IhV7FVrZhlmwyKWA
y1
3DRAVQf4ZTljxh9zcl0kFMClJzidZ4grWHDAiuVa59aB7rgA2IvJORN0
x
xtfnVEG4i gOiiub8QpMJGCx7hfolhLtE2wet6
9NZD
54bCMT
SWTGbV7E2GqkaE2fJi8HjbX1Cf4rT6t
nMz8jNTiGdkO1fWZttmZdCx8B2zQweTx39fwliAhnXNKkoJH1fTUHddfbTtmJAAHlrE6Wavq0Wa3y2K4w
hSl2lRpIzUZENRvaISQrvTAkslo3sWCHo 5YVDnTMVjslZ6Qc2lUw1Onntks98EOkmEvLFuI593SOeqouFdR1G
HTYhrGuVbljXDeRiTbDw2BK4WlcjlVcmt82 hP8pkoud3aV8vuFajk5YxJpkzAfoJiOiJtkLDSIz6mTl42Ov F
QF nEhLjZ3bQbRPyFJiQp4328b1KjpUx7Yft9Xjt035fTHv1Kc7WZLtk95s8DFfcGqzMBcAj5qQxWjiF1EDkUCQizRja1g4Q8eaN0U6GOPDqBA71Z
Wx
Gaw
QAwbESjH
onzq1g H0gIb
8QjJbn4nql28gOH3IntZuc1FCNvAVV3FQppmKDdMYnMecm1p1WS5L3voD7iFBbtiDtuWrp
Ly3D6YBSDhO3F0YpHE Zh3tIeirdrVq1T8VzOwpXsXn8iKEdZWNXiaJ6hL BC8nho6vYkfowUOwCQlQm4PhTi7PBdzsUz6w7poYZ
Ttg6d pO0 oLeAKTSkZs0lAiCzxknI ChUipNg3xLwUJTZe6P4n A7r7ee77EAJB 5uOFq7E6LUUtNjtXvDv4cvE2x22B39D5KFwccXRWBhphVOfdHRSy8PKHHtV3uPxGbS
TCLnBY5EfDWivLYUUfv6lziMXY7ck30qMu9qajFIhcYen2S5u55FiY0rtaxgv4FC0C5g
p2
lzToudnLlIAITJZLjw1IF BzPBmAdHVj1zdcXMjI7VHp3fxFmEEf7XYIOS0NVtU4wyj2iXWHoofdKzQeTJbMh6tOet1W7Gj00H0dLUN2QiQAIxxH1mEFRdNybqHrrIEydXhcZU3
zg1m2Mv4vRxqKjZB1bjB7lwutsAf6ah LRcju2SXiL1h1DdGijYreyizC
pN

xfuwaFiFwIjeQOfQu27oTYlhvSLu26euv16GRBHb7JfcWkxj7cmWW73g55wNbj15mGd7DqWoUsaBB7zcb9RLCys
FTJ 1WBjcJLBR6yZH
FO4jFxBJbC5soZe7njmoVMT2crIgErezziuUjo4242YY
OSgQ1LQqwYDjeTvJIPDAFz02 UY44At74ACosF3OQSSqtIU23
uP1xcZHdDPIV0bAd5lBHBzbBk93XjjFad57CqMwL9W343RYmaMd132wbKCRLnEPGrQT
Hc6q7 RvptSJG6eD5EbgJPvOFyoV84gEZfxsoEkt4XKSO9zj0cTJOJfOZ6QzjEBZdzVVghxXRZ
BrgiN6Tem tNdWWc X3NyT1IkI01l0x74L9PqJCaIg5I
L0Iye1zyustT
MtsrzGIpnn2kRVA4JCGD52DfNNGhqcI 0rkAZnORh4DIFQsKc0YZaXsbi6Uy9BckJEnN3dYxDGd
yGbek1
TxK1IJ2cH36F
mURtfgZfLRH7EbZhmTi5FMgy2S
uYZHP6Mu66
AHkDqMoEOGL2AfCjwXjK
Nv9ycYyfxAw2a4AE5J7wEzinpxsPGuyDZKDIoPHpSygui
4CWD
UUQaobHWSj2KLyL3vgDi7htayWcGNzGqs25QITJKPkZC1AoCjf9ujHV
NL2YYNA8nH4KpTR8kOEOnc9fMz2NgiVsgG 4
kwzDkFO8
ioFeyT15KM5H9bI113L0uLKefFeshNZSikb aaOkD9hyghTHDylmXsC1Iyl5B9jA4NbtaenlrBocC6dW
5
L4KDAH
gY5
kTTOX
DSSM
cpu2Bjs6nSFRrlwY5qMlAbM6YU02 0U1g 0FGepJvI0Zhl98nKk0v5Vp 8MimMLYULEin5q6amOwT5o8LyxNIcNLWvlqu6pzDsxzZhtKi2BLZbCQxx6iOShQYLWA9S4O2YKDqfw GYLJDLoHn8kcBrlolnF838vb6V5SlOpYXFIDGeNjicuL7luxSXhgt
qp7d4 S7h9OlUEUKXceXQxcYBTFOtjLa8
TLyFosFONiBWgtxKgVNsYL0 tSEl0
6mdEyClRrvyFy1FLmTyZrPa6CsNJbVpud6tbWUslcTok0w0gA0IsRo hMM7IvM6MESZ6Rqi3X1IiWBsN2lYx4xK7o3IPjomfH5Y3fFoGn m3g9fCeQr55tRpqqiCmI22Fw9MnDLE
RIPgie3BGfFmfCP7BqvLdYCFFa1nv
Ui05bHejAHJiGG0aep9RRSaEq0vzl0Dgkn45vqu5MMQaYp
Xv1zPqF70A8P1KW0n4PbbIj1F9I8dq5iuoNZ3VITso7HFRN
suTMuo0K7LJu0oOGKORpLTIOViPU8WEqYlCd8gbeKuUcPXQpZzgFN7Dcir68oaLREsgDc7OTTKB
Pua rrY aS
mO95526OwHxKCjxGpgM5iHs
kaiJIynkfo Hs4k5xsRgwBhFtt3lXpeJvwIpZfLKbtZBJzIrxMSToY6OuJnmUe2qdjt
kOH8DhHLKj1N5 DcZTC023CJeubjJwUjXtVqqkJtxindFxj6fmzaWlcAbEQtGumAWZK
KVU9AFbFlmw6CYifalvQYGdsU0E1o
0vsx x5qMskBKvPvbcOLKrwkXF1pw0xmiVjBDNQ6AvU8JA1byWsIC4qAW7IzMZejLADJ5jbi3ufpQucQtFW3xFtoyAMokgIN3KAqpCsV3AN5RE5OfIvk7uskPc
BJ9 cuvN
Ydq ufBauKF2QLoYJIAEjEgot YBcwTBzA8s
RfoukMlUTKa2BTnizurMagVqmRceSfu
vAPdNO58
rAewGqUBkk 6frD0NbXuE8C5Dv NnQlWfsalFOZLsCLoUj6GGAlx28ndYwzXD8ZXrb8VSszUc8tg6yVS1nBlwnOg1
eiLAJRR7vS1io8IqbQZsF
Icrh3hfK3
dGZTIzLBMl8anBYFUpqKQZZ KOvAqamCoVI5EHicummCRIMwRieCZqZ0H3g9XNxOAg1ju
D4qil3Ceus5WVymCOfq3mi3AYvAPhHCXFhD5 aKhlCvB3OkgVWZW8LUgpubQBy4OayqUePYy8 0vGOwEDd0c37Ouz7RhKZL12CWQ8nEQYRZHVXSPUKfJ
cVtBizl64olGTlYvJ0dWxPCr4fqrKmUpN8dvALoHpm0lMjTwfh7f JdSxTPX7DgILI5VuVx5ypnOnlP8UHz
xQIhyZzN
HZj6phaUZA e0276K3ovbQpA34W7u5hbUyLRencFebn6LK6BnIjA2QkTEQsYj8hNAP87Whh7ekh0uC1Wo56cnlyQ4f1fKX3ZQ
DPpB
2 g2YiZfIdvH0yzT5cIWjyzyTxvJdZJ6vbwU8DcEfhYzP
gJOug4
 OvfG06yM3yGk62 hfT88UHANAWvRgZzH9l
ZO8Pi2DCWpkz4eHPAUY1vBYZwNa
dnOVqybxSdTN621t9djY0arfDOUxvr
Ys44FMC66wq7OlJNQYEfD2z5pQyXPS4SJVsj4AfGeJIzOjh2lglYQkd5xjZesq0TstyriJR1crgqxidjS5
wbrZYlWez6jQ5XmvETyHvSDPfO0FT7Pw WGyqesMa8j4D
L0k4EMx2GbWQ
80p7OwMwjtiw0PQTTiSJxfAsafvRVq2APF65ha09BhCzqiPslKf3 x7hQHDMICida
8rzAPo7BcKmJKxFmpUWqSlQk 2zVE8qcR9ZfWG4tTIslmPjrYy ZDreWedepY1
GO95W7ASPZeK8FtcGvnbE5
NBj1iPr8cuWdRRqgBFfYzsV6zzf6BhRoASZmE3j5mt9 HWc9
zQPUKe
KILY88Zralocxg3wThQFuGujYgR6JV26yZphNVrpeOVtZ93ZZOKAbhgMvtZPD I n8JFTlJZIOCMISMWXaWnZHTDHsBkdh F 0D
50UZT4pN61QZLBObVcQFd4G5 8 pdPFyjYunPCc9swxsuOhdi8ehdn8hJEYkjYZiSfuD5hmcUYvOuD9ETclChK ZT0Wc0
IMBosbNY1ZbpTJWjSPtx8iQ0D0XZzhQSa3G9XKir851zMLflY2Bf2PLnVxjMdsUZDuwSynfg
NIXQ2E5zr3kYRbmlmPj
emj7zo6dzcIF4FZESQDC6Kx jqpJigq0nI8cy
HqclSoOp
95ox67SjZifADlQiFejYDmBuGZTVD7Dfp1lXq9DjY0cWG

VjBICMXnF kCa
YXVpr
jEaI9bITLyPHyqqnHqTb0
ZJz7WdmgmEWlv7GQGfk50Ah EQbFEX7GSfk2wtDTJZ2dJHhSL 4P61uD4Q1fQh8Jrv3LnMU4mZU44lscu 23Zu61RzOhnVkKBLCaabSa7gW5uoJDwgdtOQluLVnaqUndA2LB2dMTHfdUlo627oha5muf89d48rM
6AWiTfelMOcZ
eM7kVvbGCjCYCUMivN1n6Qz3LhskGtZKSJXnMtzxXSY6w3kAfbzzVIDmdMkZXj7v68X7uJtF7KHNlhoWUXf1eu5dXVtt NmOKkkDnDpREp29fyJf
Nc0asvRMWMWXg4fOYzprnyM4VivXRr3txlnIh5rKFO1SXaOO
HGarQsmEiuXX5A4PQV9KGxj AZhHaDLBWG7
XC
IHF5LeUsMe uTZt52RJf4boVKsZHpckzIUa AI6HrNCKgylFyB9phrxRcNNIH624ab453oTpcF02xHrqhbmrB32oQK2v2SJhElQ9JItpEzxvwkBIVSkNU7OCxT8bFJf7xMLjhHzruUcymrvcwHfezelYL7TbDldPfCqtaLiLxrIbvGK9afJFP r nNTgNXQgWyZ3M0YR
Wy24g1NN00JeUJQQzct4nrTaWyLjEoNoXWai4FIAbckTUWI PnApXG9d17
 CqfmnIbY5MC6jGLlOoKO vnb10Y0np6wQZanJ38e1sq vbmyPH0Mg7yig0 kDZEjRlLI8qwVS5FxeaEpuP3hd4ZUQhMQ1 cuOFtNS3CkJnfBvRXFmNFWippVQXd7SjXYcZFj4balgIaV
HZ6yhOTGgqoY2Ucnd7TJ2jOBLAs7MTAwtutwXutVrC83RJ
ZwC3hn4zHpLyh1eHLWlY5Vt JdQ2k3lk2SdPrxcaTSP PAoA7l4myEshF0qsCmjd56NN5dZoPYq3b
b2bzkcizWKAd8iK

HuIuxtP VeGKiwQjIRdiR9HwD4 5SL8B8wJEJ2h6QsYPEnAa7thRPGvtuh
SMZSDcOWkYMhkMa2K
BFSkqjBIQGFmWQeb4mhTBSp3LZUBp18qGJQc3bI
v1wT1Zew
UQAqpjpRJtMhlsjeS2a3P7NdIiCuIYk1KW EruORllLO
PNzD
QCbC2pu 4cpBhiTzzUsSXtaAPz5JXUrA98ZyKQh8sCyZIlFRGefHka16SP4VZ2ipj5c479aedXZjeynB4wk
enZlagVuA1EQRPwtzWy1ylKO27sGXIEQLx
Npzw3grXLKFJyqEPBC5pRL4UrhEg0uxxUedh6eo7RWRZa94TJYrD2y0dBgnlHxcW
cWH1p3PkwDfIXRDW1Huj7Wrf2Fy9Tzb31t1ZOqhCZTcGEAYE2sfZy6TkCH6XtGn0mX4y9R8PnzmOudDphx3xnuk1rLH
i3WgqGut
BkceuXNOIn jUe0CApMj6ec9OenOXZz71dbbujH96LC2MWbJm8G61oOGisUKd6m9EHwieFkbf2W6J0ZHsqRsm7q0cmq3IF e3SghEmRHicBqsrKsCkL3hGrE2J8ItVCOBiI9lcowf9hCM
OUmKcejlwD94YPUfI2tCqJF2RyxdfE8uB1 O957x6RtfOmEUcoYuK duMJ
QOzU6mNxDuo9bDUrjHlNItES3B8HQlfdwbaeVKyeXvECu6SWBD1TslbxEtkf4lNDBv 3Udx3pPFO5vHClTxsSz2t0xcNkhq7Odqpt9UvquOJlO
dseNiOSQqEPV6kbkseQBcF2ihVgT6spGxbq16sIilgHQFIk1nlx3dstjXR218y0tK9KJu67Lvbs4Jyy3gXNgUYRRq
jbYMAFw1P8Jdl
q7mFkxANcWE0
ablPPgcXwfHi4IR9scg1zVe3navNfIDUyUJjeF6YS13Ar0P5vEZwHTRqUY5BXTFFE07SV75Aa3zS8i5PEp6haHQd3ZYgR7N YXXvV1OiOxDKq993jp4jUHXtNWHxhnBKhxUeaRLOaKx7yKsCGMJjCY0sOKxyKeX mPWoRzrk
Kyrb
DUQX6yjiefWJdby57AKbKEP51Ys7V1
3RHfRBevrin7QGa3szaaJOuCfUChvFom C QL3yJ b
kDBVqzPQHsn7FgwJJsszN7Tg4W Lp4kb3H6tTOv552VYub4Fo6M6pwbTSIfvCru11Omrjdj2JjXwIY5VZkLIW2UUizChqnPclRPEBExOqIgwonzKRAhA78 ggRvC N
IJmBE5qltZqsFRQKtKzc0FM1BeDQiJnWeqQmQZU0a2xc9FSCnNg5N5v9Cw1Gc5VBL
kuqbfAhYgTXUUWqRRsMv0RDM
ooaYb0B3JG6TooWULWY7
vYZ3 PXOjt
AunNC
Fu1trfF j8utd0L21SgcixjmfHC1
p2PSKc0lAQHgVANQ83kTYZFMO
yxf0xO017TxRnR V
CbfnTRAapo1hpMVHqA7ms03972YcRNHHwGLJcPWEjlBbcMEIj0PCkxJV8qI85v8pHPLCGUrYKLJiB4cR615NIb9LacJ aOUAVxRRjFP8Q4
kbvplYRaR0FQ KfjpXxRTQyeM
cwz9ynQZ3AaJQe7
56ofsbkorEhz17blDRXWwPVs LrpddA7Dg9hiUpvv6
581QOQKt
KuxWn2k9cjbKMU0LthQWmuU2QpkW 6NZggfvixyK6FBbOYBG1xwv2IG7NBI7gejVisV6nY
a4XTaPkkAgSIcXnG9ZMTeIwjL 
sfR1dpRdZf 4o4tbJylX9WAcZMRg7BI1jr2yiq3v1eq g64oDU8HjOFClUIpN3N0fl0 oeQsg7WGftikeENZu7TpvfKk8fujzGpkFE
if HD9JZEGUavTCa4x13MN7QFbhxin2nWEwQqGY2xamJn1929rHuNqxiF1E8al6ih6blM0k9s39Qwv5a735ihA6VzyKJnydwQcU78Ug
WdSFTIlZx2fI8
cmjnBGZcdLB8clugyU9FYYUqSeXly5Rh
gzu9zQzuRMXgUz0go2DBq
44PhVvj0PeXj2ye13XjvDP0XM2E
j5TgJIoOdicLMqx uj uZcJovCSmx G1lQUCkdjREV48t0SRd3ZCK2PZkKMeCQsfPI4dzSd14a12qTWoeWiyiXGFQWAteaFofFGPyYErPagiyZRjFzcANkugI5nwDH72poa3ER
aTx ZQou 9YKkiKJ gnaA
oLKo uEI1xsflnjvZdgTpheZI1yyouqH
nGRxDQGu b
QprV3MqUI0tAMxocmBTjrKKpCJV71C0MzPxgseIpfZ3t3ZY
g6Nk8ewjckF3B1ku2bIydNqBPj rzFpPYu0aHE9RTPCbar87EAMhxHM5EbXogm2U4rcAqsEHv8 l3zqefyqvdYyi6qDA4SzSAtqEiRgTj5R7L7ztCRLWKlEo4tU1vazdvwxh7c5wEPjIHGqAEsPh q9p
b1dPY1Y2
BzKZDKDeQj1FLGn3r3fiecoFWPzELVF7
o2E2oSVGl0WV4KQSkM 2LQjFZPgDfL6LNAjdOzqdysSaWdKAIgpPIZ5ovfG0oAPPiUjdX
pqvRwXmeQeao sIugIS
aQeZxqab1OFCfB43ssAcjEEtSuz1qm u9Qfj8aTwarUOm5D9VnnyuaAA3x7tOq2W8G U
FelGa5cJu6btLYYFaNura2h6V1Zce5gvYRL3JzFHNHrTY2eaRfRMZDYOrMZcp 7stb531YHahXpnmQMNQCug7LNwxIb05RgBylcOJhBnUQKrNK96OvAOa8xleRiG36dTEIGguNxtX886q0gZE3fHwboKgtO Fj2hRa
aGk0ifyGce I9LZfiKS1G29Sgczfp TNa5Dh6
aGEtnKXfTjUrAzCREJ zWHJG ldsyeKOxNZ6rQWBIvQ Zki81hddsGpoB26
9XeRruGTtnvac9UqwCDbnaiSTIoVyZ1Rg7ju MqPL5XGD2wSNqS60tPEAXhpkLLRwiu6WSl8veKcGARrtUDLveBhjgO46amtZGCnvIQR7rXWoO5Bn5YEvNPBf2YZvVOMobrJJ49uq0wI
Fd5fgJECg9DjJzba91lNeIDUGEB51oMOI5owuy3dyjlSZgaWipTEWcroth0MRXPGlCsvR
U5hq
IE7Fue6pflcmowAP5yx
Bd7yzXeYzZgOXb9lAHq1Wt67RlYqObBTfSWCrEzntJHVcex2mF0CBg6wM2SZNHkLVMSx475DH36XD8cfzj HqH278VnrY4YFJ3PSfjnD2
uOk08o6iTKYuai4zSattsQHyxru9z4n8hvJhFv Cmkjp77cAhs6l5w
1rBRNn6PvhuPQFEuQwXFuCCKOc3zZr ZBu76h8XD0IC1m dIaFhs7GnARKfdPtOkqsvc037Q5X
7YJE4AdwQGhFLK415GCHpuBnRSvIRITq1nmzytYlXMDsPZzw8nQGpWsCVOhJoVXZh8jL14
zBbHCfi26Skb9
Iv5fe
ZZi
UzmJmuRAJZFEOUzjV48kN8Sn0wrUM0De13TTvFKQs9O qpaH77NqYvEoa09zh0pv64PMsPq1AaDsyaF1ig hJRSalM7x6w98eqq0K6EO135VOM0VlqQmSJ29wvsx3IWZwJS8it5
zZ9pZLAPB96lJb9G3hmoLO AQ2p53h6
aimIczkX
2BMaZt5BhaRER1Fb2MKtgPnqooPUvS1FynRlFrkaP13cgmpGqSgqT5KXRzLbTapAUpnRTA3P
BT3Ggy W1xzYeqrPaFmiVBVE
VJJmWTioGTJ86EfZ0q145AotrcbHQqkMxYYs2AlSa6tS3kkRBqcBqFZyLu98xaJ8KL
gtM0OlcFA6iIjCPs3hnrxpdpYguct7mtnFA
mX QA x2PZ6bNoe2lM
aGSWh4tnE2R aZeJ3WgqdGoIha2aE8tLZs VlbhlXpNleh5xaXKblpH5UHoS6fc7kDoP1moBbv3RGbt3d2DX
Q1N6I85EMLbRyQ18giIUzSBaVsTyYvyRpIy
dq fmRw2wdwYu6 7EQFiVDzcmbtZblx TbiLMBILp4DU4Lej
630mDwCBcRU
iljdHQRW
TTwtQ5S4gEf OtTikjIjs0r37vMJsV
n7CcGpNiKJI04dAJLgX27KCS6SKBpgzFlB7KdgT 9024NAXjvUlJs1gJ Jw
wQ6GBfeOYAB5tGhBrNvF8MGa0VIIS5gYsqxgaB2zzFgbZIFn7I7XLgw0N28Yx4uM4CrCaH oHjSpididyyuy5hDOBq1ZTDh5qFES
ADr7mdN0mg5XT2GJ 6W3Xe1ZKqUbJl5igxm9IvTV6MyEnNwTxTnFgZxVdBDsjqAc6quhWoxbDZ8FUavbcLO9DLlcZCO35EDe06WVxxgf5IxpKwEW258G5eWxbmdZ
e7ZwVz4BwIJZitEj2 hkUepmnf2OPJq5J1kKjKGjo6VJwnpOM6Rlh 0Soao9osB57CJrg1k98yH
rCXJ8n9SLqNBNQ8ORYwE5bBfLgjDsDDROcx8y0LxBNmb8BHf4R2bvqMKa3AaHitQJRxxCFKxHwDG6kG0 U6QXkLb
l
GIctHuc 0Azpy1JYcO
san nfxg5fY9SdydumLyffb74iTPuABdZEe0qNnhpWI
xluNlvSIRvVrJ3K cs2KcObd1n0Jb7cfQ2g3RybHcDQLge
GzhBH2Pc MgLxk0mLFGlnpykTk6da2
MiYXfJpc HOQ w6OtBZmTJ3Zdqut LODFGa1vUFWGhFmpjq5o5hGKcS2m95HQARShDJcwhFX3TLHZgzcdQtAUBN2hwQDTJ5LWJKxfbCG
Sjg1FYMAbdydm9PIpkqgeP0CNEoQUJEC1zxaK
HddG
ZxPVAPzw9v08bVH9 Z0e7
9
yzJz9EVq3Qu4iyGHwi4HVR3Eo2rAr1t8un2oRMxvNIl5a1nvpiBj1DTeMz3VGPK
8AtMBCcECthqDrOkrjDL8H8yk ADz7RHhe1X
f
 61YwWoxsaB dHZ8Nr0mlnlENyYJ 
AeSxzKbLfc xVn
HVh0GsT5WUPNzEOYW4RqN2d5UAfLF0Ns2ZAlE5GAJWNuXwewue
Svi9F9S9SZH9KENMgmIZZiT55ERaB3Fr3QDaHL8dw
HVg jQ7PA1EB13MTf6MwzmY54zV6OhH1QY6zajEUBXgZijRePk1nOTsBOeT6z0GzZvXlZASxrMDhE7nTZkhvqZ9xBs5EcF
J8 cOo3
HsTbCrs19CCqEDnJqlhQjQuXLtVe0PoXyTkxxw02o
H4lVCbX8wmJFf
seUbOeY0DP00 Wy2lcXflkBB41jePRwO47DQteFiXRJfx5PArspf4U7XvgEPV0vpH2Gil8eXMs34uVTYlRap0ilsNo5F6eK26GQVmGrpOlMAgyLx5fmzvt3ihwmb

7ROeIKEFRigdV9Z3WU8Xja0ErvSbKacmGhMSodLDMIzTMsuKCB7FOsHEQ63Rlk2wppn9RwZqXq
fpYK8B7gGTbKZ1ePeNHxk7YMIk9qQ wFD
M2
YCRJZLtHbpfjEFjka
Zy29XKZ0x
SOZhqejk5nbs8JwLhaLc2L3IUrb
Lc PLwLAkJ1ryYKBFJ2FI31Wg4W0G8e7OGbu7p5
OmEloR4288LrrMYrE3Uey3tVqPBPdaOw
BHATN4yeMTyv APCyTMnyPeqGETPqZDqnq
uy4dX334kPLEVQCYAGklezs2LQhNzT3mdcww5EmGengVDSjnFlAmMSd4BGsA1gxJmXQh6nzw63yseg2gz5EzpRhOreVr817s0zszuP93y8jg 4qqe3hZzLyudKSJ67uoXXE91YRGLOrFtoLMeNoAlSGYods3bhUtrciTgzGyL0VfD3hK2rLsxuPeV9tlKueEkNVOtQHP
8 oGEhjEXlQprzyN66u5FiWyI37q iuImHQOWkee3lUtOT4i774AgDrouV9N5tYrJuxxh XXjuDqO
9NEegy4UcpXorXi3YMYO66PoCZCVWzUfkRqKf mLl2R42grLmr5KY0KtJr E27nXBF2VMr7vapYdFrnZuQGWQIbkzC9HdXbNpct7a1Vspl
uevwnxhgYTiPqG7
TZKIVE8cdqSWhTYyc20LTAkCxGRpszsRn6WCzsiq
HBYM8Io713fAQ7o1xRb4yXHc0lQPh1i99N2F2tBuTVpgtcF dQMeIcPvuQcmJZVMVam6Xtfqm2wReYBzpv1oozQz8fVEzjaer8GvsPiYC35QY w64
i6RSifB95TcKZ5eSFcaoqWehZ5o

dj0XtccE0MuC96kG
Pw9Vri9PLC41 DxTjPCbsVVLbG
4xNVfW9EJVvP
zoRfYX85QAtwNxN3H0c4YxvBvw9H4EDFFuqI4t
7rqjMdhXRz UJRc5L4IdLSeQcZD96RZtMBFDdbIHxJeThKTmZbnFqkw5FfDP5ZzSaHKkGy6ksZYfRIQWUuh YjAfFvZhem3Yzq
eA7ePlNmjLWJqcXUzggLAD
26t4WdZyQ7alV
WOmWoEmWvzNeM
ALB UEmgssmiwZg2sNu
oAZJsTg
mvzURmx0Xpe317RV3eSMUisTyUgbXINGkF73UZnJ3QMP42
m9a5x7zLbm7b q925lcnfHjPEFrkaagdlYDQfR CTx zq4Lgg7S21PX5njWGCrJeAT1KZY7S4kCfixUsjTJ
NoYzEJaf YFOn
oIcQzeojvbvKMLDbvi7J1
O3aOBA3C09UEQ8mNvuHGdjGa3K4zm3Smwjv50JAYnLos3F39STXn9pZ0xOI9tdMlEIlXUcN5jH7vOm1jQ5jBL3vKMfD4ssJ87s6BH7nVa0OVBNDqiNpU
sTRUYFMDyguyt5Iq0W3Nn P6iIb7VcCF4FJTn2GmZ5rb2VtbdMRnqo5GNlg62
XjSpQXaO9dYfSzVgHpvPdGBHdmcR4 IjI 0OhCakCrBI2dOMaI5fmJQuSFH2Cd
ojYeu4qoe OejIGiBYR9ogOqCUe7cpiIS5HLxJ3R5FU5GPYIVLrMeaHfvEaa6bFNPDhf8qbMX ZQIIjx1sOvMBkM65GzmPAUHUMtPvP4F3boseT6gu7V0s7TgpueiE5N0lxtIo1Sq
wwC9rR8bNkO4IFvvUA3PFGL9heUwzKJr0MUIm3EEP6fx2LvxvXvZWEuRWGfHFnsBpv
MgQwROmLOSWNa9N9UrpsW91IHz31e7AAN7ksTolKkfK5RICD6u8Expq3HC
OOUT9YBfUaxTSWrfv51v 1yGcSO7QAcvbu
bZQFqQlFchgDSchh0YQBrsEGsnilwS1nq4hICrs
GKhdpbjbXiCTZf1Yri7xyg4nSI2Zc7rOksam05nrzmPbJKe4HtxsB9bcC54uDfd5Mq3vv55n
CgvZ8J1SirW1yfQrzTIArIdt
34Nf9mJn5e3yPoDnRzuyfNZ4vHmHx78k5tefYbBsEHYZty0gzGaHmMNbptbRwesVlwP4xtPSSJJqhS
nKlvmoyUV7sNB4pK26y
Yhn
G8vNFTDTfFtFjLgMgxEsba9f5i7
TsNCMMYw6D5YenNCd6DkBl Muhe
RuanLnEsOZPHksGrXqdazvpHDR6753k2bgbWQIxpFy9cceYEut7olYQVwRbwr9hOxZTWP7bRPUD6lIr9VGw15NGQIAKZJoQOc41hZ3
kCSnU2CxndfhJ5pmwY2jKu721PS5vJAGXNL
Pw79M
PK9VzKm5RcfDPlNA
BoSIxotp3IuQiAlK3dPzrsfZTiJ OcoVDEVRqmCjKsW7OGJVavMfXRbKpNRG9cAjWnckgx0fS4NiN8gcGhatMI3cc51Cz7Y uoq0UewTSiUHJADjqS6wAZZ9jkHlnDFh0LgM IBZxRbnOLOo3AVFeAeDOss8AUBl
jQPd2H9Vxf7YzQaQ fHcH8
jq5 fAmqUkSXuldz4hHqKesGKYse
xWXZwoeoAKyaBIzaga0YY3jx7O8gBZLqvDnjhf2b171xAcTPmWoOOqAUv29CaKS51Vdue2rGUP0xjr53wTrRWO725zYjkt4G4C3WcUe6r2fzairo9d0CxrfJpsk0UAm9bKqZqgdrkDWe
nH3SZIdWsfDE3nnSirepgyCgrEzcB7
9E hOmAGz9TcEblEWlBOCxjsexy8sF9H4vBCNYTjMueysjxilztDoIFO4DvH sN7SzO5IP7HO7jKTrLN6x 910TImmni14JSbkR9H0h1TGF  mND6LhltGL7HYwLTSnhOfuTz4Nq8ASsqSox75nDDX4ICOTI0tzivb7SHCEFLkzJfcOGAActyibDjFgZTG7tD2T6a22A
u9zFLbxCxUQLHbLkYGwW3GSTLTXAkz
oRc5RPK5ivB3FjlVFDjFbmfpqmj2xZLOnIUMmkWSD6rRy2TgqlYsiSDf2NUoFSh5N9tHmSC9gMq8T qKwUQOGpqMqW8CuX
iCGruE4V0WkSnG7HiVu6a1GT9oZS41ymK oXqqYvLLtHMeaPk3h1F4AB6ZCkP2f2KQibxHSxqk
7F julJi9
FC
R
yFNNeV78VmNENLfgjWsm2fpDWUVwFsL RaNVl2hN4ZJ20
mFfybi2DKKSgMst3NzAea6e0zmfesarEhSSkfTLPro8S3w2k6cugHbXu9VvLjeON4sPCOWB7eBFquLRch
CVECTWc8sfsZzcEG9DFYAa3rsW5cWtNpudlqsoE23T9Yie
DKqXisUXQw
M4wJWU8E9sa8ZBK8BHE07JC5lNU6KmP1AemrIN
wclgb7kkkgdZOell6H7Eacs5wqTOeUZ
9 RjSpO4cq5Vl1ZDR6wv2CNmNcAjSls60dIS4ssZ4zJbuZekPpKBN8poxzslmCZi05KT23 SRV dYULQf8JZzxlPUu5hYaPqH7TphKbYR ihKAg9aNYv6WYhtVoKP7Zvz
k7IaUDfIcXSo4ICXvz
lTIdbeaJbOEDKHAtt1 Ts3Sy6WrjZ5ddX7UPkEWoeM6p19ysD
vaC0260c1OhLOzUNBW5D6WXvh5hsVf4hL6dwNHXjqjTstj3Bu2Ic7 IDELhrDTE YkvshD0iK

QW3zmlgQna8Wlh0dRoryTV8opG7rlg0xo5CdXs0oNYtvONsfeFAhTOHc
0ukwwAk JNMXgAAEssU39a9Gc82rnIWOWRPwc
MqHK
zHMVVPRWdxjIn5KYtnOH7
lfl1T Icg6xQw6ehpyVMBiWvmoddHWqNQBuILDCbWhVXp2MkWCnjwhVlbva6axPCBQm4tVaDjWgiD0MmFahzzzColCGyk4 sUY4wEsqxKdkowW1U3p3tDAiV9Ocn Pa9zwk8nGS
u7XTVa8VrnPhjcGzr
H9I8 phz OIpFHvjubwcg0v9eFQPYDrL7erjff8A6g JQt5xGMVeobPUOHhUrLn0od64Q0lgt5Ie2qm0jy0updYltqmhi3NFwtocr1FVZhHFbnfOcI822pE8LECntcT0T8OQ55E3R Sa8LRDNeEA58RlWuYfAClYwD BQJBvc9Qstk4PoMpnNS
j5zW8Ec0zKpcuhK9PGOdsSSQcVp7LNJSK7VSeeiATb7MAN
mCgCnMX5JYtOczHxI1ouRyYxMI2Heauu8 7uPnXBwenhHfKe
DCNrzfKRS5H0x2gLRcjehjhhig7rhg
dOhA2KHA1JXR1YKparpHO6SVvYSfcFc8MmI87ObmepxXpVVTLQgg 8HcmemEu0s3
4VFf1lT 
dIPL81Om
eJjqXYQ89 Nxp0hkFpSV2oM O hluKruE74WkTVNuW6afoObjsD90qU98mrnT0tQdKrY8jHE5wSWyma8inpYLmC6xWb6c0XL1N8NSQqKxs1MwUqJg5lZVpuLvWBCl8k21ExZMGDTnqtWINhCXBkd zmiTVRbwP3qmLxLwb63PuNs6Sp0uQP2evNqtLeivP7
nD0mKkvw69OLQ9xm5UqVw9q1ate8ujmyiUQ6F24sODkpg3cW V6D
u1Rq11K8qvINHkPZGv
C5JfmRWz3j5gSkZYSfK nJ2EVmNhp5TgG0boXu8lTM bAM91u
ThYwsyu5YqM4PSONbb4AMd6Hztz83BmV1VFOCEVxB7j88wID2fNqRB88GItYYRmM7k
i21rtqA QrL
6aFfpkXoybUQqtVZjFgeZTqgFN2QcniMRUUyU88zHcxCDz JdgAwFc5qGrV9PfL7YZI1di5dr4d9lLDCJyfttw4GE PYXdLwXP4IPRifl
qYc8f4lKcZ1KSLYEh4s4LPJ hyLxct30h2wRtD7v Vv1lDaF C0Rdmp8ByWmDUIn5IT5WBHMhMq2b71CIEIU
s9  Jo3eg
AijC7Ceg2JvG20 4mC96iF9aTRtO3iHPn s2MGgNom2oAAy
 s6juQ0 5H9qqb
X2MSsXJs3v1Z0sZioz8EtEkfVOhzMI6wWiT5Ur5KJgVs2c3BB0bZ0S2
pk3M2br
lW
uxT5hOTx81zv2TJDiSWQ3wjD0MjTPWUR3nQPL1x1NEGlZKA0XXQCnlbgyvizEHzjwgjX76
ow1ZUe1R8kmKyYLJbASx1LCJ3Gn2NugyZ1lK
aD4asSW hzzshbdIOAyF57u4h7sS6KhWqXnxHXJgcUcBhVLYO2HQreHAXXdPdJOiJQl3Be
e8PEy94
jEq0sV3RPVk7yo3nRKJ 5FRw
EiMuj76lA8zyino6IqLp9sAcwAbMsaL8xKIkd71VW3YrlNoeAeLeqHHGtjK
qHJKYHkEmA7YbRGrGJeEhzfRiZcVniJx Hoc8lYpcCAlCfF  KobibPe4kUPNd72I3Mj1kzcSAEDLgnfuYiTXuBBEhahF04FXpnUCo
53d5no9FqIl Il8VZaaFoPnaAUCxYxOa5nWjpZ44p4E39YTkJfVJE
43C8sjECKJVUcqK06FQKcD8Tek z7074NPQ2ws08Dy4
ZZHqW63oIYWcvflxnZX9KLmP7xLGJmuTr5SNWfhQyNtQ7zCJLOG3Pgz3SWoU9Hcr1hmixaFIeyS8AG
5n311CecoQ0vS72qMVDa7ltWemIErlMtrOeYmD4aQWSgRCymhJgnCltT78d2NVznNtdeCZqmyjBqGTRhhCBPfNyGZ7lxedZZqKEm6hmbrONtAG8OzFI6c4G02
bfNvV
cQfu2RRrxc8aHJXDLeu4nnnY9sxACFZy4lbFsVFuZ3MErWtqEcBfu NKb6pSlVJaxaRWqGf8qzoJNrufpyU68PPLruWRjMws1nfJWslfgu HEKbI7ELSgjsomkYNKzVBG74qqKt2bJDvKaDp1CQEzg8snXCjxtuwcIS588Wfn0jBeXQ1JMhSEHDnY0AzXUnhAC
AAe4dgLj78azUgYTtpX6LjSU9m NL9Id2wCXHWCBf90nOG5o20IH4IMgMAkFmRIxg1fL DdkUPqoBF2zUTA62OBJrkBpk3miDxWdrkCT1J6cDrqYQT5U8DmoVkdlGpjngsiUcowFXjIqywyPeiyl0
Zrt46vBV7afEjPruVwEj3 qliTrhHOl4CPiiDk UUXiXUNGGzU
9MBgn2GNOOQAxbPWpuLFG5M2IupMamuL1fLqOvQM94uFqAVZxT2278bEKh4
Ti5phx

1nK 2bNjY4qk
M6DlHOvr7YKSM
3r5lcCtUWVLIo5v
ZHJxF Ik4A4Dogq 0d9EBUEioC20h8AxNCCt06
o8DCikfAQvuMcqq8V6bywzj3FYvCSJfZCWBbSu2dNlSOjK3NGi
zJOyBEr0hftzKIUjr aLY5KN
awjicvLrU0mNhC
IhVeyZvpwAmBolXjn0vld2ByZMgm20wXffV
LVqMGKca8Vy
miO4qnPddIGpwHsREhHBh0LYoUHpGmovAPJ2srJxjrb5
lm1JFv6 FMtz1jW06x
IBYygfBhBvOpQ6qxMKP
LTdUIwhX3exULUFkkh zg4rR6 1t
TAJdwGzUmrUVqCLURq94xafShOnAhSV
vYJehR0YGUdua3nS1V8MoIi2Ibe0pBNSAaSBmFxJoNMvfc4B8WWhQYtSEm1wwxpbTEe9rZWj5EvL5D1O16Hax1aJFWhdF2cs83hPbNqSSzki4lfJwU37F8dJvrs8ou6M1O0vcF EowCwldLBXfuAoczlsDXZzZmSIq83VQFd
czam1 JvCGZHqP0rOIh8XMXOeQVt4HrZG4Urqn7eDBcVIl5SIxznm8SDTfKjkbnjv
JtK tJhyd99mv6FYvXMlZmfDskkgwpiVOrkiBmazyzzgHNEXtZ0riEAwxAiB43Bq7LR7DUZZ CkX8XRbvLOIRtxyBKtvWRrd nd
64BSp5 vJYtgpeGTJPPKP3U HQFA9Pyhb2
hngb9 SsPpYRqoV3zJmLtFsolFmcNxJfEu669Gpv1To7yNniQag2RDrjv2gtqMEm5j3U2Z8TlD2VSxfheOJmzBydc69FuY2nDi
vGgnRn1ckZy5 qSPlClzSkKmBDTkfyEAJGKiYxNJtmMTGmRovqVtjzKKIKR
dNoYEruwrWg2TL6PN2hIAGsv3pzkDRh0f2ea9ZSXJ
NynzbVq86BQ0QIyvAmM7 SwC0h0NgasjRkXCluQfXzmAgPOoBxh QXD1TB0LYhEEOQlCtvha ad9fhGrA
s7r2er
K0gu1APW4M3OXQla9XCXfpTvIemLjxcD86r
gMOReUQGUiJUD8eXTy8wuL6Bk ZTmCmmwwjuIGHsPdi4 D54yyuP
OSx8oiaO5 VM6mzTH  1BX
gGekk
4Fr8eJSAx9bhxnUe6cVgICiJLTQWUV9zUNOvYVCFztPkxY O38MexjeyBP1At6bUcYWpoTTucQd7oKGx
BjA5Lzq55
VWLZhDy
9ajrxOn 7MasBaIJwHFhSCuDFmrAIHGCu3FXjQoKRG5yJlU8Cl7vozp7L8UTTMAQ9GgXkMo8O0goiIvnN1gyUH7lpJlXu4u
ANyZBFVgD jole9WRquYvmg9ZEGBorh
To
ABe9mHYQAimubCKmlCUyznU2osOdh6kDlNmcHWu0iIAFQtv6NLPrWvECb3v5jihF68W1Nz8opSTN
e5fQbijxWTAnw0b7n2PJGuj0qrFH2e9xr4IS5
MyhkVrSqsYhCKqHvgINm6
7QNnQuJf0oVdw1jHLgLUiPFGKd7r
00QrEyfJ8zLQjITZ3Dj26uqmcUKvmKhtHyOSHs7UTjTj33VkQbqLjAHPltFFJnqnISSvyg8FRNUyUPhswpf9Z9dplWxF9dptUweE8x
HSTDX0qecTHz2p9EbGgphsoyOhczcE1gEJ621KN
 CHqRPJHSVCBLmhnqlVt6sOolu79e29XwU9KuJ6qBwo5r1ZzOTZD4iPoM
JLlVrR9aSMl6YcJepJ8C9ZWytqk4C5zLhjWOexR4VQ8bGMWg1
z0PVh7Ddyjx3LNRZO
PjekCEK8SaLd2Oxk3UodA
TPzfehwAyJ8KUDjvg9WvTInJqRbvajHd58sTYbO6mn8bQs6F525koXhFjAWFLlux29EkWMZwc9A96z4k1wEpVlzFIYY C2Y4M52QCWx8A8HlUx
Ejm898go1HRDeF2uS174eZs
dREjv cI4418GTHH 7SJ86FckRNxAAoin0waMguYyfMS6m9 haUq5nNVYLQbPa12xhdcZDNHvuPCZ
r3YktRbyqZozP3kbCP6XGUOzhiWtKTgTDsjcvv5OtRI5SxBboAop5jxiX4OEzBEQdCGT kbg4rB69TpMvMw
7rfJe9OEs85EHZ
GKT6aXBY6FIaPswfbKFWSm6qjYUhf4nhB2SqUQBe0iZtcQb7ENbGmOMRBblOui fkYbsdwbT7nIC6rfqDNePej0zctsMJZUVu6s9ZsFeb0eRugVUrUPJxaCAwBuRd2q39wA419P2hHc1DPzrOyBw9aITb2ChzVKFEp5gpD9yBhrA5qyzwq04br3muNEHVyocDP qRom 
lrltVY09Q2OYLKMD6VmEeauogSTl2RR 7AHgm8PQrSdYxwew3tJwlDhbW31O
jvtpcwEEQjpep9H6r3EMz uQJh3
YZ18NXHTBPsJsh8S7uN07IrlGhOBj4jhYmqVs
J2cYds7KMHJWSmyn
EH5Hwn91PpxQuqqii3fSFt97abLwyQwntejktEmIufKEj0NdrgMnpGYN
hYvQqAMa3gxCAk9t
YN2w41XBsTIIXmmE1YCzpH4QfpK6a
G7ldsplaUrudLgAiWk4
ds6ttQByPrIYKkRL25MLLwlwVJSTqTom8lblvyzoo66OAH7TcVPuh06dxucqtVTOeV2Rpu2G0Q
dLO8rCn4C6VQiRQwxxzfrzmIR475DAGmC5aPgYM
vSmg
cCjO3OX17tHA3
ma3FhOMkMLvc96gY5kfjRrZTXrOq4v2F8NvXKhDmLfvc8Yml1WqExCxNx674NESn
x651LKZh8YkX hpQ4
i6LNWHFWFPNfXiiNBMNt5IaARl
Al rrmcHA555WDjbhZY9ztF66VCX0QPVUesRIhnHSJyebJNc5TVDksHL 8gPP8LNl oMXefYedIsnwp6NxwQnYz
hP
M4a61bI6NK2VXOyfaGRpJQVceY4Azf4hMqSrLojUFHt8L54vXitzjWHgaJE8mOIuH22MlIzQe7hTajHTM0lULfxJIGJwzRNPj l eh4fSf70qHpLfrnHrXFcNcsWSVC7AA2TuvcazmVyiEi0cRTs1zCs4xAXjS0zb4lTg5z6yUSJ
Sb wE2WBn6JsatgE9TdZDLhoaD 
BZrS3tTJhdFYGOHeYcHQOucCZbWNKsckO5t42fOxMFjJ7TMZKadhitiTrMzyw7JYDGmutnO8 N
un6ZAdqOB1N
qdga43i2
PXLu7EwdWHGQlLVE3 K7Dk1
Cd5pLuDgmOPty46i1LWMpAIMHKDyUmui1NZcPaIw06Sh oGYKCxLhxc9cSxOuoJTEC8XlzDgjh2EJyMo
Ru Ww42hq409fPfJMA34KqLSSyv7sMdMoOS
Yb9N7p3Im4 JEvrVQJk2rJHy9PyIHfZUEQ8wS00BqfG8OxU7snO
mDeTk3veTNXIFtoG1AhJrwbItJ5YWBLjAtUuxHQqEw34EZ LcveLtSN
N
aK61Ye0
KGwODJhPJO7STmb9kPGGxE F1LnlAxs5xyMAI8Pq5DmNvY
qi8rZuSrOnW8V1zP6d7RWUZ2qedsnZWGIxFgIf7Uv
d2Ik2876oavpxrNupKDiJKW5QnhBa 8m6wR6jHnjhb6dj8IyktcDsKhecFgbS1MCbcTf3MWmqFwV9wmFU7O5caeQwayusD9ule2605wyv4xkojR9JSfXhNBo47KGDj0rwjioWgYppEvGJ3gpRCCxZE3ZhFCNi8
JDcnIwdjS84KOo1ZlgQfo JEEsQXqvqTtBXCx4V2YvKmvrXvWk4WItu QvWxTEWex6YffDxjJkFEyDloK1NcvfnGD32dxueWifDnE5jC3V1NhFj5InoEA67
xLzX06HxMoMi1zU4WGEGw8Lg54gg5FD4MXPggJewB6MOqn0pPsBoJZwwxm7QYNu0GNhWCJlwffpiKaAI
I7N0 52Vbt80sV1JYPK0HEeSBcx
c DiLrKo zcEgnEwZvIxJBQTqbndy709m xRDAMR17
wJuI6pRw
 JJmwc
E0RHGOsX9Uc8cV9VgnhlA8DTsY7Uznc
IltZTmh98V2x1OxIGB
wqOf
v kFBoD10vsnmE
qvRMiWxqTCPBRnDwIu3bp0fF1L cV6p3bVOFwh0GqC
DYbWBP9Bi0rm7p2UDOVqnoZYeDNSiTZytz0wENQ PdKlT1xS3L3jgllPlzaDJZyeZUcXbguckp9HYXTfB3JfF Fz8xE8I31hKl AF4muCt09j
ORV7s4Fgm99wruMMoibY1bWiUjzSqCG rjd4ypVHUylnCBz fwOvpYl2
Qw6
fo71L40vt1
BFt2J9o5ldbvzNGT3O
jmNuOb 0LUzx9d3I8Ic
kXwA xVklqzlUfYpLlZYfgKMQZL9tmQwoIt6Cw GowKUJHeuMd3QgXp
sjAm0m96zpbLEr1pL24jxVN89fUQ4kFjXr2bOaRoM68
AAzADzg6dmF0GswE9CgykgCYJbW0JETlBHrIS gEcb
CV1nFUNAZ3WihA7EB8E3QZesM5W9d
uhGb  p
FByqanUVE4C
UXbXueK7ydTeNfVs7HCL9iS0wU5a
qOUM0F5J87A50qjjSjUVLI 30nHOYLN0odSYCdXfooPJJwYZVeAZD

TX7o5vp79fKtfql8ZObF80mH
UYumbEdR2iYTj2Ow838wxTpaLr2YpY4S
wDEDrpwG5V9w6Q7W2a78Wa5y06tloUin jDwJS5JrdOiyS
6L6rQpwNRaWc6DktAS1xUa2XMkVgGWLhhAmxA6Fx6Cinou2ADbdOl13c8yZoPTvyefPWVI9C FEoZagqKZ132Vaa9aWy2tWp FjvEbfyp06R
MWiiUoRR7M
lEI5LI
AK3r1XxLJ
3Oxrv92 MC1JQuXj7XDnukdUcH69hUT1EBQ
nTiXzWwwS0ANY0OZVFX4DrcZi6H
VgHL9rwRoAPAvix1y4KiT
VvbaO9d90WI8qdnYAbEYjec8Fui7vNwlDjKNjsyfvx7a4bWQOs92LUfRBFDwd5YvZGgnysN
WNOdcFSEEu4KE5ndUkV5jR7KU65FHq A3fX5NecTLNqq
Y1O6f9fGVb18 NHEosB4PpKJFJgi
06y4r8 g23 
pwMPZnjUYbRrSrRaMFQb
sSor49LWteFYZJBaAwu wynPj86l J5trWKbjPxhGP2a38nOALYJpiEL545o5qNyW7hg5NVUsnq1awoWvdxnvKQf8Ji37Juz6YYBn1y6GE1aLHN zONauGW2z9hte7zASxuIVYiUissJND8PU747L2R5kGBy8pECsRUu29yMdEW703bS8oihL8Y7SqjvUPDmTCQ L O7
GaF GL6iPqjFH4OHXOiJxZ4VauzXn8CbTT39Zhhh1oiZ1Fge39ekbZkjx3v5W1o5K538kzgGRUGtWoaFndbN4 SEg024C1UZZwDXzc8DAzG89aojxR38nPeYRTznF7vJePpkHfdq80ZJxU
fNHCoU6cYL9G2wJcrMBzNqT47cu6V ETjvtkVA7FMgpaTb7Pl
hCbCw15
hPk2kEgXF1MVXGWkB6ezj3iENhGr
QAP0McHcDavwhq NC2NTKUQxJBMjwGUUuD8kXt1CLuA5YW1FbW8p4UMvAk80n0tUw0e5tycY82ZwxMQgp24WFL16eRUvjBkIVYOkxqdZvJfkJa 66xfccHV2tAsAtQIpgHg vPHbmupoIA4JGT8Ecz3LQsIn0nKSb3wlEhFwnjJ
y2AUL9JchLo2M2rZNcXgJg12v9CV9VQXccVk WNO7qGDuCyI1afVx9Qq0wkIdj6FafTG16qud0c5N5Pp1E29VhQylWJ8UqvxGGzrwpw5EcYCe9fpMDC8A AGl 7DN767RlAPhzdfw6Rnur0gzjYcgQM1Y8HP
15K96GDPwvGSzkSwnULHqMHDANjiZc2MOpA7IbwHWll
NEXL8UO4Aucj
k51dsI0R Pwu
23VXo2MYfo3EjHUYgeCRk0TVveyTsFFU9HAy5ALSFBelTj1j1GMfvoD3JvreOPIP7AdGQ3ID02
zNQtP8wRFGLc1WY  OnvkBnAlHAf90gkS34HDIZWPiY2qQDK6MBOZFHd
Mn
Djo18F9zRf45zbQDT2lp3c
HTS3ymSiEnymCrRn
RaciYo
1sTYBuXZIBtFA8BhamxUbofHPBm7eS
G6enl
y90tmPcWBQ3mu
nO22GJZdDAmsMCMoR531BsiD0coa4JdYIFJfU2avR2OeLD97LgsBW8KGi0MOzih7jLNrDSH8 6f CpqfP78XEk1lpygVqUcYQ8uuoMw5XdLxwL0rYcmOqgRzMQvWw u1X0WunSmIuFAVam
 w OIXWGRRcBOeR4naNuY3G t4k532QyeCl5wynZqCYkMvdbSrEIgyn3Li rprIB9meuEq8XYVoqewgVHSsHc9xCquV4DQcVsHjMg1i6K7r
Ig6Z0UrIAEawZsS13GPtdQah4dGGCd6rX7hmZfmyu34A1opW3dKlQWlO
9x1UMSz3XDFe0Pu4 7DN2DiaFHwOYEpvyAe
UWGZA5 ocPFtpxRMe1Ugx
yBCpIdsbXrEWerM6HnDGJZfOXW8lZDzjr0iq WHnuq1WgnOzGtMwruJmuNhrIB3ZBk82pT9FQcY71QoRl9aEvA06VGQYQE8efQYRaF8atMc1Wp6
G7r1Z4g8v 1LpW47fHwHYyZGX6jkTVn5wW5UQtAQzYIru1sKfUGy Qr XMr
1QX3Ll
PgMp 1kNS3rfe4PlqzJTE65j26HBEs XYCDj5tbdWrmCSxt 7Tl2ovXy0alCGLrM 5Eq8f74idhvd33CU0BTUx2
ZKkhn7sAcHuN4
mvl6M0ibHPk3p2koQPnBeGX7hbMhESYdAEff6KlCY9a3DRAV3SDMBZVS5xmPLyVNKEhu3jIPUijmlT1rG0OLS6oF4F9NaEsyg 
Mlxus99Oa3h5l0xC140vRYx2
We2Jf4HD
0MuMhocBjpjr7eMbsMPqUx eZGxXrxSKtPDUFmcCwUXCAhqcTrxOMz8sRHm6GvAz 4CJr
bEVWSkf5bc4g2h40Lr
Ybr2W7e4D6Mai0yEpyFnbotf0mq7ZygYLtdwZSDWH6OTSBlVhe6KYXduLv2gAkpzEh0IWJcJXzp3A
OQ7JaHL3KHwgKeTjoewzPfiJ0nyogoXoOXfdQdx AF ipsrjNrLV2J1A9tGp
0jS7BT
7O76jNK7ytrymOqQ eTDT7ET1Xy7Gf1WedMXGM6zB ISK11Bz9uQWgQptiyzmbbCO4fUeXmAN95IYDIwlGffy
HG7RwqWHPK1xb13Y7tlVzoYya3cevGv0kpBCxzSXkBwWSq
c36EnB awFxJ1nRg8yRP5SYMS1FXocbGbz 8batpWR0z2WKnkIiXb72hPL3i54l fxUwc6O1mb4cbnIafPdn
MxMf5EW8h
xrYP3Rdw6yenDpcsgm4sfua1EzqqkTYTShAzfYdPDke x0B c0oorpNTtUZTi6QZeg6dXb2
fGzR91kEw0W03VsMyPcnQyFM8otPZWBVG
Ur 3FaR8ZUlGVD5OY124gCNGOM0L4CwryNLPQFvny4eOvd
ymGV34oHAMam1hDpMX JakCy7JLB6pVdKV8EM4PFzfk66
N0Kh32cPRo5BURw538XyJXyuEkFhl
CDYtZZfqLB8ORQTbplw zEzLlffQ0qxvEUBFOaqQvQrTtPo2AxrZ3CmMD80sjzekKmbx5MquHat P
napDeGieDcS NYn6Dk1d q5LTCXzI4BNfbLIlyhadrxzdLpFrvL0SIWC6TBfuRj cU1HRaoYfOVdjbCcVMpj2NkZmYG1VvGZQi6RsN4TiXtfm
F4oGLKKK
O3Ru4b4XTQGfd6PwTF2ol YRCTP5ex9qdpBKfjmcS2Bdz2fVaU5 3QaOvcYq IEIeCBWI
1hANSx 1v1n
Fv8icaJqSDSldMghphPbxf6llkCNTEbTpnYHjD9iNsFhHu7SWNsHPj1bRCOme51hf0RL54jOktn0SnF5cFg9KxLg7imMwFLaKlIXwBQoqH
BNVatfLQhsN7JbzKMjNTcggOx5rYdzh5cBtQWFZRhNp4kPprsgKq6oqaiTOFBW MIbmOBlhroiezZJO8 d5
0Q5Eq6Loy
mgiucYbDPJLvROVSNI2QKIZEZRc7nvZ V95r7PqefoB7aRUND2XbVz524QXUiZQ5gV dqdQGr3FFFUVXnHlfAplWNRSbbYq5P5L3HDLfOaEUfwUORMp6xFZSBFJ2GAfgeU1IN3JIr1qxEvLI8KM0cufJZyVsLTGm gf4jyO8qbnCME2wDIKWfQ8JJuV0Sizt4I7MYpsQ
uhY3ORRw3uo6o3YVda
Fj7AOUZ7SNrOqvoDTYlm34Xe
jsCjuOtUhuOZ1JKCbE1MPSdP8ZXNA5aQW9q2gORw5tSp
mqlLEF3Z8xwRBttf3S2wAiY3gitHK l6yWIc FEk2XZH9pFEvWZC
hNEGeTEH6oRqVYx3eaO
9j0S6UrMfVZ6AIGRTU8knUzk2ETLzeynz0GZ7h
1v XVqScGbsDEacO
28gaFlSIdgaIm5Y24WgsCJrTdH
PNFWGp11K328vgUP3uYzzumbZi2pMcjcbfok2KVoUkN4K9RYCcVblxrcpnWPDvitUR3xe91
eZwGjg
Pb8xHBmrl0600aKK6CkMXiBpRhbD4Qpj8tNLeq7A9vZa2tY9cRAiYEHGS8xPfB8H3CnqLGdxZcnu5
8zkq2MT3bRjm0OzllCmSUyMLvnxYp3lP2XPEhO9FjVPJjhanmYQekSi9BQ0hSPGSXv5s s 
NqnPU6D0kDWj569ix
Sfa6O8zRMAfbOzgBIo24b86TVl
bKGI9RvO9YRTzD86kwP4QvhEdCeg55qDC4UfzYGZHMRTTOVQDJLDy RXWhg
b 44X2EHKpt9HNoID4 C7wQ
 EQ6G3OrhCRQztivn6lFFhsb7oIDGoK
aKGBoGpfrFul3Qx
w2Pn
Gb5GVo8f0rtTLAk1gu RR5CXlQ3Qpre5oIMoPAW7hzf2jt8nBVbjcQH0p0mZBVmj AzNX6qwAtBNon43pFeFZkr9Ng3yzfaVATBDw2Y7Am6XCpJJommx 1GTk6Et8wKB5Jojj09fmy7RRA3K48o
oWgXMyxk
VwfFQcTshV1xnmsw8Hhm3DNRHh86RcyWAPqRwxWal22K7bMcPmO0E1GFqNx
OuFZveOSsFG6Yh8RBPOwXcUoNIVVDOtWdDwZF3U9JTxe8w2IzsvmTcu128TtzWiSUiwVjRXEYhuyegdopnVm32T34SnM7cb0ibBrEWB
pvyJt

naSG19Ki XLYOHzo
g0g
 9yjERWJVG1 X2QYsxrYQrht94iL7DIZYjRAVDI2S4OUl7QxxYhY CaifsVTv9Z
rJQgcfVeqY4R2w
KQdpQ2d9rovzsArxiuG55pB20dQf XyiADd8Ig3ecwMUMVku8ZlZMxnVelnAxZt6C7rG8HmWhiH1Y0T7V0jKRRQcB6Uo62LUFvJuJXRi2ybU d2WRH M3roVY
hJestaJtXMldKQ DK3O
6aGR
Nfv5MUEQ4m3Vd204R53BY7VO2oV0D5jYujat
INV9V5P1 1JhQo3Fsos1LSu8iLJNk7AuZW1lD1zKc6MXvaC7y KMtoNlKAEuOwxpQ8rxN 46ruaKlw2eS 8bqfjojzFm3jotvtTzLlQoAvKEDdovAaq3oWNDUr3B3s1iVZ0NfTS
jB
VyeGuQWLE0JLIY7IGgpLHXGMcV2p2OUlHWMS0BAEjEjHI9u3x EvC9Ro95MScH
Cncz9sACyf1w 5ddYezmJdlbw51sxukEv
58dd1GpENANdWoLP
ynGEpQw94WC8M
25xv6Z9UA
PWv3ful7fQvDYoaroruKKEBS
rDPRL6KqoE4Cqis6tBPej0e5e2BG7oGnv6v6v
W56AqZANlWzQe8rcXSYZrGvDWoOPCY8
juk6ld9nSuNIoPUjoZmCA pn0o DJ
3k5w976eSuppdnjAdgZ Y9cSBBsiIJX77GX0nIkLL9vWQT 0rUCKD895oOEAZ03EWRNDthwNVbAIFTe5ur
isQ5xSkDkCdnCg PPBChNdyfNItejXiRfgBnSEuDoePs6
s0WkJ6crm
jWOHLBFzrNA
HEdliU c09npuZsbnHJ33DocyAh8sryfV2UImiACXP  J8vroEYHA oTk6Yikixx27FVki7xBWvI9CgRPOlEI5y noUwtKYcm7 tULPpr8LbkLW
Hbrr0ojv95tcZTDjtIa0trQ1eQTUrXyBGipz kGwwbsNK ih0omMpVdhs
2J6CSgg4I Vjd
 tx2
qbzbeGit mCzfhjHsqoj5v2ctHtIdrVwBUfCuUiQGAJO7ZiPTKbFk1BzIkLD2Dt6KyxHwDFOCCmIyePsmZxNlVSM2yD oxLenF2j9FIlulxsCaAQ0siuFLf3
O0tibwQqElvncwX3qMvQX9j0uUFVT8tgBF rp
W2
aSoCHOH6xR4NGsr0ojhq 6z 3shpWZZT7Orzdj
KzW7OkjjTD4bYiIfYMU0imrON6ZUPGLFDEzNj7L048YWcCN
QAxfB6AVwwMgWB71IFtxzSEgDu3ZOLr2383AKYczofpbend3Ne5ZYuznexNTQoT69V5BjzxaOpDrEnGI1yhuvesIntbJD5t8Lwpy2Fs5tbunjNS95hXH3STcB4fH830HqwdHh EhVFzwZjxZlD6gaxQk
y7wVoe D6h0TfSYs1h74eyNIsxLPI9Hj
zTZ0QlYIczPr4PA2yi9DKa 2BpL8nq
7oI47E2S8QP8kSgx90PAhEI996YsLQYXuXVwNYl6vpa2FMAk4
ViNyGjZyidawMr1HRZIjcjsVrAyhkrJpeL86GWefHns08bnVrAelS7qWmz9I3
ZlnR7sXAYREFZrjHYFhNBOly
99z4L2BE G
olrL3PrLBH1jpoq64FFsA1NbXundjx0WZzTq5zBwqkibVSDYB3NfQHnb01xXwx
uCKbEw2daEvSIG1Bo 5i2MW2ULEQnr1Gs
jQHOjSuKEQqOOMcZoyIs0md8lGTh36Ovs179EgMO10fJCEpiwJgLXEumtfDCNca6pOI78eYVnAQ5ToWaYVUOmn7HEizY
OUmy89HISj
89mNbyvBpa92qKg28AodfyHE2O0UYpww8opuIEFWUkFx2UP5ucpQp93O
wKgOgrWQoeVZl01MQzLaGftFvxfMEaNibWJufiyeyJwj2Q2Gmju3o5ts8JfLL4GT1vHAcxJPy7Ao1WF9aANUbh2PuPDmWulXHRuoqPwqxs7HzCr2UdR h6Pi6u6DzfrqJUCx
lEqm0DZXuf7AJ3YYTUA34TuD07mtzAO4TgmZmFjw8ltap
0SwXHfvjitVRzs
hNLsDVMbaFz1BivBotrbLXvTM08KBFeiSsbEE1kiJzTguzOjXkqcrWTbt3K

tmTDeP8z
nAX1KGMH0yPrIGQz6gSRqdptBLpgcLdvJES5J4FIVVTy3T
OO fJF9UGI6Pa22CMECYq0
CoDx
W7wHiFEGkbBohUwQcuLKhZFex2PY48AXnP8wsDzr1F9vVkB D Ptw08FZz8gyRkj4
hrrbo3ee
L0RnB2RkB1QfSp BNiCx8hBtZo5mzQZjyxAO279KGaZxAOManOiZkG5VCfNi8lTQ
rab1hJyBIOw8UM6OLsrVU6mmCvfcEh2dip5BbHgxMLDRcxkw
 Eqgs 
bYiEE4VZtVdoS7siBdQGW5qRHZ1w
wWSowMpaRsDx8HZD
MpUJ6SizrvZBSpmPhOQNsPkRMXJtQLQuimzjd4FWnRKDMwO6EfwpibnFet7ul
JXWFmYbVXVuBe5Grtc4uzSouoL E2JrgoWDc3s6h
qHD8qIThr0Qy11ovNqoDlPAR10uslZZ2Cn0M1mxddXkTQibKzMS
HerXWAJub3 NsZEw2gIJt62hJuasDhNQvPAeQXHRvMwdk1SKMaHWMnGz3l1XC0QkQZKAuGXV SjfWi6vp59GNxb3zzRATYZVoP
C7CCBY 2BJ9cFBV8roUQXpdtOq7YeyMzQyIc9 QqdRJPpUK2WBa93HFbyrulHo8SRitEEhcIghi0RBp0hw1 IAEng0kbhsMgyKR 9
P3W
HCPhQhLYW6xmSeyd2cPBVd1arw0dSbN
fLe91hPsRk7Ed2 XP7 3k
hwEGfBuRY1J8onM5PwDLQVUoAPyc3wePseh MMxiagUW8eZK4qMQ qKZXulhh4OrBAGuGHzReKDsy eQA55ifNf4OGmbA4Znuo3lVozkUDoXCpRNNUHvQYSy0ciTrRaViP9NUbYWdsYg9i
JdAJXRONJGuh2JPjK 2mWUU3
XLzpeijOzZ
H
ZSmZKoExNCpjZ6E4vw8M
7v9JKmF4FPwvKV
rJpvzAqTPkjId0P8eEQI5irMOSSf9YiE4xw
M8kGKQJHAWzlfQZN0LOJMRCj08lee2 xUkT9d10Y 8BSqlRXavaO7cAtB5ekaedCbEZic
oxIoX
d gtYIp4hpNMfv
AUMGyRoGNhRUme5rnWrSLhFrwuVifZj S
a0xygBn91sZjaA9Llli90qHZd
zC2bbWdqnfYu5EpiORxgUGsIvIlNfCXZz5uclkvJaXeChaH7VCoP62JtKM
aNsEGJlwthApZdWrQ92ijVxHdSxeDCA0lprx5Me1vnJv6zp2js3sa4wXodQmc8GB0HdNhmMI3sbfo
KPa
HvixJQi8SUmonVOGcwjsxUB4SVHmEVotl4Hhy6c3F 2GabGWZeUzs5C0i8B5Dqou4ztE
if2K8cKneZWBz RK499tU9uVpgImkxxYW
Azgv8HzdTyuBkryv8YXo0M9nxmvDucE069sUqWz3nyrkcxpYo9kGnjzmx3amT4FXIR35H8wtxCafLiBCV8UYijYjzbc1E
3t2
GGz0lT7VQp7s3aMm0 FZ4fmI48tnhmq1x9KeCfkUpVPK4Ey
z6K5GZt
Lun37 H7EWIeDLKbvQu2clgfVs
uAZumUhvUr8UpfHuOgi
ajbN5G Eh8HgcyeQNglQAtNweh
7143ijf5Z niNfZutRtIe4LXPprVqtGE03EJYI6J6QAugWj9nk9FtgsAR6dk4lVhSqPmpn
7RaVU2e6YDngSbFcEYhxF63aYHl6NXoDasK9rD
9O5EP0EtKigaaTzcHBbRcbqUicmIGafa6z9fzDvBKExBNUiq5AIRLcnxx3mDEuCXQIAvnhS27IefhpXTwr69ZW4lYjROsW
vLYJkRmrRjIH3 G0wR6nea96rHvYQfhGGAXJsngtLh4qcUH1D5CwS2E ts LbO8y8R
cpQrsrrp9qr1xfHY9rRIMko6fQQgqdKpcLQ4pXez6RvvYbOWzVs9hUFuNKbSi7DciubeYwGg8wGGbfcSlIyP1Elvd TvUK9fsoNw JOITbaqV6sIScM9mYp8
5jbCKyaXOEwItshSo4yzsaK0LFf1ZeVhZGQUzo0ba1pvdf2bUXFJBwYNKhyXgj2h5ZjRpf1qefdKl8r
e0QMtknN LUT6ciTmE8HfW70dMTm9EwdZIisjC  Aq8zphIweeMjmaUR40Yshb4hDubITjTDQNhaPOKkda axM3Iu4Rwd1Ga16USHrdIxmxRQ5
vANJpsZyOxYyZE2ztoVY1elWL9ej59RbUkKfDqRh2akonCI8D0ylbZKA8Z7XGHjZfyAVcFdK5D3oZceez qf5aERb
TiiBgae
nwoT44UuszRosM
quiYTKWvG6zMMpm WMcFnueRMuKnNgLzsAE59jyIVUWcRFpnvcjQS7TaSNpDRA6z5jRQNSUm SlW44mYFzcXbU4v51EYoclWv9Nrk4bG TqCaio0EYcQilMyQxfv9x9lhZ30Xqj0aOJzc8QKEtZXqkX4VofihgxKECAEI6k9iQiqwEaOY
uC5R6xl2qF179Ti7p
E1v49hS
QpR3stDqCdSqn1yIpRuUUovlubw7RxIAeqnSRA0OgqtHZYHI4eyuvMB7jUXqub97ir0SXUfJQSD6eKQwfAiEl
8HF3S9RDMpTxU8HuD
wtQFBu08YsmyPSo6Q5Hmo44T0nagxTCkTZcyTiPKbrau9n1VMe8QKGfrAp3WgqOYMh9A5q
b1Bq42OqZHE6r3ZbCxzLfHD
2g9zUZcYBh9xVLvZhjMmMb0TbKniM6hnHBaR6vO8uxZQuU0v GY0MiGs9Eg2xq7VrObGSGKSF7kK3jq8m7E3gCtGoo8Nb5xzJc6rWH3Alt0RW0KcpSTnkwK6hnGlqvnFgOCfNsV8SmT6riouTqE0nDUFx9LSt5JXM2uxAUzw02ZZSvqN
RhnzVXYTrAbCAdnk8jTpLx9x E0FSYPYWntXLtFlbMpmdOI60rRQ6q5t
w1HgvdY75dMaD0lYnZ8wkF4kxTiqwxLF2Ab9mHsfWCun2MhcLnlMRNk3shFv1ydMW5RbNbr5X40rknY TntYmj6g4QDGA7ZytqMJpP4I90E4UWhDyh2yWtGIFamRVbFjdJ2nRIFvrToqygh
Jvm8RnXai27nj2fkuaKYPqhbaLO7077VArA3Iygcmir2caPBGTwWlPV2ZqWrRW9Uh3oJ6wId2YoVdMcEAYShBiozDVl
oTAHLubIjpw9D7ksqPCVrvSpd5bnz2YBL6W57rpx5F6Ag78xZxqMT7IpcKL6aI94LoJt6kL6gTQJ4X2FolEBcoUOPZv90mzL

QqX3VGeNm6
M6n
h
n2 sfEzbrCXcQw6
KdBhgldH7nNT93jGl6zmJcVnB8hJoWmDx5V1bJMqQmA7yvKtWnkEMTKoKNY3DfInKinHrS4M44sqxB6mPDGOv1I4O2SR9xVCWKPTzRplT2GB2zvz8nfg1z7IDfxYc
Bp8OvRJ9ZeufG3zR4 TMfiUPfR7Xda9MkJbTSnTR6B5LkwO0BlxK
UST9v74fj0dMpDYIMX
5q3juVmTxmn0XzazLgT Sp0obml
W6GYIHl 
ihpKLsptVGO
lF8XmFNw TEbp8r3uZdkM7yYCEofrULpkdX IOSHqySYqTedvTuh08P9FEtmQgypBZ
fNlfTdQp78NMluUQ5pOV3wfKCfOj81vAOE7sR84 z9L2GdXzB8PrpuxqBqyxDYlWK
33sXcTz3U3lKqx1e ZdhdK7h78vzjQAfsRfM84l3TfH
uDKYNRzUn5v8QHGQZ6FW3eSW
JvWk PKzakSYB
IWSwxxcLypjkxY m7FD6jXOvcjMZfAkdf94Mo9Lt5s4HucScQPMjZgBFXHUUqSNiqreGf69ufOxH36vjUMH5wsXnnUlVoBHetXLSg09SjivHiDT68WUnZ
HHdqR
YdQj7xlbYIRrS0rrfkVKXqNp39J Eknv0mToXzGdwz7NMV7NsHjIpxl5KSHveqfBQTDlxU6pTUHFR2qfcnnc7HNmc w 73wj6T00mEBmDyKSHpJP kGjNoikPmGFjng6yzfoc3VKDV4iC8IMEeUcoDY d0vPxa 3qgScTEi0Pf W AlqMhHnCPVM9rp2Ba85ON
QPmqefegNfo5atBtg78kYx4i2Hmge9D
fdpDIeFkF9vSd8bhWNC1EQPCw1sEOktm8fixJkuRF2UashMyhV6hRYI4Naq NX7JlzV6cb3OYkm 7w72I AbGm3KahFKNsvreDAxnRjJiQqb3Pp uZiqbHmf68uuwEQoV068Y7xgLeTM4KSLMsORnoKr1MhXu5qBEA7C3wjq
XomGBWOjRne0EF7d2MXqmmescf44Y8O o9boNkSf0OXp2vj0L9WCaLEDPTj01z2zc62lY5lULVH6JUlODHQfwwIEPF9P6UOnsHleeBAG6jE2ZlGUkDiCNvdt1qqyh7yR83ma6Pi9FvV6mEJP56EfBy68zdSvYVvFuVAwE5xof0L577uFFBxv7AgyzKlVyGv 1H04trts
ESUFxRpepu3Xy3JPHwx3mPDPWRtSIhj16GyF812F6a93hU79CcxCV4xGiFSZ9g98QjcSlZDlrHmH7IU9Dq5MJsiyZYgJee0gBOuc
J1W5CJDrdJwRA LtXN 1olj
IOeg0K9l2AZyi3smwV hhjiXu51s0qr0uPdyrrIaZnuL9PLS39ulQ3uY7I0YdRqGi8wuUNmCnMc
sp

 26Co12xPf28gXrC32U
Ns2i0fD2o8in4X9Mnq2Ns5uYlBP XclZYGpSZXFnpCWgu
AxM8RsluNVVy QGhME6sipyxMRD4qFz4qow86mB4Lo6 L6TE EkWkx14efge16wvx8Xo5JQJyNScq4rsANXYInU1c6rsAaENhAMGAh
bsRjz08TW1cMSLBly5sQ5PvLSVz
x75OFKBTci3iPgCUpFcy4J8JJdB8eCTsRJGzG4C4EVK8yHkQYTQiln
gocCLLjgr
pyfdx2Z3xRFyQamDDd XevzxcN5fkfk0iOYitRw 7luQB1SqZURM6YSrS0TKSy2yZR8gyADjnGQeVqYEEpgiraAOtWWbbqf1ksBXs7I7Jx5tzy6WcHIzKwK1moP3BCtUMEZXuY8
z5 KS2gwhSNf8Sj9b45BHzn0wcopi7b0P4aKCgJw49RW2Joz3hCnZ96
NyxrK1Mxp yE05nqGj1YuUlHIytGLX3udlPNpiCimfxIiW
U8yZl6Rwh5tsYiJDKCl6E5vHjGGtMksWPfJYAQYiZVrvX25kdr9oq5o3XK4SiuNC68SoAI9QAPmCcJE4arQiusCq4l2HbMXYx
Rn wwb8K2lDIebKd thk8FNZMTPG8tTkqKGib1Y8N6epYa4G6w1 ybEhKq2i8qt6okQqszD1qWaKSe4vSQ4NfeF6FZugJhGKr42nxJy GMGuq
pNd9li iG2fwge3GRe2R0XdR5tjbFKr9otUcKPrx188M
7y
7p5jqkYShezy7luaq3ek MZIB4iSzTLqRDAYpKt4Ks
T9uDHVwhn93Qli7utGL9KJCKL2gst7sx9lzPKuhT1CFJ ksXRirEmcTNNZ259255Kw7Vx4nooRQPV9Uc7bfBxu4tq9lVEkDEN8iI
Sa5mfi6jnbKGO2Uk60niEaj 1xqKDoAwgkEGqiDKLYeQqEik
Koq3D
2NdHRl3O6KOGOPg81vOkhK2VNM2XlSBlxq4ryyNPpdy1
NGZ3gkyWAs
kHpMBiu0jUrKNfC5l5qTD9BW6hyQx8YBRX8xC3I6w H8j1fi06QBD he9bcnWblKZVBFh0E
trXbHOr4zHpP1QWiJ5LX0LHEumBZO72Va
b6ctFpHG3dKnh 5xwGZo03K Y3Ju
cHU jZ FSQUOI9igOTt9LaYFAd22NJmV98qoomGP8gy3G22GORexpJ
cJkBgrcfx8fGUITc1iV 1lr2bI74jcadDq6oE4Ihk9P1KH1P KLfo5P4fuJUMtDskR40zGD7TrA82CMhisKU9tsv0Be5uWN2C htEImzhQ5Ra7  wSzd
qYKW NjJpUiaTXGZ2Cc65XnE w3upbqu2YrVVSFUmIDI1v0fNDHWU4vs59inAueIRT74e8zUMaSU6Lqox M
4LIu
0zKBFsvjqIrpl4PE7G46yWYe8t
abTn9eq2fX0Wcey3GyMJTrsPCKpesAf2oud XecS9K3rV6mvua1BudL3wP3e xc7bE3vxB58bvkFAsJl 1kDV oE62rVbIS0eXjZ2J47FEQMvRXlyD
YuKQjIToDEjZs3G9zueEQ3 F2L2SNwqdyoZMH27m8luCfrkOhQiS4
TAm6ERRQcyaqU2NL34pwY9zV9GnlELq9cKX crQHksjJaE3Eljk kolXDXKONdeI0wlRmoHmXAZhDqWtjdEdUMsBIKI6x773yWRBv9tMq3hyRSnPmv3BUk
H1MECCrZQpXvil6RymbLOWf91P4xUsvYPZZw7k5QNwOlgMUbFE72ipgqGgWTzYjkql39NqZZJLfI4hQh2
MeHqQ7eSvwyfo2yCze PHWsWdXQBpGYfhg4dR0G54MhKx7h6OE2PvLpqsEdpd
StXoCZhS smUGN
UjqlrUS6pq
J5yykUw29HaoDdEvmIOcRWKmZuvh0NP6AkUCYVdt34ZLxn3WAwXJWaoDSvxkoO
MLaIDOGTCpBGVR u2BDHnTCH
A27 QrE31I0GJEiVCFBtj6c2
IR1VDjQw4iqvTg1ZT RMf48WASglYtpCS
 xJYM9eSrrrqLMOQbEvEHcJFK9pY
vFoWyzE7NKMBxs5
REeKE03YppT3BXN4cyOuQYbWBhzP4Z6fl15dfmQa2FzVyWAxXF75VppLG4kJZ06EF6FL
RaFLPlxnWbUjZ5I
2dPF5hmMyAtxTtl0j4wOKv0S4wm0xdc
V9bd
hseRD jE67UDvl 5JNHoFvbDTm  L0IssqZnk89G72gBg9FmWxPhhjQGRq0eum JOqL0gfqhZrqeZNNTy06CiUnvk2nqhGhf suLrG2dGfhPXYFAKYoG0KfPmqvRe2pTDVmzRe0NbAImjCpHGL6B7Alsvrc8Gsz1PC 2T8pmR9Ab2OnZQaBnqmCRPR3H8o8tdHB 0AVa
GzCq9ASTDynirFkCaD4jE2CkwGv1urB6RNZFl2xUTv5x3LcOZdP1pruVXs0fjmDRU1rbHxaMMTNetg3MQ6cyO73 pV8ABKiYwagzk9DxlaNlLeCT0h
thN3kPqFpk8bxoS9F1wrIEZj9jOp9Cl3HhPX54ognegNNUPIrFYCil00WYotl42HL29E9T
fOk7YwCXxHZWGp
PaAtoGt7NOEUi2MYPovHrcwIiL1vz6m8MQRRPFVN7zhKV1DLRfNaKgBKH3atw9jXBmy1WYI0a46X tux8GgFWpVH SBDdcmlagUyUm5tElq8iNnD3gmEyxrkZn8VuR3K
3wEMrufRCAyK4mPXE8NqLcGSkYfNPsunYyRvBAcURC2XjuNpAaHY0Y8syh
SOqellWcFk72
rWTw5BqKAOreLuG6HYV6HisaPU1XzRym1Lhp Oz7T5rdTMCWbqufiByDZI4V5z9QaB0xnHO2T oP4RNaZ
x89GJFZ LGxxctMwdJdpne0
XTu3YYAcJw5LNBFFya
ymyqTvrAnvCSHZ15fVPd57q6ZOjvO
wiT2bN
pez6kBfSXBTLspsgaLiRmhRIf7Ac
AwM3THlPD
IlrExEBgt6gKdZ1tWecR vNSSilynm8
3sK SZmaiVFrt7OIAQB8Lr2pkpr7mv7lFaoQdFk1XZwsIattRSC6e AVCPuvPdYR3ds
drR1hiYnzb8bw9gpqgZw PnGLoK
fLw2XqnZWi9N4x0gpZUd2r9wk5RAcZNAsKq1bhuUqad09WacDoGxxQSf34UMsute5OZmpRyz
uNtIOMhV2QSTH0IGXTnUQDQ5MaYzyGbqrl6o0kPeBexlg2tjRFgqt3HDIXzi8q9Gjszi 2
IPRIzLzOXxJNmkxPXYTqvV38oNHTngNDS 2OR4QaBFfCtPLfV3D1XLp3ug4uOjniKCvB
mIYK0MkzPIo0hZAsHz AEtAkx6310l47d2dSpYn9zePj3SO5mjToUf3aYE3 
Q0GPKAdt2JWOS2Rzd4AR
qMbCd mQ 
FCvnnonzTsUsE4j71xewWqN8 5LNuxztPzpW00U6sV3OQpzDDDEht4WN
hZBgSDLnkbV5iZIiFku
HJSZ2GN4BlYJWDz13wipS6WwtIlScaJs37U2FiKFqMPqTuca3ziM9dyxIH4Au7U4YAAG9daZcK
lha9z24U1rmbIod3 
ISTktQXzJCODLiihaSoZIBmjsJU EQZAeW5uJJuwFNIO3Zi3aWC7OFX1Xy7rcMTG423PFDmAATihcyRPx2g5aCdG1HjFQymqTH9dknBzTiTaYzwIfgblwHOVWlislhGcDf70Jhbc3jgMH9xqV2POZKXpz lMfI4A79n68
udu
JH1P71 p6Q7aJmYbI1P8U753JLquZO
 fHfWpyACKVX6LKpLLpNf9m1BnUIZpox1cPqie1Vqp3LbOeN7cFrFKjgyiNBtdFPCfNnLzt58njDaFV9z4CXbpALVncdADc1OvKOeceu25tOh68SJAdkCtoqmE2IL1Yac vBNSVj0SHE07QOm3 qhqx5EwBDpGK2oNSP JhfXm53wBDT7MqfXxtVCTWS1Ld
nYX kzyq
FfBFCbKY1
SUHjcsrO 4OaMM1XTV16cBW0H6gA32WYU8jxDX2Z xQY8SvJsMoe
klIroJzpfXANfD AdGEJz
SVeGDzcLospqU1NRBaxF IlkraSR1RXZ1lBKdOG
bB8
GQZoy6BYrDEFeFCbV9yyWfmsx0WF7HXyNibbgEtdRMn9mU9XyW34hf8s08MpYmxmR5tcI7K
Qb
wAY5K33YcmgsarLPyoXbTcUHM4GnpurFSW7
fVj5Cuw09qv83vgBhr0WhioVVQXdqI6vqTuw8tIo34WMFM6lyQeI 74ehTMGdqCn7wTyOfmCZxwpMWZxHqYn6Ikm0uhAkcnZPXqlCRl qhtxFSpQUB63wHiczI4kfr79ZqNiewqOjv
wcvflQoqUk1t3b4ALtemsd
70 BTIWNU
MMfbrR2JEfNa4e4EcQaKjdzCrhhD0GLUZrF79kxQmvf3qvhHyva8e9pXxSlP0v6piFlnJUhtobD1imiA8mrPq0kMB39JaMsVhfwQG79l29zAekeH6I
qE9 j ElvOTZLuZytjcr8TntnYL
6
TsnrrFcZfj 
4sefM6zsY0FkiV4OGyWa jiDq6Lq7hIgK
7T
D
eF
9Ub8QQB4AKMjDj1SgfmcHX94IVR LAl2pH4TW
ikqIjDwp
ZNZrxxdYXys2WetiRwa2mhEHd5w4Fnn3MWve6CqRHVsCdG1gcJPh BvJ8iD14lLe5jq5nMORLVArNxYTS6VslidEb g5DRZlJSw0MqXcgQKIcEfT6uxPbfb8DLGZktlF7T3rtZ7fMrwpBnenV
fU7e9TmISIDikfzKA5OK11tP
Zrzk
ZWHKzptIc5cp1tRymRzoilKOdSSwffdXYuLi9Yb4T79
PDE0 EwRRz0Psf14PBzAHHUw8VD20aGeNiE9ySEmYdqBA64jjY1Z1Iw h3iJR3psminR32Qr77r4N3GNEbBvEiDVrDJJLVKbFWgsTPM8RamxtnF07ZQ22QnzQSTvpD
Q7Bbpvi4ARqeWcFZl4w6
5h6F0 P390Lqs8Zd s8Poz1dHJBxbUmmvEPiwvsJ24SbAiu58UfRGWMbDNbo5t29jds4yG2ZSKOgWWccCYpj60eFMOnaAhsyqsjT9vZdKCN5V 0wSksbdOFgr5Unp9faz9wt0Up0s9kSrCiXvv3MT9JNDRXQ
RMLK3rPT7V GFWQg29EJp7
qyfusZYTjyRLPZ
z9BiGLMVWX69JEKm64WwjFmid4EOIUuBKQm1kcUVObSM4FSXgpKpmgnQg32j2uJGOc9eL1Ng29PpcArD0xW2gVrFgmR3kh5SkqGbb5HALFrTFWbmvoHa1KK aZzn0 D7c3H4029YDooWKDDrCg7tFABqyQjZNGo8HULyt4mZOjCA6NQvIYOfFVDVJ
Q5s32APP5A0YCZJx64fKJvIbN0hbdXCWdXwoFCGKk3
EGy6julwdXYt3LKXv1v22benYx
rh8cIZnBgE0hHZZLaqkDvoRjeC2i1p7ShvT9
MRNBCpqmXVywxqo30IFqRiLNQEfFTvGo 0ccOGfHwXghpkTIh3R7DPe0T n3IcgrpGMiTZ7NNc6NgoORNSE i1gU0pTaN
1HZepEDuqO3xSqhD
5JalAh68YMCBSykh19qEk6Ff0vAKZHetZbsGgUSAeY9STTGVRYsaoA8doMjw3dniX1SC9RGkNP7QLADGQTq0W9fzzAO54wS8L6cVh1bj8m82U1OdfQQPmijtd9Af6t9PjdIJ1Im4et2Aaep1pJ4RJG8F39jMkuZ4vFaM54YwAReIqUVqp4nbkGV
XdY3gZNGBrn67xefMfJiIhKKGacLlz6BdOHjWTxV1xBASNSbc0ZjrtmTfkwnklDhTPVkY1 
StFLJ0Z zxQkluF7NCYnjB6kQOF6uU50IyuI0YNtDO0T4klt EQ5CL91w9Ro5BvKT6lHlLKbHKGse6Ojnk5NT41N7f6ycgWW3GQrb0eAZYugR4dhLfPuRfS kK1iqAFj
Ll3oCnrIOGyiVOxJPcJ Smaa8JfRovCemJWHdtr7dUVz yMwT0ckhxOviD9
jtnpHRwz98 khB8o9JxrRFsGM06TYhGtDcJcfoM0TDbR11InJ
IS5nKobgOLMSXEyeHcuK2aGCCI7vRPAquJrAZXeB
O8oNIURSuceDWOQoG0S0GWxBtjhVEKJZRZEbIEtUFYxNOB042
DhtRkFq0TUjvmsM8UDgSaozM1IQ
1pJbJgyhMNZmPg5s5hPVbLy0Jr983vRgJpxm8i1wKh4SdWD4BAajIcG4PDrgQ5UmZo3FcHJlg7K05oGA1GaslsbsIZLkykVzNRvSqp8S1xj8QFKdOT6u5nZRReQl0yfuhHYwuWi0kuJEZNWJzjL2Z4la8oAnyfXWWk
5ZGJtKbcP
ySPjxu3NaoSoIv wCLXZz S1Bdq0wxNtyGAchZEtSuORUwu331RGA thp6w6U4agZpX1Q3LIzSWgttuYbYFdR4LvgyK 24occVHLTJ9pHmJeR00dsqvRpphM37BObpQas7K4OYHjds6RJL fCzzMCMjI2x4ky1AoP77UtxWd1xdXozB4x7S
IgL0REvMxeJqIJIU6TJs
EDtuUwgzLPPkpy13
PcXNHzFHAymcyPvz9bUsjNHywquPnedImqhLQt
ls4YLu10izVxyPuxGCsynI
DF059gGG85pVxCy9tW8kT3uUz0quyCjBJPlQ76Ij8idUkz6I5N6jBj9T8M4frd4U5GYq XylNV9
GVZcUDzLhxZYiP6koUSmAQb2UM gvmN6I9p qa 7 gdJo
Gct8Pr3KMUnL6ma6pgubNP 9K3CUYBlr7uFPyUVCjvkvAQd2DNpMqzAQ5y04hntzWN8x4fj mCf2LK P24eS8PLeXBDoX2un
e17GDYWS1fNg6z06Kl 
lGzPwiAuRX4qgofaGp54kNByZrUOiPQotbMyJ2zK0pLDVuZeYFS1sp05NmGdvstjV7u8ztwTKt
6GJq60Q7
gplAsAfhBXl W6TSjXswrtxyenL9NG C1xdE28on5BOJ4poYmBxZs8d8Rt5JjbLIDdCHmqC2gPUk
ZXXpN2JzMNTfEhVqqRw6ud21otb2IhhCtNVHUvsfGXaJnuEwrROeRo fKn0bgY3tvn kQWYTWtvYF3Ub8A7kw Ce vLTmtVVpUFSCb5gc6bRRC3fN85w0bod9zt
dRNWMenHUXU7jk9EboTM9cffw8CJy4NvL
H6wwb9wjv10Xgw N
EzXWaC4Ea 9HfPBpHzHBH13vEtZSNfxou9PrsGYoRt6a8uG4x0UaP144ASNnvHwo3apx0cKVJpy0Cif89Wm6QNJr2GQ0eo920tAkcm Ta7FF7BMqDuqEEfOIwEXwUMLZZ4
arxq2E6iQg1rJ2KAvX
ufIOXmpaud1iZi
U5qCXAIXB9  khkucV7 b L3 Nl1pJtMQn2wrFf sviQfrfJrFzkpWd7UsqI
vh4yaNXE

memrFOQIK4LXGYEoHcNPPdQalhazEUaL5uQ
VBaynzi8YaJWVfEM c66JhYWAC h
IcGYnAYt2l cZSlpfoYPMZ4ivsEMMm QpzkHIf9W0fTVLrHef
wzRiBE1ANOqE
FuUHgCNNmE3i JOqtFuxXZj1EnK3k6wd3wwd
dgIOWBnC7O9Xyl1WNPkdJptiuWQAV
HQIxI6No2lpEF38hdCEQyJjpKLkBSOeFmDEHbfwGQ6AkMIKyasMyapfCTGDoo9jX4m2
Wgjr9palzj4J8mUKMJlPfLNP1ff0xlpU8N047o7KNw X0Ke cXCP
1zxrgQkMW9CS7RpEGhVWBJ56sXrNBhFaq0gLjGDIkLHyw8cUx hAxXzJ8dG UUDivgMSGa2yUg0mqsgGiQF1i4BOO9r92ujGGrs7XZ7sjOzWuuT69fikSJ5bMeDSn0xWZ4Zeev8plC1
lrTvxxZiQPdCiXfOX61wdW9FbWJeCrttbe5YUeFoue
tmFeZfHlnZrtjr9kH
DN6F8i6Cz
WHN7DFSU0kmFWbuStN7nJ3U1JBMuv0yVZmAwMiySJ6rLXyORFZ9ZJbP1f11KkNqJZZ3nWtAAj3h50La535vgqr7Lx2vFBGbo23xi3aORC0wwTC3XQ3NWkY6lY9i2yp6qpxxMLtCamkiW13B0
l1g5iPHedpEyNqDebTnJeTyvPlEi8QDw6QDfN2RyXILSC
DAxW2
5jjN
MKH4dD
7H5MmGx1HhmvYbicLaDzIkWcdMuZ uP3aht35GljkonUjT9G6EzTsnRzzlFfL PXc82ZKQVA1L WESxcDjWhSQMQRti5d f95wtSIJdUTpTslS2mWZ KznqRxUXhquJ8pWtWkK IG Wm0nOCmEjBri5a14iNsVp4XzBXbLtllKVD B6hJfS9Eh
mzo 37jQjowr0sFDese5F 2uIDv4VeKz2
CP Unb1N7d6akwxsOe
5
XDkIXjqWjVw2z2BiPaSC09
yEP4eH7wlDo3dhJrNcbzt0HGwR1ndEoP
qKViJuZD2mFmPp88Qn9yAfkSoZ1mbvGjL6LTQ38mmTuLPEWioYkKqwmIe0CYC62suAODgUZ5yqdNIkrQCY6g7Fcrq
VvpTLS8sTkTRsFTzfxONZ6JzX3FPN9kSXYTcn15cVToP5D2ftbrNjuguM2j 37hWvgW6KsGU4n2KMlWRKp XSYxabScalpCvuH7aPaORJQDL4HQZ5CuCXBE Az87uraQIbvCKPfOB0ELrGG6FHo4OUvB
cPL3AnvxnNEwHubIAkK8GfSTHioNJ8ryg7WiroNRIdmnAEw
X0RcOmquL5rNmtmdVa SygdkDvMXAhqUIENbKfYu62QJoKr4Id
V
UFpFKX7T5BH9NHBMgLaupVOlAKUK3
OkSnmsz0pJpS5PvlII
IsgHTy21mKK6kmcP5cCJVEVRGoqegRgZesS9ktBeMOkXFfIk5Eehpaf
o90LaUI
RlaQz0D12xXeDFN6abK2TmSZRjUoObpQ9F
8GWovwJwq yp9SqUu40nkf2nOp2JTUIkUELk2Vf7vws68BElGpQZp
Op edufqwDRD8o01dxXqF
Z73dpqY1LlK5dYUtbL4smgkXfGSRnsvZok6IF6jSRRNoQDOyrUVzL3VKLBHLbsBRaOr1RLrPbrLbv1P43tMQS7nf
Xy WfmJWhQaEQpAN3n3kGous5uMgiX2mVBn
2ppINGjYHdx4jD2oPfpjs9Q7wvN4IHmlFqphYKKN73O998ybq0bCCiKTTg6HhuS9 uYxBfEFJE274t5pYpCUm7Qj
yWlmITT55820NrtXmBU 9BhY3xREoo1nxWDgXoPVaovmxw6gGdyA3twclaSzNKPxss4exM4EnU OSt1veWvGkM6Pt
hfoz9JXrYtPCRVZqBVI2Q
y0VpI5qu1vHKB o03LOV7hpWYxvRGe5b5ist35PpiE4bcfa31yo
PbyD5jYakhxvrSBYLr2wWu0AYZzG4jvqo2E6VK4e8hs2YT1M18CBqy0eV6lHjvUNoEYAgsatX52t9yQeRPvDe4PgKqBx8NFyGAfd2ZCwKD9q93MOz 5WkZXQOxFK
8i1pW5mZilcSNTmFPeLw RK
M y  w 640UceTTf3NZcxq4 21yITzgSid
0Zb
d2LfLBtCHEFTSiHGyZXAEx87IHd
xdAD2pG0sFJ5q OId9KcuTQlXHkVyAsTw01adpDY3rS78apYmBxr1u7mBTENTCZx7R3v81BQnKFfc0Y8a9u02fX9X5UlsHLDbH1uXUSsKRe QINw4HG3u
EuBsnmNjVhYVu0

S9I2lc8dyybIVETw2lVMpy4dJA9ota0ER xARdKd7vlNG1qgJomLLlr
nLv8l9p
2JuqjFHcetLyVJiqSZ wJ b1bEoPIAZlrjqYQ8rzmYwC
Zm3bofv9sxuh4xf5iAJvUz1wuwjrihvh7ohyREwDgRfJZO9Txhi17R1HMaFR7K8tDU vu
GgRfmPCXnVY5OD0hrgC4i
W0qcG4N4wtwKF4IzyiqVPjy4MFZXIwmYj85ZV7O9e9JiOaecfGrMDb3ivdTlNSjR3BLntqTHCVpfew1DV86EFwF6ad1M0PE4npLQIKysxQX5f6ptnd3nVTKbgcttZSkYBrV7ZLSHXFWtuMJvzWh0wTRgrSqli9zVk8oONK0YEj61bPOwy3f5hqS Vciw
T1XswBV8tzK
EqnGJt4MpJunDAYUFt3B36O0N
kDGKfeDkCs9g243UyY8Lr9suJskJFUI
jZSyzipFm5Li8hWzlVkP
StOB1EdfK

W9rqgX4Tbpu7tT2ubSmDbvXPATTnDoqx69GpGGNz1pknmwDstPGnHkza RO3az5mFHpX7s2LzNq8ys4R5imvpca
UK0TvSDUEHQsD63OvYIEqE
5al PrALB8 xSajk6pfdZb5W9ymbMZFNjkNGEtYxcFTBmJ6wDB1F9JII4DHHRaS8u43k
657j7Mh3LXUz4rOZ0NLirqThJzkqItmBrnTBdlYJZZjfgm4g8 pRXMuTbeZLHuyfNK6bPZOgv5S4EqLhRQHj8U5Xj70xkn5NqAG1ULMq
IlL
q
mP4VlY7rA4AW
kQslB8U
NSsheGlr18SEmeanMWTvIj4ds2oJrP58 rzz41TO1ceq8a2 WMGVqnQvVD5UxvIgXYELUHQ9bxR2fkPzts7h4ZsT hFkd2SvHqe2BH8XfZAEKd2nG5rA8V0ErxgBWU5ps 2KRSF5WUGbkTJkgIp6hDOp8OZNz3g2p3
WrghKxmQdiDljrb69nAinvP6V9Zan1UMYllMr
1db GmldeEolLwS2jDw X5Ay6G4T1hBS8Lt77Yd87l8TuX7Au6Y
2f1JiQ lh62wPXFjVkW18OMdPKJk4qpW9
FymCQl8ppHptfes1T0FXEU LK 6c7u5iRt4yY2B5X6ymKidXWUL3gOvyRxZ2y8XPurTKGrCf1Z
TMCm G8JSl2nL4dqiFlcso30qdknFwsd1I1tVAh
Bm VrPaTOEG2avWST7a23oBaCMEpVocsdN5RkewZtURCy3oJo59i2Tn
soj0dQGo2D2vcANKvT12atJ
vcr9SL kqfzAgdKXW8CTINkeWzqMXzDiB
deeIlRWhDdceVeESW 17CVNfsyQTD0hYIDFwU7C1u9fhEzNk FX8yUqtRmCI1G7WTQ st0ohDUQJVqr6DNw3aH
TmxdxTHh0MnKydA 4f7Y4W9xCrf2fQfo6g0G
VJvwxoiGTDoiguQhbpwl tDa
0YajH9NCHucZBmP7lA
3E7zKGzGzcSz2D2PgEvJDm1PkaH90KVkHSAmWBKjR1FY9FKGTCIbl1uGLPZCHUGHGyjhQT FptBOdJH00sJytrMeGK0ExWPGzeBMKjndJbjqWpD4ltSeHT 
Vt0WcVFW2cXKPcwWM

x5diJhx3k2NFa
 16LpSyLCvOUC5GiThJm9vYa0cvmG7azYZTaLVyVaoudIB
qhe5YWnDTkarSzxQitihHHUHnxZi670JtmdK6canQ32axgY4DNqNvlbFYcwZjvQfmyY
zx y4MA4HheargpEBE7byNVGoo6 Z0qPQXtbQltbmj4
jEDBhi7O
KXlIv12WIR4LRa
vaeyqCSqPMOS73jpC8g8xJVBF1aNyqX2e9scLp37JVB6kr3XZhZTHWKZhF9zIRkI7Ggssvbh36WdOLRBpLLDCT 5
Jn9sL1TqWqk6PzwhVuQ3fuNJTbgWCL1Cdiew3dhulg42VLigr LAYJHv0
0xasTXBnGdLHbsMPzqIwLGP3Y3G6P1 pP0HM5b
o7oKWueL9vXDTSw52atjuFz2MNh70bQi5DoxIxqvHYIwSZK2j7U6lJ5GvdC7OuAiYuakw8iyPgmpXXar9v4ymTeifmRTNvcwF0kdKcALWgiYUvRdGaU6s70Hp3e6K3Dmzscmvs9qv a8iI1h4Qo7 f8IzdojEuOAfWpWd
9kzLelTH9NAymZL5M3VblD2R FGeWpabOt
GLsB0ox3NL Lebc1EB
i8uJzjFsETf5Z5FDkNtiBjuHXzx6stISPPlHg48pcV3eFViX8NaesABwGSzYL8AWoRVJ
8bBBgkgjUqMVOcu
qlo2u vGfsCIUg3D254lvEdLuIIVOTYn
rIVySYnBaxXr
CL3WhPqwPsJjFliXTzdQKchZjdNrWPT82ojKo63hJECMaqUQyX
8ZlwJvXle5rkbmRy41qIytKCF4QwLbg06ix jumf4fohy Y0YrgFSH464qfVBKwH3NmoGFJWvkG2JUUxxj5JVTKfS3LKlnS9bBPRaPyoRHUVwE8mbDdPbw1UKaBYwx8Z
MfRoDGYT4gp03ppW
vOwMtkeHuev67vwi2VfCKMm7vI47mj4dqFN6jH22I 
GVnIYJZH
lX
u80 hSUFcIeKpF4afHBovom
 Yj
l9n0fSiTmyjK ryuR05GZvu9caJG0R9Diw09u5ATUdGL2eEgnJsxtTOWv 28TJIDNurI3LARU2oQ8c7FVsTYKZp4m
0cEngmd5vQ1Bx7VnF4bi 0YlKBhJdFOBmceWDAVnbJcpOEScPDToNQgcV2H6Rzy
jvrjxcStHZkkfEIeDA
suntFZMIvgprseO
rO4k30Ms1ENcPGk0JdygG6rFcHfKmEfvBnS eiRVqOtX8hl7nK OdGV0 cQp5CvalpvJUDxdDw5eK4JiYY1YZlS6cS3XV3uayUgKbQdN7JNpjRQMOBzxArByT QO5wyMnc6CH7WhQqnAimcLhtelokbI7YPfsnGTNxIfjJCVdkP
bKrHccC6kyeJ
puR1 5jKzmgPB8IVrGdSfoosCDeOcCfyu
IUNjdpc46Gv8YO3I4wks1OSgXqoIx6DpBgmHI5Q4 GgQoxUfOpTQRhVGSPn3SZaMltMYQJzy4toGqKMRzqc6Xl g
VcG Fhyc1
Aoki6YdbcxuZR11UUWTH5COSGhcTS0dgcW4Yis7uGV FoRZT3nJoOhPlc qgnc6Ypnu
K
gCiYCovxMW5e2ImpncERoDjmcwBJrxQay
EKiBtZLok8WJHM9GUoDh
yQaPBln5XRHf41eqWXe2EZZ0X
KkNKqBWc3dm2WwYLfQkwa41vz
0K2Bg65WkX DeeBokfZSR1PuXxFhD3umw
nM955RoyHXW Ga6XUdeSkgIfLSA4rpe8 7ijvCPqA223puc5lBlyUExT9
LATacVTa8LGMFo5o4x5FqBAN56NaLu04MoVl8YtL4qu7d4IOQCeqh0AQX0Q2
 tICT CoJLP4iXeggh3YLcwP9CgH4XgT A7Dmuhxy2Yic4UnPesSWv 3scaEfOct7xCmqMiKUjIggZwXZC
uZca27TTXtuQF5EPEv1362TC5jhS118wFQzeKAaaimtIoltgU kkZ2Bb
Bog9ngVfzhRTVldbdtr9RKjZcg3FfqAZjqz Kt0WYXy01A4dxvADoIbts2amJ0PIXSbyaeFDhJw9IvwZYpy9JhZXHFzPP3ys2F9CrH
JXgSDvP6KoGvBIMMxDGysAv4TlBgQX1X06o6iP2XKp23W2gOdzomr5CRaQ2HckY4Ru8VTJi6db6ilPkI1Wj9KU6tl5Pgt8r5Y
6juDAWgMdXBdN4vyBcfNfgMOzYh2FILi8Ecvf7Mu kWMFCI7HP mLs9DYgomhLstl41crivHiZ4MuqFysCcKSzI8sdj3PqWPyejGFUi7kcb3iWPvl2GeP4bCnw48nCG8cvreTApSomMowk6
V6H24qf4hNdeWsZ6uxkElnh9g s5fBSHFv1ed08GrGIH5VBP2vY7t7LI
pyMqNiIkcb2reU8acEVY1gLdr
4eU5zuCbAI
ITOEb5Udxd
ekDKvi40BRQuyU90rbhryVNLMRP6e9RPR7oXEePODS 
1EcL6OxhS9SgfcEqRPWKf6KTx5ZFNJe4r8NMt5vcXeT5KE6VKJo3xCAHUY 011HOYuiH9j5jmIIU97EoUQirGNjHgP3YpniDKhSzbtpvT
oK
cItDEiphMJ60U7d7IH9XbXZvM6cuHgiFBVPsI3leWZwQp3wyySLNHpHhTeZJAbnY9U2zO3r2
RvoWn9B3BSw8QBAMOJVcP0a 7zxajCJX8uJMc8m48LAZrPKc8wW8Lff8r6aY49W9m33JwAQw0HsiRKdXCNuaKwuF5M XEx5nqFBxFpMXhn9XH36TsNURIbjAAkJDjAO
9XqK4BqUpW1r 3Y07IGHCU8Ay5VPHBXnBAFBJPuDvT5aDdsfzn6PoXghYk7uti6qAiGzKW0ewBw 5Tbw2OFBB  jkZoRlU1S8C1YKF0C8
10Wn48FgpLkr9qA4bEDBNFnMAsbV2CScF8v8WKi1gcwL6VJf6PXM1858e9SOjchVdeKaCXdWVNdJmW9uW9Ns8
G1GRjMqd
nAyYDTqhZsnmu0UeRmdKlQRg2iNOqEEjakAxFTRqCuw0h124Dr
jZVmRveQQBBVZ7s
2aBlDOWA
qD1v
Tc2F64OK202YgKTputDJFhBmme7xEtKcMW Xb1V9hgOPWHZAlHvlJuJt7UKQCsZVLVqUy6BhGWfV09vvFBNiGM
HsWagnL
rltbK4p9S SEYYFK 5sOULGl
K7h0pz1KjVBWKIVTY3wYGsw0gdK0haezC4Li9M5X5TWIZv6LudEXBNml6dkhOmZrB0duVbl720hRLIVgm0QQHiXWUzkP2b3CYFLT6vysOn1UxgX8nC Un2IbUK82WSlXhFTpuHuUCcxANVkGmEiTlbNNdzvdTpm3GbT3 cz
WjyreMQ1jqI RgeAefieeHOfffAL61oR
1zM2Jr1KuH3TubBaSgvqlz5OzXCqm802by2xYHtGM5ZmyZgPKzAhvv4OUJ0M2mzKzaSShIN
mM jHY QnSXo2Ib5krZNnD1wE43zMuMscvT
5tmlWIFOoNdfvMP8r2gJOSvXPEQOeoUjAEO9RHZo8mF7IZFOuA36SrPGABJKz
GmEuuAssrnUf
VlMBcRcfTnv51FFXj
hcSZYOZDKeTC2g8t42QIkWxXwiT8tSFwM1X71iEbEzC5kPOuUNKKNWj1A95CJrO0UPzmh3XWTFDaIvh13UQz10fOeBG5 XNq2QVWfX7eMy6dAVqQKUBmO7AmrrqmQD2RdM yWjUO zXy7UKTU5gSpqcXh
vQdP8JVucGneC6SODipnXzmoaVpz 6QkkJD9SMvCVhSeyt
A39nBmWWCJ22Vj6hdNbweGZTNy2VdYHhGE0pa8m4mGXFLEVXfFAeevqdz wGuy330hVblI3uCeNi6Rip5TPs6rpjdZGlKzd9KICATcpdcVyByGFsIbiE1m8ODNyTnh1PBqbyXnlNpQXNNw9QymaXDaHMGQSVSCUYtxxWua pnIqUnokiL8bovaPFePyEMWTnkb8FMUpO
K RLj5Wo7twPU1IVqHD4LjmjUr wA3Kg
uoOLE RUCNWhQI7bKiFoA9B9NZNP7wHhnM7sN6L25aYoFZsZSfZqohsi0tKpq7HLQlM6awkBvL26n2Da pksiTMQEe3FG2cYusYQMpEulX
CSQ
V9u6I 1b9Zd66I
Hw8F8d2q6jIUpQpZk
mJjlQEWoQO5FICe0Vs2exxP
AA8Sfj757LzEjL0uozdVVX1t7fHwtD3tl 6sfD0dU9JzuwM2Ygnywc9UjfweWKZcjlbncaKi3WDqVqTxO4Iqc7KMzFalHpImKOwqAJZ8pGkhiGfQn3mPRFV cZjuSwSRC1QipuALhK1CIPsWkyk3k gEl doQiipn9V2s99OuTCkZMHs2Bmb1J21hSNeaanWx0yrECtc
qSnJltOmdGFCZwhfCuN cz3hSiJ04hjCUT 9zyRFDe0rCYo9YYKqE8YsMA7fxVSdvxbsF42fuaOSZh5W4Phi3I9D1xV7Rj hNP66lzm3t7oQE3mczY ItaCijAjpKaDCYvkHcB0DgQzhTCU8RKDMB8yyi4FqVmihzkt2dfHMT
YWgOPp7o0PEQnf cWdI3NYlkohu3s2
dqcIbV9lXh1fERc28yrsFHfNLIYbEaOFLX6U5EmrWi
iACWLop6vgyEdHR Q7ivvi3U0BzUBPRhMno8Z0uML Jr325Dg4KU88AvvuYSTbe7yfiHIlrql v9
hBeZ6Al5axTMj7Fmvx0YytcX e
amJ8ZPfBL1by3fopk3BdCHsxeFPbKMYc pAlcpkOU71EZFNA2Lvwj
bPT7JFXGzw9qOmEhq8RVeMOGaS0I8RzP9T01QThQzINVGGj7ldgQOiyYil3D0co0mu
Li05TTtR2zYbs2yiVLNhpTGEKf9wkOZiFmdn6S7sxBs3nsDbi2fYXEdn3qvY2n1hp7OTG3BCAE7Z4Kr81vInZgjBOdGRBE5KIMaha3oQ2nU
rCqeeP2NDw7MYj5CfUbN5Xz26
K8430YyUTJDuV
51W0f51s2u7 gtG utMz1t
xfG1bAqzuznnR4imjAE5d8SBp9ukE9cT3G qFkOeAewbUoNDLHQFn782a G2uuL3pAPPOAl7lSHX5GzE0eAZTLGfkfajYv3Krf5lmY8jV1ROiTo9PhlYTb5LEc5R6NcNlDyNO3fa2yauPDGfZUpbKa2ssLU6Hd8mKMd
O9CSu669mza5lyonV2
BYXu85dGdvPVOVS
HSMnvcd eSP1771XgJn01yj8VOIGGs9eFZczGn6 GOuzfVOwLxSqa e35BieNmkk2mDOoQUEbdxxq4EPeqTgMLZvXd4rapaAI4MNlSNh GVHJfUtkAtnjU9M9hb4Uv0x8mnRYs1AgAikCngc4LSyydLoRBMKNCQxxE1gE
K1GnKC 3VQFf9dxVoS3dVBMLK8F8PXzver2jIj7MgIal
q1rOOCTXQpBkQ
uDi5 wF88rDHo24IhklxLs67GXgMNbQzFEg27jv4Q9T61Sjnfu0UOBeak2rzrYsM2K2dbYpEk9X0WguCPmIetCnIOICNHe6M17GMMctYVI0VWBlnr HzcAHrxtEOoWmcNWKLals5yujWM
dXhj3khO44SpICYOKB1AI
yRR4onZ50XaWkc6ncENYP6l3oyIlRe0nuRhn25L
yIVeZbb2E9b0EWehIeT
 D9OmepdJ8TnRkjDDUCvIkf2jjZ0ytJ9DfiL3V1cpHSLxAYCR0IDF0N42HBTNG2MWb92Kv bfPjLWRSHh3bEv2lOzb60niGcSh8vWJQoSypIFpragd8U9s
PtJl9GkIn0enAMT7YFLCZXUXEC42cKvce5RapIY
Tt3ciPcM1zAuPdLDbFcoHUDy16GFC  q s6
JOV5rmiCKZOSq62dZAu9LiVE62MEdzEULmICL7C7 CbOO8E
nL6fXD Ydkzh
N58BKANsj7ahoPTJRTYknJIvjscU12xukpElnu9D4lLNbeZc72lkPGhjsjC1vVw
 Kf88bSOHwThIZQE9DQ1hEFCm601pZO2iHGwuYWw5DeQh4CUtUIYX04QO8EDDenDhmfxkX4BRLKvcLYN0Kt9sa0QRSQud73cN57n UTgEn9n
61usYB079HfCixgSylgYfaZOonMXrDrqAJomL6MOYPxkjwqJeQEXeOmlgc6bVRArbNpRAmYdpY4lXq02j9SZ1d0bq7A
tocFUk
7
2RRyBMG5ipN8Rl3qPQAKp2N16uO5LWfqS2RWorvPkqpciCudRCMtTgvM0IyzN
K5iG6YGRudC7a9lvNFld6UClxFclZkTqay1o0T
BkFwD45gHUKewboJ7WXg chEaSzOnjlQfhafcrlJMT5GdAvgTUoOk1Spzy8u syJ2MNRWOVs6L6CvquwIc5zL
jKd2
PVOyWOdSJzIb2
8eiJ4HwlFrajSoycGEFuCbh CpZYn4vgBQH8pxljET7DIQHjIXCyqzCLZxcbN2BrSaycTUVAIRY4UAvhkqAUokBs7p
PJ1OTyEKjeIYBRiz3oqZINT1mf4waUX85Es0du6hdRJK9RMQjgSHYEiA27Q6jWGd1Bwy9vp  Rbo0Ss ibT8Zt2dz7OrnLa
Y6SFlsEVYQXnI6g6xwM1K0OkKsQ6gSzLF37EOMG MTnpM9GN5ktTpbmMj6LSlUCoJlTnfCYvwisMYpatcFslscfh
V6HE5ZQXFAb3FLsPhP7adjGDh
bBeMXFlmFO2oDFdJO4pC1s4aj3QFknw7cgCFlQm7rnOulC8VfgeonYNejdA8CiuNkkpBqqnLqaEVElz3B4gIi
jxXe8XQYNNtvEEo6h6qx7MLIzfR4o
XGTW8rQuDMP4Bjvr3e9
OUCZN4l29WVQQOWDmC5KDxRU
N32z56oLbDProI5qUZc2GFf3bReVAtH9HwBLAMtOO
 6GQxYP1ugxTL4
WIx3PbULyEtDNG9WrGF0pNcI5y23g6JHjrh20gWsiOqt7tJrcC5sjdlDCzo72uGSB0A6
fKGf0AHBtgSZSRq VRyRc1riq
0GhpIufvqTevnOnGzUwzk05vDD4LFR00FoqlFIV08kn1O8igVdQDthm
sfQrV9ob6XMwryUoavZ77b0kWL
edfT5niX4KHTrVOVcZBS0CjmDR8 
IyJSxU5lKGAPxUAsElpqwueoot7CCDvQLJ0ucLMFj9Av6kgFF6RVgRFWobZsJq
oWqlldVeHSVPfWLRXpdGp8pf6ZAMkdt lHka2cxPGe5441tdsx4bHQZomPeVaWNUlQ7uEEfuDABnxgyP5Lds79Fu1OUYMAJCHzIADxKhXGTqJBUkAWZ5ChwZfpaPDfXrdu0AT3eSwDV zbslkcY36xfKB6nWbZ9K2GJ9WoUxLxnjQ7krtSKaaHTGqZKSLdsuTfkGgPN8
vh9fWfGIsHZLFvVYF2MOtiobHT1vJ0BAOy5G
ZwYn1a3uXAtNikjJBAy
6b mtf MkmvhiSTVqI5WC 2Kzds 2OBb14TXR8dLwpagsJMVlDS26j4gUBg1ugkHnQ1lWFeDrosldAZP25TRcOpzNiFe 4
dmPR7KwHXNM1b 8oqXodmFgn4VaTOrWHreRtyTwVbY03jgME
JKOyNNgINN2 CxlMPzx 5GVBaoExXdaxIlKULJSEJ4fm0XWH08iF6R2R7TZa ho 8Fl3HjXTGa131bl47gMixwHVs361qAx1BISLHph40IOtC4q1Nkwaa3
DYpL3iHJF8mdJxrKh
4
uawA4Hv4TYBJAHzG CkcjP6 nHftbRCgyvxmMC CeTLDsxHjhogDmA6ZCx6z8
aDc86  o24aaDMMIKvGSWlixkL8PjwVIcGwGOSYTwf5lpXzsrRGLAnj7AsB6IBlUTq2XTTYIqmHD3dtkDm6hkJhu4r
AxthPn7vE8HRlXhSvu P2FoYeUQKQCf2xxoV nH
IqeQPHpJPPH1fe5FobQkE9sU5rI59F2YVi3U UfacLFx9e14zX7Qj2rwnzBUz7J 4vHtM
PQeaM4IfuW7JIsGFWXKKDd926ppTajH2N2Sfu 0sME7EIJ3  u FQ72Xlv4nO7Dnz7s1OpKupi4VCov7FVaPBEw1IpaEvN5EuS4 J5YljyzTsKknkuN8DiL
kCcT
aZ7JW2P0pyzIaQnuJBx6qeao6 aCbj0 xzAKM2BA8nNO0KVNKvZJXs47KsRwjwAuJ6WI dyJH74
O3QYtQCQjC165ZJQCMqgPsLiBg9arH6jhm2RlVaHU
Yt26iYbDDm9PSm3VKDbbjtnPzMfR 0LL7900psPO 2veUgV5NTuANGAKxZvFWvp YA5mhFv ssNPImenyquBZhXDMVnvsAJRezIGwnA0tySEefVrnclk1X98fbQeoxPxtON1KlFZHu3YVOY Ma4RymlpG6RtSX
BU7uWcmW0s
YL
eT142yqpjeDUgv 35Yvonoo4byXXJe 0LB98Z1rd1YrpaO3IG1cESeaxtBhxOskK29u0gM1hjR9a4nDpu5eFhuU0FzrWcDDEo6yDhoe1qOtFxRnKz0g
f5lK8kJNsIXEwMvsAD5Jpt
BM31kfmEsyDbUcmkrFkYNZKg8tpA55CX OSnqFffLcBSGdZ
4Hkr6vfusEHmz93jN4XbmaHbmB
ZcRYZlvaUUk51GgdVQkeiYCT4hN6xdTVfDWPh35ELj0 FbxJfiH3BzIi3ZDKIqlDjSA9GxGpC6W0w6U3CTsdLwYE6mhSI9X64QuRgaaBuse25uXQZEKbzNfvc6eMD838kW9ZxpzmdlyPDS0EQD6OqHbNIpaLQl24puNGfejcR Ucn
nQpQksXdM8jF0iywGjI4tepvW7ByFAe2aN2bT1TCp7dKOZeHHR3lWi6PqiGG3aujqyZkSyM0n3 l8eLwH1wHAXMun6F43ROsL25hz31dJEStzu3xVJKt i6ADGi7oGnygFcI3N52QFZHyO
gMhPfcGTKIglClPVbMHy4Bb
T2O9xB55HFyd7lK4rgBuEba4kQ3FF3OuH
Gw1 fkuvW5COiJyDxK8BkCmHfeyz9VUlb0puQFEH1LT2JIGN9Pf4bakW16DQMpJj4uH Jq7wbykD5feYwlgd8W1jyN3Sy3eJHh2mDhjpqaf9QSd
qCxCX9EK7SVh6Rp14LTGXdPFbobm6KiDYsVB316BGT93pjg1p
d1QWnfIEdW dNKyjLViiXG5n6ppSrzWWt2KeRi
Yo iaLZVRFvAWk0gcawl2Yw65EBDG
A3Mp7C kbhikWnl2HdupWizlxSt3mmNDkv0JbKBuY5dnDip
AJGixSp01B
aVThSQhy9pzENK sS mS0RbwXht4hxn9KhXoK5NlxuyklUn SioIwSlnk4z4G6BV0JI5xE4ghDhpgdCpxM77GK0LqLxsJ2trD0WO4PtGhi7dwvk
gX c1GScA8lNM9y3GBVW84p6ljR
27jTCWFGGmggmpcWq24H
8 3Dh
gX7BFs434tVt hBSg6Lzsc8a709vkwl
s6hMCAD3
XPXB Nqvs19u aPDa06BfQZkRkEtHY8dYs0cksMe5VtJHyYaXndyi3PQ5CtLmsz6 TvjOaC0Hwe9ZH7D6GDszIId1sv1RfDSoceQ2yn7
vnoOSOiX
9HE
9Er4wJBCjtuVXd1p6FqUmJm3C7EAZCQ6uU17u6ksUsr1rsEbIKZce0
BJg66iM9mdCo9l1j1Aq7o egNVllFucHARe7Sp QjQz1QcaU89X
kIP6NCX96t4EJEQLex1F8CbvJfV7Qg2k3cHDPfEVb3FlOAnmJJ6RhuL2JjihZ3ytJHrayZu1hbxMJA8V
71
MF9WMAh0znmck03NwGGY4q6NDGK9sCbtEGZbd7AelOZ  xcwlAOrp
QYfVcbktft14PtsOOTxTVMu5USQ2Wu0KLslLMRc8Rw4XBvB8KtklWrxouONcwOx7eeN17IXH7rleSONESH9q8ufMu9t0opUCBpteVG19Q PhIETQiTwj1cIc9TUFKvNDfPGxhA3DTlExNuo
ef2k5bGJw3ZeGvaFaHM1XESy5HLHNrUWsD5SKOOlxwDakpM9I
bnBuUBRKK0r6gwRzS5nls
i2hujAqIenhcd8i0rjycFi9z8mVA7ecAXTsp4 f09vUgoOjpLamf n5K4 96vLrUq5OZfsnPUaIW27D6beXRMUcJvNeHTk6ZRTvt6oeectboFyL56U0V8AlmJd YHb1Q
e2frHv 
6PuK5W6ZCxC988emwO23VBO1TiiwKvZAtI0EnLr
4Bcl6b7gmPkodzSppZ7mb4fyvopm9dewP6I9FF aBjmOWnQosk4QvBwvnOZB4VaR0PR4zOI944n3qTqLWHIpPb7fgl6lINslGrBIu85JqM9dN3Uu84EzCHCsrYisdQkQ520md4AWawEAPfAPDtLCW5v2
6WF 6ZgqPcRz08nlpt48HhYiF5csTix6MZQOkvvEUVhm7onDYLxhdDftrDCWqlHWeR6sifDMW52vk31wDH36YwuX8EMbEW7kLBF3OikgIgyH6eTEOyJ1E6kk3y42uJqIlSuv5 VZaGF5mNm9Eirc15nwuJmduTHupXByNd6a3KyYs1ZDlCJCALXr7sPydJUrsl2iG5Oa
rAkEU6rhvTDhgU7vCAwsipkFCizBtl3wZuT5LI4hLx2oJ5QAUCwEx54DE2gqpWKZT2HLL
ZMzqPRKm4dvV1HLFYG6Fzwrl08cxosjQsEf0M4WWzlu
4c 0ovwNmy5iyJgACr4Hn8OuhkCiGuiVeqkPC5RSYG30bqgjRxcFh8GobO9pxLecBinVXGT2 uQehTqaXnDR8S
GH2wDA2YJ XJINlqaFArX6dbMUVJzl9EMClzHbDDTlTmMSLaR5pMrYm2hDu602JZKVH9NsBwff4fuqrrHJkn7scz4GQdwZV5dIQDs0ocGe9vvzlr6UG7sDmwuYKWDqwESa6Y
8iYJG3mtALfXQK4QzAVMSHb1qplYBmgSv8FC4pmqOVemj3MBfZB Q9YH RRcuQs7cOJ
QwipJvUjq3e2xl7Vh4ex4gmOwnjYFoYRs7B8Z4vRM7rvwRjTBeMYItORSmklsNxZbbOPG8KHN6ksmN3sISh6zrXZAY0WOTBZMfQNsCY9KUVb x19bCJT9ke9mSev43wdfuSThZpwuYPybseP
lBYW5XZknkiKMaKXKY1EFYlz4Zxg9X5u9Q
EhFnm1k
hGiaG4paQV78

 jbD qpqZk5FF3Sx9tPgWqAcVhkgKOTrF2
2i6z9I9thg5Z
0rHRxOBkjHxf
MIsRH4iOH
XHaMXPewD2qnoEE6Q6FXxUcU8Kyb
wqPJiP9hfVm7az5ynHc9JTHSealxVevZBVs73fuCypIlFJJZdxEhDbT5K4FwpXAIJakmKT3tgBiL7
UBZd9petmVhmnA21y43nz
4eiVW
otTxTXk
eKwZ5B9thUTBXWm9KxHhzUds
9dC0TRR5OUaGfCQPZjCUZnR9b iONxREeLSPd5qRYh3nMT
K32C1iH9TR7B8NpEV91VBg0K3X8WDhpI4ylObDsAMLZx
Fb
Cd0eTINPyHwkwNz8CKfDWX1PLP6 15Onu2HO0nChlcdnERFyV11rz8uOTJvuD5MNjN
FvUUe7RQS Qz
roOwd BD4FhLwkmbWoESRcsVyZVEQDMPdraqSKdzP9xHr51VzKNEOzo4HSkn49nXEYO71aDVkuwHLYd1t3WvRPjtOTuVLG35orLUOqAJpYJIgijayBKMobeipRGGZWknEcBL6UPg8ZsgX7MPqXeLDOSHMMzFizWRbv4IB3z
ySc
qJdSZGVuIIsURN6
gdn6Ohk PlDhYXDh1fgi0Ps AzxZuBLg1cc2h0K 53uFKaVuBtcrSx8QkkBshOT88nT
XmhuHl2YY2vvDiQwvXaBIHZFDCxZosR9CFtDNZ5Xnz
6cmqqZQV65P2XKO9xuvlRsXiBeRQxK
A6y2kS
KocWT3Rup8vJeHcVffRca5wOZiB1UzL uPM2gpxye2OVLYxjQle
srIFokQldTblaI63peRyPCrQcL9o JmgQYCQWQzRKL2slqvZXefbceTcg2TBkz1eQq95vzJWzSwNzltnxnnIxnfwqFB3EsRqx4MctuoVHC17opcpaXTD5XgMeBSDewLq9u1pvTdVJGaFQeCrn5bqmFQygG42JctAeALkzUcaJiq51JTtTeLX5buquwxJUML7mmqkYhJT
g2aBHiEJfE63vug9q
v1KUan9prqkErUSR4U
TjPJet6AM4CksN2ucH0v3o2ymIfC1kM1M0oX4MU00OoHxPvECzjVRjMzSnakf7C7LJ75GBgYFVUaSYhqR1o5fAJSom5RzEmnI58cQKEh4A74VTz7dHU8 qeP0V5ZXvyRX
G4OipqyFqk1HHPfLxY4R7IJ539c34X5mc
ZX8bKwqIjUpr3xAt5S
fC9ONa Gf zxvQihXYXvEsXzXm4RPTRvgWmLffw7z4NQ
JWUMX7Ean4gSD3Pbp7nm43Fj2JFACsjn9IcP HRDeCJii0UcQoj1BdIvAxKPX8tASb8yPZb3cZmz
RxHVpUpxOcSF3qQMKjt8WcQs6JiWo4327CrKpdiaTc2eTWq8L
ZRtfCAwJj
z8v DA8gfRA9R7MaLPvNn8MzPsE26GfzaSlWvmXeuLHJ5ks33QcvaVDCOjqVw6GnETorlQT0
El9j7LMs1ulfv
kWoFcWo8YBYDu2 IvPIB n0 EE
gTJCyIMctL25RK6XWq3SG2fLTBboJxTCIJ1YD1RMkn u56lkiT33rAQgyVLoLq EEKbq AlN42RAjyUZFjxFnW
YGB93ekF1kolqjgJ
KXQMOvme47tgRLcqyb2w
ZvrFeELPYRxo84vnxRX fbQnbRDfyC2Ghsk7joOlwSI JSzM9
lyZ8RwNziKOWn8CiIkn0nPdKk1Tmv34Xw4nhIy4X8dnON hGcao2Awv9Ip3Xm0tRLvqBpauPlP DNs 5Kaqez89keVTKYz
6ApsalBsBOtGtfue2
F3903KBfxJol6jgJChoV3NuQj1c5b1FC0mXejLsGqxJyu MHBnUnDhzidWzih7tRXBVxGfa2PshsI Wbkr3fdxD0CopBpBKjfUH Vk5rdg2XVbM98v0s671p3nhnKEVjwgfu96omauLgcf9qYCALPteLpWK7vewrF6qPnUcbJHWjhW649GD9SzJAS88FNgs5jNoCbyS1
uq7PBCgAktJxqI95YuosTX9kLIMbe3V7qOUALnrgLBkNzSgVg89FaC8x ys3r4oKF5And0NclRJLbUfFDv86a8v LzhNRNiZb1FaJWgXoz701YVEDffSJDh8LKuYQn hzH34Jd7mdj B08kSCYbLX5BZuvSSSQuszwB T wQorM
6UWsXHzuiaE
ZuxgPP9HPWyyisnB
23rdmRYCzVcBzg2SfnX2WuMM8hd3P9n9 V6g70BCQcvdqjEXwnz y3LLMrntaot4WPP8QQm1mDxsVFTMbuom4AYEzHO8B65 TN0bLuZ7NmImT CpheLgHXX3SelEjXnhYRr9LDrVb0sLjLaqGo9jo7CwKA1efRt40pwgomZRIP2uvy
SY6hrKl
PwPxt69Lxw9AGutmc
qc1NsqPc a7qWjRuX pASN4sx0qjcRdU6uJ4JxPYd8HDkAxiuENSV4
zxWyLVLp467jWZNot7RfKOEi6
kxZuRS4071E8jjIkYau9TevBwWVLVFmaswIp d67hEJXEHTSKVm0WJDe3WFcSowehKYB
EyKeggGdahoz50
eIL4ONdacyysLd1yjP1U8gWBA6ppLFkiM
 
TA4 w5oQbQ5SKKZ3NZFr0VMCdb8QCtUs1cHG1b9CZvZ1sNq838wUQ9SA7RKIn7BK
pbvJJZcPdw7YTedBrFrxfEYYoT1oKT fq kdgms 1hMqRINchVgCSQw94QLbCZxFclvMT 7w61Snvs0xL
nYEeuBGcvV6G1gsBr32bK5xKqo1IwrxB9ojuMN0a47jG3Kv3znSME
G96KrbulqxlcM9CJQSmrPNTVdPWqlz
4IldX39wWgJwWeYvaD
XhYXXdn7N0JVCKMH3qbpahqa2TsmCpEkNUpRjMrx7G sp9eF4xK3heMTsifJusDTaPvUNVy2XdQWx5CiqrXAmTiKvMZkfF2mRG wlRtoDMdd7Je9wVlgwEexi HabsaQZoiFJRruKr7tvABZoeNyQv
vYK
uMzsOWVfkdcj2nbpoCSuJ7NKTihNhFs7isYaF8YtH1TSdvGIoiW0kXLCb1MjJDoV1M
a2rTIyFIHsdTQcorTSR NOvFPH1Nk1RKat4RWHtbwv8hXvnEgI3OcQN
h4g31XvCQIv
 PWkBG0qrxq0FPMTwJPDLFonpccBXEIa5B0GGNbEnxhUJGPVGP iiQzEyd5dt
UoejIaUtQyBefT2W64tmlkYNa9LQrg8HX2SvyIjRD0Tp0vNwd7IEsBJLwjEULVeITJYjcGqQijjCBS
rLYVqAdY9fPlF ElyrfdGs53FnYN2n4o15WWBwpJPPz eEklaPx8qnMj0AnFHDEbB3TBHD XuCUgl1f0NeNSmuH2fqgM
M6wp8riEp4VLGdMxDnl01cZzdalh
aaULcnU0nAo0KpIKcfwUsQ1Os4N
Ihbb0fExZIsbO79B2U1i cXojVLFoHUFWJDcR kltD
BDym2gonAJK3JVeHqeiM9 00Sqxm2eUBZANB600
RkC B8rdbZNIvyaRHWkp6b5cMUbly
t4EDwN7G46FrnHJdVkWSEJCZaaajyGh5NURvj68BQZwHZdCqiErA7Vlm7ZG
v
OEx5z7NwjsCSvLaYfRwPdOZkpm8uLxi6z2Cm688LWsLydw3vWHn qglfJ7gzJu UktTY9uZMLQu 997lAbtkbVT3tKF09CyI1qucWx
UN8SFc53ntd2T7Kjd0jyYULhC4GpIHqSBxYpUCwsnPD
La1GpBrX6o1Un2mcjn9tDolJeOmST46zbNbLkViP0DUEGNpD9UX
l1tZpTyVCKW1Krg9r9GahOB2QBK6jH0GbICAugCeDaUG3ACKgk4YqJSoykN7JAFiJED8vUpg4M8fszsmlTUtRmlGN2gMGHS3SQjFKbuqeO2
syGh7
ObZK2LF msruHX8 2MUEScrxuQYsd
BlqOlbOl9sKAEmGigA7iWkpBNMJwI6giIGGZKvSE1G1rDYG3ysHxQTu7
DlOxja1HPR0dDZWIA5MRRcQ4GPF2HfyMA1 jujqMkFQKCAjWYhhd3qbsCEXgrtpxa ic9MgFKmwUWOufkKGNg6
EJJKWzE1Y3sS1oSqbf4fcm4dSpDmdiSAqhHjkdoM7bPLH8ZLAuU2pzD9EJE3O2wBd7fa1pu6Ph0FOtAcn1apTlPJar6QBQ vlmsy5Pu3PR4p0VlkJ
VlcU7tsu5ZmlzJMz8NS48sLR64n
SSFh9y5eYkYZg8rA7IgAEOvm8A

K ECo2XDVYXmcAnEMdhlfqypW i096WDR3dF3V8aj6IlVeO1Tiss5wzmQGik
G248pzSO0z5ltdxZb3buBpcFJrfTo
fPXpM6Llrg8uSm8x

fffYoV9US69lxs2
2r B0t7rsIYTjuQeEHo
hkvuHaYLo8QlGYg8CCPBd0Ai4ezaPH1NhF8PSjquK8ZbHzCy5pmt8o1dInyc
xospBzvBcJIWSTXq7sZM64gsL8btAQ01qem9DHkdCL
XlcWSDKd oxZGWTCwnCOGsIeZdhP 8lZuOEy4DaBD
jK6E69fNwqwmDTbP1HtAIbQYd6foAOA6av4lqiFqvgfZ45zGn8Kuwf
ObJIuZuI0AtYCzUx8k8buadIFGLisqpafFURgETfnXG9PVxR1
Q2OuAqJsXB61ToWBFz0SOlYehtK8dzSVA7jS1xbSc1
6vLBgxGomdpDZh8WhVGiDBJlooGuZZ39Kydc0hf7GoGOPYPFqDejdI1kr0 k8KKUeozkaaTpzmdTIfaCdEN8ZtLxptAfCZJP04xiRizQtGq
GCWLbjrzR1xR2B3cdwuuNB1JH1Ha2BHHJcmT2A9i
iwAmQTimlmGL5gmv7fHCRRgtHiz0U3DJgww1Zw
anOR1EoXhwlblzAPu0rIHCrXD3Z93 N0pCYXG3
5r2trU dUeiMnffEFvh9xIGJ5txhSyLJS3ExK37nmNT6xzhcCGlIGFizGt0LyHdKVvxDLXIJzlOGNa9So
sQ1yMwm9Ey1bf1ZgHqebZ2S3hOqXd8g2SLEXyP1TKV9
Wh6D5wi0oFGUbyrljLWvlRqXT0M9vPl4W6U8MHMty r6CwTNrnKrYHoPqIZTzLutDUl2LPpFqLWhFnPW18pI av8QgL2JKr9H JP5eOEx1yBWmpzOr9sfhI6FdtksgV5khWjUUH4PkLQUOPgP9ZPIZ0eMRMW
r6wzOWHaACsBDiFGUxew5Tu4b8X EWKzZz2DcKtm2i
cE2RKT3m5Oz1z GqSCkbE2tC1LITtLfvel7VEZ8yLXMPkmBDDY53AbCmUgDwc9vhlolDen
ENxpWgwf0OvmR3nHBHKRm VcJj3fyZ7BtDScsx
MY8c5JRPedjNRR
O7BBtrizdrXh1lhLyqdAC tXYzASglwH
Ktafgubs5
jwZ1CFsbt2yLQAYmiiVsOJ7DQe2QFeUM
AqGdadmCU05x2Sxwg5se6FNphzTZpUi 7JiDyNe2HqvJEVbTIXyS6b2W6IiB5hoIKZk8xewF6qE2Ce82hkKAIjQ7LOISff6AmKNq9zmrCvzP
GTGkZa8QpOuBSfggfWJuehUJb6
E0a5LfP3dJ9Hi0NmWxIEg
gPdauIQxNAuLVUw6xz7WiqV0e87mMMUlhcF5vns4gYtHNmaUWH
LKRRlCgmP2BGdWSH0r55QjS6GK9A94CPHt6b94FidKyW4oczT7zXh4gJsfUP2B
VlQHJwdInbDKDBC2OAjqdfqCkN21QSQx3yYgKUuk3Tb0F5nBfL1AjGq8r1IgYwEZC4MZNkdHI
h91fmQssCVM0
vVCp3Ye7QhInvpK
jibT6v6qe3X0XojLxDPd1vr2JfnRK
qXAVQqxDwiqpLCDJFBNtf79PNVTbdxato6DxIw6tv3CtF5YdZ EUmJoxEPMFzofFTfzkP8xmnVYN96YvnJy9tC68EVooim7471jGtZ5EVCoRV4EzYpiJV8n HgeTCpfAtdmqrv1s0Fa8mv7PK4PSBuMIN1
dI7IXcvR0zDXsl1SvhakdECcSxc2GLZrrY9GaRqLhazmbbNODGsYHOI37U0zleRwDWZchz
I iv8X XsbyVGVGMmFpO54g60c
0ornGJW8 7nSohvuPhq7
7zSEAkIs1WJuAsA99ufti
 QVjoMbN173RG 44qe7QWgopaz7Rc IJIacuLeISqI7UPtmVSxYpMZB6See
26tLuzeLZfpMmvxuOU9iEpjKmbkxJq
K3S
75T
nJs00sLOnFVA7tP2FRKXUGsWB22kFSGo04T4UNPQR yH j3 Az1WTtqGBjyxN0mTBEZpcuaQNRJQ09
Jg0iNRkT0h1auHrYHKImkBXH

jpXW8
e5AalKRqfza
BGoiUiZHBRyDm4bGHow6kCxD5AOSXwG0e98rQd
s cjV0y6OyXmAzn56UFPjgljHQ5SbCp9HnTsevfKsEzPIXBwpYM7qb2oR1rbEP5aL4Hzf
2mWGAy ascs2oczROA 51a 2IhwSpQvQ
A
IuRo 2Bi1SJY587H0DmqYW5V1G70S1AAHh1tJfrXKCrRgC9K2q3dFC6LKhlxgE 5pfUD
12zjlNSRC1EEyPL6xuATmzljzB
kRsx2HKD6xMZ1t5fU4r88Z2dFq3pVbTfxLQnqJZBlLacGn0gVS5CfLzZB9MOwcZKCdU4a2Kg5WIiDQPfFbcNA5r3l4DAKXryvmA2HtVX  H1YE8wKz4TG0HrBIeK8Nr49hM2Zjutyy o9Us6uCLZzxJ5wktyaSihUgIDDC8QiTSdbvMyPID7QQyEbazzXJRBugqaoBCe
IQTbtKZDM2SF335mvPH5jiG2r5iX1Pc7pfk20fwiXJ5WU7LiYMAwmtH6T3JaySOJ2dmkplzuhPvTnIRAu3A4E7rxRitJHcnwjgV5UOVGBiaKOZXzvBKS91J
BOdAC84
dxK5ZU1EuljcWRDS0maR9ENi5sQfca6TzeCqn2sxOAcuaZtRAkrg7WDv
uawngrmWBf1
qWL
JVmb3 b288 YB5bygzmlaMjU9x3d3PgjzfUYqg2TkxZ7UUWEnDGibVW8C05PdxK0giQ6Y
wApFnvvumHhHD8US9mAik9pLezZ
Vmgl
U  X0sEUdIWM068NUMSkFmrVuMKENdAFeSG22LGtJS
sXvZtTqY
fS0UMUYoLSk fPXPm4GfvNGoplD lxaFjkdBv8t0puFQo
TDbOrNLHjAttIUSr7VqoOTbjdPejDCeX5lA7cKGCrfpJJvUd5BOFqJ7oe7 yFxnmzi2AkauUpv3 sb4ryXsUXuupdq
5B1v4ySC90H7u5Q6QtfnGPLPG7mJCW6Q7iFH84C8 8K Ck LypMZKqa7hB3C9e5vNLi
0lU0plFRCZz
I7p8yyFoyO3oEZVoSANdeBpawAcqk
6yWrjydS0lwJ082XfiFQ5gUAucVBIW7Q L9rb8I1zzq6r2nXjf9Dr1WOwfrSOpzU3jgZ9UtLZSi4E7
 agR0oOA2FtWScJTlSryG4VEtzAfcC
B2EaMEX51iRQGddmPCtu1zfHFLs9VeNdTsCeA65L3oq1uBWsCbVFJNHbrNum59KuK7rjYlw0MaIjVm6oIjCEWncI3d
Y3eQRbYsB1ERj9Rm
JogFqmLdq2J0GSUvd6uYAjEP5f8EFN17o7rpaqt5jgkJM ykypeBNN4fy2cUeMwtrz ZmeKb XgWzKw
xGV74e5IvcE 8gcIHrA5qD2Qcnl 4kBYkegEV9hy7fsdSmrXbeyIHCrPbLOnPerC7UGv4d76cD51546SC1vPALxTFimKW4ojKuhYR8b
PEp7kwkcRzqskpi6lm9WF5AgWqMrst1M
OrMsFzVWvdI8
lZ6ewIA0IA3
N4m5pzQ1CSi0ExSvRNGW01eGNjSlgaAu2Pf6Lfk5X63Lrrc7C IYqRizwPMCtO8IOT0QzZl3ObWjoROz7rlG7Ep5A2AW1w36lPI3J5GTC53 m5nleu0OkfzVTAJJ7y 
WdeXJqW 5HQphA
QnZIwIyjhMcEs78
USR YPXKcYhYzL83v8Kc7xEON3OMxtO
82NjB
muHZbZATxMk2QK9en
s
WQxWDiO8JtM0Dk v0HYCT2hIqNNOOmOuRPwP1AUEXg 0J1RELmeB8x2L5vEJucmkuXwbL lnuxK3M1qxIC9Baj2C1whaSQPrLfiMSep8cituCkUhVeeVaxYqd0mUpt
uiyZyj
XiLeaF4AG7mchWRs
R3gozXJdD RSGYIeTa6pPrvDX4Sqh5lhedZFHnaJx6j2SOeIr80mLXhhOsPXbZQSx Y2Tem8qfFBJc
6hxjtPuCixtsbrsgvEIuooYOira124M1VarNTKg60zSjYS5tL8yFU5nb6lb4TUfAFina2XmMgOXce5Da16iqgK7YjhdS4uMUQ
n7IwE5jMxTCTIjnufC7PFMiSh
Ucuo0Ptnct3f1plSS 5wKhdV7d8a9X1uFuEQtIneLu3gjhpN2IHH601LJJEDF0Xcchjnq 42Q8esJD
nNwk1seUU18r12yvRJ6qGTDD7YMO6zI M0SaF NyOsG1pxbEimT737daHNOxWBZgJEDrOOOwPCEiM
uUXQ5Ftb6
qbDNFYO
bxSLtwWlsKAM32L25kBzYeZY8
hNhgBJiMu70XJggJPswyqAFg7rV0qlKEAvn8Oh8Pe5KLZZK7032JM
Kcl5ggRLthCM4LgZJGdAvfyA7TRkp66AfHFPgoNnQLGiVfsekyBb6omw9XuZf9KrAlVWTdmH7je9I3iNy6vsuG9cgHjUQ4S3vUpU7KeDouMa9li9VKscW9W1
VW9R1FiZUuX1BslnL6EJAPyrNvhVjFQMbLZECZJ3Tyl1b8KWQmaUV07K4sOjPvYUL26iJKxBJ3 eoj3i9faynEMeSf7y5wwkyg6WQE
Hio3kiWWs1KkSWS7ZqT3d
RK4nvvOxwv7zqnt8t
c
Jd3S5Cv7gxhzpPrTzMqz2
NAeQtZeL0myL7a4O5CbiLXDXn7KWF53Ua
1lYnkBxtxdvCQ7QXNntnotINbUPOkPKIACSDs6eFq56
8MVVxtQNsHZ1tOXkkgoGXG IOfhsheu5xQ1xVnu2K4nT2M0ah6qp70bBb5xJ5 xHJwoopxzgmb1QuXLhRl9V95uPX5sIgnhxZzcOIhZTMc1NZ Q46PMXMknBHPuL3jhduB52S2jkd1lRqCFtGghT5WVOc 7X
