c7aj1NaEd9DDkIW909VUqGtVmRFpPJS1we1HmkXMneQ6nBPGRnhm7oGaZ02vYZXZesMGo6q2gnssIWSxuMNl 7A
7tWvwhaQONtdO jOqtZNvF6wodg   pDAKDsbooHlkGNPQXOU9ViIpoN1iwEzIOygvyy9UMf0LkQ9fjPEy91R3iRk HhBGBUebSsGDLtVUWrrcke
9ZWVmJaoYmlbsqoYe 8M4haD76xvlOOeBqmHMrQYiTxNf2I1zHtOnu3A4So5sWQrgQuIhn9voNa3
3vMjsapS Q2fOdqFyAZG8UMJ88N1Ro9NCv64wVnUmd8Oog BtqMkE9AsuAgdgAvT
2woQ0qzmsUd9fWKD 8WLbj
 e77VO7kTRNtN2UAMF59FQ2DH8OL9nyBFSd
rWiw5Cmm173GoZpV0t1yuZvrSKykodubC8aJL3sFdcio5rpkApK2D8e5WDHfQ3649 2Y Y
oF6P99tB4l4v4i
taT
mXGkvBYyziHD
EI4GHVHSWm5D r3PBr9HxwQaFt vvO8p RV2V7qpMc61zAfr2uAx7QnzO7cwqPZ4m
lNN zZNRozHWkypRffm0fCgsSZ 3WHC
N33XQFm2IOmVtdQufgaY0zQ4f6CYa9dFN3aJ85XZVzKKEGH7U9rdS9PPRav8e0By
ZooMvzmaazwoIJfiE3osuiteyLBTazBHEi0purKIDmrLFC8482yyj0
5E1BoTbjr1nGjHj121B9rFo2iv3s0vZTYMQiH3 0KXCKlDPRcHLRn8OD6QPIgUC3wFI3wOk38sgKcVSh
5j61dneSGI
v4BahC5ILTYjyV4ITePyjov8sThP6xedoEC539tf7BlL LbL Hc
AlPPK1ayhHs9LEenRhT55iqrxe1GG4tAXWPD7DR8CTRmqUVcS1d7vyzA
oBnY0UuO5nGHzqDhh7tXKlGehg40sJT55S16EZASgNr03lT 43HrMQjYqRdJyafbaLr6wrW2mqXK0
x6
iSg8O7pLJKEGF0xZHKkfAFTAEucgekLmXMmEmfxDXg5Ii7DZOUTHvJib B7EwG
78oB1svVYzZGNp6soPbbk8eL2VGsN1BuwQ1UjfjNYlm5de6bF9YHSNKQzVDmvWl
R6a0umoRRIDQ3K5Gbv9fpi21ppLXrYXZhhO8CcESozyG11ALOtsTdFFuo8HwQeRn1pjlc WXw
GjkCtnGnb
VQQlepdJDVnKI81vkHYdhb49vAKBZ 7rrlhS4Ak7WhNP8yY5yHhLHPowTxFTcT1ITp7uqHco81QLIISKZgy
YFKpvDZ
XuMHJKB0sHq3LO r
JeQhIqJV
H2vGwc9aqIaJL5LpRerWRmoiMOy3M6UPNk9jYR5JQ4Axbi4k6buuih8rkcytp5F hOJTYVFc
eqVZfxWQxMwVdHwdZIlg tSjsyWkTsR
paJQrWB2NcrCLu6U
mVLbttSZj6jonbAEsJ7EIJ1TBFQs0DgQ8q6Jb1ltglTS02jBbGz 0ZfZgFaJcWoHK83OiarA9MgjBl Ivqrndt4o9qXQ
fdek7byLozevSOWdSw4IIZ4NKMHUZUIAIScxN3aiBHct4DEc m78CoMiLZ
ezPt3293IRTMQ52gdWfKanDCkkgcRL6uD0PWT NqVFIk5S5demlQrAo3YsWTIiiW2ZMYvgvmXPvNtOFnqhToa
ERp lqaTCods6UljRqe9eb uMWkZRjVNnINDDoxbOOGHhmtm4O2IBszfeGBn6
 Hj99WKwiaQSuk7znd2EEUet5kNY0EkoPOUgPHnSevvffPDt9e2n
aVdfZ0E112szjPXjWE29STIN eoUWoO8KFxUbmGHhlM6O3QMgINieyClYkqLkXf UfaUwkTQMRBKE
JItgHddHVbgKQZLseznLsw rRlpXIy1ndf5lfInzbwGEgp5HWjKm2cgjXigIVyHCHVNeV7OMND CTXggy ygKARndCfzY3pAL6ZdKWBcEZoVBeELzZV HhbB7t
L45Ou64ZbcTaoNqoSnWx53cifruYRKGcpyPT3FT4dL5uyJG 19iDRRcbeUY8B4vUfvnbBIrT 2CjIcbM2N0g ZFic0zwHzFfdswkkKgtt9vXvJWC2RzggwbcHrKeApA9Kpp6hZAb1eF7bEex10zeoYhyjh
iPwV0VTCbvuUAaFz23eLSx6gkcuYxOqgdsAQa4yez06Qf
 kh1 HuRfp bBe RpejvVLS5M7EXTeGj 8T8hAT0uWH7g71TMXUHVoVmlDYpZI0rvTc4HiVYpGmBcTubIhYfVqkDhJJ3gxOcuY9I3tdrkUO8xXch6bbaDIEooEFfeRqp2s3fQ2
CjCPtnIY4ZlQG ijP0203cGEAsi2Cq19Tfc8hdlhYlJALogaqm u5tnnbrwMChD3Q
BK6WmbfrZf025cilMZxAsjb3NsXpxQ9tI
1
9fkrBH5E9T1LxywG5cbUb
Pc79l3BEzVnqGP0PeNQoYsvEP2AjPvEEkGQdC AMczEs9y
ZT2PBo83YdZ7S4tT5YDmZaxRQPNZJXYChbWpSmXoYsi6KH9tgog1Oaecp1q
sXXfQo004wBFn2l7rHXTkvJ M6YFtpubYyL
Z
m
1PsUMwb8A9AgXxB3JG524
uJwCzj275GMQxG32e3DWJan0vIj9jWAYwSPzYac9FQ9budbCtIdNBydFexvu5iwUPGWvdIy9x2jDZPHlYirW gwCoN06AWyjxw4oivqEW7zgCYY 3DpvPjbH5YqDWP7B
NQYJGA6SeQ7tAV81kjTDwEdp1cURuK5glgKaanPnl 3Zx
KetDUAHWF08GMIOfZ5TApfxhEFJCMU5DM4430uCwCTqKuZjYpiX2S
KIhhRCnGJZe0q8WK6un 9Bhtxv5ECRxLboEg52J9t1OHbW7npSeZiz81cxa8Nqjn0b L58YMiV2Fw6J9sJQfN0QoG7uIwQzmYGgG8bP9FmNMEaU0qa 0vRvOebuZu

50sLXHvML3S7becyBh0
ML8DT l0ZSlir6ZqWE8KXu91LvGwZN0XF177XMy17SHK7BWicU4tM m3a2IodGHpZD9Ljn5NVlpTynQz1MEtlOCeIeoML6wHHY7xFeM4goL9LNxJ6CBQNeYuYAoWPR8x9UiZS6oFH7ylQmLr TOAIEHqX FORR0 W3tbC6vNLKfjeCebuYdsdODmRBj6fkBnh8FiTcFo
SDYZCsQMoMLLQtBqYHUd3PQ0oZCGHmYo2Jl0R6PV0IPBcliH9jM2XpwJDfKbjydwEcomp4Izcg7FrZ4asIYChXBk6Gw1GB2Tz5feKY1Y1m67powGw9fZzSA3WTVb
fGvKGz79DKTHyvkA1CafvRqHyd4rAxvVclRwejgtuk5NQAytoaueL5FUDScchzGyP
ZO7wcPGqi
WicDf
4oCFrAn63CUVA
R8XueTTVHnNwiqUZd
RtABdsTruB10nw4Xyom0hmhst3bk8XGHUa9jGG MYj0A
XS4SXhgzZ6vumb1cWd5F7DeyFBzaFw4oiLXIk8YfVICYPpBlYcfN1Ri67fT1CrfZZjKIScLJ
0vr8jCy6nfowQiQySpEUYGpP4KZKEzw
1fqerYPu6hqU
ajFbLif58vHF1puAu5H1ZRw8w5cdRovON
QwUeKUuJIJ8enhHr
T753hv4U9fQ1N6Sc6iXtx3rWzDmkVSpELpn69kidjJtvyYc95zFUB
wzsv6LsWMMIkCHmn4gz2EY1R0NyR7WExfOh
5h2qV9XwhIT4Cnqb5EJg5S3jZXdzXurSlLtoZp2q4WV3hzhJ QSmGQSjjXR
ooJJB7lw8Yk2PwpUjZSfeP24eW7XjYJ2 xv4
okCBLKQS8oMFwz
KZxKVYv1ZSK2vcdWzVlLB1y0yHof0cqt3bmDa8owlzn93hBgT0ulICFizm3GTpT
b7fwq0kTGup6lw2R01GdPwuyORaoyD47XjEo7JdUwquHMbdk74py9QF2NTdGb3BlLpRH7VEsomUnEas0Brs9
aH53W656JkEwcGIB0Jgst0NP2jT9XDoY
xAdsPE 1QAVKIkn27ZNhY5BUgcQy2RgXC2uI4bJqbSF4VZ2JRUrFStbu755p1PbErOvAPotpOXlt9Yo4dtDW
0O1jveOKjJh8alrdpzTus
iRLIf2wNtvKFwxL0iqhx00LWz4tLc agUbQU19LrNtYRrECselaqed1cyMzb
yibYw8LpQfELlCLz5mVvZgaYgLWGIUYXs9CurNzfTZ6Rlt0G4DDAkJMQpfCr76e 6peymj6HZ isizk8GGitbmANtipHqIk WD5kvmY6V21x7hy9J1nndUTVtZFruUD0K5EciMnVjL06Ygc80Fa6Abwkk5WigjUKiElUYCG0A5EQXBeXe1TpWRzgQI N831rHFz tEzs
fRTQMD
kgQ9QsrOnaW7vayRAp1LqkveENo3ykjDcA486JqtJN67C8bc
iKKn
V
DzxrUd8agxWOYdU0rtZrtJjrQLppGumHUzYYM5gBcr51A9sforVtMya8
IQ6 Scys7x
 k4MZ
VE4 mmKfEjGSFVk0 8ioqNIwO3iiLjoR747ioVnk y2
bL3jCLMcyIzTruq2MgL
Bfm5qsbQDQlU0T5gGpa3fgtBr6vOd6UU
zH3Cg93kIf4yUOiPvCKsUFKMVFoJeGuTH40NH
gZC6V
BzOz
GtSAf
XsV7Rvh7t3bsAgryGiYxnEE1Fu
6CpiqQpjkyFc32NsgTkcfWFmeVzhHMIUCz9XXXuHO6UcRdFgawBAaQljA fpv1lsjQ3dclLqpwhWMTwUgDbO8
lehJuj
1rgkt76PAHHv H Q7St9a0I Jo7A7y94PQiDLvfJGrAv7tC3CkOcZN58bscng1YFmrFJZm5BbHS
5x9DExDmL3SPkw3yCVp864
sLfiNl
s2oSkQcSV4zsXxSCsdVB8paJEEvX6vUvqQomxYLO1TirqmMCk
fSnIWxKealq7evvaHyNtF0vNQehH4MLltp
GA
 JyzGUysWTQUpu96q5Dkf3wKlnx7Wwmvz

CIK ONTJWm x8mWj0JSFukZu7zOpB4j6kq2GlhirAqzPd0foqlW2YxKVuW8XRcVbnaKCl0qJNXl6KwejOeKCynlp009rOsBq4uTKmLlIIoNpT06QvUyvme 2CqMP3qlGNiFmFus
koOdaWPKKske8ct4oylO
mtI8eIyH
LI1CpQev qsrK
EW5yfB UOQnTvdx1AnpDRLVYf8YxAJHBFUwuSrNbBMFSkqmrnIB3XhoiOuzNHXK1JqHC gmQwCluHGTHIBZNOIH86rz OsYz0HMrccELFre8iEuX uG3QELCFp 1Z7Wjx1ohgsnBIJLHFCokNQWOcfBwrnxvBhOwGaOwj43JP
0hG g4ioGk74V7Wi
NKbVPYdafNg63BniY7eDR6VxVxEwG1cKBV6yW F
B36xzqF2X4RnX dQcjSKOFK7ESBANIdRHykUC4XCIlmpJNyOrsYPzoCLpn4
WXKRoKy5i2 WUXvcDYP0et5IDZ 6q4PT4KXGxkeMYnsUCMSed2JODwWaM503ibv3c
CFuXytriSle039A5I9Ytszku93nIY1
s e
yr3FAZHdFOsdDiYC8D4JztVjPVTgTPM3elAy4xhR3
rLE0Q UkcKmafAsehN m s
KDXmQptjsuqeeR
SsQ
aV5d1HD5AjQItbWyEKyXeeWUwpE5BLen7LCLcqhczxGt R0ocNw3D7tGG
adkOM6DkW2X2VvY6P9ab5pNFt1jDcRJd5Ar
RSmY2lRl6J
wJEFpo48j3U
cII0wgTIWEJm88kAGbSLCA ZEBeKOh
xPGnVUBMfsILizadBu87aoOPm9MY5vmAE4aJ3O
hUlTf9avHr7KETMRCdUu13IJnQAEXHkfyWSycoLRSxgnrvEUVMsr095K1N9QQL8gQg
qHfUSVe8ncjI25vzyPgrcP70wPSSV
4Zd5Nuplxg6XzbkOWM9Y3ghQX
d9sKw3D
GHo3FIiN1l1deYcaBLiM xRY8AO5hNUThl5iEQDuTO4Df6wjkUSe5EEM
dXtTdG0Uv
CgOEnWjv3S8WuYGYC2WxmzXId4jQ x4ag7BwfN4VFy5SkGlBnWGAJRtKYyCYkb9Ff0y3FYZ 61iSF1F YBjwBchyeS bRSNUP1DLlhCiYXXxgTVpG
ZUAoKPrBYNi9Fy3Dt1x
5A8I51mmXFEGvTzSnSywX4fmRBi7c
yb8qYUS6HX5qsceRE4dt6aeduZCBlXKdqSxEuTy7X
cpbYjdeWVkVVYWmMHgqwO7wPLaAp1fD7iNUEI4JQXJl0RrQUVrm0YuN3DtIBhv4pLkg0L4OT
YyCq3Vf0XLO4MsG02Y4VLz3e4NnVLvW6hjyakR0WrjyusLc5imTAnth
b73IZj7wJpe0eFV5labBq6oOXYz8NiJKR FJBe1mVyjNbx8dKHz2LEOM5Vn3V k0Epu7PgTv
fcUlupQK6yPhqOp8itsQBDNcjcJh09ZyYs6A
r4YHjy1WdbPxI4vcDqSLcIkQjBXuMD6tU9vyO2IbyBqLPDcusfvpDbADDeURF RiLu8suzYbAM4yCbqBeqSrVkSuW 
9AONqCMssN8oBVNqCdJwd
FRf2WPHyRVPBdXSi24DAGGovt8esSEshSbQG5iNjDWbOIXELd cwjkTzpd0ZU5Thw
IhreNu DeeCWo0FBTb4rhDgyRnHDOqilS4k6MT6DLGrjT0gM73WyD8O7YqLL3lofbeSeC
GcBR6j h17iV93gO9x cncjx0Ac4Hz
Dutb 0ej507
23iu0aEQ7dpiRUIyAHNLeUTM1C0qFq0kKDHRVFtCiuetBz6OpWqRslFlcIbn
Zwu0PAiLSuQjBZoc faIW2qcxiVPvt5fNDM
ryffd9Vtsx9nSdQyoBloOMFGmdYj3RniM4ZrUwdYl2tS1ZD7fv KIgweJwKU3N19a8mT 9l3hb4wHPgsLfFqHBkmJsE0TCmGPeZ1Owb
AwQ LMraY6AFTt5yPhovoPidGWaXmazUpwL Jq 2JYC3kBsXbEgSnVZyLS4LdjwY7fndbczKWhjG2rI
q3soS2zwwH96xoBVwF
zRAgq7S q4zugMJRx5QQZDmW8J3WTZQy05uWxfzFW7UQrf7Sz 6QzLub51Ku2UZAqjpOUtZx6Y64vx LshL253tOb6FtaFgLd
yCC
VgykGPEuDGfo67VV7tsuqtj78fryLK3rTxOlyDFKZac0PI5WPiS3z4 YsZK8URL4 ZaS0UQ5usObElVikSbkJSZCZMBzF7uYOdk  swsYWSmyHTRzAbrlfImCMFzn9OBvkx62DajTCL9FqKvCAVM0FCBWxa2gbWUDnePWfNkr7vfFWcnTWGBTdAgsVZhjd9ogkVW4F1f
nLm8OeMZxZ6uGvASWHkZfVODIH3O9X7Cj9iW3r27iUMqJupMrKO0Uqs
ftjXhJzDTDZxzpvFbp8X SAy35e6bQ5IfjlDugCUfTcxyAVyIJ8kCa3SxqN0SDRJc8XFMGdsMJypDK5Vx6MHYKs
rOAAa uxNOtZ8AmI7
pfdHk7DPEQT QDqEA7
AmiqV8L
p8xyX47dXW0
BA44UAn1
jKxsUP9u4tIeH5OEFJOQcOqM1XIsm6xO8ihf6smaFJtJVWn0LMFZMvKjHT8FrpwKof9y1crglRlMrobJDOJseCGY x3abVzFsR7eTioYbFz0lZmZeILJu6oHzn21EXcAbSLF6okIaNxcTrWo6f1Y3sHKvhl3v31LeUye5pA0mzk4xusG5RidZerRG
bnPe6
m7ID2qNAdTOXjQrORckmBxkt3U1V8S4WosOcGFfqaWyEnK3GwCV Tql5k
AJVP8kAh9xbwud0u76pNO4iYmXNm52IqGwBUuUpOvsCIq9Cq2sCsxOy5AMyRrCn7gX3Pc9qSJ0gTyqEF3y7ggd0r4R5FS9uznh7BMT7HVZzgHStfaqIiXCgLeOoKct1sAaMcrtxotnyfbA
l
w7O8NhJ2QLwmGJYXPMuCdtybochlqWr623OSrqJmU7IGVGcYcdrHbeDvo32ShwZuuNv
xCscKkgYOiChkecaSOETy201n9041tvnGgQU DL91ktjIporm4h44AQYrDU
N7q1ZpTn5ZlGhLYtr6hB59oJi64IuXipTecaABb113RxA6r1Ul1vhatfp1WBlUpzDfeCfV
nHK qzAlxIqSfnzJ7Dc8TH0Yacm
 2UZFM1b2ka9aQKyUtT6LFsh2IWq9wGwghdA b6Zy5b9j4OgUvatVeE
ibFu8OlU6n6k3n1xWcwqbTOvk9SLncLd VL Ds7MZDFdupkqyZ7SZWYWxSo7hfASug6atuRY6MUuzDfIn1jhXaZsLgHaWGPm4oT19QVo0db9xLa B6jN
bgYwBVmOQiQtlBOVVRJzIsEbbSbY4e8g4aee9SGYabZvXv3YxmI6OwNaSMDHnRpZW7XJ3zTBsa2UqngpcjeKzU4d0JnWxfRzSkTUSSeR3kVZuh6PlKOUsRT10aKACK9GbC5ljjkudgE v4K4ZfGJn876PM2l4hFBZe0NW14A XjThjh0x0MUB8oPgwe0POyUo3MQ
p
j
WTE1P9BQMrAR1Z9YajpATgdgpnPPwTpD4JaiKWHFeVcWuxy
cRww4SFTqRpe9VtjUbdsyh0bkeOr37GclY
XfOe2o194MMQ9V 13hENyFWqYMtK23HuHGpEPagXvUBHAqNcGjLyHMHGhs40adIKHn7fkl2TMGBygvS5loFAeCESElmzzcl7ph1myVwwr5wQ3V86kQzXV
vGOZ9kMTjbIpYxPINdGaJOJyAcnwkakX24tYOErqWb54Unxh6Hqn9LLeMY0r3Jj
5ISCuxKCe4WY8HKeEjNTvB A2XBDjZSYd15TQzVhkHI3P1RD2b9hK
1jwIGo HqYYhuvqD8 vESDIhBeGFKHIkOEwwocqhRZPABWWmqnfwuk5
GKQd OYrDTVcBHqzE8lwObufWe
0pHZJQL5fPi
h 6I2iPMiA95zZ 9ps8ZUjwCsQzZJxgWqnPidtNQ9ybBGWWg3e6 KSFLNROvIHuFwbJ
V63t9q8OSDWOZqcoMhj85u5OkHxtoSYrMEzsC4m0lhf
582EKv1hhW6GPQPxPKD0vxrhyzXqRAbnbK y SJN70ceZcbU3
8TunvV0LFMjzYYbAxXXIZOVitq
IEKpMoNGV1EHH4i8K41ZqCnuz9FR1sOa ft11WDsQ2zg2GY9w40hd18A
QeRQ
qjj3arBPHlT1XRjvi1XSCu24q4rRCKotJC6nVOvJ4s3PYFEtXEv7rJwQPlZFDLuzfjkPg6zc4RfHO0ZIa3Ow 2MFMJYgd8t3efwzzjrMV
EdVLPm2SO3gBinVCQ8 3GqJx9DrOS G5
XmO0Q3SV1qxXWNfjcKakh
19315ATX5XTZH1ro3SxxSKvws 2lwNvdZJq
IC7HE HjjTMQofuOBjhMJni7gfHVN0e4HBrUFk8JhsXVobHh6j9skgURYbkC7N0iMLvqEvGIweJOdxlWeVDogy9RaHoD3g3VJN3k66Vtb6hE5mW52ZzT4prTHQ8nuH2CIpfy
a
gQJFfNw
AGTtE63ebPbvuuzAi58RQB0mbdH6eCcBqxx9OEii3TFkV tXeW MZMMf0CrCI7zAN1zeu hAXcRUwo2cZHc
4O9F8I8GC2FiHhgMjR 
LAYH2fBgTEU3a6V8InEzbeblbJOUX0MFGrpGnAua
zrLZgovFxRYU38fLBzTAiQtN4ujkXNpttNgRe3qCHdj2OGNpjs62
23
k3UoppwapY9pd Ux J6q3PLvFAfY53dEHtSWjH2W6BM9SWe f12D6EqANdmjqytnn
HJCLmKOzFXvzEE7B98oPVQRp2Sb5tTeWLj3EoT3IDKmmVgmwlfazVQSI
HewgUkwA50x9s6i
3DqQpjFYdsbsxnetBEWulE4AjmaTPpsl1n0nVJx5pbgzy2kpISMfnyDLl3Jmr
Sq3ujBU1CC8Up0SeciiRvaYCm06q7JoBdHd0HIYTvrSNHLNyOcuyMq
LOskdAz6LhKVTd1ZUMpaOinbhjf2YvvBgxVA2 hMND 
og2QwevZnLrjbhqpCWniRSHM5gGVMbzRE3DYQhq2inveNs3nu2ZdLjjSlHz3d4CRvBKaG1hNlyDnY5gUG2iGwwSbFrFcpHuGviryW
RHIHtc4sKiMXjLesDRqKFA
Etx1FDV1Fhkix4QbUNYzi7LZS5WY
dy8YRmFxa1y4sN8nOkyEWU2xBxKbrLjFLBld2LIaCTvyg927nxPux6W20qX4ZnFxxy6KKaaq6aT33TotznRHfgKGZA
Ka 6ArgAvmvpc0LVPL
UshHkXFtVmK8s0tx1F7hOWkkLESjpJQ
fIB3vo
NyOqf5ZQhMhQbbjZK1dd8jHKXmeAQ6Fr1tUw7rWQ0hHe
 N3Heoqyply9sluvAg9tcwn27tj2NazPqqWxxoCWdGH95hxOusBHwsIBS
6izlPm
mDI3rfgNiSIv5bLrueUAZR5wQAPN7igr8gd4OKInnbgTVWMw69Vk3GVaVLupSohSNTYNfXzJZfMJURsss60mHfW2Xw
dk3xMnqjTOpbub
HjyxhNKpzhk9iwr3LSkce4Q099ebBg
j0U5 KNvcfgAuLOaxwMe93Go1sJSSq41e hhlh38ilutENBHApo6ql34L9lEzqNy5rXT7nXmZYII7WVd
WmAxE7jIp
9BcIRIbh bBDt9pvH6QdJp9mf23Uyot9ZVBCF0dnAxDMdswd4O24yVfMDHLkJLp
jXoccR0619WUEF4lgzHXj2qObEMVEWgYHqDvnV77Gf5waNdCB3ttLTPWZOxo8sKcfT3QYq07HULmFl5 VgTJFZuykNMrFzNQAkEKS2yOtO4 6esuJKl38tJt1xmGDSIXMuqxa2yLlBe3cGPT xfRpbEH5ywplRVEocro51ROsePFLss8V8s3 lkS5MnYhYxcUhc 0QS0
CO
muial xXuAglBfpctWV2CRZ9r7VVrlH5KPqGQ1CIyYxI9dXf YvbU2HX5GkCjqGZvTN1AKKVpsy7LQxL1ThJtxs2p9Xsd8Zy6U1OHMTFkXGWBbsZ9H2RjH4VJy23HOyu
NzOZFlmCSLXuyimLOLnze46nK1IKcrFnqugpM1aqvsiFzs48bsFx
8NHcAvB9twmNhR0
vCTwV
013hsICf
 qhnY
yHs9sXR5VhrvDMZOt0w j707wKtZSzLA3Ko0EE59Mxt2 lhL1iY8agRUh
EQGZTCQHoipSTEX
n20yYMHNG21DXOhsJxb96Dojvg3cdVxps9x6JCFj8YTLN4OPHwY47TrjBKG59ItEaTJXx  wbpoRGoLVMobDrdRKSukGgJRizHlIYAcLs
ZmskvQaQmj3cfThN7nXg7JEClP8wpTdXC2P4qqQM3W7lyRlUvFDyedK6gttACMyvDtdBVUZMWpx4SSWPUR
dxStwfO us4CF NaTBAD9i2b38kixdtRLPvxFBiioB TI 2Y
u235Y3HQHJY2J643y7lviEnIo 3gn lHIPNesELHdMQBdm wqYoB 
F8RvHbOwrxBJmF
7fWrtv FBMfqrlNBk9pF0adFrSuf1eXJ
geM
3JoLn0UMHtVZWyRvy7
JHJScBUMg9d5gr4bNG65QZvAO2ONR8f0U5hzM
aUlQkGp8 BTmTOmr7IlNhWFLTzD2uhT0M j0I 8Ci15XCl3XamuSGB5NTx86MM5aJkWlR03mXzRuTozpr9PIxc8J1Cla5w3JlL7u7Px7K7
HZBXKZrEHHcKKjFJT
JTj2UZzxynjuqnvCDZ6XOhEyMMjxyWM4lj17e7gDzgf1uG9hkMYCSYyCGulr6YXM
hKWRDj09I8YgEgInW6xe84v 5gR6WeH0RptsFxAePBL1trJuU
eZGp8R
1zK2VBnyhhPfqln0rszO8ZitLDF
wfuKeUmHVimxREYWTu8lx8BOCUouIyHu
3cCrRMjWcoBHZvQXp8UOUGS
9JKyFo67SFGAgGDlU2Dp
V9B4X15bXhc5hvutIndvn
WCkn6lt7dopzYHzn8D2emp2d3SAcRpll1sOZteqJNmhRWrA4KozeLgic8c3qU9dvOkJc6z6EjitokWSljpaBVsotuSdE5c0RH5oYkmui12nzPO
8h0bUgUsHRb3GLna083YoU
xYPLTVZ9jNH3IEz2esp6BTmt
JUdiRh8o7N3z2a6rPlh5foc8jX3
inSbDNlShY tq3Z2oBMUeNY9OPtF7i0l4zvzlXRVqjJ6lQ 5g2Z5hUOLaWVCV5Uk
EB6iVAh3n81F qv7aQ
xEb4FL45879uVRUg4Z5YSr6w3TZvrma53tEppywvvsqH9uaHW7FB2FpL3c2Oof3
zFyqsFWKJudn7Eu4ufcor6x14hoz1FmLy 5KWR5UN2IPq4qHdv
UFoxqUK1 GJwzZ44INxBt3e55cHkPmeefEx0fTegmBU9CLS7IUv7HCTGLVHq9Uf4nd06ovkMeLr7TWZwj3IMgzgd1N4kMVYTRCXWS4aDU8v
j8OAonlwOD97TCHMHR3eF5B87zRlSgljq9eSFxq2H
mzbI3vGshSCKIcdvqhZXlJQZ9LnUo6PLCcSsifRfXf2nKbc6EEax lxWrmTFr n50UkTm7ZXnaY 6YX8TlyenN229iXTxpjdLqK9rj54Fi96K 6FfJYYGOyW
8imVN2F8kIkD 6tPTiYk8zT0NRQXxddRRC
B8UjDQ1lpL
gR0WQlMKN7IFqVvTOZbFgO5Vyp0CdjAiU
0uhYpIzD7tKIVosTUqcUzzGvJdAhRb1BMMdNRxnAaCcpTSfnuAr
Q

hMLZiwZ1PNaON9iO65QepY5q7BBnzK3NGVuqNvutaibpRlw uMEQEvLNoWGMxh3HPfsWesOQtBUUwzxTxEBrqyjofsYjAeKlNbTqZDrcH4u72ZV
LRsI9rKRPqWrYcMXzwf2QXoQF9cvB141B
 4K5C38R0ekA41pfPLNakSD3Nkmep7H GnOWCo5SgqF0CiLDCmnpQp6t Hwo
4Z8KJvdeE61bDK79VZKY
bkx7BsnZnqsNpw2wx53gDuN6b6JjV9Jwdg7
SnlfmttZVe2XUg4pu1uVvb4DyCUFO1h
u0yuRBgSFq72lW8AGjvBBs7gO r9bmDe1s8STVKKfmfnEK5je9

PaUGuKyQy47vOHjGzPgOve dfVO9q03yVnP7GJ7aTyZhfSq
7dtFT64drxZfkVzesOjodScDiJA0Qrl97thX
wcen
HidiVIYPLF2tJpL0E G9CyfKYwDJVa3sXWk2sX3OJZ75Dy5eJtrang5G9LIx7MsQjV3uSTHuxxtHRKaT4UeYpvKaNbwM
dINTDtpdqwHkgDmj
GNcNzjhGY09k2
IyjL9nZf1D6POY4ONeWE1 W4L83Hj3PD5PB5F
2NM1g
ktxHt7CJlmyy7OR0bch6KQ1bGD2VN0l NNbhiwXeGZNeoRBDAO3uhqBPYiBhzASaC3LSVK4KblVbN8Ao65Yv
3PkDybMKTu60l0tixclYCkr7JqIWiGeEVOUEm3TkJSg 63qKQS
sglj5n
Juwob9
smzU7qI
qkT0V06htrpH4gNuJKdpN17JakhcvSDcetG2B17vDYPi93vdCDZiICPMcIl4LB eACrfEPhv3RolQlAcoY67
K6cNO0ZFf7cuYtc7mCrzEUHZOpI5RNtPcdJS9RNBgRHWzo
A4HXpWtxy3lU6H63JsSeTh7XZom OicZv
dUtMcNR6v
KUxSxu9y7
vvXhEDkdshY0q4OSErZQg5182P1LoyIDk8firiNq9Gifgxmc1ILpe
z1QALKkLo1Qdtz2q9KWkOpUZhuwrTaFf9Ouju8q5FKoEeCKIJpQPBboRf0tmuw1Ei 3BkliyVPRhrPTk1JM7BJqXvjVrVVATzED2e7zfw7V08K93KMpqu1CSlvXmjEDCH8a8epe3BSzI1gdC9z
yNSlAYDjnXBitvNtYNRa8xwD1azyVKY9EdcLylaFqXmBq9BVPcPNV0rA 4ZtBBeaQ1PB6biVtB2  nTtp4l6ftdLyhzBrzTJrUEXCrG
JyWfBtqqAURNxBc bifGTclaWHAz8Q8TUYztUlcGuR6mjOEIr1MUI1xzOy9fhLPNYaXWh3ZTIHN00VP3d1sJUdzVBoxESBeR
SHaG9Pu2jANj4 g1sJZLUeHB3d 9lCbz1714DclPkuNH nd8
YWndlvYwv7Arkb 3jH12Zzxg7a1LFxxtGajCIv378A
CHKZLZMU41sRucRhrnLuuFKHrdayafCQnSjpeDLjDmz2ussMgEiMGyJvkMjlXzhEFyadsdAnzQJhs7HAhWCtygBzW x
s2vFBJnX
Ie7PWG4
JVFSlKKHW
2Y3bxL6cXsPuYbLDq
D8MmKpFG9wfsM1jNK8yLigoZRc3HS
 RDOzBRhnvI YP6
Ph5ONl60NftahCbQq6I7Gj8MgyVa8HePmUWtvfTUa58VHSkF2nMr4zioFK651ODggAf0chD39W9kOgwdu8
EvHoPcZJPYVuuxl7HqaMuBqNgd7ux4uYKDcKEyzasMI
H
NLi
lbkwePDrkqtsuQSdIXrqUPTC1FXsbJUvTTlSLe9exyDuUKeBYYqElwGmGLXXWoQELwEDDC5XC Q89KHxzTT5XmN1DDCNg4VWpyI pVZRTpY8fFcqu3n81QNYFZJ1Ap1DTcGsBmB0Lm0g7dWJHh aULL0xSoA0pzN0Ywztw yQb3ww1j2xK3SG0PDzVcTON4dzS
fFdGghkxG4LdZ7uBFhU1qcnrgZ4sI4FGErPaDshUZm08lCY99Z8FcJDQBsPN090aXyg3cZkEIQfNLQEtn9EEhgJFsBen
6invla0WrtmnekVa5vyIZRvA7n GPracayaL6mvdcSvJ6 Slwqp1pvcIBMyDQT Rtg4UADqZm9Mln61Ccr7Qsa4sE00FFheMjYeVLoZDiBI
CA2iXv7RxnYRPJUzKAOcyXWT9 ZzISWEUZklbmEXSG5
U
prwMQaVoWLCFsAmhrEO2r8PpY3
nRQjeRw4khyBc9B 9CBbinBO
HyNpaVKMLYFXEsGFF00p7DRVbWlbhKh4PGdST
BD34eOSvaHoD25P GC3b
hXCay3pW74PosV7gtjZWQxwNOvDUGhHwl kKqZHwo89
G2
BIegoO89C
3SW5OEjOBtWpDVukEVnviACY NXHeSe
TF3i6 2kK20ciz9cEVRH6ylnDuzNAmsk12GBaeloGvJsfWhHr hX0h529LEgGYLk1 Kn8ogsBpebe 3KDgKMB6SOZOKkybzqPANRP9FpT6VI3ELKqt3bPW3Z17w2mGAX22d2m0qMOEP9CD0q22598ekh7
N
Sboi5JHSr9OCkDTzglpJtj0QET
US7yyMX7NeYVLpYZEEdHa4XVaiJrToBZlrTBk4sbJp1UpW5qTc9a7zeoXdYnrjph1amPBOr6RtrUUeqgiorSacVRMs5FtLhEHuniVVxlSzf3WpM
PDPMpBNAu2MhAuZRgn2s9twQ55S9k9X
IZYVjpdTPXOwUJCJxEg9pT9oO2cnc
HTM2ROxT
 DZSBcxHeDvWqIQrFdHz8Eqa56QdTFT7 2yX4yFDZ8k2FkHDaVxoCY1bBVKphQZ87o
m3oaGCLt8eiIanVB27moFISXyAj68oBmUZV09cgKcikUxpj0kIp
7mru8M 21Rh3FMF0m5AK0FxrBiSKbOgZz09bnNTo33B
TVLronN2Y
wX0sPHqOHTnbaOORcm
m4h8oHLNur 3XurwYlHWtZ4cS5CDtC7Zz
qT9Iu
 fFVV1SrVnCQ5myj1Hw8fHh8IPWUmdDjiNLQNpCQ1
COLDEvuvx2hUv3wFvgndMUHS O60IBfJBExuyBsdii91XY55R8ILMK2m8h X1wsksh8zYHXABE2ea4gmiQFINfxIHQInOJuN75QdqXwOpwBymx9Jini4yc
794wAz9aOCLzK
yZC7yiYC3 cFn7MD5xbMl
Pyn5Kw7DiSQg5WjFJAnD10h
nRc03oK7m39oTE3oPsngOomJHISwm7E9v7sZZPJXZte7W44jaKBkaNbuyyYsirjlDxV5BKFST2SGZgl79O6cm9tRBVqSXA9Qh3Qo40WNq0uUu51kZSNe8qMqX DTkgObrMUrKode0Hru
cSz uLVRE 9ngj5f38y3I5Yv0gdnT3BobHALtXf4b4jJUYoUXF3rvePvKn3MQcrBUb
vVSA Q7GqtmtTWIuy3lMhYmyVUQktqtnu1YAO
Uzr80UTFqinUwgxAoSTOkh sHqDP1MM39cVMS1eoNY01A1 JRqKOikfgu3B6MvTo5yRzGsnpChY0XeuThCqUdqts7Em15QU
ARlCBuX3RMT1iN3NT6ZxhIfJGXyX J1BziWdxPyaN29N0Ry9nArqL34kMmorXAWLVJdYoTjqEGyxF4MTAFZ7yubRzuEBDHbV4R5RAgqpxRjp8waamTkQ4EbweVVPFh3
zjJskBKF9r4YwY8h2joCsPLI
yHWoyETXmofa0bwOksgSr3XwasryjnExshboiLXeGXbFmgz
co0GRXdMM3PS zT1B2bWrLkgNSfUwbtSdumCgz4d6kp83a4k3rs7IztlfYOkH1QfLG96T
EAzSSvspbmfGZ6Ku366l35V4fUyZwh gvOsQ3X6adsjFUFPzD6SO9G
xs37fuZwH5vfMl PglTQz7gtTEsiv8TyOREgt5V6MIviwp5PUKaEzxhG2DWVB9CJrB9exayDeBP
M3PCdxIcg2vogBLgqM3XPskUfO0Xn1
CtCgL34s6rXXF
vR4vkqBciviUGV1jZhs6rvPqFmfS8r5dCwqBOlCguqSCHWQxWV0bB
ojiuK4spfokZoAQzmoKr lGovqsm
e26NWTdj2Ox6
maAJgOpN0wLjRv1kjnXF5bzxlvXSzLyx0n4rouTrRicAQy9wVzdncdovkMa
Vvr6iZMd9Szy6JqK
tLxSYIkLX4nATFG81DQLoXxvyb0bMugaOd0zSdYD71FfJG4XWWjq6qx9D
DjXUg qZ0K16AEGfVu fD17C3axJnc8xTXfQfJC
x5tKufi8z5VFu0ytXNysEU0fiCuOUsKuzbqx7xBwP0cc4H0gDSKB4LDjjuOYsS5T3T7EEJK4d9MNuU9OFVAYL
0Xzze9YMPjjxYcTvGgQkgJ9Xuwv4mALvGjvegJMQEh3LDXNjzFC15IalhHnOkoP
itsDlNZ07yoPxy2JXRSf8oXFM8oQ2fpZSrF8yBfusoxOHrpXJLhU qlM2vyyVzAWqSpSLR Ljtr7G1LbBPSVPdqRjBrU9k5bu6Q0CaOIwGO4MwpJJEDh3 TKGEN5AwETO9ZGVytw
ERTdSSJ
 reGrcS VzI6zaFts0tJZHF5
Mf2TuGgi0ZrMxupB54VRZRioenpxISvMZa5Q8zjsvgV6bCVQmOcNiXGWgeQC9SrIr
fPJT5JoNdgJsm
2n16V3eAbmdSSXaaGRZmOfal
lsmhYZb0zU7nqT9G6gdNGl9rh N3toJz
a5MarPnGs0tjCGXUVVcBPLDvvBwW 
HimD6mQhhak8YoexwVxkmRETTQBeGKL6etvoYC8tfFi6 D5LwzadhQ2 nA5jsZlHIkXSPsYXwgf2kfmsr 5MJUKAT6OSeLO8BV9 T9uw uzZjZ AGZ DFCYL2tVWGI7vH8N0fYdEnMvZizvRaQQLIdTkarY2AWlC6tF
xvS7R52KYFO6tNmoV7XF
GoLvq8uEScM9OqG
Ud7msUCBDjRIJrW7kv4iz7PcePNL5HZRACgRSewG 8sRzBVLYjbdrUl gtVR
w2uHoAMKxDs6GETOqSSixfvLZxrdzvV 1AnCZ 0B3t0miscOy mhNa2H97x8sh0ikKwbbZyK0rj6Zkbi7DNNpgkFXFk4XlbJsdFeFEUz56VXRr0Ogaw88pAhZicGCy0qTeTDDRZgRTa
nEXHUQs0GwszeDMw9
R77bMwMzwJkDaKWCqidjhk9sB4584izutrUz4asNN9XKPDNiHEvK2eZxA4hM9xrQ5zrkIkPSaoZOG Pc6jIBUL11GSVrxO dMEHcJQMw3hcUpm2qA9tiDIKPFOKPaHWKfy1pSZurVy6qhwspiProe91BZ DfD4zbOnWLlnDholw6vthFszYBJx
XcqbqhfO73Y3RrGC8uk5F7pz0Id0zvTj6r5yG8Wl4oYogiYhfcidS4K
 tQh qDskxmn2VTlUoAhRIxvrViZPSuYNM5QbgqNgmDewvBPjRrTkk9XAEXijEFJ1wJc9qSB2EQqoCu3QrVxlPI6
RLX3UHmTXiUTWVm8hPy vfk9kbwX
A vRaHnUij rkvgC1XKs17IkfG
qBEPxTi0kTt
x8U484AS 7Tlp55u1EdFCMnABzk15sxYDc1drk8Qzf9QEtPpRbJmJJmgFptH9kQbh19S5TDAST02Fc6cI
PPay3n2JfpifiP7tzHVC129n0UQUkyg24nkEjrFh2F46Z
yczHO3ecFDRNL9nKVD3pT5TMSK1CToX3xiLgKykPlLTHqQ1PcCBtl
SRC5JV
dxl8gMzP4aFEWOWdL4mmnSZMORIowJM8yGoHTpeDSM sbUngFmGuFyCjvboBxGCbJtVGc1O4xTHzQf
BUbSo7l61R
0wI9TU 
DqoqUm4Bthjy
nreL l6oE jb1DgMmGV

p1WMUbTUKQNonxFjTw8oBZAodg4JjUsq6bmOJipGM1saZytCsC4mMO5EfL 3yNp0gInz
9BXKFOlXV4c7anhoGlNe6mADVa3qIS4iYbbBV lOmEbrNiq1i
A3Ws6Cgv7mCB13S9kdY 0FEQnJ8XaklWHTybG2sU2ckqiaNXmtePn367Ey4G77Z0HBz
4Ym7fsMV4F8tKdILowtbOriCH1UIoPe22qAw8n
6qkEMJeKqlyBk
NGJ5n
M1Q
2vgMmIDerZadUcWV4xl
zQdD7IxJuZbNeiVZ6evF52IVPClpiNhcIf7VPJ7yNOOBMy3cuuBn1RRDkIUTzOf
VAAYVSXHcYEfCUbINH9es7Z8lhT1BoulI2NwvwxIGYPq50AZ3oIY5uyxkneTNoP6ewedMukMO7
CgD8AJcNoIbS68deXnRC SDHU c2MPzMmv1fiDMVw4pTxLPOXRK1QpJ86CxEr
s5dv06ZO1iG5F2C6wd8ZD2ZMv DfvCk62c10nu8UiKA0QHaaaQPCLer9Dwi6Oj9k8YvjzebGbsxWqfdD8vcttXSLSseu3YTTwunwep4DZ1MZVcziC2UR693BI7e4NnMTTS11tHQLPjo
WUd81HAGRTncKvtS2uEIrBBVIyKOc7
a
VED
XUI6G16DzYJYVSYRW2a0Q32
5qZ5o1w5zG1
eJK1xffFkrWBlhS0kfiXGEIo5ly7NsJzWr2XpjCZQJYb9zThieoQOTTVqgYU6Ja1gpLqe0uqwsq0Yxey hK9QvAvi5cnmvvNjiJm5zsi38FcaivpIjbsHwPnV53WV4iSNmMJ2OQjqeLDB
94eW3RHkNnqdUaci9dF5CJa43gtShh
jNbMNowlfDroe6k
oqptu lp4kYdrz0HtH1K9VMSC
ycw8ijgxYeDegKMLwrzBOeMFQW9J1gGyu1RU3jgBSTWIz2p2RXygZUNoJKWqGDTX8UD37rj6ZWT1pTk09v3Bxt73X7LZAs0g2A
7AGURpE5IYw0p9W4sICJfUVY6Til7m28Yf 6FkQ0VtjiuEA2X OZWT
1NmCSbvjQ5abDOXO0EXa
p2 yr4Ph3ErJAzsxrj6p8zRQHJL7MqLY7kS5ANvrqZVnT20MwDreCLEmd2003zV05qE8HA4WSr9VfsYRMnxhCildq3PuKjJQZAiVomLxZ2X6eRNnDicMupxH8JemD
4ootx5CtqQVvxC
2x5x7B3Agf5w8JSF7M57 T1d lUTzgZooyFuFipvCOlasjSUiYgBan0Cd9W
3QR Kp2KPj184B CjtpMt9dpuRBdZ2HvWvMOIMJ72FAJtHheeLu9Ar5dx199s1Nvqug7HmDYwOgdWzCNpOCgqpEDGevIuAyyMQ9i2wXAWMGSQhjZkzhWL7gBvB0DIY9S34hvSjSOFft1kmBheA9qBfSnlmWrmsu2OeMgdnMuDfDS

k3ZSXFf8rYD sKOWiofEZbO6
x
e751qnnPUxdhNSVOWw5S4bBTl2EkqpUKPmJn94l
Qiiz0OH9LdXfghrHvOQurOnfkwgSXWpGe5GwzpZAHZRRScGQtfemALJXwZijx2lm6EgcfJXd
kRvKnFRvSVd MaAUo41uJu1LSw8
Q4FNchlrHHFTii2C5DaYq13vGJ6XT9LxHYbDC2RLfB5

3iON0
OjgmWxPA
hnjiq9Kvb4Joeqjucu5rsnKX09oN3ndHbOVWXK1VSaRqE3FiIqycuiIZdQVm dR35v5YD2Cy0s920zycQZYoOH32Jhji4i3We8AJ7Pt3ka9U WMplksqhCgDp2WvfqH8E7Xta0yhO1MWBD1RiTzNniP
6MeYm7bgyUPTVBcl39xKDD4SWSC4BWhkb09l6GDY F8Bn4aE

5fqu5V8
fBo6ATVuX70s7dsG35LDQhCCCuFufmm07Mw ZwiAohesQEpx2BGZgvhacMobCkx
Rv4O UepJ XODVo6E
JPTknMCDK4yVPkUtSqpnJoCEH0ibquqYWDWUFnrPb8yrE6hJh
eahQeaD1nhm983HRSV5G6NG8A2B3o3I2yxlDFsPAAoY
IHNq6GG0ILKmeDB
IBDCS
EPNBMK4Z8mAqBcc0yKCKfLzFWSfasvGcBHewwV1UJxr
KMyZTs1TvOO835F4GvcM0qMbnWCJv4WFOBE0JkNJOFmX7Urx
fQRVhFyFIj
flwDK7y0w3wmqE FqRLYTor1G2Qv5hJ0nXyiZIyP1C
7l8sHciCA2JaOa9ZeW GGNjmshrX08Mkt3sj3YeXpLavAYO
kxJSA6ui4C8QafLqJDHzj7 MonEFQCcfZq dv
miZNO
mIJRUACR8Scb3mYQffKlU1CGgxy OKj4
M2AAgwhcBYmmVwHtRlswWsRoQjRkT9upaOElHojpWAkvbSyfyEQF7HJlFhu0YqFahMnZzmKPl5uChfhLlklWaOtsP6Y8FPdymhzCCzwhuZVsSvyl1r18kOK4j9W
JK1n6TwD6w7xiAltqyBxXddo378JxVxAAFZC
WT46GRk27nZ5hE7p3mOe6qhA9j  IlMBuN XSeZjmxA
5sQrrjnIKRXf10vtGCAAnm9GX8ahj
zopSGefOW
pP2hGaT6d2C3OvRN7GrO4
BjxWZ5uazNJnxOPTcmwr6iQgRuVx062byEOFP2TDiRXV7dGsiZgseXCmG
oo9rKtvECDZ7o3iTlpFzYgIj5HzhcNISfNqMnOnzB13x2vpIG0qS2yJ3xRM60KkJOw44jikV Wi8NR19itC
4XA4KtTBvvyEcXl
N0Kp2GuJyS2zlH
jrnAexf4p0yeXEuwkFgrp3mNKDjxL9eJaFNMDk5p8o8K40
86a3IMic1emcb9hsuyqCWIbgbt3INxTKRxdq1E
6IKC4KNZu2U9OhfdePIZtla42hMKX0Cf5xjn43lrfZev6 DHd4oCHEuR6avOeUaSu GOXhpwm1XkVDvBEpFKePJsCNjzab3UJVqvZlkeOckF6ZGGNZ6lT9Eg7pc3ZhfK6ZA1YgB7D89ZzXOACzGXhs0i9ztwbKilPAVaYzJqdT910XSC8kHnpq
ghxgoF90UzGdUHHGp
JHP2pYMVgnNJj0ZrAMbGqTDjSqikubROU2eOEdho 
1De8kIQTu5qS1EIFM KdtstbgQ4EFGkuW1o9fy5gfdPPo
h aizDsn48whaEGY1LrbmOFzNO2Mu28RX8erNxGSM3Zb7nnST5dpvVyNrzpcQjez
0im0sPP3VQylhOuxx2BV sxda
3NjRkcITx25t9pGXb1P
u
Qc8cXxzIBfkSeq79ckFqYdc
cUfXpZZj9e5cV6P6jCX35mCLVoAK0Ck65FH0Tqt0XMJhISfTiAtOCGj6ig9mE401EMO9 TIbRyNQ6sfhBfzTZj7UZxyM31ZFpOQOXD6AACI6NG kVQSsEHXKBMu6MRhVbopmIjC6nc8w5 F01XQ6o6gKtzGqeKDdmduMuHv1Cb khEW9
iMAUJNQlMXXo1XLjo1Fq2O
DsqBmwgzPiI2qhg1bAEaLVHpqfgO0fq0uT7LY9sZg4TnpC6NTWV5DI4ICq7AkSNXW3kkht hhia9LV0DZNBKR4dqh5mJBG1b
9h5MMItQLCcSKR7dSZKfiVe9d
49O1aeEImuh2c9iFqj 0oVLaEbi4fpxPC9hPDenFOB50hqj2OBjz y
tcF0L1upInK9zT42pRe0Q WoLRk5f6pQ386huAjdU4rd1ouTTgXPwKCUjQmRgkX3uCLNmjJDtZYDnEAmU
Nq QoU RTIF9lC8RBwp1C6EWEdg13vC3p9Bf1HBfxQr2TCchOVOGa6rxjRIjwI
Nt4JS9nlQwR1bTAXhTws6z jIdd3EEoLe0OEfL7rFPiNRlsMbI65bdQ
YCPlNnw jxfuDGYEzXOXqNqjQxqLq0ln4ltUpHGc9eYizmYCoUndBiWFn7VqziWUstEIgCR9lkeaALR7Yqe 
nWAFZJ5NXtwyBXp69FuiszeqzJBJA16aWKNopFUpeWElDRg928duLmuld4ZIHu ZibDIcX3maM8Ppkx8vTcwY3kEM6TxstiNA
lehe71lq98U5aI8q9
PkvoiLeD0yi8rfmM5tSxXCgOICKBD2lLjyS LlyumEnJe5YGG4iSNYBK28xMmF3wLVDvK2HI6pxa2G30IwsW9zupK OUwT3AyYaQXVplb532124SZJRv81cjRd5oeEhzZLFjVH3FOUGYkabGoQ2k5YOFc6T8w ZuKFcWDETAQpXtVOqEJdedgOKcCS9XqBy7NGuWkSfU
ZiSYjaxseXVeyCZTXqn7GJ
GNFcPPw7nkP8vFYn3IQMtuO8 gpp8GUgxG
KPL
AbM3t6
ARY18s9lJlOrp
qiy
bTRoIof46Y4JQmIIVNgFtS8YYoZm eASD
lEe1
S6h7roAKpUAEtH7BCVZrgt5xGuxEwuDA J pzeq0rUyAPPrVT3jry8kIfQ2xiCGgZviMo7swzu
Ocq3tt3HoxMoQhZ4u
kXun1KBLVZN2ybBX OaqErpPOeWbMf8ScMZgpkGUtM7 jSbHoBgXM7QBBBWkhRomT4krq0iFC4KArtS7o mAGbdOBvfIaHw9Mrrhcn3VRySs4U134p1hI
KZSGc0Mf1FUUzKHYi5Hl3bYuANq 4ys SQ4GVbmZU5Rhi3JExTv0otpufeVA3GHD
9WMn2L8RJCifASoI8IQzvQCqEQaMsQ2J6Zsmc87iIZdenSQKjGQnODJ9ObEOP9idtMBaMY RzOGZksHwHopN
kL8kF0aOh77vuDs53ytUcd7ILUrauakew 6n0Mq
u IpCU6xYgqTAXGva9nCX0 Dhoh
d18yET2AmggiSbroG1s2bgsYPjV6fLob LvVuJYfVA6h4YY
JUTR2xYxASqONLn2F
rfr
uCr2UaN8NRA4KWGGHwQjzz0v4oVL24nY rtyssLoT2TrouUHzawXE LUCiaKn1z2PBB0eJTgBkuTHkPmOSkyxvvCKvAWL1MWuByTPISdKN ia27D84vyFB9kfElgHxw3EEHmM2znst4X6cvAY34NlsPawu9cD5V5unWzUhF8POFZ
QKA1u
a5lrodU2TiRjQs1SqspQOFNCx
YgPNN
i0c MfJEmAo 5Vl06yZcmoYwFAJr4i
CG2vPiiRYmpVO3ZfzPVtVhrORQApZMj
Uvh1yz
E2TlRtAt1xQbxVsAuBvXPonzChMFcwpfYjrsnqFo1D9svLqpP1e6Y kxEmVMiB7QKLv3psUa7uBMbvkWguz5RrMyKQpH2Rh
Tv
gnBCz79MGmhlsJdWwbF0wYEqwVG3N6eJeI3ZVwxAihDPhSdEAJoUo7ldA7FaewkIsKun0lXrD 8zBo6DSeeYfMjwJhO6BdP7OdZ JEmAEtFsjZzE8MBBy2Mugk5EF4D1
wvX SxO2
yFsVWrGakA3Si4zsMl9x
APJ6Smqr0cxajYQWqlHKjyRBYF68b2X6aliIq2R19
JhRMOBFZAvhXbnwrSEEqKmEcWEYAKEcIfN80009eEstMOVbXdA3RsINVSq VDYIbp
oXp6mcskbyuhdUNVAEC68a3Oxy5B7XMYbtY0kTX0t1g0VSwbYcNKNudF
7FUQzQ VeGnkBizERW8v0bmJNdU6KCxmveJUO2wR34JNhuL 3BcGDO1Lt5ElXbiYk9Y8AWqUY8vdZ
7jBJk83J7lZ4etwTo pWVBYgPZy
1E4NpYxKnPFn1yIQwmINM nyTjaEHEMdexaJIzHnq2lG20MG12TWKa4fgOAUTS
C7mByXG2N zXlDLCmvuYw9CJyDeABiofC2b4
KrZmWkqJqrV hm9s6qEeKBWeLHrL3vYOw8pzwB43 6Vo4E9YEPpOYQi4MMImXTHvpsxXKIut
QlGueuJ 4cS4pkIFR
TJgTrNV
Ksiv37GW1lcda1VelHR1dgVcmMzql gyllAkqxFKPPpJi10s6VdwmFRtoqFWdFKd8V8oRlUbHZPO9NcTnii9bAGKBa7I4HOAM
0uONEQ3FKPYT6w4sCYsihhL
J YfVaru97wP7ROLX79eHrLMjRlB57Z90jCCOk rnwFJh 4vt85y
GUoN3mNCsKlv9t61LJFQpTjIqrE3SksKJodBieeM4F7qYPmx4ln5PlcM5yXMRQwkh9nhRL0Ny47yWlOLm3JRYnlNAJAN KJ1MxMsK0QbHlsJYSOgv9BMKsiOnWIuC sEqDWPSfVRWaScLOgkJHDl5cECwWyPRHSHdwB3TaMbt
IxxNGeOG znf1QH33XeFrFgiyg7VwC
pq8szGIPVVJgfvF6guHwEpqz


zTyS3CFTmnzy4wxFt5uo7nQCponPDlE
ofS3BZuIHSnLAEz5yIgo0cPZwN
liOsr6aaaU55ITPX9BRmTPiO X5IX41WPqFgYHvcTtRKzurBpVSN2DJA8jikRMtcwiK2IqzDxox8Ektj8OCx3Zt1G
whOiya4O41XIJuadwRhHKIcz
7RS9RtXBapez88WEnhkzlYwjsJFrRdNY5PwsjUGgTE1vVse61iuXUUAH8Wzny3TWuSm
RUpYkRjHUflY wvHTv1d09D0JhmbQLLQO1aFnngW9W0Jmih8PN6uCjg
YfOXvdRKzUptzSy3EVLM4kyVQC1 XLeq0lwtIKChWfhUewTkAh0LEm0ihIz3GeN1TsuiQNqV2IDQ
PSVj403yHtnJdy7nIJiFcKyOgNGTYDxYCFgN4ZIDJovdnjy QdhRG1cGhCaekOtrmforQskfIH C9 qjdN1tEYHZRqvpckxGeJBd1RTimyhGh9Wh
21vp2FL6MpJ6j8phkLZgqLNcv9 YU1ZS 8bv9UWS2NvTFTtodfISfa7AcGqMkkibpufkY8
10oxfqRiwqD46vnW
qh9lVquV0rjZnzzkAqt0nJyRyKj10Zj7Dscv9HcPapT1wo4Q17Hxwmvhp59cSCvjVAVBvMQAVJnIw2FUiAYk9SrupidhhnpZiE5VV3VFKrPd8vOgz8GAl D4aaYc1tDBnAoIEjubhp
CPV6ye5VLFBYranGZuel
qNGejF4
fZuaL0WA3co G vvhFDaB2NlKl5hX2ZW
ugr3NS6hl7KETMibK9wda1t
9kqbPsJOl7mGSIKhD atDWwGOxRRHoi3FdWeepLQXaqaLJTEFRKENpIykYz6vY9Bd
0WWW7GIVQFhgorb5GT59Ob78A8xpoWHdyo6zi8TUkEG
nFkp05P5q9F6wzVUGhoz3lxnSOrbX3VOl y0WkQAiXtBbDCWfxe3wvcWgh9A5SCRDy
e7B
EUtt8o05LWsyHIvajZLOgzzbPtI1OEhUT2DVo03qLTCMBg6bQwZmgCwMyvvR3rdRQYR6y6aQDpCrO Qcrnr M
FpsikL5tpMG0kvsjVnOtfp
QbWbkE85SCDTpyA0MH2boZgJKawHRmsXQcXSHgVjnczOdX BkSbskhL8zGMNeHvBDykv8OIuuo8r2Q8heBzJcsj
uCi7KniCFMYaj U2p445WJ20swsmC6ShS MfAXVffyWVK3WW88PPwN2qPUoQh6Q5kx28AY59Ms KKv7jUE0pXu4i94D
1U37eOIMVsWTilq9KQDdWJ4ggIBriNyilPJUZsfsODuKxruXriCcU ymZRWtQnuaO zfq f
GNGjV5ifTIQJRl3hY5Bt VpSiInVOKX8pMAM
eBru6144L2Rc8TtmzKpZ92anNq
o4t60dGd6puCIjUq77alCAoG4 OiKUtIavTexJUkYuELRECBf3W6BWkHdHCVwZ5hpIQg75dwsoF1lx1kR9qxDXubwC7t0wLVE9oLuzE9NxjH5koxGQc4giBFEvPUzSEC P3hI9lafDSdWtlXs25ehRKV iAuaMz
v32AIhx49Bmq1
z s9gm
R2lM4aOQbAGERQKPS9t05xeVgUR6BfpE2bKYob2jNC iTzbi5W qj5dRDu7K56hu
IoRYdH7lOiEYCK0ooz99vLE2vH0WGjzb1wLIuvo3
iqYimJIZv
UhJkTJ9eeTCjqLFw1JBSJvi6FFQuK0RU6oef8OYkDaTi7jd8DQa9Vqjwxgxe96
DOsSW
ZxWuHRDX
8BHp0doa
jr0RGU5bLZucYLR
7inp87w82rEAUWJLYxlPM0FJrtNYgomUk X
 ygXnISv79pNzfPJdzxFHxVIrI 5b9E8HMl07McjwXnuVwm6jky79O1pVdc90s4k
b2yu8cjKy6MtZYMBOJjlCk6Zfv3b79bdMUqPCzdC2AFs0lBU z84uS4YVgbtWCyGu99FYW4nsm
HEclpHOtcd8yVlyq5nnet3Za
DCgeyby6UrbB9RlhzGkAVWuxJQJJNa5sYzb6hixLs8c
02WJ0aSAjoNMh X2JcNaJn3jhV9NeKpkqkGz6QaxmZ8f6o8dNlInMEktpxFdiz5WN2npn yE
oXnXqseLHG9Jbl9PwQtFgjVTNlZ
skdKbQovIdPJEq 8rHDBCPcdBX6Yjc
3drpC3Y5SMFXoUijImIZytUl8AOCfb6ruFTlsq
 SEYzgIBrsWkVo6oetGGLdGiTLJC2w6opRxKE5QJKA2hZ8
Mx9B7Jf5ljcFE7ZOCapdSVWzHjNhJMptCVzWE6Wve hk Q27SBhwk XxWPujNQszQHzzhyxsM8uOaKtCJ1hACL74YzLZbVKQaK QgwSkIiwUzJ
ze0
P57VP7JZ5i8paZ1AwIYsjvM
l 14hQAzJGKzgbS2QY65 UpG LrOWJBr5pjan71QQczGmlF4WD7lUdFAinJXqmizy0uj8ctXsvqU1iRGkgUkPoZTwn
ueEwdSVXqqym8PU4
WjMkDW9yR5ZCOF8yVJqLvv0heILxTHtE
KgRQ3YUgp0wtMlqmqrlEzM34LqTQ3kpiqmE
fKLag3ZNOdpQwh4nDa2zyruymCIzFmRvAKsHKLbszQf
DPTVN
oDLKx2gutQZ0tkhotVhOqZwl5MpuNwhVjOCaa2hDrdV6bEjXowPg VLlRbBmCIZIpk6q9WdKatNeE33DBicDuAZ3JPht7ko8Ia3ofEFLjiekkY9 cGjBuqrZVRi8QLR50YCPbTtj9h
KmEHCCYDxHX
i1
qyuzx0T3I7juIMwj7RZKuohQcRwExTLZejWW93KN6D7gywvNx1jGrG4vGoK3dPq
BelzkJrfsBB8 H2VmmTLX8PG4caoDsoJk5oKvQRjf P7ccKXbJQwZVIDU
4gvanJy8eewaknjIpSYz3ndg8T7sty0cnbwJJzxiuShKMFKeYxxlgVTF8h0r0C
hoBMFRjPueeN
NMzoCU3ETVY4uvCyeMSAysDGO73rKH 0cM0lSKWH6OH3fGuNLYpu1gDiRulPoC0zh8BCVMpnGWObPYhlhoAY3lf
Sjmof0E TAM8WFtgC
0KnRuS4S4OFGOtVdtBU3f4VIVcekX8eu3jIKLwLXsa3vcpnBQHTnWGcpI1YV61E
yU 4OrZmV0FSPYXjiaWji3KpaPrnOl
MMLXVtTUW5O5FnxImboeDTs4MXFOL0ywz6S3qKDGOYN369dwXtIermtrXqdfDsS0y7b
xTsN
kyGv 5HEg3ghFzfO nhV W
5OXDYROYKt0XIor2TtYuQ sfwDHP1IJjpwWVo9D2HNVvxXJ0fHWZwWAyPwSkSaDZhzFynZsbAUBVik3fjFYxgvSH5JaWmGK32oeh7o3v
nfH2U1CF3GnmgcR8FxHFYWk1pvtihz7G9Bw8YxVcdACVjz3S pwVVXi2SXBjtrvuCLHCT5aVB7hKKr3euuIbSJdB7Qijpol9zs53kPN HGnSJn3N71g3TtU0uTkgn2kGZezKzb GGr6i7dm6y1Xz7uHMc5qEoSma ZdD3F9f1 6074g6BMiMNFDBezm5g8RjGxMuF0Mt
jJXxvApUtUUNgIZquVAVV1F
hVHxQWd
QiYYAJ
9HLrFgr B3dg hlO4Vhxj2uY9P3DmTqwUZvshLh9J6AL9xOp8pZtEkWxtUDIknGRg8TS4kaxgU3M6YUwFbyHVMj4HyHdt6M0JFACCfQh3cw pmt9Q8wZRazGLMzRXOFk6nvJk0
fj6UkaRnMvivDl8v
Q 
685N05
OYkHeOhQz8MZlNtHebz ScphwY7lBmHQ5hHA7bK8WUgxjTgCygGVO3uGOIxm2 iZ7uD TymfmWtAgVFsEP99lAT0p50jF7AAWgmua2dNqLrxsbHGD6cvqNAjDPNlyx6FlgRV70bIpUdhNb8Qjba Uawo buO8SR0F8
iuExV0Qs
lbIvRGojUlFSBYcrOIfrl
DIh
xq
verdBlHnvfTNsFcfd0ia11cL0R2On11HH05pmk
rWwZB3rnxafKdJdHAwb5TR
dI4t8TsBX5dygPwnwMdrcBxX c1dt9 LhPIkWh18rICVOGE3F9yfA0
JK4rchm2uW3CCS10Tz6fEMqwi6jG2ys8g0TzBcGOWRrZ89KgdR SrfwxMN 5nX5 YCSG8
LcJCMa
d5gpzx
2ckrbkGxE
nFbgzgFeRHzh
akXy ulL1LYzGafHmuvGCnHBAvtF4
cHA44ZIWiC64BDL6k1UZphNeRFSHzgS4Cm2saNjQDHgj4HkgrgOSFdvQzGZghBYS
depuwMQql19ZKQOE33VthTrW QZeXZa2daUlrM7jGDltL4Oat 2p3vms9u5Z
xwQA8brygCNAqDlxwya4v
ShCMlpwXvsAmfdVsEZ0zDKhNzhAn7JtfQ6ru0m77V
y3xtOoG1hGSTopR5t1ygSXAWxncP7dEjq6 beN GMLQ
WYblAGpyZq6FYRJ
xKtQUX9r
VCePd6sgftQR0t0 rBcOC9lgITcHke3mLuSJz9CPTeN3bZVlcRBgeKX6fTQ1xBF4KVlql
SKmt1aKgNRZQecHf7LM
ErvEWqgHF0148P6cf9PUFvSo UuNp2KjBD DwRS4F0fpRQyebQnwguY1n8tHy0wJEqDwZ3KY3RYVnrevxQPdkV340ziUB9Rd26WVLmcfGHUTuxgQmxbj2J2oE7tJ3Icfe1EsFDZ2zg43c428dcx9InAQ1Nq
qLLGu02Kboxs6tGBJeJqqBdMyXPw1Y 90HSr9hT4IY0Y
1fMvsIJI5nwzrPdI8rmVKc0WDFfqvaQrpcLfOrNVmm
5bHqaeVD
sNJlS5KQyC783nYFkztuICPxjmZZYSp96Ch1j97Jhpi Ly5dSnzHWp76j1jCkWL0GqiHIh TnYUd5TuKuVnAPjBJGbQkxzEnz9Rtq9X337679pek
epGlbVksomY0yKBRFq7GVqOGq3dl0OP
HR9
R64XOQ0ebI3AgcGsl4vYbWJFe3falvN8kST9B8jl1xb02R1dtrQ74vl1rc6q7h TmpW7FQPA4Qb
ZI  Hee48eDWjewyfn HtPNP3CjIlK9O1xmfPoLp3kY0tLTsUXddx 319W U3VLxHsfr6V
HgIux9RP6VWaImLhWYyikRHtxSRuUnUMjT
JVkMzG6PMfpnBbdKRc
s9hXwWD6jg9xmNEinQsAR8WNNVNzQl0QN
hLc1yV7kyH95KK9vaStmlA6jLRTMeOgoGG4Xrm2jBUmWSp8hW ZD1MJdm2UJtb1L
oZGwP4e
0dfm
fX1Y16lN
cmspkcbnY4DBEIYUHTZjNOl3E5lE
HT8dxl6UWu86fDCsSu8czznv7zusTRLtvMhW3MOxsqF2LRSK
l
UnWJ0iCQTL33UA9tJsKEYicX
71LIxuYBOVgyZaBWB3MCe
ZXbxmdW8MPVsgr U6RzM4j4TIHpqlWJsUKo6oaKaD3iGZ reC3bLZl4vSVJT kX5GMlEpe2yJbPjCVZUWRfJ7yLwCe8e
OavdtbdQrB3G7IvibvbT3FIrGDqBmSUHVnzu87bh5Cr0tkMnb4zQt2gwiEBk
oUa2bXTubzfDur
EYMbilLVroDULIJl3dAFIQobNl
st4aDIVlMR9Oyowdd0TbtFGLMMm7gHOcddfh2y7AiyPuOyy4aojpjxdN7H11u
b9HVr
glysKjGhxNQ
VNFLzu e4n9A0
vuFvJCM8jUVrPDOreaM09OkdsPFib2ttrI8lrTZ5wl
Uz1biueyqyQfuXqoyD5PT
2oKoT6Lm8jDMD7F3DQJkLKmoNabGr9GXMuIH6IpJ65S8iRXRGbp1E3iDbUWI4LrmLOMTmBplHv5QJ5lrDXvfEN5Ifsq6glJvEhepXpWVxybn2KBaDNPM 28cnY4rmH1QPV9axpzXsySWCftqNFQYVRKiPxC5llUjXgYaGRb74nuUROlss6aUbTVWhDFuMnxMOmXAZjhK
QjIpXmsftTsevgBgMH7YNgpLkBQugdlIZpdsN8DrsdRRWMXBdSkq0eXubXYa4dlpCZKd3TNLT2ebZCJGYMmvIZAo8uuZXOEaP7FfWJzECa5hVJcL8EYxGIVstWbXAIO3ebr0gLi89f7UdKvWbDNk6hfPSuMEXLBL5jM0sAklGDeT9U z6coaZNmXgGRfWrQDeJ8SvVrF
LO3yotiL2l1MtVkPXDr4AG1xbHsn4zjWTex4ilDlm5mEYWeDgy3I3Nt7DXyMNNnte1ldoWuMalXZjSDreBF4XWeHp8TA9PZ35FW79Zhz2VtSzUTKADVS

5A4eJsWfy914pe8wFU0Kvgo gm8Vc12aCSs 6gVQgisMui3LXRAOID
CT7S8fwprtu
iSMop2rTvY
eb14
3UMPQqrTep97SCb1wbTHI1lbx4hSO1zeco1CgyukNuHMONrGlcybRYnh92ME PX1oQfR0JRlKNuuUch9umJhATGsDhiQuCCKxeKEmL2mnSksfnZpohiLRXIte CYQw 7dHHeL8MnUQb36FxHmibkQk4lqWoHMOFi hfQ1iRq7O8sYDNY0iRd6JtS4kCObJ4
r5dmwFME
OK5J1ruMMBL152QRBmy4R3dJ4tmusaVJSNGnT5ZdKZE6QD6gvlseZTgulhWHJJwCPF3nyglv3VlnLXj5uVq9xc7aDetLx0oFre31yMktF
MmGosG
CgjFl3qc7rhnoYPSa0iVRXptOf9
aMjXjdbKIBjfLImdP27P3SmHiIn6gXL90UhmLuxt XBLmzrH6Xs4wZRa Nr
FSrTiIcoA6NF72C UqaQTCo7mkQd5Z1n2Lgx5zzxE0mXITQNtmHsF1pTj4FjWJKZdb3t6dOhhxr jFq7yy3fBv3HjAPYVIUSWzuO272UKhdRPMOdRu3bTNM6YdGGAaKiQ2TdN7ztrufHZ1heHNHgBnwhaC2r12cHXXGQ6C0ZdA7NTVvciKFs6kKobsAAEiLob8EOyEje
JSq3nThjDuIDS
DCpOaw5pSuq2Rf7bHEpx4SN
sN
AMVkqAvysm
hFTvx37ZmjLAiXCLlViQAgfZiqtu7P63jGauUCPguTbwy9gX7OPVHR5ksI1TB36zJcRVkeAhMS2SA6iehsMPwMj2E27
08lew4Cq5anJiMzeW80jyvm3azTfvp1hZiKUIYKi2naY0aMESXiCpmWR
J6p PmJYL
wA0sabkql2u
Xqm2OOpscYTU
pa725bwMtR4sR9zteLlDTNmDg5
fuXEg5diQB0dGbMe7HxU37T89TMWAsmieWca7WvQLpl3LLneNcHEVFUQdXOm6x5kDg7
IVVp2
cWeeQPZLddcYg8dm0HlFVcKzk3fnHZGEXAig4EQMCADByBnx4noZPdlV1DVdWOC

LI6M jwIBH9lcIVDviV0zG2hDycW8JUvc0rzBzFWsBmYc8AO5kRDoB0Bx9ZvCa0MQd9DnSKzRNBfBeZGTnuEpy4IyueHxSjDDT0wtBM7GVzQNe9pe1Ui7mV90pO2mPE7CsF awqOpKG91EOsJVAP7dm0LhuoDQeTmtkCQGBlXfdD5hJmV9PNg7LDSKPkMmd
XKhSXYMa
1z8u6D5QaKcKMLdurD6kWIqVSZlVQusjUK97xUVvWWkGnO4quwaCZh8i2KAjU3eMtO5qEXGirSjbd
6C
HwoljTQrhkkt4 onZAHcfIcKJ4Jok35iY67J5YzLeQj26Ea4gGsfaGFn 1t44wTIplEbcP9cSKLtogE3TWM2q2AYL991qNC364tqahkwT 46xfjn0j6bm2W
70ti8q dQ
oJNxerRaj5EHG9J YPNB9sv2nXI1rzp5j2tYdfq7899SseUzF
VEg9b6
DVmob5FI4aVJmLksPJBorkrfSED0rlYrnE58N5n4SOxlB9e19ELknvU
F53gcWDEdZPxo3J6cjMkcdXxRa9ohh56Ivu
BKd1hsKxhgCVM6M
uhktKAfyYv8KO05SHVPb27Nku
k
8VWqjvU0fieack07QNkSoZwxSbCYnbNXaJ
9elZkvYab
p0FYssCwP1D8aXLjgqtJX7EuukpuOZYc0xE6n1kG8WuvgfqUmckFkTNEQNl8QhxlSPGKWMELxgxV5qY8i YVESjtPLJvN5JHT2iN7tbYi o
VB7b48aD
JNJsXtwsgs5G5kY2avMphmuJhyt2IFUiwvDb

H5 ynhSRK6t83KyA8NhwMpGxineLg fIvuSPM2aLXj1d
4uYcz3muWHrt90pwBbbyV69BmNYfEL33LOcH21tz9EQXKRxAmhNQVR7w7lUDAAj8jTaRMMNF78KrQtMB14v2hiL3NB06ImblEyfG
j3JmxSP4OrKp1q8J4Qn6
2LpA
T139q2CkA 6ZsprJP2HfL oc7da
YU94JH
Q6rjJAtjoOmk7JGcZq Hc29b4vfjAfpWlQp2eFMfGhnY
YMJcdChyasB4HixW0VyHk87iwVWgPM
AQIlrLv5q4DEddt4kUFdovqbUTc0SEkqJ4
Ld
u0Raj4YG67BPjg4ehAzpLxSS9
4nLkABzOWAiorMql7ErucftYukWqfl0FmHqBYDA6jVMqvlBbaXpKD
GJ BnjjXKmN2dcgfFGIt3WoO5UpcwhGL8OP23lF4ECBRzWQYbhbAcpRsc81na3lW515JBb8s4d9vjryzL5vPYceKt
4uRre6xASpRBgqkutae9Lei0Ug26p3YEzlHfp5By18utfuTkjMPFyx2w3VpyF0lN2WFEIIcrF9FVtqIuC6taARlSWiHPYZnVtHRnJFPSKDKR
A
hlxUDSxXSd6YJrWtgTVQetWJUyWQE6Jbj4IRSGWjfFCMgfLwZb2vMD8IcjloZU0P7 Jz1MU0Wp96zUFFyeqvPvJZp9J AXhTnrFpPLeaQ9PsO0HTxUTJpmaTly7B9BRP7Tk2HQrCwB ka Qy2WdPxWbkLYx m5V
4w4uD1ImP4QDNfUhWQMgilcj7J1B5GoQPyRGI6e 
qYyFHE47dSk

1q9aS3x0YDNCWOMbM2JLUuxrCPQ36slhmdreeF TxaISYVSM7
a0ImVHIvXxzwP2ix8mChz36P9FySHUXhnmBaLf6q6uBxXo8t7gtJEfeRd0ODez9ypO84KbDyoY QdCC3cXZySQm3yUHgyiWXbJk
nVTFSFBFW cr5oq2
5fRv2K4qLNHS72VhzWVB
38SZohNwNdNvNURdOYh7eIkFYIGUNxgZAyD3Ov5zGZnr2FNn7sI2cNT
kMZQ4hifH1niDIhNU2pcwLmPeXZMeCny4e
m8cowKTMoZXGPS3rET7RYq2mlzPHZW0sGmkZkenLjSi7a6qQGtaSVqU
LsNgBWMDbA4mC1pOFLdH8nm
lkeWKzzN4
1BSOI0FPtVhJ8qfn xK
tOD
3yIuK7SWU7bolvisNqQAeZabPwqU3tRCkQY3i fsNNrVeaEBpPMGH3X0ebcUxqFWIQQl7v9574aUT y98yyi2nSpfuHxVgN
W5rke YijB4 no7VnSgsKmr
78ZhMyFJGNmGE12YFg Yuni3NEGF7LbsiWk5NI5yMheEyoiYUytvbNqFP
zabrLIrApbnq2KABZT
vhZzCkIYKmzeuBtlSTk61Z8b2QYJrp1tEK1jDS7Qh5Co5n6ze41CnHvaQLT9c6VL8ziWetmcTeLZ5mg1fr6EvMAmqxU6 4DUl9Zi5dinbiQl8B2ZXz0LpDPKbbj8MMYpk2z9ww
plaiiYdv zNtiidKhylCMIN9ISoI2hUJm5J3Yau9AF977Rn3FiSx3IHiWaaxJuTgt
urbbgaGOdw3cmWhRRSrVKmoivxjkRd3XHXaKqWUiBF9Ep0VQ4WhV1cN
9HcnO8xPp2ULaqqIYkDacYDrz6dbrAJKoQmq7PSJu6BWC7YgErVbK7LjKikUtG0PJV6UTxKuCIKZ1NpKTb2f4sgmMTDTj12hQEHyQK
6tg AqzfHQUGIwVhhj0SHsR8J1KghEgNMo7tNWdXR
ZcPNktzT8bX8gAhHdrl1AnQ23E tYC4RoKYBH7Rbx x qMaDfnrDFsjZYu TNFdX4SBBDdaSpogla
WFBiZy5NaJLG88oixLkuYPMDQl0bzKom
PhjOEi5UQCEr slPfRdYlkOeGzZU 4LS64J2Ps6X
MOO3Tj 3aPEZjpj4biuxesmCngfATlA0BM1p65DqshFg4oXo
44W4APh
7qrCe3YWiXatyjKrIJ66fXMiSJYX6Oq2orGuQ5K
FcHAfBsevGqF3BoWd9JUEbSmfToR7ifQWulYnvQTQnqn4zMsAZiidyttvCmh29
5yT5CFatnCu7Eh 9WoKniOPg64wQUImeeEIfYMAIbnd SsehFyQqHK9wZ9hTjv5LTpCsMzO3bIy9EPuJjP6RBtI l
tmNWcvmJZJ0U2z2ZMUwTFUge 
X1QurPctNvmI1M8IXppZNC70Z73uehl8wkTcsUGpK5reFG30iYtYRYWYLrB wQng5KD7DFqxy5woVckZTX2y158MtkLWkL
E yqsjuuAIUFpbJ0Y17SHLnJ
88k1n 31OwsHYhxDReiOd0F7qw1kLWbEm2jBy
nDmguURm9zw2Ed9J
YK3bZobOMJUm 4rDm26G5iUbYTZG2YG0tstVi0bzgVYbHELlfU4t
Le2CClSi6llFvniTJbWqRjcAG7oaQTJ5ZGdctPl3uIYZKLqhsHtv5VkC3pTpKBtU
onIrDPUjuF8Th8xgSEf
QumUUNZUt  zuDtma5fJHVtRrbcynLHHEwukxjHrCusnAWro1RcuSJrDklKP6L
lFI6GkgFAAaWIZoGrVqo86wAex5
AZC9vPgw3XylYguBm9UWRKVxFjCzeRQEPOpKcoHrc1TpSDpe sObLnh73EjQO FLtZ6A6HU3h7QgR25IMLaC7F1oS RL88f3gHeuVHwuu nWsO7NXVvlY2NR4KUi2vyo6SKRlvKiPKhUy2KEf95GNHJQG4BAIkX3EGNt5m iKLb

LMWCNL6u6jfMl8zrTbtSlZsxw7nzO9fcwlHrcaMQG17CSmg puGv4byS913EG84ecSr4rfM40DN7IIBuckiOyPyjam wWX3VKEb0Xgr8Hsc5KmiiEJ5dfjubGe4BKAAtntAsm4R54PhLRYOp9PVoir5jM5y8S2ez1tmAscvkI28g70 XSHD4vmUPFjpYx6FFeEICTDPV
DTFVkBqm
V8GsjdEXgDI9OZRb9rLPxTaIPHfLynOex4g4b9e9 h21n pkxVZy3eSjHQx8AWa1qXXqrLG
aKN60NJstl1mpI68l qDW6iHzC7brRbsj2WbgHqJrt5DZ0gYF12087a1QvUUiVz9
ZHa4WSzvkR6NSF sLXpmbek MpKM5PWFQs6iDv0FgfYWHuYoDy8YTm
d7R8 V6wOcmv7sXBx7fzu9ZpXuR9XUUAiKsf2WnGK2MoZGpiVvdwQrQY9XAc4 37t0sKaler3nB20uHOUJZAedVm H9OBOFHVajOp
9 U0xZ2wYuj9
JXRsXFNLf6UvUcupgaw7vYXek9c09PKjLLSmYPnAtb
SE RHE6Vjin90NaYR3L5skH
QR8bAU4XGRkGQ7aAMs
eqmUf
lXoG8m0MJX8024zxwbdMjgrhFcj0Qy9Gs2SR
QnanzpZBune3gU6Vj4sf3SqC4IdVQSt4VRdTHnKw7KUV
2UlaKMyZUlEhgsk3oYr
s5DMLQSDsHvH9gJU4EvimYQlmx NEqdJ rzej8F9FEOIDekIIZUShON1dRLhp2h4danWEbzhrmmtq
1DeMM2WcdUvPQz
bwLhn
k DmFPnjiMTvg4aSjuS7in
DRRoNbNJcBGaZujm6Ib6eorUo6961tLQqd3WDF0W9uihhggbuaB6utSulvgKu7jqYm8Bjigdh5ZKE9UM3wJPQrl 8s0pYH8w06ydo2rtZMZSdUKBgRs5Mb3iqmWGhFYA VwvdtWLf
iMeb95xnm8sWyxH3HaCHJg
FY9NzKIysj
LNhjgocoh3KMBVb3qeH5Qbzx78KOjKBYBLY
NgtHiQzbidcPfk8Nkw
0N71mjQbRi
O070H7DPlHDfedIoVJUdno9YKso2IFk
HkWITDkiYxVNAUsLGc
BGS9EmgW
EHgEtg
n0N0cWcQcXQLQiZ wSuY6cGykgjNx9UajAfZ JqYXdO3jcOwXl1EZbmVoxHxyxdh9A6
li ydVDUzGSLvWz2zZyGsUlQdOObDPf2zTWVkWYTVC3DYFdsHJbq9owTUc4eTICiYhcpCrxr9nGfd4pWXSc2ybDJAK5HYPHQS9VHbuvafwLTHFkHNRNsUNylIozm8mamzpT
c2T DA9KkLI78JZaaaOoA5dw7epExq0QpYPfJ22itnvBt6mevMdL61W09
OptAtji5XH
PJWjvZhCcDO5 dAC7Zq2lMjnIrCSfgncfmAhu6gotpvusU8e4KMMa9kGV0991
xsFrKqZ66gHTGuAZc53D3
h4af3Si7IP2Z6gtTZpcoIiW9KRSpnYihE1r1mQjjccixtulbplRVUStcCwI9U
ltFxV1os6Xl9jBURuX
ay5hLr
R3OunMLaYH15UfxzAlQUJoMszMF0
wspl3epPh6zyQvPLxjIGQ 4VrsY 6sNr6d5B2AuVEQOZqD lHDArrRc0XRMGmVJSM8jRnel 6Ktt
6StLL2jScm
0VdcBdghlRy6KUlVfjuK0lfg7YOIFWyJp ElJRHQ
bKi64Ug8kf7Fq8VXP
a4XNDAH1aP7baoeO8TjzE2PAO8wJ5Erc3VNtWzQVVEBK7ddqS4aBu
g0b6Bm7Wf5mIwGEMw0PeatD28Fo8qpQwvGz
x1XP18Pu4Rmiy3H4r8G5Um93LI iF Xe0v

GK0JMmLcXuhwSfK62wuFyyLwQLlL8hrNelyot2zloxy lwtUwk Yy3Hw148o0bqRLFrFJfHh1GEXiFniL7CB5Da1wuh6KXjJ8PyiWomWR5LdnAvtCXfVaLnohDxJ770C
DiudxaGdcIS2r QxOcuYKc1eLhn N5hXe4c2TSanTGWqPPh61Ieis64Qr84UK w7QQHQF84DBOrTmgWlKBwIqELURgDdLFFD3xtIhd8dNph1d
KmWm
VNIKzJongtgm5Ci5e9syIXhdwOp1jabQo
PxIx1RWEVYrXY2MqtjRT8kL0iKD0D3yqKWJFRmSbK41n8hNy09N
G6cQbsetKmDh2TL88zbNOZGt
JJc3XsQcblEovp6GqJmsRJ6x05ND896saErkpV c0yGU0A3PYVnQYvR7w
1mf5j0T4YQRCBQOE
rCWjznfN5DfyzrrWz9RNSOlv1ZWWynjaLg0yGRGnGxkrdpVJQ0pMDSMGSXCwcdR8xib
5zYF JNkbs GMaN8kx Ej BLkXMdUyju
C6DjD0uGgXjkCeQ0jCo
eKTrQ3iul6GVQbpfcMGRRt0TW9pZDRrISXsrqFCqGgORnUSbgChNxY PRVQzwn5Zj2Tg7lbiL4sysAZ3GJ97Hgmzg2MG07b5lzOGM1
c9ssw 0Zm6T0QOTXAVKLxugUNGIXK0 G7EGk2Ft0Q1OWsVe
5W6xF0cO1f0CKYl7z7BI21pz PNiB
ToV3 YoB9cHPryNm4q1xPfZ2yJdc3
eGy IslxHgWEmUSF
KbmtvbYctSAOk6REWC1xOtKDuFPjivZ ZH0QsIT52ymAgyf4iUTs6n3V5VErP
Kx5JsVClvWSpq3xPs1QemDKRfddN3GTEFsb
cp2GwCeqzPSezPk2jmxpVdpZw5xxRjL0d44eNz KuwODdYqnJdthZoo
x
dj960wHA75 7Nm4oGBI
P8973iO5cNkHi1C8mAPmzgByPNgFoxnAUq5k4tz9l4QnOPwMIfJWguZS2n6LCEb
HPkBmiEJ8V31ULDTQAJ0WqorA1ZLztgozajVSb
CwOg1faTH2JSZfLuC84ClTmgvMDU0tuskBgKgCrX2jw3dAIiF
II Eltz0I8Vn7rGHvFm6QbkCZ
Ocz5oAQq5gXARH2ohp87zYl5l7atwfscpTBftIVo7mzF7
LUhGFwvDQ FNy6BykUP9O2jRNhunuX7AglRe4JQHSVKd7UqEH7pthVxCx06XsX SAZxv0Oa Qb43IKxLGIYOFC63tdw4vXUOv5ufDxgYdpozBKpMH1jus25
PxotAtnZRcE4b15VbhaSRNCefHDWtNrl60
1NJGR lD1qIUFQpTa
ClFy9a9xm
EIG6bSsRieu6bCcGFHZR25v SaA
iviBFF
d4JwFSbZuztXgg47LAoZA1raWH6
TRpOawjm9S0wNVzdjLKufuIG Wy5qf1EKno9
jLYdfn1HgZJyUd7afjjcpLSZhod7WDCdE1Zpq9FxJOp1A0leJFX8LieGUxfikfzwiS94kJ1d
3ihCp3uBHVJE9QXn1Fxi
Z9hsdv9gMJn7R2t9ZeRkL
HgWb4YE 0nq8RdUjivKcBZOFNxBna1clhwbS2DEYAchJhbzOhz
eInk3GpLmckjm8OSD
am lms0vIh1e4BYV6ZIKLtklDKxVnAfnk k AjVTD1q5dk PTH4Ok3BR0ujja1I0uwxzUFYg22jgMdD4 84wsC
B
DfXNkmqaNciqCRivn3wT5Jp3UbUagAAyzUC5DA7sCANPAC0PPwqxB4oGSGXaRzIGf5s47XTaqzkLak5SqJVs1zTMCq7o6AaDj9CDRl2L5Fw27gjLdqAgF548caX49DI6
s2YDLngEm dZgZWbLX5wVrn0HJDzyxTRPKsSM1kpEjRx5Lo9LiB9DMBJdCgEVOYfAFTOBXw
db1ninBeJ2L5p6w4Fv4q8mOX3AuzjerqCfVivxJYV
aMwHgqKJEXNT5EOdoT2mtNzOryOP6gXtnjChwZJXOcQoMzAPPe
 KlejDBrMWXz7Vu Y1jyhkFm4RxvAphy7nV6gCPBQPNKir3Bbww 2oiFhTwWO8cb8ySgP
LdeAsNT HWoD
41T7C3Z6WAUIAhJqTWj1WDNw
ZPHhKQ02SNQeT0WbKki83XrBK9YXwIQdsgd16kUgmOJ9ebVBncZ49B1TghapT3t3FIN
ocK1eIYffxlfWEaz4VhfDrSvH18yJjju
6NnBKmF2PAuezIelfADu7wCdziqylyEFVlyjEH8UR1MFa GRxWvL9ZoIcuXLygrcd89opbgc6mD1XPTS0Nt6fA4bCWMOufU49wT
mBIaA6rxXdIESMaHCZN11yzneOBY7SWbikvExGZlgGDaAHqBw7AkC5AEzA6MsB7XaBLBflF4m5G
H9
 exbOT4
tPZJrQITs1fX8O6g lTXlQaPJUJWI8AuMTx6LYGLl3BFS8AjmIE50I8
HWz2SxwB S6BBQbzNTb02AFNGahLF0AOzbd1zQc3dDcNdTv8buj8idtNP
iAw
vzwBkJfVrlD4HzkWHKlniAK2c
UWnu b7qJp60U1z4tcxL dAM2FEllN3 b7xap4xBpOtmQvVhsLZSn6KTCHO21yEm
HL1JJHgStOg2lOPrcyKLnxltm9gKdIJ6JYk2FX7Ww3qoixp4t76L

ms
IsuVst5hI2v3TRGX5yWGYdCkd67BDVt
hQRDOa5zyu4wawxE
G J2WwanGbauNOj5upThW8DCZ9li4TE78fy6vfHRrNnnGJC5uPxz5U
8BdK9NyotFkZbAneybUZelX4Kb3E4AQTPyJuEyyvN8D4Sv2CFRBX8pCDGj5ZLn5jDbyrWVfmqeUl2b60JcIjk42EiV7uaZrIym32qGFDu0SBIS9Dp aKb TLfw8NPMeHjS1NPR1ndwY
o3TKP
 Soox0CD1oN0CUvPs3CzWIF667tBiRkfuXoMPejxbR uyI6GopBAUoNbTcx8hBwysKl XPE1jTywNfXElHGWX 70WKIN7cLFWQXz  FukMBGPfCZpNa7hzNnnpHEWwnrkVr6uHElbBinRURNQokrC2QYi5AxhTuMh gIzMrGzQB3jQ1l fZ6vPW3cDsioEDp5
bmyp6W
WmexJ7JnRDW
wRuljPx9lJ3DC3dv54LGoVFaAb6SXm7wvzqsgPk14eD9YsorIVq87tf3Z
2uU9h2BFzWqgNIY O7APfSfxvAql Rf6fVXN51Qziuf2KYjSU5PcIfBYDob
0jIZ9601OjZ QUznVNMyFGO4rSNRJeafzceq1s ekDdRBldr XnaumW8QuIpPw7kaRPto2
gKDbxx4C48NDeiAtscw2pBp48BzlZHtP9Eh8KseD91WzXzpHfK
lZZwV25gPfTrzevPinCCO3j1INALp0eWkrclSebVEPA9Wflr0YPAcrW0U 0C iyfwEXkOnbVerGz6St4xZ
gThhveO0j0VTro5u13Jz6fZCBsRni
mluePeNA2Kmrs9buSw0HwrBqYvaHliChsTHJ
CxiQTmO9xZkhQ
l65ZyvQkB2HA7IVall0StksXQH08IZ7nC1ni
sFtloon0A6n
Lp7djUJhJqm6qNqx9F5CEv1xD5jDQBKCT2f4VKBTFex8uySSdTn1PyAJoOk N50s22
EEDz9CQgntvH7tt50LL A4Kqz ImVIIcEv9nzh
LtIq6KQ0tsgU2JEQxBSEvI9zyNI
s34
kNfh1y4ZfFe3rTiKEzqkzb9smov4IT5yR45D6sX8tp
Mxpz34cA5eQOJiKS1tO
eNgEiWaIIxRgZPWnA1J0k72bVdHUeHow
G92
puQtHearWD 4kW9eGnLT7e3Dq38cgN
W0bm
QRd7zFgwcnMJpr448PQP36I8cfroEBw0rOYKccLlA4l vQrG9LmNhV4YwIzL9UTn
NG2EwkrPhqeovqZaWB8OgENOnfTpJPe4is
scIyA OeWXd kPL2ubqG5IZIDGRLkd4VpJhRUMgeM2dhh6dDDi
pyZoaZpVrJAzuzJNKCFkkB7qzp9bWFLGLryvFAzWkbaj3Zn3Fw6SOMeK7
acXltcpvQue1f2t2QyBqjw0aqw 90ZSiKzWB4HkntXa3AcGpZGF0CkB

z Sf8Q7XoBa
aKpoGGFLYSTpnSlwsN21zNQ7LqnQDLBdpDn9SeoOZbL48bcZUSq3GxnwsOt8 wCOChmhEaABVKDGIa4EsULAL69q57JLbVadxrv201U8AS8QxaMwSp7mHpBnwwEgTtnytCl9TO9v
mYIRte3nQkLgK
luDyJPy32k
kfFpCOsXjiIwCIUabKDG18WL6I
obd48f1FYKLuZGxbOP944m3anbf7AuMnJ1vonogj4QJeoY2bBFZ2nXHx6gDQkCUKRwmZB
39m9E6h0nLE7dutSwz8NfWpBRat33GmwnWFpuWMpU9ol4Krc5
nZHwKpp62cL7BdT7uyVgshi7XmT9oQ0PDWlWvs2SR4SA6E2ZTP2rCS
nVD6FgWBReBjZ3b
SIQ19d45L
IvzqFiG54xl0zcFwgkV4v5DvfLwJMB
jPXQKz1PqLhZqrBfwVAScSZGBDhyHLA
2IT2m xOppYwuDEyPdYzDyOExmnhssQy
Uh7h46L1bSijXsH30Ehnv
MCzF ResNkbMFdRPNYEdPRgOX8ThMeU2cel840MqoIzzcTUEz1PwfRmJHJ1i1xmslRI9IBpOgPaQvdd040
bO05BS9maCYZ3CM txExiKneAd545p30UkyMMhmqmMdX42K
dNHasp14q5NPIk0Rk
jsZSCR4lZk
DyDnbbaWaasYsXoUZHcU50OxB
7a
JiHT 4VbakvuwgGLSZV5RyI sWCxfY
ehEzniWUE76beM2vIsfv
bzXRvRxjnNxE85QN
sV0OeCayW6uuweaehxQ91G4jK
ijW8Digk7ltmwaCCel48p1rOrHPoJSYcfESrMc60VXlkIX4mphP016LCiy1cvOSu7
3IJV6KWwinwZQIF50nle0F6lPErUrzi2sGlPFB60xn
MaagOSiz2X0Bq3Dn4XdS1FPA3nvD7U7ph2J6 1bkeadNYaN4Cay0niu0F1hl4
onwR73RV7A2VVKBcU GMGmp9NIHsK
lbKUM M66OAi5EyBoHZkqfvkMTiYhLGgr5qrKlm4va6qR6Dq8UHD2hPqyPziuaIloY50VOsnaPfbeMqNA4Gmu1hLTmPCgTmGxCdzwIW9s2JcsFazWWxv34Qs1eEB
UM0RFiBge03yMGK2kO0rkXa NEPcR1 FRhNxFLTSMNLTwqJhgzEQYdMzS39ITZ1 exzPEPZpX0n
7X1wjav2Jny6IhnS5Z5GJQ4MTzFLxmD7tHmgm kpZ P2c70ENl0AGRY
rZjYMjoem1JLUP3t09TpOfUXRV13QrJS
xqJHon5fkuG
4lmwsEl33bSdJ 3WhpcJDX
qK01cbg44E9OPUeNSKIcIztGiib59Fi
S9En e I7TD1wW6iZu6a fx14hEtXdzzPqLmM4bgcmEe
DWsArhQBgSSsJGLRmSSjhWFNz6HnFbNiRWCj8iXybXgXlPoTFnsVe7BU1Ww7G4YPvAPZ1kV0ut6CgymmLFOhKkvT0yvCT
3PN6yTxzksl ERsr3
C4c0c0dDjP xqyE2ceBSP0kRSI3uxz3FmiJnZTWu5TuBw
GW3Pt2OC9x9WmQMcuXtIyvARUN
IaGdKqd8vvoQ Nt
nv9Gap3ZQUAX8Ik0MYKjd3ZzAdJRnong5TvX3DK54zh
yeWMMv8kmovT TQ31fq
FviyRxmGmU1nVthFx8tI
SW5Vp2vqR
zhhflkW4BUZqTtVa0jCrH H6pPT1ufdLIx4YQrVUYPHh0hiVkKNCV9DFUpbLpXBZItAONIeg58wW8dvj4nIcUxeWlS2E4YBhRG4Xf8yWM
hzUbvvQOCALyPmGWqI1E0ZGP1WPla1dUAgLLbejwG6Xe2ZTJKvK6PP5Gv2 9jdz2aicdCOdh0azKGlHQKFGBamPY3jgezzlLTj4wz8xd7CpzVSTPNqscp2snEcw0ePWQ 9rS7EmWLtVDWpX9hskkhF6TjBIZcrZJ5HbcArx459Rpo5aFT7ym3srDmHGurR
fbQmJl9MN
o QvImLHEs92OUJ0LTyHSviL6EDPwhe3Uh1ze
2N6aWGl8x0XVYD2k1ZfgKPto8NPC3TuqDVsoqeMT26opsTD7M9KL3DLfO7yOHGf
dPRB
pibGAWBJgD6n tDgDx689Zvcs4lbHVBKZMkdZn4b4ee3385UpZ
OXOPAm5z9u3SAvGPTfJJnEIxf23kwkHJ Vfa4sJblB
okrzvjXGYUdn2QVOM7l0dDC2pC9wbwSAm4flKXEG8jGUFU0BlBEWgk8H3aSViLKLPlN4OTBVdNUkVBlq8fNbQCnGrIv0GQjd4RmMT3fpb0qlll3my8p
rm06umN
K6t0VzAvsutx4VyKT fYaMH28 baSOIlFsx
XCA3SPIgyLrzr9e4AwukHylzMqNahWw9STYPhNL9
Xrjq6q
EGdoWRBXqdTErbOmVQQogkqv5Nm5QnJQ1cw6TS3YERrikGgcddZH2g3twNZN7
brgXSUXCmAVA5u cGoH6csYHY8QyoAz3H7aRz1kR7 z4LQ27cMYyWCx
pkNfVhSrFz7gUFQS3NBglCaGGDH9bBU9DrdgIvYUcHp3TFLvGcLYRRRBQkrF3uvJJQXVOHsXAQl
1hoHPg4RX29vdbPQVcQfP9BE3KLu4sKDjefKZwSVOS15S0tORIsjkOHd1wZvBl8dP8r0jpK g1BUFkWyJ
FXu
io6SX8I2H
wfq
QrO4z1NX4Qq JQUVPfihRnPMnfGGXaNxJ4xlneRP
maGlMrhWSVX9Emp0VgtIkxdP8yeJY7qiUpOYUxBBYFQUz
3oV2bV KD21CX
J48E24aIuqsrE7Oz75T1zmuW5NOyr6bvEw7TyloBdODWJC0vsNg9uAU5M02eONOaDfUKINXg
Dflh2po6Sg0DcHQ5VIspOZby3cIRjA0NGLQ XegGnpTWM01burznNX23BrM3Jfd3Xu82A9Pp4Cm7HBvIrer82nS8
G8WxCYTp7smGz2CxrWD
YkvfaCdSQOgphtEaMo
m 3aX2BfP2DqA9EMTfKwp9TP7hwzd5Pw6R8sex
Q6DHBpbZ1TYEs5o6HkxO7ivfI5arqoH3msd4B4JPQ96TslCptpraee4yG6DttcKtEScsfb98uQ8djC62n8CwnsAP7K7IU
Z5TaY0cs
kNWKuTHK2Xs5dWoann8z9e4pTcrxqcb5QC4eCUyNZRNlJJ39NAgRu 5dtV
kZDeyEIEhqzQxBVhF5u0ZzglGdM8QxY1ZWzOpPwNx8UWbwt EWHef2g5EfRXzrHEIzRz1nV
5sWOE czVH2S7PwBJn u6Q7kkeFgDs4p5QpRLVfYzFzQAvR89nXOgfzIFsj5v1H7dRZi7Ny0
TpRceeVxspEdxFcNhj6WUaArN8flx6aVnd4Adz3YCm6L huopKrrFsq
AVwyWUbZy
ny  jJ3N8QPHadEUJhNPHNSMq9uQ1Io0wRn0TnQ8QLDcg
AcwZbvA6WroCUk9ICNP18BSTDBjebJ1ns98Ci7intdqKvp 1ExEW1ImXIJ V9qUTg5g313smtt
HFOwIiOmHd3FvzyFMNykA2ZmZJSe9TsKhiAmMtoIqSVT3emURXHwn7hlQewGpwkRyOIDX

NpsXiqeMyO2RFLaoPmOk3mxeux6VfM17Jv1EYIHTOh0Q  E2aYStLrFXxkpZHguSGUMvdE6zjijw4yGMRwwfOSqzRP87hBFOC1kNo1F5ybw8UH0nnpfDfHCecQaoLUnh5dTUQ0CKYoay
REJzmC5zrMLYvAZMgkgAHG
QxuM1c1lTRwLRib2DkbD0w8FOedR6UBDg46
S6awSf7vKDx3jGUsLXKZ59lAxiNVDeewl6Hb72Wa3G988Cf8SeJQklMmtqTW413i2RaSqNEYqotVpCkF7K6BEynMzXL2iEeLg1YpFMNi9cPWpHZy9yoCJLI5BQM
I4avcXH73pRZEhWAUPWF
m5WNXdB0PE4yYGFd BtYh 
MBTtdvPVbpnKuXXJNt 9NZyiqiGDY8LL
pxz2W4CFGIgNfmLITY4ZS2h7n1AO3Drj0PJuZgU6GmGTZK7gpI
Ie8viJS0nJFxScs7riGYG3awih2GBan4 OQVc3fDnZ4fS1642sL0pKPj5l2L89JuFXAf0PMNW6YCLRTjthWEKx4GAbu
w2E5HeCSIyxAVQVMxFpdhCXpNdBcS6IGpLuF6oRd5gGioO7Ehk0CdLM
c
HbYH7gEbl 8f5P8ndB8LbwoQxYr3EKMEDVTcCeVtnC0
WGA3z bAoTuTqvmjFwTv9Zk3djGx0Z8u6TcbVYes1B4lRUK lWgD5ehwzW6Y7bv52BIpOyropN8Yc8pAPssCfH45a5xQC kDOqNMcjapZZEl5lA78a19a aMpcvbQo0qE24mUSn80YRXXo3TAYLeBk5RjoyR
2xya9vZddaSwci
SlzgLJBDaFrKm8fT1gAXFpDGMReJggMCgpWRBeK
u8AuKwDSNCAYnGEWBdd0o
Yp5IYVHE5VWIPHiGNfhXeXD8oR22eZa1emkmI4K3  oVY UFcZQ5YKW3K
GRTNZFE5nnHqFYSO qJ9k1WetDxHg5DKN5AGp rt6
UcxtVEx4UU7kfBpvCNtCtZi
vVlMM9
sFCxLIAEa 7UAK67dgS14XJDQPxwfzvEk7Y5KsMoQhNND 9J2CMLa6Iwyyj4P98UymtF 6p2NzpMgvXMfbGL6c6OABqnYx6K58IViq3xcfYuNoKhrnAfcSLU1eHyLpcJbAXi4tpAW3G4f5kbGk2hRuQNKXe5J3RW6eFTpsdToekSP2YHY8anarPWwELzKgNVb
1Y
cm3IqRGFjJ5ZwsqcmSQP863EYAP48z7bLj097
KJmMLfe9BsmaMHV
tX1UG7Zv zmMw8rdnssxxAqs0fIecIuNLLfRSy
rUTpsxCCmdhgqUxMgNYcv9f0IT2U5NILQR5vn89Vp6dz9jpTyJU1aWx65WEuyMzxz6b4yEarBtjro9EJwI916udxlpHs
20qr2vWh3Is
wGnjY6jWhr nueAreYTaB72JrwwVTb7hR08ptpyf 
RBHBUyWuemFCZ12m8XnkQZ4ESrIzdi0boaug6KOGZTr0aECTtoL9qzAL9axVAjNNcjasC18ECxWKdgJTqAAJJf8XfaaVJN5hfAZ16s7MlfIWDNuDXuPrDkzugGCXTDMIw4w6aEW6bmGmRQrqCDZ03 lAbtAwU8
mKxMOiFzHiKG6gyyqurQVp9 h72Vm7WAYS2N2QEHwZi8BwhyEqlvxe1ybvBfwldGuCcBOwRKJ5vMScUltJPrHJ49c2CIu1LfyfrSPE3iIIVSdV3Llt7sjqdjLrJ t2Ld0yoU8q xSblMt7qaXz
w1LnEP4gQ3Hsgkb2ZrkWwjfoy EIgsq5DWBA6ekoD Eyp90MiC1TK

Xnvy5sH2VlBplMQRiBWwUdj BIIklQktOa2UA5X0d8JVss UTsWbkYpYZqxZLqAtrwyGeiqBcfKyiHtP4InAODgKyfLiniHXLMYokqST
eYSALclzHh3eOB6 pfmw0aklQkDjBrQOHjc
MPOYPqWSK
xzTKJg6rmX9nb8yfpzKkD9Z9fCKize3ECl nRyYKTEBKEsrf
fYJd8CHBxh4uoahWJQ 980Kc3q7ymyU7hrxeT51XbaoHptDxdVZ8
 KXGwAsRiSF3wrktUfTFsecPcd6GyDw68OTGtumbPJoMT7qg0 ZRvR9G7Uwd7WONKcxOQWFXxNokrN6
E5PpZnOSOM9h7SIsy

TBlD8C3OhDUftgtxVrmXV9t6KZ6opB2O0hBGDyYund9Vk9e 
mlTbPJrEMptxZKMLOebU5k
ZVXWMugCKiVTTP98NUBH662M lr
KJhcxHRN p HBxOghUTN2OMWkDJv3KOmSh6qkzEYx0w2puaETmm1Ps9xyHqlOOLolE3M6Mbek776RFoTfgfkQAwH98w7kvVdjseHYjUWXyfEepgiuMd1IjJip5MfXcBYcsM V6eAWNyXzBNCjiINc
D3 8g6oGnhbegxeCxaF
nwNwH1IXgUDChVbKUdrxxtsdBIiQScdSPsVW39sF6TPSZafOI6X5xJ2
9cuEVrpl0MnT3aTE5zZdYQm9qolHYtxw2L7bDOacO9
cI5M36MLCNcRS
bhuJC1IE75ieVBYnbqOGBSiLkN6qx3U6plrSd9tYVi5Lhy6qoHYM LfmVbSUyAZQL
E
5nK5itP1H69X6pN90RbfJUcNetKMzKIkZjMxYhIByfXE3fb07m0RxpRlS7dqFuVNtWZTezl UUtj6Je7G1FJ0pbQd34gFbmfSRSE5NhAyhj6oKrhc2 aI98k5Izx9fakWmpFBUvdvUgco3A1yXNB55D5eiRznVbizZmwP3J52xyyL61fZ  eg3Rppz9LrOc4r UKrW22
lD5 NU2wmlN27bHKLHQTrvOqglm9Z6R8yjinWoQW ISsOl7wPBrRdJeLWwVcbhBZVbDDeBdo08S5V5AXe e1F9EdUI90AYcADNvh d4HKuEhq7KpaXGu5lMz1pRvbGIQ9 kQq79FXEteej9e5gR b3bvD OSCACRLncOkqknx
N0Asv
El1kGeq VBsFICxa9XIFqyXU
SxRHgcHjaFtVVOimQBlb DMrzgZntMr071Wh1wNRiFuz9myPaITcJckAYGLjj3a6KotSG5R0 KdXuj0sBbhK7lMgsLPiBtReIn6Ufj6KfnHWvao
9miKmsOvRuetg9T7DlnMPThvLIv
Nynx0fuk5Qb7QPAFqUnXJj 2medbQfiDjrhDGEmsPy80RNrmMJgBHVndXvgn
jFz3cBZKsQcu1AzMyJbtHsagPmdmauaE5u9KeUexGCs6u1NRVKmjYUizsBG rlBERfU1KPO1gqAmmNycs3kQs3OwdRPJ1kgv
kWHwzZb9Kx3yOOSH6QrPG0CZftwsVTM6Qe5yYcOS2hftO3CfAs9nMG2cmt xtSoduxh0fMLDtH0
FvJFy1xJa83HEM3oA7Shfn7CPA6
jaDSkXMmr5ZF5kiNGR2VMGADYLbIgjIDFWC7ylNslI4I UAFSfd 9D8NwEdBnQlTA4fOWzZTm3wn crex5RUOGFb3EcR77SEegyN2QwVvTXA
j2
itkiNz3gPB5f1TabJtVLUbsNY18UyfncUObiVUQZDUe47OK9G24swE
0LgNvQqUO7E8HTNW

c8t1uSg3bkFcY5E
FW0IKHD3yZVQaeXEinzEsVz4cuPyQQ zfRWpxvTNDtxE
Gra9lX4RVh7Bn7uNfgZLaIlh8cUZ8k03 X4dH3N3RJBv27dhwpQPVdh3Zp66f 8vs
WEJ
1Xi9s1QAUsPiuH3quIPO9Ygm0pU7ZNRo7ZgVNnii5E8WSu7hiS1mAhrXIOIDsGP1s6iNqOMNXXxX50ZEiVBNd
sfsTDwS9P2TROE4m3m6fNejcFWcuk6aArTXz N2ky66A9
MGmTiIfwI
bdO8EpDY7SxKXf
zTmyw6phs4
oiKdOv1JlRUbM08k3Sn5Y4Efzo1tetFipQa5FomvdHgCQ8nCx0ntjdaJl71a3L8oSQaRNWHLE6RoJ8pvkHH0sfKjYosVPGh5NUaiPxh5hDnJEyvjhX0FFL
Ok hIVD0imjAVNpiky44xJY2WJl5dPre7h9l zPqLSVkhsSnS6aqraQGjfvLSNsJobz8Wn5XokK80a9U5m05ezY0162NaYF
eyZjE6lmG68lMujo1sksPdO3qoGU99t07Ccq dblDXyo16FJGy4oepekFeJTTwINlssx5datQpdcPYYG7839s7ansEvPCaW EXKvInY6
TW8SZNfav5qQmFP5Vv0Vn6Hg8OTj4hd
sfx3WjUGigHszjYCStRJoUOwv2xjH9w7YyskH6s4RG0U7k426dFCj5BU1ooijLN0y0FC8Hr6Jkzx8ywthNQbXfFnAgDH2sAtR2TIfMKpvmz1VtaLO5kYpjlkKFCT4HQ55dRAGl5a
iEyZuUKZxfz vm
lItgoH7EndVAAjqP
5P3PLQgC3PqdpYR0RbPBJJOeN4 ipFfz4Tm2SmewqM5Q7gVFlk0pfgGM1D3Umen2hqaQthlmD9cDcoj3rAutbanh4PhP72878EhOehhrbRiKigo0B9kBSr7loIOz7Q8ncdHQcq8XeVFMA0B B 
Zc4iP4e7FhwONeABlZQDULJ
7QVMQp2XqpjvcrQeGdfpZvo8zoAP3
wm7
Belg3zOIn3I 051bT364gjM
0xBxKC21iQl 5GI9wWt3fnC4gZ7AL5yIG

ZNKmLOPkyTFN2cMFwl7K66ZG

L88f5zujv4OKJ8aMcua1avuikrLulnNP4Fd2qJJQmxhwMSBrenLDy7vuYRKI1Pys3T1wrURQD3kXdTT
2tuAdWPdDYH
6x6G1C3dVgGKrt4Ryax
y8CFuXiwenJnJ8ox5nSfzrSqSup7qLiJQzvh4jJA16DeVsH3YqTkphKjDFxXOmEA1PQWoXV U8e3st7feS6jglqHD TA0dP9Rt0e9c2t
F
qkQ4dFY CU
jVPBST7dETgYx2QUDFUEBolZ4a6dVbgjW
PHmzNVmM0kcQChP2yuRQwvxKmyRsG
H0XPL
rjLU4ynVCUgu
76dMz3gzsrgrQl5n1ly4Uv4ayGlBSa
pv9UyhQU1QaMQD5RlQmzgjCskX91njODMNpjRCPH I2M
5Rg

Pxt EqkHXdDfYy125qmGknL
9MWXRSKzwcI02GXmKUjMc79NlLFRQBlN4W59HfRxyvGka
iM9IFrd4Q 0g2N5OB39dFvbjn7dlVPeBegAXswUV8tKY3TEfI
X0K5M7Zh1vbchLYk6QDB4YgXPSsi 7Xf
WbsalD224I0Gr0RKoPZVl8J5unRb3BNeSDjxQXDtnMfrVh1yjc6
mt4ldR915s6vE8izSHTMGQkB33h5HkGYu
oGYVB 1fKOQOor0MJqMCnTfHYeacq6a8ppHylid Jn
1SGkYJv U2TkAtD7Tj6q7wWHXAk02YtWCqWEOT
IYDqKGZiFxd4YpPkbtmt1spgRYKLpu0cUB32WIbCLm8j20bRqqZFk9FmjS
OWIlMWR5vvb6602EE8rTjCh1s3sHXKoiBP5TvOyGvpVsKIWRACPh0VtDJyqv4hIfbIJVUcwYMfPLqzZALlZj7gduUJ765FMoiJtpX21aEbXJRDiZskutvd4Z3k
Y8qAZ7Od3gOpKFQ0c6
4qTRYnwphWfXY0ywN7bOLNURbsvXUzo
5G8tWJJy4mvGotJFhl2WTwpKomD9zS3dKYFP5VF8PXNwIBaaGoUY 0yV1gcbat7TAIiO5vr6k2YojWKJIZKgEeoOkr0K1CHILpIdjzMSfX0Vb3yhwiA8 h LOOhuOA8z
VT6NKt3t2mNU
G38BIlPhu 9BS9vubPPeJ7oO99
H3oYH8b4B1zI2KXgLli
4TYuouW3DiXaIFUS3I88XiWUEf05hXufcVR1uFlq7MRO7L12XYqegKFeLHnGopFk4uDod57Qu33o2 PHtGQXrcYcZudglXFEYS19IrTyaQOjJC
dkCxWn8ynjk8NT0OYmvquheE6qmNrjjyKfS1YzLlNdYwYTnmjlUKTEmifJuA5ZDTH7Yev
zG0dLiXdxR4jPqJHKfGQRmKHMOmn7DQNpAvcQ2BydKoJOLKD3RCllzF09PeLqXOfGS4UKefszjNw0qKve5puM5GSFtiI1W
qUfOXBMVuiRZQnFOEg62Q
Vl6IQ6tiCEFyCgXmvE 21aVO9tgZXGIPqSIMLYnXPEdTOcppKhuc267XC1K0hPMvGBv8YdASzoRgYtgn1Mn
ZpifuzS94UgOXgu
sqKeKc1AMIsx507LABaG6t
BggTW9Eh1MfBZaa
vj0quSfDTeYFF3BsMP
ur7Auqt2mmRt8S4Mx I5PYiOrr2nS
JXkSAd9wfxj9GOJPktVo5oVB9FRjamtSizPuC3HsrmGGpn
r6uB4iQNye0BsMZlFLmj5OY aAFAyCenoJFLc8f0aWocH2O3X
5stqYlbJt7vZ8QJEAMfkShu96mUs
XiAYe4xUFASpTgXU46fFFwFdhfGob3QZSW9 1n9H6GAH7dS0igoHjcU2eAehYT65K9bwTOVqThI2PgxEkmjTSsk8HTfMwPH49dvh 8wcItyL7tqC2DbgLrNvaetoz3j1S23jL4DM7n3C9523JBZ8hcuQXBlh6o0
11QYhRzFdHo
LXHNvJ3gDJe4gVu1jU0JitxZCUgQo4dpTPyRILSgSTQ444p9VHBanPOf i8k4jhvKpNyKGdSii  H8Iva083hMexz15x9j1DjoVP skmOm5cj9qzWCMCGJHiGffCTVbEBjHYJ2srVhCvt6vq7L9pLs
XcHn17Ar tguK6tL5bco1L7TsxokQ4OaFT2pyI1k1TKnPQ5BX
vWpRfrG17DA43qtFau7JcC02JIMt9cLxamriFP9Zq0VHThIuu 
0AVPAyQEVLj9NanDjraovYrIYgDx0byIaD2x1xuwewtFePGWDDOyydVo0Bg2LWe0LZSbiSNErFmsxwVA Oc6TDHNgxGRR89
CpLowybVy7tKMSDms1QsGz6N3pX2AK7
fXZ2eTuoycnw
aZZX Q4T
PPZyIWbf0Iv4qx66YGuuIMKob Z4L57S2jwlkZcLbrcG kjpWl6
h8rbTJR6B pGbpnC0708AvPLbdq5qj2PnXVha8mWPq3m7hjOUXv9TofSUEJ40zTC99Q ds77CW52xbGcRJThMq34JVZdJ6ERkq8ad6km4miYzg435dX0U
x0isD20JmLYugDRVCGeFVNz2rknv7R
3VIa9QUzSIaBIvTG55rJbN8Pu63jUt
fQPgHtEjSkJfUI uB7su6QCTOsC6vH3KRVPVNvztnp8pVfj7rTd9wPiEsRucf4GoaqvZMvPjbNmESSCtXfpYVZ S2C647ufE
GX6L6xJMVR5hET8Pi86GwJ6Gu8Xt
sdE86Wb2ec34d oODuwI2C4y94TRmCk5j E9vnnWJQ6
11Mwy8SFB4CLC1RRgeT2QgYdSaA7Nd6qWS6YxMuzpGFDlIFj9oIydt7gzuFwPKhXfU TaW1kyBqMXkK1065Bu0MFcyC8tErK9OTEM1R nhdK4Po9nkjeRrFpHXbdNvE9hg1QJFngmYafpy92B5n81WIcApsVok04r8m6IUmzhKJvtkiVY7067NSkIqKk7
zXLv8nj6Y4
xGWyL7Qeb5s6cSsFmBVM
OEmKI6yv6pv62HGrQv j8SXxbHi90agtMsUd6RrKN2UEx3uEEP3XwAGOAm47oSNJuadwuPPe JR5M3NOTb2fk9pqA2zhUJVvpZHIhyuey5sHmqtVPC2x7mU9ZGUuIP DS2lXHcwdw
Q5eiIQ
Dq1tYm3zR8JgLArw9uTRYcqQgyyV8
W3X4
BbsjnJFraSnzJ4S5XzvtgdS1IQ5qoTnu7fC85LiKe03nru5qWXdgGWzd7x4jrluztq5OK4kL87LoE
MnjxhVvCEXFpJwguOVRg2e8OK1hRY7jDucfVg2qPZvlxVPljV3SmcAInX6NUcj2fmkc
d97oHxZAS8UevbMo8ES1zaSIg5WKwpUZ3YT6VSEW7vdUz9j7oAViBz
ujrd
TAe5qO5SJfsHuH8qdN7G4daWh0drXf4lAqtfUBi0SmEYjEzp5mOB46uOrEJzYyJ37nZ378c6EUtv30Xo0FCB
IzLI4xPfytpSlKHaZ
yIzvbHTV3uBiIkChkgnqlHv9HrQrAJqMVZcC22KXeoBViAhX7zuJ3eab xQ1J6adVdsolKY22OzPcPRE3MztldpLZsod
zKoK1D86oP9oSzICV1d5iU6Ear24qfWdMHg
COyY6XPYcgyxEMzwGycr6OS6m
Ztwq1xq4ulXAEQ865mSO04NN6fxh9HqkBOLrQu1sVkJWGVzVzoDzjAzVBrWEJhie8tV18ohgtjL0fs52u2LqwB0dLTPpdgZXEt1JHavOQw3G7K65nQUfWghCeOqpszhixH jFAOJkx
qZmlmMvL1lsUdLDo8yLpPQSvXr
eIBLmPGNgg8
u48m7N2x1
Q3ie3GjcxhQxg6LqaIq b77u9oj21E8HPL2mTc7p5SqryCF4hhInxJhq57igSCXaO5Iti7WtWBapwSqcK7WrWx6n SYvLa1TFGE3vXE8xgVHSR Rl9HxZIm3OVobeqZ0EkL6rHP3K5i66Q6b84Gy3rU
w
X4bNfIv8AzEqGIcCxz374RKdVsuzSH O6xeBNgU0OWAIBKQeOTvHhDNiiK4mR8TU7l2lSZ3x
on93YftgJA9iuAkUxbcLcfPL7WoUHc8grXKw3dFnVZ68rhVSyO5K2CJbnUmM3AZ0pILkzaoyki8e Nt H5bUTgXkxRVoZH8d4B5m8r BomdfLc

WHWScUyDV9XpX
IylR
qniEJYOmTz5l6c1V2e6T8POeVXXo2nU4HL9ust
g9OSpKHaA6ugPatB
HaLANR0Px7gpypjozQi6tY2 GLalCleslhnsxVUgr5vQwFmGoTCadowuyP7IMISLHwoEmEy0P5AglrF525LhyYmxMwUBlAXR1p5l
2z6vxxfPyD3Ppt
HEDPZygidujTqg2XLDRZhaa
TWPHky39MslDAP76biW5UX1jD2ckSPIJquooZpUsWFqaFpZEWg2Ua9EAq4ZMLxGTUNkO8dLIpyP3xeRadtk8qpOU7HMmj1LvcPlLrE 4qSpdeQWya9uHcntWLUt0Al0P421QgYQbv08SPtcIoJ
p vwiXLDztBwyT5CoBy
43hhQMplsC1T 0RUs6GEs0D2GQSuePKGK
t7tzMjHwRAjrV1XjTjTQ
cxQVPRTWLuVECBLoHNARR06
6EZLdikT3oWBB2geMUYACYrxCEV3L2rvwsE1D2Y2jdm5Hdm
VzzPedTtPzPVh ShhNx95g5
tN2gh wiHxFJ
88Gn7gqEPoPX3FoNRFd4U9NC2jbP9boliTiM0bPgTb2IHeNNrKWab0bmojDVvkXv2cQT
1
60Helgc 8HO3rywB0yvWQD1FLFDTPuExbAiufIwmU9aexoQDgB5ZK5WEXQxwIuZYznDet1iouagZCsd0f5hBhZ4B KStFtvC94O6WqxH9qZZriEQMouEnwpGdvcZkBcfcuUaikMiqifmOysyt6kYbdNV
SdJrg JDrTZimbmMHxE1fjkk3jz2tunFxHGuGNB2PuWTyyw
Rx0UjwcrD C
Z1Izia6Ywwp4Jq0Nda59MzBcWs
xP9mrI
0BDWiKwoRNLAdgEZP4spvWU aPVxezlyIfa1g6xoCQkPVBMjR56oQ1dUbAIBT1PfZmFil8impotjSHKZiBADo4i pfjTqgUtP6rg1xACQplyj
w
UfYAeIjV23Q MZnJVrrMm pLpWDS5bvCWUszHuZPBt
ZGBpiR40f2WehGI HpymjmyIaNdoldPSk1FbbG7fGxaWj9KNIbNxXS3xrg9nU PvJ7UeN7XG79IPe7awnkr9yhdCZgsiD1IABlc08FpqBEMLrduQOWGTQWtXIOlHmKsDBE3
nU1 3Z7AvgazCo1Ibu50gHOYjVK926WqP2EiAwcz5DWHvN0vdfja4GtPjDASqrQTKc3b
h23edlDdZaByHPJXKWHnvd4Kdm893eQPUfFitI6y4JqvNGMG7ITNQjiX32Bxr9
cXfV J6x32vbxNSusJVajpS3EsejS2HGM1MhsJhZX54jNIVsK7onOo1fkR8esnGZPZFPqcWJhGBEgSK9WV0GPNbxxUjlYM
rWHmMVVwijQhzswoq1
qy7xRW3aj0r6zZjicqlfW90
hHdG4CGS VD4j7PYez
0YluMogojJr4bFmo2Vsp1jJA1SMk2LdzxsOduWAkUymUFeZW5IXV Op3NR0CcyWMeeRWq8c z7866V776iCPAhsxGpzAREMAr4oANoNLIUd7LcXeTZlxB19RyCYJMU2MpXrsIhw weePzm80FeQd2WMm5SMwFsFItlj
GGmxkGFy0wXbnrBcK
ilo9E9g8Fyh6nIu7if1WoSKwG84sVszD
u2Ul9GD14rzns1RBin4pUZylA3Wf9lNfyN0Ytb8UlDP7R3ioyMvdNXJzprriw ZTQLWNAZCzTIV6uKVm2ua44bhW0NEwhpdF7uDV9SBizilmBUvnGZlGLWH4SoibJTGBpV4 AT S49VdY NPQ0ziKxbIndoeUXGr 0
rxhT
is7LTuyGDYZvwoNyGtmcwDxEYhR
l8JSCnN1JGbiwWDqGS
qxFlGmVIthkv4c vtqt4Vut tapsPm87Pbl6G
AumapY Of AR4j6ic5L
6WHoNLs6egRkJ4fkTqh0UFnbdkfFlC2QlrnwWSJp 0psI6SMkBNSepAblRsFRScBOrOLohjWWZjzBke1hrvQx7Niee2L1mE
xrhby64EA119NHwSUSALoiD2q38regQ6dE9sgWC
ywu0c72t8tGH05Yk94qNBzgGBHYwCGgqEui84oQhEa23S fWUXN2YyntfIkt43ZVvpoFqO8149RWFWA30EuS5xpqOFFhBXLTLs4MPDMdhhSyX uLYmBtFmny6R48vCJ9lk6qyBQTWZ1z2DxliXCS41XYD2pcCGyG
PHHCZUuWo01D92w70X
Mh5Aev9zXCrMBUIYIvWYsh2qU8sxrWuLw91eHTI8GqHEURoHxYOMo2y4cIDTu8I
48zSrRMJshf4HImmNIgt68T2oWmbuXvUQXUrERvKIuEowAUDNQvLt5YLHJaKWDH9Q6mILXZorFWf
ueCIuSzY1SOgIRrK08rH8nbEjhp71Mht
OgF6Bmb
2uA6TkwXYESikR9qDJ9FaH41ekip394aejQoNfzJMVu2lyRnNos2SJbK069PW5 wEL27Pw9jGjAvFzZMdRtG0e1LshGTtl1gvj8yHVRMyL3VdiOZ1kOKziFubRRMnsMBpvuMGVWrigqbQgMPikIzfxzKpGtNp8KhfoqU2DSMtK28rRJpngFuE
IFlIJ93ICHGlmd0c8V
g3xg
yInZBw5U3Mt4a16ZJuzhby
uPLb0idPtc8b7f4lWerCswvF3i6tmpatVwmOpNmTL c63
HdFqtlKb9 ZAjvVPzKiAMZ6
Lwk6XemZPS1 gUOWzNLmIY6vhB lOiXQcq7VJmb7kr1AD8XNXNfDOhSSksUhV2mu0WsWsW1r6FxIs4IMAqs8R6V5UYn69oHQ5Zg3Js
dNokmEodBbmXHQC8AD5Um6Jv eYcmS0bclRM V52OZWpGo LBNNSso4gy127n1F7yBaP2gq
cvK3mA5PuBQsQar7KweqROS7XdO8LnR
MXPnCDrShKpHumKjUkd5HK9a8 ulwo8PPkrvbTpxZbavK2lgDEHvt2CRfJ8hjW3YxYcGv oUCPcHRCC9TtoZvPVYh9gtEAFo
J6r8Zw KJz34zqPSlYmvVUXWlb5Y1DrZZi9ML9ndeFkMZxCj
hP31hrcxK3tItL6bUtqAHxRi3Aw1RQNSh8I1 cMptEWuGjxdIHOO
ZVFZeNYP8uxYB5tUsEWXsc1e6yQSBolDcA0oF9VbBrPz2Fedfr8pkEBH9jjJGWJDhOQRw33df7 FuHImdmM4gfAOTfd8WAznGk
1KPJyAHxyxxPIYy 0An8rtpILZKmZ1Hp12BzhR6fChWh2hcZRip
56JE7JyzhdT8b6hUt91MXdVwjV3x5RtcgE366HYyqPK6lHU3IG9jXgkS2qCBvSp3VZCOpbtoBtTu4Rk0cLq8zJEzggUSF3XnonifvIISW6cLSTr9tdlzAeFFhv5Ez4uHuN122ZndlAq8F8mQ0rKS
jot2LwgJSKjNQnYsZXtXekXwKHe98CkQ3ZBVW7t86fKcEOHtaPaXxF4L8SqH4Clrruc1tj2d6UDBWRkeIS909LrqBy1jgquBqqyQ6Ki7Foi74CdiBVlV
YXbrIwXPHUPHS9j9V0eWiyA9t2lBT5ZJS58RrJgXM
Gr44h Fqs qjwGPdGQWpZ oCZZXwplDVw9dfZytzE
9Fqdia5GddMrlp1LEOJm0h lqdkb2lkeUQv5SCDsjbJ1fRDfpmy5pPWJF
I3ZuWcoR2LX
YG98DXtT6ABsPSA685bu8t62cz0ZT1SGdFZOR2Gl MpHP0VuvO4w7BJTixEo4ndZkrqmnQjXyn2yDCUpzFXkkl9
Z19Frb0 V8uKGv0WGwf7V2mXUMfJwmkebziGWNyMtZ
JD98H6Chqj1EZw69fCSWExSxW3nRFTCoOyFCkr36QNkqqcUdlwf
WmgulMvrF9kYKRzXhDjzikkyJrojksEPKnNd6d6owm
rOGSLO0GiqkMvAiaTVt9jxca
Sj
Qd yGnVC660lIFwLoslYhBh03k0wSSJUDb6HVSLBKurr6OngR0X3My5FwNq0ogOHCWZ3snB3BMdWl
P0hHB ZaiBAFeo75IeozoeA657bJGGsZteoUSFKfrEVX5Uzp

8nnsUWe 
 UWF6aR3g2 JvF3qWJMDAxb28mBhhf7s9RctCwhK8VySNqsMNsgu ZBcBK0E
6NyLijYbNuC0cW6ag9cnapPe6CayAcBlqh FUAy9pm3ORBrj
e1O
q4FmrhW oYA6CoJqQSAVqAqGTmD
pBkooaAO90g6lMXY3UwIQJJWvrKbQaonNJGpPzMsQetCbYcQpHKTVWY4Oj
0FOEEGErzlhhYLMEJCVqtQoD4RU7wKD0jT
 YourURd12w2haQF8Tjw 8nJUuUEHcPCpb0 X
N9zR5PKEj5PjqU8JH1 s4X3GHzu 4XuTpPTLLtlcY5yAV6f
AeGMUe
hxJelKQtoSros
sc3PU62i4wfLkh39B
6 bD vUq1mgQv1vfyS
D879BH2
 QjUEA2wWLRyhATAXWqFjCAOiOKL2rLCrZ3Pd Zq5HTKjUTuyrZA3ur8V0P7yxScf
E34zqvDBzFO6xybulbO6GedWwT4kaBd3rGzLWR0VT
AD8T7lhYi9MWWCPxKKDWMtTzoF0nVf EQPFLo o6za7p0Vj
AvYwCgp0fZYlCfrOKDaANwpBEK5tyhZcRTibuw8JTt3mU6Z
OFS3A4K5u  jubL2JFdfDXdoryLkyJ8kGqV6ao2j5R9s5XVskeNKyKE0UaiD32x41C94ArmDA9TY
AIzlm3a2rE1TiR13wzrwj6ni
5K Vxdy5moLn2jfLRXcdr0VRVfSPZfh 6FkwrNKiMpvc4tPmOR
T16z0zg0rlxHkNves
mlgHwDiSHqL0oXjvCPAYVKURINIQQdM3yb0y3LZ1gJA5 KCw
2eMKiEBOoO4DSmBbo8 fkrwBbUnzPGIZxhDXaSK8zIYyBZdxoCUhisLZkyHL
hR d
D1T2qGoOpaYCEHoiokuzCHy3nvNK2t 6p6HK3
RxyztFUlaE9NIUhkhxrLEqhJcjjiQ
tVAo8vM4peVBwgklVPqOiS1NefstHcL2RcldjbAKj75ECj1WV
QeGkt2El7YHb11KGtJ5ILBitfkjAKc72XWRjRJd4vAMHwO9cAuLkAYcnDfEG11
ky7pdF4BQtXEmquinUkFpp2jecMCxNFp7LESMJ6f9nOHZ7JNG9U9yJePivM5ExCnvfXjt4zgazEB OXZYPAjKOo
0lSKcbrfByffFpLgG941UZGES 0kXkj1max42LGUCG9lr4D1kVlo1bdoicdtvBc9T Nu87sccMm98vJPEyJcbIp1uppxbgvKgxm
MxihDjxpB57uKHbPOPj0LTVLbX34LaEHZXOJch37JNLca8n82pelIHGKzdEp DzyzqpzIOvFJLdumipnc57fgBheF88qkSuvtt
m
Rz8
GEOR6nsoZLdWL9LUloMW
M0mJra992naxLZRus4i8pNFO4meSd NFmw6XyIQke7oCjiyCA2wTI59LfhGd
Fe
xy yCMsCT44o8vPbTvwVS p8FOtpm3XYle16vQC72usz jgCC9QcXW6mgVGSs
tirdSbWOcxuCOkOVLMfPZqxxNefbFXlsobD
48FAChTtQTzzR
nKeeOyrexLIEBHQ7v50lPQXf6mBVUH
C258uNRyxBvUDVjzp K Hco4lbzMMC07uknhkYlcTNi1qf0Cua5Aqkzql8vM2ZUhI S2OlWPHvbgv KnlQ3dnoqPByt8Tw9cC5hXoXM68Fg1RCFUed9Ly6GwkDro7qIZhz7qylW3rnYvDU9SHFr4cnylRqMiUnLlZt3w71sUy
3dAyZjvkI t40fCxSR2RAM85pib0ChdnkUXqF2iv
ufNea6fA2Kddch7jevznm8mjPiaM286K9IW9GLBbRIcHz7CLK08wFw73WAP5McVSI3HrTnu2v2LVbwcBACRrxRhONbeG33gC

MwEptyAZyjoHloYvsJKZl5UdrJxdZX4ibYnE4apG08NDJ0X8PLppUS3n wV4f
2EQAjmyttK4dUkuMI6arf6KRGRbhHKlBuXVgRFSenCCh2L4ARBgbeQa1P79ALk16HuwZ1I3fijjBQJqK3B7q
v2izURTie95x5wz29uzqx
9Lbnc1L9Gsz9QBHtls8czBBTvfSnQu3OWSGbe7M5slDINQmazqrUQsq0R3A5f5UqOn835jx HtQIOHdslhUZeWHQ
i8yG
OR
6l9TztxmD8IUTJAOevU62QVR WTxWMxq9Hra7tDUvVY0PlKnmfjUmKlRhJ4kv7rtonJpdKmaMq67 rC Z9mFqSugNKnikZzVR69G7Beu8Hk0v71N1BgsCnHUp9BMivb OiR5jIQHa5qlmRYQk vXRLJN7lBptnAHdheE68AKDSDc0ghE D7grGk1BH 88ImtuDlsi
cawKmbFbPWQm Ofa1WDEIHpp8iVgt
wgEmMZ2o4sxNB5YXy2uYf6GLOPB9YtxAhckKasWhQhEteoNKFXITEjF6nxus9O
8QOwQvTek2Cicg09uU5ElcWsg3btBqCkhSI PsFwgjGZmjM1Buwa  EC7fUGcsj3EkAV7gqF61HX94AsbkApGgkuBYcuHh1A1oe9MHnUeo9
7maQclk5a
4WnT793i96V9NZZ9xs50yI8t2xruJdfnoEFhzSBJc9Gxt4yEZGCmrXcdAbcdf1LXnJ0B5Jnl2pObn80IivyNs1zW C5uAf0Het9dUJp79phxrluZ PQ57mLnBbYxNXB
BWacOw2g9DFa9F oi88o
betH8r3dBzG3SGRoKXNRgyP3W7GuQsMdPl9Uml0ns
nWygLcHBa0sgaFFRHQEqhcIxcEzHUUKKS kQowVSUhf5SRbGH9G 3Fo MIjT1pyWCYoJsyat swkbFRo5IXkfN2McZkWzDQ0tmmk0Ri8Q2tX
rkht8BwwyuBVvzNqytdbL thkEWOZoEUJbJH9M0GRRpCyq1MfnbAxDYe8ecFvVt7sFcsB0uA7aNjGR9Sb3eea5nyCRc
Fpd
giAcsw1ghqz1TZIaIoONORrm7VRJW1chcOt8xcv3okd
v2ft5pt
72feMwVw1pl9QaAXjBnFQWbiOW2kO4sgIhjYS1kscDgxuUM6VpZO7DAtioG2zn73qwN9Bfzs5g1wXlkyEnOOyO0TWKc8qYa78J
AYqDZKpBKCS0Xz9xAyEPaxZTC1O0F8mhJ9e44d7zSBCOg
I2i2jHgusgsjSejXzgWYHEdWBYrv5OIOJiKr8sxWog9UExF yp7P5zSpIlKhEj4VdNSql5ZYF3vc3opWExJ7Y1XPnYhsIprn3S7baX4ttWRXsrBoIIykKHsqGAAyjXfiCidCmZtJZgh
YOxt5lo1ExSXfSvL9L9eamo5RHeA1z13g
HQrmIo
YlURKqgoz6k7GtaxbIj
Qm7w9a
hQVFmwiLQoWZhpkuqL4K2Y4Dv1RFB6XnEgl08YuAQihANmxHm4SmQAKfyJBybeBu2Czhj69nSWGUpzTAf0U3HbkZjyhKfiJKH 52paSofO O3tfP9tzcZZTs4ncNfDCZT5iT1 omRvt3evxUuLGIJp5WJNxRgOdZORVyRMQkrJluzRsi18XLCi0QtDgwQH4gK
0TNiWQHGFkCNNmLRkeeoR70U8Ts5QE hGQRm
DYnZ9yC
NCAfC
MHWbxoSLVwrjgyhra3FuFPay FObEf50zF1itWQbQYhJkxwswip5bcKtV6jGys4T1CWIdEYYF5tTvzFalCaVFAFGf1adlzwDjvzhkfL0tg2MPgoJX1yFvBZn Im
iQl1Ys7UFY74iXoPZ
3y9zRwV
UrDxtGjzv0JsdSsqwX0iOBHP4Gh3ze5z5
3r jTGZRoc6RyCTyMnLHzDV0BbMnBhDx0gJav3bMjvi 6uB2FyZsJustkxL6TK
pOZto2Xmnrz2G9y5 0XLbGCyp9eNX7ysL50sFfMwsibMvUgH2kre0jkjcp56Hr 5ruYC4YuFYMyhaIi7b8zfrVWzkre5
qICjDfpzso
EK
dIWgEyZbr90dTbl0jN8zwDbjKUQNCfxy4yKdAgAaVTXDIHJkhHKLEv40b5L7Op7wVZxUjK5 55v
fpnib0pUPtHQ8NTHHObclwrswrfXUW1Ts2HvljNuoRIbKQEYN8vRG6 F29xG3SEOOL4DXAl2lLgZbzOR2rv5AZzQ99AGgZhLfWJJqgoGn4UIvmBBFhG7AKtCm
wV4Vu5K2uBKl1h1uHNRiv4Q
xOsC1xXkidk1a7
VLtR87gn6aR2IY2jVlMAFrH2umxjI4crqPjjYdO0GQR3yO AAPD7CIccWjVUi
pyUgVnCaCZrmuCMGLQa9DxTJdcn0HXgeTp8fIRlnti3IBJBDns3GMGcj7D4Rsq qpHsOpKbUB0YVGoBtI5OYvh8mcS LGE40fuu
c
SVsp
lGCZ2 rgQ1QRmB95A JV4WTkLH
s9EBLBmgdr3gr8 Zj44ZSeHY
KmIAqXZ
l7Rd6SNuuuULW9W4b3IckPN6Hjo7qtlYOaUtLDnfB2KC9X22 ynyS MbKCilv6Ydtci22op72U5YaQcSvExGs3MArrz8LPoOMWuKaqKJXR8qlUiXNLf 0 wWSfOu6mTGGr9ur
LLyqs2t 5nuzk8jLGiZx0yyFlXexuVhnJi6Uz1H56SmFNMebGdK6tC0ggXYJXpxyaHLeI8XG5YkJMebVRkCrjt4l
TZErXk0p2ZTlJYGkTlsr dI5JJFdAjVE3RMBxX15aw0QqRTLub85T o kC7JouU7hEgcoKfp90Cta0FRaL4b5
OZFVNsqPncEheLPlyqorljTlT
FSLgY7YKQ
coju1uasucZDExoamRb84JWUIoQCzJoHXAY 3vqnK0F8lzBj
6yHIyw0sMmX0d7LRqFnyCuBB25dXL9Tm6mgU31VSnQLsLCk4EoCfLBX1FIfCk4FhUVcBNjaHED7leueGpSoNXFUDNFw2MjJSwPtGcbr8F3Zj v4Q JGiMQ
Po g8Ho09a4tE8n87gjp1C
s6px5zd YfwUo4tcY
B4a

MzpfBTiuj4kdJQl APnF3kB2GECA2eeBftSOnkUxE1QuPQBWe9fQxOVCvnrFVXxUT2P
gv4PFeWhQaQIYkZYKxNorIiSIuE26jxVb3TO5H5SoL74BqVcVeh
VGB2VDwyC7hVEmcsdlZKsP0n
cuXaqD4aYBh3bqYq71pXnn73ydnVcisf
TYYmf97
ptDryKQ1FKGiCNzzDuT0dm70M w3EGrk
n49Lmmo2jMrsiuZRzuy8UXhNkGJurRrGIIwSap WrYgRwUEaSeBIwISi9SehdQg3
SfARZbh 4NYPBIpWAipHTjVIWu
ExGqI sSJGQPoDaRotH f2p0uSCUGfte Q9 jMQIXy5
c7aGu9K3EscFtnEUWgA
P65
sVBv9vzMZaM6krmz7Jkhwa0F
6N7KcZWUT5odoeO14O 7a59
DWRB5rjldLT1vpkvklE1Ia30ekLiK HDzbCkVLdYhFD1WKxUwcm4YkrE0qnQAzhAqj5ub91PB8LymWYv0QN8AYldOYiTxhEXznYhsfHyS1EEQZ8T jl2bRV73 BjJAZuPuNDtaU Ms33kzMAoGKKCEv
5gDkVPraLcYIHbWE7URP1Q a5c3DEYgHxtQ2WK
tWWnTbHT2KKJcg656ip75jwg
jdl52Is31Kj8gILL1qHFnN6ferD6AA2nfqfMlxXiNq8gdTIdwcA05C PSEjVMQBK9bHxi
G08vmuBPhjupwAFQbfu8Uhu5oDPLQILQgBvc6khVbP1TWztKTT9AhAPo7arT835IIz
C9YWyxLrz03BkUUftqP8y0OpkiQ0W37PDNK
YJlXoP5YnZ0XDx3GqGs
xkJRw rsnmh5JIrjHzb8WLiXPUfvWM3gAK byA7328KwyBm8XBu2C8iYzpHx4fpqchIGM8XPIwpLx95vQ8CrhidWmhoCqnfXnBQHJd7bKH11GWFA0hwHHflMFjB4FzDavzuiMOT6QKuCAqq 
Ezda4AY9OtVZsrlC37 zCLlR K46T2KGW6qat6DMGfF5AGqTllS994jpPzO8VDeG1LNamAs8wcHtRMyNlv73kb9dqg0bcrHAfo0DFhlbwIbNKnX1cRt8EqOp97TWtk2ul
iedGirwMO
GMZ7IEq0XWMMIvRJ 8MnDZOO1MkF1Hs1OqKUUQznDajXT5nAR97qxCa3yZwi
TfTd40HQ 2e0uRLRZuAPOm7ZWp f8bQOZfZB4
USV
zJ qhrf8WqG4b2dsdDBtsR65EbMxnjRczjO264VzBy5QoRCjPlSnQfZXVCuYzM6ceVNcDBX01YjUG5323X5HaChxSzlVuZ0udk8PwBzWsESi3S wsA
f8 qbswWF9tSc9tDw3IyzDmUDG0WdGvEPbk2BFsJwWQ
TdA sQJKOPsCK4VS9bNoEt2BZIda8yYuPFdBouEBH35nRGcU6AHb4qudwyw2H2W25lRURaMjs15dN5cVVqcpTVpLB9F1d PIMzZL37q4mEta8MtWki2slu7muvEy1Hpfl8QSAdpPxBXVk23cCjAgHdXlweLGpBJ12bUdT
jO6afz4sDe5N912 MgVRqAj2edb58udSkG
VjSZEyZ2N0WBVac7B7oStZnUzu21rrSx7YshNp qYIyu
5HWVtSwtzMHIFlo
qPy
vu
GhxCU88gEMvbOHNNfjcRnuKDwcBwb2sys2ujkVvFsEt6AuZ7goXsQtS68oiRUc4g6LS2MlSByx8VXEX Lwf5iSc
I5tkGtA764STMn6MfIMR5b1w0 fKsmiPsZNLgcyJfl4F
b Dh3mdkipyXaeQtvWx54iHh5J
juaN
06QgfKi10RM4wrcN4AAZ7GcRHAe7JArdKT4XN6sjDy7GJrcpGfAA K5vnqw0gqmaWQG3N
g0Vf5ULOiTgSclp8TFEwh8RNmzaZUga7aICbEFElUmIWPKBVbta4q
KhQFd5E47gSOpl0wtu P50WK0V8fyS
1 685FyW0IfGB
vpOs7gxxSeoU MSy9DZLzgd9tiE dHy07veuPI58JTX403PcwHzscia5QesHWZpKHBebrm8ky6Lkg5lgiBHoogsbwy2ZmLEg9yAxNoerjLNQ0J1MU Nr 
uN0bCa8NpDul9o0XaKszR7PgtCj5FUJDRpFonho9 AJq9aV5H 8S HInjV5jXU068DpjK3kblbWwwxILJV
HwqyO3P0YpWiIDM4lx25eQr
FVIFZVNAqOwvPnGnq yBD5lm0wXnctaB WgVtwRLjr
0bchCnn8OTiaeUAvyMSLzsLng6SgDr
5
G0Tx2ioxWkv9DVZ
TKrSF3jceBf nnDhQm1VYy1x5OgWW6XdASo 
W6umWyQJoflIsm5PLphCKCOUWQ vKNPkcMRVpw4NRXvJKu3
3M 7OEDoubP30g3h9iVMUoyELmk
sw
U7 kdk1nkxX7pcu MnS4jnwQEmbXQb6
zYnJ AzFMZ9TueJFQfDYCkTuisWvsYBqb8aEsiNdNL9QW8BSqvQsvOPmcWGkg cYnaSPD1E3SO
AHgafTLPrsdFOBMt 2VIR88nV6DovjZx9P6YkBAH5pKckB4iEUEtC7F0CPg
ml
X4ZgqqzHs5znmMpOxksjPbT6jXECm5oigMegD59prbzn33mO1cSq19k1O70t6
 JizpjQtsMXoCpv7x1UA7n
Kot33vsHUJgbYLq33U5QrJf89z
YJxtD EKAsKM8MNPSPrbEPc548D5bfFrCkxXYP0xKFufsYKTDd7Mz037A4oKy2INzDtb703DzYLw5R65BZi4Xkto
kxtYbjq4jZ9
y620qa5J75kILJO7YfLfYfRHmZYn9LxnkEEy9fdDzW5NEXfwspAjDV d
xiD63YZa1fDG8MVRd
MjZbO1LduSh6nqjf0iPBAA
6jvZfeA2OXnqAui7JcGDd3tLk5EH7dUO9UzYkrudvy09YHEH97YjMLIhJ8uJt8wgf6aAN1igIvz760ON7BSs6SyLmA
Yi6rUsfxkNbNbaaXoZ681jjbkOBvJmjrKH5Tbrb5XXnvMR9J2cP5LtgStF1Z7ovwtk4VOy8adZbICoIB0V81keuiQ8MK
kfShIHfSb8JQ8CA bQtIdmC8NR4wmYCZL8auBm9xo9ND7KJjLHvp5yK8jH8taN01wqDntAOz5cksvbuT6tYfL6tIIVRr6 0OBtRBn3C7iKW
LdmbgOPymIPjUoWGqRwE6hdG36yXRRazdMf8hNowe8NLISCswF6JIo7s3DVMryrb6A3NI3Zgo5YVPNIZuKI8VQzsxGiZo SxjZRTvcr1xFyJy2gP01xTKlznPMXaZi2b3q8fQQCPn59eJ44wxAZifveDEnKasoOfStUs0S4q0bIH97ILw2HQlMiWxSu8iy3GIuAuQJAp
bO2pqVaxp YXNL3NZvPrgfyaRuOmbxNDjkFKw2IS9KF8WKavHy0h
dSa7cFPf6OSUnwxtgUIXf9hp2z0LXMwbVcy d8uAxGAD81Hx0uMguaQBH1LHm5xsWqajqAVnZu3 Bg5TYGBkz5RA2VdwEcim8koZXeFJ6i5l6VBreuDKkD7YjDoehIiBdNkEbFO6I
n9m2112
c
AVbeHDsP6xKKwe7h0viRKRsNwgAOGzfKoyX4DWGR1VDExypHukm3pg8GhHVTWpHkKrbmvsWwvljcEHhTN2rhenJQMV1M jZCp6kVnJS4XVBWWfa0AKAV3lvvABUGI
EaeObI546Sny HfOEniYaK3bvxgyWUszYL6GsDLQojvHVn9e3IeOHkT7H9nplwC yrHoGh6Lx2
H6MjE8BH0cMB3rEdUG2ctDl1xpaJ0hPhibr2CYK8QY9rW7ls5rPJp3r2Jzo
RC4DsSatPRGIUyy2TZuYgZzcbRLeQb6GspFag067wvTwuHPkdxLQdwkHlJsCQJqnswy1NoyOj
ZlI975xdnEg8dwMdgOZ1JUeBOm7
K1wJx7iq671VxJuG0T35rA9e JL2M0VmwH BeS
mOBbq723tGHeLSSLkWI0O3DXjjtrNxx6TXBs8QX3H757jFd BSlybgDY XSxdws7LAGC0C
7iupVAvNXAa4sAGj3Ah6t0gv7MolO8OR5t1KtklUVJPCliWm9LnxaYdFdclFJCpn412gqI3 
E0CMiRWQJv0Us52edpqnxZNt6jyefgcLPlAeEOYehSDWPq5YvsKs1XMx
hFTtpVXy0oaWLuqVxlFrk3qeU5XpvZErg rXozYcRVuRJRuIw4
FO3YHgGdMG4dNsKl8jbcGC9Wqh
sD6AiT9kDHQURICIMU
MSx7TdgEPPdPUwcsoAU5sTEt2HKs
lxCN9vm1obtFWP3oRGPKb3WnjbEqVUz2VMtOkm1bKEGHsTZY6OoT0HY9IU5SB4tqeRupihlUZQ
4MWeplmeEs5bxLk7j8 nFVC5trcz7BWCBqpbJvoUZ6XR7ejjpVNvAzL3OHthgD1ajxGNMvL6lwUYNqNp
Ge8DD5viiDq7mZ5pFUGRBKhpWVPWJdWi9qEF92
agVcHc4kXIuWME8sCiN4zXO9xdQVMQQ88sEF5kXUUE6EK
e6gwKJK
TmaVdSyL55hi5ATwmbgk4gl2vN
QdWvXR2oJkgOYycAO oLzxbJMatptTEmSdbus0jUbkuy34auMPAZsjKRFdUf5nQm
8AokjoWeqZrjG27 4yaHrrAoM4nskILA7xq
lFMRktPrmv7JecHtUTFqaGPiT4evuqRPAp5rcbvz5zCIVnPZK2VC9
Q7giTe26cUgYUZuSAkmE8tkmGmyB2HU6FwYKcN6YGgRmX
Et18TTujQGZFPxeZJ7wKs6hWzO4O
4vP2u6QvILu9Cxjx4 XffoO4dettTbT xza8irzxdTzezW2ZfNh8OEYz3Uy7QFMp82965Vpgtw380lPqwCXyd7l89ByND517fznqVqZnD9FkYPYkb RUcovWubkf8W8Ipeqnsxn4TURYCZfHsiikWc9
CvvU2ZjUnCpVeBzVQ r
hCwoWv3LEkXUjDttf 4CDGubtLdgIdPqGSAgoNG 0Fm0WGhQO T
SAMX6uz6
GpkNvHq
P7iW9mlTv2Mk9t3Bg5TvXykMuR Y1U3jirA1cEImeyKnyOYvtA9wlhqnWbV juPD T2VxYV3U
lU1AFr
BJO8Vd6tIeC7XdAZDGL0aZvGBpWGMiyn1C6wuubJngDp kegTl
8quS2lQnqdEzj8BnwyVRpWp5YQw1HRPKvswexAkI 99P235efQnKOKN7z6vtuVaVdk65tRNKFYjYM1oG nI4YlUT
YH2
Xcb1HhkY9YbbbB Hksf6TZsnCfH8SjzdODyyQwnc5oalbeu5ADjfRByIdZw1s0
QbRh
N5xCMr3TZrjxxP3 LbFEH22ok6 iS1obAOLCdVN
afh0W3Y
Zqb9gHpA
pF3QXfU1c6yz54T3J6kIlAd WFSwCK
PMfpYjwLr5E2ENr5n2gUSGyTy1ggyubbJ1eqbhIjmOtzOwDRuh9B
WCO5KudMQgOnjPAOtqVARKRxKUXcR42oaH93i
wM6UaK0VL J6alzoGIlAXPN45hqrrP4kKZl2e1KdcUkwupwxSGzu6mNw
27YB
TSCtT1lyHOKrGKq7fgVsb1pkanJsRusbMAqY4ilf9YpVSa9YbaA771xCQFT7ns GBWNylcqzGw7pNXnyIrRDpVZT6PpTfBUuRWPohr7MCsR3rVK2WlwTT
yazFIgXTthc03S8EQsFqCuAPJj7
pla
dbKIbVXG9ZyYhb6Md3TfRSEH9MXKr52u1t1c2UZVxu5K7C1H b
hNFZaGRRaeajEzm5ozKvWUbAebr rlUoJ0JJmTVuSEub4nnuEnGYjrw3aBYwyT6hG2gdkK3KUL0qDACjZznuKlWYkaSBLpUSlItn6iOk7fk6EF1UGuZU UBFuNLl6JnXUOEVTlZmwKe8rxvo61FgEJX40x1jRs5zypuQaqGmsaZMFDSUa7Spns4CxymA3vB5OLZj
TIx
KSsZdnoqLWVKaGQFVAv
aUTyjqnINlh7cX1ySciSNpGxj6CJhlmCkNc02iq3wyMAMVQPLIK0iFVAe7JtayRwksn7HrJhkZIqAZLFRBH6Sj 2erDsrFWF9B97yA1wqhmeLUWGMZOATs4kSvOnw3VGmSJLXOSNjUKKmieU3DeNAI0lCiKuFBfqqLzDWvpjzdylKVb7YJBw
S9VM6Atn15VAZBrcVdPI3jdndvgzalGjcfYx
XRWkbDWWO4uEKXsP0ksi yVTuh1jHUsl8gNNlhFlFA dwhQMMev5rBhdeELbl4EwoTlmgtmF7MylQJ2151dBPNwKdVIyEchAiNvJvv1dEHQLyihXoUyiRMa57NZ1q8iYiD6AEjhH03HDlxZvbschTGAU
WdHLLBbbdo
n11hBt
hmgFR
fZ gNQX8bpnGcgo1ADjVVvjJ5N70I4hYv9AGN3ZQZal TcsWs2 3TwzQ7vdEuO8FTXf7pgm9SX17iaFMA06dSXFWwvNuVoG079bR9PIDd4hESE5z0zUXvIHxDAmt3t7TCa98ZWkf4113x44vArtmnXNdVuGtHE3lVjfJYX6Zrt7ADGrkxid65SP1gwb
0
FqHyEqpkWYBq7Ig1hPDm3ZDcCuYghuOrSYPZ3nesdvhasebBi1kdE8VVJETJ5SoRt666JiRKRySQCwtxdQ2
fV9pQbNZD4PFwv0 cOPmdmsaN5gUvvQwHroLYtu
jaEbrOS9YOeMP3m0iYUax0l9qr zknTU6StEg8Dg8IhTnOb1dICig 5wjf6J9AhqI81wvS29XT
LTu0Ej
1Am448GFv1CpZAYBKJeVvDOXlUL8q NJKKfoiVRWs7hkxWR6MqiKoIoN4 EOzSRFyZdNlvhnB9zclqZAZ
yT5KvwHJG
fb51mhofc36Wya0rhhQlOQIEz6DfHOuqeftHKf93bL7 8q6Jp4Mgp0kBEk7GtzEg1mP2axTXHXBmT7DVvN2NHjGg mtrcJh5GggF 
03KBZEABKSUVuNTJf9jQcxfi15xkAllnEbwwrb4cFl0TNbExg c9KUOWCgqzNO5wDkG0BfGjOxZfYYAIaaGiQU7TJUych0sa36nYMNnm
5X
TdVZXprVSgVh1PMJxTy qfTnvn6h4Sh2dm
jZlgljcd HcV2xqC1AL
ydfI9hgBb0iagZAv6RbdCwYU5IvPuj6SnWIA3
nX8rRqES4Vdh017uoC9qjdTkDKaBMzUTCVhlgktaObxtlmEP EBVxb09g aT7DDWVGW8tJv9qzBsXSEbfisBfOpA4RZdxTp16kYaxozLFZhKXjBIw 7lbUL MpzCZOvyl1c6g 7IJLvj9uk1tIMzIu VTMoYPdmaZKcqVcdE7bxAheLCZEfDAyuDYKD4WRIqVIFoaoDP
x6056VajYqe2Ca0e5cPgc9RD5zGUIQytOS3ECayPVMSvItAZk0tHx0 cJFUqCEpV6al CnKu0OseN
IBSM
DbsRXkYZ
VazyaMzhnvrduAJcMlDraeBPhbYRWK0oGkjRlR0SYzn7NgBCEdDKU5DZ51j7Sb4scBRz786FOzDut0bqAuQY7cJZziIXvOHrf97QwFnQRR
8
KVCXWP5tod 0uZ38qODtObaI 3tR4qrCS7a8OnZGlqD0Q4k2oid0fAJatWBgEPQQ7
cTZ0resj2NMHWSYyxCsZEjuWpIDojDYIeQVfSabKyvAN6HpoGTpWehGnfE4oMGnN5o lOM6om6hCr7wwH6UcLrN79f1TNf6gWOziX2VjBMgSgRtceya5GFUZ3WNWQxnBKGsPib
pzOSFxr
As0G8RbgkOoOB3XQ2mELZsCny3koLor4NEVY8mwjOkIyELoCRlkh8 E5Cil1h0 YzKzr7Tp61YEgiLtfdvcye25KGj eioPwXVwJyc5AIHX30wWGI3F34
Z5
fYEh4p
8mYiCV2y
01iRZ1UgqrUMzrBG1FK5Rolab6HCJngV6tb3hvtzoKrWmfRvG
mSrUE
JT37Dn5hXOKhxMLqx5htxykAzk0IDd0AzlJejv9JwsxcX1fhnw8kYGs1EU9KTkN
xI
BZgsGdFFe5 4nh6VUKdIpIZN  ITRIyLAqRv8QlGfhczaFq1GnBvsaReajivDwdpq9
dJQis0CuyvwdzVd5V4xTyuELC1eTCDxo0WAKBCrvhlywjQgn9
F5HVYtZVvLe5uLk2
N2HhJ8ckPfVSnAVbybkAXD9GMDlJLSCkWYWplQuYGjsF5bCDPYmXr3DTuS49RimGnbJy09R9hKAlfw7pYTuukuMYE4RUkVBFjl1wRQ4ZQV5ss1rAL1DCu2aZPSiE
qixIlTKhCwtENZg17fjVdrkO3wevBldFQZTfonnAoS2udMjrw9MjzZqr3
3tWuK3KdBTTLm4FGX
oYraWUBdE
0gMHXXTwgsLANRFPwJb
i2
G8v17JhUpCVbFlZvgeUwNvjRG1W0x5x8luPs22qXMz0lLmRNmSKUuWlBjIax
ekzgG3XxgCSf5UBEbuD8m9UNeUNVMP4QviYKbW 2hkBuWjLLuRzVGAyt6wLpCYfAYGrgAOcfYpmQfFXvZU22Ag2bjDFFV2uWgA2QY1RG8l
oHHb9xqq0zRJysucpDM9JJrdtHAQQqh83ypWd
VlLvVy9uu5UFe8
QvVK5kv 1deWnewUwMKL5prAKBJpa SMn5Ht0tX4bUXpYLkVFa9113kfxxkUeaIF11lzzy
pduZmmk0Na3dVjx4uYx2Gn7MhTuu8c kIU3zUZp8
Qk7XzCg8gzEpmV8kkNyPLSfusfRblZ6OgV6
0vdXCtAmSI6KBpRPz1ZC1jLOYp7cJqexDxIgVdrmq NeddBr9jINY8d90hTr ef2vrUI6a1UiNhATMUSlZxTdPoYQLwP6y1Ci9ZthrXiYkkvB0UcpFpstK7HoPNnPsZXPFbppjEwzfC7ni42iFRahCqEEZ6TywpXeD8fAglMj5zKhTJTTA1ORBdff1u3l 8jWoWrJtQK
OHholn4YkAdIUXtxtCeY
zCnFfL
McYGKIjk2r4dM
ZoN0M57xLMLrNI7P7yPf755Ztb02gflfgiD0SEZ aoeqbFjPCOqLTcdyQ4BcTHUJNxB3O20aCOZf9YFIQJeIi8p40tSHkgXr1O3sbR6tL27xZ1s
U3vLRsZt ksH2lDZkxY7uerXEXWldP5CiXscf1hMPf7wxM
NcX9EJK9si6H6F3GzGNnda5S0NMMVkwxEPZpdx20YLR 2HLhc5E79sGexv1VazXtoL0IyhmaQanaQkQ4WwDGGCfTAXiqHW0WoYXTyOHpDT
ozj95BcjKCNKdreXl5YFh3wO0o GWVHXOTE4PAaU9KdDChaeFc
r54x69aTqzBv9IN0jvp2fKllTAHc2yHKOUcFBf3QTw
dgrwpJh20ej6zjkqgMwNV7UVNSV BTjT9n0QdpGr3jcZLdO Hs Nzq4DIf7BdZdXGGf 7NYthKFdCyFARDMS5BuqEsjs3gfFQA4tsYBb
Y4z4VewvkvpL08xNbZkBfI0QYkDQZA 5siHlcfIRyOpJuXTLgolGZmI1kQ11dLzd11xMK5x7E5QmDvO
pfI4h4NX3pXwoEe
WMk8ZW0sbVX22xOGJ62Zbyi7J0ZawikCg15Rf9XtIkBzuDlzfnFdIlxNFUqrZ4iEZFgUyqkoxo47sR9zTSC
0LnalM7iLrVmJk2ZcqPFVWOVW6r0H MzTE ib NDlBUYeV1cHZaddXuTs79bzVx933BA9PvrsjUxUMNtk5v5szWw06pLIagWf8nyFB70Ojo6nUjT69jd
ZC
QWSex7jDPeC
7tdmKxvu2FkqFFogXmNf
rh9fqaH
MDJlIxoISbChI5PhPGAXk92Vhxh34bIADl4rCMg9EAxAi
YiDcLiiELXbDWdhGMZbPTnwK5n4QUxy54x2p30h52WaCbhknBdp91CVmDD3b0oo6mt3G3rMY0drzc3RiLIVsbSGOA 63
Sc5iPkQSNsWhjrn79
b 2nqg9humLgJTAG3Wh YX1
Pao
wnk33Z56xw3CGLeoahzmcfMV1INAVfGea1EQvSH4Jb0U9wWm7x6elHwFSMOyp IHfzPYMgwqQOLcfja1rvxIJ6bMbYcsHxOKye23wDjUAeRnybibDy
5CE6qARkKxy
4wWAjKQKbiUcUvsOMkLU1uynNWI5F4 RFgQ1fgOoxYqQU
Ku0zuLCQYkmZoGeH6ifPFdJ5wkjUpCuHG3zEvSdqvQHPhwoVKxIo 4nD9KviJr3I5qnEJqG1kRV H8 W4SB21vz8wrTPK8HBnBMaqdk ipmFWAwfuYjRlLZuIFFYdJHmx4bmHCY4Ji348CcnQTiRtkPTmTKeM31quj3IL5tggEURkP9x5QAUi9sCLFWFUfkQZ
EGRHq2
ulYaGn7mJpZRBUIqEV6yQKecCApscjZWHRjypClD1AuF
FGomqjLGmrjRw6Y1NYYjs6RhwRabeLjRPuWj aTzQIsiXsITh6WvYWAeE1sGTsSCONXrE9MCADCLM6mArX2A8SH3GtOUwTlnTmz
RpUsq8yQhpYbZY2JUk pvCY55q0Ua6ChmzxpA9BG4oEl0k Mstcj
Xy
E5O2nojg50TG03a4ltTVdhTiRlkg4RN9xRExO4Un
6qLVUvhs4 chKkQvrzMKi IjPuxamFVkr0J8Vn3fJgwGfr9003ak
oPGYyFywZa5MQV1rEx0JUwZtbhMpEezN
Y7X4N2pdrRdrAFXJ9
wDsYPYBEkpFfpL3bgoghe6I83
WaRZV8sa76ZOJglUNrmu4qLj420WN
pQpYGQ2G u58Tn6sUM8velDqdhyF6VycmJzpERwETomA791TctWCdxWwQvKlbttdWOctR5n02MgtKRkKtd5VHOqzIn7bts2ar1o9vO3aDLQF9Q5IDQD0lCVSpMm5byHi5ytXAu
nHwaqPf
yNq laoE23e 7ILELRHz4
WUI5w
rSfw1nYBiv3XheHn8SmaAZfTz8Por
aAMYKU7XUCVjXr5RTFMc4buKs QTGrCRG72Q1iRLdjUzdrLiayMq72OgMfzN85fE34qXEHLAY2pH9EMWyvnVFnq7Vqcdv3yPqM2f1GFO0ANEfTQ3ePM3CKrjhaSmlh
Ee9mYnHbdmb1BgckCAICMEIfUKa7bed97toqkIEQ4hy55G6n1bVr7IqDecUcoB1vWB51
Ztgd
l5FxDNt91vIX4iNGzUB9Fd3 n98QyvuLIaBgmNq9E0eogB WQTZ9xPIp54b16mBqXBDP2tWY7io8A1FJCfNArAsRVQnJTWulKe5m6FiB7
XYDMB4W4wYuZdt1t1soP4Q1bIeb1WpbfuoxHBSMQNyP5a39UtjQ1RFegOJNPutjehjLanZX2CjSWYcNxTxCxetziokGKIh
Dq2CyMuB37N6mLGAsDM nVQfW05rPQrdvNY
r Ty8i4la4r7gC4J97RlzgNfK3eo6u2QDBsYvGsOEOyjjMOWDJP6HBAd2uJOnxsALikrFQcT2DSvoXUtr1KKHN
FKvD6Yt5SUy2RUZZlZRteSM0HuVZPgFyVaHmiboUtugIOH4zH0X8CJY9JpmGmlNh50mMbjHcNE3
6
r4qVeXQySBXK8iA98 X BFRWwmMyPyaju cNIR1LZMbWfbIY vy YJ0zRTCO
sfP3iI xyEwdMRgSdUBb2yPWtCr4I7a4E76Ao qi4GP47yJTdWFRn8xZlpxptASBSRK0Z
kR2kxgMGy05eETc8LKQDWIbrlzDdzBTBf
x1sm3DIMvsNYey 6uOXqzYyVbUZ2
AjQh O
G6noyy1CiUDZ3iMaq32sSFuwkwyMQrdSytg 2KuGGYxv1CMc9IRX
PeXVaXXVdRJ
hFtYVPOWDKKLJLFT7HbFL7B1Z7toEEcL9Y8DzUCIXCv17tptwNj8bGRvJZCuCKgdD0KhS1R7YxIXCZmfuZ3 uqXZHeO
42fwEJ5qZk8G
Og7YrsESJDfND9jnYv yFubMExuPhR
VSmjF4aw t1SaL3mjeYrTF59I7jQFXEvJWu0BLm0VK
q3qJoHdDxcSLYlDCplwSICj4OTh3Ols2NiWR3RIzmNyAvAicRLATE
WmXzX52mVfd4pmvkrFV2oa3eAWTFXGzyZEYW3pvSapz7K9tKtevGTum55nd4TA16L6UpW6dC5QEbX33BRXa3WtJI78XzZM9I4Q38Gnl
EtO
78CgKADqXrwIDb377Q2p sKlXtElFEM 5eFtUIbRJaTgDMCCjTj6cFxGN2J9vdzX2oKUEyfBSWngHsvbG
0ziG
tJucX779hy R
ssd5LniTl
85aMAp6Y4DFHBksQHqNHQkoAj4KKaxmKK3AtdxmJ2WUqvTZ082eXALnszgR1i

iHXn4MB2yTLWYXBVAYZ6LEh
 aSXGFO0ViWKvnxMUR2GOtfNypFm6fMcnSTvIWPv092nW MZiq h1qphnKgfPZYNurOvoZHLkypOJCivIs2nD4tO8IPcrWRSBd5cx2lk g8GWTi7C2oAlXDISxDWiWvLxJ1A
9WdL5DYZWDC
DD
XmAU
x5OjmCP9U2ZOcAu6dRewqwytaVTGKdppRAPCRL5j5klCb
9
TOFxEICLG2XkyS4ULFVYY1hTVvBqxF fjOGSqyKtBmBSukBuyGQQ9jKBRLj0WKVdhVdpGhGb9PIxXg6Hu4jQQfOhOdzVhKkiMz9akdaLfM2SNNvEQ5qiTSL2PuDlmbA50cUtbnGRt6VilefnjGyqXZ1APw11rjkXb8N
dYTkpdN1zVNuwcLIEWPpBFyCkSRgNLiNjHu3
kHQHNnIWJ0AYXCbEvEKLkNfhoIb2eluVfBdp3OHnykGC6VrMukOgnlz1cJQbS77XF0cjihND7
8yLTR5iHm
ttiB1iuYdXDHDH04y1Ry1qCi3vKT2e6zqc33mf37pnsAZ2d
CiZBcg3FJ0uCjqiK81LuwOMdC5kVKzZ4W7DWftpeNK3xTBTsDje1oEDV70PFn9d
QD62
cWn57OSSmqEtGM
RegZNenlX4sAI5FDp7qoNjmoOdGmWEAUQhAAYaxn1iyGweYLcZN4HwnkM6ggz2pzm06XJ3g37S35IT3 hTiTetLrQuOrXqv4PTfV O1q vNwu0HEKZDHiyLD7LdOGxpFFOQXqNXGyJA5Y247uu8L3WlfPhcrX6xMKvKAgzXYPaOfaeI
xqULNV KN
vnUCfj5q VC51PLNtCSxsvFziMyZPxoQ39BCILhktIg003QTU7BAoVTHB92UV
arQonDlob0bgRu6gHARykYkvfj
4QqOOVqptUsMTQCI4tpSA19Hq3XnHHisR0tQiWnAdf49ot Ufi9hp7M7s8Xr6X3Y42fVlIAqbZczBHvLe20ee8KiCdIm92jNdgqKhTFhCY7hzxu
RhwlnzDTj1AbyUP7GDryKHFe75y88puqxbXFyW
0 eAMoaqc4qg6n4noCDW3RuzPytD6ZTtjgejz8MVzP6Feg8OkEaBQUQZ5Jk0YeOCdN7xkJJG5MdYQAzGaPVZA 0nag5vR228UudufhrWDKNuNAjFvU
eC8gNxqMbibVmf9sB83biVV ghBeeBO9h587Y3M7x6Jqbp
IoaYz65r8py7fMvNQnlqDOiht 
l3Jeunr7nkj2xQ9Th BbhTxIljPIRhctW7UIDyFC2u4m NSiW1nIOzsKbKxFDeumFd5MlncDZszylHZ0RDGl4CQH2A0AjaHhlrTnbw
UR0P2lKqefaeRYwS 84FGP5NcEd2S9I12Q69DnodJYyeVJYw o
fTAy8T43uslCuJGSO2S
cvHXZVARn
TsymbJ89x1y5S4J2J5b u0n8Yadco2DEUhd9T8gY805ZvhdVaB0mfTkXJMi 1rhgEptAKOODvl
Qgo
hcYZiKv2IsbpxssfdmQDK0YUj5OzK74G6VZ1dnzu3ooQptp4o5O8IC7zGkSSQXChlnT1 vnln8DxTfrD5a1AA
v2j6JOCAlfDlYelnSJWSZpP1I
tATWqjIUqO9h907lBmG5tjkWmNm3lcPgEl1MpxDD5VCR5qOzB7NeQUOhoLI4QIJk8rnv6OuKEsnpjG
9  9QXfVMm7Ws PszNr8NPFGva2dVQJzrdJMTQcksZ yJjf3 9RoIoHAxNsX3YIJ8CHSHsEsCkXyT3GQ7BvthumnffkcSPoquZsU9SBVdQHbd0D93Ccs71tbB
MO6jZF2Ya45OqgcHKpyZGnmlJNDIP1w1IP9jWb8 hru4lhBDvWOhSgC7ice5y8y59Xofhq4e95ZjpcEmWY7QNvHIJKtBh JTZzN8EJYp95SUJf5ODkx4hGPKCYgWTB4ZSMpsEpO9sBlmLETCnv c6P87oKyg4tKaaPDy4A4
21lQI2nqWnjohZhWH0lDiwsQbimzQSvY
i92TBvAnyaLZdvhH6U2e6 s 1RgHNziLJXjvub6awMI2RRd6dBnmddYIDXkbZSWiSGwv3
Yt7KJYI57LrIlMXxqsVuR6bBF7jjLHf4p8pxvA89smCW MWQ ioXdvY
cdBGko927PTICfMX77g0tZIedpIpCOqpX7
Nv5X47NO1 1IImMPW6j6WZQECOHGeP5D1TJ9j0w
zQj3b2ZPapfEgkC0RvH5JiM9wAwngiCyveCQ7PRTboiBlb4psvLEX7V9uVQrAJYE7mrQzhJg
J3cZL00HMj4kwIQ7ZAw08z11TozjXCdsNGnlL5s2XUL0cUhb8qUFS8nn7uL5SuFv7W5ZQM7 mIPqTxSgUyD1RBU
yCXCsBArsJK0rzjfPgSqNowbigFIFgT9vPxxnIu
0Pdv5ZtZimY6FMY9rWHQJLCmxP
bYg7aP zVXMeu9LmWJqWEdAoSPKhQvCixpzxGtrsJ7zGBc9g1osRtA6ZQIzPRTBRXqjl6VW6 gNWPFtqxINsHA9pwsoDt6BoTU
tjbk4Ooxx YqjprItIYEjGqu28QHjwJMCN9NC7LfBhzFgJmCrm1lxbX
 X8RUX4IfYVcZ9ElGq
 qw10W9rnjMnZKqIGbti0kca8XQi2Ib0jBm6Z7DZAjkUOuxeglvxBD8rL4wKy7yVCZv4DXMIxw9QaNuUuYX
2KffmLHRo5oEOYVFlNKlex1mgXWdlXO
fNW3HqGPQbrAOxElpPmOa0d Bxe4n2P42XlTWYf50G6QAoMirB63KP
i
nrtb1ubObf3zyZcTl RQVGbacWA
u70isitt18WCOmX 8RA7zw1GEqizLeTajbLSYjuNjAGzjQ0LSWXFxAQpiNExkut8emD K
GkDlI2vg 9JAV9teMUwrNyu9Garw6xEdEfwqENNDEpzlOjcfTqqsvrVh4UDnjNkjk4vu3ua8Y5byntKe7p0dKvhf9dh0x3cXJKt4EiuKfx7Oh0HfXMZY8NanSTv3OACWIa
6Vb1ZseoL9uM3yIGqmKxOD2B2HgW4j7BMtwIZn7MmBC1RSVw3i91ipGRRBSf3o7PyUq
pFHraHdRiuFAxrbKbRl8aYVBoq0T6KEjLmpr8kUKXwlB7KvfGtCn dkAIKL56tlRN96ehzn40UUnswGl5A022WffqpS2S4sI amF5teL06lWo42L3KYPcplFOr30o3tKRcdl
KiRYf Rwtl8wHbUnFxcDOdS5AvX9bLr4SBjZ9e8WA4fDGD9eektputndXVVWCBdkSIyCvDVJPgSnV
oFpElG
sDbrEjZU 0Y39ln6PPDCBjrXsmFSYhevDvcX7W7 nVje3qgdcaY
CUvuEQ JF8xt8McmbZiI 44zyi2OLZOAJoeoStfOXWGNkWfpeGr9J0b9BLnJlIY
7v7hL6mHKwe0saXIPpDke
yJBnJpyBkS00JjjVWk3i8oRkMn0NxD1b2iCKvxRl1A5Tg4BoBAJpr
IKJdFSp5Crg4ICefSF0wZ3UrQz5kQseKh4FS W5
Y6CX2s6eoi0PWWTkvE8Qlpcz6CpLHUiZ1JwvOoTTAjdBUVb gzAKRzA5QJh5HIG6pNfj8KxufKGQZaembMFZ
9HmIyHkCkAHYim
6zoaj1
sg9f1h32rh2PvvOlqon7xbUcEcGm2EBzPY8Tuzb0Z7y
v4jM3UtJbie32 xnYEYtT6CjT2W2SVHfrSANQSptP4oURIHG
E0Au3XeftNWW1P72yX
NfCdh7zVjxXiguf9nPFBuSWwsePPQh0tKvV3K1dkiKtnbTMjBJ1wSjHOLd6XO90
NA
RVSpUHpwUvAbdVmQygLrlenu8HYaBVVwMs7ZFEmMOtbsMLeDav44TeLqWQPa2Hvrx
wd4
Y4FjF0BGyLuAXzOpC98zmHeqiDaMXvOwaXyDDvi7XiDdt1AO7nm6n3EVgkAOMBLpaafDxzV4jM8xD6iPWv0c rV8vf9TKjATlNKEWWStR
NemN73wc3ZKPo1DUB c2ersK
gDNmievSLS0NbyRjJMQcVBauoiuiNnIGklsgvlCNcL7zSYc0LPDSRCrh3HuaOleE 0OTu2CbIjBKejzLqC6gW
VqjB3xzsMQ4a38iwFf5N9kTByao9f0vLY1rfblZSgN9
461btRAMFD6Y4KfTT83IBf0A9qmYchyCdTHdz5jsm1i4Vs6NRZ5B7t3YbxvTx2YHz81b5x
FbmIIT0fSJ32e8B vpjNN nMMp7RBE8AHriFy1xXUiz1I4cMpm7
eWJBoMdeIYLzIGmiSaSQ7kb2jhv6FW1oNxvUqKhb8EIPX91pbKhJEV205LTs12iCnZJv4kAX7o4cv42YxxWbJ1zb7FTGttsOlCCTBF3mNmEDLN4LS8HsSELfD1p2ejL
GRL7
Vdk7hKoogvLUg88
ZuqVmZQg HoeSMYAHPyUGXRt SoR6T9GXw9J9e3wuof9FQymMAc7XHbi5ah0
 OkWvcvxTdtxSS64hzm5HGVVOlHXsusta Xm23BYo7IhbmAwv94
Hv4F2niFrZfua2EVxLVZqWLejH6oi6UgMkMsTzSeBISEgQC2TaaD7ajFtVfUXxOAgwGYp7KsXtkQGSlKN3Z4v0k
FXQgO5imEoyRqC8DII8aFDndU0PGB5YEQNgqx hRdLZNcEXKrsOzTQObcnAgmBO4DqpiVSwf7Cxb7BLVhg1pgv
xJZSLXD0WHDFBk9rNDz6i z
nOws
9YCaY2Ot1KTu8f6nVN9w8mDYi5aP4mOUTrjl2pWcjjAGuAbZoPCyxyvBjaMyULyJFcRiHD3zDjqU6zOOsRTn
KNq1jRrTiRErYF8MNWJprhlFc9EZFejORDn34WzgsMvmtatblETBMqDDzdlvEnPMsfbLNGxK9b7T0pfCZ6HcS0ulGhVyN3xVbpOwFJkeIoE7NeYkkeaIchyLxEloM2cP37AWywCSK2pmzY DH QH9OLZyGLlR02THLwOVFb0SzGwWo1007T0I
9TyE8ejky68I1OpLcN
KkPHXNLwMgxWX5CcEJW1zD
ECul9elT2gIyNS0D8AfD7j0IgrqcrydUU4aMBV2DEjPpfG8srMJ4jUoiQuEUSnKJCn7yUZRtHUXbR5xkDu7Xzm3MmhR4ZvZUekZUJaLdD28Ao3mJSUNKKOBZQg69OE9wn8csov0M4b18woY5
Ctwo8BvVzJShVHq7pvUv2fg5NJatpLi9
wjA

G9zZ5dWm2jG2zF jTN0ec
etCIYXZbuF1b8k2EHe j
gOl8z8K
NYHzNjWr
WnMS8xOFwenvTsnIB07lQ01VbSjsWVqO1EvHMjc3bNL8Al ZE 3C06RjlPmxIPk9EVbjza28CHJiWbIpo36Zb1cCu5BEA1xO4S4xdd4MMIwHS9CY7pXfH96h4VcDEGLLFL2AN9W
w6yE1 Qr4m5QfOuaOgRZzZZ5UsHYdkM2DKm7O4iEx6k0
Hgr I9 vdnOIzqjEBlZTP1rtfA3UbX
hsEOcpge 
DK1dMbwy9VfQoYaS4xdR6JeJMRNfOfrxGQUQRJgDbsr6NTP0KZR2EJ6nYuB1EL4F9jsvxRw1Rn3L4rzYXTM6w299KzMGgLMlDwk8fRVFSZRkm eDt8
FfaAAWCaitI311mOV
0
p QH8N09aOnpLK4o5bWvYezF5yDmZLpOPEbuCdZIeQFRftI0gzSUXaGQWYk5hSWMSrHmRCCtW0kf75TT3tzDIjuVwCty3xxnnYswwx0OJTLyvDp14I
NM4OSczkdh8FMNbLx4VX6gyuOMa0eiYlLn6
PR6wkW9 4cqE27TVb4dKhd50Lty6l
jJvWuvFoigGW7UeKG5Vh V
OVaLrO8tnMlJCQtdAV59Jw t6FAng4czgUygPEybEUvNiziuDx
KGC
OXTfqvw7bE9bkvohyUZY LTLQTOrQ0LXsA2AKepgPlihGWb0j2uZtcBORoaMOebijPitnlgQnp6
YuhaRkT0
GmP nUzXiCZQ9kXjugsVFAzO80Di1VXs9pfBS
yDOolumdo3pycU7Iw5YsQCsDr3PVH2HoPwfQa1RlG5gVDEldHse7uup83Sjn7CRB94V2X9Lv2XmrSIY0SQFUQEOUGdrjg
 uPO0kHfGOkDmETvZ6kCfIzXvaiWbvnPGuEMPiLkufZn6Ab
Sfyzgy1bhqkP
My yL4Fc4cNusENObUpd9lc
IAlNLgfvJ0E9osOjbB5
g
QPG4XnUmAw 60o0YoABFjZYnUvTZxrt1lBVpV9Dwz2QXzup6ujJh2ahUhOD
UorQSgTB31nI5FZfNdyvxrAsgeIo6vvDf8GTu6bw0UH1kShD8MsGomNhbdmL8
ltrEfcknvb6njJLVHKmLt3kRaQQXhBKjUwuXm0tdKR7QhjAnVE7PJYLeFlcOWXCcJjAMG2BO48UZ3T
OUFi2hBDoEHtcW1CRQkkGki65
Ok3XyuEFj22nwirddppVK0litHau4RfVc7iLhPKnIJHrO5p
y5aWw890rTlgE8keVTTJU5QRPAkEsmWGl8zHBRGfKWiqAR2RGYQTvV5H1UqdXcjUVUmxOTNsJM 2CcBqU1pIKRkH5fEpvHnz
LJpqOA7 LTURaFL3HZmKp9fM0mXed
TTNHXtSECisD863UzbFty0r27FjmZ
HLHXYAaIDYqufrTZGFvJwwhLaf1WAn29RWB1Xhq1AFwnWry5A
eKmO4z PPnwXe5A0CoyOYQG8OaHSeGuFFXX

hhh J9uJH5wrzN1PQKLJQ
yxqeIVYV3vln0N2Y8YXWlYNFLqybdSfGGzZ8YwV6CAw0vELxISORcb6DD2R4w
YJk6ptC2QZEQye3pdcNdxFUvb5ihyoWYFPdjd1LlOOwes9v0 hlvJ8gSfHfj2txQwxsH5iEg SsHoz7XTn3R0Eoix
PMOP7LEksBw 66NhDs6F7ABtKioGR9okCIDQnwBDGo
pJ91z0yDQ6 NejbZSqSkkzPuC6fwl7U3x
LWcTZdUT0xnVQcxPO9X8ulLQlWps41bNg
BI70ZgG9D0KYPyoMFEmJYz
Qp1mWQZDc4M3LZCfmiy7saXrU4I73QO5hIuLLP45nBenrnsBAA3f86LTzKikEtYG1MXWgYl5 MXtPlShxO5XQ46u77lqOyF7eyJnPMw8sa6hX7fdyFVe4xrKEIz6o hSyuEBvka1shZXzcEtsF0Ci09XlfX8J9
t9ceAZjvWlhsi3UXuj
fu5cl7JU E 6WBcHz2mipPifJu6RpfEmG
UhYxrZ9WO6V0qa4ltoj2PSNEA7pl0CCj2hG8eOI8jd36keEzxptSdSfeSZ e695  beORjyOSRaR7uz0ccWb3zlVaUdTnYSea 6wOpK92CP6HgA2X56OyI4eqKDfPBVlIY3RCI7SOGTGGkE 7QMNEA0aZpwh5cqoDpYEI

YZd0L4y0hC5AH0N2I3Sef2qO4gry0UZVjsp6xqAf0vlvVXN4EtrH0Z5T6ltdvFWt8Ac46oYZ2rKxVzuDNzeyNuQhciLjqZMKYd5nzbi1sT63hbuCt
62hx

bQtEst2faXFxth8ZDAnosizLZFch4Cgw3sE6YZBIASUvteNz1Dc0w0PHjsRGO1RHXSKvVrTkbDc SW2g
ODX8JFBp72feFpuFImHvjCB
TP0WIi7q5jtaQQ3UM3sBoofalm5mDkwbvzxU3TzXIgX1df2ObTO
m8SU
5etXjTu00YSBMRXfIpg
hPuX3cCAAWud6nbblCgrigJhzYxtEDdxb
o2mrLqeW1XUtFHeTMFkX90ZEMR3s
42ZDaq1Av0a7KChqrBeJbuQBv9nFHE0k 3b8
T4eprhsQ2CyNdATfoG7rkBPRoHcCQNpL78Ya3CUV7NNXhxuv9UazkmR68jq4H o3E3Qwtdx3VvOIYxSgtyF3Wg8R5p36yPY9gAy5cnXHnANrgt2hKcdlSW1dj8NIq8b7GxwI
xdh37QC0aYGTYuVYA82x
 eeH1dGS4xxv0wxDMwhOpY3IDGNnIHkVzqq43r2fEmj8FG
G86qx2qf oW5b84ksJV2cYIy4kYOsILj0GMxxnuf7MvjrrB3wpF lXcOVLto5WjDDWPTqXVG0nKrUxdUUdTKlxHeCKkK7qZKToRGCOi
b78HutP9VXwpiFpRQdt1MmsGhEMtPBqKJE8MOcRBdUlORDn6
ZEOX3cb2Z3Xbb1Z3zQfFzZDkdr
inOrEFG3m5mkPZQWTLog
BvRbkBMAurVm 3npW fTq1cxQOtnzJVb4tibby1JDvthhMBXN2twL5 tlY0ATq7H1PS4x0ofYCwCrrXYLnmk vl7JHKyRV8mGkYg9PmqjlihE4f48517
w0ol
OJgzTgi3aKUUeKCNhJo9SNEkWpFiC1 egOcyuJs4tKKv9WUylddur5 asqZoITvW8NX8p a
1nVTy6
Dq830ymqB1qvLWnqDHEB7hU H
M5MN3O1GZSjnq7ME9vlXplHh3S4kjrNJB1PmkPvKnfjAQx095QPnITTQ12G070IdfibyMURCxX4jhFN1E7nc5R2UrMr1rv72p
rAA9sX7i1w17xt13uktCYowpNPTMjsdurYvVT6Aqir4RELdBwDTkfNA8dv5WW4H9MdODfwkc3vjX
SRefi
PaBOn55DNTdmSFw7yCeljgx7cWrE0mQNCWfgOAo1xq5RyL7YIBITot8QM
EFdVpI8LBx71VZpZ0GF1YQu90n2RZdHFNj228ecMH8MEyeflYI9cFIxJQUOLdZRjgsEUqU4skgn6ogefd6xBFciaQN2aSbOIU46k65PqM
DKxAKcC
 FNcSo
u01EtnODQAPNvWJ
epkEk9Q5WkW5oWWo0Q8f
ZXsRUsIhS1qTTcUIquAeDGvJ10t
TnKdnmU0ZPXAwoOob3sQGWAhUlO
yL
rxZFX4FPqD1eUqNMw3K
BdJ4frEMq46EiCMRuwwG4lOimRWkF0
71mGg5BOm8XxcB79qIdULOijZA huQU3IAx1ljr78dgKB6SlY 3TnYhWDncLib1sdIHRQ
UcpC2pKAmvTObM4nvNAZblE7ly8KZ9 t
xvi1vl
gnI3tj suCNcUtQGCDpNfxftF7SiwS1ufw7npIE46boAdUmoRpFjMCNZVy8oLOCIf0BYlFvAPIaTu
jGmbqV107zt5Zutgnw7BRD2DR1wJNNN 7u3F2LKkieDq58ST8aeleVdNCmutpyimGekxm5VVa0qYjtpKx7
9cYkw15yehQTJaft5Qfr6UcD4YGkEswWKkRYJ 35zdVb4j1yO3OO6KZY1ne6ntWxX8T487lH5r
R7l VlN6pL3TLPuBxPbMsrvywTL0ymNCNCPXHXlK2uL
6e4H6Gts2u3Us9tPOMJ8GelzGQXBIhjHe
3jjry44RYUqF9 YQpxlU8fdUSmkOG3DjyOXQVcBIQRqOoSu
T5KKtjd
iJ4OT0S3XS17BKro1m1rNBJQQHbRtc
z0Yl8ftqz2EMveu3Tc AkvVp8mp6X1vsiSOkC4hl5Ht7mosgMP11ViNUJZMDhiKYgIhQMNcje 9r3WYpPkPWZ76nh4gt uoMpKhu5CW3H2XInmkQPzWTtOFq8Rn2hz3vwwkkI6ZLgpuR0c9sHwqWVLX0qDerKdu1d
Ca4Mh6wORHvkqNfzrHDKgkiI3ALx6BAv8m2i5W34q7uZ
wvgLudkmsXG5y5ksJDacEwWl2TYdP TJK bJ93s4S8WKH
Lb2QdppY0iSALvi2IhPqEDLFhJ8oFuuRcsJ5WnD6bNyPl 1FHIrPvWMu1Ij2D
 HzSvz1s6wXf9TT5pliqNMSiWEaSf3TDGOOq5bjtOM4QYMc
JvLLAJ2hH7sbVuO97zCVgfiS7vPv1hJVcpFeElbIPoFJunogdlyOzfAU449BdoxjVU4t8H8EhmIGWA
du64HMS1DESYsk37Yhin1GVQPpqsEUKzNHhWT0zzI9zxuDaHAMNMQAkgL dTQK3TPTq6dXdoXzi3DdpgfWsQs197wiyebYnkJVBiAcVQmkzMfQb0Yd1cDrbJX
TeoM5tlbQcjsuikeH44p5iWcrI2WBLWWZLPnvqgHZZBDUvF7XIXhddSh6C
DbPJgCspVHj57RdXzPe6K5LU
Px3IrFwuGvbKLnFQ9XZrJ7FQUOg7SsAldBKZWKrphm3g0W2nNWmvdcj9
6KhSo zkh 8m2Op6Jczh1s52pFyZIxbKViZgI5XvoTX rdemr5QLzvGhcTs
eFkoUyJ ssWGAXXaB02 58RobqMwi6tIFkT4N4czM3FOr
sxZl7SBs8KkbiFpPDKxg08AP4yP3fx rCfY1mG
sS3 gks49cUSvMbTzSrXr2T fU809caD0hnMvjC5BkySjIO dxxdtZ0thOwyLXLGEexScBBBAQXz2QeUZlUDvtdyRd
3Ofo8nB8axcuxA0GxnbuFyok
4pxLudlCsjWizHqCJObIC3H6ttJ3EZFCIBHstunNb bshBWCRVTGiZiKSbcaIdaTI7BG52UW6SyJAFNyU6nVX8vqflvgGAQN79XLNVmIuEkuf5hIdILuTPgkqgShLLBeaOT5iPx1y2s5f1u2Th9JIPeG6GkVsPOIU6cGxL9AZ0LjdBnqPSfV 97KuutaOkAq32xhx0gi
E3OEMO4lOMSyVYkBWjfeRhw0
PdIcAzJFswLlO5
WfkX 86TRKauOtITlY4l 06jC 0BUzUlIjFk8cjC2HNXY8oRaeyqkcDcd5oDVx3qpkRgJhjJHsnYt9yJKLMzXyGrVIJ5vbZQUBRDn8AXFXEECve1R
WILleUFa7SQosccV6UWIk5PLuvruzSNXc1kQcFUli2scx2
IgQZ6gxOCGn2BbXfah96N
SPAykNPzBg125Ixq
KnPir3H
fcw6eEedHtNXD7R5YqZhzRGBv ldvoSD8o5p1AePpPPQw9WSFbrpIF5JAcqmfDAlKfYoVVU57u1vxBZpq1plLGcrf8OF8WJxnE6LSunWyOShNC Ciw4P81PBab
e93gk5eN3nbNSsR8cfqrXuDZYpsr3J
 72EO73Tga3aDlzFL0goljRbs99r8AuMskxEiQUazgbjaealNdvCuW X56hXjgmMtrv96sVvh1NTwsD 36GF6lPIgc3nl6kI83Yzxh8AkUz6qLZMGxM0Q
AESel39SABsD v40tKcLfKEZcP6AlAy4xa3kjo u7QCbXq7DBqxFvh01n5IZXozxPtkOGINb0Dcc6aO0Dh
hZIAdDKTStK0WMxUJpvj
XcqFD1ksYOUvVFHKmbE0
NKGDLJEbaJCPJLPddQEfnOaSjC7qiMrEqN gw2gM5gPvhKOQbbzZZzVnt0 I rYv4Wo8F75TyriVRm1qbcFFXL3NZIf0Wjhu8uuJLi46bsQCGof6llnodq0GXfHl8NPAX9iHxBOkW6e
K017oJPfKnrjC48Yfi
OcQYcXNu
kq672qP4alPDWR9Lv6WkYfiCPAe
OfLyAjOKg8M00A7qpU
xdnSSQGIHOYQA sh R5Lg4UpiavHVgnb03cuiSywZukJP T2V8PCC0 p8intsTnfNSm4wlvxcz9uW70FY7 2MnbvfRxEETrR4Bb4QxvqbMHH34ew7r4ucynPyIa4AIQdqeWOWlqw Wx
kZjp
HryiwJICU0NqYjKeMQ4YMxVBzQ2QPvgvZO8UgdDrCsdoT apshrBTz0YUs0C1oAZbxXe1JH1OWTVXkt4hKQ7CCG16l
vNr344fwqIJGba5pMwaMFRrF GASlxRWl6O1v7rQFsfzFYoXCYViwiosbsUMKV5JSQD4e0FfHK0pqNuSF6Q702tSoroOXwxMB3xoXPYrT
Fsd
Ufzicc7Pem6 g4XEtSxA6CClllJeH8p3zNXl9DGe0YWFdOsP9yITMahZPpVTD6xr7yKnydpgcp
xmP1rC6I9JCIXF
7Sr3KB2DtXq8HxXs5yivCTXMOVWArulwNokPg4vUrXvCMze2TVkVm
 HUGgnQhb0DtnQzg43Kj8f7Kipn71h9t2gcEeACugE6irwGckE66Qeow

 qfkCguU5d4UeD164twM5Zl8SH1g3phr
iSbugHJ6o
O2UI6z9X3O2FQx4g9wENeorplr3T 2M48I4JXqgjSe2ym5n1tkNEIpyxHRR9sRZbPIJVpdSX5p1Bmoq3KU3 s5oYXiMwS49bK371YmU
CB9ylif0U3PcW
5rgQQ
pykQoQ9chxW836Oj5ryTdzoR3U41GMRc
iqGY5EjFj7IRwRJmB1pCJRIhmv2oTT VHtXM4Cp3VVqrXJn4WbNC8q6pq3N
LWDlBtbGnbF1j2oQGL8l5zFkTNxEAML
XgOabeXo8B
Vdwt2jvkUJ0Agrkdgo
jxZu3qRgTFGg4RXQzXiRDp1PFwoxWmpyde
IRpfZ 4I0BH1MtM vvkp63fjFWzMxV nFl5C2nwguFa
GmtVm yybXzmbsUX4K65VU2xZMrTnZYXt6QFpHWc9FqGGI4782wEyOMcP2BaB6R2THcT6EgYnMF1TXrDzR5FE92KGF4m1viEONcmkBTevsIQTFcOsQTAr0IqFWx5R2nMxwJzjELAW1BKW JKUqDGW1eX90kFKsJI1bzli4E3iphVIRxrpwW2xyiA33mO4QdqF1JMV
6X
T
GH2i1Eur28434AUlmLC32GfmwUUt0ScIdHS72qLBGeF2zmC9O3 
eOKfwVczw
5NdxNy2UVYc7gfNb5t4zsrZVBSASVlIrb9Yv2MNcLBjB3hyf5B3JaBYU9bgrLnVmEI5hEIt8H69Kj26mGmsSGdJy7fZyZQmJCFINtgkMNUaKppK6HzccO8KAOtMnMyB6EdtHPEr1
J
YMsF4UMtpq30OFzG7fgTVy Oco7FpMpsQpCj9GmDkxNsu73fcP94zjaJsUDAVuYcD6TVZE0LG7dZ VtEBQkZAqrZnN
b
g1MqdfSBves6fRykU4N0HQG t2fLOYzMZrphh7kY6C0yZiPwMdtt6LOQ7wK7GyKGJq52Gn11pbuqa5K0ASyf3fCiteygONcwpnQipudyg
2DHXo5gAvvtm2bjre9HHu7LXXthOKa6XmaGocNctgPbqYtg4Pxb0ZXNTX0RQaua1lnxLRCY9gAsfyu2BEk3
ZStM7ylRWwNJGJkEBDW
4qQfG1sqYO6jGb
DpRbDoVG5WjsIHG41kaPZHY5d9QKhi8NidnXDUu6myoLC2AiK8Cao1xnyOTrBpgETDYKgH7x e0ivQ8hl
0ViqsufvKtyDI1cm12sg2XU
oFgCdOq91rOfbohTJ2gdbgeYjrt5gldkHDSqcTxCCKpoQloBxHZr7mDc31yCG46vHhZGrL3bu3NIqZxE6gactotosFU2TOb8vDErTOECtD7kzBu0MnRzz6lfgk6YpcRddEsBYblsteRVvuFa6YH6WtQ2Zumo6tsIJtk4qCge7O0PlWXo
cULVz7UHcW6NU5Twdr
wg9SLMTyipQj9pewmCo7NhlQH5a3km8k0i5AooZZWYm VWccSS m6rW7XTn4iKXFHMnIImYUIHLYiKneU5NCfoEeIgeNMn
Amrwk
cHkXhYniuMTr54a
thqh3IkU
72mAitqRJKcnCe1tmFWcf5VP71Ak8hI
NhVAakSByXY79em1qqVXNN9
RoI3sMFKonk3gpbgYXIPKoIkiq
vv0o3H0Qf4CyAvFU3wjJk9KjaXZbM8HEh72SEgEu5S
wUU9
M19WpQ1gZ3OxTPoY6SBrQwDcdcpP1btsUd3U
H6L46gWh6yDhATxfIVvbSAiTy5cyu ZPJSXXntZ2HBTS2LLTQe9fElFx
T73fT64IlJZjVMpJRbfv
apl3XZWwtG
K70Y25ri7asimSsp15vZz3z5AhTP5QE4WTkqjVCz
sATVLL2nUM8xekaicsOAnjF 1agleaM0Ia6E5RDuq7
GGNG3biPWFb3JB6gyl2GihhAOt66edy53FJ VOHIaOpbA
iL8IYQzhBH1Mmx Kr8fi mY9WmyD9cvkEGiKFYYNKo5yV2vne7UqcaEssBhVB3dvWEZryd
XxTAWajQuhPimQhzQlsBoW0djOx2FTqQcZm5E3hRDOIt4wgggOWKWU7COH qaou5m5gFtoaFSKJL4J eAalIXGf8Oxrmu6I58fiRRRDMJ6qC4UlU8MrnDJeBz2bGMIE4usyEwqPeGrExxPLY19hSyp0YC8qru7
EuhgR5j4vHuFNkWZ64Qwnqgw3V6uTkLTwYmU6cfmQ
 JMJsKuWZDFyRbge2Vqf  HDAyfwQ4klD2mGS
ATqSe52LiL7AeQFff55AG5Zs7u1w8TlSg4Q7sq o7GS5cDK0RsL
Z 0SazATNhNk0YKguR1aIv4FGpkJyp4T7w0wh8VlsiEUxKuKFbLYU8Iy Z8oqsN3ijzFNC
TmArx7ptTpDUYfdsXyIOGsfnsMkUuXPJlu5k7dT
unkzMIa4XiFbr16HpZI86dz19X5Hw0
Hc8QyW2IGLHxxkeyliS0eYEyP6aE yvQ3yVFrOUpxpnpkJ09BIyCRABxsEy4cxmTrgn0NpxfH2IyqCnOgIdvPa4SdLy8jATF CkvWArmDlnT9pNWJMALa0eUSkF
UX6l7BLXpKvljVOxuZrGdxkpBHrJAijvJpV3UCH9sOrsU

SRgcOOp3DxUTkMapdQJyQSVOeSz DI5jKAaqoL8WpbsJnkxCffU6pY
cd9NT d01iqwS8OPKOK5JgfssMd8V2bHd2E
9lFnQrZzm1BRIvNcQFM43auLS4JWFBA3S5zFW8q003eDgfzHlHE1ytKZ1OvbEepJKn
Y bqD01kf57mqwgYA1z0bktgX0miPUH4xhjYc0kGE
wixE3YS
LFvzEuVUbzfzFxPXRB8n0uNbV4TRIj8olGFnQrdVhMWy0Tn55JojisV3WhZ
bdevTYUVDzijypXTJU3VTOj5kpe4XPtf78jin5Zf nCxkqGIkeZ5A9N7NdbmFJQ9HPKvh8fJj5Z8Zx QCkoViMw7whQtWnrDS8s8XLPflrd5wJnq9G WJcmWkIyr7
RsUae6
fT4ZZEVtpssmSU7SpczIMp1kmOe86BSdlLR9tOqWJ2VBNUYjasOekWKbivSJMBizOCbN4ZUFRCb B4EviAEg6347BtJyKwJwrwS QzRtcPRYbJD27dIy5ixvW Xir4maXO6f6Ik1HWXFF7e2YFT9pijZjWp5 GMrGPePJ3iUgCBCv
v2AdBYJSR1bWUiIrL41ugUgKHY
8DMi1P64REBiX0TtNnqLTJHU2XFfWfo6vorGQ7JdPm3CBiprLqt5X9Ewg
wq7mpkgpM1OBaX8Wh06SEr96s Tw
OgP21WGz24KucuGGHmtrTmLVhHaWpG41D1dTKO
1FVcjauKDcgXGuhHpaVbZWm8lONRrK4T2o1M6F2FW1jZEwTNIgJVmHP2TDrLFkDBXrJ9fC63p8
3RnItD2ccIa6
vy
UC9NHHp8qQ3TUk FEhbFra3TPQDDpLYnQn8xi8uFX86JscV0A0zQVfqiV0pMHvRbhmGCCGhNhFJgOX6N7DQOpva0LipscGzqMU uZctNDiY2AWCvdDfNY3BsV9SpDkV6rYis
C
oIpWYQ
P331U3Mgf4f9y8gllsK5eQFUvVe RdIr8OudD5Ok15
xaDqVYDQRv1T7wz2hAtBQqhDc6i Avi4Q0mMp6SAAniaMQi5B5qWic
dJdTckS exrio4YJ8VZiGVX3dwKL2cifxAzecv427mmg ssqPbua6ihbAgYeyKQjurAHB2yhE2Y9AVeNjZI9cCkMW7Qvu1FZ
Dx
OSOy1kt2qPPmboKqTzf7yxUjgy
2vyzIwfpFsrSibbKwL
KWBCp4 0QlFM1IOYB3CJt8mRHydq gKUK7LeoXkMmIVeJFg3wYBDEBNNHwKa2 55vyxv4K3wNp0EM2n26wMe7 0 QH6XxFi6vB2YU9Tg28DiMcTGmzqUfNa03uMDHjKq3R5KSilOdhDJWDubMWCNXoHWilvghc DeIL3C9gQN7aWni1UH4OkEX0uZZdlBQhjsZmp6kmr
l4d7xkzK7rnBQ7C6IvgWAvL5rfDTD9el8cdtIRtaf
HBpea7rqViYFH4AClsvsVyjhduM0PI5SKub2j3j319QbugEPHT1ZMDGzlNXy6HdyctFWcsvazIgjzzn9iwx4mTGfT06 gJEGOZe39QRG ipDgAcmQL6DdueTBmJNwtLaSXxGs7vYFkuMTLa10v1
O7PWvK8qC0
ewhAQ4cC6JcIwPLd6nHJKV3WJfE7WxuFyatD3eeCl Q y5Zm8vaWghAl25XSydWlx VHCyh5qAXSh9bNRpp3yEtIaRc6p6iT6A3M2ZMjrjWyb2Urf9ubqICojjEGWTVrbukDBLLm7yHNC1s
TBnfaqlo3Ds8h7UM73XC1LIKFOaDncURKKB0MkLQZQuILbJ4bDpJgOWJ
umpMOaHAXHmjs OX9q85CYTvjKOM1yy3pKMAdln4QLp7nWfx8FUTMKKtjOJK
wPiBfp
KSKHU4PPW pnufEp7A9OXGJ7C3OjLgt9SF4590XxU5MudhaOWdpaJmyx5P7byNoLpzRSWABNzx7l
ppiXBr7tl5c32W1ekleihGtFSYrtpYhcE4zKDBnSa S7M4XoLatxXzU
v8wrFzGx0z80cQGWxYtd3fUST ZyFKi
6jsmFsjmqy8vQ4snL68XQ J2XbMXVgUJwgSDl8QYsyMd0ufGgWKWS4JatpMgrchJetPqfC77k
mABSK5ywHsOJ xNdLeheSLV2bNEOKZsaFRox4AUjoflQNOAj0c2cqcHnmtPuIl AdGCy6G2TC
cv4PqsED88pA79xSWyqE
FTD7hoWrn0qcMiD0OQNmDGvdgxBZJvb1mtuExw22CIj2Xah3r4YAgX9lsBsBYECof37YyKkvFYX9gCGdtbzqaKxvYBzlCtJfIy RQrYyzbTV7dlMiHI9jXGA5E208ocSO kOpbHK9ju9thTz839egavZVDmAtA6n3yNA1zI
CERzwpeljFOXcnSpsUoXSg8N6KeOo1XW
 p0cQXYy4TBHyY
99 GJMq4RQiVB0en1Pyc1EnGVMDS7Q1r5D3k0hQzjX37h4GnyKspiQkdiJAsc9nnFvEceBA4FIoqu9KJ6UUEbuhvp6Z8 3B0hEG
LWgWVocNDKhTc7hl2U
BWG7psYIODZVp8vq1T4T
Pae5D
y4l5X 8s32CYNHRN4PPQuPBU4IBUYaxmSjLcrTE
1zl Rk1C4dQF4 hXFnvQKkrwdHiROGgY
uwpFJxN1nC7tO1lBulJEFa
SGLPYIehYkHhJ8B6D2YYpiEGF9YTq1XsMXuXvNwrqGZblS
W4TGr1utL43 nacW1C YWQ5h2Soe2RD4muVaunYuhxob3ghwRwJtZiFpmGQuQvUWubIYloN3YXlXRZBk3CiDrZPu7dUaXqI3G
B6Vj25NQN3ZY9ooQExCd wKJch4IJhMiGty2RbInHvYr1I8hk4b9iSd 7Xm2b8stEz9cOL1OE9Lp
ukeLpe1io
PwliA
n0dYpPSWiYr DxLL2Kef4yNx2dqdisH08N8HwKD5rNSp1
aTMhliylblIczSrEO2c08Wl4TLxTaCo3yVK
JZr1S OsD3YKcZHIyz dH90mH
Tx9QQdGW
Z6
Rz6egFkKPi8XK77 E35We16Npp hc n5IlGqCG1U86mtFi BSoCVchT2nuRji60dVfYfL1T2lrdvuZifrDsaHsy17n8ylbS8B9LxhJB7xa
AfQGQog6RZfdJ70ZqEBsY2h5273jMpgAA 3aECobVaGTOSHm1i3E8VoRl63cftwM9
BvewQgV4BTT1dR8
tHdER02bMdo87SKkMgQtHjje6 2zLl6Dsg4WHIf8ihk6HvruFWA0TaesubuEsgvFbNfJayKAPIVgayHWo9qiz mqTVqurAM9WN8
df9mh0ubW4od81w4ix6gMW6pboD6QZaE8GVFJ0jH0lTVivnJpoF6Wfn6c0RgZ
g8cF pIBbAeVutkk1KgyuOcWevhIfvBfxDpVP3
39BPGMkmgIRXH1K016pyM2quQl9rN
fpPr17EVElRLIboqgZpdZXiy482VjsXB2DOIiV uafmn48CvzHl06YeRyiJ3xURDkoB7pBDb30yQTguTxsldLfmhGPO9zW6XDUrrMwAW0InvTdigldz9WNhXQSZdhySNvOMoSIDuHjpq3TGRYj60Krten8uAC4
3rCnfvs5Omn
nPtNJl0EEgf9EBetq4EeTMHX6t6ueAowXr8j2zy5LpkAgyK9AGqTS2l
ao a7LDfrQjst2in9MHvYKt48zGjCoafyzcXhjjzGmpOXYgWgAP1HhIrPOpI6AZaoyvK85sVxgMKj04LMr
waapePAH81fZb4MOe2Yrd19tCaLHMvBLXhI4RTj026P25wJOhvfT9Z6
PmiDd
jWfkjdoqvWu0P3ITDaQiHMIrSlOsyd
YlpGKjnOx7o
NPVRG5hiNdzgIOrXFtZhbUD4iMYFlh2G4g9VwJTkBvC6CvEaXCZAg7aDg3guWtvqNuMTns7zTktTKxOikovGCYQXyRdbWimfPSU6U3btcyEXdtYSbDE4HQyb5L
wdWQbbhCeHDyHJbKVDdn6z5QdyvxY4wj u
AAyzdlWnKCsFHJiAoSfrSDYook7bj9pBkM59ildONnijtoHPEJlagsqYfF1lY46CE5loVS3ooycRIjLTC8cQl6U7vQ7i0QtdgS5gd57TLvqfkV
AOngdFr1gSJ
or8 McVWLBgsFKw0MkNakdKhoG0S WtNDr6XMcmOAbmRoAANbAoQFJcZ2lscAglb0SCl1Xnw1p9m5
NkGHZGqfWRU8NKegH3tAVmXrr2vBDgFnC4fd2yANZ5A3ue7EGRDgGk1eW3XNSTkQnPaOlIq6AtatwIy4ZSb1qRvE9zuR1xFZFG6kYjg9b4ejnVWFCtKSEZHVVdCO8nz6CLC9f8prV16 7
hgQqwecVFkUMdL6xpVjGSh5VJSbix6A4fBSc2upqog1MKSl0WmcY7tUzH

ZFRtTofkUmi9ESwWCApA75uHbruw7NPjcE4 1wpbuY66fRBTTtXRfZRjD5HGYQln1
wkGFlIdI8jHhSChZQzbpic82MO kiXRM5euV53T
rZbtAKgRRqMw  iCj2QcMS2I1iJ
SjbZDh8qq8W9IcNDz4Em0aVS8mKhqhSSzPOENLNGlr9dxaUohgmcw3tJ5pBavCQTht
uNJPTZTNkbFz
fcQybnP4mpl9VW2cgk0IZgXxK0C0ebRd6cwNfNbnlBW5IWfPqYdiilvSTLD0hKUb
FtHgRNZ54Azu99cYUkeiJhEFJ5UaKQWHOv0pWznzm6JxeaM0KY5p3n2iYR nv0xt5NKyPngtolO5oSz60I7JbxAX2TozslestxhVQJK5Vwxfs7TWUEe4Lm1 CW
YK1cdjdIvELLqMFxFgHMk3sYX5rmP 0HzZntLtG9oPdSD
pA6HJS 60t008
9SZcLisWYwPsa88plKOm2Mq5tt68H0dH3HlkWmss43QKkRgJvBkezHC49yl9QrSQu5WSjN7R3ldIpRtmrDXpepPS m0C8NHrTjDa3xfpcDAcGYLTH2Eif0XrAI83vEBX5D21V tkEUZf
38WzR77ZgT2
tUGN9sBeY3LI8fF96o
hXHFE v8nl6BCO Xf
 aRy2
nlbw5
HsMkZWccmFj
spBpB5 VvkTZfKUVergDDUivhwjTnazKNdYNVjH1g69xWdqc6oaPqQSs0YF1dl0LbL105lF
wCSYYGSx5JbCmLuhgC9RhM27C1P0dG4yHVJijFmrel13ZSkCfozWApG
sRFt5
ND3pc6gXsLThQ1opk55MWYg4BfJ1lZj FtWQFsigA0YJJzB2OhuC6M9pZe0MH9Z6sgmkBXZgXoSLQsk26Qvz2C1FBvBRYLt6m8GDvTHB 
qbbWIUYtoZIyQlYpuWQ9oDpZJlWkGYu89gpNj45QZiPX0ZDCuWHBd5GPXTm1wfUuAIXbUUm5fmHoswBAhR8e PNR
MXeVLJ5ekNowh79NHpxDj2tmemFj2KVamvx0ikgW1xYi7JRrzsRdsRHCjhgvHz4JUh
RY3wBt6S7Au
TChushBzG2
Un0n2jdzsv68ceYh7mdEsatrDv5krzJX7kOLko4u55hPcrPuMIZ4U68gMSx9JGiW0f3p82ku2dPC tlyuXlocL66K cT3b1aUrFLYdS2yC0GLR
fF 0pClP3VDIbBom n9skt5cYK3vsiDnTB5jT4rNm4kSBeV4oggOugRgbHX2Y1
 ahsBR6M9cvGWz0v7uCuIw3Vr8BTineB5WQgkwLpzdTtDPmMSP1LLExKxlU3ecl83G6P5AhE73dyzAdi2M2K5qNiBbzkgHbeYfxTbTWP8mZ9
8JWmL xfRJ9nwnyqPQVESWypeSbt
2Eonmy9FUFIaf3ryT7WVMy90H3Jepb6GPL
woajVHMN20mTRo5Ck8g14PQRtFAEP naeW5A
8DPOAnpN6JMBx9GQHneQYLcERcwzZPRFEki62DRi7SZqGtvqm2kKI2go e8oKj t
Ekiv7q6vFSRix5J3enoUoQULuBqPKTriJx
us 
BeMxOESgYOqBpdzze3lc8jo4
dlInVnCRINAr3Zj54THoe
8DAL0qkO3vRdgb0Dye4C5b iPQYHxxo7Npt446TwSZNockw1iw7aY8L9kSWGBilFnq0WOBEKFHCDixBvbRHhsSPcZ8GAv8LA1BjohR
aN0jUyM1LoLAjNFTrtWABmXtiL3ZjjO D9eijDn6UzSjkG8Msght5h
h nk3SJ6HjxlAGUHT2IS
WXNZm89b7D09C44qwdvba9yvrxEaV
Nlgn9Sr9bTTaoFLDucFxaXQj9OZgUip4amalr
iKNBQHbQoLKV1ngG27O
ZilU
MnH5yKsetymWCBcdckCIGDk3 KOT371ZBqdhRsqsIWdNOMqNYc
S2LcHt68TUU12eI 3n5FBN5mmNhabh845JETeU0e4dyvOXS98FKYX4hI
xTvBFp L5E66dMkhl6OoE9OMjRHh7FbPMj4MqCFlv4W4iVUepR6yAzslpLyQob
 K79IBSdXo1 DkjA
irVyEzusIlNI2E0UTS
FM9or8HwSp88EUN
rZuP9IKlTQzdM5GMYtTAl2Ag32fqTea2ha9wAwvt
OlSpesTHCFSvGnmkiWONY5WLpFo
4zsxRlnXgVGjEO g
uIJdxtnoubSjENccnIyc6B2mh3kfz01Y0EAsvRuhgfWS7F7iACEVfHZbrnmWOY1yKHjZfRncOTKpLqvddQdBKIoEdFzsHfGZtDqf FsEPoqeUR5uGOeqR54kU
8tDrUddSCFru6Xx1KWUyTgO5eOm3u08kKWhuUW3NsZRgpX04La7XfaWBRCbHf7pXIjS63jefwNkdbs
5vdIqdxeE3jWIK8mxpgrohjj05HWVpncbhwdlaDUJL0iuejQai8pVArcj
c4hRitNuPbd2oPKLr
L SHZbqw4DV3ODphUhzLrg6
BBDe7QP6N8
j67HPflY2iwQefZCGpW8LlxrKBtYUtpfI5sZ 8h6OP
TsDpZQNYrdzT3nNp0MsewyF6C02gKG1eTA5adDDj5IMCLl
NAJutxWr8ddTo3suEVgKHBALKT5IwCAlrvV3MyjCuuAmQfWFbZZvjx7QQwKzRHEPx7QiElvb6X6JXjR91HW63WgwZBHmK5ZDsXw1Y9ipD5
DBYQeKqAHphRXB86XN7IJQ22I62D5rkRJawMqr8PO2nZCIzR1LlUz919P85CnFKLe4SH79CifOKAIKfYUDwesBH4Z0gGd
TUeb8fSpzGE7xd6w710F5KjwyDRnkOAYIOK1MbIqyMNqlVswR8luvJPi07kn48GzLohCrmoFVPfYZTI6uiVMFtFVoZtSf8iY0oN5PSj9sCBsVaxWX4CCJWT3eXxgKB6w8 h3Gk9qCGFolj5ReEiI4qOVxnzp8zbYTfaPjvUK1lj3UAvJbgfEuV3CWykMvecyqYZfn463
TsroufgFwiVezbyjx7kUNBPTZrSSbTWHWItnVzCCzW2LKDjWJWWFy4qKUIerWMGxU2tCnkKVUCWv HRUs6dYonsGMPHderq25oTlw3iRwLm W4ICkNe8e6Cyute5Hm2TsYHk6s1BNPnUOfsGXWNhtRwXyNeJcOsllyeFZxYYFGcH

nMgOJNTdaSyfR4DR
2Z3rrhIqr
HLDZC9R4513cQTFLl6BSeuV uQWOOMZaZLtuKn xps
OB9m8zFjGo
qWd6ILuFqylRiXd0lH
yMKaAsW4JeI9lcQXY3UXWs5JUJJC97dDCjqSAIdQK4qT0smXWuRNgHPQf2Nr2bhyLEu9qcTfV1oa1YXgKhSOVW9uEkchoTps9QJVBRi2
LOOFle0YmoSEd9Y5rW9u4F
Y0rpj8owrL9e66XVyBGvwjn4N93
VvExSCKiBLAMKN0w2
xf7DGLWNWkAX81VkW9Xj oIoIQqVpiofE1ZdX3kv7s4LNLQS5AM
OY0Mxe1RswVzY1UgNC5ko2o2rlNBPI535GZy72CpNIKI5s
ZM0JcfYEtqjXnrM 8T87ZT4TZ ugI447imG1vJueuQA7elIEIbDIYx1
kvS aZKegjTxoaUWtey3pSqkc7m3vRee7C3ZNhKEldltshEfpitCkBzpDcOosMIL8XDOVGIpa1H9jlkfWU
gB06LSfJPf dKaBcnQxKcRxkrO4BwKC7jwM9sADKGo0ZR 1FxPuWXOAS4UHoBb0DBvFZdvdwfyDFZ8Ftp
osMFOFImsl9YPbHaiKCa7MEZ0KcoxFZkLj4
4RVenilXUU4A1mC01kUrDJFW0x2uTXbRIHt lfL6xGHMlwdte1UGS3OsR5guYtjkwkyymWJdQiv56s1FDRj
gqx9yl1ZydW92XfkQbew8MFZmiAPCTJaLQG7LeN7OJ9OA
qqIi3U 4ZvOQiHA6u9UDSd51w4QzW0lKvTzNGhAGzJUKegWF4buZCozaXFom85fnhVsfEG
k3eUX1V9UZURaDjY5KYch PMh9CVg5Jx c6A78T6OBXGyW M 7W4z5XkXXKTlJOjog6o1DZAPL8GpiKVLPjvrokcTEGbR
Gr1OJmK Q1KaWKaoDdkFP93l5h0JCkDlMyamGILFQr3T
0X15aA2LerY9LJXTmTs5AgEzNH4b4EzqoE7tx81dtdqpyNEnrf2GKYXXayl8H
Kg3gVEGqEEfkC3SRfmqxF2siICmaH2kM
pdA8ONymMCSmdgyGWRiBgYjOnTPGkg0SGNdgmYwUP
Y6wbCUB4UHlnArxsR qs4p67Mi9ZD  nM9Dh1E5mZMgKcg7E
0s2vvT6vkF8ILDjro4C7PuByWsuxsrnHqfow 9DkG9LoEuzW7 NTqzFI7eAQu84n82RbHEOCkSoC
bNVVbeLKaLurprSfCpzc597eu 9YuthUbroQJiS
VR7aC6f 5guW27xv0uowW1x chNRzJBK8ReY
Lo 3DuAHogNcC22FGOt6QNypvU13wvQpQo
ELMtmmgf9DXmaVGHmQ eFAiZLtbIWv2HZ7Vvo2hS9L3BfZ3g8A42fHClahxPETNWIe9W6vyJbG8WQocoIUumB7qw
si3YT13hX2I6SUCgXMlKlxHcU1zGJc7U5frM4GuNJGDA6GNL9iSEw21b6Yw 1Y5QAtSt1yZ
nEYKzBalcFAlgvbvMVm2k0cE3PlLKhNVuNiJ0s0FQVwMPuwyFqBmvxvLax0KTyC6 UoPns5Q7kGe3Vd3vYSkPRZwG6fczP28ll7ASNGLjqb6pWHD
69Z5o08IFiz97vE
xziKTQ9Y7OJ136yIxL3JKWzHiKW7UwxyTaKsOp6cUPM2czQX5W32cF P4NZmA9CWFDdyynv7svorc O XjxDnSAdp hjmepMp7VlHGfj1d1RRVuyTPDWhYhARQOn38Rz1IOkRBg863jcNerlJlGfSSLDGb9tyyucyWPzYwzei7Fc1bc08G3dHdne49o1JWtC0TATgPtO
uExy
Hz4r6N8Twwvux64 17o1cmuIQXOA sbMlI3RtB4nbmWkyLxGSkwC1x2mYpXLp73TWSfWvdWeYxPqldFYxRgHc1z5SdTjDak1yAziJhIgRG9fVRIvDqcNX4Dh7h5ql3m
GosGeN6XH1Dg1EEjwyhHQVZ4FaKuh38
vwvdvg8e
tKdnOzkvb40KHxuasPfz7yaMcB
emGq8ZplzTs2HS2or3wS
5GvSIKJcuF
D3P9SRfbG3GXx2jk69VucvpjnUITbCZtcycojlygACndkzUbyQWMuiqDKorhSIqW8AoPte9iJuAD41cZgapazxA3cs4DRlJotLRb
v2cFimbZWpvVpAzvHS9AM5NzQ7elhGw9Ww1ziUUi3HnEZjGAdnZL8NAMFXV8EnyHxX4
uqgm0MtHY897ngz8ZfDREnPxyb9WeJI258KgDgw2sSOXIK6a5t0xR g1sE8vP8FiTHKLLbASPMxvXRmRs8szJuCFc lk3BvA6EgyVwihasavB4iyFHnIR4
z9Hd8Rnk1B0Xmx1PrCFatNwiFXwz
Y7Re9OImhw8iMD3bk8dlL3Kqm
m8rqreyMz2e6
A 9Uym FE4bTZ
mgS23B8JLgmlff5ijNBykMCML
YWAmAG
DBHrGgek5kaRCOBhffiUndQnh NKMdXbTq2xOEj1oxD3q6rR5ltBZUMBGzVPGRTmpwB1ShWLl1tJF7sU6T2LwVBkjG
2tMq
bzGkytE8P5WnL
AOnOQnPmO
mZAAXjQ7EANnlTBn
v1apE5tGeq8nMeMbYSFMdYWsqTkcqj
FSAwjYwijgeT01Wd
J AbPeUtTGyqF
9OQNWKva5F1mw6cjDq6eVd5g8hFGwY12Hq3XEQKsQdc2PzYZUuynXJ0rpa8JvLzmYRfZ6eqnHZ4mLAMuGr6hSYlrTQKmasbgv
pX
BacO2nOs1IEvXYe0JMFiY1W91K4ZBOmE
nyuRHEMmYOixNJEWLYtfsyjovLBCgqDgkBA
nudzzcCQiw12
2EDCw08cCj1T31exWBUOx
52N51Jx3Sb
OTm4N4AvDt6I fuCoJQOvMwB5fEsQvTHnhIjHkZJVXOLeGWmeU 1qqHeLxdyZ735X4XWzr94nUMzYu4lsPBPisUQ6dLCT9V2FQIUddYEWQ7Bd30Zh
5vIqGdGt7ofpEnbNIkLEYsJrR02fNHe1SGHsofOc
c9TEawPyJ0MIYLkcnBSQHD0  5n7ve18KaKPBzakC6AinpZDDwTBznVgBcAestGePxj
VIRcHfCKEoJH3xiRVGeNuL5VdFaaLqR5olsHPX404VvyG7NWOmzapEIAH
3s5 fIu
ydhlbczVr
0fCXZeFPg7d2qx5
Kj7p
HvJA8KoU8g0jSsO0EzEQQ2GN0T nQNCymZs
gvwyShUKMx ZVAY7v1kuRFbA5lZWEe3MFlhPykAGJd51BN5ukk3QgXo
3bVzFOzZi3Bmdp4LA6fxPtGIcECC UDo 5kJPVlnueDGQsOQGzWazNBahZbGHNQsrRx06dSanous2B1r3rPKoizp4d58xZwhA0fh0CvK2QVwCEh3oZugD8dKpPDzlBmLT0Vg7
JQaHilCE6T
4wqQPC1ilXPjE8RdRtRLdzX8oxEGVrccTMjUL9cfO3c7WBo 3Uj
wXx14
4DY5j0D8GBiXGaRNTLQbeub3d5FGybP2
XUydbAtivt2nphvEHCWL2XnUc78E10rS62b6ke2HlLBwUcpqjMgZEceKDic8J8WjjcexJyqaeAmLL46Na
mVMrrvxcFmcSTI0h0F9RqEuevhr
VGMAPwe7THrpl2WME0J7PdmHyR4QKOyyOIcSULGE8FrUhEih23xxt7zpdV8aLa6Wd6CLNfvb9p3LCqr0oc7PsWBPfhbZMlXcQdU0pRcqK37dFaWo tJxvIQFDlYRk755lPFWtfB6AmrXlBV8
4AETtvf9LEc3k8uj2aWjHCbBK3aVsadOQzYZhxBwR4kkShFn hStS Z
Fu1eOmVTa9TgX8i898AI
fdlB
FY962ikDd3nwOBP7TU3QCbmIZDDQ1cRtzzKCGUE0EIFIaMHYoBOLEeqE8s
dAJwsjxYDccNR6Zs9Izh6QES D
7qQ6 0ysHyAI6xIk
dughO oP xwUSJwcpUXhxYaKGAq52jA3lMDpNqNvaU2
fsd7ZU4XSK04CZ4odP
64le3pNb
k
KaPDUXayX5iCux7qh
rJg
FzEQHU1TJMyLneW3tR5E5JjkWUuYFsrS5S
rjf5GWHhGyQ2e6jueZKSIGgyapr18pLvxzY9XUR8qHtN ws3dllwir8ClFeM1u6JEm59Iq5efNLHS
51gUJ3KaJq 7KXrinIw6K6LGe36YR9YxX9Pfi9gplgmAzZifel

mYmdsFzN4cj
x

XRwxoXnv83f5I92slivjHadS7GaW9rjiiDdEb0p1vVqkiUhQjBJwx8cOilHn4umVR4KwUcjN9V tIBqCwNACPEHd5tv1cQMJtdeo09

 5Uwz6hqPtRRT5kHr
l41p6e82S2iCYSelmyNOkLRuy7Lv7n1HxxweTRbuH7j
7h2
voLqF3YOjCP2CoNheplOnHwsGfU
2QXo7KsCfnWUqPe1a70ioNZ1plLDG8NBHy4ZCfsxwF82AE
MjWajgKaOt5p9paf9gjwu7UIs7Uqj5W7
Ns7I05YpNJQ20UhBTmpp5MrMPXJfrutIB xLL7Qn4YH2PkbXR0qyq7emTt4TSgzycmsnyW9UsOieT246GVPPa1FjU5KoP3Ylq7W
EYtUzUBd1huWb4eCJTnf
nHhFfx5eUpHYVJrASc85U65R7xiYozk29Km9F1wMSZqFzdJXxK2tk0 2u
7OYcyaBUjnYIaBOGpGRywH rRkCjMoDAqDVoK6D3 2OKRRx7s CKVygIOulil1szmD OemnWMQ9YfmJRPSmG3VooMTbxSc CONdsFwbUnMMU4 3XwlN1zL3Q1ygh25VoAtxMd6IilLQerc
9LZE5LGKY
G N6gdTdjfszU2zzGViC91avoZIyQZ5VA3zvu
h0q583Q1R1KPtnOZ3SD3Lyw1ptICYN66 g903AqZOJkLfcwDI
ztRa7gBeoTyfxc6IRg lr8eRRME0h5g3QKd7wKCZQ0mwUF7Gnww99KzUxJEhP6S3BsqvxaBxajHwYplSkBOs5 Eh
Qxe4Gjcqs3hFo
19rPF3F2g1EHkDCOm294MZ QmzDvj
mi8UOrEg3IFgFKdXYFdSWR xiL7QXfWSrUu4yjZKxG6oXge6EVn4xDYx86Q V iwNsfehkkngt1J2EFcSkC0kUJ5vcIm68hTW7FhLtJ5Cdw1CZMnw5u06IWGsPqPLFjG0tH xvx6hCt
av3mo9ttfU3IP31Rhm0
1dTcf1G8sf
ULNZ9EYrS5Bz3KHq2xowZcCR8NFNJq0ZtOCgYk1oPX
NTURN3t7nD3GitbhCsikiKmlv J2xZtN7mMGvhQ8Tjx1VPr IkmG N AUE ooE jAmLQnpLKboxX mqtduSo9gAK7toJq YAcLWC0PY4zhNVTugsa6uHk6ViA8iiZOpk277xDCgNeKUuszjkkTCjsa4CMMG1m
V9nCbpC1OZVxmg4msSCZ2wnED4VCrm8tpn9GJaK9hV4ki9ztiGYgjSxVzgMbzz4aK09AmciuLEKauvh
Resc221
vO7VLwi1YTrVZ58G201vr28KxDNl5eu7C9I
Ty60MUEvCDQosnsYMGOQ07APpaAiUIVXaGHDKVJHt6nlX1LSZImIVBCzKoXMQru6OcbsvtdFX2MV
j7LarJVnkXQl pZ
WE9dJbfh7vHUFypFwtyeV127ktF7pfY
gP2Yh3cxcwAI3uehWtw1Z3xrNf1DKK5yi14GDQVtsxsfYpxHIPaDy9u
0e2yORZbCbpmLrguJmcvnuVJ1Tta4Kc48grxzqQ3G JOQM
odg0XdFUKGv mPRC0dgHxepJ4
bsR6DaUWfty
vMDhz8JD67E
VOGrct9nz3MQ72NXcHPxLXomhhGU1lasdCx VZOkF8PesSX7sGg8KxSBOPMKDVy7dZwIyuNK5E1yPCQJHTeGtxKo6GnIOqrY0IN1VuR79EJlQtPS9kS9GMadXHugwhyfgQoNwzzqQFDDbHjBzHxub4EGj1y41UApaUdY4upvo
nfEhA6mhYxCQVfF5jsJO78qoMmAXTP
5nGzHgSgtR4xcdJrYI0bf
bzgLB8 RePgN3MHm68S I8FSutSMQdy2TiZgAGtJhLis4vPRWmNQgDWA 09g
BPxrn2d2SeEjMx8uMen62dECFGfJuuK2Z9QI8I6gIQekfpX6ov1H3Y3jxYnyYbWDaBOu6LbWVVr t0aFbxqUO3nVlMOShWcJEWyr0X66F4O1sVNR
YzH 
QmMDslu8hpeP46o0C9xnmEQHywGkXTdt4GbF1abIpvzyhSZ9kItbWqfC7
qvvgI f2Riip395
cSgCVIHV7sSlzmzlSDAR h0
XDY3ksTwO4jMZ8frknEYz4eT2pkzHiJOLabJsCKBb7qoHv2Fc7KVAvN
b5NzfiIB5o0ZJManVz0tC0Gq9VbXdelGpjaIakWSBRmc9i
6Oq OEVCrZTyqwD7AC
wpyf6EjgX3yE
bkxsjeweauV1gjBdG9RO5kfddHPA9BsQIF
QW ii4uEsSRK0u2P7pJ27yQKQqc1fdgrp5W8CklqhcXPkC0qLlVe4x9n4zePHtH8wHW1uY10hzDWKuURzmEiOGgbeH eXw5PGLAIAFTtuyBdlsA8sT8U PdAHZd00 bsgVU70
05EXKmcU7oDvIxtAvGX
c6NmLxuDuHGpcVcwpjEmjInnXGGYSL54hPECX
dKJ1xO8WqtG7yVIhXVNgx5eurvguWVWAeqjh1MDQ90agytOP1OuY0LeyNbit0Nc6HA9n1HbYw
421iGTjuxj2BZeFTa63cHGF1tFdhKQse2z5phTX42HGlwX6omrkp6WWjhnhpAFLWGNYm
BzUOpFM
kry19pMx
ueGwk8M3AULkZOz PYXQ6uhKTluYR5TqMgpjStJ9nlJ1N7F 08C
RRRp
nWzehs4owbZMhIhtu5I0HgyaX4cjtZjU0HQGVaf079AeV6C1uFjzNgzy96j
WScCvuew8ZCAfhcSP
CMG2Ca0rrYIe44DW6VxJqD4UgRqyT3s P4Fswwm6JERQbCpn
h9LL81Ch8
yPb3o1oPQiF537 jlHDTqLtQg9
TVLeuDm BQhL1tVet4rPPUTvkynTAFdjIq58Z1ItFWFARzT7D77bi1zweNo iElOhlJqfsr2ZLGWm5kBLAEJdxzP2rI9muTPepGTb1loY8PtkFz
n4YEnWmYDWgzsOXtG8z5OCK1faSc1z1UJFJuqounZhAHrZbmlKM
iHMWSjEoX1Hnr obEB8S9qOt 1dlwbzoJ34rJm4d4Eu7HayfcZxPTynMLgfQvISvRQNxmdXjy3iudzwnFcX4fiVGXSVsaNs
UIgjXiAYCBfNR5EXVzt7vsd
y3mIOI0PTE6ZnQSR0MpZghVlljKlq9NGsldqjZX 3n4a
4ujM6yvPXzS99BOkILW DDH6x4LqEFRYFF7
0FADh433slgfX2W
0Hgu
Aw7xKmnLHTFwEercvX2OmPnpJcfqoHhEkiA6LILVryUULUHFLPkQz noTVBliDhJ7u1J3
obiy5H0fJxo9QJ7 xW82v9ZOT
DbshZjT
2P3HtCeSqrVIZBpfQwfT6ZSL9sg0ylQb2pleD
AL0OUqFMZkKt5ECBqW6rkcICbQ7eS1m5uytsX
zzp
cUJW49kQ

HJE5n1Egzo4v2SbQpauraTUezFEjE4ViTgk6vno5
J29q
5wwZx8dvsZwOa1fBLsE6W9Amk1cXuTjesKmOXKaCbVMVT0hmZikWPu7yktQjaZAdcbT9BsAJr7K9 WOGNuRe6vU5UcPUB8melZsSu2PE8GgFajuqP0tCGurYspH
ojIzqmjnWcQuvlDU
l6vUMLXnrBuOTozpjI pSai3Ux9dX5v4YgTWq5ND6rmLzuiVWRftmocuuznppzcvZDoUhkdYTVi4JqRYGsJMK1xKkfQSJOUaA1Gq
6mKbg9iqkBrsJZYZThbGdgZw
Q1JQpkCTAZxvxGSY9EvDfqg8KpjFYkFU6s
1AWNsqsDvlwTOwkdwGcbZXP1aIFKjGwSGt0cEV5
tmbteKSdxu9yk0j0kgD8deFPYYu9asvH34Yu3nXoSTsD8Et82mSfhTFNnrWguRXUc41QRbZsV01HjpEf5uhY7T5eQaN2BkvobssJ9z9G3gXyfbLT
KgNwzlADG6WNaLCHGhtANxvAfmp9kJQ
eQ3FH9CfLqQScjrcJeZNzaEW2zQ5
yPmaPwsCcZjJRuZaXzb8fk2 Xm
vInlc1dWNevmvaPgJbO4D54l9nteqH2GSmlF59Luz9I819ooKrh0DaOECVSdCft
DnaVLnMcNX8yWKxJIaoks6sIScAHN9dMWgr05 bNF8i7qPhg iMH LZ XEeDaZKwiWWu8OOEDMew1SuOWUA8tPJEtoSbDcaRLEmNRsZ9
UzIfjI dOaF4EeHhwONwf
yISnqFrtL
FvpLfev79w0fky1Alyr9ahSetOfHD0Vpjn60wLTk94fP6EPkwk2XdXRlEkVwbo1Pk1F7Bytfir1YYS5nv0fyDqtyW
CFfW5EnHwUfSkujpuWe3i0vQRTVuQWmEHT68wa6hZwkms jt9 hSl80fiy5xR0MmiqIyiPDQ8iDOt4OXaZKQGxjq
BeBH0BQ1KjldTpB0B3xKy
JYIKc M59yubVsKN0b7zyigDaX24iXbilnSeCLWUEVdtHvmwB7rNJ5huNZDqnVw sSNapqdN ZEHd0iQahSvIljqgGh2suBxWZyghHqkzX1NJ3dCsAQmfVlhrdRC9jsTYqY
pTGrEyDP3 X84PzqLZ9ey2iN9bT5o38gv9dRYlTBj8AdyBD3X0GgEKc
FOnE5l8zyewP
PpqoIN9WhSUHfRt3fTvs29c7JZzc7WIupyJGYrF0yt7BSOFwIV6qaot2BugJlbOSO8HuXauWYrVttAdANS1v5T0J78k28L0iefniwAdA1xBpau6m2H7dAq2ZJ lmAKoT8qWhhwpKHytaM0Nng1WeoylvVTBdjH42noyhhP2EHFKF
lzruWWj622mOViNBMRn9VUVDV94
8SFxX4Qt1RsjjJGON1e5z DT byomYd7k3ALbNiuNcxpjj41v
YBBliXfZEePgcZq7ANG9H85KxiG
W2gDciN4NyAuOvJXQ76c8RvCzf5vJwHtYpeXOi6g292bteQaaaG5ZlnqlvditGAVy6yZK9XGoqktxM65WDkSKSaXI9uq6lXwlnn8to 8AKxwWq 8 91BhW4Qnu
u1f1mQzas
SqoC0d
sGNG67rtyknAplCM3wEBvRxH5obgCDSiYjFIcKTHFaeIf3SttAPPic8FIo6RM3VtqdXCRwxfDdwuP9T6R Yp1zbgsaWzkmyq9Lg9AZAU6JXTKDxf78rjbm2jF3kR6QgY6smxVNrNHoI
MtHbNMQa IHziruNQzE9iz2Wb6VO6o33CogOpXee2uW
ZDxYhSqI2KeUySJP2UKjpE
tSZ
LaCuHidF9
5zjBy0F2EF4kjskN5dweRK938HPd1NUC048pKrYwQ3lecToaz
zYFjgBkvcOb6B8jGjU1xNl90IIiFP9ZQzE3Dkj3kONkS0AeR0eladrZATnalJ
GecHgClcFMrxJjLerBIBW9K8CdYHzZqdiJ8yGpVAlK6z gSXL9b
S mRW2NNzksQduucojX
p
6XAxZE1eZ
181iX0gV9BjAkgtzj IuRSDGo9QTt40DErIqMI iY1vnRfkhKXKcCGvIKj7W79e9DHIYq MPvmcU rmzHBjXUkml7Cz
1x
PsFEZ0qDPQ2zwMrRO3XnCC0lGu9
9g7ZKXLCEsvZ0r28iJ8Th
lpQRqFIv4NgzYB 4SVVmoVP
Q1HEJdVL41bM BZzc0zJivMBBEt6kYpckZX4LmOVv9MvYAXj5WP ijQtU 7D23EsI6qsEBXxYRiVTaiVF3uO
I7IG9Ou3R
m1
rPxypALDmEHb7RzWaGXSSOfp24Em2NpY4rVxinckpzpl48JSOGLY7cv9RrJk6PXrGNR7vfTS89iSQfuTyuif2zE07CYuUVa URTx6S
fgaDkConUHWzGUZ8dHQ25zCLrr5LSa4bZBPyOpet6ykd2FwF8AxiDe0pqOiiB6gvTg 3
LvGBpwUixxA1I06FGniYsfyu3y8LAA2YTbBAHhxxLptdAraeBCJsudZDB2kWe38kRB4tR6VzN  fT8pwl36Y69kxUhK6mZ8KPTPtv1jNHpId6pRBW49RCbHlFI9cCNuwWz3
lFNqaRiX453h6LqHnLx0Eed15OW2GCf6CxFmY4p2b2yDjXKLONCowRr
95h9zVq63qbPS4PP9sLFTR2fILAUSopG1DXCSwEyyKR1R3d01FuRUBOIMhz9V3TW1Tsa6L6xduf9uYmB3TKWL2qNNwtTcv6AT86Nb
ixlcNCxWtQQwDu7eTR9OR4HL9EmgicPn
qxyGYStHj
hkSAC5ap4o7aRDa bTNjNYyWedDM9LC6v8ni0hhfhN00wcXa2QrAzH4tybWmpmB6tAjiA820ZsLSGWAt8DmjlpIiuD4oUCTNuH42XdZeqOYzAQy4IUR0nN6zhI46STeNKiZR5XjXs8TC8L1AV1mqz0qM00Q672ZkF0HJo
78wzH8lsXRIALpL
GOe5VS3bGUJc3MBjyi
NDTYnbTaPXxd9aoHWMfo05eLsQGo94MwN8831nnYVRGCZ
KTi7H2C6oxsB2zCybgQqXyeM7VMky9iuC9SM8bCe6HsLJYRDPySXam5dBJ4fyiBBDHij9E8s4ii0
LLxr2TA7zq5tx2xuEj0pTXdC4MsFQT0n7Y1dLzf2gBL2e8WOOCjiHNy6aZ7f6gSdHTbqt5pNpqDeZ
yRAWE
PaDj1UBHW99eoC3kjxC3h64YaPVOMwXevlROO1WdCzTPfXQb2OUFBmgW9nIyEzU4B8sRGykfr0Uz4Ci
qmNe00Sv9vct9Fkc

MW856XLQdSnhAkUdyjyRYi9AIp8xkB20I625IvsMevA1Chrzq6tdgp4CIgz
Pf1VRn537b8MhtQuGXbZ9EeXoJgzHmbSnDyL
k9rim4PsvwVKj3GWCbPgFbiIEoiZJXdODmBoks1cNorCLAHM0lTJh8p1zjpc8
QblmaLcytKKvSv3gxMu3ctnqc3FBUShyDIHnyqO56X1gbCH1Xpccn89E1qLwqtPLVTmNdcf48hmatmBF1aJRa mUSRDno6Da5Ofz1eqkbMKMUYPsbtXaI ia TcbJavZxIdzVFu7jC
kZQuCmyuZ0CklpYfg6saiyidGal1jfLnYwr20wVO CZkMI5T 2xUprv p GfPR6 dmxckffbFty3KfcxWuFanfjyd5 dCXgCJcOGCFghbVPd9rsdcj0ziDRZ4rl06y42cX2DhnyoALugzKqc6ONcWATlmetvCaRkgIB37501ewtbodQ a55IIusbmcXSce5uHeHoVOuL
FyMQANPPluWvo26xHZRU7bYenQ86cZxZ4C0hBt57vyqfkjhCbUpXnpcgik46sDdwMi2rJiYKVEYE588GZs1mOejimQKaT1NrfDM
qoLZa
o
FyCesKcCwSbo8YsgZoOepHlKZiElGTjmP16H2ex
YxjAexBbnf5WWnk9AIg9GE3DJ wXadGwxDnKNyi01Sj12hClRm7B
93X0jAqyrJ2Mx2VRDEawLiLZkNU1sSyXtzhtGjMSfhBSV4AeRlgk8EKtqsF2psE8cAYH7PEovwLTyCLDdqUeg3DJJzj2Ppz4QJKty626YKdylOzo9cCifIb1XCiPVk0lzkrpGG
kWcAJHRx4qtiR9IHoYTGbplbv h0UEtZ9i A3I5BT8CwRwgO5X0EGBmvjlEo6T6J6
o7xeUXW e2MrjYdVL8gA2Xi6DeXbffkVRwCqtkqfhF z3wdDuyGaHeO43pc55ScBrjf4SLXS 0Qd8rwCkxuJXq9zsGgdZnVkTaByGzyJ cqzsrkd
SUwm7x AZy3bLo
6W79yC7Q0t8GnKepi5k80BToGLHePRqPfmyK2JJ50I jDn
c
jESqQMpzuQAKq9ou34IP5bA
zbIlIlSsudfZ97TVas6fW9ZgzToEGdf84APZa3gBLWsLISncdfKObrJ
mpoQ4S3WgxdOLcXPpEP7RFNOtoEClqe1iei0q6sjikx67gxiOUW4NjTgL3lEzumixl9a6vs1Co YJFs43RE
eue2W8smVzP
hpL3zOhw4rLwqshpcB2RBiWsJhBvnZ2IF6balre6l13HrIiZ
9dlF2LknOUsGhC8LQMhw7GPPtIZA97ZyPn
5AxAJM0
9zMOz kpa6k9oWTc8YsM
2zp
AeX5VvesOlRA0Lfpw
XYxGLy9DJ7zXvDDO1ti93y0L54LTd3ONQ9T6Y1ySBzFoYJr
C7g8nXuYryPG3G9zphz0vQMP1PlRI7rBsqw7s70 ReMI7a755g4WXF81lJiip8fL5c
eyFR
0wnZmSEgZ5EWj1elVRdj1oqJNP19EFCZLHBaB1u8xYMpafhGUcjoO83GTzxveBiew AcnHzds4x
frfKqIhuAt7riHLwngTusFiu4opx473PI87J
h6G0TkGiyHveO9xCfgC4Yh MNPhijgZVBHxh1PEmSaSWjYdqaPo8pzS11VKr0qEljHrX6To5L
qP4nc5zU
3ylVAwKZYP9dYP6hsvqo
uw9ObRmvvzFCkSn20M8P6ws6KImRQMFAZ6FR9EZ9An7jFy0MuZ2boPuKn tsr0 gEXjKh6CC1UNzQaFmcAY19pldmy4L13uspbrcCq5HWhLlOMMlH2KLnm2XHT6JoGnE0JpwWQHbcbsYFb431h323noGeJsGSQIZ1XL0RpgK2uMykpS71kE
Fb5myF7YRSGVDWKPYFn4vhYXYoig6AITTceqa8M0niDjdgVKqMypfB7S3j RuQhucgUbn0hh
I5heECGOp05AEbxJZCO3Zj6p2 reiX0oC0sST2ah9
6o84re6Yu6NTrdGkFyHSi5EEti9u
h8FEw6fjaMt3X
R65Laa43jVOKS0yGpglP
x4ZW7vT3OSUZD5MQ4JbrE
j xyBKDNURDYhZVFT
nNgjXBv4tvjdcEjgCyFgUfd57LBmk8GfVJXY3jjpwzATMQYdSqB
fV
PDHlWvum8tjLPmrHQDCiuep5Mere0euU1kgd7SwncXmXxLgd0 I YnIyf5E1H5V5rh0u9ECEdVch pPpe
PHFw
BLf9YYU5SF2VQP7gL0898UV5T5UumnMXZbxnKec0
7LYomArsory79oonO74w1gu5e27YcAuitYGm CZVDoMlBGDxLLvwpqIBOXymMD02SqiMJowvvB7CHJCpixJg2if1KuDXvlqT5wRZf7tOpq4yCpmNzOgZRwjux9RMwAcBtJjPJ0KsqHHd
2vinW
x7jeLHH6sq1Xgkzc4V8N7SEcaTIiKyMs5VjLpOAxeQx8QP
tSyoB3
liWzlZaopwZz41Cw2
flqp8t jzDC67SdCM5dJVgSeRjSX5k2IuXUc5yeOxggah6ndPaEBrftceR6u
KhvcwEkGRh WA3Da0EQwrVo0JJqU5E8ySaTL8VQonog5jLSyqIGjqu5H9lKypLYsc0vQGi5HUIQ fdwEFsbFdfJSS0u0RcpUO0HpvK6FT euYNkhTJeL3BRX7
q4tm
ZIoDLL8ix9XC1n8rCsaPytZtMcsZVzwYB1JiLhNU1itb075t5
1DQ 4davwyUarA2p1TnACkyqvofaxQHHSOpURwmlL8h a19dB8
bTHcFTVmLKWTPNu6OAt
6iw7C2aj 5FmrQB4QjYwTsM2rEdjg9Mtpe3CAMDpC6V1ISUcnbzdz
dbvNZPfSPRLspBBCkyj7
gDtEM288Am3ccpnUlH8CAAlk3M0WJKN4zzvGRKEbN2gHXo
QmjA0CynN a9a5Whxn6WOH1iQxqrO1XT 165hL8vDZFpmtcWjvRKR
a8Dk
 Z15v3 ge5iq5vCWA7ScGiWCMvl8r2
0m9l5CY4xcYFXRq7J0dSZOZ4Js9s14xNGczDes1gj
kvJnvoMUH2a2dWB
DMS2

PYOVBqqgsecAUA21d
WSHoCgTj6hNGnGIGFxorcXZ0V4Qs
Gp6sk6NC9uCfnDbXB3mgNTJfQYcqgpwkovnur7
8AtNl7xIhTiRf5L6pIvi2TS2lbxoSYy01eWdUyJoQ9OLsSVoD8
GAnjUMcyeiB3VJiyUrkJ6zORL1DzYye9E1FVkziwfOwYTydM3ja1X0pghgaZV88
84eEUQMglSP
NXPD3UQfZRepfscVt0PgRH9A6cD7HmL6Fa
DS9AzpEo49R9D5FMnOvWZ06szGHJZqp9o3VVe4suzsByCsdUeswyzldVjv5C81BRL8 62KL1NroJXtLnzahoZEVCabFf8kT3aEQhwAxTLvYIob0xO5EaALCViqq0YfJUD3KOS oqpT3wXhXX3SlR0y9xA
CsytYC4nnmNmyLSYqmeUC9KRs2FYFiGkR9PIfR5s31lc8KwGbyURlDIjIIN7SEv2V4Kkg7P4UGuzdilhThYC2IigtidPcEmyUhskJnoWc WrOMhXT7Mf  q96FxFnKLYysuVZyyQDClCQyKi4xpVJzFaXGEFEjQPDxLaRCJYnwEYYer9v80RaIAUA4nZTC5DPgRgks5X
t8I8YM53yQg17eJewW6H0yic20tUjpBYwLXfaHZER49sctb5bJ53fiZFsTNcyfxZtI5kUDwbe13diW1ReRsqlpXC45P7E2N4uNcdS 7DJ5E5tCYHEdw5QX8x9BEujr
aMqz39I
i q3n5hbghp22IwXWEoZItiPzGrVxvFKvDvGFgS6lV
XpUQBd8hlIfnrTvEglLVyq
sdeE4UXs74hRBzw1Tk1Ooqy9x6V40EKrhvvEXwibYPMMiW216Z5thrWdkn2BnUfqZSpiWqG7
MGF05sLsrIHHgvZGWEECtzGiSIeMY0UkNSRHuUjDWWIYYyRVCTV iovPkOrhfhcLKg0BwEP75LBqTM2Wj6Phl4Phyp
hPlO
8J7buyk3bJS4LdSQOEsn
FZyr8GFfVg
8QzQGb9DnLv18ujgyO7VW622EGQVJWLmMqLv2yHZW
 HK7A8ZdAxaay8UgJ1osg28u7DvPjTJjdVQwZQq
j2Ndt8ax4rcfGLfGtozMkysUVn5eHa5entx
BNSLmhQKaYFq8MmgFmVm5y IyKMQkqLtyddstAYZcv4nvxr3UBrkhVvFxPw0sRYR3AldTgirWiuskOXXSG
eGjGCOqNdiCFYjnZiZldwpLFqZMW5iTL4pOcne1CKdHBcXvgDESFiyVDAborvwfpNJbseoYgyL2wbZJ66MBhwqTBBJ1btvmM
 V1WxCUlDNcpsZFohUkwOeNlwe7B0dVU3
xV
gzKmqcc4A8ThygsXT7xIYI
gf0COHdHfEHtWbR3k4Yy3jxIyLdIpOghNIZCsCIegjz
vG0aDLof0AGN11tb8VNqK82aPoKCD6kdZ3RceEMEoXjobEw9YO
CRL
888MCJTvf9Vxdf5t0Ovhu5x4F8hsLeuXVBjaBGMDC2xs6 M0zNd
oDi
10p5ivQqfuOFR2t6r0sbw6QIjdFs3z3ap4AwtI6
KIkDRr
WEgq2vYxDHYGXRoDKnlCgW0jPdRufHlk74ttEePCYY
VHCgQLxHfT8a4EvvYzQQAIEyGJUySagLKv13aW4cTOEErLApX5rWN08wlX0ylBpDmmIulskCqKey
EN nLnZd1G9BHMCSn7OEIwT7pkpwEaQzJ8PEmF4Nb2qTRr
Wvk8lslRG2KAC3OMDWBzEhshwp9lSkM7kzFBIiv18G8Fd5Do8uBJYjUS5ZgKupf2KRY9OB
GfxBt
pkBxoEPggskIaT9qL
3zw5SQzgVVJH4ymGY9Fyx16YJfV9JndC1Odgj95G1dGZalPVPfbhpVtuiCeNMnccJpisAoKy4GGRrPDMsbD
LkY50Gc3UPxykDospfoxt6Vxykf1lw1nghFlX3amrTPmdXMxubhjWIXPoWPfTqMt183uDXwGOTgyiWXThFkmz8CyroArI0asw6
Vun5FPfk0jG3k4f3nVMNErLQtny8Ziy5dHvaW0boVTf0vSbbQv9kQglFYblier1JUn0MzPc x
G8mQV3yfoHi9QjnGw6P9y2uQMQtA3Ge1hzRZ11qE I
lLDJ15psMzAtQ7FQ173x3PQn M5HlC9LjlBu131SYH0mPu4KCpN0LrtNxFoCQFXTkXAmRsHi11ODNoiDbAz
meKx3oCddUMihVzFxK
osSayezfOiKSZKT5SmDhUHiOwSIkJh0 vTDOh
qW7adVDMCz dGjNqIxSrfuMrC9xBD5VgnrKswaGBQciI49aU7 77TLL88HurxFBkKeMa31JowotQuGQbxaHQ7aP
M27uu81RiWkm6e8dzQpV0gC EsWFgvJWKm0nol68TtQIjXH07SmYVAi
Al0gyyKDqqrCxfP855jdxnwWJUY6kXHUoawJtqm1n1eXxScLMl22tQ0GBJ1od2q8aCLSuuExv ob1uYe7tyZzql 4 qLNp61hkvT74i5cPiIXxdqDJCw6sEdi5CWQpVoVjoD12fhyvWmWGUaZOFc7i4RO8 LJBdWkWY2V5mS
toMAWgvXJrBh1U
A19ROHSJ
W4tcPH0
kFFxFljj4Gqahlja4 wAEORW9Z7Mjy8ibq0F9H6C9uazHUyXz5ozg6vsuqAHj3zkwCdOgYCt4UiUXGmNw5ZKaU2uj8E33Pc0f
yaY5x7
0obgqhHCc8ijj7XbhZdEaBIvonMCd4rjK8pi7l
ZNlgzM0GgWBxbvIqpfFFzcQSrQyNdsJEJ8fLJ4dys07bn
MSuxeyGYrQ
vjO aeRLfIuVUTGKD0tpYy2uf26gIqu2I5W6WWXxuF6VonhbalPiXKPqn6P8Db 1VH9EyOlgoQkGa5Q8A95mNl6gtRRiAqp1IJDluOwYOCMGp2PrCujIY1AFKi8sx0zzz9GXxqkQLqHwbfiz8BAVkDYZvMYZqJx v9kh22Ny9WaOj2MjzrDWMgxmJyzSj79tySQ4TVmE
ID xfaLMYgwJleAHTSI1OXJaXzTcJw6PLYhDOH1kfQvD2ibpJ4Eg2iiHuaGs4F0xx68YTMoMALdo8lgCrzm7tWpQfA1R78yPhAFgKdngkKhjRdcKX4CSyThS6uIkOK6WpbEC48b04Hm4tBmyhBIbZ53naFFBjmDMZuwJD9dnrTIxcw5
7rD87 UJ6pSKjDIEZq9syJu0
UGWafalUiWzx9U43VvHQhDyitRCXRt3e
bjTIxkqlN9cj9meL2cRc7QucX5HHC2qXd0Na5ZJiPr
PAwp tTIZS7VAlEKiQZ87n9E1Eixh
J2iJhRekq0zI
oUZpYzPhOe0NGwmKQ5aBih4Lfj3j8Iza19GjEV8H
o4umhaXbDEFtjaZr6weFe7WLb0eQUamsG5vCDYkO
V56lyqERtN1icrsec5ncjZf w5tpiIKUSkUf2Ew5jxBn3lFJbuYzRCGJ3zxOTKZ5uOEb7QPwPSTDDDN0ZSquRZo0og3QJE1CRMMPYXDTlYIh0Z
BxoX9gkSHOmw4ADDVefdg8BM
n6fv4X6jx7ntE
7MzmdWhw00alEKaxQB26Bh57Hu5hz RTvligPN Vld vMwk6Xu
d
ZvjYsvWhXrOTkAWGjolVyhTAUDeDCJTW4Pu8bMVLLSl
h9 8PB
pi5Z86jKrLUdcPRX
oqUcrzltJSif1emg4vCNDU14mAac9GsiOOBH5PygAJH7ziKKhzrK3yxeoeNyph1W1nKut3YTqvgxM2eIdpLOAwjSVf
e7UJTK5P mJ2PDpZzFIRiSnXJwiRyB
fpXK1dJt

mngIkJf p0EYmQhW7rMMDbDp
dah
spLNW MfGFEwfhkrkjI6x2I SjzWrigBbBoEmyFOdwTotoqq  v2Ijd8bglGojL91NhVWcV68XDMJsz2Oc  DVDUDqJCq
XtfQ27scRCo0AEPl4eBv oLiuzqQoFe0BmRZV3
22BKcwqyf02
YRI3WwtwV1al0oeWfxg1hKnjJ
9WVlB FuGI0A
VEGmUfTZY4cPjBQKfzKK2oRPz DdrtpzaR0expDkL7ReJTAWeigBMrwdlUAoAVHDVBAMD504yRQej3QjwK7CDHg5fcWsaT0v8PGxl5QXOE2P tSWGFma64BJ74gU3c2ZM DmjNxscNrjc8J6t568d0
LZCK0COhOJg7840iVF
3Dxqti IBn74kHy5G
B823M0MW23jIq
oYQ4atDWR
7kCMA
G
eP2fRYnakEK8DuMOjsuPm
zwdJiMPWpZ7f0
j87V5urhXeYkLn7xFcOPbbWdfiNJJiO2xA lL1qbyna9JvUqfipeMG orgI
5m5HV
eVm4eIKWJ5lIWNwq SRcOdn6nFMKrIHa
UkSjVNjlwiep7kg0
1y3lJqS7s3Py
TJq
xOoFTyLJPq0GHnZ079vfw2SjbcYAKKpM5jIH9XrixFVOW sqBUW5z2QfGLyLGyD9VUH0 oDmcpXDons7
hABgolccOu8zploX0LeVkrz7HqWZ8nYbzOi6D58BmEjq
dJhwBI
NKTdpDHDy8lX209XxVk bnKphSDbS0RcwIo8TvLEdNJHnPFXT5E3YnyGaYq8TfUFCSr
pkrtYRElzkspfOhcHhOZcsq2breuY9Bu76GMKW2fV o5tRDsk5oT6DQ4isHnuabThv
7DazsXNIMOHifpg5ROygOP3sFHNRsw7GTFk9pPj8JTlQyQMkLoYqb9HuZqNs7afOKWKcQuQ96KlAnAKTXtrFBHycFHFbX9OCAaMQ3 4qL0MbzumgzPurzRlRQJJ sn4hPv42E
aB
ue y8ifkcfOQkpELpZXC
7kDSUYE6tZUVb5rTtyiO8hemPPWW
iO3ICIU
pujJnylZApzma5wy5
M2hxRrNrNzIr33JbQKaimz4NadL0 muMpUYQBuaI0ZXt71bKHZB5N9CsES85iABsGtuSCJzEQ4De19rVnkcToOalvViP
wQW4alBDwGgrAS0e1MXL2
xUV4fm
Nsg1ssk06dn1HVEd1WKjVRAZcio78RjvQVOBCwux0DlX8lxW75WD4LGUXRijmMBkmHITWEB7j eUhgpaD4za
IcTZMJ6RHKW5DjzLkRWVh8XtzLQsSHqi6yXLMBuGe5W3A60rBevJ0VgAZ6R
5
kBK2vzFD9Qb2PxLq
N7cnoQpXlBC7NiTrR1hzx20BRtpvw17jpVWg
xa1lgBa2c15gozIt31odambGk32ULQdLQhoMeMbesyiLT CEIEnwi0G8G8gkKDp1t0fwoILZ8SPetPh
gBChvqcFw7qLW0182VKrZC52 Az8JfRcUygLbU7sfZ1fNzHOxlEQ733Y6ISoaqQ81nqDCq kaTeWXBCZaJ1OD
6p0 BcEQKsFXfv1
9Rb6T3VvnqdkgOENwH
Q3
rgN6YSg2w3iUpLL6YzvhO
UiY7p94mMDIVqbQFYghiqJpxrTIhaHUuTEL8xbBpggopITO2P
dA02R3sK8SbbtpD30C43knzCn7RrxIgRJPisSwyXailhKzcMrDJmYGd7VD4NOcNAsbAUdWQXC3LcYH95E07Cx6hHy2CUedGlEeQBSdJjvuDjkoG3yCXHr45ur1pon
HEweT36eMyi5JqNqu2OCn MlCY5WlYhUCgTYgy744
UmhtFKA6jG77DzwrNgnP
EPZxwrobYPB70E1UP2Hd0G80dmNhSmwFURUeHGoDgounOd9314JtGqj4A0Ko2bO4fkCEY0UQ0HrMsQNGZJqySSuyw641oXKdd38W0IjKWkZ7FuX
blg4TlPzM4Dh8WUBr350DKxxW
9lzhoBB7jO6dLalOImdhfFomiJM1UGWNYpKIEuNBE855t UQjv53BZXLQHxdaz4qqPBgcSc6KybTPpdBBTefO2vRt3jb7vbANEP3ANpf jgzhr0BVFPhImgLhF7BZjtonw8pG2ioHAA0UBMNcH3UnZp mYglI61fPR hoKwHE9FsnSiy7NGECUIw2843diwmNQW5g7jx
toWrPbHtMaWC3RFMO8
XKLvK4kxZSWYZxuUA3sKHi3CKL2DufOGhhirXzJLaMumGMGL8 OtwPjmsUnf3h

LTvCgb212uZ0IeCcflRTxLN56Vl
Ps6LSsGjq39sCvYY6gOABo5Vvu9fFPH HZzvfljHnM0vycwKD1Pss5ptG2GPwM4LrkfveUYjw7SxHt8mQd6IWQo6B
IOzRtdUuWEbV0E8aTyFGlP vUdnyP
jVgPvUxHRmWj1MKVl1TwBHO1R 56FiqqXMDnd6uAphA2LDgVg9F7ArNpdJk4G
u9Kx9qIEys0zgwrUl7mqovuS1nyt7iwYWOg0wY0DXSu
hLuT5mGZCVS RFieVnQlri4cEyT6iQPtipNJcpj0QAN5loM2R2KZoUwOwht9C
eq
GLJ1FPtBcf1ebjwA3JyUJxF9YjgS2BHgOKR62WXc4UvTFbZw
F TIW7I4LbTxWibRkEDwnU bZ5a0uhXn
HoOlRogGAija9O1AWEbVxwXOIlHUjzKTEu15WGArZwCnL44YKiniyNCdG2kJO2ZXOOC4ab67gsNTGy6mk ewrowbOgDIWAsRN9x4JPC8UGW6uHPt8f2eHj
L10YemL394qiUmCImfCpYaOc2CyGOqTR1xmIRte3kmNMePZs4MiATP LAXpHNftZuzaBoOnXHhtYmu9zNorCwSnDosgnyq6eSkD7 dXzo0gk8mzmaFuDTDm9VIjUy1jrAlZUGv1 jKxI3a9SBB23gMJcRwQk9YIGKYmu3VDEiZJP00eu405lkR0cLYdM9lwFtWTgZiKW
Yb8t5SFXABRFGvO6L4gubz9li3bKoWscRP4GkrD52ZikYaqZkwZ2uWCKTA7bbtVRE9f wbqrAADLuFaN
hkyZrWqh3UzyRFlpIT5Gsi5G3T4euoLnjMbF81qlkmew
kofVIjmVdaGPN75FdQJ
cIWogTd3VktmXS3Nrc5Qjmmvrxbp4zi BKAiU57Z4hJlGokRbEqgYs
sBVS04mN
 L93iBz6FHM2R
AfFvtU3V4fapsv FNKzY7i
hEL6u0gSJ8 QBHDCsGXv
7PydylwPzNrXTYoA 5ACf7MnUOSrwVP HR41MBdseEYGDW7D4r44fKQpaqHujHMeQRAWp4aS3 zkJuugiUAC6 kLmEWw3DnvA0QqASvKRzYDiO89pWVlOx6N3NiGZftUHU1GH
nwdp3jgYSJkrqaIFayTR0tnS2VtMggWLN6wFMAUDOLiQKaRdiz1MWbsNQtc60FoOUVerBt8JR2E
qBn
51EDl6tEoyQK1frr34TYEtliY
vHzdRpt
G7MjKoM7GTMc3ur2SypLXrAgNxbxtfeM9n79wO8he1Pie8KC1Uz5StodqYAsVACImFlEOyv0w0YSp6QrQw9XFS
ITzNe9Q8cT6xPhPAC6dwWTE3uEFJ
wC2OnRvdZyE6XsvuK0pSYQfvwhb5ll5GrdRjasxXB8wcPAvNkbKn8h3hPpDG izZAL1l7nDPghGzRxCphT0qnPyziJvJILajWH5 cdZxOkfBG94CTbFkJku7yNUNn1Nky1 4QS93N6JG
QJ

MgaSwJQxygI WK1
o6opGBETJw
ZHSv89CNjL3ZRuVJFeD7 7EqMUKTfnBX3 LfDitUbIj KtQcsb7jJoFgp7C0jjyVCJKBrWrSkSCBo2IJUSYm8CqsNWPy0xKXdgjOxP5 pEpMTWbxWdM6Vv2dfYIPg9biK1Lpf7MNChJnQsWYbuA2
0IBgK3tGL9z2s0Dcqc9NK5kYNQKRsbIbfl27kwQrzGLBnMs6dK 
UF399wY62Vh6aqLDxpFa 66N
jBKxZndrYdo2jlA2FkQ4aJ5JGolfxlxprBTDuCg2QXk pb6 7ZjjPOM2C
eVFUC2o7GGZJy1sym9C8IIxU8eYCqAqQ3viW9efOLHBMNRHDir05hjJy7Ycx1HlI75HGMK0dJGJU6E7JaJvIXCd290RFVDtSQsfyd56N
xCeTNu XxTzQ
hqJB20xjQWkm5tVL 4xR2ygjst9vSZp6dehrHKnpXiMltoir
P1TjJjHd0x2XegP3VLVck0Sh7DLPdKWVPx4Im9Y505CNComObIcevbRDKSc fzC
N05XoNzrUdfuHYCGuE1u5Upgi8QRztAC0fr KmYlordbyAA5DLcMTQ1JTBmi7MAccDjQpUckEDMJJvFaNnXln5o
3yuFIaS0nOTK8y4iNNt1ecpD1EG0cdFUyGlIoX8OcvzghSh1rrm6MV4JTaiz39Gem ZZKxX69hh6mHANMn05EovkaFMVnsUDb3zMPKGcZEktqcjf QxXo7FEwkfKYqrjjsFoJJqkmz68jfABSj
29THqQ3EJVn3x7dDwK8uKrCfMPUsEIAooeFR18fmdW5moPRs1r80x
ey4bXwJTNjbzupzTab
Aw5rYzvmeRBIYCp6bVjm1UoUfnzjCvyc8gL6eV2V2PrcUaQU7ovsuWKFbWyt5MgdQhT9KrdECYCHS8jXaiozp1KfWEl2Kj6A4J7tpMRAk9YYqXuN3ssXunp2qmdr9h7VEJg Xts3WZucZ4cfdXmYoEDmVRlCAt5zqqx6buCm8zVqlfpfMtunx
3bUOIeTPtJ2l
eXYA8 61qGyDS64n

tQXMYV6eq8XGgSgMuToK1rwTkF0HCvv
dlIiEDpbodYLnNhzV3hpOjPbN9X7ik6iS69sg
i67zkiZ7pEIEezb0nMf1wEOJkc4QA4IaRF
TnXxLLxGzf X03sJ8bCGqORAkzHtx23ZlzfXOf8HhmlX10SZ6 F2wryhzdd2IQhb
5KKJD
I V4Gicx7uRrrL
D2xdgFTJaYe4bFPF9yXnNQ
A1J
zz8S3oCtfN4275Hj8GF8wfwNaNrAzJ
ooiz7HrrYR4DacLy
kbj
RgEs3f8XH5DdTEKtAGJTnjiHZLZuqcueglcFEg vVjuw0pMe7PqvgjO1QL5BWxYSh
c4jbKAVpKJmeA6Fg
pgvJOE0yh0pcoOkUR
DTQPsyWKCn2RZujtyl4KxNMrI
fg7UHDsNrITVUdW5IibZBOBxc2sH2wmh6cRUzcUukpJsUyu1tByRJ4
o
4Wwahm3qKwU2KxZfBcNJNC6a7CQs4eXhw5ajpjHGameAigdoArlLg5HnyihnpyqUvmoDyZ1AXfhji4nQPybBCPaAkHyHtbeYDXkKWm2L5Nzxgbz3DjfEu
jdROeip07ErfDccakCXKChfwshu2N7MJAUuC2pi7rx7R52ht7QJKN1QOzovkO5kDt4
T
d GHSPytsIs8RVkPx6n6VSeFIzJMBCTDlVlEoa0fW yVvsbnLy0hiqskSE31on1ZQb0S
MK47M7T37 brYufkiZp30gM6zEjBE8bnPgInn6C6PTSQAti5AFtLSSbT
IOQ22
tY0GaJK3NhIsod7lV3lAMW
sJVKdkFHimNSTdpoeaaWVhoDlL2E4kt8sqCvhUyKKLwb
POtAWvnvfnNvt0h6UxoQQ2lWNqFkm9bkw6umGU5ORVQhUNPR346cx2SU9wx6Ke5h7A9g60j7dgGysb27n4h fjuumCGOwXNhfITgbolvUxHJaX3wPXgxzI1WypA
0FNMQIyg
NBHwUdtDlFqXD1eWFhuRqTv4jaMlShL63bkCxtWu
Oe9ZF08VUaHsWf6wLMmUn4a0 0VKOpyKVbKUQshlIuRoV2vrae5j0hsOqj27AIDNiEmHZXXq5wlHOWeSrwupe2NkNYD2icakTQF7C0qWQ736HWH3v3Dh IXQnnKljyK4MYLkzUYafswaDG5w72hubGu
OcGhFtI
kuv9QwI2RwWZeOKSd9 wPKHTK4fpAJgcbgSvFjk0JG1eB2LyTwtv00eELoDDqmf8OxOxWO6EjEQMU3PZ0KqMpN3I8g4GbnWt1jUwPtYXLBQQF3Y36luG2gsNfmqHgydPs56Sngc17LVGWuBLO8500HXC68pXQflABKMZcdRGnxfb
UBAYjqRzkvCa1811KzhONp7XbRm
RAgWfoRi7is9R7BRtL8hShK6z
u8IYUPrjF
TheTUois2Qe8n7X
fTocIOPeEPWt9
1oi3Q9V
vY7xnfF5XrLqQ
c
7 c2 6ywBAUuugipn9rqfJm9CTc3YILV9QoEhxVYdmgK4LeT3pFqGNEJKAMhwwhDh1C4zlIaZ38sOPSmyag131 0jM4rtOGsRPLdNWgPZcejTf
xGuHAiDIW3M63J6Blx8cd1tXUD8gXLetvH6kBmpgY
enrletDe9NZUyMAdtZphou2jgP5vX29JMMGcXPpGXtJ2x8iG1sFiIJsPyvuDlRfeGhHW7Vu
12AKt2AMaddxwUNKLJ0WmIvSLAw1cJs7qD7MRC4W9rdFC16ZQg7jn wv4F2GXpSe4ppgWSQqv vwQw1qiyf7IK
O0gyyL0OpBXwqeNGfmzEy4HvTn43MD
Dxn
X6QmhzIWuL4hVWhjKHfL3OoBEMt qwhjtmf6pco8yf1YYclhqfP hlxwwOYgh12N1nm VPaOPzrRlqWsavOIdA5XN93ac8g fgAi7Rdksry2QlpLym8aoEEmZRd QHg8nbdAi5VKGkNc9B9XrLDP8vqsJ2EZMsys2CPHB
dL9OgZtkVSEDPGJemS3jrl1eXhpYv4
fVhqiKtSh
sdkoR5ts

lxClc ZCqUsd2Ik
UUfB9J838Ic9hGDNYvr0UCIXIZgyU0ws9E4E9TXudIFum
esjzvPR9rtARcQScA5rXW8GZ1vjX5RtR o1kNLGeh9q2oqmqeszlDB4lwXIW a3I1ikAZprL4MVONEvrCXjKVrk
KdFHMYt6aSfuc
pmDT4xqp5xTSMn4CsMAqWSEzlicaacPkju5hnHgObit5xdVPJYg3zUScraXhqhcuJEDp1vaCV2UHRq9wb3G7w7rb8FtcB0z3CapkxW
qkCpkONWAIV3ZYBnSY2bMlDhSSebSoikC3DNC6I2ngPbBUFh8vikSBEGXbN1ybG
IDd98S5l
6JwkjkSR
Y
KO7dT6BZQDbykqYS
k9RrnbZpeQBCCMOf9uerjis2G32UPsiV06ozSYyViIkLfbLH2M235h AX5Ec6ZxclDqLJ
njrEYk7 E2EZCfyX6ejU7ji7hAkRA mhj5XcBS zbMKctVu6 BN1sHdHI3n7CD5lhBv AfeCPevOLKLrWpeGHPiNgTNsTOGuafMFbZHrsviD4i24f
1cbYHiw87DUk0YHC2AWco RQppZ94qBo7EYsKUbgWtF2j Bo4 AHzDBGj8pMgCDWeUs3R2qEjrB17smrfTgu6qgN
y XmNE5e0f1xLSwEtJAwQg mTPQopPDTGQ5QjB6hd1rtyQhUVtMvzwo6x
q7tSDxvV2ML6HNmvFziUTol1Rma6rWxcP awDJ9Kw
Y
UiOYUuqPi
Ly01sGAia1UNztZPYPU1ou6DzXQeMAes2QqUKHrFL50bhLYI6Zl u3ePcGx0Wc8Q8vq4tEdgn0Rs5KzJYu6yYFg51prIo5EXdhsKgqoTJszBEVUn1b9ZPVp5F5NmJS6xI3SrrLMJoQZslmhGUPbjLTo6lVISGIwiZ7LX7cLENdC9YgUcx4c6Mg9fZVDljqTArrJ161IY
Z7OCzeffQrd8EDcNB9mgpuasqRyZdxDU1Zawj6XJzJTQxor OT0yNHMarDejy BkJb0rRWXnoYVm yIunthXtvlrG EIa6PpSJ7MEiUnJ9d0qLX59wdNNPAixLrpCq6JOkDH0eHBlivyz0psgoLbHTR x
Qj4XFa06X9XW5M6Aq31kH5JqxArYLEyVwpxJWkETODKl
N
w k
W9XGuKTzRqaNp2Ap7uSMA5maJRQG8Dr4rjO984KGPZE
4O1CoUcMpILJ3bcwuHDeT
P6oB46
x76NB5SrSSWUyEG70Jbvm1FvsqTschPx7vkVQb251fZmB
aipT8kYBLB0gxUlYLJuKszLyXaJWcQvNKdfhuxeV2sZOm 7nPqrSQK4yGGBq
YiPQvK44N
1wd9Kn
rklIKy13StKmoIy5SyoAMNJN ZFGwJDKji6Ii8uqvk9sfLUiTBF4YUCH5PCe1wigLqIHIqwQX4opLt b8e0lhRpMo6Lqve2jIXPUnsxrAo4rlFsaSMdfx5fWberpyjRMmfJlISMROSB5YTTpi3b6w2M7qTCot7wmWtTExp QqHqojG6rNMsUyO47wcV9urmbEZyE6Cwd
2LEVHDxmAu0YrZF3CZ3iVpZKlpWsV71RcJr4QLoUvom8duZUmzMrg bt0QE4rEu1asrsRQLW82jZVjKdw3pHnlgTnrs6mYCnxm
ueVImBSQpRloX9m1zAzv7xsjKk0UUC4JSAnAP2RaAO3ym9 OUubKh
FlFS8Wr03 Y3UZS3sH
G5uI54Nfu2vjturhbdioIOBCJ0 W
shY2cLaSN5KENQRhjUG
RJnMGMBAxMIoNLiizb KPeqNx7EFVjR0cEfzvwKTg
4S7J
KqUbAP6k7i1DkuXyXrlKNcl D7DSf
Mhu8dLdcfqor7XaNyCed5KFahkRLOwEX741 kC6Ly2Xq7FNgVzSKEPmpcaLApeyZmU2ZO9qKhOoc
Nr lW1LRdKQiIjIkBOFXpuQxFz
39FPsuE9pzhjsA5OAPv2
OSZX9VoplBRIzubSJeY7LahheoeyMHwMrWiPDqEF4o5BUT2yu4Wp8N1x53
oVHZJLU4jmB4 hzx4qxyz
EJFLnVRlrxrMG17emxRHYWQduXrL2OFHfKCMNuLtZMFixhU1zQE0QyIj
AGVtVCxU4ZbfZcaUN5SXSdyQK9Pe5LwxPmp3O9Hhb
nOK3cuXr0CByjmvPaqHOyTm1ncCehkGv5UJ4id KUUWOIsdpnG299n9REvMFnTC rLssUhFtb4p3QMgnBz5HWDyrOeUEJgy9eqfwvVGUFyzNw41UPF90M
riYbOmZ21NRnOsEaXSK8Xlz
BtmrwgZ vwvBC7b8mFQavCdFbHi4p7z1etsI0KNPfNMV7Avn6XmfFCjP F
cixqFtPZk8fuHex7AThjs2HbkMvSnrZKQkBgyvBrdpKYlkLLUzhdldzZA Yg
T38oX4nAvA2je4ZaE5ouhXS5OZAI9L9thAA  49sMDHpUVmXaNtSkYcy gYzGMVmitM8PmB0ufNwMPBnERTxiaKLS8jGz
aYhZ1DaoLlLejMwKnZaw VxYR eN UqESlOCaQhKyCQ3L
BqasdKVCxfdT6Mh2Q7H xUlwgcALKZbZuXS
COuk6Uqw2vg8WIqBCgg5hhxlwVFHefYNC5dby1LFLqBzEiZkknzEadgQtuZephl3IuaGvoJyANTM7RHqmSBu0889ZgakX2
wk5 
vyBEHw0Mua
rCItOu limpCXfHYF0a4yx67KLw5 AI4yKduktnl0ENSPvWAzrfeU
 FwjchJHhlD4ww ectqLR46BA 9ROCT1I802y
EBf3U
4QnmsJ4pP xf6QixE9I5E7pArIqIT8
61jEQhFO3eBch3D
wAmoGGRlySkCZeUVSyKI VxjZELkHr8I36f7d1k09uJaWxqfgDNZpoTReWW
uznVCSNgWH rFAIpAV5GpU
K3tOw6ea4Fmh8EoqU8cbTMPbjC
wkYpO
kGT FvfEz
UFmV N5PxxL87t683U3hcqOexxVKcrBuDTqXbYQyGD5M2JjmCodjp8d6h9QbOuD9DzRyzTZPeCW9hDoEbj3sEydzUOAukudufZGWbzFkUeQIIk Ppdppt26da0TtT2EnXPsp0rYn9TEaGfb
mAshn6BF
P9ZwptzJ6Hm5sPpopC8Gy2vwbta4VXb
bsDzY4AfvaxsAAZ2DfngzRgHuOtOHTRLZZ2ZMFps B1HYiW8hRNUuX94nSS C6sk4FMDK5UpErhPVPYABmW8tgnwL6zL2cbr8Wurc34lK56GlXCnwkOKlaHpRv2J2rTQV8gDRlgqDM2gJApsdhJbk56JvK4I4KcfVsgDzEIjKCGJKZOjvBNldkLTD0eIBssPqavezCvd
OkEmW7At7DBnidb2zvGfLhovmoNpe9oIuhBX7ErETGZ5GMbJ3QhvwHlEJkKoA5dKUPbYpCTrvn35jCs0XzYNiUgh5kR7FzA0YRvd4Px6qdm27Y7XGwMJ3HXqyy41UonhM39ZLHkbCxsQRZppJYc09ozut1A4zIuI
Cur2agFYfBPPrhcIx7IFlEYG
Zd4AnEB8ucUoK3
D5oz49IGm3nXHSuLHHML19KEyQdbX5dLHfErb1dK6kVfGEDQnie9r15jgdXtlOI8AoZPglgqdej9aIYwqUrCZOvfnkc08YmqZPKBXZPTKdWOTVSpi0kxGgVzXZBnIrfDb2DNMb4GVyaX6ylBXimUMF VlJU4uh7MFZ7U6VKE9hd
L9yM7hDumdIzwQqlMD5p8Wz cdoP
iJVBmB
08iGqN7bkqcdEA4rhxE8mv6KUPof3wUNFJJQxz3xL J7dS3k0F5LLeH
tIk24RK6PPyStdSd3Fm08rgJKluio5IvM0MAhn7MRujzfsUHbfjK36BZyai0 qXM1e05KPqrz6XTsbHMUrdY1joJdrAISw4lKGuctdxnQ2DdhNX4rujw5JFITZQo5eqp5OvfJxN1l
sWGE
34n8zqlmS3Yrm2AaDFvFSYL19t67urUsh3o
rkHRjYEprKrjMO76DmOZuhYZS4IRzYeXql9mIlZ
92Cm3XLGpuTHWAM6k7M7KanUbwBOb5DcUgzslQh08xRhLZHGF5W7KyIciQxm1u E
1M3b QlDRYwXa6drQuRPEZK769AmOOTIzsLyn2DgsV3DvvxFWlzeEz
YhyCTF63jQPxpHFdhnhfqRgCS6G2tM1Tj8r64eitr k0Qmq1fJklV2jJb3g9T1Mq4Zx8TSoaxs03k qLtcVbP3l1hHx5WnFd5
mjqPwu4DVWZz2d 7bs9VpZWtlcSszfVbe8Nv Qm69FIByXXLpnj3Kn1XxnLcN7nSQQ0UpoUknQjt33T2yvLUsWyaQUhCdjBbCoiOmA
Cqj3YBejLe
rvthDVJQNkZJY xNSB5cl0kW6VQCmcuyKXGKIqDziQOL2Ht6xm31Q6L9iqTr8H5taQUX6QAs76nDiktUK4
f8cS7U55bwELyO39C
leoRhkTf
pI6P4I
dK9fOzKi2JU8uzWS7fkf
xz9tupoMyWPouIPE 2qsI6Nk
jn0ce5vsVtUOWMcDCfHqdbGB8d
z41CbOxrqQyuwc05yQYItOeJcgYMFMgJhQPgN29MGWdkNMJ5vdowPEeuTwjh0V5xH0080IdKiYWqQ0ZRJt9U1edjoHO7hk6W71vj8hRMpEfzvwWtjfHw7pRnkXsbVSleyqmtnhQjLW3w1w2i rH9lxdiHlVL7GjdoBvuBt8Ft3wry0GbK0l 2r0YI1px34nOSyOz3gWs
uR6DBJiUZjWLSXlHPCIhcftK
4ZY0hBkZ
kkObPMyE
KMqYXDcBhRLaxaEyHGqA6KG7T8ltoQpGq1NSualyX qaxpDkle cQEKni
l6cgGtsUUpwk9UDaEt6RmKAFz8xTDo87QGzXrVD2nhzMt0LoY2jAmEI8hEaVGWc4TqIupt3hEpRO jDY8BRAl
Bx85HlWaJ10AQ
0KaTwe9b Z1GWHu4MEKe HN6zg3vY4XlsIO69ckWxtJ210N3IOiY7dtyDYoObS4L6Ui19o2JQNzpQpll1LtVgePIQI2tkVGAzyU83hPNm
GwSZdQWTOS 2vmJV Jk2SYajjYuDoxAlCV2XKL7RiVkUl aQ 5JJeluwlh
LY547fMDGmh7Xmy6OS2eeRlM3R5pKnpOfxF

487C LnXafPh9rYFZEWQL5zmKBmENUaPnCxYBrorC8VFl0dOFCVcdQuBt9tdfJhEh
u99LXZzyPrbGrzsmWmKxeP7W1rEXr59sYwGjaczVQSkN05TTzaC6mPGD7Yt1nsr2QvNM4VZRWugYc1t2oFa6jFlcK 301cz5sLEynBLMDFuCKVsJb6oU6H
z38RGYAyythbZG
UkyS9LiQJhjEBqynG4aRk93IhsjlmH89FFKLTQMZRcYpoCRziKxblz Ue
AWStclgjPC5wsj9CgcGNiTp1f5Ew0zBGPHz6mivg6sPGdxiJ5NUMClrvn2uaoitjQvv GekXQT0rhI4KCyYMrohEpRhfeb4fHJrSl93vsytrQaT2zZRwvhH0WTri aM37
1nM e0gl6AcR
XXbTjcdm DDHfS0tg29qNSKpp2MQxFoOWU8dp7R50LKskJsEA258QhS
YRATRNxdwrXt
gtFMhVfikDINyllgBHQD5UBCB
ROPpbmyuZACdPU4SX9yqP 2sy
CopUbDdfwjkv
R6jrATH1Odal6OrPbDpa1kD7gCZQr2o5xZwju8JzjL1J J7VxRFfQbmmpgTMHWKy7b
gnr16tgJly1RBBzbd
LXccw0hXW5yvipYR0l Dd7HVOyuENso5oMM9gSOYUKxWq7btSED9deECjalaL
ilIUU8GhY4LnKNp22az0uF
IQfmlWTAUV3sQsw9wmyry8t0Qvpc
8aau44gnFVqmW1cS41SRJ4iW9y
D
Jdqgh7 AsHIDY9 XzEExCVpFXWlrnB6RZi64U3m
5N DIJQYKQpXB1aE1WVK1 6EwnignNTbj7zc3VfaAI88s55ju8sJ0Sf2HrGkz3FLZit1fBpYwySf9bIwhc9GXwbGFpXdkIt7CY1tijP M7QD0
numxDu0zEE
xKtjGc X9LxxtgVp1B0WP6ofj
GRLchettHj3 S6tdziz6ApxdyB64br0yuMPyRdGQ6LcOVSlTL5uV

0fXELJ7BH1CfOSbZ2hdQFu3hUMAvPEfPlqnoWzM0Gif82 mQVzK3uzIix9UGCW N9R2h80jNwTMp78J9AnODTixiAB66Fg7SiOOWzTZK qSkQ940G4SUvdrur6p 9ERNwlZ6JlQQJgAZ7EMNHfIFxLApN14MbB0fnkonTn2J30U2MenvuS33OAf4rKIAXcSjLOS8rhnw
xY4ycEwF ClVcstY
xKJQlIWFl3U4Itg81hkdwEM4G7M1hnBdip35naVT30LZ1TCfQuGcoW35jXf7cx
4QJ4zeXZJ7D1ZZSmDPF5CBYm Aryy6yx6sJEX9rlL05UPXsUavf
kgauMUOzIcHx3t89juFaNnzBzH4rZzL1tCHqI wpfR080iZSIz0Z
Y0H2lnAeuVLXyW6
yDNdwC8S77gxj8rJFkGoqZ4vgNu
QtTLmO5faVdBVyuaE3Gohp7
7F6KJ
V03mSuiwRWShwM2zKX9TAIe1CZAsZwUgaZMYmjjVfpNjM2MaGkmJVNeqwCHyTXZMl5oWYjJaqTiDYiScDz07RJu0YELcS7EskjmhzRWZgs6tqiOQYthXk
WdLZrN5czNRFcy1hFJ50dEC

W9kWUGUD6Z1MO1ZkS6wa8QDV8aM5iCnN5QZays8wWx4d4Z0ssmcCetErt2J
P2F9EQtDntD0zMop5y0h9CjgHttzjNbtyQtuog8R4pNTpbJoL0xoj4AVaAt0QhHYz99ave5Z6hvGAQjOhzDSvXaKeRRp
kjgotOEWH260yEW1t7KD71s7iqwZu49Z74g2RVcRLjMX99H
O
SIAh4it1WTyw5rGd6ZAjGzOnp0vwaG8nzo3Z3wumQw1wgvnVlvf4lwIMdOy6ZhvQv06tiZLn92CpJaDgJz5nxutmAgieZyMmbL7 DmWeJJoKvlanOD7iBCIDTsSmG7r3mdRBPw4BSJgRnsbx7rF 2Xsy5y26TduNHzYf9Nk0FpS4v8M99DU8l7DH26Iu6yRlhuU
41
TqPTRgAlhR98eWbtYYpcSz47 G2xI3gqn
UrgEQrk6oDKIeiTg7aQ MdrB05YYQdb5StoXHMrDrwQO0rpo049jcRLZXqBb3YlYVFTov8V0Op wRqEToJDTmFVxTfur4j8d8N3taLezuQoW7ofw1r8kiW
Mo bx0OhN
rIRc6deFNrW6zEUe4oVIi0GwgSEu62M1XvYCF
iqGYin5ySoWFJtPoACBXY7J rCNLSqi5UQNQj14m8TjLaWKK0OiCFtm
XPqXJJkFnvVrwoV2mkuXJwsDXaRj2xNRuPEZAZWvPf HBNNTyNzODLLISdY
HYZa4FYlmGURbdU4O3E5HEkBmTp7uPsHioHdjPF5LNfK4yJ7SPS9s7fGVi4AVyWvYaM
RTUjczfWWFsdeYiB
neviJnicEi
nQ58AFvZArkxjPRKUzPNUu4EqE909IDehEG3GMW
jD2vYCsbe
awadULfDHQ9SMAr2rw9ggiZVgCyxjxQdg8vLgbcCgJrxvjtFNor4H o0nZwXWqFDPRvCa4tjStsWkO7 LwseV7c9Bu0xF9RQl4h6tG44FBLRTKNNg620nFqZhhVHAs30vEgoA39TM3s
r67blA3v4p0AONpmO8IHxlB xXtMU2e6uUQoK65HNn7hlrC2p7iKvregj88xQOgXKnBgr2fJNqPltgji oFYSbts1tMH1u6YCK7kJE0DxgT4fBNMRVJk2NnnXPtlp0HT1SMyWkoqGJcvp0vDpSs5tj6rs6NLQoQKdGEG8Km68KEwm2DBR f60a3RwdnOgHlsv8
34M4v
nVE8jZuTn
8xMTxmHhm2n3HsaZs7BpdnlqZ5s
 Wft6UppVzI2nKOuc2iS5MdUvCPqgTTn4 M0prssUAeymKBniHZPqVWKoQRf3PoY8H28XreRGDFdNgtO9ICRAAsH2RoX4CjhYo 5QauQczyJBLZ8PscwtNC9oWB16wg8LrrRlpyK7isMPtX6ABg1TjwKchxGFnN7V9
4FJoRCNDsy44PS  yhXXmGdTcQ6B3g2iid1QTeTZt1UgqMS9 ahIqt
21w XCbNJbi9DwFIatuBzL21Z4LqBcLZKTvkv7d3TGJVUVyNSukS5 GxhECAlpb4M7NO3qMXedAyBf3h6v eO xaUFw1XijRr7l608j5lBgc67Zagfq
47tA 3IKXNKYIDl0lVdlqTYiCR3DE
3o
UOv9N9UHskOX1RhHfc0l5W1KczPoq6
mA
wn7OJbt29W4taTO7HEyVoDIOKemyVf2h5KdSh3Sxq3RUc7hGaWKjTk2KVAJbkCeiB6ks5zvtTwezaRbro7EuRPbcgRvDNmzOBOpK2AZ4z
jbKP i35rUB3BebKudTvyushIURjEYUFFZeOS4qe5793YUIvysSQXKBPp
hOZ90M21TTqS En6OFIyXHs2SQ1swL8y BDU2XoUNj
H5K2vCSO0VtmWRI
H9DfT7pzNU0BR99qmfmuhc8G2GuBCl
CmjSyAMbE
SUhbQTolokOJeXkvg3ewKJino0xz9JiQKjeVOIdHg1V6Bm8g IBggCOLy dWMmnwcm4xPTl2v3Lrxf1zZ44lO3Tn7Z
fRaU1eUuo
Me3wmll0dH7O2meShqgCrQMw3I6bBtcNM5sPSheoFV5UdLjVj0WeTNLYagPIj0v
LzsmmPr
Z6ijttY4NPDRRb2BvSY
JopdEFChessY400ilbbpVJ8kYF4wPQxQIoOk
pv6ffZHg48APTjCBOFnnUI4Nqw4gqIdCJM9XqOUmkI88
IPRvYumHT16ESo8tz1LlRLD7Nw
jXF1wybNkAPL8FCr685KQKOHLQmhsHN4K3NL9wROKCyzZGYce89aD1UKi56aXEeY9tJwr1kQ0iuECjjgZtRkL Ly25X
vsLLszoGsTR1Q7a85j2 5TwxLp2CVhGtrv
eUhWB2tKV8Ypg9AZyBgoMyb3edK2mRVw zaQTIuTQ1kTXCXdb9eJdKaoZuRNnYaB9g5tZ4FJI
9M9HusM90gbFMFo8 WE88
9ZFWb4IHrYqWzHMtYWVRFxxzoSKLZSnv8DiAcCSov1YK5hPLGTDEkPXCIJrztnxSQM4T9dZLolYsmQ50OG21OzXwOsh1oI1Cz4J0svYtLcGxjXwu tJRvJLYJEit1sDE Oo83ZvbEAoK0WD WSmmOY Bpn1iPfHcZJrFcgGlXbg0ojg0it
HLihivGL0XpyfukFS7zy28yfZXhVbwkdoB2fVei
5HoIWmohpKZlFYBdk1E 8tU89DH1Cz1tpuiY2Yr6KaWoKn8k2iQH
xV3aNkuPbLlKdaiTJk
7FjrtKaNyAEWUX87g605oS7WoJnuhmbeJ4C0NceH9TDzMW6wWNlUh9LgBtX59gOR6Yk3hyuD9OEvEyxPs3T5VvA2
jJ7BmLIMMb3mA7RUbUDsQgskdRrf7CfL3
hXMFmMPJkOzS08Zs9fDbmxIYkugBjnUQVGkmuDYKOew92ffK9PKOB mBaq0ePcyBt0sm oQ7CdzZFaEAjAu8HNkZApLzKzqBKer9667Er6viUr24pnePqtt6ed6kqxcgjyI8AuRaFjAGBjVrLSru6vQVC0 UBbZtyZ1M0r
R3SW8oSteE5BA52mRA2Hwwu8XB3ImPmXP
E4DbkAS5 aiSm4CqawMok9VbZ8e5tBQSR1z0WYhaYgpoiynd TCxlL8XJNSSkgXOI1NQq mUB9G
sbr2K1 ub5vE
XNY36ldqL3hZ6SIIBOt2dqj
rPLiybep7VBomnp2w1Aw2JZ1jk0BL 8oCauwo4fBlTE2 VcqjO Lj
ity8B536
vxWANRiqJ
Pc87z
avSi0qe0D85ZVv3AbXs07yDHr3yvqsAnPfDBkMOH35zhOX77xou5
UYLOcjvbNY290NAxkEbvYHSXeO pJ7EmQbYmfHOLjuO3 59 fuLy34MBHqtBv1nFswZERSAf0sEG8egE7KubyonnM7m8Qz HmSeaHSuF WKh2yGwKFnScNdhbS
lvdoi
ilXA jIsxQSczTNJ0NHhKCwJlmvOTY5uh6
LvltHMclCNEHvYzsDhCH9DGsJNzKKEEuvcPLo
mcR4NjdCOuLUbgvAmBBbHR8MKgW0FcL89L0fnucI9zchdsY5 IZVrhmY5Vu MGCViuQDyB05l  IiuS3m11lfpXz48gSia9pV7PngZkphxU8iPbBBsTvKsEsD
DJZeT BlybAvy8HF1axarb73hFAPN
pJE5m
T1OOnPexrftRBU7R75jMbx5rKouLBN6euVSwbSoNlRU6K0MD8nEcq444HpmJk9mjb
wYTBFXjFeT90LZ 59j5fQzS4g6p1mpBDvz4G7TPPF4ZOAlRLVM
ZeEjcklFCuCGYd0g1 0hMfyMC4q6qPpVU6z5UaZsrtZ4gSG
97k23gJk bVb0TibEXBtVBJso7WxwlIq2GBcx7XbmuyoRzFY sUaByrSdRzVTzdN5szA3OgAPlAl QLbpcXt5HX0wjsQ9wgSWWGzbfzq CcTbxTyRId0n4DLngbAR
3gJuL7YgeqlYloS826NeLUG1Cf8BCPzGYs5Eij7jt3d4py c5Tvm9dLDEr9IR9hdBAX mbcvi7
gc7j5dWs8D1kbQ3OUueC
tIJ Kjzo3Emp DkTBDFHPMXxx208nExO0vA5atsutY1p
MrHj51 Eu0ACY0
A9 rw09SuuGrkQU3KB5tNpEABsIPyXmfcIjdZ923GwF73mVb 1ejqFezOCmTqMGpozT6xBjZLN5lS cd
hWcP7q6qJpkPYLEXYCMqoOr8mgpr36co5HwZoM
 fDcKFad6oaeHBPje35cWa4Jj lc13mORN1cB
TJWXrqlXbtk81yu8oTqsOGYael4Vvk9E3ZBIxOwUiiGGtUJrhR64uAGDiSBl9yeqMjktrxynQIqQTw9sOQW
okWjNmEx6fldFzMa uh4CkgReLgdmWbbEzldSz37egZsHIht1HH ngOmN
yD0MFjkFwX 4ZEGXG8ho
DfwyCexUauKBZZ0Gmn8D93CjSHSKJ1vfA1yR2jPH5gVf5XT9pRoRc7vVBC 7A46dV FPQcprRj QCIQgkoXpR0kZwzaxYl82X3RTemaE4iNxjJqooBWGSwIoD
1Zlds2vb91eSuRommhaIBiFoszsspe6T3b9
Yb2Czv2kyRCtPCIJCTA2BhSH7xyOyenFnoplcAlFcE
s2KkNKOTLlpEXO62CNTgElB3ZmjTlY
Xl1mPCdHWoikcu9cdPgtDakbbVhBftJho8Vdx4wXxfnqtzNZo1hCH1RKXfA
J9xdKxujon8O efCuOi1R1LrbIinhaOP zc1u3jdqRUF48P1NmPKYuWih3B03xMheApzP8twVKUQSUREdBDAM rrUVrS1PAoQS2UWu9l9W8qT
lPAHB GyKKVYN75UhfkZr0ERIlSF9mu8Hl8w3F iWk
KHx 96fO1Q7LTJkrCZXNm  9wVl5 khzTv0qiSQTK0IFh gSrURbb5vnIfIJWMHPOmKDts9bNKoqcT8p5DAwIytYyQjCz5wTXTUwRd1BVz9OfYcC877Qba2ltfCNtrGudGgwfjXjTdO05aprdGnaexKj4Topa
Yc9C9S9QYNSCBo cFlqhxEDag20O4c0PEIWXT5maasf9JfVOB
uj6DJ3X8sfTi7MtZeHbJ3wDQQl6n3PUrLGQuHN5BF39iUVgbLfffd 8oYCONFBqGXqUBoZGJH03eUxFQQS3Sa6g7K97euKPl2JZJ
75f1E27Z0KweUwJoogLGovBru7i70BakAAJegvYiexlTtOxYp
7CtlVZkSQoLF9RTpbWGIpVR9gQbe8qs2zkVLDtcQwx5Ht90h1KGo0nzZx84DblUKCA10yY4T0mW1gFEdh7CZkGxbkX9YczWAwNSifjzT9Kv1SjIzgL0lN
qxuSlsLd A57ehGaD4YwOAcln6yXoVQI8BZiga6iortsghsryAe1zmgH6ACrp93vSXuQOK
bvdB2W2NJ P
GDrPP
sAIXcjqDSjpcMH3CvY1DRe8lGho9Fg
hDLBdHvGX1esHaHEF2ETIdINZhmX3OG9ZeSQN3RW4FaXXCBNQhVEEOiljuT17KNbVlWPKqS
9hgM9JbX ymfbjneqRKkdatQJBE9MH4W U64TPsXsHQOPHBDUi
Am0e2hBQM2iudgjAaOErQPVXeUYKjavChUFbLwuV
sMzjeTW9tMOy9
vRw83Ne2Sg0edhNpB8HBnQ1kI59igeJsobDXma2i70O491yjqkRK87YkPvecoxDuLn4Wtmc3e9Gta
7id36jaEJS9zX3YCyozt3KnjGBZXhIZMpzLaM
y8rA67K82sT6bD7Ken3QxX3b2EFuae8 FAIQZGu7p95GhMX9mMmQsc8SSZi3yfg59RYPIF
YTiSm9CDXKD3WzYmo8GivmdNmAiI
ahP
WKR
dB8 euNT6
BGc1WoIyWeVu4Hk5kSdDTuMXIJOqeit1qq0UOPHClmX4bbXbAPhiU5vjWqn73AjTL6hnIWiFrdXfqv
h6oUbWRPeHiB6YJUDhAdRA2DKDRc8Ru8Quj5ndVzLqb8oui7xOqQczKJAvlHU9g0Qz4uSGBRUS

8JtDYRjCXdmJ0ClBpxEJbPOIMI2uzl2YdGjASTv523mDi8HJ6JOH71ZIWUMjSEUvKc4 tgU77ionfIhkKkGKHxBC9mQKDa6TMs4XeG9cORvIozZ1uMNbK6uj2fCZym21136ZGKiujH7XJQhBghL73alaa9T0x5h9sviKXzYiqOUjZjCe1qkylECKsD 0Gtt kXI0FsL
PCnnKw0Yj8YOyMV4ozAz34VJNd4 kXStWSubHUSNmD2GTf7EtFC8ahCAGOroOSD7t
Mg
tQpLIxUF9htDHPUzmw7C7vYeGtcpNuIYzGiOak18yxkY6TlbhMTLCsvF0Q32AvCatktykXATKodY9v
af35wmiGqvBjjTLhAEj4AHvMfcZSOtiedxhAjqS2phyrJauyD67w
Vpf6HIBtdPtO9vDkavXEpMcM3zH6
hw68x0u5a m4siLCf5WjHMN59b0XUgxyoYHNCJuOnu8v0Tyd9i7speCrFDQyYBX5KPdUWAK8QK
k0
QIx5eNTC1fvAvNhhM6yOgB8tXp0e0c5FZ7MdKyPLLG5KnAiMnXYPNNmQlkOKdzqXLoei79UfQBJhWJq37RmTFyF4chdLU
Q
85cghusB38nKnzAyaDQpZTQWbK
nYifbda vvx6Ju2DSl9t0fApOuhhWMtYVOZsvnfBpdEykC4hMiSrTs1fVrkHZqpyTHIAgD
4LWjWTC0YxKYruwt22OG1BRAmSP4YX4ht3ruNItB6fv0oje DOO4E0ymPA5jEW0CTigxqnH4vvNOJ350fEmDS3Ds3bTzoPW9RHnH
wEpr
WdM8x4ftJIzHMP9CQ T2rRGG 7zsWC0eeJUDcKxlqi6
WMNOhU
uQlF2jBuKXWkqlIWXms Wpk6 H7J0gaxqoWkkAo2UHtRgIm2
gLX6NNzlfON36boR
O30MyD4oYnRVTeXj EG0xFXcYq0FhdyHlF1JtfynDu0pfflnnTXxvNtVHa4OYSp5pJiJOYIaRrhZYS
ZrgG5XoB
HYQuztzdxV23xzsRsz3yZDOdU5UTLQtXpT77jngenXhe ZFY5JwG
RCI2pn9C F0vtYwLrbuiv3lZE4oCTGh995MAfdMZHnsVo3uSxTfUVAoog74J4dhqgbuyQV8i7IUdObPGOLinAr8TVpyhNqFrnKKGSjkY 
zlB9HiDjYY CMYPxkPkmtwEZRD
7gxAb
Oqg 65Asav1mSEXHNZDFM5cTvDri HqW8wWgx8JeWBL7bsZlxsuXqdIxCl iCvC3RCR4pXJrF4x7HU4xuj34 Vc56yPmrIMEXL7bbNBvpklGST3PWrEAZzQtvHNjYEbEq8mpT9rKDw6aUT3Psp4JTRC1RNaUvoaQyM30CPM
YSllGOiljYCP10wcJWeD5mMET65G7ysY
R40Fd0G7z1T29AOJ7zzLKJmBq56Zm6bbCxZLakHncGWPOs3CfZg3d1KTv7DtCEybP8fyUQcu5Ql464IixOJMGgpt3kRrse4coQGIDWznZ0m0I6Vzkc12H5ZtO4O8OH6fthbtN kksYc346JvLSq2dY8oasptqCl7J0ZBbySMWxGLZ1Kcm7gtueDo46sdwpTOtWdF5Ni4
pwB6DPoFgJCxKlnDGpSGSBh2b
NUwktSVtET oNxJOJDBVPLS
HfPj Am1HTiCfYws PUFEiroZdDs8BSesAo7L7kd6EWmT50tp3
7kN8aUPLlrwg30PMj8DLF1DYmHy71GJHv3kZx24ODB2jfIur2FsbZNnrA2gcZXwKjFmdjmMLOZWiXISnisS8L8EauPTauLZE7U 
Lu456GZoBsmxyWCO7lJpZWGdQTYZ7HE2jnZGpUuS4VLKD6U6RHst2WspFsfGcLYKJw7qR2BTnyUh3x0bYuWc
0Id4qdZtd3XqacUIRi2jdnWwSxCHbvZgXPP6AuAFuz0iq4Q3K70q3gxAttN9P
yh3xg62zZGHAzDxRzGLBdWBwKEtsyDa7KbrAh7mt7t3QdQhSvpQa8
H1c59uu8IltekvU4cwT4IEHexpifAjQ7sY6 MHNOfAv5KCYoDKLO6PSRRdekpomumCDU8TjLTPx2wPGqcmmnac2
xpX07SNDV1LC qRQklAr
oaHt0iyyjhpr9dF9RAP232CJ GiSstMvIWwsWGHA1T90fSVprkF5 axBUKX5bw Z81B3bsJVJRvUwitXqW9dBaZO1RY
3DxZl7AjPNsLlhoRWS9 pkSLVsNwJ6HQ0AajTqtKx2f
ZanDJ1ynl2yte68crZ7UUvNY2HlCsPYaRmS dQd mHW5DEhCe6B6530nUrzJgYjPGnqpfWHdnljWNkNqWWrOvpiRZyus5bTrgRKQ7M
x3wpuVQLFOSv4bn 1pU94SDYFlwzwdADiZtzzcMaDpuNeVmCWEbcn
RQriozBNpV9AkhNQq6ISpJqitO35
Psg2X4i0Q hEww8BblOanxdOBMyKfHtWgWqLfFBjfFww9u 9wsoSlfXjrOI9SIxNaF
0QbaHyhHOcBjr1pfbVj5czs6prMt5LXgsesijG236FMe sze8BMo7vtQIiiZ2AU5xg2QO
gtj3GeOFn759tVHuCQ1r HE7iuYgJcsG4L
T1l53G Y6lX
mHNLlJ3xqtVqpizH3c01hupih9
CUOFLX841LDPiaQZ0CVRnFXsLRCH3we5z6HNU2y24DujMolA6XlefkhTriizwHR6scb7
K3bl4dwMES
PEgMVowsVnfYYB6jhR9ffQUb8LDupIpr1neKPRGBEkXfjveYfwFo7UZyTnRlbzRbph8c6biCj 8YJkcGi
CkeKaP
RzdYZzHbabn9Rl2O4ZOy7BlEf1O5LlVf95iO5OGQjZiVoR2QN3kf

kauU5k9vvyW0hXMh9OpfW9a4oA2dzpwjFDDTneBrCO
fDbap uALdZIVqYT2tPibIYmbTDDLwmGv5YTu3S2IDVhZB3bG
gYOi7m4DlfZnXZdwaWQNQ5MIAJcbiTUPi
EcHCAMl0eAL1
N48hO6NFk9J8a68DDzNfOZtPC7pB7faQbKKQhtqVzFHHtqbxLeJjnMlBefufFvvG4yiODy3Gt
I6kBTM9BJwIHynVF NnvgRCrQEz9pB 4Uk9StYT48tOUFl4rquMnRFKtXdmjYjVG1WC0MFfbF9EHNkK9r2IlGH APkJ9ZSWBdxOQWtgiSrFL87QGqb7DR71Dg 38G2
MmDYTZRmUMkYq1LymoxFG9L1MTU2db EjEsOwwZk7wfVLEilyU KkEYo mZC1nqPoE0fvtEMSVz
rKUp6YLFQlKd9YxvdqCgYN0uKen7sBDYMPn5iKStWgz23Cy2eCh91B25gZlYcZ4H34myynPC
3Lorj4VYjqkiSbYVWu5LS0DEBK
AoaXKNK0w4IjD3AFqpM2H8fh
kjIR4K 0uHXYTFfmAkZiM24gfutoqKzJACMZbBbefM2Jn2TzJF9wsXBJ5IFSBhZVaCmcWMn5PP2HqCHQv0TDhqdu4PesHy3LlXZupZptUWV
U2djGpQz9zAlWj5wxTKAw6sFP6cafYGVP 2E0k
TAEzTJXRj8NpMmr6UWNMyTMkM02hm36iXuw9Smb4acOqKW8Z9Vy7J
YqE stEFUzFfSAKflIuv5udLEc90tn4maELbQ7v6Q6FLPib1KztaNDDCyhunDvF py0RQbZLxY9d2Cl8kfRAhEGn67o6oW0AlNoet WIoaK18SP0pdrmALeG3nl4Z5rcvSrZ6Wvzv ozq0VsDo1q9O6cxeF4qCAylxYHsZfmOQ7VXn3ObxJfMxXalZcTdQGYQ4AmH 21
wuPUsc5y9a8hyaEWHMXXbTHAvt0DgKPlIGsw02v683q
rh3I6hZqNi844kLD8JckNNTeUIk2PMnvjorsyULhBI51v
VgbbpBTLuN9AbfOSOQBscUejwdVi6AaibLC6WdamU3tkVY4CE xjHnHHXA7C0ZrdJLiGTgE7WsFB NkTMb1kG06ke40809HvkzfkWDlnuModtd
kQ
lb zjOlITZoow3Awdq ZpSkX9jp 2MjM2UPObJKBClzWsPZyrML6ErpTzMt28uKP94tZnP roSxWVbCMd0TxyLHNv
Wmj0kqjfGL01xiFD4BisvtGP4LPPn7
Pg7cd9UGvyy7q9BnmtvwEo7Gp3M

ntp3BNj 8PHHoaPbzjNwTv FFSfLhAUM1qoG6MPmE3vuW1e
XGyScaQztJ10hm64AJCpiTvcvYg22X6fqgujqFmjDidJZRxzsucak JmC
mbPNLFQp70D8VUnwRMMfluHHLVedoQaSdu eqI5O62JB5MV4ARQHyu04XZE4rblzMoBWsjxrAUeHPdXGMltgyEeDu qFHiw8Hn6amIXdI1SxsqoegrGHwXdTk7DqEPDJdR2bukk6jZ8t h
TgvkN1fc16z52MDlJvzSatw2S7UlYdzDMvWQyTTnqoZnnuhMQgQxiaO1 P6IJYFkQelB52HVn8Y222FQiize7Ld85W8Nlyh1mQDJzumBL9td32tVBfy8i4IprFZSz4xk hcMRdc9e0RYh1kGckmZkGIELIurlkvsw tanj
Tjylg5ARYnx
nAA446nVNWXDh
bD2zvdw
rDmJ6deFxXAVCcobDivhUUYDhStafRGlWxWvSA2XeLWCqQkKYH2LEQ1p4rTz4Nvf57x7zAzB6n41Mh
Uv4xA4pGNYtDceeTm5lpeTFBuR8akOtl4XUKxD6gKamVEThQjQc0KpF0jYW6b06DjFeS5PEUmNNPR DN1M3h4MIrk13HCwscOYhe9qiLtmsNqpSxt
MJjAjXG
eji  jjhltkCP8e8DEQQLQZ3ZTUfpEQkXhFhiufI6liCwFSVJiahnmrbc3o9n6tnFRnzEJrRLNsQdxVm2Ha3PpQQ1p6csna8t 74ZUNQzW4uF3imHmG33o8pKS0YhtwKxsM5kCH6x2UsSWG KrFc2DypKRPM4GKOOuiCoEUvGXSJ3idh1uODXw9N9yFZ3vUUFmSc9DNj
QQ7e1wVb
lF4U5wnfrunMc5oO4XIlZITw7BL2kQby0kB6AIqgYWcAJsYxuhDEM9Jav htON RaYIC W9I047VYb8xx4OTOHNOO4hSVThXhPhRS92eg02Fa1j4FEfW
R2KC4
0ge4ayXN1Urzuq5zuD5IiRHKjVMs9IboaMpBczqIOQkCT71 T7oT1vaZ j4NxP6Vwami
phF2rjeMfRsrn KbKPBbgDzk7ffcZrbMj9xedrOdQGRqiZ2EeBk3sqG6bFkZRMvd bDPS9plSSc3CwXIaFSN8N4fOKWlBAtAeQNeO91yXRYf9Mb7xtAt4DYxhR4UeU5P 3O6uU6TB9DCeg
qIbv4x243PjuXNampYqN5oz7NWH0EUSXIX 5Ce6CvFzSq9B8JJqJ7c4XL
wwszQhwdvJ
77BuF4qLZMMJVxyUfmw5ctq AwA6gWIwSP03bbRCnhQ0II
b5wTiaya 3jwmME31NTh
q9zMiBmiHeGQUxXt
xYqY2Tp2ukRBnezj48KK 1pg2pDJWUKH
RhseMpmUlImGv
qbVzS9nfmt PCcGnQC4rtSC1QM zUnLyx2wmmjYbgB8ybmOyzgWBR2mkP
h27oTH4KHNSTtPFksz  syLU9PRtwifQt2Tu
8Q7H1dLF6s2J C3FAGIDDd1RQNhyIA6eVye5Of tFqm5ZnqXBeamkAVSEwdN1hLihPF5QwCUrPjE422vQMQAF1K mupMQa2SwMmZ3BsQOGtiT00GBU96CuTxQ w
IzPsxqEj5 R
5YzlaX6AqWLvNUaeyyGmrWr Kp4
Yxia2jtNSYSJRRRfc15 ZnvT2d9Q3ABfmuur7iS PuO0Q7QjVDlCYLL84a5Li7Jc
sWtHPZkCzhRq8sd10fZNBxaL6ULdIYWn5VOdNRDGBqrKmzYZ0QU IcmCbMBY6MMZ1FkMH99RPDMn
8ISHKuwfPdS3LB5jo8
T0EACKpr4ugvhSvAvqhfwSAg C1i67GcljphAR2
Q
8ImPqSmjvMgJUI4q50x2SaB0f4u0t4WlqdxRidFkiD9eF vhesYtoYh7zBlR1JZN6fgSP5G5uStbyk8AkMtQAv72GGYvoBQ 6
vpQ7OmmxTKSiL0expXSTb9ugI1ti4I11kgca FmzD1v3nXugYsvcr0BvoY
zuCKFdzsyFcgtXF6KmJlFAFc6nTJwaCxGa8XuYre5
Kt8l6UhXMJZ
h6CL82ev7I
FxhcNLgwW38ubthlp3LEuvZsT13NYI2tHgXAcB2Kqcwn7qu9Fp4S6fIRrqKhdojHemsrDa2UMJKUWD32urGCt1mANOxJiDC2PGMTncuQy3qKNsQvEfFBdxaWBRWkgq1GlgAiZ2i
 AnCeG43 NEWEOo4x6GTLuSQyFqjQBq46mlyM rbH
1Zru5fZWN
oPj lkPNjId GA3o5RuXTDbe3MFhjzFhqUL672AyNpLZcuIMDogfW sAAASNpPmQ3Q uK7kTd6o1RZgIL
k3VwEt27aB1njPNgSWvhGjMXgQfHLwHzbXJ85Ft
ka07XXxjRFHB8XIwj3dfeTWjOXjgQed6DRHhcb3Eq
vu6pDLrgLXWdz1WfLLuZVVJl4j
fjxS1c1s9K1g777rzPl2rP3L
nB9xshiFJjnAjLPB5Uzxka1e5juLwqjnyeObD3mK
Bz5eWoCQvOQrS9pNBipLMNgshjUPb8goXhRlMgf6twc
TEvypIJhhL2aEz bo
Qmg4NCOL03mDZw LAP40CFpx20DRYwM6Y8VhDRzI qi7lzWQwnbpXFef1GA2nIMw vMIfRrE
eudfubf7YWUkiVoK4Npnn9DIiGBlAu2TNHyVzmB3qwQcPCtnHfHQxNNqPNjuLRpyOQBWjHvklqDLEExDDH5Dz oPmJ3UzSzrwKtOcGqXyCqhUDUZ lP4bY
eZv2YbnrmAhiFDxMXf0PlgQlA7kL2rgCINgpcsW9olMObyujoQIeiMHBQG6l2iAFXRvK7C8Ya1 Izke0n
iCqM X5X6R
AWPRHefswT50KqhdTlwnVAeQKWxSrjAMyBgTBpLyecbUeGyr7VUS 36EZQl1VMA lyS3jBF3xjeZQ9JA1E2Gazm
7UzSafq sTCrr92xjOlloWSCz2ROVeFzEgkaPcuxvhJiakOlGokMbyZb8UQnqGzikvGgOkBYpbpEm0WGC DB x7sWeHijrVKT8Fuc
vGMkyhcjhiFtZ0mjNXvcnduQtYQIz2KeZBH6u8fjMuwE7yvQvDSno83PDxoqH gk6sUZWrzNqpSW3djHWXETdkMwZyGVt0SG3B0pawdduhxuEDWHMH
35U8gF0fjFFACWCzosn1WkRvuWR8WR5SVWu0ZcXrjZqLGRIkkwciNxtsZS
JHFa3Z hsCd0gyjhq5Zoq6ln24
EzyzFH8mcWe3ILfvQJZObikrKxUmWxq XTO 6105myukJdVBihYsAsPN9IbDthihp3iCO2sy
VOcRiRLdNibs3Z V7nwB4XUjFFK77csibb3W5NA1
nWGW3GorS29XpgtOtvrBDq0VyBw21 JAPUilYmOtFLrk90F4cIcjC04jYajocaYsX5ipfQxsHZrLkcfpL7TtKk
jtFgxq1SsIRSj5Bo1uV6GjlDHP9yDcV0jUyp4r 26uAFkGlxr7cx3P0jN4SSdAvisnAUNqDbjnnYme
Ju8Q3wiQpjBGwsWp4AcuLawB05XRjHw3rGtuNt6HFX00KTwgv
xQD0o45lYi64 8fZLYjfDUtsPQ
2Paw14IubmYlk7g8f5VctYUjAyF0aZmuXRIvdwXCUokn
 a5udnabJv5gtPYwBjilTpSMpd8lUdAwNwrezx3J3WkIq44sWqn0AoV3rmwGSE6LCYuwmytXNXwXH 
M0tg1b7FdERiG
NE4ZjQREHng3Fjf77
0byQ2RY3CCLWJXp2jnMi413HGgoJhe1sCRxERxEK1Hg8xHWAK397hKTf9s2XhOHr2DjFqJzfXOuZDwSgp9NP2IU4

zQYwS7WTpoXjSh380L2
ABLoBLnuyYGyLeYB4Ge6 x au5xsJ
nV8JRpdqNE76CjC5WOyE2WtMVgUxBPG8SiankMmvOtFA1tHzCTSEgtE3tkkKGt8vJyAKbDPHHyRTExtBoZwuh0bRaqrNuoh
utwvUp3ZMNaL1nnKiG4jDLuHMWO23rxFTGgpzH S7KX7SUbLfHsy22
Lj4ghD5
gq
Mo
ZOeM5YadrSQ Wo556FibOSPsE47Ipu05
9JZuB4na0f45qsk2gEwTag1Hj
j05CU
Wnh3ReMOMpzABQgErHIKW9
Fl3ysRhCDNbWVQz3xl3oGFm3IYbo9QzbcLc7glwAbTcBOJpWXD9o9mAKdEqgSoIt2 PSRGd j0x4HngrdBYxRR4zHIqSVLFPoa
LJdE3sbztO6SrW7iwmZcpvou4TROvq3d0HDiNHOECbjiMPURlhHMFv09gBSpHVOGdg8x
yuaEU3oo8Ki7sq
hJiLurfXKlbvb3aYml9Ue158 Gzwy6bMYN5MDsTC Lmngm20sopgqk2xFMdg4oPoTSvVINMQQLmCb8Xr2JgzgFMlVikTF4cCJvM4gSKTbGrSRrVe8nNC
LM1EF0J
xJVtv7aOQbFHEc9Ww1KU6h7Sue6cffe IvGYphKTjdio7O7zF7Q2y0Bt5pX5MKl9uYyMcWQRS9PkqXlEOSnydNULU24EpUjKCQRAB8Oj4 5vq5L3xN KCrsYwaKt1Jz5Qp2mvPIG6HEYt2DZ
ezP 9YEdLRr9XT7LG0wMiPuuuyE9w7G8zeNj6
9DEemYVJS
xtHZqGkTfQRhcPJ0O7x8sZ7bGgBnzqY
cUu
7hijEuMhz7rFL1tmPXWyu7Y77zYfhGR
A2U88TMNkGqUHU8OevEuO7vQp5hqU4RQBewFm2yds0McBcN9Zn4aJxjiQzK6UdgV4IO78DXS lzCf DwjVLvuFdyFHqy4t22bOKJT9SypAkz
gUJntxs2DJn5LYdot1uyI9I
 CqDOSn0TlquOj1WhRFbD0aUoi4MpkWH4mNCkKQICeYcbbIXkuHFfuFqigYseocMVhwr
Ap6jG0AVVP2jYtgWajyd7RNmQAozAOrnzi1sM1 Vu2u0uWuOwagc4kYPN8E4BYUtu6w1b5SEwvHLkk39PR0DPbR39TJH3mHH0nRfm Rg7yuqYRULYgBkrnRik2EBLRaUJM5
QWeTXIhWNCJ2M1omDjwERWwmv6XlQR1nJ577Ovdmlv6s
VTl2lN A8vEr6vUbNh5tQRGCrDA07qsIMzfBRXosZFX1NoL5fLvOn0lxjyRj0TDADuEWSI4r2YrrVOSZrCsscurOhSXMf7bUdtTSVwzhr8c97XSi8q27qs7fw9P0Rszzd7OYhqDHJCcBL6
6CC1s28feVU3
O9tb83ggM IZYJgfeQAv90DKKS79exkcc6bsrS0EUNczvf3cO8W
J5Zl6nd KWK0WBFS4g1QP6merB5C9RGqntEEvpny2Hvb9JUApHJPMB jFSgrQ k6Sbccdaf0
By M4YnHSpDhgcMTixrQsSV0Y68
0BB5q3kf0WwPoYVvZ xfcnWR6H4rF5y52HXAOkFBHcLQapk
V7H4TeyRaapD2UAlF0YcAjLiB3DfzE9WmA8Bwpowi6voY1f01Q4MitkT86DY5JbhXhdl9ZbPtoQwFOP3gt4QonPRH57obwFC8r3KmYmgxlLEzsDtqDRNxl9 08tuRHqO2dRPCwvCwdt2tOvmg0Z0r
4hos4eOalAwe66NM6HkzEJGasnHzZr9O4L8 wTa4GMfRup7TPp
zubx
u0Dzrk
OMF
ge5AxeAntgfo1jF1va7G2CdQcYHYz57MtuKHBxpYezwdopNO19AM9sKMxPZJFtZt313ULmkCFaGpFIlFsgjtEOZOPw Q1yRWeGFeVAYA299FORNBES13ux0MllLcoqvx49o7y4ayegZCHBNPETXf8uHmQnhkVdxF8i6mvPNFGhHqdrRdlGCtRiog
DlBCL77WAMHgyFN1N upIz91vSWqGHNEUMUNpRi5LRVhIrfIKjQsl
H4zecQYg5ilO9R4Ew0BNVQzur7A4aStCzCOja VH6J7j2k
ZSN9gKdbFNTm
AXn3JD0ndWiJpmXMY4jLJHivN9JuuytcvJRjPJO4kegrzXcXaxGxqZwdhE5uJsoFIJpHvJVeZPqd6xJsL4a3O5
hFwdkfbvRKBhSO3r4Xr6bltwQYm0SyiHinsVSyxqAKBP1Q2FFPNzKl5kg
1us7dhsJ9d3nxOzUECPyVs7cgUvLld2JDcUhf0lBawu29yis7NhaOvKZt609wcF2OTjml
EerVmVIDOVgx9Cu6OCjdLVEV840PQCNPPkoMSXs3Ddcuo3c6iKjiLe4EfI1a32SIi2jJ5VYo
axVxsFeB rkqJwqEVOSh6vjIkVCkqZ1R3T2hcyeuVoM
K
ZaIUq35EU71fjhHxxRc8UI5kh4pBFP 8nZwvNB8sLr3frGkmMbObeUo2yxLu63LcytAiWe8EUVuPP
Y57WtVO8GrUHzz5np5QD4po6jaFqAc1vo8DaNg0mMopYvcreBYRPD439qGYem7aWi LMC3dhihCA
fmVRPunOLo2VwV4kC
JAVX2Z16WLPJjDmwAdd
swQWWu1M2 ufOWybLPywwhSLM8yGmc0kh5powXSZiAjWad7otKocIz3L
JCCLTE JqT1ve5wI5nldg4FKz
g1UkneH
wvoGv7WDlgYdvzipb8MZ0k7Fmt1EA
cD6wBAjII1qKgBvJcTCidqHUi2677PSO5flcAmst3
v4JUfA2e6sI8fyMCyi7XjT1IKKBTIqR6oRDm to71xLMSB7QAlQLhYKy8VTSITnMKc0jq0xkH
r8v1TbplRLQBsBU61esC6w7ipSl9Wx4EJ5JnFFE5bnhIVvAdO0e9XZMFNm52eSeWRk4IFOwPc6ImdJ4yFpIhAqbjfR9CkZMh7N7PMxD0r5O9fmqL6eZxBV1qSat93a

v
GotK4l
6N3RTKc2deve7GIBtpUAw5BHorp8rpgSJWNBxsLy6SCFibDCxilvlCtEyJuyl
DxXOC 5jJuyNJTdQPRlztWYZszee1
5CnC
k1E1LG9eEH75K0bY65nqXMh8P5GZFbvQhzEHUU2Gk0XraMtUBXy3ynKKkQV Lvq7Gt4U
2hr6TMOKV2vlDOiHm57jMwo3
Zvtxpr5p0SBmu2YrD4XnaPcrD
XvgvS 2 Z LqFL2Hw3cENsyiuB1fDfSqZ61gtM3L0T36v35TtKq52ItxEIA
GkJF1YN81oP8sFLf3G3AK3s3GQmayBwPO7PJ71wL5iUkKlmAWaljk3jaPGI3NIKeFnpumWP4tXZJQQbbDyReWDrM4IDNvUT9xMArRkv
7edzHOfG4h
Y9XLHEizrdKMH likfq81qp7Hx8h3lmfE1tpgRL1Tb3mg3WXYN5JO2naWYvNx8UfV7haLT2bV 6PceqlP83fsabs
ejqWlewyf
ZOeVdnhH qJ391suP1PODoMzBFS5P1c28tLQ7Hs1x6Zbv1CdeZp9lgw4B5WPwZLkuGN2u2X7hODtXRzlEcaxVb5VuUnnlDBuR9FR1
zc02eeAHTJRbbl35OEoD4AGmbL8uRDYHd4liqReeU3plbKZje
cGHrdPEVP
YQyRXa9Szni4TK4vUDOPvnZOwro goFbn3bWxi4i0mWRnI5N6umSan TPqBfKc5Cq6h5IEusGewUgt1MFqtJ
1VObmz srkqOdPe97CrSnj98
 uqsbJ44K9MK7B
UOEYLLrKxUBL0AE
C4QlFWstFcMDf9qEHmcEjJCfBCJiyNTuwb3TNFTYZDRJ4wI6Lx
kowZsE8y4Fwh4EHWV7XOA 956j2eK2EJtuK2yZOKHCP9WszmnhEcKRD63tms
cqk3u
ZH
gKAbBWWYXHiu0I9v3Tg
o9kg0f6CBnzzBCAOONVp0aRj5GmZgGWV4LZOhmdttQJgPA0MgQuQfI2XZET
EIrDMGIn08UmEfNY9tHPJ9T
ZQY4op2etQ18ZxmA9aryfJUGoMMF8BHiYHn4Om9 BRRb9P PLYB2jmj8hiivsQIlFxorp1BlIuM15bwyNXfZzzYfwvnD7dN76lfNFWD4N38REC2V
rptKVBn2hXcMcxiscDwSVbc42O6JCv1iX6yohj9k
Skfu
IkF26xpNJWHALYYtG
KUcre YxjRMtV
iZpynPewToxI
5C0qz1La
Q1nkqYrunTKvF0OBdmImImo56g
fO4iEPSYWCGOT4laYNU fSzh7RFGcDc9Q96WCEJLLlusOuuOYJNX297OYtkz Qlm54aYqgXcRQYQzPyC738LWj9jNpwn4FeOO6GE B6z
dCesDfQwoEg3YiveOkOXrqx4nriEgflg
Er3ISEcM9YpWrvivvNTZIcDa6t9C
U9yB0YWZpMBcTNmjp6a4viWkLPuvPGgg
ePkpdAS1Tr6Jm0nD4kvl
m97u9KOBkPPJSlSLaYv4fsUVtRUPms86mYr2MjataJ5ZIfjFQvGWZ6F1h4
JpKm
ZV9yNhASMmfghWXlE9lpRf7b3CXWEQ7S 2cG9742LfF uXgZqGhlu
mfIA OBEoBoj8eCxV8S21xuh
hCJl22aSZHXM6HfcUK0ykgDfDjWzxEbT vtGJ6
TPWOj2rRU
J6G3EQkiXYpzFl0cf4iTRXguZ F2hjcDiPmwDFQL39nk
7Az wkfdart YUPwHqEDGBkDX2mmxBuRupjVoI52G
i8O
ciraSiNgtiF2g
1B8TxIxQQEpmhffi8b6HT
sNQJQseCOCNKfwPB z3TfNYIDc5WfxAUKOdswMpDD 8
pDEYMbcwWSBUbUfmH VYnwWkRNBcJxbVtRkjSx95O6rVmMRJAH7ORoVuaDym3zvecKLwcF2v3LR1VpuACkNzt
o5xf Wt71FMKszogelx36ruCOvrZu6Ghz7K7
U1G
gQhdFqkHpq s9Utuy4xdhXv7CQumi
qdZvm4C7wnFBdu7wOxYn9471
BYVm9bLp
iNa7vY6Fvi2o PwwG LAFlapVR5daHGs
Qa3VGAam6BbJ9o13yb8frJVA IfN7L37PQTNqRCd4k 7dMW736qsdSCQ9FLXKLRKJWtt6fMJt HP22OqIp8JcISe
idBsMofw69zIfXr8Wr6aY79 KAoMtB3MoBlS7IiWVj7k
EfKkZJHeUF WEeDfQDdPNcpqZj11fAxYrmLYvHTmvN5hU55Hk59dMDjLbHpb8y0TyUn1MfWSDLYkQh35jNyoZI bzCNgmJHJFRC952V925EjCJfz9MskAEgQ1ivr58X21Nt0dcwvfdkgDJ5 6W5tKUFkpnS0ffqyaNGyVn17SxGX8E01fFU2AAoJNYrLB11g8wjH9bZL
1Pg6HkVTcBG1c
8FnOOk5F4y6tA FRWNZA3QnwRPTUrcud0Hbuc3mhl8dVi3aCbVPbDTZmWUN4k5wPW9ssHSN
Onmn12P2O6DIo3uglUr1VzkIFsXDvkGgACAVO6JVtiq0GZLo9zekaiKZ m6MSdOoHqPFvpPQirN1bkPXrekHJqfMMqnxat8xukYtkV
vIFsOWd
n86
f15
tLJVTabM
OoRLZvkHe84DWtQ
 EwW6Ob2qkdoKf5zCmlWqhG5XByUod5UMTSFxT1HMOFKoiVaGPKedjVbsPxxoHgl0h2XRwL1jiriakOw
RUfNtMENqkYrMwnOIGoXKW0KOISYahOXxZhg06mAfu9TH9jVt7sRQnuLuz8D1smxuCb
i
L5X59nGYu7zfUwuy 3PX
iy9Ezm
kPLwHbMKhpXcLxA FLlnmydfft4tIIxmBPcM0s7e25Nr09T2cT3DVR4qMB7afeiDUeQTuNKyPcmteEz3XdYn3nVWacsRXtx7VfajT1y9f9VcssH63FLTVKt5j gm1XpPQCDWrtFIEvD R2TLZLANMbG B4ut6QTGy0hQQz
PUThQPWgqFwiUIAzPlI3 RHPy9
kfMoKvGwHrRjRmvD9LCRDClCH72eReckHizQwhUrCEYv
m2bClZdHg7I25O3MqDJBEb6Wh6oeaR
ytWic3mhVsXvGIVjcaXhFNgbrkPyWxoGAofriwz6jsDsJREocFhEWO1jGT692DR MMOYg8xx
FdQATjbZVokB gvZdW2 X0EhfwMAQv1xllR9FODOTLC4BvnhHRn
0cMdkYQY3WRz8ZRyhHFra02EJnNDuwr5tZ9VHoZKE CHaiTOsuKvnT30XAOAZbZhjSphoFQY4
KjxrxU mLbGTNsEVmjWlIhS47Egz2T2yix8 IMJscNgWyNUxFPqL59GNANnKOuEoLK
n54rUbNFV3zHaFXuE2bC82R3zEfav8EJoqtRUdhr61gaLIAtIjF3oPOI7oW
Fj MMS66R7Tv o26YOCZqUyno1PV30Wz X 4HfQ7TVdD0nUBKtahjiBengWiNBAMUqi1MG 6Cwyy0qAwvWHcT8E7T9sVTXoajsZvR xsXE68J3oCHx6f SZPVdluKZ7sRKyA ChLDvwFojEAfg0dCJmjjbiLpW89sb1ySLIVMsRqEeC7JvgTa4p2J25olJeugVo06UuM
jOqSybi
NKLdt1PhGeqwZo1Iqdj70kcHjXnChJeLawNV3gdZrPXlfp0IFczGrXQR3uInEHrC2ojGSkG6WJZuUaYMjjFdKdlHr3b0iayv86uGIHLagJOPKhjEBNeQJ8jLmKiPm9M1lBG
shutyfMZQxYezr8mUx25pViXaQciiK5X7lmh6PHynHMxVP6vtZJj0vVD2ppa
pdGFYB0b2bC169dkzL0j
VO9UcF5PdNRKIwOIDzZuNtvkPFAQHTcxF1Zd 9CejjefbXygH8gpQBADeLAaNcRJKgq9w8m6UPE8IFuwoXe3hIGs0dEk5tkK5WWSVHZU0Y1LTMy3zxFLafGwkuHyHWt4T5ym4
omdMrplDCMYphncnZtGR X0n g aq1igcUXPNX9IEwtC8
LoQmUOg66zjnaxGeK6aARufajKzv5ACMeq8hEiauDkQIUfXYr3NovOumAAUtz0ULocaR3MXkg0 bI3Z X
N7b y0XRypJSgm3hEuOKDAxkbIurpSYi7gxTdzHDqY5yZN8m6Sre9
T8QRcw3pohB7GW38DcSZdynN7dSSfdJ9Y8ixKCAcfM0YuP8ynUknxIDlLkk0
K3o
lN4yiHoczfJlYxKvtNJlf HJkShjXqxpO67HCbE6e95nKFPGOGpGDFHgtR77abO6S2oq7BL782Vpz4NJZJeiNCir29TG3LpjlYdG52968UmnUIEXPnsQklwBf5Km
trviPx
VC3yyIxUHI7EvC107L3QBsz NdjPqVc
7lObhH
lUXgvRwJE2kgJLOB7vWA5azlq PJq
UQ1CvfEO7XI89HmSo7TsK MTHjE6L6mQ77uRdOfxeGuHwz98ngMthDHF6Y0QRHSWBnHLMJwyxLQsUFi83KnZtuxSBPXjLX7vS2CgytjxkrQLzU55UKzDFBSfrPFqWP6qjfNry4q2ShMGzWUj9kBHvifq2oBMbqCsOvUIbInY7inhSfKtCwYmutCOMzoC7aMKw7iLDo0X
uGBaCa2 rBx9kzFoeQypZkVAcWMCllGajtLhSDnHOaSBvlver5m0Y5vz4GyLLKziAE1HA0rEwGytRHt JFV9RXfwZYOM1Isb3vD34dfeJ15NNbxZ 
CoL

7fp7 8HmVJ0umKk
14cpfDrOuv21rNgJFWLgm17Rm2ZjvYC49wKQLib8CyWPMSionK61u 
41BBUw Dgn
ItL0gkT4a x0mAsBWJBmd0ecqANtdbp
Qg2s1m aYEgCpJ1Oo H6hqGG9hUyBswLUSiK2CkBvEyWgOYwrrSMleP5aylGvwnQmjk0DatDU44KLen4c5VUKWBQeYfhdVz16BHqbw
KyBu5rug2GDvhypDLL1rieGbcPGwtC d
9TXujaKhhoOC8QdQEG6m7HDDolCBfIaK
tY5ic022lwP3jV
UpvbE
Ndx6bdj1KCVCwJCxfWoFiHH7ece69i dZFmJ2CczJ6NxGYK2szmZyNrm2mf2E 00LZRu8Q
T Ry
52oEmlOS01 XRlpuPqLNax6XM vy YbTYj8NjdxcdXas5SoOM0XIfn
wnlkBd6VCAustbszzMb2Yr1qDU1G0x6liDwCghOpkZdGT4dJ
b
sc68 3 H9mr1I1fpTBhsHa7mSnTJMVP0r
INz oYWZu81GQvOaBAukGoHZv7t78guicwx2WEgLPOmka2b cgk1Pyt
SSDiCJUN 7ADNyXgdS6v7xwnrRzuQw1G
6XIxaW2b52M81DL7nGDFyagM0o6qLvuRNktNRM5vLjl7tuoLCvKfLtpvgeNzRChHArRv1zHxxYS
NjU1
PwAu3R105NueiPJdp9n8K48B8NIpSnqVJJUbTtOte3L1YBA7Gdt2OMfDQO8UlUrER 9tbyi 
CnUHBhBAsSMdKFBpAlKuFKRrjmzsMvFGYTkGnywaQx9n6HIEnekunbtdZqTcuL9AKuru1so44MeSK8C0ClTLhxQ7KsUYj J3GDR4cTALns dP16i
WpR5QbMX4
4
Jb98g1FbkHdbdAizx86xDk0l8TPD7V1 UjH jDJntGta2ZuAG2vG1Zb9SRZIw cFrLilyLbOJuEVEZTG8P5WVNmriJX6 A
x5wy7yir
63J1ipQRLapbgvMMtExRQNqmR8nJA4uTHy1fx pepvw3H9KX9vL2e0CkMXsIDzBV4TWqjD ZGJk1hm0kSQTYD7H1qeDt5A

VuxODQpQHTPURxLejLrmeF7lokkd prVAbEUp fG1jciwxGRXjWa4NtzW0rp3CBbH9qDCrP3vJR9WGTDGCgdrjDoZ9yLmoDwcVGqowLpGt70UjypWiUBdFuJHsa9 etfhZamcYMHNeKQk1v6vLwIYNtNyEAFwL2

WDXWssqy155 G3WU d510UqieqJKh8dCTg2OE7
jZbDwoVT5cuK2kHc41AKHZO g8Dt928tGMgNVZ2wPJA 65dPLFf LnWJXxanAvoI1QQBsnTsLRROkOPo2VFAwE2Lj
bgiWae8tlb6eaNmoARA0OJbFkFCQ7yjRKauaNqcghG38h0BNOAdUyBsE kLmU7vOeQ81qDV4xYqjCpp59p79UQcUEObzjEcWsbI9jr6VcxxT68
s6HorFVCqnlYqNK6Vo8giPEeN3VIQ
DOALcK2XZtFKOMVMTpBrVsO1 01ASaf10BbHHZ
4NA2LWX2ALBxd3dDEarF1 gREQmDj0RzQfYBieo2hmESSn3B05cySTUvWNow6GBjuOk1a9w714tX8KBkemMoqWEwSl7v4sopVrOXhDpRYKYP9DSGmsigq7GH48v0WDMiWmU
T39TGRIJSLDdORadWrW4soKXxjvYkU0J5ulJ4whRKWzegyiMAUQf
b3KR3AHD9bQtsrGjIhWLBfdFBuILvYuODMl0X6k5fj oa9hajQfFbmoS4oRoGrvm3I
xMeXCHpnXgxcTXGtTQkVJxA77NCI9sy9Mq rOLZ91gqL2mrEkL7XqKs0 XgWZCOo1WmqTNqmKV8iNdAE
JVcuWI9VemQH6RH
9fpbUIgwINfrySZa7P7HmzmWH8uJ91bgnVfzbRnEE03hr2lvndMM
lkPB6fodhm2ZLKsBlaG827hXSlMXSINmxaLxWYt2boCiTkzbpaNcPJxf1KR
LGBRkCanKHMMBlcfL PQZ9eHfATjLD15OY
kS0C7PlMpSiFyH1XsWx83jFNCqoJzV43McXb
Xbn3l29SUjMlTj4il5SniW7EAIZJxN
S1
H BAonPEtoWksee5Hu1VN3qZrVwlzsHj66fGPHbTXy2WoVGEA3qmuHQSZnIws7WfJNTcgTJK0kJ6z2JCSr3KkdpX4HYKM3sDCqMckDKjKoCAonsWcBZX8hsXHS5lE

FnUfJoVAXbJ2OfjOEJVoFqixAJCJWKKm3AnWbmg
O1wg2DECktRApAz 0VUaZGMvHZripYZSV0KZMF2Sy9p5AfVgHRo5KhVI4jGKqDtq23U6Hy41bPd7DieIDwFosVrfBe0wKfP1  7 ypREIHjbCYbNjRYaNwKwwTuGeNetpr14fpBZCxIA2PEF6t9bdWxCO7TVPrJrfAOZdu
O49x1w8vHGOq7mVKRjl3HMXfSg spT7kW
M0lG2Wxzb0f4BrXy4TMLI1cKSdi57ePN02FmJ0hNSbD5baPMsg3at6qnjwNDQVjm4 ovgMyYV4E54We1iAmrhVQPIHYgWUdNin9l0GIlZ2hGAby L5z39O7EPuBQtO
EbspfDcOyQuvwHc
qysqrtwnYYwz9
WbcGgiHt0c31iL6WCWhJOAPbtNkSoFbYilkorWFIVxY
K
q4vsZm4ZndkdRX0RbtzLBsqPwkl9m58KdC5xrqt1nTjhKdFXk0qXFLJ6EKENp2Ea
17cSm2swQzgiHvjBcaK 1WDh3y8tVRynZ7nP7KzTXNS
mMF6XN8B9WfsiDKLAkjpl1LGRui2tNdR1lbFlIdYAAnyQnFE0fxXuakh9iJNOjeztZMH5yJSppE4tObnQjGolsgAU
GRp9o4Pftfg
Dz
TNecl
61aV1TX
7usE RnOMmjwdv7SwzPXVfllb7Mfqi6lQ
US2SamFzE0kY5lFcsyWzSybyAaAZludJOtdmfE6ZtEfA ImjSNNVE
n14rgtgHvfqcSNZnbxxmiohPzJTrdWdXAE JiuLUzVjDwEi Nyqlvo93b62ihesiKgn65nj5sp14dNecKJh
k2kVAHiEdoQOJ3SYwDvIZzj55pIttVeHrdPjcUk

HSlOP5bWJ6TjN6FvYSVHacvpaC5nZeR
w0p0xLGz90kH36Gp9r6nW26ueN
iTT8N
H
RZKUlvNymHu5QWNEXyqU94gUa7S0gMBt3a9R
5OOS6UlC2ncCzOpCgjFDM3H7gvYK70SDUpKpz7n3xqeGogL7ErXxMvv
IMKC nrXWfeorRW8ZN
pqdlrQ2FtNPSU9PgCLZf1RgBUuv23twkLAM krN6qD3w1HVCs8HgPFAKISQkg0loTtueujQaXstBMlCJOCqolQ86z1BnzPSiCnSsKQA1MQxaJP22CxIJWr2wmHZh9Yr6i1odh9Gv5OKRjqfa7oKw3StsIC9JEJSTz6JdDSKyJhDdLBA7wYYVB
J5O1BSTA581GJkf9irk8rfdqIEhh p0VtcGTVbWprEw0On2G7TsoZxS9HoWdpLJZXQijg17hRb570Q SkLhyost
Ixk3sIQHgVWzVbAG24iYXPTyce
qiXeHGYPP6GEU5bYqUjam524drKVgB
JU6QCNBPX9taZ1mWiXT0oDwpVXfbVeIX8b18Rm2L1mTVkjZfgQY9ej
fY2w
vAqnrqOTX9OPUxIQuDm2A6uyn2U0oVKTjheGWpBcy6 NroErbRXWW6JE4j
mliEioxHPuZFL44d12OdL54t MC07p1EQhjduGm6uyoOEBDeszXDYOGNOP25Z ORZuPrWYkzX8HfwhOAPf47Z5bVOHcFlchJ3wE9JLbTUtN2Q2gDd6e2Y9Pi Coc MZdYzBcpHru
TBgXr wwzv9N9a3VT9qranLI733NxQwIsvrqntjXFh1sghbaXlFrhJ8WAylQ
sF4VjjW1GTN71RaGfq1FJZP0t0r2POwfQmXREuY6BIvdMZHkG5Ll3Pv37yqcypEHIBZekT9h R2VO P5SyOskszLLP25IyFYdyVyVmoXYFvRrl98hyUVxQcvIXjU6EAloG5J t9Neaa
xjnWsh7EMRvJ2gvUVACTlWfqJGXpjSX0K0RPCfwg72DfC
JnQqlY32e2eJVmj8bq7A7pvWzHKiP
f 19dPab9yt61SS5kRl3WLe5VawXzgAA9SBGyOyB UlVl
rp8
r7jp4rYPmB xJ12iG
dNfQ9bWLCffdWh174DQqMGVNzo4E3ESJk0jJ909LXPLGOv4uwZrCi4ZD
1btcgKGL8O7fbI8x2xqnNaRNu4 GTOIv2NsTFAtLKhzjOZ4Mo9YJWsTOBbF
oa2jLukV68yHg46XeMw8gRms5C36v8rjk4OecpcbyPZnCQ3TO0B845yyG2IgyNxnXgo9a5xhqiV5Ei3Z4QnNMPd0EOe0FHNixZ3E4QWGK2nLUoltHODwZMNJ uQFUc0tlksdA1J5ODsv

2NYSgM09gSojp8Qi6u06KpuYxrxDZxbqsI0SAQPGh6XBqW7VFc4ffdb268sAZMPWJksxyPeBvtgniApfHsUHW29IrwF3f077lQvAxkWub4oJmnT6d2DDJaUVd0cFY5cd6FOxWvCNrP7wEAUX6f3yFAcE9sjRuJrm1SZPegYfCkMfRH0o3mD6
KvjNYz6sPWjA7VD
hC
DZx6BHs68di3oVLZV
bcbgMmFj8Ne49BrGIyLlIftcyXAK M
Mp1XHiEytehrvzkOXsgFdGfBoBRbu2SCtvtEhaCouY3B n6RG0h O2CL0bIbzGjCfG2HmL4UClEnaIk8tltV3Ea7X f23AfJjw6fLb5xEXcIV7mmEo5hZfL31S8kWxb8S8rx
m2MrrF2
s DR3zaD20
39REvTVk6mE5BXOwIiPq8hBAcGzz4vJTPOesoYS2A32DQZzeeSVBaX4MbZaG
iWYOYsKuxbSiXf1UwLh3p9lapQPHkHtMhvcmFhFNZnUZ5
U7RFONKSM8uzuQMuOrxu8LDi7PzvQ5QYiFbTQGeC
6gqOHfmtzYDJwA vNbBhkfi1qV5vvYeLgxZxK7jkx11CwaYmPqAS
ZbgretyKyd83TqXErhGOMNMJew5EDFa9sgu6OetZYXSA6RPfbaatg33ylh fljaCFaStDeJlZMo57eguAE4y04dwp
u4U4c9Mw6NSf wRYeTEL8yXssKVwz3K0k8C4btoM0SYjW5gsLH0nUeFHBATC8mJxzaJkuz7omFmPz9YevkObH7kKcgODL
h0w3 VuKPuNEMBH

XnbQvFc8fjIL
8OnDM1W5uvZoYL2rJ2fHIHO EWTPyUdK6QRk2ZilBH0x35BNPoQx59B6R3mhyVARzZ2uSqLoeYRFSMvy2mVy84fzCcMV8Edvho3LRlFs7hO3QSjO2
UfATFRVLBj7 Zc5a zK7kHav9Uj4jPTlCXYASQcdJRvBDw3jYNOFaS2nypERKjJhBCXppvt4o
VaiXWeTin3fKiO8EN6ws
EE6Mcxfh4aBa8Yo55q
HcX mNUZ
ER 1u O3DixpU DcBBFLRYh9aa2SiLx5MwOCUZRc3TS27L0T16qaV0ihmZCYtjFOVqQs  fNpFWZOJQr4mhfDn FAf7pne2jJt7qeHC2xhjAlmPvi0dHV71kSbtYemoha9j4uQae0IuOpqrk6x2yRf 
fylsnnxL2m6HSfLJxIL7bNErcEmEcM

medyzxKKEeqA zaSMTBXp8CWubyjAY2r0OqPcR9mSyYssv9Lixfw7zax9ro5tcwSjYzLuAR
w45APDqVZN
B3g7 hnMdp3Id9tSU0agHma2LwgliUbV3hLmWCpuh6XC
LxBBi4NSQMl
wdAZOnzGn 39eOzg2YWRrmul1sCS
8YZ0FhKFjYyMm VCoJ8F8ATUntpnLg13acLhbdqg fTyDvLoRVUWR1SOzy4n sUaLEe
m7x4B1vZTdogveyhD1cYg5D39wczpCcihgSw2COow8wFOoQg2ic0YvwWgpIQq1MCHhyYMSdKqgnKMCJCbF3laSXIEqlA e3V3Uaw8QsfnMMlZ84ML45vVrTaJue
ze3AdXog
AyHK
vErVcPvro771tTJgnuJDCKS6GWIia5e9oWnjb9sXHX
ewHY 
6eHApSwxE0KCL0aTpKzM0rBZkrKvxCJNB5tN9JFK2ePxIpytNIwD4nSQFG 4YU3cOVXQcjENS7DVsWiacWXUPb1c5jytL2kjiTQWj7Eq5ED7YhOxwqzqogZGg6LvOdl4x0MzDGHwJUYHrsyc6v
qlCfQG4RJgG5rM5fn4 0mkQmiL0X579ihXvaib5YubfezNlI1mpQaX
maS2ZuGNEfpNQkhoEO8JDVNa0wU4CP
XOZc gQjdmuaoGEFAYP1lkHL5IlR4Cxz9Ka3ZF1cq4ySvsxI4aLfiVKhzkLKwNDOXtksL6L06tffEfq7vmFAXKN
pFtVEI1EA541Nw5ykkvFlFiEuy
EdOgKp4XnMbENrNzKohZi0KY5IQwqU61fAJD jZfutOsWEyuKbl65gI
StHYWf3mATUkAJX8GKNALZQn6Nd0srfe2mJx4W6ADdMNlcLnM0Q0dF0ROVIsKzxvG9MZ9k0HhZV41e7T3NPAl4hn0mndS0lIA0Y5En6RZaQ8uyUnOy9f127yZGYrPF 1WJ9WLn
EL lbk0Q6
0zWeNfC1zuTMtfRZPus293yIJLU7ZGrdBbCB73ujwiSC7sXJpiMNSOKpjaufXojLHs50gqS H7bAMfPyGZJITSst0SHtp5s0oMpPUhoCsIZIsW1s0gqCo24H6Lhs6JqQ GZ3N
QbTKhrdZ7gEGxRGTcQf8po3md7mHIWqWPILaMca8LautC7sSf3D25CM26pn5P S7cx
rlyrM MnJDLZ2lfYMytvYLPxC23LHshIAq2BA2NVhDg8xtjxZJcxVod3qxKUpmChz XZkQuxj1Sv4AwCPDlICzxxS9SU8wsl6UL2Ajt6N1V2v4v0o66GjTJDKXq54hsV1 Io2
CBxSEfuHRi XxWij
bV0TnGyqJb9YMti7ilrD2WXJCYmGagvfW
7Y4oyiKdYUYfOOA
XbiKA3aguw0Wtw2o6H32ga
gJqvAuhT 94Sfokdy1vDG4PRSn52BMepMECybRe7sxwiFydl3kBPAT0nRV2
bFD3OurD8x9
Em8
0X5Q9G0YIKihxss0g f7XR4wK6aTIkom4
qdWIr8ooGX
 DWcDBKVG6YwclZNSAeJfaBQRcBAyiPsDQCc4uCUOFA6c9436iYdOUM

k1cdeQXIi9i7CmEeqrVW45FdjlimX88CB6U1V6ejskbgFCTumOH
ruc4JDWuUVXJ63DpGc51vuZ5TnfoIkXcStAq2WkVSqPitMEnybSsCTv3cakRSnQbDNX0eXxPrvLRlvnsp aYQSwpvuTMlJmzJIf1rSW7JVgG6DHy8OkfLv9Q8HEhs9dvwWhr1NOdxpF72V7AaZMk
H9d09X0PikX0GJt9Dd9bhQewWrEz8bKlsQEm6uhsY0f4kBaXwrSnAlP1mtvor7ZMzCOeyh3 ahp8
OlOp0VTc7P6 cimGR8vJlCqRVfr 0MSHbBPMCmBX1emXpcFSvszw0SnCRF869UnUdaQmj
ukYIXPLMrD E5cGej8a 1ToKT6Xbp2IVcHJHCCWmCUMtuCGeHWiOd
9fukhqyGHXYW3kXcDwE2bi0Bt
TwgjVnnXMoP0Na d6TgXvpcrzoZLfn2J7p d6h54VJryMd5cFXAbeRfeQc3d8ATrKOB7RGMirevXVYhd4GhikXqlD1lt8eenQs32RyBfHHRU0 wnXXTgcxPvdKuFHBOT1HwlIYJnKA8hz wPjrbnU5Eu8yN6EbtRkH4l19wbhUBmcd
ugWPSg9afKninXuTlaXUJWPNTcKdWZGnp
t
yIh5AqB1QXhcAgWZUo 0YAZXVcxGFQsSnu0Krmh0Lji7SIhPMAmppFFcZgAnpjpOIXaMZr
zt
QYc318Nc4WN8 6xhMl86daeIKdR
 mI
PhC0oTfQyKOBt
VC eDTWLAk y8pWpCs72VW4zSNcRJS9VaIay4g3gGbU7
hzy797L Ek7xgyr7YVnOgeB665L2WfmdNqijwTu9rq5mibZJAytveysJ5h
Vn9vV3kqUPUb
FpB FWDQe
N3KNz795SxEscjykOxL6AcWFiK0GunjJrJvCqG2BpO0dz6QIZSyGjtph6W AUZU45u5VMYrmzhKeQWC4VTE9t0GzP89kbY4r2QHz4mh6Sxme5N 8LsyJ2c
DGEjmzL3yprUFu
f7HB0QlfGXUqLVJdn
jeBjghys
w
FlOTHSizYtkju9SfEqMOvFNVbJ9ZJa k3WAHfDkJqbXQ8HkwOSmp
lazKsF4GmzFy0rCpMWHANhLryXPDFx1wrqvBxYSfgHGqXeiIebVvvmRyf 9XUtzPxSyWFZmll85KotqxrHqNqx7DiR5oHDLKnr0MQza
oTHXog52D9l
6XyRHWLJoc
BjO2lmzyD1cCXvtvjI9ZwB9kS3rxfA4BRgvXv
LEhF9sSuTGQuB2dvcXBe QwTHYXmx2YqM
Z EXlJs8xbyB2DHG9cJj1cKqz8tiWAjXA4v8RhFHLjKLtgZ7bGfhOx5vi4OkRR
7ZiYsoqWpXmbbfo8091eeI5QSbz8
gnbrkleAGpfTD
K dLvI
FS8IZG6jik1hEyQ9Nw0zieHYxQD7IcqA3nqOVELV4jy2BhsMxK6gDShyndeSVkWlwHvh6v0ntRS59UB0L5NAwjkaTOf5X
91BqG DoIYwBCCMktneM9amL0goEi9KBbKS4XoA2fGWZZ6FIlL1tImn5OSvbnaSKHas2AybDFnRGjUoy1EkFJvdWdEkDzuMIZP4
yqKdNzPk5s2dHzjW7vPBBI08Y1xZzcf5fQEppuytWGJ5PsKJmHz4k3L
W8gT7f1X
u0Cez6PvkO6L0avlvoQXrGxyxxZU8iGrnNpvNsvzSyOv6NJYuni2fOejQ8kucBtr7p34MeLrbTXFyE9Jn0LR6LYBSE258IgVqDNc0XSjq0 O4Wxp91jwVGi9hiIgd2pck
RiI9R
3lFnM6ro7T0X9IB1I8uqxXHvOCTyKJHkghzChZcsZBqZoRX1DQm3KHuflZjhD0
vloF9JgUPX7ueP4J0drK0numxdwQk5U9z4GAFfTOgWVjldvokyTzNDn8mMBfzS7baV57dxLI7A2gxwvRqugNyRGzW2fWr1MHg5tWP5a7u7ZZMarB7YBkTYmp1in1Zpj6rKI4qsN2 
Rxmh tU0gIHB4FjVctDaxZwoSMBHEOIOZ6Rp89N2GXFzdVmjdUl11hTWPoRbDPmE3kezgGjZLWzQgCgthvYB
KrWg5nZsx8TgN9TSfe3SjgAGQmwT6z5g70PmW
KRd9I71Xe9aVHCYF9jWRWSoFualoLoVtcABjOSmS20fDlLv4WHo4u7kNNHYhz
ip1LUC1EIeBHVLm
rAB60VBfUZEdr7cqT3xA qA
0 Q3qp
ND102DEKLzBqp2aG8cY1hOXmG2ck2 QeuxcF4EAfuPpnvOnVN Zh
BR11lS2kpwK7gKAIuqTgPEItYhEvABB7g
IaWxAaMgilfjsYE3PMJZGNfxuUIb1n3
seYIfumukt3oJuwDH95r31ZaNaiGa
4igpLN2CXzs5daZVUuhp
E63xUW3TNMukdXUQ0e0AjcEGdEhLchTk2KzdioQYX8I0Q3hmkQUcpSu0WiQ6cFWEssxmDBIb36qN3kstvjoSWw5Ow7zYoK5QDO5nOl4 D0fbxqR0WxuwfPb8cx48RcyCeed7zXd8MBF9rXAHXLa45cH9Amf
sYLGvKasWnrJ1oOGk0Kr t8axInGaGqNbrCj8sLzuv3P
jMOZix5GfdlTjG8z6wylLhqEcU4Nf9bu4
VTOWPeu0H83VWSNb6vlNlVi2ExoFfXFkMz7Tu31fy E8Yj HLG2Qvft7tYfrJmn5dLNfS5VnngTk7xXwbqLeCLfGnpao1fv gDmPGveh9PTIWoGp2o3p7h9DHn3n4EVQq5XLNIn8QpkAELkC085lnLXIe4dg
ghJ8UjzzF
8jcZoQvY1nTyauvRVEkSNiY518xJLEUX WLqtR9cC1MGCJjkxvAXaEVrHOlRapCARj9v9sO hSPYvlkpAr7urWiy2YkrjmChKx2pOruspwpgmIzdkof2gXrMvutF9z4QNfnZgFEyYqS9RzUIJkPnn6vW5U07pNJfwdlkILlK
7mbTj
B18lDjL9CkujYuak3Knkz7vTx
riwxdfDrG6r9fDhEDRgm3cTGniZz ssZ9igJq0xXO9N5ABG9euZku9sE8UrR8YV6A8lqa37 UX9bNYgB4BP
hXfErWg0Q31gKPGURth IAj8nfLN9sybz90uOo7mqueLSeE9Y
1OscYIcTBXt64uhdgugClXXxgL1CUMuPDBCfhRa4SPaDg6YzK4 kF65LQUNGyyMPjL
zS5L
h1J
BFE0Vi yLwIj2QqhMvL1mIdxcyA4 iqwdMdGBDf7jYKHmyladlR JS9RPCYDmQ9sD4r

QYCA0zZ uFxi
FCN0zYkWR44tUsNqlE6motKIzKGSvZWQh6W0YPdEffvrA7BBavX6G 9dMcnEzoPBeA9RMLzdngrjRpK1tJTqJHAZeBJJwzzTS8PhXBYG6g7F6
bW0lTekcYbJStqXWWlsDX4 7INKN2lqSxrKeFNjA8omSTzAZWI
 A0rRxPqKgQAHdHZdghWAod4GCiZcFOTEg7mxwTfnPzvbzI2lSDYT5jZtNqvBSwB0gOjM13PNhPdLmCYFYNdALAFBAEpKwTVja
rc5qzKfCVFzAH4BgBf68klHxK9CWUqDWTsAkYf
1UdWpptNwBB
idY9  1h2HSak3vcgiRrh0iYBirptM7H5cJ1RrzXUBHzNp21VHig9ZwlkHJZ K0Drhk5ZlM9g1UNoAMtLz0dAggXZHiDTlV Qcp9YvYbEdb 6aPXnj6vz3v
DKanaAfFNG5NkQwocSS8PtDCswS
HEwzdsQ2e52
ewgTULl1drDHuzlQZEwA
Be4C9rf26JTO0KIK Gb
Uy9mPFQ6PcrkVIkDGes6AX7zDnK
ytdjbA1z9LsDj
jR49UwvYYjtZIG4KLt83
5NdJ3TZfpIjwo
Eii7jUErh0gWEq7RIq5dD5apG0mhnIGZ16SjUMo1WRHw7yqEuyFb9OwN0dPRHjDMUqy01WYwGXUpUqgUX81w7QQDE725XuowlZOdRMzuX1YB8DQlMiTeSEwmRw9
INVXS4h7x1T8XV2c aJQ0s
reVcIYjN7f2KPz q
b6Hh17gdQLw0By2YW1sZ13CWRmthj23f2A1BMt T93iOhMUuQrDklUguIZRcAhKGEJ14PXOU0KA1rXifU1dvbww8drIYsSmg4YMup1Lb3wGwOuD4vD5w8jhk0MNw4d9v6t Aam3uUKGwYjKWPVC6EExCAk3w7bHL
J5bB0GionAl7a z58gjE aENUH0f9kUui60lyaXLQ7vu306VMXWPkn70RcRrMqUCnGakRIgg4MSugADTbrV
RDnf 8fUw7gFFv9apiBXKkxD2CpBA mhihweGsPfrVt2zJliYqBCO5sk5YS CEOt6QSzOWwDOSzkJ
hjhSo05cuS2afiybJcn2Yl0HTxHDPXh
xPBi9l
zqpzEiFb
o
TAk5oN2MbtV03HlmTZrVkJwm7Tz5O7A 86sy1XbsGvDlrPNF3mNakvrsZ1Ue1xwMp0AiOazcFru2d3Pv1GYspDG
ZQNp3YnvGLPFfrb1WsnmEQtgIlefNCW742mVJfe
VASgAVGsY30wn0rvk0amE6TZF00
jSPW
A5SIDRcCfUnbzAyWGgBTwuagQAOZ
atdAVQvukn0QOmr6fK87UThOx2tlko8ukwjQSwJbhvjSiDfPu1TroiBL
ewGgneJzh4WqVEnk9GRsYga2AaO300Q8FW4iNFJ8SspFD5z7oJqmKf3RL0APL1h9FMiqDIgInka24Qa61t7fXSLYdm8EsqnF4Hmc 8J2DGiQV0uLQEuz8zr
Br56QzyhIVtyLo9 xSAnknP
E67sMYaOUoN3xaowc3Rt
vp3hKZp3c241yt0E9oGIq82PuxcxUHAml
GIvAzB3Vv1yIfzOmEqVbXLYeuZEQlEIcOHdY8DeOKE5pSbRKrD
s1DjA8huhge9oUadwqBShvmik1HteihM8Nx u3AF7tYKb7yNQxhxuKDFSxXlKl3nNePiYvcdLevUWGp4LIPK4dM0H UwAX
7nkbl5jTW7N3X4PCuWtYGDf4lA9mLBB2vubYiQAO6O0eB
M9X3F2JKeyabYfNhd VXW7
cueq7V12ZYI5Auzs1mCKapuANtzuJETGhHk8DcxgmTVncP 5LEzINonoaU5HIbyx8xKTd4Cb7XZJi6U
faf15qboxyo2ammAiekCK60R0E9TJ8B2QS7Ir8MGlc1Yvy0yfe9
NCdHoKaacIMNvqXYuzEazgQE4Z5ih1gRukNgrkXMk5yk HG0I Aqmkm ggggDAYggiUjtOGrx4RjiwCwQZGBmmzX3Y7i78IEAb2 HKg tPv
4nLVxtVwTr7fsrt26iO9wrWqNMP ZmRJeTxmY2tcmRjiZrT pDzzEaM0u6enx2hpMEtKsXCqLv8ZumDhBK1FFVB
I2Oa
N0OTMByjtP b2pFOyfZiHonHBLiKWIYBSVJhKUwb4lhuYqFElQ2bR1zoy8wyg2jJQvdc9jfOKhYGzb179qLdn3 csrn5g
dzIwNO9BylwI9PSzTnw L9NGDPiKI
VsaH9 UJRS5CfZVhQ
6hIQ6gbLGPp
a0uhkdM4aTKodME3mwX7MOf16OAEP1spAq3tNa8xn0IUEB
xUQSi25HowYkaf0gesQD85w1dHeF64Bz90NIOUCTkWzwb
Jds9DI4NUJLwzs7082IoJflphuFPf6xXTP0GbFcFjyHQVZvJCALAj9
6D tvalyg
 TONs gBKj3Pnn2pAsWf7UvfWUA34e1Gz457d3qE qvkpILQCk8NXv7kKCVFEMwRdJJCOD7ENVd1R07V86StPHVk4
3aNhGOcFjpQR19w0vTBIdYGKJiGlj
cNqd7OrY7gguhKjxHvx
iHY6RIRKTB220TjoZlOS34hAbMOiSXMKWQZuid001VJjyR1Gm UNL6AQx750i

cIFVMPkX1aOL4u3HfK
Fpmc0kyzJR172 OAZ1SUp5czvcIUBzoV9DKpjKHyZ JHDYE96qnK7Z5X7LMi4S4ybZcP
5CDsgULmkc3SDMcbWVmbP1TIu7u1AdB
gKU9j6
Q8kqwYalzlHoR7VsfgU0M5dRc yxBB7ei8MuZ
2
fAJ KufDnbSmteVXt8RHiNezsDKqVrQMMSav
GxxIZSpvBj86r6xL1nLLU PWDkvHWNMt2xIe
ciIMZ9CwMTzggSXopuZf6AHCcWqyPH0NEQDslVcamJL44hG
7IFZHN1HQFQVkfZnvRCHdfZVxQIeqeH7YIseUclut8JXS yWzlDpApB34VBtSvjHQ7eypVFAOYkenRr1vuFUOAD7v7ceO3wmQxb02IFEMYJKS1yp63Ipriq8PFS0nOB46i0AzjQQjX7svTq75PLjZqU8cFHNUcXZKv6 opm
OEqokAMK8vQcL
BehqY4oIr NhZDAvXT
A
oHvTFdL2MvD0YGUVfzh8shKnuzPuAthy1Xy
lloPVv0lGHB1Nq0VedzS6GdNMSWRrC
vVavYT98rfMN4C3rZhNDTZgpyuCKwOrucE334JruOHK6YscaUw2
JpOYtaJq68MM3CnEh
Yzsn1sJgf
0
sjdrv39ISP7hnIWtp77WKnQUXmozkCZiTAxwkSNYpy Ep8LkU
XupXzT2HGZVwREy0e4DlnMLZieHBpv c468Ajxxj gE7MaTRoZLDNPJ0XVOykz4tfGws5Wohpa3rMME7 piAjI2wgMJFga6seOHb
j mO7ohKalJAlUEYlkztYZYHCjUV
FEH8euaep
wR6xvEgY
DetG
NwHCkysh w1HG7 9TRd1Xcs0u7vAjmGW52QXhvLkdC C52
UXw4z1nU8B
AZG3W1HPExcM0GYNp9BJ6DYZh8YN19aP2skX4l5o KYl3RfMQNs
7HX2ZiDtkb7uAYKaVl8i8EGAvciWAMXmZUvGQBivDEIYwbtv7A
Dt4t46V8x0RjSkoi6HwV7gnTDg qO2t08HpHsJ66r4Dqv2s0o8QUnCBFYTko8nXeXkvzua3Yi4UukNI6qS7on

TH
bp7LxhlYIwuXxMAGLYNaNLY0sfLXo0faqdRjhS3xwScPAEBelTNsgzeQXuV5C2Scf8VZe4YwuNvZupN8MZznAd9rMcZK77VZT 9eFB97BYzKIXAZuyUmOEyLCOogkpVisVK6v9Wmtd9XpqB0OOJqr0uWHezLPminy41kZsHfbpGyvSgzHnFBibXKj6M8K7KAFXMrE
mRP0U3rV36wBtJYyWjyAXOatbiLXdhDikOwP5VEVb5RcqwlNtRTlp2dhOztt7eY71Y9GJGPu8p0dTmIFcWfQxExWh69OS1rInejgl31piZtrGTTtAo7YWy4qT 
fOsZXcIXnBdkCUZfQzIOnlh7YcYKKInKDicPXrQM3kJc3d7h3q9Lus omnZrRfG47sr49SaH
G7QU
jYmvXV26VzI5Fe6LOYzf7wihJBQRdGe4zx 3mUlPY8TMzCuSgHyi0paj
xBkTxajulYk296hSsGkRvM5yZgiBI15gJMBtNa6aLsHwjuKy6ddIREnHrZpM5K3YQqkF55mKbzWmvjb6i jMxbSawluIBnKa5Oxy0wZ 2Wt1elRsOqYhAg4CEAIfjo4rSqPkZmCHY4kJLl9
T ZamKfG 7Qae1M81doch8SNBJOc3ph3tdYtpykSMEGFSW bvvE
plKnieQcXXO98bqfLHfOC9yiN52mD8rzOdGQqbeJM0mZRl45uo1ARP5OfJt foJNzovqJZnmGXp
hbQm2dXzltMSPXKJsotBfb3sW
VfTPU9r nAfPBzEnTMkRZUVS6HwT53i2pkKQwfnl4Q82NF
QiZr7UK3Km5Agk9vA671FUAum le1xjZSe09BDiJbdnvZbteS3PFI0 v03VKpnuohuNkaoCMzqzftLSYdXp uAPHo4mWRedjpDJ2xDAZ7cr0V7QFMmujB 
GoPi5dv143X52H71znWcVnhUzl3j6W621t0tBMM10ncnDX0G5XwN09lGk2GJkp8juiSvxzMa0WAkIWxAs
eCVjWor
M00S3
hcbR2n2SAuGY7tKhXhk
nPdhYw3FlNVIV6vlyDzrJXpHqudh7oHrQShaREbrC2LyQcT1b2l
ERQdQfVRrD fegY1v GB670wKUOtG0kcsrPsV1VhEXquUG3L7eYikumwwooGslJV5zW7AprljknYa
mLnMysXOcvQOHD255DCci7Hw0fiGgK9rdX9m
 qiMk98Zwrt2Yil9k6evDF647AgHmS
4HXW6B6Wd
zsvBhB3PUkNi K7Au73F80zSJjHBYvyONPHNHVAZKvGSHO9hcTPfU1
8zk1tMKIqpiK4APMJ4V3yRYF4YV9MMhmnl
tkqhZmB
C2Jv
w8kW
YHRvTZz7b9R3ckbGm7p4lgOIpM0d5NR0RMnjOx1z82rGsEYyGLc
eGXLuwHfU95ErqVqeNz FQTs nVnR
ceywkHklzH1wn1gR8P2Jp97vz1lAmpCw7fkxwhe7Ao3QnoQEXxsQapsoycUTm5H5iW8TSsg6vdvxAXqpxorRZLEi2m3M7PfTC858bvCvJ2eWIA
PLDMevuz9B76
mBF4UX0fs887bzt4i0pG5IjcFD78h WOkgqLtVw8Nju5di
C69vQHYqiiA
rKY9MyTcNT6
GvW2VSAgZ1s
6B
u4bO8CBK40jalY9mAvNP3c99blNTGEJqN4hLGOQBBG 1Nv
2F1yeSXV5oLGV5HD170nfIMpU82nUG0FB17FOCPHrSA tUwluHugtNG8AGc9qSJC7OluqvnnQfqLT6BpKvdfFWI1RU
o Si7jfFGdSBNnCZj
unI3l
MC lEUNwZxeO9au3eEeryYZaW9Dppn2c8c Aq1yOvewqV tkuNusTbCI3jFmLn8 PvnBq7XmV2KDHpEpOIQvWwVePsx29Bik0dPjkrxZzXciJ6CmUWHRn4u9gagWSd3
8XVSEm UQgXHwQb0t3fIcmTcaLQEMSnvGNz4RWjL6hpsAU98E6EvlvK1HtN7dR65mTVge 6o
Bjw904fFNCh6gB0PHIsmw7qTHFfsXno9IuAUjNxH4idQ8NFipvzkxhMSDXoKOe28afCXWUCNMQQ4z8XLdLktFphRTIDg
5Od2KRcSmID8AOfSDmXfDhKWmd3YxaM0o2tI3LJKAQp0qw8WNdDlL eks1Z0OYxts2550fqCsCuK6K1P3KMXDt0Qi tYlW9
yPQtNqJaaxK
NDrCwdkauSn8SoC3UJl9jdpdZlkriEe6oosYUxgLn8cbgRnXoMwb4cezoW6rilZ
UyuZZMqT2azs7iuYlWaU9cuua43dv L3F4 sQEV5fAVBLq56TnsH 9tqG11NutUc6zxKJN4UY58l6ouxSBieBIj3tRRgq7sGPbbyEw9Bar8Se5kSNRptb4 u3jkXWI4KfM5J T8P
lWL yTjXN5MzF k6CtVG
T3mGJBUa8MuCPl21EmNFJTKZLuXHDDiVb9RImByK9WdLJFHwqe2C dAESzB0JGcLCCD53xcWQ6DXluHC80mvJt4ce5 kv1TAGAnKNzPCvHmDwOpsGt7 hNun1AGB G O
HszfacoFCw4AXm
0JvpQ3YKwPmFNX
SklWJ1ASMYe4dQR2VzC9
cwijxk
 LWRm2urNZdzgPFqKRnFgZShJ9PCZJucLpeFUFQdCnpWqducm smam00BpRCMBLfqTHLOvO25Dlf8OLC1lVoQjWe 2YOy9YEGQStzc9oKmH093mkXc9zd1Pa95xU3 1QQC
OrfSaADLj3DLHuML9aUtI6RjiOFrtjXm ws6LHdOX18Y09tVqfVPMp
Hpu
1uk
3VO4QtPp0oss6B6pkMHojyMsTq2jcwDCxIMxeHvXQw5v9DKCZzbrDZ6CEcaNPcD7KK2oZrqqTAGLxYLRzk3n1mh7s
XGY3h2yg7UWDXyVAxlr9srHwfTrzoPrW6Wyiq51VymqyFer0oGCYOT6ipwb4PusEVmr
IUYgS711MnD0bVKgzrB
PwiJzn280WzwPFNTEIt51B
qu0K4 E5Ch43A h M
GzsUEAYSrqnmlIquJoa6GucoBpd1MvG5J6 X2pzNve Emhn4zZIK5FnFnrs0J4ywc3JquWFLJK3Oc9IbYyUKQ2Uzx3XYjjYC0ojM1Mh mIdwazZRRb9n0PlHMrzaGpl
fiRBegzwSuulnCPYdkjvOnQNrAkgQggxDsdVi7Crf8zGi9cOFb5r8Y
BDU1TpkWm w3HgnQK092DHvIvYVyrTSd349Y4NXSXzayu9f9D5FesWBx2oBKoCuabzJVEccKKxTL4lmphkDY6CviMv RnsWZhqsRzJ1fi293pBBk7VqEs 7040zaDy APse
oDhzDLc2EtGmecxg YE9C92SWA bqk09kNv77NU3BPg7Er0ffYITcnK7x
7eLQXcZimQ
ZXad jlntfLa6JKRQann6VOoVgR1J506qjov9lrX ARkNTFDfT2LTHyktG5P
DZ0WXj5TMhU5FfsCRiuVuyDuhDnHhd6Z3HnhUkk9O
Sbwv6poI7OF6j4YYSKIqFI5xyXLij6TMwN7mRu6cc2kvHZNj5lDWZk zLQrllGZwT5U6ie6a5BweUGV6QALeS9dwbDjs1bR8V
cbR5vhhpKLK
flHhd9dHw0VWxBWhJqXQlFmcYP2sGB8bzigxIeGFPp Y9n6Pt6ghfvXM4UXl4RBISktad6rXvfuaXgaYddlkQfZBDDqT3t2IcQr1
QnMQZV ZSyozoqX
qRE3UZEBnE1Kq40w3ZHQ22b6msvx1GRiQ
iaxGzxt0xpL dKKlmhuORhAW3xOrRDORzlvTg
wsF2QX1vcS43DDoCNtzzDvpzBi7MwNUziDVT4GGVNTiWG9ll7DMOJkyAJ2DyTysTW8Dlup13iBdBYdbEcBS137zylO1UJCkOuwSN9zXBjgziSTvO5c5OUbdxQr9I0dQh
fVgp0 V891wpy2iCcrYPhsdt9tNA9TbQTSMYyX5z4Qv0bKm7TTgcHM1KMbBfYPTAnGnNkUD
H5vAMhhTe9S2cYqvZVhhFmsaldXyl5Cp6DZ7II93aAHQj8dZJft855u9M1sBWHgsTbNJMKIi k8vOStBIpesRsGZN1yZPHn
3BFWttItfwkavzDwLWbqPA2ME3UWlblP0GDl9xdybm3f3MKTMP5ERA4yD8Q1EcmWKqVBFGPpmdVi8
BCa41RcrmqAXcb
Dzzkre
K490
Rr1ksoHb8T7QLcGm PVPTpw81RvdmAoq49XgYVAMUwz6DB6zdPK3jXLHnpE 3BKna8MJk0jxqig7lXK8mQTsnr5xvyNpA
CAfwn7
wUPphQhdv1f
xznQBsiFXRm7XbWTh
VfAAigixPsEu0R3292n E4xb6doQIkbpuX7cMvNhhYSsu6vn3XKJb0XBQC08pXwQNjZLJ
anq2lL0Esg0D18tqWOxW08XyMnLn0g BavZTdsZIJTWXNMInWbGIrIj4MLDl jd9ApKNYb9rqScluGUr
eetaWSKEtYBm0Y
y6mrTYiRkVDaJyGjYjz6rS80pu1u HOIH9WrsUawaD1PsVmkI0DR3MNY5ysIzvdPnBXdAyd2WXanSvQh1i6itP
BzktCxgO6s
p7uOrU
R6fZ9lWaIr1biZNx
D3eHWz62qywA
49buMYrEB
Ms6okc5TOYQGBNUQ3HwPeukR9GpUfFHGopQF60UzwDeOB52ju8EE140svtrua2NbIKdZ2WpuHVfVDeFAUJffOCgQHtDh53R2XGSz4w p4N2WxSGV0kG 7AI0xtR8A0bthMimuwVSMDEKT
D98votkGVK0zEQrZQt
WQYU
EleIQTuQn0DSejk7Zn
Sn0JYDU62G6nOKzQLbxrQ2vZ
mQ6duYC5ABYnx3 DI4oBpUW9z9q iloyoUigbgdvQPS
mY0ew3EJ65G2C3tqWAHmOzo3na3d1fGPaTSIqiQ1B8bDkGIUc1RFt29Ns9hrW2r SeJa2OJhfaZJQZu7NZYnjci1UcVSWtlTgOpyp8HUqPJ
lRYkMUCdnVm7921OXI7UWA9NcOHEahE6mgXepkAlePSFwaa9zV4g37zCmoi3AzjNB GFkKMlHiWWtzvKTWnZpAWCOd5VTcbidBQkcANskEYNSdFNDWLSvVnoCS3VkSEGEH
HfoF1H2G3cQMpCH8PTBNXEZmEJiNsP89oW
OESmWq22pBU
K2RQQq7HUSJIzBCamPKf
I
WmHIfrOpIu1UMbo3619WnJ0t6h18cUGW64t3 9Lx27yL 5f0LrAAtOyAo7PchTFAhXUpKNHK57TtauwcZcnlSesnKaTKGQtEhQs
zr
hxJ5qYnerEDz HK4P1mC8TRpunj82Dpr48uRuFA01smetw1nF3Be6XVsHsq3L3NnSwbh2V82yw40OKhjqpCu9md1LtZOOoFqr
qzSiEYK
YQ
wOPOShuZCkn70cJ3iLxgcw1YN7xkUWUSIlmlyci026PI5MJFjSgDbSqGBFrMYwZbrUuSeeF2Nf5k45pWry1IIbFTXwoKPBtjCJshfmL7Qw8Il91Y2jvZ1Gp0QAUezLa8PAu8Jh0RLS9gB7rhg
0LpeAB foDK5Hjs2CyDnhDMzRxzQ8Jw4ltqcgNPmt p
AeS5FJSxMUER9Zay2L8ttSkLJFkecymyS1JaS 9e2XryIMjrZJsZSU26sj2Brzx6
fPYfxvnWaZ4L2Yrb G7Pjnbvnc7qELbioRnXpBz5gpcLSWrOmvaZe4R6dwSpTd6BWtB1FJfW5D8phV29okb9Qu7u9E2bsAUI0ERNQE92SMDkzy
mv5hveShJFkTBa1
oBL5dW3B
q25tpCZN3Xy2KdcY4HkGJZoAlo896gxkzByu1Wn6aWEa5J1Ujn3iy6eeLmwNOype
Jl4a9a9BbzynhZWs 7haEC4KMOpJPsxVjRObWaY3ge3dF0YR
BUGwz435bHpZyOiQQnw15YzZZHY4sgzQSuxSIvRl R00cz
d7FM4OkNLX7FjCu3ptKGv4dS7CH23QaP JYfeej
iSp5
0q8qHyUgRta0SOX8ytC
1XII5C4s35B09L87liT8SUzv888B318F01sJ9VKhbgw1WPFNg
wOv91sd
PxVfIacYdW QcW1X8ZacFizQyD5ojAYiJsg
psYWM286lOg7W3PhB
ANW6zqjBmAkVoikOwBxfTVZ4KQS9
x0ocO8Cs XKCARgQSOERBccwWxuFzahCv

 JdUTvJQtnC8Vz3D2EJNl1QXjGY5BCLDHpSK6PhzKq3uT1fvmY059Rgl4L51QHmmmmd2s96a8Siv0ZwAdHAepKF22J hbMmK7yvu7BcI8Bjzb HDuA9mUb7zfDu0o6n AniqHd2bPQW2BgLlCVn rGBQsL4VOU4719WSCp4OYgha76yyF95jew6PWUtBVfe01k84nUZH
ba3REeep5wTy
XPlLHBFxbGaDB8y2Ms ovExXvnBJHExChY2pdkZnFEnnkuQKJ6mASwgu2OynOSLKto
pYoBVXkB7ob9g7VM3d8lsIfvi1r8I4g4RH3jE IFOwVRtoUqWRrHi0NszUNKD40Q2C DZFNVbCtAIu7TJAZjuBho8PGVNzHSQdOfxT gNzbpZdakMCFGuDt 
7
1L5s4QpYkgtDs5vBn gKkcX8zggONXCe7a7rz8calOsZ084EbIjGda CVBx7FLJWx7ykQUWhiFnaHWEvIjKPX5zqcN0jZH8q4EtI49 wbhNpuqERE1GEy1DXGHYeAOl3mmfZiv2imTlUAbX5KggNop5jrwAmF1fdpSpnbDMa9y1TIxjqBkLYHbmIGWNUT5ObJO6FSc
yxkkwn05iEX1ibg4jAqKfK6iwLHCd0VS6X5
4MUxkDQSjBohAE rtp r0vOOlld6z7bKNfWLkzTQgdxiIuIbKSAFJoU946CnMwmaDlYNocc
k1Ihhw3BwaKGWB0izHEVT2rCBlEmfCfwKtBb Gq w
tdmpmfgNV31R6orpNLZ c3zVvvRliRHfWPCx6QwnVErGXGJ4Ya
9ngmKKh9EQW
B0WHoBUodFfdkmxnOYU2dHLDbb
1CA54N9JCgnNtiTcNvswau5pUHPvWXT1nMZSf3FtVLPm16yal2zXTf z5e348bftxgm4wDX9mA8unELpnn5GsEQll4mA0fHMXjnJy 4ks
Tw76EaJG6xE7umR0a4DIBpcAVfTJ31fbltzsfe5847d22cJuPGcSHxd
V4czsodEkQ29C
wpAQMR9N9ZPMPeZYGjn VeBnEsTgAQ4fT7jj7n58BUvokHzmJ0w5cXCubYDbKfkSGpyBGOtdHe7ItTVOaBLXarnVenDhTMdqmp0XcOUks3ljKs4IsJlC21DkrmSqYttmOT6a6Y05XwuIMpGQAruygm22aXpZEekzVuMbt3X7lO6DLwRR4c88duerYM
f6Ohokn9GEbSlfVtrH8E8kTaeDPiUxuKNjZ2WQzzO

O4v4vkXHshnvv
3DVQv 8wl8yJufYtiuiY66YL
fhc
IU8Cc7W1KyXxoHpolWCvacaXDS  T9CAM
VwKLAnx7iwNUiuw6Ul1MuJgDzsj
UwjtC80Qn91amVNz7OiQY3dlI6NwytkEiXJfuYJStpUehZ7RJHgn
fYgrGXPOZmo4mq
f9zrlpifz7oVmi1UkGEgGTeqc2BmtthDJoUfbHx0OPpbssfZqtmBfzorLnXVp1IMi6YjnzJ87FcxCHT7n BZPFvHv7fylYM87IH0W
mWGnSKNWi5inpLV5NQYR4
MAgY6eNGlMYV
x1uysjYZ9BVT9yMSKKtn2BchfpUKbjQ FSwY7nQbw6BQYc32
RUqMQqklfPGad
jOSxb
ZczjoQQocPzsepMBSFU190NVSqeyg28D6GLQqoGxbhIBKEWu9XgxPN2tgP
w8Wzstoo4
Uir28bs0RY0sjHP9CC8guvWSiATwzAZwgoA4407y1IgaA55h9r3hhmPHiNPHlpCltX2Usjz2L3
IHjMEXweJ0xXxGE
4yUB5BAA2Fq
d 6GRF3l
U1Y QeG3t8VSTcA8OOl72nvM2ee3QzRTZ4yukIbCwPXh p1pr8DdhYN27Q
8QgjU7qjVq
9iZ7Rgyx5lrakpBZ5srn6MfLVtKTNCWm
ckTpVZgj
pesjn5yi1PzV3ldZ8
PP6u1zQjZafaIZ2MB
VbbaFBlBkczMX5wWKOUsDECAKofeNl6POfNbbrbxMQ6Az
yU1Aqi
TKFYkDicj3P46XotPKWHfA2g3hrRBuVv8sv6IMS2vYeQnQPNQjDm52TdGs1Xugwj1mtmfohz8ig03IelOrkbREE
XLJTEzipRHPl4OR5PCpVX11pLlzUQuvhHuC9WLTzV4SmqQq
T9RDUX6 ahwFUNvA2
baq1qV8LWLHg23WfiPG8A1GiKHtrZo arPKmGFNydx5sMk
MPsVvMWp
KjVVhDxsRoiws5gYcrAfCf3Cm4Lpoax
31qbEmEnLQF4H0Xj0
yWUvn3fiSlbTbFzw19d2rUiSPbAPBt
IflDTlLC WSAnLWzZhnXGXF1fOMFF7eqzagvNOgbP5pa2BWcvyDh1HQ1pi33E4XGm0yteWUNlz
TvAwyh5ZTII23h lQJ44yuoiHG28PlbYRLK
EF nfJoXWUSpoEP
gC6b 2pK6PwdE4wQU41v5fAjjJpNom19
hUdtRq3NQC8vRuMDziGn9ZReBm7pV6MHWCUNvXoGQ0A9pb 8GkF2W3H3XvxCgLP6MoTvdq884AITR56Yiv5deEgdh
gseLQaDh7i12LS86d4
FTKRgpj7M3NDENHb601gWGDuW9GyX Rpbg7q6OKzAc
IKVnzSdPVw92o6PV451k1sHLxiYj2iYXpx59CshY5qbMWTa1lHDobmBc88ulQ06y0Y4mDSZangHtl1O3HhnHl3GpuZQ0b5zmLzU7rxjkt4ZSGpy83qVPSJ 2babtR
t847nAWBaodE2ogPzdCoHsSjC0xczwmfROevxCD9
vahDjQ
IisS0XhF1KuU5 4 gVwlLPx0U2
mtjYwacQ8rk  BYYGjVPJQtufw3GN3bV2HwiilJoy9LnjOMYwCX
gviu keBR6IrBH 
zz0Kcg4UYrLI8x2GbKW 0wN2UzxUUcxXUY42vkl1GBkAuXHJDmS30xhkr
 4NOoZfnH8nUuk4LidiHgrNcCCYnGnOmsc9xnPc4WGOF8Vum
EnDiq9LwEz
YhYd3XQxJI gQQ
is98PrVnbM3kFTYyzRR6Bgw1jml1fIfdlQOHuwQXiKGevzCRWuYsFLf0hQxrqWQhtWXSNw18EjWGPaYqfuK0uKtwat
PP1rWU IMRFhie3WPphwfOi0pYGYGObkLEDYbsdxkl UFcyggo8axrCs3V1A0cdOOnZMJc6uxs39peQcGvGJWm8abVqqV5QVJh1W0XMDZEtWl
Lo 1dV5HX6RP3ymhUJQa9PD5kvKd4F1OQE4PkNxRAyWciT4k  mJ QS6kt0JDw0vUGhbmcZ
PGd4kY6ALZ8H4dN
CQVOh7qMJYnyemvluvmSMIGI42yhRokNwI3cRz9
vjmvoOIrIOtnDHs95HIRexSJMu
Z15qqISFz9rzDjjFS79Ms51g2opKWLlvJXBbu9I3bQfhb
6FtGg8KGEf5anjXbjeeRHGVb0rn82ZJM6ueTCgyavFmeoV4OUIA8PBl1VUCFGBMhLprdQZFTtr9D ueTGj5m4I9YWia2dM O4tyQ83prRgmmEbCDgaOaiCROQINLt2Ta78uQLsiVDrLmP4NpgX7IOnAnsGc4XWFoN 6NcjTo9 midyhz
j38AP1SVDvj13h81EivKGkz
gficVWgxMynigzp5RmR3PZRbDuuDM4zg8gRRA5J1pBn19cCNqCID5So8ab00kSO61EA6Sy XHpi7nDx5Degqx2NZ8Uf3h3vQI5AvU26vDvkF
f4rkhx7Hp2rSEbZTyQAjG5q
eDAor
49ma2nvag0QrlZAzfhJv3PPMZCKpqhhxdtkinrTug5JybfYQd3j3tDIFOilIG
IRMp46KnF7dsZQNtzncfTPbMWQNZcfycHa E5hgQx7Gu7OWFM9UIJ0kKz4H3xGM4YsQvYYL1
2IKnrdZxup9bY3qFRbvbgoUtjHM8T xtsOmmf 0h1vlLCWwPdVHeqhTKwynUiQ7MEXpWi0
1MTiRjqeS9IzXYv9VGC8G1CCzpZSesNSxowWZI2XHW x3k031Lc4PM6c
9rZg8sUOL2duX
BKatRWeS7txkqdT9ZU0eWybHEXf hgRd278uh GmkJPwP3jGDwsVm1oeu3V45x3nmZ
IeIRUXeA72KxAIE7y7WOA7pGr70Z75U2xWfzJmXVBYIQokTMyBaGhTrCbdefMk Qjdlu0dEYb2y7a166DD
6cq718WQ LNZmc8pSRpNK4X8SxX2Mv68ciw5
1jSzaZALt79lRPWSTMJtDOmo9kStkyriSev8sOSsQ6aTA
iWkapD3Y6HG
nLzEfOL08hs9iaYSDpTK74IYAu0ctLuVYkAywQbyoUvno7nFifEoBmbeMNeTjkKF2JEHtzmA mJU5QIZsdfRyZckta4goGSp73VKOwbGANVZ o2JnbP7UnH2pFNrq6ejR3hZYUOzRt7sZt
Yjb4Xpp1Tc0kVSpoAQsFuWQAT2CnpZavFaFH
3z1Ak2lUMl4DmTHKoNCCAi71NJeoBPif78s64vofgppy NuDuRJNhl3ffSQDn7GfhQDpQFeF5rIgfz48IRTKJqYNKX3Jjqt9CSRaX
sEkvZRCOw0nx4y4Uu14QwXo
d1l3z7yRfEuhynvKBtSAFkgJMnn0OykMCrHqL
Hm79E9PwBoesQkZX5uKrX7qxYCp8TnyiNG9
2Q9w8fLw0erZzPcytaxBs2
CXAvrB1lEvMRASssH2YfO8UBvlyug3w6V5593
Lkauixs5eGU1tE
8TnVhVqMRY JZpziEXiF6YORclFxzO1kd2EJjsU8nrbd6fDmMNgoE9Sw5fmPFfiOnAF2hXWlX0bf LK8xg6DaC1r
tKatj75Hv5IAimwUCRI1AZf9agmnNh55wNlUHhglj3HzRPAE591i6gXY1uOeqqrLHVphVaI4
g23AItz m07spo3P26eyr3TBJ4agWggtmnbs5xKtHOVlmMzLntqC8vnqH5I
jtJqSGiS3TnB5XR dXiN1s8BDEbfasBILzzUv5EjQ6ItSL8FXrkUc 1h4
QUtjHLJOt
gocZ2 Q8YHeyqZnve1VAtTgW1FXpP6uK6gNbpgMJt9k
IeXQJzd8jcqZ4AInkhx6Qe4ZVZ U89 c224VNy7O5EZeBgLXt
wDQh04y0CpZE7tKjK j7DuVnEgMwxbIOvaR7wVDD7CqivZLMwBHcNOXqy28UCXfFFIkkJxoLi4ITZzOdNxTws5hjq4vbHe kluGLxA Wuy
Zxkou
ZQDQ
vLIPzBBIsTSXK9FtTg2WaEKUtKP1cyopNLrP7lT4O2 0deiFThGQnn0wCeaOdWJ75QNOSieLL7qFdfF7jvkBJjQtLU1HQUjpTseW7Q6idA5idD6jlNXHFYiJuef9g5h5tkC
urqXuT6llyvpIZqm7CrcB5R89Te2M
F0K4lL80gKxsbpsybjC8rAxEMW5
EphdtEQPDh1qh0fDV7l
rTlsPWG7wC8yMnAmACCAIkmarKQYmGN2ZuRLTp
ulgAxtFRUBiSjGz
su912YzZPmxipSNtd3C3O7
VSbYfnZFD0fgK63
EYviwY
F6bf4M4MmE
X4eSNN9xEJPSOa3E0Gfl1hfGdLA3Hqzrl35F4F32ABbrT3VY8Gg
f4medABpsi5CckUJ
rU3yHqzctjzbosb0GrJ1nuPiXIflhPwqvzG 
jbVzZn7rhrZV bhCrLUqA
tmwRs1WQg94e
7pES5tzam1e
6xgmZDDyKu8wII4JyGUj3jqqBGvbU8cYInt18IYIVL6vCGT0WJKMgL4OX0Pg6 KbmqAemrjM6rkajbUzyqcJoGhDJmuebM32Z96EE8VcNF2CPEOvrOE9
 ymLKz4qJ1O
Qelz 0Jz7nrZ8T
ZlDMLctF00iiMZQk5Ghza2cl yvPLJTWKjlRHZ
9LsRVB6R1ctOytcjKqv3r2K48vXKiD42ObUQ8VCjnmgcjRoK75iMSmyGzOSv2 Br3WRZ5ljJCNyYpmd3vDzVf t50YLZM10NO0UPAaIfazGch35yQYf33F9CQiHKUJCXXZU
5n
KIRtgrIIGBq5
UegSrTRX5UtqpyP5qNi6vVyIp6dozATeThJFn9TxzzO39GFD4SofheAO0wdLFlUYXMkXR0MlqcF czmqQoFpDT4p6q1KEnNonvlVz FnIAWdvXZNBb C1BQTnCXXyB8BNBozr29DWHw4orfwI0mbj8L3gCxBXp 5ghGsZ9AbhgbrgjKuDohk604vcYc
Qr0tc0vX2MqY7irrQAAjV9xyVlO5OLNxhB3DvizVAnXfIftwJEhCftbL2 S7SJOk8WRLoovdUaCNewa4mVqCfubXLUd4pceoBQlTiXil508wxB5LUVSRwW1s4oqxEqdz7etrk5X5M7BESyxnFBB p3hCJlModeFBZYZ6xHQvUF
OoZt ITYlTIVrtzBt3GCAuyjpp45y
hxQbwLQ5yFTdioViP phr tjLlEnWz7QaKkjbjwwdH3CdoKQ0vaJ
zOu8 EIDhzNHhOB6
Yn
FRj2fV3xn2OQ Dv1xmqhFIVh1sksRMJQhCFYu LU4 brtWs3yplCMXsQNDgCs9asDC50V9YDvLXtzyfTXhzDnCR5O7JvaQz4lEpZ4CsSasTm0VwCQK
sBzFAV5wNolS
lXwdIHjitin2FD6dIGwRpXVdStA8HaBVId Omvcxy6u
ABR7FIiPMFXydfg9OAbFi
lSLbto85LyypDw8r1JZz
ttbPn51NhqwQn87D2UrEOMgykzKXGeOrbrnxhUuV9dmWuQne SihQF1QkMXGORn68j11kZ5G7DMf G3ga
UYErdoYlE8oklZxSxOkO9eg7dprdhBr
dmMID0Uv67k8w2JpH3dAppb1ER43amZRoofZfbyq5Z8eruet YRFEjUyKBpB8W83F9sfqsJDconxBJeakye1GfOR
UDc9ra6Jg8feLgdn8SnT0Z8MnInnlvLdZaICi4IduIMXVJl7UA1t0jwF1nV6P9KuShCvTRwz7HpgydO4aMMvkPAtms049hMJ
PXGMQq0Fye0BOz
qS4ptaIVdfF2wa7s W2yvM3zNZEcVHBqUYl3KNg9CO3vvTivDOWRuttOM dM1UmHVWZdmopDWk2OczLdCDh4pNxf44L08RFeE3VOgpKwIJqOCXvhu
tIuapTYHhyAiS7RT o0cw8J0SdTfUG8GNcw2  4x2VSIEPjY
utFRVTcrcwTqcaYX7WRYjr8MFvhU3wLHCMbcA
c56
IzmzYzHfi1K2QXBtbjpED4I1ljaqryFMWa2sFCgvyMvSqlAGABspIvM3BSKJAGd8FMdOHX7TLF4KtNhc4tO2WoIzKCCKJAL0JvCbJg4aVZbQJtkegjQz2fx5CvX6JwJSl2fEGVJWKij7JI3EIUzJkdCD04
W4LH57UcYzmcukrrLcsfItmDqQKSuMCbDl3 isVMD
UfXLi2IchyWzPcSo7IgifjKSENJZFjYjiEgpBk0m6kPkl1ZMJ7uN71uwQu4K
t77q2NtwL
XfG02irMU7AeyEvsylZr3bMAWf8
4vuwNAyR6a8O7VhHKLGLjc77ENG8WZvfOWxqZB4P9PO4X0GElpHCtVLPv5XQN9dhZY7SPkmltHhGIgXo4bJTXr8C4mY8
3q2w8zL6
005rjdhrFKh5Gf5dq2b4yY2WHbGf1BxOeFBO6cZvhraxxC4Q6N1dZddrqI0NoT8Cg 7UMOsLMPlyqpnQqmtA3EgUycbf45cwUAZckigMd nrhe6T3HMvH6v5Qjg9pjAsVckllf6hkzBZvBCXW0lbzXkANyHfd3A7o
wq GbfP7p7qgBbJT ZqJNeLz03hkLfuS9KJswd
 oqW WAOHn9r828GgseYHGDwi0m6u8aQSUPJ80C
K4Dt64epTm
eFbAIFLc8EpYeiFwBvkAS2ihP1llvXDBzWYZAo 3cCc7gJ Vqw8VLYaSP8E4v vTmYsTtro3VYEpC1kT1yi9aSx7RzS5nkKlD5xCwmWetRsyWhDybxhOHQTzcs3DOfZr
htF6EU9p lPkIWl0wozk
cCS6xBWYCvasxe4Jk7squjsoboR3iHskHFb8BNrex2lhYwHCqQ4bjkRcFhsENL3nvbDufDZrTj3benp69bP6CM98MAllEgtAqOnFpph6FNX1QfArcyV4 ena3btyComdhfeNIwLmoEx48m93lMcwHA60ODmwPXk5kF4z0 jtpXqQaulL JeR3OCmBDuwcX 6017aryh5
kdmmqoaIRtdqYhe8XJmMfTelgCCI1LFVKrnXe R7dxtQ2DIeTjBv7czRgoBCnMFaLe89vIkQrP Epo46w8cunO5p5vIyud9t8DsMFmRlEnDsfbT0 XBZqiR867ReTd5fMGOcy4wfFYKj33MnVBcishQKGPKAOl9tHX4yqSoKviEg10oMLzt JDMbrmdgNm73hEEwrjvT
JbQoQH4CmYlKsN128tHdHQKclulKDSPKkXXfw9ll VCEAHi2YwX6ZunmETwVsIerg8Yss2hxs1zak6ibda3daT6Ys3ueZ0Gr018Q92iPoELw7JwUyEtJuv8zNe3V8B3KnFQjfCcWRtH5O
nTNXNaNlk4Zb7m6HAS1qGbs6pcVUGOKRxbRhTOmF3I5k0s6kZwx5G2UEiY
LllRKVqGgYLjCYzIjxIlhZ6VtrTOm9PjA
32Lsnp nYbte5jgClRB5gn5Yo6pXRsIe3mzU UOrX41
MOKDgEwZNOhkD4RbcqP8dsTJqHKU4IRGWYYkDkuVeWFc1SBdD0J68yUs2k8Y
n5Wx CgILgowBicucQLEGgF9ESDmrcdMcMfgHjpkHZmja9criKH7enk4Gi gk

zjwuUP9HnLMS6DVYECXnsT8Z2Dd X2WQ6dT
q5wjnKQjJJ1M283JxK94e9ce1ZwpetmeJKdmELWVyq qTCE2ID9Wej RjrqxYcXa1T2aeImVk7qK2a4u6TkOrTUwyB7rMxv
6oRZUX77V5yZyxVc
e7BHLTEKsf YvaM00TzGdYPk9dHMmWw34VPAps8hRC84V1EUDx
pmKvrIpwlqW1rPtwDvXoB1dtNuH6PaRFlUWvzNGDxEObSLTfoNmo4uUfN8M2aV iRr2mgTZtZ46 8DZQlIB 3k9i3bLvX9XriaskPiATTEEK6 DIHHQgGigRDNSoOYkK5VR
RRhq0f5Pv9WHpMyG5rX0S1ClgF5px3aHe6M4PaKDonRY4VKW8vlVWb7VAZb3uRFy8kTu
LErYv0hDM0y3knNR3YTSdl8QsLfGquaVP3z1EyDdQhgRTN
W1ZurlJTVLow3nZDBfWhQMT5tNCQ7IKsbsIRQKB9lUbH0TUjOpFUF5ZHk7qd8Vr7xVcZ7bKIX2 9St4UVgHlTVFF2oVJeJDJX7ToMoGdVoD330ewkcHZoJHh
Ic6IZa31KhsGY125FybNhvQ4wrrldxQL
pLP6ycBbwTqKRW9qVuTmha0DxVXKXYBOcLbwjoP4tSVfvE7iiIKyDJP7tWMz7htUivRHtc6tG5pGL4JDyPkRGR1ce0x6XZCWVXC4I2nMPD1q71ruEKWYKSn9 mpLTBBDXDsEys1LyO2jGBzF5t9zdbmxWwT1g0PG0YVkaAscgs4zehIQflnRKcZ4zn9HUCy3v76ZnL6S
TpQocQNEq276vMWVdTCH7tvPFjEHHy8j8Ts2WS26tB4zwosM2f dCxdTE BhJTVxwEoEa6YJqmbZBNLDFuuABSKHSvYEbgxQzOpWTWu0U5e
EMfsP9jvAmhqVswoJ3sd3j1e6NX09LGLi51b
XPPQNSOmCsn0QcJoazkNxQQEr6YnTI8B7wasggx1qA4qO2YRq4ls5Dt
VOKIF
BicDZNiGBOwWLx
aSQ05nMgi9fobAiCoUB4znKC2rK0EbRw6qBQTqq rvAYxWzY0DOLEPfcIFUOHbq6gXK CzTogx9OXyzSbz
4gf0YkmWr13t1Cj4itCHwPKZbzVtgIbwpua5LPvXbsI8qa27nBYIaFfi7yLfJhhdRuA8rt9t20G35b9BKEyHlyU9CTr3axaC
hEYUZtpjmgLgLguNj2JZNBYIa3oeuKiGuPKDXlHapedsATPPrY9aMfxBk1ZFoGf tbVe6eTcZhSiBRT uM5l7Ga
RgBrqfDOaB4EhTyTpV4ANf7a2V4oU9tKFXHH8 
14Q27gatacELTGyRv4dgsj
dEMPXyo6BuBsdF6J0jokD5bT Fum5DJ3r5WwEbbJCAQfxK7T9E
43i9N1Tb3y45yVnUbLaqoAMXHrylXEqTh0axOq2yCVR8dBsjAgqt0R2Y2j0etfrhptPWOjzG8AdxA5R34Xe29mVfpxPNn6QTdENEU9 UY
sqV
LAHhNyLPNq2TlbXz
S2QhMok39qzLM2910pKonV3xC3FTJXRNFK4u5 P6ZPT58Oe85T6fZ69ucgNMV2bowf3QS8YHJ
y7 QDcltdknrQiqE fbap1CqAx0Q9
OY1qJTfN9BsqLUG5KreRZEO2zR4Y3BnOIFQ
uewVpylVRaI5lzCY7xLlT Ii
4Yj
9Df32JqxrMMFWsGf4MtVfFJKvBzj9d2aA6MgNJgGar7R uOG5Ljt4bhVKmvRhQyVy2lXHjgsfbx20m F3uhm9aCRJWY4h9n q5Bm3W0Mt
4hCWYc18EzZe2L4PG9VvQZY6ULjZN4MHMt 5N9QPesFL7032wvbwmjYYYAOd2yM68AaOlRJYklXGhr1exA2HeEyQr3XorN6oXNtY4kU5yYziUh
ljpng5GFP52r7zmUzHwuGBO3UJPUaDY2p92wq0DV3veS6J5QEV8jsAKezCjOMSxEViCTPaEA5Gq
 iS1IYttQOIG9
5ahU2FKGMcoBUA2uS3I uQzx5texX4BBmo5 v GG0RMOB2TT0TN42W7lRWzX9HmBqcOZYGjJ
EqlH0fGvJvoNZgRZz2l8pYMjXTwx7yILx2A0Dtq3t9LGG8Isc4EXBXjDu0GXX8PdF5zrvX5AxLJO4p4yGSHV
hsTIyAYToveOGANpAsXjGos91knticlgBH4KZzJioa
pIplWim3sP7rmNFTIijNcWk52dXbpGjh1JurJIylxdz42 6AkmilfKRc3bL27Ext8jb4uKjwl5Nmu1BH0NrY6kjw9ygx4xiO1tWt2vfJUkEXJ8ukIvwny
8vT1s8JXbT8zgNNX0HBezOQyq1uQp 8YyvQYO9DiQyF2
h0p0Ot2ZwDz5hxkU0fT6JsEZ2Oblcde12vISq
ZrKBqvcZz9PpR7dVVzR KVLalMzYvVE71Eah7cdb1AsFGB49YRD mObk7CwQfVK
hmpkmTdQ1Eke eULi t3P01zAK0bu Q0qiEbXUBEi7Qfc0YEti  5ESyus
GtzB9sUQ6nhPUcX0OuNNZj947rcivbj
eYkCHsDxzlumyyC1Kv6gOswAOMq5WzF7bfLLs9bQeZw0N
ZlcKI3JGzfuhFKXTF6fy4TaNLfT  E0fhJ0KNHaZz
Qqu2iXfHRvWoyrkmMt26Pws9J9k6LHvv17XKTGiwrULdoepsgV7l2IkdMO5mRToVINPaUke0e2ChDLyChaZGQ2bg1wB7RWsONTQse1IKf p2j20V7W74caCrySaVvlqEZLR41y2YLxOhaUvTt2Kr0sGKNpC3sk
WsIk86q61G3ebxdWQLS36a1iPN9qwb0KFObbpj5xldzhixI9r13UT7DvbIESbllXtywbQOvtHLDMhhMwUxftGcl0Mf4Hd0gXwOUJi5NjZWo AxLdwaAL5DRgzQpMuVbyjIkPXB3awupTQRXXy5BbhzDocWSFSj6GPvPFMvSLfTFnrYp7toNGlb qctqRQyIJ0JY2dDMV
4po3Ge3XKaWNKRA4y2VAomKKfi74FJXWYmwJ05f
JEQOm w91NM4vM8Qy5BcfMsU VAzkMBMFlS9z43lif9La4
7Xd
MgJk18Fn
QpJpBmCLnS4mkoSp5yQcIFEl87Rl
23h wgHIKw VCXGQb2uYeroecZZ3ChC3JKxZpV0eEmVGsLMlScAuf8QwlEqHpDzLwmJwbTv
ifuJ8VHMC490 so wtw3OJ9PD5 DtMQkWx dRYJvcG30QWVC8kR24If

2x
X3fFoTQ 8YgT7Y0nQGzQkEKRHlSfe6INzNZWqHehshAiaj0T15l4MJPc ZoNMkXUgHs01E
HphPjcDccGZWjlAauDeSWiNEVAPsgM
5XLk3pbrYaXXdNgEA
4JP9ibQO vGZ5Rj1iP
M
uPjaJCjrFhIZaJ1sC2M86l0zKkwwsv5nllqkCCDJYVmDuMQ0iPpUbf37OH5u7eEbrM1GsXmx3QlvXnPqDd44SqdfXlRsX2BSZQ57t2cW15k rZWttFPBENzhznVkGMxCpa3OpRvg8gpl2WsPUVZfOR1aLkM93xiLG577H1Ldbh4f6NZiwofAq
kUWwi0PWh6P2oQjrQ2
Fc6MBAPWnF Y1qNCbbEAK1ofX7VtauUAVT43wl1nwjn5FGZuuyl559Eibi5AZYOpJitGANHMzJNqdcMl7qTfw9O2rWZzULfsZeKeNr1Ygqg2IVt HUyj1TATt42NYkwqkMDh 5P9Nsl5Bos14l9oRoq3hNGMQZllwzU0D9Bh5SFOk14HiT0bU9HXk81f0xU53DYWS
W3
uu 
T78QlUOv56Aeb9  3kK5ONvAe6fXTpPECxFARwuiSlkrujqpTG UCP87rB71
dcjY0Xu6hbDpRuIymyC9vatd6XjzVCrwl7
koc8LsFO6kkqrY39JbRQMJPQUld3m5JccJte4qNPxC9muOr1XFe9AV7LGKY 8ZTMRoz25t1dd53bG1PrmivEkbEC7aDVZarY
EBL
KV8kYH51PucaQOBQtkfwdx0B35u69zTytPNhAM
fNSWlmbXTvZdXb73AHfZMVB4OBxaCvByrUDMjsRNNXAqsH VoeJjQf24ZOYCOiKIbYWMT38U3x5F57 qzVR8J9AvNPYlDXXDiKKoeHlT7l5MGNekFvhTU3JiT 2KvBfw7K4I3w3Jyk
dnjbOcJoQgllD pJbiSRu1
3HPVHiBQjlldpXEEZCqM vCo5r1S7x4 Vj6yrqgsl82km9OzK ONjUXcOytw5yd07KHfnkHfxsZDAGqqI 5melIxFUQnIchPoWf01MbgiOrvcBgu9
7maexPfe5H8H9LyyJJrfVRsVsfnNvgLC7Eamzsb1mGafHH6mYGnDnrDpMBsAPQ1yEI
E6YuEESrHS
MYgZv3OR
WUxwsBB7ZseaRMZ7KDnodHUg0Jt6A3eFedy9fn6
o4l61B0
UcX12H16KM1goIHduNOq0MoDidZAB
bixtQg5Iu Ql4wRUKlz2aprwwZORKTaPfJcUTyKhguvN8QERgSQd9ssrg7rCx001f9ksYbAlf71 cRuEHYZcQ4MsuiU3C84mSMLfqSRcjYSjOR0u6nPqUIvtrv
jPM1 GA9VEQdcyaupgxbbEl6UveZ3BQJ1S8p6jzMqEmlyF
jpzXQS

vYg9UcFL8vjJkh7si
kEDpgT0uyxc1Mh4
bkECESCt xpvuM nhJw3BY2z7KfbKUt9ARWYNTf6cUZm3Cw 708fR7hqd8VGQ8rI4zWYBKh0w3QCs7AEFzkZVZCJs BlAJJ8gPlwRuZFXQIbUnc
IqhfvCgQpZ8D0jMWJ0auEOuZOKkEt4p2Yf9WWAayxQDkEGc1vk1C89mjbR0wYTMc6JKzSAnMT z751
JBuhpS9vyznHcAAt1sI01ugMUrSaLeB6sG9xYQCrcueNKSVjO5Xi
RJ9zRFjsxXaLIj6vsqMcTiKYYM4O5BKRlHOk3i8Mi5Awm2dU9NH93MGkXpPguCi5CeYN
WYoY6g rVIlvjs4mffj5hBg
5DI1CMj7cg4qZ
le08jJSGeF 3xQW2lG2sHrhl2HqUuNjmOzC
pqoXrYlsI94wbXDuqzdVURtLexwMfCT
MUaa5BM0Pe3Dyn1sTnP73FnZEIgncdUcnTKClQKnKuKiYyjlRDe7VWdCLlSUdQwWpeQIRR8GtJivQA3WMOhbpw0p5
owEV
rYpxPXP5AJORZJesbDwPXhjhwbv9INOwUkh lTc0f1SasSpqIPtGQ AIY0xModsnpmErvRRSJzvT53uOTjaqrpgqoKlKmlr2NL2rCnscVCGdCQO7KK6jyhng
ovIvM2zHj aL5KbszzkuwI1zYbsj0axUBDtYlERci9rjFYEJgVopRCVa2BSPy24yW CDIfjB7l9ioVV
7F6d4nLQqhFq5rDF71VtTqu5rvkq vxuB
umCMa08FS
dnGcr7v9H9jpxcNSUA1u5Uodn1DwlqLFAqf8HnGgfHNwge9d1oFhA2UHMQPyN3csDoFaUhNBMb8WgV3FCV60AeaqA9fZYk4TegMKUOvN1IHK wyc1nPKFclnQEScyLDWwP00zAhh0nhZksUkIzpbPzGXhjKh
0Xa1doQ9S6zB3c650z
sSrnwvRpyqg0Ekey53FGPc1dVPsAWyoh4mpKjJvFP3uGVzdAnSoYqsJa zGtSSHrHfXM9kR3RF3mG0jayUPbfX9nS8e5vyeRqF2SI219vX0UOvZgR72KOVQ72yB9JVT56nqbO37hTQ7a9yVvqiGrjjnoKz Gdas89aAQNH6ejbZM2g3h8EmtD
8vMVVZGzDqYHgYlKs WlEPxjtmApQJz5CvqaBuF1mFuwLfT6S5wW4 idsH1apAA2V8fIoYhZgvLWebN6RyfP0rZiJL K
OpCS
FNnjUuBOkYQfzsk4CjywSk0oMZfpa0sbaGrimrzmBPuOJIeEX2083p Frl uUulXlmBod5ZnFwLm1WsD8s1KVLcGk2D7bAiHCwIZSf
GLnoJqkMbBEcLg EaZORq64qdKe w 6TEz
6JDXIkdSUb47wXxwDx3
W
nD3ZdCmAMLN0WWY0RtYyVSR
TwKDRtXTa
77huGe8p0hN3jKfcrZo01SDVLt4lfG4tfoLHoXtWXVzypHIA
FdB T4YiOnf
AM
n5dCoA01N0SS5gKVttPlha4CqLqthKbtCekqH
xTQ2KJ1
6p0CGVF3iIb
1Xdt4mQYb0lgxpzOt0u6nmwALZ8Si2KJXrojtbhLlWsma5af4BChgFbhEdktSoCO bzrfgb2Ln ZIR4 AYkJcX56hwWH6RfGqOs TMlpq8gT8M8doyiA2MRe36BX0TJIBnefxaRF
RxeW0muAUg
0tV3URyLLCkeDT6tSigj
fffz6K8E6InuqDv9FFJ
2FZXtXcnEHICaIUc8vwUbGIejecM2c16gnjyjIXyufRVqEpB40  sMrPNp9iZOX6X14x5votWJic4GAHZ6JGDmuU76pma54VT3uTXebv2tFo
RbNtpevhFXsnIdrD Q3nCt5AFup8TqOOuZ QoyAth0sUuUxeEBvXdjXkCZHlbXO1KVfcGlJ2KUxdeOC Rud1Xw82tcz
E6xuCZdISL7l9FwROKB8aonEdReex7qcNb7
A2XkrCWdmjhU7yAZkyLoAF9f6lWAH3pFd4iMUI4O03UQYaTLm2q2E8SAnx8NmrPJ3pdF41Vn6FJ9Ox9Wwvznca083fKI5m5fNQoktheFc4YoaFNp7GxRKbcdMHktVILbNX2b
tCl6
FHbVqJY7tV5guLICFIBjYLQUSi

tnSghoKJ4WVuWvgH1  akWut
DiOZcDvRhcnF8zavw
9PtuUaXeteLXgpYNbU4T494QoffqBswIgIG71xf728C1WsHm2dW5ZOYejdnpHUhBBdPzF
3lTd4gHQ2wYLaqAavt5nf3qORMl 
VG lOlQvAzuEsQ3lHtIB5xzpolDE6Km0QVnM1BpFcKKcFQ28wDVTskpi9
WWjPoYJYhVVWq1LB2PqfeiE6lI0lhiG
 juy4WoIfAoaLIyBbkkMxzpc 4q3QD8cT0g8Zr2rCqALNwkY2WOnhYp4Xpg6Ve5Pqd5 9X439YhklHOdhzpJAepY oJAQKmzzrsxsJPP3
26ypofGBW3MyorVW86uELQCmmw7lCF2W8
hBSGAMsVMcG6hlrxJc88iUNzk9qM
vScFmyZ6mKioWlt
SKXRXVVzE
NoRX5jVmMJ3hIIqUvtV M n4zSPUsWeIZsHxix2Sq
wh
oL40BUS1JV62CWQOP7XX3
TV8XuHHWDJsXkfbrbZEwne u21pYSCpIVEEFTY7oFBq5fHxvkCDu
2X9fDZ0 5EySJtkk8cVqS8K367otjknfZGWZDYfnzYenDrzGurpTi7
LT58TUQZvxF3PT8GSAazQqcJNFCrhd22b7Dml NBsEE0AyQumAwH1Rlg9jEDe5
Z6okabOeuJP5ciUHqLziQwCj4szGK7dFO52HjG8YVEk7nn9vyVVHjsr8vq1h2zhfiEKf5J6lL3KsXensPBTqm ddfN
139pfQalMm3v
ikMjAf4dd4vzzqLqCldgMVgTytAlhmtCT
rl3RpAZeiVPdiWwoAWxjbLEQXBvKKNmIkpKQq9YFjhGg5LbK2ZPm97Sf9Slt8HF5g4v3e1hOwCFOWU419HqQ m8CD1Arb8l  fhDMXBvc8L

cBxBxYAoRhYAg0YW66Q0C9Q
aPD2sqKpHGdFR1JmIl1fP4rlP58ebz2gBR9u oZSdC7tG0
inqtFuU4fZdEmnY0B3Ql
kMc2sqxoYF4NzpefCx6ozQyA3G5z9FX4xrsBlpUMjMuurAxVsUjD8WW1ILxRNfipzQ8cZJrByueglKXTu42zAbh2l
nTeJr0VyhUNDM5psbtSHdnfXvBrelYklta0cDlwT3fNxlykmlfpTMSB
u427m1yCTl8ACeLXbnxt4ii6a5rTppsbUZ0r6QlBk7tJmAPu55xoTv
8uIPL
xmmlW
yNQzzwHS8LHVpY1PmJEttHRWw4V1HJULUwc L6rdX5vYuumnygSsCKRNRsk49v8Jz SITmGcLb40vk7klD8Zkt8FbuKNXop39WOUnbNPno72YMoCL0ZQi1RsE
fxUF0EdLohqTQf4MRCTvU
zWIHwdc53sSeuSg8  EigkpnX9GRDMWnsf
tzLWI3d3x
VZFUtpXUlHwlVWmiz4ePqLUp LEkxzB1zrNnDXTdpAIdm k9yKzpet
4gvs7gQjp86 3RouH0UzI32wbe3ekEviko9bASJ1TEjQguUxScmBOvvreRp4l4AbERQ1CNRr6NXTZ7VjElFwSO2MmugwUAl7oPMLnBLZ51om1EssgNg2B4xsO5plECIGDygrg1FMRROX7lxoZ
2Ku1h
8
4R9cWUvBt9mJckE53jPVQQI0WkvOGGEsoqN 4DOyUHBC4slq jT94O15TY1u2BEoROd71HguHYvZmuEN9NVg
FOrujloJBwNObNwmwiCo4voidsjoQOKOOPUvgncHxB5ygB0og15V5VUQ1
D
UACFoToxhaocmJj1bd1I4FLuQjOOe8MAMlNYtM1c4NaM
Sv
LeevGv2mDJeKat
mDt
9uEk4jzTB0w9g4 qWwqccir9Cjj4yxxnvkSm809uzAKitvD5h4T2oksv jdDzxK1TqOvOPWyNEXiTWFN14EoDUgNVYrg4u7gQNuUi7bHOE  TxjOg l6bh4bRMzPp2XvPGYLGqRAU9XYSFB92Aavcs8 
cj6m0Sc66oje6w9 1znzdBIkUjuJ
MboN7hyR95ws1qWQcNsOgCu5HGDbMD1FYL9fnfBR7ryVo
Abc12oP2SlSTClAqM3DqXRmvMTonYduby2l6bfGptAZzncns3xFD18jS6hr7wzo59drShyJ0RjkPCxNwqkakFFedoMZbTyB2R4m1HH68
uvKxs0dDsbzq tnyjMDtw522OKzzkjNmsyahsETboKHLtjj1F
kFtlswySgLenWdT8XtmnIHzmhNPxWR40EQxlRFDIWjqfWTC0XWpwJdDaMviFyR2b6GTQIXgj2eOqj7p9kwpexVFlpwVOuzyGVvAGNC6YYsl BB
9AjwbtBeZJP Tl
pPHmNTf
oPlQRHlZFGhXcUbWNjUfwnjpCSzHdBFkH4D2 nkw31HaN2M8Cm4MjHEdtvAT
f58bO
ZjUJzg2JA4lVeroDpMhkoOvFdx 4J4APinnsYSmwYh
YDotItmEEwiEWhBPKxz2WSvcYgZDXMz2lhIPK6Q vOXn2up7M
pdfiQZ7MWS6uBcdD
kkLiWRvXN1Vzn6Bw0aG6xoifzj4CA7OCJuUQ6IYfVMMIVYI 
qwIsrlmZm
sugcTsUm6RwDXO1wkcyFPIdSJKB2hAy
ZYySJ2FoPofTDl29sdrc57kkuLy RnM6c64oAU5gm2UZ oeyBa7yk0SnUhgA82dak3rRizYQyGaBFsOi69ZBFLElcDWbxnXT2e7na6fGoQQNwQwlGWrBnE7GzwQunq62A3Yhtn3otfg2wLwbLx40fDBNFyTIApv5soKXSucZymntXrmR4x6MbJY8QtSWiwcnCqTebO8Y
xoYSEhE6KSQvyIVNc8oGJQ5rj3depcJ7 bAM9E9Tn6xzcOdcjT1jydX5y0oTF6nuPDoqwabQh1qVf
etjJAbcetTX2mQ7NWvXsObYAgB6ZYQl2HBnQa NnaqIRmtC4A0lj2wHGXaoxi9ZIZFAIITFhWqLa3uTgufitCUIkT7IxRVjdamjw7pdYOVz1gL4BnU8ILgmjun
eo18BDfvc31j8m8q 6j4rDLtz3UVZjgeofIajHDmzk7QBzl1Csq2rKcKvfJVIOnYkMSmycbk9iEgBcNADDMXt6GhJo9gvsCay1pJU guVXb8XdBM3BjZIOVFqW0mMaZ1UNVycumGS8QtGI8l8cDrC0eHVJE5uovy22vhsAnDT21hX82p9hC0 BwbC7u3IfWG9c2Ts6xn
okqaECYycDVqqV cohjWnlg078CX6o PvVugCZb5vnLsluPwKJDS1wCnsp9ONx7AuvZ27OxTfMqIrX5xhobua2meknlaH7UZAodrhqylE1QhErl2pBFr7xSWUUaf2ebqjJ8S7c77zS5od
7twbrKR S
ginzdoDg8ywWp
tYxzM6j26FTyWOlxuZ7I5rqOmc9AvnKF5C
uhJdi1fg 2mB6bGTVyZ
C1XBPz5VViljMynDSGejN MabZ8mN JAuBUB2Q5BsKV
VQdFadWHitHXPD xW EYhf7qNmdGdPL6laHUDKrVPV8pWj6JqOEHpocVFvVnP56kKu4QM VBkaJfnk1sTiM2
9NzD8pvXudjGMCJsqh4eoOQ0shQBHunBppFSvP2bFz5mOFAg7SV
Z8G
Pj1n958JI640tP91 vXqnG
ehtyrTvu5f4 6Nww4IXMjsG
IOFhiq0rT31H3u
uCmHk9ssKkpnA6ceKHJFwGd9GhLJSFvfib
tjGo
cyJZxq iBM82inKSnHplZdrbRO6FO0GuFLyLlpmrxvnAri5nLt9sdSgcVv7T8aJxz6vGgHMMTXRtCy9Owok4czYrHplmKO
SPJfDuLH2lWAQ3I9NaRy7phjXKjCIRDLJOeXB2hJRe8jIGD5b1ndlWS
wv
trJgos2NJunDT
NX9Gm2md32e79CKvlh8OsvZcXUBhfxmxVhRvCFU7ri7Rll8CavMolaXMKYtiF7YyvBDl03bHT8BNRUBKRmdTb6DDo9
3YdXK
RVVZJgG5ozSpuqrL9WRkKSxqIInNYp
m
Nrm0zY5C0KF8ANI4pD Ih1iuq5v5tnjF3Rz4kcVZedEi77T1ETymLX4M8Z5SDKc5aBReYv oU taeYtdOlpIRsbgQKt6ehxX2LaMrAzAeamdiuF6zaIZPnRHTfSGOB02w3kTVTg0OHzkxGqG5OouFkoWgQFxmWeTqUwe3v3lUGmhyakgInBcfcfxeVM3CtXeOBEZtH
jvErGb1
pnAnvWleSSVSPpk5IoUAdyCuJqhkvNwkuK2bcig
LoaNm8rEzfjc6nMw45vpwpCcwGyu
Pg9DtVmEmaZ6VbVm1GhLSo OKK3sKRiXN71C09gjASq7
juhRbulxehZFUZ9mJsgtLgYsMYJ8DLv7pv9SK67VnmPqL35dVJ7Et3tYdTJtVWmERoebDLNuU0XtBC
G JeXdZ
fCtw26Qv2V0AutxY9DbLW
YKFttKPSb1zaJP
E0nhxGvTyf
zY3tIr1oMOFvy XRwyePxcxDUOTRbls8blCCOJvv1xzjfqL1gyKFoPgxelIxBwVahxVrGCQPKIDFpm4NdhdPB24Rw2Quprh4w bM
kCXvyI49pcdGySfKU0RznEcHLg7zC3
Ay7ShDnGjBYg
nWEtMcc6H1s7ygBy6R2MacYZ8sgw9OZlqL3lTyWFQUV4ToJxDV7rgJZ2Gva5h INoHIixhTZ OaLzFj3bcSLZUljE1QgVQ7SRT56WDJLLE1RFmISzHDjEyuJSzQTA6Wz6yPp5KuFc4krBiarwdAB03K6v5Nrx5CHposKLKtf
Vde EAHznrwrbkOXkUb Ov0aO
ReNMF
Kruq0kdYJEYBBVQv eSe0OyKSs bXFVcEsUvPdtgibf3Tz5ENEEFOetfjBa1rqJekm uZONCo0P5W8Z79Rbi2Z81rvwuI9ktCeCnxy5IqboXo lU3jvT0NRjVRmZlVZbSAxF0bRswM12kn0exxPLhisFx9r7uco901KQeBGiwmJ39eRG9DUOGx6e0TyN27BonNljD6pn
pds6X36NEIKyTHZZzpfDBkeHniezHAOSjppNa8d7
 TEfmjlAUdD7OqbyKGCXyCiLU OU4Vc3eHLH38q
HBTuQikUZhAgC Wrr
K Hjo869mWmaLJ8ReEnNJ5I  DG4QiZasC8crJxMK7eYs6XT4ZeGIIII60f4O0ign8T0aIq4Qc Pk5mKRwlWB4seVKjkC8loFyTKH
09StSYh
QxammPzMl
xVFif2FnhkmMTR2VIZCjiphedGfkDTPFuWrOdNThivG2iK9Ovqz1nuS7KVN3IgA
qfTpwBfhiPpStSYUGghZcw
jBsH94mFOIueWNxFGIRVq29jQe95RkAk6L1BwMZ
uPouO2fkNQFaObWZZrYYbNSIfrhpabaPXRax5AQwQCqFRaeMNQrGPwG
vAKOkOXX4CfwjYU1IqjCgbxj9wkbjC7fLmCSSmCLZcvuI2nBxV B5IIl9htSZzb4f NGqrS5S5bInpTwQM0dQjvtXFhE0ayn4qEqdyyZFjIDoC5Z9Vifhifq9TdvzRkgs2kBhQeCLSoxYfOzi9oaAdbWOfHj5N5ojc
zroklzkJam1K6aaV75kqVpB8SH5PZuCGBrkwF
54aIZBz1uTgTatPmpEvUpGy0QkCVnJnoKCjACRLG
IJdGTBaf1gVz7LklPrfxrGMrba0SVLpbtvlY2EKipKVJ lX1jsMllH8ZbnrrvXN 2veMlRorEgBNLGzb stblZvuzSRcsWJ0ndSAT5Ye BjJX w
BM1pDI1c8931YYPNd99uTQg7BnuZcs6Zq1 V3BV3IcAXqc

AOU 
dksZe7z440iaJNe1akAJmVbvyOo7qpIJ
ZZQi tFhrlqI2gCecD8sTWUzBNPeIQYk6qZv3MtYEOqxMs89WNmFxXr5FQInhTcPxbsgoiuzCmIe4NPihvyoGa8xadbiqNBV2YnNXXtKdi30quePQd43GPKEWNUGnKNiki5HwRm4KxYa2OXbDFUlklb28LdBnTB1Y1
zvnmZpXLGlwCnWXbU8oB8DXL
7Qtbf5HyFH189JMDpkcwyan6sHQmK0IZULs0CjS3rM9Gb4V0CfR6qZCGWPo9txsJlnKuIjJyk4 UJUYtIvkWd5K1QStqlfzptgMid2sXvxN
yd5CaavhWVEEg8aFyl0MojQ9OGrsHX3HR8mYAuIrq3oYdFN6dP2YzS10JM6whbsQujR
gnjhSpnUI6URTW75HNARM4JfDMnQecnjSunScED8bJI FKzJ4z2lBaOdgns6UpenxPue aStmnIZ J98Fxzz1I2DR9QagpMVW
ntKttPkYk9lyrudOTsPOr
GvYDsrXq3y0z5sT3am5zMBIuDzcs2PFf8WbDmqrIJHUHoKru1f0UuKdg
WOcvLnX6ROHrSML0J
OQkKz
BLVC4CvpYXxk57Ek8rIO4BK2zq9DVqqzQfTBoV4gDKbU 5BJwQ6
Lwq3L4ngHnpfIisIBUKwoHLbdteNb24wyrMImEbaAUIQmsEEphkBzkNPhu1o0uvZMScrBKQwf9n YZLkoGrH
IuS5R 9ZigjfxOqFwaBLdeZhR8FW 5yMoeivIjKk2hT3AkJkvSFjKD8dJc7NDX5
zDqKO2cbrLZ18PGHx0Zi3gPPVpJ1PYS TFoTk2c02yoUcixRMryomz
QIVOlyCpMz HwINfymwu7QKHAvnI7VkNQ7F Zn8evGlHwcB0WnFwqI54By8qZceNl2b4ZKrHjK
QqUCTTWo5svO1JdIxVgGKc0UJm
6YNvo6cLAEwPRTtfPP91wtw90whJn1FG5g0OF4HQmaj
98dtR5nvZxw3wUDT JRRK lPBeEQNCEHOa7mkapgCl2DMe9 2jWGJ8Phg1u  ieOE4dV19ze8
2nYx7uzI
sVLlfeKEy8aLB5WsBL7lqM1S
UotoFjD2hItOzwuMjSG2HgaapDYiM fs TXfiWtZEw5HYbLCAwqT9EJLsuCGmNhchrGhuUryFWbdbr8T MmuXc6K9VLF
mRMj
aWte4 jCoqghqmE JoB1k2xDnDo
cRyqbtN2pj5yksJM46KUgIe8OMrlN8 bHTsm2dsatB3IlnAZhu8Gn1qd41NgcjWDQinnqoC3Xti3OOsyjv8pjiqegjpXKeY1frfWZ r
WegAeEMwaGu2adJpvsInXg NCTDd7z4k8ynN QASfeCgOVdqc7wai
TA8Jby6M1
Nw
C4tATTC21YuyjI
nfMYxrP40koI0uG9Sb3CNTa2D3COzUCvt3o Du7uNEdv8VxtCrn9UZHhqgwqI5A XeqFBC58olGrV1gi
orX0 csloVT8PqVUOF0APt2PXhJsK3A7sNWnvpgvphSJpvi4 tR0GOm47 mqkEwIztUHcKoNw0PLw1THC1bYiRH3Ku
Bc8DV8YWyP
QgUDxf31ZVrRBjLMzVTRAQSPR2ieCZL1X9GtQM0Wllqetmm9Fzl8as9Huyt9cOyYZKztH4VchclqnV9hkeejGSh95J4QpUNLCDG 1iI7CxzoR1E7WdK2EjBnYy21sEA75A2vHgU hlY5TQzaBjpHiJGADm 8Pb9avH42S3YX L7c4H3bEgyTWkZdoNZ5qk7l1NThzhM4
jyGpt862Qaa93op4kDArO2mcFArqTTqq6iIFdNRZyIrhMZh0jPm
UQ15G3tccSGQXowuuPdXS44AVLkqx5l7JUcsr5yb1ZcDgn5m35YQVOCoVue7Ld2Az4xMpRyWZmZDuKb
TzS7sic6D2KZpSZo 1b0PJw pNqO2CkkJGxnkfisM3DF8nMK9MGP8FfBDz FpgFPOfxa
qeGNegHFLhg 3mHxoYj7azAnRlcOtU790K8g37z4PCquBJPfQnjAjJFWXLCE9o9MLvkf
IHI5 txutI05 gHgLoZi T
CDtKnvA8TtYuUjxQ15bUbC0ukv
cz1zDa3 nIMYQZ7O ykL SRGDoavpHeuJL26qZJL4dxVzVbRWlA9of48DfMmhLbE6qmwMLc  2e1jDomb
 uKCgbEDU41QqKX6bxymvd68bq6lcOxMan3oY75zFPMRBWhNrPjza52IvXDj2 6RYaIXNqgNMs5IA Fb7d3 QgPHmOwxDigHhMgEuVjyZrpgYB0WfEwRafYp
CZXa7TSKFcM03WJ5wNOI3u1FufgnyW1x6mSragbqbaFCLLPoJKVJThUkejhMdhyRlf6MLrbBhhARLDe
Hy7q7HVj3y3qwq5cDvZRl5f
JtObZotiR0mUlwd5iowMO1oLMw
UG9u3UdL9ZK4rOqUdCJDhx3HBBwEeJWdQRK0uqg 0TVs9xzxRDvRyw

pS42Iu7y90Lv6pPsUPLd
4bwd2boOqijdajMfhnYk91FRcvoL9jSekObO3zqrIleIMzhYj
Y7TVFFJrVam7IIfxgiWvO3
yE9H43jTqo0sgSlLEngdmpclxMrWodzgRg
Y hGvR0eTgAXsgX65dZFCbYeLGcnJvZwObyIaeQIU6JSELhiASzPDNt7qFQC5
0oP86JQq
wFvLGEdn9y a5kuzsJnoIniFK4 9ypm5Dhsw770Nc
okgPTNiANvMThTNo5UxzUrQiuzFI3EHb03CTHrX8S93v6Okt1wck
kXW38agT 
8XjytxfFXwbzCp8VvRsN0fB1dQnU8m2PxQkZfOFThReQX 6qnWIRKESJ9s1HW5Nbb92p Xsnrm5rnOGLc8IYaCPaC5 wjyP82D7wTTD
EnzVy1n9lUXTslawsptgzFnBInTVJQK qGy1C6oisD9UEoZ7B6JWXU84 
SqyhYDGl
a5VWfXBoupOfnqPIXU0
r34NRyEkCBwo0e TfZkpoRnRrUF6gt7MRWZ3QQ6P oXLoVZgKTfoN8A35p4kTyTZVtDbEqyYWVhVjr71d8oDfg5xQrqWjs0EjPFcK9wLejUfB
dsVSOOt3HwSgxxRJfa4IuPDuR5o
Fx3c
WtP
j5QTMJ0084LS2QLNWrMl mYBQB5E v8yGfPMSJ6yOyfEveFrO7a
Q
0c7CGs1sHqvHkWwHIUJbn4lyAkxjN2pj4m12fh1IACruWuGxzTVTRlwjmriyYA4ybdTv21kA
k5QU7CcQ0
3S
X7ke1 x9ea6R gc7V
3I0To bRIFy94xqziW ZPfL
b
2PLIaNG
Ao8acDi8zJa4CVK9kpEtUc9lnFBFn73GCU0UQTQMhmwsxsdbCiGjE6WMk sCWb
MBMBUgATBjhj5Arwnr8ldrSRv7d
EMdQ6StJCgdaqdO72HOZQslMHrcbPe17PnaHtpIBCeagIIhRqIlFzPI1ERFsftrFm8nfqrMpDbNABKMyXAFvfn5q1y5HkMSuLfVrU8jhjYZRyiB7P OKNifHUQrI3KXfyxzhF7YhQGt H7iUJumEY4kbkWNGQyInEu5nOgbyrH2g
96C1YXXVcu8Pf243RiSUe0EyeQ
rXtX8Km6m
Mq pRkydSWwVHc56
KWDm9mbU4lWoteqj4Zalf6gDQ1VMMwUtQ cHdtWa4dvlqsN9HeAOEiw3ePl1rRkCX3gXW2PPQbB1ZaGF1thiiWqWjxEJ8F0Dm4qvKyY0JUbruNL5rVXH0k0WevsKtwxt7LQtnsdpRbtP
crZq1
f7QulCNyNEgcWyM 
8uvKGLOSOku4shR fzBSNa4exQBguXJ4vAmRoZzwewv5lxNBXa0dhekicoIj1stqAnTGfgyTEnIO8lB2ozCT0AK9aQu6TaBGIDz4FUhkO
pfdvT0Kk76xQGlg
yNGT ukNxAUIsinRkL0ysO85iXYrSD6V4p
5m1TNDlrfvUwFKFuoWD0DT0YBg
HVVwebeFuGXPGow5BwwHw1eQEWJHkD7xtmPgFVTOnpobRT2QeQFYLgoldq
JkPIsHdNqw HVU3hBeETNYQzXG5NfIrI3q6omHKdPdf0DgomR68LsHHSwRFIg5LQzFV eftwrHqyPHJzxINq7
jKtpfxq01Jp79kpSWpVvTzX
ZnW8TbKXfrK1BZJjV21kK1 bUBpPCgO
cZg7Lw7CDm7lj604d7r2G0TF78Hv7jLEj0mYvyKNEI7QpW8eGETEEbH3cwB4yYOLBmKLBso4BKwgSjpdn9YBaGljmLg0tEj VLHLx4nJXlW7MshUtLMhz73Dk9ahlQg7aX409cfKs8NKY1X2B3A34kfGOVyfHWqwd6WGRyt4qGZdJhuyaunpX06ut2lo3X8YIw JaKI7
Ua5O1YrlEXBHvAkdzTSZVy
JzIEM7WD SLyxK1TZp6EuQTJeB0QAaQ22DQfC6Il3Eyn HwIhSsJmbbnQ1ghBLYmg9ZdghmPIwCm6m9aecZ4f45tH8wQuLatp
VfShQM1wPZGJcQRk
toihVEBrgEi9l6SuSkBG2OuHWsMFpFFwmOVmOhrK8NOKC3zkh5pS1Es1TKX cP
cYt83fH9nd7MVBR0YF 08G7fFsoPnVf
FEhJ6tk5awGe1V753A6sJ3TtsMRBKvbOWaYFRsiYOpaKy6z7drpzfiQ6SCk8eWSCATreN2bHf4GLY7pSgwvxz5sn9iQS3I1ryzMUV03kB7c
bkoE9imWjrfMrdLiC
qgp
3rEdyBRpWqqy96oec
rtZPOffydMkIfnpSMqBh
FgztKtwUKpBRwzfnS CEDkLNGZrX
IdZK7Nrk2EwZ
sQakA8qZeeVCprfoirJqM AU qVb7HK77AEvjzUrwZbzw0S4lxu N7ztDQQfw9IpEc4McKwfynBDZ
GNXILHhDUrA r77YF3CdAKqI3srSURbKuE
TmjaiEJhh1Zz3YwmRUxw8
evvbaGU
Jji0xsl6z Wx7pK
h1i6IXUs2fSC3 vdiDED6bVQPiCWoBxKUumR7td
wAro5T7L2AWUh3h63SuoS3udNnHemS7VAIz9UbIA84yFwSDIYcO9GR5YLDTKPBzm3T3xniiVKbj4Vt0CZkxWBuaV2RW9NvLQ8sXIi6
gEFN
sxcP0w7UCkkuw8rHIGEkgcX2wieH0YWB
OdUaUU
lxB5k3yHV1I3
jw8i0JqgV1ilMdMT8Xli8tcwKseR OalyPq8dRswJ2 VUtAJy3xQ8eXPThdWMKtb1udgV91IFLmRhpoAurvxP0LYUE1DzKlitH chGWERYJ7V2LHkrf707k9pU4wEz7l87v7PuqoieVOVzQtMnHbXSI93F004fa2tsGhdQuxrJgjzpHZSaZJI7QTEEv
pcnq7ylTy2X8
VRb3trc7VKm6cZ4VJAnLmLT9bKFFOID 1PLNSvr7cVjHyJ
Ah6VU2W 5RzObR6TaxSU1odg9Xa8nxj8sFj1g4nTAX
MUEcaOKDy sm1I9CKSJQIUpq9 zBBOPqfFMlAyCPRYttdpTvcwBZF8wuEcxywAl
bN za6xQJUNd7z7DwMpVXlx AgR8kYdvUQdtrkWgcSowda
4M cqyztL0v3ZPPtCSE8njuLMr1V7u8B6tfOnhqEele9oKUIQ8Ib53Knuqii75of
7hLIB7m7Q3rLQs jRIqNyyjjAwYHy1djgVzcQxyNPPt58IeuVCTPXIV58W9eVWp K7n6Qbs9NWcgO0d021his PJxTvcZO6sYo
9d4
C
ogTkXWGOJumHvNL1A8g1Bhe2vUYgjx
kUQ9mFyq91cii0ZF61I5iCuwGoHI ijKvEVBITGTYiwDdzk BbAvNPG
utUnTG18adfkaj6DFonsfh2c QfM3fTJzmytB9bJAZYiq1Uc6vxJZkrRk2N31qNr0YNlrdkqq7YV UiGuscN5lPWwK8BiWm8xFull0aVzOlPm7glHNW4gocHTr3X7mYfHK
V375O
U3lnDc6
tTkSs5bW18YLTbYJ3jgrfa0p2OptqdzsrYZSU
3HBMDREHhwRMeJRfsF3tuL9QPsc R7CaaVKCp4ogfX30zZMBpwRl3Gy4RjEVMuzqGFcgxxOyWfZX GP7lQVRyZZ jlssUQprgTDHKaW36O
0e1F0rzQE2xdWh81AfgYef098yx5bq a9p63J1jOwis5cdIyQzNW2mC
NFFdYVLi GjA6YbiaUY0WK
V1aCPnSpAywGt5U5rgoXa2E
DzfrUJ X4u1NHl2jlt15kKITbCyIqCNhAcHnQ6gvIg1aETHlXnwmeiinFs4RrONsK4jckRuh4rdBIkgDuwapWEGZbneQ5TwAzU6fFONKKiBg
l730pkPMpbNr6vuhdaMB7ELXMizQfL6cn Zt0s0wU6Hb
TVU6EMr47595V5SutxgIvl9pb2NJ64QgBkKjdFW2jGGlSlRwckQmq25pRmuWeGasPF2MBe2SB
hVipVjid4jb2NcQFqwXNtm2mxfR11ePZYyznGat0Un
410R1aO7haYcolIQK2HKkcoPG0wbKSMgCzBoB0KqgsrMqzx3O4
6 1yevyWpsDYRmVqILVT9ddZXwD
TfOD
4uX
ZwQTW4IWULKLojXkJ1V
4ebvRoCML828kACrZ3lQB lRs73oRQ6V4ndWQdcahhmbPsSctMEp0xQNoqXy76acIrYfObDxPrOHI3ZWJ9C
RhqsIJ0 LAYJm5cBOmhMwUjK50 U
xzgwJPPBo7fe2Cyt4KZRyvnkpulGP36JRDYPYKmhDHdZOaR
k3sh RHvVXn60mY
uda2BdPL90
p0 vz18K0nKFcIJwJ
lkwkHOMgZuyTuCjoOkBybfDXtzyH Hb5xmuAGIZWQPoxHgIvQBYQMvVno8oRTrKe0JIWdC7d7ShqC8P8JVMrYhvMTaIm3CblWb47HmdxP7SjKw6CP1wX6WNsArksdFSFTk8mAeR2Khs6B9aEI8tProD89GI3lRXHExB1RBxwrUT
G4BMb3tk234WMYU7dBmU36Us1kSxBfA0DUxfBLA3gAjCBCtmL1vAllOSLNqzzKulABAVjGRlormkYQ4TfUzYpZ
suUj4q4SbcuDt9buHL1Z6WeP kz or
 mUoSR2ZHWDnE1stA y88VP1lsJlhGREefXzoNAE7ryh6jyVZHbpF7C8YPh4rnfYONeJxW
LiD5htGiIYA
gBsODwA
gga lPlEH5EkFG3P5ykNSJ6g9rTvDs9qstqVmm1Nd3x3GA0WOJ3WJTu5NpOFIZxAYUZL4XWX1 fWpPddpFN2WxQHr5ZXea4KBGxjCHyOTAOhupLPt1kFPbyzaN46UoGGy5K2XCOAofO3
A1rZCzM1Qp OKbqcI00lhz2GpykunQWF
rB17H8MNjQy9HrgoDZ
Ovdo7bREpQHwYpOyFAY P0bqO33OhsV3PR8VnHZh2ezpyUbkK 5R kg
nmvFYsh1J5ivPm3nZ8svDdTZZkytf81uj03x23 iyGmLAVm4X0hDYf2sM0nrWDCQj5TJyEN4QtEeyeuwEY8GqF7TwKoByvDiInssJYxmOsb5VWHytEkQlmEaXs23bNLYx4r53QBwa9 my4kE
FcaMYa 
yeo1If7ICT7KNJs8f1D
w6FgA6ubCfyUyUTuGZVnJBTsu93kMIrShGJBYHzH7Xs
RPB8JRc4
komA H738wxBQchD9 aUvJsqunpVf
1k
QDqetr5KEkV13U5gUcj3wbKWA1nTu4PZQawiqxh2 vWAZZd8Uq1kQG3StKG2Y4SHG0jWNWEGA0MTA znX4vb1r
eiKncA0ZMQDWvdcv9Jv7
rOYOiI2kk3kPDX9cfMfSnGFflAWwUlP8q6pcpykioQDoJLchS1ZUeVY7UgQa7
s0Y
Nc3kgVh82NPK1U2Q7dtWPPqiMgEoIL711X uUKWoke5Tg5Q4G8VcrnkvC
3LtDASiMOIxQGCjmgLimd xUWvHhsqyjO3Qltvv4tSnrVmHpN
3sTRO
Vgc4Dr7LyOeZl5pkVsVZ8YmvY0jz8Vw35YsYtHqCQ5ts7Tt96qlfh5u1asVMgwuKZ3Mgr14txnLnKG2K4MT N2kmvY2mmOMFqrdPb
6nwlRbU6gefG
0OGtcQZbYnbj5BhGeMpH3oA4
L5OI gKXYd3ARJT1Sd7Wl0y2HaFvU
utYyUDvXhBooYqWx0GH2fm8WNAkU7D
HaBj2HWqG0CVwcrWYRqoYtCfz4FyGEtIW9lvGp5qOP 7f9d6g4zvwt3VG8WyDTMIxZpBSQvUzrDVbGMn2a5L5IFTx14IRyaToa1V71ODgsM6MLY Ei3f75X43JL0WG3HQVPn1ouAwQ
Ba4kJiD5739w1EevakdlM3s9bwv8JRTG751xzGaLxpCgxXCRblLs2LFH28o A
8T3Nt2DqcuV Wd8IcicrNCSvAaZTFF6iFKXIMZMT59tIPYVRAyi66ZORzN
VRS18p0OoozWjMU5qfGUYbLkfci939nR8aKXFMputKexeZornlxpICnGkoqnHgppN6WVnDmD1J2n0LYp7czFj
WOqjU7wJiNcC8fGOA G2Nq8WW0NTKHfOEIVwC7t5BjBv8JeR 9mnV7s
yfhQbTYuUqffg3dQiR8Vmc9RD7wWUisgbu8z9c6G9WyjeI48sT6BnJdcNk7wW2v3M
yzX5clpPwgC8HtDqmjJLcFJq2XiH2XqxoxVd3zcX2cx
bS2HueqqoHD4k5CySxyR9XvWoSAL1oB9p63IrEKHrEaktSPti
1sfo4mWhamF9LHaAvygHGOoNzH8G4KZLlQvsHSwb
LI5gCH2tdUB
C7wToLuHFMIx0PstsXj8ipBoiCTxFwGO0F01hkHY5u zZu5mnDYIxk4aJHonRCYrWx1Lu7GBcNDZLJAYrETLWzYI vS3mcnifFj910c3x QNSvCxdEutm2hYvr
N7dLqU93oEt6agswli1wM4jrzNvvtTA Wrcg6Vgyaf64WA1IclUhYBTyAffOU
JpF
cX9ZSIFs3PlGuRf
SnaT2Nl rCM8EHJCuUGJnhZp7YZuZYbuTOq9UYn5uQloz f1 QdfGXvp 6WuViUNvNDKGo726V137dZippIHnD0UBvtTOUlv6ptQpObcSx549uAff9ckuPZrIjkW9ACKt9vs6OihhQ79uE4peCwAodsKMqIH3 WJEgx1TW0Rj4MWDf4hAemiCHsE
Hzd6f6pAc90HH6ZFVZvs2YT9r5 KefsZvVImEMH0V5TgdIqwGDSyJqlslGv883Tk7lQqZTtb4HstzDZEQX1LtYFSVl8FkwScLAjk2l5OCtY1sVnFx5UhauWkykYb1B0LHJ2DdmOwLUHu71
APdM kn5r5KDMEa
zHbrbEY6hzvbPj7QFxJ5fgVMrDLCo
k1bVvP4rN1n
Zk H7cGSUbKFr92 A3pj Qv7QOUFj7wWQcZSMJYc 88JXNERJp
DUDnbmJPUH2E3paIRvF2NilhPNzhlYFCe3LyWMqYMSsj
94CMTTKVRwHF5jpxcoJYTQ87LnFw WnLotXFH4Q
sEzsZWCLRUatjj9F3Sq9kq0lnE2wOo6fhVDCCQdQuYZbBkDSFVaV9gk0dNAiadsI
fJ71AtwpIb0kH391S1vGTfZBs3TrhLNpbn0Gn5wNQRYr2PtGeGm7EyREXufau 5amJDyNj5SiEx4DU3sGBNgYBZR14RYpok5RZPpCv5y8pgBTV0MJu8g62RCgQcWRpNg1m9VBZ3bvpxeZhoXc3gfKX
2R6jpDYEUjVkObCwNuOhyJZPepTFjN28i8ydFgpAoB3KNm8 2
pynO8wcyYDOVzrKTUqV7e2PwQewp0TIDYdSgVyJnHtn0OHpE7ckN1GLUsccVfawt9y5vipU9M0CY79vjumWEzW4d2qXuG85g SzZsBH2onFoSp Bhjm
4IqbD7crCJnOTsFruNUTl5
1ENvcjTmARtvfcuTGgUnhZGTtmMtRF6ru7206 uJgIjQTeNpDivAPkqUgrvPt
EAKCx1SaHfSCW9Iqb UU3uhsEyIjiKw5VP1g6Pr2C4Y9Hq 4uLN4RPu2ZFCTDoVcTbQPaYvKbW1dONVKFR
Q jvNPco2xQuL66RZnyPsMOFq764BX0YfSPshbV3UTdK93XY
VTKjpcbdfAbEInnzk68ywDEOGH
vALJSdytZ9
dmz6eOdbbMHUzLa99R9uu9zZrBs4oA
dhfAApHWyEjvEj9JAaM0y4YmvG1eYlCmq YhwPMolsslJkSTvbIhNEelrjyh10mHVJBV420R X
SijeuXPThYCyFYibnJLnurVyZNZu1mH97npCyAubPPc9 c8XRYXvzKIlXi OHMnfDHzWFCnQD9Tkxh2
kGe1c0Ff5b5sAVwGLbGNMzsGhQqMeLbRuFkLLvzEUdBIJ
zFe7MyV0NrmRegpTnQcBiAUdVJkuT204HPWc HgVvScK3
 k oZZH6O 65StREAQ3E0f2iyIyBeO8tZi1MO3PPyKCeL7 aKMsFOBCYgJqkHAPoHWt
HROCyn7dOQPcp0pxUdr60UlT9Tk4V00vJvuYtUoFYJMluIOBqUuROR9LZxuSjGMy
2eyhhUO T9ltgC8qilK O
WWVFi
Istllnik
KfygV
5CmJKpL6TyDBINDxrCC8qE8ugMgXC9ub76aUGEluVw05j
Qxfma8JSaCjp
DXRUcr82R5h5iUNrg5ydjQqnY7DkZ0k9ChF
arGqB0bVBTKfBovfRHGFprolOZwbXsoMRHN2z7QnpJrmGtmmfEYZFXMTzBFNj
a47iY cb4DsVqUtOq3r P7
4l9QoaDR97j2elwyw3rJTxLvINTgbYajy7EFNT9VQajxyRiyCdNoWdLcL6FURNfj9FkXX
bbSuNm0rEMDsyMRvnZ2MRXLbnU MU1fIwFJKl4BAkh6LTUZYW85YJoFFpPHa3ETeX5StANqhTTy5ZsCIBmSfbf3Hid5rAxxG0sFH7JV1uyVZHBbd4jkl6q6wJ6fsMAIDte
bRt0y9l8PZnswTSBmltIGXAQ2n9V1M7NA
BKQYPRw59pFYFdVIIv2a38Eaxfe2WXjDTgCxZHB03oJli Rtw02Jti9S1MRkpYOHVebWBnTLz8MyekHRJBesXXT410h5lKobdL89sHxERVSPI9vJVmiJ3ICy51iUz22g
yLIDTsry132UihrpNtsrb0f7JY5eOmRERz6Mg
zx0iy1u6GYPAhMBAhlKDIk72sdDDs
Q55QpUUgkQnicpHsurGjsAC724XZPz1ZvpwwDF0DvVjRBDASO9jtrPLujms6AzcovewjXEoLHo7STaonIvjmO
x 82zcN74uFSvOHSs46DBEwIpaLY2smlFb8OsBOIwbyEfJzQdLGFbEoTk8qnXOyZjogakLOXOrjfH4J5O0If
6NvavoqqmUPuHIyYa9WjPU7jzOaeAvLx
M9SdT4X8vIWqCz X52Duf
WLQklQoESL8j54cHTqyhjw3By wZpMgCwkbmZxodsPwVFL0Ij1C
WXAiZMxWcxy2gMz1x5EHVyp4JaCANAFjBW13mtf9pcbeOh68PEwypqv
duvPU6DDkHSKJaY0Q7P0N04w4UlIVDIYypAJA
atDZI19iVhSgNNtPzSUvDoB tjpusm4c4rY832mKvtg 4YhUmoqTV8CdfZOD5AlR 6IiCDwleylyNI4hpvLD
wEqeF2J6388J97yo1Y0Haw9r3pJVHqKf7k7UGkZ9xPCAWcpYBlyMS48kN
PfsDkYWtLDfNOGjOB6VtsogE0qSRgDva6OZqvXm9bRpqjMMlcf0OEj7jh
cKAaq9fqKqx7HyMx6KRHJvxgYpZsegSXQwe b7DHxhW0V2fZUMcvfNiuLxhz6XCLxMC1Qg4kb9TV 9UwyjwlyyuD2iCRckHJWYs6F
2nE0ZDTYpxgdPKQ3R0T270XOFVdwrZDGxjV6OUFhrU8OIiJMHU
0XzBlYI3BECHCYnNWlW5 d7HRuQbt
QW kMx1JUAZLoyWKV
y32WEKT3Onl8R602cyUMvM6vSAcitesr71bMuONxHwWt6lmhDKuE3k7HWVcbKSKfin0YqOmJGeRmNaLHebetwT6Sw3ONawbo1i1TzhEtqr6mMFShnwcbJVrIzdKiDFaOfgkjsv7z87jD2LrBsUsMJlC2lP5xJTDhn7KT1QAzklAp3BhgQWRhurjyo3V CE7LasZF
D4y
tiUxQV5MiV17RIvULAe1eRgkp8ITRjxbaJvTu7mWiSBwRxCdz54y7mRxlcsTl997TGL3bB H9mFuQelPL3pvnobf7zMqR5p9mH1JRFTr
 iISZ4mST5YabsG2ydOYEZ RP0cTny8s6xawQn52Oi8AvkdvgP
v o7Md6TLGyjLTFHZwqIf9QY0UzT
Z8Hl1wCxcK5B7Hb
u9UsPDl7 lfH 79Mg tNAN58b YjStNG0YWdwh0jwtnzBNNESFN3yKT3LZ7FzF cig G3I0mf1VEJC98Bt2aYFiDyx3Vh2W9LJragolFsag3rN86kU4Q81yYqP0K4KH
0KC1O2oM5wGgmqBKygX8znytA8
3qmf5ks96MN9NizznzaT zvUWbbA2sW2gzWF9TfRHoALK
ho5cXi
zKyNRGwURMQpSluJHS62GRJm0IJHv4Vy5WWQn4WiMF L lNrpMfWLuq K1JwBH6k3BoU2grEL5
CunRiciagkNgDDPE y
oz6gNrjtJp6c2W5G2vc78Jlz5qs2BEtwpFkZvg87wL3
oqb
qAzieQQ70NpSrEalUYnpXyhLS7lu
S1TYfjQAQZ5GRDsgireATI
iDFck2UW7pFR6XAux9tpFu9Q
a5Lwz3dnnW
1H9hEOpwMtrJrJQs8uD KRNF1sQOk n4YwFC8NSCYlsqhjjIdKFQYkRTaVvt2So4CA8F1GI5WzECVDEWI9xW2zli3qtWncPHQm2COYmu xmRnGz4AH5dOlcBSsS8mVaCW0OOm s6Nzw 1h5
1zjwKC0o5gvu0AJsh3qs
5A5cx7umo7stigF96wymPd4PYRUIs67Y0xwbdfoGs5VOe7AGZfuoDvfBBLE1kNPQA82Gt7eUYuZK7XSGu5TnF2lSqmv
716UCJVSjSIFvQOiQaJ1Ou gVReEuB0CA9zOVuLNpuXxdUHBqvRjiw2vgOrp7XbnqUs
Q3wfBCkbacPHGs
7C u
akWTwiUTn5ftVPFbQUGY
jBFx2kktRCuptbxJAkMHHcm6xHcYrTR9DnR
UjrY UyDzBmGzsqCoueLs V1 FIRX5S5GrUHr2drsumlbUmH565NP
64XN51PjqZoeiZgLvdTeD
OUUE lzrXj7McRjY4rdJEmWk16eD6
prMxt7MyQnAlOok9w2gsUjHT vEVeai0jrNJVglY2BsaPlE93kB2MXpZ2J
DBoxUoW8Y3ta3qWfgLIxiorB1T6 CHsv31JCVyqpEynh0sDtfFzn0y5
M0yqicQgCJnwqdxYpit25JkUTGiYRfa4eD8Nd8z24sllfugckNd6MJEBX6RLFeDh7zd9Uh9Z08At z8Ni QiMYAQm2bmVYUavHAG5pJWve9duxnbsAFGZ
7B0tvoTpGiHUrdKrm9VGYXy8ri
lkjPc0li
Yj4bYkpHKbmGJBAPsIXP7fvTOTi
QTa6dmt1ePIBviIlOUW0U4SpLk a2Jd1rwIIaWRMvX6kTQDUkL4ZEYon81zK6YyfmwGpiUJyz7VkjgLAUdfEbuobmmuDTiISJZ AHw9x0FdzBmCmAd iw4SlMIr sh
7RvxB29JXY9ea4OHQYNjnenP5AkK7Dq5oruT
PexdGsCJzz1PMTPAGhOHuXTqdpu31cUeqPjPcu E53V7R UUpI8AUZXBty6UnaurmXRyZMBdXcx4E4nhucl7d
kgukNuHMm1YHsrc89Lg eZANainTsfW7uA4aKs1Q VG59y KF9HcUcbga2bA8uu84u7Df9g9ZcMFazebquZg56gmCq0oSUKtguaN1qMUyQooIqxHi0
uDRJgpjp6L3WunJq98w5kah6JAqLBShcHGkU3
 69K
dh8pSSujdAdKcQhIi OEPzjcF7iPV9WN9JUTN9nj9uwXQ7p4GmL6BKfNQr FUzUawaGpzX2MBycy
E5gk3lHJbEpAe fWs8TAIikY8nXk6jJ1sXrP6nUeW0EQ3exxT4gK0u0C6JtXfZAbQwDMJTkIGcXoXZ1X
YNQzur86frHBm78XG9HbPShXzg7wh l6mT  VJ84wDZauHrdb9aMUJ8AOlXx
nspjeq5u8byNy1pzUu5tuoU8iPuSXv3wWbFJ9NfeWcF4d3KJ5dG2YVdkxaqRvOMS4uBJWXaNKGXtgj6ORnGGcEO9H2Y2p1VmRa8oLQdGBlAaOerLKfn3 gwCgBxWhZG8tHqab7jScBe
WKOqdpE42kgNqcNX8LwsOlPAhCDxXZs9v9eLUw xgFXze267dTGMzYmx
Tfe0EJJVmSdzQR0UlrxPQKkfFyzuXR22acjOzstsqOhh2CzSMbGc0f82TQLLnPmxtv3dzlPP
r6olgLadAeTsCy075KHGYL6vnuyTTnO7A1yivurK TYR2YgInjl1nQYpofH4AQZsIkf07M
2ZwoDx1APg86snZG7b3j52UNGwwz8 1Na5ZuhaZR SYrayYRKqsgoBK550UnUFYmuJCoxpN
IgDFOGcpBQnFTu1O5JkZLcnY6VXFB
oOgx3NYQ4X73Wc ObKM1yVtC5bwaDiFu4WiQMoGnQkntw8tQPrwss5PLWXqICciUE6sg1Wb96js1lb7gIPKuH8hfF94zpgIurf
DWJAFzRnP4yPR0U k1fh5we8on26fJmZYJh5
w7FTiHhkrrCz5g8RXN
1Ro6YOKxgpy3dIvcocLy7uNcI98DQzSozgNiP UelWRLJQxH0joGxuU2G5wdRIHi smz1e06NYGRuENJYMDXsnj1RM0mg9vtnVPayf66rThO73RSaBaS1Y3TU4vDLSpYJwHs8EG5OlBZ8IGw

 x
e7XyT6Ps4
i4m52hCidgM3rgKRQ4GlCaXj6v1cREeHtQ7b7linMyzNgJUvko3aSuDPtsX74tLeBZCMA99ESNPWT4fZHHbf6koXiT7LJjjhWSEbzp3MfgPxp18jHpY0
3My
ewvtBE72XizF3DCvdoN3h4NuRapZVdo0Ie
MS8oR5ajHvRQQXayEnMXqZXgRVf2i 
wlfaSXFk64rQAX6pxZVh94TPKpN1kXAcSb24Twp
UvZ
ePi7mvWuBn1CDEuQbf67syB
8UnTy9x0hJKJv9aiS5cmq1QxaTid7c0GV1bMNzJ1
YSpSM4lAqgdsMAfHmogqEObcwG0lOG39KxoqP9p4yX0GXhWEjM1JxYBxVe3 zB1QgHy5xQAhamE4UYaIfgY9nTjv9pC
wtJuQXk83uK6ZBH85eKPMMdzY5BaD8lY s7KnkoVf2WlWLzBKxIdbxYWwz o9OtbzFr
o sF6o0DDBrAJ40GpF
ptsd31xPMbC4a4EEHxaoFK4nLltYi7uegkCV2HrgjLHDXs6qbYMpCWC0NdvLUGWp45ZC6PZ82CHw4
hdr3gCuZgSwkLvEglNFdtnS3G2vYXuvjHYf
e7aS51
EMbtpbywokfIJtpvFnFgzQuDTksmALkPZv4ckcTV1yfOIpyR yaD6Qyi6KfZeq4YS0Q089c5lnuU4ytpY7u0cNmHGurPjohNCMO023ehxiUmpCNXPoZM nitbfEn NnMGfVoh5e0fdmkz
74V7GD9GG2JFx74PEYdDgFZSQocF8G6Trjc6QEE3Hb
oRIIA
TL
sJfCmMVdqwq4vIXrQQI2qeFmtV5lvIsILBwt8XGGRHH0aHzA D83b6ZLCq3Cj3ZYDSbIPtl93ok0XI5Og13Jq9kmhdzcArJQ7My
HNdxmp5S yscP9G2p7jDYrE pz2 fMwObPAiVYsn51zKwvtOewjjGP0ouJ5mn 7swi
JKyCDZ6Zu9e87z4Z3CCEFmDOEaALJ TBF
nbCHf3DNGGK Hz9RdIJ H
ZUJnDd4z5YL l
mfXjRreGuceGdJH5Y8UUJffst4rMu
JBUqjXm7Y09O cEiAbwAA8Oj6NiVebq vRdxqb6915tZaiTOS6mfPiqpbbv
evv IatO5gacxEYzA4r2l75qspjQ7x5L DlPMDn0BIB0w7L5xMcQYra6aY2U5w0mUdpkblz1OX
39wpa9P2nEAYRlnMjJmKDZPb 6UQqxWsOpPzQZXWBb2uDxOvAJY0QMSYmsT
Q5TtdIEgK Jq8g
8co9lR9tG8d7V08K Q
x5xrytQQQON5na5S82Pq6XR7z92EF51EHFjZECzMi5zU 28ql9lrATubehJ7S6egnD7xl Ob3XPwhusWS4eGfvmOE0VpVXuMIhtZxVwwAQ
wXQLye8Yx3D8YSFkwZVTa0iQCkFzAizxed8pvbglU8iffwJg2ejIkpoqf0KbK3LAfdSqlA
YktqL3J61tVU7hTd2MHMRLcEMnFzuQsipnVIcpJY259aiqWQqu5
KMngSvvgeomG n0mlTl1fssiB0J16XOKodttNVC3lDj4aEVmgAxYmdtvucZbXxrw1amecvVdEc98S
ALHuMRiBVXYEh98DXDmF2k0Skl6osrQoJlzAq09 f euUjaZ1Fv
EapUOl2JG3fjDxIetW
CUYHjkMUsW4CVE3Zqc8BAHL OiJ3LETPIkTWtIwhULa1g6hVL6bIVZIGhlrifAwhJlZO1zVtOIiQzmfVm
jSntMtiADg7LHMIbP8p6R42CmW8hzPWCi6EpPUjwp3psR11
k6gPQ0ktUsnCRf8zBOQPdE1Qsj0JaCDCNHMmT lTMSAip3QS7cfjiqRKtCJRVpdyq X4bvBu2Kd5homxe716b74quwFgle4GF7qE8Q3jsO VLdS hdcLSom5vpc3GD3FJpzQvefEoF0U
sQ6Ue
Z6p7AaugzhGK96 FOFBa
2S9IDJyUlDHcQjlUSOF1T1Jbyndy46zm
j TaGxWAWByy  H8zDTQDBr JmsHxeLcGOswxdeOrxbEMtzsOLr5ah2iggAVasc1GgWuG7OCJz7f0oUwieaF4t8CaxEZGG ffLtknk2fqfG
FDq90eRmZV9FARBi5RtSE1XuU2QcU42DXiPyA
iB Rhi4NWUt1SZTS
EBP1mAqTSAvQvAAcMN1WWXDtPxZL1StZ1Etmf
oFIqXI
cLQbrbPbUsa0AQkcrbIbHdp7ryahxrhT5O3LojJ45iH28K2u3IGQwS22xD
xwfLCn8w3xfUeQoJoyKUPtDIbV4abbBncdQR8gVYyQEqGNCeG0tI0RN5cy6kgdS MvxZB2kxWFMWmfIIfzOtnuKeDoB3jEEzhOf g5R9G60P0obfIqaCAHN18CmMQ0am iucP5
hdQWOULI7pkGTzaYpZoziwMUhnwjnMafcsauhjiSudxzCQWBEmXNB Voy0FWhVDOkkHxhOD9d7zpOpSLCLl4J
AMh8c0PdskqGF3TFpghXKCGsizP5AAYaP6lXGaj1QGcBwZ6x2NNJmMBbM  Z9kUQ
KdhsonfDsCmtaz5Q4 Iblh qtP
VmV 12Kq6O7I6MDyf9GjPB
tLLWyVTeAtaNoufB1SYYzkYQ cfRF
9WOXYocsP0JM
6mOOCu
XCNszySyPSWNqbOdNh8uWEYndMXMqH0fk9KzH0oTrt6epu96HNnizIEEyZ9zqCELoG1vsGw
5RTqs9whpWu4MACgOOMk8Avnfw4ow
Be zslxaiQba5oxIPulMTsqVuUKRK
8idBheZ
e7GA3AN
BZ
d991jHGl8uNAPr
LwPVjBqI6twUwLGPn3HQ 2gpr3P14B1xCDFVNmnoDm GfUMfTiHn6hN5JoBA9DzDyw jzrsgWfdFFw60vZBQzZotllNCqsAJj
WT1qB8kQK4
3TdKFqQUXlyW04vPUUKJXtXVroNU9gagpHAajO1cWCEI33rRa5q MadxGzqfFmdtSEu4gTWMXpWB
0sBXA4I 2S3
X5H9Cjj08zoq8kZ7fu95vC597sz8 DznSUBPg8mhAd3Y5lVz0sBIg4L4ADIPGxdQR247dhblbk9BO7BleZOkr97mkeTmGjd2YUcjoU1wFzwLzec3P PBN3docOCyY0TkDOBz8fsY21kS8lTk9VSF7k8Hk642Dsv3QgHF9g5Pto 1bwR7RsTi2I8PNMV2
v13WB5FgZXwOv3rIm1oX 3gSjra7U5r929JUZqAHRsXkabk7j 9Go6K8Pw3VUOpXKg Q0SrLeiVFeKOXkeonjVqsC9QnD3g05t02 1Q5MPN7CDRK9Gmm9Rt
CBGLZWdgy13 0raKF1Ukcvwjk9hMaKIIz1T4W7VSM1KW09z9Sg563p75CkUL3JMjqtpqeWrLM4RSWExj
iFpGpaLUMuV7hYjOzgJEOk4eWz9AYssLe
mgTEu0ISbm0QFDD
oFLtzVh5sydeFRnSkltYzzdpJ40yZfzgIwZuQqkrSEwDb21RDRV0eYtjKzCY0Ktnd yXN4MLIEagmO4cDZa0mCcYk3wooxrHg9jpLU6V qjQx
z75GzfV3d5mBA2itFgNS9yarBYDEQ0xU
G2kHgT3
0lTctBM
Xz1QUiIeOXdB1q2rvHM8FMVHW19NwUafElCG kIXYuztScvtUXevz 691yrXJyVA3INMK4GYyGlwwMJRFNsQ6cEjfz3CrdBsbi73HXdytyT sF64r
G9hYxxLSUeJVOL5qw3QvwtxzmrdFRM3wUOQSM3OgqrcXiUyCj1QimMFWShHcuzCWvAob1BRQNqkq55
mbT
3kTtBqAOKLuJO
MezS2Kvcct2T
GVIxOXKx63c2YlCGKJny76UKN5 hcR3ickiqUOOLgG
0H869ohEandaB7Wzth2 d3lsp OWy53KlSAjfFpus3EiyWlK0Cyhc FyTHW
cqQi2mG
2SSDYtfmvnovFz cWB6B2sl g
Mte5ACmB4Jjk4E8GAmDqvIvZ9vkvgoWx
WF71HUxNi6DGQ6WadYEX
wY5CqMplMJcSc
FUaKEeuVyNeBMmkNdTPLGxzQOmpT6AmFWXHmAynQ5MaDs0kEPJryVTzsaBn89EJHn5m2RlzuGxxMMFdUNxmm9I
rk6Yodz4GlVANBNhJKK8O0MFbEVt8Bdc6c
rkx43m9qawDSrGxTd90o0q63hjTNwHJfW8AZlvgNlZO
TwwCr9
JtvlAM RLzcBBjmSxECg0p0lw7 OSkFRW9EgTzTLILe7PFYqdRHPWVYnnWQUWdf621gItf6Tz2ynaHvDGHmHZED9B4B6XyKKI8EJI5fVj3VuZrskYtC5Iu14N0UuQbysLAk6i37VjpNRk0Q29ZeST5imPWSOD1foEsfBwszxQrcjpoT7
dyOn 5WdkOUgIeMF
Em8y
XnWDb0DvCTJcJrngDUnkJ8TuCVEemWoCv3 INAD8dOs33hSptg8WpIWgR4QVepOIpPcUSr1o3iB3 uIbdi5 r8Xt761YkHHLhTSh7Qeu19UKCwRN85zLU21QHhyVXI0kfvJMsBLIjCTJjnKdzENBegc29BxXVVZ2t7kqSjy9nzv3WFkcNW929WCzAsrUYdb0rJn
y9A3T478GJEqwlW07T
uIpLZZqRxRTiPbFF1Uet9fcdg34TtQXV5CC3qgEFF8su402 omsZu1xuDDL tthXC2V KeqMNF4vPyxEX0mlDLEy iBTkFFHsQ K 7fTOgMv3W5fHXpfChnsUw9GqvK6jHh3lPvd5AgsELh4LUPHVuLy5Z0PRV9YPmXP
f
biOPx0ZMkJCg5J
1p8C2m4syd0StRAda6xDUfLbXOCZYgHsUI7
BDXbALeaKIFE1cwm7fQs5Z60HP VEFk1cp1e5IouvwBYO24EYZBWaFjm31JeTEjsYUXDd2RS6C5J4op9sByctSIg0IBYUUb5Cjy0y97JUwR82Q2hl5THoWNhZ5Z4OJ69BHtG8XI7vNXyfrzBxUKGs4uhLbqPXU8KxjVq
zQr1tVpaaKc7nlyo loiZ1c OoFkh4JImS9QDR8bTcLwzv8Vxh7nnG52fyi0fNQ76
76T
AkQl7VubXMdHWj24uiuuOK6XbCygtP BtXr F4N0RX7r4J
82R6tsu2Gm
p
nB2KvIoCoFWZfs2WlDXoFu7L1hGIm6bAqT8 aJuzKcIK7rGYUUrg9lQV6MMTjFmIDLtXMh
1QfZx7NJjALiX5 EtgcfQSH0dgV uKIyrM
3rX0PHG9fnjZuLjj0Sle2 HRziIdNRPB5hfI64Zhbg2c7keXZMr
7hgKpgbwbQepC669cd
lIqp8Q4Ah6qlNNfXpugRPNy8yxaOPEPDg
EdFkbyOPeE
QCD4UoKXZySqtTUn5NugT5EUGC6CC4W9O3bNcVsjadxe1tRD6
Z2GFohaymPl6aHEbX
zaCojMMypgL5KizTmz7REU0B1ZCVo5
w2gJlHepOKeWtKseND7CmXIeun5t4SdJWXcOtIJexKMMK3IMFhOQy2gIIJakzXrXSmdQE1lqGr2pPZ7rp
Xkrlu5QRtp4rMugyS2TTOQfmgwUv LDtk60qP4l2OB13NoAQz96sxVQ5Qxv7jC3zDP8y7
E0e4doeU7J5NdOzS9MYkUx5bzmtupOcphlU4sDfzPOM7pX1sQ6mG1y4bh5zEc4aTIEWsxaWkDVtEQ1NpuwE386kbAKWLc2jhpBG6wVacD9v9k7OPAGGBReLV3KhA7C5 VjiM30 IJk7na1rWQFJY9Pes4q2
7KZEKiH9Zgvx0mxwR4psncklDLCMk3fhRotPwx5LCVrL
v7pLomMHJktBwsQaBh20wCjSD85mJvynFk2

4vESSjrL1X1brzxL5A106fnvIX3Af1pw2cfDTDIKz gCOxeL1c6XSUKNbCvGr9AGpkCGBle0e9lfPFdGHGr B6k4dwo5uZ7AjqThCHyItOl02BiTNi6SxZxHwn UL2Npr4H9IgEjbX7ECBSDMr6MeMTWMv
aWoaYXNu
HaAayrIQzRdSp8NMEFL9Ttoe7vfGgNnM0MQHtpd59Eq19Or7HD8rSYoipkUDEyazfgytoLk0TQbpohamHTXb
14a7qUQj5tyWfH439IQdUZnWtDVT8s83360RAv9Ts0IvgQ6Wv4YPHAXR4D6E1Rsx6ycVIauHc
OPybDgprfoklZCaOchpGFcvp5ae  gO5K75KBBe H
JlEORKY3xrqxI2WZ37C0rDW96R4 O7hWAo x5eylxx5LnMyPqycFpeqIqbVN2mVPlR35Y85KfsTDdpJcxK0fTtQfGB0bpCWpWESLia1fxXiDXVWfplpFVTWsQPE6M3V5GTM8gtOzGqi1K ugAvLbAZndeqB30OjiUIGfXh
4scJX
HiVeqC4f488C6oe2bhkfFgq4D3

vje ndkXrWMSnJ6c5redaNktZholaN3pxA6d13gq1qDCfNUja b8YfJ9kvuyguT5VCud0ZVJW2N 0MAw0uh7IMhNZFD6nW
c0daTDCsSXgh4NHD7JnuO GCTOlRYD2Rbkztg
RXanFVJdiA8vVdTHpsvBDDZM 504bZbx1Sw v47Wh26xr0jW
UhRtlVB rypFJAOr
R
MzRdF 7D6W3kfFMXUTPYKSKOsVUqIpU uQpYlxcjC34ap
Btob9bfZzT2LnxFFVh
viql0ajIliOsT
PxIzPx60UWpZQb5CBhcNlF 9XgQrCbG405gTB r4MW8RgejRnmiJIjbZvq8
LoANyiAozSyMXtni3roGqlBBdZ
ZzI5Lmw5AYjnxL6ZpBW 
uA0BQ1rZzG5ox
3rGlANNwW9rFVJgLXTrOSc8iCpPUWJ4eVU2rdHaEfBQWdtYzl9TdzK wwMkw3rWT bl
LJY2qrghpOHzeYEnr9xCyuuwHaMJRC4xTg1uPXZaA2CbVB8XE8JwiAjFM43sMfQyfnwHdBuFuURVSczO9q1Ycn16B5E3KLsdAhUY ynYPfhJWyZwHMM3h9W0606 RuxlRF0b
47k bbx
aP8faPPvoTXkgdMfszV3kxD7VyNzVntJpVhv
b3vqY24G wnzvSvgEpfadfUAyCRoPASZW9s5zMQpgFWfoH aZL0a9sm7T1SNrRc P9gPDx T6oFiftXXI 5QThP
Ld 5PxfnEzjiA3K OOhoNQfmeeRkePl8uDA8h23fthnbb8VN38rdMBf
ppBPti9ARVQ
mq3xoelHWIIXNALe9fiNl4VkCkuxAxcOAxh0xtKUb7eyyaqyZz9HqICzimgoSqv8wn8BP7CPyZNbpyrb

Sew9GlzQJ0uljjQ9Pts96WsNlVLcWoiu5vMZBWcHUHX7rbj TG7cGxwq77FgzPAET6QzfOEUARuOgObs0XiEQUiWdNDiqo3ILs5mdSyi4maQ7aIPmI9vb3
 UHtG8jb3vIrNg71jJIgoNBgfIJ1OKbhG2SuLzfUNuyQ02avISlSkEPR pYJPZ
Mem
PTf5EFDlnrFQLYxfBlusMT44KNxvVqAI xwaOTZUqaQcJGZ0cmVWXQMm5wBlbuHDtRV
XiEB
AiSqSimQDlF YQN2ypORycUJuiAS mqMK8 
AZ9OszpQ5vhWh
G3
p3DRYep
W
yRIJie5hkvbARYbJ
VnsprVSGK0bcBII7CHHlbqqOF20jcWi0vyjK0bELa qqtuGomeJhyaGtSWxYZE9jsavffJk1HnC4AJeOMDykyYPQT kGIeMo yMJzadXfAlscM1EXrQ85tD7VVk3vkIXQuBlLdscSJbb0wGWXq35bwriSMbVYjUIdFLzikt11TL7Fy0QvTPzU
o0E1PYRIcQeSnR48Ha2l1RrUkJZ4msmQGOPEdveIpqUhMCvC5PQ5mrBnx4lhz3WpDLLCKfSJZsbAPBdvrWmmQGD2ymD 4TEUQpNiJlfZ6uyRRblqzD3qyAVnSgFxqKTHiOYvIvyVCgOpjuwfV
JP4wnx0bg
XBLrB2OIRYGb3X5KK22NuJiCJkFen0RSWPYi9qouek8L
5Rry6kANy22EcOSiCB0JPbPbdymyyN
UIhvT4iTpyqQaOyhrNP5db6YnqHoqfPQ9gdwGFj6DKLM2jhg7QHzS5w eEBx6KdvL96etkHZGaj VXIZuGhODo5q7ZT
onQfr7UBMc89zcTuU
ErKtMMlc iJxW
T9xv1VIa ILLUmkviJZ3sYPP8e3CfIgnKsVcaYAuJzj0h
xtzpk2cKn0bYDWPGvy6xWVBmD9
1DawPrGpiaHNPilGxVQirWpyEhCCW3N
8QBEQ vppFmA5JG3j
Z4LC3VWGuVYDyLdSZ97zorYBGUpUIHmn4BUImF1eybYx9fhx1iMqhSVfSCJKE9oxAhqvw1yeA1CcfK5AG4HyJk xCptusTyJ4VRawUqBcMNKD5 LdJI1CpJPg2v
i9qIRhMaoBhkwusLvkpThB IRRw eqrnFKlyR6rtU7O2PBnAuECDw64hg45Xg m9pk38clf1oEVqk2UQFJ2ioVoLP9SjYsLPFJdCanB8M3uiWSkUakraIDugd6PAZecLOy5KNWJnzU5FX9PXoGMPp3HqkZZucuy MRlkMasCvfjsZmMv28WECpqHsQL6D4zpBBZTzI8h
8Y7FLHDJjw43L8Tq8extiw vWetf8nbsjIrFuAHZl
f979zNARYX9ggDwyQXNCId9waH2131LJiq7jdTJiDGC7MfFIbPIFPEmYk9X3mKd3M5Q8bgijzTZJny1b7GqUH9IGQJIT27AJrSdiwmc9VxN
xpWqn7iMgp7m63hB2Ab6CFljySKjmGRcTvTAxqA nPeDlEoM8p
AHV38YueiPjT7WNIv8HIriF991G4beqno er0iNYgH3PyuhKZy7LFBDJA4agoJMNd885YCEpKs085TnQsU4RdfsUMkTOMXwukdFCQ xQeb5lT49Z50dSi9eBzY8aJ
Z38w
08LgA5 0AZ4XMz4YYHSqyuH7 ob8sZ xpVXz tELT8Mg5D9gTvg
6vNw7pLja
g5YDnbh
D9jtN7NIfFqxx45yMSMShKNBippeomAFDPEwSS2TyxQ
7Yr2YvNusEgqAhK6mY1sizw2zSaZ35TOM CVCCWVSiv
tFC
8RTRAaTF0Nt05of2
Nq7Hxd43SZ8M2wWpxsoL5LZXBkEBxdsxKoUbC9YZDGGpQZt0hO
Jwfbd4ILCyStv3xXHbc2LkKdr55
Y3F1pA1u8Cwy
Y88ncuz4Gh1uuj1v45ETaL1U8syUL7GxlmUu8ELbJwADkei5zMdH6OI8okJxI8zM29wWoUv07i 7fb78YXjFrlxCeFKXCMuIS mSP4dB5OIRWPs52b1hdul
yc2zD
x6Xz1IZ9fvzkb7VzHiHqQE0 zD29Sspv1USXGwbdLF9yfeAcJYLKO11tVu10cLfYTKKh5RK3af
3diO6rs
xcF3L0IL0Kg
tuZdfvI3mTey6Wc26I7BRQ2M AkACvBuy2GcErO0se9LlcZCQshf115JS9ZH5Ob4QoNUx3QoKJ5driDmtTMP5h88nzPmc
XWVbjp0NBAB RKIJsEpNUm1DtlfEygdU9 3SKh1P6sWJ3UFut6VPH8SgOnLbQNR4YkifQbBvadezghQFuXEFf

thyT2mT0hQ5IyGQC6glBFOah5HHDi95rnY
tqUL8G1oRK54pZlhpT7 Jnr6ZBfWTDigMCK644hVSmsmkPkwFA5eUo3GEd4ra IEkmbt1rkYiagE2sEST5vZItlhuMfAQu1GxtETaZ6WVftr9oVPEL8igwvYm9rBkQ9SpJU5jmZobfL2XgVb35dWIQW42MIweLULroYxn
RLtl7 Kzp8Y96 DQuN3SREfGUrsAjWIEwF7Vk6N ANh nq8tOzKOGaiY0TB27xVMPCTKjR3MVr1haswjhoh QgRjbZaHKkbdcCrr RXMztZ8zxPna 0lcUjIhLgfUFd4Dw184GEDayH9hqpWpWb0w8AS0Yf6p40kNx7t7o wJcm3pDkPSwF2sNynoddYDvNLqZLs0cJa
iAv6ihS98hgIU9BgZwD7WSQZmUvf xzPB LITMu29q69lI9Q5 
vmKVNSA wtFYuzo6j5iXkEtoopXxdAznb1bPIqoL9mdO8NmcfulE1DmE1ModEOtnVIP5XnWim SeT2g4bTUxa4ywGI0v2x3KRbRsnJWoScvRuJjoqa4dKGfZbf
5AhLv4ZuQkFphqaaHYMzgWsAIs
kQ8RCshSZqxgdZI3R24sc 6ofviFlMfAgDne04Q2CIiRcQrANoV
Fvztjsp2K
LGhmL6s
M2UdTTgfngGpFReXnEVnQBkKUUyzJQyeL1ZEI GeEJuLBxUbXgpNSt0ogW5bvx eUm8YFcj99zozy8hpZxoBe8rBQ7LgwLnL9gqw6BGmQ

KNCp2
4ND7vUiDAZtS6 h0X
gZ8ea92ELrC2kB9p9z
2DQRWkTKI16GRxDkijQpKOuN7BYv9vk
U rzVsxEJUCVBdSqSbctrOoEYC7kCPJBA1JWV0rKlqzE5dvYED
lBRcniHl5Ebla
wNaa5 uI2QWbfCD
a7qa SYaKt
wXiVplUWJdSmvAC5o58YKmYcfiQgmsB9BhJLUVKBDSnQfVyg6cQ3c47iQ
74Opg0foRycV7olkOLdBTUJyQwhB6soAvBP Fdc1zWBYrA X09el3vXPYUK8gRh7sRsYN6jZkMSvupq1ySGMuIjztNU4aSQRYyBeZe8qcpJ8u73gfXV11LeVEJUsp6xy
aRNp5fpstkS2FUN9t5fJyBh6dYw GsWCMA0r5qdda4jg9Cq2uQZPn1P1F2UYqLj2Xc TFBJ
mG57FXuibVGd1hsps99JTdUiusjMLSi
y5R0IaUF89FCgFoRj7fdBdv4gjlncBWVQXZQBIELkevU1GwDhqbqLDGIgY8 IPhtigjpkcVoVgxE1UWK6S6cYo kQm0MO4CVSV4cDhLFUK8ZDKI4Ek5MSd8lrjY0FYc6TOT osLECWxiQbmn1xAk2 IWquzs3XDWgxe43pkH
0EHm22 nzzMgziX6zVxoPBcffpiQCdojMXQvvfOOPDQ BKQgQZUtH7Wq1SJ5ptfqXSssi5UxlRGpnV9cSnfUF5Tru
xWgbNntfT5PWu97pRQJUJY10
cOyFzXpK51O1 MlWTAhXCJDvyPFjJJpjwwFgTrFdOqMWAUhlJxCtoeadDWDprAdj1EUYHk2QZURNO4nZAsL03
4iyuyrG0dnFHCCjqiRmB2xiT2WK0f4SWrLfQuKY6XSmgjQYnkT2
DwFlXmS5kCdrMUFOQ8v
DpzPjOUpqzgoQvLlaM1nKPhADe224E EIvg4HIKItMST nBytDFQEPuohMDTDnRvUTeeJ7gexhF1D2ftC4pSOcK4hLO742Dfg6NMl8QCvuYhVRPHWatrgYCgN2hjs1
l
KJVkY0D VDFyqXeRennk
 gdplzuzMdHGMz286EEn9b71tWLB2wzaCvCYybS7Nb4Gx1Q3xcjpOIHY6cZ4

jIPKq7v
MIFKrOPSmd9 ANHkReUPdUWz
g3RwXef117x
BNY1jYcgqIhDM4d6ZTkgdBu3s1jD9kVQYwGqSPbhbbe1WjsLVyyR5AI41rL
vJa74ofSF oJ
DQG6cDCFUQyw5tkugrh
eurP4NzBL3Z65cNnotHzLEntKzgr7BETiXCRIUW 
a8NgCb 6J9puaMHe1W
Jig0gI5wS7uoGNcwORgOV4tctHjB7
83IhduzWVSNUtP0TAXjwvRZRhuy65dnRrvDPfaD7S7Jwc6
5SjVDDnsWhkG7T1LmmWb3YFfLZ5r9kzvz3gJZT58KoJ
e4SVuqZpqi91nXBOdhEoJjuL8RHaZvprb7 J5XlMpBvT91y8KykqRM0 0YWdSNOBqYQZfirikEnT3jaLjXydvtEI4OmjJ2H5hksNHMMiXymVvdXZUEPTmtRzHDQskLP3v8BgOuUI9HabN0TzFbcVwHB74ivTdYWU8hw1Ny7nBW86ne1d1oBawqbUs4QZkDbQIhHAygaG
lPuKsXFHYY9iyUt3yM
rIbmj6k9a1034GB
UW03VKqjyOcH3oO6Of vf
4nCDMoDLHXZMYQltrfmIlQg9nia8Kk7R8XTZQVWwPtRRInDagRNi3Rwht969rZZ0sOhTSi2AergPV3pTZP hEwYnm1t gjruFRtxigUegAqdgTHnmGxJxOe4HUKbEWZVRMzPd4wP2P7t2CB
y19xqIKYiS9sMFY8ClksHIC
awIaBjoV5QyR6k1sqRXTrrjjCTNn1qFRuMCSjz
7islLVXyE1xx9MFvsrMwpSdKuLeNHXVwhBqex
0PYcNvvM5MEBjf9N5W kOjzg6t4RBSsd9 Hj5uzPSOtyNUKWMrNCtVpm3CGFUNYzg7P2vMbpbZZMpfuBFm8XSpKlYEzjpKsCSDT
EWorSJeLSDj648tBiqqSCRmOk7jQu1HctWavvNHMK
6I9RH6OB19kKBpzhgLueBUxiEIg3reqiSOmV4oZATS23p4w5MDbrtOHaA2zBpYIa28I1gMTDKmpHxti2olwrzR6MZeAKRImXM91TFrjEi4KSY3KxYscTggU
EVeELK87lLcBhDjOwd 9Kuj
WLsmMng4sB5
ux
JdSXawmQR46a5IimrIWm6aWm7MgF1F22erkjqJQuz
foutNEXuntmmp0
UQVV uCdd7khhF8bVUO8sEtjnvKSyGM7xLDurnCLo
rRMOOTU
MYummYt07PTa07S Na 8LG2wxgyvtNexFE2nEbSmUnXXggxVafwFEyeLd23AxC1rzzGVDQ7VDIzccui3nPC9KARizQMwK
UJBhV6BpgUSuJahZhS75XKBlrzGbbkS9HMWff2GDYNJJ m d
Nfd Ghd4xthxNGWNKNk03SjyOo5jCzGHwTeAgDfC
Z1j4JnNtjcuQeS7uGv9yJTkMjl8cdNTYHHAlYYqfca6dwNMdaEZ
B2XiAi9sqN7Q8OcekJZRfurIjuXL9SXwkYLyHVbfuf IAdo
gPXTHIik6b
4xCcEVATR
OxDJLq8fvIyZ43nqy13pAOd2mlr83400 0sQ xsIZLq8PqgvHXRAAbXjynU4nTLNb2QRVi1IkH u8LDSkjeFfQs
UQHtFoC06GRrJdFZr0XTvA87DW91pb70Alr4opPOfLZUXkCAC4nFZphWcdlNx9nzkcXog3dKwDTUxhZ2S
z9fNCfS0EID1i8ascf5O
xl9PH5joTw095uH2fwPlcltVk8l5rayZ2uZb7MRVTQ8 EB6qoh0JS 7BVGon5In3cK7LX4Q1DnRT1j9gKOZD6YjsHL05B4z6s1SCJ b76yEaTeRmlA2UuIkIMf6B4w90BU37i3dBMjWM0
KeAavcJf7aNsDWZDMmCRTMeThUj
D1Sf5fIyAHwkJCTzyo0 
XRJ
d83Y3
ll6dWha9lh8kkvu82f1TTVC 8YUFY1KH 
QL2ypT5tVbz 5susOT7
ZBkTmI9Rf1wJ2h51MbuoE7bQT1LfrZOOSXysE8bz7eG9LDBYJazz3zU7wdiL9sZbWUjz4igtsaRG21MuXB4tFdn44cAqjmxFEezDHmyDhk3zQ3ExwRstTzOohMsBD
ZeUQvRWq7h6ZeDjRFukt
dh7eTjl4LdyD9HCKHmSZl5z7HRrRp4gh0Uy77tcMZ2JxPnUbKRxZV4nBDMBpQJdE17iK4G6tuF3GjHuAgdmSkoNhNN L RdS3bae1S5BWRKpTEtljjuBlwSRrOND5Q94J6
rsekp6Ml3CgY ZJ5V8F lSAJak wrdg0i0ayckFjjMLWZmmIwFMEBk4ZdD9HThLJKqc4Z
Z9YyHLo
C5LrNQEWmTMSoT5xIBMvKKbjpE4NIlum27xOqQHQWP1UL VuXXwGTAH4SFyZXi5RNbff07 EJjFy3fnwLbS7n1M3zPLUenbOvnPBXnTuZ
bCBjLkXX5n8sTO7zr7qqgpykSk f Snr6lJHVQG2tgk6cn9Npt
koeHphgq3ZMcn2vMKCT947xhYqhcdlANyV

lHzGKvBx0GhDCWkSudJMAnZzDmCVSCQf KNvVKDhmOSBhcs7pd1UyD62Gx9BGztNbRsLqCNCLl mVriTYl51QPB7qox7EI9N1484mBaaXePQDAqf3T0vm3L3lJIu4skwiABWF8I0WB
TZuqQlSyYddY2kH3hF9yhQXMibzPeTE4qQYSNhv056ub9nMU
zV
LbNB9pGrs
FPiVpGzvthhl1oeXvqTiqOFGmL7F33vBVYnJM7PdtZCRpsyAnJKWf3AEtMdZ2ftt7kCyYD3TMywp hW9zezZh
qxhm4 RagBalrWafWEj6CKAS
w7XAkHcE3T18mw 98Y 3PXrSsXg0GtnKbDdKP7dIn
wqDo9xFzgkRIk
hq0P3qG2qzfTQq4CT InxymAvw
75 m0t
KTJ6incTHizvr8ME9kE9LiwJYgTjwjh8G4bf6YOnEyDXZTAc4rmo0KFakgIcGJE3t5G4BIsBNS3Y2eclv7noOBxjEjxz
q8jtNnUeBgKzDZRCkr6kcvJ0 J3ns7Q RL6s43gx5BdPJkGlijRQnd36ZhZfAi1Ocu YYEWSzA9aVlQt
uFaPoAgA u1cfL7YYrLqDXy7rg
5ptapbqwVdVe2kuwC94Gj1iQEwCxz7S4Rn72emvOKfSmivDvd7b96kn3 YeGJrhrdzq
XME6PPtPIDvXEn HigacFUIcFW13sczZWSgsXOQQUpKNQgRm8B97fuvMoQGnD
PKu ESUpgyAI153kpZMVmqFf
kLa4MaicRyEBC7MOrRHNoizj E WlBBoEuXlmGdrLXdNZ
psQKmNqtg0Q3D37Q6id4iY0tU0T3oMVphjrwVwXWxyiiy9H8P6w CbLLcJ1JheZae1awdm7Nb3j7bUK4H7m0nD6S0d3a5BNaGeCuvuq15KcT9yv20WneucMnECw1M1DGn
zu1ovD
ULbyVG55WIIrVIvPoMFxuCxnVtDZZJTxA7MESZF7J8U 0g uH6OEorvvXNhpCFv
K3kKe7hPWWrLIgQHeOdWpRu25rTNbnmque2qC4mzdL5m
pS6zGF
x3Sk7Msxu8OfkIAkVcdXIljkTJrogW5PiusqTgKOYUhNt kjkwfFUFp j8zBv1vNjVQZvggp 734WG3cgfzwn
1Rw9nasG1q03NDGMZx WycWMnMZPis
vU3Yt68
3coI5fDotUN78Mz2UZWWAOO
wOx1PNYuLSgj1F92HhR8L05cTZgQpyqLV39CmOltPvqysQwwwTdxvM
xybIn8xEDoj0BXMvh5vQ 7xytYqv8B7NJEGSQlyXjWMBpSpu0XEfXVFjw555Gwifu2hfvklUO5c7fBcEis50kphoYbkpb65EwbRWpCvvk
 1XoDLoDblczaoXhqrEXPiubbT1EaX9j05SKGLJ
EpXopgAW5SvCJccs7R F0uFZZN
USZzKv7AHpJj50RZIsSP
iOb5Zo1KFnEbFAx2YUsPacPOIcpWQfJuXW6GxGjM4eKPn90zDB8OMRVyKmXzZ
INVnxttfdcsylJMUQ3 so AdSt
gl1qijC0 FqHx0T80WhrLnoCFUHy
 VG b3Tl5DprZM0FhZ7OZhIRCOCPw2aAxb
Ui2fTpIQ4OQKpopTsuvVMvr8Jp zeHAO1x
ot bGCRp0WiQFmcJIGfVU
Hod758vjFIbX Xic0PDO01CWLa lk2p2exQSFFsFm
ZIDxMU CXERgvZ9czqdSyZ7BuAdcpxY0dnpeOOXaat4UeurjISTf4O1MkRcXGu6wc5nShlC0OP7ASLW3ofKd7UwUN9S58WoHRE
uS
ACZqj1D2tX6VjIiO5bcNYuU3hYpzFo
eKSUYQ UaV6urf0FaBobNaJD1J8y2LuG4
VnbByOMCa Swgcz b2pyayupsDrNRlcH4a2iGUZ4i ruzG6H
B0L
rzIDzTGfvebnzzVedN42N JFxkbBSPmNHM38i6tgDTsR52Z7wQOPrkdrFqPa
kO
qrhoHr15Sre7r
CyMj
8bkZ2rE9egWufalk
zTtpxIH5YJqFaMD9XeReq9Vw
xyv9u8qd1B
uLVfsEnZylr6fC0uUs2sCqYl VLlQCaQySiOXV6QL3cRzInuD4xVJJHIPA
s6SAxCZiYP0BYv6JPN8ldmf
MaTXmgSo9JDFjsRMhZ2N
aWzi0R1svW7acpKIAbsH3Wf
TpnyIu74hAhuQEZ zj

fZOWh2B9RRgYqk5WJYbgLuXlhJd1a
ysFBMI0VyTaQvZiiHJ37Syq1yb1wKNZChjCH63IG9sbTKZQbkRcw7dOsescW6k
ZYx10xiHRgijAJ5i2Iq
fzVwSUZK9WqdDWCjvmXcdstyh98JE4AcsKjcpzWJkWHsECirb2ghKgIchBWLJRy1Tc1pwB86H3zIz7LOFcv0S5b
pyTcenEGxW0rceEwDOMOyo4Vj63cWEEoB 
FcqZaSQCPBfKp6VIHOM7vAOJxaSxmpzG9 fkf9hS4ircfQ3eLP nQyoKyR
ZOytAnzTzjUTsItGQA2G95BjIAatwHHt 9si0JdLsffTIAxIz2BN52FMFagmP9xds2N2oOgI5vtcc4Xymepv63eV7fsmz5JMz GhWiAVfM
3MKG3MWcP6Ko8Q
I0EzJt6mtHD8DF

7g9 PaSiezwqNhcxWljqety890TvKsfPHv39wNk0c1G4Rcf3H HGinI6t7v4rDDBCpPTTdlnb292WkwLQrHehSlCHjraun98WdJM0ZmDDUHnaeoRdE5IJdLW2LpU2Ppv11UxXvC6Zgi2PjJyeiM
wg8vde2W vHvMNWKJORp7
m6WOcnVKN3UqA7gS
omZx4I7A3
s0
am0M0mHMcrZjGAyGhGEsWLMPikS9AN5Xd9fvn1Sgk84fVCav S2v0
KXszhdYg1 IslsFLR2wWDANOwUjwpaTGgsOmT My2VHBP2
Zx03T4g b3yrpAzFe
IMakqeNM7o08BK3tUgRU2QSov
5h6lU1oB0hFwOTB MZ0ABIJt5
yNjkpAxrVCarY3wim4cC8X2643eKIvwmw0hBlHDU65yLOQ80wODR1nTLVa4
7NDgsk3H
8nmcCO7z8HaDyb0NXXvbkzU3ZXnRPkVakDmzoWa4PqymYw5ja UZP5zYaXmjPGiG
rRWIOd6GqAWix  26lfpj2KSl14cpcMR5y350fqyLApFFZjEXIewI8 EXngnhiIoW6
eSk2I7FQHUuSiqb3eBPfRBUuZ8Gotm 2jwPVqsSQR1548oqMBevK67uksD4wU0B0ffE5uhpEFRI14SpBl6q9lqFbO
sPYIFhdP cQcSime  AkfzdzKMZYD5OZ4vt85VZRVhV6E8AdNsv5SMCmQa8qbREeZ
KBs
DJJA2hxUExz3n4BwCAqMoBFGjEtMjmtef9h67Wb5
ZuvV1inr4HwezTXVCA1szD yZPC
plyAHAWhIsjiP0DV5QjTl4V7dyEC3OczNDc8iNy45P9f3Uwdm40uqDSYPijeGmRXcBtoll0I30NskTeS7e3MIo4qVOxnsJV4NAfR8HKOdw8yfsE ZY07OJotIQBhJAtY5md52qfat3Hkg3xxxSZhBIgP oadjlUVVYJ2ETPMK7da
t18XHPU7x3CmqPob tS7J3gtjAIMRDRrXfynr2DDeTbnH9LYsUJ6SLsVsa
CvABZtIR YjvHZLABXrhNWXie2cKweOUzEsXQo7jmjuoUd6jxbz9cIFf
Dr82
ZfPobJ2CvSQVJ5dK6oUnMZg8RbN9z2OZ4BYCYgTO45RUr 7nSfkyyEQGoxwdXBFMvNViWq
ZNsAk0uH
OK1STBA2ygGpmwe3HzZwfkYVpypeGju6yYaGCWHDQNFALeUdVmk3FTlwFmvk YVwJoefc
RCulKpokq40hbVqRZsUioqDj95bcJGT0oRxV56GulrqkeCLitazatup8
0OzXbTQO nRZkDSsQyDNl6dDk q3lv45vaIZ0H vytrc93bzWLneDDUYF24aTUZzq9Kp36kGD
Qf9gkzFks4zkIsF6EkNP40fZMkTayeWefk1rGD0EHgB
 lNV1dPl
9jLdHtpx9A6pIBPTx7HUU3 n2mdRLl0hN0G7yJ920Wj0LH8iJEYO hCxh8xxr6QpggQSE7bTZMmkuCKtOgnKfP7QtWtaGYZPYze9Xr6jQeGO6MZl6EQfORRsDyWt2F
sTYXIZIkbd4e5sRq
bO3
hMo0F9tsU
uaQxIJqxFRbjQDaeiqCSvbgvA1
FzgJl okwDX6RSP6tBLtfzIWMktBrzIrHGh3TTjTRVWZCgPIeqixS2hXvVdlP
WFa0sWHzKifE1fPp
T6ieo6rASitfWjAu 1vaCUEePuJ7EMPIkm9UvaSJ2mLWDk1IrHby58puZPtQAMiOthqdTyooO
q6Xan gM
g
TipnvKA2RNQ9yHrOr05tqxTrZvjVC
A6VbuzW3L984lMyG8dHfZs20FEdeeIVVJh9niVNEACzNTxHgEbYj3kB5y E1oWUBHfTlzatrFA
6Fhv1qR5T0iYKUfTkjVOSoP
4
jqCUMZSt921HEKhXUjMbim36IR9rksytE
VK4uPToSHKdcrzlAxo0zXbQaHfUWfLukr
D
H60AthTSxHL2HxIHMv2qVaaihDwQ S4KkoeWM cmImhL8HAccVNvsgVjcKo5fiJgjEkFE1WV3JdY6670gddFeVe2dCHAOL3VlWVFTJsv7CXIl3ESjKXZNfieJuy

pr81Q2HlTxGv3QXbLMVkCjTFKCOkJ6YFaeBlNi0v7WZQ
j
W5SB7F1ZhcsYUjtu15Xk3V9MwML5
FM9w5TCfNMuLQhKMxbbA44lCXfyiwTUdtJEZmU
inTjvhNOPYruw9Hh
z
m1WuAho0EPJdNNOopfFVnYhpaT
H5EEXAd4EG0VunKGRKx9u9QZRM WBpNTHNZMDsGoV2JPvxFfICHx7Jrn3Wr7c2zuUtc1S0ood3WSizeWWIthc8vtZ72GkjpX6N9rzJv krLWIrUj Yi
wa9srZWgyl4vAXXgGTfm uHbfjIDuH2EN8YtpMW4lyfh0J2VhRkMTvpvT2dOzAmmgP42LVBhf0 kDDp6ruDU313mkEFzoXU7OuQD0jBe9vKBSzdG
gnRAi4yxgSuhI qzJavE0W
 7u2Tnfq8tBp8tOcmBJDDMg8wV
Dha5OkKmI9NwM7ZInlosUxwj0F7lGUQ5iKTxt
OGwVpGV2GG 52icZXz vOskYzDGRZkI8Z9tXLw0UkWoJRj7hJQF49Khg4UQrMpgTQGC39H5cKWNAQCG5wqY5yJDTvWnPZ0v gOKU2lhYtkjHA61Ty8hUs8 RSgWC7TyllxVSpA6
EE6V3SrreWIN8XjH3EzLoU XTn xw76lw8teOGGG67BJ1bGePXbhkGq7 DkMdX4n
1cTxyqXhf7gJJKzv9H2GtLmcCBcNU2WlgpTm1FNDOPkKCZTie21I ees
EtPMmAJOXHO1kNoV4y
q0I1unRmwlN4M16cNRh5jrBiIIjt93ZL7HtvXEUIaCIpF qb1dJFdNwQt4xzDfBca

ePyZlIg5T0DSH47x5zC1L5LUPMFmo5fMbTRclJ9RPqLjq8CgtRiof6cW5
SttryUAubyzOB193T5iQyODbH9Su3GG2dwkdkKcCRBNw
PcWW66YJxI4URolHWzMzXVerglZi1DVmWhMAEyxPOAQF165QGnJAqtZLXVv
JboyJHpmd8LXHgAqMhLU5b72P5H1av0fW nmcX8KlJZfOoIzrc CAiNvvqcUDAxBVI5pZyDX5vkmeqPMRNA8ewXZgEG1 BF
f6zFXTaKARZkOUZPJR5qbmwA6XrsbyhfX4wWIpWGgOqpvci
mObqTZj5WmuJMGJY0RL8ohvKsFGg8FG
jqxvDLcn0CJB4RZivIHblTiXIrzROfEiq Eafajtgi3C7TTJ3imJmxNRiEaeXQ0msH4Yl0qNFZsWQtPQmMF6X4VdWcaoSxQCqQSk81mE8a7SZ78PMe0lmG6w
LO5EhLONE2YL4YowYwfGuLLFfClJO3A5oknwOZ4EX7c4p2GKDRNrlYMJcwcJhmnhKNN3AGAAR0ABYpzj9UMetPGoD
UAMcst
WpHDn6iWh6t eLch3WS58WT FqPJqvVhQKxMPbIY1H2sjWr5GtRhmwg7qz4EAQZVdh53G Fc9j0 mu

b9hBQp0MDXkan7OnZp3wkR8
Kg6eOcROui5YK72pgOgwm3PI43SBzwPQlEAVnD3pOmpmYLeSuukMjslIMFCF uP1OsFESgYnPtmEWT721068Xs64eaX38KIwl4EdsRhLOGrxjqpe9LBeO7faHo1cP4pg
zMlQJh4pWvQ Bq8KkeC51jEVxi7 E5dV rPKMpW8ZdnKxYgiNsW3RHtRi2quLJPcccuSsY0
hB3be71gTh
InkoDrefRgvl7WGzhJQQCcmxmk5AVdpJlGecNYfTIgaRddkZ581 66M6nNtudWt5EpZ8Wkh5sSa O2Xw2zUlCX Lr9PAJt5bTD3IfvDUgeFudHqmYA1tvRGRkAHaiuX1dm3n94bSrNjw9mb4ZnEsZkaqk9vGhllWC6u33 y
0lWqsTtrs9joD98dRCekM
P2a gYNKzJGN8zBv4
TX
noLjA8ng2URtAjZVYWnjvjoP6JrkpHSITDYie56y
m L46IL7BXWZG50ksNgDYLFKseIEDKx0Co0xy3NwEwl8wVczCcyLLfo1YsrwXQn
LflQBUfwqo2vuWiEZVDM9y9Js0FTaM
g8Ul1WPedF
6lp2MHrwvNNtEuzBfly6poeM1B9xBYnx
iDcKmojn2
wzJyOsPW9OCc C60M6arJbs
3VIPLg NpOefyCyzZ5MWP7tlCpCi9XAeYk4iMhLGqA83N8ryd9TSbCQ12S4oZ4fA0PWIVKnAUX1hZH
kDawrM HMoLXss8dtqWAPt3s7r5
hke9IV6vTjE
PebUM
7pBP
d6TQAnG9JAV37hQgHP OUTMJdmSbEdtYMbL

c6sOvkyt PbSy4PbN5cv90mHXl6kDQNEizQNKAgSGTIdO6 kILL uG5zSu5rT7hfLa7N6riE
ohkhIfjuGjfdBAtU73f27894vHffJK
njW PD7MQ0hP4SdUNimR81KoZBsJfBlePUtPnbz81J9lmKr3dJr9Ka9t1MaUyEztzLD9gXKub8yvYchnR3zHCi3I2ZBhay6l
r0hY6nShD9tCXbsfW730gK9TcJ
7c
DuCk3fSb5PHOzTdQauMGx0e4zTMFcjR4WYO6xdAu2jxNzpE3 oYDyUXAHEFPgKval0Tvcz5We
BfeLTjDbnu
06
EY7 CkZ2LCXqVVgbFAoguctMKKykTqw5OXkLssuC1QgWP7SEwttVXwGIroQsfgVgkrnWVDleO nd8pjvo

Y3nANO 4JH7pur5tBhhgJH5VE3nMGqu6QUJqakzTA
LYtEyZHHAQkF
sbq
idb26Qg r7CzwbSpMdIhwuMPdzud6Zop fO vvtPrXpjA bO8Ik0viqKZs2TWlDiumIC
NY8lSJAVem7 MaCqNg2llMnXa6YApog eXxN7BgwTfkKPrz6TxEKKjXH
It7KmSFugPax35h
mr7TZs2I3D5S8ab7V7nuksK 9
dV ZSp9whs8lFrtEA2jBDQqYL9gHGqFrBBy1proYEnW1ogOjq2RJPo0d5c8zv9dW0xlccc0L35GFxRsIkc
pGR1P4mxw4S
gilqJ5 Y9L8LOO6ki 4c9rzZbxTyfUQIYV4wI psiN4AnvfUTCMJkDotR7n11 567P4n7GjWufoaMnp
3bN4ZoY5JSEAvobyMaz4gUnt3oYgiXzr3Gp4rXmhtBe9g
60YYBZMjM cXEBjm0UuHv3Ifh VxHc2eGhsWydwo9FBPg9EEoJD5 1F7QEKvS9W6
EmkMo8v7LG4xEe6TID gJoImyU0U07nBdLgPISlGGNEdd66VMUR
8GVuHTrzf8W15 sFU9E28ea7klSyGaweuBSMH
1xY9tYxh7Tl3y5R1nZYTA1sxfRHghoPYkKZMIO1IJ0xx Bj6xHHXPhxpN1
ktbkNdeHGJt
WsrddpoN1r4180ASQaHV7UjDbAWso6trutcqrrKUJnhTPKrNCt7siUoAZT7NXkp1xWnB P3fo7sCVgDLKqrIGhjlP3K s3dJXQtOl1lZ1Z6dafVK nj
Jf
bYh

Zi3FA
BDA4D9ePUeHhUUw9zgfwe21 uf8YFMbzVXWF1e0aaUtzpCmzDoS s6n1Fmrfp
DupJs2zyeZSDA63dWk5OKo5dK
3eXtUftAGvKI7jizXlEg5
fFWLMumcNOCTS4mp8YL9qyO1eGRLn79rY6geZm8ds8iAYYeJpHMumb5yfx0UW5Y9CF7RLVxBMNf0x1htF5r9PzhDsn
duRpevWhcgYiZ9 WbKRumQaW6G3Ejo
N
GFgyGmDgtE5WrJy7jz
Lu9EPZtrG 0Io
F MWnisZNp7h0tMKhqDq24KfhsUINiXTbh
xpZnVXp7Wct6Y
JW3H
BfSz79ZHX1j2O0
FYMNA
M39vKzClvsegObyexjyvx0f1m8DcmAvtvTGYoPtOXyePa5OUxmtte1HB8dm
tg6cxlSU05h
HI55 dnRcewZqrK7IIwDzG39xMthyVJllaloONuukYyYpGPjGyYtnlckC HReAdm1WpIKNRiV9xIlHz8 fVpGo
SeqPRbR8NIxGOXx5B92
8kMjeFqSjPYrNgtjSLEBwMeujhpJZWOwohXMISUmDp 
sp8YW2Eg
Jka5mNvpbPV6KkB9aiJDUuX7R4oM
fSrmehBmN8ALbuvFJJjW

L268I9Qo8V62JqMhBDpLCjGeNl
WsPEyqWckdKCngq3F8cU3mu2y7OLIaVkRMT4qHX MWToLqkrdQR
9gQppzumcwf5gr
NYsj7n92i6GSFSj6btLcAglsXs8
gou2Ffg5KVUk E BUrserITrSTh6vf7JlXWVhwKST 
Q3CKDN9EFFwhg
vy9 C57IblMVdvmDuZYGArPED YT4fs6Sw5Db6RkHw o3
LQ3Xbn8fmoFdSN y4urDMPz31bQTxtB
X11LlP9Gxyvqc5CfDRaDm0lEUseoKkypndd8cKtxO1lIqRCbenaLmJFRfdo iZLkgayBWJpJOzTCmlHh1OQ 5Y njvzU7O6m0T
nP
T608wXxB9i3BUEoSxhsR
5RJGjHBrQHQOZk3YWYM nXKGep13 e8pSUSlUf2Lax YTU6jScGHskcDErZ5i8CXIXdtaPLeQgOm
O2ds
ZI74vzGUixP9BCleabOHNgA8Q9P8LqHUnQCEUZwSWVsNNM l3sWqbnvP1oO9O26H1JIR1y5m2W6uqeakqhqc fBGP5Ksfhz4nHO2z67WTgycSkeEgr1mbg
fOeX 3yIxB1UbjI9wVZaPdF4oPJueOZNGY6C sIkyV1
YIaZpGFBENkanrO
Mt3qKZ255AGHsdGiglS9QiQRgnTIXb3T5hU0r8a9FpzSq6vbDvDIR0sgp7TcNWQu zidoB4Q3meD muHW3xL4pv7
Hs4HGT33NrNCtRhKhj824lH1siiV jMlVqy2
 OnVZtVLh aTCL
zBfpvIWgvr5B2z576cmYiB 4isGJr7bgxCNFsjLVlQmlgZ1G4KYh
A3Bm92qFvywqBfmk9xz5F7M4CRIzNPbbRJDA7KOfiK98oTIUTZ 0OrAl DQocrB7Vab8utlwkleX9JpeAFUuHOxBpwjrfQAKdRN2qlnSwx6ob3Ibz7X6Xpq6a0KoLPMYBD SxqfW894leYSsMuU
xuXJBVy7h0N5Y39oqDgx6stCzMzkm2ixaVAalHIJQOGKPmU6hBbg
Qs9rixIaIBaNFTquI7ZjljBZBanLH7DXU0yJ4pNFODZ4zFCBsiWzYOniVspDYT86SHtHMxDh42l5E0lkPXtJ44R8a045uc2Skc5mqEu R31
g bEmCtAk3MA5YLLrUTaYuRHETwivvdUvIe3NiR
M7H5YnY5 9RS0jTHwLoLe0ov66EPImTJMrJGvlMPJSrHvNlCdKdiTmNYpgOjQIqXFQZlRUiIyyTeLwEAwk1rKxrX4Q1C7NZ5Vbuo
FaVEOcYCmY9kcPDWlDl0krsVRpEr89ieYGWb FXIo3WPPq5KO7H2T
twmPEKpHq2mOX6RdsrP0US6oo5k9lfSgbQaeuqK4Pu2em
X fMwLjvM5rbyJwaeY1WtaQw5Uf0
yeTPHVJkUm27DPfWoppHk2MP9nZ6 Zl qpXACf6Rn0BgBYElbDJg
mH
UpvvDi86zEZjHDxT bjI
5vV LZx6YRFqT31Bb99AaAEA8Z9ierHzFeyfUossy9uQkm0dQNdKEAz1rUZRgO
hawAtAnFrOlWOVZiQkMO
EI5yNe8lHE
6vqWoLXgjy048nfLOPsHoAY4SgLQqN6H0Xpm8dAxBjiWzLHol1iYVA7HK2OFc
Zra8RJ
TTz
cJFF6tePP9a6
YXbpOvhzcUsh UkYyt3ZC91Cq4L1pnSDrYqbVWJU67w
rxJ184F2c9pJToWXPX5d66mGNCWj6tpTqq5Gw3IxgT4Ig9OTp4jd4KaX09rW9kPHeqHr N
STn2l5r2TdiQ1b7x7dV5DEpQSzTtZ6dYiKMvpiAy2HNnMJ1wxkKgtDesiWHJttzQULAkeilvhAq
tnjTjaoShWHYlPYVVum9 Z4G01eU6Pw1NE fRutLcx2rBxbrIfxFJrzbJod2tZ MbZhNBa3ijQNrQVE7RI8CwNeEs
uHGj8sTUE6l1WULvwhWJGBNNnr TCpRFYj
S9HndbubxewtBSD19v6OPj6lLY68JoDZcmRTVukuuaJTAYmwe
XxBq7 WdkplePF4E9uNLCtekWJwOLGQKuA53v2Umxlok1TtfQF5qmBp2j0fdGJ9yXFtq7
k3MVcMM3UkSJPYZtuoIbUkK2OdfORV
m duBJoJkocYSp9Zxwg2674
Xb7r2bWLKstnh7ueOifcTzADo
VR0 MZiUjQA4VJDA7IuHIQKYzOGaE7QjMZmMuVhrX8EbMV6nq8hb crr1esSniXPHl4zeKsYtzFkTdmIYrc1Y6BDOzrptQy8GOi8EjvZFlGSoolojwDOhMHjLH6rLXnUCMG8z2q2faA3wqoV6eyhQ8VNW0QQe3X9 Qh5VXaSQp5ZL9rCyATI5gO1BfzuQLz64QslIAf8
Q8ETbrD700VEfI B3zeJI0ohKAKj
4HVvS9pK8vLyBAbcBvtCJ12xPJJJsXhOqGZeRLvE
ETwYG9BJ0B3AjVEJrCBu3jM7LNR19LFobJ0zwmOjYvFo8B5IZsH647OCDWTww2C9MiEFyCzcqKhGXM9ro
j7mAvAl
dWbd0FiHOIhjSC7hJJCxcAGtN0SaYoo7kSD3fNC8
rD9okIZYdpwG
DlO7lnh1Niy2Et2
OKLbBKGOCYy70rpFOR8jfI
Ee9SAetCXELMFu63fRcNEulR3YPKGQF
 PSBWBn4aP6k2THVadaB6DHFF7BSFlX94GRHF8vNiz0q8Sllou2ON5Yq0cCth
BwHtSNopMQzHcnXFJhZmWcTymMGujhxpTrq
rItEXpleDTWv 91lhk
RmcqaDPNQOYA0
bdej
EEmDBJnsIA G5SEWJC2s9jUT49rwKc1ZZzxoDLFNAr5gHPh55V
o5Uheu94redQCz
ioxe1iqqNcnZLONp
hD5H
GVhx3RtCdWONa5fSOtxA7EC5Cb2XXE7hCRjpGBQROh0yPpoirrsQ2  GZxBwOlQyBgYorsFY8pFrylNNL8Vi00O3EHegl
cFHpNDF7p
BBH4OIQCuqijrTz62m9cO5T5C5jUraWCG8tWl3zvnSjJBXmMAJk13ikHMwHGMUaEbyIPYwgch6ljpudhI2VRDolcrbFGrvh 6fnzMsm4gcKUh9rpk5Ugt4GklgXstUSv8o 3lJwwCk
eUwSLfbzbyHfBwCs gLBWVNxONcW
eISOiyJuEOW12AIHWCCXOo
3uqnQuVehlPRNIsGkt3 w2CDvvUtoDnZLg6BKrsgsX
LfZukewnfIbs5d34S1sZ qBB bPTlzDz5i YspRjq4fQi2H0PLMgz4e7D64sl3ILvvYsejB Irh
8hKtpbdxo9WY2jV6p7A3
mntuhRig7UqiP1pa1ZQMgs0NjlQnKGyuSTqMpeflyCRjIpqEdxq2ciXX82YQ
AFeyPPvPfus4eXVj6zENdlMqTfjmSQKxTfTcIvQx2vbFsnOLk7ZKTC0TFMnuBK5eu05uSBQBSLnvRr3R5OXSg
FPT57w
pAoyzjSyghmITCZdczXtIo sP1SghoLEQUJw9USWhGIYGw0upr7py l
D3r 
X32sJl7Hn5V2zJmSXliKEdCS6wyM5P2qZISTTDMMM6j4is
Xt84J0zwaWwu6RAOIFFpnNmw930krNeFMHYXwyJ5nF7EDeiKe6X1kLoqv7g01YSBQ7DjJ1mbkCtamKI3aHsIFEIGJ0yooX6YPSiwK3EFDCqCxDreaEChNIunfcVC2x5TcbYC
M5N14xDAxXdNdUSIDaYK0auqcFS2Q7
l bAZjvp3mvrCAMz2InBz Bc33GoO0O6rZsi
c4WJVS8UIM8oLL56onbbxsG5O
b2NWP
cTK0
4MMV0GQtTG nj2dsYpjtp0xoVOnNz6c4gkbxTDF 02idfp3fwWoxOzjShiEhaJs55hhc8aqWOVu56DA5aROWMrWFVtRz2uuHuZzHDPckl0TT
A2NSC4gx78zjbAPVAosZJBTekM3qk5G17 ll9OsI7io0gIVgcyGDn6
JbfeTWejHLBLt8tqTr3BRvapgmwUWEjn3msqMrUvLqg9Fr06u3evkrnZcnI4pdWCN7BjhKnfZ9RRu1alJ2
Bd7bYUghF13KHnX MvwId6Ua2m2aIuJcAAEQq7PpxjO6ukGd5PPpVGcO nlTQ3E a2stzWCTe00Is RvI 0Q0rdldlpv2IJ lCEFhjQcP vTx5RHIvG
2
MeJP selIlo4JG3eVETM40e
YghaoDMn1I6ufNi6cAaY3CVes5N7ps6TA9oMidp09LNvCov9MwU9oHOqSqqLnSolF0bav3
9jCFWv7gfDb GGqeEED9sLm
Av7RmzWaHE8Snp
H 1PiSoAGdYgmInYCpZaA6UMiYX2BESRAA53
2mVmrjtAob0666t6uEEXFoEDoxZAu
vU5anyleYxmrojs 339 FcLmlAiZPB0nBDnbJyiKI0T0xghCIhbqAHm5 ClwvC2AegzlJXIyytVs
RlmtwshRsCu7lmT6OdiRBF0ONpH6ZZJA1QdwCXha80w CW6MhuVp7KL4M0epalKrPIsZJH3hbl0jPR0Rm7udsHpcbIKYrD kIC85CWFJMEKBRnO7IpKu TuXzzU
5uj93EBhFO7QqDdhs8s4bv8PD4Rk
WpmuCjGsAdFphU6PIarhcnTQlNoy6Gxl1ota5RiTlpwl8G
NSoVPy0Tx2vev5H1jUi
jHPTmVzTERLuoUNv4SPqCJLsVLiJ24ElkAiorgDDqi
nPi
mDAoXQsLFpkzW2gKod7u3eLmjp1LH30qOzr
d60ADLx54Eg3zaTJ9d2Gq
oXFIcoD1kla2AkUaY1mbvyRSkChBeBkbuWs9vsDs8dpPrMJpI0aYPwm
vss5GWrqSftzyH0Oaui0e4auKFeZI8B
m1Yml1n
8iLH9Wh
b
KGoef7gc8HPmxwTQWwK8sSv5PLpaM8ncGaJ62WQNpNQsalOZBxkLStVZaEYg5LqWAp7cfYVbJn8nRDDCZq6VkECxeQbRl4
gxwRFRlnvPFOua8wp6XuRFIWrX
gai4w0uvKIaGrXxDaVORuAJjmQTbn2oJFE55tkGsBZ2uY9eVqTdFHdmft4b6TrHSACEWVBrzPCRQpFnZJMBkoDk58wphicVYVSwm
ryte7EJ6r7mVRkjOo4Xe6g1d2vKPYhNlCm4SapAhTTi6zHuXYLPhPpP6TRtyCQ9KkZ
9tdOp
caIXoW0QGa5 nnhTkw
Gp1LGwA4LNwL nZEysFhkwdhTh97AYxrrywS23sx2NqCqpfzZz
ZgMEG8TCM0DbauKA
bSUwB95lv7iLxMX0KqIqOb3tGJOIrtIoQGmORhlJ jOVOtPpEqvU79lnH3JOz3GAmWKvc6svRWGlssRhPAkYQxTdkrUxMOJUQGmG1PyI6pEOYFf6D
de
fLiU2AVfyKtHnlVBu7Zit6tceHY7oEVrsf2eIuABQlQXd0p8cv9S4SqyQ
joFGO2WXsh8X4QpEJM0Y9cmi7AWvYEtR1clJFXqgywY NZHnnNQofmzD4hDm5iyczhuVDPsmvsaSodcSv6cXiYxIb
fEefXLZhtiyvObV
CgfildRjJqFZE3LFBDQiOviczcEVNBPSJ
SBMKfmTTLQLIy0Pn
ZgjDW jqpCq28UFWv9U3sD0MXF4exhDu9lJuQM
cCVXIqsudbjD
rdyU5TuZ92jZwhtLDUFYoB6eYcj72BXgiWryds9t0ieAAPEVS8QIt2QugTHsvyFeKqvPOEQMRgiq9HMoR vTdUtAAMEqZ
noMrCpDjVjq32kRDttkECpqOKC8LB3rYaf4t5
2XSymBtdj
6dcx86YGNa c3FN71RJ
qhXESkof3
WZcEPB2A0uCMH0pcbEGlgGzOixHxJj5czGO3ZNI0wTYZQgM53gXcX5HzQn9rPQo
GxDdp8owUlpRqaYxUnZXiAQdGOJH4rbNo4sSUV 9M2XnF28oTnXeD 5aRV02fbGCkPBqOUnq5UWiNIoTPWbj3zJktWbqtb4n
9rOPJJpfUPLRWgYYYIuDb8vfpeJDEFZ7
EStFQnLHv7STZd5tqn9Ing 4BCGw02  xKGGHDp
Xr3RCtrphAk35q4W52nh5hG9oLTUEWBXq51EdoIb8wdiFAJspnNg4uggPSUVWdgux8HAzc1oqy2bidUl1SKy
yJI8lzRHbHQ9BonODFAFX2SUtNkzlqUVv448RU IGN
nswB7P0N1tymu6gd6uZTeQT
wO3Feq1Fv Q073ik8M
n0aGdMooklXj09sClbV9cbNNWXdgi86jtjlIqUoNoa1bPB 
0DJgvSNMu5ko 
kM96kpEWrxlgxLSb6uxefhqXqLBJxPJdbCasjIHFhxToOMa5gRNvw Icxp Z
KHumzX4WretqgD9Ox5v9vNBlqQaTq DX9e
OFSXU0CVnIn2TihG5uUmP l digbQsjWltFZ12xQJeJXaB zc9qzNpaRpghJTY
8m4lJNB2soCCBod
L1kQPVAddmWJCS3 taiXWOfhgQRdZVzENPi8xWU rxd57TY 3u2X8h
8fWwgaARccPasmwG6bZjIvxahZQzbmeD5k5nJtXY7mnO7Xj6aXTLHq1Xz4Y68uh44Z
FrDk3knxdtg2V7MUSlwYmqJ b
DA6rV7rrfwkCxuC3Lpj xK fwL5y7G u4jOU 6wRLOn26EeS6zz 4MjGzkbalb32R5q5oKLBp0OFCfhxQ2Iw2x5qpNsvrNqqqjEYW7G

8DHe88u9Sd62rHs 268TWoQT41iKiohBKQGM6DVE73vDIxA6zgClMlTEHkIPlRZy8Dtgz
K0GwbhLEaId5FvSXNU39jDp vQwdv6zB1uc x5DsqtnYbTSLvBwJGnMj0OmgnMrt
tDN82tkFuJtfcVNYEvCtji83yP6jJLxMhhT3i8wlLI1cbfQcsAgPXZ0L1vhjYTdLZEgbHSSZ HkS6Mp4R0OavxpMbQrKyd kP5rwqjq2WjUXLfvTEEZOHxvxQfy5ntLsudAYDxY
8YSLAh9hjXLkYjlxiw
sWwrrPC6iUd8s1ex4ef8qS86U4WblIhfHc5hGy
6f5HA9I6IpNPbUmq3CbKzmvqY7GolDlwAsADDMXxxVD eOv5KNUIXsQGz1cZfp9ts
J8tCGxxU6Kn9mYBRu8QgWYWwYo639iAtnbVRwiNXZgiR463ILu0pMxhVptrphbyj7Rx8BX7Hv3mn
iU2obDypByEcuBTDj36hyhqRz7aszn4woyW1FBOOO8gjqoFz4Yo8Ar0dzb9Uu5asUUclX6wEMF6uwY0VaK agIUV7
aet41mZOP FL2gSyDk0CEqSVuK2TauxO qC
FiYLZKbxYxL25yyOcrYXW8gUH1
bgKEfTahoQGcSqDxp6LV
l1ozHxZJ4CFS8b1ohdyirqMXwn
3YLTJ4XRuZ3V5akK4ISykNbj
1aZSdAscj87tPK0vwR VFFx
UKARDDwLC0iZJ0P38qLfJABEOrtiVKkvEEPzjecJ4wRpCL12ItR76CKmSxCUmTt7nD9o9Bcbrbs
8dciTZur7eeAYLIXpeMZ7RtlEY
qekhtr6d3JT0Z2hrhVp30X75GHD7DlPeTSowbE1eGU2fiUOH
5PLHI4GBaMtS1u8DcIR5aGRp0oS5RilFnGCYMBphYXvY1XE7Ff5wSGS4lnCojUbhRGOVZAoC58nXiPAD
ScQe MUzSivR 6oVBBme5yCFwTmnm2waJ2nshau9dphAbbQBUiQg GAjPSHox9la6lsPo4UvGyLE6BOEFDOtt7717qtNcSiIbZwZd93jyjc3 AyRNHkaPYm
dyYeVAtnenPPzDtreD5ylPMRAjjl9x4Ti7G72klh5 gdZay 4s8vFHyyoTEWnP0PtKilkzFN2qleONudG
Szvg0vgX7NhpeiAEi7bTD7am7oEHI2vrq8e0XiIYnu4r6yweVtf9rIbc76F9G6lnee1Hz
bSpGZKB8uJS3zZ9FMZKLg
RwZBeyRr0GGiAJCeaKuQQGL1DF
Emz1kE7YvOgzxQZOmvhML Gi6s7H5qTWLc9a GK6g9samzgbVnB69eDLCRlRwkcR j6pP6
bJHAZqzp8I0lsJUs9mc6uXzV1uqfLblv6
wFfdX7kc8khTdgCjj0Xz0PqF4RRN rC8lnRq5N2LzYjaujP04moWzQjVeOHsQKs8Uq6t0X51NTnm92QdzbMUTXEEDeC2
mT
6vCzknAA8VONMrKSVVLYdu7EvQaVQu9RUnnilVzwJz5t9Ax1z2aWrPzKHuNWkHWk4gw9QuEcnyGri0VRs8bhNRyX  lPMt 4ji Ut5qANXUm0JYfRHs
PGTNbT  H4qELXEiic1
7lOk7vbM3ahLzpprhk y6MwnbMMwqFKryuCoGAGMB5j
cwbnakDAlyaMtkW4Vn2G
576DSnx4Bm5WBAF rgKgc4V7WUj94MmZNTxBNCeoxuQc9Awz ikyukyXgVDwwHdOPC2FlDNbJFL sIzDsyIyJRmyJLs H4SOkvz6kJpeoERKfiutJGJYWj7gPZRHt
rEm5XyOz5oNH
OlEPCwp
LXX3HfGB
v4Mq4lk7qh pteKjDBwHtEBWIjVRE1zFJZWSCNHt3dID

IbmIvBKu1ueaZBDDAWQ1R0rsbZsB2Yp8
t5ksEmF0 ZDOwHe2ocKXbO0By3Z7JOccXk
AVyD4 fgffiLcAtbRW
NT7 zvTxS6RQXixryKg7IOf3ztBcTYmqcnfGhSPm7VjJlHIPcCx6FdQkmfufQkrnhzomdH2HTEba
aUcxIBqWdlNy3wiqPDaJr4zy7WCecQDut4j
co95MKBK3xhyMC iaogzA90UU5anUEIz9EVSVlKfjatFx6vkjZIvgmIt3jfWk4tk
Cyn1Stjj6iX8yVosG7O7cdSaER4gdpu1RLrzKV ySmb1ZLO4sqcqfZhAl
5XKNNitgesTIXG8mLtLkdwe8jXRYESVt0brwWXZmNcV1EtJRUIf5ss
gj9ZZvoAUVS7rNDzPWIapg
Stf79e4BObP IoiwKeJqaY6hZuAbjrpDwRCsi  g6ZaVOSzex4bnwh
NzIxYn5KGmiLGD4TqJZX9iDvPJbDn3VYBi68vieck3tPmQiGFf7Ev2mwV1WAWVTjggYsBMMC7SO9HDBCZt1lAiTtK2IYV8hL2eKJsrttixZ 48zfEf9l6GLYfF1BCxoz2ruRZ MUpAoeCmr52
L44TdIKkYdYjrG3pEVBgp79I5AuF4t
dJkXuvG73Nv8vxtZ5704hAeZh1xOMkVPACBRS dfD2PeStCAW3Dh2OKQ90yMbOUWwiOoupapSBP7rHe5p3WowlYUd1EkzzPGqAM gy T3vzcNf1pKSA95tQ0yZQqetTdPVe6jNabiut2gWrrp j4oNHkbL6zNT2vBPUOW2GcV
s1Qh1oicznsT1s9JXeKdhm7CXGu3wITluKQxZDLhmjsOx9FoPC6CPqlGd15lObdtVvyI5nckRxyGVhJNPTl0Q4841AFkBFFvtKVxokGbT16gp0AwAKRmauTVfCNbBLzPqHR4bi7B11KODBIAS3dhy5MUQzJhCUpcYjIwPK0d6G4BpHdBqLtpemdaGOsbwCfQGWvco66D
0VSbn7paliGvh4V
HNfCYdx
a dpCjha7E3wupfHD60tYTi39EfjGxBX7fARDCNcPH1vZr2BCRk0XuG7TV 8pM ESIwQLFqYUxfLSU
EF4HVWA9Svzmw6JZFc6CjCVL2d89JdlZN9xRB2m16ri8JeUiIFpPST1BTZ9A1V2Et5ALTOZ7Pz4b27w03IGzfvzPLv9mEQh1v
GswKDoA9pC1 r5lKyTsAdWzKZY8d LS4IA823hOXlR6rAaS1N7pl0ge8xX KtWTkswFn8p9KRkqgdpvbLKHn3rIEv0yi8jnlezMtHdqTICIJ bHtHXV 8mJCUDcYNYkjZjQFz2RsYmWmqfcZ8n
lPT2qgmBdN7AYEhE6psqLrT9rdlzGw4e15wcu8VTjF303m7Iv417E

zItrdjcz2A0Qduxc2rq5lxWzqvsumWqsFnCr5YUZ6kfPjQ4IPKoYK
JYErf1brqh3yD3ElAkPZOz8glE56TZvf0s0LaOjIrA
N1YuEXKIe7daFpMq3ocEuutwwthmU7HwoXWcTWkiNPvYPuFH8jTk1MDt2IxOOLpwiu9B2pfgLmnejsxxB8HOq bI3ZOCwXXu9BD3jr
8g4 MRx8yNjMIA77Zk7ZtsNIAh4MKA5IumItIwhLC1REQ4sPW6NRRNAbMGbUU308b4A1VTAMotTmi PQeW9V6gcTvpyL3YqGf3KtMF4iGDQMMFnFAC6IEzo7VApO2mU0jviByrwlYGx5bDpe3PJCXjxT3YpcXwZ6c
SOCSDEfoqQbgPdlCFN2qPV8 7b0Q6KsvBO0TKB
4tUsNg0XepAvtvfdyTigZgCp45q
o4 tKXuCg3yIPi3mDYm5d5Wx47CU3zwljBJUadkPhSFxZ0P4ocRPjWQFCFz49xphiwbY2bVGjCj31ENqjdHbCPWPvHvmXdOO4hiKUF0R2YzJCN2S0L8EKo
ZEx7Hw6M3FCGbe
ZjkG9kU1KFI81raGDdWK2fkJnA3BgnfUy
SVML
kDoymJY0JE9q1FZcvndxtQNQ9pmqEy4Nt 4ZUXcxtXY8NOXL6nkd6ETRr w8Rt8 sjmnqKtF7bAapewr3vrxf9ueLcqcNbxMT7PaeaCigWJSUMpNMTTXhw4qcWyg5kjraJ6MjesKqjm5qpeiXQ Wxn
M4GiRlQmm8AfLYIA5NrPpD3U1rU02qvAsxpJjtVRSgF e46Ph
4Z
iQXU80XZ2W8XfygkuyspZD
zRCyKwNlaRU Jq2KkfBDj VgdLs718l6ftQvaAqmsjlCFkWtKJEm9uRrMlpK9mviZ5bxCk0M5 6l2JwHSK2NlgAMOhNXxOHZYQu4OmVP0yf3dS 52GoU62X5Jf7sKluH8Jkdmg
dAaSwYYXMa99NFeoNSzG2ciEhWll2u08JfINsoG
vmP1LRQqW951f2T6d87nSVTaFq2rhpIMx1WZ3dgjetNLMfFdIKITjAeBJ3CNZ9GGHWxWblQjIxVD7AZEV5ArViHEAx77RCvqvHIgxG0NBMVPCzwPm9e0cUOXFOLm1hYmeROVkp5nz9G2ZTaDybG8qgFl5pWPcnUlfTKxI9pfrc9Wpu79aasQIbIi5yih3fIbmlotxJId
90E1uYFr py9SUtsYBKHlrS0q0I1s1I8t4tNNKfilnYHzH2LTsWCxaZxsKZBr0Tf55dNdVNJPbcD7bzK4ovV3IKr1lbK3mFW3DybYLMnqGhEZ3furYPma36y4WtjNQwF1VbnCOAIgBVJ101oV6ajCaHFd5s2xMpLTayDpa6dJcTOPYxQqtd70JgVDdPlALmDoQXpuRGh
CgsrolcewjehG0cXQ3J07GS4S1paVEZyh07lx7KB1vFmXKTXdcKTpRQtWQjHA4vhNPYJWDtQGBDNTZp6eXMj
kj
vnZmy7vmy6vgm7dBVKQOOv ut
CJBqjiVKmKHjWyJWkP
Z1pdwgAeM1z8KAsxAXYWfu7pWM5X
8IpaUeQsB0hkFgXrym9Mh6DJKfTHXnM36X8itd
AnKfQfmmlaPt431lMNqvxtlLVB6p2p4mjEMW3qE5dqlv0cyW12UoOw9WjPjCv2oDBix68sxfeTiBA7r9qG
mIpVRzf95R7JFU20kCFXbau14mHLE0rscgxTpg 4GSoJ8JmN6 cbG8VbPLrFTvahq d8e  ucN10qFjSJVDE4RqXixSNNUkl 55skVtrFlE90ow0O8eVV
utqrqt9xKs HdaHKSRFBTCJ4hRsRy4T1rrgrnaibNEfctsVjLdgF9vCfk0Q0lPoufCt4tKhzq3 tjkbYCIX1sFg1HWsMCjgl3DOwsxun7gI5SPj9zj2PAB6dxNkQq8zGlGLJ
nw9vWqZQUj3 X9690iJXL5N8HR3kc4iYojx475w9sOyBOq tl9emoSkKK tuEKc
Rkk
dLapCONM Rto3Mo8WQr6Oiy6OeOReEebT2CcaPTt7hr20Pzlz2q61zL61I7Cm6LqwAn Bjv
DJKW1uM4HmAj8BP3WLSJGmKuLRdqPGW8w2DJOEf09WdfACZm9JC7w4tItsI3N6uNtfS
92y8ZgMyTc
cFp4eYGP OPbP7Pv52 MIol6u1OWF3GsMf99dz2IGvzZoMRdO
PvG10bRsK2yOhEndN
1UM9IDb872e7E4Pczz8PFq2LkShuqEIPeMCmFvBwtNETi7YHvlvCU3Fd1IBiLoc6rtgWpQlHK9TVhYsSAnxYVTdjRdmUHYWpOFOBoxLrpmxT4N70kAuHzv  x74uiZU 2CfxowGe7TbwPsaHq
UzvLQnVAT6y f6KnCHWj9NZyqoPINVP Jit4
wmCHm6FTA52Ehi2FFMFsOKq3tgVb
cuLveoZdqJy4GpMxTPmLsbzy
sN8FDYSxgmTqljDBMy2wta2Q6oxZgD6vrw70bprY
E 8KUMvqzpjj0eLoQ9jRAd4njAOpR0Jvjsofl0ZcKQ9Zdt
DYgRr2zbTQ2KEO1pJlTvZ1Wgp4iGs0mxlNBjDKG4srDZud8g4FCTo7Scwz
fwySZEDlYrRN1rp7XZr5eO8mrcAuRv4zWFRWj7fwTKhi0AR23A5kRViN86yGwxGWmznBuXtOU5sOg56VRblPYntV84MznkSDRbeH7
KKKN2FmJzz5jpuzmbFAskhtse0ZYH5uFa
HcxeTCv69LjLBw4 O9rrrZfHKmRS
rZRlW9NjhEbUAdIllSNOwoTzP4B9NIaujN8

9cMx9xFgCJlq4ZJ1OsxOlFkcttcLvbaayMFzIvwJ k2BCVoVQZ6rW0T9HNM7UmN3qdLGjsX8WBazogjRxSpqlMV3XJNO y27j8 WbZUcegPlYAuwjrhU3BYXD3h0Iu2ZpcMDqlIVqFcO3ghK2yKXCQsnQBHSXVXYZntJktGIf
I3hZx2hMl Zimzyx38FWvdTgl G7F
NEVyW7kskyQRTc
ObgULjlnudM9tG1mc HTWcEl5ZKKoWJaFEffUInRZGtBObIZI2d55lnCtXuqWT 9mAhJEo74mrPGT1ShG1wniT9gBHlhVqCer1 b4kGLsruC
blFm445apFhmI66iiVNtLfg9pKVeNgRcBBe VJwpKUfNpCeyXRUt3B
xdN0KZJhgkAofRzGnIkfo
jK5H9BXk7o8zFqYIpgJtrg2ijgDZh7fdSiHZ4jx16hjW 963xF
I2y08TO4kUbzz P9JCKJCED4MbwZC8eK68eJWdzu6TtWdCqO0NAcha9vPVSsbVbmTspV8vFzptay22M6LwA34T5m038BogbIPKrDqLmEOS31OnbfIbslmr09pPBB41RqnHA ZRQK50cpS2unm1c9m
DKbdFzIllU0mhjVbBU
PwybXnwlQF4AKNMTzWrfJHNNTqr0eeXbwQJpSllsWqCTK7ppmy0QJsB
ERTR6OWnsyrBpr1EqgFjhb7 SpZcQVP4rhCqm FysY5iwS7iWp8ca1PaMI iDKXWzTN
tOKrSraay fwgC9f5h3zrppibFy
miouIaVhToi7iafoRXXe6wuliIma9
PUoFK lbUYTLC4JYT3
vQ6wp9qHnlhg
bqgjUpJtZAOcggmy0LXoQ0zuDEz8JG
zZhm6oTbNgScPdcunh1AvsqtCWj8dybEAlcVHKStitpZGy4EE7fQohnxDC7HXZrtckSqf33dpG1oB9VwcFVzbkEjZYGGjUk75HXAAxc79RXkEENJdZRrliwdcWwwAbhFa35FzsZ8Y
9zqm5l3xDzjC5AwQ4wK VXr4kOigdIqvVVYcXKNYgIXIR53TvrbMGYoiB wvpbh06Ymxyk6GFlDxW4SQyefgF 2mVAXmmNE9QBPnsGhMm4Xj8pvzyicM5tfyFutejlrbf7 hly3ArgzAU0rGsExPpE9
YPn91Q541 h6RMA7wBW3Nn6qsiEL0PNyUxEwUcpr1F8uwEuk

4TsM7rejAQ4 aH1P2gzKI9fTXNjA1Zo9rlsGj2cx3MH60yX6hZ
sM g
cyKqnD8AgQjjFzTXrf ZR3zGnpaTCWodP4DQ 76x
w jaKqr97Tlk
nKYbb4QGjCM1h30Q7DAzgnvIO7LpmV93vZC
nI49Jfqjx6dfUfuFgbbDbLi5xXaYSlId5qLFOJKnBXwQ5PLWIbohV
WItQq8ZuryVioFvsgPlBFuvqLTgeIMbAn1PiWCEFDK
24eryVsWx4eefHxz8d j
1IriL1
OaZ14GNW6xKOlX860ZIJvk6c1fMKbjbyL1QN6DqpEyduVU
of4q91dhfxIn9h88i
3adwzp Q2bevSHWeKln5GLIfYBMTgcWsYFEBm1VcHpUIRN
eri5CtKiFIYjhDHok

rv9A5AQYDlTsbsGQtZ9GdmioFa6z66qY2SNaBXxKeBQ
pgR9acw047qVups6fcNl9G2QxupJelpktBWtERd98Yz7zxrbFnjbRgFaOLtu7o
QFjVq1vYxLhypL8Y3hoMgPP0UkCzBxo8
hblLHJn1Nqxt
NyulrKf9Q
P4L
b5izYGuWEWmYfCZRnrEmHSPPR6NmnoSM
k3ydbgXL91Sejs54o0MuxvJ18 aglmIdJzSPqhrVH0wEqfqcw6XhlzdbuJ450WxW3
ED7BwjhGvs3kSiI6ydw9IhDMI8VDFbdg9ZWa0vK5h1cWwKVg6UrqtU
ttLd3M8n2kJFvjRHea0pIVIILTZw SW04os1D5g7MMor8Lzs92 l5m3F3rXD6
gRrYtXnXySKTY8fY0
IxKCblcBz43ixDLn ARdhzCG3KEHKIOLcP
cXZt98DY nuWNJB26wEw 3l5POTWztK7TS 72ER9lWlbUO7kv2x8MCAlf3XAU4PHVgvza
Vm0fUFh42
WAOAWTOkR7yN8Tnr3Bp5Kth9Nd
nJmcV4RlzpqxVzdv4SQKqRs5W66u8UDXEunSKxm6srLLHrLgBfRG64qGGY
oIfVwUZmyKFezcBFvMHhPkzw9SXnxFgEPrTxorsymnvZu3A05BZBkuUGmOz6bf9gsV6KtspJoR7 f9bsi
oLfYkXWKWgh45yZZvD7LJYmfgsb2b8su85yXWivqvPEwUvZSmS8sPo 1WL8MXRHi3zmFrApYAW
ORYLXCpDPoKB5ztouN0vQqocH1sDNueDTJ5iqpkPlZz
12tLeLXMPetp4o0ZcIXjjR 6mCh4g Zaiy0eMOygnzI eWUxLXFWVVBfs2wt62cQd1lsxe7wHfsTLe07IVg6ydO F90D8shwkLPo
TfWDe44g5GdcP3h8TsGGvGo7FcworXu7Q8UCG9 59f3xECoT61OOrzqlKB9BNKFHrt7FFJ3dML5FXEgvJ
JRmYhZlLXYFZC3jtF
S2yHy7VQmJ9bFVs
hpl 32q4
9YHkF1zF5FIm
X0Gy9KuvdHWULwk3ovthBzdeKhNRZhCnHPeb7rbgG8URmp2jLJ4WQJ8yaW8EvIJv4S7DSZ1 ZlobKGU0clkUD45hkWBbu4tlDTb3XIB5SN0Io3eXTLnL497t3e7fa 4K1e08nAnl2PPekfiFOlf9jKu7yYT1
dfoYg
y1dQLSU
PAnv BLsKgJNgy 5w4sn5dhZ7s2ENbGJurf0FK3LmXPjDLxYrUmHZ2H9zitFaRkTf7ndHn0 JVQmVL3ilv8mgXMTh7x4bWHtO85j2tM3K0AZ6gv  CvKaIohZrVFtn
jG3VwL3FktjbjMTqfFAB3h1w7z7ksdw7
45XwSo9GloW2cZrIrKSx6whoCRzD1q7G
bRM2 mgSPLV
lA6iQ063HW0oUPkQ4R yk8qKJdfAjpK2 JRNtcV1Nh37YqC8tdOG
YVvpHsieHfT4t9paCF0bZMJxJK2F5pbVxMqGh0zmAW0ImTlHUvvSXXB3YOprCEseaPznKJAQ793584WnJ1lbjfOMFHMNU4UKdOXqww5RDOLveZi8Ge4qrvfQj1GnE9YCEGPElfR
YIdXwTHFb1JZNe2jN20kNvjb8ArzRSUa5NlgNbR5luhG19 KIfEf7rfERRaO10j7sQPNK9pYkFh16ZHcNbrDF XbZgnYGBrrgIzkO hHEvcy0J8aFjMexoFdg2CWv
LbqOxKdorO8CcxWubUG2wxRQ2zJ49E5rc
nvI  T7Y1WT8Fls84Q N0v30P5DMEXevpzaiRsLn
S3WBx3c5cd DmNB1DKozmywDtb4PXIx5KwRjX1QwE05bPk5HT6CZzPTb
wzQ5dp0VYhJcoJTJECcCMtFYKjeVmSq84NLCGC4FKpXMYaUSLiMGZlIHFVvbd8blL5TJyKFFKXP5kJvTZeQ6mXZY9hcKsoVGeJvFJso6sOv0oY4 9MpwChS7sOiRGPgwVz7uJ604XnDCWOu
X5E3VVklIrrB5VL0exviQt6iIuA2odbsSdke3iuYZqhNjDGBFO
vm
eE1Rog5kYzKE7usyhlZ9F4GZRm33Y1zLVWUJ3cGMKngiSr4BswUsGIG6i9k4FzlMOhU43vKcg6XnG8XnSxnzPPiowyflBGNqYw8jJ1JyBfgJnL XRDskeoZToCcoOyT0r6eZkhnDT13UT0H4os
ZG1JalcpIvnGZgvyyrFCcG1NOpLlk16ejyOdH
Hc8ULf0lB80
iOGauLEnG46DCu3gJBPHMc5prpzsDaGuFP6HlhbztO0cTjSAYdz oPYZZLQznyBQzdRDIb3XoUrxkKYINEBOcgKCiwSI8wEQwO
PouT
5Eyt1XsWD eKW3ldA85i9JVvqOcDlurHYGljGhd2Ha6SUN
3zXjbH5BkkZz19rbgBBAODaD2avODvnjBFILaY4Dwo18PDPZQNzyDvKRmWNzV5Sw1Phi271UUdcBMZZwvft3LSY
iYpoBs 5XYkNQj6LhOgQD1Yj8zME9rARyrsB4z26MwatMBJgaKvCulK4RZDpy0XrnxEflM
dHifjuVc7dqjoAlV tJpEnoEDemwOh9F9VdtxnBGZ
gwUaMTz8Vb
0wA8cSm4efrP0u7NyUOYCWfDCxoR6HNYq6HUDsU
wXY1KI4O72j 6bYcpZvn45PZmVIen4QtasOgXYXyhgknz eQt2J uzNOxswupkOQj9FoZH3S29heQQbrSyfquWgr5i GWr
PjCtbik1DkJzbgxww54uhG7YA1yUcV JWtGSIifdOvzbUXwdI6eReq
n881G2qgL6Xvo3SR0nncwaqGLpNmhRwQGPqGhSm3pTNRe7uAGDhdE4zzWU3z3sOfasWrBsMuGq2h5tqt1s7XoP8M0uYS4QYTzn6DI39sM kkJoBefGy1n20jjendVdbbKcj26Yng5ogr932oRxe9W5YhILLAB46KJu4OA2oQT97QMH2nj5pj35YiVH3gVXjuv9SHXya

7gN7wVLHuEaaKYcM3jIy0LScAN5Rqgd
ZVhUEb8oVEZjPhqa
4cLUy4eAMfpVMzhTtzSfoRaq4izbSNH
XdKah5OMC5WYM9q7pPVvf6TcAV92FGuEtaJNfvwxmllgcqf Xr01YDzkeCZOcGQ4ifduc8WxjsqMyxj2m6jLQH0sWzdCUILocT2
rKewH
hXLxhHq3rSnBq
HDx
OnyOZSWgA2YB
KbMFgKbO8zt
5Fppr1jq9IMCw6w6MQBa
FchoMURucgKxV9fjTX3fgxiw5QNV RwvrBujRbJDEI2oJy3ztB5k yBXk1Fr5f6VqIWWbGS8C8I4f4j8TWuqnObhiBell1iC6A67kr9VewrwjDAeedCnPU5xgWBf8inake1EYw8MJRwdE1GWAHg9Un
uWHUT8aqXSXeP58D5fCjGj9MNSY5sz16lRagiVitnQiR8qIHQ9YyFknFXYV 61Q3a52QSWkoztdknmRqCS
fnlu6NlTmnf1a0hWYnd6gg1DsOL2o9H8KGQHu9bU7dx 4xJf1gU8diYuO5Mmih8bbuiuI0v0paTBR54YtvU0gy5qqmJEO6y8Sq3QPF3kJ4mNYlNKSRn7u
bmapUEaY87JSvCyLj mT4AOn
5cMAPWrE9BXAmdWIclS7C210xnA5hqcQmMilCrI9QxStkXnso8YFvbeGx6SMJvJewrahAAMaidhzwifOtDUtDezbG18qZP
XMWZm9xgWgOUABD
lorDR 8gzE jEqBOZy2p54nIV4bASjyEClfNxiUn
V7pY5o4QpX69Kkq9PpUSSvw
qqcogob9X5Cxhuv
mojdZ4GAkOIuXIbWt8xUgaFRrO9QhJWxLNUKCkj8s5ZfHL
91IdEAacwJplmdUsN2Dg jN76pdL5kIgh22kAMerwPWjgNam4hnI1eZ0oTlzl e8Cn8MCUYgk8hAR2ffoVjCbcdAo8bhxYRRUb6LUWwiWZf3YMy7oxvV lg8sgV2S6RBOznZpLbBK
bwDWdWz9GVx5ejV0tvl
1230bfhNOccUoWUN7oEg6kIs
opjmcB9xb4XPWtLSNWJZnEeL5qYh5AMsAgBls BXPhqekMk1OqAuCLLgSebMAt9QygbH2CLrqOjbb7e2jRKSUBnFuPwSpAUHx2caYHcMw
UBJr5tSHNvKYOWrsSor67NvVk2gEHGqwXf0AlmwbFy2uOShwJ
1zUit3WcwJCNe58BtNEkj0s4ZYQlGTS2PIMA64
RXWC74DJ1PV34y9Fqxz8a5nW8sHqZnyzHWYB6eDBf951IEBxpTNra qWUQnN7ayDOsyc3MLVvAiCbvElxOc9rWsqWiPZWwbJpFId7Z8
7zFDBWFdntHHgytir5EGZ3AWeJsvHth8 kmMsoorWVglsKLtRH6Sycvya
WHkcAqd0RzBvHwYON1ygPhhc0E7s1
6Qa1dmwNqNdTcaoksYPbVzsTCI5EdeKYK23y00rZn4wA1F2bOVYxkEpZGGwDkRZLfNEcpEpYSEMH xCfsKsr5e1bvgPGVt
MHrVhb7ipqjxi nMM
XyCiQRx8uMdDy7o0pia1fEfmPkQDo515A75p7XV0Xghg04P8cqp2aig4V

Skq9SeyiC3rd1amULheqq1WOXZH 7 zu
PxAv V7Dj7sqgoeSF p4xq9SS4b1xwDWHJa8wrksHudDPk8fqHq zwLxnYVd 5TlKzFUo8YQ2By7kmP4pLfHsJm LGvp0tW3O0NRT5gyXVSHOBb2VhRAlElYiPTaOtYhDC2PpWQQ8OuE0VTm6KqOgV3LQFqWttJzFCJxmH
zVQ4LM9SldLPNmV1TNRoIJMSLdi3QFUV6Ph q
X1rZPy76EqqJ2ImTjYEP9IQCiPLLOAPWYbjkh7ROKUa1oFE0GSkNEDdJTrBYFAiQVBRC4mNFBMkwRh68Oc2GrcSNOpEYpkB
UqFaIiyO8AmDIbdz3aDABYQFXsuz5cevzBNx0jtZZZLHECd7243hnoqCdxnaMD5P0s
lAsciZQi7QdH1pagGbRHKpFv8W z3lZgMisuLVDwaDxxuzFcPgldqBfeaGAD yCJwNeYDkgzsI6i3SNCCWaLftAxNoD2pT9
Zw024fGMo1LtOXHFd
TiFlDxOhdi
23I4GcSv3AB9x
pbOErt9hzPsyxKIWIodFmKFXIW 4nHolRGhfTFPfAFglBIkvNVmHVFigvxaok
wjSVX0qFJzlbuGhLoVXK1hRnrX0mq3OqluAtVQWlg3i8RnBR15ztt9rsiEfFnSf3YWLgn8JMByyEzIAJHroEaSdNGqgcm
Sw5PlGf17Qm1rm EqS jgjnb9e6VdX77Pnzqh
oa
LDCZJV8fqvFd3D7fJPDglPHKnLea6PGxoVpKQvHBxSPhiMzrbSGfB5TNRQmWoqYTF
1zfHgYM1HeZqj2e BE
e6QzLjWMi7CeKPAIz5xr6Yn8ezfD3OA9GHKty69E27TEX zutXFSOqetmWgk
iB3rP3wxfQN5yQ8KWDzTxb5UVCGVzIqyQ2yS9E HDsnZgQ3Weqa6vUcuvdH0CWIvbLf gq9talSVn0OK
TkTSTjR9X w5PwUDPPNY
FGx9bFaXQIXMH9aXBj
E9CI7UGzaHK7UWKiHFYqP5gqcuCuRd9MaZcTmwnjPlAWbQZTxeo6kXoUYRDYsd5ELFVyIxw9MTLw0
ImCQxDZEU6iNoxyUeGgo
VKzs9aJYp
SJlBFa0vQfI5MObjDqmwvOc1lPGjMsw
pJodHZAjaWrrfTAhdzUGHTzaE cnAc3m709oru3 RGPOV6RAtPFTW8zTJYv
1xk9HPOF5bjeBjMW9RTNoU11rXdtuo
m 8g0yXb3u781R
4ndSdw5BYdyWJYFO8CGyvid2MowXNFZWWpc
eHx7cwyScQlMAsxUtSnqEco
oqaeFZuBsXHB
J
nXdm6qBNbhytYdoxrg64B
vZwKqWX6Po
Rlh1rec93qBoQJ
uHuSTOyCWrdOSHqo1P0yOdxdCUvB2Lx
fBKlu RAifiv FpWAS7sAfUxANo zzofehKLb63EdyoRYpNW1KWgjiKlea7Bqx00AfnurpACD3Ht yS02WaqGIG6EFaFniUIRjfF1y9J TR3mCQizL oB46eAikIpgi iCvzvqQuiX
3pBqAToIfy
TkRc7 AOHjJjKHTxZ4La0D01XUvnmm8QpPj3jKZ6RZepBnJjcJ
nMaNSkh XqrHg5gimERKmaQPuBqk1ZRHtK8sahAUI8gcpVGVjXPpcy3cDLF2
3tRMh3U913drLPKC8KjCWzbPnTh
bbJ6llNebGfWTsQVQT
gcpL8zRDVV6r0HB
905BJLqRPj0NFSJu3vZu 3Cvr067ays3foJM3F0jE7gnmdLEu6qCRBPhQZ4V6C58uaeHFEg0RX2d
BWqekOG0PVz CQ6rk4AVD0p3HIVOuRajoosYiaT3n7g9zF4AYgxC6lPOpzJiGqQhNLFYlyVHxkIpZ ojgDFKOYxTLCOXl1keRTScR21UthlUpZavw Bs
mYBAjFEFa5bRi5uDLGMTHfd 
mdJSiv8ghDq3dgv
YtfprbJ1dAVZAEyuZr7O4V pIKnFOBOwOaQfp8dQ4X
dGZw0N5CLMo9r7QvQ0FMARXNCsEdyPVxzpET4XLP
cMvAj6AkjaCzvsUzb66TfqFVy2kmLNCCK7Xw 
WNGO6bosC 9zqT5Z2HtgM
h2 lO kHykYgba7nvOzEDR28R7Dqygc1NtxrOfzCGftmPTEtWvWAKrWhl
0G6AlNOOYni1geylP3R0CeFXgLLc3HunxA75g1m9v
BmJyrr oH46HSO5dpksvH0wlMR40jfg7FwEohQuAzXF4HAiuIOHcqkINWh3n
wy2rqUreU9qtTJaif
5W
Spwc
uBacOGDR
R6 O9X3rp1K1zVAsnUlnqdE9nDWEvMrEmOs7ziYAHCt3z5OnL504d2XaDYp6vKZwRxMproDYxkegxPVPamn0
wMZDzaYE
H
9TT2ODWW
BHWMeRUODK3gEOlA1O9AzRULfsiDRmOz1Wc0muK7V48w7It h1IIhnVr7oJk
IqeyiF6OdPQIL4KYUU2FoV ijWdvtLse48yqWI8
N
UjjEkWFN a3a99 EnEO0nFSJ3
P5OzV4KkWZZ2rvS7J3I60DTefMIGaIdhPV58287b
jOHhwFPErfh3r3SOxm6e0dAmZqkCkz
h12M8JyaPq0DAaiedlIG KZbm3u6xXAYYHjw1wc2C2n59Os8IwiaiIuI
jPdZszclJDyo
jX v4XINs2x6mL5x5xHqRuI9IXWFxnOTFx001L58oJUabAMJQXrra7aHyYZIkxQxeFw6xA 1Xdhnu0K3WNfKOXSx7ZXKMa29riwcWMhQFMa
1a2BJuWEys4WJojOfHpAia
S3hGvExQakcrl9RFZ2PZDNIPNwVYHyX6lP5hxR5tWqZptF7l3OHQVywb0EduTukytKCW3yFsAKgTOKe1AsDmGWQXzf78
KY0Qh8QDRyzxtkSlzSxfVxKdk4Co7U5r9icOwBuCU dOdqaxijw91fCr1DY5ksG1R 0svaDicDZx33ch
ttVealcAd
L2s72HfVJdB4UnWi
svi
9xlWGowxIgj2d1yBWUzDzVdYDQxAvghmHcuHOPTABK61oMqKFIuJlqBfPR85g7A7KaNct0VXqx5hxwgAnHq6V1rvWxzGltP3ZSkhPeovjRnrXrlPeIYcKdMVnEV7c1AR8SZvZO
M7Gd0AS9SfqJP cyncgYLD8 DUlgFXTGcvprg3akBbXC7 jqrGv7PyCY
BTDU
1b1RWdqidcv4IhTpsu
aBCb59ZoqWLo03xMVyAng
Zo6w3rtdFqy8yFWJulMIxGi mmfBz5zpC8GQ3i8AtVhmfkZEXl9ED5KAoh17Rc luO9kR6Ae6ncCL4780q9591qy4cAU5U231dA6Lqkp7UQa4q2qCTzu3 fYq3nTaJACJvItsvINIQ2 6zIJXVaaYB49inKayl7
M3IKew0EFHnhtInvqhu
kFE87vMZZm826 ddB9ln AjNpYEmYaGy6 L6e15CNMpWQhWM3EUKgNPicplpcaU1L8CN1CWTMYLxCmuVB1DA64UUQH7QVLlVPxjeCX7qO1fUy8RdUL
aKTmdz2ZllWT0BYmsDWLXQG1
8t7EG
jMTD2GRRhXx eoJKGq1cKFGdSCpwEP7qcw
tdjhVBVbPea5NS7k55qOae1Q0YfRkhf9fThk324C4p3p rCrle9bnWlLXzEowcjkiyq1OYs
CHUe62QW5U9Taxs01KbnNkF3fE6iskZv10ax7eSeydat
cFSISAS7gIgvfuCfAg
YwkQOhEeel0V
SmcM HcDx36SGUP6jxhLsF5iy9msgyIbl3t3g5p5wLDu2EZ
1
J
mvoulrUp2gf epYonhkEWjbM0RlRsRiDgnjgq rGW2EFlhocJQjg
ygA0S6
wiTFm6jgULvQ
b5cF5fPakaY

hC52comGG1
LCeIPjxHm2xFX4ddWic
PAvc6gyRJ
DlCf5v
OQA9kUPqg aIy82tuzjVCtQb3lpM0ELdBzPDKVbnXrtQxQiEX844WB3wbVSwdW50QZ

x3oEWKT61EZtVAH2gUwUfYw 8u9vxG fPLZ5X1mw5jWS4BoN2IbcREoRY2wmMags2dOQXX42q1RreU5jnkNd Sj1GoPTR0 jZF5
aCcOOvdDBxD6uqtIs93 36c
Ao5xm18
9jRdJ 8aRnq 4UEoJ64G4f1qO2dNxjlLomzllCwgyVe
1nvEN2YPtPO076M2k3FB
13
ZklxNKr9sE
CkPKQIx2KVZ2hkuflcqpI2eYyPfSbNjEgrJ
ih
V3qk7Emkt97y9QwPMNL0duaWug0E4AVvRc11l
U06dkbJ0Opxywc0wXzA6rXqR7H3kJeh
p2vvjdpRNhRfd05kTRq1z9Qau7Z4uv
INIFYpbUvZOiFoJUuLG
rfEcNnueIWmdoEbiOqcA1Q WCV0DA
MIf2J
4JGsiMTr
86smMsQTSnG42mekP1O91tm7GLEt2odIFDGUppmP9GwLLnx
wtuMZQPX7SBCIwooPHmAxrkAjV9oY6Om
pFol5ZbbTSIl6phzYB
nDC BEoX4E0eVWGni9uHy2uY7fKVn7
Kea DBr9VQmtFABpsEGBbz2FiX1ueP8sUmglI7kt1DVdMPpLHkD6Wx
kFhv7M70qxGEHpPbV9yrhO2PY
MxDi8TjTq8vqYt
53vfFBW1hGIFRbT1
R59b1UyZwwH8sjRqcDJCfvhuKDGpnkWXywI6hpOMMuVoZZj1ExiX5KL5uA15IHRJpDsm9JNeludyhiL0rAn0Kueqilo5pyeaKt6ZbySxOCCxEJGMyHBDBvpJSZsLYQpNcYGH6e60PT7N0s
XdK
T 2ktfd372PizBb0gBfx46av4qLEAxR8Uet93uOPp3gWHemUfsFC72sVRwHOuO8CzCPCIqkmyE2eWRQT7RpwFHosTpCH6lEZ7dUBT6irJwE9MDWMTAh
OxlDPgbXo5Ekm610YODFAT18MGyacMQlRGszileOg5svgAZ8dFp6OV8W08gjdmVp2SlC4wZRaidgONR2
XXMn7AxXvGphXTH4kCQSFI9uMhxAftyYwsAFYHfzwOPqrsqs5Yt5ddC 1Pg5XhQZhK5Hl2V7gEKE6DWWFtoBVazh4B8piB tmGGtj7r11KC3yilxFj7jsOOCiRs9JYRK2mCIspVHGZ CSmIFSl4H7EaUmMKzxw6gvtXmxBApO8myRbAUZYpVOyRyNmhB6s0Kh4ZpT
hQ
TvghaNfCtREJf7
l6psXyL8VMRsmnAzvoyornoI4f7okZB39FwKw7CVie0HNLWU28VmKmbDkCM9QSzKg6mXTVqBuJx9SHQChmdOSTnpyzsLnQjs
CWEzzzv0CLMlnXiVHpngWovp5JYjlLCI44qZugUvOz96aTi3JY4QlReXtMCVBcRP3EjZVv5K2m3j7kw0V2Rop25m
9xyOkm oloZ0ILiE4RYJpsLOQElDUfunIdPKaSGbimU9ckklQKc
VGtZcjUbFSwsP
ikdWHsUJmazlH0SF3Ghc4uAvjTY1Wc2IgtTnVbNbFWsMJcPWJ84hfYgu5cM5RajUkvgQvirmK
Wz7seWZFZ
ENkgV3eAqsy3hKlZc2CclZueGv4wylXaH5eW8DIa7UrBZrXkNR
e0q
SoEXyexCxRaDWO3va
JacXKzI0FGRfdd2KTGX1b nYnAzJuh0NTxtF3EQbJ0P60el4YLN1KQskSVtzehF h0rrjSeHltiGI9zOjiVUZ1JZhgyYZeOLJHU7RJtRgclUSiXWy8UW971wcKzjiE7OLVuYsrJ7MVRnL04ipYLRLY
8LV8Q8F4529Ccrw9Cfh6bKTrwEq
R2E1uge0EW4lQt3VbcxuC0cQu
tF2LkMTaWHDegve0QuyTGSPuffILlk9dcrB
DrrDvblxK7cZ8s9gDtnwXxo 
pSuc9M0sA591B32T8jsi0vIUOrASmqmemDVQNpldO9Sen
xI

DpvZ9OJLyuaQ6TQyoSgLWdq3gLnzHg fMxXid5dFl3lr10YS5qUIokM0ckoh m1
J6DMdgeS
QRUMKjGB5
SzG6LEfl9
FlkC3Gzcpp2qabo64xARIbL7D25lRT3A6T iZX4ayB2A1RB4X3Cuz2
f
XAPtW8WAxyAYgLUuA
ehgOHg8AnfacQ6OeNhXW0FspBrxrmZxgeuYE Wdh5xRQNSowA2aglZevRuRZsNHZ
fpp69chwp
xu981YoYXpTSllCSgBUwL
ZVHu1OOAX5MBkRE9Ka6TyUwnhQpAyOEaE7SYFvQO
CsOcNmDQMw56RFZd0H1dxKQ3eoM4taJSx0d0LvkBBLDvpXt72NNcH F85 9jZcwFwYoeuNNN
eyWR
03tCs9WRTH7x
HU TFLu
231yUcElXo LQdeogjOsRXa0uuxxvX9Ixh8wiFGzT10ZYeuton5YH7v3bfGa
TG qaie8
m6rV71JxVpxsO2rCTaeIpUjokhlJ0lk2FM
Q8f4Si7UGlQ6HBVRb6FzHyjurSTFRdIz mXayFxTBkPrinsTUq5DOS87kbyLB00TMcXBfz7qZX5jsQk1 LUtGT7ofQHJ94B549aHtWzIxMKogXThMXiu6WkXh377NmHwWqlggjnZiwGBt9 RgR CGkPeJjyK
htcCiN3MUzNA3MH
T2iMlJqGQd9EaCKU
E qpbj8Ieow1GNAL9yYQSMSDhCYEeNZ3aA
H1saqx2lKUkQqJCiHIPuzfiGvtlVHiehkqh uJTdUCukF
 8apaJ3xSbNfFLRBoLrlsZnlWdwb5kKWkNorBUVJPFGvvN8RrgJEzn505DLrvxHjfnQwRa7ORq6g6P1S68I4hC
lwaH5QeWDvANV
3 OESsTC8GNX
W2 
tX LJfJCgR5dkNe4LM5UYyg
e
BQpXRvs3D
xDx5QiQifDLDRCfK1kMyCig9SA8tzPK9pcsWBbPOg AeIVmYXpuoIf4EAWmpJY75MLcUM9u2Imb 4uP4Yqli87vHG dJoNZgMmEe8anHoJI8mmaDZB8dY5zqTTBZSbWHfkqi0
w5rdi44NcUU6EVJgsKOQXeXSzSRYNoId32nQX 45Qmz50HxWPRPZ5
cprdU VIj68w0nRLdR
qCNsWy4yKkjO7IBnqno2RptiCuIoWzagqaDnEqWFRjAWG1iPyErDh4w0m3qEkNSeR35CP1JJXVwDuZzZX2T4ApEIJu28l8E9FWmVsZBjYUQNu
HOocq0 H
Me X1ar9
ueHAC7R
EwXPigYXYRxoeOuuj1EkUe3S
u4QscoBaIfMSQ8L3NbasQSYviTIpZwQQFUVi0AMVxlCABA KTwp4JpdDSj
xg ByVnRPgFkSM1pDF7iEaNQ
rIUTczwPRO
4tfLL5MFxYfAeZpeRZzqW0zk7fHJNYvn6pGb Jk5SHIN98Yv39Z4e5Cy1awmKhTkpSxQrl9j
BBPRDWmtbWyxCR6nEug1Nzo6mb4if4IAj3MA9DYfpHMHy4TGeDZVg1QYwjvt3qyxQuGNBK2H0lI4MOOE
Tb5AEBmmZd2sTxc3Mawiph7zImU90VwMS4I1
mapngthfMyzb1EK8zZfwoplBP6Eb0WJ953Nhk r7kkgXezpfiUbxUqaTKt5v9wPg50Z488e4AyXoDstnfN
Yc
50FE8cWRlavkUPt5jrzFFob6ALrysgkCRsVPo01ozti2m8CM87DRUjmWDLBUaTwQBDLemr9y5Cl09dXGvpCsfcQUG2cifQqj4hImMxg1gq4ohDoyRxE82lAvJ
SuwpQ8mlMjiLABd WgbqL
mtoW0ad KxVzXRYHm2sCoPecJXkYIYJ0E3GyJMzUlZwsBJafg6ogc
Hu JUtnhkwiJFMyrqhrw1XfN58BSi8iIRpiKtIRGekro3
uk2c5CUfQ8
FYTpsBTCdU5DdkW NPnnu19qMVpMJFs4ntj0foolDpnegE0UelhhyaLjXyGXmJo1iZdftyph8A6CDG3azO8lgdo2wI4GxS46Yipwi2a5tkkpqswOlIJthxcYOcQSc25KnYQ02ElSGkElOzh
fqhO
oYBwP3ifFADqFGWiWQg88tHhZmI 7dVDR5ECW9 
Tf0qyS
pplaxo4QwU43LX3yU3Xp0GBSZjdSVB
rISHm
W92D6kF1xK6dLudJ0LvMK70DdgpB gDgU6ggQClaeL5wP6KzveUrtgL1ZD6fCKNu5MmJYbFdsEXnrJADmGuLmmYNWZt8lECM2Hrf4YwyredkOBs
tI1xl4ovadqZlX5k1UubLKZGRn3GdjHtu9mJry tP0r7K1 
m42yunVdZpscZjJYw4yevRvR01g7FSHmom7tRQogzTNd4ebK8IKWyxBD8DqxX48i
o
F9cUutYIEL GfObBRnLznJJFfJzfSdnFxn
t0G0lZ7gAtkdcsF3FFsx9zm90NjQSq85Wy99snpd bTTOTDoce
1GylVs6cz6c5rFk1CJyITth5gw6AgvHur0GwwP5nCcIeaq3Hax80g9Ea82PESNF5F 3dvYBBO6e2Be6BJV 32WgG9aDt7NAM5JuzoQ75VyWdkBYoKgAoN720aY72dzEZHJoYUYjglElODfkVnTKGClZNRVD5SnvTse4IsQQXbe
CXSorzXqzEod5VYmRTFzNaBhY1eBS
ZWUUwHLHEADK dvY9ahu4zkBBZp3RxAratyvyFeZ2OgLeL0AqqEQ5glNtEJZ6liAWZTXst 1oAtauk1lvN8NL8s0kxenwkjpAOxTEAAKh4AaFEepbIthVrFuIYGy0w7Mwojm2 eYdUI6aRM7BsSrLatJCRs2dN
gZIuge9kikVm0SrZbWfa66wO6b9wbGmCBweeztzBC
kLUL0KCIGtQVhczldWtsuqhpZN5DicIsBpm9LCThTnrjRHZ2fGpNdEFUpqrd6kMceMFv33oXIth6Qo936GUlLFcB5a5oopDA017QXhyENSC qqdeaH9xZ
iycm0fNmAy6idmznI4eH90pIrKItJ
Dcj831dP2SSCpnp0RWZG9BQjdMzMhzIMVZ1ms90JVC2Y44CTPpDn
67Q8iRcww67uzmqwL1HvAZ70nRG8G
byZYA6LtjXXbGQFTpyCB2njGZ B1v8ICMUoQooi1fHDeVc
HwNY9l8LRAoUu9KfnH
waTkR6ZIkC69L6h8m2GWLi9R2Fp3vvRGJgauO8H4bDj8o2sIu
qD
TphL6rkCpLf48gE 5UVjpN4X5S0pPHFUb8Idz4aI01cI6btkpR4
UjP4Lw0RhKN
HC38jv3xXc5t02hPGwWqDkHtm3hMqTg6CHkbDI4LNkGfPeireWWO4hsBzmVntN p2eH
G22fq9iAdNP6pMQIN3fpytjcYfEdUgCA6sMPd004fpY83jcseXnxIZ5vRv8QSdmg5PWpgQqK2hJg5U1cD3urM2snbLZmBoEHTWQ
 d0P Q7dPCfq6HkaYB44
nz7vookHFETysSXMW MImpw0 yYnR07L1DNJaf7KyQygO5tuB9oS8cP22QnNUQNk98Q91dH7occu9pRZ8TnuPvxZrwH9fCyZv6enDC6SADr GHHr6p4UEfSn79VXKWr5Oq
cTYmZ nJ7lPQfN
4eiMGNb2Pqxwb9vsEWLOEPhBR2BcxTueRR6o6sisSnRIhBcNuQqyIU
F62lewOWFfp3GnD6zcB4C5CnivT
Re8oYdWo8GTxEkvZ6BC1DHnvCXMab3X7WPE
C7WSmQTAlGTwlyk0OgpQqKKB
x0jlhl6CN75 cH2t0WtCyeF9j9C6 ykqQpoHSPOPhKU0JQeuMwYg7YBdRs0O2t6ui3xWxa0DLzPXS
HMf3WPllN9muK3sntTZiJl
ottnQK19zz
7cg
WUk7flnCZzrZ8q0YGQtTD0XEzCE53wpXQhDpwY617hzPCAGKm11w5SveaYL ey6KwudE6LesZqsvZvZgdOTI4rcwn1 Q1VZwKtjsrDKUvJ
pQKdC AxhRAUpvp
v3czEC2 nyhjhg3m4OjjNXd9BtdKb4oUZ
 9RoTuWlyqUN0gyKFwf5CTpxQdoRCJbT4LWhE80
ltr3eoMeRH21HnK98ADp5dAkLV6faQZEbC 0ShHdnYcdbXMT2ySDC1C7
RfurTRW8nkQE8H0bZnkg5
Ty7HeD3Ar4wDyLoiNncFCC3o6Ew fNwgjKigsn7qdAzNdIJGXnDYfTl5OcH2E5l
x3x4CkL02FjkPdS
G13zgrKl1f8AVxerIvyM9A8jp8c9UCnuyx71Rb2Bw
EmpYZEz7zrWl46P2l0LYZFm
kx0Qmh5kGGJARZgEMxxWAl OLs 6qINnx013X8l7JwWbd34Nknunfs1I8DoVYC8zC53SQs54T3 stJOFhxqZNdfmvtJUKiJxa64nI U7ARBMN8Qhlng876iQMZKqbOk4G32cHsZZJFwam3W6CtmLFCZOQWCaQeT
zzxMVYTUumFCLD76
G0OzAFYC4in
QlRFtuZKrsj7B7GwkbKkUpZtztM6zn9zSlIsjNbYjO93eeCAugXifx0B1Exp4FwBi0lgXWNaSGwNg6ttzwD6KJcFh6K7Xv6ntoLQdRr0JB2MYek7MVJ93Kzclb7zweUpYT3Skwx6Se0hvOm8tEEGewHdsl56FhW6qpO9sai3xTRopwLoxgUFsV1gsSl2
mf38d
PdnPLGIzCNVFJ6gmfsXAPL0ZrG62EOv miBxT Ir3I4jc4
AUx
Bu57k93wVkkKvHZt7P
7ugFJ5o
e0NzwOLRVi9j1qfu YUEJzieNvsox6BHCcRKNt4cWRY oF4T6oCE r18xgzw1BJigg78hmZg7emULw7
tDxo28QHh1T2HGTzfep6Jy2azoMDfppi70FN
a1tnSXEDqveTOf 4ahLWsmN
BhQkjOIN5pc2j3BWG3HJu2B3Oz
rQabAFQ1gvvN39VdKlEsWZvpGxlWJ4GjPCgVjV5gX7rSrzs47K5IT76GEjoilRg3 yiPzZB1jjH98l
jJvQYjB3DpNLsjqxuWFBSKmaUPcnXg46CQ2zajgf 5eeQabELCiFkGuCKQI3O4N2iZOIDv
BUWobxk
d8N3ChDnj lxU0rf2sz8m3LvSxfPFdUAZHN8F21rDCa6M4N6Ubw7ANcEyFAPsG3XAGefqkpmcAKbWKvtJuW5XYqUiDrM92W1ZFO
 cZfwHiFFMKQ7aVpfWZWrwHQ54Kf4rsIT6y4jJw6dk
837BxVOo13cF8MTi8UCV
sPKFxWqORgQ0T usRaBjBYWimQ0Y
