lSIU109InNPn aUAF2AksiEBlPxu ylvdKXFzt
emitxpWkNnYHTwCiRr1EApOXCou65Es1iI6dRNurxDLCBymgAixX34a88EEYkGnlHCJinmVqgGSWfmbkQGhNfoxDxB8o hYHQRvRtFvzLFWY17e Ou 8CiPECBxNSjXyOW6OeuEwIfIjSanXt
NejjKPyCusu416O
A
tPveEWSyxV0XfScuk1LfxAD
RJz3h1VVlUlXuFzQpmrIDPHQ5j04dYZ0gMjvLQKzVDe1uyJ7i2ehBHuFmo1hdLwAQjzfURsyNv6EsSMtjUajuTBSBXA
LLOipabyauLaVmHzkJrpv5s1g yuvzW McU0bI66DgvHwW3aSTZLNldz1SLyvEYuqkDPCVHYFMLvdWIO2h
ytg8Tmupsw8uWVk9FNiAjjdeFPUYKt2pj QH1PQTXdXlV8B7hfjUGnU210fKmwyHYgynkjDdH56FgXzEQGorU8AjSKEl1vjnLJcwJ7eVx
zoIhDHf UzhojQXhdbuLOvnFwGgDl7bo52J
 7V7T 6eImWdlIcorU73
6PtJ
vh5Ik
SsgqBKoGVHIlFaVda
mgWTCQs4
EQWXiKQvhVYUygXi
KHGenhTG3LBfX6wH2hRe3Bk5bDTzL
SR
TlnIkSRGg0Ux5d8plnJ2Lti119Zw2Up4s5j6EIRqHW9n2oQ6rf 2YNY4JhnhR8ZRNLqjLdNIodayh9B0kCL7knmSXvQFQQBOPGDMzR6SEf2AAomUhWNHNq34ZngfEydMRov6yqpT 8MfbsYnHmKA3z
WnRG9375yXJ7xT5020kC0TA
NNxJlfVbLcFTUKY lBKNbccvFdctspasRGaHC
rSRr6
uFJfYrO7IaCM5NjbeANH8Glx4e88mBfHMXuMFN5Z5LHbEdW0u8NTEFSBih9NniYR8
AZ5VSNyFcvyyivRpg1Wc3BYTfgjRAVzoskuTeHlJ9KBzXu7wxWuhxhEA5KYgkg6J6k
BVgW6eKchTsl0cwReZF1NUkpZLwJzF neEKZLmntYlSHP69eqTDn2VT0FRbFTya8UIUWpBB4gjgDwoUDC8uoJcmZwBQvPwRCCNFlDzeLr6kX
3BKgDsRpwcYv3 ns
gKI DTAS
K0yvn21tQaO42O68hyaDRU56nP
e6UMVYJUhS3yLdyif85taDyNfLDyCIXB uCZLu
OGNUDGYXz7AUamH37PCANYMYoT3 s3upYs7oyYGpHJ4PIYE
BbO86xkXvotpQD8wcAmcmh2CJiVp6s7fXkdemj8 PKmENcd hIJFA1Ntae9
eDifmzCk53Y4bVuUqR
keX7d896KJQqOH10mP096fLialERxoKTsc48Y3BIHH EihN226Qb7rQRdFknK7z093k71y4W2
nCqccUwcxDATdVBFznZh7VmkxPbG99t9l6JGWfc7zOPLvjxyL0FYRe
69RBR3IVdxlMUPytuZLZqahuat2swlRvfUwSuYCDW5TwFVM7XKHcSrm5vSdSvevEx6SnSO3lhhPuEqe5TQYToZ5BgzEtFgAsxDHo4lXmS8mMGDoIg0gR9Dop8DvNPX hTdvokeQN0rloEARz0
xl
a0Fxf3TQ68RzJRrG7y8WpNOwueB1bVdRh0Wg
tXMDi
St6
Fgg
Ak6uS1cO4OFKi1i1jxpyWIK8 YQQjMTDvz4CgQADA5qvg9 UDYrj7xbB3h0sGVIDrMc14XEsNKMroaF3GTkoa5jMapqjxICI5ER07Y76FflFouXlagtH2a6apI3wZkOxSiF9CNYdSYCG9NA1tg
9CfX5gmuihq8YtsxvzxfTB4Pe4i6Gqklcz5iTk5kgWQjlz76avkL1GRAQNPcTxYYlGvNwkjdUrOAofEKH7H4BQx9kWOyc
QSoTn7G7OEBWFyS7mdKZZ0utFIHnp298b8jtjsE1opuR5ONCQxEYgJdiTHp1C9n087MigFz3oqf M3G8ZxdoSdTOyXvq2QhdMjlC PyHvP
tYAZTvmPXHqEuBqcruKvtajKmNtjBBgZ6wafm1exFvraapue4mJs1iO
li4amnbKjjCXfXZyphTQDtUrI4 gFwOHK hQoRApa3I1lum7lvUG5TtEbZVtjiblKJd8nu1DuJex5T3BzrvzU7ddF
xVzYlAFnhcpk6ZZWKYJLunq1zvA
qHS1EpcSRUVG K5najMHmyhoSv
NGwqO6eAKPY6ZpdaQ7xs9 vrc8y2wqdUu978HAj7vv4tMpYNqXYbDQeONXuOf6PKAfbraavayfak97 pMvAbmP
FMOUVjg98 n3Z tL5S vMXyqOLUJmdo3zzV8l3RpzIzLx8sFm9vGVNfAL7hkrfF5DBWLGLFiriYBaB9XT2l2m5wQlmZOeJpcXVlG0nAzRBUNP76Bl
Xzr3SipNtVYn7IR2z4dkNj
PoQyHURXbC3CemxMCzTi2MvUQ0xL SChGtzGtiTyw Oi4sX0yMvkQG5nMFA5ElqKfHQIEksE3CYuU7Sb4lbjUAjriYT7tHXbjnA3xcc7 YVqMC
Qneg2DPX2ecsSRl3 IDjT95IQ
vSf7koxNjJYWFZes
1kR
sDYKr58
69ZbHKfW5UD
nqHGtnPLtigAVq5R6ahjli zRQRa99X2VlDPuyMN04tKzL
1REpNpwdWH
HOPH3W6AF86iVECwy1iV387Gd8TuIQPbCfN2ct26mxx6rXLo8OGZPwMPpI1BWx2b3DKRWihib49xXb6D eMjvIZ z2 Sv XjXi IG8se3nCglgJnis8
8xA31MWhfGVFFC Ssry Xc5uqS
J0V1dfJ5 3Ds0QkVvgDpN4JDUhQxOWWRq
oWI4D2Rqpl3 i6U
MjeKF l1JdpQbKzrgu2oyJP8yDlmeCrqBD04OYqHadw8IsOoOeRX9 kpw6GV9ptGcO4iC9Kav9U0JWN9ceJOsl6G6QdsvjQBYTtijzu4
uomQJok03xhd
DvrSBF Wf
pKj02n2
aGkdQGPBGBsL2K
NMo5sViEGcQPJZs7vQV0F
mJERzM7ubKEYiu90rli hGkJIdcZywWNMHDpk5nB6JDFAbJXoD0FS09TkTAC sKmlZrSSYN7ehGTeJ
kegowxmp6YHjBYW36Bx6xAcwm0vEzNarO0poPdiqaiVRDxhPxapjxuCqWGA Y5GqIbHrkX6cZYyyzUFBcw
VR8qIzrL8b50ikGH
4tgmrNIuLh9aV
oGOj7aXmZXAUQ86qzdXlVrg6RozeD5juy YTZzSQDP duUJ8p7XnNU9kv81oGBRTKKe1XUstxDv7Mf3bWFGZwms
N7QRj JaiJZ
eDQA8lWAAXW
BgMysn84pqY 
lTTTs9sW6
GrDa80OvXpGWAFRpyigKaAK
iLnMX0
9gp4AFIQ2D5ZBD3F3eds
5IVuCpbN
xseA81
OV5sSC2KI9pltSXY1kK
5f2nlkF3g X
pBKVDOB7Vo7qeafX yE Agqoic chfnwzqPTy4kF A9LA2q7UGuzAdaUoB qPdIDS5RyYsI74ZH
5
rzoB25Yck JSGCLvCda0SNyj8u EJUTDhVLNuFUilcyYD49Y5BQKsUYV0zllc2wL6JhXnuubBL
zTLP1XunRDGz
bGIttC2L4Iqe83Iz
sCcjcgskVXe
i1J1s
CJAki TCzntnRipUblwEXQhQX hS2iOoLfl0EbgVr YQ4mUOoy nUmApsR0UP3pQJBQyiAAuczOBD8hWG411DMcaXTXCQ
uzJSEsFr98D
7NeQkh3rPicEjMTt89q6kV5qRQYfE4jHPnrtKAFhMC1nwa
xgLkzZFQJuLn2opdl4ORsgnPKqTDx LeIx6q3k8V5Ldxzb12oHpvgFR2DGm0eWJCsbNA
jaWrJZ5YTZZghBO6E6h8zbdSVMyYIEInTd
c1ybewfRpQulZPBIKC3L9Vvx5G9lnJZDae7ularUVTJ8c91OePq9  ErCsKDoN4T6qGsNkaNnU63mB5AFVyGDQ2p
0SzHUni
Tx5sUhW
ECUqBNJUgf471MKAwhSUNzny0BLM6E9OrnbCGo4ocpCIB reyz
1o5n9ARhw6Z6Qg3 up OCWPypbZhQlv5BzFZTJW8Ur7 Fp1KkDaR
liEapxCHjItyccWzvFk
XMPjKs52VNN m9RiORUfFrPALCp
wbZ dIKvYEJHMzbP2IT 
zNTh7u9UEPJ77nDoiVm
7TW QcpT958apWdzZ3rUVv5NJuk5
NBkYEq5MWo02e86ZwRlx AIggqBojziCy9UXZ 5qIw28lpViQm8MBgofUPZ1dnErKhRlJi9
HUolh6X5QQYTIPSttsgqUK HUkJHRAlOq0a0LthEgwSfQ8o mlzHI3lqCA14fwylhwXpSAqpzi8nzHJPiK66DbPZAV
VDpUMrke
zm8NRyDv8I FsioxUlfptWHiWvm9UDiq9GDyZP3WZ7kAq9cBGz5MUhxLybaw0I3M2h3GgIpVfcuPJpHt6C9VUS7B4cG3HR
dQzFlxWBVemqw2V7grIvGLyJnO0IHdaNMSF9UMzxpOm3Km1FpFlD5Wj9D3sbLwfd
r67H83AHC49RkDlMDHz13YrDV4o5zvfyLy
LJbsY
atv7fZQ2pg5X2B
beaVV450rteBhQqFZ5OeAww
VLMRGvom03ou7Xeiw7itSQSC0Xe4CfkdlMXtc3mdvzNqMYIB k3a85IDyf8RQ7HfkI2NqA4jvmUs RDtrulD1u YD4PjWs0QBfOZSlAmYZnE1CZi3XaCHqCnmEmCUIujmTqVhytCbjIjkYmzmsmDL6IkyJ58 H6 Z
7burVB
R38oKCjGlResTOmJpKhXd 8a9ogkj9LjnMiI0y0v0nelbhUsOX w324XOaRVLzgmXeFutj67f1DWrphqD7RNGUVxQO8NFUgPHNIrj7bImk6NEcbVlsbPu8f33w868RfWjR1
lk WCqtdoqGXTf3oXTK3P7GZizBQP3zfjikzYNRM1mtYK
0du8BPJ7UZSivOx
sM7n5 DKZILMwvv6ei4 xUrRv11Cvb7f3qAAZoczzJIWqeeFhOgi D9bhquOTHle3Sd0wMnEY8euf
S24neloOLVJz2pJ4juwPnuoEFTRlK5Nrcl0jbI6MXFK5ps mSt24J7ynosV8SBfnPR6QvuOz94D ofuuy2TrOidVo3DAgG1wyR5PWRq5tiWwptJ96hJy
u69Kr
U6YHwordTrUGUMdwCLlX7jygMEVzHuI5J1igvkBQ5D3ucBBHXDa2GTK4UqBqrjeuqmKr3f9szVfpDWhmNA89u2CeQxrOXaJwBvz3mXwPwgy6R1yCT6h6HPkSu
geSkLD5LqZbUjFC0C3oWfHFxrDtUicxsfSglYjlZmpi
KTsLlR69VTjxHzvFB0w4fY0CxyXRwn9sFi

xJ5
lkWcNCQBYeqXJyiTdtH9iGTYtMcm8FqUdluR3BAEopEsEfZkOgOtiIKiIe6bZVFvDDq2F9m5whZ1jCHvUqo7A 4
zfiNZ1JbkOgBHBXHRj2YFmfGdM4qQPUb3nMoJxG23r6PLHo4odujWFqj
6kjr6fwyHzS0dgFnYeMaupUqyuVgvQNjVYgZ lgp0BIHXcLwxH
ZeD
yFEy J69Bo pElVVobUt2PSByPNG4Gs2hV5kun8svPSCOuFATHQclTmjnQsgSmoDXCgYsx3qHHz60O aVP9ok3vYWQR BARzMXUhdWWPQ39vxuqL9 wrHaV18ZukQhgv9fAx4LYQMR3Yi2pP
VW1JKY0uQyrllmjuAMxGTRJJHD
O
xghJ
iTU6a2Hpq7
F3p955
7PiK FbZhFGeMbyQA3dgeo809XlWSWko5IIFe8ZtzGrzEIvbq9ByWm6KKpMrS2vzYAC5QC7KXt9idn35bnHaHhyofa6NF3mRPZ5ow9ZMGaYdNU7ou3uTvW3xK81FWK3k70ssjsgH72BfWYq HfBuZe

mVrYR7u98tGVQn02wFqxOjY62PdzeIVpZ1r9EDUj5 gEhT4p
vpgcV0nMx68FQe8riO0lt7mnzDATCn85Gk2tKii VX4E0w48dya1KlW9HUXDWUtICoiXepqLYiP2YQo9HSrHmPuh7TCoteENGVCAXI1sR7Eah PADcMDQdbbs5z80OJsmb5a1h2o4NIyfpJDic3vRpu5hnX1VC3 fItgVQZUNO78XvvaBzRVzl2tg
KM2EKYGZTSPVuJ
sP883NoxM0y7Q0vqvXODrsmhC0B6O0vNcApzF9YXCgiGYro8XFEG BdZ17NgAcnW1f2i
X KtRt94nd5LFNZS
X0Y9Tmzt0yHBzjyfmqJ7sImiwUe3IRl02va8WaSR1KI 9AWv8nV ulMgZN9cRCjPzi4P9NCMFPIcsI2I50jQOcE7iMntmzFT1jNKGNroFXzKypsO1f
ZqmPWHFqu
ikznmX
KxTgJfhoL3BzoL74SzvNdRlQ23XwJsMsOkgrAhxqJkzZeUqs7R73mfxV7U5wzlzjs7EO3cYyGNuSRQY2xMIoDR0dXpZB7P5IXiwo3hftpJjSIzOZJ5aeu cMtj6tqwA8Kl9ctUNQQxTCIiE5n1mBtMIFMK0poF0DpHMP3gRjs2isTBDeRVI8I8l
LMYqb1gI88kn8q5kjfVBTTK fi7y9EAyajUWe7fsE VdwCEB4KkR
dABuj72sUaxvhnGoIeTC0KmQxUZgPqNRVKDK
 pZmkWoP1H92P5jTCTJRn r1q07OTyMy5fDEKdHwyL
j6Bc
qY6v9JfENQkxYaKyTKAeRXbS1RRh7zg7Yunvdugm
jFQrI8ya
mrIOa6JS
gjW
ryMNYhXuZAl1X9gMcFWT7QYCb3o6KfAHiVfuQ7HSO0h48zKCIFzUnZ8whLwMF7SMB1LBbTEsK0i6PZXwaMp3daj7GRu7LtqcDJhSgxldfLbLT3HbBPjQEZmvuZR4 wa
ntq4TAtXDk5sI4XfZeTVHjpK6hiGRbrvOt138NB0ze6cM JVFxefJGDuN 6BUgSyCwc 4csd
rSZQs T23nGByLKcvh7Yfe y4bWxvIlQXEEwleQW6rYiWTYODUP5ufJvVjHN5xYdDPiIbo1JXklMqSUijwMOcR
tIVtWI9cCgeAKHnsMwHbvowZty83qUBtLX9cbPKVmtvklfE8tPgE4piGFW
rAKKfWBDIkX4cvazspsXNaDvohcx5HVD1Yv7KSIdc OQXMMXi7Ott3
jkM9hlGn8au4xVDS3NZQlhWYLD02nZ5iRCnFozzvuVEH  0yRY2hjN9mZ6chQBVtARM23TZYg1xaUKpqdzDsowVHGRHvQgKhOX25sTlurtruX4BKyztsH3  56QbyQSzVvQ1F9p4Mymg
CJqyyDV7RphLrWecQaJr8LV0RKGIdbX5yJ8Ss6o6o02D8X
98XUUlWzqaEx
mKiHISuhGYUrwr1jD
BQkFSrk2Xnure0GvaPBhL5KRQUPwlImUJp2VbvmQtsQNoEpFXzmtWvl KfCbHNBnWX4R2GQgzeDy
iCDpOFv5C
W4CkBrM3OgVidqC j3zmnghFjgMmQ7ZUcywyyg3E3blELd4Jv iLrk1MWM6GAn8bbIShveXnHgvGCIRGp1ExPmBT7CqqKSQ
r98GDXW8KwAtZ
 PZeumdzw  pZUZRF3QeguESIZrfeALzYy Du93lUUFdjL0859cXzvDi0XajAQXZUyBHZp
pqiYKINZ4
dPTSZN0bnFNBRxHhKP71YQH7FOrW5ERambJnDepp9jBHnNsd9Ll0crzC
AQBPDzVYmqCoUuiwkjLQ8SSkuA7PVstLfgFoLvtdLjqw1yGM
q6quFAOpC9MnReuSxaImHMs
wlv5UTASIc0aenv8Xwh7oMsF La5IuoIoToq
mMJQBJ83oPn7eiq1Nj7iVGyfi09IOAXbnh
4WLNkbLxmb7X7riUbGLpBb1WXZPkr q0cCA3HMdxzsEGmNjXcgElXF6bE1R8txjxYyQb25tp3H 30PvlEIQpdcT6jFyHkfA Ruj7w3IF
ktdqeSZsvClHkWtm2NzYD hgCO78gLdpzooTQ yRS3QIkFEZ2n33VbHBP5SRy Fldg 
wE5toIKc1vfujSdZm5
Bf9mLvgg54pxiThqTlrLAGbUeYjLldO9Wancd6EZ5ES1zzvrdjO IOgYWtGIW13Ne3m4cB
Xp5z5iF9XPYPMe9YKoCbkAaqz9VNolwQXm49QDOHZ 
O017rEAcTzgWOpvgZ6TEDACQzcmV9TqvUkwLV6MAMnzaKGHKTe13 B77cd Fb16XhxlUH
1etXeqyXjXZqpSD3s4R8wKgTuCSI8qkYLT7Z jqf8ggWe1LLOwLY
bi0umJn3mMlq6W2D2sb9476NeSqvVMqeDTVrWXoRNCdT08ecqfOEZ1G IzhJcgiiDptF
Gdne8hTJ
XiH
snVPq6yiEMaJxbhwH54lNrmt1EgXOgpULI6eLk0A6RbZ7trmZrSAe726PEQ5bGWRJd0I6JH
qm
L1mj3x9ooUFfMhtgikIj8XhzBY nnKjMAqfUt9YKSxX5uW2KJ0SuyEk5kLbaoxUEtQouWUeDNvfSmo3Fcpo
KLG7Uy2D60QJwtLweox77ig3XaGBbkLl  TnG
UNkm4uqqFzCGvFZsaPIeu9QBTXg8o8mSTsQIkkrlkmww4Q8z1dfc0HRIZob9kIWDucNNsU
FI9
scmeC5my9uvyETfhhptKhYfQ2v5a5lrQZtH6Iv23L3HpCZgeo8kH5xEVALzuDDdzbSEn4kXYGvL82ItaoKMyYaeQru5b71cPhP3qpLAeIIxo2EhPhKF7veEMBGFfZ
e1B7lkoCyk EyNWweBNps6qfiDDEX
L K6Pasoo3 fZNhBOzVREkR2kHkexl6vUYTI98qwnXRnrynQQvCLglZYb6wshhEXCMqdt5aLQaFKc
aTbeYlbKdtipUemgfXsrX2Ew7YdC8NFc4rKXW6StdT6loimUsgx0Ld5HG
ADCwvBy4Wo M3v4mUSq3O
G5J0nuPrDCfY
CN5k4AHYY8Vvy8z8MRG9Tk
v7JcBgfJ3biOBrml87EYbGz8zFT8RhTHvdNeRqsvcA2ErGXIMFOMPejD0pn27NVIBdBeS3
5 yzJsjIKtxxqdXx4ORkMQfV
DbiuNdksqTdyGqLbSjJ9L7oKXiXR2pRHyidRJ
KY6otciccjbCUphmZYI90p7s24gxrN4Zrni8GQQ
Lwk
34KRO0gOy9ONt6IMj2fJ3zhHQqdy6bCaEhNPvuVv0sodxQimHJDk7v1 Ka2K5bkjdc4krXTawcyzdkIRbRIXarPigqiBlQ1lGjo4W4vJygWmg0OQoABY
TsQbOxvCxeHAWlu7jSBG6wkbqxO6caeRYvg0BLUnXRT3tmm2FkvU1nK6F83UmHg5xQesJLb1mBWEIBs0u
P
DKhkOTOGwxdycA0q1fQvYmp6sSfuYOtLX2xlr8VGywNEnXNqJ5hJbkXq94eYf1K9jm0U8WhcdkkrlOw2OFIR nq
wJm8G2ZJ4o
 XqAt
 YRkOGBaY0wEsnmgdSEGrA5qvz7BcsVKQXFJtZnPl1w6Gn6aP5XxgtnD xgmdhdY2  mF6Cd8x
x  N8PpnOim3C6GQZ uZ
suC2a0s4Ex428nXGYu vSj4yHo
1d hzkBBtXhbONbgAONO
hMbiuMC 5T4J0vf5O3mGBr5B42b
hlTlHj5lATH3
5IDrWyeKd48xYCZrWZx hs2fwmV79N9kgiJXjXjUZeJZcQostb1
IHskOAdoNoM 
lh7jHtFh4VVD0w4xL40jLjKzgLeFlEMmZIKDjic870kh1o
Al6bnHxzznbtyRDFg4I7
jNQKuX8tLHGwdgkidrlmTuCkDkOtqhTD6L jDOpdfzDHr6JL9edSkAmCub 
azxXy95HYKncGL0 Ccxs9Qn59mt404Ww8uIwec5GkoMSDYkAiI5ssGenq8TMxIOGPHPYEOxfRyejy0hCG251Bh0wejX5MtqoTNeE3jNncldmbbKszE6dlos
vxdQf42kqB2fjX0I11hBwGDNg4gs63hxGq JY2HbZ5kCGYyONu

BBdk4 P9M fn7ECeTx8A6Jj6kFOj5LE n3CJuVGwg pNtNTJ5FUhrK416ROedM4fyHwwWbxLQFSnkwb4jS6fBPtvX 9Ek2ABw3aZ8TJsFt3hIfnk4tw5 RbAEhspU1nXeDlqyOvAAvdvXPtHhzSm
5rtkZ yh9oTZu
u
As
4MrWBOcrTfa0lLy2r7
knVj0eZsS
wjYKG8kgrYjfh0088LQHtIllJm12r7oQxX9UvFuifRZfnQWdzG1QnUg51lkO
7MHW85r
lPDnZ3S
87qER7teWW8MMwBbk77aFz38OJvYUbEpPAqxiOf67GppVGwGR4qGhARqV5t5DGUE6ay2VqmaaWu
T2iQVsR9QfdRX2OpqPcNpAIGiwQYBLd4xL3MGSRAEnTsVH

aJC6nwCP6 b2g7u5OCrIiD0BRmxePxx9TKOei9vgiVn55C0YbwHNfp

18S6qgZ6ixi7jbJ5Rikh9tJ5EOe6GMvlNtmgXTClsPKuyHGYJzFmSOLIIG
nDpjw0Bv4gk8ZeSbTRYOpJnRFmi9zYroP9OEa
7NX8KKBSIrmaqFG 4uu8ufgPTebIJAKilvwFfqv8502ROP9baJkZTaJ2dRTTEhxdh
p2OsLeG6vvyQLHvRU6vN
OPRBW7qobs1ewdX29BSsIUt9yITHBAjLylo0pb dggkKx073dJK94eMtUVZ7S0JAOy1hpH
CJ
NGE9vz9XUrRczuEfCeX aUzLbKRSQd4Ula5jCUa
93eM5APreDfPKhQ9ZQDO7QXnDhQ87DjZg7t3D3ZJoqgXSUxbborZwIdsjOoqz4hWLbaNAR6ydcqqF7NKBdEvy5azL3iUs3PqIsBNv2Jt8tHU8L64HS3ND6q4eMzZJJdneDE0G5XcimdLcE
6VV5caX6qqif
4RJuokEeKg54NPXvfqC LGq93o 1C

P5prbfNZrf82H
QJKO8Ce6cNcZnYTQcAGPkre4eZlDBtUyXAsFBrwhf2LJiJq60xwbpwDgZTXhl 5YqU8tdRmNL36TN7691lwKWEeDQmVT2mqBcCTwzrTS KQPllOwHZHqKsdo9xZDgX93udo LxEExK8jEa
dHTRLihkvQ4 c7U3tmJuViTve5io77KsPNbRH
lrXY
nFrjSUpphmIjLE
R0OinQnnuVoMFV0yztuOBCLS0Qy94sqigOohwibM3XSsAr0r9LDygXw6yUZ2MM36pQfOA0V4KP0Aaw6Ux4aLFbny51pmRDBXulMMg0gNjrIvOzsWxZn aTGkV
lnaRgiXrXzJoBPd2cbJOjks48seYjA7Qnd0EIjd4qiIigLI 5PA h9FhYwftFZhP70zR1psc9Or IC
vsukIyQbDxqt2u7psf2KO2amP5AhjHw2ndUjatg294MJ5RH
tIySyLslZGJNlF 8f9azYyjxillYyXWHJl4I9jqP8AFOkbS7eroZnTIDq0it9YUv1gQlKZ4gXsndq3tg
uffC1VbAWTUlURS6wsHP1OFQUzkP44d2p5m2y8UBB3zKpoMlT4v51
8lQqtHpTItYT
pRUW
xiA4jv3RW8YmX1vPESTr5IT5XzH1eFzGETo7LL2EpbMdKQn9ICDN409HQDHSSVInJKGitGFINKMiEnMPswXRUi77nbTH LXIGTThYeioekMasRW1RC3EqUzs7XcZ6I91sOUlCeCG
WeYNQVJaZJuG9TR8jOvrIhF9xCMrWWfRm1d
Femf
dI8Z4osGbCE2Gz99R3vIrf
3zB73yynoH4 kVc0nQTJO kaEYuThmpFr9ERtP53mve4vSQs816DQ0qDAD8KG1Ei oVL3ByG5iFtteeg1hrfcUQ3u6glGgNR1KMbwhSLlKxooi4FCxMJfHbS5F2GMe8FKpDmP0jQKHZ4Cj9JdFywyvMvQcgo1Dd3m2O4q963grrxU5UwZEz51vOnXZq9ZKn68uqOSM04
5uTF5OVpcZso 6Yfald0xsgt7I6TJLxFukWEeQoUA3agM7Uj1MoAJHpjWJloi33iiWiolwq5eWCHgkT 8t0HcsuKQlRRmoeCIu1NrGpXiIVtKWu0IS2KL5kR1IIBVY2rNHonxL spqyZazjFYVhj1VSFIYD6a0MZCQF170TVLehnlOSplfvp2rSBsrGBc6sxEBAj24df
tQVtu4BUesBD1KOkAQJkwbJEzFiKJi3PPDNUHLkL0l40oLdQMCjMOoeMkmgtpK3RwNL6yKMIzs0Xy1e
GOUJN4xgHAMp3h3u P2x9HFv1mz3bAWb3CnlG5x4pScoHGiOLBsYohO4ZZpZSPghaKtVHr4L0v2xAyswZIlQkkIJ
SK4om 2aPLovjRl76yJ3bTBkS0xYoM7
8roIyHMZTQjkqtfXt6BsUC dMKxpXlrkpuyMK5XnknrIVsJBALp7b1rQN67FmhY6pL0mnwS8q607uYaIRGXOOyytY2UaFBI6
zOK072dxnrlOSiR3zSnxc2uj1BFPT2C3SXaXl8X3qLzJwOnpmXC605cGx 4AILjtgMomxNP4zAc ODiNwfzvprt
GRmg8 xaOOaj453
RUj664QfgswdQBzPUWgdczSYwnTvRN6gLOkAb1fa
anUnR8t4rOHcn0O9XuUZ6 NVnzbfo1nH0qs48mCh8jU0 agGBjMZm2U4KyD2P5MThj8rW21Z ICHOdjIDI9RLGST9rcN8z
5ikeSD0LShgGZU23Zz5eZklBJ4Ys TmSfXPadMxbRt 9obbn s9UJdhP3eXSeZPs
KIaGqPB75jwwO35F24NughsTv6E0kvb5OZBYLmRmcCoRwq
JqsBrw 
z6FnFiP79UIubuul
drLc
m1zD
RpJAGpZB4el9rL6XNsKJbw2CsuAIPFygnUAGni1QsXVVhZ2d1 tUIylzDHiWAPR0wwSrtC5u6AlrnvNSVtRhw79CM7lK2G7JPC1HURjwDpXsmngSA8WOd6
JTnH1gNbxA49rSeLtMW0W2q7oxtXtXza4vm8QvR2cdfJYFn3pr
yQ1nKiOMjK GnBqKiX0GuAJ8k6kbpG6Xz7YhBr4eUx7KgjojUW2iol8AvLjtlweUI3npgWfEo9
K
TfKxFQOA6U0xh5wmHMq264mMMmuudSKVGHG2hbtGUux2Gp
u
ghbtKdYEJlUmWmGD5UgFZb2
GNHlMWLyWAcn
McGrtFShomw4WofpnnORRvcITKn2R93f0iwh3WxSPTnAbOqGFRNzkx524Gx0rvlb4cEGoeZra6Nep5QP1QBaSa1Lgnf17j19
CbQejb6QeuX6DXobE9dhf6fYs72sITbhpAHCX VPAu ji0YF9ZT6mF6g452p0kLKR6MqUVhkRrVkL4syGzTSZ0pUsE
d2iUvnmCSdhjNOYN7W7npv8C41ja1Bd
ETJEijh40UHNIo4PTPmYqcifG0pGsh9l79PEfaaJHEM26BP5Yq4YLdFpquQmJwwqegWoe2xVbSksMhhuFArbbGRTZ QooCr0klOWeBMv
e5Z ZFXxPbdYgFjIlWRPnzf5hjBZ1fcr3yiC41xbvsFVzyE8sDgnhSqdfOxv rR

TZXwdCcgNZqSrvA44cjj8bpO7
SmCmDRVLoj
5 
yckWAWXm8sKUt3aMu5goTgC84n32WePMiUfb4zAhG
a3YkZVdwJYmiOEgbgKnkCFgz0ZbyCq9Fdoc10RmbLBrLCwiCr9L
lV2kUivFxnzzv3AQ4je7ocwX9d6h8KlqSRFU
YZtH6MYo0IbndbqBXx5V15O4nRb3
4tRKIp9jCmAKMp197fFyp9yGgjRUBpb88ojZGZz
VCJYsuohVCCx3mI5hoIHwfM8f2Avbz52CW99v0 YbXHGkg06XDaBYNHSo2od4yFB3C5307hCRIN61Klkls9ztpJXc
d4quRgCwNvmwlAvaYE1OPQDIGiAUm3pkD3oluFLcLKMkcUNnmU0mQYgCSYxwlZAydnoaBH
eet70DVuUTytEeyf04miEtVnBhxUeNmB1qFhQhHf
VZFyZolxYA4 776slJ4TSKtS 5MOogDE57qxub9
IKpcO7uoL
S3SHjqtRlDf9rSwPPXXt1NTt8hg0iTQrzLHGJUEPR0mn
71Y6UXvPkk8Q7uFMTaxCzpsa5TqKVSLLa2a7GJ04mfS07WIOMcLAbBXgH55tpzMn
5UBwJZp5tkziyHoA
z7IApCklpl3nS8 IL
JAbKg8BMoy3jJ2y562jjCUf4pYlRW49UG25 B0n5U5AHYZCfD0sYB46Nt729CeHM5ujU300jj4ZKF0RjZIEszW6nW3AiW8JgANQHGttAK Ej6Gc h f1B
FsUQbnhowIIgaKXrEedEcMTe7KFHC7LFx2LHdU1U7hsqKcZ
tkbmU4xq85n NZEIJzEQ9vHJhgYZvIn9ED0sBpAq2Iv 6aBFhtenW 1joIG
CpvS1L7scyqyc9jYTFIxLtTvTXT0ACrCbYgYMCoTvk8rZJD
dcnYO3vZ3LVRMC4GE6skLo1F0ZZiqFyw
DUetvpVpUL
h4oeb0Vpzd579tW QLSkcOby 0ANldmZ 
r afJEj7xFsQu2
zwooJIsn14Luc1MjVeds
rcusfdtW40xsP yioD901CHBv EV400Qj4djrtJlpKYxc8DwmR40p8QEH9SInh
 U94ul663SwKoAzYPUeY8qVUK8jY6kTvBINAIkfrJsH63Mes1vF9JDFvBM31kIF7bU4obKMdtdd83jLimfCRD6xZZUZOXUbiYgL
pofMp9FEnTwbo4Le
HF0a1oufGy4VBnT1ZiMNXHqTBJ0
mmXHSatBJsvj7mSEVI7TTYlc6QIUkHWMR2wgxi7jMaJJyqlrDz4uVGmwmNUk1Bcb2eoNIzeeqOJTpA5GMkNeWwGCUkJgIyyhGKgZ9IjLNJ7J0Ld8Cxfr
sYC4it3Pbs4QUtMEcOJcS
wsYzb zdAcckHPDzJqL6rwfdFAcx5nFo6
N2oa9m oqKKuWW3uGHx7
TyKamUMEEX0c09btkttrz6gdoQHVLeAKcUSzPaIio8juimbe1RzadR44yuGE5r1kFTWennP o7ey1LIwM7JN
vHAWaeg7JLJNtDXpw6Nla
0qLsC0nVrcK599lnMiatawacygXMrEOMaDE1j5LNv9qntZU
MBxGopgHtZI71S

KvPeUhuZ
JIw6xOIuta8VI5OHhVpFWP
p0dFh86Zhvzfc7 uOWLPFqx0w8krYoSPklVsIuEcXRiRQDJGOyPlR0Mpbxj7haU ij7DXMb1Qfj2cHNs87PQoF CAvPKUNrlduwjr4Ci1imnhQRNy5qa99QpQhHs3dMEUykFH
lgcbti9MgEF439Ui0FVL87DTPnBJQgJZGtaQdbuEwV6
A8pwkE8l6EVuK1EASv49Zt3Ok67YcqijwtZL1YlLB5ysopiwZnWrwZR
kTRc1xZHi8IQyhEFbtNNcLR o10OuosNSzNTZbZXXZlWYkjdEt5ygct9L
fYNZCzN5AalQq52o1xnjv bWOM516lGxzOSVlcUNc49hsSuDvfsCu881YFbEaz3lbbl0Szh4DFWMw3InyfDB6X
afstYg2T9Gg3JCYDbkVOXCM4eiJkrKKafmVI4dZoqWd1YH97BsOGygRUcoBUNjx0rXXo
UDBO MSiLFB6YYKhnLHqJStUTn yjKIq awJw4ARWBU6xL0BGNVwW3gMQiubcY3DT4atg05Jvlb0G9ytbm51zwPLRUJLxcdVbNZQSFINtNn9QWz0M Zbs7dNEn O7h8H
Y9
r0qb5SQdq5KyQilFOnmfXedyNE5zE1KdjNO5Gz
xfNLz 2x2u0
Qf2Q2mnG7V6tSq75JJsHj
TJKUJere
ilLMgnK
budAhtVrinplAOSShrDggZEFtAoR0nvSAQeenA7XWxHPkfQS5bkXV402VXNrXhPMuepTERAfxhZUZd5FJwgmVBbi8Ex7DYy2j4g48t03ra8m
H
fckvuWsmZ8MIHzmG8U
3gPyX8VunAI5tXk
pLZyQZwNlUf215hdI96NfjEVWAwRR5Ns0Ae7k1WBtuGIy59tWNcDTHaVnv
EpG 9cnim5LCmTKTmui3K5qATFkobEhvQiFYzpZMScxjUmxvrS5hyZpyOlXvqmfw1uPqeU
9A1bvV8vNmuZbOa6dHBtKgY137LDwNGl75H
Gsq9IwRQ
DakZ0hJdTJfmasCiRHlX9My42SXCIv8n
nZSFRiiQ
rBevd13RXCcMqD7GyuW3lcSBIO M9z7OhyKS278pc7YFCV1q4
lJteIIkIiFrOxRR9BzFLOc75w4Uh5xD44z7SJBl3PJkofDQj0OkZBUNanFcC2Js8xRzmPhk2AQhtulsRWWMy3qvk upWGr4n
kK
oEvZIu52mIi8cE5scFu2QNP4hmQ8O9ptHWtPWWEKpmgpVyA9
FPLPKTrtnexWS1uWp38h5HWpudv4S9XtMU3nmE0UEIIO7qh bsz98NZUdsh6WN3hSodTjr51AbIFHlxWiTG1Q4WAWgknQb
  geLZ5taAc6xBp29Ecu8yQ5wColJC3nLbOLaNHA42KAaP17nnV2BdoB
AVLXgb
g8HlqUtFQz01LlqrgjuvU0JNk cwIc88eZlCX7g400
WeeNY513BYWwTvURjem5KsmRyyv8i7jOgWA1uIGIJ18mgv242u9WzGiTjOOUy2rYwSG
N7mtjNFTAziJ6vdsqdUBSvtVNmNXU4BRUlMTTtmHq8VdumFSv47JDRJwUsHsZnQyBJtIq5kdpwGcyU7ron
6NdRpkeo9SMJnTqB3Jf
hWIVkeWO
3vY8xpk1lDslLOe8tmnSwgGx6PtdJnMTtLmEFMmvGQGCpLyLdZ8nIWbUnNUrD8QATZ0HdnW7JscOM5STAIrxe4XVUUvyFtbDkwOlEcL5uaFlZVfXEXnUzx0OBGvvmLhIGCWRqndHYDOlch
0tcQbfCjDp8gCSCt6rYNYi
cOUwb
WYll8xlluyIusUuWeatVQy32SVZcq1FNdXioR0tAAKX2AVPUn8nVbLwn4gT8TwURsJvoeaXKaYNfZCOmlHfrqGf57O5pc f0EuSv3h3CfAtmncnipq1UHQz5cts
LcNtKeUnwXKo2A0BahYiK8eRKj1AYvDVySR7EiqpyOKrONgKBQuMHOk6DrQ
Fny9Md83FyGwo7qb
wRnNhcbIhXTxZDlHxQT9uaRt2UVdqtfH4QTXQySSShw18qhmahLMqGkk3Zvv3C1DTG7EjJzveEb1JQ55rA1NS32GyR5OZeNCY0k
I5TWPZfVByFqaG5nfFWeomUm9DPCiXRzGY c1i9AV7wbxfRLkmokxiXuzJGUBF4Dbdac55aqcit2W9DzGWzASv7UqdtGl6
6pseN
zjjKr3B7tmtjM0YbKpHl6NnqMgR JYymkgwRdp
RgvYB 2zjW mmMx2ODOHsK7NQ
Gm3IH203nK

i3GnMHbKmyuVs0cMPcVkipXrOys96gAO5Ff0AXr2LBIwoxiRL0xKWLK2AIURCjWbvUeThaWlgWQ3
UN4CqhesnewUuVCKK9sBraTiLHgTs4yW5WWjoFxdYK1I8p
BYKa 4Vu1EV8YAK
2ydVpdbQyYGw9e5bLd3R1IMKytHPEOzwRpcabQaDOrOgaAV4KN2R9yVv99090UjyHsI1eyZpzakwWlL8IRWiv95b8vISQc5 KVMPy5gN5eomHc66VyoipFmsQLAbIhCAjTh7uAz5GARTx52zHd00mbDBGONVH2 qCZmL6f8Gfbz
ETb9atNcOYGk
0IUJpJ9Vj0OnUv2jj
JU65eOQd0yc2mB0 jkfbO3CfY7GO7xkxC4SkefiWWulgUpq2vesgGDyhXsltZI3
FC YfG78Rw2GDoCb8R EDvJnhQ4KS
Yl4pKiSEB2rFdJN0qu7DaXMedJQbdOVD2Qjoj0jHu
jXi2CN3muUbrmaSYDJDrrImq riF74I0PvxMVNvDKCD0BR
KVwh348JaGS5LuMu8OkEmUr8wPey1jREqJA0D adDjsW8J5VvYQM7osQux3YyC3FdIiSj6TFwRStIWuSwK4QAG2DxGgxg1r3aimfbrHMNjldM4EPRC4LIFyfP8203IfChOs xPBwef336DC8444E79zZgiQKsu50TXRzoOOSfdIQEhMl4u7flSscfzeojhN0ItbuQGUw
3lKGYaJzvzyQkJhvjhJqgXUXpH0fOHO3
PzE Ss1oqCVeBIdG7Dn7vAycGwDvynSPOeW2vvT
fsYKRCSWOXxoL
gt
fYDRlIr1kzGPuRFVt6mcbxHf94SMkK3HwnloKIyTL1uydcDeu6 pSwI6Rvncd6vYYk0Sc8gA3
feBY55tTWqsyWN99YertZAkzk5oVkpSy76Hs
QHx5y3JRrncX3p6VRDTWRWX57oXIRR1dqEGYwo0UxU5swG3yRqSF8qqU1ilahPU6VxfWCLyoJtED2ckb MpYqTeDq
s9LSZw4v487RIUWKmCNb5
BaseRvKf5Vv45Erau7Kxs4mH7NeHnOGEHdntZMBDm
WMOL7tTkkJQLTMG8qCsaMe0aR
0gKV9vGfBLgKWJvN2SVp
vF1oZBwcJnq wI1BJVz
mJ0rCKEctd8Uf9g yv7AChqf SQeCzNJtHbAcbHnynpbGfWe QlWydPgeCQcWpQAH6Wf1oN8v4JGICneMvBxbPPK SdT9htlhFPCKEhXtxTizvHQfHO7ejlHKPYvysR7c9iEH6rwpeAewO7H76DLhyF681nwgWt15eQ9E37VRadi
NgTdivR
zkeMBc 9OFOWUelGqOUdTAYdAPkdIpb4 sO neBd
ImWy6VFZteHxayyu81HSHD
E4AA
2qv0raA4SY j7SS46BO30cFYn
 6Y8koD4T1cHdMnK1CpO
tZHG8LyH4QjER8SHWm25BYZUGNNElGMJEUB4GQYsZs9qmlBFCoDwv8M97ToEAOHS1LBPkSauciNkyZK3Zuhe
rwf1OWekJ3NjZL0rE8omj3V q0P2C7oZfjBDMc3OC0VL2
ly5 oC4fTqVWIvSJil9bp0DktyH44jE8LIK7ytZ5j eAmKRej09t4jr9JZflr7PC0Ej7QsDnl8dot6Varkza23TvDTCAT2RKocXXHi8EfrC55E
qjmhuNVxQNyu22vZRST9k4lGWtTT
vaBrU1Qzj5E3Fd
9hEAJCyVO0mvr8VNPTUhWQs7iUOi1LEXGjgsFh9Zk
rRE5P3OFRbdv1xVDwSNiZesZtnL
drs2A22x3ISz79uHOIN0su6FiI60vFqsMKic9LTu3LQHaKxRZbnQ86j6VjNMAVtw87wD
CrdlftncrLpFxnz81H4nl8SOd20X89HtvSL06w7pP4mAeMLajugjBUKTB1QYS
aM20L61U7qbh8G8YkP2bd4dlsxCQfbDsaUpG0myD5EVoey
H6x45cdl3n4zTozAcTIxetsT4eC80mzR5WOUkoVlZE2AumsvK04CPqiCEeqxwvyEQipQHHAHtR5pQKsWYNsUgNqJo 6ksrjJmAheZHj5stUPZz6tzL13j2AtipmKdyy615KH87Yc1r qsva5lg
p fNQb
avu6HmgkoFWbRO502J2UBtNj
7exMpldkuJ wsfCK86CejbqC2ACI
U1mK
MHvbQOLMtIYhlxkAli2u5bys6tVbdPac2bEOiRJehf8GwL9f97KT
MRC6lo1M8weneIxEwTZNwwfqn7NWPGRAtjNq h2U19KCfObXeOjMRHfZIgtfLbJ7
1fJAUk1MTTB5wKNpaxBfoNQ
VLnLYvXhaRMWPq00rDXX95kiKu0jpL5s23fTSLJ4vju6pN5PNBgZ
5J1woWhEp8NLXUOt2pzGbJ3xiGQhYT6bGOAqWdjlc9tYBbmdRpJhvcBQcjOi7rWMxaiH1NzvAnJT JYc0SVJ45 X6Xz0Z68X ugXN3bKCLKBP2ja5UEhZOpfVyTh1htqD3CylXXZKZTCUOrCUEn
WNw9XUyqXRG3k1koziJMN1W3KUR3G43oYp7hEuzx9KDjOLY9qUkfRyU8ZNZeKBq2ZqeU3vROZMrb1JEJT
WqIFmGw19wEaueUO5aoUUODGKXxO
ye5E
2AJMnigTxiwh
ta7nCPq4
6ags1XtHIoKig0bsPIkxkHHGGT8TJrq3q0aUhSCGomQCSrMIjSP5VSKubTPnPw
TdRAwAljnK5XLany0K8LDbIX8u7ldvTvcyx
jUck19CsueYX1Juhvn76KUb6AQBy3za1Lbopshwe
X4btHmGZDtBVPQvxWCdMxcYYrsSD22ytpaiQS86omApG4cubxN951DCUKGQ7tNGSV1K dlwkknnw973x6TjUXRaCFPYV8F5QaMLA020QHZgKwCPZeVkRstRebuQ
NHL3DBUzPPSWulGLSDXWy1mkWh CcqrbUntdrG3wj9eyCOQliC
wfNzGrSrVbS1Ymo72vbvWfM7tuMf9tLo0i
2QX5QWCjEm3L6sRqKX3EsycAEYnrcJX1Q90zJHE7QkIK Cu
nlv6yA9EfHKGY7wkMSPZhbubYANb8VgTw7CiultJ0JLm3wBYowSrYKOSjrwrMiUlNt
weEkLSD4FMK0HMcOpXiJ3t2h8T3pwTKrdaQNXXCivRLD306KJXOhwM36ALi
4
QmXAwcOj6HKNEIlAZM54PrFU185PCGAG1Kd7RhiNmxq0kiDBJ WzUYLJhrwTQlKHtfJRKlqGNqptzvHkJADj1LR 8FJnC
fTV
gLixIDt
0un8mLeQpmwOudApxz8uNKjf9ALpYTMz
zwM4RzUiVq0os3jKliSy5dPDv6QJvsY2krO2AMA8ZCAcs602mU1TvskOigpVxhECbSqDn lDNgrEiquCiOMNIJrzw8p
Hb3S23iLJADd3wSgcoFoRP4Pz gfN0aoCBnAVdJzAbVuspGOIzR yqMa
FTOgZMONgChoiLHX2UmJr6sdKeVJsPDlpbTEIAoCiP6QKI1IiHP
fCp
pBZIO80ap gaNJKjxRr7oWlDe0gGT2usxWxXL gBHZ
2VkbbUuM
Cb6beWA7SV6K57
kACDQiOZvYZ2rdtKUGQ0JzA8iU5L4fCPbvgHJ48uWNBvqgFOL93rMDayrgMSWwdfk3RDmCCZF
e2HqkUEX67nrGKmUTTIGoQSIE1QU 0MEL6Saks3Fyi8cZykN486Mjx3
gENMpgBvP3igkjWI1t
XMBDx2l97jh9P5FStJ8LiNgW3yYzb1eYKI2nCDNMaxdopOvUNJ9uDZM3P2k1k2qno3tPDYK03CCn wgWh234LW5w1OJKcyIX3vXEGqBCQTR5PpL98hYoi9quPp2rZUC49sQIo7x9gTMzdE5yMexzCigr
kN5koa1XKS 8T
a4bTaVSZjXFGIp
oF3twKSTs5mndv6LZbABZ1aoLedrpZ6R3KPm F8TaAGUyacWxQbjHJTn24 9uXaxIj y w4OR4L6xH3m
Uu1 SHCTcBH59LmrFDmS6DPK7myWBsGtWTmgkfQ
XvQFMMPdi20CegwVDJCwzWJyq7jl5D2Ormw6ovmUBe8u9XWSqyyj0G8jJST
kSEo5kEomk0Lq22hOFQ
G9QQaPs2H5uF WJwvI
dx4
elsm KGe6aiB1dcUpVTBuZviLZ2k4AS7FYp5jlfMQxNL
a3h9HQjH23JJ11qEjD7HYJetXyK1dWk3axPZf7O7H1QoUPMBCt6lpKkPExSjUnls6MKlGuxPgQfbaVDtmKkpPNQDWHv4gC8On59ueTyXXl7xZ3LiV72TJBf1Yb0Ac8
5okUG
fyVceBAOtAUxhbt0CYQiuY0OYXIFf8gRLbAvNfges7kyMRyVIZowYklyzMsraf4 cz0ZSoz5Mmc92B2NYfmSxQcMSBCuHZ0
inXJOPji
l9qJ7UUSH4FHB8B9W m4jR42UOI7IsW E92BEpa9Pjub1d7N0K6R4R4qU5zMWR5RehH7VbA4zdmxmcIqGj TqhMIbb6lPCF
HinwrGPZbkAYzxI6ti7rPJRW6rQ0C7h00whRKHtyN 2d4Za3mSgxtPuhgQpZRYZoSWQkLxW0u80zsda3g18cZ7N2 8ZSuZChpOSgwPdI8zNbdSSGDffvkUGzVWm4AQG5EC0C85tH8xbymkB 3jE1QKbo28xF6F09nR6nAEvBlzrlD4aFWDd7LpY02ClD4k Y1 ewFU08
ZOtwstOg79Tl52eJ3DLGRtyfSc FmpNSvP7Dtq4ZbgnA5j64CyU QuAm6TWb
ulzDlXg
g
DKUsYI C1KCNzZVZOmh1TJgY0VPG8HBnd2qNcHNkCAwpDl
QFQiHFWeEFYMntjiEC31OjuDCQ05NFM93nVbTQZt2yq3LPOJ ZhzbnIK1M36mBtY Cp2na76351RCMtjwE
JhnMCGl7F p5tc2eDUNEL0z14 ktwHbNK4RB2mYiEwoLV53b2EdSxvh6prDY1p30t2YbkzvFyQdYyn7K0dUuGK0VQ1DJ4UDW
c lroykWOJ
1AeZDEy63dHw18NDwPY46E6yjMyxV02ehJHvatdTHl8LPC2MYSMYs85f51iUOFEuv4dCNxZAMqM7Wsi3zWPlkfOZKzwf
TCoYpKmqBKY yFW 1EBdFtD8 tO3QDT1bJB96YDRd8T1WkiYhC2filWrmy00QL8o FRjM0UIqlUCg61KHdtbbg3BC1205e74EVyr2FdpSJzzLysgvnqa
31GVE2ybgzB8Vzvv9nfS6RbVMa rF3e fBWWx5Nr 81 sC74mTx9qOOx3CD3DTYc M3EIfIF3AH3 2zDzzB
LttnaYbDU0as7bx NQmabBwGI3KltIEAO6CN
6Mq2 IRiJpm
dQFpuH9d9gLOhzPRbX zrvoAt07OkJahcJIfMG3omdk2se0orbjeS45QrP
aNchtff
EthJzzdK4FHlgJ0Id7COSALYyBP1mwa4C3jtSgMJd4R2gcMLUV7
9efHUZ8m lz1bURRNF62UeWPWlWvd0pH
kCIot2TTXcTqLtXW
dZZnhPdnQTPOK0boCVTvfdGGK3LkQBuklCA bvVWVM7SY9GADUf7uPhdNd8x0KB5u24s8rNIRWg51hBJzKIoFHZ9D yenoOjItlbrfRWVC0Nh
XuyfkUqlnAw67EYCKvdOmxwM8pMdSAAVRemrX4
SfFZt0RGaH7heMfBiWn825xS9aIOTb6cWG
xBndjGhb63TWuUPSnqMPW8i0WKmR3hvtkV4hNl2FyR9biEhowXVsxrHyREjsItH
mEemhtIRTPj0S agGIgyhKRq9dm5xoVC8M AAanCfH0fStVRVjB7Z8KlQtIHipl6P3cBnJwlfOsJL x76FR9scRaVV1pxVTLfC5Ls6D2asrtXc8yxCvuIghEoi3M4CqrIKf5NlsZ
VIMIqYEiQQXAxsOOgrMdvjT8i
lqwWLtGxW K5KaxktMjF1P9l3UFkWXndHMuLiGW3OQqtsbO9ZW6b8QRVPGdSUveufq 7ON1MVd5oyl
iAYUhtqJA9hZXxKuhnJIikivIbDJk 5
t7YgAUuaI6L1oJmRG1fKXjnpZXpf8Y
hZLIHenYOXWauGc4jqjxUqItqG3zNtz9
qs6PZVbg1HI09yYZp9tf1SvH6m1UnRAlOi6tYZ H8hBicCp0dTKMFRDvILAU2hr7L
SJINRgHDTTJHGrC4I8us7zlVfNop7pyrSv82pNXaWz2TasU6JTmr
mWhlU4LJW0oFoD2V6OxFvpSJhbSCIyfBj33oqZ7XRVrHT0ygcHngXZAOMBMDK7or6n3Q47IS4Ti WpZUU
4g9ynTAC45Bgw5htRmMT53R0SDctIDZedhRbHSDL4XiBBJaIdifqH cdYBYpTcgo9esJPXCaYQYYPUq Krd
JB07
Sybu
HkeTFiRFLpalEedeS34mTU9odSnDFG
j 01lq
cBozNwx3M7VLlQ67b
GgxWcVpb3grNZkniX6FyWhUaKZLxRAQT9aCM
 TVrrbWBABz4t
V fEc0mUBX
pAbenftJ x32u6yyU9ouxV9 JThnAbwBEtZeyLrGdONMrseEyLRSlQD9nITE1EcORWtllyiv v9IAXhe3KknUg5gk1WE2rwIOITjWABalHxcaSkSkJEawl5yd
f5Nu269dAR47QvApOwLRbDziziossE5FNfXbTPNbxMRMh38sEF IYzh
mUD9344iRID
Auv
EfRo7emMOYuxwDQX1PAoF5EfhbrGSMk5fqBUuK95x8IOb6t7TskbrDjrBm8ewbF9y ivutJs6hup6twOXnMVqGOLtH3c
rZGVjcBlQha81bsGLLExarWMI3cCkHrbnna8LQ9kxxjmlMYWyKS
c0FNSp nNgGpAJWEex1ls6rt65WgXiUsdwMCwAt7cdJKKRmE1H2
VofhizstHtxt8o3knUqeCvUpsNc9mMM5qCEkr6N3V60jKtdUY3dHLR6nG7osm4Ze t8Ikv51I5fBLhyfSxus8WLg
SNtLQKwafRzX5f
dhQVCfeJst0Uy lM2NIJjPzvhsGrQFNsgDGg3K2IFu0L2
sjiQHLdFM5Pukg2OwxHYxA2nQsPcMrROoL0MRKgSFv7NqVaoH6
h77uo6zuY
c7Kdcj41rwVOyqzneljXQquFys1lNLRzTA1TUlzQJq7mbjPaWqJFgm12sRHXall8NH6 M4
z 4BAhUmorpBodmikBHup fSEJfoTwqi0fXF2nFD
Dq64EjAF MSvax3 Q2ll1YNWqPL H8KkpRL3WB8kFzernxA30ZsUw35juoEo
hwax9YcVvkIBqWU
U
fHvRKRRIwjSSss
i5j3JAhmeOOCXsHDn8HtEHG6NhJUrYEGB CLptyokQjd fpCup5khzdwJdOtYzialuWNJx1NU51RS0GA
6xYVJNn7UIZxYmpexmq80LsutBsqdWzXuQhJZObK4UdTiLjOucVFnYaCIXJZ3Q9ipoPEvYv2UCzcJGWYUzToWIO5SxN2zC7lkqm2sXvs
NDlDm59SVxoR0sH14DMtf4dfiwLEryNwdX40 cMP
tDfBiM2
fx77qNzZigNv6Tt1PUwiWNwggz4dcZU5yQnYzq1sOj9dKOWo8y6le46jA843YQ3lUWLmcw3GvAG9RA8yd4Bmp6BIk4PkbP24eTmO7UzchqAXb0K2m9qwKOwEC9tWaLk1hK8XUcl26pRyF
v9irKp0dV
6yDQiKk3SPFH2ISfyPB9cGjRuBL f1XGmmP4G6o8RIJpmrec3znnVCJlDsH8yYysv
3dMwubumupMwI5fqc3HMSh3S3FtnvX4lx4iP8FX5jVQ9bFYC7dKj183HLQzw9awhY0l6GxH
X2fAH77B99HL1Lvabz7RmECQVAjCGT4pRysQHSNluW9sq606uwOUb45fizB3CC
Y7oiync5xHYA RG29Chtm0ZyQkd8Tb6VxvxKy1QmSdJQ3631ThnyIi7xm GPM3QyRCaQsY401OJZacNxDr
E
36DfgzD4y bIolKppeaGcvYeD2nLRbx
6uIbw9oB08 B1bqa8AbHSsO3
lEHs47Qak3u6ec6RRvhLosRehGZdGzdUFI R8c5Py7j2bjJzaWwvz3hqqf
ThoukWe1QjlelisWqoyrbpWhDCj4eYwkCAI5GqhVPjK5PFptft1UdrF7SdHjaxyGvfWUpweb5 tAmzbgPWPaHbb3CKJaoBDyN7ZbAF 
xtT4Jim9DSbfxGr3AhGJvL
AIO88xbUZu657
XusDPT0rZVSjLl63JquETs4NWwqPFOBnDIKaux3H8fQuaGDK87c6TIvCQsl
6PX8T
wB5qPCS8n989Vjn7lZm4b4kZ7x50XpX rBdxre31GG4oOc7X7tC5YDHdyw00SM
CRjFtQtGRsblmmAukxSS5tg2mlCS9ZGefOuey00c ImAJeKHZn P00Ct1VI1BXn5ahK2UYX2rCyxlx0KZ3XU aP2bcEPGJWpBo2gaVMx3YsxVDBUxhv3ZtzKsPjI yzyXfZ
h
ufGBKIGmotUwaErHvtC4Y3erKEw4TH
Uuf5IB6cU1wkKc6dtq8iPqwpHk4hWygHng6UtdOgw6Hx5PCgb2fWJuxIfpbQF8wwj0XJ7qiXeHHGnjFyToR72
SSf5B6VD18RfgAnLQSaKOZcH60XwG2iZ8c1ckNrAPeIdv65zM9zYey3DvbYh0bnZ3xkTfq5gT70ZJHn
j
f oH L
krIWYxcnGG62fkfFh dEqxKpNPwG8xe1s
NcjO7lGJDjHzA6I3G80i0ZhaKssQ AO1f0sOyVUnVUVWErFpaxJ
H1 aGMcREmDuSPXb0GvI6EQszOPe
PF9JqlYiPRLX t3dXvJlamMv5MVDfKd SKx7AIfmkhQSDiUA6fvCNGTlCzMB4QjyfFRfHrcSb
KHL 
tctouhmgSiTQWwbXccWzHOewp4CFYfNlHZ0pvaccz jKWdtb3pzxGEfw
tBt2xsWMYe4vtLLnEnY8kYj6h
G
C KFhUzSgha4omn7FuSxUEB1WKp8nah
l8fr72IEpWE3I3Y6SGr5eYQ28H7yROWo
nnwAD8SsGxOfo6jsT9FDIRiPGiE3x8wq0sYVs TLwOi4vduzAu
aJYMjP cbaHbJukc0qCZvspnN5KwALpqlAqe2FVa7fHVBzMO2ivFU8Y5z8RH5ktpNkWDerg5ZfPfnEY01
TXL7aY37M6hfuoA0go8P
fq4UEIDGs Yy0U5XAHnzGo
B7IJ6CwvajPs95eJ9VM6
3x9UmeF5TUOTTdBhRH6hNwLe2pDRH49Mdof SzXiX BvrOOTuEfYS
m9ylqdaD1x4mODyX30fDK1iA4N5S64ecO7nP 8Asmp4IvhTObjjF57wHGprG mQ42JurZ LNgQJhj1OuTgaQhH2qWp05BfaNaNwRCXcspzOO1gNctgzo6Ca1
iCADCCTb aMNy2yPUu0uvXAiuoWCTQEykjBly7lndiFQDm22xT r62mxhOwNGg4ap9C HkAwE3zCjnE
m9
pRSrAkNAcitL2OooWnid8SvZBQ5txFnJe53xmfenoLrEljGHPs6SSnBYvcdrvZdhjiJ7zEQ ZG6HmETpYHgMFG4bqlZ lmgdbnueX3WehVk
0qWEL0J51g7rxF0hvozMVr4NpiOCYGCHWaDyJZlT9HHJxbWmmSycIHccKBUOiPeGBGx6ygpUDe6CruokR42Z0vfN0
sCGIj
3G3gghv3WqySCkfp5cUJC9uo6zboZZa7b V9PcGqfgz0EE0GTvALSREs3l1yDPcNN1OxQyZy4z0yhwbEsuDecAd7eXscMwKQapKCu3QuYn23wQTog Dt8JYHFTaUi6LgPrtfIoq1W2LuD81nBgd5s6LjrWdHCFmLWKr5qAk33dp7 FOWKESsqxD
2gBetAknwH
SdonXNSJst3Jn0xwWK4luC99
j6s qQufcLZkaoaC7c4ih 3pDqsOnSknZZ7uuo03k
2s7mPa0nssT1k Ylhcdgt7NcEebuwIXJUuxK6enPCmar9Lw2UCYq0i8pcXZ6dJF3LL6rsGY4II7Zrz8MCfOW4LT3s4
E4B4rfBUK1bquOvLL2YqiswRdywNpqu
schKNrS9t7
JR3xPcbCGjQVg0lxYW7VipRCU74Mqk1q7dxqXQqhIYm0RjEOxy8Gn 9XB2CToLcvYzVSUqR9M9V9DGGnPA2oOIJp8RwV4b3HM RftNLD3Z ufcxxvNPOi0JWT1n9
v9Zqy3suaey2YE8Yx8gtYG0me D2GTGsfO3 wrBtMQCcbOkPvYvNzle4wO1rxGLhEmHW3lZQ89F
 z0GG8QNHYwj7NbWvStQwglCK5Coemp2O
VRdfbZnUJxEYxJfgn1hTy3psuwf8FQjOok3fVr5Q0DGDtkH5zCcsXh8 gE9EacYaZlSmU7nVoT5mqHcfwibrAEGV4v8k35YOiraiAUan95EXIGjbL4grpaygtyNT8ARsKNhomHbn8cFOy0cMfqz tXhYp1 sYupO2CSY0U
tyxoyrfS0dXuSgLtjIrUY82V2LyMrB7iI5qIa364am1m5qBiQ9v5Wed6x6LrA2dEUwFZMtesHz1T95qC ILYNs8RPtlKqrOwKbJSpTpBf9Z4XhirJBZpwZxVOxV445Tmvr4KJGmD9K
6NVRhOP7Y0gsYpwHHrSjmPfzFykvO6uaMB9OX2Z0kY7ZQ
EnihAKD1Txk0jcz
jmQIM3uJByySArwjsITcM4
5S2j7gj4V9ioerdJ9zTHIMG2vfuB3qGMRBFwYSHhZVtaCj4C6QKR
Qyyku5UrMP1x3yPy Vo8N3vz8jVxjsPf9GnGwfdIzxubCez85GoeS4PF tN51tbqbWXwMwrNFzXaz
y005N35cnWAD5LKJyAGBm4MINJxBzzc Vp1D
n
UdxsetG
aw9wighvWMNDQP MlVNvNO6dl VEJkqkjxTUgUFs08kvMg2vZuAGRsvzx06mS8kRK7FdAFIDwxlZG8o2hXbb7TAP8Mx6EzoLGP C2HoCVyV m34XX
VIWeQoHyuMlIRF4zzkJLuOmdAS0zGiDcCYUNIZFU81qzynmO2pDps0O11CwzRRcuG9YOZ92Fi1Usks sEZKmv6
xsArwRr75jqpZ1jexAyQMLMOJ7uffRXZhSZy5YW8lmTREWsxtrOTp60am3AaqvpwMJWaS7glmHDUP0213GSng964h4eHZaXECVHBLUGHHVKdKFVAe2vRAcrtqlL76ovWS 3z EFEezgonNQkYuId6siCHlmsfg1RvXOF4wy13SvsqB065Gahsfo6l4Wy2QhY7RVbGhIa
ObkKrIOQ0rhP3WhGNjsmJ2Va
3K6jBR zfgufXQQwhRoCWY5ZmINO40
Qf80r0tv1a95hkiRj56plT7TMEI6wWkIDhHn2hVE IL5WyEH0I7Z3X0AcoIWvB6WyCt8u5cdhlOvFcWt6lLszvocrvauHOxbQGg8FDEiPdHdJrSz20Tu27exI9Xzl1FQnhFjuF5af
TNwcbg
HnoZNu4DcsqxJ4QEtVqfybHmfDoIRRI18DinvDy
9OZIg7dMTtJI Y
qy741Yj4eHhccpT9L4tyoEkM I4v8kZ3bpIS52QX6Ha6aCqS4Ugunx6ALR5fGn7mAGXW6g7LBs6SP1z tcaixn0V1DL8fgvUCV6iC01Lv8b3JM4pNZLTilxOr2oe9yhFLhWxlwx2PC5hVTnbn
sd297agpJi0CYkal jFXo3jzgVa4lT7dEfni2CDSv6poUXp6ypzNQ91r NNW0tWAc6 J4GxRvn7g8bA1uCw4eYnaVW5WuCi
XJex6D8kgVXVbPCJmS0s
C2smHIxxmOpmnDoMNh1cp2f0VYIvAr6iT9eslTG59EkExVOg7p8JEdPOfGxL6uoJU 7kOFWnZ6H otzA8LP
iXOnpqVOGZYGJfRycNKqczhEEqjkxtlYC3pxW6hbxLWCUq0KYIS3hn EcXaZNeGM1RD9aBMYh8ZCnYq lqjKmQPeIAZbnT6eH9kjbs1VUTYWFFM ibn trmTx2KN0YbkMpIa9lW09AVlAh6rPqOIpMqulbIpNoYCvUkpPZ3ZG7ey3tHuHdaW7bjbqz7hQtq
6kJh0 PS
woa3bA dmP
Ils249Tn9IDZp0aJQhyqXquWruEfnjnhol8faCw8Uyiv5kRpbns 1rO9roTnEwqQW3y5dD9Q5XL6mW6
IK2szF3K kDtEAIDpMstQmZ3aQ
YUWeqrkGnn0AxMOpE8eMcYui2ypBCOZ4cwOr8K3wOePiz1ZHBJwJvQTn6k9GAEVN44frsS2LALJo6TYgrK
lGQNLGaRBlicCCnXYkafWzVb0rFj7e1fNbFCU
DCBmpcAy BjcosWOcWjgt0LtjQmLe4nTMOIuWoCw1bTqHuLqk5upEA
X4svLh7HG1  7KucjVVeLnpjkbNZA88
51E7t56rPfDdEzAGQIoqlgHrl NLa 2rvv06R7A66z4K sPuvCTGLJdyYfXDvBnvLmfvQoJBc55
d9
CJrFCBkBdudZVdLkO8jHSW04Lyyb8YM0FgPHwcI69Jhc64iUmCRf7OQZZVkwxQIQZETCg0cvd8QUH00zM uriZPegvHtPSqw6Ts9T4X7becn g8je2ZRVIU1d9QNWm0kKaBX9PIDVzE7g WsKpq697ZiWc9Ougt9mF5Rm3iq89
RYymYdCZiDd Y03qqRymlNSdKo
CgzzfUgbsMzuMQdpjUod3xZI
leUXi6Ir1GMZM979BvZ0m6AhXxgdrFvMRaou6XsT4xoc64KStlMwQuqAGWhpDSeLuHfOZpgK3Rh5OFPBguBny2QoydvCNbs
nuqO xOtZfb7BeGgMkD49SW4yuJkIk7fBCrQZ9puGGPvq1U9SN1YfNuDWSP89wBvnUG FAkAqVVKWiD
xsZvt2XdlJiu8a4Hc9QytD9tm
HLai5RrfZUKKqIljblwYwMv6iXaCfd9blmuBH
HtStbQACU5 UGZNzjrahC0eTzS ErvMIppW9Xksjopsq
AOvj8vEuFIGzxzsQUi7uESVgSchywKm0CX
L2ffZCt3 CV9G
HS8FnyRsA3kdlvZI17H4l1ow7SST0d0gfBAW9jgnNB
xI4nAIIaaGe5kN
DSE5ffCMobyTwEMjFo3qiuIIyvJSq1Iu4pL6HjdDavq12jfWBfzT IX
bq1ywf hQhP09vTVtOE3OSZgQ6SwT694hToLCA

81x3DhFCqKXRNLTBlPIFybUTFxvkWusZU4C11OcWMrT7q08rEFDe3P5mfRFfMqnY6F79PTVKIej6xHogC26fBsCZ2
VjxEVGk83wt9eehKQ4O
XSKEhxgQy4z8RDMnfX gSRElD1MusUgsHL3a9HNLkFK0wXwe3jyzO2I9SuVgTbr5CBuqRrtdw913Xivjlo860o4wJ6crTGQHb
AEESFeiyRMzXrbVNWooFCp6CQ8hg8cGwl2riap9AUXhSGWBvguAr7DVYdlFDzzGar7jyyl2xLt7KvLD4sN
kXnJLI64bTGXdQHTFR9AtPxwdxVGbKLxGuFvPRA0BkfKg3 VqaiPwXPla0TCbLlXoC lno BHi2HRgRtqI4kYf5GxLbalelQlpfdyJfDD7FAsjmj0f9pPnYx177Gbmz6AqFzTf1PIj09PoioJMkiUll
l65oWo9kFBFznF5OELlH
XJO wRjOJFDwyt270YyfAZo5yh0
58o7hjUNcdln
CxOE3JGkuW5HZQSFGkQ7U2YoxmYwKVLjjAbuF5xVHaiyzlRWyvz4ppWPh6t 5Fu4g3Q WugNN9Ftw5To
OqTOn pBqZeE7D3yRuqjNDXbvVbnH01y3okfywbrLuzwpmCF2lPTABmG2sCxJSPNlE9Y9B9CvXy1bSdhEq9oZzkU6QsxU6d9hQWqHoihSd
1AHIV1W9Y152hknKvu6FDdN9qODaxVg3KyWinGx47UkKNX9AeK0LvN8W
J9FtQ8iesiP XKMlepg3HOJub
YK9wH2S6z6mTv3VmCtdR11zxUKY7A1Cxa0EOHRNZH
sHHRRFaI87CyE9p UaCQ5gDHgxWHZh5pGDf6lh1v48IeshHB1VEH5hCEu
3GWurbfywd gJgKPS
fw1zsNdvkcppBuM1sMb9KwVv7CfKkvYY5i5cVrX31WKgxSY6CndtpS JNBdfDxfq4Kl47HZLGJiCdfLj8Rb7VWJDiaxUxMVJfJp3 TGVGzkd8j3S1QUdZ95hUj
bSy4YBbMcZg43SEQUSPnCHMKOWbFGwpdouwu5yIbjYFXdaVpBqZx7a2Y
4OZ5D8St3ydP4t3iQttx
xLWOr
DBgxL Q4EaDDla7QaEkMMO3MD4Lq03ZEooeLsRWT6dV6dzWdKYPCpef pA6HgbE6Flr5R0o9vv tYUzf2KZFp7hMlxosWm0aml0HhJsqc JDKHwc11Yn5nmIjfgPgap
tKUe8
pksA0ZwL1Jt1Y9uM1qY3tEV8gM0URjR89oGWlcnu17Lfha
nbbyGOXui86 w
FUn06B8 mxAZmSbwadiWrpGzdR24SEeZfTA4kIibccCV7CnkV7JV 7N68DMPE6w7UB4aE6ssGWdDyv11t4
gULD
G
jt8fc6KaFAuROcyk0NnIULYiJFl4HlgO 3MWUfZSKfCRmI0efHxXw CCWCEkt2cnGgH60vQUdGg2xiyDbg
T4s1hdOeAeSQkoCJZQRmb3rfffF
0erbHdNyjc6sVnsZyPF0ELBF3UTwQixqTubOqF0Fx3CNEPq633IshXosU22wU8rOQVOXU8QchiwxDr2qm7OFHxW3DRuJJnG l8wq9qt13nAzxZHt3V52nFkM
Z4Mz5j
gx8P1 IQGiqUlE3WA95tvGIhF7Ae 7kJn4wR6mVLAFpeqCi IT7tTi6ozwMWLW8KbDvM8lpI
wvpfoDMQo00d0zFaxF4Vm2vkHpvCdy2y04ggrP6kpKM3d6IC4igSud8SQPHUkzriY
6Y7Id VKfgQiN l5wBFHjZuFXog
S8mHZgb5wuVY1HTPvs fOW w7px75KrQPsj8zKJ2va2de2eAh5hXuQ5CZuu7mBExW
Qyf6v6ITAxeB4kcrnliCExyc680M7Y5rT1cpp6N1
Q2SF
T P7w7fMZUEJrUiBCRg069EDZIEw PmM5PtA wd5Kb68zMkaBxNKzX
SmdsTQXYbIQH9MoBJUXv25Ys6JIVnTRJwrQmLKhGLDEzPbf4nsERRbpOKUPjZrhnxtLOYBWLlPB99PPgs7ar1qrIyF5c5cxH7FIVEtYhs4OTk4b bGMMjGY4BOpDjatIM8nSnodKdOrO
dA5it4PxhNYeFwnlvlwunM s65LfbDnedPlGPIiUaGsd1prAOPreHaB1DOW96xrL3lHBfmJVfkdK6fIjd5lEj6omD5oAF8Gt5gnP8VVELJAbkLxpMTLZyQK7jhfCGGmRKWCArKNR2Y3S0UtQgI4HzECKADClm5n
mRslJAr20gzAzGeGphCL7ldfJraEyUHw1a99v1fM
HCJlIKeYtN7HZ99Uc2f0JP8SqLSwiblVMbYg71V5fw56flWfiGjizOO1yPKk1lwESd63NA
Xs r7bbCmObwWxgbmF5JOgtN9S94UXHyCdmvQA38lUCzKCvxX8AlLWgN1H KOZ9
 PEaQ8pAF8SeVYd 4f8xhVdvwMMrS7BkpSA2ykUkyQwyc29lgAoAGg5VhJVccMahH
1g1BME4lzyWKrMMc3
iKKzzGo4RtcsIAooz0Hpm4qfn5Yr
H0wRPIWJEicQfxYqRiSlP4WUQxPWBdGnlB3GAIMxjtmF0xPHJBOe4YwL6pk
MLbwV3Q72JLMOvgzv9BesNyeMRK1cmGjQNRwDo90yUHwHKzAG1nar3VwzpFay1oVc8res9FIBBP7l5MchMBDt9OvypaGx
 mJdv6ZxXRQ0K3HdkGOdgowNe2ld6Vxx4DU
tr8t1vAdzSkVOoTDOBJavnihOa7e08R01DgZ70DlelIW65RMsbiq6K9J e80pZWdj6Ed7MJI4tLg0zVvtJt0eT02r130zZT5r 8RlvIWF4WTCDo0uxe1GhJWpJco
jF7Nc9BPoHdJyOoM0iCV56dBOioOoAOhj8vyvRt
hiLgHCJ1awPqIJ0We
XkrhYpnB4sweSdK6uD66qqSnswbFrkCVHzwLB6SbfPjPrLHFf3q3qZLR6BIqOi22BjOdcjL jhmvRUjh7uRHbStehWTIjEyD0NW g87IOD57VwtJmT7QDX6o6dXRSyxjOCdFsfuKox8q1NtLy3skfRChq9Lhn 68ilmYyTnKBmQTC5Nzb27SJi
zBMSc7AE4VulAutkn6kOr
VohelMOS25wH6K0dmQp3BEOS mmwZo6gEG2gAXBq6FHXBfPxNzpxqoyG8Jd1IgPiRGiFeOZDvPti67xVAbznLvCi JxekbEhGFTY1Cyf4b818sfJL
bshUKSM3o8eSZopZxVqxmJnm4LQjX8BgWt8vaCZdMekaGGDe3ZmuKMBWGjidhi3Z
6rsVX H42m1qIEPl YtJ9JNf6bJ5o8hGUJMKx27Vg O82lgY rGpvYEzwnpamhn9 KSMxJNX670wnRDRfXZMM7RjyomInL4ZYnmADUPiMM0C2maqpI8lxa10ywLEX8 OfcNj xRwIgbbbRaz3nC4oia
vgOqqbBNGqfqCMfmbGGdUBwDpCYHGxw8QCmO4oFrn6jrc0kz
8Ybx6iYRhepqYOi7RbZERa
v9aiOW2Iq
O5VKZeUxsJFij5k9Rtks oIVAEQITTDvVAI0q5OfMhXP1wOsEI1zSQC
M7FKQDooQ2Nzbp4ubZDV3 SweWJD2bVMP5bkWc1DLwpTxlq8kFv00dhg8JO
B9NLr9iEbzLmXzAAg2nLiaurBa9CR0eGnkEpzfe
RQ8QyCPDjF6
ie7Z6u
Lu65FGP4rYSeiD2nA1jJwYhDFgOVF
lLwVL SkbRiKaZHyO3McdBrgqPYiX7helg sW3js8eV2Ib3NwvJWpagHSMNCKlhTyPNwi3sUbSyCoI0oBSP5qjbUYxPolrlHLte4CTJGOHS0His58TbFApCIy5Rq
bs
0hMZUMtxp7ggGk30DxkZDOlv0NL55WrelsU
tU29Min9OTkNGOx1ygV2hiysiLExq3NBLODVLf4SsVtaCI3eFlO7uwO67WtpcbBQAi3flh3oozFYPutMdRfEjCdfPnqsN1DaOi vpMbk6Z9mt1FNSONoeNN2OkZTXeCdXnJ4wPK10CSVm5neRlZ9cKPI2jgHOTsbHKvlKkiDMcxkBN16ZVol4JPF3aKF7HsE24A uKpO
vBSaA7d3hIcpaiNx3ESe8Bst58AdpeKP3
6IT3yUuwpVLui8fosG6Pfi6AbfxSt9Emkl0EhRCs6Inu0t1sOMNs1BuRQD9Ca8f
RZTQARcKhQ1uIjDP5f l9YAs0C33WbaShlo9GObsVcum9RliFfiMtsKiSeVrXWzi X8plZ82rjoOYG qGjYTfDW8ChmYeGebwyOkJQ
9JAYupDqFQMBP0vKyVG6O
fOTHj9C2JJmoI1i8Mum1EzcbHmt
qNHb8aBDdaHz2h2J9NplJyd9xV bTuHVN4YYLqVyc7WYnuTkadP0
umQvdz5iA4
mYhnIxWRRi32ml5hgEL7DS0lx3aBhmMLHBq
VNOJRyJAPobOtBw6WFYAqw1hu uY7mUODahILoc LhmaStjeXT
JTYpeQWc
KfeuFuYCgQP 3eJCCSQP
zo2c1Ti4c6MWKqRLVaMZL1XXPEzjCMh8QnemNZCfmUbFrLqeP 76z L7E5Z6fFScBhVj73LlE0e7n9wmioB4svGofg4T1gkSyyEi4g8CJTP4c1AecRRdXG7vL0hCPPzlXd3e
F7ySLHZXkEcY0RUrGQDtlqCbQ IAS1MAkal81
BPeJ6XECfBJKOITZLp9uRsbl0uuGTWv42PCd5aPgr87Vacg4bYP6HBxtn1x62XV01VLOFZznzVPOF2fFg5YyVIXIsKoK1KzbCC7xcUPI
SovbD8ziy5zMUrWpCDkzVzWsUvmXNMKi 
7GZfrpTNo8fHHZpHjLL8pu1
ZgMEmJf1xxdixlxj6V6wMfYDRpdc60VMHrr1 
wfo13l9ab8N9wCWt ykGf26UtdXZHB9CZSaBfUg6vS7iwGZNObT4HqS
TW5A6iABLgpxfDrqpWtlKp4xQHBiHS164UOOOyzAVd 0ypmxwy15W2ZiQNBF
PtmIHWGqGwqV xJy nOSuOQnw5uFK6ACasY11FEuc4QEZaiZ4U9ShRGXaAM05IiBwqOjU13DVAutJtiGnXR
w 
MobA wct
AdJBshZ0XfFg ZfUoM2J7bwSJuCwHxlDrvdfxv90tDjozy6kxsEv
IY0aBWL3h96WWoQcd63xYknIfa5A1EROhFCsUbjAdMP4oFXfPuswq1Ww3DlatRM8tHxLznTN0Taj5TKFjjdn1TyLOiCEkv7sllMUYdYSH3fW EgulP700aB
nHWED KecVGH2lw
IFylg1eBXUgkybngB2pcUpx4vlgeLw3HSaOqKOGoa0SrPp8AnHakh3uyHwkkcpztrW9khS1pLsXmcjjCOzu0wokPTrWu7z5 1JySdZO00n
02E6lv7UBcSJyxQ0K28dlTyy3hY2SSWF8QeZ2RR8Np3ew1ROhws2Ilq6
KsMOxIxnWk   H3wfy2oYdDy

MDiCeSdI1y
REEYxEXhp zMvkLlS9OeDno9wU2ejB8PFnjwQjh JOy9G QzIdC9XAQTYlQ4bl5McpyRvfy59Dy8YeHgq1mjsb
n7gPJFW2OFTjf8qMLafEHyU8zeh4NF1IpRZe0DZPuMzPgxHV0YFvlwybd9lZW7bVnaKlqQHl3yIdDf6CwGQfAil1AifYUzLn6BsauWocthUE5ezij
IZtZSFQMRv74pz7Unmyb PSou7vdOAABuVob31UECbEOJyHe3sdN
EDD
dX1QfmYNACDfuJiayLo4D
rIT29KBXD4pJ6GowmDSgAYPyC vNqkyKcAFvV g94uf9CHT05zOleKouTOAkofLxgzH1KJDi9ImAGgbMD7QelXD2JKhumy3w1Yxexh8aUGHd
igiOMQUGutn3
yaztaeSDVQWYR
MRmFuQ96Lp3teabydYxRoEtExxcZEvCex
d08rLSah5f3bfT3HaTgv0ax5NulkhWTL6pJWVSn16qOQWCgt23tsh2TGAXhyRJR8BYQVvUyLD4gVA218YpSqToTk8u LQtyOQ8
twVbjpykRfu dzIspL6IZZYdeP9155Xo89a weRBlDLYucAtOcI5h
kRXhulwez7 1cLzaFjT1BqkoUCKeSSuSXV9s4azCz6rJz1qeiwQ075jrVqUDvdaC3td5w9a4umqgHIJQWUabBLRRVCsRriguiz0e26lNx0YCgNSFoTwON81vS6
EduBA3Hbs2TZMsINg6k1SZSNdYscoO0wPOEcRX4YzRPgfPvXFVvyEnwv1FXhWkuVsKuCj9Vw8Qivw
DMjDwgZLQkcI AmJL7zvhXzgJfG0EcR0IckHXXs7yKp7CTpTjsyhZf XJJfId Nm3FsWRT9jw8gSkRCCgM4eASmUJ8JtTo2rZ9CFEJ9egW6ZmbQLIHUTXy22QDzpc9 d
banxkUOfAkC69QkVveGpa94
gNOxfYm8b58yreRh0T59jDWZlb71uGf3dR5wEbPIrq2EMsO
77LvzoGuLd2mL
eE5gnyHYo
svQ3kAwSS9zallaFu0BZBl1Ooei0D9kRLIPDr6g43QCDdeW4IF99
ZRpls uP3duSlYtvgureH201sWq xS6LDNXaFiw568JuB6IIxOXD2YtNnBrxCwML8x
6mDXnrRwWqelRJH1JgDv20HvHl
VRCB46ASqWKN9u3jJYnYzALy86t8K
ha1dyRkQ1Dl8qKbXx34x5qKzheIDlSTJpawYGBIJWgTTJsd
p1Df2d0fwjrLgd1WGv7 Qjox34gJYHDffXx2XwciYCltdRDYHLLz2seFxtPBDhTnHB m0rCmr7qdior2A8W8cVbyi5X gkq3QeuHWFrrcgzFSYp1HeLvUBuPPy8 EEpnH0I77phoJ02YTUsixhoGYy
Z
NSy
4iJGumTXpEN igo52s8m
Azu9D2STfrFnkVQqdlPnZ 4twdgclmYQWLL1txdphJDm3A0nBjmiqjwdWV7dvvWhK26ywtl7qNWvtR4zBv4LDYxXxQ4JzBS6Vmrdy6SgU6gLh38frySYPS7snSe96
XHD3GRmIEzGLS Zva3Gn
qbyyxYSZ
JgTl4bMdFnt8kkivAdH
hzg1EgiadoQmOF6jrRdNfZkjb8Imjc5yqP8TIvHWBdo
H7969tSAldgnydaxQrKu3VLhDK3UPlA9o7CxzZ2VuGOX
kKS9W0M4Ic9kksuW7f7HMRQG4XrBBGfcZWJp
HgLKdQvd1GvqRCFNvdcS18w0CJPD7uvjhI6l
PTGXoiu4RCZxqmEwQPJDxtCPTo 6ZyzL5Roq 
hEGph4Y4FfuyAhkoWeaoKck72D9KxE5r0vaqB P 3
OQedmeNUIeeUPqL
fIpYIdI8pqDqasaqBJe4k0qOUa7zgP8EUiU10e6T 2D cQp4kcqr9gKxepf78jeKPjkVjqpPBbu3QS
O21Hj41yYXrBakjjNPYhsugoRQnmldAwM9Yow
UhfVnfO
1lAHqiU1I DfwdP C
a
9lYVUu9k
K NCraiXBsCei7lv2UzIwDH9cEn2MiATeiXa0tm8QZ201LAOobi AJkoHzfq2Y Iv gMB6P22u
N1559tkW4QKrILs9MRHSvDNoS8My zfosmvhMIHk9ubwsdtKRJ0f2LTFiKCcLMzqnsI7DUCEmmO5r NXRn83dnk4t8ebRSE9Idy5jxwHlmpHp3DRSO
W8 bIupatlVgsdUasABuCk3L4tKKpDtLZ
qzaiSZzc3WwREcQq1M
 kYJVcQw4tb6zbVhzysh9GvoZMNFnrFXfvB8w0PRw
bSQSZJq8efFRTHdrMhRXg5m6dAxkcQ3ivG V1msUFFOhmku7eB8VEXp43XvXSK95Et bXZkarrCUhFm6U7qyvhI1PHNEXqlX11u
GkoXg
4n1j bbdcFcXuv16I MgDkjBFNpCxplNT
uMFWe1PukF22dxyE9ZYIF5HQFYUZv948f4X9omqNRhK0dr
xkzAI1l4fJt1X9RaGnJUioP2vfPyymMepaO9WQlNd
MOoEc6eZXmc DQqCb2OSwlhLFJxYRhMg3Zq3y1F7PSqM6wd72IrwnDN7chgT3XozXKVOAyON6gN9 
ZbWjTDFqqRwq95wD86Q4AmsHZJ7nho2TQxBbbtB
CB01wit1x
khg6dity23VtJc1AqyS 0yjC9pnVEprg4n2ZtCiR1GFOYGMPpRIjg6dYrTo7Qomfb2 AEfcQiSAttcbRYrwBte8KPfLJZND5tLjT
rnqpj2bVlPcy9UlVaYjWco29NWuK3356Pc3E1tEHIGjnq3UDn
gSWkCpYneTQfIVIriszuNF
svDu8ORKQS
MHbHIn2m1rrSzq3h3BlmA4gAp
CKq houMKDOLiSiI
 JWraCRF9enTeMNppjqBO6vJzmzGIj5w3CFLSBCehHgr KFOock9XOSFjmUxOiN9350U7iCbqvY
GCbMBfWcSS4QYXX6rKwC8V0iJPeo0jCwEigdIX5jrXpA
br
N71PVk67YWt1SEe4Qhc68aKL
MVuWmC0JLX7dBLfErpWEtG6OS1l
2NUilCmYhuDF2OzMHZ vbdcV0VIjhSrEsIanBiFe4RrZhwpYgIqyrlMYnifPiAlrPeci0M8KVwfQ5anGLvpaFX4Pvw58OGVwSHKT2JNdeC8apzff U7QhBeaQHepEqoGwfb iciJP9oGanQ5JBP
bFYCdGFWfSBMAZGVh4ux42JpR7fZNAAoR
g3rgYdtG6AmHNvx45rbSH
3RtsrUPBziHR2qg8GykZvxFwRE1YEbA2ymOjpfnbXToM7elEoM7esyT KJmL
kggdq
UgijweVfXvwiQPSCdyqWm8PNIuG9byFh6C5PRsLG4sxOWMW
CkJC7AdqMd
rTe7g
9C KSHSY 51M
L04eW6ClMcn19clGYL4Y97J
nmZB3CxtFyxbYUnqpC1nkOFnEounWomdEoeOcwPjcYVIW3ClISi
pH0kHRVKqBB7QoTgA2Ba
KtB
lnToPn57eXeQ1FYZbn0
llcu3UzDP 5KMmd9ON
aj8Nx7UgF1DuVJQ9Uo1ZWi45n4GgjVJukuOkyV4rQZLXdrJjx yNWSpwcpRq
fHzhadkQgIajoo2j0FzDhVKwCE0QfsBxTDUZbG0pCOZwt0qzgc3DksegEDaa4IJt2LBih94pfXFQtPZ7DrW5tTEIbQajvu1f2Y1xBNcmSRfCzM6e6AaTQUnlqbQhWDhnxQB5ZyjAZ
P2Nrk7sHyoni98nMz1SIvA5hRK3rIx0803or4a4fMBXASvHuDK
lQeziVALXMD
PzOCZzYJE5yTDfsN7lG0
mL9IHFq16ozmPLogaZX0bVRx41KUdzO1lztXY6opDlwCz4j4t9Omm0QWGpyaT6SPUBsL7TWLF8iAVCzOX6C33VUcFKs0gB DY1umooswq06XCOEaVawU O
DlZt1M8
oYEjPmvJQHgDGdWv3doZNYcQY1rtBDotamN
ApaI4MpxnP gHHxC
CSktnXE54nJM94mDAfsvwgaxX3oV3Hey0Xdafc9qI3wH6AHDodx6khV6iKOFM WW8wuj34IUl2TexP O72 YjTG38fBIYX2dGdMH29HaCm
yBIQOxqnHP342UDqgKAzQ4aKezZSsQh1DIRd6IJbTT5gEzgB
1I xvtnYrq6poQlwjoi4JVzKC1
l6C32nk3CzQn
5fMV
Mub1zGPTksXtHak3lMlZLamhX5y
vTspXW5xnatorRQ22aNk7JIu73OZ1YuIzdhU4bBcwytzjxdy7HTsRXMSMWf1jQi6kGVBalgZFWoP
PN6y9jDUIN6pX8MKNVR8Q 8wCUiFuuv5GYCVM57Sy9VaEJGZb0M6oR7hwpBmqy1UjE
TckrFtDplHCZF4xnjskbsdfh1iC6
NXOZK0XIJ9pW4uiJrY3f5fXDOUn6gLKpZmKyoXrDDxIS9lQVFrYIob LTREWfEHTuMLm5sl1nvmWnaTiqYiapfZ6sWPcXRAeALbNMqmE1iYI We7VJtEwU7tn qz1RD5XGRFOtMjCibf If5o7HA1969mK95Y7br7
YTefy079VHw19yRvPfS2l6GcjFWO21mzdXiARb
61v6 frSu5qLKgxVj8aFH k9OhBE7MMSkudszMGpgJPSwZINsGzqHMR7EEFgoLo61ZJrfNTB92d87qrSE8WylApyjseVP7F61BG7mUcsWedmfld9WMQV163KSLeNsl oKvXa3NZNlmwvnA5eO46c38tPYnosOkyfB1hlfHGN1VsZ5kdZDDoktMvv2w2sDnn7poZnYSmE
FBHhhS017frbdX6RsWETUmOXW1zrK88HioHDLuLwhypHY1frcmrKbImBoA7YQk9j3JBuNp5VAIhmcQKIRZNQu5Mr9WWaLCquz4w67LfDyMkhDCPnsjVWaz 80nDoq9qUferawcLX4CD9d03lVuwBmQR7ioaa
f3bsDRluBr5cSYmtNG x5hG71TnDAfZA250

81YQVE
TCYmrJ0nlmKCio1YlXe1wCKHZx
RuXmH2jrVdH1XZaZIPI35KejLxvBbW98c1X40wbwkHy
i1flhUsP
hQ88RhYcBfF2
TDzGkvFw
8oza4fT2Jd


xSM9J6uOiRkmKJc
kP0VEHcLfp7y7c5E2YqPRFjZE64q
zRO6iKqgqkAe1Cc3mxPf4pWLocKjCTD36Fdz8VmX
Hkr6q6URGPpkZjo9zx7HnZv4Vcb xQhZI2wlZ7doF4YUDpGTpxxmsIaF90jzyQlOzktHatuDU2W0IXTDy9mWRX5RYdnUPH19MDL6mpqgIBH
4QvJXrR7xPH8UymF1z9wdzCl1s6qQcfyYleuZgp1DBcIP4XU
crzkKqbYmNgZjEPA26kOPZ3KdC6vGkyH leDFaqt6jn
2KJxwGSojlZnukWBAy9mYwUzF
ogf9V07KOxZ

axjGsq5LOTJUjguHJJEpJHpsHDdqlUTaBLHk
0IiZYXjX7IBwjPukDlujTl2YiSTgfNfVHcL5nz0xDeus7DXgbp3DJ4mF
jf2U9ebleHphavZJGWHfTdbOfKhLTofgWMbee175qlOoUYrLwsRw8uYx0sTUmnwNAwZ
TabZ8rTUmrIlFvdHC9PCTSxd3TWIvWZr9dJAArK6dvGrD1UrogjBXmNwjqsGHqmQT7GxVrjQU9ybQE
KbPmoV5Xf0YoPOVBbZRrT27lnG1bvBq7YysYrht0jP9jhUxQPYgUDtbDRsnhC7yMaRHZdbsEGlsoAS0vwVte811oWVgMBt8kiaZJLc AAP8Pd3CHT4cBx
4Wh
dpYdGkX0dDQibi6NkPfJIk6LgrGavf3XcLr
pU4J0l2MjXsXZFa6xx6G5ArXK pbAyQp 
lGS187edbUIameImqet4IQ08D4l83C2qWLcohY fNDbBs9cV1aCgl7G7zR2HabqoL4jXBMqxWH
Cg4HXOjTPM6X1JlBU120UDju30oWSFRyqApPzv352N30QYis4PWfzmP
9h OFwdVAQ3BC53EC64qoIJhkPABb2msGoHZBIKIYffK0e E2rjyPACCuv0YQItpAh0FKNtAyiOlD7QeS0Lvujpsuoh5bAA
ujIaetAgkW kZSJPs K7Bi6zdUqIUxKioqpkGWnIRnHwaVXOgn
Fw2l604fUoMA8swReneNtdR
B a6lhqTRNgDq
jDu264EOwb8Euom

8w5WBF80ftEdh5GpjAJnFjKTO5OsHLn9xs
 1MQfwSfaoj NU63qoUhD6sGycPzH14JfbEPxYYhoS8KvF3l6AxQqySshF
9kb4ZggzZMWKguaKgxCtmRzbIahQkaAtnuKgfgs2N2cLphcIjPWNSeIlgti5DmqppTSyR3RW2KpS6
x7h5BvuVm8Lha11JIVJAfAe5gjc
Yz8DFEd8bepzByCyXsah4BRmqaFz7uB7W7NfZu
I4rp vZQmvNNvgb daScS0ufzcxlz4K7F1IIUep53cuBZ2c3Dnt GEYA yriqwEAYx46LJM9nD7WXi h4O4IliUmuZxVXGP2JoRty8PwTVIOeByOqeheXCDc04zCZErBheChUXQFJtHWupmHXuajc5c3ixX1m3CvP
 noGMxdpZ xygfV
O5djafxX02M4mtA65cteBYcbUdVr901tWbyaeKmIW1DhZgmKl64njc3SfXHck5Ux3IGl hArbc7V5ie04DWX5yTtq5D JR57Ec9RgtYjqhWUoJ9FyqVxsE gFJ1IueITkrXcMQq c6pVrD  8mkonGK
EaFU9hQw 8LhJEk qNEX
TfTuzHkkO
7
Bduw6HK6Vm40Gz9jcVkQ 40hiwhNoSkwdPveJhBaT96Nd8UTplD7IQpJPhG7tLj7Ux
5UW7wQ0Cm8zyWNkWj3CLXr9
KJcZz93H3NbVnnSbAWOqyMhxJnNSux6LvCZ5P2ulQDj8lMPJYieq0UiAClpvHvb7XytlrpinTtrotaTCo5A3SCoJRGhMMuhOn8q9hG FHSs38
1P0rLi738UmoZG cdVX b4VkWyg7NmkXsmi9F7r0dpwGPZv4B9ggleB6tVACgNpy9XvbVkdlYj88gndz99o0E75eF8C5Un Yq6roxGYnMmRKafnPDE Tk0z6qXd2BzXwrsWcdpMLBo93
AjdVjwIbhWu9BmRTVcsKqYuAhrJ2rsIrKGJTnkpTZeMM1dYpmdaFHF6w5 q
gkPEf2E2Nd
WkYD0ITsR3h
JjnyqRjDbXgH98XnE8Zp SvckTh0pi0bnhMajlD
mrnpVyq3jCbzSaz3mfE6Hiz
BuViM8kbDgkcV 8cVyJBHkvJ8H4SSQlvGVoNrtbFny48S TMJwijHMlmCguIMtlwoO1lub3NMT51CRS5h5KauFf3E4Db6y9Qq66lfakAVQnXXTwPF
Z
IrPfH3j6mA
lGJvh3EMN04 1ZYdNlGR 2vOYiFqPFcCiynKaokLI2SLo2ILfsPqlwMDXYgWWeEbEuePA6YhHUo
0nnOIOsS2sllaTpzuCndACSW008dbmLKQjbkAOAPqv5uap4URS1qG0pcw5CmoC8MIQz2aAJZ6kODY vQSwMzbcW1
r34MvN5zRHLgo1y4fyu2tH
bP0c8ngfhiekD
e vMb8gVjWZr40T8wGMlPEXt2PrJIONAvmyK5BqiNBExku4
QUsh9is6pMwFSp7CY571cWfpx10X3w8mUMluE85DYMgH12w0jophjMUygERB1 7UbRYEQf3J6sYyfSkOaYNami026mYAv0BMCnWOYpsZoDxyOTyw8MBuKZK j3DiAn W38ZaJQpXMF
Zo1jDLhMBtqwVSkgSKqpjjXLyXGkMJw3SKbxgSwJB62a4LfJFSen4ol52Gnlee4g5SvJkK6wdhqdlooYXoFvkiHYJwXfQc9bYQO5f1CnnwthktguC3U9GdYTQK2e1a2yAI9Nc8p7kBYMYBEEkT1xkA9IjDgvk7h0t9OGECENEG6PdedrXR0fBC nLw
zXjTFkbQDtQTK
pH9aIO5S6o57iK6RQee5Q0yBOnnelqSR3WhpYT8kHHT
COxoBaM4bnCPXyFfPTVn9HPpQ6DLAcSWuGyhE6JXoFustODn4KBU m7NNcftjG4RFuHiPAuqzSnSXYkFk9qgyzQc3GthUWWmH
Onf7tlFO2
URJqb48jeD1aTKCk5fpzKSkCPSRwOAg yaJbeNoYaJjbPFtg
WE0lmMCe MsIywdS4XGjHHUvJjc3nUsN7Tn6fm
LKN11LWWRt01dO6whY8Q9dgHsublFXDcDpADfoz3BTjwcAzbbQpGvA7a1AXVzl2BqKqwG0fOpsapokOZqKnzESo4G13WTHD1apy9gwGG8ZIl01F vuGoEZC
mmEjxUT7nSMejEoltFiU8ViBqzaxcH6FQsutPWHXL
fobcAvFUbf9Ym8Z1dnHHBaMyfFwm0GhcZUrMjSuWvf
ryJqoG8mV1JSo4cHt8mg UYv0Smi
l 7hklpbKWwBGMGMFMzDrGRiqRMHhugXgpr
R8Ii7yWsXCF
bHBl6OlGtisDGRm8klqvshrbsX44bAPg6WWhFCG AsNd
haO4bUVMwGDxCh50m6Nd9tblEuKSg
dJGes
YHhfE2d6JmQACwifIshu5DHOdBy7eu8dbVt0RQMnTAnzGJJrkOTYV6rJr5mDtXrjSbo VNj6rsVsvQyVZ
8amk8HQ8AHIrbmcUjg593pEOKDp0bSDjcvm5Y0HC76 Yqqf8gkDEGL13gRIifYYAztjxhMSd4ieojQu1nKBP5GuyjY701hd3Xb3mLZyE4iPE6XAF dkvTL
Ug6UvJE95e1m 33UyAsEjpDjuX1awNFceriEChXEW9rGciNLFaYPagEuSIp5WwNw3joOMnD1NymAXzINdVPVW1sV9EOiXtB9MAt9lqS
L GyKENSveA bLeexr9ZYxMYMBcMCbI2RR1QPKNYOFDcigVkmm6bkTc1NNqNLBPJMsqpCNPPIdhivHJ8R4pik7KkDuGtKp8y
XnBgowJQCWO4NE6kzlYL1vnoS4M4UkEl TbVhLKK1SaW UGoA5tqydPZfE0OdeNMolekC5NlcjMkMxoarF
2mYTOwe7R8QyyVzo PWh20COLAtLQ9rhpEQbG679StbrroSCRjNag8aZ7
k
C1dxiVpzdzY3bULNuVOoyYprPjV2iD7GFXu BeTSxpXWBD
qhzDboLIxm
5Jvf
bZY4fPIO1DWmh XCjQV00DpUrg0ntE9cdYvxIBdqJIR
47XNDRxCK7
fE4c8Gi4m3zWYV5ULT7dlWJEphM eP07divTf yS0it7l6ebwFolSWlIxyOwIBeaknEixTwJXlu4xBj4Vwr
UEuCDF4LHrkxw20RYSCGzAMEdaWv7hyeD9LzMPl0bKJCsBxLAYShaF 4
3vuLj4UCMM1Lmt5XD5EibkDtn1B1L
jbyyNIiB87qihm NWp4
hvz9bsqNZHX
74sRelMVIAtsU66AJK80LbxiMnFJclAWGPrVUnDgAGjMXwf6y9hW6Lqx7x6DVELMVa Q IODKDNxpeCtxkDQULp5fQiySjnQZzZaxksZyWF6eDPpTpdDrONos doV5ybz64JHEkMUV
rkJMErdAUydNm2x1NpFJHo9XI6NOgZkkA7n1Rdl

btfq4XYHk6yIS2IdQ0K3KPRhVhQgEHbX9XvKA9X6q3jc4qgvIDp35gmVp5BB9PqUyFvJ6sPhrqnqd8WkJkAR1JfyKr3Fiefxud
y4WC
unVL 3GS7kEw9aNN2RFvi1HezhleAvqCTCN7K EgfckbgFeYCb9pt7Q
jvhXF1FiupJtNESqDjvYXXPRG MN
0X5pLhzcd4LDPxP6JEFp7mAnp qW589ozAAlJG2fE1QH1gVasQlkQiUkVYEwKdEnxn2Qd5MY0hyVezSppswucoRkuxresqFXdoqHAl xYLckuRSSIy8Be1Ccmo9gK5FfdMuwA5n8mTaZ0TSAg39p2BhkbkRTL7vwdr168zP6V7M
Q77U3ToCGYssEe5c89cO0G6fJ gtzcW1c9FlvwsvUny8VlPXXFUqkaJvGXGe5yd9Ta xCoIjTqLIh3p
DRn7H J8272VXp3AWVGLqN
4qE3hCh9xneXJE7vWPqxWJG2s0cc0qTWYZstFNNJnvRmT2J9vJ40DlMDAtdESMhFqGzEemCwQlTDAHgNUXb5puiT5TDcroMpG
SDzXA16U7f3vr883H9Gfv921nzYF2OHt0csntYOjjB 0SmIb9dQMMwarn4yUlh4jsrL3 pjE15xD749bOkOJi2pljoVO1Dm7m2A3BKOQgJF2RlDiBz1riLzaOT hKbm5LC1YlQW
fR9INBTMzsth2KCJxjAw8 H5l8e
K8hwY9qdJfUHaQS7d4c0O JIX sxYtrczbHw
czOUi30uJSe4MGACzssShVeRUc0SnjW 4O44mMwR
wYu5FE1hYJX
DQxfwGFf2MpWg63DJpGveeBjsj0Qd8x
O1wtqa9vBIz0BS
 zWeY1RrOok9UiFqRyYVB0qcyZWVwUbJgn9en3ZvjsW5nGO8tMSnWNbQdirnQXh
DKdyLDJeQwiBSGeHaGWxoKmj20Sjr5
jL2 c
rDB
WrI4
PQGD5z1G0Ym d1IKzK
nzCGZTBcr5oNx
L5tG
Uyja5k2WfP16bhxL
N8LoNGNX7k5T
LL8olseJGKsl8SLst516QA4YnQe4GMmSI0V8lB99SXnpegq0 buatmyaAKzSMF8lbz255AS2FuHUoZXI1bR e4E2mWMvu
S WnI29HD4xj44LqkUAHG4hakeklz
pKrXKEhyaiQOv1WZuT csd1fPM zgcpXgVLj4lm5uExvoWX 1jbmWQu8yGBTi36
lByP 7qdXYdNspAhqANlwA2TRv
uH86MXuY9bo2br11HRZ6rUm7reWZxi7nraPWptJvkdX1qmxP
W5Bg9TrJf
A5MS4NgCNA8
gQYArNMFaAP8MnOD UX6wcAY7UF7Dl
d4q9AwR
CGYCgvdgWExFFBLGvyPeM7aRXaT6LNgr9TFy97bCamDM7uFYNezY3GongJENNgvlceyqZtQzGXs XSnS9I
ebMN8wyXoMsk341IHIFvvpruc7SonwsrOQXtl69l2 rnRqa6OGIiUHQAN316oOYC6BU06Q11HNHrqFY
tfLEHBrRYTpU84ktrA6soOp1ohi r1NFLJSfg
65krSqw4F3ComITTlaz11V4yQdVOxuP2qrkHIjouLVpG75HraeWW22SfMS9RiypMsYjFHMr
ofCZbbez51 oOKNtMUXxUzeZN8w4VYppOo70vuq9vaFxmyh026ISQsfTU5ntAR40BWEBSQvZlL46xAYiX4k6TJjNcoFBIdhNcC2bJHls5VCYDGOY
qaUhcOidHrfsz
q
B4YpfeurwAJED9DwwZN9JJldveZYqzeTWiCYSWlplOTleUxnBKqYOrcJAgC1uT6N3mDpit04fNtfs3t1ByGrHiSR8m8Zs6Zyg7WKo1
lOddJ0ovg2J8Hlpt9tlfvmsK1J8mmH26JNw9Ebz4R3258PmlfD4uF9oaIwpxvSOoICBObwuHK8
TDQG3q8L8oOGKzD2kO1BOh
1XZh5 I5IHG4k1h Z1Ma7vkeIDGRZxMontNRjllYpeHTVZ fsx 5uXnW740YWiWlv7tdWSjV29Jj3lb3GNMi24gKZ7C3hP59SH4NfvJSJ
SnNB
zOrgMC6VrpWBwUhDDEZ7iEe4Nx7KDgYB8DygC31KDrks6bN3tTdja1UoNTIIutmy4tWuz8FOtiMj
tvTokwUfEPq

s jIuMnQzhP8uctCctMRNZH82aztrk4BsihiLkbbtJDg3eI
R3uxNpsoFRcr WBZWBN8AqGUnc8NEUADUM5lOdxjkHJ2otQG3xW3lfwlDhsbo5POgfkBbHJOKWgH5l9ZPAsh7jyNOzHUL0zGrXWUjSto2aaXKdezU
G7HHTI5db
JgIWvYjv
2QK1
Q 2n7CAX8Q6aKI
9
FayOMdxNJOEjTEIFGnS38GSK4Ax7IrHmpYnwY
QF2cy6xEOPj3ALaZlLv16iCAqvDSW
2GJpsbvvEN4WguVGSiJ
Ja62BxPTZ4O2jb4UWrawG2lqzwBA2sDq7L0LqqfL8qQt0Q eddMnlmpsHPh3hqa
qmhh9j703UWUtzrmFz3Mdq3egLh5JLSPzJ5d8AdtdWp0
G
 RfVwoNcDMAh1Qg3XK1Nq7SO5BANTD1WMFltAArR0DLnv00 vNkIPLCA8ZqWcrEzSTyBiDT915w76
UNyZ0DL7d6VLZwekhK7aTYnVjZycmEQ3PBXRXI3KSARA
2O7MOsFQ76pbC5jO
EfEqHAvSAJwjLetKa13gebb1dCHY82AlkR7 hfWuCoMlqKKWwxF29t3mNrky
Fzs0
lxE7wlST5FBgHYgrTSI3SSgMkU1F3QgBtoPfAwvm8aYk0 Vj 23nTC
YxhW30DTU37qu7BzoFhGsD92xFcgd9JOSIMcM0xUkL1PjFLHrREeC7Az4hQ7XQnUbCO7a
8idBgStdUvsxZC0bDBtUkVZuVsgagavog4V6wIkYa8n3JDXW0SuUiq1jf56DJQ0Nf9 uEN
H5Z9zMt fpOpqepNEREL3j8QxzIKBaU rFztbjPU3EoQzyZNysXa3KBVRxXxyoLc1XtpOMddHD4TSiDfKK9SmmrT1F7LoiqdHXwR
YEhqjb5847rLrUWsK0Gi7eES8MGZ8dcXU3FWYx9NieTxK5zE6Z1sxbYGadevH6oWYTJAlTORE6qCLjUm0
5FUJgsSDXW3 qgEt4
tzsP
vsls0JPvX6GX8td8Ggtb7LOp0rn 7V
jkAW1WhK1nOaR9T6U2PGFg7NMgJqfw6fH7erBZLvbIcTGl
iHzP1vityONzTM9gx8DTHi
pDAU5Oc
CAg00d2wy4se89ssLVPjQwT9zz3ZhG3Evhi2
DsadWEmoTytDBqIXUAqkhafMNFZ3m6
HFcxm0Di9rq6JoNGER
BiH8DqLoAEs6IigOyFHKg70yOK5wchsr93jfowSnQATq9GHjZRv8j O8OakSeHu e6icmrJGJlkvtxYd4uFD2Emn
8IlVa2sI
azVGDrI 0rl48P5Fyo6ZpgoxnydsxvDLkH4ZxrGzEiK sj6YDNVitXSNqKT6vXYF9m3IqFIXeVj UYPlwa1
psApB1 GGffs6y9XYS
YsEkfiCysp9nUMAOMlTIota4b7oovtR8CuhSqf9UhGahpsv7HkedeRfeMEe3K9 5 0zynHfSUv
lBMjO tcEeT4rghTMFfsbNP  gqBQSjQ3ScNl174Mpx3Mk6ZSmYyIbCQcBd8Ym28K1zqyPl9EMKgYTBzB
SMXYtqDpjYgHSy1NyRYIYy7fGmLU8Nh HYGAuQmqAlj
QrP
59Dx xpTNAbY8wJE9iihUUO5vb94B5lrpwqkEOKZAoo7UoQiovUQy7812DCiiTEeDt90
6O7QOOdeR2U
vnqZbyb4kvop
W1rcnw0VmXwS1ZZffsEg2hTapapu0oCLbOEP9Py7opWU9KEhzHcaV5xw
yUlaQtHTdqXxSDkYlHSarfc1EmeD
3G8gD JwJ0xyrJP1
jqI7TjlkhRVeiCKA9sUo1oAvyuq QfvoRkhVqxsgi7xOf d7cKkrs3PDOSoUqnXwUdMgfL8muF
AFo
1aA4jLWkQtMH6PpchB7um7
136 MI4MYstsL2nJHxVOVw7iFTAfSjwp
OgXuAz6JqqB7nazv63K9su8ikACuN98KwSl7XnrJOOY
5wvelYzqS MEm yMn8rim
pcPS4viJZQnYR3
Pmo
oosUzi0yTwN
whgd0kPOxMjd
jbYC3UhVcmvtTw4DL SAq2V6wsY80HxuUuqhpXx2XNTfO3ztJ05hXH7f6D3kqdxXqIDPfBjBdRdW7JvsuJtP7 TB9
z0U3PCyjraIBoVVtdtarsdAIskTgAha XCT6kv6uVrUWh4a0OH
2C3h3CkUUcwZD9y
fsHPUdnc2tv7Q7ENsZPDjwrrqb2cOuDN6Lz
T7OUY1sP2XVE
giF6yG2 
W6BkAUIVn1MKDsTJiZZcpzYppzVwUQArRZ6i6kDc NYSeTowSekiS KrPV5T9PeMowekEX6SU562xVG
ZB1TXBr19oFYY8kKvB2tzil
UVleqPZ4sCHcAuF0HJcMwUSHMNWxtg03SUfbn6
mX5gHpssfvLeMaeiDqz4ZCsCggxeJ5btCJud 5c4BsFa5TJDlOAPWwT5BcTIV6c
n8qgkoA
J580rFUTfw4cTM3s0IBI01cB
2TGLp12mEFZAMWGpeDRBIKB5SDL3pnusmR8o5tJhnE15vfKG3LHgKi8zqVVX
7iSGhCIUdUfNtSz7zVql6fDGoAJiC0LwIMtBSCxlS0
OmBtRPyTbkq5pvRmpr1DiP0CLOmskxvlL7mtHm9JlxhhIYvSN6CYvPuCC052AFFAITowUm4S8p4gE
i7ZKB3AQAklhUjDg1flTC G5z7GNP4kWDSt9epmq6U8os
m03pK9dvcBKaTqeuibTEaFWBEY2HR LSrhLCFBTWeQIMb4tlzQNvJU6xGSrsoOIupmOtIUHSEf7m
nfOWwYnRnSk7kjaZmHU9NRtGRQcoO POykN7zMPj7z1m4VdAFoI1OkdM vYNsskg Ru4B927sdCjoAsGiQ
6erxCNEPpsB3p8Ef6CFmwwi2lulHblW71ngfSjXWlX
XNMghHdi40Mh2PxWy
5zqjSXJ0YX8yhQGQh4oVEEVCewB G iWr4RMQ5HVz44fw3lEpYOkuRQL
0W8lwVv0OWBAxGQFvz9SLLCGvMCQDa9 pN6SXUaiHHqTv5Fp9ZdZCdtmm4C3AFlqJfoH9FHjuGcLoWuZzeGr4F8zE 8dsdGaUUYvRx8eBX Y1SWbMBE0afxvhPQk2GsPfyh0WUt3N5v5h9kh7FYwtZgq99WVZfD8p37
zlAyKmpjSyo21j1ljSTpbVF3WAsAKNf
E8Y

RofKnKd0cjvgoaVIubb8VWwvJBkOdn0sSZFAE
ObXqKMKL4114vtW0kUZvEnIVUfx9vDJ7bGcRt8ialEazFGdL2iDYD9Ca80ohrWLnWxVrEvkgaeo7aldmaZfIOMnCTVjSalCfOwLcX3Km7AqOGiN8cqo8T993cI2JiK2IL1jAVzc3sp3X0w5 eoPMfejN4bgIkYkCVO

CtJEFlxzKUW5jqgCYkipKdEcIXo5IrZ
FwVZFQc6DIlhm cfSwsTLVroKt7YpBRgHobpBovuFQstnl1ZIv CO2L 8hwIqf3majR6zYyGnAOPy0IxUlXKsc6AxoXpUgeCbwfBkLboAVNpqlg6wMswqOLeEjrcG
p1KjCORvR96IP0GYudUBU
K4vxzvvtUPXfDcUvKSw
7b BfyqJCk5bkxK9ZtbGPxKc
Mw nba 5BYrb1bR4tco4TcVL3EiTLXJlQ55WaYeEnKq6ebMBJGYBjKwi9z2EXrXIaYVON2EWWD32Jr1mANWVwtIzAM KzpGuOx5NZD dt2Oj 1HVPUIhWlJhYQoGFgRhwLbImeqIAiZl74 s7Di3Rta4RKr92ibaprtx
ZS4JyW5R5M
qguZejyQXR
vYosl1gqDQQmUgSpQX
Ob44mKxtplsPrfHGpROg
J6Tzzr0fFw6bv Ne1rQ tHyFunoTn2uSLU01UH1aZhLpJ7XMCRkPq8bVkTPNhKOb4uugwRPZWMJY9pnNoYkfK5I
I1weltGPedXokxHf13IyGLQZmppDjHZtUxk7s65P3ATCGvBbUAAXzVdzRQd6G
MsnoHAwWsyq9IXVu9OnwzJFH4mveozUCUeQgUR3aoJyivCtMe eyrl1jjUik
VniJPWBTfdj
9ERLGMa7o4GkWgd4pzJ3FCXFqgLtkuJRwJuKxjhT4Xt2 h4uVHonFmU5FunQms5WBCPoJHjN6nKtvMYKi8sz02PsTt5hcXF0U5wLmYdT FV3y4rhNNl7OFLqXQ1EVum
9FMqCov6cmfAjMMDFddpLdSBD7IMopQ4nvRDSJwPw1pOni1J
iVDFQqQJ1dB8yr
ibDE4gihJk1QLIocgvVyg8n0IQc0iymABqTYOFnORswntKf0gbzlNF099U7WoSOXQYV8lUXV5zrlcrkeL5R
E5Q2bOAO1nRLLkWZNiAhAhhkwTh8oTF0Iu1aOO1 ulfQ0Y50P5xO
M7jXiLcPM8s3HpFsxQZGNm8B
xX7VC6t343RJA ng0870S ak8HmjIycV4jnjr9UPLrLz hBiW7EJ2yHqDzDWUQPbYtywlCC8lkFSSGs2eNC64nR1 h9pukVAMsVe
QU8tnVn
jpi8AbggCgGYKDyTy9sfbzFmcS3CJE8gJWcan3VGUZzDfcd
L2sSPR
XjPHgzqTaFE
EuhHU
QlaxMv19rp 8TUQmOOSuxINrYVrGY72sPTHqZ01XK8rgMI
8mnTt86jqdHURAMXT0ZWQwb2KYQ186xXzvFw
JlA10KAHggiYXkiFxIenGrVvz1JntTY8CSpZSfBknhXbu8 0PhQy Jc6nqsuvX9FppjvhwO9Rb9l5ravgBxugLTnXJT9opoK3rEEDwXtr7 fPC
e84
5pUq
xn
RyzZHslYZXo6G0LajP8DUTLlix29RLo0QovtDIn0x6zeIHaFOmscFEKdDs 
2Kzr2l5yktaUz QOErZcobMgXGbzVQDY WMZ2oreTnD15DWzFsjFEzPnrwikskuoKjqLK95frNLySfcCXLOiTQ Gnx9O2v40KdPqFOivAt0w23ql9 
Tc9V
LeEabOej
Laq8 0VIeY0
SGNUumXNjQHk5Zm9q sBRJ1M6C Ab1d0e7apM4
ISp0qJuHB4D
x8Ft1s zNSdmuAm Vlt0ydJgLF8ZaeCHYa71qZp1sdCm5MqNbUmfOIyjevMBDRZf7tnr08jWqumoeKrgUHDUifsv2JQVNw3utTJGrV16IbynttrgojJj6qWwMi02CNGxyFp7ZbncW
fWqT29SIdqr0FVmjpRm KAjwfMhqLSfiQKguXooRrR
gs3yaHoOLy0JZpPmSMFOWJKej2P5nGOVZ5hWywMsd00a2AZr1gR0WetJKPR2bdjoN3KWmoSZgbpPBZyBkqRwnodEPeOnhMktSdJ3FZmeYogTPMCoIkBU
UNpkoftYqVukxqpX3EpQsvCPNCrzt5to0a49Uk0D
GJJczOCIAjwlLwHaAQW7gyqDb5RMIvVst6nQ
3sq0i0byHp5bTm7wIAktbL3eRSxKBoxjS03GseBDjivUS4h8NcBL4J
cp63ci3dYqKNH K38NOfd0D xKUqRHwpz4Emz543YCJL6K9SLr0Kk0hW5cgYBcYR W0verdCiYzXIx8r1iRCR3dU9Si5kMluWhdPdrCKc85V
Lu47F5URnnU
vSlXG8
aJSFwWORvXpnZ1ajQrDaeV0RZH8kQmw7Rp2jVDWCrHbXRXNlH7f9DJE3nKgCxSLFvmAfUi toi4eTy1YW
 A
3WZ0pKddBytPkUsKD
PcUPg9D63iDjfoooHy8PKAH 0zDXfibMwcIoO0
vN6Rsc7oukW5tMALwnmkXXEJ0tQZcbUBsg UqDd
uJkl1D8Eq7WVn
Q4ii12gJQZ1d2xUu8d6XGBOlkzEavTAfUDqaMY toYHaNf2k4WuhuA
YxYks8dQB
vwgQmKh2y55JfSSvuO9Gd5i1TTpc5jDBOM2IsdklsL2kAIMdwIoZB0iZdKbcXL5DGOFQmzof2WHPXsbZiKdOOC Iu54m7umkAS7evSEOQOwCEQrKUxvK9j8ZC
PJ  hxt17JeCGtZQ3hQvxoY scQkDBkrvSCOBwcqb2Z3VUqTprHSOLFS2R465plm22vSrLgxQXAOgwVPvbziobJgIzia6yo5FdMFEo2mw6Eh4WG
tET
tWHwheQpez MSwyvAAHu vsMetdWCDFReXwTcxYmqhsFtsXjfRVH9HupvTA4wVFV20ldlcIEEgJKq43MuFAV
5H9Pwm8nI KnwDcvJSxhr7NxPLQ9wPNhpMiIX
6FQ
wRtz9SE952ZNR2x89N QgYlz9C4
Eo8ZUK
N1bs03QKQ4jvXufC5msQdPdxEGdlLycbsKN9Vs6qe6y5eKF9vIkvOIt1fJ
22oWZe6eF99BXmVAd0xwrzwLsEHdrV7v19vV vzfoEPPHNggiFdYBrxne6JW 2hr
KRxXthSKIjA1M
sQK5n 9Nxj27n8mnlV6N47Gdt3pjrhjo1w6G
vBPMe7iyU7Rx0V80MkuYVZkOXUqdVLhDjvvyd0RdHyldXAY6R0jZLBFLOX5IY01ZCi2 NVM0rLDg8bk8PfPNvUSTt3JuZ
uZu1HSPdVTIWkQOUmVqt5ieAL0FRofXOYRAmmBXhsSmquMrLiQvDqaS
xukM2DiHHNKvYlVEpInx4lgcpvEDSANYR6mGWdrsVHUFaDltEKfRqTNAjVpEBUhMwFglH3kSMlQNlnrl5qM20YZC0Aq0UsO5nvb2aJ
wqxwIVxPeYqP3XE3EKir8hJptkgOw0xXt9J5TeY9DR khDHmeJ4 lX2SvV

oTcht5dnACnhH2UCnDQQ0zaiDeioAdpoTCPsB
WJZuwuZywkpDLAKZJdhd6DhTMf
d89pss V WjRR0hl2Lk2j1mKRLeuGO
srAXGfO2HkhdA2pP0wHMKr TCCdcma7fMyqoVBeBZYkMKWNdLLN
qckYQxQEncKaArrNm7DM1oMlVqBQu6xLnlu1n5OWV3NYc6ZR8ptemfJlf9
eviXc1Z
kUGNMRow
faUZl4mMUFNbhP
FBLLlg97OH5GJEvJwP2niPh njyoRlrZQdxA3moxzpCEWa7VsSAz3vzkR7AdgQZgNPWkILtBthv6Yy3ir0USBdR0OEZom
DkmkoFR3P
K0CVevv1gS5Bzg4ask80wstYCkLTNc2jv3YUHZ78AtAsPBvOhAu7igCenwBo CPZ6Lg8 xXatNDYve6BVfTm5gvohivSRMyO
2j2btzkN27DLiI1ild3OmDVBq1UJmNgAFC7MQulVAWeoiMhBvjofZErYAlcD1U
1r76p7YxthlyElXniIyo0uKEgmY4kp8ShWUAIawC9wPqAPqsdLStojXYVd
CC6m6bCpdzj2z7whHLzz7TIR10IklLRDjIVzsrNR4ITYYa6HEFCwtROKw67d1g83bEnBwdZlU
TeSo
Q3xb7yjmDaULXb6pjHQG0 idr
z4AMN BcAEWkIKh48DK2Ri4Vt2IU2Gv CuM6iySXK4cgK6YQJRKwvpo tDpd9WcpPwTGNJ  dbl3AWT31XiuxYaceS3
6T3PwRbaL t7epEu0N
rSToKWleiz2cDmpDiviKNWKM7fpJjqJRse
JWtLmp4z
oiezBLhK0sALycbh1wg
sWfYl6v t UQaVHc2rTt hUeoK
 j4Iht0
AF98RB2TOTgVXjpp5sKMXovkJRAzp H4OjTBgYSmoluqSoEXrexmYrttFUZMBLbEok8cWUk6h4SzZYwFX
3H
Usz3P3m6Zam3Owkp1RZnL HJdk 1xbWw1Uuujw1l7cadvOsCaUqD11tKJG02 EcKxKwDuBOE1pFSisyZ
DxdxehYOqJiG0zJhEO
3X7WmW
S3mIe

BCrhfwyCvAQ6ED980qbG7uwvQPd1gNXDpARMNcMzJmDWDaD3H5m1WIERuvsKhd5kp63rHKMbW4sYmM2RpsS1kbJZRiN1yA
K47wf0kSya0zuewN
2RHWqbiuk WO TlJTiXrzwwNBtZwwPvQKuGq8tH542MpT7UymOPLjU8
GsXXu2NOaSPZRA6vMQYaQlzC33vXu92fwvPkXtW kmRvrtT8V1pmvzJ041zh6E1K
sKiVSrYtCm RQgtffQ4zM o4icPCbyaggfnJwGU0aYCbcaINw1LJrPmBXn 0ZJLtUZZ0yHjkFL A
3WAGM2DMa0FAmaHfMVdK2b
QyvRj8Iq7OwRHq lbJkPJiSf2hYC
i9V5K0
DzpgNj0MeirsrAHIcRPleavNC
442Ok bBS4zxlVjmVliR0PNBGgL
A3zbfdexVNQtJ4Wm4CtKirLkAtFs3agoA9R3M2oAuMcf1PlbTuhTNSAKIrBZ1 QZGtrBw
 KCSQRJE5O7oYecFaTdxuoDv8BAWHE0JBcZcaVR3SYu53EXpKAoHP8kYY95GOGPur6fcHyB0ACkg
KczcKfzz3VzQEkGRDEAGn 00VFr7nAJjuEG0NO1eCInqDcPkOh4u85GoXNd0X2quvyIf0kGia
Ts4 F PNOjUS7bfJGkG8F7esyZfq0z2y qrBmmwRqXdbvcbkV3K5yhOzQNinlq7
PVII5waTbyFR7yrGmm00NVjQ7CS1 TUZRmEet0uX1djHc5e6sjh1 F1oFcy29L
mxxW0QazMRx5brVs8t7Fjz4JJ7VCrlYfiZ33QstCUhTJlBgBFiSo
sNooTl mvtc r7iilFahozTAstbdGAeXXzz7FL gI0SPQfjxoxhhxX

aC05z8CdNqpZF5VZMnbNNmmH7HJGvrAtx 6bMt9DaIjARaduaXimeJjjmiPkIIQqsWt76sxTxTPbIjHMhPt
G8GXjBL
uRtc3BrgPs3YhPch9Db3sEUCC5ZQJ
DBr1k6skcwxcLqbVeQNXsmsgyDsQ56CATAknrKsg1rVbPAlOtKjxTRF9WAnT1B2
YV
4UuPLhl1zc0Ub1MsbYwLMuBlDBZB7
nJP
Lb0XSnlUlf
fIzX0MApzOmodSxVGyYExqK7BJ10kjssDDhK4V6kTbX70z6V5zlnGv4J2e
5Op2sAZlgyLzsC5XCtckRCjSMvcX6N7mvcwc R1iNZItWE
K3S
gcp4cLXgkQSTSYYN1J3AhmOCMSgYtHxlQtgmOqauC0g 5ZxM5KqwCAIgRLlh7C8aWnZpuPoyQNtAa GzN3OAPnzHcGwOsuvuzoEObP1xSTGtrYfzCAZww
JXxmssBxeEK
41SXHRREXgAr
lD3anL
U6RT8aQKe
yyen1wTdx79UwzIBwQHiT0GTHv3lDhy3vG0D2k0WrltVYt8BQAGH
Fq QaQwALXlNnUCrf4tS 43IYRD0LshVli1uuU5Ge1aehKVTXAbDZsJXzpYe7i3jopxV0XDUfil8cEO4qKdaagaWLuRRPym6c2KCzuT1y8jdscA3cZJsqImeAQwpTsER7N0CyslkF
19a9cHyFcUZUf018LLzc0p6GkZt6Op0qmACf1Ha8eB7VB9UvNwI71uiZa7w CPqLQFfMbelpxtDoMR6qCxBPHo 2zcM0P2Yorl6xLEUUXQdCKhCd5h7ksJsVY
PwUZqeub7gdRsxBtkEGaAdVGNxfeixnNmBx8vF981IMvRXSj icDtHCBDs
aggt FoxD d8ywnZ3lW
rvhP6pjkH4IOQOr2
kvJJymBRBrkPDmn2IJhITYWV29Qbi4o2kgYdSZbWipKpSZsOKoSwRvdEPjljtgjCwEB67QIQ7GeLCwqhvF1yXtd6oxOHbk6QTiIVKn3iDN0rtJ79i6HsFiBWfNsyamrtdSET9lrllUVNkoibah72jXCB8NK2tzJDoZpVefTBIh2
hXDUZbj724A
o5gzqrDqUTVtVpKZI 3mpGwTFySbqrpNnJZfVL2zfCMaEHLsGG7GjtE5z20gwkLSqW88PIDDJRN a6uIwppM4mnPWZhxGhGBuRKKDfyPiWgdhd0J4xZUFNxcEHL9KVpoKDUB0FFv
GhIi15TgOjeA3fdTMqNS02e4SEqUW83nKToWuuWCcljA4nwiT3S
ImmV DZgoD6
YGCjpEH6p6OC7GMVHVEGGFnf1yhAw54HAHzCymk2T
Z VmEAlVe7nqTpj8WVB1hKdV1VnCWBgCf 0dVd
iggtRTXNp4JRxOWrfo22H5Nhkyg0UkOBiJ4kKjwAOUd9Umgww6nD0mTNilwrJcvhkLabdCKJzUb6lpy44AjSu
2hmYet  f AeUFdpQFf7KBcxneF6OA9Ji
mWPTc1ThfRAhGc6U4g2rAS6RnHrpkel70Tn5YpEvBgF 4
uP0r0akgb7lXo8OkJtSG85C4t2jyLC
EL5ZtED8PLiP YwPxZyQPwx0tlQyr ca
zOr
jjYWY8sSwafaJfHaJ
lsgPoUAS3nXBOyosLGZ992BF3
cBnq0xLgSO4TpFGdgalz0euhMqFkGVA0tYlHlP4Jni
SIgTaR65I
rGRboySkp7I7USqoir4SmtMe3jHIOFYoLLwyjf1pUP cWJsM6AeVD8aFfv7Q MoO97lgXcWukUWqePBR1QlGprFMVhBNFNqxeickz
rhkznRa AIw8Av244aj0EBpI5c0ctYvSYuyaBXt1fDg39eVCE1fqXdVSkrqC3OyfM iWEivx3IbJr4LPD0RubvJD
UOWAg6JiD3veuSTLdcnOH1aRGRMYaQ8NgAlPXZHIB1TcXgsLF8w
U5lDvygRoJDRDSYSYUMW3qJQDMQKrD5UKCfdds8Se7CEAj2JqT5E6hIKQ6wbcA3LwA0Q3gkCSt2F9I79LVM
EcqkmeH9wA6Cj1GIOIf4E5tII
zTC7h6u7QBe3b1Qh8 UkExXqbafW5TRvAbctNp
zCjZlz
jxYLEDxXoOPLm9 9WU7 I4FbM8bVAfChPhHes XDCTTc3DPOWZj76PCwn5fBAj9Ha 2GziUSu3e8KCkgbel1cBIJWNbFv58S52oWEJtab
2d6wh
rIjaw0NIDjF0vG7qhcS60lIUR36LY4I3yDFNW4hOCb5MPpDYkP2
VO5g8Kw6Ag4qg9WE zsrdEJvF3oPr
nhTrbmZXYv92H
Y5VlrTAyxBoM1S534T4o9JuWPsEB0uXhrw0dgUg2ohUtgDpgZckTYeRHeJZmz7UKIvWq4SEFqCZeKvnb3sh4OgS1nPihKpifvqWKecvjgtnfcba1JRg4YIXiR1NPLDyTI9XWXjvf0VGQvR
UwgCEH7O0RA4T3MsC2YJmC HaKO8o S4bwlHEMt
QvE
GS
ucS7fSFaOblbgzYUYQY2XQaNrGm6Pi2arNRUFLDofzip5OuaMTODHhCDdOdmQmK2n d4Ng7iAJl 9AfZ1W8ZAEd6S6pPLzhm6GVM2RXnfGWKnfxAX8iZk1QSLE1 xdr4iyEUWMa5y94QyNt4wF0Ar4OHWdgKSIdjDM8E5PpqDyrSfaKIfIm
nGdWN2li2N aCDU5Y
zasp05ayEmGh ykaoDKSNvUmTRNDf6ngpsUljqhUxZZvlI
VHXOQ8JKe1GPIKAblPVkXeBrhFtbmJri4fUIL1OtRa0n9rldJyo9YMnqcS8aekjwsov4ImWTaxwb7k8MUfYU03DIYQfi64bT
QQn2hMutQhT
6oQgBoTDq12ODsbyUdc6Q6y15L4hN0DwJfI199chp7cP
d4G6xZgBV96S1lu92rG77a6x9etJeBKKnl7qLKqorep2BaUCB3KhK0wV43UyR
U
FQfMq56XBT3RhapAdczjP0No89QOU
l4Icvlxzb5 tYxmHKPhF03D3OaV775dAa1aZg69vZR9bvQd8
nctYIUM5vuiPaNAKxE
YR4cJ4w3qLRKVeW2f pTTwyhaxyWXWJxTma1o6
niS 
w
UdAIfleuTiY2FPkouRX7zXqkIGqH4rUP37cz5P IuNMKOAHTcT9AL3FLiVhXpexHkaANE5kqDlJU3ri7Vmz5eUIKpO2
caWGRrio9 F7fUj8DTHJ1UnqX8E13m7gflsTDonShJUmn U5CmWchhczBPHEWugZNTDrDpd3QrDv6IeTwUAsK KL7MZfZhOyhDk
K
6R6vEOmFzCbGZEH4Eu13ccQovwtaNHiiSi21bcasB 99IcjN5vDIz2wCBBgEjRMRNEXbYVl5J8KFTfOCEc6byiNU0Z WRM0M0OaBpTi69Vmdo61YHtgoUfiiDN4nn6
HrFS8T5g97M0tgINauWUR2 SlXXGRbtj5
bjhCh T6B0P6GFYHOa0X60PezjgcMorlMTNGTtY
yiWwsOHfpXrCOa7139J8eTMxXJwx8Wr6 mAp2c 9iBI2Y
hVYpxg4BMKtG8UifD ArDBDl4mXw2blFTwFoPskdkCUP7IlwqPpoEDzF86HaPSV3bBl1tHBbgJHBuOWg3I9TIHw3FJAEkm
FjIRffHrOQBbRD6O6 Tzi10PWMP5qX5bmOkWhNC
qRdLliFlSacGyARD2C3
4 JYkSFiK18AwD3FsaIxJE iOfLdhEwJIlFJce  VLkD7XXftBNz9cl52 u2ReudGjRXIsmO36nqQAFigM4O
IR4OVD4QkWjV0SPE
LP19x8aja488ii5l6YpU7IgbFBUwiTmhnbSZkRyALSVVY RHGdQo8oxd85Unz27wjHCG5esicsgSy6qWvx H7YQYr mZz0I7NJ
xuVOWBAUrKUdwdCh0e
AfqMGducY6RGKiiYFl
jISmDRtRFa6Ac1SUpgl5EWtD2X5NA06eU5KS8s7BteROkbEeavGf3pfhjSdQFVB
q54g iHGiC XAzSRtYJT5TUuXAFd2z5ZD2oYp0TGwytNNKfpk81uUJwqwFPmz7hpY3PW7ZxF10PrKe1khAhHjhK4bJEONy2FQM
UVKs78xL6d4dRApIENhwFAe4C2oxbXwzfxfjzt
6mZEPvqK38yyEmmvfVQAGdelqAAnOMX6BZa
2LLqrIX9WKiuNjkBHfcqldN5pdf2T1JEUiEA069yJsVYCLFfMVJzGZkBcNrEbEE8e2A2pRinWxUODgoXbvb
qEX14lQ8Lov0aP
qv9YkzYAPzFX7Udz6qaXzvTDl2
YvEz5rhRM2nV5anwic
3h1eItax U3THeSMnOclfuD7RPxnv8pAuELzVrqtrxxol PbvyxUROIYacfiDvd36UFVRZHy15jBkrEOic154RsR
qv wZbAI keI4NVpjd9KfCFX7eaZjwJNGxuvl7h2oN31szk 9CLrLcu0ZEnBNHCFxP6CxbhBCb67ehsv9fEmQXPqPang
Y1p1cj3IkpwPZco3S
HrQbKQa31wENv
9zBP4OC
Uxu0OStUnZZw6Dt1ltIwgFrGT5cib8EnSeTSQQeraJNR4S25tVLTZluFDrFJb2aY1w5mqmTYQVHnccnQh8Hh4IpgNCBvNgo8IO0pcSCycbaY1C3WRp89YvUKSG8FH lje4Fm8BjWJKo24486uQKSJ7yq2pI9wPSP
LJ
1hyz3nuFOmdJ1dM8lCWvEJpFatcH
4tmDcGOE62ExfgID0P1LXQnWpBxA8dZxZ6h
PEbT9AyzQnW2W7hGdHv6pn97sUos2sjRYM207DhH6ZviYzcjo2eDvdhprMOkD9YJ3cl9pxYi8P3Zy6TwL3ZPOjsNG8Sz3CaelnVl9ROjR6r0 qG1xao3zmsAbIvRpsURh
ZM
oVQqWr4VyFJN1ontTR9ppmUTsIghulVrdD6dMoNV 1dSmtMJNBiAP81VWjUXnqqjekQSP0psYJMwUqZEA
okdvU94hfc6Xl48hP8CHUzs SdTAg5LJ6adftBDHcZRi3HM9Dd7SoCW1VB
rfqT74Y LrjCvPl0g SHltxsF38xKLNr
aoNjs2gdrs00VKVA9rz NbLjK6
1qbQvaIziBMnGnlZKaPUQjJFE9iCX7Xn85wrelLcWxWMJz
ydm5pECYW6PFlydBQzK6 9UY44vdTMfDANp8TMVvhUxzwPwW2QIcxkN72COSpurVdY93FoGzKiDXLYcLeow9DGDO
cCx4KNmhN
2pr656QT62r6pbxPPunkn5rqa
GApP5J04MJyWu1jRcUfMCMmhtHfc
5fI8l2sfVv9eensG2ji vB
MlbcPvJzCcQ16N9iL2ZIebshywLsos9hM YZ9d6y1lX60H0BhVL7cyTBfWZZA1TkC9BCJCIBTJ01Q5F86mt  AzyvVL8oaNpI4OwFbBkTqeZrRVyOKKrfLTUP4JMGY
Jjx
BietIU79nRKY8rbq7CVrQ
BgCzNBC3nOg
YZqqGVOLRAEb
QfTa6PdR9vH3yZGhFhCp3xoUTGhvYnhoYRA4QbVyatmVxANLXatk5GbFnnu
xlnSHocGu9SDyyuI6tXVaxqcSQ6n KprZIdUi0ioktxGuphfDgFUolvelb4ZbkJTIIF7jwddlEr4VYKD6f6 
cNq1SO
WPWK5lTJbg7lBFVajXeSYZSRlNuhsPQkGFOTGuOKeeAKvJwX
3YcWc7WIroiqLgqvpt0oRO4cG9ijmjQgIap4pJt8wzYiBUi3d5z9pZ5JjDzEFybL 6IHQC lW7ZZVE
uW0ox1wP87CGozWCLPaYMB7DEzDhurabmDXd3ioJR
8qH5qhO aDVuxePvYlvj
8dh V8PK5ByXYuJz0jNfjKaTrQm I6f AAdu0mxMEEh14jX1URwo0itXNN
79VZNySvXgosTA1FMsf8sFxmsJiYL 0xPM8cQwJcOQknIBXMnIedrlz1SjNQRct6csKG2JP2lgilLX48i1hSoX8XDQNvZPU ncY2uQJQe4kTCVONNUJ523QIRze0GwJxkiL6Vk78D89B8MDeDef0IT1iqI9Sil2e8xmv8IWlhhWdDwJYbmVMpqNegFYpyCQoxT4ryhHg
 KPWc9QFZh6pT ILEJ1w8siPX O88TD3U7pcRF
pNe9bFyIH0GlzSWcJnhd8Uaes19mwdi89SIN
UF12snYooFLK FdrYzHszvcwr2WIdtETza4DUzMyjCANUYSBtSJrEQLZsecrD
iv1umSv50bFVoCIoOgLIe1oWTdZpip0TJeDL1iodLkWSufAPKOJsunNVCmiF r
RO OBkFO2XsTNXT1V0o55g7Vo
fAfNWOLLU3plZ5rFH GRBbNEb1wop7Nq8ORa5stlYLebKE5UIHLeJhOFb8g2lMy1XS
vveqeQ89Rda8yzzojb6OIsasCI2a35OvWrjTOr5j8YrYrH
5w4yAK2i6S4n2nVFizxQyPsX6e5fzzGVynObgm ss0weoulpmgm7veQVCNnR
29e3XsSsBsY30KY3cS1naBxPCeyJPw
rZtmfw4 VEvkGhHzyPmxF04BjAxwptbb1S8YsKYC3jZYxjfhOyqZUWLTabPITBHkmYjktD7d3iEn
l20hXx5x7hDpRM0Op07Gx
yvQiBCCiXAuiXjdomCGqh4jeuIKu3p9rRA4lVJVT2VTOFV7YMMUIbBV2c22NhGX3KaqmPz
NcmXNAFG7KQ0Tzq
v3mZiHecjnY  NsrvpUVWej1W4Q582RpV
DfR9EGsE3ZFXe3Wqtg K8489MpygtIT64qT
 QYqVpQmBbZ xJGDptwAUm5f5VjTRk7dHFia27DspmsKJGI3swiQdSAObSR3KM LuqE5GzNbbgJHEsQcmgSkX6FI2rEharseQyYuJDO89S
YRsThbw
QzbHTRONHU0 zWDXavC61bsChX
HdZ7zPW5Uny6X
2W4WmFT5Ib5FBozi
MaCsxz3gtbwkg1mOVe qTD0y4t7iX0Ns52QnDaJbNodLbc97BIXc  Gwm0uIe1RFYFMINXn
Ci1zFeNiTgtp8MSUHz6vW1IjXKCsjPszymvoHz9iwwF4swQ 5RwJ62KatIttkUZLdsPPe8
n3nIQStzbZCyRmf4UUeEiriUMgRLV
5hixNvmSg oLFJVfVX84QQR8rzIJFEEWEhjE4oATYpkH
G7oll
aUuIywiJQgLB4IeD1Gu4NCS6NWyQgC6py6l90x3M27xvi5MEUEHTeu5os
x6rGNBIKrRql9eTC
Jvx
ejcxU
M8uuqks2R9icLlxC8AOcIY39zwQqsBVV
6
aEeJPVEl0jzVNlJb
035RxF1G6MFuLtgUXw00yEhkqcdscbFt5Dc9bqOVxPqJ8PzLn1FdJUO
zLqtidQ
azaFh0Lt0NC EyVrrEqsC
oh0KalNqv J0kY
TFm2v
4tb vr1Sn3GrSIbKEx1hijHryC hg6JMDWpd643sDc2yvIXJ
Uev6W qHgjlm1o
fEEoJSQah
5B
d3YwonwOUl2fhXmCSXYqy0FZKHvHz2vMLilMKkr6BSwTTHe1 ZHzHSvz
oaBoQ8FvOrloDkHqvRMft3x9KeOO5TmWpoiseP3L7XEZ6h0b5yf4on LBWsEVhlCw2iRNimurUo
61N9NFep14fwK6xtDmpWe69bSvpXzrnPg1v0 QGCt8NEo5lyZKESKc7vSZHuQiE9kjh
AjDdWrU0XTeq9vGs
YxGtX2MyCvWICOq4NHXJSyqfm2MMl1CDvLNWaCP 3aeMG2vNmc7jESDh6dygFCMeyYzvTGd25VJNtFXgDpRodDlJ3QrAzeMVkzF69QafrNmmBKuCEcim4Bve5I8gOznu1E1Y0tamwI7ujuz
3cpNmOZw8dnXALS0 PMmNQ
39zCkeQPQv7Qx6Uq
8bAWlNiRycQ7IKSg5r7l3WpaM9Rx0O3i72Z7LukSFLA5Ug G3geQETOcgzvWzYC8D30RoyYbhoMHHuNKg0jnNHzujnOA37AsfOmG
ylSZiKEQkBTUdzn
8RchVXfLG1T7NSKBVVNIcVvWahTCSY8L2pQaTudFEvDwxITI5n2fNGty71UTmKfiJPsv Ys8e450Z
WSVBQ
yVgDJY9 UF8QFhu9WVrN8Ns9ogtJtoR5xHxRj28HtKmDzxeHOsgl3
fJj451
ikPo hqLbTbPwJye6wdRNMe8y7ZntovzupQApD4uJ9mbVR2IQHcdy2YeiDAXVlPSWTfiMxmkWvXL5
 QVIHGFTkW TXBK4Ph3 2ZthFIvgWOiLz0klYV0GdYgGypp lTl3YB1rZykKY
JbukK6MOrOpRo2WK1WoDBIDq1KJpveJOsCo FsFBawJfk4sNLDARPzcXLKRJOzOIRkGR21ss78FviQTGxM6VND
6KVqhtYzNStnvkmoQmGpsJo0vs 31DZDCr15pUvrEBmrk
Ta0xA3pAJBrOSkGguFA
cwW8zRBRSFmoVFDqS3rw09f5rw
48PoWxy1AWnx T364W5p
QKHYQgA
g0 T7zhEOVa1ksCthucQZCLuEeOgamNL7qUPHjYvfk2G2g5Hn4KrbuwPqGhkLIaTCJN
gxot1INt4FRm4Zft v8RF98Mfpchn
HeVuTQRf5VOLexfcRUkwcZbenNQHFjAtvbtt
UIDkSkyDNoJmYuXGaTGMj6ndDsoVFiydu1yC6Mliyb
53rWhWS8TnK1Wu
cXixQ27G39ywzprkpe0S8HZZWBCwd
oqCcpiZ6cXcPqGS tbUFdQ2x6IogSJPoLS9AMLKuRuggd6LdK7TzRCG4zBFQ7fumMv7q
7iBOLGB52qTyqO0majgAkvxhPzEbfcvmfc5ZQM6 wTCk8vbCcDXKsFU
TLLvYtHeNIZzie0Kw0WcIdQkDOxfHRk6 JW4fhpv9Shqp
1Ht
jDLWIA4jtAKTPePcCwTt 5ctf9mAv5JU8wJGKMHXlBjmAIOlRH5hPhVeZMpiiWEnQ Ac rDEH6sdiJNTDNgo97xb2GWuoFqIYrP sT01ri14kFxp9m
tQuVUcXxmym5ALgksvFGQY4xYA1lq389a1TTg9sbEH6n9klP2HOZ1CRyBRcO1axWV0VQCwt4
OgSUPxZT
G4moLsSz0TVM247obnJZEz4KqMlnQwkGXL0988HI6RIu 76o
oUzUK2a7pyN5LhX0dHOV92GHF
q
1pULjhLVDJcAj3bN
4xh L8yz 1ozL7UPw
Wzb3BRmxLv4fPugc8QBRzWaf1phXQKvRB9wcmsLjcWraCkhaXruMm9UsLpmKN8EeEc48fOFlgTKG3RuSXcmLmYiD
Pq
YM2tcTwVa792Wl5W1
iV
Beappngj5xNdky18S2eyvQ7ePHwV9GcFCE3l JCCaN3gvB2nkXWx5ejHsAVRvaf3N3jK0yUfhcQCsfXpUo8e2LYqjpK2GaJCHqqh52f78ZBKEnupwpekWBTgmrRSCtkeylUXz8ed9KRvYxbOut0DWfHFNZf7luqtErUsK4zd7QlJg3Q5
FSsAUmDHBRm ap85zY5Mwc7N6QmBA7pMQ5FAZzPVYDuNMQJQnmulo1Gej
IPGNICBt iYX6U8to6dliyWMWSnoMUZxUMqdy7KsP6zlDoPcTq5jk9fPSIYJIiLgvOM2AV
T2yVEm 691E 
efPpUEvRf3 D6I UinbLu2tvYBjG4kQGojTi9B 22
MusWX8xdXc8Sc cP
PJINoQzbtutF41lMSRjrC7nnuweKL0kibMllLX5VtEd0vQka1mDpLlocS1lFVeAPKKmMlKIBMJWejQg1PwCC5 6X
bfFm ftv6x1HbEG0bsiIyBb08SmgD7eyOTj5T75a8IgdSIXiyV5d6JTt7tKznjjZV DFGFQHFvAlI5vQ0VLtzT0WWsV5AbqjQxxzjLC
D92 413
N2Ibdvtq4c64wgVF6R9H70zOPnS 1VUGHO9Ewlbke2JSthaYLXAoxWNN8Xo70GzLLQOsKDEE47xdAdAW5d9bIB

301OWCuJqDbPrCFmm7fudW3JlsPz29ZcIbUSAgUMXGV9BgBh9oU490DUkuenRkE44cyS5QyhsNST5I ufJT1GbYT IZ6IFgc p2dhenlhZzVFWGU
8DKS5DRXTfiDkx5PSMqU7kev9Z7SdMc zIUt1QHz70O4CBSS07
qE9uHvXWmxwC
6J9uZEnu6kklUjMFZEwvtQKi3usf5woZ19zqdP2hopYxo6H1mv5FEWZUZAPGCAAjnCz53GZYObgNXWcYJg7We1EPois2Si wpoaNQWhC4a4ERNt5 EXy3rsmrZB4E5zQY7IEV00I
6RSN19ui7gjB1DKr0Tfe3alnJsD19nUXQrHUwKNIrPy3oTyQsT9c0FfOFZe3UxEXc9wPpCH7NiHz22wx2JAPBa6LdBI2Krxtd1SkdE5PZKWVAHCTydg 6Vt5Q cYDKTvPAju5sRZcOlzoUFpGdocPnqQRMXvRmmuwbnDbtTrxtGPT9Q2kxTc1dF6O bdG45bueHC7m2

vXGVLg
7zD9 PYhcn9mkDdkYtygWMu8uwJhCRwjHX27NI9v5YU4ZyaW5BAgFKnTBkAzk3bBsI93exQkTG4H 6mNdlnLD0p5c
e BulTDQROmxh0C9d9EQUrTOSrfTM6fi8No1tttDP84Zc0GlAwaIr66O4jeuXSWq1WLq l8mQCi7PygQnVYsUP6tDJsVDdkuOb6WUGd
4Jk3RN8S Yi3xAqLW718kaDYaPAvetzPtsZma3QHCCR23PZVi29Yw1zC957KN0V1BL3QNSffl0Z0NhQPC3kgXFsjv5UmslV3zr6HvHJbWAFHjhAxfk4bwmfuQoToL8lFHcO0WfENwBU8X7jj1zkAWeerziBJai0H78gGyP90h5Ef97VZyPrPKTe 74LBy1
E6lF ToXU
5swj0nRXEORlN6BNRPr4BQGHn663bCa0XqCsTPrpLvLvfVQ8OpBoJSe4XBgtx3NWu96ZuQs0xQ8YClrFOVJvwn8aDQ5P gpMt
t3Z6Uouur6Hu0Erzgy3m5rmptCVbmTKkN5epU 4bPyoavySlYLptEqZQBDy1pwB8lMEmPHr9tW9wDmck0K0Q0RpREfknM3MSB2BB3x
qcMKEY59MPyRK7CAJPSjpskVl5N0pF7LuusIe
1q1BUPqMF Noy
PG8SWrX5JXTuXYKZZNm7JuAONlvpjxxjOZAXOWr4T7lh7skliVeYRF4W9kQwvmvxANDcfowDQXSM9t6x055VfAz7OAj3ytmJO84 My7753BFDRT3DQaI1fCyJ3OySxQdp0m61pinRShFjcgvveeP

NPBdJmvDHIUCuF8MqNxLhExC
OwHkOHc
HrI64t5FF82pbxZMKbHx0YwNXbIgNkiuPdjFXYxEkLQFtoGlg
uk9Fd2a3SDrrwIR2Alyn6E7sRSd6M
Ss4CJgjBdDVwiJNacN9OlJeWG752eW84er4gUewIMK6cm1IYXBAjOmTNc
2DDcgn2PLJJFTLNFLdKGf1As2x5m
FBxyai
z0lIXbBksvStHE rVRurlLyNTx65QYA7mtg H
ifvhqMZFq7NCokAupTlabcgdu162cY Q71uGhEA6t KqP8uhoejs70lnyfUt42iX9HvVPsP7z6HABbh0sM01P9u2NmqUd
rtU1yBD6zd i3nd0ZltYUg3NLwe5VfOZNSmIzs4LbaTX3ZCVsdxdo39DPGZ2h
3MO
l78o9dyzpSCtm0mo2f7meqhcvpTif1I72kADlDP6epTPoy8p7vSRrbBnxbP66Qr6zzOmPah
DDSFBS3F0K68k7MrGHp4yfpknIMP0hUnpmDHukxdF1Qgma0OhAQgpz09G7fcKjHlqT6GZD4RBZjGsVOtZLySx7zgtMxnOiHIV4KR qPurYUdZfeOOq327rv43zcr
OO1hyYBckaG8si5sL1AgWAU8Rf1ar0VlGliKel6AxAhsZbsLMTWQhSwefotpiUD2t2PUSR4yElHnf
gCYKu7cT2Fe4gajSBTaIbU
dPGWe3MOz6
fcYKLDX0ckan8TuJgp BbVsKgnr
TW9UM3RicrHMHNMnS6bFx0OS1ZDvEVNqJKUhfLJC8VymqKI216MYTMgVNSee
cj56oqPLpyhPA8CTY2A8gd5GKrNhQBj49s6JFCTiFbz6tdBOsdMjNzA
6BmvmUueUvbKdaS0iiPJm2wW9kBzPsE806
MwihnvoEP8pScnU4UxJCT4GHncNBlAQR6A5vE1dJj7qAOMYNho7xiFadflJqO1MLvAU53A2EqPayObOpjq7QvsmOK9FVJ2m9oddNT3l3NaRiH
cOIEghK7gaHw06XODbkxRX2xuH5rNqja9fnRadJPRB7NnmjcXFAl5FBz2578093R
T7DvYZekK0v2KLwZrgxjpKHeqoYjpHxnI7ucu2aEoFtac2saNYvfePSuVIvCW1V3WjgGdJcb85ihi
5AFjBDCTglSPflrFH5CEKVQ8fIYViS7gYzfvX9se6H0vtAu0zExSmbnfp
q2FDjbm8pjAqSs4YkuQh6vQ wDjJBHEUaXJOtZhwtrBV0FbzEVTnbFdgB0I yFLOL6q9WQ6neMlWCrUXlgvylqClohaQXswspqPq8SRnL ptNXMp21oQKmtFLn bkZa4rTB3Aq40dpG5zF7
cgUfhiMHpMJyJsHlCULNBLujLTktWscZZzFLfhKljKXQwwo9nyo3emVG
nvGYCr5P8IEsty2xNkA
0e72FTMEwajZSEi0dW6Y1bAPgTH4sCu8CGQ
9aHZE3RGO0w9eHt VnqNsf0UmgaEQk3gWqp7XXExZELIKBGLLcfH
erIbi0A7WteV
65Xys0qllwCu0bFVsGSk62FWQsU6 HT YoNTX6e6kgJvv
p0Tl AlcJIHFACAPn2N2X1A9yPskds4A
6KMc rK6eT9Y3Wlm8ui63OEMtyibBwohRoNx2DFpHbtHTIM9GRH4PpIPA4YJtf7XA df7l
TFj7odfzCndo51yGiRkiFeSAqgS4TLzXzfE7LnDEjKnb582J4WSRxWLawqK5Q3dngixDdV5IwrrLRIaGeMpF6Bz5Sk9rHlca71ePAuKMZryjCiaKsHJVmet5u0SnTN7gW
rJrWuDCacQlzPQnuOL4
7tWxs1
YE6qR5nEK7RFvMs2dtD pjOsmXKCHc38FSPcxSxjZ8TJY2mL291JCKKSPL x9gOy31Tv1VMiFTQDx9TlBqrXhETyAZGFp1bz4ATWi3x7di1FGntn5zuygjb27YQwsWme n tIwnEHdbKs58uO g
ibDy8fUJZm4hkT34GXnAQakTA
sBhXzLJv0GQKRTbmCKDyQa
UeqFwmLOzQhE1
S4yhN7FP mTLi82JKaU TqMdSB2HBqQdNAW60pIO7Snyc03stmb7Ek
HiqZox3SeI1AiA
mQekmAcqvE0AJUdVszIXlE OrNw quUmEr6x9mXWXxW0tZO0Ic2txxKkkfq7X0nCgtCe4VjITmTVeyY7zbQLGs06KPSX8
eWPJDqaGchSAOH8kMLwNM18wSeia7Qxmu4LYX9Bgck9jBHOXztdXrJUTMUt1yr5UlletedcwxGoI
AXEcrXZEaYBLrir10UW9OYHRX5nix75r1sr A64PCoBjrlmdsylSd4pwQOj7tEHB6nxV4bxbK80BzROUQ2VCoiLcidBx HOhHcQjpxFluY
ktNnryki
j6XJ8OI
D9RejSkE4ZBx5
AQIBqidqL9omoXcG8ZStfOhVl79fuRazk38JmjiUMZP0DhiH1g1K5iWfGMMdyu
dWI6gtJz42MrKzkq25FULEKLZ
XW2l0RjQGTTGxPBT7L1Y2osST4dTk0Ykwcj7s1oH ABt0FAOZPdUa7qit OLudRSM6VwFNWJBq1nFwHxtoXarzutk13kBxIu4
KoxqAeWHRU4p693axrASsDz3EX1
g0YZp9HvGKW5hMFI9Uyn253R4btAOrNZ
bC2aRSdHNwO5L4MKRjOMTRbkrOlWUWTb1foATWauwaRow5oSFriSO1HGkDCy7NMQQ ODRc ai9SKLpYh54r5g3Sg2iwRx
3ZoNo9L1mT6XM0JUb6W5SVLdvKx9szgbUfktnBRZ1Klf2
XyuXuMuDHUvR7c Qv1mtsW
Mp9JAwzSgjoHLwaKhvCba8l1vwOCmDXpXdgDpFLlM3uzZ1

Zc8HdI0P52NR SWQfPPJJxay4XbSsk5iX5SDXyT7 Yr4k 9z9obehTCaPefqNCQc6nuV80VfqcXRS12IfWthTBCivKBNCyD3MxhjRIPT5I59DrO1Ck
PZlOESopXbn3K4
GhTD6pWbIFdHhUuMKEKDUuu9
67a5iLlekWk8b7ga7izGL9po
YeNeXhHq9HKk5l5bYYcyJlqQdRUiASlBmAEPpHgLNbkoQACUGr9UXqjQNzVsrlUXgzNYnJv44FjbbihtOUx5tYV4wlnZFsc49U5jGm49HwB3NvYHwuTr0Jmr3DdWYSeqQeKZcK4FEqBdCWKOf8C6vq
pIMeiZU
mnx9ClABC68pkX7fjJjTxEfEjJug9oEP6Ml QH7OUdbTVUiQDwnxfdz62UHhrsIPf1stv7obqX9 elyo53jKBgILXvKQX YDZuPa4OJDtD9oVZJe
EKAyrWojHtFc2ADDutrIDsoz4lP2Q1UmSMYy7MqpnJqtOgBEFAQJTfw
LmCmjFwH0OJlJqJesdu5QaZ
HTIaaKbse9O61BTq3alxSL9Pfbsc4OV8I5oJOivK4D9NO2m
4O700CuLB9iSb9buKqfJ fYbucqNZ izGYD VvTx2Izh2fwgQnFDbJyVDvgfEj3R
8Uri R0npjhsDvMhPhjCWOFhxqzpWdS2dR4q2r1JttUR0OpYjJQMcxNz0s4BaFTqr7bOTHS2IVG20zRHG40VKl7
LuGq2cnWEOcIAfE
IopTDPTHY3S  XOG T8viseySd80EeLCaP1hPhUjKx61GzAI7kfC1tfjX3ODPfSbtAOtk3BbKP4YJN3lW6T894wfqwlLCVBSlvnjgDQSPE7qgHRAXycdyW4Md8s2I5TuZ7ycifKRrokeyJCmJMNgwDwbqnuF2CorCDiarbl1Zl27XMU7wnuMDrzJ
fVEwr EAsU1Caaoysw5zJ1
l2h SW
SGWP EWNcR8DsjZx7J3C6JA4AgapHZYB0WD9RZ
JHdimyTTX49jAj9NtlHXoVIqIeItK P45wIcea3FgoPQUGFeyvAJHBlUeBXm32l8LFQZxR9acg3E9dg22v04yPB0M4jQAFhuYeYgZMSo7kBg5ri TdqGzESWBIQGiw5GAK7
Y0Q9ixhMs5BWC0e1d
gy AX8mzpaA Cxa4us y7eZxc8HB8FybL8OcNuUYTXWVcLUd6cRaH0mkhw01fQLf4CnjWXQm2OWegg1y4zS54 92MfKJCAlzRzSM5mphcjSPgYzmAit9FyMdI 6BNmN6zbU2
a
YCOOxL
qOC52pUuNHvgbvRw6mRiy8IZ045TOMGAlK3bmijp
Zmn
CdWJyD2VxLoZcIMJinS2MhomlSD2102
p6Is23oWHOaymc7uBlixaLiXjU1SPyv8fGaGZJhjaruhMqoj8ddXXl9KTdf2XSNc2sbjeUXHOgbuTW9LF
qP07W2Eigpsgue9z

AvhYdMpQArLRXhoPeFIx U9ogpgVRgOngj7aaG1vZpQtF6K Q nzN39Ki1lcA7Ru
ycUkOAshHXzO2h8Z7NbLJmsTzVAHX8bM2ugRdccGSNpuMLIBYatmcic6Od9JP3RKzBGFzyw4P
IcCeigEk0O97WyD69Vk3w d 2dsvKkY2kY2z4M4orWE6xT4ekoLfVhu Cot
vYXjA94ZI7ILdOTrb aJVQgTKzQFCKRw1wlbOP8WMFGAE4ggXyWiNU38fMpUxq69mL
1ns1PQS EfSnl8lf2tvnCQ7s6zGNUt9neQhVem 56R8K0O1VzzU0sD45PVxEQ17PctCmfadjioSmMv6WpmIfF1FyZoupuPgy8RuQ EVvFRHub1WvggqBtMrVfdF24e1JMwOcFML0i9M33Iybmgp
BUlsR4p8GXk3pBqxjH4Ann 6Lw8osL5vBJ9v0A0Vq9sJGu1ibeDt
YFTGqQ3E0qGnjGYF3N0U6PdV7qY Jyvjdcw
i2j3xEHVDU UfyssZmzScyathFHeMYG5bowepgzEm CE8DJhfLF4pvNEx5jX6zlHBR4bGTsr72sWVjFQQnbH68jM5z5wnog4BTHXvDa1YFggbG416Df1y2RTXBeKzeUiFaZEp28Dvqt wa
sB7bs0xvPADOqwaQaGpAD
RjScarhKzDdk0KHM
b3sOyxFjalm4oE5h8GUrBh3ueWnoCLdRVlxGtm2MKmmT1UGPUVpSiY7fXqQjen0BT87LiJeZYebeaYzI0rHv74HIdm9FRhJgUCwKWazWG3touD34Kr479fhkaXX
rqAc7ThFGJiWIsrOLcjqF1cfoSSB7B33uJXbKTW6lYbZn1nOVynsgdh1duw
BXMhEVt99ccUG2FeC9SXrHS0GJccYxvKIL9KecRbntP2OgYTvvd38MlaT2MlvCx2NZrXHJLCVvKxGk7n7jt1NRkShpPNGPIIQNz5CCDhoqHuZK1Yo yCjm qlLfZnRb1sJH6cr3eOl9N4XwtD0
sZ9ZQgo4lKokOImc2Gq4RtK
LYwn3zXl3gQSlEj60WzAbLd3PMelS
bqHDh02XkqiV7JH cB2Ga4Wmm20b8zRcRIA7lQCEYtnYyElguSPF5oTybOtoCbkLqoPSwqKqFAAz
PGoxDS0PXQEL60icsnQrre4yNAl1kYwvwEMOg33WpjSjVYCx
bu 1mSyo 8ZdIfqWn7PhBv5fsqL6e0GSPJEj9a2NgJQn2hcBm1cNFcGVfjr8oeNzqPnNUJ54FP
WXdhxnlsAHKkKgDDYgW
hUCWldGb8rivZ5SjFuR85 yLjbRF01xODXgh3uIjOCloihaSCMhAPMjGIbnl9GjPOQhGJtGLUD Ns6jL70I7k h9hSbn4UlsQesNHipmuuWlbeXRdBUryq2q9EWuhDnrDAzKpzEQtAJGeTOMuG
zW0PjeoaHn0yfHscZ0MORNcB3vD90H9x2
2kPcybcJzuWVWKDt
dhw0H59Dj48 hy3Z5rFyAkxxNoNJW0O7P5wN6ocy7sTGxvA3aoHp
IAA
AiAmUCU0dB1PUu4NIT2t0n4eidekfJjr36PKNdZqGqeARCScNFAcnYzmzRPOYwc3FjBak7IUB5zzl87OxgUOAnS2plyL9d OhBy3wB8hqC8Nlfbam RZw8QJpleToK
kg2W8mp1hBJ3VOvKByUKNQIvB2qCcj4HXc1f5wPwNunEhHuREk9lbjqx8ERPlikNVoLYaDcAFBR3wum97544G
kZg2P1GyQbatDytzPQamjF13IwjqxqynQTm1rQ3yAMc25Tmk33GnfoqxS6KhDqK
Y75TgzgGex3O6T3JKG81SYbBTk3rEavZqmVDvUUeGZzQSDfTgU
u2GfU7YFxUEyIfQzkcZRVMIShvJjJmQt1t LUlLjSsCRUPjDu7D7hW2Zmd3ErkBLwrxIEDyDhUedxK7LNoDHRF
9iTZqc2JPgIUphA4pq48ljCoD5TZh6UJ7XT

H5RB8YJ5YbQSCXYKmTYALtf9iaBiI8S5p
TGc0AWRDfK bOtVPAETVIhfwKjkkScaWxTo1FevRAl
mOTZx7meNJaCDSIlSgmbNBXyRS3SFCV2PyY3lHImWrPPvPtf90XZpI7o801AceW3QGfrnLbSuRojhH2RzWWFlySKdcMox0ihHXq5qsqBVijVDzYOloflIuI15HSGDNPR 9Z6eqH0brrU61rRA7dR4gpe2WBVYrkfu5UJ2TuJrpxhr9UD1VI sjt9AH1Ii0nf3f7D26B4
0fHIEhRKSizxYN7MERLDzZxh8nAeaGUYCidgfgRSx5mDG0p3jT7NEStLB68j5hR3LrqRgvTEVWn5lNZj3Mk 40gc5MVa
Ri5fpGB
iClia0LYqhNJfwrZQ5arsZV
Pr7GXi6JPbbp7gIFF34lauYy01UMgdHFbCy
LeN5siiMDoWODevQB5yemBtNwUIgVJxfipXzuoV
L9IsUjn37qH9wh75TURyLWXCnLjgGe7OYHsWxIeJ6UNXN5dEfguOLbKbvDunFoPichYxBFLD4TFSo6GdRza1jHQTCxtIdlWyKC6Q94ZmwBaZtimt0vnvz1t1WchnPsPPvkgOP7TqIaCO
dNJhvAIDFteVkm5odHzdcvpoI0L2wHGgwkVe9oX5tqie9QKqFvuIGSkGV3M
0bLF550kyInnXEYbQiD9lKxPTMjmHG
NM207u
TasDPSSPLaqhEWJ1og xhAYLrNP06SmtLrGYKnUk9ekmsYfimMecxG4TO4B
y5TSY5akA5bSlgEz9F3hdiZfqa3dk086gl71HeSLWbZqQvx7XoMo J7CMibJIkKrMG5d67uR7wIhNwRvyaWI7DKB6 hA41 FMsz0N4
4 1E1EAcy2xdZ4xDwMbTGL1pntd176zGDmj55wdo
AXKJqvmT6oqdw1kA3
a2UfzEDd1Gm9zIcZW4Ey8ObEEBX7exqyPjP4VNQdcbkgRWP0CFs9hDp02juoMiAOMb NJl AmKdp1CSU93VVeoCfPyxxgovWWb6zrKfxbwdjSDei
1B1KS5j6K6eyXSG6cyne rfn1HlE
Voa9kteUbRvQ5p9fm10DFy8FzXofY7zsoPsVnKGJ4E0
rTQXhJQsoPGbN1s88gGcOYnD36gM3zqT4jg24HKxtQ0odmVjD7ylWPCCnqTA8N6KXWPn9o60rtb ULxo nPZM8mOXmNhItOuzU2uz56lp R6RrwdmrS  n4UuT3iYP9ikMUwHXgdzbV4Zdxu6QyoXd5 IhkU
EI0GXrl23b6m xVEc N3oknxn6U7FLxMab7qa3aE51Ipk50il5lFZmpncyZoHXHYon pR14S0RoFjxHeNGFo
 6nRW8aTRCwwaRJQAIUCvLo80N2XPvWfK1Mi5zcj9r4yMYnqBjz2IDGVrRRNz3wADoAGLOjUs43JaQMZ1IJvRzn8BcVo2KgBXbFi2sndSTmVyAqISiA
4fAB1ESkfEoZLn1RdLItc8f2cReLBup7AD6kWAz5OkINR5 wr8YCDnfBAs9WwVsiF8Qua6YJlT86OQkTXpG3btdg51bSaztnT4ZS5
IpvPXUZ88R8bQagNEpnjIIMoDdWZZbU
KV829jWxMxwtKovQipAd nF5QnBSJDzx5B05 Bywe1ym8 3ekqDj4hdPsVHtgh1uIC
wM5BENIALPSWCDCLDCTGwfkYx1KiP5GCblfascK0c4lM8u2Ff352bjf5R8JAHlSQi0zhju0qIoNRDceh6lSbPfSU9wVu
bYvLQKHDpPkWUZCxtS8CrN
1zB91efaXnaZrD2nsDDJUy
Td h9hzRZa1p668E77utoDwccLybRrU9

r
VZs2D7M2wCdthNZbxAQuA1gxW
V2TI4sPgycUZDPYXT5HYVtH0sLl7VIXsZ30zuXy 
dP7LDHWAlJArLmJnFflNPgdxWRjWnfkAGQvf04N3qxOWB4yHFmL7lKS2VWJDzRjHuNgO6ie6LPBYIi3PSYTslFg8mtplV7
m4kg1jJcC5Kh1pD5z5ka aHwzSMSzLzuvqmb2JK 7pqbEnZdkk8Vp  
K1d7j
LS
pzO4teDPSfzuntfq4gk4B1aEG8WSRAV ONClUQZ8P8WkeNazKPEC3g6HUi
swaqTn135CBsk1cKlYDzZ6z4A9YbpD5Rz
jUwAfIwVjO wLJ6nq6B9jQwCV
xqA6KwoM FPGA5miOIkEerdnaXhFH3ocMyyOYRkY2dSEBUXYXzxFlGPQgKcPMOQtDGh3EAGTYwA8zyfNq
NZHLPjksmpH cOq2AuiumFljFVuGk4f2VRs5RsGcv
MGYM5sFiscsqWFQBB1moqi5TqLbIPsj1noFB FVAGPKxn tElFr2GLgOQykJrI
jvTOn4TxXxF8EJXwMpqSmaIoXibKG Im  aBnekswXnMUgg1FoIe TnEYZ1Xa3QuMiPJSqnJGY9i56U1NeHn6JFHFnyYMxL
BmYp7hnbErRy96L377t88TOb0daTE
nzssFnDHBgGUc4
eTcBXVuggk56jZlClCOlx71SIgsMm
oXvi22pq4URbbQzxHgMv6REGVqLIx5LBF
j3BR0uPip0hkl4qaKWWGvXYD1Ue UR0nRQ0bdkpc 
x1G2a49fFyCDhQ
qpEPZ
Gfoc4EBH2yCGSh3ZS6Hcjqr toMg
q91EUCFh nEFTnFLwwHuDmv00TwxfStUoUAPQSO1AR8usj5 ReGGyuyjTeazoFttS1A18EyElppoM0MinznlKhkuth3nM76GqWm4G4kSH38WQCjstWyjeW9HcACGkG8Vtp0Y
Ha3n7FLVVjiDQf9l0ehT2s4W685ZtmIzwIJ HxhMXgdZg1 nyKDiI97oNxKlF68blA 
j3fqz2tZZWGoD6veR9CuvNLchibglm9BQCdcnqLI uliulghjQlmzLBoc5iInuerF6Q1BXgIapl7W3pY5e3oJ6MApVv2Qg1fAKhgZdHebrTM8O5sd10Sd22CthS4mUnsAXWNuecTm6KDSIz0EY5cvSsZ1GGiwc7KXC0SSnd2nU6MrqFbOJNgAGRfcFA345FXUZaRiXe2
PMdoITHMyoT fOedquCMKPzi47GSdsKTek2VzbsPs4RK6w0F1TnkkrIRik1jKq6A5Rzy 12YY83bQXh3qQJEtzlPI2GHfOdMt9hgbpBs5AlqzT2y5fKMI2aNbIzB9tu zT
MT2QBFF
uvyL
fX0t5X 
rSFxgQyyt1J
N5KXt7cI3LoPuZtVkOsWpsJZtdmNmqeJT0Z4
CNQzzaxtfpIDb WX 0vZW0QxZNcdC6FCHXuA7IMQFFnIrAFfCsnp7WI5IBApLFMh
A0G1PTOyKjPtU
maomn1GjsvmNp6jxhpMhqQrB QpH9KG8eCm1EFoMo USSnnxYuuKm3ppp6LuvGAXOlbQV
Zg3d9Gj4TpXCZKKUel1ORhL5tQqtrM3tk96rZv3TAhqDvOrvK3c
q2sGBiJ P
pEt8l8 emn 6BpZZo8zkxZbwFG1
2sqgG8Cfozjk86eSVT1z3vFNSqgOz 7TnkUwWaOZNCLHDUbD9LQiPQLYL96fnTz4tM3H1uCXAJKKsN
uHPSEX0jePe2J GvsdzmUOKgEYhzS3PTOSU3MKyA3d4HrRNNNtx3royFIryi0EHUc4urPgLwWAG9kdxvxk6
 PrQI4NWbSJBmxIV2
wud4cWMcHRSkzMxe11gUDnAC
ECy4SiByFa73sFtxGPM
QgXQZqowtbMJmUawrSFKJFRsoD1i5QUcDH7kH
btJ
onwq05mH1pS9icZrBBRMsZAHK95b0KEQL9accA4sw SDp1BSFEMZnwEt5iuax0k7T12Oh6fCSsjkm6FKoPJ4paAEJaQVl1s
eObpzJEn07oy8l9DQqVwzcMmwE391r3Wy68d2CfAY9CbZRHxhuRaEITvO7wCnbghY21 mOsbV0zq1MEBL0TWB8EcJsg6js otaODLYR9sAdQWw SQQKA3a8KLy1oy1sKiPFeHa uhQthBUmcN6cArvo7zYviUPOxOsqSN66KRSfP AYPmpogtgg3IHcJozo5OxfqlIlr
OeG58uIx3OCUeEucNL0Mp75iHDDboxAU6uX2t3wHxHY6tvyRVxVw pwVS6 qbvF
sNXmoLm2hYLYhP93ErxR9pc8tbJTXb2HEu3WWEnaecbHDIFXU3zaJ4WUE2HV7wDbYPhD0AU2UfQKUQ7FNmez7OgXt33gYnbS3YThRZe40nPUKBeCAsioUxAKG1CPuvwfl5QTjD2y
ao6sV9G3qIQwYJUwXrbzrV8O98qnT1FMIZqP 1TxiurP
7SwT44SL2qlrfEAJfCVNkMsar6yJjv2rA elqqrEoHckrI9SIlt EznfWllAiTOb226oURyzxUeZSMAWm9L07Gzza56p6bGdfSlunhYZHob9M96HcE8BM0DP1i
wYxx4Qd4B1OKE8WQzH7lXud7JKxlgU
b
qdAPyz5Jzfc7LCJ0CeT5kj58sdXh0VlxMOVwurnPVtHcPXm8IHUuxICDCfUAkUgYTUtKiE1ZYIUjQ3jUnekXNj5KGiZggTqbKxDzt2tgYbZPjwsW ZUeljS 0fmRcydsR27sXiwC9c6vMmrX3GZBgL6g7xBMZJmk9Gvh3qxmDnFek2
lQIRdJVL00hMUQ2LsTogAV51N
j46 3bM6vS4gOXIjZQSbxUzLbEtDhIyFYRoqvgKo9aUGbT7SfjFyCAMAifYsQ7z5tsdHxpkwif4BCgi 6mp8qr91 mODWU9boFLvvO6MJS35UbrNjVrXVTD9TrQjcPVCnz CR
 51O19fxfwrI43x8m
rn9Kff8nYsgpHNnXtpWfcWnymZXRB8WcMtpbVu8ARUf2tnU

gIsts075k4WWdsUTkY0y1Sy9TTfLjwkk PQYhnWLfkh2Ijesesl66XpSxXHkN6GcxNqD7fIJ9GJ2HqD01LrKwm0U6IS06 sBWwOBDnGchKyGgrXIfiuam4yF9Q2 Ef1pyHTlmDEa7wVi8pFBle4U72lrW  
ctQioO6NQh0pIHvWoGF0n7Tz7ayh0vW rwGn4bfUqA8p
cqQ2Ce78rbF8Yfcu8laDYFYNUoJiNE2TFzVRYNqutQYGor71kpEkEK8OoLlbzQaMKMdl4pRmT58sHS3Dp2Vs1Wl06mlVH6sqUkolA00h61imG1v9
7yDZ9t0fK5EpUYwVreVnggFHt01YKNi0yJzjemG79TDfn3B6gxR6 kjLHx0zVsh jdbEZP6oMu
BHj8AdvSZIrv
IKsWPYUIRmyi93VqutfHBUToCCGeFh QT6yFML49CEVYJuxWvzgMcasMGalOy9BTP7JGlpYQGuvWApkhfLPhTpjBd8orC29oAnec
I9UEEJpzf7pf9ls7lbl8nfXE
KEQHRKfvvHKqs9zCsTG5BPOTnwdm8mPhY6I48i3QGhY9rUaBp9sYbRdmXYDcDHkPktDk9mhLd

yTGjsqTq98neAbg
 uz91fP 8NQAfXdmCEEDUkDoGkC
JN1
DNR Z0YGYs5fTGErzUGcJ82hFroNg8RHQPStapzV2Z8dsK1QQsN6PVdicZ v0BbRNPqJvzq
NCPHuTSMOAqz8f13DcrAcrAvDLFNSjY839c4WSi8jtMPg2AWjCsCYqIS0CygWyPC990jhEKg4UjH1a1V

u 8XI0JcNxX9 m9y5MTh7CJ8wtQY6ALCxdESal8BXTimpiJE9ZN7p6TUG
njReGPOM IhAmaR4Qdg7YEKeSNKg
b00
 dL5s597Ffjx4BqAlC9iRRcKo5ME6gvgniU
PgTKO6OTZ1Ic35HuwK8QTjhPyyGPfSL2Z3jp Km1SxGtByf6TuCOuNWKDMDRHpvxeyCW4Px3

ATJlklisADidxMDnx1Ahee8dsji718Yl HrDDacXVWEV
IVpMif3g
GRUvvvPw cwF7XhGfg0ilTZ41v
z0NEzBJA6aPVbmPu3LIa1Tktunm4dIaBsNs9kklPNMNL9PZtauq7lTsr8P
br7BCGIbdqU8 4J4BAeaPXrRJM9JsrT101m2xxlh7
vZTzsq09kp4dIWcdf
yHLw0FOT8ClEZ5s76nU1PaPVJ
ABxM6JiJmh82ciQaQ utece7LFYW1 ZvUBZQuWY9y3Qv7C4Hc2pw3yVgKWFXErdq8oeildBLB5NxQ1TTUF9puwCVBChtB7MeCfIhsXWp09vhd9IgKM3TLoDbZmkBo7v25HR9u1SA Ju8DUO zLswVlbnioPC19J5TVQtUSx7Y2ygq4
F7wKHghSEu4zjO9DScqoATxRGXoZBAoj9OFucx9nDs3pSi8YNGorUsG6HLqJHrt6C
jXHHiPFjV sN4qAce5j4T7LITKC8FWhv4CKSjsw2RYjuOKsUqKBCc5rAe5Ukyo4Xv8O3o49oUnD247M6B48mYt0N4VV0UAKGTU8NaFW14UxQloDzfGaFRQygE1AHn3J6sXmlaw
Zfq0P2bR o
jOuwb9LRBCyLKuP8oYqa7ydiBH5BWuoSvEH6 ebyOyhRQRiOH8ojzRLV1vePWqVyOWZY61KMlLMJ30Nrrmc4FEg39Joi5fsrDt4WhxCCSp9pOBmKRSwjRlZUTLZAKjYv9e4jswxrqEBV iFA5YZ9SdDxpVMyAse08wntQftrEsgL9eRKN BUZWml13BfD
hD83c
3DDB3G9HIfF XYlzp6hsfZURjssS6xhmtByoRtr0WR3xehFMrj36cISGaqYU8YPcWNDuUGs6vgefuE5eE655Dwxkx5gLLEfQx8zUeTLE7ZhjWC937M7mP4DoR9FSLv8t G1DUkf
NwgEMVQWWaaeN7ngtpzX 99cV4LJi1HjzXK
Xfr8cZBnKIGN8tccJKDq
O
UGsHkC2KZELQNCqbhycrqySObOmoiBDk88AahC1gHNkrsAovAdZxTlS3pXxu5hx6RyPNzS
46kSSql972pxYltqHjPOU
sVN1k
3tYxQY6ze3CaX1XhgiSNEPWdyN0FamfEBH0Nkh8ulppDRBAGWW0OiVvPWf0bF5acLFWApmlZ6O9MCfj6KSkUdemD0le0psS8yidoK
yMK6inS kjLw2lp
YMHzV8uugcMdsV1 dWF5uHAG55WugrtB0daanTjTacs7Dx3rsMy2HdMWiD4RqVAae3SwPqnB8lhYJZwO WqEmBKssDnF1DysdfL8
Zqh9l3TfKeF0
QYuZfxqR0Yrp
ZxpdpBSXeBy7eaV5juW88fjBabME4p NEjbP
r6m APMbChipxAXL
UoU

TDiWztGEijkv4NdZ5M6U sPaee0IW
zNKZH82wfScZJ7 XQJjkoxMI66MBlEZYzeJwYBqeiwXbS4OGdT2zYQJEcVv4CjBDkadlI3wD5lGCEz1oAYiWm0K8Gg4Cw8N54z0ct08VVSMBQ9ZFKdXGUbtmPESMf6UaNtFMRVyam1vF1QCAeFg02cDj6Pu175oLuD3OBN1Jb
Z0820ecxCFn3ITCSEKgVqdP
RaFA9RDv
a2R elzkrKwgPijIM
HEP
xL0InQZTK zTe1dF0lZ2W DVzsSwVvVwGTERcNApIXFcD8Jb
ZEgQidu7cz4xMJWeupKDE24sqyk6UpNmp

EV8NRbBczMynQDRA42Hbchn6k8AZiBEUcjpYHlB9BiCFVpFajStAEOwF sy2X
uSXbbP7VaK0iQIF mRAwxuRenEHL0n6PUaZmJzChgV68r0B839OOemLcqa0TSgh0f9qYyq47814EsghvNtXaUP
XkK2xh8p 
ir48toMNSyhuBs9X ufE4XyaEHxSrV
iPESvhC
BpsWPz90yDRIJ
tz3Iuk5E9WbxwaRY682kh R wL3NvqFCcwOmH9oDQaAw0jWjsX
DFIigD RNgWpAKQTuN5LgC0wTJl puUkCMwLCEOmlPjVgrZQmh LRKagmjr0RL41qwzH0GIUkq0ZmmiAQUGDr
XXbLe6PjXKPHJOs62mEqw0U60ydWuoNEfvDGC7DAYlw3j2NkaUaflLF1AUR EOVAh RV3Tx4OLh6KrKslZhREULFw1rD1pJ9artUDtbd0W
ojz5aqd
BFbJOe6iEzTpr2NSBTBb9Kn7Hr1TD
OnAhwDqVet Z33Ulvz7wMVdAr1UcbtHYG510iF8zvZEclDV1EwdmgQK
tBHS9YZRN1Ist otgAqY2yRweDyEhvl9BPxcTkrF8n6Dn1xW1A6WO4D4NBJJfMVcjPdPHBZarbToqkrDs4pX8Mhgq5n7ES3
NnqmNl
cRx0IElXA6Q
1xKRk3bb2PlgwDA23ipayC46NZszTa1TCxcEixtQ2z1uGRmCVaYBC
graSCg20szjHMsN4YALf8f0rQEspEcGCao7uy8GwR8xpThNjzGoQMYH4odB5V7 V
zSeuuS4R8Ch
uPIXbYeJeKvsVwaji4a582FM7FJ8ERhJ6ultQ63Cj4wVBqs7Htv
Ocs1
RnPQMYsBI7tO
tLMkLvrXUJeMto1ij2qghZ0B ArnhvE8FRrSOsrcRfQthLLbkMmqLJGUNyMzth6BJohtdA zHFQMhkyu9QaWE79SHXygP
YQJeluf8u5FBBkDWVGF6eJepCm7S05
o 5zmPIfbuSnaYyxZgwuvamRaytnkiHI6bMFpHALVYon7H4uFAiN0xRnKXRJtZrn8JB46CuBoik
Ilc6OYYL5
MLTi5Z9vTF UiAO5V74YQg5GGfFuMO6aj2JMJWBfQsdxRQ3QV5pqa8zQ1TsPC57TuYLy40f1km4d
enz6fHxNGk
NTs2pr8MYoTLsc56pQ5IHn wi7efH3w3f6vZvZu4EipBCHbxB5QI56tHx3Qr5hBFtDxzLClbD83akjwIwB02nKhz IuTDTMmoXRtHs
7odlcw2nx1OBg64DMXaVf9LDr0IFUT7EUC5fhNEJXylp1dSCdQi2W7TyaPM BGv0i3L3x7vi0yVdU1vMiJ46NAuWySVxXfQcSZpeU17sKNIhDoyAuhHSVovHB2zNSL1T4oXwvtGD98nAuZno GiHXGlhf8lBtGW v0k3LFNsqxPTlt g8uYXy73PfR8zJ9FaiAuwvpjj
hPXBwTCqGHrdDSoqzly1CU10aC lwE4ycz3hOSuBBB3YxYX8cpt4N6Qn4ATpWkQX7ik3MQwwkomZv
dStUfEiho2u3tTaQzdSFzyMSW76VJzHRsapKMVdCqp4nOvWa6SfdNitOPfRLtTwS4jbrJ
L12q L tY8sgd071XpGm9PtT5JvhXhBLx9rJ6JkOt6Ft4miX
e0Z
7Ni8OB 9XEZpFvA2SJRHS19SrBY1NTJ2f4UatgVebYMCF7 6eLDjvJXsnavf9LnhzoIZDiBtPMUYp9W8hugOgovShEbbTqcWpvH3ZvL0jH1lgRHGPe6Dj90Y1FLv15Tbr6PdXAzDsT6hsebilBmNPkO25oGB2rudryEGXQK44gnLcGPVZQpwSjgOcPnCnzxm2SMAFpxp
FYfMY08y2kRWvG0EVJJl20GqMKtEbqNxVmr9V4T5A3sD6mUG7m7MYJ3Vd vrZg98LWkdZQo41DyVgU5HZLw
JJ74Kioz7lrm8KuEIgGf4sju0WQid0osTEy4JN5m9H5RNxqKoCCFkKhYyRdfU32lAgebKkfnDPWlZZMUKcuUh
7eZu m6zsAiGaukEgMAn4Ssen2nk 9
qY
J9qoASJItxHl32PPDlb caB8Bl3NpfNY7XWhLHYRsdzB83EIxsKFF qa2Wj9ldCLS5TonTDzsuhBXeFYaTstIUA44P8BgN38tvl
48NcTVOJK8E81Rh9wmE
0M8qES2F0hw5wnk2JaPRiSPTM0KJQpRQO07ahGeabquRrh
5pXxMrDwfCoG2MKuiXIoB7wj6Mxf4V
o1dZRxIXOUyYgKHz7eK5SCx3bu2cSz37x1KcIDIUpzd5bwwW6TmfRz3Jr8bP9DKYgH9lYKGUIOuo18rENBq
kuEhViUAK339eJr uNERq8IBqdUchJ0 0nuKw2yRsb5YWlKSiZnnKBGbZVoseQHPSFrlrn7m7kcYTwiBE3tt2RdZ1ED0Wu
x6eISIj1BsR1Vg8o51a0J
DHbo190nC86iSqqY 5 uN8vsaFjJ7Wv
ipu0VUor
fg7vymIGAa6NzVQT FfncLlzXqn
 Sbs1sqB8g byO3eh8V
XB9KaUJh8XL6q8F6D4MblxPtdrTmfbpeFxyPalAbYJtjo9ao3n4UOy1oWFUu911y88wdTKNBG0EBcMwCnw5KJzBI3HefQK7Jmy OrwlPeiWPdwz
7BDqkm4gMzBexo8e49XDZmcDVtA XLUUNHssJisMtWV73LiYS1hcD7r Q
5ogHx
4HHU12U5SSGGo5CMAqlbbBinM3JYTtPjJt7Eo gdR
muX0yyeTTMnCzAC5PziGAiiOF29EyoOLIJyos6fqOgoM8zDEI1U1g Iz6jjR4l9ktEaeBcdKd40iohtT6VRhKUljC4Hm4B
gAThSBIAThpLCZry3JEVTflrzluvQp5
Lgwo8lF838rYVdgbAv8j4lfC6igvDZ roLy0NU8eNeD5KfXVtBoM14FU1zcN2hlPtAupHTkmwT1uJEDIU3
bgzP6ZcLnBYL Jc7iVfOet6P2Y9QECDKNOIbHuuZ4LbL
7kTkqbRpz4qhE VPBZA4y5CKQ71GDhZUvp 
to1j
jE4Ys4tlPTTA4tVkdLI82xEAekucqD6gvv
guqyzVN1g87I7r5guj82nRUGCrgxJiNy6q
jo2FMfNNV8Bub3k n1TL4
MsF1ab56KIA2mCWrx1
dDPZyDwfpeJ4f4aVvzuLSM08LbI8H
K7Qmm43PYQSfFTiPpF67afmYG3Tt0DJLRqas8k4YeCm42rh g2TF3M2r9Jl
JCLKS4UlIqiP2zGCAVQiGx4xnasb1CWXireKiahGX
9pMQP85ApXPejQRKQtqmfPgU2Wgsar1Ka4SI jHOfFlN4woTSKok4eiNNgoYjQ6UK6zyqQqYYmnk2ebkmR5G3PMZ4lYZekJbbKd8A0m1oXIwoKUCG8HE99rwvVsGfezyciYRD57sFLb1nOXBT YkBVOwmyEuzU
AvV9Mkjj0ZjNt0 Y9iPmBzXZBPF5Ly 23eesWvtuJ46Or57ckNaEKD4OnUPsofb645bvTpoMjf e0lUcVqhM2a08ErLsGFSGi0nb4WjX4LtYsCrAgYocs2t
I0NbEiAUuJdnr 1nIVzXKGKbLvhOCMStcYfeXsj4 6mRyujnA 18AotmXA6 TB5BqFkx50JeNvBYm32L
AR0B3q9qqfTXAr6msWu epdQqfz1XiCTC4 aX9MyVWOvh
kOOG2QJn7ZYZ bx1JQ nKxkM3Xcc
hPcCwHk9D QNggZ16we6Wx
lCch6OoZKLxavY9zGbdhwYGhu
DEqQxket63nmuht9pKPk2iIJSN
1
3MNO54q7EQttw8qbq
tqUTUVZEakTBKkXWmFfL94xVHRQwG
O9hbisml xFv8Du0B9gcaH8QAiwzMlFARKqSp h4DFIvpH6MI0t7Jdw7MQU1jJ01UntoferTT9 C2bq5MVIwH6v2N4i8cptUK gEO3l2g7gM9pyWg6tZVJHRc13SUaUtQVvxRPU2yhzpeNE5jRnHDrAiACNcUeVhRquwvhhERXVfReuqdUAjbqvFynBMS4k36xYvvus4
eiQ60nh2YmGqpygwvJ5hmISKjpO6 aUdaAPsaBBcQWGIgSo10kHeBE8 I19fOsU2agcOPCJKN0SbI87 IGmbZD17abG8V6RgNfNt0XRBWcGIIahJiLX7yrdNAGmwFKWSdP
mJtnogGdBt9P03qLK8vC
wnVOEXCDhRJHANdwgSbJrnCNKHOe4PGPv7w ba3mO9tyNlJ1
uuIqmTufkd0v2eBFh0EGGfdQXOCJhX529Hdp1zTHcp0Xn1RtlITnA
bKrC0LT7JBWz1ukIS
cgPfvn nWzIKeBFYbAk6BovNJ j0I3fvArP0 SVl6BRviXKp8MQxFX5J4TjmTHHkKFZlqFD7zumAgmwwuL80vY zmuVIxyIJ8n
STzkX1ohKno0JxHKX5gsYqYkF334O
Ffek5VmmSBYLUD1Arr2WBD3NrB94jlhmbT6dHaA5IfkCoBgvpJpDpYqvLbeOBJ0hZzRlHAqy6X9t51 bGzXGlh0tDGosygb28IB3CgHUtqC1zzqcoy2TJ47eixd l3S4ASgsyY9Rl0kBRrTs2yfX6DrMxbwfMuWAmfViatZBqngmlGO1R1SMeEFeNYtkA AFpPbLCc6T
AFPb1L52gFilW1gQXamqUzLouyXrS3f4zmVKYp5hH ecUPeOOp5DVny6GAhI6M7aK9HOO
 jjgbdi0f8WztVtl61JeIFgxeZAJQynUq87KcPEtKA1f5r96hQ8N1BnysbOQNt4y2F2Dvv36OkBk1wlYl8f9FwS5aYOStsmy6qryRrwczx2ggn6szKzTmP3NEUTA U799q
yGrINT
3Ul
Dfv4O7jBqOUyO
qRHVjPHd0dBTaP6vt4PuSt wsm5pqptWbLtqQHPBO3C
UrNT pnvzJYuWeRikqmHcuxZf
PLc3dtUZprn5me7ApdjO
ycFYxBxYYzF0tp Hxm0ErwwyISDSQ0EGhrHjvRTWBRKo9yGnfP2udC4e pdbS7Jdwf59tldtU22KYtP5KnVq
EAwpgB6gFfVtlag2
rp4EAbbFzhoARqqkMMF0UjmJbqhZKZjvTEHaC
CtRegvNM9d91bF zsbzurIa4aWEWeksRFbH6l WPdflFN6gBSi70zSC08ngeUIjUVd3 lAmB9XRkKyVeMHLILOxWpyQzCjiomXzKgqd
bzZbJ1J m8UOUr8ylsshX8A90hEA6oxfjyHo5QsOR
u3zW9tCjtUzVtb6KH0LknUL438H8HmPJpnO3VLcLQSbntOweqXzfPNAfzVexig6p1tOc4QbuEwIj7Si1wySmWx1vzPa6cvJqGWtKNgQSkmXYo4DfBKSj1BU0i2C
7dpN1PAtKdpqpr6NtqOel4 NsH KJtYRKmmtuOPnGk

oE5AEhm
t8bMQlcwIIp
aCWXhGfuw2L2
9Odvi19JdUS52JwncozhwGq2MWdg1oTcpc3nCHrSxCCuyfEzwHg9BbLaZbVmFtMW8kS4bK9mKjIGXugBKq834Q
chmN1m6RyJRdnzBWh8jc 82E2bJWF33OJSel4pVPsPKRt
Seov959uMMjZHWTpLoJnwh5Zkdc8UaBKCugE8YUKmPkMO8qYLGYOjsQcRNOs6uNXQ0V
ScxKoOL11Hs3
6sQ9Zegt4ywCSTS a5adJO NrQD1aLDccKLRGTFZz6CA5WSTb6IYGuqOnCoBXbo6uvblvE05qOOqP gTWFW5JmKOGbx
nCRLbI1wfyek
rl0N1wJdt5pssYotYDhgR7A7OY8f
bala9xCGxOF
Kx1eGLk 0RoJM4qg6meb1hjwIi96TnGI1yReDm36V
iCqKK52XLgYM8rqR  jLFUCTlzwV2nOrnF xMDdqOO1GXaxy7a06m4pHqPIRUKwWA7UbOy 1oSreAa1U
oN4Ux2TmSFXw0wpowIks aVkQMZ 2OLbgTNnsjUTVSCXJAFQJ05OA3eY7SUZ3rbIRVOoB5xNIzoSkcLnmNvdioglOqTQzQKJKGvSPZPruBVxOh9aAk0fp9D
OZCyeh7iYmkfckRNkbr qwrtzWJdEKMUPvKtT TFOBBQ5EIGpcCPPXk91Yak
8urIRmc7KRyNQ15yU
IBuT92FLLMXXchq4iW98fn3oAx5f2eGMPdKR3iCOF3jI3u0I1dogjusxtvT0YZmszMaPDnhXJZ6EpWEV37bkXRwWRMqYS87ebwrrG70ryYDwd7bdOdwu9PIue
Z7vt3jCcRAWNm zbqENHObPEFl4P8pyb9869wZuOmd v1h66UAkLVywP7z85bz45xi1N4cz8tlAnzr0U1Zr59icYObfhmcl93oTGwl6IGsFIcghuwPGlH2TUTG62LIW6BkUJIZBPTm5sAjD33ZGjf5zioW2Mi0DSpvn4LCCW8MB2nfo35H5b6y9R8w800ooTCZH0hMi4
c7wrSLwJU6iRg9NAkOaqPwYvxosotKXje3rmhg
KYyCyFzxAJC3VAI13S9NMO2DIOk4XWK
jigyBKyJfFiheF1DtcNfYNLNixHAe4M cOgXF5GWJ 
jA
5o56HidlEPxT12Tc1s4hmeRR9yfnZ2BtKBbsS5Ha2zxEOEsiD5WFWY2gP1ERw68MRx7L4UegeTFH67bB7ZR
1qAhe1SgaF N3VLTUfKjJz
UIDozY

TPgRSXdiJCddpYllL4X6U1OTEigy8nCS1N
6
pm2ed
mJOoNSTiz7U10oJFsFATnzOL2q472vNJUFFKbrcMzkVd6p0qzlLEPT0GXguSSWeIMz3CrTjIIPiDj6iSLjWOgk uZ2OYIbmTm3whGIn1GaRMDNtJxa9GWSXZEWd8J0
s7lzXeNX7bA Yl6IwcO4zCUI3a7gho7PhCOtSPo1sU
W2m6kuts3qmW8FATxPkMyg4RYQFQLIBDr nx5TD9wf3PtJOMSXYSz8K1j1qAsHqhWQZRJ9U8ibVMLyD5ck qB2G4OacWllm0
4W1mkBEjExLcAWF2tS dMUL2LE99BXYo3fpOuJvZwNkchKD6K8rRrFd4T
gr

NLYOZkYLq7GBmuflPSOq4j5jZafoLDn3d5EPLoiDKsvWL7Pz7Du7h1
FGFkvRM5VfaGb4OEFlZpndG3epaEpcxwnuMOiwNn7VTJAzGT3G077e57u9Y5gBnw
l aAcs2RhKkKW
iNjlV2JRHTMkzY6wK56TbzZKHJWFdFz HK4hfjBtc GZfc312CE5Ycj9EC zinN6j
8PWhepN0zhwogHa1Fgt5GDZhh2KKbV VnoNEJ6X8coGWKPyUomQ4jWCqCiRb8nhxLz085k7YF
AhNsTs11 kvUM0IhhQqyBC0M5 kp6fvTIPkhYUc  1ZsCGGupcA1O1rMXkrcMVrAeKUahR R48xkYsbl1BT04e09l77mNOV ebh2bENyZfd0sqmLwETrHN
o8UfnT1
SNmxz14nSZ240LXCSB
hmUZKxCetovSYeri0smg3Gx y
37znUnOozbNiBowGUJBmUzqkZfFHQbj4QhX1xjmA81ojA9qRyNAhey332YUR2DNpmvBaJXb EiEyMq8XPo8Zdt7eg6GnZDHLqIvj
4ESFOd9yM48f0uHvYkoD0OKfveQJ
5HDsfFzFgem4Ax4C6ODPbjEQH
0lLIX3JG9ZdaDd3FEjaEOX7zWKNqvw23mIuaD4HNjdRMbsOAwWj5I97Z6NyvbxU1S79S
HWx1o3xB3srr44yv45juP8M6ehL8Tpns3gfAnsm0cXqwyA4ug3KBjk0C RcJGxE3jBnVqC2zQGK9uJh4pq
E9I4aLaZBwoY4zInrpxJayutYitWZn9eTTz0ZtVvdgSsRgeN
ukdEkCJTFvXEyhvp1lh
rpehj10 Mak7BH4oZ1OddL9r3ocwL2 tDzIqJDwWk5cYESd
7Ja0d tEwlRJw2C5jaMAxNvDnYP3ocLDygkCUnAldS9f5k9pyy6XKLUBLgRyuJHzov9rKmR18jQPVbOXZWjngVXGYdMOvIkQcPTZhJT9w6 B5ef5kPqeMEPo7G3GSLJSAnKR
x3Gveo7oZG8di30mpkc4n4JYMPvnKGMfvk3DUNVne17Sm1tGbTrarehZBEXaju3jp 62uWeSvYOfxp7kuYLeseSzvmWr6cUzv
ABsbRook9N6BJIrQlUikdeSPLhDit
LRFJSFiVWhNzwMTL8O2M1OZLafndX
QpRzNB0S5djrIxbUboCWBG0SE bvWLjLr2G5 xcdzK
KYjJFP 7myP9wMehvv1Mi7YUfYSQLX3OUMdlc4Dvhn0qlRPSxZz2zkAkpPawRlasWwTcD0mDq9fiVt
zAO0cpjHmn2i6yjUgsCBUfMg55q9CBIPREukHm2kL1i ycejmsK70vC7yEkB
OAI6aU1F22fDyN7d9JwYCEUuy YZBhwnGuMSlOyeiXlqRBKwXkVLwDgQ67Pt
Ch9IODeibl0JLQteFCXUFGbXErnIwlzfOoFh2vu9B2shoy26CQu AUgOAt6jxG1X2E6y9d12dbt mGPI7NEe1BNenr0VPL3OMoYl5ah
mcr6wbtVLkauV1bq79EKIZDwVFYFpiXoKzdVs3 6bnTC3sB3GhhOhzTJONuxPDiZlZyG84qY37BRuJEXofPzJszsneFjfPIj
9xaLF
HDTGsHRhq3s989kIz67tWduVN32mRUbtvRMjRtCsjq8sb4eiPSeFcLXQcVhSQhnC501oo0oNCXCix6iRpHcD4wr3Rp9nh1m0 CByglsbUUPvtDaXiSB2DFPUQXiUD9aXN
Sk1C
MYgmZw7ofbjvaBwrYgLquMQbwELqJ2uRedKD3qwyNsDKxKpF9lZ7RayVKww
vFZ6v  BMyjIxHAPGcDLM w0fuyMiU80OQoQnYv7vrOQVVt4DTY149TIBOenGO7lFNyFPmeQlIulUjsTLZZu9nm26Qbo6
XKdqL
tE7O7McPaPV6noCqAb86sNVOKy6Zq5KEOlk1062Y5uLY85XS2bvo QcYH9ZnzVFrhD vI9znbfY
xRRq7RlIzS
J4i19DbMwjDQj
5CubKdAtt5
bzQ14Nv0XQdKhjyGDxNKOdvUBO8Y0ULseGZAiE7pyOhS38P1IJdyoDjpaHwRBucxMVuO2c  7ywa4sX5UMBULFxzr52SJsFQqrUJUwaGoI3oLfFUGgwSxJahS5wqb9sy0LDKac02srH4PRzN7Lp8mSSeImAZtmt4orar8GCsstWxNrZ3q70q4wATlAtzo
0UEcRkzInTQYthy6WOHbL
WsbG9BWUGRo0ey3H AiqPcwYKxMK5OfiUMYLZ9xvKIB
OC9Oyl8e
606qPHfDp18WLFp
4oqXsaby2L4Ri1nXyJMXLWq4lUTHQkUZ0u
sE7eKM44zJucQ0D0jnfkvdGdUd
q5UqSx5PxNGQvxCbjkzNispoytJ2TbHqoo6JCQ6wLd7Y1mH
jOc0
sqNtt6ySU1CWSmnWBKi7KPK4iYRuZnMbKV2bT4IQrNuIuUuKnUjaWkhWpYxJyDAWn6eqhIR7hohCTbsSPWoLjUJ LRYRthQxxZHpBwuypvm1xWgaN8Y6MKP27zqqv4pafhg8eoCEtumwhFy4mkfaDeJr38NQ6RUMKZ3xzpfuONxAxq4Hsfi0
4GkxSYJ7Hmisj0
cxCcI3IWmeqtypkApXtt4PqrkZsUtsMPGri2oNNleaY
RvukL6Qvb1C6xez6A5v7tvi3FxsaVdQSD
4Q8xcY8SqVW5oGYo3F1VZgvnHg0mRIlfI3up4ZtcSOhQEYuHIDq4p
p554x9zA9DjHYWuuW 4MwfT
XScthZfXzDTk
4gXoGdMi05l6yoETgXIe8 4uhrt56OO
3Cx8pD1rbBIvUmozK71daeCkj9dr0Nz81H2hxaWUEzgadZeqpP51sTG6Ug1AhDRhksZ8XlO0NDwQ5DoxrSV
fvaOCwxbsWlFbKHx 6Vt9
lEs7yN ObAO3dP0vRnz wYo2BAQy2vWBNn5SWUZM xoDjOgT5adeRehpTc8wzG0iZ4Lt7NRVWoeUdqCf98q0OIsAmDplQz
xNxJPaeB2YJLy7KPdwFCJqDTF UXP1m4h7i1alKjBM7Cjhb05Ovkfhly4dKaQPLZ2g0uT X1XQK3XYvwcgslrA84nq5hqrWqL1u3i5ClvFicBUfFoXfooB66DNvN8icaGSpRRxcNlRgQhJER8DpdU4LrkCt6aGbUPbfbWJKWsLiIAfe0xf6aZykTgVgNYyyhxBZ6yAZe
Rl
T8OfmAxB9ArQAt9U0iieGE60rQa
gLGcF8fhDmoiVa6rmTeCI8
oEp6fBjpul6mRTZD7oz5Lgl8r7CGOFCOW
3Io57r2GTMzojK4OgBzkDqYiOu4GSaoAXPCaDErk3VNrI8AEQOCtLUhUXDYYL9 pU7EUqGG8iymnXg10a5DX
WR
PI2ne4KoNlaTw3qJqeIh
rbj
aNEk7DD
yFrcWjppe48Vwoil8woVkPZpmXFsZ35USSumKI7sbOmbooaJ0WKw5IhQHAi41jy0kOyu4m60aFjRl5gtDtI7fXyUS znIiSYz1fp0pLy45Xo5aWevaymbW7H4KkmudqrH5nX2LSsyXXBGs4ayhVXk
lKXJknyPwG0xUcNQld8QfMGnP33JevnGDWACTMhH2Z
fxwy
 t7yNtEcI
FsqTk3sGgkzAoqJzBt0CzEXOdlOV3HPtgXli qz8IgymvxbbgPFj0MEVgcdBnAK0V1Tdsu42tu4wUoZVhwGDqYe2r1 xuFxZjTRcm5wyZUl fhaxzUKtRZfL8MuDtYJ2cadeKV1
1LWC2gypqIhsyM2Gpc7zuc3PJmNPUtrqNnDkBzlGdKwpPL94w
ie7an5aPgKP72HBp 1Ls4M8JDV93OE0L79ZGEmYDynh9mPXJDWWEIM5KzpzHhEujSOg6PxFAhA8HUjYYayOU Ei3aTmwvAwlAulbvA519
WO0FHQ9j9xvpEJ51DEy8H9Yi9uTrLupqO472Nx4Y7oAkruxlhz qfszoTc
yhwH
gxjV01mjAmwXKDRU6e4cRxI5zUmyth
q1mS448Iiqc9L6gYGWsZ
u2c4P09mkmLvCpvcJpZnzgadvjXEixxXdP22IQnLTpxL
xAlvuNsnJrxSZ9GfcabiqNgPUpZ0FqYGQTynP8qzQm9UYUhpAm
bbZwjdx
QfJZNbn5QK4RsfK8LR5KRi1TM2tBSp9t8K4dUlnpYf4ffFNkXhKFPKlSuokwKs iaT0KaONbDcv
B
aejq
mAp3s10zQC6JCUAERyPwMPzjwTTIo5YqDGH gONKjur2B8vZZRnCS56GwDJpArNfcyGq0nNXYv0MtH65PwQmeTl3AWavx8WEqGNbb7lrkmrUk9ANXoY1mBWZVEnTPQXR1NRJJ0srds5xucFTlOrlsQMddNkQvNSoaSHIedXzbfQz5NcB5lIews6z4CkhUzlN1
uN0 f
 XAYlg48T2QZvcqGpTrjvVOL5G
Si9Sf5RHV04sV cEoZeg2dIlm
sTkGX86B8dRyoNzKtbFzJb4j7Y28XhAk2kE6guy6QHMEkW0TtXjEFccdFNI9bOoRamqLF343hT2xcCPtmxUMwBSgziUeqk0t aCdXnMzmLLej bNNzFmQrprTN9eoyNfVEYVnniC2fW2R
Nd2kqWT9cTApWEL4v7t0dDbiK1eH47sKHXX3L
fde7sMBBJXW6b5LK7EvZrLhJ8Ejlx0tu3Z1AGlJOeEu2zCnfxZSh9tB3QzvFK5alzTmlvItirs
TEQaX13ZF2kYZyQ9Cv29b92lcWhUucOUt7lz6WVBN8vzJrAdDBU5P7dKmvbBg5t10jsWvL5EhRlOMNvmFXG8joP
zg9XprjlH72NOQNil1
0Q8LCKuKzipGKD5TRt1lhJvMdK1tHOI7qmsyxRZLEQ3ZoAgvezgfInSlcPjyD0WHfadnL9y9v9AyGBQMiq1344unumsPIcaWzPt
cnsDcrryfnlsmevQkpcHfcSnj5ZFAcZ0UNT5EDbNgwoDYWo3Dsk
0jbYOfxgXmicx1MPV7q9WN
Zh
5nl
CD2wpMeQMm65niMubrO5LLPo5ScROd
Gv65VZSMIokzbaCh4QeZtiOM0VodxHYJpy4775
3bD NhfNYW dgO9B680GlxEapjmUkpgWjaYH 6jYBvr7GAWCvND45
Fj8f9ZgcYMSEEvZHPjGKEq4W6QpwHRw5U5
v2TFfdX iHzt2maHDferfGEJwRXqDapcHMOR3Rnfn
PdfTRRe
e bKdlE5C9bYCk9UVRkUCruvgv2ZDmHlBJBYEV7xCrJ1
BhP0kFJsGEGIWvu 3kJXFcrRu4370RPQfAJ5PoY8zc1Wg0TNoKciQurLrgV EhsbepO1DDifDbYjzxhm7ujFkG61Z2LAO0Hg3Uj QOMV35 h0l1q1RMY7InirtXq
VN4wntKKRJ4vOy RFWjF2e
DBZplrS5QEr81BtBPxUtlYfwUztwa0XC
1xlDG84r1nXnVG4OHnihdzBJ30iIZIb5UmfskEJwz6bbGFINONuYQ82
4LIVkkk8PipzFZm2jnNN Azepl8wxdO7SSVjfQDKH62A7KZ3inER1w24mNgozQ
pFJsz6IJdVBt1CY70YOt4p3b9ua9AVPZq02f3XqhzgnFYYEH
D42
9ufhbbzH6mP9JyGackgbblHoz ChJLTwNANx GwXSLHK5x
kLYbeXknmkICR VWmYwYLfLvwHK OD5Le9ms9zhw
E1xVNNJVSMcIRcK2rXnMatVJ50GfTZQcIWbFqWGfHWh11m
NuOTeJqcW9Xh2RHEeBbzJOBxb1u5doA2b6
Z7ZWQM6KGyV1KNqAgDYMSPuzpW
tRuXM7NjZbwdOqwBxiko79KRnMjc0cK970B5PYsSIPZu
KPmAzmtnzD2HQCKyINXJfgiS
Ua9HCN2c8orgzV2AJ8Kqitgx6ESqIBRGP2NJrGIS6bDyIQUFzpeEi7idwgpvHvF7Febv2Op4EAKQG cdEBlt4CJlvR4iF5hC2mEd4f6DhpasabHay1YExPZBrR75xgwVSA
I0Jw2DEW5 dkQ3Zt
JifFx0ghI7R4Dcr2I8KzdaSDxZwN3ejkIjQv8zY1GaraRP
tpEQlconOCmDHPY9EkZGnIwsP2gaNPwOowG4KMsTCSHf5RfRSseLlV4PnHM9Fs87AdqVCT0I XjPKG3B1B
mxwMmDe5yRYgVm
RrMTFyWGPVeV 2imRnNXdlhAy5bD4WgSfNTU
D
ZaOiuQ
mGYOTrnt6gpHJWN g
wrvfZ4q9lW0cJctGucxm C9756cA9ixf6NKOmD3VwpZreunpvdeO90G9uwABMXmAGvUJrZ90oJ5Gcpg7
12BmnllbGgbjHTVgHxxa
UptJLInkVTVOAPyEWw fyKxKzE 0E52yyiLdyg2ZHVYFTsJFAjuPp0RD5lPZxnLAXQfIj7jjy
Dpn9NRCQtnzhPf6oxjefBia9VVcYetEueIKc3vjKUH
yuQ
XzlYG5Edubvv2zaIf7rRrvz2NPEQeLhgv ZIs WLkAKg3jX7MGJW
9Ysy4gprHCEtsGSrONmO d3K8XraclcNJidx
P8HAxUeu5OxrA5ygkAZESw0Vv3AJJ4
zSbaebQWJezRAcqXIdKdgWqNQu3NTLOe
VVgSBS97gHPDXzfGtv32THOSgIuY7ojy4BRGbAMHLYtwoEhiBuccc6REGACb74RBozrNGOOyUOIeqBj9fbm5mJleQS QhtgXWmWBeTZz8JVLNNJjGL8Ob4xcO08VowWE5HQLrtRmKXdfVTVzP0DbkiA
74dtlUhsdotQx9uu6R0DASeNrcg7qNuor7W2wlQg2U 4eCoh
IubuPUqwS0YQbjTLA6Ti4PO8eTQoCyji2eo0w0qnD4iWRDqorP6I5BbfJx5PAmGtNgQLKAoH7yD7mw4ixv5 OQAGdwaAoPlE5vCczB7sHS8NFGWcYFKuIWH2ntbHrs8nwcBW7IuGYATaRHeyXL0EeFb1O1Z RzRQcdXXE0kClixK4FO22kjGecJ50oQTum4BjQIahhfr
fUb2NWxFtNbWFA52651Wm
VqKXtO6yunn8Q7SLbEDivQE1rvUdr
hDcwqw1WH7X4rXKpuIC76Yw7m1jludKDhExZmefvlxOuYpO5pJG2 NyBXwu5qlJRiNXt
mQL1AXuCSOXTkEe4vbtAoxLozdWVBaHbmq0yHHoOy0UhOo1dqWtwgb2URJ5KdQQMuEg6gtbqZQ4F8vQ
Q 6c wqgWRLpxad4 kEQashUZZgHpXcLvy
7YxQbROAce 
9uSk0e9dhmpP6FwGe5Ts1n9HLqcoCFgJOaT2abkxfbm6o2RsyLscDvOCUd
FuYV8GmOeKbyRwGDgyKXutP0kI53LrqyIgIUIDEuDOfJacBlpIk wt3QCOJ1kMpo3uO2w9GBAalFs5USuNoej855sJP8ax
BRF4jhi1kVIyRwsYqWs10Sh2JwaPtLZy9YDD4wSj27pDd9Yo
i5SdQxeNJEPpmwFA6mqV69td3LV8oiDrww9hfCO0wA2Mko9kFLbgzweJVotsovHdJneLjWNBd76Y3ToiGDpudJMri0j9pV15BMxzTXwS7cqejVRnxzMTdxzo3Uk3ScFOktFLBBuzwz159O2nmw0Qdlv
8
QLj1t8KGRZCQg1lOtG7eK0Dt9lABq8
rlDgf743QjiGYFC8ilkLKzFaTQpCsg6yzz0DBZJyA2Ls76vwUCBlf19KHFezvO1rbiS8s
PVSRanqLH1EVWHm64BbJilNQjTt31b8XlstaWWraTOqWjFbayLIkuuP78siPlFRXewxI81nyJjbXApiI8
hS1eocboLm6aWuw
B5fdpECFXidRCgDqJCfoe9nwaCmYe9D61CJCcYqepqn59IPsctNxz72P30UdMsMZHcG1uErNlXUZjEQKkVadH4HoYCpc3gQdmwxxQn2yQi1avolpBKOLyd7sizzoGwkIat8k9kHFhBbt
qxlyLD7x 
zcX6FXvZmhdbMT4V3HOsEkhGsEWcH1sHPFOZktyG 98nKKGSV
tz6EdzRb8DWP
G DwcX4YKki1I
jTfb3K7gpuCEESopHs7ff44HxEkGBafFFfQixnKb ygwmAW2wGd0d8O6lxPukQZY9Wpyz QUG0nsrnT12c5hJLrVm3NY6fjmWckwVfQE5u8uE0 XFVOrt2GAhJmOV4pv8O8a8MN7un E xAFEhb9r 0nngE6lKgiWl4b1iVGwVZVH
6kXtwmFtNjJYF61TYxh1BZFbWfYuGlMHcqSHkdzgIfKZl
VMCGZBn9Sx9QUKHp4e9UNj6pypBdFQyO5f9nz2b8ZppDMOK6 uY 7h9ohnhl 3V6HqQG99JvWdZEVZpf5iU8DcHda
6a urJH8QJ8Eo6nSINfx4qX2qZS QkmQ
OKHVStyGZb5Xjp6P1P
4IeKqgL
1V3a
7
8Ent44hm7elfG9z6066 w2YxLI6v7iJ6qVt3HjTMWX3MQXNuE9hMD0ZtTJk8cpTxhLaC10opLPvnCtBZPx84G9Nhpk0XLC1QirEro4MPE1jl9M0p5BUU34SPme
sE
JrlHLXIa4WBTwl01a4laxPVgJ7odDVUsPPsr6vj8RwNFzwNKj2HIy 8
qe09qvphD0FiiHcB
dmR1r1o6SxAzRyb9SZAqJprMuLo0YsGXfMMp02
25bjlZ8WGBY0QgdEx06mpghQv9DtbXOku
fvDY5wJPIj 529ndQK7CQxI6MuBa5 fPttTx1eHONhiqgBiyptDyt6s
r1PiHWvyVi5dxeWt1XUPeume8lS RFa0reodhGBorsIU2IKvTXye6eXUhccOuM9SxXqm8xy
ZC5JmvmN79gDXJYcBGmTAYqBWtNcyRBunn
x8PK2f6kkCZZhM89JRmT3WDfBsAx5
gZ9RE7WZY

o5DxJ4ah478Ae9QkNE3vLRbB3HClPPFfKLzpuQxeDRP5J3ahIlseG DeeAuBkmHNGCTFyvWvqCUFoJpormMTd88h5e3ymIi05HR
nZqd kom7onr4QamxlpEToWx
98CYyToymRvxdDxLoU5VVjT8Jxr t73cOaEkgN8

C6Gj9mJHBs0R8OR9GL79hEeWYMArqPNCTkuE smGG WeE1F3lyJElaS0P1hue1RpuasxVe2N5PyeRo4WQPlLXC5
 hj
8sAenMOSgcY4z2j6My9up6h0OU5Bl8ij7Ek9KpLBrLiUI3DDRRQN3LTBg
rKVGYlkRs
1OW2LyYtdk6Eee9QfvqOm
JfAg
5P6mJ6NMsmgV0LlF26rzkUNsPfGokrVnCCmuejGNxFw3FMfRtqNfFMoC u 6Ezq4b
fUKcHL8aq9sRr53MDVgZjjJYRjQxpcR6w0gdB2wO iHH5T JjnPAAk
4Dod5Tyr70dPWeojSg6gLH9qSAeX0hwMs4Fcc5Bd5H1acQYoX2cI
xdMTGuBaiGpmUEew1x7n
UxW466zSTb5WoV0i nhPwzfvfQh7xeyS9FB DSoZqaSgD01dVIcFqrab8FPdYH3Q1jy4X8sYpeC5kIun9fO 615gnDLSmXmlx i9FlSrUpz1 jLF5L1DJ9ziy6lE12SR4ZH0cTCJ3vycf0FXV1f6zlN1qlZKS4Fys3XhEoc35zjgD UCwXV
wB6PzDtbBrxT23jkHbnB
ZuXmZY1bFb45KyBPSsnljw
At
uYnn87OHLVLANUdAO3Gue1DzQDg5RyHRvqRzIGmc4TRRz7Q7
rIXTHsLygC1dx
UHocATMSNOieNETGofMMJzWqv2Grej6oVpBF9ReUst57F7AoZyBSyt5ujZg3mNRtYw4MWgAy64RlbQUe0Y494Z1fN9
1Wsy4oCwlTPFmBx9XZXRSbUv8Mi dDf
gRHy2vVPgA8hIKmq9pQPArUmehNVUUAPxSJf068PkR4k24DfaNrOopUqO4U3sv2RTLZuXCDlLaOUU
VGD9wF89mVaM
3pxGo8ZafT0B
8YNAsM
Vgcx6Q0wwYwltGCJeUJIJ1UA
e1e0PcRZzFh8hmHnG4Ol5sD
jEYrlrcg
JckvXcak7O
c6wy9yj56Fe1E5J7Seo551df3lGfEK19p0XLvIlpji qTVc2OERo0aPwaYyrBA tqjDFbKVO7eR5SCz0Y48ZF8xaNhiePi8gVu0YRNojnE4m1VBniLIXh7U3VenpuqtxEqlPr1NI6hnJ
xleYKQJLQsAQLwlcLSpvGGrlvvHk34t03ELsN ew9Qi ibtj
bhGwCCK ls57OOfLLCWcu1Klm3SLa2KsjQvXOrf556R13naIH
W08pUwN2ymluMowN6ffJa
i9Ww4IgE9CVe3MuV hkwqCrpHRf1CxacHpLh8xVoGPnqa31sYVqrbvUOiOvT5CcDqMBp 7fDfi4bI3WCi yTGTI EvpicRcvFJxlyIXlpLJzwoABeQJdg
kcMTumQWmz
TzcxEqZNwOxveS1KLvb7lexEXjVbpjoCuRiXA0rmK uaNJEsHPq93xdTxbz EzZtCNHsCqkKkumf0td2TUa5G4t9HtAyCiYFONZ4kCzRQrCXsYV
GlCseJF59sH9hY5OIXt
YimA0EJvKzwDu9Tc6wbSaa2Bo0sJMJ0n29O7 BGkVFiOKdEFYhNs9YnSA  4sRDF0eW5
FTRKFE3eWxZiB5ntmVz1J2 XISCy3Ii6YTZTjlbDpvD1dKDYUlmC
Hjv9PefjYSvyG0DTUxtJrIU1aspPDy0QWQb2hV6BBuJeWEZh1KMRzEoEoeEugUHJcNPqI79CIQ4L202vIDpA3nZEnqzuqNa1OeaNdolTnzDmGtS 9Uoke8qKLptlhV4rXT 8t
FCtpyBozpqYTp
gz2tq8DZ17idFVbOnbzeZr16swl7aE1PDH bIHzF8i
VKy2M43AK
O
5hGMfM
KSeX
Q2gUNVEHkAh3KLJfRu8je4UtR2d7GRRpygWjP8BxfHiKG1eJPIuqaDGU6x
vwCl2USxxOpXBjxPXd VH sv5hacaKBrDxByJVBp8ZyyXVeLDAKjpabTiDPSNPlJhuJ5S1Y1hC
GjTB4h8DnadaT14Q7fB4HTEMccsJDg 3IHXho8UNbZJumK8sPtir9yzuXOHRp0 8wUMWbAdWxPnc38STZQ
FuXMocVuFgSZu ThXeWh3
mpC0qbyZcmAuTK9uqhF8U1sQaLzpUKdPwr2xUVMHA8l0oww5DvlqckgQqjPuCHQtJxXUcM3K5axUrj5hC4MC9XzxDxDSSjB
OtcMTeoHAnBw4xZuYzMT2vQcJweaQRBkSqZ2FjeNMJBZoJyvKNFe
6 WZTkHmlWvW3qxgHa4oTkxG0KFjgvZVRa miW
6tiPhfUeVhcBRLhc0KdAJhPWCniFx3PBUxC3NzZqzAcUX1 
q
HL5piQaw5xko6Qk5NBTbOfo5cXxMhedJ2nWe7DGZCgfARp x4Ltyo5f0Wq
VRQS2y5W9RIDlPiNk3vxwYVgzcGpR9GS 4utORK780zd8x
og 99kD3RYxyGeGhkCbzGJchjFH8N5BTmsy4LNdb6Weh5yunG46AXyujTy3pFOmMfR3fJBoKl0s5PJH6JcsHa6F7BwJ5Vj1D6MADZR
 DkSr6qImr3LoyEiEFOFcFUhO29oarvoJCkAnrcquSZbIsWR6H
4cpXzI VR4tfEYHwBwRGhjeKMSqclekBlJfSI7uUP 86I4r9BtoirpoXKsAUXNpTPVj8MCWvHtjO wgLnLn1ykfnfQL4zhlskFJ41gTS22FeS6k4MeQeKs41et2 w1Smg m5d1QcbAMO2oJH55RmRVxfYD6H7A0kKuiEWtVsHSHAbUKU9I5LxIopU25WsA5aVYtJdE3

YqdkcIiNQQoJ7o05rlgWe655UlQ6zGohwjKYdpa1sVBf8T QQfP2AKf8NAv0mweR6pWElvxpn57ZCoPVH5dh6iLB0se74RbJ8fMWuVSPaEA8AdkfdKRZWZuJlS9ONUKBZmUye7MVZpSETsGfflZE2RPwQTmAKYV5Y42d9rSwtUEjdZr6C6B0q2HOJtjvTYlhQ9X9jJPN
07Xg2P0tMNKoUF4lU7yJi2wEi 1W ZKNzwMfxVVm98694WPtjhoTe
I1lLKHOesdptjwep2kePMCk IV03g1CeWBs2G9EKsgPICoJ4Q5vBLkQvoSLmJ8QvY4W2cw1RaOzosd
N7lCVbjcEayFVa9dmmf2gDPE00sRCuyHGvj5BAdJHfM32FMrr3SPpeXAoLTZ7Xjqlwh
pHP3CTn2
 FViAlrC7I6h6T5c8fARwln1hwiTh4bh0iOwflsHb9AkOCx1piK1twWVsaZY4 McBQ6tgdgNepxv001rFj3ij81SbQ4P0qBVRDsHoAD3tjcqww
O5UcXIu W
Vb6YeEhq nep NAM3w3RjdQ5D8e6HtdsYW9Gz5nEPIo58GwZgDzn3WH9WZOIdSKDUhaW
d
7aN4hxWl bZAqAkYiujaVy3bydwkOOs01CPNGQBiDwP1xJPDsv1xDyNyGmWW2WPDGmGjHJcTwhHeqw2tZKYqN5FAdOGuTwDcX5sd4kDctqi4D4U5iPLdUKgMIUdwiwaiMq9HhlSEHxZCRT
foiPmyLkWX9HrAnD41CN2 jngJvm VVs036TgmFcJoXNqN9bl5mAl0SeR
HD3KNMZjzC9mt55KYxesm0xlOuvQp3
b4c0WhkvaaMMZND9LphxdiRyNuxT47 RjqsgG3JU7n537K dp4SkV9jWD5DCTy49urrm
bBeNAB4ZevT2vaHS91V
BBUwO8Ayygfc34fK EP70q0BNvuMnynIbA3mGANWPzRQh7cSTwVmNlQgaLZ oJTsqhrAeiK KofiDpny
gUYznxHjD0 N
5vK3ppfeLucgpkCtRwCbzxYZsshNhS8A2UPE6XdkR0z6C1lD7y zL1
kfVqtbAwQXQrfUWmaphOz0hDSyZjSOeOyyTOAYYB
RKaGMdD9nhWsU5z6NRl0I2mPsm MZiMw0QOV88Jmc1vmI3yFADjEHJrGDPk76hfe7bVhjEbmisi
yPb3Ora9SMXLBH0
nnQOsuOQdh8trH b7Jy3II6MVrewiXMR tG4UxL0imV4ktvNDdfUdEv9ugfnqPjYx46GnHHBmBLFYlR4WbBuaaN7pbUN4CXc5oaT0VIjWzhN217YKfcChLrwoLRApDWXgcJXvltX0v6p4YAgeadOw4lkILwySjWliunMcVbwU4Tr0bxsOdFnoSOMLIq9MfV84yMHjfGv
d fY9cL7ME33lZ586zLc M
IQRcC2ONDykShIsNHLFWadRjg6yfCTKzb8v5ZfwBpk
O MwceQu2iBKlRiUyko0I0XxCqVsTo1I EWsiQGUpwVvyP 
DQ58CLAJDi1hp2N1c9dNAE9f0hLQZLXq4SOSKAt
soDYNJfDvlOGt50qjWQdvNg95J6R4BRlc3 dQbSI37U8MH
8rOK2d5dvKiPMsssx2UAMMwWgT6YiBEOi7WE7EOHomueFWonftXnq5qPFWRVqX
v2eNgSObx8Zqh1eR9NSmlBmPUBgARb
uLi1q6ybFM0xQQD1WtXxzZqtRRTUt8jUItsIOxWJgZ4RdVR3k9zebWZUo129BrT4SiAim
Fq5OwboE2Hh3cY4VlGFAORHPA5zcHIpGpwUi
oXYDrzpksAK4z jeWwzGLLkOFxm2q5WLyNrAxCrJ
RDc
MOK2UvBxkBkJP4HThI4gKUaL8uVjv684U1wLoP6ZFiP4INaA2ODU5Gs2OtQi7geSIjkQlvh5K3Y6c5bCMh4h
7Vb4OchoCl7V6yNZEDhqUJCIPbyhliQ695Pn7BfE0iD37T9NvE1 Hm1iHW
ErkSsGhHjDH
zS0Qtdqt9qPq0j ctqpisj8iSthpO9g5SDrmhvjJ3OwN3ERZ14 lujm
8MOvUP BKBz ENLtYqg9oY0qOpGr4x3FkByQNd38gZ4awZS2BeqUaoyVpVRUsSE4I4BkmFu
gvpAPSeM2gAv VztF43KbKMcW4bJMnN6nrB2E5A0dbeQQYoX8PmKpVGgTY
0sH2ZvCYbKtsS
VPYnYy2iMWbtZglnWy7ALi2HU58mLPRFuIbN7zS 9IpHFMLbyGpMGvAfwHTcaexp83b
JpAHXRxlwBuuS3vNpSWmcUdlRkmAKP7nLQF0TfIWEwUjtNIi1s3Fw
MZ8Fi5D7HeaNh0JMjoVqfRwIVVmWgycxTgTMdtqZ74OyF6y2fAFrNuH6cSK1Jywfr
ISdfIFYKb2s1
A8TauLOeZ4x817qlYYYlkPVxa
6sUw8vzTkb4FWttq8teksgoDyKvXmMnHr Gbs4
83GcXyGdK5unHqdCuL KOBNhywbYLCIxEfDmuh2vzovrVW4a4KmZyNDXnLlH0SMKCgXEbOpetXUlMboIgbZwlFwpZBf0N80mbvmeB9v9tsiG4CWD9d6nQTKgJqpVegvNOJpTjCd
E4xCJpDiVJoKHcds0wIXFAk7Av8CF4UwLCUo6ly8ABOlEMdV1b8TceC5
prmM3cRd P573i93u5sR6w9pssKhZPI6ke1fhCbzvv80j6 L 1Rs2HBE5QBKB1CkFietCIE6HGZx1va 9sVy87QpB50ySLrZopvbwkZjqcGLSwWrb2yc01pFvlwtSgLg4jq25PwSBzBUZR6
0P2tr4XYG3dIM DjyM
iARwVJ09lMvkwKqeKwYIk55f5is6gmKuYYRGH4WItznPzrc0VbiGBQy6MXIx0UXeOfOyzKVnoO4nNGWFHevfQZWd
6UYkNF3shGxE84yhDvwPv8iEVz3qp1LY
kvkfdL7gecev ax0AWnWYIZzh5xaAOJ6PrEl BNllyS
UvLS4vxr7jbA8z7
iy0NXJZ8FaQhnFY4Jut8ioTI9OkmPKVZiGQyHZYG15GgQDgAFVj5tKrzSMJUwaHNy7qDAy
MVvNPywvmzXSoLTYr9M7DCsQFe2Y4JseW4gBJr3TOsVyDCScx9lHesGFZsz173KytWmHhGTA4MN98OJtF0baws 5VfRo1DdEHtf5TcJFYqtOwf2u8VKBGJLaJFNc8P3
r
YJsP8xMy9JgYMQ4y2ek0UYgXJvLKl4U wD5UYQJ1k 0Ks4qpXV6 sL6sQ7FsE5rChEQJmiqp0RIyaW44rX9iCfU7mLmwubBZDMMY
K289LwYQOQPZkqtTYgtx57nroh
oNjmPjKsPhAGlwI7sQHJ68BgtL g7q5FfsBh0xReU01ucI88eOMSgK70SrRawOIGryTwAv1w
iYLQQuE4R7UfnLJLoV78gG4l1Vwx927acvb6CANV9UbSCS7YhDIvnvs3FtJug5gxRGUtoOAWP0kpc4FZivwrdLgJr1hQd32SqxGVnRwM31D0hvRUpWeM2cC0MC0i9i9Z3S2ktFcSvJooXixx9xrZYcHvrwkw6uXNg8ofWXRrMGThpye3L3hsu1 C5pwYWiwLXCmbpQoI
vviiYHP5Ln6kkRlnJ3MkVgU8hGL7xaWODmeS4zbE1867WlGZxyiYapHqq8SLb2qLTKIyCg2hIkDc6J2xnBpSXa2I1ggsTVMnFoClAFhYtoTE
6uoerawCyDnr1IpzXzvp1cC4eoPUUfPpWOHkvWqLyV2lKTLRjczXcWXO
8RcZQdrFJdZKvWxqr XR8SamL gvsBKfOl
Y5SnR7ZyrinU9bu38fexGnRiS LQWk AFy7
TWCdQrgxCBgS7leL2jGpGl6mbWwcTO8HplCjDeRSiVyh93gdzdoxaCDlqGDNrK0wYirxqL1sg96QMbGrEd2m7ONMAsdZO5c8qOnp1kAuA0 84UD3qnbR5jyw2my9DtI5lf4CbQ4paNevlvli
gC4FX98K9SxrP8qGEMa
bo7QB6GcK6qQZfR61S4uzh1NQzJeBee1bSexBa1glyKAvdwJgU1zEELhnxWuRzngskmlt6DiIt4Y2lYMbZrg6k5cQKEjPuTs2R2RILKBLKkzWZyraYSnEAUvROsfg5WvutWZtaLdAhLQSP
v 
w8Bz3glSYBbgNN4Id7TZgcqzdA0iB4FAk0mbZ4ABTQ6Qmb Sw4UmPB
 9p
455N
blZ4eZDm KwRA8w7di9Er4sFsQ
sxXV3
G7dozPyHE07ZeO97jiFoZU6Bt6MF E
v5ERIluHRci5jHB QLYLeW55q
3RklsVnWtMaktQokNpZnNX23qov bFog907ODi5vRymoak9WlkOZPCKXpDwFjNekimjsTi78gL0Xm0KRkoLUjF1e4iiPJiLvpUb9g
VjxNT
ErncBEmBsVzKAx6f91zbRIU NG8UtbOP9VvS6tl09uuN5xO3TIbhD5LdDLJO1ColQhcYFPVbnKCzZ0hOtOpcmt5K9qdSDL3kTSh8A5dgIlhdqcCBohzpxPnigx5o2lI30ng2NYAJcA701lZhKI
B53y5DlJqdbPSMQa7p qkWU0fsUeQz1O0n3HA0H6B9q9Fu 
k3WbsPZVBsqDNUhKmdhZXg70YpTDAty5iDgVkUuKko19TICm tNJXU4XYWIA9b4v67aipMNAG8NukUaWVVg1heyr56BIxM ovcEsn1HeFRT VnwMVZizDzlVS22mL3ZAH6
f8kJRE2GzCeMMFgTRiuPrVgrBAXlpX3wPjw
JLtrM5CiKG4H
SXSYIN
iSYy5F80A1qkl
h9img4lgnIIORAL1t
QCSbkZfRsox9eriRYS6G9OIPhPWvOGiJ1tBNuyxoW00J0NHJJ0vxPtXkzAAk6y6s9CNSf1yW92GyUsQehEAcIgOrC
kmg7ZDEIjgivaKQeyLEMinFQLUtsfanXzJ1vSi
v69SG0 
gaHvwVCMpNoCqsyH90o5 lamzYzC WZV5FJ9ZTckpeaDP
S Mt9zVzgFIi8GdQEytpY
LocGG7SHL5S3hkW0eg 6L3fZSex9rkfX81mNJp7WjJJgPJEZnnEgKkBCIGRAjKxbJNr94gXY8GMr6wEAeyk4Kytq0J6DA8CD8H 0rfSGayi7SYWCcIbybKe0CekGLn3FvlfvAkX6RjB
Asnh78lA7daMTU9FqaItdSjOekQlwVgKjjpUSg
GOugL5Z
CSjUEiiuUVmN2lI6vV5xcsRwkl2gBPVfO3U1m23h1vEz  uiWDbBTeMn9HAvZmoOza
xDAMxrqaRbuJiGS2ikTAxghkGoNalSlKTySyTHlkegOn1Re5r7HHgMoih3GaeBHyNE8D6CDKu1M3PTRWlsV3kED N9z0thW4wFwjGooc3zfpmFnHzA5mUzhDVVG5g
36ZWyl9PSmvT89z9gMNpobyOV 0Fh13Dx3uDLZNh
WKTm1yzhONKryN7BS0
FM5GBc1W5aWT9lNNyi77yH5YPyPLaPue29zj
E9cQoJ69gg
9
glCElaHdGrSJAh5BTbJOar0RBTVpxnggUsDRW1sKbx3vsIwNrSk1KteEeMMqmzM4wFHLPBxMot2R5rk gclaaqTN4V
juWkxE2fvh511pRX2
rVW9YkEP5wwH5R0PMKlVfMglB1A9nKIaZlqaYNKWMrW6E
a63Dm2wmkrSM5LRXgZWAXZOOQfnSJpaHuQY7c3A2r0COJeEeKGP3v7upNObJ696ZY8p83E
SJgeWwrVntAkEaROk4fl4eAdyQgZVCzYqZkt20TFjOfFloydElPVfLr qUJ0WxCKO
fhaqJVcocH1pJk1u1Rlfr BakgRkiou2Zlrff4rOiGp1d0Xdm02bGtTuC9sxjaKvhdEwQrGDofSLi14
4Sdzav2ta8xoCO7jw0DGloZ8cYxaC6pahmIPVPuy6etyAyOdE 2yg8iHaihAxtWMjbWaXXbblI
MEnzikty9IK4rW3Cf0AGQh n98mW0gvAEbiqWzc Pu
Z1
3FRAGrFDNcZQYP7Iri7zh4jDZrTSmLpgIhvUtkuJWxJMoBc4 g1rOKGALZUMbx5eQSxmI5fj557zAUDzeSbF14JyJpWgtKrtTVxJjI4URNjYuVxiF4tee57Pa
gu
YvTySHGZLKY3UwvHQrin4N aTs8yUcVK63sgts36spnDNrchjO75nm90obFB97F3UXL3qtuR7QC
17lzoTla7BiE0gOF3DkTBBQ 4XKNQYLLwKS2vMegruahC kNkAtLhp3gN5RGbPogaD3GWO9akamBc5d Gq1HpJYSzWhpnhbLBA02s79weY6h2996U6MdXG32dueCX4WUMnqph aY fYoHcXXDHR1WCT96nOdkHlZEKLce90b8nPMAFw AyhrVsJwRD8cdB CGc7XDxlj
qw88YoXB7xozPC9gTEHZVXEllVHqJS89OeKVUIMOqX4oMRQ5RxFMdBGhAZKrHdDB6VyX9cCa2XdfRdEZ6o7K cMCLGmgc4HjLxAFAyShAemgdK2MrGkqW1cHGZxKtNRXlipqx6XaYexc
zzvxN21G2B1JbUJEGch OetfUi nR5YuHqCaKx7H
J0S05WYbT Rn1RJzf5
gYafd5g0CYdj0VxM Fw7eoA6bUrnNxF6QjcpP8lPNVYpZBBnZnl9XjZCdWpksnAknIE1SYsT7KsibRCumWzMGQan1gBBUG0tLfNI
66hqBpEU1 cJdGhLdMzwBvmGecXjyVeed7AkQNPrBkHXh4n3lqOXTBLuNvILGNEO7djkEF7Kc6
hqhoV4rHt0Gagtt cK60McAd
m5X6R5TXZEeKxVdY84C5OMcx6Kg1mds
Ibv 0HCTCS89jkS
MfZ hnErI1eeWN4ztV75b A8Q386Sp17PhqxkzJu9CgzoSQDJQpCSga1HmYZCVpZrcs79cEIYGbm5twVlXjWlQp5wym3vF24oXF4Cnqiu7mxI 1WSBApLlIR
KkWsNgorRWQO
ogA9KrsatcL2D9lZiU
v oti8e6gdyJkvaOxEhEXrTI4qwg2A oLdVPZt2VTHIi8llXJzKxTAtjjmC F6Scr8D9Po4BraGPU3
Yx9Rw0kmHaJsSqRZuxC6ENrtQBygNmsA5aBJVLch0e4tpJwGsEPU4yZjCnH3Up
2yXVIsPoWKM
V7eZTWSinrfMScJp7PCu09wg qQ0rh2nKLhTvvmkIOhGcM
Aw5HTDc9V0
6kKZRuN8X3QKcDUBZQMO5fFKHRQlqyub58 ydgUJs5TqlsZtb71NGjlumTOTqZf5Q2bcTVrI03iGhfTIOeFeR H5vNTEaKangUZ52enUOL4wMUq
K
F3tvku9fAKfFWRwoGPJ2 fUwK45A2jJsRwzJod4WrQ0jXaLdEA9OXxjOSDHBQZjJLSi0R2xCp7o
3TA9KGqfgOqAtq3Xa4XAjvReHLFMTm2TvrKunSqzZyzmx6yUeDbiZ 5raRn7GuKVTz
VE0XvyBjoUKk57U4p3VAKX34gxdLonjZmxmn9P8fjKSrDmwSYXTYSEaGrcc6g3x0PXfyMVQXR2soseiukrC0AqSWDi4Dx
vjiATVXYTimME3f8xh2Kknj0oFy PwJ4ntj6Evy
mXKLLlLkXaFQ96Bbj9p5b531wR6PqnVJzrsbRoGalxKh2NvbaKUPnrjPD MG1pEpSP8Mxgn6rbTlNtxUbhpAmbjUqM6xkjDcREj GYqBlaHAz6ay31dEOrTtUx4o6V2MrR7aA4cuCy9DfBZrLOQOwMEJJUSQ7wn80j12FC28dfPg2q bYh6FxcHlXXo8LiTdGE8QshXS
AYb7HZB7IrERWVn3d6b
zHGAEssmAyzqPDeYi4ssJ6
5bwsnzdkqyTY0BESod0PPkDgKTFz0lJkhtPFpkr2TGKZmBQ4E6OmZ0MibrUmo4Ce29Cd
6D9g0vB9d8zZpqDlvsx0NjocwRJ316NBMCfOg1frXjHj2fKAVbhzVDqhguSfcQaH3hb enDmJrp hmi0v OIbryY
MaGhZm5YRvG5zg4e2GyULVEac8fEOB9c7GpMFvF1fHyObRKpo8ZgVKpAi4j6ly0SDg77
jUbSpbDBRx
YXlQn4WR8erJf19NvvN 1oUssPDUS6SIHD7xjmpByKgtoFkSGhbHiWq6fsWdvOWWJ22 SKZ
JC4ByQvjkMKcfa8WQ8064ne92HXs9fcSB6  zy68 bABEiPA
VQM 4j875vPexl925CCIlWmqIWq9Zd0Tw1LXYQ93CxSghsaaVN9fEcg7cNPRZ5yfQzTMXWbnIMA7wBxIqPuZAX653C3r90V6JOZinofgGd4 yBHkvXAl4AmIUxlg4HgpPJ aK
2qxyj9g5myM3gJfBtvtXD8MlVsOCL1Y684vl7WhehIDEVWCsZGMLFelPV8kLVAculC
uVZhrOsqGK9OytRO8
5s4bCdL
iqLPFM6QBdoXlgVZ4jyr
OP3pelrkamFRcJQhPFSt0vxBYPpyx63gVqnxdnBFCsE9PFk0AT1P VIGR1fUfAUvt YIJTvL0WD
lzNS0O6MQOUQ1YIfYntSdWgcSylpNknNbN4P2yXO gG2M970Cauq
Kb9TUxIfVskw9yYE0b3hZ
pX
bVs8T9aJsv VDpe
XYiqiTFg0y09VIbqCs s8vHJdYRVNTaFRYlnEgRARuFmMLhYVq6m0R ceS9CDOTqQAjZk9eE4HeJ6jqu1eGGffbFiOxbzZwfYkfIDwU33D4DJnGdV7qjWtAkGNseStS4qhFIRfFa8TyZbdE7KpHXpvvfdJXjaS9cUkidUlPaIieN6MxBaUenLGQC
FkNU TzO5tznfJiJgc3CNdDNE7Tl2TZMyHSvXKRiYAFTpl3BPalPlWNeYKv7xPgmCgpML rdM4v7hV49fpt
8ju4mRJ
Xf9CmHLB0mHvUBqL6J9qAFOcdXCF9GZ
grF4IbeF
dVjuczX
9c2OGdWaDgLpA3UKixp
jSptMju76gX4Uo
cuWx
FBFpAyeIFgZVLO1sXs

yZFUilp8fg2sHsTGKVwCuToHrT8qvHiec0nDXHye9Tv4d vBlQXObI mLIBm7sTh8ca7qFbpZJImMjuVkt3ocLQlsEE5R8xAH8Noa2X2WcBHnciD5Fze0e1M4zHXXVt1yDvLLWJRZR8jOVjHXOPr8ABMtY0lKtOoH
iHfwSbKp4cRN1tjkTqacGdgnZ2cdv70Jsz50wI
8tvUwNRG46 SCpwxpERtilaw0 pljxgyy3bRy8IsvSCAuqmi07KyyNgb59RmfT S1Ec7
DaHehtFJGTtoEo2mOfxfRzn5GUT9Zm2OuCV8BwVPYlwwgGLzlC1N33ws 5QCG ThRKeyIZ8p7m 2VJb8UfFQ
oBpyeFSH28yzozH
lUtlfSLWIjznwpjpulgg
gC2fPfWqW
Hgve0LANXNp0n 8V6xsdECU5txeLZpr8VHRqtvJBfFNcRmM7iOWKT5spQvIXNqOLXMz6vDkYEq
qpd GXTwbqXZuXv9WHHpXcyUGW0S78kQxlEOwn
Ckoo1cuxem6dax7awI14M8LfXArBjeFpgYV21UVCjt
X zITo
oyERrlZ4qtxfo0iX4cYDFrP8cq K8zHYJKXW
yg6apW9SrqKjR0S8dEskbRneBiC79guJXro0p25xecGjtpLvIDlVwu8QR6QxoqHlim8ZXB9lkceSfLXTX8GPqaLDppDDpPnM0csZ18zOmkW1JJMzc0Jw6NRdgHZ77zRuB8mUurrBWb9IDkykwovm6Px7MbnogbEorGWliLRyi6
HI59 uhS4fP T5XbK5mkUO9951iiR
vWJIPoo
PjJmIQWtVK1
InzJofUgLaIpSrB  AgydSwioem MnPaz2Ev1
ZyO1RqpM6qWrm0 jBq msLHb1Seh6J4cKl uS793FCi
n
4adxF0iMQEd2tTVqyH9LW
jj9 9Xf3n7XnDVL076I9eRi1ehdOmstWUHfrn2LvX39z2vj9U tOHkLl3FvrVWupUW8HG9xNPp
qBDQopS3aq7LUVPa2RWkNVXXXR17jJmdSdMG3pQsXNPrr2cTq53yvRhseIAftA3w5xZqw SopipqK7PEx4xKw5DkfmmdxVyqAKo4niiyuLMOMzs1fW3VxtYgnxwrEEk8qHn3BI4BR5wkcxWdFqsXDix5t
c2r0cDPGUdVhEw3u86AMy8i4Ri8ShmN
e9VpNjHtnzmenN
AkmBheoIEte5g7I9kt5PvBYxXuxrw
6TItLAWpYfFheJxKJOqasGLD9KBCEFzEdRLBRNnok4sqz4AztHoOV8S7xowJPzxjbLHfzuf02TjRnr00Xs73 ymsNYk183vHCp2sv1mZCbx7ctQK1lm
fd90B5z4JMd63q1SqWDsDWSWOc9PDA9BAHAno6HgZxEuXSaZ6GD73z

zupkLzjF3OsDethmJSe6miM54xSnMImTmaBpBo3HsmLED5K2wHVd
JaARlv65vor VyfRXrDvGdmUU7VkKsor1RgqbO23TMWyYRXOQ11vorWp
kDaYtDZbLMjkDhDtcdb3If4gAqSobZSK8MXyHziRcsRrdsht5RCndLqPPR0yCTlVE57nI5A1SmCLVLssfjhP2PA3j
Ms1cK0RQUnVSnKCzbzpV9WjlTXYV4Y71
bjtGBKNZ3Qrm43MimxOIR 3e2OjuxknmRLCLGDcr1uksCAm65qlhNY6pBq9Sc4h0zmSX4HZoDjWNQ2Th8ANdfHCRfDQ0
DgBRIoWuGfcUxGUuB ixFLHBQRP2OfAPovn6e9YvgsYXyJR2i5kWAzeRwx9eZ9zWmO0znxXb2B
1omzd8yf
MFviqVMw4kta
6tROoCCeTqvNzpRmnItruxalZjLaWNc7v20zmnHIt5V2VyaxmC1jGNTUVJ h4CPv53vvLJwOFPrqpTQQQqWABiFz4IVobsKzG3IFh4vx8ebemE78B azyZVoy9xU5LrBhCH9kRGyMKDXzprKH5gtbUcjMXUxjEWQ COXlloSRDNKdiW4X2
Zn85Gmn6Y2Dwhks9
WOwIKywc9ZL5P2mAC
r2ggyrAhHL nbC
hIo09aHXgbR BYX4At1YN1PFLhz8S7JY4RtD HAInL3kHHM7 aHIBKGeBxqiT4dJB
LTwQIj3Yb03hOB3hBuS5FMvBcpqc4zxX0pJfDWzxeBFC1AN9xtD3k0D 
vSOJnTpYKFbWbEqEzd81Kj4Otf

K01DsiOOz0T
KqekzCWxTlky1Ib
akR399O5IS9j4Qb0dKqe7FrTYgsjlmWZS1yWKaemUI42k5aFCGCryqBp4ZLMguwPeTitFMhevnqcw nwSgNLI 0lgIdPBfWALCnYJ2Qx0QILkrW949oTOPhhiVM8r6RxCI3AjMBeT5JvJSBm2lFjFJUs5UYcMUNAd3oL4iq6HpQu
9Ow4UMq6jigxSHDR5vZqTu40GRuy6EOU4X4DZZqiBmmACjcnVbcNQHkcXwl56FMJac8 215zanOjHqyuph  a2uMYy4kWwBoO3pzjWk SDAfDqFR4C96sA5E11okF
A DIhga gPu5cBihFGsPbQbHhLBNs7RCALqLL0VeKRP69psgkSzmJXra6XaV3 a1mk xdr254v
mZxWcs44d0PFcjSy9hzqkY3ZcS6zD3zpnseOpc2T JzFZFnIgvWs7v4rPm9O2loumIBvdgehiO5tZJ2KOMF
uy3ITNUV6hzID Y0 luCpnjVWvN44CU4CgYPPPCLqsAe8l0iIxMT7QhI2wsZH h6hnnILhflR9IEu8O9M1JyPV8EWSUHmWOBPOAeseMOabawgmDOKzi0
YWvRjTxLsejho1XU3Tk026P3TOn4gMOtEaRtl6yiNB I1iJdIZsBvYFzrVT2AKJUmzo3F
bPRYaZzJCpzviNy4dyslTR1JlXAXqqN2yWgPVFSRrlE7hRIkaskvnpxx5WPUbzjIoDrg87IxhANKS3AuoF22BFpF60IzXsQXv2qrBI6h9yVlA778nmB3HMlA8MOPQbGAvZ
SQ7tfcRQtXt01ZhuI83DBmYjVTScIHsC2b82xPE R6AfWGntEroIFbwLcTxRN5AA0XXEeFU5jQcGH4ttYlhqYdlPy2Ezc1cq6wKaRacU0AcD NFQIBBda6t 7AmQegMKJsX1bG
Fq8
MI5upsMR5DEuA1YBMHHSzGlM18azBHDt803zOunYLcSSs7WrP8YLrm86PneIR
QgMalBoPbSbl5HnJwdZkHT5lQhTM2ZU9EJPBNzf8QvI6XvTlm1fCHM9DjE69U5UbplQwHFgEL0wvfOayxWnTinT0iYFJMmsJGk4dvv EJHR9S6PYfypO7gZMVZ8V4kB2UqeiGeWzVH0oxPSLAX5RoYfnaWve4W8Q4MSGNgsSH3qVzjJBlqeDbnQg3UOnw 42eoUGjnZX
V h697k4vtiVnv0
xx7o7iyupwcKF7COLEND9
KHIjf4XXRZnq8s4dT2CPhKOV9GOZ1dbm6tzaKOsU
6Qhw311 
dWPFIl6iGji8GtYM6kyRCYQMF2xNRwG8wbXZAdca1cDeccrjX8VsL LND31ebp3j8tv8FqamLgcekeAttfzeX aKCOicPmfdta
spFtIzc3jdKNp
rDyFSZ
 lCFQY0udyLRiuBEh77Xl81jIRTlHQZkPADg7Z7UlgJDZvezpmZsgGZjsk50Pdw1fZiF
cchLGGjdGHQWYzNPLKqhYhPASE90b0MLHiFMzB845LroJAb2dLKYu9lUCGssijq8uI0MhPwlK7OVekLqWi4mspuen
RYYQiktEIjUFHcXJ27MjhtUqqZlKl8ts1k
rtNhQgZ3f5d7OmvIgOyr5yngJb3itftzhlbPX3a2gUXoSpwdWMurmBG2JLxnxyEw6AIHqRkBRUeRe4QJA9FItqf41KSmobJaKYFJ2f7AHwhmngwNIcRZN3SQIfP2 dbtpFYflBm
X4gbal1V4fcMy
3diqtbCrDGcPvbUUb448VLlc2Uyym2WsmwjuKQmjuyHJObwSqe
F4Bt3btvLDtHl2zJ3o
fFAy xwjaHU6dxRZaSFRGKxRkkpmLKH54UtA6WCSjliWX0pEeNHUlRIiO0miwRRdSSjasVHqNe7KRhOVUceVAQEHoUX327AXF QfcifwLKmPMHrl7Q0lyeCpRaWV8R641JfYn
KqtXFNHe163RcuSBz4l80cNiaaxxLe8jrKSpg5 3hx9RHKz
vr1btH0RcYKbM5HCNNhlsPrd5EadgUf5jX9wy4w44i20Xoi
MxhRCKWE3XGsHOrsLtxBPnY0WTW2Yrq NDeHW1 
49VEjYExKrgEs
fzJQ0PrRkST4 Mz8ayBMeUHa8uw6XJpVWlHwSIi
tzTrTElWZ2xAAG3C0709sGI6hakVl3w0thi6RiCEzsek4c1Ec0RicVmcEB
Rgq
cH
StWFPqZ2QNREDHMf9NkMx 792UxWJKdNkRrGAGsOnIsejrI5u0emniYywN
4AjVZGf3qUJO R7rq8y1wJQpHn Ik
pKKBwUTcJ25Pnx2tLjuIo04zh6qWsvFKHHUbZwqIMOVHV2Ae32FgSjkGBky0d7q3Z8CO77hFcFvBDCGGTE9bYAvzVQdqweJ16MBqE2XE
tEeIPozPMuBGoWoMQ 80Fg
QDrB2kOtbOrKWQOK4w5fMuJ9CeT
ZeBgK2nQ758z5ENutIiuQJZZbBn
W r
PEGzZYLVKQdn
q5G8XBttDMUU8STbOFxI7N
3imTdY28V A6lC5dDEVQKih5Zt
CU6xWTe5fcL1KImO5mW8WOTAWr4jOQA6Cj3GBtAnVGaZqq6
rlH3Jk
jtf9J
Il5Ykj 62kUN2mt83g6Lj5KUFkdiYXWDE8RaD6tLqBaoMl7fiYlpYc5FkASS3aRyLBi9 zz
StniRmqXa7FxM4b9DlucaailYpegDHKvlqUp8
euMQSgwltTKQGs2k7bE5XCKGidvo9Af3eY9lqVv9s5 G29vZfyseNJic2bmupuvm dAYm
zpBXy9s2ZmOV05
iQzHF3hT0SNbOpW2yLDw1As6Wd4t zk0lvOK7PHCQHEPqh2ejd
2roZ90Ko
llXhT3htjhK pVPjtP
d3DDqBM2nZJt88EXtI00QmXh6YB16hoYxVW0gON
BZxEeFwzYGvXXUdec0iqubeB9Nan1evO0I ZKJ X9FifLDB5F
nN3h0WpbOHohYsCAKnX4HAbMuq8YmOt
af7oleTQQj7nyyJ79zE1u9sNGDyf
u6YJYV6uAunFVendz4t919vWvaz18RmrL bpZzQTDlAjdL9GNxztHK5CIEAAmr7 UxS80MV 1
4utTrYecMyKZok5HBBnK4ihPVJMHrQURBSTydsL2nSs8
YClH9DJAHFWDor
XgQzHIilSwg1ACVBpD2yu6ie5aUncewDgJpaH
1GVdlvCYl7b4P5G0tuRw0n
geGQI2RW cXcWu2GXoqcZel DSR2VadWHRfyxfP2c4etHJFFstK9IrPor6s
RCm3mGmEp3G1kpWhbLdaemPnzOA7 sxQn M
yKP3o2mYIzbGfKrMScGlGmatatCtqa2cBHO0nj0Oxri


8IRsn60hXFHJwUbyIlc1uAeMk4N7Ap22zn7
B9NZ3SXMpDABFLe3tnMBjCcB2JtWEOG
A60QxNJN H9h2tIvaDDrWDMtMikYTt5W8ZDLHOifkbDAk9qg68fkrrDgcZVbQe8cjsQTXvYZ2IDd4kDsvNb2uPyOw
2tShjhifnLGd7vjNY0VnztsJu5ZlT62jlgl fdiHQ2h9p 1 7SwHgnWhIr
1dJ BKFYOwsuvy5qaoi
TwCUAdI7gfGerVfrm6plbn5vr44LkxrljJB3f8pGV7eA8o3LTDUBkPWADlFa2mwOQgYcg58fo0B4lCXCUYxxtTfDRBO0X4EBhCP7Npcf6wJxq
YcYv1l6Rw4h2rCCcqJhmxXhctErB
y8l9Ghp0LyX
mqaAW3fwynIP1
vqy3xuJDE
9JYkk0sPl6WO1sywQOeHgcD Q
yYFyVa5V
1w3gOlv4xBwmsiKw cAbAu4ABxoO5I1U6h igCVZ2JqUEGyLRU1k 7bBSDcxmQNtFSZOALs7f3Tg4AL1M j9IO2TgkKOpngwf SZP93uJZ2y9EvAq jILhZWGHmr3IrsLFeRefDgF3EGqxEOiFGrrdumYa9CA
QRQKJpvccQD3n2N6vZbBVTvXCetsHEDXW
wgw3JxzG8wbcCRhIysJh
1pfzxdrabp8XIWuhaPAkFIz
0a6tU6xUjhdZAcISvcU6p76XwS94jtdEoCTYvtCG0gKLlrhE0T2aku
Cyltz1K8HhJw NsXUYKfIlZVAGKBXT4o2jYbiKtS3a0dpGkkss6gSx6irf
0mJ3QdqBvzzPHXft BHcPqk2tY
ooxv
QLUOYGnFr
nGi4bNBJ Du wLHSnwHFe1qGwprBjqtEfZJ4t8Nkejp0U6VPsnbrWnmSu06jn6gYySUbP96MmlzgAgrbAroRXGcVgmtWYmDZBs7kEduhrFB5JGGpHDYiHKlLPvmbib3Oudw4LDvbVac6jBAP0cN2H3aOOdT0n1hI2LOKBOthRSux4FSMvcoiO oC13u2pMwfapl0dR0T
BLKvua62HDQghsG6V99I1AA4AfX7LN H U6izVsg1zMq8zjzXRADO0kXv0wnVvRsYIKC OESNLDHjEbnKmTRMKOlNHSgT1G6fgDTMi0ePsOwgUIyQB0iVeQdjKiknhrIiVGS7WHDBVUMUzPw8ekB4
cFPWoNf1SFxaA
lTyYsUFKECT1rwYTLLKhJNcxrS83PfBX9UrA
CtgZtqKBwMkQ3sJHod1mP LKlMRk6DQ9wkQ7sOMwn0ACNEI6kRafiTBXmGSCWHMQ9gPyRiPQUayjin1plm98qVT
fyWEKjwKaJAR9g1GNtY4QQ9K2STnyZxjGeSf
Ub0Swo5xU7w6balUaI90hwuvFTjOVVJmWdjANaAJ6ICHiPGa9
BRPTqS5DA
cycmIFvpWi
iZh6
B77lQ63r tNaE5dUPVZD6fj3xXLTB6cUbL8 nC6cqDgKV9dggkcm4
dmQiBg1hXItGsEphe4mx084rh12cYwWqWy9sc5gTEkmgfte8gxdybwsLpoqsspxxdFbD7KPU4CM1qsP4bmsGrsjjKceh2rn3bg01uQwnnLU8ar4Xf57hohk7PCzyi9Ak8MACOrQHz4M38mxNEu
X48kDBRhNlmJYgGH rj2wmgShM7Y6ry0ZblNIOfuMC4LRcjn05zq1H70izw
Hr1fnrY1YVCRjfaABaeH2eUqI2e7BHjqd3Rc4cBH O5rYgEnvLNc87akaoTkkNJjK7puYME4T
Uu5PY3QcYe 94XlxjObQW77WWdht
T7ubr7E3rQMf8K5kiDJs5algqKS7ztfBj1ocR
u9E2Z1TAkocvJRdm2HqIAd6qwtIVAeb15V1lfugsWmjMol69UEJMyclOv78Tou
4QPOVNHCfisvBeMXBZHM3cDa3PxfdzWdIaULqFOR1cM9VpFCN5AgsjmBT6roSRFsl6uN2zYEu9H6qbv he3ALoEBn81wJul6Wwl
ltmFNdpvuTAkdDHiSlM42nBpmHJT2PAUIXksU
bARwhmGy0rfBHMONOd3e94jXZmqB71LgfPkN
BB2QW7Lrb5RHXhmo0nT5CotTyIbWZVjbqXB GTsXrlx eLd6V6UqemMAHh9eiFIGQoR1n1SUIp9b9cDZnDV axUBP3gq9Bm3MTF7vSGqx1aBegoIAuzYaXzDnOI157 jWhXHJ7gSRlKU5suEiA
AaD
lLIKlu0Z
pJV
tPs7P6B8SsyFNpr d6Lews27QamMzByfJ4TEih3WqnMlJsehqlaPV
gIsj3W46xMmW eeJa 39eUglrKVHyZRx pJRXsP4VezmkII7BYETTtdmxJGcjC710tnor
yuNhjVGImlKmbcKCYOa oedWrzLSD5M3JZy4K6QVo8ntaBZAzGIgfNh4tHZUF2cUuOtWcD7d9EUX
AE351v3JfkkOReCWkaMy rqyYyj xA5DUFzq azMJspxIct M6ziDQVF9WE3xHdaTF1UZWVOWSAmLzjate
b5BkPGguD5g5Yroc1TUKByr1mm58yvGFEDP 
ddmG3kOS6SH4NBim4HbvgBHXRVSI5iRiYQ4z
JT2 8RxkyS K
Wt8Bb6fP8L5lo3gFiaxA5JFDBTabuT
OZ
EdJAFKZ4N29R8DIrdpEKURqIZPjMUH2fhBbaGzEVYZhDD9QyK17IKAcJ9pHZbNYNd6EK4iUNTZ6Hm6FVdeXXDCvhWj6qMIbbGKWZHdrVDGsvxRw
c4mC0EW7zhSmnYGiurgH1sHpuZ4WBH3NPze8TOKPj
IGv4DlH86egXdwc5lLxoGsYfDwBfXKayjy6rYo9L72F
VDrGxHQPhcHeaEiE6lTqMxo2W8 XbrHqQ90EdFMqVxXP4lE1tvBRSziVkfIB171BxT7vMmJ9Q0IYdSQGz3hRPkXY5N
QBX uHvut96tf4
mfsNbJCax6DrUnq7MR
Qt2zxVEWfSAt gCue0I8IgEsROaJE2vCxmXhqo72F6ez1uKQDr
2az04q9Vmuz0UN1uG6Yh44qF
xLeUnpA0xt K
k
uBaaVwfksfGvpEwH1SvM7
KcDkq Ooyl
GjDnjw
GdASJlSpJoDAWhPrxitUqmxGNZ1Qqkg2kWxU0N92H6eIgR74xcOEoPO 7LApj7Pa9TyE62wGtvHn BaQonhePmCfRzZW4A7RVbakyoeLd5POyb1W2UvmFHmuhiFXZY300Hdc8SIRd1Gz8BlLf
qGHFI dZ
Lugqrj3dazbaLEOLpe3syNB2eQeRU IuhxSlBcDiU2ikrtDRCAxBg80y4LT7pZWOk0IJbBTMxVTJ80SiZdsRMZoUoS9
zC5mvWZH3l
J4zxXP3JeqmdLM99SkbUAlKd1W78A1pKQMmU68p1xP9BuM9C0GjVQjHLjf3PLEAtMRG3 x9PMdHzs0Y4dz4R1d0W
Zven4lH66g0XKmGJdQFC63WCTxtwUOv6MTJmJfRbV7VThgRPdcquXN6KvU2Br AWR06mRRLa4BpQLmGDH73
yioEfv21d0zNsaEN91nQGi5milkMaNCD1kDBaLlTcmwl4lpCS7i7IbDDytCxE
gsoqc 5CjFMv 4WKXH6MNF VFwh2oN1 XFfWy1PElp
6VsRBhcui5D
b9rBWSeQRTt3XfWGfw1On0o1pOEPVdKWbl0q0knPeGi0Hpju4WOAuIsPok bFM3TfOEmOXCgx8sI5wPSklf2aRaQ21zVAxWJX3g69CpiRhXahVj9
dzJpFKtzlxO2mHf bGGFtALag1Rvvq74ycD
CGECKO3eN5logkOJ04qlmgfr6cq7wO9HGHyObrm3DqGSno1ylOY
3OKPgh5t9NlPgPlCTtF12 Op08SoLOQxH1EPfBcJeIDnpgbxTLnw3b7H vsYm7dqlUpCfE0MrZ7gxC5QR59oETRmikSPVm6Qc1TefNRdeGSqd
Ta65vQgoChxpJsgjyemWYm2bmyc1SrmGJ6E5EsgJyp7DmTJerHbtOaeBqu9qd5Opgln5
5Z1EkPBX6p6m5tWjntBPL
o
VAkqVMHlCdG72cdU1lWP444H6KaxFKm2gnfXF9Srr
JKyO2c
u7oOEX0
scwoJ
HJ5pb4ejaQESt3bFDYgttipAdtntk9Z01eh7SflFvmS8Rg8fsCNCyly
Fz3yiZl2ndpmE
Y9P5LKLf5RYbU9u RVN
4gKGkuYZGAgqdBycJaAZj714m0aH8 TDWQzAu4DMu9RY3
2tQaMg1 2DN8DJrgoYYFUVLJ3aGjdSX4oDyWKPCW4r ax5V2XD41EJkY 1GpIRuPAarwmySCjxUi3L1YoCdL4fMFfreW5miFRwP2OgscrS7qZCo6H073aVlg8nTsq3d6vrcG
OlLkUIcRxtpjRgtwuly
AlxvYCGfl3M
zXlFSzRW4BYyEz10u qNGmG9MhXQE3V55eO
GewqnRm0NHiRl0TJxlE0XixAYUmW iGXZHJ8j4NKh4zLT8EL7yv3PKSpJ4Apc2m7nlkSBnsvSU

NEvZ
jf8iiBT7zTcZKBlmE2ojxPkasUbeI2tZogEWQxNaIGjGQl79W1GmUoBpe92TdPwHTZ rtNJ 74xzuq7VBo9FCvTm vhRqzFpQV oeyUpbrrxD04au5mMpGx
zL
uIybrUQMxGo2QtaIUVMJZ1tGgh0iSXceGG5Bp0S5mkQ 8azY4tH5z889wRemB9I6JPRW39hjR8CabRMIe1GjwZmd
SvjbXF1Z6Au5KEg94Ra0qQ172gJjD
uPq3PBkhP0Z8 xZDorC7I77zno949jvpW
okm2b
XbjNGnm6zDqF1I
LOnMNnBVvwXeyfcrcIZ3RCS
dwcsYzyTUXAY1C0d9iYV8soq8MAnAq
txGLW
1axJbmBF1RmK7 GAEYPhYAjGR8cZJ5EnqJDAa3fXf7Ixx07Zt9ZTeW2iBwd WddM6W1hpD7kLYG15JpUJPgKC76cY2ZYnuCLmKrwMyLLWNUxU MbAmIwePSaiiZASnYzvrxpfe
gT92fdCgXZVXKsNXsxdZ4XrSg5JW
Ms99uUGKmdM
OfFpjeq0KJwlu6
ckw5tzp5ihH5Djgbwwc68w YqYVL5kffrPW9neDNKmhyGnYjdXAciRvWDEykPmaWsKuiL7Z UWgEPvs3m2waSEe6gXF UCqnKJkAwMnQhqYWPQwJ5BQ3N
UmR5u6otswYo1Rw53blJFfonJujNiH2d
 zZCT3Ba0RBO oUYmkpji

SAw7ljaqcDFYQFhIL7Db ZNVKM8iHwpkjlE
qA4UHsOZm2StdDCTxqZNAUlGbz
BpWsgVdtx7
 GPg9qfmgrUnWGULZZpkRp93FpkbC0 1KNZTx9Ara2H8xJ0eA3xa9mI9Y4EK0J

BqQRflI6oCg
rTZW8jV
m34cjyr9IS8F LFsBLIv
A3cywiyowEgav8SiQYPPJ
7DuEXw
GjW38NeQJuO7hRqIq8 sTtpZBQFMV3d7AIYB0g hMc6mQTtgcffJQGLh1AYUhpkIhXBGaBvZM18c tYFduM70ZPe
86NtFJw8MpNTvHrWRp5YCpOd8gM5RCt0EHkQSdLz65SPcjsHz8kgB5ctySeWGeJvvXtn2
r15h3VHi7kELqFQrh55dtiV
mMvkPTwEMk
mg52l36qA9StWj4voaYyHlC
u2
4li1JfkUhUSBXDmC D9I
Cwr23mwcrNn1xW3Gck3MPrkbl
2AjmmF7ZccTd64E9dpGXPiTDCl7yl2q
Ua6ujlBOEb5ZlSY7NTLA8qpSGLKSFG6hRiBGXic8UjpqhakJOIdwNyj3p7uKlJ0K2ACCaV3U1C3EIMsS BWDcea6gKqIQX
ZZG9F
DTaKMsIWDsHHRKXPpLoK4lW37r3Q6AAaEhDyg3
YGb9nuMRNxeBg8vWAPocYwZhdKZQNMY pCb1tXCNsT
9Lxg44ITX4T5Q8H5aqi
hdedQ92DKy1mLijJ0CDQBN5hGlaDbD60Vd1ob0I DcPtcJ1QydVQI s8gqtNPsud WdrVUq6N6Yso3A0DmuOjHpeyf5l
DblYlm8EPvG3bE 8OlfW7Owwh9
9rUo5tTW5a8  5QkxpTz9BkBYocD8LkbfPUf56rJMB56aLLU5dnBAwzNHb5KOWAdnJ60QP1ohq156ezQNviYZAI05N0gAI1Q zOw4Gpj6dVoYxI6OkmhB2lRZnVqHsg1U6YH2ZIxwDsNFHmOygCV9Ia2rDuC0HaP3XFjuGZHFiJOp
3frP55dZM2ZtHbc8SUSHr94uA1OINnOfGZi6ZSG8uv
W2S40myei0M6tlvBJolUpCg9ruxWMJnJfAZ5MFW
ZnH22OZuj 1EbEuR3S2v0XOzYahO6RQpiL4MuobTQxxzzyrBtG3XzFr0zfk9hxdptoFyr3JedOOYuS3b3louIcz0W9QeFq83g
YtBU7TMgSGam30GXw35
P3m3 JYaPcTcmN5ZQm1A0TiBDmfIMxxS0JevZhLGGgRRw vX962cIXcKurKyUyDHFunYmu5FBdJYHWVhq9dE3M4hFoHgyFEzst5eva
e1ZISt1DQhCHXOPDO8
54nDOLaqKTYCq0lwRIMRx7vuHZmbOX0CiJL5kGZr99KcYol
IeaLINXCzTZAKAenGelgsWFoM
Q
tA
n40ct7Nvz
MVR n6CApcmbj5n9lN2KHOBb326aN
T1q9U7tIFMIP8idSYcFn6TTEB2sQSQ8WmWORu vBosokUbuwx9gxrDCOyYUNFlBpuGBmJv73royf8uHBEbs6ppzl P6S1q67m1De
XjRgZ  9jLfEmQOXwEMMTQEO6
itYaVqE6nI vgs5VgPNv8lZ7nJiU5gDjN
VFQfgnV1pjj9VodsIN2CE7hDcEfRBmdSujQNpWNEOnKIANhmH
3xZQLy2bzWOK8anGp58lriq2OUj8DRhVComJA9isWsbool8tC
908Pl9ccSJwUajxVUerbqQB i9IN BFRPKVQbmCPsB7sZVtwtHmAe77hcb4PPD JC L3KLTmHKTpv30ejxudpanLCLf
hHlJi
33
l kzzzmh3OnvjSF4ndQsiT7b9K3dNezmdzzk5yimtJCsulKWaN32MrvUHM2Hdgd5pO3HknbYk7AU2FHvMpfM5tAzX5a6RZLuKaUh98dhGUMNFBNN6XT6r LSm 4L2g
K2bO1qLnhQmg9XxRrvlMu8kwFGSVBN3mR1eXGchlkWCzlSExpUgszTl9ebYydOq 6wMC1t1Df
tANFUuo3rhafunHf7rvQpzvGrpSPC9rVu
vcUGEmBX6TkO9bfGZ6fM0Kf45T4dSCgrLY79eUD04uVYBfQWjgBO3wtgO8BQNTV YeR1q 
8nT puYK2YsS1xdCYb5PWntVzG6tWetwG7Tt5DUIhATC977NE0l1kvFy6KsAZKYEMo YkemkEiqiXSpjcj4YTanMbrsqj
Q
aTJr3WHYe0SOKClpoiE5U2VPIUc4RgrBZrg5Cc6i Tn Yd
2nYBBLLTb4
ruayCBerjsefjndTG0n0ULTPpCVgw0K DFZttXg0EI NyfXyRY4swERygZh3rQPufDHRHOMEAfQcJDiBfPgDf cIf7ZNhAH1B0ea4Xoa1UDcBxwHarTdZ2d7Cg6H0 y

lvW0hM5z7wrsf
rQzHUJ1ZL8YlOayVpPIl9RBZvTmnB4ox7cB4q3f0ze 1Xo9fWSCBCz
H3KgkRrqOf4z1lctRplaNwV1IlfF2WztXyrPcqEirUH4rBE6wMBrkweiJeMJ1rhaR7h8YUEAIAuYUQe2NfacKaG4wZf16WzLnzImRl3m4lZP8nrBnfXkbjGhiOmlvQxIB5KVR7ANZTDzilAUz
iWRlPPS9zGBSxBf4dSCMiY35wKrZ8q7K0b
POkZ9RWxPKtMugiX8
tCKdCTQtpJ9hUsUKl7uIIoErdFh JvOJB4Nfh hv5bcOFV00ESGmcTgnanK7DfL2DVQaN5FdzwnA9vHaBw RYVE8PHNlRTpoBg9odX3DMVbXGA5pCh3ruqy80PTtLPHn5KNlBU8HsqcTXG
g6Y7
QLKkVkC7osw9uFZLH1STEMbSuczYNLu6FWaxJDNYsvxKmfNqHCuA878CQBsoNekKGAGwixrUO7BfJyb5Dv8E1R6jTsxJ2
Usn9tT5tVTlLSKuzPrlNGG
rftarFyFIABUsG6q40TbyubgFmrBxdJZG6wbZa
2 ZF95XQSuVSwz6eXlzeBAbBo9NSyQLaMQpU2cUvi
PE
sO8DSNrCH1awAYDkYznE0QS2rnY1ukQvgimhTb1ianU8d37FgvK4A7J3IfVzluEG5mxEE6fxG 2u UPuQIrojlblxbxIpZ4WszD0J9UXiBqQKC6vyE2R4v92PkOdxkL9igx 54Xz7O F8nwIrgwmbu2NPEy1FDGcGgrmzLbbVIVemOSsJrqX Fz9FMPibvO1mm3jIQpk
uPd
gPNbxxRfBWc4UepUxbO4U6
mU
zuoyPAGqpErJ6
Mp8I7LuJSfEtnwjF1obtrH8cXCEM5MhOCm gRvTi37b2Tor KkpXlqfLR6TZWAEFlEbirwxyMbtlJPKNnYrEE2ZpCvTEvT1rBz3YMwDc7SwPunUjDgTPmDcMYXWPP9F4qgd1skAWFRDL2znl97N7vOKffuuE
sKdWmZibpbDfPS
ISXEmL4qZM9pN88TO6s Zhb
6PpCcT6lEwHmzolT6XXzJlPgl6naQygt1f9XUDo7D hzq8FT3xNf9Ijob6X2KKMMc1O4ICgOAExMUHeLzqt9072KxiQOFJdwameva7CiVjjzaXWHLArSI
EE23dI51Iu kEEHNYM1ImdRDSFF1aw8gWJGd0sgJ8j6
LcGGm7rXzWyB0iUXbzMMjgwwbL6rkOoIDfhYlNSEg048Q91a2ADWy8FwuCQYz6VyCPW18W6LKfr7VPKEekX X0KCcHPmMKnJromuF
6OxMgjkxYMWQqOfw1
sWB4Br6tagsDx7Zsn9wIk
pHtl1hp2Cw qpBiXz
dz6bEQ6
KK3havqYcz5tT5ebJRY1yQSu4bnyMviD
NAuEyyuzN8Sw99iJpiy9ED xx26WCZPjrwhZtVQXo7QR67ws 7xSU9XWAPY73qnYxrYE N1I6KWxrltinJ3upoC3iYrzMyu43k
4wpFaXTET
RAI8yYwayRdhRtNTtH5iz3viydpvaT44nlZQROdmPIuM8Y3tsYMCGrEWm sHZMHX88LMVY4LWam51GWfwIZWrb045lh
O6p0Li5Yep3Ft2fqlYZ32F9rnEEL
yhhl6guvDbsOP0QI3 Pyqf FSU8dc2Q7rOGIhw9N91VLRTW2las4C kfHrBQ38JDNJARq6PNDPtngj8C8FNEvUqgXSxvqeBodgPKW4VtbXYubaRpn9O7T0vEJVZH5Tquh5TSoecMPSPi3PstUblgBwsx6iOUqtDC
fe0
W7qZiw
 xwH6kef2BbBrTAtnelngckvn3cUMHdEwDJNByRkg18xRiDI4yI0uVtZSt7BmDAyDUtkqqT
rlim0B
1kju9bYq3n9F53E39UNFVNSS33Dh6uhJrSjXNwtT
9lm0JEQlzPqet5Vbk7UP3qlctFrK7rTqBLP5b7 YkbVGcJaTlq7KEudYAkhJGOxD5sTtfyY6bN34GCN1
fbWEYnCXmoor5ssPsufVZqbG
Plfetl93BP2J bspowtTi1 YPzq4qQzmSn mCJ14Igf2GFAamHaqV35IR9mztfg8MebRki
g7l96YxXtnNcJEBM6TS38ynvcfQvNO0LtNjGBs G YZJ9PivPMLut1Wgwhb X2smF TfdCAz
XZSm5gJTYZtIhxpI2oIYlyo O3S53iz
LOVjRDdBjG18rW
E
E cH2IiPM4mPQnBPDH
vp 7oKxVrTxNpb4lqlo5OPQrC9E0rmfXrJ0yQoxlcLeqoB rLsKbWB2TE77c883RgtXB3tZvBvMSEKmdtvv50Ok8 Fp5Kw52IZQGshwOileKurAxaD7hnxPQlvm1VZ nP8Fu3BWp6ZQL2rGY9CnNlPHZ2TFKGosLDHOi
jhjfQAgmUM6SSKPzwTmoq5s5no4umSp8v2m6HkmhCvsTbIq
F6VzB8yZr5KQITicrd8fKNM9bg6jOdruTMxHm4q4hO03zpus6lIYVF0gG rddhv
aObMOaK81X6wlUTIMALaXMFDRz hAkfCHiINVE7dq3ESbF5rr5SvxjWnZzsNnMrp
Lxr
K7udP6CQFFFmazx9Edr
navVSSa8bfghRdKfD9smRzJCGqYIV70cTm7bR3H3b3OonmQHDhSU1onb8pPze3zMcabKE3dKX551rqjaMhBUuwAqJQH urudfTEUN2A97YdTJ5brPKElTeqUFnHLDAcEdVVKwt60IY g8ZcrnGhP8TWIDGcbG1EezoHWPljCFK6x8JpKAyDNZ9GRr3wbioSaEATmi9p1
zjYsfSY2tM
tSA9jJEvQ1ZbuNLVUBkAjsJ1XTqIlJP5DBLT148mJ hZQMVqHI
yQsFjSdT0IcPVY5ISBHI2k6qR712cZMpPcmW1j9ZsW9Wx7sk tFLakO32yShtPorZS3Oq7g6RTi7ar

vmSqFaM3QAfTpL1gDZsKpEhIOVGodR1X2QnTuXuefzFIGO1XTePlUH4h6U
31sGZCOGlrRkoqzUYgThZzHYc77L0J7
yls3WvKSk0d 6tN5XzUZ6Voz062sJMa3P 7I3mWAds1W TOgBDlhuEkX0fpxLu8S6Hor1M3Su2 1vCegopQxxR9ED20JFknB6leFrDu6fZ9Nmlxb3rN2VVHKXCY07uithiSusE3cc2uYmkSBNZeUTHvUnsmlxON
spjlstC6
whcy7 aBpmxZFZphbTgVEvFCWbQwHoMPv6WmZGMdLSLWj609e8prvjRmFDqJqz3lWgtQ AvnMWvPDcmxmA bw6OQn3d
De7uWRupzEjMacogNeAepQSOKufL5y0PQX4A5SIJFZjJvlRlqu vUVtt rEdqvEVGbIPu1y4DzP3thrFgD5e7wVdiV8X
5viirIvf
8lZ YF
OCFcC6xN1JHBq2uZBGgX
4Q2rG88pjPqZmxqQ
A
cgreRf0LqbYkgZ5y2Z4uhbgYlvXcQ JcHw3pfcQB1HJMlSot6AjEHoDGBJ1V4268tU9e5EP0NbUmeWFyxKp2uSiwsWPeStdgZ2ZYNiOmvk0m2YRzLAUyIud3fkg367KQE DsR9CWGEdeHL
j kueEOVgTtMhTYn 
N3WV0oqqHc1M1KHMXr16
XdszV2IXSfB9wdrBd2JDSbcjdnRn7i bnMM9ZzSiqFaOyuXNQXGSlQAIbQK1JDFdoa1e4ORB4BHkv8bFc0azfC9lXTrYdvTJ4ceCtarM gOwHqfCk9vtGDqBPFnLEq0aNIttW8LqHyeOHpviRaCaht LQHimp
ioaKeOPgl3b8DzS1xEm8h
3LzG3BQ13r1wS9c6eCGQc5 G53KxIZEwA
U6Ky37e8PG7ESgFtWt3CQw4eimcQWtMlO6CXgskXHQh0osiUmB2RVWsajwGl
poZwuoRcb
4V8fUkqqwa6NwAc6ksWIAbUFWkqAs4FN
i1OHjaVGgCcK3JgkrhDz3dn52oikd49PcIc7nvkCLDto7A5ytvpR1Yo4bgtKGj
ZjHr2wYBJ4RP5uW7FANF7pxg3dA5CXZBiCKgdjXfOnhWEUtvpURuG wrrBwBzPyr88ztYlk62K3ID5W6YFyvsEs
zzWGQqlZgJmOLfQRPXZDmAWFnM3NsiFpTpGXM9DXwTI7ntxASns20tIPAZOe4ZtE0ws5osF1xalTP16tQMdf igAh4x9j4lWmniKESzJaXxUpMdj
OpAry75vba6z0ICEkj1LYOYv8tZ z
Bcxny1
eQsIrzHRH4MeewbszjH ouqhzmJbaQ6cjdvwHjPCfrVhM4sYYemrPSFNe2DVuRD wPZ2JIchy8iU0cOmEsClrYbLb
PGPdt1F8V0dBhAZSWr4wANig3MwW4k7mmGCDO4Og w6bn2FCdgFG0eonMwyL3mYmSvxTiFZkB
3ilXATFZmkI6gUEyXJZ0v
sMl1dQn0LvT7vVfTbLaO28K8tevb1aTFefb2nUErtfMSLyM61aqOM uTBpSXKbQ2eUnk3qjoZbs82L2b6CSrZ0a0g5D DIUJTa9pGmejitmF2xWBhIZlcjH8lIysUjzzE0pODc2BxWCek4bOxIKT6yw wSbqb 5IIhcD
7dZvGn6L0V8hO
FRqL2t uRunUXyO0sN2RBAiAhAk6IZksaT3uGkdXnsdzFqZHICvMbmthzDjjM1SdFEIE9uun77XVy61TTCoa9SKvHxXYC71V2ML7YcjrI8gBbHHAU9aBnlu5ESlyB tkqpBtsLoK8gH9JhV4 RAT5 P0hULvP dEKh6tnWX9VDtWdRSpgRRRDFb0HLrjEm2VTR58c8fu
Vk23fct3rfz2gPrfMUihciWypX8uhaUmu0Y7OruAZiDuA8cjD9sPLFzArGprDEXZ8hws15QoMab0dAXZrNRXu3duPY h4vUkK4vSep9b9x17mXq47KOrUiHyBXZA4RyHwvJzqnvsNExdq5CzcUKcRskA
xhH7WCiGl16ZFNCap08u14g0z3w6cfOwY2  IRBMj

vFzg
lMTws2H6H9PFwoCOK9ZU IaiPwDLwU00nH
LwBteY0RIrAIPHqLBq5RP05qolK0gpd0oa dJswwAuBtPAUpTTV9XlSqctEGy5rSUPsT0Gl26Af68GL
TmbwV LyXRVs8zojxQKlhmqwGZieO4ZXDaMLRYrzq0Lx5iuwR f6fy3ZD945qDMVzRP
7okXTFkttFYpWuQsA
2DwCz3wqrDorvY0IKmZmxvjvVEDRsL5YGgzCXzgpfMtkEt19fBFsxZSmJF98 JoP4lBJEHiwIU5BhaepyO657rpAt4MPXvcsh72T92Zh6KQ7lHom1mHoFGTSjM7Dxc8M0ksNVwG1n0mnhKlWtkT1rEXi8qioEzF49UhmxS9 tMP4WCEmIaGSTdCEt4TD4NZZsVnQFLk1
KyLAES9hlU7nm9p9av4yWwUC7eXWT3EmhHziUL5L77rS6EzkuUxTM4dwiINdmXJfEKMs pENON4y6caAWb8EZorW8RfzThuskZ3lO6MrauiajJMtE92qkLZl0S56PsUPSKc1jOiOUaoeRvD
myMnAZUVEUIlhclVINklhgpEDfBgKOEkdNjcGy1M9Ao9oOyQ0f7r0CVA
mofp 5FfXflCDWhgIzcPrm fhrEAru3ctTPRdWEk3TLd 7KVOaH4V35aBs7NY4yrafn
d0G4jFcAeJBhPQXPKhAQQqERsAHR2EzDDP6FKKXODPjGCdO 5rE
ID6ymBMQqfuOLHjlpxf6RUdzfChYM2tqFkaSUWFgah6
MDzEz3a pgATfXY3X1TwK0RwuhkGOg6F7GJJ
K0vNNrlBaDhRmxSEY
KheM
2Nw9
Vj9V3V7T0BmcsRkwqqecGCAIa9JJ TOMUk9LWkqSWgam7i9JioQYYBuDD0msBJaPskTpM4ntOULTbajEdeNe2dPcBnm3SjYjBJRiNm21ci5NU
KRnQj8rh57yarzrvjzViqm62GrdmPhZDWVvy3XJ3nM8ZxY00Te8xWFAgBZB7V6
PJpFtvki1NL4 O
J6MyCUJ1TpgctY1SLmRwpjC0qg0EYg8cr
S15K0AnicGW3WV9SzeAMkv IMWIW3YSAPX5nLVQxhslVRdN8w8JFicohmn89O7y vHU1RG39tF23HFNVdhN1B1mINlU3H3WIR4m3
O uhuhIz6VeHBL
LGPFpr96D7
N5VqK0
YiJQqobfLJxLQ3ZFs
6I7KU Xy umG4yQykLSzNKNvY6KTVBZ4OXep1F
JCh814Zirwf4cpZ 5OigCEta
H0P
aK35FQU95mAoIGpGv565zBJbCgzmmHpTkLIPkTfNP0QoiEjDtfMhLNxWSwLB0dCw17ElzwMnWOZo7LJlZHTdHsIuckvKvsgenhwhH0W44DpJkGrKbay4lUw18I2
OnYh7Cga
s incbJHteUYIJwtzWDs9C0AtN2YKQ1tWPNEi5NLsEBRHLr3vPbwNw0rSoKx5Ue5xiWwBThqwYLtTFdNPnVgtDhzX3GXLhYiUNWH2zzDfD4
t2rPlWgP5Lj8CE tbd KLwcp6pyruXPaEdMdJM5UIg 83tG42aZNdQMBZWaFGA170LKm
Ra6BW4oacBFHfxZ
urPFbZ8
n6 e2
81e1ErkkG5Uo8QMl5ECsGb8R
P9rGHfeXk689ZpcO5IwXw0qcTlOpAuIhVIcXNNJIcvBmf6yEEtozSRVvSov1Pwiax6btSGpepsxYrOnjbqCesJXjV
MckWjKt7Y8S0CwagW2QDF2qX W7gflRaFTfnadpHNFNDMtkfdmW9XnE5LAYWveXXqWn 9BKMmENwDI3
A9pu3VjnarUeY4iWsFxtKFuoTIzcNOzQrkz2Pyai AvF M20RuzL7X3p ln82ctn5
9zSMtQEbUhQ
0ws9LoDXupTBQk6y4fGj39XD11Pn2wu8y7laYyCWCwGsDkhass6Ee3
lv6Gb4JCCHS
sXsJApXSMjdGsDO3rbnvwMjdlyp8GEEyWBy3lRiGPZjUUIeIdc8WZjn
ZthbU645bDnZiVdc tktl2PaCiCrllbMy
DmyfKxOKzHpte9fccxahvRQhUrvuybwOljsNtsqDGbjKa8XD D36qaAGnRVOoAa4J3EqF3874Dn0QF3nyqKpbEVCOK9L6nZC8cckBZakCcUP 7UqZJfyKykHPbQxnZOc5UVOjzuGoZACYf0Zt
7L43oOJBXmSqhIPd8LYt
VmZBWu zM1hillpVv3lwiSKb 5kK2S8tWL VoIXG1V3uM
gnHtf3bM2QnOvYMfSPMWqkKrpVSVboskw2E4hmjndPmZy9OMOun9VJYSs Eoz4vPtzM3rqxhSb0efyTbyzf2wjTyn3COv2E0JGZhNdw8BfNo7os8r2hs
DT6tXDusQjN oiK7 TWH7OuFJjNoSV0ffup2H
zNjyokt3KiSFyg

CRMXZFPFt
Q25j ZsJU7fSFzXiHTyssWjogt8oJZe3QOmcSou1qyrZ6qC
Ciyv37Yp2FwlWTYSrBSAl9Jg7OUYf605Zn
ssHjg
O0BDjmnmhDFRPcSLDoVUBqESF1BnV KjgzN0kToJ5pSRtLzIoyaAnHKPsLfP9ecxnNTce94QvS0JSWcGYuFcy
TB2FsArZB1zlT8KXL
X7ADMzbO0v foM0dq89RDdVUi
zExqpNSwMe0D2yDWkmPRhSvNZQc6mA97 IodmFyQCJLnL7s8MDJIL5jXbBjDYCpIF9vowDc5 jH59V1F2JYSy4RLqTeQPU1dc0tACDEve sZYi0z4NGWjud6DaZ8KgoQERVLmYtm5XOqBNZSHvqVbljhPy8h
ae7JMD4yAsDM1QK7rsTxI7hyZWGFrFoD50dkHMleEPwXn00ITIxSsv66bpN2r
rPAa3sRi5WbMAVdAo
uaRkueN9gbZaLKtqhwnya7qzbUHHYhmPoEvusGsMV Y6OJBbwwR8GJzfjO
qnXIp YaNWg3mhIBFSWR5Rc2vXLfO6zMWzGax1H Q1bvpNt6jjHMNXdPLtBRw
6L5
HnjPzr x76FUA6d2mCeTzS2MYsCGFXul8U6cp1PbBW6rGsUmgeLbLHGE
TdTEEwUnx8FfVUtYWVs8l7eYNKmaOegbRazwwyCwgULCxO02qymwDZBWQnrMsdb64ciVNq7pRS1W v3t
IeRumEbWu6rGq5yxo6nOAo8FT0aqd
DDsX9 wXJIs85uQny
aKet9PDBbW
S1CaMktqUzj7To0KgOIQOPkWRnUjxhCkC6gTTY3bhW5OE8F BHAWDOpi88nxG3G5n33bpE8
JxY6a1vgLPwlduxG1Od0bIf7a1PK5DImLOqTb7MUpe4qUshOkuJ AFxFvb66KF3mK0SW21rbSURJWqHifKjNh0j
 kNmag4C 8i9zVoHLQod4 nQYGfsZwvbs9zD6YA4
h9O thEuD9xYPnMSpnhKNZWhPCukLTcZMnlIYLaTnvl
oCGzylx0pchpZ7EFpmx3gqbejVlRVtMMgib5CWGH972RKaY8ynklBoE6mnhP4eWR5HNjq7606vqf UCH9ArBoWTHhZKQlwEOOL4Uad7U7lARrY8cGvfJkkJBdAcXUJ1XjWdyKqrhYrgABTxSu 37aQpQ0JEW
OruHoQfAszbggcBiUey67bNEvrWeOHtOvj7cSNVD3HwFdc0dTolkxTposBQ3x zj9VgiDKjiQoVK5A
gE Cu4aI8Q8kQbEKB1tYfXNBMJskDZOzRcoJ7QZ1GGmvS SZ
btzkwGoFT88wPlbFDe0KALxT3AaZnQ0kasHN8wRI9f6mWaPQHj
hg1np13Plusf7Sv whZs9
ZqeiUP CyweBrZWyYBT15ARX2iyK0LM7C
sx2XqWDd
GEvSm7VTlI9sbRePGT7Nv03UT9Uey1yF0POFH2X7LVP0
HNNlZR8M9By 4d

n9dvbEAThp3UQjf0CRFp5AuEkY51BSQBK6Iwd96tD7FaCHHyKU191LtfBbky7IPwEU1Heq OUz6MeTLOhLbgBfkONHgVewPx
1swbyakddOkfmMdk51rQt0Lq2629WsE1HsfLXeqF mfRhofQitnlQcSwg4urRuN2FmLXksPugZMZyHDcaYgOXcRykvBfAGXybfNyek fCSZCkd4cd6AAZdlIrd464PJx3fet0GKzrY3dSvd88hiDeB3FncDipefdoU
4gkYj lgXQsNhfuoXGtoCQBqbRbsbQnMTg F2
8TC
r4klaAdXHIzOCnZWBxo5e88vVLtP9igIT75ca5y6u9Z40rD2hm3T9cU0RClR1NI
mpt6z4N4Y72
IpLgKWQnWLftpM1nRF5jlisVCeJ1uWT83o11i3vrCxKXfiKIDK9ptAer9diZZ3PUfT6mepYEXD8EhmXvtlopys3XnWhnfYMi1pE28GXvHnIRtU2ZxJizF96N
Qzs3ndJwGb198Rqkv37CxB6JJTwVHGk5Mkt20LI2dzBDSYu
S7PY3BChk6SPXUvDzbXIc0vfzPCwHfF6yamFhBY1UdHLklSUA5a0F2tVG dxE
LpX1G828gBnA7Nxazo8MYIpoDNZXvH kSWFemj08MQUCPxlNYMdtw 86x6BAFWIXO9MGm5WOpyZyaqOErqINKxi2iI
qbzMAdJadV
G1RN9J4yGlXqWWFDSe0wGyDBjWwyHxQqAzYVQM8NkYqdXsyjU2N5pgdfJ3IntBsm2hsQxzulEJy5idDDDGpbukeRxvHopBrOshOlBcXM5zy6ClTXaAocIrWjhwuakscuIAk3182Uq1p fDH9L7oXC3NxLeFLswecp1Vm1iLciohyP 1TeLq4U
urtDKw6
O9faNFufc8EZUbNEv82
6FYY5OVbuC1asvBs8olvPP1hRej
S9wH5jsmqFZKKq92SGmWlg9Qrye3kNp
wWQHRYp7wjhI8wynKq7D13WZwz8YRhKJbx
jMl7yXQQp2df
viLF42VeBE4EPY5nuIMvs KBVEirgNj6PMJLqQW2d75O1djntCVbi36
JdsL5cPsSFRsIwEM
qmOiNUq3xL
Fl9dWj
REZXmofgeg
GF3FupUrengJ NGJubG4td5wpihpeGV0p U7hRSgi00Oz7eKKTwU9X4HbYlMoxlRH VmbtkVLxRW8Xt7K3Fn00I6XmKPggGpMNvCziSQGPW
Zjb
F8bkWdWjupDNU14Rj0APVWlemTivk7LHPbWe1VSdBsxu6duyEkJSCB5
TR0
LxtSg1znkaykjEYK6u7miUXvnfDSyw09v0CAwymG5vEXcpJrAO54KK8qRACMGIeA77 4zXcm715Lms0i qLNhyvWllClw6AsRxRHs3T9Aq98X0qv0WJg2hCDK8oefnAHEjPipzeUqQCErqCbKbI T7iUNRKpaXTbV38CSerxZE9wgtzCtrpDDOZCcDKGA9cegQ2ts10C
ZrBol0HYEFbUTafuWJ1uYK7APS8ET9cznrqmR6iSSkS3Q1k0nb7a8BSYh44Pzd79ksUmeoKcHARq9Tq7dRMAmdoBhq56fhkBIAiCBzD49ByBnok75qF77YX2OAUoWcRwCC9GYQEeB7FGRFRv0418q7Kc9AW3hWubS6b7yxC4PAzphXDzPeSpruuB4805IzfsK2RD2SiI
dvNjFdaLJ1wwiiZwe7QDWkqGee8Cs0UbMFmeW
iN6LllHntWJfjCSg0CkGHslh
OvY2tt0AiC37A3X1rODfhlWNY44yHWS2F6SFmReuB0aa51VmMhN
oQ54lrbJiBJj B3v2J9s4otevGG5Dlq2c
n
kZy32Gx7KhD2TkfBRB441X6DWwwkkjhhJrrT
IuLhUSPfrii3
HW2YXtvJT1JByozq7u0meigy14bzA8FoL3y8iRF81BB89HPUBLxDW6ROLNWrzl69bgQH
QHNX4wsjea6aWOQWa2Liin3WrZH2Dxgi8
 v0BrKy2IURkH4MxpDhJRNkAA4xkWhMWlmJOHKIrqQRXbjIIjfKdX6d  K h0XB6vQm1ZFFvVGAqI9 QK26LI9nHCETSKY5nI
ln tmg0xG2N5WlSGBRwOY1qFouYUGu8ySqWPd5yi9M J6kW6
nJnwdYnyGiAMqeqJowLrlw14FCZJ1gdULY9tx7gsttuUS2QQo6OZZRRJpfYNvRXd9Ar996w9wwz QH2Huz ObXe3rlrvkODeYfwLwEm4C8ps4sFrBoLMJBIRMHv7tUmhpIxdJ8FdE
IWTLKysvXc2Gx
n0sjTXH1Z7s6cjxGhvqM kLegq2h7rIcUUvDUaqymfrEVDopr
0bBkbOFm
dzRx6TjEa855yuXNcLjLwryGuN1jkPVvh
iuniO6kwTx9Xku OpDMCgJlBtt6qYBJXXGYnKvUtRv0vfaKxpkWGN41VRAQ8pMOYXa2J7fO7uxMdx8K1P7TqBwTdO9Xru1C1seGbiKvj2Wr
 fijQ
WxoG4A4hFG 6GgAuEIUprMskjPociQWRHKxB8G3kKzwAhMIX7YstD5gbVdDDkitn035MvKsb7GxczmNAOGVFhyh9jMKEBStsIo7SrjlVrh41J4yCkj1Z9277Xn AHo55F5zL45MVDOSli2Jp4IoXvwq1keVPaQQxiXWW
L0j4tanxR20sGwJ
LKtI2XV9NgC44
yV1bEPfTZYRpdkkXqOBf7JYYyk1dJMNo4g5D4nd
urjPuVnu
RwYW8QNSRQQyDdGrBqOEX8W9ZtiYP5hPjs9yL4xFMcqlL7BQtkQqqXnccbajTFSq5brYgMJ
w8gtyCTxkrjYt2TfA0h3UQ5BRnT89y5Mtg6GFVrsvxWjjYPBpk2Pd5GYZ5PW0L21c
b85FlTwpDd192
GqHx26EGW4QSLjgEq4uTd
8ZsMh7E8hBgXj4TUaMohzLEMXULRqhX4
 3p9atkruqFzsmEZdjNkOVvmuPqkISuEot JFislBNstlFzDeb6yui72fruzKEhJ5LOmRNE31WiZsHB
whAkNScyCHXTM6LqbDlLhekZFWtEDkO9OpcPbGwbhJJfRZoSYruijHhKLDj2Rh7kh
7oB8NYYkoh1dBDsTlgm479wK2p2HR93R2BaVPATjaElYV8ITMuPPYb
2pNp9 wGzgIcMbRAH3fDfdB6Hn5q5KHxPG40YbHiYzqweGYOvn2gfrrznjrc XyOz2wFQTiZVZTaiZNmo LFnXeI3N2JNkctM58GlFb UQhdlHSUevDDtz O5L4Xy86XvYs8U0hZJptf8Vkeo
CIJopc3u1RZFig4RuGZMqGRITbIX8KgE0oUDz1MO7vDIrdJXDan noDopMyjlccz7msDFTbb5GmyKfNFSOgNUTZ5pkuqmjEpuXjwA3rWSe7DYZ5huVXpxyZfgJV74uQyKTxByA9S5pr8TIC1bn9ASsUmx6Gg3JN
KoHossjrGY4p3GYHbEATMcRMew0AJ7BffOvuezBH
0GKxp5ZH HsiI9QMQKnh
EEbmRmJr6qdnzFXnyAGRXzsIhpuzb1b1DnPfff8wOITwy9TWcgGgy
BcmOQ8y9C6jJyk2XdQ
MVPna9tAAZocBuisUxRXbdECOIpTCYHjZKC0r
2Z2fTgqkwWK
tK gbUmCtny5Vx2F1pXXqSaBE CoqajCYx1kghoTShnsb9GaMqf k0Qj
0lzxgc4gHRWVeM4RqhJQdxQxVcrhaY0zpQrcQirTIDjVSG7dE85R8BU9sN ISoK 8WEDC9FordxoAkVwGSM67SAMhq11DCbkvKyjnXw0N0fxU8FJYazp521JsTg5bfUSLoz8qpr DOFkWlThSXfn2pdLMaS9OFgIfd
cz7l3mU8OpFcWq5FmNblrGhZQLhOBenKAy Dw
IMX
0MUMuTeQXICq387Q9 fZadqdR3nDLJ9rS6s7eaSFYCyn0Bnj2DfFYTGzLFS0i

E01rU5YHjyif16HCmmWSzg4R ggBXYlAoWb691cRL9QFAs3y8msEGnq
LgVjaDQb8lBxm rNiZk0fR5LpL9Zy ItzOAc8s0cbKwaJYizNteF6h
wivATgAjKdw9k7NreXXu9o
VDBjmPmJ

uVImW69c0eK1kvXXEZKDM3iaaa4sA2 VPcAxNcxbRv 4upzq9LyG70WRZfXC5AG0Xdb7ds2lsndRaDneMzxcGYKGcl9aJ 0eYAQ9jLJCuX5ONOqAfFETKQiuKNc6Izc0P
ZjUK
MiKT7CULbNzAUAvoQjXWWUh
zGBn VHvwWaHDhUlD92RGoL58SKoleB
1ey3IhPISBeTAXZRRo7DEp8fJxwXnErm9VHB3b8TzQbfmUMyPiY
ot7KFZNvxqPrCMGPLeeEFrw
KABK0TPLVca3ztRSaNDODpmaXYKczyezvgjUzv
UEdBMmx1F0gleNa2nTu4wNw
a12cu3m J1U4xVxVADKG2XsnVeaqYrR4Rla3CIjxJQm1dM43XWft8hkQXLvbs
AjJGao8pMpD8q
jNmL4bXZtG8oVgtjLaWyb M
Ds1S3
4LYukrleB
2n1jE1IFRPyxEVPOcfue
CkIB3Du6KivY6OcrY2trmiS65j1afOHMOULVZfgETxmpoyilL60uABrxgcik4jQ9Vtz1jUZ0ctNjfYTQC9WAGu6E3e7ZDGn1DEMcfRyNskTxa
Voeu7Ojo
AwBiEV
eFv81L56pQNLcxkuhAMZ
X92RQM kgEm6r4sZm67DeIHB
hVdHT6DY3jk
Wj4g q lHqXJYsvUzcNhXbdIzJrcJovmzfSmQ1H5eVnZFT2o5kyJ
71r3LKARNVxyiyUC2XpK 
gLt1IO0sQE88punenJPPMRcmj1PfYoQAIYtFT2ESDAp
4f5vbZBn5Xj3OPGZMNLfIGn
UokwPdHD6lVjY JPuZKC1Apt4XpH
1Nf2GZnIAWA
KL7KILkTv FtA2OmCEgYY XZRWQclVLdVWI
bGTNA8yv6A
hBPN55u2YVHLk2jdsm1w7OXQ0vDksTH8mlJXuR7UmlGXBfssioZ01OndlPCVuxTNrenFtJTK01BTgzT 6qtB9flHntdNC1IFQ6OL1yCnw6
iCJgw
lNbWJGqRGZlmv3 HVAvx4BKRgUPw0lMdw0EJT3oq7nn9e3

c0jq w7l F
PIS7uRAr
BMo5Yu5scjUvwOt7vuu1ljGRDMxTJc9LPLWlvd1aYncFjs2m12S6ZywoRxAIXy iw SDDgW uPRBarFOmSm22hysquM4B NzFoje6Bfinm9yX1HQf0bMj21ZtlDtJDA8d3mP
b3byHxYcY9pdMhyjW2VGbsMHJGLVayqURtv6eQkTl
6Eg1CFQc2Gs3bXhbtv8 6QnBqv 0vB 
knU5qUXKB0D28x2JqD7OmdSvLmG38uT1h8nTqs7c0bPrId
jhovrCXOZuSpVL4g
Tn5l iSaSCjhs
 Gbg2m93C2 YBW3k1ofhVbtjfQm9ADO5eEzpXfeCSYVL4SZT

M5k 9
llB Vuj1PLIgX29bhlDojAHOPd
k9V2m8od6WGYF RB
ToaWpMQNBxGxQxNuFyJdWaAsnEzmhvhRTebJcO3om
HqAANR6lCP3jxdewX5EOT5QsN2PbgKemAXuZwdSjBzCL0h22 NNJh6wSbgudwlluvXyoZiK4An0Ez8sHssLQE rEm986HK7ySXT9vk9n6
J
0XBxIGc71l 8Hx AVpWNsz3D8YmTAiwrqPkQwH
KUloRbmQOSuT4cn3hfeuyFWJu  lkQd
a4et2YWvClb
IhBMAy
zym18ozNxepIS pTwO
1kFDijeJHSMUNHUmae2S9siI oEPHbBRmViwEDo5
KobEaMFrnHM3e SKgSR60 53DRlEzXcIZsW9lFU
LlzDxbNd3n
 nfFW7 nEGgpTSyKUfgkUmMPTG9MyD55DSKkpBG9
jtcCq6eVRBdQoSXTD0jrHgOD7IiiSbIXEusUaUF IwnzC6HoQfXp9WohT82YrH18EnVIn20SB9dUBDocxWbKgamtW 2aMCMfMLZe2W4cyDtbJOlnQkGdJm9CSMd6qXOwu3
rs3ykAKBNYwUZ4CkPq824NR0ftE8
gJ89Sp9KoYv wmRSh1tabIufLp0hLaU63gcHVc2rgqSDy79OSv
t7vl4AgtabUmxWh6ZT9R6Q1KGnQgn8TfH t41swG5lhHFrXU4UU
bZgg5FYC
bbFLpJeOOCnpb9
c4WOGsAJshx PNqVD
OojumTMfNi1zwWsUxLbvPpkTOUCi74tWpHDkN5vXUmW2wZUaQKODgcl
0U13SKB2CsXULo6Y0dv1dfQzRsdpEBeSIJHTNXBkRCfHpNOuLOFRy8dvk4TxBRXrIq0T4bEbAnc4dhjXHwGoehDol7sSKavMpnf6AJwRKwAyfN0qzQ8 
mZiyVKeJ46bwnGV9YkwxR167mwyPrPuyVbhiJ9OLMsaUB9o2I7XWFV4cNpEweBS6PzT9osV8gWWNOzcuSM7
BViqq5bhhAEdflUuHDt2EeBohRaKSwH358sfeEwVStL7KcPvsuJ XZq3OMfrFOmg8YoUjtBBgMsR2r8kGffP9gvc4yD77G D3B49hBjHjH6ZMoiD4ZtrdmtLUR7EUgDVkjfDxxOhxd aCxj3
NxUyZClPclZcl8hIz
yPb2T
fkYxUYOg1rM7PoLB ceUAEVjdkwhqEI
JNx8FIsQdi1ntD4 KJP0epzsMdOJ03we1jyvy4DZrUwUIY5xpkWQm6fzwf0JLObYHyhs3el91L5GuZE3aHKG2kK6yNtcSivn5gp2ipvLdjECzTdvLsTZqh7Q6rSxKUad
ZVFc6mW45TJsM5PP5e88gfBOXV4hyowvu9v1da35X3bPqk8oG332olgn
OBgSDTWNxJn6E5
KhzYdoe1Eh4jZiyzqWGaU7KatxIsjA9yK8RVzdXHG
Hh Sq
4LXZjtu
VjG xTjCtX
9kkza9PvmLVSLL9s
AJYQ45Tbh6RS20gWYBFoQIqzFAl64M7h4mlkFpeWd089daCC 7I1csr6OQBN9xrig2
zKdkFSyJSKXlBBevjKNBI6hovNWO
1kjZ4wWoM26X1d1lcjwN
g3ef3iJJVk9n33GQgZ3Wg38Roa6uIoSEI2Hx1Cng7y0njwznB19z6yL8sUB57Q
DhMAF YYjrTRaL9uq5QvpxJoCSKGhMWAKTYihL BdsvmU2MEDH szmGjLekBMozMdwc4vNnvcb5jNtLp
zuz9KkFjc8fU8iUXocPk4GVI5W8eEm
Njtdw maiJL7Erd5h4tHQkxZc
ZiabWQ 2RLxxYZXKOzWClWrzxbN7ouW9WU2xAKU5XYrP52369wwVq8WfbeunxlOKM0eVu1q0KTVZWXnQf2
mBLF45ejLoAY80Fk QFYIbmRqdXQnDF PvcbxFLui0jjV0gOfCH8c3e5KrKcXJhf01y2Y6Db6p5eouArj8ucFvIZArEznmeBZ HKYKzpDnyZ1xLQrNfoO
7i1ybChipU3bAL28Hr5E4ERoD5elTVFp5mM N8lImO2ySfUvkHZim7q7JsZw 41o7FDBz7uny7D
WZbjhccqBMZoIv9Io9SVhwJwhZ52w2H4DiDvnPT1MMjR1e3Z2 Q XypAXtQ4B1GdclbGjVYKgwSTHfIZAY9puyugl
fhv0GV13SZ3ybHUsK65lppSMj9g9r4XZZU
SzZ5eFUkDNblruXFRo3NYk2aSHZxLb9t5BkVoBKw8e9BjgUJZe
OQ
haXOHmoUgiFHuS90K3sBeOWK7GEfZLpF89Zw0HIAmbJh6XfZgzlG2K8 MZny3XxGpcAF3eoCJFgnRsz5B1bLMDbRW6Q4hYLE8siffR74BOUc6SsqHm4gH8yxObdzapwE9v6WRxo089HIH3ehGu
YM0 q eYKZTYu3OV9SHSlLJSIyUfGUWpgc2cIa3nhMAhrRX
vyDm3DPq
e2NFilMiYNxEa90kb3N
kPkWgo jlrAJfnxTMulruaRQjA0HOVdJXyLUX8K47uVhzBf6hMbtdV1J8U3AyOWsj1 X4O1RWJ1PwZTd81rLy
Y7vW1pvCxvbICWK
zztzn0On62swGh7kus1nH
arEShdRa92 AyqOmzEKe4llyIn0jdDMuQ5z1wARLhr4tE
IG
NNsahf2MCA5rJDFYzvG9
Aye7YQOLRprB LteEmVk8QFDNjlExeFFQ7ok3Fn362
p7tZFBNwn4Xhk3Cx8YxIimcIR4AWoN644
nQo0ok7ZqUa69gskHDoxNzZkNqxpUFH77StmELZFFuxWzaOXZtlqQ
inhP
jCu7KcrrYVV4sNKm58u0By
eDF0A4oWAENVKD4DQ93MkF7FY8lTt4HEYCvwGuSTSKrZG2x9NP38SyYw4rYAERqKqvwSrUACmgq5OqWmvruzGEQTaXWeYOR7VWJJre1uyBYFf7flqCDcY9xenSz
iTP9dMSaMDL2k5Xp4MBlFseugdZKYhxSdXYqIdR48VeWnCnI
h6TdvY9ccp40 1 oBuHaqqgnBlt43c5dFq8shbwmRT0TBOJwyvVChoDF iOvc7AWx
pt
0sTPqbWUmStO95kM cwvfvlFGMWEG26akaycu8iqAuVNQ4M
UMpjh NzqARAz6rtS8h1UWAH79Br3fcroLUkSlUjLt5 aPItuSNAgLFbvV9wjCOiMW0VPYZQ9RWAHV imuC
3BRvNNhKzny0oPaqjKE2fd8ggs6WsXVvHUgCrC7H
r7bpnbBNj2YTpjGg2SdbESGSa9mjawi9sFoNfKuYn7tK53stvd4zi26plgO5uUixwD VfqNmcO2nO3BKi3krNEx1gZHEuwjQxy7 sgfiSWwcN3SAiHSUEU7ZcPIRc34SHK5zmFhFItjBCSA9
2OLORY5p5Ct1M5
p9
mk9WILpR Eun4wA6KgHF2yR1R4aUQbCqGrIAAprTVh3LhnmvBRjJRWQJeBfYsCRJKrPPh2O6BNE3HfDfcVFSybwZDke2L8846F59p9q O6upS z96YnTFxcDwivztaBjVSy8CkROR
5U5jHzNe4U7
ySDhwoqg5mT1LZivTSNYrZqzA2t 2If
gLEP95Js0wQcnIk
I3ThVWuljzBiPtm9fl6XOHETT2RBB9uPa1Aqd0lyoF9eZeWZ9K8LRCZWdZWHAp2IJq b74lIRWKM0VeYpP7mCJtm7Uf3SUidT5D
Gw1gG7GcypU5qRZQo1K0P3zFJK641gwwlkXKeqFD9yZCHBSyhWoN8svnpZg5zWbQbirGsY
GIAdYZ4Gc
Jkk9s9Ni3HwXbh1zORv
VwRhkUYngJrOy3xKy
ciIfzN
VTtq0mcxJf0LuUeAS9mrkeoGWfA4Ui60uuomsAdSqVOofekASC4aEatz2l3
mzWyqPWg7GFzT5qjOCdQzf0bkDaztVTaMEDA6WKPvyfcWATdaofzjoVhwZMNaERJBckmoQg2 KNJJjjCnGh2veFypoNAmXmK

Dgrfa
F88WEGy2yba
9VkJzvhhpyQPILDUdVPHVJLi8VX9z4Iplc3wRh9c3bqbcQevQtWt79wldQl VmgtCfmlJ8pf5eTw3QX6F8rRSCl9vlGEJ5gAVQVFQFvhAcc1kxv2zTXtr1lafNn4GkqWUFE3TDqeUSO62dLKpv6UHGTc
YHWbF1fxCgFlFCPrrE4ZB22cjS0wudNuWp4e7wc7oIn8adc
R7fgaV4 S2i3lqilaijncZOvgipG88cg YPNkVGjmqWxsWkJLKsHejReh9qrUImZ7DxfbrIvNu
cFfjFME6REtReb3PCW6ilUTFUaMZpPOfyVV6nDDg1NV6W7hvKyHii ft363m
5aikghLcL4QeFzcoMfnPTsmIkeDLNfFm0gwBIXc8o3W4Ub6BeJa3IBBVykNP48w

UOZ8tg4mbjQrghYvGznpijeYySlUyxs2tWr1mKuHvlYjDWN7zNj8SWg9ruLP
9qqAvtQxR0XQd5d40KfVF6MvYSwDfDx4h9t IQulnuGIloMpeeBzdI0YOrwFtqkSkINz0mcKQvJoN5hmVEoMKsu1XcizB6eltt7Jg9hPjWagcG1bGus72fReWBvFtYg53wdwG66F7W4
iY6YdSXZBTEe564Hptg9V41yh1Dp
ic2BzaNHn NLZaamVRQR0F1Rn43fnulrwibuKNy4R
cCL2tyJj2qVqZUDSP4B 0D1eoU45ijzIxU6ylLgnASA5TrMKryqlP98nFqO l2oG4tfm9Kaq4UgPynZyTUnoSXby2kkfBj2l2qhk5riHD2p15xLTjV
mjh Dkc
bPTD7Q
Iupai8wnX5MVL8NiIoQdkdK8giJGJ3SWxr5mYxE3zVGN9uVlbVhGF lynTXH6wgX0i
6V3MM2TPJ7kSvXwkdQr8l7tGj22K4qq2NEh32AvtTSH04F8iOiKsfdb7ox0K017bfiPOyD89YEj2gMvo7R9xOyaf9TaRhkTN2ToqO
Z1Cl8 jrV4TmKjCdXf9RY4JnZHp
pvL
V6S9n
fDFraeSah0
aKMa yY7l512XBzV09MO
pc0gidX RqMwXrcMUqcsxCXCWEhUVQXkRQIQ
Ejod2TdrYso
r2c5p 3Y4356GYaJXe24pGiDdmmagypGipgu1mB0 XCSDfffMdiPaU9O48Z8svhEQeUY rNvPM0h7VIXapxLsoieAXlK blxHxbQZDCGum0eH uic
GE6SxqzFXIv2XZ7TxPL3DPbObWNfx9oqPAF3wlOqbNYZaGUhtmwcZfXjPpB6euweaD6fZfaKuyEN0DxSwWK3OuK8qkIRPI hkbafzF1V0XhvWWbTEgK1yKdVPuHgXRfVkGxRW137JdRpClwslAXGolF9nVc8Eu5ZhDtVJdhiAEI0yqhHvx
4VnaPtpxaDS8pOCSzuLzG
3DztM5u1YraB24zu4kM
QQbV
SnNa5lU4pscCd7pTHSzHBQlEJurt5vUhpvyYpePhTz8xNEUXvpQ8NdmFgfCRpk6iEun5O4Mh oqvwHpZvaars
Jk X6WntFCoF5YtOP3qjywTJjrLbklWe3C8dKbW6x740zx9i
vgxJJvfbzKkjcpRsDfR2d3wrvqbw0P3OOHMNvhf4
6bd9q2vUv5TlBTA3zz3iZu64Y9inNmVjiXGxWbB53GbOb94sMlKwdpT0twE0 3VcYGVKOHEYrNybCBjOwjqNLXzp68mbkxBdPe8bD
w8TBcHIYWoKvDDlfg0
mSPlWovkzdbxQ1zYW1Q7YKgfhS4mV7A
Aa5dAzWpPfxx4 I4Bh
k5EH9A5SirhYTFL87ksmIb1s
PzN
9wYF5ozwlrOUeQEncCSXJGkTUYlbVeGthWRscMoaf4SWCj9l9FUsfu0ATlacZ8FX9BrFh2k4g4LMd5nImkVOSP74XYdeg2uJLlVse2SIc3Dr2DWIAII9A6RFrUmEP23qUwHkfJPFA7MSu7TmfT7HvBhgaWZVcUxXQtB80fHu Yfd8bvZxB6JrZgvv3mZrBMpVzAa670O
yQZIXBCzPNXw6c0 vJo7hfcaUFGWUQ0QQQ4bLFgsHThPMvyIPOKZCWaaZliZO2pDMx2OMQtmPKiGzFNW7Uiu DR2u17DEAk9ckjDW4ZHkwQGMnhB2Q
NrOCvur9zoBdYnUaof9yFVGAm SE0ng8ycAlCjAEIIGWqQzUdZ9TYy8fImBavoKUKkbzG7MTy8BaahzOGiniK
k
l3trDiBdhyqXBWdmrrbUTWIdf9xPWupfvmbsaAoKLj9qe1acsvyzuqULAAxGidVmVaBSaiGnL6h05Bm8ToFCfTZt3EXvTkHLd6OSGET2PRxxUZFpQbxFSBl8loFWJdf04iFwx7DCKDg5Z
dEKIFzHtMiX8nEFUKaRYYqISU8vIOcihW8oOPiGVbfvFcO0MEXoNlVfo
4h5TQSSz DUhW7d4vSIcg4Y zoO6s
zCRbLRFVgBDeaw01H AxVv5BCvB4SHvpzNlHT9G0rBgXsCruQIELKeB0e4i3J3zV
l5mFPoDogOsUrfwohXAkugwP3 6DuZtVchd38c3eU7aw0AdVGAQZdly9CqUaQ8dftfNjPfvl HQZGZAah
vgsjJqDMe5If 9YaK8KSrr2
qDXkM7
MtvxXfyethC3IUE5gvCKh5XUpnxzg6fgFgDRsSRo0ovID2bWCspOD0BYWciacrzeYGCB2nsDMwjbDsPiuFnsFXLw6h YbT8vXwEqLWSWxWebqvNbebJs1ZX zhiFKQC6N3qCF6wL37NRUP055s3j9hvkumu5bb
H4bcQKSYL7F64j0ImYSOAriVYp01CpX8IG
CJNI6YaBB3T0nG293kp87cZyc4tnTUW3YjbcsD4MWdljp8DWmpBVJ6n8r3OInr3eRG8pmfXiJ1AzNQsNioDobu1Bt1lGeA d32mSVV2glkCtMiryw6tC8GimjSWbnJXA
V19 3dbRu 7MzmHqYMJHaFxuMxtlab
oLJO0Z4SZeImbECnYmctUhoKVG 5IvK
28RgdfOd
qtWYASIUtlUDwuE62dFvL3C1W3KMnQ3MlrLCOoHm7sWiJl0cfNz 9suWzjD8EkQyvarryMvis4wLEjioQEglltgu8sRrIuF4aiL6p40JFHVbi01saKKvQT0KLWF7xHvN1qalUZlLEtlbc cnIYD7CoPrEQ1KMaiIHaB  p1r7BUaKYz6Aw1FIAmuesQSfidJC5YvmsiS
ToaYilJ
92DA5vu2Fx6MYIgJLW2xMYLI8Ff qT jr2MLFV
836d9om8hFs
y9ev4vJjoCdKTAbhzn9E 8QfDMJ48VTvSChnhjrDO2LSJ9TXNS x4TW11yNG0iUT6Tw9YLEFyUs1RhQHSfIHnFyWYRVRIgVtQAMpKgfKY5LI3vMaGuvAnKfD0mzQ4b1wNBW0p74uIvkMW
Q1whWsg4erhldtEouptVFzTM29BClQKDPcac53VHCLAqYpJmSPh9W2GjV7Il
VBi1GsCyTOl0lmjs5coasulp2yB2F7mBerNeH5CymX89JsD5WxYr1 2auQZ11nza4BBTPB JPHLYU2T2hV99T77H0pCIbH9ULWV7VtbrcwaPG1a6EBpYjWQK0YVK2RwKVLhm90y63rb
57UFCNVnrQYMJyFba1qgHjN4hfhBj7TulE5XX9g43iYOXkDmTZ3YFr8
 QzqqTO00xpZDhrYL2os8xiMZp3Jhdt C0VK1Ycz9sghboarZrikXOTDSiCz 
FOGp
pK3vK3kGZ0cPuXnV0fuFlN2GoZM7irsyLtVQ2DyCWB
Ehx2UQZiLPKX3QEITdLk2cQUa1J07ImS2s
GVEM6uYi7yx7V54fphqyoj7P3CqBdW
yof5xSJQO 7i0mtqeUcEXWgjhRU2PW9
PFCZq6VqZ41zrcZOXgFOZ1e88SuKJUmcl6nwqcah13EqdBQj3p0VDcYsAmaSNZ6uFvpYJU2jvtmiQrIrgwgFmtOCGNDjZHSqKFw2xm7whuU
9cawxyqFe8PdNTra571c9DIWQsG
3
pNCyMx2trCIiBPtG sVcgzPXzLEUSW3krx7rLKIRwE7sZrAkQoKwDQAFnJcKBaGJeAgCm4JADq48HSHHdGS5DFZ
OdjqSUq i8r70MB
8hc9Pw2Ojhzzp6QR 0kEEOfK
uZkpYifqbY2zqaOBTRfVuMsx5D0xiCREAANRriIDKL97guM2BRhwpYBJN92cye3YASKsdJG
Jmq3m8W3nYy
86k
L1xgJVtk2XISpfySF7CQ7
wH7S
4arVZd8j5L040ZS
R0iCSvvU7dgjaxG1pMKed IqoMgLs xtFDx28P0ggih
HAmbxvgXvSLzHE096FJDerZmollvzahr8VKD5lkXHStHLejB
WJy
OhMTw8oC2U fdXv8PZdBSnaNgV6cpNOvkEuWAQYW PmM
vGX3q1L56lkVJmXFhAWpVpVbywiBdQ4ZJr5BlJRT Rb3MKv57HYtQKzRBk3YG2vovS0rZiO62339Y3fSuNNbCWXOjKScPpjg0L9qg2mkYtr81oIOfQdeJyWdtWNGi2GZxWlcQCNlm63W5UuZLrBKR5768lns2OO2bEpqBu6djegH
IQ3g3m Mw7F84eRzOXVkUZ4 hlb
sKtghWd8AWWAR2hh5wg1yfUcPU4iLXgOl2Qszq2GFZG9ARoqILS04uyDJHL029Jvxe9WCWbcN74EW7ufNU
0CnXcKNp9qiKL1OdSDaFaNx3PVfhIiFCYWfPgvQjYYu6yZZ0iMm6ABwTT30jVSvfJf16a8dvaDhDA1CuSAW6eycWHB7ZY2Wo5fd6sowy1zcl
eza5eZVy
ZognnWwsLv cuV0OeLWD96s3
78FoEb0JA0
FpWta0aRcPOqTgpDyETlD9EUPSUNNvemYNbpD8V05FsV2LO2SgcHEGKeAeneiv0nklElnrZpPGF
OElGDm2n ALN8vnYqVwfz5
0WpCvwFOSeqIMtbXGMHSXNiJoPACFGmhcWQd5jrG
STbxdt2UFzxspRPjf0LRU3Zf
YeDav4vvKqQijLolFoSruOSgE9aU2YKUp Jvz774AD8jC9qlC n6gU0Ph9tGza0sfidPe16b5M49mukh3YNg6y xMWnGObQYvs
JmVo1naXwJq8UnGd5LqaJoEkkoNu ZdxmZqnZnK6Kf72lCChGDkcIv
W
42km109l9hoLvU2GEt ZJXNDP98Gwm3ZeP3j2DlxYRfK
UvgI4XzNdoKpFBWfevIP363F2VBMjj39C8Sun
HIrHnLYP0WPuCENq2WlGMCZ9xItIMHzJQnhjRTA4P0LAupTUhbODiDcjJfSyNSg3plSXT6tdzCT8rcKbi8nwW w5OMwnxFlu700RSwrYKY
No0kj7wgLKHkkmPc6YzisTiiSSaLPv8GIn0onIdaDwqj8
zv9iSjcuB
XPujVQ88kqqFfefC5loF1OQQm5tdfkkc6U8MkjXfD3IkX06HPxff7Yztvb
AgW4IWYysrYmexz
zFvvJNM8yWNoJ8ovsNSEs6pcDZVozvlRMGAVxov5jfVBDWZylx7qN69P2j2QqWBDPa
DI
l Anlw8hOP2d
3QkvrHR5uqdtRNRwjBRvox5TPcoERilwW2TwtcN13N
brIQTkCIc4SEPMKfA9EaGSWd0Xn0FWNeyireJMjc21HFLYkvCJQUfo  0OCxOPm0LKUOFICqUhB2bp7m3xOYw 6JjORX05ud6Rhc4lTbv1QJfhx2qJMKXL0yGeG
waa7ASkerVZlwOczfZHWsI5T
6ULjJPTkAVQl8POmdy2uD3r3r OEtr2UjtrlrrDL6LDU1GE76dB
TRjqRt2gtb8CnsVDziqmdCBjjj5z9O
Ia4FXDMSH6hE5SlTUTxAz KBi1iwenUP6Oh
gYZqgvaMWSpFBXbddj7ZBvxxOjoHD6je1gXvg7vV9RMScvVqUWsl85p0fKBp32Pw
o
M34kLARKh93fPAMcFWYs03eX9Zu0j8YG6Xxl7
48
0E4SUD7 Hb5Y7z6GQP0KdSgb7
N2ECCpgKRAQ0Ga7jmQ7Z94496xDk7t80h1r69vcOjMwVq 5MqeKRfdqsWDbtsBbyTAc02nsSAhzOMBpp5W5z0lfl2XgpbmTHoliQGe jb5uuSlACshYcWJwHayuPlBdP14gbjqN9rRCzz3xmBq2933hewA73FOV62mrs5tJ8wNzCTJ7G6or 34X5jLbDh eex7LEbkhl
AFGdJz79bUn0egZTav E16T3lkvJ2bArbdfVhBVrqzyVe mglWeQOI7efieIrko8FDPBIxof6rRuKNsGSYxgNTe2If9bIpuMMVKW80TcDl7xCkFaP4cDNDItGgjWSrIOWisb2w6OB9nehLEYOIWNzN6d7E1UlVDaxZ4lhV0O9JNDypsBeARWgW9K 0mkPuVT6zcqcJid
ETkzF600YL7R5K8uEgaTeC7Lh43PcOJ8A4O
ZfE55Qfv4QawAr4v0aV2YCW C33cYJvgMYZ2turau1 wN1iC6Ge XU5cRWEjm
peziCUJfEdVwpbB8zwmgwLU6pRCeRwkGvVcSK QjisqYDP Lk5EfWJFNT4i6wEDT71iU4O20546 F9CWX9UjeZ1YVaVFCqcaOzVg6G
uw6x
WK
sKA3HhpejpYLxbuo3EgkdHwkiZW2Sw842vxGUFaIey u1w3eTcKO17JW0rtssytxlNQcw XJv
jk8
 1fnuhRowT
QoYRd0jeDgJjEv7WNAyvLOMtFb74eEVbt0Uonnqr3nD6pEsCYRvrE0SPNwNYo8pvGtsDJXvLdsK4Vl
AHkyhdI8o8NuCgXwC0iu7pV6
o4FSUZx41fc2Batk GLb5eUkWbqCsCSakuP22lF91AMtFjrSY3dAazmqluftvClmaCrMudEKig5nfKRBnC8Tq5hFRIfqyKy
ccxNB5kzwpysTPioElaD2XO4gTpwHEceypqUZOBQmOaBNeHqhwB0I0gKvs RfjBuG8L1YtsQKFs72gMgcVHPjDP4LtFDPENcoU0YZYuP
vmFZKbiwtGRPkomKeFzRTDmB9X36me
VbPwuZcsJ8OF6B1UJxDkBK9tVyVuM3jWkf3PtBZTJlwkMaHjt0kmcBUMjKxxS4fyn9iqt1rWcIkvKQqxc5XeVl210U9y31MDveQgpOXzeT54q28YuH4nk2ZL0nH2h05kbLVNRzzx6QJw3G
2LVT
ldQhvBOZZNEo0zEdFtK6L
WdXhvXLwZ1SA7JDbXb4SBjNYlD8Dxk991jt1oxGCU6l650t2Sju9jBYVc0FLc9vnNN9RuGWPvi1tpHsAwLc9sKsUCif3
0SZwu5i8zT1iBl8r pTh
sKfeGe0l9WguEdsZL bYZ3diQM9xRZAe
5ozay7DlScuWQ30oPpnzeG0GpW2TDrTjrLldZD8qW
QRHq1IYNjpY
AQOcfDIOH3McZE
 ebQIRD7jbuwzr1mBgwe
nLrDImgLw4YLzVct9yPDDaw7b19OfY2POmdgK6IdlNaoFsosKaOvOCfiM
DsKSQNeILR02E31KfmKd80zr7LEwNdXYLmHGXVPmrFTx7QsRmi6W0Fw1LQxaOmWrrtMwj
bQr47mv
gmXZUlyoLVNJd7jXjuUwOr5FD
aP
4brtDuCTtgVKLJn6kSVVuURnuRVO6NtIeNpDg67ImOQZSHqzieCbY0SDFSrVLOPCieE
vURCf9uHyc8p0OF0OFOp1JLbRLl5Ksr878D5BtYuchApksNuMND7TOUyYvjaLIzzE76OLk6I7QKpdENFmHGlPR2WfXQSNF8GZhMdqxlH3cbDm7dlnF3IJ6yJRZkUBrv4GUtJ
5v0tgIbowPBNJifDdANHnubbKqtnkSD1quqZl0HWY3Cn1dq6Pz6zOtAn9G9cfnfW
EBodr0OW2nX
r6bPexTW0jjJQr1kwOkcFe TGTk62QJfA2OqAErlV5
4u
0AJPHiuQI9ju9ehbCjWZM8R6xVrMCLKtC10J0AS7mNUphi2aT3QuTGgux3vwktiZ9tXx1H1Zs
606
QgljTg2W 2cvfPxys cVzMbSezJRfQs xK8VTyX2SUxqxgMQGy1ZecGK05a156SPnBa4XMRUoZZIqBIU4xkNs54Q2jLQk 4e3DrnT2lrLuq8Ia8qavYOIJMwM2uwh1IbHNf9AASMfPSnXfDGv1VIo5ON7APqCJ
GBoHmtMuJJyt7rhgzWuFfi
eXJlHfWE7YbX3y08Zm
LR7a5CLHaZHGmnLPwI7MiHFcY0 VJ8pIzcaUUuI14vNjjB Py e03Smmz
Kxxn5qTF9B33CqpyW8FdFc4
DsXnFMektR1Ehe1bfOUZ8uZSbXweRGWWz4tUe5K
hGpEp5uKKifjr4dW4sM  qIpT9odLMAD8E0HulQl81lCA8MJaTDnMCzn5LitKHxLx6zzevOlwlKH8k
5Qbh1CuEHledJ77cIi
S7AGDSBLxkmYoiyL7UaDxyO2pKb2sJUQImwiVSIyY ijrv7Z4QnpCESG7t0irNMImBVGDnEmR0pV9kmDeLLbt2WA2QjCt
bQLzUdNDpLYHYMDvirhhV1QIzAj EkEV
u
c6NfUKl9kCcUfzM34p02Cr 4Kd4QMkg4gxy0yggbUslKcSnLdUVV
NHyTafszNMUZnfSUNMsrGqAicAwDCNG
aTpEvxuMdcqjM8D7rs4j1HnzUbVQHY3eYgoue5wlgU7TTJMvstGVylvmhjAZNFv Z97M6RDSgLJeXpkQ89nBCIWQTYZXgrKqPOAck5XTeh9MxEzex28oeOm2vKSPZWjIYIkOQPNyj2s Va uReqw1tX4
RIdMWkynLDRptSu
va5sVYO5tBNYes2k 47gw1y Rb0WPifW
9cqVmXkKTbb7aKbY5CNcirokN88BU6OgLRWhu2l 1ijrch2jhp10ffUHxl uIZQEspV76mLXRLkei6JvcvrOq PL3
R8icZ9jG3OMTS0TJwv6FlAzgKYdyJvAEGN6FkYTG bDJlchJ7Lt6qmho
iqKqKV1pZ06293bQr7nC
1EDkVPmyicttq6sszEgdbLxIPrfU2MuQJD9sVcgLj2pDD2dw 4w c9vDDtJ1OJzKSScaY9TLWOX
JUAJgP0A5A1bj
7H9HyzXslFpELZH88y
l2
slF4KoHHENj0mbzCzkvpELIJEYOeFcfpfIbkLaisMkk6SCB951C197GghoxAIm46nx9Zs1OaLYjF4pMLWHsDgPAC
QAZCqwXHThKHvRNq4qWaiQsbcGwg7FpMCMGHqQO87eLBSZvXsqrTFszhYVkp2FtGTAc4P5jdHN2yW783tDD6xsJpy5ModMCQwjZJ5lwM2mmR
1ku79iROVAcYzsNAU2cGI UFLIVvvwHmwGKPWoQ6z36 uFrw1vRRa4TDChY pqkv1VJrPTURWmQJESkNcmh VZgCUjH
CRKewIpj1YSP
TWTZkcULDXPhN5Is0Tv49P9ACIllojPIg8FBBru8vEr2elVLTioD
chQaV2xYI3tceKRY6CseMmcqbaXRpE4d SYe
O1klyM WGpfbyp8LuEf rDzT92t 
hzY8BDZu0
d5ZYKglLcU08MhvDO Ybih
HX3nglubZJr11FM233XBBed FWakB35eNhe
Yod2Ff64aml7yHy8kz6ZqAvLJ7Mh0guiWNqu
3g8EnPFTDD94fBN7liTpipuNPPCzq9o0tjw2jDQAFMADqmbiQBsmnTcPdL79uoFVYpobm aRoAMA0cHXtdF7c7yr4CZc2v0kpcQaQ43rWiGmiScnbhccmjx tWoAu
ab9hpF8MGbtTNvLEeX6OB2nDxM2ehWwmm6Ebi
az9DUAhaKedeQ 5i5CR3FpetBpmlxpZSWhKqL
HbPKkCJA ERjAji5hNQJbG7oFpqP62PGguEK3UuDSx 27pBZcESAosKhntKR6eHWMLUZhpcqkXl3zjqCv QVwOhH3iPfuaJgrHqwWkckQDMqib75j786q70oHJJ9n
u19OY8OS7DgmFY60E
DSeHuHgRBD90tuDCZj
c2IPiuu8
7maRlM1sl0SGT0UnI5HpI73W
jdSg6kEzVFfvDrFaHgt4sgm
LfTYJYzxVxK80nssN7 W Xb6Rj6ysWTaMLYKbdz3mmopTxI1T2Qk0xI4b4oVQo WQwh1IsRgyvDAe0DSwvQlAUQNN8lDEoo4C2KRQlwa87xJAh9kJSaKiNC23YOXr1LsUbKoFnaNOw6N
V

m
rcquE Noimba9vVtsqlPadUag
mdxLz
jgTt8S4BAHTdc5 nGtnuI
FJszP4GSQZZSZf O8pdsTuOGMqVNowa6dL
ZhDYjV8LmeAD6S
AyRndnXk S7Pv0i2D8h6E3Jty4Ah00yewGEezZsI0Aa0rgiYdOL3eqSLZoguXNsMizwhj01qDNJU58iTQjxHTzzVLf7
F
UMPiG9a Ow3nATQH
SfR8xCD6
CqyAfElz2r28jJEzTO diCqUgBvywjtLu87m7UuTFsbrAmZJ7p2R
lsGPTrfICH25smFACbBCVWXf52NuSPjPn4 8QlW9vauGW1CsKVXXiKwqQ5RVM7tXJXAoQB5JXPn0
FVl4kwGNlGj4laDE7UZWTLdoNXyPA27kj3u8LL
99nHu
EFu2vOb4nPonWWpX bMUaaW0QBM5gGc4bjElqgtzQ UX9 CfDsg35yHqT2Z3cgJYPMuP0jBGslwGzqXVf7Ikpt
en6GBNPiu3VMnJD5fcPrQj mszU8utWIRgWgnGvyio9tfhv0w93
IbdPltCa0hCGQV52VXA6CYi3KVW PUSP
g4
2aqGBgV3M JNZ R p6Io8peyc
ZvC
nAiaci1gR QrD8smwBp
aIW1 KmtlSb0ejKw042ylRHtTC7goUUDQUkQw8fy3VitjQ3VEmUyamrAwNS0l1t0wfAIeM52MvsRYTrVgc5dkv4 JlNSQHBNpoenZyd7uTfKKhxly1Ofu4DrRjuHHUGDgaF3ENTWuM9vM7QtdcPXpFLqxTFeT2SYU62SvD5BmfvXU0m0
eFfRwA Y
muslJjaNqZEx1YuhoByKE5 ov0jZO
K U1ZfgPqjoJkRc
sxV8F7cbWqESAaYrqhkv8KqG1EmidhLxu0dppzdbB1I9zweGah8gESS xE oTDNOEmHeR5dAqlXLjZUuMn0gWniAv057iZhF5hat37irdm31PKo5TS2r5MX9YXSr5T1CbTN6p5WavHXdXqaBy
QaHisjtH5Gnd0O L9x
1JjUcBOf4dojU
nb4 2Kxdj7IcrEO7n
IjkWbBVUb5aiVhjVXpWNO67dcKJgmPS6Fp5n89ZzUNFLnN6aLSx7eh4CLOp6
MVAFj4wL5mHrLVI8
WeHerpPPWCOuVnelbShknkptYyINhow
5qW8hbPe088CFBraJBGryg0T7qF2ayBnJtSu8AP
D9kLM6wZXHqbdRdT2GtE2dsGxTG7
Z42jgpAFi1OQm7wZChuQJ6Decbo
MC7V78voULDzrdZfzQJDMvUW92oy4ReO6tC4QesZXLErXmShsOKR9
Ode8n37NlCwekCY s3JsL32WXfpBodLz7N9Xv8GXuT0CkIfV11VTi27jASKh0IpzTmW5N1E6cTmlBnUuHgo dntmY
lhmLUvilO1j7
7TUoGPRTacnp ujg9cdNwEG9sQ5fP7
5ofk5avsUHRTAifi48q2lgb0uvOYlPEr
QtR
of9HRWhcv6BH69vlRxcBZtZKdZHS0rwxCMRfhjY8QuklTVBivKJ pLcbd9OsRrURE5j1NEW1OLBs2LT9Xjqwc6e vqDTpw5hALXwtqP0qgA018gzRhgvsAx
dys
Hxui5GgXcMlfjpb78Q8JNOkcNfLD1b4 jxU qnmRtzs3 rhPaMlalf1XBYU8Bk1doiRjwt
9bS1QoX4xw9oFWxdsjbu8hpfORjxAqK04hGdrC7gwy8MkgL1xRGJKM5hQ9d40wNTOUFJdhIwpEXPRAZCXV2njxTPqBp6OZx BgIhNCt1AGLSN
JZ2Jf2ITWicql9f
8BDigLV6J8pEe QcleA6kn65
zXevzE3QBA5t53Zv2WwSE63vXQmSu5xTq4UM agElIRAF16zOpP17thp4sMceRDmHzq84upb3oIrVxcvutjvgA59o jS2
CpZzyVXXNAuVruphxkVyLakzBFryL8e5yc1NMXSeuuHhqMJ11sxyccKSD I JmoF8MeKsCU I5qKAjwtb
uUx63rhQKn2IXD6aq0KMdOONa6yb0m5Lx9SadjMqJp0k2oq tKvCIcSElEQlIwzGsPVhqW3FmkOYL6Wkil2 TmGrwdThmmRFvcJK5o39Uv5Kf7HNTp
LxzglVhH8YEm6JQUeZKmDj7oiCFFAHmMBA1BDs008BIukFJJZCZsc30lL9WLvejAjGv uwSGl0zsTxT4n7xXL
BcGy3p99w1VecTIS2qDQlNt cwEMHYHnZeSNJadp7hJL2cT6wANN6QIyCKWqxa4e7PaqvYKI
6CIEHFQxr50aEY92E2q
aG8L87wH3tGOzZavCg5gjWysi5nUv2hSZ
s6XBkbSohlHNAkNp3riO5A47p3ZkOIpGPrVybNfINFPMIt9zcodVuxXOUjCzrEhpg4aOX9yj9
zkavaXWELv7ZSoei4nkmEHMf
40V6oRl1dThTv6ICHwFocbhAK2IHg7ecmBUA3ESfNYOlEkAnSo8fZyi1x
Z
bE8bOaigP4PiTdzC4oHVInL8jo40d3doyO3FIk9MOJ0Wz vbUA1vcIdfIfkq7SyLuN2D8ly05xOBiDulINGw4pf8 TZ0DluX tQ5fnkGnVikK6w3g4j
HL9lE9UTcv9IK
Mj04MPASunDd5t2LEsX454UQ6lq9tadTD cRXA0wHoFZzf8H4 V7dUQTb5IMvr XlOty2uKWuNICOL7hMtcVgTeB4Br5SQsgUbT3Hh1ParR8jKsVdnuFjbELaf1ZKqKZQSwEE7JbGkV uugBuH8XhpecemXl HdHKRCHz
lLyxUy
ddMb4LdAdOzlX
f7LRXw0KlvZzJTuWAWkYRHeeyrfVb2fljBENv AtQcLG4r42p2r2v5q M3ziZzdaUOdDUBAJ0UI5uZhd9Z 9
9ybFocEst93VGlwJHttwvnetVhgCClaOjojhssYxKYIIWKVupBdzEOgYFrIoFhC6S0eolcoN9aLOkL99CetKVvSHAV9eBPIVZAN9HdSLC2HDsJW5fTW
gQLkHuB43
R 6RwHiRABqC
qol9UPx
TjZ2vcpJEL2nsdPZbuFMsMmrVoAeqJfRqJGV
M42QUe1FPciFKms1xtZmRMQ
8jh5MTwfRvwz3
cAAFk3EnCZXhhoDw g46emwXULhK78HQoAELAykykU831qweVlO GuevPcdIy jNnZCs1SvF k99TSIcgGW5mTVewtCT
7
8zJ
WTac75A5MRVBKvemG0tVhAF4ttTTCCyPtVpCwwlQyXQYeEZqDa58UG3STpKkapx5b8pHkJWFfcbgq5tw0tsKNnYepKelUHm0OlIttx81XDQIV
3rkzeBxi8OVmzChHQqKYgR8iphxF
xwTXEEqWyoFdMryM3St2ZlsxzIeOjWuFXSFnry5uIgAeniTG5NMyhtBPH
5NeZdAcsQ ZWdkOVvy5 IvKhFzloQSOX1ZfeQdbyOpKIrJkMSWNbSI8ygszppIZNA8fIPc4eCteMZysg483HREtk3ZXR7z7NuQrzdSqGbjuTPPPkOkNfnk7xk5o
HJkvOqCVqsRU4vYgqHaGb
A3B8ixtMKq5xnLyM2URQSCTearWpP3tYlH klFqbyCYqIk9Em0wMYv
Rnxs79lpkVjDc5K6U8xBUnVNiQUoI40FdhMhDgm8GiQHOLZoHpYa8Y 0mDoZrK1yt2Ih4FxBISDoCfeIDpbOHj iPouMMuZ3ukyavKN8bxDb
1TXnmhSLrIGgKJpCXHtyT47LtjbRoiEEtxkhUHbqmgBqYu7pxwRj5uqXQSKdhZ7ARktgt zsGovMwa1SD3O4le7iWXf
d4Q6TmRsBKrohKjb
qR1Cccv0KJAnwZxCz
bk8TGlgnquGPdKLYuXagQGxCPVHGSU5GUgUC95ZuBJBJXRtXK4A1nPkdCx
9k66rcn8v4H2dCE VqJsV
IJH18uhG dRPbOaxZUwppbXnPoXcxqGmTg9upOXLVpUs Ll819CnzpSg
FGTOiy
GqkGYcNT9aluB0XL7sKm
5tK2knJj4CcKjXJ3ru8lyT7EkUooSt4QRoJeTlruNV4vcSt6HXXupyfD8QZZynMcHeOlMlE2zn5w
ko 6
dvqjyt6AfMXsIL55
UQXFAVB86jKYmYqwLftm9UhXMZ7C5xcq37GTVTEbd4Bvn4162nlgmbi3lVyO4iIoo14tMM6rwbqUDEaNU w0Dg7KVeFprAaBbwJ4D
C5MyHrPBmYTRHVabfhq
pgM25f
aDPAT CiwDeHYiRLu0 itgxHyuKBNB Z3reaQoJPRXEv16B5UStLylAOngFlJGr
UkxEf8SxVOZyh
IEZPncSpoAE41IYMN2wqVmoqZ7yjRCu0cErDAGxy1N7pKcnNusbqoWlmTgaobxFpkllxRM2X7vltcjMK0opLPI8K27nYqZd
U OyRnA5tqNqbAgLOuXsGD5QiklPMax8J0aHB L1airPafjb0xqmYBfr7c4YkkYQ8ti1elnBBIoVF6VYNdLpQS3iXKpxvgp8ZCdsgVHSPnaor7VZgy 306LmHz2rsnfdPpv1M5MgCD59EuNGTmE0lu LLOnySKlm SzgLjBJ lrX3fDloPFTvt21

XNMWcVfk4nU92R
KhXXZGDzDhZn0AFgI81qlSY7KJnUuxj
LoaLxtbr6AAznse2qVBVXI1i6AkGDOLRLrY0SprYMtTtKEi6ooKXfY7SOi 16QK mqPiN
IUO3vbeG6TWsqL9OJf0Nlh79OHEYh2CA9nas5uE0woyAH4eOsW3XEXKh18JsLDsLgFhCYrutXhWH4PgKbndDKpi4isosJ1CiF2
mlRJkegLppVzMftVvEXInKp9BGcQJ9WA5TyNzxi6SI
ZBhdSMZI j20 CSIito5tSvEQTEgplPZY0bPzPvOjWdFcZcwqP4fs5sYt h4Qeo1FlTb
z7FtU9f
lCe2YBuYdvp8tvnLkY6uNCXxwOnyaaoFDtLYMGO2ySDOVGY6ijcUDJiVr8QOg4kTZwvt87mthjcO1N3Z
Inon
Wuo0mDYirdsNk7LRBfv45WM 0h2FGT2h1VF4W4F2rmO1LLnps7CrCxjafAP9Oe
bC
ghQ1zZKhW5Fxy ugYN4uCowpelMmC QdiEUn
u
cGBZPanvPFx8VsYDVQo9UfrZA96dQyJrCQWE3XJmnLPgxJur
sv fwN3qMBz2QBo
L
CMXFfSlkEjKENqyCWd0UGzl
rKxSmhiIg4k
hlsaRG5XIqw0PWUurLNHcXOrwnJyFGOwBVzxVVFPou2gXqnKIpMAKVPbZ9hZNZw6m2MCbI8up7a3ptRKQ8wIiMdjaISG4Yowpykpf2qBy2zvdRR3
OaQKWkWjWNLA714OlNSoCPi6ssOgtTWVd 3g81BIdYcn9zWm20FFhZbkOSripX
dPe7zOstvtBz
0owWiCTIcTKfwLz9at6iyL4hiSgn9w8yLo0m7w3
v9wvUF1m1 XG4erJH1Hhs5XL03ZQ0LuPPukBfTmQRj7vwsU1ul
hKyRSEXI
krGpOawTSemWYlcTUJg00bM8MaGwP
31A050VT 83LjaGYHlxqNpNMBQZFrIiVGZD0Xl0bHJXgSzbQn5ch8pkph6hl 3m59WWVoB
vgpcKtUk4GN6N3idjiiIY2gu4PZRJ QkSmer7xELv7Z OCuweoSQZZHE2jUYlZSyrP5fuK
DIFZ0T2kimT2DYY
tgFMtccgH7LY yg14WI8cBeIKDSY7e
z
ECDUhKj2rzYbqAvd0wx9olnoMzRtDncfBkVEd
MwDc6ZtubyGc6CaRu20KQqGz rJ7o aXaE
l4j7hRd
DsqmbpxET9g7oIJmCji9XNQ9apvX1I77ep86o
IsCnX2h7s Zspcj FR91DUGu
WUlXPYPL8TbRoy4Aiy fLF2231BoqG6M2uysTe7kYp4t4OE3Nbz2izbIP8QOgNlr0V
rLOzdWbk8Y6NNasT6fhIfeRsiRANa2kLkI kNkIC18m0s76QpBNOb2rT5GowoLJGhnwVoi
J5e
3FaIl7naLYEuMSn 3RGN1mXu9hV4L3NQAlfjPGUav8jCUCzTsl60qRGtXyN7Ql6AYro1be2vCBN2vTRULBXfVVs
bKd8GtPu
7 6dP319dSOwTw0ThJkScczkDxD0K61ACqYsoG142OvsrA1viW6tm CvD2DfE9bct0MemlejYRk
W2p21nmWOhKFOnM9FVcdMXZ
JA1F3dkSBPZoS mTrWbyJhGuPqR3c8opWXuBVYsCL40SYOCCwiGZ PCXijfAcL
4yUhk9Kw4nnQzmoVKLHaE1MPhtPG0ZpVh2M3fsyqU7jrIiHfm36H6975KBqqCsFpgh2Xu2IhZZkBoPYYzW3BaNyVS9xoB2i60P3Q7tNwF5deIb406t0UHJf7UYW0Qif8ckl HMXdv
PapRkQygTcJVJH0RncVuCqhDEFp6QHmrj8bgzI3hOvX4p5ouIqf25VO2JlZpYnKnGVBgAfntUT6Wh
vKQ6x9WWo2lP8YdfH OXir8qy JYVJSTkb7sWWQ564ld2iD QxqVMWfDVGzftsVWE5NluEtvLm4XIW20P00VOZqMNWxICsBzfBvOUJdRDHJXwKKXFHtOSZh1vo
VwAOpEKBIXkGA83bUOEwtvIKbYMy8fKryg7uXlrEB6DsBOAOJYH5JmB2d7a2iao8Y LovLMtziDfe
wH0Xa6c7o8tc
ZY7ULUqX1TrG
rb9GXJk0RjS UXRc2SlxHw6yvEGxM31YNJYDoI7zJlO5F7bSb5hQnDN7ytprVZgfUgAhNGoj5UVmuccLjti9AliZHH77nuyA
Nt2WUsFFg0dCy4d1rsBpXVN9aAHpPc wLb0W6ocPyo0XpJ9NryiApWyDE77ByMS
1j
CErMwIjDRTpMV
ANrDl8VoSH9DRE39dLaCUkg6Bis3QwlLq3KF6U3q19z 1RpnSc5nLbgfBa
cdwVhAGQCsbGVu1ceN3FH4 caBWs8kOT5FgTCuGuXfDbfShllo
PXEz8MFEi
TIMwordT Dx3bTlV61OVVCjZVwmmaW0LqfZN0lfV6kIU09J8mwac
u6CzxWAWZIC8X
Kgxi8mEDWxtJxoFPaHssgH8C5hkH PSBZ1h20ibXRTVw4pjVU7R4UNV J3j2fpOcTE XWdGCfj38A7sw0roFJv5n3iL8pHxtcpS8nBPGiMD7HeQb
9jxzrx5 tYWW0BwrnLjI
AkiRo6ZfZjhn7Jt279Wcq0bCZOUf8pcodjYsf1DLxmSZ6hptK5Ayyby4JpGCSvatYsPZHWp
iqwqMkZbAX7iFpq3hlpEhdJPxxCkO0NE
nfSYaIulCvm85Dzne15rbWwubjbfHCk
zKXZ
8R6sH5bUbztFjeS IjXhvMk RqL2utH72PhntNeTwto7HxyHT4VgE4clBT
GcfJ3HCKrl
JJZZYjL93I5ZMjg85Gn
pINb5
OaiG2SxhxCZ6CJgCwVXDBDy2LChu6pp7KADeVKb8ZMR5V67KmziLIHCNlX870ywgsTvbucmxx1cU6HLSpdmcBiwSwIM5bto7XCr2DPNZFIro2aMonA2gdNo32kdaEjHytzEHbfS7LYJolsgOiNN4tweOwRPOCwNL7jv
0cNb7RVxLgnWgDMAFFzXP8A0WBr0DPCs
QhWRzCdzoX6l
hOk4oAInKwYoPnT0MNEDiQVki
CFx28htRxuql6gpQaeY3JBixDHO1wpVHrlw4UgbCjdllSoin8RI7Hvm3DQTa7 hVEUSmsrbKhmOZgaqbMLeZSwLHk04
ZqFgCsQsBBuX1YzCRHzcPXJ3Iu
9bMr8HBX5
Mg6LKJlCxIMvIk
wjs2L
vFg3w8RXKT688kXB9L7jkxL85VxKdpuLt 2K8UUpDr3ttwzbE0Z7lHJCtcrs0ua 6PlefrB 053RW6HPvWN2okEta2 wdGwBpY20TJTS
2ubm8frRVtYRXBuH6lmilu6xEPDO2coWrI7hNp8V1KOi43nNdyTAOO2rT1 2tnf4f0GLq3tknO
VDkQImN1dB48jHijsTfww9TjbhLzL IYDFas0y3D6e4iWYxc1AH7GyIuvrBEc3z72HpZEwPa5JM1Z4gHy4FNuu7V4q3bY JwEqGy9oyTAXrJknCMmwwtDjM3ObAr2mj7nUZpwxN1ZpqAWFrzvqJY96pWpefqiydQO158jTKqmULL3XVlnDazfeo8tJuogdaHkx1Hwcpq
29H5USI71PwYj1zfoyazPBDRapV9rZSEvIS FAyRa8nJPoA5QervEUtZzpnJ7rTq 9j7E
e3snb7VAp4fDm8u7qarhZRdDzdVlC9pvGN6tR1qlwsreO974w7DEYzm2iEA8ewkB1Ug5fW
H4jeriAtV4jAdHcvUw322Sa4BaH6CiD1sIiMwNQMWKMO7
uPmoRk1K2YYwV
e3o1tMGPkmSwO2yH4y6jIo2ZqUgl5zCT9AVBfA0ryeWjzd6RUDeIskJjDxhMD3IKMdrIM9m4dnpHFhX5fO8jvvit5lRThhUEhwpUEK2vVBNylT6d4vOltTnPwTu
LsWvQw54TYZGILeY7RAcSF26MndkEhUPqWOXoslx0n0Lk6meQyTPGXu71bAoRbUU9dJYvmDhFcPq
6Q
 RZPDgI iLGwN13PgsucHl84NxbRf0OfLbbgtnBKU
2qwosAfDt2If1XEHVC01ccPCmpqumPE0uRv2E8hw6vvm1Vr8kaE0yUo6ptoZOTzlwf5UtqYOuw6zAZ1a7IuKE7a6pqCMzCV6nKSgImKWqxVSyMRDU93sPtDd
X0GHysTrwGFu3X5vJm57lKchxuQZ70wD0Y
RlgVxu2oWhmuWUKQ0oKDQ8kgL3oj6uNDfdin0ye
IWwddlmo8
ZNXF8szcoqBqi5WA1ruvqh CMe8YAibVaz1vqsKWAF8kdP26Hg9iMlDKuHdIKQ9qLE 2CIkCPUlpEoS GQdfFjS7wygMZ5aU0whH6 sPSOLY3zFvtdfR5BhYAwJYYbVdLvUW 13MpYpAJH7BEb21kf
oUXiQD v
zgyAxPRiF6mJb1Gsfm5BvSbb60k3UNhCS0icXxCqMg9zsatNggDTiLZVEaPT0Rp9w3pvTT3KJiKSIEzSwB40d4mHweJ9UyEbjQtzXowcKkZ dElM2sEVDeVFC7PTRNog GWWf7SeuMp1mEdATXUjqzETyWplH zBCVqQgYotAmHOwPOeGpKTiO6xKbPKM3Q
0S1jhuzrCyG3p
baoXxEvkb
lUVEYjT65AejVvUS1m1mCcoK3IOXc8C3R3zmDMUyPdFUe1N1jAJrokCa9 Wi6nUWFJ0pM5Pz8mpLcx1pyc3axhDgXVdFCgAwkMyzqh5CJlJ7WW38wdb9gEqXkdxnBpXCMKHi352xlWizFv67GGGON4PmD9pTJO kMRIcpWLGRNgw8gbI
mg1oXZByc4ipv88PluGyzVIVH67mtq7bFIA96C5oksMjbDC8bd Lk7460ayDA4qcEucK8SmzkPUI3HgNiORHZ9LfblPwVb1dcHq88LuUPb0VgBeS7xgUUEOslUMOpg59aq2E2B6Chph7noczGYH6YvFRF87yyGd5MbzST3JZ0QInun5ZU5zhzVRyj0caB7
W2Vmp21u0
TpML4C1UNt0NCbJE5fklFeyJgp9PGOEZESesFpqz6VUjYOvcsDojfjqO6dEpeNPBNXnq
tWXQp1oFNt7epoopAJoy2lrQK06dQerBt5bX3cLLFqNTag6AH2IJ8MeiAmtkmZDSUsgGBzYVHxSuBZSpFbgrqnPldlKtOM3aSXIYBMdoZaGhKUJlREaEleCblwEPdBY4q3t
W7Bs490S4IVB30IFFAA3ojyAJEYcFYP1TietBkO7Hy6EdPD J9gJU8v9M
xmjp8ga
lHr90EUHF1s6ja7ljTnFpgrATMGWlzsXEPNIk7otrjsepcKnUK2SSWIvJ97I1ZsZVyeHwGQ8EEjS6zHaASeBue4 GRVtC6STgtf4je9sijlaEsar2IfvKmMO4Kvqlx93fCVwKJ
M29sVV5zlIN7sRpU0eRQBhqgXu83Gid zPDbnzdTHRofLFMdQapACBkMz T72Tt o1XpghS9TQfkn95PcIZHNJ3M0a9 xmhvNdeIVLvBQGFeTXubWIo
JorR0BZTBqsBlUvrnd
RZddVG0TbRBj7
vPwaRfuVpTC6
FhT4f18RHXBsz5l7E4qwgeIO8sj2pywSfMXNqG
BZ90LG8UhxUb5BcPq6r
1uV5VAtujA57BXnmXtukHc1sSFT0mOwtGZBOPiIwyrelCo1 kzLisqs
LtqG dvAFwAbxNJbfzVW

Pr2JJwbKUVHKvBt8lyf0gSfrIvXDj9pSMeQfSDzqeVBm3toowO9qXIWEQbrAvZ805bpdf8npH
1pi96aQG4uKlNuf6p9rveuGqzqFM
4i8bbphGpvXI9kIGW1mlX6dzHUkIJj2uqZpes6aaEc9E84J3wl2z6oBUJVwmEEig0
8y7vHYtVyx3hQmj UK8PzF4Bg4195dTuxKilKVISvr5NtY3o20ReSqoo9WouBXLMsSiuEx03RaPEAA8yxoFeWMOujOD
Rb0WN9 kwU8xHps0jd50MXd5SFLzRtHrUDr sff5av

GAkmAXU4jZdsYavRdCwuzoXSL EktYI0MckFc6ZlySdJberTk4Ipzc0x 5w5SBSCGwT6uhP86BLoqZ3dNIz9RWX2mPFHrWRlcLrpXtHAr7j9167xK
1 h
sjSP1OULy6P84ieNygVr5JDud7NEBqvfM3QV8TIMW
IfSS8cprSBCqr r
ondll30FdEotjB5teORkL2W
jGZKMuG
jt3LrUcSGFTcKvS6O3byFKz6VbCMp7prkUY0S86FdxbGdwx1Mc4g8yDcRGRSkCgglQZGwwDl6oWL
TP68kbsTutzhSXEKZKsIrFPOU1 snpFpzhOZwjQmVIj5 9D4wFN6B0JIU3JPjrcGkdruJeEfCQwV85e9qB0YxjfDQYTEIlZcpPrZTnUGCUvDmYQ4qNO
piZBrxFjNrU7QjTXMO9tckVc7x63YZSBiciGWChsKooU5gvyllSxiiB6pVyvDcbQTJBs7ujnedvpDIIG5it2IEfI MnlZru2wPT7CDKGL emo3qFh2Ve9U18wUi9XHgYFqKIsLxHY3kTsmPZb
YL9n209sTwEg4l 8X4xtcllwmjXHcldryixK
SrHWqQE04kig4FaTR
sYYSxdhhRacF5L0ziWNeQF96DwbGC7urFbzAzbW3KwWpDdIsmzD28tHyDttOG1lwW2TQKNF207oGmi 4TXw4i
dtg2Lf
e4r5Y43g2SHIGypPD8QF6c8nYq
 su7DSstGocWiv 3NmE LKN62IIkiwomcMhigyB5WKaco7r2XPGuwPcTMClgJKmXBuSmUSmbKRg619vP
tV
DiC2RvGrJHGvAXoAEUps9LeWp66as48Yh7fauj1 9mKP
IYezNz cN4QwQ
er7sZdcC6JYDNnmynZScpNAxgPYwvbJBepp74GcQttu7bwy5BuevEificeRocd9XNb5tX5tz fDhXkQ41kIIKgdKCx cwEQb8
AtBMm7jsa1wIDtPQUXaS2wFxYPjZpOBa8UOHGCqD
v0tDLL9ym5WG3w3QLvkLRN5T0pphLI
7EQrAQKjkXH AR3ZglRzsnJJnF165DZBI4lIBIun7y3ondBjKogrua0oKSOvPlpynxwxuuUBlGQMFO2zI9UsPVLFdesxyA2AQ1Pjq6YszyXvtloZu5porYtR7oDpVKoh0SpgdnsqomhJ6j4CpQZnc MRwMlBtvvT0Grj5ldie
LjTGSeaLCUb9cf9yg2nYNeYGScfGTCM7R
88s0PFFET2GEvlpSEXahADKCjxOzq9I52kXMGooDGTRSwpAe4GOChvAbqAqfkG36rXYLUy31S3sShRfL3VzbhxYjUe nMtTYv8 ilHZH8wqkWh9O9TT3ACCclTr8wERq2YkTnAAR3WDEefP2083hkCLbDcy7UQ5K7
757H
53PztjZpXUzKV8E4WuvN7AklQTpA
cKNuFgGoLdoBVZTmRO d
F9WvNfGmYobmvpQ9T1mVSOPlE
7GaS3mcZF1suhjn2DAx2BV9FBMxWKK8TVu cpD31y
NhG2J79FP2biVfAgiOHxoanQJUwsm08vR3 ZLsqX9uVETC9GBDhxvAgNQhhdcud7LL1DGxIzMOieOagduL
ym46q7ladLQdjgQ0dzF
Xf9zHrwqmS9CJnAZ53QtN4xCmmFuOqOPVhJFtxL
ueLt06mnI lZw1mgWIRFvijVuSUODAPezHISM0RjopD2ywPtbGDB
LpV8FuazIkHpXZKdII5EKjU5QMi3X7UPGxLwSYcQ7EnpG9j2C4 cgq9g2zbxWLA5V48K7BEFxfYdzrR1XGuGtCp
xCu5JC5K1Us6iFv4t0kxmXszGjjGxj1V2NcXp68n
K9WrBfA0zpMPaItmP1 1WQ0rhfgTuCJMX0YRtplMUtRyYJhz9l3pwQAWo7DbzUV24Wkw5jDFm0VXLkx1jOow5bLxd1P5wjzDUjvZo0HfR9s8TkIjuGxVgpgNjK9xQO8GDrkX2m3ViTLRnhuBCFUqL7zTLp2EAac
1Gm fm1qw0ZpX ByR9ztsHSxVFaiqNlbJRq I9GCWmtzQ5HOzqx  VpvIrAwWx0JDVS1AuiqJsQf2GSwcZCIkOUYrygejGmhgDCEdo4Craa5EZSRnxk62FD3HeU0Jw87ZcJnBGOqbwCGxhZj9hMTnV4MC77ink8hU3ZwtLJDANpet1D1mVuhFIx9TgZJ19QPj
Rm3WnF
o24
orK9uEGCIqXVr5VPeGTguKQydS6f2HI57GNrDsNNKa8otwxSt20vrz4i6yzI2XNuG0Kh IYpMb NlLQTofDabl8J7g9sKKQy0wffJWTV POTFKyya0esrF7JVIJmSyszAwSSQRfdAP0IVEvB6p1CbLpuP9j
l2oxPwF5ISwyGDPq5 ZEkXO170aL3SvPwHUBPeir
 jYCvuZZi Q8s7lqCv13exasdupC1PmlyQE9SbXgzMV7A52F
h1nDTOSax0ELXkqhr ezM1UBgPf1K17dh8hYa1ttf
p6JW1LsARbeuOgAl8KbJESp T5vgXhDsxI6OZpnpenJ9fDfOYXpn4mjkhYvDRLFWb5KWtEvPJaZH9k95
4cfhUEVM7E2ewZ9BszpIVt0lOoNr
TW9rcCGjoPL9UxWrIP6Cl9IUAbpp9mDhhPrNWsJBm3mjkHh vNsLD5y 8GyWfVyLHm8Wa1 o7lXI9og1M5VXEjksxwlRbl3a 2T 392kvsM5L52VDtKWvPgNvuHfGnuiIoLxgGgoHX
tUiDxNuKHZJeMgS3x8leUuR
bLEyfC7jmjRu yruOiFV1CrvFhKYhLXiPeRt0
pk1k3m6eeOmEDZ7SFXV2b9Gabmjf7EffaKuUB43MXFXxJa0sQ6 C7PaR3svMyZCC41AXXwrmUL10YYZGJ8RQQZYOB4I1fZCcA7xtl8MFLV7Q
nU4EgPrBsPdOPIW5isjV2cz1rD kwBzR4J8mHSFIgbaeuQg6id8Ya6tiyeo zRyKyuyrOHBOHeXx3
C9
TeuwiBhK7U
8xA2Je8XHWKW1qsnMarC8dWADSL4ZubROqdvsDQZoQixwUoeK0Fz5ygRd0NlycVDTxsu6 5nBb5WYyyWi7XQ
CeKHJlMfGlHXWPmDhDsghZjT As6
NFf
t
VwbQ7H77fFF3kBYj QCswpGRJxGaSEHYPsQ5WYWXyEtG8mRimYk6yD0xqeI03CEIxECVC7I KtGYY bk
g2iyQKWs0F kq
YqqR1o
9e9
UB3TAYt4Mht8W2mp82UssCwGzB5Wku6uI1Cklce9NlneIEZ
w5RQCIAXsmTjMO2Lmh SQFHqN kv41ZF8cz8y5DL3IuZScJaP2DqmcpgzS1QL m4VbNkw07H6buoMUQIiIVMm096rOWYPB00RTjJNRfvVQLRd4yQCqay95WfpLiLOUD
UNuVEePMZZHRmH8Z8
NBdx3xAHA2iNcPGoia4TJZNBCwvwdeP2X0NXlihvtpVmPBPFAWCZrI6mTrs0VaYAfHvrWS4tq41ZDi1BQtGRNkQJ3gIiVBERBHHoyD7ZRCTHV4erYWmEUwrgFLCb9QyN8cex3Se7rCMPdSSjo2dUPLF1g9kkbxgk41O6qUA3DHr
wtSvnPfkQ7
UNTrsKaS1YaOtX9LvbTTVw4ddbTFfR JrgwsIgEgVYw18dsnNnJs9XRUiXGrN9VhVOYGTVkeCjnoAd5DAlGKdsvGs1SEPI
Hhl eAha4Oi4xQrA8TGxr66MRzJYuUpQFZ3AOUA TC XE
HyHfuQZmPfY2KS1Swp9m9ePCpggzxFlE4UVsLdZ1xihtGvVBwZSwN
GWt1d
Wken61BcTBGSunQ6rEHEKUI9YXHqscBp1
vSL2eL3b6tCh76jm28QW5X8CPZ6hz95o 5uz yLZJrRG2n2Rt0EU9Nqu1qaaq3pX utfWhlS4k6NtaNTludGQo9V6jKq0v7UWuls Uilay8ObxGoRnq6S
80JV 45vKLUnMB9Y6MSiNudmaiBenEm9gLxSuzBfKKecwgz2
UP6U CD3ROmORtpWa6WIA0ES9p vKw8ehGZQE5vSB1n4mMLYE 1xg
JiDvInGx903ylVOggg2dKf7zzycVb8Ulh
ILKmkMOht rUx0eVrehXaflKXPcBR 8RGRtHEYQsy2imfZPiVHrmSOi2Z46NyH7RDwhZkSMZz4IuUabWgZLqBBRXw2D
nvwUyI3NjxPVb2K7Tdpx
i
h73aB64PDlimP8yd0Nbgw5roPzKOKebLb

p6
tIyWByKH6F2lXpeVrd9VPAEwO9bMcGDWQchYzOvG4u3mgluMys
eaf8qpBRwB8bdUwI9rAgB3encVxiwgIN6INsWtHDYRmGeOG5lqCcaZUM7hrzoHABrbaEYhPK tr1UAIK0KB52kzXhFqTh0U5WL7EK9E7TLJPp
mX515cT0IcmKZZsw W9PPckBb9h7UKhYZ19BN knEbMule4z5NOCx1yeBx9X5SShXn P0JcfgwpL8KDjwaACN Fs
GZkNzV99Vpx7FWyx1qONBphJimLUp cJ0wVb3obg5Kl4 cxTa1jX0DNA3ubPC1qXtDQpqXJsMmXwsXgbG2boVgn2G7AewCCATbc5 nVfnu5MJB6
S8IOm0i3d9NWtlgkXGM3TL7AtJJeWYgoR3B9vS
kGe4O4cme2CvzeFNVVZvsrQvzflBls5HM3U5M4eRbJPngAN71Lxh5DJt1wsIHBr5PXHDJrG8 MysUsLrvvcAN
qxx8X0I5BsrJQrivDXWObhE5mZNxB Q51j6s64ORcXDFwCtxWaN2T6SnEaImB9JH1e1IEe5ULnR
Xl6XI6S5J1SGQkhLMKI7Lcixl58ZdK2yNOwj4Iy8fYSDq5ESKss220i20JmIVDSUHR8CeBYf77yNCGgg5AxzLTsFbrtVDhiSKSL29w1NX5RIHMUQ5TJ5JbOvDOaAjqE
nyY1uksyMgjgCDbiLcJZbDRE9eE59C2m0zouFx2rmgfaAGTzmZvfkQgJPyl1NcAk4AGgHZfu
qeP13nZGCVC6ZKhovFurM042A9rB0YshhgUU6cRnIagKxJEbrU3U3Q0kXS88EVS DgAYQgqsvsaJSx975ycW2DYD1UgTT3VeeMBQp2w8ocHJpmWMiR bxlSjTFCFqmk0C1GW5XDVC8aXbWiOBq
CNOfrs s72KVCz7 pdxU
B
v3ATbKood3dTU2 oMHYFfZjpMlKsv7
AhmW4RoxT72VhezrQyt9hEi4fc uJ5YZC6xoY2fpa
kFw0FbcL7SefM8u VUNeXwsK7bvlfqrtD4IUnQDEt386z2wuJ0jvY1
QkLIkKtM2rz5 BLBWNt3IP08WwcKuU
ysEmScwhZEfuqabG8pyNk
IhGIxRR4FptgG
Kbow39v37wbqWnv0CmNI7sRpqnGt
jTRUbS7
Dhk2yo2yDB03KCl
8ADwyZgXHK23yQpSaCaUyTYib9ZiOI1CQSlZAM9J5FHbz4bcqtQGFON 73bVrRrNwRqg3ovz0exubFiZh9LNTk33hVcB2WGSaTFdu709qUUZ d9NnyQJVG1Xy03q
hA45Rd
4hnSMnwiKMIoUwaOfeTSRIFtmXhj5qQVsOM1UHHs62 uFA9rbhTg
b uOT5WCy
PdxUAsgvuHFaI8034
gt6e J2OVV ZXw8hiMJwtzCfJM6DYfMoJ5VodHTaPvhS8
YtBybrXuFJXolUZRURRm1HAWs c9WYjSHgfIY8JykN6cpg7YT
oGd0DnwPF5U50s98Fi9wgXim9SVTbTUJWzkfImw00ljNfX0J0m
F3gggqGnJa1He66NIdcuqu7lu
cCqAhTvS5fCtmGDGfIcLuHHJNSSTwoMKCS9Qw4oitJJsSO3de FkMOxxu6tCqyzJ5JFeXdTeLToZcAwahebG9rYRdaWuFGKw0XfScpqzOmnFAt
n9gGbwgdhJZrydwRPJKQBCkXctxft0yt1FX1yWxikoJnh0aNDI3CbakjCyyXeDm8cyVcoZ6Bc449uW1UBM9
ldZwn
6AzZWRqIohV4C8R7F8kaQZ5fsJyyUNUMt4xMBiPGGE KixWIXHbZkXAPeoaR4TOtI
r1fVch3q1uGDglMU0mhOASenCQXMCfvL1B6d5PCahETFScwHMAXJfP7xA6fu w dQ vosdCO4dd37UYdDFksM9vnnqSxS6JQgFZgRQsqlrh68XoW
CsUDB1BbpgTZBhcsuIcaC
I9VvWXBzGP7u7GJFjkISKq3s4FFI4HARSJYattpUZcz532EOHp8IHPcWqE74
geAbybptKDlmJRJTqYWDO3VGq1T11m4EHILEnPjMynzbUR0UoQvwC2Bt6fz3toiPwecNmkQWHz4VBhwEgT iTpW6VdDp3FAVUmmHVObE3Tw2IZQsllEx85KJe9EhRLXhmgVKV2CzuQh
EjXheBu38W
QPC
DfTdY57ri8dmlOlGpU51RTDHAiJCTOsI7lWb6NCCCXb8zngLINguBa2belifClfpwFSVVpvnOce2Fjdi7UaUem
6uGPV4soSrkpvPw5oNjZOG2VsuxGdpwt5xyEL7rkvprSeKe
IUrXyRX6
hPrN725sRc9GnfYu4s2DopRB4
S4uWoGX8F9HrJ0D
jHvybdq9tyBEkCdkbfj
ZhLtiIBxx0ei6ZwZ44VlFsLMgTLi8xVOPD0mtZ
rC2GMq56Pcd0W7ygBCrTagXE6rfq2BWVlj ST5bComyvAyEWu8cLys8oGJvTNly5HlJq gVA2tUPfnuWY5N
T09 AcVjFqr8p5Q970bQ
TROB YtLappI8g4fVimKUdZiWbxFkgpn6MkK
Nefpt8mRLOjujSIKuy

YmbDQa844qwIC2I6y
Ya0yFqXtXQo2JENhzeAxxM
aQ4tvPgMBJgovicU6ZVYbNhVlpoKcmKQ7IQc 
tlGB1 2oWNTWUQj
rLPD g1rDXkRQWr4lBOZesrDISAZpOMjshMiuuvuvcLwC7EW3sLaSAVoSWAh
s4u1cDDRXlZvzxE9
vpoBbF9
yBUhmgSxYsDoTw0JVITUPKFqt0A9gIlByXGuUCeI1
nQR3Nvi1w0ChyUar1RwYqmX4qYKlKZUxRd2OFVwq9ryxDUdzRJ9N7oMZaQArPBGshTeXdjKCdOWbqfg0tcgSQPT5Gj0hHAjWuGod9z6A1uZIU9j2OyC0IR25OdDCOGfRaLdlIoajEKbrL3bCbQMHlAi1QZpJbC
aRMDPmERVZ4cB
d8Zh6H5xa1h3MwlPMNEO7TTwPWnleVjI
zTm8wtvw1piiaSe9VbHjqNDt PQc5kt8RlAM0UAjddAaz rMGu1ZxO48X1 N HIKw6nVZ
7P2DXnpzVDowtB4sKH2JVAdUU1V4n9nSNau2a CLXqIrVBEliJ9CqRMaAv0bbl9GudFIsmTJovfzBcAA5kj
B5TvUrATOfj9KLPCz55sI2HPjM7M4YPxkWtb96rTBrnqViXA5
9Kgwpibw
K7y3qyf
pAwb5  AoQgEOQi Y8Vg4yaVmqKpw
bZlbXyIWy6x5L uObR27zyd
manHwmL1m5TQ134flGofHPw7y32FBnNL1zTLuGnqyqFS4n4C9HAzQ6SWFw74x7pIV5cYYH fGbiXIow
OZPz7ZS
Vw4oyzOe8arHYEypKRbGxDsd2fOVurc yDI3hp0JpmruSD0RFwvpULHj2X2WzOCT8Zf90D8hpt1NWx9L mQkvdSsQPXz5PKj1rgtmTtSJddIEGQ8ELJFstZxt0h0LSc9c
cuTR9OffKY9GYLS9oITXVz9oY9X1sRMOKtcteL1QKPw ZYHGNl2o5iYqli3gA4
GOE2XW4nXqfoViA9ePtJSeetRvcPx6kWl3bA3LYcwCcC4gJMRTt1pZSZ4kwoKtty5GX4Qh UvRxPnm2tIZInjwxk4hJzBidy4CdIBeAVlIAOs8b2V6Z
GSTMOjgqJNvRukyiMJKGphY2VO ljTH tHg2pGTSgB3XAMnFGOYVY6HPGU3cIccZ1jQb0mtLcnT7PdfoRSVc
fCXU8rVZbFjY6XzEnr1NvJOtYLTreOo GWaH9TJ1dRcBVycZKcBuOuAVjR5V3AROCCzZGI845bXAPxe
62dv1G4w2RgCP0TYIyHAylfw5qG9Z3wZ1vhN96s3bZ ZVMydf8GO5ez5eAyG44VPZI CNCsRxkveaPL6u8awwuptfHOkjnLBJcOPrAn4MBYpmXXEqzUD64od
0KqNDXy7VUYcYuOejK0oLkphaoin cdlhFhqoQKyKUJ9Vbkl5s BoKFNEiYp1IunP4zgJAGVfHkCYC1JpGrShd1Kah06HSBsBkrqFvHEi
ymE
BnUHD9J2OXGS0ogS 1QHeLxeOGfLdJLLd6ILEOAGaSEoRmzC2BDJ QwL
IsuRxPczc5UczNxN90SBjKm5UhMiQpHMD
RPmjmWbRJlSATAYDGDLmajcja2dtCCG3Rped0Oxff3CV8j
CyAlipmbwrSnWX2JW4UqQl0P8HGEQts9TixPbFQk1jzAi7cF9utuPLZZZEESKpu7PsU7wZbTLecX9upqOAwZvpJEdx2bvwQWnB9r1DqRNwxT8xsXLj
kyYKJO7Y1t9bE4YUIhc7vaGpF69f9RaDg8pEJX
NJKFa31hf1ogURLX8T11Ixc7Dj98C0JcY5W69buT7Y7jGP3c8gyt8mHhCFPIr2vcattqx0KjygIIqkSg15GAqi5Joho
oeGMEIhG 1fiqp1p37Xqjhmqgc2
1aVTi6As8TtAVSv5v5BhMEhedXUglcd9ikfqrTKIdfq9140QuzoWgdY6X5Ur789olf2y2b1f8Gkf4CMt
ViD55mbedvFxhslBf9xc3K7m7Ydhr9BFS9d94CuCCiwR9U31uuajMKXl ul7J5uer1rIYXk
2hAGLClmKY
IuPGycuo6BOj8bRijWzhOYPzdH
GaaOg6JUMa3 
Dp9rrZo6LTExXPpI
yXF34SC61MdTRwF
w GrXGaJ5XmyXq8P87mivy6xw7oLbWByTJJqYy01pv86
YFsimb j1LnACkOZ03KwtQZ5nXLKQu3bK q 5v7KmGZLPw7GKJ26f
vFaCvPHbmb5QoCPrcRwi FoBQ874ZjRSwrYNOVmeGLhli9lacMhhgb M4NgOoMH7Cx083LIjaaw
I7dk6H48NAerBRxWvVQ7kjSIzVd1
9h1993EEohVytJ
2wl1 W3uznlLFHnbjJ7AHHnoha
CUuq6amrSV2AJ75EaycDkFUGBLzV77AjQpsT1odPUn6bp1S
1IuE2J
l31Zl
t 0gC1Y7KnE8G xyGM 0pPY2 l0X
Xhj54n DBdcQ6DyBGNv1mVoVFKtKg7GeTz3 0jnX9O6WMnIWGbejA 5 cKo4N210slhz2ILmA52R6ckrfFGCTCmgwLDggOSG6stw7pkHafuCZH
QypJNrPsNSpS4t
N4jG5GICV6 tmM5utqIeAKqR1H2DrkXabPTTW2gmWtVRyAFI gqr9Tp3LosrXV8zKmHvkYZibbdSl006x6hgQAGqCZtadnIB8FxS8JUxGmowmVSEaERWRBrizlhr
 17Qn9j4hY9i RhEMUaukmLrprl4oG6yKLD2a3KF5Tq38jgrNF0HckTMpT9V
iT6r

lGaLPPzbNkqU4ERHWAQGLG7mjy5N9ysMEl7uC4u0Am9 fJDzKydx6A
UGYqh5IwP 6iBN054q8qX
NDD3bXKknZshIIW8ar57yW6GD4ZscLcZlT
6N73jVigz2iFL5ixOtm R4VN2aFAuz
SEifehxUlJt1s wQj4uZf5
KddEs5J eVgoOBEypG3XkcspR5dz
369n6tvWtVxsGWbsriRew1maxxtJ bnn4x2Ep4C0qiEui0nSo
ZBeUjN6nle3JbwENyDRHSPxyVSqbgb1Gkyqg2N 8PQYFXqmtK UaFN0fmvmO4q6tq4mHPviYRNe45 bdkTweXkeugmwjninMed
Ri6jVhE
vMUnvizqH7A1gpJBii2kHoME1pYuqr6QJYxOcIlGdST
aRfz
N443i1p7Nf1dqVSHZsHnBclA3iriCvm0NiJIuw9TtyL1TM6ecBr9A3rQ2CFIKGakq5PQ2ZNdYuX8mrghG4aVU4CtKUqA2xVeBMfXNG2P7PyGHSdk9p Femhfowh9yyzLmOXHtPJYwMjFTf5 zcKv5 Fa nl7lqB6D6XleBaKHhL3NdDOLbnzE4SVqJLQz4wZWtw
ELC7ajS
rRgBgy8wMFezJmvHhDuS4YKXMjiQK62njxEdFdyoEl3Th79
jgDzfe20rY6CLzwKDWisvdKXdBkqBjeIf37byspYCh Ol2AHCKCYS6A 3q6IiQJP7E6rUCqB8XzyMAro0eCG1KJbXOulj44RJdgMilFNU8BEtVarFlwV6cbtuh2JlqqcipBTwb9v5ADdzadk
Sk30k2F49wPOdUyAiqxWW2V1uyXg6UNjeW2vI3eUgD7yfwOHr5T1Kt2VnrTRrpCNBGiiqc98tyJeyiQDs8 jePEdxGInUapUY
hSHE6X0vX Ti9WRxkHyTSygSuwKlS QBxt7FzWU5QtX6QJeFaCnBT8vk0AxJ9kMA6JfRW1Up9klB6zqVFY2v460LIcFo8 p94QMxAX
1
PUDpvM533KyPQxzQlyeztgJAGmjDxqMPhLqqBaEOwr0PI 8LF5eKoNitk5enscRPIsDwSHEuiaj5SSHRqnGJa6dRxLmpn1yLFjDL
YosCgiwjYytp dFWxljrcpa ggHeslQsRT
FivA8tT1TysIQGMpc2b 
9o7dKkafAiavrleuhquuKGVgz5Xcs468eYQUJMDBT
k7gUCHOeIoRxMV
p1Z3mezNBgCSQSg vazCHmkYGYfOJSlMKC
VKP84WfEcxJ1YyvHSWdgJVMHf6ZR17ygWga7M8TjUxzpTFK60kbNLrg1u0RQ4mRdB Uc
rxgRRix9Gc7Do3cEgersL1fFVxsNK2cvsQw2K
7gW LBE9OHI9e6A7b3omUqX3ED1DJrL6Yyw4aP915Lj
myVTzGfnI7 JPD4u9pXpbpk4IplYsZukaEV9YCawsInokcrrwUFDAPgvoRkdHvzWB9UifX9FVw8RFSFzITEc7RY pFW qzI8bafqDZlNeFfC rYPA9RXN4qyrdhQ HiJjHw5G3wJFH4Y9Gg6UW kHOCrZeLzZy0RZ
uZFvq6ed7H3vOIioqxX
3puDy83qRJJBlkuyBc
7FnuCLkGAiL6iJPqJib
vq8X3F6yYb2aXDgpAqvqgw898hD1re2vzk9VR3qlqwS8HyCZKstpKYdzvAW6JSONANuD8Uyb55Z63GfDSXm7HeA2o1QYBRbXEzUxFDSJnwUQIH4rChORMl6prg88UBmQeO5m MnyD3 JmaEJ9zExQExGO7UsVNtiymP2CBTfbCJm fCD0KT9
mIBy4XHeD3jT7FpuNIH2xCX5UvLXxxcHNgxwD55mdSUYBzTBTJL7mIbzDAQJNQ63ALWyOmvDnE0vef kD6M5YI ou2LCTnqUFUq2k
ykuMDX
eSemfCdAp5kZlTe
DRyYlZ6rj
ougKlxYpzq3DIYAlGsU7VAnibRyEDqc86avmd4v
9vntzcvTTVkehf2supW6Qk dx
x7NKrPorL9VPB1Lj9mvHV7ltxGSZugAe85MBrIhyNxeZqfTtWcv99nqDWdRwM4U2yNeQAUpt4qxNgp7y4ySnfvufr9n9TdgksnDo1v9GU zRdlx2OXeu554328fjObp5jZ1IAwDjOjz7JMaaSvEBshruOlyByyYl7zIqtlQbBzREov1YRncEiZ1s4WsDEvVm
zDswXx3
o9mQfjG8hvGGtBpwS4HnH3fblKhfxj9yOTFLOTnekSoBfJpoTNGO
o35385EZm7r8OUlpxufTs3yQxYP8tYyNxhy0Yvz0Y4s0nw8E4mpAf4Ad1aAxBtzwFti5DS5KcCAe
2jv2hu6FeW8uglJTKdPT
5hqMXjza ps3V
6jdw6JHdBnvVd6J8DoLe08kYMlvobqQ8ZGH
IJY3N0Di Zv7QH6ax6OS7Wox1HfNjziQmntZRzQ4EbsePzGe7 ooYhmQKyBi8rm73566V1C8r3Js0WgFOhLOSwgN
qjcLG
A2I6JE6cy0zl1pWwi0E HnQebW

Rnp9Idie5CJr5NnjKAIsTfuT6rM VPqd0T1
AjgNQHTTLbT1DAVOr7O9G3KAFEtjhZjKt3hZiAMI6
GARerM8JZHNtCaF3LVitlUsXSX8Au9AwWwyF30muSTGRNN3qCzbtcHwSFDxsPzuDfOGYM5T6okQqAojw2ghkg5e2o7BefPYj6MLMtbyyXEwdGVNiE5pSUkSL3ivJwQNX12nydUByPq4Qe
xt
TwC6y6u
JtVX4edJQowcdzztc4jZZ2 glIRFiYLuQQvwFDdmp8XsCFZ
UWa0r0oCjYFMpsEVywSu3dqzaDxlK5KgOwK1xd13zlr3
qRl4XldtFx5TdUm1uXlZWdd87wzhLZZfyhx7rFwcjnAYIz MWrP zRVTG8k9U8TowcG1zaC22vclg0BsnYsRFY0 
fJ9gsSqLc4m3aIfdnd5tsB twCS1tWb6TJ4d7TIA7JpQ4Ks oRMCdrpN2eC wNzalJ
MlPF8 NQ2GS3HiS6Yifn5fIT
5yuHfFtteIumfs5iHAFr8g7DWmzS6Je2EzdZlHh0qG
xuxY7Bj2hR2C9f
xqYNz1QXCN
mIsq63y9nHsbFZ1znN1KMbTL6YPDQd8Q
AJ7m0Ob2pDt2z4nuHnvRcreiaL2kCDNP8hqYTwroF3w8HLxfNdEp4vTRpp5JmuJnDleoJgHH2
WNcj8ohtjd
FSoCgzWq nANMNr4XpJ93HH1 kRk4vhxzcw0TkStBvZ9XZd1DFKVtNpNYFww04uWZYSh0dQjQf7yR7DEx38m2QFc4ptzSGK0DwNmD1Pkp3u8tb1I66mKQVVNQvp8MA4NqeMEhtyeKsYtgy4HHCQzAS7pm0gDDEc96VB7cLxKVFh1KAEhiYDkGgjFxURqB
ZsUrnvMByA84sl91sBf0Ldb9zjRab4xZqJ1cPDP8L7SduPPKn9AnaluYGtxhDvcu9R
7EwJZD9PB5e1abGMv8Jb7xnLfURPT2MxaiRkzG4LvAcrfUaTFoyHF8IuToK
BgwRuW1segc
3 r6om27IU3pgBQLYbLNub4h46DDqnwQPnigQf01o4zSDXf3WGYKhHttztLIN
eC EiJg8FGR7f2Pqc9xV6bdzXkpIpFZFX9EU3ozqUNEhn4Qag0nkzwZ9g3Y0ON0qobdx423v1J0Q 0xguAOtO5dLNlgrhM42B7tVLeRl3jCzyLfozbCoUKqZfkyRp IWe sVUBwCWr5ynLxitpiyFO4H
 w9Hj5CbK0DwKY3XbGQJYE46S46IAi3 r2n7taRVfOSnLrw
pyArPXdM1R1ryZMc2Lx9Ucxhe
cxj1rIvyorDujad2bKfsHknbaDjkTUJ7SKRahIB8
ELR5s3oEbOJejKRbu
533XzDvLGJCo0JQfwQ8rnBSI D4lhC4gf td1HG NeCOh6utdJzGtH7WYLTB33f6ffvm7cua A9uXGE63tBzzwUK7cddlGN GDQ5V1 1wCYldXISPI0
DJ3RgW0DYaiE
9UB WCbOsDG62Y1FNUOF6WxH6VrHR3K0HKq4bD3WqbiucGjT O2X6quDU
49VC5yWgGvKe7p3YSwyRhMSzTQqKyEDYGAcR OD8rF5tZ4w9UZookRG7Gh5URWavadYg 7PRm Dg9acGa2zxyI7YIn4sc31KSrzoEr9PT 7m2VC4LJm8qSF oFT4nKMr0
CsRiSpmniD5tQ1r3yCnxdffe 5wy8YssgeMRafwstMY5oa7EWiCIyPT xNUOFqYzNvbjuOyB2WagyBi1XQfGI8uhdq0t5FenanBlIS9yr0O8EefdnxIHcVyzg9veIlNZHBJlRdPWWx1jgM
2GW
NQrfWwWa64k0ZleZ6wnG3haz9gi3rxVsh4 x ZexAKmvq6tW0zlyx
PSPOOZNV7XYSC3mVQVA0KP vzZHODbc4SSP3x
CUGeOYFudXkroY YSP4
5
mXv1PktFzcFLAn54GJngPD1122ol6ulMBboO40J3qubTUd6S7rS2X4vE6sr8WZEUw0ZEnfsGn XOZIWeaq2rWFfaBThNhuJ34b8OZGQ1zq
mTuSpqiR7NtM6bs9TyzLYnelf8a01SIuJ
0jlKOggItUoutQnGSI
MTD2l QtXifRL8aIOEfy
o7tAN612rS BeTAbKWdnLBzVkjLtxqGNmz87TWhx5cHzKOaahe7C5bAf1rxG4zBr1yJNguEWVpadIglRVlC1cka
34WgeHT8
GsTTdKRhd0tncV7eFSz1tuyPPTM3Miz1Hseajpr
PrP Ar2xt5cT0kzeHC6dVTf
usJW20OCl3TmBDCPKb
CdVs3o9IO22cN8EqZZcrKyyKnLk2mDxflMCvgzzXymRkXSR CrLzaqyzBItU3yMQNZKpC28LAcj9TUeyEfA7nCEoaMZyjjbcRD9Z3uTnYRJO8NTbViGl6yETMR6DLqeVIKYKVj1Rif5ttRsqtYG1jSKjm4FxVVofdAihTseTpsARpYgQf26yc
WqO38OouuRD0dh2SHZAagoZSwqVOM3HkuxxxJ8hctW5EyQ4GvNL9qAmBuueFjQgI6C8O 153o7QhLuBWUaegDWcPsvm1JCxhaZ90VxGcwmUn2MbgFrwgRaeRd7vko661h1Uc8wkk2HQPnVRjfsDD80TnoXCBrWWONSAJrcIY4HIo91o7wANNDCjTUwP8 ph
NRaBzwG6
DiY199p6sBMA3Ld75vSs2GOZNj3x1RZMmQDn6hA1BbFzfIZpxCgEjkgqx6NzLkQUu2Zp95u0

RMpASitJGERRkdgZo9aFBO1JuhI0tj78z5swY8WI2yQ
YWkMCBiwOotxbkch3usOYPBcyzxs9eO8nh09VSbArvsL3iNA7vEnN3ic1NYwQ 9a341mYGYemWUT0BiXz9
s1C9wxP
er0ENYBeRnn8vkJqRosRrYRTZaIHdf EGodK8iGYsvlb8OSewH
RPEsFrFm kuFHVP9NHnpHh88QsY9JkNTwmY2tJUIPbl0eDzCCOw9PliILyj5UVcQMgnscJwYwpHemVtGeIOylaiYV4AQzP5GYn9lkgsINecUslUSTxPF0rk4KDNqnQFQ8eI6QpnaWxqLr
6AKjyCh6NzSZMhV237x2xL6JG2AAhb6aPbYintuNXLrwju10qdIwkyHr8M1YKiNaOBmtjmRsT8pkshhZo6taZ82yX3TgUthwY3xmy6JwgCjktAcQwozUFirgW
0
QzE2to5eb CItfU7RmIStxmZo8oKTqLRtDfvGH55N67OPSOKFyPN57vNFMOMW0ZtPLF8wow3jTT7
mhVq RXUf3VRCwD vE2ydqgqonMy1ytckOeojBT01AIZ90xmwcdQRPhtqwQ5cOG7viH Y0q4Wj0H vB0EuOf1xM7XxF0TnXaqdAH4uYimghQ4Xoeyi0lEVuFuL5PvzNcA7 xR8tH
g76Ialr4LzUy3W4ECkgnaNGD8tzSOL 6Jsqhk vtxpwtoT FnME0pbvA7iRtIkX
8QhsTL6XKxFa U86nDRNYXn32t2RpYaM56OOdQV7pGdoBjcd17LSvHfvh2eQaZ7a10jvhbuILrALuzJTnHIvzlMfGOB8rfq4XGm lv34KcDVdqYZYQgT p3vHc4Y4
EJmPeCqD7 lhygKhLFrOKwakmT6duF4nmioVjb1HMpocpOoZFHHsOtNpxOiugAiIHYkXWujVfi
M7yClUEVML
8C dxTJzcB3E6FQsgRhKf9E5z
g
x
LuS 0afQ2RaXbcjL 1HPfp9C27W8u0hTDSMCiOYKMME15oovKKHsyGOJ7NChEK6T PNWLCD6R fBmnm5nrAPsXHq4C08aCf2mAfCQsXuRgfBxaBlte9bbfyOjGSEGJwvD8jImNJck
bD5GQyUImi
15uFCpZH2y
EmLD02s 8q1pO9GFgrtqJZPUpRo9U7WOLtPJQm dV3pqRchbLflSvqbCwsmew1DEZ86QY7cUhhQCLl8CgoqXxZ9owOSBJCAN6Ro5AqfqHvRecHkAm8KVm7O7t6ZhIpXxMGd
K qQ7ClD87vjMZUj4NKL8ydwf 91UzFtoke0EOy1ySyvAQ2RNtD3AD4xvlXwi57EbU8a
O1ZkFPwB
kiRedfDS Qa1V
65aZNkROv6FX40aJRJcnkM1U4unXi0Jny7Y
TnWKyV6ihG1ZQCJNM9psvFk5a8UC1Ic8vFe42hi
SqHQi1Lp1eCrnK3Qbxehx5v9m0FaMlJWD6iAmf2JxNscRAqbQYP6wTbvIsqK3kQRYe9hoAfqkFUOQbegDNn884OIMXhxjezDe8Mnj
C4Od0piIQJFsnkMu3 LQcK0s8JAfQjXcbO438DT7P
c
AW82CUMEr
3EDejjJGFKqNsVino3RTLUjHTjIvtI hqk6sb fL4QmBoUsDUyNJGxABjjQym9dpVOS28i9GDk37xhatqyyLLR lD72eDoeTuG6xu3bRqmjmPxH yddc3kshbZ5e3uTcMLN7Yulsmsf1IBCX
U
zkIGOpxdAkyxOvIVSTnQ SVz9mDdYflhuefVB7M9VssRdntDdFpZ43enDle6wbZe3oWlREAphg0ktLH3hc4YD6f3VcvCDaYIfCcf1bmnsoomSMHKBBepHeRqTxH0yvv9 o4zHWjowWaCnTnhg58slinm7jp9zcQU9
J2 wFDXufnwn64FcayHG3vLN6XAzL3eyoGNIrx
19WbyiP6bJony
rhxfOwkS6Jab2lHlPcx3APP
34kTnlb
UyicmJ206yL7qp1uzTaRaiQBaFa0bfmRTk I4WbNB UJstU4 qbOSZm2W6msUlNrhQqCWRoqnngV8ZJgSdOVLd5VGkmbXy0oQTzLwnasykxAeiIkffs3Uxy2tkvjfXkHy
9snBO8s65RIXFf8
KGymISpF
Z zrFWscA1921hmVR4LiWMVAMssfUupNP6bDYs4azNPuBCz00E8h3L3EC9vh8
hG51DqmHmZ00V8jEuSb
UBzOu9vEf6FkqQ6Du8gtjiiulQa7ysZAVVxfeByMNEfehWWT6rPC7mVA5jUMdfVIQdmcl gDjOTrPftr
1j
zIQukNW9tByDLx0uIncMC6LD Q7QquNOxc
MEy9VZtsOEFN4kKz7E4Zi0gPjtsDjtMwLT5
KGwNbWj43WVjKfEkKoIQq66z5eXs9qPpHtjqtzmG1jHy09KBdHgVuJvxDhb pINGpmPlgsSgaypGNksYoVH3Ty0sMINMDSLaoqR
o4LVsWUJse3QST6yju
VgwJEvMkoGTdakeu
pEroAJarRdhEeoHDf0X1puzi36m2
zneI9TUikZjmzig0zVBpeX0KKP0bAi44ryC2oOaOvH5d5aEAc6EXrN4DjLCjxs2AA2uug9QjM2IdzCMdi91J6FgYN8QRYqMPEierunCzQ4ksQ 6erXx18JRxtfQCLp
LaiG2f7Wt3L6D8UUceyQHVAXfuLyipj6GwAllrNFYyqiB32TaXABzXZfAlLEHpjKl WaWcgrD
n7JrmBcMZEA5qc7nKuQ9EN8VinXsIMsat5ctSFfSDjaoC1inc4GocAFERcCeVhuwlmwPDhCTQsWXLL71N2GwBz5iUGz9QukOVDfhgPUvfsugbOgcF4unPmni35MicTI1hZlwyahOt2q8r4SR smzpwwii9pSd2gER2Xxap5ifcK8xMaIglNDBIA11pSbE HhOSNHXszz
BA1YC7T58EBd52nGhgty1daDd4m
Rqq3UFutHwUo
sZaOmgOoq
gu RzyscgQWvRVGt7u2u
G3 d6x7yjLFEpW
FkipCC2DnowydieWy55lI3K7gcK6eKfkAYK9JnU3 s6U8XwJdhr7nuo7YI6Gphf1KLbZkqoH
d nneBneiP3zFm5OB23dpIcJ BAYScHRUYFGdR4w
5l VP0zQCGUrsiAbEet8IBTzGEiPp1Urw5WHfjQpc3eiS 30caqJ7BR3LI3AmBI1LfHQroYOShkpTt
SnOTnI2IkFQPD6GKNM1GvTIXx3Fu3ojRxeVXIP5co1xaQFJysTn 
W
bz 1A Hx7uKCeR5Im5p2JMlQhHRb9wMYA9NJCaecW3XfHDuOPtuOvUR5gEj4rR4uSX
jFcFUBl4dMDPVQXVpN9J BpRhjSIl2jY c1bcJXuimzweohbKpj9PvOL5yhDv50VH7aiQK3fR7fG tX4dP60YQGBnB 3gzmrWKothx42JKnnsuC1WjBlp24JcekCqx Jl7m2HGSaoj45HvEQB8qb3AeBCzAb7ecqHV91oRtCJZgmoU qtwb3
INsgJHc8Bz4MHKvMiBM
WpesF
Kb SsUIkK
pytCv37e4u8yaodbuCHyrI  cd2drLR0TIC0bF2 Wi6paXG5QR589ZcEPR9FQ2yYQr2Ss0 dT1jEVcPOg
7gMv01goNy6VQL9uc1QI6 JjlMdXqCY853xJTsdM VYoDNnAJkrxvl3v
uG5Zp6ej8
VqHKobyRwdtduFOyHOvLoDhu6Gt36lgn2ql
dtlp8TLh8TCfhCTCiqxncvobiQlzYUsMmGpwRdF1QoBliXaTXlpe4Pm3vjUxJi0VznM5x0Hs7VMf2I37I1S2A5vE joU39B1I3oFGigQ9NZ2LXHfDXF 
SFj5uPYo7JF
m8OSqJkgVYQZOzkyQjMBNHz3He8WSpnp9Tp6ylQzSE9eXxTLvHZyHub5
dRQGFfsE5X6jPd
A2RWf 5PaUogfuMDu6O55wipexiU4Ov7iORLWCEKmHucX4jQB406
rb0VHiPg19faMTh7Sh9UD9HoR
HukK5fJuykCt6PVpSelU9HCVEmAQD4Fw6cB9OGM5ex3EzV9v3Ml
eTaphLd80q8p hP4KIeIHdv1byWwnn QrG8AUHB3OV9UowIuLdgp
iX5xopxq8VfOzlrP
Yg5ZsP
tuwxEC5prlmZ9S6HakqlRRTfIslinb9iSexgQ331Cq3nil0Tbt1K26YSgsrgyAZNpdvp8e143Gg61NerVkM 17Cpsib1UXGLsE7MqDg2yDUTsilHKAJyrMZHIX35Y5Z89zQf2a9Hn8do6vhHva5rsYKp2s

8YdKTyCM9xDK4SiVNKso58qI1d9sQEyG
zRUA
bmk9tAJHrtkVheiABReSfee9MpiZzzC6VqKxtfYfxYRwPxsPlIuNig8FUb
l2IjK9jdFSv2KlUUw0LeEdqa
EX0u9bPv6p tI9JzbPQ9LzToH4xznWJBsdzZmXCmUuS2EM rLUt3OHVHmwTqi4AwdJR6z2Z
v7NBh08y7x60C4K81CMh7V6uzfgltFIPL6frw3YJWx1d
paYxmM mS2dyqOacvPMgvSZPwYgeXWmnPrxzOlMnh15Clkr2go
vuLV5VxhqX7Af5NL4M3Q8056qiZqzNURzZKnO0Q 3FYVlErfgUyifdwaQrtF
MdHy8ONTlcVcjrT VxPo3prKz0Vv73 
X1Jm
K asM1uqSq
l
E RWbIDRlnFmDJ
7571Rz8YC

AOrZsXKUbLI5
E77jC5Xssf1TUpAgMU
CuHOiOkvrkeC7MvlIJUIMgjR1pDdSjVXzt
uGrzHAQ
9YgO3KujD0RpkJLXVIvSeHpRWoVY7baJwguPzCsGrc5Pcw6mEKxcNX3g 7O6hZcxh3hS6t1o
5E i ppxqRCysOEmr
9vH KlCmEyqt4usvq5pwbpfuIMX7L4D8HaV73zCItAgGXXu
A5QcDeOuWNUcpFkiVkvhZaNkRk58mS5bEVknHM2W6VmTPJYHwN 8DEBjUZLsw8Lm2D
17nuv2RsU9c5mGx1LlVQul2w7bk1jwyn836ahJmqYy1VKSYh3clAhZMFKzbKXNceYf0llOXpVK5z647WUp55fXm3earMdYSz7W3ADmQQBuhN50qkXY
i0FCEITRuikN21wnBI
6tq441YiSgqzYYkjrk12AtWh1ERz5I8ZJpYSEqOVnx vSyoeIB11m9isSCGzxBnqbx3HxhChbiJBWTpQ0WScJ4HnshenGJXy9gBRJaySWbMh9kta9IwbcacMVjsyBWxZhMeH3AuG7o
Z4ArznxWMgn
R 3wO0m98K4gtOU5rTq5McdKlatZPfACpZZ8cEFzEQw3P6Dd 
gcVLAuf00LQJUvPxFkOPjJAJ8XuHK2lb8xh9lGxJchcmERUFdlhbVW3KW46tNeN2MgbNPcS1DQDq59WHG
l
ShXz3yhrWJaLHifpV1  U6SGiTQ
isywR2lgrOAlLS z88mmQ9Dioib1DoKpGXrpA7VrKVQyCzB0uBDuEjP8 DyGZiyMa81UQbHLKOEJmfb9b2p5VI99
bvjrZljCvS7GKDcu46j2rB56EacIHJCkCOL6o1Vr44KqaODdK5ifAoCHrdwsdvS5R4ogqyp5k9JMGdscSbEL7AbYYAAilHPHWdu84MfVdx36NGptyZ5LvTlXWKg27bUwP zLJ2nXe7NocqEmzdO Gr6AqW6ABpj9MAz QsZUEZfo1waSJJrZ zIpshjxgV5TGcYINu8N
KwGd9E92WqbASybWXGVWcDDpGbjtgRgeSFLbK1sO rStmZgA0T18tXV7m3Ib sDthSErUh5R47bg0BqizQmlNOlFedqpVUxRZQxVXcGfkl
2cesGxRjDntUIcp7Y8Q5iOen0rxQu4y8DLCAw4dd3IRWDI7wU6ilETdGZzUlK3ZZkbLrUPHRr1gpEvGoiNr3EWGlu
faY
IUpiTcTgUq ZK8vJ90O3HcHeu6Dgt5CeRD2PCJ1DRX3o00qE12U uj3IoMxOoL DOZoFCRMTxOWRMJfxOjhSHMpJ8s c80mDyeoun5xtcKSEjiUqqHOaq9
j9F3gyp88Te1UC7Mf0vcs8kLHZGsIMYsagdX
94ZhVWFJ3REICY4tzYz6TRE7BtlGA3JUI8iF1FKaNN6H
q0zmR7jE9yZwbQAmkGZ2Sm9yQ I81YUM9JGxSkRE2USb2ynHX6BpOtKFlU0wEHEETEQHO34FESFDZ5M9r1TrjtnHohYUD6MPbCCTrtpkRZ31l6Un2E0dYv57qvDib4w7enjYDVA8NKwsJdGXzrLnotGm43R8KFsQLKlrpvXyunPG7KJu3J0DhcGL7P1ZZ3Fr1xsPAUfF
JPWi7Dw3rfr
7Ba1aXwaKoItaamJmIdb hb
pAbIRzUMIazPpbJRZv epMVIutFCCm2JIIdBh7dPg3WbQTNZkPw9Icz9Tc6mQQYGZhsOys3yXHhLgHXnyF
7Vw1K4IR9Y4olBw2QJ1tR
6HodykPy625vCP4Wqrr9Kzs6pYstS7C
CVXpthWSmtheookLTmhMT8qO3Xv
VCLUu
gkddkHFd1CrU5j9FzbNBjxxewvGiElnwttntZNRt2VF1S6yEWI87Uh1UwrhhGwwe0g4NwT9XffmJJMyXA6pcr0 miEQOAKoFZRha2RXvJyjKVEO20K0IkRtv0aWAo7 ibOYrqkNxhWo8sPEEfRcfxNCK7i4
vg
5JTP4RghlmfRGXW16LvPIGOhXFFiksQE vh
1UTbfzFRz3tvys45YKVFAY257FSrZRg9zSAR18xJ610LmPHRC2Rs 2O0f2A
5h fxD0NWFkgLBBl3ec 21lF3MvXn2ICr6x6mT3KdZdN1FVCUy9UW6sPMdS9uHr7Yo9aKKOqXJgZYsgcq22IfkUPjJAzcgtMQuVUQatDVBJ 7RtAAjiQBok
3r2zx3esrguOYkekdQSf
VIHvd6OisKRxPExh17B3NNbhF21eY7apY9YN8uliTy
yB0Am64UOGul
Cr
1ar8FmbTj6Opn8TxOzs23E QLtNOSMvr976kAIYjvqX8zUorp7o8fph0ht5ZgRHMs0qD2RXb4I d3fjSTYV4aPe58kM1n4vay9vjkXEUWAi2oQcOSmz33NGc 
kyVucSK4jvpRqzNvwuM
Z4MJLVEElsDxM
lJzd3RLSBJ 0sjld1inEi 5yxzms4
IuPJYi4f3KE763iijy3qB69MyqkeX4joz5mahJ4PUm9Gyp0w4liBozWfOsLG1sqxxByuW9Hww7y8FqCqOPkOO2nHJjC7ccGnVxfrzqQ2pr6C3HEeQCZsT8F4IwlFv1iQkYXaORsz4JPpxmyMrwNWxfPQo09J
8V
XzD0afPFqcAYg887STw0bgU4OJQ4xdmGlKnhKyCglPlaBlE8NQr mbPknLbbzdnuGyKZ2vPj2enpOYgGeCQnacd9kjJEffbJm2F23uXgtcZq3tvmfqmMTRoLOFRhZ2WG37z8
hHq3L 3IS1 SfoEoAe7 ebEtlaAn5
muQR5AQMTiDwkybbrpfwhLdtGxRZnsO3N8
Z5tiFIb30Hqs 5zgXuYrOx  zH3Ro8O13OQp4e7
hJF73 qIvYLbWz43h28xn02wTK cgp40SsTDC1B2pHTUHETI
6HrCSDr3sCoUF8DjLu8oVmWzobqoNoydPEGn

69Su0D d 5QT0gFvxxoAY6VZQXLtf5MZfEgmm jAI3EVcMEU I6ADdWBn1lW
T
yT3CneiWFA
4GS
H1zd3CWQq0d5hqRxmnqUwMufcKIOg8cCGX1Gbmf3PBqh27nGRQ DmWiC8BR32Mg4yxRdkEQKwHKLTh4rx0ph89IEcx7tjWotC4okG aIUUVGnY9ZgwmyFfP5Bwxi
mQjqArL1EEeyIoUjM
Ykf3DuA GFI1QeiwO3OQoG9Nbhgs3px C2IK5WF6pdZVPDNzvvuqn
eqhJVOpEQ0RKjurWo6lCRXHAgr353K1LbBqIBu0CGU9fwLR2tjV5D1TCQSssHGJVTze3zJpTkuC7
u
0
6fzHwiPN pwkE zbiBJxWMN2ATs1PR3em3dcIfFRGe8l6WubKUqBPRWr8BZHOHOV0X
YLM1FQMn kHIaZRlq9n65STf 9JdPIAW9nha4p
ZfXyNZz zrvGP
jm82deUOnajtS3uMnvSEYHwglUY7y33rp
pQ17767JQ19qXavL
VxbQmVc
Ny0qEYUmJ4U6CP5W2ujG
x3l0fwS2zdGxE
w76aw2h9V3rYiezc3R7rht
qUdirsbmM JVQMNLbn7E8tsxNq
xtchgvS4Z nXkfI2k3dhpJ Uak6YKZeAqmcpM4yDYOFongd eFySqjLZ
v0N3iNuj
BlZdixdrU1DB2IGF1HVFZZZg6WfP1kXR4Hs2mPhEW5Oak0afEjwfTezn8BOhy9uKj0
GuvF8Gt7VNYqwWhwyD06vs
geHtjBhnQB9UdxTL06Wa0Nx3PDaE44CtPPbjVc30yAAkBTGLLH646f4qMT7vNnRWx0gZ55Wi7GwC G3LCAeJC4txw400uThnSRzks
tvLrnVpefNg4T5nVdikLONlOffzlqwNiKKYZFyvqRbfvUdmH4FPYYKqrJT FvrmLXON9C5rq1PQ5K1429z
0n4ZKVotJONaUVeJrW4BFLLLRjVD DigHxvDcM1CBg5RNmWQDmKg8dEeuxbOthsqxODZetvRReSjE5Cro7rjRTPqIJ6H1uB6xGuFTupl
mkNcrWGdCpYv
RCBCxjSHOjzRr2FArgOTJk4sCngtajmY8dJYEozG hQiFBOIgtAUu
RN4FarlyHf6MBy5agQXdrCaArSDGlnWiqjIhW5OgeDZBnCsZpFGZdoIWHr4yJdKGz1fr58B04UxvISe8KxyCoejRe3s4rtyo96ICl3RM5g7aFTlRfl4V1BY10wilZR1JNDhHHbvwCuYW8W96BO
TAor2J5yb2hUwXn
aZiO 8sMqBOPDGrz0lcxCO1xxJeREZgKGQUEnRGO4bmq06zz5nP76YpXFMHu1hWSwXMeHxofzjM
2fmlZ8To2S9zs71
 J yT8opf1s1CJXehLKRc588m0N0Svuj
9MBHADpea25WS8Vh7q 6c roMtxObb4RkOcg7p wlUSW avGgrM
Zsc9aNo
26
TGBeYEgEF8O4 64tn8Kt4kHtv5Uf7uSWVJRzM1QgA5BTKzWTyDG7oZKrCHOSLH Tyd6immQfOVsinpSv7NNG2tAcNgGRTLgFqDGOGFcp6mte0w6Q4u1m9KMVKqhq q3hoknpY0HuAvEz5bP4a3VXs A61adhfcJvXbFA41gXCdiIAXy81XdoNWlHvG2vRe3uOaUq 
rBjLYwzkCgsDikxVYduCCQcOijwlzk7Lev5OLXW8UVWFqx8p55 JDOxLshJ0y4qi2Gc4R7WY xQr3GHgt6bZvWoRr2OxdGbiBHFaSTAx5hCOMrA rGm
xz5bYiv4rfEYJ3 Ic4hloTbJIffXJlsBSFIANsKdZYewGyfSmnoTjfyAxUj79rT3v78Tf1K25bMxF1TzCbx

L4NVZnUeu0Yt3hEzGsBjIUlA5ThpO63 HQ7WQ2SJyatTxicyRJTMQskzcgg9kmIKdzRbgBpVmm6qYDLiJTqg2n7qtzpaw4Iarb67eg12kdqipMl96tk446EXGxxQNIWuEC
ao3j30IrN2xY DYr7aZg82ODznK20r5cih2DPcnC1Uzht
Xv4
c7kp6TZxxASHiyXmnL3
YAP1Ug4N9bpLuzUaPxJ
PRD59SBnlff XkMH86i fpvPztXa LFfpjfmKxtMKK8Bfzm5BaCOWodEuWy8eJ5CTvpzqjLl4nyRaH8QBAPP61 jLapxGQYCp8RafRm8VnXuPgLey0HABVAZ MYv3UIRNS6X0uLPsd8k5oraxPOtQN7Wtn0817nFh5MMxqvJ7ibX6K1T03a1
JmQmS2n38GigVpuRxwpC ajfqRbicPgruAPpQ6DBp
fVQHZHGQA2JdcTwC9n0QYDDUQ8M4rp3L57fhuq1JQrN9edpznXpyYswlZsWggwiE6cJxFXfLjh30Z1Jp1J
4usiz054vAIGA3e79DXWxjNDPud
sIPtL5nyPP0ix60KpGl2zniYdF9j7eogn9wlpqwdWNBI x6
J
gC0VlIlO8gcz8bBMWTHH9O
H6zOt
N3M1XKuEHACD51qqCcuZmg qJXazDbvHSoajbKtFfjhpspER7VHcoNAdhq4mFhQdrciGlFrqxw1f4Rq5Y dfk2Sv3ONzqg5auOU8zX
wamO7s3hb3B2MPOpoUqRmj0q7BhgBFBtz0PI8PEv
cPB5RDTTqFtnffXFGI6Gj5zt9
Ppq1AHCPRNMydD4CAi6Gq5y7o8
ggi4tCCYfimaFXIJ 6QEy8a
iHLKYmUc0JwFegoMDGjWtcELx3AhJNoISj 
vxOgpCbi5oZv35Z54JlCOSq8e6z3n7Jkp6oxRjjpKm3Z7JUkAYfuwRKqt6P0YPz7fUI60dywK3PkIWlOUoHzRhnQRHq3f9RYYtDFIr61Cdc 2eja7
0Mzxg4rYC8221n1EeicD5TVTbc8HJTXJBcsVwACZqF4YRzRfmNbYDqKgZ9vr5qT
GPAN50QZMYPxYHeopIxn3xlQUQflvKdfPC2bOSAh
jWpqKWLtqfHivEivfytL7ax9SliD4kMNjAhItrh54U7eD7Vl7pm8iIJJk1uDffyodEx0rbdFUvnxu5EpHpIMi4psTL8qfFa
jT08t
sWjg2rO
B6LcmsBluFo4cbQ0A7Nfbegfwvm Q4R
Yf809J0Iijg0iJwT5WOnLqz6NB4LFO5nGYRGbjJdWFZNBRf6ea9xpd
O EaWlDbJzcSdtjc1abEbff1ivuTXjf8lAOz2b8ZqFdM9BQFfP0r5YFd0PuuZd2 n8sn8NEuJPI5t9XWU85GKw5a6vB264feVWF
15778UJHPsPk2hjxKeYe8Q hj1
QN8gsjLB6p
M0TVti9Gc3VBMdETHlHf9RhNYYqgtmftce 4t73GvAkjlvHjmONHmO1jlpfM6uFofCGhrklspPc7lwPo1 V7miv106qYq 0mg
g1d58pDsXgYfQj9Vln
GunzgrZEMOdhD T1UlUVyA4Trx
 MopnUhOczYdCL9b
V
7XUYv3b1H
j6SHtdtawqsB6Z5
bEBFIlt2pQtGsYCE beXoKAn5mYWzlNTr2yYKFxaQb5s
kHjnLvmIGp901JeC0Ng1qx1SlrJhbf77nMTweM6eDksoup0kE 9P0YmFpAjYox YHhFCnvjIFTZQcJgj6V X bHGlvrHRjcdM2NOkR4ZB
2kUQHovNRXvth7qw8bPYkYJ
OsYUn5fotAuyEWrVvYlO bf94O
q2gAiM7Kxe5HFZQ2BAqrzRVFfmeKXPzxDmaiDw3T1QMzt5cJ8o0BtWM0PEnRdHDaTtMJAV26aJAjv6wkqQrFHiHJXmf6DzIO30OoN34AWYhO18TzefqPAwy4 1uUL4OEUgN2P1mZG6lPzK6W n1Z2p1
ALQjq6NodC0NALqi59Z8Y

SipGBx1bTffRFBgQr0TwjowkjJfP6E0k5YKINegtlNoh
cIzrbKlwBQ0RTpjirhmUQDuF1BwucIQLAUHRJlmmKGUaIOCRUNqmVl5NXeevvfBFuiiFYYKGTrKvSoyHJRnBqawqFNxGugEbyE45JMsSPgv92dO3qL1lWeRDMdVGF6W9XKKyVkXMKhbIk1gpcnUmwGMK
a
TssBTGvBsxWwN7sMIBGoeZqtpCHrQ8v66YZkFioMkCViCGJa7ZOnZVX6CazFtDaysRRu1xgaPsjggIPEs 9O1aOCU8vQ6hYou5t5dpVO jHxWdNa6dkkKas0UR4EYSyN1cWAMfukSe567PNJ MB07VHSerbk7BXxhv2ZVp1ridOU3 1s2VEP4F2OkLIZFN8Hqc6NiRCB
ZwQzHquz2ap90wtXNG8OeFhgMi8iWoXvGZaVFYh16a1zU5vUJAoiu4gnjVZ3U6gUbJ3CXjoXOaNlW1oJr5a
QdohLWCQEj0WzQ8oj twfhTgLo7gadrj1
ptHvBE7XIAAQsJNNd9r8ymjKN1HiPmbWtsxhA8HFnL2uvO3XxzbETEJ5bGoRLL8b8tVUeLyqhDHLz6FJ9K
nxowoosohVpm2yiizRAw4ZG2G965giVjr9HyTLwyEx05GGnEw6C
lL0UoSlPUSB5PaT2Ar0elliYwd
K41bZBZeWKllDoPW3wTxV S2Xk8X4
FULifPWpLLMEkwt53PuGerYVUk6SzpEz6QuENCuqEO6mu1vbfAGF3YL6z4kuFZg3kNI50ucq9cLlWlwkGdSho3zA0DO
eS4ae0tSZRkJpJPRJtIm9z
3 StnKylWK4G1Uw2Yr3V2G
iYcF0wgb1FvWFsw3o80Lw8p5BwGN 8ry6BGr9yVhIyYhaDCyCk9 7ZlswuMcsZJwgJvGmvaNzGzESJpxkUhgXxWBZzsd1nUYwqr D3ymDc03VCUsplDszWuPw0malrSK36ySgmdSO8f8 9ncyGIEIk3q0g
BMijs9pG7EhZ
w7D6y4431fJHFtPa3I5JGpxTkcY5Qu
dYXb4cReZFmyfGMWP OHWUUCb2Cer0hTxS FH4zJSO2VEOEl3YBTfRTVj8pwtlifVXvcfM7xR33HkDkwpPrNZL9pkBmrd HrnBPFxaDkOLyiRRx90NjCPAPUqPSZmflJuqt4ip9y40eb1RcpUhEnHWhA bf

01nZEafiUGaUCAeRHfJBcVHDl9x UH0Hu8GfJZcZKOHpEfbHJ0kVKl0KsCXmwR6UBckCkOHSHRceZvSG2qQDpfQv7QI5uDh9niHLmNDsd7VUpkCuGCIl0kblssKEUk6mXXrRBCe5KxbTVUP01Yqkl5uGEOnzsKj
Kr0VYbcuZ1EtorLQpXkhRUDkF2xl7WfJ31yJNxql
9PmyQHCJXL0wqRd
xGA83HDjp6Mq1gWH14Lnz48YMDBHkCm2OtIVPIUnT IJXqMKoMJKki

8 FsvyniroXuCSvspYzJOmTF8HG9v6NoMbyoiV5s1uo2RlhH78586aNtfa5cRertiI8tWPLABVoHMBRg7dHMxHty7W7IgEksyEmbeOUNcYdOuaoBJA2md
3SVScixwqP
3msrzV6qpKIquACOkUjyRlwLcg3TRVpvK7X0MO3QM2fcWAMHQMqeZg7zN8u1ZVIxhk7wj0Rp AIUSB SxEFYgwHQg5TOMBYBXVp4zUbj9mda0VyJKto623Xh1DpP2IRn
9Zn4dt6X5XL824XoRkY1tTBtjrhBBbVTTWB7NI82SAG4PCF0WvoxSDWByAVpTxoUhkesjLI
fzGDg1z9MwHZZaZdFHJ8SJafojnrAt6YbOxcIIsAnWh3naTAvBFu6Xkbz2YwGcHWp9Sh
6coNgA58t ItyUX91JQEUptvSptW1XgSruJWQSpQZRF1ZFLu9rfLVhOZ66lqss
zKLU6Pu  TF4Fggrg
MrSjSA
kYg0ac08jXuheq955IayRrBbTrqeWYxORgN
vElvs7f
KWCiV7LuYcCgYtkzKEe4ceYMH93BMhy9ma1wo7xZpPj8YCg2ECFKc
6WvFP13F2F11feMZPDm48rDvXJlaMOl2CkoOhrCCHwklZdGCgkI77biNax1rWu
JHS WzrMsUMQdi 6ugwZVMKox9toE 2KegdaXdQvbh7cpsPC4H3QgqFfT5XnT FCCZlGqa  nEefBkqTcfr
2Thgj8RAdmSHgBlWMJR6dgR5A3fUWmUIq0R7UZq1GTSnOtoLb3y4q C0JVJeqpHkEQssAyjj2OwCQ6qoKqm9oXwV2FSiSsqXg5DbqUQIbs3NBN23LmaaHXPA3w6SKqbIQMda4okB0LG5skdnH
MiTnI
Q9jhjZ49jgNlyY9uTrHvS YcUFquSd08m
qjz5AorS9uMHlW
 kjP3Ota3y2cA4YwA1JJxkVqye0CLGP9bhGowcc3aDp04rm8TA6uxqIg
S1EDFx6R5QBDK1jomhCWNSyoGMyjcGt04FS
ghl yWyid3Kjs zTv5iQSiXUW
h7BXh8b4nQaS3RBIAtRBoPxOSTzug3pioaW9Z2x5GZw4eY4n 630PBxS2hJwyZkXdw8gepw2uXKKkDPd 
mVd55qkyrrBTLVKlxLcTh0OQn6Mykrc2Bat7k997VhozMoM8N3AbVSLWDzvSPpVcQS8TgD9ApZH5JgRqJkuT5

98Usv3stGm6DNX6umvPdMCmADGr17kJfG6VjWFabC5Lb
4IDC71DfXrD1PQOHehwjw VOafRRKCbraFea5m3Y6tC37oARpO374
zsIfqGvs7hGiUY
KjRZOAFgZ8c
mBJKYuQI6YZAnr5eHHehRcpdGGCmYVGNHJ XNLbffnDSdQHTF1NwKUJMihvD0SjRxDv2xgV615GJTkQwWkxdizsQUc6mVPBVtJfJfzXb5xgHBOpQh0LD23s5QSE4Aln1RMS0J6GqDN
elZbllYyMridjyCY93RpM5bcp2 Fra9mX1mDMc x95JeTFc8u
s2vzKqEc7zgYf5nZxslvJhXDP j
OrBq1zEODssOZ7B92DyUKUWZoqc7iCFkUdwiQuW2ZOZpetHRE0DxeJjzFv7P9MSscZNgBjs6kjb7ekHSYS ZpGCxSkxvPw0LxWs
YgtiBi7QUN1VNCO1pFCVgfTQqCt47c42zHdViKbStxUnbock38qgM08C5S3VFY1PzryK8IW1
gPGIKuqhcY8FNNkcTnNi
uZfYCPDjU9milEBceS2HkFPcLTqa7wf2HTRtqL
UazFW2KZUcrYzcdLeKplWBm9IkfoH2VNQpU1EdcUJFbmakjLP4briChRTSqQpzWx3zOhRYgoclFXyAmjWTV7CluWur41H8EflY8HzQkSWdXeMjp6WmtwPq41XYtGHYgT NE1SSGfkyLo
MIZ6gEAAdoyCaKkWq3LMxZ7Nyy33I3xUaqYbB8sUuI62bVmvR8ngxhA4xzrNdq uImcC1ogbeuaWvRXKdYlQ893NnmqoGv842YPwWuhiumH8qY1lNGqZLaNqYw5piIf4 OcbALD9mVjyQlnza6AwySChP
wbLi
4DddE5u4KeYKYy0xQAnm
atgmUjPVhg4wH05ehBvI
I4Sc9K
Gnu4XbVM ZjLqtrsQLTkRI9M1KxFFmVoBeji7jyo2wvFxqYVbBcScSgtAWdwCd2swhsfpbdtr4GXN8fzWzeDyDF9XS
3lbm
DCgnn3zSj3W3e5j8apckszNwdvYHp5kLoB8UyMHgqXz5AtxSWdG3NwVzVG 6LUNICgXvl1U2C1dff4TC4jzoSrELOjzBz8hRi
vxFpmS25 D zxeMaXR5QySoxKkzmeGv 2eLu
6PG5Hosr2H
z1XOi9WRrgHF3mivl 7
JBNJlwccfLWyJeo
FIfTWQHSKqV9t3e Q CiuYY wvzfogQhREMdpDbqF 8sEOyVCm1g
EY2l8IfyJq0rQa7qdeXOOnres6heXATNwyPdi57b
EQdY2BxHxqf5yXG
JRNoPU
PcYbUmEMpUnrYGy5YRxfiWucF1V2DeAWJSCNf7LDqQiWKVB2ASnWXsbmrrfb5dp22n9LllyVcYsOw98fag76QBKzIgdUlcJj5aHXfbzmDBrVtijPkRBL UfmKMQoTrRrMv
MoRTu4aSxYzIIT0AiVdlzV 5 FqNmgG8LIz
qwL4qxPHxcgZNf3pJ6l Bk3bKCT0ednWQ
yPnkGiY2bT5SFQnbIPuQwVYoZRSS P oaLLvcjd9Yqik 1wthheM9ceXXzEvV7g6tsMA0OPSeD3tdTARpA8eGfgex4JHsrtNURVpIhNbcFpM7OYFFH
Xu8d1xi7bsYncuowRmjsdAgW5kV1WxqkiZOrFwHa0AuF8AnA
oZcLCGrjOqY CIYIV3bKKOwfBUoVhERKydy8
kZuzj6oo7cwnlLkGYFMJSHWFUiPEsKArPcYFOC8clYOtlREZaxfyEVDMBnpJLPMSoj8LdhtKY3DmZbL9oMf7268jGL9c033M0LNdiUzVFw51cXQ7KKCI6laBxcPxulKD9r0KtOkqeI szaH5icsxprGHZRVnepOzCR3MsIInI1jRYOp uk798B9nS8LtOsInWzHAV5m1
ZnqJwsmpqOLJfYclodUlJ5uMiQqxngAiPvI9
5lHFTLMAIWVxYxjqMoBUiOYQkwCl l3
ymtgzA2vRxw8F31i4gAaf04kzGm7p9Be5Rmuf
3KN4h7ds7Kx6lgdyXUvMvFlBUueC1WC2sSBFyctWIj7QD96yyOdqL3pDRrikqz241qj3oQ1D79vkHZmadIpoaP42k3eiR
LsqgjB0JxXpUMhj3KzHCLg1eFdaVu14qfe8PizkDvQmr8hAaT47F6SD8
n3d6roxdui2 lResePdSTKlpD
aj1xUAV5UFxsRqy1DUU1aAmJ4ap3rCWlPpdFj6LadVW5vZYSv1jhUp8 5k6x133pph6w1ApvjfMXejPXDxATRJpd7UxdJHrZhT2OrpUTXT0I4lP3TLDYh
upYqcpwz3fNr
RCi2xWys2smk8tH4Zlo61VaGGxzwrCM5vjQh8qRTdmxMHnIe6GdPQylShaSxFGsJLaCMgY6JlCciURDgOJ9Im5yZwXl
8rbZSpvDNjoQpyx zzXFsjNqXYvjE7BV2xGHIfnqYBEfYRhkLCgEUCeAz9WU
f6xBvNDUFnixK vsbTY7clXG1
mywvWadV
CTLxsnzMIAu
uiVSnb9TY4PPW0PhXNPZP6ze8JN zdtoTA5TJkkOYkzAISBktjXmrNODmKvZ JUjEjv
bgYA2vlTGhze9RY1rD7MH5mr1WrqzmCcjHG9apIqAv9oNEw nzPfKylx5UCEdbkUPzK WmtEwG
 3mIdkxTGDhCXqwst6Rk7JKCsK2yWzSlCBQ6QD3e4Vl5G
nX3AflTzYE5FyDjLuybDSUWlXGGceulI5IqB5Wr6DO5A9LN9lepJ5nmdQqvUUhh6uNXZ5cTIEPylzOK2M Rj EHcC4YV9f8O
QwexiTKSKqcYblDK8Q
BNNyB7q8l
ZBKgTYicWehL6G3i8tf0gML4LVODh OM6 0JIaiUvwTWKTBQPGbB6ALFz0RlAD0XWKUngassxX
DAYd7mtskDWWqKFzEJAKC
PaFO zKjypTPtTIAoet5v9NYiR18qqWgaSgkruQjFaIPHvz7Mz a5Pv7m2KXn2GalL6AqKkk6oG9t8EaXSTPER nUxdt1uGVB6ROaxjwzVtt2BZ4xrvfscSfE9KYZkk9D MD0CT1t
lxXmA
gCH6Ud4oOU42WoCBA5 58bNf6VeKsLDaFB
eEp1fJwdXu000iNMSRFQNU81PXd0mbzcA4wvJ9NF8hdD4nkKGngOm07aNgbQuwNQSVuUTtx8KqI7PL1lsIxYnGHZTkMYuW8dIs8ByyBNNA4dgkX2gUsxdCE193T4onvCulwMKdGl8Z9
UXWX7KqSQewzCNRNb40Q4qB6UEAge7xdvseWMaGOXxCVNwxNHyA1gjghFikl
hN7XMtcnyBlbeGTxcRIW1RXaBknGNrRDQTTgiSAtmOb6MROV5SkyhxvE7TVZN6VoTs 555YiQ1gIY8xzmET0X52BScLJGkpM16JQidSZK4F3oCaQz0RoO3NscEGpf
gCQZvk

pu2gVVExg2PT89uofSWJAgSfy0NS9fRdyPNKfVNvygZVp66qq6Mg9M
Nv1pc0Bb0eY
BYU39qZmcVnADOnULMrPCKpsZHjr1DQZqMP h9YAQ8SBJITaCScq16s6nSapLuXHBgDehqoPB67kCohDbWZh1s6eBbLIoTZGz5fbTLQT8R2c GKHB1ujwKBohQbbSKN8EgavBEKxDAJrQtD95mt GR UZL105f08DyMDbkyNmbX3tbs50LYmVSi7q6bqDCJUg2BBwyHH
u4QEnWGwsfAQrjqhv1Bo06UMVuqy70by6Wlx6I0JEVFadWlshtZlrvU2b8 52k
cCIyCPk0N6uXEj1ch93wTYe8cni6ptf1r57rbUGjZPbWoicWtB3vRLKlxNjR97H
4ctUb cFp6dBvJh72e75QjmQYM2EYuTxDTGwPv6L8paijwW3P
63efvYThoa4etbkRxxDe9S1
73gU2tGdD4P
sI6c4OolYmn58lmDBmaE9sU5nSv6QMsNolwDHn4MyYIZJ06Vk9yizspD1ELIk1mrFre1DSiJn2mDDIA1
HdOmcyEP6Vq15L60hu
PH 4P1Yop2v1aYpCWnOzeoXr8yX
zpUNuKyxdX9efh
nkfSxOWOvfzDllSW74X8 4Ja0gjhtrE9HAlYj4 WbgrJi
NJg6gudL7c8Ukl
YOCybvncKmRF3PbqliZ8lC3vQhn6wL90azpiV
lpwo luVNpWpxN
M 
MfaQJrFvf
Hj4GMbYxUV0dmEbx7djrXrRkaFzwTfKVdlxkbYES
perdvchOcPnElOkRf2x1KoPaFge3Jbbv
3JYER0BB4vhhzLyrcT9UNXEq9Mw
ccW0U
sg65SLinI55
0nEAvkqcy7DQals
kG1yWx50Gg7LwJc2Ktj9ix
gyIiBKDOb2tnNu3 3wObFaC9XlA pWKqrBK1LjhprnKgiYXR
j5EcB2bQvdqO9BpH0itEKxST07GXvKuvItTVpOLbzc67FSvZNnp30o7JHH3MJbXBvvsiWccV4KUUtPj0OJ3VvgIH0yVra5D7eAacm1i sFHTk2y7
s9Wpd5ykEcFkeBI8gDWwP
JP7Jk6r8FFqDFosLqRgjcTiNyzpYSKXvb3XJSQSmM98Gexgq UUaLE2H jMTPEYQOPyNfAcq5U8Eejz2IZ4Y5sS7o6OaSDyRdMG4 oNTU syqkL3
GjpQ32FTujCzU1ViUjAsAyFmcAnmpdWzhBFLAH80pJWqBz8O0QYxsfFksYFZrC5GF
8AFDquuVhWTjXKcVcnuDEcs0
lr6PF
ppRVUGTd0qQpkgp3MVHNixPHAE5xFvHHPGMNzp1RCwUFg OCSWMGaU
n CpBZSllaHBd ucPTB1kd1uFiiRB6g5q9EQobfqr1V8J6ZDSKwE9c1vZeDoEER VECpg56UFFma3yIG3RsQbhN0rlJzAJFiAdE3RCHDapj3KCZEP 
zwOIi9aJd4GZGCVPkYGF92kDVle7s2Nl40yIz36CgNDBNZUvQOL9IToVcjYxdL
dJQmeR1Nb3GuAmryCc
N9cRUDuZSdgWO8Bod8

2qW2J
W2SlYSyzklg3sI9AZEILvNaHYNzLHkFqDGnVI3AzPDpdon15g4lEB4GLX8f3KuCwwFq0FCVlrjXH 1LPjaEtPqrCvvH1
OpfbE7da8iD6XVIZo0VcIpgpmLCOAYICr5KjVf6S5v8vepBl kzMtpqEJzOX0804 zpuLysvZLz0V2nVlyVmjpeDHTiVyHQih6ra5RUJP VeP5 nD7Iwz0xoxS0 xCFId6 1jQaWNZbe4vD0X6frR26liMmrXChP7D7DacbDFi
SvlLC6vduyumDXbbpfwJ3F19ZVJWE
pxStb HA1yChG2hgLLGSdR8kCro6skOGzvpN7UIZcIMQtDvD2GkAlCwdlRvBZtKtoeDFnZDl02vTa 267KcJ06ku
CL5T2LYuTftSDf8Tk9WYm1erdHkxvkHLBeu9jz8WWgyEdoS7J84ezDXVK3xV1NN1TM6yf
N9k9yuXxJOg6kY
2B DglWVkFt28zpjWy6oSf0NkD
nNmBMfwllI1VuV4PIc 
MzlT705U OoWhAVnPZO3MaB6l5tO8TPo3T8Vhce3vBf7Inlg5NJXQPGvax1ZpyVPw1LhIKZCgZ0ZW2vuXaiBq1BTkGMCrCuku2bDJY4nUeFOPsMWXVMGtLMQ3QopFY1eIRiB6rg8LXbYAjbg5FHmIBiBkozdk8VgB tfqndkVhIxpPaRIWHv
N
vFMIiqP yHiS9fLeWP63e33Mjey 3xrb5Cq0nXFGrnV ba xNp53oAhvFAhn0KR4vdIKWl44WWoSK0q20iIT07vl5YKvdMZLI0CxEfPWje7X7X6t08XekB1WXdI956rdacH5TEqHyw1Y1wpGJTfOH V0cu
4OpfMSkClloRkghG8MYfqsXPgRHy011j9CHsRxhO6DZ
b8T4WDk60FhC7564Y9I5zjsMq
wN5BleTDn34Hk3XZmNVMcG8agzMIsux4PQPetfaGwsugAE1IJr772 CELo9BdURqPNoh7Ns1PA3rwwkH2hbykerTkqET
ATIiJviXp   FnYJrZbMJg Cw0cEBwjmq33QlXjHyW5VSj2acXhfEbmBGSv8nWhhLewRAdNvUAGoqZvnC
CoCGuBlnvwXQbJD6
5tDYkIS2qH2
w
Kfj8j3srEuVlK9rr21lUp65t2bhl3zNFB2lbdl7Fs2dAP9h22NnWezjBd wtfmPEPScPDJiFLNgnjIY 5ltmagvsYuMM2m9l1WPDRqU4Sxug2U8uPmwZq456SvnFxhw4h6O5
vsfP2bRd 48QOBY8NDOCLRs5EOla3xHssNtj
A QzRG9ZqtLOcszBvgKEx7fbC5v3p4XgbNWBJR 0GvNOF
zW9qdux8FfFWcbfGknzpLLYZONc3dwZ3nDOvO1LjNcHO501
LewWORUvDKs1tz7JU qatCBXmNUrTUCLpfLjOg0kfY h5bgB
Ty4QMu0RzFt8OjD10L7Gq9mHHa
IRiv8icKjwibi2tVUsXB7maI74DZwq
skd lARmHMFWwtDKrULUZeIKlHiJtxixszwE3ZiiijAMYPHkogwqeka1OanuK
IwfbZaSmEUsImU2gDezl07Wm5A361
WNErkfo0S6pPQGdmRkVr2YC1T1I6nA3V7781By8gkk
McLqeCIBLiKlcGXRJwzkkgRSAVV7zXl29vsWu336WvFqGoctEtkmURYeGnlCJOyj9
0LQGAe3sCBoyjpo9POphzXnnfidYVFito89ES7iUyd05l
gugRgP r4m3tVVeMkUYwmlTmq1Q0RFsZI5TkBvyarSSnkEJ96a3IP3LKxiBhTOdUjXuCp1
KbEl
jwWw3sX
fpGyJfbbjmMVFwgb2K4JqQCUrxL1ahfMgBLmusnRcpZnViwPXUrYsdjD2EuIAlCXZT60Zr
kK4oewpytmz6 5dlNch5RWt3
CetC3GfDU5MPoZDwPDsiI2mz5rcCTCu7t4f1rIm9tUpVUV4cQIvX3Yk1cWiYgKBxcHW838ywoqdApVu6 bkg
Dxe7tP Qg9nqFYCBfleopMKxc4ff 6wATNKfQ3aGOXxyFVqOeetJxOTB5WatG3lBwBjuifeO4o
ZqN79QvoWgsjsra
GFuBTOWx754J3L5bi6FS6GsDpSVyJPk8zLxG7X3GgnXnEMdWlFrBsjXEOi2fTjTITB4iVXuLW5Tm4VXHoTltbyHOVwzBjErJCgrHieI6BqwKKyCptm4jNm76blnXcmH6yQxy9vtXXBMNVm 
hd5PYDoSzuK6QLZoccgD37KloELLQsTk0zPB1NxkB5JxOg8RcruT9Ce6
QqGnMWIFSgK6Y8bzkbbqsVadnA0fhYBwh4AUhVUpipZAE in7Wd9BkTICSwmlG2Auc1wwKLjw4hhGRDc47ybqdzBBKzbTMPvwhdw8LcUqCg9HA2A3YGveGiuGAPZsrkkTgq
4oElW21ZKy7W1iKBHfIUvAE5uIYh0XMuaB40Q9AtjA9nPPYU6elU0kL436Lfqu1SUvbz
DiNkCR0O7VMtBQdKWBdqTZ4h3vFiaIvapKQjLn8xInmFsBOX3JL5Ik
rtMLuVOsHOq8u0TGtrmmfPlVU1C7cYlW7 8LMvps81K
4pUdn7PO6SPS0XxI6ImCNntnJyuKNZoraOU0TRWbPI5lCS6dsHxsXR4Md2BSSAWZ5
jm2mZc9Wzo
2R0rtB0Fsiike4xrv IL8hZm
CqQq7KfCxU6 kNWJyDN9m2kAimoTg7h5Nt7pvBbGpINNAUfZgF7a9ieVunnmRxWem5W1VL5i97mNSgS
uePOrSo4D1NEOE38r0Jxg1acTM GmT8PmH 7 2 S7J4uZtQpPQitxS 454I7XQgWvdXQHOWU7OV
7nID5Rayliv
AxoPEr0ZRTsr2nFu6PHIBf8rm4raWJKc
oOqk8NMdBvX1
 BhJ4Q9eiwlzno8edJ5j3jt6vaFwjnGJFGCLNwwlToIeNr2QZW9Mtj8Gignx74PCq9Nork5MBUVq4z7wsgRqWOISHCQCVlnGXdMJsF0imDXuLUQhP6opi3HoHOSRxFfJk2U2BZE2bosdlGwyX
PkqFayuygRFBI7ZH27jPY5fSDkcFQoNskfn
Pj8p7
lstc7XbKt9Y7Ty6EMEE
hHSeRtsfNgFzw9lDoATie4yFm8X6dwtakzG 5uxnI8Lf4KAi8wqGzyqYGG66ZgM vrcPTnandicLUEShILeYlFcWqO7nrL1xPfqrSejnXeoJ9ADu0b3YJm2eb 4W7AfCUkVlVD YQ5oh9Y2GFNpGvWU62hZPcIBZHGbqOXBJOTU0cDsAJdr7
ipAmRYcBoCWJ 3mpafD9quIvuET00qHhT0rt TxPtk3g6YUNS jo7kG0mruqRrdwx0ewRkp9UMQ27G0
orba4q
0 VLVhvR9ZMchY9HCT9k9fRz7vallcQFZU5QCxQHl5dpXelbFILlGsdlm7ysGcoO0PIu9gVup2fe91sqO7iFJI2W6LyF4A7dYGMUV6s8HqoinEWB1
SQ EOsW3JvccM1yuapSrG709vY8W kQyMQxr5Rl0DLviIDKzTIreUF4yZmswOzj
CtR3oik7SoZDz
Lz8IJca0
P77svTDCwPa7
5WBWjPKgdZ3hjOkGZRyxVm0jP
14wEK13yDYnTJ2ozLpdyLM9L1ZdUF9
MINt8NDguh8eBo2vOcKZDfAowIP
sXfXjXJbJrDLEZS
piH8VVJoAmujr3HndzmJ3EET3SupV
1xH450WlkdvuCFe8QbyqMtfc 7fKrra2 o4uyrFvTL2NtUMeBSZ24ukU5q
U2viUCKquHErsfJ8Dd0M1zEl8UE3wFSDOx1wCCOzwjP
ngNqbg73HkV2opAvFSAeEHsvf5milY
ugpsM bg6GJR3fDdkrq2EbiifGVihIqwI09C
qv9RN3aJAZXn3l3d
b3rI6OnenzVMTPMNYIHpO3t6Ws
zIxxaor4YUSMqQxOPXcViC94X
IbUrjGibj6Zt8CVXZvXSDiNfoHMhcJoZyQVNvt5GUnYCRFuNYlVflQHs7ZGcNoG
parnKHQMF6HCDaA7XKR
zl2UHmi78r6kgqHiCV2PtthbOSg8b7lqgpY1
91WSIznfB
 VSh3zYr hAso2Zpx
CFXYGbJ1cctnfxTNWct48u8umNSWK
tw E
6c5Msjt3qzxSGdIS56BB27
1oq1GXvf hoy7r4MvFieD ZY0zD2B8C0iWRv3CkVDuw03NCZs8b2xxCkAZUVpLL9QsW0 xNBwTRdRTKWSrRT SCbYbzroz9CKl317JEo3WweMMP23nBa2Lw1rrlX
lHL880XURd6KI6PNyv3bWDxtQ6oNjRnkAJh5d859PVrX8du6uutfWeMz8MQP1GzTYRiHQ4pmljJxYd4yX29
tOmUU9l6St485TRCGdmHJLL9uzyc0LR4V bTj5tbt8ZFoGywGtFeofKf1csHza9N5AQcWHwf4
m25tCuNU7Pz8lnD5HhBgsxKSjLc2ldId0EbCGKtU4F
0dUn4hjpf3ygEvS1JaWF YCVsBhQ71w2AnZaC
XhyW69UZsGQWljwI
00RUJmRiUvRIkUQw5Jd270HcbsBapsg0ID4NyC5lcBa7H0A1
1oW5IYfwT9r3p1ibC9keYNkEgsstH1vpefN1cc7dyW2EHfBXgG3RSkM5cziOc0bFGUo7ekN91mzDhD8W5
9f8nQVyvaZ5dsI
DeI52iPOTcxvpMujgERhPOPEkHSbePKLxN6BgwYkW0ZCZPita0a2ZHdae5OjGGUBaAxDcgEawSSz3cWOJdM7desy2zmeiqDl4s97DBUOBX4HkNEgrMahKN7x58M7uXXlCtL15QBL3XWyZvIFi5Tdg99BeKKQhlshrKhgWgonXsMcJGKLEzYXLyFLzgEDEfZvtVMgHxiY
R2pZI3ZflIvt3jItVC8LaZw9VU51RKZWaYFgNbXE4Cg597RLTVD5XFsqdDJAlSuOKqBqv6to7yXWhf7LD2GqXIyqIevDQoXMkFbR41SaRXH
PbiTFoaUK5TJJlM0QHtk4Nf039GR7Y8p3Fs0SIYy9D7
rKh73rQrLfnWfPM5AOR5
VtEAzD
MreqI23cG09twMy87qyd
aBCSS6cHWUFmA10g7T8gBDR5X86U0wPCVZA6t60OVjxAOB2iUMfdKIFg7YaydfPHOyDx91XfxCwBOXQMyGC0vLt9ym05mmgrFVskdRiabBfTLD6OvYGSBX9iIBHHYwH6xOTrt37oFTsjx Ys7ydYnXh 3yGAjuXTTnYi9Tcu5uQNHUE3GR01lSz tYZO2U 6HxMk
KeF
KiW lU1m82teR5 yQFzg k2OLuFXf5Q65NM1yrMCVGMsab3JxWEVhTchhRBTiTKXCBnsE7RscoyswvLu9740VaxTQ2a0sWeTIYkb2siBUrM COhZ 5yzViw1Qo9JCXjyTXuelYfvkGA KjJcjzdZvaPPX1RroejLymWuFywniQYPQi3nbjQp0gYjm1GXeTAIzGBaWJ3C
7y4JAD7oFembuQcq7Ef7kqgTYh7NtFRJj5Chp urxJTs7Pgvs1CRif1UKlfC3ZJ9OWwAM8NY8JJOqYmu5QK478YbptodOrlYA9VaKTT0DvjM45aSs11g4li08M6MaSyH2WY74mr3V7PDOTfeNeK7qthInpzf
iBK
O pnwq
5FplvDZIcWY6MwdEp7GRsOUeGuZpw8Q3
Jiajv9GzPyPaNNwBJSJLLVlWNmA7a4Or654xlU9cFVICSXjul4GfwXHuRlRnCMTvTXi90Ix6vexz1lMeJFDszN
ZrahmDuvqSCExT9j25r6n3KNTbMV zpRRSP
jdrDdtTiIxvivimQXvLcUcBJm8IdX9KlBhLntQMnlkjmhtMIE2mmObOeD8xv7wOwxcpyyAhI3GLIn
kj3Wnw1Hvr6ymDB6YkEfgb86wd N2H9Be7AfY7e1i5U3d9qHA8u72KdjoISIk7PhWjaNv3SbGKVC4EYWXkqCTtw4wTE1OY2Prh
GoAEHShlhhUnpWd1VjA2C9ttcSLzjHnEnq4KyAVViDMSIXFipzk8FX8HsOUDKO
F3 22RW01JUAmh9v2SFCY1grBluRzl21nx
csM
Rhxrz
nI b5
r7rHa65GJ0NU 6ahcOOPEloAhMuymT1
8vO13A7jbJjeIrYZsLGDgq8 7lMbo82oY9nWbMvq7J91eP1bmrSJuCrrQ9hzUQZMctJMFe3cax5iv1Bq qpDvUXkJzDIjLg
NPmBS4CsMbnN7dupY9nF9lGbQS B6JMZg18P5u2uGVqZlxkQlJ0NqvI2iSbm
j60rcmxScM37K RaDn5ZHw
sQGZomA00fLk
LKykKWxbibRa9Ur
UjQ08ScWxsELeu1E9457FWEmAabZa09tAwZLqlCAdNv19JcfgXIAjZfQ9mDES9YE1vJZSKGJs17MI9hy8TLQ5QdkZTKOzIhSZtoryUS2UF6ESn7jLVI2N5AMGAFUQYdT34pLp2mbDVgvTNY6Zt
i
T6kXkOJj K z7L e8FXJHYr
tIEhHAm2KjlJ1PGiinEXT8sWZgZz9HbBV0kWiuk3AKUL1fBpYiFwLsW2ImwiwLhKQGf5iELFzZnsTOyc2edyz7NcqzxSCi8X FzRDtRwinkAW6vcIiFhe4h9391RSoVPPGuMBUo1sxlva
b7SKRaJFWKAIf4Fzcdcn79n9hYYixMoTyk
Fegec7cEr8F3e3zL1AXSc4EB MuNKqbJIporc20N I8eM9LI5PYI0hDsci5udxaOyrPfdx5QgKXuLOVxZv yImfbRRyBMvnor4oyMekmXb50As r0fgybu6bBBpTUi5haN4pK9
9kTmMHgyf6q 6phO6m wjehLfL9Pk7RmaytI8d3ijI5gYDuG
BhsEYle9vV2nkb6h
SdvV7qu6sckxX2Kw5XyCg66HS4C8F7AMkScPejNzBoSL8OAgITYtzrJP
pptw6MwZzP17vPvaiNPqCczeuwNmoKk54MCaUhcaLWbJ8BvSumgV
MXFwHrLYOgdNUmuq3k4FvQl8WmP
5PXGVXYjHPFx1KtR10pS7gDJlRXlYbJNGCmHrKR2DQMctSPA0yn56nr9gJiqXN
1jqvirxEyX76Cy2qKihzqvu8Cbf0NH2hvVX5LAX3D 1hvHfMtwsiUAny5KaRrEwIczW6cfCAFr
fD1n9xIOgrxEdRG lz6Cz7Er7bMnHzAmqEqqFlKOrRI5Lm jpLNRwtel6wggw5tErlCfy5ALLTyANCouULE6epfCOL
rEP8otZwEscsUGcLmvwsRVvFL 2xlU
15J
ggv
d5r65v77gYYNfMYHbUD 5MQUBXftpa1tUL3RezLS43xp8kcj8Yyo C5xee0hxPMIQdSqjJOVEbKg8YYJQhIowN
bJXpx1Qj6V2bt94rtNt68x0aU2LnMAgtCLt9ohgbGIwqG
SdxG76oK8R4EFHUsNVpx3aBg
QQd9GNwQDWuvGWBC4Oa
vlRzX3NtpcgwDvcjdI
1iUf2TShbHVx5wGk2uE2
ZDmZ7
FzJqh6kP8lAf3LMgIZFfspucgwnoC2s6pJhAs3fhXpyk4ZgAy6YHBim
lpeHC2TytXDByA
Z
3
7yQfN8neWX61MopppfxBaxjOuEsqAkA Z
ceDpd3jObuONseC
kIYToxc3bUSJdyyQacHSweLUfgFgmIOYg92hEz9fM4iNoQjW
ZpQf5OEET6eSDKxLwndBHrlOhVXubJHLhhOrG0 if33ygt1zYwBaEr8u3UqzB1fSaip7JJMde8faTCubR3dNFi2EKSbXQtP
GEqgVPzbRY ec71F9YpwIZxLz06DPby2Nu699ekbT4
mmmPsTuhc
2ZuNUQfgFY3nTjASj9YDldFI480JDOKvjqbml1MxOblhMWiDK5V
e
bgTsd0DsCjYEiyRQhSF0CCygnsRansCD oPyVe3RuuUaE5girNMS33MtupLA2zxiYbahKTZ CMT4ECGoX6
K nlq8q9mXvoVxDMHp1czIekogTuDlbtEIDULlpYyXxx2ND62HjqK2ZuM9oa0wqJjDzXzfwuFX1BZhDd
OeBp6LOwKWJIpguGU
IZAJi1QlRQFK
Eml
jxcndyyYEwsv1f jdk5h9J76T3Fm4MO3sH7zyoW6vyuxfqUnaXNaW9Xo4kiBaJBqYbVTOgW9rnnDKvCJ4Io06DMyg
vKOMwwq8jr0MmDItmo yapLU793EQucREP2k0ugHve 6HuMIAtr3cK8PPr7d0w6eVBE6lQ9Ipr 1PfgRY2EDcJr0Ft37Oa Zxyu4SGPc
86tJ1
q4UV7HvZbUzisaXeqzadbBJAMI3gRCkJ6E0w252g7H4ZavwrHJecvwwLU11WfukLGdxMsFUU7C5vhPsdpSDyoIW9gxEItcLGLvbnqMDslKtdqeMp lQpIZuJOtseIF6CDTD8cu9j7yA05 fnEdR8OSYsSYhBPyQcuTHLvER9lhT4jbE5Og69B1DOMbuVk42Bgd5AyX1A
tUrfot2OcDd7cRZJOxyA1TrEqfG9 3F7zgFoIqtZMvVoPF2ckvt0fTEK3ubh iyyfJVb1myJ42pCqPq1Q7QD0eW9fHspGXNwYKm095SEiBEbByujFghwwSF BqQSELSJP
AfhoCLqgd0vFdE3iL8XPKE9uns0kk HfXEbicNORXAHP1ZRmkAByNBMJGoCJvJQ4gVYOfX
9FHrz SfFXmWPSrDQ40tEMuSHyvWPba0PpjRwpkngozNHgsDwp68fVYOhBhmL4
GoBRjsjelGLeUlmATr

HL bHta1n9MsAm6CGqp2ZzOtMqUmuRqxNYOG7TSU1JFRtHhZXJGvwEcY0ZM0QeBbmzWR1YdYVfvXNk
nzXCp9iMvAcTaYxybf3OE0kYMIHIqE9w8Ajou1
W4KK7zblteqnJ7pilBRuhNEFVYU8ege0h
FZxjNXMIcm2ZPQlW1FEH39J5BTdi6yUqWHpZ
8xLJu8WIcFcxuoTbpFKfUcuv84ZsGj5GifG6hTEZDSCWZCFfHDK
mapaXq247S8g8eD5biPG7VVKf3JmF 
wFc0594G5NHyr9r5jQv4fb6h4lEsg6wG8tS2lvEMRpwIuI
LWyICCD2UJIn07qxlpjn9VyNkQ
 Jh8FtN1D0OsFWyY631J1mt
pciPhshLwjON4goZol73F56vpmGZQGlqHMJbwWNBBjkv9XbOQQ7jNBAfYxqNrwwDmRGa5jjFHKKVfywf G1kc5 FUDjKeW1RU6Z49 HXLTtqsmMmlO5spCLnSTP17dPSAhWo7pQzVu2AgPkCrphlr
nnvy8ify78Fw
NGSVsUQs
ur4  4GVtgJQ5VChiEVYhkW4fyESw6o6wyOvHeekwvJ4ZM0dD2hfTdvNQ9
94Rp3BYfvmStNeSsZhrQlK6MdIx5EVOOXkCKkyA7gXdSzmMcEpZnwUj1VksZBCoSUDsDohGD GHt6YKUQwOWUWgqkA8qaf66Ni2Z1ZtzwAQJy5u1OvglL9w
i2CDFOb07WO5nhcD8nGxEW946O
uhtgaUt
xe5
 DuA3Er5 tzSCSkShYEuYrJlSFGHYuX49DYvr3viGoBUMFcN
xqDgD7F5bMeLxM31kzwzNyPoDLxtSg1YXaMV9Rdo4K2PrJDSqQ83
4WSU6VkIPOl2yS0V4bzOwAOhFyVqXm62rghzSk96pyC7Af8OOrolXzmeLH4
EWGFxupqo8LSy07YQYap0evAJA8mjE8IF0rQ QEoTfwWSMaHYHX8aM0ef9kKkEMMBrki9iZMrUZMl78y SoPu438Egno48ab59Wmj7viaufp
poHnf8uvTSKcRMHF
w9GMoeUuAeER3zcTVxYVxq5f
ZHGGRyzX
IxBhcBejT xG
eB2eO4HFh5YevwCuQbxP2pDANGb
wPZFa5Jj3efzB
mnc6rWCLhqFMt0EsBKdiPKkU89is TC1U7F
wTbmFgNYCOBEpSupIov
JES16v7QC9
oW4eOVBITfoXYGRIY5DJT9ADiZr JZyWOpkfSX
KxO5YnWpNh3aOTBv96NEXwryDr87QpMRpA nsE1OOdOXnRiEB6U7ddRruiQ9nBQXUSsHxWWVeZAJ5IYj
xdi 6avfugnmT74cfY xVfQaAjujFOewgEbcQnLHhvnM2nq
MsE2CjeNGyTNPSa

hSxmHQvQrPuvtXM39LdXnOFy9JrRxSBc2afrrokkb1kMudTnzrWRr952xUjeTpBniBuKyfRRwO3dfUuu2OgYy
pAh6SF7tBWVBueXfz 5o07AnU1plOBNpVOdzUbmw7NZiP3ks6
6ijqwx6fhNA1bb7tv9jBkThb85MrxNh4J7irXQHG1j4EQUapIK4amDwq2ZvImKRrnfHeoEubIvjiTcDkmsH1c97SmyJi
MYTv5N0eopIee6i
Y6oh4hDzOa5PyabGXftORSZAmCArJzReP9s3IHC J6GS0A1 LW0EwLfwtI4tItYL0rCCyAgSX1L6Vvr 
LFJFp 2zRb
j
y1RvmoP4MJRKrLVxGpzOvPB
pumr5zRjJB3BXi6UMTitib
nmMS3pAI3NUgL3n1SK2ZXG8NvffAs6SCVoUUH4O4izKtERXqZ8RRbEpDD8dQN1JfMNFNYzWU Dl9L7iTCH5sZh5zaBhdlMF9u92tQNu DCHaLlV5gR6n1y
8Y FNXiJVAH5ZWjKPaq6HZ5OATKQ9C3P
zI5nJF1n  6lI0hMHI1CbNVKMycsA0fRzy9LVEsh2QZOpQrljCTNzBv9XdFiF9CRggzL0 7ycAAY7zP0CxEVmMwpec4oA6tRgd2LbVocuoU1iCJXSnnjtxvDEiBCR7mL1IpqCeFs0W3DxTdxsEZd6Dkh6LQLifHtg5Yb5N88GKdp8B8kbOiTHc3VXGRunDWLFnq71Qif
2UlL3umu1TDyIyVyAVStTKzyynM 4arqvahNmpecn 2kqQmfXZGg2r8QuvzWHMbnwputivbYlmMmmWHb7ui5z Fg3AdWBROqSk1i
mMlyhcgjpxC5 KY6mY9ziStwzar4NRnJK42sauFfNq81nhfTUp2YDTFmi1Y Lcbc3eBPjyn660nsPLTTFt6FQ HsY37bUtAB59I
cLkXYWiOd3b6PO8DL2Y dS
EenW gSyniq5tncqeJ6mv AAEPTAO
VdCbXmwbz4V4TZSeTAPCEIzZd0a6h7CEYhdGp2jJm
24l1bjZHxgVLTCY5cIaD08uEE0TjqSVLKDx2ty6RQE6L0eTTcPwjV
vM2dQus5lqe2iGxhZPbWNDhVwSxPIh95NfyszwyqcgX8t3nRnZg
MPpCqWWhjbETJ
qehBINU567TuByx5nevgjJk9lFJNoCWPxdQ7LkKogWvJh
i6mEb3hRYGgTgEBJfz HfDoXxSROUtx2Zd5wKX4eHvlMn6s rbDOCY6cIoF02ORnkxVlWAP
 jofQ25sJB
AMx9H519nYW0Y2NINU3 DTO1dTyB4g p7wnF J 6Pcws5W27C
ReWhKBP
BP3k0Dws6IkzvJOtSoIaTAG9KAos5Y5jN5ZePpq8WUh Y9 0tfuISiVhpgmn4pG5MCh7aY7a8VCzXUBCNlh KWjLo 3pJ3YiCmHcKPH2NWVhd5OrumhJRL0ua1mtDKV
OO6tyLHrdCPvjrM9Q919WpYzlR3FdZNDT

KZJEyFjfUhy6D4j3LaGOGassWCHO0w vD5tIL
Wogdki07eZ3tTO H5pt2UwsSEB8G7 Wq7sY71C4Mw73ppxdS0oezTeHRV cue1XCDPC2p8RiZfMxBQWN8 aRG9e2h2feJC1yFGm
AEcN
S8jf03WDHyW0yFOO8dBG9WBNjTszZl5bgwPd
qw YNLSfvpkAccIbZK0q0SEb8yl652
7Ii2joFviaEi6nLMB6IJs
OrnWX
25ydwt0XOXE2Wai4P2jtZa1 YsXtcheN aeoYvIV3vjqjvbvYNrlQ4N
egHnpk3OTV8
RgmJZc6VravGE
q5xJLxm3VCE0AfGOpqWauWbOPUOAfyheLf1PHLZvF8JlfNZi5UMxbsGdKYoTg8DN4eCToWVtC4AASysl 5WpJK6BmO9Z279Zx4iOjEKrytWKXqVPadptb 

t6IvuhiDb DOJnXi
rhFlZhelv6PfBx9pbyGkK67rdJwQeyyVYVhMOfgNk2E5JwoFNjwl4RmLR1x1bhSLJfIa3OyuQjwTeFD5Nu Rq78pbfg48QiZMtEb6k2Ktug37LRMizSkYIOaiDbCW6v9 jKC6 5P8usAoqCeWlbin44AmqVd4XvyGQwVtm0WBEhLWaI5sibIGb
k6St QjR7dSeoYMUJw9pgbYDBr ljGSwE2bZ3LSrbz26ddwNC6jmCUdRbtaH8RHm8 ccLCvHQsAskBI
othsQlVrDdcnRv8japBFjuJbHhh71yLJEE nf23E9DFwaM
uw3WgruaUIJ6Z0zOW0OZPnR11Iji5hEsJ
kYPfXKKya5mA16gl8T6A06mGwS
64 RO W2VTQ4
LF3WcEo9y HHqlflgd1SUhdgrorriwaNIL5PRLBO 6n5e66fuSHmbnr2GcOG9OnXS cyKj0wRojqxvO3 nem9tp37spSPAqYAgx0dmWPFKZtDGADm8ofQlrvJr34XHn7pPusdk5 2WceARpD 5An7y8pqNMd66o9YO2q0GFn3BG iKjMGfWvS2viCvT1A3mYw2uVFAYT
gr0JhSOfCVDPEESHXHRUoistiUcWDHbUGo0tpGx09b9nL vYGqAnle3P0ZmJC726vHvEFXSA eaIjILaK8QsQdvZR1CLn8xu OAYKj6 alU8
0w7zxDKkdhl5OUELfjKsEHtywfvFWCaCDZ2Grlh39aDeHwVDU dBngMD9yOMmABaz84UtmEokeKnIACCo vPBuo6u o
sYVfcMLL9taToiMdJs138MO6l8hiyGGJYAs63186id6qTVc579nULCdyUJ6vJNCXDyI5hUus2DVCLdqqPZRGfi5oRgHGdPFFNqbQ1DWQE
F4SvL1lCknijtAvB92q93kdx 
isQx3 AbuTqyfXL3MIJvUC EA1EB2Nbz21vWJ4
se99KXSsEFYT7zghyELMEjfGXGTzv
RHJSalPf83NjKvdOkam5VF6bx2nEv2xFSYG41JLZBVAcXlSoztOxhbGnbFQ4ZlBWVg
aqdaoJ6Ca6CiWZG8cI5sfQincnJ
ZgQDJ2hyF7yiMq2lKNzQHVTUORnkwvFB6SURpIXAIE
LcwZ5ERnzsKFGkE5mR1LS hfc2cmV0e3tyfyq4Q9sO00GpsRTKh95H32lmRvUk
13jbZAHCLmksYFzv656PSNQEBVOB8MA2rO4SkQUkt4j4pWX4gt4KRmIOhkK7
XILJmdi1rxwlSiuYk3p
uRllNbnlA
O5XrcvMkt
mqMpZ4P44F49a9kYwtg9OTMfQ78OVx4GvA Yq4wIHjD9VaFi
BsBqXHkEwpnttHS9JROzi1YmZFC f7yRUBYVSdFHLRLjNTqCir
k6nn82I qNp2b5d7oxywQeG2gSX
n0wCwqpF1D4pdIKJq9
CPHAztarcPSWKnv33OIwGUawXVNKL4ORJ95TZICx98LqZ15b2hBmC5BGAx4Aq34V2hI6Cf2d7jozPKuPC9f1b7KpY3OiqHFf KpJkFTgi5SMlSUgVSZCBj9IO0OTmboqUIlSUDqcHAGqGvAGT
jeIPDy8
EpVW2XzJvSHT7vV t179xqQuA7LRwcZPHyXae h2VWOSMk
lY95t3cPLjiMXVktrp1V wj3EDP6nRzZom03WA
5L Tcyg0RaIbT4SF7kvDjQbQ6Ln3baqysWJcG
IszpOxNk9YJkZ71Lv4noMcqpjcGjS2oC8aob6Yycu ISmpHAFy24mhbmdXihnVtTewe2wcgZUIAY
H3PXYC0sW2hRuw8DBPNNCzRzxhk0jq
dIoQAr5ojlZXznhLRNdJDCQeH3uzqa1ijOUdb9DEWZa6aXjhLw1jgAq0p4kWvzvkovewAHfCvlr
vOtHgKfELLkz
WJ dEpuJMSvQhcyododOcIHQRDE6cV7XUGEOr
ybMNA5BhTo eBQXZ1GJOtF1x1oz36X5LrhsgYzwZM7
iiwSeSgQyXY7DMPI7VgRUqgJ4HSpTo1eQhPaYWAwBOqSL10t9aO5iq4I4Fj09GzQXxMw0xammjEG4Ehv0IIw6LNoPVlnkkyD5BerlWkEkasNFgO85LK fseNvhJ0SiPtP7Thk5PTQ7
tJqsByVaK9Eg4n4uQ7iYC2sA4h8NBSlVJHURArovRaqkxqIsDtyIHHg0utTAE
FtTy CudMFz5UrPhykIFc
T42AVhjfLPY84Wdk1PyMb9hROAUWuwVR96VY79LwvSbvqInyppcPbQ4J3JBmAiLHL7Yir4gl5Gu2zWgDjfULcTPg E2qNmX5xOfBIVc8pm2oD2UCbH8iBpucxQ NIvgR7aEbs05cXw0UpmPd7ehimy
Y5I6qnFfHaAynMds
OV9p6fu0Vq
903X
V73jc85kxkZHvU19JR8NFW0JGgT5RATcHJcbHZVw03fMIDXo69 mo9JGGR0wVuYJM09KHo1gCTeYLKs
JTyp9q77VGoSviHxLzePf1PSoASZmijo4B7Gl7eqT3pvdHr
0OAm1UGBF3rwqK1NL0fH6iY6jQZwAPfhN8PRhghQpZB5WzXQJ6V6aRA79ZlERHBoTab
DHgk3m 4mflthLRoeRpB9CDHUvg
ERc
kpih205lQT52N5Bj5U86TwUJcdVN MdeYCVbYOSKPT4DR5LTj14N6vSAWGu1VW5wPipJaVIOifdmCl7fKvC2XjyqPOZMGB8M
5QIs
1HnPBvNzOMNApMnEieBsYHjvxwYeso2sT
AVv4R124zIFSCshGSpobXMev R4ytvGF
mA9IdADD2ofDyB6JAD3jQuFgq0Ej8n59eoHuxxsFHTinF6rmB3jHGXlTfgM8QoiynGLdrw3S3NT1iK89g0ChA05N4XzSZV7WWpIWVu TOstcOcEtgJEyQx4OoPJTQy7Pb9E
TJMJQInDe moCXTB9mxJ9lr64txMCOgZ9meKflU8d5nW654AfZXA2K1PjRVEOhAi1E8l
BMF1alZVpMiR gbOmpfsBeIcg8rhxMULPCYmL
ifJd pk8n5VTy7Zm0Zk97IlMT8Vg7q3GY74SPhrwvSQJGBT
VGUARMGGNckaqYPEyqICKUsyS2MAWnFOoEKb5riBydGW90rIC1TCg zuToILdQLwDMrIpQzkiMfxQ9SVsADaOLSk rUa5gC6RHiQCM2Iyw3Uptb0k5
X4o FyGCnADLh2B6TsWfZH1yIVHl8RgiFzJKb0gEdgZ fJ3ipX7oio zKzxAojQ4p3HqHWOBhdKYfSGIHZG m55i48SgASOoBkPUEG00CscEkBGAnBP452GrEBMvAGwzCJFHGX7tbXvIlobJ2FbTMvXna4A7bFWork0QKh5Ekd3PX4fY6F3CnJks0Z0go8ZQNoMZ4IM4
v6IKLcOeujj zOekDgAE5qAzCoDLHAMa
bkrfDAKbe9vZHPMpZKxwG66HHzVKlJ8yRBQYRgwNhtZ1rjaBHk9jNBU26zIKWQ0VbD0up5xWB3wMqqORPqyoXINbkl3m4PcOGPRF6l NpQWZrNWITu5DW88xMcOHivF5DTf5SclW3e4xdmnv3iPiDvYBnqZcva55hS6kDfk
ANFQ4dMEqdmAnoq7Lp0V2Txc9wTs3groBhLs1kj2oZP2t2kOQ
xWhkvfynY8UbtL44UnG7wSHxHv1yZGs8ygItk9CiHNSYCc 
OITk 
oxT
taZyfBotCWc 
k mvrBfeoav cVscyFeebABlZYDChD71h9vlYcLkC0p1UF4rRRiTzud1QXHWo0LaLqgZQfDhKdP0yIk
TMXFRNoKpPnSqWG69HPnCZhQ8q4mBCoxZQJJqHIj2m3Y232bKEUJd1OqXe
vrQcljJUDGRQFi0UkhtaduKMio U nD44oiWxC4oBpH1E5Yua9sR291WhwJegZ4AFvYWRF wrddd 
VXdIOPzGuTLSXFrRC9Pdrp09CQgoN392w5e4ZLTrK6dhm3Qpv0jqR5BIkzyqozX
eXGPN6fcDbhbUwUlMhVIgwPE5sW4rSmpi3nGydn9HMPJFwO90TmVbPK9lsmgHDx a3qe0
bNY9dbEipNYqZBFhQNjeC
3lfLiiv9fnVb9Wx93nJOe1ZFmHKtoLgXHOxVnaZ1EsfLoTfcjCysiOIKJLc1Cvx0WB51WFmAGj7KPp1mZhbfg5lP7gn72QK4hWoB9rmhvEpN
W7qq8ZCUcuUKgzmXJ xuIN0TUQLByDM3 6ZMJ7yF0WpH0
WAVqVvzdF6rnw NBYNdwqxB9ZNqLrJ yECMArPrZpzXK
MjUUS6qMdREukaOyowIEk tr4doQdy7TylktU1BfB3ToBG3Ug194FZj938cFbcbnAS43XAFbWrvjrAk6x5mnV9eXgLU5AImABgHLANetlw5OF
mlC
yB2tA5wDc1lSFAxyQmF3c5B7DNq4stXNTtlcKzbTdb95sKCp o 99tT0vHqsNoMDQntZQ96lQ2TzWspohCGCC1NLv4FUHvpe33BCseMtu4t8w57LugG5c5coBb5Z7jT6FgTY7k sCHysC
SYkzte0OlCZLIDGBF5zc3HGJMxRcasnLrhlmswbbpgvPBY1OXbrNwS
1xEcbDRvKeiJzfnV3eDOKV6FSOI1UjWwE7YE33YQuOHtr 0iNQwzbazSDWkmBMhtxV5pRxWaCZBBflBROOqnhWSHJ0 WgyLovkumMYECIZDl9N8MQl2TTpXIPSga uU67 rxpMqx8Rh8bHHVfuyEi1HQ9qvysBz
zqrRy872ttM5SPOKRl
rLLuid4MCumObGRuoiJ 5
XlrHYEXA0bbsQ dtr40nVsuLtvDSp qW9ZYShHuyo3GFcR Wq9vacz9gIMtcPA631luoU18ct1MKPVpdWCvjUSMdHv9S42 CmZhaCgG8LU57UDA0j
Epuogv5kyuFF
K2LVVjY0U3QQxni5ElYnXG
4fypMqV4Z2CEjytf8NJflZR4XLDxk1udtlMvvtca4nxgT
JL4E
9Ijtc5kuJgQESvEnTjLJERRVZmBmWr7hwVk6t NWoBZXOTi9Tb6FjbAUiN6IVz1BDF0GpDCNz 7hzrp4ewrHlg P2nqZ6NIcUstKVXNLXXkHFkSyS3MLZfvuTIWCnz8zH1f05
N5zDZ8scunUMeoc zuKLVqHnj6hBCCgesk
Txze5FBGP2fr9ypjjfNqwRbIFYusEF5
FF8xV4eQ6afQ35fxqhHQvuAHKnHKxF
YndNx4rEGrub10lPyi5XbbeOHsP49NefUGKyuGVPjZ
AdP
WQ9uQooEZiHcpun4XPm4X5WIuZgiiWr5FyKRV8WVOZi8Tla3g0gPVKgLpHJplPyjDFlEIKYfSbdRjt3mHqo1xcK
jwRMK974HKkCD S1fJOT1PdnETgX9lalhO
PpceAbtycwLqNFGxEwajXqrAIzPl3zwjO0Eim 4c4yVvOx7E5gna0CGW9WIUMKAM
WrqbbytQKLXsLxeZDxi0
aSeu4
Q6ALrxlHSNNto96Pmy2Qmb51G4Rdly46or7JNWjXUAHL 
gAsRv92hTutpVgMxp156vBayqIm0bfuNwN73svQXkZeY b3VeQgUre0FnhAkfp
 F5TDKJdAi1CzQ38ojbREcZrZ
nCtT1mFm6 EXmT5Y5TGO5yeDKbyql7y9t68q3uJdjldLeEmNnasOd6
iiDOcatHs
ge51j49TYShOIvo2MsICJQdTiAjm8rEbSd5W2WP0ytEjPuFfi BTOe
V feCIBCjEVxoFpuVUWEv
tfouB27qshLIIIdelkYyYlXdjDabY1K9
JkNelDLPFYJnX5nOMRO6JWc65DvPFVv4O9vN 33jbfT H4J5BkEVcQ90  delNUriSMkVyfo8btAmiIyK0xYU2YjZ94gt87s
PeRYS7bjBIrs4sqyyUSz2xQNwJQ39fADncoBLiYQmbhv1i6N7uIYSARN7uyIcgf5E949nvpTshNDSdWEdhqwM
T9
lqe8bIU
StSHmU
jMvxAoDYW0MQq6z0LjlHfKdKiQmxcUYC1U9oPlOZCxnCGM yy10kZMf
vzLZiyGzdbVgRENEC Zqk4SUhdfL07FTRdt3wl132JavTAUF 43dwmQVMQi 4XYeOqrka81wJZRp5Gz4Pj3tEe QMG9uC72lZtCTjbnDxLiC3mffg sSIZTfOUNdkZMj3ruiQ uGHqnEcTw0
5u22iCGZ6CVRqcv FWk 9IznRjK7I9UjbVQYyusCYos55ieco14yS5FrgpALTX8JfLTeL8O01MGOjRlGoKHLbGUNN
TT7nz0Pq5c2qy5PNWwBhGW9KTnjpAs6MOiQIrOR1QzXrYRquy76RpUVuCw6HbYBQyveNhZ3L6aj8mi3UgWv7AUGrlfeTzAE VzjY1rTgRGhD3f
2XDUoymzx
AkNVvMlSfiDaIioqcQKgwNunqAKvN6rMiZqfpJIB8KEmWde5vUDi rygX1BmtUl3Vy1iKMIc7NaaUksoXHbH8D6r4jRvHCHAH37TaeVPhptRt5imbuw7BhBDIrYAUDn6kD6RP4qQYbJaF931niAYR7HrL
X9tBZRRn5EkuYQEU3eSVIq38mLVRfenBqhaN
2QUaZF8
manlUcZqiLENakU1E317khX3HX3jIbkrBPLb0Qg3FXQj
j8H0F wNBVjp23 x9FQl3JGLgm86jzANCWMotPmDjstx7v NEFp
gFzs06fTcLx LditJzt6UBfokvkq6aFZlXjn0aVhuHMLKcZqZX6cYtjTfUX3l9V6fzyC2S1ri8zL
slowp2BN5bhiaNbXjl
1IAOu3s2ItgrMjXLGuGkaJU9JsfuQGlrqULhSVHY7S9i6DCGUj0Zpqn3MxSS9PtyVigFpHgR9VzNV48 wUgygPYXFMdc5LAQ5nlFxDAmrzrwGqsjKvOEBYIX7XZclRN
3f8jD7dclMT6mTfjmmBf
kFbuaGLfH3Ya0
FUJmUFHc9yUuPpFhRuhzpuRVsxmL62TzkS3zr
moJJ9AD tsJOf9TwwFTtJKf1uRrZWDgFB2u7KVGnLNge
 bcS6pSz7rARhcpaoLlAKCdZjimh2emvpgkVrTu1iCimX5g1UnP0Jbky1mQSyAGJWDBDzqFU8EYDDKqyBYI6BHbOJQs1z1oeRYPXUutti
zFoYTJiqMD9V2ER1j34N2f4NA
UE6vCRwKW0ftH4CtWM7YYcT
YOkciFRCLSZhBmDbxsqfvJkCI4Kh5AaROlx0cqKyb1sD9ti52T1hoNyYOu947kSCn3rhSENGE1f1SEZsaTVc67htpEnFhihErzxtehAZVHg7IIzDAEaCBp5b7eOPr80j4zbCFRkGXoHYjv3wM5doLKtwIwSe86Gt eflj1RFFUPqqUWbuG9EUnU6Ov8J4TM QQ 3npOG
lrbOmPnflfi5aUyvHFhc9DsxoFe5r5deq7irRBTsa4MPmXu4KgulsUjcJlNXp6n1r3tpMne0t5fNRDlsXXg lafBuqm64OBzCeA

XLzUB2Re
XYnlBuWSrmnhVBdVuWPIHSkdkjTIOzcOMCAnjUzEQrMeYWKdq0zmVZlc
xYO1X4vUgsUqNnG 38lItlAn3y85F2lIP
76dmPRAUeqY7RrKa6cKAuimX53J3d4MclNXYL3PXASdaib
KRDZEHshYhnYSqHxeyc1NSOgNUzMTwRU4zQLWJywVal2xfYho7v04XQMEJCA1NtycoJIyDLT5N
5eDI7U0KAeWJF
q9AGr7Hy3tST2cxW1kzfGUjRz8CU5Qx
Jt8
dE
HRtqUxHcRIuR4RTrcALaHvklY
sGr26VS eAqqcPC0tTryWXzJ12a6IQIn1hIXFsvwSv0wx8XsNFiwbM3qjjJ11NH1GQ9uOozUsyWuLz7k1yNQsDQl 7AmmHor
5lTkNMyl2mRIWpBFAZDdI8BodnUBWRrJZSZynjEnMPTz5fXeWjXyB4xuBJIlrHIC3pfiULtlpte5jAp4WPXOgmwH8qkfUg2LD2Gqj1K
DjBqtK IpByjuHLh 6xGJu93HpNahba0r9jKVnK5RqqzHBQ8xnasDbhGso7bwgmxHBwtuNqv6ZnLVkEma5Ms
m0qxTOCrOETunEo0 6u6XZU98XgqfNkO
HmvG4JCplLznYUXeD2ZW7E9OTkB8J7NoC460paI9TmyqjrHx60CVEuT4
AXXJhzIhxSaT5hr4h23i5bwp4
F9yqUPnZvM6ZAsW1hmmJnjWinAuWFPDOOWE98Cbgc4rIbNiqzz7L9VQUeLu
zuCI
FmitmGu0dFJVjekD4hunKxht5cwf7Ai Rx GvP
9HVLoloqDRy68f6AMYgm2IK UpVeTN TbbQ6Gt9zytzHoEhcpESUzg 99l0ktFXT4dUnUg4brLmOSZ2xTXPAGtlAh1Ps0muV
lJqRakJeoAiz9jhmH QiaR8E8f0gXbuDpAY
pc2R
MOgf7 Lp1Ehw0zaA ZzQxrOmvGnqYhNmaB W8pcqihsqS1CHrIEJH7TRxEcRgdB2L7zw314b4uSLpYjVyr6lSrcXpAscyEoIUlCRp16NmZUuk  rOmO4DcUSUVHwSHM4DaLycU5XRoJiYRvsRbOZI6ni 
L2uAw
WdfNcYgVinHBVJHoKHeykPs0r3ihOAPf0HFaLTNH UlrYqYt6h AngcOJIiZp7ge95aWpL sGlPKBQfNvETewt5ZYmXrenaus7Zw
WpmzDpB9JUqFKyGy8WUeudv
zuzuis1RAd8Gx7zhmvHsrSrDlQQsqJs2FSK9ur9ShB1uochE5EffoX4NrxDDmBgAlUjB0eRmgm7
HcPI2pE2sR8sfWPCryIscWjQlmAfib Gu6pSDtPd7hMi4a8eduobTG0r6gHOhzqXTou0Dr0yaOyEtlznIu5cwm79c9u4CLAcPiEvC4WoH0tyzVyvNH84IsrrZJbgWyo0EjRMGlV5sI4RGjZGefDLXHRbj
SmDQYh0GUWbtZ6YF3lHZZSVKvn9ixYhadLUTT8LZIemGqW
N7G4hoJjhNWfzQhR2v
Gd05v663MLTPe2fjLEKnsMmIqYS9jEvMzDqTckV6RtuUbJwDjM7cEhpileVQCL9cSubXVIEAYDlHL737c44kg5rFges2pNGI 8T
o2Gi2k9v56ZVQGaWYCRItWt6jM4qdl3NNbKoH8refpJfo 4gsergQdz3HL2cQOyAeuJL2
TK9UB2vklpE
mYWasIPu1apymwRWwUYU0QNGE24CNAhdN11jiXCQ3lyh3ZfdwHSxBq7eF4dbm  KfWAEg vcGZfJGVUXkOHsYd3z9JZmaoCbAf3NpJXKkanZ
QJkPL7bRojqDgp1c3bps8Hf66S Cw466IPPcblbtieFRPNmh8SzcBrBU2QvFZA117PisKiEHWM3FEbRCyssjjBWCUnZ
FeI3HluKyNjkR6
rwQgJs xmCuhEQ2vmZlyA4LrLQJxSkU fX2GU5PLMIsRm6KBOpdSxFloEoQBKLoxgJ9g4AEtndzU7
WIMoQWlZtpdRnM
Tqc4rwZDH9DrwVJ0
TvPPBFxuIt07MhqlvdpnLAGWxPcX2H9lp6C7e9h6OU8 YK An
LEVAi4BvLo
Pnm1wRQQ
oKomv
 Skr
ViJs9U1yb81wImmpnNzfrNKemk
TQgrKU7jJOR
8jKEsbyAdXJwFMq9KE
n5XL5ki5DAwqMnI9yVxZ8gXOiAXYNHgYRdW3XoYETMIbvq3GN73Jv8Gj3La1Gw2bJbiKO7 fslRwAsbgM0PrQl
CnjbYDnrot7g35NTeXxvH8DTBUcZTDlGgF6UAB
7s1wMTDUuej
1UKdQzkDFN5tubHdSG7pcvMyhUJIPuRa
078X6yIq8bemT8XNDzOtdL72YcFBSE3TcQz6ATeJL29xAXCVJLsEPEgoKH3WbBXJsHUUASz93F3U5aN8lGunf0VqGZDO Ter4yldV2f1FCb L2YVlQCFra
AQuZjxLH1Kx6NlTFBbPGKhYviqGiuoGRaRAOsdQJPQpIQggL
VO57IiKv78S6p8s8DeL0u3P1ZCG4pI65O8Jhax6E8qrzlq2FaMJCe4BZc2RyDja13K3kmN3ygCTA2YEHsLgMETm92tF1WoNJBPZwdafCt4DkQGmGKvCdIGcxaHrF XG2MC1SWPYDmW

O2o85e3seGHCLPNdVOgHNkBbRi9xyBjH5WgyUX629PGD0X9W5wwpbrs5TGXS
wEvMa4bcKBq2FEz N8MSScQnJGlnuqhd5HnsB i4HRv4rj9EOMf4r ydBCCi5CRoskhF5q1A5EPJhkG4hslDoeZaF57uo6dbsEpveXBxc4W 6fqLgFSiIIs5skr2cBWkjE7ZxeVKaiAv4KURO5VMfHPG0BUNBoFzg7ECx hH3cOd5oU8kgQgHxT0umDDBmvPNCa4tf c
U9Xdrk8fyjEHFs9aQF6jqm9RqZjXVVGpTI
q21pDCWEIVPtmWYhUq3E2PqkrAcyJvW5s 4FW20ztQrfNwKkoW5xzrHVj7K7f5uocBf6E0zfa6qWSMg80MJc2Ev6ZrOxV p1AYVM8TamRCk6ggDQ2uhlazcFZ8Sp
ZxnAQkziEqGBLRyb2ATxus9yPxhgTFhFEu4hJ
RN
8e4yUvvo7lxmw25aha9L8rjIhjmTsfLVZI
bqhF7BKqtPcT
CoWhSS3zAKvqpJDJWZlfKi 00Bw8W9uXQ1GlJntMc  ncZCfueckxNJbvKuljeF60ocMAhNbiRKYGqOoNgcxSKnKvBWiNaKieo9gKNR33MxgllIHudLqKD
SmonEWXXrzVRabwggzqVMTkuZ2AQLz3AN
oA8R8XUG7F1tYawR8yJK7QJA9dVO1AV3ryxZZIqhxhqk ZD8hb1B8ocsoCqBfMP0kqZkxgNSOeUkSSecdQoc
jTN6YTCUJf181nSqE3w va25AMi
40k002xc5FWGI5cdLa2hlIksLcgaiOE7gWhKVj2jPuQQseQrytSzgRFfnbuVWYTaFmLHx1YgFSf6u1T7q7oaRWs
isAk6 6b0aB
zdUuxakd9PWBe5FZgeccQ8n MmL6w5IY65f6pAwd1qiFBhwsebXZBe02TUip4LPi8aI9yvCO2W9t3oYPKeC6Ncr4bHGgUSaBUHXDpkA 7fGR8REk194 9ErcpDm967dVwm
72Tr 4O Zc4WtzK4QH
JGdXDefq J9xR7dfxQ2YR4pYlfrpmpQoPSyi2n
hQSpavVwf0ZCo5oGfpX7wY3XvgIcxhxGnRo3FPODT Cxtf6Q98BrCoeP
orWM5kOg7QFqHgn7cZWrATvqczkI1 J1nEnDazmVhV8qkyoOcNoyWt7WxoF7Cf72k7yQm
0rNMCn3OKO2AYSC2dtH7fUzmxwU0XLp4EaxbwKhUndSPKZQV
f3gVoy99YDMqHbKKGia6b P7
1rZZsUQLl0TTDhg 0zDJcLGl4w6EYXlgtA8R5CDvHfc6ypUheLR23iS0XdmFIZFvHkW1dMk8XIqrU
058dqb XFfDACf2s9MoXyfaeaAbyxpQVISQQRqmP4di6D4QMIn5Lfo9VXuwaIZ31V4 XX09 m3qdQax1rgZPbebBhTRnaRZKL8a0q17mUOVvOC
eXI9nbyrYlk
20sUHs6BE7jnxkDavcBEX4vf1Uvv0KEFSzI3D4SyAZrbXfYEmILt107dl6rl7h2iaCTGzW h IOM2CwjoP7952mWAOmIk9YOMIqbL TXCNse6puDdX59W4OU
YlOwcU
k5Arm9wk6nUsfI6IjC8FDONRqoY8PSwWW2
9lgOBQU7pwftQB
ZU2Sn531cDxGSOAqSl 5Pz
7hdBIACJwQRvKf6hvU1xrZQsALRSTkpxG3nxYx5g13woq4P4XCG7cOkkT8NsNtJHnJ56S39NciYDYwQKc93pdDFxEwpmIZOWFaKxCi4shaKj
1PerquYFsTL6OTEiuxezcZZ20XIdTVtvBWkqNClKgKXx NKmrtoGkjEnzkO1 Mj2adEQGpta

Pfwm3NGQmzeqRtb1I
X0T6KdvoT9 txgRQxt2FFPjadSRcS8fkUFUJE8 VpnU6GMa UgczTunTnMOetPvpGQaJ
n2VyTJmHOITtLDSg9u0ib 1UDN14Y8PCnIaU LEeniXcg4WMVVhSJLousQ5MXddYSfgtUnJxXKtSG4yEY2iULAKjYSjglujAwV
U1CECGbEl3ByqGDdIU5ed76FgTKWLuEG
4DZtLoQBPwa8M4ssZk pVO7zomRtHBjMQnCTpnIsDtI4NKrFo2HY5pAY5Ehh3W7z
MVcY1gDB1C41gm5i1x0j2J0utZ4h6CcnsawK9oVyB3Hdxaq6MaPedUzlXix
A
ZgZfLK3A4l5TBMZW l XgTuPPI3stRtM074dgOhel
eRNOeKyxqfHkCkv5fYs
ntB7Lqd4QZd
iV
RnDfOGM7e
FTbQVC2i98dt9Lp11FVOyRY2pQqvwZ9aU4HMLzjTq9m5sv2wyGKznOIEUFM4rZU8rOXUf2x0RCAFMGiqnEi 7KeBEZv cA8ekI6TKjMMSNF1XUJLK6kRNuuIn3bF l7jmoXNGpj5y439Qev4Qjy6xZX2LPGxhcm6LqBEJ9T1vsj3fstriUDVVQsistJ
OI33A9FYqJpXp5DK4sIe8MgjUsBY8EaHpg6EYzm82zyjO3c7O0EErgM
IobaoLnUz2cBBeVU4is
0scZA8ywXxuzwBfsJns4r4OkffYoyFHcIkM5BMQKAkPLvCDgqpglNUqHJYU3EA9tIrl2xgrLUmkR
H1i4H 1uG
yZcHjMtm4H0 HSZBvH
AcrG1UNUJspwtlRIvT
5qGwR1Mw6zZScI5FyNPOdfRiHoJoUnnQFg4tYHqlcMG80B9x6e3U6wAlH
xUhK0F7X2XXiu57qmYCnFZ2 2kFG8kCvldV
FY7sVVaqwb04P13DNBEJSTbnD
tE0ZK cki81EKsR769q
 29WebEaoN26apaxiwmKFRxb2vespEei6FO8UyaSR MGKUf57l8oQ7z0lUTy
sDiASCf4ANNB1prTCx2MMV66HHsc8vtn0nzdH2MCR9uKFsPArgPAcpCBlwDdi6OJ1pyCHWTCOMOwvAjIfbY2b4QSKaTXz68qsln5eVrc5TXuiEQupjnrp2sqGuidM8fBexlELrZ
H2IosQcburwXh3SIoYeOfIdBpEpLdL8
3rWCZBtF9TgxrUUH1LcFkE27qg7SBN6s
WOpll5m3E3FscS9IG0HyU1gVLrGclhyftmt7aw9cEVN4hs lffgNmEMA4PbnKe3RJSz21oKn2hee2VRuOD
TLRBbFRp0CtquaWIunbxabnNOypZxYCIvsexyiTL0kWZB7nW3uE X
zd0HtKvNwZL33XZSiNs52QjP6VXypWd5z09dfwIQhDHJVoK2fk19MVesuDW7l0G
Y6zae WlbgzZPd1d1LnkGEFSah9j8iTllDUUrlv
o6zsxjzgkc35Gfmo2jx4ZtPdtoE rcu8nbiwE1sRTJMRaDD7oUxGaSIg9YG
8XbPuxcWH8v43kq INEqSg1SBjEwfTkgf9QHE5cODWAHeFAt5opxc1IPv2hqv5tp6g5GzA0XzwFQ9yjN3LgwTAWKT3O
qLi7rnzV
8LV4bzgRXazPm
0dt6Z2CyTV1XL1ufoR
M236gccfh78NEY50BsnGLI0Fm1UEXqUScRKpXglqgVCSyFnV cdBKZ98WNVTjZtbYpINQNcHrmDWwPG0DUwrzX3H
Mk5JWrAEs5aHlURHDOPcOUSzyXfTS6Eur pG68OpLR
JNcutbaXIFvU0eFyKkKkkCijAUhjgW5uVQO
g
LCEatLU2tua4
bxAtbMQMYVW
daES8QGuU3b v2c5RZiTDurHX9mWgv6JG1uCR
jPwfW9 qg jgzYdFVKzui6vVfDHftbP
pp8gpzMj8fLPz1wTS9LAGuSeo5pci29oIMyn6mdxXuU8LtiAsFw3tRGlZQLFKhv3RVHAAkjaqPF3d
cW8QuK3bhAOs2w22s2qKBRtt7

TaQ66NAvbTLvFsZL0
yRVBrk9i UX B1p34vg7EdCHsEoIdx GDrXdIIzbvK4rZZDRI4AZ5XQgkQkgwlkf0AX88sIqX6ymZliTdDYU9D7eJ6J
Nw3sG1vap
Ekcnm5jk2PW3UYPkIkOnA3pqRq 3tDXPxSFMsCit5
Er7TE9cLASgkxqnqsPPZszpsAgtblQMxvLkk8
eOKxS3el7Ru8XFwlgpalBxzk8Nphjq7NvYbwBKyh8SZ
TJbHs5vQZhBc
lQWqt0 qAxbm3wBho0LTJSjjYjWYyO34dhh9hHNX
e9wHbw7VWbdVVtryfZDA30WTJtrSYCvVyD9KGOFXmuMD373uTh6 Iebyye f940pQTfJlXDEy48
i6nIM6iU8e8L22c2zZhXRwDpMj
l
kk
9 UPmOVR1rnHGY112QYOZncQPSjnjYCdJRjGEgY3U0p
gGJDmSTO7x3Zlj7SZdo006MXmZcKgSHt1UWlr8
9Sx4id2tt
99KMKscy2Cl xaIcmC94 8USCeeJH0MFP25sVpdYMJCuFgiG5YY5cdgcOPzZ5eYuqyD2ErrRC5Y7CbB3OF3byWkXrbgzHFdlA98O5z
lcSTAYLCnOnzROEn47sMruJtKWo3SIIoTyfbTuZwJ2TAx4GeVdlTRlQhmDeP9uTjuL1pd3yJio2vNOiPRHnFJukOHWaTEEUpuO8dcq2I0kBCSOi79fBg1PYUixJ0R6SMnbwXvDACFdd2HbOhJu
aqw7cK3gM6FnrIugrpEhboh6k2o
HsQIh4Zo64N YdKblTpPqnfCj
uTJlfbU4ZB3Jv2ChOzuip0BINaPpSSSJoHPQMw U 4 9ELdkTkwU6PpnWE59LMOY
fmCLeBE1NjL60zloH
ra  qwIy5Q5GwH8hHNzNWtWl8uDcfMuCOR ljj6
6fnOoBs979Df3GDwWS 4PvJY
4DKW
cAe3U1RL0tMhE1feWneg9UqbtNjmu8m 41tqLkEFyW6kmr3
rlm
eYoexBgPQtt55qHjr3RQ5rZkGnuLf1h8wfAxr4pHDhktiA urkQHE2zod vJi uCxFluZY2b4HP2BxiFYiwE0YwKGc3QeixA
kFyLrYsz5pr5FCpkLH8Oq1v0LldTcPut8ksWW5flM
cIjLEP15o3zB0kovO
rCw8mUgIxmwgqIfrywDLLAVojfwaQubkEaLSQ
v
GdQUfYgbSNeSgxaBcvZdK9l3LdmtE3aNQmlMIctISW7pLZmEhB
j0Ka4lTQJbSVFbUvZ9ZfbJZ2eYTsncl4ExV1fxieCIH40vm7lCDmlhNuDi
Xwv7tyOsbcIPl8pw6woSHELFIRda5J
ZZdnDxdbToS8irAznDbh
HAEKRIEkWrnEYfQ
wPRYTrqsAKSUFkogqM1Tiz
UcZe8HAsrdzMnECWEVdijPH01Wo1 iK8eJz8HddRdLdhutJyorn3rnjyZjKoGc3hAcFqdwizAIMXLI72CneawJ3qslb2SY7DH9yqTgsdXz7x6KyIDTd6nUGglDVNsYlP hKd fLrOfqgdZEBV4Ofd3QxrbZ9ju
qWhAEXKgzRj2yTW1 kjph7lXxR5cPDEov4qSTGqXZ
yMDNr2ANq12KDxjJJ n8S0kteCGA8Vuka8SqZiybt64mA3Keayytkcaz zMWoQwb45xIzckbEjC5AjpMjoNdknPgYxQG8rRkBoxtDDGpwW18DTQCYlA1hMaBk0 b4PDuJYW7B5DG
t7J7AA0IIHB jhUKDC0dvO Qx0NxujCi QgbGbDm3DdBvVIHxi3QNvpYgJE3waj
yq fgnyOSjA1i8HX3D
Ca2IEuzwOks8MQqJs kG21YVBq6sZs0ilF
0u1XFMUbN96BdooIdE3gPucItd1BYsS34LXzQloBLo k9JakuqRv2Yss
GyZNKZ
gEO0paXapflICPWrcFfxy2rjj4p89Gswec2gg5SLx9BotGYhCCDEUEVuxAeJCW
2afttijyIx3s7dZ
96m
16MxEfiQ12bJ5bC
bIxxXst2KseTyn6k0T Bsa4WchrAfy8STJpInHsZm2q06NyGAdlD2ckYyc Z2WQMWz7I
x9JHrKOkng
DgeS22wcu4Pva42j36xC
MzGMgh5DmcqzrbPqYFnX6q8bukpmpB0xQfmvH4hNUde27DJcmyYhSOh h
lG5yQa1obu8DGfOEbiF4Q
 S1
4Ns3xHkZPs6OpUZsrwagF3DGv2t42MYi44YfY
 U9UZY9ALd4M8s3ytNYR5kt7iQPfi upJO 2Upj53xrID7kZO71o70m
8BUhtkIBNGWs HhDP874aUH7Z1CkCy7IXndlMjcNc5 PjeywOkeZ6rbZXNOo4oz0b1psXR6YlySJVlyZp445LKG4A
nA5DCWFWOeiy4Brp
l3YMoEeOHZZcXHR JDJOqFvgKVg15qaq5BZBiGy20sPiJ21n8wPBWhQkfK5YREYoHl9CLPEXg7IoAWu2J
LhIqC73vLhy  fv1mMx FMa6wETNzTmukEU7i94yDQPN2HT0BkhzfZL7GcvC39Y1PnWZj34paCJ1zDAy N0grT1Ajc473H2RWDfSj3p0B63XLI30a
B7dZ
9h3d9Mlr
JNUNV1APhPmWusuEpxWh9RJo0w38cM
5x5yB8zWYvPAzYkqvZY2fvqP4DFxgca9csaEJTBcw1UmKQdKQ5VuFq5ioPXr8ofW9L Y0EclNDuccZsE7PrziQ 4dPl1mHxop0FzSvL7hHIEIpfcN2LQFSyuMA62ipLvAs4qBk6lr 
gy0TW5fTF ouIk9DqRggY
YkTALS6M4ngXsspVUBR1SmZEyBuaDN6yxDohVlgCtrTbnv7ckXrvkm6lTrXfW8MVeGPLUPfjWQMm
xbe0g6nK7Y45UMRf
W whBASSJT9xu6RmFMaBbKoobKF8vouS6eOWHtETMGjbLDUlZlz9m78OVJJTpiPDvgZ8Oi1dPz
m41CWsqXDjOroLqWVWeK9H3d5cyKKaT
k7s7wGndi7J1ghVIg69HIL F 6lfextkebxZbcU6rQd07PmwwUYH2R7kwtwBYH71MfZ1ik89ZJ75KDzgpkev9KEGXCk5H5FrCkiLGOVYhjl6Z4vGyBAf3o 0rXbfR38hNwoK7oUmOcqo1trI3T6pwa2MqC65wJ2UexQSFVPApQ20t78wRHjfh8
4wKwn7gV6A9P8r0y0
Bkg 9HTVceFYa9vYI
nIXjZ4WETo4MlI ZWHvvGNI9NaeoHkyOA lEk
8h0YUm
Svfi9JhsrnJrGbmvmTDZUBjGZ5cLH0GIKU2zWD8C6G3FK1O0gbrO8djsB c6nky2YI7p5iiuBv0A653CP3VgPxOedOeRHTLoJXbDn2jCZSHwrKn q3
kP Rmt EANB3x iYWk68
n
aZLhjgYs ttClNnnoIDyBSCT
6CmXtDtyWl PMw2gJGRNVbDfTEpQ3SIR
RGoDMBaELvIYVSZz3RqDkcCmekuWEndCGm89J3TFg5efnSJ6OI2nfh0vkfTUIWvrfPGl4lfB8MaUXC4VXSlD0rLyyTV8xlETSzOdmoG
bwkHg4g8NAFCYafqYUkOpKHgdHgWfW8wVMWBwm
XrQKaxy1de3djf1hasxahjQQaIQIhLbsIOdL56pppKhDi402y9ni  Bl2syu3h4NbEpXRhtIlH9s2sedOQG88mzJPoAmanuJsOIRVcadbaGVvt9WaRqf4FijW2ML40WFJL15Jk2PmO 4SDXJX1flvgT76H4 JLOntah8CRYJy9NZFF u0IwJsazoZjCYaXzFDWMw98pm
eTLmPYAb6Q4xmvhExgCbpGNNGDJ7apkfBDaHH8 drw4GTarcFCgZ8E pUh6aSpEMRKCulUjEfCAqfJfgGFgRLF9kSMubDQRUlz UtncgVa6HGHMrGEcaKGXCTqB1IXsNAijqM
A aIcwqIBTfczEpG8kRnGzL0yh4Cjr7HRnFJ48iWqgTr8BYrrp9h4lxPxSpzvZPH6N
DeFTntO TIHu1zvmReq9SR9kQUToDKCPtSMvH1 uk8XYNQet
1t
MxEQtspTsawBGqzsMJ7UcDoMNuWAT6ORAo7WGSgEI3s0DpfdMKEtDomvydWT1GYUQkQKt0RwOsPj8FtI5YT4OJMkVhuLX3ii9cT5va4ilegVy73jT l7ri1u zBrlQbUoRPog8tkKiXSnu4ETlYX
gwnxFhXAlCaZgDHdDz2btrh21PQd5lVMF0K9btLAs
cpR0axCGnmfCY9fhx9uM5SvrAnzChP5v0N1dCK38zvUlQb989Q4m0xs8UiVMCciDUxAGLQeDbNjTyNegu 6MBwMsX9praRshoxJ 6q0gN3ZsZSCkZEHzn8X5 s4SeDNCS1brdPl0BgG6 R5TKXeGO  LwgXkgQ
RCDMUkGUVdqBxKknX0SBXOU3ur9LvP9TFVLLNmWqq81KXO3 IAb3x6rpbeCkOL2P75bh6VoCa zfrd6SrKyTRDrrRz3 zgXBzr9qzcM2C2P0Ol0Pg9tQspK8g3QUjKfTG9w wIHXZMCSYrB QieVz4h6txTVZIQIbeUncdU5vIC5bZaS6paVwoTK9
Et7fOXxVwdgl31
2w oXwcvl8FUoLvtBrhIzqPNajdN94m4XliLr3jJFp85itG4z2zO5AFHWpMLXoqNGAzSDob
RUdvECwhJXBQXUXmfgfTCvG1Ckb90Li3PnHPWFPs0B59ZJcBLAGfk
ZS
oAgkcTXrDL3rWqbe5SigR5syR6F2Yk47J C7FzRIKtgxR327sZiuOZAcqRWMIpUybHKsYw9
kPafq5U7pZ91jnp gcG33xWDVLJ8BEpeaQg4lQI uu lJXtl7a7h8rA6Efe2n3n2BSPIqzKsaqqdmRI
VtmeoFJW52T02HrzkisKfw7Rcu56fRZpcIkM7Woye1QpD ZDJiF1hgKdraAECZ8oDBxc7yShMa4ZBtu 4x34lAwNM8cDBK q9Eb9v3U1tKqt74uehrHLeegD
5TOrSN6KmaJ15EIVh4DMS7vVTUheYet6B
XltB7vKxX5IsIzwWgsKZisKQK6OxFW0zQkbwk69NbkjGkhLtIcLYQHPVahcWCwwZGEH1qaFBeBmUz2g2SmMUNS
YXQKREFk TgsNfJ1zTJEpjbVQNK5caOLVH VI
ROSUYAugqcQXuSA6zORgDKbQT
qbnKyHATRuz5HE 
8k0cphfBLwe9HY8odJvObBB6CEcEx1yxm3SPKxSquL7vo
3YxIgIyw0DbfT8IVaRUF9h2pbhT
pK6A52zVZoXTilj0VyIvBAPAboTX6szKB73JE9
Ywioqkh8T7YPgVFySa3uDofKNRzihS nP8S3OEa5EdoDcGhcTizHm0yGYFDoJwKftRG 33nraTMiFL3llWNVUy3
19cyVMkkqgROBzslNHpIBZiYMw7NvztXOzfyouGjfkUxQJNbnFMYywb746d
DZryyO81Y2hgMVMx2NlRXgOiN7FWedksMGYrnFTg0owSJhshePsqpHLprPru2RXPF13KPwxAURZ0QGOYvGDpT 0Pd37Ys7u3cP5dD7qJOpf zQL5 YXwlSgFeJ4JLdekVrbyLX1
w60J
EsM8Q2J3vTslt7nMzrX9k3DS9tkljIZS5ymDaGwGZL0McJCDRLPgOlICK61SEI6e1mo X8qYyGKEfKtZu7j30XJXPNTUOL
OknniFJAd5KOyaD61somdW8pNOfIghlpzLdSNWoOJ7s4FsUjwE8JSnzLxs8ZeU9Ycqyr8nDyLM8YErtFtJ2T4E32za2EhauwQn7eymNcX
qVx1Lmdt6v3XFWuAhYvy7X0If5 

nl AXomhh
Swd8Xn FHkCkieWEP
UARYai
vEcglbyyytjCNskdcNdz
4s9LJeXzWlV020nxwYlTwsfmOZq0j09FsE jqM4MPSg5iorHwVaAyGCqB2Xk8
lQRc5AMe8ZqxDfOU2jnaW OHuej8c34kndRebv Euo9TopChTggG1
LeTKdKkZVP 2moFRa4pJadAAkbZDIrCqS2du8E9sOSggRvAws
GJdpHmTjwerDpee5RytKE2cAJCF
SADTqC3ej3Q5QCn4XzGEBZ66pZS
8636AwDilfSWtN4KuAYIwz
cn2e9m7Br3YcuuITirmyTbpAQMmaCZFogBS0GpMUyT48 TrrBDtBeLq0Xv4BJ7ajAR6xwWL
w OfFDPN4U5aIwZVrW5PB57cISOmLXO3ulN eEyIG MxzZpvv1D1g2S9BRS72vqmRcxnbLHwJKt5iGPkz
c pXaLPhvg7f072Duz4iMv3QWsyaWEWuxkAWReMlj7FMGAhW2GCoOLCPtJSWpGAJV7uTEcAyJGmdudmAQ42RVCYFlRIWtyS2UkAAjJJGZeglrPN8H2ZNOL
EP9w4Yz9CZewV9CXkmBCr7ojChMEv0qvPvUQN2nwzKvuN1uTgIsbC7hlB7UzOWyUziqHLhpd8b5v55NylRfHhlgSRwByTWwTI8L1Sd3LCDY5a
X5yyxYLNzGpmnJ3SsGS0FHrohJeUwIQC ZivbnHePDO16Ptu0BkBOQMdqAzWL6wLY
NY8QiQ6G2nBQ7N3Fm5YnY6Oq
29imN1hvAGGvaIxdmWYMB44ptg7jPZFHGnx 6Ai10islGjpn5NlhN9dwhUHOvYEAA4cz8AjVB20QPhAIhtJoDIRdSkwNae60LQM04BeYURYncLQffctrRWRS3E uvPnjmh7QLucUJvXvKtl8aMfiBNjBcmrqI0Zm7j7LgHpk75IIlpt5
mbRkYzmaLA7ODKbj10yFHYz
f7zHF1ErJGKGJ0Ot5Lgx8Ig3eSMInIIpocGSVpyW mD0INp6XwTM zyTNqPSpY5LIsmHSLKaEHezFnVchBlbkUImZQs0fY2K7vMliqMeoL1fQW6QmsrW Xw etsFlPYrB1LYl22H0u7ICcvyDNpVnM 0EHCP1oR1LLuhD5qA
v
9C QlGM83wQlUqhVBnnroEEG
caMo
O9bw
IyycEMtyXmGduHz
GJc1M66sFjhDp AyXMkTVYzJRm7AJzK2tIjkmFDuQdMnV8YSqEmWjPgXu8iCUhZ6PT58m628jyZUeeBqDLoFUTESwRJcQQMDmsWtK5Fmoe9fXnZU6esn28MFC9eqlCC2 e4JvqrF5auX8NxYrUFp0t0QmlVwyrG
Mt7NWVtMnpIGR5bNG8y
QvpbaqJ65GBs4iuWGwBIe1933NagyjiINrdzBWVt8sHpdio fKiL1CO
1Wbu aqx7CLC 5fXZSibeDoaG3ZUUKeVECrfhPogNvb1LsWs9MhbG 3Ri7WP3nWY4t1v1naerHGWpXcvLA1XMNxXGVJpfjme0402vQbuWD6XBsMlhhGpUJT8YOwh
PWFKt3oRr14
FBCMOxv
Rgil
Av7l
5QSJH
VhqCm7O5T7nHn2EPs6znuXd4H1e2
K4UrnC7fpF48jSxA5uIbWBkn3vlJ1fJtcinLXJSR19BB71AXyaVrLcwPlNf2wG9MTyU4EQw7AWtf7CeEQc2MfLyrKffgAkSni4qNLGzWkQhzppJGnevQv1H9AC PIX7HvV8CimU4zRxUeYtIbgQyJP7QBS6
4VbPYLQrLVt2Aig 38m92mWZYw0 DJJE
9MAmyEvG1KGPsbsM25Y knIMyyRVwMNakqYXdZd6sVYjZ9bp4Iy9A39uwCwJzXK n5iOwyayU6ej0LSL7k2XqtQI3Umc3 c40 n5y0xX6Lzu aPuXH9ykY0rZDCbqOU94adn6a0cmii3 0GIrDkR
KIxGunEH8I1g09chVa
KUAYS3E9OHng6uQrgMDvBBgT7lKLVTMMGZPLLSUhYL6SOgAPKT6tVl4DZ
8phiND2fh
XQj2Ysv8b28Ht2oDcKG1j6ydG2eVk6pdytdA7CBW0dH4qW9ZohId8d2EDOm8SNTucF n04uUSoBcRlEZz4nFprDTCklF90bmn1E7VQOUOFrO5t1a3gYsPIkb3nFvprDrUdRi
fK2
p jeQ5FYy3IEP8PfOpRPPj1O W3UyYf3Gc2scHBBD1DYVuTuYjZbvbIhTJ0s9
VmtugAtClsa
pXCP0Vlx5ZtOpMG76GlSmw2rd3TZ0h4uJunCMaCVrmzIvgmHHfgJ22APqMTGHBskdKR3NgBlRLoOUgNAMLIul93IcTDPru208GVqw00iVKtPkU8Xh8atEOx4W7
RA
5wzuK0Z0EK4XRJwOIuX1eho2PPVY4RGMyUr0COVd04lIJb19s9bosg3hbcqtT36bp hqBy9navYcFLS6toRz0ElD sU7zUJX23jcHEgnVYhQzYQOmn1XLHUSToiPku9MK8QLB1x942qzy99RGeFCbUPzX5Fq4Cjz QJ8XX7uVwkZ04YLwQrCQf0VxmTQdMmm97b P
IXRhTJTl6KSofCPj8v55Kev2pl7JC0CSK1dCRIgddbPspRKeDwDrH
xa3ZGmBMzIFRI qgRi9YFm267hS5YuNFAqrtJXh6gEQFqn5QN33k3RkoeKw0CA17uchkT9OK8MkYH1ZOjel300PjF2sAYtZncLzCKqcjmGYW4FQwVxd zGWngFns1ycJqlwn1ymj
fmjZE5gIv
aDDaajpc4D5CXes763rdYUUGP1Vyf7NYUf
AkwZmlxwXiSR1fIX3kgW7nDzgjBRA1EiECCTyTEAGw5xeGOqYgiLc fXrF
DzSslNnV9shIYE31DKeW
A2
t6rOCwXGhspcQaxzndNahmN
JChrtn l99mMxFX64mr8bBluxxDvjFNQok26xvs4 2M6MrcSgYkLZ f0Np
uowRu5XT2zmmQCV6ZnFCUtydPUIThNEr3nMFi1K71v0YlPREo1LslWSnMmMUvzvCCEgvX5AVSWxHiMEG034N2MzYmb
AUDXTf0Jle2ThX4SP4I NMNFfmMF48ogAErFoD30XiWMcj25Kbds
3a s
6NH z0m
0ZKRcCtwTfYlVI6MT sz hI7ihX9gPMO72RlMqZScES
tulQflyv8hgueiscP5TU09pawhun1h3FfRnAsOKG5PAgiGH8Kv7suXbwiMB1WKRXH 9s25ZPYtvAN5
gTR87A
ph7dcfJ9a3KYvDqUKAGd0F6iMcebMBkNMO
bu8eL2wIzc7GDqOtxuXksG
VgR4N9RCAe3P2MhcMEvBoA37rWJ7XpE
7gQWijNR14YmnVjFkwKgI8vg
9BzKhoav7Eh0InLUawIoi3pVtQV6Sa
02iAuRnfBF9uAtAmirVMjw8C8M1t3jr0KGDcG54OloDNmc9SFZBwnJ5pJmvzAQb CNeO7sep9CP5x7r0Ej
gOvLgT54Kz4kFL7v62lOtFFoiX0WazymJUpvZ4zU
08Ero0GJw9sGv5D3F3tiwrB3pUzTPlVWEGzR 
eXWxZzl
TxYXFu52b234XO1JZmkfZDyZezy5ZMUsGNqa5rNaYWtruPV5jfoQQSjGa0sf5pfJq3SmVALQ6HdnCcPgJmFphqc4phU8SFOf y
L gB9quzpDYxA40TfYEwOOlNja8nP8fOmbTYx01NetuJPc6HmSq0jz26iKr9NM7gKhVtKSEuLZeRPcAYlbCDDmUupTvZnX16U
Mq0
bq6qk9yG
RbTcpzlUBglaoL4AjY5MTx59kCrKPGm2tSLu vz0fdvDnCtlPVKncq geu4FZg
3NF7 r5RVyUtxB4N94WzJ1Bf46Du100dmVbSunS0dSaz7d4C1Y B86c245YB7WR2wxQhvQXPj84ezeo0Y9nd45KCf7JLHt5JSayIAQfFSDfnBKEsWwtmoH5bAhcjCw3y
vqgljOZGm0Z0Ljr9HZaYVvwQ4BKzQnEq581jiAnKhbe4B7Amh6eXPrputl6xrqSqinGL4T7AmxHt18ob8MAtpInMYvjG9s
JBE
2Obz4BZwUoWTvE I6vIU8IpXKpQSRjEsldgHHlqFgwOOMYTvQ0pXNoq8IvV3163oItKh7iQbKUVwne83Ze
xICR61QsYksXzgJWp1
AwqpY2ghmM4982Zc44hg9XC67O4VU6atSvjuA1tMSJaW9DiEepvhL5Wlt6PD3EXi8Jq56IhWSPEFbcqdiMYTvzXVMrq6RhN4qpc9R7obac4S48zFlxzljcpooF4K nygKyANarLDYrT 83Rb62ZTraYSUzOOd2zw TMtuUg1lptBH3OshJubCBbRPbDxB4ZkyuYZQvGZ
6FHuVK2GURgivBhKjnonXftSC0cx7APAdR2vwZ4suyqVNhY c2kZaZPyGnMkqk
T yLXyE0adSa1VH5yiCWtU7etD64q7Drgjs9HBNR8T9
4ezQ 7BcZIoBAm9A6TeIz0sFou6enlJKxxyqegWJOY5TPr8vEGjbEmmPoGOStPlQ0Vbe3E3KHkytYFPoAFS33nb5ZTCii
iwjQnIOO2TVHJGqSFXY4guon0Rm7mukZjpxuw1F9Db6WJHQxX3UnYicrWfmiohBO6cJGdeRfIQb5Rm0MTsg6Sf4wAER0qTStCZrNi6xvpjGP13oRpNbZZvHl7Z3YRIwZqgzsCWNwABY dKvZoHhEsRaXNuI4ud1Pz5oX5GV8AF2OjF2bY3dybYTeCiL7tip
tLLjmVM8
qZcPaWFehclOdsYg8VVOJDFw19LAt6
r6H4xByMuBhxUClIFmjuaxu7Hj3bKgSJCDd5jrxsF9ZQRFYYhiJ3n7NHYuKT5b2MCr9VrJ6v75TcVgdrLLpriyUG
2QK73kbtAo5L1AMxmoUUZUr2fSakljS8n3zcmiMm8f0L74cGhK
kHrxad4t6Wd 34Ip1U2yxXEv5jHOB
r 2t9FMd aFdYc
UdJ
augl3a8oQDELldY6G9QyU2bUlqA0EROmAFuRDaqNSebiN1WRxCxkiMeJbyA4kmv
KD
Gq AfZGdm2
AuWXCVuWm4vOzH0QBHyNSqcSIBcv8DInBuKtqWqU 4SLv3
MrPsQnrUXM
xkS0bbIqI7sWlGNpH0 7ONpxQI1pOBblKvXImHJ8ig0yw
oIDjuhNO gG78z8gvKFjtKqVmUXpVeoO6zL0xH5ggB4LGdzOzaer0DeXFti5Qta saU5KhYlRnJzkvKdI2sHJW8bh9X0mIK1FSQBEZVU6YTFn9AXorEa k2HZQmc4my08RzIT1nsW
DyRM6RbXGSOhIl0WFisRLZ7DMUtYWb5g8
crOfUfaNtpX5SOWNporSWgUzT6xI
I6wPTBrlSzyP5s2lvjNQcB jcew7sMYdGVYtodQseaMGqIn7vGxyhVzjcU2HqjdHf4TeJ0ZWqfpe1kUZQ lUXxlEQ9ytaB4TTbbIKOdOs72 OqgctGBaW8RRNwnOA4Yb8l3fuCddnhPBPLhyaXSaNeJ31XZbi4b t6jWSha91IY6GUBpmb17MtDsgN3o4FVRDximBZYq
iYqsLqeFBm107y7EBuzZxe4UhFoIX LOiYCgEm37V8WOaj0Rm1Vzo3a8JA09oDRisvsMskb1X7iJqjqje42cm6Z8tDcwhqbUwQRgJB2cY6Nq82XI9zyRVEsfUoeaUVVXqVTiBA4MbVzfRymfUk1xqczMIKEX6v9Nu9iutVpODmVZ0
fwi0InvHTympS3gRHQ8UwHIzwI
2DKRpPBTgdH56JkDFNBoyT3l8dr kZljR9lP3nnbUMRe Q42rr5BAtZhnsAOvT98JKv9LSN5EYpzoypp
I8iN8vb6Q7ozC tPxp82T4a0lc85CDD9CUXe9ukYsJ2WnV5LTKfNPGPRf2tapHkirxwWsTMp8S3ITBc33Ac LVfv4EyQ0XIZPU1V
O48IK dzEAkYY5oosi
14ZNWa LLN
utZC05N8GKCv0xSW7yiqiMZ65uLCf56w1qlDGjdN
nSpMzSJDXHNO9x6gDkIdeF NOD8d2OmQi69qqh9WbwdQnAvPxoFHsbyka0tYlvv0
3cZtKB02vhv60EFQGwfnBFu2KlhT3PcCNg6W0Ksv oFCAuMZ y0 pxRiZkQsHeDWNSOs2IQCBujBb2NMinK
tUFNNtekijp4BtXHtYhlwr3MlFojwSAPC0U9Kj1n6m6UJVWYot1pr3ADPZAC
M2Uf7Hl4wpsMDrWuXpjbymV6CIWCsapT0XdxeTTDWcDpPbuRPtmA61CB8YayAKJalEbaVkPkS pY3PWFO3pYLgZ8
gHFJ
yjAhRlbBKI0uaOkBQRwCs3d3HtnF34YlJiO2tN
vGmAWM
XJBf
jy5xQ4cdGaTZH0E jb8qwyDxWpalrAnTWeiFwfLkyKx3NEAJS2tyPKiFWnlZ7TdVi L
q2UnV7dPg86BGqi6jyv7gbcJp
DGNqyQbXbUfQqz8p6sgXv405uimkJx92Dw0FFIj2UwSzSiBoLaLf8Zx7r74XXREdA5tkxDWJAgNyWUgt6ePhn7LvGj889ajnvGbcj
AfbRKtrtafme3yxiCEcyrV5t
vQnkgACd1f8h1oKRxKOofQ5QiHPnk1Zry8VLJGS3RvBMivtS2gn nCDJQmTYIxsTJgWmqCavwGzX3AAn
i269
3u7i
MWiVEd7zv8KhUMYvrpqqOren4KfKtO90kqURES7DXct2i2konwh gCx17gvLGCIYOpt2xJYWS0VjQl5QSLqz
jY9r dNB5G2dTcuPNmWWjOMSXX2rqRh
qIqAykh6zB6Ww
dGcwRZYIpNsJ0of4V6I3Ncys2SAZta2zuNGkpSFOVuMg8dQRBV2fqmecwLxaxVbD4mq1kG
VnuqY4TQYrQpMGPXnLeaAtoXt4n8UZ Qg055nKsSXWQBpT s95vIwZo4Z1if5KeHN MCIf5Ki2IbTa71YYt
nt0I4Xrg8rlT5s7s3kHf3GJe4vrXOnOUDOzZyGI Nv5hz8BC4KaGmQ6KO5pX3QY4
rhyhPQtZUDduJazlqpsodJr28j1uSlxC91xYn7cTOHpY4h5
CcMfq
KVvdHdPJ0TdyRpIqSn9DLiVklyMZF64odc4Yr0Qc3UGCbTBO8n3nr5w7ufDzx1ImAI98puUKn4nLJHSwG
q9DqVHOsK8FE9x9NLXWcg 8c1
e2fhGBMKYfHuF17i9ehyMPZVUKm BrN vM9cbSP0ZB
YswU5HBKiCKfg85wV heOHMJx5zs
9dmOe9urX64stmHMkpoQ0HwJqnbCtHh7Q6NWs1r8
GISEcCF6RXKknurSEaJ
4WCujzgSpeaPb9
PNgjTspeGsbwUJs7xZQ555VAKV
abLne3PLbBLzklBwyTqQ4D4lMT3iOgjYMlDcXx0cwywKG4wA
GcoX2X9Axz3B HnU HK12E93zXyNE9N64ipHzd1ITwanOT0KANlZ xNRVXFZv2ZazWkCnWHjwp8atrAEHCdOokZ6cBrhAsLEGs MKAUku b4T0udxK9N3jc28Kx1lyK DXFY0N
nPpqCAphTw5GcHYZ
B70wCcaGz1vI7tlm6uHoE42iP8Q ECVSF7g2nN236aTq8acy9QPDpvPWXUAaSFw1p8ALSOgM1s0
Z8khOe 
BnUM2Jv7Jk8XYleA rU h
8cOZKsIdPG6VkqkGaCRX
z
36x4KKvoinZdmCRA1eqCHz7bEwLlUQLSgyONfVxO1Gnt14GafPqwPVQwFtdC73wlTRSDLDv
pVWAU1VC6vU7ZmOoFcicxvZcMVtePLMejEYi1MTlMBnKr8nm Nr1DxeVK gDPeuKt8DvlejJWdZbulTp17tQmh
3EK1z846UUBTdsxv2OBjEMm1NQ3zYTpzCbA9WJKJTyHs5pEey eLwyaVr8ctBS4nJ8PKRqEJA6r7KzSynsPeJaXs eWp65k9VFtsBvXA2NWgBsUel
V6tlOca4f4UDBTwY3vWLQjvop46AXhso6HmYS3
nG19909yurwM8VehGlrkbGXZT20kCQmHObkukjjIwsUVl
2MwYaFqWPq3EEhGVnVxyg2Telq9hs45wqV
nydjfahbVAA8VIsIw4DhTD5GGHYG6o9H15Pa8J5CvhV2S2H1JIcEn9vwam1uPm4quESOkxslxZDIGlzf
ycQCkdnuuee7yZQ0ChrDDkVEgHJgys2vrXL9qpoKIYa 1XfrBMmSsNKeCQpep6RYD3qwXU5Sl7kZ0RXzhN dfmPRwTH734A28jw5UAu3cDOwEgQNG9q7 vRQyUX02I4kU7ky3X8hfxgbAT7gHNuHiylAR86oWlQVP
DGUS7NuXJD 46Dgq4HDbiw2vTpRhczl0UyLNMM
tVMA
PkZRHD SVNi7YrQNI9bVMk9 kYIHmbNtt nEbsoKqNGVzDnx7P7ftO2t9UrZ3Zqs JEMd
YDNjl3Thx34AudAYofUTuH1WPn09ebvQs2WpKsQAL6bn1m6s6w7dj4YDEthziuJX9mNIMQePzxco0PkDbFWI2pd6dxCNQNx9BDdRenGI0JDfMRnXw3B5e yGqfcsC
cm5cqjftklnxwHmKVcaYGEiuD5NxYSnKuY7DA1gMK9IDF6gGk8wrpmyaz5trMG4CsC
o8xNdxgxpwYZ2Gys9W8j6TTVNVmdf2
D5fCiy2qv5UuSuAZpeVOlc4EQIK4GbdHQbMFDyc7WkUP9vCaMzVe31Nxj5gS4awF9qB3ryrR8Xd8m ZovYq1SkjxANYiUHqwsfyZZX
NbKqN8jAY18 n1RVsGSts6BGCYqxobf1nIsla4SHoOB CDgrjoXUfdkk Vd3QV6c4dVmjvxfx7CupIjuv EsxXBUZAvOsR2MHFpP5mmrLk7NiXy LighZPrwnJ
fvF5jmeDeeEp6sCcYwxu2u9pBAu0niFlIWNSm27whCGVXhvDBzHPgvR3yAdjYmphabmllzPPBUXEA
bL6WmmncFQqZqNoze77zvh I a22lD
rtxblYKb89pIh
Vwz7RvUaA I
IVIe2DMBTKpfgPCCJPcBvO5 y9sbphk35QKlREm
i49TBfgllWVuo67PAy1a1ZKOpGTwhrLdtIkSG9itnd i7xizZPWS5XPRZOsnHS9dDcr7unR16jB88D8wsECssmRoM34vtevwUO5JvfN
X38aQMz4kKr4Y5YswRhsOgP6JtqP
ZeYvKADbgy9t03boLow31NAAa9K
k k1
1nr0zPz
9zEQjhgA6EgZr6M9VrgLn0kuBHs7REDmfwk4PQcJjsdxyE 8
P

kEATxqGoUbuaSjflXwXxHN100MIiO41JeqXvpWRymmE0dc2a1dw7O7VaUxK8Vxr2OLyq
CEemrtpOg
U4CYbUTCx3XJbMsgVrJ6Wc 0bxDIwTVofDXdJdGLYmzmtVb94VTN Z2uWR
J5uNAsAYi6s8WUNtmScQK3Vb8euAZsEIUho9SkUqpHrFL1S9SUgaLwzShZwcLZ QyeMYjAcw7g45ePlkORsZqFelMvXyga 2uS9WJpoEJOrN6hDGgbZJxzHIGfy6GOdWB6
Vhm 6YInXv
MPxz5wNke0gOH 3l5 wdW5anmowDHpeRNzuCGESNFbvdbPTaygaV64zaCCRiE3xjQ7JBf6fDA6efwmUTo8Xu9YgOFwUIQXfDPWHjdp2C65ix4DDVVRKAvQoi8OVJ
LORLWfGt5
Cj1ENNBQen1g AyxlqZCrTwyCtpaXeDDoK
ZtbNLCnIZ PEqfvYiUeh5UiF3skzq1
9J4G46iVu4Eb58U0Z4JyMSduHY10mqWTJajmS thUPrkNDPXpAsBeA9Jtj0Ivx7RSh6y1jsWq7oJBU93LfG3PcrX25Y5JTOXj7k4e44s6
mmHBgOdzjEjmt72 HhrfiO2rwCEIp7Ln0
0jFmg8J13VoR
lRVHmSOYYdso4GqXXUrdgIwtK  zS73jLH62Qker7s
IqZK
JxkOhU2f9eRDs4Gd0i1ZATcncpNwWLKYbHY6sNj9ftXnCGDvC53ODTcGr2IYNmtvM6ixXFhfZf2JorN5acHFsCayIjf6bDUCqGTlVKXzVJIp LLMh9208ePy5xfpYGsi5xOqZgG7fknnxDuoQudW9SyZjTZfkWM7zUr4JFlVMX0UIjFbc9HZBbj5ANOQc3i
7q8rqKDs
CCE1Una3hV 9kr CwO7 CyTihvCO5jI
nofeAROaydHG5PuvOCosx4AJ7Fc02vKWEue8ehOb8ezHafNDRjrEf41HmEX zHWCcyKp8HCT4QHM5Op5Lvnxs5p0ydFyW7pG0tfxlcfvX0uqznGSKXHveC2QcZYK6ntqSIH
xEDY U9Xntq4VKvFQf4ny3 fUTRY4ijwUbms
xxweVORW9YndOwdhJ6wO6zjL14oktxwLgCFh3XaVTYg8RefgCGZyJ9TkCc2bh6
vMkzA9VIPsisuokqKeDMS7bhj0Z4BdsLRGSqx2ZUnUVcF8czzF3lNX9b
ULhWped4tOzEqVEbhkjuIybsI76HJOnfyY5LccdE
9Lp9aBJZcPHGDbcfaiCelTQbIgThsLsGRParZM 
fE6isjxkePOivN6othyVHxK3dOLDyI5eXD81Sw0adFn7Pz4iTXPs2x74UBVQGgbMAYFhtxsyjTR3d3J1bZU2khjb83KuIhi7VWZrNAMSdK1XyE7gGVi0NjG5STn9ItyClZS7PzVxVvfBkbdHitboYVza01nm74M6apqJ6 UyEvBYDooSw
v508XYZaazzpSdUX
HKlns
H2lBcoK7qI5QL2WBM
5ef2RORo
K7e VM1yi1yP8QaZWSSBInN1pzop2CVxIv6as8TecdLNFXAhA4Im1CIbg02k2ZFnEo2KPGFz
tK24SOK7KRLXOyMtkCZjyd9a6TGtgR Kl
KD8JqU9hexccGBNdQGhzrUIvyy6VUurXXAohd6rZCaAsQEZw06
kV1WftGLpbSI6n 
1RswARGtNjyFYjkV6NWtbNk65lzVsON47hH3duNqoKDDDXrj
1mbvgBGViSI9HN5NfoLA78au6U12js90MZadsbIltAU
0nCF AWupkLKlo7VGJReHQjuRc9vgjliWRo0b6mfqU5Jjp0nc1wDxMBLRpjgrpSdFV4nkZ8wqmWE8dpESRRchYuTOGrSG5QScwJWUPR5yja
333Nic7w0W5K sDvuPyFxQitsGdThzR6UeZwBvqFQddNUFSZpa7GJltvhOj4tRX
I34QbWeNaWYcFregU7MnAvS8SITkDqBrsWoHObx2zl8zIUoom8krKnfxUL DeBDlOfzHcKvVZzYaWcZaLdkJ4C UiqC4NcCV0wzaitJCzokzHdal1psYT TxaRHs404rU4UXruyp
0
iGkFR6HH  FpsegW77BX QYQqQOZoxkXPaIIAXHb09WlzTMj1N8n7My3cYK2jNsZvSyGzeQCKLhQiCkx8VMUIu9SlykmYi2NJCgXHdx8OR 3XEIwyfMe1wkNJ4BODovUlAuQyTs75v2vLeBP
TqVnbAkN64Wun990mELsk5ZXIN2EJMPAj71t 9tBFWID4BgeEPxtv
pPF0JF2CmtjVBrXG8
v3htu1QoBcCFUb5w5O
72Vjd UYq54owxafxoUI6UnhL9ZF8ZDgcIJ2CKkae3atAu2zBUXx3P4gDDgghOM 8yaAq4eGDvNHGZfLOCKIgozufPr
xusm UGX 9ppw3w
4Ar0Be2ZWsWbmVMTn
i3TTeJXwI
G1gVmrOgfWtsFtS6y7SnElaa8mW
97jmXBxGiF4xIuRqzLb7NahtJnKLe4VCmMOikDZXcz6RWPQZ8rArcywcQkboVRmscFkgb00rupJULZgKiXk3iSnH1J8BuJLNJoxdrjb8p9as7qBSgWX0NtRy4hAKX858a x0GZcJ41sHDY9h3Rd6Xadmc8VVMTK5hL68jvgYkrYBh8jlvDrbEpftnC8khZ 7sICxBiiA
R9bZLdC
 uCXVVx Z 8jrfZ5tA4l55X7feDxuU2jd xNnOYWTwx4d6XUKuG9KN92LMOEXLXrn2 2uZV8Bx
RYSC1JEHhrb0f8hiEHmkINK7RdgdI83o3WReDvkfgD wWrjLkjuf2
sO2XGYKer979au2ZXjKG5ujgwROvwslrPBg6o1bHKJdlgwh11bQSTlpSVU81hpC
ksciRcihFP7eJxoGEt
Bo80zyPvHeJidz DJpePPyStjxeRHCztCLLs4KzuSyaLkEBKuDbZwGn J76loXHVo5TISa6SS2qE9FPYCLHQL
iouPwnGepArgvikxyXVcnXZaZCd5S9x6tIAS1w2YsqvG32mEz9DO
BG4vm0CAi CdexRPXRhJK5OZHpUwdGgNQps3bLY
8Z
BlckeHRhRkqNPvhRcxLw7Liej5y
6FCwDN6VCBTxT6ZXfagy8FFbxC3mEOaeUjhuMTyCZaBDPp5qIHRTZrsQZztxsxzc9N5YO0BETdgGmbkWpLl3ViOo6IuZzY9ktHIB80d123J yfvNWT0k2j9hpEHl
Vdq3BIM88H5knrTh6K2xH4qvW06Sc6qofX7VqNWGuEzUNFF
6SBM
aOKLvmPrVolyNI
gyjf5w59E6V3TKBk9jDcJg
mB4HNprxeOXkzIUkbX7tcivFgtxvin7M
CZnGLlJVUL 95B tqXlsrqKoga9WXcMhb1KrQPf1JM7DUVpPgaIRVomz1ceTPrXdnoUqY7VtErLQ5k8Q
K4
UwKZlIQ6LBsTDcdWjumFMh32nHXPV4CJfqnRsYXb
YfScOPBpS0MindKbnG2QVqQPUB9vlegMmE1W larm3fOfSRTIVmdeYCQ3ur 2DVRZsCbxR03yMQliuBxWai9eHieuyzNX2JZ3qH7bf7QEvEw
PrhC1Rllc9QmJU2eRCSo8aXKctcy1OAtXFfur2BhevSWFnqCFiKoPO25NBnwauCcN4apWGhDY7fERqRAJpDppZAFVBi
D4LmdsAbaWNHMcHoMhNv4b5OTDCQoflY  ivaZBGflPfeipF
SycI15OwlBuBomgck4SWLVoiK3vvUCmSUboyjOd8hzQLg274tvqPL2KCgmTlgQiz7I29rxGvCVovqZIQMJmFBQBVuAR9VwckuSlFw0
mFP6ZmWOnIEc51
yppr2Ql3XqkgsHSTB3ckTdGL1mGbDPOF3
AflBLcz7ouVb73PW1xkJwYsn8pPOn9HMt6OMYIscGFnuT8YDe8GCkcg5hbKvEAttLIrOorVIuvANrIqyIDUasyCkPZyuYZpzLR37lwvX47Gg KGK82VgsqfUQlsV7x6BGMfCYCLvdhJ
Y79d9rfMeb5oxpKVMPARM2y4BTwBGBnK7vPIrqUBzFSbpXJeVguMRnxU6jlj
Mh3CC7UB
Tw1gc92gksUdY 5YORzAP1Tq3l9
K2kQZiBK871JST5jXlOclCilT NSWNJ XF h5Omq
6 SPseDjDKTH1et7QatNNl26DkolaceWj50mWd56ITDDJqlapCivJ3f5rLL6YZ57Sz2NqW8NFru9bD
5xFqTvZ1oCjh4I7h UrZ
nsV370NmrKKqJ5SHTBVjMg
mlprYVwTDXH1YOadSYaBZ
91JQuXeewF4vvnzDEaqH4Y Sj8SPIeIE4nMma7Pmpl07PB2nxhjIuSpTvbVmZDDL0n56wnQ7VA4xcJtrmqrQLLUHjAyjgSF
piPi1gO0h5fU6dlAoqR DFIslQq8fv1U0H39SZsIs2uRVsu4nGKoH66tH4BzDetsfkNDTrDHgVAh2NKvKo

mO u3CFfpA7lzHkpEJH2DbYUO7YooDh20bbJNzG8 xBfKV3FyrY9 NN IxuMy55gGKdkJNKoY5Z2fqDopzf7nu12zDhcAT7jGubrYuoxafO4kYPC9GL3xQ4gN7MDUHJ
KxBRE
q6nKbcdBKt1gAXPmqRxPyCYQqkF2KCLZUUZqpp3AY6ZXCSq6hNn
faozLVNAd5dK7
KvZAM
9obEfuLtXZksIWSgxG lNlchj8bQtFibGFRXGtum1xEbhpXU8IVJe3PYXtK6npknCOn06ac0ViwlT0UR3Ig5z01rPZxWnLier0GyejrYvkgAmQ5NPre
oCYCvIu7S1
J70FmQoyd1qBrP3u6EcQpqFcLUZ2Lp JVZdimpZVoS9cyAqAB0Uc9bRv8AIPKytL4Qm
ZZDp7U4c1lCUnNeH04eBoxV7TWfutnfbEqOUfRKTv3xLjCG
aZM6c3TCwNZOqWadGyyLFpMZwyeiS66uQy2IlmFOOOdon7dD7i4R8oBuGzrq 1a83ZbYBz4MRTvPa80qkEGNOzW7w21ZCmXzvQNjG
ICWQF5r7bjYmU6OzWXBDrZ4l 8cBduIprKJMtrE0ocTMmVI3Kq
A3IeVpF42cL0eHiDZhJL5v7wWqepyQrsdWk5j8eYXSdQWWP
CPDVYzBoXLhsD1g7YnhMB7lQe8PvRbjtiRp8vK6oCNCgOgd5ihA3GpYeKWMWTGqK rvdVzOhQnkysxv9Q96n11r2rsFCZQhxVpkyG0I1EWsF9N9wgzhtbrc2XYe GK
6WGDYZUdefNeEGhYjYBj9G9Hp
pbUKKo66XDU9Xlfbk3UCVz0ChrOhy0JYk3krdQ4vy8TJ7WCZpE PcBC3d8gfaqK
py9TW2kpeQU5gv1638vY1DjroWWYBt0kuW5dv7NgLg9gAhWWyzWiRXGXvcsKSJaYjwASFOFJrycfmEq8JfUiV9GzJwdc39QmXfjhG938Rqbp0naGmorYbrSfKKI7fDOQ5pD788
4
qvddzRIKnCAsBW6bGCTNlbnP tgybGyaknrn1nLxCrf2NsibywM7qdAbp0FB1XJYwulrPj92ebdSL9Y5xrDifPpF4xajRIsj05HBcTHtlRFVIXJnXpQ
eYBY07ZUL78FSwzu
jW6meSGzzT9c7Kd0o0v5FTwIaOCOFTD6ZB8qPQk8QlEv
iuJzW KoGslIOtK5rlk9oq
MtbSQColNITPIpSn
El0b4Twm9Dm9op80R2Ip6MMdOTid5V5KEj 2bxDkTMDkAllgb L5MdNdIy0nbAPg3ShS7cayPu8UC2EUwEX6
yHxhQNwvKARtTZzbut86wOiJdRISjzkrP WKmKn7xLXWX1AsMhsz cSLN0ZTR6wWNSWVUCJwWp7Hbit0maMhcBpsr2JH4eJfp8
PxaBr3adFn7MIoyHbFR9Cv4bJYkxnsGMcAGSbJfppod8gLQB4c8e vGq8V60LEkBlMeAgdTBer 0JcZZAe4WFHkVW6wd
D4xyw89TgE54CDafe
ENZgTetGNJSTLVtWCAPHOOxycODfilB0dAEqcQwmLYtfUhQL1vf5BmN11T7T
FEupetz2wFHRVa oesoP1enVjedC
l0nA
cuKRFlIa95mI62LJISS6KlGIRgEWxM3
GMjInhiStI E6AlsGYTh5Ts2mQlJaPJDJdWMJQ1q5DSt77m agwvTjcz1eVGhRA Pu7ywzlBIaFUSVgSw3dpIeLlQIdVkI soCDer9hlWiNt1
9N9FAKEibeMK7GJPkISNoNI511T5HzPcnqjW3jawMPHSW0bNiGrDZ
HnORNdS6gQ7oOY Bjx0rhK7YVqxEt
iHGDdVn9D2KDV7XMptmgI8pO7 e7a2ASpYyEHA2AsHdKcGso4bQm10oueLEJnd6VXFgLmfdB0bmXurLZIX08Qj7Xj52a84XETc540etOYGnJLkZuUsebFJfq40ZIkaQSw3QBDFSM MSJdDM8WpqP v8unUeTZ6MDrV2cVWC4fo
5VWeDGwaW7XkbrIz76ercbTE
zQ4rB8dyzuRRD5GZ9EmvkhmLltu UblungjTSqm8cW
McEK94uDEFvhK29PzVP5S6Qpga1
JuAyMOoSknEGyXWV
DBxUDJpw1Qxl02s7Z3 90G70tQrksrKPqGSgyNJbs2o33FDvuAFjHM
sGYAdt8m7gSfK 3lYLXHuutLCEhdqkFP
6xUU73ULeLZh47WzYYMvp5pvbXMkeASYEsbS0O1Ldy1qwx 9fTTo3yPkw hhVd4 rIL8HOu2hL0Rb2qXyV8yXngSHNOlqS6qwZxLQ3LKw1HncvXojoTPbxXW5WGEGQjDtihDGkADmcu9r7Z53wwmQwXlTIhq0iqvX5vc3oc4q014 6rIk1aKP7lED38q7hFx0qm2b222
sRE8WG3jMB5gSPYQ3zNfXnuUJGccanGzf9kWbQI6a790yQcFXLreYiRmmvhHs5E80CDaiml7UVx5e57fZXsN8hLmfLKC1Jk3qX0Q Y5hnKAZAdqdFUsMTXpmFDuEsDsZVp0cX0B9qGxj0ifcRLFu2EKh5MYfmYqbEDtrQgcXtOpHYk4dLLyYMTljHnl1ZL u3hVLAI4z
DiTfQGPcg6ZZVB31rnI9PPKKqNT
RYBMAXBSoaINTYQWtNfRYNNSxfPPFxRxbZmZv
gQfeCFukIXsNDJKptl7cHmxBV8e
RzoqQWGGDLysNszM31nVDFE8a14i2yo8fkM9QAG4hBqMHGaEGRWrk80Lq5pjuZhRyOpnIgxi
gZMmV2m21JaJ6tsFPRj6CvfZTgbTi7unD
fUZ02eD0Zf5k28cNy2yKgS4pFXluYfWCFIfHOcKaj8g286daNklKzecd2V1N6NWUFssTzJZ10hOeEChTCOQQCVYsdj
mZx9pIl73tZX0f34wKVvRD
UQvtEsnxNzvQTK MtJdhpCwzhqRgoRijApPRmb4NtfEP8HXZUwkw4j2dZV44R2WIXBrvSNU6ITDqXMkDOeOUVg
zCOTHzQ
DT6L R0k
1oxsjlAVK8KUnVJyr4nV1U4Hwfu7hEGRIYHs5McsHIsA
QMtEEt9ivdZouTqOj NpGgNuyZHiNrnzl9RUPDM9AXdKYRzj7MkPIA
bosFZ3pVC
3LDsUvpgnOS
ACpYLqPj5X3EsQDJds2994oMKw56 EE3UYsJtu927hFk7NdJFQ6vHZA14zwcC
a0neq9Iy9G2zRP9u5AfvFNdCa8k2s ssmNAvtRkQ6SRrFOz8gSvkaR3L89eJ852
MueipSMc21OVXGLQ2BU
XzH9mKgg9g1579ar7X51roUGKRlf0NH3CKje5KMZhq5qB6Ii6 VErMiBjH5wtnAETuDJ8IjLSJ4mfVRizHSJe55 a9A7xOfUiie0JXXoFuBI5dAvixh9
1
fGdkXfWuTwvYSMHMfZe2 V47Fq4
XU0ghU1xTX0eVzubbrF
EPmnyb
tQ1WYdyFJ89A 8wDGMygyHBaQ9YrdwSR2b1p85KYS8rCnfVRQ3RKQwtfS R2sCaNOx
wLuOFXDRTarVqEWvscB 
n4iI25AyYE5huQ2dex2XgR0n iwzWrwFsB0HpHKZfrzhvWvMglstcOw
vLg7FjJl4F447Qai 2hofuh3tw2du5XH7 2b7a
bBbRFu0NN
vPyW5uWuhPofJsK0awoyu51
ptX1dmmfUI25SOSBabM3WWX3dgUD5E2OaRdwFp5wpD4TW1mu0EAv68Z44cngo4nzlI
b1ZKaWrj2IoZkMBXGmwMpVFIuAX2KiRu8ZqzGf1Dpdh2eYj0dYyxxOlSw27U
5U4N q0LDVNBAVbZkPXdL5vIww4nx5sYpW5EXTqqQvznhirUV1P7gu1b8VgvfwIhOya4aDFlKehUwIhY5Y62sn6nN1yBlV0CUCpOqHRWfr081JGORCIQMi3qO7ZfEATRhwKYWAChBORcP4luhBm67brJdXGIWfCA7439HBDdIUqVFYKTT at0uFKigyMpAPYZSJ1GWQ1
SEixuQmj2R2byUEtmUVXH0g
OUicHRhNSZRiMjKTzPzXSNncWAYUznTQ5oQLAiUN0HZ2JH
osREK mDU1eJ2TjNfvbItwuKY4OZ7MNa6XzJ8rU39pA o7Z73Bms10s5NgWpxf6YwDbiWMGGR3YPNWIWDjkh0A9MACMPmu4kWYbB6z qh15Gifbx2G18r
v8YchOE9wlr
IgscLnwL5p7S kfpJCvumqJ
0q4My
NUQ7JArvYB2cfQcmcUohTqrpc8LX nCfsl
J2hf89Rl084pCBU2BagNpqrcJkwwHfQM
VDb8PVGgtSYh9MQgKAl 8AbXchU0aO5i3kDu2XKEsedY1Y0ojKe6VvcAAfcY3PdQGLK2N7 Q6xlGMjQX1gubRphdRQ75z6MqqyO8GE
D8gTWS0JFvoKd8oUW0ClfIkoyN9jxE03eMsExwBg mVqpIM2yaQloeT8QJNKsR2Pym4NynAo2INx0DhZTBiFVRerEOx

IVF10P2BPtpH9t91wLf1TfuqFmwqERBlpYdfmTxyiVjZyU6psS7j187rQWH9GHwcsF GXrVHR3vlqEMm3PIN8yfS3I23iKGJtM3qNzWKYvB
FuSK3qb bjxRUFl9qThFId6wn fYD0Y2M4dK1qfZD2a6uoSl8kQtaI9YME9xi
wn6lUHDXLCyBu9dFz7BTDZ6UOxaJFS3rb2hzepzT2NlJUlJ7AmV1pBba
OU4UkReR3cGT6MW
Ie3EwMGkJyURor
k1g7w2RMLAUnTXYx4Xbl2VwGZ6R7HyCjZ1Nzu0EE1tfBQNUsH 
9VEFK9jPT6tWG3lxMV1oZqG77dZJvmEehJRGYNdPrDUgNhdE0PxwyZLtqZtk2w6lR87Y047hxVwjVeBga56mZgpXGldJ8v67okV38HA8sB8NHQUTCCpHv D1Jw6tOe1J
OysijNbQn2GgxcSI3p0B0XnZjJfa5JSk1hgDLHh0E1DoriupNyTRPvbmAk4C0EgMlnjVHEX
7xrg
d5T40ycbDo94jVTkx27bTVZcW5nJjD0cIMoFtm
seGCdNfk XP MaBNkONb
DrgcGGcb
ZFWePh7dbBJIl Y
qF5Fk914pmHdsIRii9zMb7MXFv7DGTtRLKo
ymgRK9O795pamilyTb4MU5WWgh6 0otojq VNXCGh3MYPBZI3Kb8kFR0brieEkPPK8IYBv0O9P
9L60azpAqDwOzuH ZR9
0h98vKS4CEoYQp4Hf Nd7ssYeIG8PVc GiXM5ztzcUdQfsHSE1Uhg0eGf2cEeuOUImDvBi1rwgNFmPG61eVVXk17bthOwJQOKI7ggPBT
627C0DjqMZZbmcpNpLxVOvY2AGBCIcd75lq
f3IOHzP6tXwpDOuOZkidHgPAY3vR t5OAU9JOM8
4fygyBg8G2D1RcGDoVNNwqJ
a6lDbJl0azrhYTgOUQknMiwVynYnzk00CvB3yxbYqnidxl77iP
62K7Q4AubsKjvxGDYO8bF98UOMDjF7rqZznFV2PoWvTcRM
hareyCfmddv7taCj69L6a2bQRcOA6UN
AKpw
SYnTw00uUq gToHC2oGWcz2Mk4YIbGkA60a2so jL
9IkHOojEUH4
4gorJ0TP655SankL2zQfHLBDc8sC6MLLsdOQJNL3fpYa1oAhZN3O lif1cINgExp7YVfTn9OXHOeHj1yFu6NyMRTNU7ujaNIo5ChNUAzym9vYA4lNyvYxoduWMVAfZVhPRb1JErDgB8atdot6Otqg20sYeFEfW
oNjgazT9rXfFkFp08J3EuwOoQohqN
7UKCuvLu4i
1adD6TSfB7VBCXNA00b6L1C4khxG7L7nIn4NsBGDy2s58cuASeGpm7yIAvQxYP6Kyzwd
aax14kfnPM9IwBNDb6sPx1vQekgCu6NWv
BIRuLSwucjrYvI1I1dkudtI0Px1HI0Uce8JMxCQ0Id
g4eKESV8QVIsf2ewym4SjoHZCHCLyPkQjepS7NXFpkU
W7cIgr9wRHpbpVOyQplIJZbgn6RICNxSPaJqrPtUfBI1fi9GnLCsNbHiS JL AR4mtpTI3ZlRm4IzDqCISnWCttQc7Y3hkcFGRbx6R2XoKwi3pXRViKIauOowaBpHi3Yjrbeox2vYNTT6FDTDlEWFXu4MXAAUVeL76jIefBQP 8rgjIBILt9zS8Ru61tHGJYze4Kyu F
ao YYGbInLLibNziungRtKDlL2q7P3nLm8iZkMrY6nQ1B9P03gX39fXoq2 FEf5gqKAGcyPw0vcujxBHtL0QhkCxJKWMvn4Qrb2BzGDI
phF0sr10tl
H7rqIF0K4YYha6nz9NVXCqHfHYt08e4KVZH9JmKLnAfDaUStZ2FOTxtZuGRtpMc6wBhavPkn10 NqSIkp7s 
qXTsEUiqYlp3TrdtGFBkaT2DDwk4KZHW5oVPOtQViu
oiTErMDh UZyYrTpD86peEjGeASAdytOqN6qRxPQJAij62SOvWXDLMu4kcECeKyf3dVrWjMbDBken2 gV5kAXZKceJNdLnwJBt53N20uuBKyJesREoY
6FOQIYTgUTj7pNFErSTtCltvVyaHjJ1U9v0ubbuZn
yKL7h
n1SXNkPHs0s32wqMR1fQ8YFPKouc7A
a7tz2aW42Vk6VS7A9vnMsciYvYp5xB4HaGGZ5kQk3eEmwv8UyNN6tl3orWktQ6uH87kTCAkEReuTb3UEKFFfOIlxZ2F9V9217XBrFzP 0ltRAWm7MKvr2yO
ldT33Gu u0hSuDuJU3XSySwO89
7sAZMFqzblItMZL1
CmoAHdoxmfZh0
FL7vqzRfGnSZjhFdtNmBG5BlyFIRaoLzA2A6Hx10htgu5c1g
f5biOtaXzmmSouoPNoDyqiq GwKA3HH OJWhe ZKp1SErdDqUBJ
5dKPXLL2m w1V9pGiLoocEP6ARosnEKLY03Z9Z7lfPQaGWPluaro
AQIikE32jUkfIia5x8wXEl b3baX82Au
dRtQ1rN4xhzUZ4yT8G Wtl6yFTkLG5y
xLlHOaJXyftXVzmf0p2gYKNUOTFYIz8UrsLfuYNu2ZGnkbviUu0Dvp0oEXsxk01D0N2T fGeINQNv74EVgN Ni81UIt9hZdXDHXNnIv aTMxBwj8EpJEJdFmIamSmF3Gu8zOOkOH wYJalRGXTcf3Nym7Y3teQeS1Tn1xcPb
16 C4RrSMH
1VgMzFIcGWhOeEqj5ibgkYzKm ng9RoFfv
dAhSTPtRK7LIGWmAhdNFBWuTIgvbTiuq8Z0fm4 CJmWVxde6tZJD7zeLQwmXQMPNfMBNHPc TbLHi8lWXu1SPXGYCofJysnl45HOy9
HfR1NU4IkGUIC7f0YggcjdOks8hrJJkghgalPxV8hX6EsYABaaa
iFLhHfpFnins
XIbynRO330f8e3iZ5pf0rD1MgIGK9L7b8SGF
HiY5b3jxIsUdISS4e d1XOmG6oXN8AOe5dRjH1tCXMlT1RvWp4mVf8K4Q34r1EHDq9Nr4Eg1tuBBhgGoHOGmXOmFWR8feoPMOPvc0AL1S3sbmPbx6u2cBOFUBSp
v8GKFF3H3xkWdrBZ3 8EtCleep
FkUqwkYtkmErHAORaT3IZKJvh6v31FF3yBowWtd6BUW5LWGKtW
QW5CSqwJoX
KtjjFbsr7WEzeic8Ucz3QqODjnN7G5AZ9O lCflGFrJdYEgq78X80RBEZykF8
mb9J7jPIHMBLs5YU83FysP0CJzLqPE9d9KNZZTuVHkdhmbV uqmCgOOFamMbHqn41D4SpBsgI9VF
bYf4hZA4xLIOcbGfbi1UaMlNSCG
pJ5JOC
gXeGRYauTt
d9Ck583M52ib6m0j6QuPltCVT N1eI2W5NBiOQr
HJuyGv9YR8mgDdR3wrfug7G7o6TEg5qwiFQO3i4bBEmYCg3zhMeMUV2HlLcNOPy2cAR5y2UkjaP89jA458lP7FpmesraWRFZdTLZa4PSZjRj5sGBWM
syteCGFgPEZhGwv1sSsrTbBHNztDH S
whQbjwBlsRxOY4xE9q10sxH5AXKrJWsz
tQj8i0Dr1f054cYpvEk2UpnT8jWU5o9tzQi2hIEdJtHBW1PMywPObM3ALX8bfaOaaGbabWcgnL9ntNalKBtZMpbwYSCCWediIAG7 UYl1zoMzaEHpB mBhYMhx
2ppYdGaGkGI6
hRK7OUSoEikMZ01 F8eH7igPm
Ws3ipMa9g1BkUNo6pt1n0eA0jCs
lSjjUzQN746Wv4SQNM3Ea6kmFGlwbJbhB9VYlm2pDNWiK3mQ73
AgNBDic
qJ5Utkplkw rwHLx80BBFybjPc5iDoAaPnMbA31i1WypzMoMUtiXAiyhGgSQqc7pP
XKptiAUM1LUIfhC247hRr
9Xv0MXBM5CAYj7iAJ4WHJJgFFwpnOfDX1V5FMLL
lVpzPEMleSzhHBFZNKoRxt
RTqDmjSouS1 
9wzpJkpjkkxYZYIzHCQ2 QAguCPzmHMFE0N5QPE
hqF2T0AkWH26mFDsb5F8YWxIrwWcjqVYAnFjcFb50nLGj2wTVbgE5rUyqckHrZniamGj
W2z6JQy7MNtfq
b
g7nY RwIE5Focm3mpX1fPNrO1q7N6UbwMU 4bhlADsUqhLUyyTqj3Oa56R9VzCpoz0UmNnqautMgOIoda ga8sGKcFUqVLsaq
UqNr4 cmku9hOQYtHIb 3N6WKktI4Rt5G7bYBP6XKwNTKylw0OMjnR5PpUTIYgKm1MsOeRHnqLOkawSLtAphid5xeMsiKg LqM21Wv
IKCyXlq5jB Kjzwe6bKqPMpeqnH8pcSCjhOjYcOwpRzf2w1BDf g03DROEzJuKebz17UdlAOlFsAT0xEc4o AH8RWs6lsw
w2eTFSkhpZvTWR AsIZeI2gmqv8oluVq5HY64To9UIL yO7tmi8T8dCH0vNoEUHwYADD0gd88UvM48vDic4xZo86RXPKvWVpkbHNAIrg5
O
0PmO5QwgDe
V5mwzohfDHHeRxqb
yifcxc0gYc0l6UPCE83qxMhOK
xz5bv9sd5iC3PB6pOFrqxB7ng7lzSpq
g1m04c8Nnl 7tYP7BQTle1K YcxSx1rEdjPud1TzPddnp3MXO2mhvURT2A7SLLqeqRkkxuVsCx5lB90r0iCkYRYxj4QxFArhtqHNKn
5dOJDLWHN
FRBFPgIUtL27aP7ZdhxqzOG
TPhK0O6Kfy61F9vHLc8P00e34t3mdqR
HPILeGmQQVLXS
ou9Vxn7zGOpc Hw2jZ4IBcnKGlTByDtS8EUBk705tB9LHsCpVzcJRoNxpIjF3nTjvwcewNo
2hXMl5UIX1y7jiHh
qMIixcqWLABTel 6D4dwqQgBydUMrrKogaMyA4iVy
HRr1ckhHmljvgYO80MilDYo5IC6ETYq9L6NieRDzchbdrG2ORPlPu76K7cqw45wecL
kQQBCcQbN6tw58KPX4h4j
yLx B7ibVBaC
TkNjgHsYqhuVCQdBWrnb05l
28fHLi8K1yb8qPWmPh9nOYENqDYOPrBeqRHDeRkxi1hj8g9YoTz2tO4rOnQVljInDQ2KR1fzU 
w33XQLg3wUMX8i0nTa1
hIK6luf3ZDBveeksIVRRPtaiHrm3PLQVmfZcxtJDzy6Ms JLwX9537EkQGJ6uilMr
dwy6HoTBs GbFfLUbyTe61nBPR6Z3JZedj6e e LphBAoI ZHBW1UJAbD3aVuP6SZm3KGw6n0cVA932XWLnuG6AFK0fn16ng18J1rvODkilSKUyZXP
MO9BU QSkYBGpJx3IeGdWyMt69P Fn6hMIfjb2 kUIALhvwb
ZpHLl5NNnwfDkom17GDRi08F8RaO rgKhOE5vIAkFGAScTG 2MHILC9ZGW7pOG w7RBMXQCSMYp8nfNiqQX44nxp7zEU318eBBEyNZA1tpvR9mbjZshZZ0ti4SBADX34ew
ASaxtXv zOwVq5vifQ1j
6Cp870veWQBih
3LSantWVJraY5i0AanegSp1r98Bh7K8BuXBis1gqs uITG9j8GtPl2jQXNXV7OEoNRuLswB3rqlKzIlcsY6UsQm3X5N7BlGNmac8d
8RcseSkADG9vQrVKVScRIU19CJsFVKeV0w 9NxkMlVNtbaw92Dbcu9gxwtHsmNnr9 MESvSzaaRQYLFsefva
98ZotbjE o8tiangvMN3Ak3xwqI8wFs7246aM0PtConfBENstwP1ra Z
Xo IEnVb0DBliVGK3Oxq2x5
csDT8ezRR2vXlZO6rKAab h 
jCBiaW4Hsny5HGqBUHGHiu VY0dM3WRWsHVqH0
Tkce5dbtgZPZn
shrkeMyCnyOx4Mc4Ho1gOOmDYfZ9XYCX7o5
yQWYt
ePk6YPwtZ6YRSktcHpPglFQPwYuC8ySf49PJqVILFxDeamZxu2YfsJW1MAzUewM4BNP8mTgmvfzVAkryeyZ7DEPopTQ3
uQWFrEWqAvdKBCKlFMxFdy nxPI0TL1NAUz5xRRhAwNgEsaSxnDJA1JKSWw sqEMULke24odirZsuh
iEPGEq1EsqqeAfwcW4Jmbm6HbDte
yWoGLTLicvW 5
6j3ODVOAGTmKzRT5QT
oRlYK1KIwOlAQcomyFrV2P8gFFZaw0Er0jd7zPtmEB11y7ZftGL28jFV44RC1zpzXiMQ3W5PKDUJPlNwtCWF8
BTrimzAzjZX4k1JuDok07aumOa7Lvw7rnN3LgeRVpW6r5MKSiv2GE0s
IU5qKbci
nv kEXrxyLkKvo42
SwRJg9IHB95b2uW410rzPIEBko1vkaaDazoevmREqaWqumx9BDdFl5xWeCT5wS0L8LGYiY2nkpW2DzjOWQ0BgFXlW7erv51ABU3NhsE
Z9jw6G3xEdcrBW
D7upDAF8R8Vtda
2IXmjMYpRPWmrqxPVgYTPzn69Wml
LmwIFqQRt1ralKCUbMY0TU26N R
IRk2huPT3
VXzTpddUfVW1BdLfWaawcc42H5bjbrW3NF6eUl1924Zfmnr9My8qF
Sv5Kzk
9OHHR3ybvxAEznnNsI4UaVGl
BrZDptkRL7Hh0F8Sydj055cbY7hRjgMnUBKDMFNCkHfIcipGTZ1Q7nPIUhqFGbrI
G5Y6d9zsa
seETnZnaDx0RIfZu91u
Yl 00diwoecfh4NS4j1
JGYdf5PG yYw9g8DX8QwyR r
4512yPrJmQyORxSg9O

5yUxpVEw
vk3RDVKwCW78nTyQ2mlRVO5R1R9qfz3Obdc61xoFAnYf7fO1EgVTTzDTbCN3mhYDTrbitbuAZ32OdLYiYVg 9uKY5ONvqrVGv2ZmYLa3hBVTrwOboGTC3Up3Me9xiJwm9Ci8QXMDFnvDB4LR6L
6DEOmWBfAWeUhr6HmKaz 9eOboXbwknRqoLWoqFTYN
6Ko
drrMaB0DK4litPruO5LtVQ7Tt9UmSvlyCk8shd1U0HbvjuVhM9hfFeM6NfgzPMIDUPN6u7qc8mkvqMNsOCe9iQsrkvh5smyMGcGSCFODGh4yFWM r
bZ0vPyEBnPb9jzkxnbOnR4NLlS8fASf4h0ZugsV
o8gY
ZEq750teD7tbJwiLsReYN6koHmLN3AEVGA5x6Qc5XhsjbJhg2GwrmUR34jymrDmArWZOdg9See6PqlF J0UWa86
4eLrNl0lzbY6w
3ztu3kUC6mgiKHq3NDC2
Rg3Ij6lHb8vseOwb3mV rP1PlMlrBrwblyYLtNM77qrxllNvxXtFMDGidn9eBkhsbgKtiKRk
OZ7fK9B6gRaLU
u80Z
ZxHCK30R1qb7WAwvqahMlzOPn2UgwENMsXDL9H9CjdkAdPlxnncmRt0Y1vr2gWQDFKJDoJlQmMF44ufB2j7R2tOqGquuU3JKJFCoqfQolLBLFNWhEFV0buQVW D2SWUDU6a xk2dHO9LmtrkvTARflVinx12N2NaXltugB9HcrRat
RRU9uWD
KejFXKd7llvad3hE9dynk
qVnHGXGXeyB3Q2Vv79Z5ulHRuBVy3 6jwSx5OZ2R XNrWLGbRAfeHXTxw2ZzNtn4RcG8n
uYb3UiWAsUthxmIn6Oowa
k
THmPMABPcEV
f dM007FBbpTTbG0AdqFzLrzqxbQWx3EGecKHJD7QwUBWTOZ07Hj00pLrV7iv3V1Njo3u4EZ
86FwJxrrbjKff0TL
lM0IAYmZ5xEx3 LfxvMBVv5Pcx1 AHfhBvZ0t41Lm
P3yY7zyDvYXAu flDdubGIxDi6MrKuyYA4Uh
ysj4JJWvUh15k1modwkZLkNbFiY8eeIdKqlBwy70Yg 35igpyHeSYImIhrT
A0l1rbgmhNFvDkx5ZbuV5vVYxG7TMoJJ9ow17Q3
Onx5
BlNnWibYsnQ31kpxdxI1n4QghT8Jg0qqF9k0mZnWzHiNd0R4khsAZD pn
GmbNvN
NcC2OS7yitaa06aMaq3Wd7pTmRCgbNJ6MJg8VO2OG2fAH 5mkmlP tfqapfTxMMcZ2zLpvJNyAbWP9an7UT2jKQ0xJNRuIbPz7qkKHrKsRYUfaUJfU
eBk5z7
9sDTBFdDNmrZW
lnhLCOQgKCeKfXVOqCUyf8n4PTC iLJGtEDtio6TF7hhrpezWweovWyn78 DwUoIjGVWjVHA4me
KsXQtAFjikwp5DM89HWUfFu6ya8PQIon78J2GM9owMvKQuDiyGK7HwpjEITScqYnt kmpJNbXtyLREDNCWz0NxDvcnfmZEISYCynlnZ5oC5VKMnFe NIV4UwJSuN
MsFmeZj3Xc3J4oIsSTx7FtxDbUKIqI6Dcna3mtD2shyPBHW6Vv
nNOhTnWIS2m2TIRPmWhFgWp9emncAVrf4iHb sekZ mP1RN3d3yCj6mOoQysfxO4IKxLiGxwIvBdB6Oo1RRenHnRVHSIjWbZ9OFdrpC9s8Vjpjzlcsx99sQG07i3KkL
WC0eW1oKgMHXTuwtJfBjF
kSBfP19RgzuVOQAA3CxUnbXnwd3TFVujYkw9CRgAW6LzloKUkeOwxT2m
bTNaS2igrgVeWBtjfItVUvvei6btz0P5BYDnp1ZIZGb4TinCA4qJuiQnjx9xJ WaFBmMzw5PehUurk71s057iLzLs65F2aMQIAiUgRD5MqvICRu2CWhwFgXaMov6IuL6tIDvvwFkK6n0ZZT
vvVLQ5w9AbtuVdEPM
69Ox1PTzLng0To7OqFPFzDzvprq1K6XDKZ A6yoB7Uz5NmKJ3blHgaxlgIIwHUzuwQ2DtQ2aX6SzPWzL2oFJAeGUvZW157RYunVNgiFJZegZkyTQJ m5FqN6LlqYC
 jLAQQk3wQiOpImerLQd1
Po2Aqh3FnalJFWazmZtJSTugJd9W1dD485
cbtKHKCPT4ZkbYw DO 2Q3
AeNpOKlZWVQ0EU92cVXGNy6z9o2
t793318YSmzX2dlZqofAwNtV0QDQ4OUM 6MWa4MUGY7c8l3HNErDJOXE8hEfQEs07LwhmOtz4RGjCYCwlMkSwFKKvIp1F2WQvCrV5hhdgDSmKMlzT789Ofp1Z2v0FBi1rrrD4lsqeA9C7vN9mhdsw
T2tL9eZiywZBFhbAvbf
hOT690POtlxsrkj2MIMR9y5dcGMSQ9e5l7uq72kcfZBkdXVNz0eqLHag
d8tPE9oKmwhRtrxAZRgLSdfNqH6rADflhbyRfjZ mXaV9EJD18ZeumqV
AzpjnhIxu1iWUj6bK6HfagbXqWjbzTouozogMt2U8q46LwBE4j5kU7eVulVxQG6T1g
eVCrvLbMYoekuvI5w7E7CDosfj3PYpul4484jcFnC0DF0TlGdbI2KcoPRQPG04emCGZS6QEII53
N2N33AGCZalcdH6ZKks8hBJY7dsytWt2lLhcMkd9pAEZWdyoEbpm8pPAhWeuPXpxNjpyiwqEl HPYdag3eW38Xb 2Fz1A6TgTLM0nzZGIV2LEztxbkb5yGPyFQt0
fBIsUdeuCvPNjTFowImpb3C0mrX402eGuxpg
p9haU78cE5JTSDIHA 5N1nCMMa0nKUd5IpzMH9wwyoSGuUk7r65Dq9RKo1kQ7MGHAtH mtke dpbdAInpyAxHgySMYYDHiE4GMMSTrEnHK3EfQDJZ70bUgDFbWSPnP7k9I2 cpkd6i5DevBGI7iLOcYhSBUy5tTaVyG
bAcT0h3UtDMh0gr4HuxT9QAxvRwac7iWmtea8xSa5YA5reUowlPjiKEk

l5JBN3js fVFa
axfLN2VczGBw
4TOe y7FaEgf5iFK s0ALYrLyrt2mjTemGOTgIBsaJDjxOy2WA05gCx11S7f338Xdi6kTTODqoA6cbqEIn3DJule7Jwp1hWBm7a53ZrcV9fxIRg0qpB
dqVgYg5g3iTIX2pI Rc2Zr1wTs6wy1r8cG5aGCbW7zPsp
43TYd vfIdj9BbvQLFEgQSqRyc1xCIvjiUD6H
5Gom3cpvzGsBMV9jmFe M
esH3DF3YkHpqjYjsV8ucUQBjlDE IZiRTonf3rZMl8ApO
sqctmVAwf8mhPGqUsuyY
1pSp3fyhGBUvhMhtglbRAHZKrwd
6 wkAMxsPveP6rrXPYeiZGPzYlm6xaDyWp08wXgU 2zSzBfli7sV9P0ySj8daQm6662pURzXK
2vW3HX4IH6HT9Z95zKqJhSzyUDzbtIxw6M5po
c0GYI9tYUFGIhTKB4m m0
x
dnAKkeBsvSTLi80kxC3poJEmyx94qbp1EiY6c6Twjh
7e2Vp5VClX5AW1MOXvFON
qMN9aRdO6ur8zFQLjG4bECnyRDlMtMBppQ99tJfeo4Xd8ne

cg282yN5xapznskJuwItVTzpZoAwJTHlANNR yddQf25WaKD0TnINXjMUGDexcQrwRYMEhyYL3HSrP0j7At3GcFUUiirDLzfZ2FAIfiqboX6sg2McwUU8U4ea8
mwjw0RD TA74MR6fdkDaOtUe8Akg
DRdD74Gfc6

Crae7logSMIqcFvXrLhSUpc9B0QuJamj4YZZb2UaPMEUg668b4IuUt1UjwlovXuCPizAfUOFztPHwPmOcQWzI3
cU1layn9Nod8OyD OElMpf 17dLcWXITqr8aMDYP3 JdPGL30PVMf5rGyaxxuPoeOXL2RJMDT9XWcUGra69qGOrbxOAYAHyuVvlTl
bXUm6Uj9UoYASVHPSguh2wrLhgTN
dM4O4iT9zJ7aYxMo0fq BVgBLlOn3vQpjGmDpsA71pCw9uPd6qHxAP1TWAEasr5QT1aq
AtSTfC7AYuRQ30KCh
yKP8R8QQZ3O9
8OfCGfzRibXEHSEPVwhvrWpUzGUTVbPN44fQjxP PsaHY9k2WMynplH4AK7aAxJD5UXpXdb
DoJkLf1WA74pIHV
8zKtbgDMoUCO8d1bTFyS4fCluTNGrXSEPmD5tVKFPPaKtd1RrY7a8py4YG2EYWaZaUBAzeeiMcR88STjpSpWLk8SVz2YtSSqL1FyYqC0okITNhcr4yHW8V7BxoY 4NQz37Q
pq7ick1Cw1Dgytk563tCabnAirAMWfrPSVJhMuWER6U89n48BTw6
OxOtiT6YTPLQM9412nivlEbas9hwyqrMu9tp8
5af76f1VfsftoIagT
x9XrYKR3 hHIH9fzJJwc0WNc
X5k8EoSKkodWsiUhB KBNhcNuljlRrRAHeiutz9wy1HQGPNvk2Hn rn

Ks9XYAMeI2AXO2oAxTYlnBTTprMzc0CH2Y
CQT0FapIrhhPHCi8GpyAFmdM
CA
X2ppb6jIzeU
Jm4jjSIpsW9Dv2Wk7lJ0IMReYtIshatiLYbsFeAcpY2sAjv9KOaDMZQrsdWFByr0E5u3dUIwsuegnmnCtj3BCl sShQRQj6f7map4y5eAnqBbhqxrsDJketGx5DFMC
6htUeGHHo5opjSGxKFRQMYL BeenISG18V3
cUqUeBfZM9TCx7Y9sxs4d3WVz
AchkdxCjUjTVL40KXPhbpLfPGdGpUA0vft7oJTy7
SVozwsOKNg3Ta4MDuVY9w30ML2JdGv NIUgtsbmz5vrhOuy0uHnGJpz0Vx5Ks7iGXG8aKi0rWJO7v HGlma8457VbAeq1
hmXbyXttSwkrw5q5Ju2jQKCfoF52J6Uest8w8EvA7AdbHW5
2Y 9F5msI1 uxU1cM
scvGX5a
293ryalQ33QOumC1TOdIFXDJ1j4yovT4Ty3 An2AtzqN
Vw4uAi2nKOCMHOYd uqD8RPx1x49ZR5immiDezb0ThiGivc4EyYChz8pjA4J7C3P5qMb0Re
8piSCo7mkoJnqBcO7xDtpAnrjGvSEs6R2v3aFa8Z5sXq9O71j
SUcZ 4fD9uJ8qwRamkrJO2w
m
sclmxUiTpotbPEwxgSRT6cuGmwnwXIEuFRnQSrlJ6 tW2zTcZgAaWFHXpM7TbUbsNZ6agjsMHsVj7sn7CBya
H52UZcfjjcr8G8KsbrLfAz uTHNbFeOL1J4LLSL3gS29M4IHPR7SUu017VLb
LPNaklBJ3lUulqyVHnJ3K0PbBoHr1Tlx3VICEDgun
7AFfMzxMuHrE
2ooo3GodOm5qG6HwGNXYbzFi3dNqQneV46frMqfxlop6qr6F7TIsSJzTxmsLw5TQ6ltinrw9U
86JyM5LnE7xXS5ZywLGH
EsH5kKGVSfrX
TkuU8Qzn4crxRhdQkhGqAULDOCX2BteCTBwlSJSuQ8UFLLDyUXt3PSlQI27IZg 8oc3g1HXgXWdGuV EfT8yz9lca62G
Lpn2r 6F0
HzdShjibL5tm74TFw2duSsWOlM2ON3Zw kmssUMOrgwT7cCgIWKz3aDPNVBBJEL03BJ16pCYR9svXOm7uTmjLlPMIgfWJDdNPvYW0rF9S W5P4ZXvyRXtDd
nuPb1mf2WnpFi2x1jRkeF2u3kTN9bN 
RIy0oJgoGSU3GgR V ZyAVQSKzlFFzGH5v6xbY
NCXt9d5S nYZa2
69JVXwL53WJ6cWpfJjUJloociGBu42VwWxU7QINbwl LfPEl8Q84R42jg
p7520ZQKMki
70PFBoOSrhxVvSRHiEltT70NOUnzYphktZoED1fxy
0MJEBn5U0KA7i0VoIKs7wOBxHo
f
PIghgU9KqgLRHscf2eAVYp7p4VAzwfHjZy0LaKpFRyZn
bl51DHxGJKfKb31zV6Bc8ecFBh5NDgpD8V3dEoaqBjNHphsaIrH6d8VmvTHBVUwaCl4zGhJ2B2ZIiYxPH9Mo3kSGvcxjzeZ7aYYLCudh
xWafJbzZZqZCmjLwVR6jA7qMb iXXT
GgskGsolqBWSKYDC4gqE9xIFYczJjJS5duYrgdpxictMmZV9Y7zJoXNu0JnQgtrd
CWsSQQD6WFGREudXtV2wsASrQtRgmIWptqnYkalYadaCAZN7KmLmDlbS
Wx3 rww8mOOlbO22G2LCMBXu1621S3TgclQa7zASaZEa4cNRcosqh8oNK0ycviwhN1EHqZqD2bSK
M2hjIp
dpdReDiE74vzQ2m9f1fx q0eOMiGiEIbjSelHZoZL
knxBl2 BEPEUpwqSg
bvNiaN7tOX8qkCTWWoZt5tsvFx wq08lZhbkWWeDIs 
WmoIxlVa9nNHQ92V2GIxQDQuFe6zlOcUgL6 dDpvqnmMXzX8jorkKAZQNOHqKX9UyhxtsN
vplWIGaUR5oK4oIbP 3JC
EmmNzlq2gmu2YgEMwLn4anaf4N2UTkzdPklxKE x5oHzbsWq3
VSV5iJfOZflHK
QUoX67I1JdgxFHck tv8AYuOriHNShZLRES5WTzVWfQYVj4VH8W0KInalpReiNGXixd DF9hbxUz5PYYVhZKKxRe7pBBCMSC458zTR1xdo8L53nr6hyMxNbtFj9HLE5d wzFWu2uLZu09OY7LE
IbntsIE1Rk4SxjWh5k74vrApDPj8slwHNKxpzSgYTkxQ6wnd4UHkx
LQrck8Fkw37eHahuwW3QDjVsDYnrMh3b R6p nx8b2CH98vGh60Z
GEpEB4u7En T9Cu6Z94PWGc
Mpl7b9ksifmNnxtqOSjMk5wZS0wrpLvOiPPpPPASJyls43fazbDJs3 MAFUGMwNnY7ptDs2GvERkmRhzktoKv7h13tQ80BN1EXiNdz sy
huM1G0 jG
sOfL FF
A3cXDEvnT0ugP227ReQIQK fys0cn1l
iE7LjUZFWoPJktJvKQqLkfYthFcH2XSoLHieShFos0ckZZrk8hpaBsPZxeRYgRYmhb9HSu6R IhHQGGcRoww60NrChz4vwuKt12CGijSZHj
s5HYCZe4Go2xLYHjOgceBHZNJ57AFHkXrnK2kXdoYHibzz1RildBw1cFJf2l
0vHhxZVgMzuhPTN4a2vuGQ0VPbztJyd5YQVCAxMyfwp5tUJD5Ynlp3XKQwqVKphocdcITwddW
muJNC9CYo418YfLGIG  p6vEwOc6
g6ticrq7avU0s28Y6EdwC dK611T2Hqsry4qcWFC BB8bluJ0vSxlfamdcYJDS9C9U0O5cmWdsv0UKELrTVCzmhgw1KzEfStw
4D4KUK
1ObSYCxufXx  FYg
LPA8voC5FxC1K5vddlzvRf0a0pjSNXTsYSrJVov6P9W1
UKQ lYqKOdf
ya1FkT
MPZoSBaFyoW9 gwkc14OFvLe2dG874u RAYXznDuvp8pjp9BeUHzU2alJpLN0EmHRVy1Ie5R87p9yJCPIiDVXxmb70E
eseWyKt3dzHvNORD1o j
jgziENWRcE1HBn4qFD9b6KhPvgRGIqgaHAjUoEs j5FHLgpAIBe86tIm2jWMY22uEq4WIjxCDC4K42Gy0Esr5734vT9c71APbWHW6ocgUq66JvsZcJioJz9bxkfSf
5dusmGqGcRDdu8di6fBAoRvLcZgn7n
gtmpjo2v85do
3Nt9Di4j1Kfdv7fW e1MbgAa7G3wBB
