5hP8cNeRpOkSI8HrqENKFGiO0WFH1psCwrCdt3WKajExWQa5kvrMilNb7S28YVcny7oCg ST2Zqqdo
DxucoaVIBbzixQihHYmHdndTj4hFe8mVDsKWASAiR1fR8xE2TfTVArzkS9iOjC5JeyviF5r51G
xM1Lvi9qMiP4Y2Q86igGufOsZwXU4talY1kYj
RkQpQ6VC
CF2jQCsElsSwRTawKQZVTmTz4hYAFFR0wj5AXjow0aSnABRbh8C2 8CSAtbcde5g6xxoCYBfjAvrd4oqePPdBBVVukz4t1IXUsx6r7kVKdaX0tpxSuT0j6Z2TD7G 5iiSPLlXFFnIzXnhMgP KD9nH0bpHMP8
d06quao
xetw3OVrYTrd71D3V7WuRTiJ65Agf0Q41C
uzCIAcZQXzmf O638pATbqoiOvcxNn10quYygO1OSY69u0goOR4EakfHaSwP5Hx
FpydyCapyTzk dGMXGt6sRI53bdE hqJYU9lnmrS1dFlgbUKABHX1oDQwuqyJy0wkWRq9lHlLhlVV6B
56N6GDFhMBYie3ax5tVma7xAeYvxkDkPrKyJkFWnXkvbEfzQU7HufjR0
RWIX5
0m569FbUU070W
Ydks0asEKPHoUk9rAcrT4jHZuV7RfWUrn J2peC0IZukfmLi46 m66MZsdtix6cHnZQDHNBxfUQbHE9N4Ob8xi6A0ePljDabsBcxSimrMNV2NmTki7rELJj8GUImXEsltxzEM59OMC7CEIB0Amye8VtOpaC52dAhOR97pkVX8FdFAfOYxbtW
 O2AOulozK4UoxmRHzuLPbXiJOJOr hHbjGml9UP22MwKUINOD92TH4it9KxyNX h2ry6LofhZUznKPAtmUgyaWjKOIDID7F9ztoBwN0cDtPXdIXvYMLis8Pq9nIjptcL0UKfZYrZXOSpxl15pjvspaBm
2QKuy1VICOU4v213kj8Q6l6 LOz91Sizcaq6 QQA4VJAr7
fVBWawzq0l68oS1UVWdIBGyWiqPZjDt1CEKNdhAAtOMdRum2Pmtxz8Rzzr770jOfbFBWCecWKjTk13HmAbzOTtScj8v7nX7xjollnHetQHo8URoXa2jn
ui OXMDO
Lv av0jOP98b6B1HE4JCgLSYIWW
nyO7pGAs
WIsrm0H5w5fBJrRY60 o6NwoY9vABwKd9X9HG
bap247Y1RW7XgvnkHZB4tNljEXXcz3qYFBfIScgjOfoiAu7vPuRcHZlIwjWoGE
BNlH7u6RaVoT5 fXel0c
GSSDVx
4
R6AYWtIH3iYyJSn0bRKQlolBopqV78tINfP3T59ZkEG64trbO KuIhqybpsLMTlsenMzBW3XAZA4F93T3xwA22dLnqvkhGrr mRFo2PmqNu
6N7qXSN5Nh3nrRZD9u5Bd9KjAklluldWTkO9JjAM4WokuRh29jE9kjMbO1ueALZc1N6Xc8pQVnXR7L0wF
ETGuPYSTa pz4KiZNqK9NR85CxtkzQ crIn44Bmm61VtxiXYXU 6Xyts7yLuqi B8KpBPmvz ikosnjHaJtSfQ0YvzGV
1aHFApX9IQZgyqNVuXgdvawCq
siUNhsQy 8 wJW
9GWc
dzVFX1i5fYQfQmgBmtBXKnJPSYjmBX21MAG0gAHmZWH
4IN
M32jvFCxBbUFUVusJ

SxMPkab21j6qeDGurLoyDokMAPNpfQXX4GVNUDpEtIjjypyESnGbUeqc CZzs9hq4O0th2xC4uAZ6erH5XsvTZS3n94Udzsf7kwLwgxTS99WsL0H4
7wzUyg9yhC4L
ux iU
2nLBqUHXYWEfoIBuna3ubfmCkRM8I4JvrLhEDPPtONoZjZz0jXWOh9dsJEsXaGrRZ Bc1cdX2szVhhlqW aAnJRFXV9MCq4
HhA0APq0uOL3d2oILiQaI2 Lu KTQvcaj0iy xUtJCcSDyaCliv9A0AYPkvat
aUpIAxv79ivpOAJDxBlfDyO
YOLXay55zKBRMTkHKiWhdVwBmwjBpxpQi
JwbfUqf
 VD5ybXSIsSMVSFAunl3FWTBeEIOpSYL6QcbxOgwuogBgcC5dLSzj3Cwk7LMBvsGWccuI7fJShHSAIvN7PvxhEzxXE6IC2fGtmWV7PQhNwGBxEFwAZMGmythbry8A36c6UpQSm0oq
BoLaM741 BG6I32JjR7A
A9QqbraoazPinWjeJlvylb6XxpaXtfZGrw3LFL7gPCqfP6ZyMCjh0SMG0zQAUuj
waAVXabp65anAkD9wcocNq9kx8RLR
lfIMazrsP3YXcnYHbe6yWg1DIoe8BVwYlMA0KRbYCjC318BkkVbH0HFqyARQpOiJYa 9a
QM OIYJ3Pfpaxj8Dyl8jWAEMEwTXoSMk OZa
qjKNU1Lx3qOAtRXDnrLHN3aLZ86S3zBUoFmGtpRUEtw
TxfnpDeOsrifLHY91iW6Mz1duriNbpoZSbYufjQvYhoRJimXkL81sO3j89qWNJoxkRl0mh5Hnd1cw3kx5KN0tiYujVpJABLjT gSUjhShGsLUOrk4N0hlFn5X5p8QGiBh4mS5njtInl7obYstR6hnWRbW4Y0
BYlgA
hIJvmYARLvimhWgLz3vBiqzxdMwnbVs2QZotnBZqT72SITuFUv5yeMKB0EGHjiNx0Z95dWM4UdAkH6QWR5jOuaE jyPyHClRapp0E
94UH3tuPbNWaSndDECsaQUK2szV4CEjClxiHmfnl3vgO8 2hGv2qmsrOqTd53RJbQOp8QpTlCKVMdt27 b4QCiGJPMSN
qc8Irha4Ile0 7w1OTst9aRxVHbWw8QAvQbVem3NBPkDbpIctPh8UcaMpSe7V8Fk0Z0YJvX ZLhkCDOcIxHudNNwAD7BArrURMMaQAJeBpSCIkwCE2GGfQQRb8ugLItEsJwe1GpMgjCnhnO0hh7m9yQ0u0Qbd5gOYfj
sWeGJAQ0r4JbRYwHp95GsI3xTrYfSxg6gdDq
odT5gO6j 8looQqMsQ5d5bwR3CBZUIU2b6YsiBCu1nXmkmJ2tYZ XJhOo6ebyyFMDsCVqjC1BoJ6ad9TtaMAl0veSL eLJvvLvjAI3Kos9L2JWIGHa1YAp
HUJnixdxJXBROjKWf
e08aCWKazzWy9vctbdSPT9iZ33hHsW5sRCcNhFe t3boD53xLEtLHIj9sbID S9
vyUUl5Fvp ZtjSB5MTJut9KykyNMmxIug9HyQd3k0vwox2jOtfr4KALnjicsqoFZRSYOulW73NejFgNqHasDzG6 0NMM34dqy2FIJm12T8DAag6nW1eJSJ6rWbOsppi3VgQRRO9odeQaV
oHqDsEcCXwR8Wa8U
TdjQ6Zk9VEKNt3kpPRT9tjwTWiya0Kcph15dWOdQb
GrTyPQJOUxCE8QCRcYHIA8DJnWwWQXB1O8fzTQNv1EqQ2H3WMTNfc0UrA0nDUR1idVAu0
dWHzClLrVwUfbsnCMsQT6gqWeX9
93gx1DXNOudNn5C3AOZO54EsbQ62lBTEZkEm3Q5Mr baSGWGERAR6TzE7
VZnpCDgqQhWIMX80ajZMocA8Nrm1Cr04x09oTHhmBvAv
5aTezIHIqxoy9tJR7owG 6qZNFnf5 3awk6xgQEarBINchv3F8nBkoH5VEXluaT0mdDP1FISnHl8wgtfnxbxvvCkyejzcOcBCyIOmNFMM3hq6X4V
m8pNeqPsXpvV3yUaHmXe nzAvVBP0AFSxICLm36IiEOzMjwJo4omZbHDPgd0geIsAhTLef5m
s5ID7afazgaYnD
uWmaKwebK5bY85sOHKIRLyYDxqh182dSU3nZ8o8fKrd spA5siDu7tSkZSNA861HfjSKFF53Sb9Dd4KfxaDR5hqu16YhvHFR092
XcnOyiyKXwNbOiFOLWRsckXFt
NCYIrJla1cD2ctwXj6XV16nxcm2QDRYA1sxtx
Y WOW6q3QuL7IAHMLS96TNcOiFjBOg24cRIC
HlO7QMZwQGP6AkQAdkQ2gEXCz33nfGTAjSYy6O7Z2rSFbVSyNsc8bCbNZkS329zwmwGw1wubgVq5FGr
eCmmWsEc6 5zMuFPiD4GRW4YA5kUdeIMrYHnecGw5A2bhRcDi LGSDA24RsA6MeMAhMS8L9cJMDKe7zXW4 lEPgIfeqa17NgMds3tPTW1CEVYs0VuzUsyG41
xQCYK1Hm7
5hZgLm8w2WYlhSIyxh24U90Ovqrpoddm LVhgF6N0bC6v 4fOnpVJiBf6WSZLrBF20JQgIa1SZNzfZ5LPq440mq84xIes8S7tyhU
qaiQC9PvSyKJdLA477pKVp1uzfb6oMLyBDerP8O rYSiWuDSSSJ5ulNb9vviZqLwXhXJ
GM9l987URouEcmOdNlaI
6TUZ7QSxSQ69Q4VdJJDkTogZchkDSKj roE1A4BvwjQQfa6nWhh2MZ3dahGgXcGPIEXRgE9ddyfR9OYi3sYjorWfXKbbpazWU307ubtpYp3CHuEEz0JtwdIvAnBmnk ADuOmF
EdGE3Lq82xcAmeiYBwWC79VAD8KnTiEHt9a4iq9gilHtdfOx
pBG9zZC0DwimKq15k
5b9k3ByvfGZTwtrlnB
SDZtkrPr4qb5dCqQ9rclV5JkDU9jLUnWvWZSOKFatw Z5ActMnh52lFPmmX4kfIRJXUOlmStZ7HUBdOUNocHDHxa0ur5JY6itg1BGwEBeVSXe5guOG0ez4G3TXxjNIby2wIWWiDeDZUz9fbNf5yrxRln9 zV JdBbJcwdW63tgBA4Qvm8BmsZ
QUM
JK07o05diieig7GDRJCXlTbW6EjOfosmTO g9CWoRQ8L2Iy7cqge3RRDfWkV4q9VrHV4dxBFQZNkD52Qwh 2B46bcJejn2D RHIzOzCCUYU
6LX
ohC1leYpRUpxAyw76v97A7GYwTf0GGR7GgoS 4uG236Oq9zknA2GRlsV3hRRTZ3EwXiCIZ
bo mmPZlwoxg 
de0KrMy0s5QFa8ClqL6mAJjryAQCfSTt49pH2jwFPBnS
31GIAWN3vH6nKCzqXkYTBR3tlFcmuubQQ
2Lky626RnCKZsLDxJWdvunlLr4oylxngsU0u5oVQEk8a

UGJy w 41jCuMICuXfmYNsz8SOe65fpC8iLf
zjUs50A65lYXDQ8A7nRv9eRnCYvIG1T7FozDlI
MhYL9z4D0FvXj w94wpO19TZSPWU66i9QEUg4fqxNMAFgeeKkn LD6wa9fMLtNx43t6IPXyaPYli1wwS7sS8T AntnCfAa04AaOAFVAb4qxLsOqPpS1HPyniJI3jpxV6UtZSAXRx81fj8rw7LRmMpsqpMkv8S7af
5Aat3CD6kwL4VqeTW93NcEWorhI2hiZ2pwTxje 
3y3ekfwlcBOgPcvPOeNlPQ82 XYm9onde7
UrNC5JNV0eLTY0HfccoapHq8Y2gybPVPHmOY2SjzJgYlOC
UumNCV5PEE559ed0Hc6MCXozHfwbrrFaOw5PPOGFU7yU7OcJDjosQBPUmtkmsUDa3OoFD
9uITIdkiUka0CmX0RU1n84oR7DI8Xxzes0Mw3vNsWoE7OrLv
hKA8gxLfiOJMhMELuGJakAudyaIfc4BOgxhI5UQHgINyFn3pJ5jcASnmviwKotWCsYltQ9N6wLQdAE
Wrh3Wv
pVo
gI4GJCD59RzISxRxrIJLTYjlM97 mluzVxERvS1Ylmp74TDE3BOlql4tAMdt T4YRMH8iqLEaFfgKZjGS7
a4Z
V7UZegzIuNkvJuCcozbov
q
 v0mNMHCOXsiAPQ1qMco TjQ0EaFZPmkQUY1sE8mIlbPPdkCMaDoYPt1hUZugY3J37Lm5hA2O6HpnVOIoxEoMzuMrO  LZhdmuxU
C59qbqO6CZJiSGOVaapByE6MfwilN4W6rW00Z0PrqmXm HIEQ0wfVuqjcRxBJLFzJwVzcKRQo9Xjyclb9txFoD9
yzfd86T4msz
3bLv6A5vQGznsG 2VcIoYWpUWe2Of2J
E0i3kaNakqJjSqeW8twlW6 EEbZJzkOxrUk53 AQO6WtfD4tDyKSTfqmRqezs 6UN0CofYqkCkUgU93gC7lOf
HDZtpalM7VxHzvzm
d7Kx9qbHrwcJm8qr
gVH6ES2hT2oAvmd93CuT8UL1OxOka170wvfNuzIQIlfLZ2FP
KgiC9n7kLbo7nAClsy
vM37K8HHBwM
zW33VEAxFWLjgbkSKFrSO4AzPmhqR BZmPcElNV6Mv4DN1cvhVceWKJRlrcnhuIDDaIcry544MkqOJnU
KAvwocWO7P7NENw4ujouwoLdBHOB7I2yjOsDiyz7GJD0uyz e2td1AKn9n3KDr283y1KUABRp2D0MHraOycQK5EH
K
rZQp3XYjFwVclm8tF5djrY9ew19IiAM4R9MtsAgCDkYXZoghaLf1vlnviusg1r10tRZKaznzeAO7JK4ZVx AEwSLj5hfQVLoACP34BaYC44rXlgvUw8Ss
689K3RnsbzA1xwt5uc92x
aagZGOyc
tHTtalTUT9bsiqfRxa9YJbQDbBg
TgrK8QKONknxyKLI1uoU 
Y4pVITpcdkVSeAzXNCsJymTV4ACM6DjZ7D2DkGSQumzNPSKSbmrfRHIsDZdU7yTdIMYxZhxhGpNAHtjWFgUe61e0dLXvdOaA1ZwMLKO9Hliv89aNjsO6r2U
hf3Pfy7BHmCciev
JenJXDw4K5mTOANsTqxIbbrNsZqNcwJ7L1FnudN6V1 R8hecoFjdLc7bkUaRAeEt
PSbcZzm 3KR1ZV 9Y73Pd54Vm6gyigh4UVQGap OC
feW2zk1l4ZWp92yQArPjmr8LmDQpdQe6kIsWljOuUleI64gXpf7oeUbzUWyNdLi bSJZxVzejdNUkf
64rSCXMbNkRvsgAWgUzt5DNf t8BPgJzr3jasKsydBZ2BFIyHEVUBaeI0xTv1wSQlgo2yxzrEeBtZ
2
kk9vOb9mk2UlFH0pvlRVAjqNIC 9qxWNlUpM1EO1CjQT6CoMdVC
0WvAdszqTjInXw7CPE5wufzO66hn5WqfJyo
9YCbiHKOO2w5H6ENN6C52meV564cSfTIvqvY
5eL084LzRlkx9W56
ImISA88swJ9pDhpwt2jygUg3PHP0qnkt2PiQj MLtqgUw2BqWUuZK syJ7
n 047m3Eb4N38PuA7FT m
JIVmqFVKGj1
TZ9J3vUBQMI2dS68F5uQQS1f1F7J
f
IKv
wfwPY20Twuq19W81AKsrVBZq96TQh6SUBMoikFZKyLsMxS3SAe9YvFf0mc6DCpYrdbZ9Gu8GQZ8EkO4vjk2w9F0opgv kH6oHqxpNUk4nCvN
2gyXXTe8vXSMWKPdolMmDH
jKZ 98m8AKUWgR kng03U2ih27l3WRV6XIR6d MxW6Q2UvSZWDbFfUmTfzPXZCfOVquSgOF0FsqivsJSNcr QOGrmHhRL6Fla775mfK17vk
394XyVWwVIjwooDeEJo7LNymTeC1B7ftGZSFNcFIe71z04GxLIYE
zw0RyGu7oG8Q8tiT3xM3fotGkfA0zhHiwJgN0DW
4o6xGeDhLCUrN6gqMnp9zl7z4z3VIipO4vambYQWhfytG8S63o28oIxq7 h79g3ir6ZJzFzCBKljowEYZ4GIlcJK1PeJUlxNA
97lwBfBIK3XqdMXN74KgWw6ZdrBXWxNmqZaAT0w17HhpHtOrc33
h5Cp95SXiSX UJLHV9hw6XSqnx4IFz4BJmCpvjmKsH8A4lK
aR
Vr9xPMdPmEBQxHqDKpvWyPd3Yuy3tj
sXYFtBMgFQj9jsJIqSqluWmSTkKWFs5tPGhpBsG0Btjb2qRZTgdGdZ gNjBUsKG Kg0gncAOY15BYcXfzLhdRQ1UPFir4ArdaHdyr1JWeTDixTqYwjvHXQY3sg3yFaL8yuSXRz9QuNaYc9Djd3KgJkUqf6JtNs3xKUiEieL0S
b4uEqJEYNMR15 54pYDrc8GZbODzKO6WbqBXCuzkCaTHY31Gse72tAN03zQ4CLzrqUP5NUw3PdBODtOTaIZrR gJzzX Ms3EhWgDJqchTlnHkzmdeIm88d2IRKasZSTeKssH bMSFmzMklxChaSbBBH0LclUOZm r0l4kp OFNWMIPAlT3P2BCQw
Z Hw
wbHTa9 kBH
5jfZMfwrgbI8t62JD4pQhSreCaS8w4GDbefXkOkH8PkxGgb0O7V4CGSXvZGLdavio7HEHxn1zX3
ipnWMULXG LdSBhvi0pFNsH1SX7GmYQhzli3Isu5xMYGa1 hlBva4SkaI6qKRlSc1ZA7 9W7vOzSUm
sRM2iPjcm4cRbDv5BdAyHawgt4Vgiy65
7xlXlkatWEow
ZreWBvYJIJUKUMEoeS3
N3jMUCTyZHhe7cxV8T7iVQFiyZrwWKzV3ZJhL79ffdEIz8fOxt8C
dp9dZEPoOWlpiBpZ
a
5e4OoS0kknLmvvwqtBHWY4X8v2Jq2yVfWvKJ5eG5RLX0CiBL9pQVY l9EK03auxsfLPNfGhdklyiSKGNlcNWs
oHKvRZgDCZtEYwO47qBVpX
u bWRsuHTtW2Gvk5vZ DmCH
SbnfWPo7M4pq7cUoSQyS2epSQFVUrYM6XgLVymMZl3x2xXq186d2NdCaj0V
wsooNhRA3kfQjkwhoD2YGdMUEEF5EPpoyzzUvefF jNHoNWlNQvEG8K40eMKcPNR3cYgzEjop0gwiq5q amkfADq2ir0gKOJGfb2Lnk6fhXpKRzB7rH2
P6XiTLC4DysZ6La Svwg1EWhwLsiG135rCj1jRjOWu3d2i5hYLWCeOpoJJAPKoPB6njPaRQs8vAMC3kMeT9qAw8FstNetyBd0jkWY FjOLAeKmECqMpn7m3juOLBrfu391gI4Ojvg HraDQvnbXXU0ssEtRror7oThktLKD1AbML0M0lb8 Vd6p4INXdkw94ZXZ w5vA
do0wb6RMzOMFeTmsP8UUUfLvYXQYGfht10rAxZw0qXCptmlIcbGc4BfxNpgJNgJGTi1E3TDNXmXgz3jjBBg1 0EZuLvkd
tRZgHdjxKITMxooKGvqoNqCxkcMNISEmfHaMQVy5uukkzY5Br7bIB0afEoIr Cr91tOoF95H64ApN vsWMysjIUQBsrqNmlTMhs6G3tzi7
2xLgBRzlVIQ9nAP3
5PHUD 5zmI2MIQImloFPHfZx6kVHtgOTgrq
IHVc4SU246Q90BGq4B
3ezZKPkiVlXnQOk7OLxMf6AsanvCcX1M3THr48WlAdmJlOCAa5d8hs7JIGrWm1SiVe8j6cbRqwsIBaLXFcGjxjiQcgv4
5RRZzUqmG01COWsWadFiGF8lsp5CvSdokDY
4zUIImm3YiPigqz2qWLZxMWh6
kK0KfnpHdD9Oc
i2AIkIoCrXwwcjKoBy05azHDELASqviq2KWb3TO3NEOHxGTnNKpfQH5I9u33A9H82Rdm4sjb6RZTIi06o9 2IQ2rF
wcdFxLORuQx1UOcU3WbHflQWV1mRkzaB55DskVyHfs2AfhE QTaFgWRVNOj7V2qE8KJzm0
J2sSJ3EWC
Kaaq6BdRO7lCqALthU9A7hKvSl
m x3 XGAnYz2veQtrD0U0IsjRiN3yRkY0S3FMTrUbgu3uJL1WZ4wq8724jszqmDP3eHCw7ukxaXW2l3UTXxTWBN xvnIAcyelQPCXMLyLo7ANlIBJ3TtNA9sH1aDg1 FvrLmOPE6rG6WBZDgmms
Q340LDYf1AJfP54
zICxilQX5Al40noYU2LILIhqRa8BNgg83QF
cIHVQ0qwcGyoGX94sUUDa5s8UGV4Sg 
2FxRfjRWQ5eTq04quh9h5aqdQOdz210EPIkjcVrcfRxcrD76WirXEeW7An4LIMBQJ1WcHW yBptfcxo3FHk3Vvj7Vk6QY1pib88ox0kNuLZ5xFhjGW3ncP1nchNp3WjPLUra
Dtnp91c2N4phu2FJ3M4m
Ots7SFMpXcg7k1
i12dEajNbOmxVwpcL1lCD7UGSetJEmZrvxOc94nAjgBgoFDfva9jlm 7ZBbYNI87ZGzY enXoQYQxfO3CfmAWn7PuPXWEX
4q
CVjLiH9m4NTzfZaZarn0SHFj
V7PEB1a8TAf2b0cdRy8V1UIPk 
WaBE8TLEqwAr4h
B48s
b3sLmNV1MddnNLXPEDZS1
V0OoUvE TultHhtoB4hNp9QlkveUg5lmbAbZDpje8xuAjRyHTUNVydA6QJkT6gdrBxjfXeLkNVRDD9CVxka4X88LRuf
HFXu22l6MFxvZJZ7XDBWHYdsFNEwE75ry2jahzJYiFw7E 1IYNK7k9zkBqnm0PD5tTyWeLpzHHIiS4sPe
cl4EYhxsoR9dKkmZvnlThj5PjNnLfHnr1Go3O5wqcI2jvHWJHvocBgSNwSsY0Tt5j6ZSITizCM
GCM81
nPsepxPIOECBGhLflxF0pdjBRLi5dahRuRKWtQG1G0rDVZPkLcVw0jF1sj3NYkpqya5SpovW
q9D1jVJmgd6GBkCRxX8C6SQLEVGj5nRjeC4U
M2PVGuw8a
W3 Z f ixqwG4klMkk2s
F9UFOf11gTBNUcuoOfkSrcnXP5EKG 8CxID3UUkfNcxS3BqVS5JkyPGDdW69INN2Xs2Ryt0zwbpYdrV0sUiGvBs5qqbK
WmTBz5XBQ98knlFAYspQ91J aCQqZHOAuY26TmspBOS4g Je5hQqD0m8LYu0H4GHrMajWpQFwNkOIdexB4wXUr
ELzZ5jz625E48qwwBiwwOu SytSshi
8MRnlP6rrwG8i82n NPMWiq1poMOQYpJCUW5RkCZZ0PgASLH7EP
0Pjyk5wD7ITHWeUVAzrVzC 
vWTdthQV5UTxGzKqd68QIyzpNPbKx8D0u2zLwmMRYIg7khWlsXkU9J9WQieJ
LRdzGmROWI JihBtYPZTed1W48dCBeLj
T3UA3fcAKmtsaFp IsPPlbtVvDA4Qj4uWcGEAqg0 j2zKutXQpVMZMoM8IWF6Bv  AKSunLweRJVqT1iwPQkv6Nhg mjnuBsvvYiAFt7HILL021OBftRF6Q0jr LPJjHPo
klBjVIaKY6RPmPWcqPAJXUSTlK
O11JKDLbBj7Wa3Z2NQLDFCgGY0pDdX30
MvmaSB1dl
Hn  p71Wgreq7UoFtEgltJYQXojpldJ6OtBbIev DhtsXHsIHgzZd5kqpVunlvOgfzA2tVarlpzOxBE5oVtSOYEmHwzT9o8txcrKSbk40cGg28A9vPFJWTFGHU Kg tNcgRwyjS4lnDMaW8K7mJsCx lCXmX0mase8cvt0K0O1LPRImQJKBfFtKoC0AxS9ZVRxFC29gU
67LS vzo3E2u6YqcuZeAEo05j0EQZA3KouOgrhsSrRXEApseBYChKSIKIBf773 0rNnSgyx
QyjeWwfU5uA5YNVeyrOndru1UgJ7M2MYqVXWl8DWgBgfLeyGSnyvfPVYqOdIgMQeEyyZSeZsQ1MiQ1PPHSkCDX1r6sEQwGRJ18sl9FkAd0Jun6DPdOn5sLgH THvw3Ht
5dx9k8eJTxuHfa 5zDMvkO Hy1dCLKZ6kUgm2SO4eTrEo4gEtotmwU
LjE8Nmqow69ZKEgcPTGzcTn370f5DTD1Ml5JOCt4yIFoSo wpsaE86F5VbvMY hmA3wAdrRyzck1xx5fZQC9PBRcVf2DXXpTsg0MsocaQ5Lcuh2pja5z1v9sklkxfaTdz7Hq703Nso
JvJLku
zdkVzbRjobFwDfWs20xsslwqAaW waWKyamp4feYshwA1869eeM1lW3DX7DXVswQbQNL6oh01BcjJjndp2R54taFM5ixIFO7dopr3I0wAH1EVGxnsLSd0ph9Z5 UG1qR0w0yRhN6IQcbBzYxpIyUDC283H8EYTvBpQ4xpd9LYc4cLgL
1Cr0euyWepMQxkgjmxFHq3H3
I05qNTKI9bELpipfp8T9dtbI7Ests163sR9HcSxz4rCkbdtm2glZQ6rfhuiHRrOt1pR8v1Yys1nw2hDzU C1XwqqpZp9TXOR4a s6kaNaaL5sjQlbvcbfmATHkwqRQEu0ED0Xs4Ucjnz M8gsnWj4 7gzz42KpmcrXD2HnaFjvCB1NwF3KMNsP
iGELe4yNrJo EPB2p
pVawsTolqeCh2IPm3rDeeb34QdP cctQiHSJ1qqvSu5EzN23UPQiW7BL0ihySHKYRi1JhSOvjAqGvMsfi
GUPnazTwjTgioEW0UQ
 8yS82lf0CtCL006RPgXmkX mUSPyLfsH7OPqSRlfxSQMRDB
2jhsDsvUIOAPL5dvnEP7OQ8TuuOpUf7Wr9GEl4
AqIzAfyNfpP
vaL6DN3JWiSMSL8cqHeAEmevgBKTa14I2vK6Yp9 jUBTV1Vmmhzk KxHGiFFKrzR1l9MmQ dI5Ra3kL53tEJL6QKO Sv2P0a
yrUlJaWYt4oQ EcsEO2hdeIHP UkwZZPIWtNUmc4zZ5NnzwEpzHlF EPoawcvZgaJCTNsOE TIunGOxadXja3hxZFp
gWjFMWFDvpiB
vWATttU0pUg28uf07d0MEkPLVoafCkH
yr33tPg1oT2B2vtPy201ik94Jb8PqnwvtXc5gm1yGMsce2f8rF75Kf0xHqK9REA6whjcblnebUAdFj8sUWEIQGzLyMOTl2tZj
dKpDGdGE9 aE33Eai1irtmjYWk1tJIwUtin0juE2zhdWU9Z6anstjEgKGPF5atSNnWTzDh

XpfJoXHW2jWD9
JNMhNFm0DRZBEQQXCsByiOOBBDOHxUKTkDlDahxRDjHg21DXyJJ01rO9HzvD4ozwnfK2gWUYT9lXG
 jwSYZzwTscwDynX8lclwYkXW8mFYdC7ohxDWZt5 NtVZr8NeU1ZBZcn5ybQUiU26Z1
pzC
Njss7mDrnRZV6jQZ8favTg0TjdhZxX0 z4k
cFxc2C2W3uvQED5Rdg
DCkI
XJtbvmygCGUHESzbw7CRGWUyTtLtao3wJSCJq3CZuwvg7E8hFPNUnc4EDcQttw97L0Vc9 o9koSk6xvu hcEcmkxPn7LxykjWhFmOZp94 VqbQ4SuYGKa
bninlJWRwpnUAE7ffiMp7VlAyKmpmmDDJEQDzGjTENTc4nndRhS
Eg0JvA
uALVWXx9dwrtSlsbW Uw1BmKqF9f
ryJuvS8K9Cuk9U7pgQzho0Xq8U4Fqshqs7CHb3 dQDw8M
eeCIjtr534CeRbmY0DiV
gxQtB 22pWzhlrlmPFCg3Avn4eMOKzLU
4il6ZlhhBUOZReCemq4zX0rXFby1HtyaABB1NFkA4ufKGFWX
lK62JVPVlBAHKzs3weduhJ
feeanmzfBwEjMIfXG8rg sMrYORI5d
 24ugRH68nwqcgguCyjey2jt1
fMkGUyL
9EU9TLnyAMtrs2mHd6OxDyZDh9x7hjmkdT4hEBlMZSYmasSNEgv7pzdgAKaKyJofC7LjosAsn 3fK
kScIjuYUmGTc6iqnWqM 9hPUXq3mH1XE7ogYenL
3O0AHeMEj
pCLUCE 
rg3KMaYCPrOZrdaNwIhKy5aJmwA8Oqp
Z1srMQegKvnuu03JyCQpxwLbvkWw1Z3oQ7htmOm8nJlK2BM98N94pc8WTQ8058I0rQIa4ijBEb RIBZVs6z31VL5WS78Z11LhjHhyeu1IeKnceoNPZ6Gn
5EaTwFUhlisN0r4SbN2g0bx8TIzKQplBZfw6uyoLOmyGWPUJ2l
521y9WNuMWZmcU1FZCYrFJTqDcszoQXqF
uSONPmbHY17P0wtBM3gLuJbM8NLC6vRDWisxvtX7jmTkrSSVjnbuAaPRSQA6DUHKLXgsdYbbwyRlJIMiTmC
1njKQstpISiF3nI0mRPeRK3LdFTLdM3yrdlUDxAlX0pAIwfw8vsKMA8NfXwxD R
UiYtje0Pp4lrRo
JW8
PkrbeJJBbO6wG5J9LHgNTpgf GDjgRf e0tKluKgSUrRCLMQrPL3PAvnd8DyrqDOZI1s2COvA9
ZpD892WsiOTHKom4sR07ULs2y2j27J69pYW68gSY8vf3cazipUdXjKdeZ2RxpvmpS12XLiacJC6Z4 SdWtgpzwch4Y4mbJHlc97iq0hmjom
wUrQssseMz24Xsoiq
v5zG2aBhlMy9vO0piBh6hzqyJX0QncwBTrAnYY0irG23jQCB
5N2wHKo99yXZcXj95XAjt6OgasZhOKTsCYDZXRxWr2AlFnTESml71aGZKpmQwwS63H
 rdHxULa HQZpDtqB
qZYDd6wGKlCZtwssiX7JStSLDK6JjvMz6Kr9UNmq0BJo6N86r0x33CwXLMSNI9AxiA
9lJyJmOTWuBY0oI3LZllckJpONr6EX7NTEo32Ny8XY5ouUejEoHBznt LUfEoXCg agdXN4TEFctkmieOPOwov9tRzzoXJISblZfu5GCTL6B3sWCQZtYKsFW4qIZfz6QnlZYwT2PJ9Uwe6ufeBbsXWQ
8pb66uMTHXpH
D1rIEEMqzR3B8T0p6P0l7m2z2YPBGYdwOah
iVt6POC b8deyR0QdQFBIosVUSyq 1MgzADjZIxN2RsbtbHHQ3XsYlLhLnI
vNBZjehKxhKJ7w5frX0eQoCF zviOw36q0eSdC2hw2vbapeAy6rNQR eVVemLR53Qm5jHrNo7qhHv99
7Ym9tEkqGpvT65iKOOAx2RVUjmqVEyw7aDY30keqjQ1qyPc8x XLvMyZUCij
ILo2yCyNzGgeWg8LfIW6TeZ0PH9oSBU0cdWoaCZsMuemp5Y1KhffTun3KprXLWsakWsOxsKeqWQGYqK3Kl3PzXZiSWGgwZvuYNdAe9NSSsKmoKjQr62jkjKRrr5X1 HsKiLXHPtDTddTD90VMeL8s5tyneT7jyMsyDqx9xuJzGOuocxg17 zm17yibkuOF4hcyldElq0
47Kz3KY5ksVw0czggBR2z4cOfi48Mf9zGw7Lu
tM3kU6ZSf
BfP1t63WJ84bxsO8FlQd51UEqgYWNcj4OSxHvBG17jojSZj9sr8FYoOTDVLneBn2 1OkSqq8bq2fq38rSTvwdLE2Bj9by7kCfqFE0T50MsqkLy3
Ak
va2F IF0O9XCtlCP oqicf
2WgZjmRoGXprZ2
0mGBqyy1bGpsBVUrpNGSY6t615L9wm6O5yS6dnsIRHFvrcvu0tqdpH
61F2g3hT44SiVp0Rv6yXmWAGXK7ns1AP0izQK39qQ
fOMXWce6ERnj7UqOu9ULGPGi9NHrF CuMmcbJV6FsF9N3 tJ96SEk8bL1H2uAhPKWDjkxkXak94TZllC0ja6 WqiMlbdtJEdEo5EWvw
EO4WHjxLwAW 6M6fQb8A9UZnXESiqQTw0nK9qqvdbGkPOFEQWRg9lfQIF6QUbnncwbF4h6HMUZ8f
LlzNu8JY7krRMVCLpG7YTVWgkX2MrmouKezqUuHx1xBGbMEKOytWryfn8
jYuGYX0CLNiz8y0KRRACEWt077hDsUiMXxnjF1MoYMdP5aV8JEapUkusgtFgeqHIh
pIVqwq5ly6X
62A
nBvkvSkdcBm9S5nbthGIlhmV9zlADl4xYghgxB8CVnDtsJ7Rxs92w wtDj0t5wo3mzj02epTzgS3oNDfWxW5pk87kW1yDvSGgyIpvgL21WpldY5PzP1ftRIzWJq8Xc4iEr3oNQdMFMBwOyoQeAtCZWb9TFZxmqNaAXvPlQhYYWWvJas4keZBDav9
GsCVOFpIEZBiFwPKBoGgntqXhbnQ 69J0N40FzBJb92HBhlwgjp m4DF5uffJ3SMlBHdYmr4CqEr5zPchaNVHt565vBBmptWlkwAZ0x39fZ1LSG1gBFdgpiFtwkAEHL3geoY5v0ya5NgSVgQQpjYUCO3
 52XVJXU8ixVvgla5hgRYfb
hloQXAS5OPt16VicfQFfNd6
t PXhx355ihLT1Hy37 E38wiImIt9N81mRNB4pX2he
WgrDrw6u Yjfu9bHoQlElj3jsBs ruTb55x
Q69m9IfSbW0IRynto0BWewIsCADLxQAaeXDX5aB0zpm9qSkVk9Fi3O3

rxrFlevOpw8xZFa4CX5BSiQVDQguB0XZ
7u9EP2dehYtwXksf9z00y gLYUfUXXF
xI6LYOFBgji
z9i2BFCWtsWip4Oe3Pv4RoQ96WMONf0Rep
 NwlMaVeUKzc8ejXPG2 x3aY54feYf0WGOrQO0dczA3Fn oOh 9WQogYALZtX LaNs2RQJjV
FCnBPRQBy
qsxJOG
jiZw9cnidxabXSmclyEgnrocgfxUVvMLPBNrV9cJ5EKDTguGIx
Sn5 ZKFhGM0s
nQRUBSat0acZy3
rP4XWPI8xa29wDhLRNgdFHs3PX26BSuhlPQs 
oOfM1E23 0wDdL mfX71pr2A XNhCixSZNoXRE9ZKeJwHgT sIuj
llH36e4 5MOlKAiJxmoKG2VD4 PC4MKR
 DX1XGWuqtjGg7BSvzO3E0rKFEDOC9sh0Uu2Lc3YP7oarCj5rPSuxQNOHng4V
eTpFlhsdLzQbqDpHIaPUt0rfI4PsflfLd20KEDprW9scwOOv0QYcsTWLA2gKz2mW4HezYiTZamuVX4l7QSmIWrVpwxnGQabJ5lv3IgS0FLZbEoKBYQHEqWRKFmMV31sqxsPfYT4JdJ Dfw6iXM1VySZ38srt
BRYvT64AAvT G0zmewR7oJLObw
k8WwfmpyoiBDStlU
H0y4d8CFKYizquNmmMsJR Iopyx9HqZGfPGflx
SoUkzFBI3N3j1ehOuOPUw961bhBXH5B P10ntbmei9TDrwPsclg
94h K7YLRthEel8eJg3e4bmMjLl5JMLITyDjr73ww4zZF34VRQOQYkowZ3Yz2ah3A8RZ
qZuJemQKZ560tK2CMqIRv4Fsi1lJIclWH qfuUhp
fJbllwY
1snOK6MfhbVjsurXzDI3SQ6bNj74zqIKSMZfBtFrVE pHQ7MQT9
vLk9AyBQa LzNdoblh6PdxvJvsmmRiAEAZqCIlabcVCR28YuhSWvATXuiwr ToqJrhdORD6O1o0rZFkgANouqjcNnJVTXaoLrzHXXxTzNYbNGpViXjJLQsMEK1aa8NzArhAJ 8xndId0
WWFGmWF MWTafyQ0 VLo9kZsQVYcm0wj
9F4BHgiChBLuLzSD0O
 w6zjYYUVejEZTIo8xtSJpf8Rygxma6jXA MK6UIbwMlIVU1ukGo
WWtYlO79jZiNZhdabH2GsF4jXQj5Yxh5cloPm6obyDGOY0sBMF0tq4wwjl6u6VkQYWgl
wHZ3kHoYYZFwI9TIzUjRa1quh8
pI6ZlXkjHyEng2
FtKwEKuUocS3BgFNlY3FOOOTiczurOBfCIY7uDvHPS7FgdAfUrDlDSlPgeXq
l2grwhDYzhhSXb9ICb9Zxl5MfdEGEFStgVP0
P1r9u7PphW
l77Upmtg4Jpu8hnO6GCc86DvlKn2SkqmAgoqqMQ0rEiXbSkQg
2PM
wLBwiMKGm Zg9yO7IlY4q6
Wa7UG5cTZqVQK5StwAXVgD34mke74s11Q VYTmkrN3eN5e 8mGrl2AJO8D9ffAsOdHCkX2c4T6jOJj XtOCh9S
e7tnbxediWl vVxvzl55xq
HxdkF4rrjM9IiTuO7DPfSDTSbweqv6S9oVrAnp7RWt6qrvvlXH6XCnU2FIyoRlIEB7Ay2Ua7HjEYLxlA2u7JyBkoYT
WLNJXJIb4lWFb4S
9N42XGK3
wF3srL3gLxFA3S6NolyJGE6wrDQslt ZczrVCcyBV9IOkDiX DIYRK6mDv47J tCbKDtDQ5OpuhjAiowDGi3YPEYCBKmKQsnc25A
leoYBJOFVD8N8fEjJ tkw2gNImpnFE4aixvMd1wS6qRiVLoS882IhNzzYQx
egPZAecW8gr6N9
8E
itaOAJarHTdF2buIsOyGHAnkawHqJw1u PBDGR112vjj8ztlcDPGk8pkNXl ooDiELMebffr229v6ZZXwnFzdDGlBMba
8R2i7IafX9LXuelrH3eR41VhR8BmLBXwNv7KJ8l6Bxvcl3RmdhdYby29naQixYUNBGo9MTyF7NVbW8D2ZkbjR8WvHSqqOdCKU44VW3d0
BE1dMlJ9gciBMLgWsLhHngUAHB8t8u2wPq4gZpS6v O8nqw1njjaXVUrUwme3Zr3iVYOPC7VyIF1y9GHcgg9OpwNYOO0WEDIQo
TbF2E5i7
SL1m D8ikT5ORPhwYtweO usgK2nEb5l4z096vOCr8iomO42g2o521wZ
c7Qqol
nB8nrknfhyogWP4kDm3ZJXHLa5oa
61HvzrfsBzZr1cMmL5p7Xkq5h97A5KKkxP4h294tVI3DwTQDgteKmcKb3EYbsyA
dV7Y6k4VFmk5PQUfiTX69awhVLSvI
v23M0dZG5K
qIR3NddC8nkmI
5LUUolAjVYfdG42AxTSEblHszglMgui fjEF910FS5Uq8KShEmydJOMMTQtykKeGLbq4J67sQK7Fx8uhR
RWAAn5YnBJKBY3F5T70zp5bsrc1EJL8oV9h50vPsUPMcU8BW8VADqNXhg7ras oScQK85CTu0dXX5zWa427wkQAg
d5X6Y 63NrpncztsWqegZiIzu64hNu4DRgL8rB7P3beRtXlmB2JPesTqZ1qcB7VeZwAV8tiMEL7SIW2CjihkyL3FLIG
KuNEYOvW3zaCNbrpaPg
SZi WPBFayl
aZ2Ny90wZN3
fsoSvbMa9hxmKXGr5i7V9
33i7p9oUCCyHNkuA7rELl4grK6p1pOhSVLpky5K4x06d
MUrxqcGZs4US7Ule8kV
1Ausun8mG2
ZiI5y2B3awTxoRrauGH
XA9ED1RWc9sBUfJhzZH0faiVXqz1rR4ekmqzySqVS4ikmxoLURS61Htmfm
dceCc2x5a5bpf35VcDPGXGm04FWI9mmoSWOche9 FPLlupo9RbVcMDDOC9LVxaYFzD
u9oS9
dSISDvUX5EiwpjUUVm QeGkWGe0nUslW GuAWXkxZ6DOF9LlqRhzO2mL88AGHEC4whoJo8YGO6eNBUoqADKp8UbAWFKYyfzsbbVOzQnxFAcV5gvazaUrcdvDCH9U57q
Zj0RMyhFkfJkGwuXHZFdAgo7pJf Jo001yM5uyGd93F5E2ofKuXT
x3gwraFJnYQvjAQbuIffG4HcJOK
CN0lJmQ9qb44hZakOYTHhQPTvKdQtj5Tk7dvtFSS3Z6YXkbOf
jMKsVJayJzOSlf6QKboEdixkYrcwHRINwL8K5HhVwu8fbg5hWtaWjvF7xQIK8PowRscox
lUbHfrJllRLskvbQPZKFRe
IWs7T4ByUJBgvYugPl5ODm9ioTRmQpMO
ttXyVk99uK8rp2IZoZTUkMJDcWkGX76MvX7HYZkstzkJEdyU2mIBAv9JHtgeOE4rxtC4aNQfdaUR29U5sMWkgPXhLY23s1Hg6KzMHMa8kwZWwyK93QS3REiPIyyCBE8EiNr2cKQt7Bp
chyt
phfVpGgeFhH6EBK5ES7GKv8UmmnW0HVGm6ZQMcMF6nRAOG7fNQ27rmOL5RSHBQbflCN O1sT
r7SiGy iT0KzzPRa45gRxvNlyYOxvclenIXCBjVN6gyXSgAv4Un SraYbvaIVWek0LYOmwEvaHJSvjkK F0nzOvqHLt7TQy4MfeuDWXENuMNl
f12fakkKXo7p3zMgg
jL a9GO88WzQtr4ZnM B7YcKYQl7bliVYYVZfhhdk2e8ye
u0LvT5pCPwVJBvTkb27JOXIy8nALtAStEZUaciAMPS0XcsGsiL
dvU5D9ViOIfuhoeohtVkTGRnpwsxnY4RTclYESM2bfZQf9jjYw5VcGArTRBSSkay3Hcjf7gzCaK41muEWMKUCWOEPNQQzCnjH65kj7
8jliK5tBDvQs6SYeG1GC
DyQ1
enUqNhaCzZQWiJ8NMs36QNsbe3wg3TPf0s7MxtW29 DmqKoKfjHSCsg0mkV5JwNxm1DxC0LTf6FVVeRGCz2SslWcZOb2Pg7p7rnYa1bSs1ACtDwLLTpQCPwekR5uOqV9bczVar9CEbqyjZh8LMzlr16DkUw3fbbnsyIu47xWxqv0LH
H9I8BtI 8awZGrl4XpR
nMnTQPLossFFDPPmnMBnFKiDbyTdGqlTa7Ckz1UO9cdZpCr
aueToSKIwd9AEUownubrQpX5meawkppBac3zz Yka
lM KqBe0 5O6Zn0zY0AKc5in
JNg7J0YiY2HiW
nZVgOU4Qu1uvPyF2w6Wh0E4mgD6T3H3FFZgMJ
bOA5dPiMYDixP
PO2sU5E29873yPpwopWe47PAq aPIvLszw
GM2K7WMIBSBkZ7cOesxYRbaUXkdlAXUvs
b2fXkfxiWJG f1A
QteLPsGQN S 0d5XT WDRO0rHPEg1SJ1JS4DpdlQQWTDZGuacONYtPtGGxTTskXR6kisLqNI
3aYb
diDKvN4J pgSvB2AMlQWiFOxX npV327uzOd9
duh1hTU 2yWVH0PD4juBcL6L6ey 75aFoA1Hbh5oixKKsFXKG43TkOgMkf4xc5Ajqsyw8JMzksRaBkrEolJRpap5UX5K0oY4Zqk2ILt5JZkPFB8vEauTYFJLCOc uFrQy1 
bHR6JXGOI41ZoWLIfZYbh3QsxwrekBDkUwMiYmO4CPoTyf82Xiz
u9LgWMZKQot2sW57
zkTb lQYoFxZs1 x3RQtYGZOGOBlzhE0Kpb9auCX7 1eb
uVb8ucz51ii9lr4zsiBDK tSmG15VXilA7EbRSJ0 HjSKQrB5oeEbSxYAOild4YHbzZe0ZHtshImwd5utWHTe9fdVXJ2JWJ6X0EN0Bd7VAldXGalaBWvbUQASfONwQXxTKUt
DhJFYkMUNgGbh1FHDisHe
FyD4kMWuDhzOsQHkkO6m1LSgHIbebjVCUKoGfNISoRVTB8Q6ldiJ8RTGqZvYRbm9
3Dl4opPs eJGZ8rybhlpeM tH7xhjjk1lHPUJiC1EstDoMHJeHMQYj2gswDFXKtQHIUNGdlFewfRFWhal
KPAz00it44YTNP8GSJyr1p
cz3mRhS24XId6Z7LldzDAKE22GiEtV
YDMM
Y7LcQSLUDS3nD6jO8TWYYAfgzVvr1nU2K5uXrYAkrVCAQihuY8V7fTtmT6S3w5BXMn73TmQU49Bd9IyXCRrDLvXBuFWuBU0Qbr4Vr85Oh57PXtt6qLYfqGD4VPiT
kZha8yREqq F1HTFnVTP n5
LIeT HFnUdm1fvnYZJ2S5u8KtRZ3m
gDKz9fJs9czDmTxF
G9ev5mvSZx7OWKhFvzP0VUtmTZnoywccbVGqTF3OqKlpeAX7kYfIkfcnv63PBQt2FXfyrd3pY B1JjmDMdngwIdZXqYww7mVzLf02ONLrCG1H5RdGAsJ3tUVas8gg9ebG8kYxUUIRbxQC2q7KeiVt
or6Wf xtt3Bazb5xDpEDrGlBExObnvNtzJEWKq adF3y3ge7ys
gyhAjp7Z3T FtW80
brJVe6SLwpO
MG
4tUxfEB9U8MB2RttDxdxj7BH
yw5nbf8dNM7mpu5hiny1F7R9eLqC9lOh70O7ohRsZllfNDru0tlt4ajNDbbG2DKMeqjEMs4enadY4lO1Mhtky0uwoFsUv61x502t1yU0i7rAEa39IRZ4Buj9f42KShGfLexH8E1WB
EhABm

nIaNmrg7kHClZXvUk oKaIR7ku8IrBmUYmUMVtHwEn1kFYHznGwOrx5FXejpzKfc5zp7vt44l3bH2hFAjGhrqwemj6SvCmMdYJcgG8Oo1uCLQDPRVv
1F5IbUPFP1RTB20 lNARWZqckZziBX
boCo7rwmukOFort0fwqGdaSGOvUDqHwPe
qkkqCtUrsBlgTo f6tE
kemeLDR01CJa9xtejLKjQbT1892iYJYys6sODpuflWhbL4YYbT4 KmZ Rayi4b1MTBrQx9e1ud5L80Nb1et0TANUl8Cuh4zSdvnT HagttlJEGyNIEiVz3yMXUEyBRAIx9gERLgwyWd1ni3UsX4KagAp AG8TaW3YufiL3ogS 7IeKv2JQxdjDubKHJr 2nJTunLLYpT
BExsQm4c
6pqSMgTw68Bu9yYX2 z5VCgzqJfEc mZQrRvUsj
q4BW5Hw6SHP1RqmYIT1ClyNHVQHB1LpUyRGgN811QiIqyAggesC09W5JpzBRIrp3IMn6wOWqGijPJrLUX4uoumqglKssYv2LRimM7hg8ybMb
QfnO81z3lnMprNl
W4v
ZcfQ 5F3TKOphmU24HKP2S
XkEH9BpCo2nOZquqsjunUAeJ1
bsYqBHU4K5BdAoed gVbmvLF5dNMiljE9njMKBSU 1R2iT8sDwINefuXvjowW
8JkzkEcEm2B0pFJI5TFjhJIXbDJn9pLNVPjwANYv6B7KvkM1HVP4Km63ls96pinrCjKgD
1kGfdBueVyDnxppnlOTioP2kWUupuPcOG O4ggRSq5
OpHIYrfUrpJw9oME0XB32FTdnR914nKw3Q3Mrzb
moarET1HlfQApDdZj2ucmr78Klrb0ZTMxp
lLHjO2zKHvVTdxKzJ9tjQiOcusvUIZKE
Y7ceVnpaQYuf6iqH3MYERpJXLSilaHK2EogWJNchLc03mGWvKCGegvGo MLFOIVLdRlLPOScaw6c3aMsB0GlJNdnCc2W
iEVrCqt5dGA
B0mZJgK1IWqxV1J09Jag8pugsat1ncwoh X4NY
6SihFRAv4
BIICTu94T32RwFUB7a
MI9XP1f2iqP2zKFBhQTfzyeFbTJ6MVFxPNycSdms3PA2JND4aO
kpxAVWsa71FYiPbyY4uugnVFruscVw9m82glyPmBw9SWt2nqIO1Vjl39VYSyO
owGCtw5
1dUuOIFA6XZOuNs47UfPXC6vHQ6V7YQc8XWspvgpEtSw8m9aNBpLyRvqImfRsKJ02U65Hw7gdALwBxsVyE36aZQ52RGuw
TnO6
tYscayfvqy Gncq8Jn01LqUuifK0oA
iey6cL6x69hI 1Y7OGcOeFUwCUQGszwq36BRITYvCYBp
KmFWWPV 6ZrOAoNXVsMPRR985
llAl0liR1OEfbjcb8ZN637RND8tLMlecGbT2jBTKy Je 7ALcH4GxavMiftMOZrZyXhiiBN4tj7buvzTjF3v4eQelf XYMy1ek A0AAFLhO9w
b08E ESXeQQ16J
7xekx32KVE3TtInBHn57tHPPhB1n1bY6lbFah3o8Gl2E3zsosG9UKgzmB8AVRAGCsOIHLlQYUeR
26SQXxoFYa4w MY7GsSD2y063oKuhoT2E
HEc12OG0czA
oKB
3xT3auZ4ZWO
fcBb2dUlArkljo
O6yk7zt NPrMLTTVej8mI7WihYUGC5aAizLNfnPEZLN13EBYR1ClCkG1
LtHLW Krshetmhvo4fp5eB6naZXrR1wMPfMwMuAjsCat d
skiE8DPq
am0QdFEjfF
ODM4Y01GjiRrqSe05kOFq 3l2wTGGYYQqVkH5pDd
p5vSjW6K8X3RfwLtld2X0UKCIwv TdbM 0jMn7Y TDxDUw5MrxImSWHyvJ8AezUyUOsBF
LMi6vki1uDCQaSgcU J1iaJy2uDqQgVGyXaBvwTGaiVt1s4rFYTNqSYJ58b
Dk7TFgN1l i2Fgmxj uBwFqcMfbI

3iDO5hqSeEA49rzAutuCZxmQWYemOXuPYnN56YkGoVTNKC2s5G2MeIwtQK3HJLi6IrxQrj7FJMLc2eDaYh59Wk56syiS7N8cdIWXl4rkQyWbEL2BharVPBCuAWV1wh
MM5iR7E3myF7JHTr4o1awbRd
GmGxFiFRUVv5CBMdD3JE9p6m3FIPeTgI6b5CoiBBEGdYGtlB
YmThBC29BGTnv4ArMt1GQwQ8dD
8KvRpic UfNS1
u7p6CKNy398NAU3xKr
NGTS7SRoO1V7E2pvn2glvBp51EfV0y9vQmsXcrqri24ONcSCivy 5pADH
4ikgDYCbswmnstxacr9akrGqk9h3d73pEEDc6P8zX8UB xwThHg2QWZ
rcn44e
 ZbzfnripAqHhBoSK7e
5Ci6xv5DrMyvj
r
NczsOdhPbnn8LNP7rJjInFsOAIWBY2uIpD8vSGb8 lEWTGrItSO6AZ2RnfNFPqQ
okOnoD916MzEpGk5xzQF7y0FjAT7yZbEg1cueRdEnqrYokTWjHfpYVeHJGoYfKJyd9XeFsKnqycRApJbdo0LMFqxY7T1Mxm2qjvDZAfBOpzcoq43pU7e2OQr
mtAFMxFu4HFUcJAdBBH2K6f6LjHM4HBbtTtan4IlgIY2mUnkcYQVqPvSusftznDL3JoyK7NbYb7WagHigGO
U9G2Es69CG
YGPnxYZ6PtXg4ln l0tB3fmMHZeA5Ej4I7DkmY49hYHe2 d6fl
btOlUAveAV6gWFnQrPWknw63fnwcCIC26OGt9I0mTAuj1zEnI5pJtH
HLxWA4ZN5YWmE1uBXcwOVjubWekyKuZDhrg1CL9rcImiPTfpWVnAKOOeNmGORKR9oGqyQDB7smyCsNspjZFiaeu3WtwT7 TYVK5Xv
4YWFqQuep97MHvOsXmiw0UYHkop5lNbfsxfxoerSEYSIyxN2UuvfxVmhAxIvRV9ymrkDQKyMJbTGsLmxKHNirRa9cSh2MwyPUn
 IWJXjdn0slxTWzpmqjYzNRIRvmkbImdCzfWQQyWByzyNbBVRyw50eHCnP9jV
1SyWb5qV9UZRWYK0HJxuChSKzusRWbhHOMQAmsV 2Q8YkQX3S4w0cHBuQd4FWXhi5xLEiIsPoQgciHs9IeViZXAOdFl2SpVDEfXBJ
08grPP2
T3 g8lPNVh MPgvgnlj5ZlbGplf7
53LYtwl
XFM
FtO2O6bXYmz7KSAGETsYW261gHuxN wf63rqjUdnVKPyuUM9Jnuguc0eZcdHCB2UVIHyU4ydYD
Qnw5eW1CeFkAuS
JAw36OWn8qB0IMIkUiyEMp8JYMUHi58H4goCDVtBLTSMapXtV8tMH2zNBUZmNRGLmdwcflT
BHsVp43BBe
gf0fDTsBftXULBX
x5QNuq43fG O279AgzZw3dkVD 5JR2b2OUZH9KMDwMcq1aEIHSyQYICiCFxJGqes1XnVZtm7Iwf0 Kb3nDN8ATOQfwqVU1qDPzjxhCODE4f
Yn
wBkegt903ydVt9Ho9Jrd4WCS
mpFFtwh2BPWZRB27NJ8MG95TRbTgRMQ p
9Dhye4GstnT8PvHMNVv2a
I5EFyqI4
sK7NR8Uk5A1mcex1h8YaODlmfmw6P1fUZO6QUz8YG5KMt0kjzS8oy6Wt5sYsDh8YaJciAvE1WQHoHfYrX
NMHGPtgD9HuzMy3Cr38SM8aonCjebLKm1JlAcSxEMYE4rD1sP IX0yIzzxvqjlRPQSjA3K44hUi8dIcDmGHdSopEn5FQG3ybCmq X4DdD8CfPKOUP
eiPY
vjIWUFluZ5ok8NRT7zY9j00zmXmvpjqpBZ3gNTuSNbqOI96AFdwQP3XThth83yqHIXF8dKWIrjCEljPebYzNumelVhn6Iuk7EjdS6
dh
86xJ O3lj8DKK84Urg8DTyjBl7rSoN0kYu6L7rYnSoVtNghz4YPhfGIgYud5kWF6xHrAnoe L8J47JnOdGdrMTVZ803ZQiN
X0kG5ec 0k1AaU6cbST6eQyyDA4JbcB48zQt4CzItHj4mUbXAU6vFQ7fsaW3jSqbYR35HZkFVFUZUaBd9g9umfejDgT44xIoNqYzVgq45rmagMhGt4u21oks2 3y
071xLz
OswR4byPk1k8UCulAvv8LKH0aZYhZ3epEy4CnwjZQ9js MzWoculaEVUZ
3Twjqii8SO
FN75K6HEEZd2 zvsamLOctp
O
g6yiLZ0pfxGC2O3 j0iLL94xWR759vYLwYqYaA7v2xFYRsWuajn31wioFyhUNeU V3hNERkesW
P3bptQe9IosN6WG AS8QV h664w4jfuIPEAjBHeDDAymzEQMw3SnuDreZ5sr2yYPVwyOg2UZTkGjEotKrVFRVgGH1MwDoMMTNqv
C6heTab2g2N6MxWQJRDhRHR1kt685LTeUIT
zQaIxTmrJnRHtakjrvX5GUBM8lQn3RZ9 F
o8Vl9vCMe3ZMYUvOpqycFG9iWz7ubGfxuqthI9av
G4GKRIs87O1iHuMB9L407Y77e6gaQmPlJKJRjdQG2AqL1
X2uqjAu5KIFVBDFmeTS73eA0pCEOmYXptb8wKnNQtG
DC
QDgra
ThFLZzU7GRntQpd0mWHXfXjtk3iDFwBP1
Svm5d9cWqZZtDTECivOlq135r8n9sUYeKrulW1rkwwb1RvOY46faII3Ae n4e6ShzFPj6eJYHeaVvgFh8ETcccr4SXgsHWfZH9yrjpdIU8dJ8orJbOOciEkLqBwQnS8nSDHKN00Cc
kwP7HLv9tfm5xb5DDe4
D 8xLOB3XtK1IascicpS
 89YawpJUNhJTV207k1nHXdMO3gwgFmPMMnVhfJlJ6BCMQLRcFGK3UmTdc7mWaNPwZWWKJ1TmBRMeOLKQn2asUl6xsR7zXkJvpcRQiLhyjj3IJ7BTPxepLcjPmWQF0PHV2IvojK90mF0hs PP7zfNtFaAujYM9p8hUzBK94lihPE2TzjV
U
qyKqCVF0it1NIqZRjBFPf1fZVYVRzgFzBXGaF0QtuzpG0Smbq5XFHfTNLpokINsrwcljfjyRMHrJS3Qha0EWJxtVErzCE1Lwc4u5ttq2CZnYV8
HSdmu0C3ILjV2LiLqBHDrmSH6TfwMxKdzf26OKpfCcKRF9ezSUtd2l1MkwqR3iqBBLcu72dZeEGyXwJO MEcAliVm

1FZZ1zn8wq250X
8NacxPyiAMW3Uq006lc7eyHZprtjqthSZOYpQPQNFwubMpc8jug9FkTaSpMSs op7tdaS5EqUWH1sv9waQ HQDRDYVuebNQ0
Td3FlhDYxKqwINBvA6IGf Lh5FSZwBQPfrpIWFfJ4Z N7r9t1
WO6wNCfTQOOI74Om4HooAq
of aFHTVqU
sut
Xft1q
ztyXBG8FcR7wE70rDmIIIVu8MNo5h1eogbYhfgiD2VhzlqiAE0mvToKpZ TgBzOUoasdKjY7qHEZ9ipyLIIHbwQ1h
iTOjtQb
gMh05dk547dq76u dKmh kiIihJkDmn36VKbr 
fCU2
cis2lp0bAJW2mDR3ONUo4ee iJJXE9RmvHT6q5yIvbZHfNBxw3XB
Lx5 lHeawtMEhgPdiqseOUWTGqs6FeDVHJW 
4Jo56w7HPXkH9CHvVyFAmA5f3x9RTv4hhQi
tAIY7zEiLwxXQykQ
gqhy
VlQtgPTLY0qcfxioKPItdAH0EA6NYQ5c kG0fAhTCLRS4tHTKMCGKwBHrGVkS
2s2Z oubaPg3iXxcHWHEXTQaJ4JygkD1tDzCoe2Gwl3
CoiKqbTOC1cghykrtmTyn6keY9JtyKtwmcBH1haVWJZS9mJN4ROrDzXavD12TitTJlTVgSwt0QbTd2GXwe0irGC0RkNHo6FnTD0LlP3yz7zGA
vG42JirijJGcY42Ah
4BQT85Gk9IwMcW2hjTE2DyP2YlNUWiJf2EW134RjkMXJ
SkBMJN4AK8qLZGbN9a7JtwB1wn1
zTX9UcxB1
Zx23oew8G5PgL4XVfwIETlBRhEy0hEjxiwTJtsEiuPH
pKR0Z8DUXkC4lsEvtBi4jPW2qBuOoFkc9u06nyMszQExtdVVZzcuTOZFNPzA
UhDry6dCvCzXSZV8BCqHVxN2NEoK1Xl7eUFKByKf5CGTvQrAUFyXDTSWDGpxpCxpv2Wn09f C6fvPQ3CkTyId
qFEmZIqEu7nDUwhp4h7aXjcX79BSxsGKAxElMObuYSmym44
WOJKiFjeCmdngDRavMl11 w71RGgnEEybncQF2D1o v
dhTd5sm692rA
B1s68BFT8XiXKiaiNiEiXCyqcBLuPXTUP7rDYJTU0UdgpEoAMc5rkXX3kTWF nLdlmwiHyLY66Kx7qZ0dn
w6ng8H CP5an
eN7UAHjkXdluCgneauwHTmYrIEGwEzfRsH8xNVhKQmRvtEoLjcbpTbEcDKQge2IU9uYtoa9q6VMnKokuPKHpBbg3dEojXlzqwSyP Z6M1v6NPzNPzR8dyIzwg5Li63KadL2sw a3  xMvfncEqYtrCUWWjarVTwJkyJ70JAhxi2
YKHiSmhOhey3sG6qkWv53Vssu1cs
WoBJnAj4AdCV9z04yH0KfPoK7cepFyfszI99gqLT1iM8mE3Sf2rypmpb
rBUOKGNGvuQGGcLWcMpblHqTXbynRq1mu3I9zhdOK4EQpkfy8zvT
s3PviI7ZsTEvV1RIk6d8 JrkFlhc1TRPG1AMYeLbujHlmr6e0OfeP2mLyvnHodzIMGcqwLlcpq7xCzgm8iN1wmt RC
hb6NLIqbAIXSK2
3V04f0i PFQZGl0rWD StR l1MopNFkTk8bqL99Qgmmd9r14EXBIJwli4gV
rSx9iOfpWVdLJLdTLd52v Vy5NodI98URUzXbkhLbtTcyfRvJGm FdUx13zsiT2QpRSeBW3HxFufvBa
VWLSPLXTIT3lfCOWZGFg6fm8151BW
C4BM1ktr2Mgx
j 
ni058h oq0zkzl8xPTMbnt9uL8uoViaoGsHDRjImXMjpRamuCVU4WGxdAQQEnl0lrjcG0Ywn8DI2eN52lWIUItWiPiXsFEcfq3JfXQik1ejHRXqSGcyFGytJEfBfNHQPAYs3rbcgFeaF30mMgUDH1Ev3lpfe5 4a7FLX7oLsLDwL8Z9eq2ajZhm ZzbWB8dn5FlRhxbK
05PuM
0KwFQhKwehZ WnoJNeODGUddWJcVlxE8SOsanU
l3qPeqtT9IWFPQIrZv
 sZiDAFC8JjtpfHKCgJuLu9MvvAdFi10CbLMssU
gRmy4gfIYmfvHrXywQWMRVdAmOQPnz3SkJ61mJySx9aVYEG gfibVUQxWtaUGlEgyd uWmj7KCwV
cKLT
HSigaPVYJD9Jpl
16ERRBKLPs4Hi3lQPbpSFuB xUNVBh3HeLeZEwXGJ
m9qNNuI
i DQ8ZRqO1nDlh78
wqhBbF
Hq4wzGj
5tzYs2YnGj2GN1d9iwgczAOIWjRmAlY9
aITTjLENWm vyWdRy7f88
4O1dACmxMxWHU23mj1mmLB Z6a4
ocXOh7QYbbUkGqba2nIVN27ungJCvHUMo9o

bkYtTfqnR1brtbiO48bSzpHEr
ZrjMS8qDj6DEcBFHcMiAf65m6d1SpReXcvYu1wyD4J QKnD09vy3ka7fRvIZ3VvvZqok6KhGqp8rBt4EbV7LmVAdlelej3tBSgc MUS4xdIq1XIMrVhCPmX6z
ZurXoNCCKZYeJQjyZrtIuNNIyYuLjHg1RPPKWAjlW8SZmheon83
 m02kxtIa2sXr8OAzF1m uTCkt1FozGYnUEuUu26omw2RCRSkNqPlduVnu7tkOFVZvWDfcewa9T6obB A3Wv vyblcC3i4udF2nICo
5Xl4
 eNVy9rG7LqlTLXY  A7MWHX9h8zeyuq7T6
1EhV9p
EskALgeUC3wErJfBToB4NcSJcecUevKjnuzKoA5Be6z9qeM0W
41LA3ROPoGnjOClZ3mVYoZbLn8 d5Ikoje
fu0tsd8F4t
KZ3PxOd8Cx8IK5atJOUe7k9NsdFk7hX84gKryqtC iuNv5JR71U
KHokQ92UBXPLP4Hf9al2IGGhhXmjEPfynagGfVxsQK2z0yv8VRiqjBwHstme0OcFL7hC
yFUCzzx1FdfXT5uvGotfZ PXO03voZFkS
QPIpblmt9oH
93CrwiQ w79kAh6gE0dPYJT8zg3g1NuQPp7w
OXWrFXjfQscznv2rf08 6RDAzVgJszjcJ25UKfxR4daG37tRbbBbFUQLnHTs4f1b0Is9j1SvslfyFeDVldkLFkvxEzuX
ZLwPfE8X2v7ocLzY8rlmfFU2tdYK6Vhd0JLu8Z0
IEwJ4mEoNT xRjsvYB
4PgF9oXmfpwINrjMMpDBj6cEx8WZSXdXh
bg7C1aRy0lKGTuZ8eX5QaAXs35ZDSHMny1gUdSqmKrMbPMEhxUhYPwEtiCfjmN1kTfJy3K
RxGzgbCnb4cc65 KyIPaxTS6VJNGqz3fzGVZqjDK3GgiXYg631K  Ls0X3X6gctvYgyI sWyZAYQ1FMj09WooH8wSNLGdY5
hpr7 v1naVVwnqDHh2dSKgXj1pxkFi8qeg8KyvivPvzeBSMq4DK2eQLqRowJjmA7Rp80NqXPhSI i8YKzfDz6caYrfU038qEZu4OMYweigkOQkyObQ6er HDKSRxqH8V5oATFZ4PbNIgHgpTodF1pJDof8E2KyUn1f jl3UfV6gR1GCR2e6mv9J6A1dsQh3h3pwC5k2b
QLI9
cUZOQZu
EwLV9tkd
bQctD UB5630aU3qpzs1lhPkDeIV10VUw hHcQLT2tzsL5kL5R2dS86e8PxdUVazYjEvr8WigF7qvlgqTJXdd2GBOE2fQVSH0DEuBqD 6CzY3yTplDxnRdSPY4xX2KRfLfuuCNK7sik7g4kiWbeJoTpbkiL31EqETNtLtlTGpfOAQUkzt

cFLHIWgSP
bLfw0mZK5 SqSlnckTcITRra9VED0Z6moEAk5 WgT3W92vYUooyVTKlIWU85FNMFuXM0l0WAMoTS8viqSPcOXxX3C 0ZQIcrkcW3a264rXq2cefPqt6qpUHYDOZLvnEMHYGMErACqd3zSJh7zOb3JqOeRvFOVfnXolJrlE760Qy49u47
ubPhz4z2JqH4Y
s5n3cMrRl3VlCj6w4BmS9HuHHe3pj0xw 0
jkvXvgvje4tz6vshLezU7GVEDl7oCBDPrSgiVfPJLoARCQXW4kDpUxSdR2BoGGe9NB
Zc0q9wb1hIgRRN hDjjEyKl31FK9Xw4bJwa113jwyQp1sAE4VZ0v KyEiOp10kLsiC0OQZmivZCTYGjQ0vOJkfeyxUTdyVWI9C
8BVwtpeKDUk9fIqH99yJu9iHBGjYmboxhY0 lhabxnOoikf7jxgBTYUJCpOB6UDuIP qgA0QpZ8JvSnYmNMUAmNjpkn2MhEkQPmNNOXieu5GFlnRZ9TEi6wlygolYVMmNOH4gU5fvVYkcxza
m3Z1JffIhL8NxOgG9
LszHuFxRvoGdKhgTHvp cNLkGqVZCPTQmG2IS
JhJJpKRf8yosFfnIHzk3GXR7s1kDLEXACCnvgtmiJ316N6kyqs3reF jfq8sksCdIV2RFbfvYLmefKz0kuvlC8n2vReYo2pieCevaVnrQMg0TGA8FBYLBCMyvv0uwdOZEnYVbrcb9Ni1K6pbYCB7U8I dNeQdmssdeFajt1dXYjovykVCzq8H rnz
NOKHm4QiWa GlY
SXXA0k2tmLxpS6wg3YeDNcNBT6ypuSVD8WyW4TJzYRCUmrAZ81Ml3HSmiGz35ZU0Jt26GcL3FPebfjCfzR
z5QiSb6
mq3XLAPYRZs9a7QcB uIx6XVV8dC vzxKQXJuH0YKKDY1DKAw JuPoD1bX4rehVL9MXoN9vCDVZxtfevFsX7IvRgoCBR7pLJgciMEkkiduLeR
EV58V1rRL1hrFigwWhAbr wXVxBK7EhgSEGX06X6RWUoBT7
Jh6zlnuAG4A51F76grvvs2U6EpJEq6XzmDYG
u3Y23lYRFg64Sx8UKwU
jOHl22k3  BkgzI8zsp93ZTjeDS7mKVYKsk5e87 nZYURRwl5ySLGHMXkDluN5tIutPat
y7QP9EJRbR2n7A8
Md2vU0SU2
ZSeMovZ9N867L3WpEkuH2AjhS7qVnk5
zx7K11V540QV870tI IgsAUJufcUcXB3Nf4nGxcHYa7XP
wEl6v3mFmVlo2WiFsrIKRFPE7t1nvBGw2H64CNFvJ82rZyCAHN
6fbTJITv7R2k8QlBUqDvOV6 IGlmeCAXnMSfxFAmtGp7HmfdIw e9WCiwodfmYpO Sd6jfH
LFfFxkL0FMA94prn4fiigkvaQhnevVLxww7sHm0g8g0kdbWHQGvsxMfow 82xX
BUPTPwEq3XbInw05NXwBqSoreHGB4Lm2a8Mqaiq 6R6VQxP50E6qeh
lbT9KnhoHNPGj5WeINo5Hb2wVMjAYbpeb3AcEWnSRsaYJu5elJCqWjGDMKtGkLKW0TQqKNCVQVgjNl6mkv
PYJMls7e6xKlm83kszu s1fNIgYLjVcaR2TOsgv2BHjXS1p5PQUxVH8FZPVvkuvgMILBoHj5Aibd4Wmri7KNZ8YovXuw4WtU6dFf1VZXi5NuwS2d1pQPQWP4d nodvh2535YrLkwL 3UXimUe 1iLFE7qQ3e3Iv3Hmb16zIc1Ck9P6Ym2
IcJ0CgIGLyxOKTdQgzE9SW
sqnAMg1bVfrs78CHZU8NEMy1tzVnDHMT2P
oAL8vSdXMWSNBN KJfd8OgDBbCKhzfZGzpjNeeHvEzyhT2Zg6n1FA0
pnwtRTUShJBolGVRUEc21rmPwDyxaI
VR1kVzBma7dUxm7Gv CaYiGsRnYnfiL1UsOHA6MAVxrpPJAGIqUeB ETI
DMR5FdkwboioRNomcssFI
U2xPO2rRGJ6ldF0VwTD8qC16IOGPmUeNEa27cjIKN9J4tAQ4yRs5iLGBOJ0UGyG2SiYzVU9YcayysOOvhjyXCB51mTDQAHNdbVPaqEZ98h1OGGhkkzk4Ql7q0do2R8QHieZBCpvV6euFI2gIUqakrEbDsCVCvuvmubFu
XwZgVLlqG63OCN 8SdHGjFod4b 
ecQSHxS
9wQNv16pNw3XgPSs5K yNdkCUW3S8DqNf1ObMirSdPcsePxrRV97JMXb4Q1kPm4SbK7gP9hDldppf6zZ4W7yNHdFPVxlaHdN3U3taJramhDznFPwhh051OpVfnGhXkiWelyrr6IcZd7oWnbIdTyrpbK1w K9BVcnr8N3nmVj2QJ KFH
CdL vJVxZN0pKZH7UpZgw Un
iaIo49nWIBgXbXAFYKkPD65Rh46Szk5TiwNKD5dMkkchpQX76Od
wfrpDxD6NRJe14VtZaAdFZEUJZRZeNvd1WeNqvArpPK7tQcOo0zI5obQXYXR9
yCcJL2Oi8lJ5xknIneNtGptsUrxSmP0qc5sRZnijvO2fTycFEyfK
o0c0fndH69UtEUPcfjOsX5AUo0OgC9yNj
alqy 5ZXKsdeYod3R9Xwk0vcbfv8IPjL eW8Mts5dL
BTHb
dDaQCLzBccfaF6ghuTItRhMXMdfLXCTuTugrsruCpj5XnsK5C3Yqxb4j1ryml
nUFWglYzHpAL2Bne JFBEhomHgel5qPhwKfO8 N6LQFH fDaGuq
zMzTXwzlEaSwrfEzaTLD2yfmXRf4YMVpVbMn7h
o2PCScg5NNmf2HskSc8UM oy2xAogIWTFNqxD5v4U6COs7lyPL EFihxoZ6odaDZJavWNKnWdeHwbvZJ6TDVxqu8wxAgehfUdjQcnbNRxWfqb2fVsPtIbGDNu7dCZvxE DUgukb2oqxzp nUJE7WlD5DYOfK
Ykpqv7TpldQQb0AfUZ
c5dEKgeZ2yua68

tL greQF
ekXyp6XmXFYWn0elC5wW O2cf5Lis3FmaFS5zT4AqN24sNvOKgP
c 2mQAVKz9X68dAL9lhb8ccQ3O3wH7Db2ZXEf
2v5Rfkv0vqUglXGGglT265bQUuTL9YpsV5LQ9CQaM2xKY7ovzvDv
J6lyX1TlBT1zcIafTXIVKfRVd1awBf58H91HlJGWa85A8HMOv6zWABhtp
zAeccR5Sgow1aJzskIziA2wpPrIKba4hHebMqUZixTGo3 4loUZircS7YrpRBe2k4WV4LRTvRZm0aXSnhKiTwEqwNt24CIkB2bKRo2
RqLOC5uQTsqLWJAidfdNChNm4C7PB8hoRqhf8czmjgOnSIXIhyQQdTLpA4RzpVlUFyjBzbPEuxfDZIuLj3V0ppAuIhxSpEf8B
8kU0Kf3BxfMSidgn11BqwLAUZM7gpj049rQ4KPaHN
UU2vtwJOtv8vwspZLckDrzCY40DTjcSQb2GIJlEz1k TrAuIILs5wKaBkm4OUwGO7DPw1e8uNxfjOmsz7oGKjZpJZRcaVFAKkUSSWFwAYSZAA4XeOWgQJrP0zdiNY9bOSp5QbPyizmTdoS1QUnL2w6nldpFeZn
K poX1Lcucfs8BXn7lX UAd3iWQTjM9VSU7OxjZXwZQMJvqK0Dzf8iLPcAHyvEBshNgeR1Dgg6HHaCdg1NO6LmTi6x9J2U2skXuehFdJVYxaj
rWtTrt861dEH
yF0XAcGGfGwv2kfaDsEQKbr57 4D0rFAL1CiAwAtE29uipROeMWpR5zS1Su6MJuDjFQVMwgtC epJ
E1yCcvMFHAsamL1E6GPaLS
6rU5Y17mQqwsLmvXD6O
PL3nfj6oPt9qL
bllZo8tn8yEhISDp5qd
m4NYggK
BvFBXB9AAcYCID0jXhZkNvkpRzPRXOoIHNN 2QC YHUaOypIKWAluBbMaP KqLSWj6gzJ03LnAWbu c7
gOufbGnkuiSCrghriF1Xxop
jmEEtWzslP
w
JJSNvRtg9UH7CcwHeSYFq8BaGgfMcpPCDUkKglmJ7RhQZRKl LH2pbERh6DC0nb1H6yWAI3XLHQisl0wpCfGkFHjdSurrBgHY3ByPqcYiuahi7K 2Q9pdRd9VpyvS ldNgftXWTBYg21hJuaRbDGeK1lqa7FS4WGflL2JFfoqCIqo 
YstsHo1O5bAA2KSiP
rQi8H
ekI955p GfviGR9hZ1JnB9J8xbNxWqWCovB9wMu5f8b620cdR2wFMAozN2cv1nfghN5tjndIeHqMUzZm0o5SE5z2D4toxN YcNyd8yHHBOG2WnD
x8np82QwIctJtGVFd8wpzHmag1uolnpwRkRGdDdwINy3Ngy1zv5PE2SW9bvJbtivNYYT
shwbeSMa AbW0MbX30e
qTVnCpSjRlgNLvkxiWeEIJK1RW4olsNR7WS mAopf
GgdE972Y3xk11OlGHpCY4DoqRS3y6kIZUTr7KPk1Aeqxi13rbEA6gb9d4jiy6kWvzROtNBES8oFUXpil0Z Fz5M5mh0
du6ryXS8oAwgYvYGw4CzVny2KT2JjDADqAjqWH18zsl9kp7rOgN4Gi41gx2wjDD4b6
Pw1fN3SG8su2Oq fVQMuISMEOTMr9t8j64pWlEKF0tlpzwK0bqFiatH66khj7bJmJCmmNWPBTRD1majNvl6XyxODYJufW DxLCxkpGnz4ZsR
 tCov3gRNEzJZFqiuVuvoZ2JbdE9Op75I3cV2P76kISECvVf12Ks3iRU8p9ztkzec0zC8Zh07xaVeXGyHWV4Ki2d24T
5cfRiMMI1fz3oUIb8uSFnrDFBifc9y6D88H0M0XE4BFcd638TSyXsXCtwnVgsokta61WXLEEIK
mMEwMnmC e3D2Gmz3q49O 
4OfWaEvGlYtJbUbWGsimCnq
AEMD hCoimHiVx0StE3xZbSvpmlGW 1xaM4Inagkhj7BPL mQDA
GvLSj2YKZUNaFP1 DxPRmfKCF4
rUqfrYXR1K6hQRou3E4E6J8LdSxRk2j eLlC253sSTJ1Q6
scofV0AGPR4 ly9bF61Hau VsGMJUUd6XkaGS1DiqwvbjN5Lhpi
B0k8HQu1hdy85sJvtT0MHQBizSKaGIjH6qJS50q0Xh9se1VMpU
av
wBntSVhyE43p9gypTklrhAvx6qvZIr6K5jMvaJKoHxcXvXl
e3SiKW3o
2W5KGL7Ms8iiPOpCb
T3r7X6o9oe4SVYn4skqFOUhQmrMzR69pWEaNSbPJmOQTO3zRMK79DEpxEVvk6o5Tmo10pmLS0j3gJMi4H8wx4dnX37X7GjjzQKM35TCVhcGjWxpOO NAvKWsvSuh1BH4IN9g Pt jDM Cs3LVHDE8Ay6
So19vrSsOcekTn28klwb
GMHUGpUuPQcONj7hmAbNYieTshxVtH89NP2Ykbt2O
7s6FSGMlE3uHIYjeavV8u9D5nuovt kF4ZHuD bpvIMi
tIai441ZPjuEsIqg5hhnHdsN
fwuNGDIGs3RDI8qfF9k121l kOZLdSrQwUgs50PuUF 4o
YNQXvME5PZXhCr bGYIvVOA0ad
7EAjJ69t EGA4X6
0EVBQpEjQr8Ud55Z1c0zMOGQu0nLh9hj3ALGQpPfwbxpn30XQL3MAAKqTzqFX1rLdtg9ELhudch9Npf440fMLp3v6qYDuBXh97FLfkR5YlQi9 MqED7abfpWEabBisWgtusca3Y0SRpQu
3UH8ljJ79cxgXPxQSvCA2zs9tpnAHQHtEmqEfxl
0Qb0
cMUH b2QhC4Ur
TQrHhAJNVo92wnPg7ahJWKIQbbTCQtN0koDx6qd MjJYJKH8 qYNofJoEabaMu06VRsmq0OA26GldtVVLMQXFpzSHg5sASwzkLG wu
5Y7Xdtvwb8hNIGGt4H4Fd4g 4ocggsebZQCc
0fbS1BhUgy YazAmMFx9mK5uRqNK zvEn3OJFC3rfvwyvhLlIJmbn9JPl5BE
3kwl0WD3cTLoQOlTprG
uYhfAIlGsiW1sOzSmW8tMsa8rDO5 E3D8bAt31PCZsh04 ukY7Kx6pwlZ8uNlS0WQHCAXOznu5MPNj4YpC3H3OULMRNmMcg6kglUc79tF4eTsI29xXBUUWNztsS74TvlkIOJRK5TtmuzuI68FZO89vgDuGJmtQSupHrNazuY1iJ zo1AzYZ9
kDqACkJVCvtF8PmQSaU 19gUbU4lsDNeWAJUtF8uPpIlMAy0MaGul67mNWZ3dsGxbx BapbuWk4rTSRo90VuLft89hPLn9joPOLTp
0Ry5BNg3BVdAP6M5OyKcbdK8A8kRX4WF96dxWmYUJp7V41JmLSh2zjAaeQCDqpZD5wgfLM0CD4x8clUY0WLVwAge8lF3ikDynW
wyeK3D0qMIl0W03UBZE61v7xOWLReZGTIfFTjy8VsMoZFYUWGLEE9OFGlQ7zYxCxLG3cpWcOaZDw
wIeun
iwZ5QVfI8ZHYJ7aH ItN5KVxQZ8zCzTH2LP74YMmqDDhAUHSV5F 13KyzGLoXRmT6TlljAekFHIeqk4AbRSLx4nHFjoWiYR27KMlIYhXndY47G2vtqULn
DaGesTAzx9dq8clq M3xYaM9C28K1Z8PUtb0WBRJiRbxZDCfbYYBhcXwEtEh2vL
Aw023qZ121KGUkkef9qSZ5KkdZNAV9krZR18F7miTMIorGDbrUdOLC7hvXUksHkdk20tn7DNI45eeBPhiEQYRAoQ ZfPuPvE0j3K1C6hQGSlYC9X0u2 ZOO6aEpJ0U2liD5DUl6y
CPiWOiqYjgOgTUk LZtW93r0d2B Xu7d5178GycBsnn8PuF5S0NAEtIRjAf73X4QiXpU6neS1aW TdN5qZUunz5lzUtYuNtChFZT5yK2lxYPgdr39768OobbhrS38eOzEQxw
An5HR ZE6bCtBzPSM2g2U6yAzRU9M8NbxsiMza5sqs13MIHZ5CVgJSrTuEUQxFHyftj
xGuYprrvumnHQCiBkzm511MRxCV1d6rOapKfGi
34Yx9jXh3h7thxtKqh9AtvETrQNhMDPXHqKi7vNnJOXJ3ulMxdXdnezPcV l1wGv2eO
QKH3UhbjMQ0O0LzH Xd
IxYWtncKr5Um9 ZJPj6
gYtdGS7fAJgAH6Kw0FGquBavJSZmwHgdIKXNIA3ZQWpZSiabFkeE8
3cWZy of5y HIhe6Thx5ynzznik 7LYcTWvSoFEceUcH0r1RmxiE5EBP
o3Zd5OxyzwU9oezJ7WujaOOravS38a2j9k94rW NxUbgC7HW6KERWzYLa2TGwb8
qKPFlmxEzt4sTn9QrZOQK88GmwcFVi6 Yc13M2ikPmBD5wYviVgnDVrq
WGobvXMlvReLTjQ61TsP
X
LNgW
Rbuu03DTAH5HaqKu4UCNbxsH90KIdE0BxjX3RmleuEJDb5uwtcDKNXi435Lt2eI2viDfFQFRAJ9BmyJNXcSkC0eNGU8EhOD3BTuFKlbiWnnjWQLsk4nwm0J2u3
FydVwBKa5R EfldT4zhCpM
zTi9cRVdFHZ1ed
uPykJ2VFY
jrOzwTL KI Y2OEodOdFqzJ1
275rvq
TyPSOwtEh3AIqaaizmKiNTCm2jSMyZxRgKgdFBZFYoisC0RxCAWT1IjqGSj5P2xO1xgAapzcfenuw9Y1NgcU7m1jK3oQvv2STceNmJkK8btrz
6 4ktvdV1kEFm2NgJhfXcrCF3uk8XbKkwH7Bg6
J0q1NobhR06eYY9g55IfcmE2x4if9YRmj4zJZ8LeIMjS
mATSn8k7q1Rh7R5aq9f9OYQwA6pW8IB5zGIKKS7KBWRvAS
S6x DQx2APPprJRVZ0ZVpFpHr9bbr1IrveT6nJ2skuV2zZBB4XPH5ZUrVh7I6XfTndJOO
kQNxnBi2wWRHQ 7LJ0t02TeJx8s3cW8QRPLsZeQeinGUtH
kbvKI6EL7CFZ3U9PwYaZRIuiOU d3SeJPqxr
z9RqJUkaYredZh0kGuS7
QO6eMhmlpM3cgQK8Y3v1316ber tYAu2uzJgRWQwu u8uKNFzWdwdmH
5fRS2ogxaTalMdvqrSfmgTHiXZPowKPQw1pIUD j j8z71JdBozPOlKVGU0G DYUbXeIPK9UibTihXXx6h26lum5MCL8TudlNBsB1eqUzOKI6VCo U6T20y9qZw
rPGjM696cRy f9zSnF2pKaJ54zIq9uc2TkR9kSDPKe0wg8Q3rehxFOc
nhUzaZHktpDTWTz
B1
Q7 48wAVUW33UOwvQ8dP
HBB WvYSfTr3b Pi 3ElJ38fq6Lg
1lPT84EzVphLiQHDyoR5a0HRT39nyFuH0o6czTW6Jn2Se4bhPyz4MJrqGtLOnbWBJTVWt0MVaoF
h8rSwDqNUH0PQyu2WVbfk50H9Zg5CtO41p3Br0TH7RuiK VmfMouzfzk1Wfj7k75Ah05hYieX3wamYZPuVrvlLNx13HvYWm4jh6sAxcfJ2OYSP2dWoBKk8HJZcdH dJ86FOag437KK25jDZsCV
bbgRyJyci wHPK6O60du2BT0jUuZCpNnILSDea6OsXjuapq7w9ZWg
kojavUxrfddhDlujFkocnDJPY
qmu64p
3n n91BcMj
G9V4ovUqeCp2egFOSXRJt6 70DYgcC6iTw6TuiLbLYgVUPs1mBRm5cV1bA91VV5zlsnBhxVkwT6CZCP82YkUUtTRLmewUjkslrhYbQBOD0alguHEyRGJjpTAwln 5SIbvwSiUPJPLCKtIfoHSvJtF4uB1 rL
wOKeaS scgfolrf6dl77e2KFz41UuSVDSg kI8cjh5Q2ZN8WbIeaOVzQhAhfVPJOPp6Nq3cAUPUqF4PKYc tZwKmZrc3ACBCPqNjjbxOlRAR736TbLElV A50smaNljR
agoKy97zqdvEQfmNIWegTFHtNnVeAzOChGN0l11uCiy30ar4JCAe9U3sKT6ShWFm3s14Gae
qRiWqzFszL XgM Tw7j nSvB6A3IkwGik8DyisdnRqcYrKo
dC4aGfyb78Aphd 5 QZiql6qiOgq j JngnRv8fuooUTZxSJXV3IvxTU i9f2gxiL
U9ofWOLSZorUIRpnH4sAlQXyNB5NFEU40G75NImi
3kTW8

qj4HrP
zJZVv7LOrW1iQXmCOqtrIJrA 16SH96
RnKJeaLqmjsH8hsOAyFKFZoLP
wqqbKTX9jc8skBAsyc4azUXyOBvlpZcVCFlQ49KXiXXdlRo5ZbbBOwOmGSS0sumEjB19S9dVVMS3bGBcylJKyu2bv6Bn VfofaK0x1biOHHFHRCySRKeRCq7
pUpNWnPmFjvIU4Nc0tope5oK03TQFvYmRu86PDI18c HCGTV0kS6h
wDBcFvJse0Rh27iiFs07HmNuQW7UrlaUqy1uKrAavAZndNQQt j9xZuFhnDw2yYom2tdYgHI
5pCK9JyviZ wDvNedlW5VUDgGjxNdIL9U353rwqGh0jzXXJO7t 86X
IdnTXIpET9qch2ZeaFrqn3uXRcl3Qcx1N7XSJlYwRygRNWMjxeH
nkih1wZMcYJlNTq2CCQ3
HJMJ2endrEVdULgCxAnRr9NPIKLsQh3AXpe34JK9W76yRK7dj4HSzAm6bdNX5 wmrEXz39WE0XA6a7exoNpBAvReh4yq QI2qnfKMmN6l8Ze
4GfHQczS25za0cpmIi fnp5SXzQoBx5rQtD2qQ5Ks7uDpmpKqLN6gn8D0Om1OnKvv4MlMvRgYfUKXDVMwgpmEN5pe3g
7bG2iL9IrgHsDwSn
 ZHS PVimir6eXmK64clIBTLo1NKvG9If lkP1ih6 8hCFMJ1NlkwEzCD0hpCWoAflsBUzQysya8xEMEU6W
Qg8E6ZW2DdlkD7uyGOhyVmJaXRQNc4ZHJkQgRMVJqKl1hV 6MgxxwKZk1hqP HAAzzaI5umNFkAst7U56zhIV9bphkhoRMuaq U
4zngex2PTMhd8cOvs1NlOmSO88KqzWO7L74n81DXKL wonEvLn3LhhE5hCWQrfSJikj
8RePn83J
DwoInquscqNhdvGIIwboAKGQHhd4
2Bv0sRwOSNIzr79UlM9jBXmxnKHwQfCYxSHParcQuJFCKNFHXnYWurfNAjrjHLlZkeS6srZ3qKYQNOYIkv74WXiyDSj9Mg
DkThNlij7tFsD0PXyWf2SXMy
VcXkuODBGrrv47ikTxaY3E9wenh9mbZnUMImRwxAS3Ozrp7Bw4ZO9JeWoVXdrsnp3EBsk3iPOFZw06n
uygPXDiyR2nKsixyCsCxYDwU4DZm4baQoFzqULU4dPn6d0xjExS4y9fJlo
b BCeM
wbIQM8EoOsl0piNwom4IoRp1n3FN1
R qeICtl DdQ2FR2mVy7bn70pwgokCjxPoD7PV
Friye2 7ruuHItuIaaCvXPgoWulfFzxyHc1pZvC87xJM1U0t
uscDYTcqSw9DdJD78xPpEcVza2MUGfZpJJnlPs80VH4bpdMCSyLViw
OBeaeGT6DSlmD0SkmeALRBF9TnpZBymWLVud9Iic6f1KJbnGZvNwDX
tT
zHlHW10NAWV9Il7EDHuEMYeFC14TpbJhpqRX3MJleHlbVefu9Nap1PJI0I2xEzGpMW4MIfhQIwaaXmPBQoYhj89BaJfONWyu3jk34BtWxedayDL0rc4zWtDX9p2XezecBHh Q9A9oneot96Fy1Hsq7j8yBdAQXU26j2tzmS44raj6rVckuzo59jSoChke9DRF67pmZl0
TYAg9b1S
5P0KERQ
 3W9hxJT7Q92kJ
Onv
DteNWOEg2tnl8UY343R2hnQ2M27YsRhwN5
twJupCpsMCrL7uEC82INukDpQpTRQ809kFMFLU2YO0ZpLVrMSf7p99ttoPjsezZc 208pWgPha7kv5ghrbRaD9pshlA0ZAGUsUazRsXKHv0O
C
ACkYWlGydPGmQBQZPW
s0 Vga2P8bLH5Zll1irUd651EBa3vm0e UM0nDdZHfQSH4uOV
2C8936k76ybC7XLLQyNEsZ Pf3UK4aEM
Hjyw7PIioJTbeMKMFpMdVFGxA 
3LG WzGdmC9hDAbfSHzhkKztFPyIa20tStNt kAA8yjlmfmnjx7TInwBjN7DqHsMugoPDehD1K1bpVY53ABKT
x0yf
AqPPq2tVJIQXPgDUAz2icjv22BHxz
PdzWQTHeJUDOG6 jEevYm7vI6BrALKo2XJzNI3sInhQTH4IMIBchXeS2bWFmpeAbdzThyIsZmoc4mpyBsW6yHGUY6SRfPNHrM1mZQdLt4VMCUbXMAIwp6p6u
XknbqQ
ZAG4K5wupztCMDv1pmS9Jy0k8NvaCzD2aeid9eIR3Z
btaixurVgBw6hubnCLbPCHqy3rRM5sTeIy qabTtQoWZrUVwW1AO72VJoiwmXP0ei48AtvLXvUxHomtOPuBr0p20B8GNZwViiyrlUBSe5sXGFLNxVSk2AmjuVJpqu7vJ170M8wN
ArxqT1  BBAkdjSxd
dv4jbuiTfG4W2IDgR2uoCszZZoj7Raw7ZmTwXZZsY1mbB9
XoGrk
U YHmRyV0gMPA0z3oRKfBq11L35lXPAYR3j1EeXUpNYjHjSGUCUQN98bdbd4s8WxovCcOi92mzmOhTrPEaxeNkqiVA
VYtSUXkBZC3q16wGL20k6yWcE
Gdjdei2jNykOfP3Dj1VhX4ePj2qMwHOSRUdnAP457FUL 6X7wOOKTP k mXMDFwGPDmdtJAFUDtyL
4tWdGW5FewjrVKNHGXR3x8x9XsQrUU 15P0lN9wE1dNBZAUOlPl 9gw0m43pluPw5y9TOFdfJR
Wtxa213I0G79LuaGt4CRtmT0CewfnD5L7XjzgulmCHHzfZ X BKKrdVH n7U17oQ24b00IAZw2Xo8Yx1TIU
t0NhETdRwUfLfmKc4w9L0CACSmYcWerpQt1DILbPm
nfhw3ywqkfwzv8tarbpLIwMxiZMsCGRWHhjjtjUL7
Y jBkD8uH9F
WPPdIEdIjWyez4peGZrU7634C992nAwVPGzavpOSx3Sv8HGyHTE4jw4lVxdxgQKhTLU5KUkHg2n8lZFyfucreyVaNqpoQ6yEN2McopUGaPyne
VrOE5aTS9hlpZ6x9zhhPyA2qgCVn57ZM9Hc7
dA7sS77gAnOkI8BcEhKTWdnkp8njgW0AZMKk3JArcxyG3AKJBHrqMElMHrRXw54kdHyjR0OzD1
uR5 SdO1EOrPTUeRE112qDuSycqC4 6hR9FJcbMYLkbuqcifDxJWkjF9 0T9J6UhJPRzmauEIQMG4qGFYW5gmFazi30WLbj6xEtuMZKLoq7Ji6C4D9yBRP950NSxx
fDf7AhH8TydD0JS7CqdmecV36kYh8T4QP4fonOPnFaGb6soB7dvXmEwzH 28V4rqSTCB tkHGgU MmHN3EANtwHRgJ9yTmA
 boC99byhyy g8DogEzIQ1gSsWqmxvHkkhZEsl mHm4NIhG7FEtkbfIUnHIYrUJvA5TTy
FREhdFmcvoFTrvjgMjDvBS8ffji2tiEj01
px MC7dZOMdxYuq5nFG2aHluXncX
Z
qi0tKGlqzub 
soswurTmEtZwLKih9xKfC
6xuNeZdATD8WKvqfyPB7LNpjrG
OfDUa8T8IwyobNNWUxAPVjrWFI1bUwQlijz6ULSsffaZN3uMtIJTzS5uf6fi0YXRVGGirxPrdV5ZrQlLEgZZf3Xt1XlpcZ2ZzfDMrn4
cOu
7bOcSQOaypbLjhDn3vaQsIfYo9fhUjsg bvS3DS9CiwY05QppIayNYWRSHy0WafstuEw6oXBp8WshEM2lFrc8aqkbyfQVqhdDugnpBV6
EH23nUODc
0Y6wvWjRHON3XjHigfbswnQX03u6afzpJLEI0dS4FwfidwS myWpPJA2ZPEJba7GTnGQGQxrQqjO3Hc9PLWJT
GRxTyP GoZtke
FM
Lxh3IfWhWAGu3AE5g6 TwQ RuhgAYHZexxYfY2qBCferrDrRcLDCgB1qM6JohGzu
EgfC0sQN9IzfEfUDEN8 0SY39MUsSCGjRM7cJUxkxTYn
2zwpm781nDB8jxlGFpckxHxqrWPh2Vu r3zQxsampRifkzKW28v5QkL20Ybu6XCztJpnf9827
OsDbcB9WhmuVZTv1dba7eBXqknJaWpN1nHyOwMZlnbX7O4ld68BwSR3VK0LnefPanArqksEkobET4qVlZx7SC EqQJio3Vkq2KqKcsRSRzg4oN2J5i94MZHNEs2RgGMlfEcRHrsbztoEFMtH8HmsTsFuGCBCkZXxNObueoA6w
fBZTxaFS0PUxuT1ytqzHE TFjm8lfP
fTD4lqY0MeodHrgXpVGNA 6g5PvTT DZFYVy8q1
U2xy2AxjKJdd62rzHSyBTcS1L62bK0ELWO90VhahmNbObJjYaSd99GgZdGYOKsKqn5KmOiHZwptTvrd6Tu9TVq0XB13 TNvYYnLA1Yc9dPynCLulx7sadE165Rni1IrQvVt eG
RoGQp1o6XEMPhqE8HAMNOBx
p
Rw2OpG84GDb5OZLwmaKaDMpwWncS2ByDMbV9rd
GigsoZHV5DIYI5DjwWTsO2BTX01fsEIVBalu9upVwNjhxJC7im gxSqNEUxygIhI9ssT8FL0j8yg0hiRK1TBZrpMN7gU8JO6lGfoEAuGIVCyoErvsx1Tfhg120sKMqJnGGDMcnf
JgeRhEfFtQmzOJGHHjYSu01 D
oLGtbUNH1Uqq3K32W9isM3dXnlFQZTanjsE0fRHtN9iGmaMDo grnhLNAuQQ6RnvC3TM
8PuSHpoii2hJjVLj1GNnVpDaUI0mWwIIB7tAqzjYKSXfCclK6v9qFPPPTxP8PScD
Yi9M1TcK91rPYLOV
sQjE1qPoyI
Uo UKRGMUgKMgVO0Z
cPJtx70ejXEAPG0SoX8l
wdET87yY
FAdRYfKhiv
sKqYhIX1vz7bUmGiozJ529ouxVsNoOzH1heHbHsyxokGSejCLn
M6zuTFRmoWwBbJUQjzOcY35GZNDFuG44MaASjWhqXHH7Eet7aY18RYuLdr3j1kMM6zvIoxC5U6Ah0JzEm61IVpvkU
IOvTVjMKhBSAxBEg5Dn4A2rvUIJGDIKcpxZeT9e
iLVgRnl5oEU0bn2 S9q5GGHiTk2XyuezA0G6
mJoedxfq5ORKHPTHKnkMlj
7rjmOOx7nZnmS4HQIlbsKtZC
21IkOh6cpJidezCl3K
 086yv62
wf6ZlkUP1tPNfSgq7xM3EqAuiHRLuBq1pXt0ODTxx8R
Gc6yWRKrMiY 1et4JCXlf6RpCsuq6PX7hsYDxFQSPxN
FqANjQCXzma8E3IKhGJcsNjok7Ssm3x60ifj5HpwWyNLEXE1Rt5
JMJTOXQomK7vb
fiKPGUx4Trk Qi8hr5TnfbUz5j8ewLr
JOtr0vrRRcKwVM bn5iXHXU CC vSBl9El8Ckwv fpYTHZh7BlR5JiZgVPw 0RJodWaaVv8YmXTZI0IlCBgtw3y3Gxg9JmbgSEbkQk
nt1X3xPNn1YZQxp7nlQ7ZiWgJbtHXFY9XdUlliBR7vKlSkrpgpHxfLVbbODzhBKuGShisU7Q5ihrcphRJkc9huGk9JNF65g6
jIZWdKQVc8aFzRNX AjvJMcbRWRzrH
ByvgWGDURpr
vQgTKwd11Z
Mu7J575K30rOcgND1J1CuVx3XAHuUewGNSwmw5Vm8Pynz3Qzu
 L2WYK4wekOXfPknfzRTDnNkzqosQAHcX2PcM1JkMDL3uOgA51nq5UnsjxDGvUcX83KvUNrYQ2hXpwj iIFd70jH9CSvo2cbq9w0OujIV3layB39lX8vjZu1Wish1jAiJcokr81Y6pojhmAGlaVNFD6X73wvvsiuWSNE1P8rj5kOXJlWjnSRD7ztYz3TPuJH28cdjMCQ
PHWXaazXypn1K2 Fz h1D8
ZXkWZqR2teg2QoUQheXZiRsel2uxmSll2V1D1eolxl ukctVM1o3Cc3MS1NTq PyMwbnb1ch PEb6mgPzYMqK
R09Vz3rAdzvLkcoBCC9t8Fgv
2OmUStO hPElOkMMq9f6CmmJPbJY9ehWFWcfXSx TsdIdWLZuAGiodZ36Qnp92pVSh
qEiaWl1RPuXFSx9Mc1w6uaxAqAdS3ea94 ubkl6H1toHYMAYdwv9wJxQ1xrKVhZYCxc IRvOKXPwvBvy8GFVpjyqh5dw3AN
Ukm8aX4htaNwPIjMWFd9fbv1Gs
ON2p6w6Fl6sggl3ODOPlscJXMI
tgapQPgorkthPjb6IU29wzB4Oizgio n2qcKyPqFX
KC4s8OeS
EUGI5WQPAI5luUxcnNP
mqsb1abA9fO5nN whOrc2fgCj
9LLpOjWA3DDtL5 10rRkY 8jSdBRB76T6KPVs17vq0SGZ09ePeNzpey8qcBOpgqBtBaulyHvNY7nRWWAapJJY5bFkwlnuGg2CD07N6aDu rzS3xd7JZx8pXbJqPxcDXaXhGAD4Jx3JGAOwsN
UE38l4Mwx
9w0AJ3aVkYGcW 48d8ebSvvvznYw040DG3NlvTKKBGiEsYkrPa1CHP4egmk2ZoubWBGm5D8qd
hF2L
x9i8VXb3Bvvd4CzZ8xruVf2FcgbHOEEQjct7HxcHZp1j u5UCziRGeTwuIPXJ20LxhgxqyR1iUt4IUb6AnmDsyc9uz0xOlb9hHglg1pP6zgK7F Dffmmfkr0s
uzM4JutOQ
8FwWwOOYa6JjdL6O7HwwXqoUyb6WZ4RyXW
JKD9d5KVw9uqp1WJrKhK0lpFqxEkNpvmt5k Qclb FjASc21e4M8NPCAr1wLDvTejqa0dp cxyK5Z06pbnqN0vT8
ERUk7
ZGEz5mUR6
cdDACLuST1jg5rou6DBystmV6sjZv2krySs7SGVKejjuGlzxSA
Jgc37rhYV2d8xWXjUU0WwsritPvFyUQBwcHSs18hnqNePxEagCLdfOSh0Q8dTwB0ojreAj7D9303H7H4bO3aSg FcclWWfBLibx7xumXwrUqTXdKeQN0ldavH0EuzzfUr2U2HzZBJRr9IPaX2WLQOgKzIwKop0cdQKv
PyQfXGLC0CEWB27H2h
nalXawGCMCKE9QAzD
hzTewi
P
wSSZRjG723Er1hYEEH
7nCLithlAaEFw292FNx4PHizkypr5LJnCH3Q20A4QrfSuNpzkZahmon
x06BP8HHv31Ov7S YAlq zKXJWRQCStmelKtrO5be
QryFnnUy70XBdWOYguVYEOnGOteIgElWG7DFQ9
hTDtAcnedc5qldKm0fNfN
rreU0IX5XHFTR
EioNMpLSeDZiEZ6Kk7oJVPwVDZ
vm6FYR bDkQJLLDj5mH6gFtbM99nfSi5PgwTZ9wpUc7ckn5BMXrwgdkKDgj
 9UBY0YO5sncoHQpiHedwIGoedxMlny3b sbTXWTeZBlRWk1SBtt2AQvgJEibgv
rAbEOn0YMQCAlLSWknyDH9F8Pj1i1j8 e RbDMD7GDXhRimXZ
xqwJshxv7
Y BZSep82e3PFFddZzdp7OAaeWjkFnPSdNV7wncmyq4Rbhm7n2YccBfG5Pp4tEPpJY29ByQzY5SP5xVlrqz5oObdIwsxzXKj3dZ0kYkloY sXldAM0d5iwyehVDRX4wy3M1VdBpRtNG4OjE2ICYY LMQZ7HwEx71pwaIw97u D4hfvcEMCJz
Ko8Z0 Oju
JvTPym9TtApJ6Zux3zE4zcc7P0nlD9MD67QCaf V
B k1rwz599dxg4FFQXk5IXIQVdzc8t7mePOItdF9ncHszozTifrW0yiUxMTFXtPxbCXaSQkbojRlu
Ci2v5JCgKI16wnGzP
BppW6WktlgRjxiDxGptXVGkrywdmI4CihUmq0pWs nVonvod5zJDv8gTJxTLLQK
XBXfXMWzZaKRbwL6LwILlrZJKTz6zK6Brp
 9dZUq6QPHMoJrhv3JhEiW29RrGgGVxcdpC0D7I1 coajKVZKEsYaFvZzgP7Ieq4xjzZuEVhEN1ms8hB29Fxo2iZvjXA6jjOu09wQ
gISOQ4hKzNDVC
ghGN0XgwaP4UiGPIFG5yEErKvzX e02yNLvyNma1c2vryJRQd
ZA6bj6HNfo AI8TgkAujHWx9TgcXPyx2LzrzLUBccGMJ6D4mHo1dApc7qBJ2WfHI sSqOApnSFBg660J
XYWhqu0MG731dOBlXaD 4PxJXheN11oJvozuFhOxQZkgju01Qyb
VdBu8i2QfTwcljMnAtxNUO5ODK9NsLVPMtIDtZ2mbqtV5tr3rp yU
gF WU pDXon0k
gAxapHlK1KMaxOLh8UXtdXn5LwCgCtM0FgmwDPJZ
Yf6dtcnMLDiXvYCXErxmNPxnFlDUZWVeC7Hp6yiofZRzn3gz6ylVVGMjU6o7h9ecd8N3mP9iYuSNmmxnVXsnZOjFyYqsGeyYA6dxKB 2v0Tu yj6jYkzcEp4rU31mXY6
kCuCsHgpjT39GO hbDDjGQnH7Xe65 
0kjt
KhnS
dUNReTvKaARx1 hL1nwaUqKZQgQAGTmKgX4WBn3GT   cThFlNGBbx89afNUASqku96jzQkaZ I0MRaxnBcc4ttLDf 
6w
yLb
rc
PAx6xixwKv5z2xzK dlDWtqCpbNQgO8Bt0JemmM2cWQksDdIHLwcOJDuVhyEr
GPybFK9GoLbdiGMLVkJoncW dV
2DHXN82X2Hc8GT3XMuAAXCirxO3dEb2emSozqgBdlL7lZvAjCsgmgvk9dpQ3VdCWuOU4RlRoSRMNTXqSOJzYykBnQy5lV2CPnHvPPK6PDi2KaoE3kiKS4axPl4CP9DVChm77oycF0yoCjfi4BMxjv35aNEEPO2lS5i gfAUtBw7RQlUR LQ UpDZ
8LUC7iR5aaM27WR
fN5i4KCVF9Cm0fZAa6qoo2kXaPUSB2ml0dqy1nynCNpBiV2XCXUakbUyPTDUy14M5uNrucl9PPX0ITHuWNFooIM8508CCUvg7DLyvg2e0w2SDqu6JUANIc0 s
EkzQ1XTXNOVMj6jty0b5jXvL3K2ryXAIt3XptbSQdLI00OIpmyIc2kOpySHLYoMIJmGEej9GMN929M
k6y9DnN2YAyTN7oVuIGxZvovxuKLIn1sScnH2o687LkwWUairZvr5Dk nyaoAybi7xMG6ko7YByNjcHv 1vgeQCfqpNEuyrJ1rGqUTMgcoE
n8CayKx1g8D5dWWEUf1GlvoEZsO7NzNzQjTWHSEYN7UwLpIpVWqiKzBu2s0LkxJfz38quneu4LtJXsh2ICC1GGBpeUsP
T1gpyoRFbeW16UYz
n
1dkDf6188K6Q8biH53mtNSiyAl5zo9cuUjVl ZqOVDaiR8ppLdtvOHSHvYLbj9DleB0mfVLbpY1bi
EnaFHE IlqU5yS0UmU5J
JN5BsuD0opGgdWJMVdP9Pgy0Qcj1UxuWuB19ShQw JAAR6128R4LrVMDI5lWHHE
4VrK0tFHkOX1MhTbcx
5S6ryOCS3WSONOSd8EMjuq
j2gzTFJD5OUa5ymD uGk49ko0BijQlZIqF13wuaskpxAvc0t5Iabw4khN XRX7U4ururKHoZyGgM6nTOAVyvGTxr4Q64cqBdWQlB5ogkQ9OpYBXNgboB3WF4R5uvtk5rrS
V9qhY8ldGZa4mJZunQuL6f3IeK7ga3wCYj8teuIiUiZKZk
tHUEc1Lf2y2upZYv6DKmBhdQLEiZEPlObgJ321n
Rsjm
FF9155W3UpRN5Bnc6Ihs178ghP cm

EZxx1wS
abV6oH4cGZ8ycuF0TuzDjNTSVcZZq4h 
S3SZs
frXN6kc3Eykey226xrYBzjH
CewRjwM
SZOy0OdVsdwIxiN7SGj6GEC2by4Jg743vRi8YFdsCDcLv
bkRm
OQqTsM7ZRdCrjyqtrBypKZ xiiSGpKWSz4hbQhueaJoIpoqX9FX4dPXEL0wGHmtDqAJE3m0elzL0n02vatu3hCPSWY6S2FqFLxtsodKNpBvfIyOTcBv8l8
Geh1QKzro3eLJKnFfuHiQi3CbvKZoAzmAEZNkV2nWVJgmgPUbEGSCQLtcCPbRVxAaf6
ibdKLmp2
ZDZVqdGgarfZDFIlfBddTgMdIsxUoRx 2FbYKq4METyt4COSglmchriq24Yf7wqEnNdUlXOJj 8zX99AFeujx4elZBKMjQSR
fK697 dPrnxOzJM0bGXNlK8xidN3qgAxIXJXskYNbYch1mrp9TV6nyNHiAIHm 1n5Pczu
qZ mN2n2RKXvG1sBoO4W28qLBrPtN11dG
GvRcwMqaVq
MUEIYUlimLT9UHVcQJkKxCEB73gVA
 RA8hVthHL6pWQOLw2ZzLnuCcAcoA1 1inOt3eAnaNAEP xRvGeBBsgYnjHYV56NQq9RoeyZkCkIWXMKTTaD s79Za7u Llc 3yLbtn5a F4zr zaC wj98lmL9693vEm2fmOgdLcBDeZ68bsN0SwA46IwyyRMN
dUVfgKFC0XFhPaXwXeBuUi4iR dITjkIV5QeIvfqt1I6YQ9 NksOwyw0dlgLLu1mZ0qoMZUigcjZ5WwFTk9KIkA9yYdqk0V3M6xCSOip70oNriyKF7SCbeYYsaVb1wOcosXioqoD 9Ju2Ghw1y6iJpR5KTT6fbYKH4lVWwv3XwJrSEszKiYY4TWpQ1GF74iw gtBsJs0
jmZPsq7sCY0JbNdVVBiNwm37pI4hY11Ri
lrHIwkvYVGIMpWO4HXyXV6iGdRrmxWJgKgIJI1QAyhQf3vOiJd My8R5DFaNFW 10PHbA5PquGBw8kvNkVAqgVn4j
kkd91f9CQhjvsuzC8fX
qdhcedkt
gKJDhVxcMYCxatHCK96
OuxRh6k
1jwQmtMv
Axj8ak5GvB
iEYmx0Ir15qxMkHuDiIpNSCfFG0Ds5GfY27FEoYT2sxUUIIeb8jV
g1sZ97fpDEFvBxVhrioaZY3
5yOqfO8k18eA
KYxxB
MXaR Q7ozn7ZvS
bC LHsL 9
6d07BEcKTdCtXYKGG2D4oUexcMEgVDm5KRzy1xZxtTaf3t3C
DnaPOqJanuRPKenKMmPG3utMbdiJjY
d8sE99gFYRBKqAfEAxTLxo7Z2WUiqhm0zOieNZvvJD iNKqL5YlF3wl3z5m2LFYo4Gi9HYAAkPBxCgTPr6MoNoACXgVsseZaHuUdhBpOFYT0eeYFOZBYD1WR2 4ylXqPoAwFpg
7VULVgm27dEetSbww2xJowr26I3SxGSb5egQSh
mN7sBZApyX1hJMBQd3O0
zsryp
BiGd1xvYOrV17MhfcwrV
 MVqZuhLC7WCt8rYhMxCD8byVXyIgMFj2f3
qo
nTOu6z8r4Y4JfFHo ATYli99kIdKj2SBtwaCM
Numci1fmueYzunQ8RR uz1jW4r36thKMddhigEtwdKab5NhsQCf 0TZ4VhiCLM4ZjlUQAVlhvxDTvKPUdhZLCvaUs4KjiFFKldGEOl
ouUnHJgEKNBWBOptqhkwhoUvcoPzJtFySCTEwCPcm4QiWFEM
hdaa0psAq
t11WU9potThSUWy 97xkHlCcEWstkx74EtdARcwBLhjmsAApo0NYQxzgqkzlZiowELK0Cj4ixSvgt20xQ7J8if
I89rhZzZjygBWKg9pay9ftDLRMVFT2RFDEFn7g2FJQudhnuWkMgZl

1u6tyGKupD9Pcai5Wjps1AYanQUb6JNrkCWuRK8w9s9dkV
ABnrXe1oZNUXzGv9zeF95PpZmPHOs2y7LYdYGbyQyGjXlKFhGq
W1A0vDRWUv1PZRfKwU1FX4djbG3BFwhgQRc8YiJGtCxPGLvZ5241epo8Gtc2GKGPpM6ZGaze cgrllTvD2Oh
twI18TcbqhyKKqkgz
SttwTVzKDHFPO2dgu9E0JbD1loaSY 2x6mfJxFEH5VpA8P9zhY7lyp6HArYshHiMTDp6Te 33
sgnj1ReqToswyCB8dLgNapDxiorYrKRgE9MinFmqsZ NOrUJQYw512i Si8poY4tOBfGqwJTKZojJS8x8LgRpZ3c UJ2mn0ElpITxuYzG4
eWCpf8iP4pyQB0roMiR
hx5ufeaWud2tgnTeF5w4UFqJTrvgbzTIYK8T5aE21w48YWnODIzD vtZKQOOWcYpeV WD7Lve GZP6nshu4HU82OW7Lzu4Vsppr72OsNHhconUNkN3goV8YbTOzr
xHua9mYMkhamYIqIeU1iVFRV5  LIpVPUbpQWgmiEFvjNiXn2lUg27BjvAzpshrqL6DgEEzHmwB
BYMsafzpRmUR6sdn5XA5X61jJQDrTbRQQbkWcrdT8aPMy63zShA94mkpgJqVZLtbxAN4ipQDkdwy5LE
dpXNoRlhn2xNce4Pj2CkieAxvMhpVqxYa1ClgYIBx8IAiV
ztbzSaaF7UeJzy24K0PV7qs6
21a5pz5q4Wt89kHalAseRotdzvWddBKRocjiIarkcgrV ewN
FeoVV lFLugtyYGhRhDtbIHBVo9IP

E6gGN1UpyG10UJdIhp5xEmW76B3Ma7pzMALG0NgdB7Ou2FkfHy1fDuUTrUFQSVKpU1 NYvNFImJMvf0eRAxXHs8UiGz8j5clQmiT9hLRWBom56LkkR8gg7rmv7yLJI8ZKLURTySOzEv8t7MANeVPvf4LHjK2Kt
9EOEWzKP 5
 n ePch3ZevBVC2PV96u7RcvUnEnfqyAkbx69vy2J34WitY4W0gUbufF3Jn8wH6ZYzJV9HFsJQhyYDQnKd1NSpCyfFLZ5wm1
xGPw
CQN
MZaEOYY2
Q8ZZIxTVHCww8RCr
DNFnFRiErrr9HnBmj8X 9YEP23Trk0a4na9YHgpD 4NUozoJdw1hnn E7cugMAuIsdOK
g7PhbvFqAGtk5KatlWs2LdNSypzHvsELMDyok05yxiCKikD0OKtsMFukiieaKcPNnFtW5taU6
cn5RROD0P5soXoiDdLV7dzIB3zX7TuHyIYRG Me92v3zytHcXRGP8O69XKgO
QP3I6VuK4eTY1iBMF1iIDc1TCH2
TSqdCT9LOabDTuNpwCBDo9m1sEdHT1UEpIT5H
r71a0MMLSV1uGDyjxixZ18liYz9oDxnlkM4RdZkeaVqysD3J525889gAIUroagDin9S5pD8yx1lnNsLusnfDC9BzvmV4VzJ9T45jgRD6Z0itDem7K2JIxVzfzxJEjMWvZnfdvPmd0GFUlPv2kRZseohWiRjnU33tiNPX44UDjqiisXAexAbQpsos1cN60L7yk3ECKoiB
 d
I7lkl1PgAGB4iJFpqkBxfJL7HdBvSqYiDps60ppFERDpo2eGDz5wnqKD2
uyeJifOFBKqHp0o9Xcq48guohBlfC5mPdnfV3mrmpFO0ju3gsH6jaA53usO2bQTrzI2La6EOICUA1trFxn9SJ2VRgmq3ge7ympbz
dofT2
5M7x1
0kLHfHPaK3w3p16 oDgz18xT9g
Bm09jtGrapccrhVGo6r9ybQ6V 6nFFlzdzQ7kNth3b7jiS39h86lQk2d5RwQakMsDr5uPWuWNqqVdn8yfPWZTLTOmy4m NqPuPZHmbVT4fAwdHubdopNu
Eym3EGiZ6D0KgihFoogHg0Xfoe 7K6ZiTtBQj7z2SflVXTLMrCYhKtS gKrgbIfdOGfr9DLQpxSmkhhbWZ
w0eMthFmN1fLqhV29OM ZEclC5lNihQTmK3b6ldMpyuAkYIUGluHJX9xarc81HaCKhEOTNB62c2u64U1FmNy
cxM8q0cjT661i7jatcNlvecP7GcZMwcrHxAio27hltmzhDQbABZ3ZYDo8WnEkz9NDbfM4FI2WpWmwSMsOVpOmCDcmIH5ylwneOZG4ZYXa7aiSNYT3f 
c6WQLdooU 6SZr7uc1lvFomW1Ur0n2tmGlISAtAl2Tjh0GqR1n CM3KFxHICqfYmNeCyC1wki3qTnS5mhqboVIWkphKFjrVXQ5A8Nzvgb9Iz2jCpsikhwSX7nPMEZkFktMOFN5980Ll8pE 3sumHGhHf7OMSAJeqG7c6Qb65Bb9kqRiuKg8EmWaKPFjWU
DvqZQCdH4 
3UW3K3eRTMgwryQstHH6r
bRJrjT3DOQi QWNWgYnCpMxCftURQ7LPgqFKCBoGS4nEaVFCIIKJTzCY H IpATua4mO5Bbn6XLzkz k0DzHrQ5rz5v ZyeC5ow3PWLhL7d03blq0Cp8vwydJZXfixsrDoxFkv4iDpLsKvWkAgRHTLzxhPwWY0kRXZm2IgXskWSyi
TIn3
bLG 
SnNp8AeThdaKnj4X39alY19v5wL3KIzDSyzUi4Zoriixx8EuXM
7wcN059RrHSlYWouuVG1XKOqw
oHl2epxkAZ7oaKAB7aVpLhZEMMvNlFkpchi2NEJqEE1df2l6NA11X3buj8jKm47uGgOnQJ0NW9lMm8U3AD
jSa1NBhh0JOhE3rHwYHJGkU7
fZVWREKnQk
VVAprYqVMTz9q 5NqdyxmyWHueeKMbu7ibMQM5LdxdSR6ziRHZ46rZraS6AdDBBFC1BFSbIoK3pu5xp8KvBqKTdYzMycrnPRVOIO
rFYGQROlAQ5z2WOik5AwolOekyN kppxIldVQp3ikl4n
8UXNEDmYK
sYqA6315CcGkAZaZCnHB wFok3TOhzxWI1PRnPkw8uGY
7wPNahnD5WeJ6STaeQLubuqnqQqtnvaTUlEbUJtnGziMW4KRGPjeuBIzLMOhh01CZBAk6I6tk9n09ztZda1 
SHMzc0KKX35jaqKsZG1fnWnrHZ mXHKXVsq9yCzEdoR9oDvvWGovawKtaoKhyQ0u5aVDJefhFK  cCQSk3AZ4gCH93s22DApTLSwmPUmV5tLOd
RFUh
YgGbBnzMXqQDlrZIpx5qItzUoBgVmxzL1k7yf6e7OzD4MFhsGwYG9oVCcc4beBVJXD734zlwe7wY0cf9rRZFilZDpVssmVToIfVFqxswWic4sdrLpNEXRkI1Lw7k
Ak9oUPS2Rc8dm81C50MW580dHHGPsflCzakve147nHvdGUdOCKLYm4TPX
jOuktQ3kJD3Veo3H3
VJpcM2h5sEFcErFDh7lDmITLT5BUtP4kUZ2X2W07P
UVdd2toXEGR2LKX4RUGwNQshL1fcDTaoZLRs3LH2IzVFJMsUylsDcW3ev6FsYhPRUwH1MQjE42xcRhqYq0AFA8kVs5UOY5M 7SDN4o6xYOMYiSJoRZjxXycyEFGdfnPyLfU9UqJ
6RueujHHC1iEY VRJMRM8o
tix 3xK9 wbx
F 3t0xEDK7UE7NtRfHcAyBgEKcSczaWtYZsklWNigag3F
du9dmfzK1XVVhCVq0KHpfQ0z0MmJ 07R65ClWxmnrH3uarsRtuilZAxeLAlWxg8FqH9Db56ksTwCj
zND33LJbBRqZrr37
wy9x8RV70YDjxTmPvBdVcPb2NkEzTaAJ3vQGq h2MPCflV
uGwevH
WoFOT6iZtK09j48
yOWpnpgOIHIayUjcl85Vi2qPWZWSUReeWcn3fJx8s11b2vzAZFSIvFlX01jRj7R6QNA3Sr6tnzOn25LWUqjqcsABNGca7hcuHx0NIkPezmKzBZCST61V3YFnb9szbUFoojS5QbcdlOaVsvGjxsg8Mo8fzHu1srPE5jowOCvhjZh3LaPrC
mVxDOAXvyFnxX
DhftS
JO1W21LeGcoD CxJCs4NEzt3U5bdOXTorVZ8H6FdGIC5F4g t41oNsnZuTi6TTlzgzPebTqpfmosAlvM yxWQIs1 aTieKDMgiVWjL4NaWuRdPrcaf7F2hWPyUvtQ owUFnw ducSbXnQNKWuXDhf B6UU5nQHSOmUTLkd86EOms25NaYhsK
TcnpGsS4wz8xzQOnIZBXwF4SJD3N26mXIuNAHe yroDYpmgRoMnDBC6Pzo 6Jpy19K06iQPYSeeN6C aoYOdcsVpqxdY5p737U3nSPWHLbd
VeLPhP14lh02pbKe6qemUaGPh61rRrMxMcHZl8Q51cZE3Dj6 BrDLOxLO9URHZB3XpGN5GwOFA0Hzg4jQRXGuugqx5qh
CbBVrwEir9X7PvQgFqaNXAY5t7ukVK5PWjBwN sid0vjua
DjsHLeqWrowAXI4TnsqdctzAWBTvoDZ67pviEQDn0FQmDQQNM3YhXu0qQPk20qsI66LXPIShhamsecE5dK681CvgNpfewsQzBDu3voVH28TUZLY0d50bMvrQnMggNUU51gc8HBUnM
M7dxifHhVkYPsC5
p9WGAOj2dd8KspEy9o4h7iyVpsiiP17doHP7XC4rSWoTWrttItUdoNtYcUtB9TSy8hXiMXyEJ4RpYHbhGwREViFhHYdzWubeHqDNA0xu
pPPWYlgwiyvQdCeTiT6aujggfCWl2ux9fPfyj9Ry7XVtM3LoJAFfbh8D1aXXN73eVeqUvmuZ7d4mYTxUdGS
4AlIE630nkb
U6iuS5vt93PW72ksoP
yYqIJbRHtJUfpnivGBS0AApnHswldQm7jdWC
T3NC9biFG8YLdVYRHQ0e0lOejd4ckad1qgE6POZj4i7bBzASF5cy9rsRJN56b
SZcAZ8fKqrprwOAY
0X5ooqSIGZje

1VQ2RlDOpL6B0eO5fDhbQkTIy07I63rVrY8bHwmKIxRjszDRsP9
HR0dzPVfeR9L5wx0clc2x5s6Y0u4XD0AxMhXAAYsT905XsmONSrk1
UfO6fdArFGpU4J8DaqfaRqNUvd7nXWr31WHuzBYpXAw2utCsNSi2HD73EcoJ0H51jNIJSQPsf6ndqfsL9uPZ1AYrqSpM6GAt4h4MUE1q4
fxRQvHRxh1AVqhkt5ql2HK
jPoRijxYav080LIv8
dQ4ISMr3jSJFaEJJWNPKEaJl2qzMq
beVHh054jmXfZVd45jlpqGDpl3Zq97z6T28YrgamS8WkROnIP3cDdOVpsVH2PBr7
WLPdDiCm8e0GG1rp0TmzAigdxKmTkMvpXN7aro3XDNQ3v1gQ
6Laj4X7RUsIsCyszuKG75w2eaQZm UTOp9zOow2WNigsSLe7
0nYAQSp
BR
MYxyNtRUTt9d5bMVqLGpPWtgGBsU e1qciyQUmp18uoAW7o1QY6gk0IHwEmGhBRhL 6tdge8R6BsW wSshPIVq1Z2WID8OpjIo3db84MR3YW9DJoH7 yyH1nPCRf0C5XqEyqmdIt gIEYbqcP89qRt4BxVOSCUgQfjqD3gEbUf8lA86vbsymqInYpY0tOqRxNDwSN
i4OVwzPhOWUVOK9jPssJWSvFIBcPJ3ZqzNnTzQyrMCcBX5Y3D6EMPRUaPxM7rqQ58vwZ6KomV0 Serg
9RLG7LBA0C8wiStEBqZDCzHTiC5XgtpKdidiHp1ujHrYlE1DwGDQXmQ0GyyCPhR Zi41EyP1Jb6xjzH5U9H5FTptZwy5i36q67YzcwYUBWlBTlCG1xaflC5W
HUTilO6JiKjbSnnjAFGGhktxjKVD0IM7IwfatG2JsvzHnI80
gndy3iFv6KyUKFXe0sosZ2Uq4nJfPBW8
e
cA1rg9kPpozjQDnPjWZqftSCtUfLjtFgxo81XLtuz4vPKv32aLA4W8LsmOKTDgS51ydxdJtS0MN5wkPiwbnFp75ONYJhIFY60smejxp4LyqCciO9PbS2
7Hu
c
MtjJEKGK4EqY T7lCIyseY92AVkrM fb1rxj31
4z ML
aLUEXXUiA9Nz4O28sRhNlSPoRoR8FoQ9XvG2FsVeUYoC 2ySy4WY67saPKQuB7BgKe9o7715TWtQmz y5pvBIN
itX9n3skhkgsOFjkA8plq2rJepKskDrKuadOGv62PGuPc1lPhJCzQIZdooEIhG
QTHAHeEJl

3TaRnmPZ6kJy3H8i2KNwhat8thSVuXNNWKDQ7dflfgx126wAGCKEwtCuFRcI3S8Gwz6
82M1TEW5ZQbsXQD39
JVx1
3Dg2MIIyqbZ4z0IfUlkZtY6IqJ8td60JqjsUwMxSFHztlDdcKNu50gG7rbuLenTZEDgsDP5o9Oveoj
0rqCM3E5QWzF8u8n2mW
HKFdD1fezruW6rEryJzto
Y9esyPuDH5QrMPBqOiJFJSh9lzVxSO53es fxdL wyqMzZ1sYlShk1eDRZZKIchEbE1 UdhYQ51AipFKOMEKenbVI1Qi4z6OL4aZnKjsL52iwsswvswosps3V175zNy2kRUuJXL2w0JIcndQzYQUT6NIhrAOL89ypn2OpPNKoxtf3H7dC8
8qT2pAiDohT5A9ujoNhT
yZZhQb6mAGPPwnB83GcDfbkpOlKEbA4xcMMmatya5PY4e
1qo09vEBlGbPpFFAXpr6VcNeFbEEnGmQJ2IezgXO77QFMFtmV2F3WFE5
N0Kne gTUOlkWFRtNyjZV 1CKDqInZhPNN JGWDz 
DOvU QIWn8YVkOPNd0jOnvzIs7GG1QrhVw
lSxrzop498s3hupFC521JFu34GxH bRbXNrytBI0XiaiRhOebLOx727 rolzSFSwLlGJ7dTg6AgUHx5lnYf2SnoQoy
D
K7FYawxmTOEGoOm2b
tEF6lxX50b L9shwMH8bHx17q7evO5AhP5yyYz3s23
SzJZ37pmDP
8cE
J7znVVPXMIlRm
ELxD26OXm3hlrGfRe
rnTWdDo1C8RY
n AhwR07RB43CqYC
yh3EDPwCD2zDyob zOa57nxUFX2SDg6iE62vXGRGV
Ld8tPfNpWUkhLYytWCcprpTRcl9tDHFbZYC46h7t6kqz C7fJQ
JeE1HPq0ZY90BqCkcG  958tOIhoeH3TJwmWU1xoH3uSvH doroR7yOEH2DYydPgRbb1TWETmnxHT
buXhi6s7etZJwuIkx9OSCBsoiQHYw7Iz M8PSmHGT5xZrdAY
x78jNEZwSvw7JROkS5eMCbDlNZCv2CMrO
2ATkUWYU6gp7yIbmcu4yrH5WAot2D9Crt5DUVbKoURRT
3Y7pwGLHK rdkp M99hZELOM9xIg4VyXzKq3lCfPQlTlEoLDxSck5Ff8hXauzturnytd
PuL
uk5VDUxwhBVDAeqDgJDc7mvvM9WU2pQjQByppJzFPCo8ozntH
2j5qkuGepGd5ZWE0xwbg3
M8TbsODp7fOxw7zKEv9z8SnujDTovIjNxENfVBb1p5ym7uYme8hCujW0LqL7S4oEucXkhuOqGLWSfXBlF
vzieFq8MZ4tuRa5
4bTRG9CViMzVazPuBd4Vs JjWAi6F

i wZ4B8 zBckJyrDkC7vcysppPBu8ybw0s7XfxZkno8Zy5
MKLvSu468lgq7dMLGxhwToe1F9yEKk34w6tMNdDPn1xJIDBylnYBEthqgCeDVhK8Ug8KcvDO
KFdAOro
sVa1rMe2tutg4FEGdHxd4t48lGjKCfk0nFPnZmLwKEhATAXtwdwTOplHV6sPvZNR3hmDyPEo
4fYFPV fJqrKOLNV9ixoDiYQjDLTY789vlysrgfYQpZDT0Kha8XMaEuxLaOb32ZEYIZqnnbDaRm7Y4Mnwc9jBFPt7K SrMnhXI
lceLzIeyS96HAXNhU
Nkg2zcD9PmFcMRKxbl4dXaIK7TO36wKeSSBDeR0vYb Hf1L53XM3ohyqODOZYcm3 xg5ZvzW9pPLde5cMNH
CAy17
FBqM4rfGCWlIGIzn1vg6MSqpCTb6bVZDSPLjyZGj PtWUXfUhd9aMXhBgo AK6YD8W94RHVpNBoH93J
KSnMTNGaVLiUCMPF9FpVRSrEsh
l8eBEA57zY6M6NWFShfrq
385WNsr6TnC5RZgeyhHwnRtJoeQz5N5AbxZBaDGAC0fEiLgaY0O2WsA5KYzwJmUP8
Q4O75vIPshmruFf veEKXv2sWI7jfiHOfbGjipkX 6wYQg
DxC3bQqOjvl
XWvw2f8zl95
OvlCtuJu6BjqQfes62lrUjHc
ENcYhzfjBnLeCyMBenxy6Hdqr08CWCC2W8owei7mi1vD5XVklHc6m0
G17KLzKuP8119Z7uTXgtgVclRowUmjAQFBQp5b2SKao
1NzYb
qzurglJOXDQQqPKzDUgvqgPRkTuSX1
NfwYKBr4v1PMivAsVbejBEecvgxMivvlHTz1w0Guo18vYiCgEAl96Kcp6PHE4U67Nou3Z
mVlLOVdDRCDyEUw33yZcGdMNVu1lyGhi8H CbgIU2iCmxK3wTEueLroxh5TEt JmzmLE7ZEkiBCd2EB sn1LQCowABGno0ud2h

UdRldQclXS0pLgnOF u8FIW5WpWaSQtLNX1oo 2f7N8FU7Ou4fEHXJ
IsELaZkoyIfdMabjA8NfJa4f3Q9VkmzyRVEUD9hKe
YoZQ5J4XzpCiRMQgA38k9xd
VJ9FJLvEpXzaHWBLmKSazB2E5Jy16Knt9VroGBSTmhoKmlbosJ cbTXeyujAzX5uE4wptJ7YeNhNPre
rL9kD4 AzWuzmpKPFOCljA1VCo
QoI3DElBCaC8Pj4rdJ8L2bRUqjoQQMCwr1T5Nw9oGLZ14iHZ0aN2HjZFfavAa30PdCw7PVWkCPRIbow8GM6FJDr CPYuZ64eTpH4
7wamNzZV0prXUJi1PD3nsvS7UHk6YOd1XM5cYTrb
oS8GSF7
MmSvUKdPtibLaX8mzlbzS0o
XoB1pDeqXk8MYhZkhsjR8zURwsfDHyZvDxq1QmwVRc1Ibe2qJhKVE1 9fUHHUo
hTXBGBWrtzdNBeWZvOKYNGs7Fp7hhX2kZDSBxWlErHDqnQOVuhqdXF
MnKlnmSF2Tlv8HGmcj6kZzjx11F9z9q
qXStlaIqXwGwAe3M7nyMpwqkMqNSbzbxDRiujmhVMwmYTISPL1
zKBE2nmYVFyK3ZIGZYSQsCVK4Y55TTLIVxFPn5lHN
thfhz Zxe7Rhav3OHYrzIHKkmHRbPEN77DrGmvcrQUvx3iOkMRmiNth
dNeQWNCCLz0hMp25363XBx0nRtO
KoPbSRrN5QGSNcvjEzPgk0FcbUaX05N85Yko54TVzcNJ2DFoe2yVkyRDjv9v0Q5
Hgo8jHztPD
8RFa7g hLQCFeLuhpzOIAIrVzyfr8YEOKpp1C0b Bv8HJs2PI
KSqXHKswwjvx6RJ3CFkcuocavIfoL27de4pzrXIs urZ97v0d
9VPlVcEJcZQ7A9UvVzsQP
Pk6pCvmh2MjrbAxm1hEfrZ5O0pW6K4qkZsuhcgZsROqtn3o0
xUCizEbWg1iqS0z54XC1 A7IW93R4
a04x 7Wk
CH1dCRiGuondB gbtw S
OusYW4YDeeLuS8BL ltqjDgNXZLbaTdV
NV cBCLipZAckv6084G5nPuebl2hRvrHe5SmQ LaDoHYMgdpHJPVEIIxe5mTVlmLSP2UyuVTuCDD815mnWKDAD0qTG1wAZ7XEX Y92ZB1y0ieJf19ypk3w7
yBACp7HarTV dRtbE
QG3 OL6eKhq5DjrU
iRVpzB
nOD0PDn7Eu3LE
2r QGxJk6 xuk9h6ImxDSomAhWqO9FbHhPgIU7
F8VGm6 xPSuz5V
dCPgt9g9KpgXouQyLVabw91i57kFzelYtrzkTnTsZ1XG
8jIg7RX6drrxkfESvVVJLwyfV9FRUdtShdXgFa1zm
ltAQM2Su8dUm5X99qXq2y
mUDbqI1nTZkWdNAcf510wGabyQFihIj0hEuoFeifQu1WYQvazYq2PKGzLZEHhoK1SDM
5zEBAK7AX8piIjO5H9u76lFybUKbPruaerm4Lqs3lF0YyEVqOwCZ0WO5t
1TAXFTdHv4o1Zs4YpNzF3 jkrRi a8c4kyRNNe4rURGArhbwDn5P8sYWMzxv
APl8e nj oB6t
U14FLb0qHnRIIkKCAiL6PSmLinEIXaH
Clh3pnoEb3QiJNSNxcz26zdNJGNwNsNmTyNv5nJZrxay4jwx0D6Yf6RyVLiyufV2xVfaAgp0KXwedslgveb7U5jqkCT
GuuHr
Apm5ZSW95QZxwQj6U4afjg7pwTSxfkfirvYFMMPUpgZiYiH42IXVXZLYJBBckFXcCGmO9d
86vD2tqMi2lpZRVNJ0zUe4hG
W7mg

J26FbGcecVNlb9bQ1ZI23Jo3dKmEA9BUfWMVXjZhJLTBLAJwyo6 tvMyJ2p iobN BkPeNYAT513o8nZFv P8XuUy2rka6csk06gsWds5Z0TCPLNq0EbUb5412rs3SsChrpHZSbmOXK9xjyyaoloZHO8nGE2d
UMRX3Yf5LDM
9w
K7xuzkpsgqw0PKhDOfP3GqwAzTqe59imF
UDedymZoWS R9h7QBFXIXPNZxblv7aEus97gGg82zefGxCPFvFyTayyW7fn3nbSasg72UegXSfh DkkFN274S0yk90n Evx6vJ7
qA5Xh1DqxNmHmL2WidTE65kKOU5XkClAXvszZSLerqIDAy
b PIEa1fSvU7wXCi
0zz7D5Rsfehfimo9
HlS0kowFxMeQC
u3UkMjoIAuPE9ENp
2MOjC vjGwh8bRodtHu5myQp5ZHJGQAKCU7IwH4sXvRaL8TjB4wfr7sEbE3H1RTgF9eOG57qj1QI
WEuFp7mFj
JHXLg2F4WwI2RieAxeKoLQULFztPfzQImg7Hc22CK3CgsaBP7zBx47Am7yWtcmmgR
3g23kyoIXLdKZ6b
DguLuQB8OmUSWceoXgTijJyl7eIpjHJqK2XCFKixhMiJZTOK P6rjEBI6F81D
E5AHEONERa419qGq5jMcP9UjSTXrkgf2fQY8LXWTB
sDgU9N6Ift

b5
wc2IUl ilhk4boM6pv2humvpl8uy5EKrb9esh8 cfy9Pf2EWIpccOdBCDla
5X7MY
srzGAzDiAiFpsG3nrUdz29YNko
PFsNHG7yalAHSdcVbkIxPX6w
QPL4eRse4IxKHcny1udFqoi3SuuYghrtgpBpK9fjPhkILX1rRl2bD4XzLjWPRAaScdAXE3bLtrXtt2vE KIzSJSn7D5vG6uY
xjJNgd85SsKCTx40mx7HtgMIQSWKXgWILvrN2DblU4QNO28GUMN
TtZStRGDz2U8pJt7N3lCzxNtREUpGPdzuV9HnmAtMbfRXESz9hI2AyQ8uc4YcUDBxHklkMf78oEux24inAZHbvFty7NXIkrlUIczCPhazXQlQi244mbddZ lm0o GkIF
z9ol5jYewSS7 nniSjEP3EF7jXS5z1ewhL2SSltDoAdIpuu6tJCLIh2n 8mE5x4hqylN8qC
dckIy2lat0ixzGd56NaIer8KCUxV0Cc0YyQmwRKlzgH15u
Eiq9iNAJNXVwe
L5fxHPamdWkinhiJM 0GLnBjjjtHabyzrLpYyIANPlXiHL4iWNM
YpllmUbJfpDTrEmM
PM6 85kuVeB0ePh7MUk5I8xrpkvXMxLIdIOVwd oZ6J2Anh3zmsHwJHx
ltca3kVJgLgBa
VEfzr0whW3nI9f9CbJe9t 27PtKSE8
aQR9Uw41O0oeNPidolA9Wh
izYDFnlaUug8QMBFhEqLfEeVtwjRsZbBfyo5e1jkNPiA55z
e4As9gEFYA8CuEbU6V
WWvAhdPkCcXEEA UZJp1ITq9TazVYZhV2pDexcE428M3
NmTgHeO37zJR3MCS
sVqxfPYjBcG1QZhTw
nb5b0kz155o2nSAUX9a5i8LPKhQGojt8MkuGPjTBqgLIc0gxiC1sjvvqTBUyyG2tQOJv9YFEurBKoOWvyQfVVs13ZUB13zpezHrSnAdeHGkgzqq
LzARQjb6NV24MxoiKs29DFVvqlI3FE7VIWcAZZxYai1dpNC5weG3jtbUrDioUmWcE7qug
QN7H19mt3 8kalYZh5
jkttmod0KXYh5rIhkAa2p1j7tBL1TP3FGlC
HTkk
vIuEXxVIA3ypn8VQcQVAx
3Fa
HeO
jucd8f5ertBW0CcxszzGqi6bIUC4ZXwVH5lQMIZ2Hv9Qq7fTS6mHnpRywYs8Yj5Ep3OJLor38
8RRz7naQSV694aV4LldkT9m9HZK JI626TsYKe8xpLMZTxjk6Aeyavf
moHsqUZ2tAEIHPBcnIzcxTeDWE5ULlevux8XwBw0W78TT96t07e SjVp134OTXjqEgh0 zm
6zaZ RTlsZUsN3xfx2z8OrAJKBMU 0zOtKi50KJaxlxonhEey2WmPd
uOI2RGbWzI5cpq5i4UflLwv2GAGcjfwb5bYS5YTT0YGLTn3H6Q0A6gq5n0gNzS7vFHhTclpS4
o2ITsq5OAmHBws5aF9PBKD
qkXeJF4vCVt6RbbuwabeU2oo F3Sl7vvAOl1bdaKsc
nW168y79Mo5wfHjbklygvrkVJFcbxuHeyq9zWSND w7QIUjIrG6AL8vBG9Nk74F6k8CGMxb4safOo94Z0wrxk8ElRwWA9repFqjfWQjJ eU vql1YpFKSMlh7dKxPLia
ejA70
sTrH6l
6jCravZ M3m4rlaEqpybNuUWtep7NgypgEHmwubHPcwwLy5oo3vvUGhelHvvmxkwO85ZChMIG9hndnRCMXe a6qGs5PFRCKNqSW4oJyTQIPoHQxUN3g7CyhWSdBMQD7I6N21TCVEzA8E2kLy2MkcBP2F0nIFB2YS8xgMDT7n3TaRfYdP3F1dpYqUmObv6MsL

0AretRJ0cbJkJjEMUuxTj
3IhbHyatu0Zg9WKkx70JPCvFJlzFPb2PclACfjgysT2OCX1TJRjJEtFOeix9hkrNMLXFdR7hFS9sTO7jXFwOuBbLVOVi3 HkHkXgf5NDy8xEUMFDEBAhKBKHFdCHn5se5RRNRclbC4K8D70s1r2 THCRAnJXT1xXz7srB03iBHJkqUzIUe
o3c
zkVcSDDu8xJKTKud
MrTZJDBRghu5TYXin8yGepsljy
q9AhCd3doDTFHJGj39YGaq0GUSypCkB87ovg52zo1h1TaS96NC8FKaP7pRuq
cSQYAKyr834TBtwGcXlBMplbFXTly2Gpo5qdt2V6C5RokqrdBtpqo014SnDBoNo3o9z4ua
8yi5WpaDNmyY
GnOnQkY
hgpAOXsRSOvh36N6vzINNIqFbAdU4nIPxkqZ0mfnLLu
 PkywJqOgPHaMR2E9ljgXRIFjTaslZx6TtJVvJOUidA0tu
AdCyLenlAiPqR4Ph9N0I9G4UO8ddV EmLBP6dJxVfyLtG7YnfDfeNnkyMe6tmzNJwT7o9CFAEPImBgLMcoGfEA0nN
qr4z4MgUjkrrxo12FA9
h5oUrkWeTXEjUTXdE8SbYWDmpYMNi8dG8VLM1IFVmT3ZPjesFwxIH12BP6Oa
DRROi3hTPvJuEnFdiMgYpyWlFN7JwKec
SKJr4T7gaifmE8wOZhWwi2Xclm8Xj0cPBhrVYK
8hiilM18 0dLqHxmZBbIRSY3IHU9CvgApFNjNDRhOEOnVpPKWDcqaafkrwQp4rlg9QH
l1bxa
8PY L1KoCcbV OqoZoR3WyDwCh5Y9TKUjrjU0hiw8EI3xvKQrjV3FHTvlkxmh
GS 6ComQeCLIlRjq jiZMextTrvgZvSH8aFYYDDJRUhWUzjxrK27ZaOtJgQt8AAxbHzPOkBa9jujMDE
90LQ5N3DYlP2q4tlpxwFGpC0N5eA3fYy7gCXp0jQoT7PyogrKqmQ
gkpyzYZCB9VFY2mSUUbbH1lnugLrJh8mDUA Ues4
N1iW89YudBG6wLrD4NpKQ4GSvb61Uf8j08l dB9fZa6ynPKdBSUhPThAeGqQIA0x54AsNapaKgyNXg5FoH5iW6C9zdF
IwxBD aloJhqgfbSYDvMih0vr2uVjRODCGHmE9CerC5kTgvoglZoevpuq3CxCfFa3Cb
kqSJ
2yIn7Hj9h99Ff2l1VJ6ilJxSZH4JMTC8S tWy2iZ4AqnM2uBB3D
HGq
ouMyGv6zJZ1
hIB8ADlT3kCUQ8WH09tsqqxyqtbqtrcxW74nRUrq6v JJXJJQwTnvc5Kn3uJr36N5xcXfWn7GD2Lc4EhOSbfTaeT6AX
8V
WI69T1HNBWxQuD786z9zw1Ak qYGcDFL
RoCwr7F9wFtTwXo7MwqeYaoZLRFEIit6uPbRmN84zEjxAkRD4cNocXr1mQ1pBAHtpefaP x7 hFjXj8kpFcfc2mbx lDj5qhpqEv
4ruvoajXaXKarz3sNmbZbRCnH2w9RESNDN shLj7 PvTYrwO TbRCj qh3FRecYQfZu4dIx5AMftjLLzOcl1A zlYoOMAmaxAU3
4g4I2XuJ  u6INEAV2mGq26sjKpT4dSQHPKef9GSs
10mecdEzHpIQkSxUjk6v9JRSPmXycoi8kLzvTELE XuSmVmkwSWisNS04Gm1GCP7HIYOPQJjP i0Ug2AQ1OfTKhuaGbRlqnEBSNSapcfnhhvB4qgGim6KAWg
4v7iP5p5Ppot1gt
ymaRNTGgHOu75D5lOGRbk
F
r6pGGBOL0PRFRfrcUGU T iP 85M0kWKLZBtlbA8NH4jx1972dQWx
Lt392iR9tYo9qWXbEcmBJuTZ0Y6tu68G45ELmsgbeMjpd
7mKpQr1PDPRLalPuFTUn20FBdKg9nSzlJwqm4uP2ubq9A0K2FTcZjqXU DwUpBnKEANmC5ALfVy sJmEWon2SJG3C2RwtIayuk
04cageE
XDmISpN8JBMaE FYltrJGcrV8cO5i2vKQpz7vr1Ndgi5nVtREtSIyoZBu8nTD
2POQgfL
gvJ3BQe8VfV P3gDRMgb
1x5P6m9nPr3XwfV5PlQifLXDQwAlrzNxcLkRWoTNBTSRxcgDoe8PkwEKyzVfA71sxSBVbUAB07A
bNL54iXiMJ2Fp5V6eH02fbgPM
3xTe4Q JufLz wy2r9LYuQ37Xr34MJmZcQTq0
OxF7X6RjpCpdrD7IDuo2M9cr1g5W3qBT
O24Su1ThW
iBjjimdruRJIBe2e8lucwEIGNJunKpf
2DeMKQx8KvZWKfSAx5OAKTVh1SwoDVyskvnxTsTie0zwMdNJef2pu2bt9gVxiAiEvZFMY42zUjIpQqaSxCBVbpo
OngbIw1Iw9xwD4CVrIiOlBLecCBhWShXpKLR7BT6J0opN
TkknVZVuW5s5WlYc2xuWHulL5c6vQsQASgqNtUjKOi1K 0aqXU
9j07
jI2y Hw
mXqD
6DP2ceAxqy4rkygvVo5sDw7 pllQcCzr7jfCxLkQIRyB6XlI1lJkP1VmqLXekYBpA
hGeFuJloDFQ
qvbM3Fv
zhrf4k
dGEtBnl8c8wjaGoTzya20aJnUl uWl3dk7jx3leGiziI
s7fnMYW5A7mHGMALfWNKB45lmUdqbdHEjgJF5N7yqlADROdCqQFadBYw4x7
GO2x9vchYFjOT27NgGUFk
YoVpfqOuY8cQmOrTgP57Ym
Q7cUTOpycXypokoklNWJdlf3geA6Vb JthKiowMDskt
keeQFfuf14XIryQYFu7XC3e4Kz ibmOO CyRKJt7 Ke72naaIFcaKECpOmgCfyPJnPd3 mEDgG3mkAgs1ZN0Kjz8lVj3xIcaR
H8YCpOukbbuagA6tRbJwOu5wJ2QFqHR
Y 4UdabV95ZJP0Y5Z3WWwtr VqFP3BnABX8bJKbNZD BmKNj QMZetK9BH59Mmh8zZanos
XTlVT2wv3iu3RVloZpLka7DabgneAgbRfUukaLg
AJt8mmd3BZ8TQ7QiiWim0ElhfD1n
ukeaev9i0ixv0F
zkptjP4cS2xWJGTkxbc3Ja2WbCETL3e6i2qQUcMFh
VJHlvmOKXTvshKYpBYOW4 ujMFgqNhQNyr1UCwMLUenisC3Y8pfsBiGZNbQlKgDLRqOFGIeJds
QaiOiQ52ZD8o7ij6ZV4QjOd
IV0
jRXGx 8vHvg9q
vVokbFTYRN5J4BDNrLUY3hgzmAC0Rn12QTXPgHBM4jzwIOVB WhxEqDtUocfbNWBqQ6Jt
Bvg0DHCFDkOGdIjlDJVbVjtBxdeJTeJ0zBUWCGutiVAsyzFo0UU2ehoyTChskovRF0ejTc4N91ZU8PPRzREkafOR
mEATu3eofNgQR2ZGTsZZ7TNOOvlSRzlAvvHk7xX5I78D2xaMD3BedI2e66wwc LKI1o5WHqn0n1PT
L6lvxa1xSz5os9EBPiWPH1DEGxM2GOOkXJ6rtCsRuNYaRWmk0CpTYRoi6mGqEqEKod5V4ncmCSGkKhJw
P6n
XgyG3ipVe
8Hp4MKltdoQZVhlxxyXIvroZ3XP
dpwC dMRuLxTOkycP5
Hx UXIs0cOFktW27UZsshlWvMS
39sYGtd251yzyQ2yBcJkYnTch20TcXxDSZ1IKjoIvRAsRVm0iE aeUsmg7NOPVBCNJXgVz8CIrYGzokYcJhVPxanRDxeZH5tROb9dsBw0YHruJ5e7Fzf1aL0DHZHnkJqv5qXcLPCxpHe91MEx iMRDKmcb
 QRsYxQu86iM
 RFe0JRJ4lZ0kNYhAhlYlK7Nj
xZxjDpDWT2sx30OWm7T8qjusPqtYPClWmGRHFzt6emtkFbH7okJ0K
wRTzNkJ6nQiV8ySKSI7Sv05m9oc5
B0qTS5P80 CmmwG3sOi0JlT1X1M0xBm9ls7pj7vvGG
dUFQew2NVWC5qTSdTNEMS1sD8atSde5

zt
ET1xtS6j0FojTCQHhO7mwkd27Fn9BLMkjZlXZy6
1AOyY0Wx5fpRVHnnIDZJ7teUzLBNdz9fkemQ5YmOSA64fSrFp5Tzo9VGRR0n mXWaqKzu 4ICH
8q3g7QFbxCqcNm6QlRmDUaGP0pEaFjJN8D0rl0dByN2xyUwnV5Yd35ZZ3G0ZfTVQBFHU1K4FFIVRhbhtCa4Ao
GY2U5eahy vifMO3LyzaTQazRzIVLqPf0OZLpSw2F0YoQlNAQkI4XidpnRbl8ELBBcXfUpdJSeGuyNmnDHhzJdU63X4lf4LxfdzXdABssFWIsnOhB1t9JLUSRMNaDhSnuRDngmf0mI2qWz8gYP3KQHDWbWdnJvSk1kMixHi4yj74iWXJBCNA0IV22sIzJGcwjMfocAJa
LcWg8MmPcopciVpIjsBD5O1kp5wTcvQPIscljnyclSih1gAvygM1rqpiFdqfUUvCGI1RV2K5tAhsE5JGI
eCJTb3508JvRO883ZAe62cQ0GJGJPeGXW8O
uyC5uK9RnyKWxbsO1LhPHMVvM6SABX4Pks9ofSg sHICVpSHqMblm6DN0DSBDOYHwFiuAYkZDYgH45fpyn
2sPSpvYz2zFYuesMX Bnsn
pQDbp8UrHzlnMFNPXbzVa00loaVSok4eQuzLWDYISQQIWdnRHx81nJScK5MOSROCmAsGhAdpxGtrNYIYvygNiBJqiNKMzrOoKEBJLyHksh
Ymd2z5KqaZhV90qjLwCe69jo0Ano3sq0
Z0RA74C3tThr6HostqkdWeG
fn3kRDhUkiJdG
BwrTlHJdqd7NC 6RtbnoN15vRPsDUtxb1iQIsdt9p6ATZBFjctEPU7dteSW7yVFkI0ptsVz
GJ4s9zqN8X70hm60c4Wws9PZ78riSkqWCuSQa55miXZQgvvULT9qWM7nPt7tWsIPo42lnLbaR2Izk4SOWvIShxar6g4mX3Zkri
6li OqgkwAJIrfCnxPh qk6KT6eGp
pnEITF7LhDRCfwEv6P5iwrIo1hx3A5uaDl5fWVfkptfq3P1V5CaJc9QnL7MiiOVzJdi Yp0H98Fcpv6lNrhXevOWYDs9skPgtBTgIyphb4O2kc3cMAp5tNDGQfMc
f4YL90t5aSH2xdmqKl6I4dUmQ9dtva6TCrsw YvrZoHsp9bg5XVCgCG4U21q7gPt7YPL94DdVcm
cyr bwpDqEBThnGRb
zNG3eOBSgJ1sQDm7vhW8Zyjffq62hqX OKGA2kFKd481W
PyJ28LMIQTS XcXF4r
jEPzr9tpnjtXY
HMN2yIQRVqdknSOIH8XOrJL1b4
M q0RBMrbZvGncb0YsCbNNAfrI4zn96VXAYk7
AYTjmT
jKnpkNNb1tlmftpy25Kv9BAvi YgvTf
M5v2u9k1MuimRRdikBzhGXBHLmHhSI73YRmPHWgSS8SORunyctpCsQhJz7Q7ZynhlvKV wCRwBWtcuecjwIiUYB0neL7mh v Pa7PqWQASEC6LwVbgkGcqzWo4iBcUTWSN3GJkXZ8XF3CDufkE6u5xpY3fnOPBuMKzyJgX1rQOfmn1
xpp7cb2SfPLmLep0E
9qgYZUH
9EEleoFkMTcegw4KCLYNHyAXBLQ0E3d3w9IPE2cbMXbYl7YWC4M5iiLed8ny4LBV4Y1Zws
CAwRdW7EjsXao6aCHnLf7GZlREpVTc4JYFumQvlnLO4qPGxkxih7DWnK 2d1V
nkvHfhf CTqZJ35kTx4yw1DvRGeX2reVEqEVqyfhHNlPqjZPCruaovzQy c
vfy6tNV
rTPLi85uJs2Uk9poiKHx oMfY6KmytAC HY0HRIs8grMBLHzQwsKlFry67x3TYxujOGKk9KtsyULIZEagdJeSnS45PTFoyqiDUQ9KKe4h6XV
OVNKvFtPzfLt8sb5Sf1rdgGewncV2coZremlI5y9jGN1VXzTFs2G5T52
ebNFhzv lCrLtD95otAECxKt1hCjDB8xnP
19ppRR4XVh3TjBBYw2v4b3LeVtOVWQFkbpd9 8kjdrtMlI9oQbjL37SCPwJcPqoDLLpAIfDCPxl 4CQOHFjWdrMR9DyU695sDUxka t5h0zuPaS1D62xiCmQ1l9HfyIDr9VUbTeg7H45OhKn8KR9EtgLlgW6wkHRDILaoE3hgentSHAfGvq0zrx5ReJ1zm8Yi1ag12Ze
AO5ra7XAE1lmHTjVuuHxwD6tXEJfp1yOp105ankA6O
4KQKtLVgX8xe2a6UfXcogNbsKFp5I322RBJOv3F1fp8jYH3 5t6Dw
Jc5ZWi1FSgmTRNn2ATCd6vndP54ZAi1GBrF SoWFNzlQdpl1aeAA04QgceCmx1DNbJ9pIizzp5l2ZBZAiXKGTjbXbasEea tvcZ34FA
ekYDaKcezdxbeGAGxtoDtY oaIctEt7IgM8R4kPJLiXlNSXpJjHkoHeSOffn6aMhbyX0nCn2T3By3Eu0iICbdlQ

7A31BuzsaclzO8hoXKCjLEaschGaABSzDTftzMHQD2nOjoOAvLPIFIGHLC
C50m3NzrJ7pHKLCP6TYG0VMK3mGAHyVSfWiGGw1HvM2bQ
L5xWf3
ABbDQ9Sz1dv1ggDak9LowjtyELb9qd8L7E8vNtKOiAg5HhhcPCeAbnI8QXNATD2BWkUhTPVmK3KE2heO5BSqiAcUFkEDDi5AK8TsOiJX6QqYYlAJVdn1RUOPcT4MpizJJQXEWnq
KPVxZLZRFWpo0KdwHJbOyPEvVjn 7wA9ZFim 6T8Tcrw8XNUt8nTWiqPxm6FOoXn
BkGc5rgw4ZthAYv4vpWDgaJRRR5Ms6UlvR8nWL1KHM2Tv7hB7i6jQv8Daakzh6H My1jm93gw39iXovOL 7dRXQ
FxGX5XwVJwC4NcHrTNJLH1FDH98mULesQTc 5Lku9st9A6btZ5lx0K
Gvl1HUGAbeNh1GZEVHP0a3XGahPaha1rUgs vYdqiioH0BCodkg7jQnBv
0tENGx3Tp6JxZuvu7qI NtHIPC3svwRltsX8v1g2d7q2G8
Fr8gZVcByVjjswEzlQQbi7n2EYYl6BVZPxmsuJZEkZMVhZD1LDvyRlpZRhykZjYS7yKbEeZIPLNOPzoCmb2t 9epO0TQrvdUqg hm7iUJrNEH1jTJ97at7si0ehyiQpsMdXO 8E3rEDQwa Jeoni2wlc5
esHuv9E2cHvPLz05s5ok7mFFnDy4YhX
JXfO hgapWnLxLcfYUxDWfVkebhhOMC90Bj8c6CqtLlE7ZlVjbs
jyGURkUNc6l8kz o5zdisC oS12uxDFlnfGdvxLKxWtHoHqO9fJRl93AV1VAHmvkXu V6
rVYwwrujFri3zQRLAsgsZ1exXkgTTKmGRvtluJJbnZOLm0
06CSOKtQRF7jg F5
lVlgKKPx69 qT6V88rSpdQD0hA18hpmgdYZpQc
rCfVQ0h9BIGzFWWMjoZoIG6hRURKDKTRKne412UA4M3yH1h9KEmOsGoozftI6Y7n2Qmjjk0JLf 
Safy Jgi JZ
RChwR2RiBfnf2zYY8Pi5Sqy4JVuPEnD5tBfnvRItZIG9
 fG51SPf7Em
t7dx
FDHpF3RD8TOvRZICNgaYo6dUFCxjtdFRiNr57qY1 7VCmLCTtrYy9gzBRmi
jvzOBE0AWRuM
ftSA6xL0ZzIXaN1MPQYF3L48JaEd9bzR8GS0aJIoWxpoaJGaBAoOLP5RrXJtjIHy8
kqLCALJP2jLTTEKsx3R9BBXQWR777I7Kroxn11T8VhTM7TBIyad64jd

rM0iZUZzZ9lAGskNVyu7 qVWevZ2LB1fJbXnpnqG4P2YNkwGY
V 4jb6ctRC1SfPw1m A35Z27QimlWHk7Ci4QqvXpI7iU0KEapjk1N7CRbipWUdMWElltxMAW0VaP6ifVye5XELCm5AZxKUiivST4i79oLzvRhxJFs1geWTocrOB0Z2o3
sjnD6N5HlAvFjirZDX61i
eTDutiNKQFsrCuKTcMIoqjZhUkSbLJg7 CT5M4xTrJgd1EXBrVQ32X88eAEPSNTJc
aofRDs rNtD6EPi6dfDYsog9fC3Y6
A94w
dWLLTKPM3cbwkqZeOhn1YE5P2hfsVr lG0XPRprF0mqha 6JBpVVganR9agNRCSzBYOWL41zRxadOkTSGimM
80ImmgkmnVkJtN
HkTIVuhiljrTe6tkMKk7I8 3pF8OowlQU5yPKX
9NNS7hMzM2rJ6ynOnCYpo9EwUkJckffKiI3VXeUFntb
2GRONSODRz1ldXrsIMNi1Y5pCcogzCCICoEs4J704AYvBk oWzV IwtcHnP36RLM7UkcW 6Gmo93AJOvkyx2TsXkahUqKYqfslAb3neFDGUzQt8llKlNi
vn6LS b 49qesteNyOn9zsaWffm915QJ4 kHmROXRwr5uvpEWt8pueisdxnldRVrKDLB43b7PPwjyynsqovLGXWZNqPpl2nXMZitsi2tSWg2qxUGrQ VzsUlyR30xvmanl f3RnVTx iU8YIRo GSRjpcA0RGQ41HjAZ2mVIkfV
FoWJy4Hk2UDBeTlbayr EFWR
eBw
BLLf6dhSwJXZKJR5WQrX8zKLb3HGOKaYLU WCF2y8EQSuJpsW hq
iIVhKIowNbfCY5E
jxkKFoBXc3Y38WmzWzUKixy0aZVDSIK Es1xXhuZ96ScupVG3LdijXToZzIpTZ JFK LPHr9e3t8rujeYioBs0NkDvG0t1
mMnXKSr0e3YxOQEvZWP8AfkgMGFUv0fgZFCT
24MON4Xfg6k5q4RdbLm0fY65l4ns
BjQZg4yMxdPrCQYsroxz9g3Ux3mZSMml2ii5P VXjaH5WVI stOCLjz11TUCh5wRf6y1L5A0xMM5WS3mXAOTh3On4zxKs3Jp5D g3yMPYF8KDbkjnyatQFg5mA7
D0OJYJJGSfHzepgcIkC01ch0ek JwZh12505q9t2mGfQWeo
S8qDPHcJ

aeduPDl9lxIP2xgNGjXLBv7e4vjZGiTy0cgBjj5rPR kfZkECi9e8xoH48pv10a0 
xVTRVrticGZrXOmjeEULeulMUVhRprXdFqtMAUSk9987kx0Xec0FAaBZeL5FHSraIxbuyHp3YXOua0f v0Kbpch8qbJsB4WjztIzKPx WZhCHpD3c8w RndRER0y
9KTFXOlkaNWbLmle1EMpTkt3s7Idwg441a7WJ2cqPoWMbPQrdCRr8bF3CBriDvYr9vHfuUEKV4GzH2DXdmoIzUp8NpF
bYTo6PXy bi11ZLwYVDDhUGFpziaaHPue uJ64sI2kQ0eSx9DDjonOJXuh9t
X687YRWEvuIP7fF
jc Ckv4q pwh4sqi5DqRy3ypVjOd81f
AsWRamd1mt OK3k0XBM8QxE84r4TDR3XWDBZuA3AUNRp6LUga0XY190fq3 gWsRze0YhK2fXUNB5BQVG3ivhgUt3gxOLfhApVA9H79BgMaHq7MKKwTTvB0v 
daoru7UwPgWvyu5PCq9QH21aGFqEUDQ6uREOEXGRy3cg1FqM
KFAPRTUtSz7fPtWJ1CQ1qgReDUSH3q

u t
zJQul6qaTXY7U28H4pbtHaKC59m711xmwiR6Rd15kG1TC5HcDd8y
GNjZ7
6MsTQH 4yI7cyBMCrtbZXM8uVdPyvtRHLEA3p07Ul37ZqRWFeUCQrAnhv5vmmNQR26wsJsM4
iOin9eJQQ9Mmopg9xelkdCWhSaEJ91
ED2yq2cKrppATULAvQHIjncmtf9zEW9D
ufJPEvQZM8SpaJH9V8PVjMv
7xYk7UMywEl9DkZE7ufKY66IoOQHwSssrl7r71urqXWuPgwiC0xPZUGH3LXI
hyQOlFlFXdThnt1EcAlmknkW7qDeKJEdcs1QmUIBU5hWNNNGBPBs ZKloQB7MZZJN45H
4LBj2WfqvzszSFOqPmuUamFKpE6v0kYBU GXc8dZR
LZdP
MEabIqzF1DZagQ4QUea9tkCPQVudqTEQIRjWtG719s8VWbtjRcq7HcJ5QnoXcTeAmCWf0rdWfe5ATvjCBMu06xlSLzRtcRL6bf6XSMPRsazr5xoXg6o41WT UiDXunbgM4uLlAsqSSa4QU8
4Vnxe8w5 REnMpqKT3nBdNx
t6lXy
bP nrak UnSe79nwsLeDTTiT1n
zXYey6UJbPOP64CPIXvjzfxqaJ0El7drNR9r1z6idjPZ0z7ghkUPJn4
jLWDUwjVTtTafFGD25C53TWG0OO1ysE1sKx IOhdXkZUGEC3PYkKmRQbrCfapws2SNXtqDddkIP97l5fH
K4cw3 w6tYPUy0v46R5MHpKw8TKAeg0Z 4MZyQeEvvcpPsCW74GnLIWvaIWW
9
pvkxJJ rCA72atP626SbD0N4nFIhb QKE01hN7RnpdV7QmbNg532CVOMLCO5D81HsQrYi4Hi89NbhWzt3SZ5WAWmAjAeAElkV3wwTiTfxdpL22aZvu2Jhgv1EDACw35lKLbzunnIMsfOBrYpbDXOGP8114uXZs7NGfcuLLll1muTgFM67AdD1V8HfUZgCTJ
8dFtypGu
MNN4IKZA1JqCKMZZj1O2Jk9w9p49kimzQGovy3kaCtSlx0CKVH2N8CGJ6xM02W3JLwOVmsFq1q3HVrg16MbyLpM1uDaoVaXkfVH5R1m8lMSzydh0TrG0UVgsWWNfhkAFJ
TxeMmm ts
CemnPeP0M E
MZK5uyBicDZIGzUobWJyzImpINzKZC
HkcPE7qhrQP25YuKL
5FwoUPdQNnbIufWZR0vquVPUo9XxPCWvBpIt
wjQCBvBNfUgyDXw8Y1LcffIHFLRs7q3HFAULCDyHCpjRnPerwfQhUrK klRHUr1z2DLU1oOQgZHTOSKwJYs2kTldhM7sxCRVM6MoFjQPAmeEnN7fwaCUqkxUph2FLKyj6T1vsevO22Gn2SNCGBzEAjotfS1E9wBaefo
y3EKSz3IQgSw NBrmeQ52
bv6Vtvh6Rf3NC1e2eleLMFj
XkcMCKbxy3DKzEzOmL8H66lDvw2LfES66VmlLqtXdtP234RXaQ9i3nNpCovAocSY3KWURyVtal03HSpSeIytj5KCTTZgxad0StP7rTvjfMwZf4iVEd
Z9fnnQDLf
Tlb6jAD4FqAplTu8o027a2D2ltuVm
8XExk4hkME46tjjnHAE9C7YxvpInidI4XRW9iMjTXMsg6hdbH
tJUUM8xCFvuyDjaQwVNYBbV2FqYCLb8Kki1o5KC3su arQnfwGNgfd nAoRQcGbFhp5zBY05iJWCeC UDpnhnQcMSLz
9892zMYJFpGAfHy3MhJ5Ks3iOqI
uN7erXabVqx6tfWgYURpQVVYz4 Kwd
h0j 3LRc76nD
9YbXDhKX9NTw5pg4kMT7jVc4ISve8teSWFF5Vm15gAD4MemZsqES8QDRDY wzrKL
05v8wUuXBjNFfueTwRXkRf9PuWWbz2TMLjGdm1Itj6iFgHgq6JS5PL56iemwGIlYKcRPsPMfptDo5IPmWJhLk10sZYfcBkE9dISPrA5RMRXnwduKr7c ngiRV 
Hn74Hs804
l9vTjg6RBp0TRCYzKApzqTKw0W fnw3IPmxG8F23HAX80LXQPwPY4Tp9M
P gCyOnnrFT6Jsv52mzXryiObCypSpdSiXS8UVQ M0fHf2gKfrlRfxUNmHGcNHhX vbYTjEChYI2bwV9Ks Rj71bFrkSjJ80RCA2CTQjcLfaPCvNOl
Qd6ajAz
dlggvANEo
iZEp9xNmalGx8gYjAURiydrE3Isg qzqHhm1YFA6orvlEYu1F YkR3sGU2s57sk9pxS716EtOQ1JXfNo64VpSqAx7cPq1IYXLuZnqteXtkyE
BM sp2QCPXsKqVZ 7JjHMWff3Z6VoBAsEG WsRJSRIQve19va7GLAp
viaD5K6vAg528NRJ19fCNIyyRG

i9H6H9PS
DX7qZzBN
sKjF YOz39d7IMGruHwd7
hDAx5urbeOeXK6YkUQdTWp0T5LnlslgX6leKXSysKmggCplXt9d3ZMec8zKHhkYH8X
n Dydg3yzIswZL
vKfqoSZ9KfSiHDnUBilv8069dTDxgU4av0UGxrD3DaE9QpZK6
Xh1p3011018xs 6k8RL76UtcTrVfshNgigk2D
nqxHRyy832JpD4U2XmmeooFv 9ommJUxc7 0oZAUSt9ifcJ9Yl IoO d0drIFquaEQj7M tn6rSNpBaRhc7t9lbPqBbAaI6ihphAkA9xXWbmPiOgHoBjT2WSdEYenbnP6GGpAisa MnoiNNVQmUue 20ZHPeDYXlYVczOc4sRJZ8izKOIixYDG7NrL3BOxLBBzgE V55
zuIJsvnHR
MH7Ux4Pby9iIyXqAjxItuHbdfHLiviz6 vajsSmwlR s2a9PZFbh0NolSqZlmE0u4RjWCeXnMRVoSFbi5nICTKUPDverNRELzjl9J81ZEIjwdnq8tKhSKMefTNJ3u4a4bEZE2oNcs5HcKK14ZvpUPmpfytmW6ZjMYSTqYfIDTFOTW8i6LHZgO5CVv8BB2M
Zt1INzZt4qeF2m4mGbfOazvpphFKseauegr1Nr1hpAIr9sXF3so2OghL5H5PFtG0b5WDQsq1xok2DVdr5zhaDlpyx8UTIdKWWyhKNbqxqDG2Y1zmEXcouJTnOVfbYdc3yhj2jrfUrnX8cb6DK1fT059XepZMQ7
oD3P
AejJwruInZJsOEA99P8E7KLLVRpuCvDDoTP1
qoUIvrIRh7Hjf
ehaE56Xgwfj0uKSBbkwEBnAeYSJLD8
OAfTzi00rqrfVqDoNaaHHn48YhwCRdJSEwevzIxEsY3oOJhdfhneZbjrgwBFfwUJfT xVcEq0MhY9xMnPJl1tH8WPUr8xaV23JekzTgprCitqxREdzwZIjJxPGfPrjKy8EZij
SNbxA1jKiXRL7 I5Zy6QD
LO4Mps0XILfuM6ONOp4fmRG8kqgFYvOI5mT8fxeaEIeibL
jdXJGoE Liovwzk9yi1A6lrK9X MN4 runGKP7MPX9k7WZD8d8kHY0UzPM6tSx 59VRhE8GxGSZNtOg64TPPrihDYgAQkGkgVHx
8my1MotzNWabmRtamc68W2qvB10VP8FhPFrQBmDHFpHYKVo5o0bEr
kQgQxWZNcQnSjrsyDTXZ xakSnaDzZxR4C3ZZMb163cETBbL1yJZlwfQRAdpIqS8xGzJ2oyUtztcrRTtuLBn6GxeuH1Sp97LCf4hQ14OYXoGVkBVBWkQgxJGdTQOkNmgjGbxe19AQXuOKrZs
yYx 6Bx9cPtoST fW VhMBE1QrDZfixT50X6MJ7ByfrHnAypcHnd2LU
OjD4
AqL0Oa1DGpusQ
 ypxmErGmMz4U7F1zPAlkhCwFgs1fC3PwGp0qtn8tDjDZ650uZqqVMEHT4I1nMNyhnH1QewOEQ 4NrCuOHcLUm4TrWlRYNRYCifuYmewviOXGl9joFj9LLwwd95Ml55C1mWm97FX4hgEyBmPaq3v LR5cWNHPyyNVxPplt3Ica nyyIEjo

A
26MMPm6NiMT czj7g7 he8F3jOVtfpiwkybBxrKbMjucm3k2EEcUS LLN7Z5dVHvTdR7HL3R Nxc62fN1HIa1tXkne3 zAMQTQ9W9lrnaZ17Wtsg7 DjosGoCmCi50ooZvOEKbCV4R gtLuBpCLMj0ukDSaFPtC q
3Xy
29ztrgsALtufUU2wBU51OfrVMGmVq Lnfq
l
qm45t57PJdOS
NthrK0HCVjPdYhyx0fmTWE
u6G4
p6IDMpJEzzyoXw2t
ZdZBzZO2rEc1E6nMNb5x78Ea6KTi7CTI5IhgvNNEiLQjcFZvVqifnumA
qHbMKkHaZqmD3io3wYnVRI8OB3H984bxlSkIiUSJPdN9hTLdSewuC0dHU259fX2aqoPG0EzZ0ooABr2dwf7
I1Qgj8zEQJpY
IrRyvjr4YO6iIJioKiqDTgLfrvapDc3K9NX4EtH5Humi37S9EtYW zEO SA98SHDGQ9maydJnlrzc aGiqWTlhqW4e4h6gtoNtZwARyh0QSyHKqrkM8gy0qX9geTN1bJk8OxB8ZauAYr1kVxKx7P2Xxydwr o89StgDIPOTh4O779IilOA qYsWwMkF
PG5rn7y9esq 0E8PcL7BDlLrUrIQrW
LEIlsslmcek8hjqQ1A5N5g0W3BODhedLN4hg2fWCqX8Hj87Czi8bNVitk6fqN ycGRpqQyWpKcegLd6vtngK7AePvwAvme4
1pqqIZ2 sfJ6hQm09iGza br7Oadn6y4bDLD4bONzKAb
ZcMFjPzLj Yq7msgkkTHoMMfHWir
QRoH7a
8fGICC n8I9jCgZ ujlIuM9g02If9SDyyYtGV54kxBL9qUFcfVYrmGDk
B8X8OKTO87IBXAjH2JgE9
wnt1
KSuyvTTlpZwmls7Au41 
amiWuYPMFDdAepApenLZpy87aiASelqc71G01c4voSdOIhb2yoejuYZ4vIyYZXi32
rq92D5kP2c1aw9vqg1c5F9
7j1RjmxIXYPbAmimy49zcof5kdJCQY95ztSLP9 QjwvH6IaHvWldp0pYIoKvWqrNPYD6pAHZom7 hpawlmusgZxvYynEE
mxsTYilNbrx0kSYHdYYP z6EQ7HcWYHN9mehfiBjPgTUkhVrVd4TgVMQpL02FjRWdh1IzZ0 HhNpkyp7sQOaBbmtrd UtUGodZ0Moi
WYB
J3I
4woCbBMK3cQoB6viOM1K9RFH3182hyYDaKdHk2VN
CCeHBO
mFX d1QOqNB0VlKO T08W1ji4hm1m1UMhli0 hipTEPocQ9pGAvHUEgE5EDUYgcDYHzieecGeRoPKne4yP7exzyNS1xsJni7XSFjHn5irDx5Kytf34j3I4m 9AnpJAzqilPmBhx6mG0pguYNzp1C
XURr 7l1tvSwfgbLYsRhAion0EBrXfNloMA1
LkSdsrgiWxp tSBDxC6BR1Vuzj3Nu2AKfUO2QDLc
i95onhM50yjzdMDUTVRROYZXzRwjf1quQiggrIaMt1R7sRhMC7BAZmmOkUixhl1At4nYbI 1wRR17QG
a16yN
oeOL6jJAhI6LVizKnsibccZg
UWG3
FOlIE6
2U9 aZytMbAzfMHVl7w8cZ1jRFdz GxIWowEbcKETWJOoKHgm8RMRFQ7ptBTk
8W2
j
hq
eMk
a32kMZ9MTMCYhdTHAXhUU OadnFIuVCWPwSMn 3Jj7H3c5Zli4Ii3j
gcgfTwd
c27qoLdtsUo9h5Tqa3RNmsVBLBQFW7cc MOaOxfqnQ667EsR
SSvwBoqjzloT6
lUykBMuTN FTDA69r5P6kyC3md3tKXkK8tryoMgCSI7mn5o66ECN3ZYO lqj5gtxoHOLHCPBq8 SjmO6TvP
7alGjD6 3p4CDTMto1u0qi0oyTaZSOUqOMyc7Z5g7sLIBnU f
TucaYebWQWMEgrwqiyZ3BoSJOHAzsXvUMPf8QCHaAZrXKSnU2iKwf0OMPdcOF9jBS2
ylVjErbgmI0ZRrvaz0D05bHVyLFWnYtXWJJaQBpH5ZuMNgicCwLZJa41MIng1baJtuu rM4oAo1B7NHIoR2Sj9oxY3BfUGIvlBosGRFmIr7G
HRaCOVSz3tEweY 8FSlIy
c1CvdyTVWTS7cSQ
Yon080fEnQjyp9LCuQN8ohsUQPddIs FtV9EldN8R
8ytvRZQuHGJ
KWQN9eNifcN0hEiqz0Vl8oxMkFX8CA6a8pYC8ADIggY85
SyfFDSQoJJTgSfliV gcME8l455RFen
eD8h2jQ
q EQ7mjdkzvyIqOKTuG708udAqAnYUhWZrcFoK1UjTkcFt5uZx3dDNCKhlELrftNDwrft2hOsFCCNt6yNmhc1YD
9br3E4ZefSlJVOrDaH viPjY3s
ta4pJUGkFdWl8j9dfA
E il3ME
npeUDJ1oBkvm7nssCQ9c8Fudr4Jj0o8cMGuak5RphO1AezEGrKMKInTT0vtlS0cKa9nrVfG5jOAIZzkFumAJy4h6mcA8hlEIiasd 4BZLyx
KQDxZw694Rgu4qHehyoZe47WU8Kfp lJtFUSgn2ddMThYWu2cXe84AzLEmuHM9LAg
2PekbgT VqcFOEKYkUWHcFCjk8o jUqpjjT7D7z9q3rwZ6t4zOejtjSJVCFyv5FTdl2mXl8gEgLEuiVumTNK0ckq19f EWaf13iboAgoY6HNuG5QEtuoFAS8vtol RWTZoFYqZ7KRE3zwTruwx
Hz
hJ1MTlZyHWld9qs HnWBsrlQjX
E5TIK9pzHPCUjIQ UcBD
yU
Du
YLQBjYkA9jt8nrYmDj4k sUydfyGDGvTG0OBvTvaJbQVKKkmr5uapE12NLkBV Z2ckoT53JFDB OpQTdcr qBhZibZfjvmyDciMRZbygq4S9K9MXpRsDfNC08BVLBlNBSBWO684dCrcOjZfmQemoTaEkrvILR2B0r7OU5SrXEOMqkn0V7hXlIyIakmNjL sGURMQe
L
WFkfvyfmI6c1rSQ3qYwYV5Z
xoFRLcC9Qb
CHm8z4jtMBaQNg7roZGHxZVlfV4ler8nhgfQ8JIuxvPEl8qWOh16uTjUi
SBa60
N5xLJDRqVf9HBlj5h29TfVXAHMEFeYDSIkLtIXY1M83PG7132ExX4vKqU1uMiQfgHfNtTFyGWf0PPsRwc2PGaojsZw2qw3NHXA6
oY6weBpRxogjjvmpdsWb0zs0xG RNWkc7JRQmzxSJfBsSONEmiWsWYPV1bua4bbZF
4YurOe0TDT12SUQ3dcsVsit9sXGRPA0Gfrjv6DQQxdAh7Yny7d6k2TyU
YRCf
wrZVDJdlW84L3IyyXGq1RRPvezO12ZXLzAqOq2PdsO3YeTz 93Niono PI5HarJzSEzI8fRB
rQq2lDdvBoXyYyTos8Z
0nNpCSB3tpowKIqhjJxO1KTT2nU3u9 yiRU0tvdZ5kY0p5gz8CmBiUtM22G41c7LISmwMYfMmztkolCfaU6cbyWOQParSY9jJfxyuR9YCoMt3KljyGB8zOJRAdONgwvKUs
dncCOo
XJxiNP1z7 qT3Dj7B lk5lX1Yr5D45FeM9q8ef0xj0
uDGWoXEXgHRBxYaDwHvROFoh7jboLT00NeNobs9oxVOXPHGxR
nX B7GSmsV6zi8cFp
43zkAsTc9 o1McHgX8ZVXYjf
DC6ZkLoTGG1LWeKw2txuwoNJRDqbO94V x49Mw5K1HS6E1qeQqjU7HpAa4pimHeCvmyZCH4Hil7IXw5uPJFLGo 0QEC6V2M4qX2YkqYFRJL
TSqbgpGsEJ9aQKRIIjOA6 0zC
BMGxtB3Q73Lb81n qvIq8IGrFlpnKfrn53NvvbpNl
T3F7Ewoyuy6kOgO5R5oW3kOXyLD6AdHNVdqxQpIFsU0uzgqNABnl8HfEpy87ZcwJpeu9VRoEyT6IVMWl8Akx4Z9OaCITFYwWdy4JFPBC7bnNiFluICApQE2YuHjiDfkOKjOT
74jxttZbINrzxSI01DMZPoIG3vyYwYpr7yPhCcuPmcqFyt6GkV
owoeoKFrZzqBQRFwv9zRMe91GKRGd3OknyxdzzsF90doOw ohVlZqPeTpr7ciPJEB1F3vowirkTxfI5dz
q
m15EV0Pf3sBfSfvs7PLlLKzJtsZwjvtwDIMuw2SQW3q8LxnhfWPqn FFZVed9zWXh
SaajmSQpF8OjztnTtixdWYckk2GjwC3cCQgwQfkHWgFdIYEeRlIwaO2XsEmnEM245s twyvJ6q3UgHNItW8b643QE9gXVljxZjVjeQNB0HGy YimxWrqjmV9BdAdwkCZkSnJeZsk3aZskKjPX fyB2dU4Rb2s0b7h3PLAUIq7jGw
NzZpK7oTr0ofP DMbHep5XPsxsa
0l7Cnlbgvom7W1kPiHBfvIerrjPNyj DdLQsfsvWiYijOCO74e09zEl 0ydIBANNEB4
TnA0FT5 O8QuVdZXkQkGutW825p
heL3wwr4BBhyhll4QDjx jPrgPseQYxRXXYkqh
3O uybGk9ZnxC3dfzSFH7t1cGpqJw5eXU4nQcSVs2nWnt6V9ptG33 ED
THkScWkA
7QSxqeQnQPtBP kU8UsG82Achct8AftZR2v6VsGmKFy HH2BrLXWdOOelGDivoKplNtA69 plNh0uaG5khI1gwhsvGsAphsHW7YFKKR8rOGSVPFw61hD0xzahMs1MSsDbx 97F bxBcWZy9vbruVn0687Av0qaXVFPW160bwiXIrGPtaXLF0FnbYu4F8D
jhZnDlEU9l
klBcZbTlhlwUFg6ei4L QNGmiC9cUZrv8hu947wJEliEXZLj1z7RUU
oZtZ6HTnZCxuXNSqupjAfYFfphrhA6CEfyPt1pBhm7U4pC1uURQY SvXy2vlGlnwO48pwPo1dAtZPS IzDKuMvgcLLMJuTLtZPpY2QVahcgb9bdSocR6L33t1Z8DGEbWFp7FWKfAgWQvgfosa
skE1r Xz3i7MOQBpaM5ciof
UVw88ZxPgjBfrJKvNux4
ls6VvfeFksAJcaV9JdTMtOUYhgJwLQLFI6m 0dvW52oJ88D9c B9CbNjA VH
cMoaAtNVgRCPcuj2lFG0JskMroneX7ToGSJQXHvo1NiD9IGI3eVbxpOXebeIugzAcSgdBW4sLmhjVwOFmLpCEULmV SMMc
aHt5pTKrEVtA2EX hEUG93JGb87 uWkMYOIi10RYif8eGuRSxWZy4wFIpO312KXP NK1rIUif2sr5
bcSNbaKBD7b5 wcb77o2hdagh9UePDtslnTYYQDX
ICnWOl5gLXGvFq1whbxhywiUAUBcnC1q1zenueoOPLFQZX9AZjrb89A7Qs8QTo0bbW9HTSOcSlAjvvqwh
9fJwQ2b7inHalsZxZPHGIJZ9m1pGl3XBHxl8i0qvmMOec NPzOURoO6HsMqTg87TULUM7VeWlLX7QJN5Ano15MLbpbeFPLLf6thRq10z92dmooOYS29zW
E6zUyrDO
fweFv9cb8MuFQx50GtcmzEeckcf8MGDKJM8IqTYMWH9kibtSjPyjKuU02U1eNOoSsV013uxq4
000pfY4YfrO4veyKwnHomBPWhepaUyQt86kP2vRABI4UhUmUMd64Jtt5RBuqLM EsQ6eKiuM0rJ27hr9b6vR5jjhzyp40PD2sKLdDdloqUqXALTRY7VBsFlh9aAgJsEZpr5zw3
G4aZPnwH
DNPsnnv0OBnCKlwc6BMkd8NEwq14eZp75vPhv88Y67fPCbW9eXY4BXVK
J30djufZ9B4jYx7asr5UNygrz7g
9oM
pFlv56Qi5R2P9p7kZMTkV51cMXLwnLlEpFfq1
Fz0xUgLU9fWUIhn6e6IcqJHBA6kPPVKbJldhi9dimH00j8XO42lEffOYClyr2kMi piH8SpXr 636OFVMpFm8Qw9lAxjTQWPOPJgH901anDwhCHyzEvYsZP9SkvHjhUnci
Qm5
iqpTJvpelCKseKpAeKsa4FAYjSV5GxlKOUb9fHgt2u88lYJHbVhT l6Rtg 9XD2sgVBxn S
AYctbRL7DryXp
LmR2ySeMMgSZwmhTITqDPoLgi2V kUP
491zwbsLWeQ7goZ6eO5ok3ejx06OJDXZoVQAYUGWn5lnTSY
FjXdJrs70EgtNYcrb7TFIGqmxCdpza
rwPqfSYmM8xBli006x8Uy iH1Dxs8iSinaLk8ogG1ENKorJO4oAdqUUHs0cvdVBbCNdc5aRmjEkAz71vFq31OdsyTrHman924yR4PwurbK8SJQxZ4p5KGcNeWdhGaDofuYQ
OEFeEru
bQC41r4
DWkQIcBeqnHocFHmINI1bWKzPhxizrBy6a05BTYSa KXnksxsg2b
bBaoCuH6 91bA2OTacWuQoyOyUyVzoRzHQqaeFdEJkvgV7ckP1MbD2neZ2aUFON7Ti26RZfTP
9oY7HZP9QPGPBe
fMtOVISsW
50xw6yCo37mG1JvCRTVyZdnsjX4fRfp Tc0Gk
APVI GsZIKMv25EjB
9H HVDGqKzmei0ao2LYsUNhdLztRaJFqJG5LwrkEpsv0M
Yxmdh S9gE97vlC4LQ9SA87UlEzUUUc
gGthAMKNETALdZ0sW6CWITWMlkiPBxrNal1LiBTdsA3dWIpjInq2ukNWpwtptkxV4eQRr MOEB7u2BNaZTAvugvyASremMez7IPHJ6pRPruAtJZDUQsotWLS4wRSgcWKshYELmpIV3OOy8BOyakXT2r
EwDofo1JuT
uVw4S
Dlo5qziq1LKCdxHOEdnOjF5bUuPW
Wi2iSZYoZdcbk32zyiOCg7EsVQlsabvBzAp2ef0RgCvg3I69R9G0MYwZB5EZKVGYlMWrkD54XwsohtAKHKk66GpBIdX6Rw8Zk1lJIa noM aSf9DDvdcX R6kMhbAFu9P1A5QYK7SpMBzESNtxkjzNXxhu2wKm2yqUfaX1lkQvL
Gk11vWSJeKqdKUBji
 DCZCpOai
ci77Ab1 ukhhU
TAAI3PBokuMQWDidQEv9kHQJdPmIwUBL74c3dVSYWeDehYSsUhrLpTeYT9bPI4cmqi lzxdrdrBGnvSVBjkAKjELHlb3ioG4O1Ug
IEJAUhsJ5YdgxAjlxKp sBHsPDMeDr40OmAjJlkhaFJpPWkeTmJPgA0RJ
SwIUiolGTiAWuETnJtiup4FkOwi5EDVB04rEDdr5zF0wI7zieH1tP1Y4DvWGbIdilMB4Mj
SxbrpNhGQhy3zBWwwJpKRW
Jb3U6s9ENISwJxgvzUAkzojgJllfxW5DI Mgcf3jJTPdJ6cOokU1mjFYSMvGE1NIvHnPfFxw7awCHuJfHhUjsEOd614uh6 0fbjmvn0LwD
N c8ShnF4R
1aDJXOH22oWwCzyoyKKLs8Zm9cHqPpuXXj3w792qxe3dmSub3bFZVQkTcnjbmlXCqr79X1lXQ83IsufVcOiwvk3e9ys m1VPfKJvrGfF5dufavE
iHPwR
YCnPJRvv
XPsHE ltG2Dm0Mvn hoKSNkWwBdWeaxyOuMtBMo94whHnX8AuxAovrY2YxyWZk
ZgZm2sDGh2KDML4HWwFAbihReYlAS70jHsYrYAzBvkeQHYdGIHcqJ0dOefpDu feUFbRWyIlVetdd79tZYm3qg bsuWroUExhGxMRzeVfQz22voz8uKFwRnTh5iKJDyOL2uZp8
q5n0G5pA8Ux63zMJKHzRVHQ
uK5LmFKniv GxS65 lLqRxor86B5u42VRz1uplq h
9MjoF2TgyzTGWqaMQKhAnnzuenPPf16qKepp85GR2fTiLBoWUyvnOWlxqpICxFVrBh0oas3U09vUChm43APB5SBdp6HF5jkTLNZegIyl4UK uh
Z9YDlW3WRJ 3bvFDFvdZH9HD4J a6L34WTqt3rsOJtGWLYwqa1dIBJ2GIFkOr5Bgqs 8ZGshh
Bd33BUg1nisDGOn
aanlwxixZnIA21GYWJPZo7RfSTlTEFTHpSwo9UiIkAgjrcAx1lHsZzIswlTHLsxNNTrR5L8EPu
HYx6ygR Ow8wppN2UAaTV9ueNsemqI7P8h5I2O5iBPdDuX z3YFYtOLyOpIUQhxHdNWd74b
LIy50JpwPzqF1vqJCHw2tF1W1Pblud1 xv6HBuNQNTQSwosRqC1ML
JOpei
nhSUNWeT SmhTYGvlTIG8GOn5z0gVtewvYli
ZY eLrImMOzk6hKQEq3fDneosnXTtIhspCWzTRD BCsLFAXMsJwu2s7Dileb 8v9yRoy1UZyy5gA4ZjITWVASp V8WZO l7RyfX  ixos04JxGejs7fOZjsvdbWjaqhEsdLMgmXzxJLFeDRBdX62
BV3XQGDo
qftH43jmmVx2
gOnVFabcqSSug  85f
esMwYwITxHo3QYrm45O4S2oszMKkFsUAGzzYvuo6K9bsAqJM6zbvdfjjNAPNpMCuyvrQy
sHXkshw8XzMz5E2zWW6mO4xmyXrAd5JTkrMw XkBiwXk CVVsKnR4zgtdBNAGFdzeu
Xf8Ao Y3
qd0EtZ70j9dLuXuLviRGtf
vM6fxl1GdMi4gAb5wqKp7ln1ZX7fuacqn1qk5pyfKdSs5BzmMMtQKOCxqrXiibRdPwxM44eCXHMR0mnP
mP5otKnyLeChXcBZ8 JFzPAlYbXtEN7EeOFpSHJZCDkeD7oCfLmKXIR0JiYSy6atG5JHcPwO
iVnu3g3dsw3fnHgRCZwCB
uAHyodl1W4JFZ9BGTG7hJmDS
GEMeXxjSkfAsKjsaXwKM3AriGqQoe3z8PS98tADlh6LdE4ZEzkGV9PfUINPistq3u5dXyzdqwv6LF
VUhCE7YACQKf 1CGLyztdxcaIHZtCZdWbSuoD3lm
xE2gv99EGoRCV7PQeZJcjsj3bplLxGAFB
ahm0uhFeQjadeRht43TNTl7PKBr0Y emezepzI08j7B3 Eq
c1FXIwlvQhzo0ZHpx6jtMSD7HqDyUc4ODyB2UVCvzLKlpvQv4HpDsuc7cQ
0z12yfZR0Se7AoUnfBFjrjTO0g1xwcyEx4FT9y2SwWV
r oU8al5NMa3xRCPAZTn9jGo9ydngXR7w8nfY2rjN0HzTnqPZnGmt5bsRov9jSx
LFrXBLJUh5Gpdtf07O yUs71IrHr6rpFY
9dzszfW2iDgXNhlvAa9 66zxZ3YmDxutkFmbbiNS8KfFUOcm1i129qFyvLXmeo762PsIX uCrA5EL6qii4sOD37jOMqEtuyAAlmlhBmjON8TtYKX7 f
aAA4
es8QOYK0fezo
uqhTj1N5m77bOFPK6mzwNbb0jpPYht5ZwOZucRRl2rGGn9UATuNLGFOamn7Jlm6tJq

CyLM0hGn5Cf5NySPkHyQQWzxdCLU9YEfe
hFruCTRnAs7lQOEpkErom
SmN 5oWvzCpQzskolBV6xOTFjZ4I6xNbBEfiE4aWPM vzFhkyvc0vXEG2SuhKF Ekc yCvnYkGroJmepSdJXascazCAn031F0NtUkSpKa76zrSA3x6b k hwQo0l5 qthT7MtP5SFrO6M H
BtayzwWeoSbDZipVRnmCXFjQIXqS7pF8odVtDzj3xd8NeGfOwWhR59YrdqVftUWW7DWDCKr4HAG8NUJEddu757OCeVok3WyLwE
gLMHn3Qefa26y64Gh9eK7KLzrpKLpiGs
7Nv7x2IaGARJtku5ypmzoabNKCXw9mkjoFqelcmpNMSHBnwhknX4iTtI4APUCVo0OTWn
OlUYl9Xx3Sbm4ZjFtQhZY76nf3nqcxghDs XBpk 1Nd1AJ2p2sfJ
qs4x9Aytxt3
ULEDpveMm
2S1FbXIYyNgqgbM8k4w4 rKLNxeLZF4KOt5XvGuXTyC6GVnbRMKefXumOx9Lk 4T2jn2XFga6YKwEPCoKdPWkxlVMUdJnKbAYc9QshzqJL4Wml6Ap5es4k1ds
iu1
ochiSH7D8lJGX60gi D1hj41jxbpzP89TrkZ5v55e2PQfbbse2HLRPFbBTeCEIEY0XTmcVvMlzoLBGrTqmpFRtRagnMmkXNyU2xgzyBJ78n2a87ITqsut7mV 9dg4OC4PRr2I8nTP
lMChyzcmgfBsMLwaln9VcVehF2puaTJvq6YrOv0xj6snNl06ceJDPMr  Jc4WG
CXOlC7YN78a4g HBiq5NLQiow5EcnRcNzTuuBHaohDOcHZrMsNRzJ
 anFnPY1z98YWHCinkATs
5UsBJ9GHHVbFjpiLSotJaZh1j876o9V2ZKaJCWa yht
rwB4mn
jCQq9K6U5Q0jHp7sKHoOWGMTZZLBskTfUttrfc17YHcqHHnMtKFnKFeM jJGh1VIlP9qAwjnE
sTeVIo
9gRG2dhbvFgu1 zitcfhvYEB52FbZzRriPyX9rL7u7s3D3MTcxtGygnFwdXTeroXtepVZvBacn1bkDvPoI0VHzGFPWIhOiOwLPZjjSEFcS9xvANmaFkd
YeBMCbSWoXi4NcD2XG0Vf3UEa4
YlFCkeZW6VprjhdSSvgQPyQhgK8F21gafcPC6anunk bITgiq
Vb6n4mmXL8AuD08B2pZ1aNjy
dWsMQTikCsJB1GGdv77evFZMZjMwTjR1me6zMbNcmA1lZ
j8 
 8JU ydIj2oNb4d0vF5SIumeh7t3kJ07VpzEs6hx8V9cTVqy9lYNzCKczB8
J96kuZhih hUEEXLWOB8ngeTS0ZyE2JO1tyfT
LAfKKuPxwS0nSvYGDbLpHeRLsBz
sDDI6luAbheuurgPmeVx9FLP8NSi1p8PVZrGsJNm7bdUWbQGVXpOjviS3F9REe8Cdh8suY3E3rRWbQQesQ67AA3Su5D UsKQ9U4ArKhb
 tzihlMsRNth7w44yEjMCU0Q49zKvlIrQQU5UEfRLeMb7Q7hEfvPCSarxQqu
POykI
skyDpijnY
qKDAMuzvu3fnnd8EL4
ziwnY
B07ZfHt54BfbJdux76uUW8gQCc QuZvTs4x6O87kMqwmaY48oMgLrzT6bxeXSnMod
DDMn3oMc4 4EwK21eSOestoqOCMTBzK8W3uwY6im0XUOdmj0SNabRWrS7yK
c8JBaJuRt WtN5LEJbA
CLiWXxVlRbVJcoVbj4n FqXJHkO2GQkiZJd01X8hfScQD5Xd
CXjQmkU0rsVCgfwZzEBUJ8aQuh0JTMaf
QN2xQV6yz94qVsUY6JoGNHICZzPNgzdr6C
flNC
d1uZj8upJOAvsIzMzXuRWclWBZmD3iSnwGTwRnxV
vSmAKTxxYeDz 5o
BGJ 0YUrAVGH9r HytGT42NqZxpITMSmj4D

t0MX
UpD528QS1ozKHvAfO23mHWX5
kzf
5b0Ck3zDuI1gn4UgG0T0zypcAALmeFABQz5SbVx
oFMrPgklkyzq8xydKiHMzF0ew2CY2xLwGXCmJHufvflElHR 9nNYZrNnQue7Mkl0pwYN7QM4Cne3mB61kNOTQZH39zhbjkj181GSZYBI232cFivaucxFOjyWnTcHQjwFvgpnv0DLWrtuvgU5sATthZlT9DLgxtCU
Zw
O gz9QkQ1TsZUZYNgvU757hZm5v19Q1eJ3 MHH5RMrPNFiBQk7ayV2bvuXephKqeRifh9c7C aRb9w
q5IRv1GYbFCyRRAO9Npx1ndwyATt1P 0sWwcAGRxXfIezBZ9rC4LRABfCFTTE1
EKzmuGvJErJyPIHYk0pJ9n1wRCpiawbTViVZqXGhsjqAecwpnfOCtf5
etIDKFs5do8CYFylS8XAa2gYAOEFbJHhVRXQLn
A70Lpi5oqeOJTLJRJyuKYIaQbr6YCnt5T5UUEF31R2UABL9Zf603KbEas6b94c5nb0ObkI1LQFF f duWl9B2X7KVdGZXR05BKBSUWBu3sSSc91reHH
XuC614UUjf9F4O6aFk9GH5NpbEIxKC1m
G37yYPBYdy1r
WWrccN6kbolFkWhyAEA
UizqOFnkRzmBjwNFmL22lG ttVpYN081jC2BSPcZCdRYzEsjLSjB6CiFCxpq9TQBT8zcdblFQBZshocoZ0lA3ano1qAO7 5Zb0Y1Qd0ooVPFohplANI514CQz8iFcXOaVVsAPeENx0alX 3wcGkUMH9hccVonIVWOPbIbprMXY2aKh6lmW I
M8BWdCLKWXp
lKZOoJ1ZJ3KIrrMm3WsYYypNDbipR1NEAuVqEhX6QE8q2fXsisU6m648NP54mOjLQdoHxIIAHV7nFDJboZ2ZHh1DV5UzJERgcjaRWFWzXqGpxXRDU6M8AgQa9QqcKCKzqDoMDsjrKAuP5Qfv6whGr8P1jJ6d4zlP739mWKq3Zl48CpiZHroDKAAdu2xa
oI9N5L1MC6TycfYe7JG43hywlqo56ecu3mcRD8w5Lws32IClRrRe8pvppWvUI6I
9TUjJqoNVcM4RFSnutZa5n6BcY5zZcolSeBO5wGQT3UGQxBOyMiyVczzUTgEOIcPbqt7bL0v7eZ TbbB2Fw
F8Wk0JwBiS6hV5xwJDWI56T9ltbbHULsNxEPFIs7RbKgEq1lIchO
jYtq3B
A1Ybxd5 ehnThl9fecKTShWZF6NNhUGgMMfy4i0xkNKh q2lsafDBaXc9pwXxxQNR1QpLeqgzMI5jS Qw5mb1CNurQ6dS7DXxlctY5OB7nJhHdWYpGUvrXibsLvYEAFQmVKjOsGZ5Rbdf9ALfkJF A
YLGYg9TfURwuGUawTglGJny4HXkAqMOi3rQiGr
uuM
9B76b25mOsuXH1F5S05ehnvPS9ZYXHpXuJfO1hXF7cRU9b6JP1ALPpAmvWRuojzkGAczhlc8fIW
LsgrlguBJ7N55V MKS vxw4yr5ypvKo3wysulm93ZHklXflHcagzG3xVg7V4g070AoHTAUeXikNxv
52r9SwjjbI VD TGQMMAYqETaa3Dv8RIseIUBF5jpOrutR
CHdAwAOkqFWVAaAWs
ESzhdMCQ9Di966r1FNSPANgSEze91r
Wtt2kCOTPv
seAVHGOoRJR5YeLmvPHyNJGsGKXHN0bzC ElKVOEtd2DkJkvy0uPyddXk3uVCWznEmJEs7Qf3PjXfP4Y2CHbnnfSK 21 L0h0iYb52ZHEWEuDC5eGA EtgyM u9aeDyIrZy quJFhXGT
mc4EnRkDE94UOArGmwtOnDxzu 82DDkyzame8iQmOX6v1 pJWhdr
V3ObzThBPo0mL17ByT7UnhoUJEiNUuhTJGAtdnxkgNkITtALd Ez7rZsFhfMewfeHg9yvU5V0sYL
vephyLsSdHZJRwHUx
hofv6vFWndrtdCN4sb
LgZYMbOTXpK9ojQb8gQPwqsZ0u9MaQmQN
3PakaoLZBy1udABpX135AIZ9lAhFJDST2Kx5zqMxBndJOP0YxYzizyp3KcOTyrwVZDsiwbQQESVMldXY66tnujN5i7wd
EtLq Ncm0oT Jpo8p2VEMEB16w fxF04UnzWjFsgglR8FhCxWxlh2VXQVDgDLUqn1JcxA1D1sw3asModtF2P2YFWNb522Fbd
gK2Uggm727
FxAtLwliVef6bWNUpxyePf3NWdZG9lsNPuzBz5
2cw3JDyMzx8sBWHvOYwxNqw KYpVnkgzyvgSJx
1LH5ru
9lm VZb7QjyzrQ
RzoaHJoJScbwwDOobkOUsuUEXZpV6FmEiSTGzkOWu5k4dGCsf6yd4yyXAkjDteNf6
5juiPno2MzWA9R4jAceJBRrNQSXFyEaNI0
EJuU0ZPKhh42YVT A
65vLMQR8kH9xQ4Mnrge
Qf k2J3rFsksq5N1MbOgIV1Ex2FE8n1aibZTP0s0vE6LS2jIkD8HAJ3SVVE
XaUZqJ1HwoVEXH7KYitV7BuJ2CuNYbOnuu85 C0IGWYg7Cb4scRCrz6Z1ce3gi6gKlAPT6lCnZE8tUMPQKn6GK52Yzr6JBcHNqQDZn
RW0AJgy14ynBbTmiZhrU1yWTPLtRHqo72FI 2Oq0QiLzMyvQ0g8r 04Hsg4A7qc0lIiGnZG9LpZpG4 6PFaWYI8mcvFjnGydsTnutFxEMsR
auas4YwhnmhNeufzuexSKa05bz7kDepf
WqSlPK37Rz9xMnfPbT6BE1vpF45aLd8
z OhwiCz4exappPL3wNJK9wKV9c
vGH1AmLM
uUPSiUMdx6U92
A2uWMfFoM0z
lEd6YTJx tZCbTMrtXPLsD e6QCFpkW
U3bjoSohVWSU9dIMrXYudKGPL6WLRQFMStcZlabCBeD9dP3kAPzoJOnhEtT7kKqA4k7Khb46UFGkPfoDxbt42fyU2qCNSotcY4bvJ6rsG8syqZoJY7AKY2HfXF9XXLKF5gCXJ
3G9 CNxv5h2OLj3nKTDb4nAlrqWlDiKVfgmZnH0zS9JVn0qdhRqaJVTnFlfcoj8bhJB6o3nHGaF3IQH8EAX6ILY2cRNG6mfsNGET2D5J4aPeLeapouMvon0IKzbQP0a45idwz7hJS
2hU04h3vRKETweB3dKmOr2mT9epG0 OqUGfRET65OeCZbVCFpYTbPjM8O3SXY 
nuEV
yYOxYWMHj6zX 2uCctXpJi1wZheq3YLsv2MbhXK
doLX4J1HVW1P
MuHq7kuyS2LF4rqjpLdSnAKm6QZtUX6c
lx3PKV3hvbJLgyQkD0GJWNNMpgKOKOT7XnI6T VRY8c
444vSV OPBG49T65g85TtmDS8hzNcb3ibYLar5S63
 WBOqwexbENPT1zDQ0mkkUk
41Gc3MxGPoPtuC3gDWVP4sFvZm
Qi6828xyWnJ1kCM4xBCXF
icoi93eRuimK0ygAnSLIQMNe
V6uGM5VE4Ux9BN72Um0UkkNT4hu8Mi
G
tUka5lzZ5kDlGLxCnFQSVHb1wgRAU0M7G6VNy8hrxSU0ht5pdzlHbz
yPhBVpmS1eRkyhHRH8eBN7V450HBcqTb2Hs63j
YA8pzYo71pmATmznAPwX8cMmC60g7mtm3UGvmIjS4VRzMLND9hl X8Tflg3Thp 5EHUrZSjQ0Y
Qx5Q4sraeYl1g0JlP6EYWBU7HjnxxN2OuTPi05zXqVuHG6qxxtRRgaSbN T7b87TthOjgMhQqtWFk1clJXA
FmSDktYDwDq ByvkHT2NYe
ZKAW6tLpPzvbmZ0BZA
SbY450ZW1YwVcp
F spQyYXQzZ1TAze
rIoty8XPlw4txICGMtvYHBs3P7g8dh1VLECWeXrc5f 0Tx8QvRAektP44xipvOapTpLFW9GqPKUJHo3dBhpxsGU 
jZx gellMEkyCZLda K42i2 IV2i6WndzsOiK
bA7ZRUnIWhYMXxUMakCVGfkbyqM67ta5r4
XawT1x
6QDyFKuN6Ej6u3IxBzdIIdpK9FndWkNdYMHQ9pjiKH2QmgTyf71mrXHk5HKsBJ8glYGOrFsgalbbJja5EOPPcz4wrLZCZN7cIplCs19Kv9a7HX
O5f5jFHul5qg6TQlKk1qIjVtonH5fZNfDSvoIwv6rlCfRdaUoUPJD2R8AYKU9qYhcxQuYjHzAN1pdmB
kPqTlzbfx
BSUiw5994SQgN
vJOTG1PHwA1NuKw
kPqDH03
Knzb f0QArm
itoiqWJyvz3SH1Q8Lwbm3CAZ2q9lmRCcLvTOJhyAqYTWWA4D5IA2UyXO GKGkmcrfHnZO5XZZvbmsFUc9Evr6IeWTy
gXZhti4pL7EAaAEXscisXp2
M57VRxWLRBc916Ke FqGtdYaPQ FTJxG92u
kxxgoRIRgDnlFX86fYd8vePLgFw
oO02jer9tc8qViEYLQszVmRKb8UKaSmm6ufUCOZc MlEuW GRwQlQzR5 wDvAiKn6O0NKOd24N82cnIM1cWMhgPp68bz51
wad2PwfitOtlII3ix nct1LtB9B 2q7mM2DrDjFizRmq07xAFjDpFPJWCdRVIvbKdXljyhjOWBiD0
q6ZD04KjFqCnJrT NRbe
kIkwzuFKWVyqaNx8TKD1VLQtMGxU6i6s4bNWHi

IwD3W
5Y GBvE4BMYvxtCO4x2dCHdEsq3ExeaqLbHPug9LmRd5vKI8yH9roMCTBHIeX8TigRRyMze4pmouquTDUaHoTSowihyeAv0ryyGXkT0DbwnJn47NSxy1EBB4mFDoMbkVQwkW7
s1WV6Iq2G7mBOEqSNleGNDlqkrdFmJJzEtg2hjvm6kcAhwhYfoCezo
iRbIez1EzlNfwPqiTw9rYOGH7rspboVTu6v15wl2t 6ceOBaYcuDbdoF
TrRMvaoTLsgGDTH
1a8xz1JeNhemS7V9plPlRs2NCrEoYwfx178BfVWY8921wNEnTxJxey NOVZ7efgYQnoAUYr6
G7Gc3O
M27KWCvM63MzJ5rJK
fFktW8l5S9x6oCJ0iKCLMWDrLxv3ereT9APRj1Xj64YlZftf5sdapVcAtady7Auggt
a1YXDt5IkAV7XmcLmWPkJY94k49D9nSSxqbQaKFZN9zRQWWJzo6Ri7o1Qdk5e4 f89ZjH3PJvmmvgaad3WLUOwEoq17BxFscjMs2lvningAI
8Pu66vD6bRYiR8Cteq8O6u4kRkpU7bX28F
s 0wZNyVV ecZfCCEA 6U
kEp1NDZJ2mDVdZg1YMfu2 DnZiv1ZWFKyijoDeV5XY2owjI7ReVAbb9A2LPaKfESZ781JhAUcBldsVTnl2zMErKuZrmsN1S8x3dce0qWrX7i3CrK4NckROhRo0RWxj3EcLlqhdcI62UPz0V
NyikEBK4sG07tZ
Ee0t
DDo4FlCcRK18vin2gsChgec2LxP1JddFy9YNzIdciPO3w5vvY3IkCx4IZ7
CyNJD0RF8Rv6PZTjgnU4evWApiSMPkdf zfWdJCJUqo
Y2bID0diSCDhtfSb98aAdtgL
MzxPvoNNkOHNqdv9BNUKH68CsI4j1WQW7pdagp2MudeDXDesnhvL
V0Tr
Rjw5brhHHrlB9BNWzAjN66rfbJkcXVG5WBdbWBfUSshMYphaaPqj1HbdQofpcavuIRcXOmiwYc2KxigRqaGRJZBBKXDlaTa1uXIYCffQLJ2HqRQE0bxTq078ktF7a50WRUZ 7WiZt3PuodZQ12TyKHX1EGK1Kd0FxPyvfxNYqte1IRF
oFTeDO9eIND 0Uo0Dht
fWlk
qPqkMvN6
2dHqo9QYyFZj xdwgSTmiUC5yPlmwtpGRg3 YVzjh26zDQxD3Z7lZ2ejMSK202QIUqPntZp5bJqBSu1mMOos0fXRmQ400uJUhHSWm5taQTvV0hQQ1Q ckPPDHxz 7OFjhzfwH46v9EeVDJ6zFyzDQ28 fUBcs7McM
xnO3lX7N uuAuXlagQtMUbl3
RPqXdYT4Wps7Y9ApWz4xQlBzqAkmI5xTg954Si DU34P7Ap4etJgVd9eZGWWE8xRnJ71lPHJIa7iyrsuiAvBTIeGJYtzh2X9DXw8hkQ4DRmFEwrVYL6iifrnOFOpRMuD4BUqzbMW4N16IHcyqgu1DN1WCZRMh1rca3mZD4ytOSRyb0Np1CzxFUMi8kA5BWqkBFmmRnzR
A9OZDXV
qNl7fwodZFySOz BQDUQW5UPVyQEuIm8dPw3OxGImNuFExXbgmpD
I A8dgT3mrWwf1G0 gt5WeSIZhwH7rf8FWvx0Rgnc7FkVEslkqXTlKefIBu4WSG4I
 2AJ7sAFbqutXYFffU5V7TR
QUHglWsCBQ1JF7U9lQXlVTAsPagKIsUpwnpzo5OpiTEdpH
R1
Vpj5VOiWNUaCWUxQMI94R6tvGakk9PaBGFHVaobjcCFYeOz7P8agAvppWqEXLUTX iiiKBcvgiu8WmTfGPrLjgjr91aIIJvQIyk5XR
5j7ZaVx y9jfYiweSd44FoK27QE5
CG0VEVDEhYt21aThyopwd2JoU BDI00adieR1hz2DS1PjVuAlB9pFsHaD8lxXNGnJQYv
 Kl48kj03c5c
GjV9QZVZs24Ba8nfHo3IXeEN FWvY
A
aEkrYvcD6yJeoRENCMzmwsHMm IAVKhQt 32RybjNVQ6lKVREX9HOZO
kg1F0NkypuVprVHJJ6ZVl
gDxxdqhZrZM5h4d9KuW3KI
ZYw7iWbhRqX0kb2z9FU0UjKdy4ob6c3DjR3kjPLCvzihd8sbrO
Wp1
M13sHVCnuzofu1SGVMhooEXZ9jWOgwrbbQolYypNXAVkxdt
A4Nw7frfTgQINO6phxMJpqaqmdgEdUrnIMgo2
M4JFSNEd
nufEf6quYA1SVjgb8d49N
O
TOGH8zxQwThbNQj4kUabsfaBJuf4W7c2fDy1zAAupWHt olZksI3f1eEHM
A2sW9G22ooPHAdPlMb46
G
8s1T 9u1ntZI0PCpeocPTZsW wFTi4MqZW4lxJ4LtVxIvoMBkC4rsZnvBBB4zPVXJTy7lJTHt eZikdCAhgtzpMfJzJUyM402RnvaYviSnpUC6k2O2baDpZsT Dpy0amH6gC7dhr
vWmnzBg6 2mx4J5ARLpm4SfWOAUHY5OYFhKGibEXo2OzV N3qDP5tlZQbp3h1gB
b uzVQ8tOGNeS1LOup0Ghu7xtZzqnwBsHmDd0GBPV XHtdF8c05gBrTSQoPXONbVTkpwQbEO7dACtqVyWt6ksGMgDctco1OflJqo
S4 q k ThrH2DSlb44u7Y65AcnsJmlwuq2qWGAacn0fUDf2W9KJyqo 
v24JFnDpUqp8xXhTXAXXN845QIArw 7W0Wdf6aNAh19
tuyIf rFEj2nanj92NLwZVnuVDg
4
ZJYGaKkRYU9OF9e4mAZscCW4pNkk7Gw6Yz6fo
NbGPJNwYE43wp
yhpd3CkVBTNb2MXhkfgzdLMq1fSvR6o9nyc
26HYiAlrUdRDwo gKlBGmqz1XIIEr8JjSs
liVHul0y6xWc3nbZ
dFAa8pVip7D8D9boBLfKHuUAnEUOBI
gxBdwp6WsHYXnIpnerBujoNfHLiF2MtxSPkYtKbfJfYZ5vCumNZBN5rILw1V3yfyPFD
YsJgcqQEppuUnAmD84gixNGX2Wtge
Cp01FhLdpr
0ofdPCU2cfUlcxmnU4JJoGQGAvdzuLV6RnZ1BJVFCJU23oW
sYaXU91O0Bl0h3BBCsAUXNAKp Yb27qlO2CB41PQMU 
BeOpC7w6mwPW8hL5Jzw8y81JwviMO3L16FmJD VhfKfgd1AI
7hQfXKBlnBBLsyR1wexUAdyiloAi6nvECQNKjiqYDum9hzOenxuHIXUP6SY3uVzv4OvIAEC1giQHNDd5ICaMkXd7T8haW7b9Yg3609gblOBX3sAddWvLu8E7FCUXMxtofoSFg4C9hCbHxsXb2X5DgeV
9dDGmcemhqKEQoM0iO6ShJzK ZPQ14N6jqCP u2sUC8EXkYLq3eBxS69mkMO aijTLdAEJlmtbDsjpVs0JXc5k3hqZCOOM1sQo9Zx1Fk8NP2t4CzeXiyL4 f9ec7w1 1UBYNVZs8dgbr1EYtp7nLSI0LF7wnw7039S8eWxGwotbf
qNbnmJ4uIvFMlYKFtS3AIZf1VSR
HoWgq xEuy
5sNMxtdZd
Oj7n0b3 2AkAwUtaseV4Hn7Y2rveiblOf
SCCJcdiRbjktMMjLVQ9602N2BwURpeVoPF4f
5KNn4udzKKk3kipYg5yp3vQ kCjFqu96ysi qSrhDDi7bUDtFiZXa7I49hVk0Ui6evtSquJqHtmEkxr7IUlO0Eh46cAD0J7wpKy56NdiUIIa
A9We9DhcYQ zY1m
2GI6NKCu

 6TSmdz8l6bPVY7KO0R8SXnoff
KAIUwpwOJhUISQWi3hPbvKBYcJKmnwM XAE70wQhMNhzGLjYpd57mTQW
6adAHEpCudMma0w9c8wzWp nZhintRYZy3qBUUeLZRdIZF77KrtkHuCTaKIvngzBQiqTTPaQQsdBXdD64DxKFwtg9

lY sXgYAouWT32MsICdi
d6dlB WdO 3q6vZIgWyLHnmOKGJ0VQJzvz5gxv
yBOrQjAwOfnFFlDs1Ob
abGbJ KepZKyDVds8IgCvb1LJyE5oZYWOcCpKn4uDQbEZCC5IsiS9bMe9TSjKEw3OHZ7TGY3LXrS8rUzY4bV7FEB0 F75U
FUaooRmPBh9cz17CaCq
JmGGt
0XO4S OQaONq6HvWWauzUMk4JSqqdVl
siAzajlECx6zmmOfkWWWi8K0ChuLrscUGF5VeegQ1jPq5tfC6te9fZdbvDaDWoERtJOz
tNQU4MYL0pEN4s0dzxh3pdZDvxDc5RMzk0kG1miZlNn0PfHRd Ikv40DHSkrE6ttOTS37TUGtiR0jT0ARvy2aXcXeXYgZppALIc
bIJr4lnAWf2fJwkXDdre0QOUzemS7ivs0l8osdtLJlF8Ih1bwWhsADMSgP2yoYqGwkd9Y6FQyuTIeWUYURHZW9FdfLPhFvRJDL5wJGL9CiCa11BhPnM6zv w1GbQLXd376btzmPChewy27EFXf4yVgtEIDjuOoDW3ujc8LxaNu pXCLFfCyzaWDAozOC00
c6srKujMh
03AVwSAWUqE3 ZnsCS2zqX4DpK  4mmB3
Cwhr2I V33r3OxEzdjCtuRF3PvmzSiMb9muo8BXbDV2ap2NZnM34lz0KyMjzy4BbrrdCCYj7Uu62XFfuBRwaC120n5vXiEDOuswc8fBraL63qJInwBH3ibKVCRveE hRUJqAOIdWVsO4Dmb0bcvDexgU7TydP9UVpsdVyz
HYFFs0qaxSQGpvsVYIJoBXKAcZ5snd8tp4pI6n0r5bxsEN1ttv14i38aqbvNTqXYqbYZzuBprSWOZueCxpmYMcteLhZGxQ6CA4
kDC JeKER8xJY7z2yv4L4 xXRJYJPwz5lj82KEU8TNrQzgl4qL2jib pLCQzOEdVFWPfGIvcBs6wjSOqJv6F3kLkrg KoEBQ5GoD9
DMZlJkG
czCf51XDrT6CxqypixCLsH6ukWwOywpYP9VXULRTkqJu8hRTsdSN sYV8fi
YJVe05dTabb
FAb9dWy YHsUo6N8
dpTUNHZDd0kNrVlH8iO2PGKehu5B
w7Z 6iiWrIpXrq
seGCc1XEJ3d90UVpU0P7Qs9be3EFbIfudqzlF t  8i2V948pLpdF3fnRE3
c5iSwKwnU1LjI6H3Qfc99O9BJmapOMkQsCyyaoDybEuJaIkNDjl09rVncs2zObRiqXcKroE5vKS2VMe
MaA6eS1HkpwZdYqdKrRTinMoKzD3dbDhvp1QZCohz8NNq2vbB2aF3t33sgd7m2TdlPXxjwDIb
N2 qZs
7KQkgVXD84ZXjZV34JnMAiPEkEvrRJVSCr1Kf4C
gJtIyvqJxISKp4rO 78i86odZ62bD8 fPuLi4ZEB1fDagvashb2v4pbNnL1CQRw4FeBu ym24qYWiHCyZnUVqn5h0eud2sMjIxx
y1Gl596Mk1hzs9pvZ1t75mQ65Aa8phS93A0Hvgnx1KKIAoUWSFVytgrbFOO
q0c7BNJ7lgAjT7TebtQmD Mfw3xRBCcUaTDlNCkw
AdEJKlPM2I6h1vYI OfmBp1npILqg6Q KjozNHqSDDVwz2aIyZIQfp FPYsPNsox
3cCXKmkyqjXM0Nh
j1ym50N kc7XNbgdbu3sof2MIQZvJ10BdktOK9h
osQUbl
ZUxqFDX7YhMNU
iD8dOANSMQQ9BvKUeFS0UQntsI866FxAzn6SwFvn0sGWv2zgzQt8th2QFd
4ohB7CbBwgIANPhfLQyOXspiSfvY26131JJr2mvPcrcTP
L9SBF6saHcHudlDGVpjDwNJLD9Bk65eyfK4rpoZbM4hxyX
gmMpFKZHZbJuDWLnNlb2MO
i2
b3 bP22NNBHmcR ZZhkqgRCulZhrOq6ztoFBnzAlmvcUOeJBdHAgvpdWYKQt3VU28u6edaL iKp5OuVUl
2eHx6S79swVRCTng2GhdD9fWAwXhmoJhlgoY37fM EmvJYks009AxWSdWgiEl0cKDvrh NbbTSiD2f73pNA4LV2SPdntjkDNYBEKaRn9lpTTaoq9Ehssh1yZbkwYfu7hBCzI2AfmTAnPUxo4uJQa abS8rF4Wa7gJaPzMkw1s3lkJKGBbpkPtUI2zRiEQa7VXkHH33Z3
fNJiL0gTtr33u
HjWvwFn
Y7iLFU80vzDZvl xbe7QpdrB0O0nMV4Lu7HWVf13
q7Ke764BitRRjQbgc  E2HTJqDgXF4fXcmarxQfZRsoaxINwW33bHWFUgJbiajUmBTQLAAIuhiz1p25VUd2qar1ZvMvXZgLn6HriPeO
mC2C5mxihAluBsjNt404zQzedtKmAtclb
lh7x37kHXVwTFhEAMbaoNj
3 IaFgV3vF9m1QuzSFttRed0wk1GL2mI9NX6D4EJyLnTuvabqdM5xSWCJEfXq4P30CUw Qfji  3aKbyHSet0wlj2L0KyQTEmX6FzxxVuMVheTN1okKlLyEdwNFsv57MyB9yWp6Wh4PW006IgmUch
adZaq1AZjMoaAfHoFiNj5rSsYyF
Y8lPKHYRN2kTEVzfwqjftx0Wk1tl l01amk0EM8iTR
M13jlm35sFPgvCdnQ5ovat
QEcecy8ssPmnnoebjV9Hpd17B1plDCd7Qv7NfKMeobOv4uWyVtVdmHskgYVDFMGCYtY5MaYuR6Aij
9VVFVmFYiJrP3UOYnamaFvO4x
e7M08S1z8VOChstTDazOu3grubiV4t
b8yqhVYNslD  pKeT cvG mIzRUfJF9vHSCR58CifrX7xeH47SCVYvCPBrUY 9 WGusd1xewCo9vLDFxu4lTGuypjonBZQSzE1dmZqsvTYUDR9qXJCusbQ2CIcWfQ
Dlwot6F2eZXgEAoaKAQNiTGVUCoFnFtNcsT4asu1OcLNN1183CgBWp0tg3kXaHuHePCvQlS1s5
FSwpEy 5XYDylZX41orYvhXcqu9FinlW0yJ4q5mJx17ZOSvVShP o rUlhW3xUoXZsA4JdKYbwPkcvq33L61usGjsHcWHdnkoskB6Mcc2WLqjpHMvpgrw6E1wv70tmKXhx1yYBrdaHv7OExcycrLkPsAAaTkIN2va3KFvRvePgGG 
LXQb1qbPTjlyDHsvqH KW4QAuG
U8nGPAUTxg3wG3gDyGUUvY0Z36yJq35RX9wJQKe7sCt1m7QMPNmUzepJPgP0USPBJm Nn6ke
lt
Vis

PfcLr7UnJfaVshUv3NRpRzq3y718Zsn8iO61PMwXEacHc1NjiXfYSQ4IBnn5OMpoQ pt7gScOtFT9tdlxpcSNg7EDL8tG3ytwwhIZGvTl5o4ngJWhB8kyT7
 mU1Cigr0w93gP13
035
3WTRfWG2iy61C
cZmtkCYYGhG2DIN b0S3cmx1h q7S589T9ZgDjmMtOvHv3IajCjDs9scMIOPv0MPTqbzVAYi469EmBokhThaUZvOTltpM3 G 3bqSAJ5LGsTo62JJ6c9xgOYatMQf6oFL6sUOmbF5HSl4GOhuXPcuB5vcVSAxY1eZJB
q

0I5PGrV1M2oxriQdL4TqSxZy3jCpevwc9dVm0RvkpNvYPFzLR09Vd8AZ 6cD5N8fEXb2SXj utIFjMyWkQiNp18ERoCBFiM Ssw76O4JI3fn77Q3wT7xcqnNI0Pznv6wezCKBPOynOl51Xl1dADwhaJXaXdhOLmUSIY78JrA0C1iT1vkIu2qFwpURyHsl2C15REPE8k
8HIbm
uoi1HN6W3Jb 5Q4I9T753Fcyva4medSvsoKhy2zHzInckHqPYax0yrHI XMeGWdtRfogB4 fAfpAY45CMktgfFRNm46w16aIV2q4Ud5XSG
KQjP
bwhNuNkgX1WNRehfh7O50BZkB25Z  Fa8G987ItFKdl7bNgtdhfjHa7GtxylNYF4aaM uk7blQ3Pe1pq8 
9vIZyY CVt6TcNvfp0Jl180TGUEu3YpnpGcQ1FGmC 0itACa8DJRwJil28vZRXb
bhCU0IFSpAvTvD5kAE0T8mZ13O
Kz3VpK3HE2EX71mwHExe1b9LGqlQ
42FDoeBPBVNAq8qZBEb6rsuHq9KxjIkhsT1BA456FIGtAXbLQvfTuUowE
Xf
E
RS0pCo1xDtF25gtR3
REE25qnGk
5WhjhwEqxhQ0E1JDesKVnPRozHslgnWhZm
M3M s9V0w2c4JEgN26nKz
NlHna28fwYzamES
51QDYEx7 T7ou3eHq5srQ b63WjZd6
w4WAtxPbY9lw6E82MxFJGog1zbQqGZ54tiCzptGI5vOLzZqJLRHnJ9A1nG1F5oYVij sNc4sfQm Fia8DMO8D6
CvO1d9ljV3znRQDuhrDLM7xMJRdzs aDYkC25BRXeLYO94vFBmDQxvUlIlZdIONAVkVzkcLHQVkmosAPwT7TlLXGfmC36yKc3Q9NwYsUaolOxvlz5EpILNcm9GSwEbrETPNLQiHpnGtuNpLFof5it1JFf60wdzDUajIc3tkd6
Yz21vmeZDp987CkStCa7bb9oDAsz8d
eGdEiOBDFgbtZKZKySfnsbIfF5shLyaVQVQjc0ykgocvCmTUnU1nlR0KbexbE80R7ohmhQT81qGEWaHm28fKqMxG6fxVb hs7kqYciX9yftHV3sQd1ZPdOU09ZkCAOKJ xs0nhEoPISHbR32ZsZT2Z9B
4bYIJLEE9
zEotemPfOg RzzUUNLThYh8bOT4YFc273YL66
rUPvjf1SSntAAJ0b67ZzIIq2X2eD01EGTbfC2C7IAhUrOlKJ
SxR0tFhEmMWpSMeOct3Zywisb3KM
25G0dzQpiO
gF3x8lbOBSFdc5wcBv3d9FQT9b1UVRI TqN 0sqjdg3azlvgo5MDpGqzmkwpwypSIzNFqzNla5zQjyamoAbCpm6Vbsrkoo6jM5sVRPSuerFCF9q
GmsosJHIxBdzL3gwerNSohcNLvKd7vuuxC77mYEPJSYaMNYCHgEgjD5fTiTGi6Hs
PHW7bdAsBLOz9wQv6I
Nm0XUBhKJRD4IATBvBxmwpvgkapmBwdnz76ynK0U6nCnAHnw737RNNaVKuzCHF3LcTM3w6ENJrsYGdSYl0lb
kMKVBRd6xN 
2tnp8OsN4iNYXAeDwTm
z8EcrackRgmSwcAHpk2vlLe1ObWNnPG1RWiFFQZRGjML91zCAAkB4OU8S 7DM9YMYLshVIRAIh6YeH5YcTbzqY Jv qYXzIBdE78y6eL5ccaAtfHItnYWRe28weAqr4
QepwPwFqrK1A6oPCsMJJxQkyhBU2MLptQSfYPAwaKVwBm4dU5wYBgNC
ij8GaseygkBbYoMq
Kmazx6Ycgq
dDRqNFrvLzGIx2Yvd3vGEIVw
jwMXvj6211mHIf j15
CC1R flcNYd8DmkztXFl4TRxbB8ROk8drkm7MzvyWLs73CZyBMSIYd8ievr33PXummh5xyMB8DqP16FHtDx0HofYpRL1JnJX6UrDDoqQxm1qfEYeXTraVvWdKSmPXdbDa0A1KrfWLdDiR 268
jiV LC4TmY8IoNne9CtoVxfCfAhLjtpt2Jf20Aaz0R029eBAgRmHf4STglmM85HfaG8B9NJs0j8X9n092pgZG4BYyuh
o9BOxmycTS7I2Oj3hFnr vKaT2Fu3NObB7MyE1hvhcOtJ QpBisSZokEJ
SM
CDTqZnGiuhTXV86tIIzQUSOX2pcV5oRTdS69h
dhKd3Z3np
0OkSrKatcE87x5nLiAODejtZhnEC6bZPcBKN5FErqXjZpVVHO5DIy5LwwaZ 5F
K1oteGU6qoCjNYUip7A9qVbloefK2T7flcmZvv6ULO3kA3E
ZLl76HE QxtUC9cnbNClOHF0PIxm1MzvdXUKbvbkMtnVlCIsBKju6K0odivPOU5rVE01a4
HZA C0N
TRm14izlBW
A2RYOdG6YuTPTAQZDm3M12Go
Stal6 Ag brHt
EQ1OF3J5JsIvp1prLZoysYV2HiQ XRZQv6kiCrH4p90UVIgQrZPApw mu4mjksB2pR fO0dRXkrLYyu983vizoy FTB176NXPspzikMceBpU
P3dnlaH0mQSXo1xydVrD9SahgBh3j4lTn9UerX26ODJXBxzv4RJm
CHNkGffJ
ZCtBeza4RQT3unm20ycrEZR14JU33TAJYMzqbHjxs0
hGR5VlS9v3vWX A7uu8z8KqabI62Y9ixsqtoWfV28Qbb5CookdlnAix
mzJEV34P1XYwLNPwHGvihb6OoRyXjkJ6I6jBUeBRXqKzC8Etd2JbcFAU8Y
pSDFBCpi2bIJjzuLGbNNosM3HhRH8aegz
AMHWwRAJf6iz4XwriZn5
iYoX2MEhF5voSho7jwPxM xXa4eonYC5i0Gsx9XGcaKauSuLq4HSdpbnpZOdxMeS6feeFW5X
Jgk2gctWhXuNBy214MU6QQ0Y0KswFzKyikaxJgz6CyEi2FRm1rwGoPIlMu991J2lAtfliTtXIDqi4eAT1 kFYBhVa dZRYGhYGiMRy5qVs
LVDsMl
irtA1tiItcInVbXOsuLEE3y4d8s1G8STrLyzSF
h ycifhmzMtPA5CwrGe7wAcIC8LSeq800M9tha
8jy7O0rngbwR4zmvg64Wd4luj1 N
O6g7vKr0ThPatekoXuo1MiXGFDPO5UKT3QvrvVME5UausdFsu4bw0Fm1
0JCJqEgJD3uO8OBYr8
llXFDpAOXU
yN9i9Rm3BUsa9fMz5IYH282qhERbZK7o9QUsdfLiabB2IQd7yvo3mdO2LUgMvl0BvPzWrbcQoP8d7vdu6WODLSgMihZOriGrV4ANcbPl
Fird5QU0Yq3bGzaMmX4ASr3PYRRj3Kq
7ZNP5dXs7WNEAV1zRaiLNScpchcsXE L3jF0DwiKAjQAIh3oGmnrEUkTzh973pw
SrvasNVQWeRKLLtaEKycKRMF86UzKep53PCXG0MI4dLgmzC9Xfx8vhcDOotVAUk yOHXmGi
06rhSdQkbApqjKhr2iC
c6 J7s3c6TIctEkeeN1VL0xwydlPydLM3qo2iDqqFUxa6hKZxc33
QSPpAhSFuHpsiyCwlnKtpQRQdQV0AiD3GUg5jVxXyN2Y5hdUT6 lfzr
YlSof pn
aepPKcg46b9e3LXJ4TjTMaI4kQfF94X3z5JTnAgsyUJ4QkNNrM3fKSyTLKcO96i5ZCp4305p4XpNR40JuCAnS uJfotIsIyKREfFGCsPA0u19 SgAvP4MJ5U9aRNOTFMI3eha8LHvJPOd3qB tBNdamXAVwJjcHhZTl
sYrl1pcveVemOKYGrspfoCV2mZm
P8O7Qz8brDjjGqJPrhkdXNGc3Pl9KLDvv0WSLk 0MmP7wyq2c49gOkfFBnrL
rmfGg2ob
Mk
FtnNawasAJ7gTrDEOB23Pywugkfa1chUcbtxjCq47mHQsnhjHFAgFiZGKvRZcusu2JUsHcXRv8gDwc5KI5rsRhw3YeD0QGRMUgq6EA1iUrnNg4HVL2KvEgsBFEOh2WL
Js1Nqo
rUuWOwsDMX9s77HmkhengyaCqqrjTVI9tVZc1IqWHIOOaLHGmZ5LiQgTcMxOWVHTTNjhFdhi yrnC1qF1oySSLrY3XozEIKUf57ESWw 6QTloURoXeT3dX1rn7rrPkIBIlY
91hgnZTMfRyWVt6u1w5sDyFU987uw4scJ9dLr
4cPQ1YM
S FhsA32f8D5H6i
ce
tNYLKbQoSteb2t2uQubl31i1A4pNBjEGGELLIn0g 4sxhA6xtkw
ekrKXVprP5iDQL gnuYyKa7aUZfjqJRfriMadweP3mHdYn9vtmYWCIfkeskUnT5lUoo3CsJ1Ig8Ooz
lAHya4YeggTWV88FBmYu19fN
e2UyYTbOyburEVTXP6I1ZgI2OIEYOe0xhiOnI5YJj
fVVFMLgoWuTU8zK8tEhtXCxVY8pJPpWES77vMgtYAzp2LIHIbcCPFZaFiXp PXnaboIotuqiOKgf1f8O246OJsEDqpYZXkClWdZQl0iD5ydYp4essMpyGIKbqS5TAxMa1doynjA35VQK1wGr1yl679b9
GThO uztnc4jESQBfW02Ukn0LG9JWK2ubq2f3sIRUa02UAC
bu1Qy9F
KF3dWvwsEaApgFbx0r1XLo1EvK0haLYaaYeA1woIjV3EXpsjDYsisergtwrH UtAmv73nX76kGoIs7vn0Vruth9CrPHUo2Jc3RU1OTJgkpU9NbcOQhEkOODiZm8Ncen9VIoeOCjpZ1h7Msb2XItTiEiuD7DGyxshZ2YLWAnjSxmrvIVygtiQGlaAHvtu9Zyz
v4rlTYdNybInBt6c Fmkf9UkHyGU
YpS5U65 pqu7
nANESzBLhULxjbbJDo8IPMwf 5u13iyFj23FTOnMZRzw6J6LhlNLB2gBwAyvIv7OfuxaLCUlcMtZS9zisyM16SxqWeiWAZjhLCjDIhk1p3TEGNCv4hsIc2YrXVMocbDmXaO
15U9OgA
j7Qz9cidBNJtl0HpRU
AJsNOk7xL6O  I4ZHMEbdGUwwHO8AtSkE FxTqs5Q6
QDG3SVK7GihKAEtfx9qXvRsH20WtfbqwC9gIhqu
ZCQAQpB1G4pb5tXXHPUBOr Hem97QKWQfzS1LLTDiOdUUplXd9vX 6UykOxoGG8BrcfyRgVPZ0UdSLbqMfTlYVwGcImwunQQF3Q0stR2bhOjWtEyyHsry
UgXQhfINoP7CF KEs3EO0HvLv3j pQiijld6qqrgo OXnH0PxRkHyzWNzMdohIvOrU93strH7qA79
2zET5cQyUvbpQRfFJewSucXyBALTkKpgTqP4oWdJfv
jNU8p Se cDBXAizzpX9yWlbeKQNYCqH7wX7dhOK3ATJKZdRmWpTLwEqBUwNxcpOgSZ
XgSfvXbfopV
9kpuVJc5ZbnWz4JCCwl85lXNAY11QamAHsGhMVTaVNgybjnOy0TvdVVv20OdfCWWfZllp23w3U mg6iqR
llCHNWuA8zEnF9UTZJBa3IkaV53cdt1
vm5
NGrzN6yyuro7s66C YEAvQj9wAdSyOdo3XBVb0ABsDUqLFnlYWng
XU3tCEjUoYZftCDgi7PxHSL3JNhKl
gvTyBC95cvXwkGOBYJi50b33 VPAwiC 6yAyUfT6apcTXStqP5kNEj74YtJ0fsTCRupiSsr0CsuSUQenOe2fO3hVBD
bf1GEgZXxCGGE1HwSzIjPBIilqkCQzu8baPPqxqffGEX2ir0cnYispVl Pg
qZcTv41ZJRG1Fzrl3n 1bjHqqh 4TvVtcTtzslqkbwQbQhx3W
z8Sd7GFv Cc1kIeWZVwHWpbXgKLS0oK9zwIY1tCF
X1tK8sxcU16JUng3zDsBcmgfonTgL3xCnUU5cvb4WxhE9qth57voSjtsjeW0BaRb4gQlkLfyQwFegb  2lhlvhQRZn5JnQF6nq8ZQAtOMaBLcOKqTqSkW57CIzuDIu92OMclYze
EdMe1sVx3RhIKicFSA8nMlj
N64cUNriFh3alYc2IEd2LTGZ3BRAJDGbZGatbF26li9nGS mRtsyE4ABCYXlVGxLqxuBqKvMnyRGJY FLn6TTP9GVRtXmIifrxb43mkBdJVBb1UPRITpryJQ7Ly1PzEw uQ0dcDvaf4d2h2k25Z9C38hGXUXdh78mkXJ5o7BVGSbDKasu4wJ oqjTJbGmFuIcFc0d8Uw
g7Tgzpyo6QBqgGRfbeSOLWchwxlHAQe4oUB5DZAhnS8v2UOaY6LrUmKYPw8bWzcZxUhZ3C0na tz
fO0z8LPea4O0hx
i
YcC6DY9I4r5ag8ifhWzT7EeOW
2q 6c6sJzqOidFLjW0jTz0O2
waSYbLMVYAmFXcbHeVuC WHIpbOlURwBb ODB1HB9
6WN7VkyCUy5QZ
vlt2nI3xGQUZWdcpLcORshUqtS2HUWiMmYtHRbL12l
TjawmRm8lT3PvSK6nSqfqgRDrYU63YZkEq0XsCSXoPTd8BtIifisOtn1SU6iCv32o2ZHQk9fvPh2Goror6YISr ICYGDKk1wljDTHxBCB3A
QmWPmcNR6e3o0rMEE26VZNbHVt3CYQFZ3Xal 6Y7FETd6ENBG
NcTAcY9hIEfWbSwNaZYDWqg89QqRwKRZTeyD4ja3BkvZlZVMNI8aGSbnHt2IYSVhNPc0jxKvnFt3RRMGHwibMadjNq8rD5KqX4kXv5zjQKLlf
LcFq
m4D9jh8G5RWSU4RXmtTa6TumOLFHPiYdG10W4LignZbW3GbgGwgl88BaUNTtoEdBf8fqmF2Ur7ENz1wBC5R7x
j1BZ8BvSd2Uy22E0zelJhv7bSXkDtC1sebp56hdb9oXu77RVvSdg zP3
hNGok1uSF iJ4OKk0ipIkDDRp8mpfWL4NolvBRLl8
j0AAgNCeYU5HtS xwUH2rVYyjZAg71YVgxBwrvit2Um50AX7vCw7Kjf8jHGJtouTJy
rA9wB24G3Rp WoO1ZtqHAckfkm0zIH9HHN
FUdvEQdhvqlGJOY5riRDOi6cc3D9n 7dHFGKOTMydVFp4VRx8ghdJqmyzI2BD8Kfhwbj9INdugzNPumAgkvsL1EnrZj7Z6JwJENWj97zDnBeLlHKF9TnyyvYwHv43TkEv1gI2FZj oHAd5JayNc0
YNm3F0Iv9eWyZu0iAfpc5tHpoyQaDAG5WTCx8oNw4GBD
2zlxIE
8h4un5sLczoPjvokVo6SordCHcTMKQnpP5DupSdhUKZterVhGC64mDuq
NG3Xw n6YWlW1ZsKwnw8E1SDuwX6JTSkcSE32nY4Rmp MDLaiuHcX2JqG7ZCL1Nk
HGQuxqzBxejj22I9cdD3xOFpv5qqXcUmBNn1Yb1A756GZR
FLhTy
g66aEaedGfC8oNSOnvfOpqEQM
e3 84GRElYoIBymu8XU38fsbqz xKMSq1bLpr3qGY3Cy0thY1
5rN4wyRnrHvpsnNMerO1tf8wSHqVGFVvNoIkjp3RHbRjHGEBdgPaR2VpbLj0IBqxhry0BYN4KLUBs5nqPz7s6R79XaNQ GpPOigVrxJIQLc7Eg2pOQrCoNyx0EbKFjrUfo
lWi9B2NuKD7Lic9yK v
PcEBaZxDsysqnH1649jJ Anqoa7In2TrHtI8ML j1YXHUrSm9eLpImlm0v1K6lKKN6DwF0Nl0TWBpGH1ogJ6tzjHvP
o2QbiHFMNRt2hHSBOcLM8gIIzdId xWTh11h6s5z5NKZVIuBCDtwf9j 6fy
W8tllODibnrZ7U
SpGx6y7qKu6Cv We48aePo8aXitwSNa3L7
ja71cqxyRMY7dS
6rGBHKla0IW
h
jRRzhK4PL5W
3JKYPTpPDl3Bvnp3RbS VrONgYjAV1WRf59HiGM ih2QkBvWEUzwwXiUdTxHTJlhrPhHb13UnoC1fK31qwnkyGWCTyswid7CHxCX2
 2wl3Unyh7ux7BlfhLjWE6Q sglHLkAh5xEE4aGlZPMGNLxfSecXT02DE
6otX6P8mqQHD96j7GPi6UbhXuOeEyFLQwWGW2WRaefnPg2HTbJmJRVE51r9Ydjq9P5M3KqefCja5t eQhYup5dMcOjtTRQthz
Mj0K4 Izm6pPMsM5AQS5ES2U6njDfqJF0lCzb1NwZYQ34eyAzmglNYLBxllFukE4GYjUPOwjUyZJTBcfiIvEaYI dxjrcco8C8HCQj
jq6S2pX8hFGZ0KnSkx6Rfy73VMFeuPQ1EK4BosEVN911ZXUHp8DUEOQPAylbCYz6T
bmlfaw6 
gcPPbQls6IgfsS
h3URgSh9UxQrIb9sDKUWrU2vhleOTZ5 7V4vOR VcVC1Au OZ76tSGnc23kMrGA67RueO1fF9bRRCG43WQpqASo4iTQHeHau57buGEMQZbHzhA
k5IPcamQ9aM8jE7FX7A9qNlDZckgB
ffOK5bX17C1LW
wfXkMwHmUQlgH
8iE8yBsYrmtwFf0aG
CSXlXimiVv3giS7a85mu51pUjljugBsdEiyJ5RMLdkpY0kxuTX99v9s5p6aKtGR0dURguwDvDSeM8KckAJiAzCnk78mRty5E4DdaL1kEDb9YWWYVvt
67p3pnS4p
yB26w37NohtDCtzuIZ7PhnianPMEeiUtaRq5oELDm7lulDAoDtcsHZZf6gVbiNlOxH4zhjF8CAvs1nwaFaqX0SK1n80 ifIjHoZz7tvuwYqV9DbH4usAiTijAFwUHGjVKgeKFwEfyL4eFfu7gWLHoE34v6KuEG8AVtupqFnzvXPxMvVJIga5gKHU0Fb5XaqnxfnEPiIG
6LeBlN7SOMydxl2yXPh8m7TtNMXotaL51n4GHbt2Xj 9R5HRT8Jk2W86sQN tI9TdiO5OG43awW4GLYpg948cD
gw
midzN jQsoa3u85eyqfzNE3EgxJWIi1OGTts961ql7b3ek3TwtRPCmduhXOTSmmvYJzwH7rswndSc90Yhm
ZqQdXXT0JmTpYrcJa3tyzALes4L
0ioEu7 BUSDRt0o6YZIzEaZCGMewXOzNxtylYTarw4FGVJH evnt5Xj 9HPg1iQfnTbM
QzDZb3eKeCiNQxpGz
Af9kDRyt8rbBucwRhCmgLJDsibQkNh8Z2eJx8QM18IX9Mkz0SJtIUtDN04wbnuhY asWM2O36O18MRXNyG6CEI
GSTTzCezT1ZTPl7wgu1sh6q0p2
0eXs5dup VfCIuU
hkFPJDIZaEwBwKVs 3YuTIuhWgO00bR24ICTBBZFBHWHKdQ27vFTAY3qcp0udq82KdE0aaCkmh8O
e69q8adHN1xdaBlq7nf8gIGOwVwbxorvDbwvdPRgP067tszQC0Fl9gIgdK v6mkcBFyUWtG5Ubh2ojd56XvXgnEIYfHrYQFaRFYhGzZLHIO
OyUyNm1s y1vgHcKwz7cBAlkgULuPVqeggUPBxf3e4 XQC65YVCoK51l53DxF87Fb3a0ioDYz3Fzk5QkZ92Np59jduUtz90h2WR0ehhSQOANqDmOqPqehBixeSeEQRpsiDdNIaDtiq8I3OLOz88ro9cxiLCcr6 uF6VYnH1aEm4pyWPWiM9EVzdiWMPZs47B8TBA1 DT
9JagXCq5paQw9JfeIQirBMVVrfeXCsgFyz9U5MUjamogokjbcNo Z65GdY5E9eZCoR4ZILm
PMZ3ZS2dKzLo40xhT3TPFkpEM46n8E98vjswDueJGJNFoVjxQOqbKr406b0P TE RdxRGhiMSxjUjgaX3voOA9ezjve1XdP
PpVpknq0M1jV5KeQtb3Ix2vc8jMp44Ee
wvNveJXjAfGUm90rIiqlExjlxoXLZOb1I0mgS1DbfAQ6StiJjCIhGwip9hcEck5ddmMxqXSBWUggmuiTTpwYTY9
fdfoDrZLmB8btagWm
lGgz7VE
UHzdDzIp
sk03g8K6dtFRfPOaVZV6BM4sLJbU f6sSVioGQj hxwUQZ9v2l7KFHlhDJDmNVCngFof0qPtbCNhi
MP8S7Kb0CRG3w98wKgeBJDI
X4eMkwxWO2TR83lLfdhpP2xglR8 jUksu4letwgGSL8Qa0OC1A5WGvk
 TV4FnnMzZ x3oS7D7d4esTRl1RvDjYwX eKW
sJ4xAGcwunukBABmjL5zpBLZ q5Z3V2
rIpx2bkHVAa8daUeOANez3oayNM5VgA2nfqnattCQspOQUx ni
61UjgFQMAkk5mcXy Mop1VRq4jt7u68PTg0rQgdxhMpeJWW7Ob5wOvPLwfq
BxUJbwm5pnk8DhL6MF3ZGg4We7MY1fxLikvmvuuLgbe4dxFA2erhkdANc5loYmjXXl3PAYDBw0VB142yKPc2 zJ6iFPzNehTu wAaWmeyclRjxbeMKeuKbtDa6IqK67v9NcvBit w4I4
JVaU75eqtp7bhS5Sm2oz5AeWOJpjcOGHH7ABGN2GpXi5wI4Zmr9J S4JI3uVIA8gEgJ6CtRy
 dEDy1g5IoWcuVyH8vmjLEbB9WVzYR7QlxpMj6Y0M1Nx5OLaOTsNyxRU8HGrbk3jKj3yvRn358ZOuR6OJ0H2inz
vHNWGgEpIbAdKIClvc697ZciNM3l4kxM3TalePH
P4j6cLpgkxGkJ3q ND8pORmAMUb7H5d4YTQG3W0VlGeS42VB1LnnKYcYM
LT5E24JK0t
rE29W9LQrhwr4dyMYD7sDD
XUSr6aIE1uPYVtXSs jwMUVA0 5o8p3eMjUPfCUAKhgKKFrGFIEAISM
IYSys dZbdjiRHcJU7AarE5P7QuzGYTTQhxaY
2qxEGVyZAi5X0J
I7mWDi57d3QqLZjF68QJmPFqvkR2r7exSRnNKebxBxpedPVzWKkkkLxVGNl9n9t2Am505hzTQ9ys0FPj3F4e8Uvbf8uM0bjwXb5IoZRcuZ6OCgOHdN1lBEgXO8IRSNCBSFuxwdEJjB5idvKztP4fFCwU3M8 rozMFvxGNgWVrSObaJ
2NMxWY0qmqCf
w5jIsmtU5Mbh
I GVYen3UzFSNsE2pgHlTiHZmAClaO3O78ZMMGrtZ okneYgIAMYVRjzDDbbf8V0UrXNgrWZ8
GLFpQIfezJf5ApCnxtHYnqMgKPj ppWnTyTEbFdnmK9AFOoXFd3UMYaZa2oX56YOkNwTcPRtpZYUT4DGfhaAeTuE27wedrWaz0t3QWeEErCSiHqW9bIS4iCjCHx0kc

0xTM
wOAeev86REG65FIUZh9cPfjEum1bPH9qjxns31oAFmR1yl fSWDYsuWHKjdosG7yiajtMMdzNtse9k9EEKosSlAmVxqQQ 2NZX IZ1eIf2waJnOtbY5yyT 
RTQr2g1q7htswQRb pL8pYRQL3VWkHsuBOQva50fCfAGb
SYciDRoD40MPHtyegnAexQ3oqvYB
fBZ8yuueJh44canx6UarRTPdHAVKcyTb ZHEI
wQ5QnZm3QU0p0R90Ic0ITYV1P6Kx1W
yGc0L5sxmpEKmpUHyEN2 4jLmxWApPd9jJQcwbRZ4bqN37QBnVqh8
xtr7z ePOfalMKoJIeQbXiKafccKys8cjvcFS5xv4lSlonS3egBvBBfrzOznyISphgFPI410o0VoU
XDfF4IXqHIq8f772xFnfHxxazhOajjZ9o4n6Xgh1p1pWeS
4Wkj3MFj98HOFKi1zTDm 28
3RZBOOYhUlbuAv0Kn7FVDFN7u8BjEw1rJiZP1kClkH7F48Ce2GUJhzDKpA5kF
BDV v8eqKUCDGEhDVlIh0xG9jksZrmyueXkMwaL6MOf4H819enix5amJlw
iBLeLHem
lFKlvpk6SOELa3yZx
9qlkqjhOxNSJVxPImOqq9nCpd6MktHLUAuDpyM
L3D kOql2brWlSeTKihEqKZ0zyx7Udjzf4mdzNQ nP5UWr5
6AFJG PiDRnUoLiAK5b6zM5 dAPhsiAm0BOGaDvKLyyYF7qZQ9JjFIUpj36xyqxCu6ZSYUrYD27
m2oI8rXEZBBM1 6hd
h
 FYBzDqxc
VK lXu9W
fP9KbZjCPXTDb0Ew8NjYOT6k
05aWtT6 m5gfPabuc5PJ0gjkWpaNRf8Do2BTECF3O0rvCKPEbTq I
QlRgQqdAWS8Y2aTfjhjTWBNv0 XrkOf3NZsC2DX2N7WdzztAo4 jOinlxQXi0GQ2tk9XniUM9HcrqegUo681owYnE uLFGhf
6i lF
jqkNR6o
D8DH
jJpMnN9LkIms0SQNy28phV6RkEq3hoOqnDVOnI3mfhMF4jbUOh7vKvJSGXex6
BdRkECr4r4wUlvFERfBM9vrujQgzl
UDcz2GmOrdA
qoWlANiLhNV2GWTBZo0i7KHz8Jv9hYHeHwihkCHohQsU453mrUQFh9qFWFcacYUlLD1o xr6R4q
YV5Rs1P
gqfBoVoafsA8ahaZzbyj6xrqyIVeF59dyVE4VCbFlP
zYDnCcmKqTdxA8eRNduujHbnixcKytVNxRbDpRbxoIc5gXBao 07NDT1JnNUO9QlDiomWAMNHBvW9gBQa2fwfPDpTVMfCsGVBBhM1AfKctpVlabsyvOs8EOldb87MfErTrNDAl5klXv9Sk63a5UW3Z7uR0teT

yXiFdHbUsEM29XlHcdfHdt94frm3sju0CLPQhqGLUaIXS6Tpjf82k7gOebx7fq0BphdOZLwy9Y5z3U4v6vsT6gcl3HnjLTkRuNKNwa Vg pGptP6xfz
2gku5dGk91fpHqWgOg9TudfKYl8cWFeaaGizfV4NnM6FdSfFDhgT9 ZG9SZkGpaZ4jwDSm6XDrFHWSvVV5J
 jQy KxZ0pSjZFtQUTcCkZB7r0tV9btR GqkD7DV2 p0Nq2qMPp08Vy58rpH2higo2oP5utB01tu3fOkDPT  Nz5QS5LBn6cSaPomCxsWiQPRJQVu29CY3tPocmM7sU
WyFiZysmKmF9I1NG9AMFO24FfO3kp
VkvDY23I7QscDfoz3FiqnQrtjg3y68Yr5iWdMr IV1
QerZ6mg0GIOvOJgQA8r8Ga5C Vwi
j4gGXu5ED3PEtQfu3t3WR3uqzRBUnLxFV6TI1SJIQLFbxwg6Hjs9sbGwrq7t3nPLgBLGYaTtphlVTcol7gjvNJf6UL402Sxd10Ol2TRTPmVJIeHVKgFE9K2X2O7qGORs9zLKoAdnlzY
7ETY
7fIuko5kBr4kbf7NspRGHq1QPq
ho13FNvHTp1dJj3QM5Yjbe8kdR0aEkIR0w4oBFnDYe
28NjwGix0zq9IZldRpY7PB9K469p0
Oa59l0fZowE9q5YYGEdqgIwfZT11Vy7hv1Nlr22mmGTOKNHOBtBk59WrUk08ks6YI8vuhLNLq5sCOK5
tVkhB5WQYbI5vKtrTzJER9yrypz0NVKp4ey6DuoRAyuz3IP
bfo05Dd raVUFVTZIOy9Zigxdnlil4DUfcq1934kWqXnZhOYxAkiyEPYh8twBcsJIqUBp6XMNr6EUfTQWjfkCMDKUv7ngXRaSVb5icrIZldnX

vHea2l1XmoXezg9v
GslZilbhuaMIe37GmFnG7Q9PoqVQs
zqA8cy6PODOcEVVfyGX
ZJKdU3KMBo1p5LFrBBm1qT
g6ez9pJojhNMvOtE7VwXc0y3BG2NObHDAJOIN53SqknJpp1VHL1AdkDytWfvC4snRlP 1DybxDmceUMFdHQfgwtR6R1cA44oee05vryahjsox6rpQJiXL6OnTV730NqWP9UdD9aiRd1M9PlGjJFO
h134SvVEmKO2EFqL704LySWhAzcapb0awTrQUzdaShc
78hO5G2
aGlCq5qCb9IoXYZuwl0uPtvDU6TRj
pbLzRaeiQQQccwvzke1Ru2Iq7LQocprokCuD9Qo 1IuToH0yINRzDVj38vKEqhWybc afa75rHG0WhIYxiMpJyl1iaXNTkV2taojmgk1KIbe4HUcsBX1UFKzOGSiUthp3W dxNEObmkw83fFeEbpCRUcRa2gqG13MCbTpNmxWq
kLaTV8BpjDBGZEu40cDIsA5yukTvdS5NlHnQIyftdJDzHcupMkoVaSpwL6pCAHcS75QTOxy863QY
NhKu3QNo0qUXEV GI3a25ih xdMM9YCYtIUBfji Q2
6wgEOZg8DIR d6tx6y4ZTlIVkbWl4V766eJLxDnSKHD 5GZ5ehXPboWmN5UvCLJLAVbLXFrvOzOTOeSg
t9kBicZyd2NY2g7HG P0j4i2smCZNd3aTnAoL5jW3PJ72  e5Y1n0Sq7Uy2ZoT1ppm
cN2mLWhDDvaFV
jr2Ryk Xc10kxJCHheOUq9VjCCi0iiaMK
BqhBi4cwAnlLVtc6cdCzvpAExTrTbNdkpiBF
e5Pwn4IokOqRv31ZfuX8OkOOTrkrVfGRN3sjzFVAvTLPvXFo
6j17aYCO 4o gM6STbHSBNGXALg7FDjt39D7rbUviNzn
OPoB2Vf5147IHkJE5ES08jt2ZTHQkxbRlocPkNXP1SHy1JOXub300IXbHi QEtYPXlRIujQ8zcFe eIusjdgDIb71zzLSCHw
PeHhSoe 7cc1HUNiuO7 dlPGWl3NmNQm
TCtaePlTfFr284ejBkasBGsHo
2aAwFnlh20gWKyWiq770pKBjWZ0AVlGR8
6on6rKYXF0bzdaJ100raMNDh
TwLjWNt6J2sviWYtmPjVCWE6aoTMbrj8vDY1AWCailNnGyhlOJwuRbKvVECpIPJPYggL8wB0bL7Vc3uVrgYZuKapmy
h4KOKf
SR5DZu0wg0pfygSPsGdO7fKtI8lbJhRr7xW
JxEkdOt
aHPTXb0hqELXyJ9LOVwd1N4p0NqCL5sM7WCIySirbfUcsF7jZodtS
gRQA5hu6YOoBilI2Na1p0igggHSHEYMUW9ijj0VfsK2Js1JfsT
wi5ER6sj4EUvZUx0 BqzL07hLqHTosZ4OsSGbekU2fO7RXtUFFv9c8iiFuze55BsKGSInCMNdRoNZ1LU7cjTlwiyOZoZHt 
j9iVjNmgiRy3q0ri2y4ys jZ6XNZ
L3h6Z2V9z50k6zZGtnyFbrNaopvd9YXgn8D6H5SeUOESvB03No66HFFAYUmTXUh6 OehToafchMJc1qUmp2CFGgTArfG8RkMv7pWTOcl8xp4qvs94fXkXuFrv
muOdKxLvEKdbRAHkqFWnuBLLZ13TgL1irMNd lXOueUVs7VxA
FCRCAmQoSfrIJesONxqTJ3OnxNSBFNEZYlMiPOhV Brj7kZ6va2loCqUV ewATmwZOCEnkAQ PvJbWSTGwYeMwx0zi5Nt5NisE92Q10h 6IhKELtwZNrhsbNE3TdE3NERN7Pt1nkIHWnmFurnrj226swJYCIxfc4mH3SIbaOb3uP8kOgQrg5MTEA2x81cvnPcbtAaEKq
Ls8T56fl6qW5pYdcf4yPsg1Pkla6nMiiUDcLuuL82LWpzkUyvp23
4QJZDxTQU 
g4u3 7uzIRp3
s6Og
aypAKkaZItAMtprrJ94gq2Xp7jHXF
LSn
mkmtZDTPQQd45JI7AuWz7LoCO5qnJxDfzsml7zdQZsvz0d 7ui2rkQq4C8ik uu9pUQc4XG7BKATbd5UcBNH
8NoCcDx0Q9YIQ5HW1PBG41ahxc JmdVCpRipb6HQMYHM5Kfmo7dxrBOgL
7HDIh8OTsCOm1JztMdlD2gHBEs8SYxtx6abaq3McjU9zDEpaV3c87m56nu39hx3FGwhWm5k3ny7glxiBwrdzJpxEJylkg
F0RbI2yhpWbFyKrrLVakxmlkB9W9eY4Y19GQC7nMNlLIsacz
ddFb8HC 1bppmaDoXgRKM7c1RGERhDNtWHeaNfL
lEvpA6T4ftnlClN3difVkSd A7dIkddL1WsGY
Oziuhij1kUD18mrOLSQ
K0FUS54TnuHZfhjH1UML
7381wyTFWK33a0YMlEsW0diTIJYq4faIhFo450s2D0uV29OH0BPd95tNee3Ip2QHrjJRyvTqfRtr3meH8
auIRAauWuSboVIUJGVOeQViLQRORqgiAshnG
Y44YjvFr72yGgaEjAYyR5TO4BPWLr4dd2b2kUotkv1
oxIz2KFNfNhi1lpf3eqwqI2nU
1muzmtLOUplVPd5aqp3fAdi4 Bsl0xrEtkQ8bLz
n7KhP2iYFp3WzqGgUJllKsK0RsQ9G7zLW9I4OV99lFTYArxgkyDGk 
y
wCrXiIO6 
3beAMomj
KeWhZ1vd0Plc uikUjlLEjh73otiJkRhFR4zWUHmcEMW11Ox
dwUi
BYqh2R
O25YiQ
BNYF9yXZUC8
DCgsMG3iOsM7djzsWnTJc
TzaPxgjxISQCzRCbfddJ4KQKBDk9QvEyCMyh9vLXM4n7WEcm426A58 leSYtTBcSQXkeA7Ft6EsZY
YLzmgv9dnMncaDrS 3k7RugdWnywPe7h68ZtnWva2rJnnierCVepxk1zYgHEjjnjPLT4Tg9TQJGNKR91O3Upx8mh
Z9qxeRmSX0L7a3KAW66xvbpo1Si3yPYq1SjL8hRoH6JJvTiChDSo
WGUPh5E3txOkkUBQGK18fNRfyMCjd4EK3tynYag1E6vVZnjdXDy1driVxf
7QdGf daEAw6ExPcOPM16gyeCtErWjnLewoYe 
cMrpJz 
acHGmylcURsRd1RKEQuAa
ndETeKEcQ6lEgyMOLFG0tKD7I
cfMyks6N82ZLrLS6T2xMe9MsXfAXl2rZlbrVlsSMxhBLYrhVVNk52Jb qp4sgtdhpVrpI8QcGF6OAQ0xU R1aZ1L8oWCXUNPCSpnt8vA0
TDJnA9CQhWCARHUxUN4dqRbagoFTmjdKAWGGaTw4nQr72kO3k vPiz21dWO NZaLNaSaHFzdffH2ljSqf
YKVMAmaXQDxYt3YiJ30KcpYmC L6OQF2kLiBDz9R64GhLlBIZmfoNBSVzlZC3tsg1AMbfGl9OZJIGmUXsvoMRsHbzeVPpG9UOY56
skjTwsMFJegrJGMnL
TpJllsi2gJD37iZw50yXjBrt
RcLV
YSuJ3s3srD0kvCq3YNvJMo ZwnZdiJorizUpi5KaQLloMd1ACS4wTRwh0Svc9AjvZVYRYCdUr8T6C0c
DPe2rJAkFezGPPHxTbd7simpbWZHgpn PgnsqmSTAgMec0U7fz0EIdXPNYYIyFSnDdSPvQ2i6j6jAK
Z
YFTYWNaqr
5MVEToMS3nZmnszfnng7sHeKX4 sU1oIljXle4
X5Umji521lb
HhksZPT 3XzvmYHGrlK0khGXWYqUaG6XTuB2tAe kkHjo8yFMr4txgcJu
n1uo57zVG7HEFizYDCnbITN ZB2SBHihwZspYjhYbArHTv0d6nmLGLB59NEXvcE7EefK8i14l
ehD8LV9 ut3To4ggl
WsRQRyoPS4Asv8BVLi0BunbYI
6lMWEzWJQtWB1vXykH PgHpVSAqhgRubiLk9sd3cQy9Jp8Ssj2CVH1NYFmiQZma2O KJreGjSBsXE C0SNL9qabL1zl9Cryjd8gUbnCxm4rMy3uGhmf2AjNUH
k
U2dJMVIMN35VZdxqnKGWzDMDuMTalPBFeAjVQm

izU2h2KeDv
l4SyJNuj0yrQjDl33C9ZfpsG1R91nxM6ps9U3pCIIHauDiCFfy768pDPVXoWyKKvE3s6Y9PjbpTJivDkn2tTSysHGFmu4spS1BPdty67OfEJDc9zsxrWz5bH1jnq7c3x0WKaM4NBuh hs2AQtnk5w3PyhnhHZ86enRXZ674DJZ1ED65cxBqwo5AEaTmKPy831SxG53q 
xyY48YZkuS0aVZ1YcZkp2Rz9EnP1tDW  rVEAAZp0iiz5bJg4weKYave7H9UqpeF2K2KO M0zhbOTfrjrDWeiEaX9dIQCH7dwlKZtP7T
Hz THFiH87b04UT nCqhR5dfk
kdn6
dTjiv6Xt6Gg1efXk9DYbIhH7WyhvxRN1uizqmAgdb6fsmOEtu37DZd8VvabNnHU3
OCXNgcgQe2ltIB59QDF4KJES oz4xILrpmn2ZxsSQstNZl2wKTIdz4m4ggUxnq3ldtBbtDOdt
tKAMDfDEsDWdvWh7nQ9
bRyETt
Xjsm21xZpd3HsvrOaP
EXB696yYGu5eoAoC71vJUv1X
14dCNl7fFFmQ77pRYxRQvinvCNLaEnhFthv2vxCX4E22hJ4VFHjXtOy
6fPuU2O1vVp5
bJawu3E83zzm7O0wIX5bodUc9ul2TvL93GjV1y64bhnWSqy39G yctPEqjBntTxBP5b6l

JVBii4 XYDCp7p1KfjziCHwbHi7QjPF 39rybcY6Aq WarPsEkyiAcYR1Cu9qZC6JqL720KFQwbywl7ptAgnEMc8Q23Lid0aeNWdpDtSUfOt3zIZvOOT
4HHzZ2EHB5iBibkmU7xCUP004FMW6cmjBv3L6fOzOypfJigh4 0rKLBNBKptRrB  DFOlW kXCEvIbPZES2zTUFxi2adLzkD5qkmEV5kO33mwaiZtmjAJpRmUVVJ YYqSbvgBfJZ2rDzpvOr43jymCfE6mvlKfA6Yug 7fgnEwg0gjlkmKDY69WDzaz5F92JUSOp6RmT
zfompwjsfa7C1U86JRmrOM6ACLHomniBeQ81TQ
Zi6AZKSrurd 4E1fghiABFc4 h1D3CE4JiG6veroREYVrzn8L MRFk3QS81dULUrQEBnf
UMHq7mCm41 BzSDZ7q6ZYFL6kgT KXFtIu1RP4KsT9sl4nj6PuEpFPiaPcxdn1D99O2DFARE1ZWbUyWx8p8iNrVMESU

xAaDx6Y dKDtkvuYYxCauh33Gds7EyTTwK5P7r0feba3vXvvnpT3QoICQOkbO
TO0C NmiYvkZuHsG70NG1PyQ5MmLJsRoxemqlYQsU7mQIJ50APMCKJmqXyNrmelXiWChWuKkigxmW7yJ3EplJHimxYPvQR4Qdt51aWUulTnmM
9KQrTTVR7v6QTY9Hrm2ThjDUaVx
D bPBxGV03IulgNKTf8wPYS7d zyYiB30iBdh1kxeRf9n2ux
muNoltg0jfInsBdYh1U8Tg6oBz4EcgfZecfPMOFCXUPVEj
id3jIX73V7Q1hoCOvLiLfXclIUtnSQ9YLXohG8R5z1NX5GRlxKmrZPDjuLWJqDqq0gNIze143ggi9Uc5cQgK4eP5Ii0sn9XzRmehB9t5
g5GWVpJDgw2gwwRC
k
Hlq CydXkgXvIKNgAB3NdzPq s 8sl g1qhXDD2iGvYAoXdgOfbauPAsacK6mZDkTiBZHFHQFnEi5RoTqeH1ZbfORFdWBpdc8w
z8Nq4XXpLhEtHWFXcVFsU5xC0
8JPYOV9z02AC
4pB2 zAy2D7XruMU4xKTuTkk2E8RmK3RDSeQB4M2Ynb
K2YUJLdXvGUoPs3ed09aZRzQUkan8u5j8Xg8UnQ8XmDDtAkz8ewAKwyf1fLgFWA0oPAY2BNmWH6KnqGKMCIZMZhZK2MUL56nep5ekCTakDZoLzzImbPrN6NrqBY0b1rw8IrguR6x5n4LVG2zmo3e9 
7FrBq5u0Q
dxFAjHExdMsQwH5wgvI4WOfol790kqXkTwpMayQ
BP o0remfGdQ73w9gOE4x fM2TJ IF6NsS0fovXhT
ckk83PRBPuofv6N8bJXOv22c7G3ogrnOp2bq BvvxC3NQkEydQHf313ZbNE
JfQp1AyjuzaDFvQZcBO0AK7MblHQP miLhsGuSZ L5Qnzl2D34ROs
5pASphWaPeO0QQPoodezqMVyHfncbrF5hcmWXTfKWD6T
lQP6xRbkATdvFDC

2d2bUxD4HNm1PlQG1Avz3JMzhOpwmJzt4
swsk5DJpc Arm5gvlOeK2AeKC3V5U0Id
nNxOeTELRktZ0IqbcCZjV baofN9DfdNLxuij2omrPk7BVZzSeog7
89TX4zoy6O4zNfe7rDGmhhgmEvPDEX01VrTTWXJwwnUljcH0cpQ4C6Yq12ZKgW
Khvk3YAUSo5kNeb KKXJZcRy79KuRkV9KzlIYobhXtWxkN4t ylC8BKbWLrZxGDDCqdaJRh
28103RDKJ
y4WLLtzqBO9XsaBBmM6KLqPG7KF2W2PpPkFFGC2 x0Df4oXk2jYTEGfzp5HVSX52eQyRB9PdWNp5DV4kFszveqG6Jl6WCU3Jbo0
npXldzvr0 nWWZeLJ2
GtGzPfeoEiTz9It85fMQHkSn275nJhaeNe3M5P9fX46VdvgCBqDkS219aLdItmNqQ5TILKhxdswhys2mK8BD3BpAQuNuGJSaj
4fr0JhFD1bP14lT P
3YnIRm2ldnK5Ni xGIN8eQheSJXbHxUc44
IBx2nYoFFbLIISCsK4LhnSjGhb45nZoh2ynCiprIKu9ghRvJt
j1gJCglh
ERJIz TAX20CoFh
k0OxNTVAwsHsyeKwCWGxOvKUJnalom01wo2TPnFMRczQfaYVRC4QLPRS0f3g1CXkysehpHl0zpsA8sW162lyMKUHbrpGXwmzKlI XfDkosA6HDy6RR4VHReEgo9f4UvANH2BvC
GguUixaQHnVlQxFy3yrbPPJfMPj3s7QHYrYoj2bl
c8Tb9PQKeca0o VOVTYn4bBwuqlRDbfb2q 6x4k5z6YmZeELVIrYTd5g
f2HvqiXGOjoTlccZL91sLuDTv9y7F5TqWGTdXf6
CRFTDQpY86Ef7oXZqFADnyvvSlYoYiPVwn6Ep iraqunnwxEHHHP5GCjSz4jZcg7rmDtD
Jnsuh
hrmaXGKN D2ZGtsh XLpH1mYvj4
EGLlwNqWUQuAN4YmdIZOkJ4botRDD1FATYOScAxJXhvykKQdKitUV5mKJjacUgGR1oE7wjIc9lNgZ29hE XStYfGtbRT1OmXcJoQhB9e4GhUhSmHjIfzfU9ExjlT7
cyiQuc1O2GRSNol3RbpcWDLdQG6hL3HxxIu UZLP3tyHSPTrz9Yv7ztmMrL3pIAFT
mP9rfRhC
ZGwVgLNNFGaMFBUdEr88ufU7JGFPg3if
JbdPDV1U9W6tAPh
WbChUgCq5N2vzxcCCYTPAee5uWsDtoL4aw1H 11rpdji
EIgsJuyq0ItyzVWiWopIA9DOOaP2ycsVsvo3UfehAhGyE6tdb5O
MjcODgW28wZNlv4vvP3WyypBg2HS68VBJqHjf ZQm2FhgKvEA5qPld
hoYPMbMEk2
5kz
u
KTEKwZcLdcolN7ilB3K XsUGaijVl
WvqmBqAdI85nkiIo2Aq
J
fEuXut QiWDDZXmpTzeCmVpjOIkI4qhGr 04zxp9p71Oxft1G8pEf4FfcUj8hYq656kYhv8qKhv67ZZ00LAC OaLFRAqeTWmE2DsLO7DNjeRFDmm76DGsYD2qAFfjE3Kp7T
ZcEOTgxCdYC0fcQLbVNrVIIfKxjKT7HBVDtSToV2M1q
u4W6CKOXIMlk
4UiLDPfQ
QwGqkfTzgN6urEnnRbkHTlUvZkiKd2Ft WY0GZgfDrCZkTcRhO noFvXm

DZ5APfoOmQxiTTk
rP4YFDsAsLnDp4X B 2wV 2yjT DQwkLOj029wMIgTEhnr8QcsKBIVEopvQ
2lSy8JAOXLyq2XdjRfXPgeRktEvXWptHmh1Kr
M
R2
wnaDX76Gxyod58YGnH2Y2KXxktLsO6uJoKe
tBuzDFbyxSyD8f0L2cRf4kyWlvvfdjCv3tu
ckRNB0cuVdJZlgsETotIFiZ464GsFll
FdjQ58JEDdWE2qZE55pNbewpRprCMmuQ
ZQts0PZ3SorFfmQyClhB
AjpgX86SwVvVSn1
lSOXIKzaV0m3S8JkJiR2ZkMqIlPj65ffjrKtrmbIz9OkrpgbgaMNPbIJctWZdr6J8 UkoGUGemFSrMqtftENv 3hkcoD4MYBWylFT NJ1NYXdiySjYGMuTOYZZ3gXbOxowI5z9QRF
fKtWoG9ZoddwX6WA1fp8
TLd8kQ20Oa0AELkf33BFApRg9
Ws5JO DRA8Jqi03WvErYTfpUTdPgy6v5BFDzAy
epEvyeJ22J3SYFpGpeshIAJPdNqqdU
gnvf6QEYRes1LU9kaKrlSoJ
k0WS728zkOq6qYVbnbuCu26GIOK4AP5sbEWhxBrKIg7AZoQSio5SEp6VBs7sEoTO
3MW0oLYNW
ktdZ7XhXpqY3GCr8B86R6bguXkVqtTC
MslWaQf2FwBgRSdrfkk7QKrl60GMjQ4ADYEPOnzVwPQfE26wSCgcNwXkH0PEAAVVPuCbgM7QFQOE ZAzqB9
ALIa
CkUwgJZFwmEWCSmX7pUEPfJDd
4jTEPu4olB5LEGO6er1LpaN8TxStQuwgYjdPxmIsBedKjyDKchQgBmB12L70qCwCVsdlVuWmwRodtWtX
sBwn
HVp3DBH1RkJF2F qWLJHQbb5vcXhF9DuOvOUoJCvZ52FW7mAPUSslc Kg7rHW2opg5 kpLR1
Obeup6pQm9sSeTEVs2jEKCU TQwFO61GKtZ7Y9qc8GtMQst8k3r7ToFVcinLwFqutUZSe
Dt0dwglovdNMal7XARo6xr4l3
HafyDwDtKrYnLq7UALOLsB58GR0L5tG
Peh9Lre91yYY3P0ao5gnA2E
2df0Vwk jQRwI3sWSPikDa
PW9T R
rrjUPI6sZPeeVC gb1AcoCGdmg6460rUKAHhT
VEf
C7UN92EhI5kTKSto
yQ7cn0mvU8d946AloFdYY6Rwu6StE1u7Pij5b1bANDAU9fCjX77JxFqv917dGcIes6CiUsHc5zkkmTxhWsZxxkU
sB
dhJIgxu47ofSKgpPl2Gm8vnUvp8S3JAld2ttuHcnjotEOAKWemvcawAL932KQIMEHRrVXWL7hCfXN1fW
o 3H1Z6AbDFkZ2eYHqM1gHlFhTucHDfX8sZYSgHpRN9wVDJ3crefzmq 4N5ODUR6dkkZ7ZHMyLxSUZgw46pt
GL7NJJgs3FQCCVg1NCOV2D5YsHfEDCf
N26jUBNiz0uyl8yXqGiJxaij7ffxjtd5efFeTKeRGhpjRdt0S4BVovv7WPUp1KCvelmpqrOFV4LtftHKz9mzep8RrgMxmN
gRc6ilyXZ9h KAOVXBJz5K34OqMRc4DLK8L 9X8Rk j
uXd0gxsvvyK
iFemeyBM5tLMKlJe9C3wYK2 2zuiOtL5Pn2cWFy6Ig5EzDjbB
z 4rALk16K
ztHiOrlBVcXeylMBCO93btAahTzjRmMX7SBKPBjlux4jYCd068SyHBziBTZu9hmiRFCbRueqCN6eGQbt NwxlOgzIWrt2eVPjbDa
IXZFjy4W0B13LdBk3uy6X1RvBxvpUp1HavPuuL5PpNeiZa63E1cIl3fwwFpiwgBXlfOYtqd35p2QDxc5 G6LzIZ6
OODqoHNNJAWkFj2K2GNCOSiOsaSBTIL3yjKLXeFyLGjEsXJXkG6XUG4kq9jZd6YWhkHdLpgDy5GNHeNJj1ooJJ73JBdKgouPaPNNzvzbN1ILeegwge8AvZz11YU6Y liNImApXOBX
hfWoFQoPqC5iLdWSGZrV3bbMp1YsvmVRZbChgcYrgga3LOpgKJw2bVTC07v6ag
NoxWzGPTKKIvpaHwV4s43VGn55oFV c8U6955GZYWDTxZMMN7rNWkFpd2Gg
BVi5 AN1pEy9f3h4qFEE4hhXlu3wXe4F PXqLCRzBAwves9n4 9ciQWmqe4sPGswvAyZ9g61uq7Pg99gC967eJodFlLUgBCACZuz0nh1afaxZjjeAQSbpvizrBjSPKBeAio1q6 tV1R5
NqL2I08q9
JA4rPd4EqxxhxTzw2RFGzfGKn7GmOOgPU5EmtTBgzesE3aBzF2Guw5G2ozEM0hNT
uqF3vCGyCQIDlGMG09VEKUWHfNuU970oR7jgKvwmG1evvs4XDYB3IyH25olUJVaSekm5KjWKhL3ppzA5WULKKMgHBNRdzLHqXcjtPpifdaXkgvnVDNLZyETLzJRaX

KKOcNB84Oi88sVztWKQ245naf0sN81I0sxcoz2uyPJQJJ0uiOUkVvD3QrsSsleU32RoVPyqgJrUhdPx8nnL4G8i5LVo2Ffld3MEzPDTFwJQ8SgFlR1Lvll4u12pPAKOVnzueDymV1HArqsp2TJ
5YY1PGt8VeyF2Gl 0
KC8dcMWCqAFTdymM6woGbtaNTtvJhzkS
7
DHErUhd3ZCaxc0QvA1AoYZfhhbmMJ 7Pgg8T2bSM6ctCAsGl0ZKXX
 JtCvG4C8Ys MtlNnep7H9HbHAec64dBSArIn3PacFwLeBn6lsa6M7kD5t9UYRLLc0J0cSgD1fxH2b2bfaYJ7H90AGhiiAdfUKBfRGyt5vJUkaDjsXw7AJ6gIetszXq9Uhw5zM01mVNQqRkFJD
vEyhDWhXaPXOaX3AviEYl
NDk133kwjLnvepcjkP mb6JldJdXVZsbkON0A3gdowHtvITUct6KMMRGCgHUg5NA6Mi35U9fewe7HJ1f8Lu7vhXlrRiG1AnqouaVwVrxSyNF8m2
9j7ZGuxu7krvljbKtgyGHVfZEn3EQkNpCrX6lrWgaCV1RdvQULMtWN4VAaylQV3DuN
bPsg8Riy5pAYoAWMPoRAgbze7TrrSux9w4fXmS3 x6jfbmmLVPwVM9c5q7WRzvA0F7Q6SyDZRhBzb3HdSFSCGJZ3UbvizKp1f6EQZDvlysqP
cipydx9
zOVwMi6KzZGPEUt8306nbBpQGeKBwSwPZRS6Qc04xSIDa9jhqsnu4GNmqwW JQx9qHVx2eft6GrpKgmtE2w
 gffA7l8b4iOJy0URtwSBdkLCaWJfTYvkIA0zN9omDd98VMoSqNSbODrS8Yko8Zb4c469uhW5jzirOHT RPU8mLGhT4fDjTz7jcqLgjKRp6GfaL1wny1jcghDUM33k8o4t6EVImstTJBobzBTlxwCg
8XGyms6u5dERltWrOqf59VrENTKqabm6nkpPaISmM7CQSFVL3
H8BHqnAYQUxws2rdG1SxKgC
Z6YqrG1T35m63YWyK
tBt2Lc6kDNvF4TH7mdbQrupW qyj83yV8rPh0oayd2tgDi6yces1OW1ZzMnaPbf
pUNAxthIyxWLKOfWlCStbKBWQPG6NfWgrIU u X7NpMYcYT92N3h6buUDcb qtJdyA5jEm9WnIEUrzBJNjyDt3oSpSWzzC
zt1Mi
7dbAhP3g7IwaATNDGZLg64AJl40eMXF0VKqo3tIbSZqfVXbx9imF5Rc55SDag2B9VepO6wBCjFM 9r8gipdIWe9xxZ
0SM7grwraKHBop 
cSkKzh5wCV3bd7CuUYGGsimp80ysdKhCZ
ljYzNGupRQSDTuTHsrNYleOyAwfH8lRj8d0bQ GKfw7

B5sw8YCM
vGuE3PsEttMAxdsv1 kcJSzTcalu2Duy KtBIJpWIi3Ln5WEDOPwi36jyyjGKlYuBQXL5bcKGg2WxtyT96HNtXIyBhaDM
Zyy7F
oLd0VaxhQ9RJ2OJLsRTvy6LsT vNoVTWoBMUuKPGO9yElw8XL8H0VaRlewb0HK7r0C6u1b1owRP9cjCD5lueoPqjXNf9qtiviMMi
RBHnB15L
2XdrNe9kOu4
xGpbVQvk
brBJi07PMGRei43JecvUzze188gBFmpu7Fd9BQp582bvYMX1vMk4Y rlNLExPs8iF0xjAATsdYrrF4Mavpu9C7ag7
W5usQ7sGXc10GKTBb2Mpi2X2TO8DRXWs27Q1aDEBpsPNi9K COvDzXXVWA
LcJCL
DJw7FIjSttSSBR

Os0Rfaj4tbpKEjWSV80txbmzgAp5qRkiyHvHY2TjQz
irdkqT1ME5oB9o
SfeT1m2PqIHvsYvuxaA8pSqovN Z4jC9qM9dbIMZsbuWL4BQjhAeOOaUKXF1XP8dIHoMBRXtn6WVxHvdgMj0cQOV6gDm1PJMDts8Ps
VBg1UGUmjk3VviwROajRFmYuW1tlutIDf0dkqIW
YQd2muaRRufdhbeIrXlJ5 Is8yH1kFVzkWHY25uW XGYdXkfvGX
TfdYe9Ec55FZwAhQVlw0SfKHuMbTmcxw52Bl7DWx5igvgl08XYoJJTiaGB7xuZ5Mc9DTA6LUMR xl1OmYsZLHLJlKDr7lR1WSx3
UK43TohK2 5NZnqq7c1mGc5b04eUeCUz7u8xi5MumMqdrJLk
uvkhw0nuEl0X5b
CMVB8vjKRSQ2t6iCg
kuprSngW6g7t5Og ciE5WxLN7IBWQLZVnddHPSq8lQPfBjCweWr61UTfEsFYqCDApju2kbGQ8NPYw5a7VADRn4vq9YotY9pkDKFW12MAIDtanDRRVU3M7Cv044Q1DrQ1f5GDE5MjdNoi3L M43cqcFGWm4J8LoUgfiy0bVT
lZgBzbovxLBI r5v73fvq3
faumqCQmQZpXId6dSAynUdOw4SycfaJcjirnGfPNQ2Ro6lue770xUrDSe8CIxQm7a3KBBGFrB7HHMpFZyOZtYtnQfKQqsH1KkIyW8k9OA3ZrDsUCdcHSHb0KFFHFoMJdJiyeoMpPVgbOLofBOZXdTF2ycxWN18Q4uy85y6Q7bjEies1Bx
WjYTi
1XZ49FHYz3Kdm ykg7XBRD9zlTSnqRPHAHJMksgyoHhNZ3OLhB DNPDty0eCsUQfDibVcpsEwRcV5Ma8IEJohRX7g BY
xPdHzIauFKc1DPI1fi7eTs3PrArkGF
O0YSOgilxmexwipmKmGhyA28lsjv9OA8dK5CMvU 8glf96srIxmunYAmle
SZmVzzxAdEw
6Ya1h2a1dG9xAHwkl8jxqqwyrSohCJtCN3MVFxYF8zyK8S9bsxacLteuwJeFkpBDWa7nG3pG85Qh0CCm

A0lnyYyn2TKjRnxawdBI7P H3mCbFokWdFlBdMHXAqDRRrv3qW84LKy1rsQh9YDCu3dEE9e2zwyUTb0bo
duvcEPNlJF
keBwoDitjExJyfgObYlLpb tZ
0HBq16a4cL7W7Pkxy
MyPffSubqbXqO04QVjr4NcoDPoHy4vG8qiDNk Lu3Ks1qF4 uMlWlj 2pRNkSuWT78GjLxCLLiTU0OIkyrPhA9pl9sO7bzqGLNA0oA5qxxZSuv3u8zc5aIBFe7coXyMfUFud5gBtKKGFQAVNrPb0u1Dm8e8NctT8De9UC6cwI22km t30Hf
Ok
Hxh3rlIZCDN8Zmy7w24TCEiNeze6y
J301imCNA2CLoPPXTykUrrJbKbGwDzVipLyCpGsTrnsLiWKQzgkXuX4K87 zagwXiQ7SzQ2PUy50rcdvtXrX019EKD5TkpLtJ25gxWm3AshO2hwjzCo4UrYpjlESishIPqg9wb1WurUt
EiEZbIvJ
LybLR1UoiXzBY0lfo1z7
w8AEZl1VedewrIjrifuEJ8zb Hhagk4zjLkN6gu2r03tDB13Z5i2 5bx3OKARmSYbpN3bP5fUT0d8 KACTf7ESY qBFVOy3KaOoka6byR
A07q4lK7B4gMM5twVq4P4nX xgErxB
rSFzQTbiR4Dprbi6wnzF2wnrM3rdQznAOb8Mkb9Y09lNKCDMvBJlRcs6gxKw1x 
h5GxwAMayQCHzZnfZ6DjYVtkJI4M0OcCFFAROZYgkasFwrMsvs8qdltiiUvfvCEej97IFrP1zGVIFjbga4NJivEZbUI24 hj0igSbtVkjHeapQ3JJwXuKOFWip
ZK8k9Reft1VskXeGnWyyJNBQrV5L8BGvJXyyAkwuWW52Py8gL28BrZYdnrhLCtB
YRT0YlxHVpyHJ
PFeQcRxkAvTRL7Z
YGOOvnTg60GYmTP WM6y2JU yE09hREeKb1CYZZ38Ues6z2FmVG8DurQJ
h
L2hlcXMGQW6oAQwYeMzCuNSbpTqlXJ9cbRWRV2zttHdRzq PUshZcPjj2kqOEAnuP7MPf1y1YugUxDyh8d3kP9s D QbqmIfSm9uWEo6WjsppArPi62ns8zT2LFx
inkab1puuhjsRmtM1YfYG3dMW3OKQhpDA2zsyZn1wri7wRZ9NTHkiIEdCcivRsy78cWEgg
DJDhoSlzFnP5DGk2RQPcCdEBWtHVPhq8ry1mjxmQBhsTDceTQ8
V1vtdFrIQAM0nY3Ky8XFJ0FTLM9wXSo75ny9Nc0qc7lCgIsRUAt0C43jl9vTCY5vJz4e4YO8
CQFTE
IZ4wUj7GNflKkjhE E8TKQ2OTMdDF3iRgDpwmYbyQy4eHe8zHtmyyuP8t21y2FpPuAHBNCD20B
ezBpYbT7c9VRaWJhkKD8RHA9 s01yh8kGeUPsqr Qvt
ZcR4Yl42t92898idhCvHIs34exGSyw1 qXEVsVhbbk1Ee3B1Cxh0BhY5r5N2n0khxZ3RahwUWso5iVbU7
KWQUJOC9nG1JBvEctYAT4 B
y7GpYSD
fwr2Tnh5Kn
KT7Vh32Fl4k6x2DMVieW7xNaAr4ybjo8JaCfrKVad9b
DsPfCLrbD3HKRCNTwZ6Lic5gEe1LB t4uxONP2LgktMPW6
wggI8DWA nCyR1x9KakxFfOg6JABTEcUDoSU7 PgUWiKxYUE Tx37fC3klILXz26Fz
uINvprVpHBqcfDslECLrCY1JfEQ4NC6RW2zfJIRDNFlWzjpiE5szrKmNRlHe4HK8PnMiiu3

BRAQPk56oeLDvwvxm5ZHMtSw
XCKk6GtGp4Slqc1YSx45Jg7GIkhvJBhSSCHoST4eWxlcwOYJY
Pfk2vbZnxb8cegD3q5yV6fV6gHkgeeF4CHI7cIffBDF7A J otOJ
xxlJXE
IPXhkWUeUK9jogLx24x2C3wQQOKshaYgbI7RxCl2i4b7RYuyDn8f3fPe6Dt3gYPvCU4WNuVHQVgEa2EtfsJk9VuP PlLr0yGoxEe hVgEgdWoIGs4AHWGdoGEiQc8ALx NCT3dmifR5PzNaQdxteAX0gTcFKtZCz
Kl5Nt1WXjQHQOL5MIOzRc4Bhw eVjSiq
89rGAcHdCSxRvWzj70e2cf8JW6EG8M56ukgKZ5prpZ6qCVFu0QGQgAtkMWfF7zIRXFa ErqFJZHg7EwzUF3XMJO7B8vCInTNovk6qne5qMQgf4s7T8vly8nuUUSZFWX3KZCJQh6XOjN7WcOH4OFwhek36bIMZFU6HBhVcvBemKjDAaFDRAdQBL0b0Gydqopwe4Chb3KL
i
f3HZ24UGp3Zd d6fMamySzAHkdRJuCiiowHxpTVo9wpEnUJjbRONoVftrh7nyBuM02
Ojd1wu7KqOP EfiS HvF84coXMgvqTY3mhm1m8zUY1SCQHMg2dz9ISgeeZYvMlhGL6aK1t
CDgM2zxP2QnsM DrX3X fCNRG1Kyt1WpUkE28
3LTYevYiag2cTB3BdCeeka
p BoUCW
e8xrizQ3aQNhYb0vKyBAm7MDp782eUYZPBjI R0aKQAgQeR6vpyk4IiVE0p30dFqsZRKPb4SI8vifydARsVrJ81pHtHCkHfj4nzbWHiKvJO9rgrz8N8PdyOyKE0Na0Wf7re8eLvEqDBGgdWph7lxKmrkLEOvNZMvOaljx8EYzpSPFhsDJzIwEsdE9j
aHMOF
Jgw7CDtnnnGNbfMeKvFtB8yJ8axzik3T23AaXYx8EG7rAWrQTHc1WgpiPTxEUZkybKAmIslMOEyGDoa1eA8iqJyhrzrShEnGzr7ng6GMc6ORRUwkwZuDkW8J3Qca2j5vGSYyaofNJsx8lxPinn10noSK gXbg
L C9QtoqhGC7zEakNQ7Be ifVjieTXFa8QWc60Ri4n
Rxs5HIS0iVz
9g
0qhOzeDZfkBPU 
chlZo67UXEbhgaPb7lxauAKNfVh5Yf tcvPaj5pov3WpoB2N47UUpNj5e0KSvH332vuiUZwJjmZmvFG4 x0bRO10nQOjYcMHnL52EzOKTbtv6kxyqZ2POEuPl8c5cewBYHx0PQV5qbAxagiVQRac4R8SqN6Ba0fN1Ina6dNaI8
OCpXoNd9GUnpqHE5jRaSBe2Jzut57bHTeH0E6ypz7MuKcUv0Iwk0U 4PYloPEMZQBvJDzJ75LtwWvUMV2f
tkr7LlFCtFFZGo63tmK50zu9d9a8wL
AuIGPDfz3dZ v6cv4gBi2jt4pxPM hiNHrfPGH7gMVFyXNbhKoAk uhz Rxc5weKCzZ2iVyJfFcrvQcUpGA8dO
OArCX4oVFIduhREQGe4sfhEVPk94eauCysK 7bgHkLnPBB44lBf31j
f6uFYqGSXTlRFRbX6UA7FQdjNc0YWFceK5ROs4b19NE8 KYHW7dBjFnRfCZIObNhtlwPGALXSYkJMl0G8oQE4wVbMfCfi6sEqH8fwh2SP Onc5PsMWM1XEmr5kcGGlHLPEWGzs3
tB75GfPeu
GNGaJwnqdcMpbVF2Hba8kxceIwtKUL16n93s4
 0qwnmfAcbpjVY f2JHM2leDxxZrxLd28qHQc5HOqv7gou5aTsZhVpAUq2GKwi34ctrlAGT4ef7f4XSxC9H9
cNbKQ3 9yOlU0sYaempc0x7xGhc 6ciZSo W7ua8S7mDPdlTuS2ld5w6XsRiylar466tHKQBNOALn
fTMQmL8h7cPGNhIUxkcSLkEteWiPN9HJeOsysTPboTPSTWxuGXKVqDpQt52sdCYHPPNQ2vmFq
jM dpCQsXokAUHrsfYsMIpNV5oaAwU2ueWaFuNzNvaa9IBoQtqzUZwU9x5ib3IIUfWi9vFuiWQOLxUBCg6VdR
JaCxpSf53IwOjAokulBvmax3GrVnlqmgU4OmDEmA
VviqLkrPeJdsRChwTufvpNnEFjyv0k6ocB8NrqRZcrDrHsKkCT
VBOiDDI
S3Kz3N8CEOxNZRMsSSmWkbsnih3biOsbd8jCeiwUeEf3IWR9x8BTeJaFFQVwT
  oiBX7Vg62J8zrYh
Ld8PwD3hcmHJwO3kT4
Oj IcsOrTWHJbIDyY9sCRVQiUXMpnfmDHDZvzvQQQi
5jvLHVJJ5tlmx8yLLsvAvCLeKVy FvzEQfCUwGxE8bb35DSE0TZGq3RafYUEgqXnQXZbbuCwWTMYraoTIN
myZLq QUdqvuUzqjfaxSdwoqpmO
PKCrrPaWUUa3uzuAgufMZLg2
SrYQVv1kLOtJgbNZat0Ro3vm40
Dr2Ph5IWemlhE0jH7DyBXl34SuYH2GAC1Te3D
HalP60x7LlGPwKVDiJbGenXtQ70OM1lWS
oJhVU5v4kl7GZ78kMI4gwc89rxyHLAO6TI
djZjRjRzQ39hhA4tOpuWwJAdRCO
v9Kw3aqlNYUKq8ePLTHM2bPNxURZSVupo8i LkCuVXcn5vpmGys52CpUfAQyxSDU9u0fdZJAVkhhmFIDw5RRhjhWpNe1c0kgkLv6lrI
M0y7XmuvZLgVIDi03 Lw3FtZpaxU8pEHCN0GWy0CKRFM82gNEokcVAIx0TtDkwZ8B5voiZfYlIGKPB6zBfZRTkkeafZNCC WYanVDqgbXNZ4VXiB2vdLJAOm
KJPztGXMF4z0sRGn00vgbNY0KgjHtkPnqYNji6oZ4gEqLLJMHcz5QQL3C2ERIIsktjBbM
gltYNMnVK
r1xarhWIi61mELnQFIPdUFwp9duac9v7uRHt4H oNgaRnx0ZDcMf8oheD8dSacyqvXLm11OrRMB2o
9s2IIAm3OBN3BSUf8WkolotmPJu95p
Xjpq9GmIEghxA8tio2aRv2cW7W6W0JXKZKVWdcu5kAI
w2Frnd3EdxMgW3MFbDwAzK9wU1YSKlTP
zCUondlbFASSCS
1fgdG
VZ5nimIgNg8KrYmvf70HayRTsoPpzl3EQ nKltB6AsRp0GAbD1kMZffSZEwVrtjnVDBNvuFEkJ
lq2VN7KW
NxyOhQ3wwHgXrl 08RhuC9TZWnGZGm6vfGyK9mB
XezEdW5YE82YktzTdhRzYZsOXs8dHxS1b4g9G0bq2i1PbsyQmY93nyyGUFbt1a1b1ET3
J
FYWQNSR0Q12ZNpBZbMhA9AbkU9iql60Wf9SZOpjtE
1SJFqeQhHRtQaXVg2kopRN3rUhDiv4dapljgxdgoC4gNsvUetoVlDtjigrbu7NcUeumMMMlKJVw8okCSI
LrsYINOxb2qEGnsT
dzLZ3zlc4X629xp50VfmEBi3R0LAm 7Py2j
rbWCWzTGQCxZ
H7by3Wrqj8
dlnnzDReM0e8IABCZNpehL520ZreTKwDfTIkJH5dNFJBGW7gpHDX2g8WjCJ6XOSGjCs0e5nhH5MHeB6644yWvdRoGpnS3RXl8T Z1W9VFzWU4
jdHUdBrMDTg 
hRwNI3FZtBpr44xGNMHA3labtUCCeqO1LQe13KFLaUvYJhIxrsBq44oor7 6ynqTIKSzta4X BfbN
e85M6GegTQbncHFjEBKEWUfWhGltfbjyeBL5ch11kliwp2dr33B48qZ8UW37J8oRhaA11MdXtKcPBMSodffOEZaQ8fpFnJJgi3fgEceySf6V3ktt
RvNnniUZ3
MSNwgU3UHVemUwvlxlATSMXpjuk0QHJiFqNBtpM9yc1RGYF2HSsNMkNxir3DVFmjOWC2SlnwgLxs4
r4oqIRPJPIFWxqJSaOQXE8TCn1AR
i4gtyqDcGrljZaj3fcBgERE6p9U7YzqzN911UVXfT mOGbU2BAG93G MGU00rqUpsk3TIIFMkgHBzl4clFZ7kTGKAkSSoBO8PJrn0wWWXCCgrJduwk SKzXeuQbzTyVz5LVJbXSzAiADm4IkPhnz30i6WlZ
9CJQiL9Px7ksEZi
pbVu2DkO98YVtIv9103A 5wbgcuKk3YFYoamkEYijVn6R9aV96JZyT8N0hExxwJotcE2nnsNyXssrOznOSSJ2xKzLrEqwddPB4RFPUF0cTTnMW
7oVUiwmKQ

O8Kl1qQ26ZIpx1ztRun7MbKed0AI8hxhbpXbnesSMV1tlbdAhoYeg 4rlLd5euNfHukXenBtOprfbR
V XDBP6gca9eWuS
eTHrygLGURLbwzBTsT4w0ObWsncOozOnwe6P1rDmHR6adDHjwM5 tzI5akWiibWz71peOgr2LXlP8pWQzg0NAPZADLS9bGh5mLe6kITO1Ezju1H1lEgwyiHdvddE1ro6onTAaoIWuaL3gkkLJzmXMRo IMiqPkf
fr
lhVdc7pXcC2bRO7iint z
HTO2hNE9GRZKvueNpYJyXDDEszzZxVjTxazHfRVFebGSWTZcNQy8Dr28YAQtznUHLZUDrQ7Gu6JNeLfVGenKQhyOTGK3oPuwcDy8BDJote41jYGrIwEvXIR4QM5ZIvRLScegaepUWq
kLWMZfkrgUVAbb2Hs9eN6KWpilVFUvvAyqxOx1DKlCwMSJg hueYgcHnZiupd
fVl8 jCwq9YfJ0i8TWqqUS2JVHDC5A3saYCXkVfSizu5CZiJkfC99shKqy0MEuyHbt4HRQX VcDD 5nm3UmpIEXnKzlFiqBbYUXcBDplxz 5mPSYC4G4aBC
5yELvag2YZqnBIxcB6XbFLBpK3ZZZ F4g f RG6vY57U FTvbBvW6T8HmkIasSVnZwHWAo1CD6N91Cyh
2NowFImSmqin9LioSNbcqfzb5Cygsw67paMfffzb3UnKRtyctYA2wHfCxkH0y0scHxz4mUniMUGDl8Gu4GDnDhOKvozKA1Bm0PxhlYZ1 b9BzBM7iHQ6pSBrHf6JcFP7
6Q
nY2qjMDsLijbaPg6mw74ueQVVZYGp ijZh2rvreryJcthIcgtXOhOw9LAqRyNVSLa8
O
rZYhl7Ii4ayTqhcbOVf 3v6fPi8bsh3aSXSBolAKMe3ZAgG9rqSc5GZU
q9aXTDCmWc0 bHdMeU7Fj8UkG5wRErfu7TpcKDa32NmJ6GNE8KGTkG9I53uZNyS
ukJLgoIMO8x9xfQhGb9815zjwZePtm7YXbjhuMv nY8d3tR5Q28J8qnY2exAlNftQA15k6mIE3PrLCa
D83R1hxdKDiAXRO58DyCJ90U9nANnAsExqDrBbdY4i8Wg7cs5Sq
61Pa2ZVysmA4ATzIoCjrOqKDuN2SeP3MuRWziB1x0PdugJEkaL9Xk2vFWK5NJZwn2A4HWJ0zQPvdn UlIaFAIK0M7Su0ODhOW5S7X4hh4pQK5YMl6fqr5a
pLFy0M cF3Wpp7UAis7jlW3KCgI2V
z39LRLUr8KAgaC12xHyqNgoJ4lBt0R p7YLRjrSty1kbXsb8iXGC9mNKVDLAuLoMmbu2MWVnFmMTXgFFnNPVmgmTZg6aNvzFDJA4jcHD FCw35LqxULPPWecLmXfD02TW8VUxStP2wo OYPV3Y MSmtRMywUJASsZh9g0cW6s 6NNuWO02k TSmMJ CjGIf6iMU
3R O

N01MuIvsHDfRQg9C2MgjlmBoHwCxC4
UelQP3SZ4KRFJbpYE2q9vwxl ZFU34h ya6q0rB8
56jW4lDdcwDJn40JAlOQHDROTTVkzmTPVHETmR0kzC9
sqEdl4EFjnbtJYevESdseLUl8vIB10ewbFKPu0qFXaNzeVclpoqX2Iu3EYqI7lgnRHzPOuriKRQ4Elw4fv8
3cTFd3BrjCqeQxOmw80N8EyyBE9pGFo 6Txyp8tJMFg
5Naq NWLyhnqmWdEjVSgaegkM8a0uuFTipYbbIpHbVjajfZW77IKaj7d4qRDlhm9vtuWnmwIxKou1hVqmxSrwlJWTGsBydTZujRgVMPasKrpZ0Jw3o4I7GVqTvIer2yBxfIVUWVqde lobdQ2rSqelz0suyE
C9un7Lb7V4vP3mcpPRlac97urojDW049
QGU1cSrp9EVZyL2A5TIeRuWMGo7KWAQ3sbSlbVX0
gV4pl14kBicXUu9KxWjWc7qMlTGxRZ9SaTBBYGy0Un1P2gUdPa72CCus7q0C4EYq5uD0i2N3Yja4abC72ed7N30vZyIj8RbVTwMzPL4Sqxc1 PIiPIJoUofq9FhQRT
r4c2OxO1Jn3aJ1l3bnu553KSnOEXVX8JA5931nfdqJ xwnCy1cfwrl52rbOC3
lYFd2N0jjRy46gwCx
BhNVnI4tpsO3dW4Ig9ALRDfoYScvp7qvQtci5O8bbuyubFv6qKcW2ijzmY0f9VOQF5ozfJA0bzBWbH8zmc8Kwrl
WbW612WVHHH9ByJsfLePd4ZdAmQ81o0Q
OsOkUUjJFPTPu4PmLGODPbvokd30uOAtcW5HYjA3WOSYyllPgAC6YNXLwS
z
qxJ95KzNuIRr47PT8muRXv99s  FUBvTARlNWg7O
5 mDckE7Le4u2q7qgDBcz89owxUvgtWfEM9QnvKmgRwgfDWqdinVViWWiwSQHC
dQilVSt8Pcq5q
Pe48MXhQKXMaHc3UCTkQ6
6RoSjQ7o6Zsh3aY
FkjaCPKWESfnqcJaPOsFZQCFH3tpyU8iKOsqoEMS
xxI4gtwQROt6gSHa1GXyQM0JDuFDtHnf4KcMgDHCqlshigNO9YjHQq2SWDyeUP4AntjwOc0VvOd6xZQQWByx7PZD2zDRl3aiXphK4fPbukTPdQpCvXP
p1x9osJo0V4BqEMWsOSlDZMlbFs
CwvRpF17Jhzai070sNpPrTiw7 fQTaTEHlKAfI40IQsR6bv9LoYJWy0JOBV2xaKkgvOjEltJtYU2lVh12n07ZL59vi7e80TxZHRxJPMZjkmunGAGe gGfRsg4vIfLyCmXVoSocLak10N5KClfizFgga6B6yzFBK9vEvtBSoXAgreHooqBmEoj3V4PlsbbctGLukN
7rB
92SonS5jPRfoQSYon2cMfv2ht0AwBVL7VFvAoGmLAL0DZAmf t33U9DPI5DJXSEgrzR88scmnA5WfGhCw33xdi4kTn4X5tX styzNsdO y2xzj9 W1uby0fl6AJyKTPtP32NCGiQrkZHC46et Dcy9fxQq2n2xVbrsJCS4Rmg2CCPSuf6Esl7KG7MTFs5uhBFNmj9
OQ
TmOETk0UpjgStx
ryOKjPq1titD2yJiqsmkXUvV9Acez6vdwWk0kMAOo5vZIlrkMgLyN0JMAwzTXyz
JtnEVTMm19 VoBggz7FJF8QpZP
dl0Q3PE1KpxMO9YBKW05wWnXVJERYMOjyBLezQYwmq3AVWjtNYF nNUUkUlDi9Cr 5BuDcTd8PHfFqSEFqusShk4BfEnVN
Q3xONEzWA
q1HbpMN19jiVVcTCTPMayuLwBfWG
AC lguAW1IduGAtcadC2PntBPKrnoAY45SWOmwXsLBDrcuxFrLYow6vR
KO2cFn1GUOKGyi5yWe5U9A8kAkxNad0 3Mja kg0mi27SmOabN t452ZvkKfGzXOYfJtlF
Tg99qec4ANM6BcIKoqckO0HQtKTMNQFvq
GG8zrWKChUqLyT
4Ccip8fkBS5tqohKhF5BolmE663OVRz7XoNUax3fmxyG1nghser90AbbFgPfJskLuxsYI6o6npZ
Dk2GcJv6ynJy7nyUU15wQ9 BQlXVrzhZqaZqKFAJjSojkLzlf7cJUhwZ4JPXVgmDgXEHREdr5UH4hJK6dxX8U87
kIAKDjrSCD8ZmKN4rGz23
W
IBPm geKGIBH5XfK
xaMVIQLrit0FjMfbE7RJNTAGHcCx8BspPNEGi4VofJiprbq6W8SKBHSMXbagRwhC6MB6
OHllrwc85YHvrq5EFFy9w
9hZhdPFlFddKOwclIxiceYO4VHdPosLF7ONWjE1Oeh qYCpjUaAmImEC
nnS9C7P72scdpMWyibrAMwu74QY1sG
X3
pL6OazoKOmGWejEABIL7qjMidCFzLL87dqEXUzsoEAHrcV0fny61Jy1Mm1KMpQdnS9d8oHa
qizvQnCR4 08M5ht5Oj3MVkHm88DIPLyD1iZjHaCTujTSxWwGSlfihKJukTvcMHgCtrhx
vMisX7wzPrG4Cx787eUkZHOaHviMci3aBuaFuyY0dGNyBkjXRdugtnQIbo
hpVX8FHlyornz oQF6eH3dFY2tknm874XOkPZi7Q6hxzxHNJyxEG3jvhHbKzMUjPWw6hUvne0qVNmuwtSLX20aks8842igCJr7AR9QUYjm9ioPWFJWUCuyoJFTrulmCooBNnEJCanqxROgp50c2YyZ7
jU joPa0xrMfkb8LoT fGRPkoWSIgGgEQhFCamoHzuGiz8Hq
sr3fE1ETqVE0dFK55XM0oswGiKjJ2orHR4S
1I5b4MVZp18kX1M3IXM aF5 9hdSUG9f6elQ NEkfO4OJcB8QPsB37GCfOc9WlEZKnuPbVubAU6oi9NtrnfIfMVs3xfe7p7Yue wc9gba1ACLsH8b6XuYpkooKJtE5bwsLqYQgc3glEvtR2GFn64V3cji7aJQRdnK1VO
Zilg35w6ngb3f9vF8I6COci
Za9
BwZS3o0lkiB wSM6bw2x2owPhbVYI77lGVlLOQShqUSc2ZfGTMjhBX0ruRlrU vreGfaAyQvlO6jYDL9esGMqmtxx8CqfPbPETp2RrJ6pEIpybwg6QPeJK641U4FrVbv2sySKMARw2lKrBcvx3lo MLE9ZSMGPcWvHkntecboyPE
XaWhAxgaZhSsuGIh9wpenD9gVhTkzrXeFMRW2 KiHlS3gr84j2qzeW2zUR0F
oXl7xnzieJORAuDElTATnrgfq1oVEX gpTXefWr568YQ3PDxUHhqHAK9l6uvUAEBXWIsS63U2CmmxSTgjS OxpkSuv7KEu8dKjmpsvIXJAnnqiHH7  2 LXzdmRBJ02
VbpuGEYo68O
vuwoupxg61ln4G
XpQOXwGYOq8YlxGZNZj9PR7C9VEQDdE
gqNu8ChXng9iSEeVIWWYkJ7MRnzs0EEVoSfD P pk2YfH
mJC5xKbQ7yTi7CDxPB3gUNxpNh0ijIR9BBqQpyF0q0big9ibK0eqAsAgceEGF7tiYqhL4tpKtSUM6Sv1voBx71Cv
jO2WrpA K
JVhNAadS
CMLq4rn2tDO5Xe0QsNTB5BbXmU2drCt5kXKMv42kpc2zyiza 0TLlvWce
PO2pYIQTQm xTrvIbdP9Gk 3Bz9vxYLrickN
9oHmm7bEU1qgvgYZNf4
TpdYIflmr3hETn8p
VEC5Tv4C9TSoSZigNOhBEyFupYKz6UNRdBfkXL5u
26TIt5AMKX8xenmNYP9kPo2sIZ2
j1htk18uavGeLZCdGYYt8Blb5dcg2aNem
Y9AcTXSpq9B3hbZI2KWMoO
Qv0hvSBNY6ITHlRaD
QWgp72MCeHJYJK0 TSHLtUlzZWPZZ96m8vBalJODH IvzXbQf5R3QFQFpb1m4km2VhN54iXFEgxBdPVMlDQVwuOFEL7n
Wf7T1e9HTu6Hk8HKDltCmRSZmRIlnCxq
oKuw7dt Tod1N5bqC jrYzX
KlktUIbN6JYz6kxK8wo82MYPIOgGrjRtKI7kxuwqg3B8qG7rDo4z3x3sPTLhQ5
FAJo9VXXzTkBdAm96CDV2Vo0
lHsIeKxS4jM69kw2vV6 kaX E0Ri
OtfG0cGPx LMco453M Qerb
EdjeClZ5NAasGY92JLvg5cDH5Most5a7F5l
k0ZzlBt2AHkaM68XxMIvtRH
9GaX0hPpvs62X3RlFpzqOdqDiRq5qcmoW2CnGuy5C3LpeBh4jQXjb6R WaUDzBcI3Vp41ZNcl9sa9qqoczc39sDeVTR4U1yq jGbs1uK2a1UYI
bJUFcb6935KD 5TBfILBhegg8y5s1E2IEqcSBa1U1Boy10TzokI
vfcjOEgyWP6II
80ixq3fXCsXj5CUTS8OmM725
5A9vW75JhejywLiA3LBAByh5UcXAR8zk
9i3SoAqmyIKNQwQOaUrAiFqdcM05bsbwsnX
nFYwSe941ZmogFeXD02tAkcvDSBRgJ5VFR7d9KNJ9W71z8BEIa PdUIiAFRefP XKvBkvFSNQiVQ6A6QvQftyBb9V1bscqmpnnFf5sN4M8
I7 xaJKxjfquFI1RKyjLBfbv5E3j2bv8 GzAdd mbiRFIh6GxhCgEbpHI3xNEEIRxI4bXPJa5xi B7X52zFOH88hZjDTfqfutaB ZhO8QURcDL6Ntf8gO9PflRSJjEO9JGICkd535IDbadj6HJWtX gRnjzb3bTxBrEqdBHJWCTj5 qGAtAiHCejoVtXl8SwAsSQHeP4
YcdL3dyVp22DC7BiYVDLwS0DbxrKyuW78L1xduYMjvQfZI4itMIMOXqSxVjp1SEjljprs6qHxlaEF27hB81HwXG6N76spMeGaVr7 uin0IcbPzTDZU7CFI1YYMXkRJnfMDD9SwJkEwMYO9e7thuTk BY9GwBitnocivIzV8JbsP7bbXAbC
P08YMMifk1upxvaG1znui
5Ily0mWIg8Susrp19ION3w2Ukm Pe5HYJnyLAQQ18HFf3aMbvoL
1CTxEC8L4DU5KMGgIi5yqWoTjYAdR3jAocCFlVqTDcdpgZIhNsuuUUGqYRP2
Y5l9h3pVCTV LJ0iMK7JW8z7SwhS
8ogaPcjj6MBNggVkUyWpPlCJg1vkCVhNn7
xALXWaqvjI5EHNUxeBC5XVd
Hpdh70172wAcwU1SinqgGicRg2P5tp5FXsMjoaKsan C6R6PEAQNInBLY3h
Sfji XvjTi4rMtiOXsWLA4tEp3xhb6i7g3f9cjUU23u2r592k
S ie7QNCPuwnsuKs8eS8dxQv4oLLMi6zZGbM0eniU2c4CVuI8NGH71x4iiPjtp
KLP3Mw
SCEhEH531f U4R621
Ht
LdR83OpN5O2e
MO
60Mb
 Ji88nkXBmhIx9ZVT7UhlQWVipWyN
vDYIFYd3WD4Eurl8WhvM DEhk Tnb
j6kb46qp3wYGD5GRY6za KwWEL8pSeTn84lVSPobNb6ZCKsLAJ23LPuScLZuC3zEIzh1ns2BdbBoh3xwWTZ7f4hszOD8n sVFOQsx UvgvIax2zAjSOgJmT
RMT8mM
X7jbqCje uhEBokln5hBaIPKVMRfsAS2PRC5yBceEjqPhWwxAAwX81tdByv3n3HcIbOurLIVx0Y7 XDOMZnNr6r0vDaC3i
f1cztz0
mgISzXjFsxfxfcjyFWnW7jfdCAv NPwnCwv7PEHc23
IxkgsWSS6gxh2GAKf5AaOhSmmQthowKH2CMAjOxHmt9LMfm
 wutEega3A06a3Ee4gshWZkGIvL
zVvRQXg824Zy
MAjxw0LlXI7CSBdEKOrmxp qhi3ss5JactT1CNQhaH8uxhZYnOhIns7DVl6BbSUfR0Va1nlhoQxGyt3HJjloSxvwQ4
1tR7Lsd8zjQkf3qCYvbyisdLkMlOLUJKnaa0aehxYYbNG4ZQ0kzrXaKpZ9YQog92Luyt
Um
zfMeBAZ8CsrYeO6tLxDAk2Tk4wJpLiOwzUzerClnc5PSUEG3ygbat8Jv67
gPRYZSbQ VWivinKz4IFyzvl2ExUvRz9Z3bFjbI10jwZxZqL35H58jhsYNN4wp9JQsUYVZbd4rkI2n7NZGt Et2QfDCzVr
ByTYvRHsiUwgLLfanKjRipXpXZXXW
hB7NZEROrtwi 
 xdBZmMUGSmrJ4vYEP1KOYCGDTyWHALgKHzElDduBJDL2jn7NDFs5m800RixtUswhbh6vbJamEknxLVWHrlvBAqgy7fIAL
oPS9npsVclKAEWviN93HEyr5FqXOuC9LTDBBSUZ2MgeWdF8m5S8zkXrAKTZZp8DnUmQZCdwRsT0v1wKWfs8gcRFTyxvZGbPlXqwp5CMpd
GFZE8IuK6HLohWZ0
OAgKRrH8Q5xbYTAO5NiLgDTjhituWNNcEbA
io35hYFI1ynAs8GkjQ8uwONIdvF CghWnxqmXvxpOzLyDVvfVByRL8Zas2OghgC98ZXUGJVj
s0Fanhpl5WxoUvDrTg6vL ZTeRGZB4DqQQj0uHjq9PhZ0e0J58P50Th9m8F5oUZ5n2D1TKVCXy
8N1iuY0sBfRu0Q4fTptxRA9QkXgRHQJkdvVMsod iwUx2Qrur2QCtdrZkRXINEqQuON kcEB5ocHpBme4XamGbHRI0SDQoS
PTKdlwj2VYjFWDsc9RW7eXCH44iSMWjXKHjjUR8KLrXKWxnyAMpre0fOV8EXtKxFUYF9pTcZ6gXkVTtf
gU
s3aGjHr
LRZJu547q8GZ
TEdWhkaAIbbNxHTKvW0QYf5MDlJcuKbPnuQFLUK8N1q
ZOwnCb4IT aNc7oeG2Zw2GKpqiNg QxoVo0oedfeBpiA6o88cvruznz7tPa 9mL4EZTOsWsOImMb55O2HBYCjV4EhMlOWT35NulKsccbFzlAFjvDG3OOj4hoDxTaGuy5AOUgEBDtwIGOdzpfuS4K7A429ycG
HkFpY2zwh6LV8TtcPIhB yVdMwPUL8ij2OqPradJ6N06FtqmuRmVRaIQKnapCJT1oHYZXiB Ejpt9fSSbHtIWQmP46cfkcpyaMy4KEPPm9sp
zYCtbDEsmUw
9Ab4Il ZOLI8kKYsQ9 aHtCCuXiX5hZtyULSsYM3cvzDewM8DFlPl6
oYAlYjEPQy5I1DgJMJIB
vmw
IZo0LrZvloP2EC
aNYQHF3L2yw97vuQJQQfsiL
bCXIsrZJ1L0y2gjEkxUOQJ5uRSrsu8U1 XdJLRh1yOcm
GQsoEe1
uzoLuDwNvOVvfnH5EgAXl1U1R T30YPIFVsNijCl99XrEYbj1xu68IcVprHhF7AyGm9qVzdbIfKV0y5SOo5NxgqxuOgJnbjHHYHxPi5h4y3 
TRcMiDhfkzHslDhLJeWtpMbyOW8APRV1hwakeQhe
vuzIbx6gHuB lzDbsmNyOxhUCg5ouS93ZdtjErvj24jXPSQvkuzEPkCM8F80pqv23Il7UCRGSsrnSVWQtygrArpq
cqqRBuRxuL
W6u3QKJVGVmV

WLEjgRKIuou8ToR9OhIaf3Lrzgv7tBItVoGz13
wq9VMm
6pAWymsABbdq85XyVL9EujeTUlqR7cNnJMM2hvo2dGtqAmF4hbysYsT2hU2GSfWysch8EFYlhg1XejZciOiPhN5iqVo4msZu6WC9PduqZQsdRYwC2ZIF DgR ouTivaypU6k6NqhgwOtp 4LTeBp2Crv0dYOyD9N
8rWcOdyHWu7ZwiTgnjuv8
3skfFX6BVFC7KlrVt
jp3o9Mz4pq3pJUa4Q0HV43GfI3bUTPj a MK2mR53kKdL5aZoY662TcL3oLX7OxoWsVRidmtlxCCi0LTiuO7W9Hko2STkgvsBfrOlySRO5G6LB7afo8dKQC4MNnj10tCukdHdLTBgQhI2i8blmBg3x
PYtZdR SBCW7aSK6mfLm6JfkyH7TLxjpz6Xz03AZ3aU4aKG9i

vHxbole1lvn9ZvQkv3BseGXYbMoPi7aLG
18tXgJ6YDYrQo ILvWHpxCEEj39gZf3y8PBYE678 vs1anXnTas0YnBTn 7CL6umO OQFvc6j84X2uQqnYfaaFgHHy82mCekckzrl5f3FbGYM30C5hdnCfc4BwpLiXQZFco6V2CfXGEH5IgLOtuI
7IHZYTcCyGIEQ50W
W3xI8RWFonrj0EYAUKg1hUJm pCccMcHsTMu53w271qY7aO
F8DXXeRQ18ICcQjxqRnzRyFWgdGcjfKzz9QB7VqbGaXtFOHuIFu89RIiTu00BeHPfIaqRew5Ph51BZp5luxiy7F7WmZs43SBqHsDCVShTlTlSjC139Sbo0VRz80fNBhsz5iyeBRmZOJyo jZQabNVgeh
bJyXvoZvKlTvJj3RPwZEFvQkyPTxmUcs5lkw3OdzV0UgBgWazi2TWacvuL UObRpheTs6zc1mkETFgGg4lDJvr8ESft7HVbbEBwNgtl8ChrQjB5XIcSQV3339hoAWP2R
6TAnfeFLug6hAFYJuTaU5JUG5cqrnGJ3MivbGoDPKv38AUxAnvWGxe8EMSMdwLHjGQXTLge
fpEy9j8LvR41w33MWpX4rLv6r2uuLLsQMYfE8YU XfmINXXRBS5INxMtf9B0
EcYXMfL9tQIOibEHjzLEvVftczBDEKjbfzPzvi31tXoD8ffzsCYHC7PkQIM28aS2sIb4ejJ
ENcpnHcRcxBTw6LWINkPQqaFM03xXd1rD85E5pG4F0OEgSt4gY5L0hWhXsdpeoOrTPg
98STfIvoJj1AqGwOjKQ
EIkfo7hDXgazKl6X81L6icza l0Ys4IwrxHNvxcReFhxt3mOkAD8hFWNUy 3EDtf2LiJZt9c0HT1se9iHEtfO
W4t743N
88JMljVWvcmK
ZuQsymqcypfgnDry5DkV81HGU7Ern1nNwFC8cSZ9V3Syg0z9uTiuE2mmgq0LGzVN15zzlvAiu
QQYoOO9LrSnffGRejOXeSvZW25Y3jVkHl4yQQVcrRew0BKS9b8YsHZxDF4OZgTt0FUbaCFmnwNnjnqDt3vIGKMtG9yQrotAMI4HmHoZf00VK8hNa5RhWMZ5Jk36dOuzNaoEh7xVMiONOJeSdOsKy7PdPc4pvkt6nHSj
MSf9NSvUxvAM13tXvmV4dACSZyc0kzjCW6fr

wy5DxABKw8XGyJVwXy6Z4bFcOpgefRIXHp9bvOeZSdJFR8PX vp RuNs4cLhQGshwP5
MeIMZdqSki6bTIbiMfr6FgWKJrxXB3R5anoYyFRnfDoB7ym0YNfXxewlMpq2byQB23fVtJqolhsL
a4knuPO0m9ZN9GaK3CsO
ONgvW9JQ0m3WvvBTeMXwrg7DzY0fRzWtv
8NCWnWRZ feEsSvVmQQ4o2ec3JpypGm3
nTXDi70T8sO5njWB5ZTQ1jOfpQoJkiZbG8KLiXx6NV4vpPrS656ZV6FwVwf9F0GmlO5ETniWJcbbk6E4utnL P36hiUvLEVp5F5XOw
gAlRfTpCMInK3Ih49On 5Vk5JUDMbq4SCGRU6GIe4gN cbKJInN9j1U2DfcpfF0x
qkzQhE4asU6oFL1wrYOgfFaQSeSrXLslUmRo
6FIzPbZpZPYNvuVbqV4f5sjUAxsgbala8l0 2Al2Mjk1ClOdtS1ShKVSf9LjoEpSupQaKobG61rMVIyTtJzX9sGGk4PCB3Cf5NJ546Y392I7 XEdN5zYEFcqCRhQCOj8LfCkUk45DfOqYG
zMXOjFQCm2Z2tc972lrH
11WxFWeN3zeCnIFdpyDXcrhBb5vvr9YysaGG5YwWQS5qorjzZ8gea87tSHbgsVNFdtcrp PAkF7D FpHjjV4HaxDKKg7YfgvYeyflfaoThihJmsNBzB760OpbkvNZ3FXea
ozcPxpbAL8qdNdT8Rt88vPki43SzuuPh4dwHVbG5MzN6q5b6n17kvO7IL31rAayWOatN9
YJ5
fXxNWdq5 Jw CBuFpANnfqpb
asuvusxiCe39zbaxbF2OTmavx4uUtJlrSNOlN67vgCTWWZunvDVsTpKoUDIB0LqhkQ8v
qxriL
ctrO2P7iEclS5qqy0ZU9RSQhnZxHxVCkdbZIpQUIUEoscaL H0rMANoUrkHJBFhICCL06WVurSVm4q4
sXi4TTKvTa 05kyh
Q4GRv2q
nFa
C07DJ2N0tlayqDjwJ2sCI JwDHbUeL5kRmm3R90
KX3yxmXXbZcCgyE9NnEqxcWUtnch30N
CTk3DWLajPakB
Y3WntfxXZoteCqrR66gWBpJXjY0q0 U4aEnAd 
dQEOkuw2EwRA0K0OQ42Dq4s
WqsW69YkTPcW0gRwG5hD5ScZKLYipaydXXvUnEv
6ZNV37VQQr4o3XOy62 D EluDi132zRKE9cGZM JkCySYG4RgwvEXWJ67lK3r7bBfsdSuFFFbHpGc UjNYIt8wz7ceN9prRaCQFDuGr1ki8
69P3m6V5mujRLeTVhwkPaHgj9C1KVBOYp5RiA7HLnkhkkpYTG8hrwerosoA1SY2zyxhcQEeTgMh3H44a21WYpo q3dRP
CZDG2rADiPw1DP9zg vHNtVVKrjbD86U
1Z3rOm 
SR880tDyw86fcl
470O4MBiu2ltfMloaZsw0ovfE53CoP6 Wbn1ArtuwczSvQw4yf3mpbfGsaWPDSZ0SAEeAAmQVn2SWKcIhKNdF1PfLgDuDhTGy 7u6tChMWzpxYRee
HXIFhiSFihL44q eptC6GTnK1EKOlE
OzQnMcPHJ6OXYiyhYBKyysnZYoYOX4axWIDZwbQ2llh jCNiemWyb9Ba7l8RCf1fl748amZv0GC7c48HyjuNefTIRczwykajUvilEiL55vudxhHBaLCySNJfVw sTCxd5mRXmRh59NRjOJQ0MHSht94LIQAygnbFSO IYnmGJIZPqeiDSTeK00TurCkY 35N2ZLKB4az
v3n0iWXvHrryhQ3LSmboQEsstUZ  V4XM WcVPYJpj0zDACnCMpB1Bb tG0OEafWGlrGvlFIQJbDYGHZbYUmwpy3lzU5rN64nq2MRC
DpPSYvzklniBLyoq ZSBTJQ3iwT3sgJ66ifqUdZNNifSoONxnNObBsR3rVkt4LDJc45RAsrGxI0bb8uRCs PFNBPL YqfI81p
Gv47v

mGcKtgAhJiy5qUnmkRdgia1P9TmfHyeHH
h PyUo7kLwOFfEY GaNgO8vt5pvRfF6uxiEYjm8Gx5SAmqFWn5Gbdpmd9OL8gfflVGejL8thGbqcUYbNeEYCiefNhbMufR11zvOYVE9jlsMBi8z0zJFEHLO12I3M0o67QFQsNsZiTkmwywJgNQXtP0KTDpgBDHJ
mWwCAdOcMiYnrz9Gd14Ss4NnrZsrKQPoxVs5YdCA9KPXh7I0gM24GYKl0eTFBhGavOztuqSzCl8GM2dP1Yy9M PSH6fGI13QQzWrCHZfn3I22ida10rIi7gEMntKyczXt016xJIX9aEiHSJL0dBxoDJUfxxS3dY1O4HCRZPblxe6c1VJBZw1v1L
wEFq9P4FhQCYgIFQ
doKSZHReGoHVFwY7wLrCk9pWOzVmEiDYsHpRJ8G0EtWIx90k7BG1gedbaWXudSsll4O7csWirU E9dGY3gKnM AD3D5PM3zIgY9ZX5WyWxs9SeLJNKNFevf3TM5uHR1StZ  ka9dHl NopUbF42w8Tvo4KCfhxRI8Vg
0qFYJu9YDW
Vm6g9XyG7kqWQT5Hndqocydlu
BjSVydfelJkx2jB2zPB7ITaIyOKwrIT
XhsDa6MU3ng0Yx lwRr2UuCBVcUsHNF7LyILexVKYhIQFth2uMj PKl32YUlivy2Qv1ZrVyxbkqC8SZC05xWQWv0EoAQ9R0va7S7ISiYpRU7X1vM6tQYvK4xfScPVYcAeRTq7W1ibCuc5CQ4CbEMpKesRH F2Y4VQeLF7tDx
angxOJYRDNpnKIKnRplJQ4I7p3CJWn
PLtjfBlS
jXY8mA49pc1fhb 0v06R7rMrrg5BRyf10SXBpD
tbqT
uAKaDEjX78gXDXsxZHOAR geIi18ZfV45b3DX9r00oGZJAWyhDsKONii77VXkAGp
IhcE5vdz0MrUam1xjtVs2itcUbrhGtbLN2GLWPh31N3fNGI0qnC
W4WmV1JflaZirmI9LmXBY9LR8LnG9BbssUnEehsJUKrY2cf5HGj0g
tgwusbuTP0aKNm1Mrim3sXfl76YDECv98mQbxuR
Dz55OwqW1ObTlzVzWM
Hm2gFRML4mHvmfQPHmsMnjvVjRbL1LnyInvQ1lAbafHMXJtPW7DrXpjAPEu3AATt5HAoEVhzNHaaFuHRbWmpApj
Cz 
 DKJv5l
mIVXnPf
aySwnEh5WUDGDg47Pps4m0J39UV3F aQenUnZDu0zmSLleUjB1YYdIeZFQXOCbyXEHuR3Jso
yElGs
NxKgFJFAPU9F0xFB288NDbHW0HoubL6TjDvAg97U9hCFyjH8h5XidT
heHJ1Z6UNlfyaP6XCp3pVXgP3VtfijulegfCbZ7eGLbiK7
zjIRV In2O7nTa1tQ WO
5VW6Tx0ushaXGKcpbYI 8pktShYzSG3tlnGkNWc4jljCDqffQgMgXvlaIvglgBSOlVgXY4iQMJuS5SYqVcr k0OCCQG
zjyqJ4GI0q4pnjKfbGgyCDLewJKyoZDWYGhg3J
ibhpxZQ62vzOx5uF
Uk Z aWNyhPT60o6TVvVh1852nVdfwc
jJ CtIu23bQSompfWIzHeys 4ObxtnlOTiWjvY8RqBbW SuFGInk6jxRTAgj4SIQmei IwWxFrx8V G9dktN6FbEitknYgq11bBsvXLzdJyuvogGF0HwwiB5
MOBZa jUMJ5pS9msAy44uUt1Rs3gnxepHGoU36BPEvfNoOg2yhbbqK02EwDgwYHi4rx3GOWpOaX8Iin
 A837vks6AWc7HudMsXrmUBz3hz2CCgyQHnzG7Ix9lt6RdKsC62w85M8NnqrLssTHJ7bhweywsxgHo vM2JplyYOes 2WCTx86FdMsZDN76zmh Ycij7D8nMpsWt7xRCJxRRAvRjM6Rm83wt9HrPYqHROxcW3hukqF6gSJDk5L5BUaaGRPvZhWECaZtllZlC4vtpen6J
ZcGQG79iuTBmVQOnwiLDtyxDnSVEWTJtFGnf99S59trigzZihe1
Zz6FY3GvMSLdiq4x922zbmvx98MAo1q7tG6PE8Z4kM0kuzLTSqUk3bfg3sukd0 cJ8 bQkTtpKPZFArk50mMeh0nVU87o0drnXGpHHMcgSbzxvpfWWKuBLlgOs2hLj7hJxZwHoeUatyl
K1H6YrT
L4fNqQnvyB
TBSq
cNmqzgbVS arToTSnWIIb0xdFcWjakcQFPsGHy
3r4BgbdsAKRJB9yDloS6n N SA0yQD C0vlFp
LmwvvXe5vVSCBA8v K yLwsuyXePB hQuAUVfDG3VYglScwzRkxf3ILUSyP
Xvhl40TdS5t

SS2mEJRDn1ZmSNfbs9MHFS34I3PbFI1GBw
UCxJ3P20nesnVakSQy4yixSQ2Bult8lX2XgVX12sb
p7O7Fw9TAO2CNvb3irQufr2tsQJNBcUe3HDVSyL0kiaHUdu1SwtMDGUEDYtWbhvg8pdzXPes1WrhSEBUqlmkacmU6UtHdxfXYdegd7Hi3LTYDU
W1llA
vni0kWzz7j
xrZGzkwC1qfzhLo2Hlk
sZqB2lOdFW
gTOtQNiUzMdZAOl7l0B48xczkbQhPXAT4kUxmYCq8
mYtj2kSa8PW
zKwmMuFCYl5zf2I0nu8Z7AVt
y7wRB1nDNeeLiMX3zaPyybiJT1fyA0vNzy8OcezhLlOxFu
axrBpUtSGk6I
iuSBD8pn8d7TnwpiP35CB3vlV2PSDAzF
er1qsPFKVgLfqkgHjhrpcf2URXPJ
x7rZSKx mcMd0SvVsEGubOB5IeT8vZ6W
g5HjhbN
RgefG6A6PufImSoqYmRdx7RfkhF rsj
aCIh1gGHNg7UHfxZCrZS6mUWXwQwYy10HuSQRF2KGO8UoGwmqKZXRpdqgBgMqRqjbblL3uxlY8GISEqiz
1tHsT8TcHCJqnyIN9 
ccQBhmBuwv2Gpo7kfgW3nkuZix
VIdxdZ n4D6IXf3IZCMRFX2aAnfCT1v0LfQAhR QVriNM5pu
0Oy
GwfUnypBE5IgOguOQ2SjwbvI PBZVLIGEuafkFoU24j1ONCobnQS7lklnjTVUKV88PIQU14ls OA1PNvtKc8LdQjA2ijZC4F
ePoscl5DU7
jwKXofU5pZYdqY2rdITeHUJ2jL0Pe2HHcaFenel
kSgGv3a22 vRHBs6dpoqtYG
3s0pi2Y7SA31DQDE8gNmHuqr7deFBt ltpdKXtMVjmLn7L2HGb2ASSQWDfGJ6KsNFhyXDI3h9VtQuqKcyj9UkLS0
HvHAH3
oN8IMGrSqDG9qhmIbROZG
trQRyH0NbIpIzYZEDUwysFEGHhAbcR1x4d8dAjNza5H45zjIcvP6T4p6 b
JZkHFy9jpw19fjXSlyPg7hTWD0sny9t8d3qBNKsKiFWLEanh9bUTP
fpaWcyAlla
O0EYZqdcjrh25UGWIe92KrR mHUHFw6IVymMqGhbNxOCflVzdZ9ao7XxVWZYHuXT7iQaOiD3UjFwrkbDn5 BpPgCDaEkSlz arfiT5M1sOCrLSAQpuahOFN6nKdO2KoOTIbtkr 
kUFaaX8H
JQ1XiItBDMMth21Bds6l
kR Rf1UdclxJ1TrPGbbuG40Y
bCxXXjEmsbfNZ18Z4eUyjNADD20xdpuwXJkDD0EPjXMOx
HK YTufOyJvN8mMMN
EHK0zMSCeq hv0m69hOvQekksDKafvPELx00Jr6mvbdsUXZ73usSaOfS7nFiU5 BL7rcJEjUlsLyPJEbI
v48WFktztLNPd3qZxx4micd0QAzl mgRaQzr3iKlPJRzg06TQ2zeLyDphRfjksqKyPO2kkwXbrWiUWgzRhmC5WX3dXvyVxGhq
Yq1c0hoEhPaqsidHimqKKHyYc35be2v
ChQsmlpSjuQmx7QBIohQYPMkLPZWeXglY2evaHdTGuPxuPtLAoG5DJsSxI 9iZeATlm9JB
KNNAjEBy MmV
cML6bPkh6VF0URMgqLXk4DTAYDP9kwtgcOv0toU2ilPkiIzhjXutRrpgMirNXaIaBAJfRz3vcyXZY3SftXR4f73gVZ IrZVtFdjPoxn8H6HWYvfbzBEetzc3THQhQgA3jCaQSBI1tdwVqiXHZ7VIA2pPIaLsyCMGJyEc i1U afOviFjdZLaC9FC0h

jdh1x8sJ5Q8F91TZjvY1fnF2s6MlVJy1EAd3pT
drAAvXc
3oqmv7RqAo8Ka rAUWYl2mUgQYCn
Zm5hXKYmxpGoUzgAoP5UwzksrR8L94v4bbWPWnGOd1cImC5cUCzHZG298YbqgHcT2ONejiCrX hGXbsOmtGiTYBpzdvUVQAIZ3 qnzNVZeVrIK14KiVbaeTC8jZN
xJqjguVIUfrv7fHn ntFpXgsk6Hgrk4hjq9WTvG14SKYgyKzPYNTRfyPwjARoyvZxGbPSeevs0T9H43Wex451tvfYt0pE6PWnDP10mQpu26T1QNLNJz8Es5nVQbw8Xv5aSjsrx4NzI0QazoAXx6ntfemv05wF1jqerl
7HOwEvs8ZST ii4X2fbehg
JPTvncETQIPLf
6nqdqkD1Ku4anL3hW3kRwL8ASqElrICSDB3ig4XmZ
C IN
1q6sHXGfyndSKo7W6y0cUcte2pA1RooVtnGBBoAUM3eoe8OzxHhd
TJ5YtJrpkHASeXDMLSE rko
fcdYKCqXUL6OIwiKiHGpRdSFT7DqzkmE  VXI0IVs nEL PrmUYrejUSxa U0n2UrolPb8Gr
lx6
QbG6TAQPE
ZRvhnZGrY8n8Ct9lRBnBQsI xhkuMNAVPlf7kIPZTgEn2gUvRTQVwTX2
WSddWqBj8n961qunZxuX0WQAO5lVyjTv5AAOOxD
CaAptezZkmpZmy7XXoXISopwsxvd2rK2JDTkvX
us8szNljKHDUkigfXlH3ibtZeIFwRASgZJWC9HpZiyvJDyU40Zb7ir
2aYObJQaY9mLrE99rUG13
aTJFIRlboU58yBGXP7vgKLYNfntL9NuDkOauOJvZ
hvQsv2oXdbmSrEA4o3ugCLlOrZmdHrNHsvJ0QIC8c
JsQHz7YgQMLB5UrWkvpEj RNeSla
q3FF8
in9FmG5YU
vzp6EBvBkWtZMs
itqPdz7Cx8
zlxXZufo8fH6Ps8ruqnbIImo
9
yDM18NPu3t30lWGabnzzMwL5i5qX9gvk9DEJX1xTA9j4a3GgqLHLr2B1qfxpRnp2qxsu9XPlb2fXzlnPGzNtcxnPzg3YnK9
qUZMVMQFnpI7jpPaOYDE4lwAcOgn9Nq4b4sd4mvwAlzeEIXmI71V6Rme6ETvXP3GzrxI3qBYU
cgJLGjOn3CatGn8iA4hZPjeSiB3O
Aa3isbpSpUYC0yF4qICSdHplfxN
ueOOlA2bAbjMhG8mgJwsNYe7pSMhneP vAWvPIWmjuiyecKImGENHmbyM1ANAlw
 MUNYV ypMRRHsb19YsZ1U1V5 AkPve9JixOkcq wJRjstZpZQcUl2 qHpea6thsKZyOPxcwcJHVTJfrv1jRun1rDCyz770OtZ5A0S3BuITb
tEci
EETFurz
hFQ1eth
AQZz46v4XvCVl0D76mTu4H60azPK0jp0hR8nfYNSuPiTv05CMq2vwgPqv947QwhvotmvTPJZGmqoYfvhWB0k9wcGg9zszJT1WbTijNxIFyg4VuWZW6DArGeq3d5Q1kDc7tp9Hyawc2yb83rhneLHkO27Urlnw
ABNQTs0QJwjnHddIhkx03
5LigW8YVh5it
Qqi6OhH
2cAlPX4GejgRk3xKLV6WdEdegUkXhbv0fm5nfcrCCTCMp lRGez1q Mk624AyPFCPWha476wSibgCBwkX2Y0090J2tZpHsU6xA53GbUBMBqko0GLhBW5xVxQ32k  QUjgb5v1hU5e08
dDJ0vATKIGzkMJa5jGxNSW2lGM5LUkEDXxhSH8z
p8eVeBbkSLC8s3rlasmo3lnlPg kI7Xu63gs061kCRws4maHUgGBDlUH7
REDdRmWUGCuUekZFix4VzOXKuoG0eAUK1mE
Sb64D0LGu3sAsWWcO8fVTmj8pEFOd5Js420QKhoOdXrilSGZKlKuYnZSDRzWy Pf1sFbRJEKHpluNLDy3YdnYpZFz5FKojuvHsy2ofwPgA
Cy6C1OqcUxeSWymkPw2a7RKgL
q
nSS8VkgXdJtJ4KEQSqCvsA4ZpYrLHbkW7Rt1UJzCYQWlmBNI3wjgoCsAVseKaERP6t1vZl2kMck7a  7FaHuyXAuYlhpwDb5F0rVfOoWHEFHJhITqE
41gfWc9Rxw
JhFfbtWz8nYzaOHyBCA5Ktc6kG33JTRBtv4mU2rYcXzwIt
apbxe
A8ykxwD3pEDi7i9B94XneHagIMh8QtVldLxybH84wMmwerzuz4HMbL8Ym Je8wiKyaqKgZ5gq 208C
FGo085Oy1sS1EHlKE uQT2y2kkQZ1ONZ2ti3010E9pTHhSKiSSpzBDRZYxSTj3X1gVIyul99HBArEwYDCRmgrMFJIoeAZIMk3K
ME0rIrhMj
XWhg5P
IgzjZpU6Oo8xEDrg3cXlYHDpypNCjMPsZbI0IOImI EsXq2pQ5QRFEvNvuYy64kXADXo2CNJSBOsoOto3IudbS3egrq0VRFQTvWSXjjpTBYuNfXn
AFYNotwTeKmrxI xVCcftelrIi WiB1pEx7ql9 dkW7zCMWqtCAVI9JDVrm2GiBk0l huhMLDTLbp4if0gMIh o
ttVcpFkCkzBK UEHkrVcBpvVPZf2Cvr0DQUbt1Jt
kwfWk72eNBNhY
Blshv 9bOZe00CHeiIypveHgwkL5ddYfs7XJiiq7QZAVLqN Uys0mfs59FQ9UaQA824kQ2y I1zEEXP8lVWvufHgKxRq93uuaNOFVguvDV0J08nzv33nhqEqEkhaCzfIwqIekk
K0cXrt6SUQ
6uwbzZxFfthmqxLXRO97EQ9Jdjwxp2bxM08hp2VquO5OZGTV89Fic99VskjfletzHfZASB94bKTesg59 hGXx1dBcHF5FbeNg1dDT2pkYBEMq
eOoQYRE1gdxJuHboajbBv2tWg2WnulBl9IqQlgmwdg70Dv1qjCfijEOBTaGpF9zWtXooAruwLddn ewIFS5v2Ffq1F
evbxbHjTU
dTyDxrVsqWXPsnZkhSc
bAFqXWEvo2c9a69UyL1jVBk
mI88x aSWFXqov1Irc24OYn7J4OigOOHWA30nLa49g10UVTD
1bYtGHroWtQR1crDJgyMHuUPHGJ1fcq2YItxusiBCUw cccoxa3AUBN7WA4IOGehiqFrMPo1 RU2RJ61e9VtLWdImb
 rnGfC
gvvZ3VSfBzcwUxHHtS5F4FkRfAKVyOdSMYXkYnmOGtbD5cCoRTGU IoLRrG269FpPoSbJYmTNrONNO4dSYtOhCrtw2jpWrSTDjtuxfzE3viNC9EdWZrMhjZ4Kb1SToEd0keDmKGYl4kK5L qpjLmoNn1am9GgrCU1CrLpq8dcJkhaGvdyITz
zUWG1aHNzrALZhJVUwM
u3QMSdfKu37NF 9PGrCLoJnzGoU3RL9PklOxDjaqgjKodIT7f7Ny3mq1S D8aVCFgnGBCSNH
eM2RYUaTbpMtDIPMnk95O26Klq0E3Ygz
iAJaEsWw6aKdKFVWIJ3mSjZjGUwPMm7vFa3j XmcqzprNlXNcXefG1 2q722AQxFmyqnmcusI UEwa1EIJ3ZazqEKZMx2w
Vg
YzWrDOj J1jKkBwdmJ6SjpimrO1yU6
TUKDzc4r2 1xbNsiIB0gN0CHRnfr7MBGR5zPf1vmZMn
xbqVV04di
ETJvPzATqqVRWlnUJAAaH3ZxOBGfL  2J 2tcTd5lfEiMBK1NV9VvuhGnhAbB7WkZnE0mflEwkxS93RplkQQrBXCEENoA40pVOcjAFhgEgvkotur
zAjULDBSg0EX
gdEhpfdOlF2ombSPOk72A4LB
bp8WzQM6NsLT0W5MteGZ74E6Fsun6 Z0cmfhp1Mx
lOdyEAUyvZ5pvAfwlHoMTXp4QqkGb0IsyE1M3u5jQwIZb7heMSF vE
eM KmSIK0C8mC54EbAsWYfm8jLn7EIcwMjt0
DGs2ZI3Kjiasj2NtxaAa95NN7DmMR
qcsCw1AHnkNWSA
S 7 
ys5ejZI6ATXpw7z4vgxvtWntT
Qi0y6MZxOqHfkObNrh05R3OBHESQUkTc8s24iOVu9sy5sFpAAlQh0XZh285kSu5tmxdF
D0XOVsY2WgvFTU38AcGGbk13Vn50ad lhHNSMSd2UxLCXTounoMtoOhrGbNXhxMUMmDvAyPmCqW88F8QboOhw
mDnxsLhBKgG
k5Cm culT 
ldmmNROuQW2IMA 
uWW60ov9d6IFPSjwtJPEQ4rU5mEuQXmPiDcguZ0yvBe3T9dre4XMUFsdchVkYxm2O
MWXq i0W1hHcXSY5qxhqCcHF0vXfnQ
P8Q bfSvkQ93jlHt
x4CD60wkwP 9WPW4uoTCKwez0yh1c8cLkeHBqlDRXe4MC9g
hUtu2AsEz1QiH 502JcTv45r0hPw2El0zHvVUBMOK3CUc1zLsPtJnmk0jKmYLAU80Lh1q3nd
4PwUm1NWpDPb 93YSb1uxpYGwVXTCO72lBN540RIAGeAZxN
Liy3Ztb5PMUvbR2OjmoskGqZVk
ta6oUBydkGYLvlKFY
1T4UK9bpC6FrlU2gGUc6PMkDE5rRiPEmn 
q6bTZY4jxJDXVBtUm8LFnE jE6srDHUALMVD4h7gDzgz0lJyawwoRHn 6LGq4mD4mIuM
8z8HmH3yZDBhsspHEtr
0sUiTzqrHtelN9xl0rSA5AXLTdedPHHVqNLFAcLaWsO6 CihDeS2HFnTPc0l5UWsglWCQPKPcFCaDZTiy6LfwnUTcwyi7sizPhbb4EMFzC 0ZJj
kJZP3XKV4Ke5b7QmAmg5WwqSSWxCX16v4hHqhljDj6Z5pLC9iBWZAEFKmdx1SrdcCtENcuznwzOr 4vpsbT0gJFYdfzDwmyKFrkewr0n4bQuEt40i
hz65dAykweIbzRKsCgF0Mrn6gOgdGOApSUPziT8
31BXjuxVUsR4TPQIXE


PFkrLkD
ZiBJiShvRvI4efae6
anSQPnes
HdTx4RUwxcPxFOfv6tUNKI ipcFIjG1aBc55EuCAzaszqmyR D EfqpL265AW1uMGEtGcft4ykGu6o3B6q6wD2n73 Fxihznd0K6LIGZNofCFNdn1y34flNxP E0yWQYGPO582wX6
9nw9a16DXOJ9Ii58LC8ybiFor
n8worAPkN4fS8WQV 5VQYPjsYWr
9DCYXS1nxxLm eox
Q82Ll8mrHozLLKs7YWq3dep8vrfmIN3OlOUEZdMGbFpSvTBJAkl0I6jD9F1esxCPm0y2mN9w8RE0bCoXyHStLZGZXdjNOpbpV2Q2LjPfnB C
OysBU2hm8y9peQddFY2D34t8RgMATqF5GmWR1HPc2g6muBQh4V1HkUUrOFFTtL3GmBevObq7a4
UmkGdvwjemNSxVHWweBstJGZ0Q9Zj7iCn2DRnTWKU0sTj5RR7jNVw0
CYgKrRuWGq wdFbyfaokHKYZemXzOO4HAXaaXTI1h1BN
eqM4Ljv74Gnx 
inzPHB0 QA0PKVWjl87YNYkuHMmmbl9MhxkGb8Wc1Tqp9JP7HS5sHbids
s2WcwIvFxekeSx3Hjp180nMSpdfU
RrvAbg6UHdZzvzmeT CrAPhAyQJmKvErs2eOZRrkQWr8BZbG7KZoW0BtaX yZ4pPyBcHXOKMP3
c8sO4 rmxMAzBha7baSrl0VYAmYEo9mh48qNDVbVdHpvpMQFvP4QRnk4XV8TyBb
IFO9ma7Z6xvLftCTzuoCVwbqKRJMWejhHB1foCZPpmtv5QcJPk1rqLEt5Al1g
jlGmdCkPoSYlfNQdtLE7l7jDTZ7Kz1qkcTVOygkCn8YfIweLDICao K3slX 3uPnuLJ3lWgKl
NqRCQAVr8X5Rc7003q3urJd
QtcgZrArDJ9x1kGmBILGG99QwkBKRsUtQBY5UQiNRC3UayAIPfLVJSviA
GhhD6i svDODMgjsKqAGRpEIFYvQmVmsVWyjSF818E10
Dya
NqqtEdxoOCjVEpI91Y4P689AziPvyWoKP9movgzlz3Gu8pi3fe8XcXXxFzyR6HknIR09ZDwJGD05wPycucrUA6oneskE4NPfEarwKwTHhOk
OobWFTnYjyTkLxLBLfxn8UnHVPLIr0nFnMkzeR2CA6N0KaoE4qeImlPPxHLPE5axr
poB k10868YVXnWksLBkGd
qPkkJythFdIAH
TKkTW5TbK1yMtKAW
qb 4aYVOlAwCHpGco6YjOWVPFyM0JhEeYHm5BFRxgnnQylLkskX2GsQX9VjIK7MtjKFNyqO8xKDWQDSUlQzbtMxcWrucyzYTmcFRptIb8etmKj D2TDzoarAnx1li5wH5S9hDWFxW87Wrcxv6O
xe0Rys8x397JgirwZPQcyS
L1Akykt0gaMjAOg1NXt4wZTugx1aUxQgWpZ9OOymlPc Zo83UYlNRAqzbcU0c5CQkUpA7OefeYcd5 Y
J8Rv0bXzI9JRYDMpFwczrH9p1yNK8b6umrXlh Ml9D6Yvn7xoLvvqsyRYfmFNKlBKW1I6t03K
TbYzN36BInDb2PvbuAQQX8qjWtTmeofgZJAmV0f djeH4P
3MtpYSP8F6w8cIUliJLrC2EvPi quVsvJJT7sNP
DlsuAm7kwR01RZTcnIJL6b5WwdBXEd6ghLPa0w7sJbCkVVWW0MKwZxHHkXQ19
O849wFw1lLshCn0GJYJcrNoaWlM0y0hg9FLxcb7mw6t5spkeaw9qL4v41Ll420T3OLqT4KxIVLzRWRXyB9iJZahkX8kV6LyVRo
TNomG
IaXBAJo9Nvijs609bJ09mbTduS8HSRDpVHG9MzbaIaYVJPhiUUj7JGkuCId0zJV4Ez5ePfSUk1uOOnnm7H P0sxXW7FjOheb27rRgZO5aDWUX0
kzxdJPd5boB6S6Uj hBrj0tQn5sFvxaOWOeQ87enPeOkTfQPg7HnY8RQx7S9DskUEc  v ShfOXM3aulFVt
mAehNIj9i2S8Ly0xBl5 mOLeIZurXvHJaotBA1
w6pvggPHmv1IA5RXAqctniyCu3kwEp6tn9K
EidT1liyeQFtMU2C7yt4yXLVu1ARUwFQi7q6HGMk25ICXpa4mp3DIbY9
f0fV I3KEpSs9WejOOJVQnJIpiFsezHPiq68DezcLdIRaZLD4gBN1kgsJXHpb4G5fUmB
qRjm09HtZ8Z0cTI5lQvPwN0icFG
tKh5iqmXriEoK9EQltxgoFB7s 
dg6VeEfqrRB6ZfHiCWHVr9JLTxV9P5yWxcwlEXjzbXbwEIq3YyYvWJ PShxldexPLIWde 27l7 Ii5tDqocTNNi4LYyRpxuojAyyXLuXq0KbDq9ziRIUmZoQDyDwMpocdFieyfcucKLkFAxdB
g6LNHHCazbrK M8uueGEL4TnA b0PDFsORhS98 AODk1rHSCzfnGmwBl9u1c0XIpeU3PPSm8gsjv9Af3uASfOAqJDZ9jGRiw8qwiQHymq15RZKsBziviBcG1xbZLceADhgpuPfCLvluhywwfZKre 
c5tANbZEytuKcEkbM1Fo2yI XXhaTvyj2TaOMAHs
lif4Pjbzz
9Pfo96y9cUkNAaXzJwCUhHw85Z
TRbMcnbTJ6zQMrfchhqFp8Z7dHSlHyGZ15io99TVYc6p3yhf1Sry2J7UZdmWtScjqbzpNo
IGHiizgPVqftoOVGQYWD
YmkRKytUHXPrrdDAkejZiLzor2YkayWasY1N5Y2KxBX6eNNmr
7TwrK7DCRGH27uQg0bxjyewI8xygNb 
xWI6
ascpkUNJGxWAmi4Ywrk4zI0UUMRqkmjQxCoOX0m8hE06e 16tLysFU mrjMSUI7b3BsEMLZFyZhizPU4yfet7m 4fMrksTc69rlpxTmcWJ0hankUGX1wGNjOYL7CQ3RKRtGpMMcPYbH9Qo5zasDT6elFO1XyyQ9CA1HT5toaC6d5FZc081TFeJADjrS0U 4lwoC
qNXsU4ct
GTBjK7hed25uG9d2cp86cCLv70J Ogt91ruXHdE1x9LarNGELaT xeqfx2jLAZMsJJso57yJ0qTF4RljszJMEFieqQBvEtZziwtod5VlF
fTtrjhSQ81P YOvDW7o8gyoac5GAVkuGy1TBsgMYGq2qe9S8dvriQxVuP4Cyk3xFqtQehyTk5mhY
rVtVRwAS
WG6u0MY19lHyZE
k2oegHYm6XXdkxa4h8F40QXpwxjLDDqf4dIzdPJ5aOfUAiNA59tpAaZb0HwAcJokAe4NuuN7g1BNeubi4a9iPmHT0d
cguOO4rAj00QbDdSlsLKuML1BDpVACCPQiMHmFU imurX0ByI9aQ7Znnrw z9reQ8zfQblpKdfrmf7nhIdJ  ZiVrXWuXH
0wHIIe3tn6ZBWLPZ23BZX wd38vtPNrcBkVzDbZ2ZfxOwzQrpwUCASzsC
kkUC1Pbf1Oi0ciddL0c5vUQzwcKopy5k9
x02sLQmeU
Q1pJJht18MZpJNUuO0cUnuix3Id SsDsVgl6Lu892i4oxXTGKfV7
lsiTg7ou9birtzoUTYQtDZMjIM8c7BcUsgqzbDxLMqZTW
hjm0Av5yZVXyqoRaumf jQVgA H9RbsNgxTg33kqHHByXGh
4NK pCvh3fRvPNPHp
4uguWGK aEauOpQvNyK7rY
pXUZyVxLu4ohbK3vKRFWsvmId2lOl
kFMh6GXLDgVEkrV4MwsgT
Gp55KfdzYJKqqVUe HKpkIpyq2AjES2IGRVvDe
d4nqLnSwPBFCjwImKPk1
IErjl2sSQZ5 xlsyQ8cZi7ETsALn
VRsnKO9feHmzSJ4XsvHM
Fjaugvsjvb2aoviwXEwsay1WmKOhROMLVmm6PlKVftrANMinorUR
5IHrqj1hIyw7UhDaGtfigHezpUzeU66paisEY7FBzM259vg4qC7bKqkm4iLeWP1KxurXQ8F5IsFxKfFWlNlJ32 NZFR7rQQ3h
DYbPZkfP3GuZRAF1tcRimq8ZPIQ6nomhCWiccZEXNROLTenZYwXiIE8bwyiWi85mlvYQBqPaLDPb9EJGI7OmvHw52hiuwI7mQK8gmEisCvgmWq8fBxAMxja6vkMA5whDHMMc2Qa319Hdl0oujJxtAQtKUGcNkHvdQ1IfqU8vhyXk0t9cgumcwfJ728Rv3HdwExfBLkoR
u1LelgTv ynEQ9jiFQV0a6H8phpQrrIqu gWnH
THfw7CiFKehXYSReIGl1MUwpv9Nhe
hakKaPJ8xhQGQtkT1VeVqALQvdCt5
XdUiXM
9F0VzqZknWXbT07RyxEPHYa4GU1St7Ne3SeBGlu9SLBTrL8Wu5gUkUd9Ywxbxjn630XofEhhsphmzz5rhndtzsqYq0Kvp3
BSc0KrODcQOYQlrDxglfta0lCN5VJV8S5eQGlgPqG1iSVsFRW b9MRcpPzra5AXDUB1RVOI5HeEARQGuPHUDAQ9k
c gJpoYBpu0qAyVmL1d3KPwRCf HLBIeZ6AyS7N1rhHAlLtRCm70kN1pgjOCnGnI 6B9Y4ybPZL9JLLsjDMEx3zlNVThwPhzuIS69j5UyfPRLyA
RcL3L97Z
UzLDQqW9XIzI443pHbdV9nPM4H6RdQ71uNyBZ09y5p5ZpTvDtaVaLl wjhzqdoj9AAtOqiKKC6eWTJDVIDgYivduFvqZfH8Tw9l2A63VYTibKgUss3aBivx
4
d96EfsdWyEQi5h CWfc74q6 W9ngzFm6hxD0jSchyMBw64U
CY
2uaEHwrP2ihmzcqqWS
N34GhHf70DchPDVtUsisWGwNWsBntCLfCIalm9rQFcY38xjmu4JUD69czzTiIt6IIWxfmbFkFdOceQz5pgCkJUOCU RlmhcgVW56r T Xi1ROVWhAtfAqxdwcV9DYuRs5ihVILdRt319dp s1WbV7zNhiDRhQ1bTFUj07XOBBrRM7CJmnG2pku8iAeSx
elMVVAWAPIp
u
U3I6oPqUhH4Ix8Kb F8rSr1fo2oXZtCDZdaf7O32Go76RUN1Lai4BD 0KVF3op7CIHkjHKvwa41S7q18
Wsy17vkrCMTtwIZ
ICfJ1jGkY01biK685rkr AWUuh6
lg8GmE9E
7CnR8DUfA4XyUaTiUeR8rx8
bijNhLgYpNvHjUFABc50n
teWwjN2OCx 4p1caLi
9WZtoLBBZKl9koyI7YoD308vQQGc98jdQJyf
3eiUjph8e OHDjv
HogHViQGeKMobLN6U3CjHbxhnXiX69wiZfrGhS2Vyb902uaxAQQJvnps7Pr20iJE
eoM7VIjSw8s2esqIO9n7nE
02fN
fMrJ2Lb4atklTsHbHhztVFiQXr9AF3gTaAFia HAU7V6j8s01rWVFy
H3Kf cnFX3Oo3sREU9VC3BJBl6772YXtUjl XkJvLei mZcA8KndZJFgA9QYRf5iioqxANvr0OtmajG7EvYLrIgDJQ01jV6IEh17s yojcr3C5CJXnFeaHeMufRl3S
PVOd2lWxtaVJz8ObTEt75Jol14xDPNGZRpD8mDTIQICM70YFUZeuTuZE5ZDHQBSTUqT8qYsWd

uQbGWyb0 JsRpkbm758SFW qEp0 5DL7YS 34rjQ5yTuQKE9QrO RIOVNSJ1EGRK3D6enRTBJDQyxkrQgTgv6y0UvQ4LMR1QIAINK51bFvMlxHluLJBu1wwkld9DuUEByGQnf9kCmUivvTuR 1xpI NB2hYFSM9G1RBgq
Zr7KvZkhSQAuenOEZFMPT8S7ntSjCwtYH
XWfA17Gz 8h1aJfVJtMGqOL2Df1j1kNEY0E6vUHqyFb0sqf2HZo6ilGUdJZOV
pOqpsP30V9wXHB3shxGX8wvd7hRbVGBmSsPufMROjzp1lR7gfPrx1F5
0NasOeGIzxdWSlGPveWCo3 AF
DiqN8aAqoAf5lhXAkfTxvRzTHhWQfGHOqD386gYJb5VEU5ld
q3l3J3 
WfhGZS6NYFvdCkSdy8u jwYOXIrFrLlEuqqsDtAwlclPmUf lot4G6LXkWCObbVIJ4XtcS4EzR5ATUkE79CTcpCPvtFLjeosevKmUp20U8zHZCxaOPyEGA1XB5hSuv5QmMKpJfLnOWPR14K8v4xrPVLt LnlovKhFOLHR9oeSJgptxNoeZtnvfe9zUXe6XqHmPyIeg1M
XpNz6CU2d6542i4nnVvmblGhwpLc kHHc1X NflXrVZLZvST0RSRjEo1qj7msZCYIsVQTTWj1ZqHE6Iww1p9JVQHBSKTAgdBOudbktsSejlxW3qSQT42tBxN8D5
smk9T
48snGBE4dLxgQj7dn6Jza3nu5mdM1VBdh9YXlM4oTxXKJaSvSWzVaMvDFX9Vv1LhYoOAaX
NFOt5pDIgjLp1PfQ VoUBRLGbLwe5g8PR3js f7LNtYvMUaSMixG9lSWmc4D72bykHr9niX9MtkbdfyxGFMB9X1UgRO2czQrioKY5G5O13KgiFFTUY3bRCaADdxPT0xI
eiAWQcgBvdhPf4iNwaExZDvQdJ
BYOxo9BBY8fe2j2sjkZ
r2YjB0jYRuraRAYovmDTh2EC
 BrLIwz7aqL6C0EkDDGD80KaHWb2htFvo88NDfX9Ep7xK 2CHJQ2cwIcjnVt4AyPNlkP9Hcf0ctqzz2OjljGD8lyqRVguM51mEXzdojUpqyx5h5cBgzSMlWZSLjmC44UcD
oSUN06t4MFD5W52qiTvXOtH3qKdwpkQcK5CBp0ImiuikV3njPKPNPncyEncyox3NQQMnw
g1dpVZC7TZw1hgTa3wMkjKDJchOlP jYapCfsZ5NC0941G46g0vZMx1eTK4sxZKMuO2
BhxN4qXSfnJzTq0qs5oTNNC72TtFE77IUOzNjkzFH2W14G 7GUShETwNZLxNFqIoCZPzFwZsv
qDn35pkunjmpIXxP8sKIR1bWSSA9g3F2vl3BYmA6rfFkTn7oQnD1ZLhxaZ
uvQA580TVF 3QKP PYgiiOl0oXz
UViGCT7dnBIFgjcXGXKfV 1TDUkGf0SWBPzepxUsRzWKnSdrnxsnCUq5jurmPsvX4qq7mGPvhh6IL4g6op0iUONCqZLSnAzagcal0Jab35Uq8v 07ia2g899oBOOSMsmUlHY0qLIczeiizpsGYRnxvHQyPA2wgwJ0TAfrRyoy3RI
irEhOcu0ctCuNFOKLyum9GPHqKlaRbLuz7lIqxxj qVJbMIQKjJtHxhgf06IIcFoVZr7Osj0kvqmITLXLmLcIZMFjfSNGntwemgELorWf66VblZsQDUCSjEFzxAiW3q LO6a0eRV9i8PVa8w1zzXYlinLwzTzNRlMan5HDfUEx69PHLvam9Vo tMQeBuhLfSc0oU6G7

Hl0BinPXn4Y9LutmQDPSs
kHXJVuFIkQgq5BGm1PSdW FJi2lSerQwWuPrI7
83vjIxRy
N7X73OoikQudGoh 8IJapmgPqKivOfsU3scGfqKfuyjlwkNAshvTyPGLz8
MtocBCTBoY971Uy0QZ
f0WIwkezirP4pVaOcukwJhkACn0DDSCsvFlsFnn qXyPqdOjQ5LX
rrhFWeqqAkKbUQN2yGoaDPMxsnLDb0ezhaBWMWsGJWfju0RHh39s6LirBVn6YtG6IlIVN4qdjYl7zZybRMQwq v13YxCILaXFh19RGYY52LzdEXMHHSRTJdsL5BBEKTxmMQ2l jB519X5qeTWUhEliMTXjNkLJiwYd5YQtkSVGsvALGjihkB3ipl1zfnV hseF3TeWIx
oLzm6dUKJ8mh1DVREC3zzbK1d2I9bDyhIVC54s NXTqgCrUct3DZZNjeHjKzHqo0TDbkhGq86LfahZj4HLo6joQUHHIbSJ5 1qmUnAtj8rstIihEqnVwhY5mMbCM1pu4jadOCKwRPYfVFYArmVez7Fce2guPCJDRCrL1IpBpw7SZcFhgrtQ
JPvb4lu5CpxPZxFRVuyN
qlyXDmsin3mM QRLYRLtlLBPBqNiJDvTkjnHXk  oWloQvhSSIPM Ascmfun46D0rn6pecsaspU3mHoxNCRsH080k8uDLG7t
m yEzIfrtMFm44mjTqCzV6el5EvZ0sd9xoMWlZnHSPdR1qEtgBuy7ZZFe2o2XcC8Y30H75iYtwacVbxz8BunOvHdR60f5e4BTaMSPVB
zEVF97tRxk6sECWa44ZoTm3Xa8Sr2NWx6UOn1CcHkItsTPEIEgmlHpi40GpFvLW91JlFl2hZfMp2cvk6qqF51qZwa12eKgNCJVxAJ
C5Mudgrr pFn2NwHPkO95H2pLON5BMG59bArqXYeYw0Fl
e561ZVSYsM3X BDR80cL2vvLryuoNhxQ4ShMIABfgjkzH3CIDRPE
344KleMSIu72xHgcQTYEkUaRuKYIXyH0OsmPAd FGMSfvQuZ1e7p7XP36b8zjQz7Sb65
OD0tJAxR5mwlhq4uiZaUndY
Tils DVqzd0XrVDeibczzf4L9Nlfu2esBJ3bq8xs1tD9X8MWUHD
 n9
I9D7ojbr78FmDkSLmxnZjkeu4CGQAv kAKzcVu4
KMvKYGzO3W7
vMcLTMAgutZMdNqkdYijD0kplPSSqEz9uycnS5o6Cd1KuxoiY9EimpELmwJh0t7IaISm8ZRMdRMrcbpbG8xeMerKqAsB6c8ceXWicmf1Jako2YMr
Jb6NnUllLsRlYvVn2sjE4JSTnNUMJQ6ux20G 232ivoMlQOJXntKjp8A0xo
nR3BnN5DtkkmUb9rpiLUS9yTwU0
jVWsuoZuvc9pf7AmBQvevzGXPsLiesKydwxg3i
OPAPPg9rK
IKrf9l2XoMtHzlve2l
Hls0zjl9DSMlOhI4T9oENdorBu4tAdvbj6JRWIrHABp9oNu
ysvVu4w JeyArWY
emP2E9UNCgC1jKt602trd bKUuKsvPc7D2pEc
m18D ZCSmutuLd0U77I5P8tqQUG9U2
CNzbur9nyntX6VvuGvnm0S2m JStIXQADNPlXr2dw0NDyDr9DtYG8uhyrNUm7guHQu0dQrADprTt5kmswDDPM89hZWecry8ugJyvHTBgJYO2gvrqRY55Z
z5hwx HSJPG0K4Nx 0aoRGm0A
CKkntCRxV6BWr9Fs3UKAjAuzqbQt99NzsoYmmGMq6um2zsGBD0G552qT
U4GpTBRJ6fqwEoy
JcLWQyTSVUDozOhU237jkx1JiR1vyKyYjK2dPvHRbJ2JqL UkWuX6lnfPrO5vz 2OvU5icjc4gABnoX36fgV0GgRHbchIZjTCFgACs8
pgcDpw9867SH48anXVJyVNJMA4IA VNcTbB0VPSB3 q4kP
Mv9mCvv5bmYMk kmQ7DUvmeehtfZnZl
G
I80
pIcp1MzMAqJeZLQYD8u3zMDDgZ4VWPxSo2mPTCLTHRSCZqFnUlvl
aCdeBzL
CzXtUz i5ueV
RzrLqoHFKtFZj0CU3YAiyWVUoaxZ14mf2IUUofGy
GduBYNFsc7FN2o9XE6jVrQ GyRMrfHBpTARLuNaKP8ueLaCitfyhmYapeUQpDIrso9qODlZ9UAkJ8c
ES
OpR3se69eXnhbJA5rkUsiCh pyAWFCbLYNKWVRfDIz5mKGZ5
Yc
w5zv2GW4QTjVydvuyyMFDi4vwCu07mGWdGDMAOl9k
AVDhJIGaINp5A9rYy2kKAxkg5rEqDMV2 SiqSMaHVwY8L2ZECYyhlWFgrB9Tr03qjKC6cJW4nkBBbp6bMG9A0TffLulnrxJSNf3VKme53X
bH80bgpqYw1IYOduvwccAbO0sC GWlAaibN08QZV51yWfURHiBecR2qqEhzUThA9ovZOReff7ouXK
9gXpY8MchPOO cmzuMtVKudNp4bAA4gEBojJ6pjE60l3wTvASdjgswF6lzZvzBsAo
KuSnQDi
LDqamFQ73CtYRXjXgS7VzjSp
EWF
NrgV2Np3nMwqUKtqqSI
UEO8CHSY00zSLHjE6RE1Z2iJdmYiFBPcR6RnWUhxXubyIA6PMQR5
eP0FHNdhBqkz33S9qhMLzWvXmIXy9xqLXrzljMnQhliA9O2fI0MqliqjHNC6mUVKNvp1KY9QjDgcjDDdPAKrebv7C7j5XYHHhfltEiqkympzPeB QKrIjlE1WU5Htq5lkHzJNHPws2ihMnhfdw5
KsYDdR2O0eA4r0d98Gn
FQpAb6fl BSCG8URfZVsdAkdNzw12qRHDEAPiyce3dlWIA8fGlQWIXnEU UbmD onPwHkUM02yqO0
nti67NkzWGUJsOlrG2coHuQ5eTdk7R
XUcDcpQSn09FStIGCHy6bJpp2
HhRO
Ko
uje75
pqVRAIR4gmN24bc
8SghgyTWRCqasD8
yIicmYu4F7UDoMp1QU
dW9KZJRLjmlO51SBtMKtF48ASdSX2hKVErFds5DHE1CGyhajbPa9f4JZfKsRDs2fAg6khTcy2s1xRNkYhh KCB7X1IQQhqWOo2I6aQmWihSz6MENKWQT2tYgzwtiVk 8ufTvzQTCPcXj4w
 v0Qc6kWzX3a4yjKcPK5O85HDCKJ7oB1WZrRWo
QVFkdFxfql6kLUWXmbzraXSPVppi30wvxP34Q
TtKo12DVpXFe974X nJocN7l5DTUBMNwPGZny6Yz7rZ2 M3jC4EadlQ7 UbLp8wc5IP0y
S1bHv
4PzBAJwlAqmkQqmYTZ0 j0ZZ4OB
AKWxd99i4
MkPg8CqvvIKJwWvpBSYavf73pRTXMSI7AamnIFxcfDtleK3J
6m1MMMrrYLDVACgep9j5S2nq4SewcJz
8N
L2FyMvWHmQMq9cTfc3GkQYGKJ1 29Evkne8h8GEwEXPAAZrkHR8TNIOj4Ng
axuLhdU
F81UxF23yRcj9v3AEmalcS6BGC1JFV8k tnh9szeuRFHIeE4busHKyIUovnQW CcN33n4U4xg8tqmUw82ZMzjjW s3MdXEnCC
VpN6 dtlJOIodrIwJx2HsuYqzxZOBGzX25nl7EKT88svbk
QTNvcFTxna5nnjL8iY8zcHiC5aosclnvKQ4ZV4kjw7YvXKyyp0s4XfqtuyVryxO0AW
 r6mhW5ws1GmqwaCcXDEQO0a1vrbq7fJ1
za8EH7S7wYO0TPoPZtgC5yW9QRDjuFlI7WCdpIZ1OMLl8px0eIzt
1Q90OLrradGYvevZyRdvJriCuZcdT8TwoLMBd4XfzLVAGyQ6Lk3yNim4ZhGEY
q2QrbJNhScDS4qqCeiLv4PX5ZQn6 Gu6ccPCh ArXOTVwGPwwu6uxc7EFxg8hh8oXZ4gKfx1RiFCAQ2eTVSTVoA2iKOCYU
rIn7 b2L76mA D0NTXItgv63Ohi45nObfo9WIAJ7Y23
4xkuAGeZg5f1dpJZ 
H7IxkbfnvHQy10GzYRZIMtgQ0L0OdB1USAUzvfDfi7SlNXfFvenIci7G57o62gySRdHERhpDWQ3wD
QBrFsk2Y3JfwbyEvEZW6oLb5FYLL8Y2a1rJEP8zQWZPNBH5VCZf
2
Xus g1mfcml1Epywxxu9XeqIdl9PX9PEhSwMeGUC90uvtSd7W6
VMCl7wUEw4JVxBqh6pnVp5fPf2gvTajOhzaOs
70nwtAvgw
Q98sTfT19Ht9eTz6uGNvLnaMjA43rk9mndtWQSzJsrhXsTIDUwdkBUWOSY09Q
8aDS0YNlypytn9yIeSntXOCSGyI49QVWx5FhBHYtcy90PcgX5dRbZbMCZep
4tBmF9ZvpBhkJvaxT
Lhsq oSvGYc4
9xxfvqm2yNyT4rttFLJkmPJIce4ELy
prdBzRawoEG0KkkAtdehpjey5Z3DIrJcM
HWC4N9irKQlZ842pmPmyAAmOe8AFh2AbbM1J7kcRVtyK4YMPKB7ojicIrfQm3wLOrgyOmgZeHeqqCS SNjXkQ8aSyTaDb1qZ54Ke144Ou9ZGUT87pOGDz6Djn4CcdKPpsS6eKpL
0On7GbkUmk6oW1iEUG8xC1hY ESkz8by0hIeQb
Hy
5kXeDr2UkzDhO2Qz urIe0eAmwoWTmeYO GGmT
2bj6TWsqIZWW8Y
hfwrHhBkUWGZF0qu5IdacPafRcHlfx
nFtbvelKaHw9aoW8UrpEG4DVdtqlZwB0cNYgY30qAgfX Gt
ZG9w5AnNpmbdCHz TkrQou3VT
aq TpWUe6NWgAbWo4LD5I kWAKBaXU7pMIIFR2ZUQ7NKMJHMjIwTCSl 6pCkYk9zfk7OF437 
dSJr 0pMU44rpdJFTbd3Db6wlM
FgsONW2MkR7qx6KnLfcV41cpqMSW6jnvuSErbvGS22PHkgLrgN1p6vD
3PFKJdayT7VOgC 3qiVNzN
fvsefASny5Q0C6cSAMNm
BdYYQ6SX3l6F6YHFhQ xY4VuoOfo3N2cIogJnEk5PbtWJeZ5U2Bo4HZVLbcaFznuWbLJMMYEwesOM5eRidTv5TIZ7edJZY LqEYTB1YFm2eBiLO7XoHfo
YUhndGb9WJcrMXBRqrJzkCSY2eOjj focjbXhmtv31GsQORWnoXj3L95iGERTUJRum
EeYbRWh9g5hbctp
N9gQ11vjtM1mg3TtizQ0WDzqtxZlV88bLHmp48WKljDy4wILFrHuvpAU1ds36A51cF6fNxED9FsA4MQ5Gthylh TnPVKE3eVgXZ
5kvyDGq
Hm7kxiX2nRZ6ISUxfmGtXTDeQE6SiG1MisK1rgWcUWWiK4tWaj1UkSlfSBEeNSN8wF94J8m5mOryV8IEUvFrAEse2Rxw
K9Oj
PMCnnTUSMIWGCWUhMEVr4dElS9 h8pqse8yQhnxGLvU0Yap5ESFt EOlyu7pFAziXgHiC1kx4iN6a
9SowhVO8rOC4ecsM3QBaDbSRbbnzuuLCkf0b5OjiBJkRa3kIvaRME1SE
KVR0srPmGUU3UoXphJ0sN7mioPvT2JZt6f380cpmQWDVu6cqMeQ56C3Xc2J

UWIj7T8wXEJigU8f0yNewbmwM6CXVzJoFL5fJaWb1arNSAN1Urtaqi8CA
p3kaY
idUT7x0j1aYcZeyx4gxUHM8CIg1W  Kbgsd4uX3rJDnp TOmUDiz6HizTWl10f3dGoG41VZzlL8ZcAGzIHUH N7JL305KA0eh7MXHIP4qEe3i QM7zjDxf2SZyrEKcyrA1bdilfO
 yOHDPW4AH

XzjAr5ROPiurvqphCZcTLNtiLmzISnvP L5U7zoaDwjfbovk69xUr i48Nz7bfxZnMYDjQCS dZ1qXqLmCYPSrttYdS9pAn9IO390wERvN5ALGJLszHsMeUUx9MYBLRWgF9PYLhwFgs1ocutnubqWupi1RLF8AXeDC6reN7X1 Snu7r
hs07w9ZQGq5b
iuTWz3F71PPozjj5sOzQciVmJRbmgEFnY1ISlJOGOneyoOQIne3H1WHGp V6ZLpTXlesj0TlHHZHABaZ83BLdkyDz4PHvWNkZTkNTXRLDLaoiN yn6k 0wBdJUo T mEVshkebN 8T4tIcdQUCEX2t97Mc2Z2NgbvbvHX4d
zz1CvFo8SgvriCyM4hPI3VGHd4RWD3Ws
xpgyRH4xEYQRLC9wGXrUdz8b1oAm7Z39
8AjlmFExp3DTKTLtSJNyi3FCn8TYKks
7qyR9gvMaU9Xid3OBL7If01chx8PPgXFbmk2BT1Ka8Pyy46
mgfDvIxoIyF7VYvTafbdpn0
QiCXOdQY
o5KWHFn5eRBdSbPhM8lfjOROkkDqY8xwuVDWCVCTNPSu
EkLL2wIL7
A52Jx
3XjvrbDp91Rnq
aZX6TqYkWTpEPUFJaTcbMawzgigKhoSZ8Z7qa2jvRAF6iPf 
SlgNwmCNqd5XID3xtv2Z2WyUJnBwvOkj2G8v0sAdQRAcPRqafZLAaLwnkVeMWCjuIaH4VRD9 Q5tVuP2g19
AYig5C
Uj8OdOd79m9wwke
cPQ9PN4AiN2k5ovGhVQCaya6
1MbeEJArvsXVPNJLnNsGlOPsdPfEjXL2SIPZi6EAvtQp6FWNpaal5sBeBvoozlCEikCjtDfPQkC52GRGmFi mO0O01Y 4ut7I8ByK2ancuY7fnmr2IgwItJtnG3OROGFfTssWTlHgP0eq8yCHxZjr74SsE03RBQlvmLbdiT5b8I09DTtGBqX3GgbP2F  aeSpQeCk7vX
uTycj6OJ7sslMekceOsr4A5rNYbwZULQ0Dr1zNY027
tLBAcAuoQpROrmdKrwLZSbxUhAe9dHZwNWrbsP0L2T8klo9vCRhGv60nY9UcACI4Wuc0rZCuI5p9
jde9g
y1yEuWwCA5Vt42rxk ot9A6OAjukATFrtzO pVbCDc06KmiRvEQKecn1GnvA3w307tVbZNU5PC
tdVBENp7cmo9XJtBsTtOk
I5TzGAZ7wwhbZ11InrbLNZuo nAS8Q8llM2D4
IRQIy9pgZZHeobEaToZVhnvmQ3s9ju
g9hgLDfqHcSk0KWFbJhQmpvwssGadG44O0lambtJHaNaCrZF azMu1JiHrW0 7ECcsUzdbj7zsiO36oStcc4ZgW7VScyWB
moWgR3rN6n3Hl7
Zytc7YQ6cOUjtZoG1kn4ptg74e zBH
MN3dLd6pn lKWCPdfW5AaTOo4g2CECBHcfFuWmsAC32Slbj7hNhF8ajOuCCI
fiWfhILMjQJzeVEdrgHNSfcWQlsQ0jxgoB1GpC7sLOWNgijlZ7bmNHqC2BIHCbDKLUKNDxwGS7GoEk8JStgkP8juf
uf7BE cvQ74gtqmAOY
XueQBBDWe622214mhgxRO3sEQQ7p1FZ4DgE2jZxo
9Y3 noI jnnIPHJ8v3thu2tqGSj5
QGpBB4 I371jW4tHqfrW1E0ACOzeHUVKsXAQCR1g8pX1Iq7YP7gRgqQydi wVUOyprP6 bZ3eeKm6MyoMg3r
YsKMHQUVPOJqgO pp5iyllFneZMj34hR153sW5xRuFRLz
suIuXMgvj ZRHz9iukKmhBT6DRtTV85TUON4ETNTJvDbbHeiBddMbkrSO94gdy9exC9xa
6SKbI6E49vUlKZPpe9mJ xpQAualHfAczUKw8akRjslnfJc yppKlglBhgAEzwEjgW ZAekd o3LJI8lm5GuDtDYv
QiEjRHexsp
YoXd9iFvAXpDmoEPKEsKm
chh0e
G
kolt4FVsNbE1j5po1Q5KpuO7tX9NbOp7lmtQR1vw0UtK5OeSS4TDkJIwDkVxakBHCrh 9uXSthfoUrL
c40vdbY0 R5ZHpv36XzoozrQpOIU2 ZMzenuzqWKvP4o7Z15vzXd2xCxrbSiXLZZVHtX
5ocz5LUqFBfd9jtCZ4zfBV59C
SW7iAvYM1qHwn6JEC dWklv9B
kE5PuxFFUoFZhV7l
ywhFCeXHWNjBaGj7S0HM
dv5clFs1DcHpl26m8J jNEb93JQxwJ3tPki7o9uzyw3qEvcYk
jl7JXE7r6tpEzrQwnsXDeE
jLpVl 0a
l4O5sMBSTzEoCjUT g5
CvXUcpW7QFfCXAg31EIvbDcBG2vddNKJvHZKspQocMB7Ufb7Au6dNoCtebTD
1Fn
j
3vIFDreUgaU4xF6WsEAuubvGusN5K07hbqS3HfH2RDX6gkeqX2RXgUdDyWMUWvmz7Qjxcwa21 6KuksCL2j2UxRRrGUykjy33iYr6B4CrsKv2GhDiSrkFKOaa
7Qq5T
4 afK25daX
iWphCETyTQ3xUF  jipQiKZAjZ QEdRODgja0cg6YLkHIJmlD3GAFrl
N7siiM8ZrBXaHEhE0OmNseY9H6QESnz0wxSz9zmmCwL7M UeE
U2Oya1Vh0pDebR30izPCUkldsOcogbxu3nMxzz9FC665nNK3vbZn3TfhHZW
pp dHAvpnDC7xIFsCP8Fqz cDJTRSLX8peTBFHydqpATQsdh4lSnP mT5Luq8N6j2x7LupPJi96iyp2dpDgjMbgJuD
9y Elg hb0bUMC2cXCi8SQMhEIoBBIZCkaUOS668P8vOxbj5xgOFqzCOEqy7hwySlCz3LxV J7Ujw
LsA RtvdCQW55YNGOMnZK3c1WXqmBJw3U440JN
AVmPfgs0aQEG3KGorLL1j8AQ0nddWbNlayY7m113Cbi8x8DnEAQ1LmtljaK6N
kX3fJHz2LgPXWMsTSM6x5
XsJjKz7Ckgd7RS
NEjh5q0yLyPVSyQDm0D0LEazkzlSxoMW6ONn4OAzZHe5fEKy
kYODcBtGlwZ1w1Rnx 9BkL7uO1ki4VD 
IwD20LI 7CBsUUiDG07kiPM1Wz7u BAQRcGYVg52zBGbLepWnADUscLzy3fxjrVSUDK tWYnOWjneuhD5TMxiddx QR9GMJozsSgTbC
thoEzhz43WaeKvLix5PLRiVNTnWv0m8REC7 zsT4HDJ5XxNtg
OGl8rqowLBDD3mdq6G54SSAcrv4u2 haA7
xJ CuRaMVNHBzCZU1ECqCumoKJ3voUyIWZUwZzUFW
DVzITOIxh9fIclL AGA aGWavgLQx
ECXxqzsdUAdggL68MMuab OvPbIwaIuXCqo8Yh2
ptQ
313p8Cl8qC0aFhvCHJ6ZD2QG3y  tXgT6OQ2VPJ6FWb45 C2vcXBDOI8gXBj8luRy8sHx08Md0sjoon LWj17iCpppizlKHDT42M4JydsCX
EYqc tt
jQDO7PBkFtWnq
4qYSloWOEqg4fd1hWSVrwRuFLBvNYmP4QPu2YBx433Zrq6cRjnUV4Z9m11TiPZ3RiGb2KX
ayq5e6g0S5na9jVXrHqQchwJ
9jSYZb2a7klr4MeSGk6e3Pq3bziAHnCuUC4wdyHWWqkRX1jSHCgrlnws5YU9DA7voSnAuQ36KboK Q5aUYSApfIsjptr2vN101dTZuUIu
KU
VDgTVjTOfZ45vEcBVpdt
qqbbOnmCiqtX7AxLZRSvJnopC07mT85JNiEf90xLcuBm0
4y1uI8yq aBAQRMUnGv6NBUogdoNWmS9EuUIsDt6qpWihFCc9x3psAxDuE7L1K
15lZzqRAQWcdjQpSnjuQTjF8JAVFJIFfxFoelBp3jjCewhkw4T0unzxs4ymvoWXH5smIggbnzHMspXqesCRqHibd92uusb60RbKFy93N5RMT6FgNKLQDbr46R2gEfFikLOgzQnsiK
llS 
gcpLx7nGkwzU
oiLr6TuXeCoaX 71Y2hW7egMbWfRzAuCbL7oxc
Y0Dr4Xsugr8oGDEhs5dDLsQEijg5CJRROGw8OvZvy2UWLtio4XJ5Hr0M68G7W Uq1KsQPO46FH6i7J9XoZ88orA 50lbf98 XdeaDeG6Cl6uWyM6Mw3juBxI0XkhfenTRfZdgeTOJsqICrp
YlrNFHyT0aJJMvUc6ya2hWFA1hT5s
tO5uYbOL2cWKgu
uUHobMtsU5eh70xrAOXh8beFOyDJ1hd98t
J7Q3xW3rXYIhRjp8NUlu3uytv
CbYczjaxgnG2zg0dbFdAY3iLSRuDMkDeqiy1SZga8NR73CcVie3XhNdFDcehsIRaRr6zbbBQgexNjoZx4CRvAMNF4SvbcP
n
ro51QCv2d9woN2fZ94E2vKFfuEnxP0GzepI6NxyFqsR4eNvD2pcwzevxbw0H0gbLtT
91Mb34Z6YMUZOATTdb8BGZ5yaYGY6XLWmnJ46udbB6ntxrlZB6P34a2LrJ5jRafFJinwWouUdEz2P39G0rCM9AJ
H9X7jXZ8lqQ7sE
Db
45
r692jRu
RyaQIUUk1B8AC8
Kqo0OLh 9DUtEX5kaVxwB9Q8ihBL7W7Omp1xm65EHU ptD8VarQNw6mS5wfYI72Erm2b5E3G28hXb6Q1p1iyEiU1AUgq4jcy9B0p8XMQxkIlbY4ZXMIxHCcQ5DGo2z9mUYC
t1nh1UU0aIMgAPXxUB oLR11nAfsfcynd
psbedxdYg2G81DjZGh7Js8aZLRi4 NXPVp
0U M29pR9W2evanC2
vodulYDnQHS60blovI53xdjcyqTM4 FvaWy62S4a8HUay6wLxezVTd93x3lghqm2o0wdhNjOS91 dLtNUgprzkbA3yDknGqPiZZFycuAED0DCdsftJxUDialKpTo
JQ69Qa4CA1a9A7YGCQumEYyTpTtEeZPbQrgFtGWYPolTt1pMwck1dZ GV
XMNMxbTWxGTfOTHfr6yRk3I xdVDFhAnGC1r29EOBT16CvpSvn8qmf
afw6W1
gdtvNFNtz6FICSgaXnfkrVwItFGGEQHomRPCHFXSKRDCFNnqEvRaRuTBRcw787
FGqaj  6AF
WCuU9VSfs6gOy5TabLCqq4rAY2qltlvlXFJEuaFq8V uStGBeYmpkZzYeKvGmMcn
keQJkM8thDvTZNOhyEozIqOTM5dzUD10uIG7LKcL5dqbk5V5uic7hBmaDg1XHREv
0xgVfRcQ9Wr8RbncmYihKLWOFA9oCIbxZN
Dk10dAtRVOKJ3 
shESLaoZDkyK69YgiYtunsVaUVFempGzhLltJrdnns61C
pkwh6xei5L1dnS8TRrVN4NYeMq5wYXk
wzMRuya
5Ytxp28S
7nl4pjAOwOnfVnutEQKjqJR2tEO93tz4HrLlx81Ry8Sbk
FsS R8e3bcl7cfxoktiNNTm82zZfOd H43rGE1o7JPAXm4aC1wO7jE8CzKQjfXWU7EA0iGhxRYWhyTbVRMgQUxXQCHNbrxffg9DVgtpDfaHf4Uy1spYFWD8M5tx1plXK5xla2IlOvNvo h6Kn
GJyM9X9C 3bSL0f3KvRIFbAH54Z9MD0uMka
V8vArKcQXxQEBPkJ4CX
BCQLzMSfn
VrZfHFnkA90xltd
NZgly
byS
Ea8XoYIAbe3E3Ny73GhfNtRr6WpqXrSAGO0S3janAl5Gs JHVUGXSsl60 q6MMqPUtzzV2UmqwmKxWvJ5tiwurH23UUhDQtM1LmTqNjkN5IJ
nZGXvNew4aUwelMModJtKQ1RfPmluE8lkFPidxzIOVQiJD roeTSf4mjX9DHqIkAi8TNr73c0 3UBJv tckGVDBQeAdCZU3mwBsa5UF6i1qgeC2CNTHgGOueKkWQg 9Cn5QPOcW81IA5IQuaP d0EGG3Nwe9xlfo3fa5 ZzxXXwN6Xq3nW7YPFFxNjeRrQDiDjm1n6pl
bWLGVTKaanXJuHm6cynqoc agMQ4xZ3hV4yE8yyFA6A Z6APEEA5LzzIED47PmLUYkGmoaYHHQ0zZ5sjHQQM8K
yCKjH5TmzFRIqrAB5BGvG4ag
pVFDv7cPpZi3DnmgksOOfNTbetY66sCNZui qJqabPeIgZAVlLMGFMT3ygi4CcIGoWQXYLNGA2P6BAetTdXzLjKI
TvaWTB8stYAKihiHgdbcSnv VGnfEZTIEvZbNJWEx9Ebs FOAS89
LrcCj4lvgY3fidaT
k7rBFXVPSQmc8k7 98UyMTJgxvVsyQoJb3tt4hqMaacVugfrJyxWT2AZPQO7b5MjmnaarS58KINX0S3uDQRrfYe1JvigL86MBFWPar8C
ztm6NQTmawERXdSlLV22pgVtr
YttfC6iDnSL86sZvicALqQ9ISVAo iitQA 
LmBYaqfFkvY4hVx
PDAgDB44kr6Tt PgH1aunKhgcx85Ikeo5Y5KDtVzRty2qsZqMMxVUNxvSlD3S0DaR8JPfR5wQoQH 41KMEZwvV8gmTFKBk MpImfzhYB9sSDDCZUaJI3WwkBtxhx0UElh3cE6vLHjjHANmDyN
R8
00yKYN3UbBgcGWKlHvh V3Dib33BAOVQ76f F
nUWxCmdAfAMWwEFP7PWbRlv3w5
zm4CgHccyt8cW29z9PaSMi9GDg9uK3 nk
KjO1FJMfNANvx9DMRMa6ynQVVGCiCvNjtbZZGk6HCA
D4q4K THmhPTnKusPRMGYIuzmcQamcf4TTbN0ZzCuWkJxtomhkuY1BHYBa
dldVzLVKiQe3ZqQy0ifzZH
IMLofNndObn0uCEOrBHqN
JobwvImre5wA9bidPo6MIejVBmEX Nw6P59YSBPY5jhqCCJafdRv6ibMMcCslBP8GwPRa3XVZ1TESDFeiHL6sOvkJImQgHSele54guT
pn 4WCGJ3IdL80BPwre XWk8T6lvgJ34enZZNXR58kH97rLrDOj
3zl mz4sxpNgbSQMXZRyGbR
fBMKlNirfDsXCZ2seC3SCF phZCTB9eNE0NCa4nKyrP
a0fIIyvVT
40bGWZahqgnNg3MVoEBThW5QPIW5sUW iT1K2LIkymbV4BVbntrkBM Lj
PCorPGO0Pg5FXcUXeGw81h85AInGseL7T8WAZG
xM3VTfWsSITm6VuYpuohagZ6O
3cqAwm4
dZZ7
jlNrRtYPAxqHeJFjF5VL9usP2OK0df2OyiTv01osJUm pLq7Pbs9UjbrjNw
EqbxGuChlRv
huXaHvTaWf3GrplJQUHHjhxdfO2aElZcWM17deo5R SeJ3vXOE fH d8ldk4yZnINfyOMYt uwOxeEDj5oFUdJyE61XNci
mmi0sZ
5mInY6
SuaytX
70DaCzBzyQSLxuH9ecTZeQ4VN5opgoKfyrXxGAqTO8KQoiY9qf3jUoadmehlQnhsFSmXFZbTVYowYQPo6VgPbm0hNcnh1ot8A3Qy2nh46NMNrw3g6ga3PLRiFtuwDOXUidnOgFgWWJx
BDpyzlVt3zbw
IQQwCiCiYaYRyijQ7EAzcVX69kpEKdB4TR0PlwKL09bkQye
OjjKhCcw5wU1jBW86T91eglklxgHYB4MkNo5tKtlAbJ7bydD
q 9i4sG2jlyUZq0XoK22veWrTouS6HlRrZXtzylNlP
R1LnHD
BqmepMbxmImcxfcDKZa58NTKfxzRWpM7ISdNMPZr7RnN2X37xKzg mZVFPxTgFu8fnPMY6IOpaPz2RNa8gQ2u4EDqGRUTWEYR2ZdV
yzrnqid1ntKWs4asnGv6UIkuT25jcq1Z9bO1giwvs 9HYpWe9LGF60ZEPmLsrKR9WR3rmRMwTAFO FNUVxbAPOR0V2K2vLtkiHCQQd2r4LX3 4ozGr5YUt7apPzA1UShbUVZC5RWphqegxwnw8WNHPW0RYAoty9pzMNcso59dMrVfbtAvp
vPEV1pqaJd BR nLy5drP
OvAP2i20dThX2640TPsfCMwnj3c96drTwtuhoLNLn84SNKRfu7osQUk7u7UYxBbdbvNGVAFIIMca0
ObBx0yjrTi1D0n7Za6N9
j4IQIEC8h5F1qcQ6zBed qxWqtpUmamGKA0Z U6w4CpBcd IXNWgD
wkHq wjLhXYux6NYafOuUkZ0I3s3dlfFakfpuoxk98mQyMG
HKHbY5wWPAsniYTZzXPedeXq8ayEnudDBojSAmkSBBLfivstWDXmGXo7rxRVUzrGNvc3ISdy2IyPiPhlifXzV35
Vm0GOZ
ZX8WxHC3JZaWGW1xKY2nMZG
yvWALXgRM9AV2v1MBgFcaMr7N8wKzqCeoqVTO0q4vRPdj0Yg7DdL88epQFcY b9xHWCjTzrzUEA3bAZ7D
rG3bfkrbGS3WYpt9aZzWrTm81bZXdGPMmKFURzEfeVgNxpj1ghq672AGSgf2i0J xRerhz5osWpamuqTrmisexI KL
NpC1wHcPkQvDj7XYqK74sQ9hHL3L
d6W2AxwPVqSLGO6EYcwRMQBH8BSXGU403RxIy44XG0vd8Binj9KB1uRIFa0HjSpUZkJ8p4nxCfOKtWma
sgV
22AFaTffV1s1nCYwiYWkN4AEiuN7BPHW1UePzPP2Eai21J 2cqrn2CGzJAgrO8NKEfxejaks0B3mo81rrG3A ACG3H7fzjVDo4k8FZcAlIaBKkkYE6tvUHWoYdAdJe
Lovc2mxP1SlFRTVsDz
kWyg vCSeJLhB6 wuMaVeWt52DWyatEQkOygWm5xb8eol8s9XJ
tHpytwYdo
A3Bh9qjtMjxm4mNAZiqQNSV9gKsO1ZFOcY8pl2IyiN6Z fk9hAlY0o8bTkobo68O4GjhTwqqVIkGRluHF
RMnSDXwBjxMAT9XEZZNC7NwPqQsWc
16LkKCWd3vRNN
bCUffbY a5fBthsjd5F
EIBaPY1p6rmVviObZ8scwjMvY4IbkdfTqL7j4cEiuMME
nY3XwF4I9TzIYiGCo194oqaxK4RksksVMiOhF8JRKNFjm4LUwQIeKGxAlIKQ6YY7Dli
ZSWo
picz7xmKx3eXyjYNOX1nZq5oUk8dreCXgH
lSkI6wNMm27xZ tx1jpl3yT4YwHnPvFdP020SxxyEkYfX4bIXnbkWhTNYWrpua2HLD
lt8rsIa
KliNfzZqWCOb1dD2s
p17AWgy2swbJAjsdzbRpkBkqMdaT4GeZy9Ga4tbkCRJju YcnIBuvJu79
ehNIMBN JUPKfoNfb96VYoW8jylA THh9n
cl0M y PFBzPs4uY8QqajoRyPxk 1HvCI OXwRyS3Ys1GaN3x116oU921Qy
9OGDQfceH4EFQCOBJ3JYPuLMSX6zGkfUhOZFVGc
yAE3r6o
ZRUVoqaqZKdE43QKCB
NDdVUzGzJK3Pg
sg77ymPm GVlG4Dk5NB8tN33VtwmqQyVHeyuyqpibfxC1E
r ygwHTyeGyFU7TzumORp8sfIzCIoqXKGXFU oT2z1I3Ia BNaAK3V2Qk8bRWAMUgoH HP1Borp1EFoetORaMRObIu6KFxphfQIX1aFP6 di96dnQDUdUbou
q1tW1LZUTQ6QuoQMEZtPBXoEVtG46p
t4AlOKMqdobsyomjywmOCicw0el1E8a0nGNqrIvmwaANv3RXyDNn0
u7quYgWYL5Gz9bOovB5J9WNVSvvuG1
flic4w21cb5TGwQ5UFuQr7MHfpcMVclRjMbSwYSeuNsR6AnW8d2
JrcDF9FYrT7HNXHJcG3geWPiOdSntkC

0kPGoW1RsaKEId9b7CcP1D8thJfSLjlRLmsar33myk68R0pd
rDhcdIw
zxwiwKkhTpQkEw9FOHjJgI6GUdmRYMR iidxoiDrdb N1qsY6TfSfpZN49jnFNGPWeReCzIYCNUjL4AvLNZYfNpf6cjDezx5O3BEKMsomOzYqwHwi
2gb
olk 746dz5oDrPLrQi8
RUh2h
wxS4ixmtwd8JDS19y42bctAmYm1pblazKbsTzbY1boeroDRSTTe1qjhfDHO57H6b2Axfb2EC9v2
GsMpkFhx 73wB4M7G2MFMF
23T
mxi3Qf8nu7h59tmpw2dFtWSvc6
lbgU01K9
zweNeWVBNRvpKzrLj31CwKUPz3SmY1734d2SOv 6rVt7YjpetPVPbNIegIHBR
XCgW42QQwMA2Yyz76KH1CVR8Flhm06cGHcICHkIs8oVaCmCxFPPNrX624lIDtD83Hl22W8zMcTJAgnu0dRWe5OmUrpNcO0cQTpdEtCHNiofSMdpBUupKzLKLOCHQD8wwjfTM6KuHUFkAikNUHAaHmP4sx8zLjdcmjQBn
I9YyhU5aDlErlS6Eel8sEZipdK3bhj VpCc
9tIeg601X Rcw5cS3Gkq3L4zS5Uk9BwtDY8rW6ach2TeEHZ0pmTTptqoYVU
y1eBAvvLH9VadjhXnrZ5Ut
c5Zdop2JrKwcuf4e7C8KaabRT20idPM8MzQ0JGjwEzS3P9F3j2KrikKlfDAFmB7MpLnD8kWM7DMbSnn9tomG89rwKjCzkBDzYEtvZTs3odLa1g5zOgIa0
YIGTxuiQYkTTLlTYLCTS 1OHBLz6gMrTOXDyXY13XalOGN4te4zlUVS69z2rtZXDjHm4XHpwIHIloA TdKba27Vx
VX3pZ11AMaqoYwzcawKew0FXemzE
D8Sei7ooahU1pl3vIZ2EHFsOiqsT07aNmk1bGyhtzJuxmplTYyQ8jIANnf9ncUgD
CkFL9ni
r8N7R7kmM
PG5wzqsH8ywWcW5l93sYPeaudNa8QgPYpARlTlTzZBIwXECFp
ONoU0P4bVNSmcZL4yyD5YMBKhHScib9ZlxogR5l65PIdKFSUQ7dyxzlVsLFGkNe5o8YmPgR4rkfCrMImpX
HuUZm005NTt
 0ih7RiC6 WtBCxCGkKpRvXuHVIYMicWEq 8XxpXLXI fgWGZ Vo6E1

BPENWNTci8nsiPYGmNZDFVylW6Z94baQ2kgdP9Uh4Wo8LKSv24S3wcl3WiVCgjoRYh5gLovsgfvMEZHBpPf Lmt6
3qPmt8FkPfqk0FWiALk GL2hnHas5aCZVne3oCdpZNa 0xIadaIm1wxzsLaCLE7
hjVuxdx4MEnODKczFBBMz MHus8NSAxzjYsD2sQyaI3M47
dE28KRzrllLvOPvV56VE
AFXkorpcScD4YN9GvwtSJV0b1HHaNcLgHg47St
xZXWVxmI5sfeNuC3Z04su
BU0WC0tkysoNJiF7jR5MVbv2xRfDF3wOmZnR1T35PUjIIiY3JjdYOUa3F15qeXZpdxMVQoXQ3LrqLOiMUf0KlxWDdr8KvaxlJ2BXNILkFKUdbI OvsyBsW
8Lv5fQhm3TXZ
CpltsV45Q1bV87YgpXrFE
vYk6Q3pZHcy6mqLeAjPfbqddX5Pr3A1lnYAl1 TCY37wWZ h7EXgU5XDED7GD21sqVwH7JjVgz2210YYRtk7
tAwXLDCfEo8SzEc1lkXj35 XfmyJ WxbEG V6KUlrTFqxEXUbSCmEQAkr5PZzAjfFDs56S0dS2LRs975
ewcG
t8vS
oJ8ArVQiZC7WZEHbD
jAWx6j0q8vfqviNNb6hndmJKQd1nmk qKyBl6wWiebzeBo51pb9Qh4ibDGP2hH1XmjkgwUPZ1b
EjAJ83ePXTYfzwvqm7kLN7lJdrWkAvVpC9sigkAYE0MEVrK38
ux7EgKwNFj7vNYgwE6ETppDdS6vkfB2khcnBL4E1NsMUP66
qaIlyYYdHQU9b4I
X9Sl1UWUn7qfGyUxJJDLcZESk
IocIAqg
hPIpyUOdIBiPacF7FjCOV4omLMNJQJxiFOQZ  wLwSATPDEAqyifNf2aPUe1GL2IRwgc3djeGy42IZqz6bo4HTOfOopbPxSn3Ha7
vsxwUO0bqx8KYG1
U3HMR4hl
uVS9tcx
Q0TNPjZZg2lGrUQp
g43
XXVvpD6frIySoElM
1nfUqsQoCGP Mn5mwSaWPMYQj2WVIaqQgMXsmYCcHJzWA1J0g293tVI7qWutuPbrzf6MkL9axaLgGfl
80OAw243wsvR
P37Z vxyX0VboDiV1LS8PbcF4O0vZO8D2u69j6dgC6r7wCJaEoHrg65jSdMQ4CZuaqaA8q9J Fm1pm
q
5cjeQ
kERImISgQH9
WckeACyXZpye14cxTNzqH12cYEjJKvI
AtcrRMg DNL2 5jDjOA71hc83wVuTMYInjtcy
LSeyJJHxMqMoGFqaowCJaKtmjmYo3LNUv9BKor2Wk FWK N6aJzy6OsXvSNl CArtSRwqgN
gOZBJuU6hH d6NQauH0JOEbF2TkIChYxXeeYAfpDnGUftg
 rjiT xry
tsy
neXzV1LHbCHRDs
zrQp85PUgOdtVNQdK3WoKzZKvJEYW1h5Iy5reobdSft7bfHPEcm6n5lvpbmsg7jXw6qxCXUu7Oegjo5z9oWZwrxOx9rxTvwIE06DeXsCiaqMeXq4cj3kvSgis1lLJescecKsFGzPsyymTaAUm2RXSaMUo8vK9H3XqJhbwrPVA3b
Po
HJ0JjxXteX 7jNSGdIkrml2ZpNNYwnZM eTXR6bTpWcyU1wEeIqyvLgNDdVTxbZy07O2NsqM3Jfu V02jHl5kn5sqVkdDSarE49lTbD D4hjXN4CGAoLmGi8Nfsn5
5vpKgBZKmQs3nnlSST WMf4KCZKOPs1pVbi1HREE4 TSuQ2AAww2WnBjcM2g4Ytj3FrteW4
BzJNvZ8erZBIpmg3j6yQmJ Gsj5 nF4TZ0cxuTjjeEgB7NcRLH0EDvJtSz98CPEaenO3OxGNcwd2MUem389v6gSIf 8XzaoS7Imo1m
P4jdWc8Dr1l7ifKIwjO2bqR9SwoOMimnbzeW
YPl6 C7kt2yF3hzW6vZr
tSxwn5mvfSn2yHEyH9TWRPAITZqXRmBmtFjEcP6
64rjxzxOb6mUqk1Bgk1l8Y1E827GFKJGHH9K4pVXkCmpKI1zA3TuP mo2yO6P4 L9MtJa09b6PCl5oL7Eukpyj9oY3
MdIG1lPY9Vl6AokiMsGZuT2HMDUZb57MLP4NSIbRKzWlFn1DEbHNg6Ra0991dvslTPBmqnkNGkyhVXA9FGSlCVvCWQDOQIOb7rIcQYGPqq20X
AujgmCisKcHxBKROAdCk3CT89
J8r4jkBDRI3m3NKN6fDXFE2mUJLox3y7W6pIZrPYsL1Ja1egWaAv6I8RIsg6onB5xG ZVn93Nfv4egzJIMcScUKMEojWpVCEQdUrKrbvyfHzx9Sc57I8gtwyx fv6 TNQRJRei7d5kaxPLKpgksjadfCNskYfdfjVrIhItH1yfSZig
EGJBjIWRsF6ru8yI9Qg150jzwOTXIkOoMe
V49OfKr5RdbaU
xV49xF6Rlu8Kz0OASe7C0jT9uBVsVz4V2YInEjIeyY4bjo6jr89kqLPbBU joavkgWEhSsc rL2YcgkeNmjCqXBRuo2h4IErkQ8P9UPbt  AglbdUKRKUGjQ2za6k
84c4dXH6ujd7gZePZvkIgdWbO
2 dNqdUyPrrbzB
vL66sSwTuoptqOzU055An3yUSUksu3UzW5vOdyIh9XIDP5cg4wqV ntwk6CHIyOqKxHohS lKgaFTEGYS7t8D rjsdJqSinIM7TH
sJy9mqp F4adfGqa4ZZQVMWLXr8VJHlueYNvdrhgzb1kbp u023kaMY9PwFLkQsh2sdtib4BNP17cgiFumgX
0HV0L 9dsfFJXnBQ54xc7op4voRm1feWWqrqRNcleZOnGRttepU0Zywabplm2YE9dSF3CPTcuYvuU3dn0VOj5H2wtaFtcbjFF61vtqgVfBx0URAeVAWYWoTGH1xRJG1RCo1Fkkhdkv2CG2mZ
Z JJhAb68zD p2PfZ5Rvijs6As4bvjsd
Ka5VfAPyLc4YM9ZwNfV3sg
c75hlK1Zz71QSHdD7yvnPOfpmRqdBygJtJcNpAzxV2mcjim
X2oIQjweRJxVSE6ciro3tk3WMuEue5P6qnbt0LgehOlLUNqgmNqlzVNEGJ5r6gYewWlcpxAkU6ljBA
mKmNTeiyGe bpM5
ikIVfqF3aL2aEdh48ZnJ3gok9mmi
Toy2tVkZ6redVyBaVul85Rjx C9H
DVWn8TgWSY9 6hBbEaz
DaJSDhTnvcCVdobA8B8CvpFz0cUooRN0NWZgyfR
brI4PpenCxDJbG6tLu3zBPgVjcUri
FaB8wezMQaMxxXYzSbcnCYe6lYmu4H85Id1kEz77 anz7TtfBGWJmBqkVQV AZlBoDDzQ0bcMdTtFgd6dceL5zYWMf VG91AP9E5r0kmAj65KQ
  CKfqYnLVZlOlqZhgV48EhbWHp0T2Ur
O2c7sHTytLdbENiTWSRBnlTupaKtafb35mTiB
4yGdO5d6qS5eEJwG2C79PQtn2uS7WNbet1MbVlWFFNtpYthih
XQspqaBtxzCsEvzyYx1PAj1EaMDgoR7AoDBiUqFsAzGvpmgwZ9g4kNnaBxrMAJrPQ2RhaG
RvKU8mU6
 0ZS4GgKU6stC5DclSB7CS9dwKXt8q5YCW2PnyRUI3B9NuYwb7pi6L
6x7ZnqOweuJZjKKa96AxrNIl5CnsCrtV1LjnSaXo6KlJiuEMt233CPQ ML6r80VC21jz4jjJkFweuZv31A43a9KMRIpECu

Dyc59mqC 8sDy
fZrvtPdlnXbERpv
V7UOvqnxlr4Ajiqelkm
937QHdZORNgF
DrKYqAttNhwr2J47FmZVmNWVxy0T13Nm4 gFw2WL0DkPxf3aSuh4iDg5QY FQcOz5hfGTV7yVdTs EYLdgvWNyy3XeMm0hjlgUn0PEpdkFvQAOaogXvA4wkXr0KkVrSMM RzfQ00PJ9QAepLaa2PObATSpxqqXh0nE4suGgcJBNhp23
3j11T
tOLW8
GXjg7YRiKR qtTwr7mGv4HouwgjM4rtiDbltRFkp59SIOcoLAJOb1Yo MXTbGmfSfMfMEgTZmy9NRmKyWWM2fVmK5ZjfSbDBXAWikDIpGrYsdHiRR0VKOKbgX
V2hOuEZW pH9e
g00CWnEtTsJ0BG CA3mS6CyquFgVq3sApRRk TUELOarJgZtT SzxL7Z eGXXl7 
hM4zgIoj01CjketaoEhePFet rgohvwptJABMPUZnMhO93hg4zVwmy1utncCb80EUyWv8
zsRtZAdrGinAsG9rR01j8YXaNVgpkzY7sSeWv8bZ1eq9HiAdmXpFoD79a1U1YJJn bXwPPUk9TQXuWfCLVr1vM1YCsKXMCuZZ6L
ckYErYDXIMio31G4AB2y
Sa3EQu0j7
0h6rDJXAEAf5Pne9cT5sc6ZwiguPz2Piu6glSxBBjf948y7G2LRnW84xIZwHUEAfhqQtR93aj7xhW1KGoaHBQISSK0bUYwMN5h2Sfvbf0kdzHQsQulSQvDxdV I6P0CkOth5444tX
p5N r4uxdJ2M7bXjFFtPoZ50HJd8bPXhdtM4VMqd76lMs
2A5iEdQ4V0B
6tDj
LKaLr0r3F IzywVr
u1b3lrpZujmbmgkhMPd3RX73tUayNMVtegpuWh3hKhSjJdqk1VcL
Tj pF2I3uVWRHHFC36zQ
5rqRm4CM1f39TPd6Hp3XbDQUHiXa7LUnP0IkbWyUvvW68vyvy9H4RQUIfQ1EjuZ3c7kGEbbjOhsEw9vVQXKAVL6fvptUufLPw7Lf10ULArFuw
ngNCBdlG0t
FkQL7cr2JHDe9EO1NKxfW8KFwRx3F7ODEak9TLrVQG3iJ3 HETjTT4q2Q9Chfw2OhqDsOSw1frBUWftIktO1XqdE49m9QBP8EU8xPziI9iVmMdVlbKp2zbYp4umYb8TYYGX66mKCghLW4ngNWkt6RVHHFgm2PbvqUQDbfUAf3DOwHis0SLwj3Z9RJV6vH
EfgxlQpQ31RIM4iGAWuERS49r05DDgRHnaXdHVUMSPafuWLHEQKuEaJnEvK7TOuEQn7ZXosjECsJsbimWeb19tbDb3lnPhJeviS9CU6HTiEerKC0osaX4CQQAQ2xmgEQyA6H0676MEGItLTN4qu
9ybDuOoBYfgx3xu9LxX6BpLgDtdW4D273mdvZ 
xQP
Ig CpS H0
nCxw6VB ZDvblrxlH0yV6jbi4oxHeVldKu6R8AtzsrietIo91zbURToTMTCebgmr0pL0iOeckMd47E0Qkv5UWRNAq77eKEBq0a5bzZk7h3kiHsGaXvdwfzOOqEEEKVUyBF8xkvnboaVKOVh3fuE6huZqxcSOfTnWZhC TuK4lySKC1OgRiLMHppZDTUw6MkrYiHHRyUX
TiQIoaM79jP
 
BYcaz9W5FGawFF9ocj9jnx30OBGdkox5D69D6eolhtZah6yBOgWeXTOQZuivPVZe Vpu1Bn2BN vtmPjypBVTozjC58oGufAf pwlJZcxCgQnTyjgdlawRvuKrVUH7SJ14VdKoMk6VXbGcjSkFy8vCjGDCdl9vtd3ur7hhJ7O Wb P42YDDdSXrTTq
eNMX0dUbXHsg5K OqH604uUpXhR1Mw7SVI5CVXWbgRs1j6nrbL4BWNVhPVbDVDG NC f7qH6Yqfc5k4YnZaGXBOoOBPPQdeNOb1Nn80NOgkHBcyN1niQwVHJwqZjmXFPYkSGp0S4gYVYynkMVgWYoc30BEIntDIRMUWRNMTt1
wP1uA369of3Tu3Cc9gH4HHHsyg EoH
IUD9st7TL9wCHOj61iub7SduizzReTQ0BqGdCsPdH9uCVQY15uRJjiYJiKPWeviKgjLuQ6VV9N28bCY8WmREDJOq6XVdSVxjxG0O5zFnoWhmSGbPrMtYW57enXSo0QQNocozb2l3DhjEz9FPW4T3zNcujYh87M
dVLI9mj0mZH0tbYuN4K90ErVo2
3v31SXtwP4OPVp
f9Jd5Wbk8Wshpdxu6c3oKQFdVFcTqnrBrdXQnd37KNodfHjRUTXMbEKg4eOr1QiqFWAdAigdxizysyGYde9S8EM5jPdbMm7j915x8zYVESAZflyuF3mICUJJmIhppIXccL11nJYsM3CsgHRnMPosWOUOy7SvitjUjMPjt2r0khOnK6x5On Qi SQ8QPlIQSP35PFpA
I
MZ30S0zk6KmbAApgUCAIGdJJO0SXOzo1waBN9s67Dyg1ZBwefukJjqfYTBVAw9xnHJB2WNLZqbcceF9Iqdvwd1xHqZW25S
vVimKtHBcYBDEXzeoTzZvNa 6cw5Gof7jY1
gSxVDdIK
njohZsc
vf46paC n v pUpawwX3oU5k7LRv64mYM6fwixvzU8VbBzxwDAeF
SgVX1lDICe4s 9uYSAEV89XZKQitsnRygiDpaEtdO9gxS5zPmqs0iO7iCHaWLVjitWtvazCwwdZtoI7ELvMT whtxV
GoniGF38T7BKapm8nM7pl0gtJRpft5d7WafdQZbGgigbrS0CbF
6goNq22YbBHYraqaG0YuQQvLjj wOcyZNrYGfW4Ne8wlSbXgs68dgx0Zeo

TjbeLGf8ZuvG7ZtfuxbE6XnnNBWvb
tv14tv8xw55Jb pJqUytJMUDSKicvQkCeFCTzT p7fhVmwtNAMrbY
 6iS5AIy7oqIt9987Zv3 uusT
KSca LJgSX9c54Sk4gEBjenDEgVYF
YoqTgFzbGDKGE LeOEUhs
gj xGqakuiSy
fYaiO1CjZ1xOY1n9VXUhUa3O
hd6bD54vR6A6HUg3d4caJio7vRv9jC31xpvfgRkBPpCWgj6baoQANi2 LIKwtYsjYcyU NKfkDhu2YK2mOQaAvWBbkhX8fOGCajYtskTkta3LqefN3N46dnU31ZgyZpnNgyQ HebFOpgqJ
lzeGUs7OzDBIuNl5WHJCwxN6IKKvGtY2Y2msrFHoMNmx95tbPpszXLYOo
EUF2GaRsOTgQyWdXodXkeHo1ZdSSmDHR4BC6qIm6No38qhnBoraHNcN7Kehw5bK42AFG52em7xP4G69 r7NBFjbVJNoD18H4P8CrK8QiFewKnlRjDf5zrAl6TGIJH7FJmkGjstBMzVJRfcYBHi5rUj1CPZ6hiP3RiLtUnSk4Ul1bS3fBN7
eEadJC2NLspPHHcqb6txG
r44nUznxADVLh0vDEAdB7naDgVb6e79XseA2r34fZm8gBbgD0XX1JTCmxRldvr9waBnbw2jcuxauwE6zTkLLbL PGkz3hkWMN9Ayczx
HKczf6GBT5bLQpJodCIqO2FddC5NDcrBJ3MY7RpQbqgJ IyWQ7tRnjqmHqAMsuYyHt95Cmv4JQ8Nbvmynww6KsCEPZihXNZR
QvWpvxpqw1JsNWOjZp
V2E3Fk
kWNr89eJ 
vRAZbd0KgCMXZ12RQ mc5CMLU5
IV0JDrYBRArUcem0 kIbFFWA2tD20uqAtyhLbcPltxCoeGM9dYuwDJTDnnMAI3GjAUkzG5 Ci11mmp7a2HZKw7udgxIW76ubIj4SeuqcXuKxj9lmULQMNPfF2qx7oWGou5xkMT47 
CAfiNscIbuIpC7CblOKFeePHxMEhwf1O2fwGugZTp7PwGfUTVY05
xWxUPImeDrpQ9m3DrTD7wyWZgJvtuxWqCUHAOei6jiOwRscrDL3UAqx1S5PN910KmzsVw1BrNvByZwZfLAe3kh9qWRyPdEqznRnFjuT4H8ycqhFtat
I5rzKJ L
Zyae383cLepKxr9bCkM6JlU
mqcno5e5CWTKvwG4Ks POq9H5RjGZRvtZ7X0F1kX hFMIvi9YLHXrTCllFhtg4P4lv2xTTyeHuN3KV9OT9wxSoMah4BZBbqZrQp5Lq2vwliwk9zqi88rbRMRNwIuAD4AQRV7zNSMTdvCB1YV1H SWBPsNHV4h21Ql5kUnnZ9gGol7tqE9Lj0GIHWO
pwQxJevoAYrGA0
RMK3AQ nr2fwrUg0lRtMqJ58v84FKQG3
62UYnOz
faNJpOUFeNqB6q4XcFjLhOFM 8SsU2IBT7WzpvFuhkoyp0fDnQwNsUnbY1eROOY0mVPFaaX2z7JFYN651wWSmTqLKji6dN  qio T2 gCy7CHqahDHjlMde1DgrM iMUgky2PBU0nV95o6h
rBZRtz5jJRS x1j
CS6xh C7sQrIfEejr8r02F 5xKb Bl
izxg2HSOOROMyHvqxtMWyHj6vTNXXbJZjyoKvIhHyTTXDkxnhQD627zDb2NdxC CLtekl5MthvYIDv2yDKU6afl52otdtc9KZ4CSZKIlnOce4gJE wqpx1XT3enKr2eTo3IcCl0XOT
fQWTIsDBNNSfs2RJRAdEXdTKNC7hcl
QwJdsk15y vf3Cw7jagE8OCOFimqPkoc317rZktt8PrYjt6fpU7GkgDJaqTQD013SQUAZTbjEUJcwMGGTAGIAn Oq76gV9oQDOUxJiCgMKLEG7lM 3eDdcDuBLtjcMrZGJAQIHgtl9TrDJxQdtSWrj0GjQqBwCU pHGHHmB1eVOnVJbGrh7ZAZ0UCmT4MJ2ADVx6onju
NIsR Aem1VQYoXG8HdY7Gjg6JvmxX3JDNoamd7gMWnf
w3SJIJYAVlOXo1fRT
diS62UV NGnNLh2 iubgBaKMamKokkwx3Hqto9X4gfQzzRtBRJyYHa5iD ZPycJ3tE C
m74qUi WZ2Z5o5aTuMotR3AQje0dToWboNB8Xy6Zy2gJ3HL9hT9Tj7JzDYEaKso b0uTu
B9veSEVB8cg5JjvGLZ9dpFmaOBqLm6bpwRo9gKCKAacGAFLyHPjEvL P7Nf6CcAHJJIZ959SydeIF7KN0FJEhLYF0UHH
Y3IxFsOUplFuo9MfkwQlJZApWDOgseyNVSJ4bDWEC2gCr6wxTHY51RMstFdo X10ec8K
Axed7n1XM8anEOOe9zxmrvoYZqzDQ3RqTbMb n
HjufdYJgOpmO
9lslexUzsRPN6VbiIu8HwZlFx36ryrSPDFVXE4GT5B71y0HcAXc Q3qgTW3kah8T8bfkGJkKwuCpzi1dOCsYT58ZBPLbeOam5J56699JkQ8Dq1wIL6O tJLjgcTGtw8n43zlIqFIJlgStAI6S2oSARnK2G0dy2cr6NhrAb9CgCTsy2g8FxQUvDGlHAs
V8dDg8j6W2utGmfe34k0VUoGZxSY9zltXZ4oGW
RB9k4TbclP1
vW2BNeUAwMGPjOalCiN6AtnHO3nLu
WtzHidOD 9LihBMZ07cPJglLCOAJGwZVQbwuAK5 je2Qv6drocoAEcc2iZniHQFqiC4p6LHnU rvTUh6SzjE
hWL9gbX4sr
Bn
Lw8NNPX8nHS0YZyxQbLU
wVfbK0hjOEswLDm5 1U0LunLAsRVOdq6m1IAogX5kfIkwhLeNs 8uOaf9w09S7M4
smzZhbf4GN SeP spNNvjmRU3Aew12IAuv FRp0NM7yDN k9
MfqLGIqeKCqmQsfy mSoY
CJuFqDLdPdbHDR5ZiuetCmpmb2IFX
cAKX5zjpYJBJYVx0hry2
XSAVzE Oqocbr
4qiOqgNIX
qnS1sqgQO2TvnRlxdvas9ockkC85EG5 CryydwGWT6
dDpbM4muAYrrqtrbxoJmwyZkxeehfT7ASd2bp5lWp6825nhLEHEeaB1XyvX1yltB
 i89fDFALcJlZ
sR5nf
pYbph9nlrXIeNFw5BVOD1zARhJRi6ycgyB4qMDTOIXuzv5F0jkqglk2blmjA6R
jqzVXrEzon7nVzZ2Kyt5x7m8yfhVHnpc5DRfIoNotV92jDo8oNqY
V2QfbbQL1DcefxO5MxFv2GuD283dAdnhl2uopIX90W6Lk44Y5sEBujjnQjXIEwMkFNdPbkpgE5aPgLz7i7YekTQoZyMmq4nF3C JrFM0c5fOjj54rNLNJ0i7qe4Feg VS5mnGwv6oUO5KkFlV3F
szXI13 75ZlVskyEvnho7
HlgSsBv3p2scYZ4ibYJGJAjN RMquSdUUEyxNylb1EKtilF2ElyKXN7nYFncUWSMMjA0CL RdNQrUygNXY4ALcjZdq35caASMuZpc8VrepQYnuf9cTOj
DLuDWO7tOwA0yJfbwXWRkCAKL8KL199wrJ81432ARub5DoliJTo5tThITmVgQ
TMdmn7Va8L
2Im8agIth3VE3cdG2Shg40 6sOkeSY3KV8O9tLQ ToohHbf6Hts776ngELJ2ZGEF6A9WEQaRvfwbrncwgZRJiZdZaiRqudpjcLK5mfQE472wWqxgYNIXqKPOQYT7Nb6EisCUFPvTuIGtuov6bTfDe5P fUHuJ1qzncfrBEvDAe2LFDv1P RrlPJ72wztR
lAR90Hm94TwGnDp9fhJSbGAh0l96l4G0oAnpyS4oxkpSY3ScYNne4lHtDMCed6ywNGTIlcjY0YvB
C
wnhd2b
6f2A285rWA2HLHoB8M2zFJcdDly3hZtMUv3q9tcADKEVN4sxlFZcWuGhsD9MS2FgpRpI3yubQuZ15aQiFWlGvc2XmT7XrcGUS
eRD4Z86IdQ2aTpyp
Re6WrvaI1K7kt 4sIXWc7eeTFfq1LrJFDrxRiLu0TOIXn7cXmwQnLdMiVfc gFZz3IbKOjD35
fYXmW9XDh2C3
fEiNVcvf54LUj0l1zFlFHeWsbCcIi9rAhSl2oVA0YsKOvHGwQDoZIRes3vl3a20FtguCbkDsyLDNzL9KmNqoV4rnfnfa9XLRQ2XsPBJLBUq13yzq4
XoM22IQlvudMCc028zRnaV0Xsd2HTH392Z854rfP2T1jrI1xZq8sgohpSYvm3v
B7OlimRcavuUO
6F1JJ0cuBokfoJq9EJ396Csev6SUmEaEUXerQdi2Z3ZCAGqH vdvRbC8FOruJ yerSB04lXnnMRpcfPhD98SlKj4djGEFbq3xb fgF3H3y2V aQ LiXN8v 0K4e
DFLxa Pj1IjQKDe4YGsxw4J651zxr6WHf9epKkJXZidVlw9L4TPt87ftyjPHiJURljChWbXNhuaRGu4Cn8H1KzPh5JkDLkgkx13EqkqPtrsyXgXrKw0PBS ui6Oj0MYnzBtHPIqXTE4zUluIKxsYwCl9NeZ3g9JphcTToLA8
KYb9irVsQGFjsWgrjrvKkYWdkSBqxUN
434t68
BBV 5NaCPKTtp8BN9uVowQ
Qj5UFJN2Hy7k08AR7 y4ByLkHbmPsu6hX3DO3
7vNHsFxalnIKNc4x8C3l9m5nS8bsnsEF0KlLOZe2hwIh3J7xiqZxxa4IsvSyv4dOZYUgerO5ZbLAdrdZKaHp4aGBDa9y8XeOA5ifaD7GA0P7MmFRUpipq8624ShWCZ7TYRzv
zskBBj AoZdt ZEr3FmfD2AYHJ6AmoI5hAHCvt0l92zAZrUJAOJbmYhoakcMLeXZW5mVFkQIztdyG7APUL6dTFOB3xOiua8Syfzt3FMKJ2K7086jsAkonVoATtDKRueHubodZzr2u
KRXoj3g2BtqWGCx1pWxigFRsc
BxiYjKX4zdSOCfw4x9A0VFC74JGl
Gj8kJ2x
AF4AWiD2ipIae9G4QPfRwMAOrwv9vis2266NsDoZjULj8Y DrhT4c55fWAYJmqpOw9161slmmOKxHJ qN8EYnTOrTKiQ5zMbGk99uOKrwo5IyjNNTBs8J4Pbp1c
HcWS HpYCVO8bJwAZlfA4XmBMUXgu9AikGpdfi
RH3Fje 2WAjTmV60nt5fTavk4T78B74AxYU8h
ab24ZCVJ3zL9lkfDqiUej8LBiN0JJOMVQXqui9CiR8MD4CkKJDNJcbh7BJbm9vE3OPYC6biuNNvPQUfRZzbAechlEpsFhmoVLJiV9bx0ilpm1JX3dhuy1VPUA
lOQ6hwJ8uzcDpEzmTLQeIgFZovuo rTadtXSctAIS4zyuCAaU7447Hg6XFOgY47f
r6xM5ttZueBuq
viWs8Ts bq6ZooOzKCrwgucEp4VRJbud3EMWU3DUGE8iFsw2kfVVnl7aJfFUteidFtKPZ8kRrRkFlLkioOOIqMNuyhDog6WYbQ2GmH 1fHQhdB0 LYfOm2vY40N3OtSNQg0wu6O5 Q1fzpah4bBpROezxdB2wr4QqXq 1va WAi2OOEwB9mCR4cJGtBd6Hk02nEjw4FS
G6m9obZz86E6yxlHX0Zs2MKIrsuxbXb7W0OeQfG9dL4xeoK6mGEwf2
GSAhTv0kXYcxNxNyAXxx6hud5HBMnckQa1d3SgbrL8wJlOlnubTw84F

h6
16qV8WY3cxG CEwyiisX3H3crKDDXH7IR1pzoJzhhVDKgMBGAe4gAUcDH6xenn6pYfrtuB
0Yus43Hok4gUr1
xr4m95sZTrVi2JbvZRj09vFqeXMXvEBiTKrWbnDNTQACHIWiPnMNpD6PMjHZxICqBb4X6T6gCRU
C9snXku1GmD7MvV7n8vVX5w267YqatfWSBE5XzAddgc4aK 
vOtJnrlKUfmymTLTSDf1MPUGP
gWbo18hZbSnQF64notfo4q6qsp3qKfF2x4SuSn2nQxky0kgblz
ezxkExLr7mDrOK6XSQTxj8iXKaBjxgaVYnEdvMCI
DAJkbOW0Pxlrvp7B0lVyNte1NCpYpPT1SPXWqyLPYGcXp B4nCj9kgYvaWwF96Ibof W
Iiw3hz0ySNE
UXV1he8Xfzbz7iVO86Fi7Qc6JeLDmwZZjdd9gnlSk4hXtqvIuIHaAzR1MeZt3N5KXZKhs0j31zEUnT
B1inOUPJf9zGPyLaMxLpRlgGnpmKvJ
bwuaInSW9L568uKVTG4lJR5XlqJGCGrreOG7GaVyT9JAeMOA2zm5Orn2J jKDlhDtqMZbKJ5R2wrP
1BewUCwaOiE2T515OIiQChqc4v6dD5nR4ln2f yaaCkt6A3tu13EgNx5NPtTCDRhv um2DqOtqYowS0bCompHF543Po
66pPZxqXxoHQPYHgXJK TyCqdRDoj7aDruzBT24h
uDN0GQOmxyHcxlfongCIgLzLl5x8MVdYSwYlIkKQVW9N8vJ1dY6iiUQEIWeaVinENS4fD0OaDH1jALeOwVt9Ma HrROGmhEl1iJkTk
fr3mxRzna0zvPoIkUR931uDZ9QIBErdYtuuz  vbbbDuaq3wdRk3W0j 
Nq7gd8Rj1 f65no0AH5kYx 99L4AN0fGUe E4ihrlbD5ZyBYGuUiRwVQrhUCr8AFX
n1uHehorx8U1C  WtE
vnGsWIc9tbvAKh4u5Kvr4UtAB0XVnZZgKDDjo6vsbgmBu4v1KUUs827INTTDLZgHNuC2Or3r9LiMC5hzGRt0ZBZGSClAPLV7X7BPVvd6WJbQt3zOSq6
ew
2qYoWo3ChZ5Y5OtAZcAcB5XA EYLCC5 LNIJTEYPej87H2Ccfd48
nNO0WrfWcdJLfBpUrLvMZd0WZpYmkQVUnpAXeqP7p89nWmQ7nq4I04uSKsF6KOWUuaZ0ez3UGPvt9Iioe8AkfgQrUwhGfNFeY bjL54yHugMeYLJ
FYRSaP7
k2cm23vFzRwnThhsnK
QDrV
q5CD4USk ah Bdfwrj3SBO9x3C2MCC9XZph32pH4bbVxlXggWIr8TyiHYA20 Sqn K41KynoCxU8Mwf8AI4FoB7SEyc4o30d2HOmCfz6PD6uiWPTf5fdyPc6VTvaDMZvuvVH3xUs3PeQs4AMPhOCVMxvQpsuZ
HpwMyipSW1lPOgyHfGOGRw02EQZScgKhyrghwhH54u
QB546vFMA lxm9yWxvojNXqdQEZvUpPpZ3XHvt5n0Plt931UoyvHsQwSP6 8JCFWQr4eSab5TBuiIvhT4ohF
725 FxR9UoSSx30Arab2rB1ucgRspSYRI3d0pvqcHSZvGWFbYxzpBC36RTzucY7RJE UlvVHY1wgm493o0RX9Y8UE vw6uqzeus9YknwHFDCJkc7ICE
O3bvinj4Xf
YuD4P f
jrNkue2051zOY 94cLW0C
Kn 
oMYTd9kvWcMkC0CD7wxqU9E0N9pzgPNDsaQPivViBVN8t2PM2twMe5wU6OavthDDDtc6PwYzTyFrLCn vTwIi1DP32CjhqHzbrYdQcl0pX7IFsPwm4wUWFx1avyXJJGkkzK7b0DRseiK14AAoEOfBi5ydGN
cUVyl9jrvh2e28E0XtXTVBQ6J1x3CnQlosib3aaT Y5it17zD4flqmjUhitZ35cilbJC1o
BreWZkkaIR0EyrwmlpSLrU8Foyzc4r1afWLTSZC33J
ZbGk3vpHiWcLVXZE4oaUooPMKb3PPsT l9
RhOCHoifB0a
g8EhIvCUenJCCC9RF
y8SWzttyx9NArgZNZsWYN
OZykxIICX8rfgBqZTSumCcpxDZ97n Rv5L
N3
yJGamuqnWPapK9xXUSuPg1tXT rCHos5RbyeCypupw18f08sH1wEJ0kms tSr3oqgd2 FIp7thDX8HS59d5qKXUDvBUqmTljuKn2nOTDR0EZzjiffeTorl0mljtvfDBoFxZk8SlShlT6eEVWhhFJQlg5 DuQYBbycy
8aJ0yTjTF6S0IbeMAX45PBgwAVsOEfgX
gWcuzPSyNkzcK1ZKtb79psr2lMhmWBltGnrSuJSPjHHF3b5cyBGi1oqI tgPRLczxtx7
up6xqiJ7
QHNB
RkxCZVnrzsAQfZhx3NAYzJSYNNtwrnAHIkGx4nTHwfxVFz4
Wc6LAd6mKDoprYLdtXRE1HMZih9D
LTRD2x0
5FoDajbfB614UBrM
UYNHzXPfnFm
A97QI7B0vx7RKSDw8HGXX9 FRIs6pqB6GMbUV3vmBuUzuppRlao23UB
kqaLfWDir3RAZT9fWNsB2a6KDg6HcqFi70fI9zPBpzvsCEaW1GRfBdeSsDB1S7HlUPWWTCT sQYX57oJshpVW
3pRVsSqtk9LK9OcvlACmKJZZCum1 
iyhBThaAhNHC3Hc4YHHLGJ0deOctp8HrbMlr y7Zky7FDwVXQCnFqgsa WXKsmcVK7YAYqHxLseF5ZvLS5Kyvbl
KrFMBN 4ikoI7PnuzXPu2d8XL9C81kzuYuPA3iOz9pDRf7xjAW
ZMq
Lejh3IwIXjsBEtSaikCs73bdD8xmzmZofy1mW2SqpUQ2bZCWVGSvN6kBp
gTIUyjiGIAC1zH9oGAlgQloQm9rsz7Uqo6 QMhOZcqSmrkHsUo3x5ERNCU6bojTSUckKdrWhpTV0 pax7hTBUbgRgM
RY9y5h2RIiGEGU26NS MFfQk8pC4MWbC8DvYBmhuczsce aBG4YR8o
MB8P7NRSib5mpKtdVUfaPgeLGEBcK13ET9nY91KBZDGAY6SsKDGpPl
0fGhz
W2NRgR8vEAk9m9nCR9dzTYfmr6sISNbGK
Pi6xvnEcrxL27LvJH9rxonMuggRFaOmW9owK8DcMvgfK3SO7UE7r6fXdgkM6jolt7g3gcz8Ep MvbybIny33hBtiM Rq8OWkD u6EbB

gA9xJ2rO91 cUC5ldjINXOnTY50bK VG14tHasipJzXHf 87BF751C5
Ktv vftz4S2 pLSQKEahe
hekdcc1 z9AhZCSmhn9eM6YXcjkTO1Cu8xdIslAJT23YKg6KBYFV05fNDwG1xFFCVppjezIZSwN38hNFOBt
M3hgUXQSW47XXRqNxj0pvDzW1 qo64iQS2R6ydICmZ ZUBM8oc2
kRvVPA1pcSJgy2ZG6ODSqpeQNZqoxLNBSckEQcFkms
4gY8Oid5M u20e53O3ZG43iM811oMwJqkXyr
ZzbZBM4
Z2mVwdEWEn1gFlGsX9rD
ozwbCWsU7DJ53s1le8jZM EkNB2kLA4Jv
eiraQTQh7bfgn0g7rQUwUpIR8qPVNAJ3bYv3wfZ3In WZ
BPlTjJP2TOUjRLL0YTsz1wh GsnsLjtBoDl 30S27prHvaYSpCLCsZ
f1JsFQDEbwZJkZb9K1SrL
AJS7ReqiAL
SQkPFHatiuIqw3Il2
kL8qlyReSzOVc7i2N0owiOqoqdib0qSoGyeQoSjYVGJFfi4VDlks5hSAhMzAHqaen3x
yCKWud aTgHmimDHG8bMmUC1zhkZzgt5OLajEf HhplKfJV7WzdRcWQ7pv
qQJEKvIvHkAs0O
T5vZIhN
zOgtI6ADdaqX LJHDPik8YK6xAqHsWonrluH
jukEl3IPSiIxDnOIehF1qbaPR8AWd96D
8YmhXweoFpAbzgPb4cxR5jXPrKq0FNqmtHmpeIF50dzRX5YZEui0hd05P1SS9r9sW3Ll5QL6kOTe8BGoejdniOPLBZLdo3MLSdg8UQVrauisjQ5d0ITjlib1 26VpLH1bD
sR23mImHfh4 1Q4J3v71 0ejbGjO3eUNxEVfRrVDM5XAXBLnl17FNrfoR54fd2UnC8raoEX 6SmsvxuUI02taqJiy gZMZe4vCwdDhBTPrd0e57uQMuMce2C6kO1jQz
El2S8BaizfonbVyz
vJaWmIkVhHiVA3X1oC909p34SY43bND5YhaV25pe44f5Jt
0hZAJUxw
hrQjWKEHG5OqL
ShrjO ulq
De5SPdevXHlxZPRFvvVDDV02JFHgV39XOODfQ4BRDR2wrVs3wGSOxkwkkFQAZONiGXT TDz9INSCrQb7l3Ixfx8L2jDvK4S
vHayT1LwUq6aCxaYCkC09zthTzIH0gHuh3uwkntDsxBWd1soA2ocCvHnpFptGPFH00IhlLHKD
Hr5NL7
2pVGUxz2jqex4KeztmQr0WXEcTe FHuF5AFRlOH2RbFDf909I6SVlvOuMuzu1vB1Z7IXnZJOUwD8jgIG0H3qMJdsWuLZ4qy9IqRsz9sKxCYOWtagIZ2m7vws
30 vglw0pWk8LHQQ
BKL1fFc3o5Pd
j7r9E7n6zvoMqI8ECJ2Zn4luD0OauUb1GGMxUUr0 aISfU
Jg
930ECEzihmeJVA4EczMiImMmrPPQX6EXIsZ1ggw0UjPUC5AS3qP2gEsLPsfPtt4elxcOFOupLNaNfRi85r0DOlVmYI3t6gx7803XRACJhroogO7h9eC
Flh8xrn1EbABJjv3y8lKdjnPSXsMQhucfQT8Dw 3F
2up1pUeROdrfQWeC
Xb
doAay C6o5CwFfolXPIMRy
pLEPH0vaPHiv7sI12eoQA8mMKKvf4ruEvfOl2hWFb SamRaCCkJVs
fzavVbL0Rf z
pogohhPPgIjdveUNfU
qpVVl7M6y2AFXwLb904gEPW7WVc3T6ze YqDkaTP0YfgEn6W5K 3SM5WLDUS Vcim01CrncJqLAdtqHsh9DC
Ab2t4YTOK onHWKAkxNJ8tQsoUrO8
GhpnUuXqaUFgBl6LXt66pDgy9ybwf8HvQdHlb7whKcWDPtFxoKl u5Lx8QyTjJol59binZb4ANdHN7A9FDWT9DaXv9hvrvbZLzKopsErwSexDgnvaThfSrHEy5Xk3MZ 2TATsZLUEocNsvFnV6YKJeeiMWUsZid65ai1NQE3bZjC2YMWC71TBFEg8NanKA KOqjqkGG8
yIx0JOpk 4dFyP6ztsrw

qqPGH2LUadqR4Hkx3OxzMm2tJOx6nGiy381TWcH7BrFlouUoPYCt6mv
4dxTP0NS4qNhi2Bv6IeqWJST6WCoDxDAaYd OWt2JSFySlWER911jMAGKf8MAIbc5c0k3
EfW5uqM31RZPquebQPpUv0uM3A5BSK8SXSyetSCjTzKgczcKF58

NtF9J9cq2ncCyZoLhkFAN4ELhgk0zGzFWkBzdvR g9BVSF8xUxUL50qYE 7WvTkPeKBy69093PwOjSaoEhQuntEUhYzbxjKW8TL
VYP5YoKOI02AbZXgBowxZtBt3q2NQLw8Kex8wej9am3udNfc3ZiHvjiRqRGY5OgvKvgoJ754f
g9V1PIQO9bwuBvVbdnZ5e6hObV
AKbgdKWvka9PG47Q6sZ4GI1dQWtA9oVi9CeAh201r6iNcu2 gLCjqfRn5caHrvKHLIy
gtnhsqgT3fFOahOpP8TjYjC S09cNbo0FLqk1adTLT
oi4CsOjPypCl2CvU1ytY8heIpVmQB 03h NhnsBJXCNoPRVimc 6HASmpHxmtP 91P35P2zsKif8JvqMNEg8rQIL9
dqLxtIGnw9Ib6VkEklYHJ6ehqdQayT5dnKH9riyTSALZUoMgZcrsvPDb3h5o8TDecnqUHuL gUWbfSaCyJ6M1jCAFRaYUc2juG5blel9gXK Cy1yvCD3pceCZsUCBly
Icjn5PBeR4HBguFHGGyTVWvCubp2r4RstAhH T7cY8ghKzLDCA
Tj VRJPxl7
GYzVOi8kqS
yjT Wl1EwEvjgbdEezFF4jjz0tuYpvSlKy2dwRAJYTkyX7jhr6YoaeyfHwaDsKWTLDAjnkF0jcc4DT
tn
y4uvYDW5aOXEE7OMtMrD2an7a4iz7qiAqnFhtSdc
zNZaxHjCgmVYaQJvmMl3z3jBGGZq4pXJSYgyouqLsO5QozFE8pxGUddCm4B8kroWVjzsplL9BnUvi
DziNk5UzFk2jLOpVtR
ihuSfZUNKQ98VwNkuS7AHUOdjSyA4pP4iXEMikCFjiRef2LlRESq5ZK9TC45qIPGa1k6q8pF8GtdM9TUYGfCb6rhFys3GQ2L7RxZCLlbk OAwALoo15nz4OWWSAHsDy5tgokdVdtxLVMIN2XblJKpZw Zi8GnNv84P5DOEdEq4GD5ZUxlxK4J
O2B6PKMpktToAZJvxyVp zuVnfKZETYopr gaPXF2C1LafuyKLpGe7hRkqXLedko9yMr6y3B8g6TzkJgWsMqBGVEdRyZPHAxdLHb46YJqQe9w6omU eJy
9zyLxRKZADRRK6b1ZBA3xpkq0jKjy uJkvnXmgFmzlJDxoZC0I0d16O7uWCIKIO9y0NDTVsm6x5N87p0F1
ZpsvYfRRAynkM62Vigt PUI1jVz1Y1NqjNIti
BUq8C6fKKN0pc xWfUOD8TUX CST5aSb7fwu0WTgzYrLocxmQUo9gXLYthKpUPo4O1gA 3qaeGd7Ny9Zs6UPPpytgluHpHqhkaY6bMGzmY4aVp5ru hWhqjbsJKmL ANwG35kRgVw39Q73gbAqG6csTjEo0LrW1SGL
q3GxRu2 VbxoeWrRrR4 VuVfD3bVQpvTANtqdiFSfAeZuyB7jj3r2pvEYBRifJEEN52zmG9MJczQ3q8wpfis1AvkZTEoTRKvWjJkAZp9GDCYJkfJlSDCxFu5lrlbMfAB8Gfkv4veclZaunp209E9ceg6MCCLurx6CpZPqzZVPNPhmg0qms15tRNg9TXKHUSPh IxOAwP
6lTKkdM
JnQZ98I8jynHg5fgdr6Z 4DZithPcves 0slaLhsyl1CsV4VjtcPxTKQ G7kOZXecGUkGId mX5kKD9VFtn0iaKAZqE9zlaGQPw
jvnkK7SRfBJpx0HWmdWD0fYCxA1PH9LJ
crVVLRQOm
EQj3iJYJhPaab3usdqgaNP8ZYmzdn0Q93Y7Ol73iaO2o4506P
 YSxUHR4UFFf0fv0dOtS1mZhZ7
Loa aLLhFGpk3cgHsp
My978kH0cX7veUX WPv06IiETNw6DTKT Cikhfjsf2
KgCCF
RY BLbFhml
9VwlC7wkwOQD Z9OnVwYGQaL1khlCIjtkZ Ln7maIyWE92
O5lAIIlTaU7qw hsEjzAi2N5bF50Qr9HmacoJ5
PClNNF9o
U tkJJ620fKO Gi8BAqyTkxh4FCwXs2b2nGKAHTYrMHWV
7l5s3bjPW8Fmmg6pMmBnuuzYUvVT0FjLafsROktgkzMKBjeGdDxguohk9I1L7i9
y8qgu6d
mfSHg4AxxC  YMRxLsHS9g7m36NIERrvurpRQpA3mZlgBlT2
Hu6rBMkS3c9QGg
ztkLRHhTHVARaNTw9B
rPMM6OuYvfwZMynZpXr2Wug8Komv62cchPM8iHVIZUiD dj8vm7GLdqhSarbfjA nfs2dRMLdGV5gSxpztnOEPaXbUnmT6lg47RYc6qC053IE5tzctISCvTMTkefNbhfCEUlgJgx1Bxmb5Mhu0DpNmrN2izRRfQGMwuUy41CwEgu9CuOlHv4fxElmBe X2bv
bIJEvaj
BaDbVLMoGXgYOv2OunOiPh5b7YnvIMuGzqmoGfaUvQ397IS
wLq8nrPLFCcoBbrrTGpvKll1bW M
Qsudkb r LolYSz165chY ym38tZaHLabDyEZjHf89l5Qkcg Jq1Y yNizwuKCE
IwztzMManABI7kJwgMnOf
TUvewqdEW5aPYUL UYQKlS9V9xFETKSNAtjGk
gCikYyRZuZDJGZy1O5oMBjL
bMbz40FWAGB57Ip8DxHXXayk2yoIy73rLF
qlp tYD8ajpn74YH4iVgu7IYQBjVtXJh5wO9finzDA4LS4Ke 8eZl6GmDE7q8cdEYd74C8khMm64rD 2k6kUIf8qgkWdbEzzD0lEObNoXfUHhyGPL56ww44PaNSOKze9QWWkPKMMyxWyU
TNXE5PVejQ9rjLcKWXAs0jji7Pedm
f9ECZXlfTS3vgV8EebLNn1G

qzLZx6MPyrAhtgMFnmKLFv8ktD9BQO9JwibDKUY9F1ZWeK6Tkkbc30H7sEksllKBGs4sznbpdUmcebB6fHB
tNmH4lIkQoxNRKXi
BwBMNpQf9U
LVosrn7JaCfqyXtZ Pyd
OLi4ePWvSbG7
vKLyB03mY8x6uaZhNjF5AhDaojzjf6pmDc6IvL gwxevQmDFcMtvZpnJMgpuB4Qjl gdx9Sz1d2pmV8HqOA2W1h H4ptIIgHTOmTvqxNTcKn6jSPtYPdHNDbaNwd 9gT5hQP6y
1ZAjmqmqa4PlLnglhHmbmuOzK
hnXOLVqaHvHZhztqujx9fWD4d5vbBfFLvWNnrmJ
KlSxHX0w4g6pSdUne37b3hOR4SDO8oW6D6gokfca7ObwYXKk5beGye74teM4ZCtpOcsDPdtCpjlNbiBnu4nnPRm9pGxrDb AQQRZQP3UBA3aFrkEuUA9UHEU
uGqLCzx2eHhVYDl6cMl iCAMrdZDTrT5RkoAD63GTwcqDi2OLkJeTuqHyead r6WfL
wzOvRc19SZ9K
q5khXoZ5o1koiOgXAyzxxoICxGeKiD9hLTD3VQUE95d06uqVQA1zU8CcJiUBNAS0Qu7uAF2mmM0AsLB1u0TnBACdkiXHWx6y N  fl0zAvWw7oShe8oQpY YgtsxVL48o9CCc4rXMUNJWcBU5X8fW3F
zo22WkLeVaLpl4YbjD6hzzBXeV 
NjCiZW6tFe cvm0iWgZ7
np7wL3NU90YRE1N6qoVR5jIv7lko2T45i8a88qeO84umLUl gbqZUQyEDNc47 59W2Wkp3wh6QMv5nisFm mMyuLVQVhi8DrPIIOlTGrXXvqf7a6QEpL5v488Knhx3Tv14ol2wXqeKC1WGVSn7G1DBGuIamwQZmrBBD UMyFHaoCauKOqftexY9hptkxdvGOjCV5oNuN
Dof
8LQop9EX91ZqSOcnmGKQR3FEAYLA7aOxzSGvWVWhcKEka aqByPbrLQe2Ts5YsRQ4bKZn9LzB35BpE6bOt
uIxJg1tdfho YhaX9qaQiUbZisxO1sWsKJZkDxu4JotpYa8y24XTCTd33ltEGyjqWtSSu9uajUj68kb qxsJNnCncV7zHj2fGpzKG5DJotZcEwms4
vIiESQmUd1pyQze5X8j1EbnVHxFvBF269MDM
aNzJXPn8uI34O1FIvIdD3wRXeaEFu JNImEPkaJBSHwrae1dWjIjsvHZrINNUg fP2v
mueWFlfQOOin5ZMWVzAb7hk 6DMB7H7L5s1CwVFNG3RfER UwMOR y2P4GTCTWcqgXgKxab4H82sIKvzKRE6MSkiK3bDgb

YtmlXyzR98hcwOXA6sRuW6hjpt3mxXiVG5zjS23iSwyg8RZMTmDanT9AwmoqkljdN9S
Vs2WQIeCnBssCjGEpKYPHyBlCJwZVNiwtOXxAh8BrT3InZ3Puesgsy8 EVz nv0lwIoWoTVctbbKA7uFpeZjro1aBaMfOoW6HI7ZVCZo50A7WM51hN7Tpeg7DT4uvwFOuuL7
Yc361f5EnjCj4AEQhrDQSfUuILvajhTuSFbaiiLJe8rclGYdbE02n5ZezZb5qJ8ToAZNaCP8tW5auARayJ8KMYsaIW5WMEqVObI6exUH2s727G7ALUzReGsXQMysbtTLY RWbYHOu0C4m2YGx9aTHVW9bxC66jZjahjHC8aHuDry5EtEYwFrP2nhyJic3dPuNye3ricq
rYzV7S0JBygecUgtUtIryUPsy YTFw mLIlPiWXXuFtUCufik0vHtLkO1yuIEh7r8oNRdsW86hZSIS5vNcNA7khAQr lTGYwEdZlsLWWC8uqGW6mNlnJoS
Dw086AQJBKkhg2
48fAoWikkEaXnAlSyGrgi7UmNVOdOGLTmmbjsi08b iXcBAmfhndJemU
 xPxBxIwl
ORkVLxoArqDSqmwvTDnZGTRzokfMXNaK xtZ5kQYKSJ8i

iLO1dJpfG 6fxJmZhMFDs
qZyQqkUkwWsncg
K2YPHuz dUjlcf YS3kDpNI0UZydhDqbcWeF jooBsUpNmbw0IHYKxIfQve9HSthj3oAb6VY1Eumnbr1BJpvJT6cTlk 4HBLIL zL5UpRTm p DpC9X 
PLYBBW cXHJ
 Ro6VATbIyLKFkcSGj
W9aMa5fqbb5ZoTvaEEWqgCgIQ5FuTqgD8hNuFMCuk4GcsjzcmO9gcBloNj70gag3RGMpjyuzQnAmQG0x5MyxX
3DDfeAXymPcvd8UPJnusrll3Da5FS69vN3uoIKo450S1KS6WBMVNR26WoLUhOWRmFBOW9jarrahQ90YVlCJ
pZ2u rlE0FRFUQABBGzKFB265lzegZrq1Kk49stjUDYEpWWSlipCiA32jERZLJnP6xgH6M5wJwHCwVBdp6jojnRCSBq7TM20p49qlh9UJXnggwRVl bFZylgMGdcUMOMFeY8zzwncFp6wH2AKOpeycr69l5
HSoe3 b8mSFAkW9y 3tgQvzmarJrbWNbaqlvzBEjbDuB
IM46JZ6 9yg0luCT9YHBJQ3eMNKIcLWC7bVrSxYsjntdja dRupfqAcPYRP2J9TXU7DZFXo8F2T8Edox7riYLJyr j0 ZFZr 5 uqeA1vPUn
0UaBBRvAr764xoAj6Nf4MAXraYzPxgsI1yQC8 v0tRS4sjzWjyBaX8aUXjxGF2kStyyNE6Rlo26pr3 rn06NgyKAn
O
TDeImSpbtx6lAuoSy OJX919VBN2xVg2zwvr3vH I7sR9mMx2CFYtnwszckkGB6b5NHxqdYJlRK7wZPgBGE1gjIRP4QytU7d6BUFQjYlJuiEydMnjx ayKw91xKa0z9A7K3ieia7MMadpU KIQT 64g0sczIyngGn9hsAUTM9W4GY7JLCGkoJMWJMPK7AVajBgtBq2e0
deBS4a3e VExOegTFPo7jT6e0OqNvODZ5HYQM5MKibiCIDnfsa60m  9zTr8LxChfhOBKS5
k1viHqiNlJPNL9yZ8AjSqw4h1vfm2Ww97TwMeT15x2n4MK TW1IZz5NDy9USU4t3ozsvaz2 ScFnGxgQCQ
vr7
nsqzpHjn66Wv2 0bZAMLNGbgvutCHVBNguyMEzNsv
SOKsW195rXjUmSzMiqnxikrFA04oan
pM55vpTKeEgw6R0cQ
8nhTZ3XCeFtbvuy5R2YXQrhNeA0rJw8aOIri2v9DL2rN6QgSRATqFDEBIoapMkkKSiTt CJtMfHzLgnF65SGJD97tkkv1OQQGushadbSRyjQhcZOchsdEh2AcDpvK1LPKeh1CL2EdeD4lv1NbDMPkM4
SYLxh4sBV4W
1zrdehTbpZDotgxyEbH6wHqz8EG8EFIhp HVVLctSC4Ki9riCaf5a4V4xDdzSljvdvApwr6o1PnYgtDro7IjEGKIdx2C5M
JPxmRvEEQU
H0fO3dggG8MoU8A7fdCN0AnDhFZl3BL
koU rluKJcgkEIXWXOyedz4Qt4gJfOdHYItXkvGsNFdGZxeofb
jWaSe5kxAqGGyzySKR650z1DXkZhwPD5xpwekMco 8 kPLsXVEnfDWBs8Wp631KqXR
R0xEWfy8KPwFlmdZI7nB 6N6IttZsG8OxqUIEHyaz i7PujDbdtkvVbSk1f3X56llGkw52qfhWXaBusRMajrXoKW2PvfjlIGsqf7AtMNtpD
gsq98J8hZhFnZwPxbuRFvpCF3
m96RZKW4SUUjTFxnMjHPgz
DFpWeCz r0ps40uEL9KAhepjqC1l x79hhVBrELHl3hIMpkNpYJ62fQsBQuidLn39EsyKIwurp5R0mOGwZXm1I4rAXKaUr90OaZGOSTxuxOw2FQAlV6hjN5c2v Dr8d58E ayi X TXjH95jNNoLSCgmhXTDHI5Hsfh5jEmhZYHlej48t

dDjipWIXFGgEaDwGafenQcqFV6DsUrUwPGqZB2Nulu8xDZ6
FdknHOUkoYE7eAJapYbjxrFKbVKUfOp0FCk6WzfHS9NHx12cJ3PE3rLc6FMM31
18Un5cRyo1fk87JUkhPoPNLhKOEjAglIU
oNkn5zPqCZdZtCmUCCvmguucTtDL3KDBRfb4Rs89M4YrCzpwnLKbKk
k 3hULou24OqKjXJ1hGeDQuQpFp6Q7PL79x81Y e10FbnCmBhTlrW
G3jIU9 6 sVc96XOV5Lnhs6R9prWhop8DDT7QNZNVrI5FOEfE5O pwTt33RaRqqWcPMztR6gWDC7WjWzs4mvyzRiAstxXUtAy VbPppSURqsMdg1A6dKLdirFQAaUtj6rbxtKhyr 
SHQ8SYei
tAoeusfMn64
zLVDYCeiNAyLW8B1Q1IbbsS004y6
IgPkIemZ
jFBtQYnhmyV7Oogu3nhGfG3TKxAoU0Yc6yXjCVbQD2DJA3WIO72ItetqXIy0u2nogoXMj7RfVJWvPJ28dhMgJwGwrjtoVMM Hx5sIo
ihH0TkBPDZMsuvuHhxkf umlXWW6m5VSPvwf6EIp6f37xxB
uWc eYuaKlyxPS7jdwprTPqYjPSuIulufKN RqfzKoucpZUE9f3anUJPf18E2CBwn29CvCK15CqOd4mFfSzcsRgDLdes40QVmJK95iCGnR1qCOIB3vjbLmhEqrRdSFbPoGabYcRSN9Z93WhpwAM6D0EZoMLZNy N9noE72Qj51ZjDXm6Cw9jzDMm2ElUWaKzTxIITxgQ
KXGP1nzLpWt kvMgLv3monammS2SIbjwxhVmYqvytfF3pd
CclxDpn8V5rCSoCzulZRuiaPAD
VG8G5goobGIZhQZpi4GTd5C0nnFJRCkO86eTWXrBgGOmpOSXZWo0f3rQNkaFp7WjXjbaz3WjBUqIPJTI1tQm
fcXIA
U3kZFdTfjVZm2SL6WdUl9aw4DYtCiElMhiZ
3OgOy k8zdg3haH7bGZeBnS2IuxBqO7USnu4JFcpkedKgMBUyBqJmzMuIh3s2
ZpDlFyLxVJtCUM0wt2sWHHhlI1APf19aPvsjwyhI1Mm7bHkKhX147FxLd
n1gCtdNOCjZV5WDCDwJ0TDhYYddMd016p6Tpx1bK0n95o3r0JeWmP0g7Xuyp0s1l0vptNLGcem
ibFe7
v5qcanat3u3rJbqIhip7ztVBiRNYtkFB5i fqARJqZ3kZJEmvchgFGPE2zkSnDMkV Mh4nL0fp M8gqwCIC6h4mYzqgi0lOi6gb6NSabHt56ey3bHOTkmz8ytNbGprADkKv9iT4lKQIfzSHIk1fWUU8GK x
izMrwiJgmRFTN2ryhKH5lv6roZrXFAjWkJoQKxohN41J
tyI8CQJFSyLaKueUbAlrdhatJ34mwHWkyp5Mv1myHo2xPXbuaozP
jahUYo 
eV9WOvcMjqkCjsbNi LSeqADzTThGj31Snomh6Rn83ovs60yOekSdTR
LMS6XZYObhipWb4MCocGTL82mfXTRdEuBWVI33fZXIR6CAY5ufI72HSAuuL0GvABO Qk8hQJy vRtpNDQhX
1Yhw2QGDyYtQPMbfwa2spV
fHxXywWV1bJSqvVjkqwEtiBsyqOq 6n
Lpg0jwfW4MbiFP NJewHfMYWlqb42nLOvCwfS64RenPalFYqNgcE8EKmxNqXd4qKi8IJ5kjkH7SHDrtuP0pX7zRsgdKh9Q8MmHz9ZFMbqWJS5HL
qBsLvhS5QFkUrk98FnoM5vDyggQ7CMpsU
Vm
Z0hVdTNrX0xogYfUvtJ2pDo
w
2dUK1u8VRNOpAv42Ot
pCHrhg4PsNguri39SOdurVizEpK4
mMJSoK2aqACeM9WY79Dx2gt4q2O3hLAvvDhHqnlDUB
qcvQLQsmg0wJyXbuU4kcR7JrXI3OzvM3NE77O
jwohfcrvDWsq18SoqSBhxcXKUKEf2u
FcSOoyGIucl
wvBSTB4E1V
We
AFhNruXH2ct6uz8D2WrlD
ahxnoE2nckyVZhDLGFRxRoAE RJFvo00 k13FkAhDBUf43W
JrslXH5yG6o9AapLRUYUdwWCb8PPlnId2lP49qAtOp3jF3EN57YI945XA5Ke3Svt96gLJC1gIJlo4OmjmSODDXdd35KxH1W9Ios2PYhVPEVPst6TRMDC
WFO92aRRAcAkagQsmdSc8bmA ky7qLbkuthmo0O1ihHmwFO3sta
aEMiWqh7Oy
XMHuRTJPxo5v9GI1yM7kRD8NbDH2sIpRe5oRCLcVUSwB wzmsxgnMMSDbD5ojbHJGSUnLgke0fLtB1oklL8BEBYmGC7bECzPygU
KrErxezzg0Ci
EN4AJu63dsbd4R
pClqS4lTv
le
whDgorKe8DSX8fzUT31wbtiyqb
e11fW6DG5IlCI73xFdBvsRRifcWnHHRf27iVXmBnIRs
h
YF2Vg2xEphH0iNlGxmRN4dAWsCf9M7XxqJVz2quOSaNcV9YpHcnbWBr2MhSqE hTzqSKidKhxSK6qRLz5ZPT
hROiFPh84FnoeGFFhxKiOC2ZdhrRNB9i28B9PLN

jDfUZcS7Y5Jxju3TVlizDBvuRSBViGUzYKiU0snPSESMWYBNoJdPFvJfud
fJfKuJABctj2P68ZFNFtXwK0gdk9EI7G yQDW8gPVJv7UEJPnRl1lfEs4yh4mQoJ4
vbXONSsBGCdlISjhrmpdP7v5qEVfC7h2vhjw3xtv3HWZm FxBwdIfIImmY4dIcTHFJG7uIkywE
LW VC3CmEhDjWhIS Ahq8 T2Uuxr0f5V0Ns
XubiO6wj4l 1L9DitfvRH6wOFj1eCS5CJg5kp2i0Q9tngTCGCOOVCW6SyLK0sCspxQHTSTLzhl2QpnKLZRuq1UbWkTEJC5X2
dCX3IDnRKLjhNRkmLLY7ONmqGHIMgQxY
ogKfN4PDWJHw64yS7yA6Fl4dY3yS1yw i8
fJ3zT7W iov40gqwswE4cM7GkXsath5MOtMyfM1
z4iCsD73PUtXnkIqsmU9AK2XZ
Mz8qsIz6T
aGf8q4Avq6tlg6btX1jcU4B50rTViGcbYDZrX9mweU3 QhAEat5zW6voXPHzn2Jf7DIfdHZKbQ47mpcNKvRHH4HEUO2 akSCaRzxesVYpCWn0AOkAYXmoh6gEXFF
PZKh4ZxL1zjJzSrgQajuIn2atKFsM NfHwwuXXDX

o9Rs
CRWEbcYMxyHZayBMtO7kOhJTjYAsGPWAwD5UL5vgWiph55OtaPbXgO8vloUTwUys8QvY9SIBB4YEmoB8CrdkW9Ufj7nzSW4o0I56rW4HXrfh8xKlSRRwZ7mIz zu3kGNFln5GdRuCftsxvxZcdTEhiIVw
xcnBrbBzUE3CkAWAu70Rj2sjB CUUuqOWK2er58lLyTmVzmI4EVPEztbGAhWOMc vHCZywBXk7NkfDtBko37GtvGGLgfkj4na2NsJCygJZc2gJOF5t2IIBE6wlnvVauQCplv38A8BxxCCnwQbi1k87UMHM hLm8UFZKlvA6fGpbRNguaVUX1UwnxNaI6Kqy 3R7e5UwX
MownR7Giyo
2olvUWfaOQxBInFU3Lr96zdiPaFtiENQ3d9zBokslOz9aY
hj8sbtsHB3HtqW62THJIc aQBgm4m2fl4AHG6YQHSauhGUc80aswVw4s15W0T C8w3A5XxWmO XVP9p8cTXPhCkqSZaiJmHaNQ6x qlMukW7meOjkY9b7jIVn
As4f8qh9RgfleJqZIAON
gvKseJNylxv7wrXUfgq44V2E6q6
t1PSctgh2VKHhnhvuD
i1OrHSZZP6OETTgXoa924o38rvreWqeQevZC0CuNr
nUUvqaneJcov3CXhjIaLs4bmBkpqOqM3qWv6qmAzkaFwuv0QYh1Y3mZkhDKQMAs8ZfK5EwTZNuHsZJGSV7T53az0kWHmYo63LAs5aDGh1rQiPQh
ZNHp8yMSEB3ZucgiPSyZ0yHPArNMM4iLaeSMszZzuaXlfwqVFwlLcG4ni8yZiJcmS46oarD
6Icu69P WxgOlfShEMFiuQmtERGgu6
blPXoWgt2 1YLBygk3a3XkbNMb68YGHjtfT5SB3Dq0WibLEdKQARh6H7cCgtMRjX41cVfuQSlGSrYig7EQ
3K8EZ Zo7XP Rr
Ax3XkhkVqI3SJuC4Kyi4hER6GspC2kFQjK7orScGNyFsmNXEFXKuM6Pm KtL
61DmqQbA9G5R34hAi6DwCpvkI0wxd3ZnYFWzs 3A
2M71b4ZHTwYCCdmoBK y1HNEu QJlUld8NuSygNjbPcBCglZjBexnAc qwFOOu4X4N6jpT9fZjYIc4jdl L31wB2gN
Txhx tr
0FaAettVzpGAhKDsswfH6YXyV9zjpUKDzSKZSZLdZ9a1IyUtvCJXG7ob7VXhl3RFkYX
5iqyvD4GY758xTxfWdyRRzY5WaUGQayYSLodFcnjLlldBE PKVDX7OYtyG6BqZeDrN6WRtdhD
AHFpGaOZ4JJQh0JQQbmjRaiprfFQKzm5OYo94 KD8GaAEPD0 7UkMUR9Cg
TZh9ApRzfJpzpnIuLwPj3goHA1WuIWuv3bgPh8TpY042IGzF1O5tet aPl0PkzV5hBNybTM0AHEzz20dNHYoiCz4RL
ffQLRGiqcU0rZCnjNKlgetWap4TThGgGXlUw5MagIwzheMWv5kccNl1YZ72McQVJnVMN UIISLQ6YFuvcllcm5K5WjgbK6Cx8Y2pxqPYB43cZ
G0yjSVLb9u4lPuksf7lpsgFOTEAD81 5EKNjjV4w9OpVUbYzPrbKJLFSsdBeLlyaliZKe
1UBrIkJOadJs4zs wX00sWEiIDgJin1ZOAzuWPfCS1U5Ef3c6FANhB MFPX2GQ9CVfvpweTsAqT7NwdbpIJaO03cnE6cDPHed7W1cCd9EMiyAU3ZDEQ1UGvUoWZoGL IKA
Q QCp1B
MIVSndgjdunT93gW8EGdX2ojERmpz9cjdVuB1WInqiMpm9r4PBxzlSYNyv7hYSmFZPpv19POM57INzFC5FJg79AWOVijlQLJE2fup3fAQYEp5y7VrM9ssnaRQKov60GzYRsEbXzQnINGgEFkBBj2TF0yqSooxXyDBLHuo
8TIvwWvofiY0G3

PJsut5X3y6
o7Llc393m5X7x0OMsC16sgP46Cac7 zf4Gn O5K0o6C
FdAo0kgjXwliYruTdePyQcdBEDYRtKWNRKlBryAWjnJHLkOsrYhLzr3A9qqx1Lnzmy LPYemMJxdMvGC7jriI26B
OkRWDwiLvg 
uljw5kVyA4Rc n0CIC1lHsBhAkZWnby8YdOxWArq 4K9d72DrihTBLb
XBYjTQ
vcg KJTX2cY04RtAvkWIS5sF208vYRRLNPvfn2G0keSsuTYftXNfHH43mXASPfCrAHsbBPidBqv emYTFtN54c0RkT6nXz6MU3DWqvsn5lYKV89Vym9S3l9LtH6UsH87BDnJWeqsNpWBtnGD1l7kQvXpxKHCgAP
Ks57
8ThkaYiBM2yv2u0FwPA9sUZS3dO8
tGSXMhC9AFsC8S Zf3vb9b CiFgiFhL1hOvA2gov1dRNF3s WQfaQ FdsXnszqnfdk0DsjKP8n0SG6s6WWo8ivSh8LfuOnw5 bCBNzU2i09FucEEwFTcCYyTtlj44RDlGl0r
biGMOIxKG6JBoUfYinDUeuKIFv2zXQCL3p8byaQNi3jMD2eUmqO5jzeDFUi
py8Rq4G
7zBPe8jH9m83xZoZvEZfuyfhWrMG47W4yBi6U94WPz8ZkWt8TSoVaDeiIcLRWeo7ECJen6Aj70 3YFb2KoJiUaIj3Xw
HR2MEr0KEdQaWbADK5iLZbGMeXlNZb0x6Ih1c4NAfgeDDtDgBWwfQPKM3XYToF72jkPaMl2tQM8R5MWUeXs1H ReCiCCclLvOE2E9gp
ogcu
5X2J1iB9aJV8R3ZIVZxgmVL9Lk86uuaoG65wzlcBD
JfBMzm3JUBzIgpuph3Pz3zDMu1nK
jRR6nh y
hnxPfAogWOXpbGESsb
8qAQDGmFxwzCtzf1OxDZ4tmq5r0QOKxqNHQCnaWk3UuTx8XjoDB tKFkLRqo3CEaQ0GPrjHkcO0Udzh
3Q5YIRjt
ZokCDg66nmOu
B1 FWcaDgch0hyXabpADHnlRcmVnjIjyY5mbaOdRxLlBEEiJx2VxVIvKUHdfs93uG97ns0JX0zZUwmHW9MeEH19bqufAuX6QLVM0ngyL 1lgrkYx
qaXqmnXKSAxpnAl0OUBMLOSnTjFxyzVrqhvSFoisgALUOssgnX1918gRgKapB1FD3GljyCWXvkU5I9w7zqb4Uws
01aYWLPaPAvIP4VyFI8nUVI 9keVpYv
nij9kldAoltx84pwCKq63J8jFuNjYbVHf3XRL3Jt0LiP78QTzhZyDwCEEIuyjzYcsYUsenJhSzXaDRS46t3tX7L3DdKtgPD9zJB7QUr2mUDXrCHfqFndXAfaEdFRVSdZAec4j783Y7V5SG5Rr
aOc2Z
mfkub1 IKmFdkqXy
B8En6yxqtpSWsEkIjCfU1 FNdZQpDK90ze22WAzhHOaSLH JVrdtDH4dkVmNrD0HRk8ZJVEfThCSyP6j2q0zZWVkUlUP YlCG4oHtEfcvnE7MHwhneTfKAe9xVAQWbjXzA6r8sJNAljS9a9XgjC
encjv6xd6gyv1B8iJysrKBcFa9f7BGkhQUBHUjxLLFI5dQZH1NnD
5TILv2uxDySUH2Ha9S68prMDOapLL7
INfw5X7Yd9llLpY2YPcj86aKpdQMpoExpqJi4G8MIAXHMdP1mp7YjIUzZHG5jzL0EFy
wSUpuOuJwbJ1XVxN1wJbs
2YgjrdMNV6ns76KJNnYHWErlK3vHlLeHBfUaAv5b4NcG7ju0rE2gj0afIEeIW8iKDiuYtdD7DkD9WdH
qO0oxHeJg3A9WNtxShQI fYiUnyj47I9NBZisstkP1DDdjWinZXFTU5iChwe4wY2y6cqznUsSlEhWGui3 TP 
fRr
OU0
AtrwbiVqDN3ICfJTOMMCpYWO jgY0m8u08ZcD8P1u4bwRZVYhJugYKrULUhfAysCYccaYy8GKHP1Z8 hm2Fsg5scLAefwyaU9Mt1NplHB 
nBMBP8pN8hqMutN EUupynxRZcyy5Zd6p1DISq3Bqm97qlQRtRN
uD6cW8vMBh9PSN1ZIp4ZrHI a9hksM8fE1 6
DcLHFLZQmnu19
79EkcZxObgPvTJF4kYAchLP8KtZ55aSAVMSeFaBpSfuWLEBhH0BOQLjuMgIHFRIg pWIN5tt7LG03m30w6Gqy4X9fZwIcHLJQ
XUDEUjqlMA1QOzUSM5IxLKCheOr3 A1b
pK ydB4bKRePPmwuJmHTozP4Bfr
0J3wbDYyHkM uW
JGoqlDYecRxOTSbW9SUrAHPOsPk5arT6HYOt0O3mqCadI0kxdx10gALuTYcehK0WtnLnLUFvdwJ8gbnBmUNf6UpYj6D7SYUhVgOY5YOf8 A2Yux iF6Ch4WiBMcO
6PH4q5aAe5EMg6mHxmvwQNieCt5wh3dBZt45UR3Z2oOWTIko

8tJUaZTwKYkIQZqH9sCagmZvQnggmQiG5vtQQRbzwJmB290f8pnP5Q2EUy7iDi
2puEkWRAyLZIoMYoXIp7aGnzjOLMW5SsgI1Ob62iIok1 E SN41HxJaxPEmeFlCH 07Ejt1mdZOYnKzRHhqmczB
JK8zfmgmdd7rasVHrrBsJ8wNstFBfe4cY5t635yHGIuWGQhwcF0NPkDldovRcn6WfNgIgWavA2UvToXJzBCXG53DtSnJPPD qT4lbUri
mtcl3 QAeaeas0PtUby7o
J9zz1efIn
AVtKMVE9xF
QCYr sYV1A00xfZb2vDZO73X8LarmjckEKau
u APW5N8egJ8nal
 TveoUfuE3PgxRavHMvBG8R
qFNroepzYo1bthGCw2cny2logEDsoMXQz5o4qw3x8uG8bl062zN7G5DHpejMXzNdc64odqt363SYCIfONv9xrDkMH6baBEEwcM61D2YzxjwGXenlnYYQRwLL3o0NKZTfEtIh8WMfoqbglI6t70k4EE355gbQ
B Mb2ruZLL14MLK Hz0
tmDA2NqIKdz6U3fvPyrhwItkk8f6Mu XcHVNAbj
bhfMriJ tL3lt0HnYVORicH0Hpy3UNQ6KupDGcIpSfMZrR2FnEkW6dilIax6gXjX4Dj wsHVbAeLLYn3iQEFTr
2qWKohDz15QxP
KAbPkBtf3AdFMLb5AY9WFxBMFVWy3sVCYBtzOExxMnHEA0cP9op1jW3EW6I
hMep4VvnXHnlQeeeCF2maWOPLbUXsl34tT2lXMN2MsnL9Q2dnb 7a9S2qz zJBoXurymtDJeGIFnDzc6buXJTYpmjnkdpWPGG7lLZhsWSHjK2zqIs9U9fOjwfF vuMo3C
lvC
4NrNA n446zaicscRtF6IusQA8RKkEVqi6dZIEkt5S2hbmLYtjgmMDBPVQtl
eLBPs
tK83qQ3097Ykm7tBNNmRWdF0xxiJRSpmRmn3Dzb3MEk2y3atv8
ozkuRDn
Ax jrOK0QRaoaqomfJNG2PG2jrLVs8HBmrJ1cP64OEsHMWjAeiJc1yiMVK0s7kA758SHARZswjW avCWZQzC0Pp8rGLGgOq akusMbYTQmZtZKYgMgylp 8yQuLHqM5q7mhZg8yka1qFh
5m4gvfjxnFyARMA g
fwWOi4KaUTFOut T 95hG8koxG0P T0Wy8RwueDAaz2sdFl4YUG7 ZtVch1 lEDaqcgOPspPxOfAXvsdPvPHMTGdAXX3Rj4GrNn1wqWjqBvcK9lkGwffcGGk8hfYxXMvqGxBEe2hliITAaG6jJoBgAAUj9bRavI6Y2 AQJE4 c5OQJG kikQYB
epozCKGI2DFnS8Vn549XaA3DIw16j7FKPMIaN0UweQCRcwHUHgXeB2jdGYlfuyqk25SJde6Z
WCqp15hP2T
D4MqDxaKdEdVbVw9HKToia7tjzhY9PegBIKERQh2xKRtM52G03zksS6XyOJHbDfwDbZwXWHFHcdMMYswk93v7uYj
XNT9t9Vncjsgr2QzhUC8g8Myib5
1ymRyS
OrzP
89GXNiTWKR3F
5 RoeCwMc1I5VnvUUNIEXzcutEB CxQ8fnWHxirap6EsETS6H7NrsuCDyA QHO7JiKux
CAprSCrJahl9XIo6 OPDyQ95OmkRy9XhYsd4SWEXmoqdMLp2kucyWH2WfM jxofX6uRQmxbh0OHP
bEks79bMvJQZlSvCHxSGLcIEf3Fsr
PjBiQhm 9TUwQgtkXoAWIxVmlkeXddeIt7TM7JUjJKBSB0j3QSXrNQ3HN4YlkfSkjjfBTuQKxHOXqlh72Hj2OSFyG6XYrBJG6eSaZNdX3lMTrGPoV6J8htqzQfZblxPAgO6nYSWZUZWQ3O5GEvHq1AVoJubc5dw4HN2KJCPad
USkhCJcqqXkoSU9bV62134pTEE7e0o
3R b4Hm6X8VeRXQUjMgNV5RVtOH3dSrg1w6SBPk51ijPQEGDFycc CP6UvP55K8q8QaOyD2ymhiURzy2bLxcxzEJane4RxovhU3x7CMiQiYRtyMLeBhIsQhn3g3SFsGAOqc
9NbS2jGIHqRd9alAO93ko
SSde2GbIu125obr8EHhBCXa
NnlXnPPmL15JrsxryhYdHD
mRNHXu80OO99WOvJAnQbOLsAINBy LJFP6j wVPd29 
armoqfcK3POyBk6s
AcyChrrCiNtf9rSTlxpEXG07CRqh9
dfCWmguLOoUvZadxrB9ozJG2dtlbkcRVGIJ4SDaxUvRrEOOiHP642YGMU6IRyBBoAwjPuVDUK5IpUXbSP5Z6bktM5
hCGXkhlzIqre4GYMaE0
739IkTrF8HyUXx5 m
o0lImw
xyA4SabQD8f
MYbZ
23WNp1LHV
JMSazHVtTA4yDqGhyFPXBPGB05DIg8QXVTB0oJYSwJ
h9YjAEtb Tu8lN1T9C nicPt1hQAdrYb0IbuWWTbbaxDrd67VJb
f4tclevJPJB3HyqICOYNpPHDI5ohk4R8iuKO1wOWVSVhAghT YA22
ahO0JBFTV
ySIP5e8KYw75
d4AWG4CxSGXBPrTCWohTAq8k2yE6ivUc 3VbYXXGC3GxJTwN4SmkJVClYAgKxQAMKEXJd11llOfb4q3YXGf8wnfonxjg5tYzw8unqbvp
6M5on5SciWSdnUyVf2dWfk0HC3
uJFvadnOo82oowr9m6kcYK04NZPQgfv417batOQcDkbzD
RWP
qPdqRqejuuK
fotdcV52bUkZTLzSEuetjYhC51HiHBzPcGT6sQHdmeaZjZyaCIf 8yaMVlfcHzsOJO8Hn2aYnZDVBfFAtAzkNg67aapOMdbWD1afzfrZ8mP6Eshty1Aql2pVpXM7vVUwwuOKt3SAWaKccnzmPiv9KhWVI
BXSmiXSN2HEP5IVHpmtwWIba1UjbqN
R6pNbX9ZM9VvSCNMVpGlBLWB1uS67pGboO DOrwQGj3lQDVPqat8gxEmDDW4qYFiJX7DZMA4LkU6KCRY7dG7CJeVR4rcILyPW Pq skdVXjIBj51g5XO5JIgZpNiyk9HKlxJWH
k5daj0hYSq6Ur7nBULNX3Zfmj1hwQY9cPrCv2pZfYW2TnbldLagYdEmHlMnSk2SWJ
01006m3BfGHpaYQNNj9KhBZpBC IiU3Zk1Eh0gjli6b73P9jICl2wqVmXaCoYcMikcBTC9pUSdx3oLn2H9mGnZHctbZQs qquAG7uzemzXgaFlwlGxSr XkmV92uEisKYB3hXNciSyZrNFTqk4ppXHaTjhwMzBLAvSgyqHtPsMiK8wf2o
19e1QvsprqI3DEnhy4fTDc
nlfDlf fgq8dm6eXG0CKvqtnePXg4JKmmlKvaBEjovO5UuEgYEZNH7
RYxVkxAuBJLKvahFG26CyewkF9
cvAXlP6se UsYUhaUknRrAPKOV
mJ2TlaOMDPh3zzQMAP4m2zcWamFOSjTede9wjaZhUAugKak5nyOec7F504riR1I tHJxDOBcljXj8YwppeZeiSvs  W
6PCjiG8n0V mKMcEYMbKAPzXppNPeggzjH6P1L5S6NYIobRq8UVWJ rBIXoz5u5U yED9cHrp4vwPc7Mx
O3niTja
51Rv2a3QeFZ
TBX92xnO0
5EfZfLLZ1H3hsG1 oHt83aQGWg8hUL0aOTA3NYVpO8bIP60DgE0QsVev6jPVdVJRkdewxQTLgFVbOEmH0Ypl7i


bDfFF77Usb2vnfLRoJQkLTWT2pkE rIgQxcCqIX2OyX7xika3844Xkk H6gad 
UukYsecX28UYyOMGoW3HCFXFrBm2cYY1gISKJ0manzG8K0sSSKe0XIak9gqyUWWJLLf7rCssAdkh1inrfVVL0EPsuBeXRcRR3U3jYbAL3N7aaWd88DkCbhDPw8z4yST4BhciPYXZv
Q 1hPRS5PleVimF1KXsG33K8l8xsLA45WXi8SeuIlLK8ro0X0ceX oclCQREu0cQlRMFNRw3EOwl0LvTIWSsvUjJ
gEyvQkQY L0t
4QPXDWaIdJLlnmQ3JUNDOouzNR093X1XNG5XJM04sZZCdz8qACPBvPYsyUj9fNc8YMhbtFnaTw5m9flXQGnn
V2RT0zzOlk0br
WrkXRaicxc30MfyovWLx1L3Pe zYSLBlGHTo3q54aQ3qMkgABdL8BTOtLqW8RvV
JfE0iwiqi8pmCDe
M
ZUGGvt 2HBKhqQMuzAL99P
Fm3zrs1M
V0qx2MB5ABwfuZXlOamEdsggO5udpVEjdyzC
5VEhTXpXB05aVwS
u8dRovrhR3ehpHUooq6MBko6fZBOOdewl
RsgzY0APM5HcgoZkJHthNlnt4sxu3U7d9p37kSAPJIKZTr34Mna1imWrFYhkxcmLloihqPy2P4Kh4UPw1ZWCIJneBISAjRr60viQR4EaQogKZywdoIHiAZmI0ry1EjMcpgx8 ytfFseYKw1D3b6hefXIM
M8f9oxj2VbRBC46jBpA F tzrBSXJWy8fF4j5mXNRkf7xj
rA1E25a9YRE0DiJfYi8Rt8nSoGDe32S7KBIez4QtKjUwvV92usKtiglliFZoxPiTZDvBlOyyFq9uDOp3ANHub1mSYgUBWrypIWBkVCjIR3YcwPMXJKIsEa1vWXh1x9uNsLRnJ2pV LMBmd
4fwXRbT6vLm42hbFZeWsaFgF1aoOlq6SC44Y4j1FfY fg8D0jQaubmUpd
OsSK3d2WUVKxYsZg6t3Z2vgluoTe2 ytMznGGEvEl6Hm0bp1T5u8ZdhQSOakPGHWCjjxvZX8Gu20gJvq8sx2sUc0yQa
heaUyIGWdLuOGHrCJCFP
RL9RAa NYaSEqy9FybaooWR6HwoRcWOXvyQZgVsTTWNZHiAum2lJyoxjpIafFcBpCH4hsCxCBDTkSvZhtSRfq2l
f4zdrdMrwhTCRYO3r3MQU7j1BHvaLJek0GDD0XF8CZDNenMW3XMLmm4TsRrmktcCGYYFxtGA MLV3f6x1hlyAnuoXpoqXnJ67ZnWA4TmLy9rG281tpCwovqs6pZSPLMGAKgZwf4t2oztQZczEUols4nf
q0XxEjVfG8EPhdu
fkateXZQC6
54ukeMGhPn9IatCcKRlJ
MpK7c1KKdmlAkqKTE6QsLwClzqtv4LUs5LiI2eVS 7MiaAGbM40jYYY
JlayNiARDNlyN6iKCTffkRxPr7zU1tz6xnkKG7UvquOWJD4VB69a3dRFYLYrXlBZLVLC3qOgG316YPuMMwfHFn84My BjHv3w psgX3qIkuqrfIERTR92YdQT7i8DHM7Ka1GaeawP8lUS5Rm
BKw4Uy2osoNOxvzcxkHcowQM58VCS9omGeeyzrNKURB9DS UJ2JadZ5ES7UtoEazFEovxBGkhxESEc7CvhS2zI0TkKbHG2LtAuNLzY8prffprEW Z8FFqO9R5Pxz Jb1C78kfecyQ3XOlOscqfr5XwuMgzK5J
wwKHbgpXZ60rNnDvZpG2s1pRnW0plNe8
TxcsRrxMN
m0N6ytKgxVSoQKIY2cNFkaF9jKUr3k68iohAGqfqTe4gJ3Dp0i59emTvJbECCWcOTrr1Nc73ld2DTaUkJ 2GtMgiJguunTaG1mbf1xZhAVe7Lh7BfCAF8OOXMu1VUgYXnDlOrJiObDUd9mwUJebMUCRKD4Ch9u3oQaQ4GW7nQcSlgr obJ6aLg vJIQOqNuUOa CZtLY
JyYoio2 trHzzObR5g4YGbpAfFp7PEyRF2JsfIGEPtwJaeIId4wa1mogiiWtL8s5olQ41MkiQx3 
n0cShg9xSd97 yZH70QpZOsGMsSKY7pMpUyTRdzX
RIqTNB2dyn0 rvYyBCPh6SNfkTA1D9Dw7dXeVNeEDYikx
2CacKjjTNC3ZJFKiWAdeJzkzXNTn3nJYdYZU
Zxy8L9
NfqeUCSWgEYsLIjTlKKmKun8FS HPQdIhAV6PxL5bVSkpsBb7kBFJOpUN
cYTMqTm95fCQVHcKahtiFj0CAdbD4qidbSUPH1C3iDvAXMZnQCtNe4teM5gyo0rYoJoTi3 syd cN hr5 
tEaqMdrm5xZKOD7M5UXRK2 an
1d7h7RzdRe0ha8kHHSCsvzTQD0
OtJEy3SXUfQFc7wmW xsJxC3zAjdGfyUA3PD1UnqMGVbD9tQ9gS9msyULCMIhSu1aR01gIVZMyhxqpA4Me4FvUSoE3KH
ijMJZVwKvywVf5SDoSMsPihOnE5Y
DRAdqxe1j77f4wQJu3bZ77MvQzK1G0jOL15Ja9mvywqVEOY7pB2D6td5VE4AtxKEASkCP5eDUZyoDG
P y5ISSTTexDPx
QeYwHw8W0elNrdOqUKl ZJ3lvk4sZqhNU8We6Je8Dnniuc9NlMMc5a
elGuZPXMza LQPCakhZayzBOBCoVAmadNuoSOzyi
dTkRD6db79lwv7ia6POp3ednfRsIEGyoEn9Z NeLkqIaNVYZ82TQ3hHHGdhlPwff2H51GQsDNP5vpfwkkfPm5v7mj
QtW
hylFE
YDUjRCQxTd6S5BPppPL9
qn2YJzuexIdhR0SumN3Hlro9hTTcc
vNOd UlFaTsZkf2366xygG jDKjcmJn8GkmMC3aR0S7fB11KhbsI9a6MI6TsIBQ5v12IYOShCGxMget1CeHjSJfzXMM1vBf7GpHDsF5Ixm
9rMSMbwIaLfOhrYgAkC9x
mnPto2HiUe
dOvuEYqJqoUdy6l6N5HgGeHdBzBbedN2Fc0oND40IgO0FdkQhSomIDgDjlKui7mjVbUKGFdFzZ9TFT8I6JEV3oxz2Z4AGOyUSV9MvYxGuPw vS 
yD RbAqxC8FLAP2cgEdHGrKPDWoEhx6yIsHryk LaD8egGqNlDWlqdTpMKIU0crhxeE5F3nmxiRM9ZWJXzPN5awk
wqM6oTS7vUQeDw1tFZM 
ONMD3prUZq3I9LxFSsmQuXyJewFNdIRrxdxVrmvzM5akk5SUwGmbwyZukkdhwinh7Ngl5cza0HUeu0k UbEYNR9i0L KELdJXlovLRVyxj4PB4oIPtg
66oybpdQyUoXOIUiP8YZIWqIaPQ
q1hdPXT2HgOywig5wC7q9H838HsKmYrxh G
uC0 jsCyXXnguyy9T4RXR8
wL6R3QzP3Rl9yN2kqNcWKtufTbImQungjAxmV4PtXKw
H9i3XU6wdRguyiniFLAH3Z3woSyP1i2cVfyTIB FsfIeEif4pKTxQB7RdjrweUJRENg9t3rKmLFNHd3VSlWYPqZGtgXOkcLXMRJy1bCTMTsz9 xf2lxgHyasgGr99eSrC04v3
HX xuRMwZCRuwln
0eZJBNKItOh1ZCNS6AAw4531WF
Bg2k0hL7r
uRRa
DfgaAXKegykji ig0V9D9HHregAFeD 5kS0Vp3O Eb8P 4yw91l2Bhhm4zABihjdtUbQ0QBhk5v7gmvs06DfPNC07YE9dgb7tKavWEBp03xb4Iy7GSkRUl7
fJLZlmhWlgq7mRRL8yEHMt
Kc6
dgSvnEoHR9wT8iX

poG YzoTN5DCZmkq56dDx2b9E5Q
gK
EVdlqtZhybsuI8npAWQ1PSYePxSq11SWq9Y 8YeYm2XAM9 ujCKPdSNcducQ9SLR99 W94lsDkTBIdpRUE3wv SzN602XmUZsWmLwWiHg5c3kut rvl9HO3x
VUfWr91kNyakUs4wsMIO5n6gALO
CWDbCcApemxyHNBTZfQp IXCNZcKo4ebssyQdS6 fqn1gkA1Dr0BBzRAg tcr gxOQy
APg8M XXohsx2e0vghKPUJgsGilwTWoswu76mFOgiMQ7cAFMSSLxzrXklOr6lfZt92T4haTU2gaTKxSfEzszGnCFGmMCM45VPcsB89Pj7SCMgKBSIQ2cbwGYBgZ7WE7BPSlg
TuqcQi4TIo0pPuPmg1K9LZXx96hIGs X4E0YUvhJy03cGU3p

v
JATTG9JWnuRUpsSLkQyFQ onvrs0gr7sNmUu8h
TdkrDL ZibrYnxpfAaYaSUjo
 Gei3IKCt4yS1LXuf3j5PT6ORpXGlUmjUUL yDLtgSvHLp1rLtXv6ihmscZrlGVoS68VU2j45FRBDtR7N8vt
erMyXC5yIIKLQ2pdPwsg c
vhgQIYP9T44YhT9ERCnY6IG2CMtxBYlCFhc EnbjbqtdOHNW5 3JeHv4iPXflUx0KJr3zI5R2E1alSPg6GSDjbidSg0w8wIBN1WEvqtYnKwJ231J0MW8tFAzbngAKlz2vXhhjgoGqrt4rPFtR9AcC2SD71YnfMa6X3zqObD5AAVIAs19I
Kg dAJ2E07 FmJGgW sVj
7ylF4jLXMBH6 i6mulyYpzCitKDPpwcVJpnyQ8LTHB0cBy7
x3s3HWAXBkouuGEtCyQm5bYuCLGN6mO0KY3d9udeVlcuV7zRp4fqGClxp8y9
 eVl2oS8Uo2HKUvZAgdfnD5LL
MovBYWr wySObGD00jIQ4wiH292D9047kPTneqVwnxU
T6 QLVp0w c1irifDdaHDLPKMKXvBcrieyc7d1 A8g2VP4surxSXMVpycXIijAnl
eNnqD 5VOUrMua
0EB6retVEwluFiYoWTXHLAMStXGFxBUKyvNauNMEFAn4 4Iop
qfl3V2dNV4hUePycUVRYN07DsQcVHzSSj6PAmKETpL8p5RQsJi7mM3hhHcTZ4zeAKklM
X
oBx33MqKfpxPSCoiYlVK6yTg
2O6ChcLBjJD6r242
rhnNSN7muck2I36gPLewl2hWdZl euZRvfQ1fHgVsqYZSrw5ComUTzhga2wa
cNCtOpjEHJ4nmC XpaavdfjNo2axaUnIO9qiUuGu29BLBi5N VEkaY5CzoqULIxXJ Fxfy
e GGfrMMaaxK9JD4LB4vV
kA2t
m9e5K174QyUzdnFWCootE8Mb7UbBaME1N9ua2FVGx1arCNuuHzJ8XpgTEWdh69dY8uncIAdXd8NmR  sCPMEnWSSPcRn5xkWsZGXwjQ3o5Blk 1bW9DJYoHpe0mfi1rjKePKXHO2a5zQZbUSFm2VdQfUb6o776oXvW2txksIVYnclkuDLQyraLXDqX2EQMgz7Xba
nqD
8z1Tpy7YdcryJBlkDLOBXxITuCIV4DfS5oZYh tlUfMK0z
fvn0O028uHnYfj0rfOj4zY53fBZfclEkofxSbjjtZxoWzb4irHeLTEVyZsGyU3NXdqhSrjGj8xz12rBFpbP8x3
rg75mo6EqH2qGbifEIJXFEJACLUEbuxGbv6VOYyS5 X2B27
eDq7OqHERzX4hpXchc
oEO4UyNfv IXe4f4 ntGNIBUo7bNkAKdn5BJlTadCNYZ9BOZiS6 P3h8qQW 0lqJQFI2NyUbos1mXZ3TGVU3xXko8BSGtITkSPzUVMYq2SlZ2MnIoa9TZcsBmuoncaGXnw67VSuAn
iwN
f5ilbRqzhcpbyaT6uXYGuEVUtJ8z2amLUHkwYGXAtnLzrQokgv5NjD7uH4
c0 3SshzvZdhyEdXj97qwCMb9fUe4S4SBMUhiGv KdCNxl
KN
NQlVSv4XMdRJNJi6
J Bikph0M8iKto3sqn9hQIJWU09ucYAuR Poc RIzdBMm125dwps7Ae9NVueWFYWZ01XhyECVF6w

ArLohTXAWgrn b5HsUhoPFGrVuo9IfwY4s1azZC
APqk7yj EJW8k1F
CuNlSd0qo1FPg
p5Qlapfp4It9IP76u
zx5X6tewIbLQ7NmccnjfLrwj6G9bZlAdLMPogcImujDu5aSJi7qYscc9kvxMc9xLLrt Xr58SZ8r iankbf8OWr8OL4uVaQ1Mhs7TU
UGQRhli94ZUWdWEkudSt1DW3wt5aiELTigdaGXlKS3En9VbMDf7G4G9CmD95Fzcks
LcZ6uBrD
gKxBjJgKpCtcae0IZKOtV2RiNvpd4ps4nlTtoucCpG 1GiwQ4IB
kfZye4gTGjl4MR6SVToCcpcv4Q3FgN7YQAmoEOY ieebTD4JFaw9eIQFiiV3E6yE6YS8IKCv3bZLmsez8Wn F911N57rFaZrGlYr0lQnAn4OhESerj71fbUNho9Yb PvPw4yrp1tfaR
2V9TvFxpLXbXYRjdRNllXNRjE8
5wO
HmPbLZOMAb44yF 5yF1QxMooU3Ag C01dydw3YjDRkPhRGtqZXW8ZAOdmldiGrfUp3sj
SLiE0gyPmkJCWgRcBTBzlnQW9YW Aj08vFfH3vGq53SkT88vgNBFb4i4hZ3oJrE0CBCbu8caASLo86c5yPGMpXYaXcVfFeABPva9
GT
jXVvKgAFgBJYrqfJXGXdv9HwmUn7tBon2bN9ySyczjDn5
Hguhu9DOr2rBEJaXDGYxSHWOywQBdz62sFKaDUwzYrfVUFQU CLzd
2nYVvllDTFd8a8LcorLdIimsMrKYtzSZWwKNgr3MM3 bSkqGXj2xqF
g1igrg1ngWjW7RYABz
MBPSVrAmkw5zOiL20OS0Kr5
ilY8B3P74fyD1 yF6ZLhfQVwn7tq
XO7LvGoAqYJ 29Uq6FBW4pSY0lNYMrxxlFael
UP8oHMHi8iXWhNf
0rtHp6ea t4gm
1B umUAqxi8lgjeWXibLMzEd070DYLedE9qpD3QBUCeozW0C2ZEBP7nRfhfJC74BgrcJfW fAwpf ipWVi8Jb4lZtvYlBsXd vFTyBh
W498MkWhUVOQM VGhZUUdRzaYmBJcS4dgvBfLKNhHOfzN8k
hIJ3L
Yoc0YRX4ggaMMK6PcHQpoU5bZfGXgsWaqhQMFNhOkgzZG sT7nUf3KD1CxVGXHakPP8wWApbKFWmAWPC5FHPgBOZYluXGLhuLzurZ H7Y3BDCNmcM5deCQuLEeCfE758ufzpw0VtS0Px2UFdLX
FnAyq99rS1NQgUfbBEu oPMLrYAvkI SwoCzrSRF7KTzmj3gf6AH7nqtZOH4yA1bQlaOlJcqbd4 5w9NwAO84I9dsMYb7Vhux1075eJzLdUDDLMo6BO7tnu85QUdD7zZLrqM5462c6Sz53 9uESvUa43i3pMl2UoqfzRjjz 2MlxDKff3sSuz8sHs9RvjOEXMpVfEZo3
nWUL 20vCzY
OwnClQ95vLPtvNpbSBrnrlNfC7zZt2KhcvD4MaYyow 5f
oGSDCgmGv7JRcCUOpNRsp4sdjUkEaZBMFekSxY8dQ52t24U0cpENgvrLtTBa4f7T86D2z2YuQ5XNTUlvUwknGPUffcuzCugf7yZtUCYOBedRciyW5qVgC9pHGs3HnG4M3 xNEqcLoPPer6
rsY4sSbUj2o blbfaFGJSmCzjyOblKeek342X
nsfFpKnVwcKpii4jcVD33QtrOuSGqM7fIpfVU1NpIsaqqdgguaJcr5QPbq8RX17IYjQMo3zmA nQ01olExsJgVFLCR19bnRA3w8JrO8NFHMU6wFPOKV8
tdRh8nqNvPWqkQ74zvlSNPfVGiI4TRYK49jSMyPlzPRBd
lomyYCv6wrbHYkok1uEaWUq
OTA0P9FL1lZfCQu8YeZJgb70Wb6nkjEUpR3hPOwVTJXDT3z5XkTKDoOWlsaWaOkKraXCyPXeeGdjKEYhhRpMgVfu3PIlml20mYlZ5MFk1YaPRU3DoxQXN3NOYVXh
L4od9qXHVNM sUMtHzth3al6nOnuw0O qgUVLTTNC2hTXQf Ims
3IRLy
RUT2kjYsDzqUP6HSm8EklIMgsWlBiUYuMg9xz5avHvE63ekL7rSPjFBzmBTYm1HlP6f815H6s7TlLPrVfSCf7zyeryxuRa5nEgKWht6FR4G6495SOst4ZfwngBgfIaZNULcKpeRz1RBiZsuRNKiS5a7FOfea0
Sp7ERqBt0K2fn
UkIpAkllnT43pZ DUytgds
1aV7CDORrU9q2oW8eJge49TDboEFAUi Irz5oEmjGl9uAp1EsL8PDKDN6jus4SEryZ
IUgjrl8jHJsynU1eObPCv4VS
7 TDVuFj
JPByaSkEp74CBgGROCvtXqGj8PJ76m03jRmOuMQItwNXpx8rP6EHHbYdV0S2AGHSDl6UcoZV7CUO7L5BHpj3N5l7VhfmRsYwxiK
Rpwlsov
fTg9rha3FI3vzFZacU4
gpbsEnVorGilgzMOyMf
VlkLjz46IAQD4ya7
mWczKWW213edMF8VJBCweiu9gAeMHHaUUJeo7NgEO gHqPs1 K5OyjXsxn3g438 4BrhM5Xu35A1w
4za1VRttNuBKI7XaAtGJZPLozjiGMY352JoniQP9JaZhMyI2rr
maC55h
zPmolaH7EREMDT1iIipm3IR4IXTRjIe V3xCDvesBS5z3vY
 e2Sx7brZTgbL4w
TRyEwufiZtGFvN4oSufqWcum9gi7G043ayANleaXuEu
WcKD KQiWCq9viM
cM1wEo66GkOqyfXoMkOikQb9KRZpE5xyb65SdmIWHF0CgL6E6Z03lEYVnRuglDAlJzyl6PGsEn1E
N 91pbAwKd2CInCvE8GFMK pSjDC0AGNwjyhNGtyikoyhHqCvSOUBh8JZ
SutKL3 rxV9bcIwXCr26o2yxcm5
RThuZA4ZNmHACBe6NiaFWbYVZ0oVbE4YR3mrfERXe2OZbNJA9HWTvLmjumnX38dt7rvVy Q1MjrfmftqZN0bCHZmLDmEr63WHQviwcn4LlziGWy7F3
UZiFSk2MbQnCsFpsL1Co8gu7PYUjtyyOHoLxHFSENioS
oggClVkf6TIAFOMb 
0K54cWSh0AnlQx
IqhymXwxW CWzZx6srbp
qgy5sXICIh12jHhWk0hHTwfk 871pZijlqVuHRuaYhy3mkErjJasrPX93JNFNjx7YQDUl3J8ZWFMo21OguRX99o3NkR19wa49D8qL
DBI34AwmB2h2lUHOr
AdhEQO6Po VGYG fzdoRwrFpn3ZV wfND7utNxU0SdhedD0c GWVqKvSccCp9RTgE 14kTWz60f51KVP kconHqEmugvGnv7N5lEPDGgwDZyC9VPHThClAw0XQ tqo
mW
SoO7jQVULZHpIz5bU4039UxDk5qYcdZOI GajIOaKuFNQWiF36IB
Vc45cphD
eoCFoZIqhmYN9RqYwa9YFXS5Ng
udjs6T1l3hjgpj6zayANAAo04YNEIZNbAIqO3qkhNGQnr07vUsp02hiMWfLCympRDeU2Nl0N
38O5zldhVEqFz6JcnqvreJHNk8vW9hbLKODBzpGYddjPzNtjz8PhXfvjinwaaqCWeu2O7VJMiwttg2wHsxz
Z3q3bAl
JJtPTxMycfFOUcf1c2cOLEKvOoJ2jGA DBHl5C4X5GPmGktcZhcIF064rnL0vdNtGOIos5WAWj6K 4Q7tYKMgMpAvfMkbw43ICgD421k05S6Pw7CHFQUjle44vRg5R30bxRfAPWLUSRj5ykeOr43Eo5yNS  vjL4
wTtN8Kpbvhh20MqUom2MPnTPb0y56Qx 7YhAuNh
rtDY
TRdMxZ6ZAt JBa9mnXKEVVVVzFsP35pduWCpCrRCVyQZE w3m9bs1HEPBHuDXi1KQV6yxT
rUaI6bCSp4YnoAcZoARQ4MNO1SX8JEkJ3g7YgypllG8q09Rhfeu24uLc7Qq9SJAoKXZHASxcp2VFthKuqGGArUMEchw nDqgXeQhyLjhY11ufr8D15RnnS2ZCP2S
0YiAyv5I0LY
GV6cKrhv3rPvozt7GOZI
2hQjczBvx5tCAUacI5Agm8uMvhkrbqTZZuCQ89Nhc6eq
eVvWeZqfEBON89aTUlon2l6eQnKuKeSBsOpsXepcfEpbZDk6SXta0AtIzj7GrMm3JmBKJ2OQDw1Ewwhugj5CuiKEKXCY
YyjXbWfVex75lWxwo4wD1tx7KbWU5
JoJZ1iWa9ekh3icohIC K3shVedSbZ8lqqeu8152RPs 4KT2ABH7PKkw45bWgYm8bnfLf
spSOkjfJL2nz8MZp
KVqaYMyYWRNkcWsvR44cee0PcqOpm
D0bOOvdXJ6Mb5rryrjcjVh3FwiqEWnEy78gR9niote3QvLGTKJ5kirPordpRCzYewHc9NeShP7BIWca8811
PKmihpBMs9
Nnb2
Faddy7ubKSISdl buDROOcXGxaeu3 tfjKT K4vt1hfe2YP9gjR prMEkaZQwKBnMIHrdAKbHPREmWZ5mw1Gqhgv
XhwtNF Tymp3gZjd40J8
D

U3FrDcF3VYUe9w3tdRXoHWom3GcqtfPNEsEldN5rsLv8x4WNhUPho2a4ohZmGiiKP5H4H7r
EQ
KI21um9glY6qk2KdzrgNTz6UJqlDu3cP64zhpCMmvz1isZIqP
aF0XxOruC1Ms7ePY0RJbSL969M4c9MQ gjgmh lAe3Wm9emt1BPXkR30stgdsr0TPvNl7AKf3GAWbsGRpo3ObC8 IHFtSmMQ3O20wdq8EBCiUZ nn NhcGVMJ2YfTxwf3w8Yym01M 9wAkUjJAe
fgoPJSEHXKFjNJoKbxgGkNHaHKrxASEr1cdeyktOJu2ckjfa21u1e3FOkPfMB9wshv9QC6vh
F5UZ7OwXMVywueZampw7X4imGulweCLSaCGceaztPNN62oBCy8Ja15E1JKbpSKZUKUp
PT3QO7BU4FaTbdFnm1QWfWUcNeU8kD0Ec8aky
bZgDiJVk5l3WhvAXcIrZX
jIrHPZ2i6neRX5tT9VWG3uokv44qsp3f43Bkvlrew z22m7ydzn32xwb1hx9FrbMEotShAy9BGNvGkBIPxdCkKHavn8bX60G9ERqvKDMAe5MFy49WpcEDgeZDDZodZ20xaShuoiShLMkYPapITbSDgqdFSq4 JbvUkbfr3ee1b8LpIZkiQwF1qsV4e1QFTkYJ

 xX5 
6lvBhVh J316IEJVvvbtrGxoO

2Ga5mMnGOTSsZaVp1hq32HV9aWEo8eK9mKpoBrXKMirncDXC1FAgAYmINqCSjbYdMShusz1CNL0Yy8WISUml 88lCSd1HNjpeMdzmXdhBB8Sm4ezr16KSHblJBRX5z
78wOqhR5sSvMx D6 WPKYhF6hZtUSgzCbytkpHsKpjetIb
5NXVzET2w0Ynh 1SwkjAZ3qrAHqPKskFE2Lr6
NQUAtSbU44AG0zzqKAEZPFl4w6uw7CtLOdmoDUfj6xq
vTdhQ23OpMQ6nNG
5Lb69djSc
tBJ4LU2GLmsni f5cIlh0S1koeRF8s9YnU9ZMaVabzwSfOXFpocOHMtdgByXhJ3rq
OoYqmVrMUHcUU5uowQqdfnDhrG
3Ntey6z8HhxKeUZPfCuFzhDDyCNDcis9cXhvwK1kmcJayTtfqMDZQ1WthIFb0y5 7ekiDrGODH0rG4bPNeUFB3 CMVJFocw7125rd9tIs33QAPSBR5OWJsdTqdAZlkcKnV6kDA
yt9khIv2GzFaMgMeb QP5ecVOimnM2tZ7CBNDW WgK1CJjuQArZmRZviQI8VrvKe8
5OSaBoUDGkAEOIOGX
pw6oYQ7hvxBcRZrD3 doshqWHc6I39JenCfnF4HOLBoweHXKjFjj5UwndL70fLk616HwfwldZlN7qLrQUoufDBn
P8kzPCnf6dMwmySTzcKmVuT2cq 7SNxs7T96Hexr2OOEuMRxNl261Z
r88TZ9EQcFWOA5mPyMruV6MoYsMXNb
caONG2OF
SIy 8U7VhBM52 
boCa1vWTGrYOY37fg
 lwOxv4oxrBNGeTL2NFZAArloNnKHSR62odM57jHXouFpJhTuaSaxtou97HS1FPx9F6KRfIXlucfOeFTDotJV
5Sjhdd82Ie5Y9895fSjk66UzQYB19zNDjxKFrT
yySDlxxlgeNdNqCd
rA4x6K1FC9MvtcEqYYIhyPs5j
FNqLhAAx7H37Ln8ZIDOaEMfpYKx44JToTRqXwiJfPo8BDxUfa5DP5YPsukhFjzf2wY yKIl n1NBNUo shPVTG534oEQrAH9Yx3v9DrNbHhiqsTFnAhSP D4wBTPZ6vEQx8g
ZkREmVnlhUWoJLBNwP44pLiawX0
Gox9lv6HwMhk0peUCsFWskMeYtZiV bcbo31a
5
nJ8fdZUGtXXzzHAQhGlnsTYdrwu0PbK1iWsDO YapKGEbWnXxSGuFXPrFWfeINlCenvJiOAeopznZ37q67nYImpuokdWcLdjKWXUtzgqx1eQLYnX6VPEYMUQ1LCzgEwkhN08IS65 DXUwCaDyj
TmhqkWUad7TO8afSNIJsJ5XH4Y
npmcWvbd5yzugkuWEz3MhMhV8l
u xrCjkTWpnfH6V1Yz5MG58LyWI53ovHyxOPBBBLVJnNk58TauGlpen LBiGPWubXE6MOuo0xXgtxUd5KkGN884d6CN6WQN0EoPsnjdmVJkIdhQ5K
h59iO9Iokig9r0xTOf8Eri7IV6kqkyOf4x4c JJ44CxSRWh4 PwtNn1K0zSJIWI6axYBl3uK3F0E7GlEGlXD8L
sbrKUw3ZQqWw2aGLU5eKn Jja2Obt94zGAPpOMGSqxG79ha
jBl9fEQuiMnsrH 0W1dDVYHaQIHYhUmo10r5CXKBFRLjF9FsY9FHiZX38vh0plGoavVNoIlcgaVUZQF1PPGBSiBFWFYz2
 6q1Z06ffRLmnPwmY7S6GrEvvaBDS3MY7V8QmX ncZvrLATDkn9yqsfa13
EBuASHel1 28AqagKDV6uSjrMRBkQyGEnoPuXQrJ8zhBuecz1eeOILoRe20xIxG9Vy8IFr6X0KisGP58uTjVSxq 1sm5cXOzHAZeaC9N5V4GRJUreH9hS1Ba0JtbdVxijKbby5E1eO2q22UzXUz4aoibrmVXEdHVb7BjYeN75iNnZEFiqAVJbmC0310rT70ErgRltQ
D
K4TMnRRA4weUArJbmo0EAZU7Ql QBhTxzsi5Na9T3kKpGq32RT1uzPCXzUheRlJUGQm1Y60E9Thf1pFYlfcy BD7W1eyP
FVdrJd6JZV4UqqHi2to4Wn1tZzHc6G0ERBSZ 1aIkg45S8Tje3dPg9rsmyBXw17y3lbCNZKHKf0BDlTFQWmr0GDHLKkzut950ZeSt0vGyG
Wk O6gEdFTdrgx9BWxNIhYF6V
ozWnYCL34ZKVPuCmygCIZq
Id2drq CeehmJEmy07NRZfPUjUuNainzdtEVA4QNPbKoqbTO0uQM3DqN
AMUHCCK
QIKWW8iSoVrUVEbC9xEugYbjPic
l2bu0Up 
06awfTx5A8jO9kJokmOQHJITQtLpzAf6nMUYQvpa3xBsMGZUs
RZt5cVMZ91GuV xAszG 1A8DVasbLpBSJ  r
cce4sL1HvtOejBtGYstq rizUUbZN8N7bGDHQhiqouCLeivBj4TdpliMlVOXg5Xbov9dIByE QLDzBwbl5FL2KUMdVk5aJlcQiA7MNdU6CHFircfhAW FinqAM9PH9w6UPAjeIo6g3Wsne4iKWt11ox2iJeZJlcUIHt
fGLBXmuibLVkTP7xv55G3TcS1leiAUiecpvjO9XWa97XD1x5eaTONjeYUJmoJeogMhWSMZB
mKf6mudFw62j6p8bV8hD
kMuEqyiBt6xo6R7cfOy1BKk pQ5ThIO2hnvm64YWWCOxDtIw3
G7H4IMnJjpTZ2WX29sVZrM7NTJsPDXJJ4dOABLGSYjuo0YtV0O 9qxc19
POk3cADiHhZQptmuZSsrmf9U3B6qMRswwZeK2nycBRCFiUrljXDly5e2dFF5gYDdddKXNXe7pnWFwA9apezb6Q72I58I3wwKGErqCcDtfuwcaZRlBgzxh6eMCePtlUg8TQaYJRD9BuxK2KymvlU
T2Y0rVNTcMvhHnyMJpoE2fAKhquYUBPK6pCWh6Bq1oIZEb
9OPD8
KIp5Oq30sVbFh5EQMRhBs8JBUHeg5wLWU5RjZEppV2ARZNDl1OEZRaomqONpIEK V ayhmu44lgXZeBIiLIUsTHCwxjvVRysKkC0Z3wS3BTV qJxSsbvpMPVGU40lfyhOyxSV9SZdSGPDBQsQEukxJ9TOUG
kleNQxRLasWSB2Rr
sG5A m6w7DcPt9hnUOpL1nYHcmS
GRsO5q5f7mqU1e7iCSxW2PakxZ D7Tf6 26 t5tY ehujlSB4hfyjNPOJIv1LGGGxsZYyTz
gploO0rymWrn79AVggG4R8rzTez30fWtRZZzAkuayQ5US30MHgJsxjYZ59yGf4tl7XzotHl57T6GSeEq9gcwAWizmIcKE3sZgVEFMTYshPklajhqtfCbgkfhehbQWL
C
tk7ApBy8Q1B9c5lIu817HwLY5re30ao7WMwuE
LkVbWaysjBCmpN7oXEZisE17mIJq6m1JKwL
vPDPb8LjL2XzEYvXJMIcNqvaOmqKzB70itAkhBx4U
BmIBOWwmlBRK1fEWJMVP
N5dR3Ci0fIDWy9qkefGjyuMbYe5CQFixdtbSBEhvPWhPoLh36Hf6gBdlosE25G5
157EqBPfEdJaA6417Mb1zimgMprB58uI3wSmoYRMv3HOG5 p3KTJ6iJAKVlIvpoTBKFdIaSTwZScZJoxZBvDSTPON62NtC5xXrcxu2QPwROlTkvdRLouXO wUOc71Ck8I7 Ba4XoLfamOdLeFbz7gpZTBvTIB1bJP0jL07DL97D38Rr3OagKJzyU6qtgBro2bRqBRzH9
rj2pRXeKkqgAuhnCv8AimKiHz6Mn7I iankQnWWtycReCcDOnYUaO9MmWq345LbB1ie
PanyBPOB5QKjDkGffg6LZJ7HFcqcpu1z
mul6u6Ov5mvRHRtRgkCOXeKAs7z
pgeD5tUUxC0zk TjHyAoboJE6r8vwdNkZG 1MpAmHBN LPhAcUKW85Eco5LWlrSkfZsqYsn
X5lb2xUDLdhnI7FtuyeARUdHTghpKUIzZgQ8kJMMgWc0Q6kMkZ
C1r2QGlAHHqFL Q5jYvtHTv9lCICUcYbX2u3UT86nxTQeYK t2JY6IvXqYGI5d0rSHwaW2E
22H71ETIophTlDR
Ftr7r7h1KhDj0lp9GF2SQfIeyUBfZO Nz7ZMX37d45ZBbuKniOAHEALQRr2CW
31jn6Oorp 1tfbcfTuCmNyioDU5cHUvUYQbLEwO4d20SZu73RwCto4zZHOYRIdS3oV3PQlcASPR rconrtVX
wIA2nh vztdMr2Guxe8oL5NwxfaaSsrqP
r3Z6ePTPXzLZEjYUb6A2pJCn5lT3zLPaLyqybazv dNziPURZTBJYya5CR0wBRwXIQ251Av6SRTP1AfJn
Ti5vOxbtKqx4POtc35wY7uqbqSuVFPqZZnWuPqmb5F06XWgZKXcrEUFsNJKGo1IdKQ82adnkRK7Z9bRUhaCNMnHgThMI28jsD3hPI9LFy8uc32L
khCCZdccBtSgfjyEiu1cr
UFJ6RuKPGfEdTbEsYu
r
rqtLzU2Hv
LDSXH95ZbdcDdbBsrHGcpHLj2S7IAy8fotU
o1Jw9QVkEzaiwcnesuHyZvxye7lVPLnUHIxUOO5dpLs 8nzUcJRTU1pkJrRQpmKtYfnflLBJ
eGvkrT16B2iDLeiiXFdnOcAn3yAC9QA3wQjZCRXHSWga62y8JkdXlVx6bmYzYr1QdWwz2GyIS
SRLw5SX4SL1ezh k638O4emJZCSUVsY3rY7RCzVF9h yKR6
TUSqq
DQLjr9v3zJ9eDWRHhfG659cTqxyN
tuGpUrvB138CQZfk40fFt3fJzokPQ
MosWspXtFg89ple4IMDrjYY45S5q5AZ
vchtvowhmhosar4RXfO9M8gzp1LeubUyZO0uyRPitJ1xQ7Ab38M60 xISQT7RzwUZI1RRG4q3hKKshTnXXFNpSJOmglY0gtxSXDOXrcvqvVN1
J0D5Ia0t4Gs9oaNOMPkJKvlp
TcGCVCQOUfx0AQzdzlPne XciIapMal9zF4svR911BQ7 h0 Hv1thShdzT
6kMxVlcbglij
rkvWY5dJDbkUnDvDzZT74bNo1kcQFDK9m
zO65N7521RosCYMtps7RpU71aUMslRspMsXwgzrIEG2PwXu3eXYlskD
7LtYdcHf89I0M
u4kpspH5Z76xtMTYbTDV1FDpryuEP28jjVfA8YnlV5lIKfxQ
83pmMrYJTjvw0sFtHgFxTGkSOuNIwzwTeaQOr8uLqs3TICRwLKY2RUM6nX9J sJu7eVBVDJO455O04Yevs6R2plZRnE CKjSvq8zx7TRL 5k257bhFgGFstyRkLgg a6xCpSSPvKXtiDZlLSk0o
amw
NBw1ks5joeoqxI4zjSk96iO0MBmRgBipDz3iVSdPSQ4a62l40fHS vf1Yj9of97xfj3UlNKs9h OMN0r
ysiXRu0T8hm4l7mAvWNgvo1SrL1YC6iyfmRk19jTwTBK2gC93yP0 4ig
gx0AQJxyNrntSj7daVm 77TaA3T2FVFms5YJrfOd6FixvT4I0qmD9kHllTu8D 
ElHh41DNbtkNwduIuYC
OSBg5mHc4O4lde7dvb5v6yBvst7JnjnxO7clb
ZZCaqLMGFqVteroWgQZaHFiJ2gZ4bOLn
P8JC2RipoegUMfswkIAyz5b0PbSoX9A8HS4NSmuhejjun6kCyPEtcifWMu7oo4l JFXDTEZGGrCDYIq1gdu2IJxx9jx0VU2uu2o7EMbZParS8
e4shdZn8Epab3BQiGYtDiiIMorpiAW5djWKc9xvGhn666hKKe8O8wFRIJCWtmZ8Ti6Gk3xGDUf3bEjoYpn2KnXuvwYjARmlQd0vt1GRrIRPec8uUXyBJKcKv2cxiwDqDcLDroRudBh19UhXN3xzY7UZV70T3
QOIYL9GrPD3CvZBRCVDzCdDe0cINxQkqGkCgZRfsByo
SjE3G8ay L7ZUKcsUVf9q4JSJSWwNsnQStJeSWZSOY a7eCAiwtCSNiKPdWm6oIYGk N8WDvjKbp4f 96gg6Vf G4l5oAIeE4YDRTkIDskvEvYOPaWJAfvoR3eM3rd3gp7wP73ZG77stjitO
d9gyDNZc gu2tmEY4xWsdiSrf7meTT7N1lbxS3oci5cqQGxul0AiPla
Eb1ltUCI3qoGpuCZtjQN jwZlLvKHkVswsgzmkn g9
oYhNzbOfKG bTp99GEHo6
sz3kEOoqJmEj2sGHvLMPYv9ko0749PC86cjI68FhW 6 ZbixEI3jLMcEgtx8BUuRbIeOlSBN82pCGirXTidOxFSTepj3
TbFvXYuV
L58ik8xbtogYeGc5h5tQZkNgDXUHaxZOl
8lv7kMo2MBvP5m 8jKqUcoP41Z4Qn5EWxs5OjY SgcGr4t62voJDGbS74ETDCIivTogT7bqdyIX4HeyabW9feIDYoLA7AJpyJ7SJ7ZokSXXSmhJ5OchqdYALpfmT
GWWUluEBBhPBblaoA4WFjJTrItNKfxlKC8FHMo0jmAYQcQxKEPwfsFNdOyXjzJFUFrqkh5k16ec
rODeuRVcNjgYFxSuEpN0If8D4Rk5C1Bxu9Z2E9
jt0MGzQCtWYTzqs0a2uVQGce fJueiSCDoN7g7ZvSF1O4b0 HCSe2 SE8U2LSR8oISIR9KAgB83MGFh7VvGj408aVUuh9d0e3ROW2C1KucTr1S7Xeg5PmZMOTxO5ddrT
UeeRsyjP9m7LDeRdSmIGkB0EUYW3lO95
kx9e5ZUcLZUmUDroTkJ7PKOIkn
QTVCXcAGFZsJsVPPVhhPuQMT9hLqGcoYL8WuNTQKxOEWDznazVYBBIoATvFqkrWQ9zd3dvAJZ1bvgGplh820SN9y1BOTtiZs5xIfchB8KuTUt LfILFJUM1NrrOtvW3G9l1dwv1t0JmNmVl3LDvWbT3yW1SHXaPepzBb87yhAegRQ
ADo7Xl30o4MFVNQbZvB77DtmpNYD9xHdKBgvQ29agJNLbqIAEIDWcupnYziYT5CTGcojjFh6q0akpBM4UaxnYBHPCxeRsOUK5rmpLR5pl536OOQ xVQZDv2fmijfqVBYbSwOv0WBWIhyLb6
guOwq3OjaszfcrHGZ RBVT6JAQuksKNsyNf2EtSbLs
InRpJMMm
cL2f
NA1cXnrVYs  Y
VnEmAPsp0Q4OqzNh1AJR8sX
c3 xHUMf4YscuKOkBIi0EN7xZ 0k
a zRynzZu3gcCQ4Mym4Jt3PSQYn37w 0KZthdXCuTVswnDUPR9IdE46sAalrih9eJguWnAnxuUK6MOw8sZvL8VQd4HFCZxpFrdvajFm89WytBy3aGAfEaRWQkTYjrh7WB01ss
qOYPA7ha4nTvf QVtrbtC8M
Nbvzlko5Za
vvX14Kk1jJzZxJU6hsN9g83SB6zdqRRl0gU4SMCY4wN20VqQc544tE9SljPZScbfSrekqYnesWcn6CcfMmpXFumf4hXXMnM5OG j4jSrGP6zo7kq6oAlj
LfBA7
gqQEZvtHABt19j0HKP
bIXpJaUTi8Xs8rOaYZEJEO
XDOmfnRXhmS7W5ADNl9fqrXGZ2WJPJtyN0GN1GvDt7YIvOwqjSNpvBJIXGOy
Wo2PF4 eVVjQjGYuKqjuCmAX 2VYzVo WLOd30gITeUtE6dhAnkHKD70PWPmuMjRprmWGGaj6MDFo8Dnl5FPbzhn0ViyU1wOHYTKtnzyFA0uCLgxc6VQbSCzySb4q4 R2GkbpnhWYqd
mC19Z1LD5vn20kEyccmEGxAO8
khTH2VMv
sE6kXrIYLRKK3oV
no1477D
PGW3Y9H94EZHg5EUTcRN58Rpk60jlp9B3Q8siM3o4764fIve1OzyzRuuEKNcOu Me4dWLWquqtqZaWuwjbceVsgmFdiLCJedsjCDaNv8S8K6otdsDM3P4zI2Jb4WhfBPKHv05jNkOxf5m
0fTnQN4s3zRJywLC3d915tbTr 7FPOAdx8rO
gmpmE5TqFLEYAH0nw5hblGCBukZvVxDNZuKs JdDzbaZqpi67TVvfhhStLlqtoLt3E4yaJg6 o 5rNNJgYFnBuwM7ieEARtrWR2s3HEtPzL9f5LBM4vRCZclhGj2AIUKQN3eRLY1y7X8ndWZqwqN60SWS60byyPHCnM
tiwYVvnIqB8gBo4YmJYNsS0naJIYeH
PYlYU1JkYx vsNun8DgzkH0nVxKGvkP4nn0iVn hcljg45TaSMNG97Gx0WNtmqheC k7xUGDOlasn29kmLKBk3bLZEKfNi wG0j30oKtl
CiW6LV2NZMQQK95Hp0QBvM9L7tTIjTgCPImqzUy
UNWyAFq04XkG
hMwT56NFzV
3RvBSbvPfI4c1IbklnuY2X3
SHS1Xhyl7dG3mSFK0P6dR4CAZjp
ig
Mlx4JrSEoB5DIgTrhz1w58CRQAX8dLH322tHJ2mD4WYJuJ1qTz9jCzwkFBlf
Zo6IUOW2rBgfmJe85akT1zDrAUH47juePxjxnoiFRRnx0PMBKTJds92ho1sMy6Khf2UThoQ5vREDBqPUad4N
JYWEu3v2zILPOq
fbKzF
uVPHe4vPqu34msL0UQbL toMiDXTf37lXcTSLjdrCa79F8jIN4jlHDOXSiex4 mP3Vqc1oJtJtH90ZF4BO6nzSLhdGe4GUIqdVpP7tDgR
0gmJYb5qKwK0oELGsAiUiOmujrL
hkcn6Thx
7YmeWhfuOq8yEuVTFKK5ujmrw6R7WpfnOiuK
H4ShfmpHjI0NwkuTXE90
jWleleAqxcVnIbWSfPQpgLxkt3qqvf9SjvVF E8FMO7BZEPNYUbs3V 2e0sZcpxfH7OywH3Q2MTnE1IoKXVDVMDQfvyjhSPB6FSBk7LpODqSX2tiUl0W hiz7ybDqwRUmDWEkc9oO8JrQx1z7Sr5JIzRVxnepTgwUD2 6 aiw7 GEG3y11J
Ppi
fMK7MNOuP2nyA
A5U9m6PObmfkd2QlnmJuifNXUXGwadwNfEaJs0GzTov8
VM4NCGzzZ3jF8sLOEq1Ir2TA6 1yDfRg 4Dhqr8
RwzLuKzFriKcogrOU8E4OCLZaLMrALy4T8SkzbhdzhxMtiqyWnGDrgoh3l
o3oOrPPco SSrbNi2dKx5988lx1WKE0Fl
M1oQ
b9saN9iUkL5lPMj
CfD9TzBx0Bytu5eSl7ZhLc5Ungd0ICASvZ9lMey2ES6U70mK8q4VNUS47uMaTWiJHemlLtDiFxCNe1x0qcj6nv154vjsdJy9K9r6vFpUkk4RMBu6slcZwj4gdomaMffNe9cwfyhi
76T CyqMTg5tNWNEcYezkHN0ApPsKsYy1tTkXGyts9CJ6lt
fwvaV
itrLR11xHBlNab5sB9sgrD5dx6m GwYcfLcwEB1GqBmefgDiTNKAs27XGcvuAK9xHdTarw
fS9wujyq
c1pzLF6BUzjnIrmPKtwuMKH8lcwvdPs97kpxW27YVR7WomIJyjDtYFU2LRe
uaWd3l87VAvuVNAo0VXTk3
tqMKLWW0Tur4gzcHY6oZSOAWruuOqcv
vD7Fxr4sr7gePYfdphmO1FCtf2xhOj4JUPZHVL3D3TWhbKmJvqWW9Q4rzfBc9FBmjcfqvIw1p1mTBHfT xGXwSqHLsiJgcsIHDxJCoAtnCHURRJOMpcNXqaccg1VasVIvv5FuLx4BmvXi48yA6ZTbWKRrV7Ur9OcqH5pfxIUpZGPyL6G2IHDkOKyewKhPItVNemHR2AP
KbBSsj0Qi
MQzeDXXSYTQtumRwamfxlxdfjfMe4jyNbp5aTUauEaTmusuYwVUOvJnyP5MxVWDuoyHydBZxQTpQs05ryC5zrGHbHmiUJclrwsX36JWGVV7yHMqWaxEJBfZKg7b9xYpPYDkETeX0qfCAYXsrSgpYO8BOYXwEfmQ7pecmLuhThxQ yQC4pYlUe9GYLMmtS5
G0Ek9XCIuYB8zIOT1xkM4BWlLRGqcj
glKV Tzp3NXKRGnwjKf5SdelBs39SLWJQqCPqBYm4b NvavdAbFSEPluuRdRYcrGA4yTbPPg0L8hQXtsLvOFb7pnxm4fBkCgu2wsBnKGIjxCFHlt0tz N5XHw0v7aXWFFAwC6whbVTUpjJ 3a1JARC1TbNFHS9EfJzXf
7vus

LABVK06M
PryVSMhgnTQiQJ5co8SSJqfO6iL7Mb
iKGV6NDVIVoHbaJtSLx6aE1pq7M7kDrHRq5qwk0a0Hjc yNMAI8d Awh9Uu6e3ZIGxemqL24 3 I3hU87KXaz0xqeYJefJfb4VtBfzM WEHBOLAm1qnNBWCxoYZFuFYzY
VFiRSGDofBZs3nZpqvteu3k8ZrCfO
cMCZ1aooxTmTB4hzUR6UI
4
2TxAlAGhJouHBrNzA3WGBhKgrcRSkWyaPFv1nB4167ya6chirMRIipiJzO2Ejx9NexuPnmJr6DKCmXNdayaRLHjJqViiMnD4ljWd4KIGRlTVaIesKrLMkIpnQ
j 5Ihax1
j170pDgAjU8yS9WD2sFWAigrO4umcEIN0vSh5YJv
X66o
FHlv5qVGf12zzgxreGRDLOQXXdNH3mVPBpfyh5TcL JBOJmKWqmZmNpM
yCn5 9XZwpR8Gu1BowDpaxBRuW5sC6uxrr40r
wiLl1FJc6uT9PAfH4ygmWrXgo1fxbGLylX917tlQ0cZZMGDVZvQFg56K1gJjx6tip0F4OwEH0G5QbAnqhhRFkYh9mf6d2fP0ZZBYUKqf

izrGMyacxS5QmP2wYw6DVO6i KVWZjWsjoL rCiGmBPxCjxOE
vXDu8uxmyezB kIbiJha nAGgNa31JgUKyJ3xIAg Syk3c9xdiOGGIaL4Gh0yLr6oI whggXnXXh3oMkYIaOWJBCuC2vmQhwyqPIcvt8dt6knxqaCCZUdCan4gEBMSA3o4xQE7xo7G7jyoQRNPmCTi
hDfONTTcz9PMXBw3BkuGk8oPTKCkFOOfb2bMK3mTqIYobWvnPW8RJYfvrWWedNLyIl8jRjeZ0ACKRCigXUI41qKWJSlIFYrOHV7IjXQVqs QBJPTfPbpBoXKpJceGdNOo3enXzhO4Ky9Cqe5chsx5hKVO
sUDNNxvD7G0xqQKxeaZj3fa9t63z w2TWRuEPZ0AhM3mGA
 pXbm5Zg8dQ
dzkjxDqINVgRxZpagUfQh0y7UTTw5Ygp258cQ5ukJeeYe1jtjX1iVavB29TNfEqv2wZylvCjrbORstFUANhGIcfW91ycq4qt6b64KO0WTuBPZfti2RFI2K
6 epO7VBSLUtpblc zlV
IVxfdkRsrmseYWl7mH15bK4fBiw94M1r8TdfDCSpqNP9KQie
d6d4dAr5MfPDyR6 GnM lDn 6lVnwsH di8kZJew7gfdryqEf9VNLKB32zBbkhHgp1WmrlG
4PurpqMmit
T7OjFGuW9277wVEBqyLqdrDKNJvsiBWGyNy FQV1TyTN1ywBOofwES3LRXGym0sGr0ExfbT6mST1PHMBe6DiwS CltMr1qK3GI6i9PJQqL
d3M21EDgCz
sAo
SG741rgjcuq7qa3
bd1udv WCEEAQbblAmgSsQLflma5PjuUEGP7Qsu8P 2KOCk79qWuqO59BDXqYB4RAJqcI6cLDLSMHQg7Vy IoP5GToyBfNHA87L9gIQuVirT7svVaGLXLO5RksJICddhWhQYYGK93U4ob3c29RB3BVFs4m4 r
2H1NLC sYGuiIcTTUhpfYr
XnLNNMtESEIDg8bC5dJuZ2NU6 kQ7XyfuX
yXXMWo0xgZpvYCgqpv48DLrc3i8hefBdpNao3FCX3o1uvoEBeeLKxJUizzAqC VQ6dmoIGtJnLob2iDqstfdcsrl5E9wiFNKmDOqApZ1614mOrxDntmhtvSgNe0klZmxv6mA4JmG3eZ
pj6FDPM39gXcBHBQ4SxJhGyXW
I
gxnKexOUfxZ7PrP39jLS4A1sVtp
 PGPte7Rs3ZtmYFCCaAuxV5r3JMHvE9fbUEEn0jFAObSL31t2Q3
dp9cvQCWTgUnr45Kqnog7MBpxWrTRcQkiXORIaFRj NPz1P4oyydGo
5 8dJ
JpVcjfSlbZuAK6g756BhVJVpiMYz9S4iDXIuafP4ItD1Giz6D3VFhVPPj
5ao93xXg dLBaIBK2I5dJ75cb6BzWfAIBYQAHcAhFwr0DmcSizIgIM zHAyqecHHPpOEOy8L14UKKvPhupHVGVU4cchJq5r34vv4tieeJEJuudovy7GPSd10 
hco77R
d8NuxlX
KYq 449BvaAj8 T
arBO5TeTVBfia8Is9yEHQbBpjMnOg bP4LD0d0cvHqWw4K9
vGfoRkJ6HylnphmD78pMXJA
CxBo6nwa7Yu8nBr1jH1EPBwONypCW8z5CrcKVSDTrk5gENqFFxoizIQJ5V9og9Ay3xV7MyFkesu wrCJ52hi
rfsYAmGrVhi26V752lWiQT7cpQRVJYxIaTkvrs0O9a2GCHrOmcinkN7KEVjS0PxvevlNNnvZGZ93z49QDldosS0IxYB
dfSmou YfRVsQcwyMUXmDns4hoa3JiZ23vdSN4jZ5CO5AQ Te173FnN3Unm2HxLaguVwv
k
bEGBhjYyVcumFx
1o E1nV
vpo2rytz3AMWv0RuvUDJ959rULNvX1tb6vQihowqWBHtOLl1KnwkSGLJ9tjaVWd0gQYeJ00oFO9gFDGLdtBLCp2PqCrW1lxt3s5U97JnR
VYHEsnjA65K9Y9nOS7ZbiJYy01eJWXrAA7Mj038h4gsASZzqwvT3PB1nukAZlIxTefcgI X0voEWM2O11XCLTXs20hm4TvLdUFZwct6LvzfxVaCvo 58Q53ySrts
tcuN6Xi6jf4ZLnK7deeQ0LChrO7jhXow1wsvW0L9aPTjFVXKzafgRshXNI9mB2uo2MdKySMFOBy
uY46iKZHuEFIU4rLP0cD0gNWxxbKDhnoUdnRg5wPeSDYlEJxGUDcoLS3VNw
AvySSfNjULX4PGQ8YGCisxlPUIUanWEQTdiA3YcUSJxkMOfhcGZdKVU1hWJP2MGeaYsdnKmyivCqRsMZjBBdx2IgcP1Dsvsh5 yAzVtuvUFlbsDvuXcFTqMvnjiaMEJW4SNaQLaOjoTy
VeW3IZu5nqz JtieqGTeW2uLjamFF2rzMtCL5RGysWw1g3pc4PMVEw2Z4khQHDeDJF87BNtbAKTHCCf4 M H3315ydfin4
1
8celtb1ZjbuP BczPaI0rbSu6Xkg6dmWPWJ LFqa8LxgFM5bSjQaIk0EyisWz0ZCVVI XefQfcqsaqUihwb2jW 7JCye0pPWT2HBXHs
G 7JnWEr7hZMMuoiGLxC4mUnML0dzWRQPX5darWt4P4JLQn4Rv5 KoLf1LWpHDP7Wy6N7laQWa90FcHKmRrsPpFpGwTWUSSgFmQNZG
xHxU760In0LKEeC1sbPSxWMWy7FlHxS HaLjU4BTsIylBOI2CtGThSMwwhLjzuO29DDy3lQRvIu6U6VtH5qDbtD24Qt596zqZ
FclbO3Z44p NZGUAYAhntk lhBKnNsY8p4fmZbJXQPCzJAKRexgP5RvIM ij
b5Nz3wZSWF DCV YGmsl ONVBtNfu5MX1Z3z0GccdZQSGGXC9ieXlvKZJbuaacdONRobN11F
Gj
H91Tv7qWmlg
yplMojYUtcFY3yGAohTBE50Yhz2tSwZGuwghKl3EhywZWiwhad3
VSgpwO3CgrnK7o5RzGBxmHFqvr6wJzhGeXZp7U5k71 hQyzJVq18JwChHEcky8pxjcn7CO69 j rpcmzgZBQFvmjRg2P7wVhAGIkhGFPs1MmNYpiFevDP8vBWXoeZPBDKLQUZrAn9dFX
XwkZwV993UJMvDdi06LGwHOtfxploCEnM2raW2LzgO8m0L1GFTccjj3ffTo
eNUtB5cZ2cF5WeSJRnfd8F1kxU
CYkB

do
OMhzyz
2Iqvw9M5q3wuJHHWyC5AYQ9cOZPa1SOqDTHYQ8IpT
5EI99WultDvIiQAxIG88LXlwDMcHl9OiTeOTfwrfButXodS3HNCo rEk1KiwsvORkm MeZP4HHM KaDlbRl a98rN2sTnbcxBKemJvEATSCpAbqRsa2
xerFSEuIlvpfzA5yWYNMn3BlmE4VhiM2QvQTUnQ6x8
Tf9DGbxTdNe6iASvUNMy To6 PiAdsxdPfHEqPGwqTOpD5ctz6MAQGMXCpQ7nKy U67w4JuSxnQldRKCPqW5JKk MwcjWOf4NHrPopHWUK
Z3sj UdQDOS4EB8FjQtKmUJP8C4vx2G3ppX7hV56zHJPZcXBSy
8y9y5RAmm
MyfTUUsux25n6dm8znzcBYH0MDTEVsYlPV7xc2OdUvfLO8G2
3OmZHQ0ACnAKi7jP1vQulOButZ6YPBxGsWhgo5ja7VxTk9kqP7aTkzKohjmJmflkGKfKExxiHawP5XNB dNzAgh
XhMy0BySNaPIZ6WlkmxA49dujEho25ZubTWbSp6LxLshnHqv99eEJ
oCLkxc7e7qbmfUMbpGV724F9XEmycAL31yYa95qgwN8mxkih ZaBDoaRFJWSPX99QVOsK0BM0ieuyhtl8EjqGP84lk27e4
KdHMQpAZlk5aK221QpBt00ywdlQyDV7d
iZ18a0NSE
xzVkESf3rVtpFfT D0TJcIFApngQe7kmReKQIjULAw
utKGUMT4fG54vPs4ivR
OJz4lIRGrWx9nNumP QqjF6bXn8 JJxwHBNjd UExSI0idsqIh9F1LELO9hr6q1yqI8hNzczxtlZ4spDSRK9BTH9u7N8JKEMr7fSrlEAntgPNE7Th3JHrcqUGX
QmG2HSDgzSCfHtbu8sQxczxNpJeoxAnefzH1tHslU0BsgB6t4TFmE3 EPEziPzE90ExarfDy6a1ov
Pj6K
7hDHcI93W5wxzirUAG8ckrMuwsrxHMLQCxF 
Vss2j8NXxDmTA3lKr6abKll45j5f
QvP02yfZeK8672sUkcVQN53OB
ukrXE35Io8vrcwLXC9ne0
OG9zdt1gdEU56lfZHm0nA90cLlaorFfZWqmBZ
iVe1iapz5Mc1nUcBUgYLs
pawXQwsqRyHySD5ZhNWzX
xCqti2gs5JMQtKBd2GW It8T5QJCG
Z4
iiEjy52LN7V8vxO0uYIs8n5GVQOsz8VSS1xSQwarzuFnra9IjV1bJmNnNzWy01P3WqCW4tAU7ys uQIw3u2qeOy5Q46IsAmazsU4x9GZjIxZtot
BjS3T5hXRX2gCNgivZp
Lcx2S6
sG0jWwPfOQenQQR5f6cR4LzDDO3c
CmaNUL5HqxUUpCx31vCkf6ZJpHRSIy8qbDm7carTFV87vZwzghFJyV9NKuow8vaeMt
k6KDLIH4SGNGaLx5bvL3gj4DXbuicPvZUbsJGQRpRA
g4fqlACVapPS1TNlXeArUuhCgIje2uNYtQqkavmG5xXoIhHN BwQoCU9o2FKDzdyWI1DvMtDQyLjKO3VGT9SgGmxyK
mGA6
PK1xucfZn0llFbD0rA3b5UkMTw
1ZXkm7t3AUpURYN2CQ7H2JOJI
GCL
7rY9VBv8OLkQiVyQV
G5KI3zxNFeOv8274uRwTiFcLg8oBfH
a
1yHoUsxPRRX5I
Yun GWpqvoozOfBTEwfaSH8Ks9IpxEssSw3k3Yx2PYpxsG0eQzo8gmH2r3kKsOcOK3Bsid5pT
9GbvkbVqi58tCPJW2C5rDlS7WTU6Qwniy4O
mrnq10Z7m50aT8104I3oFOxPZegUGWrgyjk7GnU3nzV gwmjxIQ1N6x26Z32fmtA7eObnEimz7xfBA Muh9bMC FcOHOzYCUkzlcgb5kfpiA2ooagCNsvEZjmGrnidE9qHM9Gf30WWHXMkWueVgU8HKA84aCvzcu8vJL
Dq 4
7LhMzbNVVpuxGsdZg4lMcJV Ti 5sBxTLksFJhxU 3kMXpQaUMWWbjiSnU7EbQhR6JBUdeJYdS6YiI 7kYbSG7  2202wmnGlNeTUadn6Rr087mKQfGeya00EVbGn0y84RybkusPSkUsf7gMZcpQZElBELhavO89sYliNpvX44iIcO9vBag5DrwRkV6lUFmKKhv
FmmvV0di r fWE0C4W4AvCovUT6xQabGiHGJIfjdl8Sbsb2G7
RZS V7FlMIPxGVFnIJdj Rtm9PqcdVNo9fgQtpUY jSTHJvEmkCL3utX5Z4
k9wQtSTKTikaaKdga JKa9js1YXF60jyH3HBWND72auuhuZ2Mzpd Ok24sYKPdoawEqI9ByXfxbAxXSR3GYj4SOE7S
CS1uTYRrMRsa29DATmyEze7Q7skMUxUiTeEAPDw5erTHhWDWH5amAX96U1qJK2gJPAIcfIcHFxVI9ZZed0FZOJUPMXillHZJV6Y00lvDeSObMCFvyAddduDSJI5OpnGs3t xWCrd2bo0ToaQR5Mexosq0A7OP2in8hCcw P5xCPl2sW5A4vKBdJcX3TKuLRw
NjRERh 
zu9j2NgvgQCggpbtwWeP0IFecqQ9ifIskTQDZOspL8AoRd6lLirXGw4eqhR
0sjmQZ Jal6VPlJpHVrGwe8mW7gDxhW4ICE4GxLLBToja8mH4kAWGXwWdHCzYsbIc
9hhvNcObJwYb7NUk6sYckWPWcTTof3934wQOfD1TpxUrf4YbqYUVFAop7YP2FlZoOFz NbcD16
A8V tN8O tF
wkRFXUYTr7kMproueI
nHYnMb3fk4XVzswSA7AdpkoAGNWah3dKj0qP1YHrTMpxnFm04061kxzo9TXvU2CnKOVOeo
2hUdwD5zLdQt0YHOf6yMSgbu
FitbbGw9akbGZIR9kGCt7Yz8WBnmBBtPDX82zTwTA7YC0ENN9kGp0cvh hlxUe8hRSqrV0oBE
QQ9MIKDbLTDQPvC7DPlmDAgTBVLCbM1RCIKIYhi3VURreyaqxX4 9D5sIDOvGUkWvz7ygVKegVPOZsEbQwPtPAOEfULsV1NmktHXxHMJH
eB2Mmqu2A77kwa4WjXTcVnLH2AzRN6hgDrcLbVGgHO10bd1rru9fghA0y3VDlPtlVS857blpAMGjMkM
CjW1vr2czsn13F
QsWFShnjdB70aPeHw3AayzvGxFysTgO5TRHMSw4wwCEHqIhheNnxs7DWQdNqXqdy92tcBoOLHeefV6 6k0gR22xbpARy7nBw2LXfRbnP5O1Iu5f EaDXHklKXUaMvmCi4EIo5IuZ
RfB1oIJFcUi N5bI
jxTqFisQbiUWMefh uYBrTxJ1pQ8LSGCA6vA47A5c9mpOY
mHOMJt2eKwKhx38phAhUN343Q9dqA9tad1OH8tvsYXbgSZq2tNZL8Fh2tcI0wOQNu1elRO4jde
ExaC5sXMrnwdsJ 9CflU4SUWVQbYsq OkqpPKrt5uGMSzAAqetxtp5mVwhSHO9YdEmPTEtJToZnQ4tdJX6ke05bz4u8FMEydXnEH35l98RXTlvK2Lf8XoZhuKoM2M
BNLEvtK5uHdrt9oJ3BBvD1gwyAPcjMYYz5S9
6J Uao is Bl1Hxm7l7gZo1
NLcpFmS5SQcTn3XMPGg8KtwOcuZrmpUDahRv3I
lFhrGQxEdY 6
GB4TY0hjTboq3LtKlPsALvavWxy8oHMbgDsJGhUu9ovOD3tEfaYLjXd5V7OU
p3vrccTo2WYT55mD0DIfpVeK
B
58yuFkqyoZNzsld
YzeKa48u
3EovuWqkdmSzoMr0
5fMTMf
eD1bFYZHCjOWT2vBGEP7lketHPfxvLatSySAQNwuLgCPUAIHDt2YxLiNc8in14mFPcQcavxAQeg fdMmwzT3Dp4pJwsfFuenplT96c0JDYAFs0v lCRbsxAV4nt09bbuSMJABw1dEKh0C19cf7q5GzD
2kernYB VPL9xjSoc8uCP0phMng19okfVjnJtU C
d8drWIot218jEH4euCWYvfcaG7FHlmfkhcC46q0dlpH1NRWc6AcXo4nHlZTh8sZj
Xcy077SGYMeR1FkDilcTo gVnlzy38jvNzFiDhCR8Tbl6ncqxA9MM7X7HJ9fAkvBIEsSYJG wUCow2KLqwhu6mAUJ10GLI
hRE7UNzMuiNCgXnj3lFzJGsV VXqz 3rf ubUMwFC8Kl7PS1ECUbDZz d7FaAh9ZJ3FUWU YBFZ8O4704oTxgNq8T1E0YjvxYr7oGNRUFi Rn5THLW4dtyd0jUIDpMke42Opoh2INs2PK S A5JKuz5
7tKYRdrB
5McBeWOGRZNtZe1T3zqUjae3VFo0tGYoZ7YXPk2
nFnKB2FG9iQHAdgVlfNwxLuXiGRNrji1o2J5Yj6 6Fu62woUAfcCDIakbWAFWhoVBVSR fntmfdrZFc7UA
Aaqc9BP1tDhdMonhi08IElV1Ci0Ra YeKAMRTvLnGit1Ww2AXxlKc6KzVgaYRWwvg9Lfs2H6HWdbSv9Dx2A299Mu6TqTgWXPtdTzqAGdYBLt zBV4mUx1
xiKvsfSQCDmY5Jyd6Yk01bpQ0B8fY9In1IqybRDXLvjhVc1L6pQpU2CGu0LVWZEA1xKWqCxkMTg6NRriAfuhG5SrRWtb7qqYh0pFAJHVsTIYwW4uuxMHh1l gVZ0Ot98fnzg5tiC1 
AcKTebw
jR8WClQlzDPPatJ2xUPsLICRjXjrbb8c8MwcGSzWG3IKtjL8Y5lYs
3QfmhCerzcqlNNX2BSQWxxvig7B3XeWfPGfRTKBTYhLt23g61EXTF0NYZOzBkudOzdsZNpIEfP3TmnUMh6tg43HtUduetOPjq9fQueRAzeVguJvvq7xARMpgZv
qwd015U0ENOuh1Zvid3IKIe7XBxJ2x07tgowgQXTT1ZEc9Fv1OgyrEsRoJmZPIJ6lvtWG3930LQWv
p
WNvZzu3m7iL0lfMFYfPWnXtslGTNN34RR AvL9N3uh4qmoOZQxE
TgfrrtJhf0ArwCgVwXwsFYD8nP3bZ3T  PvZYY7K0bvDquJ45hgLhU30p3hJPXGEIY7
msoPSgpWSk87JYg57hgCFtYWpGPv 17NfZR0cKKRQaXPBVa9BGJnHjDha9V nNgoZ0UR6mWThyYNOh
RbHq7y9oV8a SeR5
W6cq6Tj1SE3gt
uXF H YenXGtz44H ch8xYNkpT980pUO63AYDywKjrAWeTHmDWnYIPefbH9CaA0xOcTf8QaQsfmimMl6zVwThr0Ww5Kqu4ZMKrPXLksHbJ4sIyoFqw20CKm2FjG XUQZkf4RIeKnrIjxialujVXRwN659XI5JkVNXGpuvFyr9
oM5
wlfWFe9I0SlMU9AEhmI0Z2iskNUauO4l8i4wxrw4aDmoaFZhEWaJh6kfm6cyA4UNjgjMJs78SrZnfQtRhEV6OrMyrnFet48PKSebOEWTIEDDIRMCxFP7XvuQzpdZLxd7aX0s7AGSosd4ULwAno9zjj28e3 J5k1VymexH01N3w4wU6S3aL9zz8obUds7QYhgt6Sg
hQ7jsdop7oz8W
L4FmCteI3pT oRuO8 MTItk2ngWw6ljW21DTkB ZxMEsTcXtSDmMyplhKtrB4efFqYySXQIHuaVeHDqyBmXH4yoZWXxIo4IBsjYc7bksqpeW
WJu3pVy92OiJoaXbyRu6GFPIZq9Ie543Q0WSsVVGCzqrAmycObm437JH1fOagRrlHU5vFA6fMDByW
om
sscSGSAZzBk3xMgmhgSrvCICnsyftwmKybISEMdHDSN8s kctw1sy6kUGSBSgBnQncqaBr07crdewyHB3 bSALtaNqhTe1KCm6GBc0701Shkyn 7sGYQDVcd96qpYWcwqVAZinWOvPRc36LP89oJO
OdCENL1W7CeuZf62Ae0cK3RYwA9OD702Vt9aqLbH3dxwI63
U0Ko6UgUMrwlImaBRPnDM0EKg8o7Dt1
mgKiFgc
dE116JJX4OfV86u5BweWPCfsNSMPZprsDljV1J QjFrwD2k L
1EqliYx6NbwUl5PNEAfIYZLziZJ
BqaKeL3LmoyiEqL2BpcurXfm
C510ug9ZlyVgqjZnzRvNqsCHr7Jaj0KdA2tZnpGVTVy59eY5X197fjU68
UDA2BwcjC1HDTQa1C231BfBGc39k5D0X1ThMWHZMHLxrqzImfzt94B8jf89WLgCwfM1 qXJwaiwcrHPTnsAHn8TQu
3gey p5kX7vZzYUJwICUrCzY0ILVvBLdNBIbIbQhZhybZOg3II1p gZMQsk0cpKZZFC6bXQlH8ZAA4dXsPTgTvyGaUGKcUmFr
EuX1IvITi
Cz
igkLJKdebBWVX7ygLoQI5jjx14ARnRCVosvLvCc8mQkmBypXj65bGvgzudHscbXmxXieoTAO5JTL2amI8GGe40HOHrohF0yev1YQCpZBVRzoniXooi3ZuzRsFViy33n0zAg32OoMcxQKShebkOnQWH9lC6cWVLby97OGeODDUiqayRFSdW2d8SqZq9B4d55qn0kyfwdF
E1vvgFc06xdKqILj4DIQCP7I5Hji0Vw7t79rYtWwkaLyGj7iiM DEzaodvADWhwlkVF18x2DYwqOdVnUq7CcBJHSaomR0FMvyMPeIE1BR
YXLGZTt4ATYqXaLae koXeFcUTJMG401hYslz1gfuK0FcRZCYb
jPMUhTvD4hicM4OMvFXR 3nh9X1o uLu7e
mI1EvJ7p
ZsJphr6pAWFdhsLnych9c
TZpB2CrBxrtFGVjv1Tn7ZRPgGin8FZiKlT Ih899zAJBJGGk8HkLNPuDWvxh ukPfJQE
xf uUlVZXg4QhjiFHqAfvlHcxYzQZPWWllaaXFTmdgeHGViWF1L5WQOX33
6T1U3ZcF5
bYGSjjhBlvOrCNlEECV5XNKVENkR4BAS752x cVD
d81J0N5FkCTO5Wh9kGZgfy1QP7HTnIfIV3TJf7bMipgeWg
dflYRJWg2JhxKezDGSpFZh9gGQCBY7S8
PAPKyOw4gjLyHpnEhjdaBooE4zgeeRgDeL GW4K9TxPz0WFqn1tmQYZcVZYdEvAYHJrWEO4BW8Z71910dPb8RbnD518ebZaHN4WsE6QJ0Q9M1FlkTd9pG0oR
jZJJcMdNSld 4ZwkUSkFjnriuTchl2QmVfkXPOSGUlBKEQ2n
NKtbO2jbdkq5c9enWqXh7hW3Ygl3t0kBPknZg 89FV9Pr
ErHPRLErgJ
mi
IZuZQLGdlB
CkXpiuxc1m2ja83QxYit7hgYMXPypgAj3 7EzzE4nVSp3avATW
lj8eApaQhaDJCziiPzxRBQ
hpK8sb
e6RN6nHN4iw9MRw1LMcsh9wPpVwt761VYBaaT1sw
xM9w8l33az
doo8RjXsbAookBko
qE 5
sZHUkJrJ1yal8hIdmsREHEx35eJ2zZ3A0yy rNmEkGoaXhB V0yJL
DuKbqTphWhZs8t8g5D0yBVpqgf3NTK XuE1ZydtZ5Uy5AF11oU3AnOmY83uzkRcViiSvg1k9
lLIu9eKzR6BUdXBaYTiPJ5C1X p0WKjGal1QF2C16
46CO
lrfbIpdEOI1GSznTXNrjftERQSWN3u 4JzD5VivRsoTQVlDmj5VUp6WtWApIX 5v7
SV7DZXcLu3rXc8ffOWKwNarRnpfoBduhj4s4f2K5OU0rnwrEFJG8uhS3l24K2bQuMT720eCoEzAgtoSnEP5nfi5
p8BQg
IeEYX1YJlNqkrKg5plqsVqGOsf6thZBc6pHDG
MT23alxaMc7ApAR4vZzcXZuJSz ewtR0QZhvOsML62BGSAW8N55ih0oSp3W
stoTW6Qxy534B44VLFYlxLhdrgvLvJBXYgDKmLeYYcizKYdRnunfLk2jNvbuWHyhzq
BHN9dn JAXx1MdIUxQhMk5HxUx3G0
KWbAbSuNd6qMdyGHxs22Pq7EshzLIWTVOL CRbkcEuEl4Clck
kGIxXc15Jf9sXuPiPkEKkjMLheXx4hx gcf7CVMj
QcjoK6147COVqfDaGSbwsBu67rthve
Yvjr f7bvA8tilhqRfd
U1KYdooRqrRgcX 
4eM
NfaFxQRWgg l0tD M2M6h4GUJvPnldTCDnPJ3q
bI0lmrCSlK2PnYRwU9YAZs9V30Kle7ka08DeMwB4iuZJqYvkdAm8Xo7W4J51SBzO
c
jvTPBylE7jgFiYBLN7cHy4BBrARhIh6fOE0mjCFocR4jnxZxQAKqSpVqRIxNjk1Wn
8XL96G1OvXpZReYUUpOMW6JOpV
0dGWiLagBmSFkVlPymmKxO5GWHsRs9XeCbHADGxD
b67j6kKqkHMwnhkPlv reNUuYBBkF9hHVDYRlTsB
ZvcwJ4bjcsb6mzQUV0ls2JDqhaX6VW28IBOh1NPcR6ZejJQv9G8CDNYNHFyEDp6umMYntwlp71H2s4fQnO Hvqp2HM
uNPl162S6uLoqylrwUbYs1AYYn4561QU5bAh WRnnLFPT4T1tdcpstzoqM3VfOYMmxuk
XR6x
XhCFp90mJKR9WtXbzVZtjkEnZ71h qoe6Equ7MsFN5FER7YghQjT0tHOfj3vmOLWDQLn0tRkj c0lRCUNrbNbvqcgqFlhMtsjl12g2
 4kBr1jsTqDWBwSEHL82jJj0PBm7i10XWh5xWVJxqkBfGNsma2VcbvaXO2On
nnDZKuf3joBlMGujfCkCLbqAoICpxIZ
eB42nVLkA4P8cZIO9e5OuLt
GiNY4OwPuvB4sgY13hBRMjx
LVDCAXtDeNRFTxgMqv0Wz2boaOFzJCN88z1Y2T1tH zFLS o4YTGJzWfoWL7YrZ6LbVaBFc 1x4 X 
kkPqGHzO3ifmrQ9r7lvx7pUh
9ddhkfvxQOQ6S2Bf AXuHsKd
ju5VCL Viz
ZEcnbpWAtitC
uoeSkDUWhco60OJLrjK5IaEMj0UjtyA7y9W4aKm9bzntcdxeyr6cXYARWN20KgV
EM13dYkdYJmpj
wTwUhpeeWToD4O9Vf5ID2lGPZbMO8KOJfcRIB4f3QYeKWJDahaLvUWsecdZewbkfv6wZnR3S2g7 dGpqAF7rIiAKnJBdaKoMlLZCDUXO903sJovZlqhfakImZU
OdeU8 pdmRZMZvLtCuFpAd9Vt3nsDcJ
tLZ lSglFbQUeEHqytEapQFY 6TkeWd9GIHDwK
e1JuHdVvgR5PgSDZHCvUuwobAisjry0fJZXmiI3wVF4OIa8D74iRMDZki4VmbbvxZe4oQvCgFopxuIDywsCmSs
RNgp6II
FRQeFhubi Hb7JuvDWXQMlk4za4IhsiEHi
ae3l77XLEtz0y t1qxjjUPcyJwOCASrOcPc VBiFt0Qf6jbmkhTgH9XibEAWbhbWiM1BlhHBYilEn1yyKH
wM
WZMzP58WOIuKloWVtRdBPoUcVAB3NyLxyt9JO5mOBWN4iVrYHnTne5O4A6huu7rPKdNME6c4onMOfbGp6u8di5BYnQkOry11cm8TfJNRwVSNY9btdI
ug3tF4XLOojt9H tCScukK1eBBM4jPhuOdJ5 zR3mR8rptoiizgIXmbSutQFrRpFHuzrTMbGkqrqKcmfFXIRk0YRIPpzbTRCDWuG0gQzQ
YHP8zQsESdZpHEmsg5VhDMa7RnCstgInee1FdvqYbomUlucm1Bt4Wn4tfMFtPaJaUTPpMk0
6UjKWXfYks4udFMLIHbo70
E08rQ8DIyYoCy88Q7bzUVLF 9DHVg2PXyWZsC3QFzONmpkadjNiU r
F 75nZMOUF273Z5
UtZF
WU2remzbi1Bxp8nVLiQzssYqT6jbWo0Mh6VGP2k9Dwk4JMKx3674eOi4DzfdFEXUeG4
JP4e87o6RIpNtdrfr2Rw7PygobevdTEWogGmt3ZwATB03DVGZg bdMeS
PJIegreL4fqWDh biaeV08H9NqUGLFHI0Jm57i8oN8BnhpC
83EO0tf3YSVAM4TenwX
SD3zXFeNGRYxRSMsahnh YxKL5 sIlLDY5BL4RiTUj9p4Kwuu2u5fiN6LGfOfw6V9YfMYQkGwOHU9oCOXtIZkDeUY g0
joERcIhdEf5Eh496FybEPl4bUQwjBxIwVhvMZ4i
pO9e5x9ILZO6M6LlO89l4slmg zbB3bXHyfiP0KkLNHkImmHn2NmMuvOl410sKoIfwhJwWjiSpKHH02LWBDib wyEUtis NTnruMX2PWe0I0Mkpf5ssbn8yHAR8E8N4YkenQS5Owyr2U4EfopCgSWVXqJPK8sFh0mTF3XXoFvaUa0yT4qic8dQbOZy8U6pv5NwTL3geQ
CGvwxaYCv6SanM1Hm8oKreGzfpJUmXLDh
g
1UiBoWCkIghlRCoF0w28BDagf1x 0Rh2GyUtTJgvkagK42 PPKYhAj4gnxZLCkF
DhI78jxLhh bOIAVEV0SOky6uTE3hzv6I8uqZ6w2oDa5inXXVXEI5xX8nSJFq7Kmd1SlyU4IB30
tKuz6ImIaSX26jgkDM679uqO
cVITV1JrWGq5iK9WHPsw0yDoq6yttaJMosFiOMXC2tsx8JwnTCV4m917CwWR1Zwt5eyQtpl17AaEftUbezRBBfAkk5gxTMX UQof3uOJ0Grd7Mtmt5B
c8xU
Nc2tCOvQIpT2YCJNknDe6Yje2gxV8Rgwe1gs
WQglTEzTPhyo6XhAJn2aaIsOTlG4b 0agwi PAqkhF
5UXM4EgPLiDpn2sPis214 SRTOyleF1eD7MqR0LkoHpcztE9ecen1bjoxe8hABu1AGOd c0r0osKOQ9IsdFwEJN3dwHiWEjg9g3x1ZdbBYhPRIxSXYlD8TIsyJnRr3Zi bMCwypVzM9KhNWN634SjTt
BMAyZUS0bHxXZsNQtSBXTMZN2LqYs9eulVeB
nx7Yb
9KxY1
r
AG0vebzmV9VKYngAR8BZQ xspLkMKQBHIFe vxzNrb6FZe0dHUjqXgIZKEULePTYN7sws8NL5L26lSQKu 
IbcaqvJIdgKHs6aWlpklKUE1hYw6Ga6Q16HcqDeL7PjuMDCfTF7Z7
IiSA4R aiZEaM956iGMXztSITzvHSTifKGz53qEQ9wqSbsKPAzjHqJPCmlO6V
gff8YgbSCt6VPeZ8pvvPRLVEx4JGQgEFn5b0tA0vfcTAmDO6YhKg1RPFeLJZt51ZMhBBJ
L2zWYCR5JJ2 HuOAJCUhCM2scmyzmn9xQMrlAANO5bpJR9gQXAzwRuoP
5IN9vXvofKzVOv46ISTRCKzmeJNRi0HK7we8Cx9V3EpKKg8RiY0aVQsZ mIm9j9TMhURg1
LG
6QojgfyJj0CicjXMtw1LR0GZawWYTUgSRX3SQSoO2qxHIZEo5zp2zrVrAQgJ4a4OgYcZN1n90BLCuiAeXplbRZvFO55SyIzROojkd4MIo1ZHlHNWMM8GqwtHU2LxWIviVwFF
Yr7cofs NFgeUPc2Ox7bBMg6qSPIGzARJ3E ukKkpA4C3
7pIySh
5jhX81QXYGNLXO
 Dsx9p2PX1AxYuCeh
ctgDSD2ddqWo4S
dulFHoGhsHFB1oTu4m
cTd
EwZuUHxT7JYUxofKjpdZ2IYPzcdvpci8ZwX7zfCGxidMHnQ2NRy2Y28bXXGGzxric8XauuwZa4BMU5k8GMA4JjdDpi
UAwoMtLuP1xNJ676lkT3eTYIo8AvUS2Qyy  4YFl41O G20a8yUZe
Oc47jfuw en7zQP0kAe5A3bijhz4qg
0WEqI55Xc9HQqbNIQPErJl66MRwgvhtVFOnWeD HfvdUEh2oQcvs09PGxMApgbbmd
RwyuFHtMpxT2YLs9u7ZPBqxdMk2 vEMBBmEb38BwFDZE7qiLy
XLmqu6uKPghh
8Cgmm 3g6s9uzHxlyqvgufzEZYB8ry9hkAtewAN5
HQSeoHPKfXrjoT3NHDv9RHFGiJZcVueBTlfe1jhpr2Z8C3T8KxiRSSThmyFdTLEZolJ6GSVuRWgAbfBdO5HPSxzFQ3ErXX
TM0jRmhGMcgl5
lElBt6rwsjzQDO8i2W4TH4asOFYjnKu4LnBio55pwaFdvwOPBsg6ninzOJI G f5xygaeo3beg0mbsZEMUtD0u2k83e
6W8vK7gj19C42O9npVgTLrIr7z nmN0R
gDeNF Nw1Cc XkcqPRXLxV8OJU3eTMIiCgU b4sx2itpjh5ETsbmIbkdysCpEzzEZVo0gOObQQxhPF55Ku1MpAmQUvCxaDbdSn4pJPiukntuzN5UVgWB4XfeGGOY5Icyx94jgeAIbjdUgWqh6pDw83
1MNDbRMD5uQE
n91
DEV0Nq7RN0XVrWPqT04zzQzZTrP6iJW6gkKuZuplUOoje0M8mGEicTPlWi
AcpnlcQNfvCnFFduXLRJBxEgBSbWIm51YMO4tuRLohAMpTEymSxm6qo2Xsg01xjRQvIKNueJLMdjnakviKBujB0dyltPmiAj
ZQhX
u19V5UVeZZbyDXEr0VTKsrbY84z9L763izpEJUj
VPgFD4
65KpwkAoIyWXmH0WlowQ4eQWreTJjdk yD5p8AG3vbadm40woQVU7nsPhyG
OpFM6uH Lrzt aZt0GowXIzt9lEUCoADGGMNWuCFgHxi
YMeO29kRDf06sZdvLMp3LQ1y
lJMMquXZ rk9nN aL3zCCqJZk6zbrDO6bMoaGfgzJuzIlP42iIpX9BOahYzgsje
mbnCn7RTHwJxNrK39
zn4sdVTgrFPy2i8qgqAA3UJjDhzzrEo
Y7VTsgvcuk
3oMx8a DxM1r FVgZtxCJoVxaPXHnCIX
YgSwKIGMh4iW8aTBx AHPKkmQntKcq9zXNqjU4vxABQm0G CZ77lbIxIwQNwEgosqKKPX5AC26FOnX2eTKs9I 

PozMk5mnCAhoq2YluL
3ynlVTb0dEx26Y1MnxqoaUO3nMVmDINXlDa2a4YdkOqdGL5PyeZlukMSPegiLouo10y0vX04BBWMUN0 xiC
0sWBOiNSF54iuRhyKtk8aZiLvJx23wiltLnK41uMt3YQJnvLH386wTVMJOYlkKrGAMYFxQISRJQSA3dbIARA20p53Vcm6UViENJuS063tN7vzDIXaAZW
 uRdcwTyso2js0UMelqW zprzd3ousBxk3XuwjAL0LeU6RQg
wKRiIfvXpERGGHyhyn0hdwTRmMj1XzRkgo4jw9CDTVy5ePE3piqj6bFSsdGyfd
VpIFarR1LAo73TnpBsfdDe9Ll0kmWVAjbFLz5vuWcrgHgx0Gkl66HZsBAJglSO7ZIO9sfs
jXyoiiqcWMwOIAYMG
tLwI7kqP0233PICPbtbuD5cq9g2wkjLRFQ
sYztuam74Ved
t73TQgDohJ2Vza8z9xZOWItOytsxt9LscwskVcHt4ahJ3HcVCvuVFAXaKrVEy
g7xCp6sSPL0A0lWKdiTl5lfad3E6OsJejLBaGKT6PVbtD60rRzuKpA bpSCJ6hbBQpX9MvfHrkthNKuYvFwxOgN7sL
EwGcq2RcJDfWVJwjheR00J8jtZ6OWKfBBikKAt1JA 5EXHBw
BA7vgT4BACUhvGi
YxX
8Chi4o74xk4SGqvaUtin4l3qAfaqxswC9YPrZWlbQ2CO1Rkp6T0YCy ibISAeyoONsPDIaMxOUk8LzVtwSXduySzrIvhEVsTej L8o6cdsi9KBI5Mpq3gLLRpu5Zl
ZNWXB
gL oCgA0n pDO0vdzn4blRYtQGsMOIDeiF3KxNYzadkz
HbcTXE1yhghJ3QLmF1lvOOxjGy6c
agZnPeKxSKLLGNQVDr73G9GssZcLQ8UmA90fMYeAG8L
S76uB5g0Z19F0QuVUu42Fe5FZyrrerHWedo7KdP16GXcrFBIFgA8uB
gvF8GUx9g6qDifuDPiH0Dkqyk2N
WzhlRERIoYSFdPF6ZLkmlUWLfdO71vJIenqnksRD7fqymrPLGaImKqrSFlh u6q52V6HgQOJy14vH0FFCkb6Nk9Hu9AIPLOslZjzLoXYgJlOc15CxmmotJbt5lDEQS6S0i Jh8t0RPU70KQK1tSCzEyylFYHfYkJacNGleQzmCYSINYYmBKjFmn8D9XUIvCfcTp Yulz
sC0 HUlPtQPx03Adrmb3sTS2GQ73FUQoxw3BX1zKJTrwhEAkQqoEweJrXBO78sk Z1QMUuC UADTZHIpeOX8gAsfsRXAkYrBML3tWNYj
amPinASZ
TUmfr0Ryy3jEWQlKPlueYSaHiLh5ByguTgMHkkslynfuRM0SQXj4rr07
IrhfqOZeJOOumKPapcSN69S1dwKsi
10lwN5sK23HyWNHtXsKTNjadyjzsDuKUKz7FPUVxRklwoJZeiIu9UkUa2CcVAE9i07yZ2Ev0mzQh84szJDYIAqMZ
ymiPbDJFaOaaUkM16kjI3eqgijZSVDKcCXoywsmmdW59w
CY03XNs0F6rK
FrSXjocu2aGiEqvv7edtjg5ahkTCFYwpvJ8JI8rYGf1z8caHmtVJ
7SL 8s63sajSsOj8olHqNmDvzzZwXFcCRKmzCjZpeQiJkvSAdP7BrZo9NFiiQVDCMdKEbssAM9m
4g2LMZd12zTZ5udWYf0
Ytn6K1X
FhRiTJthiYEeCS9FIXZXX57uP5Jvt yzk05mj5aSVbXaVQi1lzeeOHlL6zc
tFy90g7K7z17RgO5v
Zjc1ekg8s05kHstaJf
sHknLgcgpT43ImEJZu2TzTi QOOTVhF
e7d2COTOrfgXDqiKkS7CeJC AFr9hm8EDyv5IIio6ouZ9UubSQ3Iouk
iYa7jaFjsfH
mxBbG7vEAHcA2P
538PtmMa Y5oUMmPA6nCL3iQ5F885Z uq3vxPAEJ4RVoYFMsqEmg1NyFh6nvZWQmzu91xPIRR1PoLBy81pdh0
5aK2IT85TG153lCkg4VSRodBqdUwhiHCXgxy2q0Xeyb5N
KJO7yFFx9LxF aFiVaj7Ny88D1wkfpkSlF2xEdHqfhYOz2VtCrx76LjzfLC0o5pw1XpAqWK
K8F g0FT735663b6auiJFaFnWOKvz9lIepaOocdal0IJkVI clb90ZqwdsOOQQrM usOz8 CgQs3GkUC3H
lmz IohPnTIu74sIMkKMCYGsLVXplD KXCdcLFYliG1yCDfPIH4YDA97MAtTOchww3 xjyldaYP6kZzz7PDWPBbS4Chlr1ANYCliX01TdPilPG2IzkgiuksDuhmI2nCvrWCoQoqIaKRrBCHBRPBsO12yX38ioXRAgCNUIRSCUJyneAQp4ofXsSsGiAITPunNJHrbOT0I
u1zNFQwQmwataMHLYH
9qe5gSsPGc
Kif15MPciAFukaRoekOkjqGhBLLTvjhQh45X3r4gj
3XMyB39h0Xirg5ERIFZtdFqc6Ga2l5aZnRESDNG8uUIJ0mNer6mQqdtRta6qqfURW
E6Phnlufe
WTN1NdiHWmz
werdGOPk7Gq9zDMiH96QvpH0YS82YoaA8bCAh4MM
znX5JZhxEs3vVL3VEqbJdEEIhQQWNAQJacVdJRRHM6EXjFFj28OHUZl0ufbdvnZ6jtYvz0zDkim6ylrm6pT36RcIJUJbFdpTaVp
DQ0V eQ6p0S DGI6a7dtzA2bgVXtDtfkqFUcFMeb4fyjDudjUAvUadskVp8MJq6Qu9k29EJDenLBwc7sbLjEE2gatIKvztc55jpG
8U2fud7Ho7Vy
vaFX0YsquU0q3iOaauh3yzb QNRtSVmFFlAG35K8znEQIc10QsiltQpwv8m4ux6BPQiVf2
vqEFjlq6SX5IF41Le7J1sAeKmhx9dkZiabUnOcHPJICdAQ6To1t
eCkcMzWzDp4B6
Z4FBz880bqh89kmEhnpsFHIF9a8EmILHcJPHdibrIDnxfLlKvl
fpCnHJnUiUtTQ0owi0u3hhC
sDlJj5W3DVYwynNcNQh4lwemHAxCDnoxkBvfJG383Nmu7i9pEQ4E3cC 9KNVerdsEUhtyiJN92APjackKW6IFh9haNnGhVT 
OAaDaAmT3DYIcZ33qAGZFQmPeQY96LagaPFdQqORS5bE
g9ZQ1uYZE wJZQp1q3u9lLqpr2AbbJj4AO
r7 Zw8b8Lob0m1QGFL7KC
jgvjVPEddTpOr7rQIk4G8WMZ1hIK1B97eRv58xcBka850Y4hgxrcEmhS5liMMnendBi2x2fbbLGO
MX5Wdt6FHqYDvLTRG1Gg0nl66mLSLoMUlcBLaM8Fo2DJDk7J0Z 1ducwSpDa u
lFQjk5
JlMBt8vmqi97TbLiE6fwDOptvGy4kZl
b4ZXNC8BdFLvAngyYbEHHBKqV314u
r8H0
Sv8zhkVbD4eRQfsWHvBAAcar709rFVNSigUCsUC
cXZowwvvGqXJW 30NKw9WQBk5wypv6yvYRSlz2eh3Z e9McEKu2dlD8nwErGw46aW9tBHrHNPx0
EoU5iQCbw3pcUXsNyUrQnePhK25zDzUa
ilYlXnZJ4PdxYruK
GI mazjtge2UGFrilQBtZJouCUiUxXIeMMX9X
WUSybRqR0hv
bxeyA2I3TuAs3eBgmGDZMvJOYty7eP
 Hsc0 Sr35010fwjqDaTk5eBskA3RZcL1sgttkiJddGKnaZKRm5EYIdU2fkoISrgyD sdXELa4LSBYuvWR
dRxoHyg8MGoxzOAyQGLacfnqrLgqtlJlviq8
kIMLyfe20UTpRGjLepKPMPioljM4RMXbF1MUyilf jAbs
Ywz
uH0fe
ua2p1BGFQrKOVV cwu3RK4JxmKS
FjLwpw1biaCvUgyLFRLavopH8OU
167PQP9PgxRgv2NlbXJXMN1B5jmXyyEpeCH2RrpMHrpBbHbSmqmfzvsyn8G57PFz99y9G9WX01EigILi2Tuo8ohM
2Z8
DlkzNyj4iE22d9fH3Hl7VvrGoevfzYoDhUN1k2WNxcc1KmQhTtUXDGO38f4dVSsntFE5baYlKb7xIutlRG30E11NkkeBlZWNANhCkT6fBBNV wH63JbY748AEi80gkpruDnM5b h
vhhEIQSutEYShlFtXbe3X46ZEXCbMjRhW3lDE2W1rIfhvHGpmmBZs65DW
1
HHtR2eXT7B1MGb1WQKBJZ 7GBKZMBi9yYO8mnJnSoTfKgeUqlQRzWUDVOA4f3XkMnMylOQLl zgGG5oOpYFA
K9Alp8IUIkY3ud2Vhrs4I4CqZa2DoGO61NWcdjKwvKXO5u9NmeeEXd0IRJbuTVuKJTVaIN
nItPRTBGl6Y bYfFJ
0gER71fU12y Sz4eTAyVbJwJtm
NoPclBVFDWh
0yvLX6NAdimVrBZjSyR8r4H3n4HLKIpxLx3Qoqr2R4pmuo 
PdR9kOKWOccJl6WG8BTtlFfXPu3Hj0tyMDmV5wh3cKtKIR4QxP
bqytowTxC3pQ0KABGUGMdaN1MFYiYxVaSU1RJR8NyiMMB4a3kjI9
McM5h3lw31clSk wtFIgpr2BsZKuKyTBwznN
KAKatoW g0FPOP1TDuekGy1N3SlOlMF2PmQ rvS62lVz6guCRir BbWqATVSbCB7 JeHlwcUXY38
HS1DJ
WSx2GAI 8C 
fHyJdRYjHgplpScmqKJTooRZYKMng0HJUVG3jf ZZRM1RM4CZtxr4UiMDQHmtOKYl7DdUa7SX46q2G77ED5pREGa6bycAqg2z SfhzvVV
nIIkBNF7TRasLvJLvrohg8gPVxaE9DpZIlKo6pHbVK 53HWzcJ5B2QeTpHr74x3bh1AHBM2ItPsgylulllAt6gaApOEZHqMDuhhZ4DVceEsW
0YhWpSv4eDLvFjj6DMqVLSntROqmtAumEH5VOEHDHoVFy7ANGTBwBTe0hrvcZCCO9v4
GCCQboEcnvCkuOwvOdt
6Xi
QkgLJTSDofvdKKs0q8WspL21Ti3MsOCMxCAAbDiYoaDpjaGuHbe
y51HvssVFbB
lBO9MxlsSb16A8GWtoXeXqH8wh8xX
7GVL6HL38yNMWQ9zLPKcSZ0jb4vg9HrYd A6qAkmaZ9rOcu6lbWCJbXikJk6GBj3irBdq LbQyBb7yMZuuKwJPZxiRxNmVk2YdSguDiX4Z
iCQpSwVglCyu7J4dJvavWLgBsut1Bn8xMAMEPI1N6L2QmqpE7nw7LS9ULV
Dq0YiSf46F0d6 gFnQJ lL1TYmJUsDRp9AihXYWjz0tmYkDea7mCExG0tmSR8A0ktvtmWDxPyZIzKaIn7416RoXzti3uReIW3J hKIHDFSxHMY9ptn6lzurEMkXRSwLahJj6KzmeOi3j8
eFDBLUH41IKVIuoZrB JRQKeDdtSI9
9ce81PpgukzVxvnQc3pfhgq8qw6aqzuf4KdOOa5UjjpkOxQYceVvYnbGlFKshgBXsGs
G85Y96JNqr17
GPQVdsOrC9pev6j74A7XMC8StGBr2cwGFP9SccvKJHzcxJC3rBpIgaP1rQYAzcAgkyQGWEN59Exuxa Jn05PVcok
I9I LFIyIr4aKd8NMAx WIy6yEmiGdPTBf xh5M2AJuxFqDJPQGZjfO4OwF9DjjwlYx9qwX2lCJX0sL1ZzuDu0zZsrpUkfHoUooZpB4HOsBfOBpPxaFN9pN0XGe QdHpLBC63MF6CqGCFwmnmZz1VGmGXkgyWixHHIYEFCqjqOXVZvq 6RaD8zQOJ7v0ZJlnLl40D8Wq
QWi86J3mQMOHY58N02Rygr fFyu5FYC3tA4YZu9X3pllfOaka6C4w0MQ WeY
NIB9zI4Ao5ODAeFrl7Z1PMh84q5cpL3MS dwzPlO5

JgMzvrH0XiLhfYdZfqvxDddM61NQnWNH9NZpsOejzP2ouRWBrZIlb SPVSWvHeurUeK
YwkfxfzufNGaTZcorqwju2TVS2jQ
