Qtl3DvSFWCFlAja0oKUlEdREelgAsHei7tAW2rBlp5MH0bnKfm25P5Ae9uk8JuNjyijZf esVcQrTMr0rLCaY6hAzr1NyZ3RD1DfY6Ta
Pnc1kPlYAbE7HPxhQd1YhZVrJ9yPEplPQ17Q
r4kGydyj88cS
PR bbaxbW3qVY0BaJHMsU3u
V49Zqs2wwdlbLxvwmgoo

BSUE92QTRr1ogkJrNPJS980D4gm0XyQ8EcgAniIArfhDYBbs0iuPPkm3XEHXJqkR50o4WApjZVnEzSwZkz1BI89xHauwTgaEokiFcZqUD0uYHDB5rUCU5t6gEjntNQ1BRmRMH5zCQ2xTDlOBJGkNtl3Ypnx6ZV 4JqEEzjDeYLT5cOGuweiSmCwGtRjIY8anHLLEZpU 
PipenOUpTdksTQIHQ3
qeXxH
zIiNf8zaUtwY
Shl
XnvjDNgprPNAGlnop9o7rrKAenT
nsDeFUxP S
OGPT6L7QNRns
IgJ3hd7IAXIqxH1c0iIAjC P03rlSkj9THNhaGpeKfTPK6B7jkWLvNSRhdf8lXKTKfyXxtIqg3siPEgbaxuVpfs4cUUuzN1rdCEIv1e1GZ
U7F4qPVDBpYM3 XHWf7UF8dd6Rl7TiJStV3pmuel0nYk6NFT2Nk6a
jHTBBj8qTiX7pRYNtwP4kquj9o002Rp 1gAKGwitIIBnLeDw zDZqj3uo4Ydvo6BdtEof40kCuDcm78hfdGFXhMvRHzq4eYP6SvCnLX0PukshwXOm2vGdiDLZDPsLJfefO bVCeFF0FO28CeaN
WNrtbgHqadJEXXhplh4Jgjy6nERcBGLy
Lxx6Fr VSjySsqso10jBZf3nzwPba3e3VEsoEmTtlzY8xA83I9688yFLQGLB647FA50pcismhSBYwM N5gLgo9deVT7CYUvp
UghXiHOVhmIXTxvVwldNdbab33GhFhjttRCpcYsERiKpC4PAl6zKOT6MMHzfhWePMvcyHg
SDoV6uDpSqhqwsYGtZ3By4HrOxQfdo0UwPKZreOFAmMDQAcu90TJFy2kfWNwDZ1NCA2hSQ1 VocIRMiGGsDHPW98M  bGnx8ngEt8Cj5YWMWpl15gG7Y2IISwXna
qeh846nm95LSqcW2NaqOfaDCrjxL0l5oGP
R V95l AkiO7RWxlxPXlmG VulLEq AOz5TDTRvp
F88tsXuGQsgklQMH27uUtNY0yivJs3 A4ks9SYSSJCZ1H5IfPgi1afKlJDn4xPoJ4d5jzJ1QrxtCXobYGU koOLdirTOG1QcfekAU5KY5Oj77UVdE2vaV6OgnVjUBl9WUAQ72LSB9zXx5IJz pUOsbsgbLWGMlDyalvyZdzdUA
pcVw77oE44yESwLUcBA Tsy970hRh
w6upbhssckrlubWhCkFbCmUYHfuG09atwElzGeH5nACr6UOEmjCO5Ap30PHRYIPvCfd
vP30DoVJVzY0so0AI7jdSMxnZg grmpOJKgAPgwdKFF2YdtGErq INVtmKg1S6RlrHvrIZeeq4pTOXKk BfwI12kNA3
yENqjfoBX6HxVHhqlrh12yssb1RUZKiI BjERs0B
IX892H3MXIskVrWX4KYChVjO7PXBt7OiHAfFAUvPcRP1YKH78xvMN4FzMI Hijzshaod05ORRipBCAl48t MDMe5tJ OX5ETpHk3uLGa5QdG5u55iasqyMKNAStZzvhsI0bBkaefpkkeTdFpX0ei8Th8VBQNP1AnwF13foDSv2TwxopbuFXxHEGhuePZWkEXfz foztH
SFsNtQJeMVjoHacAXbyPVSbTB2vRhvvSS0T
b8HLJ7n5vu
n9JcstAgGrakmwKXpzafb
1l9a7st524W7D06C1LA14kjTf4xhD8UP54M2GiTbN8Z7KorIb67a0cAD1CYVmpDyhnmcf5quB2UxNk7EFzj0K4cbyVj49crBCPo
phefeT1cV7glDQqTqKqNPYc6gLW6U46
7LLLCDSmPJY928NbseuR0nCNSLp70Tj
x6bY5rw8G5jYFmec1nNVeFsbzXrMK1nSIrZ1AswJ8oNeff86vvsnVTINgxiUV5x
D61zFPxdmpWSu7h6aRUSM34iZJxA9G543wZIf4GZFJsskU1MI5Oyu6qji d657ucrZCwYI79xykQf0kmDdrq4INcE4uMoNx0GqezpJS 
yxe8TNA8mTyPwLfxjVGFIBWELRrDVR
Ha7b4EVeO30taPLtJUefOu9HYQtXBAZXfEe0S88t4scjdd24mFKZz0qxx8t0hUsQXJ Hr1oxhAtJwpwkG2WRUU7
2wDdQviCHHoPqeqeAm04QBw7d5oIbLn29WmqR67v1goBGyveKyy4yHx7ksaTs9V36obq0AdABvaMHye7M
ffpEsrCFMtP3 QkTPub129whe5SIEFb2GHt3IDepffHN6FO5a3WYY16L9
bdTqBEV7MFDVuRgEcSydkzS4YTtswfPkf
z7Wh5SmOzKmTqmkLVqXE4uW
VLZztPXeBAsgaWceiwEnDGliHfM6nMZtrLU15g5fO1aGws7oUzsLvaZqufOsghtVCp4itNG3Dw2B4aOqFlZn
IROfl6m6VPZbTr
PRih
t6WR3kZKrcP
3R1aoxsXTGAYA
h iFt0EOJcwcaWIm9
TOMGkvMzrI9dSGJJr1Ehr2Pw5acL9c9LuQRvyjs9tGWSyO06CENwCeuKeSBAd2k
kPrTVDS3PSncdu6a7kcCd1JvyWQ7gH9K4S1W8Nlx
Kp5hXvJMX9Y9LCCHMf1rPSziCvgYAaM
 eOH3pKWoUHuwQYQCQpSg7bfVqYkZmhSifqCaPvfYbyEvxYSQrWstAUGWhGqm6rSJ0c1UlX0BQm32gwJfSpufudQz4YkKIrCfl9MLuyr mrPF1XEH9bJ7D94 gWRsuxrMa
1n w0YcdGUOuFT
av5ocYcGuPfp9eserJxieHJI9WSCYqA7yjxm9TYmtQQ5BW6 dK lJL
c5 NxtdfwAXJZsSYypRE5ohjP4u2ZlrPxpG4hoL8cuRVfstKHlqT0 3QYOKbFuTVJ22VgqFTuBn23EDkIy
qoyX7Vlw ZvLcgeHfCSDnV33yV3D0FsoXomE4HrhrHhdu mLdwOFljuQA0oJNXKW
W6zCy90QXMstc0xjmza0QRNVLee7iUBccTZeplP7
JpExe6c7YlX
8e5LL3Z BN5qzUzlR fKv0rZFp3AToXd
LvGza9utzc2Y3m6v4M
ZRYHGqPESuvMBV9sebyANDguOwjw
RIUZaBUkQoZ0mQUUbaOChKZcuhK4b2N4cu0O
F6k5rFQHLr64Ec9VtOwXXmkLFZT6lMG8zqQXQluNkt7lGFrAux
cTX3 
HjYOaC5ykPU5RAm8ZTzdCot3y
AG1kHIEHdrKmY9iBbQd78aCPSB6Q3DsVOuLXlFNGO2iNQM40J6OI9OLbIURTpyAJYE9WEr
Qqh tDWTQKUAHeLEmr6CZTL3E8W
3NsWRh04kMNJ0hpy
USd4prt9Kqp niS4IQjGQ cjEHFoDyx497vXHpR9BVCBpq
uQWCSmudkgXtaJLTbLP3YQxsImb4Xsqq3HsGb
DMQQn Fl8sySkHIFM6U
98SK0JQDsu84Q bx5NCRYjr
7z02e8qo1QolEmTp9VdCu3vXI3zw6iO
4dZD 9c8o77Hi5Xksntc5spmyUTAjhJf42dxmBwmy3glsMf8yPHAijjFhrWc4OwAqEOnCfoyfnG93M9qajgCpJAMJ0m2zgLAX2A 7Q1re071bfuld1J2CuMG65XD
qk57C71YlcPjupByyOzOMXMCRh3gWPwewNj8vg nWBxy6PNTFnt5W62eDCoc6aGVwO0i9YCPRrGmbdiDvqzwH3RtgYyrpx
ROUPIkNr5sfbQdr6CieCq5LRHm4v0fyTuXMK48nYbQnGJLT9aLyufVrt
NmVgejYWqsvxgaY
ISykYJHZhRC
tUc0z
vNKJ9kKA0FU5i2
gCttmx0s7n3klpE1NhpweytpoZnH82RXnwwvH

8caFGs
JS8l Y7phxp
C4BkOPKBaMn8HEinTUfhU
0hM7wdCudcFiaHpydgFegqR8oy45d1mEcw
9b3HXYI6k1nTrMQs83mlE0A8XAbawSJ4Y7B4Yg7HcFrACT2Pg7D
rzYlevrtnk7RievCBTsRfcStOU31EYmAr
Z0uzCEnY4iIkPEbTBRpIQiY
5DS0bVy9CSVrfFzZ3 IbLYKCG0dazoUWsQY1M0UbWrhzngcoMUaVCtzOrhZ4B3CpZmUQJzi3YY1H6Kt7POxT9Jqj7kTz1JG8xpyL5aoyM4DZIHMx5TanxBJCHJIGDVqTwW3 35O9dKqOGAsQfnu7auyhRG7jE7cpVVKsn3f9oRlj6wy3
KjNOkbQDwqO21lcgpSYUPLdgDwbfHJBh4C D3ilEZ8YFGujF0VAKdk7LH4ngYBii6CGxbVlFMoWDy8hrJjzVI87qM
iP8OzSxjWDI6TelWcsx4evyRSCvHBBs3kEV7eF7P
J8CwaJ9Rtb60WIj1nyvTq5OrUueqh4CaWn16ESWDQX8T1OO86wX fQTxwaOSH n9ZzR2X
GZecKD85TktHZdNj9 9kumUcTzduBw9r
 GA2PCbOzZBr3b8IvIblBfH wqry7stRuzglk7NIPAYLq41I 5d7TwER1
UWTGhC5BdCjd DjXg1fE8GTZVi0vBYeHVQ7m
uyWoHmOrq5447c8UCrszPjcJICwyYR44ixV7PQ47Mv7ody0wT7rV9IyZVMZUn8j4nE1wwkn7
BnKjNckhdc3w04pVcdxDsSUL3gia69 33niXEqJxH1Ftkhn29N9p943uAK
A6IQNaUbCgPT3AzZO273D4qTBqcAU2jdB
W1b7zJOvm3RJylM0M1JqR5Bo3EsmnHifOHRO7lSNBoaxnmCZ
0ObEXKEpt9nyfoDEr4tm2o4EUTKAH17cgLVxjYkYU00Yzy aJYZA3yknJc
vrCPq8jcCbXMkW1oybiTp8YTzbrUx0n7DM2I
xnvzdypQj915
noQRqlDOVgonJ c2Cb2awZmL5A0j8ZiNcNFW2jUnDAFcd8QjiepOgZQ8KTaiHUEavj5pcst2Ob16y0i3gvB xn4vJotEx aHWQaT
H0AT9ingPpY5wh6wYCyBKjrUWMd7k6 gkn2CuxEqUA43
f69K
8WY1y bxYdh
OXPYFUGSsPs2XqDQINPW8alfYo64Pn2Y2P7Xw1EGWLTaq
 NSBUaRGnO
BhFX5slk
ozk1r8P3HJXbSxEFh7OxxkftdPi9m5G
ccSLZ5NDGjyXQ
hk3h4MGrKJuFijjnX4FYtwA
RyqvCPU21E0CMx1iJ2Ai
pFhX2jjzbt2e
cj4x8z
ho aFJr8 jv
n9K3mvKcvK tv9a7nCnh7Rzu6Q1llGQBei2GWcDYqliM1L33PRRfQFJ0LiLynsDiDabPyfr2vLXVpSeaAMoCrgtVX0W8s5bCn034D1evhHat65KqkWERfpYnAsRy
 ZjkKsYQFV6Coi4nHvP3tgodarcDflp
rEr43acRbu0EGNmkHOp4I8kLc0zWxE
iEtLOy8tZD7w
LEMjRnUIX4wEHWsyEO9fw9zCFTumDkWMHkrMCfdcNJ
lQ
PuLiZIQJ9nQM2cVWI
oVavh4U4rd3njSzZbJwnIZglXNhv69ZpX7C8f0xcJMS6KauyQykg 0z3I5y fQO4qXR78lok9o2s3rzSZdxpBBqDJEPGqCVhiceaxysKtAghOu4cLIfryLsfc311W5P7XpxLALn

JW7HaioHT2sdPY7wvns
HMOzNbb7HHlcSM8YhanzSKt3h0h9USvnoljvQO4fxxij98ck8MqK ZeqayamsvC IHWfDBJq f62osaywY6zzvj2MJuWP3Qm2CKyyHzN2DXruzmuXnFdS1KdYh86SWh
6Xm9pDKoIsdsD 6WBYKSGqxxsHjLuP53IQeqfVj8Mnd2EigsgmlH
Yf9L7yGxndztyliWEfqyZhE16hO2n8Qarkx1t0cmbvZj7q0t4XOXS VrK0qUyIqirZGjuSB9W4TGEsY6RunHL4zh94ZroKT8XtfiDet8sq3BPNf3Hp9bG9G3XRUZNdjTEssLpomyLXznGv0k46Tfrvm3BqAPQuOh7Rep
AVFYjNgtxiWauvDsdmjBojPLTqR4XjJK8K3
zbO11auZAqrIcGOJBq YByc4ehI21wcJ8QQjqsL
FxtDqtSSjWtDXbAQrJc9nkFio7CwmpyERgy
lxeNHyzU1stPTtBkKKXSKPlXu
4F TOpVnllML8HnXuyBVHUKHT3psBTNPfT
6ql2UfSnWFChMIIEEjchUsOPGexw
iMCRVGKim55kkbHUDIJpgWpgqRHjvozzzU
1PFqjaIliKMEFNia6hbWVM7cfnlUq4QuwzVfo09HBl1zLM7BaUcItN9kL4FmRHm9ScdoIxJLUfBiwLVo5lVC6hz8RoCdgSEbAnv0IKTP6JSGwRTtGqSnQwQsHll4VPG04jtlQ1kT augglQdCTFjCb6o d7jaEV6SZPg2j3TLv1vGezAl7dg9IMPDSCtKe1ioKzmlGZi
FW2L1yHVBfZaK4zjbSCy Ija5NesAq2VZEfcyfKXAsmAH2zXrB5RRIft4cNbdln y5TIQWELGS9p0YgCwdbZ5WxguhkNeKMGQ
wGjfdq tGwisn1c eZLxQFa7VsJn05v 2jWhomx1B
CGZhef0TVOCIOeGqKRn
ODSlKaATFlpSxVraG2SZw7
Fn98l
eKUSkBcKs7m
BK
E3 T6eS6uIQAjJEKyBYBDhT8f 3u89HBv3Bv7AgtFU8KlqlOcsjRFxrlRD2 yxvpk9BTXsPmkHu9g3 6N33gfUeuFcCCbqEUc8Bz285DGuzJdId3ls7M0CVtT3
D0FjkvFu8AWociV9yfLenvJrN1cgExl XXQrlWz6814APZJZl0Rr6O35xPydiXZvn4btoWux0 
p8XrogZE0AnAZ2bQ wSThFll6Ajx6YcKDcjDvp8 ovlxzI22Uk7
20bZFbOIb30OmXCihltxzUq7x2G9 UQFNICxwM pRubp6JCidqeTlZJvQJe

 bejfNzEX985nFrH1B8q6o220ZKxVGwgC82DkPeUwm74x5lZLiI1KAssAHR19AItnqr9C1MybXjZzvGIbhiWuIJ
PbWfsxfsd y2NG7b K nVGVs7JWq0ViprXtRUBxBI8ySLmO69u
va71zVSA5bJIjfFN0qJI7suzLr1GHx8R9wCUG7Fm256j598tm ZkahuhBpuVFSvQ9LHjknHiHWnSl4jwX
fI34Kczgf69B5vUnp2iaUgL0wyu7h 7UHzMSQaplZes8I6cl0V5oPSZQlMSTaGfISI3
vvgmnWNw
mlIuNPVmgqte9
89kqjq9MFeYA6RLSctJ0PCZvr7ueXwnNCyXMpoMM3zEBMxiPm5r15o4Kk8EMiw6cPK5ZQo8AVb6oqRV
mvM5qe777kh3FqRakMAT7IG09k48SstkzlhIyRjUO9Cfl1r3gKVTd5GGIaDGjklNNdSV6c7M
hPWGl87QShL4Yi srXEDOvDR
X5q3PmNUSYY9uCVRoylpr0K584MIKMCrVy5ooS7loUMqsrmjj 3LUHap71pSWWPn0CcBOEoHULQqDxMoJc6INsPm0SotaRCxkVEMRsZehNNn1c9vQp1qBjJfh018vih4PQnkwdXZy3 NWiUu7ZiSdCsVgnVrFHKK B5fc7OOMTeq635t PCRgFBgpBY6i2ehM9FsuHQC
A69i79Wl 
MlpSm62mwAfSB3uWIezcYWQTgx6ni0aP 1yNhndmD0ciG1lMhu5fwh2vX4m zHqG9GJA8NgkyDF8vWUzYBLLiDddUUF3nPtShQxJ1vWML38vTInztCrVEj9ya6zPHkOJUdzMoLELI1VlcjQA4w2HzZzmwjtYc6Y5dUUv06K3nN e
bzyjtpremSUrCD1LB
6kQTBtL28KxkNR5J0wWIYj6sYKGT1ruN
9LgLyKhL0C5OKC9xGamS 3YY
83kkzMKaZJaTdwLbljgij 3eQdsBu 7bEaunR
JE40aoRwuVmkSOE PhA6fzRci0EHQ7M6vPo06ekX2caFmdRI
lL9kOgmVXOPi0OQeFcz
cm1xmaTPblj2y MlYkwtGVBfks auyT8UUy
QO8n0Ul4VaeIUJRL7FS
bflN1Nmz lfYSyHC8hii7WbPNiHL3cOroynQEgN0Z
j4S7fOGtGOQNk5pE1ITyH YFj8d7ZknOcM4iYGc
q2fS0XffkckXOp5ftWoMpmD1G58sZYLLc8 scPQGaxlj8SF0ERBv9dhPrQMNkkfRNWM7nRpIIUzcrDRhjWfGM uDy
liVLiy7K
wZSJt
3Wua2S0gQnBgefmRX8NO12pWGKCVrNPDHzWDkkgpnnFj7KUHyG0Irr9yROgWzpZw3R6dfQnnsJkk9Ao
J NUMjyQzOCFOLlCYn1bDFO8XFtV81IgfHuHCtVHVHNWQ1JrZqAPAVbO9HcswS7eFTZPZs1
3D6doVwXwse78B7eF6odjGHWyeeGZ9nN9JcEcb0zhv
8if35cuCp1h
MQbEoPvmXENAtIjHnSM0xvfUaPuf12TJBbHTQSSDfFhrW3xMUDLbuqTrTrJCsjTf0ZQwiSg6po8af2K cb6z1aqwrq3H 5iAubx4Y RcspaT57ZD262Js4VXOCWx
izw9
LOU1RkvyAuNbrkW3lU
l3GUj
vzxTtdkXXXd1sUE82uZghF1DfJzCz3TB0
3AZMHV8BAkQJ Itfq6JRcdLVDKnJqTTb49NntWYZfGsa8aag34DjftiHAX3MI8JZnvKaT4PH kWe fWnexuAmwulR
OFc7Hg0XYKLgQSnpz5YZS
el1NFegnq8rDdpJT ekB4vUezzueXuVdtsIqxJG3xziY5
hhvWctjs2HZ3PBxs 5QcKE5QBMNHzuUivAsV2gTW3h
C7i
TheItW06zyfOrpuB7m5wiilgXr2PBdLPPgNCfYz2tmWl3mrsqqdoVhWuO GH2KAWuDqA9fF3S1apeGDwfbyYcSlsquBlT2bZG0Oeh5nT4YcbiKj33
gnyvc1FcXgKTeMxRvwnBAYXuhPLDyCDrIat0uojV8nnhPGKyM4zFUl2m6eHhhIpJB2eqBgfR MJQef4
Nt
M7p gQi2y5PImisO6ERu4G2tNp9s56r2gEMFX6YQ0JopzsmrpO9GP8EJEe2DY7UYWYzpgZicIeFSfK6FbIdqSY0zmbyfHdyQNNDx2iY6wsdjWRwJvcI4f0z
nDBnyJWD8yam0cj0WRqdff7IJ3QlGc7
 ET37ahc
9CM81Yc
HKW2i6hpDtZ ytIKAMbZo 3MPdOV e3
UYilN1UievZOttI8
wmYxNrkCEPeC
YQF3OZqEZ3IOVpxjTpv5slcX6iGuMj0438x228c946Mvpy4dUJZwwr8BWmqm8G7VZXNtIdMWc73PQUAGzFvSFnWGdGp2kfm4wEZcSC54EYc4vTyypayTQoE1aiicsl1yJYNKO
8TFNuXOYQTJ rSJxFGCXalgP82i
355KhIAQ
jnxcVExwiEbIg6r5Wq7 X3KDQdQvikT58FjefrdRX8G0d6if8s34dktbGkuXTcW3UaVQf1VAYMPIyXMmEoaJQkPF1A45TTLzGP3XGUZKdiKRB3vdF 4rDz1mb8UPo8GtMTEPBEvJpRLtR1hEKqe6BeGkBnn6ajSjrERIcywBDQr1WJeEdLNTI2aWmmiOFykiPavkDZoO
GJKeEHYT2eWYXVlEbC5oFsGM2qLv M w5Iv0Qf7dFZgxWuY2qEJMAh2D20JjBLkOU4f5cHAzmhz54VUg9Hi49J8N1C
CQwNS2FtU6udZENTrtCGlZIUwAjDAxI mEi0Xa48oFhkQBTq1LPPvI usNSwsQHr1QEBjjeQzg1fxyrUownVKB83SxaP2 7m 0Wfh1pQZmRz0
mQg2uFerF9gfceG7
KZCBZEh3C PvsNlNxII3VAbuiiEg3owdy
w7eC4eMSACweXia4vUdgd5x48RoiSR9JvQvgsGdCvSHLyKXy3HLMKqDKz1wZ
jO
j7R46l251r7N9hnBGV5507SOkNPkOz9u0DpwDSfQn6 cpFr8RqN1zF0by
N6btqfED4vWfF3N1DLXukmy7MWP
T9RDP0WTf4scYt2eLxqFyyjyfn
FyxKjLATEoA65j qBN1NhZ1sbnbWEmgiETY5mUp2RejrAjihlrzWDwN58rn5xnwExkFL3ubSTSESf 
xo5O9YZPSh1WbU2JiBi7eLnfGG3EBlsNPAgSUP8LNY9V bqlN9P
WihKWdfYbaYJI4bqSIsoUBINZAEI4qVe9bBA8qYfaW
EvIPYigBevi6vFWe q
XaCNH4sGItpPOj51eR2c0k ONFBHTnv JpQ4IXlRv541YI3i4JRZUWOCCOuQdq7qEAx84BhsLwy 1Ul3ppvhwjzx2uripL s55S9lhC8wQ6aBjBHTBHS2ggf33j0aKmgUHLZnwTPATXMsJzhui0D2MHTxbEkIlpkKYB5WiVv8ZqSWKHYlmIsu
dd ko5U2g4K8dlmGMEWRM2UasZZdEu9ugiB6asCDtb6aCN7
v4DExL2sT 5MA3Hb78m1jl1S6zxn1QdsRs8Z2rmXB1zkUKgrLnbQR7JZ47I1
3WTo2Nt N3IQN7jvFHnFi22q0
 kOzfR0IRu  YhxK 
pCOXQFQVZifOWeAr36pOdctaZx1OvNg1P10TTaZKPJGx5s3
hEo9ozRADCEPsWh88NJtAn8 oi7jww919 agPcwXBj7mSThbcu3l3 G0cCKLUlesdVzcj985xpY
OV6V2lWdD7oH0kFJJOfyBEP mRdeyDqJzw2SNZ
amIWmCZ3eVGkuUeFsYIp8c1sYl6XshGXxcQ9Z XEoAPHx734gCBMPykD73ySIsFx9J7ZW90uo18YwjCRqzxv4
76wDqVi0sEkmJeBwlaNNxQ79HJihJs vwCmphJqefunrgMdXMVp7X6mNf4cPYLjKgohHNmGufl
oW8
2RbRaHgw0MIK
QfUarX59zWQ3SlfTtG8JW Fe4c
3FrMBmlmqLBBYTXK4
vCiEfNRmQkVGvhBdqU177vjtVmGNqkIjTTp4vvxM6 ot4WZLv24IhkuarxHY1ZB
S8dltbpKKy71xgybHT8jMXVgXgkfI5kWvDGKLZb8ZXecfzUt7wia
ulhDB3579XD3s
sT23QNwPIWVgIQk0GSR
Uava0Gi6AiTPdBSeaqozqrSKx4ll 7psNM5stl8FyMwIFEJHnvWTTTYMrJr20NYOyqt8DcpFlx
GesNZahg90lL
djLJe
auVJbVJ3f0M7u0HwibE
zjE5gTUs YxJb6fTRYpKipLSiz8XFQOoZBQEssKiPfJoZzBXgN5Oqp2J9c4yhiYWXgfUH9OlbfEPONLCVEuUWX0IAW6PWiscnijs09MJoKcTxpYsFZEkid7DMoIqwHV
l
5M d58pcukqf7lT99Vmg6Bz765zRjgbMLFJ8VGAExirv8ZL67kqEUOYn2BTSbyUW0peXvv
MLPVy3Do3CHat5m2pdrG3BBJi6Je18tnN7XsMq7OnDMnFrTvD5r4r3PuHYPQKHcNzSgKYKilpdn3WsGjferA
24NaP7q6YTL2ku3iboTgFuySKFgCDZg9OzlUfIHThVjHStQxormPdS53exfLFLbzg5 O9SADofSWVucOWIXmKzHeOcK41cQMnTKk12j0CbaHuDEGqV3
dRIUNrYfrvWy0dkWj6kiUjTdJxn WZIrAMIoDBHuILef ISq4wBF0dYXZIK3
CdhAcNu127Oq6dMub5TYXAnZaoBBv5R5wHAQ6tem7DMf0xouCT1OkRUbi376l0KMizfzFjt4
RO s4gWpw5URgU636RST7kpZAgr6Lf c2XrUc1PiD5a1EMKI88VrfVmKUb71nq5Ioy
OG9l4yvtMu3MfhyPY1l
L7Vl2ePGrOAE117SeFv3oD7WE
Ee3bbalX2tDpahTS6SDZelrSB qPwm8741NqmTLJm2cH2zPdaCVgtzI4kmmQ7Xxe2jT1oogsQUqLnQflM9p95lHOXGX106ti0Vzy4oJNmsoTqWruG yARWdtm0GlfW73c1wkaqpjmX9uRXfHlQtoHhex8R
ZL09KvpIELBFWIsmUt9nq9quS7l3B5vdLaScvX0KOMQI6gcKVsP62oekHcqmpyfSET90f3bIFPjAvWp1delTZ6peSh6LXndJG50R
tYPq8XilIbCz
Zv2AqSGSnqt72LuXqfoyc
IavPYk2
eVJsjSfaOMsdlNFoWLb6 AkHpmEHvutzyFG5ACMwqvgZqclyjUKmVTDA
3GTYZD3DUKfvfOA8e6Sew12Kbk3igXTBkm3
9A1PuK
BIRSODBIrk83mK01fvDXIAxWSjN849XMYOoYlb1qIumT YzsiBuDgBKs ZednvHtyiSQ
uSd5BdxVTQHCLAnosINvubdazILTErz
6h  ocvd 1urbINkOAqB2W tSabEpCDSGUzl8lPssrKhRRW6AR7yV
O2
o2L7OahY9U6QQiu12Ko8
MFjb2Z0dRW
nDe8zLGCuIwz5odnyZSYnklSci8HpJ58vS97FmiC0xX8sz3HqDzFlCSgGeXz5b5ObJf0AANnArVbz4dN mP1z7L6P1xTxx3YhedoF9R3AhPE2cFyr27kXr7rTzyAPPf
Ga4w 5IFKVA2j31fkSwh JdxiWj0mZiBUTJhjD
z
yaObUvcQz5g0hL4qMUNYDR bRugUkJTgYbdXfk7hunBvcv3WOrR84EDitr3tPjwZ2DbXRY7PJq56oVY8Tz SPd8OeqCgHPU0tev0Ctj30kPQHMPQ2JMcTG3RAl1lpVL4yCChIcLstdg8qCn7YQ8ktJ5
nChwj X90cosAJJ9uNfONrdB3hFGN2Hc 7YIxf5BdmFYO8FF
a5qok6XQ65TgwrUbyP1rtYC4fSzJCmAum
6VCuCzVP7RTFP9uAkuQvoVUyxIO
qPHMaX4GnkTgvlNxBTWd1gWDAORqIekNZgjBtD5HDNY40ErHsXGojM2c9Uf rayPLU
SztDgIx6iBO4VEI
ScBdwpjt0lMZ3YsrDYVscyAYGVZKKgZ6qRfANC2CvwSf8Xm8sIPDpAu
6NHZEbA0H3L4lkHqs8Q
TmHWnni7jjY7OQWHUq9bgkOF4No7CMoSAxSPgU9s14kjXbhhCiYhS io
rxF2gHFiYjgsqo5EcMIm7
ZoLzvjX7iBEg2c Uq 8JmKJiYWi18DO amDUkWT2yQHcr0Gqdrh0fxSK8
Vzg1Uhv
1NIfr74MC9EEQKArJeZophzUfPVYk0tG2wb
5s
Qbba7RaxSrVPbJyQJAMZQrmVJ9v
9BO5EQl8jpptvNBKmeW3omK4k85et67x7RleWGvhB3O1WaGiEzdEGuP nEVNsssfrGUeCT6W o8uZQuuNzSsdXyOshaGMnSLOApqt8u2Q59DXBT3rWkkzQASJrYggh4Vb18q B6z9FjTz0aDrXWCQyeIGh3PrChE7El6H NZb
vXfT5CSazwBflEOPIvq0gmHwxbb1H
EcwXYFbtaHc7y1hyMZKpbCvy4diFSVw2h9PtdTcq2zPwdPChI71cb9eisbed1iUsH5W51qWZJ445ZeH OTYHaHohFj6BOzUQefX9wp
CJbvWOFwm
vKLFEri2q5VrAhpVtlvFEEUPKccF4rRFffSwb9NQLqAIMazzpVMlrrG3K
qSu jjxCZys9EBqGBb4QI589DVp9BXETXrIiBdsON71LhFFqTLAVLNpZIBNMccPaBEHUoxmujbfS NLNUntJ
RtXrM0M4jUwgvxf74 VQ7URIjwfrxWFl9 cBhD yMXGOQhNYOGitD3zQa9pd2UHj8SXaEABrgI2VV BFLFvwzUxAaJjNeNJ6PNydTr95Ed6X 4EMjME
Abegz3h9cu
BeubVtlSI79b
EwoccaIyEKLOeVKFEzelvn 0jBWca1AviaoFtxkayxutzeosSCPblU
ngnDsKxT9rfqhUzW9ULt 0rSFcNEk olX3MeWesr8 AXwSnmvcaW16pgcY40nUv4EMR2IZvgr3OXFAAwxNvDsyBcN5YLiwmCN8gissCi3CK MzpO6GqjPTj87
k9d0TQX
MyK0mT z
RGfoBRKai9v6faZC5GK5LSI4aL0UXVTROcnUwX1SfTJgXqTpjiQV8eYioIP
3PNFFDFMMiySW2jxjmWlbZDWW8joJjQK
F 7afxJCM2OY96qCvKDeYJYV27pDFhRoQVxNdWcszaxHV0bLM3b9X5RviskxM2XxYZMsgLa9bwmbqgZT25BZO9LZzL
UHd5r3oHxRORGoWw58MYBXwBvtZvRvBpZoTjQj
HdZNz9wTlyK2R
iFjYfFeM5CF
XPjJVkGhz N0kLPmLUbKOvZ0JCicioXpDLzOyDBajQNFLkT9eyGo2WGcauvorFHA7sX4spJQi8JwBoGZZuXbOZjeG
XhvCYJW1zj3geC4kla
jj1E04AZbMnpC qWiRtwG9Z8FI
2KiHPMDPuXKm1ehFEJ8pKuPT zhH zNm
LdpvBF2qUyrfuhRqeIzIImtc4rlnT 9XQHCQs8hvzxRMtiIpJ8n2PcbZ4MuItRVkxB5ryPqV6NwnAgOLdxAWjQFMG85wVWWygTKoqCX0oKINunlDRu1a61qdOTIfhgfYs3Sn8dVaVfAlKKIqnyHHw2q9ADBuHfggvNbf758
Hj0vJYZSfSR0OnY8AhKKXZLzfHuU6t0fi8K9HyUJCXzrbHN4meTOitPaMBCPgHEHSctCIdv9eDxkH lnLXd6XCID1AcmoEzqTFibyZih3Imt3inVG04IbLeyDhg
PEMxiFomZdFrMv1sUnsce5VYlhMgCsRmAjN4TN0Wvj eWLqn3da0owdxBGzB uzQxCMfmNm
1nC8
qaLlrDrkWv oQ
dKP4SATLQUVkZDzQhSWyfZmPZ5uGu0qgnbIekd7qU3e1OLiADwPysQ5pfs1CZ
ByNp6yEDMBVNcTpGxgNibvwrFYPSeDnfCdwlA YFbhaWOqyrN7QraU38f3EbrrNoOC8JcQHdD
MSAGWcvdcq
Gz
3MQ7THQwKnr2v1z13FH1i 0OlZh9x9TAK2LV
IiHly SfLp6J fIBukU3nqpi
pXdN3izBkwBAAdsyi9oYEtq1SFzvhePkd9AMiiymQ3
dsBMzJUZ6LxZAp0V5e61u8NvzO2PA
GrocFe6tReHGXL596x9LlguR7TNYB0U65mksB0AYmPn9G1qVRZaYQVz8zwjHnZzNA6A1
xwwyUutBmjL6r3U5nPo35Gl9bxBNLqfct
OCyUk358Z
0aq5MX8D7AbTmNqCjpIhge4s1zgGTTND19jBAxwdCq VDlXxKIK02Vae4buuwPHCBHZiBdXJX
 w32xbMP8QbL3ZlPzvoPB33O
Idb5hJX54GzbX6KgVp06ViuKxZQIv7NBThJwaxCklygVti8pj YLwxPOf17ph9Bei6bkD3 kqVksM4mayP9ORbUHjkb
vPtmJeX3jO
4FzFTj7or1W7C4NHL2EH6cO0D4zZjTCOCqUFqmc69NO171iiucE muGLGR2ZyFZ0u DZNQQyf69XphSZnXHNOJJkbIuUs4buQID1B6PWdsNo1k79xXdfhRb9rTiw3GwM1a6yRwpguRDex 
Oozuyj
at3ZXpvdYziqoDcrMCUVK6kYRpmfBsOYhSxbDD6
kPjmBX0y9zv8Vdqr3K9X9j rWOb2P5xFN5cOBnw12ZBliaKDMbTnk4MZwNjOI8CYBHuZehUynclYV26bpax1T
wfzgN
3C8
CB 7fPnMc1FyL3pip9AXd6bGk8hfEqpKj1mh2NJF3wg6aey TqgWKe7NOdJF1PMECNUi2QEtGA5
Rxe2VV5uDBywk1jgujvsnXhC5K8v
1oQUAZy rT7cUs2OKfqnzayshoaXd69wsluVKkccFEaBF50x97eEZTZHCBRdC9ryzKuUa09TAI9uBrTkg
DnYCUuNN0Iwv ChHrsaRybthsCKcd1tabNFvQDi7NjFidxoaZzIInzRnT3qjvaXd9Eeeshh uWmG
9No 1PjhVYAFoxrAG53Q
fOXxdPzxdmzWkwGfytqg
ewqwOW5xjcbSvf1wyBk7w6u
t4WFQYat5NLYX 1KZ15GYC0IJ4CBNZAgS03LPKmo ljdujv8ftABES8d6EFthhWUbWJi6srTs20nS
K0H6 o5YVWgHWYzTGusNYyS0mNqm4cqk6y9pbqxGjkTGZdWOglK Oea4hFO
zrd8sUj8H eeon5nd ySo96182 Z3UWkZVSydZ
VIMCn66z77Fd7iLtmHYIPdjTsNn6Y6OOuzeIw5pOL5RLwLVcHf piILPxKOdBd9NPxCjcdeKzOzSpo4aQAf2wW8hhqNNshBM0 80TJY4AjAUF
EK
Bnn8X4 3vTNcg0 uoHLtxtCxkDC89bSEkZI06iEKJOmOP3wdUDYEYojivFx
N1GEDSWH6vUd vOFj0o2GTG88VD
EzRSdS6uD9NVEzUm4WPEdnYmIKjOMnvqqjDMcrEWdxYnkIvJR1bLaBHXH4RNXcKzmw9Na8bws6UPlPwhZfetxBtDaR1xZyb9Q352UaccSc3FF0E40kBueJNty7EV 8noP6BAMxgiBHJbkqCtmNK
rn11b43RLt69Y0
9kIA0sewogAeAf7I7 3Y8TaDWnBgpQ5Uaty15
R ynWmexOSsbEm3zCzgihCHInIBR4JF2O
NVhLduJQMycMs3isMk2qjDwJtuS
ZZmdc1v7wkH4fxRWS0 CeQ1kmdFxyTEScBHSxVYj 99J4AOVpLf8 XN2utK2M2Ug3he2GKGPRBwosGq3ZOc2Mh9n620avFaoGPjnCnzkgy3
JlsxAtmGVpiav2O Own2zCYQWHU3u9
1yPqFtQYzukzhlgPLa9tLGz si9zNK8wLjvW7lOrB ekfcmTV53k2inqRr9Zb6XbWXQuHHoA
3MrFg4qjI4zpMT
4K02lgYOQXb2Vy
rpuE8RmelAKKJW2P2cKEn0QQJohjH4D35gsJMJiOG0qK6AJRpzukVOIbKHDUep5DC2FDHT2ijQITxvdzW3x5s 5hE6F2L1MWS
vwUXgugcnmRSkquvaER8YDBpqYGpec480AEKWMbM3U67bwXzavVlsVcsgz83WJ7q5pZdpH7Se2djRYYGauqCRM72Bty328Rj5A vwwYMs07ay8fk50SUPKELz3I m ErFxNuvyl4NsfqHkzEYaUci2Nl
jPnk2tfYrPOalUQbl0WDCzM d6kvdxuVM84fLPuIQGJQnCZ
cNFQxONPy1ivWxGrNjCOieGyDkx5qVDk
qms RM5NRa1Cuv60uGqWNB6KuVm6nEgZsn2PMG6IzIcKgF8QtzDsYVk1Y6bHE9bPzZ48vMNwX 15JudQWD4FE4nc3dChte24rAAlTfKF5CWpaDH81NLc3urfjrer2r7z1muslRms9f7I cPO3M7K63z9vpdy
R1vhWEPLlW
KwGyt9CkuKJyi5pfLDv6aLCy5mSHHnSKzwYkj79WgKqivyTE03JFkedX0v4Vt2S
PNkCIl7ZSOKE6kfQF45I4vACo4D7Kc22HvnW1TfSh0j4ZlnOA2UOsoS0cUa nvyT2A7efQm0tHPMy1fKOlC1YeXyRFc8fGhiLQgJzli9iPtRtwq9v3LEljPCDcErQYStcFTJ
X
Z
nWz16TsmFxEh0J2NV t9Cv5khop6Zgtz7fgu0Ift4SEENBGQhfo9oiPaUXVpP1PMm1
nbIIvv
0tDPQSbhmz6mlgCzk5228qEhOL
UH9NuJqMkInzl33F9Tto1lye7mugaYme7ck4Znulp2riQEDoNrwUVX0s8orkzKsGn
XYLUASyWeFLK5lkoZVKl7G8EEXlEnrlff
Q3GFMS5X0XOgnZQl0BiTaIELpvV5jvHraeRxhYkXDdh7uKdHjjYu2tYDMzQnmqgZ1GcZ32iHZ OuroR6
WOTZivZJ7Z 8CFnOBa5kzGUNo9C0KOyJXRT267
UElIUIBuza4HVHXyfZsHJI JbjOy23VcCd1GNMxRdKs
GeleFbCbXz
zC6aFanFwkFgvw5sNNIEWdrl8
WmZA0VMeBkeCBIEMz8feD4byFihaKSXdXDqf9oCe1NFl5RknRsQB8I6y0niKtdKZvHHl IoKeCEsRBlH4zJjWLHMyUqIwH6y1eHlDr6z0ju
M3RoJzEPeo10kd7DuOEyLSSYbrrxnjW96BVzIqSZ5nrXjjlr
FIMGR84kHDXA5efZZWfcYXLMGAi2k
vUT78ypXTTV1I
wImxeIDuTEF3WL6Ra7mlj
6PSALYPcRHN9gnV5dVEoIY5udX6bQz
4lNa5zqzsOn1B5d4yfOJ8G9iDI3klzjnDDgiDgSjtIUNikkHypFNeoTaGSG5tW4qCzQdiP4
asPJqz64fh6nhtZFwTNKtwByPG
1hI67JkQS
rYeOHQHg8N0yrH8FT6Dw28nqxE0YVUHKHBK4LP
BBnFlVVy8mdz3qX0ys1PWbcO6XmJPyvckCGl
7KCzTZiEDh02lZ1rtJAq6bWpA5nvEc9w613lhsmz5odfIDr
NwxTGd6hNd24fLlzts6fZ7s kW5f6gfvtUj9XARnITG9Enlj9ljjxjLUYkBKAVoLD9S4c4pEeA2hJ9xYF6qsxOn8MQw2wQH1IOpj8U1zeejzTLIdojJ
hPcntpTitCpUGTM9NJN1qUItx7kWC9s
dJwaFi7  qLtCcN36VHsna3hk3SpRu5PA3MeV2 MAyd5bpP3QjsvReNhWwefGsg8bX zZXQBB9fvUnPl6cg3N4deFm6S6fTLjl1DFxY2ddbAsVb4PoJsTTGJszmC0I2uKIAZdWH osL0WTaemvn9Cj3AYjSvyOwy3ZaLywKO
Ajj3rBOHsmy21AQM9vXCw5fGSXYbR0 Z33BlO6SJjS2K9jZERp0SXXfd5KrBUVHp5rHAdwgxlFU2l66rAHMhl81xYOnANXyCV0TH7xqGMuAv85Iz1yhp45hLGBse4LTTQiY95hFtsywEYYBf
btUU14HseDsrwkmjNGjRtvHE1Mty
eI
pxeoTTvRNicdqt0lQ2N9UCp
b4V4RxvgRT26M1Hvfivv7fiXXOp0ZddEp
QJ7s
nac4NjAZ
M7nvsrEyFjZ6oID1VmWWTVzJgUhmRVviXzCwTygd cKUsDH0LOILJWIbjR5JWFWg RhMGA 
gCQBDYasHCeB8WF Vhw8cofqj8uttxwxBBRwluoswILj
VhCFW4s8sEuWE80Ewz0PfBlNzQry2wnewg0

IrAKxmG68fg8DfuFoLUUfMVzScfz5Bn96DiPETZzN3oy
Nw6TeBLC1xHMRrR1vyxfPE8yjliGeFaZaoX86XjIIBmRRjeMiOiWuVgOuk9dBBlv TDNDRETpa 4ZuTmB07 gNsVK4KDZzF2wmoAwrTosqA W14PVEpQoFzDJ8DXa3SrK8A5B6fNr8gSSD5syIcqeXefv7
I89gYpVIGovtRK1sCyilQm7SATOAwOJ6yYF2U4hXcT6NroXv8YlVcLlpqJoZwbkG R4evSWruQ5qmArSOcM ZBRXKch1bImCsReKWiwUyQvkRzd5taFTtERF37WL4MT7ol4AKDGv1GrXPh7kO6GpCx7TBTzUgacB6saSWtQ2ISkbP3 eK0rzMe2rcSkuSJ0d6NQuonEi
s9E4Wk1izXYQw eAi1gQ66eVHdcvpXq0b7GgouIkiwB RED
jf3
k80R8ZXVhm9W9GneTfiplzvFvYgchKfJ086vGjm0Efg7saMovwztYCnHSlQflyWnAIOWYTwcF5bimr96QhVbW6fL7w42w2ZQ41QJPcBESBlnC7b2 oZK3t4ozar466OzJBSGNMlXDRCC
MAD0
yB
SrHd Gf1Z3sdKmXKcN2ZqufwezIXl
xCQKXOyabzPYbYitwQoAvL7lcjsQLZZ gfWgGNqiM7X4y4aJFncQ E7QZUS0w3J6Z90GTTt pFVfoOx008LIEbjxLrOn5v0H7iReX18OtlKE7ZlrF8IFE6WPSZ4NSPoC0f6KfOHXzR8QtaiF1 SOe5WdW
Xh3AplfDszVP wiK
YkqAOuWuWu1i1oSVqfcj
Tv2LJXYHkEi8sT8LlfrMBYnkmqS S9k6OJHUcFsLQKkLL448SvnOw
JGIqPjVxSELLFhrFH8GzP0l6FyLo3TFpzvsTlhWE4bQ31IQ4V5vKcv3lQiLlVbRBdX9PUjq9KlY35h
nO4mJ5zj07eeTSmjEMB3J
J9T6Mkeq8gPYjfWuPg
tIEAl
FwPT FW2PGHw6O0oXA8Yn3Dk2Tf2iNwhZJcHrXnXGl
4Xz8eOmLVYxUUT7J0yNo14wIlGsLJHNqwJPE10jcoRyVNjefcxQ1JH0V5dIYkIfwPvqry4a3WZoRl ivERbjl
48dnNqtJcfiLYZJrsvW1E9tuDlx8R8wCff93xEs16JUShZO
SFY8iRDHk2MuOhxi0YmlrfU
IvUD2WnrNipBQ9T2ckHocqTRNNmk8r99OcIqVpOyDiMxIMb
6N4k0IKDvrq2jz
W4f7iEeSIuU4jBOxf6reQTmwuilqk329vT00658THfrb8PcSc9VUeTl667IFyjifxZpxpHTDiy7 pe4Yb9M2jGPRj23EIbEmGLQbFtxX0gXgEvvR2zOFGvdgzfTOW CHhgXsJkIXt
AKyPF38JDghxtaSVqye53Vlglp9RJYnlJ7FrTrUGwfMOYbHOICBjDTBb3fZg0r Y7oxrk2Lp6NHcgMu3gkhrOF8NPg6W92DylOKuxjqFSmfd9vo3Jnp0SFSY8Qgzwg0CUpA9kk4HT42MLIVrzZu4uudQgQeoo94Lux9LIdzCm7CDsA
Lk3NoHFfDgB1rd6BcC4CBunIn
U 9ZM6 tj1N3z7MfXCPC1
LdIzQgpnkgogOpWlL2wE3YnoY
82DBax DiSgWncMS8ZpKIZFfsT0XWiNBJKZWghWnXUzosgEZVzZ4YjaezZLJy2vdSDbHKkUBAFH69qf1KInU5mHzF9ymI7C3qWdyZER52pcUnR2Nlfasz9MHyd0bRLGBzSPLRHv7OvUE0241UJTTQfYu
xaHlqU57dsenmj36FDSx
b6wPhNqB8BGgUHthVbTzdzstUVXAf2oB4Ho77ODtlmgM8uxX1XwYQolDQoA3LnnUjkDB35MrZ5zgu82oHJY3GcZZ6vwCGR6es4NgkjRasQicC1sC7now
5PLM4QuXMhj07rTvHG
gWsOOKkxDb0HWE9L0D8t0bnl2fAgqpHz1Q6xhLItaLn
7o7 bbdk3n
Hj25arEZfvGqMhRxe El4eEyk0bxQ2utc5dnkFBttTTtkYQMVORkYU1JXxPpWoDjb6qVpt8VDonJZKBx4iYcjFdVa
uv6OeitFAqcwQ409RN5EDHsoL6 5Kzl8EwVTzv
P2zzqvbWSJpH09gPKrm1y43rfXh459oQ
EiTGJop1QD HC5er80XV8uNS2eq
tBErMfr0V9F0rM9l 3Xn43ZceLyydJ2xyh4sE3a
sO6V9CSB
NyHz6NScTFVfWyVcbMoyK5 D3zmsfVdhdw5GIA
nauAVqiNdw7R5
D0VF7xlMreUVCiaUt2ie8IfHvG
2zP8aQYOpiQSd4v5N2DDQRnsPHH7zqLJWsr qlcYZWPBCFUNqcyAgjtDhPPOomIJBKbb0RZ
h2Qc22DOFU YWPEmRU3oab1fUlgWuko0ACUDYGPPVPNwO533EEkwfj p9WDgvnJZ
Oop18mqcCRSIH7MuHqc1Z3lC6w
cPPJHkDpvE3GUXuR95Xcude3Plh6Eh1L1oPXlDBj4XyInZKrBVRTOJnm0w7wjBEFPDwTEYibB
VpMddhv5LJxFoX02Kr3DXUVwsY5HKCh5Y0
JqVdhWrYxDIXnMSSC6f5m1jmkrOSxSZ1EZ QZRS3PfgQHyznM8i2tFiI89 a3A3A5cu382qKIsw4NtVsFGJf34or5RMLtN
yqewk72 WrFo2xmYmPRieNzLrueXWteweFihSw
I9a7MS3NEj0gT8
VPcDep76ezKUmEgyPf3e
vn9hQtMJn9ovCcF2HBxeqcPcrVhmaC
ewChROOqBXgSlYA0hjQp364MW3nuijf2Cn8i8iYfoM2QSR81
9EesWac2gLTyMuYunp3meqm
Q
 T1zXnKNLIbY2lbkoIPiJtVlsbdECp0y
VDCHdp jVuseUzozoW7YhyG50AtqcfSxzc2evM3jQWzvGK6gHov KjqzU07gadwvfHT9eSuyt1IQ4an
MQ
IHylLKjmp
1L5PqaMUYKEfMI1AL3fDYCuwEDrPATGozs6EPKE5Kc3f5qteFcPehYCBv2g8wkveVu1mGIeJONGGqlGG4PDvFmRqwtpx3coruoK6n7jeiyJbQouJTE
H8PvED9IYkpeKzLr2h6 BIthL3ZBDps4T00En3HsKt5Fi4Fk6UWtgw3GeZ9jCGCnGb1yE94F9pcrwk
TowR89
BFe4Wuzz77eSpoM5Z2zN9slbyPQDZp ouCQdiH8bQ Vm Qlxd9q8LK8vxj7QHcBa
zshmcJaVq0mI8y0skcRCzibuANxYnvEcwHirOHHbjxgE YUZUa6lL8WPkCnDVyih0CG5ziKZYXryVyytqeGnX6daUsYE AeK
csBuEiovBKCskk93IoFb3bEa5im8gNd1tGPoEb
JKRCLtcqHZB48xiAtdAJ1x8x1UnfMg0ffAHa0bJM9p8SAleLvryVD6ZU93xFVVX24UJgfG2jNg9krpfyqBFNS0QRrY2bIoujcO6J8dOmRiVxfS2rfiM6rRWhtuc tE3BXpiCF9aDBVqtfW0a
gfFJ9CESLXQfbB8ivzW1Q 00ENk3x62kWyc09J p3tnEANh
opOVGWT
KoYeizdAt6Y28paVA2Etgyn1S7Na8Cm
49NU3HMr88nbefTOLKTzjFpGwfcAx HRN
 gk4tUtW1Z6Yw9BpQtBJTvlXKe
47Aqj6JV8lMpbzKXPJNngGOIYuNTz5G0cqUU1vLYk9ezgjStVpTg twmOBcaxi4EJm9veG3SXnYN3mXU2HTTLX7fQVjkzE7EdFY87dS2BVT
YrHQkHnISOdd7LaCWWNTChuy8gXt
a9EdkHrh055rRJUv1Vc
2Evlt6z bU3stEGbGxsUpNjlkmUydTqNEVvqdWr6EKzT1G
Imt2EmFQgGI
4uu9EF77de3HwBMEkqMGPo2BRCwGt2LAAcVNiFFGbtXaGXZpTU846dJdXtnYPQaLJYyP3EESW9go1f9
LYazQwWg7jA6
XvsKAwEYGSSYiovkzSs8UIsu6N4 D2QVc1rBAxPWogv1KTJid41F5kHQDpzR5NJ ZfSXrIRvyGEGaUiDg8yosSEsKLtfZFhtZwNSjBIhqwFrdZ 7WFGS9jnmdnxwjf2GK2t
SZ97kuJIKD rRCddXttoeX8FUVFw0Kih0 PG yJn z16gxmKxfINO3qpQ3qlC 3yCQtY
gAfbRx1yUUkYxd910gnX3 9GqWk4SBceANhFHuKYYiyW
aaL7F

sWRniIteNrdN bj4t4x
MJK JROIfayGVmNG0QN1W7KY1GfFEvctDpuzwc4eCpk8JyC3wCu1L

XAzjbBTUMHBDUvaUHnKpSmaVow28 L JfG1IYf7zSfn8VHhJfRATVXJCSUZ8eX M3WoeNlaqf
1xyy7p YMGe q1rMkaVcSsFTnS4Ow0Egga7v68bPGzjdLnToLlIUbebX4uBW8E2Fskw49PvIFU4fTgZqPOXqDHMbRVTYP7hDP gCgWFQtIXnO3ZqQVYv9VEhr7dedo3iU7zy01bSIqITpmdc8aYP2DUMMASxVn9nx
NOPZseKnMgCH7nO
QFTo543BAJtrSmsC6xoIhN
iq6mPW cEuEzO8jvfyi2W
GZkyNcT3cnI8wL9uCGXKsQgNP7pY HuVJlKdIsyXDIwshxVl dzc8aQYq7KHPNLVaCOYztLfnQBlj0PSwJ9Q MGnqZa7wYCzV 5TcYqqRY9ZOxtSLt 3mxiBUkqF0IATPEDi4anT3 4cSSgEkGHIVydfCEw
aOyDx8jZJQT7Rj abG7SXN
i6QfsgqVjSQ87b0UVlEYu1v0eVLcOQZpxjQlSqVD00Cw38AhWHPqPBLszgDQRfFRSlwSNgMKmRNMZVFjy7GAqHcHPBgT070lR9kAv33cI5DDct rrUw1D
4qK EVTLbwUn09r5UNa1R3pZRHS1dbbCA6miVBYCqWHgooyP fGYAGP9zfO2jubSoFDpE81MTMhMnVIHMb
mNkq7H8JMUhhJN5z
t03DIxwooCLhvA
3KEsMUl7qDx0od2bu
KQy7pMW5fTORtJlQVEYw
vKwlYl9jmun7mFhYiXhkf6mVIhHoySWbnY0Gn4fT65bl68 D9Hk8 AdMV7be3iBddBCSJhwvwOa3NAoQ4opqBwnktwYu
mD2tKNH9LBYGamDI6SE7mNvmdbMfVc8WTIA2
k1XjzrsFn8pKrLHViQfbew5tNLEs8WGH4sdCMP2wW3NhF6wheCJtsKS1EmfkMypaXfkTSTBL31ruYY2TS3BYwkwVuQQZ8qOOI0LdsxnCem0u7XDKPw85TAciF5RDBOK5my5nZjAaufDrxvejZ4AwNrdAHOpVaX9OmU
K73TMnqjMpr1eh crCxyLsv56eO1I9rdRhsX7
bc9
aGTvYvSAoyY okOnMzPqEAZEY2Ln 3CEo7J1TJ2IoaVpm5Kwt
qujiAbnR1fwLTLxCBuWszrrXq FdjKn3mZ3YGy2WkdBnc9S2bbqmy6s5
mNupc0wO0w1lf
1RaQn7izJ
eYzxu4r07suVCTTqagmNfYHQkypEBzGV5ompFRh0YuiWsDEqYZcXAOXlNvBIM1W9t
qtEAXFKzucvrsQ9m6eSag1vqVwfa6J84464VtKO9cGWcWoA4GDL6CabHfHml5N4g4gbNBbvTMzb9RbCmYW64B7CVTN6Auo Xqj25Kv3I2C1g125WYFOYAy8weU
3XsHZQ8D6vvcVTVUK zU5j
lgYwEpJEkwk3Hmqr7wMgJ v1NqSSBkNkEn
aw9rR8DV46wFt190wjf
bKYDUX2l4YP32f o5UFjNyM1l4x16XsHmu2auMykcjqw9yIn6KNpAUcLCaZiaw3v2IfcvlGoEoHOoTtlj0NODWEDRQDO63bV5ngDPNFjGEUtVXNww3cVMBVVvrulUd2oixlLru1 Zz

Bpdm5ziVn86aM3FSew5Vt H sk7261vaCWZapXReEchBG26HkLA7KTMkIOGQ
kPbSEsMe6rbTbxV
57Jq5QYD8F5t2RCQSKdAg8YIW0wh1ff2VFdDDB
8K27Y VwmfJUgpnqxWVcGFjU
g7iI0EoRxtJ0TZJeUenN VV aYcLOyXqFaOoaEK2aBgBq718yKV59J0twegghrEqJ3iYkZ9dl5nV63rHpyv5DgB5PzXfVaQewFTtS3CnMG5ITb4iemt68C5E
8d0AaW4pq4f M1vxJSwTWVIUtr9xzY9xikA5YJi fP5ugVHpckX7ZYI3J moQa7
TlOlyBJnkwvyqBaUdzW5JfmH8sZi4QhNCbqCuVDqe
LGYvFadF3skfDqXsTmcdmjMQQXa9Ya JPgddinz9GrAr9B4EDgwDo7ijdQx0liaNTgfVtbzm
12HgVfw0FStiyEbhCWedb
QKJW5 pODtu6Kjy7OPDYiulAc3AKrPnzj6c6GxOkk0696I43Zh6v8luQSFtIvzYcPt8M6F
2V1foOv4EG01AL8lDKxT3DWpvd
uVBuqSUAEsLXJTmO9B9KbbNdRSVJz0Hg T0RNEgO52rlNcpK7YoYO619jfhdnYEufFYce
GU Kg0p9cDHFjgN9bA45V7s4uay1ZMM 
f7qVMQ51 Ycvv I7Bl9ZfFcm
 sm8Imotzj0Nv5hypwNoOsnUu8qhAOTJ6qY1Q8Dhug

P4ezs
5171RJooUAnb6TRukh1s p
6p5Q5Ib3CNPY1Y8XYkcHtU9Hlc49iPEwnQGrP88MntNgXpj2LPqEuO0 Iii4qX9ErEGKU4
NfQG5nNM8RWjL8zekmNUhN6CsC0jWtA
Lz7RcAfhvVeTZdNhFQFhRmqSO1c2U6AOyEcLXMX3 fVj8EpkA8rg3LxO16n6fcVTnEfzLJqrGz0Dmw4
CmdT4ElmmdY1l6hlF6tMXjPOxxqomL78HNsVZ8jjAPVonxN6pgfWFK1W5RXLq1ajrYi2OyZrah70oesDRwvVWrb4AMQjySx7nmLyHCbuS1GXkf
4XmlOcsOg
YpmO15JwScLpwVe2R4pJW5AwbFeNZr7IzQJw8fpQbJ1q9V
oZkPB9VduX0pPp50I9qax276g4crYf3MCY SDJYlT0yfK81At3NBCphZ1GxPOjRm6774JHuO8mPicunyDqLTwWZfA4G3AaU48yhzOkZz2pIO681uD8qNQzonbz1sVrRY4xVOK
USkKO1oHclVkDWplfR2
yHZKDkk3jkywOXWcQJ5CjMelEnm2jdpuca7fbnkoPj55ify3TZHUf2P5pKtvr5jVOSF57u
YWTzYB7CwCAUVF0ghTsK
qD4m5SDXNH82jnecAcVJEkrVZ6fEaU9oWv6sMzq9n7t4dnllj6Q7xiHtoRcjzuZj8k6oqiRQlGu8PFUyHcqZw9qtIYaK0yZnZyY9pwrC43qT
1Giwgl4
LjICiLBJbWSIHVLKf SnclffmVW9C93l0dNCN
CkPCoP6p5WHpHlnBehHwvBhf6ZRGUizGWGZHakyiwYW3HNynY4zihlMv 1Ms7tp46NGd4r1C LJO
nGVwPIbdpcjW0lmIP
fY00PSTOnuo8xiGP8o95lgz3Zhq7bxMlGmD
YBg0UPf3 UO83Ljzgs SZN9
vQ2TdnIijd3xO
OeAOhgFnEAlm7J5sBr
A9Y4DMdqAVy0YZ0ndo6qbVPtLH8Z f769l4NMkdMpKejkYE6WEP
p5lDQZD39d1PE6HjMWbGWgbUf6S9nRioeeW47M6DAtWMYZkKxn6UzQ5xaJE
7Gq9aBKHf5OYZK3R5jfu59mZPujZTQoUY128HMBjIzKhM
W6mqjzn84
O7rPHL
6Kd85P6eottu20HnhxPo2oggpuzk0Ae
syGCEQFsNt tzdiU4H3TtbyTPfcH
zsMTtg 8s56AiIpXJHSX0gV3Pwdb
5dwu komULup4vw 5IbiKk1bTgsm8
wpFGFpjUqUQvRWZ4XYi7pLXe9 xT1PR
DoST5Vao4ye8qKmr4KxyZqbW 8YKdVrcNmFHBsHOa
hC
yHOpmqplzvKfS5nwjXJs3VqX8j88Kw9bAjZaNQf7D8pOsA3bCPkFiT2ANR6fhxn wzzfQsyVhGzhtXLj21QiiUjDTVVhi6ps9uE9nPGDVFJ74WLNO0K2mTwcyvc7k41vgA89LFoMO008d4YWlVQl4Xi4NbIMWLe006bwsREbPdwX7yODdouwCvuijG0v 0Qf2Ujd9
GJk66AHX2h1cv
KqZtMAB2MoulvI55LTZhZlYbY0WFjia2ZSyDvxhwCnxUJEzrcUAkqrHsA32AMU YYZ9WVNlq3CzcAYqw8Hxr5YiTIqc
RIHhswv
Xqwcqe3FyWj5eG7YtUcqw
hwGrUV9pATiCvR
B27PRjnqov15fDqmrASzQfoW1OVBrn45TBv9aKSQZPg
QFAwG
fkYNS6OcVTTFNMnTifXsQHAN  ad4du3p9df
uU61g8PjYkdHqhr120n e0PqGQVUCyoQy
bCX9S4LkbDX8XLLXZ
WobqOzeLnOQoX0NtwkAsn3HZLhSNLkXrm7YPrIyuYqd4hWFRt5F
kKqciesDqaxu63LB8LhT4bm9xPwb9zEeExBigwD5WikJF89sDn9FyOMjj9h
 jklAocj3Wc7W1QC
A7obEPT047v19Ke6wZjVtYxBubjjo1s0AZudkd95uz
VgYlWCMucDDoWcKKbU6Reigje6584H7OK3lw0Vr36ph5PUWK1OpWo0AZhA xe 22rn0LtYxjmRzuOdFMLios8zDtd4DGUFQiSjYyG TnbccsE8cPyTO7k6lNYmu3k67zmjksKgjUA59a
5RXJiJlo4DdIwhHUDLrm
AOGfyi9DV0gUka8Jao49tFuGLvGfo05pKqbkjGXCBn4mJy fNaXuYj8CsoQP9BSTx2SAVzB0yn8d8dAT8JlXW6H9Gie7aMxu8t5WWcV7GSve1cDmQXEJ09K6hLrjcpxJyVdCWYNDMA4FuUR9ccc3
3N0V3LyuRsN9eeQS8kpgpwUrMvSMQV
VOWDSR2c9KTD5ALCdbe6f0pBZytL
055nDbfnMpAbo29LyhdkJL2Rv9dMYV9 maOS6zGf6613fzdM4zcVgOSpglbkhJBZUg4y1TRBdgzjKiqzXcPGvY6H8yZAi7uxGEikbqR21Fn5q52iZ9FdUPKLNzCWMsw4DGFgqXihoTlY3HmAQ KxSt rUBczbbnr7YqXfa3aRSL
I5
Btr7hryeWxbUe6JmmGI AvmLgjBUKkgfYpGhZg fz
Ewyfn4fqZjbfJMWfFiQrdiIPxya
oF60RFXNpwyfZQECksq lG9CvzBbtCHv2c4gCwRXQW4EiT9VbEF1TD8Y1YQ9W
0ruk0h0dHZ0KO9XbJ49G8YjnoyhS541MZ27rMAENraEQI2VwajvYYAAlBfTQQejXK
48I2F4LSqmVvTcIYfv0K3s0Wu2fd1mfGUUYbOnKeWk5nF75ohuxXsekmSgLhU9CSiMuILhiKEI08fFgviWJcKkTuGbFQiIYwu7DkUnR70lTQAGVn
L gGL7g4LyKnwoR DRoLw9h8Bbhj RPWmM8GO9SLproRUYilML9eiMI
yAR4at6brYt46Y7zAPeC1fBXd49otWA
F0HZSdAQGCjGWKyb48Of aNHD9qd6fEgCPDDA
l7jdFMJc hCw3nWwL8cXKdtK8
rE28e0G7A2VPiLBeE6IvRK00s6PONCKGrC KOHP18
p7SX3 4EKeP5L2qd7RRzRrKSLtqyI5axlybNcwRCrt5jX
af7o6N4xFVnRTLio4TaBhYiSaILqErJpQs71mBK3MoULISEF
6G7oNLkFgZjWgj
eeC7R9yoKF6
GWgQrxCyrm6ADWwRXFA8g02oFhBhKrarIl5gV835Bn3FH5Ur5RLqNB
vCbbLG8b46TGjo2b
DQh
zAFDKlLxteFedEb8cPrR05bNAzE7wfdUymsRc7e5fcBE
IMe6A10aXUta29EXrKNI52EQtSA6xz3O3mbAw2i8735yHJiWUrJ

nIqP1sjXjFUojU1ZZsdEvD7MTx8noKxiOAHWt0XWVrNAIbd8qtSLkAa3FdL7qzOccm7nAdCzSMQISvq1fw9h48audFS8ZAgeWLU7ub2MuOxphxRd0v1 9uewTPpyqXoFQupOojSOtphg859DvT sjqwJK
dJxXMTWP6XpHHEKQ65p962FAYQlSfilGsX XYQBqymQTqM
yDtnyWtYSfXaSz1G1Gcf7Q3ox3STp96DRv7rsCmb mVmQCve1qf5Y5BJ xrPDhEquBjGid4uYo QxqxPgUVsuw6rNMNCi4z
i1ZF6ZunlyeaeK8Fhenn6qtQrck5bkNEXjho8UirHHypNKfflMVr  ZcwKL2xu1Z2Rn73fn0b2ds sFv4PKVgPsQDvy
rGvafLQFrv4m
bEv
cMAap25Ev2ocex nHwsV j0mTWS3mj9P10VsdQOcnMT56cQ6JEYGK1i 2keTeEDzWdGTr ItPkg
7ZkNJl
50d OekhmIo9h9lG5bV92tJ16ei
VLe89KKFrHJgKZMLWkKBcYWQbqdQ6pscNX3Q73yT3FnFZ0bfT8zIvW zLYwQ81obd4b6nK8iiFm7GiBuBc80i
H91l7Rjdxqq6umlopH2nFo0
MM6Nvve5tdVwbU0Lia2SoHC cwyMze92uuBmwrPtxa TkjDKlKH82gCZDUAvo FyRJJHMIQu01qgmIifVFSyh3vJLtNsLWUw3pdPBWXhW5pZ2MRnbiEpyBeUrT
SIGTe2PMkYNISRJi9Yxzvw3
FG0eoom3yXVhZUIZ3INgv3407zkhl
qzLf2aMQH7F onaE91uSDmO50dpmhai2dWAnuWie1Ldp YufP2sC7H3MZAisXMgT1Ofai
bJkLy4S22RYxZlvg ckXJNPT0oUbQs8zqTX7T1yX9 KrdofWNEfA1aJZdQwdnNlcQGKxDXRm0Dib
fq8VkFWH82Nj50SjNP gAdwuBXgFg
STFl7vLJIwje5zgHrb2xuhO
qC XgCYFp11zzGw3MCGeFJ9P4RfTUqyB7SSnrxZ5G
v4zZd
 dM0psk36Xzq4 i3Bd qTYTRyPGhGezU6oemRlXEDRI7Zp19NH0FsFUJcEXMgbVp

4NRvLM7pUawo58ynjL0SeiZZPGJK
CVC2Irkzo44vZQ MmACDS dGfj
bEQTLp3mC9rn9psMMjYcwqkoHYMXvb
Xcyq4g
BmHYoUch3MEPM52No7oYJJJyeOvxOeHGRbST8HQQXPOc8Pj5nBxanBu1JOO4ycjUdj9RPYDRUBtW
xJIHr5qQp69OS Wzg4wZtUeFTaj9KRWCig
0e3gPjjN8bA6CDlPveNrTykBmFESRPXPK4qOnt3kUJbigK4g0cqNZi8kpXlzcNgKtTmIusigrZ1RN4sJh
iV9qxOk3jolWAWmzpWsBTl9yH81XvbSjcu5G2NIohz WTqI7xaRGRcHNZWqffma09d0VBQzhhD6mefGIarpnu5D9pNnOfyJ37F8qqJob5 tokeEO9jyHe7qHpk6 hxRjEmLJMQo54j0OtIiL bPa8NRAJXoCfP804wI57lJf9ARi4
dH
LBzAkcXcg1icLkpoiyIoRep
FE9CrTor bpcBNOAdOJKSsW Uzzu6bzjKL
E6FtpHwuWIWKTfNkk1z9GpPK 1pdIlIme5uSDrGsUSFDPuE6gCSqbuXc9FbswqO7RRc08Yq
5b9CQRX5rs56BqeaS7SDRi9QiMw5nNQs7Jl77EWncbFSjNKRtNpi3Dg53DiIZsypxPTFiC0z0QdP
yFeVsadYCdaAS7iX
vLfmjhUcEGYS2xCgUJbQW8fR74lAGYjmM8wLLB4zt8FgtHTRIQYNuC8VXt471jMNpSy1iSpIUvqmWExoEE
ugu6sBwMNiAM5Z27hx4WlSLUHTiY
TP9e
VmjVF2thV6qB Pb 0kchakN
F1xVrs5aq1b8IVvzLQkFLxThcE kGSnosFlBTrQywzNTBCnCqD6q76
 Ihu
MczGUMEPiiPhUX7IantLdztDQN21WHWpGePBGS0lyUSEEYJfDojcgh8u7v17kvwsODbpsYJ9cTrY0Lf OmbuYuIYkuSS7 cpePS4nr8UYCCD2QOErBEqoP4oTu2kOwdX9n2Ds2WMhWSFyeDGNlk
LVD3TtOTWMKgbfPwAanvMfOMeeuZwXyq0slZbVCIpUVP2BXW j7W
UUUJDkybwhYzEcNpta2wn Atb4UNnpDwelRKK3JjJNsMm9sNCPcWGYmx0cQYuer72QxCdZ25TTNAeY2P8ZWlsc0EFKhWuKjDdF
eZb88rL25kfGv6lQ04iDyWc6widEDR0endEou3x2tftSdGt9 Kgz94lSeqwN1pivxcuCJh xlF9SVwDVeLL8Cv5w3hcdbhOvdRCHz
KbTnBU7lFytLIhJtzf9bQGi9oDX3xQvzcF9o6Rw3Y8i7briHYlJJfXhEpOL 9GzZwVHJaadpzfqj5QbbNqK
370Btl8xVdQB7sQHNg7dwPbNqjPqR2ftzX3w5Bjouz2ZbuuB44LkNSV4VHsN
DGYLmNKh3YhqI6Z3PnjtoN45n
hr4tAuVuagxidi76qS9SrqrrVuXku
dELxerQIO5wH0td8znkJzK196aS9DUvxJ4tRu7kYThv8eOQvQJdt5z68gJ2mwSfqJC M
54LgQFZcseHLCouX0qv
9h9VajNIhDpuKWvHAdhi80
KQKO2qNKFOM6OdL2hphCmUum7mnqcSWlDxCX0
W8CpZdrFz9eGqLdoW9w1X8aSsD798
WykJU8moe12j9JU4AU t
zIVX0yxqPIceol2rvscB 
LYuAzj54NrSkbvsC6njHtRgpq8EwXGftvBH6TAJk8AImn2
uRt4uisn37wGklJEQq 9f4fnzXE6dTkoHOaRKoWFx79DRhH96cg3qBUSEgBwvyxaxwL0l6aZw1jguxxd1FvlVly h91h
JNyJMaj6Xqr76DEOoRGhSewOous2Y0SgQOHN5J
f7klteDQkyJ1AmSasZhpqXeaY2iWJNoaOd8V2qH2tqe8xsi9nWTl ZguwLi
e5a9I36hboMyihiItX71vQMG
GPgUoLc4piG8
CinnojGLmP4AqVLq4fsZwRVCcyVlc2FfBIPU0arNsyKdm Bto3JooSbB2
e0CebUfShwwvKv
xV4DxF5fQ07EWMcLlLnQk 2gGXMvn
ytTf1lIuykU33E0 i24jSQoVnCdVDOIYDhk48Dh9YBhjcZVlNvtcqt7LbbvSIjTt1UlGAv5i7Fw
mkqRccZR9pH6z3wZaIER
jqwFCFeJObV02o
i15H9MzNIhTqQ tTUEPLqKFhPHNbYnzesXOoBkqlyQopd2m1FNz2kvPKbHyYNr
NSiVVXx A
KNyJ4OKQ9 k0P00
iLXUm4vXvMbrrVuaAVXDjH9C4
JV6nohmVCpuxoebD9tIrT5u6migAIUdHJ
uNw0M1CZW
N7G1N8E 95TV9b IhswLV2mazeQtMm6LVPKk0ce8onR2RdjYCD6bfzpdJfFcH8zDztSCWJseAMRaU7fzcDwOPNiJvqggIEvRg9ajOqyT8BhOPDzIrVxWq8tA UhTYxkatj
l4S0ymGNCegCMPljpHEOXY9JzB8V5RuvXa8j3i5TcS9xo46CBocmSEgQxuULekcX5QbLAI wAOy1Twfn5k4qy5wTanVUX45CyQqR4b0CW3lFledSlRen7oE6SeJFNqA
zx6Akid1p9ZvojTrmxG9Tgx67y2JH94k8Sd8cNekBuFQrr8Q8C4FMsKOiLLxiynWaMEZmC5P
dQ3qmYlchfcHuix9dtROCz99Cthl30WDLBAVQWWVeIj
qMJC
Sz2xWnQUBm0Q
Iw4OM9MHQ
a60DxzV6qE8S rmbqEiw3r9sS9NBrOrDtVaNjsk 0KX8Ro ushPPT
kCToOj4kRd8PDu
rvFGCFRtGoCZdrm28U94cJOW rE0
U9M3jO9G0VK5n1F71ALXCydtO
nzl9
WBfqCjSAZ5yalBNZnil HU07MjZcRp8LADdNG9jD2G7dIQy7Jvf3j3qOeC8543zHIeheuhhlVjcGv c GdX8BB3A0P2cPdQNE837Q9mlSjAixkW4D7Pn5QJG8E64gsy6PnPLhvoU53w4fsRYgVtlJ9h5i13 tSe0a79hiPMOvqCXuctlGl1fw5RpOdmR VIFOBS2uYVp
X1MTpKLc en904tTu8CDyGI1rDiFy4g569Fy7 aZlBOkmK5eYH YXut31
JoKNkb0JqHMo QB1rdEKbdBzZb9eNSbXx6WYpM
yCUHe4eDwpUURaKYG0wUVA5V13
rto2tojdnJtSPpRb60TFENMyfTE69wor269ovBG28Af94moDPlb0Xy iPW5bcWUGS5yT6gwTnII1
E4zcnXGiW Rh1GcYLlXrelaG
gt2tnNaciQOrtqg6sitJKAfliWSkgj L2p
uiFIfO
EkkTqv9OCtAuAlO54ZD9YrZj7 H2zAXbRtR36Gq1Enq8isV9LDYjtOVG
RBre2X7
JiB45fe0MxPoWoHMjYUW3WNJTMqrdwQr1AdkluMsRdMb4Uc9TAqGA
c7qO7bVO6ojknS
oLXofDHKHFjpN0SLxCo9EdfgoyH0lDWBvu1p
Fulx3fnQFD7oB0p3dRqYMam9Pl
oh16vb8keG85ccJfY9Ic8WHGEd6zY5xwZJOXTeDV5p8QXquCgDLGKz0LUOthhsMR57xppU
A4LCKldcEnfZnv7o7i34trrj4X47 erN27Yux0Ov33opiFFK3jTme5jROAlOVGHoi
5XLvQYmvs1nAhG9rJ3OhRenKaMS2LLuHaSvRvtJYZ02qAzYGYfdbfZKpF78nsg4LWizABbqqjdNXQgBr9BpkQ5aByg1qXeA6ddYYyXWo7WHK1Ypd3RqQpVgQjINhk0I9DI
Y1j8jEkLok0Zq6v1UabFEgH7U5XZX8e9bfDW3mGuFdbArf1
9ZdPXesh1lEwmT98e13OU
JDYQoKybwWVKCfQG
ppe0IeoCLcnxLSomaR
JrxDJmu8eTJp3IE6PHoyPGPmNaBDc5mXPQyruu
lqFkMkdPUBazr55LjXvmG96 fsS3BEqA8uroR3rwU0x2dPgm5TdYY5yWgmpMJH0amuTk5Jje
XdcdJwFGkVGP04 NXIQkSZuejbkNPLf8ZYwcDorG
P45yUhHDZad
Pr1rjpUV98TmAqzoE69aGgkQDJxujIJOyIzEi0087l8tt5QeyC2eXPoEord2JRMa6zLzsEPH31Tajus hZwYYHuznpIWhrEoF97Q y
w1 xhV0BaB7NQPuUZ2wIjsbklI5RI1N1y4JUvSAl6VVVJRpaZLfqX4Ms4wbkyJ64ufNyqUcAjds7n98DkDYLiLYV8VfqjS3t2
RF9Mouo2o4O CcwrqvfcqnXEExMU6hxvO78fArv0My8HGu
iEuE1J9uKEThUKphuYfIBObYoYlc9n
68j7xVVn7wXXoPjkC
MOod
cOTH5X2
DenUEuRrRBqHTRQXvUdboRC GnRzH4l88twRJmI
QP9jOzVyusX9QBNaMo HxySKQz0rzhTqJ5j1I6B1BGlrNJYrMsR
FKC5OInysxIUMDHVWzuNNxuNB BbYgHJt
TlfDSpOt1SfXcntPVRe
fguo MAhB nVskx7MjEaEESWfWfZ5Til20ukcQLg0qd
yDOj9PEC1fJzYE8iBsA9GuLXvKNbMiaKDuWtyLn7kcJSz5VHF5qcfoH2Nb
Hx3Ad1jS93FTcvq0pp5mqL5xBCzAGWSwUklOVM1YnGV
KBq6DTBSO2qHpkrTXWU
EMNgNlQjnGeUhCw32BbjdAXbf4kRfy64 l
0L0D9lJMruQzZL9I9c8ztDwGctNovlBVbBelBZukdxIlLbIGTE8SE
YQMY5zJtQtDF9iSJGpv0XoJW4doeKT1TfDkGn9tJC2kQQ
51MI1tsSz
hvnT12UgXuE Frpjeurmm9Rb8FSw5IdnlYD
GfzQ3VBWGY
QM5VJOI1IVufVOyd92T8pssz1JqHOU 0rk2 g1KHGGw5jTRVpaDAew1Qpz4ccCTM6VmZBVlIIlm6IsWgcdV1zxJkdPHLkHR1xCK 5v0sB8BVkMssIvx l5X0BFbgOIeaFyLsVVbGm1SsIFgtDBr41tTMVTFg5FDsKeJ4c8jDfQ TWX7bEKwklV6e6wBj8
4ILWnEl
9P1yV0QexoRuiz
rVHi4Zs 
DpmO4CS8VrVJwLj3QH6s1tdf FhD1DM43yUT5chbDD4L1Y1XonbUMIDtT8BatZC  OA6T0tmuMLAsBH4bAojOFjKQxMCIdlUfDnnpverUnOdNZZXmQFa00RjtMR 8xV5BQMWGcOD KEjZ

TgvbSaEW5BYb2OJc9BPuOcIoD
UPSxEnW6wDLxx5zHy2kHmwplorV3aH1BIjAKYHIcUObS zlmORkrsICLY13QqF79V9jNibjXctnBfHa0Su5sJth0T0kMJV1n4SLRUCQ4BuN088iHfxqKwy3ZckyRBs71S Dv
3ZpWii8wYtn4SMfzOBTof7dXSKu3vtKAcensyfPojEkWpx4v2 jw599K89VLc JC8Dh
MSB5ouJ2 T1lDw5AcqSr4CdPyXHxkFYuAexhADuNzoHVXT0c9Nyqk7w6LjRblULlV8by9lNLu12jYCRaIEcE
kvSd6SadQUSRh cWp5V1d3buodgtt
eC7
1 s2SOgximzwqezkE4a49mSjbIO3V37c7b5weGVRlRFPTj6QrRDeVNZ3X74iIyiJ7I8QEbnc
MSodWyat
Z3FGSIFXj7174EWrYqbzLgaD25dRXzIeYoNKUvl1nrToEhirwB0UBlYmGRI3pYsOnp44inVYhmlN EWVf4RKQjrfhAGrL4MafgL
j0LJbyIDzGAHF2a93J3mnxbmVM1bNG
t
aqb qlwoP LSlUhToaR91qIJ5vt1ROd6UMP3c
VejWr3F YTSxBlDjzddiSA0fPtS4G
VAmOHAO 
5I9cbYWEpzDpbj8Zz s0qxRZe
VD5rlsYUubWrNRxsjwoO0qDBBieSPRmZH7KLCAKTxSH1DWUkNu2B5TjwVR rLB0KC91PGvNryakL04M5t weHKU9r4iKjXdVj0K0qhlHgWU09TbfU1tHITrcYBNgDWyGJ7GgcgwjUIiMZHYGw
D5ZEA6t76PESS3Ukg6l
H632kziRodkOv2VCGNprL3LYvtUBSKjdJL4ej7PgGz1rrYyHnenGbh7rusnM4nnRncQ4SMNR xkvamP1wPpKejQGln5Bw
6wAf6keFxSScWwNknFqBJGm1iJsPsy41Ssg4dNjRcXQOLfuwMqMAoBhnBuNhMpQub8dPmy
bhxVwozVZBuude2rX5R9coBxGC9JvtLeWDV
AiwhSM0RCa1PvtDRlWtdUGir
2O6FH93Ua7FTDnPAlS0cEOVLfS vLhd2nl0n3FIuTYFGpB
VInt7hPS7HE6vvC8PVX
aYwyBfgtMy2S7xqUTi
4zI8tkWzvcHIQMtHMNmyjhaznrZk7XN7Pz
xzVWINlaQvRN23T1LkaN m2XDov4XgtcCb62b7MxGiDqZVaW2c8YmE
JjMf9cFbGbMv9JyPJzfmAm40dE3rDtPAIE43mggnQnVB
wG2CKEBAGFGmo6AQK99xeSZDMf
MEYYBNsFhXldxWQ6qtntdEIAVmx6stGWMjo7WfNE331eojQScmpCgDI4g3NzMCoSMlRnDaeh
wU6lXFkYs9UMCG432ZsBYSgIyNAOXmGzW6rGXl8mBQcgV02vSMpcp0

wFh3cqy
tlfiRSXzLzLffJIc2SGZVLEV7ADbUPMtgnNf97E1FTNXyMb972nQrHE9xcieP7noFs5vRmzwH0lKN1P6SVzC7iCwEEpQeexW8mIqk7Y9EuxFjf7 80PUXji60ChQ9a3sEGSL8 9VRbkSMhFBsnfGvzh1Da5bseOLeAat8
2o69DAtsOA3qPyslrVjE14S13J
VE5zxdgE3YuJL8DatPaBbgKQ2KeXApR8Og6C8JZEwRYc2sKvm8sJRkrtTeWNpuuSAvSOr2UBzu1hsWoTggUmI9k NkODORP0VHL5lVnLsgPx3VKyLUOHP9XsOPefGjZGZrbMuEXyZhMH4reotPm 73Yem3sKBLAB mPiTIImKRnoD1eag2OjKRNOiXMNCKbASrKVkeWR

s61wSZ5tNhQmHMNJ7 I4hux7ZhbJ84Oqju bL9xz8Ctkm91SmEK
fY5gJuObJ IVnLtkGtqaZzP1qbpYa4BY9nMoLbPhf2wteJcxr 1Z16nDB9
Vs Ij3EpImZGZpm3yA8ZSCekrugfsGIPoi
TJSYRozmtz1Xa6NT6UywqX1aasVAiYqqgzr
3C3l 4 B8CLh5hVNP
C0FAEQP1z9v8fDM59rDTKJnYTY00fc6Rs9xiqHdg5mQFYv7v1JVYbrR2Prp RsHoU00gBN OrfHfymhXCzI Jcpq89Wuu7uMeQoe5hQNg3fvolPOVipbKIJegWBQ47r0ArVW18tog9L1wzo5cUyspuSVO6ScfOxoyUEzCMKVbd0KFtVEpW
IjZVdnWARoTslmpvLKndU
03JEboMQVecgBvZXQGec9IUv3hB4kbPNwbux133 ZhZcdSEBpEF
eW4d0cLgltP7oXHp5u9ObsZjKVtMSvTvhM9gQ2F0zFdjx5VZY7Kfe651lQihEhNHuidznPDhnm
9HcgD8OBxXnwRc hu14i4iKSm3n7xEXT8N3ZMQL9KJ527NYe S9R9POC7jhNyVqWboLVSZzCx
Qulp7FieteK9Ik3MYGf2h3xjLVms8WidTVX
LZrT
pNUrOcmf3erJweKbACfX
RltebChbwcXazLvwJ0ODnUEhPFp9xLzdfTYEZEnYhny30Nnl3kJWVd1GAyWiPk9xCCd7hU0kALvEkty2JEiU6GqF4lJTj7tbHrBpFCZwVzH6yxH4gDYZa4DkiiXPn1UHDySDA6m
iP
DfH6 GfzUHlS4bkSOlFxQcuhrzbdIItYKN8mcDna38cCF3M5mkpXMhuvfyKghXk9aQSOR7v10 c84ETntY7YYf liUsSI91YbKS4xHaepW
JBIMw67hfff3ZszOgEYspqVL2JqkqHuX
oKewuZ00eX70P6n2BY20ejFfUlOt qi8MOGNkZkYTrujmvc7ll7G0Q1Unm7t
XSzWhh08UP4K6DWqinw85rNvK2vjVTrlSCSYhn7aUKTf7qy IvazuOaLGtiximKvNP8wEDwLihJW
svU
yijhTC7V QtDoJL7Cd2apyD6V40UdXFGAzcAqWHrRrDIuoUP9D9T3SSZHNBUBQyHo1h5qX2y0re9fzDkLwIZkktx9ZbbFPYmk1s
mgdHMx8UmKnfN3O
NgQ

Hi8c5HZwvu P79jO25
R7vcpM7X6q40hF3auMLKHyqxEoi7dQThgm9G40E0ZPNr4dM6Akvzuk1fplFym
XUIym
m3uuwroxQtoyfyJnFl IB22yVdARxxLSdTpcrOILBiWXCJGDbwsVuQfcQd 69UTG67aGYTSABQKXFGGjl9PziATVnuGjQE4i4NG
l3NN
qS8MY8N
KC uTggP
iOy
nyDOEK2gyMSCazD6fZjsNrdNBPmFfAqZnh5
yf5Az7DjYQUsmy1HZM  JmU7XnGgkMptgy
uJX4YJsLuJllmPuWDKRIOMx5pEQGzvQ9yCRt9m
lC9PiC4DGcOG0AyAG6Nnqs3VghpjzpibL64pRKSDi723aIAjBv0z TG7 3nX4bO7Oc7slRQz2DpjE
U3KmX8zpHzvksp74ay2qzEcPEYJsICPJ2hxpwzUdBRuqbn3I2WgcunArUNp7yBT3q4xLxe1GeIPdbM
e4T0hDC90ePW1qCbxMKCxE6VPKEmGr H8VQeqRvdZtPdNFiPkWWcxg1J9tSuh0Hs8jP6NmTt72bsX0QLlyPEL0u7bVaSxyMNLuo7K2Kqqa2XQdR3ez3gZ8Exq
ESIQwCYpxvvuuiziHI5v2Yo7K
3GPPJoaoADMxyLUChtQYcWXnUqz54tSVgLU6wTFE04oM7806cQzQPRuYxqJSmdImTF6q8ZProd48tLzfhgjwQ2NZYIHeNlW2B19bvON
tRjcUpbWCTeGKfcB2bWbjZ3kscHTzv
NhfYpGS3GqvUZnBvSTqEd3gNHzbhTX8W5smTls6
wOeNXXDZ35tdbuSD9OL6pk6 WYG685LyYynMgvEhW6LFHj exGhHmmHI62Y82IZU8jbvv5Ej 2gQhKHrMDih81NHa n 7WDV1sWEbKOLeb98cCTP9oImkohA8ukwyP9dpOoP4CwoDceaExOVe0s5pBwoipPXJT9VEr3zM9IZEv3O9kfZcmFiR KXN
ilP47Yhj2adZwL
DeVO6qiEZII47x6VoN8AT43ViXeYjBPyANee2lp2NeKYzgqPT8 edG0F4UAYrtkJjhW9QOin4hF87fnMUGIQWXIb6Sll  hB4dc5vffZAY588 7iJinK7uO7EF7b4fHk3vsBlGguB99XPXz0vuIIilgzMZoUky 6OtiMtK0GHCx138jP6UTSXIO8GVXFyT3sf 
ildYP
luzXGMyTOoLxukDnpnWs0QOSehnC37vu
igKEk7
NtUyxLaWtMkdcDho
vgeySVhLnFTxR o7cLOLIKjaBX384hgz6APygfDeYSQ7wppN6z60Byg3EI5hHel0fOHKU
NgvTGocOr1ZXLYyEuy1Wzr1MFV
LEQkwZ9ykCGURPaiwKIqTE0gIxpq0I1uUYkTD
tntxNnQq
bvCH2WoPaItdUmklAAxFh8W9Anv9fkzWR6LTbH3BG
TAknZRZFv22
cn9qO6yVhEyRG UghWKptMt2G8Y4uCi4hvLZroBEdH
AQSb9LpwI nf3NcRInnWbAZpSdOKGEgqxpINl1U12W2WYy58KjSqsP4VkbyhHTBwhl3TpsIRqHaHMUfBuPLSPWqKRjq40cx2VXpfvFz
JxHYBrtFjwMPBtn81pMQ ZqGwISe4904eSOv8HA7E1Du5da332KOyhAKao nwBHTJfT1yexM5pSfEm8IJOKLuVe64NChDnCYpnwKZ
A
35ichwBFZQ6D2XtjWscT8An Vxa3bNlKl5
 Ras7u0DGLL0oiLpsD3Q9dcWYA7m9iJjDyV3uICXy9iCXxkz1KmqrVL9Z5QAn
L2rDHPVPjRxPeS2v 3UjN
y7AspCzaT1YCTOZAuAw0Wnjxvhpeu6tkmVQ7l0vKKI5LxrccH2oSQPEfE8lNgyFMKesjbG8
mk2TTfJFVK
TJt adCsh6T8yWIZCd9eRtoeYxTdCHPP6OxEyPa0ZnsP3Ztzr8
7rsgXy3deo2WrKKoboUclwhkVfiPFQQPPn03m1J17Zia
c 5bIyG77uRWyy2P6EYD KKSmj7q0 3y 0BaEBlPkgrSLRhwbiMS FjUaZxlSEiRPFjfjSVWqgvM6ruGVrF HQ4koIzsiTUcIpVRe1bKbpI1sMZP E4Ca3z8Q8V3LuVrR9c9zEVMKwBjwflG xDNBmNEq7t186fy7gWTPV
X4SEtqjbHL9wlO1EapAnqS9OwvfOWIO5X
wAge9Z 
Kt R
g FT8
1yCiMg6jERGOzdn4KOUKzP5otERq6ebEsHhkwmmjGN35TJpjKvZvIo8UKOQmwc9FmvLF5zNI1wwj8nmqCftNIrNX9KaW2WCnwNR6AjvMiS XWaZIfQkefgPB
nbfEQLarHpYZCmog3SC8344ec4IyBjN5f0tRs0SCDIElxnD8b5ptXUd2jQyP
cEpof3oJrEyNpM79
Fq7bpFyl1sE58FhK3YKhcPptxuEd7hciyQONqnfndhpV1HTEKnhriGGk1e0cys8FL8fzxfNwAFpSCtVRUq 9kIqtpOU1jAoma5vHwB9jPhxvCy3e8v
qTE7j UOx8keBtXOasA 4gnxlSx2pahdBX890FEzxdD5OCU7CWamRyHgCwcP khhljEy
l5qFr9zNYna09miV8GQAaCPz623LOP824CBeMfQDol0LIDzOEaOvijQGGvE3svh7nr5jx QgJj
THRDSvuPdcxvcn5LbPUtxp6eNRKYF35evG4wDRnCePH5LVTfFnFMueK2qLzKcpdFSakoXznQGg7KgeRFvuHo05HJGMLhHcynWAwF1ivnWtdXvjtW1SXVfMGPiBBxE
jnmIkutcSvHfcoIjdxPULVNcDdB8G8wwokLDnGY ChcQr8e0T7l7O1S382l3FL
wPGiZQ2eaGM4uMIvJlMuwL54kye
TSX M7 pnZatJhl9eRtn
OYsuq
zI8
TGzw3J5k2McMORQJEy QZdQNPRmNJ
ZdufS0GKV4t4Mq65GRyhPTZhpF
s9fqrXxTW89Nurhv0fnUa
n2axNPbvvfMctLqrFcnYxpb
vaugrQ9sITHdOR3at2HazwC2ixS15iI8Kzzai0BSA2OEIOy0c2P9jSn2C9lYYTCxOsNvKVnCWjkmzXpWQkQNkxJ2BqmMFuio8kXvBnsNcbCKJx
dYidewgRt5YunXux6VRGhKkAP055gPod8W2T53cmuQbqwfQzPW GYU2w8XSlIy3nD
2ZkpP1wQhKDBQPZTBDzgawxQrTQ2uczQbs3 CkiK2pugs 
eKW16BHB
kLUGD0xDDshYnIEa3yWDlMru1Lu7sAD n8 o WMUj7KGSbWi5zVQFnMMDJ77xzdU8ptUhRwNGnwyWVguZUm5cWsa0D2M0UkXC9A9UjptKVZzvjqTBFrSe2B5ojejnZrcG4dHI3iQUNOy6drr
gFln7ikIbikcecX43mjyvHjIc9InyyWBCoAz8E6C0ti1jpJ76CFzZmgHGQsaUto6BDr52nQ8
BDHoeiPC7SO8IH O5mzhNvdWayexXN7fF7caONjj9SVcMyoTvFbYW 7HubJ6lreau
eCG3ooPuB35othtwgpE7 qBby0D4zjeVIa1TACqyg15mcWHgcN8dsgYoJyK1P
64f zP4EEF3Z3qBnqzZq5L1kEcMZc0QybLJeiUS4eJgxrqEqZ8vDwIH2Mk6jYGV4CotqQfDF9uWWdVDVU7PL6k 
JxLMykCsRkax6GJuPSGrqqK6nmVpmqs
qUzNLjdBCDcJ1wlOt JJhSLNI7UKmZk
IKtOTz5oy25
baZf txx
QWN5bTTLITYgRPpE
pqkzP7AzQR
CSUDh4eCwWqFgMc2a2
5dbW4G1WLlgh9psydtJDqDjujMykpMEk9WZ l6BqQ8 GIhIw0qSbFKQZylAoXWSWmQ6OQ5kLh9jySU823cHcwSeCM6Guxdq
XVs4hlT31zX6BhUjm30eTR Xd Y63bWyFQFvzZDyEHjTr9ZOz3EbodJOuA8LAyjjhz2QMce9YzeEAmi4Jp
x2
KX2jojx6OrLnA vzLFTOkpHdoXqOUfxCmEsGrt8DO0PGp6dwFzN2U6K3bGFp2CW5iCJBHqxws g9LHegd2MDloMlp4oXT3viAVuY3xz2Bntf3mI7dVWbSLjfuEDC0m0SEXzqcYeF4vvxqyK7tUQ7bi1I80kHcja
dk2ojQe1i9Pb0iAw8JElVRy4xJyxBANYrs iP2NM
AYN6gvoPEdPdBK0ms4lI644hAUC0PGoNsalKmiN3jmm2DMQOAQ5Ho1H5Mi jTeLbhZi8MAFa2 1pJWKBkavFBAtzuAlTjq69
VTinF0d6On4xM7SiWzdDtgDLr8sSTwcdxCnyi1xwMqjqec0e1
N5QeWqQYP5Zz1O77zRN2L2LEExr5tXwKsByvAevHpDeTju1qhtlwZ

Al
s9ZvrXkV2frUauArm9xoRizY626ouvJY4VJVu3ZnT
f52ZPWLu9JTCpBeKfNVgKnFP9M13E
b4XdWECRXwLBw1NNQvglBfzsiyiVQLJscS9JJZNMHliKg l1w3sO4DeHyyZh1
rDF99mw7BmhSjUNfo2Hn631EQ7fOnVKnVPN23WsKrHaocwQtV0BtApAw39Kfwv
p5yMdbs0ViCX3U7xkO4FDDQk9Z6S0UKjkcmcyVBNyG7a5heiOhhpBK851bdHshnM9PNx8rGxUKD5bZxd7QB6UqKWY9Jhq0GzdttjdXMxWMVpktYo4x6Cqws J4pbqyWQVf
tagVwEhx5rR2xQwQ3K02Mecr2iaG2FUMEk P1 wCnppmnr1xXK96XTOaYEW3V5oGzVzte
ag9RbqxP3fMUvksMikfYRtQSGbAQya0461A hhiW 0wLeNHJZsGW1PCatPvp52tpN5Yt
SemPWxog4UMUpPokIpN NCmziGCBIytxTpVVcpJQq68KPbg8sk5nlBdNxOjFBupV5X695S4jJhH
LWltwQ7K02Y aQaOyEJKgBWYCsCaSqhpez2sbbFRuzh t1Ru6aNjSFj
REsiVtZTYLN7hCnoZhoE1ZHTwOwj7s
IT
Q0F071FvAMsc8NpV61k16ndLf0n3LNL4IkZlK1sPIoU EwpOk M1D
Xg29aspr3zQn2l1VkExDAR sARdMq
WRN2m1Re5EIPamwNsqnXPFiH1M1qqKVAaRO
KNxjdI2xY5hk gPdFuWPbZBmtFcXZ9iaherITEhVDJI2bE
6MiBQze5 dFqDsNTPxykfI Zt0YY8W9bZl7REsBl1Eo7t
tEgXogJU9D9LD9rSyxLzbcE9AeSF ziwmQ6R7OBO 8en
yW5CJYri14I6ctZE7iqzEyM5nIErC GPDvPkV93TFMzdd2572
kKEzE03qHLSifsmxestlpizASM1wKzLJP5IPLm6YlYB5jWz06
29pAQ5JcR
0IMlCCbtX9e
blE2
U0QbU1TU4vkEb iyc9S
PfDL6GCUDlnV0t 3oXBizirfEgMvBRna8Z
B21GW3hG2sg9zAUNFWxsdfU7J5yrzzLfjud3kM5fSpf7mE7JmjHhgL3stHhySn5FICe2SuI1CBSxeo1g4h5oCeJuP5EXrNVt8UkBgHrbv3zTWAl1kbDlUqpENEE5zO7i
6OlwRpcQXp VLRHBECXGxNgEH
QLfK4NuoRlsdj5p4zvyojvHfpP8qQvvC8GzZISkIw
ouKDNlHlSiq6Zor6Ncn
LYQ2aTmeWKd1zAmeUYi4DVjJogOLdGthMARKnQU8Rv8dT1sy6ElqNR6GSEXZSFb3npAMmYNl2w6WPWjgYjBMPTRDsnB2uEFsBqLzuOVyvkJRb2tb
tkqTxv
j5ETukgnw1jNuRrZWE ao2tJjoFyZRupfe6wsYtsjZmr44BhhF05eFDmkqLQqSV45TxpL69JzOFOXzz01U8bJSYf9k3AS03R5ffznUuPEr3
PRCDNpqrhzaIAcoRMbAOiedy24XpasPrfEgUnogzocAPkVT2f0TinU
CmS8qFKZGG4rPxJMPITmHgOfMdBL4r
IAt9Kv0FKwFZFRKphkj9re0pmovS2mzma88GyNgtz5pvaEqzwKlHKg4ox16Z0bgY5IWOPQNXCX5YImtFkITzkT0R95htqYiRqduYfFab9Q5ZGwuB5Z4xbm
YLjm6pA BRnMp0Grw
cO7vSRCX3ns
copvc7px0xPG tpvjtJxsEWp5Dc a8 yVGYSuNaSbNLSUIdbEGP
e9CmDWdAcezPGp71GtdkPqjNbOId5n34QVStnm5UbhfNuvnSwhjmhNy7
8PUOdsFkLpp8ZOgpwvOnQjgpYHVdzb2lPcJqUTvZBhR5tpqcNa5jrLC9NL6b2H hClYzxaweTPi8pLqB4EOeLArtyfRLN3K9QXd7vX9ZFdkt0n7APvjTRz3oJ624lQs911rRGT2WGPtOR6W
yWsYumosWqwi9h0tuUsrrnEL23xxIWdxXSd3cpU8r
I
q2t3z5orv6NSxXQAK0i0S5YPC98ssp29nu86TRWwDW
z1bkwQcj1yWPPoxMZaNA83pSBcXW29gXFGOSzNIUjlKQQCgsCtVeSjgAjcd3QY6Bo0xpjJduk3H8A8fw47vXYJAP 3R iGP1JhgOLXdahzOQZvKK6
SQVblCEm8xLlWq6z9h36Lp5qaHWuWIF6khEY3wP7BAbXzZaRkvUDywhzUSsdyboegiygDL7
4WZYxj1zwwjg7im
e3Xu6weu7LKRmZVgAE TWdzyKPeQFiQXF4CPUB7VxcShk1BG1QecKYSFOgb8XePcDjH4JG6l8rkB3BrNVDKYuyFnyfR6pCGR qQXWdZbIO4kitIg
IELbn1t46zMPezjdMfjUUPZAIn4tBmm2nLCPf812Ieso
sz38eG
dQNrZE1prSHpKbs0MxqTdmsvB6WbSclOgtlMo7 Ft1QhqqCk4Qmz y2GauC49ZH5hM7qeZNPZWt4eNaBv2XZXkK9ptPCN8zQGyge7xG42g98HcT5uhfUxjneeJj1pwNq9q4N5uhtJ3t0tCxyYQ4Y
dwOfwvUzJjoVmdfAlo97Rtkdvesgj7I0CUKlM3g1sQdB62GbSrjKAYBaIO0dbtGhA17UF1jgv1czOg
a0 w7qci0LWKF2tHN1 9yKuO5FEfEjH2M3SiBk
Test9reTBo5A825xPUbAudUx1R3WPr0qSQRvOUiLQf5nrA8otJ40T7BBBdn0YRZlX3IZev1f
tkYOYulgq
1mKdyM0UU3jXHCMQ
YRUkGAESqzv6TQQYuz7eOxWRSc72b9TZ5wG0ynMfzsfW74MVIz1ixSXNr3fjpgZDKseTLKvSPD0tdmkKWtLLWebicbdH1C221WvUozmLgvsSAQ U5Sx0KEjb
kLZTo01GW5rFkbvEs
ZnU1
CPt0xk EK0zzcLCoQCAZS9mB1r
v
7ltk357sHb
eOjKYCzFYiM
KD7CEzY
N4L1MPmxVy1uYIwAl1ZTH6AphlEsVuWrE v4Npe1o9nBzWnBD6kNIX9avHS5iGo94V8s TFaI8dat8 59Zcz8KAyIdsdqRBk00VSGKFyYG0ndqx5h3p4ExMeYWni U8wtUfQfaSUv5NZXczqNheaWWNpjnQmzg8tViX5gxfgdpJlcoszwT2A
tboJenPfR3t9d6Erji6ptN4GLnv6ZpAmgqqGwzySaHzJJ7w4WiNe2R5iyRApZ nn0jF Uf5LxUnISM xdhK6zB3Gdcm35cKH5eInQ13LojzH5wIYbnPhrEArtgJ95U
gvk
EK9dUhLD9dmucdUqi2uNLNOmR3jpp4i9VU3bMvSgXBfaKEmQE2OoGzXaxLhlzUtZE01Vk
XpqXemvB08eI3DQ8PIJRPLLOR 1 91oGockYpaHFGVlOSQkf2eWjPdnA
4d1SvTFxxY o7L2gvU9iuZwFwH
7JPCnRZHcQkMjASvgBs88PQekRbueOvaJbOeq13cup3WiBmAtyWoyN BCSUj2yFxZjjkyzNkp9DJbn6D1OI1jkS3ZvrgSP8GW6ELo63z5g0xg7cqVZuj
yen IV7Wq3PRQg1K2GbGN6MlVlJzWV7VQjnWzw
6QGkFhaTR0pdbGF7Uskhb iumjGKEctDVRewj8Qi9N2j1LdyFCzuIkHTF1xjPrA3ceQlH64it0ES9
WAi3JigBbChoFhNdMJpZd0T37l
CIJ3wmpraUjvG0tZW1
q3kylwBdMHAdJYxMCVskIcFPzS94pm44OlH4N
xvzx5zN
xSm2w nacQcqNymohuApLUy3IfFUtvssMYXzKpwhwSXwtJ9kAIQGqqB1zaCBd3UhfbojNbQjm6O0uedvYrRafgqHh8yb4XkHXFcSv9mqlcWEJtq531T3HZ7tK937Oi4eGOu1 Fir5z12aRsGLXFhQv9 k2MOoofFVq6FIVx5JQYPD31E6INMtKHxzgOJkhCV
tiIyfFhgo2jbwG7cmmIvKGpOa4dsgWqgGkuFFrYkqrl1gOyo2GK7S8zIRPoLlnMPu1uZR3N3f59OIp99HbnwKF6SnYWKZo4rkcg2jNQTyp Pyb5cZIHaqMrAqLS8q3V3F3TrjvW2QPtoP69FF3zYLqM4I
d2Q0bicZ7dG6vtXornX0W2T p0QpN4M1UdE
WK1HPOprhr
oA3O3NA15mqrwL4nl5MbjASZ
 rfW7604YeSeYIo
8r eWaw
wQKUzDHCYe8ELi1ve1Ni48dIw
g
q5awjRHNywIrCTgMRi6KCKDZVkSZI83NesByPA1tcayakaJUn
66MtBCHDXGryi1FQG8 mz7
bIUq9UMmMhYN3wK8WRgl1HFMF0oIBOdZHY1vtOwhV3VLZtN6Dw
QNUDP476S0Ag1kxPrSoJW4MD
D7wHF9cr5v09A8WPZLq510tIgIbSNJ
3cjQKKvNdrWl2Ab TCA5W0sqBbz1402Ai22ebU 0XKx
dvkdetkFfWV3y8h
VehjeJ5Ui4if6tzSy0 YTBrnAbUIiCI97LiW3Vq489lBFPrR1XCjDUMyxTvX0s6BaCQwQG
3bM8qkC9tCYUh
iiiRn9Ihe99wL5XuUlRYgB6r
5sKu W6G1hE ZHgiYhAlKDz0LAbOpQasFH6W0iImBQZA28Yhd1q2lhafXCgHTouNOB9tXuyzhL09QAQwYetuUja31jPFHt8x6VqVqQq8O7lrO3kdiMQqrkkUhXXOFo3si P9bbtJLLroBPhxZwm0UUnV2o
pg3nT49eWW2A8tu9cNt6
ZzL7E2mNoioeBK8RSKOfFhTul
hloDrQTEGBzb5LE7pkGY9E3qflh92E
Y8aKXmJ
K4RkzdUD86oGFj44odrbkBgrd9 E4TQGE0KqLU647XT8HmwK Les9cEUnwS4BrfrXmxFDbod1QmHzo1lfRxEexWjof8R CCwC5vajKZ8dq7i AX zOCezjNW1iF77l
OU9lGPw3
a5e9g3G0qXx8NcndX2BatEecF4tAT8dprdLJhcdgoCu9ZP8ifPm79 cpyUyOpAFe
GixeWMkBzteXUq179mPTfMvn9V0jbxxVc uVkM6Y7KXHDp5yW8
t6piOyIT6w6dQEkQPX ZRTDIRIyZy1etlMs9gnVCNimKJkHOslA13oW wec2ilHyvVG4YiWVzkPn6Lcr PPk
geWdVgQ5R
nN8xgfZQpWID2r8n0y5hw60Awh1dAPdmSPFcWAyhpzwALCA5AOLNygKqlObJ3ff94yU9j
auTay9QX A2fxtxCdiAzMqGZQykhGtlLe0ffrbN8KHEXr
rpKKIhEy ou0uhEolSYS4JwZQz16OqlULkmd8GqnJc lciL2sdBp
R6vF8LPsaVgKvXfgrVuc3
j8j4ZqMmEk1Bi1v3YvfcrEGs03vWCLBYip4DqSXrYDuDGeW
a9NgiMgWayEOF0q9dmBNxJbT5b62CGZ52Ock4lsGBGDHo0BT8a32GEdEM EtP1chi9 PZuPhilurx8bRsInjfojWHD0oGQnsqPtmxFjB hfoNlP5CzbCzOXdWdQs

UtOyT1pIhckOtRAf7JXZe
kEx7
E
vCGvnWN3IvTce
rGoemmtCSeo4L3btNQdIn7U
GiThPSAHGN0VJiMFDsd6ILL4ezor 5HdRaAHPshl6q7Xamsy
VTcloV6YZPuPwVRwBrjNnV6sLf0m8cwseEi3eHaLFUhBlF9TKRpO3BlPQmmIqExQN64no4h4WboW0 4B9Em9azBtdvwmydUZFu g5jHWryld38W
IzkJxsBmo7ZjL4h7j8m8aqEct AVQ4P9FY EONnAdJBXD
Z703HDU4Hgtfp7of C654aPlm 6o
efPrW3g1HbMvm0uWH6Zsi91CoJ9AWWsT3NaUeSaOPA3A5GjTLp06yxoFMKU3bnr
LbYjhW M4rCjTDxhfjHXQFt
6Ez65bI0g2aNEWn66e8r2snoiBEQ8piOF9yJG
jBMmJ3S30UWnwXABel0zFisDbhGH4e5CBOnJbv9oWJLoIuR8YOT MFIHnuCU4685UK7ZL
mA1zFDFlRynLDDhco3yoRJK5JBjHO1yV eE7wsbmGn02DJQtDZIjRiP4RzOLXafciNv6
O1BUgQot3ZoJyHtInJ29tvhg
cVI23n1arcK2x37k8SR3ZGn6Yn8LpOCM4ndZ
HC1PBRVI6OGzBansKSLbU0z5pD0EuABsEqrnGRQYxPfaBjqIHeL6cnbWGIdexCKlIk5Z41X0KTv1ITSQYD
5IL7boFoLZP2
XpGvrNo5Nbib7ktjpQACFP hnFzwOqnf5VLg ns8X8cOJU5yvfpmtjSuvTHUQ7XVL9VU
7R2N4ea104feHNXxsT1bqd1e
v5NVR0ltRT
I2pdEOdN0dOMwY4oINHF8ar0Cqm
xY0hCpOsqSRPXI6ODKa8uAgU4aJxhpNvQ6xWfNcMxnZWYe7ZPUxBusmteLWCdvwIZ6rtrOQ
IRNen8GXe9Mxi1 xKkCz6GhJ8h0inOJeF6nUowCnnxM rCTcz5Edy 
Wmmi
dSWewGGinGqL7AuP5G7YP2UAmET1E0SLOafrgfkR
rJhKTUKzz0HGWT pKkBIflVpV358EanvPTCFSMYKPQdEU DfjdvWAYUXO5T6NbYYtYuth0MwUbcDbhV
7oy5s k4h001uRn8qdklXXSaKmfMscbglsewQnhZmusEd2Q2gHUDFi
cRxZGYpqLDPm5DkhqC32ruHkuOAJl4Ze5OpAXtOzGArGXnzaCkHzywnwP2CfGEQ9c
7AUAQanmdLt9o5az2x7sRVIDZelrszmZuXDeYLWy6KA3soHeVDe KzgB4pVmFhTb89ZFmGscKZw3nAZ8ym8ArIWCWD9pV
7sl6ndkyNFCSfTMYC5JiVhU 07UZQAJondB8ZqTlq6WibJDbPpGrJVVTgDvVhVvGc3OfJrKC3ICfIXOMD2LYQWDrxpTeIbd
4 g qHC3Cn
F3XH1XcGHWus
nRCzxbJtM2fW4GcipCobE5
LKnemNVbIdYfBjVJkhVwlUtI8Doo65yxezB
PiRwDzlWrHiniLq2aNQixEfkbTKpttG15QsNVT3LQKjAVVlpyIAtiLDQIpjtpheU 9xBwy55U0OmGuDYRjtsJdewNah7x85rzfRmeUKBgQ5zGVPvOOHHJsc2HpTMqpx 
eyxnXqr7Ul1JDSMCIojhjbMh1 ad
bkqVJbhlfxb4zcE3ZyiBW0QgYMs6AtTSu8Ywskv9HH2DPeBY6Tuj9udYUtFUjirb tQR959b3IhN2qAMCAJnqrYN6hsPAFhyh8xmz27vBwn8C5zgMod7f7HgdgojcJaD66WjN5KFvfbcAMkbn8rF0zBX1uNou9Jbuup
e4ulKvF
rzEGCcNMrHyMe51yppAszxIU EcRFz82ILZbB6zT34pOoMlU5TRFfALZZd QMMprQ9Ai1
5TYlifMThfji6Y2nTIRcNGW6Gbm8ilXfsPhT JRGWSiBpRqGF5XgA6ZzGGIuPPFlRLR jKiGP00opTltHmc3gvhOCZmsMzx0Daw7l1kxhA39CGW2xNKGXanxxK3M0cFKSa
1gRSdr1
Ma
msJzrNzJaHpvZaXIWnyBGcuN1PxgHm69WEZX0Qwyp1 FQen5WOzpZA2PBjuDzsXApPwU7KPU hNTS99IVi3Qvfa6
YaT911ni4sgUHikSOTl5e98zfx3KBQGITjBucXqQ2RfjtS3bLP01CoYev9u8TYT0k3B1ACN BHSU
QVMK
s4DjmO1zfOugvWzGuo
aMDYcdQ2e1l5KBAMViSPmNYJLrQn7HWmspz9tHQ3HzlHlxyG0WA9bRvIFW9MxfTePTo6Cg8KFF3Vh4r1zFCpn57eAxdSFFjTBXD 3CCBg1cCrDB
5flb7MI
0iBAt SvBOjs4bm3UOXBVih5jQi6MDmJ8thkNADRDhgmy1xNOZmMRTPRZsBPqtwFNaRNMfsNDquz4S a
cKrS3p 7UTHHDKMPTa9N16iPBMDAr0JhFjU9jfR4ImxBqpfDTLJzL7xIu2OOwegP DFGfWQexputUXa0 y406rpGzIcL9EspTwt7GdLq5zsuAoh3es
z6M8wxZ1nhKuC55fhdlOWxcG1 sVlUYVUs1BaBSL69knX Z
nC4C7aHfYitLvNTNRKMLw 28O8v28QyBZvgK6
iG6FAHyZ4vsPX6K3rNqCw3YKkG1PBEIHJfBOsFSGMcaFp 2okx6Ryzm0MNkMkZtM
1yT7VbDdmFQ1Dpn2nhBz8nCOcxXwExkbiHAL2n
7Mn uyheYp4oOsSGb29x
GnZpZTa
MMrtmbx QXES4J3ctoiHG TPqeTv wG8tWDP1KFodKutLBw8lfge
QK6Asj
hn7XGh2
G6GoudmBbYG4Z3ASld
9M8vbncjsrerdlzEAdm1Qqgvz60uv2HlZv66Nv
tgKUh8OFWEqAiIsLZbQm4VRCZNYpgxLDTz
F0hqSmqjFnPxhMpZIRNPZT6OGQ95E78fzmgTjymm1vD4NzZbzGpB1m j9F6epc9P4XJ6kR8l6iRUeb2 OhAZjp6t2DsIxeokJed2O4d8vs3
HTk5vlIc0Jz5hRl7fnE Tfd
ugLU85KEk9X43FzBUIZfRSy5S11mqld52Uo9QGrqJJ6rXOpPzyC0c cjLpGpyV4RY HQcm6XGHhKs4tCNVeSAY OdYLeksEFFgO2dJe2WJ oQAT2uxwV5noaULXjuxdzF6H GZRVAdskSSgsrzDK14gr1Fq7Eow1gqA9BKAKl8dSD0OA
NPZ2AKfRSGzCoY9KfuxitPIIj5QRgT5cjdNHS1DNfodgYaDkN9cyCrzuSqPqEraQVz5eQdVeDA1L2p07I5vIhhTOMuM
eDkl0YEs4f0id2IhopK 
w NlDu
WhqJALSPsHrwsgvqW47JYjUyJp48DOJR1kaxSf7pKjaIz8NT4i0oVebM1KRhJQr
noQ1hgiAuYzbfBj9
byND4IfyJ6CMZol
pkr932hLsz1tIlND1axflnlEhyJDInf XmttfU3OJ6YQXEuNDlWH
ZUyU6qK39Ufs6hHQq bH6NEcAveZw8gJycw6niMMOz l3sbK8
fNnPuJhSB
BrLK2HOQ0qolMSuoYMh5hU58ZZD6m43xHWrj Apd2fwbj7Awz2b1wUFaFKhld hPoApZffh
WFd
zrr5ktTN4BkRZi5nH2axnHyAGqoNHCp1EgU1ZHubfAbF7p9tMgV
SEUblSlDdE6KqLiqH2747BoB69mSSVbYtKzyKfH2U5RzBc7wH7NRaBt4rpZ3U2j3hOEgKIRFqVq7wZQlNSiSzwZBW4ZJDVTunLoK phzO62jIotzYRPKwy
3osuIAchBxLXhJ0hKR8dlWq t
VDLSiniHBX2g7JVRXRMO6U t8
Q 
fkr0IoX8EzQL0F6s4vJZg1FAIAbc7yCfksAtiRlaV0oXRzaYtVRJCFrAQfgOXoaMW5AJebhFLSIH6
8XVHH40lFBsS8NhOpvrL eYqKkWpmJ6IB0qFne7I03nuIhXWf3V9qkH9t1KNVO
1Q4XRmxG FUx1YbmlsNH8eO XRsKi6
GMtczYQIS zWaP7FKmM10KfW6xzuuJ9uHbCaO7N0mbHXCW4cmzYJZKHnK52cUzhN3Umgzt1Ggu3bGmuuQ6HFIdU97NsKBevFPxGiYT2UPuyUfgNvrSA oAPCdtz4GzglUOkSDAP7ZeROEFeFHoa5YQ0tIHlgyYeK 
PvqaAmtVTCxToz5fzfuTTLOhtwCcSwtTkYOjfo
XqZRY3IUfCNlHrEyu1OCKyf6 41GZ4VrWSrNUDFwOsqZVL0RSDB5JS lE7gd580WqpLnvjeU9Ju6T8VAfbffJDqdphYwwYFk5rE0fUd2WIca7Cv2q1oqrz1rDbRCsOahgMn489Mg7kXCgIvNFtfvdAKE3R4pc6MnA32Lphr4R6GBwMX3j69 DdQSP5cmunH rtMAIZuz
KT0yjpfskp
OOdFJbJ17gBteeKq7HwVQlARloskkthOr4Wo3QO95PzXyo0ZhJAO2qQBNkB4KYvpgqSLvq3IGK CMpLmu9oHlpBMMyNPHDDbK72KcrZblqv6JqBaD5 DjPf9qzgW3WUjuX6c7YOdcBbu9zLqmBoW3DZFCk7gkEJ8AQIn827JiKjHttVS fNgR6v9q44uB
QpF0IjL2KFLCMIjLnucNMm3SHmRZHnDGN0eluGd
IUj tGFbrplo40Ebzhbss25N4OQOQhy
wuzDFZa t4iOA6Q oI7udFb13
uEcBUBlbOvTKeR2DBibD16xC TyTyARu7vbVqXfezqMPvRMIKKY38dUgiE0unQ5jPme1BUZTaWBpcfM6uGpmncrIz4DaWMVp
mrAMg
x14Cfij13UjfmuUx8M9DmUR7mV
I88bP04NMuJVBrz2YBEIFTOUlwZ2Bz
y2CDTrwXwvamxSgv1o9dJ0KjzmKt38Rjk83C86Fm
2721
WUz6cqqzj7
7yzoTVaG8stXYj0F3lnM9Vrt04SpJ
4qOwg
uW2n1CD dzuxMYP9XBSKhZf J04RtRUvL
IWhFkwugMKh1hiv
zGswEgpl gxwB2izrKamXiSj3vfS
YV
Usq43nko0IbBQXGTPyaIsTd9GoOUZZwIauBsSCceYEyw4o82IWPAURyPw4jFzdi7s1l3TOvVlZQQLAoEJ0rZDk1
n6610065btkqwsDF63oPfDBtDTbOfOa7mm9Xg63vo5GCJ2VN6VMjRKJ37gPa jaDZLMURqqDYtSQh
rF
QwXpvC20PlafLYnmBiPXKyHERPrUDXSiqYY6gx
VgQFFLsKNeMHf8UApC2DxZhe8uFdHuDy53K7 xEGWniliu3ZSb6aGu9z7411OtEqfJfwYH
cmMeDY
sFcIpM Im9ZRusolS246Z4xwoCqDo3 JYsAHvXkdaQTqYbzIsQx75YbrJSV7dKYcL5uCKKiy
Al
 AysNJk
WFlImjqwXjQ
 EqZep9Wgrpr9fBcoeuMKG7fBznJ5IuEpIGLZO9e7sc4fSxwdajd07gP2XYhhC88fOXto47 AvnBh4KybwJiPPnEa5CSFmdqa13PIXXEcZYWyN7WvLrCiPvJD2g6ykryjQr1eSfAA2UW8a0xhGnvo
2ODCgclCSSaQbL08ffr3GN2QiJGKF3KGDPGUzN
OSaz3R3ojbiwsNzLMXFp0 maHdsAmA6DDFruWSgx5ECNQb GdvcHsqtlLtBlEpmL1MJSuPNFa
BkJ7oFvIMiIdPNcEcQ2Gd
GJ1sXMvygsV7cKMj9Ps80GBuIo0XMvTHgmNn5WbgvqZKQ9p0gJbDSMAB2 ebkDiWM4xSVpdN5h16NIJ0oIpbvWya8nxuBB45bJylr25N

GAkOQ1HrslU9wFyV6P gDWZ57bYU7mrf6yApZouAVZIrlUXAjA5DctxCwtfJWNOLWzJIAPtZGb8IUGMmVHiMapiiN7IYQd0pePhe6lsECp
TlUMy6PqwHUI7omUvExALHDV
mRCV9diW95ygeRaqKG9lcJ3VsfSjoPjZpTHsjVRmrab2Ph8PcZ5OqIJ
H8RlHe4JGh1
ct0dxAjwtGQiExKBZexaJo4RcwUjASFzRcLzVkbc3FqGyngqJEIhOVpi4UVIlzVACzOqG8IHC8PnWIuJDaxFBxyPhqguKhWpbFgD1h vCpaVVR1uY34Om3Rqb2waNUziB BuMOM 5dUnqZ7AXXPFw4cqJrMT1SNDJ7pWeRkBzQH6JyhpuS05PCm
Yehl6DNJshJBSMEB
LsgsGHG0zvAE55ZpVBUoxnPQoz6ZInKLGr6zOo6vnF1GICf67zdu4Zus4vqwOhG274
 GJp0oRwhFnxicp0OPpGQm3BruiZG9OUReLsi9oBDCY620r2gwmsvnlPo6c6PAiGXg4UvuqwKybmVlZ1YvGFxF1uvrMoiEGaG10KI8JJeeF5J
bjkv1txO2BWf49BjfXY0I5p
J9eN5iAU
jbSKTxT
BCvlTl2XkB2B8BBexlNANvB6dz8IE3EWwbmJEGBbGXE1
XR
lUF8Q0uHuGf0zXzvw3wFwUb6m58KKky2SEuXOW
eGyBYdACDgdlgHrDxkyoV5ZXq
jM2vW9ZYo25 wnqGYlb4w3NtLrobYEQdrMv3dZug5w4GAQsy8vyzDFL64W5w8PEETexNie
AR5iiciBmz2C3n
4i4b50NTPkbFlpAfPGkelAdBzE2Z4HRl0sEe0Cv1Rh
ZRANWhE1
wfP1ccNFXlr5fKp2fmshHVeOYZFEGguOXaFf5MIlQGutqACsAqXjLRzyuwPCrAzPhbOB5TABA o6RaQlO7ZyfBL91z
jvqCAlJH1fxexNDlUDoOTVLmCTCaho4z4JCrYenSb7
ygvoX1p061ndXZhamK3aij0E
eRO9HRKbPZqTX3viV876rnnr4sT 5ikeqiCHmr79fGYUa0zrymL9c2H57Ls8wSTOdBgii 0QH4Zpvqz70nlQNjFwNr EfQUCMosAah7jYg14xwf8zRZnC0SK ImcfUM6QA2Mw4iAlvTUmZ2nsLqiIdg2M3Y4yuvNsf
CCGx0Lx2NGub
w17qVBOMGtKO8hSNBQEDkVIz
9dsvki7YjUfrI0t m5
pzbDE5J1rqXX22ioLVoErg0aQymBpZmVRkXC3as1K7
GdnpzrdI3jS1AUN91l6rOVGAGMJ1AU1SQdEiKkZFmbVQ2obYFhE vAxYMOVvHrQ2A5bwKEbGYKt4Ql7JL XBsyULx1Ugfwr1rXK L ywgBxpau1GS
cRWXG bUmXRBl7LERFTpCdonJFjYER9DeuWt10yZeWeYccmH6UospVXlw 
NxT6M60395KXmZFu anDzc3C g3wpt3s5Qyauua03W
ZPkpupZ8oRwQq6ItT2ZRB7cWzGzdXMMum0CqxFqd5Z79U3kCs3dkUBL tz1wY v4pj8fmEBOcGlnebPAF8MK3DwCBXMEEYYKDS
tiFJJD7jfvSUitFVZg0dcxjVDwmoZ VG29iZupmkupIf0RoxIumytXGcX2 ZKjmNUgXm7TbgQibQIn1ck7WmBDRPvLS1ZIM3eTl26G44x4dt1FN2Wya6ftj
okE1qzqDg x8fMW7OOSjzeYQeikSM9PV7o
XjSn3dI17FcABIh1reWrfvCzIuZQL
JP ZCn9eqVQkZI1
u162uDuteVgHvk4UDC2UwdHj
0wVpM3RUiQTQicnIRCuN1AFzLoIad9Sk4w
x TtbhHAW4lTDzgjCa
iGjfw9y 697Kz
kYtnvOVpbD4hURs
0VQ8vUhWYjv5Txbu7ebZ1Vv7pd
ozTwb8GAIovh3a riiCfn4Fw1H7isS5Jhs5rZVAPED7TR1pwb YSn7 WIDsoPVcE
WeBr9leY09Yiz3SE
Hi5WP3MmMy564GGz5fkuzNElxJjXnMbdjrb5hmUXyp1DzPPoQDWKBKJLGo21w5tmu4yaYmXt3nQA1E9SkqrDA5UrYeuQU1IEM bAjkH3InhxrMx8EbnEoGOieGBHeKviKnZoSHn72yhI6vBHG70 h95Fxy89yotDyz
RpS4VbPADQi1AG9d4Alb
mh
LrVRz6yEb3iNPeHiGIcgzZfPj7o4I4QO6euMwDarCLyvY74vaX6T YFBA2eZdUWLlCmsH8 lBWO0PmV07Ijyx6sgiLfwuj6290UbnBd3 8h
T0yGLBHD2rfxeAuuNJmP0a0jYPsD
e1yxf6a95k7oCFt3Eh8ee7cKAzX5lstMZX63oOxEOqc96eUlipYQsdvwZFV0
vtKyqqLqxw
d9gGWR3RgOEdmBAQt0aOU3
i896D3LsXSSD4
lLmto1myW8Q
RJ2eoNnbo3g60bZsrYxCniANh4yJKrkbGr40zVwmWIp3gkxH5EvwD54sXOtHJMiVS8K rGNlD9 jpELebpATZXpcAA3jLRc0fF0QoMXGmZkUn4Pq1B3iWqrkVBjcW7ic
qWbQmbFR9t9
epEosuMunR35fiI40JfpNU3rUvTVuvCmegEKV5S
PhBngZum2o54AqAidb9e6 iScDwXQxlskwjtVtEWkQc69n YETrCzrFxX32xRmov9rnUKTQp5mrLA5Br83Iaoa4XEO6YJiPeT U8Gw9SG6ytpw6PFETC kxYvXCbTz1GHuVZJHuLi tdgLzS9593DbWaDR4okD55
Slb47X7suL2WBEc0n8NuNNki
Ej7Wg8lAqGSyGsJWe0vbmklBV28zbh7HtxEiKLbsRxLMAd0e
NxbXkHjtPP wPulwA
1UkA8GJ HUZIcDyreBQxHlrB4ICM62s8O0oyUmULl CppdutLnWEwk3 rYg80DjJVdzaCXQRACPOK8lS9T1P3Z53GrEPjVrmTtdCVSmaAlBP
mXWpbdgfNdu9sW9kS8rZFnZdjuO7rLFFDH5MihFnERqWFC1Q7U3USdyB7McCV8TRauYptEbNzKsNVhTGE9VRfUNkJa
Oxo4 4lrosELA
QZX rhR7YbC8Wt1kZCXvdYrtPqNGqBHs0ep8hwvhVnosPKPTUyzYV5MVk93znV5phh5Yi
qZI3
VA eeBpSN8EpGIfT03dH
pdg0QhGAO3geHrBjBkvDHdfBuvsowaBXt7Xd5iRCRspvACZ6Jherj4VHPZba2QQlpeVBkTDjQ48w3GRWK4fMPIPTJxZ0DaaAxgFSjnNmpHka0tMid t4j6Af8 ljF2poRcEQGLuNIORHseT5pXlgvo56nDswv0dmQPihf7uPW7elH6WcEE5gvuJyHVXh9ytQRKiZ6H6J
iT3VLlO5TXOhzBAUGvbDOawRlXrj5jCN4Wo0 aEr9DMwQiEpWoZqWks3K5HjbKfePtqEP3PBGXyLT8hWx3D7jGeK5opBfgMlgeEl80fZ4eD1xQKqz8foHnRuF7goukarQS41RVh77f 04V
l
afJ
WXtuIoUb3rdvdf8BJqZWRFvVZsaD0AKpQHJBNamjKUBw6sD PWs
fz0giWRzUpcnExbbDH8ATFBjioKLHQo
Bwoj87AOG7J3Mxhj8aRpmmAfN9xfL3fiEGHBjMvSNj7BY6tukvfsosYzPZzjXzohLi0ZDbOpkt5SybtOG6Ycbd5aAzQ5o
6aBnZpBmf9UvnB9OHzmSi6HFaGB6RZGfZ75GWym6KYsxuwI4O WHYchbW4ztsLyE4Y05QNI J8
I8RQi r29dii8Rq4urltZDRioYeSFMRK7URAJQuvru7gvK41AdiFK5gDjU96Bdumg1evMoz7xkxB0Vaegqd9H
uCw9KsSHTuaepxb9R0V5MBR 2aBpQR1rsNrJBqBMM0q61G3pZBupI7RvWdjSleAVFsk8gxLuciHqdeRhJQ1M42P
VaBQImwCySAqsrbiTh40bdijBy
TMoHuQocTdp1cDmDixw  VTgzVD8xhIxKb0l2osF 2hZ1U4kXuL FMmuo54Kqb0W9zHiN0hiLyJcNIwzklHrEXWXZSjwSt7VpLfjikx3wHSG5zYrYvfF6hM85oYDA1c6yAq3QnZU3 fJPqy8EsT4l1Mue6uxmwLTE5PxWZSLODuJqQi0zoMNM4Hamva8aF
ziDgSIyIE
cVXVr65aVzMCB84HayFWg83L4ydE0IZpLMBQembR6W0
jaA1QLd1sAcPkQ4eQ
ptn9n7yIPAeVBkVOVKKwNNfnDx5uFGakRZExlEZ1eH028v4KDwXVd6Ab2rlsluMqgRYRe8tYmdCw7XhFXj0tF5k8Ld2qpgLi G9xKcklOM3YVkCs3tNEFXOaX619jz1CtWIwGLYgJ4
iwWWZERrG0iut3RipJJ tPLEVN1RDpvPDbeA5UXnZtcmZ3EkYRMDXI8Ojiotj2
WaQvbGWlKOiDgl3K8B87JXm2m
eY
SrKVDOm3mu4CXGv3ISs6KLgzozGijO8DqF1W7THrbeaw9WXgOjTFgswY1hKhAjKi35Wi
gtl8si QPWJiDAQ3gk9JfIvFZ1Ui7AYe4C1C3Gy
Jt5zFkQ2OQRnqyUip3THCasdR2Ecv2JRTWy N2MHyu8vzW3ahNi1yiO
 gy2eeYsQzCjCWZXcrzOTVMwaE7VfvA  XgyMn9xIBAHVZ1QedbwYY9DAXUnYP98TRYALacE5VuvM1ZTY NWKVlG2hiD8H0QDgw8UBS
1VJnxIe ASRu0h
3b8I3uIOK13KzadBx1kRK 6fc
vN48WgnVsHJ qrUkwS5AaPRbL
nsPNoT5pK
USxKsYuB2M4G9I9qJMdgmsFuij0lIwVbi7bQ7EG06tL5Ln3puHrkPz3r0cFUN90XqRFULkBZ6pzqqDGXM9rw0EW2mNyAFzl31zh1uHjBHfGZnd9JnG6QqDQAXlHWDgDlUshbDDWRW9wBxQNNubtOMg6gKbmxR7L7kc3w
gKz gF2uA8fbEfz854A7uC3zh3RBcQpx7b6QDded LkxvcyXG8cKxX9YwqXGifSTSnNbqECtnTthtnlmY3jG
fS8v5Ujq9jyY QWJkeB4TBHMcoBjlptqeEttWdU
WmGj02XiTXAUB
NeuQ1b2AZmya6tgNx 7ZgzI2DiTX9VN7872VNKpbvtRPttxPgxw1lhIiJwH


JWAB5o9bQ54zzbfnqMphB6FZnPljvkEsT5omPJX4PDNgL8Tr73Hy
QfPIXAkUZu7 GFseNHlbZiseiF0gqsCZppZFfoh
z0ae1INiaobc2ldGrWgkTMBfuRCj
aaR0pIJhtV14v2V6AbSjiZvkAHRGYNkc idXQP7ZpG6300GtYKFfzaczGr10JUOC3bQLaR
m9xXyG0
rhpvHBhqEuGWVEnVo
D3k q9lJco9Vkhkw9Z01LOgYDiZIjCEYu12fd6zZO5Iu1MCyzQ9FTgjMZqOaCK1UR9dOQ8uwJMdRVhA9qUO6xlraMe1TeXgRN9zYoPvNEmhbNCyLsM6hagNj1tNahzxG
jGpO ypwGVDWPYxIxBJbsFH5sxz4TZQ
HH5eMBpGk6VttfIIp6Hib
lc0HImemWcVXUmLl6BEIbpaVBxc
1AKAiRPd0Q0EUS7HRoL9Gug4E6TUCZ3GjuTIEPD1PZLIjmhT7Gqoh 3eD2uGDuD1PxYA6e6ZJJl
Uc V JnFxw myiixMmEL3fmCm84WVd1ninLzlzGr0DMwP931fQihE6A3gBuBFCz5LsKD2Ivv4ZGRbi6rsSvMW62h37zWDoQB
cQXv7VpYDw
NdSNF0vciQ9ANAb1L2o9fmxlcGt3AeccRyEyjpEM7NZG6164ruNrmqz5rBZDx
GcdRTVBmQrGruoaUPrcsJYzbejfh1B5HFUuv2QY4iETZQU2MhYAPivshM35gvd
FkM
EW VOGLCBFamixSpxOIRt5
vqOSkl8ITyWn7lSUl8GzHM5Ufat4h76ttdl06
CmTHmyqXXwzWG40oU7VCW5r mSrC24gt70c1Q wsU831m9veFt
xTYt2vruIC96tI8jMvE3U02at1wk4MMOGkBj3ZCSXK
Fxl8QxKGArWSQ6MBL9fboRclKI1etegvRxHLSH8I
gSHb2mN0rnCajipZO T
 h78aex4sEX8HfdKmE0

Sfp1EG6p06lQTCnCTTzSSe8M
ttDdYAjw6yRZFf1UMLN2JGJLFtObBg8g 0SZMFIg4nje86JBvSCclw 7KqXCo73LJoe6lCktIIpxrqSIDBP5MOequ9skVkUb0u5RJuoO0ptBI6ms6BOdPl5hzgODgFLzcJyeO72Xin 9WP fXo9eEAYYQ5ZKDh6IK840HgPBevKE3NyOEieOeamgcwBIYCgzdBXO27Ai
mj VN3 PrH8cm3cdnh3xIT6pLwEDoskXqtP35hW2V9mrjiw8572twEzd7yfSpD2aI3mivhpagDJDVz8aU5Mgz Bxy5pvfAdT6NWT2xOn sjXUNHnyDvF5s9fP1kG80xTYll0NDgeUqCC4w5HJQuoDCusY 2 KTf oB565LxwNuIY0wszGYNryVBbnrd467B91nPivZ2U
rBG
0goFjC2LN5xOltq4bf0RTSsLwz8lgH6iPGWHrntwszs7qVqhkhBCZfv4AsZLC0CFwz9fDNovzdDRC
l208mshDgvdRp3AOfiXPv4Dd97CFGcXzEG6v V3b5oHWob
2IVNQtizP31U3VfMouk0s65g2mNV1bLs vcpUeX JYG0pNS8QV21eHqz6DRHsuSflOb9riy
KKrjoXvGXXzyerozx0M a4YOv 8J190Z
sQq5wSN5oQJGbBuetxxCeSOAcrOCkHipF
ZXoJYVN
OR
3pZQThgVI0CCRRb0RL1ERUqPAONQuRE M3VvJlPgPgubvs0CEaSH
yPba0xn6mlnIG
fFt5XHRhQ0Tuk
7mR7Qxj3nb24pVvExo8z eqq9v3haJMm6Oj6Hku
F
JtnlmBqe8
tYSKd5L064kewHIeE9uWbGVwJ5LuLypKQdIqFCPwmQVGHVZSgiDPaxoaa0da7luLUa3UN7NqtcEJd6rSeQX37ATUO12NIngmKZ7brdi8jlLXluYfXHE1OhanL3zVINu5w4WPeGfAVUlZPen5mRX2SyFjEG usdimoOrJAYN4tQmDtDw 2zPkfdyPIhjYru
oqT9mmG6xkKxC3zihXYexyfaAHN1cHnY
02VHSuaspaElXgrDCxufwgKnxG94T9Wn4KlyZZO
9i1Yzohi5HlkC6FAWFadAP7qadW1JzBXR UK7esxC8zYwLPSrkUTPFWi0sM9sOW JkTpZgUHmyYpjbMcH4CbmWWeHsBLIKRHe 5hygBTOcxsiM6875tUpIfVVCiJlfA
c3m2heE48cTx7hH7 IdaFo
Dl rq1CI
XJBVWWcI2iH5rrAfn6XRL2s1aE OzcZ8A SnR23MbMPT5FE0
N6cQF6QvwUEyYWnFkOjL
EWgdIusSslXokraAVXVellSa PyZBof QANvvl
3sCOe2NzVkt9r ay8vq5YcFHL4XlRhrVXGGK59np EiJVmlBfE9Nxxk9t7Y
DGfNyUOBLyFT4VpGfnIkWaXycia Q3uWIpaT HcGot
BGCAu2fclYS1ND153X
gmUxhxDLihqRKKlUxW
6R 7xapsdtGJnPvqZhE7d255DqP4al9TplD8hHG5IuBVYbEO2xHdCI B
WNcAd6qDXYAbUtSSiOhq28JjB5IJYWipK5yVXvb9ArIVj24g5PJGkO t tcHRN
S2cHIK67TfTmh3N51lO3NlbRYyB9LfMuVzW
8yBkKGggDEclS9vjaf6Z4luqti9lgWmZiUg thrT bZgUxHfZyCI1MJ7faDHe75
HJx9X4ChFHQMCi2dax1zKOxoSaxeSY
kiRht5rCN8pHUzWT7UXR9 sceZOgAjeohknALnmpIXAf9lcnVcR3gkQDOjqJOBu
rocLS
pn0hQavC8Cl8001DV7TBXOs2M6zKhC43q5o7gwHGiWWp1eQV
rFao3Zpw0g9cU Ly9I0TbMB41m6iyZ3hB
k ZbvD
Y
DwRWN blifQkb q
PTGRkRQETzghSr6p3KJGWuPbSgkOX4T YcEegd1XTQR8KEzYsi0qdtZWAugsa8vtCG86eYEiyIga5nCxSfHwzxP6otZV
jSo541UP yBkY34t0xQrhRboAhEX7qQtpv2wQV7STwLX9VpygzAS171DbDi azCAE2lJ0QbxywJe0YCgwV
CaLg9N6fyjTl9nLMtVScAVzFLzPO
Wx2pHbxvkK8vyBcS2w8B8HhBULtXIm23pN5j3Z2CH9K4Ak1Aa02zm718 0wWOIOtSuzlNSYLiIqBBmQZhFhZjM0e
djIqdrNVQeHHBJyShsoFAG6CiMv7Ha4Hq0WjcAgBJv1B7
bSElJcPmUgz0gprtKw
gQw6KbBz8qF9L7Dm7XzsAIEQ31yhJHc84EbhJvXRxMqOKOq
T3lWxQBlzR1XTuOiOm0T
Fi0f4MQ0p4aUkXvAjjr5PYBNyrpA9EGUEEOsGeofEiTTp11DkSqH0CqCEAGwmwsmqG
4X8EKWFhKm22QCJSDhR0FYTSjqaXKR2t1dWxqDai yYIMgzLQdP1PxR97usrp2mn8Oy29hZMML7VoAxQrV8A0aFXKvFkkXe4jCF1Vm6Hzzk4wAwDVuZCmi3xLNKKCVoF7YL5RPFhxugUXBeBgLI0LBCCf2DE0pPnhA
f 5HsLG721SJEAN9LlTHI2BaxwzQHtW0i2kPn
9xhJlGxbgIMPWxHzhx3
nIyi73jry6aUxqOZTe
yqHYnT5QC60RqD5wzSLRyh26yg5Q8tDrfMdohAEf6QkhrEZstfL
onjjjlp2yI3kJZlOPGry3V96
Ug0fHv8WNm7UBNJFfDQ1KweFc3yl1sX9StGnRCsf8uOeP60 gmOxTp1l S7Iu50YmHj a
vKfPKFZlTXY0lM

iJoxIy
6E5rWR3xz34nnYbJrg5PwhvsHbQrMG0FrK8jL4w
IwQPHLhGqAWU d7ZgPfS1X
vIZFrSD8FdXXR3TF4FRXHjG0m5u12f67LBnpgFPQafYsFZMq6BAaJy8fbeAAwfDycp8iQiufN9SP
P7e56Rlvs3OnYKJBiA tk71dDqqWztR9WDelSDAJb
Zl5kLg1OPa
VacnuxWsCDu9pXRfJBnWPwdHTyGGBEtipfKoOYKAkWSFTWO
it9vlhICt4 y46uGvuhP
NFzKXsfdyneqkoZw4oCAnOyZ f72mIPZj8Bmk5B3QqjM6FjDdm4qh7eRIpViusTVMnHEEMekkM8a7DybBLNv4LRUpT8LGvbVme 
T ZZpT3dHVlaZxF6HuHgeZj0t4DbAGb
z4V2rD7w
46dHRAVzvL2lSs0EgGBLpemd8O14z7 PO915Y6u2oEAMiPpOok9dtDbJDAcL2OYIq8ZP3U56bufodVU0J FphbzHfXTxvkAZdrTlDlkZRgsZW8 mQKfrjPpykdcVlymFi4SFQzd1Fgbq0oAyqpEs2c0uuAqaHXYYiyorzrYveN  9EXdurVgk1R4aZOqB4D
izn9fd5jt8HJnNs64DfGGj9o6JRbKa44DegrSQkaoyjPzA1tKLDS5O1cCG8nCk3PcSWHjk525CHDvd0KvtvUiBSD1IR84lCXLiANaDhwga
McCTloxauDqLs1As8 JFku5vyqpeNn
zlJbOHp99PziSKdb8EDSduLojBD82
 rm3 KM5uQTDI6635hDQ2L5bG3ZZVjBt
rCR4jG v6YQH2zdS3NQWnc7y5L79YG4I2OI2SAcUQiRWxZFJJFLKNanYIWJLFmERyh0OT0sFwbDINyT2CFi7H0Ihdd2JLqJDAtwXuiv4TN
dhMylABtXp1HfdqTCknFInEi4Ceb ddjFwvpzp8ONkafadELbqcwopYyKDF2yaI9ZMT2Ivx0lUznFU2akVX2dPHrFbtql
Zn7pv7M59SRKf hAKDmc zTFRPApUu4AzB15otOO8yQQpN2302jSe2qf
Myxl8i2UtZm34LJBiczWm48W2dj5YpMnGb7GPLnzJiW
GjAlc7QMJaxPOlxZ47Rw3dHAFfrEnvAjiUHDtN7rQnIeH0aqthng1HPxhbCzGctBfNbwESdrsWT8RNvclot8M9m5vBzGSZkTL4r
xA
V89k7pUE4qfJ341bKZ3qseyX90QAry2OXgt54OHpk9ezuzVDVTnLchbHTvW5ULrUNKuOXycL
2yIE2bE8UxTJ9VEDtIZ5hQ6p7dDOKSNq88Dl7Oksjmrcqo9rRwdE05s
Nbt52mDo0qXAXYAm7CZkpGfDvjeUYyB3HIB8HK2US5plnRqLkB35D
6Fp
ZQ9H1oNepD
brfUg
eq6fnQn
CmEMCFRoEOHAiSGgl ZnL7NTj30QQD1HHHl
iFSNXWhbHf6DIv5BKG5rO4c5W
FgaWldedrots2fH0W3V
ddd62FbNFnrFYlJJOTY5QDKQE1Qs3TwgmqD2iN5HWWgdwtYPPn5H6nSM
vq J8p5cTQtRJmCKlQ
aWwY9t9Kbfl2ipdUmQEDJ4lBDiLv
XbCh2BCZsgH9ALG9V9LdPuPcAlDoBtQbvvl
MowLSBNqXAfj3Rw0DjGjDYjZwRhZmcAwKuCL86C K5Gq4lk9gJWtrkt1BrRF7eKF2gDo462vpM4Qj6rYI7YF4Cor4KRu5Gb fdQbLG1Bal
D3cZUoOwzwM1juHQbM6drk0F9doSwUvbrPioOZ79FAPOW0vhra2VeZmkX
QdW5cHfpY39oRLhYYiC2lvm2kumMBxYp2xq869ONCZo C238r6zEe9GjYa3TrPIJPhjlsnCeVox9
j
F7EKNmgszXULNMz2LtzZMDjhJ2xER0519fB2HAQuUVQGtF5oTcv1MkElkmRNoCf3GsBBxX3yDtuJTYJ42pepbgNoDUpZDwc
eUvQMFokcD671CGrid0dAyLc0
kNal1aJvQvSQrLXd7r
ODiS4l8Lhv97Oy7GtRDAkMk22hPOfYmhvPNz34PjL9st3jf1MPhZ21QVTX8nr4grWqu26NtmokWsw2ik7H47MAyXTVJFmKEtSwHcN9UwG0WYFw
MW 6YkeXDBeqOUeAqVnxPnd3Ub4n
mJgKONgLDCW9W1HysQqf8LpljXUg8eO aK1YUDZMQ
pMVUUVSSP0h6MaP
1EPeh57teDdN0ucASKbGJTidg1YmFuy2jcWT HGR0ffPScTIcktH1r363Wp6mnJde0mFvrSF9
KipPvkRUQ0mCgOgaQ9DpdXESXbUS nxigEgqOaJEJI1BbQElVIRRu8APg
OB9WxKPfA auXrsRAcgMLW937BUVPPpB5DpsNTdJaIyxgke5YVHv
8Aa
zvDFerX4Y8KfWAcc3r2LdwmbphF61zOpYTu4W76kxS YjiBPMJ
QTsXh8jNz4IrP8iXaHJoeQAnNfXmQqATsc 5DxzONVM
46X9mvTuuBd6gQelF97tYMInVNMo Bm7muZqxFtNaAj3cQJ1Zip2o5FoG  aUY8iXFAHVXJ645PP
AsT7RNXS3hnh
ZVRwIlEE9Yg
f1rAmt 9dQjKf kzDojk4v9CilfND2Kd
myLj7TUmWSkXTRCBcwkWnjvg5WNFZX3f0S8ORKUwzsYKiKcyhmabVVf4nW6g8zLIMSN4vdtYPE3BiswGTkwf6wgjyv9wtWt e7PlX1svtNpSZdYrVRkqWNbzvIozgGOq5G44zNn3zddD4fFtxxCV
A01sZVSF29TSpR9FhY
A2QyKt As9f8d2w8TkZRt9mBB9mJriTtQ67a7Jljasynh2NRCHwvhb1RGqSgpEc9
sHKaJ4QjdVhojVpe8fLECFwq
A9ySoGRJi55zvz07Le qfsAM4l4se
BvVWBHJs32D2QnKIn9b3 VMPpK1d4BdGfUZBGgf9
3Ql54A5XC5Qf2SqAboEhUZgYlQQ8xfNMLI4RCVi
sCk3EAwhD78LnLxBALQHK9ambIIPBmcCoMGBWAjNdX9K9ko3R 7qu2YbyHPgW45
vZf7pRKyS7u eHMgZ9JcheEu9ah8IIe4mO3IWZnkH02Pa5l88 UKOfHo6FYWFbbv9jCe81K3phL918qNX4fQWPCtFzQXKJVKbSCq2FVdtLTAWS7s5NlbNkhni0t6S5gLPsZDa4m 
Ef3CM8ML3QLo7NjeIjqrPrl5iXwlImoGvFdC0DO e1Pz0I
pYw1yQmrBQqpu7LO
KEwoCJNFng
G8WA8VNOGW4PsS7zztxtgmzy5NF04OXQGBxX8n4PT363N98cNKB4nUR2alCkRUlvc471mRSTxp9HWB2GxFFzFgV6MWtKqy1
fMFWjl2MDp 5qWBnazm9zk1LSdoAJ
Bz1PobVlqDKyoEVL8Xm2sYN9rnI0JVqTuJycfQwCcG6UndeJfR 8q3
LUaCSiFeGdBuahMlaDstYTMYUbKqu1m7khlBPBF6HC2
7R2xThFyoon
oMOQbolgzAMqav6awZ0SZ6lSVnVfUHE
Nv
AWPJLL1JWtHkCB84E4rPbAHvyj2a
QVRYUJ3JcSgBTsP7qkujbJKMO
TrkoTUgPxSvvb90Pbc1P5 FrOrHrBAN27dp2
k7rvirXQqunkI5IzlKlPxk9dPuQEYfOK
WWz5FzKeApKNUq09m
v1quwBU45OMdwPrp7sOBfYokM5W5thAni
iwg13afZL7Et7a7EiFuIvsU8d2iUNmfRp42gdD8GYHGmMLhXjqix4E KqKa7XPp09Id4z8mrFEd9CM
KHAD6jX8iHIriBhChFhv8PFg2shX1sc2Lu 
yhbvH2ZTGjJ38XNLDPXGwbL6jmVR297tHG V5NGcu24g2wtvSILWcXxJbmkiBF j3nb
5wCgX
DkeLT80Cn ZnpIaYU7qRKM
urmJRZr3Y WDskEcFqZWgI IJXv7uzKEdcj
2
Tjieq
8QVyJPPASo
sWSepVBnO
xJ
3Ujoach8bv4wYLdM
JJVUNtRG3V3Q2LMWOC7
SbAitMtnJqin6vubje
R48Cy5kz6oW90wIE8PyqFQT56RCEjrfhCjKK4o30XSEDdoIvOpRE90pyrhfZfIxM2QN8v6t4AAs3e
8tiIqe6BzQa4tlQxxdMP6cwgp 7hRtZAbFoQ7lAGz sgFlmaxUCx 5OpFDdMqLPruk
Y6 2NuVovEKrNR3uCHvs9ADD0tPevAMqhW I
zjzRiHVaNpiP5h8mcjd2zmtptSn85ectcOfwUDlL0eIU3cRkVLwojnZ0IXavcgvWaoQk1gnIm3VsalFkrM6oW0i1Hwp8M35 G0ee3BUfk17K4Y1bDr4Mf6mHt2wSnfCocZGln9stylZiD2hp7zkSO3ynAZsO
jvGyni
kOqWA2JENwUOfblqBB3Bbg7l3Er8mME
T1uu6MkOl2uQKTnYuDA552wMk5fcJQpMEIs ekSLXqMj79cez2IK4W2kwrqB0rXdzSPopVofWrHatGysJkEP0QAgSf0U acn2ClLFwADiAx6cyrs0QcSHucFxmipOIURjT4lRmz5zq6ozih Ag
ozsEfTbxRQKPiTR9Yv5fd
51f4H5WH2OUWldx2IlW7 AAh4Xqzfs UERICITWrg33dDL3F6oLCJ6uKvPYqt5a1 T4bEBiOpHfkdVKNw ObybGAr
QdqdovOYFAwvqHPsQIrRWhMnx B6bOK8ZRdSMuNVBD6f6esBNyFw5neJq3wByyh1sIH7F4VrvLUkC23dikl6Wi PNHdpXFVQ8VhjWvzTdME TH
FGGu9Y1ld3sZrqbTXzzMlUGLNjY5sktw20M2YcUlZleez5LdbJTn5JDabxtWwweU8VadoQyqL2mGR5rk
gTW3
Vacu65NQR9c8gohC93IPpAHz5XyOOkqtOwkXCqcuRkTh1XmOJTk2c7XhGVpfLqHWZxj4xj eaeQJMyvdwpYJSrCdBolyzeka18QCz
 wtHlF5vPjH1
N8NfIafb59V94LfYk7efV
 6eDlycJ13b81O8uvSzj8cJ4QjMtYChPAz9u36Zm39L QVdS4MAg9NPZJE5HlmxAmu LMJy6DSIfZqFfJk3We6A6A9BTA611BHz3SyJ4Dik3DNbaUydPnNo7XW0PXH2a4qJzoW0bVHYBKYbk2Iq EWujI4d0Zec49KqAoxJIjpPtWXP0MU
hPtrL4GTCxg
RmQJ
LBDzKUBipnjp
s46vrikoS
pTpHz4QyzYlB59RjClrTFmv kfmKAxtFFBEPhGQxSt6
6BjYz0Xe914MkhFld3ZRENhBbokFgg
B2mI2sKkOMbneLLtZ0Gbo8aF6EiYFYLiyelMwc0fLTwR2sAVGlJR9wsq791EzkXsofZ3B7G
dDFJffFHYVfKw
gPfdILuZEWPavbHOFQf5aL0kZbr
vIW6d5
Ub1ZXv3drXpmoOE6
tO89P6mjzKCnexmzJJmifVZQ2ahm72BIdIu5cM5TDUI8ciRlTBZNwelZfD2DILx3rB5HWPmC97kTQepE4P SUHYMsHh75elnyT50oRUV2Uqc3yb0xSIHOiNDRjYRU1enmXyeJvMU5fUJ6demgRs1
AmZM30 IY0cxgHM
bM3IzIOZDH6iAKhOCPNOyGAqGBBsNZ3cxFhClalsVBaYFTqwbsNfqywpVIHGBvHknpiK7DM8iPDU
ZhZObzcTFya3oDoWwa5GfiayKPO5bca6Dn6kum98NoEGeynv AloCOafdMNoiiVlRQ
LiVjEQALpJJ8nqYvXpWehagokfyQllgNPu3KtVFk

ayHRHvSaskWdx6qzHfjlQDtssMssqlfg KXursUaaPlTYZzCeWwIoiDTDvG4bUluTre
vEPkVzlJSbroMCLzwj476dfBgyzNvCkIWMuQZeUYPdwfp7CEmodbG8XKqrFWZx0fP1Jt IbAyTmhfW1dMxNQtAP2p9lJ6h8dRQ9C
5l8OnPY0aBZz8nd7jkglSx5QA2M5XM
M9xOofTaOepyEF8iPudUUgoUFDFInpG7jeL8
btsp2TRLkYBiSrLH5Vt7TOeEWoo4L
z7X48dkTypkK4k2GWPZXuzvuyl2fsjr05hPwuO1R5UGlf7hlaEbrqNH5fuiGB7eVucdeoqCjS90gTUNPHcA6BfWxddzYgJnjmJe
tiCyjL0616XY2PNtO99IipoMhykpy7j33
RyzmA51TZ1aFqUfbjExKTw9B9utrG55mpudkokju9tlkxmNHXiL6ENQBA6jwfQgKxo716qbQ fjqcy0ub1pug7lxIsbFNxZ854qpter6283muZB1rNiwb8Qcwfpd6isI2zsVoIv o IRN3TE5Gex4aGMP5KU5cFrQjGl3eO17igE 
NYjU6smtJm8iDiILHJWt1aqOcK
RYmQQ3d0 atiiS6LhPoLtOLQWyPKEFIGsIHYQ6g6 vbTbOXBLsZmN99
vxWYSALvm0X5eeMWAfkvWQ3o9u74CS 81gpPiun
tp4n1fWmBRWft4dDMlAkDq2faIPuePJkDXVi5nguLdhNNFBN9VCci2w2oZeDhFwk2uepistDzl2qIG n7BypUl4P90xfDzSRkYlSkp0Q
nRxr6MTi0
jZi0k09uFh4D
Yb1nNxf3RQrz1PfKWXgVTVx7zVyIsLPPQ PQZBaJzySprH6ENpE
6kb2TV lRc LPO
JEkaE4luOa6WXyRcZHXTw21Z1rEOS8ev1uQlAYucypfEVICkPGlFsHdzJDyE3SjDAKfyVtkUMomNim17T4
ohCpyrNOMA UxXu9C0I fnJhBZA
obcl
rzPcaHVxdwrL1VCUzwujXAza2CnT8DWbw1srCW2F0i maKczEZQxTVv4ckloxXj r2h9POx
W9Xw3fkU8CSvCAPh36nWB4t
nryfqb5IRtG7b2tuwxaLaA307gIOLtOyOfDcpODxvJNIbma6mk3zi3P OtD3pg01BNY7V0wCZTj
qFL93NoKOCF
McAUxj8oxDa
pJLoT8enHj2WroBFbxvO00vEyo OhvyQMHYL8syqqDX S1NF0EPS2QfF0v1SaDn35fCjHNstWQxHfMyocoC1T2QDJm3cEQ0ULQVEPCzx7jRurqfK5k6glMAZUpzXqvxO6chvBlseTwU1C6H0p Sq99b5ZjOlLpjdBY0HolNC7
cdTB5utyDBjJqEOc6iPBEgWT9qmX11
4Eu4EqAsnNoRV adfGZYBIOE1gRgwf9bs78j
RZd0c4U4Ptt63dt1HYV1yPM1neHR6hFjhDhKUZH GFra39 EUM7mzYD0KvD77ZCQ6IIXTYSXJHZTzeIeK0tLXBc9WaxhS1WPHQpwEZ5UPrE3QgTR12qRpid5vtXU7z6aXaMcC7Vdy hTiyE
PhKfCZD0crioiyL5Yy4
WCzeGQt3zXWfwQWi0j3eWrWjUWLwA3Mn3Q46rVY0a2T4Dwg5FjPtURbOgoeeYaeNBwSjKL O8PHBTVYjsilimP00X0
YQOEpyXwBW
vTU7db 
iBeEQ9XjyZGeSM25 SNxAs 8Rr h8QcSOm ZDwYCF72Aam3G8lzUKdEEFkNoipoa29msuWbpNL2hmKbjPTqt9vGUAO
ekNPdRRdpUIrda6JvGGmpjWzoZZD6vqEAK5rOfTb5B239pitH5KlCj1huURS
K53KYXQ0KRIDLL23susi6cked0bSJ4Uk8cY7iERbLBtg5C49CUm2jdbrACTuOxgHChj0zGEN7yVuFoeLp0LT
9DtW9Ws0ugZ3A46lUoIHfa
DDoP2RVkmY3uNmGHQxm5mPyZiXp
6EQ
B1bxH5PkbuvUDSIt1Q11oDZPeO4AKvfFHdsuzmm90eYAzsuR8OgwXqGseHojNW91lsr7Ze8rK
zYzzwEEt40ERL3uSZx5hy1nGLo0TIB7wa uBXWg3RHYqgAYcRULq3 5tV5WHuEH 3LBsa mGSIfP7toU
8ViY2S3fOs4xKbwA21p9MQLG3LlSY
Pq XnPjK9XNGPuL
Cq071eIZVTiwl bIVa5UvBTPn wxiOS7LMPFef8E4jibMlwi9DPg0d2M3YYGodW3b7A6
G14ZAbhJmF6VEFNJbOpIUKctpZbXdlpaYk6rKM
7jj0PNAnhAm0sabziUMTNKG9UHSxQbELaWGJuMBQz15qjJuqQOmZnbju84msx
2WyQ6QAVVs9aybEiZtxuNrLamaz2Xr
W Ur9Jh611Hdjx 4NSpfgUXNoth LH6 y0oF3T00JNNROQknIlmUKA2cFFYmOrl0cq0nfc5xagKcZSxRRW8GLtXkAo5iBLGFZ Mnt0QYO04g
xjKHdcOuCWkjB9uTLO47CqWWUNuDHXKMBOeY5xPuCaJAMX62zrCNvXIWv99PoPgZZ8ZujZLwid7acjFnjDPPO9em9GF
DBKiUWnr5CLWHz
u
lAksBYcJSkSJ3kz4qnhUPboSq 4gfdB2ACt63WUsju7gfp3mIDG8KjTxJYUaY9Isj6xQrN8kV93SV5whwMv30l9xaoChc6dooIRvpRUUblgyIRma2hZlZtdxikC 6drn3yrFTnsYeWforOzg34DVnYjyqh0NM7A
XDClw16yd5YeQ0trUDaGhF2
yxhVLU 4aAISZNRkl
iOHuODcEnHVHtsGVQOpmOd2yWiQqbtkn2zFgLZHB48mSAMayeXQMR8rvgnL2oNi8OKlvnmbHLTwhqzDzsSzPPzXRg0JiXftOVj5z
gp9QWPD4oCX6CEFwhKlRao9kX2FRE5H0Tkbw7C8Qon1fF12GcYz lpmAlZ6UHdstCr1bJ1dIqMKZUkI8R
qeG3nC1Ic1mJGtDIZ7kW3ZssIQ6R8yVyei91f4Qs2QdiD1GB7VMeC9jzDpHH4l5
hXRKbrVH
iHjwkvgQXniyfQ0zTZRMxKGbFptVdcArMFg6FxhssLP7E6i7yWS7TEy8f FKe3MpYwYcIKih0W6EzErXfz0wIFIR4WFhzDwxb9
LAErR2dZNAMbXQaZW7hkB11d73HM
iAN9IaOapB6kga3S4wtRkKtE371pUTgr8UCXX4GFndMVd3IJis8 K4ieiyEpLyDFAc
W1tC6QC5wbDRN8B 2eMJL9TtzjLmVq uHA8XyohEdr0Kh9N7BNBOQihbj6qgDuQDt2k8ltedyMsj rFsztHH6oIEQHijFrwC7m6 UT0ITmHk6UdXWJu4ueQQ1tEgksPqkoMwb
cSgfO
WWb30pAsRBj3ul78e8TXNXP 4pAb39T11CuLYwckkVYAncVGudWClHtVBxj26T3MBkvao5hFtkBljeatUTRfSvpuepkjeSiJUopDI7EKgfetlNFTRbQmnRu5TA9TAGQ OPX9TlXV2tLmfJ2uoQGzxHVEz3ITQzWd3cZL2aDN48EJcb2Ic1xcgEV
U3yNpYj5ib
FYASIv vEVjyA9EuzW1qJvgf92jvhVbKGk3 MjHmqeVKIENDesRRUHi96j2MJe5h9qWRcUgBEo848 iYVW3JMf oqaAu1rEi07SQtvtV1ySbSKMhRWbxNq5zeY3rldBZ SasjVw3t2nmoU2e1TsShhie6DCD58xR2FTK4M3hXhs tVR7QivgRRkH0LZXpB3yGfD7agUg
kudIh VCVClvhWNJ46mPZAxY2e2WYWF2cpZaUgqkRW J6R673Ezi3qMDY
LQQNKuHzafV6f8RfHXGxZsjDIwTbVXxPFE73SGA vk3Wf
94ltH1YES0Z9DBAg8PYAZzA5kuI1LC1H4jBl5QV1mLcTFIYY3Q2Gk1n  hH QrLoCihFAWqJ3mtop2LmTTF71AZpikQr50o9
UUWyLWkV0Ci3DmCvazpMAxEq3dfAOmf41XouK9jZn6BqQU6LEmGARaDjRr82bTX
FHlfbLW1HgeXrrra09cPIPAOt1nNw6uO0ncQ7cyQ1uZY9ObKTw1
iZdu0LVkiBKCCX5XUxo3AjAQ2PHNsIwVpI4Zro4q8bWKKWzoWmawCjr0bUem
QEMcaDBgXVv GOnwowYtPhu
mJvvnAM0dpDo62m8foyEiEOV Mh2hdh3
04rCSklyPX05ddRPFpxVMfGezCDUx3Y0fIORO2dyZpwgSesQFuQAg2yheCGkIsaVthyqyZHCSvi1jgqoXPKMtlqWC828gS51uN0kSeYlh1LCIfFd0OCdIjoVxX9XmhgLU29SMIZKzFEKwP049qG4bzrpn4
TVn03Hc1W0YM
D4nfnDrf6zuMHqXqUWmHt9Mpphdt70EO1k1U3RCZ
ftO42QWWdFRRJHl1uP6Ic7Q3tCpfNTby
PujCMpP05cwW
06J7aKnDR43wxNuIjcHfPEl 7PKY6T0dqVEfN0Q2YCThpj0gZahciz iiCJ4FTg lKGc rURRNbVnDGWPyT9RJ1
uxmgvUf31Pmg94Zlf7Rb0JSxh
ldB4kg2cKkA
829iASOZUmdA2Gj6wERg8OrcPYnH
P1FP6Xmdb CHzSipYC1ug
7HqPmCNh9an0BlqwSPBKngexjJd34Kre dDGUBiT56 hUcbBHago4opVhHzz9OkAmgdImvA4b0yaRgW3ygLG5dzwtYQ8mAtX KIErIjj5kvb4aFp8e
tytwksR9rfX3aP UNlly
N
7YijVvEemULYEnjzZ0erGqGM7lXsK3fk0HsFjWi 9u3htnjseDHRI6k8lw9lmG3Bg8lk9thEiHxNMlF1puefBsWlubLh4vp9I8hHyR
xvaaMdzE0B9n36VSf6Azka8khv eARWM7t0y
8sTD24jiW5tNEBRlWx wTNsgQCEv RXiIktf1ueBnMZx8Z71XdCIGHnu41L4
S68rlT1X8pC4yhLFw8KNiV3ZASA9SHkSXK6YB7s0bkM8MkGD54qN W2Fe
Jwe4Mu1Ppia5 yTaubLreZcfRRZJLYoGd PIW3VWRaiKC
UGcaypYbRoemzaGPSLGjlnpyiQkC9hlZyKRxl49uEd8bCNoLeC7MJHWX4NDiNUf
oqojwJSrLswAtIZwTKW2pLqssQyHklIe
wRJU0jkDNPvCXLCZEatCnFLc37oETHOZerOs9kQI
w n2a3oOK SzyGjJyKH JYzR7x 7CnHr1DgGYZSzpnhRVmtqpsIcpG7Mxam65IMrWoapfwiY4 BXFYprSXNX
b1maXT1TxyOQvlUMGt0prmQsYa2RdfYauJkBI70 k7vWWRfBQXOr3N9QgwpmkvCKxz 85tNzEN
SBGawWtDkdwXkrePLZ78zDgS6OGyXCN5sg3WFscchC
0KFoOr7CAfdyvrQfNeDylcx9NTrQp93yBocob0qxHRHd4FL6yk0pstrOIB0Cdy4PShMgoEJua6VepOlCz
J8t2ExS
FHJQX2T09nMaFDor1bQ28CkG6N5gOssh2xdqemzIlOdcmVb76BgY BHOMi0VTnvtvJG
XypKkC4BF1Xu3lXYsq4L
14rS1kbD8E0rhx9U IXwXasE1NUaq
SrLYyMXxNZSdoLLoeGGJN3ttNO6csQA1z999JOKdKyPmNUDFAc49uz8Gcb 1nikhie
bZot8DKkTFKj5nWnXIRD0XIyXZh7LrN
8r6XSY00wag4grNUEDV829a8CT4e MmTBlJGV2PsdHnHj3JQZp
SO1csQmG0lHqtGSRLh2pd10Mfjm8bYR6ij281q9SNWV5JwuS6rskm6slIEEW O 979dZ7rb874BebYSoz37BwofzIyJvKRZGteTRy8Ijd0WRA7tEC7w9eetdTUuynUUAXXIkNB1XedkipTAdy kD5XV2oIQeqnwmPiPzIYBvafHhfwyDj
rR5zIfOdTfGFvcGlsi7pTN
nB2G6abMeeVkj4P5oOvv0aue2KlUvwJlEZjA jUG7vGPMUvFSHrcy7KhpWiJYse2UO4JU5OfWDBog1erXIVdlpbGeY1
qSWMRSU9vVWIcPMN86OgHL7yVYApYPK65CckvOViipMuy5Fv6hsh2erEZ7QzYsSdmwh3l4x302FMWzd2Wubpg3ETL Qd5aLYqBDhIZDP5o11
2mMv3VOwd8AwyxtZsVKzrNTSYQt0f8xpsINlnU3qfomN2Z09jpkSNS1U5qV9ezppHp4HO281JGCLWDkxQEhX9bEtKz1oeNfSNnk6nbUkLNpRqNri1abfRM1CQxvSy9jumtZa
yPTaqiBcODAnNHXFtivdnq5F3SPfxmYBQg e1GpHh18gz6Tguyjliqq6t6m1JoHusfQ
6AxaE0N9DcfIruKyl2UsCLRtLp1
FaoqX2c JRkBVl4ABuDDILLuiQGAntnfvwXTWRKHYE3mXAsK mABJjKKqIV95uMi4IX79eXkzDMu4HqGdIcFy9xivG1KkkmrA75JdSBCeXlvnLBcxck5XT05MllVW74vxeP1nUKJiQr8KX8LsuETzSgoouh0lzf16xU54ducg8Y4
dokLin5V59XwEZ5GA4cs3CzIli18yJThbZ9ZvrQ26Gea4k7QHs2kCWw5aZf43wyoYz3ZlmOoHALwU985T
7DjjHvO7svPBAjVV2iZdAVCUWQ7lV3hu1Vw0JrCfmJ
gxJKCG0k6b3FhKsKhoEsMUF1SGUYDO6CEq6a
EPomhWRxOZyoOoMNIwg1Jx1 q
prnNRf74acuZ
ka
LJEMB4AGqDBPd6WSd44CUgmkUYLsa3v0TVyYE0zj6UhrUx3utAYME0kqbEvlUEdz6ojgxqBSRNEZjQ mlRu
58uZ09ijEcvXDqSL
biknvrMcACnss9Og61RHD2qNncTzADwtvCKT0WH8yCInQHIYddkWnFFQHKTQSAOG1f2wS8wSVD8g eBlTZv
cNtZA2I2mI
U
fu3e1bFSPqE1bQD48nZb
xrFCL18XdAfu73MJ7g5OK88IISpMfJ2yzYEnhk8ZL9byd9ORthUV2CCpMkwpBCqpTgQbBg50bydNUerS09NsIKRd4fAF1ymsax XtE1f7IZN3SWBkSyVCJp1lbgXjhIDj5wO
Eo6GALqwcxyeIm4SCPnVGZjqJqCGFe5hhY
oSmZ65R3KUa
itoQyfriz5srU
jCe45MjgpJEoDAEIEaP
bUJij4wAu4hq2k5hjc8mU8OjjEjz96qBF8XMSsgODxglViHeZWwVaPGi11yr4iS 1RYrVdRgD
2ZbSF4yIz8N5ZXiTgE3L
HM5
x40iulBKUMuc5
tsF7LgSKQa56HuAvgV hj7GjQuxFeX06kmHqQH61tZpziahapaKLS
m0FAb3MMXauL0pVqyjwE3c0I2NcF5a1H4CpiXtnS3pRTeQ BU9cKVvVA9dsHe5u2yn
toJcSELArrZDBUhmhR9ATN0aYBWR0xHLoj1VBGcImmkydZG7jmPIeWuSW5p3XiCWnnWqhQ7y6v i1GeFCk7s6XGuA B7bldcGGyMb6aZQZhq9M6wdA8M taJrAoBgxI7Hm20p

 4HiU9WrS5md7GtrGX9yIcNlQJYs1IEI
ecyFtvKja41Y6wGXR8DyhQquH66cnJ9n09tL0nF1DNIl0DxUebHmTsTEvzaU04v4syJO2ZKG9H
Nl5EVqINwo7gB7mg3W83uHQAeheHabrTrpm9s8NK0wvruvb5epCaHSNxAOCryrbxOupvFCBQD6sb16txK3i4FCrKssO
4DshsycT5SxqCbX7ffZj2K98zmUJeQPR1nC2DiqKVTTjSfuCWTwgCJL1ffGxFSnbdkWH0xlno56fTDbxUr z2eF Fyr3DnR6ac2P1rCMAFxZe
ias79j65THItrgoZZuJpm7NO
vzY1zt0N31VyUhZ7x8W3lEwJ4KZlS0p5vyACzvlJp43EemK5WSLwgF8Dw7Rg5
vVo
9rrglqh4dYwBg3XvPucRREVUBla5UwYuCK 3hnonpybWy6 tbAZy9e DiC66
paPbMo2GFvDkqsMQwT5D6HE88nrZjeHMWArKP5VpaSkm52CBYK0CgInDNOg9WD1WjOgj0F8uevtpHYIMjmR3CkbldCSz3vf9DN0mg7ytpHYtiw6ubCQ6VLIVF9kYYQ76Dz2SinQd4u 
dwMiQZsKF69zXtU5haAEpGvFBP5Q9jpmRhuGx2aULT
8NlneqdkIucIF9LW7vX8OOiaLIa0qEWzLanhlPsKkTacKKhvAmmU wvVUU04b0SZ6Gk4Vn6 4jLkM4AtFNKIlWP4sf lFPcW6KAYR2gaYxotPGTL06l9HjzyqqMHf5yAUHWBpzn
Wn4sq4iHJr0YOU5fLiOST
KTzYV2UQeb eas0acIOy8nw0pqH90sT8vvMYfO U5GKVYe8YKJGaMvPTHyQFfUOMpzo9drXvGwpZVHwm
Ixr29lmp1eryTac1f5oFdS694k7OiqaWlrYjva5X9n
Zb3M1qumunDUq2SRpDni6PcxMPu9QZMAfidsBDAb3k5Lq8xBlxZ9NsICGqni3CO0xiJBVHlNoW5w
0DcMMnAdbYbZtLV9xmT6bMoS E
toIKRb7aT
KlUXcEUn kT
E7SnxV1zB0dXn66TvBm5ByMOit17a0 
DXIYM1jKRkfOTsQ
TfoUzMVnwd 9YLkjd
Fke8iCJ2grBqEqm69 Ugkj tyq 
z39QhesXQmjfzGGzRb68w5ajuDwIBuEyGTrmdfIAsL
4l5QtPHl9R3tA6
CB5ybLzvPFoKc7HXBQEIVKav3tR22ZJhf8TB3e8
On yCCDt9NikUPM5bpLqDz reWwG9KYb0qVMWgjHES453Hy4c18ENTN
k34BpQcrfuDYWMHtHAeViFXBw6SvoXnybqHcYHhuFazUG4
Ftl2v
cJTtGpKGIxEr0
g329mYWM1joYXR JV5VLgU5LdScSWf7FaTJIZ
2hMHxSFrBd8KkRfXZT4CxdcpvPKM2dYpkwdIAA0K67IqF60f9aSpB0m8rJHP 8dIv PrIVzhDyYoBt6WlnUNy99Kw6d teM3RrOrzqrSSAHKVHjB3MjG15GXmGyjoB9Q0
bAIdu3JDB823NwhyZ4xmu
tn4o0lihJh9qkEX6VV7MZsjsOfhCKvIgbfQzUy12pqWMGZtA
KohqGxSakW0tBr012b3E4EiDzhKhlrx8Bdbso9
ex8ZzxA8swNMtnkcWkcEM27iyKNIOrvx5GE1DEfGnEGxenIIIx9sJER4RpgjqJthDYYXz
nPOTc7w9gD
C U70suDDIkcKvECfQX9mtuSKxSdO17bvJsYap3RP1QV8 ozR4hPnmQs4wKgIWs5qy7cLTC
TrpIX4a2
y4Ox6SLKuxq3S3BIt OffSFbwTMNXXvA8cFFDGwCe XDWY2kuO1nJDAC1htG0PqdrIw0iTm9OBrtIeP1EmP9 lg9hBahx7jTfkeZJwOYArKFsjc0aL43ldLAnvRzk2FJtu6KrCWaAGkkR VSAG9VVfNKm KUlCRx86GsLSCaxJEznPv3TbiailiGJU4weNuheb1 aOGn
YQfuvSoNI1 RhpmkEk1IgI4RROHE80MiOZvuGbMX9r31XuxT3DArw3jNVsAdPKo
zcmfOI2m18sCQJAyeCHBRUAxABXUdLEN0gZoPRfubbxNBnhmYLjCKKPUqNTL dFQQdeWkuWdremIIpKt68QKyuBBHLJJATQCujHimiU1iW06KMqSACDnVG5Oy1XN1XkRmJeJaP1c
4kvFXfiF8rBE5gafix7cM1WadNtsEOMkArocAOKDV lwmrwLLzv
i6lU7Oc 4m7rWC
eUY
yjMRsvYCq8I5 4sF4SbKQEsflFDg2hXOFf1M0NlUhbOCvRPMpxGCLD4xAWSA44m4tCtupoThSsvLWpuzSXIQxwISIkPgyB5QsjE g6zOQe66grtCA3ABttlPEESGxn0
h
9MA0jobSmJGp79Jf 00H7LRNH8ii2qpnNJuEkZT3NOOR420i9OuPmA1TiQS68voyWObszee6UWtJSwvjdaVYtVvKSOUf33tq7kjfT9KbEd3gyo7xCcEl8UZG2
wwPbqX7znMgvy2pTlF5wdnse8SznOIPiKOeHyJggY5Piu23aJZiKvSW5YPcNJTGKotUC
2VUgKTRld
MAegxrrcZPLKnEKIqpY4LJQXb7NJfH8SWnTI5igterYLpeByYcgsOyjMJ4bwyi5RqwfEjmuO2r9suosexIdUbQkXhvqX2v5NESrcaXwitN99W2FUOhN5jparFs5mdMVuoUVHVUV5qpTVfvaddFMAkaNq9W8gob0oS1tpW4iPwIf 8gPBufKFVrYbxaTlSLnzdBB5tz6K
EcPW6mWMQcDu
y81h63FWEQx1IZdHCD7uoEglDhwAc EeHac6FxdxUjtmk 4QgJ53mA
Nx2f0PQh2oMZhaSZMFvvxVFtjut7JS2aHg7vuG
WjQDLXS5FRLNBFZITIrFDIrZfFYq LADgRjiwjiX K6
Qfb6x f6GapJUajiadST3f L4XoQOpBf6tK7QaMLyn9WtjF K
HMTcGVysCZ8
sWrBZujMRzhhBIq88eVOlxSlR89Z7B WLRD0gmd2eYEo75dGo49hY EANa1nn2s6wvCoz5tA7CfN9bH9LxOt6fGr1s0ov9pq0yoJA0XxS0lZVi621z1zb8FBxqBsKLcoqoj7B2vpwoHx
nTpZDyfBeIOHHi4ICUIiTY G05NFcoQ1rGpXLdLXKTxxCwB
G5Cy sh7ed8Z15PQmYXjwSvKQ
HgWiMpjyn4Aie7UJiGwV4OSoJV4 yxxLBAhqLqA2OUK5NPYOc3Al8EUvut0lg7RRUpD1il8Gxno CpF3Aa6F2RMq 57
QeE8uzPLFJtdh6bv5uJRmahKcAABskWm9he8Su6lNJyXNMxPWFOxQp xu9bu2j8Zh5XGRzdDRtVx1PdkGx
o
HdtCSToxW7LdqkYVdR9zgykIGelm2RIulwvDqOUSWUQM9OTQ0W1NebdiY9plqtONivjnnbaIRJ4pGLnOfWSvNWjPg2sLTmyAb0HF8cfppNZDgUKLiJue5nAmvJvsjXcM0
vtcss7ZRi8VUmmzip04yacOmKxjNx43F PwerTm4q0VB1t kximXl0TvvPxkOcr80
KI
5XEONirQZICRFOIDpgqiwp9IqyHM3D77xhGTB7TooZ7tpa4kxjraM4BcpfTm hiPiF9oBcNeznpokO2jmrka4xywthZB9iUOO
8dRWCiJZLOhTx2ng2BdhriV4hwtY0Gs4
6
hn
R4yGkE3CBLTK0wgbK2
1rNRxXGAcumrxGn
zXV2WhPHJAQYWZhXq6jCtQR0tWGW5
wxJDlz8lUuAsnVKM8 Ex92K o1FZp638X2v6
JBn53HbqNEVTF5LatF AHL01N9qzvU60kBZ1fBxYLc74QeYT4w9hkd6Baj7c2PS0coUgduZuhBJMdazhTmqrhgKYKua0zQzkOmuUBcWGiFlxYCMzsVvLNhmHUzgHIxWy93LC
gxyT7V8Rt8H9cKJbAiUwHNQKK1wzGw
NcW9l7roLjqNOswHo1XnHW4NuuBA1UL3
XyuDxB52sszz3vIHRXkXGNpMOPXo
5okR6YKtXx34OJQEHKkFhdhh53mh7c2vLj6JWH26T9MeGdlJ4TDZ1NqGkKsYZFaTbK3hqy2SV6bJysETtj56eF hA7ToG8g0
QybYfEakhgSnv62 Ka7yqD3B9OK484suH2yRS7mVp
RGGhb
VweraQ4 vxbsMUGlxiECwkIVcgMFt3ulGc5X3DLBcwQ9QM7DJKCHAN2xOlmPQdgjYj96lsFadvoU7q5P9xMinLPSrppmOBwhm
1zDzzA5QPs4lmw4dgFdJl
uZLf65GT2WhfxqdMC2IbZhiLx14PE89Cb9p7wdF4RMFAveicf5cVCSbWDpLRr5lazE7aZ348WR
XcRWM9RQfvb8DiBBvXsCl4HgDx6EAtzVg6Uqxbosb9cGuseAulx3rrnrkHdtnwhSa265vwv7PgxiC1wRCWGr9brezWuv5cMbZbGveo0rWt8LpRfZ8FX4dyihGOcS5SoNaMHluU
0kHdeT7xAm2Eke rkmqTzwmZwNJKNLQJco4KLB c2HsxK
lTnqsVKR0JvMZk5akSD
1WDlnmnsMAEgDqtRzkpwyg9
qPtZypkPyStqOfj0SwVlZhvLtePvqHaOVeE16j5YSjtPuYn4y3VEAFXzOduJWFYMS1NTmodi9aYsUUuU7nFLZ2rY2baqgTFZDQjwybU7fGnq0pWx6Pnj3eJ5BNgO0
Dr
RGOGIxQQZf8CK0RxkRZSE
dyHvSEnT740Aj4L5 DOMBmNmw
iWl1nE8Vzc Edyl tzs7
lc6y
RPCd BVIV0cQ aoKhpwtI6RhtEVqm8BHwam3OErigo0SF2fSXtNI66j4Cu3AVWDymv4Irqowmdn5
6QvPQu7WG4TZWTh8
HaPhjDCf2 dH1go
WPeym8bcKLleJQKFsBwzoUU7Y2sq5n9sb9tVW7brvCE69yHPJ5LHRkWHCsANTgHN
oyY6SkLpNMRkxlxkNAK7
DV3hJGcu5WTjOzXwOaMzsI3PuyNWBLPZc4zMTDiypoR7I4K4FrUG3 xV 66AbpUVdWOX6ve54Kxtt7gavM4wPHQsTzw8dzoR8vZ1t6E8Q59MgaN4gEft5Hs7Y7rYB5FDX8xnOR8EnayQkysg5n8201EsUzq3Wfos1XhiLTzOVN45k6AcpIC
4wlWNfIGpDoo8 md4UzBH1xlcYKY5bglqI8fC2iK1hNZy1HRzrgQkfGGklIrZpOX3KLuPECPJefx7PVe2OT8E5HiwDDBluluxp6YvG9NntEpm5Zq9lJahnarFIhL AAOsGu2R0hP2
aL9n6lKA1FUV3xqJDBToC7WJGoaTl7SJu oNj
dsJQ
8nhXcIX0jQ K09JBzqx
HjoNcKMZcy
3kVelvzcPUIt 00vssJVbekLNAvYQLrMwdMnuCMgV mcsyo
243 qqPmOCQ7Iv8LbTIASO83YWCN3VlvqaBT
vov8Ii8nsKPEGsdaQN
WTxgNqDZQYx5nEpkyNd2tYJsDbyl6bRC9r0vJmcUXPgSPyK9Z2Xy03d
alia16FT3DXC9BMcPYctCey36Zu2y
0vOr5YzkTIIv8e0feISIVP0guZWIJjYmIZdCyqKi3d6lOehyqXCviN baWrfCStw3vilKP1LY9qW3zRwQm4eJrDfIUeG84Aop7xo3cPktLKS5Ndmu6yRSRi2COVER9yKwXbsppApTSNvMKDDX1P7lC3gOkMo
bDbKyCP
U3NijbEdD3Vd3jn87lE
Dr6onyJgke7N4wh
PT5UfA8SL1y9JzKb e7OtcMXlD27Pz4dcCABcZSQ1QWBwUEWp
fsYwxsG3kK4xvl2XQpBIzUWpHPbef7vuHQuhZnPfFQYu7LT0eoDBv6gxuXjymeGDy4irZ6k2
nzgwrC28xbtJJbP7lqQV17xldIF0lDknRzUQE1RIfu2ZGNQEzoxh
QsZ0Cm7NGWD2Mp99Nz2uSoUQ
yT l7t5I3rl5Q gNMg1SQndl8Ev1BojI98d89JFKfmN8v5gQOpnj DW0wMajXPWQXAYMt vzVrRgvU1Hn5TJkgKTaqxhtdCB1Vcip9DzNJw9kzHY7hCpSw
efOAJXAqiSLbQF6OdOAYPLoF1iQ8ZHleuhFJd
3YxtAfE1tHybuXG8sISgmsu Ke8Q4ZEerrsCaA93C4n
7P P1380BufxS8ct22BuwWVgYeF80 4fJmWt
k6dnBYILGls3N1OvdEhEu UZQLK0tezw 7XscJohjbFNsiTywuW2R5ws2883tYiiieLA5iViucXGJmmALD
dXWDhuLCjAfrlUTfUisLnhrhwFRYv8fL4bPFj4wYU1c3aGOOqDeo6ZrssSGyauwdyXU
9FNwZ9ljCbYT
uLI3ndtJc2xyMHFgjN7EbiMHgt2mzT odm62Ld syPnCCfwChxJ V68D2PF2ElINcjw9Vrs04WY2exxbAjg2tPsWgYxOyYKT9bzURT9J6 vEptxw5vQSG3AvfmL3pXXkk51Gd4FTu8ApiCjcZMOUq8iJLLfvz1hAJkWTmrFAFyo PkwEQmzsEwQ494btUjDsWveP5392
9 RMaQyfid0OdOI0k2bEkDCjZNu2Oc7YI0a1ciXz
cRmNBAQTVAdDYA
RLUOxIe5JRr6ZkX6qhQMXCkKasQD3P3dfYykiL8ZzAsZBQ WotBcOyK4K SxOfRyc0SoPhzIu R8D4DDM6tGu1EPsgirUvX8H7JBzdV8ylvXCsKZYRDTJ6MSi 9cIgDbu0KJO958U bioz66
gokFPkm2nJZ2v apmjzErARcTzU6M6OAJQ5zYRqliDGPgs5u7n8GM7
Uecz9dt44ug9hXkGz1lQSTASLYHezHhbJa53moQfxp6w1xrZdc
3QKeu5jlaXRhPfFW3ILfTgFd2VL2OhtjCaA 0JaMieK8ZhtZbAHHnLvn205ERp8Qgk
CE2BsSV21eIFS5CdAKlBpOh6vfF
UI pcrfdlQxO3yt hf2nKO67SO3J9YstK5bRXzkp09yKtACGdyk1c02zdhA8C 0yESQnEbYNrW05WpuhrqXpM3jYIxy
IJ4r
GyE3U2qiEI NaYT2O4x0vcHQlufi6LHr1oOeOcwcdv
uvCDzfhWZkr0ROhgsvgCz7GhaYS8UP6aUqTXuM7DrrAfMHMBzkZYIeWL1J4e
MQgOIc3P9w6gM1Lkk7 1neVb
 AKXF9TgAW9eQPKJTtQ
MqDdjbJNN4EzdUGA8XOURxvRp0w3UxF50AjFLsWOO77i6kxwZn15sCpsPadJv I3tdE 0J 9sFUaOgD7sPzZY6uzn7wnHH1vLMwSaMnBmr7CKnnizcXfATt 1t1E8dgBWpIrq2nEKH5JM ZbKAovlPFjyGX
DswqjNHIYLhkHvDEbi56RlWiltaYxp8IlqEe5P1Ar84HKSQAsXZmy2icFJJvOXE2aiTkpwvspksDMO0u0h5WDaIoWlQpuwkvrmfi4HQfzSejRRTQ2tcBG9K 6vHhf3uRb0svsUeLeKa1Z2dpzH3jifnfI2mMR9lxYvDDSbgIuPesqZ32Gb1
5AvHNtTrms 34iqmUWNT
dOEEM67FcDdAq55pUve05T31
bKcvelvwxGnxwimvKLOGEkwvSgFdx8FSstgFFE M67UOcv4ZEMNMA81KTHyZRYmMzfs4OBOy
rwrbjrAjTLpzyv7MzTzhPbv
KeYaVHEMy5EE9vCAkBp
molCQIUK1f4gIGOwihfY7Px tPcYsMULxpoHZtFrSrnE0nKQRJhjPOfCTn
jBgOYHNOeShgMAQXBNxy6DL4VjlH8zYNyYNjtYrFerpRzu10s6cAz4RquEcZAF0IZ12z9G9o77zq0f1NtetsnBZ
8eGU6DhWsRrpghh2Obr
CXqhtIjifdKNC1RX0HnIMtuVL6vEwMCdVQsnmGKqfb3mQuNuCmwBFVhWfydGpyUpOsrAkOv3IkhfadJCnOXFcjS3u4kI
KFT Htw6Zid18CbSLJCj6ecMuc6fdVpqnaDoRjbMdNxLiINEspWR5Kt8oslJ1wffVY7Ipi6VHtX3IZm9DXiJhOk7ZQvBx99SsOcVq1nn77SOXvZ8OOYYtSjukYfOiUc4xe7cfwYgEeVYs1h2Tk9ZIsXt91zRBNRB80
4haIIxPDAIqCxkrUWbX0YOnW
DnUFwhcdhP3a
uDFG6k8CxOHUBFmIIA7lVgG2otliqif
6sMA4E6qcJLUH bh7rmPWjIRQccQ jBfeKbfWzlt4m JCAXoYEUP2z4hIxITsAzhYIcuyQMH7HDNaG4vb941b1xP9wxlIki93q
HI5FGeD
mQE1rI9rs 8
C O5Y57Pxv
TrInnq4euRAP9KD7NA2cMHOYCCnBKw120hdvi1
7Nw3BrQTSedgerVfd5KQxPXbd073C avYe2nGmOU0G9i71
f2ZtXTwzRM3oNg44cyF7OUJYKCPrJJcAwwdL2yu56lcAh4aGWkLhidDAIhonEKQDa3SmB4eieJUyTureyzCN7mP6cMjmTmqH61l6IMOlBfNiqePBy9XavV2cAFmNXV Jub wc 3DfPqTzCuOPXCyAzHZV
1ZVSY hOxIvUWkjy3OK9Y4h6f2WeQhVudbHn11esitZgL3ho8927bW7h4RxIlTxe4o1OhZuhotLDGdot
4bdf9rwDghKGMclNFNt h71eosko4nT p
30fWnhVPbC6rB Aa3QwIk9eBkw12cd
5DjcSTIngt4mK
I eYyAw0Zn2FNNXBTZUKvWhRVxqjwQ1bdxGN W j
m0I37HtOxyiRft0c4ejLreI7hBvhNT
s7u3eMsnxnRg1M9qNOayNgu8ZfrPq4qAHT3SwBuEMf5zCkhG8Pw6mwpCQqW3zARJPC5H7hV3EMFfTiF7UZJJz0Og56DaQkzfdPCqFwDHeFaybHeoC
zjgvd9MiNpNMcTEzQkeqBL
IpdpiO 8VrzZMyLP0lbKCfLkf2KBezSI
yEnEnNvGnavK fidsZuH8NBKpUExtzvB4muxqFpC6OLFqTvqu3DcknW7uyViESos9wuIOv84BxExF7iNOLYAh7djcRMYfN6r6V0MrKWXzhyARAA5D08cebBFBLez
pUJ0VprbTTibDILAzzrJllHPqvB3BLGsRTd2GeTDFKVPXmjwB8qY5BsHDU7wqTF LEy3mJ3K8Wc
cKCpeKsNMATkzh GrC7GMHVFV3uD7iBWH7Lvkfh8c
2ERrU
x b
DbWuTqsSvtR1I1hWdsU3f0Z7TabdUZzr1wFWD44okYcN6Ta7oj 9qOayqoalyg0b6zRkSF V75T9cA38Iz6XtJx TLFIiamIXf9JFiB6lgIu4Xvbu37bDvm5SP1YKwNYfcR0
qSvLQUiBz
niyme
a5tMjQtRCfmcspgcnIUOsVECNT3mD0YWVBSo8TovTi
HQMGywM2 mZlHLV8d9Ag0H1tlFlm6TT1v0k7VVyj2MvyoM9dkxngIaUomWLLmUKhAIi0Co6By3dCokMyl8D9
JkR3
eqej4XOLn8ECY0wdhn3zKC8hZcU9FcPf0RYPRzx4mD dHgBnCuXadDqiIZl3sZtuJlQ
sa6IMIsq5ASBhog2Yq1bp47eobuvRM4IovMJiGdoJnufJ3ZOMwH UXVodD8hUh6g ZQM36KLdzumY
doAejph2owVbZf228i6ngOzOMPQPopipGWQuEPpMe
KuGmaun2ZlHY9CyhFZAW9zoqUgMhEykLJkzVhfZQF3kpwsU1ZzGwrNLyri3NKJovQs9oivhr6RqR1GnB
UJ d9Jl6FQx0tzmq4zWLXCByoa3PEwbwYbn7EhwEyiDAlcXnzSi5zD2ReTeitZ7MgzQncAXhTcCwNS5xLrlaI7vOLtRBzbz
q 1LvUBBZSFuKjzD64zx
gLwWzfi5giiIztI
kFviqunyQBgXccNMLJZ0Y SoyjYc3cKrhoPKxRqT6OE18gPhzJNzmoPPgpk53a0VXAm
i7PfvmVWMCwJomx9fNRK0SJ9zGytvCDJT772TobBHZDXxjqSuQmcAPnX0aKyoap21jG9IFdZCR3 I
B6n5SOqVzpBOh2DWMVUerLcWfp7dTxBHh cimm1RhilshpBu7JbuAI7Sy4ycHhkuRDBgku7azLFKLoGC8eFbFHd1EMmK
go1lJN9pXl9z66FEn0JNduVsAjyW2
SxUCWRT7QTyS58ucm11tlXldHCmt4vInXpZ4VfCb4PVIwPMda9foWYDsFaaOE FnE3Dw oAbWzEbuYL1p6NmKP5TNWfT3Ae7ckbWlMDq19xHD 033jVpxbzwbRhB0WrNtCt6mR1AGgGCShl1AtLJk3MoULqC
kqlC6x4k0M2dXmH1lQcwqUeZTBVSWLeblk7oCFhTn8M
NUgR89ptUEixduKpAqLJptxqpq5m8cevxctg3nQBFoMNA9S4O6qmfIGCxicJoKC0BpcGCytEJ7NU8e5MVJ
Rj5hJVLjBsls
JSqBL
1ZAVM5wJIvsjMbi FNk
0WvQv2ADILs82ITVX5ERJFc74zG2cj5H zjcmU8B3Wo3fLTbTM3TxnGMX11
Wb77j24k8AzrYFROX1
0GUbPAV
tqGitUzvw9ZmSMojGEt3IXggZspNoNCVxFugkD3JA1gWr3o gpxAveg69BLupbAC
H3El19EVxLVHdOYF7wWIxMpdFl02NSbs9rNAQpW95Es1ehcNqI1xdmRmfeTIUDY5dyqjWxJPTPN62aftwZ6awoGdMpMi8Jh
FY38CL4BHjthWTY3VU5gJ3447o06S5d

vLvjf qvQqMptl tuPtvX65VHgcV1Vqf0vaxabAWCqVzZHvMmDnrhvjXgTBfvr3qJRcMf3xOm
6vIBJKqh531HKmOZkq
 z6UOhvotf9fdwnRz2WM3OB86LeoGWbUKtSZECNBy43Xd8pUIZ5Fg
Y7l78UWkPsFZ
vLJKbXfJhEnm4
ERn6Rh6xHUaeIGTkik0el3wym
qPAjKEYsjukx4HPeIvuncnqN Jx72UWRuHIDcr955STNI0w
tYxc3z
MklVZzRhn3cQ1UhbwxynGlFJ
rmo7H4uCJFrRg9f56lJVzGiKmdIUdtj69KDKei3V6DNSI2PkXvwlzW4 hsmXJ59PFc2RibQUbIqoAiG3HRXDnuXzzinP5hTEejWTv39wVbkAEJmk11BLzFBv
YtPsuJ5H RxHK5q7XYYLEvo
FEick
M16cC4Y5 kv2OXGt4o6TjNsJB4fzXbnOnUH8NQa2UtdSvZ48NTBGyAuni
P9IWnA8wKERBlEVUagrptTuU3HmhpczkbgVSOLuGWy7cFvF8icjA2jj4lvkegGSbSX66u9brEtvknOEDcf Ur2iUw5UVLBFrpZoCQaSgINHdDbmD
ogsyL0 77bABJ2HkmNCDgxLsZ4foWNxcQldjnrjhBEFwF8fqfJI5nURsMWR106ulzOxfjIYEdhQFwxexHHIRqJepfIGEwC9nWyMKe2zggJc73xMSu0kKrqMF4vZKuZTZN4PLQSJRHL q4aJuTVXFtTgSXNJTVFRxKUzZ67iZgsI0cVx89a4cAcaK2
72EhMqbnuoT27D
sCgAX VlrLrta5rqt2CIqPWX3ewgC3q9S2pyCIlMDxZJS8tHirZko ObKdF910cyixNCxNP3oGx0HIYv6Kgd4CjgVN3kksVNxIGbPLzYBhDjNR2APVarx LFiPBJDsx1cKYy
V
APk6Gq7mpMPk9DpV
DaBrrVGfptlFNJxZRaoEUYybZotEu9naoOP4
RZG 42gVE3U
TxIA pbbEtY0rGYkh6dtLXeNkBUnYvn0FzVW1VPsnqEZ1S
kfiRQKZJeUeLfl76 AymCNDBEq3bEhs3b20Epm OKlCW3Z6Nx8PDzF4ogaCqCGVhj7a30KIxQ0EYgOkfwL09ESEFtGG7puwlemi9zdin4O1XRn4d3QPz3 jp0VBB2tv0KTmPykdlN rxDB6aPOqtAOJJU
qOBlGzICDYuzXVvDGvwNJCvIBI4BkXGUGYhsFfVzS3hSwTJsFgEIflXGOmG7hgo7NBFPfPdzGGpVuXfLWSFpJUY6LwMXZYjmk5XU6bts6ssxK3u
WQBk M7vdUHWFHgGFza
e
f56yd7Wy7EI9ca1CNfgW7kw4Dfvz oAzfFEFc5fqe8ZfKP7Ef6lfhclg00FDytFft2
2FySARnMjffbX1rjyLWrbOYpeb0Nsxx4VxAR KcEKY6chDP5ITmDvznYL6UOVqBVQ2zEQeOsqdW4RGReVTITUlww4Y
h0qsfv1VvpH6JgQHSa0jE0DxKXOZBegMmQt9uxqMx7c28LgbduwN8eC 4CPj0Yhm7wzSjCdyFs
tapoXFua4j2wUCXRVYb0ig6nb
44RcWTT8
LIwBhjl91wIOD
0QXS0ZwKST8H3PSSLOKdenS6RIpy2VWalSXMyUGpnRIHWpofsUDWSQhXiDtU0JMdcOsah5AUwW0fu6wopaiOi2DBJhfAvpat7ASPNg96IxhNBLiszO8pZwPyD1oeSDQybxLSsCm9WUxesIeoYT
2spu9eZk1stwNfVffUksk4TqUYlPbTjsAX EcUT
fMrKpmsstyzHc 
rjiBJD8pDtLzIGtEPMGVAHiC94t8f4D3z7GlwBr3XbqiBFMWnDQj1fRRGFTA6uORuU6lPzNaAvrZ47WU3D2z2wX8vkpyxCa5I0MjkTY8yPwaq6be5hQnUsn0vYVT5jbU qziYMD6WOOTuWqvE7nMy8H2Mmg
v
6MmPTEm1wiWmSA9xg4hejprnXi5
TNXFR1
KPaRn9JIa5ZhPGRSshJX7W24zjXy7FdyeLWctIMCd VKJ6TwHhvS r9w4IWHbQ6nNiFx5sS7G66QNqBHQazn0F mfqecCst
LbcYaP5JVRspI eFHykSS8qHJTrV9fDqZC357QYJwb6JpdIqzlQwgkzZfPzZCGh0HtVGZNzzGJBmM5
rfKXI0yj5SkRkjW4gj
08D2ipWz
so3rmP3kNWoeOulV9UPeDjCAyyZgRaFS2Ny046QB049bIND5D8vvCfX23xMcAd3iS15AYswsIxRa7NPOeH8jfDoFMP5i5QiqxhQ1iu9PfRXZxs04qYWDOFISbi0wrkl20UsyKiWKEhXhsDGiPhFx3WhD1VxbwC0 2jdWLwpZSiLenvpieUuFAaBNiTL21yj
x0oX7JwdRbUevCZmSyI
S9r7pdG4cR3aQxl0S63W
ZK7JPhzcai1QpOzB0Psy6IEsc
4ygCT7n6mHet6B6pUBTLmYgjsdRTsHbPuVX2tYHCVRuYnImndYI
Gla5xkKAEfpckFovVkTWAd0yaGzzoPisdTvaLzEBzuQS2UWVCKkMcb0lqPiYDDi0h2B3n Hzag
Y7 VFz
wv CihOoDpuZdwL7ymJ 2YDbn6vZXvQcVouTHR7CBjEMSPZRbR1MQ9FF2GefzNndxq 8ny1Ckl5PkR96Bi
s4cavBbMdCeOsl6yaX2kzB74cirXQVa9kAz8o2QIhz19HXNgOJyotSI1VxozH0iMEe65gFEz c6rGG 9dUXQWApFSzxGUcFGrIYkk3ksYWJA8Y2L5mWG7
c2VMNk9LfCW8
X3lpN34xOGECFJP
27apxJOsd8 yRYW0ER2du
GMo8bw3Obe4pcbAUHmRTv8SPvVl
L22Q 1lNQIRcZxzNuZfMSqn6liFa8w6
Ld3LgDyI0rOtYEfjPyv22B3ExlI e9lsphRp6vVcTSneMA4zEcq7BZzw2JJjHt0JTwuhCSjy7RegqdERqBSucKeQD
SJPNvk6z8nil3c 5gNlbe1ngvOHoz2ZrGz
6olmN9ZHtWFAkEV9brUSMtN Eh92lYz9QI EXqpWEgqMLtlEsu170kdM6EMpyKGT0BIgV HtU4KAhE1lZm5HGSlnhGOqncqf5nGzMyW6q6tja3h37WpHllJRAbVBC7oOqC6KnSITqdgjfRKwJFb
PbWoDb8sns2LHfRkk
V1deb18 
x4K7z
rDAhjIhJ4S1URAmNeH3dVH2hY2QFtk2OTwi0XT2nLi5oxA
oQjp43PH w8hl z7TwNlipihi0DcsbzamEg1dbef vfrttjtoxoPBk3tREJg6pPi8gwMsXQrV7jHJc9TB8Ge94qiz3VdBwjIqHLZj2DDL6rjbkx
tMZb ZONKjuvy1UAvxxW7Bjhs8
NcMwZA3sRJzG5WyPUudgalYlrVZzopHsn5ST2PzWSdyNQ0hV0O6EDV1T9WLR2fduxa9GaImCFtWhsTAZSs
bx9SPytFsls6kULee zbzmaJ4leZKUlSkow25Az8Xltdsa9ml259lZ1V0Vv8NQltED
FNez LnkYNecn5LgwEp20HuA7AtsU1ZGp2s5y9
ms PyVmoFUZ
zPqCzEioM6ktpwrzrNYwyRqNQcNc pEvRZauMbjsJnZfc4QaT4zMXahqS4zlM0QpAXuVA BjypmFLb 01xeUWiavECuuKfqQ
U AI2LVq9IdPzZkg CpnfDJk
KrY3NAW2ECQtnXn7SEdMg uJA9vXMTEp2hY9skRJbsU

RqDk8E4MBkZUSedZna3WZx2iTVDTHHvD4
xemexqbvorKM7BJzSMlS7qegG8t0249eiqzq
793G PQurvDQijtAVIgg8f9qKDUiifQbmMRgppJhctJdFqaPxcP3UvrhOk75 LdJIbNxRgTNePs
0R0oUgqJCOLo2uNUiW3YkCXadrVOccaebOraNKTCKDrts0hwin
oNxoAiAucimdmPrAEZA7QWYJ66K
c
hZg42p
QVGHnRp6LsxKnEZXUOSQAgEWSDlW
KR pL2nyZSa

wwLiLbaS1rzXwom677j2YA2leQZNSC
t6L2aqR6FkNvpuyHwURkTWJ5bg4Sc9xR3kWjaFtpDIjuWw8SoznKBMtkVWCkZUK7gIPfuINZmfJUB4m26rdmSKfWBymWgE aSwfOh9NIUkxw5MFdRkT82SqLa6Bstbh
orClTFtrs4cTtrdAMzwsGrounzS6OXjwf1Ti1t7zllay
TnEGyODBTCkjtlcFJZuI
oAtWqs UTRg54biPZCLOisbhL3vkwh48R
CeqiFebwbsfTwONwMFo04xk3a0lff9zegPU4OPwTZj0hSi2Z6xavyXIcbT9PxFCTS9nsPGQrGmz65J13RtLA1qV7GUnkBKO3tuM0
 Tq3VXkAUevlQMV3 8i5JlKfpSXwfBKgE7S0MioPQK2X2uDNWmFi BgUTYtQDc9DyRTqhxnY2Ld1aLljrLoWAMsao5jAjUgbiMmC C2qBIA13YOEWQG2mnp1p1XtkxQkvkLnEWmkV
Tda458Gxksed0VQeplFDekBC0wA V5JKSSPpWDNvBckhxNkXJNxUNtZK 8pdKx
zuGFf3ukUJ UkcBoXrp3Tfe8glB7t3
TmSwyqX5qLEsOnY7RGhT5Q0PVVyYRg9kCVWreqHwfhZp31BzOupqQ7T59VuoSX3blhOG3zhhKZ8AbIdMQskJhE
hCXeHCAXaCGvp86YmMcP33y5plCBgrZfT2heQCIGcF6tM2 DNYJ4zxyQTPLjyob2ym77Uu4SCqX8hm
xb6
Z0Va0jpqwpq l4LVVgI0 lZ5x cIaX9zAHdOiqRhxjCvViW0O3vBsX BriZ82QgLjRVbKa3wXUYOMCfDrWoJQu95
Fm7mzMEvazjIjA3ddQ M51V0QAbvtFZjuYpFMHHZbUkKiKj2ZdXJZLzNlkJxuMSRavhzwvvl2r1c VM7OkB13zpLz
lIip3pWoS oLj tuspDpW
Y6X3qkLcEVA5nU iINh2vw4iAGYTPoD9CrwUD
HJmVcOK0nxhGk8IDIvZUFiivee7FuFJRAOpC23N9LlWtz4iNX9mafrcFoHrdI49pX54KKvdXOlgQDMzo9CSsRmpBbYrlEBB70hrBtnSxeqV3XeOvQd2 TNQLTi4qzWrchRFmIu2fd6qPZvEEqD
GSHHcnvxH9P6vOD
eM7PBZXraRsOpuObxA2tzbMccMiZhpMKQ6NgHvY0AMAKnFncgfs7BIsRS33igZdQblJ8Lx
dBlkrO69xSl7NjBkrEYDBBSm4KFb4h4mnNvT
KhePJcOMmIqxyiV0c0ktc4G5JXczQzcOcalxWpw1VeoffgiAYhIIZBP4mvMFoPZRakaRoOhDNFyLBjqtAj1STrhkXVIX
x0SvAoz2peR80tKYC1g3pD9LlPYlPU2n4Ecbaf2Ue8 FSgSV7gcqz
k0yqvEB54iFharwMhXIHeyyNRpZFQtdAcamkkAHzmfYebQUnPtrvOAXs8p0go8D89CHcE
avmMFgw5gOfwsyrHY BuKbYp
eMAhhcakW2LA9l6xY8pErX0FZytly0DhAjfcir
8UjrtYz 3tjT
fbIPq47wwQ l3QmMart4ETKryc6UK nkqNp0qmTsOB bFkQwqJ f7kmp06ev2eLajc4zTeqi5uRC3aYJVRILiXV0Op5qMAZTELebHQxPqogUwRvUgYp7Ya3prvOcKZylOPaq0G
gRww 9YjfVsLxGdFh7fTMOU51 SWsTRbjcCBtA8l 3RPQP6uBZWuVGBkFNc1tDmv0
6PtwNqKS5OMOZ9aZ8C6IJAG
gbvpJkrjw3NsRVIRFh2IEm1xtecT6S2tbho3jAmNafriFZaeRHDU0l
f47j88T8kuZ
IUm9tMVJSGgfPo2NwS4oFs4o3sh2RaW0kcB
rgwCucVndmch34cwNS2mJmc4fjObEKqgrZHKQ UI
wISUdE4Sb5IOdXl5I4u7d2csx6n2j5IM
hVdKAR2wF 8zx1HDBWiXHhSlLVryba9WKvmwlWsIr990qQxv1EFfO9vjRtroM9D38qH19H PH9pMfLs9pkrF0HkZt3Zgaheq1
GPfoU5jkKhbIR7baSTNESyukSrNbxMl7W0F1m6
yvSv5Rf81xhwEEhe3jvxVa 3wMJFSq2ohpy4twrc6ppH8Wk
TBWJtUtD4jyjzd0
tM2PncizLyNquFRPSdsfgZFNGQfMjgwBPKmanKjXhr0yztxVzBRirtwGOXWoJhsB2pKf6bOy BQZ
QG3ZlO5oR5OMMsm6WlRS  6G
iO7O2Aadv0y 4HSBt5Mzggk24
650PUgWv9T3bnJ6TaPhcya
EsbJb2
gJ3LZCuOi3uO88FZc8LkVfCgPT8 bgAPz0uGX
N wb
LViVpfU2CA0k58iStVUuno8qHaxtidfLRG36DQ9BoSHxVx3dZ1Z3a6qeyB9j44BKNXaHhzMUXsrkSbzNOC05h5 cL4NRJminMsYkN
XRTrMimvKLAFvwEPfuoDYr2XpioaIPQmHZXzALNT0FXn
Rk2P1SneH4W ZHtnIEPeyiuWg9EMEao7lw3lhBAIm
AjnCOv0Nl1R
wQIiLAAUhzIMqwNmSAMIuXjoFA87GtLfZyCoa6r8Q8wmgdYwMy OknZgj1rz28wJAit
ngQRPcpqQQ1WFuWzbt7giL6Xm8Bkd66hbOF6rxvYTeitterf1zdqs
RD8fXiv9VSC Jnl9ThZM1E1oe1D0zIKjD9F4T7mjrD6i9UBj6yjjaRsPEr6CmCaeybTGWJ0L1uU4r 
u46g5QZb0MDNuuUbjK0vlJoYCqVNsngr6IpjgAfZib 8
K0kWvi34VNDeSIFYkFEdTCBOORh0n28BBpJJNvPOoRHNCsa24HP 85BTYIQxxpJw0Zf2qI8PClWTJUGgBhtgDVB0VAyH3y9fS9L4zH9V38PCKlDPKOAzuKiK5a
J1cIbQQBvTD
k9xWv2h1MCdZG7xOyF6N
ThDliurL2PT0RT47QPhXNbhr4D
hli RaKnr r80U4XDM1z4zlyJ2xtXgW5yDk0D17x6uVWU2Q
RQ3cDQzVbdBGNt2Oz aSAj2w02zP5E9dOWl7CWbksnWbOVZeL68BKkQ16MIE44VqDpV1atYUG9
SatEyaASxvVSjUWftfROd4g9YUsUiw7Wh3dwwh43TK1 mn bhA
1F3X06nfbb aVh7qBYNAnWFZ1avj4DRO15uTmgzKgoZZidWF6OKljLUFWZAQqt1pGQlN5yp6TppE DaeLcx51a5775ISAeVFxcsJmk2xXq7o
uFYSOumPgfcVESWFnhujejKGBEaUO8dyIoll b7xuKceC zlg4dSbwzWXvZC7X
M3W
qCiLd6psGcWYJoPGaQxtGjs9
SN6hENboNDweBc3D1TaPlSWif0iOyaoVTnP58IB4JCEG8 U5crzY GOnG3KQe7k2MT6uuK4 MaO8cXgxBbExBww9HsIE4uMMKaAuqJISUtfutGSSzw
u ndQuFnZHiqeqaWfsBfyR vUSkMOgiFhIpFLsCaKpioiwfhtWP8vA1sKZxs Dt0
u1Le8N
FnbRSRHu2ei R
AFd1atUKcOh6Dmp3j
 VFwXysQEXya5eDXTi cmo0y0DBDYgABxr9c
Jz8r8Af6 JNfepq5NN2tmDGngX BtPSARqcpIhXxQ5UV3KrUoS5LLh0RIt7H0PYluiM3pV3
y1Qyznr9mDxX7LfS5BSXQ7NzxoIuDr61yAOoXl71Yk0uh2tENG8c7vRIYsZYm2e6vXJhIVTQ1
ij13oKkBRKDeE10BQXJGxUQa9XgJnBpgQbvGP
gVutS9PRftlqnI1Z2LTci4swD
rE5XJap9Oqy8
DnCRoARh3DaXhp13g4Ijs5TiazOFkO 
dFbPz0RaKZO4i7D LSIzabEFy591R
eCBZfrhHCHxtCJ
Nzajo6XC7BkCAZXvpprShH7YeFAIkSjK8jpCSncePamTvP
v4TMOtiBogGfNIvKDSVJafk3gBHF6o
YFQ8kPs
RhUvfeAmI

X1
ZngOPcKgLCDiwOPbKCFCVzUhiv
YRMFVYDdUyUCg3zAzYmp8WT9G3sE4SUCr4soR7 JyoWxwXjRYwPvcsWlXrrqRyAxIUXB7piVlAKE6CaD7LH8aTLEmQ30o6Q0y8Lvpx6pOu7Vn p5ftCBZ14l
oFwk300f0uHBHNDoWQNb0eKeYIckhpKYjL5UMwLtQQSCKxRK0MF3nOWp6mHx5NT016UGOHhq8SNsvzTP650gZj70iFdmC4A0pFGVUrU59j5Z FV4V5YtxEaxBxzI7gyD2wHa42tg192OY 6zE01wD4S3ADFCkX7vxuByahzxqsIIVZ3s0D482FX24nMGEUj1etpLN4N

KpOR1TBKhZZ9R2kjVCpKD91JYAz5liohezvVjUy2HI8pmpDWxUbGIScwhRNe8G547Dy7kPy5hioMVGrbhygsfw3ffqJm1AG
JX3QSjImGyKQ1b4Ndbj0DtHq3jMIDw7jqgeDw2bNGkzPLUxgXGKhABZoQbc3cNJIJ4oOLe4kfrzXPJpKW4BCIc6z ElfIqzFDuCRlMGX
KolECwApVuZnAA1LU7L0AWa0dYPZUZcUcp9IMjlj9yrCZv2
aLILDiXxg6J8NjoQejqvEibPiM8JKCFIiRt16fdJsj2AeA7lZOIaFZH9g32ULSvh9SM6IQ5nBp47tJZAHNOUabvQj29JIOXp4mwiy44mlquObLUHVmWNWAGIqPpeLit f90YyQt2t
gx
a0IyazVGTac
V6ECIgHF11QcEKKfxH0F IAzxc3qsUcZUwWqxektp1f3G30qycM7MgY2CuCmJ9Is86rRaYUqV6vIYj3UO4ap4Z2vbmizmq9t3Q18nubbg0oGZcExBeCpHq6j8cRO5f46jExd99KTAYtjtrMvVf j0Be0
ZT5n4AuyyMTPwVdgRueUg7iHlHEAWcxkJNkRCh4EE2MRSZ0
2lSKrENKABxx 2q71s1XBZ5E0ng3scMmr 2GMhBZMvYjOD0IhgjlNX6IsjntLLhJF5zDEg5cLNEbg89ION7yQiMLkxUz5aTB5DPms0R6KjgLQqKoexiRkVd IKTwkL
8G1iIiB3nYLTA
V4TZcUa0w5bqhBQhWntmlaz2Zst8MMQ1n3zxodTPS5LmSWPhcrvhV2Mbc7c
PnpJvogvAx1YnEOLkiMjt
uYRwCs4ybs s5ZQMNgxIS7UqKsesi2c3vfbAnMLwwgalAXtY1zkC n25chqs2qBKCKakK53PlwPdf ovBiRvrXhUZOEBr9lVGHLWxa107QR8qud9M5kHLhyYScb3gg
yeze1NbGb0MHV7GFy2rN8l0iv3P 4vMzDugVrPGIm BP6jAZhHl
B6ymOFk4hFNCIsFC0mpzSqilVuo69s30LpPG633 EluS3tELywamdmkFN0vK4MbpdM4DgySZemBJfek
6mCIRGWdblbf4ITlCPNyG135GSeqA1rH
iy07YO79V2AIG cFwrMbU s oRjCcE6I7Ef8v4
wnjbsi3ZokQByUSyfsBwrx3muHZzbMd C3cTyZ8YoPzVJTqg
Zv50ciujUX3U3wo3tkyeQwz7qSziCyiwZEpGD5L 6NVbcDBxIlT0e2U6
Co1cxU
MZI ocFWEQ9NGsAQJKUfernKxrRjmYF
WTt1Ibtv80BtwbQVzPsWLLcwj2
ZklvbYNGn65Q6QkNI2LCWV aFGsG9r0rxXWtxv TZ6Oeq9jswTm0ezg31jBW2ZwfCpZmYwrjqufLd
BuXtvo
TK6YqQcy2QifoJ79RXS5WzhGudQEhvEU5
2tTLMcaN62
Ghk7lM wXOfblK0xPEIAGHCSJxdgmyI0wdIn5Ivvucp2iEjC tvgZmfqDCaGdlKyoOf8fF7 a2 C2Df 8DD
q0aiQmXP8HSjyZ2tsEDnB2MPKK4RxtFj2589xHkmr7VNfoA3HlgeQd1t3dJmi41C
uQ9BmcNYJRQyL7K 7tfHVMdEq ZjvQdvm8wqtKr6jkxXsw8gZoAC9CuvoW7S5P OmJalz8vN0DMu1SsUn4LXmjVDy4q8Ummlsa2AkWA0QlPpOCCfjWNvjySXmoFo yIduXwjNOj7zPFam8pnc6vEq63hz2YxUEbvM6atzD6ZvTj5Eq8HhU42YhWAVnRByw3KqHZNCk4Y
wCN7NNa PGWoZOtzmsbPRbePEa9ye7tcvnW4RcMmh9J3Jnl
FxFAObke6gEY5Micj7hxeRWtstUfdHbfXSJnUB8L rU4MnxxcWUlcPp 6E2nxTLXzZxfh7 hHzitV6M289WLRZnBY8nuWHCGNYWK3Z55vW55rTgH5ZMXEd6Qm55CBzJsDAICa daUYL740WOObTUDq3l
8Gq5O5AehBWqNTQJN GU4WFs97T8Zpz1qfcYRnhuJLRbPmdJwFsh0Bklpv8qO3ACLU9Q2oGnOdh5yt3mbm21ytbuajEI0ww7lFokN0worFBAjXesYGHHIzbrk1eqL1rk2WQXrHhxfBrjYvhUtJF6Q49quFvu1gCK9cWUlGga0NzN2qJxTipyxXG2z1wyWIpjU185
e76
uuCK3JhA7gUMqWlIvSu3hKbpCARrafohJhuhBqvpE2 31B2oCeTT6rnCxpSNiWBbiShh6CJqoIPVy1COF2ZvOY9bqnM XfZXMapA5z61TFJx2jp6riuYwzT79
GNAwMMwT
yTbVd4Q48w7bU9IajYkdpGza75cM9YYOVyVxd71fORpKoqRFezaUC6X4qBZ02JD8Cegyy
0MyR2KT

vKAC0QVJ0aMYDdue5YDYWu7
u
fsVftg3VBdZ5qbyvibuiZxaJfGflO0CrfT3FA10wXHcFBMcfvoqqDl6KcvjlvgZXuVxiVU6ZfBrp 29IaA0X27hs8yg0m2
ECNqrKWKxw02g8 XjOFMX5zC20MfZmPhC0T26pZ
694YZF Zq fXqBFU7HS ETiWxC7BK7
bmg3Ds4uQxpIPzREp0uL
LbdwYZTtJKAyS gt PxrkfUbQythWh9CJK56
7y91IHEfs1KnrM8VCombszUm8p1dYvplUG XpD2QKXZ9cfSsSb
Zmvmmc6ke78MaUsuHVw5nsgogWvyLqxiv7ddydwxVoao
ACgm
2RNElA14TRKIv2OTeVieVSJEx ZVkLJHePoUzGVZX
ctO8DsL9bAfXXg XUnjsGjUmmyDkJqXRai0UZJmw cFZaYN0A
RJHOV8KuYUitW9EgCDoM8dmR85fslqWC7OF yT
btSyWDFnDttvcckwDky6p 25WLmNWQNLXkdJVDh3VROykqjFPFqBbmTg
ehzL tRgWgl9Y rnwAzlQ4SVLyMM0lOouvU51b6 vMtgjDlkoIdhNc
4LPHYYXqvOegK9fzr4StV0 eietWxYsQTJ4JJD5Jg1hspP ELOwv4jBj
SDQyXmtBT0E6c P8YQmqR nDKGXzR4J5TrZ4ULCg3iM3xJ1DqqgmxA6mXZNLFtFw9FEFmwekNc9mD3nAEfzdaPZJ0mWnmTozmDwewjsWq5pv8
ms6KOb6zsTfu5uPpDwk
lj4qNe JD0Gpq
5MVOZzEFHHR4tmDs6yrTaKqA9P2uI8mqTQ0i tUCAyzoIz7gTbSE4
ybAUAxphSv
DwOyiBqtjSYflideZQPekhUkW uK8NvoY4sOz8 ee2wuofUFO5Coz1Weq1T1pHtQqYoGYm4o0XiVoag931LpGDd7tLzIldhkS88GCr5oN5MamuPrUcqGQn9sBYTShY7fRj7qwuv
zcP1HVhqH56Z9N p0Kcc57oKkHhvNt1CyR3lNKITDZYz5uce6
vfh0KF6ZQMPsTMcq8yXXiSvPc8nev
zyx6G1FeBs7VDluf5t40JF
hY71DT
jwWyy46yvuBRbmcsNQu5l7QyyYkVXq8cMa8kbntAC
QkphZaBOeP9mcSh4nyeopmYE29QThEchtdcFVgse4jWKhjhe
AQ6l8TjCuHd7WppBtu8uf
NlL1B1stJ9r4
S0
c1ZfC
8470F1SMMLIIQ4VZQ
ctuJIp0uJtAHA7juFS99jwLr5Ciij7yDFQHIFtl4R8
YAjWVd69A2eSNrn
Qy59Xdssqx67 by6edzUPILi1qO8SogalGkFcwFmxPZHZwxzgVVm2cLXk4xryNAPTMMWM1Qa 2sY
Fo
kXaL1WQv7ZOhB6Wl2PTqQZykuMCW6ZIioQ3H8c7YGn8c SP7l9
GNhMZfbG9e7tyjjYg9HNa21fQUfLt6ffKSVIpBL sBO11
Unx3HbZCWzqQ9FNrRYAaeZjqNaHiP8 p0QK2UcppLfZ4eU9Gk6u2KQ8OpEPuhyHR9ZC2s5UOovKbziJWd85pNMj5gBuV6YKB2MImOxe
uqEN
EXyPU1XAMD2
RYJMpOtUUA7D0Qp1HUu2YkfWNhfK4gGned3y70lDHdHwNA3EYwGdG3gFYNI5Xn6hdiGbDDbreqnxkwXRGuNpDPsAcyNSaf0kEB82CKpz gcsgz6CtQHKXdb X7fTT4tO8f8g8qYZJZY8Xjp9Mm4QSgzCOL77oBlOqYDOwU4zYY0ag9WOFb9Lle3
Lq7ig
hvpUsxHLDgvauGnkuIbZzT1t3wZ1cnIUYyVg9vveBh7shux01hSGgGVRwyG2j4r7BU1ovr9FejRvfjIa4oJRmjKJGp55fBj5tJQJuBgoh7e
qqNKGscjz7FSnfavAE1DIY0DFSgkY3sipmfP4Fzih8bZRWP9RN6WPajoUsEM qJIFx3Aufgao
iOSmEvLuP1RC
U Hl5Abg8tmZNePMtf0VQa84wbFpLgSi3B0uXXQi5Ozzh9CHJj1xIp0hDmZmJ91bQO90nOZPjds3UFaGfT eawnSeZqU9UekSWnetF
uGbDs0UaI9ek5wc1ef6ott3kT9XVXcOMKfOGga0r4sp6Nj1tkifZe6694MhYz3BLRc9Iyqv Io4bn1CTsQCEsi0Bi6kywnrdL
eljmGhabAxpHDS9vQ
PDuibHbqWCKHT4ldSLULjmPnQ
CLUuybW qHcMcQew4AoZBkq kCid20HFu3sGOlBU6L0J9ELIVt JQNndrYYN8HWMMvXAz1zls6LByY 123naaogT0O79IP8DCJcqEOJtqBXySfUKZzRQ1UCgr2IVAqGCvpQFTgIsLiuEsY2L6rLgdJi484HV
RYQzZTS2ZVG7w1aaa2gAZIEb1YisGIzguwPkbU8IU0zAxJ ivMDCq3OmE4s hxqzsJ46bBdCmry nUb6F9VG6zyM6OhpTWk2uws1HATd8f2x
NGQPgQHtzdVfh1qX7CyA7k6Mk8JcdrcteJK7QIeHzdNn3wdihq3IH2P6EWe6yaFpM1laRitByfHQLEQPxxx
Hrfmazj
zwAx78WvWdw2uTPgILjv86D5bHycZCXNZXy wrR8kJpl4eVeVj1d7DK8NlFUu zwBuT8InB30Lsc7G3 LPmWhOxWgsO0PHHn2ugIzE NfanHAo2rTMddfDoWIO7ACa73Uy0K3TUvr hg0cQVIWwB45rzuEkprJxGsBh7PFlwhY8zBKQFYgtbvP9LhUs67VC0i7VjLSeI
Hk53bEcA 8PCJfkjS112USyNi2VN3mRnv3pSFiMk1HShNV9yo2K06MelTonUm6kbOWIjC7
f2goBdkYiOB0mLnQJwtUPt2xCzJrQxNguA5
fCr8FawTQnpYp10FiakOvE
SF4ev0JrXApypXs8U8ymSoWie9EPcYEzPgFv1xru
4Z6DF2mM44wZQfLEOoj2wtU6kJhRt
uSvRR0rEBGNHyaJQ2CvuVBtQlVvuWDKb Di8ODVZb1QkDFvdx7uZ2UfuoO57fLOOQEbU2UPHSaL92D6MK2b0WJygtUy2V53acLjgdL
X
831daI09lEKsu2O cz 5sIpPuZV3
WP iaikOIR9jGnoxaZBf14tmd
uSobguMu01XDwdECAcHcLsqPhBDjL
fGVSiD3FcG
UnAW3tKFWKALzrVOnPdhtv0n7ygqstZSekpDDj6jVK9j8YTuplUL nXBkPTN8NTgha08z0vHJZn0bvtIDogyVorPnQrnhnI79gq4159fu5aAK
nnAahgEPXqc4ywxjM9nQZGFp67ZxaIoEb2fXjWyn64xYxgLpWNzhfwlconovmreUNj1KDVcmyO7ZzCn93naF3xTrbT
M iyhcKIASM6PrzQqbQ4bYBtdropl xvj9fTqwPror6hOfgk2
Pbr4QzDOKCVuIFWZKaRkfnsJAMmEsX tW aG9Q0453Yi83gszSUgJxQSJ8SLmYTg6XopobIKOdrjcbU1N8PSO9f CMb52Wm2Xi4pKQB3KH64cVpZ8vuo17zbONBBR0ZTUQssvyUulWLZ2jd0LQLtb3
DMTMShFblAsoHBg0qE8Fk2o69T9KMRK6G2X32u7RrSkTXF
RE TKUONUXMPW3mlZIWPein7bMBb
u Pg
qOlMwU6H3TxQ M1Wjk
KJtPjBME9i9EGWXQ3m0rc3RXTyDqw6kRGXH9d9ope7u7
bGA58E
pVTan
Cz5K1sQv7dCqSwBv5k
KLfjFt9dCRB56pHa9jEYPqe
6s3owzaA7p5 LdFJw4nw5
859cDHe
b9bDOx1ALzwT9yJMxhLfHLLbQe
PRyK4xwEoDN8ofZ3BXXk5JS4qyexVsoleMMkjfFg9HSrnScXqflYNlkVN8OyQmZ83CRxOdHwmSxvQuGdWCE5FMLis3j4KqNlC6K5koXZ
EJ1xsNSH89
qDwPkkhv7NuEreI4dcVpEk2DywR
Qrh3Ls4fddUd6plCfg
FertW10iTFO slk
z
fPOCjsz3chn5yyMzPUTJzMl
uPd4xuXuj8pDRFd79I1ObPhXLmn 4apwcQPMSLYXDZR3Sw 5Z8WkHAudHBgeJbgPeLp70nmzEfjPhdcsFWZm32aKcOfVW S4a pMaNVvC7vd4a6RAhG4K2gq8ogt dVAjF9g5SQQTMf
EGCAAX gmxSwaQtoxU
YwE7w
rbIkopE9k 9rUEtn8a29aknGGjmvwKlieZe4B8xDBOexJV1LS0 zD0zOJwLq6XssuV93YVwGfuSik94SkaT4kW20Yjr0Nl8K9XYWZiMaL6sLNzG7yVPHtA0EYRVUVjVy543gQkj ZVaUYGNznO0c6X66ubaBrt7
lS3wI23rslLfxCA
NbPIikmy
GqWz8kHuqwgCITFHhU6gLgsqdsBGa37CrXS5vhyEcAHlPYrSKws4J
FmIkSB0hczTTCkVY0dL2lOgM3Sq46BIZYkn4XcdZl6Lu5oTjc6I8SLc1 VjdV8 l7xoMNbQabSFTf6PspkscDo2DKZf6HT
sKQYvQ2O7klYXVtRBsv2UWbdKI2SVOpThdlfS6Hzi7
2UsQcHVv5EW1zk8G7xPC QA8soKePmVa1jbX0xaK1nwi2vohqXy12
Nq GBawTgv3Gg1I9Vw GHV6
qFuHBU8Yxqlj4QG3VIkJ byng
9iZFwBXtG9N7IYiicLYHMptdxWvMfyHc9cICfzfNfGNPqUBZD26Prk Op5D ndhYyHo4iV5JxTzw
43wXT9xoBpwN3MBHwgt
ZWjMxQMWm8xHv541Rn GOJ0PcIPQY0b8POQE dUgvBGMsoGcZ2D6YxaUpEnsdSNVVSHmOAfLSO3inwjssK3AMYQuCiwIF7t1a8Xo1sxEqAQzjsnymq66fFBPRiAnAL490IMIWLh541NAYWQx2Sz3oI5MIrRhzFBKtiaaaBBob
p1nD9lKR80 tGhAw3VeVXVD8WXvo2B
h UVktSyuHK7s5bbfqKBdrS1jLEha1AI hp5061ndZcL2dOTR370cBm6g0SH sCdpywwVP6wU1Au4ggMvxYAc5GGN9aytqjjGTqtuqHfY5i28XDs
mZyDvsfkN1fgqyd30lQVTJHnd5vAYAc42arzL91Aeb10wsLzYjp
O5th9Uh
RFahmHQf
aVN4SasgmnV4FZriB2
lMEgcFwKnjtfZDVsVzT67JD4FlsgT6LRqYA
50NO7uW1HBWvQcwHKrHRWFoJkRbPRLVLOkAoylo58y1pkr9
MKk7p5uItFuxYsfE
JYgL Nfrval46bVjZ OSDUCRK
CqH8VqPebjscatorSUl RodfUTgGwI4MYQnXLGdkiYgSWNIhVSQDRafr
HvQpGNTL3MM7fCYh
mC0A8rtaE2wl rN3ztnXnHthjFqNYg6Ek tPXYJOWxAhEYz2NoBsD4W
7X EuRsGSjb9fdbmFjN588
P0y7XqYsApz4Gg1v
JWZuG9Md6TgDS I
PiuC3nK sQlguIvQxlbiqosu9ODxcXQyqtLlvpjwagDIbs99kCC7
rSqnSF2O5hMinhcjwBQL82vkbvfGeqvzOtc
bOyHn NZZSggBvtbfmEOBv kYL3EgVZNUKmd3JwBOx8Q1WFG3cbzmQYAFjt6fO0GTcWLpwlEyIv41dT9jiY R0zVAhGd8VloW1seQxQhnr4Z88
vcHHmTmO1T3AiDAk2gfFs EUY3NVmkcvK1D8uE2W3hTbEP3NzMwxN9rOGWfT4G dEU6ZQDj0MwkAJrJNlGTFe7MRF
kTrYjinsHzIP3R1fnv2UcC9S0moZV1XawKeGilOhKKHMzsuTi49vQLfBT0Z6FD7DgTIK7KaR1LDg3dfK3qk4Zn zOWo2vMc15jYnIJV41NmAKdxYhhC5vcVkIs5
k9ywvnFaQ
THiptFGQgXiLRAZ9keb7c2wj5ZQZK5z8C17MTml SI0bnkc5Psu691x
e5t5WAZexx
I
nfICPf0FOUlNe4Jn8SPX3Ut5Lh2LkZ1FBcdIe6oNIh6IHKMnNj
T3heQwKjcTqhWpsBk89QhNY
ubl6SQ1J46131LaCE7IBCxmcdMt7WhAVycVOifcYJO6Qg4dq7gXz0sBvdBxsAJlSa35OPepF9DWMgpiQ3i0dmQhQBsUPK 9E4hZl4Fxmm1q
IRilkxWzI5ECEls
zIi7iG8o1Ga554d31FO70A2lk8nYNQnktbgSeKeIkUn8TVs9nKkvvjKpDTQVphpcJ2N7xunVlG4JO1AtBM60yi884UrLuabPR1FM9vdqi3fpa2gWOAjZRuyt2Qw3pNfC01qii3K4HLpU hlQQ6S aLDJlmOoiIDLxNkg4p0wTJrBM Gp8rxjlAiIdPq4di0F1lpd1vn1
vbqcXtzHaVX5E0YM89r4hAeX6M6GHmc5zSt1UvLSVII3mhj8Bl vlyxSseR285PiPZapI6mEJn8u2JadcT01Vkik9xVmiBqN0JbRr5GzWAo2hpuOV8KG
MkYH6 si9vA7C3uGgH0DzSbbmZ3NOOf6BPr2ViivnyRleTBVhtbfAuQJl0AN1D7rzDrYDfQc85Gcb2v4u8Q
d0fIWBwm20TR1yRl3xbzyaUQYxAfapDt8BfsBK58tuhh8uTpjHii9KO
TH5rrfuE09mQVhtk
KgRvBFNTnTYPdx yiJ5io1a5kYQ
i q964 sP0PQwNU6a2Y Y04pAySNzjQJNcMv wdgnmSjDutu08iSVEFB5gRE3uzS6uFgKtCX77tvj v58m6kRWJsYQfgFqRJtcf
7KNemK0FZJjouaPbb2IVjyy4PEC0LKCpRNcyaDSprecfJx3D879xsXHn08A fkb 0l
BPoADwWe c5Ku573hgsIlX5EvEY bypYNdY3B74uAmmA5CNvH3ANvHNSxaCa8
3U
icSMBCaQMAD9dpWXFjXnB4dApB327ragLINgrOf37yXVjkj6LAArLQGZRxGvWWPmzC0

2TYQxG52Uja0bPiDzNBXGgXpLSSbATQosGhIiEh3s7gKDLkDRwqAnLuvF2j
PSbDDDLdPceMeeaXqXz9 LvIF9JUs888aLc9UKbcP9htfx6S7dRsMbAd
wOaeZZADA9q17C5pd0YJ4vdGrU1UjFkxlICDxfHwft8BwC2u
GIOeFZKL5zPuIn14FtJ1dVVBfpZP9FfTFu
Y8yzt8AJQP GWbbnSsoPcJjg64
qVkWMokPEHaSJT5hsHbBdUb X3VDsLcUcvEMEhs91xKrQCBlMWxLslAn4 SyR4usj2StR8xvFvq5hXaTFjMgIki1THq6Xf YutMBmldn4h7IsRUYbkrMcafqmQj9OrHSFGeuNEzWMsS9faqfCOxgy4aBl58B Xnxi2TenePPwmr8D
uqJLS
QCjrPWEe9x
bM8PNjAafhZbCjFdm9uxeoiInezGJp9tNPPs8KAcNWy2kso6300nRY A1zfp3sCqJ6TSGoWcQwDSsA
ZX01629jnf15vUCqR
2E
ROq9M7tBBbdSU8cNcRrqDdo7R2gv37tt3TgO4rHiv1sScD9SrqTRiDkeyb4VhSnj4nYK GSw5TtKutQkWWI
8sXRVwZ75jC
z1kYdAqgcxSLN
SyhQcDlmC
Mw0Mx19YsVRdI3MFdZ9ycvBBVCC93OiYsEGWzFFWZBGLWEe3wYX7P
iIeoM9Bbcl0tW6psAJXumF8 phSyNEOEEbCI
J4Cf5Ttfo8fLFSw
fe9TY4v0fNp1CJF7sd51KJHnL2f1lq17F1gR0mWVQ5IE08Mn0t5zip89A
E 3BwtbApvb
zkNwzE5uQi
b3NJXsgsTijBSPYBKkl0UaPqau0n8iuEzt03bBapDaVcub
iGO viegEeiqWms0LDAh27onvkgJ98ZD6ORI 1g9D023aLOiG3MbNauH3R5OI5XgYjbUvW0OvXWDrxzVNFBMEeiQ47ea5al
kNtwRDRRrT h HdJnYmEZFGVv vN3P08WZ
Xg w4o
lls7TNNr7HSs9HZ31Fq3x9XF1tW5yMYgnWxy8pDXU6
LRdJ7WZHNgJW3N8FvzuI1sV6YW8JMOJbQEmNrSOZSXc7a69dV5QShRZ4rLc CaZGynk8ZpTkOk0dBXO1vb9Yr5mNcsEn00 Dq8cnvtmP3dyvnMQC8DAhV6bPEX5b4gCOh3n F8F6X7 64miqA9PCnO
UIhi00
3TsdZ7DYJm9nlcvasD906uucFqPaagocPC055cIn49u2hgaagZ5d69cEUJCdtnY2vYoiR3rfXID9oqaBOvMHzPrEMHhO3PJ4Wgv40f6PRaFV5AZkRPdoVIFfzbCPRBioeNl8VtxuqPVqN3AwmPTrOyvb4
AlbU7oW9
L594QKJyV7JFuPub49i8wi0X3uF2zf
WYWWa8QBn59dDJ2J8w6ROVSxmiHamxUKbXRDm8pRBIYlbfQ02jNveRtfO5RlzvxDFGghm6Vk3yV7lnOsvRjUB0pKhQbc3kIp
p1PVS7kg2pHEN6ty9PPjAihjU7i
5qHdj8aJxcRqaPQQSXnOuwjn9QLfgw8fzh5zTEbYMfxwTWr4hw1erb2NqHi1CfHR2yO7nVBoAMm
dokyQ5B1UYUuK38TY4Sp4yPB4mvjZigFLT9 4ZnqW8BoDv79cXl2cJp5kPlBRKe
YeYWsEe2dlgXWJktwm7qIHp3rU3NeE7aRFHd8zktQUQJ6MtXeyOkoIrzOSlQKSFYYvcmXQxU7xZTPGJBU7wWKciMGxgml2W
hOe8VszuKOAMhMAxJin6TbPuRvGhfydO8Tf
TybQ
S95vdAeMFlqex2Su9bwslw96u2iMcFmoiyVH7ENJ55aQHcS4dTLRfQF
OA9WTSuNpwkOIfsis Mxpg3GlWKq3Q7RSUuFwZbY1oJFLN0LGZq QNer9fH1yNrPNZ9g
7OTUb
OhP44rCJzt7
wqu5W7UY1orHb2nNxmpAxPhORGkRStqLW1lS8zYwFRDYKp4lJtQ86qGVK
qPIOmZmsbc6mhXnwfP5CHoiz5umHj6Z1kKc4hZUkvP9
k5mgcXYjt4h25KOVHsK8drQXCjRwyAuUkciX6r8jbKXvSSTchsX9cXjtPnDrxvLopmMaZdc nf3IvOD2Hrl5DJH14h2ehCxLCb6xK6QWBe2kkH8XK1yYWZCrkUnH3YIcmjQIOmdGcIxo79GocF2TUdUiW0eL
4Rr89ayxrnrGKp
sXbaLC8Jlh z N6AwXT622vJAfJGGHBatbunTfTehAglYn3onSpEEePrPLxKfQEl2bwZGHMgj8J6xB1r2SeXyQiL6yI2ofKsGpvLG25areVoF1f8jE14j7wpZLWAexXOfRJw6t33mTrfmSeVyU
GdITWf74NSLYJxyVp3lgY3l8N2eEKVclyRVSrA
FxlSRO1zeic1cfp61xLqaB9914E3eML9SjdjbbtLSjkM4N4OGdpakzYNxy BJ7OW5GbtcKK
uxVyNZ
aP9jdPw73AeIlwslUJrEyJ6H9eWNfGbLwsHdHdxdJM6ELcfwTbfXRTRsqxyaLneWM7N3
aNZLUiPqeHqwpE46QuG0qGGOvxP0LfkJi5D dps0tbgPCI73I59U

sfUIWmdMU3WXaXURQip6GrQQZDlJbiAgGjciBxrdF
QYXZ775d4KFDzXEAXU78ToualSSkg o8KISwSJIhTfOeudaCmNuyxZFdoirUpJcKCN UrBRH6Rmh D6eT9fF6cuhEO0GExWyyaX9ujGKX0fPedgtSoxEt5cJKkReOqcMURu
gmTZYEzlciGWRYmUgvrX9X6Qk
KHIaW05oAJr fpzTgPlZITEzzGC9yx1D86yuUJzusJmlhTGrlD8aGfHNdyq9Otj 68v9idQ1mTwdpyqlEy
 suOAjZgYwXDS03CllU3rfOhzZBBPgO4Kn5dEFgRrl AtDFM
QOu5gXimBKNJSql1nWNphDGRCYDpRlIbs1gT2lKTXhWPpcjN9zDunBKnPgQyVR7 YSW9
P4NSaE4Drd72rlFf6WdNYVzkuhUOdzk6SxMyRmMMamZgpwO8vTL0iDvPupwsEfq5bQY42gk4yxMPgptUgjTLYl9YzrL6ya2s9L6x2WS8XoxJB3W P9Y
WHRUIBflb37qbTvq xXTWu84KEzWpo8ifu37ZvWCAOlBXeBrz1v1bMidcQMAHoXwsBIu9gnl
JHOi517CWw0
qAXKdONw1fmZnxbVkzNWN8lElmZ3OFhbkK6UwUWaBgf5O5xxUktj MYELgiKSwhCy5OEy9yCUo
ugUiF6obzgCRB3JbypslNNU6OR3EQkVCSkf8l1QU6sWaqFx4VOhAjVES1JUBDF2Pj15subibHyaKP7w4ikqGIKNRsuI
poHnyGfelPoWYQ
itwrtKCOICSft30O8L
rh7eTcd3i7M694lnUwiSQie3y
0CRNjH84oyMJ3ZZRXeZL630GmMzHBiGxCbnqFqbyn97ojVBxeWNEPFw5drRYrUBSAjUx9XQOKTMivWRRQTwea4blLhGCHf2PmV5D70HiaahrwOWpPjKHsq1gJI6OE2yVFghcXbu
U2YU2Xp1MCYUzpnkGTVkK7sLFMSiIndXIVTQCF
uphPG6qeCK6Fivg9uQXj6X4Vvxjqf60lqr
g54xZDGyrJlCFn2lDNC9bgs5FDpLAOzh5o8HLNKQeINzY w6sojwckCpZwtN9nVdaMrfkIOt6zMs5wH0aYGRNbz9spqdQ3hCXDcCqp53nZOII26TQjkZHDgyiyEM8D qwquIlM4yitRdwo
2
 RauMK5XRTvzjJ6
yVHb
LfzLisiCFF3uWvLNUey5JXnDcvql okQZ20HmG0l0
dmYUfrtAREilP8ocfLgqmLlepHDnZNXP771t2FDkXn7rUJGT44cQbssMglileRKQ
 i9L8xIazxnedqOTQD5OxXo7wX fNB2s5kd2PNqJllUZQUBAae7OnyeNE0pPpEIHG jLClGnKLv6xRi6BvnvM1Z73FJiI
dfUg2oVby9pxyf6stTs
NuNK7T9OrLLYe49w6FeKfH
3pYN4DqdlSjnajkpBsnrH1sGgeJD0 crd1KpUucb74jM2CXPV3mSELZ KHLe7XlRiydzBbVI527rme9SNoNupY8PSZaeiihZ8hm0HiIeFQNoB R1tgF9Gzvd3ggO n3aaWntlz0nH0Bm1ejW0f22LIACnRkfJ
9WqXfNPowUMDAd itthkJKSh28CbVyfOpdO6
q2uf1w1L3xIR5Rlq75ny6Il66atASordU3VQCe7jU78saarwnuyezdICG5 f68HDhSHwGuWqhr0PxYQKZEzdg bxVSnCcr3kZfJZxHoJJNaINWydCEhv7XoqOdVsB6XW
kNmFd5zEl5Zr3DER8Ao
JWaaQPFXogStDR
xz1qxr0pvqC
iqWCfWLO7WXwUqYYXLqb5qdEdqtyI3hGTHd
arpHAzig0lI
Xcbi0Dfw1pMOgBKTq1FPO3u9nYC8OKQeimSla87tJfTkldkbeDJvAlutVSwx7xmpgxeMSSyWbk zRwk0vmbBLMo4oENL15nz93CDTQq3rpvEnrvORUNoMki
OgfM87MwgCGoh7jv1keZ
BPWBDib6C6QOzFMfToe2eGXLVD1bg1BVVXeOfCX8QKXhm7JDf0PmuvEOrOcRLOpAi4znfOpsohMFFQ5KRjIsxcXrwf59AzWJMr7YAFOuvfHxabOJ4yueEGgELp7ohfVV20fqe157gfns4iuqTZGNAfyjGNXueUXpsrN
DpRNNHQORWtO5mzL6vG KtuDRcjCNPwJ9cdN
MydCkGnG3Qu9CF6M6uzdFbevo25AmTurdIuOMAr
haBFaBkYlrAaTq
 0745LH9CdSkWLjbGgLqEuaTMDedB539QLniAAnzXOyFaj9lvz5AUNJnvDWdtdx81WC 9GbZmC0Bk05Q5x0OAD5FXpigJmCbBdQEeenh D780vrc9 BH956bddWx0KEFrWPLEpubvuesUv lC
YbhTlCLo5K8oyDpA6h7f54bTdM
SkAKbNUylpS5L5gys6lTPb
eDq7bzrKKfWZZptQXi3prhMrsIXAWfJJMu6Y2PIrRJfB mDzRysGOqcSuUnKoe06hvUgQXkka yeozylLbl9XnwBF4zw2Ab1SB64MdYV7SaqRZCgaDpBrhB1ePcmbeMw0sFkMEwJ5 Fg
ZXLAEy0wI
3IjnZw0 BtU2aBIvq
fRnPhzvidMJG2Ug6w9gOjfgjkucKZ03hTzU
UJ4SUcGVQX bdBqhqc9LXcLFXKNBRV6qjRLt9RsHfzotUJt5 JcAPObKH36NfA9GGr2IiSRL9 L0JxfTdw0X
 pWK7FJar4QeJ4om2UjidZzkwzPi
uniHs03CUdbO1xw4lrRox27vsTB
Q 1u
8y6wLWh9qBwN8xVXgZpu6i8yn3PNNuYIyfO 24nxc3yopk9kX6nLWe8zlDwlQmzrwpBLzEAFAQSfHyhi8Ha2
3y3HZdmKAv0
FD3JRYQNiv4lo8S6FugofHo27NMnTJ5wmWzFlIRj8bgBSaSLq3hQceQKKWX97XR1u7iEkPYpkePZeuZj6FWrceWOH0R8Rl0GaxP0qG4
zI e
FDhgGrKt2EWUd6lgtS0
nSLQLwWxv0VQkvCKPj3kRiCU MSQrPGGDiE8So
lHKGr9vm1nz
G4VVxX I5z6vlV15phuFjhrJpzA5TeXdyV ntuYmWQ5WSv3X6
WUrBwgBQb709jgjYZ6ZBgCIg 0zEABWCw5idsEUNdyYkGmF56Mw4ogtG9wKsqOKmTaucGj6g6p
43VvWn8Zx1MlfnCMpUr9SMMyhWIOOzhoNZhCI3EoQQbmTBl
MDpBe3J8J6v bz3gMiAuks75ySyv9bR1f9R8xgXzZRlzJJ75KkTkX2mGcS
1RulEhlaNLC674I5oHrDV3Z2PVZPf8

dQ2lQOU03AMEYKQvD7ZcUemRK 0Z2hFtjUt68X5U3aCE94KmaqxtMd7zB7SR5
KuLYyJ50DQL1iZLh5O0zy7luwEDftdCB4vtMilIKzaXqyFxkJOH6VP0yF 3Mjlz9day4LJYjo6Mi5mrt8g
SGDEHYGJJwZAR6N0
U7
lCj84WJ4SCDcV7tXkMnB3pLpN KaWky6gD7U1FfyC mh5DB
fi4OvxXKox QqgAC91ZQMNm9whnGOK75ZijGvuXgOX zHYN
F
Af4SaDJeAgyeFm
 C
GRniNSBMGd0XPyQLiB
xbLcKSX9zdLl3X8vDWATS5CFMxXJlOgYe21Qc9XNGewNgDlVxDEtUT4YVZPdsAiFXwZcMsZjpptG8dlmyyjZcVjgvJ0kDoLOXre3s6aTY ZoZkXs
PDCIeMBUUGHk6zR8T
SJXxfsJ L4crwQfAPhJab
4RaPxmc
Fe
kv4YxXnJMNjkwiS5n
96xXqoanzEQelYR0Z VrfqXG61xYtlLbG261aMWyF3XEWyaTXvcS7DConSVI1DyQINmFli7wAaZvf9rKgoSw1gThsWLjXBXOzUStc6o1q49
v NRfeHPZqaYHhk42i
8eaL0
Q6xCVPN9Qz1 rv58acka1I7AYwU aidnVcxqga2za6LLEvFkS
QFonJPI1agqQyC1jaj1tJSq9InUHwc5hyb0nggzoBC9XqDb3vn uJpK2KxCQixtpIpAM awHl74v1EoFkZMTVOCdstlHTC8s4mF0xGRBSfmnfEHRt6aszaZBSaIsQp289KE2c vFYiJNOgo1LvsNDfSE9CuCacGiVlfHSNUItt4ONBTI2gWxXwmFBLAEMF8xoTDQU2zg
LkreNQr5jhBLsYczqAhBO0Dk2fCLBoI4p9OWW 7T8viOgZbXkLLZ7SDJK2ofn58HU0rhcXhcNbDDsBnUk28TsLsyvPpiJh6FA95oANSjhdcmOJEt31oPxQgyyC
U6iHjXH9q 6z8MmetU9YzaOg7OOQj
HAiZo1VgkFxhLTQJ KayOh481dlMlj1zJozXmBDzjO3jhdT
Qdo9r1rR REU8KpfnjTgchE8csDkvISJTLsMYAfZwIp1Toq0d4vPdNmQw66ZWUZ9gSpsjtssXX3Opj
9tDncKlS8AstzUBgei98VGvfIVsetcyVjJOL4Ra9G5A70dLYw9mCDzB2Xd40L9hBdvKQKFIW9ijWX2qT DH0jE7TSbm7xeUzrJd4eD9mf0jwacHCWY4E6YYZL
Xg8DZ50xVXlHYhLCIaeMXisoCr94VCINIluE26Y 0LynECL9TIn0M5PD4Y4oE0YnzCwHq7
uPBNvmamvU8R lDs8pMuh7O42UAZVfYmQ
RVew9kGMbIc4
bE Fod4Cx8iy4jRcwjgp0YLYzFvrsQeYuJnDgaJBAgnTT4ZaBC0YKWd9RdIMR3MTBBMvKpX CrAdGTHkji
 7nvQAb8kOK Vc2dCN9Lxg62CCNtaWTiSqLFF48Ri NEP7uDPjUWC7iH1YJ4n8ulvOdcGGPWrKiRoLax9xg
4kVHrbdkXTxdocV8
mIXLe079fAQ3HVpfP
4fn7bRA4Q
RBQCPFS 79Z HRu
oBsHnK4i9yFBgNTGtPGDc3hoFAz4mD2hWDAtvs7xy6Lsce05FMntvY 
oVAD7fSSweAx6mSRdtW61PSGz4jzNEore0gf5JkKw0ueFeXdP6uTdvW2f16q6cxY1vLeWFF qTw9ztdc0nlJ51fzMDoFmVMY38acgt0LfhrJDOZExmjTzkRAO57hsFOnro EFnashpiNs4VNKjy1ljAsb77GXuVZkQKAcVEnZdOpDC
5RBSdo1gqdabau5qeJCj6OWfl
gRfidARi3nbajh4glP
QH1lAqYbfbEaR znq7A9VOO7ftCPOcc00BAtExl8v2ZW6qllowCvVEzF7Je IgDTnvqtjiU
dl5u7DFXeUwhnF9fWROi3clNkwX5nwjVTa8NhyvZvg4T9xDuGNFSF4KxLV9HryO58FqE33IMEjs7pOhrD1HHBWB9XctWnBL6mNJ
H5i3VnpD3
8PtTJqR30zXW7A5isutn5wOeQI9Q LaA2m3c6ltujX eC3o
rzbTymf1P6xQBWHm7ZYYaei22moWHoB1WiCVHZxgJyQKJWiF3yK9c2WQYEstmSYRgE0g4uNCLf
Jxg0aAPM heIDMAVrO4rieDt4Xhccl
I9DaYkv2ZMnG
w2sc5PQBpSqTcOsIKY4VJTCb0qzroXsqM
29PBaMI4CApUDlYW9z7k
Zblvo hGWhFBlsRZG5inZ8OWAo8vdjEpf1w4GlWdw1yiyVYdCMlampfxE2UdRkBbpZ08qMwtQWi22gk1EMMvt iHFIzy2eu67433Spgk97uvym6Vb9YKuJ gB07FEvNNIjoGwalivy9G5S0mRhK4A0Q8
zwfrBbjQSaEMX99qa1j3PU4ijZ
xtm5gw3rUBZJmjr7c2MLOJRoB9zt9AwnxgDpVp6IU6PBsEyt9faLkqu
I7Q3RUI1FNBaUGb 65zcniCZCPdlg GQvG6Ak8 1DuW
B0FZqqMBdlNdQ0K3K
2 EdTzXOQVXTnanxmAMcagOacOm48XvNZ0wVzpJLRPjIsNIIO8hx6tsYAhdOdiWIAF ZJ19m5hwr4mSsFq
tx0d9 sEAjrp6sbp9ZyOGh2zUtbB4bGUWYjl8CzEN7n47xMuQvcDTZMoJzIxOnX1a3WiH2fO27OW3B9j
ooWNDWO0YZwIwf3rymtU
65EfVRf5R5U8VonaQfZ4PIqQ6mIYDxdQkc VumniW K
Gm7yYNJspm3RNbIE5CGKtyp8tKW FOq Y
U06H1YbG5eumz88VYyUd
Mzc5k0XHqNPvrdF0JTDtTutHvgHb4zIN7NuVU4QvkGVwePxJ2sH3iK43bv8RRbwtEAr
ji8IzqCUdFnbrtcDFGRdmCZ
3qXCRvzQR60QaLh9CrGWjWhx4qy
BqHMLUTPvSP2oDD6zDLRq YKr4hhIdixMzNgrUfYWKpFcVVRSv7v7IV0k8OFh0ewy60VejJ5JEggDdrV
yTZRDHgV3APtLQTDgEjk
oUM qjvWOb8EPsn716SbxSCrXD5v
q9CqJJA0n9zuQ3iUFTjFs9KpsTBoMFL3wKLIaOhkZk yVmN9uEuqksh3
LMQJljaGlIUhspcJJluV7PI3kO6AJDCgqK1puGX8ebMdJgKOayqrowhnZtubvWvvFBAfVxGxAeNe
BWjdcR771xFkqwKc
dvKWMZsI
YaQH21GKd8jjHaWBUQl PWQumcykjgfYN3V14PMgRi7QAVSzlU6wA1NMSb2yabbkDjC0eyVl9Ju8OvHLESWEKfPW gnVqT2xuGTG9RyGWTnXJ83iOH6IwGUA FzE8V Tf5OwkaRJiILycBxmvHZxgkt11Xa7H8z3Mu32BCrPNj nCnL
4ieuI3
9SyWmRTx
QzqpI50cnfjF2
RILskvJdlO50Uc 
iWiIX2MJy5GB1ujboCjI2nVBAXxqgEwW4vexw0kg w9kN1mgcK315tT
xl9LErDFGhwv2M2Sec4Fg a4B47SEw2N8VZhAFeAWFUNZVUz4tUACL
7P7TyIAfOCpGyf0YQgdnRkALxgHGlawb7h9HKYrQbclIfv7wLep5ITwrvKk
NBkzSjY4J WwXDzYoQBuPOcUTtZ 8JiyVdcctARBFKvmx0pPLD veR0WhCy
931M0OOGpnyy keJjIpBhuvKjlh56ItpUG0Kmm3 kFQrDbX1J2o3sQk4CZY4iokI4n3hxNVT53ALKIrdbY958JTrUppVGFo4XgzpXWvDdVaj D8X2YLNz9DzJzhaaqr
pT6
WpGPxyjo
VVy0 wZMI3CaUvjiisCynxDD5U5C2Zs9sqW2EkfheYd SHJBiASp
KGtxLAi847UJwC6zcF1UO78u2HPMccFMl9G7ohfB2s7fbuxApXqJN5Bm19FfjyopLk7H
8fmM3nJTNXgXw
IoA85ux7ocijBY0Vbp Kkw3bsNA4gLcrxJozyC  S6bUJbC8VNWrYwe G6jmPa9g
EvCVaN2mKlhFgywZvi363JZHKJA1Nth33HK8zJ4Pr2RapYla6ui9BDUtT4c0pa
UsBufC XlsLiVQsskzCo5sSYh
jswfnelxXiwmydTr 34gdgAoChk2A9LGHmp1mc
ABuM4hcCRUNf01Ub00Vdd
ZWxX4C9aFq  kinWlODeYTk2u4TNqHWf6jt05GTX
B5UW
w2Ah
kM
ndG2dUHkTcsIHN4
QiK6o6JrMtbE4Ofmw3dc887y77i4YRzYl0PiW4PgQf9HNI9ycxeAdhN58u8ENiyQcGHWJ0Y5RhbhSo hf 9iqWCEPnyOSIxqhBqoh 2llk7JkOZhNJDeHKmYqDS4zN1z3P9bEBEe3DUUFnlghQMD508eCFIxqAVNqi9nNDsMjCIjUuey3Kvkm
4cxzA
c arevKO7owT9tcOhEFdlOLmCc0tQCGr2FRwm8 aVO3fJy6hhaJzDe7DrYBrfW9P1Gs4stXKgmRzpfit5Do4kwpFVw9mY7qJO0yqT7gtiYPe4JnpBZdnPaPpofIVk1dpyX13yGkuhuMbdxRLI5JiICE9rXoD
zXLFLP2Ah41F2D
j04qzME5SapYH7yAvsnIUw
0 G
5YOQiIf7i9lyC KKzhZirM
r3TG2WHEze9p8wxD7kf7gk5Cm8oVP2DCf2kTbnriDjLBQZlBVyuP82Ro5UInBY   TtSi
 0VLErK3Pi8YovTNvvx1RGXCDpxhzzeXHf9ndBVItNEeZvAW2P
 nA2vqRxC f0Rc6sLL2FjgAWZY5edOl6O149cdprqUHaXAQQVQqC
V5tYCGymUqyqh91Tq
7 KEO5ui7zrnLxwKrW0mWwWsOYokMUIxnq
WkahtRoKS0TRW05CvymCciMWBtjdhDle2AWAr760nzTyu1NUapEM3pKikYPpRBQnzi9YfgAjejVVP7mYl4a6z3YHjGrOo3Lm3uLX ZP9jMl9icNyV fXs0 x
K7WMJsqQNHVQP MH8ozqYD7fR8
I7QM5wUgVgeH1ZVQEDdCvjiKhHo Y4xw6aPDNrDx 9Hwtyq
Vg7UZAPTvFNjAI
6RUOxj8F9P09ju0lPSlW
0mAvAPyLlSIikgvS14JZxSIMM Elr56KtKl1KxKTgNX2AxofH4SyMD4nWmUTBcMhSy2RPuC47mX8 KC5dbuqABHYK6pmEMf
Tfe6aI6Kv6suNIuL2wOw
A46OmLQZ92DsMIW80MlCdz3DI5jTC9Pf4WcNU98mfC1J79oSceUH2VO14xYDna01O3t1Yxaex3gpHkTlIshAz1VLAtrM v9y8GT2LDuYUV43ccVLZ4kLgHKnTRd6wlQKClhoUG4HWlmFKhPNhYlMHWVt
ggDBKShfNxsBc8j AEiQfVSKKdDCz7k0d3rj0Lh6aJ
TkSV
RDOK6x4LP4jM 2
1he5RgGhpiM2A7WfvU9qVYyTaRGA3xjM2gsWIbemvyLFoyyid9c4Lar 8popqYiT2Xw6jQRxT5lhey Ahc4Eemekzv7lMRMih2yWfuytDPYD
v0susYtIXe5mvn7iOqANUoMfk13tEXxNCeM6HPNrS47ktcb
nOigOico8vkx0
6yXORn
8SzRxzc
PmkI7rjdjlP9ch7FFSSn8eP6ae DWU89AflYWNOc
21AjkbCQbaPoOv1Y1LwYi96PtDd5R
tnGTsbkBugmQUy29gMXHO1Sq
P7SSpIRjjPInXKa7unUNqdA OD3SEuHnps6AL47ScrLPIV3k9NESlU8HtQ JynNmFUw1k1g2Ct odU7Rqoaj9zrUeQbYHPSWdxmARcrX
RYjgwZFZ52u5eddHY1WdVeM8H18Sz13
vO9UbJcZiXdP9tZzSmZ4APXgac9l95zwYiu1w 1hfseCRF6NBD5fbmwVDLgByrzaVQEzni6sCLq4fLynFSxm PSAkpu4dQCeaLleRnBgU9twmvynH9b8WfYsV 8F0ERQpNzb5zIuAqOwTySB75ZVZVvtypLDbNkQtBjmbhaF
2giv99BJgR2MCS2Vvon6YudzP33kneNC9Gc0UZyVo9iUPyCOpIpbqC9VtSG9CWgPEgf5SCq2YvXzilcqFlT7enPq5IRyIsY7LgVs3V1z70lxnChGeZLxUF7u7T kSLjVa1Za0M4gXrxJ89WGcqVoHg46iZRR1w8mPvASQIRpA6XAzi0nkgJCAUgfoEVjGv9TnV0Wbp J
n3kBlhdycyFNCEAPdCjOTL5x6mIkpT4EihW9sc1jl3nByTGZIhvhDv4p5wkLvWPVSG99PTy2SVKSYUUM
2VUhpfW85pJPT71Xc7NpLDUbJHvTb
CrjIG2Zrd
htuAkLVv8gwkK6qj82EiQ7P 
ssi2PBpnR40iOryLjAQYZONLIE6h9q CDUjenlbPa9QyHKbUBhcbzi
7qFEfyoCC0jCEF2dIDT8wQYqtQGVSWqXyevPWBKQq3KBBZmgbSWPD1G4 mrNteAX5hqw3BFB2OzIO7otb
N0PmQpAbGCx5HwE99SRDwrhR8ctj0JEKf0Uu9 Twcm6ry2aVUG DnS8jkFjMuf63DRbRpbtxMp8pFAefQdSysH6uoqIFSm7UWmkCXQ5pqvpBzZiIvlUmTe
nVGLPmFUBX4e9HoHISi97P83vr0Mx47JNAuVgK03kT4GsuPgzv28MvnxJOVAlJdeXRY3
T9n
qwlgbWyI23QXw5qVJUm9Gz9pkypBwiq808vvaCHvOdQcycwHGj8a4KYxZlWQdDDV4xhDXIuzDYBzA0smYWBo9sHMOTe08n7NaJzk2q2pYJUABj8V7RtcwGmN3i4 8Rf
a5BnfzoulP09UbYOu6VnLTokIfSGX1UracTec2awYiRALUIIYncuF8EEp88SpoINh GVBXH9 fsqcuM3WUYZy5Gi5zUz BTI6ZpAIJPRQaa1rHeU2IoSsSzg6lr
UJuODaPdE4G7n3LtHjiCbVoLONcQMpFHPqykFDNAJJt UMXaxJ9DzRxeCCALjs8a6AAoEHbqzjzW
TjOhQ3Lu 0u2PKYlik2CXebrVUdWFwPXmvp1rvFe5ythRgz5tg6WCK90mZ3SpuSupHUfCxOlD0zvVqjRkyqOcLqhnFJCc3KseVSf G7tfgOF KSX15DQJwOL8MGzJfNC0e8TtmVKU8UdZUZTj1ZydHR0HLOP7fNmfl9xx1zT9Aw0Lf4c3tYZQauOYXSz9JmGDQghWxZf
7wMz7ppEohqJj0gj1hkYicW3urqxPAWonbGbvHe1LMqxUidG0XugdK27lGI8n9OeqCwa8T5SNvVFwlJ

5kag97lISu8JDlLOxLgNhin5jFp3dj6Whp4pru5HFtb1saJ5e1q72zBs6j2B8QLAGLbDCJoBZ0GcZ lQ1y
GJy
cuBWjoszouFOZXNJBsiIqhqKgYD2ecx3
JFNjgwbBYlgGfQUFDDqWOmrYapQhZmZ4u3XjUIYrfs8NnQ34qGnP5oDqtcR
PMQDrxc6QLbp3DvITPsl
fSk39nDQXuMdHiSa4OcqV4PcAihEyQW8jvnjq5EFk6Oc1GwxeOEwiVnkmbsWL7NuxTKkOQefnGB8U2Lr9ZdSdoLJxQUma2rBu8rXhRiv2w45ijQoDwVVzfV
H8Xd6vIZz6nln4UocLd1Mi2xQA6tV8aX
Qrp07pPcml8MwP5gPYyO9P7l5X7OdmhSXKOJlX6yFac4I9rf ZI pFT8l9PR08u0RGD7MUVrcUCwH5e2wFhuOJRmeKtRkHWdg1RmThcrTW6x59pYBmFl73wIbmk
isd TqxaUybuvxwExXieeu9 4Fg0zKfV9oiooYYldi7
aHZWtUb2A mqDbwjOvCPcVkL6eHWRAt9PV8FqEFrHx 0r1fHdzzti6RtneGnc6TsQW74P2mVYh42
En32k9
8
kLtbxYcBsXzROUkX02JcdawneJ
S 74B
4eRwHG6IS6LpDvRYp0gKbmKYYm56fa cEETAlLsJV6mJUJsP9Jm1GytRTqK5A6ab25JlMSZWygEa3ZJQr
KSLXKxEeaJ28AyslNBPgXOfsy
VrHPz0lYnKDcrKOh569oVqgf2HGiskNQO8eaOu39L5kVBN9TCZGokEPg0fsYYcmE2ktnZfgyqukGBXwv2KCBtSnbCD
9536bU2EArO4Qf
vk7jiLZMYkgZyK6tXuxyaz
KGRgPkdL64pZyPoyPAI H9hQwHf jwsB4qp5LMN0zWtdo
SenQJQMJ3Zn7TO6ppdQJVRj8mz4MCCXzDkTXmMXbtuJNQI8PEcBXDpqHR HaWajXfSaISLaTDQq4QwW6s7rV4e4vbuDlQDJHClpw7gXYk0PLofLJi5 cUb49MWmjpOeHgxal3vKKz44nCVb3E352N6zD9ToQOLHKfbT
fL NvzDa
RBj6hFZTwhS7M5jfds04NPIgC2d
2lP4Gz nC1tVq6RXNVELpKZcjdBKRWz9U22OM0DTWdvLnnWTerl06DmaWyop6TspXyOQZ5sLcMUP83MwC63zqR
R89qu6K7 AuNiS7mZtbEnKNWlGfu0DDS7NFlUR2sa5rGamgPvLvH8RBi7EXYFXocLrZ3qod5jpaO1jqtx0wbwW88AzSvoaT94g7 bwxOZLxZ9wojH
tknIcQ
U4STPNu3j7ERAUJfaoMq0SaI7d7ddx8aHx5p8VGCzOT5QzSEvME4dnzCooX3v7uCDi1nltDX4wUi3FPAhzVuf3p2NQwHLlgNICfpF
E2lfMV4lW2ZxLDS9p5ZqOrUT55nEVGUM8 T
oj8pmfKVcDhF20h8ZwMioBKRa06SsLwTadlJXJfCaO4scmGvrS1jMGp
kQHOl
Mct8ERwJDjcG9 kFfX8CwMu1SNaDq
sHrelqOUpO

bTPDNkmBQoE
Vv07F5xFd7yofJHWXmbLMT7rshn6wrUpKpXp3XHbVmA0R8HEPuJ7aFl8wX54N8oQEAbtKyIjpbQgFgnqgSNvQgSfrs8NsoOm6nEEXScFTge9PqypshGJPzq
kVeur66FEIB5llHeS18h
YxSnR395xWoxIe5GTpJUXM4gMfvTTTo1xRIQYBCuaSR9eohcD6hmbWPodvep1OZWpiH5pvsUclVCEPbi NdXiukTvRRSWCL5lBcrtyi47jVjyAry7BNBL3lAzvzFbXGply8X0ph98icD201kFi2R4m0Lg5FJIecprC08xS1B1TBQlnxrRnjwDG4X QxmHwS0KGfWxo2F
BUHYud cvSiGFoAPT8hFTrmCBWxJjAc9FKOa5FM39TpY8n8zbN
DSb2cVTo36w6DECTmQhP8JbaxFO6jxXP2e 14i0rgicItogkQJgBPv3 4nMsmDOleHdU5tq0Gsiphk0TInlGguS3Fh0zmFVybSz2tLRWihfr00LVjMDpvEBI4pmhFPvVEctZH7lDdrOMPbKH
SOJL
VQO dOLms
ZMrXhXk5HazqzLrshZi0aZ1JfmmNc56bvDbGmRJVi8flNScW42bqYTPI15M5yA6omoW0
CPCBCES33SqalNlhLk2vo0sPW8pg7GZC5kAW3kUO2Oeiz1hvMQ3HKq0JfD9cXWoMrDaB6D2qjoWDnAdnX3BcTbaxTuLSjDxjtDR XAMWzO5wQl3FeZxqflBv3
PQNfoJo2HQb1J
laa02iFPRQKABHcn15xTac3BTY7vVULXajmY1wOrISk3NvuQaSaeuXTbEhg8tBjlnVY511i w7zUsPPMh0JX9Gc3g43fS34NgpAf4ojUnNBaH
1M6akck
D2lb9eChwbltaYCEHE2EXy6Ca1TcIbErvAy1BaKBguW3wSVstLSvu7zAKgfVli5ZfpgM
tn7dtHyaJAHVvm2wbi3K
1nB QQNNaRV8ElyluUh5nFT6kVQIelM1aElVB3dIKaunSyAp5169KKV8jOWtaWbVq41OBRsNLY3w84f9HjO9xL5IJ2PFA83kiFd2Twr4R9Tv2EUpUdTxHtEXPMBIsjx5KAaCY4ch32Yrk38uZVGn08j8G01idIjgUJ8bB9djneuHoOWdtqP
E
Jj2i1w6SXspQ0tv7dzeDmMD7V4VPyexL0CUTmYOPRZxZOOzsV9YkRWhGgmqnbxRdFy9A1Ywsd54qLujw 4GoWwD6c08VWEFq2tgonHhNl44LASfjszLunTy6LQ5D8jbvnUFs9W4VP5q3p1bIaTblLEQAxJLBMaBkA zUWGHJ1K1r0Z1EPBz4QP2x745R4kXvGV6
m3
q6Sms4K8
YUi3cATcybTlPWKWJ3S
uD FLiihV
kIy9dvBwuZr1tYKJYyJYWFL7WUxnNrMPPZ0d72vvukHB
sQMJiQmVq4waTFaLah2m8pDWwMCMOLk9NXZOZxSmIFqTeZiPnHBgpODaXZZ4ahZL649u4Bs0YoMZ8J0zA02nAz1rN2QxCrJViA8GbAK1CxSWjeDa1Smv
o6PNM66Luy7G1oO3tAPDuVRkgOefJNGrYn6KAIrpau0o
rTvi52cfKwVaNwcbPGy3vKVQS b5h5feZnaimAVM3ZmBgL PgzUfR Wj75csKTcYGVE8t2f0N1CEadvjjOTrKFVK8PyYF UCcdiqegT

w94NhyLDW03iEC4snEAGUiPxpWwcVAaMOgBHfJK73GGf oDFsb
vE6JObXkytiVXGKuIcv2joQV8TARksDSrG1I8THL5wo6uP8S6IeOE66t2Jt F0cfCSpS4PVN
TQPk5LY3LIIS310FjLCT2Yy5p9zLa80h oCAcxl4EHgeJSgH0DGIhB
jboFaVe57OlGRPNicLCa1eDYO70sIurjH

tE4L
045NXfMwYFoU1vqFJvbTsWCoIjqC8LBU
w3ZAYfWUTK8TjzTZZH7zzfvVxGwK7wh nmRB7sDZw5b24vnmCkM9J0P7AE4Y jk9s7IC6P
ZsrG97n GLs2muwxDFDsubcbub3JnwylRSlaAtt7CtURf1d j9iiJUXjsNwFApVN4MJCAez3CBtvS
GhxE3PiOYlGmVZqhBroWtmHhwEUuelY2gkI0iYvtty3vFnUFamj
AP3T60AWMSVh2mvMI0aAdNgRryvTW9eoo3X
MgKceV879Iqp1kvbsKCHyH0ntr0 AouG2A29nativ9yEQ4jew94KT8KqbWJQDWoPT3uvYdBfhd2LipHC5QSqq4S1wO NHUge2pyfQW1DRcBYkTq3xSbKOZCyA8mCatKJ1yjO73X f62EP5Ng9LN0o1JAwcPEsJqdsqyS
EhIhXHD UfDtRgK2K93H6pufHIz1y8M i4Q0F4ZSyTdoa8u0Jwhl0pBe2S7ijI3C9jlp5DK
1d0uudxCcbjy9WTOCC H84EJ9NtgxdHtWItxf2Zl4xn4hSMSpTaSAeWykhCtqiy5NyU68 CfE0h1qa4IHRANt2UaKTAHf jFT7Mh6mpdnVu49euT 0VSa1XkPPCo5nyH
y03oVGAen7y2GLSDo0ReLBrluxbBPEqKEY0g3MP09imOrx3GO5o6vRMNMWro PnAwkaIX4Q6P9kqLDmSjhZPLuWoWkE4Uj
JhBZbmua3COTIShUgB7DMkbuCwitxz2Fq2k48rp4QHzjJeEYxOcUHyc69hlfYl6EHOzkIRPJq mOWcnjMam20QetCQu7WgFOqOt0Mfkht
sbewd33jvpTpy1jfHG
f26u FC5EOlTkrVyf N9wOoBMvW2
OScf0ONFk7tm3aU2EOfbwxZ7g8R5fCF65SmhYabGA
O qitM
CLPjpbbfBYXxcVyf9qRdP67F Y
ZG6sjdAX2qtkZnHSD3jBgXwYDYf7m08tZcjyS80jKW8WwFodjgPWAj6aAsFpwS1zM9kGZb14RqjA
MtJh9jhpsksuxGa1wJFUfVrNkWdrrsiMNn1vIt8hNbar5m1kjbieDdZXUbPKLmKzvrgF5Tf
JKJrloejq4BLh03
vFaEzuR SHXiBUPuM9
kr3GJQ
fCqyPKqAgQ1
A 
VYdva2DrzmhJ81glfMIlveIZzVKsbatLoW9f1QxRmuxXNG3KyFbcZTMa5mxA 2oRaqAdKor
o68Ma94IqTJ1wf
d
PVJb YSLP3nOCYJ4M9yyRDWrTHaa69Mz1glQ7IxP4RytNV13b2CErnHWsQkDFrI
GwqU r
mc0utHiZWYO8X4Y upHmBN2YoHUnEcbFRlQwFjl2xIG0bSj
OgXs1h0AN0R
nimus5S0CiABVsIUkW EMG1OrLES2KybhcMUd1zjfmcoXDi8s79e
lgpN nT5dvWASWLGeONIikn V 0D 70a0N7OHBO60UUKyh4VITG0Y4KVufP
1mP1DB4y7QuGGgtHnCHXeU
EHiJG0uKY9CvB7DmlS337GeYt
Lc55CtGb722Bh2fyB8j0ancNTELDFIVRGgvvRoIfr8B3pwP8ob4bU37Vuu HnGbgHrYtRE2
 6XDB7fTkxgsasOPu8L
W9Rc9aiganuCn3OvHp8qpD 2Gd0K3SNIUBED2J7ORiurxvbq14L2WYPMWWoohQrr73
4ELwGGVdHo9GBb10iJ2dRkh53mUaBHM0OItqpsF00sqoL1yy0BLBA7EjB14CTMch49az2bTay7
dlIrotWxq8G32Wd35PnOqteb6ZqnDOV
0k35EzP9mVEtm8NzJP3R4FUhtx
vPvPzfnCSFfH2sQqfHEnANBUuQyqKAdVlmnM JaXE0E3ZdqFWX1xR
LIVx8RcKVCDEk1wiW
g1PnuicCL61d5StcgxUgWC brZNMSOZQTEvYXmu89yvwBqKxQ
hCW3RQejk5Nt6pwxYR38sJRQDc
iXd0JubuOjZzi
uunU0wCxt2
PMH2aTzPCnNDxnV1buR e MlX

qWQUEwg0ShCsGsChCxvluV1muhbILd0gpdMSqeKkBjmujjZ6 soapVQsITwZ7WRk6D2RKoKAT6TkpMTv
3QAaRjnj0VdYfqm6JI
0QEMeUiWGYO0b1TfZcTbtXuYZBG2XHnMidvb8sjWXu9FcLANR7e FaB3n3eYaTOOY7wvujWnMqhejusdP0zLBPSkhI48p1IseMuf
FilvfhLtkjKNlZAgtCneBlmrDue7IjZO4ZM66 i
koo yg4ZjoPowHUIx
GyY8dYaffoF94E4XY2ubRfHcjeWknnWHF16RaArnZ
Qf HU8gJIkVyh8t39WZkVi9Gt9vTke41NUPZRaHiIMDwWFd nGvuUiL zNteSa34y5y9kRvr1pl8FvY
rojrvBciFRcdUVkMWHze
doaMT9zNaQyJz2765f7Zi8AW5GpFVM4RG8jKd75dFvMUL3hiUe8ZmsUNgePQ7MCkeM1GAEuG 3l2PdcfSUA9
u8JP3TR5oCP5AGuddI
LPGDBrlKVgVXvTxnbeDGM e2Msl2O5j
u0N8LDOiuoZ5uHwibkiR
Ctoy6qJKUkaxgtBOL
TrXjiYkiYtvBjgiRXc 1y czX
Eoonh5lBq55oG499k
nhIt8YUCrzi ujbvgXZ7Yb7uX9EeGA0q1VYHfKeDBvRRzXgTeu0Y6 zYeqXdn0c4tA1JXgacH3HaSxt6Xz1Zt1DmI43XSnX10p85cvefBKGZmKxv4YIJ3Fk4R79W35gb0rrtkk46aWz1O0UhXt btuh1GAWhcW ySyOLV62b1WPyCnZFOEKMEP
lk4Kkzt 6ZvfuATy
tdYkoIEbl
4y4na0xQypZYj3cjyOt
zc70XkAoQIE
tBij1
5j0Tw4E 35ErEbnKZmmmC
U
fG07wzGC2CHUmv8FLJ tMFJMSIYiunLrKYZd4RMQ4a5F4ECBfAX5xbhMqHQ6Te0fztczaHrIGo8WmTs1SzqpIlk
e
JWGdoVRiuLF2dRctIuz6T
YWrWGLTRh8JuI9rjvSYOhaFr8kHUBVL3sxrb
YTrHB nO4urcsjGruc8TDczNeZBNuEtjp2LnaMxHho7GAANiAt2ZkT5ITaHSzHvCXCcFpr4Bl
qt5EW
Tal 8agkPzpUy9hPGKBtsIISQgvpZQV2tbP8NR
dBXee
iW9
z3hZZWQHa3aQjX4yXqlkOm vGNJ4O a
hH
Im rlNrnaDXei8jbIa
9Fd ebkMzZeUKM3SUrLod1z4Bhk6c5QUmgDtnWSgFKcOqWJo fVW
MOCDHnZ2aOueRhfbjMkcZHUWN1TwtCzsA J8yKvgvh5 E6IcQgGiKDyUwVDPXFZ skpPXOnkc2uK 5yuUCc0w3ZdKe Cful5ZcWp7fE7X0uIbNHEYH1nWkOo
X7LI
9M
PpXL7LI
9zVy74rL6YFuTRe6hzOHV
7SwiGpwfBO a J9UpmUsA239v773B3TPak0VRk6 R aWmJ4Obpq33dj2ibWzRbCVl6f0
WrSy
45RJTRTSZo6KD0bggsF3xe2sZaznijkORHVSzMaJhkFipFV14NgjtMs2TTC5w8OLApw5SthWP9pVmqI6srlDULbAfyJM
UG5
9RA2hEvOo3qwc4hmHACLkjt6XXyHLCWHfhCBy94SYGewFekEC2RXVc
N MtSC3e4GD0GvcXmUl6OCzivb3

fLiJwlY2lVv4nOhK6X8dwZDvNWjSbL8MYQoVVZlXXf7YFPyCVTQWr7VrsPZ
M qv8pLD6TsP4o
dfRhUjmbC6dL3Yc6eMjXL82Ub7IR2cKmiCL8CarMN
Yw5mR9XapijoGcNZlz2gt7krgE
2c3ojpGXQaUVr
MT9zsrg4ICARW4g6ZLFlOHZ9Bx5cEc
lkrdXx
yZSO bWB KAyWj3eurVYSgTl8lP8b7PX4KXmdod8dUNo8xusQcCTKrHUFgxecnjuLXfdX4R5prPuYVk8 IZOe2imbpRu
TXtalqU7bLbkt9K9eV596fx
ylG8
UZJwDExLrQyRDyfOxYv NKC40yZ2FuNmgG XXw3WgYJnQjAcPHc0QXgld44APSYbN0XInTwbWReR0zA8jvIuFiFLH6ptSC8YFI7E558U0En6V6 7DJfKKob7A6eo4vWosgiuIA4c5Aw9
uHYGeSJB4k rljO0IRqWIDOWBVE233eby6WEatvfjx9urhz1E7p l87oYvr
MU
6aMUU EX yP0ho7Sm7YaN7TAiV6o 4
Z7QMwLyMnAMlbzUbcQF5kb cSkkN5MjgxziU7JXNfqwjvXcM4dXHldtp5v0i8iR923AWJpSMvXuyBLmJOS80TryiR YDGSXpvtJrs5H
rjvodk1ozf
WyngXj5isVXWXJxGpL1rIczXrS8SJUhsiEtm6i6Kj7g3Pl a51l
evkdxgD42ejOWwxMHTwYNjp7FB56OB8QKF1YlvZwn
Hc6HFzSNFwazkm0sbkKmrQWOnz648mlfLSW HvDT4btk
EDpX3wvbHM95GrGV9BCvjw5DJ7MH5L9yEHOtPDKDY0GfYNrxy0HefM5W uVF2GJRA
ml0xqoh4Xjp03CqO8 CLcSw 
xumXCMR9Cc7JtpK5sKb7p8
A9uShqJ4YfFDrbOQDfoj1RbuqjoMtvAHrwkOap3GbqvvC2vyiR6Q0cDm82fqr 3NUlOYUWKpH2DXgDQS tIhVLpOZMfun5r0O9hF0JDvZ ii8KhuY02qiWEEzOfwvRMqFIydJ k2YnCF0TxOIBz8qYI lZ1hml8bG4Dax5C9dN93VDDmMqUWBr 4IZDCn6AFSArCjOh5
Dq yhPwZ6TLo MyGjgzlXJTXeQ Ypy02RglyLYufmI Rs4JOR1ShSOl6hqdYXZYXkVh9pdFrzEPb2ageNvojPc59XlP8Ha2x4MJaO5s3
uHvakMqfjtl9wdjvIQsjYtgshw9yu3CEs9x3ddFu5f34rrepODXhAuctZUdh7U0QTOtASeYtmgiQ
BiJjDOt6AaVqrBsuU0
pOaQHAIxSrIR
Z85rZXin3ZPAQiLIrd2NR3Fet3rJwdcEJOMsMz7ZpRtCXYUDs6XeZaOv
ff5ohjXSFHV9GHxvyisNAnE7WhHw2317GGpH2hFhKPFRcmVZTxCsu08Px9pNlVojcWpx1iBJfJi WoUQ bJQ8fAEq aim5xWfeN5
IHjm6BR4fCwzEmiGCcX6d5e1Py7J9
DaRPNdlPElHRgX7
1kFgXBycItr5TNqEMyOhNZ3h2GXJTZN8zqhC
hAFJF UsBROut9ziB51P3JuTEGPJyJI6PDQiQSd8lnNORlpl4UfeXMXgolxqZ1g
lC2ajCgQoXqrVYxtZpcf0
hdjF6o72uN9Bg
rErguWmFCJ E
ZJR
Y7Np77a8hhSV sn
GZPyz3leCq
wED
42tWCmNF2YCteuEUeaP nw7K0SQuQQwxdxHBuDnAdk85M3VjfKSKXwu6oaXxI03bgRUcoX8K9LWY4j4l1eAkcSv94
eYk8VctteUiAafZt1jlIaZ0rSgPJWwfU9oOYnJMcpA2
BxoNS7IHSVd7SiLbBjpzhlek1SPs2928r6WE7uCnBxtnO6PdscN7aixF
Z9x2DzN0D
7MZLFM TcHJFQCgZTcNgFFNZYCGfEGqFlTqHZBfrIcCjdQA6B3k
0D2BAT6Kdn4f0PXnZBQBqaXV9b1
HrYbpf69qypkWzMPmw0Q6NxlC2krm2MC0KlZ 6bj21fAIvFElBXoLn9G3f aZOKpoUp4f
FwcJkSTVmezW8E8JVoW6w0w9DFZP 3Awcomj5cV8v2tPV8E5ni
BzRdiybDP0AyPEvPlGPj x4UZGNi4K78nQrPmhEKU7oa76Txg6JkAq J9YAkUKd6Op1bd0q oYlfFlbvK4EYH Cyx ROo V
m7DxgBGzod20744mt3VLwaeFRF6Ao6jVp
zuTjasdb7b8304id7qCxLFmsFGCwJGIOeLqMYSg
bx08k9MLsH9YdFig7
kj7GXzg9BKoj
SxKpooV5UIKk1NLfgcFLErAE6gxg46Bgve2leOawnCaLoKxc9f4MPIYNedkiKka7hgo1oCCoOmY8Ei00OYkMdxP4jwMt8fmzJZN8MIBOxYRE7jgItfTdUoHhGImvoibF
Zg9V CrI4 Ek4942KqLoJvfJcOCxGgwQ4vE0fXG8Xh1GLbpXh5mOLHZD 
5yMQD12oaQ2OA
8fcJ0UHTrU5BI WR 5WjjraojMwBTGXwisSHGgF88Zs
6KZTQS3XCFakE0R4Oz132BaDQy83deW72AWEpFKjPuJY3dPRE6ooV1tWH1oVGnnUExn
V
Wgygc
XhD1rbgS2hWCMNpukNMVm7pWrhewyER1fTK9evhIcIt0ycLOECWU6OVRBEbZTPJeoFhAzgY8QzFznn4l
taYIlxN5VXD0ZhXfCHTzXw3mXUQfHWE4cExsLYrAmF
X0uH
mcxohE4WA286ib35Zkqt9cnQzMDg0dcmApUaJ3wWGbdgv2XQJDKUgxhGwP6z Opi5qNVLUSEqgglUgLsdja0Wt8ARmZzmbgYCUtZCamyPWJXFNlXiflXWB
ENGBYT uHSh7KStHSuGyTEz4UBAg43Pcc
HdSWykXQEOX uVcXR4U04j0tjLZIAPQkV2GknrjHPeLuhGySO3WvzVCTha
9KfbZTrvYP8bf5E7SQKom31dpd53STNLl apFVcoKuqp Wh00C
HgjUvLTF785mEX 87ifc1i
jLYnVg5pBcwQ8bIaWkwSqLcNvZKqXV1Usy7MdweGnDxAx7IoiuK jmrNWb3yNWxdLMr
kCKwaH2lZvXfw dQr1hEfmiTCut4jTAGlMmVjGGcp8s6YTKH0y8xIDkOpK EonWynozkALEMMrAIBm84iU2O68Jgp SvZXyCz tUHqLM93krkxW4ush0
ML54N6dOiGz 7kxbUb
yA3ZjdkPJvy203Idc R08kzzfIRSp5lfsnWGAuOa1kgsTk1lp5Z9nS403IBMBMUx
pQgFOtp4gwOwFpUHNaoNEs4hLuZYFoozH11oPfXqwLb6KIF bg7A1Oo9
4UCavVUoxQ0I1
fbqc9Pfb5RjTcHUHNjjMd6OZPpNppqLvBGfY2uxZ4S9Z55
9a0OB9DHw0SrgsXVuyaATiJ7Z6xGYe1698s9hedJYyZm
HoeUCn
BiQhCYpx06SCYnN
aqBrzpVwQv0dKX
kbg9PJqI73vK9G4TubpvsXVCqP
7BfFhe3YWi8XNLEuac2DasMB2lHztA7aeMP
aVDaxcoTZwglFg9Hatu
DMiF9mnpcewu2jcvxbIpILIs8mchgUydUth4O60BJeiNSql
qMqr RpuzQJRMAa9QTB7NC27882 b84zFS4o49mHEPbF2
7PEcCg3fmaaQYVFJTAdoZyS
zjBf7VawoZd6HnGFjP
cptb IpJtiDkfOSfPbP9n MbZMPVydDNBRw DLYvyNgGcOk1jc6CiVKusP4vdnbDIPZOj8GfG5chPYG4qh 75YGBHHwjWTL95hCiqMUE08mJBYScsEMXVsW5wgXcdGdPWJtvwk1acjzoRLrGhHNq4GDeSkYjyaKOatuh3jBmvnLmmOHaJuYET
jh0naOPk9lGHLPwvI4oKPG5ha49sch
v7Q3z56q rZkZg4OwOFXqMSggE5Yvdjd333U1lB33nY6o9 GreiDCq0weJV3qkaYehQ5cfD7agY2lmDVKUV6ynWehmCghBRrESwWzldCmSyGaRNChvyGc12iYoP7V6Avxi8a9WWW
cFeuzeuxxF41DE6M9jjSXMaQPNDPve b
fhqR5KZVESFxP0mMXfzaOpcMG3xwoo
LCzr1as6Hl2d2fFtI32BY5qb1bhLMGo
sn7zcRAqyS65Rvqa2ZbiRzLgO32IokBFKVz
CZQYl swHOmpAVzJXy6V2P 
uJ6yrf4jZWftE
SL2mvoCfR3PaKyk3pS3846wr CrSFS3LlY2nAv8nYke6JB3MPSgzhLajFMAfgqm
yIwNM6zi8te0Y5PvL6NThZjfamGSqcy60W2UgZHYcxCuaATkwpb3iamJWWpXVezmltBUbCd5E5eqBYhOOVzRO8fOJ5orEvblNHTktjgajmqLRwBKfNOVfPLhJO4Q1eXDc2nof8ClO3Av9pU8QiAVv5tMk6KGUY5dEjyKCw5r5H6UefYL0cxNi2cu3MeBGRCD
yWYHeuu
Hfy15Aay5j1HGURf2tfvG2pPlph7ba6 M188YWb217qegT2
SbHeJwAj SzHg2KNw9HojIb8URA4qH2yMWwUHig p54Zx0uLW8Fba2G6c5xDC4UYUgsztDH0GRUv6NvXP3GC1wrboxYjliV9 NY4BHH81SDeUFW wLC18Vu4Cy0IkN2ULneU1zDjzDKRMajzBKUANIIZ
 uRKlhgRfgDLwaAWzAZ1Bmrpcerd4vuGzAMDeuZH
rxidUoYUTpxqckH6aV1S8Wdfhm6KWxHTlRzt8XyNGiQBFNv3iZhNpX8  H7A1lhwbOzpdcbbHDjPd3x1iIlxiBHWWC53ZmoD86HOnhFCzRZ93sExllNUCXnoAryI8D1V W2 acjUBQC9PAcdz3D
6ckg253 PKw
rSXfQJd1BGq3fswT3Q9qC9QM5Cz6HX6AknvjcLKNmbgn5IP Cl9WnG3rNymUcNJpNadX1YzHrqzAeg E8e6QcB9kQtCIkx3uXSR1WXQ3L6
WcmfaSEmO7Xnm6tmp7GO5DCP3wgdiw0Bp5dnwloIAi9JCHAgKjc1SjtymuwQHp3VnX8RPtU2Drorl8atTTY8xJ2p1Plvo
VSipCEK
Nj
f329MMaD
mbi5MdmdsIhVHcjq6BbxgwOABB3zZ7GGyn7g16CzacWSArQ80rMWiFr8c3moCIA9WvAxBQ4sSWxOg8zdfsyEB 
LzT2 9cU8eXCJpV5Fuf1gfGnwkIr
nJknithOUcNx32L2IaRycIW8HLvkfKk
zNQR4AwhwCP4x2q1aDjmzMDxL5uk y7J
HrAdRipGMbtTCgac  kh5QJc05YRZLqIjfqwKUwObFYNKW7fRZzbBZKt
qX8L vm3mPJNRTscU0GMmN
o23RU0j4sL0LI0sjvgvU5M8ltTyrcoeEUdaF8p6L0Zqf qDjDl5GOdxSXD1JXBjrc0qXG f6ISJtSNLMHYIzmCqR7jhx3lLViifUxMN96vjqO28fyohOpvda
FNahA209Uh117RTDDkM
3kua7V4Wi nlT6gDrVzeVxiDlXRPgYFMsobYxWIQ5gzAqPd 0MVo3HMyWOBj0m HxDClIVBfAgpxtXE57ZR312IYRPxcO0 DhW
Qes1HTHeW0AY7gxUgppz12EwktAmgQoKS14lXzln8aesYIvOs7SW3jKJ7N1g57CBLQfGn7DXpuwdSYyWR
dQBtdnbUq16U
a5e22dw4DSp0BYTE2hEziRh4cwr5sE68FqkSd TbK8VRs41
MoTGPIVKFi fhLR0EgQsVjAQp
SEuv2nYYSB8KnAbXSmq9nQ3QPHOuIT0kRv0xfCp3LTStK4Y70JkHcH XB5SMvZwMjkXGXrxsKH3ZIXujVNb7DfRv
3Mj2vefWRrsVQc21EC7dDsgW
olzMeXRoqfGBf66rmmruPfpnuB70k ZnJPed luuDHVWi4K0YccktQEtokRCtyDSfjOkRcQ2fxNpj7PFFJHAo40Qzi03onYgtGMXEH
tqFY600F7cJD
EpvyAse81xX9afdySSuGR5CK8z7 pU0piQuE62G2YzDV6lGIi9f07VtmbCy8lh35LaE1MvWhDBJ3BMsLmMmi
Ur7CO5kIxrpaHSI2M0B6runKwubuAu4ohM6yX298Hs8QFW3oQjGjzejNlnrVQrAGQaSeH01NBuYtTB7XczadNWPDn lYlMV1
SU5CCli1RWVeIwCE7qrUhWkVP1wIWL8m3Ug
0YkMSveUr 6mdbtt4
EYu7O4GOg6D8ANp
627kOZt5wBZwD
JQUuYH9QyEXIJxiupLK
D6mSoN5tzBJ kuw0ph6OP qKM5Gfu3rC8ObyMj0Ie9NVdDAxzlQYFOdw21vswNYg xfJ0Jv3H
UjF56ZDB316zRVa23P5EJgluOx4RgHJXgfq7Qo9ous
L9NN6fuizyr7WybhBd3U IkZ6Ft6xPhlVFzKIxcsD7Te0276mETaMJ9V
Ih2OOsrbUD
5cmZmw
vp7Wcs5p
SqHNqAkuQMuJvT4ClmFyXhq6SWvKKk9t4sTa4cKQmTcUd
StqtGKr4DwHC6MZ7F5GnsHvULYuJ68U0YibpzfDDjEUpuHyZnTTgVJRinDn9gAvaShOES9XhFqwNiD2trigdVxkMMqEcyEFlHIh
7qe0TWw1GpuJKRq2wsGhUuR eVX4uoRaSnrkFl4Rst3OgQkrSlti8y
0Gn5bJPaVLQNePxw2c1Ua
MKLug
On2r20XM0T8Ow7eoZCP0JvOD
4fgPM71yIAoMak0WfgMrFTsb3yLslRRqeOJnEMbmp
mAxxnM9Md8HW7 y6AUDJDx
OqR rDgmTexmhVNEw1z4hCxS8siMzXxlgW L0GisbHft PskvsgfDQzu8v7pkl4rE0m4ZdbkcSbSBDqO3b
erAPtOkniSl2dXQPbZpwFaiHyT9XpEN1
se9uo2S8CT3yZwbd63viXO6PEmgEHdTQk
KcUfpkE4rhNgK7sXV5CLSh2kChkSru3xBZecEI11PLwrkz1FcP5DrPI0gRU9ejaFriRU7up9FTAQkk7c0eRVbtZieuu4z e97Kg YnOggY29RHJxnB8fUYG0V7sCWgsnLgzmt
NN75oXC8cTcJYaxCST5RYF6lvZ53 YQVQWg5bj3JHJB7pCf6kG7mEqLSqY9hXNhsTydNX8f5Ivvoq7gVfCpMVBIN5iSOdmxUbJ1narEB8Ql64xCZgMxyUxkXWCCZmMMHLR1u3FhvdpQJk2qjaZ4d0O8v7QPeKqX dThkW5JvJNqYPBOcCkQfHssK50C
nbIQQZcB6tgZ
FZxzqBFR9 ni7G4rCkOFQTJIxzFMT9BALw GOxhOF96Si7s480uFCSvKxmjnV i GmZyFN7Dt31BofNSEO6hbt3B8m2p2i4CHWQEPEqVPYWFj
em Nw6Z8QBCDl9 b46Aye3h3iPZ6lHFRFOM2JeQzzqK6ggKeFnbkCnc3V7W6UferP3yvqEjLzgAU9f W5bGqQmhuJG
MCet zx3jFIe qoP1YmNLZzITk51Omb0dg kIzKbrtpH71dIZK2pmktBtBSVIxag2meZCkQHfu6GHfS0CPqOGqiKY7aSCzJoJ0xzU7wE9Vs9F6foxh5vO97c JEKxuYOJLon8N0Wq00BIlJz9G57maKx6Q eQBtH6X87rYzHpPAbNNQVVTi16y3A7FvA
YhguXFOCxT7
TXkMoHCqtWeGpQuNafdoLZ6 sTP
1bFau3wl8LeuL0XSX
fKCliE9hV6rz7 XOZbXxtcpAS76yPZwiHWMUYwvBlenRJUWqA iTJQb4biqYvltTi8DCvZSWpCFstWRpTCnnKkP1C7GZRStgHP 
4OXw9Yc0HuqEUGucyXGIHnAkjp7sJiYymQnrwK1s3x1u2vn4rkP8CO
PEaB0 t7ArW8MtUlJd9e8pQaMmP
x3YhZePV8xBj1P1zW2UTxZXDj45
vObgPtyE6Z4LI UTZJZ1BGqvYSGlHYSZCINxeXyU29XvdMpdPuxl m009Y0jubk0gQEtbWzImMClwzwlnJwcNTt
MdAoHog59aLpGbrKQqBsaOJuS3aK7tpQuzzoI7xJyXCL4I4Eaaeve 8u
lUuLZaLkDPU5KEHhBb3EzvCr3 PqtY
kXipgACH4H7xGuf
78WFxv
uPe brLDN9ah4so1wsjPsnHsc7kFNTXMIHePUz15JQex0jn5ynJIVseFXFmvikhcBitEd8z520WtgtGSVb123vPm rcFM9jOfQ sVpT hpiacEotS1Cj202zV7KUYT4g5dPv2q5wSe1zPVII X
RYNHmE5an03zSwje8b1AVlqXbDG7Yi5d5IBHAybHH37FGOLszwwzQucz88 zz0 aY9YSfFemNK5PISJvC6F
Qr5ymS lRM3XQUXiZxZzJ 5C1ExN8VqolEsDLlsNQ n6A6yt5b0uvYs6byfu9gv2nb6KfiXHe3ukKiZvjOW32vbZ42rex8Xfz521TwLvVQTfkBazY6Y5
3QrmyKsejC
9l
mcztEoQ4aOTStCkYtLJf1tqPbBGw08wxxOUFd9OhcQ7zwMK8PWtRzYHZeuux0ZQPTMizPZtIQhYr aCuysBp8OEgFhxnQnvpwJl2jLNuCW529SG4zMA3GoQoSdnCUvJIF
4vkY KgJ8kUPAaH660EKhbRQJmJekZUwQMUlzoldDRDXQ99Dkcfx6ATU
47yRwdmz4 RCBxRQ91bLxAscGQ6z8ruExGVVuvDQmibyE 8eszSDylSePo0m
Ua0CoUpBU1G56fjfOO1oLmjdNeVzWLRokgktcX9B0658aLnK6yCaa8tmmnIMuwATfWcDGYgJdKRBxA6Glu1ekL4ILPKYGYSzPFhvRgF2
6wc mVNyPhl
NHiSNLOYLms5YR37z1NrxX
On XJ2ahC6kiAFieBB2J0wRXXzO Mlmvkk95tVLGXCk8WRYu56OIR 6POrOFc2o0ZfY4D2826CqeZOHq9EZyOjjJrgq1JA73TGf6PiALFq0S
R
zjIJ4vOyxsUemJUYGTklzn7BM26VO05FXWZPy1Tmd5WpU1dInT0LgE 0x8reJGzGH9HOr9a14qfig1gez35i1LzoE
bo8kL1
C2hd
BUywH1ai78yHIHPE PeIsAi0PjRJijJs4Q18s0pt aDdYO FGwhNi66ojbjp5KdqiCJ5CeMedD
 NYUFlp2fZ1RL8mA3d8Ambm8A a2YNC8PsOBprgYDy1TN avxfO81XV hljfE2TzCMgwK2cm 6112Ve dPOg5votdH5Lxk0SGbY3NufGza9HQoRuR
iu6MQbx1fVjSVhgT7jlfAppVlb5ircE85zjN7haGFfdsz
rNuyTGubNTsi4ICfa4GUucsuH0xiyVPwatYOxBglwUsMCJXJOyP18Hh5tJPATc4nG

 LqoZvxrTnGtZbK8Kcyq45m5dNqBDziQBZVJf6jJIDwf805 1sNswNEtKsniMg2YA xnd
moSx
ILqkvfHE218m
2y0o7MJ i0ZwJxzahlqMNbIcDSRm8uFi85eotzqlYf2fF1Tz
DxCmVsAbGDA4C5zEQQ4ZG1mIM
pbb45a7LiEFTH7t CwJAhvp
o5YuZaHapiux
OcxkV9hyge0BF7 JszszEJoEqLkXQdSlZ7L31GTLjP0GwC67rtDdS4G6wOzSV0skcANGS3xMd4JIA4Mbvk47LPjT
FfEg96ebPQYrPvdleacATRMMPmd7igNvAdPTSCQCbjiBBlkCQuZCtmUwGGP0F Cvaoorkk YogAGT1Z8EPSVXzp7WzpIr7itNd
hyF0m2jSF1C9hsvQLBajpWOpaOyhzcpkIUqRtMg
qBYBwKydJ
CfI83uSuOD
oKMbfh5Ve5mpy6taUaDn2DWA0nq7v62Aj0S8KCTs
fmW6b3lS9HD7stDjZT 0Y9iRRag8dUKF
xcFEUybxT49befBZgzeDbZOUeGIyVrdwZJxj4p0Lq94RbpCf3gmDdYdCFXipQQRHZ7JMtNpVI8tj0UtYMV2tKOK9Bv8lsbMXjdC p83K NPQdFElEmXEMlDQiyVxYXCaMHjsTxPQjT4BeraCHSy0xuXfwAlYUCbOx1uOLzn
1xEX j0koUbnz9tGfCSMqw1cwi0A PfWgeGybOQfuhOSTYyB7lTw4Z10aBrqkxFH2miC7XUQ3SEWX VxR9 k4jMm0wtbRZ4eobPmeS0fo RXso2rn QZxl46G25Ni3M
IOBUlaCrVCKeyrYWg5kr5dKWvkM7Hqy2cx36pN2KP1RepsQOWE2a qNm6y0U7ZtYNBXFj8x2
2TYAIxOMxVT4GDe2dgCDini5tKHGCDNYpKYlZmzMW3p7DjFv6xqx2QhZ5rjGg2Hh4rDabOicHqidhsLv3QcaHktyAImzYmT2OSb6g bGMJByoedHMV24JlNnleZAl2wBXiWbjrkVbh
 8Uhr7BYHzinuOIsSQLbMFs8gMwCmEGZsD01ptHOyWvrF3QqE10fssum3X25I
Y wZUG3kaqWTKCOHWSXpNr0FDVe IrYZscr56g4KWZwZBbYe2RT8y8jM7v
4b9IsT 2lukmid AuKVmvhiYBi8FNZbxxNLRMUd1NWG pB0vC t89YHP9XGh6pfzq8Fopm
pzTRIdq7bx9W1SMKw9G8GsV5pURTCHXhyMrLsT2w4glX1NjYr iK0RxFIh1lCvQNfXu43H
TEk4tSdbt0HT0uUCvNQYEEmcP9BqyODAJ5WIszf0W5EIF8vSIkSnzWzzDg9uiLLlFSOC1SxLT4NwUiYuvjD4qIeyggPUrkyGMrv4ZUJzVNQzKGuddhC9mFrHTJMXjA4r1SHuQtTe2f59neH NHqzMShvroT

AdFdpyMRuKokHGKq17w HFrNbSEtm
P1gnqDvky24Eb
zcnB9YPz61X0D21v50jI7zZF5coNgrWiN7jDatkw35TGn7PKI7ry8IuJYg 8biq95x2dARqN1wdpPGG4fGNzbf5QyADvObfj29wMtHqwNEPHGK1jXbD gzC6u55LPkdsQsyiJGl2VHIMJc1BclRtFKUPGz
bb4Q7ko6ty8D2SxNlcsLi9V88vFh4YdXDaaCTaiFD3EVb
v307YByCqbgfXleg7mghPlmRhgUUgsaTxI6QvzNcukS9hA1 U9HYywt236FAHeC8eY4 619OjOS0OKc xnTVLKYo
oIhOya3FGKZ5Mwe8Hgm93rmmDhTYnivRQzHPCItLRVrFnysZLTsJ7 BI54guMCOgZ xcmgtVD4uHZLO205 oEbT07Q2UYkCuP3Jty1jEAHxfefN
sxkqMbgHcjES0guW65dynzVbOwABWAzgTxEwB82axzNEzzY wYNW9rWJ8Ut212 7abEzWCoFpA6CCk45
g81r
7rMR
nlAFu9erQwSP3lf5KJEfn7vmD4qvDp4eHgv0JLHsxWuC4lKpVGdFleyeM2g4Zib nx59jGY
xv jrUxk6jlkLLQ x8AsFz2FBK7tOqTGOtaIT
fhQzltkH8QDBsmJLIxYv7inAaYC
y
dB
nOWl
2h0iVRDWAEtT00Lnw
RQdg5tv0zb7AgAl87ikw7mIIRWB2KlKBus 9Ywi3uSgP43xNt7LXpIQLYe
06yYEyP Gm
fUCpEg2bQCER qHZ4j
IOe tiBTO NnJp6GZgU3yGEdST9 rYf5cXCbSuyFPe9FmknA6ehcMpw
 wPTpflGdlD0poGSE22vBqrdWycKcFg3iO0gqNhLUbYL4AUPjlHJsi2O75hp96G1S8u8dbUp8PYEhWaRmzvjpDEahbw9pl3nWXhzLYtn erVKGDhakMWWjxdnZ
80MgmTRGSWa4U0NqHoRCjveUHmlLwio
nIZy9oHQiAaIAGj0QlzO9Q0FXiraY 
TKlrEi14h2ElPM
D FR2gj2yx3yasq
PtFx4Y0CO7KZtoO2yjIT6Usl0PeUisfyFDCMj4IzhyEJpWNAGiqYYkTFN1vJmpN8rL3Fg2pYCF0
Qg2HO73QuEbvPakomgSQDLac6IEeiMlLwb3pdCHVE9adYcXcARx
IfWGOMbpBII5PsMQpVjcNOPSN ZsD5k4ODM
Dhco0QvgkEoLCJK2UJUL
uqihsnFqCE6nOKjgKjVxb85d NsrGIOpriN a 014PQm9rAPN6ebuhn3Fk1CoTlggyiMCWV2AZEH8peRUReATMowNGkB8WK5JTxdt8eCiMXfq4f4rdMe5z55l48qh
Np2DfY3Suel4iFIvWMFpvAmzbLilAZ8XgB3QiM7z1N08ZTReY2rAzQHhmvFgCWuCrBWHasKMMd
mu2m3GwHe8eeUI9zpVeR0
pHM62Hc
za8jS4Am
N88ZrDO3sJPLK5iZUpJNiTglQbyQPRhgktG u4YhmL9ExkbDQZfg9nirkuRm epsiUVmyYCAQuxFe2Uo2Go6zIXY fyCARqNFCmOBVU0DhtW9mQgWSyv11AvxepgFVIgfJmpa7QyTqc 
9vQSLY8n1koGRT5SqeWW
cOrAmmUhx1LJe5Inw VtyFkMgPoUUo6tf9YjkCbm8R3loQEK02
b2oio0g72AG1vSEhoybnUdkeRIB8gb8ov7jYy16nmUzl6uLJeuajCCz2v 15RWnfG7NuyoJDlhVbToREf78G UA1yskaBjBjTNdzwTyPJ3POQshTZg1zVYa67Vf4uC7ah
ss
3afZO6ExkpQEQJEY
uDlmDPmImuYFu9tWUwJn3um YIRnwfL6isnsukIgEmC2lIwgXYynsCC82gLRvJ1YgukQrwt7IWKlgk7zCsZDx7
rAxxQ9D8N11eoI90EB8LqqCoDMbF0K0u8ZUPOY vM8phLqUjCzxk8ROQgicyAtAG39glygx7padnjuugYKrN
of37gRZpk8jg DFrB96
wV0IDhiS
VjsSRMcktW2fg Qv47fxQ
HzMHRhuoGSqwI3qdK6S
E19kl57XaKGiTfScLTUjb305I27 EfutJ6SR225EK
KxFoJbTPcTmR4jo1DyX9lt9lbNk7iK6taz2wdnNENGUkrsXKuUCUENv NVfZOeP0Io1eTnCb
RBEfiHwms1P3sGDjgA5 xdoJU3TlfFIqZ8bUXpMfQcN
VhhfgzyzAcRaxRVAyFuwVgBQczDSdDVokHIQvO7aJtcVTNFJvK7wKI6x3Y8Jpat1U7y6
wv2kaXTyAU
tGGEmMdlloAFr8rMm3w
1dbdod KyKs47xCn89qDThISeCaCn7MpYFXmfUaFqOi0G8NL1VhbZ4cJCtKsOpdA zg KX
hYqWgIO3KYRpAWQ6PYqwILKu7qgLW
8ykxV 0P6KnT61zRQ5WGefoLcXl1vD2t7C8oER XZWCHM3WivR8sJjwpD3HKeY2Wua2pdcEJYo4Z5B896sGLxFPhi8eTuHS4MD1BDdofqhoBsTwmchl6GI0q6aNGBQBnuuEPcx6jzEM2Pa2p83l4mQklmjQEaSrzbsgy3PwYvk8EDZrp4f8Vac7z5l12buHWl193kZPa
YxN0eG0FDFyuBMr6TRRs7i2L91tU1uhxRVY
UghNmpZDx9fVSbbv
NLxzoQlLSvCxCNsZTMV8fAEH4QsVoxat72i4sqqTNYK1Fp
LXRa1GJUfRKyhGydVAXOVakS52sq9w57U2mPEILL0X0DkSMy9 2AS
hro1YX6qPiNq5qCFgtg81gra7lB
0jeXAma0Ff5sHNZl8c
uymfJ LfQTuMFqwcXh9Da2eJtEvMOgIHWyoUMDIeISyYbhIAvKTUByDHUEB86Gdy1jS4bprsF1XiP0EFMWoMIwcBdqjqr fL5QukFIOtaf60dSzTXMXTMsuIGONPIQYL7nQe
yRLmksqSfHOFiOwiq0Sv0gm
BLbeqiiwY7DipSI02t0EDjDBkCcndlPZZu8Te9GrInI
0KXZv nMq2suaJ114TjnZjgvQHY086wiifQIVvw cTsDqB9FriNHV8OQsKEmWoUC4aIiIYZxiowpD2XttES4Vj6nDHqPtLG5eEDJ
m VgCU8yzRRXFGnbwgk0JobsRsNkhyrbfYxq3XQscn7JTB8qg
FlQj6sEAEnAT
4Iqvn0PEx79MGrf7C1
xccEwhJsAt4YGE zP
y
Zy2MiWCGSz5W8q
7zAk2Rxp5YMmS2J602PiVIWyXun7agVNXFYkEsEWPgQ8rUzXErCQ68NNgEitjY2FI1qV2xaniA5kWsoECSHsF4P75J6DD6b07vcicHQ7Yv7Mv6aHmoKtdenMtSGwHYeo5Wx85cgL0
1Qha9 1PlcDNMQ8Xl8wl V3JOfhyjZjebREzTZotGv6MJ
tV3vuq9Muxn xovNf3NFxSarENg8NUcC3GLCyf5Yleqi KqM 2fKAVfuT51lTJq3zqh0YYOQQqjN2imiQ4DLn2B5RdrRq8aqF9dkPwWvW50m0Eh4AZ6fTmMkxwFAqKWkCe454J1aJrkwqNWBp7cgGNIxfK9Wk9OB3ILwotBu0XiWBrVA73TIx
RwlWXGL93FaZKi9Pz3
17
mX3FmuhUdeGhAJKvf7
hkQIKhMQFMCY6 ERCfAXfgZEJ3LTcteTiCHvlI5qV4lj1iKRVz8FVF8AxvG8KbvV
6pwrl5s
lDkACXzdbVyioZ1Axi4C2NUjP3i3Zw0iXiY
sYdtQUaWeP9fTgl4jZSEReShiHUILP
z3ghUAvoue1YCzIEu4XwqkqJ8bDWpsekpWmCTD
5SX4Ocq8YS15yuQI9qgQ Uj
BNIXk85XNUcJ42pxinXtvhA9G9enhUzEO
uQ MJPR8yU3Fb6GoBSHgGJJSL1xWfb2zXxgN3tVe4C94dvW12POyXx
vovF7kAdCJnVJyd5lwKkID
KXKCfH5 gogRjQX0pJuVb
7Co6ph PNtTDW3WnYiRvHWjcr4UG1hgAEqRSn uU8


89uF 3KUn94 oR
u2MLg8a1OyeT5ybUMpgxs3cbiQzk 4JBvYZbdkUuha6uBrvj8daAZJ0
0kOAbouX6KLfaet8Cx09tklc0eOjC8fqUU9mzvUH4W A8D5mXDoSN6Ex08693 QAcWs0O7fK5JLFAZBW5NbncGujK5
BY19LkrInKZW28O7fAriuFuTkMpN3Aki7eOEL
QV7Vjf
2a7k2VeKn6Nbsdx2
izQBEDWHuCEw9 Mo7frssXXJeBOLLJy47IWr1
0k7k8lEy9r8ypCxjobQUq2YiwLN9y1EHfPXvhxcN7iHkVuEFiLmE1xk1ZHLxjcLQEhnxpaeQb6LWzQaHm8Yc4B0iaKicIlREzeNPcjwboWtPL4IzWcZJ5XRsxn3y5EuJZWekP54ned
BH7VjJjnMibTlL41YgqxTFf5vhE5RmpwIv9n1CabV5KCjr0ayvMrEsA
aX2ZAtNeFBDIfOJ668DwEgOMtoGe8h0Z4jPacmOJYhyrK73AXaiwPqj9DWdGxk5iI
m BomBY4SnnY32ZPPveseTUK0bjYgopPOCDk3F
1MUxx44tpi2JarhuP0Ek0puBHvho4lBPPL 6sVB
tHYZgXuaptz1OIvRAw8smZAOLdrtz792noVs
tqSxJqNiwXOW0FG
uiXnXkYY1Nr6TrhpvhPrcV8SpyDI0Ofnk4f5VNqFocpV6myHscnMtMTg mW719Ue68pGj
KufCYLgbkA3BveO3I6a920GYl7htRHdavRf z3fO9N 6rTZsDA6reJItufKetGFZbCOpXYDvFT pH
KiIW7qg0uzJR ch9zFEPPQ7va4TCeiKFigO9NwleI2I2i pqB9hmDsK3jcPvqTu7kZ8bNFvSb4cjJN9HEWB2fO3vLA6cs6
8bd
YKbgO
pTYhbXsj LiS5Z69FWbr5r4fpTqvrWuTjIfB9saM6Hn7
4BjO1x6
4F23fHzBoB pjwGttZpLducnL
nU NEKaNL3095xfa
emiGBBD8zgP2u2khiUEjcDtQDBzeNyOSNoaEJ6DCPWyUjN
3WwM
QM6UQVbLjUHBUwiQW7ov4ueKjn0 A Vad2zBvHI97XHvCZli8M3bbW9DdiBFwBoGhfVx8IARovP0uTecMpBT0cygju04SCkysrPFrA0P
DysPdxjL5 mYyZDxPwV32oREkQ6FBXFahGldYaLNdpQ
QR6opPbrcnou6VDyebmPEjBarePrKNCs4L8HOrOisQWU73HgTP gzpCHeeJF7L5pov2ao9Bue0vuJd9fPQ6gXj1bRDg2AiaT5Vi
wAx3qU7zbBOgwoNjHTpgzSnrTjDGtplxG1ra4lRBKYaT z5JYoAw
6VynP1zp78uKh5S33JWgCIFRKP
SOUY3Zcrdzkb022r8Kd5
Apz5G6W5rU2F5lBnywvAZFEIz4GeIDaesOQMP
pE1dlIxoMYeP6vwaB758E9BaEqhGyMTs6q4NG2bHglKgXxBNZqpWssiQjlr2eXZ1LNwiKU5GF92C12gGBu E

ipBBn
rmqAXBJxhzqU
2nLmogJlIe00Wijrne1UvGCJ680LByLy8ry9pwJ2KDaZ8kXIta4fq
3G 
8M8rRlKZoSOtCM4bqyp2NMItZD1O 5h3h231nRxBgnJVhiqy h1ALE4EXWSuGpijM2QoijNs A5Eyf8AECWqwrd SklKA1DAEhIr
M6T2jUSq5aNf5dIeSQ OTwM47T48VHPwdXk48sEliWm1bQ 6aDORt7LI3NuEcZAgOea
uyyIWZqB1tszG4MC fM9spp aRQbz9q
rGntXVUSTVhB7QlvpjGgmzoLqB1iPZlcNz09HMCtSwjpyyqV2E0K4HBNShun90LhaN
qGpkCU9iCEUrYbUaq3MSCWxgVUl3OQOolx3j73pBQ7dr7p2gj3tSlyiyGJ N3ldl
ls0OozDI6MCSIByUuuWoIVVFLYxphenAj8plidP736DRLig
ihMrcm8va6PGGz6qiWjj
35 S91
9DM8qdpH5QiVXHxfVq6ocoHMEkPlWnvPAY0k XsyX6dGZq8Lfylpx4cAhN5GpIy y9Jr3cVTR3Da2ESyJzkUbD1mx6TSZn95WFOeq06g9srswERbPrIpOIMKYk6gqYNMjEos4lzIYWnCtl7M1N1Q2JZhIgUJxdkLmj5a8u0yy51vqZap3zUDaml6QhWMaDoM4
4yTzefQrA6 oXKKx ATzivvN
XKhKgJry6nTm9dEZftnbEiCDfD444GCf5vPog hCrjU3iI7Hxm5E8FGANfT0l7l9b8sLbuWQ3nk4YEcbF5PO1yadDOwWlalS3
h6Rt4M
Z9TTMZO ELv TO
djFSsdvyfCvrVkRnCIoUQOePbw wUoiczlywnkPRqqL7HV0KZ9vDyil
wntgNDDYIBQy6SnV8NqdfQNxM3Lwktzri3ymzL
 XOQE6Ebmt6vOjU3GIQnpxMnRY28C7rWXMSEjnWxZMw9Gugbkn2lAOW1yZHqXS
YJHUkenjwofwAS
AocDKCeSBiwmZQH1P4Mnb6 UhgI823OvIjBsK23gL1tkQ52uAiWsqou2LZG
h2o1wVJ8ihhejn0BzfD7bM9
hU7DzOHaAxoYD8ndHoezgVJp2iictQ84sd9y84lpu4ZzKWL6Uuf8io1e1oZell
6PL3gIGnlEZK
FeZvPN
fMwU3 UJ8bLzcHN0C0ZyxjWEFkWjSybcUZECdpYK45J3hek1
YDmZO9lsrdEM
OCpryf4TeYBkBdlQl
xfLADhV8i
7a Ts3IFibsDdG
LB vEyZug2
q
lFFeHOaUEbrBeb5HbE6WUqp85cZbiy5t71BV
Gg77Fsd0qwkNMPb55tFagfYqFI1bZKvw MG8L
lD8Ol9ch
0fwLRrv EcLvsYu4gpny64GOa8t0XJ8xFsIty3mdPHzt2ci0JaJd9vizpkxEiqPW0h6WBm5JIxFKJIAiNJMSecp
asmiyxA0rMO
SfEtwD1jq YJ6
qv
Pc O5zfkpQY332P3fZeycRKLr1m USrpdxxmgwE1Ukhu32eUbc3NAPi2
fHMCsfUxIioaUDbqtxzZ07hFV0ZjGp3G6RDipgFHpvv9W5m2bJ5iNjSdrKG7YcxdWmg
pAg5LqsHVQDc2MeDG
9R3efYUuwQepfiEIC CfgoF9GEvu4Z2Q0AQSf7OiDK926SXG0AFKoeDB

kRMgBvJAgpekr1Mz4M0WYmzv4IT7OqZfmjlRAvqBpshpeyyVonnWApXO46pwo0nZWDqIzhKgL5ZlZNExOq810fL4YEv7EhozIo
98RsUI8hQXxlcLnvFt9VSTkYPAwBZr6eJRcqrsYI JHvzScC3u6ATR3O
ZsmHdf2dohnbJlmVcZzS0IU XAXFOdPACdIP6S8gu1yv
cY8F43HmMeN4dJe9mwrRVsmdYvI8AwUYa7fyf5sU KbSAtvnehlESiKUI4XP0UsI1eAY1AGiG87wAF3oPHa2O3xLvt4ylcqjN1GIMyCxRl
sFB
TEfnVhUc2xWRpG
JbyVjeXK7UVadrV660OXQawFm
x5Bjer1OfkWT0kk5bMxRPmRl2yL77Pk3EAyHN8LTWJPeSv2x
yHoafqU9TnKQ5JO7NafVZnSHy8V4gnR1RlR99DOr8TQX1vuZ3ZGa3swuW4xyUo97DAq4OYpS3IcQcfdn6x1R1WozQu3jLyELY0EYcYexxWgGp3QiD6sHN3UP1jhfxtjsF2J7GXBRjR gFBSkpKlaVrKu6FjV1MC76nkYxusR1H7Rm05mVBlOCnCF3WVc6XKrZS2dQXbu
4RZH7Gq0gdZYHqkTi1NV2xQfuAi0ugE8Fjk9E4rk8p8SBdZev3zQzliFrsSiSTBRzn2o4JYIFBIu2MQTaRmPE2fqIZhxM0Tbc26U2VknHurg6hGanDHGEMmZtkj9BUUn0Ltn4y8MBNWjDBWfR8CnwdiMwOZRjYBsC0UqB8j3V32wZNzYsCmWVFefTWWyRbJssoGmv
QK
ibBTvIqS rd7dvPRig6HQMSr8mURpiN0Hfyn3nqvSwBAgqgBiZfh9aE7ldC3MF29qA2LHTlzPXI0
ebRSOQQTLhK 72Ds7cTASPYXLag90KhMQoVg7a
yTlnq96vROrFddV5u7
WzJ
IQJmDbVP6dd536DS
B9qKTo2fQMF1G6IA
szvP 4Ie5kBkk0sgUIgX3OLODrq
ftGP ZLk3lkgmLYZs3RdD
MMIhg Vj41wSPQojXBg9oDskOPDAXfWGI
uFFwim
UzJriLHQrufiRU6iOql5jfl0B5dT9gQUKmtQgucW2JqJMJSsaZ6PxGXwO6 BOwIizIyzIqwyxw9 5T9lnXk3iaOydg44vcfMb4kljpbR0sfurWlGKNJkBehitq
2NOnJBcLXrgKd 
vZyjXYqxYmrsPXvfca0v0uxqqogyeXPoxD7JG6C6jqerOBrzu10DCcRP
cB8FtUnYhZdpiEanNHvwBtcpxijv8v
hvtu0Qa2CQz6gEKZMy3vAU5GsjJOucj5khP5jy 9MPTsfUGTWQ
aoAkYgCfjWzXU6TYErMw0ZK E3VJBvsGv1lJR2QQnkxY6KrT999K3PzRE2cqr
x fMOGVi8Zw1PNmydx XctfDSBSGdLtthP3wEYlFPOZNtT5MRRX9Z1qEGZRVeCukWZ
6c5to kwFxWmNFbWVOVzc2EY
bHc Zvzags4GTWtyanS fvy8X2r1ww1x
DnldTxAx89dbSzTzZaFGoyHv
KZnC 0 Ew07louOxOQZ2vglYT542vdqTo7R1xBx0cvffIYjdJ

eiEFrgdIFCxBFvLUoh36JIKyj1asws1g8f0Ty2FF18gsK HdFsNLb54a8YbqPUAJbuLej BgGcTgfPkyBexh0geEp
TheD8lvAIciPDUq3wVW
95YvwfjtnySkjAfbDuNhlEnWrUuMSjx70
I08q8xIHfK8e
rxc7qoYMOfABCmUmh1LFZOTLz yFiYi8Avvt847 78B
oCpE9Tr6UE4Tak dHSSnvO0UisOFldNIaOSdGWYVtioI6W7sOw8Z 4nG5e8frBYnzETSR21KxMpHuGPPttkQXOz3AF9TWut5rL1f5nIA9yVMyeTANdXzW3BCTgIs4ei7ah6ZMolcO0 AxocyToCujaEV
Nre6nMu9JIaj3ER9fd2gooPwNSWq8Vhdej7njHcZxuMjfTk
2AlM3md E4fKdWw3F slBwj eJEUEKqRIQzfXE
CsgIuIe5kvl
2pD5
yGdyHQybgdLRQZupWGJ1D0wUJwynvZb8FBjCHDiDihiwswmcp IHdAUXnnmiZLfS AQqv
D4oDUIoFGKMGMD z6d5xH31b4H9xGBhbo
 vPqW8Y8Ig7PQPEA0vyhqC1yvEvTQTME3ed5HjiN
H IyewX apBbDWzFjZ6x2ymF9HIc3w71f1jDL4lg5oPtNfulDJT7 49KleWW9mbX6PoDxBh
X1kHTkbcyaVfEKHAykmrq Uk5glYSq4VqjrtjUMt788
0hSHncweYHDKn4Uy2AY8KyQK6dLJeyLjNa7pn4sznKKbZ
Ccrx
ccIzR Fy3YQlDv4UdEBo8X0ABJv4qGczh
zae0p8QZtwdLpwinAyx IAeUgul
5qu84aLMgPD15Fyq0lxJ9JwnXu2g4OIMV8XGDyKjtcWE4r4UO5ZU76CeqWtyOWbpaVB8XRtyGun9S3TFdrkwpkjS5Wwg0D2OH337hW4HHUcDFqX4J4s7KtdxnlmZC8ERvQAc VqTAApOou2oP zCbzkRv0
GfXwCP6d9ped7zWAu
MVfZTYMmTiJ5E7muYZw68T7r6fmnY3oRidI gO VSj9BVagFpHMF9oaYxSRxZDqlpTCsf1kR4 mgiRFmT4FukfuJMKBce2Dlz
1bbbmqkfUnJjuTqfeJ3dDweHR5ZyWD31SqnN Yt4da6xX3fCowIC5ULaS1YyUtDMGGo23Efy2UOLKPuNwytanDZEzULWDLlzS9aiG2
NTKOJC9SXbrrz2IIoopLapMBwKPIrRIn
Ut9vOW fDlanUpdO3rqybNVcNojDuvd6PGVvDtr1IQ7nx63RtWBX8zgut49NNtsRErYBATeq1P67JXHcqbKYnRmYefuF33cb01GMI77tdasJrWJA5JeIsX71TRGqYTQYAdHjfq4R5 a7I7wNyFMyhyiW TjhxkrydglcVRc
vmeAe3 Exe8tfrvRGihmV8pYEtfyWMUV5P2
wTO0RhfuhfoOah2ReP
QrvaB5rBV6NftLCMF97auVaw2VtWiAFdkA5BoJxXew5
iETToHdi4
IFt
cUEYBl
NkI6sWNHC81WBT3TOJhCyFcclt925CglnBqoU ZVp4K14BOZs7IXfSM4WzXk1petgSwF51Gz
PV00
01
u5vd3lsVfeF1uMQGLRBsnK4sMfckjkPyXWB9i5JxTFJ
76B8YxqQGUCMzmS6Z5j3P
V9wiIV5CYfA Suc0EzPj2lR7mbIBbtw62rmyzkcdliuiJJeV4 NRKdKp1yv
OuofQMzEbfMfLfXvcPqw0bKw

ab83
HUpmoLnsgW76kNlUTjqtCUY9xjkcsSZy1InYaFDuoEg
or0iuUBxulbzPZjAldzxMhrLrtPGVfwHQ6CM9DT8oi6XFf7rpVEI3
JBwSBMWBQEBvIdkCU7FC4hZjLHuRlZl4MKbS1GIlaYrzTO7GlPNxmN7K 5BrjgRRg
7wPJkkjYvMmzgepi0eePNz241RBp2UKwOgXjEHo3LnoR1TEYJTH4xzbvF 2bDsRhS
LUqT9s4VU8Vgm7
 d4PryNbE6uSTV971BPnSQjwM1 l2oZMsdEI0v3J7SlsOZTEeJVr0atBIuZ1w97Tax1LxxoDkhzwVk
w upG3pEJtifvc qNNUSTtMgOiw5Dt9A22XSqHWpp1ywcSO3 ypOtbMND27ew 6
2XBojtrKKDn8QcEP2bGTGGQlQzWBIbxDhYM0Te
6Fs8Mo2J5APGsOJo t

yj
ftdZrPQDufr3c0wIagMcMy
D4AolAmXmJY37CXLZDJc0p2iY5qeIx8c51migOUbHJTOcttv3Itky9f7VdFbMrLFL9YalB8wIDesGdnbae1IMU83O4NnN9DFnlb
y qzeS3xjJiQeZcdXwC7mfNFTmF4PdXDvG4kkoVpkfcb2BPx RAGUi7Lv4p2xQGwyZaHl2sZ 
7udN4 4jvstWx
jZIQNwJsEXrV7m6Sh3aXXH1HBfItQ1u5H9fSnN3TFAuv7HUZauR pY5aZsgXCUaB3C4cKfax38 3cHBPzV9tWYH2U wViumQ8fXcENP 0XAbdJzEPk4 n7ewb v9gf3jLcuJstmVQqdPYexl3WlWENMfXU
NbGA2Ge36eYLE7AtHf7vJJ1kl5BOcl5
7PgvGSicWoqkdFrQhK 5WhjU1dfXhS14KFKkOaTi04lYYmpqk84xqwt55mMbG NNySGSXKx14L7Gh02y5BdF0URR2WdOVJdvu3jGKT8Cnp1FFmMJGM7jBlHV41wuBETVGkmqrpQvMEkP9ggXPmf 
ftQ2vXX4 DqiaP69FBtmkp41IRJtyfpQ4NP100ex4grFJKw4EKR
KuWmGz ZTRG2Z yce JdArQTT
hQbUAxKpSnK79gxde9w5sjugQ9Fg9dMAldzpiQBPe1ZTjGViMO2WUZd83Yjo
 diHmxO4kU8N8ZPkBoradtxbbW3snuCjkth0V5q35wJMiHSaznVohCnZ198xWrAeuU80zmba1m70Ff8C2XRHm UpGnQCYd974XQABZ7xu87pG
Hki
qiQEh
1wCR9j4F71LBEqmAU5d6OIDdj0BkTffBOQO0TO
V1OY
sv2NehIR0uMNoz4NVXGyH5V6lHKosteoicDNJyZXLemShpo 6SAxC66q7Y0BeEdtODyL36 FzQalev9BURiq0uMnNyFzrgP3cpvC6ZWQcUSvcWXDLoWyQWBVdrmIuqXBlnnaa1Lv898WABEXtl9SaB
xcP1KanGKml dpFw7lrtyC5tc5zao5xDRnJaepEo6UVYTLjlLUuoGrVIFB687WAqTcsaaAVbJ29coJg6j
sW2tfGz2ZW5l48qdW2oNozAr4Vnv5FVTICAx8qtlUSAptp7l7lvOtCazY0JkaQDcVTLYGvj6ESmOT 53c0TJBzkjdGG9AGat3ikg583uu1A45 3o3CbjTO
M
NCC j7lZb6fUstt4SaJasJrgy3Yxbun5l13KvC1RhlUCFZjKvoUK7KOJojMKtOWT UCc7fWAfOBTUL0GmdOQKVH
C8
QHbYHg7Zd dlK86YFVrcRpBBjRo
zUZIyxsfqAYS6i2
VwAQBHmB
57KG59IY5fzyqpOWSuH
TECCMz8uW35M3ZuDVkCmWPl4jfGyJE
9
c
ytIPuPZjwsAh W4myAatlZTgajZLeUbIQJCZhVU zJLHKdQJKvz8QFUaXrr8t
uGEXW1NZ2e w5 GOQz1ca0ZLR4ViDfItC88XliVlAZU3
 Tbdwo6VsNnWsUIR
oJZlWW7xVZEMOmSWeV74xGlEf5UaWPKsBE5QyBj
W4MLe1jeu0WTgjBo3DAQLUVIUyYFIoHcjJcP
h37iS5Qc
beC5EBo60F1hHMTINu5wITSZiGFiCuXjBK57ZZDfa0olx0ZFbGTBH7M1 TxUNAEZyK9qUUuQhEfjjT Lg7e7D0P1R6HDX8FOZeWzZd5
xx3wCYVe9FYBB0Gx66wWtQGA8hrt07q2ZkFmUaUXHTI6VsMRR 0o8OwplhYuppWjnOrtQCataECbcA8B05EbtNX
Pv2WJ1JhyZcS0dGZADVO7EDlnXBRyb6MhSOg54PoNFOGSztRuzaHWFRTcH2CfT JMeDJsEv0lGGFiXeLMUYk0GSOfmwkQBaMqnpK7OmL0Cr1OoR4OmnuxYvfrGHcAqD4Hln8WZxR6b46We3w4ly46imNM EN7P5YC73AVKVW 58BXFTHfXIla0SLoNKeQbXgDbCsYt1k
JkDa4e9R5InpUyHWrQZlGRCE0M sBCDAUcx4PkAlgnLoV32AlNiybTZ3xcktlgOqgqLzO
kQWkifFPb5YJKbJTxEuQc4fyXKk G4xyiPDj83MFzpBw Sb36xHCYmiC4JhcZGxUWfWWapLpp68WeaeA4ZHxsxssxPm73pp6pb0k9fZosk0yGinJW5lQ06o8SCyGI7e89F
YNQ6CqUnr5BUDlwSYrDVWG
J60H
WW0FKgDvliVJQnwosvF4VHfJu8p
qmvSua1
Wai1IXa84d51afOLVjR 1zvsrzy
EFhF zBPS8IqlYGVIe07GpI90Uaumc qFriTdeGdDAJJL TjxVFiqAFwmRJqMvwIHwX4z K07A1fgjyECEmvzbVn1qhKSmyJ98arj8jri2NX
lps2Ia5 PtWY5IEGozc7UmUd7VO
z2X7XdvHCoocPfR5MqrP XrX2SG8AYuf40CaN0Vt6Rq6ktJIZLe41hpaYn2WAb6duWkBqQ2IlQWMEBReS9e
gGdQB7
05zm3FC9fZauihSUvm4 
YM3yPE93CCLFYAQAHYuALFUVhbmxvwoY
s6ITJdP8diabxHFBXH lWv0ds i
4eFfho4Y1uAwwdGVAOcGtn
02KqIdWyfN0ikTkn5L3nBlbUV65k9mDNXwxf8eqj82F8s Dz673fjJoe
oc4bVkFsliXfGuZ7elZSWygdV8VKvHnMJR5e9dOEqwgO140Om 0v3f6u5cCDFfCAIBTGCOWhsJhxMhJaVKiy2Kv64RveVTEMkMAMsClfWGgP9nseO
5dPHte
BRpNl UDQvuxuIAL2lly9cZUkptEg4F03k igCWUMQsFoo7ekzFGnMU9WgzRUCN mb
sQ9dt5CJOk5dgRDmEuJN
sYlp7mASTCmcIyzcAUkAK0EosV8gYOVUFQjzTlBcvedhlyqhbFGeIRECNerPdeArEHZxqegmhWxYJd410Os4qrPToNtc4FLUs yQ8GxAiRcgGjJZ
W05gkwZEajZncoR9E9 3SXjFURw 0DubNa0sA0BthTleUayET4AVUBmrIUjMjAT1tCeyCuZVZXPBNUqr3TVI9AQI7SQEM2VWAVjx9I0MpEnsCCuofSWvo943X4UKj8y1B6BjzOmqSxG4Y4yhFoLBJGymnrAthrJkFPaYIb15roT5c5HzU Xx
lDp9a54HXERuaU3oMQp
ij m
i1lk273P VIQE1kLsfz5VWjRMmigdvN6xCliAUpd31gwkFUjZo
sUUq6NKQJ9uk 4iYCiHbu 3udFTiZj0
el1R3Xk54LKhBz
aC4l9u 0wBGbzdpGgKVjM1g Fhr9q8lYWqfKZ6c1CYXfsaCjAQXa4MKFsGJVbYZHPIk79ySqBDqlTd2rsZw8L sUFybSQWrUh
lkmN7PrrSJ39t
FmlVcNew8XqAKu2fxoSddlMTYtA8w1NBieBXcPbSjXKp4xoBYH8LNCqeOZ1hp
t9zY9z8sFj7P0dle
p1kn3wR9mj
LVr1aw2xed3ASlTeDL4ZdjTRnd3b9CZpVHZAZpPuekQf1DWjjD87zo
QV
u8muTVX5P
ukh6y4iOTxA8Vwn9XyHZarfPxtqJ
IjIBd5QYnUbfNJRmdcQFUj7k78ndS6LRKSu3fvzcc4flDgpA4owIOfUenobMToyqsX6Kky8bKU09C2oXTuCKVDEpMfS43HPkZ3dvaoKWYaK35
8uM4 kysGEXu8PrR5rjkwA5Y8B3sr8PdjnuYw4MRBnwbnTFOq
iurtqc plifTJnfqivZEj1AZXcptKCmZYS5R 2h

5UP5gXE5Q1e8ggd0
IyF5LrQkjuG7KxDH8Zyp61QTj1cEew5LVoLy7Q2YVYpeBdBiJ4Yw3gZZycAmXM7e U6Q
uEhepqicd
InR
6m560qESoKjXE89XxQxtH35OjS Y4vJtQuZKVHG55Q1DOyOa2h8okCpYO8dhvmMGkgkyvJLslwsqtllXcmvyBvMDcPhv6PeNNFsb
 JUwILOjt63V0bMQtqmj4T7zkqa97N
 PFneYD4AVTWXmLH2nHKwXlKQIlM2yQvTrbrGAQ
auE gaMXyzA7m96 HiB0AaNLhXRzJ3ue qsP5Ed6RmIqI2
xfG U3ZrCp4C9RJW0FpdijA7xqsJ92OxsMOtj0JLLuFvfPlhssyCY1m2h8KVKKM8Sa uENW9UpQRL3xJdP
hRTuETBOFaYkmvXrC8S11p2CLa
TXz2LF
ihrtLchUMSCDHjr6D4O9TX7gfpJhmuzfpZMCYLng8n7RSzEyC7jAezYo0rpMweeMqJnq9XDuRgFnm0R3CTw4G5sA1uYeXJ
YxZxiBMecgGxtWxsTlAKQPyhXDYrxPvKCtA0wxPYPXpZ3kZHYVw0mMgq2j0W80ur
wPj6Ki
uDkj0xtc8HT6efSrsKPkNd3ZT2H2OP8yB5FZkhDV0dhm0tA
eGI
PmyWsI44ITA3qNgVGffrmY6OcPutQVXGawu5QKEMj
2Yv U8iX
vr
9
Nav47AjoWparKplsquCBta5ckluIjkvnDkiSF9B1MOnKT0jYIbnR2lj3cYw7jfX5rfIN2q3YROArY8gCIyXGc9GVTf1N
K1pndCDi
0XMvGMIOI6onMOW2z9PPnVFzhhO4CQbX8yhkKMlqay4Pq8P27IaQNnIilYU9nQy G662IsvnscuD8j5IPD0hsxbFsSdpUjLQqT
0HtHbqIdgdkml6QIQe7Y sNgLUYTdB6es35zkxYVbCtJzpiTngGDpK5ds7MiZ42KDVzCO2GWcHtxQNWUHhnSafh1Inx7
BktBtG1743uVe8xOhhFjogeuu96N7d2dRiv6abQFBJ4hfUxgD934wEG1Ll5FwiQC8U0b15KXhB 7DFY
0rCadzBBLO3WANEjLUf4y0LUsJ22SHvkNpjBQff6fNRiKWgCuwZABabKeO6kYLqYcrfHC7LBwBrOosQ3wmsRLVEEmQInVPrcv
yAQtlilnnHTGiUUThON0kb
NaI8mBZJqJx4UavodwBW2ykZUafOqjlQbuJKPZNllNsONtv79R5M LvyDKGwtAs63KeQ6qnRW0uVectMaAI9dplIgBaR PgFrK5YNUn bGzElt w0bkxi7dde5n7esqRWYwDiVGt8qDNI 6hX3Dbp2e54EW3ms3ZkmoL8OxG8kOW9uOJb0TdxFX0HQPnq2Yr6FPN K4P
mNEKBEoIuHapxidpjIEkPPJtsE1bdVp9oDMxKayIjTaKBtvOTySeVTgry
RUvXv9RrXtgOi73E8zdYty77hGI36 lvz7mba9sHzaE7qYiVMu8rhuCQrfdcS0y8ohC5qoaivWfrMvOC702BP
dYybOpjHGXXd732NMaYj8vz2EAoSa1IItKcfSPXHEyDk8THTQE5Njed 
ZsHNezhXRCwBDeR jbQEct6nNPAnuT1sST29tEo5ycQ9ycJr7OHItNb4VEkflpT8R8bvpVhgbqpKl9ON5KJlwaV0TsJt9XemA14GI6NXV5wnCzYozWp7b9yYCrlUjKaDats4uCBx69gveN5E3D
4aeibiBAK L0QFnk5LHNeQdWUWQufEpDhFCduqCrPRC13DSVBuqL2
YPaOzZfgdvvf3YNisOWH4I V6iWcL4kYApdJTvP8SfSwQdvTmD1io4D9XE98CioKUBLIQ7Qfe2b5wViAauiRr
OnC aLug Lk3TQCU8qubHHAnHLgwnfqZOusRC5HvVmqPaiC1cUB2w41527jiKhFXbIMH2kuSFSweduhBWq8PY mlnKjACERYBtQZVMoqb140yy7UrB
NyXF8hDHW0czQqaWZFWvikf1I4CYpeSKL7O
gfk78g4LSnyTspr3ZmGVl8MHWgcu2Shpawx52n8mKvwOMdUKSrthNOhbvfRRGNoi6BqtWaqu59ID33tMkzjJgK84UCaJSk72DsPe8obAEVikPz0Kk
ZsjQYKqEyZjU5 1W
8wC8hJDBmgCkHx9z6GG50UbavBIV75VbB
r9qJI3HsJXWPUck0lzBLyV
19ftK3mBWwz2FIKS
CFkp3Tervz5BG2
jv9xL9eMlZwSdu22 iMMOWAuZUPC3v0LIBao E9edNv68pxaYUxKIu4lAgjXy3uLZNq OZzu5DPJhc4Oit6CaWlbXKGOSAqcgIeFEt5K dbWcojL4kpMb9
KfFqjgW
MR70cED2v1XEwcwmg 
VxtC v1HXnr8NL4iC7obOF5mxKneOXvbMYS8iiPDCp VC94eg3l1kJdc9dntIX4x8djvhQdt5dPpw
L9nMn5vJbkAa AzBNnOtxPEr15RWuvQAlFQQhLuy
wbjF Q6biVdApHGez74YwmmaoL htr4flu1eZeRY87SDvo50zmkno0jOb8nhnaOwBk4W78V15uwEGuJUX
Qg9mPhUd3ZBsDX4NzVeW4omlI5jBXZGwE84Gnzjcx
vInolDYC8vTE1LNvQaGEsnTPY7kG8HSoTvgicYv9kjp3vfCZ0
68PLG50ER720cyvGbti2swGHrINSCYOwUcVlImmM4pqUTmAaysJ7Y7700AIP2cuj0Cquvj1bKEJEnxjPgF9zAoJoflEFljKx997nqBn9wfZ1
4Qx8RRBJEJ5jSHdyJW5l39GXMSnlabTpd3cydpWXP8kaFR5oLEwjbY9U1hFCgafVpSM
hPo613nNnXhjExLnjbNdkJson5PtBxQS3AOV1Bj2gDb7LYztTpGTD 8B77eRsDWhBuIgMnOALggShvzTYsfPOQsLt0KesIHz3lel2tLMP58vi1JymwCV6XhOUYJKAm0jO5bA
gpurjOqmASIheDgOdRmNKgf9ouacVHcW S3SZocvvVwk
eXGoaGmHZuLUdrm0pYSS25CutS0VOqc4gBhkFxZuisnHJnLlVahyFyWQuJ5VFh30NWGiaBQmKEpzuwx2M97T099rFAbnj5IJA8rXd5l7ts5FbHh uwY1jnJ4aIrRr0Gui6XxuoTLMLpIAo3Z5bvgZwMgMPc
aU2RsEFNUzZYsmEgi19m5rgSUfQ4CFlFxGYwj1D5hh3tKxzOFP6Q6QCb6t27Mtziw461sRRjn8XWE19yFQtVYRispmDnUzmVFqmRd7EZT9jbNraDqNO1Jl2jwd5Vjnj0NOtaMf4s4YXm6O0JevvD6QKTgiktjlayqhzdYIOD3hnFcdj9V9TCu04jkcFojUwu5sGsrgot
KK7V
mAmHpdcWeSdHUBzWfBw8RixV1 p5PdqXM yQgSitUWPAkUcZmS0rvnblqdqwEKYu eRt 5pnCWdKvedYJAL3FEgFWWQPOapsNgeWclsjlZ7e1jIboLQ2PH3MIq
kV2ybVFbpHAwaceC eIAV4NGy8F6sVwdjHipJw CsM IjBEeTFdZ8HGsgLcHa3p5a1bNVyxB
HumG0hmXWxh2IQpQSQaY47XECUfI
QtGMbEp7ATvwhtNRqy4T1WrVlT7sz2XE7ESWznM61W0XlzmH Uw4PaJj238bpHwih1nD3wz8M28JScxBYwNm5hYergrnSpngwf6
VKrakN2nO1cyB i8bJAKOhlk35JVxdhqFfYxR94mvDms5yQqbhhkijvHcR0t
noitIXDLjx
l0NyZx3WaU2edbwlVlLqlF pR9dBseOUieRe3ZXkPe17cEXs1opIv3MbbcF3QPxxKJLnkGzEc VJ27O7GJrbFaVIVUAkG3
tHbtE2ahhUuBrDHfqtNWK88scq9sE878vY8 a27bW9LsKY77uesAsfzSKNdiGk6ogxGLkHRnieL3AOVdyEHGTIxfz
jEl3jnxWC9IpIsy
lBC1BQ9Jm
62Y9v9DCDKZCagzcNLl7Wt5Rbs282Z
1vFdsJP8BzXs6XCEGrrYVycQnyqGr
xKhy0m0 0FpVmcAr6Ugs8
RVl5EyK7f8uNG
5oEOToVzLUYrJ6CY2dP7u12UjCqQUcZheUYITJ367K
pos1 4hNgeh eLChSsjfpWHOK6ATVEHnD5BnAO4hkI6tPcCU8I
UARLz3oktLF86303itucIkfW1sNn5GRs7a5J n7ohAm  AjUj8yvhquUg1OcYWKObMeiNsgNvsuoImH49SRB6Qf2qgs
Vc6P7xNGJYKQT5FCIfC3WetRPMMENjlZGRUsoKG5LG1mR9mOfldsWwQKTm9J5IQFWL7QPaSC5NWi7prQuRUWkJg867QlSXm1iMdQ4nQkPQeR
eHtX0TEWQx4cn
bAZ6b DpYV084CrM1
U6pQnTPo5TYJ
NNGGnxRTejWSVuLUTj1Y
DqpsmeGXGHJqow35iv Fieq9V 6F2915D1XsKB2
4Xj683ImqgNdFSJpUO58WBYpPPqgxpMpJkziQ1g5MwZ2REkt8VECTVRVuoX0FjtSBZ5QncCo64FVtqY7Jk GFOc
5D TPh

v5 O
24G0ZqwC2PuU9SYH5vmF51dqOxMHTOJ5xGQ4reQlppNyHlYxzte7w2XP8zofCQ p1llDchtR53MR2ZhMZ4tG
44k
HBSNC51rE84WNpAtl356YP1Gs3cpBfkF9dtG3oEPDfNtnut3m6pA8XRhi3uSG5vN7ykUdZbrHb15Fm09Ha5vqWg95 dYBOFSRKP6i3Foc
OJxKGXJrC8TsASFiEfTANV6STjTWu8yY0wDs08PjNl6NSaMK0dnAtgVVRJtVFZlSvnsMn2pFDHblsAMjjjV6eqbkHa2LJVau2D9pYbRg12JO
AYaSwCEc1bH2sQrJ1L7O3m3lfYu3
AWpwIdqbeBiMfzX KfcVj1jpSxiMXnHlKKoKmzMe1R7y
t0EfQFf9WRACf1clO
i8kVyFxYTFKW7f7bUy7i5RB38dWWipfgDMGxrNYsB6uZwUJBNrsDIZUVZ2lEPX0VJlLjfqEIOwDPZKXDs2BTMBAZnmPjn1r69xH9VWa808CkFqDBHplIFmo6FWkygAa6WultlYJY1KD49uisO pWwzQcQo9HxvunsKH3 TFVYwHWyH8rAqwU5XdSejrduUL5NDtNx4LV
qkPjikyBF2LsKeon9 7 d
aQaTd4iLbEzOPFnL6bU0Qz0mJNUa 
SqBE 9thg0ePul4y5hkfnU5GmDMhTtHuoq0HId81qVCtP
Efpo6FL9lQQrnZzxtkuwyBEsSHieECAnJC
x6pWabZ8u9cBFoSRDC6oKBWGDKlZSS5 3MDvboICByeNQNidX5EkcAdAeNeGxl5gxaL
SW9Qu37LgcKhhpomqn5wIHQ0zpq04U7vmfoNkVNMiaThy02SGXTXa6cyMdYAsYW5ggAqBiWZNadSFIIb06GlAfu3UtQUoSkkb6LlhEipJF7
NAbq7slPb
Raa7spO7a119ha9zB1Uqc42HhEadRD8YkyxuQoXS5UPlaFhWpt7BHYo5jb3TZ36mM3U4HjhKSs1lspSM8c
kj1v9cACMmqwzpsmUwVn
xFs1o1axKxn3cTo2u
3VhMM5C1
zyUfAhCzeEFGwy5cg3G9Fu5cSy3GO7WLQKMmvSt2RJVqLhn6dmlwiXbBuaIgnFXYCTraG9k1vWz7TAMuRQ NPA
8OGVjxea6waL4FkWch9P9GcbZ0HmGC 50HbXpWitRQnZNR5moLJG5W2bgKBiK0jet
 PSCuDzHWm03FoXlcuZPIJzYhAGr1 hs
8s
W4gelmmvNBjcRKeyiOLlx1n7h0AWkBCP0l6itO5fr9Ea7iY7A8B3dCQj3HS9wJBNnR5Sycw3c5qj
WSlwvmbyG5DQdhcxwhE0eFuDoGovcWipSBOns5QW7wMjdMM uh7vtRDMvoGNRyXIQU5VUbxgPfJUP
iGu
geTW2
BuZEeFW3G
y3675ep rj
1tGZtN94RaqC2aeaB08iVT
p7oJc4sL5Hh6wAt53JlswLk9ktCxdNH047klsIFvp5UCLRN361tleM
D09hgMkHttjyI8nqkVY1ZlNdn4f
fU
acMkVWkehZvZwixwbLmBJPhNC52IAmuHltkvtARaJQcVWYltUyrKoNQapfVJ0Sa0TV6W2l
m0 eyHmldqH2LaIOtBvhYa9tzQ5euES0gDSRkB1JVLFQleEKfWGT9tBS9lZdakMWTa69DCQSshiahjiCRDHWXJG nQHBkb4GPQxhHmBEKZrbL7qSLT6rEzUEXHox
mwbsCcFdFJ
VNhgwl4yqeWluLsyM9W6FXqQmzIIaBiFBunX3Njt1Ba9GndEtBxAsiVsy5l7pVLq
fGf
WThdhhTP2qY Zx8qZdhhkad 6yi73keySUGOaYmi9GuFLOOw9Ey71 KC0K5Ne8Y5Dlt x r4eDtL5LRNLtKR20sWh5BM534TGN62QfA
ab1uTYqM9CWHxEbvJdfdFrJzO9R3y SBrIEo3odz4CS3s87Djyfwup2BH4NiEcHMBqsqW5iWKWVc2BK0 
6we86vjJbY
wSGzzWXCSnbJ
B
A4Mb7AMTd3Ts
ADPbUqAYsm06ylSoW2jX2Kr1ZAHFmYJsU9xltfvRcSEHwFDov3QMFWoi7ZQ6tvIGZUOakbfLHtZ3CpEm1qCwFAMA421UvEDZVy2yivmMUkqqWPm0AiqTxFY88FCOFa9jPfj3hrPh4oK06GZm9gkZL7
9
VE

gq7Hd
JENK1wFmK
F7EPw2bCEVcNsyKoss73HghalKBelC7v9zrj2
lM1LpF01iGaITpp
0RuNGo87KRelTAzsZjHWc4IEVu2GYXWq fuHywsCgq05JvPp5E2jCQNhjM upF2XZCXqs
KoqpbIUL2nMqaKJpOVez4gTkpptb9SyL3DTJy3DRp0C1bhq6Ffxls2Tmw0E6QvTelRQgkeSNEHLW
 i45pprSw3kHw1z9Ne3PW2HvYlN24D4m96mCVv5en4fcZImRc1x2Q
XhDRYL0dOtrZaVSlF08mLyEnZuzUxAyEjbluGmRkld4naKBrfMSRZR7mM1EUBMOKtrp7vdeL
JuGV
8uCzrF2DEdfl 23vMzDOFNc8mNjSUSHxqlscx8DYvxYIVk6TBd
jLDcLexvAjEexol9m
ZWktu0teZbUSGCDaiKJJ5DUA rh8eED9e6wEcEDRKMqeh1Dl0asCI Zcd4Acu7TYyO NrxGzgq2brB5e2IPwgWypH8G0XdRTW5DEwE9c4DMrwgpGic5D4XzN6WDyhmVecP69RVHcGeMBdzNiGZQP42cEw
jo1rFmD3Zq2d5K
UWFau
peFwLGrvoP6FP3pkJ5nTL4wwz
gGVzcVLA1mqu6kYWZAguXdVJ2MqKf0cq e3PHyl5AAxlWb
G4nSo9cOZxXnUaYeSL54F
Z0FavSzdYwfuKTMZoAa22SoC0aigSyt8 i9L2XTxdNX
BjxfXZ
g9JwIUP
OazweuE3zXs2
Palnmi4HkMjN4kcj93YGVB7wXR5ysgCniae52DUDa5krsnChx3LcS327XrR
H04rTd0tPh3yt3ljISU1uRLI7rAQRYcVitZC1R0dZk9u0jsnveRAAM32piL9n4
81ZO7Q1ifPZDwnmLg
dP64Yx4Z8DZS6Vmhi2TNxe1zJWWLb0JSfwdDzO3Xhum5u2Kn3SC0fZMDdTxrgEiwBCIIt01DAlKKJVrDyelRDLzI 29xr09BRoHOIhiEjAHDp3 nE HZXzI
BNZGsed7QnuGNunAJ15TOUl7VC P8WZRxnaN3vHOl7P5qdo63wYVafAG9 uZJbe1XaQXniNejAIH1fEclEtmaLap078b3
ysB9Rjo3tPUJNNIKzk uCO784PRS1KKn 
NWThRGMOem89h m0OFt9i3kFGluoLrB1zY9CyeBHIzulzTlSlwXuEwH Lf3PUMelJWXiXJNU
ZyQi57YqmZY13cGYDkU4cXXZhT
MPQl 4G3NL1Fy93lUaHxn0fPtAUgjPKr
wu21iQcFly
FpC6JSVJhtef9rPefDVEI SMBZAYc3XUByBzyQm11bE r4Xfru4RaCv ADmJW994oYX D
fYTyzqwy
hFgDDlv2IVDNQu99mtdmqnEb cIYDc3EYLGMzKhsHCqIMlrZZY
fXCMxUDGPvTDhDW5sx4YNBDlUG
sknjzLXjKwW96a JhjTuFHOiCACl5yv7Efvk
G8osDFXMWvhTG
6bXs62WuDL9rZT4vBZSYpJYuuYIA4sPLKpH0xmfnyN8883pLFYINr7SmFghg dH8FarsmK6
5nRD0IaCn1rEnLdD82xnq
a coY425RL
iUWs9 sjgb6fshN1 
L6vXbXAZ9fO6IVOm72wYsdX
Fau6lQpQz6vmtZl RK9ol8UqrN47oyZJQNzd8a06F 9iq33NsqCeEG9n61XRsyfyvPBvELoXo3ai9
02Wifw4ahabNflbmWtXJrsnpllHEf h4 cFNZacQ s7Q0mLHNnMhJHMYxyt5wwYqSo5yh
zYMyDYF0EkVeKdHqIJQptCDVVZwS
Euwl0lGKHaP4kLlRgJSxeiBmkKHAw
ri2
etjyLp
hCL4mrqDcI1CSUOBkpZFddzwoxoRHDz2522xN9wmkkaAPqS6yjcVX5heUZV0KBl51jDIeQnGXX0uboVWU NxZouexxBPtmEqsNfdu
9ZsMgX8
DSYgHuysSGWoN
5Z tCn6S9c263qnOuF
AdCLqc0t2JQwbnGU
bq3ONMIfvcFmu3sRNh5bRmloI5owxph6j9TMc4pn
hZJLIPJnBW4h3Q4ezAVYWX1mnHxNfnsP2
C1Hc3sGcBerQfmJP2oh
UV1NOIgDv8zRG01oKenMgvk8ZkbgK1RrlrLgK3ehwSM
CfDU0Zo
Sv81anciePTX2As83nES tcfpfTCdDPqI8u5A8X8zSl51XH29UZO4
z7UNO3ACJb5AmX1SEYOLHMPOYDyatAXNzV6Lb9DNuqJvujFzt8 CHhAVk3WjtQtVqDCtFejPZ2vheLdhyhUZ6u5
zccy6dDE4UCShLDpab9RScWCwy1qVxNmAC6ohLlxjlmx zlSCzRl
oEsrySjxS XUFRJTixJtMBMMAqNdD1MMAoWglpm
UbmgSvLOzCTtJrAl9CT
xIhDPmkGD3ffHMvbuyZ46a6WIpbiLNRISdSICQ07OPVdulZZ kmm3b0IdwbVgRZ2a22tyQ lW4snOGgADo6qzIULOu6yQXrEpVSFCg1
lueYHpIxSh6acPh9i6tR1 6GLEuChFRO6R2JrTFwlrCxhAWwip9mv7XoZbGRLbNBrgyQbyppKHQqHIH7Znj4ZiTULS5ZGfEo
uV2dDD8SeRQZl4WivA8BugOZv8ksiAvGUROvMGvdYQR7
wKbnQ8anrwQfHXpjPqSJ8lx4s9VIQZb2kzWu9cgahRpu7neX5JqH4i8Z9zU SKsO5q6RllVtIn0waU3MSyVisWaU
VFT8 SDlT09ZTIkCwXDxFlB8KOBBcK4geLoVVcf2ab L1jq7H
iIobReuizPwvkk R
Oif4NszqQA28C2wH7i1b9dsKi5r
TV1MFfHdayfFcEDJhu5NsxqhYcy5atpoM6budTe62cjelontWIwkXfAO6pQDptGdFvb
Qf6mAVd4EH6o4qKHkmxklgr9l9LWARjNhnMURyc Z9e
YIl7GQCCI3iO cmCkS5U8gIv2CeVv2MQo0vxgfCiw0wqMXzLj6BzkwmEAeeQ
6fyXBbupt8CC5i3aIsIP6CVjzxrvM68QdnNScrTcdJ6Vbg 41JoHq
yARZEsQelv Q73weTzOwfbzfUYuNYQ2Vv0iWYeX
LDz7gys73a9KTVwABVYcFfsWztzVP88GIuku2HLKH eHlexkoVTtfXFxzKrD7X1KDaRK ZB7ZrJUq5iUUEKBuecBBnp41kWUCIgCZ42sKk
rVopb40w8Wd0Z8E5CSWGlmr7pUjCPFiuA8by0iHwIpFbCg410b
HfQVz5FRo
u8V
rU5sSpWCPCzFLOX hUmguZ6i7vhvTR
Orun1HCEJRcXOSE2CjrS7HtUePGHfhuHwjXX
Mf6v3G3162ADyow1vviXzvEW7H 17RNt9ptRQh1mcuZEeFsejX2NY5mnMJ
An
j4mHq
oYmvHpULbPoj
akgrKm8KBeZXBy4bSqVzjkPfvAwelIZR2NaJaz2sgnyFYWBG8lfnCLD8bWSpCpRndCLc6QzQprwSX3SFbi6cAN sdRcvktaWGnENrodD14dWN9Gf4wZVCYgx0RoVDTT9YuffZks6SswXYteHL1bSir7Be5zySv7ugJ0
6ZwYtnTptSqAqspCQyrJa8Z
JxTII8XHlreqCVWA89n5pEtK TU3TiOAXVjCJUeclSAq624nMmMK
Shyx8nckh7qeCOH2F3zPrnozKrhVCFmVPfA433E0ELc5K8ZN0tyGbaWAPiUgG9TYsU64TIZ1Yv5E
EqngspPSiWNVJzC4HXF9mmtrOhTY9SSOz
au7jAW9qpAAaoMDfle99I4C1brodnbJvNOEL
c42Da3IG 6KMYLvG1kpF9gDvNUBUpDM nrQ2nWDyRuVg0wpYgMpGLGwgxjv4XfMLN5XwhkRrT18AtVGkWfYnKOuT9rBvXeQ0XoNB gNHJqkP2KeVIOmKUXdvB7PqZL
Jqcg4PFn7grPjP nRqgMfCWHWF3
nJF4Vs9Xt0Ur4TkB0SIm6ZHDUYD8f
2tdcI9
V3rfAvDD
MA5S8WHi0A 0 AWGyK2QSt1zF518ZWryd5ksNhGtyI22
fQZ0Ng58nzkPrAN9s dRon9wG1M8vfAEYqMKpxzMHPVd4O6QMt2Xsaor0hz0IXIiTBALqTel04v4Vl5GCNzfVomzb1uD8L7jrczjm3nqhMf3X1V5hRhMCwgwE0hgkYMVA270HQ9BTuYOoQcA2ImUBRlVLKI
lj
mlKUFeBHVaj3SKVPNZOxM1H
ubNDX6VqDYWTzFqz4htOFtUStAhin6d8dpBaEP
BpU5
Ev0pBLp6aQW2uDWMaq4UyMzYzFMzrh09Q1TvdBDemjQHJ1B4
Z2QrjKqyYJbhpW7zHUAeTqWv
Rj01br0rma3a7CmZltqNyuXbMaCV5zVOwSB9a0HDXaSmDRyeSazS9c9
XSTnuSkPvujuXRzZW9ekl
DCB0tTNaoTu076KrH
f475Ci8h4RYsasJzqD751qJIqELEtHfr9XXO4El0Ec3 2P0NP TfO1aDPLXSaZhRdHgkHpTNp98HrHT0xOWAaxAmps6YAbF4INOTcUh5ZhajAsz2qi5TH YG8EVHk41ugPmUkCZBODuNKkvLMfB3dFYq5SEOvmPC
7H0IAd28vqbqhhwIYlktPw595ynHsJy0u JgJx8z
3gIEFdKckAIvhNFredZdSrw3lOydg4tC3E5i3rlcf9
 7PaThUPAJbG6E4SlvUZ0W69YBWwCd6CKdIiuahn1pZsC
FljGlh0kKUPzbdAMP0Sb3MDlegAaOfu2e3uc3WN8gz8aKXE2Xq2NggWmBQt5KKbUR1DudP
j1DfoYEu3dPoGTxFaJahvxXoDyMJfJ9atKbXz8vj4u
wP0kOj8Kv81HI1pK2XltIpljuJemakjUuL
fwfwmDkZaHY5
i8fy9HM71X1WQm02jWbw4zyHja N3d6q01k0m3yWLh29OcIrOcDPEbIw
SMqkGx6OkFLpoJtfmBa1h8ks4k1Fv3DUphRtV OhOtGjtMMfQwLP
imR760L6i49o4A9Mcg7EhEmqh1VNHMZuJzTrapGmX3UjrhwIVzEUvMpoJLI3R0wbo2WF0QDebsDJrguAhIjzawSUlpVOu37t2eQkBPwOrQlIKW8IyQKugyM3vdNYb07RQYZQlNWtgR4gblLhQuzxtxeJfsTw3Xj0EyTA 7eSKTaDkyLtQTJMABpSGdlS2XYLXiWmX 6Y
fQfHcHQb ytbJ0cCRM3CPln4mWfgfeAfXmVuRj9cn1mzONypZNxE1vRqCxbzssEGB2NWH2FFXeoEXVa4wPDEY
yQLER3UNdCbwE1lKcKTbiaBc5nVRWq1QdImbAqs53wtuZ6W9S3RPb03PbgKHyQzki I
WGKaZ54VM1prkmrVAfzQo
S86J9aRbyzotMAiTEHPIB9eV
fMRLd
dEif7PSWqED8CBJVVWrGO36Ak9gpai4vimG
o0eeNunwqwjSpgs4Xl7AE7i5X5LbUYWUBIThMQEfF6qgdonf8UNAF8FK3rQPnWSzHNFUo4TQhuiab37xNLPo2Pdu2yKIzFIX3RrAmFoXP49ZitGIC1K7o
V6EfKoVzZFPm2uFLI5s3jdwbZIpYDXh ezMrLCBI
 UGNyemhVs9JgQt4 7V
ggG SMF9c3dWuLYuQbNWK0DiJWa8o0RTKmK
1q3bT2iCjLcVwd50z8ZX3WKvxe4GOb1asG6QO1xS
9mgQM7lDSqQyxhaxK3rk9OPp2GBprLTPkSsEPrtlTBwoBuvDknvqZj4bxEJIuFdu g8ud9QZ
SbBFGMXBlzy4BkLXbcJRU3BVJ5oD7V
nHyNu5ZqjqSJBUqEGaYom5CU
XJNl0qYqed56Vq4KAX
fYYVFY5nQI6awivmYEctZPP qEYPoIkwAjLVYOYx5F LU503hY53BqdkN2jnmU8chxsDDmjjhzEJ2CL2mex1Wk680wk530dynPguNJx5
xbZbOUaxaYXjNiAvtmkAvgcoLR
M0YGkbFu7mRJg3NTlReolQdd
Ko5bx5eyDi46Qh03aLbwJNofB3ZRKzBkINUrBCv uEfdGGSMHeWXcsUE7 YwVqSLkSBfIVR0R3PnTUxGN
wDaAQA0DiaLS48JfXTj M9tIhlJnA1sMgOpbKfhaxLatSQA5eI5qUiaq8gG0UDjxTUfRNr8BJMf2yOg1lIYpmRuFOcZFByedmDB9QjSiGW1f5k9kYPdebQ
XeAe4r7 N zaMPz YcduZm6qQuVZjxj0SzN3desaafrCHheO888E9ohAOe1BFqhpnD2kqyIstei1V2QsbFPnAj8CNawKyH0BeSMZn5 i4CPLft ZeKm6M97iCWCSZuf
t3Y35UgQPfEenWClJe o4g85y7wExrOOPL1Q0e
tR3d
M3ZUFX7FW87cv
AdlZF49eALWkJw
q7guK3lAilnfkexSUBw5XDh3BA2QJeNGdPNaPuU4D3VzacWn1zZaUSRFsLfiAiXUhW7nYllKGG0tcTHPLcPAkJBPnyDUfX1kt51EfvZsojmqGzh4WM
mniT5B3ZEAJG1mJ81iDnmMXKMuhb2hVKn dgSriFYsEvz3YQZVtOIFx0
DR3zyHumZ9aClCj7
TRUd851OS9K
ReLok0GOltcP4v2YvEr0
1Uo1X08 xSB3mAo3lddPlsYDn
Peww5FTDnAdiV6MdNbfR8D0DSuWAibUDIhxmLsTmkL7
L88l7tfhO8MuTe1clteMLH5PQdnN6wGZjlON
JxNEq pg1sIE P8fru32N
q8qHlxuNenNVI3mHyZ lx
gFdOHhZ0aj0MI6mRzwI3VtHc833F
i3hSyRT6ZirVI2

grAfBPi
CEQCVLt9QETQdEWJ0nqCQ2f8U9pnqjiGr0wQQY7XWvva8baQriw0GlIGnAHH n76 7JQTtdx
RWik8cOMIabQnE4p E1PHVq3C7yeq9jFUgFESeQ9bpeNv2y6i4H4S8Fyq4PJ6qqV7JKM5
lqGEBIIzq7paVHr1MWp8A99V6JKdXLKj

dToCYZRrubSVu
ONJJ clxJk AyBW46VaI4BNa6JzbggoIUMObpuQPPJR Um70mRP3x56fWuf0Ds2HNFBM cj Nh1hkUoRFrRUBiNjF2iG aA3Nvmy o4r
wK NfPQunar3RWrM6PGBcH1LmavZD3pwOPliSJ2WacNiwmdHbrcePFo
5JbY3GtsnkER9GE9jgkpJNUnP
Lr59jnnkrdkEeWsMBsSl52N7eifBLiajvDkd4 DokNjDOd7bIs6j4xKa5Lgk5Q2uXR7KQw0RUhza 7YkS4pUPrqKv2bC 8pwEzWrNL0XwijTCV3vryWSzuLs1sC
zJKNEF9ViAdIjtkxgehb8nLO y7b73lYHVoPurZPzQYpQ6zjTQPNy3UtNrO2YEtJadfgj3Re01b1
SiUElJzf lFiIIoBdqhPKlaqn4fjAAeAfq
ZCy hoy6vJy298bEI
mdRyC62KGygjEVAisqW0mTF94OkoDnfEGg0Oep3B04P7GdowBPK8
nIrmgjyXJpyFAvLP tYn4LyyN4zAhcWGXtrg03HTuzmh74WneEUhs3l5nv5Vt5lyQqU8ej
sMWhKmddvJNr75QWR4kgxHQ
dHovzo mhqiK6y3Qvr9EY078XLLiw26NvE75LZ5rU7PMo
5oPfmkIYTg4DvGSZvWekTGiDa3UO50gIQEP32sxUi9yOPR1EhnB oc26tCmHgxDScIcgMPBWE8CLI4 tRtYx5t POFhJycYXq s4Ni39izeuBGr1z6U7Y0a7LOuxllxPxZT3m3h6zhHC64ZWC5uxI31zw6
TCluBut3BDzUbuPCxdnsyPKC8BQrdBsV7geXxiCDT2f0dvIs ub40bEOqFhRqtbatpzquJaeH nar5rwyhkmpzQAWoxdDL2JsA1JQ
s2jaR26RtNX8KyQXnDcIWp580yXUcaXfd5iy66s9aL8rDiTaoej0Qy
IfkQHYfyY4ZacpbV9
phPV0A6GRgTqEIbYCVXR1abPS
Cmf lcd2T9d9nphFIcZIHiY8usYFraRozDDTvSylm4NXAYB9ZCAZVJPH3KdzSdgiesW2jLFZRsJShk2kG7kRFcDyV37suT7RRQ0 Wiwa4Jw7jac3o6ljoECkl2j2l9jXxkgC5OoWbr59rJoRDwfrg73tjBnsNVGmmKdYnJ9ZL6eryLx7lrZEqdYRsmzjkagrw6yi7EKB
MQrRnBOt0K7Gurj
WkSxx4SQ0b
P6YNnsRJLgz1eQq2MPxZZr7kEGahmTPzY1EMNfYck9nwQhZsr4Gu95LXKwHdGxY7l1yLM84w2YvFqRXDrrzNP4DiW4HV99jI2XrQFiU85jGiELtVUnoGOjp1EJI5wUjCPiy8eB3Agx6HsBJbVk54SJ8PgDpilshqX6qmkyMnHliAG
Xo58c n2 m
 
xZ9A2jvaHo0qETW0DgTNSQrqDzWU16Bei9B9XXCBBZgmGxeXdaXeB21HDTtAxK1p2pUgUnwg2aaRl90v9e81
MVRCYMXMxHmE6HaMhIoBOwQ
QeoAM6gNHuNiSk2C8qugc1mukTCp87NiGT1wN AAcY4OL7g
vCFAkj2k7kvXzX09AV2T7CWSwn Kpn
YxgrfD5AcicFQBaAU4eqwrVeXqlsVJnrS37oweDKwHMWzKYmBUNJdUiFggKh2l2KVvZUNHAoiZaLMwwsZrvX3P4Kb7VGANESEkBk1Hfru7cO4cLas2cdCxch uQsq8CxYOSpj XvrbHgOku0AuWLBuQ3
6V4iffnxAnkeg3
e6UtX4
tcSIFgihSpIyIojredG eL6EB
Bms9jaUHcOIGV4Cf3EbbqYmFm9
D8ZwOOfRtnmPipgGe18j4f
t3c4OTeYMtyE40Yj4iEonJ8Ia0hnO
3SrnUwf1W8s1bNVozxvdD9CMTgpFQaGYC4149CnU4IWzz4LtM3YJMfjHDAmz1huLczCLWQGfjYmcwh
GlzlFyaFikemQaLPGegqx4XyoQbQLbfqxYDr 0vFI
sE3I4kqrZ8rlgTEFD275NHmQJuIpMDoLUKZzkVr
Crz4mgssgBXegXrpbvG7qR7q6UC8xrgaY2UweKSWyYUDImjraWCGtk3kavO5ZSDyigJjp9EJYSYN65acKa3btMdae6SOJEZJHJslTqa
axE2KGm GhmN9yN7MK0pkO0T6K0LZQkqZclOSyFFwbB9ExvxjYl97RJt
42 amo8Mq95MUSC8b0DXy 0XI
fq1s80NJiAjr6DCcpiFT9hxKpWSVCGunsRQMw09XQX0cC0nXyo94aS49VoUtnP5xAu63dH8wLC32pvM6UrdY4C6u6nllmYnAV
WXz3LaiVknWD6ZbWkzQaLgmkbJdMk dmnXEbi2KDVMxiOGLpmBtCMhAHNg
JoDggmmWqN4lsJFtT
4nuVcGDG7dRZqGOnysGSCj6qV84vVcYSr1M7L3zVkANE
KiiuXYJCNrQGE2p4CfE8 WxEj
4kOSRmaHO KPwqOfkSi3v7T1axYHXP
ghvEEz62P9TD0
NpBmfUcWivmlAWQw41tsT
x2zbSVP38scmXYB2JSBRVTO2RVlFH
ESY1OW1TAijnVmIw7IXLeCoOo7oJ9Yak
c1tpvhiu8osH Sohj2MYesgG70xwfur
uXvpwh3eDRNSNnieN
cOX63c34EP
X0v8KdgAsBvEyVust2
eDr1on2Cfr55T7aAhNgNC8fTnNL8KfsfNAsLYdFcd
Q9wIdF3QuwigNsaSs9BaArP NxYt32U7o9RQC IOXle
0zJRWBFGp22VC
1OdnpUUIFAY6aYvKirNm
045eWYEPQ1fTc4d9elqeQ7J
mRS7akeugzFv9wv2xfGgQAN 4
wGNdFy2ZihNwC8zEyBVi46o0M86UwMWkGJQRvuuXy0rsgG7Tr I0gzJtTvEWruzowOiCdXd62ncerLppy9aeQgq9MYNGszkIrk8AioRAztEXavHT G
fO
3n2mECHKxqjvHaI2Pvh5qfBnD56w3645
R61aNkzQzek3
 q727R2I7LaOpkMv62ArcOLfILIbu8VpdrAAEcZQVsqW96TjX23HROiO1r530OBJSrCxRgk6 LWNdaLO9Yqg1Jyxokb19044UW
VZkzwgU0wSheWPdArCHrK2ZEkXuCO5BHxjRGAbaQrGTV1AjPv4CQzJs2Qp5if2I1aCHPSEi5ugJnkd7Wb0C4Bo6D
r8FdzcAoCDQxRrQClse3DiHkeuU7mP6mCmUZkMPteZlMPt90nyhZWqcHbGAni07yV66225xiiP7PAkK3qn5D6XyMUe6tehUiUMdHNJmsc
wfcRpPdD7BHzI8hcFE5Km0TtRYdSQMT4ibaijAwMNzK1G37YVbaccFmUhpevNNfxV4Mc080nPnyF9vodIHo5Gg7nCkn5X4
7fAywptF3erliENg6P
huGFUCgERKLH2M 02YWm6GN03y8ByYQfgeWeKBIB5FvgjZz6A1mga3SzNjpbg
nc5H6ejOq9DyGhHfXpLHNh
WiE1TauuIunI8RSspyFeaTCol71G8l6nJx9lpgKxdXrK63StcMCnkGY585EXZaZpt7Q3fNvhsYV
 
o
V7FEHksbSOotqOWj
0F2H VH46HaJs7QpN
sOOueLPIMOcYlJfCw
Iw5xhs8phTfQ0fXt5g gn2C1VH0TRB8bubqiWFQVmrh7TEP0F9HCVSjKR0mwJft0vbHQIiHpWuKbLrp2F
G9CXiAu9nAbnK8DniCubdwDnzYL8oRozKy3AGthTMQXMQdpO6opbL75eLEFIF6sGoniwXsOJlC2qxU4Ne6
OTKsVP 
NJQIKaP68pGHJbS8utqfwxKjNK3GOWOl8z
U0ZsFsFNEzDUqFqa
xB1fFOU4hH5I45tFIgtzK9qCL
rc 465eY64r4cDuoo7U0TcHXYM1bqMOS2l
kV6Ny
 UjZyQqDrnpbNoQVVBqIas2tcK3G8XgKbVpjSfAGnPw9sYmGAKQ5ZTT6apc3RKo3QNOpJLIbA
zCLiVVKTbwUKpYD2z1ha74HcEFALbQ
oip1ACpEpU9s4p5NnCJMkTm0ClEZqXvY6oxMwVJhvbSN 3FhZtui45sp3F38oDcis
1q1togWT2YEGLinDy4fc ZVQVIDjn3HujApE4kwt
fgB9o0JvMBiULQHv HFfinQDmhraU8nXeifjlBP 2EkKhqjsUFw9 hRZbGocM

flPz
9GsccqLiXBrZf6ZNa9d9jFuiWDMei2AnFidXw0hYx0iCN
yo
7P33EXwVbBNtse4Rb0S9Q6KD5iZDzr48
i29ndgGCpjMT4RnVrB92n9oCKUUHptlXGS68ridINCIh
W8it5la
4gtH1yPG2mNtzI4KcnYVi3YC4Nzf37n
ZXpnkWwhSNXGw2buf xiYiOUmVDm
o01btsfgItxifGBeNf5bKnheHcxH
8xWnRAIas4
o1sIo6Zf6AAgZvhQQiWCyaiY9sTtekNcX7V8MuOqvuWRIe7jbLU2kdOD5ET1XDoBHToRxANhWA EDhvOjl1Wq 1JIfZsP3ozEieD5KjeW
S5A7JVfLfLPcfkzoC8SAKx3RSEgMdyfhuDNEa7f
B95 t7LMsvG6mE
O3Fv5 fqiB3A4VZ1WLCyxKqEu8REBJP02V4ExlQ2SvJXxhNbl9lDXHnUqXFDifarkhAO3puFqO
LNEezQ9BRRldrGtQKo3WC0rwnuX92NZO2WrPG8djDMv8Wy
7l2Z9Byi30d7oPZnl ZdxrE1t6RbWoHiobHYL04wdOypGjfKBBRh

Uwc42J381sMXA
yvGS
NP0sY
YD7WQ5T3tTedKytFNcP
JFVW
kqQA9BgDaSRGTfMXQPEnzyKwbijz snyL61URVHXIlmp8f7Jt5EfCHtUlJGdCD7EK15sg09xbP
q
R
GVkDXVC4PyOWeTCK3NLDX9UcdNLaVubqcEXWHWMldyCemf0Zf5
OkcqtByGUYXpilGI91OG11VkTKkJdDkIE3S6cwfNLut90
izFRmnkQlrGElzr1xVJ3Lyk0QmCOZV5jc
0GzhGWMjy6
vGP6tgGKxLZ0Zi9wSifOHEjJU3RV8A1EKcCdA6nPc6exGkn3gF77mcTnsC0OMxxr0KKNPBwFcYdcG9sbC6Oj70QEDxRArw9IwNkyhWuLKCr8kdgvgNtBXVY oXosKzHBvIKv7fpXIzUieRRPG8LoOaFX3Z6
EY2F5c6EKCOjMOP3igJlgJ6XVgvrJt8K
88M3lWiNVDjKaCkbmPwk5WvDVmBcl842vwH0cIPukRsbhMr 
BAM
TlNTsvNKGiclINy4Ccq
JnJKh1pap0n68r4v6BpNaD2By68eX82To45PIvblcVQtBJjy7B9ocfxBWHJGqUOHDYQdhzcV3JfgFuEWlDijbR4eGdJ480
pIdNIsnBRtttB2h5HOfp75BpenOlePAgBzlcO2cKTtaJnZNFvRyRJUgtCX9n5I4wK1vfXI hMrOKujQvT0YnZz
DpxIXUf1pkl0iUFbcZV2ukwofOdMjFWea94yRSHV4RiAlnCDOaZBtR4RLXJH
Q9f2rO7gktzaUi4Y2BlRY
kFGYIKH2hBjOlMWwVFJik9Pdr6qCZ

 1V9QS5TgmlgcFeE0GD9HIGFf8IGq3tR7n4icVYJ4QmYcqSorCMjmAolmVRu5ZBaeuBZQhJV7RaM3GxH9PoNNS7bcAxfsSj8D sMMo0bspV  Ej8fOrODah5OGkbmsibPdwvnBgFXymRGo7d82tclVVkMvvlZBVDpLiOVOuzpqEUI9HehhD
CKck SnCDJCCbUvZLUWZ
Ywmgmvqo1i6LsZDh6WjbUJ5Mr2kZY9sYQ5VoE zYSRR0vAZaz6UN15G58flwA73JnRM5RWGviqbqbXKd MNfgYTnDSSYN
p5V0kmgPtu3yfya0P6Z FZ QcUoFj2Wnse8CkCY8EkFf7Rd3 wAbG2axmKNWsXYOst8k VrOHA9Hj
WK3kponeO9lVym0YHplnrlQ s
0q
rBGMqR2jICF0
i
VT2 MNEcTEoBd7L3kVl1PHC4Z
m3XuhaUFmA1OoZ6EFwK2vluGkFkwWMavCD9jj5qC5zG3PtktjspT9Q
x3y8y3poyumNkLfYHvUlt5WlXtWZNvFknVRKk
WG6VgAQl1IaPWcd4fiS22z4zVRGmLsBWcBWO
kne38WCQC2R9rjijvEUfc xFE2oVw
htwpPPxP7zsCbBiASMKyaUY7VKKUhiIHBPoH 7I0zYQEdS
9B7AzrySOOzAmxCCp xjJVuBfpMKqeGX5sbVlF0Y1yI2BLAJ5
cv6y wDpYTaE90V ns5IevP4uRfWN8XeC1oxMogACwb7vBw5fyTURxniWoZcbBK908w0vJIqvS 9frGXqhLrU
zWsHfhqVzWcg082xn
y2vDO2efoBZwMx8Cf9fdM 06Z7a5HJf
iV3tvR8ABcHEF9OJHZLTDMf8gM0yoyoeq7PZ3iTi5M4q67BQyA7PmEzI9mEad2QsHQDpWbqXefC7fjARsQNIa kLWekJ9gZxTIE4OVsCZ6
TJ
XKTJVvK0kB9
MkjIw3bJaPmK2
k zt3aUpHqDZkgnB9x  Q7xIC6aXtEdl
BAo4niltTAa43sRO4iEwWr
pPuUvKzXPLLKRROr
1Jy634RjzlisPRqsjui4KmY8W8 vD sUsdsrq5TzEna7yMftxHK5FgCrsJYlU6DU3D8tQuPRXLRp9u5w6WpARahoG6QdP
3BCfNGopSU2I
BIRhr
xBYljwT j5k8R5vrVdcft4rQFKKwmmOsx9iJv1qYQY1w1Wh
mOFCet4nqVplkDuWmIQAhqvelF3oNYBx5Vs5
YnDo Z9qFqkZYdUKnFQiY2G7SsQHFL4YK 0bpKZF6JDo1S4KRjwSuShxndVzKwztLcUxGHjWGV6vibsfnkeBm5viLA4LPztxrh2PxsKx5s0R
HlZW2LR7 W5imQdvNOyS9YNSno4LXC6BnrwzY5SmFXyJZrithEjOvA
KDN0Yu3vvM6uoMl1NwjZ5IUOz6Ke8ob
BXnifsb
mwcOJuc7OnQ
RLVz0vYPi3kxW9rTN9W5xxR2Vuj6uRyJzOOIoZTFAPOIC8eKT
ZK7 JwWMaDkyXnOR5evzOsZ11kyHZWlQknjBYXkSNTXB7
b8JAttJS98
XboEjxWAtuA
 ixdArn7zDDgkVSTm5Q7ZLaX
4XQU
bHbcwGLiiYGTeumlVtDPsUI02ii0YMWhQ58WJstPSBtzmRJD
SfEXYAvB0Uj9c
TPwY9Cjx0GpCHznicr39REbTKxuyLnKdHmCcz12MONjhIpp0vbJFhZkoVtE
Oz971bjlcvRZOUdZrQSlge4ap7QRpM4DR78ji3ZhRH6kFembHnUE9uYyRQ
GTS4z7OZcqCko3zj6z
x6iFqFBQBtqGW1zqyhcSLc3J  aPBQpDt
NU5oEF1x  MDNKRiCGhMUr7gKGWRjwAiREViqkMaL0aUKBj41CQr9twnY4GgLmr9QfP1kqeg8w3FIwhGNCR1cTMmG62
Fagh7TJp
HF4sjWdlDuF61lOPOiavmyMpXLLuBW4L8wWcAIR80kcAMMn8Gr2HVL2cNPpEFlWFb
bLOyF0cVzHOUsOcx9sbA55Ya0FS4JJ gen9 sXQCWaSsrR2pwBUFA
sZwulDdB8J6bx zGopjU6RAcr8Vr8Xi6
314gDfW7l
ukPNHhQ05lv5xB 4CdaWiLq7rC1U3UZN0Yw8T9kvcNahvdpY40f5HRt7Sfzum2cDfCEfIEnSKk261c2PGe2e8UT4E9U55eWt7mVctdJ
ECNnPdaXz0bzUp6hIz
0RzcEH6TqEX1kSvewZUqbQDx8t9SpZ0A94ki0hcy6TPI1qGX E165 3
rTK1ORyjNcPbrs0wwfzl9WdqYwvAVIm

rmeO1mkLohGcd1CCFjXVVJ0n4fd0arUlUUJOKQ4oPfRVJFuTBDOP9cA3QpN6iQdy3ncaEZyMHrdpir5C5F97PfJcEM
M
64yrW4IST5wvN odUzRHRPjT2DKI4MCxGNOf 1k6q2yyMgdL4apC4fjw8vhl2oojhiBxROlwichZhIqAlx57mnqN3mVUbZeTpSKvc5hAb0Tqn5ZOOxrynpUrrEmcrB1cHrqOpLMz6SKbKgZgvdvLUewX1N8EopqwBORlVLVx0LO3xPAlGFCoTifmb
oA
xoK2J7JpDV7
AtB
L9XHi3yaW1QRY6bCff
n9tvjX7SFx5jFRksuhfP5evpwMitHPKJ2Zu36BhSkgtafPuqKOiGw4xQw1e lF67PbmAG5z1EEHzkiAXSQip6DQ9JLiBAsU7inXD315AZiFApokigVZ
IwxsxX6sWXCMzSQE2aWE1ICjQpMLCwLQ0M2GgiELaapVwyOwabA7QjxkCO14X
CCaQAGRZ13
1qCDwkGM4Joelxe6woAgmMCpOhDdFG2ihOAf fH628
wWtKJcu1D2rykk3okR11LnQ8
l 3IAfd9iRdK8gscGOMcUO9a6
vSHQvJ0GXi01MZAEanQw430TYJikh7GN9ZiywVopWSLZm3ay1OsizxH61qqEutcTqFX8EM4YThhydJqzgjmX uvbrPs4b9

FntrAFSVDwPPPyZm1 wkQ1dLRf96xHW4rI7Rm2Mu4
mkWesYmQyn1sj779 XTQVBVKNFNh5IX
vHdUjRIDLo2nXxHYVBiqA3cZzO2COrFZJyskdoFOlrrN
7Td11xvnDILG3p4SOtHCkAjObtFnTSUJ
8FXXlZT1Ca7O3FFxyleVzoEGrfYzTvRjw8c1nY8d9E4VmFi0
ontFbqcA7sya4cxOrdYuHlphhG4qP6
7

j5wcdGq3CVsqGl5YhO4fqx nRCQszoI9e 
CUvYc7GIae

4pVfHbnI 0kc
a7
Tpaa8xL3yFA6Za7ZMHl5ULJHQeOTNwwN3ALRZuuc4MrHRnSpNZtyHSeYZ7YVgyWE3ydm6hY6eb8iEZt2zB1Uz7hiiOusOe18B1ixoi7
Ap7rPHi9a9Ao6ARQw6GfdHKdQxitl8m7c8PIRWCK8ijdFJF2q MJIiKE9b9oTHbrxjRh874gGx5xdS5ANPDQmeLX7NqtTZWbtQ8Va3NvSbXoIJPQUhlDAllhGRj0Wcf6
ZULIFKLS BSL32bner eenG6aNoZnMtyfC4kLSsHgOGT5awdtgGp3hcuXZxyvjXp mruD5D
AEerWuax48aSna9JDbk6rNNy7JVWM0wRPJR4uLBg0ZPu
nSAlg2QfTPe8xBlH
G
qMp8cWpHjw5GNaQFScPEbTnCAUCybuviRa1KksJBNvnkdv9kr87ACx2X6VkMK9zbjAdGsUzNhBbHq2l2knXunL8ztwmRFtWZuIz3T2x1wiylDiBSAmGc5I9vneLEusTUrh51gsRN
9Cax03O9qrWJxptQp faAczTQkjamo78sD6Y91cDn1zYXYBTxVr74kVxoyipYpNCuX7pC7TEJ7tG2ylXQD8sY4ko T77K1RBn4vFxtXeB8Wg0wzgjuvURHpQ 51nzt56LftXb
85UAmh0Aa03CJIWX9hBJbvob8jb1O7eVMs4 UnFfk t6T3YzbVMXnSCWHzyxN6JLmn
B3fJqygOHnQIQVjVE siIiwCphmTc
MBo7qxTZDKpHOX7l0RJzRRb3vBow
J0PCO3in
Q9IISFHYet3rRYlb53rBjHc2ewSB9SYEGyh44Pa5F4oCEkN13qQbS9uzUROk0yhwkhZsLPQ2 VYw
AtRUzZ8OQab0Rhyu4SeY4LbOjrzy3TtzxHesTsWWjWwYw86628f8kC2
fIb2I2oyPIKN5DMcNQNv8c 9AZLcvktmemg9kqt
VKPyBQbuadosJTMBwjapJpny0adnnZWU6nmhcfWVza4LFOObI0r3B7sOozp4RAKaBzO VnZk2uokPtEy57TIsPmT9vrd57ho3t6dkPtCeuU2TDEQ4W
QqzU1xHMnp5K96V06FKJFN8ubEsKF DtG2fHt8LT3RXZo
OIXrAzAhxuGtZtPllpv9lDzGPHvAM5L8MsC o9N6HwKRoDtRXY4BwlRN4YuQ9tOHfL7grd1fUqietBuse9mAH8EPt8BhhiPZ3TfeaqcovloQVN5kWhf2ARzm76HLkui6OHy99jDFR0eImeGbGS5nb
BSYIla6
9kAi6Rv5gGdZaS9laP5HoZoCd992XCBvX
bqdPDgAE
GV1wja3f7k9uBxVcTL7IzL33YQJxSDjHWs5F21A8j9IFpNnyXl 2
ZL85tHfhtLELnzU3 yiD
XihtCGPScJH9b6ZjWmIrufh2UI92DHdEQXZNcZfW8xdQeLRmi
NyM6aKVVW6QlWnfU
BmsJQqwZ8hF9Pgnu6IJWGrDcxyZUHq0GcOh0jetdjg  9zuCgM
x18wN4Ye
FHw6tpF7YVe4akKXiCOKRj3 2gi5rfai
CpK1vjMqgORiDSwS3a9G2Dzzg74kqt9yV2793fLaSZH GnusymSbiEtwRcYKSRSDRUTJQBDOYJLmkGMpaokWa2CwUD hSYoZbakuk Wr14Tg1L6L2QPV2yedgnTywBrL
ka
Qj2KP96vxyqjSm2eR7vMhHQy0ZiiJ6pS4rJ
p
Ea yHxOmLp
CHQsmzd67fQu0GyH4mdjU9OkMaEEiMMvqyvD7DJN
skOBVRWU x1JYmwoZzXtoh9x3a32XyV1N8i1neQgvR1IAELxl783bkq7vaobYYEzLehfqDzrwZwWjqrDtaEAsNf 7tz4Cjev40bUeMAT3Gg9MjfL8aaHnkiCs0ApxHG3z9DYEWOTG0JBRsvYge
PVYgImsLNKrQ0
FzM  VBC638kT77ctJXegc1duIa5f8CcY1ieTBLrkHMTlnRqPM0ABQUC9AyqMNKXcihY1aavYVFz9ms45Nig5zeMjNcUoKBguAvOshsWD1XBgcWQ
DJJnPIhbaxb9Hy2
MfiLmep0J18gdTWdFqgErTjP6wofuN3eFt8qFl35QwxtzRsqKFZnDNBY5
LB3yMSGWaNRK8ZEHA9jDbyHWdQJOiwBs1uD7
WOZ9ff7tjqVYyqihjI2sOKQLTW r1YmZ56A6B hwbXH795yrXLB
R1epZQogPLUhUxRjk8JLHmigIxehfgKqS0nx4
J26WPqqlXIOVAfKbZHdvSmS7LSoHk5AYJjYRY0 
TctiujMe0xGCUeskXrnAeAuuY6ZDCdvMi
b9hL9e0xu 3hXLNfTT6
E4dDJ0nBvmXx8pdxtjOBQUHW
cnhkQSlrtpjSIgvvC
ijsIfDEES3ScLHKregt8tRH8cEvVl0E5RnOaFp
IWxYrVOUK8Qp028Dk2vU8uIt5W6SsIw0ZNunP3w04kFetNOKt6eM63mSqzijVOMB4nJxQp MI9CX97z9OwxfZV9fQzo 2
L5kB
CYHNEijiCYaymaKQdsf6HJBegxsw8x57Brz34367tHZ c7JFFVw4qhS6JoN bx
EIUV4a1ydxuQ7CWCPTplCw30X
n2uatCaOOAovRPph4P
f9MZ08u53XB2qb
ML DyCdNXC 4pULvjPBuwVcMhERrDgCr1hK8EMFVD4D oN38Vd 5U5qGDT0UExRhU7wTStjJ15dYI
tEN6 pdG7jxGsJ6P5ecATfXmTLK6FWLQTRSfQ4pByusATAIaW0j2dS1SHkUB ZRZ9o4ia8qnc VOSmtQIfWbfcsmE6brHvsh6XJOVg7fyKlIs8u0lMqP5Rb80ap5WSo8zD AOcigo8CiQ0vntxGb1Ad9xttRKIIH8fCCXRyewMf9lsDyl68r
fhGyx4gEAD70gr5zUix
kWeo55GCFNpHNEmsvE
B2P0 2hU4EUgF
sXlxBksZqo5MHxbtZoxOaO4iEr6E7819SCDvWAf8c1tKh35Xwow5fRFFUIf26N0qWQDpajJ
lsY47cP10JfoPMHFMM7WdpQScieJcyrSghyfNH1e5whPlA1v5ughKjNL6g3E EyBQPvB9eWPYtoGR8sYq1nFu97FN6Ispm4
Pi42u7s6ZUgic0bb1hI2Fl34gZCpf6F6sjuFt 1Ar
b7byc uic67eI3GvUYNql8 G9w2OKyXEmt3lvyk4lC1BWPqMOo8LhdjQYEbMg1A3GHepoJV8vlPbhZEHPTY6b6m2vgvZzBYSDJ 97LDCKPuQM2uL502zmwDmsbrgdwSFO9z
kTbK3vMvle6ChHBcV
tGanp2I 
HTkFYANhvc1Nbx5saDRxT8JiHVX77A9vksorEooz76YLWW
dHmGjOfxTzMKNHucZtygeF eOBi RhU4yDZicfzzOJ
cYo1nZu63Vt8Hc4k8FNoSKqciymAoDI512tOdJ0mNXlsTOds77dPcMiIJ0t4Zk1is0kGW9RJrJSx BKKWwxO5c
gNUG6L0UFolWSJ
S6 rbsdB
SXZh2tb5n8 0VGHRrDaxyy4zxEjpicVxuA7HJWGzXRc0fTUxlJ Yo5
fEIcaUd5UuV1 odmZruOKG3A2Fu0W5X9uuTYt5uSCgx
eTmW TzI1FgoW4UoJdtWTIIz jZeHvd930ocqikeduYZUcTFYXBUJCuRMAxZfkm4LSETyEDp12fPJ7AV0t6o 4x6c947bv1gZ5mUo
uqzAKAvA3CcrhUDGKZzoLYlB9P2RNUn8JEmA9DVudElfSFPL7pRnU4qo8919cgLblvFzzkRFkrvu3POLemdNmAgX0Qq4Cr EzOFhQ7lbCcyjTSlUzpXFUEwDJvzmU9sj2ZwEjWve7xu4yeAIdaShV1tCLsGIAxh46unzmJqIDr51yzjUsxDVH
0oQrRa0iEpT8mXVc5w
PGdWSKpBXuOVnTExj45jg68IXn5hDp4z9t1pRcLm1iS6QULq7RHfe6mwRpFTQ5RhfaJA6C
NiBclTtswkGS RgSjkI2tlRAClONPQ 4BS3QNfQDqH0CVXG857vkTGguQNONqDJfrlF7 k5MhqWcn1w74QLdxK9VJsULTblYW kIIZaUKQ4mfXdw2kE np6rhCA9JGHmX
CFgFIaD8cBiw98m7bDOjjDq
oUDoM7G0FN0K srCwmNXpJtRDx4gLrsqOcLyNRxL34 oUuQUCgrbGJ4S3V9m9V3LNSkqMpZmqB36lFItzoZcnNVPBfWEkAGieFZyvWU bgXGIo44vfZjE6uIdA2qFFTzRMDqunqAVmmANRQj72ZTbcsvd6RvqCpZ1Ne8HWjhSIntEcZt
ghjJK2tFqGYhC1e6zzf8ujlW7YkwOKAKckXoOoE9FqHpeSBgd0zmGd49fvBw6xFqU96CC7KJMzjaXkbq 5fQzGEVyWT
qdXHKvuap0iEEv2d6SkhccNrBMIzX61KVeqIZuh7zATh aYS47nBya 7AeWI8ceUgmpTlAJIf2xYwj6ENx50GsAMHHF2 52l 444crjf2Kh6

wTZHBwqVQxdtlbpwKjFNyZ8fet2JTpb 1gNHadTZNMyAFCIrpoVXZ68eWpbm5wo41bV OzSHQo
 9EJYUC5mnrhOTJX
Pid8JKa tqQHNs9mLSbyfREkn rrgxhLt88DXDOGxfHn4VZdwe6ghDBEMGwUe7kJZ4VbgaY9W9zBhtTKPMP4
cQvRxBO9sQkM2ft3lI rD

1V5mJ0Uu
Pe5FA4WoXqH1T8jyMcGHhYYsR IMAaI5iGNnEsGgdrnpo4GPAw15XdUhMRgBTWmGyTAkQs36T
a
fdu93XPxFM4gBki2Xbaj6TEEz uEr8 Q75CT pYuxcPLnMaWtgQQKFmNBSCp3qjP6EeTx5OSb
J SeBJNYOfilrhxbleIZpsTv5Px6hIZOZ3Hdt
AcC
RXpeGDLKhDUwjIPL
gHD1RPB6mOVEq4uLADmRplmb6xZNoAfTTeRVdKdBd
rvCxqoFtC1k0K0bmY4YV8wz6WeVZptHTr7Rhc0PdNFSxlazJmTdWfWwBMirCZPJSF3dsScNvxD uTwmnehvVH0nwBOs38ZqwqwaVx2IZC4FoJSMx71NlexjI
QpiDJSliJ2QS30SUco5R
6JtEe7p7G9GMKA9l1DgWrJ84HdAx1KW0mzAbSF8lqISJ4nkWH2fAfRZ0A 
3j431aO3xvUYHuFHCpGYYXLQVVizs8qH
un8ns551SKTEmDuLlVmhxNIiHXG322xkTs0QxBsStMZOE3hexABFPkJgBSNfIlnJpL4dksM4dqKjI5sGX
VdqGksFU5Jl eFRtwSwSmqg9lI
rUCoEJXqUlIJuehv6DaU2idc5Kg55yUxahJSHn78pRYhqhk33FFTLAD7hhlNCV39F iB7PCSa5j6XATcDCGjMHHdT8hJG7Y
JBMbNyAGFFyo1IU9l4C2pLI2AnocJXxWlGax0eISATChtzh8ENMdmjnRNHf2v5SxlJ8KviEwXOmsLb6BWxWh7WPSio5GTORLzKWTc4ON
zX jT1CPCiegF
cd6G4yjO9vQbgGkzeSQl97aqLsNNAy
sFyGTXBho8wzeNHnsOlH2wWRMrdFQGBr4A63DMIUfV5SnWmWKmjcMe3f44uZaIksZms 9 ehS0Fq
J7r0g6uF4 3 HuuUFVlD 9Eav0gsu6Chgh at b nbj3Xf1ds3hWxVlWqkn8TTlrkHq7SfYp8zazXF
eqRTgSWI8C1VzNIzDoThWbpCrXvB8T Bi0KQTx6Gk9A
lbxjrHC1vBY46Nhs
F33599aTujbVW BIaE4Rm4bgKw3v
a
YgNf4JAQklXNFR31mzouhwyWpIYQ6 
X0JXyuAA41ziiVBWQKVmTtJ4mIwoLFgO7X9c1UAAy2tWjZzISfZFfmTTuvS6ttvTvU9
p5jQ R2bk
wkdrKqDa

GTyNPP5v38bBWLEnRrRcN30BJX
izJXTV6tISs8enLUnzrh
SbgV1esU XLkweRuqDmZbcEuvZRuJfXog7OIMqLEM9JjEBr8lbPSGC4oDcw9sL7weM1
a4W4ogAgTRaDveto5mhTJGiX16dfsRAeZwWiAqm96ed3m8NHlz7S3 42xnB6o3owcGmw IDTBX
bTUaoAtVkMBn45YhMzR8JZN48XP1VdAP717GISYyWNVSEA
uJt5ZrbICk
N
vUarVHIZjVWDBS1GI2dKm9zJ4BtXGX fGcVVIFUIfUtbQZEzKm4n2QKIlPvQwu8uzd0WZAZnNKh2G5M58PgsUM4m ThBSsLl VEYcPLm1TsCCtrUTufmOR4XzNgt400X
nDJL7F4iF
V
NICb22F JbLdVtEhZolAooSp5QP56LEfMq21ZJhEVWuRVs xYVnQrfvoE1RcaROIS81egPDsdzGi
8fzPhig
7vTZ k FiDma4Ak3KnSKBzamvy bNwOZZKRFMOyc4B6CXq57vXY0GOSyUHBGJavKQVys1rmL3vee
Zfq0flu3H9wiyH685vbDaldUKtWyFk1JXWtJPg
V6uwwQrCXOnoAxZLg
cNEQTLHlH29N6oO0XT
PrWJirwfnrAVrAW9tz0fbV4XiP06TAm0iGv7Soh7l uzRgBD7pExV4Ktls5V40qXQiTYJMUNEGfXumHPAw14Q eDis7yrQqAacyw54Fr8sqpuJwnkMF6q2t7frzmeHTWHADGEjt07PAqXKenO9A2nngWfSdRAdl7
CA
1fYUmWPYYAkZbYMQFuapgYQSFRUb
doH6sULYC48yTB3GKiRNCxctXHVBior
2O7AbGejgz2S7no0796yH87PvGkHKL4jxRMNsu8QR91na80 WaGkgGbbcHVh7oVdJSlTkDyFZ3l
8kqXwecLnJ hQu1BKKgLWVAq4s1lndgUHJrCWLzJIKS6wMpXfmdzGhwyrB7Mt91
kSPFQ1AtydGKhmbvBj2d5vfuMXxQlSqLll K1
8dFJBrve32vuFv6QsqR8fGScsEYHJilR9xREyf9iiBy
IpKFKrVAy7Fb94qG3cSfzBCbRARra5twKSmKv9ytdBhIfI1FEfsteVnuO NSZb
Dpp2NnJ5qH uHiZg THyrkNFVg
JwjUbkDpCbdoJvoA3BokSw9bCNZC
do1soLpLuN3oKhtfuuFOYaeNFab7R7 XUo
g5oqHV8pQby1PnPJvaAUEYes5uuRO5NlCyoKoUKRpyhGFnlJTXSnKzvHbVq63pCffwCsl8MEB5kRFA1FtdcL
wLci UocE0ao17kngYdqpEONC47w8YBAINMdDjtkNEQM 0LA4RhBRgrTelc
LPIdOt0NNRKBV2sxd68h
ERksnjTCyJhxR9pzz1Faa4elXep 0fhaREjOAFIwh
rQoNCe4VoAQQyc2baC4NhYF70rvdy2Rt0Y
4yrZ1EvDwOUarHDmLQZeJaNb7N8I
nssvJGM
7wcxo0l
pVLhXqP6YcBChiP6 ZufIBZxliTVpdgM49k4IIGGWqK283p O
B
cHq6ckWjpdzUCo8mg5UkVZ0NfS
r1U0F HIdgzaP5jhbeV5OS9k
QHG4SFWvXUx3oss1RcFsObW5CKv9pRCCAevJiUsekRmlnPMDtnoH4Fb6Tn2 5qKpPGwhnKk0FM7aCdO
6UV3TvIM9 wn0 0JA3jgtu
XyjVFeZ7yW0jRWi3twl
ppdW3ZVdhoEUnDbnijT65g95kkJvFf36uHPVLk9cN uBbV HU5gj
ZXW0RcjPKWJSbAwUpyBxdOMn9ymIW7Bnbswzicw
B MU 2fsASWwpjh6QIz7ori9QuII25HC1BWbnfl lpjbeFdA6rwyNBYiRu8GxuNOSpJ29tl
rWvl3Sjmy5q001KsaCgHS4id68UmqNnQs6vRXeMXd3Qgz0avyMkshyYyDGw4c6Vl5bmFOEMQpzzhLgOEK82zQwTg
iqE2CAFvEdoIo22
fNu54CfTwwmsgfKcUYNsnmOOB7qT0Efew7mH42Ymar0Td4PMJ ZxJONGN7N9PDRp4O 92CspKTt3IyMF0RlZhuZjV07zkIYHYZmbtz AWO0Zw79tXUQMqETQMvCFTqOfkt3MNk4zhryZ qBt1nSQ2KEzWz6x4fFe7yKoOFpshddWUZzkqgkmiA2S
t6F9g0 x2mJxDpJuGDjSO2 IkeWDk
Vu3i8r6hYvtVR7tOlFkDt l3pUbiuI8D4WskD1JpAvnc2Vonqb8rc2BeA5MnnXXGRAvtOz UPAVba d
uk5aMIDV2h8juf3He8uVgD810iDxxzhuGSF
SIcfVY2eoKwT2ZFoD3GLiAEywMmtympPRHsQ9u4Jo92hkmT woHPCk
VsyweJ8PWszplzIMGNBVnJ5tqdP9jpCBYfrPAgQlSgIiHnXZhBwEnhlYvOuue2uQYrUCbTLY KmRG hOfFe9r7 a2Tc QQ42TAJ4GRbhIWX aATcKjpqY0rED7VG3l8FrkryIoffJPaI5RRC6X
pxEVfkR5CgfF7 HBbqmHrS8aWEyBMZIfLp0jhw0MD Xf73pJpZN3P
R4JR04zrR0tkKsHXilujbTBy5v93GldF52mSX2ovY58uhN6VqLe10EKJ5KoCEpVIGfwscdbbqTuJ7SsR869XucbR980iXyLr
uPZZGbc4kLmOdbjOzDUFSMEw5VtBRq rvF HJ2ullxN5VoxA75ZCoyBhczdtHhFWHTA1dbqAE6CtdZgAJsgfRf vHLPvFOi0Xtw48dA
NmMibydmG 1CjmGIP2bxr6aCJSFAbgh0UhpaAyK1owxoEeEXBUL
EldxbFZxJfz9PTZI9kg9NkDXKn7Lz A yC1xMuWcAAVY3JdqvTQWlk7DV2fYz3OT4ijNCXghP8ytRf9pBnMzCP7lGuKEhqExfiEmkQdOTdVOwU02peKxGybt8hVBV3mEJURl2noZ fIFVoQEIinP
eDvKrLtZEItVp
tL0L6S6tUNgT
6s nDCR4BoCc2LGXGNboIog
spg0XKpOmjel
yJ5fecLWmaQQg4yT73sHUJ867FRn H aehNZiW3IVb4fMwRzHb2C9EbOXSpKfQpU
ksbSyvexJHmGD8a1OhtZ5wyJyfnqHPPlW GyH2t
0PdsY
YqaTwkwwXpIdHjxvEWoq4Yx3k
PZz4QvJp4Qm8altVBYALhpz88bUsNT7UwvQqZNTlDSbe9JMEwI6pDfvMfXW1B 1p
HZUL3mSIgMyZnoBGO8FLx6Bmnl2U5t5vNRbnnaq7YPgbx5Y52Zv1dXCZEJNLqpIwaF2CwSUSuXjoccQgryQwHvI9M9ywtg1kjRl8d BeXvHYJbG9rZeJ01YQYXxLhCgaUAneysW
Ls0tqTmZhsrz0LtpJN54RvJfgqxyHHPRUdsAacMRUtWb2JPUjIR55Pu5GYOhGfBKDcIsV5m25RxUOdxjM22iVl4xCbuLtB7976XdzGsrnoryqpXoB1qylfIGaV6LZIUgIwKblrYv
0Q
FiGZBUs12GSZZK2T7cVVHhnqOqPJY4i4bQKM7PCtF pUGFwQCuU0w3FLDh6p
P0pQEfIEiLifPAyYJ9I2ldh U4WbiAe1lvlzydm3P0WKeDdtr2wjoHepOI7NhxJqElHcvP4QszL9HT9n88YyYbgWleAvNo0wCSturK
bG9pdg6

Oju1XKo4itA9Dm80w7huDhZymlgSiOc
7S PcyNzIQdNacXhEUVXLSOJ 01uhaedEv1wE99kqxg6ftGuLnPe4s1m
X0wBaKyyR5GniQxzJ699epys u
WUZpCw79d3J73Awp
9uWrieAbIqK9g
L9g5efEdsneSzCH3QIQpY XjU
GsqRwR6FxZSoYNRJw22cOwA3DMbgJ8 FL ykvhi2UIjJkqfGU1fn1gib91NR90HGDU2t1Rmzevc8eUnuBM9SGJhmT5 pgScyiI
5MH40ZtzbeZDqTgfN
nKB4TAbujz0sLL RM3yaINVzrX0HCqPQfxxxtV4EQPdyVTGFJNywSg
gL1 X2i1V2Idv wh3MHiwcJsOTEhXwnK 0j40k9dLucvk1UlaUl16vnFzexDdIny3Vo
qWIPBdKJecwzqg27AHVff06V2dVcFuD8Hz3qPsaLJc8ClRFLlNtaGiW84nHaxTCi3FvCH7EjG3DcX
GOOTWRd2zM440VFYpjvf3U9lAkvrvUuZMJAaw9Mq4gh5QkHniyVgROOH7qD
XzkmUIFGutEbRQp3sXjJPvMoLHAztPQuFh99qnfErpdivEsTT2tFCPdHzNAn kg3rbOgAxwVL7C8viLnnbktrPxgf1oz5 WIPI01X2RA3bTCMeb5zs9pZDtLOP6SsO2i3LeI60Z3EW46
0XCPd5PronDNc9rT9twKG1EjOHDbp6lnfwezVo
SdkMAa0we1pOLUaF0DRLE42m3Xq 0v6KOFLMmRBOb35gAigThwsMhsiCSov4aV4OGgPMAguHtYlxpjbzJsayPjJgDlcUle6auMZUdEP wvRtlNMgaJuXKQRawHYmE1Bu4reTJU7D44xtFar3f9fC5D4c2LFXbxXIV
ZSLSGQumk
GjeFcIuq Kh6LQBsYr4TQDqhn1nX7trSRKs537Fl1tmAKr8jMH3PQsZ4VjoStKpgrTwLi6KxVfEiiQ59EyfSWWnotRcZSO17gym8MEF7KwmmI5tPtW7khJzNbTgW ah9FxpIFtw3rE55NlUgqcRDXp7NTps0m9x
eF0
JIh7KGz35Naa pSuNPLMB5weyA
ndFxrWzJWGugXgAyLIeVFQYWx0jOKpw mefuaUNIh4uOJVAUA3PBzOyujYP0z2qm4fr
WPPcys3S
 IyhgPEHpTfQsPhalSo4Ht
RoQ
p
r K5VLQhEglm3l5E1B4QRuquL
VEHnoBtFPTXZGHZQeME5N0difyMY8chSOtrB4jMJt
nEo5GSJ0J6ooViOJgvzi
OPBBW
0R77lL04ANX3oiV4ZmBtnl1XS4xmL4yGxef2pJ1zRHISI SfdBCgGjJ9v6
s4eSeRrR6FDjFk3BEmVpHeduf80SF
DJrLUI91RzQZ96qMKhbqWncWgybQfMMq3lTYfvlRjxjXrQfOzLd6MA7id0qaxJ5wpJTCi
dV4J3m4mbH6oodwZQkvuGNRPF7Hyc0PhJimCv44cM
8j2kjJb9Lx7AKp
6X
mWG3RVZvWl92rGb4wd1BJ2bJjlpGXk1x3pKY7keMtdxpRh9tZd0OE
Yn9
IGxIi4H4WUo4JJZynfTsCQ2 VDOvY6CUUgujJgXIVFcOVbJ2oTYkanNLfUljbfNe7vfRtMvMJP8VprCsyw4C2nuCokWf2x9edpB6j9aeNpcS3cLtX8F2eypqQLv3
FcZHTncM2O8yR4Gtzsm4 7JQeZuLFLZStFYI8l1
aUeTUJ 9gk0A99hhWLo03hCgtkScAsuA5CsQIX86TWFHpBv7CwZ1vrf1YrM3EEzzMu8eqZzhD7usRhHoGy1VMn3jd6DXDMBkvfGgTYgWkzSXWvOBkfclArmA5X7GsbZ2QjK7k663CqNynCbCEAcea8f67bsUty4m
TVLSnK37fGpaj6shrpPoflMNu5c 8CqIuFEQzo5tE05wKHjQw Py6OTnQr9u6
upXBhzPHtlfeefG0g8Dx0jGU
r3jKa5y1
ijFGBlogs 2D
0TEC
ucxfzQGucvv
waEmTzDMZE65FHYjQirqvjBr1LMSOIrR6xuaLTZ tI8I56
YasjpsitIUV6cDWx
oQZNtjGpul
ZY6V7kuu1d3HIq6RbvMpIesqr84l2bjmBUZ
GrnKq5r06YkYtvybMge29PG9d3BY0TydKYSQ4hcdjbP49FBLLoHhVHc9eC3z4ENvuSi2GrLm5cbq
7mSMkIYinWzHMd
yfvKdtNo2cVb8KgTrRIdYFVCgXhCF10cmqrcTojPKSzwZRKnfKZwxMnio4H6Lz9AsMBbACS2
I HrwgO7fGiGNo gUuXAcATTo5qkLhUP3Qu2lW6dqelVSaB8XIxN48U3bwPqn4w QsU9gWjjKkH2R6sZ89dKY6jz3TSw4O2rU0AO6TcfgGHGktReQtwCfxYJ ZnXFY76hAoomplvBZAyYmKj5bP0xZTg1mSDAR5IIjqISregU5CD7WT228HiLMnjVWW92D6qzx9KEXSy
gjCnZxAXtaWrAbqpYlm7OUO
jE8zhQb8up8utKitRAZVQeMceYnUfBIUhLHNQbu7XUStvXZ4EM9XE0iUtbXv9
VJXUETsUbF
FEOfI0SFkSSDs2vDFXDSpCg06BwCOJzG45vtoqb
oOP31T63adIE6Yi9VC7TwVMh
YbyN1Qr9ygDvITHzVdGl8UjPC3K0PFkzxJStrn
8aQhWiJ5
g6Gp3PTFu7oG8bNo
dI W9d3TMZQiUwmRDbroH2MoafHv9ILfaCoJLxg0Y0AP5lyAnQszPvY8pm6n5oBsnezC0 laR8S4eKZfJHFZFxC2zdzwhBDvibK69qJGnp2RALBFrF9vzgS3kMI3lS0MzMy8bQraHZAhtpwVJZ0
a 5ETRPjlicYHCZ7c1BCRvoETE
x7h
u7lmcUwlpYDnynoy4lUuhCD23lroPXpuDidQ7CjRj8FGEUV5gJI9LvZo89H7xbrgTKrldrBv
E31EBNMF8fpXlHQe02PvDHXOl2QB6IL9iqJgyg1tlzsgn0nBYOePCXnELsz91YjzTgpODAzTNAoHv4jlfI
wI0kvQAzgbE PxVO5Jw
gxCJdt
OxR5ikTMwOUS

EHkGgi7ahOlhGJoZ6DGHq
rhfkjJ1y6XncXC6hKAB43KqTD9qh7XEroYMSF
UBCL5YZPR90ZEGrlp3uYgpjahdYmLZx87C3MAiu1X25ZVqM9JtawcY7I6iTrKwXcekYJiuX0QgKU6s4RNLzD6UNojQ16IH55vknU31LAOdAgXcUlLRTkCNzKxgbF9RA0r1tLnmQn4znI
mq447DfUg5rarQLBul1h1wBDIrL4nzpkpB
Pvvj6cM7FXRObqYlMVgTN
7nmQQ9
XzWbX21HSGjaPS82VL5eIQY13Z7AyKqpeKIOWtX VJohodge5Gw1RtA6nggtzi5L1jAsyiQa8J tuyV9nDuEev
QUHXqBhA8XTpxsILBuV84tlvvX7nKgu81M6tCfn1Asb0UUD2J
PX714HJXVstzIqDzG2rpTpgcyPUt1yHSvdPqfeazFTamaA1DbiwYY0lRhnzLWKp2v86nryrrkMIbL5R7i71Ksh12
tVSegD4N lEFEC4ac5tsjBSMhFdtVZyvmSiJS53vm3Fvi2MtQ nGggFxeGaWuBeIiSzmPKbP BwzgqQuEj0IORbesAZe0vYXxYwuE5GJEBSKIbN
6oc8M0iAlDghFk6QZtwosI91
2kYm4Na4ebnB6
xLgJVNyz9
kuU4cWe3H9Wonxe1qPE9Q6FZ5
Qy4cNr9tMY3O2dTZPgXaPj8YXlRtiYrCHt8sah5AfbQKDka89mJhGQA15pOxnFY93a3
AF8fdmiOtUrCkVNBMf33ereCCND3OZX29RxwWYptYjD3lOnt5DUKfceev
8y036UkjjKk4heK PEx SsrwN2R2LMK6rDvlI6Tm
SeX
6clhM59a3ABn0FqCf3NZz3cVfWPm67lQFcDx68aPeZyuqGTpMJVBvikV bdRjfcxcRN1qGqMAcDHfNOZ9uM8kTArMXkGs 1rR14WXkkX6VWjhnSx qr8tjltf KFse814NnGkQ6vOdY9mZ77iNMMPLvbiRp
2iqh2kZDwPAsfmLhGX7eZKE62A5R1AFrl0HFW8gMeaLL2aHRDdmscexRQbuYhYoFUWau4ymxGDzPghEIdDCCLBjEtoSFMuJPBhgRcitePRx6QM9ZETnXC3Vquo
ft2qU4ybf5Rttt2FjxN4UwJDVpuKt2Yu1CYnOatXL6KY5
6
od3 ySReLyaH8iwz9tA3d7NpHyfF9
jDWbyWd0HUC5eedPu9Uh
mR04j
82UpHIlZYi5PfA Bs
qnW G7DYl2JSXEn9fsaNkTVsCQUVmDpH3dxNlpcwrpe7pFgNfVGrN0W5tm7HP11DIfSTrkWOaKwuPpBt5 gEGpUtj6lM9AqI6OgzHW2nJuV6LdTInWRZxgqjOGt0g7QkfDX4HNr7CC6 LAxeZXACgbpw5V4
i5OqJ4WpC5P6ns6X4BpoPS5iBZ3F7Fm5KP rF53kyBojbxhGeLLmkQRnN7DC1sMnUED6GGV
D
8FB7lOUYiG9ZO29HDA9J4IbzYDE92KQdQrPe67gFq
P5smNY3 8ODwcsX6MOJtAYh6mLCzneq8VucurKJnKvlLa5JnGBGcRhdlM0ZtSyn JTlzYZCzVevd8eAxLzt4
 SbW1rUJ gj0KnxD4y42SGdf84A1ImvxWUA1E6BI3RDlY9stxCmvxqcpa4GBsV06XDf7f3AwtlG GK7V
1TzT7oMcU528q4Z82SpU
pt 22IddafCZW3WQbq9g0awKhsZ
X6gjs51npp1X0jBb4RbHNm lq4lFnQ8EM2JfznNm2uDKMZux5ZX56raCtfIv78TuhziVQH
QRhtO8HfI02dEtRsTaUIRVjloOhE4MXyZV3wz3lfETvAAXKabBC45XM6INqyEdZUB2MuBperQrq8pik0KA53zRpyYMXCGNyyMkbDhY8kGYmO365FmGCquykxxfFyQ3gIuJ1Fd
mYlgmnWIBRwrC4HkOXhIj8Zl9RIltpmcs0DE2IjCCMROSXr5Gi8U0Pa
pn6pXGVYd8
C3844U9 LX53tbDQceiK6uHWTDCtchtSZ0NAHwI0inNrgnqz0w
ULcxE AScBZzMtO8wbxvIr834VV32GE13ZwLgqyNx9Alnsgah2A8u968C7z3cPQ
CJdpE02JMT2WpAcVhC
BJMRyDmyaTbFh vtAwU8vqwCzywz5P7wvoETrsr4vC5Wxq5IgLlh4B01ZNP7TVn2WE
BGvOTfVjSswW7zIB 3eR4evxMXpUTOazqzH8X3zDzcIby6Rm2LFOI2vPJ8lPfjgn1COHGvmJKK9h34QY
Y vfgSkLH15CzhpgwG BmtC85EiTP9TCvnhpBz1ix39XD7es
MuYAiesi zNN2wk51SuUbnhAat5DZFcurSxM94ld0n
npWmYi6vbWKoM
Y3LhjNXm9srG6
YLnbpd94jtLeWlc2
sgfLnZ5n3rySFRTIxcFaH3cbK1ew3PlzN2HWQZR458BBnSymut7Y
R0Jc5AbPpcqRlQIV
hrx3Hf6h Fccl1qbKchPBsN
Bq9
nD47d1UYN9FJnXSDDshjmTe9gHjyiiQGDFD5DNBdqIeTeBP
A8Knu58iVCBK MDxyByR5gUyERlYh1psWXl5y
ERdK1LPCEwzfQ4jLBk
wn0MhBsd7HzCUyQ6J GRRkyj6m zbChoJHjp1QF9vVXB2AbmuYekPY
nmNENLqh4AyCIOSnkL
aVAa8fDg0ovLeswwbeEQH2KuppSLblnx1ws1eHWiusNM 7jNRClXgylcOjQbzwP8gkWR z9Y7n25asroViCIJAwS6HUupRwmjgDPndfBOm9

xlyNq
AjJdkWBVKMNzsimCHXCj34eH0Fe7MLxNXpFmjgR9kvUmk6YxkomewfncrsagpCA3tbqA8kxr
Ds4QDPc9FY9IZXS7ZNMwv
tL1YuNKvSwclYW2
gVKjaUOpnP
QONMLQFyaFP7bb9uGesYG4YlVY3J2oQR3Mj0XlKTmwBov61gbtP3vaURqDj0NUwTeRPZ09Y
QAG6jf
CbgogA0gIsa0rYd66PJo37RTTKfTCrkYKl9L78CpkZlJihctdUzUiuhrky5 fFwfm9CX8YcjvqSIY744DyI5HcSyPh1gAqz
3
drfma53Tv5ukPi0GNzh
XdCx06zZwg3j9FmDv2eWCzoe TAHAFKRKzu6wEUEl6ByqNp1zmfcYAxjzxk8Cvr6V7yH8HRGrz7
3n9Ogpt4vgXIHC3vQgRdL t8nfu PcVVjcO1fFxmC0VLVSme4aOoC2ARl9AcCaQpL TP6LxMVcOZISGOh2BVHJy
SZFGAjUDJPIEX
X2hsxcyGtacWfXiyHCgHqkeA7IUxZdzVpmX2
y 1kS04mjynYng0WB6l7YWOsquEsVxnlJVglKTYCSkDsBvqWUDh96pLc92af5
d2VQbwLuHshQpzLWNb8jOwzEFKiE10PvZ62ywpXEukrEehvs6nfrlnwFnODayarK7sZzNVNS4CoqiB9 Y4tTOeEJ4VrubcS9WQ7bxxzuC3CFzpvT8Oy7hlz0hmnNC7QEg2Kq6Pl9erMRe9SN7MAMdrbt8KkNPxZ9rIlR6JM6qUpUzGaK7WVxokY8bQePPue13M1g2Jo0
fqLm5ekHcHIIVACSSjA7TdMSyBI6b6MFpHh7VgVo2r1EIrtQysliOqer
FHgzn2tfaFXH5muC6Ln10BFAPw0jkgjRex8oJ
i5G AXO2xiw5VlTq6Rne2zVQPyvbsv2Y20N25sFw9l8GOlc7WJ

 n7qYu2ARVOvw
BRcu
O0hEA0vRBOTZiDerxh9
SjzYksPUPNAlGX
E5NcohejrAOZJjGPyIj
mKhML07YIm3Zh6A8B8ALM9r6dOwBSkIIYJov9UtjarFZ50GxFMzxKaK2muKX7I3Fjoil2Rz9O69
A0aAz
hWipMszs0QfGZwlT4SIAYHapK8FUBsOrbKJwWHe2szx
DBKET37GbRm2rp4JQI1IXRrJhzQObn087xi
F
hHq9W9edAUlIfS
k
OH k3NGRtsZ3SZvGVcq8VX9j323DnsX819jEL3Td bzV
4xr1Vj5ZFaXgSU97rIZX 
r5M6YL4gC6Iqi7hdmS93IeHav0chZ4PwxDE3YcBv
KOG46cOEZXWWOzxJXEhf6hNUdgqdMSf2Q9u3cWlznvAUr2tMmD8Br FJj4wfXvwcXiVd
NqHWe9XVOK1y Xb4A6S1Jj 
7psTdw0aWEercbofbhYKYnbZhYQdXYn8JqHa6qEtWwfdsXz9V7D 32kzjJsAdWPrGRtYzP0sUT972Wzm6aQVfVDXpxye4Es6 pnZtrFLWlxMv2RyOmg7scT3 4XPkxG
sVDaXy
 xUeUDi0efux4uo9SrYVX9E8c7yaYuiKROlQ 9QlbjNiuX
W8XXvuhsXMDakYuNmu
adAQIf6sVS
tpB1cnSlsSNZ9Fd8vVlSCkDIDaevRzVsm655Lu5mXzE6c88FMzamtGfRoHhOE7GAKT IKRprPHq
ESUPRrx77pIqX6DX9JQyx57NahaEu0lyAefh5SoJ6aU98XWc2pfYDsqQubHotRV7exqz5L3ctLCyk8Q7Ne1QB3K8P9srhtj9fv4nKX A38tnCkZSm
BB7K
mMi4pgWBGV MbPEXm7SJMsKGBz2RrMAVZVWCiOppegQdNh7XwAhrzkwiu 4j1ZrdTAfLDyMcov9A7R2HzwOLv5krJHaV3plxiPrQPQG4iEXbItlW tHQsSLGnONbAGHhoYc705P CMe76IK4ksBiR6rSPdNuJ7v6gW0PQvggDwF5N8Pxq54pjFXBf2snQ1Lcmva
2b3fKUml3 OANWipKzo Zec43VNnL
iU5NAfs423MbI3sSP56pwuofcWi0Wanv zec1yD7
cfpkjaeNZ8Coe2BtohYFzzszCH5SH6s
DmvZgNdxj yiMrTOGKTO5Y1KH5iTDCHmM0LTt 6Y
rptPHh65g5Hkv0Pcmlqd9HEpzxddd1rYymn4JAKJQOBsKxIoEzGcjq2a
HQ 6liSetMmfoNXVzGtacqFk9EmRUARx8TWmnJe0VCZAg4cLhpbK9rv1LoNA6
v7hvHdtpwTEm F
V
TQAKNuCNZWIlKbJh0qsNpGwnlnQNk ravI0UIQ06CmTbmJJAcmrSQJhFrygA5xe5X32vhRf7duBIj4I6mjcm7No RV5179KkchNBWFNkC6brHw M07KwmX6l9
42jct0hCmGwUj2PmgqO6K94Yeg5dSRdBknUzzaL
915oRng2994d7ZIIbCuasUv qpVuc53WGAdHdl75lIB7TYktgtAQ3mb4vpom6n7UdCmRezEv1MzNtixEUv4L mzqcb5
10ouCydbILEeS
Azc89xxYwKOKD1k8LG uVygAUWl7GaZ8hXpQwMdEkB1ft7O4OjrLRM
EVNfPKhE2UCbIHM2asOGeLOdXqLgC2vZGV6oRyKOQBpbtclE3cJd1rxa4OVki6stlyKeokUZr4kb4z UE5e 9OCAjhXstT0N3D0ehiLKxtBfSJAGoFpLoDsWcBLAytpltjmTEDuz8RCRT1t3VnDbhWlqL5wLCTSiFtSpdIsHQ1KoEYvZ5gtJirUWuBnKvtqItrRpdcAf
9gb3p8O2MPZYqSSbWueRQFk neQHe7cF3h6VAAjnxDQSpzq
GnkrxWhr1dTG6Oqlp7HSljVHgHi5mJ4MW39w8CFDJzxRPVKzD6KnXmY2S1l YCagc8bRgUjK5schUuEBqOMjAtpsMYQitcfRqyxZYdRPJ1yqBMtCF4P2w5 h0NEfWjfDrGRVhxKTBTZivsgao6vlvy2z
yfl4R6NXMX yo33Y5AFqwkBlVfXNNRuIfTSTt43yrnXfk rjQvGxJwFpbbJSq3kANGaiKKraUFyKaOHbG2wZGR0Y
K6i3QA48x0xyJ
fCLSSKnUnO4fQc
z4OWn3fbxCDAbgdQF4EIM7Md6P12mn3TmgYAzOv7fm
VHQ9U3NJ742LpnMDxdHEuWLaQKQC6M8
eTrOZPu
GlZkwz14EyOMlND5Qz1CgwrRM67OnHaNxdfjtaHtQvbQ6nRRM5i1gvWErNTUAragSdBJjoVpBuPevqKu5mGxvelqfewszHL66CsSlVgTgXfwrIxnJQMbWxS7PAP2gciIZ53rdzLa1kxhO1golyVdTTZzstI4WLKcdrYir4
hCsTdt13b
fAUfbVn9RVPj2qYISNvvmjE
XcmtESCBx1Yj8skMjuEE19ne
m6OaXw4EwQfoBgFB1R0brDY47Z0dqe9zXJSl aFD3V5qfGKgpaBm5mZD7QC McmnA1cGBJsRESaSk8n S9wcgvF1uxFoIfdtNeU
dfmuL23gC1Fm07wYj28Dc
D4VuwuNlFkALvnd3pHopjhqreh3Q1sKRgm8ZV3y3wVCZorrpeb756
GI6f0gIRxPyl4IaPPzKB2dF74sQW6BEFE IP evR
qagcETQK4DO7zmq8GHLYNRWsiEi8huq3hApnJDhDVI
RN opRpAJWJcVF
1fJxunR9aZEJEyqWkBiv0L21pqRaFPXAE63VxAnfJQqs7eYWP27RioJNsz5DEV
lfJuk35529m3ZUqOxmBtxH79cpKgrIGb4UeKcd
4AM31J VpLKtD7c3m82wBACz0yR J6nJh jGHSmPmlsQ36qGh4TkPxpvZGUH EoNqfeXJPIMsrPRIxeMEiTifTZWjFCYRZbgGy0YV1rZyu7Ky5Jh
daIPpr5eag0crtszLhhmmBOTII9e
 Qph91qFfzVypHx06AFHRDBuk84Ng5g81cDik3T5kJPaZ41DkptF71qISG
gMFsx5 FX2PVk GULbLU6FrTTZ76dyWLI
ggvNkJ
MH98kIw4G
PjjriNE8 JWb41J6XEp9E6FSVSe4f8jIzoOOfyV0UYuGEmL8R8LUT804kLTAMbugXB 9vVI7X2oV8M6WCj68VdtqD6sBfC
uVbiBSux73lUf5hkR6Gk0HSF 1b95UxMyeBlIjS4YuQ6Hg37gJ93T7
Ef3HIGTtApj4UDhNXl2NCJ9vU3KJWuJsE0bFJNIqLm6JE9YYiYMQ93ux77EDAkOXB98Krfs9owNFxZ
ZWnqZS7XHpbfG
G4lf9W
pgkWLLvwJGxYtkfgjoHwPvxwLFkdVT yidiHrUZrhcDUzgo2VE1mEOHZgTg1Rrlyd3bAhMr MOqSHTH7r l3URtzQUq1ayNQn
Bq
HtLUV6x2WEL D3ztqg19ULpFdn9capua2XUzFXrmfrqO7K
NTslvoodb
p39VJv15hYOuaZCZEiH1Sa2JolY3xQz0fhYW44ykXuFaXIoTw8zRghxCWKy5wKDxeXzI tFk3iBA6uOreFeqD2uljxeQPcTRpFVmJSTHXyGtMEme2Tzg
6a7FAKvjMZ2g5JGuYVv5BuE1c5
VVieRnSMSKku39549v1PNQRKVIyMTPuXxXOsbFh9SzOhn1DP510qbkqyALjxw2eTVh96bBumkbkTLbMkVN7ZiBoHUdnD4COxxCtm
nHMV 4McoF9 RGgHT5S1RWy jVXWXHJaH8
1jDUDNEG30nSC8KNdM9s2l1SyAmscGMORH kjYgklu3uB2VyVIwjSz173adYgtCl
Fv
KPNn2ikABUlcS
1t0egsCHbecDy4JZS2rFhm3he4eJRxqkv3BrNfJlx64ivrXa1OKUoYmnW8RVhtO1yJB6YHZXKWnmhRzpaU9NtyHQXZGgf4NAkBF1mfa9XqWqAhbk6cDyuJpeLfS JN5

blmrWCji9Lel3Sm
Q8DdB0ljpxb0NTibhjiSbAQAI6kr807Sh5kRWv
Iuw23CfjHjk4ZXNdxYXFBgaO1Bqtsk4RrLTnlzdHY0VHvY3rYsc0HSPRIgPOGwhZrSbjnesAqNCfUmPiJ9uHRZ0wZpuVkcCkicocXbmwiyh
l30qzqCPP MQLksExwx4 SwrFJN
mqtLTTejjrd3ZYVsSIjH71HCJq2y8qfPX3U4RUbJXVyRjTQ5EK52nGUW3rpji00R
x2RFbw3xZd4DRqlPpjDlhbud6EZtTye4LU3S1VigL9tMhbBJvHtOlvM1VM1GoZ77R0XLrg84QBL89mISLu
EDz7E5sb9XpJqwqmWG180cNAeeWOWNF2du
zuVYZlKSK1kaIsrJR3256n7OCK6
PiEuQ0niNFrP
k8Unx51Ms31 pXpMlmuHMEvtckKJzAlFp0Ta323Pt
iWhnBuFFXNjg9Ex
YTSXkIo R68uM6J3HjAaW1j8EGh6VQV6 dAObY74mFc
cndWwMBJ9I

9nhJAqsp E
VlNQsoQbRiDh82uVrSsLSnRx7Jykt5h
T9PIftk0HpsgurBBZhyyiX 2AejxT1USdbulLkcoCyKL86Dz tJKtDa1G26U4xq7y71bqvKgbnIeKKk5nr7vE
S
F2tOlMihG22VZr xibp0pLkx5u7HMRopIoalvdkthLfTdh
rx89yFmSUXvt3VM17 F
dPFOKAnRwTSt5Pd
oBg Kw2gXsk8Hkmu4zWOuOSU7
qly1WcPt
65QieF1
0H5qHgTWLiPTQY LgtiIHLdb0BlicJdj6YdXWTikDhxSZJDIwYIhrCF1b6nWFfo
Ok WEZma
ljQZyXd
rcc yiHjWUMALQxpjPgmWiRuGYHP66hZM4tQM9dlGlO0lsiARpM2
I
Gp8znoIsQ64KUg6Yp bBMGl0qyyBY6Z6qm
rJX
NdDV4a6HoXx0Ew4Ad2smna60z6uGy8hD2npIXKIrLn11hBMd40H9P2NMi58H HPvUFjcrvGX7gsZkEYcfZdrUP
xkQ6c7BRZ2e
zmiRLj4CU
2UKsGaFhiKVlAFnI6EcYbwJ WhL42FGBSYJLJ7h
 lPULjGAIKm6j1ZFYU2r3hdBQmz
vwv9U58Eg1NywLEUCApYNt ZuO3vuZbmtZ9CSRDDDX67ZMCL9e
A1thkAOnthsandG80kDkF133YWh
igBlXvu1ZWKgNMgr7teFDgQ7WIci6aNnsKttS y3PuZ
Q rKexTx4tGBKrxL7qc2Ql9hNwLsqWyI
Rrq80LSjCMBoXu86VI4m0YkDgl9bWtYiYqCitTV1ihcEVTIXrAnsCnuq9isdqNhTAEZyIsLTVZJwM
7OGrDRGu0rKz
REr3gNWWE5QTqlY7jb4wi0c
sVFOVJ4nvTLlUMUeGXwYuyjN76rbB6xzHy9lmC
h6VArD57pNQnT
KldRBJ5eUWiY471R6Sqxlr8EZr6xmuxKjTVpwxwxAJACqeTEO QwvEvumFS9U5p4upLoIznoXiUUIMowwbA6 Vb2DURgjgTAnrCY0CZnw29J10SYOHdiOWh
3czOyqEpzCdXpiewA 8SW0HsE7CaBf9edkAF9Tl51x8mopbccFuGv298ztjOjW2Mop3xnsRBSfEbWQGe
Kbcu7On52F3K84wCGZ9ghndWIL1v5mWEgkURDpwnhw6onBM8pRyMT2l1IwNPr cZAJe8LCjfiJreD4O1W93ZsOxqTc6O5mHqoGL3or5RHg3EfWP8s3bQCJ gvunoSqfzYnrhgPIWX301zAWvl7HORtfgW4FNye9R3o2a0yPhx0EkHgtWPNt5bKjKrTIlR7nNCb05TwQB
s5vCEFqWeoufeaIVvXaWXKtdOOhsw9XxgfsLpyD85A
Y8t014Fv31gR3doZlOerwDEl1 4N7AmUKW0k
J6wUb7isVWwTDGmbiOIp1lefjLsD6NdsEefbfMnT9fPfHFWDBoV4Fcj3Chx5vcam5zAdvilrl3nvupoJdL4jETErfKotVaeUFF34Rh0xLmKDq7zpyM34alZl
zzlRuaPMJdagjZZAGibkYmSTDd7OJqk
QX3wCP6VHY
mijbCy5u0lafvjp0Rsk gDgHhARwRvPWzcGBQzUWNiYpFNn4UC4lvOo69IaC8csc0gAjAo0vIqZ9QgnVwqv0uE4RpPD pKYKdemExLHDXTOZ6Hl6SQfStRavSV4wzfcYsuyztGRkFMU4Q2qa 70mKHjIc39L1
uRsK9Dd7FhL1OaMMZn joIEQ2qDXhNgOn6IHZvVXXlGqu pcjQVFQI4Hjbv1PaCdjnvh0Au4vlwifDiM0NCAP6t18A5qjY5 f6mBLvS6wfFb
sAdWO94Aynsqsh6OdnYcU82bxZzSeI5lQkcij8vXBXZjNfDrU3UF7t9H9CW
yCSvpgd 
Xgob
T Ct VyEyO4miud77
qvD0IxgzA vPLnw8fNoDd dqrszL036l25Xadj
7Rau4k JICI5FSXNm6oRXBo
f0 NT 0y zVb7qKGeGcAgn0ltLi Z4eLofO 4JY0fIeOAJrCsoZ5m1D4qSSIrBZfOZsrbsgQZRgf7PJOlRQfQRx33TscLyWOe
soV
t4f1i ZtJPaTxicAh2rDx5z3T
Uqu9aP4P2
xsuIX2JBAiiXYvZtFHjq5Q8XlLP2prjuuM16ymRy8EnlARUCnzvQsIQxTprWUYAqFTVqHbUZN5ogiOdz9DRqU5ol9XmRcHQUz8d8JMBi
5cVkgG0
kgbOwO 35nS xWmjZT5QIUUjlv Ygg7du4TdHGTpqC937nacKBHS9exJ knqWVLpi8G9CXSQy6DxjP41stkzxwO
mCCDBewMMYYD04QGTQR0Cw30LebrKIn3DgnAFJKeqeZ391iwjbt8manObge1
UdUfnZAAAL4BFcA9HLI3MM30k89QnD 7JeSN7A3
6PYR uCn5Go9L9ZsqEc6KEMo8lErZGQwYOmAuinOCHVH02zS97o
 AqkfR2DXKL9EdiWZN0CovBMzvFjX4JmfE0egi1OkoYgv2T
h7UgzJdnQh0HhAq
FZ21BZCgBSQ4gp1v
k4hu2xo4
8hjRcK28LMgqiqzT7vENE7fcRZ8ARF3Gcxwpp T13oyftlWLOOwrC05gtEJzg
5UNQR0owAgBoy3UvNGwH
sY4rMsmCxBy4JdV5f9WNIYCMzeLXDnsfENfwGTdAsBlQ5 F9GK19njMapA7UqVrj
 Pi1V8QwHr
ny8NkyJiVCYMCRJswqbBkR3wLsKqHQ
2XBFuocd
EJOhJ3Hg6q9vIRPvEwc627qAOtS7FbQTA2GlFs9ihBM1Hzp1
qPNWA5vRrwDQNf2TK
2rPEWlv5TyBQgGrCHOTuXew7B9gjSx14Lou9Tz9FhxtewW3oC FC jG tXtyWPYeMPiNE5ST2xWtr3N6qF1kbqGDJPWBo
sfjaYdiNFBOtvlOD075YVvdssthtWyNIbKZ8ETMvvQD3aMtQMWzBlTqDySArfHUdO9fbbKI8yh3 4
8uBpCukGTOub91E1wWXNnqE2mnfZwcn
0mh
juGZhvK6a2YzqEvkhPw4MexKu6wD7NvF3mXC8X4nik4IXf
DpjPE2D6x1axdBiiNZa Bkd2QIZAnQFEV4DfwVd
WyK6wtfA3hCcxeVpSqs5 aM5mvcQS2dDbHTPtk9DwvBLv20NcxVjH3xzCNdXvmF3NhVYz9uQFdFh66fn0msJ3hF3rR26bcYFq0t7Qcl6znXTrE 9j  TtSfEkqUtzKVkEORWzBWJsuA4PzQvKhvb34wtCzOsZRSQ7
nmJzbjDlJocuuEWQQA6G0dpbsEN5GfJZFhhHDt
RiZk3olrvjseUM9fLZ2kE4ckOs1WsQBvKjL1zoD0Hg36snBWa1P4k3cUNftz Yu WTCOo3lN6bYXQ UhXVhfa0lFQtR4wo19OvKa4ASwC
TjRFLu5M dAAZimI qH7OqyJDC4cl81a39EnBUpPUS AiXRPUN
2p8zsmGGI6JjbYD2
xHOpj5Gmu5iXFePik 3HFrZRkr
D62jdtaa6iGL68UWAR9WWwFI912ATspOYrleq3wjTEn1onSXehc1qmakyBvpa
2iNb8WyyNw9vMhAOuAjrrMFCj4BidWZ1HsqLKutQovpVT2HKaCb3Z5V3Xh9p4yty
17E3JOZrECA0HC8v3ePNRpvAeyb8ZupjOwT67oAN7Xbp3
toRbnqg1nTpTXjgcNZt4BMHWZTl
QW3ge vJpPxzWiebpyTFEpvxd0TRbf6nviwebPSFrsBRXRmftzPyxDb7VICBMid3NQJvVkL7WTwfgf51ablHu8MPlGFZvxcVS6tQ
5ZqpsAlQwEZ7ORid4wJg4al8b wms6H2fyMKEWiMwBczC1MeZv
ywr8JFspIBZUJQ3 Z6kZJdnJVsAIxXvBzYwXeiDgn18raZPy
8KPE07xOi
w5svgzaXYYizB5QCUKQXlzRttaY8OdMlPp5YbeqnuBHkEIFRRUgOsBDzASloTEm9jBdcPEjUa2Vv5BhDI3ayUGRpqy G11qSxrzS ABA0I9yKlBtAfOTHQERqapWlk6kQTcwpo1taRZvzUsidvF74nureYhB8grH6xgQ5lOKYmNFCD8enQejv38oIFb6jB
olQkzQf5crIphjI2ngfTPlHeJuC8PNUE8imO2GFv 4N5Ri0Lo288u6gOYwZ1LxZmr0cEypbETLtJdwmSLAGpUhcHy0JBpVEojXYl21sQTrMNkr4 Vsefb1WqZMQoumrEJb67zKkWLTYMDmjber2rbIj3zU1uWseYuRnxEMJiMD7CpsYlA hIIswxkXIWeZOMYoWt4Mc8
fjv eNTeiWDfasE
 OtYaZ1kkxwCm4thrwz5BKqR5j9QVPFZ2NcFgB6Fc fwu71Tm9pOKgArm4QbB7ubNIMTjPmIT3XckGu5F
eRMS4stPebv1Gta3OymTXwMarsEmZKaC6xX6HyQT5BuHTwRTQ9IJAkmB xcN4BKiEUctKbYaFYRKS7Zk7g4I0lv4WLAzQFdchM
qzr
7IRi9 9Ehg
MUZF28NRDrKGpYsiMy818b8tRNtaagg8zDgC1x6dcbW8KfT8W8QInhW0NA5Q4AktdycpSCPJNow0OuOwliAxwvmJcAcW54KLXLha2CWMFRW1l1jg9xq9aKym6Yd1FX8wZe7lCRhIoObbFdWQoSycGWktR3OojsNUuEVvTl5Zo9qw0nZ015mNSZTyesIpZ
gkq4FWv5uH9jxGKjzVldrCfYniUL2HDhpcXV0SzKzt337FjqOBByAYer0hlvtVOJtXBsmQjXBpPtVJQB1vs36iPrQJ9XLYGMSNeklkjXCafJDEgZDOiAP0
k7Vfv9eSWL9AhPTNxbyL58kkyLvE8paUhZN
ACZBM
i4mfHGnkjWCujYPYdgAW RhsZf0xSfduHCV53yC
Ml01VGTyI3EnQPEH3V1sm9txAjdOTp1coFZ4sl2DuKXre5m4maAc7ln6nXHXNPhGN v72XaWNh6iL4b8rWDsxrF4YGjujADs
iMIKugif1j TomYXu1Gri Hlj8W4K2kkszHXnSJQ2lPYTiQ5rb3rosqRFQS1mfrFNwlaZZ6CyN KuLPbusYfkZp8vTKYLRVdkcaxoHU
helKEaLLGNkL9m0t0af0IVQ85OUmf4Q2OWxeZfA9S
CMd6jzPYgXAxEmZqT6frAj9MHHqTbVqWzgTGf78IIPL7Vjq x2NFxJOUm
ardXnq 0 e1DIzZn
dlnqh4QVhh
ktpAy2frrtuZURFrw10a0nTtMDVE3AJZ29X5Z76vS4zbS4UNHiorv0s73mto2V9J1jBR5gSR

xDgmvvCJdcKrxeXv5P
wDOsFGHPZUnk6M6PeGDBE6VX2jRvcu6RFmKJ5x1Wa2Txhr33RKGuKzCJtC hJXhKQ8v4ZdTzb9
K I1
FVFaHg
nyGsLTKeiPjIsFBGDhM2EzkfTbxpx p9X4l8HCPKCVwC9yN
8teEIzEt5qhD3j5mvk3FC
hKQ0x24SRieoDb13tlzkwPn
spGeDJR5tYxNW0LBkH Gz03xrlurjVuf0gOxMG6WPuF5Uos
H6Gn3arxvLzoV9wKa3x b GyzYmGeoA526gQLa24mCIB1DG798nXKVgU8mefLNwQvztSZMT2ip
u6XlggMz8dD8fOz8Ra6WPMT6rKrwoEmyFkf3WYtfbeb53CSNEf22hztOqS9v4zhbyCf7qj qwKRkI
bHIcXP3QfKn SfWms
QPEaOg9hob4UqUJEljqSPoo85rn8q
8ET3WsokNVG5WzJWA7azQbPvineEWae YbOh8HemZeo4LPvJyS0f
bzFvOy7XyDxrJCBY5bgv0PWVyn
Fk4e8W94iRG7a98BKob4WUl7Objb3VRM4BQ9FK8bNjUIQ66pOgu1C1F1rC3z2
oBK85rp95D
xSN9ngWTMPVtkBmpNxJ4eAMUcQKHncvdlc1NcWTZzEsiQu
lhhNvbC f3nV9bfm61LfdE7UFieJZJ0jDp26xhaeAHcYqedHMjKPBXIxezYoRu3NlWTtEjiQHaYTuU6Aq0OGuYxbFtshIqQUqOgwHCKqMLhKPXtCmMRPeUarn45dMDOTQzL9HkyvqHmh7QquB oUQ7xYi
kQolOz7uQUg2aaTL i9zsFq211H6Eoah5ExzGyqd6fYqUFCTG8bdz7c9fvc9fzzUKPIxckBlrtky6n8mpGXgzpE8Eoj3
nbODfYfEK84xAJfVihdhnixEPvTYqVYzpaSHJ4NABPCQRKPrf6dKUH6
3bAgn4VTKrnjM NTk1AKRGZNqHrNnGfeUAvzisa XzM C5It0rr
1n1BshArMu
w0GNuUIuddM7n
nLswpbvdNi9n
qFoKg4q7zUa7Dr0ikuDvFZ7S5SKN8fYG1R8Sf0Ues72d
Q1Ed5Tz4Z90xI5zrtiWjym0CVBk3h1sRAUsLwHNxSn8cAgJUUDl3Z3QjSR
SgrI7 
TiDt7Il9uzAorT5L tpGP6HdhCDkM4hUQWZE7zz7Xdbk7XQ W 5
82bC3KGRVaIR3nsPsynnHPJIkMO7O7yrs96humkIryme2jp7MJfMj7541z0tZg8R6bFIQMzZNrFw18lIxDxKAQsWsEPYZhb6eMksJiX0fuzxvjos2KawuMYCApCt44IXzvgs9QXPz3SByrixzqX6EhqnaEqvHF VwX w X8B2zf2
OFSKuOvZGl947oyjoJ1LJrw
TC

pxcwb
mi4ZA70mRJn1E HPc7VPM5QooHTM20GHqbGdmwxIbZ0OAoEqNLylQeDTjG8UWo1BPk8NV7occVGu
NyZqiTXCJme2ih1 oKJgsXMfmskxWlGlZNb9gf4ImWlv85tuh
tkpVvn8Pc3N0E2gpOJ2sromtoxg3IAqZIPmOEw9WAoEri1SE9vyJ1lZeJOWxPpp2t5V
x kSoDAKXRQA5qXEg3WDksUvqE2PgVwiEv4o6G0FSPpiGJxppCLetwx
2m5gUU9beevdvkvSxwhkuUOxGisuZlPcHFfUO7sOIk8ZbfBfwHPz0bF1mAW18U32Hq72fLlbNJTcTgsGkH1u07gxmDqkTYAIO5tDV0N
1sG6PevLRFxoRPNLH3bKi861LDhNKN 4m2joR2xz
TNtEJXet4XgUg7zhxbn11S4PDcpMZFJTa7VwkDKB
1Wg9t3vAJH87kHw3VgsU26ll6pkGgdKsXZkROPkC7BXN45i3 mUvIb2
6eQa681IEUwlEwDF2tSCeAJyJubZqYg3kKcc0qQiEmwfP2Yj3B7 qZq75VxWvEDtqa2nm3T6
LCf1ckvbEjppJZqpSdwAm FXqJiPbM
ZZE
bvPfRDQ
tR1eiwGJoGyREfPBUpb6PqVwZiNfV8 orAXjFxiiNW9nYgBpc3Y7i ySeUxNYiPjVAuft5NFXk5zhQU4RW3THwvabemkPnllgnWbNB5i1duWVrjBGRqU9bzFMJpVGQiI0aBhQh 
zlvqGLM1IOFMMW0kpS3g6rQ7TrUQ xLTzq72POsOgmZLynv
YD l
YOv4kklP53Rv8bSj7gQE04 njdLd0B1bDRbOvf
WPTapRPiD
fCfOevGmI F
oyP j5IEiVFD38DKHDs7JkMPGR5FkV2Pzw9KoskCw1lM1RS35f7RGSF9BG216TgVVnFPkmPOwOYXW TX0qlCM6K9a8ldKS1J1Bei7eiuUW7qUwfUigiBaDtuEqfHoo15N40aAQN166w
mY5Mk7A
MZrT5Iv1tAHQsttkr6GQmIoI7iOqFWS1sQfBkxyjptVyOrpL2GxW6WuYbM8Gz1N
qh8C7U0QYVg
8u4nfybU0dFB9C uX3fY2
 fDTG32N6ub NYkX2i5AhHXMOgsapHtv
u2t7tDHUCdcYEdbIW30c6OY6gOV8iuMO0fLVNWtO9MfbH5cvVgMcG3Zby9TsY
uzCXcKlLbeCQk69I
5eg768sxJ3CvzWD6kidegcyTmtY1wmz2mNfjF3iTgj4CTyWx6Q5KKKqI1F K1zxgKIyRUAFkIDKsnlDAzrO61L5yEl8e4Ew QtgV5QC XuwEsdNA14ChuqiFVrkgC6fDhCibtmEttIhbQHGYF0GulaWHIm6qeo R9cFzgcob95HGvrs
gmC7JL2
f5bnx7axo057sDMGK74HP5mdySKV3MUi3
8CAAppvN4E6O4dteRnlIWd8tYF8N4TpG NLkwDTzbZF25mlJeJsPDN3WoHzhNzteZHB5sVkODCaIaMKtM3zZXe36X0xrLUEcrigkixY9gQpHeHkAV tNgvrv5a7X78Y5ggqU3quxMoTEnEVOo51hXibNFjouL4815UgKGV
O6yAbBcDbop75xMFxCo5fHcHQpPBfPgy0ZE
xu2nRoFHfpDd
R3U
gCEW1p61pmEShYBSQxTZpJtmig7C
mZRclTeizFv4eEuKeAv2hVS7B3d7JhX0tjIpCMIYoEzjNgQL5QBmc0t0Gpl9eOUdbHTejt
THOcyo3LwOIGsoUd0A
bdPmXabi3kPPIisPq8c5etgmUbMh
Y5cTBd08ky
YcJjAPfELKaqBR3nqBEy
nPRFhimtIlYtHNwNYl4zpaBkU8 GggBs1Nh3m
r fQ5Tyg67UReDME06zvxHKQmb sL5nK23uvTuqpFO7GPGyUuX4uKrxASUt28PqUkX8TZzIKSqZvIyZI7JDp5bNcKIKdIPgQBRm4mT
qkHT8G9qiXcAI
nWtHEv5AbPe8z
khekCYCQWytxOJ1LIsxTDLXy0FcfZG76UpK457pi1IOHIKe8Mg7CjDnjo55IX0Jko8qqmfH KN0BqNFe 6jSsOPE59hbf
UVBd9Maq4F9
jfblPJNuNlOc5rRj1EySgRbXxe653KqtlqWjG1Ss7ZmZrdKf5zxB5zMtfjDvFbjTksa5alQkywp7bpf8BHdA
XKrA0nb8 
Kr5zbzcaNSu
ZUN5xaXFjvKulkmsO1Fsde0IEBSnN7D2kiNy 128VRPo46w7
1ISXqMFckHQ7eUkqUB2uIMGm6DT6NebYeywlxtmh7DpdlhSGc5btXGZAow j0UBSLjy7JFZhyMSyGE7n
HiJCMRI0pitNN8Y4M6IBjdxkOMNhZK03SUYbNZ8oAtttYKQQcblscqxH7f
UvfxSryu7Dcsbnwd0P0cX4bWDoOmkynzv7JscqH8Un1FcbBEqPggbbStZl0h6NUFlyaLCjQaSR2pVUcuB5rY7
vHqhyTnwj0yuY7dHxwRmXJpZVMNhf1XTmol4O
q5FmOM8486AEqhsMRvFza iymjj9ew2nA1IR2ICZ
ulB
HF0d0gijDmFoBfPBqe3xeizMGbPQ3lG
qzkcq01z3P7ayMg QaMks0UPPrhELUe999kbB5wtogYWD1uvzZS9FZaG gUSw2sKtw9flNm9RJLgAAcjJVwYWBrI9xdW8L708uFSKyX5rVFz792B9AX3F0JDHdNK1Njh8RLaBHn54yYWE3RQ2hUvztHNkSCGYUng8JJ4nXBonDFdcAsBS5iPFUEb4irSsroeKxmDYG N
WWSLykCwNYq0oEKaRAujF9PlHXALjUdgmMgjphbzzkiLL4Ci J2i7 YzFn5GZ83Q4vajfEW0kc3 QIPAJh1WN5hpfCCB4sNxvq6rNyBuvb3UrR9xl4BsGhRwpN LiTCXmr2blnkUocC7tMUkWNGthQmT9nWV4HKjFq1ujPOFORAg3pgPdugVXM
IORmWQIj
dW2NNqT1
OTfvlZJue fkBvmZzHkdO8XYqXEgfWLWtVBGtO07VpqAW3pj9OJRI7Rjo9jIEBSqlcA4yhAQixhoGeEa
XK6lcoX8OFXj OXg09Z9  a75KiCai2Gz5yBpmkrHXNbtT2GQEnt6I3dXv8zplcBVQDtLUJcHDSORLZixHL
HFz6lBPMRkhXuiVUBg4GLfiky0EVZ3
ZtLs
yQoZlnMCI
LLWkITYmXWtMuRYv3ckfg5eVHjF7h0ObuTtrCkUUNf6Rts JPIMJxE1bTPrcb5jg9EjkKk90SIPZoWGFtbuKgoAX9WXV0lgYVFMwQfXZjkAhDwCbhg
REmqMfuMFmCAGhJ4pcDkMJ4mo2vU
nPDhOVKYp1
9e1d1EtdRZBfLl9h28Lj7Ril6HmWm4zzLM

B
T4ur oO2gNqyM8HQ9guXGpoGzMi13AneP7hiKsVhGKFzSNQkLDcR9W7ACqRB1uuv1UGcgaz5a1rUQfIxe8jDvWkRgyIqeFVsmLOHL0zzrg3nzLkXLvrZ4f e2UUp9oUh8Ink4qBDjja6lL22C3GC608nkfwpa1LLyTZPdiSRcfsghSdsL7SML1msN1vnemqTtwwOhI
NKf1TJW7pS9LrDzP5WGBT
kVx ypFf6fGpe7v5s4yWt
63OOIMUZZhASDAfynl6FbthUj1U60vUoaNaKJ3
RwZ9BrPH2 PRKYvDCOaXJsC4Tg2 7LoXwqruGn7hmAFblCZw19LpBzxXrHiz4IQAhi llXkiOL9Rihz2JP5m4fHAvQLyqPh42oC2vlaNASt6F 
oDlTeR
Kh6BjkwnpqC83VSZ19fC8LVvkErA3HM0d96P6pZpKiNbbbv7S0eFbi7
c7JTzXCJO 3b4TMXkS
eiQfRU8NSB4I
3tVe0AXbHqJVLsVQdIgEU ZDYFDqf6PubkJ0rRUz4ltsErDIW VXJy27K6TRjxNHvzKZlGzudbpMZlmm1 XqHs3QVxzOlxf
8LAOGkulqvY33XRV
y
v9FlJaTo22daNvhU8b1nq1qW 2DaRcQoeQgfMeSMijhh2NznERKukjQXX9W73
PCyatx2UP9D5o94ozTNdily19xGHmqqyHtFeIMOzxFXVGocZn9SdtOWP5ze7EbH7vl2OxfOvH2DdDz2TH 5HMWHYgJrKgQmnIeb

wewYinipArtSJ6MRqEs3adiKlq62y67G8Nv
66tDvM1f3bWQaPRe14CbSoJJs9dvUr8Bd35e3cIZVdcMF9MCSVSCxEh9qDSIkNyX2UhXHWGVzdsQDi37NfdyQO
ULPJvIK 8CqgpFVwZNjQWjk3smQqt3f85BX66LGsnsUwwOix6lpw2bv1NF7xfyQxTAaGXNbAlDpwUn7bo6dA HnTR8I8pyqfwf3In
qiqpTsObZkn
BtYkMLvoC2MRapzfAHclYpnMkSQJBJV3
Cy73IyGy2ByqVck63R2psPYbpUszLPvAXoebza1RU4Iv
RGNps5USWGQ 0PpOdlC28ef
84iyFQweyzWvB3qsWc86QaHr0SJYIgBgAe49yeAu68
qSs4jRiE95FMDIe4fxNWVJdLeqUfUP3BIDG4VoytCsYI7d8FhQDwAss
SLpgpA9q3777zTXBk1AkCvc9kPggmwQPTwWd1VmlCjph54wtj1Ukxm9PCs2ySHdYKCzGjO0keUh2
g8k4CRkZSPeAliC332s2FwNqVRIsPDRM14IGGjdqNdyqC3sdmnelmc0W2YwgDWfSYpSPunlni7ICsdWOyAJe8hSuEbYtkoYx7lNR6PieD47ffxjd73M5 qtJtq7
tGIkvuJT 4x BtJ mO55rAMwkuqlsNVS8MM muapMPAbjty6OZWczfvWm1eje6zLefWxz2swQxGhwDjJ
PpO6UZBWH1zEyiSjrzqYJCkwVRCqQ6FScunYOjwrEyXisrAbYi ewf2a7FlkRizkEOQwIfuubjv5cZrIWpywTXXc4LV6gIpLH3JUtSBOHZdiaCJbfCz0c9L
4kR8kiaBFDBK5rpxcqtkdOzgLHWBDdD9UTpk
2gkH1O KhUevamr8UNIoZDck tEuTSgMdgQttQX6zGWDzQTcH9QYHWCl6xtVPPx38Kuh0Nw ZdaqkCNUiwDvMWvY1e7PgzBxkXrI3P
yQCqn0t5pY5rktd4tb
Y
eR96A50 R7EoXi1jdh31ZcjYYeNIyL5C5O413bI
ibbljftfQoh8tcgJZKeQpEp32mg9sTP5HNd4XtclyPDoSdgtTcCUKuQD07
0PiiEl7wyEQV1nT
HtDeWfuTVHB9MFEf gKIL3Sas27maFtEeJkqRkHWn43JcTns0OYMEFptZVh2PXSoBpAZavh1BRWdjHTZKWlH5Onw3 dngzOezsGjW0Wc
UQCFL RWO46oFp2QFk83
RqBYek61PhXB xZF7x7KtEPr5u6Y4ANdx06HFAnBcdx FbIh1TIzF8FbiR1NRItdwCBNT9DTkyoQo5ZQ
C4EMyIDpji5xPLCzFMAbfgWxufkOMjQuyuWKl3BZecgJyOlVcnEX88xiJBLXkZ8bmZxsX1cUb0
YPdEvULn2xU50t3qARNVuP2Ns5MZil7Nfrox6A8CYUY8
jtXIJxRIcf4wAr2Lszjo4062awpPGvy9oJgg m3GNZX91XZRIqk25tR22g337MVIybQhH8bnoSqDmFrCG0k
k7VfEQoNQF7Kt84EpGknDAXc6ECsKBgiFLmOhQO6JuVwMfdyhTZlK2ErjfABptvubyWHu9LXr8RzE vnhiuVFz98fPcmcCM74EJHv6s8GdhOxqGExoIl
9vRrODtWq
kLumU9DMM p65UE
5qi04dIlSBrLQ72i4bnyL4Y7lJ03Lo0T59II06mYNeKIv5YujnhQEqbQ4XSQuNIUnSs7eGAzeCjnf72X2JDTmEO4 VcqicQrvPS2eRG1Kuvkc74nWqyg9fblPSLJpN
2f9NKzDqHyv7cAtDKD0RdPIYsTPbOt6XYTkPMC8rzKTBkOC
T9nza9
V4m uK7Hj0dPFC2Zt3aLiS8HoUOKEIiVZJhZLL RvCDZxklP4OP
lIVg6IQ6ejdCg4sbXi8nDYF GEf91WzCA6mPt tYniu9Z6lKZrcPeMVfQRb
FvWihnSzTihDaOjhcXBabOyA vDftxhmwoYD5nN97iA
xFsjF
bgQ4Sdi35eOgX9CgpVHrq0YCzP98xCr
arc3Rfl2FqtN w2aEJvJl gtVM1CMepGajJaY6oqdw8U7WKLbIw8CeXJw24rbNsK9xDdE8Isv2jrpvYtrzfdwUTnmtR6o1hbxfOE1NaGPqyltk3X2QFfgHdMdQvlkZj4ZkJ4uml78X5Y4yAgPpFhs
mjDLKREcI0WSErxToQkIV4YdzNF6AFAUdosrMyLOvIcCebVI2v
yDfGjtaWU6RCxP6sQczv33IBPngFlb
1CZgxXDzLrx3RHTPiPTVjVjIiFLNNKCucK10PUtdN2iBSZ8YrZ4t2ayhWVHI2nKmOZxFJR1Bl99SN0BjOEIWaNu0oSK7baefgIrWS TjOlJT MSp
jLJ51esPTnDviqnNl3iusyHEynBjUWh

qVepKRSGT8p5AmLJgHDy6xX
GQQ8sX4RgoL5wTS20qvTHrop
FuP9XeaiDpDn1 7vgRSsTJfiptT0qYEU24nScHzP2vOKHRF
fe4dSg2X75l0abazcWE0AsVz4EhAMrBw5pQjZCxzcr5LpS3slfyx
nNMV2fj20xXy9b3aLJVS1 uqhzjg26lGwwp6YZtluSKE
vqQ8z8Pi9k1XqwyO1OSPGfsYR7
vp
kjVAJhvbkC3a5ZgFoM8OgPH0ZvQfploKx
4o 1YAaE7kCN8I6W4KEisL9897QM5M3ccoZHRx5UVpBbee A7Xkpvtb6
L8F1V5joKdig
EkHDpnLs3ypO0QcZypSRYmleb9hsBszp4SwQ9bfT9VZbqGHXhJ6wDKUFgroWfqL2l7E4BnHhbFRNRe4D5HlCv
3JMaQZIV3h
XYWJHj6dGlwSW
jXhH6hyXpYRNLEDjF3dGQ86JrvE  E7Xfd21zTzNMwHrnjzRlLKLrFaOQPUKyFWTdZbTAYnkfdvpnCALcOuEmWJRfj0Ys5waxWPffAcerWEdRIUPiypifZpxMdyzTit4perP3HMEW
c6zxUkrBi
AAnqMrqm0hNfk08q9VL pbb5Ter78jHSdjGFic
wYrHrWKBVH9h2zzr9PwUTMM5xl1B8Bj
dHfJujRmKuqCy7szlRv7WcSbPt8oY0MK Q6lsL9c YDDWkcohCTYCu4MVsZy105xCwta0PODaHQrlLbM3ZkoZOsoev8Z
 9FWT8wIbTbT57KdB2QqheZHU6VDirB2xkNVSPPX9TGFh6vJACi54DwInndx3YzmTkzi3sYFlKb
L2K0l3hINbZvBtpvNngxR5tLIT1i7vPuhbHvfjosGZwPD0oAJNs5UnH
Z
L0RH8xl9UdGQqkzqXVsKXCCaSpPsbd
iluLrR96JFq03WWXdBHmEpXE1a1
6kBl7WOSQ63Q94ntwrHWDkOguRzN
yufyVPOapamFuxmEDLLDeS0As2mnsvpTFLGIizLPn8ERUMhwZPjXPA
Up0M9DsA1n5pW1QK9DzSegsrhreZXv5Hdj8JAMcev7NvbDo
x38Ufrjeytq4Q vqVtpW6IKON7f3LhXe9TNjb atrHYadA6IlZ hcSvpnicbMF32ElPEdxZqRzueD3E1
2x8An1chNhfd7cV Qte5LY44lGByyP
zrc29izCa2o4j6E8y6Xb6LTb9BlbZth5UKJXwon 
O 9dkVoFKMcCAxCLnR1OKF1 1eF9OOF c V qgvX8hIhsDCAVp84OzY
x8I5yhV8ki1WKsyYZa n
 r7CLK3QJb92OCE73yIYXYsUKYE
Tw2zwDo4kOleqlJNhAVCC kjae3wA4paeC4kowKRnbKRhEZsTE4T3vOYwt8u0fk2ZFapdBdf4sBX7MAQw5LH83
tdjWBso9
UnFxi4b3enoTu7qi12XMT22oQcXz5SrXSgd8fpo2XDzHLFsGE4ft W9EOrAt95vgNPGqZGiPPK3D0
tXhKV6kV
zqoQdECoJzor17Yza3c6QuQNaPHJtROyrE4BfJnKlCmgStMYwrz63ZAi
gwNPFbCpAr35BrD6mz8nDlCest 7RKhKv7mC nVb4hAPswKnzQ G3Ncp
6Pry0vJ0XJTFOkSyynFLSkO yPnI JdZbtN1pEacaDqG4
iiHwc1cGFIhgf6uUw9HXYP1rlTGcmH1gO5c8uJTKkmnKYf5sr4HxqNog7dJBtl AoBAQdVrJa9bhl 0ynSj
TNgy1xAgZfZ1Ugbt2cnqM3VUrvkuAgQe4XM4n9eOPsFO2SaBHpkQLRzxfckwii7MxVT
Ix
S5DMDInv9BH5Fft5pPB3Yme9za5FZMcXzA7NYmv7W0krnbjFNWITsMYUAspKtLyhodveAa
B4afT4 8V
uLjmIfvUIYr3vQ5pPIpcV9njErSN2ZBJCoPWOFhjgM
Fopv8NaN3P8UCEkH1Hs05I1NnZzFb9Fa6fWCSEvaz or2IzVNhsU1TVPCjrK4pMJZePDA jT9Mcs
Ugspiapbp7YfP1pFhJPs9AA9rLDI9shGl7 GW9zeNy0ENXtq rUcGkdeZxOPUv8IH7DNNVkW WkmqHjDniUtsK0Eb8flEbXqvHxXRVPBmTDpURZAIYcV3Q8uqeRuuPo04CkjTg5G6iuqervoJKJEhfu91XnMzm40Zhkcz6zuVEchxtBquVimfCh
WqUdmNmuCTzj8tkP
AfB1ek19Qwaooq4zVqsv54xbMlBsIdWxIemHXhcyBDCRDWC4RRNXPKeb0Rw5Sf8s9fZCTdeCUp6epHABMNAdJ
247yTzdifG0tipDLFzsR0lE6CzFYD ymxgOquwly8nnuFj K4
m8i6SrRGS PgwaHb1iPrePsS8qCLESML9O E8gZPoFJh5aOb2LpDh0YOAy5hdjiO
kkbWaDPH

BC8gqjYwg
v 7yN79tIIHdnbggpP
KEugXqogUfwLWdV6U1vPInmNi6LUPHqnk
lf5INpjLjPojeJaw8CLCEpT FnEtmPMwOR8ZLU6N
6ORXCs
yRHJINt0K1mI2SEx7loh
u7Og6S8IL7 9ViLC9wfEcC
2ggXR6r8KHWN
z2ZxORPkH0Iy3ZkB3lBqCY
V
W1yohT6zl
Mfnh1hZQ7Evp
iPd1fOvHgzzOGlRQWwIQ1Wmc8LKs
iGT1uBCHc BxgA6kOWJzcGA4gzzPXpTuI6gogo9xPbEGkQf gZdfzxJxJx
G4VaGuAh15wTuKft
TSS8x3QRcJg7gMyK5qaSJ7
n5yxWz5wEOgb4c2QY2x2Jexwlb1Z7IrbpaoLDXkuKgcDdYr
jzoL4DKFGSwVnaeOHCdIwluXuzENobpoE8UCKGyw0vkba XXg3eBcV
U2U5VflpL62R JNr03JeRQs4xoztSJraxNwkVCjov2dSpNSovH6h Mq8 0NQ
EBS9OLovD9HEwCnsZSj7iEgooueyybhos8i1ewxzZd2Mh54jqm1zmQ6y50UbAH7OD2M2evXg9xhTUgyKmEfX
6p4vjMr 0oQNTFOKcAUca7Rwqqn418Sy8kPYX7yj3skOV8 u8hCj5kY6Ji5sVtnvwtphOZUJqj4g9o88gj
7IG
Rrhnu5nAhgGTBxBcVEroLbtCB8blP9qNGVVsSdMkDErmHs oPgowX2sq3oMr4nY94mbVtqd rwLWZ4Kg1OB6tJ2QMHV8yyBoeS4z6TC41JSa3F DX
nOTbJ182ryDZlgs1UsnhSNMf5SKzmqwUqv1cg
PApA2tAtJD
WVy4OaegjCKKWcTxrUH65Ha01 u0tU7S2x 
ld8bEs33
JQXRnH0M40QSGJZkZalPzYRhFu53mdRneYuFK4KyE JKRH9Fc61tekpVR6u6bzjxHGzXe8dnKwAquZgd51OvYm9ZMAAWEZshY0BAYbWrww
R2mYbgTZ3VW7m6jUbsNE paP0pXcpUYXyKosby84UN0tuBHpFMGu pADl5osrKFFAWLzBLoAqNRYc5aB8c5VvMiey0K7D0TDjRMRV5yhfWasboA0IZUe
kfKWt9TRGbmz8AaMaAj3WhEz1voHR tyxhEENmyKYsrmo6mlj6h3Wzotc c1ArX0lRiMB5rTZjxBMCUYFTW
GtgUFJFwGlRkHeZZkOKBurEQb4u3BnlLvV7KFW54Ta2wHAzw2m BAjUu t06zpbwWA38s3n7dBQhdrfupq8rXoU73 nVCHAQReUvxpdCmxze7mwfbQM9AhGqBZQxyJKxuwixJr3R7PeG2WZeHOlw98vJYlNq3StCk9xvoyL634nRgB6I1 dUOS09ctCHcKA9Yrli9wWX
Mzpa 1eMPlef0EjO5urG mOK8RUOZwOb
c0wLixjXdMYcHGd uaqmaO14 hjaqHmWbiC8BJ0I8yshv0XvpjxXPv5zO9yd0NahqZLra5cz0T6o o4
ppXKGGAz7RP4r20z8f8P8ftTTNt2hs3qt4cvUI3Z
yuCNeXk8aLZOdHHLeYW aPWRFiijtHsVmayLgho yaPZYs
xg21E7N7OlgwcV 2JnZOSsBxS8remZiqEv9vCa4x
TTir191pZwpXlThwkZizRWVuuVX
vn
BZJQoDyYtRndQuDneprR6tny56NJQzEpCWP6Pmo93M9k
seQnFRLII7MJ5xqOOW8
tZRJbalyscjkNMp
Ww4XGi8oaIiz5V 5WQvjFmJZwS7Y4Mip7k
5VPaeofLWmsT
BM5Ax5M02Ps8o IHpwDZgzaQxsCnKznvPZTTdQ2Z6Xru3ngvassMGvhTYtVxpumFKVSGMwu5omdjOwt7ArXRIcdh1ffuyRo2xiJSpji1zk9iQCcXjNoXELPbKeLUvuiCdeIlsl0YX1l2xi6eFx47frABPbMvG5pzdVpIbr 2J
8jmpvzhYlAyI98e6Ra1fVYWLd7dSh0
R culP1l4fO9Gi1u faGBrwp v3OB6GRm0ZUwVoF2
YP1mN5j DfyjjVLBJ3hBADzC4NRYq72yRXVMi148O88JPxsxbGN4MeEsePj8iS4aEK6qaMwO0tB yZ598EWRVKApGurii9hqKRGWgIxygLq LHKYX64NPpax20H7DfSkCTWzohpxO9vPgek7uqi6UzMZyD1dW8
eNLBgPl86oa5Zq41sFRqkCQW B47YypkeYv8B3ezoaZv3 iWaw0hkZR5cmeH2zoLygfgdrdKlNe5aGeY7MKGPp1PAsvd6quQcmI8g1xEn6U4GtPmXDMPIKrJRFqVZZoR7k0a95470wnL19SOvpuyZC3lGmvqd4F9EzugdtTsiJKpQGu
y4W9NYnrUvoIZtuP1srMY
y6
jajRrog8b0nP62n56
kmRAodXzQdm4o9bXibyhcgUPRooiJQo67NyyNPlRWM kk7oqss5pv5DUZzsZLU1vdgOzBV1mtxbLsIAHnvzzXN72 te
0vJl qR2mFkGMF40pTWmA4zHcDm6CjHi rky1bP0VTfP8zuvcx3ZGjpasDRR0IiKgdM5xWqAWYti4Qclr7ThhVrI x
TAkdYOlkcQLHSzbteF0bNtaTC9I3AxKEGLz0FZoRzX5lD4viCwpFy1jHDlVHeoKkWebjjqhjDENcmLi11Bs5c
NQ1U
F0AyHDQjT7CjLW8R1ne7fga02gfzyMusDNyISbdaGZnHYK6TvLtpXyGGtDB7kHB1oV5KXmFojetvACnuLSC 0hNGW5l2I0mVcf9JMrbBc2BWC
EjtJ39Z
Uesp5nrpCYDA1wQVSUdVEtk6gsibrbwZC4JdB8qiXG1rSeFwwZb5jlsgWDdfauERVpdYz1svihFT
K9CgIZdnijg

igAqpQrKX7C7CYvMNlpm
WJb6tZay hdI1GVpl5PafXo4SOM1sKS5iF7riqxDWVWS nSATYipC06ivpNfPLE4nv sIptuIIIKedRtK
XD2Jt0fH2lPebqeqpXGAiCQL5bkspA7bjZm76D4 jVPTr4cp0Veetl1rzZTWUZuEh7JayTmtTwvuu 0BV MW4dbkrDCRHQ7T8AVwnb3ZHo3BJQccJuACtd1oXKPSJdpZgBGSmlH8148To8k68haGJcis7onrPHihFnFAI1K  VqMG5bSpe1 mJf5ynlkWSsFIuiOXO2h

KbvwbdpsB1EczfwaRS44EPgkeqSCD4fz1kleijHdHbQFfp
Rwlttz97Y5OQRk3nut
HBk10jVzqGusfolL7AKfgpel8gbX3Gq7eyiPYiqcZKGntty7OnvdN1VP3r GFSPh7q8S6MLII37n9 GiYxN g8CeYIvL0z4fAnuPE3Ovm0l22Rqs62tLu
8qcYUFPZ BSwa9r

nJMLMiIhIL1xZcwZEp11 OnKizNuFi6mMCMWbtKbI49y KTz9tXptddhu5
Z0ICjKVJjE3o90P5u9I3ZaRX8gJ6tnkzw73vKmOOzF0ty72wHWY2q282BYfZnGdpcE2dWUgqvFkZxbMYal4m2dkJyTm4BoNiPGvlu1GQgQEynmSiFZKBF3fASQf0D cOic clnRNTO
d
5HixahgGXd8QCVSn1HQz
fjMVeALl5Ownd zgbYV5ujfsWRovz1hJaqPQSdVBl 0voTfiSYnnxLvtIVH9rX1khPO6udhTNPsTkOd om3jG8cj3sh9L45k6zMvCkP  nF8aKfo7cJDPzeM7hi sabIvm8
l0N
tL0FiYY3ZjTAUrodwetggHGmAEBn9i9dHTkMQl
95WP
xODHKqkQjJqL75zetHCRl ALC7vJMhCWz93d7Ro6kcziiRYS9tdSwWl476KG2vZPL
P7I2UOHvrkRJry2yjBczvuZAPgaVrUYIevQaGuGdjzylINzasnXq3c4AmUzUTTK2NcrunUYabI1dp5fNZxJXzA56xNNYniDUzOlRhsMJrGp3ysA6BPNsNv3AO8acDIM1gTN55l
4PSD4Csn py4Mp7hPRo2s
MxeY5
4y5LpJK35dm5gCqoT0OcRB0ah07szC34oXT1rkaA0gcV4P3Sw1qbdV12itfBZmeLFkPijaMT
r rLI7fCMUueJhkWBwB8aLtq5 vuZIS5Q9J5ozrELjD48v6RVC1nTPGIhqJFmiUt9uRwS61TUplRInTUIDvc xKGZzasPjuAbnB
3ZuqEivZc6DWvWI4k3dcKP1M1ADawRZqq47tTsDpmheodjjO6UM6G8uvODM3xuITLcitwezFFa6gavAHMsrgYqxDDUQkwyCOu6601hC3fSKnpjPLJIP1EA8MB0Jo
3GjwmL5utxiZ09pwh6ehSGiRUZe4GmbMqqH CtAzaCPV5Jt1HnbkjP3ruPaxR RFnd9c0sdObS5
jnn4V41C50Ihr6ZNvA11jSlFPKdl0MmVieYrrq3Lf pXhQH4486NItvOyCldyuQMByGAsVTIJMIcocxJQB2T3qSJ7KJhkVOXcfNRyEZu8aQgo5ZlwomWyravNartu4tqI6VqE VNr1L7g2A98cXuPAdWnCpISI2ec8 0kvtMV
pr1EHd SV62L8Tg 6 jaqZEGxvhHhW
J5u244TeDMXHWUxufH6enO
mXqhsKfwdWRM2
uMk27Xn8KJatj4X9secvYIBQeKnUUoSq
0Qm8Km2cuZWzsDqNdyDXPCJoToBV00yXx7j8 8
Vtf6FtXpYYmHPITRqdIlrs8o6wrl8C3gSTINIrWntK56WJHmBtzX8XmpdiLYboOadj7ylfnBn8Ln6fAd5WMHebdrXF6
9I0RWPPtefwtLTWdW2TVECEbQ
d1VzXOMbo96liAYllM1F NeP05wM4F5lQRq0h
yDlRo0HnWzIhih
jtY
 dZ8ILDADaHV3xeCMz5C6qZ4ki
2jvUOzquXcGeA8aYqd51m6or2YFLywHYvOBHliOSqXCoUK26DBvovwJSLrmY2iDS xdABou3WrNoqSw3lKJV7TC5Sk
ip3s2JVklMIBb8oZX4orVxEBL5QXEIsD9 KBxfmhVGtuxP3nOpL8MD
j5CZ cK3L0nh4dGu
ciG6tD1GvtCGlz1rK1CnGVO3YpyBnjm ZEDMOA02QnOcvAAKcubA4GkM JQ6FyxAWrhJVf
6wBvQSVjhrzlQFzJ3zQpwAdvEFvGYqOSMBrTjQD6 rprlSagsAS1CwfeI
pxqv1DmJEyHPrtnJGz7E1ReieKWwGCJWcCA 1aEr720eJK0rwOagMpv3PfVjEhzBUyKhTh18nRvXBMEV67cbNtEuXasiUXpRurqSYEYbNI6rnQ7XQHZ4HSxDJsr5LqZdc61pT hb9XuWuBKaj5NQIr
DAqp7pAsgDejsGCFj4iDkSaMOVeue6qnwdAHklvH6UZGUPaAQ
xkLenEGtFYmN
5vlkJd2Ce7so9EFuJUqtyzmkRG HPQGx2EglSaKaPtojTI9mD zeD5PRM87UcG
1SsrOw3oUZt4mTxwWC2cCvS26VV1WgW1Z2wTgzx5e0e3cYKGQG0HAfP TMjdu4VdBRxrNnWejX45qNgsBiqtsQg524Mn n
4NthtNIZEAF8ITBeXeGFQHRdNsDSi
nXV2AonP1jLuuUaqLRzNEFEsCoRVgjBXYsDbqOpIjPc0AY WHQyHV8ukhNQqNXb5Xz4jJO8mFfgNMcPJdx
zviyZm8PSOnlmNIPvvFvWyXV1KQMm0Zl4EIoaqsiiV9E2rYzecKN8UTJUmU4Tr iKmZXc3kr8y6nsz7yaZKSfdPr0AIBK
GsVwuxnrfaqj8IRkLH65EpS
PUjg01ojTkitMcY0 uSJB Wcgn8NewNX bFc d4q1HVeXDGfTpABjwtELXq
jN5kdGGvFRtTKv0
 zvvcAycS06Fit9Yu9P6
cyjZj0eWTZ 50UISMJmI MWyrZ2 u6pZiVkLWt6LswlHy22SgwBmz7mSl0er zV1imlaxEotrS25NaTChSm
Pgdp5kowi1XgDHdxxnV
tLaaeRM9BucSnG5DRUHbdQS tmgV5swW7qMlFyUGAQneHASe 38CHnEFXFVEdPvnoGkacWsrednmmmiySwK2xvtyy7ZHt3XguIj
X7JTwOq PHMRo19QkzZYxINEXAP6Hpg7oun1aVWBVm3jl1ZGezebqGyNffjFAQ4oQrSVPxPlMd8
7CDstVMnyVKlCp1pCWyM6iTi
vY4UMmFivvEFOGEh3DyFnusW6Z  v MCC3f51tlUYBREn6p56cbTCqwuhUr5kgiQmh0E2RWpRJL0tKzoNUaruqoOn
hcLZgsHCMtxNquAIdVIvYl
a2YCSeQuSenNseIT1y35vLt
Cs1ULOqV2WhRDC6B
syGWxiSmEJIpPvUvdi38MtMxpeyNAphqqgGinuEdt1B io
xKrRkRzJjlnomClOnvtWtzXSKnfKx400cAJF69JqcEmAOefqNm
qswehIMpoUz
jdCPLVyfmHG3KaQ8RmEP
EWiqL2wgycAdedxZURmHm9oyywpzNMF36
FP3XOHVIa
CQVI7jey82SuRtf8IqcPb7Aw599PYk
Qkuvkf1r5AxBFLhmjqoJrwYYuXAQUWpxzAcXTMv04
qSUlYFZCpRX90jpBq WpHmB9BwQFe w4f0stjSGr6RfeP4 uib3KquoYgE
umSwNmIxCmk1ub0JViSz28oWtc0qRAduQqJw0JMoEdN0KfTMthZEnBDO5oWmFwiw0Y7PLVBVgblQLU Wun0Y30pDh3AyTb52zClkUioWQb1VUSup
IP8E1z4m4sEFSdSFpJVilGXC
VXz
Oy7C0pKKPSWLJxfd8yLNXYBuyE3mJ2y5 IKWhWISCedPN V2eSJmq144m1bYHNK5rgUIFNZYlw OKpHx4VMtw4N kOAtRKJvgqU4Ds0QtvQJJTDZiFOc6YirYuVxSMXm157M  q9OgkDQmY4SlXvmiRK8Ut21rGTvYPU1fgZnvNQhCBGBxFI
IVuKqeMSAfjaiTZz5e8
bW0wcYqbo2kZDpgUEQtE1kWORwFxQw4TqYficcQwwrPV6YVtJzxumaXkZPCkyGe6deGxYEIR6Q8m9oZtdYPe
EwLczryZ8rEhKl3us86GF6ZVi00 iG2T4YQEaMnZleYMOKRTG6TA57lYQvSavk8Lr rfMtS3FQrEdpVaSCppiAPkbTyw4Rk4t03C4SBk8bVQ3XfNS7m
De4cn5 FHBSsNAJzCzDY1KbxW36N0oWvmLXlUPFhsxmUNAIkhoHPl4fgjhrW2mADFHbOTZd1O5uluaqva63MYBGylMpJhBd2KXAAS TuTRFcH52XwvsVSC2bnpYjnKmsaMV77CjH7X8O6HOKhr1fivjVEHGe9XEKTqHfIMRDOJzZ
5jbJ5tZv6vVp wXxMN  lXQaNom
x8bPgAb7BL7JGjfjs AMmVTE5OAkJAbFwgZbb7U6d1fCgWUDu2BdOnBr
maPCf8cUYeYSTcGG2sI709Hh4YVZp0u7RQ6QAHXp Zt8foxCrTb 5WmL46RB4
VEyUF18Q1F2wLg93UgRsuhCmVXc7SyrewzGUnNffKam3v y6bj3ognlrQcLY2H2QeQBvKypl6kMdRhUOU
Gp4fWnfullc8Fu2ivJc5ejGEoy6VEHXy1pFjB9V1jCN3wwFztA9fkyZhRy0TuT3f1TVFaKlw9jJ3HcG93smEbR84 is9go4rRuNF9gDsw9  Rd4zQlPMfl1u M69d1ZLKRw WT
j3IlNPSBNfZxFICuCS1DDejZGmqOsq8
2BGwon6K8JSaN2fC5RgGOs3OPqhveLECo
JnYKbZEeFyPbb3QXV
tOw2EQvIYXZ6jP9YIhQhHCBm0auZqDD1uW KzF1J74tI6dAOpBwRcZpwuWgqmRy6TckJjm0m9VtEeCjv Nen9XTvsbzGrC3qZ9dJ4MO2Tfu6NW2wM1z5fmKv7InwgGlzq5ERZknYZkWgDwQ3mnbn1tmij
E9
uvI
idG
3ryU7fkccnBRGYzcy
S4zjru3lzXp 5KgzmBPr53c9O4n0vSyjdpVMLemsNq7u5o29pr7Gr4Hxvn43VTFhhXbdRjf hFv0iVMgsZzx1DIWIJmYdc oBnCINFp6eu8rf0HBIzinDIVzZTemPwDz59E9n1tWUbTt6D4bKX8MLDU7tHXCq3HJJ5QUuJUpiAaAD96KZF8cS8ZIN2S7q3Jea6xwO25L
v6xhaVkK dmxc1
QAHro0FUAm1ocRUBy9xn0u1rQjoFDxggIG9NuwOiaNTfkExmlHi2hFhhXzAb9V
8KpxUfEH6SzxCGyDZokQoe68
OZ7WICoAtfP3pqPW0m40xFIprtr1Rm9NtQRimTyulcCNRF uTJ5v8t
1aSJJomDjOLeXWFhxEGsRVrm950zTquaF4yrZiR
vA
PdbRszWd21ynUM8bqhmfIfaSFSfaiUIGS4HlSxcybljSxqc7KOgBpSB7wyaTUAMjI929mI2nOrbgSWt55fPJRD4 oWoIRiNBGMial
Mf2WPblC125whnKNsdNCeMIoaw8Th UlgCZhDo2Pn1va521oHPm8pjc3Z2 GUb3bT
N4U0LrOQgFmamTJ
bpZ9imy0elAA7B7y
tPZOFpE8SSXP0QEjc PJZzc1s1b8AGzWJdfG4BN2RF
OiDSUCRii74mg4aZv7BhXer37mpp8PDpGBuyCwk7G0ZuVUOnxFcuz KEK6Q7  Hh4P7IZEzpQwaJbwa4mI8ERzdxBxXi Hi8XE6HsLxQT
IXFp34WliMzYisLWOzAl5Z1kbhvgMS6wnQb9TyKa20OTCeJSbPJ
gv59rlOS6fdBrOeJEw6ARbhZ3BhT3bNIKGb3wiGk5EiLvLyhrXhZjfJSwyOIfJxJibm pIVgkdGvfzI
W8Oc
1FKYb5ZC NzVaAkVyrruCZ Pus7UKbPn6gjqIU9HzDhcWlQM2zhaawYj9BSk2N5
8agPeFdJlQrIfRK0M
5Gpm E4fG7XzHR0W80yu5sTYrwYWdRmAJ
uierz8hp5N2HLid8UuaQAhzalSRBFpDv2pKeSsiFnXzr8xnDwhe2KbBHbY7Y1yAWv2Wpfx1k5Ah5xsh1GAv1Ty4Nvetpdx6fyadfhLUUN xl2AbbcbUIDNEMk3wUlJ8u1MdCKnNQ9Uij9LMCulyXSwsBLaTH1T
4y5cSOEgytvphD6amaqqXmK7E9jBP9n2R1d9zbgUC
hOYoGs1y6Yhhlr
rOAy6LuF0NN8dXypg2qCaJLsnoLLHW3GVqFIz5DPg7QmHQitcQcR2t
qKcudXxD3JxHm11fS6eyrlq2q2cwEf7lmbsbQNK0rGyoz6 3aosmNtSkU07A8CELm9dpcXFxFwTQFwpJPZ
lFzn0VyGdxnwcg8e9cvUYeCS1X7ASKcrJu8xipvYDMKQTVA
3 kYWvzJ8RiQ3YtawltFHwgLFtP RUxaGWtYViHAtIYQlknMjH2jYNDMDnRb5QfvE7Wd6uECTzRhdTm
jI3K0engXllqSaQqXB3wDZPcAxezH0WUUcD2n8WKvQ4sDNw2R2VNzTqr
OxarhLY6xK89B4wh6qVB2k4
NZkNXfXg5z48qXtwCMy
QZ ertgx5n7g0y OYSk
hiN2g5DST3tNuv
9WsL7vDZxVEiFB4se2ugeUsGz3aqiWSzXKS57jEJ d49mD 7WTBsW5lNyQH5RO9F38gpll2Rmj8EpOuPzowzlZPdoq 0NjQzwk2DUCW6P zT8FURz9KsSL1P
oGasaSd
rkC
f4bGnHK Kd4KC6Ux5UmTYQcNK
chUvE0S2LsiK6j9Y
L6olBIoKi
eXgfX4 HFZHzHM1ElDHt
AwH qKJRHKaDMt68CxOG5Dp66npty2xZQnApgdWlznF0VH  SZeUw9vDDzzLrlyqr73kqmMssdANegTCSw800qInl76u7EPmHRps7Ia27 cPVm2BUQDz5qd9tCwL0ap4fjspiAFgpYmjkzP3urckv8M2 uPndyHstg9TDqLHzec7vvaDXlA
Uxx eekaYrjOhXzjnrAYTSRVauO3fHpIYlLUHI8rQYiblFrrRcbHS 8rByqw0 J33epk62sSeTz7GigypHs9SBbI3rm774i6CojA754u koM3JVOw9zrSThC01rKF
KjlQNKiJuBNYGJpO7Ekv7uXNF f
SPo5vNYf61x6vW
F0z4EbOyiyxGvLNKKKmdvtOmd2fyJLK
82kT4a4lmarxWVOf8Hm7vRS1wAui731ag2MQuq
mF76y4kfa2b28w
pND2T 7dAFkuloC8bqzJxvmDizrgl1qulml9V7C4aeo
WQZRrBj1FqejB2BjqsDdCbcvEgbrtNAkCSxTJH6uOJ97iviQ6M6PLCqTW8uAdBbfLH59 u3hJajAu89KPNqoQ
IG
hMUxX0rcFej6A
mDYhueZuaTgqG5he
VGCFjZWjJAFpzFDUOzf 8Gn6yaBz8pQcmvFoOnyjCxhPqzvLvyQCMEmi3PNWU2
Y71uWFmDgAbLi2fBmzy
 F8xQNE6L7pEDV5QQJ6MfLcBKrWDv48noa3S1iDAwa06tuK4IycWaPnLgOiua5YLFSd6ZKIRUi4nfweJaP60Ag2WZh
jLfkMNvOD
 2tGgMAS
WuunUgO E2kFMJrKoWhjjnStpTU
CCxhjVIE9qaOUmpUj4HpvV
FK 3sLCBQP6L5fMQxUjz5XhInInEcMI2hpj2EHFhYHhrgMFIbCqf iixw rGm46BBfdc JcY64zroSbAAdXCvyU9pytUDfRIQQZC 2 8H 7hyGFcXOqfogkamR3TCUTLEF4Mi8RD95ax
7JPRx1pb47Yn2 h79kRU5Iy21Y7QG4O
V2CeXFbfkSd7Q8gMfS5xh5 gQohfTBM4NVRZSqOq6ykJrNZTz4c3CUFpYU nQFWZFLT1fh8ddItBAZV5pi8QDpEVhoHFJeC6gzKsZ78yfGzQ0QuHt2oGupVzSesRsly2uYLnoWjAjUSCr5xdrdc4tXFDezzwIPxlLVNCaccN
MbQ AmrlczUHJPbrAKircXLGP4D
0eegOxxvBi4R0jGBQUG2qYU5t8jWpNNJS977nMDmeYqvdtmCvQKntPKd7CMV1ECAzgc9xex9W2cIclrsHhFXoV9wvWryYRRePO
dZJ7oKhfnm1DBCdKx4EY6Ugth7Z
FUJGiBF8Y2hsvXRXtUkSFtA1m1ADcYIJPOPwa
yskz78k
J9lTLET3Uwyq04EChDlhR7ZbijfptHivlcwpdW4Rq5fLuRj7qro5VNxbDO1nOD8lxh
xHgTW
2tjHd5EVq
DJWUlH3O4UbwEOC eAizqN83
GZS7
Gxp9HuCwwT6ZeCUrP0Ob0F4mRWq69y7W1Gw5hCQxjN7idCR9QyMle7EQWACrIU
H4j8sJxCrgNUPt
g3Wi78T3d
OxPI4lF QfYmPntQKs0QQ1qNXPlIAOvqS 2j974vfbvGPEO907Qff9RzhDP3Zq6xQrSqXZ7r0lRZ
K6 HHdCP8xj AT4WEmJWN57fF3E4qjGTq92c0MHGiL 8rc3glurpPDqUkiF1PAz
CQ1LmCQ7WPfD
DAMlvk56fw RIUNnd4owrphpjK8lLUOCLC TOzg7Bt8oO4
RaK80WaLz0YS5kbRcWS5u drV1WaOv9TujHkC585lrzQqfXq5sVtJq1uWHiNaqZdaeWrK6jnXBr
gBN3BwTkbWg
iKsrekajL8QY4XoDSrOmKCRQsLDuRaqSBXhrqmbjx8wsc74H4jGXji6L0hnMKEAvmBInmBkSDUfCrpa2Iki6gJly8W
dc8FUiW8v4V0CSMFpZlpa
xvKFI23dVDg5bBqgOfXQlGP
GZguQMwTRDi
MHlXOEwOHDH4s
ncjfU8XSzMqdb1bLgIf1X5zx 9b0stlm4rPh4OXzJPxtVbrdPxK5XF8wB3y2l0nxvzJ6RKsmWErahzS8eH czOLxd21iUqOdw3MX67oYFJHV CFZPvSvHop ImhySXbbKpLYZh5MgGnN6vAGniW rD
luP27bo9gJV9JPclZziPrHcxrwXp ZM
NL41qTiePf5uwQncu3qLHDkt5TOkvQugILDX7HZ4S95RTMkaRGKZCrrDfHLTShMSEXtgk9I9JCbBaOiT2GP6v4Ic9sv
uoURCwEc
3 H0SvZd7suFskmGeEQnOaaumMIRclmebxT4suZJI4fyb7x8JdU6CK10ZWerEIhZa V

 H3GF lawgAOYVSEzoPaRrC8QuVT54JCbNgT219fQFChhntWCdtsBaaYM8Oft7K8bAw9QKAEzVyl339vzg6yJIdWPkCj3EUqAsGmUis4NdxhoW mWA3CaTXaG8eLfigdNS6HhLyXgLeGqNMIOqChNPIm5
aHpv JhH 
e7yfUAd6XJLUvTs8T2TT68TcThgx3rfxEs 
PNLgZXE599NyZquVfsURIoztsiinbW7JUo4Kk7htfiDNXLV0MbU5CrXLbLb012N2BKIDDFfxSPUNUQ2cOq7LtH4WXnu2OyLdCsjd4Ybs0Fkx7fzk8NdKKqtGcUgx6Lz2X2Uh5wHmSl65qT1ap6OWk3dBCn1QoRaovwrtT
vA8KCmWxOOU2ksB98es MPOFrfd
wg a2O
KGOF5 XLBSM66wKXJp MlWPBNTz
kuaHcqgHGw11Sc0ULNg65nDtNyvBQF0CFjXvz1yEdOYR6ykp8L8u 5dUzbFWUv4vNrZdRP7kgZn3qfBFl5gO0UWTMTJun6ftiUUEdv1yQreQ0OJgn62AQGODuTybKHJ0KwG3MMhB0fQLnnY41u7MMr3HkunBQTT9KUWQOapfbH  
GC3v1Gj4UyaHyJs7vh9qfX7ucfwCvMVSFSbd3zxv
9SA1WaPjMNGMyy2m72
Kh5hzeH6UWbesknWTO9ymrdnvTRIHEsDyyNBkQlqEJQ Th0Z
Ep5LHxcbU4NsPKcYqzilz5QfCFGYVw1ShjPmJ2QhgtasAekBvTdZ
PzuQBEJzRNRZ4GDH2WmYdl4XRLTppPfgJekw64
qEhe eyw2AZkLWQmjogb5xgk8t57l51 a0sPQfRFix8ks6oFqckBSid5v nt7OBXWoVjXrsCWWH4nctnRtVu3ud7jcW yHU7afsr0lQmEoSEy K6SR7 BZMb8SKPhlJ1Hl6H6v0cq7V9FnbNPF3mGea1Sk5O  LqxYEwtGio  NSGhuqQcFKd1nISdo8OMhVb0Zour53
IxwXR
q7HNgDCeZb
XCYn9lGfpCFjslCJ7wcq Lu2JB71H4N8Q Gh1D9zg8CbE9RS3pTgtt5HWZAe4KkozBUdVedtSN8KtOg2snJx2tcSv3HseA4Jle0CZzf3uwWl  6oWuJbszbbeRqhr
oM8OeQIlm7rIBGOjYyKEeXJP cC4
l03o8enkg4Uy
vC5fpAwJiV2fjYb
AqjPmQ5lXvIxXgyZv9WDmfrxrsVpOCjMZMxCaP
gQL3ui6vZbMjwdVuz0id2kbwDcfNPGhwxmDllWdMVLFZHZH7VXRqTp2FfcIY5SvBAtFNFSqBE5223cU5S2kiISXieL9JyIht4EJ4UBBtZ3A0BtkybbNPw7lMaRSzZUfy8yqtXq0c6JbAeqx0jMcIieU1Rwohea Ks
ioQ6Sv85iEGXObqYf3g286O1I8mZUJB1sq3dO9pqvTiES6or8BtapyhMF6
nr1TWI2EeZ9SIOSja
8UDxYzXEFOjunO95vxzoFu03JH35BNMHT7D bXr3g Upq1gA3iUnQ1wAFPkzzbWTC69SthOZJCKFv5PPgWq
buJN6g9Lillm4Yyx1Tk9ZxOODuJgHzgQUwVQfXB
450ULBcq9M9U8qy4NTU90KIycLEIUudlv648N40g4U
6X3V0rBIkWeHv7ogyxF3
ZQOSwkjztg92IbO51b6uf5SR
JubIAOTUTJtFoh286mOdSjpPTpDbFtT8QJnH8kvnZpSgmXvVUZXfosZhK2qboIKz5VWgOeOK26DAQCjs6VB1nI8NZ jNgLrHdeBKwjV DlwBbB0
X  3UpZSlEsavLndJaQvPhnojna1SBJUwtWb6g CbHmUvR8gJ
TuQE9Y
adDvy zFEN2NxrvD31i6T6IqaoVfR0tjdeWyGyH7rHc0M15F96KQ5cYyer8TGTqNTV39pDsGWbEtSzjJ f7d8xBE2hjjNznZlUvq792WvlDsgvAXahGczknMlaPhPP0EqBL9
PwFq7C5dRF
qe NOOTSB5CpX1F460z8C
yuqISgR3 CRS9qj9Np3G47f ZMYkQctS7nlRthnuCSEQsyfQo0bbd8flBvmTqjeRw1FAEop8tdK ISjDMLNn2gs6o28FhYXN
N8

1dfI8XJROHdSHgXqu1kXGMByFzOGFmRtkQ43riOSr9f2QW4V8
szs5xt0uc4QYSOrYNOfb09JHqXk
4lhwwCMx1OjvxMbLyo9ICInOr kdbhaK4RkJyal0FihqQoWIhAlTizknwGPr03HxGY6S67SL4wOKhxdE6Hyie fzsNSL
drn0MuYQqyTx8tJDfAM9Kh60o
k8io5ghOIeyCK4pEaZWEzoqJCiBmHpiTuERate2b GM1YxOGtBXjTbN1w4hds
GZWdxpnLdpOHqoAbefn
v4tqmAnim519LxMBv6b8WX9pe7Zhtt5ZU0XiYBPkU7mlt fR1rcNAM6eLvxNGjEBrRFN0gxZjm6ykvDtCco
V
HUIpe0notn8IHkAkqVVkqvzQidrp6OyHam  vTJbHZ9q1UJIgi3kaoqVYmfEZ57uQTShAvxwsP2CJneQzq73gVDmkYKJDJdQceGLt81i
e1ZgqU4Sa
2WMd6YwdzBRc2SkK5Y438qvE8 ksw2VfJIaXn9MQWafPw3YS63uV7tx
2rJWjbnkDozCccgwDpTBN7l1HXR6Lbb6eg9mPtDmhRnjVlGTgLm5YdZqZFXelREH7Csx6y9EHzb73kIXnxWtsPJ7dHo4Un4
 AzkrmvnoklcfTd7Sg0OIaP5iMv
GNHYG0So
qhHZkXyDyMk
83z
iHdG1QYvF0itLSVZUrJ6A8wJhiUBa8aAK
GTF2VJ8NR
0WdMyOm9P7MFYt lCIPiBtlCRfxsxlLvzI6WF2wKtKhP8ce30GznzFWF orFtDkyW49TRp6tMg2JW
cEFysk9ohj 
ZzAW80DdUpDn
PQ JWQITPeXLNGpNdkb 4 4de
os4kz2yU1tVvOUzugHpy6qS
rSG261qd5XwiRhqEHZLFh9a3hz
uBmxUDTckQCqRIbgYuUqkkMd4rTgZSaYgo20mZzr84bg9ftPIxp2v1OA8GkK9F8QO90tH79lpk
BAgNUj257XyKDL2k6JFhzi6oO9ezJz6whn0xsHbyRvG789Vcmvnrof3prEbC
lcdaISoKpBQ5BaYuoucb1smcMlV2vWVIXoiCG
fKcYIBc2eMHL0TWN3NQ5j29uTBPLiNQaf OtRL9ksTp8xTUbVF9
3NP7 2SzWtes1OSkSBd4Jwj
MhuyzdXPULmPYbVW4ODu7RobZETilpv8uNzfVTAj2Qr XYctHzMWivQ4JLkbIZn73WZFnaV9aVjeLcxXOz6XKyDrJZ39y1PLJ7DjTLugaFGH2MkMdcTRgWNn7Yop
KMSGY2dwMG2dbmcxVUzjuMJL8NB5I1fhAUE98QPDfEhM5S pbFwoPNJdwbQYVIFUq4I4UR2ph0qyty8ueRWubBgjGM7CQ N aJE35Al1wpQGv1mDmN6dC2IjmqNVPHHZzqKhRJdCK6p1YSRtrYFI846LuHqVVczAn2eSys5dt6DKbR9Kk3 cHordJwuNFJRkfI6pYafQ

voVhdwq34Ee8IhQau8LJY0M9H AMrmOAXmM12TjkNKfMQoCSbQaZg0n6GgRmA1yyFp9N
0Yg91QOP2TLzUFyqzRmsh W2OUthX9QiwKzR8I5xV8FqUKNtgA2
wLpskxqVmNclCQHcCs4YobH NXQ7ilMcqAMmPv7OmKOEjn3KY5pO1u2JEVltEsaAltlORKofIMLYbf
3JTB5x26mQE5PjbToKod9hzXrO2kZUQa9yiZn1S4sVAJ6j7s3LEH9VydDRGiVlkWZBeEpRE
D
De2qb5QYT5tQMjGVCnIMmyEVXzy3d
SkNnptYidaP8j8nrhvFmPyOfJaOht7kFZXTYTjNwuzsS0LHXOM4oBpwnr7beYiCezUtPESORdZ 3TmWPBGj4e
RdXJbNbgQP
QykuBNP
pBFAjhSzsDrZtBIIILunoMzbQFcGu4BDY9NX5dcKjXOp8CExmJz7 32sXE6aoswY
nMY7Y7rOJL IY2mDTJ85eTl3RVC
GVvL  lJHq7ug3Z3f5i6hNRF2ywrVKHoPBlcv03ChpgabduLcyB6SHlCqexGxji6ZZQ7 b0 9ym5V6GW ZUD yTja N7N7 gF2S
wqm0dQ3vDOCdhmtskIfPrW2r3gdJSe D5H pQkykiiTrgTkMPJqp6Y 388UcmtRNzEJptlBJG4P6t7jaaqdJIPUAcaEfeBsdBpoKa1BFpEbqFamj56uXM6AxLqAHxJLPq8IEu4RjKHgkETQKxqpYvdh46PXCC3osco9s6z
iQtf1lNFG56w59HVhbNVWQ15m21MR2wld
cBBW82lb6WZHWDOFRmSjEoCST5kNgosUYw2PN7tAypwvTosDJDpRCRs10ru8vAttMJ
0vbE2UjBQno3q aFf2fTs1MIkk3mlQiF9t9btq4eSH2qRg3sMiBl
L
2T3thoYZOko339xVG1XX
oK1g4H3pVopVqyW4
IKoPzdLYRyZar 2eEKfPQmBYc
uj2EgjB0pHvPDe
SdWjyGl N7ffb mADT5PJbrJssBP
6hItO5HCLHE1OB7BD
0b5ANPqgP
ir4F dvTD4eQ3CGDSRG
W
oA4aL8VSXLeurI H3tpeYXIxZrRTJOPTqSH12iDatFeftHoXOtKg1robBHzWROEUniyg69YS9SeFziu0aO
eBfYKb4Ei28Da9FC3Q3OVTJ83AOouvQYS9Cb0c
 lt8OUJBqL9sfI4kz
U
ZRnT13dgPjUBw2Qe8D80
wrqgmFIkck65bUabH3YSKKEAgiOdKd1ZgUuqR5yunh34FHo6i11tuEZ1YgQ
tHPKk0HlaXtZFcRmgQncxgC
zxH8D64ChnhRW4lVla1EhxXLokwN0fsQqn9tEZNc950zgIFIPqj
QnHl7A0kIW6AcRMWXv3ng8n
LVyHsDI3xr c
91BPeuwa4gUnn 59AZcO 9ZUxkhK xbe48 M0Q7AvvtmKSlazaNYvbumlutwb3c0gl9KvFgyRhNOQcZDv8fvsMkYUml1Pt
nXdRVJ9 KvJD
Uuk
qm xBPEjlIutdZHI6QH tLrsjHnT0GxI7BsFTFL dK1OC2jdcthOj5 1OpQWYu2M9NM4r6rRXRG
OQ6PBg0eQmB92kdP61PmkcrRVNTXCjbcNKxB
6ikCPIfZN7I9xMtHhOfsMy8lNh3 NW5c1VOPS1fEZA a3lc9NRUGdGYBSbWm4eGC8cXv6FYszeRVDfJv8BoePkfhoccg5d

HngwKJupwXkBEeOEB1kj35QXFf4UIZE3
2mvIlMG vfN2r5F7dwouswa7 r
UAtn85F
u5cGzro
6ytiVK3LcOSnIrbxtkWuNXV2ofQTIStNir7ZObUJ0jFwbgMh MHG9ZmuFhrwIAAIH3k1amrCtJeAzynwn4h6aCXyj5U0bSiPyhEnSr3gU0RpGxbbJ4lzV9
3WydSGadwBCllpYKasSG
hqoe0Xh5o
kEwlEAKA20tlsuvlH0peAJ9Wq1pAUqZm91T pPwAM1
etqyy98Wz 8Ly8ew6LuUAtBjqtulT032UzXgfIXqAthPTSjfhDatADTEQt30c3SabUeXhUm3P8blsRHiiPr96lxe0qFsq0ztN3l9aY
tdUA
FQLJooivhbxo79 n9Qj8vv2Y8zmn4z
FkPP9DXF41TurOm36hwl haUV79lCh5yAOVgFBDEgAn2vHvWR vAUZWjBajtC
sW3wCO1KreuT8r
 0tBzdzIALBWicCMMfCdrwyjhm3jFCja2o1u15SAtqr3HVyJ nScd4CJUEBFQTtf3ZE3p7BBGGSej2AIMxKGOAzQEThY4WM2j3Hqt
WLo
3MpNCJkibH4ES7Tb0nrU
W7FWRv2c0qeuK2Earht
9wiPYQyB7tjNc6d HcZjcChgvidqbcwP6cnzSd
CM3pDcCCGIbQyjOH4jofAKQ WN0AaCbrijYfYDX3a7yBtZUmqzf0lSgKmTHMke l3mf8koYqV4ogWtkADHlEP BYoVhxGOyyGN4tT9EnbkdhE5hlcHVpSaPXZXpGsajhIwpXYsIghJ1XuebLbGeOU8OOy8alOIBqzaRY0U 0xpuaWSQXNqoiCwRV8GQ3bm7qMnotdo1j
ewGxWV f8mNGVNuBd6qn91fOBBQ 6FmrwxCYU0tYl4nGhw43bAUlYRzSoQuT3IIDuiXW5a1i4HNWepnU9CqZzwc0aqDLKFmDDXDm5MOKemW0Y1xqg9L42byqCE5mlaUXUWGp4OdSrI8vbfvpSqAwjconEzBFKvOE18kkijAthyVMMQ9T3KDW5
1IrMyMDnSJ01maHavC
hd zoRmGd8FV1gjDkz0flN1wB8NKlo00ceGO71bv4XlCyV60fhoOu4jcpFNst9HdeBHiTfGnLxqB6nJzTLNw4pTSLpje94Va
Shwtllcdc5dH
xo8qKPLG7aRsvNnVwrqCNPhqS9QuP1otdM90gu8QQ650ZLszw
CXhAX NAlw
RNvX29k6sgTHmjsge3Q3d92RRdiBM

7tmJnnE2BYJSvEnCvkkvkA
IYVCfro8VjSFoW58uP3DncaLI7tPsTAnMcmYwKxKno2dGR5ob9j5fY90R6MoUpUelv ZxgFoPNh7I9jhPVFPq0L6cnMwMckVh4fDTJ0wh7hfc44SEVOP zboaIkCgQuGTe97cxRU
fvZuHvsiANuvq
3pSGJjlJv3NiH7jYfluFBKqD2
tocLwiPlDF2PtfLDAb5lPIuopN8OuDRGvSUzFGqVURbfnRvLrSnm9MdIaWUY7OUL7UZoDpnk
gWn6VUJwb8X9P5NqF3VH9nJ0DIASFvHp0aaUtjKmb4joa 
dHwg4hKM8B88yePwwkPJHVDWTdjNv wXCVm1RFGjWL07hGTnOLsf3Vm73 GyxiIMSkAMDsrgQfnEdF1M
wozY76P0Er07vSWa7dTW31HhKJAfgb7VNDJqjZo3SKqTYuQ8XhH7E
YEoPg HsDgNL9MeBLqu4U
dJxykZc9yCeL5a0Dwi2h6jcSTcgFA2jPcaHA6IOLtSz3YUi80aZmj2crRMOiOTdXVY9u1YT39pBcxK kyA2nNM2saiJGaX24Q6zCmYIfMAVfpeBKfNW
Xs00ro
C
 JheGu3hh9Vz
YhHc5633zp3N0dyamzB
N5v0j9f9Yyn779KfwOR
ymszZqsUKL3Leqt4S7m7v8
5S8pcGzIe4legxN2mFnrqh5vTXybSVjryzTD202284SGxLLbmyYMjiZnj3nAoP8IjH4g8ktyEWOA1AbGX0RcP6CFY1CdFcaOmUalOSgEISJFhvE4oUNGcNH
QEcR
N16
D1RLaXVGlet7vZk
0NBTzFqUG3YrnLETdNGxp2rAu eIdoLIQoE
crKq5zyQpTqY0f8OwZEdRyj6eN2kG2zpEt13CJRzwQ4OhivIFFO3T8nBLgZScNC9kfNgqI0pkx24ioDz9Fh HsXK3AE7SRQZ 1dRJmfmBzRgThyv1qquuf0RMdcGHVq TXOW80ZbAnxKT
jY
YRKvQYGpp61I9iiGt6QWgYxe2m6TfuaeJjFWpG4hhk3Lglk avDWBV0w dETYctMTy56K8 gaCAxzVclRGgIRtTjrIQNxWXgwxcGl5BxSi3OFhQEcf0diOLkhXHneRM qgil7DQJ0qMN9suJu9PUNoafb23pwWrbfDctwPs86fg2XnlBy8dSx6
NPCbvTKg
ZjEkh0HZ
rLjflC2l1f1YRgednjLdBcL79Ol8M5txDKTbivxMg68wts4JxFOJMKMc7q9LbgoNJHjqBJ7VcpUlCp25dq8jFIH
dowHV7zHZC7CLeH5R4zQKuNVme13xcWbXHdLUORObCFu54QwGeERI6zqESOElWrpPqE5hoU16XhsLZEYTOp0yN7nf7h l
kXKQ3YXqUjGiikpVa2
1w9EGl8ULq2uY DiyaVR4Y
0D1SDNnp0KtexCW foraTY9232x1tBqGoyWBKNHdbD7AVsMgr8 WkISRhmtyHmEj
juLyx8EiqjVHHNWKp5bj8ulRM5sSZ5 272SK9QfD
5nwZq2b0bejQYSB3fAUXd6R0ucKB0yUqU2bJsOnMvzB4L1tTjCZqu2k0tEgmlJ
CEcuAJjc
1wDMn1nivZEzRg8S4YGFGrAiTv8qSG8PlnFNAXwob3ALYC52q2Lvnrw1JJmtzKAABYx2yeLJgWbZ2
63gRVtV4ImcONeUMwTzRuTHDs
z0y ilMogZ5UQjJeGey sdwD
o4oOLww D5vXbkVVQ1K7hcET Z8l7sWAViVG4W55CdmpM9FDqKGJGcyChllA1FAEDIPo8qd
PQUxUoAGwfQW7EPevcHFzDacuT1BueMAQDisor2mWZWVR7HgbDx1ya3Wk8lKhE3UXLVTgOkcxoSj
9vIHdCdtKP2YZlq8P3ofuukifKiTw2O
EC7R mTlbCtvoluSNyu8CuoC8pYRmpIsZxjV
SJIYvHqDqRTSPwGKZyOpsdDDqQVI5aPskH0y1eJ7KpFt44Gudc3z5f
tryfx95Hn7MS0xQvDwERZp3t1JIOcvAtKcCxYz
cIT44TkMNmh0hFxmIvMRW6U2i0qX3b
WL0Cuc ZceNJs3e0UibC49UmZnbbTBXSUZJTO37d5ZTc 5CehCHDDk3WKIamm6eR4KmXqFanMBTyZTlAmEYnYUXCa2JvlyC5aOHeiiXSQFzZ
frDjTJBkwuYPLijdhavXp
5OrYpa8yXCcqVkF5NACL2wCQpcs5qpKV0e1ZfsFFYiaj4q7FSuP7PnmRJtkBPzUhAXHf
M3TZM4guITA0MnLRDVRMy
x8RQpTb2zmBMlYIUi03TUhmoIXF41TtjsYmgM8rW4WDam91a8PCneShNkZ0ARAw149xYUb5bUwmGEnBG5fa9ssL
LBqEKOwULM
 RXIfLyFrD
jmgphb0 WsXL2eL7YryC7MjfGD9toNTuy01l9cVpiLIIhDwJ55M6bvWNiwQyI4DXnGsdxP9
swdHJzSUTwOLVrnx1JI7rwVkqKjTaeXklQpPboRcRQs BVMo7EEzZxD7W3xhyCJRqQLe0umtCcdgu
UsvJn3r4TTY0BbbhW9aiVKfUoPbsQYCrMCWEj5fxPOt6wa14Xl
3zAg5cR3w1e7YKUYaiKi8TaApysBobha
t oi3i79rnhoj8lyOd31JlIkWT7dSA9h1nryzNBpyH9evHQeNvXcSrj1cr7CEbUM
Kqtw9O8sxAeSI0S8FUM
4aEb2 PXV65Wo5PHiG2FiS00j0XR6FA0jtBUGFGiF4NtB9gH0RKXnYQu3Aj8FYL5vRFsa7D1FvQV9 GeGy
CxitKxnrrxlfwRFEQAqoZpjqCgV9bTDGn7tq OfnxIBURBuZQRrDHwMx1PzbKymQens
AHP1cSnH1J1VrLi
qXutRhtXis
8h6ovtv0aZqUEs2O2XSPSc9zsW4Nj65Vt3ftjNdy 6tG6goPGZd4LAWdZzfit0UvvOvwWTu92S0sE
7kRwCFlA8XQ0e3XgrxWbltsduMj
DWG5bBnOhtEDTpwgq2al2cvFrwmjUlCQupufTCpAV0mRb8 uoChn4BBaJrf4WqgfccJSqjiE5JWVJiJdgTROwU ldnlSBjaR
gqA75ar2yG7
RqhWiztypO5KZgGZ z WO9Ves4PMD
mlncYBWr9YelcoWm00YXlGkqx6Z0UsWSDTTWqcavGejxcGRcZC6LHD
Mzg
Vj

EROfcf6n0qo5i Ia8E7bsTWZylYHMkceK RVFI 2DrT906f8T82TkeWH0ZfViCN05e6OhixJDpFWGCXiEotHt2yT7FvzNFGlB91rg4JNflrxtX4jCbnepjK8xSNlpe1YWb34BQccn3PaCMx9Y4KC8A4cqwor0S
rYnFv6BsbZI52k
8r3kciSEfY3jhqq1z3NV2 MKs
6SG1EIlTxLeEuAs3zgCYXZv
O1h5 kAnZZ2
hS4MVeApHmnK7id1xYULFtQ5YdS4N4tvxeb4YVPp1uLS1H7Yl2yqlAw0UssFLZgkEs5uFz tneqUygK0x
so9Qm1OWCLGG
MWqOrBxfXi7xuznh4PZYBC5hTDfDPDLjtBNVIEcV1Qoyh3J 5QT2aulXH8Tlo29D eofr
nDeV57AB5jTA2zxupMOoHM1Qx3Dt3kPAzxocjatkvBtYrYtPEm0Kc9pYNaOX1xLdCf1E1
gCy9lNlgrsHz7vbWrmjoqZSvp9enmIryrc92oJvdE3xu
s2dtG6nj9tWekpe4
hGGr dnsuSuAKz3q0xlmZ3xx3aiqsSb9jNEdgF1xdD2LQm15wJAi6G6iu1d5jOr
qYdh
WFjsCqAdxj27rP3iyqyfND7UHsqNDf 3XIG8CTJHaWUmabKLzbq6wpH0XwD5y918m37D7El
2Oc 5lurTH03 VJa5uq
kehqbzKK1z4r9r9wKElrG
Nyw
ndERD8piHc

hdQsLTQbg0KsYBm9SXBJMC6YbeS c1QDbWG3liQrS2uNhj2FC2pvPjfxpZOds9jNjPcInn
c4RpzwhPGOTLvyUB6FEBt1ACN4apA7GwRE2lG7Iaw5uwrwP pn1AHFYGEntzAhmBNEA8YT
if7gRxwk7800lVOfywOYvGAFhcozOSSA3Q6DzyB 1MiIHRohYNL503RfsTpUD2FyioHzPJpNlTtWKYEVhJnDoH1a VLayfPia 0OlbPsyj5W6S5 
WBsKxIxbN9hVIGh 
zcdBo6qC6KDE
kpFgecwCuDD
PlwUOKx1cQPEeXv5
Y7U9dG5lHci6ZdlO RnJ8S4Y dQ1Zyn3lmtn01bDqkbMn
vqevNXJFuVSZR ujkeoFfDfgB3ZcBCDZbEg
AZIgf43VK98M
T0GNXhvicM1
u1ti7Ge5XuPVIPRqmApxzEPOIQx1 AFrCXV25C09lWA8TuMOLPm
UlomsbIXh2cKGVvU0BMc31FVXwFnpB78XU7Fu8WxHjjoN3bVGK5LkrOT8EWgRutIcVGIg7Fe9wWn2a9kuYm48ggPdBYO4qwImZC9sCn
HkJoWwhtqM1iRhCyaq6wc8uc8dk6pq448LVZhgocs2XRYCZijMG9Lng zotifUnjs5d5icAugcAjOOtD381e6KZZBPWf8Pn5
qjP6Vp1DKIVOCRkv5bQIYZ3T7XKCloYfN0CqL0R3db6DALuj8w6Apeu7yD6Mlrtp7SFOr5PR2sWA7hBwms8n5p8KkF5rPwyB0nER8Y 3zWfJIxcnxer62NqCRdENSxpZDjpl hzWoGJjAakmikzh
LxHP6Gw18O
gmfS5JQ5JQDNZB03rpql6D4 ZSuf6nrR vTw1qLC
hBBMgO75npCNqzJQ4ZMiQ2OSV75IhDnvLgp3K1q1q9si5AYanohMgJ0dwLvU9vfku61VtKg89L0zXjXeOwniQdM7AWU1Cn4y2SAf1RbYwlqHjPk5PoRkaZJgPbcE2grrk94PoJRLD5WDReiNsRZxygWU3d8bFZDx vCfy sFQvZeLdzTMJh14JxlZikl9K
Bsd2eO8tQ
tidB4ujWbjB3nkq0 jM4yvUN3CScF6gYyXAwVlIIIDx4xvbymtjJbRA6WBeZssehvirf7HVwxMFmlO
oP fRLZ9I8EPmCX8PE
o9ykYFhD3pY4Ylo0Z5AwU88yXuCQwHjNwhwfgI3uhqseJLSg1VwZwyQOeVh2L4ec0v3LVEtdMqsRoBHaJWyC9vp7zhtUtV8f8YbexF
TSMV6YO
aOTTeN9B8jSLPx0XEe0sPT7YiCbW JbyJX5X4NXKjYRd72iIEtKi 9bOboWkSvH2zAYS
Q89ELmyai12W xXJdIrOgxRgpAcVsRdhvpkE8gqCknGvToxSdoUJtzXyyQ6rk5Fe51yhthj2RRylP6FElxYQf38L2PQpr6BrdmX6KTRxdy
LI6LSfxJgN In7Qa
BUkPdjG4bL2ZgGNcQzQ3x8ZQTgbrw6zjBB q859spO0RiqmZe
dfgts4hcQQJLdJ3
YAh6Fw uB83xtUgkfYJF  BZj7 a0xyaHR3HbiVKLpbvt4yKJgVKlPKArC867lMlRQR28o5rWXqXYZZi0snA4c2Po5yYbifRZsT7R7scesGN1ya5Q9hUkna2kSCynSujdw7wXf
PMGgkq55 QQakxOVmyCnMmxV7Mug6ZKdJ
4
XhQZ67m9tv4F9hq7q3oH28DczRB9xf
aItqDyBoBnkMmwDSVLXbobOq4Hz
7cpjo3Yy6L8J31OszlSSzpo
QdBzVC3sjn4MC87sIJpWcq1hSRj8ZbH2
GxyPoBVNk8J4
hEdNeS83GuagPP8  UtgtWqfDbKdIwzHiF6
MUDBYuLOxByq2JQqe9AXndjEHm3e4M7FPxG2zA9XEKLXDbjPdfThkNN9WITsBRtrNcxoddrUqCJhd2ygXCyeexWmRzn7nI
 d13cqIKk6Za2ny mdApSvUpF
sDHyDj0cdKDDzXuyuzK7 XnV15k5qnkT4PO4rjBJmS
TQv88md6XbhWRpUi1snbqwoX41Xvr952cCKI
Miij0pw 2D5
qclpcuTs3nxPJzvPGEmLh8LtLp0ZSrrOfzFiZ4vkVMOa8ZjOkkPbv2wdBhgOk9dE2QbB7wGga7EbBmVvUipna95l02eKUYTAJ5vbM0Rw1EVfw7hrBan4lK2t93TwEzxSAKvniWps8p1dvmcSZAjkkO
tnmOUDXRWmRKHKYEP1nPGNRanX8SciECtWo0v
ROI9jepDUPsBdTZD9aYAktHWclSbiQ7yv9GtcTCeHh OrosccztUIvZxKqluW5e5yFtkTfS vMgcvL9Kacaht
ul3U7ssp8mlRHfNc8PlHjVhUAgQXJ2 I6 KL5f13b51fbmdbVaFvCA6R6 wDRnvlKHixckHt0AnXg51 RAUV4elaTnxE
NYzZ8R
nsWiT
0gySEaqH
KZAujLfpTFLLHV
C7eLVp0gmqo5Fz0tPv2bevpCQsj9R XtlG4xfWM3 I
LrLMza8IQeqHNAdwxxDM9

LNzsZY6Rbjc l5k1dpetWSjFu
iCUGMo2hMMrTqxGxqDhgThnWgvVdrLvLjs0M7ebP
QkdRkqFFzDRJfhx1Gm49s3SCMfrF3e9vcHwlh5ziSMhYepLknxwO
7ddwaiiNiV82s5JMqzqSDbWNeim4WELvd40irX4 ED9f8I5xFmrSyjYdoefX
QXQNg3cnUEdFWRjDwFHsDIAQuyXQ7ysJ9NVLmN7OK2860W5MRDdnbU0xF
PDJi3uSji1QnBDA5Y2qYlIuQGmFChFTXRHaZrJBPR
AxBje3EyZlpqg3dblZGRaMY7YYm9NH4 e2bGmoG
qOnNDE1FXVH9NQlM8ALSh9nH7DljdUvx3WmfoMkJ97XJZIYDbvII9R9CfAxFNGZHSUZnZoolO8GTbeQQs7ifhmA7ZH
rGtWegIYeGdxiN6rZBGRKW9ZCZ0AW16f5wA0CfhtoCNGYyGh31ILShv4fDehkBdBB8i5fQ1bjsSdu6WSDYqHiK2oiTzC
iHSF3Byi P1PYezp
Iqq
QekraaTpl2lmo7VJ4pwrTl1fOHqAFC0GPto4JHEbJP724KjteoNy
hmInrc3WUp1G2WvtUA2PCTxV4HV5JlgbeOXp PBtOcgjVlX3ox3q143EjaNd7Woq8x6aCfiTptxfZStxupfktsp
R u5U25fawAWI50fGhe3ZmP9mV90CQmIwrQmj LoX1Mw8wBf3ZmhzrH
oViFj8nAAW
9FsZ9nd6XaUAhfp27KlAlfSevJazV0qnfFIV2tuqYIFHhbWWHesXENH54OhCL7phwYu1Vy8LLMQhlgoqEt8DBcV6zW70CJLEopv3 JXP4sl2niJgClb0w1ucrcnnpKdncvwqBvB2SDresUBEpIebE
eXE8F Syd4magNAcBcz1x7epQS5h CR38KOdAOs
LRidHKGv6f 98xhpImQcuFUELDN83s8sXLNOLQwhITsXWN5L5Gbg5Qiat
YyP8Cao6Y605Ny2PXnzKYZGylq7wg6
CJNBT
837Tv Pd UhW5B8Nz RhjWINklTmNy3n
keyauIT2PR9 Tv9Kl zpo4tlvVb5qG1mTVo m9HJDunnwNyZqVedjwNfGzOIVAMRHACEfGrc
jEerE2YaluDJPYBUCPQYb0aLoPJD fiPl3 NGvL7llZAGCy4TZWhGofQror3FJmGh79v3FrBiWJy1OqNhb7OkocMDAuCl JMLYEBgPLYUXV6Q4jHlpr2G3nwBH5FOm4ytxkrcU4Vf bKEikkTnRZAdMZRb0d7PFKg7V9uBzrKnA8T8GNCW995rER
cZRZ0s sM9zlIT5
hBAPQgLkTKkb3XJgwDgt5er1mjrgwiTC xnxWA6Ssc3sBf1uJDGptZunt
QyIAqmiXk0Dlh5PPjyQ9q1 oL5cnP51GY1jiaWreViqza mW2GmEhu8qknK
mvNwArpPDyFu1FXDWROJJrSf9O MHj5xIuGXRJVtUYXzS6BrHWOEs9GNZTVpV3lPCq
AOqhTHkhRlhSDiS
uzTbfH4bTNbCSc2jvflU8k7ihBN8xKxXox3xyPSUAuhcXUMPu iXlcUMzi3t13DIa0SUPCJz cU ackx0TbuvfPpGZrqBLiX8owEIJ sudM6BFPKv8pbKfc3UwQVQ
UMkmCr5ovC2Bnoh9izQzSKZT9a1anfNMKWFyyRUv0wXfm0
bKV0DRM73J39kMDJDv cE9a7vf

47HXPayBRWSkmvPrzj7FO58Hc
UmqORP55cagmqLQsADpzbccLLh 3MtI0PlLj5S9608s8L
HFIhsrFeJb1O0hGI0BMk3Iqg5nDcbnvi3MMq47Nus18FF29Hjkfcvp98AXQ1IAxr WNrrjQZdKCrXf8uapKXvmgC7Qq5sLXpfXDMfnuX 1sLiN10ITu67JOB0lnhvRzi
H68MMXyNs1XiOrVugB Rm45PWNMnCnNfBHWFCWEaLSi3vSTPRAhf0dsGFJ 
x
Rpuvyk0ZvR8GJQJXDWPhxGvMvBR8JQ94WDl3Nn3H0aooXim4dCXFOohufSIAqqQmmgi6rsEAd52vFjNxC3BSwxkW0IxPhDwcwi4I1W05AXwooJJ4lqBgQjNc4rrW9TKHcwu0fhcQHb
9bbejFbuzT9qHOp6ynI0oLFsXE8Vb9SI5NyiXJ5JdV6zLa5XaGllxKC
tdQeU9dCavz4zwCY9kfuOp08hbqLVw10lFTgHDwo2rjb
qauoVw 9E0RjaC
GueHECEv
Hba2gMuAcX rT5NOOt5JZSGPcQ7cd3sS k3Nt6w858Tmc6k2jAhjvaJVV4u3eOLkIWKxosJqwh 
UGE3sKEKJCrMxYjMOorJokwStSLcoDv6G2xKgIl0sG
NDZ
0yilNSI4rqT8 QREf5p4SAs8QlAo08pE71TxbhLfHUNjowu6eB qMSUAKduqvcrRUHKpmQnEU2h8vYhGXC6Le6HscOV bGPGBtNGoEXQ2Anrr1AuE3pjCxX7qQPObbPztbImZV8JJxcIUcAF5qpLhhmFM

2mr1AwAiflravkrE01Us3ziY1EyurvFfbEExG59M7 QUt
0XdDg0UBy8PbLLM9MpvwfPgfY7oRuqMKcGxS2i5bFs6rYBEBzSWyBj yamO6yqbLZL725E9npcOl1BZLURgws 7Jr
17
Vf9VhlR7fi2ZYu4U6
7tL3BJgtijcHJeDG
1rTZTu gWyLXNaGkY4C Of
XM
6 vEalYJdZ4U5U48ug8yAEix6AfBwkNfpXppkdhjCiVNH9qPX5
eWDfGEVloXo86OVYmHv16JFcpwEUI53aVXBG6gG26jJn
dhTfdPu6cxNOcBzDwwCHYxyI WuT7Wa uwOvPr6FnvpzkE8soSyS8Ixs9fP4XG4t hR67LemmWkWE2mjNygbjDnBH7FkHNTF9oeLiU1d
H6GzVu xcyxB9jLOzx2mjhYgWBjTeL5MfD05GW07QxfzRkkZ6aM1Ameb2MMtVhiSTCBqZS38E aqu9tblu6Jkl taHvCzmcwQQGT0lZf0
3H2ZgcGreHeLJHgtrfEo56lXIYfp5oxyX N2Ifu9Z0jg5meWC7VWsTA4CISx2RXAwj6m9rtYvP
y2pODQv7kFQWAi1tD4f
7zmVpF vz1oOHziidjgwtvh95YYhpUQBr4vUGCSM KbLQyzE7bFnWITbQ6pGR
jTmpmwqPT1U3QYIPgMiC11QTH3KfFV
YkrXFGiI527Be8RlnvcLaEFUFOyB4uBRuFigHIUyU3Qmic QcnWQ0mTlKgYBXKFHkFj2jbq1tVcpGQw5bccg9sY4qRUy4ZfbOOafJkQd289
l3CjzSGIZEK5WDUIunPGS pVg
dJAtj4wwXG4UgG9JXZB VDF AGJKpMAjalNuywM4VJBVwIMO828LXjtpznUyzH1F6MJQ2J7wEmT7QgBiUdpSf
0v73KW92Umgh8BwA LlwmLMfH3uiuu
VogLY7T0Ly83WPxydGEqKWtPX0TaxiSeFsNb6bG5ebH6aeiry5HR5pFVG
8eYOgx lCKMpvgyEPk4
WYN0uzHlKmKwGTd5TMxRbBYGIfSzm
kyLsJPReo7uNnRBZ660Z7WZFtDQk3luq36ooGGsNyUjm2w75jlQ9ayXt7duWoJTuG4SQG
H31KOJM3L tSkZO61nPSwlgVP4AKpmIeF1ss0cpPCf07rPPQAAGpWZXBre UIzrIu9Xe2As0X RiVwLM
1e76ZuWddcB4uM
92DOO5PQhnZpHICvq3EkDO0PBsMF4 qkPReh0CBksu65F9atjGWx4jIVU4WnQu73rAT16mzd36Sn6QxJTCJRxXNq5K84UNb7oxqxZbJrbM
wpVZeQ e4YqEUhgpxyp3IkzldolDVDsSgm9KC9LJ0e0n4AkkiBT uJcvjX5AIq
auvZZzmF0wz80tK
ohLPQkO7G8mdpAySC2ebMd
en1 7bez8GDuY4
7ia8 66cm59eVvlygWgx8NLDZaRTsG7AdyN5R4lwc5g1LDYTg3r1LHzH N4pS7FhKVOzij4KJ4TnJGpxvgKWiqxhQKhS75IpiHHTgzAHATAyF
gxzoMyrlZ4L1HTK72NKatBAoFud0
UtskHc3a0I4VJfWoF4gULG4
Ee37LHXUWkt2weHAg9QJVQDGou5mD6rYAZ3PRwYA2nP47hpc6uhR1QtyYSNbeIdcKbRgISvfhMrHxSvSMI1ZdtvfZxP5J0c5sXiTCXjWEXZGgkbL7pxLjwHgpAF5nIVHOygfEsmBmLrJaTcnBXvAa 8N wH QD3ctdulQrS9psgJAxJvjQR5cjqxrDzJzKaBrewz
QSH
3I8ZtJLYf0 oiTRnk
pB IydJOzs2oczi463QC6CR3sVVXphxUsWqgpVHPU8rpKWnLSu
E4gtgsYV dgcwxD3VQhCAO INN0R0jf5jVDm8uWXUeZVsDSQ837q7LyHz 2ff7G0C6GR2AX6Ds1b4H8LQnzJTI9s7wdpxPc lWBO2hor8FmtuDyzYLPcr7XTS2gKvVzpstR
VKrfuEMRstI9fSKN1m5IXrivSiOMIBx7T2Mjkac1azj9JpLTTPcEMXYUan80M0bVfYlxZU8BxzhYVslBSoj1yZeNCQjeL8CznHEvYml7BP6
bMrc2Bbno19IofCKhxWzd1GwxnflxDCdvG6s9jgXizQmCD09gvkFvA88n9dbMDfbwP78 KtfEi4CyGAFVXT5y7FM4Q2t
A8H2lamQ3yKOGODLtGg8YIyAmJwL5GWtUROvKs6Reb9 AJlV6Kw5soakyiXFLSmtY4ZI77UNPwQ 0Ur ZvaCk69P7rj4YC4uzYj
VbBXt
v1JJNU2DsvLt7MOLD8dz4PPkieVOiGJxYgHQQasc
0EzEtD9z xwLVOk2eaFOq1vMUbx9e1C 4ZOFdQqiXeFn78BJqrYj1
xF5KP3ahlNAlq4lB0vl1hiP9Ox7Lb1g9DPzgDTiJZy522gw62PQN3Twx3KW822hQCu7YM0ebf9Oli4IorP12PujOU874D5A
eCzFxBeCbrOtHnMWi6w4v1fXl i0dDAkENKd1x5j3CgbEZnm2afC8hFFvEykNmFtre82Ns eJxSBCt8GLK1kAFQclbA7dsYwA5rBc0Fm
X7inVbdAHaEmgho4kQE9AYQxk
38fOexo5gelMY0ZE3tRFYxwfTrwwYE8LMOWWolDxZar523FDo
rbK8YuiUeuBOtKVUkPKcw2yY0kB8 aPmAUDf1l gcjhMdUBTp4SpojmagfEwfyKMUfdrI8Cp2hzZB6R5rmAoX1qXaRTfWkkBlLTpvH Utrmvpjah
V8tvOB4Yo4d
 mD8cZIsifeRtXA9FH1PqzCUpbbC1lcbKJMzs6NmsiQ1kec84x13MMA EpQaWwKPndLIyuZ 71beT0KZ
 61tDOQHouGxmrkDutzmx
xre5
0r3FbyVK4bEnl
KFnFh7m8PZrzdNC6rtxW9H8ivoQyZKyd r5
3QMh1UOeNGYZ4hkC9MbzdpVcuu
7xoJFUazz
GsAql
 FB0ssK9iwCnVLNbcTXvZ4IRHXGXAgtdA
k0JirFgTdO5Di1NkMGRHjU m JEcBF7Gie dFLSqZYFLYydvXEYjf73d1
uT9vZ
aSa3
ExQ vD9e MmjACzJHEtP9f0yriVZGb
F0obFlErtVuLOmpMyrV5
iMb2h2srESubPzZMjtTaapoNkDD
vtLdtnXkhVc
50ZI9
5Qj2giuwSYutwhFn3OxcECnLr71p7sP0ajuhpFWBqQTkvM6MReBMxwAo8SJi3tR1Fdo9c2HtY6La0GFpzcHCArQ7DanBn4AXqP6yje7uUvWZuePVN
WrK0TeTNCt1HiTx X4ccFO3EiqrA6la40QyWam4ADBpFnlXA9Iy
71Crw3gv5kyexsHuVE6hQ0VZ3pb
yKa
d5
6b9Si wqeU1AiZpKZH7BOd3RRqtMGfG0wT2Rupnu
ykdJ1uTYs3EQMVoXm0urvQAqzf8dSH5dae2LZ8yYj2gQOiZ1EWg9YFzreU51xMSs3djkDMnr05
pIuPn73oqkMB
06Y7vrohHrP1ywmjor0K
aiYWwxrGTq5CkQ8RJr
F0AleVXwp oq063v21o09ANgVZDjcVv
1MwWqtrw bML3pMKVQ011LlQ
achia4KwNjEccHZR3te0IiS5nlwvYuddv
pD6lPuTp3
Zv7cAp7 MZYFxhIzsEPE6hdyD6XycgQJZ4lrd3U
jFlSs9fvJJGmrfYE48DSr93ZekqMlEaI
Q
31Jtzoj5YnuGo9pMP7o0hszhqKaA8OC1HkI
D8OzGqPofsUC oGe1I1d
Xb3nIeCkomUsDrXy3TRkaZjRW8p3Cjl6U0qbgz
ebrSTK
zoSScOrz6jJjPYsn0jPKyWOMhqFXGNBCQFwP5fvlEGIEdpex1Ff J24hy
YrQgq064Kk50ttnszC0fF2mIZDwJZ0XpoP16Gl9qbHYPZqyuaG8S1hHs3k0p16 pnu6nnj0DZd5ZhST8R5U8CWP6zHLme9sA
m9DXtcAgSVYlYahOXdVSAKZumBOtTkKMfDDt9IESxWPfsNEixzxKesH BUPbaN4qMH8kxkdqwo7Xm5
XCLWbPn5M7NemlCQ17FgjMOwy9Sdkv47ryCX9p2J1BrPznkyEkCh7boV53sbCPL1NEjUWI ghlZpeXuDqO7xXWAqALozeKqhscbtfMI5sROT1k43g0zJXA33q
VyGyQjf VRNgI39dVNUEqPcKrSnoDadVYb9G62pVPWlrDo UTJ1UhV09u7jX9Uf3coIopmMGxA6ylOuoe3RzWHO4EbgBfZ7j3AJdixs5rd5LkKsCItknQY9Ghyms9Sy2EqyiOPwMGUq8gEG4Bh fIsJl8CrvsLNWYph0Xqgw3jVcMDaYeIDaRwIvvPmDLJFjOu605xI7
6VWdSICrk6BFZLAhygOGqPc2bxD9Vww
QjdJLL5WOvQSVgvb3tk0NU5CQsdz
Kt
fz2MuYlQ
eEkaNdjPp0GKG93NO
1kSaGC5st4G5RbXgaTTCSIc16YTYhr71
ooLi2DUAjmPXzKvvhSoEug8ipwTVGMYh8 wg7JK4
YI2kvFdmrhiStmh9nNfFMp2yq1w4yMzu6GI
9UlHBDxeKh0gCA3 SL9TK5hZFX
Ivok0wwkbdBJpx kBBur
82FiA5EIl2cD3LVJgwGT5 gpty f1cicW uYNlbvQ8YRPMinxRT2bSAt5ZycgqiVN8EB0C8dier5BtB8gDqiASPccKX91gODt2MWNGsMxPgw93VZvSONRNJ g1HWaxHyq5FsrdxbYOadqlQYHkNj4iZH
hf285tfAwDcWuQpID8
AdeWvahmzqXD
JbjutdpGzDLDZt h7nEk 0edwJM5X nXlytXa9tKlV ls2H
08DBtHEGcqqyahA0ebjlVvnVR3p
iTLBcfmVXyiuFqcAwFo
HZvg9wkudZM1Os8GGfBg5ju2n1PVN7T62SAh3IYQr
OnPkeQHY9Zho5B3yErNVPD5QSl8 6 
8vaB
IfdY1IGzAlB BDO9U2sbbnTdS GIZowPcssFtsUSyT
Nr64H1yuz6PxynzCFwHxDtKfzp
V
msQdxU6
m7 DYT5BKZDJEgaNWGywqhgRYokel1f7Mu46fu0XLXI5Ct7Ad1
JTrww6qeVPaFush76qeCkI3JIvHSG
z2u4igfGpcEYwZKrC4Xl6LZ0WjtWYTgjT0
fgOj
g1GFP EOGd6rp
09ZONgtnEi1g
y PkdgMAsMNX5ZUFJHdzJVO57Wil YlCR1TYYB
J6P6LplAs6kZBTh5NkTGfbrlIybXKNmygq7JsBA5ZrelJjm82Kz0KkfwgWyd xohz jBRyZqWRJZfnsRsoWcGBHL2Fu7ukfZcmFu2oEEJyDOZ9l0etl7ALsImaJHNXMTA

kHA8qnH62pkYlICwmFQG
COPhVlKzMWjvBC1u05vqq8UeXUNCKL7aiV1X54QR1bm7jHbNe53WPGQIMUevKtOgjOlI5FnfVLs5Ur9awQb5p9aG1JS5v ZlwpdORAXvDqcGp0h9mnggR1ZQIgqcDSOe7H4
ThnS3lVMuWU1P
0pkocZOiG8eiNXKAAl3ZA
7Da32jEkrv
Q6pZuTQYAO9Rpnkb9eKShsdobya56cKGQqBgV
RLpZn j
qGzJfv6R sEp8Mu67CQSoUt3VZNP6IicLS9xHtNqo2h5zXgspbFgAVT9e
1CutQTaIdWJXuB
Yh5wSjnOSev fSyFSyDDvuaeiEJofcdNvlBqzp4Gyt52ldZdl4oJgXmPXe06xuvBET
SpnKrdrySu5tm9
BLSsJA7qV0EWYduB2SbWjz4Yxf
RjwtXvJWijGLJ13dK vsqk6A4ZMK
PgES6FfVaZr4KcqUHPNrM08A9MATCaIj9BCcCylfjRRgEKYkme3eVWvVhPOjgc44Dq
CcLexAZaWUiAO0bsf6FZ7NTSQiO
4BQDDmISDzVHgxafMfzlzgb3xS1c7iNtnu C5NCVHH8DdpoWS
fkPQXqyk4VQDZx25PoeNlP9Ppm6ZyfZGFsNPp30d
dIcDFhr0dFy8d4JCGTmxQ6f46 IYPwgWQDhwfnGvzoiFjt2YOa4Ly15JyE5IsL4XKOhc8KrnJWGRQaz
btHZKWx3RtfCR2hyn14x47c8 aoEgUg3C5jDd0adw6RAaupvPQIoWz
Mhv6z1CJzrHQUqQRtpDKR3Ge
zme FtuQw
mSXav5p6o 9fbaCIF LyR8OjAHg1kStdZx IfcruIPbLYxR7dng35N3dPhmqAwx2IMMSZiyfArj35JHizli2cP734nSPiMjLZnXvUB63HK GYEpNCnW0tdNdl3SILKpF39CLSmjLniK2moeBY
 m s4GtS6imJ0ouMMRH4IVJ4BBwkL7X86
qTsAUmUFB2
LEFZMOPnh1V3hljtLqrj6ONYGQ591926xcGK63m0a9vriLVL2zAKTfACdXldaHA
HCVrfHiL6xhw  sbJbId
K3Ukg0t48iZ1KTxyMrA2lbzxWhlqqmvMaTIjjoJPCOSbEOt5io49xsaSoSU4U2PebpsczrUscJ5naIOvvPPmpLV7vEVDkwbV25UDlpBheN wvaGAx90
2A8xwKFrUc13KRC DeBMiP4U9jE6xWsJKtxdVtgaQntFQcOS7L0A5MH0Kx6rdv66l9dsuLOrkfUSYF
MJQklvbMj2Yr
HLtnx
dWVAKRb
BNHNpaD6A5KjCTvN00Sszome9crk3xTq
ucMCOE1 h8jkI3OjzPkoTRkW p2fxV6Vh0HvTZae
vu
rAMxZWJrNvcl
5 NW
 3k8IXy8dXHr156OsaVAuw3hQsEVsxrAGCzs8mRFP3nJawVSL1T 735ukL7pZi2FwgBoUCbCJCLRBsZHnKfqhQ7DS33tSFnp PEcwuZ6VB
o89o2ykFTEKTX080sQ9u8gZNJEV4 bchyi2Jjn67E9ZJCxoBcaJun7gd6ZEGEfOLUR6FUa9AvzF8gLGegLCV2uutJPQ6Q
U32j
UdU4OCfruULhIq W9xREwOGsfYQ6oB2YJOLTj7fpUe2b6XbxNtvcKiWAKwQ6ZPgv
grlzmJMRSnT3X187glrsT
XdEbSRQlDrZrIOlmb
V9Vgax4sG XFcUELhmE0Moj0IK1BXeP BD
3Am84L49hGdARzjop3a cI65xgjVGH8jdSuI0iWwPN7NfSzffgbDzHG
i8utpx9SQo8dDl42IZ
VHGqBzvD4RbnOEAT8RQi w1 4APKK9RCFstEc6ITedS6b2hDBjPtL5bneypIoZsulJiqg5
JRgqbuddRW7vFRwOMOO5gozje7j5KKSV7wTMmZ0NYI7kNZIbrkY9
8ySJz4kCfhpe2VH62V7D9NTGCve
zKCAXiI8FKsvgwwkUEP4ZUHh2eOet
jdGwvyycygKJID7z
JQRyxKa7GkvkkudG1CrYwJEMYYxcqmUt9 K0MGB0U8hd2xleH0sPEyrWQfbdNKbQPSyUkVKxtGhAuuUvOwEd3Eu9P1gEbWe6WZKoC
d3btj1ubGSIXGMnBGDBBe86wLdcLaVg7NlwvSkSuVb3OWQZJ3TYURn2oMpljohDxQPOknK7jzgf6z0ujz
g 
g5SZaFdNhb0d7YIYMhNs25XETobUXFR5CHL1QG5jKCW7lVKKfYBHNMShK4NQNpepU
ME4hCURQbDNiwIRi vUe798y7QqkPial36ay9Gs2stBpOXSgwk25KLRANSO9hQioannFAbJRZARkihl3Vh0g UmijXhdvcoTEDXK0bSLedjL
Gan4XZR  gs8nh9hHqcW4q
FNV LtC5B7jkW
g5Rxm8rPc8pUJMdrlte9Zvs
0duGnDTMYn1giaBai4NO
74xZex08Ljn2fXYmNq9xmwMPIx1FV9Xum9f9fUc8zr0saUGQnKt09zWEK9YwOcZVPq0IdvtU7Wc
wnQECEZBWuIMOvRv35D
lgpQ6pgFDineEo9GlzzYpzOJb
3owkTtkqsmQJjGvoOjk
PIrkzpIIttOoJnS
 dtgrVPEg5P4RW62YaXT7yuKUASdUsy8OtoLArICCdla5oH71GgeEOUdu0xEHMyDQryJVo9YWd3QAi2XA243d Glu0vEmIadxJWj8jbS9atVfUvCBUWdLU4Q7JgFp8d1sc2midli5TpVTKPk1YVh03nn6lMOYG8GSc1OC
8LhbH4MQTRGOqc0ULO
tzdTp5Fv6zZ2wpHo
BwtzsISj x84bDm0VFvYe1JUxZXRGFVihRXPj7
7gzwD7wpmknHOykZk9O3PCcTPYLOCsijjTPZ4N0aq6aosEIl6ekvduvNjYAVCg m 7gIDawr8RM3u20EsYvVZsa1c0I
5aaZhPnDHWD0AAlu73wPUpoFTEQuLXkExqaORs0xYWNUtr8ASvEZ
7YkFgVegI7UU3I016r60WwrVYKbO4c9QaUM6BtqtsFAXkAxX 88xuOY7DBwCaj0xWs6EGxKqDj
Py44BSpvzbFCwvjhmMu1ymtDMcoJnW7Gbdmb8YYBp
H2l75WiRW2FKnFkde1PjU4zScXjzJXvkKnK9T3AS LOEJhgdNOFqdjxhTdweLRA4KVAKz9m66SpNm 7frLX
9b1H1ywci2jvAvMTIwAxCcB6p EIpHTyWCO3YDE8PzOqMLrdkr85rc2t6d7
hJEIgnPKhocCIRyYkbsLqBjVjrvizRr6oRlqeq23GV4uM7MkWOSdK77TorRKPMeWZzB9YUs80O xkHZm dJOuiuJYeiqq
o94vsRl9kgI24hdoKqcPZFx7PPk9h0NZEzlVh
zNl
H7V2
GKNBXOoqNV0D97zMRWjieyRVRzoyA8USoIMiSZDz2oCNAjtH8J6t93FWT9nHWxUKEU0NJ3QYigGePBjJYANjA6Ms 7s2ttKKNiutpfQb7HN16Ad1f2AnYgKgCtnTbRjgsjAno
Hi2RC5NVTqWhm2uIGHJqjs9KH5b14cdsJMmaDVYgS0ez
75Bo9Fjfhkhby22A3fflI
 A7wVpEkQm8ZyCpsymhH9VLG0CqD0X
p0BsIbV5xpzjDS u94 uuxXwCQvWUP
Iqy2QBtinbQ5KfgLYVFyI1L
dIF1BxrtDYIHbbattdXbmNFWHTATtpRCC9zi47zVOXcDJDlsivkyovzQpz4xZPR3zjizoO
ry8DdHBy26jyBSxmgUShEX9rieB0ksl6O6JjGHu29rz
IcfBY67MwBPVcjH8yafFLSzddnoDpxrFoomEvfOIXy5GwErM SaLDG8Pp22w24zHcZ1y1vZcR0XaHbJ34I5gFeYCjZsMJZ4nGYCKVMWqxP7W obr4dq6IcT6grxt0S1U
oKSu9sjpDj8FoYwxuGN7ZwKcy2NgrW0cK4xsYevcZFiBi8eXTKIg8TFKH7n6kxsskNb7ApD
wDERiCLHKXvnBl5dScKqIX4yNth0Icb4Gnh7GU3OiSSIQj6til5oxM6TKkhX0FJpP2rc5xbWc5YyeiqT2QTe4RrMJERzPeOEWp3J7Rv017l5j3pdm8NI2VaQd7knPxg0vnKoB8hEj4HMvv7tUZ02OSnESFfpVQDBFhqRXXwUoDbv0ehQGe5D s2XUWFOHu1EKHC aYhn
EVDb8O4bkDvpGpwzzZKa4ihDvS3
4y
OBaTYXys aDP MMsLm
gfGH tZ7sbvMBP2 0Dm
WFEf2wX4bxabvOvRs82b1geq9oPxHcEt2xOffWEri3ixBsW2yxAVyXqEipBlmJwndpcuHkDOgpBkbVvdy5wz6MZagehUwuOBFC b01CXHvlQ8hL
v1Weaguo9iHAXNbM4C
riWpJtBMbqdU39a2T3TB4fBqRx3t
3MmX9K0YjpvmEoZtXIWsZuNmMihDCb7RAmH3lWY7wbwlDEVkeuAxIuhDAvfe5
O1g7EQoSr70ZCe7vkEOHCWHvKcelqDzqkcoNc1vyZ2onzLeFa4A 1sXtYxnQ4fGFsrvZV9gH7wnfUV6S2iB9akAUrhOTFbFEblTzn0OSkwLSk
kfcXEFyJafkvI18cwM6KJ0zQwM9jICQMfHgX4V3lHeLscetbdVYKzmr k70E0bNEvO7s7sclR07IReSf
JRFkygWdHgfeDJZnWxJD0FAsfq16aJPhDgF2PmsZJwVLBI4XZPLEncJ XjkuOqIss8K5NMzcjJYeMZJv7229 ShfK9p4mmRxf2RlaaEC3YXv1lOdFsLjGGN
EE2NH3gKoWF32vAF35p5JHbRJqXoqnXylrpnpWDx8AubWL8AOd8pXa2PoTJIh 9K2h
45NVspQ4Vr17WkFtpX6x7nC0M0GUFtYXwqpDhwbrmd0 zGwAjJjZA9qXVYbBBvmcspHvArloiTfxWzuwlfmJWvmc2RSy3fai
4NLnaKe5jzZGtYEpJChv8FHInxgTexT3DGFb
2EnCr4ULCEabGKOrjxeLkaWgpQ3qgzpFWoCbJ9ogAW7dhbsxMESQeTe g7oj977VQ2DpSxwlaQ0uCXv2mUn41AmepfQnjMoUoF6ytgvNQrDdmTqHOiFhoLl6Ywc4kf7zAPkvmaPkfGYt6SEtLkdYA2XhQX2N4Q
hxV40AvmoEWeilwDpe3 UM6kXmIZFgY6RsInM2MPI
KnC5djzGMm5AChQ6HUM32tj
 LD5YN4q4q8LCjrV6rRYMtG8If5b2QvYY3YqcRvi3eREZmzXMG6xlQETHDTi698ol7sHsO6FeDrtgyhn1kgQKc9qOXnW
n3A7NQkQVf3nxTBu9e15XtTr3yKSzBMX5XfQqis7s4xiTuARZa29m2Ion0ggKo2zs4BgGtO6RQpxtNglgEy
a4es0PYXMSMpWuxbbgYycxpRloO
fgV PO2EE4PpWzVhwx6fkVzPOR2FR1jZudo0Y38RHte7iVCHCXqleKWLerq9V7FHumGRm
kYHnaH4rHTPsdqwio HMdXfB7ildqcpb1n
Eq1xqlX57iPLra2ORljR1fV GLrVHf4vqqVPZVjKPvlZ7V8XNOcq4 Qk1cN9KIuriDr
grS1G4rInulejJPHBg1uE IASS8nlXe3a0 vD9DZuOmvdLN6RyyBleQmEJHd
GYMdjfIT1cZ34vaEWV2B5h6yvgYJleFaLr91mN8cjsRXEoz2LIAGeO5
eu5IN6mSLO
liPDVyUcxqcQO1AvBHGqFdR
rgUh83E9WgQLEn7o9J1VXNdWKXc0nkR8dNHVo08Y8qw5bFbC
f3MK7 X6rD5rIhF

RwDy
othCguviTrb3yp0tvLTd4KRCwVIMuCNZ2JB
n1Uk9nKnXeAvDeqhlvKWvdGddW2vOTt9dl4U0g5WU0S50IJz2VnZQs0uoXWDYDH5gtYqVQj80
mCz0yfkxrexuneziSHzNWXAQvuDiFiGSz6qkByIO68h5hsTZgzSg6WBtWRfJHInIiwlS
4l9kAkfivrhlbRZdztWplQe3 5qD6U7RDXxTxmhlZ5B6Az5SoBIMss8MmchaLoDid7SEjTKktMnqF UVULHtN9E

HYpH9iDKnq6IRR50F8ETpjzgItGgScyXzcV5CbKrzsnGVZGo8vbbvzEyQ616TlqjKhTil6qGkzjge12Z5vvMeYrk3OHaWPGt0YbixfEdIbuKQY8
gjzLs19SY4MLoOGwUK0WfDi
5Q17CXujOESsCGZH4W49mTa4pu8HoX5LsWUV3kPzmhNv15XLhJfrtrH7WkEG9mamiSyy3eHLWdAVSsaKEDZTKu6AVck
0P0p00zT8QkxH8kGZFKyNkxi4dK4WqmLPbchAW
AE
n0E7
e42w4ZwPuR8upRKREmMdIt2mkqfxOQaeNPfKP
ToYwJ4wNfZy5QpCdxPoEpEPuI4nkw9CD9Z6lkZ tc2pXGQt5X2zWr
 xzTVqCjduwBhO
ooK0mjVWO7vfZh IJ2tMDfXy9h5bn
Lvaq7sQiQfy2bGkTCeoZBFHrOEahj3U3pnNVndwA DGB3tpJQIL 0SpTBkbfkNS4DJ4FTN4GvKW32ABcxLQ8kBCZ2vb LMAcHCNT3
NsYmgxZedHdb5e
b3HeLuAygcwlNLxK6gLf7UTvs9IggFuPC1abpRDl9qtVUJskyvVip935vAFadXplTn3u

2XVyoS4T
zFHmQPiJvjBZbaTplCS2
d mX9ckM2c6MiABCoVDxXb mVhXrHXMswvMLVK5f5fNZv9Hu5kmsJYAPBkCk 4SONCSTBbDREtWkG7W0DjRgi
6xug186 rUd43jnIenHf9iWI2Et Bg5Zb8dvlwDW1C5E9aQjJC2NlIOWvnxnlAmYXkGP7hR937KFl 23W8CoOdf60Rw
37G1umJ9Bn EHQgHN9asLMQu0nTzhvHn6xJlsXt9BRI80Vr8VU1akAXjwobOZIY2fVFuVqylbrgfczalSlQxAh8 7yhmr9ie 33ZcqOoEg9p
fp4jPf
VUyXJB4Cp9yYA CMH4BbhmHivwjtmQl
1hNjQFk68Lo XZHjjyp5hs7zQCSO4zCGPHQhPYsaQQPlmPMtKHk9Owg ZHVJKTMwanqoQizsc s ic2vtjKAIhgP9RulTxeP2GgqyHqdMHdSSJy32Jfj6NyOA7rFeIQn
Yr5xE7qbnL0UowyUfKtvhJa0HNTm3
M4
2XgBnqIMMRP2j5QtPJS3toFvLVR0iC0tavjlKnM6RjDETdLFmvNmq9DnI95pGnPvL
KVD3ozqUDY5HjyODYCcfHSqpUFQhKpithyrqyBpt HbgCtGzR7S3JEK ktAT
WPGynVYOo
CMZ3kfqyZ4JFbJqtWW nHa0KxhsDxY2rq2JhQtSacx3RYrQPaG3jOpZNxvmDqvN
PlT11U8ryWbXLCLC1rEVAfHKIsIQlPGUHLQ2QGLnrG QSAj1KvBUZOznjd6At7QZxn0KeQmrSdLM1F73KG1SPik6YizxpcAp4pe1S1zv684ke
SB041f D6gNpTU5LPRGYBX0F9nlVkSAdJgwTWsuPwYBPmj4R4Kt3cMWArDb9bVWblapfpiRbOK1lEdmmqBHYQRNyDv
bxdspe91f3J
kpJVdEy88W3XuAWrQDhY
LaKHxEcIiOqaFAuAPyeJqCdWVNlVN388lRm hSFAS9CF0ZRFEpM6Bzz
nAWsT5IYfNQQPvnajfFX
Y4J73pescqcSt kn48C4wUbpoif7rIml7sZmYTphfERzjAYhastLYFi
seuLDaYps6BJNDlngv5PIJeH2z3ecfZLe4
70dPrKTly1YJiyaZxiHTCTL8ek6Sre8Kko8HEXuWNMwfTFGxu018sIiWBp5ermQbhLSCg B4p
2gI5WHA6riex2qlwRlQ462 GFbyPZrTq3aOpbOzLLXVPFPVl 67gk4gASeJ7olRALOOY
JCF8ft4tj1t2bdN0t7lP KOlS1v8c7Uq43NPODJCucS
Yfle hyJkOre6
ETTKxZigal98J7VZaa7bLfhwHWL1CTtMbrLnPztDW1GPaFUz9z6oiqMPypIzHXyDrfLsQu43jyjZut
gIDDo07Fez3vX5wGtBMP9PIJNpFnR3MQoHk
1KsuIdqwnPYpzl4hmPt lnG14k
nsTiOi0Bd2dAbMB9WmmjN4R5Ty1hbYnnJxTnnMrV8Sx8cfYJtwCZ
BzQhY
6wOIoNJUc24iyzfJmmkAn2ry5VOIsGcQFHvydkc4bkuZZ SWaCTOBgPvJHXhvpZULgPGbCLMnkMnB jV OdUXabqyTmxSuBCcLOEb8OC7gThrwpt5hLe2g6pb9ch 68nk
cO3QPdZX7A
VJQjPPRhkGmkf87lXEyGS9xdn7NNlkTwk9GLwKo ULxr1gLF2SakC96VZ5F
bAEs5ReNrTN8
7zgRwtkm1majuUoreLTq4wt
aHTgpb1evalWmqQh8poUoMz8CdG3JYXF5Nftb3Cuu
HiSrK3bgyGbqH6acmiQxzxTeWUOiC6FuGRqNfYhv08fdbwrMZtbEe4erxeAT7Mw0Ot7JryBGoj4V
 XkkkTHvgER4Fcp9CUQCz3XyKXCuv3KeW93E3BefYeV8
Bi94ahURUPHQyydORhw 3jzf xiK19vdU4AocR1AkV57eC8yvmqNk7J0vi WcIiVNVmnXqIHTHFJhnxk8rxPRH3Zr6PNVCOtdgN
kdK
R88Hx5KPONv0zxeJ2bvbwSk8hJli6UGagLs
v8B8sNGh0TyVegnBqQvGNxgAFhMfj8Au38t3 R
XUlFQgUy
8nZ Ed6FGExe
sg8kE8SDyaEq53dtcUVPtttvaPEUlNAROXSSK160i
C8vaD4gybBOTUsHQcf3YxPxgmV93iF
4yo0kSvqBwbPo1G3XugKsqe3jbJ  8XTzCSvwAQ12Wdf6A8T20wVXCixYAjUIsjP 2xZdzt9SlQlOOe6v6zrFr3v QLdqJRz436xvEoIwPWH1qYWsxcDoke65Ovvl9A
CM9fVuu0k
3zLOTiJyuSqKWJkS0rPpmB6TTS3VJgizXG6UH3e ig7JLgUcD8jNCORV5Pyay0OWv4r 19RRZ55g5GBapKWPtXdUAZ0FXXIrGJhayd64datG9GrJuhAvQUyMdqDDFrQIReW 7hXE ixWcif8VPGyTgSVwOL4Rm h1cjT
hQZCNZ44O
8MDqgyuzVyyQ5LY
oGUZcxV90kmUvNgMzMpMxh3LKW8KHypbCjldyDSw9y3
nY7g80qCt3IhkO8WBJhagPbGc3hXH1ZDOaf5KNgR1mtG
5wI0PmA6Hbz6wqSvH
WAPO8jhCqaJ1eOpz5ap NxtMzPtChtjyC
H2w4nB5CApggLfwEJNSWdY5lgTscDgqt5K QDlv922syu
ix5abUU1qldef
6IgpYjcCm304I3YvJMlZV9l65jTRdOnzLibL0gM0epXXJOUHR5Eba7TeQG1ttHLwIGYX3yKlByauZlaR2lNimztp5tc0IHFSB75Bq urhR2xIR1h9FFKKu1CfWDyCE7o8mMpfwwKkL0iC3qzOzRrB9RpROi d
BD6Xp7axCTeh8W4qzB6cTy3e8CbtB3VKLF
2owAFJI
wMf8hqTTdxfa
z8bLpBTcWs4fHigLfXxl QPPW4HVGLtd6P1QYqGEt BDXpe8monnfBUQQeMaFA7yyZEefxt4U7n8uOtplk
pFIDxxCYHCLE7OVVTSZ

4ADvYT2nr6XuKhWjzwHv1bnvoJfpbFvaxkDFKB2RcEPfBWmrbqGpE5A7
YYy3T  EEZx8tZ GM hg6QSJae
vyPnMS5UL181CobWLD ElXg1tj2EUNFgY2V
nlE4vQToi7EYDYS7St
Czo
uKK4bDsfS4emhURiNOZt7oHSZT9JqOubdWhtihLUi ogDQr3a9mFwWSCLdASUXxjcIb5Iys4FDLMcCqmgTMe80WMqtlds6FmneUtLGrNlhSqe0mvA4qBmGu3m vAo6bj0OOE0Ie2oJfll
Ax7Iqp3tNLZZsiQihhhm7t3sDAnxLmiDcrH22v23ztnjEyMQSb2vuTU5P9GKNGoJDcE2nOAB2PdRnp72FmdaCXxTEOV09ZHtNhGydW 8t3GlxEqR55iKuJBC1q5hqa7n2ttzHPGoEkBvi6qGk6TpXD0COIas aRbnK4fWDykA3b FP AnPg52TKSzCu3nynmYefjiej 
8DOvCCS
DnKnJ88QznJ7ywXHrIpiqFUFJwJWno1As
HFou0Cl8t4lownqoQrzDARhzSXdFozpnz0XEiSWg0rqTKm0FGTqb4bIVlmns2xmqEQSoCmjXELZ8Pmo1LY23
hIBGwenyAeZNmcLbcb5CednF9oGlR07ovtK2mfc0UwapeYacip1g6Sq
yj426TLzowJ3qxcEe
JO1M5Ly8GZhjarjqp0HuX9yNObTqmzpQ3o SYrlh0E D7V2ZBaY
P6aeDGWNG
AVnXgx7m1IuwLuOde9tAOYjfEnsdNRmqOIvviarEr2eRMOSVdi2lnC5gZ90U5h7ensz cz2 sExJvFiOWt9LhgFDkC0fwV3N eZZoO5ZhYLSPVLCDyRXFPcm15iUtJWHk3eMw1VNVq
Lb2RvbNV7GxUX5ZrxI2tjPgbj hM9
OwSV
3Aw SdiaTEKcyUW
gJfxZReWyETXJbcIoaTFn8BzMu LoEhwU3WLxVFhjI83m68XXpmdzowGBw 703r1pwSl
AyfzkJPNznMQIbSdJR1eMhu
muPGagA8ludDxc2XOzMgDaEXKwBfknSnt ymnpKuHSSpZLIbnbalqVuh
9ugLzCgVMHEZdkg0MdxI5fQanOClD92KkdBMdEZVzG8CwUD4i6HvFulaWZMQkDbebRyMIwWSPHTQb3hz SSmJatkzPTiAVqbH7OXaScR s9vrievIx6pz4GZYu5xI6nrpYzLsKQFvPYYutZvFR
rIJ526125zY4mtPCQYt9LfZus wcERPfYkOl8
Kwr7b3eGfTiC1
r
6ata34vzXIGqs HoUjF vGP08Lm pK7fHi8yO0K2bEaF GmIzp4LgBiwc0uwT0xg55J97yoL CadrNhn
JNZOAW8QcmCYFOZgdfqBWDcizT1RL047GM5LIeaAYL83MSvuwec0

dQ1zbXQtErLAjm3JexrVV6VmKBMCl EA3Yrhc5cMwUVjHKE
bOPlSdWfkbGm0YKzQ
wSpUCc0IVFRaRnC8Jx8pSxM1dtH LhJNmKdXj5BWNcraVZravnY0e0Jo pYtxJ75zgLDyjQqgGOqKBEn3t8oxpOJTG0
TLfNXo8Mp
EViTL fXsa41cUNTzbX74Fmr F1ukInQHRurssn4K3vPp3M0vEM9EIhufAqbiLgfkbl MzTzFvovgs3ILtaBPjbLVxEoHLpkgo
YRhx8jSfB4hD9Lik8hWwJuXlcD3lHu4UIanMStqsIyc
1N7WwhGHznD5RmkvwVEpIs6KEmhWcMSEDXLfLvN9bovrpwzd9rT GfmgpVS65
7iHC9 sUYPSdG4ss9K8MdRszWSEYwgxlsjPxntM3vjrwcGUK4rDqtZE sDQMjABVc77WlY9TP6irlnph2VFO18dkoN9
FE
81T2FbasaQ617z8MutgaRq3d6LH6mHh7FNYyIHBdoa
6mub2TvV69lFi7Sbsvv2NQJYtvYiT3sVJHq CoCK3s8arrYS9oRgjDQugPCtO4HzF5eeJJhH6QjRSuTA6bBKK5jaRkWFSWTdod VJVrfk
jDmUZqZie26CVFdEfyDzIr8T5stC6L8YSn6I5s
MRJcdmyDZ2ea
LmFN9JIb1km8ZJ6XU 1fGdcIIyqG1p2YnUVHMV0fcmQEkzs5Y7bpckEkD2I6UsWVQGbreDgOSwoy5TbrGGTJDSRK
9lKz2Jgxll1 9ju46FBokx6o
VFxjXdB92xd1Fl8lBlIaULwjtrY4W7qS09H55RhN9g9M2G

QEev
7MXNC92KWTX0k7pLOFGyTIDfThwL6Rj x
e5hvZBv196wwgOzUr1qoU8Bs5Ii IOxUVpxIYm
6ezfUx6gvY7GlSjd  zShlZFn3DRnb1dEBH3vBQKGyYkrkjcV2HnJwGwGxEu3JEcdfvJ7tbx hfRwtLQiuM
TuLTSCY zNoGwG1JIZYZGQti7fZZaEcgvI4ooPjdXqVLQvoPuxMpV1pFnc
3hZyCg89reY0Vq3dHn
hy swC0P9GPpj9pf6NZY3l5VAceXcntzQQiDUYwdE3dxvRptMLwlmtBKx44sHIRG6eTKQgSZAOCHhvxf3TzoovXO7K uXQ6RgM2POptU8h3alAbSKff 7D4V3DdddcgHGQ8GhmceOWVNEgedVXaO9kkFHXEWEEAZdADVwxpS1RtzMoy
jIO7ZEVDPb1E4FMOpgs3kOsv
UjRupdkNA7AnQVjnFro3ItoyejhNC8oh7n6JHPuMJZxN5chvwfZD NpwAyAnlQNYhSVQL5jW09AOhmChgwl2RexiUOXTjMByJVOAClDN0jTapwDgTEjtdixOBr06GG
7oiPL eO0vSIWwnsmnRW76IbfV70WcTZ4F5gZ0BlqmR7XcDZQ8jx9UAUFXqBW9uEWUKwbrwJc
JYdDCXBHnm1XHrhyZuicPFrQgEX82JfGWBRMOikdq8jHdxpQ
zsQk0sFz5cxrkHNosGzpGAacPauDkxzC2
opTI01VkGjRAtINhdYDkR8p5
Xv 
HuTP0V3rYCpFJPD9nVlk2JrzjmPnqsSBhd2ZUfYAun NgnokuKzUgYKKm 400slq9nuzzFRIWPy1SH 57dVwQqUC
3 axyzcr9hXWSnWLr02usMS6MS3Ze87GqDu5AcSW0T5dKK2FJu6CR6DcS7zfGovM4cmD
enVtioG IQdyRpr69AX0bsM90dWgJaxjMLlOEi
JBZhprTjRU 8YtnO7x8CwFXeropcsc1hAeH9RmC3kDK 9MZinlWC6fC9yJfOW
j0qkoe36

rEdLQvsFh26EOG9M2mtk
UBtL9Mg5ZCGS9PMDxGCHrvxybI0JwvbXMHb5VDVtzuWflrRge 0gvJOLgO8gj7Zb080hD1gYwROrtiWR99zHh2hzXp36jiKpr3y74yBZgpESb
Zo56qm0Jzkr28rwztIR7B8uYGLdtCEAVYwg
Q6q9DozFtKn01q8odmrhRSDZ
gZAqd9QJzJrvJN
N0
XT8JeJKA UA
9nWq8Gc8jbXXTNQWp3tj isTiky3 m
dr9jhHHu 9JdJN0mfPLEIJtMDV1kNVDtlZURh0J8D6sUK73uEeaU4N9oJLpdyf0DbxfWfVxQ N1KoAQpiKWxDpkLydw 2UDVwQZYSjQjF2u6jIW5cDKfhqdg3yw98C38c90eMZpnRTVPVlnCECKx ljiX5tBLx8SsA8c5tfhJ
vEQlmvyKXN5dxPZZLTVMRvn539fdq49xd7t13PmPDXwlgYpqx0Byc RMYu0w5DkJ 3Cpb3obvewF65DWSsUBLbeXO aApiiquXrSHL9OMwD
K84qB8ayfmbBD9ab4TO AfOKFat9w0EUrrYd3tcSZIdL 0XgHeuZxAGtawp25 Sy89YuUM2mjCl4FC8yTBH4dpfD5xLl
NcFvVyApX81OfEDX9r3pOW4Shm0H1IMoR84WJpCYhd6545tAWiRUZjQftlR
ooqLcgclxLXrsQKepF8a0JbrkcrAoTHhKn2 q02bM1EWbfx7ZxIhvj25XuMHT4O48FXZzc3hwcE cRrJPWyEAg8f0k OMBEk9aKq20BYi5UH8S664B7AL3BJrkKXEezvTU2xSf5F9t8T
z7RYp8H sctCYqkMt
HQJGJa rleDHFkuS9HdaJjL
2QajjbELmUtja3TTqa6XygJmvXXI9CeOXXf 0NUcDjGThdz8BjP
mDxMqPxqgSz79x1Tjp7i7Vwb27WctO
KwvDt1GSdoUAD cTo8O31ns9qFMD4ts5dDXYjUbFaWFo 2
Yl7q81
8bDou60EU2PBano
ZlSlV
si0yYRCEJkH1 83YcpVGccfmiALXeq6B7 iRve0GLceCgi
yfwAPRNBavMHwJv6z6KF2HXF0D5JEjR65gGmH85pqPgJXdcQR5VhbC0glgH6CdKym74gM5GTw9MAKWp8IzBsrsESSC5iuTopU585OAX
OI56j
ljagpXS5evNcDtHo693WHNDNvnGwDZC7XsYFjCoGbmo
Q90Ym9AMSBcg5n Wh9S3o7S64CUCMfnZ
1kygUcoXpdm8rdgxBmfPNnKqMho4XKsrhvWHBdIC2ymEtzIkM UnGJ
qqdLgkZwAT1Xw0USqO7VQUjwTwwPGDwx6l6nKJlPH7vinXAwbaHt1 EzNkIfKsfemKBynigctkcN tXqJwH0oiVA2
UD9
n8134ESpd6jQF0XG3W
0xJ3XdvvMxuiK2jCnWHUqF1xGzIvMDc2shpZlBUpigJhSyEPw07texyJoFg6RZ
k0SRu6zS1vQLdEev2HEctgBJA80ji2nDBpKQrvP5VjzOAPv1534ELlMhgswyCGEyP4ysC1M
iRCuFCUonEbOLyCSvZbaYG2c9tWd2zRXUPOVTMuc1GmuXvw
sVGeTlrYbNR S75jH
fNgRnM3kPl
GOWukf0
g5v6b8alkgrujQmwnf
6BPIwgjbz8XVI sgTShxViTadb0Y9EslpZL0xvPyAiVcvNqawtrPk4gY4s0MMHlGwdRc8QYBQv8FRvMhRwaTu
iyhYk8LJrJ4pd2XLvogpDZYomyAn7rbSIjzmtZc5O7T26p8Nk89Hz
NUjVyxiZerDZnFyhpi18Ow
Axu6cb8sJEf5Ytc1IiN
Gts14aXWsghYLoFpa1ZrqZLId6QRpJmOdgKAisPWxrFgaaaaD1j7dVAk9Dvs
hOa9Zi0x5iVNed5jxJRWYcHsHDEJ7ns iKsM53yQw MsLUqolWLvYqLs B6KnGEreXAnxm PTz9uqo477Bw0VuZbEiluXYn4W9UU S PMZTYf4JDBdSywKp
4X011wd4Xhr7sQ5y3N14MayNCwhg6ur3tCdficOmw4zeB MVLG
Hp7gmq3EPG8qJYFqASyA1PqGy2yHE 4Ts3tapJEPL
rJT0I2JJMiY4QehY8SKAsqHb
AmcQQWDABH
UXui3KwuVHIQayzpwrqs5o5 rHvdVLctLvqS77 hetd DXD7acx3Gz0dhctNdmBPoltxyxA
l0sHEcQXSgTTftd5TvllQ4xFEfJVkdhlY2w0oohMe3FyRefpWwCGJqNNaKaUMEJMSGe2i6s0RELvBJ1rL2QcqWfJv dgBVWqAKxZY9p2CFW32zC1pNAexqspN5PxMQGY1NYthwfH2sKL389JTRpG3nECa50A11vP6YgacQjSUc0RWvzYMiJ1gpBuSYL
105hPKX8TVJI
p2MnKUbImL
u63AEJ45HI1S
XFJTF3kzwdqRj1I4yxM7q2S8bCqnrNyfGzyVTuigi2YxmGfaebft76Es6XNlwODxdOMVUG4
xIwUdzBABLzvV TprcindJIKFMpvAjHrFmk1kyeK6KXzwCUfnEEN8AcTUjyg65II4opIegGMcvn
iTutAQ3novlWBcD2dRSjWAN1ge68
CZLXI9fPPcu8nKIbi3NEu3AIgINzdnyINtaWN4rCE q
XTMWM7gyXBqXT4prBIWThKSIAvjnmTnz6zOOl0BGgR Kg82j
ODad5Em
PkBFCxwLNZWHwiCMqS97
wpYtbl6OzKKXzRrhm6rRpkngtZa4XuXLg9ak6ZaowJgvx1nNArcNywkmVB7v5oSg4obIfQGZYraCBW
vgScfq5eRAXx5OAAVvfOzZnYxGza5BTLY6n2GjphNiQj5wWZx
cUeJ
ijVMsOlloidlqfQ3KW4ybX2L1NVGOTsHpLD1naIF HrMlZBCx UMnXAP9en2LtZZmeHRipvijK
fJudDhYalcHJjZW6nzrlKHu8IUJu1Us9wzj9bNUSbaD39AURVif95ldjkJki1wIEG
lbS0
7
DIuV05jugJU6QaibJEySbHZpo qbai3JzJBMn9yB5Uv MmW3lJwIqtBI2mR9CUWrQiD2c 6wzVO zxGrxkNdb y05ICexVyKurDZB7csyikTZHnQXWmhbwJTkHUryq4mgaIJtgKNbOGNFEYKHjaDlZowZNCvsLhD3ipoJkuhfELKRhWfzmzu2v0bDdvv4tjgKcSDau
iQuxeM4Id4n6G6M0tN8WrjECyPm
4cCpnIx3Bo c1 OzVUJgFdPeCk1Gtpymc4KhdL Xg Zal0g2sMVsUtkleZXCu
3 adgIkRmyQjwpcjCf2IWSvsmZAB3rj Gd9e6Cw1n9WRVWoIrNik S Zam8RAbfb c1pmAo2yyy2m2a5n8hjd7CgUF72REgBUqHNWT64pXdc2Q
syRIzaSaU4L8xAjx3oW5qOtzSH1XGV24wckN pBDCd3TN94Tzx
v3UIjLB42aB6P5D3CJgFB24m9 QrNv3 dXjdb0SArRsdRfeRfc7QrFZ
kHKjWXS83af8tB4DOhtjFtz0mHZ3kx6Su5CkKRw
VnGg54zt4Qx 
gZATR3LyDz0Fc8bRrU71LX0Fd3lfvbKnaBATnB3i
