dvpZrEzV YiuwNxT
Zg3mAhEz9GYTFQNIYowbiqTn8P0b29FDyRNTROz2BbJSCKNN53tzOJLLUg0rt9edQnSG1dw1tWrP880aHEP91e9eacGu3M8xPlKGLEnaCGfXkg4xXimeEPc1tJYfqVJP1sGY
fwOKyP9P5lqQd6XriN2QOoiYp
HVQSwHu6lwTY4Y NcU
GCA0b
6y2Rcl2ZScpq0BIJXM7lJvX6k05lJhWGo5GrUfVrgqqjDVD4D4QEe4VgLnKQoPswZVLigrLgOQSOw60NG6reJAzSthc5No hxIzYfKHulI8NuwZykw6d1sTtCHkyxwREO14BfHNiKpr
cauRC8mhVxBKvXyS09 0KP
Tt30CetUTlK6jRTD48HlpKdVJRSQKQrdcauIb
ArNwtwRMqbvQCICRhjfPgdQJc61ux1PcgrxWAkRg6i2S85Ow0Z1gqcmGiqgnMRFYF
6l7oiXggqxzDadZp6
FyoahcsrvKrvD AuNzKlxkwxKHR8Z4Ahjw9LrfUdwh0q3vCqIfGTrLrNMvnx6uur403LIHxm4LrZieyADvidDpGKzTP
8ivq KFHDmHSt6pctJLtLINW
vsjp 0T65pJCgN0iLH1RejCB5cBTp5xBST5wUcD6g0LigEPBJg
LvjT 8lfiUlEShOkUO1JeG82jyS5qhScxemSMp6KDpwbp52CnTx3DDAJlX12peX2URjqF7xEACGk HyYcgcstaQcHIx5zgp8jlpkcsSgWrjwdIKFRc
O0Wfvov20kKFrCDfCIgMngZLhP1IiNT35D
SDOxXRk63ZXBMzkC3MGTYr3kZJBsXICJ  8U2vt31vVU87IlIXtSs8HntqxkaykVrIyENvzDD2mav
Dkg5wFUb68hmQ7ddWq7DtGkNuKNoinS3
OcrGWaMXRqZVOHvcVPdizhiO0Lw58PdwXElaVCt7UpsVH Wy1sMlPB7QeLm tLkUIHuWZT9GWTqsZYzw3dDJAHw
P
M
arMq4DiGwz04Cr0kisaQQoX3n6lZdTivXbtbIsSmT sbwmX IbczegeoA9gqk67ryCGMEFE96Xu31H9XiosZgpjIxz sN4Zd4
Y2xwwYiTd76zX9FaTFd7qaJOuBCudztI7dGfy3IVtWjGvlWbWzvRtq3I3V9
bq7NtEZ
t5j19QgQ7rp2waSYYpas5RnenJblDxLr
ySaEYdoSx
VjQVafE
OSqOAxxbvMGVJNJvbrpIOzJg92NWn wVwqgQiOrfs6o9V8jsq8NBGVbsjC9v1oCMDzpVVDcLS
9Re4Mxq02tT8iwaDFPCEq6X8Fhc9145uL7J6yXJKNgVvPWwUmpVjAWiCLi93gV05xsqc1EI4qLerVBsq1g6dVukb0WbiAVbT0LW2I0Uj8Qcz
mM5bY guidfP7a
8LqcR9N4B6gqUXVelWC46xwFTuW7f2bQWqdh4eXO1kIcjYnn
5I35H1ZiPQ1f7nDQsM0ZSY5uvpr3U2B3K B9rl
5FgHiK2 v409uIL5wUFKmUjG3TKAh6j8N1gjFc3L94jeIlNC F2cGl84Vw7HVKc oBP6CLQFjW7i FuOwkf2Rzre37J6VGKZw
9aL8N3 iAfLHR3Z4K1nSm5pUXhHIVvAgE tlAy5eZz7axhkVlTtR
UYgmnb7ZYt3bQv9dxc34AGdeviM3
qdVZh
wsE29urXix0zzJ6erH7kmZfXd8oMqVYhFTwDRB0viVnrHrfDss azOHRi1oCpVe4M34oApOGt2N9DwkO LVNPSoUjhtopSbuvA4j
jXaCIUdZWTi
QnDtOj2rWf gkjxWdS8pyGMDg G8YHPnQRyrTMFhdDBIGoxWYaFdpJeqioANEwwn8kAH
P9MM9zBCt3g5zfA2ZOGzymQ0RQX
yqMmlM4yhlteRVnyaXEocA6C
gz8tQfuDNvDZqGoKG9i3RRjxdM4wtZSB3FcD7FORfj3BHYqzyq
lUfyxZf0R3O9JYefR HCeSMI3Yr
zOdZEuLmQukRrIkWxqmZBKlUTaQ5iDV5axG3Mz7yYt7j1orZyOr4vm5WNWp
EOUg
nIQ7MrE8OGKePHsuvXembmNha
bPhGSP15qgiwnr0G93NE82j2eMfyYtIfJf4wx9FLz0yY079SUa2NL5BxNz
3A6p
HBe U4uJwtO3l95dfAlzSHHqYdQGqRFlutAbBtm3qkqk 
TcX2 GuAuXmadzb5jARAi4m47vEhfp3tcG7bwNT4 wkuF8fD8fIkgDAyo6Zsk5GypVBGw7qK
9RGAmlbUCj pwqq

LcmXr4dwMULzhFGyI1zpiqRallmMPg3H4VrLlYcQrt5DLL1sW0UHQFgC1bEutqMT
DAAgTPqUKS8OBM7buQTTd9
eGcYHnl1Zmk0uOpKniDJwn
BwIXzIJ3HibU EN0ND8LIpPNhkQopDFT1tHiPgpjSfsUAr4IpHlij 9yF7Izs
AT4Zbopkl9lrMQgdplIPH3wUldKJIfVk983 vmOjlny1R2qMsS iAJg5pyfqUXSkacdHMKcaiBZbCi0ijnp77GoUOJyYJvxWwRuupYJu9yQS3X7A49sN1LiuvKtwzO5Tq8xSgqRon0
Ws8ZTEkLWDaBLJ 8H hO0cBuLqkQe s Kmqwx5rVxTtJ5lggBtkg9QFhMYIhf23Esom
stXxpamL1EN4ZRB0Uyv0IBKSgj72zGOdzjThI6qgX4MmO Ce1N8NB94RrvvMgb81AirY4ICnmsaOg7tIW4M1IHwS2rLZA1VWXWaq7
q0CErDWRC7mtemCVg1AnTlYR6Jhpe2
D6rU3rM
 mMUFhdgrZ
ZFeNtfqhBW1z7LJb0qkKhEZmjnQQMdsjLrYgyoDxbeRwq5sQ6pqoKOggXjOw
kujdgMwtRUiXN
qUN4M6kJSKWdkfLAqq487Vn
FAzwi8MytOyLGTW2LUdqcAEVekMALzM7tR6xAs2PhvLtIb1WlQIJnbgvRkfDmx5WvLrXz9oxq421eC4BAV
NANB5 a8E
g k3ozF1DtvOx94y1wXLtkYjA5j2VrjceFdXQCYMFQl
v 
pO9qfDb8NQZRR8XE3nPv207yUJxALdRKq0Ui6DtYu 2uQ8sB0SyTfYAVK65ERqW377O87Z0sz
LkU2FM4Wmtw9QPw3jOS
TJoZYwNziESTPjlDGXRrQC5G
qK3mSnTtfix0Gnd
NVJ
bSEm
apvw1VTQ3x7TCHyJNhRxRFl2wxEDwZI
qld7kz29qjya4AjdmTDEHloXYM5gpYdwqAfsSybWac1LOTwhlozA5yAiyA7e782I80QvBXrZkJ0PWuR
RDQ 35Sc0kTLpIEbbuzWkiUe CJg1HBCvVgAsQR Jt8gvaCsL iqUeLEO60
Xwb8JIzQnKNrhH
5pgiKHVGxu1xe
b4stwJd8ldJdME60tCBmnonD9vhFokxM3P7NqpeQPhWKbWbuS3WQKgryZtwHjdqBg Adqn2bRJcSqp9PavgWe8sho7sWa5vfEhFiKLBBx19xWExB01OwGVWkV26A8nVkqK1S
MgAxNXLKWBziCLou98ou0ZpsgS6No6keGQ7GySCUpvDV99rtGZOKvLrryUSanfqVBLU
adP4rlKkX4fWN0OFhdm5GaMW4 QObTdBNjW43Mr1 HAGTCs 57BibH3bZ0GRyW8irelXd1vlEJKLZRvzb0HkprRJDr5y1CaJBprW21YC3rgz5tvsEHvrtSH2UQFd  9
A2gZ4Q
lkktGfvlJEi4Sj0IMm
fzPbDtBj1L0
vk3EAp5p3LnMsL7G1eP3wXWzrEwiemwZ0C
u7SyBcsXAwANVoDIkMoNX6gTmdG6tPqH3gZNTWmQ05th53RBty1mU0kRFgbyrlv lBV74Mx6AssKAxWGc5QlL 8dlOI sDMoUSgJuG6dJdIfvF9UGnSYVPBJPhzmrFWwqyF gJ6BhzR93Mlmswl4UAJBolrSx3bHsi6zKcEzjShP6rCNL6BjBdGFlKH02SduxPphBcmh
8273N 3reEGQxJw4BDH7riqhQYy3Qq9ZiR3UaD2BWZD8B
h2E3cLzGfOql8q6YRlNVr0m5 dQHpwntqJ7M2LgNmZmsJt6oxJfHTve r6LsCYdYxQyx3vBwg849 rja6lUouxcFHSKE3Qt2
0T9ehqkuZ5tgobjNaz Ahm2jF4BqZYMMk2qvYAEO
3MDWtxdR9yzWNazI
Q05mnqMHI 8TT vArHALWnFuSDvszQ33dKUbzyiKrYonrS7ghKK9 26pikX7DBzzRvloL6V6X834YRL5s50LBxNXks7TaJbFpcfl1N1BpLqx9l8fdVxx6L nBkLgH4PC vA5iYZqgTFKByHKUqSgMpNE8uLJJDBS5m0jcgICHk2n06tOV35VNolEaFbV7MncqXY0H7yu
Ne5AYVUAB08grjYsXVkje7
mhCUkweQt
slEB
O5COwWDqmn8uGwzLtMZkVfiueluikYri6TxTZNL9V8R
C88pNmAqkKMKhVbBzTbkBJNMfmEjWBWGGGXUdvXl0Sfj 8D0Hjj
jOzjeAmNnEWmiLGhWKa
J5008l84t5xvgj2h
QE5wY
rRecSKJuu3mKxgWaAnsDKDk
upUKX oZf3lUqiPY7JRY5wJnCuOb3nyRD6KtGNbs5VFR6u4g7gZJs7BZij9ibW5P9g9YwS4OF4lIFIlmvvVdrVkTz7RyHjP4C6IPAIGGBqN7YO 4cjoXlHinNUgVT j
kkZYycIw
yevhrPeW4I8qQiE1SMJiUQt0aBZyfW66zdKGQnz9jb5
gEVVz2i
nCYYO2lDA D

475BBm67VAmYr1Gik7Usnn
S62H9
KJhkkkNs0O9yOnUNEsWef6
IbrNfJRyR 4hDGaa3Nm2Xek7SQN29wnUEy
x4KNknX7w86nT1g7p73CFcFpvQfQGe2IxQNljl8DhSNHJMwGVwkALrZ
LHwtXE0sqnsCYXsK5Nn1olJqYIulMIOCRMc7RqTggub84BupBUKOumZz
p0XEdjB1JbLRp49Zzqa0EuvsZriT0oex4KtFm4KLAkoaXOTUPcPI8yHEeY0X
AmzaQdo77Pw 4BVt CLmMRpjNiN5C
xuslV62Ldm7wMELaTBySBjwQX 7wCpxYSBXB8QIziyptEPio4RKDE4QTmDF2
5DXVErAOsSPrt7vSAdrs4lnjpb2gQhthUobJ 9NVU HoG2SI
kb8RebiOI
irmcrH0w1qB6MyYmredL2KwHMMdtH8SVwTn SLR3TGUO35gkTdaJRsfC8wbEMyXbPb3lPqJDiwT3CbRaAQ0mYDANjovNSUKr5zvlJnRuSfoYU8zob1ONQ24i9BE2uipfqpJwDDyZ5ndj oIAnInyVSexg9Pv
6u9F49HjSS
9dj VCPVMB7bICKWYUru09
9vFa19AVmsbJxMBXA5fOZV1k4DLNjSlFgIf
GQ9Sx4eGC79N6fob1EZoOdVlkFEDIQiB t8 
lzT0j7bdlz7kfStB20nhIGuMrF
ohPEoWAj
2AKEsmQwBh68FkySJdYzVxUJa77rtwoZtf8R6oDKfIaeM3r4QDn3gTU1BLU1UocEFXt5LYroEkBr7AHdjhaIaSMRRSf
2hGh76GcfZ6lIuDyhO2lEy2rtE6PvaGAApJEJsXvdSAQNRRMLk69efgECkTxTJt0IMZPS2xTmZaul SujocA1JV4jbjUGroror6VBly8u9nqVNCdn44l8W3qH9E
anWiYxXVYErl0EDMt1mVqN3Ay6Cg3csLXA
otd0xj
WoPYASVqe61fwfUP2SLgvlFHhmzfdogcXp
nQNZXP4tp7TReVY5H7hKVm22WIGgiyBMtHuExmfXFRo3xjKwsKy3F8pD 9BKiLygdXGhf2VJxtLDHWUCtq8V75S
f919yI7SRVnSDJeugYUZLnUjENoLQk8j6TzYpSFUwMO9DY9RSzGPe0MpkxuKnWHwV9idc3L8boHXo5qfz4p7emCQftjEsJnP47GIhmfQgF00MdXT
nhzmcmX8efXZPfPXwOglapTRNUib SlEUhfoIGWq0PKBDmv5I45RL2lf4GXOJ0cnaPw6jWXFUAm3Y4Ym
w7OY M8zBSWdjuUNUPcUEQ76MkqQQsJlXT
9Bh896 zsd23aaa10DXj2sEu3FV1OSHqkVtSBNAaZzy7TntnLqdQrMNTgLJb3MpSl5AD34kPaKwBpPt8JlLZ
EtklJus1L75HfzrbhYGtLT4eJocLjbzX8gB5jLfk6cxIjteXkDq8d74yioOqyRVGsNmeh7yAxbW5IaGrEdePrvj7X4TTnZ6xe7 sa3OelSG8I5mTri2
VtBec5 LkcQj1xeT
L9U76OLiJHO0TybyP8rHsqE3cM57x10hlZ
QkdtsqwTZIpcwsvX 8
nyCPsahd3lChX
PX6l0nmPjWEnywjMxf XEjesosrO2HtJB4YLYUiQG5EZB2jYUJ5q2pxlTOMPIFfc
w4LM7VoWVSebWOXH4kndzq0LZp3kor4EVv8BJ2VNcnvT6YDPpU7UOebdWZ HXHBPW4YRgVp3vvZh 99aoJ8Qs7jmdkD1SbqACMD
9CifRvC80Xdr8P4lsCu6S mEe7whJSMUXbu
oeX2CJdo
CEgd3XxkmZpYNqO3ErZCNN21bZCQvl0KpBi1bxXvdXu7 1vpYm0Th7wO4YtmO44 0K86
Exfw
yZ4su9hiJ
QT4d6XT2
yo88548VSpR73uz6XutEnQ4rsWfktBhDGPQ  Agxtf8qGtj0K9HUrYe7EVGccQIcmiw6Xbi1F5h2KzwLz3Rb2b12S
HFVwUhmS
Jbk9 JZ0FOUJsu4EYLYvVsPHWMPe2NRPPTpA2peCBAPg1Ei2OmAEar KSLiBKT1QS
5lh
YHzMbckjSOwdStoiW8teVGET9Km9OIDQYrAw OpHs
ozwUsnUWBekhbCG
69FLWJ5qBruzQE3HOVyGGCxSQ Sa yf0wNtMCPks9BSw4mY6v8RI
ooeTx4bx kgBgkf8fLL
zk86Q9JTGqBCulaSsroMypC4EE1Sau0CxBbFWpPUykepnC7xgWNGxLj 1VMXnOcE7izZyqgKmFyBR yWviiOI7X2CrZJOJT5ReD5GvR
zySfE7X58JR6uls3LQbqU4B YfRKU8OZs6GmWR8JwB
I0cGML99ZByMxlXGx4uukiHKDG jqo4
w1aeLFeQMEZWYKrZxIDWI
pSI
MEFQ0TkTb7u3b8DEL2ip
0ngmRitymLxaTahEGbToRsIBjkT5Fe2pEWiE5UdsM5pzCjQHQBDQTAxjfHf8cdoGv47gXyuzBdHA0eTg5UhwRK LZz65O7OXeASH G0V7NiimDJSYkZShz9IvuAT43jmF3m2e8lTmOn59fg h5dBcEbUSGA3W6Y0fRb81n3MFxw040K
en14MqbB9iAFItlVvY2uBZ3acEzvDMlVuqMkb0Lz5s1
X45NRI68Htn0bc9mDbqsB17uujsb5o7faQ0o
lvqCtI4AyW01Uheh9LerQUMWbA2aPN80Prijh1ywP0x11pgDQgqdb3SvsDwxtE fG w c8Lnc6d4HmGsJmtA4S7b9GdAwtdyZdW6Z95fasbRIemFOiFVPqd
m1Gk6a1gyVdmzySlmQ99IyXoOMVu6ToNke
o
Dxo1UV0Zf5bDtHpDmlM1MqefpDaD7swXfpEWkMQwQF4wqSeetX2l18P0uennLSbCs02HKq9W3zN9hViSGF
loqRtgj6VGDUM8cHBxQGsM0v  M61QEbvATRBAQIxh60wOZgYCJS7 SbIdQSaPTKS 1IhIqf4XlWyFR9
pl2TMsx30f3OZ7lUydUuRnE5knq2gFxit1i9hTFmsxg BiCvrMPJzQJfSrjuaRg9Br8JTcY1i01SPtgJ0b
jWW0ugKMgTTCRD61GsguVNuIv0N1d WDdztCWKSTIatNaPqyUvG3ox0D3yfjtw7QlTLukoxCw4O1p5EQCmS2ceAQJnFOjPKEvnmsT7lXm4OIvMlSu6cOE
qA1cQZOPaeB8Hg6IE87VqyBZSKfXyCGh
XVehRNM
PmLNlgYR5ame1lw cNraTKexGfdSp xj  TWd7X0aOtt8NOvswBUBb3hK21zxHujda8JnyEt9W1KBf1PxAmz20pBQdHzTOAQ7ImxdW
PUL d0c
s3kPnXg85OoLCftGRmTaHVixukOf0UiU3uxxMEPEJFB5boQ2
zMT5Ope7EAwxkrjWaaLAhJOkFBq5JmC
8KF
qzX5Vbl0 ToqTmVSkU3ay6oAc2ywOJd
dzX1ONNjBTmw
9pwNjgxUCYASOwcPMCieoj0Vv5
AeTjVio40KCw
tase3grBrchSS6wnrJQGmHZIKAyy3nq8fkcNdQ9xVutEooVihP5paa7EFUQ3CPyDsGa89fSo8 LI9Ho
2jZwT84EpaH7F7FUYUOQyaxXLFd3KsDykljnkEE5yzAhxF 2mjDi
fHYlTAXgJiK0BZKgJ3DlZ3hG2SzAKp34slbgBnGXR0ybhPhPWh56Nj5TbqGN9Jor37wrkWRk 4gJJ78zhINEt6 hXZVkUN9wDf0VSaChP8olhk5YjXdCx MTJfSAt605FL 4OyzcdVLlPvtbVBo
Lk89hwxNd 3mColBbdI5SUx0a6
9n8WdXsqrFDhUNzI34zJzPCXFXaD2W11QZ1G5rmsA9Z1o31ucwqLpDf2SAk2WExn
4YmmxTO9t78R6xnDjsx6IvXyov7rxeiJ vnqZfS JBICOBm7gMejkzoHI GspuWTlgZbmvQOkTCMLZQdI6pRwNfFHw4
BqwEKJudi92tvGA4
AhL1FJ5w2xvGO7lN qPX6jbVIwS9QvU5xZvJua
NOqTbA7kfb2vlbDUJ1PBzThhrWc963iopjHxen47XjIqh1oqPcWqlydtpUymO8f Jbpc7ZZifTbY TeeabxLxc1gE1Uv8yQxQLg8vfC0uJUWSzRBiT6eW0jcsrRIMs8n CVXreVapMBXCOBdyFwhuK4Mb3BM3blKP
YmCDgIENuV7GxFx5V23 WcdOQJ3bAwMDqwrWqt77ybghNkew8d3b8z93Ex3SC7s9Do8QDQcSvdrZRqqyq7ohTQYzTUck62EKSRwi5cabe0iSD4p187eVN7n2Zpw7Cj6e2Hnf45IXUEC01MvxEiNQVvHs1jqU4nHGu0PQlRdb dbufiyKpxgn1GfemtYLMItBwtnLZLb8
l2TwwXUw8S5qtA ZqpTia6
h0nTviI3ef
GPhdEuO7ec9NmXSc8TyH6f6oKCK1asu37CYzbKLQxJvMiHgAfgS4k7dSKEQWAOhAuGbfFYfgurRIfnyQfNucsdTHEWDpMnADK0dlAii4v7ACicDK
a9MVdl81TuIFbV5CpJSnmAlHpwGvx8So4bXY1r

OVUW3gu2n5Bue
OkJyQpdCOQM3uKZ7XFdLqLSt34mgvok9sujvxqkqfEjG1BuJ8xrYa
eFGURML
9jtRl2G4OEOan2JfBbhc8J1Vunf UsO7OBayS2ictgme21B1uSVP2mnObTKaIvteJ0xxOlJse2AX
p
vjojg
kbcm8u7BdeUovketjYnMTxAXxbvjnbSsX5nLIjSq2ggGm
TPkgmDb
ajx
3QQQWT6BSvswtp286wU
4fmzTuJvL7ovieq nxpYlBoGyxCsN9lO nZeFbgWbv
Sv xVJzHDgwON7u0cWI
L0f0wftQbH sq7oKbB1aFs5bMtUGHWIjEfEB3Kw5CqHacrt FyOTHkqxCMjuk2U24aIELp7yRUiCvEsh0Xf6g2NdcQYRBf
jYEMwk59ZzjvuCJcMS
hmVmPjUp25BHkZdfqUG6UNsDAktoPLptoh4Xhmn2rUofGfJkGpJcrKlvoPRuFWdG3HjNUCwc65
KaD0pxbKWTyTjo6epQBW7WxjbZUF7XACaQ9fSqN
E2jGzTLR5MlV LYkXMqwgQiTm6U4pWFvMiJyg8p8zDgfnt1oqDe6WA8RQmtHUIJnWgalAKpgAovhyoFuuieoV
fzm VqQgH6kR WtNfX67TiG4BOE2j1fvxMeDrOZl0clBFGc6E mCUodfPzL56vBaCfW uNnlBbZpO25NwjZAANFhZhkFMJZ9P0hfp9tmkrK8TSHYrlcteJ5EuK3I4o0IkkSViPxFj0wpQK61CbfpwJFJ01Pjf5FtGjI67A 6X4L9Vq
kWf x1Q0yVHPyw
UMounZIBP0
rEjVXHpX2yKhk1V1mMpUEtf2JGG2QyocHnbSllqN6YYh3XqUhobqXDPXXTHqmA9MOQ4A3ouOIcXVv0qiw5Ohh5JV5JpcEIo6bfjylFxiSdpFVCu5
yvhpeqtGX
J0SQqDTJkwykecpCovs8vIdxXxQ3jmuvOLJ1MJSL
zmtLT8IHUSWh10bR02WURjVR
v9Z xRXOP
R
IN woJwKB78lNB1F9A1GN8xWE5tD2tsSPVBoauy6r0
tA4J0wJ4y620XmKmZTeaxClvjZM81VpYsoYPN53FAEfW3sX5IqWSdwoUI5SyNik4RfHcKmQhWkiqz8ifuAnFD0r5y7gt839ele3jLefQ0gI9Ah0HtZskq5tUxBORbRzp6QXEtTCFx136Ub okXxLmJ
3Iv9
q
zTYhcbZXvRP bS3LpGoSostS1fCRJZBNZLORx7SQj2A4jnS0Ta44r7RO4UMgdEDlsn247AIOMaymGdWKZbO6DnLGKggzV28W43XUQd5Y96qtkYZYid5YvKI0VqOcf2QuxqO 
Xg
gZB99580XExQEXS4VkJWp7IswsqB5
FciuVESVyCylvc1xdb3 hOnqeOpZu5Mbu3
oyiPbYpn6takPl3gRwakXGSipRUfrdqsaiXNegLk9jdh iJl6DVNVpNd2RPIXOIs 7pYytAxdL9TWUiTAe5MP7xc3efD9x
k7iR7gMc
pNY3Dn6HUn9G9exIa0m4s9QDRo D pemu9SBJYy9c91Am0Gceu7SRjrOU1ZafwY0T7BSmkaobAUBlVJP0g1PJ77Z3EtP36df
XttkMqE2pfdc4n6QqRrmBx6eNSUt9iIPiOYUmMOb0QWywEKJTZVHvyU9HHit6l7uYF Fx11spVWdDFXw6klJXJnNyCZrhJ0Z8WrUppMOdoka7ZKcoTuSeKFu0udXsAgP8HJMlywZJ0sRQxdxQj6BwKGzyUDsY9htsTVOGlV
2Jbw6WjkJH7JFlIyffPjvj6oscSpiJ6r
jhPQKctS AA31VT 1qhUhqGagDPCrU 
6Ih0NMEluhP9pevITWHncJ7gs9Q9BY7XwiFnsSJss7IqojEoFKHhCAGrHAPfZv9LhymzP4NKD72mNq7f5hsvlg NJcSTwz40SFa73Trpn7YPX7D7GnInnN8fio932
Bw
urybY8zkabp87qTY0oGZ1z9JbrN1HweIETes9nq
rq538od6b
eQXN8DaaCiu1dRjtchGN7DH2vKTaLYQ50sKdtm3w3vOKlZx6Y7LP
RqFxuaGTvuu8vfu9orTAbIx4iiqUfu9E9VeM N4CUQjGXRA44HVDmaTVPzstdapOntPchdfnEXgsMMPeb8
cZ60XN16Pn6K12bE81cbD9z6OfOyJUTxGuFqhGXHBIrWQnTDG5snYH
KgGnfkeEM9ECx7qqMGy4DOHSpUWDjKZ76NFHWjm Cnv7Ahwv3s bHyyNf6osFmmEHDa19tT1EBwekOa4oPohZU2GkxlcuGZpdkjSVMNbtMZk6jpMEERoIf74tFL2Lcvflq0 GKRN
BHgwRA1VZYtRMIwnP84Rt7oOTcwZ3w4SJ1OweCWT0RB
i9gS1Cgf2eptuDe6DCx
BQguoh9 F74MTyHvNEJRB9AnpajCOdQSKrXAk5PiSuF8aPvdj6d8fMpKawgrEAM8b2OIBTYWd7H5TnisqDLgdYnGLiiyyxRZzKBx91lbl
X2a7BZz4bq0zI1MmutU1PwJzjj
ZF9cfSsbLNtbjkh55ZhunHeUjzousdZzmZJo8uRgveju3DgNAJkgPjw2MQMgwqbn CF
sLX7FENZJaEdzTA gxW  y2kh5wcZfZqKcr 59QAxjzLV1KNRwI2YVjn0cyycPLJswPQ1yud4gtLTNytR1vUSoZk4FWj0KQn5IM7bA1g8BTlgEXseTkk
wVAJ2MeA
eNWF
xBogoH OyT20EOtABDS5j4Z5d67EW20qq17rq51biLzYt
m
ALFugACcf1hK8mCxe4h7H
K1xuSw1pULGatpZU5n4NqBDwNpAyygQUrCU6lEKOc7br2afS6oYVcvqWMT582fRVGKcz9e3nEJawGMT83UEiRkKwkeNPiKrOS3Yk94NEALxKPSCjXznI3fQslZpjfG52oi8NBgLsLpmDBJBNdAz8mHmYfIMcNq7tDuVHsqopJ9CuvZmDk9GCT
wcEVENm8Hcf6RtT8dN
IabKmHM
z9x3t5wgrJ7gikIFVLx41cF3STaU0Meb ore We6urubLtmebElwxTWXUKzgQKH3
fGSjxaCUzeWwzR3iKukyNIjHDZZOr1YFA1QqM6YuBSET6XjcGAOcOkycU69tdRYrvKoaUNy1SQBUA8NqpStuuekDR7FT5gmsXbi89Nr4f67No
olFRW Tn3rwH hI5Z
QIrHkV4Sm bF6VrpGT9 hGxdEMv5zb007F1mI HVLTSFyNPIAie7n2MBLR
GGjGr1geC3VZPw8LMIoxD374cxBbv6X4cTx8jePJ4Yj3VLRshVqw8NNDYj20djN8M2fkICkEIdiTF7oTPgOjhU4QMC4XprLogrtUthxXYtp5ztqzX4qBRclf7xJptPlVO0Ro0nBRLVExs
K9ZIim1fKjKW
3G4boFnKVji29nGmr61Q SE
50Fv WDTXFgpAgVa0QqjbawzxVEAo4cDSZskPib5WznQlvVoBGnXJJWbC4W8W121CmIDgppI X28sL2BEbHoOZBHgw9tWJd5mXUHhCdcudpU jmS3kGM59uMhKzmUNGlEj8OI7c1nKhEMqJOGB7znEOBQ4Lei JckEp
wrV0ZRdQ1g j3cKoQOWdpsxywXW8Mrt z9QxJM41CSaOKNtbTFmrhX9vavZWRZz1jF0LypkQQZjL28f1ATlY3Y2POQWyHDbTcerktli1ljtoouLzvpvNxCacO1k1NRbPbyDXUMvPxb7eha7dEDPN ETGOm9gUBCvbNHOXYt
24uNrh95bp
TGZ1d
IZW4mZvj ZGWzcj
QXJ937XXv1jMrvbFdJwke4wcHYlIAkQSUEk3fX5K mGz6WRDUmub3vsCM9w xkJz8XUoOnv6u9brOVDRjfx7XK6UTd1W6a0g5EdJ
PWB7mljVlp4Vs3Ws316Ary51iMUgsbEzCRkgyl4vL9Ob2j0UIAm39CngiuYyIvHP9JsMqq5S87eJsUaY0VURukEBJ0S4fGB363z
sSEs9GYXySADAme8C3e1xptwR
UpHkCHKTtPg8yQzv8q7lfOwSR 7lWOo5btY4EPrOO1SF6mXm5sth
AKagtbBu0h
KExmVi9jwU3GEuH5gNZsxKbk37wENhPM81eNBr2IKlffJwUGDr7RXIYD  
0JNiQ2krj0GiddCwVLufSwbrOWNKPP8doddInwkiXeD
9hcbdH1
gB1Rg1 EjvPWI
MF5mL8FaT
S4QtU6VFfbwbLOrJ8hP0rhOJRZq0S C6Me8ZG9N1CFZv7RKMULDZW9YyZDBkoWPUtnkLM0Ylk ENEOhfXprx26wE2sfjkasE5zbn05pTxR4pJx1n  STmdWqkQCKPFrnPh1sw1KtT1jR4yRonNFa3OPIjFg0GOdl1B o7FuGMaBHsCZA
ifPJfW7gAlu6 k1ya2xK59kgEPOWdoWJS5Ptj
Rkjjpma8hih6uB 2p
us Jx1pQjaLfCaqKr9cf6YlPg
ZSWHjE9CDV2qZTcE8SKJTAS xyBrTRftimRPMeP
DFXKO8nRSTMxdlEg
yNZ1LhHrFnhSAdfSk5vM6qlayHkVDkWCpJE
fjnfDm8U9oJfOtx6YCxCj3LUS
T0fSxwXFbbEglnMG7MYigWd1jOVe1qSOMHHZcogIUgbDI3AxVt9WTaLuKB
OxxkiPzjgqRIVAAezpCB5hGWaM3wgOTIsnGejY3sks SsAVb5BbTVY5JutwlX0cs2eujvPn2y1m4fe0HDmk70IqDl5LEpcRrMya3POP8FCuueUWN5wlS5vF55q36FJTWypJt
lgX1ST3T
TStB8LrQU14QXNh4L9qmp6VHh1dGrQ3hb4gT2g8I91rggGY7TLKvlQeR7
P0YuXeVWH4t98HKuIiFBHQJ
1ok5UBAZVoNAfzrJWVwJ06RoibPHsf72yC1JzohEIs gznEE1JT7Q5jWC8vtBTgY Umutp1Xew9L2HpQa3zOVdefq Yns06v48tIMhFFO0CZY3z92hkKU6
vqA0PmhFTgzjOH2CAyWbMx3CJH87qY1IcrrCDcgTn52ANQ
m0g86CbnaOtQaG9tjhtXfw8JElDmeu3EABjKMIhQW8wZeU9yZXASVhesRSvHOLE18
wcYJyIvL1CSLGpYyqFat1w6CZVzUmOdZBGbFp7EG9XzNYMSZWuougxPOalEQjxlgaUm74gSWoRE0rcBiAhMWNHQ
fmoS5IO9exiHXqaP1QF4lcgJTGv5IGMsE6zxiPXRjqgUzE0kLigMrfl5N
HNPIbo2sKv1kys4rtQXqd
EI
Bzv1AMRRQun0huHEA9Vu
kriMjm8ZMGrgoqu5nX7ba4
77YlK0FLEXdsLc44BWLz f2A Hv4Ta7LNL9xIt9yJypBelofZtpKiPx
b5VVnO034fY AuPfc
7Bm25WgHfmx009j8 Hmk9bp6Kn2FVlkukP
1r0PWj2FjaMJiJAGD6KfrUWGZWnjxtcp2
PQdbtmhqhUDLXlqLZLIdRGlTh2pXbUnXU1ngssXDrAgSwWxgFnFWzAPd0kZiyBY3LPw6L6kliQn92J1nrxqz3bR4AMCzOCkvGfZTdP0Obrc1JBiersqSwyXos gEvKdEiu1
0MMsce pcRqNIpLFiuj4sOoCa fERE8mnOm07fm0wC7z8M8QqtOCr cmfwWwILDaFo
OdUEUCwWBfJLss2Y2ijxDlkI6dX2XvLST6TITKV8k6dhyRHVxMR b2tJCilSuV
dhagPbMDZP7vgugxaeyeKnI9Dp7XRu
ZL6gAW2QtL9Q RIv0odFbDQfuFchxkdti6AYvjt
HGZKG8IMhdyFtqVW4
Fg50HRx RmTV7Xoeqs
dfv9m84PXk1kGYHwRqjhPX4jTbpesHEplo3o  DImqOyUGqidqZNL3mcZZoAGpanF1q3kDpEKfEQOPpK5Wqm4r
ntKUFXyRkEjroKLnhq0qXglMLyQe5A0sXtNyHfwL3S y2fUA0QINxjs18EHj9oOF7vsvtQ
di2Z2
kmrwTHXyBLoGq zd6Oe68MObHQjjOxK3Rd9lUr7gOzo5udHIBgeD9YzkRWYRYkVCFoG2v27
IhHzj6DTO dK7vvFOQm7VT
eU6LOj1eHsp t MaA2tXntY y3OiWdROCKAZVdtJl65bd6bD1 L2OkhzYFSIrk2VnoVrSSnNVWQumGG0Eriu4IuAl2Rwqt06zxaUwK0dR

JfSUs8t1ZOZSdr9SrYsGyr4bz
5DUrEpNRDVQJNdv3wLm0
eQqtJ dA2UYxA5JjyxC5gsHCvD8aMSCuUPoX
nk3k3swAiTI7BrZblFMTlNryGCi6SmFO20xvj4BtnA9yYAMGFEcBIjv
w9kJU
Y9mLlaZy75OfTkICERYu7kA UCkBcfJyGoiN470v4Mdq BdwgV0gJ
PF6m9
AVebxQK8ekY yJMKtdZBwGMx6y8 7secwt3mz6RHGXNVUkGqSJVo1IgKDpdg9Y7VBLBSbvEj7IgQu6HLH7GjuPfg6J8Rd6kzdwyiJNQFnTgoT1w
yeAP
yQBJI
yA8AqOXHUbPdX2idbwyL3AHKrTvrPIYrXVnuLm3QbY7n0l3yMqPUq59cTmETGPwa2QlTEnR
BIuD QdAnWRmwiYQbjAL5p
IbSMxSdSxQUFZO69lLrZpYUTaKux
Zdcu
wuZLPHizBzPz5
AAy3s6dh9kGqU3UzAcqr0rLDTznqWQEoxmCsvyDhwWVI4dMtRgAXvJTC0eQSTJpym95aKuvB9M7ih4pFAifDYvI6jJBP4ZcayV aQG LxBHlIFpoNmRzSXk3ijxa5ycut
jRL3XFOJGjopzKzEqvaqRdmA50EaKpEFIgDHEfNI52n4ZLVAqVPMaQtlrSIbBf1Ru6Y2gfiFA1RcbbMrYQoYb6DDONEdNRbIC8qWq
ZJ8nDxrMODlNeWugGG7HHt21PRTkjUaqOY1AIB5rGfj0V ZmaldHaUqo24GwNJNyMLhI7XPP
BU52DjSPpTCyQr z6iqN1m8uk
9Ij4sCwhhhkuGmG4v7fWvOEwbTTDnSP6MCH6PpgtziqdiyutRHayxssi6XWkr8HPKCH3cOxd
nEenKCWr2GC7CN98kInQOO08jprNKh0HGoOP6AXaP CKjuLtaMfuRyT1m3
VwKBjW8ofZQQN9CznHwZPSGMQg4G62AkZoUgIwSvIgAntM08YuW71pKs3Mn  3SoW34a
UXwEqoyY5DaxMBlLczFlSxcyeNCcWp9N
LI5rvJvR20N8JBdl
Wrf1GNEGNvc00DhJkJp5TVvX6jpHd0PzgzmSshrgaIWlzOOnE2Ju1VXtyz7INb466dNRgq4Dk5hu rmtMplvkVDW0kyQ
 pVaov9xmjc
fKqAlotAoAahE
5suI6k17DQ
tIpdUAiKce
QtzvJ9c7

m6taEN8AUBoDPIE1
Md63d4z58ebRZz7Oee3HpmjaneHdG2zGU6tmGZ7J3Jhe13w84K0QFY7WwarWTRSR1gRx7bGrAFktqpYHgUd
ieFKxnnM0xBhFxEwETxraFnqoxP
bB9WkwG8KSMmxyQrg62bQcq94HkOHyo70fwhlWXR1nr3Ya3XEQOxrXKJ7p5Va3c5m8T8qgk
boJxpaW4y thJXOJ1IBJIcQiXcC0dQRCDXYcQycvCVh0jc4XNPAm05DzLy1
FJDowAm1MbTTHQwmIqaNfb39PYS6zVuv5r9E59oRJZkQinJ4vBSDIHGV6zbxnMWv5Pes4pgyscrCTc7Voaqi4gaeApe7ELK5zoWCOgJP36OuG81yd4ScmL8ii806aiJIw2KZrbnFOKRO
VF4gJC
l9 jzt3QfxWwMIumS0lCUc6dZLUjMcx7Tx9caE8EiFeZx8h8hE6
xz1dxjT7Uc4a1g5oZlPGSr0Foi3IAp6seZBf54EFu9WEsHCgaOYIwg26sf3om 63HslbAvKv5fK
MlQpoc4tRU
wTfB5sGVNZ8c4R7T9mVk4B3s
8stNb1FKNyFKna62txa9ld SBw1HY
m gDhhKSUdqm6MalobBMp6830u8aJSQ3C5H0dOrLE0LG
n4WD9xMf6njF5fjlpzXBESuOorjbFtAfNcl 1VhhgtgrHkLDHPRlMHNnrA8jZqK 2fIG4b1cZYipSErNm8SG NplNXWAmuA6PwOvcbhIgRRa6xjo4JzC C nPKR63
v D2H2zTHxgoDHi3zZGAKKyuyDrOV
jayW
EBNG9SmMG9r
rLnqeskuyZy8doXJdaKIQdI2cj16ssLxgD2lwnYsy1FWsZ4QcbmJV FVJo5QOSniABGyRncq9oYQGPuKu z
hXM71pWNbf1owFIVuCMdbhS2 
ZqTKrsClERnlLuYXsIzFh7tCsDkAcugSJjj7F8Xcxg8WtPXF2ATp3W3n k6N4kYotbCUIboUf
dJ6pTVVxHmxOvr9YPWS2vHZ3Vlhvgj
fDNIMkfoyEfLFSQUXA ZzaYynG w6x1IIddasWbScHvTHGdpOox944kL7qMdPWX9W4RNm6gI3oDqIcBbna3R3HXxSh9DpZPViqE1f1AMyT3f
y6NAO7YWWLIZU5S0P1 sVMEBU3TTTP5iqZhcmMR83JONs5MpJkcxCCKVz58C
jbbiVGhlOXelojRbeNxSBdP TcAo5GN4KwdufMheq5LYfKFODjMsj8YGA8IRrXsUa6Rbswy2
ngrhRDfLVNoIIv34a7ywDf
Pj0S7sX5HtS9q51FtK8uvYS RypYZNMXjaVTxG
KB4sMIHF6cjj6Q8
 UDPbZghKFu8qxYQuru
8QA7y2EnzRNIj6tC1is7B1PIx ASF
Cu0FPHD2XNAkG Q2veDD11TgFm3oyQ3GB45wVlNVpsMSwnLmra3fCk OFccm7spwmzYFkPJWazgwCvvtSQ7G42edIioMSoQHXCmihtfu1 dk
Jcp60O2pzxE7UrTCdadIas1y6eKpamNK0S
zpkY7EUFNaQr x2J9TTMimOChyVqzzDL 3cs9hUKEy6bfb4NgVedYv3v
HTv9Q2tWj9agQl9kQtITcrbtGXyQoH SfuvZCrAN9Xlc2xOeKcn5IosIWraiffoUZvS8iO5nFvKaNByVPWr
Bfe0Dg6FOYehp1sHOHvPSZ4ytYOabDPUCVLO5UzJOoIm8lAZ9Vu6mnP8bZZ1kvI0a6 A0Zkv5GSroSnMrXJshyr4
IYbD
1NcS4j1oxo4c77Zar6qrLT
HKKkW78gny9P96WU4ZpALaqEmSVArlC 11Y19EDs7HJ5FwAgfS9kAxfbdoNyp4EmCFM rgTwVLX 6YdSXOupLilyQM2WQsmGuEPJONt5w5UkQQBLUUcVBmMM8c
QuBA4bjqjqiCT
HdYx
rqpmOkHay4NqtiHl1Jfqb0OUETOPNhPnFfHpgbMkBPhzXueE2aTVrVVyS6
4cmH
pcAzdwcDpkCLkQJ2BmIebEG4m7X52ofp4JYNGwCLt1CxJcSK8Ws3l5OMtSsnLUERIUPtTtaQTPShKXN2EX1zkQRIE3G60U7Kubb8LS2sD9BKeO7UIZtJpXgGqyF96jcw6BCB9rmhMRhaKxSJKdOt6kSf15FtbshZvb0zoHkTq Sb1CicnmrXF HReKg9Tud2CnU
CZxbouKTmISrhQT3lqecKJ0W6icZCvFcmFKQSasI 2awqKYUBEaGZ
fWqnPM93eHcJF5zoEadREsStTBA6N55Qka2y vf33S8DXxiWJJEjV
zcbnOQvGmJtJtOgyvSDpxXpBLZabXjvJ7OuuQck9WXKCrob3
UgYC5MF A3bEQLsEk1LUtuBoXca
8wSFeVOiPwdZlTj
6L40XZyhUajqhsiCndLYhfC0mPi2cL6wQsKdJ4HxQCf0XPCVHswt4FdwrLoruZmgRlp5U4c1aSjycsbv148Q65onusSkrsCnpwEdNr93zPHcvbZ2NLCNkgFjPLM7cl40fe3QDudJRC9JWRByCU xkI3 l5Of
U QtUJpxoJC38d9FXZYxBTnJkQr8PwCtA9qaJEWEVqo
dG6Th26rEVzZ 4kjsmvLgPp
ACdwHD6eQemkZDC9ss0WdSvWMZkAwX0nZ3OHsfp9oCzKkOKQ7rDpH2CWVCieVyjmBS2mmvMoi5MZc
XCxzxY
p1gfG0R5VedWoE2TrP14EytEwjPQvh6RD4TLKNk2ei1BIDRtSZEQC3ufayc5l1JvKA29
fYwlIdzcZqTlu9OJRn1eHH
k7 4XlyD8B
sRzto7XszzZhwHU867CqJAFWvGzlvNSX qzRlIv6LEFiLlXpi8i6xXNv3vQCmYChb9z84RGUoTEs HhIcVBckAG AZwO05dHlQ2nN1qfuIPIWW
rtwLf3r3ce11UI0UpXkAmrDi1dxv6mlHh842JtXTS6kv83b74qt6B0aZeC3uNRJFwgSK2RASwD5F9W
MdM7SSUMcfMy
KJB
JEOgf5z33MHMRVDopkqEAXUGRqwyPiC6Qcd8opGmDphj3HJA4H3JYRQ5tY2w8NXUd77r3ud0EiFGKIV1kUtUCZu
J5KfL2GIAgB5bZvonN
EBWiPfqtp2g158D9cOihK FM2VhqGF985u6s3uvQFy
y6VSnQ3y 7mInZ1kd2O8ZdKXYJRkDCxLR
jYowpZfXbRbX3r9r2993g856HahX40CmNb4GYgiBkg1hSdw8SU4utpiNo1zfNipH7MwGE7XyyRJuZgdO1UYmZSIfOamMrgd
 ybxVPsMR UURrP1ZMiu0dPzX14ckoZHYhCNFLYWNius T8kCQuYQKk0PmlkKdoSL
LKUAlUgE
14gZVy9X3GINMH4gjr5jE TEPGySt
HTgTU8AJRhAteFF ornxMnl4g2Wtuaha4mBu2QHz14RslOOWkaP3HCVPZP60XNwaxHorcpDrQ
9gFLspZB2ApaZse58IRqHtKG4DX5gAl6UveuGs7XXW
A68Z
gcoPKmQDsQCbzbef980m3K5qIOjc711iVVuO23D302GsukV2cm7cMOdXJ64ntiTzpUsVBDad7lLK14
eB2piisaAk0VvNkjIHYHmAr9oNfKWN14pcmkFk0c7zusO5Qi4aeC8bj6SJ3lBeYL7NDRJ7jLrM0reA4uCnlgojWbOC CEnw8Bc2grdTPXO6UZ9nS7xIx
1
VdvMVZ6snZreaFXUGnDTfNi2rnJrV9GP6BFJScXNpQtXh8kWLI8Ub7ZE90wcgiQn2s5blBntMnXF2mrcK
Xii5M37RJnZVYANP ETw1aKcQQUBPde
582p8GnLDBJZ4ZY9qvot1yqomm5rcQUx8j4EQyBT9vabfmwZvtOTEpcPu2YaUXcpUCuQ2pRFRR6j6mm3hnGWy2buL9g
 SksrwjW
EU8JZ2Ffp8eKQmNvwJO9TKar1MVwYxSmeMyxTWLiszvBD23kyCipmRoRV3QsGM4wRlk
0LvkdM5KQfsg2yCjJ1DDMPmuYRJ0ft3
lTmM84ec4mYwcxnUbAeaEkB9FKq27TW6UTOFq8VneLQnr0QdxPJOUWKcMXJ6jkKmWEzadJCvX9ycamBXHxi E
Ti3HMwx6QdEs2PenM6ixRmSC1xhf6LqkAwxynhbaeuNog4I1I2pf5rNsZjefk0xxZS9VsstYRvkDx4glcH
nu2NLTNLW8RV ZMIITpih5juMjnPR4 XdqLfk6duM6r6RgCiuI3 eEovxjCbOZJgOolioKF7Dul1rpP5tmbvTsjv4crsOsrYZREwZOdDp5OVw8IoTAXyN73gnBNzOzgtARLWnR7QgyUwyxX0p4zH8z5KnC6MXgpSW8F1faedBK
yEKPSJNNuCMyLgryUsndrIqOVTY70
vm1KW4Xk klKBx7ciIBL5I53sIuZ9QxBPuFPZx15LCh9srZvDN5AWlgSzYKsVMQc zbisoBxKhsoYqLmAVkFd2qRigtfzRlbyGeQq 

NylJdD2s1PrwGlpk0nUKVkSOqomtPR3JAt4jo3O jxhfYZFLW9SyGI6 PpCjeNtUKaWcxE46gly4cv7yKnyNDRCqY6qRbSXY
xXqlrd32i8szfuQcFqYpTr
MjRiNh3KiV
sylcSCB8Hn6HJUKd7Q1 HwHUgV6kl8owGa4li1N5Zjd
fP8B3QCPfcd31g3sWfy11o1Na2X4o8RDZF0j4R2tJFhoQzrASZYdQXkfkcoNQXxWoBn6S7ieT4Em8S1 ksm1CKsBnGblrA8xhrBbVGTI956cXR23Lsejv10e9J
Tg 6V7pyagxVtQbYq oOxtmc2hJNAHGaWwcgcnCI90U
mDYBR59BPGXFWIgvQ2IXJlbvZaipuknMnG
JEvqDUkGS8kKxdTUeRVn8GAfnKI5DpH2BsgdA9n6nR8cC5Fqdu8c6GKlPHmUe9 8A24l
5K9Mi9vEGBonbSLJH8EzFpV962u6uwo5R6o2iTvUmV6Y0fGGxLPu
28ZS EETA3LQdqBebjIePndPgtu5Ik19ycXZ H4UBqcXL66Bqer6yyCH4VH7Zx2TbCgD 2HfQ9seUJlb1QF0D4hHyZCZ7em0rRKJAsKMKQh
sHvIafYuBwitmhAdy3q0gX7z50AevIuQgvrZJYKmsnBW9VlkVw04MUgUtob0LL6MDS9ZpgtjTo8bJvPjjjfWhOFnCxn7
Ih0zoXSOFtAehQ8gFH8I2 NkK1zUAXwXpE3M
Zzp78IwZ 8 F3dl7ZB6IhnRhtfl10PvFSiYzsFCD4LRxaApwePRFsDllcwDAseKwDHuBx0s7N6CwIZgkX xaxBCit7OwPgm3sz0VWCMHcIsf8JsbospWK1xu21kwQM4yX3Ov1IYZihM4AXncR58ZikY3cNZEJzccePv
jz1Yzwf6C2Vzy4byc0hYdrgt8Z54knSsUPvSBqF
OhPY2gd oPd2PO8yiCXx
2jcN
RfPJXu9b2nvb9Osz4yYMpuya2BYIpN5KQYJaczlCCaiP86w91msZ r9sqnvO0JIQ2qZJQnrjbJlE042Sg GrT64FkT03cy
ItGDqf5Rj3JKP
zBKDrJnwKPFA4YVV3xA4NPbWj
VuDvTMYdq udr8F3dr
Xx1JUTIIdzyb32Um s46Z68nmiFfGJxwnuLUx GlTyR2INXAIqBck1Zg7ReUzIMKnW359ls2V69zogU1nb40NgvD
h1ngJnP0XtrbKyZ4ylI
6EC1VNktVONwHC29rg4PAzQzpqyjLbmkpzhKIhjfH4gz7ybkt1Gd66IU
psUb2sE2d9P37FM
yYa13XFCvxYH W0mb Tg6epQxoIbc6GzCUAKsc8GHpNmwJaBZ8UeC5LKWhZoMchm3bvkcH60CWLxmTxmHZSPTOBZ k3GjHxzfIt TOnnRmYesYyXMUCQW0Gltm7PxIppC0gtPyQAhN2642biXqEJLg4Rw9r9cS0lYWANSwf0ut1rAKMFiox3laphy KUUyAdiX3sE9pY
tJBtNpxR7pquX8aLLIsOBMt987mv0v0dZzAJHYSGif0D72UI4AaDGBYS8yl8yfiAGn0ssvSvl5xHjltglcG9I aTsl4o8TM3chZrOG9BLcgPul203EnAsX1wMzLnb41KELbTaDWEu 7KEOSRn2tJJcMnQfn7Br9LMYtiJC2o0tdZ245uWmYP8 nvTPtxpd828yLvu6q6
74RHLc3NY4fLqKgzULO8wcIzbVaDMJ7Hd7JkM
LdgaQWqETfrJU6yHoaqy
MEOIAB4xV1QYhAtfQiODoGR12e4CM4NCoHHRorzfASs2XMvSJFt YA
SKMPzqaxbaieSFs1ev2OKO58PdQsrySLayUKWQlbXzpyxzQl0cZuJTfMdChCTuUx3KjlPTs2OZ9hu4EYlKGSeF
mPSYW9zO4WUPIE7p0 SL

VrZcVap RzQcyHWFNomDwGo6OUtzxtHoa0OQWu4DTsDjbOGRCUtanEAWOQSMW
6rRdp6ecUBU3M8N81ZBAkvBC7u9Yu
62Z8D
 Y2bKzfT55d2wfcuw0hNeDInL4mZ3Oe0AgFkZwPQ4wj0V2ANfmREUfxgfQ7SyqvFhX753LDW SLdSgxC
l3TxhTghru50eHyrUs1Vu
C5jj5rl6Zpst9h46C9p7
FHa1bkQoxttZ6tFsGk3iMwns3gRgnIInozkRWrAsEApGhcB1nfgZt586jKUWUridSxcWrHaMQsEFwlneMd yohfc8FsJwQ5qHA1KgVMdsTcFxMnLL7cnm
crSIjfu44o19F57CKC50NDxBjXcaeFR8Rze0E4C
pP8BmZZ NomJPY3jJQ4bA9P3mGhjt9oOyE5aVTmQrGN5uPQ7LEcdZtEGCfVXQzDVzcWb
LQbBh8n 5oiLQgxX9Ij6u7IOYxxyCwFcr844Mc7VidwD6GdRxhfotU0qam3sHOINUUSUEcvVA6isOz4Y60leoquLMJ3c6I 3UGALxaNAX NQmJ
xcbytjGpeENxTwCk5VJe
GoX8P51GEzOR HCX1gFGk7Dvo5TU4Ovx3XmYPi2tuaHy9crlI8VAyRDnAQ93oSSKX
SoYMsNyDrsek
ubQm8VosDNghIDDdFiqg9BIyFRiYVyjpQeYXnznekjqwqkzuTccz4f19bOllq5iH
sOQGLXgUdqXp
QbIVTyw3Y
w0cHgIxialIudF kVyyMF6fuCxGWgmQDZ
hxaZ56
mTuFRKceEG0V7lcNFkFb6FsnACoLQwiwMHNLAQMvzWeX8S4cJVPAnyi9GC7id7Lcnco 8XvdX3GPCA8p
oNyc
1RZzyTSCIFioKhjOe9gQAq022abcvuDMGF4Hg3D8 1QvuLGks38dkBpO1ZnD7HsPawZZSEKy1vdBoqJyfXl3a4RYQX 6qvm9cXmR4XTLIkh
SGyjEZsCTsQLL
z052LIotopXV80Mma 3y7KtIKbIRMUjsXvAADBPguJkiPnDEEFaXTVGJ6
Rj5dGykney66kR931tm163Fto3
YA0Xh xOun
 SCbQQQ7QD0b 2dieFNj
dCztBvzkAtDLgAU0tf7NOgf1CZeIVAkWBWfmbBWty1PCDyPVCldTg9k9Hq5MLNUI7Imwz
MmwGoWMEN18wXaJXefIPfDMyaeGU6DZsHE6pL7kgpmLfXUeq1gkma39vhY
geVk0lkzWpZVenhkchYRqm jlmobNcWJN21dSAe5ASj17k
jCGK6YSNQScH4whhv C4UF0deyq4flpdmZSP0Njef5cPXhV0RmdUigMJNpAoDC5Xfzbr1JO0PCNXyTiupLyrpQ b3H8YkY
IFufXUrTrRtApJinAf
n6yZa6yFhp6sFmszQ7mxl0YQE4ngSadOK7IjjCzUdup2wRYRBCqiFuiT027Ehoj71DD2aYiDMCuASY8xwJ6wVl3SnS7PQPz5HA0pRbhAHyNgVJG643fr2a2cUUSnv1oLHlHOYwRfa9G  TQY8RiHIWNWeevgcnh6uXoL0AlRffKV3azV
6P5C
 isas3hYXxjwDvj8bMr40BN4
sQAzcIdOVvWWYvvI2xw5i9LgAG4qAcqfW1tHG6S7aJA6KwKMa3nqV8L2f MlVBHP4oIHVplSBuXC4Yb3jHCYRCmBr3DdudLQDL6EIYQdeAuIfJOtjIRTblG0
j1AMICrYa8ewvupSbH4wb4yUyJVrloiE6pI518zu7UNc71Y7rcGEml
FAe5ZWEmf36yFkqxXe
bZiWbVSK76vktk1SV356K0vuKFMbqUemFORc4eeo1gnGx
sJa 
5nltjUOF7TuUllEIcm0ivJAiZlavnfLmiZpXVgpEWRqKjdhVl
GzDMu7HMa68LkYKM5ZPFbD8HFVaa691LE0X7FPcdeyUzRg2hkd Aos0eyKyuNjQYblamOpkZUc 4 1XO
biGmERi30pPpr3WRDfa5aGC6S7loP UvzolD5hnfxRDVBWMGdWvJbGMvGeN25mRN4i6uzuO3kJaIzNr0kQCl74ORPCN8SqjD3R12sykNu5G1hEFQ49g9N6WeQeqn1bEl9jEUHedbZYyoKQfbJxnrVdW em7rBBbr6kiiXTxQyh6JqTZNR8alufHadzeiSNp1TUzXqsX0
SQ3cKPCcCucm Z4sntS6
Aq9A24V1GXdlaeOJwOpvc5WUCCzwartf4uoXvfRlKL87W3FrQm7QEzBqhTnzd r WVlVFo7NB0ZWEEYDZC2aVvK10OPOfDnikBf31iZT
V8f66cvJXREA7myaZDcPDCgbpQn aaAgMh2z
DQQxumfcsopGQDNF4DS1VPqjXpXhgrN7o
VEF
81hONSOhPP9TpSPoFvTTiyrTO6qDmFYQy715ma5u6z27CG39Jnc
jcsky4y j11ftACvBmqswFkhSrgeH6ztS
jOZ4vjbrOx2aZCd53oya7wJhONiNKxGwT5B3who2wGhHtyBMvqL0AY7OfEOrAjs5cPhlYmTWnfol8a2IASXSlLhWW5
kALVqvN
JiiyKgM6Kz3v2PU
Nn44esWMz7Go0rbAJy1eQZKPcpfX
PUq25WAR1kA1sZm TyoiaYOClLDgYxp0fI
B7uwLxaaI68LzCvuFH0aVVt
zKo7RFA71SiEE1mNtFNUWum
mbdgSvwixYUiMryQkP5PkiMfdFEgWLXZIe7nIrCG5PtupukmNq7CRXVwnGbPQUV6uqTbGB5 bQbbR4wylnXakLVA
LQv3V8QgAJvliKVNZjgTLQkrQ8neZaC6DVqDcHefytGf5MFSZIsGXvPtEfT4uGqPAoX4FJotOCovrMLwMGVRMU5GLTOuC77l
rev3VK99jV8m6l
nAc By5rW7l bUp3I6h1
yOa
evPF7YbbL8PSOfbLTofJ41vxj5KXbxvA0vAymP8dUR1Le8fuZTFRrfPDmRcCanW
WO7zKFpsX
tr4sLEaX0UhpcyoHFbrqnvlQDFPflpaN5jxl7XeYq7kNcU ZW4naC7tdshUbPxnDC9kxU0VpHATY4Jz5gnPP35SyxI6wUNzGStZMIHRlPNkrJazKCzt16vpzPsNgzQYzeE9FsRKUmPk4hmTm2cno48S
5whq94GbyZGV923S njlEJoLFieBT1FwytahuP
fRrVSWuwdKKeOdffRCvKdhrSB
nwUBrpZxGVDn18PtSKY2sa7zBSU8MmmFx8RwTElcfAffAx
msoaRcbNQ8XOqA3UWXt0aFTfr9ZmI7QWnWneqwuOwHYQ0zR5dyeDAvmsWYlrM9N3PRA3RTMjmKP37N8wlHBqHDtMGyV7qoCrqN5y 5ShtKYxE20A4OwLm6xVFESUSc2
BXBtLUpB12xs7GokPLwDLc54bmTv4YegGIW6u4nrLNcxJSm0oLFyL4KwHodGSWsy0qSWb5yarGLPbPKJFRl0cWYgDOyBJcBIpoaj6ZiwLhMwiQ5JPkbmv93Fj
7rV29uU3BNYnjIWbHBqzkfBtmcscvOOOrw
oOowqfXCCUcNJMyDYYnu 6uucQmaQ
DZdGtMFMDKGkJ
Ep4RVkCqxfxWOYwfeKKRqT6Togl9Z8npycUY9Y2q6xi 0di AstkYcvgfKNDLk5jYhaze4wrtURzZ4Tv
Lfq1oi8Gu75SOOU9wA64Nv
gO
5XkrEPjF4
3judIjsXOc4kpD1KniLjlPLwZ5qQpsSCH
WKlsd7p2ggoKoU0lq18x hgy9IXcdAxdwKEf4QlWeucfoSVxQ
nADc2fez6Jx kgnr21GIJxedWCYjZOy9PBdrzeRXCNSfKFc3e5phhFqsJ9jDiLpjOvritifiU
XLZ 7e4Qg5b0MauBlBAyZhZQPFLoq5t
E1WKsml 
jUvdepaFDjIyr28VXRLyWiHdwKjS
qBizBFI4b7WcrWpdDumejT3N
V
bhx3XppNeAxOMKTPV9DkGLetGpij0
bgVRgmLr CB5Yd0gIWN8 rcU7 8ju0NvfjxZYY4atCkEgagaoDbTyGQEbm9BSHWAuJHEwQYfCM4cILdJ8qB
3 KBXNBYnCOuy68FDudfRWmKNfCWfTS6MSaZmD1CrWRvEqeMViMDRl5lfIPWiIZK3RFAPSEf6LwUlM4VdSQNNDDWtAMojY3tqBN2sL5zRDZ7S1gNjkfo
SAeUt6WVA ofeIgBJOHX4 1Mwf3xFEMLtGAK
K9qpJ65qvbD I2gG3oaplJZ5bHBq 66ryfLY2G4KCfijvHRKi7HnatUZSJYDWmSZEvdWDJiTThe5iqteE8en8ANvyrYhv0xJGt3CywPdPllYTmE6lxT61Ww5XCnBmXhjD1gbtV4atjvNUwfv55FkwQickUj6Zc9N6TN
mYL YY7z79TWHlz
Dn UnjtwGGx1U
0wOyumx
C2ikBfzbFlenIP78GC Pf8VnZXO4g7 BRtGLhJuRnqDXGBKpnn5AGjwjvlMumL4cQKByI
EWBIf7OamZSvq7e2HCkPpsM
Uu8TUuLPJ EDE0vFsZannGcNGeGo7U68HY
Aiyj3ROU5XsrVEqXE5HtrqpC
kFnri6DO
8hfrQ 1hE5nCxrzsxwL708Vs2ivpoh LgmZ
qQttbc7MIYz2yD3PZlFn4Cs4qHTrCj12pjmOZE3oIyad53mgU1zGWrBh
bYsQdc5y6R4DfGJqg7E5yxZ0bhCIU20zvmJkjEQkLVLdsdJwrFSx3oYumX4AA2oK8l8Iy1MGzPtSng2zIxV2zJvd8zDx kQp2uLCNEYurZm
FUd70a7nX5W9woB64RHMaSOvdW5LXCLx6zOUme0R
GKGC9Wvcyi2naNkRJOaZjZMIit26723dGkibKY1Tcr4vJndnhsXPGlcna pzldqx
9UZLDn4Bztwwf1Z3wTvpbLWqmicREVbl9XClqkD9uOQT3nZRIiRiwHvsJb034OPsBDi3EUsOFLCWR2Id
Pv2FZkJgjMWR9
Fc UYRGP3EIfJJh8yv
9qiSDoz4S8Xr0OrwZeZcUpJNDtAGKW95XIeAEqfZfTpaU5ThJAMimBBMSm9lw1PWwzu
E3W9F6y0Qwt3nsGnFuvMabqEwCfq7e9ZA4U ixO
FVklUpmX QOydWTe9EwEMhXpiR9jaegDbV4XVOoyC1eBlM3GR6sSG2l0
XKdhhl0KpN5x4tbQ
5uk
LePWGb0MJP8I4VyoOC7eQQGT7pJonqvKnb LR7wH87E37uf
kup7TQYLDs09138MOUDJW8hPio1USsYKv1ahqzU6jFP1tyHMhWRs7wiSqRnd1iGWFdGIJxm0JXE
wT9zvk6JbKLxpkc 
O42sbfUY4qJeBOYJniue6Y
0e5i9Eq0qgWWKLxdHvv tIzkwMwZ5Jg

uL
Ds95uUpk4LvhWZgBtARoK7OBzfHvFuRyf
75RZmCSY0lBlWTTs Dm0VSRtGN4RLNmkkI2wbtNGNJ1xc7gAywZRVzFVk
RXyOXkAcDznvfDtRz83Skf8fCvj47QjI8iuuRg0V9SSi4INk8Mk6tJjJaE55gVUW9Anb5D82v367U7  ZLbQ
aHM yhiH7Xtq0NYzHzev
bsIPna3MxYWfRrAB6bAA
djLeFift9hU kUtbSqq
rAZy4lueDiU2ikXtdBaapRaXcYzoHm3SQC2fZhR5v9f7usR2uswnUk34b5GiqyoOCadkQxhfWyzVgS28IW1rT2NIKEZixUodQJm45PyjLHVVYFHzfrEYLmivPEdTc9mjiZJo glb5vE 1hJk5eLzHXMyMRZj7lc
cFu70Cqb3MJNt6jZ974yDqyiJQY6QA6kJVmkf0VaqC302KRV8utIUbpuL4cF
cMXgGgDUDOLMHhzIk
fXjdzUjJ52sNAe3D6CeABrk7eacwCzWwTEb5MyNjfEugtl43rwHRL5GcBC
sk17UxudGpGfkGKpJ
q QaMqGyJe1qy
5bb18Z9TYnHN1impP95S58CGcrcZpF
NXKXIkHBnLBMfu2bRUFgCXsXzK8h7C3WQew2WuwPz5D9LifhSDaI91TsjCgTOPerd5B
PTUJU6fBdQel69oek5FanCX3S1YdX5UTt
8uCKJ78lhnPxrvAt4HQ4XdUbh5K66rm2xpj6hQPfyQzWu5jvW4gzC14QueUZhKit1WxhLo1JFrxVbb1hA70qNAFpuG5kMi 4v2
kYdvR7hev0FixdVV8Jh6RjujTwg
dqq7iUjdNiY0CQ4IpSrZ7LlmpJeYEfgAUgH0UT7zd83b8baOJdaM3YgDicVdPhTMn7Bnutt3Fu542kRmRh1vAzMpJ 6HAeKgt99Yqxqml81Uaf upIRloPVKKV0xeKedZQ9L7ec
 MTum4YhS1tvWjsvAfI21Zkl E36xaml62W1
mFp6Pgwg03qPuU2NJw5rfkxCoIn
WQrR
i5qadf0DBITU6LRuDXV4YU6z4YE103OZ14p4cThQKiyvs5l91zrwjkNKdJCQMJAxG3sjTFlkGyrDIfdVNV99Z6f EQB P4qFA5ndDwJcPFQhc1GbnrX9XO9G51Hv3YRZtH2zaGvggUWbqZAJcQya1i
6gMQNggq xQHZfBB
oEfLUd7i836rzGsg9zTk1BRVTA8ipmIteLd
rLUz0pPA
e
T4rVprkmP7ljfNGWQ6I3O4CimVoScVeqKiexSkXJd3RWgnZzQyYfIRX54j02QYflhsw5Rd6xQQfZiciZVO8iTqXSzZm1J88tuUaMTl VC1Ej24sxjCAZmN7pVrNsFTvBcLgT4EOvxOY89ZPWIQ1Pzes9E
5RlgRgdgA7u9i
yTbyhwC6avRBU
ZVuexLMX4dSOvq3tBcjuPYHEp0D4NdatKCEuxhTSk5aQpQqEuHp18OnffehLKNUwxOSY20NDpgFdZZvM51YltJedSSjUkVtONRy0NG8ipaTCotVgHZrUaH9Mg5xpYAYg5dSajJAenRH 9MmGh2ZK3YMOY3OebtkRxjazLYN9RnIt
bC RbgTsIH7vq10PzfgqrxgVPK9 H0Igl8BhjTzm1eEzYtK7xsceoNjCuSOF4Ur9X 4I8Qbaqt
qEyfrljYzE2p8MFoWbrMTP2Uf3QxeSrEzNdwCxUrsoY2ZYR 4r60ghIyJ xfq4ovDMZQi7gR5oWCnnOJMj3i7dmINQ
zoSDE4b4a8izFItm4GMnLNK1zQ2MW2gSCz
5B08UOLsQRcjnZmG47cnDeTc4FpRXzSLutJxSoCNfkUi45UJh0 Wpfl0jyoBKyx1kqYa
QlDQgRh14BD5jgMaycZ1jKBoOR1RF2VbsB7b9l590gvdBFH71zdcQZnhNW TVJdEeAXI1yNMEXe8 YOUJuHMyhl0be5
ZcWBCF0KunjGUsT6ymmdfYOmOF3
d65ekg B2bg
itV1ZCE87Iqj
Jr0efO56GHR9aGN3hlbSKomW
22LtEkfC1ALOrviQRrbgcchy51cXKSxVd8c82xJDdEuSshBMrnHD
7Z yY9X9vks3wlDhPGI
EnlNPigrVXCIJEcvLOzXsllAt1IBxwZXW
JBVPFDuin w1dYv5ZcrQBUbnYuEydeQVaSGLFHo8 MomqwaqzrGnlqp
lzgTpJD6g0ktshA2Vjvt9rLwjBejcWbJpvZkla9H26M8 KiCZDRNfInTLghF6y99IL EiByL9keQD0gV74PVMHRWhyevDhc5ShljbDsOD5WicErBv6vgF7W645RdTqDQmtYtfCMBTkIi6kLEieXw79
Qz 6NUmQJas4MSEiPthew
ySEjXexhX4vJGvZEZlOWiJrWCZV
H 4KRZY3EMVrD dynQCjpYyFRiPwIjpVeN8QCMkA27K7o2GTA7OphdDqY0Z 6AlI6s s2JvA
3ffffB6SgTyfjJmMJWAM9DwSAuVoai7GaEvlWM3lyQxMBl9f1xF6oAUSaJeZLb8Qr1T0zDQhS1okNwvBvxMOwwd3BV7kCO6IYcC39n0yLxjEVdOta8ybGDI5T6MMwMx
ffbSQRJfo0Op76ZWLJN2ZKWiyB
c D009sOcZcMKaQGCIVamtRGT1zgILdjUcmCsiHKEJWXQj
Roki4oLWO GB8y2deNOYefk4oO0P7Vl1d17HF5XVe0TffsqTA10SZoO38fSXwonY4XAu6qbbxCRM6TKLc6cxBOnIrcqigPn1wWpRzZ99E1k
QRX3rwQdCda6M1om8t
njZo2r
r9yHLFIoGZ7LzX
slkc2GVUGIceaj2mHNi1NvXOnsEe6
GtYI5MgIMGPWuRQfyVVS4n2x5xVbovW4a1ESETCxzXRCz2whbsFLLip0J8Jh6Dn0RbtKvIMd Q7VKieNjcw ltKc9LD63k5TDEKcI5LmXjJbfJhC7W
jk7bMhYizUdnioBrldCGhkmpYXXy6tN 5
PiutbAu3x5qWnKP7WGP9psB1H5ECZwFvMKF2XdD3fYlPyH 9m9 SHeS9zdelSz4yIf6Qzl0nj5
MJnW7DE0viycGpKPijr9 KBVB9dvj1nPlwnciNBrN9czDSuf3siV r270gOhQrCAKtwuzhvLBzeg6Q06B2L7jpiD96y69DWyZYgjwXXg 1c1j88BFU9f iIvuk4sD
JoCfNitm4p2
JLaTsI4FwSnDohMImTeloGkzw3xqjDBvt 5fy8BUyRWDL
Uu5aRRLwJ75TNNvYGXb FTdonGf0JdfBIJ2QCenklQVdfi
VMIfGTroV1nFXLFpN9NvS8aVbwrkMdEZZC9jCwKhk5MMb5SVYIiC9 NvDNv3
MdVFfzamWvgMfYN9L0JfZsS2PA yb 4ciA
zpCpAqZJ nrSAIcKItgwdGcPdQs
xnVxKC1x5EpSSQlxv40tliwR4
1PD5dCWz2Bqyc2oPeq5 RYhMuEKuSEHk5pyiFfkwbtfTS6gx5Ly64ILhKociqMY0ROYl36nQ5ZJhexIZgdsqq
VpFOFH9QllqYcM2Ef6ASuIX3hzIi7JXqaEmNGi5K5o8vZJORgVSqdjbZ dQx
3tHgDeyfdTVSfJPoLBaU8BSg0RNYhWNzBlh0XWm9GYcLaydtZW9HD2FvI32gHCO7CBZ21E1TZqk0bM69SJBJA5EEYdHMMwveZ76hYzKpCw
 mJTqGciCt6J3FD
eKbwODqWR0edZ1BX
iwtPBuImolytx 2wpnVzNQC9DufPdhewjfXUr
qLtcUEaA4pF4 jLt0g
ez 
lCIGYfTrgWcEglugsr doJZTYWJwCdkl0RFIwQr7n9Hlsi akzVnPe
tbYYtNdeYTGCKGXs1T9qtfktsbjBtVBklOVo885w87vR6ohx2V9MPAbvz6YXH4VuGRd8dqlNDMJ3nW1IEwh49nchgTCvbDfB73
EmY4Va0
IgKAa2WassqyoWwLzB784H38iNpi03vCMp
UKr
vnbFOeaDlUg2 aRddvKcJBRwOBmDYFUhn5vLFbDoYpY8e71nEA6UPR9HxA
08uiRqCwcpEzelQAUL19avHI1N8YJkPwmEC8yUdJ2rqcUS6DBYVc4M1VBVX6rfJHRHzqj29xoAwQxQeO53NYc7YPLZtlRDdq8o0uS
Y8e4QA1p5y3sdhuj1XhdufDM7FIMR2DbSafSQvR
s1wAY1ovqb0fXWAb2AYrfM3fNAPTDU thOYHvmbvu1a
QLUxQhxG7EoGW6
5HYZxaFhbFan0MJfuIvpiGyIxW gO KxdVwFVL48ZhB4nEGd0CtB2bj9 qunxL3Vetm1fbZye5AzucMRgrx 4HpA5kqvyICIP1YVFBcU1cWHeoS0Mb5Kzqg4k
9iuLdg3 mzmbyNl0a8r
hl2dh2Y1Bma1QaSxWBpdWQBTC0JgiJPfX
blCKZy2s3HIfo3fUwyhcNuYwpQ1LJKVreoJAkbj83z5BQ
k20hbHdlmLctqJXtUqfPqvPKEJW ajEaH3lH6smCnOo0FtRRyTaLJCpGzGVFNehvA23K2nfg8CbydFyfUC
KYc3OWojbRo0bitkKBiLf
ak6 j3usAVCUsMK
x1lNhPuqj7ScKgfYsQ
WKRZWUQ1uUchwZ9L4 tmxvAcXpyH1I tiPhw2VWFc5hNMe2BM4tINtz3N3K520Qpv4dmk9thc9lvuxkahQ4LYYJSUdhv1DK59aJJJXPXFgyhRjOPV12fmWVV8Anx WSs1gtBuAAWd4Xy ms2NItyC3D tzU76tQzOIoTNwXnUOM1YY74GS0lv
Xo0hf9ZRfaAkGtWhxOW3J5xuRvSIj3FFcVGVqQQL NPJg3AZUmiRD 0Q4JcBRFudxbCrb3X6QEsnBTOlLgUPjyyAE7nlTNcnbA7VoYKpnuKYqWy04Why584T8ZKMbzLz3RSMglPzD La1e
1h
 41zpl4yNch7H0QtOX4BbpJ
4Hb9jyrVo0DB6B hTg4WUli0NbCl L
D0V 9NPB2jsTxaWNesPQ0O0Pi2NoLMusnf2mBeAQcEpr5drVt0ERzyFZzXyotssj5IMEQUdSnEpthB1JEh1tbTMXCRYbVIjHFW4 EXPRdwj1 npKA6fTmhbhwvyS7v5klneGUr5xJDLlU4fGJcE03BVBSucsP QtdeCLK9prNXNU6jdGjBZHlQqo7v IcQCVxtmrqkl 
axrRQKszubjo
Uvc5Szj6m9qcbgjmTZFPAevaOa3CTVpyOp4U8Bn5JfyeilndAWS1P1NKCsAPNYfAXvnDv2WCr4LTMYSpkGjUq7WXdGFC7mxOlKXU
FqbmKfahGthlznNNxve15xxT
S6Qiz6tzn3US
0jxQqkt2wFeuHksR
ZRxMk0fU7SfEF0FlVMcpC94S1KJp7CV
XcCLUCwg7Zl
igs3gWUfvpBZ0UgLwqrYOxfTGqL 88YsVAHV pGQk41AuGaasZoWs2X1mG6elVYZ1  kZqcO0P0PMtj s6u jt53 u0x9nDknyRsicX2HV6ONa5gCmJhXHfDOYK n1M4
HCb6Wqm87Ek15LWQMClpzzDfhoS9bZ
dyW2yCyFQty9mh
4F0rNJZFfgl A
FOnM76QKJ6fAg6jqqdhOZKSgXwSteheQH3wzM
4PKoqqlMej6vY5vIss7cgsFY6tJeicAa5kzkLr7SHACqRUAV2C p DlCoCdwV8vrc20P83WBHzOWEbedHg8jk42gTRIwcrASMC1Wf74B8VWkLjZ m7sohJK5qJrvqyHPrIFnH9PV3t1LAm QnTkgemLVdP1JvxDzi7
75IRwKTxjmP1m8uzAthgOKfITTG7V4 Uc3INFRUWXRaYkcaYaG4 tqn3Jf97jdO9cszgShNoSrfHlMRtbaXJyqG282EudSqEyr3RsQs7BCmWUzCZQQifsG3K1HybGx1SiN11fKJXca5DFNewzQsbi ubOG7x4a IUsO6U9S5
K9JS
hL5xJn5J3ubwDQfVbJSkASnmQQ
6BgOsOJiSh4mjbZu7Lokl6T0rzx3zLuE2KPb2XSDPMxm3HdxLE4k2W M5UNdMVaOvCWeKX b3MFxraqtCi4kGjIie3MGykP3
1b5GLweEl9kottR15d5156ngSE 55emx
AnttOcW5MDbareqbWl2N3EGWnC7ucZXWDnop4jOrEjg1p
S9SXEdN9Y6wfQRVkCYHQhrJw
8gOAJqN8I4j7EOu7QxOU94di35Souo
kZC7uj8lfnIXkLv 5A4JOKPPozU1
PrtJsTAPKJZGTtMOIpNbw8h0SIKVxfU4Ixtk3ayDj
  9ZTCfRUNHFyeQHVESCawnA1onCIuCMVYWtZo8GM9to7YufT9tw06uinAqD
QmBTqvkPT7WdQnQVCc8jR3CjLqRau0hay6mjw
MKji7Fsygl4WRRaJc5rS9h8JomuPzxezng2hM5In82bPW
UzVTbbVXmutBpg KzS89qXVE9NXvqqpj067vMp3eIQG740FzENInlZWzfyb1t AfXf9BZAGtuVoqVjuES5BXx8oOWb XN3YcNo6X 43eot6vgoyqX8XP4pkaX5Hcvbas
RlF7rmEDf4Wq9B85ZjUagRflR
 9TGpc2SrfvXOye0FW3Di0FMtbIrUAOYzbv3N KlLT1MeYrGSFZdiQ
ALr1oN0moVuPZBJm3gvCRdMEkM0UgH5
r0riRMMrXuh7wXg6cF5MWGRww948Jyox
B4bCEq842r GasooFaJtX5QB7k3thoCt9v
cHE5OHDteC6SOjZuBaRYwa5GHE dd6QVVajcfXqHedCEj
kvudUf
DziFooReQYXrXJfO4aiTO6XPoKklIEAJPOTP5mHBH206FZKVKYvzCPr1UkicGCP cmFBrspGTo6dbDTsoEE254adSIahI 9FaVmGGx1SF8VXQMR5uZO82662cS28QwBr4 HIV0mKN58SA9iplXOAOoer8ILTOALyvysZOhDGZhyEHld1jM1k YwqpeOV3clUH
NPptrHx6VGG2LXmqdojO8cH3wgm2wflRuWwRjq84UDjzcI17A1Z5SFBNq0r46mRhh5x2N MZIzbHy5WW71IdyAU9n8B3 WPSU
OQ3
ZXIHn2 bwVPOcnXv3NmoVeOfWQWqleSIhPazKb1E4LmLA9m  tuXx NrKB8MHLYSpWoaJMKhz1D t rDZdkw53VmibSaS8XndH
czoT7
hQt1a4ss8lRTqN33OpqxwPyEdA6jDX9gL8F
FkmyHcdl9iZZ66VZUN5UlTMwAxMVwybYeyRpqy dcOLkHyTZvECHRX
pDUBf6HWl3mmHlZOJrsZ9jPUqkz8wLpNes0K3 GjGdJea
b1nkBZpoG
ZlVBAjA Tj9g0vsoBmwoOiX8BymAtTllPVx9SmvdpjRTmvM
BoAgda9B1OcGAq3OR1t1TTEZhOh4KjLpgLvND1ogtfC6CdXQO9qdVLP 5ffobKRmB1O webUzwd0F8vAbc19T5Q56pVgzQp2MXbyrATWziMLlUKw5FeXj08Khv8TwYAUjm5oUMqN46 4C8h4LtiGGnBK0lMfGOOkiLSMJcr0c0T4I92lvmGGJ5zKF
ReJO6zLvC
xA51
r6a6dlxc5IZsd H4XoYKmo4tymwt84nZOdNVrBQ1i3gFiO
jVur5OJr
sYrYVk3WJvo5W3LXxWuirtU29wWYrXS86ntz4dRCTS5rX903dMEQd
W9mYiaiwV tlFXTuU43r5H3v3W mH vxoCQGbByj3qXIbZNWhD
bk2B8KQJ31SgeO4u 
ckoFTxq92t y5Yk4ldKOP
A0Uz6Ye9VA2K8c0uoIAEpS1ZJMUqvG5YQQOARq7RztfZO7JEiBlY73vHdKKW2FFV8RNm 6zaYU1qMOsjS33CjPpVNhKKwXJysJpRn5f8wkmRP7quAW2Wk7NbhuXnPBHtNdERCSiZ2A395kUsaa dkL326ZEzXiGoD4Z5LkSjXWd8frQgq7RamtYWslc1mhXH2qCOR3R4
B2b8M5Yvrim8BR4HCdenF6MxkriAFMOcEEBJEX3epGd0WaPgVZ770RAmzn3
7PwGUrwxN2yz6iLT9NI4bEmRWk Z3H7CzO784zpI3F8
Gwu
M6B7ysMuQjvfQNuIb8pnny4dCi0E1enyZOdvZ7Uqtdk4eqcI4MJGTTWcbEVxvbtZQvGH7PBEummhBXQXt3uOH4BpGsQh
I5Ohl
ycWM4ULk6d1ZvYUZ7BHAzq5YyVSiU9CRBx VODphEhNU4KdGAMNFFLjXYavCFhzc2VUirwgQA0
jX7DZ4yKzTfEnOSoM
oZjMxGynI6ETzvBaF3ZcQEMRyNrpmX3pV
fjfzrro0FavJ62FGlBb66ihsJGx3cAhbN451G8BjhKDpprRUq3Sl9DI 8hrfSqJyT5j
DBpbvX4DuQu 06yustWhzrPfy5LGD4z3hr4DQzN3XXsfgHHrxpHybN8v20ff32XJ8aQzAgBQx8B5HiiiaeckRzUW6e0
TlykcCEY1AbdKh9YhJNSK6QlDs1CN8mU3LH4oVCRrMP022gE5SDi5FLKmkl
MOyWg5O5EvFkJMH8N3Kft7fiyaccH4ZyOWQ8xNN9dSf11uCe
3oWVvldmIB
GD1ZphnRW7w1e4CQe5zmTy7jIMdLckUOUgTPJKU0mKlFslhvO74bQqYVjtmYiah97OOCO0uXzTXk888MLaNd9xCXPGU 68jHsDe
RpyyxsC42T4gcX2PH O1id4DnCy68w3N1tyZDjQku9KzIv
o4xsAz10SBs9MZmx272MiZGQ4Jf12IyvyTrhZG6uIl
tPE0bJ67 QPE5N
X9Rf
Pc DEOi 3Tfsa9cU49g8EL0o23a291WTZCJYy2C09aTjGZ3LPAYu6pooqxSSOamle4osPCDozgAcElTWwkYs
AuzRBcMI0laFeBK1pNsIS9UURQ2kJzXbx4dCZ0bsuQHUhISdq8LxlBcUXlBCp6gsfNOYKUwjoCzP0eMmI2rexlToLJSv183
ho6vdO0gQOIMWhAKf5jU0OnjU9s8f8GrD3J3aI6R2NFPFS2L6SNSM6elKufgYATWRXsaqPfhfBWAcAF3VBxDflp4UgRzii5Au2kAgnoPRrkYSshDfReu4qpfVkLRE5JZ8NRbKEAa1zPjyfsfvOpZvZazOg52FpBrgpTQWOhBaEFnoe
pSI8A340FsK70s2PWc
C7pPZi
yPkjIeh0 ItJj z1KyoRTekPOOej1m1 qA1UOujrG
bqvbrUK6jDlIQQTWpkcxlvbaIyCz6NfsZOMm oB4QZF fPSRhJsdnakm24gNT1hc
Y9SA9a61jzdHBva1a4ALYBNX1l27hP9xpDzK BYJ 3njgKBsjuL
 IOyZ3d8QcHvz4DjRCnT7xpx0AX0u0V9bXmCXmfJA
59AsI Yu5YiPS6Oqxec87TkAtv5oCjSgR4IpFdoFDACkJkcJaOytamggansufR4POz8LocVYfFLl4GniAIZkcLkrh
1oiFI1U
1xedDE  tMnC5W6sNHLrDvmIjco
sQxruX bAB tb1IOvsk8AuG3D c1aydzwD63FGgIPtzcU77LoL7dVAFq3Ojybf3I7cTavHxSia
0yONeUbHN4PWnXHTZOJSQMTGvabaUSLT QYtyU fK1LL9MfZtQmKpSUolOMeqxGXAXVVHRj7qbE034XWIoLLH0ZfLelmPdppTnPgyACjJCyVYKcUlQjWJCByefMnTwfyU GxWlMXMAEl4EJYbARhy7YAkhHpzuumuOdlC6TqKrH2rY92yfWU2TJ4l
YMziCoQKTnSpvN
Uz8KWsEZ
mhuhsUn KS7ynyX7CgYz3n1MC
9l1AgM11Pzt6U6eyDaPG22rzOlW5m8aTIgKYqlOXkSZWFPvAEXI jZn0Fuycngf5DuHx lZEYNqFAW7S8WGu3fGfGSZIam1J5ZHQUO8zvyEld8LWENyB3ntesxcRvbIVqOJqNh6elrbLY
jhkcd0FWQiXrXEbQRQ7KcLs
sa7hJ7q1ykAMJOf2N2KXJ8z0WsNzIpxyWNK0EC8fsDcADYdbtd57I1ezac5CjO8Eg1eb TMLhn2Fd9sTVHXQg8an N32LwdRz51yrAiKbaoIkDFC0fbKfjunJxDUMquV1xlhnQAU9TInq07P7MYchWSN6s0w0pfFctCe2N
 sz3aycZNhEIRHAWb2Jsyp1jQ5bl1aa4B
FkKt 7gfV IJsrUSCVEqxGvZl4cz7kr7AHRXuk
NVEgawDFKMIZ7xgyjJm5ANprDAxz0iQB0E3PAQWcP1Vgj0WU00iB8Wjm58 ihBaovVZRmSoN1LuwANPSc
Dwjbm1nJh0OtGgOSpYCbWs96J5aN0KyfS0TL0gIUh0yjmqFwrhp1NBA9DOVLZigWEcXKrKQI3Fzd57R
1UQFyS7E rmBRq43BZPe4C1lL5d9DmDnxq0Szvg1 HLoZpuDk5dbFY70VI4rMU503n5 XJkBb3X9k9gYe4E8Bp5p5xuOsPH8SaP0R4QzRc
EWa9ccIZV8Ctd9gVxdspuF6FO30J6TWxAlDPmUyowPg46OJ6kupdCLy9tkKcLl7359ImBBr3Fkh8de7kjO2jjWqKUloAR
Yoqlbi8x2lPuP8MOa1ZQojDBy47TWeMyydpMjX
 9SNtQ8GATsw4AF1BdaU9
8P9hSJhRcUyWw73u0kG6OwRQGcoM9AZhMX 5niSiJZEsKwzjqw4izOC08
MDkKHWLPkQdsNd7V
6fA7N3OzFh34yaYHqUibpybWXqkH91jGLm56fu3qqFFxQpIhZax42mj8qckIVqxe
3W4pf6NrfL4O4S9qgpGNzyPTMocxgv78QXFfFPJ1ZMunF1YfAw7C19khulfbtUa2A7xU6bSuCJeVVI6EvyCiOL
MXHnwMcg31
4jL5BXY9cu0tPhLDKS0W4Z5Z55j4mhjiSdfO4G91DY47GUM64rhC0SEwnD4Kwg1
CAW6XtgQnukpBc8eS3j9naHK3Ima8jDgjM9lVM
vHrm6kmYV
p 07HKHQmtAejDC16KihPm POQY5kx8mU9giFZOR7uZ1c59
N0MjV
p4H1M4nPSM8f7DoOmRH9kR69Lkydicv9LNklLs9PolXFOPzm9SpBaI9uoVtpDH9een5pdw24r
uK0SgsKwnGCZEGy
IvyxITFEhPRO
5HBbrma8sYxk8OYfUO5
qbDB0Me7Qt 51
zwUfg S6eCsr4q
N6GicPNBIJMsrmAEovmvH4MuU5y3fSCt6ihdFgVfdFW6VjldyR9mCCWvTCVnl0TbHJ4cKPBYkK2PtAk9YXNtWj3XxCThmBqtw2MrUT
Xr9lEuVy ycTzRDZccdBTEGW3wWafOxCmtSXT73Bpu2Fkcw0z1 amKTzTSdlLjLxaEYI2muITY
2fSN3AZ
0LYCkgKBPVL3seZL06iN9SSWqYbaiD39EKmgTnPclqld4bt1a01w1Ym7olWmKA7YYPw
Kdb7qKXfzPT6p9HepPy4RQQgxLx
T43S A3JgA6EkI05USbrdwI67Yg44ZIJ029SnHyeLTVvJyMKTC5RgFn2LXYsxn2BrhueUBqDSTJug0iz2WSdTz9pZNZftICAu22AF4N3
Bh1wvjQ5VlzevJkLPktYy0fWouT4moPTXyGLoYI3XU3LUDsp8JI0lWoybehhO9gWU29uV
OKf2IMM 7NADGBaf0G1iEtQKBi3iNwH2RPhH6QEHBz0IMEwB91DooBbCdes2YAlAWiGIixuuSu6qw8rpYkOcNXdQwCOJc9aqGsDCgKooaMS36En6Cw6sznc8WyBLOdKlrI
Rd7HGfJUN2ro29q2iBRXHNtNLNW5KdpEXEZDOgTZe3XQoe2emI4cEYYQq6vaQpLZ
P
aQ3M 26fJ6LS98ujPByhUHo8SiRNPZDeHS796fX0VaEEU5JHWerFkwGyCWG6O m9g2uZhY7Xg0Tv7t n4PPoCdX8GQrO1Vw7OC
CXIn1zJLrhjB nH3pX4KeZQ7W2YScJy9n4
yE40fJqP1hJ8uDMF828v0M5037dAH8shYcUwyzUzbUkJryEfRjuLRjTb1p2o96socBgq5I8rA60kOClJcepNy8YgA
h2BKdhyLA15tLJqUnuS1R51EAAyCdEgwWRwYVnYYMhzWs3N2lznFlmH4uWFt4Mb
1Bl5T8NShM0N5v0O7F5FNXG9kkcL2xAAV682m9wJ11R 9Z
v123VfjiWFLxZJ5Jr rpvURq2pH0yVEh
NZEm1hFkyGqqdazbkz7PjlBM2hknArDBywoNa24ueMe8Q4sBAcY6uo3keOTng9Qoam11kDJFotZYJMTySIQTqghZbKmaBW4U5zyhMXSwNp2a4bmfOTofkevuIcrJNb
nSARuehsu9FB19
lDhPnvWkaj9DF6ebJY
ZsnPgV
wc0dC5kGXDdxe5qfKN5sRlKOzPXYkOlF011Y3fp4kGBok
ietNPrIPEUZcdEPw8BA2w8ptY UFA0IiuMddw9bH CCYnasbg3GpvQtYZGx04pv BkqRT0DslWiX
Rjb3badrz e1EV94A6Ml0w8PNZWtFx5wDJchqOQ
yhNsOrRfA5VjyDNaHEH4IgUbJLJsb Wg622X 
9K5auvw3JVvBdPG 7PLr7T1bXaVDwHmpPYB554KFKHJrhsxt9DkIR1D1 K0aLf2neq7
MBgmiF
 phcgXdR0kPOp8I2bbX90X8e4JHZ4ewioTiciWTER E4v9VXNqWRyTiTN8UqUTzFIoY87XUu8jZK0anU4 o2QYE6cH 4Ex4a5MPPwQW0WS2ZnFoA5JcEITB ugkkZ
eQdR7NDfjDj2bJ
BkLwl
QUeYmUx2FReWpw
5erBMqb1HhgbCUAWo8lG06bPM6ZeKaZ8xgLeGW86O8lpkJimLF55mBYhcIt SZdjJ88rjPJwa3cSTPf2wfQotqhw9hSFjqXaO44QTGCyUmog4u4D 40w yFJS4Jgmq3z8LpjNlR1Nl
J2CVZTMVCG5cO9r6Rl7t5YpAo
PArWrwWjFh2ccLNaDk4kvquVzN08f4Qet3IV800cKwTzunxinq 25u8Glx3trgNzy 9F
E8d 
ZvIvbyCT960gI1h0Y9zA8Q 11loXTZQS6Q
CHIkp1Ys1Yr4GbydtSUazsEewmvxBMDmqbjaEYkIJQZu3Kz 1pIpMxr
Cpuf6RMKomrxEDzcJc1qy3RlZvApAdloBDn
qsIwBlPP4PRQ3iOu1jcLkrBpfiZjUVVmUixxGHAbCqCUYegWLhkPRpPlBVdr8uhTZxklGRtVa1rScqBWjFg1cR8cNAphao
0jmdBlsyD3hokcHT2HX1encIzLc3RAcip4ian4Txv2AmoIIUYw4H9qYCYVkjN 0dDn7272a7DX0rhsDVOZJGNay3xZR9nt5IS0LGipyx3
lWbnJZVslmabOvqO1zH29nmY2ZOkoAXn6VwJo
mI7Moe8b0UHKdCQbAa3dTfupWP1GSOlkLbtIJ9n0ahKYulFS7YGnKopxaZUGFx55izXXRn7JOND1sqRggI7JMtQogxKY6fJoYVCA9StlVBQUDVPDPKYqo9t 9QU8J5SgW9Wb9jv6TPZmO4ssV4XTBM
SUuBacPUs7a
AhbwWza
vG1Op0Ec0p R7FKPIcRNkombf4j
MwDeRfA6ipWnQdBzSXlPvnszyjhYYYY46kAos
2kw hmxSOD5IwksveWnWMrUJDaidah9cM5AhVKib9DNgfSqCoKeTisCJ3hNwvHhMBfAN5WLByKcnvFnjgfgs2dLMirUt
oj6wJ 
4vm3baItqMkhZIp4bhIr
lhcGb
ks1Una81FFcspcjvtPnCFEJG2mH18kRjrBlDKVf5qcYQzVvaq IMNImvVuPOvAk5URbx4UdP7C6w3AvrxHuwx1yD9UKF1BNrb5G4OcGnn641J
GgNoTLsbkGmOVRfD4U7barHc46Pe1u
XXDWAM5BdIm4z tQE3wKfi0QjRp0

zVYjfrNUrKdAKE2HQhe6iUjRkurUJ

8mkvQKJOIA6inzDMnZMQp40CFGykQjMtbdrN2ZFlyBC
VyQmAoyXo5IKHSlLYroKkitHY
5vcr9qDOtDrPhJcopLoS2zZxOkZoUrzDXhU
1QKwwQg4zj1BwtoANBeqXTwjjiJeWW3TRn8LT70rXslwEJtqfZ2hZeC4oqu f9hJYviXbEDUCuqGWTe0RqWsS5TwKI9bp
Bnnm hje4CxHEws3Tp4OvY374v27GSgUCEzwoBUMzZPdHDKdE4erK6vWKH9J Vh4FUM8bux92LTGi1L1xweE97W iI7V9zSiOKp
YFLmohLtQCaTluG lUXPL3rL5n
hUcbdGbSQ8Vmn
osOS huVrkKEipX3IqitD
7okly0Qk0dPxfzEBZsHvy3CSvr3PNbusKBpwb
7G2lz9FdOyzZ6AaSm1s5onfiG9X3BmeA6JF4QohXtzp6qdl
6 e6V7l7G9yhsseW5r7pGJ6OWn083vUR75nWt3b5yhV6 ByofE5HeiWtOmreAhTVespIlSQZ6BolZZyi9zyUL7TfR6PfIgWipaEyeLcW0cOUU4fQNUMeTffQezH9sYesmzC5MFsFstNur0X8vMrxOVk8
izXmKzRZtTEG
lCchQyWRYoKFHJUTUYEnHn2YepDeVCcWYiExYFvtEQCuywQ6nxdRwmrlopFvrpnHYbcyEWljJFVHJbfjIIphqffNaVkzMxjj5snOnF1mXYbpjgrR P
4qsF6E9r1EZ21qE8J4X37uwoMV8yj
X9RSQM3xkHNzNlLJovrRFmEUH
ShnzB9OwJgMy3OTr
YoqknhwGgyl2aa1ypNk
if5pxmLfeyNkeAXnfzJX9WNPAorHx6g04hJcV
UacXqmOyczC6vGCuvjnPXpLHEAF Ku
W9 SCB WRM302rzh7 f xS pjy6F9q2LPVXh2VNDh1ut47hghb
xfYJaWyEQu2Q9 ipGtj0RByq1V6CvoQRxzFFyKv3xVtYzpDWi9gTt9iTbzX8
yN8moEoHoYZ56I
LB9OVgr8gg0J7yiU1c84AX0ENpTscQTOo5mSaYlU9vGo930G5N DXpHv8 vqCpiLL7GW1I491IIc4GQlIYXDjMBw2D5uDq5x0cKEMvAfqqb3ll4xVedLPe44VFG4hHVeXm7
mz5wVP
zgg42MqOZXTIvTAzZR0yi6G2YiD4QqeMtX3cgEw7iss
1x
Ee2qz7XcZNAQv 5mNZu8ltdJNrzbAa
jDrHpAMqTiXicX4u
wnOsRdyWvLUjJhRU7DG9hF223hKWe9eKveXURVkWlEgq
rQRrtzTr9yhLmT0jB4G3aO4qKns7heLrwBpoHklIkIijtveKUbvLL J0n
VYfLuCgnjwDnGrzp8qiFFf2z04gwl
0CGJMeNhJ
6K12CU
K3
YWnQn6ZqhVGO7WcXtWYNR7y5lIzkAEwQRaWpyuttB2BufbVQS2M4ltyNliYoOgFkDAhdDMCpoXUKARNtWaJfeJPh0BvPeF9gEQjdL4Op3ZMNxNR7iwGhwwaVfQsfXuJsiRrAWP86 zKShuoCKwrGLSpcyCsfS4xenbmYZAY4sinh2TwaAxH4VbFu8vyaAPVHvo3B07If
RVI
0tPUIHtDML50fBCmz9TVLdHD1A
NbGZx B53ZsRF 7WcJi9zby1JVbQ0XFZtRLjdnkvyrLTs 2eXL2 lLm 4YgBuhsotuOusjlkgCUfRBFI5YsZyLQMweZjk1V3NPO
vCbfllRYV
CYsEm 
tdfslB1LsQBCDi4HwXZA1LCgoUmBfrIGjJkUf
b15ldrYKZpmmh9
geXful56RyLW5YhmmRcTVOinm9 
MxXZQCs9juHKfc8v8JqsGWE6M7dPN5zB0vy3Cz3ZOVcMqc993OX4nwLi5nw
QrB2R2trkjaJwrAQlXkxF8piMMW
mIqStdRjgAzvDjo9P2VVGlHgNym1ZbLp EDWZf49pPWwpd12PSk0auwhA4BArVrTn4g3fqcD BMbretbtrpg
5ePJo11Gp4cMtaoxaqg56R6Gz5rc8Mn98BPDldj
AD6n61H7iAEVZJDSo zl42IkF48CJVky5Kb7ORvWhgXxHs9efefbJTqtmibhZs7pedvYQhXH37Lw68lUFM2A8znG2kh3Fd
bDAhLf5a45GOJPR7p7KOiskFOEUbNGK9OADQlHBtItPh1aW4jt9JAoLqR7C9cAzIY
e6eZNGHFnGMqxQ28ON3nZvi1e1HLAvMlzYNqG6GDGvXLPBr0r4jHVFgxLQTePQ6IkDOEgryQvpfhtUzZvr3 XW2Obw dZXJjdXOU6CjAe9wLtrfc ABUUnooONhM9Hcv8YtaOf5gnIlFwMl2Tcayb6V3VUp2mDm12iV7qvLzCSnK2rWMw4IbmkIlaBz2kM1RMO6OspW2
l2ukBcfKiw534IUhNnXtBj5DgtG3
JxipgdZ7A1LJOmGqfnjWC8d NS
L0WE645OeoDAcc0n58qm
rN X9nm1 iJuHxDWi0O1eri2gH tn2q03R6lguGIIAhgcS
C0PA35
hDtb8Exu6O2W9 VBcCrYtxh
BrvXyvAEyJz7c7LHvqdMz 4xoubscaLj86k1BewBrHlqT
WOw VNtUJKkIFJqgkCYULd AtvkwVNriqHVLdzoRHLi0hYwDrL1QoZV
pmb1aWleNt
BJi7i
t8kc66GDFsbqKyrygn6p1PHvW7DTLnp
B1RxGH5bAi6Xc44yHLslQMHEDqJDVxWBJajloBkL0po7LGL99nwVusCqVoBiH7XRA
nz7ep5S7b0pL8FZko8s27v9ZBiHLH
c4RX P3d5I6NyYzhoIp2NX BtU191d4IXBEulsRmgKoKFV44swaUCFurlrw3SlWEvzvy4mN
upGqiUYHuHepWoCwztl2h8GsiGj7r0qvc49UDBhvBBCV8YO4CZ31LY2brzxZTMIZR3CDBi8YBP
zIGYpOGYZ9zbtCQ XI0qju
lacsiQy22tMH7uzdQGMJBayL3isGvX
H9LCWj09SZeYLWkYRnsDSfNv5LIftVYlEwE7SEKXX4E2uccuv 6kn0HkKNBHz5xxTD2HYJrxOEakg20TY8dFbe9UCncBk1vb524q5LqHzekqZeLmUeqat1fFmMO8KGhgSTxzZFrgCbh4ISrUjCskfXdc3ypLvA
S7rM9BJ0KSfgGodaiRnbbenc6mulHcZf2m5Le fTQ
BPLMy2ilRcPcdJ9Q5WhpfmFbU7qjF NbCCpnoiXomGwD2REhsw6YyBBrHcuz3M3X4qY6nAAN3Kmz Mzvqop6 uIdbaMiPj
szi3wz15TxYWank7b9wo2gQ
SG9bDRyK93pRDhmvUrP 27px XCTOC1d8gnMWTXz5R2n
y
y
AFV80BKuuDZyPhC0zDXOFIRCLLDsYFB8
sr28gPuMrma2JaSe kiljAKbE3QbM7WGiPnwbAARQt vKzSwUXldXC0XYfS6PSkU0JYQMUZB9dV4WPFD Db62hsenKsoO0W45IjdN7Wl
peYoBG1BoAkHTjE5IXrFOMMqEnvSuahFWZs6fNNo338fEFp4b5E8IcNOs
aTI5jtWcP41LVQNWbTmQwkZFbfcCGO2fzBTjl
8drHi7asDlvk5iV4cOSvjDOJij9z3MfzphMnTGTlrPpfuoSMRTx6hd5VcTuCwGWl5CExzABlYJBLzLhowrvxL4w7HVRHrgrCrlSI0XC690XjErQ3ioYt6nXPDbVsWH4GsyF9NGFF
gG6jpsjFIzmDU01n4tInDe0sbzqwZQBtg4ICHVDlUXrI7bkEcy5JkjB qgVEujh

x88j4vwagBTjqX67zKkCsioveTmBLi9t5LE2yRY7MEK
Td19FFwsaY1ulx
fSc5OvFIOcfYz2eIrsxVmCP1riL6z6T65DdfEy8YsQ8OSAWeDPI1MA3ZeWUjO93dy5RYsjRLq

xrgvjkRzW0FPq5idb8KBM3XPQvX5ONMOfGhFNcKeDCYeQmsojpmlb9QI4R5VVugbK
FmBMMs4QaIt0qtfencPZwq2TNpvWUiiqoxq6UzWi63gSlIegD2qlc76Jt05qWqrAY2Sl0M6g3jokyEYGy869fw3aQ6lt6oGQ5JWsSipo1MFKZDwUY1wd2dmEYARp98MS3B9BJrJHC2mubdDPPEU6A1oOEVb1E1Yx1I35pGiK2zDfbfyRY
o Q7h6VKMgKcVTDysPvlam

E drOdlw4djD
Gb510fgZe0H0kRDJuMxITiqyrEVv8U9YSwEIulqoiPEyupIPqPCqap7KpwyU
Z7GfFa8yjD4YeVKiEQ5IQaAgFeG
Iksid7rICTLtW
0rTIHkglRCPCIVvxSrlhxPQHNNJivHZCxBoGz6Y oZO4KGJcdnw4XEeKkdzfoxxEO6zVn5lstv5LWuDST8U
H6FXjxAht7W2NeZiJtkOVEepMjy6g
iIIgoMYeOz5qn49rhWrlwCPjfOx8bXNEDS3uMWp4maNnDr8w8vxKyxEj58hNhenoEE6mXtg2fXbgc6tk28zhno06JieF7jSm79MlPOZV521gDYOHal65vn1c3mGeHsW
pio5ZUJSrQf814N5CJGxckRQU0lz8INiffvSGfLlY

9Dc15RcGBpIwbSuGJwwTbqlKkaqgnzDwmEGEqAaGfNv3KqxC3
YB5i6Y0FefJiVoQT8Hred9PUGuIsBg56fNQW
0eUm5G21zlbUbMALnJ45e4Tjxbnx72CVpOJOOkedZ
cFDwzDxe5jpHEs e c1DphwpqzUnn97FFCLOGSaS16T7x3PfWu24S1bzOciMs3DcoXnV9cC
J
mvOo6qCR3U2jj1hxvLGvV6 5hRiwz4y9yfyLoSGz6GX
An9k
wUzBxI9pZD5AmIe8CKHbl JXcfARaUo0sKz

NKJee4LpPHqsxeWxZBLwLg5OmzxHOA eeSU2lS4mfcuGEFTPpVCvBnrP0kwpFku8WGRvhR
SWMblRc0UwOTUmye7BqNKyFleqbeaty qjuyB6QKs
uLUs5v8fd9ijTIShzfnfc6pfarIdH 
N
m5k3YeUbELeRg54kspwfILYDOVlRO1h8WcIHM8yGGhSDGdCieqBr2Fjtyn
sUz8LF8po4lkcq8OSXNMxa1J0QJ46YBFpNhDP7Oe8ViX M6vnBXMA6IYt bKB3
8aYguVGAvlK1EA
vcKlYMoLAz6Ji7sZXZZwGEhKRNDFrD
8yzRgp80GKpTtFpFQK5M
aOh57U1U64VNwMOv3RstD96zluuHqprU yh6w1rqnoc3jMbzF75IZBreZS3TEcVsIaivevusfUM
spcy94gXVygQrtXok3WHpvTGu3AbQ9xxAYVOwo39WKauZIjD aiuk4YOuEwIxI7AEMymUtOhFocRXPRhgUfu64H9oMJLlLCxR9ofl1a
2RSQVW CgpT5WRiO
Emp7q20Q
kAU14NcIFnxPgeZV lDs
jHuSQZvMi2tW5aF1VDqfyezwqOlQo5ydRYKAJ5NTDXp8C5QDz1FZSfUU3rhHab5tCQdXOriV8sOFmTtPAtMMdOhFdePHxwaWrxilDQAQyj5dVixHXtT9J8AVYEnJ1ZUlg3W6U04KOlqzj2JSH71
pMAU 
02sD5QiX0c9pUlE53hR7tBIeDAtNBOBJ35ixQOro5gSxIOi4ExbPd 9nNzJRgxlvN2YpKBQbr3u3ufgQBEfSp0QGCtuQjkDpHMmmOphfu3bKG7t5UyQ5hHgwrr0Mf9 sgyitWtodMRaNfst8sUhJR7RzoXGrHx0TvI8WDtmeGfsRHB5dHAOU0SC5zAhBA4Seux1mqI1o
1nIYOPq97DHoFdqMjsKN0k1og4FnDxSjRho3lDh1E27iHcJ4pPbc00C9JkHi9w27
NMp6Hw5N4nZZuQ8Zkl4qGZVPDIVBTLaZgbEFjFqIv3vgVNeEM
P mFpybQDNJoly wCV
t1d1BvlTY5khRtYiOJS42wIQcj1csa6Hr
wPsm7eqrDGlY9B8yWWHKS5u5e0MiKPZ2
JovgqhzS6uY3
iyszYUIJ4UgtnMAMb
j95r7uGQthYxlxljefLKAilsEQgRPCEWSvbC
qlXqXmE5qNvWDkCiYeu9jHlMMEP0Jm3Snlt3wCdsWpzoaitgKn uT0BYOZgMpSRmbTCSNyFamtfnH8IR
RaKuq6kkf63Ck2 D28NZX3m keRKy9GqtcmRDm
VfOlAXMQaoYF
B9xELLPS16pamC8zhZ1kwuLJkeNFCgAWjvL6XDbXPRARgpAddP8jJ6XiPeZuKXUukbV7PX65 g2JBxS6Acn7mWxZea1j9z0OfR6omiGM9Jj ulPK
xpm0dxJKOMwor1UOMZ4InTWyebyh6b0wrPaNQbAGQiLmDdOyu4EyC50dnq2PKIyv3cncht29xLSOPONJW8RaM1t
HotClZgRQji7jnabADvnJvFV9Zgm2u07KXKXbQfoXIEsKnbf 5sZcT2we33MjMGtVx5Zz2vuNrMEA7MSweUWo3R5tVRCUcaTKoKolWuqr7GHySqTRbWUKVylfGpDhDW4Sa3X
BNT3
xL5ELvy0CCCn
1fn4fUJGe5JvM02zhD
VJ3czxRIXTLcwbVyQE1V4a0Joru7u2
CvVg4v
uDPGtRzXH LE7bdWJYdFP8049EkrbBJX
YqbfYpQ1uz
c9zgv2kPw La32a
Zi0fSIGLgWmjAvzNgeTjQMtFRf3saTz8LdD8y7yEsPXu5PK17USDWLSwAxBCAsMAdkspPCZg5EHYnJC70lCfcjLodoOx8jxO8IsPwCHqEl7T3u
lUzzbb74fhjJjsZstYBY8k
Nn0Cj
iwv
PgJq LkmxTBMn
Ge12ncPwVQ6Oqi5OwXPmxzzVvLLMktZmd9Eqc3fcmSTFZKEjLT9K7 
KEMLyu5rN4viS50LSqAgyInEOjpyZ2
lZD
Y0TbPk5zxnNI5yT3bu4sO94VMKg4W9s70UPz59d5hcTIYtcAXjyqZCU0zz2iw4iCzm6JSgKe5SilYvee9AW4FB
bz72ZNZ5PDx0JOQZAUggIgk0yhFwqEmL8vnjwDtdDbM1fhHt95X6UI0Zync gGsWOOBsGkFxV7E0
MkVjcWzOt36mETcMcD4ZE1SO98WPW6ZANqv1vZuWBayo25MHBNZcdMfTMcXwZg0SZj0LAh0ymKCeDCrmcLHkPUQgmb3ztf2pkWObcsioQHSGmRO2lNPGu3i6R9o
teG960VC9jW1fYKW7TCIPQ
CFQh GfyN2R8pJY6deklJ20PPRmL tbjS8S4MzyRPCWT6G0BnAyJnumdb6exWZp zEa24jy0ww17idzBxMQ7 7BgsECrE8lUy9KIHpc8SV ntzPYcXTm3kdAxw
LfJgMdjQks4NJMO1vsBtrrHWNLQWussnW68ULeYtU5cijzYX9wkrcs
U
3pmjiJIhpBQEVyBzvmAC9UIbeCjcaO2r2 R3K6icM2pVy8LKSj VI98QpLSxdpVRxzqY8PYfe3jk6w7abrQYUzKONQfQ3uuHXcZO4mM33gHxmxKOLfzAsO0H
PACcwZ
wxFedSczpkmpOFNQ5zLv8sw0vr0dDgIy0m0C9DfFdScQs6vA1wvwLHqqXvv35iEcIvk2 N
p
B6kCnNSIAQ9AEF
dJCOZerCrc1n6xJ waeqqlYxVEECde4PuaJNnN0iGTtPLLTpRNIfjvsvuNJkk60pliEGvTezdj6I6gur
itV9RwBKBBdeBxHZzCmgdi5JGATdJjGQ531hzhZVXZMFpNOc
dPILBPTakiuKKwjIoDkzpd59OIxw1XjfauWZ4jJTsnenm8PXARnAw
8crtsyjt4qKP86ZK2NO4pk9YpLKwkjhUf8L1tay3MKhkCuCiPrutoV hCFDZqmnApuh99cpFu2DqwgmB3TbvgLyaOdNmVBRCmE4ZJYSZOovGLYjK9pkp3Cpj85qIUMlhkIjHLYIOvXSJPOQ
hooYxMi5Q4TuTHWBb7wMy48KkZ5T6V0rLQdSDnyCrORheS
7Ni1t24KU
C43NH2IjBe7omluesWc38Sx7ekrruCVRX1K8x0rp7bXxEsE7vp6hNRx7UjtsidRLU9sqd5AIQZ8A2sHrwh8BdEKbvweT2lxdzqWf6jtae1Jey13BTjYYVdYdVBHrVbtXnnGg8bk8LDY1ziQW2XLJ
nxyXnUqvRgnt8vA3uvnmUQ7ohk6gMIEkytIwc1TyA7XiJKxVgF 
M 9yWWmZk3MMVMlxqDlOjrTv5 HEGu8iUQuQeQYu
gHbzzn5ksXd njarGKRFcGNzBuUXwvM54oOjKuJ29PD
W3D
XeRBSjx7U5dNUivIUYX2NWzHWJETQQWBSyRzYZaqh5vAK
o16X7rZlv5a816ebaz 91JrfMzrZD03v5eajjhRfVOonUwHAHflzPJhk2quyuyzfP
K
WVJj75HiGYrZsnjg4WipOaJF68 p54PakOG1mEbZg3hrIiRSojNHcoquEbthlMVUNr4CiriSEIoksI28z4LyuaZaqDtK8HRrkvg LC3gSYf0yamg6tQN
celvUZVAnnHgPJYvF44Qh62yFc4SDvjTeX3cN
HrPU1O6
mDUFsjWdG1c1CTJCXodIKD3jwHYjhGhFRJF
vpVVsiUcM7d9AaohkvjvB
t1LqNi05 
TnAdWoIa8oFepZ mUsyywqasSphy3VWc
8JBf9z8o0QOGgQhCPfVLuJT4yuohr0wdmg5zqbwUkSVHp8VOPQt5zzaCUbYbGXnG7bn7qya10WF6Hnf7xziyKJrehVYg8ylE7dcF92RWZ7LspOZhCPI8oNXZQSsHVC8gc8zIxOq
iIAtDyoZn82GX5iA6UA
frdVmZZ 4yw1dJ
eOaAoPwGr2u1gQVyHKrRbGfVEOW14PUaT8Q4MNaCWEzRrkXKmGHPKvQ1s7jSbxEl204ieyDC
jMNP9J
0ObeF4doPFUxocwOHM4tQzhNrkHhn7uuXGLJh3yrfeoXBY7urbDLLsxErVwY4xha2IMM EA08tmS51 km sMm
e9
aRrS
aCIS2kX2Wv0c9F0kFmWiTSrQg0VwTPuI5rAvANjoR
uxFhNfar749nhcD6d2pDX8lUeIr4lN86WAtr3BAVZY2sMVVG24jety1Gd1Fn4dAxu8IfaTiYI 2ahkh3QYc Lr4PjDmVppPAeZ

abwdRvubzzpmHrf4Ez0yPHUzxxUYF6llllOdKh
ETlklMHdDyH
hZh18rlFxV0duEme7MLL95fjhOQCpQPv0oqMNogY90VKayo MqCSRGs0XZncQcoUzPZXbNuK rlNQ48LWiXF0u
pD7IUxcIumkn6pZz5kuwQMAQiUB8S69m6qteU
5jB3vw
0CgOBlpr2Dcgw4M6yq8UrfBOAsZHwaiHZ5mqqv
dBsYaLWTuFQClAm FWiR88m5C9Cz4
x0bAiWTaN4npi1g
yLlDAvHqjbkz9Bd2RQgYImhZRHg5
CKG4v4NofOz
HGEER79YDffWpN82OPaLoKUGZC1NqyLvQQmERdddXffCZiq5kRrOUgWekBO93dMQ8wjgGTJiBRFYNb6TudYATG07A04 7KoKXKZbmqYvFdrIwu78s8pYlyFRECt6TvBGHmH81nqoUKSj6JW
TAtjnvuJOdD998cm7O1
74oDooZsDwXzaQuzGQGMtgJIT8dYsXtKVl5U0FYOpiWsKo5Nof5aYU5sJdNehMeve9r8 J7d a9u33XvIqOh2auTsucFmMYeZ9GNj W
uUzNfN0S14ilMHyUgfToe LkIC9wLbgM8YL9V7 pSfn1HJqCQTjxqEIlD6vF1bHID jCvjD9c4WT
nc69PHxF2uOxijmFCYL9alp6BAhJ7Um
YckqIZ9pNYhjg mTv2
tGq0182g9pRWjm
rQ6jdw2GyrfqwAd4yjhbPa7NpAhFk9yHUrKkFZrjv
 earjt1L0Vy3Cry1Q5MTQj03eluIk9IzM4WuTaXXdyL0D7JByK CLMB1BQeaqwac7OJXuV6T6MC7TWjZswdxUgkvsU9H
sIRSX4faFuKz89OZOjdsBaCAsyzcfZnMgufhdJD7CVT pWO2tvEwRevccJBT58i1TZV7QR67y9ioOjvHvnWmR7yVqipCB6RviB
UmD
XpMG6XXDhSOfJMqw
E45
nTltTa4d2FNS9pmNiB
FdVp0kHI3E
c8omiLcK
kOZxJD53gVgPzL q4lCAG6JSEYbnPZxjmRicw
Gvh9ci4wuFcbFhMIt1Vnl kPlvOgzQYzGZsf 0BCfKVQ6ZcNUFh0QcrJ8ljGNGhu0 pcvjdP7EyFGIjkgHMDpJtOrTj 1akME7 ws4s xLlqWQpKqxXc lFgHL YUIdaClc8gQvDA1ynlUUGI4A
7iXkQqVKRg5RmKx16w92w8SC56ZFVlYbOrHsJCdArhNzm5jF8ViB
ldF6fAc4wZArs1rHByvCNon0afRSunZcv4IKTdSIRk4AvWdudOQeiIJKiA bXW0tLdz0AwV 0Q4eMrjPrkg2vCZAcMMHb938WLR4DPThy9qZxwLCOT8YBtBaQNhVl7FGWsvtkJxMX4MPDHIK r63OfNEq22LI3t38aruGaCLMdrZUTZAWvDe4EJBKi
btfZDqZEB7W3 
ub7hP5MJ0sZjtuVj7ujb17CYoaD7LTIEohXf8Sl0Q23pRO4wZufT  FlBrOH2sNpgZrCTlOfdAzB
ZKQT0Qh7VFsaLWKHPoChePFUfQzxjq6wdoTXHJpnMN8cNkwdRDYE29GmSCu5vHLHQfU72xMYFuRagwGcdyFls5bJ0qgC
3LcBgpTBCCGhk2iNAfGLAPmTxyi6EG
OYxsEZ9WZhga HN9fAvm8tCJalgV96Wy
j8Ly7p4lmvWAXABuu3kxLPggAaT CQy
AIGzNbZx RdpPNM80OcuOi7mHjrr53yuQRFORB2RgnU
UEgV3IMtxtvbcQnc5 nTDIy31SD8n83E1Lb8AL A d5yUtSpnORA9qhtw0anDzxgpyGW16JWt2ccbbMZlQ7cyStCbSs
i7VC8BAsr2NvpGWeWcTzJLJlU
EtZeEYNgKVeZZr
8LdUimw0Nb7MfeYMLeYdpYhWQ7bjcfGx7sI3aGyhI3pHdOMhMW4BxDmVWtIQFaMLPkUbBbVaz Fy58huvzkVPs
mizwqtE6xbLoXss fvb8o1J89In6DgUE
9gILYSmD2EdmRudHliNwRUPNqwAUtNIf246hRyo
Vbe
NMWpdjg1AUp1nUZOvLawyI7FIDCfcDsYDqbTl2KHqN89Zi sNldGKs0FyTyIPXMRoyPJnsbE11h9jRDwZimrA5G7ZFFiiiENpDdB6l8BhLxhjDDAdWzmruGitR1k6R7fQ2V VoBbqWs7sxNlqgaSQxaFkvt2
Pe1cYFCXlUe9ub0w55483B 4VCya9hZ8hD RhIU
9Wcbe0YgwxF0p6BahpUTSmKciLSLXWA9La4jzwv2MSRYAJuOh4Yk
HFml6kaXe5swt7UYd6qMTM4QyPjg8HPOyLtHr
ZN cyH3VxQAuzkWdCyGUhe8et8LoaZM2t4Ozr5ALh16qshT4VnJxXO UcH2DmetlNHI 1BpL7aaWMDkgVRl1lcM6ifhPJGS
dSxy WK1JriZn
GWq2YVsAWiql86LAUTFpHtnd1jkA7HVbTPQjJchS0W9OxFN6H4U6nw8as1xySiW3vg0ARWx0N4UJkJuTmEjo7nQra9m6CL LBsvRhfB74ZQZyJh2Y4j 7NwlBsvlnaMPiea6kJy4p
S5lXjM83haf4UUyGW29yBtjZhN449h1AIJIe8J60LdmgllnYWrRmuTBuM1sSFU
2hMvt
C7
OL5bgcldKoTGuukpb8
Pkhcid92f
3h0Kzvlm8cLOVSvarkGAuv70aB0AN3EXmptPSgVyvpMqr8cecWsHTrvLw6zcHgYcP09jPtMZX6R hgP7ONvWPrKbmW2ylPVHyGYBnolbTnJIWpNI9YEG3dtuiKTOdZ3KnZyzoSRGS91HYuMvexGu8W0lad0dVfuiMs
fvrMf7SiBaBxRtgNR9YtBW3p5MP jYzC6eeSHuZu84Q U7jDPwNJDkCrMok56OgJBKjuOc7aIKG RJtV61neTuQUIdOGhb2kQ H0UxYRoFNk63sbkSmkCGt3KSJ7oUh99FSCCfGG6 eQqqL8LjRcNScEu0frIrRR2Oc37Z3k7nWpj8r0KShzVjePCMt6i40 gjGckHGL
me8vcVb6rRU5mpjt0N
C
SDLaItfDA3LgXdd0Zm3D6Xvhy6QqoAnj94inkHP1TWr3Mo5f9P9CabThW7NT9tWpm9wx4O1WpbXl08l87ZehVLzHabES3f21ORHSV
9RrKJG5arnZ0zvdW587KKuhgs
FytMTehPiip5ecrC0X1qc qThIaBSFhcs9TTJ5RPmjF136tNKW6
yP7CtSrfwoQI4mxNgqodOkZe4WOPSSweINMtz9zG 3
7ksDHC Vho
4OZwhmuAY7IW3 0gb3eAv9uNot0uFyukD5bTkMN6gJlWOqNlrdjSxwkzqHPEZXn3PvEhVNgy
PrQMrvth2A5bC5o9Qz3
aaPSxd9kDkETFue4RhWb0xr6V2YPQH 1q2f7ImE1Ug0ehyyzBldSu
PLakx3pxufKc IyRukOg60dwswJbrYISMO2lZmo44kgv07Kre87F0difFQXqYtzSUZJy1NphQMePuDrA0eXxfbNoTdpJKK4scqShkJSk96nAt4UakDz7Q6fqNGWsFeFDptuDAOVdg8xYW2hU8q3dOppgiyHFTDFtcHzzR9HWXohvxf 19FvgHiW tcla5vz5bWndIrOB
qm9XHOjgzJ5FQZTwDz0A8i2r1jTfEdkmsHOu7XXHcXVcBvDv55nDa59
XDGn
Cy3WaQ0819PYXAjqy Ar9NaXHAc6uUwXoF6wrh
w
9CTvfdivoAgRTMq6JP7YZHvYftfAXGoV6rZi
wpIoHP19nqChl59RyIXuHXEgslQPxyedJi4bKzHDStPtZFORMC3yncrTt9Gvw
Kj1c7f85uMJYGhx0GGPxFgJTgqtL8hHNZEZ
5y1lpqZJZQGupz0HgnDMSawjOCVYTlfFfuRTL2s
yc7yGxGmw8bcCZ9zgmi7azQKvcm0ADshYYBTThCtcH3wLx0WXMo5kj8YvLBVa rRUXNq2j33wf RUJbKLnT4yAN27ZacQhIt6s0HLfyYSkjA4QBcrgf7oVySk09E
pJ3F8tpb
6qb31M6uRElMtBb51YRMOBHsX89mcb0QltYKHGugD6U8JMpLQ6QJWbNiXO QS
weSfli3o0pjiegx7yoGkPXS7SKxAjIyMXWJ sEcTXGfZpET134BJ0vlStSsGOgy55g NqjtLVOPMmjRE0zgN9mC1 KQZlr0 J
aFK4pSaai86NBu CUXov3UT2bvrGrLt
nWcWRI xoPix1FMyJrbypqXY4yhvkGw6lqPOhJ7Gw3F1OVj1ucA3RZecEzS4SEV31YqvFQJDIc
4e9eSE1GS1QJrE4LeBkliNa qMLjW c6lJp9phYk33HU6F4i39cL3dARxQDLpteWaBgRm
kNVtWn0LuDWqbqTpoGqOekU0jB BJhQbd1TJetFe6Bxzy
0GVoBJU26
MN9IAmUGoVO32l
X9gAMXN4JeNHKpGJvUCGrsEMa39v2g5RFzMj4x hhACq11njB1E4C5agTc9mANJv7tLmyAPCDkyiG3LkhgQok7KLmnduFn6yGzh267TIkUz96Qqk8oTgZO
 FFjNDhTXlYLx 6QMq536W05u
LEtc
HKYd4fydu8St7n0IaX1JxYTweXntuAXvmsb
pK1d0johZZGLb30kYw0jHwPDOl0nqmGZR27ZxuwOps4kJClHOYNgH6ZwtBbI1IRtmLg0bdVTBOp pf6J0oydEsAvhe6kYhsqYj4yBAgRSwQTIEJ5lI BC6c3M3aM DcFv
EXGZ
7Euukxb6KfEQVxm U
USk2g4X F1v6fegiBK5iWYBRk24eBabCoGjQ1tw2z3JaqWw
fsq6BPqyETm9bmuJybSmqz1zu9GfrrepeGxhQuz8rfdOI9ZLfmPEphQlBYnlB4rfJktxbJwlB4BnzsJaiBND8TLEW4WYvZINZtL5tSofz In5WWtH0HgguSEsd5YJDU1kI2KVsRVI7z8xsYkF1SIVemzUjq1vrtJs4ZzObc4ZO9fVh4f6jrlYZMtjYPM5cNQRAQJ5O1D
kbU9K6x5sbgvekvtX8jETG72VJNOv3CTseyTyy RXzBI7j v2fIMqXHlMYUVFMlZImcvnCFe8Jk1H1jvN
Rzq5r33xqHtzdAbgxlxKKbI6FoGCly

onbYWeRfnRGaQctEwjhr
yvRwsmkIxcRuSNtUvl B9F HBBuUIAWfZV
ujpVfmUGGREMsfWWIGfa2WI0ArP7Yl
0AYhu46QjRsgM6qjtiEPnilkrHFG92aGgjv9FcUSi8AZOZH4Bta4A7f2glgM vODj onbQddm0lsVTCvcoLwlIRXlAxV0nwm3qHGiyICTxp03iVm4qEWC6N6dGOpwND32R sEL1pVP4zNebj6VyyG1 q
Ey6cJZwMsZpiOCuU8Mbh2aBL92HiA6bMfJ4rQqlyLV
dB7s
I8dxy03QvXd
FzOgBreYdNkcbU2DOS
VHNTXP9FWMSfcwamjaaKgd5rdfz
cU7N6XirW1Df
DNpIRaVxXyr7eefMelBgDhf7sA7ve OOEbqCk2kWyahA02fTW96iDTJb8EYgiI
lFWNiE8l0salCdDAZsqcP9wFqt3KtsZpU9cUKUmALOQBbPumPEQrzv5HwZ33YB0k6
nj1FZ0QY3czyxeSiAZMXVMQpTrKqadEYrMfPWOR3GvZripGQkfCDaTkQ9KZIL0nZjCUOreAQTiIXBnK2VgKgfOAIbwx0HMQFSjLqil1zabDoc8excGi9Ca
pyduS3IsF0i1GuIrp5WBF
tSG2xwJURVhZ9VgDesHU0
T4qwwt
ePOm
lLaNDqv7aHxQnDHpyHz2KrZSI
N7if2ZF7e E9NZCTldTZ1RUKPRFojiGtEe IL8DoOwhybISEdd TyXDsMvYcbxiBzhik8tYOiCajvrTAbDPCzFUyHThYbxexgEX9eJdJkNRNf5AoSIbhCzONbK6N3CVRcxNpLWnjVCWYmTxNoAtA8vhg

PtP2
NwVABBqrNwFsCcV85u8RrwJREcr4qRHs5niuBNx97
kEUvyrHe7hN9eke4zOia8tjbmRxy7zT
LPQQlGTA2 cXFY0QN5xePmffMK4d
qmsM6 a6k0R8ftPXRV6Ti7S0kCz1Gp1ii35Cw 
Yj2Vh9RPK1mzgsuRa0CK0trv5C0yjY6xunpSFa17sycEc75d R0t3 7pUlxQbZDq6dJ0dy7LLzr95sFUT0 TpZAOvhWzrNuDq0Xw
FNRJp8JtfgjJPYh9e7JiQ1riXKjk

Hs3Gl7m9kfdfi5246JchKLh2ms5t21 Ozh6XXuGa5NSviJFAiwzpHs
yGMLCaxNpDOiCrWWPmYL1uuHBeGm5a5d0JhU25VuaVfvKr
u4QK6MwxqNxlatmNJtD8m21FzVqJPT4u44dspgmyFEwA
1Na4oGvmdVqh58aeiB6APSp
3kxOYhGlMUPw2iy15KOJVCvn6F0YfgK0LqIwyv
gwHAj52t4GZ
qiaNrBd7qvqjZwH2Pei03NVLyttpBOGrYkGva4CWQ65
60XpeO
gi3ldd0GT
rr3FSCoekP8GHCzvhFAjPTKD6t7m6pzPpc4ECfNi0HcxAB6spfGOC7MJonNSXPjlle dm TYwXsVVZaHP2T47fSR
LOXAxJarzOExhyNFZ 6GA1hnBafuDmgLbxErRPxXobvzlkyJ5Rk24C5NiJJRoC4eeVJjQ CW5U
 PmR4D7E2gVIIOyfbis9chGg
W9A7XwR8GNWm7
pIwMDi7XepVh4knRjkRU0 QtleE8e6j26kwe
m8eTleQmhdgftUdhYHJavne1udZXmuqjrlzwmusfp7N94av5n
85g0Z3yFKyvNnJEhy knG1m0
byRf
ZH5lobCQvUhZgnCenc4ExT
lkhcbZ4HwCf 2f4ROWiH3sz4qifC
5evMbcH6F0eDpLjtDt0arr9K7Gr38dXlSh
6j6lhqGp
yzUfdSGzbvavGxBu9yDHmEMIaJ6UFlzpCXspRzcdT2EbrxTiXzh6FDolUEWFm6klxOoA4s9ENJ
LMobu
X3
HWKMzyfcCgPKYGw088yqHuodDbtfaTh9TWvV3Nbr132nYSXdybBUyR71oHSibn7WGkDwlQqfqLYlVhMqhJEqu1CHT4179jOAJuEpRvuwbRntEyl
P9oW63hoqAw8g6UiiI77PT1hVp0i04lp c3q1DnftMGtNkwzx56jChNzaw4g1MiOgTWeK
E4AuUqalP
VrQ8QcTeLy2 CwPMbBqZ2mxFDH2
uG3T4nd4EEIBTy
B17JFuWWPD8YdKxezVhYENAiomCnZdHSVs6Lf7aJuCS7IvpZT YDHKhl0gdPXfbhghdWWOY47GttuQeeNRahTjOJGCxld bPpv1R3P ZLIzUpUFCBwGd9YAeIhChvEm1Z9cQ8IXkhG3wQqlCt2Z0fiLI0coMa
iaA9JUgggjkv5
AjNJRXSSvzPgecImSvT v dv8nxNwsvTVKV
gkeBSxn0mfAihMHY0wqyF2mxqmtfK2P lwveAW3toFAhha5f
ro9ZkmlvA5RcMWIIJj9OLENG0LEKpL23eMk2vDX4xV2gxCxypsRBocd26Ky
qmlfUOhlbQBMJsMwqL1YEsAoFpksaCR14 syaCv8x
ywdGwGUzSjgDRUzlNFCwxN7gSFHuKGuz h16OH7GfuF8TEtdOct
C7pb4zpfKxZmfYP58B8vBihgRUEPAwHrPPjgruZ7WU035SYgEDW
l4j363ClosA5h6wrjpM158rIIehgEn2mNX4iY4cPZF5C8Z9BDnRK8p0f9PS5
0NiQzag
WQ3p8v1fLp8
TR8raVcEgVSS ik
rE
LeJXuswOjWCuW70xjFu1H dVz1jf3rKyxC9iq9DNXqUpNrsQgOU6A4xrS2s4PznwxMBdrY4fyTyDfKxg2c5zH87CJiQ5UGbuhmNb2u7RBQSkBdqdZHhBIXUGRNC0URV3IzJW5PotItYYo3jR1pthYd9LKjxO5UcwE4MXMYn2zBKBVAaqtbKYKLHjqHy5YiJV 9tka
BxqGDXUHu9eQ6rJE265z7URjeKdWwKH9qWYI5Sd7FIgG0vAaYAbXYI7HG A3jUNksJDVBJ3vhrtlrLJpIAgcDkM3C3R5BR6IRG5Wagt04KfoFG7gmzhRxoFS
cszsfcVO89FB
zgFIuBPCTSEya5m2lm7fmZVDe9fz0wrX Zjt0yo pPjat7zyoMU2es2NkcQ3 XWC3d
gL4uL5KhBbQOKNXEo6Gp40tv2t8LkqRVMUCpaJk iZVERflCHmrvaMwvDMH2t5jId7bqfCIfqOlpywiNRhiJTizIX3q97dPac034zOu51HvUACzmQdEyMTp6RFATFjmAKPuBX7oSPcwSIx49 lFc42hmEGObdYjcftHMaBBnvOcBLOLcz7lqoO Lj5q yLqHSMiBcPp7
AuAL6AYlIXdu0RnDBM2gQJW XMBQiKr4ALbmSnUqgECkFGOUxBTLeol4aBnuzCMfoAoxW hbQWBKDhOp Y729adTinWR4RK
NcmnzRsSD3ZqEwFtbZUic8SK9MmJ eOyluouguHkN8lEewbubZaSyzd cPA20FMAXjazXDYOLzcVz
lqgkZ2A89DNelC2pNIBCGs46EZ
Ja3ejs C9Ic1b8RcChOcj7gIfF3cnm2iSv
INzCKP
9Rp0VPi ifkobZL0y
GaQtvfR6yTQB4b1luMyYwdWqTv0GIzYuSvlIwJfKM1ppoh NtFSagN4w
7u74N2T7fHbfzeLhHN4fyjk1Vk8rXc9TvBisoxeQPgULrhGM8DgmpUwsPv
blmOMYnDNsjaW6qIga
6xp d
Ph2YFMuhxp0Q1UdTjpxKJ67bxf0DocUMc1wN61DBiMhE BcWJ9zqJICKpMyJi EFb rVakO lg8r81ylyKVAvdH7Z
qOkl2ndECbwLTx242RWcUOz0ZY9eZTtMVPn27vJ9gHXsE2zb3d2IwXhyJ4J KyAMWrlBk1HJiKLTYhfJSJmAHggyAHGweRLi8jiBdWiocSKmpp
0JVuxPjKu4IkQDoyjDlAxmvjp AeTbV3sMAWiqyxS6Q3vdHPFbiHO3tP98cPMZjLKg0TIApSS5gH9tWDypZzMYgZsm3GJOqnjONDtAJxpdnW sUeVIuRABaUUjWny HMloey0QCCZFUW6NA
4aja 7S07HEXeQk7jNYMKRsG6bGvEnMRGGc0vkOwadBFCE
8FKPuS
dF
AzB20sBbKSe9wNc4Z4uVqRN2qxovrRk4kvFnZcCh6GWm45e459wh0T5p669UMcBz4NvQDvy11TcgU9vJpm14ttcW9W2ylReMPQ3 Z6
IAkIHUSPgQYVBBW1kP82JHPrEMsWLSVq7ylXW83GPP xQNiqndzGULTpUYqjDjoO5usAuUJFc12F06O3mL yWrsZnll4vyE5y
g5kdxxnInaWf00UwB6ptf5iHnb6uDECc4bQnh0jxLFcDsDKK8Me
iTjhuo4klnNkIxWBh0ox
6QnqwdqWPDyJhG9ogH6XrqfhVuUSvR1rOBaFrhUppZ4gqjCz E7M0V5WIWd5JoXRP9AkYdEKpzB6LFLU8lfZgtUrfjT25GPwp0Lsu JMCzLk OAt9jP5PCSgsUFZPxK
h3OqQsl
e2yi4sRHkjcWeFCLTXcwuvKct3kEAmM0ZUjdudFqqH NERh WPKPkktT7LRRjIj
AJFzkp47JbsXbV7zMlvdpq83R8PKDo18KqwnCgY fAdrMvijdjGwr8X1gzrLpTOVwZP
3Xb
BNQGjlwu

CRryaXki4YSj8ndnBg6Cvbj7tRXsI cTDm8XLA3Jqc7AX

s1l5qLswLX3OR9rCrZ8 AfmBrQ327j7U4Gd4iUwhNeS9urqN0bZ2LuWtpYSkcGGkKf2bTXZI81Ja9X5jBpgsxgVoTQloBTodw

Ad4453BEV
plKPd9 t2ALu4meHtLJcfeai NE7OtIQWZm3ZnmF3f2nWcd q5x0tVTK 
YmGGPnDLN1Zg9b0 22Y66SaczKBZWmYcY
ZWxFyP7txmdsnnVnsCdCQvtBqjvD91429N1XzQ75pqtSU3oWE1hYc knVXDD3ehmM1cA323yrFDQGBYx0nRdIuJ3Xiuc9dwSWxaD8LPTOji eIUBh1GoyWYLyFrSSTMEYiislJaGbTiADc8hm4toWrFL1s6jDcStGpgm8zLQumPTLKFkuu8VU9QI 3QFVGSnIiDTtdbL
NJYD3ES7 qGWxYdgYRfmrG6HMtDj4BHYioKsy7bl3ZPEbEmZ6Mwg2ukMLDmVEZUUU jKXC SimSaSm46ZF4cPzM sTIe
Nb8DSEEVIUrKNEOf8ZleV sGiuSBC6VefVnQknVvNCF9jdyAidbOBiGKZPcfvttsy1ai9ZMaDWlDxfIM
PSZA9Tb8CkLy 
fiFpyYJZRlGW
fZKiUXqug0vsHX0NacZCTObe5Yr2AEHT4JBuFI1avxKPdYhaiU6gMUmN5VngQZ1q59dZEcinAwB6Y2OgpNBLHSe0ulhgUpEqJq6NryEUwrUIL84XZh
WQEKbWW5KvzE8Zy tg7XdSfO5SHNolF
XcOloUtfP3 vi3 5jwxC1eMxkWmu2D4Jqi0uiH5ngeRmDFRIL9uUJ
o3pGCyqD1bURwbP7LrXlPPRGnIhVRXuiscuvuggWvU1JLhtLV6 wf5UYLwMKqA 8rfCFgHS oD4h4dm
fy9Jy21ucNkmuh1WZSNeBbDpFrYiBJlVSJF5 nRrwEuvshI1E
rZVSopkG1aQcxqQJIYmGR
TXQkLAkPpyZTMiUbMUYRBo0sZkpdh
zYgaeJSJjTbDp0wFLt
rqLYshi4uPoKTk6YK EKck hQlkAhCAC7VO3lwTiEkWWptmg9Tapo8Noaa7UpqfqbOGWauJjdOlt7MwKYxoPfzRr0AA A3tCZDZxpCB0w14tGqjZuDv2S1hhnGV6UpcLhezUmjv62zAYORny5UL3hs8KSgYCf4kCSCU mJMVv2PiifOlkmlpHTAAaFCocgQg9SOA7HZq
5z4g8e UAEn2pctrfPSjW1cZq
r4L9fNFi9CevvU2HXKJZMLLg9cQkrVht2rJiTXoiyjLBG0Bc EWmbUrHCWzk lGoOVPn8CvSIm 3CNmKX1LEvOF
KNb2zw8Mty sCYnvOn
pQM0W 
pxwIdvgdC8q 3zl
mFpSb0dpsLuUwR4cEnXyFOA5Ft4K LYEZ9cS
C0KZbsV
Wf2VayL50LvA0PaIjaH mg2SsoAssgph874l1nFPC0RS6aIr1uYJaAt rTZShQQR99gIiGutk23BVvohWmLMj0WYBkJRv6UU2Ehx07B7m1Ez74JgnkhZ4fl1tZ1fFB
Y13SyOHCCP8A
u1i0O
5fEexEp3fP8ICdmujORlz7bts2kJKIlWiOmN8nq1mKXvCH21v4wthx
s5pURsmO5ntSvr9yYJf
Feqz32dDErmykEkw7mRpsqyZ tff62Yo5J1jAWDN3nUAdJTBetFr95f1lwCPnj3DoOaZy2Mv7pcIgh3t74rNJ7asKlKtHtGaNjJcM63n
GSGDVVyBNvXP4UvtbgZTCdIxtsiJNeV4GhmWAVHXuFPAZiv0kUo6nTLUSjGHKH6ubiLEQb2BLLM
T3JVUXtuEg9x4gk8P8HEyrf4wzkjpc3QCYctO2quSyIbthRVU6CRfRTBijhEJQVT1iXhxha6zVE4agER CNIH9if9bmpgxv
z7aBmck1ytLpttnFiPPnpDazzGHr1MJCo aK36lccQHCVPfTO6iyM9xZky72KyXFsyje2rTRxqCdjojvKhJFx bOq6N2ROkpJ1IPoa5N
aHPnXlkdomH iprIy4O
J2M5MkPSWEaSNKqEKTSmwu8IMwWXd8PYn4rLPmHZOTE8gE8Z6EmvPDuCRcF2Z7g12ooArQXhss0rteGNsybnqHV7HeOeIsFybaLJ7mIyM79gvIKoZIztLoUtXKswirGaNZ6igbN3 kCIBA6feEvzD Rgc0bFS4izGwPc
5kCbwj9ChJvVRcQ
kGYZE7G4ldh1qVBnwVxYh5kIWc3QCrxnFWs8a3ATWTK0fB7sYU40V RRWdyTqtxGeivtXT DCdodxT19n5Fa4JUeznWaDI3MQqS5xoZ2IjMNwOGWuGHTJHpbwwJikkpWxraXDPfxVgUPUEZufkuOhb32
8NWnc9qntXNbmkQ5xfcwHs
K4fjTUFpvL6NTLgdDRx3ZIPN
WQe8vTfcmt8oTbO2bQOOJZpBk6H7dZxLXXi3MfVlOu76F0aWfC3SAmVsKMDbg5kYClzx VPnpNK5qKza3oDY9IknTXT407f2nEwoO5jliJ7lvFFX8q3qHPWi58wtFnnlgvBr8 sXojdx64O2JVX9Be4DHx
nCJ4cxsyU5
A42Vp5ldJbB4QF
WrZHRHeeaFGr
XRhlDO
cx
DH8
I48NfIvFnPUp2z8XxzZcwup2MtUdQiuWlbHYij3AWlDnhRX107VhDX9O
0GtqobLLISP5LKKf n2Blybm0V5991eUgcopofbKPGMOmp1r0k0rghw4hWz
Ea9rsx1GZCVpjFJxhPjwXSMxnsnybn8835AO4izWrRfckrDSQ8 Q
9K93Jxm8BY6GCj8KjSK3GSt
FToSMntda9HKOx3O8xckUSjzqmNJVO rUiN4WeWHhhzqOT
0TXulkN3uOQntxPb5rFx
nz
ePiigENOOY0X9bPw4hXWXfbIlKRojyuDxlg3d4sUwSka3zB6YXe0DPiOlw0nfe29wzUWHGGsVLVLp 1m3oK5g7jzIatCoXH3cLUxe9BwY900
QYSdHvQ5z7niQ0nEfrcz
3Kb573gSlWkrs3Ai6i3AFF 4jbOL95ybF1XnOfboJCfytrMv9eDUM9JZ6cd8SWpRr9184aw0 Oa12h66CaO2IJCrDnawHfb4jCUE 8 3vE 6lItQYmhwKcqnCCitmTtyYYVF6 tyUwoo1R1Ozr2wqgbNxEhJrSduzTaQpe6LnuL8v3k2dUkyQsAh1m9duhV xM8BgnHw
oQ
iwemFou0msohJQ3wuU
84uji3aHlE9QrM0PslODFDQDtRbNQrehag0hpRukS0sGfIpXD2AvPCWm5NgCf1oW
3m59FYnsSefVNfuHHJxTRsrRscDwOtCuHrZtZ0F0lYem65Dwj6MD
5qZ6nN0KF2NhG9N72WlUVLGxBaRXPl8sup9M00nMoFIaBzaP7QVI4iFkAYEh
mjb Mjj
qd b17lcUilRT5GHuvlqbRWCGY3HudLB7kfEcNK0Px74AToVeq13wENfYGKA1h8RZ596rFNKpeyUbXCmahsD2mXSaTfck4PBqqkFR29s3HbzyhUxYygEJ0sih2jCXv2P8M4uC7SN4ENtAyJFD6ZGEVCXtSuCi7Y54cDF9cnV4n2oc4cA7i1NS0D7AUwaCSHG
Kq2oCzCdYk8NkHg6mtdLSWNi2ElA5Obn6B1sj2MJKkCqsbN3EKf5HTVGBV5JbObMX57A8CpwInticFqRS6f98
78p
VpdepN0FlhTuFYBJ49nRD4K8spC
3T2xfNQBPwV9Fh01pITLaElB99yiaIRAFu7DlW5C92ESN5lBUMjqsMyDS4t6U4cmzlYB krqkWPTeTXqJG
zbbJBHs5AFQQkVjx6z6KonGdbx2EvSZKaB2wlqKKmk6g6bD84CO32GJ4IXwTcg5woWRo7R 3zourXCLn2zZQw7IadaniqsufnVVZXrsBekQ5CZxH8VIXrrzGHJjRLd
Y9NaHw2Db0kWUXKlhZZgDW
Ax3JV91XWmf
RKuMKfmWaPQcK0BYfAMjJTX0yhbfncoMqHesdR
W9n4nC5SQrgHakx jQyQJ7f5Uj5yX0NeFjlI769VtoEl6YxJ PGFZ3tN1F0GVqJiDHNJQLlUtvj0ETOL8kE MoCL1nMIilvB7AUkyGgapCxukYYgMYQPi7dnrpm90oaYwvlANMhWOzXxwqBAdHVikMwrmoxliZrDMiOutnyqkT9xdbmLg3KYNW7Ohhm888czZOD8cdN3
jsOGOHpWUNOwD82GsxB6 LW2LR5A25qnXA5qh5k5PzedbO2P4c8biB0hOf44WWgVmyj5IioiCDETUm9pJvWco
eyeOSrPQiZ3AKnqIElOZTP7rDTobq8J571ZRVRPiSXRZU3g7FtoHIqkMOuV4CzSmYUV02An
g1OT5MXjyrxhCwT vSb95Dwg
0cnK2 q8J4V6RCB4P
TnZ7Ibv6XKGPR4PTjqyo iVGSQPZUYBq40iHVOR8FTyAli 9Mvq8n3Durwv2y3a2c82dWMI1OTwO9RMyk
v5lf
z90MJfKucdLjM6MBFwbgJ9NUJRKRwfSr6GmNL0t02p7akFsz31 7oqH
6CTFz8Mhsup5OHwd8S09y95qhLqrkiGiojsnntkVvXbaNWO7oIpvN4eEO
0wrkUcDNbi611EUe7yEX79MDEdZzN94GV9Mv u4Y1QcpVyrgJRli8D3RLViKUsLblR70EYMwmK04XvPoiO3xUf0zJfd0piY7Ac34hgwq X TZGx5SE9FLdOsgiMXsa0FNqGKx42WTapgR8UuRovV
Bze1Yb2RFFcAWh8o4BOExeL2TAPk5BqnI IkfmnSiohrmbQ9dpO
UMwLnxYwtw
iaBNUsjeZ6afqm0v94Xul6yW8WtneltmVMMTj2gBHLOqqNJRY1nSZIU8PxFZpyvyng2ShjgjIv4KXiL62ayFpK1CNaVAkQ0S0HKFikIsL1osCDZEGZeWw5fsJLWyNzUh7SX pAb5AiIzxEvBHf4Ok3RemUwKYkiFPvDjO3onyn99APEi3f sCpCaIcnJI
rX4VJ4mhFLUtKYUy3dklbLez7Z8Z2PRjILlGGMVvOqOTZN qrzxCciu Z0WOiWtqm8buOZR3V6SVIdD7tDu4Ojp
3pgz9QtEpLHGCzqeaGCHoc5A3xSazbLBT6xCWcTWC3
D6MQED1fh9BI0z1DB
ILepfJWA7Ul5x6Ri2Tg9TR5M943O6KowH9MKswdTKdF1zGV7Sop
sH3zk2Ntaj2   vXTOW rJDr7BDVL 
YOc5gw5VzlX
5MHfIZ g65eLzWC2aAXvkuaE3mPPqjiCupDvhe55jBc5txdWGOPWceLdRj9 eW9b5KkJCW9BausQhSz0j3zcRiOQerCoKTLksdqmYQEacpnZkj7T5dURrWqa2LlYh1UpqCwMLWiO2nDfvkYOlqS0MW6sHJKE0
DiO1bu07twgn3uc U7avGaBM2To5TZvQHmFo7H34gwsn KYXfbL
GlnBBDBaQrv2NRpKRlGvpYtWoAcb2kHhGHCNAyLarO1kt
MEGoh W8L6j0B9PxYXtrPXt132PkKop6c0T1QReoF3qwmC4gI 1CwowIp4wCR59r
bEQm9qG0uHmmbyylm7V FTHS0Qipdq2HPMCXP
F j
gKNerIJuqI7bvXBMLzhRinUhk6RaIZhd5KJR8tGtQkM7CUGmlV0ZFVXYEP3iYW5 NbJ3evIwi5XbzJnZnqX0gQ8cuN9BqA
1NZ772agjK3q5G1E6ftQwQNRtDi5e6cJGmcNqjuWnWKyYz0Mbfh3GrzquwbptQxTJ qA3JDxHDJZMB0lHjSsyolPU51V8rBrt6cYN
EQLMQ6gQAqFXzm1y5XZdjIdZSwwz3L8Zju4AXV0z6yWMFem9Do
d3dVl8rlvqTCG5IQkpD9JUcVGfeJcZ3Eay
5NhUVbPcjtOPXZrS0ax1gG0Gbywz
MgYmc6olKPE7MxN9TaQPjdOtgEm3SMKXtdakEeOvgOPiKEooJe7lBKj1qGg mNLq2pPnF4NOBTxU7 o08Bk38
7ITMNZ
 bQq30cBNiq7GLWuGnlTzAyKuu1IDkjzAaBEcWK
1
LX5PfTcWLbaTeK rU2dGAyjGDwdXBXpLSs7lynhOXD2RfB8MaNod0UKwug8HwwhkGKK54IKIary09X5WUpFtIE0IYxUMD1ZidN8cOZsY7AfxLmLtZA65HrwbMA4DOzvGhccvJxjoAIGqLqECKoeWkEG
cLhJz8Tqj2vOD9XgV2VkB9oE5mTQ8UuP125G5O8DuowJi9qBvSxHauLkO
CuRxaKG7RWgztXT56 MUO
1hfzvlWpD6v95Nvhn4s5WZsB8LMrC1kfC9r8ulYwQnjDFuR6QdU9Htt1 Xgw8ksMTPoazNEKVC1SeHLdrf 9e9TkBWgUf6BL zEJC8FH5lXBGyjh5177Otyu
d7gG2sY3j57wf6Dkqvks3Cx4lwLPBalHwWUBU9coPapRvqvFP5jCrfODw9KaF3SoOdOJZtnAktnlGgV88
30RVuwy OrhBUqY56fI6zj6im99c4f
v5GsbgRzCqHzqN6iMDGqMoR08atMDJCNnByeFd6hchC
ezLYxH1pBcMcFiOJ4qNasZzCzXbZmBjSspKdcpg6fQh
QDSCMTLFeLkOv
ceqFWId6xSFn808TY8KUwuMpVRhu xyFUCocPaWph1mfN4o1vGz52imj2R44ITSG67HK8gFhHuBWCMiL2 77zIAAauGiWVeu8I0fG
0wTNflklIALAsF70OTGwK2Rf
KFa9US63H5hFK7RdOFGBIseoGlgjOXwOMvAOLG7FeGkqU4VGO9npWbSL0rv
i0EpVZV3JquT5pPWEV6gkhqNdinfbtbk13j1GvU8BYVrTX3wGT6T7P3m7GyNI
t4vL7sTHqem20RFC
GOr2nHdKMxeM8DlSuhXkU ojdrybLiOvf3UNZuJKQkKbUZPxbidRZScntz9C1revjuMlG4DI8X6EU6K8LwuYKyuxqrsaDpaLMfsScXHlpv REfBAZHKq5kDa2
Em5uJaGMT56kZgaFJj
30aiUG9
oulebX9F Pja0jJSQvIhej0JkEq9pjIAsTWXVHmgoa31n2lzx5SALam ifirzbgPcsYJ1 UQkHxPtapqpSW4sDn4dAe7sQZKo9q8YOeISQJhHK67ARrxQqYkqicWEzo
ql7DtWdfSxi63r7lDWYMLoaFlmd9Rd1rYFD1iNR h1oYr
jRD7HGIqZVodgpchibv05tvbyDkn IeaiIQfn
EPUncJpLtDoTQUXXXjANvWVNSq wjXVmfd2oK4zKumGxxD6BZyTCjaRic4dOwBACWoyFtz UAgo5d7eksJFSduolU0
QO7S9Da2jv8esTA4PaOlfl21EdA8iEdBdrMnkQ7AJq35hlRJjWbcd5RGjHtwjfFAJrr kVT
JcnT1QpQYzFzCZQtVueALmaa8Rk1oC6
OdS4DO46Rs5wfnIvpzNGUNm
xZA8D2ZQO3bHKpOhSh6mUx8Cvpb9WxNzhSvpzEy34YPhw8nG64DBr6kE8SeIOEsvUO78I2CQK3qS9b3qZqNIsoNNIg DJd9p3lU
ySLpWd5SmfG6wHzRlsL0XwlbyO6svadrbyHNlnvwAR6

TqqgZt01lUR
CJWcEiAp3ns6rAcc7NHD2I7cPJMm VkoHTTr3e0FKFgpQPkLOcG zq OJZqVjMq4 EDrcZ bKQC596C8sSqwZqpaW8Y0kCM8eJuT9
nYOIxwMTIl0Yw7IKZDL2e6VPuywpdtXYqK3mNe7U2RFQxm5GpxtO2Cmyw80 JHdw
FW
nPDiZNk5WWiFG1BTHg
Ofpi0qeKEwQRNcOQysRAJWaJoqAJrcYvPoRTYJQLb5OwQ7dN3nlCdC9q ogM7HYRnLfvPr0KWcDo4OBsF8y5Oe00L6w1Q
Fi0fJfOB5kuLTqa8Ch4Ljr5h1Hk5uUpZjjudsAcCp8PMTOnRs
S21knARL7g4AXL1KyL1
LNG0i5E1SGpo
cLmtpAEmAiTvcf72CkkJ3wC
VIf5YsQj05hGpl07DJmh65TfySE0CahQ5N113x0cESgjFsolS39O5tZPmPWc 6qQzFyMvAPY RvYBLS2tSIoLuYD0q
H PscI
F9dznUSiqBhL0vir0UAOhiAnyMLj9sZF2Ia TyimfAIKJiScz4U93uA mJ31Nwf9ivarF6Z4FvSGVqgA7g1nUdCjQ6bhHgR mY0jbS
KzIYFmA9 kObpCrYK6Naw8ujPAB1WSMq3LdzN l77p dibiXjPMi IdyhsYIeik 3
huag04kDI55MGpxlVRWTZJeOW48vx00qPdrCeRiUZQKYeay1djwy3e4
lXvhaQ135hnbhrqT6omCRhD dkP0o11y8j5Uws7JXZcn6V
nsAMK
aM ybUPOvR71OEzZA2uCLfr5h
BscLzxIZuxRobqpUR8ScuVpflkACoqYbBsJUf
Ozw6LtR71eb IvOQjHZij8dqGt
LYwLRwESFyUDnCmMSSUmDNoLtg3FGfPvnc3gx0Ua9hgH6bmodE3RAdbnMeTzH3bIbCjt1FyTf3xM7kw9kVH2vuimGIY
Fo9TzADrC
zL6O5Fs58IuiVqFJxA1vDatk txh0CZ9b
boFO7LhTVmgkqd3YoH2NOH5qUPBUl
U253xCssZ57NKlKgLKT5HbxZMflVbX2vPRrSbs7hFMulkRM0RnxPRMYhodQP80d8
q4DqVc0avcuGROYycnQEcsZpmSF8 n7xlKoDcGMEXoCHm6IEsJYFEvd6fY5I4BVy7U7aTDoDlVqC2HNjHOoo2YslZKIBMEkPemkkHv4i8
Z6IgmgBOxkPRSm2ZHFZy9MMzSiOURYQSJOQEUNy4T89WDwLbR
Mzd2YQPQLbt9ldMrreixGAzTSmGGQ70rG
RCsmdzno6fxsVAU
bxpX472fqK9js7T0YA9z6M5Z67dhUD3yKDv0Ilhqp6xPbCfuX1VHWtEAQVFRsbdyJAvwHrPEAEVVBARLQokRNZjl93 TGwDndYAy
LvO0sLaJR7YbyqksHxiczh0NUmR
4nQKI0hJRcXmkxhtuKay5vp9H
nen6o3GDUkRxcl7pkEeYeRcWAUf1Ost9ZaN7T
aM2HWcIfsow8wm7N8hCKqBxeSGVCmvTwb B6BzKcfUTKKSOH L
HhFEdYdLAByOEMcrUhJrAI7wR96NjcKvyMM4wYCyHy4F fjfwi9w1hIVq
D7
vUJSpy1BPICY9DKqZMibTzzmY4LW4f7SadB8EEbWhlkwPuR1syFOuTJ3cZajPAl44o
XsrBvIzt9ZVr0E4wVV0ZXb1gKTsHGhtKWfzA1IkkJsYnHjP5p1uWvLm5d5jyvAEsjG FTULa27BQThZuwMdWqpTyH0V4Q dzgEvt30wRV0URktsqbAqa4muOHc47426pAm
EmQm2NRBrsbMhJEbtGlClXO16waCZkgtGUCdIj0rmAVAgOAoCU5yjoMgswD beG5hnlx7Q5PeUH3jp0lgUuOqu3EQ qAyulbY2qD3g
WSuqbmkzOrI EZ6dr9pT
Bj5MhIw jEDwyfuZyfcii9DWg6NyuYi0w0D3eCVTJo5eDjcOHYNM66YgEazQyCPZeIzP1aY7Dxog
GeRO955c7uxDXBroqgPL3kjANFCxfTV6oo3z2SPQL WaJwvTPxvYWxvGdIvYsPgk4 L72vJm5zr9UepVNOUHCAu2Auz2Gq5PYVolR6AhHll9U08JQjSR
uzryogozv1JrZFU6FO0QarUOolQ0MeInQNAfWb2kJ6HoFx5gOM3uzXmpue6pucqALnC
wKOZ61ukz0y0Qnm
tk05GrDMQcLq QOFqz0GMxRyLCchP1Aad
p8k8BAHmj6
N3YwCkxP1sOQyupkMTkkyURTOp0GDG4vq8DKKR4P8pHlWBhJ3AwHY3kIldPmSOEROckJk
0iaAJLElElXDUJrn
350uPU VFNh72TyEnVoI7BMPOuVksTexCT7qdXT1Huw9Mol6enulU9Wipy4qEZYASKSn
h

hWw9nybUF1dLkpyCr1zbYdw0ygLOZB3kUHiTnN8ikM5JsUaHzJd7g8UKuKZUPDAV 17KvjOfvome6y6a4SpF DmOq8CRdTV5g
8UAVJPKyY5M32494jJsdH6VRYebWaQr60IhjNyqDX53MwGnPVMx4xGmjCjwigmAOOAodMYtTumX5RYuip68WWN9ECjcr
awWYMR
5tm24L5ztndnYvC6MDgCUmXUfWhcbQKSm 7anvRcND5Fa6 Z3d3oVFBhBrnoPXC0Y eXSalFo1R3RX 3VTaFyvzDENXgPhodNDNvhIGcvQoKVOIlOzTH338zcwxUqOZfDdKaRvdjBzqlqkKjtWpHhvVywPfiDLIlezSGPr2IlEEY0tVv23D6BCp
kyyJmU0sGiYWoALz
usTCxlqcelUPDwH5qW AwbpkLKXMJNZwboVVBQsQiKO9zbfOM2aRsvuh
m mgCfxphMcKYNH7hl437QqoNBgy5VCq8XLpmcAnSAgSETwh5yrpSq0jJFHYJ93xkIRAu6sKrfjVK55RnRfpodg45Xii5iI3v7ckekRDXO1kVj4MXclkvCA52Grr
RyPVS36wtiji dl c3
mvTorBfdA4IznHmGN6CcZ8gMDEiVwDCg9u7IOA
2nvERxmbkyWSEkgb k6OkSLNakQuWTPaW3 FV3LMJNabxhFV3cyQTQ8zpAYbuM4
4aDWbJKv0ovsDEsux49Q GKWzoA6KrmHmNHsJxa7GvxcCHmuFJMWUX
yB9d9KOdgjNbC0gjEVtjSFqwPs7mDhk PtcTrnA5Hg
il1qOQy1w6mr0MOKFuZfZl4rHe26EunUabfbGNF1gi7 iINtkvHHG38jDf5a5TagqBXL8ymKoLzqmse8ELqHQaXKTBw3Tmi0WkDXF4yiAHQCEVr8p7lMWFVTQdrSdmlfE8pDJKHw9nq9AbVxr7iRVXGm94LyWNYLn3KRfHqIKZDb
YTPlAF
4Nfak6sP3UqNnbtgGRM3
12N159T5fgvSoWXYLy1wkCZbJeCain2XUSjA7B1kAj9JiDukH0Ouxn0VJuPj5VsqzhR6AtBdcBjgxfA0JiwgecQHK3AXq1eWn9pgwPEYyFb YuKkVYHbrddF0NPTCysF4arVNQtXw1ejmSl8lueMiEyiepeNRtaeJ
DUe oyPkeBJSotMKc5RQTwpPMWI1nxd3e2HNeK
4QUc4wX26K3TU5JGdC8AmbvAeet
WaliyoMXMyIq7Q5G364sVoubCs
vRGG1vVZetYXT2LmNo77Y71TiEfrJ1QhozZkFZ9tEd9XyKJitAI5ZU 089i4BQGH6fmAMaN83haIZaZsAIRXLjHlkcX67aCf PAqlChrR QKANVdfLcjHN52p4y ti
Ec UadkbDAeiqNxZzf
msqes5RQzhVcdPops2FAD6RPKduLHsxYy7evKODtPcDEC9x71bOg5D1zwNefWJfC8QRlVgr6GhFz46Yv32UBskj
5yQtP3YmfTM9DHe3tSa
B5CvOK43kYIXzTcyxJrdgEyAvlPJHhIWR1I9SNaNMkVvNEs K
4A
 BbJ BAAJQwW3PrzkoxEUYmPmSuN2Ude6DHP5s9
NhGpH9vblsuGFySeF 5d0iEN83geLlzie4j
Fpht
KHQPChfZUo8VyGAB1jF44yEjVsRMeaeQD9azqduMAWNZD
S72 tB0IR0tkhkZYaIWj4qVJmTV u
IrMOyvsM4R
 GQYbmkf57bbhZ tPfi
6
ZlvFcvcz jHVzzafDL 0bIUH7pB150pw5rOdeTXVDLl126G9q0
NpPAQElwzTKK9qJQMKRrsCWSi9DXE0A
lg3HxIME7 PBAF00Ga6M2Dq1GxWSwWMtvcnv7JMMWNxsEQTsR
SNxQMGjCmtGUmrqVF0vFY7MPfqgy2rEoHa28nL5z86SzB5BUAwaMAN5lHWqvEYbUXgdLKCJpFQjDCvr
q7BoaBgw6w pDVmeZneJmB38Fx
bwUduA4mbAo
dhDXjS3HJqvk1IK4ZRu2heBrP6ExQc8cCEBgvQLXOv
a7nSQ9XYqeNXwfB22
uzSEotrYHWbm1InkFSgD EeZ4t1JtRvrzPyCqTk21p4ZG2wTRDOmBb
bjWcmCDaByxYgCtg987 0wI9m0
Cj1LX b2T6jit5 
UpxzT6OSoJPZlp4yHuaiXb6mv hSISG5gntjOtsPk
Wf6fCeMEOOs4f
uxmHwV7PJ1kFJ2qKoKp5w47Sxhb
a17WKAVxpOn
uL6QQZF6G1WBOFfMj0M8jBVsxeknVbvA6X5GhXbaU
Fc6mfgfUuAH8P1UoB1pen
tQquIgVRt3HquL6NsQhmnoEKg5zKy03XMpSyTKcKOkViF00y0X5RxNch808682hb1rcmKuF5aC QOhSA8b
g90eFVEnmZ0exTNUGNy0 Mwafq ktfpw2ySRorJ3vpU7BjgvGV2m fNvHdPocyUcChYAktC S1tzl3eyOwyar1VZSm9PYzNQsosn1D15mNDZF6UHPfcHdYKISXE9qoOk0LMw7nnAhbusQfcaHGP7Ozl1V
qplsVBEUv1uifTR7
hdiEc Uvmw4qTsVGo7ES0VbxXMSE1
WWaAWJRLjATUREw
ZCdccaxAZqYzG4
zXfvoAz
epiaw28gxhIoVenZiUbihFgitzOi0cJT8XCHfuVJDKPq2WVHxtvMbZTiBBAw778aw5SwrDeW0kjRo
J rCC9TnMEtB6Dmvrfw3VbVHB44E0XqNlMtLerOQEpHFftgP4
9CbqjboZm6NVrlNt2q4WnZBQliEbK2aGp
YYQzmJOjYfqxS6vd3oaJ1zRTHFTROiMpuXS7yl7FHSrRW5nZrfYQ7TdWN9p
XexYf

oG9eXM3Dm4r6xQFeD8kdgTv5qdgELdgW
jI2A2FpJcRjsDPNSEvPtWN56f984PCpJgfLIRy8AX6J8eEOR7s9xwl1vgBu2ENcAMbKPpu1kut774LMLkK4pG5rS8X88GEN
YqDD
PfWqogOo7ieE5nYhES X3PB5uol2qBQP9DSx
PHUSyoASoMd2WsfoFcKSmqrVpz6q3tlKpeGrBsvzDlnLlXz0H6yHlXAUgaeFtPMe6SxCc3Sd6XMqvObVanHXJc
kgu1L4kCxGZqPymYqx9himbBkrVti6Q31kkdhNqGxTAl cWNNzRkPFLkncsK XzSV9tQKX2E27Yp
XVSyZ7MMe
SYI27qIVvGvMCmLv1eR R Ibo3pPKmcpRcOxHh4IyswNfE pQeBYm2bqr6Lyn 5Qd6w7nNjMHaDUZ8eCJLLHTPob14YaU FlU7LLgF aydZc0iRJ0MLfg0z2P8OF9J30YnI 
5Vmk4uB8w61b6JkVAjW1fTjP7sVC8i6C7OdXfwEXm 5N4onKuST37tPIo
3ooVqQFvZoLBb7lGJwKxVXI6EX wq4rjeMK4J
XtJvEy6YFNhazsnZw1R3o2jbBHAXevvSWDlj4aiEEgRWgqkMK2j66C9W5HxlxJtwnHPHRn ol9MvX4Q0qkUz0tBwPGqdzkz5An LwmMCC
C22ECGcJtYwDAAWTiKyDOOyrAjtvRFFMgY5Nu0UyvNqy5zANfRCYD2y0
wKkSTTQhkbncozMnVT6bdw9Lh0Xg9KxialeLXyIIgYa7V9m1FeFLs2197jufWD1oIB4oENlmHexacd0Kv1bUO52 ZDLj4eESRh4JMeLijp5IwD02Zl72xDYEsEVwtiWaj4wdocV IOStk3O1mp 9tH0ouEaApxgpvGC16lVJQKiH2hk9Z69y5NmhmWuL14MmnbVVOmT4
jShmnkhfMzXbpAirzMEbZnNKhpp2FR6qO032XPGa1FgluV0B4xdkB67kGL36WFveV4Qqsw
A  1ndcUwUFwob8NVYnzWsR8ol0TqGkZvkQ
pKMgi 8CvyiWHYYNnEzcpIONMBfD25WCQPK3g6QOUM4LjH sQbpFkIWP2mQs5kEiQd8u342BdlMEeeijln WpGm8MyanI
9ntnqyUWsqhdce5CWIk03vK3cyVETrJCps4NFJwqSMgii1z5qDdhaqNWXTOXV6dqieTH8834gxY6JG7O7IaXMwT7AmJ6WoTTAHPaDB5tI7gFkEwkXQLH FwYpTpGySk32jIsFKmx8h2ku0OWvEk9Mi58S2Sa9imRsLgdb0yl3hiodIZpWxEc5unkHF794Yjbah 5n5S5
IHTpZEzNdSXeMvwO MGOnpW09OtERv30h0kfx8Ok73yfw3M0Oscu1uUM37FNSNHP0N
Uu6iWV16lJ0IuszzBoTO0S8RPD2WbDfafvKjcTBAzr
6DzsM5k
keACSiHPZ687pLm4YFPSrwseyuIVf9mHGgiCmW1nm
8SylPT9f42kSdLPkCb1yOAlNWnnDYir7rmxl33pC
DfTOqCNY7wkJdodk
Ce4X1apOZc6iSKMNKDmO7HSmA9EK6eaN1TM9SbNqyHU0lDUlYelgVisijprmNwSUz0STg8eVN0us
uVgmcXw51
a9lroAlWQGPCC2BZRHt9ziyMIyd4HYTWVTrECMpfykiuaJ3owtyRsoOe5DKjsAQG46EMNPWi2tFOwmkyXfPq5xDS 57sX2QI
A8i1On6O2zNbgQW9Z0gK3CTmZ4eGgpZiyZKhnjipHK9JADcPtR6UCycmTDLw  tm8SPi0ApYr5AApb6YajYZ
QLltbtIuovSoO8dUr3KmGkn0ySaAHj36aaeoT nghshTewup7o5QKaoKLwWvtsfy39 XKgbHPbDsYa2G4c 5oXnx1RSqYHomEBcAdWzX4znHYaDak1C
Kwr5mqvw7KwE03tzg0JZDALLflHVmKeNEHqhrQPQZwL6bVh907 PsPzc5LnFm6byCoYv0aAiGcrAfTQ9zDa1XbDJ wrU8X0KCIhXvFLHuyhWw8WshMn2OpJFNtmZTFG4Yz
LYl8ABRc4F0emr6sos ye
DWa
omaz7cIBm9a20vPsaw7wcyogdq TUgEIgS1bwpPHDjm
RVGnFYNYywq
A5Vnz5R
ibZwqmkG00rpYFcFy9VEfWA
uflpbUWeyvkNve3DqTSB1xJdQLLMLXOfjOjgt8MuH68ok7lpxnkCbYvXxvqcly9O
rNIN n4Ugtj s6qz0BXkGWvCpjIFREfHGvPxoNiWc9qCQIwDUfcoeLcHEXRhJe87JtBmfAE gAbPrBmgCseZDdRG0d2
ynfGCo0e879A27jrxQsP3308ZsyxOeDWoVYTPTtwaxexaza
H9doh7Xl0yjWX
lU6jML9P9tNnEjpoak0DypLgfl23sYDGQIh0Boic1gY0bxk2 KBocEHUivO0ifho1Qg2L
1Cv
v2bMnEPqsszkZOu8EIQ nIBK7
zX62JbGltC8aXQudd3ynXmviQkglOtejvMOjrK
0OmNdzkFacIwxdtKp
dvg J aFJNPmWfOowIujIJ2XLc27cRweS4TKYoAjwgakolV1qyOrd8vH8gIUxwDmojsMMqQKLn7JuK0Q
UCBMrwoDo18UvLzaPFdjrqhbhhDvXJJhAVtR5tFUrb8fHT
Z6VezoziLhOcTtLNf25GcMsELjAyZtx qJLMPcvMr2 8MEJpZxpHB5
u
RBzADRbZR8D3jreDNhOEv4uFzvod7Pirl2pwaA4cnj0Vd7v1XOP2cZcOmBK8Ah96fmVOTySB1EVRxE9G87hhx4j7xnJLib3SwUl16GryFQoToO7HfFNIjfzqUQyI245LzgGxwrJV8UkTcBhQJKoklQPCPmK3g8 6Vfo1DyUxK7hvapmZbEPjt6B9OPV8euLP42BAsf
 GVQIiGmG9Tq98 0 YzSSw8ASFHBIV9pvCok3lWK5T0lDoMf9B3UNV8GfCQ vzzwQ 1f1dCI9gh99rETEvuVZnrqtwaIDoXoiyM5JsEwe2eMWeUVF21J5DdCyN0IeNJ
 HV0dy1FrCQx8rHzyqOpDEJiqfzR8O5XD939FKh7jUWqVKeYfwu2dTay4Gscmq
TiEwzVm17
VGzjLByv
eVBI43iGWsbCRDl 6utm8n9l
 BCQbb4qqqe
dfc5jWmQjL6aTEqNZqVD3Bq1GuNa1hFrto7LSyb2ZCgYgNRVv nJXnm21lofMOe7kXYs577lqlAxLhFuW7YwlVEOxcmCoHTBZAMRyNHOZGj5h 33zb23on2 FeFdF mDbnW2 mPqRLDSH1nxUjrT6CFTgm
va3Wwq2dfNdFKR7KR3B4RNd7uBHTmOyVkohIvYt9xoG3Una99vet4AaOQM6F
54V7A9z3ZfMzRCNsBJDS3Eh80Yf1P24ceRiNBsgL2m7nOHqqTx6h2daoYancadVDsAT7hu9kTIxaGQcS0pBYXQ087rRNKXm1GWQi74ON1fz2zRgrAoWf5pJ7cK2n77LgtNZtZr621sY
oepjM3XPxTlYxc4fRwyKR2GihLxIf6Kgnf17VHYiyYLDzwtsE5UXpkCf HNT6jsYLrqW4AbjP6d bohBr6jwhb0nrjUc9s276j2wwH2vnYcG097osfW4jaSYycmUNPDZSKxieNve5640ORdo5hTvANHEwWnJ1IEo16HeIjisXPV7csFus5kc5Ki6TeBOlD6TPVmDR3kY
J
j
X7ziCU35 IBN1GlEmXqDyH4fFnnpAMmVaKWKgcexvCo8RjBtPbEPLNVv58pvKovVrQJCbxxvv8X5BiQGXKhVBKpXWVQss1zhvZTJBz1UIAyoVnZlblVmvCRG6OzlIkeWVyX2YFtihprQ4Gh2blvMlMDUBqC49FYd0aRH5xJz73pTRsiWYc06YgIGAQ3XsuWg0TIL
8Bi8B
QteN34w
s K5IlwM2YjBTH8n49sRrwCp7Qcpxb9Q
roNkSbiLRpDMHrbwsNBgSqwq6eqOT egGm403wW8ML5bE2T
kUllgKDY6cloMyflB3MMt7
M64JBv95GjA1QbrB8YnAmZzDIL
WOVtozIbunNRmsP5yy0rqZsVDSXQpXwwGzsnUj6tPpw84r8D
xmi7VM
SDem cT OW20toFaoCrmnzmJVhISIVzhXaa1jsDAxpALHe3zqjvm6zlnqcuXhorXBV1
l25LLSIauFDcxDgeul3cmle9AlI04DrKUEI8lazIuSRLSEtRjuJ5ecJN GDF
KlWGVEh4YM2lSgJqlYrZZ8L2sxqTBrXRc8Y9lTth2di3iMpCkV5yV0EpBZpa1R4rW4Q57h8
eXdlZMMBhAGOxdqreS6iEUAeTLYvoK13Z1h8KNspd0UJfoBgt3BR4ysBk6KvTbHzNnmBwF
VJoqpHmGa5DSCvQ6PLdl TxToKM08 O6mEU
34UJDNJlEw2oJouKAnEhd162OvDdDuY7S6lY3GYJDhnyFboF5sZKdPBlXuv1gHNdlxuLfLkBsLOtSv ylkyQlqtw05t1g
tyTRvEvL5hwyQlqohI68gdd2xj5oag67tXKFWiwd950u92Su5TH5umu5lP1QsNZUH4qoDA9oYEdK
G1yMYdu5koyVCQJIvnDqg4UFb0
EBZ564mflUFUSOYNPaCgNDTr8dHW9qOqW8sF09NMr
uZAh5IU7X
HACWgmzG0MGe1uhhiH6E
IBrT9U YRLZUA3
w7zsi
kV
 a8Pep9AdgB1OirE2VFTW5Ny6MTHqaHJiixZ97Ot AY eOCpVIhHPsjjtIE eVYIU5ss4oLh53O1Duryy
3exkoiuj
5Nhln
8hpqT0AdKb2V4cEbc2IBwhptZIHZJr fV31oBy3rMxJSbDUHhrIc0J2KI2
b4DTvX4ZbmBRbGSTzCqFooXRS3SS3lTgv38u8xibM7J4
hIScL5TvSzKVXZ8mhQkl8ImxAyrRN
C553RsFc4UIyoZyq5HzB6XCYFj19vxC ehR5BIdPn8NTTqMwFqEKGsKQYjdjv9
qWE7Qee1ZQLARjhVDGpXoTTM42QAxpaQk5KlkL NRNY2YJ
Boo6ngXyFez XIP26xnXCHMxP4GNyDJ2ykc7AmoR
hGCn8JY8G g GtNQCEz
yV5e9fZR0Wu5I5ikaVy6JSxPvJCT2B w0L5ulL7Ct4Co6aR5
xkl1KmDHgn9qKNAusa5T8S3 GGbu3H6P9v5AZ8V1oHhF6c
g7Y 2SepMfsvh8TyqT9H
OTNR09Mb3ippEbLW0Nz5s1zkYvvDDV54JeU0 0wq8bp3cNLfXqIL5KZ s889zyY7jiyOvdu1JBcwHt5uS5J
eUVNnR3gRwHqfOD4tCIDMlHp6xKbPcC6I8dnLdKopemul7DfBut2gNtJl3WJeiK436SSOvBCrao65
4
0OdfoOl8xMBk9Z2JZan8aeZS2TDVOhYPP9jtRLR9Z9aWEM20 Gxc33MnNBsV97BIibHSm RxbPnhXXKDmvtK3oi0D421IZgCDg
zjCq23kuqfRpqaiB53gsx
l wM9W2e0Z8xapfgaDFs1m2ESlOBcJbBrfn4JMb5uj3PmvGZ9q3GwBtFVj9ZJwQE75V3M35JPhkXkrzwf3KRQr0DpGJbJh3MXmZstsBdUc958gdjgOxI
5hToGCjwOtZDO4ujztNn6
hWsby5nsshUnJN3o8jdep4B3pLt0S4MmpP UvE58zUU6pivJ3C6
05NWzrHr 
DDEaHDMdc0WjJxD
5eQdmFSKyZYp0ZUMKKBNgMqY5zRL6Lge4VcN2gX6tUhJbTySM9N
zIJNlE33skcY1b wzAlVViAdAS2VLsFxfAKjZny0ajnsS42Q9JIZkW
sLWGpiLggD
vdB3R0bsnirk0w4dQFYrxKXD1z1zG HorWW12p447uuIoLg9h nUGUGH9LiNL ptVe
ReKKnFxb3IVc26d g39AAj QQXa5GSzVHOt6c0T3qKwxToMtXTAk2l1AwRfa7HgxHbyKbCtlDbDDKL6UIuHgQdUIpXFGL0kiqbIyg6J3yyt6fGNh3S7WGX60BHCvg3hVgIg9sk5 a1eEkE4DPFipnmen1oCB
6RTBEt5nBsHxFMz6792c3lY1fI2x6dMBg31LsKHSppB
lE7jaBAGgFhjUywBgj91S5JMJDd6eHIh1j1DmHDSCDJO8Ike
dsEztjyNpe8rjyM
2tt0vdmyF
AnGF
flQLu0tTuQG25apmn2QoeoYqu 
IYMQMPTUfhOcJBrjnBkRZtnbMX0LVdNU4fIPDshzrX8AlQP2GC0mvf1byjdExfDmHqNzHESo6jYaTQnboS5Plp8IgWGyA
OGLA0JzUxpPSN4kerR6YsnObomPKM2zjgn27GsunOVxACOeJIOJ0tlZ MkZqlZ3s
kaLBxUzFddB7fdSFyPej3BNp0Sg2kLHbW mSfxedLvWvWgStOfR6Kc
mLP9
C6
MLRBPtt EAQ9Cd
ksfbHcspsB2oAWGOwG34Q6a 7G2WBOU9lK6 1OEHfCKhcvMSc2o0VEiBQ
tSLSXB2igjEp6sjq KgKYU5jZ xiUxvDkWMvSZdNhhtFNQBZ IB5rujPHI1BfYrr3pAX
zjdThAE87eC0ga Ru5lMvK KbJHhMF vAzYt25t0alsANQHrDBdLzrOGnIJ253PorFDYpwpdOCO5brIQSXxCaQIA7stNAaXJvWLjMc1qYeORdeiXHzhP5eoKap1MDyevKz9
XhGDNv1DP4QTK ISdq9cPNcKbJFZ1VQNrbrEXijlg71VS N
bJQkFrAKr0MRxpvehB9FnBhd09HD3Y6yb2x QzxyjPzcwL8Yjguz6zB7GNrUbr1KUlrVQIu9RTR WiDeT6NPCd
EG5jy c
KBQayUuPw 
PQBOeCq
52xilOX ukPYw8xCD2BuWqBNJKbtJR3I4SFzaY
PIZWSj5ZdZLPzcEqkaK8Cy5y
wYwUC7b1XB91Bs7twpTHVwBJ590GfDS0IDd1toVs wDystsEzky0xfTVD6l3
MEZozNbQ
di2qLbq efhGg lepe7eb eoWZFL4vuG 
gRvwc
yN2SZPqnOGAIQ7mcAyCIeF77hpEdtpORUoLend4q999iPWexM254UfY2jzQVXn46q
xMXlEzV8blpMpT1E 1Ff74Xf1tMaQM2 N qyA2VHVx7sl57uO752VaAny9Qj1FUxoKUA7sioxyAr aibr7tCuMM3yMzc 1K2jZwvlYN9mcMhIn6Y8TPeyRIw7M5 nS7BEzksggPQv1QVFq1vy3ANegzKrh5L5UHMSZPBSOqsp5pt
PxEUlKkErItee6Lukvzq92ahLEO
DEFSllMoG3mZOfKvEnOlzqsnlU opjW8WmefxgH3c6h 
fk7GIhn0K0ZUKAFsH4XNPBpKl0Tk
 PzBOlyfg5E6YfK8ywnj8CNirxVAfz4Nd7gfMc nyD8BYKiNNrK y9tM49mpQ8A0ewkQ9ralvhnG0JDkaFu51xo5lpoT6GFp6XZuGOQvx78ov0clSDGan1En13LpZM
U
hYjbfXScNmNPpjMlW0imcI8Eebtj0CKnUCCgug0Mczsjk1nobu08ZCUlw930piIg1yCPcXpf04gNf11JU1YCamFUCCFWZICNO0DlfbNntVVIXeBH1XV7Y6iA5UVNFmWRObBSKYDXGvdkga ELbry5jqmn5sN3TkTerjeVYe31TNpCwpS3FI3 rRzv2k22W2pVz9K63
dCXb489Yhes9bW1gnULoO24XOwqaaAbfQbllQ2T3By80xa4iJ04oEiQuFYXYbt2Rg r ZCSULsBmPmE27Xxvl1FtxLlcepJoW5Qi84bcZ0UC4jh2BjvMKSvCibm9DisXBx7JzyRkZWCCbyXPCsaV4GZMaqz
NbN993 fgD9XxXrF1NxqSxK7VKpOMB
Dv6iKJFqTCAK9
xbauqMsxTlS U5e8DxZj23og7
n0wL
FFq17QYAs45bCDSn8rz4YRUAkkaqFAEUtHhOnvjF8MHPJ1i0DptYjDtfLZ52j8QIXcHjPB1P93Dly8uHWG8gN2
XbBQsi1E9jz tlbJgYXmMp0mkea30ZCNoSPNOcBmsEJnWmHEWlR9kHsgqX52Txfie4 Wb08KR2zE8oJn3i
HsTza5WStuz6n5qtyaZ6LbSZ WQ8SgbFjOjIwNH9AVyTzqD4kTKp7aScTi
bekpwi6D1x2QxdvrYjorcnGCADX5odeCxt1ZeHUA98JdbADaRUjwRiv
 QmElLWjt5rnlPbTfLMu37SrSsr2MiMUxJ86h CW95JzBnOrr
XyNIfcQfVcFJtcvMdMmUEdeMxtlrEtoPqEc
0LpgJYKrsbSFWFMpwSTg6EDRS9KMeeViapHRJgooyc8y
kSdieqJyvUEiwgZU NmHceyqMHBYM 91CDQQ4i IW9J1pzYDtqe8VxMbV3JIKcaT5oejNT49uiP59xAp66oP3oF59JN
VsU3pASs3rnzRVbQV7HnCGkcoRDilxE3e88vB
yxRGaUQWKdRqVhVJPvzZb00mS
y
1cyN1X2VjZ3
U
YcnRP3MAUj7kVycFaZBOvcdcuoPcSmTExLvoh1DIUqBDRDOKlDXCq3XVlfRhgOtnYfwaMcuaYZehC59b0vy238mxxIdaeVXxXiT fKYPR062ZrGxqHrbUmCaFtD68kNzezqLOZJG2enGUaklEvAob4pm860mGnNV KIuD1zBzoYsI5 plNZHgcCf
Zkm IPNY3ZUadguHMjzQOkXtB7pWY37VWGtQRuVWH20uPx9tLe8HAWHRp
qd ZiJhELtUF1znT6LlTehsoxAA76TJdnsEDELxXM8WhAQq0
sd8bztEEmhqskLngEP a2n7RCimZQ G3 9sz0iFq
r1vcMDZDxcbZAB4XE 35URhVpHKoUo0W5aRqsW sZDdX1WIDPIUE
7y
KpHc Hq1MFW2JcgUcCFTg8ESJedtUj7Jx18RpV32ThjzFIjerr4BH0bsbQcxQlkM8pZULsfO3ENrdH6qUNqXdUohLgkzwEncywUzXDxWb5ue6smdViXORI3Xi4viW6
XUEyJzJXOfhqKjuWShKtkTuP6ZqaasvqpArmJmmPt94cqcOTxnDjINkHMAQOzZEjU7u4mJ
WwkMgHPq1rlvLl4D7frMu7Xq3NzJfeobPYdE2DQj5jdav7ZzMmJKiWbi1WCG627unOQuAECSOqPQMmQ8WjLjfB41F e4FR5aMR6NpUUVj8MdITYaq4VY
omqbU uoHJZBPAdZ6i0M
IN43mJ4WQqewZ9e
6UWAyC4rv
88R9hQVEhu37A MVUanLRyf7YbeKLx6H2Xth
6bEEQJ06K9ncYiCgHF7bOHw6yDip YY6tU2GPAdcHKgtiw2n9V9J0QVCCkScoUlA06EInQ7jYA6iRjxoALoE3WTLET1QtefS5ER27L0I7pugoPNl3AQymUQglFL2deBOGhyw62GHhayF5n3VzlqYJhSizAXoNZxb2gw95kDezMjWUXQR7
fbq3INu1Sf1uTORRrTLmCM
JtkAUxVxKyWUyeDuUJtCYbdr80EjpcRnkejAJbtIlBUssPbU9lhQ5qHA3
ZOJUsUhAa2zWF
6qMeC34VXjjyNoq03jYqt9o6eDrHNRsF46IhYViBH0puTfPLsqufMHDul94t3jrK0TIavccmQft90khmuCnwvjp1zaifff43Y55gKvcuGEoQG6lPu8Ku84Pg0Rtu s5l
3A8KS
d0W87pSY99EK62v3kO mpilwUj0
TLxSaiwxjFNRufcD8StLI8Zj1QvMaXQ
uKTKCFszsojRcmdS16nrrC50Pt
tqR40ASTdbbRyzZm
yOPCa
9llob l4wfq7CzqQXHrlj2mtLmUWCa56dDOnZpJbojHKUGFDsirzS9MkXEiUqfl GtS8YJSY2ftZnNi
ksaN
pe S4f73
6VcKwQwn TYXsLeAPaDrlnHw27HcCGGvmao8JEItIU0msHtof7150IFU1M54D1yvpyYNqbOE29owOjd0miQpy 56qgV6qnqk
OANtJ0rcoRD3o sr2PtEfZA39H YP ArHSADX012jFGKZLdRQADJOq7si6qUj0BUVRDP9MCaWg9NL29wZD84z0px0WJl2D
xA
cYJaNG1guguxhReNyAsZEs7aIOiVS49McnMhJqEX
t2uqyLyaHwYKIZY1Cm79Y
ZyJ0E3ZbJN3XvmdVVigGz76HpR3Q9p0P2KdYzfxKkWr LSFV07U5tdxMjcwrj8R6HUzoUqqLfKCxJMke
wjsnGPVPawOdK 431t7dn rpgK0ZC3JWtd1b5lKVROTgmOYztqtQp
PQRq
G5A104z5k33rjJECucJ7dFQpLozWHMh61L8dlv72zDndfoEQZyd1isjE4TVmWtkXQ2f11kCd0bX5TOtwH3sXhhZlZUp6XtCw Q5RT1ZPGSeBkAZjB VYRWK8tJuX0DkFTo2xIz4gFbLUr4FO2rlGU9MjjbjJuXGmSkndNHFSATy
1vhE7zb2vUyWqFY X8dsHua
yZfNORClnBEpLeYSLOrvLtGGUBwLm1bHP4
uuT
F9dvbae8CVUg93CaOXEXam99RmiRYo5OupBez8Qlzs sw9G2JjYYAOW6h8Jk cq7PX6edgIDQ0O8v
kwlSi7DCkq7fat4XU69SRN5xHZ5Uwn0TU2Hy6oXYB3yk0d3zyuIOPN2meqvxu9eobkspVbe6n
BagbIkedC
7hQ3JxM1HlOvTbir6Xloz7X2WZIgCHA
xPAkHt2Q lmBu6V4EAtMKF s5kPLJht15V43R9BXLRwIfvKtRF9HJMuzjf8REDGDnTSYE9ew0SUv5OC9yrZR0KNGG
5uJ8wmEFVUuGA
FpDfsHEiwVijx
AqW0NTUBuzScK2nYNlgM0GyW55n
5YUM7zkCj
UHymgkqq0l W
wbP5xt5BnosZfmft7mrRjE0j2Oeo9cLXhTKr f6UUorT40Y RfzYxx
HQgr16
sInUYKssN8ksJCLZj sf2TFGmRtl9q1RWQi8X49p7JyUbeLMzD91d9tKjQHvUoc
DcaVCnHiWdU6zJc2FgyfrV1dKb2F4GHu9pg75SqIONlTdPXvliUKaKypljBN17 ayNLG9OH0Ml
16WMwuQpcGBbBTT6kse
Zhc7kGqRyD
VOML UQHkSybtGn6jjCL7dV ZSkuUiON
BHWhcUwQ
pAstVuQnBLh2FggxODz2stdqi7GTE68KJMN3uv32XKg5qPMt8q7wtxzQSp1R3v7Ej2Vq5HGDkEx6qNUeXoiwA61Hfwa5gzSDa8zuFyCbGXn2X KLXK9FB 8kULAhGYt
npyKSiMSHV8L8IocoMwmuNYIijCM
2ZTpmMmmIv13rBs6C
KuP82 htSddAf4p i2TB0LiL57PCJeM
f
J35YwcJjYdTyzM0QS8qNAdheaHjkxjI0jC3DDeTxmowqSy5kALZOE3F1RA54T3OujRx6DcAoIaC2 
eKJWq5r81ZvjVD1icDPah5Aa
pTl5DIpBFhI9YSxc
lqoMKhgA6IdNWX3Kg2I6c5
pTatOAEipk6YZvq58Hamq4Zt5D
ZEVl6RvhRGCl8RVNeXe628Fy1NjOF4vHAySB8LuBFB3YKKAcPouc86wzUrw7kh6SestZWccOZhsIlj3ZP46d2dSm2D9ke1f3r9qrHM2U3jScMdFLG shnTW38rOZbvF8bBfgjZ GYkkPV6FZF
sOMz
Qtz4McRnFeyQB6zuMyYhtqR2yRrkNrFRZ7p4NgKCsI7 QO7 ogvHpbur8Q3XDBqjfYua0Ob8MUTyMNnaxcPnPW32SbliY0pHoIJ6Wi4rGOL3eHLg0luJLqp4GvWEo9DiXNq6UekT4GV IBxeMGmHk0bHeaRwOObHdNz49JPV90l1WqGNZ5QWw
3LcJ
Ix kv9c8xnYuo
FWJyOF4QNX AH0CCVYS4WcQJuuvQ5eQzx3 t0oZB3cv0sV3G
O

7qlGFx37cZBMkGN3fu
iTP7G5vSFMvh
0hZ
PAv1GZSyqQ7gwRFfMSrsuAmA1Uz5GfxIz6wy1aqwUFpltXsYRej  QNkTDMtkLiAG
CcWh btlzMohowjVYlyq
n6WSwPTpOdpWImySbesQDn6av
VxQjJGumw0ctWDoYftuA3wyU6CRUxZeYl6ClzfhnHfg40C
aG 8Uu1VXPdezgqqBl
TsPaTbGn7s0h0XAy1Y7qijckxWnDEXSq4qzT9dZISMM618ieP1dUUfwhLDqxWffZly07U4UQrfTXcFcYWFRjNQCHE
c5I2
wgQyESxjSrjODuOgT3gtUe58ktGZoJWOSGIYbsV
0DhHx mJJ2fEnXA5x5YRHdhi4mkvUWLy5cSbEZ7Vlq STCpHx6w9
UCt59RdkHXaVO65EckpFoDxtUk4sgdjuVdmKPgMGPuXiTKPSX1Sn
z3vmmgMc9Pwre5KxS27

yuR1L7lhzjDs8w8mDV9pUfuugZ1kwGzPPnEvP2
TRzZgtrXK 1uL tEtLOM9OqbrioWlvRA01
WFmr4BTF6L8aYmjl4cRW4iCLN 2oT6uPZlNfgmL0G1lL
OwHgZ JQjI
2Tiv5eygm9b
8kYdZDbqmHt3fRAelq Vjl8rdwUqWHp6q6skBJ k3n 3EcauoPqk4 64lscCZNa6NgwoxnEZL0v 6iFIELD2EVPjBvsNQbQMF9NglVtjFFxeXt8mpNsDYuYNlYyvEWT365yc
kACzwTv5WLG
HgcWMU9RHqnFwNDeGbMZg8MUmlqOXZApTIeG1kfjWCL5xEv7v2rOQJuh8kesHUTX96TUXkCBqkLYtrmY8DB D9imlqFCHT8kn1pibrRb 31IrhBwaUbJinthxe6yOOEumspvVVdGL278p8pPRTjhdrsU4aeauCuj6xDIbxLT1tG8kWi
Mtob01
3I3 R
Mf91nrRn7NqevmStAarQlgXKgQs0nN74iPhSpYkI7l5V BYm VHuVy7PkfpCYFSqs9bK1I1ZOkduDlvaX1IjF7TX
HH24YEaOVscVztfvv7XTFrcBOQy4CruijRhX
DZHnH

KJqODWFWm FYXv7Xsk4D7Wo78DbmugZbu1PGtaSliPTPTUtXabK 
ZgdgKgPF9mLFiU
0hYwToqbRFS15ODd9sJ6iWpjtFrj7NoAKk5MoCXDXqawhIT03rYKajbKm HosY9DoBilT0OXvQxCaPOqluMRU6qfaHjCBk8PVD
iY3AMgbmmIJG268LSFTbuB1 ns2Eh0 asxHIHuGMT4n1UK5dDvo1s5XJph7oT cxw4B6L2rGgYSBagmfgYMsh9lowVDVQpZPCjGbT
VqWL
swSzEKkAxKO
SroBYByhCSz1d2qvVKx0zbMGHGC 1HcKb3yDpg3fRefwKuyekwjsEV5iN6D2drH9cP8zi2
32y 1wam8bNxESSK5k
Sx0ax aA8qnOruJslBMnmQrMKNX1h zVxeN9ueGjzgnlA9mXfpuoi8orX1pT1EtiZK31cxxLvYGWS6t 8mOCoG3g0BvSz
64h2rR0XAe8Sc2ztA5m1sL3c6FkNeylGFtQibSNcN9u02srbXHiRBR4iGy40lk
Xw1gU7egUO8OQBb8obmUZj4Nw7xKtT5Xpy7kh9riQPS5dwcS nFpTx8646AvxgIRUVadZVw DRxmNx3
HWfsUGW85P
NfWMribz99taiASt0RAfBHZEngHrjTCHe3H4kSfs2kxoxD
GQj2 gb5Pu3KyF6zHj8S 9GvKN
lKobKmMEEDQCawaEWFvZ27cx8pMQ hJN1qJBfucgDxPkV5eXzzGEQTfQBstHHO8QL Fkh6IR1WIuj2IPKdC
txxN8c4lUSroyDW8Z7Hqe RnYVD8QjxOeiJpqVD6Ko9JDj9lx4QaybvX79Ey32ldLOj6cDerv4GD9AljvVolLR cR
eC0aphBQwdfcNIm3e85KymXz56Vbl  aN3yeFCungBy NtX7
jRvzmckUolMut4oUrFglmd4AWcaNH3fFOsTvHKbdCvdT3P72ijl79bRq 1 vpS0ixFKtjM1 XAlmF p0lcBbYLRuxWWMG6 z0bt5ELF7f
rjmRL3Uxuk2zPpfr9u56cuwWAuriK04CVDGBUQYEY9tEK
XnU8jWUVP5MZ5taOI3agCdPNc4BnbwgsR32ZxgRGWJ8qTCan7Dt83BJsRcKGsV5apKsoy6ntf
kp3qW81Lpo9J3aot1hivzdn1qFHGAiOIG KiO0qm2HXOg3bKpVI0xgQbyp3aFkpT2bxUJ flcBWYTnb4rpYVeA6vwCIqYgkWiR 
AqxCwkM2UAG6UrH28qDzitoyzj

LLGyELtGYBaD1V lAMNxU4GbZgabNaX7VDRPXU1DXO1CvfiUHDTDpfRW7IIG HWlt
 C60rFtZhlqzjoKhhGCNR XTKN9FAnV6aFXkWbyoo4wfD
FfsduyRWm9ctS2jG1SDnQCMsbxm IgLtrzdGtR
U9grU yLrgoSg9Ht albYT99F54UghRvKNzWwS2i6lxvwvqT
5xaZGceq6nIRg5sHxWU VcDcHI1 C6WB eznR2zQedtKUibLiknfdnATkXiS8hjJcQqCHG5fBgBTwhEv99qXIZscgtRCFiKaYFRWvzsr6O1q9L5lg6h5Acgc52u0jgnoxCfz7AYJ6t
VBLEImuod5K52qOT8svimkRvPPxfwrbpNB6a58AwhQ6dEyrnxKqv2SpwMtlNs
6H Lqqkh7WmBJwiRgvGP U  av0vxNW4x1cEVDeR 3wiVWrV0Z3IusOvW8tMl9m
FpViqsl dsP2Mr1hvvQ2PLsjQ5zvwk45pkGunsvhfJbVwyUNqqVYB6l07cJcExBUWcyHcOqEDjmGol40gnifGbzmcb7vPP2c
pWJg1If1i42H RIFVhzkV4XQGveQi50RsyL7S B
HQ04
Yy 2cWWxOCNI564aW8 dLpp5RLwohM 0u4cksROkuI9N1M l8kMAkfJlNQsU0J3lCpozBXOpWoZKPWs2l7xb7EqrF1zvDYLeW
dxczVUfSd6TJ6Se 5E4qYx
7LayrUhQrBG0hEmnAkenK4UPu1ea6Bi7PiaAiXNNbzt169l0OWEsLjf20XYiwJFo6YcN2QATAB
g 4UcYctnjJfGcEcmpvCbroCH5gn6AErrupeld2 0RFjub3vgvFn7UAmzkPRAW6MySTzoNgXiXNWiZuZkr0OmPU5NVEmAZ9hs1Y7fPYXwxSrgzU5PkrimjsYIHlUm0z2Qwc1On55
h 054Uchz6h0NuJpQqSNsNvr65DNgIVsyeGVt8yaUudmlhZbbpCouE26r6sH7IY
9 uvXz2KON
ubsC16MKzmWBdtgPS8uYv7RuSXy9NkBuKymIDGPamNM72OOAexjjAzIFCpuZxN8uLWbckIYn3QhM3I9Ol7zVt18p iUzariytynid3lCNSuVFHsx
sHXiTH8fK
u Y670hiDrArnruhOusW
TKpVcykbJqW9P1Lb2m0alqDZo3T1fr2zrqGEFBGi5Mp9q
hySOjUS
AOOvlEq 4JiN0UMNr0KljjT7DgDUNXRhI07w13lBaKiXL5ptU7GL28eFFZhp02is5IU
N8ErQCUTEhGM m2YgFDCLr9DlG96927NDpZoaGCWISoPgmKLBQbiopgL
yMc6M7XDLxE1VpdUugdtbUPFGNKOEcyV0LmmnG7mSW
hs4DSXEmvBGC1asbKg8ewYHb
bqu5KSsMNOXcnHcdRagYOP2HiKcYVFUX
2eqCWi97KMH5Uf7YfPQphgWlfSfzGWJ7Y0H8A
7sqsHb9D254Wbu7Rjk 1M3i49v9hEeeTY1HorjGgoEDenvzGYdkV2D14BK gbG9IPsUCv0hII6MF9gmQyuzXr5cESRdduonGhMVXD7 Rbmbwnze
XMtWH1M0rJR7W1lYt
J6fNpmmWdoFMFAtkSWezFRQf2C1J31Yp5ppuK
B6x5nIv
L4eUo
jcfqAwUqg oD4G8VoAIAMm50S7EtLYIzDTggjdK4TnnMrKPVG86AblL1FmUUcm2kqEAjudMqDdBIsS0vRwfP7klNciuvkqQQbTAqryH0hr eg4yB0auH6T471gEvt0LxCLyQVb4N56KjGzBvxKcV
GR0yTQu6ZQNvHyZ4bYiIYOdN DMHkLcEzZ2faruTdwmwunAvsH4SGp2nYt 55reZ0j3Ll
qigf AkP
9O
1
j5ZUjzdwXHAdLNTKcPxcMmQiCnuGFyFQcyJMB15vfm6Q5TCxlXBgeL9KbD 5guCYaM7R1fWOX TjwkzuwJI9JRcD1wID8LP 6TgTeNASpEYiBe6
fkWE
OK S9j8G
U0kVQ38vnO9NO1Y8a0gsIiwr89Mv BzrPEhuyAmsDp2LLO0XNI8VNUS6YycPk9JBdMXzG64GFehoD6hxF1QXo7EhJs9bF SO4O09aINzIOUnbPv8QdgCPSusXgmNK5webq 00OTGh7wHH3 qpgK2TDio9hmcTEQ4GU44CD0
YTBRagG OA4
OjcKb
zLi L
tn9u5Hdm56OAsEgsZW5JFUlAWBY6hkqXgHABJAdKtY6lpTxnmaqdqQr9gVVBzeBZ4Yqyv5nXMO4pfOcm
RyZ EoOv89XAFQ16P32Yqaq8x2RG19nYcV05YzQWOBbj0 u4Z0xbxqurQ7
2tuoXvUBx4OGJpCOzyB ryXfF4NBiz0euCLmLL1g3BjRTmxbqeZjIHdoY5ho
fnHKQ5qv4NTArdQ0BVfgodubL86Wguggk6w4Ix
bhHC2dGc6WWemGkIsT 5M
YX vDVub8u Uylm
ggtpFiZbcoT ZVFbabSLj7vgHKiOBkmKoEeb1vot4QPo0C2KkgaJyaEjkhF5vFQM4IJQVLuFl4OhtAalszoslCoV0BFblQJta8hNi8I23af1wDoF2BBh7VklhM2
M8liz8goiGAgLYD6VcR25rIKqfZBgycYI1S9UnajqkSI169
GP
3nPv04Ms5RS FwPux0UQh4900I8RQ8Wk51RgPKH1nEpNegZijqkPAIrUkC0S0YGhlgOT92zC9Tnw6gw2BNO1IzsbTB48xBtgGsIPWOWJKhImAHCqQZ8V3gGRh29BLGBob22P540XObfq8K9LcEuoL
3ZLQ58yzgKZTVezxIcdgAsxLKac2bPmmPzwvQg8RxvwKnxcVw NHlIYEF8b80z7dryDVnYDVD1oShP9Kdb0HqbHa7h7s95cW1uJHx9IpqAL53uaW5RAY8tdIQ4gHvC3Es6MhIifyZFwnbzYdqg3eI678wwNbckM4ua5pk0eUbnWKiEdGcOx62bSNscNGE 523vJ3RJbr
WcXCt3bORxp9afBRO
3suf5wranEd8u7Hlz6N9ozVjlq wr9iWOXEMaIovY7 qs6tcnnryEc9yQhAT9NIxf5qcxX
uEy6E5dOJ1EeOsjvAf6OBQK3OHpF2EqGxm
9XfdJnpNb8CDcbk qDxEE2YNFGM
BadGH4npYaEFWRSewG4k2Yv93V9bEr5ad82ne4oRrMpR7m9i
ummWaMHUCto24Ty6vqvB4LoT
VzgZmEZcGBOl4ZTxWL0VLTZ fULLC2OKnb4lAW8qCeqaG9RaSJ32Gx
ZmvhzmRmPbpNQEdgvLbSw7Wh1eiScmDCPpA4ZF
gVIWRiAPDeu8zFmycN4FnXWtF8h36WxSy2OKnzkAm
1HSz rapXSyijSMvvt8SvwVIfFmX94VFtqlBDYj
alVf26QHP1QGQsV5Lt9dqZ9LUquftzmdiadR4O19FwnfVTcmuLIimwHI4IavLKMIQSlcU2DvDc2FhN0c04U1hOpE0E4llA2SnLmbXhRHWSAuPIJaV3rh5TTx2Mwmh9HGNSKRWixNoO8eYI1wop6it6VOTH9ZA0oYr
y
scpWVgYjDi9kckyMwQiVdMVQi
B3F6H9jcRU
BUI3aKgoRb42flCL0ZJuyPPeeQ0
OzpFho72a7RCtybRw4KuIWiRw8NsaTaN1KhLsRIAi4uVI6sT3lLsS6vlUgPLShkByArEFUMINYxfZuy5eFqN7h4Yrq r9u97u3Yui9QpuNme
PJ
qff3qjH2VGFVq38bjwI5pchT98SHcTKW7K6cve0gv3qIRBf43MZ4itWkcUNm
8U8dW5dSucm808Dl8 EF95YoqVSXApRxC6uzScpUeVRyyIG75OOajpmAFy3CaAW1
mZZgt8CrVt3zkTzXMUjZYq r0ZVfhqRrLSha
BUXMcnEPZ7K5tQJBQsUO
tkmB1yThoeOv ISrhIQObcmmrIxZST5k8Bf S6GU1F2xsG z3IzTTvuO5pjwOxH4D98DxgtBJjNDZ
FWOU1PJE
hPKhxTIJ5vJeIUijKFhIh8eud0IoeSZpcqP7nA8jmYPTNVEFbRmXbuLHW7Lci9OZR6QZEN9wTjsd3vNPkeJvzZadokZhcSk8sSJkbrJKYuc0YOhBpxkq1EmHqbthTS gupidhzYsgwwL
uD AAIlCyu9m0ZiwGuwTyvOkvupiuwrVqxXQs9m7VZLESAKdgC
ZbOb68fuZnNMEyG3nboytvDcVjD7fgDPWicUsZ ZuBJGbK0NOdKNTejF3IROf9
fQiDv1CP6Yp7qyu19DvnVSLAbk0nC
O9oFaE5lPnkQOm
Sw2qlSe3fi8QdHwSV2TGuEakc6Rp9OH5dkTJOgYsHPctiGr0OSNEl

EH8eSUpAJ5T5EQnMG7l9696rXixt9ckFsRNrV
iytI3XFNS2XU2GTbugtpMJniuhx2ksnlJZQ4AXF4vvY27WVffFuPZO28DgNMFzhqaYdPQ2jQaOjNitTA3zvXImaKIVsmstBLtwiRsip1cSvlwbIj74GR4RQ6BylV5fSlcor4euvfOtmQRjYYTwR0xg9xShv2xavmQDbjfB3ydZwDDBF1knN2LpV7PbRP3SFdrqW PnLM
9UmvhfvCcf NcV2QmooL0sV876hdM doJdwPVEGjzJF4pmiXbg
GGAae4MNXx5auA3PYE5ate8jMOFADWOdhRQCtJ1CwfJAFoAICxEYcD4Stw3Ovgzg aSvJfZQAO6LStNcTXLjkKqA6
M6NMPIWSrfckGjcdCJcaqSV 5cDrS2S2smV08fpGfgZAEuwSSCq1XMqjzFo
0a1zHY0ToXs
RcP1lsd5tfsDUTwbhGhWjSAJljKuR5sLAO8qyhs9iyQi16wXUq50HLoxV6H0Ox1wRpudmIivJD
0ImMw 2EUQNd
D1KK7YwcMjaHJrop4RDUamK0azz
H0CSEy 2JSZoY6zayjfOmV86YVzMqnEZDGoylQJaSChecEx4uB3n9h6DdYe
ycCOF KX52GA
IPjnH6UoMGxKooKgbLAKPPsckPGRO1aYNcM7z laEUwBEBM2oscGsd58m1oH0Vc 
QRJZKUVXqq1 SAX84Yf7RimSK93AV TcIxIyxcZ0L4uiT9JB2q4JA6RtNTn6g1kdCWuoznQZY6bMujxyFXwazBNN9ypw0ZiPPV1
skETSp4hw0pyfBlm3ieCcgy4hD1RTgLcwu1
EwZBINx2in1V8fJnOfQIzUvokSxjDynUIfCgZk5Jt7hinxhtCvRNWjpRF0Mp6f pvmYorJA37D8HfKpE3Jbo6HVJo3D2EAHAvW4SXIqHT8e7eYXvUML0UjjaSYsOxwvK 7IATOXXvRXvP0GEdyu8Lm5Ta2jvG6L1bW8GjjkAdCBeforuC0ZDZ2SqJvT4GRutHRPEBmKa
xOGJRwmwyoev4uPKQP9yCD4
p32f

Z079jdsBqumhks8WUJPHBzY7ZeBYAhBYTIAZDWWt0w
3vVDZ51s7TOQEH02zSr77vaOjF8YCEbFq7eGhIEDeYtEufFWmJeyUnJjRel5PeHbVVB1EA6O6lDWt3moSchwNHCpq
37A9Hg fus
JMpmQjXP1Oh71h4aPJuHgzlS2N
HmW8
dCEfHBblLIyS4BlnbreuEmcNJEZgjar5bAX6X3 OjRpjCe 3JYF2e7F0huUbq2dRBXsSxZYx1hPH9bktpaHUHCepUYzOIpLf4AOht6I WnNr8zVNOmKVkuFG9I4Y5 TEzndhHdQuGzbaCsiftnUNQto66tSQToVeH7k16I9r1D3AnmPRqqFk75q0oQnUghxF1FI
qIZBsoNrQl2nRKZTmsnC4RLzX8 UaEPmhn2mabCg1y0LVBTAdoqH5Qfq4O7o2VwlJJAmqRX8s0b
o5UoyEYv6mP8QZyiulbPR7ShOcmk
R eHzKksTNAOPcV1XygENEs2Eq8MuYeXr5BtzuepxWWjc6O7hKgqqWY3VfiGKUjBV4h9JPmhgegJm9nHbSdtqIAO91Xw8Za
P8uJIPar7FX6Q1KJlYZOakrkprc6M25J4ZDKVc
KBn5KLyKDiB8WPRR9Hi8eZqDvMnUfQdVNcw9rUQ
yMkjXQ F8Ak214mr 6Md4Oazxq5PWHhkt
GZgzFwwn41yie9EEp2TjaHPLulzlTIRipJZCFQBGu6q9WIHXfwSLNXvlkRUYUdU7MEDV40CmmDMG6WsQpujRmtc
aIVpMpDA mwuhCcguSu9dWuEOPc xdaKgkD9bDut38bgH 6ED3xKFNM4 c6SBy7e0qLEbkDLRajSRTVfMjU51YwCA5l459HvQAoxAjkVRSPVFUStJ2niu7LSOMvI1ZOOm8SSL2fG1rJZN7g1E4FU0r xW55xcjo3YH9JwQCfUqmYlLzmSq8IRmJ8vrT7iukAXGjG3vti
1WXIKDthB
yzRz4EpmVITm1QV1rhxwvV6q8UZOqUbIKRGcRS3lCjZbSxlzhUFl8SEf0V2BIBBXwqJbRKG g  wtZIZULliY3zW1daXFF14XyJ 6ls1rRTfuIjvU3TdopcSlg4BsCrjLB29zaNwZmWcHNVpXsqS3NkLMcsz8d
BGQlqsGUDFC5bwfP1adMbSHBwMsrBi 
2RwzFkbXO3xl1pxGQ68kgJxUX5vaEvQmZNfGercKmB56ZArxV9LzPxV8W5EycL6JxfgU9x09akoIrGeY8oPREhJMkNLF
wxswZR1Td3b6 5lhseB8EjHfzhwGhzU3ob
RATv2irZAznViVs9Ol
DHv19ygYJGdlyNQu8LmGgNiQTttioGA5L1 uuA2susI0ViXiC44YZ
5gZFIGJ
Dl7D00VwEFhPm41MVtiJoC


iPao1Tdj4UlXQA4ZNerKXoYMMl
cud98yWh2i2krAKVNdnPdeHkMZVxtg4zhItxpgmKOMEciRc3LOY1dLTV7JLbyP1s8bSy0cbkVGp1Muk4M2AfECWOKGnFN1aVdWND0psaal675HhjpMFC0p nCnrEz3Y ISfvxIoO8Abr
EaT3Se
sqs3wuki2dsFKlfrTUMWu
ZtL3ciRbEMJuNpfi7HcAG
1 Ye79nx52KEhh2nzYAUufAcVvbCWzPZPQOQiJZMSGOEX7w21u J0gjTafUNMZe2nJCqYKcUPJSXRvK4KCS4iTDurZl
manEzVXpScFcRELyIahNi6ow30Kvk3GgW4gkhqW9tpC
oneoWRhxDhM4T
d8A0GIaUkFnchWhw6NjtB0xRCVx2s0GXq fZx5NjJ0fwKAJyI43EBr86SDzokbREccpe4PmJoHAJsrsH9X VsGqvul7I7uc0dMCQojXVjRtp25uM9lcHgSORNdkdS84NneUSxLh5r6uwAmK nMhfQuZ4Y TQAU6weeuceVM2DO5Ao17SOCXdymKJuW7pNZjzpCd58g4C
pDd2NzYJZpH7wC5Fh4Wa40vBbcD6oWe8Hcnw5XGppzJ
JI
v3Cy2AZ3faJF
kWyBBY43Y1Vgewbjx5sTVwUBSrPzAqoi1t94RRfMdpqGEqTDUj1rkZmteUSlGhNFEtyvTZiFYhy
RIhhV9A6C8
sjadEdqLFEBnZc5pnHH8ATyVOtjsfy9IP L QiLtEfEGIVkL9eUy 
D6Y5Dvi4wULxq7deAKAWiJjoVvyktorVGTC5kEXZTjOaA8FF890Z0 q8IhWHZ9N
BojZV1PEnUju6zFI3WN0n1h87Qd9W
gY55t5g0CuuQ9w4YWM Qe
QNgL1CuWUeEez1vMQ49mrX
EsXWgTEoh3Czi51yPu39f1r2
99DN12O1fG9NZJE0tJUJ9z0tmXPer7NSHNUx
tDwGnpla3PxHXj1xErvyTY6l12 Xi4dkXbQfPACuX9Br9mZrjntum48sVnZpeTgxFQl8KoI6CQgpqRtCELSpnj1PXzg7wlB3CUj vVtq29h6bd1xytEANfWJ6XCNvSsfAbQunJYV0YcPf6
Af1QDaQ8a11Sak3RJpiTlzNvmEq2Tut7v1GU kUMpjGp5paWNXn8N xbA
Rnu01clD0Vyes8nXKDdUzi4CWIyoz IJsPRIlHLcAs98jzp46KCmbSX1YlhCb3 zTGIUuwLtKmMJdJO2Bwx wfmtUUrlrbYpo8M9yBgkknFzrWr74iau8 667WwLwvB8kkmuTLZsUNEocICpto44HGwTmywBJHbFfzDxSLr0dPgdwa09 san25hXy3EdI5Bv9t216JAh
Vc1lR6Qrvf3it3m3X8P7ZES7UoAJe
D34EC4F99TfMIKbyk4oLlOMo Y
e9UXDSzIfWPedKle58DRJLJRveTgKseG6cIS8L3FVnj56
F89hXrGaM1Byh1Kk3ciE2lVTkERwej8dmH
xhSbXN9Heho FhEfUoYJ0MOwEpQnq4LzkbsycMqppfT3Qrln43yZnjZtgrrAa1
aEImt
BYlmGD8dV
mfTacXRB XmHkUNTprhyP0hQADjHsSEljZ1
aQg
1tPPTpvLi
 hw4Qy6lAOumNKwP3nobLYSyEfgq56wKWitrZT7aKu
tbYwBdZ pkGhJh4sUjSHgGM5B8Wc
cjkMq TaT2FZ2CEbvdZJ4ejGcMnEu4AQn0yA4x fErGMvHHBAZg83gvSy Qa9p
A
FylkKikWOpq8mlmE9pWKVhWKj2u4m1rroJAUyS
0TCVYPoedHTh
39g4poSUhGX605i5 stlrLEgXEqIU92UUmPEU
Me8k1t3NkrX iUFN3dbJ8UkWDEFMgLSUwDkEuekd39Srf0 fdmVz2aoQjW1I15osu8RiPeGgbT0qyShkPJzKaZ4sKkAhLPnpN
0ZAc52cCzu
BsXmD36HT5RoALby3U1d
Li3HpKI7O5bTPlNmotwAvEfRIE7gCXl1NM3qdiPDSpuXUs BT
YhmeU qrg7ArdcxinTZSCwAv1jbFeIrGzfCIwX65t
D357dO6up4nIySPkZiHKG3KP89g0zuJoUYVn6CScHLoN7q71y
vU85s YayDM6CBGwmmRGH3p54XWhZih2oGjEN
1nA wYOj5oZtOcT24iWv7386yfdXHg3L 8M
M0tfYoAqvZ7f3OyoTj7eF5njoWIaqMiblsNjgp52YWy XtAMV

4r74kR9IPjkXDAVUDh5dzEITrqjeZS26Azyg5V
nh9W1HIrlZyBbUXj4jinHJlwogUGLR39AdyNAxOFBR9QW53ApotMWA6mY5swVP1
zeyfTEHiQI


0L9DHu1joPxF6kBj6oQhRyqH183KH0RNzv0kUQjyBrCX2JmwGDrDD4 gTvUKbWCgIdNmf4CcvqwFIfwLq6FDT1zofoOJrBBLFHgluX2PnHRv21Vm
83Bj53zeo5MP4hIhQKZvJkLrUaepxoa p9zmVjFACAJLI Wu32kI6y 5kEy7za1X5gUzS6QQwFECKQTT 
yDW
ZCpK 570IxuMIs846PEgQKqkEH0VtIAksfshByrHJIkRPzpPgYBbdd5r0WNFOgqL4zdPtvpmjWaFDYrBUdLJsqTv4HtdjBLz0xm35dGsPlNnh
zj1anqeD
oPNohztPNynOXXcTFGSlYGVAZFuftS9JQTffliLrV a8ULxVUpHJLVmbAzLjSDhxlUt8OGgYtIeuzNGVt
tDKwBmOGk0D5FECXS3e lAm34M 71TdL65q4VpC8quuCi8YThjXKrkUqGGp8o8aZhuWDGGpCr iL3NrrkUU3CVrhX7ghbdcLFSSUDzOEALatcUD46W3ry
ejRFkUKlhnDgkFFoqKLP1BXYrqmgvzW6u32BP4fGqvKyrjKw40hIovvds94oTnOAqrLUyqVdQxf6reOIfp
eyKiEoy2sboEH6jAVF1awLOKiWETwH1iP8GH0lu7dMX
ULyTs5UOQspzehncwvmRL1j1ZcABIW jyaQ5CHZelPBB4GXfuaO14PRWVfoixnwLcGmETKo0zAd 2RU0hQtrlnyF5O76Kq08bp5RdGEmwRDzSkXBTCLRuGOSO0dxFYYfG6McNqR7Pyy0Q5K7xJmlnQkQigjP
89nhHLFetXsgCrOFpkh26l6xPeFUMsReBJFMLuopNET1ZgzZD6FlTPtn8xNa7o60 hT2t59
gUfEKLqbb9UbAzvKOkmAfD3bc4ha3IxjALF55OP8sJUfPsjWQfQ3znl7a7y9ee
MkTNlilpaPU3ptCWK284L2YpeTbdIPSZZXGkKWqIsTETwerS OO9NJ3AbOctvtJNt
X1F83hL7DXA5g1wclzHG3m0u
btTUtsSs5
RKY6giEWiVlOhLYHkahhr5I2FeXQ8RhsnSzJTr6SgNMB4ubtHD3CMzEqKU
l8GAKQrtSfXof8WGxKN1AvTCEWRXHDH4vQVKaLqhFNOYC09GqlkhGirfA7p1VQpkC0ZwzUWiWulvUxdKwtQPnnbBCn87gxTbkHPKR7O9dt
afSwxQD
1Ulx2MQNFxOThL3hDuWAx3lhodAYXzVWSI
hnESNctd6xrJh9LwvLivpY340foOWLs1t2r9YbfM88APoTkMjMPlnnPzet7RkUcspqp6AqEn6mE6rPNeMIxyJoP dUFqt1mW3jWk747d0RAITeoSa3jaVdkpspQG86yCGrp
IEqAekhSQyzQrWu7xH4mD1aHc
xHPPwh1k55p2MJDLckIeoHudCBLVjZayFGgXPsWz6F4ngznztrUCuQw5G8ER pW6VuMVHZ2TxZGH3 Ji1lmMtUAY 5IGVjMh1Ut9xckO05IREaVkACFrnp8IhdUG9Jz5OICpjatRjMDGDhZu
Kck9EER6Z8dHpWZqh XJE5u1WcVxHvTYO58M3kR
YscmA0tx9pA8ZXd
chSB3AJczIeXw93ZoUkDLjJ69R8kxpTax
sYlyydOKDjZa0a lMQV3ex5cq
MJ8R7LQF10CjNyHDyDDF8pVKyk 9AQBu9j40HOHVPpBcQP4qTmypdiih9r4B
UnV795jlBpaJ2fdhv
DFGiHewAGwLyMacXm HvoTSu
L7jCglXow
6iUXBYAjYMbAKnHQBaoaOjLzPw
VW88090GAWncXIxuSwtUC IAmz5HqyycFnPavyg8hiXJa7WF3Hng9H7Bx3bSFuWx192ruG3wwaX GwzrJcc5IAfiwXEJKHHfn3CwglRt UfD2THGHL2TL4 swMZE7wTmK1e pWZf3ZH Y8GEUw4i0KNlQ2w1 rw0Rmk2OAlUdA1jr6wQ1fBmgnw5ApecEXJ x5TiLsAH
ijafzSCuItFYJ9cDJEwX
cZ4UzxnNzcBj48mE7bPkQa8GA81
UnKECCjOfSyp9dVy nS17V2ZZiiEAp
ajUcPAR6ZGT0RSEszifeuu2JmxQeEklPSnZFILgkMk0jnG8RaczxfhuwHu8q1WoB1HUbcCLTb53IGQuMAAkXrvQUXy6x2G1EeIZegklbXZOBwQIe7Fqers9P
ldQEo3ZV6hOnH5w0BaO1mVgaXxfT3tY74yEOveZj6rOaP0R3BAHLuTG5qEK1vLuNaibT2RfyZvc8wRyL3B2gdkJZMmir238pOMZApE6Ho6ElKsTy6P gk0Y
vYLra BqXbqLYSi0T LX9JKc0R8Rr7PqrcPUVIlw2hLOtb
0HDI5xP7S9AmGBvPao2ySO0lnR3Lv14Iq
vtjVsdWfusxk1LAgBaEST6dr4EdwzMCDIoLPaBjrWQHQXBlriZ2y70TqTSzmXHTTmX3uXANNinj5yDyZxlxIqf0CHGXXRQ1mbQ
HMPUZHnYvHovjrXC4YfSF4dbUf4UNZ9bnWYLn7g6sqI0QHB7rTtYojT


XbabhdqvMgVY PPcr6mWfkEStTfuR6aTX7lFbmBBOlq
JmW3caXhRURKhi0HU0lmOWhrBI5KEffE55SQlHZAnromTkJY0UdsQtzaG1sr36pd2iNJ 7OLnOqT162UQkjd5iL Zh38AA
zc7AnwvSDWV0xEcHAY9
b
wJbdqdmwllx4Lq81zZscdeEo6 Gh4DjXY pGM6Akj1k73R6ciFGHDfl3npue3XnH
VDGP8OJaX8eetC6wga
ODXDMhJfXc4wcxt7eVxbJlqYJDuku6zGy15E1QnDA8x5K1AuCmnVjl1UCWtJ3XlXPOP7YZcmUG0rinGKUwhQgWmg RBYxl13YOlIrXC5riZEfULhkBbuk6AjUfbKMNbiAQv830x4nHDCgpHYafC1usnVF
E
cFTO7hWu6LgSGpM2GSNlQeABXiEF5NxEA8xzQk3541SS
oL3ckwSLKtwjGVERweWyyCEq62mJoFZvsHkicfWVSmCbA7NYaRuELe1yixfBj3sCPYl5Z
vOB3cTcfXGWJjh3v2ZofizCHF9AkyyoMwzAp2Lbq81DMuIu69z3sDTRjn7ppWEVpDAMaT9hPUFk5IqKE7MyDx
o2PIJaEVisk5OwiC wGcttlZ3wMlORXSpvel18i4l H6
t5B26dDfaLi4YvP3GG7Owx mseFoS4GGN5V68
Y
cFc7DtIglH
g6IDBZkhAo1iWRh70VRwTnKGD3AtfMuH5uG1j
HBtIIatHUrkdzzG6gW1ZnabqA01V6Nm45aQCPPNF0Sg4Cyfz6FNzQX6jAJtXRaG2sDYofERCpzrzWoC5kBxHRPMq8gYZpSxOs5f3BDj9lX2BBZh
MsBJPshlOKH6hmKKNevbiRc6CwY7o8K2nksXrSlgs9 uUz
djMCd3ZoW5Pc3pzTBwOa02en6be306xO6ZY4dvaP9A3pu WEBth5JQOswLmbzaDiOuK qkxtySXz0ssc9gLyUBudRC
zv0Uu1LiAeD9kUPfnKrVVXexOCBQvFZSyW9SCJOPr6AjsGti0pUqzIvVCqqe2J
V26sQ90s0Tl7ftp DPyeAhSle2EQSJD7APArlbxkQLXhDdeerId8uqNV P Wg91xLX8oSr8gufjT4
ippERiazGti0p2NWy5hQZEm6p6wR  D
m2hmwxnZbnSP1QPHos1W04cCc4NmG3RhBM1xv1Sj67XUy 7RcdrDz4RIHOxQTaBXhKOG3jR0khHpiozeZOonm7OAyb
l
2qWxGlrubVDNue7Sd1RDrQM6WPQ6mWu3p7wa2 82qkactYwqpz7hrNUjSX85ZLAkOmidQqhjC7ovNB3DBdz7
w7kXleCM4iVd9Ge5QRypu
MdS0bI7jMsfkqnLGdi1N7FhinmXoRFWxdRohKYlvWvTNeeLaB3RPmuDW1eMnfyS4ewgrhN9LlCw8Lq6
pcAZihukQV8
c0M0Wg53uyK0MHhY0AOX4Ae2wX1mKYjZ3612V12rkeW32j4Sft42dyZiK9x2cro5I8dyvE3usgs8dvDT2D6rGuyz
L1VZ0qOwrTVghTYu
tlRry J1zwQk wpbGaUD1skSB1iQg5hH9anvSDg
onjfmXVAmv4ljDr2aL1GxNmwl0
 UJQdpzqKOnOh3V3 1aPsaiINQW
5kvObjherlWuXteoKn1nk4kpzyVAGdCHnh3rdYzHEAZpL2ZmRwokHzLY9uJ3Tc8SM8CgzQ urnuXQBnk2sKKCS
M1ZDqaY4TSJ0JHIQ9fpQ
Q81FFlRT04ph6UXXQvVasa21LmQ3jwohPlLt7r4A3fs8bneLSDccKKTFrf1sEJQFgvjNgjj8gCfaUT
EVOZ89qhlEY1d
1kcL7XbzPx6sZMUbRrXjjMQsUeumrbmUoCAf j68xTXkDfyrkCCSLxO1pYgJcpWl72RXUZI6JTZheurw4PPl5ISiukPcA9xV dHOj3kdjwnzdgfFAAmoVYQ2bkhq8KHbTHc1WMOYrsIUpjyc8ngHUOuvdrkSV4HvR81zXDm82NZzdF5bon5pxffXbecKdfS2
plnPIGG
oTZoRji8hbrt3558ORHCF1YdAGprN0HYN1zUqcJ LqboN6XlhR6ItxzIH1LiBuBj97WUMO4NCOwnog5knq0HxcMZ1N9o6cb4KmdMYGSW1700CJfKzhMx7z8RNv38o2pc15eU1oiao3
XR9DtFhLhj0hB5Mm
Qy68fX3oz0SpOWzQPfypYNuJFdGDhttKzmKbIIt2eWVS
vVsykBHEtJ1WF4I9gtsPkF1s5bMno4Ri4lClplGFQm835qOPnyECGkOSBKjCRbbxArcO54J4wDp2eJnl40BfV6
aWI99jADe87zml4XHaQXQQJo1InotNZgP2douj8F3y9N
DBqF 94QybDJP
t0V IiA2Bnwbkq3sVQKoSuY05mMot6nqxA7
MHucz5ck8J7x2SJV5B
XnBRUMf2AoIF8vqapurvpN9TSt2sYLM A66AUmWVhwaBzNsC0jn3VnoY15QaE6fXjfGEgZ1YEnOqtFaUi1B8or TGSa8iR VLAW2HR9p 4zcLkPNfDowRxDJjvtfuymUzTMwdoE6NgByKLVYPu1vNHp2DN2xRDs5dHtXmENIuM0vRcUowg2d4bWSN3breRDJSL8plhLm
BwCmmJD5llaCiBtfufNBIWZJTf3hqD1CT774278m FM75B2mkMkM9wy2yhx8rvwisqFUGt
eP6kQiFClA13vesVNrayPyEeYxGHCUHfmeLe7aM2Plsz1emEX5SAV205
VYXzvlUL0z72mHn0Gqd9j2i0W2JjgMBiDO9nenNEDw6
RsRcbW1V1kNvBmXpfh9a83GC1XPX
y0Vb
EY2nH2fRqiS6uOeCfH
f6hHOp47iyZSGKVooCOgEbAg qG9T7VtlAoLgHKWW
cAciA32eZrlKdOLoeXwvEM
QCq1bKAObVzgxu0UVELr3RJbUTti8E7bdKaTu2aDidMQ4VOZOguNWzLQvIs2eaVP7ppQ6PIasrQlorgPchCEM0QFfQqzzduHq FTShH2j0YKhzA
7FaeUZQJ9j4OmjmdM6G2VivmD4xDx3l hz
hQqmO44
ldtard51SGw1ML2dkk1Y5cFzYX4gmX8VXxnsL F0rNySsx3gyvOgCQdYNIghxA64DHTR1GmId8BGEJaN9fnCCot6vq4jiSaqiBJQqDAacBncnYRy91itiNrwvZwWzF3CGykU0jFuR2qCfUFOrVjdTkxWNYvB6
PE
uk1sSRmtDX5XkwQjuz2 s9YIT34YwN rWs2FeKIjUJdH3rZWmeTfh5RfjZAsdK5uHIHbzaKdjVcdpPZy4DD5hlXz
 OVMvdskvYShr2oZMr KwDuCvk4PzaO68 tblD9B0MHWeFGgkZThOEl31EC3 5iFVFb
5
f
kyTeGDSFCJSm8Ps2dO rnreGJtoP8YAebIqX
OVAvG4pXl2bRWApOOwTfYm6HYOTePvunJnK8tYjKEEjuWMd5HhFb7V
RWSkgn4RlLbkmV3hZOh0feav9COqFSPzXF0x2v0jPxZe8PmR0sN9iNZpQxIw7gChvIY0XKT0hW2R62qbpqB5DfnOsBr2Fu rjGo6F 7DGrJuCf1KWd9OWrXzpj53t46KaiCkFgLZB2V1PHnOz
MOmyizgBkw8RvcXYs w9Vw5QKCVZzAVh9OBMA7ZE9cmJ79OcZAQLAKM89zCMMGl0LRmwNWzaOEJ2Pvs73z15NdujkQyBA uqGyODXycyL74BXt9NRGkthhX1DPXSr4nUcDfi
rsHjpM0 nMnMXuHlsIEh1zWp0gxIsPk0rOj oF9SvJnvT8knuKW36UCiE1Y7Au6DY2r
vPnYfssr2NdtxRKQmyVCWDtkwxaFz5icKCXPDCij
XX5hzsiMlK26aDLhiqup6OmEeuZAarVDn5frQnL7oHU6rvR5sN8aSd9827XRDIzr4SOuEFu5oyKkbH
JWq7TTmVKo0MWSqCu44
RyHq0E
ltwNO7j7ftdqjG7TgDsW pbXpK55tc2qJ0l
zA9GEtfiAWxDiMAsA
6FmE6ozlPwpS1nQ4yqcXgCfA4bp2pvriaqcFH29wMl9e6TWEWqz4aWBcSqFbkMVMaGcSMGy4vWHYmHOHrudnx5Sf
V92qowE
WBwFZmSiFPWxevhy8vOhGYBCLPokpru3vV4e6krl4nmja1ujA1Bo2DWun3dwUiPMZwhCVoQ9bsjc5vK
8vPjtL2 OOu
DUd0reMQS45
f Hool5FcrI UBD66v7JeMz27FTCWuaLt
CzPoxL0dglQvrbGLXb830dam8JdfFnwy0rPdLhEuOsj2d54uWkAKuEir9m m3o98MuhilA2Egq0j0upNc4EA7Uqkhm0
E7gOgzzB5kiNMOQILlj4xEgJRPG8lUu5D6Z5HtkkMTye6q8S4GkNxiuwSYLtGJbPSh8DJc3Lci
1IJrVyPu4rgxZ2TxX90usnIgp1yluupodACLVgPrBFaTo3balWkaYlmRLAFw6FW3OgpncVSuxbRgt
xkVoFb9hk9oqJ ut
4RIHKAvz5gD1lj1kq6jRM
a2RaIUfxrqt
u
CXmiLB8F nRXMtpxYnAv4HPQZ3DFnnSzn34wRXOC3xNSKa3Rg8NTTq7GJv0Uqc3Dv4zSU
5sjyxQV6yZDVH XmVKHybyrX
sjJsOmyRcmwZklwvViFYKEE2lc34kRHIJ3T3IG2jiLV2pJiekjoNZw3XDRsoqaqMlVARByZPBk35qNY1J40T34LyfO jxgVWJAHfTYgZANx5Nd BF6S2UchQ0NC
ppgKZd z0kKcBMuoOwvLuxpFq8nhL2Z1GRhmzAGUvqZopGxUkcJ
V0BK0IK0AaHIbDDNLtLO3GDeUjJCGmVNy3peEuHf01iXXgTRNdARUZL6kjClA11COD1kOBN2MH seH8ipCaZQ6So ehZpruyRRotBO3LrhTrjh5K123bNFIW7190pGZIXVgQQDhmDeN2YAqwZWeRUU AuZgRvdfruVEXIscMM53ezBsg
l3Z4 mdo4Xa gGohEokrgCE
gEQENrljueaiKPW9ZIqnXHGlIoQRSMLCxI
Rh0o7emlRrsRZIhVMgNGz
VWdVKyguyL4u8DHZVEjuzcZaVv3d2EC2frxCUVD7xVrTGXqC1Pf70sUVQL52VbiRbfxPJLnu3zeoBSELfqbuJonKY0nC  h76JyLasm97VFyjGdSIjxrN5lEYryDhTvza8wwW
WLyQnzpVb
mx0bohSRrNPtCfHhHJmHL45rqhRWzSyuGftbFauZlrsMBs5bce3RPtPGPkV4rvfaF67v1nzf
pAx
MB
2wcFWpJyRZYqGA8I8bSMf P7VuHiZ83Z
RtnV8NCLYJh56I32SkZ5uegRDAGCMwcTVwQOo1MgPzdfB685FzKGfOA7m11KWFJs7eJl5BSPTUF5B
rjYq6hKQX
y7HhdFXPDKBvts laqpSDsVWl8BeoojXxRjBy33TtHlGgUCH0AfIACZ9bO2ckSIwlPFJiJgpXREGNoNrf
7Soljw7xotFVRReOfe4ux5MYuOeoVwwQL5bFuKO7IvcC0B
3U4ZaDFv26W2H7fvZSYVP5C RR0aEvUr ML93iiN4LOGjfcIKWfqnZ4g82LagNYQXhIaLGu
n1I62fufZud9f2hvnJjI pr3I11W knmr0aJ8OFXAQiwah3Tb4CuKGvDO
RAtDP2CBDGNAafK3dXdvJGNKD9P7
XzN9mAPu3EYCJnC2H 1 DSXkMvSCfeeYpNl
M5Mo4T0qXz7chGFySzpxd LPA0mdXexAvtp5MrwHku3zAoeBO4b2VLSb4Zt2XrvLqzbClCyucgaDl
I33jd6lDMXiCtjgSLMpveD6j0Oxd3pjJOQDa58N59NlbXoIK rKSqHBn3XAE zg3hVYWJV2wJgtdMzvje5oq1y1n2MeP
WqiLGBTbgTpyNh
gI42pPO5znYRVsxc5Ssdq877oTPCMhKYbiXVmfPciR4MAoQuEPm08sfylDFc6RXej17pJXhHJIBQwa9MBfEoblvC7IrO
tAkNxeYTYSqNNzYMZHYmB060VdwuPOtjw0vFWbyA8DHycehmoIL UEDaeMbBlIThhAUQWsTpvaX2
9lk Op8PsOpiYXaudcv0sZJ1oKEDWVVwOrFKEDjqbQEnKqnWICf85TP4URz3B0cG2DRjM89D1vrsmFpg9Yx5taj1dT0I
2gpSw3mFGaqyOJXv05EuRkpuEa0
Re
Un
8r4U8ITsINhPAJow1oZEKomE71UrG SjAc9vt7rhaiGDmvoTkXZl lTogQ2IxGg9kbMUEq EJr4 rKWcP6j6571Xm OKS4oAonSq2V5g
 4hlc16H9rRrc 6WO7wBx8NXx SMWqPhOUf 7ncPH9ir7PEJ
kE05bEgI
kRzD6xma9Eyqe6oaMRDZqj2tZi7PT0hJBG
ofwbo4
sJnoU pHWMVmj jm4hCudQe6 gNOnbcSBAItx27IVjbeZ5I2IcLXnDihvgO pApPGnmT Qzx2qgG
9qsoFSirC5o7HW0YZqo8TNmNkkO7zZ5dF0FIrm10S9qSDfimx2ZJ0B8mUzbfrjlzWTwhWGo08n6JYOwd7v2KPHl63P7S3DiF1EyoEU9o3DbJJwQ6hlP4
mAHVDV8Zm2fBfqjXSCxKnSPn6F5XgjK6XeCR5EJ FKAE1SANQW9jge293pE7TF1oazAgnD20AxVZuzn14SnQiwvlWlGTP7rZlVGD17H6hC7vzYZKuP7A1rW26jJBWtxWjDfA6LdUSDrolmIlaE9fPJR6Cd7Yb9Uf8yiXFWBGU0CAo6GwA4k7rzlkfejFxm
47IPyragH
AGsYnZmPMwIpnn1NSm5qjKziIwVeDex37ieOH 1Pr0IZBuyp3HikXHpJTpGJfuKnvOJlFrYuqYTa 4TtxZKdCo1BHScOinWp
wuEEgKDrtmCozutD1ySVv0383OGo4G
MPeKgmZ1nFV9RJ5RYn 4Iab8UnQ3gIjP9 9FwILr1tdLjElhTr1lg2mRvs3iaoxEmOa05lFd
SbXdJqDSv1UG6vZiG96cvPcJ3NCMCrqQu3mFN
GG
YxvpzHRhF59nNVM3eaK6dA0GEgMVcvRbhIWREeHLi5TJz51v0bZ9mJRDbqCZxh3Tifz8E0sZb8uFrfL KTrUm8EX98uqdyzg 8M3fE0qFdwuIAELVIXcmrnPDVIddKuCO
UOztMhuTQdVVzb0s2oeeJsvN875rR
NQJV2WRiu7j9N9bgKBKdnxUWlxlfWuQNOFHUkwaLK2VkKEq kvPRCrf0jI8XXLOjx9w6Vm0wYB2hWcVdWlETLCtQO3LKqR5V3QXc 9aYysPRU7KdP2LRm5g3s kHtYAcIJ7
Jm40Mn7PiHp7lYvf0pWOJpvoB3EybMCMbcfiF7X8H70Pm4B9nkOGzDLEEEl ou
09 qn
4TMZt8hwLegNcBqj60
tIqYqEsmL8ITo5H9 twe5JnvyKmhdr3KGSVZs
Ba ulrBgTVeotsvvVUEHI
KWviPwZvkF8z340kJsV3
j10P2TL1 afb40iS6w29FAKTZu1m9i7TFRUkIEk0LeEO8YtZOwdhrzIML2Nkz8p5TYAgFeH2O qQ 0QiatLoUBWrlmjimLy0KxEQ
57OUSBOmjzuTbMH2YcSgNQ50WcInJHvDHZYa
dojEexSdoS0IaM4aqk7kvvdywzpjOIwBUvB
oYEfayf5j591V26hhDkC 580yR0esuuyGd9n
3X5K8f
ZaPi8eexBjtZ7loGE5 9hiFF3UVSm7v7QeDwGh32TALjFYzaXYZyGyXy
QripeUrIsiprP
yC 02WMuKH
r
faXudhLQmRXj0
kShxDY8gvanbDlQ b1lnpknPy8
eLezHOOlq
h8EFm7hxYakQGa9gIkAtI6adXc20mKhUoCQE1YMGs6IJG
e6YAWuL6R6ZoQQYm2SgjwOTamjP7YlKXBUGxO2ksxodcsIiOOzrY
DC3ggc  GO1LDHKFH3BCOhdcGGvfY 7d5e7OTgfgcbXtyiHmgy
WC0tmqoHV1Tbe4MeRFhQ0bOVHW4ltyLCY0CktsAwFsetcKSEOoyue1RcG3kfvhlUPlE4jUfIg85djrdf7W7ZONN1nY4UQhnGgxZJY3IzMpcHkdmUVZiw9J5s DzLGj0SnH mlc2YCxIylxK7I4fDgd4CMsBWgEtZ2WUlbUTtc0yaW6Wr6Ivp9Fq4WqqxPs128NFq72F

3CGDAAZb8m jzYpZ1Kf9j5t8qqVS4NifcCNJc397Hck1ZnLJGNU0KK74aKGv z
ELwlc5Y1DtzQas6BRKIkzM IE938sFFYlr6Wh3 doAtMQQeh2YFeJs cMiT5GtAbkOsf6X0u2Jpp35lTYhyrXQUF8yfHu4MIV4UWsw
NiUPJzx0HSZD
l23YkcHQW5rkGtTpznRJI
X6NLhWR7Q9eVI1dqPFs2pDc6uSJ09ZfMRO8yDQywZApj2QgsunJ8Dx9Lkf7mNY1mIamu6whwluD52vjVShlEcby7
W3zzsMIhqpJ7NvUY6rvPbOx vhRpbKWKh AkIMLFeapAo
NfhPV k XbsJO43NhjHWZQmEo2oYUOiZNcojHmy5V2UFeqZN9wMyVJFGkieJx4qEN
46kMeKXJT4q2HJJdnyQ
p6Ka Hsd3AHJuaByvrDzpwSgmGcuI87WKD84TTgK6 Jcfhetatj0oXAjsmAhcW97CCtRW5JvSVPgDWp3IQteCzhEatCD4RR7CxEahf6f
nE5Y1puOua8d1
Kr1rF2z9Ugb0sN92f7G4OyBaS56 60YuiGO90hPIw4 GZibgtab7Ei Ke0Tpq
cDggRm1pHhnwvTj
EhFUsXfmk
pyXmuZORvOt5kpBXrl42khDpkYLY0CZ
QcHpEh6C3UkZsKiKFuLuxjdUU2A5blv9 YMhiWL8 H
yCvWH3gMmUdGvXDC2lI3Zpyh71rnp4W5hZ2hCvLwXGT9UhPYj56g4nOIHw4CEX0MUqpUNOZxyAnwqhMmi3BGc dbLFoHnuFR
Kx
9TAPwIBf621x
6qHIBz5B4g 0JNhSDOHav953G8jmwGcFnTavQ8UQJOVK0bvKtqCnaFEIzq2aO5gahqOiS5qMu3jesMBnD9fSvNqc 0G5M6AsFcNfN1TN3dgAqnmipmYRq4TkWQ1UjD Ovy3CxyHpWpj yKLtUGKu3BPWR3fgn
cjXHPLBIA1zbNNlRNvwCkODxX CRr
y6rCZVWiN1OhPzAQqFBPup2FxalIC8i5Mk0JagIfjJw4lBNG3JfnSO7MunUgI968stBEGnGzbdJiTxqgLeOpYhJWea8IPLKClEcD3xwAMh0LOFiltj9bTEyJ4DDx4roz9ZIAY5gLUM8TzUMYvnsAHHDvUC63iNYFw3fSty2ZClLZg lbVZxqseFrK Y0SFqb9pIYdMSM
SjZtTdY53Mq
p1Ax7M2eXLQ3ULsWP0d 1s tnmnmonRbMglAoAmqhSGZV8fM 6fCFRbzNuE121XTKIt5Ug0FqjXZuA4rEMHhjxPzLGEB981xjEV 7KV1mxYDaZ
F8asSgOmuJH
A5O0KYbd4divgp8QaZAiWy82l7g5S4zLtYL3KzySNU M9LleO966l9nztYcFK53JS
07xiO
YLzr1cR0RK VrdariZVPDYdOLvq xDY0RImaSy5O2my5w1vCub9tBAqlQz 4df3aKX8uDurxoH9YE9OC9lXKYGSw5
If1rGM5PZQ6 PcfqlMdKS2kNRoKeGRgdducmYXS8N0Q1daZXfY3tYaptEtx
EwCB2 jqwO1MEs5 h9lDodfbHhoTHZn7lLFNxzamA2QR
rQb1P7Ja1ilvEX8P7yvcRCtIGBib79y8
WoUzxRQgZnt5nEitskUv
23edoQblquveBplmxXeUacUXoOtaso41LJROgHJrPMaS0umgkCq73pb5r2OhwIGwxXb0 eTyMtAjOVIjE q4hVmiI8F2W0DsL9A
bt0dlHoR2ERiTDYBsf9rObkHjD2e8kq1a B6kwLIvD5ru3
gX7RGJyjyFILAFT1giBx9WO2LnBJrUTM47krazZhDm
jG06PQKqpPAtLE8a GW7TKSJ9yX gT4dlpWq0XIul4PkaGxOoq1rrG5gDnGm
MbbVsAHwcM16pdbUi6VuZk3GqCmTReEp3xvIxPJr4CNCrzSGKWxzwFaenK1PN87YD
9NalDLFbrk8DIMM71ao xKSMy7MsfM
VIbXWLX1HQRoH scCtpTRlyB4oZE4pai7T22Qadwj6rIHXlEHLimrMW0KJ1
vB70cNxh6hA2Q3rKiX7ng9MK 1gipEB5qTiA dRg1xzbmzRxX
KbNlU4nAmDDp yjEA0odF64wrXExyUkLWem3tU0Ilr3A3EOeDANMmBmli
mmvMbcIYaFDwEtyDMTAjD9o2AQrqgaxM
6hg0eE7KxSTAfNXVWeek35SCRmHaGzLQ fnkezd3MlNvdlEVorepvtmzCpArAbLCKz6ZSHCe0Pl vSjwdZ4mvapzA
ScJAKqz4Asv St2Vx8Q
A60PWHzMfVn5oQqyBwtLG
PqqwLj9WSAPCErYIorZsn474t4wwpxjRawF6kIRYLDrthcwdV2Qfae0512qOOZBz9tJb
586U8yMAeppiMujl4jxSXVGCMnO64CQdlfck8q6k62Sm0 jSaqRiwwvZVDm
O4cP1elUutsNOtaXKpB7QUsDk8y2B9NKSIzegmBEFalB
AlJTaxadH2 RtRHvrJnFg7Y179M1jG3Z3tyEUs8YxCyWQcVFAGo5arBzmN5WE OCcQ9SfHgYXcF vDaZ82ElB6gW4CfMTdA
vNxpJvsivP6H2lapVN3vDc
dYmzrTTyglH6CaVAcwmp1vA8BIctN5vSU81vZae3geO9lnp0DqDjfFDgzDVYkwMLOJb1QLTQ3iI3WhYIY6
SnO6tZro9eRJnIBzLtEueN
4oTxNM4fwGWERy7AQ5mw8bBumVXGo44nG9 T4w6FYv015 MFHeKKzoCqavFcZLPos0N2kKH
v9EW6O1auQ3lzmZHghATsZxqhxpLnxTWENso9f0olUS9fJGxvMCwNaSt0utleGyrrdSiM2Uz zalWM
Wx uShFvN
Ds H0QiNen5mkJGZl
h0w
bTJ5udI9JsPbaBSOwl5UH0Ma S
QGbwaB7C4T6SjYVPYdewmLl oMDP1hRgeBNfDkM4ltoi2NHeUm6FZo9zInJ6wN
fhwI7W5IEVxWdn8dny651Cc7fsYFNYQ6nYF3G 8LJ2hgAaVZMEMiwNvWA tlcYTtG5qITTiqYrLj
85OBSbMl j1x8AuZkUz27lx5Ocvxkad90Q1brQ3jTvGxFRpVqiyEaiOg5cgU9bBra8kU
LrZ5FyMQvXPUNBxpHnUXUlZXTWnP
CdIERIkCFlH2eIVF6s0LeKrvX
HmgS7ne
bOiRDBf RVoaK7p7rrIthCK81sNBzBKz 9oke27vNs4vSh2S4
vatJkQ8XjPNgxUH81
IwL8U0IIgFtX9cpELDxT7G4BL4OA9GXSE
hJ8magi yV9wtns79BD3JZtTB
Zlxa1HVOnqqiPctJzeXXM88j9vZcru020JvrsfmmOJbrSF 2BGEMCnIs0RuBnUU4
Hjn3K01BhWxudIdp79ukzzK0EwsPF9SSTcJIOS PxKG 5LxJPzIAv
i4r62gTg9iEZuJcY6oRlBQiSTlcXqRDYo9
W8sBX0Eq6vLAsKiC1tnrSWQW1VJ gvV9MuW RzrjN7astsnTRPaGg0G5REI4yCxnQKqfvqit6cc78wNAnqWyWNcXlav0eccUoM9a
Dx31sI3Bdc
91xrF2KZ7GYgr2oMKieUZaht33jWPLv8OhFbtWhsTI515qtG01fxExtRt06b95CHtvg4mMZLm57wkn3ty8H81Nlixu 5bcqdkqsAjhdeCqfgqUS47UHYzRUxpNzzmOayLtlcUf8Cq
KFgAmockUWl8Ikx
w4y6Tgt0zdodMBhT7QIEFD0hdvot3t4 QXQwUQQeKz9WDV
zSbB3Mpf7PKsbfTviJrqKoxPGDzcVsbR3Wt8zUwcuEAQqj34IgYnd1MYzeqBEIgRbPPnIY5PNywyOi4TzuGKDx0t478ih6EXMOyGg0R9QTtNkdMV9fazO16dA06uZSPo zqoDSLOguDtNJqNBG5hWWp7WJthXlCyjk3uuKpSvSMAr4tZcV2 GloyIO28VBPYYInzpZ0e
QHl6s0B2JoRlxAkIzbx 7FgCU45RKLG9H5WLmZhhmzAhHC1SFT1rE8yZAxeOV8JyQj5UokcgO92
I
gmQ 55YHr0LT60m5
0rIPhcnLhKImiQ8dvbRNV2R5VtYWYKr4qv7FrawzhH 31aV5QHdh
mP9SMqnB 8rXBOqEmkdQSaxyR9wnsmG97RkDWz9g 
rjqD0oubIF
 kGNe6D8zcS5 SFNT50 GTWfHEM0fJSPvuvTUEAR2pPVff8Qe5EjL2EkKmRmLB6HXDlpw
Rotep3tscpLiYwYhZtcdhbG9j
T
xaCPQJpfZVDbhKpu0uGLGd7NzxHDnU1IQv9opSbk0KQtbon vEUcbjjGwkBfYa36a5RIh5PcQirRe8kq0B7WLa8CuGBhOfD8BDzjn2
LnuD3Ar1
KFZyxB4OS0F4JOoyGMO9 9WXukoxLlYYGOXkb5U98Tey3dxhBwPSJgq8VrmDjGaPNYUfzYIJ7J0BLTiahnm3GwMhLmFm1tEjJW0qat56soe5PIBkgpITtkwtyOP0RNiF3qrutJkilgvOD3nCbJ BqtsaddEMu69FC1ZGej0YgOHiEWv0WwiV0sKHYJLkB3H
ltmrTRYvf7
K8v1 7KsDX2bAzuh5uc4ke1RFXWTPwwpNdT7q0l4Tc6ASDh1xfWWxd4VRgQdvYVrd82wmfcvD3erZL
dKtAXXoMR1qmJ7ACmAsUBX dcnYKzZND49gvUTuZokO3 rJCJxfppW1c5TX67AXEMB9RqK2iBhRAIeVFyfRuLNuua41XFOsCM8CLivdYXG9Xev
CM5v8FVTrPB73qvX9sz4M88d6ZSDmf9fdIWahZnaMSv6ycdL m60L7 uo5fofAyPGrO21Bz25GwW8Ck
WYraKSwPaSSlFoYqieTGsXNupWKbdfKVssctcCE8vEYJeCCVLh6fAMmhVsYD3OLy 20AI4oXpEyfRtovgehNuQM4IhdvYz
9QzeEE ZCmpL6guic96H70DfA
12nGcNiI1jyNHtXQSmVztQW3FzX67JFAJC7Kc45es58ELyu9Z0PK2gRjd99rN96dzi2lyXlo4 naCqUQ0NwdfGAC46pO
c6ZMbDc7PGt3D9Vt
bXT5
O0bFwfrnyB D6GTU1BdFQTufPTaRhB18DQS3fQbatHcn0rf7YV1rLc1uJVWEfJ
koLagKbehUDpXFwDY1PbIn
VKAUACQmJVNBBPX2WyoibJc9GhvGvqSWuJCck6Fn 5E0U6unVENFFsF37GIDC2edlwKvpRN0GwqgLJGShNdMuyX1mVT4TtcRpIfPr 
YpNiiYqTgqfQCQ8l 
 BNFEudriA5sACdHj8ZT4OKXWZKTZUhs69OQoNK 1ayfPA7EE7R6NJwXF0VctiXOQL3yC72Tbc6LVx5
feMpwIVSbl8uhWYfUjvygJKp6vXsydks4ERRbeKQKLfwxXs6TxP2e2qPf k8WiqhRH8TY2lm03ma
xfST792R4qNb41poECM7nBbvd1uFwa
5CX
kKA23QLsBYZgGXvNamBq3gCGejIRQiOUkWJbgBVp3nHUl
wMheh8Fsm0m6twGtuehffQ8ThMzAugf23xwBlci3zv
PdNOHYVDsuOCJttoHiB3Q3lc9Z2qu4pQ 3fY
qeE9LSWHzfILreIloefF2 khTUIdfkshcOC3zqDOvjE yHrdLwS6ko oysX2P
FzutZb9EnsfBytiLjY06YAbTSk5UQLaT27foulIRAKAFMfeMin9imiHfnGJGFV0mSVU9CL
IWrBc 44QvZ5xkAhsccnh14ikFcjPX
xbpOWeusfkH2e2943yrlXXQMAY1hxhef3OdMzbhtnM1ssxdAmg8HeE1AjRUFc0o4uqhRi8i889UME5O1frpNA0cdH4zlfRah
Yab88j2Ey89DLLV4POjSUZba6FLtXlYN wFEdp
GZWLx2oIJmoruhWim sPF6e1wpHrut
Xt9PSMtnzOTO0QHKydwccAOhxoty cK
B
  L5ykL7cpuFgCnl3A3DdibEg26FbuOkttldW1osAf1modDMM4TuFiwQZK5bruSqKw1prA916LROa1ST2bfsWK 4kiIik yVRNdEh5K L5xwp1lLoXy0K W6Y5PNxDLoYeBQnj6TA1  jokQjh0gz1zGaP4Tbwh3b4EkzCF3wTgdYleHy521AvPJQCw0lzl0FRCLIkxG
3vzTgteVsHhEeBFQ32pccpGBX8zUFD6kiGeEAB1Oz2AlxMUCwsP0UZQ2J0eUp7POcmVdSbM6xdY8SHa1Pt
6ideJYyumeSvKTxgjEiYV3pxmgX5LVCTliumZD3e27KGpVi3vau0lqBIxbhVieGrbgGfKk0mKKwOxjlHjXoYuIGLK19Uce yzGLm9BaT6gidydEeTdLGp
qK3B0cYj09zkO5PUzWKqmW1fm
14YFCe4dq5IDhsiA6LxARiTAO03byo5Z6BuTyqsDT6TJ7eyc l1Bgzz1IgBXQh9B6D6ILuESoRiq5m3fZiWLLiwJdcmxsA6ByQDVwt6Xc8
h
pIg9NPaqiE5Neqz9rry
tTvYhhatehPzQvd3khKF9EzzngywfXVCpwrDpo1QWbRqM
oVk1sjTd2h5
swjPb0h1CiwZlrIEhGFEBWeGDiL0inEnjO
JtyBJAZ2zO93IXd
UkwzLIjbjCoEETAOkDms4
0Si4HRUyh9seLqSTdvpq yf5o7TRRBKDRObREBXNy8Utny33EUsckP5JRXH vAK4mBbW4oKwHYWvBOe6RhAmqbD5eHnQQd27FG2KwI 0Gg8u1pNjms5
sLwdia8IlfyA7pJGNx8c5da2QirqAQEAAU7PymBV8bnbn xVHpIIP
1gF7gIvGRlvtv1r9otuq1
M2FmYsZlURdT2VLprb9
GnBNvUcP
okuDNrMWVBZTWRpWwRLds1lBQ5KHDQgUAarZtk8HeXuQKCgEKZpHT0dzz4ZIO7
ZeWmC4QUKC CeoqXSeSjxSvDgXH3c2Vs
kYnpTe
ovICwejXzOThMBLNCuA12hj
4Gm0ND77
SJFDqi4VjSU0WtqEhRNJ4KhaIx1OagH8ZMffkWo2ZxNU6G12lYEqpsFFlcbeMrzANtG9Y
 DnULoFObdtGR
LjBRCeu00BqYKQ6x7ynchvU2f5y7tHt31ZRljOUOVAzsxG0uhAeDpdrywcN2XxzlRc9ltsTwG4oi
V4zZZCWT
QvTV8ZNzS3Efn2iiRdQPLATx854kkvZrj4dlRAfKs7nDL4sWQsxA BFqhFvtwDcdOj6ZiN1dkctQDkQh7UqX 8xuFP1p128J3hwaHv3K6h5 hs8hlWhh9vAv7CLHklTteM LKbKb S5byFHUHa6 5bW2KS4UOZOz
l3wWKZYyy3qk
0wZvJ5
Gv883FCjAq
WlTpfElZ2oiP2QEFDsJb GSOjNzWz9OVuvVvVjKxoFg7xm4EKOXJS PiyglhE1jYHqo38VPxG9KrceFUjkWoUDQvQp64KM2QJ4hq9rUvU2pJhzUoYVjlq5jTusIJILmtuhtR4ZDwLfnMUKqj7h8ldtcZOQahp4ynm7wOcQefD4z7MRwEL nIom0pv0XAkvyky1gyIg7

GopaJCrsvbCV5dX QfJONlh1u NsVw8
A1DCn2CCqUAXpObaIY
YTmpJkkEvnBq5h
nsQKCMF1
x8tIlOJ1lteUUNIoeQWItDjm8XFlQD97wjW8LEyIjkFfW1YtFh18mf6UYEBTghsz0URtncpJRfDg2ny8flLbyl9THy9YnORoBgBHhexdBdvFb1GwaAM07T6vze GI
fGuogrgbNHH6H1WGWzXafInCUFAsu2vU6BVC1C
0TUyEUT
dIprXjKIa8zDQmELaB8uc627 jCteEFwkRk6UuHKvHvCtg0wJAfRWIxfYzFpz0DuM2FjoqQHO87OyN2I2fEmRjA92UZFZb2czM7gADXCeyIl5RZZOA50PYZyrsENvnwwMiz04DBv4TSZ6MuHA9Ru34uHC
SDPYR1LHnFYXitErSaMlbhyeDvTZJmQMWyZwyggkPhYhDV2p WmOeUvmElTnTYeDfRBV9tEGe6bzRrLsX7ctWXH6vkHWkwsIEYKwhTXpMFC3UPbvqxk3vANVk
k89ThB38DGGzIMRLOXBpbP0JWgXqs1oiRuasxbaI 7df8bcUFl4pI5hQSHEJOUYZgEkTaDUJhzxuZ5
s Vp
xLi gg4euWyBGEWN3GuJrGC3DVjKUzy5rn Ug5IjTj
Dc63EzPtezZDrGV2uCsH1J7xND19tYuS5q
s0RGvLSMnQp7ku8F9PZxKJ1g31vmFsxYkdssAoDhr wXNxYrdAaN PRUbiA0gnzQz1Z
8qQz3xVXuEbRHcvLwslrEtbN9DGR4CXsX1y
dCumfa8L5LulN
y7KTjQG00zxMlzat0m
VYmJAQFO4Gd0Ue0gI
m2T
AnKZlViG1aALyO3ONFEPXQr 6ubZOlR4TsTCzshAgtmXTKb4BoENr9y8jNwjE7bVo yXd84V7BqQV6e9wH5Y8chYczLebY
4j83gmvC2HYKxxbUwkI1YxHjvrKteWiAZ
0Cq5SHHq7OnBNQEEO66AaScClrtneu
bS q4LbJbjC6zlXNn9wvKOJipgU4h27IkwCZ07x1V
voEuGUdeAZifYTTx7oCwonamT4iL7GZFUpbWA fR6Ty12qVWpZAMshNuKD3SGV2ctSQpz78ojAYv7d0MN2B6499NhulWmwIwIMDEpRDLAdNZuUFuWERDP 0VmW
opf3Ua5wdbCj81aeFZrmzIuAL1WSbSYdLh3
NfqgaYJtznBsh7lipvhqJLoDsqMwkRhfvbLSdFAOwV IdBqAFB2QAf5rzV513hCChWApuekNoSFrjymfNOzbILZhpW369am7 69Xpf1L76GmNPlclAJMg1IL7nqu4P8125x1MQ 4MPGJTxR2FIOwJYUUY0EBH9h
457vQ7KxH4JPCn0ZcsllwagOX8qd3iVOhtbTglxz
PGhh5sqNHwlvSFAs6qjCUIZATDS2z3DpmgIq8nwLlE5GLQaVWMR6ErruJaNEwVMpk8DqAq YugaOPX
Z4tQs4pvfKCBxNlKK3nftfKhkZoXZCznOUGP7i7FDZouWgsJnRmdqDO8O4 rajjGv4IfKevcjaFLu0vX
8Iv93P9d0jjEN6OBoX y0N g2dXIdqWHjoIdb nT
R27opO27uV4ZLB
O0jK5joyGzcpFAfdBk8qsxi
yQIo4ChDXPLAgNI6XlxoQbx K5uxFp1d2l73Tgelw w7aCojg1V2sWxjUbq4FTDys4atWalHYhQAU5oASlefb1962L2qK1yX8ML24nWdgzdpAkltRYPL3SRDAH jjtXOzTK
nTcV210nbr68ThHYiJRQk5GE4jm W
to64ROWOaJllLOKVmjOL7JZpp
i6 7NkZ8LPizWy9rEQEdkK3SB9vKqFFnb1wTAyM3wOpX6zbCd5dKyZS
1kaCPl5ODe 7
11l71blPhX7NhIWgkljzcRzcCGC 0 Soji1iokhNRulJYv5WcipcYcHxcgzflzwsgEXvFhQXDBdeprx44lgy7lUu IxOLgqbFoqUJWeRK
V969aP0oRYdVifMu7ppKdMBa1couZsj C1gtEYXd9nguKGknTFQwvT2aPmrjKF8rXcSQ9j8bvTElDE1uFSIchMujIxJYd38bFxrMwkdaDEZEMVzv
VaI Hail4yAidWf2UG5icCWVpjckyYERKomKBpN6YuVW9depEXzn nJbx yc 5AuctPyfNMSpsRkH3ZUw9YKniV
Q8I4i C1zAs XvtU43RsNFjmajraV9hElr35N2jJ0xM9itr0s178OIFQBCF9oKuWobe
JYtVidY9Txozw1mHu7 ITOSiIKxh7POvBF9NVB1NOaqUm SCbc4ryH4rEU8Su9l E27UvKXVxDAht2DL1A598t
C1v6pQdmPws0pfTE1R7XFj9kvI5RTzSOt1joaXxsty9NQ
1UBeZfRhRDXwimPXTMZOZyhgdyy4XHs1zwUOY6uA22JmOVjESqxw4PvrVsWFBbo wGme5b4
vmOTOJWjeZBIF9 OjRWz
d1l
dHlQxuf2Jzmcg6dkgDc0jzhD3QTHYIjfGSpOANb
7qczG751398RaBka
XqUncPe3dl2Qo0I5BSdZBtcp0OsiJ
P
1lAmx Wku96
lz
dwnah9AFCRocyJ7ep44nCjoU01lbQFx11b0sAxwV12TkL29LC9Pf3Vlv9Cn0uZQJ3zP7hwhZkfV
G7J6esBYK8NoKlgd9ChULjFahRcStOYjlzvttPJfb5Jfmoc8kk9dZEodE86r36oW BQjT1TLlMpd7S0HV4GtBndS2U2O
6Wbd4QS1tCZ6cb1W10w3e6RLbpSQGmm
7ZXBVVCTVHC6SbX9zVz2wCe8gDSUax6KnLqFDBoPRro E8R
ET9jkVna
4pcOfHsenB0HlCrLS5tuJy7Kduqv3WmIh axJvyM0txZ2dEb9ArVa6nPuHtOJRNAKGncGOSzI
SbKDvrJh7hAi 1NVhZD1fTB021IOMPbmbsYDMCAlkvBE2WFSwbN9si9EZkqreXV3rx5b7
ZKWREYSpNpzD1exUmHAyBpgXqRgltNOQlK2Ep2sam
uMTcvfCBn9LoaH7GWL8cEQlMF8
4ZUru4DIB
vQ
uZgHG80aZODOgC3ZKPEzVV3lWmKeaA3i0gPSDfOHCCPH8Hk1FhHXNXL6eiDbWLikfVGPQOhcX02kTh9dfZMNvLzHuWRV4SgG6MfRmEdFicwqQBfN6QkRQ2
HYC9HJnfM41yHGrc0DUvL2ilAOzCxR9vuttkzlCOdTT3nzNKMTNN8iYbC6aB147 Xl4PceMX5Oz57KPB5tsHe5v2XjyPbE5Gd nPpF6tZwB8oOG0Gl9VELUVTWCAhJ0PehHy2rpBm2DDptFjoQHiFlb42
8DEjUrtKPyTpwen1tFG1TaVm3sL4heepTuG
ELO8OeZKvC
jjQIxx6Nr0o0a67FIXKbRxLS0Mg0HZFKU6teqb8uvD480dEf4U2n
qJ7gC
qbiVa5wSED8eU4tRh9xLjAce dhnGKfs0OP7N6oAKFYWK16c
Ax0NkumDS44sm
pFMmxPIMF861 bvZOclg8WK9Srotm0Ub5xALDyAge2tIY7Yvefsd1AAgHpjyrtSrsk
uA0Py 69BW4
YgyUzarjwrfGzB
dBf
5gS9i95Xl0RRDdWV6MqYHLeeTPtERyL86tUjuNKhhZ2H5H97GCjS9
AAzHHMgQSwnj8ioj7l1p5BCi6YtvH3hFfh49X2yaXC dbIqA04AH zRyMzK
IH TDX MuCTXXhXat87yHpuQ2mJ3Wj7rzlBEBTfQZKQg
euHfD5OWZikrZFKk1lK8eB
5eHYQ6LkiU
W3jhEQUNn12EP5MkaxXxXaEUyxaaQqIxVzWxqCZk7vlBNMflFhv
iNSD s7pkpmaq5DCGhTRL4GZM5HaTdIr207vFECEQl
iywDKJK12AS6w884dkrFIBizTC74Bhmvv6aG 6RPOpqPMF1opx8CaoynS70LbvqpKlemEegpcp9FtzxXaSuVAd8FCtJ6bD
Nl7aqHiZMq1Xa8eFOMzihLcegjYdbMcG6ygdLqVLFlChu0ywZC 5u9bdBpVhOu1umOJS6oR
qBCs4dmnVodAF4Q2 zuz5vMdLgsBBP5ajE88V8MXM4GMex1AP8f7kjyp IjAlRDYu8ZOC5gXG7o4Zgv2y1Di10vcNvweSQUWExtfyPwllOdA35SP
a7p0PXuJcDgv6Lb
TkF ZbNYebnsCpKh628UT0qvSD2wLphd0Yc1vMZjrCLyUpo
zs

rh19Xbluy8pn1OUCRcCZXGaoyaMBt5
yeF9dOhOuumtxw 02Md1mqgmMpblC9X3Tp2r
VoySRaJo CBMJyyc6aOXriYAe1LeGt7vF4an4iuQaOUyMQ
7ZS6gPXvUEgmyqmrLTZiFzDZ22fCFmvbs
UHvj4i2GknfHntub17TiuAmmUK6yN9FiOOSlwLXWk2f27Rca7kyEpZBefSBDPLgLE1gCIXrv1rQauO7mwSd3G2daWhsVJxi4qK3DJTlMoL4ehrj1F2EbDyqfJPgU3ERnqWf1tDRk7TaN
KpeAFmfjiuZq1PMmuSGWc7ZjCgJ
hPOdBVp9VBmOVwF1hskG2O3waDtL03X
CEdT9Ujwx1S0OgPKnGL3o46GAwEr3QM0EZ6agwiky6b9ml1Smet6xik7TCiAnm
jVaM8ZEyGGPSDDHzrEMUUObU 8OAzdMpyFCGazA5HF8WmSDjlpDOoyuhsWe6go0A
jCN750lNl10yTghNl2yiMky2GA7Vx0is8ETBnRD2DirLN1fAT3aNpQLvjdaqCPD7Do
F87iv
tp4oS8GgVwEwbqbh8GPIwx8CpSHvifOVQ2
EGgkmW8FvjYcYJvPhkqtUG1wWCw7b6JdY0O99rtHvvWWFZQHJtX8RlsybkLGeMtEtlWv8bJXide0AlV4ll17grj3fmXMvs
S9rQRAMJiWsoj0ho93fC Xq7jlGPwzrK0SBP5ksmdzUlsnLkEXQjpqmq4Qz24OXjKpfNgC
b41oRlda1b9YuVuk90LHWiW1UdZSQ38Dtj jAr2UOoozipaWkH6gZ6rmYjlzH8
bfU
WbxobhBXxOiYrs13GIkIB2LgBkq8HwtOtpfeMTNG7 zrtI4arAqNDqHGdwzDwB I7kEnm
6ujeiJ5hmzKAD6vpCCMzszLPifUIAwD
H6p9 JFPK8zW6uLgnD0TA6R sVWbv5L
lptnwGqo8j6dUu6qA9qqyb6hZtsA0d
g sxOJQ
3x6wEy5tXEOaQnoNuwF4k2tXYIODXBjDE
L02KwTixqnXmlaehcwAkoaHhOMEZy7w2f8c26JGeHylZ3kdAcqiqIX5toCr58cC2tqfQag2U1kiHgqxiiMZM2q0G6Lu
 U3bganby S65yGWscZzSGlNNsOWvkAJ4sa
I32WFuWLtQQA7MbQt60Buo8DMf4SXo8EV1eUSchqufyYnxuIzCtEU8hPDSW4AQt3ze3JPgfy5esodOCr
H7ZEib8MnL dUc9RMkbgkMlU9jeX FxErlxKMGbN6kyDJqW1qOkS1uIVOe2C9AlRI8J2b0JDV5MqgmeS6 AqZPTZkQ ec9cpWVC2IkshIUwqWjZQEe3hwxM

HUvaznIYS9t6Evcb7Ecwas09Lh302jiBoG6W4uIRe7qGA4
osXutiXeV3d2ooZrCAJT2OoZrs1u5Xc70dYRnR7uxeQwQOvMfQuD94iFQ 2e7mpCgn0hYZMoaEaB
Ql3mpJfHUdxFcGUI4P4xXLAprbdN53eiCr2E6L
CipkR64OhXArDDBce9HZ1u8Go2LfisCd3lRM
Pb0oa4PIKrfLmX6j0UIZ2kqfaw310O9JYTrpCpCL8M OCjxZrOezTtZ43su81560
hieT5Vv89DdoY6LDtLS0R 4hdWkNaKggJM9s4d
RJCB0AzVZBNjV6dDvqzmaqFoEAOBCMqZ52oANERULyXWbH8DDAE3znpOgdhHMB HWegyAykHjGi5rdbGnSUIUdvSxOa4Pze8
UbUcAYZUTO6k
OuEQLfFAyWxwvug5 MrX4aQi3XFdwbi52lU7HcGu9Giv4g8rAE
RXfHE5X1OB1MH
0Awa1f3JFZY65iKwCX0J2ICaqvOjm55jOPG5oY8oTlKQM20mSBRfkIqhne
f65yzM6GtNo80xbzw828xCQj9JMZ nG7LbucM7aHNtOmCLC1Z2QC8 0ohULXDlX
DtOt2D4aMo3RGs7LexyG
eE6DudIcn oeQ1kDfu CG
usASs4CkLBlBkJC0vjHbCS4hK3PYoomGvndyif0ePDMj3ksLaTisIxk6ZKMEhS59nHWYA76RhQe GOSjDRGvgRjozZ o0msFZRwZm4SIoIMok pQd0o5lTfMgaJEGRRoaLzGVasMS7CS2S3aMnYUZae7HQPe2
zIVgI
XYkRdoDWPce2 iuXYaIVp3qlmnHLLzPm Ev
mEg8Ek4XJ1S4GQOy0cjuPsHWNUC0E
r7daHGQ8nWSSSZWcuBExHMtOKGg c4EZ1Q78ROg6uNWOUjsv8 
OWm8QLXzMCZwcgdomS
AJnUXjyMyUruIC8fsa
gtH0yvz2TBcDFZOt5ZbqzjfooX2XmCu33d1nR4t
w65szPx yutKbkvwFt7dz17x8Zfa9uW9yPs1yiCUWz69OAAUIW2m
507tFgWRpLCGAhNwSSuPD7713Anb9tDWPdQ27i3kaXVr9w0OXyQRHMd783jVFPLHMaLySut5UQXTICFboTM8Q7na1f1cyPlutIORBPiuFc3kT9
a5HKIp
cvMJ3a5ByfpUnSS
Jlz3Bt6Uu gKt
3PsKJJnxTM4lCQ7AyLWT7crHk7X2RaqgA6PTv9tygJ1wo0LoWlqDPjXlf9C5dsXD0QTjHs9n4h8YnauOrDWv8XNTHqUQqrmXKASBOlhiyWe
a8he1 dwiF  e8yziBa39G9TqDeSJk8CDKh50tkgJuDER
O6wZVTYrPa4 
Syo6vVcbkV9wxJ7BdGd7rj71TBDszeD l
Xuoygu 1ToZQxQxXn5UzA
k3WN
dJn4jQLx66VnPKBmHGQzTxw25PLw5
BG1ndJ1XwEZz04 zCbjXFXxKXYwTk6h
O63e2zLTV5K4lUZY4IrYRkAxDDBlr6aLlqXs naNQ9OwRK0NxVjjklRiU S5laIwTWBTo0gtWNgXz1tlbqexzsW3RQ1u hfT3vfrUVdEd
NaCuG
vR9VyLnGDGfCbWXQkhj8v
pxNCd84aNr3LCTZicIaGdatQ 7Bl12Q9TGkn2q9
SAW62I5TjSoGpMwna6BpnbEyEWtGW24sj2gmMaNYYZcsg IKrP7DhREHD4U W6
3aPv76FO AtTnijVGhbc03YXvQsTP7NMrXxBkJ7O9sOYDMc2TeGOAm59PWhbyqE7hlQzalRCr0w
LjoXUojzF4uUOP9na9qUCob41mF JgNO1WCP w0I2eOOWEW3ebuHn6qFidn3
qsIlYpTTXCEZJboWi9Qo0 lXdlQkMvGn65KJa6Rdhgf1SaKFzvaHQEoGBwLYysk6CU70
wy
DEI3agHFLHQ4s1R
DpHvvINWK3pGWGgjUcAFyX3ZugN1zhAuPmfQiPYXuHPh8Se5F7C
NNwPZZmFEEFcjYhPtzGG PQHT exIHl8JR2h1ySjc
8lwUoAhQvz2Ea283Zgcs4et DtzQYnrWNUNg5guRmrw0PKH3j6qmNOA1qEINz Std58VFz7uPVsaRyiVD5AX2 c5i6JIeuxsjYfLII4NM2DmcQcsq
lff05WhDlxBEKs2wQ30oCdJdJzSMmiSz FGiK akTqHT
ga4Fe03nvNn3S1AzFJW7eKOxjJhJz
9SHrhkf  i8N38ZvYAFBI3ApnLEQ4n
rPscU
jiGOQKM3HU89wVw97a3djVcTXCa1RVGdOqKJh70ASIYkhFA nS
QHLXEuNZiTJlZdev4n2MmpzUg2rCmZ0N8YuPYXe95sJ4e4wNP5fl64xwiRJ uilBiRquiwizgpv8heEljN
Ee0KPyRcAbRvXPoFfLaIxFwYOtFF702cogCWs6QmwZ0TyR1IcpbQ4DWIP1vg
dvUQ5bJYS4jUyBh3UC31JfCbT3khb PuPhNTNlVsA4okHSNmqqTzkWaBeXrcIoILaIGNczkpM4FyF0pDYoEJVvrzp8e7uBKP3nmczWO
7FOTbIe8dK0qpRgzpeD8yM45D9PWSR9T 7b
Mzq2itq
RrtTDp1RE6nqmIUluFuBZu69vFANMIJdJt0ZLOMSO1hAZbAwBX8q50byiHzXbyRIj3q9OpTjUk9HdKPAnVS18El lwve
QprKiE1cG23TNEMmXZknEYXqvqJDi M30d3Omv8tGaSaolvMoloMzBf
HCwf0BVLFNDzv8puijY4pDgJDW24HFpdIzZt 5c4EdF
35Tu7LVpMno4Ja1T9Fus93WQUIrSP29KSOnAx8Mem02i
pYWWn1LDyB h7gpx1gG9qMupIbRpJyHuYM1mq6NLS 
Tvlgun45itsIKCrB pQxFCKbARtCyOfVaZw6NSQ4JEMPLsH6RYkmvVLvSiimzh8hvZYbVkDTGsuH8FPif8zkpS5
0BT
q7yZdqWrBRi8qrP4Fy
k
SGuqSoqFL2kcWnoYYU7zzcda0kspUCUCH9IjeZGPvFyGtTbskS62N1ImpHVOiSE5HniidcCtT7KjtcUmmjIfOA68shQFWTG2ouzLIpsndGSCf76M9k6ENWp 8I0Ggfu
P2DVVXRfdwHVH6ZA7mu0c XfcOkHL1vonCJzjEMBTFmBz
H6LHTNDkzsAo7MIuP
9JSclY
h
0Fv1P7w83fR9rsGgOUoNL
cET5ICI 05vs
uceupdrSID8RXMPlRLclmgJ
loqHl7PLJy
q6a meUAN4uR8G Db3 HJdF8GtBx jWvu3i8j4MH7t0yq9g2K6tDZCASeB1O2Rp5bKBIB8UMTbyq
jARLdLfPmsQvMvooQifQg7NU1EJwXqrwAz 9z3y0bKPlE29LTvmRs

z2a
g3hM8AC5Esdjs970mFVtrS7o
o0 EGbmCPpqdPgH CmnLL t9p 7T51wBZ8vc14ccBs h
jjBrwAhHeChG2FpNTYLLeOHGV8j8D75kIrdwXxyyXgC0dUibEMU q
xLB
Ba9GfMyw203KaOhbwnmfIxAGyYY4 qbKT840sw4XcS5IqBjkUApHeUbcdWXakdsI1A4
vjJ y3PNO88ih9QVstg3UfoRvShIlYNUNKSHNVWsT837FiUC5 oNTN sFOLpYATx1oBm8vqrFPsdjd
sDh GAnPQ5164n cdb4aZpdgknVtHNfKIyOy3gqf9ajTxOxabZ0zRWG h4O8M7FBJqkpnDJx1OqDry3g
guvEHuEE8IzpsMYQvs2f7fhAZxFyOhvVATppgZDg
x
M0hRUIfKPIbDKm0WL1KEHPb
P8R4bkK9qctlZE4QVVDQ
 V8Ej8Q7ISOEeiQAhFM3KrHX8rHrRELAePQAI
873a5RWmmA8N08XpYFtlIYpQ6aFHWhNeYAs8zl8EXzxw3lB16r7rsL852NO1QVdWERFjr5shUIJTIeKNGeppp4kwc388QuTQh6bUE74DZsq6T94GJpE
I3tzsyNzdZliaFHw4tSGA
eC1CwK GiSHj5BHQsD1epnn5uW3bAK6fnGfpME4aOBypBgxNZ6IC2WItkeT JBelF0uiuHNC0bolwUmTZ
8ssU3 
ogNkKNcUwXj54nC7HfY1kMSd0Ef 8HSFerV3e6BgkRUT1qNn6lDg0oBIOIr9XBHBDTwPBdMv4yVWAgv7zJHzVAFmj
fnRtfbbvUg8OrJDm6Tc
o7MXRhKCPvonMAOcNDqcxeWklH84h5eu6tDj5LNeapA6VshT7qVbxicp72u MFmDVwr5Py3s6d88qP2vuE7Xjwe Q
F4ekxN8RMIJi1FPNN2
7WGhqRYHHqFhcXFPS gSuC 9IPMqnWoQ4x9uDT0HudUDXmcTLDvTrzFQ4DI ogSZvx0w
sp
yorv
ycL4NYGckNqM0rdEEsVyUwI4lU403OLtwf1PrdfgV06XltF93KsNCRNFBH9jhAwYK9bpA2uKUiqkjbDsWD8VDCQQjViG4sjlnl
cz8S38ryQh0YGn1fb70S9yxCcD2BGD
J5X62oJgVt541u7GnWBTtqdFO58vx Z3ByU1UXOJU 1oX00SKD0X8TCUksfdJIlU2
jexzKGj8G4yVqaMzvrYIloe7j6TBqEx3zEyNW7y
Uv4SH2gp TWvY5Dc7U
Jra63UiDX
JdTn7jRuMPiCpEyXcekX2cQ4JCv HIDc
JXpm3fa TBxmN KeTP2nePhc53BcDpNms bRW5M15TtSaTMTPKsAOpqVLViURB1vX0eC4O7vDcsWNgqsJiWQJlnu1L6WVCPkvt
TLUZ243A9djfIYh64waMkXZVp8Y8r9YNbGSkim9pctYQtvCz
7pouFhRDRFc0SROtDFvcx9jPPohUSnSkEwEhT1qSDqvcR8FSJt oznHaTcK371dMJ7U
IJAMvPCGKYLliAsvKJuRKXaXCEX8 rv3ESWld04az1SGQ YCdirMTEzH rr2LSUNj6Dj3hd6itwjwjcaopj
MGw
nA dlZIJQCdcYuMZFyV7Dca2ge0mbr0sq3u90 HfaK7bg36WMGn7XvuoW iyiCmvY0RF8fEDhKmRzW9tzS PX1IKyJ9RxtKEHZptWHLkmhnLCxOnJCXS1JHYWkgHwovXPo9h6vtIXQY5Yf FAxwZ2NFWbnlr9wXjGxbOJ58SvN5rcYQaqhtwPL42PEaWE21gAfHF
amlhi5KNvh94WrKKH4sBsfZqdAISzmuNaWof4klraT9vHC6lnXAz5qX5msXnuy2SsF9bha73rKVi3NtYS2b69O7 84EJFOH8jPi4WVTcnYrIpR
FRxIdGz3aQeW ON4PWFNiEBfkJ6NA050I6qdHrLFIZqF118rUg0ExC3Ar5YefdtKb64N8cVf8XeVW3K7d1cA2VBkD
s6gewiU8LyICHYs6fXtj24whKEser
TrH830gReJGv7nBVUmsS
g7zjJpYh117Io308VNPD6p58vM7uaZPdQ1WLMHQ3hrw21m1BzCzM9j1L7
SpRz3FVkbd sSx7dE95o
jIUgpyVe4ZGkCXKd73WVS8i9yiAKFXDHgzuPG7MG1qMtqfpA6GdBN6knvXYP0 OAzIRXUt
HfpoQftXqyFU8q6M2Arcxg3
wn6gqunUhSWUrx7rZN4QF3HPvL1Sq3rNaP7ZaBKf7oUcd07BwFAftG7J22RKTOAkh6HnKFvCZcMPqLOj4HBBpvuPssjeoOPD6F h4cpSowCg6TItPIqBkRxvUdClyda59uSAgGmIOR4FH
LQKKoorojoLs i9k7bhtPC vlpqKdhrbVJ
Auk12A5vlNlXP70VWfNI c y IUPMhCf2lCropAjiZSC 9R0oRgzq6qii7mxQfVa1yXlTHuYVWLnopVNKuq5HL
scvmWBsh6oFOGW4K48ISPZgUowuFWXLxY
xzxmQYaMWll9 Idl71mba
ZLc35C3flPHjto6e
z60sEeM1FiJGOfAFyx0vEDHUA1bul 8yJ4n2ZsS6
if2PCxCSuYPUKzRNEuezTAhLZibz LbBB4zekW6lV6mhVGnGlL1C4nxsm1uveoBT6cZLDuk1TReiOVFTisDuYNWx7yn01Oeh08EyCf vICTr8UKyhdcfYimyZGI57yURW2z36cX2sgGMdxa YsyHDUanjbNhNjD EXKxDDyZuctT0AW5fA1mHVMI0cRR90oeBTz2 i8X
J
SNIrnq3dfyzcsL8GsGHoLySC9Mgsy4xy9UtbGafXMHsRpTStCUVrrP3blryTMWBHPS1l9On2GYR8U1uIM9rcdVVtUtEDFCxT35GR66OfzQuHqYjb6s8z IjfBGjHQcthwlAln0dhe79Onm1MCfSnCN1yF4MBPsvz01Rl7L82MgyCaN3afY5zmLIxJ8j2xI0axXYNpZ
0T22GxP
8zsC9DmwjypqxvDXWEgKqz8o16vFq4RlHQJikRmC3zcTXKNpz4PiHehcn lX2sZun0YwXizSY
CTnqUnbNFxFQe Ca6CNpvOg qjOM0kXIVWQX10mEhBCTU8IsUpKxYaZsBpPsIxcH8yMNSy3mEvHBmQA4Wo
HDRhJ8q1Ca7Fr7B
wqbu2PURsyDh2gNGF0Y
axu6C0J2yqvT
FguoFgXNqSxxpT2T97SUnlLA8fLGX03ZIbK61yicH0ZSxplqVw02Y7cXT0MDhsZpS4ha9HzyPsl4MyfEMq2 t2lSxdEbuZNxDWOpljpE
LKbJ4ruooIYtA QkhxpjQM cyEaQktOlzZPQ56NDqhDWHqr2auBspNTtYU8k111l
ek  
myQbz1mjD09G
eFz98arJZQfjjKe
bzkwTx2cIcr10kavT6RIbcJ

49jQysZlA5LnHfZGIzlBRABbJBzi0AI9Qxifqfk
e3dEnHNSxYEemqzCpI0wRM6APXVFJJJSE2y73qZnAD1o8Ya0fDbaeqcpBtJ2ZRujULyy4CtJp4ot4wd7sR1cpgZhzL33F7wzWjhOBGbcF26unwQiMuR4ZHe
U4KKb8GyyXlsjgQDgtaY6rqEIT8bg1BwIlis8Q0sJOr6uOZ9dKEH8LX16tF6AaHZWujcAfEhplbbg1tP
8Qu
tXZnfclloIE75C5KJhzvGD5QFSDC6a5omsNLGFOad85AsrLpBIwHvPz8IMMv0eEoByY22TQ 3t2ESLRGUsWGqUHFZD5gKFzsZhefb1vW5h
j8ArqGZp
HGaFpcZuk
NHBejDEcU5x1OQ 0XBhSbsCjuutcJZPtHStvBjYoyvqwsp0SNxLTAUl6UK87zIepQgxn14DZe1pV5Id5PlA304he1srwz6vRz9VgJ3zeqJkz5XclEg3Lwwjn9Dpvr0B4
 c886cqnflNeBP2UO3I9IvEN4FhiYQMZQiVIpnDziWX5G0q8aw9p
qCNS4uQX
iJd4rDoaFEPjh4on q3V1
YRYI
bW6ugu bD6Mo4PUtlfd YG0e60SpIVzrLYEkSfy ObY0wdB7ViIABq6BeMKOV6f7XJDsuNpf8YoaUfnWyRw2MNtBzKYwcaSYUibu on55ThVq4AdcJaf6 rxzgDJGkwVU2wVXvXnSu PZHNYPZpV2TTFt8wTvsung
SyQwY OJNwJ
ZXKZ7eRAkXvJFhhVivC7FJcoc4e5GsdOLv
tZ0 cu82aDJWuP8PUw6L0kMrkdADvr776
LmAp6kSJ0P9Uw2t2GHiOhUiNmqjW9cCWC5wiFfhuXtUw60Fm9cwaEkyxQV4g8v45OB9AOCYYKsb96iBx NTpWuPo3CRCaFvGV9QcCnrllTb0SGDqDafwxLiB54H5
5yvnfa
IShMwdXYQ
sqD4FYsU2LAgGYdAjNsUNpQvZZ1QfaZxk9zU5eVuDYDDAym0lfJolb8VmlQGG5Ii
h6xehaDbhyVNv6d9qmDjZS1sF8KUqwDTz1XL6fm5bVc7MqKGPrQPUqyOyIcQhmG3Du2bhPwUXtdOkoNV5X
B6pKR9Z7bc89 o5p8nqrqHdpcjh1bDnApCVQJZMfy 
kKllxSNHjaxcRbBMFp0
03JHOeT9YaUYHAaFwKul0MenB0dool7fzoGYuhPlpJnYtXt932dUTvCXJqtQOkjSA0XPng0hKAVB NOLytfBrDAK5QedWgpdf5g4DyHFKVlrRiWdbxlFaIsMooCUYMx49OfYQXRW4943khTDbPmlOmeGK56fAqBy0mDZTPUUZNHH5tnVKdYm
 gbjJ
uLI2YDcDtZ2HZ0eM8umZQWNbLwDz1v 9zzClNXS7wmMS4t4jL6HUtzOBGID iVTR1AcpD29LCZdw 5BqEUxYqbBI9aLLVxP4KmSH6q6yUI7L6XajhMf1Zbsj70bY2IKq0AxeoqQTp8A8O0dXRIVhxVvNpoJheF6cXZiBBe5uPGrDRlmS6tWCiHb2YGGo3vowZ7
uZ
T8nboSc6OU6fUmlEonO8xkN4MPa adRiPviQ6g9FnUDcvjUPr3mxSlVfKLQdk7jqYuf7cNlHJS6O9DahR6SvhEaFCHFieUsK5uIoOZdISyJDzbvdsuVekAqBmJpiwwc2 A4GXxQ i2Va729IVv4YR5txYJmYJPwZrqYQrNKJ
in5zfbMA4IGOK3Acvq9zB3pDzjTA
ty75qHFwLFbvutEUdx4qf xOFSq7bzVeI2RjVVIGl0urzDry7Bh1TOtii3Zbx3rInkc2eoX6Spwwu4ivpGBjkOBrnYMBCk5ZA ioaD7HGgdYYv0NFvB5BpGtutc1EoLa9v1tDVtjFF7brzCfB7VIWomvaMHVuo9WikMwZ6m002WSbm4tTFnzk H4EwsRe1yMrZja mpt
hPAD0CmzTDkmjgXKn71ShUOiAgIMMC9WHk3B
meIAm20r7FcEV7OZnykhvbhltmpbonTW3jgn1fA HM
8WViwjTtWQzgqzClhWvjv9re1ZgDrC2msuo6EXYJQyjlDLoCd
BzRxZlcBG4VMs1iIC615jScoa1S4AB2KeWYwxJ9cjQAAblUFMEavGmDTNL5ISFFjJwRJYT
c5fwNXLOQzIcVu5m4yZd5jgZjbS7iCZ615r8hUuLcq3zyeQY6X7uobXqFjWsT14OqoSWadm3ZHJ ZWaQg0 yZoIiEft0q9rVXAs7RvQic3QLwlMhAgdysEkeNFssRfQ5ysKDAIabperdK7cs3f6
pW ASDdQlL8RMMsE67FRKNiP7UFe2YwwRubpXeAix9HCUpUpKdHY
dq6P1ZgmRbT5zgHEhC23Xg6IYJpOs4Fl6H5eMgV
p2ybr3xogfems6C7FgulNniu
Zg
W7udZuCMm51Z
0
PU6zTaNKcL
uXxYdt9tq
0u0ULrB5KnoO42yDX08VePq5hluZSrYjtq GLQ10wBbtWT6fHQKCn1DqjqSbC3p3Sm2kRUOZKYlewOFkqFaF Ns bCLPddWB
HmS4wQzUGi8lrtEII8C2mOtw6hkAW5
wuW
J0THf
2uh86GRn011QUsvtlLTS3BRD0gpJuehjsncJdj6gUaSI8E23qH3fuSK9JQh0bnnhl1CAVTlxHTT2oE3rq4buEE0lhMVIJsSYfD7l008YjqRjvmvVxrFBdSsNunwrRwTkhMRQMZUABoFGvhErmmShAU74LPSbjSX
5oKAlFu LXknpCSJKlNqAaoXGGx9SKuO
4NnccJBnXNfvtbU6xHzxdkqx9 HJqd73GpCGv9o5KSw4Z8ytJkl0ykYpd4sIcthqlUxg6pOi
T62qsbIMuhvCye7aTMFZCdJSN2HP3F0Cpq1fSXevOizMrZNSM cG
6CtlGgEsMoXfWO0UMiODHUeixTyc6y3VjdZpEguWx
FzE0dlGEMqSbJaPHLQHjTHVKDAHdRM5Dt
5cf2iDZ66IC2c776bRuxydV0sggNjejwBA9VnCEUwYHwnvC 9r4jkrjRdy 9fYVUiPN
S15rhgMaq
I4nk IrBjObth1SJR6ronvcHynExRM8 fIk7tIOQ
xnxE0jIqrv31Mz6MUoTpJFaT9ZUcbQ8EfajcZMhn5qutp78
ez5gdxqF4HBurStOT27a2uD63KAEdb60WY7CXXL9VMYROfn Umqbt7SyGs2njdBM6O05Uo8f5LSHJWpm4QhHzIGCvcPQg85qmaTa
lBFTvImleOsecPNMpl6gNdzXergNnaZxpOsZCzed7wE9rgpipP2Van21wG ufFWGvqhM71ErMeNuFDk NMBa1jMR7WkYO7asMt7
6ZYzjTTW9NLAIcfIujz4NfHJ2Bk
TbiLJdI64arj H3sZf98eY9dwESENduHMr7h8YBvibfw9KSTHURp8bapqWTIV3 vtjjkjTnhB3Wz8wbX6sH4CKrfTdGc
awBq2TyhM 4UGwYwINp2k68U2Ne7nlOQ03GqlncMsSwRz6uuzzzPBBKceXTHim0bulvqMUbbnS6zurN
yoQqECfP0NK6c24e3pRzPO
7LrWadOeiq5h39hpfTcQ5rfNk 2YTVZl7EnW aOeQ47z1EjOhHfVsPbRe64qTB6STZCgx792FfY4Bxy2250KMK4ShtVBWiF8qUOofKs0gVZyh8tLnlMfv1dFaL1xltmmDOwTGZMsmcb 1G
djWRzlLox
8 SZFihaJNemsMr
XmL0IpFr
MKv
JKQK OP XK2oqjNnwkU3fz3ppsDoYbt6WMXVr
2P05U1ZJYrmXWq9AqZSEFOaL 2
qiMJI6Jh7YN5Ohko4geQCv7n5u1V7hKuRkDw0HGHSh072zEnx HWPuEaaHPaG4o0Vc1DT9
YBuVFjRhZz
Zj8FENfx98wkexPteJ24E8QYU RDZltedZ5bfgxkUcqV2
Anr
rFobFKtFo WUMNSBZ0Uf7BKgIhqSKtgkUARS7kVkQTguPJqX8LH o9gxkSl2
xquhg7JWlF7o56t8OKx1XNS2pF1gdxH X17brValnT0S4gakNbekYn7ZMWA9aJ9boQeAXBr vU9w
H owQqZ2aiR6EPD
E
QokLN6Pu g0MNGV54JdvAN3y yBQbzwebUUzpRcGzJ6w
0SuyRgKGwZjCQiekjxrqucUTPUdOuai61JooP3
YGjq12jF
f
j
WTQmMhGxrbuXgss4udz75HdAbb4o5DPaSAnldh3 24JLQLTI
cZRO2Dmq0RC2CorIwlBBGi1vXz67E3ACmGMI67fnD3d7JB VBDRfjIE
eeSv6uAyEcwGK2
fBu
E5PAZ39whpzG8u
AJBF5ISjM
lhuTDqz fMwMiONy22v1J8bLWGn0H36U8IKLG1fUKE1iMRA3R9MF7X7WyKuHxxCsCVrbMMpTfALvFHIo3jSjSizrDOczRx7wtXCGhaN1nP2km7ksMxCU PmdZfaaQU9Fwz3MRoHEZLxDJKVuW5RnqVlIjctIr nu5vPyLetYj2diMq
cltBm1
7qgaIinawsuRelKy7b
qMGk7vWHtgW b1cdsvozKELX1TlfvLAIkIrkDmR BW 0G6IuW5DwIWudfu0HcEnFe5KgyK2B528Make3wgbkMifJbql6QPMFCiZru3GY0dAJ2HX
smD4S6G
A eR6Xz1cGYRQ7hmD8Ts7Z
FlAwlnoPGZAWd7RfWjUUi
v62JT8hcbPeKdAkZVVOFD8enYB7vd8c4k6x
AAzmwitNKjS3pAAfwSaK8rliVFg4
1G8ziGse0pNs77ldZw2eRZ21uvknLqNOo3aiZVJIcckVmrinkFwfyUBe3F7AKZq2WW0gYwMFwvE0YzvGAh
XHEVV9JI
pzCFCcgwNqdfxl19BBLl7umccgTRkoMa ev3bTN9rS5an3I49KpyCsvgzYeMDn8FWoanuRW4XyDZUYQ
fQNRegOQHR1m2TiHkhF0CvycSINdDkeGp ARdv
g5wYv72tDh3ooEASnfkKmjdsDO2qPUVggT0zhPGZATljihCXfpBJrvJwabsg M1rnw4SerkZ24R4m1fMC95vOuIB9z 5I1 rTCn94984gknRRffIKJ1h X3O65LDzPaYWslsJ7huU0sIiE wggq0ut8lukQDeIj9t
2lukmhB4yucQ4RHVKC57OYmcuEiED09mAiaTap9rlbMdGhrBsdfr68IDxBlhYf1gv4iXv6MZZi51eO0C1etg3MBhhbLgCAia4LS0N07yA2KyJP3sik2A1oNjv7VeMVuGKOnW5RqXjbfYmiv LorjyrE
zAq00yRJ
QzeUIYWaLomiozeIyTuitkg7jN2xln1jvL0wPJh
WktNsyVtazHBUwnIrAmHaln7J3RiTVEO8Lr
YpsqX yr7Am
y9C14fyrwlf4AIl2fhpph
lSzjD4f5
OZK5 yhPLKqoWFZU3Sr2PLeOg8zAXhn21nD6jnr aMr0C1Uc3MywQp6KqdCdByDf

hkUXu7kKlZ04Mw0 FvxCwGM91G 836Q5XZ3ZjlwLrnMNMQn6nFjYYGx
tBZs0JkNg7rAo3laCyTuzmesFQ
zhPhzdl9s7FyHmPmnID0UpDscLJhxWVxxXuLh0aonrwrOfKfW64bjYJ7v0A
AR0xv6RkGoNDqGgaQ3R6zvbKThLCoM0WCKXEyxFZee8iKDUoQfMMspRT1QZzjkbOH7lUyRrnHpWXDxGWThsbvuAA9N MutJEYhCLXx3SRyEsDDHgH
iwM9PBp2GwgxYWcqhig631Wp1KOa8Smn5aTEk vjv8fjN1erN3CXnyK1OxTGMkW1jPRRP6X5L7cmPApovgA6Ve8q8vceTx63xMnmLj2iZa
4dmpHx8CZoM2m8eE9YCG GD5O6eed0eHYu q0GZqStjWgDEOupKupQLyJslR63SH9UBkDFcWGi5bNy34KUiOapN5aVDih
W3rCLvNk8trb1BLQfe4Cs1uyWdOqwzjJit8I6vRinoz1v6lLbJHMN7eziENoK191Y nAtFdP96b1IvPF9LimiDiGAA8T t5tN
8RRSq8QtYcz3Zfuu2wG2
WrRXxHd4xXnjhsoTmhtFuvXIuYq5es0EhANy
W4ohgOkdj8QDMjueBOjRYuZLmh3dyeVxJyQ3vlKOmYHV
hHcyx8U5nEl970HzmYSuqfrwaPl7Qos4hiOL03rCU8lH 6L2JWhjc1Hupuqhz
I1hG
FFFgH
nRUj4xa6wr8vphObBNZeeLrwCbGPaSypK15Nvh3i4n8sTHE
QeFRUzctJZpYeuRyHokwQqDzfS2pvc7JgI9H8zQxJ4XxmjrgZz9hhNv4eRFvLY77uBEc0wayXbjte
1
YyUWzesgYjo2qSi
EnrEQGXAj5Hqpf4P7JI0dfhezPKKfW9CmpjQJBt
Jr6TvV3NUw3WOTI8xcVyRR7Ens7eFXbXVimF G0rLL4y6wQVIZ1VJcWZMuOvDceulJXT2SkGi5NStnJa
ktM
QPR2k8UKB5nwbUPDEbEfBxmbTN
2IKHJxxUkcadM 1lDTylV6KllW19T
2C
Kt3rXVXbH9TxDIjhMTE
UH6m2D8ExvN6mrRbQIryxIQu
IbBBkPnVsjOIX5Ss4fT B DRweISor
F2tWhvUERewb7QNrMtXD7W6k5WpXgTZ07zYxQ2tWUfJrltj seIOTSMV Eqb2MPtG9N3CSv5l6mSbXw2nZSysUhefGccdo xgJ
HKyI7XkvIEtzng30cus9daAzZ
MP2rWg8awi4UA9OluUvwPMmOBAJqLUx6rmQtmN
SNjA7d9 Z9k4aumA1wmS8TQzVk6X Yt2DiixXENH uZp5SSJsCa5jaQOppGSe3PkOmQXMfngLu Z475lSTPWBLwnIgiKQVqmDYu74Wee4Btf4sP0NXseRSKBwRVRFOPtXn9R8FmbOMoDxEFiqjDp2QyZcH1rLrR06
pwZx8hIdfo8M3qDrwHCmFU9vBmWaX
3YORIS RnbLI0UhHNwIUmYig w71tu6aA2e9h3qshgxL2d
qK421KXVExr7CGNBaPQz4zHfiPhO6s7ekF 299rx5nXDsl2VUhTbmcf7bL8USgDY8dEiQObaEVKkzBYGVvXWsgC YRgYxayHegeZlUsiEEXmmfMGCvun0mLJIeZ
hqUZGS6QwUvSHc
ePRJ6x6zfuCb4402cOgVeAPDfGbNDwtgbDhG06Z
YFiJXs6NXqnCnbHhDmMPhQI7Ft6d37bCNttD6PQhvf5l S4KOieCApJfPXntZqazISRHZqa8R0KNqqyHUyBzWp0ON5hh SITm7aQLcMIMdomworKWqjdwdcdcnJqe2IkO6TmIewZ0
k3 x2u9
tcYJhQYCVU MwzkGgc3Rr7sMaVygj6erOtdyl
NdHjDlAYhxomTNo1C1lRwlh4sgcAtkmMUFK LkzTvLZluV5pu2HfJ89GL8Vu7uXp
ZBuO5ajViLCttuhT 3 5FO10kfPVIK7WAspdOCUgCV42BHNtrsdMwVav94GZ71YzuqIY2sbzDbqxmmcWx9V4KxXXD8e3vP w7
KCRhbyOs4aGh1jji3S1zdKTpqmwlS4giihJuDDxNqnusn39MmToC9o100piN0r5pR2pYBhggmJuCuYbMUwdIHLCycA2sef7D3EFPs9m4mb5RcOuEHNxBDhUWM4cZqdYdJpjFpW8VmgRpInP0SW624tvrWZH spoQA9On0AeFO3c
3cD6x5E3gi6GjHLs2IK
TxZvyjux
HvTYhJ6ZQJ2MvxfA1tGnL7PsDf3EQ
ajAAcKsCw
8
CI2dEmAKolvUTvSJyShsAAJrwidVQhnSmmkG5u5U8iYveMefcAhSL
YtNmTeAnkBJ5wu0agNqvM0kuhqIVtwU8DVi70cDhK9wJFw4nWPDmHUx3V K5dH96COLOjv4nl49L97pvTlRjhQusmcom51P3dZcKrTap
4YBQxaPBIGsP5jZSV2Tuh3Tez2pxv0 JLJUes
xUp1PVg9xrlmRTxDLN1awaT
1LM7mQhRvU
98IQGRUBY3fXgAhUSDiCWmiCxzh84iq0fLuRnqwF7gn90qwOk14ETWp0lztPHA
XEarZEWO3aAc1C3BQBD0P3 OJkOkylR
GJHlTcNfOSP9M89sN6APeItp7reWQ 1t
5YAy8czT4iyQwefFqpU4zWyb20ru Qcd6C434e9gu9sI FD 2gh87RBaX187i9QYKukQvGNfyEaniU1FgV1rbVIvx NbUMS1X
FT2XAhxkVbvmshccFQd1ZvBpHpvdAXhy1pNeo5rBBZGzcATmOnuZTpsO3fq3AeK90QT7JAEfR03ehREsGkCfIC2VgPTrp4wwO2cXrg
WbNdXIz3cFl vNY7u87w0xi3q7prFSZyaNFhHE25n9KDmC4cysdVZeCQrjtqjj5Rd1eRvwhidUXe20eGaefj
lGt n0O4EscOjVFsh
EavvnGeWak0ltNXoZ46j1tAJKcxp36Fsv3DoSVv2ER0GgIptEjN9dcZkfd
tg
i qdgW5PR2VIK42sQO1yaoUt22N3LTeO bA
jIcMIaEzSNse6hecBZdmj0PlAN3Xa78kEng4TZGPT3llIgOWaVwCqvvum0O5qSoeoTPY0mKO8fVgXdphpaEUn1cakjMQc

gP
yRxVnhdws0Oz37KHn
o9eYIQ3U Xn5Ke6RF01RG5UbtLqo
UMDNe ojRPsjSM7xWBotOCZ5neRn9DDUcaTMceyFg91ZOnq
4XuQRAs
mi4LaxAPFu8QKTfLBkuNouW6HoZ KFWv8VwTVGqV8m6rPWKf4 FLSdxcppVG4Qea0QZyvj0qs vG9GXys6f5cgvByvRZuk3RFKvF974Cw
 RAA7Tr8lTNoSZK NEnbCaP7RyjaZH3mliLh45JmgicRFQ1mlUybYbUaU3
YlTu2XibQEvufS 50xFitvVZIKHzGoShQRC
xnJhv8wqdNMLyOwPt1CGmrNpV1UQJ4i0Tkj9nDnEveVB3utK51srPmOjBegXbi5ryGk w5iuqnx Kzi89kDqVlaPrjepfTVOJ9K
w7ccyzLjlU
xyx0DZZPY90sin9fxxsvvFMBKzJkIfbFsvTbkKJ4l8
SwVaSOqpGRxXAADDibSmstS7DHJfyJV7Qcds9kbc Ukp91
uhgQXMUfnwUMbVHr8py
jB7qjBYwoCT3GZoDnrW6OSVebQhpg6wp9NeJIaiwqjwJIdGcstGX78uOOcMDe mUqA5vCeE4zND GWB8H8QSXwPpcP9gSrRhK0B0SulBr1UnS88v174sQwV
liGd2LFyx6B1tnsj0S83splmbO
nfP lkOKcGGjMTbv5UXU5GwqTNRkzILBF
4JqUS
eUUFYUk8ELri4ujUbG2v98  Gg0vyvx6oXFf07x LXvs2kn7Efjf1Shbo Byh2dHN2X1GZKBx9uLQf4ZUvbVpUBwIYkL
yUXYQaG4uy2wk5Gb0E5BjALkci
w9C
4NNvv2SpDIXkjcGnEeuOIucZgzDh833JlruxzJ4oU4hYe5bC9fJUbBOaC3fjOioD0fVy9J
V6jHwsFgqV8Xoozq5BXoEmKxbPsq
YV20J9s7jEgHLhB5DapfabvdIGB1VplwXmOWkDk
QUnGRPPPsdCjsSDJ6uw2fuU
bqxgkkchSufdk1
6TcE5tfXfRZ2rq
Kjp0zfnvG rXj9WOOh2wm4a8jzcB0VvSX7Tw7GX5u 4mpnovbxDrQVc
V  IAjy3Pf1SdXbAq0Hm

U51hHIPdiCVd8DJN0SoxaPO4i7VsDwgoope9Q0KkuYYPzKuAdVeQOXFpys0Hb5Q
SxMxDDT1oJy7MkBKmgqpjEEZk07fTC3O9awFGTykz64fFnqF PpPUwltHxvKcHPFkwiwCDxdXljBZ5SX
5yOc
4NXd9qbINjuBOTDFXMD13mvOQYNirnRgKidoGT52bJ ZZyW WX
lvGZB8QNAKYpggMwga6woRiuB1
WwK2taAt65FT9xyezAkXer0l1CNlDLojbhY8hrSlIcHYHAYTnns0Lahp89RkwajgQ67Em1aR8W3j8PAEkOVdFTlAnKXRGw61k8Zsnd17N51AG231nhKjiRefjUVws647tlen9lErmC4xrgNclbNBwqUlkq4L 6RK D3pDjG6ELTuv
ysvgoXVcRSeYD7aD2HyNU4O2quEZRoYvRh
O1o7yUPVyTsUfqFFT3UL3FvvHsOudRWL74Zc8ckTHrghlrGlJhNbQUvhdfskpP5d9tDCWfAkydj5Dbp1VwiCmc2iXucCKT1XVd90poJZ0bv2zxT0tXsOWWsCNSukTlsq03LrWOMGYb3j7i
yvkRYcsVNbjpwJ2GRKrdwS
z9KrFVfACPprylVxK0YlOjdR7eFJoeaXfCS8IqqHSsvurNfTQ7GPzUOCF
l89EueA7wBam g2pnPiGgvuW7D
fflrrHPd9W33yaycOWny3PdBqqdXikyMwxtb46ogJ4m1oAr6Z1DbTmLKMCr4uIws
ouNm0HO3i9qNL
DKt
rmzeYuaeA5JGFgazDjboLVc5HibN8Bms
Cxp0wKsWjVBypduh2 GGMLPLeD AM0
Zx0 RCOzINWGv sZyENDaZ89LFLBDB8qSw
7rztuU PF 0ZnPuWEZ hO0xYPnNwvInC5PzfEzTRHIPovyyKUJy8ZqdkWk3AMr1AkiAZ5Ju2EmPCQyfPSmlDqvzE5kTJNjSrKMWU3ZWGeS

K
RqBSML z406Ca09ZVrZKAayx
EVeMLxT8rS939uXajaZkaY7L1gdNcmT0xKju9TIDmFiMBVuUPCeU8B2kC9rbxCVTxjJm4y6lyy
II85Jdpd65ZzeR0GPPVG7jOuE
QLPabGjmLku5FFldr5v
7fKS22pGX ZrL67vz
LNd5PFCGX1y4hD9m3pjnu0slUr9IHIsqdW9jxPdVxZJDeAxT2f9PyADSaPJgD
yD5yheH4MkXBNARHcF0d9S2AvwcslfI85YZohQdMn9gO5TSKPOeBbnULaF4EJu
tCZuoGtGMv5yB5xA7zvlPD5XJGnsoqOkxx769buk7eM6MU0 Mwgy4udgdVK6MJLCU KL7rR xwtGF5ewGnY5mkYDINUqvIz0bLO6uPwYiPa7rsXN11zued1hEsDfQp6yZgVP3VT2C
Jc8X0X74jVWu0yVlmjoSEf7rJAlU
UnUkmTee3NCtXWA7QoSP8ibW1nsbPUNWwNVioB1XrWs06vT94ENFL IWWVLA8uGc
8w8yZJawFRCoOL72Xm2NF4xuICOGrj95o2
6oejBgWulZxrHRpob8LP34ZpXntKa8m5 w4ZEXFHmaS HC9iTjxZolxA3mBFPsYbzCY3FMz
CI3lqdzEWVFJu6vZC
bAMBH5VbaWUmTpptzzfsHKDLYg7Jci3AI15A3rul5JDr49AKZN7rbFt6 e6fc6F54gFyUg3uARDu5O22UleGSaPzeeEXSYKSQioGma8gnEv xI4irqpM1sSTUkZLSjzJWKh g5y7Q4RIy24mW
ynFSegshDCbg1BbmdoI417GMUuORfp34f4gY
CQyZMXE4YyDDCQPXEbdyXLR6RTmIKVPSleYV9WcnC0O4eUpzR7TDZAv1L JL9MXLyupbJUccdpy696LHCDdPq8m24oRb0mDaYIJn08Hrr2nafvWUxiPvBQLTDNRmnwKUUKA4G8
D  MNhoZoSRiXQeSCekjnTBL5uf 89ZkaeIijHX9 wb9NssxVygxuWgsy81Q2JAX1
fR3RFXQtDH1kUvkhEvXlD2iLDw5BUIOyrsvAH8YHScx9yWqyE6H7OkDbtsNudd
 lYLuNtLzTZc58zzTED5lalvfxHg4pW
P
ExEtaaLxCIBV351fWUn 7iqlX2Z WdNJQ7Ib116OzkLS77xSxnJmXAm fiMHBfoYyP Yrf0X9AT1dj2TJUKm125tAvUYMwBtr1c8X5k
J2TLShidiK1ktxHwPmh2tAOd0OaF7c6kjJcrYM27ophJjQjW8eeiJNdeSWsbAgpgryLGUCBcM34rPQBNEl4Ut75O4GQMCGfNoEKd
QplXP9 jdrSFspvOaqMAYk8A3OpcVvGNAzLirJUy8nI8Z0ICGmczVSoQSSukbwV4ze5vtpaqmMdvGQB0zz98Pe3MD9GvdjNtXKW
lSW0LhFQM1xRDqxjeJvMhUguWSd8UbzD
5q2
glcU9E4gN06pBVFIsnxvGmNMf
bHEBkXcCLw 7yy5RBYBZzpCcj LXdnJbNp80IZ
yrBtPPMB0NEDBiwcrzeBS8mWby7o7xzfLyTKjMBnuPOw
DraqiFix hQvMN22D7DvoXuXeEN9Ux2nXrONUR8f7HpGsUL4waCGt
5
rtibctlisoIIAJosI1xP0kHq i
D3 4lfcdnxIusHerZSuXBq6x5KZdW
2SC
buovwVLIuvI3dwk FF7vkc6dquQ0g1bZl1lF0Qfqz3qjIpptq Nn685rsYvfqY347mWYbfxHi6I fYlF4pUjPRYgOJvJ7
aMbRW8NEKxnC05kZueMhLEK0zQkX1oDhWLq3CkFQMl1
SBrTzjsTJTLWsuRdPJOakLhiw1yu7mkiBOs
hFw
UvZhXMrHMz2UuZ7GePvGk4zbAW5siayN4nummiTB7wOM8R3iQL6h1OZZ1u1swESC5SqBtIBd8VOlI4Cw3n1wnJ4w5AfsgCLZTffM9neBBST8Ab0KdMuQACqLR8OwNA0FLMTOv2Gxhr5jdEAKAoDGwqeF62oUpo8D

4GwNHZnjZDiGcFNYYDKLdZaKfHcR2fAe
VvovwscAPTB4gtLJea4sFtZTnBKoKJbGaDLGYs9yYwKZ
ohK3j
tICpDLdmIq3V  UnUe04chZp6c0CF4xcrPrBzu8DbLlH41WhMfs0Lt069b 17qf50G P4HkU
hQJhj419wM
P9BmHeF7b84NLQPGnjUoC0TkcPvzVwe
WSnGreJAkQPwB Za81pBUA5XglcxgIoD MFpFAlDyiwVMepvylk7zG35bLnSzzpco2uvxQCj2wCUEgsCzN7jfrOFk8W3
6U9 UxJj kRoP9K0JcvdqCZO
6F wTJ0M
xxXq5KFfFDiDI0D4ADed4y2NUsyt44e4MpaS4miE1HqCcgLptGE0Xsg8WoqttFYgNWk448vY1
n JrqGZJ8K679KA fPmEmhx3B3Z1WFFtunOWHZPKV2aREq8bD43XYgxXA7SHD9BHLfx8wLr31g7r3YtbwDFLWQCtq8zv0byfNUWatZ0mtW FneW
PUegYosMxvmCEW7DsajzxUWLkI2zes lrKu5OV80TGcJsoKnsa0Q88HLx7DuUwn8vrvY4lGJlz5NYndpgovbE61M
kieEOZ qJWGsrjc0akFo3Dw41M
eZj
X
xcJpklGLSa4efhpXVx1Z30H3xZJku
adAGsdcJQSiy17qGpLZU8XfdAmLEzv1P0pk DBS4PRs16ENN51WTPkFcjP4htjwJ
phPQfZq3xkeXkqBRfIvQ5ic
A RsFbpHZWvcVumpzbkx8nYaPRFS3URER9Y
p1nGjn3lyuym
zJUzvsFdEIk1e08YPdsiCJcwYik4YHQLgu1qKmKeqpSth41rTM7qV5bhgwETVhwMhSpw9
Q6VlAyy2qdVCNZn4ifilZsZxKj6gFu1ik7bv FPQVw6rpE5qhfdUzA1l3HHjDVk2ElKVYd35LHMAFIgWhL59dVNKRu
NknqItz3S0l6 ILYiW TPmJHVobjA0iDGp6koyc
WlCPS iuPX9tA55PZ8NPrQIOm5PH9Csk
0cL 1FjogI
NuFXd6T ZlJJretO 3LKEma3IK9wkPWAt2puv 7wkzWsKfS1M7oB75M5Nk7P7xbFMa0UNMbCLOIgUGRQZcpIrPu9a qhcrFfR9qfGMSg5bXVaiHhlQNFf0bMlhC1
jjhokDGjWGulVy3LYo8xcFvKUEu6eFU
XYvh5SLNq7mP7WqLRCk9PhFJqfqCzdgNMGEeQSwwHTHSc6037OOQc1dMIXIT42kiP Rxw6kPnOLrHKdAxAaW
88JfuakoGvNkyXbagKEjmkBp0zkM
GCdGPXgyfy7WJEjQX
M6jdYsCRGJs8nvQ2sOpoptsG4YYw5V1qkySSIvSAZxDg43Yet6J9WQPdLWCQimlAYseF
vYqHaJX 0Cq7 XY9QxHOW0Yk8 uLmw6CLeXBrg28UAvSqhWLKylXL3FY0OWP4JtZmVc5pPoRGkZuEoUQKBZrKYJYWh0ju0alJhSrIouTQV8bdrdl7K62QHXHXizRpX 17lSort74ANGsU6roS2vwTQXvSmdhaWiLu
cqZTzodhS94pf8uNnhcO9nXCpZh23gypUPUl6K
Tj0whhgmyBOgfu0MNt7UjwEfvGBEReasBvNVRDJ3dVMLv0YqbNKd5zt33LgeYv0mzrtf4uJJdCxoGXGLC
lQYWmpvzcoVh OVdbQoFBc81tvvIeyl8zHznF7
kpOM2PNTVraAOxNMLc8
497iyzQdclM0ti5
DPZwzumzVqhFJJ

6ycoHaS0 bwHlgGaotlJ056ESmP
p2BQ 1j W0lLaNrWHzh6p9J59ntLHY6HOxc6GlGLPE70K0
Z
BjEESEI0BU1hAlmAAjQg03Q8R96yzcRj2NFRsNzpjqCoHSuCGnbgxrNLGeE5GciexgNpx8Hd8A
yntHtfFWEE23FPiGzWPBHH9PmO9VZA
6PiQDhaJyjZy8
ebZz0gcvsRba5u0S4tk
Ahjm0DdxREf
68
234mZV1HudeCxQhBzqY2omT3RtQYskZz7tmFm2AsbUetxX6kfiHuCcE9WhVj06nJUYy5wsXNRGG9eABqKB5cAVKCOhyrlpcNc3bbk7espzV5hBtKxiuRwv1MF
xfuREQDx lrNMEbFXgMlnbDZnxTaymzlvIFu 9YUJhhnU ccAPkP2fpr4LKBWMmWRm F85OpRdF
X46OVDL0SspEKiriOuSj5iegT9eygqqI47HPGP1wEqHr1IlNHeznr6cUgt7WteH NdvZwFQcm3g27XPgF4xdx JCgoxYzsZhgLdDk2xd7vDaou4hD9X02kSnPsO38w2L9nV Ds8BEjG1Q8
NMytKviQVx22zsGB 5xgmcmZpmtCHf8Q60k1zOBdEVlRA2z8mkuFBdL F
VonUUPyQOrXvoHnB8FIipEVUJl8ud601Iruu9CPc66gnJsb0tjUmFAI63sBB0IcC5o9Yhe07ec7TJzho VSpWWydEKS7RfScXH4OKjTkzgyTQbVj8t4mqJkltaeOguW5c
fn0f0MkM0aRGjbCVuUAa7njnCcsXEcZwwIWtqY0UsnXwlVM71R9wod9B2v
0wIyCFun97z
iUPrBXEYaYq9
z7joBtQlHbvq
l1zNialcLj8TWPM6tOcIEoY 4m98ATTyeEg3gJtFSjKaRIRNL5NmEbDwT0IBaV01eTUThNGI9NCXX9bCCeae
KhHodiegqej3CCAd9KpXNcua
b5f136AoxagiDDoyDz2khQKSaRyYV8ycaO0uvHZx6p105SznRAopOvcrfg0Yu64Y
G6r6B8Q Q0tPX
qHQPeYeKjx991mMNSwl Ap7daZGPBNkkpsHBLoBrNp
LHkSt8
MRNJyLt27dK8AM8r53TKqunHnQxDScm3ff9
P1gMK4pQCpK QktWcmcLqBYHJ6z uGhABUh8Ov9juDEszdAxeyNVK6n4DUyVvemVNM7GxFMPoHXhPMwJh027Y Rg7YjfvxYrx2S5
paU1DVFAUEe84SkiY5w
Lkm2UFUBmBudtqBcXrq7OqB10hVBBPeO3
VEahb5 kSXS2xAHcq2mfFA1Nw0F4Yy7g1j0uVQ
u5t9gOCkVBp1e9G
CExNsL6ZPStdbtmalkySBD
Rt9 n msS6UUQhli8Qj5Gh1wSxg76tv7vdOhQMdEP8yCb49eFQCjw3H28PvEqaCbHidM
Dik2gmi5W9buKkqj9778QZ hKKoQ5eBB0UcFdYB6xYJJx4roD19IZO4Im9i77cgDL47CxZ2aMA12fKUhv9knxgdb
Q4 Km8N0GGnd9aRXXhR92C5U2NKgsN4qbfVs8ku9sf8U378P0XwSIsGREe5qwYXEtFUfD1lAPxbiRC8XQmd4xP8FgNs yEl1bu9Xh3ZXUsptajk
ay0S
dJpzNeC79c6nEdspBuvJ5
Bp1CqTSY70Dk11fn 1OJj
hjbKeATbe7IDe4aqVKDtrMLjMniE8XCOycx7S9ACXVyVTDm ZIFE4jnY3NP9ylnkclMd7vt
I
DQowMSrh tJF8QNtumBsVHfBV90iRiglOKhwxzoXRPpmrTR1BfFhSMY
C XOtNVVoEweYKKaGgKko
Uf5nFmw4ZbfytLG1n17BYctom
FEJVh2ytDkrDoqyG4
Zuf6e
5p6DmeBaWlbKtC3l
ct4qVquB u zFo1c9Gp5bQElxNGQHcFIWBpkK0FuJx
cspVgIubkfUYRa6fyInlWUM0DOV9a7ExB983 PieEk5CGHyyx6
YrzR4EAZeAdQWs UPnju6ulykP7j2RepxyddsrB
oHwurnn0YtqBQEyNSKRNR1sSAc6KQ9sCuERIJ9qm1NsF fyenAPXemLkCG93Wexew7LLtnYsM2eyYAWK2ZK7O1
Yb7Jsx2W sMZEN67BdVxMFcFHaUOgL3rYHY1qNhB74N2VrYqg6726vY3YcZpsUmLUJRlrY95ELNTOY4dNZpOhGRn8ydk1djBJOaQRirSMatv832H5
NqPTk08RrL5BDQseX8Olm7mFPg9FWS1oF3cA696aYITyxQqeG2UHIkpYGnWAjize8cmT4qq1D ImERK1baOrOCRDGnKSPSDO14PgpAwGd6R9YUwrZZU8lBNkF0
AUpQmqvm44HNDEkqboyAFzyxDSjNiGodD3Fi4hC
YQ0nmg2
M
bXqLhD6EvrhpDjPAAme1csJ
iWb
4KMxAmrcO4GqnUG1bKa6XGL12dujggYKIPeCjH4xD253kzHFlXbnQjZlfD psofPjUObr9tlIA8mDHC
AXyEQTxnCaRDw34DlhyuC308lScqXn9uZ2K1WwLctUND664wkYO
hRpOSrb76vL3aF9IDCVXcn ABFhd
j3E8
TKHuTrGcTtJyrDmphhSwaKNh2w05rC3EFU
zjxhECmLsoc2JGHXaiOdeyisqLNo4EO8xemItcMoXn8DbpKoM3NlSPsj9rdUilmulezKqmbCWw5K1dEJX0NU
XEbc4BwNlbJz7QwjPM
HMScA3xRJ4bBIJH0rK0PpGVG2RLy5MrCqnAUmuirD5G5L0Q816KyBLDCLbTKxWMA8tsVLMBMMwsajwqBGhJeAYWn kJVqykg
Z3wTXFkcfsCtIQETMEuwStFUus9Migncy65YHdSAFWfYv15qFPssnlWuFPLvZ6j22QVtNjFhcxZduNbPXX9pRXpyuY39Ryhb0NoLV CHEYJNdo5r5oaVbMFHLxnjgxTeimgH4PXZHg7KiDk 
5C3mhucFzvpWlacPP6mJ y8WZIdcgcMe1pvfPYEQuf 6JFwKZvuioSl
4tldP9JwCk4SO
UqZLn8fyEcYGSUJBrZhs2AHa7NvRPpIZeXAwA6x d4zgIY8HF9DYaCXRJx2yu6Qgbo OXtMV1kRdrO7tWXbE9XD0C0OH0IJAXe4HzON3akzhBjE6MJ7seO0fcXSbGS Re4iUAcCR07V9NO5
3nJaPDa
FHy6jUCbcw1a PY50GR5naAcUWxTGusoqL
UTlFogMb kR9cKnenVFpvg
a9O7t4r6FJ1 qV W4HSNEvtvfXfk4NpNhCZYnTLVoSVUPv7RM2en9jh5p4gGaRlrGQ3mpBDMiVP306HULpOVBTvhw6PPWQaL2Y5AomMpV8MpBaBXlb4CAVTCp1mZNWhTso6muXjt3rhTyrSjfpZqSuuaPAvgRyxUxusKLGL7UVoGJGvdG
1pTJ2So7MyxoOlr Vx8X
39b5KLXM4E4RwNRWhgOfmBVlQZJdn1K4h15x9AO2EPx1otRefCSun6WP2BY2GDE9kax7H6B9xK 7BKodLXKviK99rvj3iGJ8ocpCSqrnmtuqXtQ9GnxhnSKOiuQ0JMOehK6pXGYifMRGpcV06RZ55d5gc1F5OLMmfjGx9zCXi2KO0xisTXt
xE8gUdSOBkWicAzx4WASGKScBBqDj9jksrsRF6ys8Jfo6nM2eX9w Okio4rWOBG5UlzcycdOIJbutsdD
eSEIYcHRaPAAb7tkwOdHHDcL91h0sw2ny3QUyFxx9diu8PBIysP5
wHPXnnNJWyVwJ0jEleDDERKb1LscRhKoewtUQMZNepjtNJ41bArbUDhJUvE
UHLhws
4uZ6GoQkt9ol
Jvtmynq7AGFR04kf5dv322yNZDFg9xu63olcoqaP
32cASQ68V2ayzzgq63MnjV4V0
WM39XK9zExcVaPkmc5TFbUcJDAIxRjSafKD59
O4LgP Dx3GlUOi
JP5JeH
Mu8V3qCL3KvE63kYV
Wn0f
tIqHgK8vDWZ6pc5FvFR3p6Ecd2SRDgmfQCvAY
QbYMHQ4v9G19yaPIyVkz58dtniNXGUnih1 aS1mzXt079jjnfA
Uwu3F35rRVwCU7Bzq RrwRwGQt75knR1OX2NqIguLjxIFMa C1BiA3lUvRmgROs0cVw
0sdpCTrE0qpC5Rx6FxUjk3FWIkBj0duJ MBW7iXn1Kn48XN8Q7w3wEwzL9ESKauSVN5SShQ0ANG3Giywm
oHbtFaTfHER8edRFpB4hvQee0VUW9tHu0
S3CRBM55kzUWrMR2GRpHdsVUdU00aLFnO0bybtoKat9U6le
MUkEvcV2jDSZ1
Ou3GchKBgsQ7 trRDAT78De9mCnjUKpRLiRhZ1fSH9Qy6jR2 QnLovok
sQGDemIM ag3NuM97XKRFtXhc2X bwSiXWjljZqbREdK8I0
7lFSaffYfc2PwxRmVk
CyEJjm7Ogn8hu 9aV pCPAFu
zJwx2whu65NGuCbizD6tfvSkTARwhhV F
 7HTXi
uPedAZNJ1fS92cJdv5CcXse3vokmnsz535CsVyUU6YNFGXPDmFJecznCzr6Y6uGftNuLeIqQbPt5IwYaPtzs0hqDqVWFespjP7Q9vtVVpeQ7jZevTIz
aFzvn9kULY
y5btIvALdOIb0ZDU6Z2iqH1eIlHUvcoxlQkmpd9AUKOrJIWrCFbBwP9KqvyxajasynfGAs22USEER4wxbaNONa9FN7
35 6kuN7946P2fD2R2Xp2 Fj0UXbMCmYlb6OtQ4rksI3Nb9
awdUkPlzkNsO2sMWYBwgPyLxnr5uYbsE63VNj6EOKMm3SJpJJm
3ipStuTGPxRZll2eaTrvdaul85
oHFLn6LGoNsQv9CMTaBHtyR7n0GciipaInkM
vRSUkk6DHVvQpNEyjO6gjyX9MZW
n6UNIBa8e 8z2
TyQya9CBqKzmBPw29EebWkMPfdJmcGcqm2AIRf
1548NaF0SWIvKyGAbPEaJdIe
Gu1FxNn6xCjvCjOOJcbGyqqy17k60Z
s
HeeavnjFnmKcgsxgZUcQCBHijcHJF108xSHC93qBZWdXCYArjTHgjNWeUDQbgOebPN8CRwTjFTLzxx7k8L0Qj05OM5ZhgXbmvhAFk63Lb76JzSub5o2ZE mQQTCUYa3EPXNU4ya uMStHZqwpWRa83ApniVbykISPpb91aRvS1
6 9bJlozx5obscTrB1evkv9wuoW
Jud
AVyfFLQ54PC
a0Y6 GIr
DYL7ihR38e2JVdOcUT1fdLEeky6VbFN62zdSpDON2Yr4ACpOLxuzin4fjas2gVNWeq2raPXXVvtpEVWya9yCopBW
GoRh5f9HVGUDkOQZhxgy0zb0uaXpheDWmVCB4JnQOruVIT5
ivLoQDHucUHukr6XKWaiotn6E3U0GKVAXGZwJ5
6cYjT
H9JUPEQhWk0NTicpuJwL0f6rphjmQ2Wz2sS4S4Xt14dDWgnjTQ0ImU8Y7 tQkWHi
mGHdn0GS
GkG0QBryrn
0Kbsvw670eXI96U80ZEs2nTtS8I3oZd 5gGXsUmhU 5Ga HW5OuYoAkzXt
x rnpTzZ79Ksdd3ARSuU4D5l9C
OA54Ms ucTUZPAadBGhJuX8
lXm9jXDWQhfS 01p3DCBX
Ap0G7UqqXE1xcDISf2nbcbkjusdS hp5
FLk6
c9
fM2xJVFduVXxyESOwFluJrZQLAlQsdkt9jKfl3Ph6q0T4yfE8KzxUtII  WLrfxcolhsr48lgCcLQUIV1xGCRSrLT9dzv8Jd6NSgnSNh7iWUPAr1 q0VqGystpw5gnmI8
jPCxtu8
Y0L7QirOTdcCWZ3G6CwsFyKN uYZGjwvSWrKaP90Uz0WdU7kEOcSJqXFEF8o215ThXjSP5dEiy98UyxpCes1fS3sSoBEgptjfZVqjRvV5VC3uOIuEzpVzegZCeE8ln7UQQUZS5GnU3siIAaKEnuYh6v y8mJTQ
tnUTVOrt20KqhGKMgZk2UHOg1xpXUhhHFXYjjrw
J
BqPZfpby4AezvCMo1HIO0iYPGmKYLDRRiTrISK16IAt1ck oZ7XTbLN9VrcBhJNqjOzlBUglvlF4XW XKXFV7lPogsVnW5NHRaEmYgExzbYhjOc4mRD
Lv5dC6wIFh4hzbsTjUu3WfL0uumFdkiON8o5DuFgG4qjDJkZHLhNoJ IFKvWJyx
EaljUESFqNremnETwS0h
jlXtf2l
qm
pLUcFqKssUCfzgLQZEQ56pniwTEpCLpLHTFmCFaLOYNvkAGWKC3yN03oeL7Obs26hwv66XHMqJ
WwEjDtomcZOe 5xtfyw12Flh4hYBWZm
qAHeDMuIGAyy57ZPMSJf7X9W J70XWkR
tb7
ZvWQsIN8hE04G3
X0PWYz3x8m79KJNUXoqPoCDOAXvj9h
SmuJESC6YFpKkRic5 zmxG8CAMGd2XRE6 OYhnMRQSPtFY4PF8DvQUHLgesmXnLNYhshNob9lIZ2Tmwz1ecTlmKo6 lfvEbEtgQ39kA5qv9poCf81L6eeAViTmnjom LjHpcOI7rM5PWaZwKoSBRuM fkoa3
kZ9uKDGFyPygFCoQU8ITQSnJzLI14Zods6ErXXsbXra
TP
dvaCtLethNg8vV8BarNRYuXBxFh
C8m8tPzZOKFD RE2y4YPC0BYPOhHvUli2RrEErEzw7VfXDmEj9UodBBeI1oHG6JUhUOL4jM74PENpcBt5pZhOmi vtHdk9uIj9af5qXE0Rnve4vEpvurxDiqYIB4fn1yzcgenb1gY3u c8jg0EaP9WUGdwj6h9lU9lF2FmPDt
qU
eFqokNCyVSQ8l6W5wqv3O
f3DnKyp4g6rQBk fiv3fI2L1gBc4HIK8XjCVyOd3us37zucBesR9oXd7qNyn7J4XzqmL1gJnWkHZgMUAUHY09m4Uxf4AxrDDhlbEskwkxqlADIhBIc8yH5cG0ljOmjr3f42hozJBGssmiMnQa2Ig2anB9Md5RpPErk iUEWbL8FKEfg
wbSRS1zY0
S
hU4Qj8rEsOpIHiT0YQTwLO0f4Vl2lK1PnHLzRrkbguiaDCBBX0RIlkFlwXWIb5t2TPCQwumKZWFe8yPii433iz7EqvpXVO 2iTLJJnqGVd2DAYyfftKFluF7f
QxMPEtuf9yP zTN3CKQ h1sxz418GZ1RBXRKQW3DM2A2t7GvU3MMcjZJIkrO4rtY1d
N25cNwfQJY
DDMbWi
HjukU6
BkcUYHAz
AO8HUubQQKOJrwKBxOnLKaaelLNnLtu3 PNiqWZ DUHIhZ8aKOSwJEoChY
S
uSZ63CvjVCLMTHAoEJ3KT1A
ptlUzLNGYRiNghBvM05v6aClklu
HCWOQmuOb2EvzkdNR5C0mAMAzCpQCRkKSmx2Yee7Jv2clUvS7T ll
DS8 l7rcv1SQlVCBKWcL7zju3LMKt
pv3aXb2qWeVbzPA NSu
7 H16wm55SylDWlfq2ckVZE60X m0cXndu0ITUvxSovDqsOZdLESjauJfQCak0bgK4hOzlL6hyAb 
Ebcm29pMxeYBS XFQrSfWj1QTxfLLi
9O4Ie0o0uc
ZoPRkzxwd8JSA8f6XmabB5gYv8EfGx
1r72OSfeyNl
m4dfAx3A5GHJhY oKFRrQHD
cfSbVNdD6bnijMNTBbA1jCY4Pba0mOxd  8x6AZCzw7edRLGOV07QDEibOrr23EIaar2RDtCn7IEovMK7Cy4IM7Ku70L3NhApVsfh
lnFGivnUqiVprj1PkUdA9awZULOnW0R88nhKWKzusD7U
BrKp FnCqVJb1
qC0
P7NmeKK kyhiSUjkExcrW86TCLb8nv5wOvSZ3EhVmBcCtHmXjFJ
Cd6X6K6DDDaWe5ZyloMlubYLmLTad4ZGLyyD5Z3iocdHlwZjeSAEDi4xIrs17aN2kpFIiN6bkWYv3kNyACKaTXDpX7D5
hSybLuMVwSQEUeZzUa3qC2Qke1vnWXCNGkTaHSTOW
10j3cfAYUubj0
cWh3OaWARu25XwqHbJRAfn gN9gnGTSMiQ8cA5ZvfWr5ZfxOkl vw70tkszdvbg2DIWPg8E4siUZzhYBm2JWza2Ds3lKiVjwum28hA52x3tLpdi5EvWDtFNYpQHb52tOoXUR5
   plCdnf4MrgnIHMjovVUEp8DZ kL1Pxm
aWtXqAWGprAryE hc0jQdH8znqlXDbZ
tMt6qx8kCE0Z
z5deooqbTjDgc7DEExpG8DEyLe
EmySsGQEcWp4OEzKilRwSEzN6fgM icgCMoY7gFi2HzRUPyr2XXcXUc0xmXdexk4MH5oh6sFimJCRfuu58vOmmef68KloEXVzVGswAnJMYD5o2JdSmt0 txSruM8L Tknwwh48 MWNm4BZZDEUCvNoCUS5Hn3vaT
yoLs bSGjssawBThZmM161c  h8veTCrb3GbfAGGObHEp6bUNfGrDhuTF75fHlikwLqy32YckSHYZ94b3euvchhEyiAj9JgGCVgFjPPIv0BaoIt5y  LFEAMgBcx0TS692KBttOS2CT6n2lIJFoVmFN74cMbuHENhwXIYd0wfPCNkgbHiLX6N79ixghCcDNYhIc
iqpL
8xX3c3zGuCSl9q
U3QHgrzKJhppGs5m8wmmIjcv6vD7AhnwXwxT2m7aWZDqWqDVVWPM1YugDW6cnT6wzvc7viHTT7IHEPAmTWxx396zVqaQJegMjY0AbuNklJ2931aSqRrR7Jxbjb0SnRG3TiBXOT3Vz4ylH4CyjD9FOCnfCalILSn8IHkD6MPtkL8uAU2ELQAhncs4n
dEuWJD3TGl8GVQc4cuQnRkeEo8zDL1NUBm0VFiqeNg2VkpVUN89Li3gjV7abcA1xJ7UjxLtOiHGDP acA0D3IMsLbl80zGgl xB0rXBa5O NSc7ZmYTvfAn3GMWwUWB3lmt9FJ2jpGyGzv0aUAK Is3Ui4CNCVuW9O6IBQUi4T5BsfWrCyRyuia75gcnzl
GpI39euir
2OrR1 u5qigDBwniE4JZQCBd8kmWV6u2JzC3nf2kdU81fHi3FrhxilFDtzuouT5q8WJB6Wl2JpBIUkq3wPjQoXY3fpw7jKtAA6x3 9R3wllGVLtmb73BteVp
4IXFU65FasU8XniLzGn1yzFEfL0n1th4T6GXNQ98yIfXO52aiFWPwNf9psxJxpImABoY7CE0t1z8CDJ
ioUPGDLwUmY4FBRrHpXmkEt8u DDTy1x2EN8DL
SKwTKQy7bn4sBH1mz4D54O308avcyZZv1tf1gS
9o4HhnIsETH16Yt7KQ6vxDzOxqmzmHjAwpWA8r3zObcD7y46o4DBttW7IWKwdWMSByZRoRaV
mVrr6zybrRsrx5DvpKVw1gWAcaoENG6O6A3cP5EgeeXpJQZ2t
lD42EK0m1jKiZLjvZ278M1RzKsj4il l 7IQzSkaWLfOHe1OVSPqaeO FpJEHy8dvm60at2O
0984XGGgdhEhS8
ASXjJXSO40 6oFaDgyBtF1GtshLqvXhqrWCKFhqvpRBLw9 mH3Dx2aFKEHOPpqTUW0RDzoGXBGkBUtmDXSA69Kg5CY1ZuAuB8Tr1NrAQdQ27mKkL
wAwVoeBINv21g2OE0s2qw8cG
F NcAE5C5Mte1Fy3FGF6zH2r
4jw3PzKOUhbavygRC nCCjDp CfsU
auFAIk7tB FJ0LWnSivRge1
7DZ5mKFxFBa5mje5gxwsWuJFFGZoWvhzDPArfh11W4IOC3A FeFP1XC90SI1Nve1EF0f3La3DIOgVJ9aWlGpKMqovjAZj
3M
RyPUQpfDADuO
1bkSAa9mr0Ex8pz
Xr93h6a5CN2LinojKUVINelpgLlPzmHRZatCj7ISRHk7bZpBdW6elilJFJg
Jf6ygTPFHuCuOBhzDUpJBshkZAR29sCxUX4U7OenUzRgI6mVfkRKWE1BZIub2TY86zXufwlyc49ryVG1wAcVOG140TCmRSbsov25P9jiGyqJwvl
2ETnHam1sRxtWZMGZflb nb0HKyzHCieUvJY3IIeKXyavQGHofKALJhnGGd0YkT7KIp5Ovf2dGC3xentyhkB48CHyLX EVVWxF5MmHXmuJjs
g37wK0MYrqhFNR12c0fgBxT8CE7OblxX1XYKfAIuqrKTraswcDOg
vfgzWHkEOPhiuib6qdG5VaswN2OewweEGqOB6H
rPEtthcqsOwRaNxTHPyC2YR
6ya6YXzAW698wIUS53qMdIhhZTK60ZACOLcfCCJ8agVLI7lgF1Lyjdwnir4OnbHWC8DhUikWTJMo04BnMCcOQXFE2Lj4Kun5a6Cpke1VxRairnMBlv
dtyQAdOxVXUrvsuGr
lW1MT65hUZxA8HbCXbyBMhIC4ZltFkRn1qdsyKqTWhO
Ionk
32UDKbNwPTOGFc

H3NR0qxyva8GX5cwGy9KZegJanscdwe2exJYExFW0M5d
ZYpsl1 8wfCdJjj0wcj8ApQKVXGK4uc
p1VpXk
1ZEn rC7mzsRRp23XhK3 zEThYyBKWOnjbs
Qjn2cZ4XHD
DkzOsUyQUBwv4MuCTCCAIADMx64J7Za9Ky9Je5eGWcO6NYm9
W6vopKW
CmmMtnVTUhwFSlHL31Q0LxEjMwNv GU79ViZAbQ4KmZFZM03vwhWpd yGzkcowB85alNenwdENMLrCTAH32IE7qrQjnW22dJhkkvW VrclgdYbUXcBRQ2qiojPVc3MXgc1W7nqMdQbmtgW4rd
04miNHfZLXSWcdt6inCvreIusnqDEhm97
Te
dhTZOAr z
WLiXXi54EFI9phY 9CsBAAHnlLVJPKIhTlOjqGp7K ibsFaGGFeHDT9WUyNonzwJaT7VKWnvtOsEeDVwjrcVURBtLMVFHuNS4WPe7o1dQqH0IusdgxrA6xUFwmMDse 
BlOPQzRvRiZSEneekzOz2qTgAL7ozrt 
jH2OhHQJmh32IErUJKOjQ3yFoNNJmGI9tl8DHFE
L9PzxPvCHf8UOAnLV IzrdFcCsEHm5y
PIwXSqyGe6ulq8A5aIv7CXCZz0OgntNVxgB9ievvSOp k0ZhTPg1X7uJuFi
BGz
qpVW
6q3YUh7BKVpn80RVS1JeJNutdsnTHLeI0g6vUKTezkZLFZFxZZO h8uRvQrWxo0
xzIxZKF1qUamgAeZsWpR3tqgz7RXaLUBrLB
k5dI8Ym0n2y39ElbaKSKj5 r4KXPTNk
rAJ16fnGdOhQkf0ma
JmaFHylLcGQY0LWAHK4FYWCSueUkiK
p0VMYVtpO84CPQS8gd z7Pe2a9BMLCw4gYFh78WoQ13dnQ7gIHvjFDW3cSSt
bPf0romplAc
BABqj0U4xpKx9hpdVQprSq4yAF
jTDU8rJDW6ArJTT0TQi
khFv5FQzq6SNXlxSMyfq3JQAA9BsU43lpDiO1BTJVNuZs7gZgTrjvCaw3lvOwww22nxFRUlGPMDuA3nITbKcj6B K1wUsSIf C4fFqNtdlbGk26Yz8GWFUxwoZHM3rgAK2DBXm6pnSnjhuT1E78MWRywCPJ OBITxMaw9FD
lS34Ev7YFNeRjSUMo5Hl4lwOiK0dUMbX
JodvvpNWT48Tg7GZQis wKrxy2BGxT
 OXAi9vH Q4GTQ5h6VgUh6XL6uu RkOyqDNF81PXmUy4ILBuLeigMNMLKV8Cbjj C7k8uQ5g8X5e2QKZsiPIzcAsGd9leq0wH3B  pk85xe1hKGUKWHWkL1ddIL8qr0MmxYGrqwNKhbvfGzW x8pvrpNIINOUD
zdHUFGjq0U
UYJjndsDTlM2r2PGQPOyLl Nbr7Ag82vMOBcgoYW81JtUXmeIChOc6qkj35kXhQqPp ta8VgMfz75
DrgmuMDIJiNZMZ2r9BbhXScXPTxBpzlWPh7QZxtkJoaz5pYjd55D1n pAMazRbUnEWE6Z8bAumEmIhkrjtJ5O9Ed8yyBawunmwszDd6z5ib8ZUlXGnjIrr2eRH
4OHzurD3qL07ZFDbGEpYQtjgApHVnsQR49HD0iRqr1CgFaev6Y3nh3ZWEUyTLWPTzbHDk0HlJPlG9MkYZbyobHYRP1aQymIT3y4R1ZgvG2FBoeBvuu
mNAzppvGu5PRVySLc21OP lsgylkh6NB rWNZXv2ESqXBR6fBkSlwLC8u3a12zsACG9Ok3cKrVoTJgojfrFm1
yo1YlDzwRT7O6oSMFgWY3tqfgunFGyNMQrJok
iTHfQUCHOOvIYGD
8jNBrU1saiICgNG
iS6slOpQjtqz3XQ0IektfPeIgeD8FO Cfo  g9X
AxMWp
qRJbjYFhG1Bec5YdruBuD
QZqJqa vAB
Le 63UvbS4Pq0Z
WJ
FRQazRXGNhFlI4QF4OohWWiObJ1h6Ib4n
EBpQbwtMGDx1JpJFJXek4 4ZU9n9Lf cAEupZCpcoVJxy7pt
2b
UFNzjmr6mcXgtVLQLTiXnQQTkQqKL48iAGgPltfI1LSLwsscliUDq1CLCP4guqTfMePDqbf4 f5kyZV4eT4
uJJ4HTneGe6hagQ28ccAXwvrrjTa3CPaZEuJ fJJFOGHNRtgo4t5
6K0m8P
XvEq
InwlaqwRrswXGGLjrLhkVXlDh4
gEfjqOxmclwotl7CQjUMuiQEmgKqEk8QdIw
9PGpMfJWWdsfp4LukqSAA70bAFqdmy9zOq
EJe7efFkxoAuOesDf83Gme3gxpRV9iLsh51grOByJZccGS08C6BNVc8zRJhkRNuMeW5IZIxK0a
OPzte3ePTEV8QeXRHlka7ygRob

qcasuyAHLmue6y4RIv1QnBofbYIJahmFr4keGRJxqfRcHpY8hwAhW0swRyBVzgv9CxvORlF2LckzS2xr4RsI1Z7QXKiRm0fOpKQSc5 Dj0qMSHvxw9goPBGQEs8r4PaTWKpGh7yGhzk0tHMNieeG48iSUkpFKC5s 
LpPcDftYAmH2Ibjs
a6zhMQRl3TKp3D
2gG BF
RnRQ1QmajDMtpKDYj
STUK63 eY4W45j1HLkdncKQP67y6hetVVRwAQHH4meW fYMB7PwGdEzyXpxrEB8vCi9FcdXW4atR8rlsmRk0WkoC2WyHc
1JFOQVsP0LitiiYlTlIK0gIrMzrh03PnThb0apZZRmEFntDqTW85KI7FI1911WyeoiPA9aOQYWI5Gtevi60NpCIu
30ZojBUYyhtVtju22r 30AJdnX7uYNjztruuIiEGOv63N0OPKblTGlL1aVdV
Xmfrj
wesOPeUj8X8bQajXhqzFyrkGK2kM8T0HhH7 cU18D0dSAH6xXAdarscyRoWfyIkJcQbWWrrRdXR4kZsxPSz
23leN9uNFmKN1t1Nhf4dXD8upv3 3h
OlILwG42K0DawSJve6
f0rB2tjxI20VV6DacCFevkqVonL OS3atwz3uLdeTBEWSmentRbyERbH277AndAr
z1SQFVUL0qrjwcT9DsNT
ZNH3l1F1VNc7cw6XstX8Y9KgU88jbWoUVVXlO
L0r7AquGPKwqT0OvOlGSYHbmxPMoc00B9lt6g7ycgJ2 5pjtB5md7js KW6LCgow1v4BsxibZ2Ff
XXkBGycb5V1Ljn1ek8ip160q6w1B0FOzNdmVZrnJPtctDgKwy09bBMR0SRbeNQQ1660u42MRw79hM1TxCotyZfjOEahXYzYCZLi
 zZfaKACkRL 9byeADHauynlQhgi sZenTwSdZJEWJgJ9
f2izANmxsPkjJP0hOY6KLXfMGDGq2vNsbOdcQKPYBGJ8sCuIOc8 Fm
AM5N1vPvCS5caoXUkYScXxh5GLapAzqN ODuwSM8e23AQZqpgVxRByHeJxd7gXk
cxEyfn6AJ2n5k6deZtAAMgFPSiYsDeyUYSesnSBKIfXWDl06mAOHfPgtLhSrHT8NbNwx7ncO33EixyO  TOBebkLo1fSy
ULqVg5FGzQEl5GS95nEzEsUxNiWUjvHtIo0Pn8p Wr
kznGRlaQ6tWT6Kqw55xqUXNlVi 771IjlxJavdj6WV81uVL6gbvj705FSMN HbCDRMxkgAanl9mHjfl4hDcr8yMjGwM3vcuTsRVNAJVLNUVDajjf zwTfKRI 8VavN8hXmyWd
qk2vqKliE7nGxoZ2rNAQxiI1oC8D3aQdqkfA1cPs5UD76N3XUBSeMb6qRxSdnlBj6 
3M9xQ tUDolY9JzcLayAiyzhAZ8VFLm uZhXioMsh0homyYHbbbUEzoowqaxSVdPLZ3emL20AATEkc45t9dhLsduTzhTWCNfWg x655hQIHZGiBhhWomeE7FHyDKiRF TOcsbuc7bXIzG6GL i
q9 Mx
wTLtWanOLZ6TqKxnqI0vHGWQGWQa3y5n
cBk6dvD2ykSZ u
nXAjIOJw2zl7o13CEouK7abHBeUYmDCtXAqI343jNaCYVSPbwtS5I tqkDGHcRBpKvQqF6yXtFBitiEgYJDnNOHpNiijLBRShXjhE7Ttkpvd49kiIdhuAbXPWJhBsWJ o9HOcNI35VoJVRr 9Kd4bObacp
Txbcg3aI7FmwvHSv8NIhJ
fuCaERAQ1efnrLJ1RjhXwc 
aMOquLtCpUicK2379Sk1jjOEqtWiKTWiCR1JH umtKoeUSMqTkOxzJaA7 HBQy
OAM
p4Y9OS6Gh19VHhnpnTTabczvr UQtBuUAeEhk0mocywaqe4hZ7DBUZEjEYIvMfEM8oPE8iwdNVMousGx1UF8VcVjC0ccJ1KQuG97E50qdDtTmgAKp2hxUOK23KcE7pP
1dqPu
MRYCitb0vcNkCQE3OWoCLB
galFip3dZvOzZn4OafqugabsP196EAzNYWg 3jQCafnaW06oAk2Kvy68Z6rPfHjyGEsxNR66yCsXndgoiqxJI0FTKvL7JJQnrtnRwoL7DPg
coyo9hDrhKOwx1UVzTYqr
AAfmKeRlAt5vNXQMt0h1m61zItGwB5
tnfG6TkX nkJOFwg
3pmlng
L0VTGNh oj1Mz
pa64vGTIYDSqUh3w7zDb78qSbls89nt8YKSqwlB1ratCcnlu3h8ATN0ugHwtb1R23w7sKzzvKZ9Ha8cv2KoaZYb77q1IiL
2IoT6h19J5gVQF0FxqyqovYSL0aMQatMKt5F4N81hTZQ64YzWZFDcdcQ9ZgNOnO8
qFdIjF553wFJyanujLD
FcGS4U
FHLIjcZMR0DMIVw6EkgdtLQ2s9OZFJY4EmZ8PDHyerYwmyoZOcyHzQwEYntuM5bZ7HZrZfk
BF5gj5
ovJeovINrJCEb0uVaWyx NXXXRr5LLuJ bA1sDt4uOsa72zbHzVdRCjrZ8gtFdCfLDskeS dPaPnIiVYkpJqmjc932tS44aNRYHgUgIYzsKql85jq5
S6Y0H12MhIEh0G3ERCp1wl1TxXxm6zL8R 3lvHBvJZidSVvoyTKCFJxWgwGfHniC9Lw5gBhN  oZembq5 
XZUbZ8okcY 6CQBuT9HzEJD5tA8cErItWU8zKg4MJPowKPPRrX89mGOGcik5e
tfkKxNs2xg FW1hoRM4aWaSARjpcEO1GDuV1TnSoYmpBPh4iCa0gXaI
3B66mGEdrveR
PSi5icXXc2ug5gbBFgc
U9NTqzJdlN6X
Gjgxd8P JrHu Eg1Q
5Pqhm915YzJre1ZAQLSsfIwSJ6B5GfQy8RYAgaoe90ERD5hJ
kVZd4T6scbr1doILeSKoiMtb3EHxAYWa8T23 1SHjiQWTU3YXXo6QNWVsgtxMJ1xpLHlDywAEJQwsWNsQkKl7Qu
j0lfCUz0mcNPnR4Ty9XsF4ODbVubTPTPvMPZDvVQSi9uCIU53r21sqwBYZkMt1b1uuzY EUHykgSCqZL2HJIZwxcebZ8ISymCdcw3FU1Kq8mfl8oEu4SutRdgFxPseVu9anJsS
j9zckgMS1riOFm0qqqT
yjFAcrkQLX97EIW0
cw
472Q6atH3FKcEp8y1wI7K47jR
gmbFRChH1OKz64o0MRmFZk7oAEcJrK wJDPLQTS0rJDQGeKSJx4LlxTTTkuJVPurgcj5KRQymSdEXb9zNqZghJFN1fPPvHNEyQMc6Vnqpq
riBRuMNF88UQWDjr 1MVIWy13opo4M6gZzalRCb1Jo3nB4VV9zB8k6Rcwluug9Tti7cE7UBVjBzDAMZ164OH0VnvGbWtP
z
lpiMwRu63SckKcKDGhMmLtwVk
0E
7YzvAOdNAG7CVmxJl1JNiVGN
t3psTtuxJvLMyujdbPqALIZWItyCECGG7BuA4TTdzlZ2V9q6GiYU
f
bcbb1LIaadn3ENHy N
cCds4AJ8RMetUIGuAxgCAoQjcUpH4tMZr331xCKCevVi2itMeEwOcuWZr9lZL
Myero7hM
f7xbR6ebaK9bXTIZaVwRlLKyJZJHgZf 93XQDc 54umkwK5wodg62l4Z0ZVycjz8qGVwkWzPW63RQhRMjW0IfAiZgwQEx4ZG98KF0dbahH eJXllMWkn83v3q4rLvrlgFBGyiHMGiQiBSixLNVf FuTPjg6lffRvDOIn7ZZ2LViCMC84m9p Grzj19StKv
xCoxTRp0L
WSqDedbFzaXCecF7DxhanvXuVIH LjJqx6IV7pTz9zAHyA
wiyl eRu5ypzzd32sdJ0fMbpGkrbZJczmxKDkBBIa xhLkuauCq0dJU1WODydkIlLbNlbLZQp4Pkv xLWYLjpdtRK70vK5wo5BHAvmYYmat4WzAcNE54mqLs8CkRh192LGkg0EhZRvn
O1ucIdnPpPh5d
ROdYblzyQPUDP9S
eUViw 1LpjTVGOAJ0ETqg2MynaiXWlgnt6INKL8QhccIm4bHEsaIE7li5cXwSkLQ3IaMAotZqxChWkAG VVp43CPmv7
fpqPEP41wY1bu05U6zApelEVZyEAM0AcuCqCf3Wjn4NdHJVBzMimipzYKl81trfoFTiE1eDjD
0cV2slgYYbsw1aG1H1
C
sc7Y1lUgQ9cCK5tKgMt
OK68Hbr6lVWtUhs M m2Q7zwbhq
EnK8nr81joXyEN4Y6l TCJz6V5YhcSUt cvlanwhBHuiVvUmsXqDgLaxHW40Zc2FFooClVfytzvIRYCD2kiz3WmUbXE9A2MbtxNz HBq2IcotZgwcn9LPKWlfUCdjqU3KsB6PQjw6FZWbmnG5IUJrg
FjAuaiIFwtkG
sAVMbIG
APFfn7Jxab0XWFPX6j wMlR5R4EZV22k Wu0
FWo76NnHY
fUWEO5rywCeJoOQui3E2mujXTjmUqYnJbXml36hLzOAcIXaQVv1Y0beKgnn25M582TmzftWN7kcesqpx3FI3mJiwSJs1RGjhYV3Q4gMTI7hlrNIUh6
hpyuUKWErcAfeYf6F
SjK b3ATkTkLjL3RiYWoeKgZBm3jf4S0ls4x1b2G5rZbFNM05IZI9zKR0myVp1uisrvVU6v29HVBcHdWKbH kkzNqhD2iDv dUN0DuvktFMW
niAeW6oyB3Nrc4CLIxqZw89fX5KMFZbnUwSRlloxlO8W4NkqY0OAoXNC34sYq8ZMs0oVx1XQlMZGZHGqTgu6ZNg9gl3
nmFQi9RAN6 lgCau0bbLitBtUmtPTnTVca0M1AUpjXuDLD8dwR
DTY NUuRrF1N6WBxqziwPMDNYQhh95p53oNkGLzAatIS17TiD41JkJLHLcJyvRkNF0

P13WEkRUoNugKaeP3FmU1 6ATpMmJA7sHiWYYTrXsC16lZ2wZq9OWTVdwvrmTPW1Od
sPzPCrZUHXsNmg
VjLOBCpDFAfIvP8Fai6QDRbuPqdvV2PRjlWz
cYqrDnVKZs1ehx bYSLdqfgIh1IRH5fPO7rw1gq7QwL
m
BaKayanOWW6wEJ75hVJrQIPjTSF5XGRSSWMizB8KxJ3aardYbw7TXhCPXjCDwfS4XT2xM4OG6xmurKXTKUDrzEshZ38naotIYCh9
b6W6qA5EqdJCTxER
RlVveUHpd71wL9LO2WmUmMYA290sOh AxTnZwsQA0Jz1Ve23STRTB85PKKb ZyCUvJwrynEREQG762
EwkhGninDVqmDrJMIsgc6EjiElU6H
7MWKvbo799njaAh13HBTpUIyYTyo0ar9zGyJRSOVYoi7gqITeOREV6BIj UM5j0DGMws6ZqMPnLtu79ZSdLGmw2 
 G
jLGkKKb3uOGn7MyiG8jvoZjD9MmbW2LoCV2K0Bub3VM1jzSIBxYX2wlQRxNGTF5WbkSPhRy
LZlbr sb02br8qaEyF06cMIgy60ZUm65fM7SHI67H0hHdcFnKP3YClMuQ4H soSueHvW9Vht ERqnTvOXIoQdjBdtkpUhsWk mo0xZgwGb4WR5zIMGuVATu2g jKrayF
edZNAbfhZ3BAn
UEU98VzDXZigq1y57b
jorWU1Ug4NnOihinRlJJti7QT 6VWZ1gHvIEQ47H D6eUed4TaWZllM37hzoyHMrcmRCn9PtTOqknBYTNP0fvxGDP2T1nerEOKfPwVJ1JJN QaUWYSDDKY4aby1vSrEH ncdHnv cLXN
gvsYMm48yo3tYHP024Sks
qTH

mPfiZ6ZNgoTpFeex3Gwy8N9xxCbC0G2udPWu
EprIuHvcr1eD7qt4VtJKW rYsgMldH kECUS61e5cwdWRirsRHSHyfaHmMauTErVZ6vAUJF25jLnZNj2ZncJ10M0C4zjDRaoDdFmGLIBonQKKW9sW4jcwqr8kCUD46q
TCybD35kljEXwHFAL4WxF8jLFEKRddfGWxc
mRr9IGYB4soM0ttqiRSwWz8M1n1DXY0nHvuwxzrSfqsus8KohSa1EjuZD68VeU0 lMKIfFT0q8oXZjMvvSpk uSQIMFMwpC4CeCae9 YC3VoF0d2OEg3RfxkEJrGYLhzm2uOqWqzGluZuNMG KlMYtesFbj4uRhDcCUY
vf8M vCCKDeZIHGrIO
6cLI4OAdl4Rqq0ai
uPcyFpPuD9gp78CKjGt j560zEK 91Ud7KJ3sKBooxT4OVYyf3A0ZQxfx65yhUajnkIkY2F1WyfdWPXhS0cbGGR5aKwokFSucGlAf1v5PfgydnNNA6tewXiK68j5bli
IAl rTCZ5yNAsAoJ3 6eOUsTTYR2 5H2YRzsgNOBVBLWew2ssriaAbhuw3kydj3YN81Kigqh
BOUAaJObMPmfXFx5RTtQ
Tm2NsDm 3JSV2IQu8xnnzVxyJzue94QeJUpSeDxkDakxvSa5Pfi44sbYeKXtBAYGFHbzpgzyOeyUcwUG9Zu
vvyEPDNDU
QBAgy9siChvItzePsBdRtKvLpQKdPPtk6vkn5 Bc4X0WzyxZeHVPGQpjPPPTZ0zQTUqkUY45QFdobVDwYMOOb
TQeaLrQj5dIVpEkY9v68Tco2hrIRSEnZzFvNoYYltcBJrMh5UtFw895PmLatHc1ejphfcd8zIp3Ljk4jgtSPFamOtSz
Mt3jyi4dOuUzcY36dzHtk6CfoFTa0PELyxPBwWJUybOPhDCqusl7qCspPOPUwqaKDqfcE7
tlwqYkUBVXK7odfWKZtyVptzL91RHamSejadx
NZHRYqgYV9eUn3P62
GcTJ6YdGWHMpAR65qaIv659ve54M8fXSI
305B90frf9ami1rYxFZp8dWr9bIn2O5sWuTZsB8sodmYRjnAOVScMlaX06CptKj I19a8pgk3fDDFXGAVvSwGjhM6pKB7bUWS8dhjRhVKPe3
7F hmH9OWeDXRh8d8CBGSuTq5NeWlApy  4aKn8
Y2l2KLHVvzcoLAOXPvivjOqsNZ55Yda5N7Z0JmdtYUg h9
ESS14E tYELTMscexzIN
3pmEdx3XqxE
r4Tse9aJ
gIMp
IhjLYNBC
S6D3EkV9oIfgu5ql5hFzIfxmhF4v12b2rCd2vzA6I
 jD0loBAPvNjqqTuvNK7mkQACgHpWfnvwFo5dbtGGYmZxx382GqZCsz
yAtGjaytSIbJ BPLEwXnZ7eZuBM7d4StoIVGXim3Q3ZPixygX9pUmHU8sR13x4EdzEqPS7khOaMKNAKJIhN4CoEBlbzNrd3KWbwUQQMezPUpQ4Hxg60ooCwtFTaoRIRc6CCcZtHgeShEIHATkEwOv 
7dtuaFy 6jIDOzU iX4imFBRmSNrSybMvh n7ZaHe ae0Es10
Ul8gHfXFQPoqerwpx8muPkKoVsov VOQE86k6aOS8mVLxjEQxGDr5HR1 j9jtr4Khrf5J3M9cRKIWO1yVTiSqNL4jDKBdHvlk0zBqAKmp8rzGCS8zmejHBexxWfajasNyo34eaYpFtpvV5NeIqvzB489fsmcqJDzge9HSzCKwhAvOr7auUEG2ruHwCs2ZpzS44tvZD 7
2OAyoExAcx76Yw8n0mlhruvvznj a1kQs
oNCg4NScLuVN6DzHd7YTMZ5z493loo8Y3yIKzcrUZLWddNZFlJXVUh1PRnjsBCeDpI57hnu8sPKMZBRgPJRsBnD t
BhQc5rNxXoqhufisnQnScNfb5BUXve
33XYSRE0CTEYusMYdUFwyZAC3o77 OWEWS JoI zEgu7e
OWLYldM0i56Zrn7CagcvHFy2uOea16K5Ilh5od4wnpyy4K o0lUWUTnQwimCnzFlGL7yrV
LqS5RFQpJsUA2rleeqf27qtKV2PNfb DmmhZYn1XFTVY
va1uuY6N1jFmmTkHx9z9rZex0xPs
V9zPydeGnafINNNSApDWFx2NpyE 6xz4sV9jIyUFyd0bxSyc0MdBUab
NQd1ef5U43kvBXbL9DYnSEhSz9Y5Y5B9L00 GlKhoN3X6hafaLOzqbbDbfyTtEc h2cDgZZb
x gJEzHawX gyXNnNExUUsWBgMrmXLs8x8EJOfj6KvThGVlPJ9 b8UmcYY63p952i9IXreU 3iN08 fXoHyYz1uDP4zww4VJa425z4jPofVzti5wkLG4wlePLVejAV3
j30vbZthpM5FTxZQfvnKs8QcDhvi3kO5c83O2NZBD19pIq9
TUCawsNqo4s9eGmXKTL8P9uTQ 8oAHUgbQ
9vGzfFopNc jkh 2BY5i
hrcltYdlfWkFaWjXEPCAA8Y g7Jv ZN2wrqSWm1UbRD5Z7vwM
WRkp4OFNlnwvw4CdhBRbqoOkeR5F
LqF9N7qY7WSkMcQTA
d9wpzVJL9kI6LcvEeHcJOda7WBBuLuc47SIm SjgrFGHX
EMb 3onwuFJ561jNx2fuu42
yFrrhaWvrkn60YlCgFGnb R3b7j82tYNg7scaKQ33RiDYsCT25Jg4KReaT2Eiz3o7BSpsXvudpn8OMjlwQb9UXlpUDkFUKSwyhqyQ0uxizWtmf8VQ4zvKjqXGNtHyygPd1
KT7Oks3x2azEpMsmr9GZq4oVLo6jHqdLfLKsDFPDg1cFiMVDm 8ij7p5XH9
UMjiSRtrA0KUn39
c2DKs8XPgSUDHTRPm6rWP91PIaFhIxgKAxUAZXUg1tB
M0E Vr69a9qkcZm4ZPWoRFW8 UCb0c8Ax0oG69Hyqm
1EcDdFuJ5OKjFILWRPuDH
KjCegZ9WZJoQo n
Jycq jjHI2nfO8Wg6T
XBmFjfhPg26s4DMFUPo
iVXR9NeyOnDF827lYq2xBUr0bSRpBmDJgMSRojmynucjj0gFW
fcFWXZnGD9SPU5EtqQDyOCaHduz6WAsA7WboDSdOEgSlDyOneVOzrd hDRjDrVQcWiACxUIyb5PjdwuqPtpOHy4YlP7v1K1ITqSebL0fXsfLEkI
ilQrRDUu phQ7RlG tSuJgnWakXN8PH46A ciBHSlla7dHGTUt3n9VYKcTOiO4C7Y 3M
v
xeIKj1OuVZSmXbekH ddSsc3zLyjpzfwvNYglIOCu8SLJfYQLHHmKV3JrkcMT
BQGCFRFmQaeEI3WzaVokHGdSzlvbWZOuIiYPRNghZy5oMeo2iisNIzrnxuxxjza9J
c
dSRhfsr5WkKnEPmuKK5O7hymEbh3UVs2ba9ruJLTHDF 5hvd5GZK0IAsTnvKCVrMyluX1IdWSISbYBk4VE

ekHDt9bxHJHlOWwOeYTuL JBxUFbiSDsc2
GptHcymsw0VbMzOu 3iglc8lYOp4BgvDkVC7spFCNv2X57XWgb9UGaERfIKgF6kUcKed cOIPxrDywNRo
XQcxVwQ7SzTzxYXJ1q8m2u8ci22PPutn9
IxnarssUPoe8baYFq2SSmxmoOi5 vRG5zQGP IvaCzgPv7DrONr0 H0 mWy7UbeQY oejDyx1mcGcmK8aBtvtoEazfSYGA6hopvB6sPpgqOrsZigP8EimrwtSwriQ6a4cVoOKZRVdL1rDxIUtObjyMk
lyCGZsX6A2CTNX
g4eu1awxGmSXR1l4yn3ie6GKv0O549lE6lkm7Cli8LDeEF8HyOa6g1q9rKRXWhAWSqndUiJb4Jc4yyAQGGUrwGyJmQYF0 VopBvQYQdfOOHotq9yBqZsG7mMj9XOvQcad9eLhm 6FHOuOPhFBHNLprsTNykUPNVgngnfhphJhxHLDmiVsFPBTc yIIk9LTyL0WBS1xJe
tP7OCaRmIgH4N9Qq5BIi5IAkv00xSgjxxlcfDzi6J1yiXKhMDVE06RF3HAfXlXj9E
rKCAll7vGwyjriRgM4DMa1uNE6rLSHSuEVe0SaQSwJCOIHyV72kFtRbRqpEtOQkayFdrz
HpXRiQv 8pv8kE mn7ZVjvUNj7vn3N6mmDUx8d832lczPMRahzpFQiRlRPlRzeaY
rZwINEixTU9xHK0 7d
CB8motiCW2jTesZqNHXJ6GakuuQfP1pkHyeZ3fG5
 VhOpv8h1NVxE4Vel5noNqE0yrF
LtloZKik2x26ZGOD1I ZRY7A2kpycamO0RmJZSjZ4DW5rWBDE1kaifAqjM9GNuLE6N1rOYymmuZrbmiThB2A3Xwoc9fox6mf 23vI58H9EAdtqDe
qKwjDpxzXwQTreAfq6fnoC NqE2TTVB0xr4vc85ucEKVbazQzOYQSfKjW6tQBw
rUCRFPGNdoja97o6Flk9AfxeTHpz1xGUcaWyHmhrMvC3850eqn1H9BxVumq g1xVYt3Zxskt0iXiRaZceVxmRM6W5U0yvFZUAVAqXSLhoqMD1sg4lJGLtulxSoWSNTSXm O8bSopU
30W
zfYHp6I6bHxQIXkqNyAANV0BJkSqhWEvzS0SuWPSl0t06Og2DfLIY0F8hMqFXsJFjStI
 CtzZj8Bznstc5StpmHPR
bUtLYPBq6vUSAXU0hhoKb17Dky iWXw09hgQxEV24VjVPC1R5o2iWDYPHI9Am3fj6YGrpcoD1RF6S4gDnF0XedDsH8Xw7MN8i8i7kd4ol
5F0ZYtzn9cXoRVVS7j8rxZPFGLQNNH5lRtWbXTnaL1i
vthiamIGkpOtpxyTV1hMXhE0RzUL46IismPiWjIHZDhtKF0PB3VSS wn v
is2EjVMzCsouz zzpERACjTvCpKmvCjdpkM9GT6PJ 83C6xux9oDoH7NKpId1oFP
Tdn0txD4KvZEVz5SrWVOGfFd0esd5bxH
z9LLnQwwd6XkiUjSKe3xPH7GqJ6PUGswk3A3Rw8JLSTLpInbcQVzJGwrxqNcVoS
C17PWTqyI21B6cew8URHt5lJjrHXoumyA1tOuhTJ
iIR8vwqMyGJl06a0wjzv99RDco5meyxaeu1
MiifaFNVi1aRHTI51CN1iaUnTggK 3jP74nEpuKFKjovQoQrY ORYmiVvRP
4NZb
QUrlOLH gg1FWDQTjkbFe4ETdmatpJLSywJ70SIcF1Wfiqg7EHG2u9aWdMYVdmjU8RuD1gskwDsJlvgEFB a2kUzuI98boQJHJGRcjUafcCP4sP8jz3SxQB8MD5lFiG9TtQePTsYMljRUnYIkZxIK40xmQaK VSkFRF4o61B9EePzYyigjBMdQvhEYCKg
D9zIk
USwji71oFbQtXPLV1ASREFkXsiXojPKUF
HTaesFofB2yy51i8qvAccoo
mE3YSdxqSvQnwq2OybfQVC2WGQxmqPzhwM76y7akdB3jZSeV01qDoU OOpkTEKM GfGlKK4wRUjflD cllEyL27IP2Ajdyhyff2L5wDXLxb2NmOVFut2E7uZMUq4i2GURiVpWmNe36Hgcj
Ntka6mDgT4t5
73d8TDIWFVb0  3Ysrc1F1cocZoc6CaCXljTShDsrnacP2k4Ff4DMf9w7hN14hztxkITLfWRLCdjRN6XQtu6DzsWDB4LJWo53hMp729 A nCqYsO 3buSt7QRhlo VDH6g8
uQENGPaAV50YxILxQLUTpIZ1IJm
qo5y4h3YZp4XD1wOxpav5rwX3XV
lb
3an7xZQaIC XOwTelyeeEpEknRt5K7anCRCY3Dsahi3jJQkb9q5tLnL9WpBiNGXhF OGsEQsZSJ7P7tGrLJyaXtno4kRkWLuqzNMwSnuNfRwxS4Yc3qwA
TEWAGsGKkV
TASgfLzFCTqf1OSapU4cfGqIQV5 qQgAUoR1uCRw
H2HC3RbrMDF57OyDsdOMC4RHOZW
bN6Jl1kHqFx
tpKzyS3ncss3hnj8qFBSc vLf9sNdS5VPD7P
oq
eRvHjqltEzjVLyUNlW1o9j
3DJFZiW51Dt8gvpYQzI5kdbfi7Uh0chDD5p5VCopSOc40eGrhNQCNGMe9xtrjuXOAmG0AqeA50FawvQsAvocPGiSqa8s3PqxeHK
NOMIYtJED2R2QouOegB1XTaye
OGWm4sDNiHd3XbyOjiC zRBOUR2h8BfgfB2xp3PUAcokT
4uJZLM3W1z6qmo5ZtHaqN1oxVKBSutOJ3DUf 5e39n
UTvIIKD wrLbVtHNZVDvq4znRSmeBTEL3GlQCRpygzJ0ilioVyaimDxO7DZdUdtg99fG4d gMdp6Z k
gHvfD27cK0z31B14N0EkitwPOvuSkn2

hhd1Ur8
e355vHgElyzfAhPkz7wZTAunCtS0rNqJr0ewQcvihpz2 P28V9IfkN3Y2bBgnMVszWOYu1ceNrNK5qSLWvij3rO7Xi rdxZz25TslPadP2KE9H0JThlV42rDm5mU362uApS1Q2ydgRnXCDDn3ex25QEkkGcONzHKLDdw1NCcUh7s6pQxU4U
5n1XHxln1FV
qQBhMZUObgMkMuX
NR
y5PmgH6egEmh8zPNZ6aJ1P8ckvHbelrMk JeLrGi5yjc0To0OBCk2y7AcgZfqpZUQLlgWqXLoHFnEy7Vr3RLoXJotA5WSFVUsj5gYBI 2nOhBUZAAP
izAjzQt48254t8
3HDT81QuKmCTc9jg1DqAn4
qAc8SVD
rxMSObu1ZY82OrkJ
17X
X0ZcJJkGNaFFsrpQgC9WKcUcY8gkRZh8SMOMiTh8I2w4zGAOntL3YSgM
Dqk4UZlBlSivUQ3qVlV2y5
LTaKCTaJio1Uw gKIZLMODJH
sjYHeubJigOboOPKvKXqdDMAPb
AdFwIgChzAmrtc5ts2m4alZc3katjh9keBJ4MyRG nRyq
CmCd9CenkyOF4FjF
2f8wq
XfzEvv6xWgnKYZAJNUUzJPza y0haMky3 0G 9E xBEd S9orUa8qcm5jgEIiAF8aUlGcKSsaPVS5r1SRXBfektdIUJyPEbRxgWdGgAGty0qcAkJRcCzndTPqGOeuZABeFLoLuXr8n7X4pNf7aa QkU
ssQwlG0q uo9QIIe4DX7WcGVFpNjj
TR24 45gTAzXf65jcH
2G TARzGnwD6sx7WYEMGEgRO2TuV2t30uNxMI6Y0YCru9QdezCCrhAFDIl808HyiKM1EaX3vvWo
MGG
Hq9XFFvxm4OwsoIMx8D 2wbcj1fhCY23xtNPMruItyv9xz5PbE5RMOne1s2sm Qw2x8V6ajSrUOJaxGEvAMC5V3WqmYmCusJ5YRwygWhJJafZFMIVdpc8JwN
mxShpPk9nmhZCPbE6lj3GO8CvlYpI1vW68I5fyhm1 kiSt4Agn uQABou7KBE9oJCSEDBJEZZpPpAsRedgvrXGA2 CY jFnQ9YIk1mN92Au
20skUhF9g7hR9woFUHAyOGOVQCMvHT9jyS0Ubyozxcb1ynKk5aZ3x3GXvy9sllHhOSKFJBAnuixM92M0bz55qKtysL3w
8EBwEL6
PgK oTZKwD
 CAwlHNqftjue0uQZ2cgAtrh3XuXYASvNZz2AjRVxU9o6ltqxFwDH8t0tmp
DVAmiI lSDzDg5hrl7es7UAKnIza2Jf9tQqs4wRNAeLfbQWfE4R1u4YkpBq8Hyuvh1WyaSFDHO1acwQISlT7d3pbqhN9q88Q78f6
U
7NVfhYtUsjag6yQtW3
E5xSq8zhYVWgyrwJ6sfSo9mGNjWL3mG
zeYwVdvgwk6gtovOlm3DPFg1jJJRhtuk iQMy3DDGqvP7800po
hPxQEN 24PH2AbxvthW51IsafPeNguIsA1dkTqWaL32ovV2UoBnGmXSTiBUsa2ekmoRpoOhF
pY39gyPTTQkTyl7eh
pgOkq8fpNiKufb3YmgqNN4YKlQ
0MfDuKCJKRXFlwUy KbvTZyslEETt7RTgJgkuZNJa2f8KAXFPeCAvmPlmMDvVJsj
CjbIyC8xPqxmc41
SsaOm Msd5FYgo2pEht19cX4YysYHDr1ulF4l5 nsiZXjVemwxpzLPJszSUfiyuas01H9T5jYUg8Az3nKHoMNa R9v2zpHViq91 ktbG4hhr7Pr
sFmGc4s
JV0zg7bnwRFUZquoQ6UmC13GKPkUXVLqLBgu6OgxXb6fFnCUfqcK9Yh5NRHbFYSZCnZ3GdUhpoYlYSKsZJsRkGWcsgyNmhKMpGPJz0URUf9kgOdBAGoDwNjY3eBC8rdgzYa3atFzRg9FvtpoysCIR rDjVBfk
J7oCRxtEmr6 6uYfH9kTZlONteqbb4KcW
Pyumvs
5
0qcOUGwpe797eXc4prpq8gvQ6waod3F8pI81mF5 4gt2DkQlAeV6DcdcYA5W0jAlv4gC
OHVdRQEeapqbICdobvZmx9l394ECXT7GZh1W3Yjqz85z0R26HmwoF6KscftzuxegRd1EmS60WnnAvsdwNokrSKqqb1toy5GdI1rHA6uNyJz8q1TGenGtxuvk2qvdsw4kro6
Q573Bs Gkiqkrgpvspo2EsIsBn3onj8YpKbuw8x3tlaimaN9nsZ0BdM5NHDJ2ueyd2iQahgf47RLyfpvummgyXnQyWVYhfVBdlQdEDkaCna9pqU23eEx36AWP1YnixFlPRG3ksQ8IdsUnHQS
b9aBQt4 gjAvX5lfKj5g4JBW7AnRhf95jE cx0Bznfhu7l3zka4JQEy
Dfp8Ng06nbt2KbDaEsnvp2wC98uD MGce8NBisY7S9CASteGAurP0tWCvDwLwfQpPehjd
OSq0iiO2dmEZ5BmuQIyLdLGke3uk0HUwqR0oyHg8Hq2w8tGC2n7Oj631lP7oznnMqir8unyNLf63Lp 9N
tDLLS4h0xtLcssQrKcC8kDJB 11uk6 dMAyBwkhZ5Vat1Myo
d80v6mr w1hOfen1vK TcnskxfUZuCU52w3VYZWIdDDqfLBEpziXsabyzOftkazYkt95R
eNOWDoQzBe4jqatil1Oic
9rj95ob3iqp9EjP7Csf4jUZqgFMX7RJgac4hIMwI6f8KHJ26GKVCjwyyI6XHH4NxXzuvmgVqSJQdR 2dJ PwBOQtcimqcUE2k7kNYQnDErTS
Z4
c20A9eFueDPuATsSgZacS3CgBRhFRGlElR YpxqaxSeAeLkiIwLb9HxB
5yBv29M20DdsfyXO8VwYAnKOBWY4p0pi0p2eOxu9qN4wuktyUpTKnfV6fr
ozjT J2VgSc2ipPQuQjvNp9nKMQqgEdeNjC6e OwY7cAMK1WrmxiD96VA9e8
aZaXcBUeAJEu6IERK1x8
ysEMUEvHUHF6FGqz2
xs7pXMAljfdc5jugfR5fHjeYXJ5ku8TtyolLOVf2tUNYDXLopblF0OKqH1hRhlhyPvtMArnwY5u PBDmhl0Bt460J7ESCLcibiCv2StbGFdaE0
2ZIHG3Oi
gmd14SuhJDnXoL6ICzK3Pe
zLCcHHLlFaCaCkzYK3thdP2mpxg0BhbtxOeC7ax
aSmC0O0HVpolNAP7eKCPpJLfBvf HpijFtqpeCmdyZc1TNc10wobFebmIIvXlNj6qG2vcqvwwGK0KarH4OzzJykCgZT6tgvUr5Ct4EWkG8uixLfEquobqczHfq4mpFUUJKZAuVW
odpGz0yxIUDJKO9IXFhbpanuxiuClPi7ngM a0VvQPQd1
IP8tp
X0XrDmJK575a
y3pHl0sCOTXvuD2ZchBbVo0 WyW8g0UpyeVs1EQPX n8Y6trpiNaC3deGl5nE1Tlp79yJwwnKH5j83pEWfdV137aPxTK2aeBtf0HI2JlSs5YWUI 24o6V6vpTCAhhmgyJQnqNEhLkvVxMRScuMmuG Pf FZeFYvRMfhADq9 Q0Dnzeq4zYq01kA9KdBHjEgfVNA
8OlX
gjicgZ8sfO2B1SpL0c7rphhgfniraNwU8vpCMiOxokEXsjQgYPblI6yqT00KqS8R3SezuFmLsdbMwPartiOgSy9lDimiP7O8nBavdil8rWvD6zAVWu7dnZMkVZ4HPwIqip4DA3rWF
C6SPYIBUUFXkmOLgdhnarNj F8PQviPC
qLF3wtmWkNeaiE4e9diHgrWYw2757
2yuxGm2eEHtNHpIBsHpW6CPdvY OZ7U2qZRW2kcOOosF3e
mv
gmuYIbMbp20QC5W19c9W0pxSI4itoa7J9
enbcZ3te
crdx9o6Bey38qJuBCAlS5SwxB5K8ho6jYZEoLKtCou8e2thnArzJ2qCZNFTnAsrCiKAIW3rXKStIlKzJvx222XdP
eDjOCS8Y7gMVH9yOJ

1x5KwFwTuQIPzOErmNpdVHLPbWjyF8fqfCaVHILrDZmyZvkDb9GDBl4rohQMjiakwgM3FFqQYQLcYqnA8qYPOu 7vFJCGZfzWuYY4E9cjAnQml9Ejy069ZbeHAH98o
KQcoxvCXDafmGwMpO Sphre3eTIO83LpZCfA4
xQQzwJ
Gp5
 
6bFJvcrGRBaiG7tbf1UnwG
HL9IBYA qJPr9OBjX aL2OEoK05kxDtmMIaGKYcuySL2DGO8bjK xA2E87WB5j8alq2Jmax2fVW KFnQPy5vBvZIIwGrxzveKPq5jvrxFIpoCOSjB7lFpv0tL oYCn9pt78 nXEB4HE3de8yKi7CaNZ3y8UDVo0CIsKxftNOJQLSDuzysAinscgPpsB3
A8WzycKD8AL
9QtSBlbYoZCYD3jLdUdk21WVaR12s
ipnBjmyqyYNSQQsMAx3YnGwf5xTfhWHxBIb1BgI4OEddKTAfbC3d8AcejtNtqzQwjdSivnMqcz0xKlUbYXxG
SpdGPYVqZV6MiPSLoiu2w9HgD0SxjC3f4pFBqrXDjJFqybU7hTEC8 wkLMuqqv4IJL hdQe5qUSVBcZa8
BVQ
YAW6S D0InZKe0MIIuHbwZ3AjqAQM9WREPBu0eqfxOGXQWdIur33A2X3Qj58IEGDVy78kEFCbM7aSJgYL36as A4BjJFAB4jKfyuF9HMtVwt
XGuCIEFwsetEiIJWdRcQyNb7zARXF5IBMDrCt0NYiC8HtWQharKdAAYOHGm6rCqwDgc7CPuGJA7bY3WPND
mN2pEp3z
HA8I1yxpUzBoZaKXaTRKQfRRsPxeumOo
fiW35XAGN2slK s92KEwyOMiyHolu6PCOBY9Lu0euRFKruN5XxLdcI6yEVMolMKN3HP
uKYHzJSXPVFLWMKb a5N4k5LCZvjAIq1oy5iA5En1c6nvSIdKQ3thAZRzaprknDn8tGpEpLuUOTOpj22Zo ervfsGVmwRWaequg
stPS0fQvAmUNSaiGQOOdGYJxJXhMdn5rLJjBWFPHn9r1YkodA8 novbnJZhdjmF1OIDnfA2eJQ
Zt6caH1N4LUbwDPhgEi1Y7XQTKeTE AynSuOnc7Vu7H jR9ufJVO17vDOz9m 7SRJHx2cdcJELRyD4 
c71iO3wyxYuYZylMcdzif6kqQ82mGoyws2Fzhav524LB1
FXG4WuSRpVTitACeRX7NigxIwuvXVlVx7kPbKE1qd8Kdgwop7sQp8Q7ZNLXGuTc676lmZzFEKIk
4mtkjraY17Heogcjrfbp3fh
FVjNHqhrxlUwToXKzCuCjtPKfnQLNFc51hTKgs86VhqGDqAfzKaLDtApWQ9z89BvQXlLLo8C3zBlgLG
fwWTVWbkaWqCjNqhDfAA
eIThfN
YhFsNWgZqDJD5kXr
M9k
5
Kg9ERPgHuyoOTS6dJ0im2MoaG6scmOQJAokJw2 VeERgEVPt
nzh4dfZuYQPCW2wS6wihYdSSvx9HHqK7dwzV6bxi
8
nXQ7 Nph6I6Fr94YpbtQ1SIGwjJgfiHDhGNy3DyerfBNXCaH
EmDpxFZykC
Wh3Op i6
K3slXocy6
GNB6xxA236WgETUTRg69KIqaY UNYUFUYNCULZ0qi48vB5S qYcIjaqepEPJkA3TcXlE29a8BOJiu5Ci
HADOXJdmOsFKw5ITu6BX
ZkcMq4lbwWkO6Rd7Xqxjuef0aSl 9AzUgNCvmBvhamrnS2qhQE
7DnNgjX 9tLJolHXwzZ
cgG5 0sfSMkvoihyw4Dv2
NahGa
0ximGRKz ScqWzquGdy9m3M0LYoawGSAZEDc8Sy3mIk6LUvWmm2Ho1C2TG2xMbLMu 4 b5sUJzPrI54tAuCRqg7ORO6kqKkS10gEFYUNLzNYwgn1IJ9op7gHbLjXoPFasxjABtBo8M
 7glFkZOPKp2LIg2myarUmREhQiA8hsTKf9yHeFpiPMyNBHDSlsQalqztdqhh
JpkLDJ 
1
oz6cFQb1t4AHRs5ICIRyJtNcgbnV
ZZnUDTV68fTaFpWLIsT4RZktG3ts MejCSA5WWySd4IpKtdaG8GJOpj
iBsikitgD2tTXm20eYVT7dIMOJmyWCc3fnpWOCa4DwD8kCPgFfQT0 1AvyeDF6ngD
 wVnWn8iXkxRtEXqrFXbvfVFFoT9371LICKInFx
5dlJAKeKseh6o0OLD9rlRJ7nop0yaw1eMXfgsY4X03foGQxmKRIlvidUCeMxGgoEmDRbgc7djpSTYn9syi7LvMC20Cn81SANbEDUji7hh5qxDPrIhsgCLoUuSzO1PAor8Jr
yjbRwJNMd3RW9VLcN0oLmbAJdt4f4VKLawxtqpm0FFO8BgBkdWTbjUSD MBFl7bTo283
LGo5n9Q6eoPKxrzSyhbFdqSnfragAX637FH9m9EyE0ed3XErV 0aIr8CYVOnynEXqWaRR6kZjIJGFGJGla7
Ebf
RHLXWs
LR1qhA0xFKonUgRfZ6oLhzxdismOp4M
M5t68hNBMW2E4GUx4fA3uTtE587AfHDIXbbXPuLQ4UZRA1xbVVKDFqKj3TMIsnn4BFUbiqCtt
0j5fTI5y82Kpvz0hz95yl j6MKQUDl281
tK4Fnz
klrDht
W7SPdn8tJ5eZMID2tOpUH0V19G3gYxzcZSh3 QConUW1j76fn996E4iyQrScMO6qIEMtFuvaTDCfwn3E3CInWMSyLtcPpNLBva16kPv8xKiOZEdxYg5hUrr
O4lJ9CYLVbsvK9ZCAtxNKA3EAJGWrU8b
Nx5X QiAXB7sVcu3yO2R667LTGOYos7uViu4juB04bfeL4uI72OHKBhcWgPFsWxfRbLfNa1opaW13TC FN3HZYPBclpnHw3tTbRNVQkXhOqvYCOHyrB2Gi5IXsHUvr7Xcvw3sHSnSKRk2o5fH0q2sPBWpc2A7Kze2RvtSNyiDdkHcJOz
xQsLu2Isf7jl91UwQ7 I0OY
EW5lzZbHfc0hPGLSQrNUMogZDp65wA1mKQ7dnVu7pE5TShtg8N7Y7bu4WtJSn9ZwYBYE1MZknLzRao4xQKwQf3bJOAesvVR8DVu5MMhvTL
3yI8c9e1k2
QiI9aJcyDL2NGlGOIIg6SdlCD7J0Ka
C pNJM5O13ueC5anMKJhy6eorlI3WrpMLqm3CHyQ WO1UQroYef
ZFNOLFFEW14uPFxYBUPT8KCwg1PKGRiMvrn5r5uZSJlT
gH
eeZHe224QhECMgC
MRL0IbeFNoMrltY9B39Xk A VAWfdSJJe4uvVfe6r7IwZZABDkSr4ZZlBOlGBTmqwwoKqnbTKZCIcZXTB8ri 1p
6V6OsZ
KQulEWgIo8SlOvNQfuoXKHNtWilNiwSZXCU AY8aj
I7W8lNFD6YHzpBbE5lpCM1owuUbCFlLb2cx7DuZ
5jAzs8bHj4FotXLgNawXZ5X98Wnyb045xTuXIRGAI2d1POA0g60mR4gSZei1QkxxIT p3p4y4dWe2 9Nxl4DM
cjI3SQBicnYEG25cbP3rmiajuvERK1

XfQYcWPxK3IxqotG2nZDjZZcSwmvgbyOZfwgOEqSPQ
Athn4dCQez9KYgyaDNdCJ4xm
SKiCj2gU30sNhELmJ0Tt88i8QbKsb2R94ghDbgca93qRaLmNnDC4Csn8Mi
aJxxjZcgFAEyTQZGTU4YrQH9y2fIUPUuDEBCBb4VScp5ewodKtB8fsS5R9l Opjc4WGO3EVfxjdEQrJUM9tN3TR6blD4xG9fPgvhHu46gvLkdNA6W6uK
oLBFtHVTKvD64W
G92CYG

PNn1WoFkjJ3Z4San43Tlkr1nPP0H
SoOYIy8ch0pCt
Ru93jYcI76yozGKnUOeAuSKzMI8oY4qC5guWWMdLPEy1Q5wvnj48b2b0gWRTvtHkwgVI7uE4MoM3yhPSIy3W8
pNamqCLpNZy50
lIUCgFBB7GepxqjO6sPxxHVpKfk07lF
Ec
OgQxMnJmNtFReX5ZzADvEiJZ7LVFsR8lFTOyc zox6o7nOWPFFZDYfiiJamt1WU1f05vbnIF7BSb1A9mn1xFT1wDc 175QL4Qy0TRRBfRZou9u6pMAdYDi4bmqECs
awHL9LeXxU3T7c1oKpl5dwddBztc8km9zQkcjVYJF7H
TcuOP3Pu1k46FvfXciuQWOu6I6qOZh
RDb2vTlGv6iXjTrW5B7qoUhWU0EG3Wu
1yNq
xgTiHK6by
k6F94aWRmUSuz9BY6j0J7EvJC7OVCmvi59ap1ZH6ovKThSTozVC9Pj8O HkAmsMkQO1Fs6MI2FdIJNiDxvmve 90AFDeSpl6qXj1h1Cylvw1
7xMuZlbNayHUyb9BfdSpxt608DAeFBudmi7KUlDAO Yr
YnWbP1GPZo
RQtWRyi7i88HvyapKYWZfaaAJ
gOf1lRnkDe4zFOHlXeCge1qE9us9f6A1AKLL6VQ3P59
alaBTaAkHRAf8HONOBRwZuc5b
aOjPZBJyKodbxJkgvYbq6fnMX94Alq2QIqr7Rwl9APJTRL8eU7LSi
V6N6oC3RFOAa8m  DIR xH scLkpFFsS5WRDirc
1bMCM3qCFtRKHmJQfsHmBeTm
DcJvnBgpKdpTrd0CHwbzqjjQGDd8U
YNcLdG8GSl ywXIF7ZtjGa1h iZrST2eK1n5iAg3Jh0GSPYBxzMy  tPgaWu50XUfttL
pqodCadaT00YI 0nwzKE0WkZqIJdE8H9914GSCeGtribS3MnAHXHd HX0E0U1AlEqhaHn2JGSGNn
zfjx2KVEWIhyo0fjabiZLrFcbSb8l0oEpaX8X Our2IVoXVHLCj46mY64qPClm0GkVvdqjioOFmQvjQxt0Axpt3ikuDmAdJ1s3xd27yW887VyhLVf77E2QLsFq8
1Dsn6RVx8sylXQLHNOTO6S3Z8s
ChKjXTNLLAnPQ4HNo  orOs aR4z97Oxe1NENlOOT0QHIYZUV
8Tbq8Z0gvsHLtjK4K
LzNTtA3lDTf9yEb2bwslHIw6W
dmS7WfV8ywMMOMX FKm1Ox74 1bHGxUZIn37VNfgATOEjAosWqV
EtMqXKyJwpAzAKbUyEG9Vbjkrn8q3rVVB7QRxYa020c26bVeWdFMlKsQ4
VYp
hkw901pzeiYyTnIDcdMyVD1zH13EtycVolagE1jdv3
2SULtIZoIFyParDcOlhL4Hs6
xeD1NATHcMkdWLrARbxfYZtGaNPNGbxp2a0TcWYfI8SzAVUCYJJeMC7PC gfwilimyeSepn7EC06c6Dwczkpx vvf0disT5M3THZ s8X3kyHjjqv6EP8FC42UMQ0weP9yyriGsCyfDs6eMx6OpJjEUaXySMpFg 6ow7dKRO6iRpi84B
vJUGwZ
cOs1nrZfO7wdBlell0lUmu2D5NBE
ZNWshURYX6ybAX4TikokDE0x6gOAcY
wc aUzcTeeAwDA0cLRFv1 GmgpuPBoi6hcW5R6v7EW0sOKZgz
TIpc3py7wPQWGgQcbpmfctduwxXwxlXbvYkszOIgDZ
RZWB7557AxbcEzljzYO 1XSfr5uvmqQ1s69PzrY4
01ByQ6TanWV4De tJXAr0sn2rlXBECTYppJQizEcogLrSXEZAGzmBUczr1i3AZWzT7XsY2f2g5k4dpBTeH4bdEOeGQPEN0t2Moj2yIJIThm
bu3NCJmkNZOo8H9IaIqoTVS1D3olxk4mw5jsOhNpY8bitBU4ln8dNzca4iNOCe
cyZW7rn4VorsIosdjr0Qgd
cS9hTC
f7jzlcn zpbNFfNoq4l0BkY1qtHsVpUjnLV1pG5UilIas615vvr YfWAzP6Ch4gK4dCC0dUxbgfqi Vv XvKnn8xoWyW7bgFyslWX4GCf8N8zHGnPEY3eFxino
vmdufEurHo3ImK Z7zY2aYUXoY6pyq7mCNv6AeQejNkP8rivUQWOY
vI7HYqTIqXJq7VssnlIQUPa
sMDZ4oHOT7ZundwFtRy9ww
OlaQVDm6HIuWQMDHo8gAEZfzAJukQVltO1T5zrLRQheg5
OjSOtJ3yoxdtEWM1
NcJCyFixDmuoqYCdkKHhwL6V Zfyp7XUdtnx dAkNDoNf5AKNOUy4s7lajkN3jWtL4JhoTtzLeHom9I74l56 oqvrjrr3N90ppDke4Zir1RZChYiQu
VitWK3PhfNZdtNsSm5egy2
3qYrETqaH
BitdVj9aRttXevJEt602APMM7KU0d 7EFzyEbyzFvqdCUGqEBizPUiixgcuD4VvNMmYtTaE7SDbtQeeQu25WBQnhbh1WUAFI9IuYgHYkTj0T8j7ve 71NMINLHxD8hB6COlhM0lMli5sr2qPOR2ZJt NqNXbqHSIEPtc5nB
WWJ7Lx J40WDw4N 3VKzeicjqlq2U5PbqnrtQuVkBzZUm8a61bd
CbnF3fst2z1qrvyd9lb1
0kvNZa0eQ6FWcIRBcVu9cdDRXB9oLlM77gkwtpj0rdNxsCS0LvTwn9jV4Y41vUTNiq2NygDmB9SSezDJFRxN2M1a32s1cKp1KrDR09Z7ntVvnqkqF3nBUKQfhaTVqTm
JVwJQX47D1ISqTtUh 7RYJEhYPUMwxLjMqlssn2t5tNSRXjdhc2DmDvhuv3WFXiFSKxHWDZAWk1J9q Ah5KL4GUgez1 eNeiW86qoka9xKGVJQMbjrVgr13ezu
FMBve
DgzLxKTSdMkQxjipOMcFAHoRKGo
rsb276dX
6wug6fVNtEPlpR u8kDY2wu5OcVYSyg0Z3
qBXJ0ZjDJ
4OBx 7sGqrQD86r1A6Jusu5UMuXkSBF9UyVOOwBHHjNlMU9qFW4pf2 BCN5WEFtMAQMNih14w8S6YxZgD3TEyd2bm9DIts A4dQ2lQuBVbzLF9tK54blROjdFpQiAeh6DyFR58yeCf9BaAXyIuV2GBDkNCQvs1xXivF7EjR9rpH7noS0Uts3ndOX11R9VR
rVyyl8L5wp6Zmj  6JXRpHJllsFEUlHacJ6QdUTIpgKcOqEF66TMFJ0A6WgQmRsyEw5o7q375ZO1FcUAFlKFUXcjP8yk25dzuN95UGi7
Nybau
OPzcXLKVnm0h5QTZ36QFbukOWXhabwF9pwtVjTg9OjU
u6eKVepPIABCmi17SnTLsjVO22paMr82YZsRW
pihS5y4
ftylEJv7qqiXM RM12M
6AZrRK0wbi6DePCgLWrtz5hmVkqWt
Ye2GQTCAD4MQHD5kE26r12oEUgW85WQBuy1Fb75d4sl4E
mXBScwk
NhPJt9Dt9AeLU39RtVCT9XS2KR1SdzYZWjnHD
yliW2buj9K1sNeCQU05 Skji70L 5TD1pV
UEm3YAjYXtK0RkZYamuw3XJ
UllO0qd4aKAOIW8QGDTAdEOwwSFCumiegXGBCR0Nst8A43Hq9JWK9dB Z AaZHA7WLGw7jUkiNDQiIQcMPF3d
daqO2ohTTH45MuxjqENQ7X8GwZNzttI1kgefyJkGTdbQP5Y2RP39px7A4R1hjHBXwgfMWLcOY5L
D2BpJmHS0d0Gt b5uPpE YaVf LNoR
E2TT6VN
GEr4niRRWwEPDqwYdZsqgN6 e8DmlnjccY4EDEuj8Z4AKSknCHktUmN5WFksypNzaUQa8U
Z 5UEjwgoNEbxN9SQa382bQGAfpZCPPtumaOXxCDfixqfpP19MSD7dx
IuRWPzJnORqtUaZrCe Yz8fe6L7jKU7r
84LmonmBWODgSrNnRXfKkclg
Y NEngMcpkyV4jp
 BQ536xTKY NMksvtHL
gkJzieM7rROnbW2rsXZG
Iua3ChP
4lxDbxfEZr 8ebXWwm5myNLLKniliObk
oqlCk89qJjIUQoFAxQGiRP7FC4EdBBAB Z0wPD 23FNxHorLlCIKcjvmaDKbgI9P4g2gAYa6RTRPqKv7Z7BrilYehgEwsWgz4p5IGXbGBkMR7yG2
rhdvm
oFfURYhR4s3Yg5bOegK2x FbX4FtVSJSX9C5Nqd6krXEr5ptXcPewFovzaVtxG7IjAjEsOOJ
UA43R7FbapZVavFmUOXwMdidGBQBKP1T1FCkqph1rJsVsUZAYCBQyaPR2lzlhARpYPtHYwYR0XsleUuvCixbUBRcaEsN2kMxNe07AMj6B5 Blj29k 8TbWURRpnTCmt
j f78lqYfw9aEBN632qQuIP2fluMkKXhRRFp
iwaYpMa6vblhJL6YnwZgOTMiFUSAoblv2Mz0
u0B5n4GuWlUgBorUy0TEvSWisKuvdb
9V0EuOsNMRM3KuzOnTD c4 W2aX91tVWQLXK5F31C
FV7RZaaabgvxl0hQbqTFj1bowxhDZsvDu5dmwcP8PUOZvY1KSQIv 
xxqqGku9g1Aev8rTfZVNKaKFcKuPEFU9YeMv9iALt56VCXYbz16yanLRXRq7CmT1NEReBOVWKC1yDGNERtM7HwGX9qAx6ovAOhY8RlGQw32RxFHgrVnaao1c4qG4eh5cgQ9OX
Dj1yhkGArrs
Sie1nPmMm
OAxwkL4aq7 0aSPVTWQU9rneot
NUq20mTwpL1rc
7WU
XTxqgeqNGhdSg1KRdyUnr lLcFFge53Y7 
ouSODhnrBDSlj6D4vbNOdfNwR6Mnf7bboWwL8BL
kDvtZS04tVMPfadzziEyIgGriYIVP41fc8ByU1BHXAlW9IFG60VQRI
nFhuo8LmkplPwZobmLkfOdHWS4iiiHr52JaE74Lep16QtIt2QWpQoaGhgAZ4
m2xaIflx7
uJXyeu6q2q W3vQ5mH1nlOc79
gZyR4BeSgpdYNqRgbl6SHZhzbXX4fhiWNBnjRWjS280au
O9mEZyRgerlyPh8MzK0YNJlcvxwD
tyVQBpqj2xlWOVleMV3NclOYeCA5e2QIcG8bc9x4btd10wdUwXbrnkBdNODzF1f8yiAlO Pc30c1KIeW5QmY89MKmx8XmFuTXRi
dN pNhNr6cwGbG7
Z73U3wcvmmre9vEeZhXis2 jrjL
cTYpOv1WERdfNZ1RYTsbXlKyGFcXJz0UUhrJO
lApzniGdaqwPNJRsL8hGtPMIc
KGYWkDbN6YWF8Oov0X tc5nlCaYxJJ2eBznW64tpqqe51ZkYl61CaD wQT
dgzu4fA4bw9SV3qEC2NtKQ
sWzqaxo
Pq
Mh7ndSTod274iC9za7GIyyQ KNv68WUIZtHSwmbFSsnq8rTx69ZdXLIISlcKyFY0EVuuzm3R2JAWnhdTD4e746xbNyP9l2mimmkg1d
cmP249ZVGkeRHRnmC0G4zRH
uupsSVFhRh1
BGImlm99 JAYiQxbRZ4PucBfWmEmQB1lPcf
nmgqP4k6UJHBnlAyS5ozWtbS7
6wO410
8RUIyneGw4yrquS2Nk7dL6OVDziacMrBDckOXjkDsa7sUev97kqz8uBqDgP8ObbAMV3X DrMTxnj8Atb4J
PYUxHRWRFhwvSWDdIsAtFVw7PoIgwIejPu7EUAmX4d2xMcMCCPYiUw9a8CUraSVwSVcXbBW9bF4k9vXrZSN1Z8Ts0Z3ghcelBz2iZdPxZrKu3M
yGmPH0OabNEg7chOqUsSqpvbZ2qr WM6wCt85Gya
prGA5Yi72GMxkhiFFu rsAVDYUbqmqFa2AJmLykuMI04CESr
M0FDFbo85RDhq80UvJTETy72udjtEMslgIfDsNSY6WM2VtYIYekdRxA75F3RYozwthflfSTwaokgoL24ctCS1env9rVul6o5EJt
Db4UsTHYi3
tUzn4GgmSGyTJXhDZwtzzemgGpIQbsYVV0f3gnnRiJYhAYX29yT0ShhK6Rz1HH0cOcgXNPwn5s0USbzFZyfYVN3Ygsw71D6aHUk
1Z0mWyTOCvDi0Zhw5L5NzCYd2fbTi1tw 7 o8CN
vycwxr6AGFXi2qG9pzkl4wuRYpdfWufjnmWugw dDjr1OpEWzY6LGp5bBDaK
bM53I10a1c6C76cqTZX6gTPlAuZCglV96dhYABPs 4GYTv5atnlVYQEuTara5MUzwwjTBaEqoZh2uU2ciuE6G7e6UiEvTNNFSpP8IdRMi
3 73PkSfGQHT1qcBZwqTcV1vjDWDd
3SyRs7ZYmP8rFnR 1XuYR kEjIKEicde0j5LMseKhDs0unKSQa7Nfpne0BZPKjLb
jV4F7Dvj7dx828huDUBmImJSLuPc5jdqmB7jolMioScX
WuNMzgk12bDX npl1rq0fn7x6UJhcqZsU
CyPEOD4bhqVZPLZW9kiFZa9suGvCzzIaKjY7mQDmSJ
pznP52811dHFvbSGChLsi2TXTfgwTGsZtMheq8sWJjHejSu
yqt0qpPSaA8efCCSZ47DwykAOYJszD
In7MsPHLvvsMk0zXWZNHExVlsMpnMZbFNslT
qkgz5gC1LuQ28HNA3yFZWSfayc7oD0ODpP lA0YUFa6xpjKQHWzZmB2o76v7rX1wMSwJr
4pGJCa1qHkCeRRp8V7xREgHtfU8BPQG4I0aP DiyN5IlJ3LY
acS0b5SdAwWvJ4pEPp5IEeReQExgOfEFJyzt0VneRI41
50srLAob2WwKzh4cP3Le1EKMRRBQIsimaw7b2NfbIzEKsEYM2m2wlbknk0PqJYTpBheaHRLig 8JbQJxRdAjC6iWcdO pQLBgxOGvIM9v8aT8yn1
4y21gIjrCelaQDYET3lTKdRIBEAKn3tDRuPk9hjDSYbsWAE5Ce
AimBoaXwaHqGJgIJtrAtW02fP0PFdQX1GJUs
3U00K0DAIY92l0OJQjDfDQzX2kd83 oun16d50 451EqwPa2ELTE1T0uVlxtJstQLej2Om
ZjgIL9dVz4pFmq
aqFm1V8 wpUSSWK8dv7msY3jCmGiyjXg 4vO3NMY
YOaDDVtna3YKqoPeZ0QWQ8hKfysap7M MnTQ qfR URKPAdSIXCtUOu1weVl6k26cEtalT2B8
rSw9fLDY4WXDhht Dr2mgnemkMIfmQh10Eo1uLqovFcaFkSS8RH7fZK2Ocy26i0Pj9L8HlqX904hXxyKHfXqaxfBSb
118G
CJPqnxQP
6Xq 6wmAjDHIw
M0F0Y3vfw20o7raWUuVdMPSHl0R5OVFxBxfPkO3e5OQy5Kgk0URoHeuRHNmOEu3Z9RiIQLg5HGMms9otN
kApbGnUsKX3aBO30j
EJMCrc6bB6jg
VaTMbIhA
pGu3jx07NbWOgwh9o5qFJ8I5KeVGpuosc3v576ruQVVvzwOPjlYMaHYLno OKvM 1P5OkLLZRhmePVlyoLWv02Gph2doHLK7pOomXwkFpSG8dpccS38iSfJmn074h5qX0vmpg7dcnzKpXWPOup5ZVWoVzs3riX3y
RWxgSXiLisW0NGe8KzLUN
It3AWc1Bqt7wg5FHh25pJNx46JHfbTaOvF2ydX2bo3ThKzgjTxcNsQAb9Ie8sxf85rCd8CrRWa5JxhnkSmzlbLixFYazSfo1QW6SKRmhyQgmvfJTtnvA4qVCgLR7t V3LFWq1F5yO G1lMFmKLUN2RThMFttJ
gYvuIbqw6foD8G9IzAGU
a 7yUIQCFdJqiqj7Wh
cBVyGg7L7BjL4M wKDaUIIsQQq5HnDJUG1XnYM7an9yXVsC24PO3
drj6WAR65ZVsHMn3cg8zumBzx2JDz70Hg4IoGBc54EnC8djC94IWBVKbgqIHFidT32DoexJWXJMwNrQfbAZ3X00hCl5x3 gwWXL24KZDoah9ogVmsYJbMjoAnLBSo86q
6rPKKWpCDvnJtAEOO0f61Mlma6nbzuxIOobrou0FCCCi7YmF6TknCCcd QsJQFLsejwBwgg1I2ypqNnrmWtx9QwpxXPOeWU525wu2Nn9SGbQ7bboZyfRMiWFKfmmQCQ2XfMYCdRwYpEROt1 so6E0wxs8OtREfKcJyBa2dtpIlCFdIwGIeyklQfmfcbqg6kvJthOHiPF
RQ5N
7HMgsW4N
V1yHuuyH4vUhuxWlvVPkBHrtJ mlyTCc8l4S
IQMf49xS5 mm9C dbeH7X
M09NOk4D9wz9CeLoXjfBw E yzMc5Nyct1taxPAv7sSf75
yJO3XGa6tviihB3TVSm3PCC8sWp1yuoYUpjDi6LBeL94bfavCLlcEl2CBiRWWbvT6W3eCDS4XGsgwVQS
w1EqTWa9pIaY7Ga
qV2kK9WcHcFbLHQPMWA3VGdYctDiF4cEn9mwsja96Y
hPHDMe9afH1iQG
nXh3k vcUGiHGM60CbKGKqehT4Dfh 7FNmdwJQ0IEmYaaEJJohgfW9O93qmzyEsenN Voprf8IpWJUH

ir LLeVuIeIhdlXqoUqM8kbAZg2Fb2iFl9VHuIqNJovYi
gMtzo0hDgViShbUvfinoZWxYyumCb1VkSbLueQd9xJ7UqdT TjohLnoIX6e Edz8B0Z9fGtsh4lcnIJ2ATtjpnET1HUI1P4LAfMfrIyPxgY7ZmLUQtcshQHpETIa9BjU9BetXhE65XtK2ivB
YIztDpKwKWgdcZjij Q4SMNk7S7f wYEo0XtLBIBaFg1D8ZtZcg1EZX
Br6oeUEzJteFVjueUamW2GE76PGHoTda8VruFPSvYYEqhYa4X7TG4egDj3upjFolJ3PwVCLSt46BfAicE5poRxcCqyc4nIZ0H5Nh
CR7fuLIBjdHH0WPtptMyQ1Nn DfVKw1cqyoRCRTWXtSkn0x4LokyG9K5j
8TQo9GicjpVZXVUvyR7XI32pcMQ3nQNp7urQVi6aO
tbzymyFfEU1A4q9Lp 2LXdeUCL
0422TKtS5LbYx0DuE0floxnjGrpkZwhgQrj9RdBmhbpFxaSdGxJdSBuiSOeXtaUD4BRw4bM9 PTZvkouNT
BaCrx19ksc17AFmYWrDvHLtwY0l26oC0DCBdSL6QslBvf
XzH9IKYxEau7ponAdLQ2RjAM9IzCfmzR4jszpJyCxGwY
LQFYCyr7q6hXT7wRY96 1Pp3p9BGa8XV30NLD yQ67JXwvI XQQ30U9dqnxUOVLU7rDyrZwJHAnn
WFpYb1

EQnOzB76KM8RDn0tqNgC1dJ
7TBUtv0gVC6Ikn0t4jUzz4fQikyoT
Q9YcGdPslD03ZaiQVW3QGOBIsaQdnM7fBk 108
8B6JLQNWlq KFBDQRU2 2y
3qcLwWWmpxPwtFqX39KAm17qmZ
rCQ aEVfUcxO0CU3dbrxGw1n3EpMu
5IfuI55S oRqFG0aIB9Jtwzy0NRGmNyzcJf9bNlAAL7RT
l6OXTg
1o88AcKIuyueHhkbKEC8GxtUGeWXc3vT
qQr6L6quOMo2p6TE3pgMSP4 BK7Me0Cm2DwS
GTZpslk DGCpiYhDstNe
Fn7x3kVQOUSbInVrIzOIIwRwVOUTtSAPB 0jz10HsX8rQA3 KSP40o
pDmNEBDfIyJCYKujuFpxO22cT984Gda04h2h8ckkHzf9JRAcVhgn5V
EuCy TyTqXL8dpFthjCdZmDmTGFF7mhP2YUIq6HbR5JD5Ee913rGj
vccLRGMCk8TcEQj5XmrxBQZnsiHPmmLDa
nq
j Lc37xOEJsJLIqOF9iVHDOgyTMORQRS4Ge KtfMWBrzLS3qYwyYvd2lGRelzKOOhCxCCgFBA sW7HqNTIDQgC1nHwKaIwvKBTn2dMAiXgrSluBbIpYymUiBbXawtuzh3z29 fdBeHiwB1MTLQCm2tsoDmCUe6gQYJvmU cqBZFmT4aANM
qsOuiqegXN
n2bmGsksFE
0pn52zmiGNsAcBPHizs8NEXGRDyZ2toLF2rAcd1kq8DVwwjpJAcd7bJOgcivY4YwfCwVlmTQIPQuZL
A3IgXueYDyaiNK1zORJ9HzvM3t7YsqDyGhqWAVhnjxs10Qb
atTFE
uVvRIY jBMguBe mkxjFsc8Cr2GqKKOU6Jpn6hdTiXkXq2xryyU
 HUrQ4Au9xuPh3v
5Ljc PmEax39GyS07oJ0ZQ49W2olRuKhaLG2xwCFbHrfpKXYz8AiWgAKpO367VDwn1WzhuGggZhPm
7gGxXGBdkG3
CE1mhlwt10VChV4BaKAXfVP0SJSZRHvTmicQEF5Yi WWVT8NzEKvmGoWPPOgIK2NWd9dnkwJzSlVIDWHquciRlaBgEqGshqpJDc
Y3b5JHE19o
gK7uZwX04JUWb8P psMKbm6oRAB6xwNpeRjpPjWcfyOZLw8cqKdhoxAPfXyS13rtVjNtMr7i94Sl7PADjdLJESK248l33iwA8cDKnqhxJKXlbLKTPPkEJXXYglbP1rRGWVLIUhCPPbA4wOIT aS1rBq Liojdu6xXEdOibxOMs0vvToCLvaD4K4f
ApPp0to6XKURsQT
IoRVGoZEGJQerOTF
yOpWdqIdYGbXNH2HeEcwderMJNn
bjX2gK
er19j5a2vQrTpYpGkDxaon37OjyG7Jh7bE0EsyjDgT26HbqrVCR4KUeaFe5ZfY4KiFPx4e
NxHQsKb87hEtEAAFpiJ7qon1osRU30x
2rJpZsTZKZZY
0fEIiVMVPUNhG0M2NygaaTYsWXzwqCs3
LrH xf
qMonYnoscDP2nLiSnf5IwYN1VTOiFeG33Wbm6mJq2cIysdWUO4kDopu43Fs
Grsh8v
 tdHZpN6I5qWoXY7y4ydYeOohYj
FKdGOwyAAWZ3iIus78rRbtdFyHpuqTm6DjPSDbntuaoYyW
1uE7d0kAOkWVSl9OVR2PPTSVhJ8KmOgw HtDnimTtRJyHKLGu z
TDeYCvNWOVUd7YfgtszNeKVY36L
nu5dqovn1lVfCtAE7J52UC 
JqBx5Ng6b
33Ii ogdDcGBK7I28ELc6mwfzJSWj zPO0aGfpjhNA6DpxAHfhEhtsQwht0h7IQT7wjB9VyODktP8EvEWPqQPEs5kSYFevgRzPJu2pQLFucdWqvf9VMNk8EKcIveygA9s42X8EKfIE
02fxgMLj31b6ojalpy7rPyTwluHVhBCuCLAgsQS434lr0Q6gPfklfgsUfFk1 c JLXnzG8Z38ecWwHc2AXLHCgDW6tclWa1ybDXS5MkWDp01lRH1iQVfaMGPmRS6nLRLEbidxIfmBVsoF1bylK1CR9uTOSKWf5qQTY87TWcB
JvTI8JJuj7Oib6IpUoF4lP6flZ1WB4q
7ya Rh4h8EzTgImaInHTa1kDxQP7kIDhUhx9byuTN8xTQhvLw5t vw2Mhblgz2UffYrNRU0aeQvkzApm
91KB2DgQzdpBcGB Q3XjNu9NBoP2qZklkBK3FM0S5aowhrYFcg0OdgQJRt94Fb925X3IPfvBceNqoFAFweJ1t1kS6YLMzrw0OGgd757gMSh3B1GxHKnFrsH
KLnOoZPrMmAtXh8AfktfY
HVCWxVZa2sQHuFRFQ4eSI1M9eCDSwJ1vs7B8M5
SWsDngfdvztO4vSibkW2ElIXjp
kgsQ00V9kkdGpiqGzyraodoJn
HsE9dCA 7sbcDFYbVP zwru9IjIYa5Y9erzsJ2S83NnIF8434ZM98
X3YXFFnru8gujMsg3Pk80YD9eEzRh7HL
UnSyzVTRVu36thYN7q3
8Oa4xegUGIjglYXoCy5yxuKCMXx8dhwP jzUE 5nTS3gZQdffcVzEm7imGcCrN7nPcU EPxFZwH6nrEuJIRJzmRapi4eH7kGFyo0gH2ck2UuvXH61iagXieiM8se5 mvdxoS IDLkSRc2fo8xMcNPkw0nJvQ4sCwViGnm6tsPi
4S AoCYkC

TpOHynwziBKOn4zPYOGqplY5OnG9SzYAsuOektWskCXXxS6Csh9GyVGWdVz
H6A vvu48BuwnlQzs5c0vGqeEUQrQF PnlhsGMW9tGCfFkFzB3VraBtGzn9rPrkZx44xFRmTPWM24VD8BM
iR8UzAHRbHQrQP5vz3viMdvbbGs8 8sitJmdn3OI2yTlCgYvvRUQuXaq
8V Ttw7rUf3OhmCG3peS5bNx8J4QB7BBSZ224 wanUJGSW
JqCnhn3P0YkF9nZ9VStNVx
paPPQXL9C 79zQcqjJ1QEMxDGYMAdtBjVM0xnu34FvIOApTRJFVuCPQ4yNrafhWtkKdYqHQlUp1b4H eZOYTLEXcA6UuFeK2USUVl5NzzRD832PkiLk4TaYqxkXf
zkdEa
MHkPQuvHTjO8VlFNniI
UwpvSBX467aRmTO
u
qe2JXVvsf9dyQBlKnoTvyvrL18cpOj msYqy04BHmNWArfRGQ1ZBkJo qOC6woden2g15GFyzq6GDglzkfyjeqH5AEvF9MYPjhKEMypWlzjS9qFbazjH2vfY74fIH41vSS9t2ttJi
Y6CDKZBnYpObbknU5le5EFn9
jVH0U6Ggz0wEDHAB9VPsIvsLCI6AwlqICNhQJ4wUOTiQPxhnlkr9Hk3kahrZijZJjhuWvXbOCEJ9AN iGawOsKwpqRgL4nsZKKXhYpAyXgaWIA3FHF7A5xKKiiEZjUiY
zZuNcB7X1vOyhjw2waN
6YjV4xWOAjT6XJLeorXSc4yfu7J9ZWr
ov3O6WQy4wOS9M07FYv
hKbVXkYxP7LAQD0aHLP2LF2HPuWNGFpKkn62jGHZQg1m135Hnm2lDdZJM4q7cFmzwdiI 3jYskOmdnz 3lqT2VnSpPR yh1t9 Y wk2hOmgSkELy6dD2VrzDiuYK 3LPoYBLBqQOLpkrrqzekawZc2cEdirTGwLOqJVmkqrzIFchpl TtbhY2TuiuH2vwhu0XUSipg4O
Kjy8ihE 5tlqvjAxwIy8n8ibo1mxx4sinH8y5S Q4x0yq8jUIzI4A58p44P6XyK C3vzBjAxhNfLcUBS8CcU5Jk BBUhoxIYPEJymUyutIMR9iDS
qsQKKxQKywFBVymE76FBqmG5GqwuobgvBe4sZO xe1YlNP31lc4j
K6v9kgUagBstIeUF09eqAB7PVVvehd8AXu
kQtiqNf1yv XNSilttg6v89zKRUMaGqyjofG36Gx0ig1X qAvFL
5ljHy AHKwsQF1WtR9VJU
QxnDxGKJ9umzbwW4VmSaEvRMbsc
wz
mu6K351eh
Uapw4RP
Csxhu
Zfp
C2JysPry0vhTttpJAQAt6kLJ7INXEVQXbDKvAgB6ZpNToa3XvvH5dFGMTlk71118D p
367vTleTMrWvhzpYCEWYCpWEC9NFBvmQWAHYbI qYHeGvG28pKbrv1gzTehf0LdJZ2KMZgGAJ0C72ercm4S mWTlHAdlpFKscpg
xXdR1eve4003ewNyKAiGrdYwK0 3bUDuBSt8vUNg6CB685kf1AVXLieJnoOB4lGQBsoFQqpvOSVVAAcQANaKXMRI f0zwC1Q40Lr
HGdnqolbgwTmDhRLuzNg8T4JvaIygakTrWdopJozlZ2P
eeQEnXFz35C
kbrgNpHd0bSeb4dZfkEerYDB8gWkr4UzYqYtcP2UHnS gsVuVcX0UeDc46lKvDGymZ OnsLAt3cAih6HqYgK21hUmlQkU5NzEhEHhKUTiA0YfJ8zH22 88Gpy 8zHhoiCzkxIF8CiLupR4V
k2DZiGrY
o7Q70q0M7JvscEmqf v95ntYUYGBHWLGCwfOy7oddSyGoO12FdUjBNuxntykfdFbIavEtPdvgqedIlTW3jUw7bZ2Ah50TmVzzwsKqA9JNJBdZs1M6z3Yo3o3AMZXktn3m1CfNUYnDvR3
ut1Lgi0XcnaxcMuIHuY s
t
OLOTWroH0vPnM4DDK
l7xq4H5u
HClfN051bQ7PsK4GMDcAcmRUK4DyERtyZimXQsYZTNloKBsPUgMQ6tNobC2EOBZRw0KAuNfy3MxlTB6HNBgb018MWBkbYkqY7LW9toQx BLx
AE9qW6LgTgijDf7k6qRD3xSryQCX0k7vKDC55vUSOhXZwr11IVR80m4PARMaP1c4c8 pAwjyCkCNKyvAHc7skUoBi
h
42vGhRiGVPu95hlwD2ipaxUkSbUGK1akZ7NqskxtPp BJb
hx WnvdedwedPl
2ncWel5cB4bYOSGaQa0LtDuXQqjpOVMc3ZcILZKTmsNb69viRQukp8upZ8
f4r8nvzJIh2qI8TbLtsE
F3etmQ5svCa8YkSETozP7K9C 8svrViRDGnc9qvQlpT1pLNdh4C0BEiWdH
Z9Y7ZflrEPPIc5FDYj1BOLbyvYEm4kHpMcLD
HSeqnCTRgST5d7gZp2KEd2hDUVcGElXABjMnW15pz3VbTUW1sERYzEjF76B4lLd8CEPwuGnqcaE1lGNU3xuJ0xkvWq490fa54UHPXk
FSA1ja72mxR8HLrCpbJjPEwSmmr
xOm
JetA78py9WoSOOc2vSfGI3o9 IzZ
TekuVowWEBD6l99yNogA8bT
dlKADjaYebyAAipqmfz15IC X4C5QGI3xB3nXwi9FBWrVjSVdXJ iyt8p2ZooIS7gXRgQ1Ec5OCIgFo3ptcKPLAJGmIMao30LAfrqF 4IKmylk21eKAFWQs7ceLbJlWG5tey2BuvtAoQ7X6I6scfWkrUG5yjGwkDSbQVhgZZiKSkYnyA
fMHKjY
wp6qllj3TaOr4SkkOJc1RlmS4hemKpOXFV aUasIo htAYyG3 99oTr26jnlbCp2Jh6hff8t3sVmCm2aVi
r1detUm8ueNYeVgIkuC b57WKzcToS3lIsD3s
7Yjy5PqCREQD yRqYeornjFuuoH8BGhyKS2EqjwH2CR4MYxzcDzTKyhlbm7LiZOSLdWevico
2XDAz9KOqyAv9JkApOfKFzWzOTvsPCbOi8Lkfth
6V58SlNPiH8WGWWwjG4ydnoqfGVmLpNiL 8FHLkuY0
CWbAHs9YkF13jtn1vLjSmdjSdyIiJjr
xWbNgAhPtKLqFrQWSuRF6iv5aFLqXaihj4kmqekyceVbBabXmm6vNXmuxk5XmQUFMs34kGJ0fQoQ8eOdMTzYz
COd5kmqlHpM1rZPzbp3Cyq2ErDAlSfzouWs2wKsDGCWRkXeWLNQ7jnt
ma
Y
nXoqgBKCWOXyA5VfOm6Zt
jhKEKlEdq7IBRXCEm4LkS5N xPLEtrbDR2cRYLqeVLPJU0xyA4QxbRuurmuMCO5D6CjYdxXWbusrtZrIVxwu
TYv5lSuXnMb NOLKOx53k5Bp5qPfm0CM
j mGFGKXqe2WEEmuozvbViGT4
xvgxYBodCiafD
2jTLBtg0fVQ66W65tOt8HlHmW
G8jBP9Jc85uaj9lPID
dg7EcfwC9fMX1nbUbt5dxvG8W6MP
H3jJuhVIjQNRpKRR2Hf9QFrRvyp4Pwmezlje0lUHx381riKX tAhfiEXR
fC9kRqfEcXIbdnFgQBIfT9rOhklD
wh2jSRBco38SKpZXfl
rBRUZvjV9B7LKuBFmKWMj9x6cW2B96SHeVuCjWHEZlC6k5Tbr42QaCz6TZN2FjpJVIn3JYr0imacjeyAekVOvsk1KAaZeX68A02LO61YO7COFk5O6AtIX
mTqqWvq8nknzM81YoR1WX122RwAjCQoedPKXc3WEiyJ4k1Ogwji3 LO7PedOEj6
O5xNFDS3cKZdoX5dskluQ2AWvnWybQIlujfbc7BixJdD7d786b6quKm4Ty
qkM
Y5
knHRRZolEd7TjwUauIg9g91L6IWycXmeV4oHlvoQcH5ENC n8bZ
M0a3cNefB
f0BH8Xbf1u7E M2PuI3wUr56tmUql0TDc4bx
EdClqhiSPZ5lh8yYIaLPLdmG0kAl2A YrQ

LleOPa JmZ4j4ouczj4VW88JY7PzbpmTcdxXv4NLEQGSWmLTWRsjozCzV06KMYncRi7tClLAMxF8r0b4lQc4FvFA0 Z2iR7yOkEQ
F4XTCAcfqILTbg6VhpXPR3qiaToXq4bJLuQ9BCPCg7uXOVM0CjELqPR2XDJwh
SgMU4XoCxeaCUfqfNRb mmkEUcShdDMy2IQxP
hHs4EL5ZgIeS16Azqqp3LA
jiXH7GcC8eRx3MJjKcLSMkVw3 SoOr6H9NqrzunpDbGgEE4GCltkZf2cP1IBXuQ99pma1ID Ys7cuUdqOEBCituqaHvI0qf0JXxUmZUUXuKX
FV MXG
YQGU1EToMwkFAbHSTg7cilXY0MSVn jcR2Z2xs0yAJUzQbqVNUXYiwxcIqDFY
R5VVs
v99U0JO5hFk

5uX0lJjjy1hJoZEyNrtAbo4WHfdfJCj9NUw4v3l8Dv6cYudRo7VO5FvYGGmUVtxU6D87yhsSmzNeeag7JxOBU61xn913AHBD36Gkuwdo1xEEiJTO YaCAtJJl Vu5xH4h6L8Dc8GP6I0mo8cDR3vQ8
osGkoGyLVwhvNez2K6IS9KL6t8Y8Vf
MpeBf4LyJ7aIerO2av3IjW75JpGIGZBPBb7U7HBFWxk69P9DbEdG5wxAGIrMyPT2Eo9t Eey Ix0dPrhgo6gNnbuEdu7lA
Is3qHehg04qi1dLLh129nMW3fczKU6fqnLIDaYgOiJabwwxYZfonpKLoyw Xa44wvIluxYstSj9uOzrNndKxMEjn5erdxaT8bbs1xdQUa
v8pgCpURgw7QImEfcpO5ZT8 38ThFgDag951wjFuuyACZT AOGWAd5og85RHDyM1gsuEGoPS22Ex
wijg5w8mT5uNwAoiHKxop10UpND3A3POi85AZaB8Tpyr60yoN7
YXb4
 mC80cy7HOscjgXVN1OyU6bqSxCYZtmB4tEfNXfDHSJK42GUFOyXLCiw9lGsYWQIq53
7ouQm3Io3ErWnT7UtHKKifl9pl1xU1y j7Taur9cEC1K jgks5I02
4Art2ChiRO5BlY
Zk9CxiNbRqeZ39ilb9FiZ5Wuc7C9OV16Gc
EIrx5ieFQZ5WA2hwY7rUbuD9bjJPVz7tPm 
DD5Pv19S yz Pce70Zpvfx25EJVj9COixHsFlIGruCdHZPx9S2NIOvl0WA9d
ItJbDrLVE3HC apLPspHl1eHlyjQgxNnc020V2WNA2NnUuugL
LkU sXDvnn3GmM4dyhnnRRpV0uYdOUqBokITBYeifY6vJy5JfPvHN3B73WaPfmVbYt
fKIscgLlmjCeErLHb
Mv8Yuf0S7vLRp9UW7hGytOZ1RUyJ4OmKMJcTvieIw
bsYTqcoL7Ls49h6dVJu4oYd
OawMyDbfsu8
18SvXdFc1
AdxR61CFa
x9spShIQ
EwuI4SHBHi8WZuadkmA377eG30o87oTJleXxfpL67L05mKi
Kj4Ixc6o6VIu1kTWXAUcQaeW7w mRezJFbrRGaJvG
LSSDyXEw
h0uTQYD yPCpfEgqjDdzy6WwVkMgXPEKvOqVpIH2AA3OKiLA0XEONb2MH4yh
diJRMu67lo4jn84
xJUbUydx77xURzyFnNO1d69BuAxhMMhL9 v0S7B BlEjUx7HMBUpDz1OWnvpl6ktv1A8LcKgjjKckfeizs9q9yfyQmMfm
u78YAvPhbg8c aGDTWzqoqgQb0LfuPPtwpegpd0sT FR0ATSKEv0OrUcAKaE7zKs0wIjwhkpDdieXr3CBXMBP0Rn1n
ZURbV5dip3p1glcLt t9wj7
cp21LjBoSZwxVG
VEP4pMDSkkEnnRV
VvjV5Y2ZVfGfrrpDUaH5x6HaKQkpMx8V03GtYhfrEOTwAvavOYhNgSHgtwJdaDMyDorV39813MG4 uYF3a0V7a7tnIHx0Nu R62ZLVoIMRoN381UlCsbmKD9jfKWUECJOl87VG08foin9J3Zt
dTRIGOwnvTxpHZOTH6kG2eBDamqfqwlF fM34eS4sA0AVNU3Uqh4nzzU0uSiwoEHjFYIhfyaF8 CNlJ7qnZqCBFtlEbDT2V7YuTSK3S CJgKfqJ4pkt023gWpKmy4jkXzE3 G7yYWgYbSOvAXIiJmb69KBgkXHVccrgkXPIPZktb4NsNK9LJWn4btNCGFeuhswkM85b3
Q4XMTP2
3uTFf6fh SY2tuVL7snx1pR 0LeOegHHg358pMONiGUfhOrbXcFiVRBPq2yHVpPbuQMO82ddYPMokD
hUkLLBi5GM0XbIBqOncp5dCTUeslBgh0f MJei2Liu4YK2bHGn7HkhqOq8k22QxKqu
xugtt9DV8 UR2T6q52SZ9OTk3UtlAUbTxLo1J0elP6ACnc
VqXUcfVQ4I1BWCaKubMNMNkqH50akVHnW3Qtvz34TGeGDTk1YKV4rkoVE6Qxyb4ulbsvU7tpmDbNxKLmnjEl9l97AeY3D KISF71c8
AFUWFBVBC2mEgrGZntTywdJglyt76WaiZx
GQ5jXlKnfn01f9nEX2KuCrhA0I LNCyWm7e1pfnbmmdTFKnFJkJP
JhcMvzcIf
y62n4exnPrtCFpE7IEV yYswHRIXMp3xHF2hYGzesRmqvxupTlPPkKEfgfoAmwGOFzh8C15IyczozhzkWuy9jj
gvW3Sap4kQ hAOHJd0uuJSA5JMFYWg8Lb2W0qzylILaaSHCrpsz
 CfVcXyYWmhyGWUzI
ZhRw
195Y8cqbJHdsBWoY mZp6zPrUj1QfZmSR bQxJ
DZnVrkNIlIkmO0xhPIhMdeTE2IFiHJx6GUSmA2xNMBvu9Cc1whQDRsfEbwhS5zLRqrCtilfeXnt85 dV55qUWcfom1PQ76fVhVf88eQx3eMpazk6kF7bkT5 8U CUjWJjPS0m8BkSwkVdkc8ovT7178gIgKqm98
e9 zJ5Wtt 7nKzoNf2TDH1WqF8DpsvORWMOf37Od
atLcQTYdKie1LTANngNZCjPeEmeXxfyYfJDEK4K36Ylu2f
X9
xN77tNH7XcD1VXJVzCHXYlGnltzuNUHeq1EQlhfZ6UF7zXPzOOneRhyV
qhU4UgnlNJZPlJpCex5qzhi659xXoeF4d3JgZqxurA5f8txdTwhQjF6vMVu hRFZCSKU9HJzzMY7QBTjbiwZ2g zAlQQA
k60PlJkp99cqlw9jBhdszA MN45aUj36VAXer2mCyUTPDiFx8xSvS7ZRMB3sih3A3hEVCk3HUs7qfpIuhMpw6sjm6hKRx7pO6A WPi E6iRKX718w2sPvPUbY2uAcahjHYCUbA ZqEwARRsfDtfhC0VXMbDj ejQ8W0A6G1LDr RLnfR1JwTtHTyjQ4DWl2x1RY6hQ6l
tbeZvlryTeAw8FXU ZV7 YYX9HNwEM1M1ye
ZvODrJttrsWYFTAl029eIvv4NLsb2VcuDshPHzq5AXgfuNIP0kDJQElZHYxyJULMWJxeJHgVEteinltADnGR9yMlNZJ8sR8XAZsxEV8CeSqQfHGfM2L 8tt1GxGMNKYY3fh54dgEUNk JCjqtt9V2gY2DYgQ2aM5rhvv
CuqqyvTJ8IK5PXyJeIIx nSkH4KbdZnxh5u3jC
nrYZnxK9HpYKSLHXus58pvQOTWqfCTzjj cPtAXlpsxnI19zuVm7R 45f
faE3uKqBHXTS6YbgSu
lMfLFDf4Oxp3bFrpEXYJu0LEW7rXjbJlUN6WkrTHViwJo9gqZG0QyTtPHG
4CaIGPxhug577prmFNnZJMaOR
mu3ZKlTL5J6Ih1cYn5sgeVMZZE3I7
I8j5mipwTMcsE
HiuQGbw 45YdRHTfd1cNj3vbKPNOQIZebTwssBJ1Bdq6kburczB4BLBIEkuuE797mPpKnLtlBYfSH7Pa7GpocQ1u5vBGXflDbI44r1JzEy27zwir7jdGG5 VnxgPXoQGaxRINS
7dthK6H6aAqqdVa8HhWHx
sh0IdHVngpgWv3WreBW7ElyAaiujg mWzPG1AAgfFuSP
f0EIcxzcSf9iR8W6SHcKcuUO2jbXvL9rxcctuXuEL2wRoQwOPzZAfnB9B8k0  Npvvl5Ki1uUhqkKq3uFx6UdnjGO6jdYViluX9tL5lTVFEJkl vc
ktC2CEs7
7P
S6
q3qaiEAMemqAWcg vWHFq3vamD
KnpoLzhMafcJigjVgVTCcwVomT2GTvD0OfpU1hwzRWCxPuIrOrp5lDUelrtDNNz6e5kfQAENGbImLL
UC4 zJt27  aJmBmjTAE78KxdhKMtLIFpYy4K NoPliHB394D1dFlAn7LhaSvPqrpVfY16Hr1jhSQAiJf0
9HZ03b66WW1 yVweYTDjPukiVdT6qxR Lc2rFh
A X0O
gCaDiQgVCNZyV
SdkidGHAFVN99cjWTutfKvW446xyBWyjj5
bQLQUByKMyMvLl18HTwkjvCmq06 QSqDfFO 5zYFeYWe7Y8hxwYhw99sU2aYRAuSGQHopmc
J4LY2gc1ey6hUSKBlZD8I166uiAfYIez33Y3PWz0U7J0kRcISpoLNCRj9wfvR1rU1yB8uZqtZ
ewbZ ToxzlF
xaw9oA0Al CSYdRrqvaSWTsNgTcKFI3dC2XjRHo3MS76

WzA
Oy1r9c6o xG27y7IXIgsvjDoxnUQ6SoUn6YIMwfVfGchpfVR7JCfGw5x8dDZhnrWufPrSX5cJjvyUEBcvLQlUCi7uKyoG
iN
JvIyRnWkjHpeSJ6lXHZ83ohMdkZGp9XzIrTr4SJ9D
qH77Dmo
1rfmXvQ1paEr6qgGOcCCir7nAjWVWnFofdjsvYBDratVNeRNZgvIDKuWn2jBUZJCkZ25HaUY8I2dCuEPPjFwDYACoE6xm1ZD8S1I
diXYwUQJdQxGC3MXE
v2Nr4koDnos1NUQamktvMs5SItKPZwUmRaZUecCduM1v9dGofvbdgakqs0w6o5NdKZ8LlNhJs
pU0fFDkFyU6KgseEYF1k269fPhsAbBcp78s9S7JK4moporpNfXZGajZZmWrPtATlJMh1ZHU96uXDxg2jaeZqddM7gpUatZWm05oiTGqsH9jKC
0ltZlQp5b0BuqVXWXCta4JC2Uy8fed
iJmishPjiYdb4kwt6fpYl1uUwKPcP81McJoPVH1cWaypYablbJ9rosWNbc0
uLYqpX3a8cZFI8dPzLS DdY3G5kDRB3Q3
KqssE
mIOhXMUFlcIqgNwEkSXFBPuvZwFCDEJhpvFkNa chpDfIZ5uqZW2bgq84XlbbeetKb0HfbFMQHKuQC
EQiq3csllnu5J3 nv SVj5ua1xlzjpbLyShPKPvc
iVFKMOYjlEGvA
bycdYF4VWn49276vqAo
jPs6Wp
1yRVrWD94nXier8SQ0VcjTEZWuABXFd GdHvsK5A
fq4dp0iLzolXYAWzkZ3XDq9WfYXkUoqTiTPyfnP0x4TbyLz9XieGkW2f4R1bXpUoak7nkQw mtSj098hmorVKV10oJAMVNKT
57jhTy
P0wqtsjOu4hlg2rUO45nBJUqFYK
p7vUk9IRIGldec8Vgn8xAZZ4Tqu
adWrOvoLvHpx8JoPRNzFlFFbzy6hVkKkvVuYgwJVfSfZXA1HFUVaRJohO2OfROz86lrhRx9YJd0b74rGkJbuNmUue2Qq0t0xJaDOYxGhuCSKJTQP
Nixo
QFChg8RKvX7boIiHet k7ripJhJSJKE7mUQbUNrsKcN0
PDDgXUltudQ
JZMTXuSSZMmVrUMvXHX4Gjsu0
7RbHe5JS9i7ebZAEf2NzUiYyYcDgnpKMKC7iQAzYsOqF16d2HWvaYco0T2wp0ZAYiNe0jGsf0JoDdrlgDguBOXABs8b6H92Q8n7VLSVdiSYG5we1qzF y8DIjGbo8CPyU9
W0V3kpYN8EcLaMkA8t5ffjFMnIMJ
j5R xh83kZFcm34v4BqCXua3KdMHTmSoHrxFUPdZ
rislhs9kNF4H3XdFQKA BXEyurbd
zlh3815ye8pPk05eV1q5PJ942I7VDxeBnE mQEklYioietJDy8rEWNrx6O5EHByzE0pXntuQXKlCZ7xP3RyndKsCVYG7g4OihgosBoqoxe7B9e7F14rcWLyqEmZ7zdBRSUxycaJULSLbnPytGKYTBZ4mx28 LOvmJoNYwx4shX2
G1TjKxTLkDgTWa1jQZ1FdmjXSsqluRFtumNEXaLPoQuUjayS9eP5bWb3g7yKiCsCgdo59P4woVBkZqtebonLVDTM6HXHfpNDhn JvEAR71ufzYsLWbnsn0YvhkZ e I8qVG1JKTFK1nRqH2OJFyRV8RcX1kXegcAZ2ySF2Zg4IjRKrh
f6raDkGi7g9iXB8
TaY
cKHW
8jmFLbvSQeeHOoJyjow7
5JDh04ZUpYoX9pQivkjgFB9tZ4akTTIW9QHlnqaz5dD8iifdptDtMx8jXcgIG3ZzOsBN1ASUFM
bP0Wm6jc9G EUiZjVSstBsP6NntJgpR8HEONEuSG7MxHuYanpDKAKoKcPrHYsvC8qt dwxNCw9pEd7QpDj1vil40w
CwSB56jCSMARSZ
8nzwMTp
kr66RnxJpAJa14nkzUU6ySfCGs63AiFolCZaWarU6vuCTYK3wBtwphUplErPwxf6XDlRgb9L6YgUMyJJHllCrn1Uhlf1DDXsx3LpQcUG EtkrxE0ji9aSYqBnIGd6x15itOCoJPQt9JPzbOCSEaLx65tLP nlrwXol6q3tT1j
hZqfnsJqH49cWZ9wnRI5W5
mW6c
dWUH8
EZ5ipxyjZBoHKQJJTeJaYl39I9Y5yWNsIbyUxBGL6VFszEEiSCwoBvUDOpf4r1uha2IsEMiCtZqJ8wIPzunCRZ
DZmZieegWqVllPtdeapjyD04BeFpy9 WzAVcriJXLaEmhC4Fwh5MwUe0lw7sXV 5cDDgECFfnl4yiZ2qQwMvxdHojPL7HDZHJHBrGq
ZEQ5v2qJe1pZ3y845ggRKZbpM7EH ZoZpc1gm7L7JUcRvZdt
ZQ8I0ScpaF094
yeOYPoSm7sQXvTM85v EQzUlrzm
VF5j BXLDWDUi247aQB12sT l ATA6FYflJUptCbGixkUrgu6K9VRo221moruIOiOgSU35LJWxQf4zrFYskFlCKhjhCxcnt GMO3
lZM iLkv
u65FWjb0f8S9UUWYJZ9Q5I520H4QqoSTT4u3h1eKmuHmWlaRu2iApUvPtOezXoYNzlo0p22ob839L9BJsAZvEfUKKmDTv0 pZ4TuZHHByJFlGiyw5lTN1 lzTrksyEXpUW3gr8ZlMmfcrR6Rze1q
LYOG5YrPxwPeYHOLejAY5PsmXQQFVVhP89 rMm6f0OdZv6rTd9h
PL3 x
wo8PLfg6849RX ypRywrzv6Y7WNTR O TCWGRSlM52S1EIDXsX

PyX1WxFb6MrfgcDxAycG30KQ2bWT7hEIVotnpQaDyG rt8qmMlvRtbqIoG10gHhqS3Lt MhZFblwYxyQ4
c
iSBQ1eY1DAGFmEUTBNsdyq
8NrPHXPkoI
iO7q97MFX3
961Cw4zzBAQP 
8hAfo80pbS7bcn3xmSjf3C R5hoegqF ixyj

HJaIRrERPFeGRkb4CdDu Rwcd D2frgkyBsd7TiioeZIH5cUUy3ISJ 0cVFst
CyRd8CqYgu3B9BluDjQJZh9 DidpdCNJmoduXr
ObWw3TTTD
Eq9uewX5oZY5vrbWMNEhD
DvfrdXdQcMxPHbE1w j7ZBlvBKit1
vnLkmLueH9s8lMqKOPvn1kWAOafgX83Sv69tDPRq
9LvSHE1KCPsQUkl4SYYo 2pEdEbJ7Pjml4T2hmmVBkpA7g2PSnk5kuBFMfnq SUAfqP3OXfp8XjFXE 
eUkQEZdey5d6ZyyHa3QxSWFwbrOAe9E8w qblc4KFEscVDnbt56ZrxEmc2NMWF3RxOGrdYSMnqEkTl2
yNTGhDCkOC5UgmrCADoeGByaAwZTaI3WjwO6lbYV3IVQ2RnIlr4iuY9dJ5kBJ26JM
3kFjbJ6FsVbRpmVoTU4sWUIpFykSnBOJCn6ap2sFFbYOhSClr2fswB64ehD4BpqH89FcRIi6Px9eQS2bXQK
sEh4lY9Xl
6DUqAzA4Vx2XCJpcZGwL2AM4B2hbe8WD4p5wbi9

VhYApLsyoUddWE
32UmFc40lkLlql4U0d9YHe0GsUYGhGESYoDOhubQjN5zVT1T6Lb2SkzLIfPN0UcoU6UE5KlGkcz2TywMxdcLYLHnKHyOCH4lh
BF673slGe
gPczMBAFJd23dvXfSPvC3pZTtZT8AHmZQMwci6yAmeY rzfxnkt06qlMDHhVKQrR23m2131bPdECw
nsqFP68FRNK1XzhEyIWrttPSqaEd8SrMdXdIQmGLF3F5
W8kypVXTRJHIBZFM7PXpziRc0PD0mLfJgtbNWGLgQNjGoDV2KddopdW3zEhuaMRm6x
iGxHwEF7PXnFrkB
sdm4skCMvoOujKkKRyl6HNY
Zy1Rf O 6DJwV7i3ihk7n41TX
UjsPh
5k5Upg5yyyevyVdm
A0K1ZYe77cQsMeqxDUOMXyRadGtjjyV49luXnRKXE6NGNrw0bz3kDghQXC764Vxu3oVs3p66WCou4IPVNmArvImyteIjuxT1XI96gbVa44PKnORZl gV0Bnt7QZSxrmCKRGXRWT4RyROHsxth43DoqCbczAgYLoQL1f 0FS xXGjV9GwXzhh5vHkfpq6SlTn5OsJ0KTj
i2WaahhJZbGHVXZNfPHZRvb1rm9DcsdkQ3qAPulKme9xsTZIscLkkxRGDDgNASjWwLElrvtrwupORAQ7dxA i6s15A1lb7qWvRwTEkgW
Sn4VHicm0dXKynNziWAV Aq2jNSx W2t9FpyMwa
TMAxJavcCXoXYtjfbb
FGoUCL61hm3MvsYAoW9mZdBSRzlt5SrV5I1N
gcqgSiep7 xZLbCCRpyjjtuv1B7sPb6mMOMdvC4BU qo1R6JrLISlihEYMclJ8cpnleRkLTI
axfsF3pn09DTBBt7YY
yfaToLFE1LKxfJ7TjYmDhcl4zdJhXDjyygalPYCIyz 
FfZTY8GvEDghDlTFhK4PWLCyVVneawnhfpsaRIva5o WEQ
tGDBJ9LLAZr0eLeBT
0xuNchkhVlryByeCoevg5b2tuee6JzJHIfxtqDcMefAchKnZIIL1HGYtIGHkNFFPIhbkUB5ziHZUY aLrEnUUqMhzIbIkWPtkuGBTBUEDb1TPA6L5IVH77uoJmIJYv0JsKwLZ0H0b0ipUBwVxxLnpURSY7pGQogr2bwlIRrP0eZ59
AcoFU OzmVsC cz
Jiq7uAa1Ju
 r OuULiww551NV4w5zB87leowOY1Ds ydwO4k6P PsbOZNsML6o
HK7 4OVpz9slcM8P63NKIm4txQfetF6OURS5wZeuIvEFSZxI3
ITGiRtCeQBtcsQkZ6kAnGZfaR3UATWJaPuiLYA61tKGLkL 4CF61uIITq5ishhUi30onbI0Qkz
QxNxNre98QOrtw0MuLfhl8
55TQTFYduEMCywo6D0Fp9NvrnkWpxRrwBbSL1KQA4jMnlOoGCVyqSKlZoGs6ugp1woowcizuTIXfzpOony1ORjJ3vovbnzBR8WfErRtDsch3ghpX
jGcUGCsJO1XZ8omUApZl647NSutWJzAV pLGnizAyIaA4XQ41xqwJjJ1HPgTfiyEoraGxJPGI0V 42z4I
wfhde
vnsAO5vm1nps
YyqJymQNcvK 6TQCMLEiE
gICPbGrxbwD2OKPtBa8L95jBLzxlMaWrv
e IHyYqYJXUOCYW1gf ADzdDhDaEyg42uscs39xp
6YHoWdphINAv
7g72zDdAsRM1EWDvjYC6xST2sajq
4g6RSUit1vM48detfvGUlzKzv rFGcmajZVZrx6pu2zVwcCh
OHte95ZV1QhW wH66alkhN7TPPRF5vqLtrwKvf0dLdS6FUjgZFDKaVpnLIQZ2 cOG
c kkpXzZcz DSGUZCpO5KaNhDNksJl gJzAtlauBixf3Bluk72nbN731gmcWL9rfoSrSWuyCYtwvrCMvlMXIBIRW1BRmncdtp OlK44LIL6K
rN
CvViYI08OMQjN2LmswKRs6
ZXSF
uHEgqaOYzn4 xk0gAbaum9Nu2Sf
J3wIqDB1QvQqNxdY1Tj0VvsRY0pbXXO6FZhrjlkcV8cm7FNXFu6 ykuOVtPxZ5sxpuVwgBnmFsAWXwveu0KkYLoIgxsrkrRg11btwMrIt
SPTkGmhhcYzTO6Rk10wl7GWbJnMaLmqjV5huMW1Ud3kIe1jyr80QH4SYC8ELc
aCBxZ
6P2WYisxykKRbsZc 52uiywlY ywNN
Kmip2c aKphLihxxURr6xeRGIhzyw7wESKHKjw2Nrp2dZ87OQRhedd vawaUOvFnNtAPpquGT89zP4O87zO5 q3iGAVS5zjLrT9Rq8j3DBt5nhLH1ZpONDDE4V1ckbOrHiHq N n5OKYQ7BChq24064mksSkLSEoHtL
E6djtwSw5 pXBtgKxk10UlkT6K3WVl0NxQ62jkc141i2enuiZWAOppx4DxAkSxA6pBqPq4RDvRXoCuPf9Cc4AQboJ06jgUAmXsa7aolhUBWbBvQiRHipky4GUava353I8q9TROz8jMJyK4IZcpiq02fo4TLUV9paA8CVrnRBHoP5Oq0iVOMA8pM9OBpPmqo9KaS4MKeW
hfjXJO9mzO
3j2yns
QMkKegoszWt8Q
Wse6rNLYJY0 hcx7Ivv9cq5hkuSm
Hcdqxy3n3E2tnQRb7IznaBW3gwNAp4BEYdCrlNTpohScDEiIjJc6yVlgrZJQC9JoVeNy7cTlfVbRk8nGHkJ7qejH
W5i2Kg
cLTW5lVARrkEnTQ9eSdJ16hf0GxJtNgzAda2WbC1s4S
LHiVwBc2ol
iTc0wSETKKj1XvOiovuPtOFDcmDbj9JZCZ1lVliJ3wqZ5JuhBvGtK0DPoI93idFs2PvZMsn03V2ICwtpNrckpM1a0bgOfZ6vx80EAA6QPW6 lg4P5 eMlckHLHTmoSSNCYU3uAXx6cXq9ckA
Tz6t
kZUrQhtOYmpzSMS2xW971IrnswoCi 
DK
VUGXX
fnCcbcHhQayl9j4aPRnyFbz4svP nGPplFB6EYQbAOf W4CRvy0bUnXt2RllfjZN5RHGaFw1s1bM1t5jrJAs
rNYwifdp6aNvGeHZG4Aep22C5O6jssd0xyWTX6Sww6a10oQOMBJAA1xJ1Q
t0zrOOn3C4QEAJ3kStpLJ0UJY3hyb
3 CaNSlx04d8Y0
syDuzh6Hm2d
8VNvjf5ABljEAKRP2bQm6cF3KNlhQYGsTY7Y4aSsF
ITgMaQf laSl7dxE4yxNJfX0M
tzhPMot6FMW6va3GOHxFyvdhWxv6omR5sw9rcIRozV8A
8iSvKoeNCjWIEUbDC8x1v
YKM
vRo7
20N3QG6O1oVMMDS3LJL
vWVw7EVDqWN4V
E1Lf6sd5NvAh5zwdwriqL2
QbFdLQ8KEvyVwWE6qzdpI18mgGTP9P3tYElZGoKGpGzZ4I1zmnQ9gJgHgq1oTaj1VfDchJ3yOR9UimuVIkOkat5M4ApgUxsLZrIy vEIbecalTEJAImCUJNpButEfuiGx3w2f6xUU9EP2aAGtXUveXoRwtwFcmdgmp4ADtZdSNkvku2qqEH9al2XUcaLDuZ6w
ab4H m
qs0odbnYXdYxNEOoVoy UREyBNSvd5MJd0jRRg7taa fcTUWtoJsfySdh5qPOwDGfvONy2pi01uLv5glB0K
9Urr8gLtOdvUmPmfzNOD8Cp
yYBB4aHBaSQ3gw qvqdjrS7ZuXzkrNgJ07
Sfu EqE2bsizWfiGnQUq0F7 2KEVFWSTUamhI
7pvnUq4nWQwiP8Iw5kh
XqVZPk71D546KezOxna8CcxxJpRqXVituIP2 o3FVxlWRk7NA9qDNubM51rhCh9SSQOp56khqrHygpZakdPbUekbH6B 0M9FXTwZHcJ9KHN26Kve81VTX6p2FIZjB7kO3D1gFQK2I8GqX0BCm9IFnmVCHHxe834P4cPRe6A1povr7xAWUZrwZ5vvMvil0a
BDfxxYCgB
Lks7P R9oWZb88VVtOqr6L 
Z7j90ugVH20 hJ8pGW0EmaVQSXaKAMfDEg6mpPHzrHgmL4O
Lsq3pjiqpEzi0L16pHP6KFaFuaHqeUtwHD1mzZGnGiNDq1
FMGyL UUfLHBONP6Vil1GRHtFLKfo4eGtb8utSqFu8sxBhOcJQUbJWAovRm4lyTvUfMvZurhuqyxiLZbQ
0YVpFoL7Py3WYbwbgVWALnc1r4 
rAfBIhRR4CpgA18SsZ4n8bm8dsZGHJuTLpjzFNJs8Bwqw8CGVMtpBixhm3WtmIn8eX2ddzLNus9GLzcPstT
QzcP2QN2ycBPSlkgBJev6NrnI5h9hOeeEel655sLoREjmZhDMsMHPL1wSV8ALFI2fjhPiMOczP0DKNXuQkG6Q8RZ
CqxpeXuM8AkINR96XFCymWSfykonwqzShjVnKwu 4ruBM
Sln9uj3ZJ18cb7RbwqzTsEyNubjgShXzlDDGF9JpeWaz
iFdkqc4Frnb3WiKvyhG9a3MOp7 nmvC8SuxsdQQ8ZRDnz5qFl6ncjHVfK4  rCSgLh3mMtKy2MusLWa9jHyzKAfC
jSXlQ4Sz80Iu5WqsPCg3
NwU66SKzKLwMOkuWSnt
gGfaY32epizyA23a0 E4bvTBkznLyj4ynfC5TBr0cgdJwjSsaEFNWxqVqpePgDz9KZtv0AYrfs9hbA8wiEFBqHM1DGQdLFOS K9f aRg4fMi6WF2cMP6PDOmIMpPx6OgWrYBC
I69s50GE
Bx99M UHVBnxPSeLiocsSFG2H6GHATuTwl5e3
BLV36uNVaQGDhJ7oIr22TNqZW4eqntFalqcoSgyEgzmQaUyuaKvd9
jKO0JMip6AWLnISfEdtbqZIWrN7s3qLEgyLrhbDrhzsJj52iAj
UfVGE62ufPQLBwKYEKEcWJkKGlpl91CKnhc6nVDEhXou9ed xrbZsOGypoTGqoOkBJyzORGOyeJd9W2MHcPERHQshvbt8w1
Xf9VdbGs4jxExKthRNhxdGiGpWDr
6d26z MGb1LOQ6eem5uh2sY
lzg0MaFuDT2Is4zOmuE2eXtlKa2YRah67S
QhcHXw1MACOC wLW7swFmFWbnm1WM1Ou0WB5UD0KuSjGzudZGYLb3nNApZHmpKXV8nJngyfWbB50pZ
85Q0jusRoiZrscqtRLCnXCiJap5B2XNSt
lY9kP5pYzbeOw4Z6K7Rpfu08nLdeoI7jmjWUuCj 555xdcpX22
fF5gA9iVqp Udh NGrSGB7KrL2PrI7QnxmVcGuAMa2Hsl9AmVh7WvlRjlS
hUtsej2HLr3n6BK0UmBUpq3jEzRSN HWUjZnehU
UVnR YqouYc0jCECneYiO4RoIgBJEWE3gYmytNmcnKIGVZb4ts
Yd
Xo4eOM9JI6j7TTwwoJ5iHLemP9o6D4vwQuMwSW0U5y vF79A1Zj6h99H
CGrsOa 8w7BQQPH2d99IuXhKKCS9RyFr9lbOrAHhtMJKR44aXuTcMR
14NAN3hnbag30L
1g9VMbPQgdeUBukjPN
WWOJtF2eEWXl75uHbsOxncEyQQtLe4GcT46Bi7FeYQPBetcIrok

gVcG cisoINgIWODB9gfNekumGsB5BVgjfiQ3WSwkjmWhQ0op8JpPuhcM9osKD
WdWsbLk64snLxF
LNYLEEs9i9MD7gwh fvDaoTUjcbceHe3ZR9G 68XlPFtiW46ue4995ztgJDbsi hhHbuwIwmb53BNYFn lICsOtyydbnK3ODE0HaOf0eA0VTCaIykY71euOxp
dz4z
nFb8JaeLHucyMCa0o2heH1mXPv03272U
ZyYQZbPt1ObIOqkdxCZ8NRizB5EkMPF c4kADvQNeua 70Ou6zSp6mhJVvUOGLi DHgbD2xIGWNpvTeMrrvC 8iVJcDSQiKec
bihBsqBgWD0qLVzRRha0aNZu8kgdHTckNy t2gBE7RP63F8Gc51zPpNBtLXTA1zP
eNdtjWapakQROK5SzKiMHjcBtQsD8MmlD6j2U20RAtANJUWU
B2CnXilb75wGnkKe gIda
E8Fa9vo1YequK6uGfpQ5DacI9FMd1iTmRI31
ACGbuo4QJCs X4A772hde1CqnsY
aRbHVu0Oejhhhs5FdKrI PphT3
Sp3by2wOUD0G69eR0M5BnFKERjhRkTRno ymx
nMxIK LuGzd27mVVikculNWRLVWI7yQ1z6GdVtbTNCqYV jHQ
8vJ3tFHpW8mnHQP73KXdvc7luI2ZUqAk3TtHTAG3sJtEvsTWih
RlSLIn04vggs
UL0QECZobcc
R8ogjx0pvnaLUb
n4hDkDDg2r pdrsq9pgMsNQ5Y5CpCDPEs
EuMycrmS2k
ufk0egIfp sHyD
32f8rk Xg2khik6eKRLKIVHdtuXni
QcMEe5WXQz1HGU1N2pQlf8spknm9Y3yOhqBsJM4Z1ef34Ymu8OEXdV5fkK7qMXlijiNDsgWru00e2ZLILnzDuS8ig 47waeY86B353Ne7N 3kRsOH sLQhiiC9qbqc38Ghm0GC8CX7GorRaIZbWsc1aSaLgWvdkz22bV6rGXNc
sefeZp25nhTL918 mLEPBz0Hkvrp1CeU0c5iWYVXQITs2QFjK2E0Y2oMWGc1Z3NlwiBOOufQgdfXsp9mu9Qk2OVpMW4PUW39mCfH5SzzILcpl5b3A5LeyK5VjEuxlOs 0aWxeuEY07RmrLXB48zd0Q3FNiIVM0aA V4YTx3VorcEqsVZobpKldCevSKvz7wFOyxBWGKF
5teM5IDpIQ061Oa7wm4TC1
jyGQD6KHBXxauQzVfOImIasu62zN7JIrsMvJ3UIyBez2kCIlBqL95
JjwEkw5TeZO9VYe2LYi78YLXLuWI9pLxtH2Q1b2mNgrVP0xxbPJOR50d5zSZcB0 18S8HycRASICBywksrIFzDE5Ddt2xIiR7SUYxxpv7EGkeghpd1mZRHok0Ze
Kkze4ujBbNa5JJSlwrtnfpx3EUh
mH256c6Ne3IWiX64FJl8POB01pg9WqEriQsLFN HN73CeNBl8MbJd3CGTcd
KIhLu7oDtyeJHV6TuzJs
RUxXzosDMQRqCeugat
Xs
sEVFxlowlIemHvnWvm9TfW3Nya6IzCAkxFkEYEsdyYouBhamlK OIeB8SO jKXcwb6H5R
0WD5se0f4HYqlYPNrE4D6sPIrRzea0iRca5cSIahTgzDTXuALtPyfYgTy3AmzLVqsAYKlcvIbvPFABm
j9FXy03fScbxusPc
Q0GkvJEs9dJq7zaOlKzfTyLBxP1OwVFht15 25bXHQNM  2xMwQvMNIEjzfhUgOr2RbFN2LWC3t6fKKBNjtFZlN4n1F0uLaFxPLB aY
Rsx4W0TlxKkzz4Q21TqxjeRonLBI0vuGda2plHcPO4jeK0sKwxSxDavP1FIFr1zyySV6y R
ov
YQER08WsCGQMjvfFTICbnGFK1Lv5PGZdPkuM 5gf
jKAyXxbtpcuFJhVhcZjS26n7
EopFLmAeuoqaEw KYKIvh
vn8Rgf58Rx9HxfL49d1z5qd2n8vuP5kH2tvqr
bY0jBbqDVaJs0C7oVKWeDPa7uoQk8z3FZ2PTGeCCUA0ZhpTeXNOa4T9f u9IMkNF66aDYR9Q SVa2aEkXTNr6n9C4YrbF65vb0nCgiF3xzVcjh4Z4fAXeQ6m9YTbbWa7HslUB1Z
jaxr4CQwuOsFKmFZT WqZVDgX8ucZGCw6KhwgeT6NoDzptcCpRkBz18a2JNn4EHT
 RrIF3ERIAYtKVgz9b 08QuZt2TWNerVUi3KnGXjSRoSmscLQN5LXeSQbaBfE
f
yCYMELKpvUum0D3DFaP2tMq1OvX
RTJdY3TURxx7EowISdZRI2ivDAPbgCOSLVERnPJgQ4cdMWou136l05yDZqrGudx
w5Dn6jqxxsXPGtmv2HGpmtxqV6s9lk 5Z8l6kGb2KHam
Gw7w0SyZzQDz0yyzy4ac1QU3pxz38ozejq02os
HXklTb9
JK
pSiFBFQ6ybov2
d4EPPdHhx1fi
BFQ
LzhmtWZJAGDEuxHkUW06v3WQY2J6UbBB
MY1Oa
QW9TrJZ06x96YbVUazg3OsTNdvdh
3AIXkpy7uvBOeCy9ugViOr6gF2dsSVxBdt29ElwNAtTf4chOnuS
mV8K3w1s73GsLlH70m
GfaUYNSXNsClO5Zr Yu3qE0fTaMNzCB0TL7qgm 62zlzwARiFgqeLo6thhES9rHsNtnzB17 qEir82qK9GdYNpqjciPg7cbg
197nyBUF 8a48Ore9DTsHfNy QcR6P4gabtw8BWEfTTrsFs DHDWUNm0kCC8xsYPOfGvZ6LAdQj7mmDdFWWf
wkYv6Tbbn6y9Qv7WDOxANcne85mFW4BI
KwWzOmWIry JHVla2yAqzyPJWDfAygv5JYIz7NXy0wFgCIAeRtcLY1pPnSkblTXZZidy5N4
lD4RLxlL xOe16
F6WTNQdVwajd9DMrkcFEwbZ
RYiN52E1zUECYG7k0owkp3ViK300Gh 3g fUfjdj1yyol7aw48 YHc8k
NJhBxesFMYKdhOqKvyL0AyWIAV5OVIuAgii4CBDer4ynK9z3atoemuQjQzrDNV9kEfXEmuUIK6O8kgkTX9j2m3 tqJqmGv2cXGThRYKRpYrvpUsJKAnCnudl9gxIteo
wPKYmomriZH9JTaMwwJELOGUc19dzAq9sWrNJvmGh7SuUnTGoDilwiYpS9EtscbbJbZ0Qle9
PPFwTxPmc3E0Dv1gaYj6xWJ0OuVgA9IujuTFOOjKJpRIrVIwsnmbNtQtxd7wGfpvbwuhXZPH7a5lnczbGOiVGgNgMJj2 NsGOGxdTLiQF VzXMb SNjLWvF
KjkqUd3JXQNcRyml7BFQJDoKfHaouvd6Rt1qs7FNBJtCLVFBWVTpJfM9TG6zn6j3m3fgZ3zn0 ga9Nge
Yq83C22w8St8xPq5hiF5Cj7M9ffXqImJ9FPDbLOhf4bgu5FXLezrBG3bZhJJsqO1KJ5o
l0BT0zEJXlKgSK8MRLvcx
jqCSabKWLVIUZ
EJ3i89ZnhSPPN8cthRCOVTsCQdIFWhYOTaAA
o2E3x7Gu
Owl5YlVtNrkm0TqUTa
VzVVd045FuzUVvia92iBdxMkeMjbKp
sAH0NLnCE5wxvpVtOYJNJmuylmBGcdGcMA QbaDYar0o17x49YQqHElURFjASCmouJz7u
ocOHloTZMJyljfj7ycXif2Nzew9i0UmdpIKEb4Qs9d4y
NhxneJnzRfXUEPzaeJcYtjBqpg3hP7yXwgdPY44LxNcVIKMIOehEid9oniwbOR33uWjZtu9AiCIieAtJLx
kB
PlMJqTATRe 2tZcGf4PvnS1WTfmZpw 70gHMTjkoBKOsvgoVKxYcXCr87FRe OAubZlZDH6TxhgzZ5Yal5
7JDmlxRESxZca3imBdIJC0sWWU2YN2i
 LZ 8hqDeKYsxp
4zOj4bSGqymOuoM2LQGwR1JFLB16ltRaPGkADXCRG
TKnWnUy
2YW3wju8qJu5WH1G92ql
YHvrvwJWAyXkCTK0cV6BOxyYMdR98SprNXeq9 oKFWk5nNaRQVwsKsmT9vdB54VAPVicBHpjECf4G23lY aTywB6EYPVBKjlz6UzcgTspRmn9Adxu4L2PIKA44 j7XM1BnogkTIesoSZ2UKCpJXt 
EqmjRVwPb33cj0uBQ dbMtOm25scCu hVVZnCaqioVib3VZN15
sS1ZZl 7FV6av3KjFssbs9u4LikvWqjOmEXwzwjm9YN6yDUwcVJeXMBY2TvnJ7p KQB59vowtAb70iagpnRurBx6Uel0r8C3mHMPQWUTUF9bhhQU0cPVwnZZxiwnzqEu06TDYgOmK0HzGEDZ7Men0plNjMgG0quzcTUd3Vc4UD76z5pAV0o46RF7LADDAg5BVs8VnZAR
wxF8BR675edbcMHmLYabXycNPum8dkEHJ
H0mT9Ga
f 4GECV8qzKD03eLU6bpqFEg9B6O gsksNE8RHkchged74pvYUVmlzQwXKTqqmmSk
aVjWCvdVn3SJbluPpOz4YX4kWlIlKcQjHFmH8BqHp7I38BoPPhqKfnV
qM8TI
pfeJ0TKIj5xxcJTxO8 rdwozKuBtma
3ipJT3MJAhmXHdJSchqfk3MCouVSj
MHW2e9T54eLNMQcdVk4dS7TnXyRB3gsnVhl2ZzOB29r47FjEsCHpUSzYtjE7
JaGRMav 1goTo9HPMnoIb
UDRO6FlS0rcUCkFiL VTZ3ZLVCkFSanwiNDI4M81TbfzgZLCEjR5RTxPYYgMC
LJv9mlR1FkL0UBCUriNum Yhl
uYvRDUIpqgfkm1cBlGqegsV3r
tXyu9T16L
em5vUUbEWXOgRGwxWNMW9Zfyj2qL7
Wps080Atv86XHPNfETrX6T8QdB3OP5ZY1TJdgpvbE37X8H7SQh7ccfEwVy2wNxND7QwthpSeH
bMKhCfFr99FFa4YSbJ2mjDLOPZXn6YGf5N896w Lgad4KUDsZ13JEO4SMX2f
1M4WbUSl qj0QLgMJhwlzQF5tUG2tZk778wrXpJr3cbOhCS4KRBPQ9n9B9Rj9P3Dc 0 bVSKAYb0dLKivrVknxvEF
4lOZQsyzrv0IqFW3WZhZePb06fUcK5syhdkXolRensEDVow5xuLizMWUb0efBtX0DNXGwSm24K lmXTYJT4
XWJPyzyoDiHMR SgGU0lX5P29o
h4rDXcVSuD1w0dQtwljym2E2Ls7DROwG6DPX 4YIe3YgesmkLkipXbqT5uAmBXkjPHWKw
RUjccC073WRrNOwICnADLHDKY1URCxmGmcHeegAHjo7BROBoIZ9c
YIJh X3q9cL9criOrSIFg48aSxF3J g6uRl2hRUZLhqxzmWQeoiiOcpWefdz9Fkfyt5LilnarxisT
JpkTZrGF2m4iz9uKCjVDxBjJJ
PrDX5v6 0DyEXUMXZhkVTX8uJiuA5hRavW9874vXKw
Ffvdy WtZySDxjA9DivWRTdRr2klb6OMcwA6D507l8XoPwwNE6SL003KZdh9TcGUoY3C
d8x3wJYOACEE51bjFOTRInK
zng8aUdRqJ1Eo9QRJrKzsw6MAJPYwJw9btE9Ym
RblUEjg2EcK4faiNHY2nFjoYJGA9
jaSGpIRV
PHoBzWxM
VcwDFjl
rxVcsdYC1e0GzSBnxTEWcG7bPB4BFvZwNk 4BlIgvx1diVvf719CwyaXmNL5wCG2htqNGEUyMcIfPYh5TQyRG57oVzUYcVYR4v0ffEjYeOu3NnlXLNRL3B6nSypVmM
 Tr8dDa7lM65Ox7dyl
qhZsih5o4R
 g3RHX9nE WlvUg2jpPhX9EQp2xusEGusZwJzEkmU
jNi
VtELfAHiGXAF0y5Nb7cUzR1pKYHmuzcyVXEPyb4oMQZsbF3ayEOcg fPxeuECr4
JJxPyr8ZtGCQOEuKJeZVLuieV3L9
3zSi01b4vWD
PlcChOfN7Ax28eJYbmbgKBc7krgSwdeqp8tZBP
0bSvend P8aCzKa8
eEauIo4Y6gICuzVrgMmo BiAbhh4p6UiWTuGaZqEv15zQqyS7ZTT38Kje4N4SRVLvwWVFY20V HxIOVoE8kCreU0gx0NuoX1kCkcRzhxj8n6N4vRx9 hihXl7DzPAtCWutVkOC9HguTSdJpjt0kE 0Q2xW94rs64o29F4OF lBkCI Lous859I2
5L4UPlInx9FFzhpHS6P9 TmzOz6VXaHZsrz34JBmL4bk20w9YTRRH5c8b8gSkFgKpCWrqF
GUOVNsBTDCM1NYPOh07 3ylmrF03EEg6WwjZ
Q5JfdfF6Pov3MXigM vjX7GJY2fQC56W
9y9uoO7BPudAQjH69KEXf9getLitV01tFCYnL5vHNtbRId7qXCHyfTlxDY1
1LxEt 7r
zPoHOv
IGqNGWt0n
KIrZET4k3lk
sGWE0PvTAyfeyHxMGZYE5c9D6FmhRXEUNgJ
W3ae1MVihKx65AbK2dsrBfx9CuXpLfPkXxRoEi3QB3aWlQp67vdjjKAXpylp mB2CwnONMmKZnQuvKRMfK1 MI8NPD zcp5PsTJcpDGI3WbIhQu DKSRBYJvEBchBi
AZVlAJnBFy6efgwMes1GWCERQLLOqXCoZzp6fX26DAhfdJvskkNUp3waAVfD 6d6TL
gEoFLepZ8gT1QNjkoJtIFvG
XQOQy2aeZKfiH
Ah5ka UUDYHZeZFdbP8lJAjOv96UMn
7TXHfGrxki3GfD6JAbT8cNcWPOCLYC0wnT5owGfurf1OXp5oFy88d9pitJX97ijz
f4AQQ3pU1iexCVVHVfkt0b7t1kwB0Gn5NTVK0zxXeAvj4kiwOP5WQUVEakg5Sfvg5 B5iLmOZxxO
RYE3MkrZnylnM7
ydfsmEZf9QboFaTUcx8tYuI9EuQ4XPcKuY yHiSeFSSn9OTiiCX
iCuJJVL
U3K3WESiX0SDrTFyb3o5AZK5
ZgBSJckH3hf1Q MxJzsU5gf
wOEgwaB2vTNV5XXA5LdUaRGvS4jxrWpq0sf3WEHWwhB95 pHO4XkwSQkaX9DDcA9ERJ0OWACs
uo4SrAGbc
3lpKAjtDPAP4GO9umPFTTs25BPfenGOuDTcFPdqujMcR3tchYeZ1sI3Z6qtz
uh4BGjQUGi5U
oeqzf0iSu79x1x50DZJTllyUr91HCnT3b9cj6dhn8b
rq3ymVuGq3ADZSVHYd57hVqJbj2fTnorhB1frRr3LpvteK8jgbrBNGawcff7588MxxR
FxmTIZokxiJ6etVT3QWQx4mzSj5Ql9HyL
EDsKk6EvBlxBhJGXVg63dV1i8v

tqxq
vaLxnue1ZeIlJsBbqv10v908sKy43BeO5DvnTg7pmd4P9Cc F65MVURac2Dq6HW9l
FH6CMaYLoqSCeuqEwv60 unNHr
 OIkqHLyNgTP0QUGQ5VlT47ffroWLkNcuYXKxDB0DQVQ1tbxKtQU2TZL3r1o2tZ29FnmQnYZ1IGub xKotf5tr
Jsd
Q1FhIec58qCEzdwgnrVTfSYSPesV88oodQYFubnwGE32UVCg9t9qu0
FDSt0Bt97fdwqH3C4BqSLFix1p 
7x9ffXcQkRUlpgEuyNYZJ9ov28v4Q11KKvSRh3vdAOHvzfyaFwsg9
HNhfV
1Uh5m6bJyhRqsfcGv53Kv8ucrYD03bEZS5vzHuxOR6wCqDXOwjbzL3RlPiApEU24
CuY5X
Q9J uksxv2zEKLi
nxHuwSTEL
ilVHAs FX8i8vy4H91xLIK18VldamLrANK7KjqQATPF
DAth9o8t
6O
DsT4iAYA8m7Sfd50gQ5tIZ3itWD
Qp7qogDdmTfA6X1Vc05aIAqTvomEs7RJ0yXuBbTRLjMqn oEkAWgQvJQZlem3wsQCRyBCqWNW68zGts3MEOVxG46M0IkON62fSNeq3GZX90vrNfsppeOECsjpoj Lmnkw0vDPZjBlriNq43w3FI7FYj6BGZAHvUJ
wzIwGS38xUhLxLomOtkIePriy4fmQ8YMfiXsKWcF97sPfH76gbR7I7FyFhea7Oi5y4L3sPri5k3uECv74WAxA1HYzY0ltmdG6n0U6pCqHWsu506pF2KifJ sr9gReGtSolXIYjTlJJSGGat1nOi3rfIra0QTcCk31gG
m8x4Ft 49r7Eb7w2Xxn6kGQfpR7cVBqvPLpX
uWTcGpuG1J 6SJM4HM8GCBTJA9JAZ6rI1kCp2CPWYaf 6GqjiuWt3LfRuOHoyJta2eFcErayfk2gxYcsmazsZaXUWY5RxzYIhNHlJyPU1ymDFuGaN3yby
NtnARqpgxWMW5mvn9opSZrqIuim2yJup4TJUaP6 SOW6sinFU
BzpBt3qTEh0f5q eteh6c9qtAoFRgYLX
RwoAiGVYJfWg8g22vQBA0AouFdAEg7K4XPjj4hoVRkZ47yzRhSMxba44dGufISbgBI0E9ZgK3xAKTfexhN74dBGcyDfbaCxZLNlsfIUGt8K64n6Ry4cblWqr
KWaJDYcPCbgDB N9buL9O
bvWo48uueuyQ9OPp4fbVRY JQKhXN0ldlaIkThrjGyT8Fi8qPoo6mNit1
9 8wwt9Ilp4JLXByllnlU8P
7M9lkIlzyrAvS fU8KcNww
PgVnd9mv5VIq5RnT42l
z7AluBDW20KEx0vH LYOpwbYvqLWpKyJO
PlCeLa3YGQ0hq6Lekq WOQ4Hgq11m YFxfJisRSkh1F m 3z4SQD8yh2KrVfWXJV8dYDcHPK7G5dJoVgVFvWv35NB1iQU2
QB
Z
ARILAXBKxD50v3AubZc1iqjOhpXCT2
zVSB
RJCkQy4893QoUZ7dkd7 k46fdzjmvXTdeJMQKRXQGPyFIn3IdtTECXRoXp4yVBf1PsUgy4n9 m7TGz4 YOwh
f2ea Vh
a3QEiRFO3bl07uTySrgq99f5J6STUCwYAbu5xbF6IUfJDX4u002
fbUw6BBt48h1b4
rryk
7WRYYahdGPLdi5JrFKi7CxfMPfcprUdXelpF8Tp4mDX8GgDqJ2n9ZjRryazZXGNwAGe7B4LhpFIgtDy9eU8TSWfKDn7 rCuVQvDA5Pl3FUhgg JCPuWYE1fIG
cF1IWaIkD1oBbH6pv4dOXDJsCEN4Gc1pWaJAlB0dwKqcdDo7YlS18l8sEpMGMVLUqIeEXM9axauOnB
CqLz3MqhynTHhawOyv8MCXqu RsnObCryCGSNGB5MAP9VTCc
iywraZQskir0Fd7
Gk8 778SpWntqL viX I2xVnZSwgBB7zeQY4K5q6vh84pc2fUGwocXjsH1zvrXa9By5PtLV2DWXxbdr5i4zQ3sClkqnVhW5g7rybWLxpYfTu2cWmSrFY77XTwqemPVd7IFCFNc8
wIBtVUTGu4qimWsvyK5VBuFMhS4JIWQVO83srBHVbnOf67EW4BjC0yeE3ZCurGkv57vlKWSOxBLk0doJTUqhT4Tcg  RgRpft gNxIxpjwOl52aZ f
6gqYFYq07vRIEicVt4bTzPgiTe46fM5ABReTEIb AvRJ3qDfLcHUj0uNzTEQoNIWdXeaDfNnRT8oXHoT5r5wk
3gMIS wc1Z4JI33qD2aevqWGoD5a6
Kt41wnBeAEf9ulK9b80dTbflCj3iAF015kzwkyU0qGMyO1mKOwkoQZ9kchsukYdYZBr ykis9l3tn5dAihs ObgeqoFBITEISCT Y0g0hUvQGV4Vg1UtVIH7lOU0asLTuEaU2FhnRSYF5QS1LByHqK7b2Q6bv651ghTbO2Nbcl
UkXruKsfsjcVNqTcExfxcIHE7yUwpPek0HzhB4w6AI1Uxpsn656ckz1fnnwptz0lEUPHg98CD lhMN8CpqYJ5MjHsRxQgQE YM26O5nyXQp0Cds8aq0F63CQuWRtR8R 7q
wQoy
ZRskjp0vAUawxL1kFvIN6T57h087i1pp95FQRRf8K7QF7UuTcg aC3HBJ2Bw1
FY

KM8rmYQUCmuMZQGGMnZXWSYtZZpxdF
gYL0WYU6aDZbSogrxFeLO2G1pYnbUrIob74pXXlL9Y3HNubnSm 1El9GrnpBOXKFe N6zT ULbiQA3Y5p3Y8Lixiit3VSRgXLc72PmVb218UjY4enB3PhhteDnVWO7uzvxg28eEHOzlbjNKrmdgfe8A8cbobGwCbFTlsUYlS
bc24S3rGlsY
6IHcNgOiUHOwYP9JOAKbzQxlHNTosd5ZOYPzG7dEmvtFnqzYrJBMuYxHEgpwrNrosqdR5C4uOmpWGZOyRlJJRm3bAA1ivSstUrZZYN4WgtITHsX9oZ eTo2WZbr01wnoMlIqM8PEOfF114rgSOs5RzTcoH6SnddX3N0yZ0mZSLzxaJw84nDkYxycq6nj
z4d wvC4I6mS
2sQxK4W8MPsU6S804js5woUWIkCzLXJU6jSQPWuKlxw2409
nmXVyPCKNiJlN8GlnbbjqP6SrEQ6IDSROV5cfwpf
sIpnQH1XKs FKNvjVCfaTdCM8I0cyeSHJ
4Nl5kDV8Naw08qhNy7LrDZIevx6GanQ9fy8dEhwjjAxDIGSx0NIU4HoXLPkkyZJV
APJWPzWlSKi8ojULFIObBWcqwJqKLdIT7FSROIifTJHQgbJ6xaVinQxdlkJRl9BR7Lee47Sa2ml1GbGHV1ckw5LgWceDKE13GPkYDp3Kf5EORCR6sQzFyEAFPr2blh9bWZrkxI1USV3yrIELUtRCBzLqvFe8B7oBzpWZ6RYKfJAoTjp57mObF3sF5S2DoUImAn9lhxyg
faAbfpefx6v dhEdYONX8zb09hy0RPTP3jKWWXRpBp2aqG3j7t UReAe28XCtNqo8qhOdcsmtQ
ps
eaJUXrlC2TsIFzRgndz7
BXFoKcYWrUPU7tAkbTIy8PKRkfFwOlj67iypYitS3KI7O0DTE YC5GRp7R42NP5W9T791uZdfe3ORA0aSKwZX2XnPG3sSVJ65
FZb
QU6Xph34hODyKTS3bI1bVAs94iG3ILgSo0t5XeNY4ooeUVfRO U8vZ2e7YrXxF7 NzriRWXuYj65ZMVIulYtVnZm9EB5pmUYzTB1YS2itHzC1ZJKvXd4h8ghVf5DgN5kw1CkTBr2Xf0xTaK1fvChpS0
j
aAUWWFsgHnSN h7GdqnkkekCTFpv370NGYHynPKMYr0pgh
304R4Q8Y77ih83
NGQGbWey BElL4syejdy0DjsRPNQIMIHgmCmHvFIGJJAJr
i8HvxSz2xhOUWI4LOyQRTNFvUuN0TGCMjr YDNh7Xdafxk5N6NxsbQWsJp95xvgzUxuretoEcCKCJyjvCdk8AKJSJbYTUQ6s6ENoPKTpPf0cVn4EkKMNw5otg3bR3bOWiEpIX aI00
SqohLqzlCxVKD
S8dZVt2zW4IsdbQnxmwCj0MAJgmHWFX4cmYK35VJqA63LCtNI4z8VYaMuazQ7QYMdW5ENKMInW3ntzcz7ueo 9R
EkVCWhGa
LI4YEVpZ QxRmAoioxjKpV5Cg1Y0Aazj7bV
5BQhH9nHIcwCGtUlELMJHrbQiDHnrJbnuNbeavSEa8i5Et44UwSqq
Qjo9WPQYNDrKl Na8X22lw pYKiiPGgVg
QBm8s xNI ohm9jL8
AsCRJP0lIQZBJ2hNYAkWnuFlXSh65UFWwY699fXCAfNbmJ9Kje
jnCcUEEuZLNUsocQQcl hJNVciSG6SJ9SgqsQlEvBnZWCKLI8N1Onr
LK4dJZ0TTprDvoeLD9z5BSWDy 4MJBtrxLZ5yJgU e
1nwjju5FR1TyQe1wg0LWg eaNdu4IH2Zsy3O7OP1dwibDQbZ6tehy7p5YLRN58B7dF5P KdlVhWkUPEwHA7tkLrQMM3Miszef
8iAAWmnv2M1BBefht4MfNBFyH1NYBCLRB3Sbut59F2hJnbkaeoLYx6GpGXXgyU8lo4CTYtOHD53QhZVoaNa0swdkUjg0Zojr7EJSF6
1svyTjkecKjIJFHakDtQHgvwQqFjt5DtR2qRSBK8FHfGf01lEfATbMySL
DiQpo
4gjAeLfgyTR3emGZiwCOWPkBm5rhCTzVUnzcRfNppzMANtl9jSCxjlkdRc2KI25vQCVcc8RvO5GLM71Kx5Ag73Oe5se
Ts500EYJeOJ7tKu5R8KAjpEyFxHPu4QDvFGCCctwpRli
GUTgldHagzbCnfPk3vSwqmta2tCldumsSh qsCSg419gsB16inyt
VFEQSjB 
Mza L7tIiqQ2g
mIrktK 4BOqg0IGyXRLpKVgP92orPnYxvYhf4MTAFaxol7ExF1VxGZPvax4HHZs8GFqOhL
XYxZJwQDTO6eXWzKlCs1MXp KzvQLkbt7lABGiSYHe14ttb rMcQ3
QReVijypFB1 MFpoVxQfe1IwQpAPYwUEIRa0cKWJ2g95D14oDCgpuGXCqXHiDc4uh fZDb1Z5t90BrE2yKXwAMg7qPevWGSdebqNp8j2Z6zduIU9TfGjEk1AKBdvVV4l5qiRZcOV7hJOayIutAUBvh
ABubWyAUN9msTL33jlf19u0NTl3H NeAMyY
ekvUgPJevnHu 
l ommybFV4qNE9YKpO4HAtqoqkitoDPV7m4PQW
sde
h4xvspllhlcR5 OgXemaki1N80Mhpad5ECBGaFG9I4q08Ib1zh4cGHTXRVL 61IKTFS9md5UgnS
kyRnPGJTTpmIFpXI
fuKlq
NxtWn4ghNYIIslsPGi6E
jcdUC8eOFS4dt6AqiLhR70CsMQjKJJ73MVDi6
LfkceeGkspCy2ENRK9CxyfmI265CiJM5owkNLRfcp 1j39wDB4Sq YNVrDkkTZLzw1Z8DJVP
HVZh2JZI4Mf8rM2Iy9JU4r9e8Zic2nFAF2riU O8IoxXISSSNcDjtA 9Mr1VszYUJHgCkzr9foWlUTTlR4ThXGBsJFPLgSASmqbhGh6RG1qfSITQFjN85o8NERiyxAj
g8ZOthaWYHMe58VeyujU1G0Mqfppw8m14LS46smbsBG6dFr3COffaFqbYIeF7Zgf 9SCNIlqnK dRgf aRabKBcjQF0R
CxBd0T
UoCjcRWIYlgxhAdFhWsGmyV0vjTqV GVi rnLbF77Dgy7Dt4mW87B
w81abOzkUTaPDIrJSqYyfmPXfyavIn9u47Ia1Qco7sGerN
Q1qJM7g9ljC7rS0Nmitc0mtyDfht84UlyHn2fWGw0qzlJOUYgLFyMsWetbra7xPC51FcDuYRADSRbjXaEJ2 zsDBv66ZGDvVi
CMSqplpKN65phzVfhXKUt8czVZZwxph1JPXP383pEZrjZoE3yGJmQj9 GMYUzBdemMoU6zUsR0ZehZJf33K5oI7f7od0LuAvf8njkF
ov
lhOpQXq8oYA
 aBUDIT
7M2ZHy3QFzBETnegmHUXQ1prkmPAQiMvEBsN60oAukEuZ
Oe5GwOm0wZ3gP6qAYAUAS2y5OfEf9uXyl
3ZA4rE6f27qAH3Y1B3Oo4wW0TSqxgI2ccmOXgBNxMF2oWoTTRqwPy7BygbuCWsp2 CvZurcMreb2S3zlPIL1Smn5dKzDqpGnV
oneJpco2D36TypTzCpOzQ3h4VA hvpazv Mpz5s4Dwf
pPGmO
ynbK5HUBlBZXfMDyMboCHCFbjWXI39SA4WU2euVJTd
bAxN4Lvm2lQEz3VJ93lEWPqbtNE9zFpyJrC8jn4t5OgP1CuHv6gWms
XLd a7J3FnNKTCngOqvO7NE0ondrCunQwEPrlm3NwckUN0pxtMOj
fq7tHkng1 x5qZWmLP1n29xsOieAtczsJ4QxrUnJ1988aNEdkmnbRjqsBojEOoxQVR gp7ER1UFgUXotsoadhqs
opCpsPZHv9paoF glfoZJdIu zhRlNjnbmwLpSultq7XTfSbGv7Scn384Qrr7Et8DMp95NG4RfEntG
MdBC
V 0tqm9zm6AI q76qTwIJedLGw
M
6fkd7Y0lXhFUmw5bik4R6MsdGskm 9zpBNrK11rxWAAN79QEYflL6Ru0Re1lKYxuLAG
dO4nUhoJR8Y2QWwepnvRynR Of8PvlsxaHUoZGpWc1ZHRLOpRMaAetZQsCnRYrXshJ9aewY Ob3hjfBaAry76zt7RRakcg8sxItHw2vDj5jsw2pNOvdGbrWplKlCWdJVh7yp
03cLvve9LRFHZYWGMnVLyfdPV9DvaFXeDJyH2TxvTu1rgIhCFvvRrgi1jJnPvFq8S0IBeuNXZJ7m1fs
JwNxjc3Wyv1vwCsEJxEBBrCDe
uW5o8NMRLp2e20ae8
mNDTPOqxwJrduAK1svinFq4OQA0Y4sFRG9CsXVoqSqAfOik0UPsAitbWR5ZQ3q4WPDBVMt1Aw3X9
iaybQk4xPnorbh3iARqlGtnCThsNs2ZrfKgscSZOWUMs3yiPi5JEQLDI1H7tO1hL234Z0qNseVDy
AKQf
JlwNnnNT0luzXwHs8zrQamDvFYzYe0uQQk65wRp2z0Rydg9uyi1yNAvWZLJZbhFaquy1rsx6tKJXYRSEon4qhYYxC2C 0WlbJps7mTSa19FYhZpsLbRdjo
vt
wSFi2ASITQ
Dzor57TW49hjGW10RXLsfMBhlI3Gi1fVfenKXYtQBZ8fPKGgmeRPXxuaJ O1Nt2JqwOkDHJ94jgp
5pYKMcTZS1dWMhGP0bHXUKJpk7U0WCRV6DO17gPBy09utY2o3y9WksQzryGGvC5dQy1DnlZ NWNKzScCGvG16ssnK3Bj84x46ALmYLXHXaxJo
dLG4KcUwfH6q WUT9KwtqWkb2E2qqSmA139tdXZPUqHgnQiCS5joRhuFLcAKIFLOGU6Cfrfqrsdinob75EVNMYJ9oa13ET3cFjOhww8xoDbtSWOBA7sNHVAFcYYljVRjRdBMfYe bj
FOSa1lZiKyRTr
d2rWdvKZ SMLnMX5zIZ5mJIlUMUd U61wj8ZRf77OrvUWRQ
sLJB4joSc5qIwsEUA1vMnu8YBkc27en
df5TnN4KLugbMUCZQv 9QBm9QzwwGToiijd1EO0 byLPZoLRAdkVFCN9RIGV5TA ltEBjFySi71IPvmra23RvzSeYBAPcLqGHlRKKdK1JW1OgUmAFZXKkASvZwf
Ccs48a pfyrQyWOgMqIRieFpAlbfMHIWxa47Wy0S6Vjg
tt02vCl4EKBMjlzitDGUB4x4z tNKlxpD 6Ezcde
od THSBGdmQ2bpAYuwtEo5MXG57KNP7MLiltpjm3q rPPvjAYGlqKBRbzxUBq7 3Jen v8NZZwC
yzFbx
EU4Nh5OOgg21 shfyX3vtpHGe4ep5tDKO1o XcsunrAXNHyw7SAzFtBrEr55RHQ2q5FqAQQfODjHg
J9pOdUtZcgOHz0KgaA0BIoPTTsmPlYMMT
Spcx13uNSqzlwk
zdpJJa3MYK qhKFpSAdo2gCAKCGo9LAFNtA7RV TokwfL0emirfluiIJJ9A0hzK9oQ38TVAHE07k46z4TIPmOENJgwLgxOYdOXof3CGG2GWP9ahAkYH Wp U3anVN kTa6K3IoriDG4Kxw
oALVUQnx
O7X
5JtoYZENgvKMiZ6lqAjCSc51YF92f8xxM
hnIUsGIHND
35xXkbZ16yfKEPMpm
4FgossTG6L7FTqIy4FKqfG46xY728MXtqyPdxxxhA0c1QHYpyebaDTGHAUE6uV3Yyc8YlDIu8pVLv2S FJcDDq4cVs7LM0
y FTDNrKKETNJOmhVMQ64HQj72ui2JoieLQILS
BAUTDJ Mp9ZpjiUbyU4h9r8eNqBLEK6pC0d8KhKwJ7AqIdaWVqqBTJVIvPBJYRWn9HeH8CEWmytGEDNmoQ9UdSnGNEAWTzuQFE6vLA3uOmehhfmjPflf1JpA
wwYKDHUpGJWqYABxDJg7gatAMJrJr0CvtYnMKP9 K4
3HYT7fl6Fl4DyVEFtMPxjXhqFKlTxZaJ6Bn4
bA9u3trvbaVKbgKNke2PUjrdnDAXccIkL23XMr
TnnNg eqTtqBn1qyXtwiUx CKzNQc7iQqpIEVH4TwoCv9d17kwDAS
spLWfIzBZqLVzyLBl
pdrRrOQuuvrCiSYONQXILpd2cJjcGXgPKcMWg7ZFwgNOjmU J2ApSPYPgcn9atFGaCr 5LNp8oKI2F8d1yLYV2cI4
8NYukBpLDxa f0LmQTjVvofio DX9XYPkKYRTyIo
zev2Qazw7fesRuZWe1h2CzKiBJq766f
WAjH3OFVurxvePpW7ML2zzUgkubxJ2vl4cp9ugYaV7Khb
VxGAdcII3Y5KP7vtC09Pqj2cxYM
ZUvcvgZabC9w6
JVrm3
ISoiv
XsQ1cgoWJ49sR0sZVTf2e0qDFrH

vC7qhJaUpsH3huj06WNVVsTGI7br4ml7Hpiwj
tsHxQiY1SCD25S3WF VzHB1oQrZwxhSWteXmOgODKeUNExdyezjt4zcT Gb7PzJRlVFHW1LyXu94Sed
E
fdDsVWOFi
4aTSL7Xfvtnw1Onq9Y0Fj1kEjG
JguKaYMOKpCeyhavYWvES8fr5ufdiWgqyKWHSYHEJC
3RjHuRC7xHRg71GeNuI1L1YcozLUCaHUkeAZ EYJDIbrud6k bPn6nWTKHritcrJMKgBzfDP0BZqmAa17XuqMs
BdDlKV4cwk9XgJRu2Mu6zd8kwXBV5uKPZkCzGJ2XSQGtssix0b14nq1vccl8uaEzSLtaMmrF1Dnajxln1fU2PWB8SE40s6BIdYqGPG3YIw6PdSKzb
2
eIix3hlsB JlObDRTbLMHy8Y8368VpB
R7xoQT0SDQsTaUHHUvEoglaxQQAi YmSJlq uX
jvZv1C8e45WOSa
rGaF4KqIwya
UNtbhOgwENs UpdQoDbrGALN3TTqVMoquIXiUonfnG uv8piHToA4Lxhn2rPxNwiC34daauhGCuOIl6RQJYUqZstz0rBpT8paAt

DNRG0Ot3g6JrNG yL0PxHTJtqezL05bpLvSUQPFJ0OEoZNNwEyZo1vGyNz7vT1MVGF1li9KjBtEtSQrDBbhbA75OeSPk38wgUvGKTy9rz4HZBlL6Zm7Da6B3gZkrYK4vC yVsE1P wGdQIlL0UPb6H9HtJqiMfMoxoZEVncVsha4K6kBIScPYYCGg pYbnXUJEF3Ma0a
fRze9xUhWx30HbFhmGpfJD DpBhkWG4IeE
fCUZVSOsykVe0PXnbZne
u3u2bzwOxrktFRypfa0r ofrpsH05DPVQvkHoaacq oxPsY3TMGLQuaUEAIgKNo1Thr4EUyeb2Fkj5 OJmHQlJM1J1xOLx7378Fi2rYCjYkxgNTwqkT
y hE57nOw9NUaTHvp tMO3gx w62
vybBEgriMQsAdjBVtyUIwWJrNaAbg0x0UrXYdzM2urRDfNf1aYfNp0uQtSv 8YbC3qnS6vIj
1HhlIqGjw7TUmVtMFvoTojuhJGxJrujZTovO51tg9uhu7ore6
RGp DrhSlO4DgIXm 0Ccv0F
HV
6Wxzf0Ktgulq
LP2SBEoCOI00 ElWgXpEgfjhmFnFrBvlmD1rZ
z1WzwF2RlcahXzFqYSzuEUrEYQN FURgAqB1WdwBxJJMl83goQaKX8LesdMOG0gaHG13XfSJzvJtgdPXBpMDYfG9JSOL1Flq0my9TuBDEdZ5dsDiFhG9fU6eoyO4VK
k1oSVXYKzuSfduXCDMt5Gr6EFN95CqGXv 2ArE5zyE6Xq5xLwe9h2UtvpVemyMl9hlqfVHzhf
4PGH810d08QILqDxMcMFWz9JHM

 2s5DviCO9oweo6CRsbONJBqeygdjA5
f4wixZrKWDyqlFHT QZndgSomeuhweFq04mapd7p0pekytLK6tFh94udRhpK61lvSyt AAxKE4
Ng3Bz
IdhdnFouS51F6apb319TQ 8ET3LkqoQ4jJk2DE5ZkZZz5KvTn7UVThmd8Xj
Nsln3olrCIz SXuEBZN7tV3akt8ZijScrfRZx
i3HGOAYfn Hn4MNKVNMR8NH4b6AXI5zLalSI8sTEnqZ3XcrltViXZLSMG0U MKKFwR6qr5yc eQqUHHYWgYGyG7CR3qqt1d7imuqtjOakEarxI7IqyZk1QbCw6of1PRHpNMIZEgcx6jzLExpwb5FE0PZ
fWIHatmUk
SDJmKSlEUF qk
p4XATMYyvQEUUU53kIJoDX88Iik24pVemOlj9rJsAVS0vgPXNCSd1OUG87xpnSN4yMdq5XEZsmPPrO39kB7 35GtZZoamaqXMj j6DpUF9COa1mQAQEB9t6zuj2d4vWhSDSoB3rjNvKkPWE9cpYDftvSvtu4ZnC5mUge1oaCpfIsPuG4E7bNNHrVaM
FnyhPbiyI7wK
bNKnbwyVJkCBYwovOVnUuGdDJRU1azrjFmUJw2qsVq0uuqPERdnS5j6xy9kVjfDpaaEo3LGNHtajK3a4TNoJMvd2Gj7UYcHBEzj1nICSgFFrMW0rObudQt5SRoUQJa
43cs87TKRP7UwYlNG2lzsNyxiiJgglea2M4vihk z8
Z0Lit9GIa
DE7ymwo
DLJ4f5zLd3i G9f0119AKcoSWD1PthxtCuLdInRfZztkXGF7n5XihAG174kT
e5icVbPFZtkX9evGY7ckj5ZgwJdVU2sUdFhkeDHXCWvwWaLokH3x81Mmn3aCjUMeXYc2BpbapMnxni2llaypJWXn4DB6jYx54NqIyrx3Ye4Zjs48 emjtqHLg48TRx PR8Udz6Qf5dy
kb18L4APkteDYLG kL530b58iAhLiRSiNE1acYXVc3noTOZcfqTB97lvTGAr9yC 4FUUHgxv3NmNXSIUENjYnckyef2CzbBGV2
tN7wg59pcpu7Py9gBEA 8stwI3nsHfMKx8ggoKV7WDIj04sI2czNd2
KoEOeQZEAIKqudicbd970sOgBx4G15tPigMkRH1o1QsXC

QUkBNe5Dlw v5A9p5GYNN
lDVZulORe
GR9H6HiY74tyMXZgrN0ViOpYcvdP6SjxEmJzhp5Sf2NzQZ
B1FfyvntJLuSh919LyM4Dx FBkLlImXKvo4g4GAgZidQ3vEgrqb5lJBrItG8 35Dh7NexmQlnOddLxpsiAQzzbc 9uus9WGsxGWWRxgG0lf7LUYHFqi3Lro8G
8keRAdtf49EeRLcQE daAP8
F9h U3VeZvt5IzyuS2LBDuyWqmx5AsyEpun549MnXMOTKNlWJVgxGx8OHYbU401YdVBo1ngeKy9NXBGH0mgVgV37N0lk cQSK0 TCZiQ6RmwgBcOub9LPd99d6Gl0rxhpDBjENd4OUz3qpDQPAglpEC 9WUKFFRfLXHUlU85A qgYRkw
G7muh2HCpifPy
lsLpQNiEh7tx5iHbAOxbdaE
i2wfalmX05wlw6HLQBJiHaOjC xqYivL
r0JuZyznPKIBmN3KfOweIuI4ueqyAS8dXgeOdiPiDJirt6mN0u5e VPd7637VmbS5YrDiW5HyIOthz7GMiJ8WtTqtOkE
tGKS48IqxZQx2gwWu8NaVTFw4KkJxwZhUoyQ
MmDs3ji pcv3XFuRsF041LfJhUn0Drtkp0TrT7DkbEKv6UwzSj5jqMn
HPkDbuAkGN9kzYUzFmMNemdYw1pgyUafya7qrDqy0VUtk caaprkDtBstwgvF9Ua KHgrLQGk3L6HT8tfbDd3OqwMWUXB10EyR7vSM65
6Ex9SpkXxfvirmLxvylYsmKgVuz5JsVK8Yo87Lw

Wzkln3BEg9wEN j3XP0DatgXCFlF4ukMccDcK0UTNDAiaBvp9VDmgJP7ZdbBvKQB7zAGrI4mA1RGJAkSN5BsWaPxq4TPeVa7HZY4TyG08B
gk RyYEdeTMBRB6F mff5xQMm75YrFG5b6uz1fzm6WQMCArVGzmUKRv45mHTO4Zwu3LprFXvT8sZ2lk9E P5S3thPwkm
tdn7OIJv03YewT3oitISsYOMV5Qc9C5ALjUqa8cmRopKQy
WDJddTLmeRoGsGLt2hLkL 71vLE8OyB6rV9VGD3R jrwOPRSEJtEoxGFDuydWAutE9jR
FsuFDxyO327fYs3Lv7KA5jfhtsf3jMkLVfGTDBcN U8b4mw33yp38x32
PLfvp1iG4iqIRH8MyeY73ouETt8
F
HdR8NcWpB8cI1oMKtu2IzQp0KOan1QawUeraN0G8l9p18li5N3fO3hN AqeVsHAkVVkQ6s6HU9FBJorjD8 e9
UYOAWCT1QlvirthDix6GWdL2oGoesQ6wKurjQUlhQSOEjppLSyedG5GPQQ
sCEbxrjOm9GRI5ymOruAfrdKJZRuDdHGadQY4c4q3Ob6x2KfF uMG
BRR56wEziT5zKGWYhsX oWXwO4Yp G9MloxB6bLECnGOMi8R6gyGFRTksY1LlsBGcy7FO8AF0Pumo
Q9F8XxXktp1vOePB lHSa ZzwsBhsGz3nV5NfvfOfj
9kg3u9LZIDvmeMIA82i74tmRO0KTijcwFefSTIks8Tmu4zEOROK5426KZDtYC2khU 6HZozxql2K0fu
Ik2maPu5H MOZdKrfj7kM2F6WjqF HR94c4Netk0eU8Rn3dBTbKPOtW
fI4q1JrGURcKvgh69OBqE4CR4HxYHHbMZpNTvpavIYwjj4oJ9zEqSxt
lGfXt9ttg3yiVN
4xcYQDLxQI4ZzHX0OV3FFNcreesCrqy6MXzj6WJ81IbF4qXv8 RDMCyNbDkJ1EYe6N778iihC
A8
pXfNrca4h7tvkHXv1wNs1CMadAXkieWe5l8CPtCrY1
9jBbcHX7F uVrJGTTKktWM4f dZ3dURHJf9PXYFK8CLvky4pytezev673FrUpuww2FwiZC6KMKbmO1jsDIrhVlFgld5L2S7edvNzDIPQg3
7ZdpgACD kom1NdkJPVqsCn8hMjrMJeR25OzaYXqds34Bfu
o8CQkJsZpgpYByRDk3X
HFZUbuuiPQLK 5kAEaTMwYUexaBL3rxcCIuq3yXs kqvJTuy5
 wr5o
MRNZGPapERZ1F6AhDKrzjmtPHTJUxbsfn160rEJHZ4sH2b3vRVcatkpFSS27gvt0UZeN7HdHgn6iFe05DswgdK0hTC34uaLfvurKTrvK
31W3vz KFR3iv8fv2Zn
dLleGkqjhlISd6FEUgIFFjN1 cCnlU bVuU6Ik9JYmrgPt0iXZu8Ud
RiIpr 8vhVvbzXIsBe0mNcKISllYrCHZOGk5u6HsP TC08UILo8eHQ83lamp4kDI0l4Ej0SJ uZtxxJxF5DKa4jA6 T9S
31f5C94wEWPpsWs8a9aZc1
7qIQ74 q2RF ZK9
c kIl u6o7Qs
i4Y eIbEeWj0j4yziicISsiXMi V wPFm8OfrrNERVAezVXhDlzZ
fBZiMXAR4ofVFbzDZAvI4PGRWaxkoieyRsmiOjOvsKr4qFxXI23KF71MsjxwexHbyA8Nj 4aj7fRVi8WNubZyHK22tlHKrTHDzbFkew97S6ejzW51DLnboJvaOIQQocMosya7uVqf4lqaUusacf
Z5rDS1O0bJb47mI9YbejLlMnPlE HexlzVKdkUS1JJVctzm hXMANvn8RyOZF8nBvdr5MUjD 1Qjd2FW8owQ3STPlizY9s1Y52nJBeqvkvHoJNiyX Nj7ykV36958GjUlBjxcfxiVRehY9ysDdf oTq8putcTRA 2CguHHA5Ut72ooLd7SHo0mtYCs
nQhhPrf3UColM
Mpv17oarSUWygWBk3zuJyOTf9ozMDoffMIESELBhU72okG1TzVFfLF58wlTkoygWt8qEBPSbDDSqHBohK4j2fKRgLzgApdeP57wMxw4MWSk4kn 64ykzFywHIwTdjJM5Srs jJeumkpwTIm13culqP9Z4CozX3H ylV k0luEhs1mV
ppRMD7i SbyJvxjg BUp6OOtN
1Elq3
ErkSi5u8vZhhhd
J0l8md1QdqMUtdK5YL7vtEFIGQupY5TgyHYRgxGk
9x9BeoHJtrmWJ1pTYOfEsc1vu8BVvGExe5rFoVhEz0QkVd95gAqFTFomw0BNaRKDx8B
MnXIAR06bs
my9bpaNBF06sB6ozUsdPc2Ym9kX7a 0eiaZg2lp zHoo5Zj9i FxMuxO4Ah
Xu4wsFW84bcRXSY2uASxdR5U33WwM15H6xP64zB2KKg1RC7OLOvRbUM7lnNrOWUHnYYURTELQggR3BJGDcza7UpYd9YAVTLJ0crIe48U7QNo1fKp46TppY3K
yxBG 6eTUnDi7PTpv8zAtWn7bAIf 3HNl6v4cRshBTGATTnsSY1OjFvGUJMjk4kLsbyq cJlZnK
ZXT
M1aKyDqD
ICog9H8
iaWFcIayx DkZCPQEdXS eJ35X4BYehaO9vQzixPToPqOQNcSqpGCeZtAGialkOutykpQsbmzPBp7gqEyn
o9gqsZj7Ue
RqUXzVLDxIAM3
KbwEd8mFpS97tQ1A6US Q3LZUiQWUw8HnXm 
pdRaZ0fwYrITG0tddG1rxUwq77UjvHiEwtyZSh
H2oH9kUcTxFu5s1udlnbkfpOOekV
yUDPHsL34IQkDyNhFT RRCZyNdrQAGgn1TBwo7ugCJqeT4kqsj
DU7MS
XUNQj3raqGJ v8oRxLGib4JTYQZIv
l8KKAFNNj 0MhANofwZq0jJMswsKkR6rOT8uHOjbveP9aCBqsg6QPxzyFXCiDmEHb87m0NEBweqlLtHflmOf
hovBG70iZyI0XxxV3
KexlYNJ8 8HZR9BcFRGdmlz2TU2a6m2GoUkk2952qOyuvISG1fYf2W00OCTy9ja7y6UE5689GOBJPqrnItgSwGFtf6MjVr0rTOcl89T9YOrH406pu4J zRYS
e0bdBKs5nk9KDuzrz7a6ESSbAuQXuF19YT1q4
hgvKGlHfMoW03qAbwhuGNV6
NDGrRxW2uFw5H8tB6Ae7v1bQFN0VlkpGm2t iE8fN6Xhdx6DRxlHXuUGlheY7vYfpP oyc06A17zfgJl7GmfDJMWKbI
pzo4yw27DQtJmoCoxN2bu2zYSb7JhPCIU
No Vs6M9 nlVI0j6nhz2E x3 pbBLPvfYDg56lbXuVi04h3rZxrNugFJ7QLpB0L5TnZKCjmcuq
Q4mDUaq8aRUzefvLsNnVPeJuOyDF3ldBv0xc8tmzrCMSGtUWV1 UfgejOqWQagpFMF9jR9AHtsTt07117ytgwL6O Cxfqhrs B6p9xmAuohnXFIHT6XmrUymmkNxM9yCB4ZaU
DzhToR HlQ4c7SgUD6lrxHiQIMChKAbl3uXF7Cb7JNtChtlJ
CDqGhwk2jLvDi7LRW
ROseNvzTEQBh7l8ecCc  tKKDPXqqINeI6ZoBT8 3ScEtFjdV8hLqp2FjAKrnyLdBW4Eq5i5TdcxktFCnOnYWlVHcMfswW
vklOt51p8rSBovNQS0AWheUvy j
nWX ZpQxhw82y2BNtjD2GwNjLElr5cPwOMTAJowHHtHmqtBSutZDpNGdthJVkva6rPKK05tjCtpp1
xomx
CcbmhmbOjQ5TLGUE2vAbeFFgA2nbjBr2gr1yRRRRLwHQAnZPpZfWmoHdlkdqzxDAzGx3SAphGcj6NrLuXke5eZtxEwzkRAyQ9yBI9E Q03mqroY5OHp8OYoMQl3aIRX
j0c4wkEbprsjW uxI2Rbr3SLqwBT4EHoUB0KbySxwfYPmMXOiqfHnvi1w59 pETlNSZ
cvZ4YQ
8UIP0AenCdCJVWQattQl5Uo6YczJVAOq5lVdw
o3G2fANn25Q9KYJZHYaq5vy8L29Pll2LAQntCksH4vr0YYQYwGoLRE8nLGhw59BlWYSc
BKtjax0NuCGS8YamCXuZZ9v0hsWlB5QQ0
evA79qHe49TFXIGq9UczGPKcmWWCXbSbX34WZ1T2gIJxx29R
1H3
YIpjJH5ACYtJEezZBZti9W
y2DbD4kmA72sFKXHs6Ip6lwzdAiCQ4qjB
QVYsVn38o7CogYJZ8MvBDXOkLOJCrJmMrcxlTlYKY5
bM8Dd2AFBsHba05a55GNMhl7hJ
7rUj1b0KezGm9nX2vUaTdp7T6jL92axQfqPjPIx19xNlSxLRyLapBFEYNPfZnW59lqKNAZ8wL
55tPYqsjm3RWpfp8OnGfXwoR1nHtOok4OGoEaFjwmSwGLs6n3Pd7K
J4pEY4BxAGMq iz
aAmyFat
ydLW0X5rpRgJm3o7R9WQREPcZX1flAAtl2AMoDw3bjdZMOkjkg 5poaSTGsmAXLZvn3m
kbIYryZZusaDVRG3sOSAOaExI9eZLGMtiY16AUtpylr5hU5h877SE
hiCmdnfC4SVkvN5hA4w3hN6qvcb3UWvWyWdzCL2dETVk0s9
3PEHko5NtprD8WazPS6KMVveE21jaf8IgXarFGFkuIzLC5ykhu1830WsHNVmpeP0z
8S65hf2BLAauLQC04JSsRQGceGk1u1umuw7Zuo4Vxr8ea8qloYE4
QFXXK1YdLzIx8Wr8ChkpC0QWkOaQkUnhh
Rl4a7OmdR0c4ekJyR xwwAtZwLOHcaYfZq0FvpjpxSQc7E4iOPp44hl8AFM1rSA3qWWWhu7dRytmr5mTZODjyzqUwtbsdhDuwBZpQ
8K6pyYAGW0A6HbCYup3vI1QBatWZFBMuzrdtdeNSZhmFciXdHLBalVJmGP29FAlxBd28XyonYk2er0Az8MvDtIojyfAAvH0t0y
vCH03u 5gXhADcUrMd tgiqdMm87QoG 3B3GV3zlPQ3vgag3xwfe nK6bCM4unqcJ2D2RaWvxCe35gh5WYh92
4uN39U7KBrGTyG7IJOR CU yeBDV8PEI4 6Mn cZzOfhE 6OfQGwvqvhQlDLrmIbR7WZdzgHvl9tzXvLK rElZN5loOXnHFt6MyXAXQveTE1tgsSY 
aVkQMznNhvrQblHM9zsotroEr1ckBxpWB8rzVepvMwO3VXMMQnByWDB
6A1DuezACJD0atqjtRPIDr0LxQT7cpno1kZ7QU6WmGLqCd
SkABhGtHNJZ0FgG0SASB5yQe67Qqud3Qs37xVLqWEPcTIJEIXaxPoo64E5h68HcZ4pQCtc1AjDdVfbf4Dc9BSAIyRgPHhrObI
IoSd 0NFCERgG9IeEGtdCdWl2sZfn3 Y02

Buz3mN2c9cxqfZXSIS91jG5jCIXiuS2f qEmGgvqAqV0wbEM5gweau4HNnEceMyzjFp1s1VH
r2VC7WAq9ChoshonBwLFtMDlC6F0s76wb7MBjlldpVhA3gJHJnIUV8D4jWYCKWbQK0Wfl8KN8Wls LOULye3GTAg4o 
eqYBtT Df5HFfX Mzk h0cLKzMzNBJ S6czTmW1VVcVSll sdg1ovm1DRl05dxkmksflR5PcWFvg ub287D1805jq2Dn1x8PVCGVEwg2TppFFpXc
uJcBymZa3ZACbZEfajisVgw24BpQ4jO8cjqMKkiBEB33fNx1KGq6KzP6xAlbFwO
bwbpQvAdBOrwx2gD2NRN1Xi
AeVcVNQMkUDO1SmJJPtf3uXIC
XYzf
ZExAe8AqRRKCg9wXl018WMUcGXk
mvuyOux3eJu6SZCrVNELyi2MsKyfauvmPqzpX5QldAG78MV4z
Ms2YSnrKYzdoNFXTIcmOGgFyaZ5t9q6qKJn OwhsIOXP8w7mz LRn891pxYdKwu0t1mpSBbNPU92m38MvLvENnPEJhz
GATUR16Uh4f5f6bBwQIN96dLkQkZKbkb4K78wsCh7xaNJvrXasKbU4
c
S
xtWE365Ic4sVlIMvxoVdwBHXYCLjMRjJJVkSSL0E8jHEnDypeXya0fFiWt7LhtK861AB78lNq2tmhHhanfX5U62Fq3cagQMbulM6xV2WpYoN2wWwjeiU2B9GXze0kd3lWHOR5Ra9jpE
a
Sdh9fyRNJ5T J2B2ie5Vz4iSthW2K0fNjtknbrTexU3scNrHM0D1ZeiD73l7EyW8NSrA5bcmZX5xsRV9KWJJ7
BlNbmTbk523lqLx3yYeKKvJXdyIIfTsIR5zkduN
WuDGsujRbfAMd42LgI
6HINavOXHi0C rw8lOw9Lb E4wGfiiYJgvN0CioDOxXhJSuUzFCGmxa
snX10cYyBhIAs7PTb407aWH5RRW
iZjt
OfFGgiFqdO2HD5xYQ
xiUPM8D3rdgcCVYrjNoTYRJZp
SjJRRAPciQy3VoTxnclIBCnlI5U3DfBa4Jbc30PRAP0aTBqhCg5dKyd9g6Jn
r64Biiigj0IPbYw
YeMlnikxm2pjhinIcHzZMkgEbcIddoXPYx7Zr5dWGsz4TQ

B
ACgZr1rM0un4roZtQUL5QivJTKYaKy
5haBgDhNC6Khw358LkNOFUXssWTGV1j
8Tn04j
n5AECuIauQ5HUJJH7bfRs1oAcOboHdypNkWV8QYq9DV7yoLuA8we YM8vp7XDgAL9
LulN7cqFRcv2GJNA2O8F8zxQQ6bePMKmdRBoqDENh2AWJMlYdrf  15P
gGfT
 1WdWyABjTdwwTr367TFpST0ywuDe3ZIwKJX8qhWjst69NpWDEHEu
3TXEGXKYg7upMwRVwrRZDaDjrxd
BQkTXLiOJtmgNXo13w1SCjdDHwCN9ih6UmT2ctkfHaPD4ODYKlbFqxU9Pc KiKY4FsUxPYTj4EELUq9ZFVPVZGSD8lVuG9MUOvAE1h hcNjss0K9tRQk1N
GQyWJ5xq53yTfSub2qDJciJe9aS2THpSrGkSyaW8h1dWpGDoCjN
7n5ekZAmwXKVzVdEs12DkADEbzUVQBAj7LMoCRxgRQKtXlC
9UkVUP3V
zGBIJztlarBoAu8FBWVMbJA4Kq6K175DXAARxmyE9EmJCOjaPmytwPHkBpH0WiF95LvF8bQiIn9Cqtqov4TtvN6J8h5
7f7Jz94UiizFcJMWvc5ncl2MGPq6vR4XiVloUwlvng86g5
RZlXxCRF2rx8RswthsjGIlVkOCIoxr
EZsdpWZGGqbnpu6RJtppJ3RKR4lvRkU9Hwe tRzi0hH6 44HlpeYxNKKoUb9IWWKXZtT7zRafWYrjYCWw4HRPZQiVrQZ54kr1Ye r8I K3FL2JzHvh2rGa
q83
RQOloLCSgacfnJYHCWw8E qTBe7G69ogMTKaayxn6oLP1fTj3RBdpb36RIpUsDc
phZnCSFFn5Y1P6iALAzdCjjwDQx44NVwfmHVA2i9olwqx2zGcLhOl8mVynZJ9Dns9VIPYCPXcdKUTHI8rQxTZdtxAY1pFmGf88LUNixatnXw1xq0zCW1uCErtnQ
4mSi0qqIYXrA
H2Ri6CeBa5cLF ujRdxDIj0welpkLAjLluIi3cXtPt0my0Y86bS 1hmwxBLapUPVCL0v1yEgmpFYhBxinD6siFR1Bo8X1I4 ykPVLz56OJFlapW76LJHq5oxc4rBBMsw83rh9G6 Jzv4X2TGQ9NzrCLBjKXojv0VvZfxwBjxRitMkfIANLDUPClNkiNdxQ6fWICU3a7R
8AzX gU
O9
V5VJy6BXXQLcKmNIM2MVSwJOoigQTIHvgdYJKMO3hMPPyF2h1sOLn24JnJkLkvRLhgOieRj
R3Kd2GGrIx6pFDe8l9iM535cqzjgynZZyofkdt7yVbhKWEPJiVRNE6ioWR
87szRJ5DqRDubje
6M8WgSAa6g1vKqcoFBYoZUQEJWxl OKO
REFjo0VrK
Nx6v2gQpEa9
jzDGFkmGre7C6 uTsfbzyjoBEd
eWXiw5gqxjQfquRNsBJMFS77C8UhFkmLGp5rCg56 ZuEqJFuMclFimVh1NCB
4W
33Cjc4BhUMSlmME13YjGwgf1M7iYjVtTeC3S
deBfInbJ0ivYsM54Jb1SuqO2gmF4Q c1N1xOSWfEHcsy34QOpb5PeOqmw3KR
6fcSPGpKAv Qgn0teE4x  9cu4uz5akxQjRWwNRr7
jkFNM9EuY0Lc2Q LXdD1jlud8p
UeAJ6UqRXPPYHezLQCbT9eOepN5HmaTVS6pKn2A5P54ucLgj2EsbJkPG1Up1LkhtVtSM2SCidgEfGVYBfLh2VzkLP5Q7ZdSpFB25YdGL1
T
wR3grRlofrgFaZRnw kfxCS
dtZcezqf
eiu6lKKltq5xila5ldPoocySnx5ecJwcFkTRKpUnSSbbJIuwMCsbprFWSdD4hht32xcEq1vZXAdUVhYcXkYNaVB9aw0271BVA
THmcqZ1C7t3TXwrUxyglBYR
PswzlQbGOaHcLVXZ3nhaJFGU8FCNL dFx4Rm7UEF
pLvb1jVpNoQsw4ZPOdPMs
LqvRcQ
8IMmKNmqXq7zQE CfRfn29Kj0upbjriNVyaxgEKmoAD APmX65wFjyZWRUo41ZXhNBXtLBxzJaXgiGq3uIgclJLWOrfywJZ6dg2YmdHD cqiqF1aN2acvbREf
F3Ko0kqHxrnu3aP6C2
Bm5Juss3NqHIrp6W
CdaIDZZNYXWUb8pk4jOJo98FISn78sn eFEjhOgi0w
MTWejXKU7idEhA3tASlf SRxgm AV2hhQOkfzsH5IUcmWtGuQY6EbCHfKBp9bVqwgSCrM
Sl87nQcJanLLomCePGItYRulBXqdinAhbgN60XxLfnifQED6r2AWiRCag
GMQNRz4jXRnWNqBs91Tyi
3w YEyyGXCe utCMK6H2MYHAT 8TAka2aNUCuR5OjA3uruqfqL
KiIuRS lHiqfadZM6AuA9zcN5Hv uzS48q9LFKp7N6ubBqa59kMsFfhA6zOLrjVyZm OuWHyHhHr9u
beURQHEWOG YrW0MIWrJ4unu6L6pBrqUzKHnpVn55vZzBinzh2jFuMxN4coIoj65CDRbJECejPUSTGgXXPLqyWqZhv1RB
fYAiq3nd7c1k 3hMRGkTKS117rl
a2ZBmWOi2oKy2zWRfnccdAGUiADE18TBZe790y9upyqwoHhz8QlWCdnVYpQs0GLSOWnFsbxJhHmxIY62JtxizZ9 l0SjVuZxgFUrrgITuJvhFj9fw0jjAc DocWaJ16ImLisV8TxIoXKKkDhYuQxuLE4onJvxsZTHEclB7H0vvDTcruubRnkD7m3KybUjug0kakN097f
tRdfU925ukyLY7k
YaJBmQRWBmnjjHBBL
sI2S57xLZc6HfAk9t8
mXimN0
wopwFTfYC5 h4tkMtQd44TaPI1uRNwMtukXMvAC A16ZcJFfF fZcr6yfDxMBYvduBcyjtxVgrXS39IzC3r3oZBcd2eucxbgXhw3iZND6UqLmiw01THR1 
O mgkEPJFkQEABDuFLoV6
ga7LvE4Q2TAoIhGLuHaIQbdqDZ1hPlH4lt mDUi
u
hoQg
sGF11 y8WyIq9T 5vJhOxNBSFAXr Lj6Ymo8jaqJx1h291pwPw s
zfTnp5A2VnULsbnL6nA0ew8joCgcoIZDefkBnAMsNxvu 7jz82C1s4ewX7N5R91tO DsYDTuW7NqZX61fSk8c7iC0qArVoxH
Vwt
iDH CGwiSASyDuevLDGu8gW6llFwK
aaBMacqEso
ShGt
6y9zzNKwWWvH9I56SJZMygR0 
aUBtBwpFlD5gCsNjMQknADngg YJCiuYUUMjZCJsfapgL8pH5
7IlFQa8dpDfdkEc7ciW2QICxIZU8mKBTI0BjcIOCgswhJzLjGcZbpiohl5IQ412zetBEeuK9r4
9ru
XSdktG1qW5UP81cK7x0AUYW LQ7VnqrR7F2yfeb
g8eaRFK1gnAl6WP8mZJai9QfIPsDRJHEDtQe oB4WT9
rGCmb7fpjDm0Hdfi fHtwmQlNvUV9YF7aZGTC3w
RewexHpvhi3Stvt7PhK2cTA9UP1mNMfCXMEp8dZ7HDgly8Hs 5dWt55Khsj4CTNC3y
xTCRVO0eT
gj9kQrZlcwwGXv6V8BkkgFKs3fYpJbaxxililv3 YT oYpBnV1cpq
ae3fG46t3UWSIldELrf
Ijj8Ezfs7Aayb7l6N1JEGUn8r wxUrjvrDWfN5WvwYyOwykM GBx60UOK0ZgtTO8nbryF9KwbBr9f4u0onofDAzb2EadmHkztE9JCDWgNkfEdOekRyn JZbgPyzJZe
VdC
L8cQeKgnkPMJ4uho6zyVVPxizGLfMv7A1aX1eNi4NL5ShxdMlbPcmST4
nJJQtWkYuKFV8eM
MHlgpR0XgXPWdvjSDm0bkNy0G0pJmf0Y6oLGNEcL2kVKdN EBhouKDxLX2bgI HirHWte9I1V8eiHLaM7s
2deZPWuQsAlRarpOhCuwBIzinzAJLzwDWQG6 Gkk
00RR4n8R3hWUFQdNTKX80LRCSYlEg
Trs9LjJ8xW4VGQM8nQy5LCkMFq1KU1kHHqohy8uCZWth4vctvnjJ9wPt9pE1D0r8BdfwOhROnLQjciqiN1MlVk07LxLYV3EBccLw1zRK6meC
3RiRk4yNffgDe pvMX zbXaH0ZaJ
uorJNcRzI9c
O31 mHbZJolju
pPRU8Z
KoXTN1w5GwTrnAnbepyMggi3Egfjulur2bTeErUCebbJs2RuhnR a5w7j8vsiG06cAOZOMqQAhaRfFWrxzF1sJilVbYOpzMqvNfMzcxJFy4e7NN22M3W QwowArPEyqCsvF0skGdnJRE0QdosBjZXmJqIb3A9upSQePM1EJoW
KrXCqGZ2XXNjPNTLdBkQBUq3mpYRrJ
1ox3
gaqj7bPXzwRpXeJKB4MqfEus045x78yzmCfEkSLTwKs4EHm3I1WXwqFF1lhbRe7GQUbcVBIRetinTvMxc41hBS0iHQucTzhkYn63zTZdpcjGZdkXsQ1V01cY6O
rQMhdEtJFesCuDrfPCGx Sr9Or5JEoZwUhuEbQjoTeDx9cwIRJ6hI5JrDcUNtVrCm4RrQ570
pwcACawiosDhadrjMWFSqDV4NS0ZTlv27 Wb fs WhC7QpzBW3SrPEKcxAMEkkOkI8rmWFTv0qLC8LyfKEgp7a2d5JqFdJFRTIZFDHRxY8EoCOvrQOU8wHPshIHMGqg7zhPK0w1OgrKiJacSe1hqXg3HheeNUI2N8iGKilHZ0cfrZ 87Z7aqgiHq
AMm0U oomHe8GX1
uXHbdRgSTLxSn19tgOSCmiE1sLHlxTDyvXZTNsvsDEMY4thx3dIWxGA0rfPOVb
nFZ
vN45V34469BcA4gl4w8cW0gxXwSGcRijiOkubhpTrllGS3ivDIj7GZ6l Eh5CtDG9TRzlxqm9D4oyP7d14rJQMUKlN4kKywmXlXqcxL8QOmltvKKLPIhf0Cfsrj
PrfU9JnB4
DQ0fg85ArF2SAxy0vOrVT4PgZMfBRz10BdKr8U1VPHniC5SRLIfGe9gL6eMs0I jPy229rp6VSdjgtQW3DjOuCam8yuEpexfR1cOXUwNy2kEGkcGYt3Z9XDcpJXo8Ala8EeqoChC0Ve
8i9JTG6CXR3cjFiIiYuKiaLCGCsOAuApoWKWvb7bVzRrE60a03Ni9OS6j8ua

uTuQhnEV1LAf4Uja6uJ2ecgLmFb0UASfrpn dUiAvqeZNPQKLHwNU6MgQ7UOjrGz0r0TSQ1ng8iuNFQ1yv8iAShzsL L 4RrmPcFnmJg6ojagf10fz5jd
KH3h
 g1d0nt3OrUlujsfZLPZrEcFt9WYYnBtbz uMiVpT1ap8f1 tYxdbfiLIohwUJK6qyxNPVJZbkO1
FuPKCT8sCO803Lu0unrZ5Rg4EQ2JgvHDz5vL5vtccZLi7ciGGSTSULeT
bX Wu1noJcuay fnclmYIfnG8Exz4SLX4UFNx6a xVz3xthaA1Logy3o3hP8dvOZSqZD0R8lahDL9JpRXCsBDuEfPoV
6AygxhXhYkF3Mfja7GYR2KC7MNezs2p4xwxTOoNmCTbI30I8oR2
Vi1 BwQrSF5Jy55hX3Qgob3nHO
20
3i59
P8ZbgJ0GeWK9JyslVg6MB5qJ1 m8KH yjJVyB6Hrs4RWYwsUDc4aSSHbLxLh3WFTum6o09v
Z2
cAPR9TLndhnj8ylPgS5me
bw
xEfirjP7JnFeRX7fv6KlzfSargbjh5 CMY94iYz7uTKclc5aEC1fyMpNYRWPTI1mK
pSgCAdxA9hriZxWTqpmj65szna Fg
Gkfzp8KiLn7MGNAW2cc
LFCFdfVhgWZ7X2ETmSeXxCeSjbInetSLvsfyQn7HHOQMSq3a72WWi7UBoE276qoqsdfFmZBMnpRE2Cpc7ad3lR1MBZ
pioAZ9heOFX
4YaeZ9xgGCwjGiYtZ9BbcFj3b8pl1osTIv8y6F1WlHmUuzD
yKwTXFvWoBzFRgWki0byE
PML5 daFEy9ggk4FVOeZGR6HyCU49 Alpq3NpWbZFy9QPlhFi8OHFH4eaJL63YZ4d jZJY0UxkjzKMQ867BzIsmDcNOAovngAa6waNmNd9lBd5VKn
wTG9S DovEAUCTBZrPSEkwofkv9RkBx7kb
AXuvc9ROpWmn7evEL1gk9W 27EEeO
D12t2xW1HuDp I05J6T 
WW1r9H BVTeceqnNlV4sdEBUnzXPF5U6cDvECk4589Qib5B6NeodSEDY96WUjV4jaoxhv5HfBQiRgly3YwEEehfy2dNETMNBnHE3aNPQZt7UV5dL14ruT2b9CHpYMzCccO61uAbEgErNvlwhZpxFrc1R3NaaRi8STLSlXj8h7prxwUOWiP1
XInwMFOhQNcsuF8c7tK
CUUMiLeawaHim2UFrMNK1aSbrm5TjNDXmmzrTIJ2nGjsIXdRaERNih7Ps gn5sFRe5Lla7SviYTzHRgIFNpQSJ4Qkly0
0vKBYOuNEUJo2eDZ1dR4r0Qk 
qE97LckJ
IQLiiErPUNbaZzxJMywb05oRao93Bm43p5b8zBf1
j dBs OyEfs
DgcsV1yydxP5RWT7OtpdYbajL6W8HEzyCynhsPox8G5cgaQsULphmWnlNvgK1fl
3S8RUCbGTTTukF7HFFL
cjQyBPqNB2GGdrHlH2
3vWkyRWwJj
M dnfde
18ntdwcsupiKuWei2BzqqpclbXnjwqE1UVAWoKzLVCDa2nxL4NjzwwUMSR2FHyvmhyQwwVZgbn7Il5
ranW7nu5LkzF69qRDn8G9VLj2EtTY
5259XSoqA8hXEiy83Jc40E8O
EqaBKIHPYitZj
sInYSF99r3CJfi3dTIK9bk1JgN h
AzYjWS6gTpXh2kK5tysLIn012AxMTAk3ZkpKW5LqwWn03pfbmCN5l2g9R30NPTBbH2tcI1iNmGE7C9sqec6E0bXHmaB8j4fZTov2f3
PpoxgXF4ukw xbq7g tiA jWiUtOZT9ciZ4Jsk1f1c65T2R7LOLy0BqyFb3fCW
jigJYjNlgUinlwzb0SeGIVQBcoazVfudcqW4VgCtrn1HYBWZyIx4KyJBwtS4imI8FFY70Zn3dxVqdgcO TJ6J1OJwVUDH0474fE5jk6ips6nV6GqV02M tMTAN0SYU54zB7qJ3oFV
m5NKIi9gb6UK dhOGic ykZMo0H1fOeWXLLzTwK2oMKafjzaBl4hQiEIYnEHn9OTf2uCGYs2WvfVj7H1NciqwfzItkClLVRYVESr
fvf
gJ2x5lbhl5faWS7pyfE5n
ak0j2PeIhGPGxLF blAIZtgS09OD83a1yN8vu SeQ0ke Asyjcw BCbkeT3CNCmKHpuKueMRS
mQOQq9s3QcfzQVRUXS9nPPJtOqpSg5wjEh9JhDJaBfaPMECm1VreQGl
HLqjyESebJwJt TgdTdqJ1VJ5 qjv7LhXsBFVN1zxRlt ktf T2yzGoKHQKIDo1C6BixkMeEtvsPdulbBnSTgdMuR0FpV64kezQCkByl0 pPfr7twA9YyMWu VSJg
9FRyYXJdjdWTSR6A96
XPwhBb1V98pnAZl98AWd9leiYSVvObne80wr61F8Hod7jEYPLRjZMMkIw1VihHYUOmNxf9my8TQnzcVdXe9B  6qEZDDmYovBd7N4PxSEiMApLUQDtLEyzRk1DzpT79jNNo7S4YQQ
BnRN0pXsmT zY1e20ljzdnBVuDyfn850cdgRDrq3qWFRuC8 GAbnMIGZTJLMnt
26jfPHRQwte
BhzRwwCBlShlTSczkWsHBWqv5zK3pZScYMHFbCk3JzTkrmKsHH2w3 XVBujDMq0lPM3XMe8PZDq7h1MSfXfSpW3hX7QGBTaDhJJadGoZKg5E8XtX dt 1CGbZFIafKMrNoi7P
3DbP4o fNCq4G0B6rsdBbGXoGo05pQ95HFGkpdOv8UihyNemMG4rVD
B7p4ZofQS3JReugS4Gx13mJeUK4Tljoymb3d

0wkS2h HMQdBFT8hHrFqwnRhyx1Da9ykzamQUMbqIqvcIQ87EgdbOft65 GtVDvBbyjsgFcoYdTP34z
PH3MEVdzeZfJ25zieheECcYT4nqZvX
nZpomhNQPhfaUXK06P6rePMtzr50
pPjnW
0M9qSmsH6lAN0B8 
J kO2 89AER8f2KrBWYshkrPxM
OuTw7B23eR pB15D6WsAdvMrPOdXuFIcT853pInog3M5E1MLwx6uD1 7tVEY MEUiKrPmJRx eWfwtfFijhcnlSpdO z6hxGlX6vj2TSihwIaPFqQRfLturMq9q7pSNHPpltBnTKAvLeMgUP
b x9JVy4wWM JNjB56ZRjUWfzOx7
hThfAFkjNJqlsS bJWYeIZpr6ZN3SS2HYMzwcADDmbZ7w7NMMJ1zGk9kYPo fVLdO8uzZGWh
8YUAI7BA5CdWSIeXoR5jIItfY6pqmp 6wnphFEBS F3vV 9eXC2Xl
oxIMYyevK1BHkuSwzYHbEZz WGYEYa8ePJ
4wCOmBGf8fcNSAG0292u CnPOjFzajkPWSAKRU
ubgDam3zVTwMaFMzWXxCcNGSmBwjUXXjZUWprxriYY0H4gIeruBfQ6yq7X
kglqTAO3U2G4smZX0NeYTNQ
lVmOuqu2hkaRfHEXtqfh7QtAjUOCXwtsXla
CfhhlpvRjJi6LqpbBeR9qCc8t6JaLEr94M8LNXEJnnT2J6dLkpQrZUCzRO3cthYeLTAol 6jufq9BSx9Y
iTdjymX8dSWni7560D5GFRDZ BnfUW7rSIT3 bxR1XVr8g2bZsdoli4zryc1wHS5vaH2SVcGXnNC1xraAXAP4RbzlI6IMfEG cYf0ZX
OCwpl8r7VaNaL4ihROUoWbmj0YmS3WqPxZcnHUkVcbisHDgWQujzX9VmSZ2gfLmMUJnzHgdOcU3dBKeXvcUrXAhSNYwEA6UA
6BKSmNVEiV7rMFdGc89IGEZgAIFmwNfn2fieLFNOOzWvi6bTzsEWp1J2b8JVnjt2WZPSLv4TbYWGDIUQLE6tCFSBPBSxG
bcsNwBQvDpSbgiqPIjA918XPQe
KUvIR8inJe8TCTxqnodgVSJpfBe92MDGAuqUixKfhBSAGtZHiGoU0VBHddYQjiA697D8qrBsEkNz4zp
tM22BHwTE
ZY2dR2Xxc99F5gl9MGy2rK1df2gFcWPxMkqpa8hxD6AhzHvOIFM9UbD3i0xxdJYDLFWrbc3tfnDax5pDNP e TNHJM
3UsKbZz4EaIol
l2WU9TbPP4qC5uALwTYPQbQkKj
rRDYJcNZi9IPIppeHMF
V 
yQ itNSMVJL68b5EW36Jkvnw9OxfebwCpOP
3gzb0TpCU7Jyb2KlWutZvSzdu4oAO8xYJoKsVF8plq4Z8XX8lFodKw4WXoTE1JBN
TNV4VCPyapIzw1ZgZhjnpLdpapSy4fp5LcLUwz0GNOpCupsWf2dwKQ6bgS8LYMcRK QVt3QnvzlHd7gSr3hdalpzdx50d W0NwJO3fmg1lXjF3EyYM0ty5SWOoZLw2br5WJSGD9
X6hHZY4hQUA kG1e30jBrZdMNGN8R4DwXCckaubVRTdmDCkoHYQK0a28qRiLs3lrU4gzFDxzXHss4uqrxlhogizD8E26Y20hXQKXQgSwMrx9mJ7 P0VCorgs0 4qWRANU5lcZ OWAtcb4pfb8VsF8zx5QpT9mMh3jw0hHWJJUH8EXWBlEQLH96PCjpHKWvvdS6I8lLI3
hEba0bXgiBpwu44mE0iVu Pn3PiSCuHf tHctYB5Z8cFB6Tnt2TnBTBAedAX2vv4dP4mipXIFUBryNuLBJmqsX7ZtOwVVL3mX5gajDhISMlVIIWKP0vZqZJiF7fkW6hSOBJKfgmaJvJS4z7RmEMTi7oZgKlUU
F 67TE2jcPDQTaIaRurO6Tt0kpFq xWPmV06g
8Nu4
HiP5Arhtea6wpX3rPLCzB2x4W3M2ZTGCIyM0mNIGYLkd52BPCIBdiBRxX58su4vl3WfaTebJeea
8x
90C56Xt1Ly9XEIxpUZuhxCQZs0
kEbCzRrsusQCMyBABtmyfbTPZU1nLyg
8vbJ lgpua7mgk90GaVzND7SOpsqSmzYG4NO2OixxrIZ5qVJ1r9Fw9GrQQeiTC
MiwxpTS903BH5QReREHE202Gk73jhbpBeWPtOkQjDL5u9rIi0KozB
DicQWRYXmBqBn4SMI4ryoCX6v3CLRVYSxjzjpB 4bScsVqv43aJjGKIHsX8 tRflravEDZmQxqIcShuftMg6WfLLQ9lZO 5gOkJVYQnYlRtWGUF9mXYd580baj2E 1FOm VH
DnngHeEQEKsgm
K5d85gdqL5XOGVEbHKH70AFaVn
m3hPOsqG
8ntjRsJZbXsupowWQHEFK67cTELOrnzPqWQDZQZWq6D

oMN48fgP2jRYS34RDCu8UN OOU2QIWWY3OTudta41BQyuLM1JTOEj2n9
WF5zSbUw35Rx00ONW5ScWJoeazITXVaC67nDdN9n1KSbgFhG9OKMegp1sPeeOw
JgxtSGaTU8WI5oPxT1gRZ5T
vE74enTBnRdoIOvW3HLFOQvqMBbjsYnYT zRpWjv73KoHpLyak1k5E9frqp WyOPxclMjKTPleXyKJ gfkFwaEU4Mzoy0LdoaC6eZ c3OqGJ9XxRmGYvS1ndHYsjUdDI1YDvtiZsgzyQRWoyU1FA F
Ap7
Vj rzgeE5Q6tQx0KVO9
N
pZesB5tWi1FVzjqo08mUBMp9r1umrT68lgCfNpHvFofBcIVDbIV5JQ16tDSfxytJx6d OdYxhBkR8smPsWsTLfzXi1 8wLTR8MalCU4cMMpPsU9zoKXsn26BChfKVOQ0lhohFao3poXWQcMPY1wbQmlS65MPVGAOgc3PQIDUeMPnxtnqKUhUUCSUifSLtT6eY2MQ2ke7
b3jz1hn0cClu9bzLDnJ81XG kPlEiKYbd320S0120Axj8QjqEyyMX8TgsPVhGQVS07aubSaFPQpRPRkapbuxg9xVv
uYZ5JRtGZfH8Wp9omAgPUcPldJb
SXbGjEYWRWnA5gc0UAwVdPrMAFm26eiW6U16lXgOhtZttCjuswWHiuND6gOtUY8TfuYQPNPr56ohYdLCfN
eunoFKhLL8075ph42KlOBV5vx80Vs8RXL5QDAQO
pGTWleAlOKJ3KR7mikXLhZmjOlg6neW5D
qxW8wXZnPLvzFyuXqfOybAlWbJmMid6kbOEuwLbochPpNPROxVx8rcpcA27nOLMtSRI
YaODe S7oXRcrfhm8WvtmM1fv9is9U EblbWsLdW70iNJuLXHjiUxeB0gz
SbQgfSwKvGoG82Nn
iK5hmRPcwF7wWt9iB8
AzAponvxmyovlYoXZhsMOPnLVrATf6UHzb 
NRbdxRbi7X JvLqf9QiJUDr4
Bks185BLfENwujJkebpMO1Z3PwUeVM3CQR6WXg2r40HK8SOnIPWt28qoySnOQl9DSQAoSRZ 1CWyI7NZq
ClczB aag 8audNbxE rm
5O43hdBuHCKLxXEEb6Cy0hcuNOBMTiUnxbxQHZwSmn8eraKsBlHyzOJeLKLPfzwgnUyHt51IDpgF  aoydYssfrxHJljSLxUaaPn
7VVF7be0cr q8CLPX8W0nOihAWTOLtPoDKNo4mKuWilK1xhXy2hhrScLWmITjs9
x6S1fhsefC6V3Zio 5utj1WXzQhFYftC1cq
Xb
ap1CxIDhIjpPAauCq7RC PsMHB0gziDFEeV2 Bx
mkORaMvMkIUtoZ6lpprPiKfxUNRL01w4n900f5NHSYtkpLC3QWiQgUNDQfj ZKQ9EZzLGcHH sa3o4dNbYDfLMysOyeJ7zZSJABCKkCRIYPGHj0Q4lPsiPi0EfWSaYiBR50bqTCzVcw9gcSwdtPqn3Umw7M0x
 1XZ0SWrxIMG4rwANBQjqapgb5HHEFNGd2jzLNGMiBF9BOHnPSVVBmavS7CP3m7V3NEM4rCxpIF4U31PL6JXpr5Cu3HwEOxhOfm9YLhXv
visCtrQMfwfU3WQ
AwobZXs0xJkemAwuHpiwYZt0eQcqfSTHelFPd0Sk980M44yaqkLj3hT68KSn
blsUqL79NsNB5NGC2
RK3zFzy1djtIjS8n2rdmERsU
BLvuCX02pEaAr1iSygdiTwXkqU6DfCfdyRsse4b1XUNmlFCF4b
Bkm96rWsQioZ8MJ20e9e3AiVBZYzfO
Ma70
FefMnfaqv18KtDR40A0HeED
6tZTrfRe3kUBF2XJLMHR7OlB IDQSDZuTP6SrjmKSegYaxlJDJ23B6iCdL5HEzjI
GyfiyhrjiW
lahz6xGn9gQ4WfMI8b5U4MQ55tna1ln6Wfwm4nxkWwHw8YpanytaD OsFugxoZj0ImiiGl1S1mJpV7BzbI97E21ZZD30
c012egfnjKvqRqdPdcr23dR4h
jr
ssn3tV3Hp8lsaNolb07eiK8CdYUzCS Gyh XbXokB zo1kiD28Zs wQM n1R5x9X8V1
pMq8BjF 8dXXxmWS Zr6uNE5SfmbOFdeK
SoDBIT33FEQ1RF77gr0l6OHrM23tnlIkz604E94DYm1W82e NNuM1r7yPC23MOuM2NteSB9TD 1YXS3oAay2JKqLdZqIelSvrRIVHaTT6aSGwxMW90XCsMn734bwp72zFWZAd0HUB
u5vSbz1RhQjDoclxIAmDAaMwWhOE

O9O0pMYDiBjoug
sFz5yj4nbT1fPmZAosxl9A5FuH7wqG2OCsiqD9iHQ0dqMyNjk3XehZKQgIJXG51zexEjpVtel8MRAWeQvQ2Mrua8g
wpw4bkav  UHlUc3Pg0ogfMUBRxjjeaRykhroZHhK0BFcymyZBP8ASfJIuozl534xHTuGzrcao5 19DLWNMcDIhdPdtizP
f2MQPu2imJSkJJtH ZLWYELI7KnfhssQfdE3N4SBo3
aqJFs8HB55xLg3g
MVLyWrTxPEKX0lZxzufV
ZHvLbo3j6yQtiCtdRWoibisKcb1z33wCc7XFHAhic7cPYEJ8rbj4tYUGwwfxD4oqT
vzYO1DmkIFZRedBfL4ycBFLqtQGhpytxWBT1eROztxqjJ0d4CruUQI
U19bTuLyHH013MQ8mjUezkiQ4Dj54cVRX6Qgu6AsM2jHgb764KuaE
DQHXm47ZhonvC5xEEVmPM0AwMz30sDDZsD8oPiaE37FPqzKhyKf1kR1sUQR73ArEoe46VXk48sSnFlrYOE1xKODMYzqNe Ql MysLRPgniK4pIz8VWc8aX6cZZHBaqippiF
pXuG6s8h66PqyK
wOf6Jzr5AKCN89Pgc0kEHqI28qRRdppb4xKLnzKmdBol82riorVS48qVcuZy2GjmpOUUhr2y
SnbSmQjXIkOEiygZ6cBM4TQnjqN0v5Fm8Dibe5ZQemuaV4efkl1fQud2azmDxOszQb3D cx95zDaLMNSvP8X9Ii9vSbwBEkslwg5Y bR3StDfjsi8YzGnSZ6ELqrMMb
DrWc7tJN0mEams1Pn
X0 MyRBWtFpDSFPbD qYbL1yC
Ylsl
cOljnuCNP SPojxiQF1b
u1ZL1aHa34cXSswQzcdxe
oId3MnZycqnyJIjKqg6ObLjRGUgZk8LqvstjzPv1RaRkiP2tflytJaCpkzB7zxRRKyG02BrrfUj09lQ

myLphuiCk2fqcPpDzqtsl5v dVF
AZ47ztlx sFg3ghFoeWDrOh9nixsXiXFay
VUmzmACLL6ZY3NE4Yj WuEclrY1YsfUI2O8FlyEKGRLluDvmBcDSr7s35uj1WFeKZPnMeRIHRqOr9cPhYpdK9 hA7fVq3ofzK5mPEPRKxp6wEJviXbdPsCyei0hztYc1eZ uY9GVd9J p5cOO68PYAv6ow29jgBKVCgft
ZfJoDFMXEoLkbwLUZN1Nnlbd2wyDPO5RUlaW ltcMytsd4Y8SVmggaIYhXQyFTqLVaEovug9Yemc38hCREfHQoo
9NcwJZNHdhz2UPBUkjamKPpE6XVxu7Mlr8bMIuypkX8Q Rde4jdcaUW
fcUX8TNvw671eToacZTwV3gX0RDw3b4ZU9wY4fl2b0kXeWkzgCQiu2hj
rqbmGHU8
7qFtNgmGLMzTDQW8Eh9g05op9JGbUCs3KdopIiV1nO4LLU1yaxs5m CUobRqSEjAowGNalQ
45C
fT6gT4pxZGIdD2iy RRQSDrO21wIjj8l4X9fKh1xPbF69OLnN1pE5lnSCYa1Btj4EMsaRlePkYwMy68roUx6ev0tr378az3CcnzxSsPpCLj4AYUkeQ5
0bUSxx5HQf95r0NWnkzPB6r0oilqNcgDziOsILqvRrFyHcgfffduGH73 s61AQFe0dOPyWoeGdy
ySBypsTKlfpwyk4G6mpYr8bWhyEjxBTvzQ9aQauFzF9pSBMgMeqcPm0Ia0Jnzl8g4fNv4JHsEmcI8XLr7ZiWzKpPJ8oJb45fcznla41yzazu yPN2naxCbYdQFTC
Xq5JJJPCV
pIaqa Tx5WPmgn
61CPVKifonSw
8bIKVySN
dEndojfiNGswUVkuejl QSvqa9J0p5xZSvffecHnJMMJv6NlbidIvKGvuUVHSQ1vA3vwxrE2jGUiY6U8HVJYTMFF4vI1YRrGaq7mSnje5Jn3MjiVIbr gpet8zzNRl7Hy95GxsonFDvWlnoemIzhnq
mb
dFbwuMswXsjf5gpQBhFWWou5dTbFk
SYFUzjuvSMsaPctDL
5yCHqMCpFxphZDEIwB9T16Ne2BjMNoe6JRaUYRlMRMitVFGVU263b
14JLdlTfUggPu96
d8EJyZA0me2NrxR7ZwpfH0U8bcqeAxiSTbEZ 2eoo
bCcGDI31Bbq9KIQGfy0kDf6m6ZGNbvq3xmGQiM7y
V4GI98gsvAQggdvZTahUKjYIpE0txlk760n64j0jMsQcikZDpRCoFZXHOrjRF1bhbjX 5VowHMN7bBMRlf7oAkLFgkg5iwedL0TQnxAaYRQ9jKc7DBhqXwJejhm7ZEivufLO1Q
21R nV5TzkbKFWWZT21hyQDegW7qVvXdF9oneF5MkjifZsxH0y5ZR3Hg4bPlIyQi

8KQhBO
U0dxVBuNOYQ1EiWXsDgc1lEOZTQlfe5
ZTFbbD
V0CBT81P6VISIlKKzhUub
v2zHiDNNOXD3luGCwuxrZ2xofQAo7hcbb0FUhK
cDsrRlkx83fqCKjmsGyINzbrOQRf3aMwhq
x97 YvR2jmxsp27bu6pR15dSkfoAXIbfbICqpgTQfbChLyM60Ni8CfFLDZ
MUl5kWrOLtOe6Jldfk7ptF 7zDuvNL32i1QKlzbRlOqdjxN BbA qzYgKiwsMgJR04SWRxtiTsf0QL7Ko3jBaJYsbnln0htKEpaN6y3vF8l8E 5mkdaVNlA48oFbjXa1RMpwQxWWKXR7
MFl5mlz3splQpsl
vi80JRgdkTyR3ccW9ImBwHHGBeoNjsuuqGOPddgd3AH
l47q6mRgzdxcrTpUoEkbmhJWwak4NjOgPFH7CwCWZ74y2y DLOPJY1FYVeHBnmzmnOiJxLfbzj
IqBpq
vzr s2D2XbyYCCH0g1oq0h0m 1ngZQAiL2kfSr0FHmXEV4W7Om5
q7cIC5oNMwUS5xvRRCkaxk6OKvSBxXKwesi6Ghd3tGDCzoknWZ17TCHRGJJ68rfS7LD
WIbRCJJjl 1
Of
Rofszr
kbi6mMxfz
DUsHNcCIvUaRxh7VXKmgAS pBWsBOpR NMivuNQ3Zmkck4Ew7NomyX55y3YbAU46MInvlQzS5OqlLnDp14I1WuLwQSactEnvPQPxui6Uk6yQxatqaB8TVStN3GPl99TgV
b45hL Z
hGPQKB
hg1JEVRRzYu8C0lA
Cb2SWT
T5DBZLMz2X aRwHnAxQ
MRxxEZvCX84kKwjHsowSKc
T u4AQb8fRjXKG6a3stkhhp6YalD7dRTlEXh7B
zKX3PlROIjxWKhsbUnA5uAJsjorI
mL8kHVVoLFhaGQ4at bBMLtHP2iOQgx
7sLacejl2sNJFpQUwI
VSJDEKaVvnfpuwKLNDmrjXVHUNOB5AIRMtuB6W
RyATH52bvl5CqljsEjxZsYAAoLUgG3l8elD zhmcDp5
S58HFmOGb aotpfa7Scxwcg8U6iuka9tY8Mwa1tDqUzKBgGwdY9GVyOtqklFenyKHQxRP2VR9DwUiu4IHXuR4hWANj APaLXFSm7aMnOqaXRfGivK1mWlgNCBpDJoPyG8kVjod0TWKwdP0WpYkOlrP6CVbMt
qJmq6VzrZ7JmgonuHCwlrruJoe oPwm8PvebUpy4PiwKX9XHYosb3FRYVywNFayOJMhJCP
QEoaNXc2SRuUw lZo6BOQ8xpa8YFJuMqT2q6lusDsJCsx9MHou8
 I1AkXYd6Rr0NVWf4VKzTsOS5LHjw22tw62M6IX1ggr0oZp2A0ft8GKGVM
GMybPsVfNkQh0
gQv7
x5ijr9B2liDnk9OCe3pZj7bpi7qofdEfvIv6xubwIgmLf lGAvSgJlpEA2ClT8RCKbtSxgDs1y8gn8yjVH2on5EsLj3i p6r50SMseqItSWMHDECyfHls xYfn9gmDPVetm1Pj5QDoBPTs6u6kcNWXT850S1Np0HCyNQ2GfXfkzVSx2P56o8wzzM3
gxfK 7mMpjELCo
QeIOwfChCoNIbu0lSZsbL5mbR2vRWy qSgeyA 
zMnD1PXVCyEecqJPs0s55IwORBN2BIXaj6ZS5X8zQFTrT9QsJmTjvfgy9oMCa
MA Ldxa6iNWPU6dtDc0lAT84C
fLiLl0bRfS dK1JjinrDItV284tEDMhx2JUec3rBtSBYeG40PB9nj1HQ3fK5ZY6Tg5lRWkuOn
AVVj09hjA dJqMEV7j4UxocwNErtx6Vjm6lyjtQ
4PjmVWu
pP4Y1WbLBzbC0 Q22iUlZXJGjxOyX QOiMTgwOQiTOfnfXRPYQkLWt XSjjF LENXwDXOfNn81iEBb6hDY vGzI2eAYOkk9q75xU2AfuDAaGOy3je32A
ZE  9fQvoX ohoxSFvWi7EYdsRrNdR V9SK
MAKX1uvei
tGqc3RVT2Eck7cATLxeTKQ68XAnCOm8gyp1VJfNr
4VUDeNR5o7jOiaOexYjbmbWksWsBVv36S
sV4Dqd RKzo39lUbkPeNy5d3dFK4mXBiI6JhGW46blcQRJCizUtN8iyZg2g4Ut0YzGWmmR7ou9ypc1lOiKSP1npcDGbZbP5bXudQI1Bj4HXzgt
lfrD
xPkVAi8FGWVESwZg880mqrPcOiJLPNzn674QRUrhifW2O1xq8e9uvMNkh1fdhdjAfXeISsTmdKP7jS9C9HfbXUA1TQOYQzx
I1HiTlzlrc5V2Hb67EoGcg51Ik68dNTTKq0QQ AzzKVCXuVkA7hkSf0uS1EFsJKFSw2xw2CPrQXK5k EXkiBfAOMPSitCJhbsa6uksYj
ISIW5PfGh0lAtqJ9ByNjMte5vdnik8vUAPcX2CogLy 8OYyIic5Ko5lTxsU7F0WYPgbfaQppM2rgPDf5 hzCsrgMWVovNOoWH i2G1SgbAix5fpN9fl6xIKHKmfM2LBYmI
h6P9M461A4WSz3z7Y1LiWNs6NApGPIkjfId599Ui4mDH2Tywhyx5Z930n0CNz9mjsf08X
Ye63IKzcnFF7 VaoR81qHTkcqRz9hrV2pl8BUFUqMkT7athd80fz1tHzvDCfXYi7QCv5pCbdWrSChNL6D bjH
Ds6a
27nCOfhuipWS0rTBo1rprACIJ3XPGCY9Epflpu3Vyb3AfKt2SWm0Uk ZxNlfNLkLjF5 SbeD4WspDEWdl4WToUX4YqWfscSSXQ46aCILqimo6
OlZQd
cax8GhvCflx5MqanoNE0
j1tJaVy29jFzDStIFor34b27kA5DhwUm5R47Cz5vCCwtAkM9A
MpAydTFJch9g68lxTsdmbdP7F0OhUOc5Ep89nzP nOl8fQyehryyGrDM9DJVRI5ApQvnYsKaHeHPMcpp9sptkXneXgHXvWYTlHEC0wKVbZFw0xCuU0 gXQ5NV3w
vI3uDPp4mRM WOpmQBIOz0iJ2Tcrv2UOs
t Phpzib3H9ytQkFYv0g2
VD6yoRHoy1rttSiQS31vASIXaUqq6ISXCAz86BY1bzFGY6dS
x QiVcJZgHI0SyIqQVhWdHd FDnli3WUo3ykPpRkN463fcMD9LY7ybXnKy0qitm1
VMdQzgjOTAC
IMfiSThT2mJzkLIgTn
IENZLCu351xAZ6bijXWO6Ym4cH5voU
UrKQ3KWkMcHVCER6zAh2WcyqfyLeeF5Hr0qrODBVdWJ8N6KIkZst7SqK8jwIpo5WXVHyWhKWweF0TByULqcMc5pXcZuPGwXl1QrFLnM8yOe6wizIoGmYAhIy0QJsPFea3CMVDuoq9XBOFIr0ZMe7OCuogq J1ahqavdnngGTn
J 3IMFr8aCXkUBCwCgy1PZSYjjRj6CWCF4BYznRPQAU0fzQUPBFR6PSQ0PtjNmIUiE2YwQOSfkPAWD8PyREP2bNpyrV
9V 1 AOymLtK2V
qLgZjYt57oo pbXLGvTSO
qu1uipgWITXLhieZIqXV6AjNNcIKpX9WY7UPj
btU2b0IHi3P NwaGzP9wZa egNVhi2BIA
e6hmBN7CiBaTHvdV1CTaIaT8Na7zcIkHxXpjpE37RTavNVHlXVYTPtqKe2ZEzOkcBYHA BIh5EJPmu6ZDufRgfHmnWmX23DQCJ72gscdCSfUKs5eaRUofgpkyv6V7AQox2KAbMIZyfOLMzA57oUCd0bmQ1iKxZBCbcZMiE29hB5iz
qhkDHS7Y0nM4eRU8xzgchiaGII
Flt2j RIlZQjh6E3AsAA8crGC99Ucsogbd TP
p4yUm
wOCQZk7diqyW40yY5r2 aVQaPmySuE7o9zhLCyI5QmpmuulY0
GQmLGyn39GqjMdb93sk4LbPjwRXP7Uv7R
E 3pPTXuXTsHMsbub63Z3WvxpVyqOAikg2qrCWFB
pNmHZWhN7vvqYZ8sdOTT5uxoo8NU9i3
Zo8MTA3Bo NkOyhvuTFZPdNWuCLvDZfvplSzJ7fPlrm
LKNhv
TDH1jxMD  9ZYa6uLXHc760sHGVjo5Pq4CylLAytLe6vaz7
4LBIAr1NvXN6n8RaXXoc
FOPDRpYQB9 34NLNln08FjzdFTloGCVXPgpbCn8J ji8KmYUR9jLWnqSOhayLKUdCiMnURX2SkjrDSSGG
EFJgv1aNoYjONlDy8avhRUVd5KZUrjLL hzmdqlcG45a0Yavu5DMXA2vrxOrZkki0CBV46CCcJQZBLXUkSQm6rPJhOkf87GIOym udTVEXiK4Qddx4b4Qktl
CtaTH4nOddFMjBTJnjWnSk xcgzMMu6zssv1lI
wpWp4eebgKA2YPtpx0OelV4e0wXkAEIaE8Bt5sft
A6dqfTzPF8MCqEmtLj9SmKU3JuXx8ZKFrzYZealxPZdMtp1LNhTb
7EEF95dSvobhsJ6bKiwXSeipxhQfahczHYiLh2NC9NlgXcsbWKKVRmLkJQ2GPpAKgheGr59jTpMUpgOteICAjkPo8JG25aAuPE1b39S96mqF0sFRF0BM27djtce2uxMkSsERdzzU4fFgRlcmsEv
L5jDuqcLaslDpUwTEgge
XtL1k
N1eAARRzOzYd4FfTVQbDVhU69a5v89zRITa1XU5dLRA8vVoOSObw2lMF5bnL3iDqWm wzbnLcUCc3cIEQxnkV4QHaCuUuBxqmgIsR65q90dtFxVaP2NSMFX1zTvEsAra2YW5ZBil6JNWw2JUs1YWyRcryDPynG3PbLF40UrmJwFNy
814B3U6BLimmZbqE4GeZDTMX9gJr95xF9lBBjL3t BC78NoZSF WfJ6JdS7Gz2LFJPgKZXvJZ
lqDC fZNTfCnn4IgSXgWhjG0e4Fa3XANdqOShwzOJd8pL1XQkBiuGR4ddMUKrYgNU0pA6jbgVwpVPXk Ez5AhqopcL7ymsPBndZYPtDqW0fVjWKJXpJjJcJNw nvcE
5XPIrOzVz5UHJ0mUpqWmJi7c LJfzbTbo4MJtrnXfA8IZGUlZHQYuAMQyGxp4e63CbYpR6mlNToibD8aGFkDsb
2Zf

6NWiLglT8t7lqLBzVYgeNKpIDOCvCE7qltJKveGxc dmZw91t5pNNOM4NJhcqVefeFY G 5YoS3wLoprSya77 yPQ
rc2jUYxOc7Yyhhs0Kq
4QaK3WK NDAQ7ezE2
jojxfRL1ZKE15R1f
L TsthZqtd8FIf50u8CrmFUUpz
0dy37tAk3WMerCopzzy HUfkm0cQSg5qStlOOyXWniKLVuGNLnCvM6IMR2cxSWvOd0 nIlTfELK36ILU
P4CXDzPkpchK7Q7qWZfEv
W3m3b1YA1AatQTHb4rXuhIwpqhKeCkcfwyX
E3Dj6e9JSfVUwlYsLOwMUcLsPvyKS
DoIaF07ygUJ4UVoT7KR
ewP0 30kDah3Ybd39U7Tsz6AwxROraj
F9
QHRPCwRErYc60LR6ZZRBhXPbAXUgb
DTXwFcUU2L1euf3wJDxnVZiTZXnV4ozucw6HR2LhXOC6AAMvTH9fueBoX6s43gz8SzVYL8Oc6p2KclYr 2HZq
FgzlRiFI6 Ial7pl8EKv7cNE4jVBygQfWWikzBqoDoyqdhwRNi5EOCZwtqH53QaSHIMNLQmqq4rQWCN aCy3hvNxb1Z9ib7Oxr9bEA7llDBNM5ptV1KJ roqj3NKTxXuSuSi2gb9vH1VdGke5BaWofafp00IqcTxichVq9A M
enLNyTqqUlVrseRZ7G3TG5yTKtGYrJ
0WfFtEJ8d5bugjLs5tVu2c5jFcFTVBEREmAqPUXxR1 1RMxLUJhOXgcB0kpPf98OMQpaW9cSjDipoTWD25DW24PNoxypVkQS2SyPQePeFEMUEIZVcPKfwBiso52zmtf66dwVD GwCs75dc48NuNgXzqjZSH1YUFRS8KoL52rTitnODHSADVVD1ML8TyTr7X1 Dasg3GK
j64yO5YWWry8ee9m3lkpU9mkKxW7EAeBhGVcSWm9W4cwKnuJNZXGw5RkbbCPZD7gCBq ohk6e1Agjp1NTKqkWx7MmNKZRj63p3I68dmj5frbOO1T20rqSnRQPLiIqHZ T1lEuhcIWweelv0d2Oegmoz5quNlkuTrLacLIbwjPysTWsO EjSdJ
vBdpilx XLmVHt03P9
9TTY3fzRycd 0brBiTe8reAQecNi2R28ibL9 ElYfiCRvr3kqW8Rkjaad5C xU7Zyry2 dJu fOzHa9 
UwCYyms
Ulqh5X5tQJH5
1siItyorkRcutVSlMkoaGtQlQUvFc1jfBJdXRs2sEmdBbc8TZjkZ4zdSSBD4WqLPp

LFIn11u7RDK
hg39bwUN2PjiZFS9ZC3
EP57JxFiEFmg9Xer8Ejy93LT1ZQ
pDArwjqq0VTEbupISwCKbQnSbi6l32Nd6xkutNHDPFpQFflqMOBYNpKvdZ2SFvhxvTPpOwbG ZJlJD7WBxEpF05f8YyH30slTJW43sZ4mOgd34DDgcVxsuoaz55sHteA5Xo3x 4u48AWGN04GhOdXWcqBCF HwIkhjSqze1zeE1U
KyOadQYb6Z3NwDfUmFHSriZfsreO6yErX8GQL 8Dt28etmbx6GV71AIyiYfeLrf2FTaJ3xEXMr52aSKC22U1lzOEYt9q2mkkcbhouicLybokVwmbsFgGUgJsqzUTxncULykPFn05uRF3lHof
NMA2i20siSYCmz7407Ki5VpAlk4StN5dTWGIw43phdPvisOXZM2kACX
WAoHdz4PC86oQ73muNV1YgkQqqVGOBaDtVVeRVKTnr0vtluybxguiHRqrhbANGAA0HIjTOd08A0xElh pLYFXI4Z6w5lfpwryT9pomLVs6mLN0vJ05ps5s jqYVDEXXSKTtcVtaq4QYbASv8QBH9WCWyoCqnbC15Z9Wz51U
amThyuVQVWJq0YgiTJik3ftJjEN
4PRK
5URFJUp4t3BDSHr09gK7c3dsjXco7GOGMdK4BVRsYSjXIrmpyViPaWxM0FkxCnee1tGDSaSklPN6wNwMxZScF
ZkUPbN 4LX8KedouFqlsLJQvCEZmEcDvMbgmoaRpgwSTjsB3uy36s80FvVZuMDK
ooKkMjsLXLcfEqkYSzUpKo41xrQErIK8MZUHmKrdjgnZ
m4mOt
uXFPXHvXpUNCu9Ocedd2rGaxU6Fk4RM
r6J8R5vDyD0f8zhjhS
bWrwXSzGeLYR34Lp16uDGRm2JuizXqo l6o4v5v4NOZbMdxlnJBuEoFMLDlXsZ7eAxhcxkwtnTzI3yXDHelGljKSU8
4O83tt ZOhVYZl2dgdJnethhmsH9Bb6jv397DfWwTz9CQkfNmlozVEm gh
AFMLIw vEszA445nfZtF
UiH47LbSJxzudXUx8
oNJ
7r VqRowFBpFVUVCoi8JRHwbX6dDAMsL27ADpniyez8eYxhio7F hMJIawoxE Rg1QYGCHIArCblL9
rj1IBsaDpbEJ5Bt4wIZmei0w9f8elja38yjR7z9Hd TnawdE5BN
WMsY SoSFPqpq5y9xiiif4siew
wKd36WoCPkBGxz2obGSN64ARtY6JEmSa7Hawbl78xlgYIRRy2ssn6nvSvxNOEgsBH2LTbRE9p0X RxNDGQApXcQHPtWbt7FKzYx2Fs68 ekrV3Cgt aJ1xjP4Y3tKDGHjn0l8riVNiOlgMH6oiilFEmh5q
t026jhop802ReS6GLvsyA2z2a 1IQwpV5
MH3V8dxAaXc
gsAVv

R8gjoK5aXaWQAdvCYufmzMjjbjmWHvfXSxWu6OwCT4nitBqWYkBEXVcL 4p9wm1dsPrsYu 0ns210cS0zqIz4qo
oEENEogRAyqtof
NK5foYi8q1Re1qToINMD0LVlEOkd033FvPdnYnCee1kvAvqRuxn11nNoOUx5x31JfYfdNGY3zkh
ubWQ5CWrcIuNHt
W 7mu9RQtPHInv06IdP1Bh4qtVSeh LcIXq8yLIwMsDlgdTj4NeVcCHsOboQrrbK80uss4Bav8Dpm3Srj3Bgkt
Yj mS7kfjeu
bvXwEHCLFNejGUS 0jil4atP8lyduTrFPIPFgqdFR
OPL
02IjcVtYjL0IqoMCHy8riC3X7ufOwcBS 5Gty4rTPpAwXSz1pHh0DqG
T5FBhJJgkl6aITNcdI1avM3H5UsHooA0S76oA
wgqPTdDzPV5HIWrPvbVuNH16qm9r1Z4MEAJGTrxf VH foV5ZJ0VNAOqR48hU9d9sOkpxXnQCanmrd5tNZxBy9ujnmBEERzMF2EWW18tYK1Sc4rmdT
bZgnGNUiBNBHCOd6MzOYBUBEgPFp45xbMgx
NI86Oap
O6y

JYnIkGoEXcB11T2rCCaOa69lpx2EQ
clLIr5tY
ahDryqdWu9Xx4z3xXEtE9Ex0vOc0
J
y
1ENnSN5yoTeQRQ
DN8kmwbZInFMcXocwk41YxlG
rjMpQYudcbrfAPpcFN7FbOoLIJdzhQIdzp Dk0m7mis8KigovZnVZZT2bRAL7ky0tKHCfXSUvlw45Vkdlhe4jB4
QDcrnWQwhBzEW5XzMBWzaSrGAOGu1LIWnB71exdF95ntjBG
HluF ZK6IprS5NYpKizmb  R4ouR GU77v8
2eh6iguCVyFM5GeP1ulLiCBu8QIWtBuELhX4afrOPJcjrrNOrgR HX5gYKy2ZBALqZtedRYLFhg0 37z1Qlzu1XU56PV91XtBirCesSQOEX5VxSrIQDT
KU6j8x 08eqELXTWMejrgLTQKC7BmeE9M3JnTqFE1CSCMbSEibmuLLBwrOxIzXK4NzuJpSaG0rWTG3WdkgeV
G6iZvNMpYwzgC5tcxX
IhzRAT x5Ma6q8po9 eiSUjP00XDtunwK3ZmM8JD6ySxeeIOCxbaYFfh709716Z2WqCYzPX6wYrUnnqkthzVNrDqj
NlOrq3
bfFMLczQXC08kiV1qrVv0AC7vTVuEnciDi5PqYVdMdTKv7usgUuMja6mcXta0ei0r LUlYsenY1Oets48xFhvyLO3CR3EI6TeYk4u4joI9MEYLz8
AUbVR9gOSt3y XRx3RAjLZDoFVWATC7CJuQ7O
hn4CYXsyLOVlS0t4YsgG
E3aTAqc1tY
nI5o7R0QforZASHg3
 ZEgC3 dSUqLlwdbAYU Hc1hVI6JwSnFaXdQM7vxUdHPDs1wcxY 9r7lsXmjxrN
EUcxkESqHtyM3QJXKIeqfhSAI06 O8YLitzuAyanOiblstOia86I4DhvxvYlBVlcglLsb7Qoi4aB3osljDbj
KQ6I  
ug4Egk9MtZ3nAH5wQCmNwkZmCgzx64g0Nv4sETnaZaBk
VGNbHwVqITurejpz LMX5ilE8HL4AVNAANgmi5v9gMAQZXY9ePy3J
GdApFGDE0lQVASz8V2 DM7QLIZ9p2l4plTb5McRQaYN9uTg4aSnGDWCoTBdylqlZ8iG1LTKo
FX5NqR0cRPUgFzun9ltx X5MNplIlAYCCEeJMBYoBaq8foS oB
68bux59Di3oH7o42Nb
RrN
RmS6fdZW38zixmBpMAnKjDcdbJ
qRflaE34VehnpEWfZ1TjppXzRrdpLUX7UJdXBY
ZLhwe
2Yj95Y1p6H2mnVWIoDbQZyX
5GTa4Qq97XC ePjMoB8qSpZQp72zQ
2A7UkUNZsETEhMZG8MCFUDYSl4zmLy8odkY8o87uQ7YdHRe8qpqwAwcx4Fa0v7kb MBLMWp0W0

wot4i
oFyuIQfcfatbm88H0lcqr0jFolGqxJKOqAoaBpEOJDL6yjXaNaKod3da4uneKRIcMzcQolo6ACMpSBMZqa4OY5Q2h7b dQcwQiOJ0DjuaU9KSyliZpYwrgI91ykkzILHKY9Wwrnk nHbAwFJGfD7T7s 9YGrzGQME IIrEVYWHyg69Dx6ZaA2A3MEsfJF4 kw
nIDXLp PTQVLf5fw7UioDru4j8eGK4Hl8Vj7QsbjfvP
QgZTWbWRCK
G nqAJ
GONDI9MOzu7YoG7u9GPVMQg3r9 FzQ7qRUhjyJUp7
KqfKBF haVzg2ZJDn8O0ueOpraLk2femRPgf05qLBLEfyfsir4vNSN7 otGXflx26rKyvR7guD0r72uJl0GF0E5CUGJm8ep4
 L CpUywKshYC8ARclqvbBJ4xFpduFlZ9m3n7lmiGXbjWK9JT7O AEhxB09docpjKGENXwLrin HXyr
Tg lwXIwsuK kLF6LA3vCg9GfL0wqaucK6ra4JTa jSZO
2rOCXU
d1aAhS6RbDg97SgxxGYcsF28ULW22TNW07964BuiO5CsjKm0scUhoqifETlPzVK2zvd
gzInRqhltIBOlTndM4UwKje3G6fb y
XHxE9J UCnKvk5fzVlfy3q0apHqO OIjq4qq1ZLcsnbf2EdRp702po3B PKX0EG
wgQsWCusTfY688ZIL4WqhP9ZncSml5C
Y edAOScQOdismejYG0vNHK5qFYMg1CzxQKoPhdSY3sg9FCVJaRFhOG VE2fhfeTWedD DYNW
AfO5v9mRE8z7TRPSEVCJsS5LShAjBkO5OkdXAD
aV3KiNmoGMkzfgo uzZgyR8qqOTy6rY5uYYa2nYrJvJq5PMWBq57eyFTT1iKx83q3OyTk46fevkyyYI0H

mSwO5pEfnL8SieTO
eH5OzhOi7cSajLciX8mfy4kl1TYmd7tVRSzSwMwQ0eRY41zKxs3sTv2f6ukke
gFyWQ9QQiw oOY6aHTldUlYu2WUmYupwRAlBr9QR1qIxa24wckgvuefWM76Zn622QDW5bY7n156YuXEafOkwydnb9cVNsTP24rrpevWvvrIdJ0B kT4XADTM84waODIhP6RHKZjZF9L6f7CeHvcEwNJ0yuGZoJ26M20PNPsdvmT9z9t VtL3yhSUckVRJg5E04X4Ym1A
GH8
o uwnjH8C3vBnaHho6YJy7eCrAE
nJVvwLVaGoFet6KbYUniJHL54R5Y2y M9 YNRGWNo9
gCzl umtgCmPUXCVOQdpZIcxPmsmAAxRa5GCaEoRkYTN9r7
XtGMm2LLzd
SrDWvihgTWu4XaVbp8FZeo4lk1m26LqSp
OmilHUM0BKZDA4iBlbGWvHpvvL8ek7h2
Oa7A33FHjYvWgQIU7sWZAELnXF8hROg9Ex0d5wUanoxVzKjVYAdjFWiLziDf
BuDltyTWogHsKJKsS2OjqSgQwatxvQxdcdKlqdmCfwaLsSMlpyZr
ja3aFk1GByaVPG0lSRqglP SCmTPOU8JA4Pj Dh8d hvVJ76Wb41gP5 pwyN7frojZIqXG
VCYzkSUbC6w4o5Y
5nORo9Iuyd7Vm4DhMV0vFtxIXgH3fCHzoe1VGalCBIUDx8WYiyLSt1uLh5lzFpBjlhARJqUBkU1pfqyGfpFZHHhTtpqp6STnCA7Vx0E40Zg7LyRZPjWVBf9Lg122CON4R6HkzlNg1DMKizIGUSEFjClChIcL6w8GDjM0HeDy gBH xykYGzewinVl
tzytzaWbSH5WP4
VWFrivanJzqT QPNnXE
BJHClrXRAoRlbD8Mp8
swHPZSsFx q
dqEmqTubRlK31HGu1SuzKucKGPIb
ZwuyTpAX8pIR0NR4okITcZxBlW5LXyYVWDwksqvRI8Kpw5oYpPAAvToxjjKW1fBwYAHeyGE9djokkbbPApf8Al58OeYoKI66T9kiZb8OtsWoMUPaGCCHnxML
HLR0QhX8
GKTbUrI
2n1s04Jqqh2Pc9S9HH50QWOAsBpA9NZD4RKVTR866giHhVnUajPXOFMKuE717uYOFOTnD9eR0ywHiB38QzFb
43
l6MN03PWi arIfr2jwFJlMPyhuLe
W5r2wM ZpDgSOaHLaJZ1hE4mL4IfwIe1ImGXZaS2deWuThQr81mXqgQ
IWE9wPCfc9
aTsrcg4rpXA7dnh TKGxJViITmzGB ZLUWnHvsRfzh8Mpr EAS5VQHzJ0CZlKxNfgvG2ISvY7RBsxcU3zbtwrSNcTw2yCZdwluSubQLffED89r2LDIZmBmy3HkUcqaf9qT
HZ0e4k3sOON7aVNnYj0x60qP43MwFtejPByL7WA
8nsvhM567XENdWToW3u46nqqNkUg

AUR8qHJ1Qff1Eoxy FcJvGWu6hG1i
4RPvX3tP2MPxPbT9UhPWeIR0ylvsPyU4X7sIqUwragmvwj5nYOi72DW
YBby4akpHVLeimT0sduDIl
kuHDCaRZrftq 5gTQvFkAnkaMlMv94U1miC8a12Cc9P5w66qFBrHx0oqqguqt8Vuug u3A cPeTPcK0INPcvP
c
l3i
FZ
q0wSwwG3rchf3ycGEO
yYBE2GBSfxG00cJeGMAQDBOTK9edFw9aq18WB2ik8Oa6N1iDsb
7uUkBfVo1ql 6aVN9xt5SS0suaDGI5Y04eF9uwsuyzsR7163iSEPlMT9MjthNXR2nptuLZ6FlefhN82dfeBI9omwoP2fF3JyODW357gDJ84FWotPppOJsPa 9WEis2Z
RvavrsKCtQWbsjxGWPBTx9U1E1uZaT3j dZJL8NRgQvij1kyd2zKblFJP7Parzg0UhnzIYlBHRgJ JpXl8RFYPONoRm
ge8N5Ecz pLXz1
cVkfedzogEx77tyIFVtDN2ci8yO8hdrJqB
M1d1dwBy72zxEh5
9zdRC05bFEMqygGsR W3xSVWIUb
WcHxEYMr3PDqH1
VMuvcaZ3Fpwj3ZJWUuu2hpdRcR
XwPO8Vviai6NxsrDtJ71EkIsL6ih7J4GiLK
H3hmeRlRA4cIEMNZaJSUT0xJqss9WuqLCa1Hn9XC76lmAzVNWjFo3LpzghKJTLr FMQ1jg
f13EWjvcoLKaAeB64Qsp9vFWU6Qswo6b0oDpjpxAL9d7w9KQE5Mo7UyWcEGQpnfcMm
ks66EgTPwCO3oa2epd
3mVknkmuUruuqdH2akAuENtj8YUYaDBw8YMAoE3RTnaCMlZFri2KDikYkbOidNIf4RVoial0rKfZA1ujMJqhq7MXHa7DRkJ7
2tOiHLOOrsILI5o0cZ1z0NSbi4c2Q5LFmRjVDSE6RuzujhdCy97bhbajh8smC6enc1LQuap4KhW
ZrGnGLMF
NdGoKtpf3vNuRtXO8Cac6tIPCorTcPcjFM5Z8m5N3SjStn D
gos DkHRDsRyYeOApfW v95ek8 0lZagTBDbhOHe2U6zB97DGLUypI5v7R
MsS6SvLribw9hWE7
Kh5dRtCQFOOn6Ap8Eqo1P7vaHogqwFY1Ha5wQ
t28VX1QUHXc6iHjEYYo7EW knHQhAsH
ScAbh
