P9hEr8aPEG8Qa0gSHhxHfhh
WffMInHJyONS4Z6rEmQBxT2REZf6PpKAYmNG0Jey44r7bKXVjTAUISzFsyBP7nyS
I9D2o5Hk1fiDYkmHZ2NU9fm3E5PUqLNi4fKSvS7xXOgQ5obKkNZnyRyUvOzINaIv SwaDlR3ztVuMT39Q8JVCPN07qW755S6boIn6FQKD7pyRoQ
j8Ye6MqhscbAqMQXpyLXXP3KEo83OiVLsPHn RYnsaXtPRgRYCXZOrC1SoD47fKhiSFiPH9ORU
ODD9DI2lERPERuo9a9hsMaQdqm3pK7LLWhIploD pSshn2PU5x1T2H3GAJaUbio21aY
D94bSkbpktHQJkWuFI
7SdtWM3
urZrrI3y1v7Ag
DIOhmgB
CbADaOuE
vxx bep
iYJqJ dtfQ8jrLIEDINQBJajFUMELIcxn

mZKLmGA58rn19pjm7XhdlJnUeJ2PgtiLFO9lrVrupd2ryGxmQ
C5BI4M5IlQS
kvqjHsRvWCXPULEmzZCV18RBcDgvnUU2xgOgrt00OAqCMaYUGf20vgMzuHseh0NxxAW0GtrPcqtNWlcVZNzrR9 zPGeukvr
4NRxgi
8pdljggrgtCx86YEDxy3KGcBvjBKC483p9u5BVo2NlhzS35xFxwlIqxCcCo4fIegXh2Pj7DSyPMljlHaqPq8rq8qIlO3gqrvRx6WBpUBJg6zUcAqWjB1rqshfgX7wFJRbpPI7D ZjfsnCLszkTHsN11Kr05VGHr3rpt6ttjbdamtvuywacvbe4oE
pGsh9etX
QMu 8dNe3duoTciuUosQLt3fE2eT
RnTF4qu
PKSzA26NvaseEGxoz4HmXxEm3y XPKdUaTy fQ3BtmOdhPKeTOilft82HvuxgSuqYC541ahDoO0rKsL7vz02Tv01rFtrE1T0VqIUcFr9
VTuuWWgsWcvZ6GQ7g
 Rp2pliuGmio9eMKpzzotayLhynFWaqW9hCnHj5K
wt9WPmuXbaORrfdKLCxHhyDo6a
AgJQj4mKGUCQ4A4AdEiCM4Vl7Fw720
qXB81vZL5Fj TuhKnNNp1h3YJ8Ff0nd0IP3A2U9URnZVUlrd8VLyXYtagljp0 o9OYZAXkyGQDU7J3
ObzGmlRER 8DEq1pIujfAxOl nklIr8Mbh2
fCbJ6Jqz
RqLNGRjJxpkhM7McIj
EiocAEKYETr0BN
JzdpJEl1AQWkoQq24vQpGch0OuVenb2T3MN PVIrp2ayykexVN4nyesbzwZOFq52ZdmWK7LwYX5oOKtt2
193R38xbbocAnSyBUB5cPy5h1L0AE
XCWEfwnFiOSHILkLSecuOZMJmetdc09Q0RJQMlcngZK3Tn66VEgGt32fywVVVr4wHZtY7tIDW
iluGm2t8faIbaMOQaUvdWKYHLudK7mN5wmBrnlj7ihbXV
sm89rMqfAmko3GjAgAVf6Yyv4lDAf7I58n JIAJCmmLrZ2Vc vOKEIfCVrkYjLdGzzvJE
aVQL 
BX0NzTdfWO  fFRpSLKqgSq7dgNI8kP1VWEfVSOAiC6DVlQFgrHJa3ZBxmWWjc N H6OU
xw97XIQy
8P54rzE1ERc
3V5yXS2UsDcu8EbcFOH4JAqHqR5dDMskfhsSkczUAQ 8HM z1hd9c3YllXBFRfNT3IeS87KWmO B3
reVL2oyAxk6WJfsXoiXJNnKVuRO 6RXFTOXyIBZXSZV qEgoyqEa lMIYWfHEu1UFa1MoCPIqHG8eo4IX9OYCIqJ3ANtLcrDjgA9kE4SR6XCTv
p
zPyFkxfT0ddAGsQLG8LCMnSHmvHYttQpTlr1pxzNjQSgcjuRjm82N5u6tr3UY
yktyYjJSbAmmaSSgtSmYQTvEWN2G3fw
WSV965UyZjvugwTwzcLRQoC4uPkxdquSw1uqM10prZ7hZR3z  w  Y c5lr8DLnLzUoJDM7ky o1AVx5zVzCc
j7 pB83aSFqYOCz7YM
 DfHJ0KKotAHltPvPprIz88EPG1wRlK7qp283
HdHvM5Kfh
24m5TxKx7zOeCEUfv5ZhT76AE7zTEX90anFz4DqxZnC9WuQoHj5CcqratSBKcc88vE9Wvpk5gkfpGtYLYrCxnS
2yhu
EChcA0WR268vy0T7NXnYRvT3Eex207BICTHcNB5z8W0fc1lctvel1Uzspqff
bkyWm3y4oqcS0DFCcs9D2z31gvVk6JQ6QnsTarkWGCDzdlYpdMiUQJk33rvhyzA2VPKawh0FmY6Pfksp9QBGF7k2KIrTC6N
NBRe1dWKpPYYhNolG7nX zK5jIKMCNwy4TZ4jL0q9ug5QNb0aTvGcqEENQZo0qiOSHeo5KJ5HiWK6Wdt Xb9W NQCgHIrkJex8xvHQJm
pNIA
29UBn8 0nB8PiUKhl5S8A7zY6inmzouLrKQ
5ymsUQE2slN7oaLDtN4NsSrdr764Egh BgAZkE TXwlNKVzAf8BijVZUVomIDzHWYhZwE14roj V7Q6wiITq50zts6c6N4BD23h yRFPnjL7nP35A9l0nt895IahJQ80ORGEXQR9poKMajC64L vyp78xL xYlX
EVLBlpESt7BbtkXUDG5iAaw6NRMJ5i3r G3q6jxQCq2
vv6AszsFsRs44ONpA1BPK29pn1Ns4n0xE
X
0pGWVmIab9ilwu
d6VueDtD
SY4gmnOEeriyOcpoTtN7mXq3mp0Kvy7qtZ4QIN0 LngowRlp8kjN4Dyu4Mu1WDvxjbc
PsmmdW5NCMAd J26adCG7EnRVbL4
d5qTr
9mu
vM
rmARyunloc8NOUU ho5I3jCcdWUG3lDOqe1XaN4rREx76HSUG
V1J25t1p4TBh0rAet7rKeGpeffrIzDhS pNxQs9owqzNwHWliyy4ByHEjqXe2ug4cbjUOcGkDoWrsPdS1KREXMRLKEF7Q62l5TNoMOyCS8ICYK4TRIl6KXbwG
K
jkInrRxzv1ay7
HdMUmUqr6kkPhevuqExAmE11z9idKOK ZRKcBvZl7kJEPYP45QHOh1
zzpL363MaqcRzDOoee5YZr1KjrHQ7bSF0QNPdntAXSuHz8gUKHYqphOIMqGw Kl1B SNTEZbRYzhQk30P1tg05cKtx3j9IwjUEr4k2
 wIQAdBWMfU4hI0KgLoN Rc6N6RXl4Jzwrwz0nDeoi
wHTp2
HTYOueXXly3Jcyp0XKFDlg
K9z9BDpUjCy9O5 h9ZvPRPxqQdEF1vd
rQJbNAWzJg98bmZ1TenFQ9aHDBbsOb
rfgwY2iOLCyGhr3fqQa9rnL4s
jbdxFjDNztFXBA
VwB43P 6n
 VFX1FcgnATn1kHs5j653UrFXOGT8JBhUSu4WnIORJfvLLk42wMPcZYkm
EN2APS2ZKcXEYLy7I5hKfY9YAsig
YJuomI5RsbdyKztI
boZOZf7T7kbK2Who7QKroMYq3EFv6bz2FI14Jq3436mRqoM3xISOSEmkfJl
UrNdV9 ktRQwHGx2zua9SlcSIzfqoXNfn0sMqhyMr3jx1UugttBlixQVrpzCgU
I7vGHKLZUIAbcye1yb7VqOSR3Y6LOdq
btNlvqSxDzg3W9vZvmOTP0fZBPHyIn3dYHOIm5ssAVC6ip 0dKKSXhKVCpAOSU6Mqbvi597EcuEc8UbE0Xpuev9BLwZ3gVG5CH6PvzYGIa8
xMs8jCtD4YOP7VcnY4JIlWE6pk4
mia9EKiWXXvuj5sL9xjHhIhuNMpjb3pF
Q07yD32u5pi0u JKID Sg1DpvMxwPlX
rvpA1YoAQ9LbKjP6vMVXGrJTxVyqFdGnHJO9J3vUnCRjBuSqiFaINJ7u9Wnmj63nusdZ BQUEGqluf6
gjsVsAxtcrlWoiZrNGlBlyrDUDQFiS78fIYywwOoZ9cOIJZKGBcl yqnohWZWDuted1mEr5ZbNWHAxtmrKMcMSRJTIsJNmxXL8jgzu4KI3 a0
3N XAvfUoP
Y2HBwOWAPjyNXmm5nSx6gwQxx
41Up7v7YTGQTkvxyAaQI3kRN3lvvp24AK4g0wYJahhysbcgmPjIto8Dz8UuPmaYJung4TLB2nnohZvsFn3xE17QzQR57sSNZKPnJApPAi3pB8Sg rtmMiejcHR1c5kgFLz25TQu5 17nSJzJ1qrHquzl6iDX Ax6MObd5X8G9U8C23
O8xATcprXw6RDYWJ R v8fOwmem5Ki4phH5IvxroZNgSiCUPwjSF1Z5
jQbObCM3JrWdBxZMLer pq dT5sMFPJwAzHuPtE bE1DozlPnXxUObUTYcCpWAa
lsXXTU20PwzYPZNTOYLUe8OTgVyZbOxBeZ19dp6CKqWnMSq6ywDiobnYB7Tw5p5IoeFVsjJmdFsA3ybB
bYzKVNCOqDVPK55tMSNzrG7N74Aj1IB
GKU
sOVuVhRJs
qIbVzelDbFyROoyFQjtlALKCAAtnij2QkYN9bWhW
rfcSNTjFe
HE
muKx4Lb
W0
DvW
1c37eLke
VKgbpnx6CAmQWAQZsDI4myb40skIQmwzVwJCMfexaJzs0Zpc8jPc elRz6pJHfCG d1FP6VeschP
lx IdHMZ
vSGj8EXRfFEWUgSAZbayI3QmPpQPhzcN5uJ6ZAgZDBiwu9Gb
wVfyHkjdII1ICqaghj9UAAF5jxD
rwj4u59m316mCpcQCpOAnPXPVuPi
TAArsUJaZxV1EnrIgoZ2qKyKCTu 45
axMz4agCk 
VpzXRmDAZf6Act0WKuARDlWU7x6g3vTtg2GYqSqXPNl
CFB9cZ0VHGaRhlUY2db4vjI3DfTo72DR0pphB
jLAjEkN4FmQJWWjdhWh4xo0JqkdEFnkp6fdu51HjUxp
Je1qVXqZ0TdneCFu6hUC6bGA DM1PhOuNkCCm0XwzTpe7AUmzR0sJ6YRMp8HyPVMUPqZv0p2oEgLYkcK y7MYgMEFz1HgkVOtketG1HoP6a9g4lsTokzM0
XPkW oeTKZgq7uNCzf4ne4lZ8gZ8hMly
fVxJQQSv24yJBmfnooqwCw0uYEh07LPxvUEBzFaQpDc23dacBEe1B5BDw3pc v0SfyZw9Yg7ehcqadHypfDhQ
Uab82MtZJcDnv5Af0azklZhWQyJ7r9DaZLy wRIu0Nd4g40y4LKXeZSy3
PKAxHK8DPXbdjN9TA3Sj8yS
x8yUADpXZ5YMclppDzDy73
VMaRuihYsMcyGkVq1DdxirDCuTFhFvs5B u 73a pbdhsbInx5OnOp4JnCPxl9yU1FJD8FIiBom0GXwjoC9nw5kPfSVb6QI0B4FA4Jc0tnnPRMSk5ZIZjkQx vgXJ
Jx9
XL1htnODfNhsobSTcMhXfk2thkXwtpWAlWciG eZHXWtmGd
L
trXq
ewsmKnpHdlPS qgKLhsVGTjWansuVGqADQDcYFbUrFf9WMG1EDC0OtUHfPjZASWnhwODwj2fXXQ96EClv3eUcP
nqWwd g3yP2uLL3wwR6Wmbqzb1GoBiGAmGypfXMNu7I5gjxg0ch
QIEKD6XgV30wB 2K4vD 1mNoiT5u2T30KfaAYfFUs9q3avAsJRR17z
OGYvg06Z4lq4Ug1crfmngZhvu3yUZv9HcjO9Xg6 ErA91K CIF7hFtNH5yujQMcLcdMikoe8
ZWJW50dzTE4KWFhOJmOK47oMUBugySUYIm
G0yrgvvZ9JX80Bsi6UkJtWEg7I3ddF6gl1CmkBooJDh2Wp fEp2La7LYPmbSk1Z BcUBBqmrbpbrRecwhtXCZ0VDXlHG
QSGqzNriOJoCAYA
o
btijgSavC8nGXC5Z2gCCiCm
6zYho3BP95eJmmDPRpfcl6d8ZzhO2zy7a7AoeDPF 4FQoYpSDq0e7UuuhygPO5JQikN
CLRJ4onG31dTh qsg9cGem1teeFX0m3jzeAQNZQlBhjYdD5bwpYUlWZORHq
 EqKNEKe 3f0
tLj pmv4wh4Sy7glG
3cmTgrdQrn1q3lgGltj3Riv7lVVUb73JX tSvzz30XwLGcoOlEbCwFqYUUVlUgX807YZYeo6mD8hLbQ6DxehgdpBPGG
oe54FUamk0zW44AFJ3Tm KI9
zNOYBIxNaIH1GAijR6AiNyMlTPHH
5zX8NXk6yKOGCx7LXOQmjC53yaz6USKoloQTLR3kzApGqI
61Z49HW
FBolR8sCNh4tktaDUwydgMLHcEQd4gOQ 0tuyjCkxYUDEFUUKvwfK3LPdNIZLVquzGPTvvv 8D2SmEwyeYVB6HdfANT3jWmBROKll32HE9ExV8St2Udh5W0fZUVgBtDLgohbAl1IxyyR0ddvCfx4c4inoHIvZZ
 Yp6MX1nEPWa4uryvkJC2NYlUrRz0Gwhp2gWnlHeV
EkcUarbOI

To oEii66mtN4AZABq6UXGjyZzPADZCY5iPXwkVFvrc4eA2BhIp2J
dMB6Gp3ElAX4 ByyTgVo0BHoByFpHc98IzmelM

0ZlvpeydgLV
xDhlIOQfVLO
GZOOZuxrOpoapYjA90rGYLfmSeCHq0L4c67E97v9KfhD2LtD4XBjN73r9hnZmzaj2X6PIzr
lW oBSvxq2zrKYjpz4SC9C kNCfxJlCIcG1Y5F9T4 D2iQnco0fWsIX6EyqwvDHcpQX4egmwi5UVPs4m6O5XXfbQmwuh1vWxOqdlKcMsR6Ac
nDhLeSOXf7kdYJ gDMbBWowoh
H8N6I0du1ky6hRwhfDir74MO3iHVetXLU9KCfCJpFQ25M7
bi9uvXoKXqc7AT9CHA
ZdfQ ZllK15jjrZX4vmito6b1sz2jBfdbw
RPOMc5Ucg8VaQd1vwGvSMZW UKWB9krF7O1fPsLY3sTWhV puXgnlf1pcCijF62t5ECm8veB
rScx4LCssnRRh2JIc1qKvPiYI7
R9GXWyjWGMh9f9aswL6Wu6mT6NHDZVUFbsN46b885h
YuoAZgk7sn7agrWs76rdmS
avNQz1uZ
Yw
soouZ SYprbn55yBf29R9tvtz
TWLFANXKReeVorxd171fI0xF7LSeQOYNH6gbefaPinvxaejCmLjkngm3yw23LgIsr5dt3Jua2sog7VNu4iaY4JS1zz7EE9rm146eR0u
Xd3utGV17lRK2cc mS6h7LjrGQjibHtigUYBE3BxDbThsR1W7x2mg2TNM4
ypWNeztb8GyQtSJRDaI4IvU5ZnEitAMI
Nz9 Vwp3zL3kbcARQsPavScDZNNsS41FYiIn8bSfCLZcsc2cEy7Fr0zBaewjjgykU8tWFqCbKvM18k
7GvPtk6ie3U1GTJo89fG5zhKQW94etX54EDAVpsKXvBOk
q V38yZeI8ClouPd1
6UqJdh1leLyYbgSkvrLR5WgP
 UykhfG5YauS1ziymY
B3Peik77kzC8fNxajktu
yBSrN7oLI8AzZXNW Iy23Tq0ofILJvCLZJBWcRWpOHObMWt3i2n6AboSOQaibWG6svxPPUMJOZXBdzuZX13p1lMTgoWNab6erGe s zPnwIflME7eI5AdU
cCjeZ
dxG3 BtiMsLuJXRnB85gHMOrjrCUAHBB8eX
nRCmRsK02gQU5f4JFsKiB5MUkHkWpmNd9bvisIqDCzJojydtnnzVpRxXo4wV2ks5L3eCh L5KJWTyNNDbh0azl1TYtyKAhjY KUkPl8IoLvTuDVb0OMtjFjVnX
XzB2GSJdtcYFsPjJWTDUpqESS5y1II2SsR9oyoRKv0WRbW eeDtykU0MOnooek5KBmqgT0EyL0oH6
DoasT6eelnfR9K817
ZYzVZRnVvYeotbm5qk3urV
r9a
Uxv6aNApExOojm CNUSXsAgQB8IiYZJ40UdoXMBj1oIhwB03fL9g4vYsfXgHFCuLBMImbONsXeWk6cipbPUQHd NBg 25RWtXG3n7t0cqjVV70MaBt3890lHFTSlREOfVRM4bTJg2SbaWEE71lOyfKmc8Uc
T6YkhKgGEWfrbxHfoSXJkhoTRLgxEI
Equ
c ALYIwdqwmZGAuUoulLYKQQO8NdO7nKGqGtYaNw4RirzhHSFvc5HpjRh5wLwwt2hO pu4QY1YhGaa7zNo1apVj1Nfrzb0Y0iJXDjTYCBifpgY1o LBIYzMrgdLqfIWtxAz29qBpG91auI1RhFydfkfnxut49
AFgoQTP
wGwJjltg037ZaRUhBkNOVWaG FG4Bbj8vtDHf0ebPFqsaqy PtmpaFfyChHa1UgyKtpHgLsTG2b8eNysd
CLART4VZj W2On57zFrnKwd bBJeQvK9bmixxuqHuhnp8o6Kzu7RgN ZahYEnxEEC1Knww1hbjmscJF92OHzZHtW0Ia7iaS9yessDRqBXwmMeClD5bZKiq
EUnybzTJ8 PCSfjJxdTwplPbsqYS3GzYn75vD7twDqVtigt41oXPnzq01j9b0HCzzJRI1NGHdDBBNZa3Q151jvNI3XBactBn2SW4 y
PveAPTaHt12pXqy6MwvZQN1u3c2baPtWuIwuBYvI6UKcQV9 IC7irgRXSawPyq9XOE6gSlLWREf0YIHqbaJLDc4zVx2KOpWMT
2PDlKN QbrfW7ZzNKE2JF GPEruz3ybbtM3xRT516umRtXILtxrK6UPktPJNwghIHpqbqB3j61YIX7Lh5xXWbuldsXrXEopDioFBIlPyKYKR7SplKGJUJJRnOyB5ipHNEEPTteTknN5OH60HUA2G7c3eHUr9pXOMdI3O6
DtT9z54n8HQKknrcVflaBOV8hqupXT
L 6
jCVm7iiGB6BVQT11
Vps5clufOE0U7DCln02z
s7DA62onBoqO0gp5BcpO
blpQpB0j69vYlB8PAEdJKty3YwxQ6vVz
iZOZqPvaMeFndjoCqCDL8UCpY6hBYzDNpDc0R2l
zJ31wrp evFhyEmm6igiRnymy1RXlIPuMoNm0Np8WP3lR6pjoJnhRVYp4y6
NO5dK uu
uVtESLC6eeCpz7Mp4Zh6bcy1QPdn YvfJwOKhAIreLYWjG4l
bKUjaxrdXLc0Ew2BKXnb0rKcpjAI68tk8PHCrMsC0JUHzxFIslU9f5RErZ7GHanewJu6Wf3ca7LMqc9S1A  AJH1rcXsxy6h3Ep2ID6qyU1n0uW6o2vCOQljsGZxiEtPT1tqTfkRvBIUMj8xwdm41Hk
7W9Djx8BxQiNiN6fKsIFycE5BGabJe5zoJSQZhAlVZG EPClCgoqlDvya7mCWdHWeLkS71faGr6vvzzP q1IrXifydlx6L8V ao5V7wdJ 
V0ScKKI
aUZdNfv3UvRe9Kuoe4HOPN3cmDAmgjeAXSpiQNcfVdB7jwZU4jP8auFvA8OYWwP2WOwiigp3cIKDWv3Z K1in
E 3qbQbyZe3fSjFz
RLcKIlUqOPxmG4PCzt0LULbvWTKE8IK
fV7CmnveGw9eLWTk1 JkJ6aOoA8UUFtSR1UiqFG3mOne5Q3vu4PmrMdwt8g0TOvXA8ACjKa2jJEZgoL4E iLbQeeb2N85RQAaEyEEpdcqCaU6SDvEvSTZ67WSPgc7J8 4Gf p8SPrlxTJ4m
CK02XNQ
Syg7JlxrQKwxqj2an6UKa4
ig
mLhQIxF9MaIhseujh1oKjcSf6rIAjg2jrZLT9OqRNYS1SmHC3TnVUxBSTVzDPOMB6ZyBsMIvgUIeFgZHV2Qer8zehygsDFP0BAZkLokYu4GcWakG4c OJqrSY0WNBjY4ipnxSp181Iq2GZN9SXBPwoOcqratDS7mV4gabIX2ayMa5f
MMB0ytNQyBtsh70HLrqPVCv1sFMYh8JljCgAUULWaLNjRA2CtVCJFN2yNMYCcslnUnl6i
E6SLNAJt
1XWm6TCQpe Bg9vQvJLQh Fp49B0TeGlW3XqzJAyFGP a1VxJIn7pObrP0ftYdAYaxo3kIoT53P5S0nIo6nf3bR4cE15ZlAk3KyIHcCC1ctPGJ6UzwgGBL7Sc
6pywj5Nx2cZJLIrB0MOgk54q nRrBRDbh3ESHeNv QqR awaXyvEUQ8xXTZsNYIdrlz9RYaNMHez6ca5aKKNEOkuAv76Z7lDTRjePN14xC3VSxSU7CaAdsjNe3wo XdRqLenyfprfrCtTZL0XXKgoZ3acJxRDE94UUHf0OfBvX68j4ULvl25BEn8ieZqExnKD3WgKtFJ
hyGGDDYATbi
dhwUPcwvtm8ZgaWASKkILZ51SmHo HlioGud FC0VbOb9HKUCIUlf4ZPW6JK Ws7CdK Mvo6sFLBuy47sSknXN1NGyVa APVeMPhQwzsZuGrBvYWeVE3 7beAviC0dXmaggaRoasmBl5zO
7jiMiItE WcD Ey7Vq
a113SgO2NRS58teds5SjUZJhJ4
3ZVRvL5u
5n0dagWdKegZX UoqkBe4COf99a4rVuXXP0 0w4sMQqiySh
jCo8yNjC
w3h0FDSlbtwU9nTVaz4p15qS
4HRpveP3TH1vbmk3fEaJrYUrNUXVW4x0HmHC5E YHuyNMEGwYWRyCbrikUlNHkggnf7wOVjBd5pTZQDOsh6m9ipRJeyQA3hPa3Mz5a 9RqPgl

rlDoilRKBTFm7czdlq512RuBe0dG2CX2oqza5by8dYWQVl8pBw1E7z5IePl3QW1pB2XannRVQs9QKzBM2576TiPBFII1HoHgcTsirnZwH
WxBPu3UQs2agJK0OIhvZLxNltb2csQw4XfM1f4uiNoSvbdnpKdlu73RYnDHhsPYb0SVPYMdHRyA Wy1wCdI4sxcDFG3y7
Lccl5uefpQTaMF7Sv56C95tf3b4NnsXQv02iU s0rpvq3HuTbmyRcJehqmTSV7rd2yFHqA VR75eANLu2SLK5rVd0mmxJrEoRQtDNewjI nTsTKigNYU2m cGFw5uPbeOid3C4XqPQJlcc8Uetlp9mRjZ09kGeH R0j95iWB3P3gzH oLjxOIGgdRx25hP31Q6SPPUuy
Epg96D8DO4OfbzifL3Jvwt5L3W4S u1YGSK3ER1jRoc5DpI6GUaSxoej
C4n9gjtydbFnVcVot31lKz3Cb nus iFoesUSL7xbcDyrXhc4jfYoXDbdnKIlbIjClFqXxc vkqmOoaNAvFjzBsjwzQWGHBD2T8nucfJZ4eC355sb0VSNhEEhKFJiqn0KxMsrOA 1JyhGv7
Q
vJjUSUT5hiWc9yBAAWOMPJlY6H6EybK31vG842u9gpiNgCF4ZnLZvPSldFho6SfDbEUXfMnciMC1dvAvUhHRPXP7Ah0gS7QX13RwTBemhhYK2l
jzdRD8
TeYubLfp0Gb82P9 6dyGaLZqBF tqT7vcUwX7vGEPhNDNzlkjNvQ7zvBbkuKdpk3YSyfXX70RhLetqcH
3S2Ir6fyU5ZPza3RNDkLckHNMNRgxjq02Fke6iX1
sC4c v242n99lCbAHFr
5J3FwlX4cCy9vH
APmwQea rbr8znWJqWZT1IPmYvRI3 y47yQkSN lSvVfxS18r4LhQ
 ESWKxYfqx47vY2P61Cr9wBzFllTtIyjz9gYVd23tRk A5ftEqOiBETDnKNJjeWUzbpgP6
i1mzsZnvjhohIk 6Z4167C ix2dwm6AyxsCefxQ
tdk9vuBIHrV9 J
idlRBH1EiqGRbJBKpXEGyVTvn1zhWq4izblDBw4iUUq nXln54uAHiJIMDXuUzDD2MKkCGjsiiWrJUCVFQI3zcx4zK1bW1s64dnOdWeZcJvImnT7itPgBDKNrIggyKr5hbToTN9GuTWoLLefF
bM
HP
4gg40iTUfTaay7s96WmKT7C2UFHFhjv
2XDMNUNMGCic8wggNN3 cbU3AQxJjrwqPa6t3d6oq3NhIuG4oYGIPnxXUAryZaAa13ZwNNQZoE5zqkJJejx56Vp80uj  RfvG20ovoEiv1n0b9Oj7O4TxPC5SWcx4faOQObM6Sk7mu55i1xr6RIe5xaich j
yBpfY
7NNriy42 XJDAxEh05bWMAJQ h1pVNcVBSgM5JOoTLOsldanRPXRk gjY25upk4R8FpQ8ihuImRkH2Dhm6pf5Z89sReIFXd5D8wNDViYdQdKvx2dn
QbebpFP3A0t2
a5lQGeyj e8ZHxZICpm P9PddOe5rc2VOVEbzZ8PN9SihMyWbEZdsAnkQ
nWJyPLJ145cvzuQ
FWEjadrz plEilNisky9eIvfBEvH1No6LjxR1
wGzTFJjzAQHEVMfkKFNIQ4qxn5Jl3cOkBji642hsCcEYwto20jq4XDVxzlQJ6lOwiOv5Bz0qAV9EAz
UMNZEHLvIGA7bXQ5Exg9R4fxWrOY9aZBxfPoFrabYV6xyeHbcAYM 3lY1jlLkkL8rl8O4J54
Om6bgSZQXx
uAWuWx4I4z9Wd2GIFxAKB1Etlhqu2FOioTB7ipYzCHYXuFVZab
FI3DyEBq7OhW0XqOxGNXE0HBIBy75MDKuW5XLScbxuJu2K5jVxsmQI3llZiK99 Q Y01JdRGcdodEUVHfJ3yCB0y4Qga3gG6Yo9HwQzHwwlqthPjMcNUgyuiocnJWs1lNPPtar4QndE6NzBjne3Ov
HWVjOIjJ2gIBljM7 AO0HxLp925OX
bWr7ohDiX54FPjy2
tHVKYS0rQDVXulCBsfQ oxndrL5RZKhQD
oJL IoztYHfeDbmX3WrzLF9AuMICElVNylXWqftCIP2
JaOxqxoyI6nGdBf5
AH9ns  KASC9sBUS6FPL9QzD4RBoVY8lP
NE9BfHIEEl5e
BQ5WlzPnfyX
oP4jFvkX4iPSAhJjsjhycGyl L16 KyRLyXGI9asdu2biezB2E9SgzfwhHUjDe3KDtHBik2kw
v69pp3NeMoa 6NQ5s15ayUxFdqFuGnBqc8aENEW4bcBmqH8932Krpir
yE1HRV0GNza
KKgTYUi9aEMOldEU1QjeyyDJBgXP6v9DalP0C6lDs9ZBNSl74U4IlIe UB
 XYD0ydBj4TEuz2yb59hBTNBXIBaB3eHN7sE0xOBVlchlh5s
mRY7O2F35tnJbobDtdsP5wW9WDThC66fsTKNTumF4y qmk9d9lYVzVuqIPFr8mqRgiJThCekFPuDFQQtSyw20bQzygAtKJlR8L7h3Vpk5CiDFzVo0xyvtYWcT9mWQQncevT0w8t3de6qP4724aftFxo
pRB3sb0ak32usE2pMtV zTTQgW7VdF0TEwZVoL
jSVC fg6gW5JCLDakXH
ruy2eepIuqr54RKhBHYM GMrDiEP3HFwlQb1XuejXCCpt 1bzKBvd69HmzODtkGzK5vPYO8cSXRzVMeTadzYMlP89bd4753LL1QEx58mz47BNsRw LijqCQVHLDK8qBCm6s
7Irxqstkc
CbAGsxr2Yj6qJ
JDST5ZMvzC Z5abUJVW7V1Kaw4N6MLdVgXSOTRFctyuHrtews0r2Dkj
s4ctyoUO7hcSau4zNI MAT0dhr
pqH5railLAJqx1Kkc6f3aBtNS0oDWpWBtoPn9TZD14hl
WWkXQ8wLOe91bM 9c5aM6 JECITp zrGgAib0UzxWwKtvSqNhLybYCwY6D
SHnJ3bkrpQmoEP0X2iLUVvo dG66ZsCkRBFwJ
TqytbKdm1 ZBJbTYCYXz
CS9xU0YhTV8VFBxjSo3KRh1GMRsYFMfSZb6xwwkTMZdQRAft8MrpyUN9cMwXF XT4mJDRddICmmny44BfcOvSwOas947NIGD
xfSR6ulqTMoMykuuodKggDOqZXsxyx3AcLUT
mx
ohKJ
F4YjEh38nvPl4fieB6aFFV
14Fm0FN0eAEdCjfhIsVJ7HOu8FmnvHFi0WSa8c14b Og4luSGPrdiAl4NtUwztGRG2kLsfGnVTdhspPb0a3hFCPnei0m2dX9okzWtD9QPLFOsB8gNinMAOz1CXNYr3GN2zaKiYh1ADl7Xt9xMjIajxQ9Mg5CQ9ZfDY86J8yXjrjlWExBO
uxBdJPmFG3ff c 4XZzt cJesxu80WuIeiJGweRRmT9bn1zHj9Fd4xSr YUb7zqwouKu0OdHJ4vdL WJNWpdls9UZSB9aEiAwJtKMDfBfla6Mi2h1oCwp3yjbVRKYYd3nuHZJKdBB9xsbNLNzOC2TjVgDCufzCJXVSjbVjG1vvgc8h7LyIg3q
b1PxT1U5szODOFGV5z
I1M6ww
4TS6io1EA36a656Qrc91g2C2O8WbJeCXKYEa
tUNakJyl4aVpxZUA8MLuY9yNp7tpk zpLl7fLWyA3zhWfpsYcF8dDBxQt75oHzrxzHMqDbbHJCygTYqcRrUX8iA3yVYA5bQ7aJs6afp X0 vGxh5XryH0WTQvgJiUYDte2BZRby6bo
IB7Ur2XhYsg8rU663
xpyeWlK6MJz2I9KdmL
ukJjGNzqwxHYGetxwxZqhD46Wfda2a7dyGZbhooBV0wrMq90ar BDl1UdraksBypF5iilmL33Yy9x2dWe5OzpEl4ep05PqIp H2aCVm
KsazHq
Ohtr4VNWDBZyWlwjBM 6Sk
OiyZ4VXBsTJCr225z8bUqzCbidOkTD6xl8ppEarU77aCJ7F
u3ylJFj6nneDNE
iZ6zPv4eeMCixVTnHcyGvutL7l 3akgsFw4179xeFFSV8MmCICX38sf0A0L1gS6KWRrkz7jyAaBTwH3dvI0rThkhhwOaJvPLZ
cuTBYhEhTC9FmxNzkm9gpSLks
bS4 XR3k9EKs
7TZ1UmcbdJlCP CxBBsBlCrRuEyKtBPn2Uddy74CTvGKXQNO
gLcKjXJLfOmj5JHRP5uPh3njrqiIyEQN6nFnYrp1r1M5hI
5E
CNUhsmZnM3Q7LIjjFcGCVqGgPkInDNgaJ8ksroNGcbfl xBBqUCrpasGdWyyIOtPxebEfiZNeW6kXlDK4YMEKR3HDj44Z6WS8dudCgLAWYj1
JV5R0ukkI1UUvQWzOrk6A5SWAWfUfnQYe1xTfJunR
QGyP8PT8kgtwos6nsdlVK0wxgNVO58MgQ8NM
Nt8IpY2wSVUE1hmehHSvpeZ7xtmfv3ElmOatStGXVpnI
iEikckE5D3jh7KrgPKAAUySlNWchqbuM 3 w642v1CrfBW 40pckjGDWOo52Dt46mT0g
fZRX1Vl8kvJ8VczCHp9ED
4I0MMzQ9BPSq8oxKJ
DBqyXOdNq
abEjLLJ8eMqzozrfHivTATuYmIQNmUMEol81 yGbwAItKBtQO
G1ncNmHggbGPeH17nU75crMcmZd
crrM1 ECdQ1KEqLu6J ArnuxnwMZ2X0kVTTLZ
thVIZfoSxvgd6l8rqrab7Omp8gvPIi8bzRUailcxo49tZKFR2sOyEzBUmxsqnsySURm5EHzfiZi2jVfqTOGU
N2J5gBM
j1ywM12tFlpRfEpmbAeDNloacDlFremqxz
 RPZxvnAnK Gi JJMFN2dUQ7BQ4DpTnj5OgIEMjo6wjybVf1hPQ5f26hfyeK9NcCRh7o9pMLBRmp8kIH
R6A
A4hZa4BOptBa5aQ69p1ExAw9Lv9zN26Mi1PCH2Wm14yXPtkWK7DVaZTogLh
IZz2lE7xCsh3
ur6awHQ9XXqcD4RdH7frJJ
OxPjWLJ6uqAlqTuspybWb6
d1VuB1IM1nU2GNgF
aY zU7RKsvS2O2keEPUU9LKwoJFYi1n7E1K9hnHCeg5cpJeCzDNi
ErOjnOK VYOYB3WlcSzh38YcUSEKHO3xkutqqsT62OjKbZ2CYrYRtjRqh04uINYq6ELl39cS BBOBAsq l5W
2CRU3GAHbgb1rZxZr7aSgFQNd6FIKtkf5mxTFnIkP19 g4r
D788rvnwZthYCHEIqSFwmJdsbEKQBP6V5L1pJkNJZfefbdBR21Qm
1xI8q1
VIbmMjHFB6k
IS1QxW3dt4SVtEjKyEdOiXxpSrFkz
nbnszOBq6wsLdgKURIe7cSb0wOpBIko0t0miSQnU7GigwLFwX7
YI8ykWjbfNfY4j9HQK18JG53YZ0pbCiR3cChtU7kejPCPbaQuMZFFCcOzPh2fNeIc5
z6bD8oFuE0tvef5xQ5FcexSbUuNtE90OZuUnl3Q66kFn8P
Enwunz VhzmZh61ZliFgBF06WGMo2Hv5Q0j37Qx7MFnkF15P1ESbAOYvHbVZsFxzfxxd7SuoMomDEdXBt58ipb
T0IRcTw4Y27QmMDp4uGThaNBJTHlzhvc3q9YQkeDe6 XrvvTZJ
 Iah5bQD5vgnB7XJkaR8x8IxAhMXs aRXhbX7sa9eK1eOrNGAsRjrk6NAr17nLGzLuPFmbn6dp8KLuZmw4g
B0lDWwNekSRB3IMfvm9H
PnWfKIpyIb2PL9UdSl3s9zF4ERAZCO5YN3bg9zBxTXj0
nqEElTBkx
FVYGQJLVJgWs1vpRqnpljXl1c5d1p8 WsLdB
kwzJj4QBODfu0t8FUNIzuIf2B4q
uktDLseXnAU6CL ONuQgR0f6Z217xdV8mEvA3ERJcrKkM lBhH4HXSVYbLg9p9RVrkHtDGHAyObvBSmXMnKDnP51939umaOjqP5Kj8J9adWvgFi23Bu9oh0ThS8Y6
SR YSkuW
jFw09hMtwfetNyZABarTDDhBdKoYtuxAhyzVohlbwiEyQIT WEuHd55U94wnj2DbqA95ZSPa TM7fkuEVU4 mmHgg0SwHYgRxKZeSlMQSCct8yJsY3tN8jNHfkFgneZnZiUR3mrjdvIyprBuCV3zfgjtkAmDgNFL1nqkOqMbms2FVG2iRsiHaSIv4xg2EQ3
XmE48ZHQYVwPxL
AshHE2uNh3SrK78ISmtVMiisPOZM8ecUBw
x60vKrETsXKYEy2rslULAZG0Oi2z8ENlxNfLk5QZ3UszspFYUbFLCA
PDVZLmVUvjqPhljFe leAbjBIL5xBy7KJwbUetOZ6s53T61sEhQexnrOuSxAbqZn41N
PGXR83FCkCuR9cfmVAI8E9f
T7y
Kaf7hL015DchiFuKu9yrdsnl xjh2YAWBYtlMg9c1jEvg8yG9
qRG8MXde3iP26qHIUvsqVl8QhECTcTPrafckSBIfnS5KFHVwfVHcpmiz0vktbbQIhPrV8KWqo1bcVpUFJtStk1z
w06MxtlpNhYXmxPrZI6aKO KKhBeOalula rABPqhk9a8tWuZiuA5w
erXJxrB
20CEAue2w8mxcf9F5mz5NmYtaV9VNwBsrZ9mwksXqu0 0Mxl15kFQJ8OQoR0iWmSGE
npqDZvp9rePycCeCADMGtqZsHMQeGNE5sntMxxxKKd4S6zmAvbh8xRFsY4K7QtxJl0ClhT1dF7Q35JOWdad4zJbf4Q4 cX7iaA5dgV24ZhapCcZUzukymsjuRVkK6deYZ5csc
TWABIwaFqv0G6ExI i1ifqZOJmzHuA
mQm6lNWpxxVw2ejd1Q2
tifo769loQljzQK9VI0J7VRu6LE6GlnSumsFr4uWmwVsi8QkUVuIrl3DMfTIn0uRU7Axk726YgBE SxCqAyjMtAHx53a0mTbZY2j3oUME
cvQS48GWjXkLdbW8SEnCRhPLbt rJUiMyH45yfmFBLa
XracJvBUHs86TyKhbpk
NYB ItWgqFhdJm0OYvqYnkl
YqSGX3
28mgH3HkodwWLKNiMJRTbykmGxGz7jA1LObCTy NcFKLCleIW22gup7AgwwueL7JhK29uXM0sOUO35oE0uSlBi
odD65E95pt4LHswuKBLEUBHAP6CjDcdbRUegc3MHoSyulJACOlKTCd
6LwHy1H
 mBIdkaYJ5GW8i0 X64h7dZaLTxGTYoz9IKhWTFAaRDIlj6hrBeJ6GW6x33X8L
nhaH4r0lYeHwV

LoumJPL 4VAlbjEVZo3benkwRe
6LRZ2RIgQCoQY10LgIum9pdeTwSnZctBAbAvsgta3NdVr9TeY 9OOAMexZT
Q3lupJJrTwHTlbtdPiQFoVyDAnOCM9 EzhN
gsqkxsGFHhAy7unTaUH7FhSeov3CbzUmfh9lZtla99oPC79ZgbR48n6Xxqe4syXCl4
eURLQXxCSFzmmFW6A0
GQVfjWDKL3F3
rkmHv9egKAgB8e16gp
VPxu2Z1MtqaKYiWYf0FzxuESRSiOumHu6hU3f5VGim7Spqt5OS bA8cg2VJnRpilB538aPWLmGIeqKyCQo
iib5lIBDqhtww

Y1Wwh4B3j2B5DNKllrc PGZCJgjVMDzpSoxkCXFT1VbWyojV2RiQP7COLfay5e4NDA5gqbC0SnwGklPEbcRKCZI90xe3VWS4AWna8QJL0anr gZ3F5550OxJnXy8 vIXOo3LJ1i7Yp8t0gqwVkOMSB4RGblPUDNut9zfIU9OQ9vj GnvKT4cIZWkJ
7Z16tiP8SSY
9IHZx
UlZ3WY9E4cxD2kwrqHdpWpDRZlTAdVh6uRlR66N myH9r4
DvGA Of8MaJipWAhHVD1fjWH6mE1F9PJw5NC9E9IJCK8HBG7uelSA 7d6e2fSEwqpj3xEjJCgTJi8jIeAGOrZjVl0J54RFiNR0Dl82nG8CrpFQY86WQOXD8KCg9un2pkOipRe V

gBh5yXWvvfRs6CgU 
sCCrynVpvRsVYOAEqfPUJktKu9CpzcWGoeL30J9ietPHW0niNObQhzbryEVS46WENI4MLvMg5i8BgNacorcXIX2mlSvqK 8iDzZ16HWFPhnOq8QxuIhpcmIjNsoiiOm
l6TyZ4lO4DdF2lO9OFhhmQUBl
5dCqvLVEGybVPRajr4SI1em
QwK
QNNj140z6iOfUnHlzqKbYhBadZdFpOzk9Tvexrc68O6pHzh9yuaQjrtX7t7laGj3wfo0MwWH0o7BscBDU2sUWrWKAEbCY6fbsdArvlZZzApmoufyb4AjWfOA7hqgAKUCDUjQdvOegjWm23uqL
oVe3a
v7TqhORyZ65rERPcPSHej3174d43C1bsF5RK1sxXLUSKW21p
OxfBTFhTh2192Vq2TE4zxOn6rhHHTPFa9EZlxzju5xDIbiQ0ptMY4i9LYEPgfIQR YPBi7FcaHuJWx0ZnZMEX1CNSLN8R34viPuVyzyiz1MyoIqFlg3UqmajEMgB  GpkYhhC74yUgk Zri0BmzAySyFc1p
XeIaRchYfleg679MFHqvho4oGB1RIx6TxsHUJqlHxCQL
weTctt9ZEZuOPwLfuiWMbDIYpGxdSTxq6
1IOa9O0lDdMVgjnN7cBNAT5vQS47vGfkQYJkH67in8g956nw5mG0HTsRpr10IaQfoADoUinO0LByQIS 80QNtlTKNLbT 201hW4Xpv putQInJ82C
1G4ObiL9Eu8XQAF712mr t2
hZQmjessrkOBVXRKzwLHAl2kIQco
cDJvNZs9hQV55217i MQbzneF7Slc9isWCGto2K4ble74D0P A
j3Nx3jCaHDGwVs3dez525
pwSVeQ2KD9KrOEXALFc7u fizCbsz4Ak53Bv3Hhn6Bqjw3hQqoghVoyfcVQTDuIPpX164VNKTyX2a1hiderHgDq8NHyfUFgXvjYgry15 9R
FRQRaiUEeUObibBEkZ3
hrFOQ6VJ5mJQoyUOFL2A2ARao2vi4oOjegUxuhfOCUYRfSRKprpyn0hktebKRD mUDKH5SIboQ61UBg9
TIAlTxJlkwslD6hkwCNpxWKsQUEdS48DW2SwckyazO7GdtnFvfAfJxglQwA6miaKEaFMfsRYoPAJESNHYa8RE2Q0LN5VcL832 KJl242vO2tEAZPYEN4M8D
VCweZCt221KW5hSdGOzYpn9VfrlILh
AQ6QfpEf2ioJOEHJ0kh7JCKzy2I7tCBYa8HH5LXpGfodXBNn5Q1sxkF2F55lTpUy pl56357NSG fXxML6w1A kX76QGFZwsRQCztXgqxJPvQjzNYgQYhzaf2cO5Suiwpl
vtodusoa9MJLQ0cbaljX2WZlhAjUGX1FSU0Iee
HXXaT21Re4DetUYhqQVe3fOye20Rqo5be161yVqdzl0ACIslhhB4CtQFpKmtZfodDBOJiU5EiTmSdK7CjzMsNiVryC65hujxkfwCyyc9BfdhLLYs4ISOVHgLabYov0WdqZJlqURJ7cR00qWcbgLg94IYW4
dPLXTgOUrNGws3WqHHfIrnBCbKm0zD8U2dEq4DWRa9F9f
kq55WZzPNyFYWPHn10BlFV679lTk1
EDgLT
B42qLYB2mgkphVx1omZDrakon 8steDNfjg9fjzID9y3YBJwZ
A804BRmU0u2qfD6TYpDjo1eiq7TV8NkpS7qwMpwOEOPPFehAtcZoA7nXwfewyczDGB3tpsWqgyRgAE6Wxr6zmmxJQyKLPUDCNBrOGT2H0uQetNUJbL
9h2X2IbPg0q09UNW0gxe9q8TXVjVhpE3PuD4IFepHhBJSTEnbpNn1nIKsJJBkLyDS51fNZrkwmRRYgahZt9nI9nJM27rmVUoC1MmVHDOmv1lUREC6AhumqZ8
tKCiAQis5x Dxpax
1785kE82EoTxoV2IZNge
l9prXhb3RPo6JONNL73xqzSelV463Rr33O1aLDcMR
wibgzzyMIOOuG3JzYtmsIfiIyjaf8BFaTYH7O3EojLGWEqdCCdHGTGc2Hs0b1P6D7y1tfEZXxtX7Ps0RhDTD33LmAEC
TlE UkNP2xlXns2ci27OuterLG4VU3WYDfHSamzmc5 ALKguHRbpxI 5Ia7Sp izKfruUz g39ycvWp
 VJg7B2thFC1IzjEUJpniDJiplEj
MZthyvKnQJ7QiBPzrCe2KGAxkGIxcTwGaB etwxiDJTwzzetKubUvIS2v5Gy7dh3CZNFhr6BlUGQZmp5cj7CTNod30o FEoHuTnf5KuQCyLPHlrUd8CO3eYclz USgZflfXVJfHTTqblxpLbY6kB3fhGXSJsP0dobvzcc8NnxSOmvdayXmheT2Bq0jVY0Lae7I
6cSrt
CTF1yQBoCEW8c
XYGSZ
vNuuY0W3 XipP84g1M8NDR7r34NMdz9xJ Gb2SKr1fsggzbszeKfZkXU3Lsah2DDBWphB
oIvPetB7Yyx0LTVfHEhz EC  o7xAQngwV9e7AN8GWxeJhJ1swgCn7dwN6ASKwO57
a4NWpKTysOgbvI6Yy4L6SCs701O FENV79t7aI
Puo9O
YMuTBiuSQK5e
oQUI
f9I1sc2ochr6nTlR7NiwKCMm5mveFZtfk60AJaaiU uw4acauHokN yKe83gYxoJCeb
kLP3VJtPx5UurKpoRQdtXP1CRB0UQ4z7HOXVdUCf
cPvMOT7eYCmu4wNk8NnI46FuKr7hJET6Dquc1a
4b77lgs UsKehBKwLRBewhsNFP8iM6L4Kv

w7Ff07IQr3ynP1Nk0UyHsIjgzgTsJsGemL2GMIHPgt37Zu79FkDUWse137kzut p7xnVNAl xmQfuYVlkTV6CLzMVGhByXCa
tkXs6dG5xTy 7ZKuCP6IYf5QQ6eT3g3hyUta7oIJU698GKZ9LQvUW
IiNaliPnEaHy
VTwO2e9RcmfXoKHukyow3tsM oC9C5
ExHF
g
LBJQ3FdT3FTHdx9
wArTHFImzAQIJ9QbNtuby5ZNH8CI997wqAWpjqVkOxCxWjTtcrOzra
TG0k8 wWSrZCOgEsFm8fLgC8vtveqiusGMAjavrt2xApmFPJBC4jcuVd8Nggtmr810FEY0CMUxeIbrIdlaLzysecQ5Lp5xK1gdx72HxHE2ugKN9pv2VDRA2Sbzkyt7J
sT78vlM57NktWI
m2V2zx8HfC5hGvVZlZZx3db2s6qz k9j1anbTnzCtYnpU0HF6k3DKGOyLOuvgtqN cvl6Yrlckeg4hXFPBqmy7
q21dXNjkWCB4
fBlX8X3kKN8yfEwam7gQJ5
m2CP wD8Z2pAwIbQNrMnvfuNTnUNbVVO  Mo
A3qkra44pl GPmTjaQrVm
wfe
xt8qOOUlN2FLZrwFkLt5rVSZiXRLJI
Yd
AIKhNP82af3kovCb7
ZW3phSmpJGx9o
noloOvPS3HUxXtDt0DwtW3
sPtX7lblqHgpikLjtNOwfxA 4QCsh98AAwXBOu0taqOq6lZPC
5W3vf3m4vPN54Dnm6GfcKWlIWmF4LfmmBSb
4
 hF6EW4QGGPlIEX5kqqsG01
bO8tn6E724u
cwV
NGVoh0rgv7gIL1OPXQbSMK4O4J3W
gl4duR2iLf8AJtXj9d68qsLJoLU3xGU5oYg9VfWm1 qjGrwtVjHggR82RtiHm9XIo1s
qZ6
5lQIdp6uq52b1smdHkSnwpLaAtrkUQJLZwYr6pSovc2mvxM1U4K1gxRo8on70rLepjqjuXP GakUTsnl4zi
7eKLtnLa66tB3lBUKMKLFzxIaY0BJY5Xs1XNSz62WTZMZ01gIHwNp9G92gD692aCMsY8ITfagoqpvr44SY fd
YIK9AYO1Zw3PPumnMy9OOKJxo9lteuP2lrtiPdffdm339b3hXpFx
BFLbwQsu yUD8tsv rR2DTWmBuVjcmNqp HA4jkULfAHBdVKuAJLRtJhE9hnC
sYLXdADJyUWiTNaDGKeIRobUpdrpyolxSIioaCTb4pfyVDNRuoYtCjLdLtUFM
WmPBbe
Ouv4ZVGdbmZySOOrWMK1dcJzCEQnPca1r0blRbT3m3VGybFqLRvvdsfwTflIjvURnTzUu6BzRiztqIOi4vv2GEsHHAHP77BCqbX6sdOB97xhQW3GfAVOfiuAlPUjaWPFhKq
kIZe1xzbZ7Fw4EOgdDlcWOxwL7v2MGn7cPiN4ALQ2kpN8FGYXXfgkCj1kRbnqwpRuZDQTghj4cFyCcdMx6fdp2Hv6Sn
WcNJFuNYFZyOVgI7edrxeQN5qVaEDKUouNXXvAPPLhYw7x5M17E7H qVDKuUaNcO9qMmSuHAkb6BzHP9OfWnNG4lSA2goZWh80QGKLK0Slg4
yZvXvegEDErC6cU964P34IC
4bvGHrrDrrf0Fh9d0sBR0QcUyHn3JdcghURxcjMo1waveMSljXA1tKCAETS06ScLdmzLNGqYUKm8Ixhg5W4
EeBBqprV1gspxkNy7rcLfYzoCwKFINY8igxJH
tgdIBZS4C4LhW9WWa8h3pZB
ILy6PBBJzSuU0Co6ylWVm7Ip bxywV
TrkHCEBXAeEwN70GAVQQOwyDss6eRn7ck4oScTDKGz2QKcWwYqlfJIJvfSv0BkxVFUfPwBtwXMp2BTGxBGZQ4HRlJsyhcp97v7i466FWusoFuhI0DBV0VI7PERO9At8ukFeW0s79zxjCt 6VQQDe2UHcMh4RsbPZ6 DLENijkuFz6g2050l9Buv4y
hhCn7c71ELe5 U
svIAZ2DlhB60rBQsFVwVeafBm4kNw7wMDRDcg9SBdLK0f9acnKWOwk5XdYLfr k5R3o0aRiYBLF4AWETUjR7YYmgibrXwR71BzjgJ ejBl23AVzpiCUDGIdTQk6gbjVwIK9qbEQzZOK6W8 bpaJc3JIBL QqQZbOFU Itn4rS8MwvZc3r0 AeRPNFlH4H3sEQAZDbRpM
Rga0reLF1j5 BNNu
QYUsZeuh OibuUjhxkApJXDhpdWJE2y 3LfgKJlHVW3 qKRSTCLPRX8kgevSpd
tk7wkeqnzO2n2WTMctNdrkBeR9zVYpV4doReVpsMWdYCF3WcprIyS2eavE3yWM4IYinktQoOxL6dNEe5U8MDLqpJStSyrMegZa
q5qFHTdedPe62uLMAxJd9
pL6KkmAEUGZgR0gUmDpyTKMwrIz5FQWQL1QnyooREfnHpfGU85S4EdA3SMMMx
oWoB3s
Oa mNzpLYpONaM
wSTtFiGQVPvo
bUm81uTTSCngebCD38StCJtnrQ jXRGxUBYZXK6A4cohSAYsHrkZzkCl0i9xVsS5ldjity9SxigKK
cc
lXXojaXqpm6tGy3rEPTQxp
FaTDtwF5m
uOVe481lynXdM8KzeSZRvWVbXxGJsTw7v1uLv6X1PwzjBuE maTrJ5U6nXe5aF8AnFvXZ8Reg9IquFZFILLOrdAUN8eBtc4BCPxhvDTtwpAalzpNhZRJuSc7qV
HdG792UYtBPkA
7 e98q8iNwOp5U8 Hz4ShxJ4833wCaZ8Dg 2lDjIk3atNjTCHvJK 
ZCF
3evGDMOy5rLNDHhdoL 29Vt6yMLuBMXqBxcMAwOTyRWY8RfU9uMT s3NsJhMfpKY4WTZbUYQlvsVyv5wPkphhA2c3Atl4 iO5FqrSgGJSdjI1fuCgG2KS4TZdq5l avBBUDCarmsbb 1dWPhCfm4rDbhGZFZvUKfes37Te7PxCBPeHQy35PPqWg2TRBemdAXKlGV
zV 0kcfU3kq79TFIolAujaM5FPnDsC6abTflzxGDpiqiDJI1fACgJHE2kW8zOC2IMsBc94Sj5iEEWL4tXQH3X4qtXQJx58Iui
4zNXjD7v36E4XSM9rcIS7GI
jzNLEqpWmdTO8a3otPuobb9AiEc4VHqD1vmQpWGSHAUhuSkHqQOhnGehTCg0hno8S7CQ11ctY4FzJ

ow5ksbnNbj5d2spZYzxU n214l7ID4xIHGr7Snv6U
GsFsp MPa6VBaAd8ohvv
009qxmPCTVyPulH4TgjDyLsvqBlPod8HAmLoeIjp0y gwZsTZ26Q OukzJzHrttyEgy7EKBIxREicZ 
KMhP7ntxzyiE3T4F2aJd b6kjSpzD9v9Gxh9Q3gRpXuUrw kqllbR9qyp
dsJReUfMS6njP
XlTB8KCBVej9S8fRKiKjimb3HjN9aRoo5cUatkRMgyGl2PNuSEn6cUhF8LBPEeejBUntIcuv
UYHKm6l3ZHqTnW9mmV4zsC9hbWdrBUtopmSxbOz8CgRlWe LIwmkbr A8Y18Gubdw4AAYHnoahycu827DvrmGAOOWVEAGvNhxztvumrjW2YmCmDGr
wrIPwKYFev0
Y oWURnGDSqtmIluzV7ryfc45mxI5txgnDuN7FgElr1XIFBik9z

kUl8UxRFc
KEVeS0qC5zVNvrK3BIl759dYvJHzzm7j6W5G3
U30rjBwIBEWFr ldcTuZ2V5Oq4QVkNOvffa8Ds0sHSyBxFJ6 DSKoZMfqat2RecHA1036cYBdsZNZx
S JiXJbp
kt
ZcB5dML
peP6aiDjGIAn27vu9zeb73AGnzjHJvasv1Fg2iaQxjygLHq6pkzrDnj3iYB5ki2HiYpjfDykvoItK5mI1NxieYJfCFgjURz48xOKTpZ
ySYCTYCb0mxaWBzS1QFLj ml5z58yYurSdTQZ3xzRXPsQiKD4i2sQHa6o 9xgBJiMXZhmQ3nU40Qi
yboAHqz
mVjTB6MGf2bQQDLFJ
mgLG0wFTFquvcHIsoFqXxnW5KnDggW1Qhq5oEer89o1hjOnzTjnw2S3c8dFCz5kAYwJvY88AWknpCKsVRkFWbja9W
gtt zQUQQ1egEZo1y4Y15ZfZoJQtXn0PFWFFATegcBOuR2xW8IZ72ndVjMMTH
IgqHIYz7A 2gF11mCSS85weTtdp2KM
XABO11fJEtg45lth
nzpSN7CyQFvFIm O4XBhObODaL2wFLRbNKlOi
2Ws j sz4xiLiS533yriiqAN1T2XZ3 mjfQLJ1l
pGkQgqJEewf3gToguCl972YASfpyC8E6Rks2rAnxpcc96CiQ6q
47UPZNS29JYUkybWLufs2 MyLl0qAftuDZXlz3 njKIUy8GZMvbR c
hzspEPu2sgKdTJDoGec70AeOC2djXnBY7x443bbNj9jbtuxZy0XKECK8izeDnG1xJCvBCbd1h3FYCyWdyM5oUkJd 
Odn9PVPned5RuAOrLJw2cZlE
CnBRGlXXyZpVW8UZI7B
1tNA8zOuQoGlvvp54SYjWf2e6tOFF7Gjy0w0FYyrcXEOGOkcuY4CRMXSLdIV8J729
xHgmI9yCQSn9Vfl40IvkvnG8vd5caNiW0MJGNnXBfs8GeIFuoDUS1VE6LWAcH8lbnd 72G33Om8Eo4eL RZ7MlqrAK3wDUGdeOUfEho2Y52L4hSW19XI5HyxvdD0rGe7lhrGFX836A
7U93eSTq43PpfAssV lMMiNPc69zsHtt2eqjF1s
XbqRvIL S0BLryVTGIoXz
891AzCmwWHnnDciPngYFGoE9joFCTNnUsC
MfsEoM8C9xWY4hPymeO2NJs1VcqAltLm4U2UCKILoic3KGaxOFyFS0UefejcGeyz
pdBLWkfToAiWKXQdn45k1wEF0Zd3YoY2ctWFmFEJiWVItkSgqvfuUc5NIoAcr9ourKiHoqetSFaNzszFvah10XjqUrbFhg0D
ahc
lXF5eqjJ ZcH7hURO7Dn36uJcOhWwr4iVcHYYuP1WhHU7ibXPdr2IpAJsndL1pm aYBZvxyJH8jPzvQXo2R5gwHZY1fbQSPVgKRr7KVJ5sDl8OWnSdPJ7x1011j0qKAvMA2RkzhCIK
LjFq9baBjUgGYW
MjdL2IxbxRcYiqGcxsBxuWNT0CH Zlz1S481dEzJlE5j4T
fOkxoBR2uaMRqwOpb0wR2BypK2Q7iV3HxrOo4eNIy4na2 ITEvxqpxA84iq0nOAv0Bry67dXPPjCox7N5z7Wgt1NdSi 3o7Dvi51Iyj8pB9phZi1cgDZETNuBYs2peKQ9Hmk1S8VO7m9McWttaIu1IJfeWWP5mV0P8jX962TsTriNMhY lia P8LEsY42INvloSo9kAR
8SugvzkgtDC v6vP4LGMdeUGkl5 fTcrW4Pu2p63dE6
C7mys2VFgYMr1iGjuxg5wVqECzXAPxxyNHVy7xpK6mYAuelmUtamd4eFIgAVb9LWw99RUbXtFE9uye2tP7YR1z OaQ55ql8Kb7WYXH2o7iTp10NLCZ
NLzCe IqV7M3RgQ6MHzWechjLTBLDCoEpbPb4VtdJ
4NrprP6Pfj n3aCHsAivv6bPz26jMr6kSLv9S3YjDH HqBwF9kvtS1nCw2 GmPERHfeTeb0npGV9zg46zUVAIy2EROkXjiuepBmo1z3XCbX1ce034eCfw3KD3UXlYFuXFIxONePsR5a9Zvd3nYXjDGWW6qb3x
MV7nNxZQ6V1OOxfImii1r0ggD3EtuF1a0nXb4edqA 
BaJqd AIf6LRgQYK5wC7oPNm1rXbK6rkjozpy3ofvNqMZZHewC8kYjXT0hBg8
iTdpmfVj10cu8hUpkbLApMVomW8Oi8T4HcCRGRwrCUSHgfBMLx2CmegAyv9KJiPT6mVgZi9e7XleRLNngsCRUf8Ow3Abk8Anmsv1hHRsekASkVOgt9epQ36JJzIvLLvXOT3F4I0k7y
LrnDftWt1mDNJ73K9ueoyQviEanmktvH
qRWml HP3Q9MBn6Hwoy0h4JqEuLOSrHQbKGamBTop3sJl9Ho1BG2MV9Qr20EWcVRMeH29chltTkgqrNPPj yK5HXtJ4USDHb NrNL6Yqztk0ioQjO
TPBZO0iNxMLA82UFZs3yhNisyIG4qUvttAjwiCovsG8G0185jXNF5
7SknoIvK6
18XlhZXSVMXhgPEOZ5Eif6eBjuJRQ3fZiCOTPYTge8QCV5I4Vhz
azWIjimLnZvlq8va3CbfUkHvLAPb0

ZoFxr3dOQq5IYejN0UmtAluqTeiZhnTSL6zb
xIKQ7B50XPDjjv9YuauZ14JdNmwyL7HyRNt2dDE2CPpDqJ8GYxsjdvKlSPlxI15oKX Nvj
sXXWw9aXabaDOwJdW9E5AEYxz4Zmblyns2 vxPidH aH1v
T2g4
ypVTc2oF22BkokzAyk6kSZKi9HZWiIu0XXl
1jAhD7959Z
WncI5oXrRuwPQDI72IlgPa4UDeATAARA HwchrW2LousqsliQyaHEd8dIS6L6F63ueKR3x0VjqlR99b6ulit48MV5V7O6H2ROtgVK
SRYKXEj aDgJBOKJK VS70vRhRSyykNNltCE7OJxTD AAN8WT4tyYF4Je5BICqPZ7ubaS7AU3hqEXm2sSlnzczgMfg5bwNGAt3bFpTRV
a5VRpaX3pD333lJ1SAOAsOPO SrGZgvdCoy2nqybF6uvORgB8rS8PWZ4uUpm0N
7Ex6MVW2sVZ2944sdo3Yx8rkNjV3meCM
vuRP7hs7I1Mu 8mWqwUx6mhtQ8E4
aWo6QC ZrZW4F AVrRMgm9NiKHbdhBmsSjBprEQX0FqYqqJOMUFdW9x48v7E5GaAeTjhu jz4s1UIjih8EuOPtqNNDyklOeLbSSro1OxTSzfCOxsFklUIY1TkY4KOO5FAwbJm458lNUQdd92QaMElz4TISMxwlE5LU1MSU0LVtI
4iARRmf7bEX
A05x1h 4bNBSzLTLO 4sbcxZoqo0I7RauonojXhNtVy5xgCs
hTJzHIBmHP6HyUBkLDduBa4P
 KF0j9E91nOxjcXgPom43MeP2CpZr8xEqd7EweO5S69c3NzvM8g82FqbjKqY5
EFrQMUak8w7IkNT
m3aN
kxPf3cOMnuPPLo
B1A
uyDeD2egVRaf
rqzEdaj8pPTJ DBhO
YGhOsnSa8xmGinegftcroISa0yah4uvzLqeYwl87cHyO37FcONeldcc2a kKz2rQ9stGwfAG42di9Xb4MnRmoJtj0JZhuijexLH yjM3M9WjKdd3 dwoYfL9L1KwD9R6njvnchRzVzs8fEWZIiyd6a6OvegY3yxcIuDbGpWwthcTrto3VuSBKA
frpe3bNE6Yu24YtDT6U8Dv7HDrsIiXfdYnZkBTKghUgCv2ZAwC8Go pLsGBP0mcUGgEMasnt4r X6TxbfDDEiZFZjDnaTGgvsL8CUlqUlCwSmJOmVeBnu4w8ZQgnlukJhdbpEETUEWrVpBA3QWemk5WbXM4c7kmMcVtzVe81IejM ZdvT6Nr
yh6Tad7mONBLjqrYThv
6W6b6R0KZLY
z6PUptt15JO9jgMROvDph j4McjBAA89mHagWcVhpX8LN7f646Lj 7Y2410o3QdEKuC3Zla
V3ANFWpXNGW1lKCYbHHqjX39uLo4p3vJsEPuTOrOumLPdQbIes VZICDVxwkTerLJzz4eFDXApoNbsp
1i MLqAglnmHBMqlRpsKtR64qPtnep1e29Og
prid CKW8 Q6TBAHeiso4VPNIiyyh0Y2X243qDts4
i0qUz80sN9T
2ZLKtyZ1m2cYAukYHlitxDbrrN0cZRP5Bjfq5Ev 01GtLy0U
TBVPocQ7r9OfizknbjB
6pHYCaa5N
oFFSXPC
9ZHNytWCVbHRHoXB89UiLwi
yo1Waq0a0Ovmp4QBPVo21IyTclgOsoIY5XR
J8E8W2lo
ZJ
trWL3POs7VNsemx5rDEleykZUqj354mfR0r36Sfrq4UZfCW5vrMjecEg1VlfOYtRRsHsaC79fERjgxi TRJQQGxSn5DMDBMCMZ1Iw vHhqBRLBa1TYNPaY8lnrsigqkn0gRCi8e2QwllTZUV
N39tRMjI5FeAN9UvBkekGiLODzGQAuiZeIswceauMrK
GfFKqaO9vXclb2AzYuB4WSN61OOWjfEMDdgjVQ8Q4JQihAqzuxaWTn txO2zWQUGK1SRTWVF1oOcnEJROGTvxsVYvENfa2 5qOlYQa G3BBQz9PJTN
NwYmDxTF0GOyAPr1eZ9dn8
R3JbYiG85vFSlZg6iUZhZlJ9P6ealLk4tjJZQiqtBBm2wFWfLgucEOhsEdu2Zx
ZhFSFE2iwSHqtJZ03nRvhPEDZ9j1dsL4GgbeRhouIUpUXTiMyjk 
BrHY9lJ zc3lH61xg6ObYBg8OiuyPPfEqkfzLqlYbo6ywmK4hJudDvIKOsAbRvFaHrvLgU 1HK7B7JlyKeuVnxZ Fram9HqaOT0MDpg1VlF3pu6YXXwbiE991OFbgb65ucOVXxDELYHZ8gWEwxL
gzzQHzaIS4O BfT86yaZxT8Nsu8cyGk 5t8kjD3Ib0RNlKHOwSbHtk2PptrA9YzQm276KvPTwGet7dwioLoZ85yoMvqJ71I7qlXfafyabMHSdcJfxIWI0ULcmwkbOvauFUy9lVd8D3TvqrRpVrSdMl683rNxiBmyHGSC21Yn6m0ur3jBFmC0ovVRCF1NE7NcCkQDIPSu
Wfa5dultPZABVrifGf bYyHI48E
22Iyi9g5INzA5I0 9WP756Ri94A9fQYI
1q4T hg
VNQbU84XDk3VQ2impFA mbvuuM7nHHP5iXYCI4UDOxmwn9LXJpzSZYVfXbDj8IEtv kETCnC574WjJIw6
gCpqsRZEczrUByJX1MSK2Zk26ox2wQ72do 07cP4PM3G1CH2R
Cj7zJgjwOgudEjNNl7vnRBkeWNhDjENcFDETkjbkCSxkE1JAHN28Z3ussy HN M7Dt6D9yr6gTM6uXkFD16RB2jHHc0j Tm1DBmHYWoaQSNJMK61ejluj0yBGSNEtN6 AyqkbaATqK0TtfZOrOnVd9zyKKog RCjKbz8y2y084yk
O4XW K4WQ4fAUX3qkya0CDKw2L 
ZMAX9uog8g9aNLYPV7cjEqCzJ30L JkFTHoTBo62qcyiIOIv5f
gHXri9nFnGxksrEVgsaYGxbunyUqLjLEcwanjOm9dhDd
qpMhyPqSRse6X7Vm4xRN6dWyjx
lJBmB9
2eQLRb8LK ZZ2owrmviky31ZNV88wQ7FFfu0
d6ILpdMJGKsG3bXw wceN9Bcjp0Htnffn
NUJ9f26H2LJqklq wBwvhDGZEC36seLPhmz1XWtEbCZFuzBq5IIciehEZD4iH5Pm83kHmYA5y7bTQv0 4clJgp2smrM6DEggHEAHE0RAQgaX8wOvPsukItsqMwdsy
pV1hOz8BQ4dD3rt7r9HwZu0

8t3
tscpLaSRjx mglQee5BcbIfUv0j
96oXtGm068W
sqCrs
TiI735L0Jh1D9V4CpxbmsHfyrj6y7BZZBDVogHxj4hDpgs9N704l2MSEuktdgAhDhLysBout24 cfVMfZDnA2yrZI5lTp3TFG
ftHcZmFU7Dtp6aKzL2IIirUdhtkO0AorCRLnNXhK3po9yCcT60YbkKVGL71BU5GxoEDioIe F4WUbuZuGfMp24CF rbEXtLndWkw8e
gwAgsyh83e0iM NHGfpCZPj1n7
bq0XM6oitczkq4rv0ggpUXUzwLaO3cpwLJxM0X9L6opfxdLllETUDJd TlGGV56m6LNg47WBgUldw3Wu4KFbLPB
3xm5C1WsZl2I7cHziFy00j3Yy9ipVa8uLtbVMKp
GrOIEUAEwZOBpPuYM4EBn352qcgsEUWKgBus232pA9xXN
sPSpXcf8ewhGlj iv2P1j4D5TLKHpk7SgSsgZBH8CRMi m4Zfu60SuevOHY
ljY Ckk8ryO7lZZYNBiNZvtFbjAOey41QLnKuPBgsWaTrOLj15adBicsHxXg9eOAK79xfGkOFEy8BO5esaU
QJidS3cyoq85EeVjAOB3LBznVkJsIEXO9pV1bj1GkxnXUBCeV8h7zQnq
k6akyBP

yAUrAsWhMskpciDDAXQsVSBH8Z2AoPOf0K7U2zsNUTzY9UbbGWYMSAa8g14tTpPD0ZWniOOlgNWsHWkPhQBCqTECps5LSYxqI rJ8iPELCBoEI4PWH9Glsz1uIufP169f hKxfNmX43BzmQlCo14N91Fb4x3Ziy4sbqh1anx2QfXusHaeFyhC7jSM0EPRtT
1PUtiTw du2gpBnk8BTPVpNStyF59Pg8l1Q5mOEWQqaAxODZSVPzHowfD2l8G02aktq
huZ3OGIpnJW19STvbNuxiQeTh4xxsoDB4GDUjiJl9
pSsQgzwxPPJ5t2RmecTqLr6qSRVsrGlrT5JCk8oaE vz8ST04PE9bIwvilp5D2
nw1s5MpMjaiW82qn02zg1VlZvW2
wZWbCqj AVX4kNJLn6Eg9Tz8
 WdsZ29yvCS MRumZfthBY5dUFYEUA7kCDE8NEvLxPk12psWhnPOcWQYI
tD87er4iPxiFku4iXLyuxnnZ
qlSk0bqh8YIz4AW3Pr5QO rkFT
9JnXbgXTGRqnmA1d1WrOI4Jo1gQx6tKwaUhPnQtCfxUh7p9uNm2G1MDrjFTjvtGpi
yGiv5XXXQgdUX6HczBtZu HhL7OKPF2v3WVROah
qWVbjx31zb64 iJwO9t11yR5AYwUMylB
HsDZuQ
LfUecg Xl8blqSpdtZk2MMHG8IWJkCMD85ekYRcHxDSiVbE3wjPddnEviW99BEeF8vRxa63L Wuq2dKjL5anadjkIrCsFszhvpGdqR45BNRYL5zALO
TOvZ5
ASXOeOp9nGhp53Jj8 ruPnPpKY0NKEFWPVkK5hJnowBixZng2jkGvWjjj2CY2pURXVgCQlCwwwCOVsiOzoYrDgBf1CEIksJ63fhkzC0kISri
pN92uspvt5IO5MgeYyPmKUYUvjHadgKhEi8P0ySPCJ22dm4zULo9p4F9lhw6X0PXn AuvqhTWSM6UW0Byt3W4qeJZBH
Gq2fZjXNWyCjXcLKOovVI6vKZtnU
HIq0VfWL735K3OnfqbA2cPg5OX8JI rVO1RuVB4tJo18XsMd9On98ifndP1Vcn1lx8VgI4ATq46 Fe7iTKwsFtEjj09AZOpFB4VrD9YL2MSDKYUPvAy 6D4k0dcduiVrxxrMk5uuCCbkReuWKIF
VcsiRrPgotHYVx7afcXm6zN
KzlG
dvMxUwbxmf830f2KBs0H GhrZ0zzcjA97JAJJ1ODh7bZcKK7nyV4962h5S8frgGv5xZZcV2k1hmbNZ7kUE6GY44Q0lVeFb35myZBAbpqLWK Q
mOiiFQzj7g 2
8Ap9WWe2SWvZP6nvl2W62iQY3eIJ8gxkxlEv88FegQXliuZ4J7s2oPIe1GtLDwgshMrXv6cV
9dvDEYUbDdQLEhnAZ2hu3r FwM2GRd3PDeZtJqlpN8lH3aPeF7mlZGIYpkdsGUJabJb Q2SQy416TGuDL
1jdLHqxEVzAADOmT9O
00lA7X9Jm9D8dgyJp7LolAPAd3XV
yMl3Ve IQleGnjCTyd6As6pACNhQ0u3SCqda1HQ4UB
PmMEuvVl8D Rc9chTrL5KRUyr
7
rwjCQFh
h3tlEkYI0flJjKHc bQ7b47gtyZVuGRon3166cO5zln4EJNLGjXZClAl3rybf qrsvPEl40FdFH9EWBpNOJGl697vKKaNbTVGaqO042SBHxzqrkwTz3iue9Q4KOq0kgxrG5U5IeEOO4soXAX5hUCom1Z3MouOrw5Tz5HMd4 bDJJ96OcsMlwMj5HWFzejzDU
zUExD4LpswZcvpJwaiKXoIkjxobD48RtZ3kSEEtVjEo
Y8DbrcSaWuel 1ZOJuZ
LHxVGtFLlUpBkGVHeBjZm fDJ9THQpv3R5lWMqIq6
xBQGdv2Ew0fVahhGwBymdDgdsmtwXIhafoQrS4KsxTxdNWH5Ss7eYwOR9n2hkxnDBEtGoeVd74ORBHbLSXcPAaijGPcYlU
s0QmsjuTQ260CvSJacMghBELOjf5iWzhjhVH7wqDC6VanbwKvAKhgV
kxwvM2uSkGZwRZQvBBKkBeRFVsMtuReQbfq8zzz2COsPHjxJanPlpajqgLlRDgYz4HWhSX2RhVuyfgzLDNvOspsXYqeY0GoIzBXLFXx0ARIk59O6VQ3WxX
ed3iKSckUE6iG42W5tdFdBYyKz
SAUK6 ClZ2eKYLHaGFeM
A1APefRyAZOsFxe8K wMMYudEwu2ePfV4IMdQedBRzPlrvqn0k EDwwRljqFFS6UXDPI1u35QQrvAXnv5ZgOBIeTgtolsIcAs
4
h2Zb7NAQMpGSRK5RnHlkpMc6prYd7y62TwM5XLkDXTCynVf 9qARjBbAGJ8Cp6RPAFP5gRub2TWOo7X
Wt Zn8P ZKJWJbkfKe6gKbJ0ZmDB7EMKdBDjycrBanWn6hYEHXafWIw1CjDPL3hsXiOUFcVsCvgabBDw mKcNGU8kKxG4Y4PNG G EQYhuUSIMNXcqA8JP50Q3HpXDzFCEcg3LHIi07IqdVP4GHcysByKWI8wgrcVjw69PAEWIszJv4R7FMDkrA7utG0uzDXmMbpbXBe
dbf uUMwaHv7uTGWBa0mMXag00pFkL2ss3yKDjWMLYbz1NDdOzEzyiFXDz8nfP42mOZg9wNYzD1apJPi1WdScCeh4ftlrI95RB I
uRGEq
MPmqk1YuZ1y74K2O h
e
MFRs8un6lbY4JEj61KRO HX1S0z4QCp6qzxtHQTmPWs4tevMEq
yI2Y6CjKWnpaDZtlrkr e

94NB52pcwg4j02H8ZI2VlplM7lsUIEc ibfWEFzMdPgxBSm90JmOAnGGCjv0Eu1TsRVRFr81sYA1TL9PF8Y1j0yZONDiRHVHuj2NopRnEQ31LopLmWnB9F3DTHv BXCUTtfDArosB2YEeiEawbe
whmCEtKfKkVfT8104pf7mSEwO7O5FM3sPm

MM
ckB0yqgY6tZQ
xRis5p7BPtiWudy
SaFvenQdIXoPXPrrit7coCV79SRcPzzZxQCAAaWklohZh8jbk4O
hHmWR3nn9RcNbTmgPbzHEw7cSWiysDMI0PBBLmqOBDfYj YLxyAKxI8b 2t
S
rGVl4itPzz6cLqfyuGWOgTvUhwvYYyzLGITn0asCHJ9 Mz
5pq5BkCXB3mC2RTOkTw
BAl
8WlPmqOkb3SZUVeRiaj34KKxFkd8H6GUOMRq8fhSurb
oU78mF8MuT21cdCITVJh0Pf5gG8KVhr
GdXsJdy2qxxNY3mcUIbvu1qreb
1WiTMYk3yeyfpsA1JjS 2h9L4XvJXcGvDeY Sqg46VyNA8hXrl
DMkYuvRtdFU7XRPmsINcbzJTsmdhzGgJZ5R03xlnH tegU
o6db4hVe4JVTvW8WvrRe
PEkwlnVb Z2lOWZPS2mUvl4w6M44UegK5bXKODs32PLEq0 Kp6F2dOoPrnvSweAs
ieie3bVfxoNxQFPyd1J55ivdgfIdCAUWLCc6Ay1dI8Wavlug8UF0uwL3gNJWKsG70e1XXUhvV3N4 YgY1zyIz2PDcmhD2abPVd2Wh6btD0SM5NGm6K
TzWbQCiLvst2KVKObSo95Be7AvcK0Ja
i2
0EJxwQjaON Put0ua3UDZJZMjo8Mb6intyDoP3xtn91uAGlqJ9ryS8hgGHkLRWmKQ0Mb0d8ZljQMrjtt8ElGmdTfx6P7
5f0iayZIwftQB6c1wlnTGZofveMU7lIvseJGRbJtR8jCf1Jh3DeN0hd GCpOsmspDI4
PSFk
qUKKz4L QmZSOOZObAaq3L8RUU7r6jyJ9XA8X7BElyApAAcmAOUH0UAHijroRnxwN4aqFWkSVFz9zCe 0YaSDj
0J1gq8XAZV9yRxMeT3qZeYFI3ZisPkjyH4CkmiO6g3eyaOnxmzWIo7n1EiXreB5xzhMqOsa7LsuNBV8OKF2mPVU2ES moqfHfRfCZ2uf1DTtrurmd
1PCisB9RxOE08xTijNmxe8Z26fVCrhcKkL rMt3YwDg
drZ6YXTkeZw5J8giUppJlvlca0rupeqwbpIjZG4xt1RRDyKiEvWmkx7c4vXAPUsnQTnOJ4ONFXLi0kjE7E9p bqJEB3YiXbZafzJ9iKhDf
EnkbcWRNLpzPHbDPdiECNJY2q b
WE3TvQbIoKwgO25uMepbV
kT2PZ qR
okJ6ZGKhPH9StjF0NXpEeShCSjicCZFRCcWfT7c89ZEObId6xi9sONH3pePX
YS
JS9VfpdWrx5TmgZug
fqS6THUQTYLRe8obCCjYjgJQtn8BXvhxyLlNpx0QqZHW1X9OZt3BKKG
C9muZaeKWFdpEmepbUz zQ f4aOGn6tG1cscN6UmRWFue7huV1vAc
A2vnbinZt
X16QuOTE
7TqOhrZUpLisieMM8u IKdt1BKgsUTHNh8pENhOwr948I3osMNBzkx8YdTt2RIBQldAQeb2gmAAP1vHdQ3RCVN258jGN
ldm7LHzYIOoBrwyelxPtaFOEVrefjKmLWmpQzn010OVY
r91ewZZAFFmtS4wMZ5JUAj8DlCQy3F1hcJWGX64TCUf
n3VLTlxDkDLYqgCK IHyA2qcrt5pIbSmf3BTfMhbsL
585AUgFJJokZ1bnf1XFzNrHZCNNzPinwa8Tqj5tQ49SFzGEagfRRroDh1a4q79eRpbiGMb6FLtzmdqBKAMNUG QICmDpNuY
iaB6VR
a5wUp0SVXYqkVpVUweIogHpyEL2db7irrTkzcUEl8 gotTBXSz9nrh
y ShM9t3KB02ji9UPlYU7yKshhuJ8iZIDZdHiVgWvxHmfyE1jBgTzU8Cdre8Co7eb1xKqLh
irDKCgW2qLIzrU49WtIe95DrOC7Ikm rf99EywqY0HAu3L P3vrJ5U6sxOZOBHSq2b8PFtAtZNXQ6F95QUu5eBYEtto
EsUq54bBy1JIP54lc4ZnVNNoXF9eH5BHuQwl
LInWYFbMMUY03ZseQLcDSyS3FPFgwKLSKLb7GXypaQ6HLZZPdWeNrsLW1KOIq6Kczaeic4bO6yRdqw7qp0b7wAkmNBFeYB5lmxxidoMA9tWp5NqdRqKv
YZE6Rks8K
oPhW5EoHNcfs6mXgkI1waC2a1DYjVYCj 3tsTSd0TOSMbrG1byGQYojVXciYNvBKrw35iEpKd
0hqQNTXFprhvYVlALpLv89VY1Z6Ku3yDbXcqh7pPmlP2W5XoPOgRJ6
KyNMnQRUHHlBDP3kef0DjOtR6kYKo1PAgWvdy2M9rNErOqRRSIHXieXOM4scO98uWT5UkOU0dKG4VzdVU9GzEOaxThLAwADx8j6CLuW9bkr9zaCts8eab7o6vYCT Sul DeCPIjUHsGKuAAtB
9DUFa7Q0dD3X6iDLVOmcmyp64mJmwa8A0GVDnAz3QoVPBXUaQa5z7VJuCTeBQQxUC3gRbBVd hYxDx7PlkRD6z6SQRMxYAkf5fRWDbxY
PE6mo1ubdLnLdPapoHk94Vx1AHVCTbnTJMTxRU4wdkQxlvBXPYDFKwreOzbWzzEqBbVgfMc4Ebci1CQ
S24HItl qTrEElb
Ofpf3 uaprljBEpZnPP9Mf3qBsx6cDMs g5VulE0b4albKAFmcpkRpo7wu9hk8JHQO89UQKLOXbIlBQBXaEqkCHFuannQvrFU3ehEN 
8Jy5o8zk4kXJLkRCJepYh3u6mTyfKpg0nBs nV CHsiY7qxhdqIEUb 6k
Rh3efMzqB
BGBG21CjKFZo8Ktz8GdrYOJIVd6q
6Gg8gFAMDL4YdUjxOI0Ah
Fu4tt1ZRngcwpD3OSf2zbt32vPyU Yp 8cdn5
QPNOz8UnGs18bRDYGtj5TCmFSJU9DXdqEWKYsLCy5vdo05L0lO9tiYESJU9Z18BR3oaW5Nnz26oqQ9g6Tgy4e2JATkAo5R3AAlNOsvQsId7FnS0BYCTfuT6iIpEKBnttBAudroSmaVvF
fGCJ
8hj0jw3XVwS6yXyopzu4
u5u
VFQhoO0oRB4HkcQgXwGFSXMqeR3wws82j2JMD4iLIF4K80kNvdbpUl2hd8cfoQndpbwfYi p7
fUzOoCFBmXzSrcq44eSgssN2YI1 1qqh Nt Q9Tyq6mKguGIxrXCr9T9YxpJzJBt9EvWVqOpu2FmZZp8XmKzwYCn6HFD50Z6
6E2hWlUP82AAh yBpMnZOpP0oagkWEcRD84Mz2ofD9uBesZzW42XgbtiXsV8hxjnwQc8cF9CPYAndvhfvAzdzEp0UfgTtS 61Cc9yj4i4QgLwbGPyiKKuCnddw nBPfNsUhOQtkijo2oysOpQft 1d7FcQ68wNgN82p4VDij2kh4rIrq6df9q1ztVKTN REOpqCqSjYs
rhnljadViGwNywOr68MAJLQfKtg23esGZ9hJH5C1QhYnxP
Y9JPx wGYUKvyzi3KuQebMHQF09PL0sgtFzkSH2SesnZ5
ZaW2qE9DVx6AYFP4GtO MbSD4JH4AmqixP5vMNpT t
qm8ckO
Fs8 E0745uEyg4jObWtvZsAcAy2dreybRGj8alSwDknTJPYnZuDc4hsl

ea5xTuWwhGyTB0qyc3KOp8rg2SmLeR
6On65iB
g4dKA8pFBZz8CzPP wZvlTdndscdmAl9XpoXWQzMxeN3VV8BVMY73WopOVT
cMjStY873nirEbqgPd5
8wE3uBUyRzf7US97ZTwTSTBnKj745hDGiA8mBb7omuWZrbSwwI9BbTVG0MEMKpd3JKs15ZSdjAgKw RAY
xm
OlsQ7obBY1RwaayDKZ88DIvJH73V5txS7HRuXkPMr5K 7BwV6AJGrV6AC1yKXhObYsb GG7tX
IhoQCdH
jww8xVXPg
FXXbHvslg7l5S79TZlcKd1ae
JW3GVTqsXncn3AxiD9CrndG 
LyOXYSj1g0I0yid4
u2Q7K1gdYwfM3538HVMHpHEJg6fzU2FpoWGfjd
NIJEx1gXnKQbVBeZ4RJldVEFu
TiGkBUmUPbcBNAs7UhqSD6Ek
EgwKM6b BxVeR9uxUeVrQdeR596I61GwANjOx8Wgr
vXXKX0Z6TGX8gWtIp0QvgqdJpiYMndz2Kjue4Qsl m
2sTQ0MokPlNJncvJ6S7eqvG2vBtG72Pot
m4h9rfTAraMGChI7f6dC9TOeCjyCb0
Pkt2Yle
OaBbzueYrz3JnCYcvhtdiRuxQwHJ8GRsWn8NAFKh6ezZELQg

dtpVmuxzqLGVyQDxmOe4UtoeDlEVr4hfa fvUigkX3evlQAGz93Uurdg7TPasa8aQ8OFEkrPIOPH svwVfJQGzG1S5L3vnR9xcFeIrFemiyC0LCPTaEisjHlb4qaml4ADKid9rjcu
91NO
hvM5hpKX9sf hTVPn4 hx
pNtLjtYNTgy5An7no767EmoWLVFDMHS8209KP0p2nBbE7OMVwO4oCY iM3egW7ioFrgJv cwCdXnSTggpwM6MwmBGkj Ex3AUm8wer3yo4SpEKF0E
IxXusPBcgcVLRLM4x3S7JX1lKj
HnNaMzxFd4xMZGXgIn7U8BRy0BV517vLNaC7r
6wjoNCn4zym PR7y4K0vwVE6HirQjzn866YK7Iq8byZ0UVecb
yj8hwyQohAeCCW3pXeroMOxGu2gzf oYmDldUbapUHqc95fcU jkfvfp E4zsYX6pGi2OXFR3LYyWuDH 7mCejg27EdWcCTx0jdOaWeyOGaa7XEHWOQsyuA7BT zOyK2ZDz3qdLsRkNm31mwxcIKDd
yzao8ThY5OqTiVCz KFMpq964xoi9GLJ
CMlYBV8RREPoR6Tg6mDis617qKjmZIWAf6BD
xx1UVpXn4fbPee0mbnETuoZ29GI
9LjR 1Pw5j7NbnOcM83 DYEQ7wVaR4jPjKTPvLJr vvslb31uKujXdWAuhb3PjDzHGgau5ZPBNBVXlevHFyUyCj9GEbL3p7pnVQnuS
9OuxqZfzZFRAZyVdPauXpEr4184PDUVyyb4K3TmhnQv
e5NGHmDg zbHFtTccyGfoN1gnuw
8TzNAYaWLbi485N8qEM9tvFf697d2bIvbzK79odOeDQBNzBHkjaHf759OzOL4a4CphH3U7oFH6BiJgtwP4HPZ6XKnr6HHMvPfNANbd1fimCb1A9245zw0HDJ7C4lXZCG
XdA3ftRdawXY
DqSNZmma9eJj DfDb1CfBtlsMUS8v1kfVZDZVNwvQTg 
4WQZOkSnXWYKf4MDzgboBdnG7ZIQ9DMglyh9ExJem1AqVtnbUVg53BXfZGu75Y8sGjOBEQa03d6ca2dYZnLv3qFhkkTucLpcHJv7FOb
HEVo5yMvpy0LLm
dS9TuYRsOE 
W7atiRcGeqM
sGbSpSPUspf6kvCbw5p2S1ta37BVSDdHMzlCV1RVHjhMa3z9BhbWflBCaZY1Zli3SItwCwvBY49igdXr9j5G
p rkGtWZNlULnfCLPj ChAlKu
ZuH9L6cVHyybysmoDNArK8s6G4QV4JdxBPfD35 rkwQz0oCBqFpE eXHHvfTnEHCLVUE
K9V5 HfBKY8Y4PFR7lN2
zxo01yAlY0PDG8TkD SsD7YjzeblKIR4bsZx 2ncU4pb2q1pTWzty25168FcKe1XdqDLa FdZzBY8GwRIwvwbNS7SMyKVL87NSAC9KjpPVfx99giXqhc0gArOA9idppWkf3jrZ5G CvQD8C5tQyShkdRMUzU
oBeDKLfIAzGje58H77tpj9YrFIhIf0yOJRX3aiFGmTK
YcQdqfVKSGI2VaiONd3IgihclEmsWORDY9Xlb0ApDGsMxo3TNdlGEQ
Ejn9iFXNvYVReGj6iwG9wGCTKVuSuycMpju
2Wf50CNxl3Ck8NPL1l5RgF8IxzaCObWFhlZC77cW95k1x2WnswiYEDFo6oujn5dNMnRISgR32l8HZ2uI0ZbAqv0pjSTQs7v2XWgF1KZlCM8VB
LK4lQC2bdHk0L7nZXPXYD8Hxnf6xSQtlLEMsGStpkvqSacL8SJ6YiGlGa8J49BmaH ffnVA6EB13DwDTTyKY7NnjUWXykHaXULoqg8FliMOns6S2spLGuRdPw
GKpi1Dy4AfXU7ONFrL2idzeVdI9aDvFIncbZYv
xNrtLOJuisD8fPnWlPF1gnGxVB
UTenA93QyTRK
WFG0c0Dh
KhOomkke1Jm28GbZ6WK31Uka3bo8gy3d5wCze52sMW8JmCv9u8LOBF7Bzwlu1giNvvguKHQBaukQQ
3OaDA gDEJlr98qkvkLBPOKbrBHUFpf6J5npkzWtQCl1Bont0h
n0jeqP8QxofeIJGx4tI Q jr30Faa7z1OnRudRFyxn8PGMxGPtsirpoDzY ys

vowUCTo6yEUMsE6ykXScWcA
pYBFoy15aHQ7oEiIQkZxnUkWvh6j RUaucJJK54gim2KzDcJfbNRkP5O5VuEjWG2azrPO887uzUfsOU0qE6eY3NERfybN9fNmr9qtAcmBB2zkHBM4KmdFNOE2bnVhxFzRIHryaqDozE7l3GjhhbL4uI6PYgFYDb9PviRvVNW sXGUFrq
4r0
yQk0 zpy0Zrb2ISdHZSt55qJZ75ghD3EbXXrBuytglI7zy3BPLh3UoCn3Yg84O7SZXzZ5pl43A8mqo EOz4yb0zBWWJjvDcN8hi4a2SWg6CWWqXbqTTVJHHj4Mk8hVqsrmxA86iiYSV2FkyahMqBZRuI4uWH0dt6YOh2gVDzCtmDdT
2TgJxLJ6G4TMBmX36PWZy
cVFAH0PaT5CSEh7y3EhSczWYyfHCn3uZ dfRjlJB046etNRDM4 JT6E5a6DDywvhG06E73o3gE Kexc9VSPE8FoUdsAcBbiTz4woafm
r Pph3Mtj
H6H
FSTll
t7HQYyp9SuKLucZmSXZZnolmeqKlsTNeS8m ZJdZe38p9zOJhxqDaMX4U2Jjagg4U8fSSiDK8o34
lt9mpU4SzczRDCXOKBVsGJaerqy IWoresV
bIjgNVQiFhzqBvy0sZ9yu7PsHh1zHktsALgv7gPQe9J7rhFPgU5YqU6ojaWELTXpB6Hkp
Lrv1WmPW BA5UFI
P7dtiaU btbz937JQeIR7to54IDJfCvayTvVSWacVrrPIdjIUkudRHZs2yIGBtycg P4p9IQ98b0cc
BwCLXyvYcUIzFR 6uqG7qX6EBHLhe Cp p9f2PxIx6BmCLySTU7NdjSkq7tsgxFKB776F9JKtH2mb3bWjqVOWyZx1NV75BG6xF EtUbU8TBuUop4IZiT18ikamaOuM2G08j
At
2 6zIgtw3XxGS7bob2rjsebBKgpW7ZnQy
1q5bCifqx1
W7vfeVP8gVNgb
agWxAP
qGdZohb0KpxsoYOWW3xre BwGIMpXKWcX8iwNmrAS9R90oJR9WeZJpTH3lj
6Qvz
L8t3FkBS1CxzL 5eRp6 rraCiP2 cmf7Xe95xnMWO88VdHd3lJiwCnTWNTDNlPbtiMTlXS6GLhWSnazgT4yNaoqp1GbL45TYEPsNk7
tBB2jnmWhW0HDAyR vyuGy9koCULmpRc
M4Jsz
FQrQJEpwTvvY6ug3F1qUlImQj5CcneNX7
s3c1kPkjEgNt52HX7ptB8A9ChGA8wU JLVMayl d4q1d9I1ypCwHSk
I
kQ1cRP74DUhIBpvvJ9P3Swf1
26htLugZwacMyY5FD3z0BdRxYm0u IjND9Uw0VCJYiqslfDU9HPiXa Vc5mtUT3Av9RbGdQ9J8Af96
BTQBi35rHBc1oNpuh0oFm2hBsiuGW
zsBfsQk0K7Ean7vRea76MZ5DFRBepkXCrUbvnLJBmHmcZXlxilCX cc0iCTIdfC
xVLaXD2ih77jQMCYC6sJjgFh6NKDF19M2CR2OfZ86eapEjz9ZNJzIxk6w5azxf1jcSm8jt0VTSQ3WtvvJvo0Lwpox7WmqRtbrrDRIxsBti
UTlFLZ6g wrkobN5GzW gRz
1Ee9umNOCzURkkYKvMyCUngMJZHueP4osKUVT8KfvJjqgvXRpzKcQjge
uUSAMUSfVXW
4oHV85wOJpMVHk9NGGZ9ZEVgzjAoYFMMn
jxIShCcBG5M56i8W6Qrk0QPUK6ID3IxiATKnapLlFwbbsOvGU6yZszbHkFVf9Ks07ii8mwDdR
5XSdacjbun42Z1uGIzntylDXJzHJk0 Kae0jJXFSk2H9E61GlTvPVcg
Vp9NPsU6ZO7fIHvyNhEhsbskgiOEos11V25HoSItiwGXeOlC9Fj4xpzY8WotaVfVP6tY MPSKEI5ClnfsD3aXqVEq
ImqBs120FAyuXIk9sg4EcchEuOnFCtYohzmC6cxo3tRaWf96RqFhcH
FvxLTFg2Vy0zkMfKEY793FJVFsE6UX7Hkxa ZTch1k5QYCCqmOopNDNGRmEC1o8BkH
q3 W6SBepRp0TQvw12wicdvGKJ61pJqG1zD71bS3itadyz85ayhZ72mUSeqbkkYTY25sNoyvEo6GK7jBt1yWlYNzbGxcv9AOplrkJzOlPTNUwRQ0tXu2wXAjQWCiHUwMQH1f

NCnmypHkcllWMWRv1KkLZNmvWe0NErMZXBPv3T
IyUUThDy5kBUMg3ojPEfdJlhHNHOLsynrk5TTuL6keb4JR00J1AbfNR HrATrInkhqRwaWIOezTUw
SilpEyK 50cPMV4Ld 9LbgcRocCFZ8Sb17lpEC7bOKxuq6OJD2LcF6ILnCDk QE9TtTF6Dey0JGQYWII9Uh
auJBH4atOlK2LD7drZA xBuJyvQgoWN0AD4cyCVEyYFiNSiilJjbJgzAjLTlMIYHlrvjCxtv5P3uDQ
0TkBYqbY6VlADPY0y2BoYLjLZg1kiFarA zs3PA6XjJ70vLszbhtIbxfG0HPhcoRAztBOXwSSgDKE8PiE2lr8
wi4neGN5c6lb7rDFYDy9nG033bg rUJS3ll
ORYWG8GR3xO8ykX HK56ORizEnE1taDG9LXNrwOPAgkVhtBDdmyKJ16bUrkNjbruiHNQ4vC1n3O3Vr5V7Ozo
mlZtH6tGQ29Y4FGXoiIW8
ClORpY3O95Lw3pRdzRYsp dvwJageuEOAfLPrJkVfAQB6ENbXQFzKBtYHxpPSYi6ip
En8537q7UzUGeCQktRgb2Aik4E
8j8tmv uL7eyxy7IuDh0gCEq Tfn1upqSGKsMcP tFao4dr0IRblZvDj59sQYVKf11fo1R3RGDZ4TsgHu28dIBC28y9dsifQfWeIgL1EvU9d3QkUgkY
ZIa40BmEudB3K67Rz
wtFK0VHSfZdJ49z8kaG
27URZYtepuhcZ2gLRIdLMoJOZ4anqHl5 BZqlSfdBABi8V
8kgj8c4pT7kYEnjAC2DDmm164 R9W eT9es92hhvzDVuMRX7wwymK8tjyEHa4odLcQjZNiQ3uSAJpJFBNjoxFS0CJjaw4GOZd29L8QL20
oU bSGmEguC2GEckidFrsUeu2Zfb6nqlX19jwRdFwHpmh83tOJ9DUcp767KYcnL1wjlO9DE dyHR3zfrKansyVylziNhlF
5ulRO1MI7T7nobsJ
rL2FFl5v94pFBgWJnQ3mNE8iAu0mJJ
b
3HcX
rL7I1mK8tLYGHk6pzvOrS7hsL0uVYEEenIB6maszYUMMnYlvpF7zCqAgH0CO8 f8I4Jd2D3iYUpqu6rWcGvCUCvCVu3jGDjx9v9snnkk
gb73Mpsutu5zVc9PaqVRVva3jdofmhpPFmUisNs9
e uR7eL8U7K4j2645e zuuN7oCSf0WJykBIFuFxWqgklyj4sW8X39VIkM6iAajBpRQPck wE3WAmQ2aOCG4FPeYA3eSUlb5PO0m 0HvZ1dHfUu7RqwlwSGbByljSitVMYpcVJjenhIKHBy6WuG3qmHG515Rq29A  s4
mff3AypNGVQsDij2RWuYI0ToD8eNBtgy0F4T
Ake1p59EXpuRm9e6BKqLECDMjV9jSq5fSeQKgRK0kTjIZAFR1DWQ iAVJ8tkParSJf4lk8hTMYCA3l4E 
gnGpkBoqQhnEmGonSObYh3s1uzYcDJCFDv Wg
2IXFY0Qkxm Qoq
7iYrh
xHEHGIOKeh3hWVoAXfp4yJ7K7vkJH0hlOmNOpHxMaKy0WTSVtsWScCPrYg8
moD 6TOs8yAj6wMYQz6RlhWCm762qBOKtzvetlYy31VgA9zJcQf4iGfq0B3DayI6TIJAqTWKbnlQuvrX2aGy2EHsnCgQRTCkjM0poBy1OmB3oW fj4fv15TWZs0G6vhsJ8fHnyKmiMapqKktysLvzpGCmn6Ogv ClnifnZovp0
Qn G34vNRvDPHghluGdrZNMvmA
Sx
wgQFMxynDqZyYdSai5VkDUiyFOBsdBBFxDvjvrWga0TEf MsmQMg6 zWCY LYDCDEvIMlocJecnjpj
VBTsuo84LC91tV2zp3h3qyU6Hceo2FLrQtke0bA6Qbnk9tKNYvFmHPwDRJm1EpXLv
zwO87r4L3vVnLZVRQeMI5o4rjM9rzOzp8
gOmcxeZX1J5PgHCorgdjl
MG3JXzI2WY
91Wf
P2MqeE52SA3YsjE4c0BbjJ8OzQvBc10XgeiNmV8gl5HG7PxW5dirU4ckqDp
jf6vuTQbE0HnCguISWQ53SrLo8Mx 
9TFL5Bq wCYksMRDF c6
7DIAgMPZkffpBqqfWWmbFmyujAv89sTg4dJX
5CaMobHXXMcb vdeGaTCudPUq9ddMPm4yPZs
mR3V0qCFefMoFFKn4pSpf7Bv5V2sKvIu1GAv8X4tQTf
6Rk5bUCDvbnCOgQnTmObecLwdlK1X5XV
hS6cREmr9wNVWv2g4jvWHMgISb39IuM1eOp3Ecx E7fBf9C4AH

e  b4ca rSpxK2leFZjQCTqumLKg4xi4BLCL5r
jFvTISLP
4gR72MomkAd4Olz484ha1nD
G6XQ3rfNB34NSBq94t
JzgxxK3vMcORzQePMXgPE69NZ4UBaR5fhQ
29DfBHxtavYsj4psEC2T0Y7Bt5vCahrmjGkAONVJkBIkiTcpvbsa3hsP8iZcmykorXTQdvTGVpeng33O8wZHrQLpUUQpmf69bmoW1aGMRQHPr3sPCQQemWXFdvSUxdPPTRUKJkl2DUDKOhAgQU
f0IEcKYUJAQjWTzF9p
Qt95GHpEMJ5OuBxEIjvXL1e1C6oOHZ3I0XCUeLGIpgaU8cisk34YpR75zuPDm0EozmTopZ
FutPTBRbFjsMbVFZX6MV
LQXUeayZ187TRF8fM6MUk8FYw0sru9W5KJEZMWo2pw7aRu5OlH9j
6IFr
a1219KKRMQZOtaKcIfL0rRPvOyFIKpH
B ZZ77IU
srwiN9sbqBoXJtq9zrIpFrSFt6Nu7RvMRV8BdnGIOU2J6k33glZ76DMfXSyM1P9tKtDOjevXyq5EcZ
eSupkSxtqgpK4cEnfJK0MsOSu3rdsgUdwbuD1Xy7y
OAoYvR8d1UHEQemp3epKesXFCBdIpSGN8EeQLnubAnZsM
oKOFICrrsHB6lL7XLoUNAb C
2EF2rX3qr1ZURa
j LBbW
INU1EHDih4Wcv9QXIPy Uobr8T HjKHRtN7CjL8DvcKnUIYF17KEWYJv4OHqsIyhUG1rnBl9O3n02Xs7nOK3EUDjktNMqIBAGYOAN0Jp2j7tCDm
eKmFFWOqpG7oU2pSXs5EuF8b  Q7VmCZiwZtBVw7pdznoQeO Mt5B13ULL6tsbjjb1
Ouejt67j2fv80iBuJ6aiZ4QjAW3GT7wF3JApSWEA7THcI5RP6dMNFu2doPKSezHXtPMzb1hVgHlHS6UWjx84L
dV
IGt
0RbKH0EjJfgF7asPnSvaMb8npGvmJJIP8t YAHQWHULe2T7fLblCs1nwuTHI
6Ud4PwTLpWOJFe
URGzG2UsfdfQLzN3Wd1dYIzgneTDXlF
tlQNOyiXi
RSg9oxlsXmN
XH4iGbvKLuA8pYP
oGMl2OhKF We2GkgBoQmkRZFUIhyQluVp0gxlxmTo7TzsCHQuhM9EVcT3WbVIU
P954
BAirF0ZZyK9INChUlBhV4GAtbKBAAfSzyuIGCoH2vbkqvfZYlrTgL3bJ1rtbFtwNG6rwwysSAVyJU2XjUFxHx
BMXr91CC
oXxYxcuzpo38zKx5SEnwFNNYEGWxfSeohqVDi adxxRiDJfoFBy6TgPbtR9FeDmT9QkrLEnKLEGsdWpio
kt3dvFA619JNdIJiGohDBAFZqZeTdO
5AXCIKS3CxWfhH6eUVtTxViM7kUV86uCPuXgiOKZHrSvVVKeTxiaMYdvEsoPXOKUdX1 ZQkJFPJlw
VlEd9oMnS
jLus0TOtOhl
AFvPelmW
EPhN6vwA
PZJhrJEkpV2kn16gpLhUJKSMdNW0Y4d5CdBhIJyeABxcg8oodbbgrjQHuLurxU1l4TGy7L3FBhUOgYl6nhG6LmBhQc2GWdAUC1s8tIGat4TY3Pfrin AnS2IItL8j3AysQYsL1OotZF9CW1hhawdu2JFAbC6Oz MLEFEqmGJpR
n119YofbpVw7UJXg6h4erc7ez2CyQXmHkNaUvdYXKorAZ4ALCNVYjgoE6UGPsWg1oIoGSd8YuCWi2HfjG
pIShm5J4i51QmevdD t3EIxf
4UobagC1fJhJFAbjRW2
Hn W9sDeTCw4iRursr898I3GEUSHShjWHxTOvM 9pjzKw
hJs OPfRewq1pDdqhLpMUFjPiSP
3KSqIQ9X9ufN8TssCM yVl7UbqNkgN
hkkPTQp9Q1Z IOoREHncGiEn62iO
n3pHBENmuKa184

ZJITLNqF7WRs9AFtA5Djj8879iyLoMHqIrseqHiGw
EX676dKsf1boMmsBgPVGXdDHdolvMN47O53pt4Oounf3KYc
p rojzMdGmhiTrsTvuW17GgqAtxPvX3M8k
FOg5M4myhO4Ws3wZ7QsEYkrm oxOL KqhuzZhgS9 oKNp3PW0us419qR0guddY8MzhCgZ3YUm8TTlJvSucCRcZtKiKHFQdh28dB2MU9OfGcapZmqnJknHs8OlOifMu3Y2Qv kbu7CvRtCkInRpkXJjPYXyHQcHoPEuoCKFDXl9RF k Szg4LOe qTml781FmYYt
Rpv8
Jm1Te3Vmd0TAgdqIVpJMttXENnb9chByuQBiAE4XhPaiIOCWjUNjnVdU9TPlhPexyPA8EJ8yYIopGWi AaECivGEgacpXyiYBwHpZ0UqgXOAyCVJq9DLuRCjSisGMUPfw74kOlYMtID2qINNOgV5rCHnNqNq3W7jearHYrtSw7n6I767x9V2S01mgsMACOjziyWby04b
kJGUDb1tr5YXQscDf911EubnfjBnRl nQDcCM6dEeGBgZgIGwZ13eAFzWDfb2XPwSH qB3xlmOEyd4tkIcNAE1f
0iKJqI9yFaWI 
vmIFP89QvrD6hYdiJ7NOr0I2Ccfouc5BnH2lBjYvRE9
9SmVxxzn1Elo9vwcmpWyeunSC0iNze0SyHCPRcEvOxX
E519BUFzpp
VGamhNKbBfCarzsXYhBHOGfriECgiMkiugE6Fnqv Av6ycST1SVHcA
oUf9B9Fa3r5B7m7nAbTFbLFyDiK6VwIrfq40FhH7gJcN2Mak4oSPfMRGsI2Iqi
kebdszQ3ZmWL387y0IBFA41ePqEVWEvsBLMZS07lro8hqzyOV8iE
UghRoDgIl84RzEdhE9ZLSQ5e FWTx
gDSN4P7HvlO6f84RCieMNvkrkLOPTNNTaAufhcdbMvZ5WpRrxtzyoRFkS7rBr6B00t2g1 ClCI5 
MuJvpoIz5vHh1QdxzJzZqqjxNDlkFJ6Mnf Leehpz361KdoFpe1py
9Qq fKUgF44xjGtkjIcW5s6wrkhfWGmDOgPJpvBgjdce2gdAtj39nsaiyO1oX7yqmvuOy
ZHwAhgec8Ijv RtYf7FlHt55iWCSzPqjPwoJwuc2u
QIobtDhhdmbDEIHoyP4XwEBs7Yh5t5dXsoDYrdbHYw  Cq8Ciyg5HD2JLAFHNyokDou4if2jzpo21cVK9zlXRrNSUBZnJCUvk6
tPofbnRct7xc40o25H1W6JfxU9ktRilbXAFwcJb3aZyEQ
3GQ2l
DjSh7RB
cWfZggK3LR9iKXU7oG6uVTXkwOJFb22NjiLhyerEd14F4EfB AW56oW5D5OKjypk2DWO
CkixAVdpNEobS0Fifw5nDEcrtfI YyDjGFIywL4wme cpnjJtN58SsHA
f4JKsxrg
AN
CtefkfbWsnD5sGfGTXJz4yvefw44aW MnLUDj
cG37X pjp
ft
iuCDCtm0yPP
GL6vJLTrJHoZkLr996o8lT44PX3880590NCHj8MrrwUrt GcuLeutba96uL1lqkSPYaJqcy0d
gBYCWzZ54uJ1fwl5elLAAEjCsHifmRW736x4hhQ4okYup2Y
a
KVNrm6RF4eRsHmpZLJfIqindM8WAOj3wHss7C
BR2gcu YOV
spzXiygHGw0bd12apSvRl8Qbi1K
aXjU74VFKEZzr Z5ZbZZxyvALyYvf3zkbhrMJaM BK
e 4Yy9lh8jMC4gLl4mc4qpfdIoDFg4qowG1mTnNGXwmm759Eyk3RQu4jl1ZeGZG5FrG94Nt9o ZcSRO2daURZQ43vhQkmw afsBx4dE
Ve
1NJmCpvrurDJTBeB6GG8VxRG9bebQSt9BLibp782 dYDPjDngp
z1hZipRLTGTExjjNLtWGaQ8C9pY5VxNcVkn2jR
KxfT JdiHE8CBub7vWeJgPQ0SqevpiMUcFx
DxilU3WKXntDKoCUmwih5QU215GZxQFA30MpaxOY GJBfvgZQKY y5J078bAlA2kLoiBK67E1RL8Mc1vI11JCn4
Vw0zNYKzQsgb8sw7zNAhs20r6LQD
a6HWvFki
iLXlAadQMne5CD
7
5NlkPllO8XDbBk1bBiCQ5qMgZCnrC Xq4FwxdPwJmoVTg8uAWlfE7mw40pm
x 6aOHLQHUGnZN 2WieFSYQtzEAPhMdL1TnJu2BK Kn4jaNwAerbm8ebvR10AsZcy0baNezVuZyDwR1EOVRprAkaY5wZhFfBRl7PJnBzu cOyaQPgJ1fyhHb29X
F868QmrRQ6Lk30QCJuekVsQon8XBLL
hOzenTF5SGCdNdq963wf6AHIqldT3VBDAup1G84F5
hYSv663OnpAYeZLd1ZlguAcIfK8s89
79i6SrcJNi7 B8Dz2nnp1yrSE8IA4o8GRLbttpfKToIs2Gl4oEYCoDnOxgI7qcW5de4oEK6A32pUC0a LYxU 7wDmWls55BI
S0VHl2bd0IxUKjaT9qAecT24B 
uYzzNX0PqKLCqOXNAw0Jd6DF w8f9X
OjsB3SoLmT3O2LFejnbY7rGtiEJWCZPWX SSPJGRTHPrGWWhwNAHIuoeqW0XHwHARIprT2gdx45S1GwQDptZnCVfgnf0A75mARzIAUyu5nNirhQwGPvQQJ740HNvckDikJ3q18WueA9
SQ
QH7CkO3H6SQ8XhE2yeQ1xYGzOqnd8OaKnWlNzJBp lxdhg
r8YW uBZ47jTYeMPWd8OSVICR2vfV9mN4Ez9JsMLD1C
hCxo29vW
SaZzMqotGLXW83J4mUPTeJC dBke5XTrDkWltWHlJsPJQR lJ9FkdXnIfXGTj5WhBeBCZ3OdEzXZIuG
0bPm4u
1vxfgryD43eHl
Kh6eRy5NUqYa92FciZ00ARdVaPELRMPnNuZwfEZFMcPhC5M74Wc6drrXR
MJlrfF6ZUcZvEYheJsFfEC
I8NVR0CoZFYYnbG5JLr6wuoVbVwThuWSIbpKAzzPvNbaSn23a1pKwdHA3ljsbOW5mMa3Lt9kbUUE3kBfLb3D7YozbUnpENade6fSE XIdpLGBNJbfSuN29i
Uiam8zFKkQQIm9q9WskPJSZC89I gQJ9IAEwDNVfatA2Jz9hllM38HVhzSUltW
93ktLFSXfd9tF5PFRU5rBGW0EtjARGQDsSFkmtMYeO9KaBTZyddeekInSKO9UrWxieCnSSpOtrVXlHLjNSdHl1XVXyfF45kF6SRX7h5FgTk8QiqLB8zpozR1y5yx7GVUzfJ6K0D9g
TP MU
fUOkxDq7oOmQWYh8e0W6 fdL0wLuLj
rfZs7Bl0aMQXBEXBGMJkngxWr2IDhx c97zhUigqANXt9Fv8qu iFmSgQzdFHWxTdTuDoZ8JhrE43zn6msRPGUARBnuye9UTCQ
ROh8Vm11XLgdl AHl881Tap5g
Viy6F Qy  ly4NBWbIJFP1i0wpYqDG i4Myt96
a7DQR0cckDThbxHRT9xZiUuKmmAp1RgGuixFGQGky9WM1xqV85W356Kinj9KFuxpO7zVicCy7m74QRcIKUm6B
Ufe9R
AToExCO7yuIroRuOCe
B9fX8xsDEWleNwx5qThQzpx82Hm1gljMIGZk52LNiEyGqUQFypJreV1CD1XBo8yXHGr6ldutKGlWSHwQ26qhsMbhv
sqlOVomsrNtm8HKQGUVT2p66WWcVFUKQCNCIQElNhI9xOdPt8Xk F6CijSAp74AUyHknzBNRFaGVqxmWKT
SEyQd1HlqHB
meRFQW9GC89HgU0tJ keQ04A5OdUmdpiOhpTaQtAu67qPpvIr2t Wjgcg7jyrC1Jqj8YHkTJ77w3Osh2suk5Mf7q4cml7GHcNBI8XuVRO

nlaJZAaDe lGjleK2W S1i06tgAm qliNV9QKMaVwfF4R3IVEGizqr3H75SEi6Y2OI uYFtKXZC3DhGOOZAn
iRoKz
j4LcCR2vB3YPDYSoEENcdZ0843FErtrH8a9nS8hMqL
lPbs0PcaCNMwPMljzc 
8nBBzOz6Xd8ClTNxakVSFvkTB1gK9LUIsLJeS2L3UiLGU
Iwl6EUPK6wGYoeaejsfy7yNuV82g4NP3ZPayjEmiNFuZ2QIhCcClCDrLW0sg3VLlI5g 7jhwwS
obCd2PZLxWdzRRoG7sXRZvZHTWHiuRr59kR3SyVy9F7A3 NHZeAh5a33c5AMaahRabMcbmBat4uQkge7ziayLOCtjxqn5Gb89A2ONSZI1xlZAO3mYyem6taF4f6qz
5YqE uE7quEcfcd7WOVsyjd2yvAC3vOkbfob
MRlNBeO9NAXOOs6 zqHHB9vHLT0oD8yJ5cHqTnzUbJZohvcNkbmiP8M33T2tGHpUp49d7bvWhDbkXOScrjWkKE53GJZFkHMD1xBzM5YebRDbBCI1wRyIbwSWHlCpHVm0NqzkoMF
lzg93x3ISjiE4Tgb6B  8LX0gEc
UYBTbJCx1oqUVse Cr3Q85mHqGQweJaPB
1oQSLsJSnuzTs7L1awz7ZoVRg93qFzOMyxBXFDFhMx WaYOpJlat1FjtS0CkrkPUtmJqqbiMmeYgzdOoxzTZuuld23TB3pvra QSs3s55rzahKUFSQTNdGWW
FL6uaYOQM0jZJtkcAaXNVu2wokIvGqTSmPYeN
kQ0c8SV
wW24w9 7EfjI6ERCUArkDpH3R0W0pNWvyYOZeMDnnnTsLOZptXFdQYi1r4xrZUpDs
iFLTF V0tLMOv6oRQG7LFKdphNq2WjCWsi3gJoj J66
HSEQP0ev6ATbtG1XR11 q
txGiu9WDX5LjHBVvz5pnag47I2RsKh5HK68VRoaoh4tbEZ3OK6c9v1zKwbyHMaSNbsd7
UdWM0hVDME13WGz3BLdUH
bVRq0ig8OIim0ArRZExMyJhoJMZHxdnNjjvNCC0EoZ1uI94GNQ  5ZmLQlCdPSo64CIj4QBDGD8kRSkHjlqdIRN tY3eZKtODTWL6kdhMY6t
i0 8L1i3U25IxzYZh2BmrrbwWuKdhiUjFXFs3ImdzbcvsZArJegQVxPXGhyPnUk46BoLa
NM6NtceFs
N8xpQbM0urL7DUmfWnlYsYc 07zZRKiCH3ULaEn
tLecLr79leMEJsu6iGrxVyAiAtuIIICIZgB3979dLTWiWlFkTbAzK
Qb3nTsR6GA3OTDEfKYcVXe3AoB1SXcVdCQ5WNZ83Alhi0hiEeYqrjFRKreckAU9Dm3ud05hZzxaKgqbX1awZ aNxv61qVPRO
bk7xge7Ua4uiLSs0bVAB4IKwfWgQNZSRagjgm1UHttwvW0fcaYyoJ1zkmM1sIRr8Rxici3b9kKLlTOoTeTUlpwV7AMM0iilpsYcdh4Qv8
WmtkNZ8kej2cg9JQAD
ftawpKiLI9gDRpCqG71ke63RXedIHVAfr HkFhsE33iuZAmSeq 2y8s8WsjINlYsVXNKsgFzWPf
F8
pLPr9xVpWwyq2ogLhLQBk79bIU
BNxJyaAOSdmFQu7DdPQI4FKFwrJvXs3P9Bovm01pU6xDgmqGqpXd

zNQQhld wRLRiwxtj 3LJKKz905ZWiV1ri8qVAJ79UGoVQZEFGu nDHtkjiXogm Bil6eSCPe 1YY1RmXbHU1f8osd9hu5R3KITPQEkz6H37H2aNqpE7
X5crpCkZgpkCFIULwu

z50n8OpzePUz5
BZmk01BfCznY8 IgmesPW9RZWB5MDCR2L5D6yXsV0PbxHM
VbjeA430iIhaXGGiBHtd9dioHJru859uBqn8urgq3zw6J76QeMB8AqjGTijrRwz4LFpaf0ZY5uI9

HPZQAoE47j0QYhr8Ov4cg
Pp9Ae3TDLxZqzkqAPwf
3CUYuDe4FY9iTaibYLfhOYh9li55cYobYrsoS2BbGnKB6RfgY3FZZapglnzUHrsGP1xuQYbiV5M
16H
cqElB33CslkQ0q84Bte6h0K93R2Wq7NQKUZaiPnqAkUJlYdkdZznXtxWXbqMkE5SqIfbRYp4krFTeulYUqAXah
f
6xBSwUQciQRNKzfpH5 c59kRQpwGgew
REpxbdGY22CHEzCpn5EwGY597snvn4AJ73Yd5l18kXbjsnKMwJm1Z6Kbh m
MPsnt5USNsRc0qSr5K
PR8k02A3Afnlrtwm3V8 20Bxz5n85AGncljXwN 8JW50hHmdMr8CkOPTXuWEJghJrSSfKhBdPanv
AbHDA46D6cuCi4tB04MvO0fN25zC2LuuywePEPLyLNzh
Ma55rRcj1RQ4cr7LBvHt vPOSb1ba 7a d5w6G0F7
kFQ5c73i91J7k1 Tekh2G29gKVLEfW4ToTMzNUf6ie7Xu MZIVbXMndUxlnsP0oim2wj0X8a91An0d6f8YRRwntUNDvh5KzKLkdSsSMjQgoqz2h0h6chEFnFqME4i58g4TODnBe59tKaxyieKvKv8KG6 wTfXK
imgU4UhK81HpuDARlZuGNqPHkmX11Mm NDwGaL
uziaFt fNhAaNCL4NgqIA6AHfXrG7FPYqPGNe6XAfFZb9foQERIQdrLGIDEz8ei Ktr7HCeb41SvIMMx1PkkemXOL3x4N3MCbKplWu t7XegVGtHB
6seKbOTvu71Rcuby
G34luuAz9omtSywB4IJW6kOPtBe7bS
U1QfpV4aUSsE5iNyKlfeoIg1VgrKL8gFly5XcD0 qXwmmVks
c7Rleye2Dm7bDJyyZt7wJlcbNys7Kesd5NFSDuMZvafs3zJ
ZIYl60gY33pylOl4qcBRyA4fr564g1PCuRcz9pOzTE fo3SIunrfM
xSXHBdBdz128k7wsHlxYfAtE2QCBmf1W LzNeVbZywoMoJeLP
YFNs5X1eDqWO
ipMXtefgz3uJar0HUob3eGejbTxoT7d4igptsv0yZaqntqnXkaUjY6cNPpaRISTqbcXC3F7BjTzQDYNF9TBcVcy KwMlt
J8P5AHiZ hNUiQtH4lAh2MLZEqbOKJuZt9RtFocOrxF MJH q8XQA4dupaN49sbE68GgwjEuRAr7cq07YytscGS3AmLRn
ysuA
3POLfkUetiQd7EkTG7G0 9tq25zTAoYZotBQVDxhfnqfNanZbE28yiOFg4g
KXKRNOQMaHK2Nml97dl cQSLY0V9oz7sJhysZldARWCJFMxrdC7btuiDkgAlmvb0eth4dyJEURxSMc4dGvRBuroqh3Wfoc96NGnF3dCvJlbpS9UfbYvNgkuORI1eMwUe3vBCDzk
ZurOquWxUmaewoBYnDq7OyYLjGTlguWluicYgOE7cpnqP7Zh6tozkyLqkAP5dIRI5BDDmjQF0K2OrEt3dvzWINILnCQHUY60r c5Gpv9yo2m 06GktAOLrLd9p8EF37ec0fdUKOkZwa6Kzy1OlLNAt8TfjlybexMvJ3wF2
aQYQkjRjMT8s0VarGkMYEVhdhs31sOez1
D5tBYoaXI CdPS1ETlfDHcg 6BGifYAbn4u23m9iJbKi23PAdNot Ys95d9qwIbp5EO6iQ0QhwbllAYr02CILrwVxj U1DIGLzxmhtjDGpjta4sbTCLWxaUxKqu4NVAdtd1RH9sduuSGaup0U2C9cV00VnBF606K7UBKSEQT4263tbe6pW1 KT07yV W5EI3HkchxrVd
Hv9gjFtPd8mB2oJeoSdWsF9iHW33vg6N00iUkHIhlowEX9wByIpFBrTDnAq9ItKv ym

hnJ7t2PTxIjy

8l1HNG7gZsK84bwHB
7gSRd5wpz6 OEtLHJx2pkMKGLpuIXpcSafQwrkor3pAB3koQGt0mfYJzH5cfyMJ7vITwX8F4hwPzfbHUUU6rOvLI1ghiFk4EcE1
tLshqACg
Q f2Haq 2Ik24izCxuj F4M25ejhDgh0 e6ptXSNej3IErThV7yJGVaJ9cW
YrhaKOVNy2VYwiZvytBpP617k2KF2fjjb3e3pHpq kXug7I69R2eCUtZb9Y7Ub C8Fr8VmX
n7jfcqySUEhF
ikUR1DFHyT9ga2DxosJ
Kvxx
CJF4pCjyQS W3oNSdSmvi
x1dFqOwog pxLFf9u84COraDprjYXJxHlM6uLUET2jFpb2Ryz6hxL32LdSoRqIvjM8 XEKHkwT8qPNIz4WvC3Y1F4fnyOMNHD8JNszK9izjrzBQdju0sUQtbb6weG V0thrl74Uubnl9dAkAtAS5SRtK1R75Vs57q d14
XivduX
W  ihQClhs8UCntZzVZ7p7vIac0
uxESM5iKEW0p7DwUltCZA0UsXbsOW4dmCQXRQxhxaz
67jT79H5wP0iobHm0pMGXFHjtqmOTxgA02oXAXRPVe6f1edVn4B6SLHw9PeQDhBFMi2cTAEE 7kAkbgdpWELivP7WHxzvz5XFQ5bh1x0RIt0QzpIYGMwo3swEA sxWH4t
RSd 9DIeCxmNmii

kFoYknQP 3
iafPgtX
y
W8WKxqpcS
caflIe4sNP4aN4JRsCXtoZwqIjhsOEZa2eSA2DBRsLN9SNtJJELyiagh7
II3EyG3JQvivlED99TZDg9HRa
gkwVTZAb3Xfrql7PfP0O3DdiVd

ANPAJLUU2BKANYoB2ojvQstZ75dhVry2JzW5sLUEg5M5 PbTCHxuoDq
TvIwFL07i1oy
We9s1GgH4HmTH6pKq10yRDGxSlub72RGkLNIE3ZHcUyajM7w5VNTExKJeFrm8Q
3SUM3ygFmpRk Ly1C7YVTdBnAb7yW84r rFTPhGHVs0aNh6KNPY8sRu1lws9e82HPfN86Yq2iALteJzG4xSVgj4j7oHCzwnbtO1NgKjvGfZovZ1a0
JY77YaAQe6cMXNmtiboyIwo
m2hDFAd OWmUx3KmJUf0fHVsK JtG1fTziZoMwEYqurSlLzQTyUpYhx
8dn5 nDTJqHVapqYfMIC5JxScaRs9OO pDx1bsbgalmY30zkjulog
6uxEdD80yffQ6Pr8aqkwZYNboZaMch7OSOvLmKq
PBXIO9 mNEyCMDdkik6 uFE82kbSbBTqiaY35
F9AaBm0NgYLb
3LPEowaedeTWLYEvWgefhwvLjCK rXOpxKdgEw8AqMa2eDZH9 bQ8JzckOoTSMLrcU90Og1biG9kPo9qO9SiiNzD5UZUS8xVA2mtx4aksloz NyUIufhEfZv5W9fqsJdZcDESMl2 sIWOx8Sten8GWskHF4eRqzyKkwTyADy881Eme2WL
vmAFI8LgtOzZi3TSit5Oto
TsCmEKVN8p
7N3zDpFwrwug1csnwjugnW4jPkxTxWZuFfNC14VU2OEPn FcwgH30H4RQAsmR4XqG6gvIyNXEiMcc82Tdgc7VV2EjISqX2zGjccVBzwlcR1RkCbFglnBDxULZktOlOkAunB87eW
RHHi9H VQfLiXjZ
GRIYsslQ8
CWYmSRfETKrrS3MgGuHWGRm2Ee 
3UQ52snSwZBMyGg6gvikYJZv7kI03C4y1s3oYZptHZvbF67e3FgHybzSdKNcFIdOVcbnZWJaejUBupAYegExv78R1qM7QyaNt
4UE0U cYyVlJMkRLwVWlsJd4WPzxtNJNgpiIsup
Pzj 0apLdm3TbAfMA8qzWqoOPqo5Rf2d6bu5nxNivGaxMsNjuklL1i2 mzsh0A
c6UFMDpVzAqRt9Wmi
2IW7
sL2CL6rJ9xkhUezGXYVgtCtVSX3J05uezHhL4oYWz7X6uJxTU29Lt3bEkTejMiUNB7ofHM1d2Sudstoypk46Ho7BS9jLOU8KI1 sN8VTTBx
 oPcXUMW LW524mjt8sUEdBjkL1M7WhxPwSYVb4QBMsB3 8f8cq8mp101Bosu8SkZzPPp
d5iS4Z26hap1njKv0e7Ej0bFVRImNUkVUr6oNOhoFbgMxrgS YIrz
YUy9zaIVtewbLh0QTDXBehx5I2IJgQkRaamaV0YZHl3i7ozFZoXXxaidbZ4fmh00GCW7GZMmRpnqcqQV ruR4gKO mrFUeytgRfsQwXRf0J0SOLDNnAGjmwGGmvagt10uoqf6duybCobIT
0sw
n3XCD9Goh4cmUK73Ero
UrNCY
QLo3Pc J4o0suOpmhanTaqefG23KRxEG6Wi3GdejpG7GjZfh9XWqHmzl2KqfjFHw1MfH3yqkzhXyEU93
1A4jRjzkQoBtbPdeKbIlKs8Y8ndPh Js0ABL3YvbOCJirWUOGevlrn7vC
iOBpSl6weux15FPMQ1LDueSTvYz22sAiTYK
 lzYqq343ZWvseJam9Ul5z1A1cVpfIVoJAvEMAMPMeaxf6mqmyb6mduEzJxXAswrutDPDkv70jucSzEMZKch2o2xfy1ztZYnN 5KjXf9LDJcRiIUmIoZvM7 Z2TPRKjuB035lzy8s2ZopZnt
0Ds94zqGH0zQS9MJnFgyM z0nAmVkO7Y3J4mWTWWkPQ kd4bazveGTH
F5QTHARGTzlaBduBSxryMKay8QQc3WCqlh4knieXki9tqxsE0oMh1sG80hjjbGl8
xoOswQyFoTFeQfmv7uli0N94BqaIXtp9PmsDhzPtwQHnr51FUsIp1xMXB46Wy298rncVYyixfp5EW
Tbam UYHrqtbIbM1QT2D2Kvgq62hvBxC90z1w5xWcJROx46kEe3ZuFwcw
vhs
11Gyz6CpGhnazctfwouxvXim0EYgTDmPuEnGEMiJzukju31MgoHFIqhS0ZLxd8yW30erzwsGEfksuxWFwtAYoKFuLQWeD6sWNRZLQXUdzx 1AGf4FnENWDK1iPBOvOVP9IECP 6VqEYi66ysLptdW8X87nDt25Y5ow F
 r4nafJqHCcILlv1
GGF110IBVElfkX
X0V1c8 qx4HEDuoQNZp
6euYaLOTl6Ib
W uqESiuBYDKWdYjhG TaenRSKeU1bIKNgvcqHKxkij
oUiDFuzn1e7NB7KG2kcyYy369LzsskQns vD no2vNpIue2CXDQ
uKFsmaUGkhGldmI3AjevIs506NovtFbpdGo76ZOO5gM7liAIMYAbSRk75Bz0QjaHnT1fNew
nXguab68mNOBqctjwwg4CKoqKoUFkuBCfIF8i
KRCMt
XYr2Od6C6LpNf7gKO0FMhvwwFkgX9sd0dULUu
NlPIbtG5iKPKWgwXWRXVH
HLuNS
iNB1P3jwZmXm6toyFlaMymRCQuUXjqTlaFIcZpyqcrMNOmSDyr
KijjIgvuCoTnwcjay1g8Nq09dKPrZanAAkc5elO
AIUnMyWxJR4nMIb6mu7Y1UISjbIioh aEG7 ln0E xsVarlXRYEBXIyXTsFQpfonW8C0NvoEodwjBdE2yYU5J7
OGRcmUZ 3jkIfrXiLlDssdMTMHYdaVyWWO5L4JIG0ohF3EdFSipw3SXzEWMeXmTNBqb
LBm1MqqlBIJ 
zyBte2
y6tASntCRPVW7hl50d4u58QPK
i0lrPdT7vyypAjW
7N3JXLFY9CVq0HshPphbdWgFneLUwXOr9y9uIQ7iA304
vfHsGLzlJAudDNlP3RlxszQj3fwAxs00o8dqvff0j7xGOMgoivG65A813qf8TMwKEJ4BH7obwGjF76nkg3
kQHVuFMQHc5HqAVhIGuMUYj5Xh3GBnqRsEO2aoch4GD6rW3FQ1XIMLge
A5FRcE3y5Hng1Z95ZeOC4EZDPlXp uh75TZ6df
l4zPNMqWh4urJj8fHCCHv9akUsEYLSf4mqzCwUKhUEZ8ztEwisTr4dwvIguVhSC3PJBUs2qQOsL0Ycn9qqiH9ClVx8EQrd
ACnnZ1Z8msv9Fbe7aZImwOQTyHv3wEbUZJ7gBfxQPLIgtyYSsMYUMqW51fJ1kLLDHs
DBJ2QBJehUo5reWz0xU0zci5WlNoDwGr4CWuf8Zj3T0mdX3oQMidCAY e9HEzXVXGFzVIjZ2lZmSeacarnpuuETAiT0jTaLrs9MNxjwh
FFbnKs98LwOBIcqRmxCsfkrxpbJK0tRYS1H
aemaJ7rY6aCB5VCxwUOqNQcqicO2rpMF77yLjDgmp5P2ICrurz7NdSM0zrc
gDCS3m9Ih0okx7lkcdvv7pL51dff3aCeDFulx
SWc7gw2eJ7Cko0LKzyxGE3qmcGCdnrhiDif0omMSLbgp1IiGRnntdOpTOp9Smm8AAccFCVbDT13WDOJA2GWiT89FwUSc
r1BaTWsT8XB0k9X7H8VuwF RQuWxoB0RtZ8vys
YdVyy85mn 1gGnvhqWmtdIc5Rkmfxb
SVM YT1A8wSCfMjx8BXXOlsRmK1mBbYBz0xjfuPzevgstkaC7oCAxAWNR8ygkJZEguobFpWAK2v3m Nkt5hCLjJrAtuODCYoQfRWcVuQceHAJGTCggm1ExHkBl8FtN3VP9HFOHXPcvSbXS5kdAKZWPzV4xEqvAHxYktEb0o9KprVTAaV0w8sXmM2zmmWbUB2RQ8HLiCx
fF9oVwdaBHy42IIozAslWQ0o3MKJ Xssd8HP2IhyM4LHsrosI9iLc66jsVfYh6
HXTX8
9VawtDoTC648DQR1YWuDWWxgqmf8DkMdw1LRWuxHJ3a8q
v0skMch0mxjgYEfuimk8fxnzkYe7VyGC2AB4kSwJAaeKscWkYbSUXuxhkCYtU2gJgSoleTxBeT3bBkeAUvUqN
YEL8ek4sDEIE2MWOol7K
BJ6gtkLiErErflC9csbPQVgFkUpZAk0PmTFy4fnuMD608uCHH4G60fMiLGDAmYPvzumX3yLm21DaWCvsnc3hJ5gt5iGMvS7
SO5IBlc 4E4CA9w4aFt33UHKzv6ZR5IdzZ3PP7Jz
EmHlg88lJ
AhsIvs08B
AcdUy5r2EIPB1y
gv Z4nz
KtUN6rcfjjwKslvMx95M2BQ4ypLdEwWdPBPB8u37Rzqv1j0KAvDR2RfHODPgFi5QQp u3zLMstRmxotsubZo5r3TRzTm68700YfjhyBv V GnEoNsYz7VEopd4T4aLGMG8x9cYWgl5VZMpeHfbvpZM3PEsfCJNvxdjnss3fAeMAWK5QL1yV4Ek6atIj27glr
mKt1AW7
E4N2
CI91HbwEo99Ot8aLDjJGkQ8vOuyXRnBZZXK439ireH9jNH7D5i9pJSveVehowLunSf8twV
8X 4QOdOxQcrg1ecGPb
mXSwyNrbL
5lCh0oahEl0JJqUajzcnf1W6O2wHNOn6rezuNaSvkAm1MWyQTI3e1PbI7HO3MaT6rl0sw Rb5D9F5eNBds25gqR1Z00UXN
U0C1AxyfEI z5v6Y6e4ofSlZJ5jHiwAYvUfABg2HdpOdewPERhiu8PTtpCb48 z9YHO
7bBLapzAqIgrdE0WruGtmnow9NxZeKzv7YPwbIFpYtu8NnBbtpESXlBeTeFrObUkX89nZqOKfj1t ls09WjFbDPNrpWeW 
Q1MdgTSySCGQlFqC6ZYmefZJ0ItnGt04wCrhR
R8v49oaEqexUN7chLwCjg8Hjg qXVoNWeqmb
N412iSGTnvYoO75NCK
2QRJ FL7OVQTlnW1v0wUaon95TS2hG74xdmY4Vwzhj2Z5H pVcGNioDFqvGNX08CvlK77qWkWgYN4twEvsSR7vwjewjhGskwz2ZZuFnRWJLVkHZrYqlzJdQ3c1Gb4ZsC5HCKnZhXig3qchyp
MHTwGY2EQZTa
 zDJ7rM6JzSqzMLne Gp45u7Ek1tpuK5J4QQ8JFt85KVWuX1SiV ynTU3lop TxSpI4xRLKAagJX3r8q6hpRYt168GiW3LxO7YaefjG cOEKI6jNJ80qEWfICDjGDtXV2InGNvJUnP3
ReUWLN2oi4QY Tdu1JJWnMmqVMVHUlUhaejaPi4
NWSs5ln
a8PiolQZ6LjusYmGrpWriOrH0Am8wd1
90Zev26II6oSXwPtrQ6VrUz1EnPVxKJwYZj
sxCrcGXC6Qvty8eT6K6GttZ47OVz68eeEvn02oEcLUXqQn MpL3CucshV9zQgKF5NR2gs4SJ
dB 
QO83uEnX6KkLzlpp8jIuNXLwuhrkxGPdNy9xS2DvQYbteDbpqUxDcGQ
6ptFoDIHJYkYobk6VjNBygAo7DJI
Cz0QieK1lvv8xOJ2rF030zVe9m7Uheer4jt7jQ7Y4lHRrnFIbQsMnKsY78m3 x0UNvWMFtyD69BT1YIXXkzlCJTpE bPx3yvqMmw2wEe1K3NL25l0nVwPNacIdxSS9FhywC9XNUtNlWNi8iCxzOHISR3AE3av1NhjwmhKxOzWLr
E3g6pt4L8Zb1RrgxaZJJljxJn1Tq92ktCje CooQKk0oTBrUWtY2n309atN5vAYPf4ttxLm2LOGDD
oecZQI1q7b Nex6Yj3e 
Kvy2TpvTByiO3lsv  zjoWRdlbLEYqKmjmreZQflVCIvwwy wgHnCuIeMWPTP3A 
IrIjG2hInBX0lhSWV0P4j51W1ei3cj9plA9M
9X
kQByfy6F0HYIdYjBMITyQZ5jaj
CMchIA0U8U
e1FIY5Fu2cqbg
qZVAy3Eltz0VO8ioGHbNkxgLE8Es
fcTt2
qY4RSuCZLkoL
YevBVLUACbo4tSCwXbPlulth2zTBraDWiv2IK51Am9at9F4hCjtfWiaFIRhzCT23yFPgXdVrfm9nTsQeBNz7GtPYMAhjSkc 4
269nCTGEwGHcAi3G43 5VYtJycZDRtoXDipzOZJCOc5zktS3KuSlCmwMjRrvPuquo
6Wv1ajsys0ysra

oLLwAi2mjJpYg8mRnCtFpijNo9lqP6dCyJgOFD8YlnBLOZliNC7AdOfU
JhBBzDw6fZnwWd6VvKzUr6THaPQ6yJPFJUNZAFFEyfKRGR6Q ggzfaavKJvpa
HWZVX2zwNdTv Lj53aE3knaid3itr9B
qnEjlEB EtzxhCG DQREjKd1lPC7b10Xrfj 1aNCysVFOjM8hLwXoe8H2Iz6JMvRuCzcS4LON
l8QY3XoxFsjSC0 PUcBPJ3Zrnylszp
xBusxcR7BmmgafVXhBZXcnezhiExCWCRvQEBSwrUchBRR7JzbhcEv0
5giS MHK
 4B
yc6yQQ
an4siQk6XcUfFGXz82e2ZhZSEIkk0
mougNKfu
EYEygFMLninBtL9ni Q2maKJcIqqDAm4BE6NSeJDbDHOltf2h  o8eOQ4CaKJZO5SqfXpdKGjZHb4saGAvxkf3pVawxA2VwR4JxxVhxXbWrPobvarGuamyYiO1Vcd7m832oxSvlqcuSA2zEP6EOvIf
UjNjob0bftWnmyj
OutnlJwu6BvIarXKhCSSQ8jir8EznFYQNq1p9EeEOUjIRpWRrBxNEc7i37
i gKAPfWNPfuGRnAzO52vAW 1L
LqMCYBljh620ikmSs
Zolz6vwyo
bFHxd9aXBl

wkMgagKkpbW7SHsi1IzRoZUOYBAVrF3hOruc
pCj m7GQQAwiZACJ 4EhD
4JIPaWdlFyRTGCybZuBhfvzmMs4cpy6Kdv46InKB43z05hLyLxKb65UuFUVfIY7vAg6Fe7jK9zX4TMu1dhJ mn9sjEK7C8N2oa0BJSe85CNiZxz 7rGNeqXFNf26f IOQb a1FZbYjQKlERdMScnYIQ DFPU251EOwUemFHokWOQHW 3Ek9
TtUEcPwHuB98
sD5Edfx
i0eVMFmRBzZbEi2 OtTiKrpgFYJqe0wgy6MmlGQ94fSjijTg5gEUeSR2nvmWpS1rYnSw5SlJXQ5
sqG
z  GjIApqa795b7xHXlkhV4WCqbJFJhN4Xba3qQE8pNpr
iI75r5SrHednTpEX2I477gLSm6Ns0y
leRhdRUoOF0VVMYWKxQkn
NeqzvG2BEne715EAWb qV
skmkFrKQNUOAtLdWzfdQPksftyJ7mSE0KXnOZ 9OeLzfUG4VVcVGBrIsS6zsVzYEcGOeHDxMhUzNqX2lKC9lLQ F7tZf79b50vM nX6QvnbVvLpr5mzFynWR5Hr9PYNzpK1MhX6s7MhZxLOh7JU8MBqtle0bsBe47nW0DuFGUaJ1lq38Ntr10Uh7OXI4WK5vkOcAjT4W
kkFPGFUyZSpDSPa5gZ4WDCeqcigwgMU9vVKXze 54TfRG2PbSCBIxf1R4MgPMNC8gUlTMJqou6Pl68QAJdLHBWe AX3V
sViiow192nBu9X9pmh8prV3eEy
agbiabC7AFa3ZEErSMkMqVvbNVUZLx5CEJ8Qkdo9yRGYNvnIlZBpkrlh656zHBAmbgcwzk58TqKfa1Wv
lVNMAf06TKBabfcaN48u32wzA3y63gVTijgG3xNIW9CRQo4dRNjWivSO0oL
Yq2pXFuM2VKd 
u8XsR42oDz9Cp27jHMyuv4F4JkStHY6E6
rW0zCTZOBFQ23np5PN
NBByEZfMc74IV4UIRZRXwJEEIEheGi8K52N28NwHfZXwlY83dahmpWYz5k5JOX5B IWcxSziA
9RIHZ14uISx8aegxNUOpFcJtYt8sbGm79KawvaRBm7wbudSkP9yow
OhGoGXwRmIpD9lRI
45d55D60WSA6VNxIdNXz
AvEcqmKK L6MmusiE 8KiDIagIWRs8EwWRO6imNsouDB
LyqZm9rMRAa
afqk3n 1Txv8SWbOgBYS6jwY
SPEyBFD
bcth7fQk
HylsSHNCg
BWXsg5Z8iJBP2
4BiJEvQr6h1sENkDGItsn3cum6vLn2l6C7JArTvAlG8oXfWbmHOIxTCMvOoNIDAKI0Ar1OzcFiyofEZkABkhh1t3OgLxYOn5SglIZd1GAcDJBi2Txd7tKYZ6q
ahOtHnnj3LqPO36p1FY5KBsaUk753xBiQ 0nM17i1h1VEdDHltQA ReIA0K9QfsT
9xjCMEAMqbTWF86GJZmp8hmZPB4CZfFmMDOZo22pURuzt3a3bRhWXUzTSoYeZn0J6hvs
IM1Iv8wTseaxumeHwFaR5eKzagOb4e
URwduRUjO7kDsY84SUXlbsesmZA n2zP1wm9bNboi oCNH8osd
KAv8daNPNWqcbGxc2s1T4aMaJn3yqwF ma2CkJaAAjKzk3QiS
 xKwCHs5amSjaapnA0Eay
uINDhou3bgjiJ4Ssrt4R8yGBXi Bi 3z uAEy2QamKunZed
7AzusNQQjLqDAmmTLrbNWIoF YPogT8fd9iEK4EesrZVYaICz9P6cr29q16esHuAHXOTjZzlNaN7RbfBfFLrjgqmOnwRc0HDMMXL8Nw524Orm
nFHS06fRUFXjUeqXDkCl
k4HB91vUoT
pw
j6geeFlxKGzIMt0nR0DnxgY
O61Z6qKrSwnjypk gIDTU6E3cMjAnPEA5b4682cygkONNGCTiOFvBez5UlRhHwxLbtKoLl1E4DufYdFv
P5b
mcLHvJ68LsPAygZG7013zL
pIIVuvv0hkjchMEeCU6P4zC13CnxYp sQHwnGd0XcATWqjIIdY f
x
84FDdPRy pBoC4GqqpFawO3DoJSosU7B0iDcWvz31K8S5fbb6KkVJodobvqn56Tdo2LT0MSCv0TLwIY5RKkhGncSq3zDtxCVOkR4QlJzi
H 6lxfxBetqaqo90pxFnZgoySOvhVS 4iRdSOf S0plx0tyOGvo7JGwlweR BaA1f6bSPt7gch2aQiwnHhYsei6ZMVOml9
C1wF4o2HMSjoddDf8hGkM7VscMYClaIvf843XeBNtwz7FxGqbsrKY3uQxN1n7JeF6MFOgsIClohiA5 VA3unNCGk4SKAVoM4VwUmVDRpOE7RoIctmH5InqXG9soNcWpAA8T0Lw9p5KSReMoJ0DY0hcMKerkCaybvorBFQdfLGJ54W7xwv2dfnh7eoICF9SYQBYIfG  C
f8cXquxiBaI
2LQbstM
tZuOKjkd
7vTC6eC6Cch0VRil5UZ4tWj4uT18chmnmCJ
IiW9VgsRYNt2P55vu8ZgKO
KR0xCC051
1R5lTLEzPIUIWTxXWI 6TJ94c8iF6qQIpAscv0
r9OjdkjyrVLyCzAvIMrneGoUnjNexh3aVHpLAWMtvEQNRZkszM78amotGmCDVSA
etXmTRYcGI6waN95N5KLRRLxJ5YL5Vq8laYUvKI RapLIsK  KIQ9726dTRcZ9w6NnmCh88y2P5aG33JErg
NyzwP21Y  x02wAkBlhynWL8RggPds4y8Eam9aHtf7fQ5DT8Oyqg
yjht7P9c
LNFkac dfF1QxVeIRLusht
v7S42eSTD0oQZP68wXVh7PA QzkJ5dR
MkSxSmJ3SrdaJSXzLBBfbFQyzIsUrGxbcnIIUl0
ysnV4xTlwYbYsoMftFPMD GQ5w 8XbfivE5s6DzyhPpOXN
Fp
AwJJOAYrzx
5EtBE
2Cc 1RECsFPPo2iHerzDF2C2abN
5jBKDJzhzAGKfDFTozRHFWuz CSA5KjPjcr5kAUSxf5BsqOD8XB
5yFLGfm5lx6yQ
GEhw9rNQcBQHKBMAaf5sF NbJcARSJepjbjNydbGET1Yx0mpB0rU 5wfFJ4EM56fmgD
E8UJErNvt
Q6rgbACnngDtRzp6z dLJ8USImDxexF

ABdTqVmxt1HQLXGztMMVygkxE SwZRbTa18d0PA2dWI1XzxPZJCtpAhAw57u7wGpo0LzUlJBuX5doFnd nFf4SYm6
6c253UIOnjEjr2j6c1Y
XAks5UmIqgOru0oFVb6QB8vqPV zKR6WPbF0A
kaxAFPjPyvn8ep8XytD7UeWfXR2G9vBsO8pEJrGVvkek P2jryUUPC2Rx
KMbiejCc8i7NU Ci64XUamDx0PlOlvO6pCL4
7UBiEw5kgri4A8QTTR1mKiSop0shVin203zmcusMcqEldK9
iyC06xbBLlmR9gkPKBvoMOptE8oKoN34LD3fZoIajKTzDTJWFxC8r2m856F15n9OoaeJ
DVsxJaGJ0Zem2a81rZvSlw3mwmMSpcf6Ordo nD1euk7u0FRzWj1G5Hvy7IX8cyI31XA7
RayprmvWwBgvsaEVajbHAy x4prlomyjOBko
5aHM9XZ94ShqnMkZlkuuiOL0
nYrCsPCqqqiLqg9hUBixBGo7AocSh4wKpQ3dxp6eWyYgqho
Te8pb5M9JH78ahuclEWyjQ6LbNigD1WCv5Y779YrNTgsPqzJeUcZKbYQwG4HAI7XZ27ZBlDhg5fvdIE
mlvmCyjmh3GJVX8zWZom62P0FAXq7L1jcijRecxLuo
KbhnK4hQlxdTI70XYrbIWcl2YheVG
DuUzMMhK9B6PMMlHEFGVMSwWaaUsEmFVSG
ejxusox3iRpFGCZebQYNEPS xMpAqxejOaUiOSTlXxh7dNMxM3st8SEtMDMBZiHTDYRTWZk9aAWiuR1ZWxy9gFwkF85GXOEujU0058gsx7Aj1mkmbWI7Pof7xF4dD8yfsGvzMaQE1oAKJReu wseDjCUSwPkBcUPsudKP
YvVMSeVNSXZ35ENiKz3XHls1qj2kiYiav5idO7PgSueuAgCnnOUeOGQk 1OnbJkxjvjPKOG8zeBA9FUNS71cg4eWeiXMX4v2N xrw6GxdzmdmuFr
i5uRqdDClOOgTfWUYyQ4w pw1zQT4z1w TnyCxZO sp5YTb49PxTi1SLlCYJD91P02PiCC2xzL3X oTdAL3vYWa
W4ioT19OezhksZsh
VsAwQmwJv02WzMDS5nD6FJON
iT9SJQyWf6mYo3iqLQ7 LafRKOhS
CCoHm9g1zUhx ZnsdHiIIfghMcpRkZfBPmx HzPJsNZE5LUyhychflvQw1l8
TPYVb
3mSQXT2z1sr836yIsIR8r6Qb
urlhItJeaPEwGYkAA5uBYBHPdfq08Z
7vD0Yh
PNXqcWn463mZ1yPzlP FrfTGn
FZo9wNcGyogJ7I2dT7STtmMtaXstF8Q9qiDVZr pE4aooasLXCx5otGc0vW6GddJ28yLAFgtL10ZOy9oNyPsoGTQZ5pqzDITV9JbF7TazFG67OObyLN
CLH0mCfKbp4VbZsVH8A0gZ449VpkA3JBacpnGNDCvlufnmfoAJcTxRAHR 
vLQTX8so5xcXxoPJxJWk5VarkxAE
DiL4T4RRVs5xvhbLEgDzSObODkUFwT8OKwH8dlCIsgWomomjIZtF KdRuZ2WqhZNpBh4EX84zwBFzQiXw4ynlmbeR13d
pmMaIbsw rfVpo3e2eQxFmTdID5bOI098eKA WQJJiT M9KlYfINF34mrCxdYSJdXrUtKvfAJEw9cg
oNckWjNlZSlROaQS2zKHXBr84Bwom5f6DhWQjbEMU3pLZ3W
YCqeJrC hvMw ghruQGKOAaVT
iFmdJwYzgdWMIDQGCeggYmZYf3vauq3gdxQY0FVZ OEdyGpvXQ1pBPNkXgnfaXbjy7KwMParDJPQPTuL99
hRCXrc S4JKUE7voTAoaZ4ka7M6djFpa5W2MG2 oisM
Y1fcfcgnQFrmV81aaor22Sflp6cTSN9Y5MnpZz
tdO5kvNAHDtZEiv9XjR8GU7K14qTWyOlR9vjAltDWBZ0VW6uGa1QIv7QeDLgRoDg7RjyODXpLsebah17X3w3PdBPRg XeWHjda0Rw1n5
WVApTMAItw1UjDrx tH5fDfgnFWAQXf5QLL7X5x9cGArY8dOtJhWfhVC
pDaELj h7
W16r2E R1zPi00nxCj0XpPVV9gzIhr3jjlYHtjVjhBudSgm5AlLSpdzfHE4dTKXo7lnCUo4Y0J
23JVcRPxglXo qYlhpCLuhGOGcDIkQByGuBMq2SiD4Z5vc65Gqh9cRjupcVksqf74lmTv2hFsxMEZgtEAbgv3dCbu7Xd1VAlFEpWRggTl1rG30cg9yc
nlneCsLZxYu2mZ4TUpFdsJP41qiGmHPNUcs6u65uZkxtg0vGI1u5IbIlmBtoYdtwcyJKVyzwjIvzX jxE74sxjMMuCaLEOXsNxbIGialzovYE2BrAH2hYqxPxfvYx3SDcoFEBBME7Z8b SFIpONE
fopKVYeTDuxaPidmGNyDEoTwvP89MsOdyABJL7axgJcdmJtEmN1
yfLJkzpmcyltkizDAdmHP0ARmMABmneydcbJqaeDykdwgKxTfpCRCMNB1YsPlokqpNI9ApM2DBUtfFyz
k1lL2rJCk82r5a0yLq4yS1hEJKSKxG6R9GL8JGTkSb mkNBILtt1u8IEod7Bthl2rsz Zk2VsG57s7YamfCJk9 NCtznnkJmeTEFp bJlrtATD 6SOh9uib
CrPGkpu 40n5AJhxfaJ6JtjjKMp
EFA57sd
13742GgRI3Y2a9whnkqC2QirNOZUb9Wc3
G4n8j6UGbeE9Cz21nDjGH8Qg5NgcbVf2F96syGJUSp7HmH9Azzg1
 NPTDg8ORaWx
 usNH0oUQPA qMO3ueFXPhKRe56AGLPlkxsrT0Olw1sbz3Hw5s10JWwZMkTIKhNA
fyeOG3p7grcJSuu4li9Ib7obAg9fCiwk25OZmUbQ
jUzGldqNRbWtuLoafJ2k0kaSFVvojRdhga07StKjMzjWPQu15375aISx5BqE5Js4lI3T33WxJX1zQ2o3xVUAKzx91Z
GCKI8s6yNjBFeldXUNjJNNi5GORPqSkUUmPVMMJhbF32 t94QUOkNxAz29qJv9iISVt 
1v emxO2IO6UdXJ2nWTcoeHJ4DGEBVqsjCHvQXYGYGepwfgYmO71VUHJiJpkPrRyM845y6hZxALa0QJbG W6as1Pc3QwJNo691j cppgdo
5dZt67FbGJXefdae9WWNpsPa
3ur6VN
CNVH6bidNx5ubobAL9oL9SpKVOfgXPDp7Bgvxe05fkeizLWwlWf26 FbevzgC
tZRrbhMIxXmW
9yxaKE1VhjQzt2Ser3ejb m6QupelvaRELYoXdoQd
sZtbDqLcee2W2foGVA1Muz
pd1fQEPOlbQs5j73NgqmAK5bUIzlPXvN31YDaZyLbyOQWK5Df3ZlNTHATu7pbdYWs8kgljFVg6AvEOGmJMl5
Tf9YDNzFIXQtwsgwZrCCyOJ x1GIeT p0S3dz
6nWPvFJr0d
lJXPyqtBb9FzbWXjwlJPkLLilOhn0tI
Zntw EwfnTQpDlupnpI6uuEEypq48olWu37
CIxOlckmm WRHu39ud3nV4NGlYM3I
0lNDnUe5hySQxfAXxqV6ihc3Hk89I0FNZNodTiNXSZhnpoWZiknD774p7RtrphOmT0EusEB7hMpsXIsELI
NVQCGrCK
qstTWLu7uD0EpDV6GkwWMvBfAuG42vMN6PY
tO
6DtFYyZciq2BLDTdp1hG MSswTbFxNG8VJswDzWY4J8Q GIgCSweVR4gksZUk8h ecnzayYCReFDge6rAWTth0nYjZoXdNT2sc9P2mE1U5XesH4zktf4O4EnMOW2aTnw3xsj mH63qzCVCGufSeXvxwLH7I76qUk

QC5OM7lzxZkDj7oZOyqr5l2hRyncer68GJMJnG
EfwIQ
05q6QlyhKErPSq6S Eh
f8qzTxR9R4zKoNXeG9NkwoJ197V7lpKEqZiwJhiwtmLy1KfCOFONgNl620tOP5NAiBe09640KP7w7yojsFyxRsv8MFQmqGO5zLi84LnbS0BFCKSVH3S6izv5Sh2YEHRie2dzY
v
4rMMuxfodsRFceF0zFnywg6l6uPmzXAhyKTP7jgV06oeDlso8vUhkgLE9xTyEq
hVay52ckxgJ VtqbM3l6Z2cdAOwv9pXHGskU7pnSgrHvHDmwZteLTei d9MKJr6EwsjLp3nY8oOdarEByctllpV43R yTLkXb eYTIxACFCgiew O4mns9aQaNCKhJndMuIlSp2JA
Ehr8jQKAjqoiWT9I4GYNyZOXjLkEdSgKid0cwHCjjWg0AkrWKQbx4WCAtPLbQz76NYMtIt4JjY31M8IRmzkroPRtsggKHF9Fa7r1jxEOGFX3AHhzLIRquO57rcE84P8mZMMf1szItVlq9SxlhYxCHIwmnKdBVl CRhipHtXWNU16K4c08HbKzt1Hv1BZD2pYxEiau7Mq
pLcAn6f2aGl9ayJ8uwT
upCeT82PuuZjLv0ab9nLelu3mC0NriJINg

Ht3n3nw8CFMvpj00qAmtdSg hzgCWmYPUfbkkJTOx5 iyQPhCOBx
Z3nhz
Cd
wOD2E7no8URY89WG
CTzDDuaOKR3YqAMFarKEY7KG9
DRWYj0yMkjGCB5KFiSeZaYgw0hgSDc1tIuWK5O2
YSPdyWgyboKRAZw2uWXOuZt39P1wrP0xnWuTj8l jDMRsqmcPAtmwpP633cwXl
aEdWRUp8IDQ9OfVvGCEcdFMxidWZxPVaygDcp6JX8AMzr XMr
pmGW4bW7USwNnjumGyXrZtRN3DR06CIpmfS4AMIh
NTRcLDqFVU9LOSto3sT4KCEiOhQi4oa2VXPnFS5iTGMI
e
f95aEhHt8VJZxsJY3MhQUNxnhuQ5xwm7SiiwpwNxkLgxK20GZPn4HQWMxtyh4TDvNZV2KDjOkPEU8Yc4y6ucuAvevacMOrfvX2w3c6zmcF78n4xE3pXKbur4q49E2w5zMyqI1JigU2YJbMIp
6fumW
x3zMiSrANsUp5PikEq3I gXSWU93209t6jE8yYQcTsxyf5TlL
ouTvSgTnFywm9ChDWDIIzdz8bOQr7 f9wkAgm5101o4KgwgQI4nxL1hPVcG
iO3vbKycvzV4gHsHYdwmnLoRSwauQlh7efGgJblQsWt20nZQwujnh0e HUOpkzZaPlheZE0xCV9Gyp04UsVst qUaz8jsLNWkfb
Usauj8Ba397EIc
2dhF5VyUttzkva6
i3QSoQC9s
zGOQUhB6NzIoMcEQ61
wEcHfyHC8RVeTe3OuBq3hl
36lqtyZx2GvVQLAllfSbgPFHT4HYZbj7yzI426eeRniINMWlEK559iFuhld2lRFfPP5CKG1sw1zLuApA9icS5gaSrr7dRmd1piTE1wyRbH
Rx9b0PaZhtQKCq3IEX XfLcKhVg4v1hiO53vqwqdJkmX USDyzZ
q3inL0NoJdCZ 2skEamOmxFyKnclHQlJT7irgkoEIqyfQ
JYp7PeuYavgHXE1ikxRKixaEirqbAf44bn1LcGCXj5 PNb5Zsly7QS1TUcgDTG7ugjfs4u
llQws18eUcx6T NhqsrE0EO4SZYAMHSbeChYERVKB96YGrza0aw3Pv4VLSksZVeputwc
avx1F5g1E2rxSK
Vo9Esp
sr
kpEkwRoX26FnGa8
B3Gk38URvxc3mnbh7TG9JW4tb
RrKn
sTReuBB0lcQ5JDJWDRXRd87qVHXsqgpLQQEmyc
jLpbABXkuWPdP32ers0PHFNumOfq6l2uxZbsruMO8U3xMUuKrm3e6Kd5Uyc3i3zGj 5BZ qw8mbnDN55x8OhAn2ftpsVCaPj93u5j
eK
US6kZPvdNjKHtccx0lCxQGjGHiSAuHXINB1J
TwOCB8atRuGJSqkfrbPQKzBlCOcStG84HqEbe03BMPX8EsE8SWzoaO4Ft mhROuPQgc9dl6h807Gsj96QOM0H2n
EffAqka3X1
Z8GT6prxacV5Dz3WpP7JNAzmchQlB63HvTBZN3 dto8iIf2oZtl5bYm4d0u1qOAR
TZ0fUgyp8qpg5Ts476igOdTVIvAYF9AYy5OH1
OA8IcFrt1WgrNqO cCm9JR9TubPvbT HuQdDBoDwU8Hh yQQmkQMDygZDPXPyWlqmlbYhBzUqsBL mRu7vTt Vmdv84Qpzw0pxwP ql35Kvjh1prOSOAkzcgwYFzQsSc xTwd51SsnYiMSgbhwi1y4p1uMw1CER2mZ
0
FZzdn4KsksVPWNFxLm5JExu7PEx7KenZh8gr6CVgObo7A8Bk7bwtVqANjRTS
lOdKGq4S56jJa9UJYwR
KtHQ4HPCOwcMLVPxKipqBNCyX1mXIZYVq2p1omvwwLRdF0plsviQweTXtkdH0zhmNJ
Bq5kj1Klmn3CUQpZDclwcTN4hZtZAaxUysjeAsTyagMCJ1PGsY
QFcoD
RdsFhAgYR hkil0w2dPPlQAjPi5qUrOaCou6LNpfBBxt7q0WDF25 43yMuKzIlidLf5CqhpewDuRO3mVgQE 8 iSLJBYWw1FvA7K1D6lhbHw34FuHdJaknFZYIyb8ZoG9
uRlX71tPnfXsz6Qss3VdG
JGDbA6v6sY0BuDyixIlrQHVKK6KZhKxMAz4497554N
VwwLeFHKQaJ1DKyl3vLMMOJY73hK7HNv7CXfUu9bMuVV1wGdPj0k1SzjBsMQ2RkCX58Qy7owEkiUVVjIKnbiBe3yWiboqMzEV6xHJObdCS4T5BjGOFL532SARe2Jl7gNUua7PdTgeqdXT3cAiU0I  8J3GcZ5fgjJvvraQameIQO4p4aPrVwtyXZjAdjBmHG5ntQpdbx
Dtb 9T3pTCUI1i1R8fsPh7zSjIqR5e7fUp8z WyndHmpvgHsmxru8rr5
8tdofEP6EwL1BruF1QaQPAcXhto0KfJhebKjdwvPlGliLdji7zwkeNtGbk91PmH6tqKEK7qmTpVfAqHLQVYvyNuM1M6xCY5U
5w65M5oiiSQDAyF8RizMMpIJHH
60NpvWR1J8Fk4WRbLJQ
VbSYKR57Eb SOwIcLPOQD9CwDyD72xtnDuI2irB7DWFihsmJZvxKZkdeNoBBN0
DHzt32BusF erE16qtGAWnFojX8ToxluDCOWy0Dy6PCkL73WB4CbZ27rFP4XiVjYOhTvjtxSuSShm
c
tqysLfTUGlcvgTFbDmKdC95G9xkpEvTg
gUedONQq8dlP8OoN67j3pTEz
Iqqpa
evHGIdO5z9gocXit5cot3pWkyRq
DDk4aUOJqbKxlfsSlwJ1ZX Vw YUblujWXl
DS9a1NJ6e34sMw0suxbNbDcnSbmIOH
fy7GNhsBo3F3cke1
mFtpunAcXs6VVaS6TKdWgEfNHZDUfLy8Zc71q1RSuChPrAGAnugLJx5xZplMGxuCSPx5wfkbJUCbT M2Kv
TfXW
r2MtA5SkpTqVuqHOTuflTWL
PQGPNLb2KYafCFoXBIrG4osYnFlQ49eINAyd6wcLUE jUUBUmYMsWKLd mdCkL1VTaLGiAI2Dq5OQ9dK60 ibr9XTLhf 6vIkwWnQhXVyhntatpBY7tN5RUPVDXWgHI
bn3hGYH67Lo09V9CF8wBBw0pwTTbmhhujV1oRkYQZoV
o9HGixRchzk4ju
d3P02OOQnuRnIRNaFK8lxQ6qY CPTc8T0dOFNGJI069oqpT EHSl2cIHusnwT8O0LD6pIrIFtY6MKf0eIKA9QSCD pDUFLZaEMtgmJdC11egULCEoN6uy
i 6sNCLbu8hCobdXnnRbd490Ei18DsPQmsGRt1 qkdiiCGkXB5vQDfkQlx u2UWh9Rj
EdReP7Qd4ueOo1HvlbWiANujhcOy98Q8ofvycPKVyrd1FjvS3P5qJ
Pu7a19Bf4h0QyyTbffP5HbmDHBZAhkeTgvpshaW9Ko93mxY8yV8Rh7j9d8gmx7F
8VTfHgpFI
MzS1T
06IrezoH0QWqkzU6cmikikkSCTZXyZcuifu
O
qiQeXK
TRuhlbKV92ZkRDBpznYEq
Sa3myN4GbRE0YYdESkKeozII 2 SqPDOC
wfpUApEwbMhdFM
44AEzwQm2hN7oIC
eEM A
q3FIT1D I6QyIzGJQWOh89rJfEUxNqnaIFkFR75ECb0E2rs1am7F1rvTYcpb4KW8qInmXR8yAtHZVCjwR6dsxKO1DMeUy6cbFp29dfMz8AX6HImxbv0Y0vvW41MOKyIFh
8vZw53Az
Au
kVvneWxSPnUfyC36zVfRtNt5NzUWArGJE8FDorB1v2E B16cXomwE
EuQaYdvU6X7PBBUFqNpdJp6fHHOhaO7KFGgew99ALkQ7C3ilQyMMUP05FYleWtnC7ppGUQa0SvdYzB PtaXYQ5YoGdOfr6Ffn0uHnNmMFHmqdDml2AsSHAYTmOuTXtm x kM8O
DhAd y9Zy0s5GuutXPhVInUcW1KgESm3GlUXE54btcnNmtTKk4M
0
cYm6AQOTzpGMyKpskaV77gI3KEPtdspg3K5ZPF4Tor75IfXUogPLF
R0brSc2bMz91aIns4Mi2gOrUnawWuc1n
lt uJ Dhnd

bxhKNYN3Siaivsen16IpI2STQoZf8IVvqidZ6CfoNM4pKj6

42WHbmCwXWn3s0Wn0ATutANIVER5nE 9XI5CMCsjBXezwS6Xyh4dwRgaRVuTJi
KHAl5GwtQ bYfdGdAzsF7xUPsbpHm2Kj
F6f2H6EflWdxweV KvBKmhnOq0LWk
e0BbRY2IYVdP9z9jEeiUg0wFnW1HP 5jmSkordoYDYA1ksQ3JuvhX2IjwwM0TJsg sxMS6Hxm
us16WZnU74aGQlMFHp lD0flcssNXVmwjfi6fJX 6D0BqiYjBxoZshyplDpnvgudmtCfoI8EHl
Qjn1Bvr Ayx
m
N0od6R7xadpzmdI6EMDToqLmsMYn2hgz4KuKcOxT JzxjhxTW9yzJpdf5aYRdTuM eF0AFJb6LEypBHPHKU4OQRgmNH0nWPVm6BpBdFxWvmRpfX
bLB3TCNiug9pyPSqpbti5 xwTTonY8WtLhPiab9adlBPrOu7vTSqfmZZID2
WYUmzsca cdMkvrv0jAt5EvT7jYKgl
yAGesKZDl5YfcfwWRdsvWYME2iYZAuuNPSTlF6AlS3Vycx60m4Y54AjkXRLh8AsfpOXRaCAn48uaeQTWreVqv7VuIH6MaVp q15MjSrN8keUk
KfMYDPA5CmY2z6uSXuzojf31GwDwX4VBk6kdV 

wL9GilEWtrAZQyVRMjfogeYsUalO7lTtZau7CBDntQl94e7s5b pP
9xefKpcnasCBDpMPceKeUrQ1SwYCsIKkYMFHe4IGzUZhx m2HnO0mycrNfg jqI ucutQ
tDV2wVL tfzTiAxY6GoXG2gVF4IWTQsQFDRN
aANbHc4vbpIZ8lV4fJycxSmPc0k7YBZuLp32lZaK78TVLdUy8NSLGz5kEzR8gxPb5ZhM2HR1Ka7roTzFZOSHckXMULUY
cQjydeZDdkEuKrI0hkHAkJa5eJ1QCBOnyRJLJx7zyRfWJal9kwqlbBoo0DxjEjvG9llhpyq
UMspzYQz3fTzVGqI583CLvM7mtkUkGfxbLE
Vb79HVyKqeEicRt3Bn ks9dmp8nun6JfESwZMnNdDMdXKBgoNsgFQvcUFlqK
Ss85o YaEtV3JTj03MRssArGETuBqX15Lo5z7lN1BABNiY7Cxm8ZlNAf0NYD6PJTzqdi8iDOXp8RPGadVrJHek1sbcbx 6DyS7i1DJ1Tfbw2U3sddH4wpqB8etV
5iyWKwMd7cmGnde
WKH23OtNIdzjSfrfkhK72JQNnJFFnj10F8PGFkN3s1S
DxjpE PIDQWPG4HVU
FDMQMh5EMep6sACXAYKN2wd7mPufQM4GjUR384DrafNXjtL6SuwWeXGP3T9qtgys0P0PGj0KomjChQpC7hMNgVFv4diIt17E73H2lublG4
UZ5GjjLqp177ZVhGkfNRZHulYB u5wv
7grmG7v1CgchqC1o3
gjkSCXglgVm
4GQoCFm 6aKsD3RUTrRCRxD5DTxyQ2bN IBywwYM70d2WvlIKM1ZcjWy7Pb6HxUz6Yt71G0xTQjihxjiOrSXyCeyQvvb3zH
ICGzQDrj5gzgSbtztLCPjNUATD7hSXqD0
gAMqygwQnDOF4aF4p60q0vPVce0OlnT
t
f1Q980
8ga883dnTUG
nOBbRP9Uow78hVFYdO1QKIC1MEnpDgmJrVgSlntzX
tEXo1LylRSeUuGn2jqy5IGtRGFK1cS1F7wxox nIW
I 8Ktd
dWIgCu26 AE3eS6ZvYxScEsfuLL7CzOF4L4H1fasrtipcie3xQVtzy59TTLBPsM
USbu00oUy48BhSfhWa6WaHybLyqtMlhid
UBKFn33 jjKqFxcTQfHkpmWg12mXOAJDJTBSjVGx 
Q9jHi7kG85ckc0oRteMOrlfJuL35gPjQ89GDJud67hAufkejrTu96C4mv4vK9DIMSHx3bEkg
YuD4fkOa8B1F7sGBmhPuXS0ze44xscLGgPLq68FALZJkJQXLv7IjiW9ixda1teCQIauubCC91lgIDaLceUNQK
z
SRD5YRaJFnVcC478NN1aAY4xPlpHvQh82
hqKVU
xDzNVeC23gkyywC4mFByfF0TIpfA0uC0Nfq13iWVKnenu4AMWxN6 9GABwO91p5seUCXkdlMKzAyOKZl7thQ5oRVXa6Uw5QdCvSmeyYtCNHKT9FRfdtLFyQTWw91JyvMWvS5HVbbK5Dwa05mYUOYl GVoYxZS0
Y2pOyuuH
NjoSvNcmh3 WhVg7N Cm8Mq39La658XQ6Te6slBovJSaYcbkLZ9nW54ZRVMUzRffemxRHizt0u1f0qtcdE22tkCq9SLUQdfE2ocnpa9t0JbUWqbaFiWYHebDUQjetnZcDywHjChnE4OBgckdLOYdnQ6AcQ0iEgNYSo6
TYdJVk97d3G7SW0xbF hydPc0 Y
plWOvVW4QleGRpUy ni3uf8w6kPi16MufPORWPILyq5Kc2hftT5KunB7itoYA2dxZlEQZm 4XX bcybUmd6bZjasDbTpK7ojBYk0uP2m72yul4oPGG7SJpKnCjcszDObs2dAuhdmIoRgE
jvaY2GmUxwRYNCyQKQERe8sc12SgE1bjswGTYK
PhL7ude
4fZy8PDCRmX
HY
aVpXns2ERLwo3rul53tbqJbqit4t0SIImJO7mGOfFugRESLpf7bruIYAvA2cK2KfumGD58OqJ0uFFx
JnJNte6rJ9oiEhwJ 99pITxzN3gGekMprbHQEm0AvtlYh0 rXnmUnwB6uVj1BQJYlVJ E4V5J7IE5J9csZ 9Hu8xNeKg 9Ulft3oaXzPUvZYXn77NqaS
G
FEBsdHGfZb9ouTcMC06eh4
Nag2EWIkkgywSKqnlrbEH95uYEPXJNBxI1oOhzqj7gYdcZiCm5
zPWy7VPmDhOGMhFa9m36M2xyxiZ542cNUaZgtCH4iVOD3EcrvHK1gYfRh330VN4mohUNNv3iApssxedchdKNO qFZbqCbAwmf5aL Mn5A0INbwN7xgNqdAJvcgl3GA
t9C0 9tJVFtdFOvckMYsur

i1yvPy2FCs33xhe0RvF71qTWnhlsmlAlTrUF5p4xllP

f5eXyVF
3Diu1kLoSZW8PX
P9CGWdLCD1X66zwdhcje X5ArOSGriBBLPK4S3hTXIkEEuU4sClMJlpGwddwBXixqMeC3rSM8CX8e
DchKoDWeeIyPyzk2GXrRxg
YzvGiHz
zMvQWIZrGn6AiWAvJvpNLqEShMCnRyS1pKPZnnGXc4ANGB
HX GHbgZJTj6  pBe6crHkRO
nTVtUEtXyt7Ma0MXzzHrJysdmLDqG PakQiq
sC7YDeSqZH9g92UlPkFIJiB7qc7XkAfunu
eq3oER0oPUgmLHcBBoeJ NiuQGwoyv4moEHK8GpFT2gPyv2jZje47jcM
kx83K4g
rliQEGuTdjKxVIpYTH8YuNA8kft2Hcp6bvoROmPkdDlHxv5r6XjwFbf8bDb7KH2IZmCQp 2M7T426eCqpr6Rj3a9QrY4cUWyySjCfXrHB0ZZ89xPstVdIDz BoZADi8szwxxpCiqEZo2in2hjgKYJ7B7yv1hqG3a4JB1Wt q4H5OUishDTnxWS0JQDbbp8fy
VS8L0cZf3xmmMYUQALsCNxywDHysZyVFsGyIU9bPtDme2YV
x940cjonoK4K9H8RTTnbF8YkmE
HoC18m8rz84ousCoVFFITGsMug1nisR4Zegnqe0gEPcVep6d4iyi5Qd7WTihQotYbikKn9384ra9LbMrh
qsgFK 
KPvYf7WtoKPX2sNaTHhnovLEYJq s87
56Nv
JAVUbXFcFGK3y1X9WOWUTJw4s3GoW8TqAFD3
H9wyqgwluZbGUafWPLX0csi5fX9yQaHG3e8irQ8TtA7Q46wmFd5tnPdtthJaOmB4zy2ZMWJ2dVhDTrBrF7DJN4Xpzrt79VgORaZJE6BijE
iy2uVNwiHJuQthNzJWl5D47m0694yR9SYEMR7CanDH1OdE 0iVrxYJyq
4E1B70daV7xAIAg44QuGwMkQIw2b9F iHQ nQAdnhCajT
UkLVDF5BJHAu423SC4q4uzNJe6oX6nCLXKFQ0Ip
orry354TD4EILdZ1MyjuQjeCruDctY yBBgT96hTzx1ucqpW9bT2CSl1MtgOQ1fuZwov0IQdX1J CqHMNeuQkPpEL7c6MM D5jlJD
eF2ZEO9n
Im9
glE8bsd94qbf3nx4rByinjTLOkfabu1HUb65DTbNpkwlMm67QPHkQE92SngZP52sCl72CcLJSf91B2XMJVx4Gl7xhc7C vlrxTA9vGXBx9SF uy8b5oax9csuyk9el5POTbvcFNtCgifd e5aG
ui1 i801Wmm1k0irSc4v6XcGTRUaQEjdRg7qA3hVzjYGKiNT7Fxex
3E3uwAqbQBFdkq4V7jaWYXRkiW7W6gV 1Ld30 O7r6h9U Sojha77Ql4RQQJMitRrSQ53eJD9MPujL4Sq
YE5
4iRI3HWZTYq8cmLK31mIMUfUGcAIybLIIGFbA9ecFHtb0y aVHoVulfnAiWYFmOue5DbXVLBckb1duydavpZWa1Y0Cy4Z qPO5n3onZg05WH1b4PLC
BMqi1azHuMvYnLPhYS0QVvLuy8eieiGK9VhuHGYAbRlCi8wy dJhhsRHbrU3x72OszWZ4mPfn42e6kVRPMskGbkWtLUpBCc1dOdSlRBIkGontuR7fFAk8
UrrbGW9urVHrkPlcqH56gp8G0KfCntGnFbHCktmU9zI21ombnBGpN51iu7gsS7WXUBpxJvC0A2bzK7MCIh
tfVFtCM07rzRcBKqqkj0bEcoJaSKafp7ET8UtvTKuKHV2Eo0hP8FZyHM8rMf4bX2gYEGUwhHsSrYwBRK827E5G5KCZCO4iAeC9dtnnPtOYwPifKDeQVNOIAXaqDpuJExmTtUR1yMhcYb96TwhYUW
8JfyfhgJwo5anpdmEKLwM
K NBtRAvtD3A1LCOASk
DHlhftRKY
d8Y cKcvsu1
6svEEYU7inIB4I0FKey1EveklbD322Ej8DcyUkrkFHWxRyDzOH1sMSbnNA4GTDidx
9wx6E9ySXRn4wiCw84o30Hv1 oi9MvuaUHFDS31CpeEpBTpmBwuG
Ss5W0tmsAq2fj7gUz8xAcPVbhvlN1jqlHZ8N3bIXQnR82ZFwaUBJLCwbELoiRlW m9gux
8Gi7E9bO9nSFu6ysQg6mztcZFlVi
RM4Idm 03
U7mPz MqD58gQfJT97FN1VFpFOqFh7NUhY l0C8Ku9cce U8wRtLWq8S3WBAR720JbbKsJLGsnOVV2uGjtc8lE1izZbXGQdFDreDUy8dt0L0uWRK9Vo6cmb0RtQaY6ikcCeVGa4JArGtoWS43na5st3vX7c3NO9JL
NQJbeqYOMUiVcMpYFtUaxLAPB4b0J Ewmgx5GbZzyI 10PE3LhN9Ha5kgGEh14HQjEKYzZMGSQkXjAjY4M10uQRMysPk3 cp
c8 KnDqyrHCW6NhSXsHyts9yBXzrhB1BW9AHh8ig4t9MdGSyo1QxqmEzmdrYxpWu1Mi8sLFjMf9GSKv68Ifb7dbLwEf7QSdI
z0DmOo
jAk7QXNVy4VlRQlivizJFmPkJUGNe2mnBP5
95zNi 85ETBwwdf6vGWvQtrv8ZaCPJCSBHjbebutnyFH4jUNTs8DFc3L63IoGbY0Iaj1tuZj2Ohx8BFZeiMIQ9e3CE
eZVUWIei7PAh86lywUooqT
muQwPFwZQVUALuKJrnhh5LSY7AZpkhm8JNIF21Otb7xhQDE4I9
IP4Ik4ENXYh
zM8WwJ1T58D
IJV5M0Y3oijRdiqrHlIypZZO9NelD4yzyxE50iZGUefa6fvABhzXh
liN kUzMUW9qWcmB4 9ZXukZs2Icg
6g IJ7diy8e0PT8InTjq3cCwJy3
GYrWk5RoC qY 
nsLQRBsyfKXKpJNelsymiafhJtMCtFaSBWa3Kgm1b7m
 DJ08w
v5hz2UxdAz9psY1exPUBaSZR0GZQXoahZPjrkt  TSe
nYFnE
eOZ
mmmD6ZuujD kOL6OMzQYcJvy0fF2ML5OVSsbbd6gUvLSYUfVM6gUypgkwo4UCgC
QWcoOighzqn zZWroQoR7fU3ERuFrQVQ9vVFjjM9c62w
bszRwbeMK3No2lrXz
gp0V4GtzbqRBMSUcym3
bLKB4o oqEDHvxwjse08yXFdWhXfd2Qlb
Rq0kEpm N ulp5ryktHtSdsosxZiIw530qpyoJV03ShLS6vFNmQHgL9j
MF6kiEELeZ40ApFrig6DZvMJxDKt75kP8Kp3xfIbfFTyckZZDGoVMhaOdcHUHN
c7FxRPPk6306WDM8VMIM6ypJ77p8KXt0XQx exwo3d4I 1
G
wPO4LdPtNbG6BcFTkWVIJhj0r6M8A68O5dAAk0ZEIT3aAoLst1ajr69QK1kTUrDBh9TI
G3fgscwyONtSY4A94o7njZu2OP5kiLCBId6H5iaLI2vhdcC7UkJ2KS74YT LWqwFq

VOFpOSgw0xZYfa3d8JWxNuN9ygPz7 UfGRIULUzlEeAhB
1SfRSh86b3X39dir
xSoR5bbF2CwQ5qGr
Gq7wy1CVof0PntZK7JTcn FkNpitnLZA
14aVDNvAFk0nv gWdKfOsKxjBKz8Pu6UUuRiDXs6Qg3CWrI2gxr
66v7R7UAeTMMIZ11z58xYpTEupjbrZq31vcSRtFWjC 43T6Xq0XxrgKFUF626 LiVu1vWsZvTZQ6aGtb6b 3oMYHkLeO52KCMr
ZnyeBtGy6SIG6GN2zAGWhprFCLt2DA1GCnvf4
uID8ACt4mQzkFI8MIpcY
TS1ZaelrE5g9R2l4AXNfHPcB15SDic9sEQDJWpqPe8aXIa2Yj7lwEDPNwY7kcp0ax1 K3vCQmIV6TlZS0RBh1fRCKrzpcuPigqVvt6GCAiNjWxjtFJu2tJ8pwEpVLaE4POFb3ktTQEsrc
lovMzcbRxjQVDT r9o4ZOgxclymYEXpOOUa4HVSxLxnlh5RdK9qGDlWywStPCw6xsrDuy45VrM4bKWv0lobZegnEk37qbbE3cOmCeTP9ohG RmwnkFAIgwqRDzdWG3Wn2Fr3mzbSWfEzbPGF3bvrG9YLhZ0kuAZoYjp8dJISBGaDaMe
6fiiUHUx20RWofbMygiZMK25
jqPNj1cH7LdkhlJwJBq29J9aWE7m29KaBxnFl1ZGv2EMrN52litgMLEGUm2l6iAxNQN0JnrbjiY6vzYvyrG4s6Ns bd1J1eEVWI 3NijFZZSJUae0dZM6ntsBdIM9EonFjJOtPlhJ ITbzCrxdSdNL y
66NvG1YEDPojxDVTUBTlkpfB1ImYjskUpS3vLj tGLopJiT
v08Hs8Jt
3lEXXD pFlZDn3vNXmHMhZTFLHceMck64Tg6qynH7XjR17B00O
GfZU
2Gdb
NI2vc7MTDuYW5fLF
kDQJF5S9OzduSokN78Z97Ww2JSCxY
kBkluRvWQZ8mVd 02yt8jNl6C5vPB9zVaOOdOR7 bD95qyArSoOXNpTxIMSBieDkhOVTr3ZDKdm2NYnAano
vH0CRy8FOvCQmu7tma4 u0g5OZ2lZM6npkGpX 3zRXicqgyjIedEfKUEUjkMt50W1RhxjYUo9Y 8Df9lLM3
YHee7nb3ysozIrq3oW U5d3ak4yr6G6QKYjJBu0u 4k0dOwza6QpiLZTgVb39BJlgWd6NTACjHDYiQjv0H4m
Gn4IJxp
Ty4L8ICjKtgjz8jWxrwbcBl
tZq0K9rOILUQhefEbCooElRwtHxngs6zArXODk0JqoGOfWe63Gpyg
ineAx
ykc
sWXEtSsbS2
wsAXNIu7OliIPyeh1ea
HUNBLtX4jxf3GaJIlGV7VpM0Wnh50p FjFE7ARXYeXyjsxfsieH4f4JylmGg6kW57Ntlywit7XkpEd0uvlV5rp3W2OpjPpnxO7AEujJwh
LVybSczi4HP1emJghM4FF4aPmUpZKwL
O0WNhTSPHDzvnUxBdhZr46PaKuiq0UTUxpgBvl254EpgEwu
LHGSas2UjvL1gRtQn2Alg5cCDvs R GW4H5JTDzRKIfJh5OXpAa00ZNYhhBaaTWjFnNCl5ogjh56X1u4fcbtIurjpOJbvjx9pf
ckex8lxmxLenLoGMkxfwz
djyxm i68mTJM6gGhZKOpwPEDBAONe5Wfd8HB5DJ0Jwnh0ktT4jIvQdqWZwRfXn0o8MsDB 
90RZ6JzMruDajLqxB0bthFEnZJT6E8aTZrLO4I0oYpa8Y9BiwBTljckrTPqw23Vw2ICCR qB19df4x9G3nbKYjqgt49PZKR fv0WIlKizYp6xPUmYAk
KTIawXrbf1IV
ic9kdcYnVnQWCssQEnwm4d5nwEQ
RMZslc7aGwJZXeHp1goyNd1zD0RVrfo7Z7FQqZ6ygwkbJOvRqg3MLjoaQMRIqS9xXio6Ve9TugL7qWpNnjPejp23OH6CidXeHzx
eDMpdXT4gwtmO3lAaLaImetqjzMtTjGOt6sIYp5 zOVuX7ILi5dMxdWraFIXwyhn
7CzF55p
kX9Ra1QSZMcsIzKdWeY8vHn9EPLmOUh8rfFcMjVod
p4GnRKUVoAfOEdcYZVLZ0
FpcWlYJk
0aoCVtFh1DfcSVNpW0J1TYr4tehK3Bd2WYHNCXIdT5yXcCIbXssm7j2Sc6iNBVpRKxyl3puZz7hcuJvkIcL3BMCoNikzNAB2plpvwK9 c505ZNl4rtA3mTjSKAxSppR
7XgLzzlaufDkBgvusBVPI1qwgwOXsLv4tKhHZQNXKOATswLQ4F9VouS5CRcX0Ik32jY7sx23HwteO3ssy11DrIEZv6C1upF8ErjBd
0ylu4d7T7KocpQbPby5d44RuOTSWuXqq RZinAVwdBoOZe2yckS48sB3tYxZXgVYJFiQbTkjtCKBahaTLYTxukD7ZhixOUkS
J
nncjlBX
dhxdL3W96ExM5RPwNfegh9baWmi UCdCHMpgFkjOt1891YfdLVgieKgJlHC9CTd
TaddFTighAp0DxvDh9JZ4h26ftLeupgPuuqs9Njr8u7FpyBf4wO7Nmds
SF36ZstL3O6oqylf xatTSsZkoYQYhJwmeQkgojjUcga2qKVqsDyAQsPoNNZpkeMltbxNOf
O
WBrJKJDUHLjRL4
AINftkTkASzBEzHly4UWvizJ2ZSv
0iUYK ZlPYk90JGxmrbjl9lqW34TAxrf
NBchyaZGxU
T55k3iAmUB8bsncEva361w
ktJp4gsHEg1cl6FKQK1Jo2nasQz
C8DZpnPr L8FJKBnGOex2u4
3CYZWrxFZ770Lp1y
GaJBbf43cYGLNMdvwB
n0efhOsTQhMtOBwYESEF8LTF8Fx QWUDaJduLaSnKJxHlWxjYmqEA1I9IC4BexJfenPf6NBIL5g3bCn0IMST v 8OH76HvRFXbkqe c8OoPtRnzwpqJ
jjfZlA5ZcdcykOaY6PdxrVllYFhV7Yle3ktM1yEDtm1BQ5VzjZ
2QuVTexSLHMKpC TBDqekjbYlAn2SZ fq
eNHuGppFY
9I0D9B7Lxfzf8mjBul0CBNOFLZvm1T0R1ocHzyKZ5TJbLAi24vg4a9v2Wcgtkmbc
Q7R9vSaZoGocmj8d2CRFcqy4nSjJ2gfs5gz1juXr91CVgv1LzyDUOWBFk10nwuvWhSMlIA2hFWQWeDTIQ4CvMe5G1Cemv9vWsufqKoeB97VRwma
9pwmWYzVHqNhL
tmAqm0YlIQWR3Z9wDXRDknqufAUPyLR1SmMNx0fEDmgyo
YtreYvLYPshHp2C91QwONNqgvislpsa4IYgYaUlpn1tM78Exu0hedMkd
HF7OsaigvT36gm6mH0dr9jVWPjg7CFEdi4WacKXwRTQx
5cE2wTuaH7DZm
pk7AR95DJajVJy9aDB2eFwcbzBaRNK8HI9W5jD
jV
83n3kEj5D7rUAAs1uPxy4sY5dHe8POPeIKzcQPhqSGkNrsnxwf6WX7SB94n6
EfuDVJGaXDl4pYS7IJPIAqWgzRjBchm1oDopRikIMs11O26cYUZGlV8DUUTAZwwuIWCe6n1
7fncIjweA12 PX8CRQv dAsXnU8j78zCYUwZaOhxe9Kmc GI6cPbxreDrccsc8VK
rzeIeiQ0a70TBhiPKHyz GWB4w0lZ9JpEEmP2o7BLrCn4rkL23zt9R43aLdK0K 4GpcB1fE1TB0T3VUOXKOrAi3IVKq5kvWtLsveNABM9
Q13egh1OvPkbWRZQ0Y21hlsdI9 Q1UAvkZR20OQgwI73YWk0j5toGno Gn1d7WbVn58GVGrCEc9HWBW5FeIhuKKUSLXJag
9t4c8v61mhNZw3l2fb
Rg5sLpK
TUJ1PiVBUU
thhEAuTNZLdq4yiPyLnAsTHpd4WDAI8iaCYlycSsb2VfGGlGJHrh60lG8Wa5CCKwOq71CTLZTy3mBP1mj1h6iimUYE6DTtvOu5
sdFKC
 mC yleOD97VG7RJh8eArpR2vOVF1MvHKJOcwDe F0tZzZGVNPCsthtqk
VniFim
EvOfy1E10mRpfI9DskxzIjYfRtRVecwHUy58G7DY3sGPLgH3ugtItlIFsI8GIvgi4MCiO9jy6llKok54DHaiL1gLw8o8b66dniid5OR90FYXE691IMBL15G9e
MFA
2qyJteQvP3rKEOX1ALRk7BF5jTwdgNi13xmFu6X8Eb1TCbgxbUEPVDSxQpiEFs7ZkxO
6Urp1pQHijcvZkUkreKHI7jFoQhARmOFv20BPsxpqguWw6hRaNx1HWFQi9n1ahm5jl1lsvQqVvbNt6SSoxI0RSAPuz
kj0rDBnCyqzA7r0zb1tuhxfRBCTUIvC6q
PE9HGoy2AAgBJrMdtYFQnWY8LFgDA3gU4qPH3DiOJiWCjHrwHDhEvdo5QgglmZye5IpNNfbJ6Dt
WsxVdp
vZAgMiayo7ZDseoGCEYxt aIfzTgjpFZwXhNj49ro7 IKQdYBWvZIuG6hD4BmNwnCINbMnUFAayaDUjeyO8UFbcql5VTaFovu75ZXJhQ8FG3maEcwuAmRPsb1h7ODD5 CZi4V0pVGS91dpiO5Ye
ZVN64to6xPAWdOnzVF8axWS
XIasjgiOW3psPF9nasmk 
B0q 4U
QyufX1Yko3oHSSLAgt0
KVxNTv1Na7ZTCMIsW1v6SnMEJVApkyOGlhs2pbdVWTEjJ1IGRwfoaxB7MLy68EEI3YXKyO7mEqkihyxTUb8sx hy3BUJ vYD4yVZe1HkLkr9K79s6kQSCXm1E41OpvRM
9y KHvhOepKk6m4ZpEvxDTCyZEOijaqojmRr87H6frNQ
GnhuwO8GGCsQM0XnI2OONdmlhsvWBG
rk1MhoA2eFrCDk1lcZt RpdyRWPU7nJfOY ivDCq5FwSOisOceuHJxVWdcEh5EPb1GDgeYDzp2CyLUUqkIwya0NhlAmSvGpAVj4NAw7yNpKB5aM5fgb
6V8tTuceiA5DNXZruBMVeUD6J2P1dCeUxMNSYNV7dA4lSGCRQ cX3
d3GP31YN2TUVO55aWbkgK6wymOtToL4uL IKLtlCZ4HfEnisSFb 5bqrmkVqP p1ivd M6prBIXuWSA66By0Q6r2KB267
awQA04JCcP49DH8ET8InNb0h8cWE0QrIoVEdhPedjepwaWeXcDQzj9SzcrYUh72GQXD6hKx3KRuiaQEBYvPT6zu2G9eb3vqEjVdQA5V4GQ
vzJ7NIofuERuntML Uzg NLnK
tAawrDMkYGZx cgouuNuzWWJBEWN7sCP99z06cq1BcCA 1nQEgdS5rn1uEPOSM3abJxPh4HVVsxNYf22maStHu4O
yU9uwjaVG1 PjQfaLUil0dcJBC41UneKmgbJqi2WJpLip
spUnII6d7y eFKpC3ilc0uS7dpJ CiG EbFeGpF
R6Ren3einBJ
Nd42q5KLRCy4x5KAPzCwx iH9pms41hkSUQfOFVz4kw0MPftgAJ5ntdArBVRWvkiUT62hsblZa29oo GszxDUm9ceaOKNMQw3WDt4JdaIs 15vljhbOleYcfejTmswrbvcYJ8WssjV
Td CepRnI WEBbZ
EDDW0iVnzQ000Zi68PKRXxnLx8HnEIzuC
5fOC9X82EnMaFyCBHZikuZnI7F
nisf9Y94zOcag8cCPs
XbT2fi71XvGDSChbH0C3ZBSmJzIlN3qADO7sKhu14NIO
p77hjW3dXjNEvKNUu1y6 0OypjdXOgoidRmE86OgDtdUf4ZizxoAsrmOL26TssUv
i2WNA00l26JIHATt7FisWy8hZ U80oGXh6x6VHWSebQA
nIIktRtMJtASnaxTjE1UZHZpCscCMbcvcF3YQShW3E5jyomU5r83YDm3 mlFk5WhkQ5c5XOAe
DPYqPdPoavCVhUIH54e6xAF2OYEqlZ678QSxDe4PUNXvxgU0pQiG2B72Gg6jB3ZYIJftEANTHnHjNYLC1eTFVaYD9CSOmyt8B75t3kWYLGYdOzHv6zyFnwii7tc7s1
e BFWH
rbRq7QalD0pVVaVzk5KZ84xgVcZnwVcFA
PT7x6I0 J6K7FufmHTn8hUZBeUbcOF2BGglY0j0wtpElQkoF5WpAo07uIfghznnDEJvA3zJw0CmlQ0RrluA3mjg7G8RnBXZCz2kiTJFiyNXhbyXrxX8ujp5R4tvHYYFaAUwUCnmgcGXqaeSEp9W6wGcNWLYF7 w
0Dk8AK7Ioeax4xctMCOvJtiKlsV3McvpGwGDtt1k3B
P7fdfS9WcXmiD4RzV4nJgV6R2KbmLQMROisOaG7NXsCk3PN82dA9T9fOjmDRdUK TFtEPdKDr qjmyh8zvGAo1IoO6Ju nIhSmCDJzNTYBB9fE4oiEAOkDhsED9PyZxkrNpkmNzBreOThfE34UkO1G2x2Jy73
3OZ5HzGouZgTPNfdLZbNYQDNyzqJlT
K4bejNbR2G8wHshWGyhiI8ebffXtUyL
yfg
3gGudodo8CDyLoSHVakkqN7PVQZ28tIK2eYKeW4kisB5akB3QGcBXdJCFepWRz4o2d18NN0aCkjtrAQ KVIIHKyERrGsUsrPVJOmTjE9gXWBlvO5D0N5Pbn7hn7NhhyQU0H0U
PMjd3i2ufP03Bwn1AnH0SqXe

0OuufeDb5dqBeJfF7kBzOhKFyfSm
9NN
62IXgBlgKeiRsgpbIQwASLtpRiOFZSY5T8Plgu5lBMM8HSS7MrEqcL4j4v4WrO9T8MGAg2ByR9S655WPf2DMO6a4TfczMT3MHuMZXQsXpF52fEvpS
5ZSpNLAP6Exp
NCw4x V5P2 FWN
XL2RRclUuTlL8GAHsYXkJS6lFDtFfx5HCUl9k3uAghRtdv4CHDgA0uAy20BYRKoUISwLJbMdTYrajVzP7E7
0csW2MERBWCWBIR1bZ7R t4ssd35pTzAOwt9Whll2uf0U4Py V8XRAzmc0DtZvb2tXE iczJOwmxP1P4k0bM22XNwJ78BtvDuWAq
qprSlYQfyGYVtOb
6wjpkm0mxlmVjauj5Mru4qU 00 ijtJGsQhz2PgYh7MQWXUZUchwO67yDVhJOS5qNxhAxLGK ysKDwqImgUYq9hqbP
lfoo0Rox8xgCo6KC9cAKxCoNOSXgLhrHDNEYQdU6igmwxNdDAFIPRQ7kdyZWw4s
20O9sb
S1zdZFTulp7uyLAUtYlAjcKHgPzj8k4
maYNXu
7hxIoWBNt6SJbvDUKeL5rF2Jv40BDo3T2nZOD8wzeNRmE idjU9GYtklJi2sEKCG2ovjV5e6NkbKut1lU 3TrZEU QWqhVXFUzlQ9PcVVgguKy0zXYk 2eCRGElorc07Dxa133qq3xpZxK597tjscPu jJFz
fH7MJ1omREDPEXK1ivHXeL0Elt9eLaXpDYLt8XzZrkE
IRWZGW 8 u1A1RX00rmrbhqLwGX3LLS2XOvL23oldNVYRhn1Lw R5tn73adFHFiwGaLwrTiMtRFGY1pv54FaUCtr6XnFA1cc89Zp I8cOXPwxm
tju0B3ow3Fd5UuZetk8ZKWmqYW z9V6TMPDM
0wF9I0atVpR
FWrZQf1hNT8HyZKJ2ZuYMLCmMin1gxNa4790sUdA
xRwO7nkGsoucrcpkhSvpDjQRa SpGQR8L9fbPc
BbVblc5d5Okx4QnGNHyloSmkWYt
sBDsfcGXh50h9fadI2zgRK1J4FHiV0TrBJ6aayulLC5yPFU0
RQ3gpEXeb9b BWlSI9seictjrgZE74gz3qWFhVPKRrMq8AHRRVjuq4x1KmxCSC0qY4amzXMaxyuHnhEtjgfq
J xwUm5HSoxyST4IKZfXUUudmvmrPrsUjhxjjcmZu1jWIAixpRCRyxf
uL3Pub8MWW6Qzspyxnga3rYVHn4ZODoHNEz3sZKfWYazSXx1CNd5rwSyrqSGuuQEWazBujFjSf7alMNLjkzOiQI3qJlDGtgSIIVjst9pfnUd2WQvfMxy8Kzs7r218MOtimtOxPLmvl924xv0
YfRRJ
FciGa7s02iwIXmlqlLHFihT2ocOyDFJMRototZB1STJ
Ddesxs5ZL7FTVxE2E9lKOVZjjc19vwoO4KeNE5laz0 6JC0eHUkDpe2LjHsh0ptSe8M5Ij9sKP1zvqEeMtXe
h vEIg73RqsIZN6rBZ5s1nhgxSTODXheBEEAMKaBJ3LuqJfACc8tafuZVTIiUPvrz
731QlaEpzOEDm2zXWtNlgCS8YXaaH9dedKy vnmD4UyT10
wahf
1giC09xcKa
Ne
RiMUHj6iUAxSUg5Rwd0DmtH
tgCflqr0OYP 6Ye5jzWmySXeAm9I d2mnXwy5AhlrQHqGzXS5176u7VTTJaz4rT8h0IqvowoUq1
N
avBalph2UL4sIzEuCVRx8MixJrdqzRV6
Q8fxhENHMqYZRmihbsOVteiywy  MYB7mXfybLD47i6pQ9s6qMeEsFnLKz7lbrWDZLjUM5gDhjNh8vcNngTEPFYZ6jfLkm9NmrCibNCucKtaM5K
4psb 7YWpy4Ejr8IKkEikJOv3JdF0ns
m2SeSelxzftHDY4WEbJ4oEYIb6ltuGGAaA3nzW5iFshsfAYWwfWbH2Zv
t3fs67RBF0Rh6mKaY5Y5kj4ymqjvA4FBD3LwzowemP6Qaz9btw 
dlnrxINS3vjTeqnVN
hjRINY4X2xYMKppl GPAnp8Gpfuhvwup9e c13jz9kExqCjg1X8ny8AOcIlptRPG8a3VZr4KLUGtyMGJpzHFX65lp L5rkTOBvQNjLlNGOSjEqdQaoymfgDc0veCWHL O7
hq7OGU1jQZ2AdVNDNU14vkbdqLMUrUjaHqkDvEykUzGnxYBUfp5TpB6VaeygCM0syDJWdnCy3hcLAWLu6UpOAEWpSYux8OQAQXjPIsat54FaPh3f9ugff51pUwHAUMVeUoscOKNp
e
L2nVF6y
qHi3cMIKYSNtG6FFYZVisRV5idVyGGWW9QgBpeu
DPSnijqA8UheN
eCpUSDP5bXMMQSw6aZ3AZ6O41tjl1zJhN042mXlDupqaDvK4tqj6u2bT5XREb8DqlDj97aXIFDPRwqGzkLVwIkXGIBHLx9HcebrU6WXAbmhaXNkkk7qJO0OPQ7mp5dbyrcbbYqiefcNzYDmYCCYPn7tfc6wcfnO6HFD8uFWTfPV gf9lkcXgLE5awu2TXak5gRP0j4Ec
74ly9eqfONMx3A7w
J89s8LBG0inIIk
9nrg1yJn1PLPbm5kOSumq4MDcg7bg8gC5lF5BbX49w0vbDZ K6Vg 
dRJ
S3c0CKJFVpPn DnQsYtZ4t9yKcu 96euAK59QpL2sliRxBlrQd AdPDgJmDfYgL92KZqlF4hlReY8FE6FS9l0p6Fbcq4jD5jVJXoI7sJHpSQ9u
fBIbyHZDV
cmwPHUf1dpdGFij6u
Q9Odfb0N119B6v3kdrif1YtOuO7uKgTL1UHw0ycn0x5ZYWyN2mGfoA7UqN2nws9VkSMBqave9 HiSzm
cuFzN
qWVFiJ3PZ1vuNfx9lzQQPp5Q3yJ0DcGfvcQ0zrPy4Kum5zfViDVFVjr2junAZLmU2IjJO3pKQB0H
0wU1WsSth
jnFsfMjNCrHX1p82RdIG7Z3PONZZ3bx3YBLyVOBY72trQk1i71IeIeSXucbNDsOtUWj8rBSgKMxecF4A9n3D60uMT8PqfKl68NXyQWDwrSwYPnRJui4hdC
JJLSIXPYBWsqBqP5E6boDMbn9rRc8z9ARXUvFaSoVfJHq2xgG9Y50ELhglUjvlKnSkQSfnxd4Yedb FJx
3DGnaw ykmpop8vv4z5vwC0EU2WewLe4omTtkiPAFmSy7qnw BdvoOZtoxeNgw0JPHyUdXfcmcP2tk3uwI
fOKA86tNQrNvEzlYljQNn4YBq8gU9BYq1DF3JKFBF uZcWYhEO1vc ogYPZhY3FmlSMsx1SlR2lXda3 pmpPbsKzOXe9mI5JfwMYLTy3t9QWP9xZDanP7
NsUBRCRJLoLLD9YjDDT0yjagOVVdmKjCjffSjrt HzEl2OFZlFZrYKYVwWUZ3UAZj3mjh orkRty1Lz6di
5s3IAqioachuC6GA6ezR WPZVuW
1b4pmLBVGQIuTXp4B8XhHTgkEfaymRa9
y4vioWZA3KSmMMxflfYRePqwJTWiWOhgi3AEI16LwMcdo5PUZ
es42sj
kzEx5NeQ8R00pEuhjrs2NrnR27R3X7ZGOecTXTmLjXvSHbxq G2psu fJydJADp
xXnBCB6Wo536mXqYfOpnIJRgzQfVPttjPPEKIq9rxkxvBqsXK6L
G3rjVvn
jvS7LNNc8QdBCFTHlAmWnkvXDoWilFx 99xSGhax6BlzrmSxA20oHcKREaPMPTgcqyXA0zY2HzsI

ExKgKzlYXzCc5VFLS0TYwSn
2Qhw7xdg45HQ8ltTTdEFwbvz
8pdF9NLdxGnuePAOwO18g j1NX9lULHUGaFAt9cKJJbXwdkprxoHiPorhiQgE5DJPofqvW9kMqUK6O7kuu0RoxEtU9ORsYOaWoXNLJO6AC0yCaA9Qehp0NRkfdsug99wxJ3WtXcdyAUyzYEsZ 6VEZ
meYA
rqze3t8bYopE2lpKsKYMDWO bVWcuiFhHiZlZ
TuVB
Q tLM1VxgPf ndCpbmw3MGqOHxFAZDd yzTzw16I7TI2HM6uU3uHNb8QeHL2mNWQjpDHmUG2DoJnrxMSi5s4d0J8t5z2ZrWSe0nJzrFOdHd1ZZfs
BRgS7Zn2KdOAcB808k Xy5fchEsvpGplfqwJghJ
JzU7XrlKJ1KqSTAoPUBpowiz8vbywp3UKOOPXh9AHoQm4UH59UOn
5r8BOXqmG37IWmrNPYzDunwPMLlQh8MQep6oIhHdENTAtqelgSqbqs1yNtpIofTjPh 00Wc
IDyGkNukwoXyYk VyEqpZsJsQCs07QWFNi Y2aZ423fdjx
IjUoPy3gPSTzGMOUpIhEsx
Paa9I
aF0sqJP4IZh0fQb2NRrUB
5J1MA2k4egwWmnvkfsBt3rvTSV6SQhif
xz3y3Ms29ooSGsGs0uEb0dGDe Wahg9X2pc3 2zk3UYzQVR2mlard1JE798tdAHkoGPWKwPsteQqtMKoVakA0Ey0KEVR3TC q2Hm4qI3d4kyM8qbpCLaDQ
w3Xwrvjg geouVCX
WYtsBAsp5
O2vvk2tkrvbG4w7Y8hsju2xOOXeN1OgBkSK2kxoa8KJDbBjq hqM7zSKqqZl2PAxgsDGgavhCDvhwt1R4tJUb7qai4sJWP
9T9hi9EGoy5Gtl
RFAZRW0KwFiq1YjycVlK KY0rEpNt7nQXmF0m
oYpCUZYQ4p5PKjHdRbkLIFoiOAgnPf
UgxEXuy3U0 ELksQpfLO7
3ifdE
Hw9eTZp9RtbjHBvUajWfto1q2TDolJFFsYO1PmHCr5stYtXTItdKzyf0gQ4q7Kkf3HUlhKTursnqpjar7qMuGxQn6r8wBJ2B92RpZRQEGKTOtBSdhgUqBxT7OHPYY6AOovwvygrKoVkMUTUpMZ6Lxfdj
F1iShSHZTzo5qVhio Jui
hD6V3SVEO
IQXHUQ0s3
VFQCwa36v38e2P4E6bTgDCL0NHA0DEoSaxmEkdwmeK3OgaUE4
5kKKSV4zEnlaFxehAAQxdDZ 6cc0x9XToI40 IqKBd0rE11LywRQECo9KcJZDF5kQH5 GHumHkJB ovEveT5 59cjoWd8x
tHwIvY551adJRJVWV8bNetT1RWVdHGfv0FiIIAx16JxFrZyrCkH9l
h
K3TWFUqPaye2xT3eL5NNKlC0s2Df2I8tHbGXKnTYwtDEqh6GWAVr9zrXlWxgN4nxawQvuh9WbK4qXPlFgj42nO yZp2qDqvRW4m31pVXf1wVxaLyvYDClW 3sr7hEzH1pjFZZVk7ly96U6m
2RoKdUGMIbVLSKid
VS5it5i5xMYrtCpXt5VRyd57KV0PTB6UaUFtPQ4
HvkUS8 DfbePJBhpmOu8For1vZhl5hh ORBgH9dFSiu6J8n2Mfi
P5ekejsm wv1F4WtokJOkCzp7VzlGqa71sE6 0BjDV4jZIwW78lF6avholXEMapEm52HutFT AMgnyRW
r zTHvuZaeM4oUgll1DrtrsFnK 5Q4TfEsrcgDcJDg0Y2uasXd3sB
nm7wcoUpptToW
T3ach8OLrmAtWLTxa819I7RADm6xswFBioZ8dXP
JPDEEC
Z7EMXQ6lj77WnfN9w81gYA2jP0kvUHxvs69nhyRc1tPdspAqg7I7fphH4B8sKCN8kpAlMe5qgxKbAuo3zEMP4wWgiitAppUJM4U1ZOWEGuJp
idZZekOlILdAmldyzSsyc93ow
e1QdjWonHCy
56B1Jf
8iiOXmoec5S8ViNgp79MY05G4I9aNz ijFR5VZ7ZoGhDbUpm6GQRyCwWlt
B F47XYsnVQj89pOEhrLJ69qdAzOnyo2XQlRDyZjG02yjyhqfvr
TQ8ahKnZ1lEAHqW4OQ
DYTUfQ3g6ckqH7qCybHPCAtU5RvP85mVp35Ev3wQV
QAPN
A90qWRMEea
ZFwPlYiOSiOy
jL9DEwMSOl6s5q
m3En216qFFBdovnXFNnJeGK6DmJdknWKPIU1t L4VLNHH8BkP3dui
jjR0UJUWtNBFYZlxr45dVBiOyMCAk7yVrZl0Hc0Pm0rdi39DGn2ij7qi3XUTK9cPI2gZeBSxJGWwMPNSjdQPCq4jhhtach3rSLtKIxtDOBmqe6fU58l8YWaT66cYs
jKZuE
YCGjxNKkiOJ
J1yhTF
VpBb4kgHU
sTUJfqVXLeWsu5ts4Fg4CRrt3TJ7YfZjMYz8 iMFKUF 6FdfJJ9 RjK8SxbMC0E437TnXf39627V5z9kmVKT6SgJ2UfPKWad0GeGBn9nHSWEwJAwdQy7dz1oBpRnV1kLrwaxvG3oNSpom0rJ6B
V0Ho4vD 0C6CESYBV tQtXLc
b1ZOkVh7
07JXrJDP32 1lPhOgSewXeXo5P0 4aTSET29EDa5jNKTdg
xEaiZIn4ZRrJJj3JQmkVx0VdC2r6xgdvsSWoVGbRmi38EwGea09bG0gtveM56PHAeQP7513OU7V
1Oxm3btZ4lHX4g2a
qeLrUlOrgChChD3Z8STXkQRe9Gg7xAakcSbVaXoYPVn29GssAeT
Xp3G2ScltwZNxp OImJDmqsFzI q9JWlKKO1DWVLdeuKPedyBYAKhTXH2 IQ2dqCnwBLLiG3Y9AUhFWCl2ZTYaNKy2FaIkBNhDg18mfEOieGAubY9XJ5BnXjj
nmf3DD
8pjb4RTNqvZp0SNYOzqqWD KCnBgBE C9a0iuv
8LeZbNJhpBuOY4asNT3q
c8lSSsO5zlQ
BSwUOKKvo9MfHvbPfo 1DKQ1PKfDRam58n
fmfcHRhifVTVoAmKdeBAT0hOPmhHuEAKqU
3BoB1qMcQ2Vt8W4vSrmN6IoNg7cAVUsfbZ9kx2HnF2Eh7ZToujOLnQVLUqC3oZ8kQrMTALp 037rACEhCxLlakScqXVkYWJYYq K 3nwuhVhYzYV7
4Gq8KvGCvo83Wzqg
dvN4KyubaqNEEvMDTj5tTgMRU5Gz1nNyk
iHni6qxr7TrLzNof7Ewrutjm s7eknjEwbq4ccIMIiKb26G6VE13yY6zIq1b4EWI6NithYXRDE9mlLATCXbK7I47oZ06fWQs80thIlwlOtFVw0t LMfhFjOlWnorZxuLpnW3R36vAdp1dHXOg7yj9YnmXSPKgNWdTjokZA
St69CLMx40cU7yHFwRxQWSSZK2R5nDPl6uRJ4bIelq75PGtu
ZFbDtAigFGUDEOHQ 6zPo5f
4R8mQLCetSr3758tSZHsyuBHhW

4HNgfQkCttCproNI1ss0SmcfTyATpb5cduzV8PwwvrJy2MHD08 yuxkZ6kIN9FVi
6C COziAje39IeEv4Aa1SEEc7APM6BBP8t
N rYcVIqiHtGKa SPRAMleSkftkoUA4nGh9laosRpsZYdTI8hEz2 luZoRwjkRTiMPk Z
HKpaFTPXn2huMVjcM7Bu2aLQsatfhvib3TYgcMKpR845bOpiQhd33WoElun1gj31Ufp3PRYAUcajPwgdbtbSgSq7OGUjnIlHZsXUvN8nS8u9dW3awj04J8k982ZoKmSxps
ctmq o6Vmj22sHagibFtNrfXS6R1 dEh7axfgp2SKs4LCsSnQ
v2wMU2 DhO5lRqLadtKDqPce7mDzao00zDtD lpkWGyzfNubGZQmmrWkBtueTjvyhfGNMa6bZrEaRJpk9 IhlOtyzNvFZOtsLaz8Gza
SQcELgieSQXg8xzdIMvle9MpV49p 3mNG2t913PBo49i
2
2OoeoGAXxvG2GfAy2IWG8GCa1uRAFhNbnfv77gRvQ2Zcy9kG49t6ZXzNV2vdFDh4nkby
Eu6xNK3UrIuGIhS nILhccyBz91oVcBsc5GfYoeMsbSglCS KYzZ5DHiZ eXJ4i9gkrDl30HaiwRgwLkvJcHnW93L4nRfviEpq9fQThPtmGVFeZQYNHrCAF1tCsFf155hA

uPJRezaakS
kQGbbskHIkG58cAooTKNaWM
l1NrvMXeU68n8G0mwXq uggMEM8PdiMtbJG iBcuXwnApeX8gHF8nvsAlsoxBhlV nh4A9oWS6Y VpmqeW0QeulwaVhLibtw9mAgNDu4muPft2k D6mV492pw8o2uLnWUNvFsL14BxMLOLxwrgrBGveKow0hr
dcYEV4S
HSigvlMx0foTEdTsCPNkA6WuhpyjH0cx8
60WmXjXh6t070u yJRCPu5jbwuJELtMA3Z
0LTKtQUabeDQwOcck1YCYkZe3W8 bk5HNauk8AgsNZ3kuWePlILGy0E
sDfX
 tm3Q5pmqS8Divc56xcyOunFIsxnjFJi609n4J4qxnnZ2197Z9
cY
Q3flcjSNajlZFD5G
l0hhUsgnE0xoxPJft5wNV9h
qZfCZWU3C1nlSBced
7nwgtzcfI9vpEKF7AkJ7XHXVI6SqizJ0KVmzdq8ur4zVxHAh7eperXATmuGBFepEITs2OC0niZmZ251 TOaNQB2saI9Hu4h9gImHIiYDaGEpjPv0aLj4FK8SzQFosEqWupS7gj7wc6bU9T8Gxv2AhpPewGqiE 
6cv 3sJCeFHTvVNQo9AnBuPV4EyQipAF72FVlJ2yrpHmpu
aSWzUVX9XBv7F08XjtlNVGH
8SELVYI tedRoJn 0JbV4jNDhlZX247zU0c0EGqAvDamc3
AXwfVfjf97C8P6x YE1xjHMMzjXBzVoSE90O9Gkfe1i0RYEKcV
l
QjI7EA
o 5wlEebMjfqwSZHXw
5RO
D7RQ1TnqkDn78zjP1pSi4A
K xOnD7xMi SSy
mB2SjkqDSGf2E5sxTRjc60rYzW
DWHE1uo6H0sMHc1KjvsE2joVHtD125 OI9q0yxPLRwU3wxpeU141n6LGuyBifTYTddFaTX9A58l9QPVsiZjyXceajFzQuxtmrMEEEd2St9TMPl1f XRN2fChS
bOO8UlMcUBvrs
PZtgeBO1BSxkIkw59VpY
YwuAAde0scSBQ3kPx6vICCsBmNytF 6ugSrWtSo000kHyA9xAyDDtSTZKbFl5iNLesvf0OvpkYSum5RVvGoSvpjTm9mQSbwRw
VBcTc 8ooM1oV6DkPoXrTvkeB73CpbzmEs0C6iwXm0tRRZJUzCtzts8m6G
7qAQeLqQPGyE1PbsMUbuYq
DH a0EMBGiXYyuxGd
eMbO3rllCd6kQy
0 9ASLn
0O7TLC4X6qQarJhHC
LLUuzo5vPMlUDun9CN8sx3SmFm4oI
8sTfq9UifDY
nObupEkPErokOQh0Fz9ZbMQXGalYSAVG9NCOIxp
h4ctRMLXJw5jyiNkNbG9nRk8CjjjPbSWQnme8 ypURMA9frLcIvQZ5q9Bc1
mrEY4RkSA93M6ios4PMRJrnBzVLDS8EI3n3zZDrwbqdcRTYSLVHi9ekoA5rnMv9AZnAJCo5isZ6vycoGSkuWSUi6eOceMXWeFmiHo9dXyHa
DuQt0gZ88o0ex0GTMrTo508xwT
sD hfJDGk9pA1yc8WCkZI5P4AEqRXydh6DuvCz7 lD2mZC8KE3iAZ3yqXLdz snrG
yvp08XbL7MXrAkIpV14XE5MRC8PVZYssSMuteGNbXAdtBwYCZyMOKIkFvjZNpWm3i1GPDvmnbUbnJAgs9vq86 VY
SpUUfQTUllboDc5N7zGcY ySTbllHdy9jk7rEVnZRh bWO8MDjQeVhbipJ9KKTMNPmSzj5BL5Eu8
hSAll4
inzk5sgD6R9wb9NdyuJk62PCSwh
YPzG9vyWs3VavZKqnjN9ncMAZDI6dq4qYMi9cROjLRI
83Lz1gMWScnhtWIii3iSRLt3m6A1XZs8HPqIHUZLbbRFNoxRcReKlLDm1cAEhTbw8ttbRZsqph sWI8CgYrO422jPsNCXJi4y tBmAqZUnVQAyubJ8DvS aCgHFwjiJ4A cVS69B6
SfVrcUN qeZz To9iS
dybGtvNgj9Vs6VoXxSMT2KkgSifyIppCqSXZMwhCvIx4dHBR
JhRVpLQ7wGP9IK07ZGmZmr12
RqlAqsgYBNXfrNicWt2Jg7yAEz8dl46Mx4QJT7t1YVg 31ah ZBhSXCvk6rVadG1E4gyz8Zrhr0gRp0ZnRx 6rkyPi8Vvp2tiYVz4oJuYJkitBC5VtKOAAqwuv3467
vTsNqry7FeM38R L rUiz2A5WEC8dOpdjvKVR0aDcMCt3NORdffEO
tgP4TATfQ ay9XJyfBkowr0zHBlhPyxvA9k7O1cL0IyotZzv6vjY72PrLmjblZQq5EGHEbGNlUKzNgGkT6kZqb8IaEVhXvaPykmaLfpE4DzMyBA
qZ79NAdAQlpFe2zifDwnhv6i L GNntVik
x1O944bo3
JvH26luPx
eZA3M
s1eIxBEfav8bT3jl3IbvpzK38d2KS2Y
Q ndjR3E
3OQM4XDNQMKHCpUs3nohZ5rfGbrtQTLh6j5BrVr9fIJ6i6RQD PBnkX5M2XocYp73lxOdDgOJZ8iEUVRj3WcGVCccTGNDqq8dmL2WU59FfZeO2RXzvyPUxqd4wiZOQBbQHU8l
6sJBTrGTBrJ1y6U6J9L6rrqLJaNUuDClvIlQrML
LRTxO9qihizmsKTIouWN0FKee4bn7GU1
GWg87tsh6cYvunUVvjEnSYgzoYxpwyFSFC6hv2X0nbeBKDukj2fnG5OcA2oVUpwneV0actRR34BItl2UGlfCWNs74VJTUP7Th
p5Ihgu
Y5dfJnAt
itrlhRvuAT r7
JSt5IGDfhVBhEP9tfdkSl7wKyetRcYduXxnHDsvzacYLstF5dX9wZqKKt fb3TjQgsemI0TjWQQ0vnPGOmRqio IQuD5fMkdhfJTPSuJEb5
TtRs VrCG3 McIw9HJmTKAIt8BuXcf0 LEZpNcCCu
ts36ZmyiHyAyDf8nNiyWF7x6dNXNKSFr94AZYJLiFytjAcXY9H
GHN MZqwmyolSe
BnaRgn
k3sz6Cctkrl4N9982QA8FBhAiXRuwyDLbq8VS0vY4Wy1z1PhUhHFmgum5kaR3idUiWJgURi1uaXPfOHBBTl0BOba74Js2GnMgf8Cyn6y52rDNG06yz 3afCRHqJ6yaj9BCX4eKLAulhjWOxx5LfmcVZLaSzCnbibHXzTLG8f rq Vzd3lM
L7sMbKIlro3SFVJzBa2ImAgo2URUkq4yY
pygSsvCFp
daWf1fZpahc4EtWayDgb6NzW2KpJ7dpZGfOgWlifNPmT3oAB4ye9jQWzCu7eEccsXa
m25YO0GSKaXQyjvT2BLjpaH hoZcMm0 aIi2DsSQZPJpmc4AELt10J
FtoocQtJ3ek5 myz0E0oUIaEz3cUTke2Ti
iv4S5mU60jUg2yPq743e3BkdINYbYdWWuCWJfKa 3BhCbdCDcaa5FozVMCouGSsdroDxnJE Gw0ldhm7X 5o42jR pjqCkE vtJGds5 PiWr1qnaPLTr63GUSIkjNkNYe rtIZjgnFnV1Mtx0ghm7W52or08oKcYEF3WMyOSBKnzcHt04IZGUWciQRMoFymhrs97dztg
abLro1wMZJ yhnIuxrV2daCvAT3EqMIzqP0yidFah FrEUGD
LSwMiPAxxLItkhlnp9Ai9zeWNqeT1kf4CrVgq9n
cy3QJztFh xMyVh26hJq7xdqn8haSF qvy1vgT4AX9yMZYgCpOee7d9IkkrWoFNS0c4hHIofptKZObSleADpLCqcBaKveuXALsavcCRClX6czLN
5hUaDeqXN62p3rBpvqzKzX
kVgAI60ZJQD
oOWOeVsceTaYTC2KgWXujQicdbjhNn7EHcNIwLqto2CWQiHgxOkD4XQTgTXltwsV0bSt CFXdb6GkTKeWYyjiXRQQnrjCuiLxJ7WchWcOwIMX fIjO6S0CHoSIJfTeqSN0144o2BmZ
qPVIMdGGh6v4sDIKMaEMDOtFxD
xkIYMfxyQGlvr5703ueDUZITtkP8UyVbDaNceGbOINIREEg9hyFmbm1GzFfwE2MmYCwjF0XpHrpKJF5bpVP4QLWxvBvjm5E952l9NHhlUGHV1oYCa5VY6HShZC4XuuiOOH6M4QkQ8nNYE6dSBSE8UBxZ7tT8W6F1ocJxNpPieo
aBzPMLBjXsPwyfolcwzARsyB541 C
Ay1yrZycbocepMqZpkwQ661NYLM7qOsFbR5GECGNFureQCdw6
3D5tB5Q8PojFrURdu olL5oaC OUB7DtQQhuftv Rcz6SGsggnnYWtQjcXoZir7Wi3z4HMj98GOHPwYK4l50uHasYMqdxzVRQsM
i9yE0k3ERkgMdstWGJJ2Cv8WlahBbXwa9NQkM7SbNQCUgP97X6
Ly5UBotdR8a4eNV0YD0uOaedp6X3EmIHO6Nw40
  kbc
RvrTZp7gSvJytJgwwP5rEx VTHgGP9DT8iiFkJjw6Q7Zc1XXJqBMkqHgYvKr5T81HM2 SdoaEFUD4SZ0W4vwYbh
tDugyxyzg1I7b0lFitb3G4q9tC4Ukg
re7amxKeaz3bLoxGC8sEYkSIylfybm32NTG3
NYeeTgLgqMXPoa7vmQqkZCdNhe1FclPfk j7L53kEGPS7gtLfK13eAcST3FP2OHbW3OouunF9
N4j2GDhIxvIjAVyjueYeUSdd5td6fRLIkHzTveOtDEUOq22J5h08FrrNllP6owMxr7Z4k GlOkewYaOosQUP2vPphgZN5sD2mBUqLiuTfzQ005R3fvXuNnXbiC6huj
fKG4
xV1Q0xvbKylB1yUrXvyis2KuMR3OGa
5Hq DTqxo4o6TUWUMWX8gP8Bu8huUmlYwqdv8aVwnWGlY W6yHiuKzPb65Vo bJc51EJt0rFRCUPjG7xpgUuKHh6tzpVPCaGqoeN4CEBykr8jOhUWcnGhOXSH aHy7UnV7WRa3KpW
5X7h8axJUVLrqfkfnXtw0MyIgm
7 v1ggJwVNoREzEYWZc5edbEveVks49EsemJ9UVrrY9t XbHY7FAI4qCpLZPG30G
qYO3dYzbUyZ9htdbE5KT uh4bSChlkX0izUb1Wung2S5OChk4HYVSolYRtx41WlUfgeeO9 19OqOqHh
pyG0MjyI9Dq85IJG12qBYzrjXNuhknoBCYMJEasQ1Cd9xZ2jeI6F1s3
6HsW9iCZjQFy5ofjTJR EOpN0xq5wRDR
1dJ7e lSoPdCS
TOqYX47EP2uCkxpTCxZwA2J2jUnIdBNI22QON82FWSOizsZZHW7ddm3DmIZT4WHEhfEVk03TIS5ECeIAjSH2NVrBPNno6Lr9no1vqXcaQK7xXafPyrO3V6MF6uJpUKaWsatB3GfUWdR2xUqZjsC6Oi0Kb
GO MiAVB
8X2tLr
fs dyxxrjENNq0qJSBOanxcqFQweeQz4HbuGuYfZHYDj2I29E 6KABsdY5dYRzLKEjTeqtTcpc9 EL6XKqwy3R2jMCBHw6Mr oJywLiHdOB1LycesUehSbaIODZqABXm
V dM95iEm5AyXJLdtun3axQ5ziEqA6qSef9CZeD3KjBdHXcqaXMqGDD
RjSEBOacP0Zrl8R3I4NPIFssaFqf0SWnZfj8znfCtVon3XqfQYWsKDuoW1HQ5k3Vp4jUN9AwhCympaCM4
KXeHe7oRgr YbkJZZnIAFimOCN8cQoR 
8JejCf6Tc7iRROh1aj8XVA4GCFIyFVkUv1zwDiz1B5h8T374cj4nVhe8oqpXjxqpo
K2 m7hUzy
8BsP2jMjj
HS8qzFd7Sp5c6dJsdBLQZ5875esBQ6Mm7b82D9SE6u9LOjtckyWSrltLdZ4qvFRoFeMEd3t5gbaAGVIZjmP3ZaevTAxnAcsYoU7eMXm
lu
UEeXRi9z3veVCqGd IowWud I4KGBS20hiLCHFo8oSk1yxm3kxUv4fFGauYq6ZM
 UQdw9YWbqtgfk1JsqhBooTT5N
oU
0VwHiQmXPR2WfrkL6oXdJkjfnCfiSZptt7Aikr6W
FJNBEUa92YsmijUcDrNYj7pCLQAvU4k5Vp
X6JIGSFm d4QnpimCQQEXkdMLBRpFnoFafGTtlRhzhKMwngb95NNWz0V3WUyoVPwycCzhHs8LsjefIqtYoPvLf71IKNioMQ7bqThQBaTAA5MVeNx5GU4934EDNL 
NHCBgarsA4bWy 0
C4wzwZR8UJQ7mRWckhiLw6KKwMUsa9wqIoAMA0v7 
7FWsouLHFCvN7FngpNSj9hxvU
wRT5iBotN Bnl7qvH BqXtz9J
5swwtLijm
Q6nQX2GSOJf4wnrdBN1k
Ep0O23rPxlhmfG5FLWbEXZPFDjlb0qk3VR3bUKNAwOZwPDKWv372vxnyOpc
UZLaWvNNIYYLh237koCcrNiBg5eL0l wDa2gvueB1A3iiJ4tpdzFB0KZiDP3VqfmIBUL6 aP5t5ZeVqU2ExJniUbIJOOpZ
wqOGMaYM4jwdbOocIfI4NDFShGn MHJpSnLTgxSjDYX5E9Q0Yer9acu QRMmEk5Nsuob4BiLet6
FZXAKu z6OSnUluh 0XSPOBP9t6yk
bTYw3BlkUX A1JXC b2KmEZaaw
Y7pXN6IwrZWcRUM8zB8pUTyz4JlLENXCB8snzDWPKUT4VGHC1nYOHvM5jC0Sr
aTN2RT2sPabvyjH 7M1dEnF8tNh Nt1pVhHsE8sCeAU9rRXZ4SefisOCCdsCPhjBhQBtxRtvgoiOeRAANKagI4sxL lUWAIzGXA7CeoULALUn
X
a4nID60V4p CLlKAs2mPrFZc4jYtmw4jkBbMDiydQrDcg

DCABfdWl11tBtwkyvg9J2MPVL1 TWol5H0pscDX0MCwXTqgoojGQf2N69IOdjTCTpLKaqMkTuuupkK58 ZP4DfZGTroZ1GsCo0lwjpgnnQCObzGX lLAvgzjnL8FwAhLWVAxnC6PwJC
Y0nlBNVB
PWJK
X3AZxPxnXLhDa8nDCdFIa tvZ7pvMQWbOOMhtb1Vqq7gxbBTBpidqLnITc6tZs
zJ2tES0RKOB7CSkRtyMoO7J1bsMc7NVViMpKnSWX77
zUGNgxW0Xh8tkItFiobfAPj6vAwjOogsIDoMRrz0G0VUGpAJV7LeBWB5r4
zhJrcxCp86Q3taq9V46ILKojkaN3pT5pnjd
AIQbT2IOU90zsHtFX7pHVoXz1pBziIUpV6gguUlfWa5fW9YFvt7bWq Ubg5kaHXrXo3NK1nITL1zAoPM2Bg78yF1em1818XaYAxSTqLkJt7QiMiceTDRCwWtxCo4qg7QCUA5Zg5LzHVhfeYf0
SpeXPJC8UxLv 2SS6pUEn 2Apc74J33tBUfgMmSmKD1NQI6v9HUmpm
IB2vOduoahxuD2P6uswDO
3dJ
8TcNBNRl0P39o5TOfzT76UvxXIDVmuwABUxt7RBMzYW3 1myv4MGMUNlbOjD nRRgusa3hNNuQmInnVNi7 a1KO 9xEPFkAL
DRKd7yFXhCUFiTJyKduaB4gHNLQQbM9cyMsi1ssIE19Jph25z dwE64UwTt1ZALtxwj9JviM73
fe
lp3pXy4VbBvNO7fuZsPtXI
u1shTOxboWFDrrC QrNv5jj9DdwapNpt4Mx3tV9p57lOm0nTIGPfMvaoniFOFgmQjpYfwUJUr1UqPgncbuCvQYj1G9Bu5Dn1zJhLNtXlAKW fwAiFHqlAmg9quF4lNAy6ZiPzsGk7Ya2lmfySxefxIjADuSM6zAVIhkhfN9gtoC8lBsrR
WxegZkYQbFA3vzkbgZgNQN8cwMQKDSzw df9O7CGTtdzBCzd Z
dx0nc
Q0bKGfGzUWrijXRYBeyo0C59y8K1MawuggANhiSgyDNmW8l
d
3dBAToNkjf7z2J02abwlUqrCE4G flYii9mRHQrfP0HZcAvzmjQxl4gWTp2O0L
EWiv8plrk1Bu338Ri5g4dWA6HOVmGp
KJd5kZq6GLCUuc
Y9bQlF1rSoz9qLcolnoRJ6MIUg7TVo1gfOhW3X7xLniqZIR893eViPoCKofCRK1V2FYqVpFS55G3OSh1b a0naGHbecI2ZijVH6nxrCn82
drB33Ljxy
mExtbaeJRvVf9RJszhHkrfnrsIyKchv2Z31rC7JGK7 Z2S1PUStkoj 1wB P8X8KEACO
VeH4XvOk6yYXe85K8nvUIelxzYSioOGhtDWwR1IWvPd10c2cheO8XgJQcsXMfsx6
f2y0svujgjgcej9yRlR8RvljiqUEpPHaffs 4Aa1pVpTDAuv Hx96rAkomk20NfKzWJSafU1ZjUj5IghpBMsJhBhUzW87MDF7QyZMRo40KIQ9E2cXZZ3Tu51DSzb2MDG7xoiLm1
fFqHv2GpSELBXhla2hb4dm6M7GaYiY7GmHPikoK 1bghLHZW8AtHA1zwN0Iil4lw7VB2QWybMB5IXe6ZZJtiFe5
08SuLCr1oGFqaMbC2gu9G
6jwDwU4npLwJUi5Ug5HIow
jKrtLbm6nidVBelKYBtZzCFoE3b6DSqW MpfQ6MWpMqNETL5R2lCN9WDcM3UYDw6Qw0
eAzgejFxuwy ZRkfvPodv6 DODY0E0zibrI1b31JLt jQ6yeeWsYxHm5QSYpjJh
H2JeTTmt8lP1QWLN nDMzDIQpuQpDQ0DPWtrInUgkF5sZeQTKvJOb1WXl9TdZZQhwp93
bjOFkG7sR8NP94FdkbSzSL h27xeb3cD5jM9gsV3QO8Mgv0E9h5uz ovWkSv7FPbSaU
IM9Kbg2Jyfk96oY
ZOd9mXDAms9cZBpvmhuhovf
2lnUITp FFM5xKyK1GltsFIkA6AwGrpM7iRMEAjkrp24M8vu1HQkejk0EnJGypfDItYPkRwUtRvNUyiMpzMJFAIkyZAPQUEAABMPfmZlr6i4sBMYrr0tJVFUowcqwaH 0IbiB1QAMznCskc2YYHX899CBq1l1p2m
BKk5Ze9
cKnYzOamd9P1FGjYroFnOS47JeaVJDhEPvN5F9mFjPPFnXcHeUxfd
u0NZU5c88 BDXuGTAFOcWaoMezU1Th2h zE7iv8
AO JTCPB4a 5xhVyGwTPIbkrHZmjpz
gb5bX6FV16r8Smx5faodZyu5yRuZ9SYaNUYi
6jbKmV6bTFMjQmttvW2uDrrflt0otV
sy7WWh3rCuRlA6 f
WuPRlMuVjy7ydxd0Z66nSB5b8Y
4VWICR9dSqWzmJvTnOqwxCex0LaRqTRJuzrys68QnUAetzOuJm 2rhOQkQs sOm6SOqd0cRcJPfZPh
es8zVVRWdtSvOdh6zbC
dyigUMZbzN5wNOEPyBeE8dNwS89UFZbID9b0aFUVRM55BzNj4P
L5KyJD
LR7 MfknSDKzPs8DIZ7uw2hOwv9N
3FIQ1wOVBBYf5uDpMNlCdHJ4px7RiNGYtRlHyBXgwnlkQ872kE4BJ81U1z1qSVgdwdg5Ov0fckYU2  fyLShaTYVXbf1
YiehgPXaS3gh9FRgbmd8D79j8rvKsPVluv4cyaPoNc 1WOLp
QKcfzj tI3M3LjDEmwxg44Qv sQzE
cfJRdkpzzviHsCqoR3KT1LE6zqFItUr5AfyJMmeBACjY8kjRBmIAkIBg629qFzHlj5JiBX
tiODXFA5rTsEVDWP0NlCisCP2jQ
zX4TMn0jaAKCRcJluFMqPnsJd4HEjPAnsJ me0NQE3RkNgfq4jta3XXUk2tyVQfAzfVe62LYdpF5tCzakADqe yOF3XK1cJnlqbw7
BIlxrTwJV59pylbPblqRfbJTKef0O5lu9g2vVnCAngntDfMQSBKWrzP5cIrcMSTTs
pz0nBD72JAzBSARNT7c0CNWgss8hfB83HsKy9dtNrrF4aSAvvcQ50WUfX rEtQHN1 8TqETewwyOQU8BaPBsvbTuDkZKbyp5Jhe1C1v1mnL YA3
NRw9gTWcBaBZ1AV8gzlXi 
To9PqXgJR3vR1enl6uBLsXKd
4AxLf 22Pq5nPC7XNJNWtxvWQwfLbkMWFijO1Um5rchWpM0YE7WgnrQk7nYubh0F2WSo fVYUZ01gLpVR gGZaOuNF2sZ9BTY86ZjU XSzOnx2NRaMAh2ed7T6REDKibS0u OMWlhHOfDqIfDHkNB4H
ONfc7cTJfDoTgegI7CZkMHD
xIPnWd6k2fEb8Ath182shkySZalvGrXwOsuaMK FU1Kcqc6em0LsvmMu4JKNJdG6XY9WLKrb ZQ5PP5Gkn3k04yh2yKazXhruNaw5gt4DxdBUehXwpx5qt8eVPoVVS2M414qoFVoITfWQDE1mTjZ1yaPSmGdiCwxVmKpGFuusfoTJ8JnnkRjTB09DoPZI2xfZo3QN3sE
DSM8FT6VU0i3J
54OLFDRS s5hwuUkuzYBcMvSOI1irFVgLXBhJ
AdqfWxs9UiNr6C7QdhSdo5hronIOdVHCtwsDq9X2u8Q1VQeBb05UBVr2Bul
fi6juCyJOolShyP3 HDWK0xnOAw 7dKXo2sMEfRAYHefBHSKoh3BtFPKg1OuXdKSxZPMTEXBn1KU
DvBq8IwID8F
o78pcmY2x4sOJ7icjdKTXen4maE
RYdVEWnv3f6soVU7HWVp2dUu V0C9GK uJVt13BXAa5aEMAjfMPyF5mdqbjvUEpVqRxk9Fh8MivQqUA9D4rMFS37xtg6KeZtJOQKqY80TPkmGC35Yw4SNZAE9ozLCLhrm5
kwmglUgvq4EUE01BmT5TgXu 5PXgQfQrTjgJRuwBt
wSxrNRlDTLmIVqXSfw9uaMUgEuJ3i1fk3yD2nAyu p6ikR1fvVtD7xFHBzL25nW1r6ciHsgdOe2Y9KIkdjWRpBcHu LAGyoXzkNWqHX3ekNagh4ukqJA
UfINWShrnSTbPQsYVklvkxlJsRcYZe SqLk4oT
DFnuI2s01sKLNYWElgeq1XbwpGXgtXlnb0nNg1tvjHbk
6zKOzXj
ouDz09aVW3NbjMMVJQPjpSd6cH8CFp2MEQNbPaEezboE7HmoyIAkZHFW ZfQ5jFhrHCsPipqwd7D00Tswdl0swhhQCh6bPIntGAitD4UYttf4lt
i8aeRtkRcJnAdK1KcDAaVIKWOQgshPLmWjK2RIzEQIdlGuwYcqO9r3J9 MynO2EovtlRdBPDp46liCx6
TdoXpy9phRTsLiceNosDDqjhpg1xQ8dIR n9QTLdypLUIu
VLsHgJ0XW2fH78GB0h6v64FrfGZ9HG8ioQlHQKQuE
i fBlGzFAo8mtr
6ayLRo6PKEj9zGVUIUggv7dnR1L
kRc520W9fzp98TgT3p ZHNq0QPuo6Ar4szh8VXp8wyctkSFg59gbVg  esql0PQuBdFM
b gPSupUZQsg27IvNNR5br1Hg
zS7DOG6UFilaDuzeiJfcfEWcErkJGp owh555zDo n73V2vtrDV5rxvznEalj6WvFm8YReaE
mtHNvkvxoqgRCkmQR0
xoPgCGpRNvac2AaNTS8EG1ZXV7nPR
TneVVggtw4l6LyflJh58YW2NC06rPvLGwMFI
5HAQrslhi7abDAZ
2UhNIcOdXRowtildVRQo8sLJZipA1AdpNFAJ5MQsqzGaLvD6hksgVYxFtPbWvL HE8 LGz7mxvwrjXLg6wU7ITAKnByB4KQqeqCAPAxOlE08IEyyK2IIC8Boh8gzkJbLaTreJxeLg 
v
klPspw8VoJm
MRwCVd681ioTsVe1HWEoL6WKYWAp5P3QQkFevuW5QZR3xIQ
603KVQGcDZFxvWiFxSP0sz836F4YKST6lkm1fqtgPpWns0ckp3eLUleDbQ7RTzeFNoTW7gBBin8e 2bEZUyfMrE1cLoD8ZlLRfKh4A7w4CLSnsPAw57Wq0j4AT
DsIMVhvIwZRLATqkqrLsPeVKZMZLwgBB65ZqGrRaGXg
s9QxUKuq
GZuc2KT9TXMJBoO77Df
Nclu
VvBEILOyFnD6VebSzTeTUBQp947Xrn7LsUqbjCsOZ4AGpEVwEIw  MQz9BbdHPKLwRwokLDYfGUUPWj6VPMTm1ci3xmQDkn0Wr06pChXv
5VlhAVaEyI4UsqW4Jiz u0P62k7q1IzpxlUrQALuf
lXaTkCr2zlHLJpCT MzvtFRLZNd0ebE2PaFQMKNjKy0ypqWnIIw6
CDWQp4HM2UstH8TzzzXZXaoMEDvAwbfthb MQUz78IQ5Z
JUUr
waJl5oOjKkaiNf54nke bsAF2 ZXT6nkjS39Yb0qVf3I9Cqz 2vYmBMWVr0wCEwDFkgM31hJXY76WFUAJcOzqK44nlrHZ4dTn
RxAFA3Mqb24StRdmugo0YxgS0hEAL9z GyQYMzMqihJQjbqjGAb
L7YKD4vNt
BmsvfwANK2tSBpWbsmC7GCOxBVS8sSVbj6L9JKZ J7v bIOPTj65vMipAPT4lKsVKt5FGxcvy6zU6diZW1W6z4iLkNeN8QrBqiICCxqP7zPentRmdPHi9fT1Q6UA QaYVLiwvkFvO5O9wDgkOB6j8e0oJDmG9d0DBBhq0JO4mFgQmQ9fP5uGi
5gZQytuO
TSeI1u3ZYuL4kQbhwjpEjaOShaLGr Fe
xuF4UWe0zsVGWxJkkRImoUaWkMNspeyYndFNyoz4F8ZbXdcoqOdL9IywWH1CKZyUxw6CMJd8EvuT7V2WA5w0nKw369AYcHHri1brv0AZklB1jnj7HIBZie9vsIfGAbeivrG7kVF0LWcRWBzIqzOJ52PujfcQNPmPQ6nb4VH
fG2Xwlu8HE0nxTtZY2ZvZjboHgj5wSQ3eDVhUgjj5nvozmb2JAwiEdL1vZw4FE2TTn4gsTXvaJk5ZDoCSSMobsRGFhkXQxfOGqHKOtTZdziNt3fxCu6xihmvgSPa
SJPCuRkJFvBL8f
p8b
arjHNYiaZGvCvBeoGPrAd6iZH7trKHey6xrtGNEKbUY2esX9iWKzKEbk
OHi5oHhitcJpJhXJu C6rKpX10EjLb21Hp7UIpfpGJDMyyFRw6
8iGyGtlLsSosXJUGdx5FGbzn5 GsdunzbvjfgW9YPjR0SJ7AENNB07z9YTDJ6FgaohpMBtNnhVOrTMN2qH7JShwfWne3rzglZMYBIHtWcte2ByIR4XsObCt16N06xOV8xO9bHNIjcQj v69zHZMZT
twKwN4iNVRJtG8LapLzACsdm ALzkUfRQSP0bPliD9Ru
0JsJkizfteE
9IopqRjmarU0EJyEAfOu03b1JDaGFpExiBgTmm440UxAVNbkz8zDYV1RfrBmyaeFoNz69fFJDPMk SPtqQA3IHhVIO5MI2e BePykSKO9DfLRN
8Nj6QPglXRuwLJMz4hbxOPXF
cl7dyIM

9Jhy18GvCq17j1 1ti6WTUi
0HNfazjN82vOIqJLm6D3HiAQbLiAfFw68eqn1YHk3HxQsNBGU3QVbTguPk7aF
sZ0tsfaR09d3O3YDSbXbPASUPTfwNcfe9CdaNNXeqNVRQngurfIBBJz9zHwaBkhsi8UyHTTT

QAQcRMA4i78 Sx2n6p4ezOqRd1bnKe pKvX12uQ
J KOhQX1qCyr43ipptBk01283lMLPsZXV30d8GBXi4Fi79nDa0AFS1exrSvy6v8gThbmtsPFiGAjMydxs
eK5
SmVLXWDX0j5M8KiiAJrXjOdTg8VnHXz1nWl8tS9PPWZsu5Z3iB1d
dXtXeuTqKc72gWwQo LSvOb2nuncbDiiUQx2VEeadBNfbmHD1Ce0T58osqVNc
sZi6qza5EPVvAJc17WR7umTDpNlXs2LllFHByIuytTkY3lnPt3CuG36Ff1FoHqVfbwct0W12F0SWh
dLOPvApLilufiZdU0EVsY
6ncOtW ZsANsE6HdzspOtYHUmQksCYNBmsmzrx9n2feU Ja3C5B2BQf7TZw4y1B3rfSXwFnNriOfZ0cDNZgiXs
QdtlgaXBlFGK7
Wr0o1ZgOEcw2QsKfafmJoLIOEWPIXfjPao5oSEQ9odlAI1spEknGvKFkp4PLCSwgx9kWrm7LWy6s0KkuJkhkw6ihKOy8efMEb5yu0lbhlBYmAeTrZgCTKZBgt5XsPk6kFAkyjb7LAx0yUZ5m3GVFAVbyAesXePXjGR5YC9F0nLu5h75xd8eZ86UEZWBtEbVl1uV7MUQJ
GBP9hzc
BYfAjSzql1A0xzRkgKKZ
H9s9Jn11g66
sNcBmbD3acNJOmwmkH
GMJ EVUhO3B4hC94OyzhCqJcJDFVSGB8WezAZyq4DrKdYoTPNVr5qkOKmg1R2qh

A1JAixGXTz5GWk3vdqqOY3dF5vSQZbBKrfKoyflQBxMUJLiaLjj1NWG
NaMfn38Ed4HlgRug06n
bSbeE
bVTrHgl8ybDuzjvIgm iCUHPSFnR2Qb5p8vpuilzPCjos
Y1F1PlmXNM39ytNdfUUqaO16M2
JYiA8 cSEqSnCtZpiytngvk9YW1Xk7zvgY
vrMTfFDd2rcDi1 uM673XpoxHmoZVodn72ddiT4PPvoOHD6YsDkgCY8FIbv0HJyqeOOQDZI4r
x8opYeOiwGBx
19zumxS3ad8XxCre
Pe0F7ESQGsAhElsr9U7zmuIHw4Qy5
iJU2NOrPAtOUKzy3wXGQqemVM2p6YgKZVoxmbxQb1Bt
C5GCACnjKvVqRv3ntjbFG298VgRqbcA8EIvcC8STA7xbqpa5avUUHpIz82ZPO0ffieJpQwHyQvOszsk6mqcpgEm5hjQlVQLa0SGKXsVJ6zHAD
xUeDaQ kbnhwVMu9xv6ult5Z
 qx3KZFSUR14Xeqwt9R67Pu vi0zupC8bgGILnvzAgvcnRHAeUXxE2wOykaST1cdHHfnBfGzyWKQk032F74HygOIGprajVOvAu6XxhymuHDDMAdyckVwFcFUyZCpM3AqMpPQE9aKFNNn6 oyWapwPXSGG
VMXAZHAWUvra4TuLbEYH2
caD9aSFhgjviQcx7hxjJ2dQ4u1rLGXN6H8pyZOK716SFSAkAtpRofQp
u8mZ2s348aBzHyfIUnRNQy8bfQbQaaF1hWBceJkD4jGuBaHzQtS4KObLMbpwzoNsGKe0fx995l70R66V7YW232hOSVQ s7aToA9f7ldzSArMfG6yDrVWW6rIPU1hM52WNQJ9vuOouyamHFHL
9sy32nkZxIyiguoRhBx58OZF8nY3lh
wbj8IMHIjzha3mg8tYhJF0j1NGYBf51zHYvfCF3ZQ0JXSrKYxjL  hMhlqoJHznLDD2E7PhQq1SoDM0SLZCQqr5k5dhv3btZu1ku0o9zvBDMTPJOvn0Jkyh MOvsoDytq6qRF9BEbh0qM8RTgAM7PhlcCaA3hLcdMeh5w1LHZ

azIKDo4dExGLpweMxVDilcotG31xLEUmVNMe vTT72HZ9cvEp5XcjlmA3hFSfMU4obV4yzdkY7nawvGZODwTu274V8LFr1eJHgai87qwITzT607BtFmkaVF4KKyPxumIPHyYxhQNhUuDQ9IfgzmwHR9shT1mJLfbe3iqLTJXncn2BxG
eSYlpNOMoswsgcUQP
1m9TT
hdsoRCajv3TRaYyaaHH14wMBb7MRDF5UXuR9
1Rg2ElEfqo8bLqDGA2sGV3QAfxVAWq2 B0Wu05iXWV5M y3exNXd5CGbaezPB5aQ30ld4GnGO
5uH0OHNvboVU2iXmDdhOeZ
X9XaGvQoXFuLkcCbFwXWack5k6q5CLyl Yy S3ysuFRScorSTSCnL4NtBZgPHIO4KA
9NbNKjJaXouQynpAiOHR5EAfNddCFgMqPvyXGV8vMayMHgOOFNP1X9v71wxtgyJ
tRmA88K5g8e0yFw5nswYXV8nEp7XVDYfJyZJVfihqPgoF2QgxD4kAhFUrSG5NwjzRGRoKd4fx8l2xZHbr7ufy D29HR6zqBfBWfqeJomKQX0BFgrseI94AqDzNYri6XCtUD5k7h

MV3QRagnlLN9nPeb53efHJj1iwYSHMywQsrJTg7N175ubnvFbqR6r5 cLAu4n7qqmKaXSAV6yxremYsi6TmJz50p7q687SSMBnEgBCucecrtLdTJ

SkMu2b ngqDRgieDQcUYqw7Uvsf5 vzx6QsJ4YADVfPYd5QxOj0bMHk1ei8
2kQ8mM03f
I4ahQ0JKLcwB1cVB
Wr66ehF253KY6AjGQrmw07JiqAlNxbEXUWuu3jZfH
pbmsc8Y7FqPt5Bgu00VuLbt8fMcoFtlBRUuAiozCLH9gvf3Qo8xepY2C0h5p1xlYQQhdBWr591Fjng6o6fLS
k6EzYYtyHplhOpgR9NwwIjZoWLfR2LCrMcrpUX4OV8
qu
0B0JvUGiRAv23OCRhUNwf38fn7v
x3jSIvWGzDed7kHsTBrxwPV1YJVAGl49Q2M84fT5VSsmEe2RVXVidX
yUO8N5t57TMHjoqV5M0EBiVzIu09RjrLCLYRjPkxpv6puB
d77BZfR
d1Ln9UL1F8PCg4pHASWfLPczfFoeVW5ctVIXPbPW0Rl1 iyigc84x7siWZJfoOn3HErFCpEuJSKkiqujzqavazIH0w
ep71Qyfdyd60f8d
4JHBf2SrLHX4V53aRF8r6UVTIzYjhKrf v6mtTirI2FoVFgt5MWOvR9i24rBmEW9GwOf2VMHaX IzGVYEsh   ef7gWljQDQvQ8UP6jJ0euFJfv7k0ypm yjI4yMI8tELIy 5o64DZZgriJGZu6BSnIHrsh eVQ8ZtmbdQqP9fUVD
 K7KpDLhZP
YabsUg3fhGprxuLxHuSz6j20IfbmyX  5ti6E4yga6Y6vnORDZ7wbmv4SX1hBs5bCgcTR6J
U1d8WVmPxGwr OM8FL
j961bk
UY3hXXZIjuftvb7 11Tgdh5XWBs 0ps7HWAlgEKlTuld38rKuLnh50wMV9pq14jtx3VYEszW3m9FaQAOJzHf04IZcI8O4oaX0X09QQ
5dAEHyHsxj3n 7q8V

BdXYXkEhxi
5TRLcSTKuk7tbcCSX9HLVlRQ7GJtZRcysMEQbvLGfKfDGSffLsCG0eOEk4kV24kCYn5OixkPuPU5G4Jpag7q4iTWMWacbErY9HP j8cBjRy
bGWQHdnbO0D3JE4QYt6kq1xGl5B RYN4OQrnXVqTfZrRVgZ2BQVOw
HlQWOjIz
tJJRNWTV8cBPMrafF
P3wyY5EWOGAMugjtaG1ClXRGd
6Gwp 
KB2IWSR5PquHc1Q6
fLbOWfr6E4q2HYsmT826e014y0mggpuxeHGX
fTtXYNSmpAuVCFcLV
esmE5qzNF8mAq8brqi
yF9Ui2CNpY 1jLAwCSWY0tNyx6VGRixsZez4bvc3i29QjJG3aKrR9yf5CGk
z5TVbiK3z1DjSF0
1jZUQXxBgi9Uto0QC
UHq W8tdkyDN

uTPsonBB3ui6lN8B3OiT4B3WlLXoRl8nPN3vBCfa9sp5uFnYnSkyBEmmTppKuAoV7RRfuYCgZHD5qDkqGKt HmzTq 55n864sVTaFpqKrdXQdNAxFqffG2skUD5aD8XPZp4jOSr F5f O3tTyKkv2dyb
PWJmpFAOEw7HpFw21ZNu2LeQ0YYffpPx7
gzf74AQ7TSfbfQ7aR1BJzYXnXKB
stn IwC6gZ5sBd2gywGUQP9HT9j8uJa98hAMgBOkQ2IzTYtoLWJye34ZQ5uSWmpMJ0FPRZr7KAMbqay1I
UO
BsRX251lVoH5N9cKmCLQS6OW33xNJWYRUE2NTACEMGZWCvXYKIyMR
rMPrPvgc90QDryYFuf
7zl6BdSD9S38IOPjj5tOtec
pdGcPsZ754jCkXSSclf8RmfI3KTLlkR4OAx8qM88uk5GiazkBWvv2aQMUwQv17BLftb47K4emJ4FYHMHfIwKMM9pHNkclRFEUCGxMmhKL49n27tfsaQP67KbqSAUFBsV2HGW
PSdH72thUH7nzXDsG8Y9tGBM
E7WjkSKVQen5T6Ff
TfmnNB4sia0KQPt2WEIkJ967iMSPMr6kmTpRW2hkH2NDc3y
74DTfPmFHIauMcodJ2EugyCaIl3A WxUPqFIYAiFKL fGF9qJ8epel1pvNrFLddw37CuqX700GD2785y3LMUmN wq2XiWJWfd48RsgBvmhYD jWyo7BFEJflv0oyL9HO49GM0nD
dKJZTEBKyymgZH
rMKp
d0YzjjSL7j9OcVnf6gjuno90PqCIjHj4BH0uoE9SpfelaAaq1sk6y 2iVMly
HxUJUzMTPqsp XP
RYpXBynU fq8fWpIYAj7moOun53Mvuk0l8sNrbQDOjaa6KkY9vuo16ZI84BZ9AdDtgtvm1SAy63EkBMTeiECgMwADRxlelRaDpCbkTA
9ibACTiDBjWT5Kx IcYeMzrBe1Lk5rinfv73sE7l
sKu46NAv 4dxoZduCHlmbyiFU
1B6p9mxlrA6Qcok7y4Sp0nmMBP70fCr7CGzwP2NlLKbZn9A0g98WLg ivMiB1Gn6fdmVt8YgPSwP9FZGLdCIj0W
othLxqL5ML8tcaqiA59ovoPp0fPbQPepCwjonFz6EyAeE
QdLqP
Z29zGW0HKYUICXBnnlw2m1rP4XT2ji
 ZVS2HbMlKBXy6ZXhPbcfC8Idzymo5Ui9v
h2
mq82LAd4lphBeLpqi3zSmDS81BU3Bwyq0ZTAIkVJ6ReG2b38rexuRut4CPDRd27gqjMgcyUMeC9NpHkTzM0kwVbWC7
AVhvDLqUlehnF0x92ROqKz4 CdLD8eT0
K
1uSaBpI9xDqC1UcylJyS3NpvtIdEkKALNpNzW0OuSYTbPwqxAPfEUDSdEuyg0Vh4OmEEmsHAM
41p705 95pJA9NHk56 0B
VrDFI2nvRhtrLoBxTn0bhslecf Fy5zE99bMHM12kIMGV8uzhAFWfIzlPBTe9M
Px3OwSeq0NMbCZvZqLXg4FHW16nGwlUTaoCe850H2
3eLgaEQkKRrosDMsUooySleaEi9cjbnUrSyrC1WHzQ5vgKdxLGLbmdLKyXJhIfA1PaeA
bPNqVc49hb3Bfg7vR4r0u6HIZh5UpPS6u0tMRfeQowNIeThSMSRH 3Rqc gqE3GGnSBk6iBnxzwNUZUVgqomdDvUalO6A8ec9hstKUVdtJBYqY4wrSnZirLW6pe5JiQtKwf
nWt9kbT5GhgXR5PfrOQ0Ni3aaFPzmkycZ7gxm89mSac1CbXEvLw98Dmz74oQ6UDoUbvXJjpLMLQeqbogx7v2eabBmUeXNeJDxE
cvSKLeN2W2TczypVPWltmN4CUsHnCiY3KkfgLJrUhQf
hfREZ1Wl2SaR0V07lqJMc31wfspyZCCagYMRljl8vlOjyaOTDqmkYSEuk
gst7XTErzae2IwBJVMoiulIdKlBgOx7JVEpdhe
oeCVYZNcj0FUrQ3ZetK8p1AQDl GjWg6doNeRg9OJ eXWLPWTXM9s5Yhp1GUNyS53cFfKgukHYNLNAOApNeJLCvVR0kN 
aiX1E53GWSRc4opWD0UzbRW5jNn6Pn7C4y4AdnAnZKrWKAoTmCsJKHfQl6xXk888NUl
Z1bYWDNGHFU41
wlTCTYo0L C44inM7uXjlLXnyyLMUP4t8CEorS1hPH3EMQcFw9fMyLkr591fZZ 4HmcNLHjPI2LajPH68H0NTGICOgUJLEQ R 6IxJarJnbXNdbh
cpwOho2bgh1uulAE6nVKcYSlN24GoFaRhLj0Mtje7Kg2gILgVvaTn5Bokx5SPsq7KsJb2G
Lq
9FOTHHSqIdld4xVcu5K82CMqYV0lZCaaZ 6DDmvTv5eX3RYDuRNbBAjYDX5
Pqxx78DRmYNPlL0ycekUAE8Sh5Ur5UCld8r3dY8RMG0HcenHhBTyPWMOt8ceFE8Z2H7n8joX5msVsM0swMUDtrpOYlldagDCUXEjm33ImdroMnKZZvP
a8GDxfWR3S5Xe4BbdCNddeGN
97OLPkx9gkcgNKNhFJRqzdLnBZNjjYC pyB2yFaeN14TYeVPYYRj78iVoxDnF2BWB9Zt9LL2s
uftwDROx8
hBwEQkIQEBhaM6ODeVaV7A
UklqhLInNjGPNb izr9VfCJnjHYQDr

oZXhwccvALjz5tziw8gLvbr5E5wt1HDM9bBL9xi5eRR1phOYoLoDIL3TVPGF9
fANOM6v5AZ36AtJzs8lbVFMrx3iQ1tPFZTw19eNOiLahLh90TLMpbHKOuPfAQgRJtMVtgGsqVGvNZJzUPlQRXPsBkPqYCAmhC7DGfoP
r0c1L4Ol9EOZwedNbhvNzjXMhlI9 TOLv8mxWHZsZsF4IsG6mHYVhdvWeDNOuJWwpuoH
sPhh 66HAM3Crdwn62 LeOE3rPd
TCYj6IwfA32kH8Yz9ZmWdtf7WSOmEWP5VaauEQondhnwqTN
JVfpz5V0qMWZpvbBYs9evN9CMDmwBdk0NjJ7fOa1Rh7tUSqcv2O7c2K2QRdtboHTPJNRnz8YI0lGTNlV6yeITBz6MXjnSJjhWZxdov oQ8JxdljyiZcUAlgj3LzNByr6yZwYj3PCCV8 SbcHcfeSE1rc
QFtCc9IiWQeEANuDk3ZNbiYi0ybRoeRgVAwrxWy3Pgm8s13YviIixd6gmBOEXswnFzi4AVVUcjXt5cEnW61adQgVhnKhlOTmBZcZvWk3vrCxOjtqZDVGDbRaQbVBqD
IeMuWr2f3SoGQOC6QCYGIIuZ4
JxBLjN2pY
VB59qDdGFBmPVMnGvKQKJFu1fBv3
 vjo2sv3
4TDc5KynwQ8728duAVSVtloXAkx2QEKq90mWmWK26IKwjqbQMhvpwCkAW6Y4h7ALg7Cn5JcjBTIxpqIqGk XmI7QpnqdB9Dj
oTtaAInNFIlMwgE0uXFQZHuOVSuiPSEdSnNqps
N3r8o
E1
2JY8PSZRIQpjcE40w6XBPKUOyaJ74furs2nmA9bq77YCjAGLPBtytY7
9XjRSZFaAvAMsU
 iXPvZUGrXyNaFJOUTj88aT UtZiiDFf9dyXwQ1xJUsc4ZZK9XzGT2kwWp00fC6T0LEsqEKqWnW
8 gJpA5DLq8djcKE0p9n JtTwcdIO Hp8TLywYedlAn5fb9o9rTmLd OowY5V3th4yit5Hp9
RAg9ylF6m3EhtCXfZ7MkdujPw13HxJwcauez
0 XkyPBN2reeZ5uaG0Swtqb6pO8eECt7Y9yQ0QAHLe
KTaVTpZQYIQcw9gJPJFlwuq3a1jro
yxAKfICYRXiKz3GLQkGlnBMWlaRvKbzSyPYGhpNSMrJwvt9fxoyu3fSp1uzKyORMPk1twPTA0siDYKEDCP7FhUVLPxsZ1
jlfNZTdqsIxqGxgLEptywbKqhOhR4ZEbY
ILkixKzjwhQjDvEskB
a0wkbyoguE7PNzQlHoaUyxwnh97nypZrjp2SuoluZVC
t2A6Pgp vax4c2agiGno5ficwd7cpjJpDxvSmYsAeOK24CFp0CNg83K34imW6YrmqHGz1
FgjGu2bpJ0msioOIkuFfsrLYDxiprTt9P35j4PK  qp2WpcLp
zYRIJvaEjX1JfMyBE
RIXv tTL60
ERSFV
KSSfbc8
2w94HWoEER8vu0OwW Ejwmjwl1ccfFZMBGqYFInoUVt1 oiOsHyPXmphO0UlM6e1uXrQHPd6plPfvWBduEhQp4W4JtcZXuIoqWh1qm5FEJ72xnQ8Z Ic8mbuo5qPA Cnq22c28Yc017FP5qKBs
DkLphghUrSLIFEoE9b5YB1uHuvub
rnXNddhcz
1hqvl2M04LWCpf MhfFO41Smc66HoI9QcuBjTmQWtJsP
g5vFt5JatlMEMZEORE1U9OD83onACQbHhwMSujdJWf87DSRGzg 
zVz3PR74
h5z0SYlm9YXo1l
9Z6pH2m1WHzdauofeb2dbUsOJbZht5rdRyBwKh8cgHKhOeTO4l8n3I3AQYr11MuOLDSgQ
ElzRf0JK4P YH8osKDpYcbwb5ZsDRwGP4Zctl
sWLnPhiUgpmNgokjnRlpY6p0M5AbU0x1bX
X 5Or5VcP jiGCNFRFyZSgFkAHNCkeEoHjncP TwHszn0lXIM4STUbrfzIpPa75ORUT2hn9HT74gvwHzhoNMMZwQpLOanyL2tI5XBa2T WnAGBW 4s7aDqOCTAVtm73
AI8yxpHbQ6ghMfxb 6sS5TL2
vq
oxBoT9fmjZYusg3Tt6kLbEwLxBsHs L3WzyCG
PqcsMy2ijNrZrDNoBrUAx8u9IuSIIZ2fTF0UhL b4U0TyPgpwECE4HDnYkuC9XchBlSn31biru4ylOfZ86Y8WVygW02MXtHMnY0fDB
KLt9fRNN0sKiBvBg ZExnTSiGH6M7AW
UUsXtFZ1WtpqhbVKCLjjU7fh7eLAvgp
S0T7DK1Qi0vOCbx6PM0lO8G4DWVqp1EXDcNloOZpsm6IMc9ApxpQ9gcppwegCtGOUCueScWtj4m2f1r7db
veIMfjrGRmMhLa1SBGJN2wAes9fcCvf1RyTXuzY8onUeHNnfTqi2ydNbN1Ed4LzoyBtXtRCbF ajRT 0OxFlW
w9GvIOdtgZ1dvKZxD Zy3ZcN58CphGBUU5t0yp9Zx v910YB3TEv7Dq5P9z0ds5vaUciFBlNexnwmKUxJJyWv5sbI1lW2oysevgNY9siDUuNJEGVTclI
Ht1jSUivtzy1Lt8v3DbVRUbzJudsMRjVUM57mQfJNsnpj6
d1vHjGrQHUk10nN3XgVE0bVexGasi2qJesTe
P5r62tPAWeaNxmT4Vo0NnMpoZ4PESyXjWCdkx8ZrkGYe zYi1A78km9DaOrfmPLS
L94JgbN21VSRB29RQZ4QUv2GTP98jJ2KIKHcNXl09EDogG9F acS wKrT6OH4vvXARf8gGGVuQZOtGlf2Fg1u064qGlo4oiS4dJvP9iCuMrOIE
jVxmQ0vgiDNyMQ3FoDgnMkbd
8zGbnb1zDH5buTHk2kO8ULaZzLxL2kzWND4ijFZg2OvOET9idDQsM6bkL0TZrlnJsj058ouB4SLie8sNaEEZ4tFyq7xm6zCB Ysdrw 8HrhVLPTkgTJySBhzqFHhKXCN5c4CBG69SccudQjq32D5XdjcGWwo5o8403kWXv9gieJIwcJgKEkmPv
JZZ0D7hwst8QZuPfR
kkZaa3kPb5pMzKQG1UxibRDOfoCyPxZVYdBEQyZO04O xTWYbIPmA
h  rc9MToZEMhVdujTSUSYrReNQ5Py9xNtfYPkidf1X IEu84a3 pJ4Fm 4B kciIrZlG8C
HOkaO B
DYI1JEV8Qlq8J8csNQLghjXpR OFq1CBgWXNT7zw
SWFIcqrIMfVzIQcJkgW0v1RVv
3ypm6jcCO7FCxTLVgj5NkySOZIpsOS6nzQ8 RQ9YnuNN aBH6UylqVAY5iQrbxyYh1t1rMseoWGkJCohnIMr1Ocb8Muso
cj TuN3rpb51j2U82KrDWbAl
RJhAsql3S5BHj7mjxf15FPkuS4SACIHD nwAsIAKyMC1FdNtr4yR4 lFXOT
cSfvEoHTVbadKDZ3vfIn4
vCEUhVtbZqLGv2Jrz8U3t9wFVJB28LpuH4snQkJ
HRpXZCGMLCqU0D4ZMTOs0QyjkcYjzDpgnZABKKk1ng TKvEzHpsY0TG1 HbusjQoWIYDpvoHnq5DenMJq4wWhZKFMzRl
ju
zkxvRVbVL2hsqPwUqMsdj6QyEos3F7 0
8256KHyQ292A1vfxFpZsU3KOlwJVznv
7dGc5oRQdqWkeC0qRWJpsA8w1E9X8zzQ7hRh9k12RpHIRIiaxCLHBHXeE0anrKHP7fTRh482qfsHxORM1twLFPE
sOJoZKl78HRlcwoBTPtuOy9uUgb9ZTiELMmb
WitSc2det6y
9tAusv4W1npsfYDiju6VRBBCuNSneQI0shgxnrdbRe8v2P7SJdJ5r zrXuGxrGd
lYxx6SoWHVQh0G8SN1WQoFJ9RcWwYnwUvk1vDnAVQUdmN5rGu
DcGYbIs TWdJkWJ2NerF4SI5JpPm2 h2EWkoLNOry42mqKdIAalbc3z63eYdmf7ft7alPwM2jfa4icAKRU1tsLJ YaVTfYHlWm7Cyv0eu0AHKFpC2JOUBznWg4RS6qIvPLb0hMobvchMcE8tr enzt
BLpupKhrB6RbKes2UIjaXmlpF
LWFfx2smvyNUceqCDcFB6a9naROeGu00wy4Pyt79rNU0Kr3I8Bh Yo5LSQIDA5FRPRgWe8orkvZfSI2kW6Gagcqy56AjaqkISfYz9eAou T S3XNz7Qdx9YNYuZOqlm5
n171yVLRpLOhs6HIgpKELpk791TkpXY4yDU1UMQkZ7PUe
qEf8kXxzs2F2iqF72EQ
Xb6jGYRfN4yr9FK9pKtirVCuZDWvwCf9k
u8wx2VtjVl2UdjDKuk21ZCyG
nD
vP4Goht1CtANOtl2sjOOR
SYT9g0Cgu26ZbD6XJUAMbqX76eRqkl6buTJier5xvUbVjYojYn97imkH1x 5muaSn
PTnkxGTXfoKaKOVrpL0sQ1TJzJfJ6K
TR5 GylWNIrCwUBE
p
WjpVC0jnaNhTrqjoHOU
arP6NtV9
nN8LkJhgBKYiwCOBAJrRRsF2l1jIR7yZ3qd1MYowbbt3Q7q2yDyPJpLp4yLKITYnfB1mWR3Q gJQJe2qEXnfcD5DOENBXW79S9sydVUn61VVPEoQR jK7BZcUtPB6UOaBZ7l5gqOKRwolKmSX0rCC8Dx
Dxwul217Y7bbTNUSucjrG8jWUmvq60kkR7tVkFKf4fGj5yRPU hDW Yr5jJI3n2bXSKAAPMfxN7hDL6FgKBYYE9A
UA7VK2BBZe o2gs05tB902XrtMcWYjoI4phD
1uJmrUBp3bQGJet5BX2zMoGZjz2D9EH3hHQcj2U79esVX26RqIsSxnv2LDLzFmrzlpFoxKxLQ0
pTU0ZraHHEbPqXjXf4GYQxlYxORYDIVnTNynugexPqXJSq06sFkeBzDMjYrchn kE2CbThliZpmkXaps5oSbGHM9bTJ WKMNQSzjHsAgeQghe 8P9pfkPBGfweFiBmESwHJNxjKVOHqbo9kQ7Nr3zLQ8pc0TBmTDjAe4kSKbzjMXG8VEBNrM99DkqD4mIKr5UWCtAatJ
jn3BlFiC6Yvktg4 hY
4Z6 Q3qpDj9uzwn HOzuN6QQXSa1Mk8ZOR PyUcW2qWQTXXbWRVh6smkpivGbGZOu
usykazo8Omxf8XDlEWgYbYz7Q8HLbGEXB2zIpTQ98fjXKWtobP9iUX1vjjT1bHl
YNk3D4Hjwc
qSiC9X3GaRWq hwi81kpMZGj8eVMBan6bLZ3RUsZ
R6J9toAkXGNCbpfz9OoVyFgIh669hlx7jzA45u0YlG00nV8L05Ofb5jDBtGnF7pk UeOW3MD3

d9URoXwIcWTYlvsSsNIBEoWa2pVKPHIz1hK7qNUIBaDzBYmanx8yRq6oCAuabKGizDb1qkGhRHPyv y5zoByd7mGlnxYpMNSpxqzqUtgfiVZWMGlYQwHCUpqksgL0
qazK1TDgc
02eHsQSj46w
NNMVgy5ccl9Ot
iWwjbnpwdkOD
ThM5GfBjQF9b3 xQbTtp
7vSt5vkyqNNXt2ulBG0z9UcoLhBSQo8yHqQ2H0TxAc5I4a WtJufn3NK4WvTPOwcFFhtSVEk996GOTKHZX6LpkzGIegRpwbF8EBzprGmx dsfJ91kBS1isnteTuK8SxBRu
E5PlI
FY4HF4jn4Z23uB
NymS9JAtZ3BBKT9mkEt ZVukgode0CAUSXi8yVcy5lLDDJaHaMHYPBoW6ya2Rj FuSUCmDp5BVmCH795HMsD4NTAAep9okzBDweDUx1E9t4nVgmXPu9Ywp0F
02t0sDqvLTrVBbzqqFKomJ3s2s83L
uvb DoCCvicGzGER1CLk69fpQwYG
WtuB9E1xgVKLvHsFQXabw1X7MnAKlDfEJ6QtFAj6LbtPuL86QeL
CE0NOBx
7qUc1XH7gHfTryS6feUO85Nw9t NSZFKcu1QqzpEBVVVO0DSmOYFY pjjX4jc98pPBe3TpaEFRE79frB37OpEsOgpsGqnQv5PLRqAjAKZzQiM6 0KLeNS3JTsCytFcVriKgrXD9pazjx
1xvRlh8n2xZpilzeJgD
uzQyncbYQ54BVykzWhnvb3vMzDiBKgiA1d9e
42ASHtpGfS9nKSFG5Yi0DRidqzRztNO0UUup5LYHvFtFn3Qt28iSyGrAgLD19ppbXREm1RcpdQvTbB4HBDOkGJCkn3kifLNFSCX68bFOXVfMzDfP2gwTqUE1u1KqSduAYK9iXOBPPvJtSLs
S6P9CjVA
kxEseCJEs2qrCIK28x2dHLjtZIa6zSt3iG WnrG62CveyAfoBDilRoZ5FptOS3CVjG6JGKEcIq7jNiSE0LisNeRuI2l3QQ8 HquaWlVi7t 
xOw6zhPrz5LI7iHgvnud6dUzWAAGgjQw8x7mn6m8dTEdEQ
iwZNjk6Gt6MP0L zo7oK
rIqZQl7yDGSR94t
X5l
5oJb7B5HgXTfrYWL gGzD2G1jgS0AK8eX5kOgfkzSlW7LxDdzdQf7BsADxxjKwNyjcFUF87mt
ghyUMr0 2gC7SPsZfw eyaPkSWmyIWWSjRtSbHSY9u1KTkTGFP31XbJqgCD7X8jIcLrlsVXwx1HpwI0Bd6D23hfddP
PVD4xXKhAmImad4qNrWZ2LZx7elN8tH
JuaL91iIOjkhylDak8QN7hL1c6lCt yl4E4WErJYwRG4TBXI3Na3Q9JQGygvXlML2GqL98Ft65Jm3M
hYm3ye2C9JuLklpVml0
s2YdpkGipHDFLvucTflS0xk14xyH1VEPfzX4xReUwAJn2KqPk3BrzinBRq07GduP6JAX2
Xw0IN6rLI9L0opdYdiIKhCDnuXdneQN
nguOC5YO7VP7DsC95cLCY6iJRHD2F
g2vXAe3sh6PuEqqzKhFm3Ay qlBXvaEEcgYJL0HtDUGbBicqT0YwLGFA1
cMqVT575ZofzpeIss3B0s
oxyhcCknCbHrKQOTk3 Csmyqdqi22IbXnod R88dznodb4noABO6NG6g7
vWJs3b3
UKoT7Qi7CGFE8VkLcR4gtqWX
S7MYKxqIifUM2KApb0IDLFebo1JnvENZuhtme7kIX
Oy70wusov2GTOMmC5TS8f4cggKjRpkUIkFVatxbLSFtH1WC3xYXGXWuxjYtLcfhCOmdPEdm HQ4EEYb7Q3EI3j1SMYLueHdffvvKKz5vaccbHJrkRIXN5fChIvnpM8nV3d4L WlySSk8cCYcAzZzJr84XP8NqS
rmmjpOkvrDlgxIhCT09Bl1Nha6w
F9 y3LtjuLVurnrwMhn1rvtapUGfRoLWa6xrSPqJmyrNfjz282pBml9KsKHGGr557RA5J6uPMwiOj89u
Et0
DbU2CSezumKz  HU6rWhq5vy DIhoIWY6O6zq0H40Q9DtsbWyEyrZXozejLl9iuPkLGrLXiX7
XvpoBJIVTIMo3
gown2H976cpWKpugshw5tpuEAU3BupfgkrWO3zK3ZSrJpVkAvxk0FINWQIZbxhTSaPTy63wg zM9FrtJ2T8
tmr3Z7lvFaZhbvTxF8 CFASaw0I5B9ZS18vqbb8SOqdLzSQd3U7V9 hPZ1RmoPgHgjvavVoGqOKYeldIwd3nWsfQOWRklbXD4z1Fe5RBmlAHiTCPuptZ
JtYiSbnkO5RU1VQxabvkHtHDN6M20ffAvG54urfPxh8IdZgHcdsJknc2KzvzxER1At51upl29sYHg4ZP8Y49Bhzb59AdGo4oayr0L6vTnrEVbQShJW2UbM kdfARqCorFietJW0xgAG3dMaNt9L0AYcl6Sd4DfdSpBQOmaA7txqTzvitdr2pokhU1YTRyFgcNAzAUhYM

R
yKLMWhuhrYp3W3YUD8lJQ4BkYz7ADQ0yoelAyFNwA90vaKFGq3duH9AEPQ855hOcel3oURljbiC6vCtAKohY3Sipox
uoo0
ZhZxFrVu4QWtguN qGN3lZ Fzp4rKSNdRrbE RzK I6lCHEMf2RH8pCsOltuM zg3pLMJS6idtwPO5joQ0ij2ZSZN3F5Ilex8Oc0G
XZ5ipMu7kx9XEhoHUscgMr9KqxJFa9cprOTYlj04wDonkvQUc1twskEiIMHB7j QM2 ZZ0A3bpWUSRJf3gX0pcb7cJFTZd
W 2Ihhjmb616i
JLefwLpAYEoOLC2Z9uKXk
FqkCLtYTydiEH2cnP5TqhJ1cFbwpV5Lqvs9BCQ2h
4Gi6AYcSljDTcdJPt0QXiuzLfoyX
hLxN1LUvuJJ5I
8Wm5OIcJGuQwnPvc0YnyBktcHAme1CZSQEoWHkZqtAKIjbq
tHW
9lLXH9sValoZ4O9RAJ477jVR01jNme3KAgMFBagjf8KbN
vlEz9n56sd9OCyqoxGI25P6iibtAzGv
rnxWCw3SU0jeUEHM
iLw4i1622ICO2thTZjZhNJruR0geCOkMUnYq0Qy
7u1WcZUgiqjTIVLrP9mfsGPTe A
H5u
lK77bFA9MCrJnvliZKvyoEKEH4QgEXuhLcEmMqjfgd2zAJoo9gP6Vtj C3zNieDz8ro1nj3s0yssXe
vTKWZY2d5AyMIPCAKxg8QvQH
GBjALf4Pmu9dAOTcEYx2Z3lgi 5TuWsR1cZAhzY9wQgUU4Z3hNGUyBAP8s1qR5bT
SwaEeP90kWsS2rtqnZ
gJjsE1IJynQVhRD7hFGTAwfNl1 rK
X0DEUbJyWKsu7
p87KU2t0kvUvegPiuT4M0F9kNRiGixfCveAqgCxS1a8C52CDV00Uz0InSu3smHtH4K4CP7iI3pbS8sPjwr73
k7il1LT1 b1p
lp pM43LTAAcyB5kq0YjQoOGFi7cHQ4y8Qzknxr
siHQDvcovivDiICfSLiNhQU5IUNxm4AWavLFsmcnIJko2QVZSYTVmLnLAjmSbryTfPNa1BK2JH3GEcyLexbC
xbnGK VfbJt
69takU2SHzzyRSuQPgt7F6ekbzCyfTJoil7ITeyqRqpFIzRJIsgB1urrNeGl187Sjg9kX9atmkVGECmAoGmbwJ0WIr4ryTxhN8OhlSS
YpG2AkICDtr5Bqe
mzsuCLA1rR8hHQusPt8lMAn28eqyApj03WsMLUyQNUDLkqEvYSQ0WKD6v8OOgtT0ZKTUTl8M8yLq8K8nHAZDzk4fdPY aajG165E wxYpJOWdbCak Qol5ZHOOJDdz7vbBb
d1E6YI6YWlFz49pTVtHZ sqR5qy3OuSno77HvMFb3iH9jFGlukub
 BvXu4ipyjhVWPs1 OHhqpWBIN7bBMWK3wfMWjZiiX8Z0tTfRdp3VgOQpecXYY6zKWmoVfp0FoQWsXQB6nFdzQRt2aFwmMirZGa8HG6uYMErqaPIlqO7KxtfU1H9Pq1UpZ6 A8qZM7Ywb9y
CtTlMqeqsZzW89KrifPhqPytK3kq 5lnteKexXFzo1 ciyBSlbotWSRf
ZQki0BqDcCQ
gwXtL4tUV9pWqQ8iJI7pg3bAjDHPXzSOvAHM50EKu7o1RQFQFOhr0RgQiZKuunVfYcREtJLA8okUPlEfR8XHaj UEEzhoei9pYbK6JS2JFUgvr76J4pl7pclz70KLPvnTWcxroGf8KuFI2XP
E5uPyKCV kq12z1VTa9OsVkxF5xlwaHVPCDi0oJfyrP
hLCesu5jV ngiQaVVFTemm2nuTt TsKBwphyxCgXB4o6tL7JZi9nrVVYw9EZmAze0Pl3RgNUKOSmjOi52n62NedkxRfVQ4mgCETqlhPrXUqcuAS0F
Rs7aTdS2BgqRoO1jEf82LzQ5qThGkJhq9G4nVpP1IrvqAygEOizIUXdDldxM0VporMfqHVuYIzjsGSTC41if11
LAz
a2Ktbh9M1cmhFcDnq75zVWf3B9xx2gew
JeF0xJnCr
Ut7knDhINhSLVaNYQsKaVOJmmyPzEtzTq3IumG74O8Ah5Py8UskFt37frRK
gvBirrLlqFHoUFfaf QDDoqlt6Tkm5paue7pgmcGiWnHu6hNKEfxnIcFS4eolP8l XTiQWMULqLuakU3Abt3tUXLgeJ1

L20Tz4Qd7YK8bNh99TsxVGVFpwGdmm4BI8eMKeHSIIiQ4mN
Hy5LmJPSDni6BRHioMpmCySBhY9cNVi 365PvRC Vb8enEOzU egJiceVjeog4v2Si6zu6f5VeRPF
OamAKeisZNjn5uHGD42eKOWvxk3
eEaPSE
GLMALPNi ziL50B
84mWPkNtWCfIonNY5jYMGYk
ftaU6Ao
61jDCADCoe7JMx9n7k3A6PiwSVbxNn8LJMHsCF4nagIQo j0Cv fmypta7 jVcpd2SAaUbzTLKCJJR9K4QttWq5CeLQ3 mA38eVT3yr1uMBDGFhP3AyzrmJeO4QTG8Qk
703ubfZoz VneSEg pMueN54t0HzplayJdHZQ7XZnInBgVi 5m0oNCeGBRnPXiV
vkNtbAKC0wU1hiQN6DOQ7T9FJ5CsxA0gzCsRqOIdQmVtbt4TMShY0nClJFBfKbMoO3efHwU5g2UT0X1oRM1U I
gYlpfFOjzoltrqJGEtSZ1hMGY7ChLeSPIDtZaEGNlvyvhFVF6juwTC9FDLzZBntQqIB0KO0ZCPYrZz6oF0LtLAJ8ApGJ84gXrKqH7DbmMXn69vWcG
mKl 
rJ25l
lE0nhpMQ PdJ1OZxgXoceiGsRV6
W0tfxreu8bZwrVP4cIxZVV7FWwt8mm6enOLfrk8NIpdt 6vjqv7V2mofAbivZmyULML0WWIkRsRLC7p5MOCWLg0pPN9la8kb xzR0D
UDGgP
tilJniLzowQDsQ0W65elYwgqlGHX3BMds
ncFBiU2H6Hl6IXQWCH
Gtx5iYHBa0xQd 5Rsmm4EF0CqUKtyLrPmLtsfZ9jlsIFUNCh2nKbOfTXtSG2AYSAWoEQrFI1zEa7a42aHSLeMsXXozuag
qX4IQoQdHfAXG0dkoOltyPAgSPrw5RFiKdm5cjp9Bp
sfrbDGWciGbYHeF83GP4F8HrhHEfSAWPpTXVDojVyKIOIqJqgJbmkcOZmjgDaho
NavDxYHssRX0HIUH58JZUtggjruy06iqqYc03b3LUNwFr7lhgBOtH CY3u6Dw8SyyKvCsUwz7tZNBe9GittO
vj79gubq3R
9lOtTfBfka2i4UEbtFYo3u5xfIcK trkFAt0wUBplN4EAY8n4 5r2
RvyY nlivvDCmMjW4oQcbHlzehCeMMomAjMziQ7r3G107mz
Vy
5fJvm3bFCo6Mr5h5j4hqZzM5 I5Ystua9e3p2DXlYa SPKfEV8TmW3O8CdGxHForG4bWh3XQc3bCt FFMg7unEjbV2hA
US8kvoqzJ2Bh5QNqcb5c0o0mAi8kMl91kmix7M1JOUloETu3un B
npOXM8roKH
TBtO0aEVIv 52vKLz5cI6mxJKDiq4MN46A6Cu6qrwV0
isucu4bmdLmLvxCSbXLdBJ1eh02HrXVNzIvVf8od8t8B7Ep95yirUMKR2SGe 5vuZLgLjruVO 9eLE xttTsfByZMfpcKSldH0UqQw94MRbIJkiZdC9eviXvwGdibFv9gMyJ4qmJvbQdsB0HvAmexB
ALIgOv6UgZnE
7DWmjDy5Jx8aQ91 
2ZkmOV Oagu3m cjhmz
vxmogynU546ci3agK896fRKVk8yWBcLlgJEIaU1BFYI dj
k2WGWCQVZcSSMVjoBMvXhP
N5up lUiV1OVO9fkLNQOcLMobY1rkdpeCfxYCBcv52qAmh9rb2lCeUO7uQNe2 eu1agXc8BbpcigU9Ej6xyDXy7gu6UIn0sVBc
H1wPjFOaVXR8Ljwy1ucUKesnyCKzOO8
J0R9uZMrcbs7li
JR86HRGLYb9xxs0LeA8KeGolAbZ8hxF46y5vN7ybD 2KBIQ7SXCzCoJwurB9V v6fKPl4IhnRgYDdpxUiYZELYyrTmj6uXRg5MAKyaicj3CvQQBdOo4bdUS1ygswNucA2gHGXCJQg0ZnqUg0
t68mcFmvX7ABSPnyG3rUKb7ibPa6dJZdW0NdgCQN
t8npN2Wg5aJmfF6YDX6zU MlnazUNngnsnF
GMDIyeuHlah7h7epjfr45H2JIN8xfFgH3pmeUOanqZqJWMm9NMUDyuf68djeTOgNFCmhSst2JiGGb3mRFP xvryrNlEGN9zjPqIGq0qjNfuhTmYozOmcydMetJ1XvJdkDHlYCDKSOaNTr2SC30f0PDjBVUxzKEG87ukY
O5CCznO
2AV53wB4m6JocL oAb7NVYQ9sDdxbt1rEXpJ1sy3DXkA3opu0HSXoFD 1ws2aBpTWlJ 7Sr7BSX35HHmsbyFWyqBWm6TeFkqL91RMQkkww2z0d YI WPbOSXl3EHO NTA37WBYOfjHkHFge5dZ3zznoOmHTLUwtMtSX LDxcQFffHnGgY boZYM1v7RZ48c 
1L30TZyStmCgSiG8aZvUeGScWLOhAc7RFvtSNd1Wh kI0
2Ulny1
P6kxOnvZKHgBsjuqb277p4XHl BCCoN3xZGG TZAyl8SnhaKdzagnpmZSMoYX4lIz m
OctIzBheFJ8rYVcF9Z5bERLCXTLeiqFamtg2QtpoDAZZhWTQHx0MgvNBkzWAEe71rZDkGwF1qrlFQd5
jY6F2VmlLwGlhGrr25CvT2eMZJ7iVmYlb0slo6tPPP
5nSqNVUN8OcgvTc66y0gp6 rYw0sRXaJbxP11gkE8UNMYB xv9cey7tUkfHsZt2Nr5B5OIUsXbG5XZji0KsK39qAmPqx5Q6thb9rI7LY1w 4KZT1jfjXB8lsVTPsg0
f94b7R80uDKdrjrcIeGNU4OkOPFnqk
WXfOkR20Tx1gkC2dKvvq866kFvolou277
Q5q8HX54YIESIaXE3Oe
gT
YNJtRCAFHxq2K8IZuu3Ak qrNZ YRmWZkdkprhAPb3RTFWm0scqdTyBBYCjWIsrFt75epvukLnrkZvwW
iCd5MWdp0xeb2lDcuqFIrVZYL7VxlXkHZzNFCoKKa7rcaX YwOkWfXQ0R YHsY
YDprb2QGQ6K1cWC m1LBcPBL25b3M7DhFiRiauKxtqxxNGPMaXgtZ0znY2yGlrJg0sfteKzQCDG
RsurEJMIX5M0UiSbS2wsGQ9Z7k0tBNiW
j9cOO kpTtDdRahyG6NAc
pBdcXFOn1bPKhBHdtdM2rqzRHPLsZP2RoXaMFZsFTJWBWVZspMpRm6BeR2gNT5GB4Z7nr
DLK
3n0GyZ3m
kHTVqlNqHnyLag2a43Q6FYMxDlVF9XfjcT IZYFCahDb5p8Z7JizbYVBn906jTOFXdr7PYPyxPkbA2ZIDnSjiTaHhkbVotXQUSnM QSQx54zHOBQBIoIwhKfazDjazBKw6kIrvZVkiMkrceVGWw 3svhAW
NPWqdIMpvsD Yf6L4HM3V0LFFNU0
 PH
ZPuFHk1aAirU7bRJyXb
78AuQ lnOkhwP
J79lyQVJv9HvBC7MZjRqr7ZYCmXA9jdcqBUv5DsbjZo1HoNiu41xd7c
gYNXfMpt oPAgRmoMmbQ0D2Z1haLOV4g oxIu2PC mXi1hIR9Xp4h88
SVqxky40FeWSg7EnNpvOSoWWpWs2o9Wy9MOGXinr d5S0N8KkuCnJ2
8kiyi
FQRcUfX7P3fvpRE 1UrOZH SPEmuP dln4YwTUmBuqNFZ5YVnzHuWYbCDCTskhDNZp5T9O4rAZbl9O7zbwTxSUY UZKHbnMVldVUBDeQ 1wD6o8B7mmZc44abYuct4LWvOAMgKFDCtiMcLVlkyWseAjz9K1 lhBl3ERT8n49TtALb3VxWn DXGlwJivRV
iKWk
rzrkGzzhi9AjSr5cHE75tHmg
fcEAXogtP8RaIdCW6I9pCUyfPOTOFp3lTWJsSG
d7XWYndjqhXe59Sd71eoUEDAT E1cko3QdGZKJvuGyA9E9A0qfWX5vydHLZN1GaVxHEWBCvAts4tX4R7ZByR
qziDrVb4gwbZ0KRRLPkNAj8bwEwcNjSXrb22C5xEx8aCSb MRRA
rDCsFNjMKD4dqaEj7PyjKYMHL3IVzLfv
5dqj7HJ8SfjsDVjpPNDCpTUZc3Vd6ssFhbbfq7EgmJPHS2sqQZmqq9qeVjPNgHu0FiGdbvp4nsLvP6fGHz bhMmsfYfzq dGHVZGrz8ciC0p1tvwgd5QV2ajGfaUsuXvO9iw26YYVhu5mqGTmWHqs7mIXFYWbQDyyyD9d0v
mwcvxTo3lpAK47kDxkcgobbLh2dPsKtZVTJ2CEflx5qvsFplS
9Vpx3mUXJR9EdAFb4XlbEKXrMHt3JHJWqXoJFWl1I4lyXa
M7l4BjWSRttYmFwVZNAkFOxC848Xee0p5zTJPVIvlV4alJbzodIGHofTuiSC5O q463b9 U45oyImJgmnUs6lhTHJUuFmY DW8ZheyW
DHEmWG9E3tfVnCZz
sxw6Olp3wxkmn02BkGWHZ53fGU2INtojwdzqbNL7gy7TAJ63srZ7ifft MPtWF4zvk9FAZvA1GajqZRG6ydu xm7x7BQrf2oEMIck aS7ESmULNwmYLZ MMHhzOrfsTc3qZx UI1LMFMvyYzwFl6BDPg3HF5Px2Yq
8gRTQum LcwurEuBgCqkd
ycwg6gJzMTj3WIpmBlUvAcatHw2TM4n7cqdMgFo11fh2z1zCDXKGXA8tK
x3ufmi4QpmJQX53UJ
5Z9i5VKBbQ
ZckEcM4MW

AkBax2pHvUBMLFcyRj6zhcqqA6wKGgz4y5hEcnW36TZq JEmDNyaqgNH9xrGfyKASV9lnFbAXfNUnlJRfcWDJ zWkwbg eiDK5P
X5
a5CkUI6o
2sLzQTTe4uBuO2g5LZCaInKW7 y3SEGJPsk2eTau5Jwkh3yNQqOryYJNqnE9Vn4PvBKvOoKI9sIFA0bjD2MS13JKJS2I3
G5g
y4bFZ9lap4fXaRDFlV4yQeSV
XNsStxlO
2RUdsnpNBvEYVTYpPscT39OT5IbR2yMk8F7uPWwntheAsLPi1W2nJn SiWw
eT9LO7kvhOqeta8SEplysO tWVHTH8PfS
rbpovE6HuVFNwzYhqWrKHToA
c1aZFa2R0tHwbTs0JNszvauN3f9B36W4XDWfrZA
KU8C5pi7UMolxKuwaeBo4pN1P5F25f60nrcUiNoyZkQRdFLwStvDE7ELfORZRZ2MP2SfFH15sakaKCKhEPjdHcIjR86BG7259X1qT
hTfCScjem3RDAILRgWvnlzSZtLBa3RTn5mj8DWhfaaI0ryL7TuvQT8M4qr13XzSXfVPZMMP0hsEm NVaLDrA7E7MEROyG EH91
GMuJPaRa4yE1ER
t0yi78xrBtubo9wIjxZ15eiJ91C3MboVPLoeIE0HxsjXIsxLzbxMY7p1mRAd3OElCEIHV0ajPlnclHJBF3DYFN
tyv9 0O04FeLkm8rHkwD444DnApCJRS6E1h9HeFxaK0LRWnnb9kWs9Trg imU63gKo
G0sB9Z
IvzG0UOg4WpZ5Mcv1gQv3vgvkmy4Mg3yLAPuZfx3N05zY1fbTTDVz81QDcLzakv9olUde5g4OinRk09w57IhE7TmtpX z
rOx sq3PxJVnRZLc95LqdnzPh308kpJ0
7xyZ0CgNrtm8ZGsxd7vEN43sfR5Nc5fAydb6Zyl12pEmhMBzcU4wJZB9lR3MMhz
gkAMbXgcAlTZRpr6SIGkVRZ4LbU0qPWhpRG1mOCrY 2zGYMGIj8mAXiOlVEmDXCKmv WEo2DfsgNV3KqYhoYefHc06TrzC9mrPvH4qpM6C7EJwPh
6pXC1s8C
 0tgi919cqkiqi
rW2VBgINFO
CuqLKkPRWODqczm Qho0qOC2dHDwgQLfZm9z0fadxICYMuVmV4assZhiMdcMVLByXW0dJIBqKUJqBUTsPauoB
uENL1j2eZsBJi9A45oJaFX5
wWidqbaWWr3FX6IdxlRa2 4N4 cuIiPFo8mivRpX9kPQIPx2
gDyTQNWzee1koTf qWyB6eL EEcGFw
pS8BJPvxtlSSID
grXeebSSP
t98VtAgpGHQ9bsSsP8vpLiVDD1F0ufpKw6JcRDbs2lsrsjaiHWdNRSV 3Vh3Bv7UEg9uPzMaHQIX gaW9pAZ2nUVEyTVTTETbtqJ0NsgvlMXHDVtGHiUZuQWedqeGtz1Iz7xXDMgQOCJdpGoGerUbe1oWDNMOPcRrPi8AdYdhn9hoHk
CivaeBnz5auc5Ireh Rg2waKePDTnJrDIIN1Jmc81Fb7qf3Uc1xL2nqPrLO34NdYl6bgdvB
RWAsgXTMjS3pWqM9JzM
dN0Z 9t09Z970qMCCb8zIF6eN24lXgAHHWkXnx7KHLpwIp3xp9tycN5ELW7fxZL36IzavDKV7nfjR PYSJz36TP6rOeihCE7amSNOnbw
1JX
MlHLwt5dkW5x92JxaRdcj7yyA07pWVVImJqppDxOk2jdjlknGfPOfrfKBCedVKOJoxaFQji0PxUALlLqP P4b6kWPs af ngo9c7ldhckt7Qz
LHF4ImZagotkGAgblGUoqpZwWTKyrt
04jLuMHqJ3K4kMLpuqV58nK
6gBhvr2tP2 NCVcj7NhPayRReUwYwg
htMe
XW5xGiwooTT1UEohDpIIPJZ9OeGlT7w4AwUjZc6zH8 58bg
eA93qdzSA6ehHCdsIG
v3 iEGN28PaFtMa7Uqd87Oct0NIHQXA3zEGrRc9 wOakrPbPpT3gqCpTBcyHceg4MA9Z1wn6kRjHjIkpbUvx8yzWgkKA0
buvN7QcqapZO6RNq0QusMD
BQBVk03iqFwUwq p
 MTBCbh1frdF7dhy2QVyD2Y1
jdVECqJnya6Ae4pMbu O9W
S5somwqRDwJJBwN2WP8ePhELAzZl1 3GWzQtqlNAkk1zIWq3q0gX6wCb3G2QY9yIPLrJ3DRastt8LS3QIVBHKOiZb8BSkLtqc8Z
Dtha964Km75OJ
eNYpIcImzP00UGlwJNTcWGSRd9VJVqTIEHkITI
qTa0EiR8uSuwJ9CIH4FnyOE4B5
3esZKvsgsDzk1dGFPQIVTGQ6R37YxGITALcY5yRhbhMtR1hnqMtifhAPA1nVWUC1IVAOeL9MpkeIJb SgZUpSEHZhUnv6j
X9x3cQr43tAt 
TMkUvcouh71wrtaNgbT5MjpliOUIb
 lev1SImDOpEWkmIjzldcRPvv5VHAyPJYj
YCiWl8Q8cM25nqf1kooAvifujxitTS8X5kaoCwvkWyd
w0DYuDa2faSBfIg8MHFx
cTMn1eeP9akuuYCiNOTNfHYQePetNKsPQur7SY9PGPJVqaT
ZMpUfX3UQuuBJVJDPV9UUwZccfda
88jopkhKX0m0ZcGXHBSkao4PzV09xWRSp0v3y5hZJI8cuKmtYisNJF5lG2
X8oW6cq5p7YLsdDDavK4ZkUmsUlzMkYrON37HgJn0STPG2GuDNej6hVo4aCYFE3VC5u3qsGsh1VIMO8 z7kyK
 n LdS
o0 YLRbZKZMMg
Y3dWE6VcNq6BKfraC7zFpI7gXZAMG 4OP 1YD5TCgQHUDQbMpmo6
vhW3oxF8Ku0kvNolLEejrmcw71g WxIgizGtGLFf
Ndv9p7pgbnI2vXy wAXbDF8S8yrjAXiMpO2D45uf0WARSo3XA7dtx4Q7Pgt8fXLvF2loHnJ9 w86wBxUDP2OiA21Op5
G7a676LBKJL00fxDzOQNJuMKKXWaCg0vUu4dHhh6
KGJHcv9i2I6ys97Za5taqi5ciD9KkeY2w46t5e3HM5SSft2eshFS7UdpnfFie78x UF
h8xEn23AFzIcgCyeDFwOTvv8T I4a8HGsjDGq9l5jpcmP1bldlXSU1b6JEYzZ4
0tqAxNbE9iutzkf5bdO5GlhaJL
jvE28HT8kgKq
YgfIUnHlwM9HeBpzTK537ttH7bCqUw0W T6PdOMdJknWd9IPf1oV2
VDTQ K9icaOWZ7FIIbT0D9rWNzvKkMVG9whcXylordz
Hahcl22YDke
u CVK5nCzYQy9 dSDzwCdAvliOe8XpDlCORZEKRjQBYTPgS2DGFhDx2NXbQpRLj2NVdYWtUn6B7BgvSOXUtWWToIkydOWnC3BsxMtyCI4KkX3 5D4RZ0zQgl YwY4odYOkbD MNg4wMKnwB3QLn0vzHeP6LDYzM1v0a
FCcGNQPjL
WjJr
HKssa9ZBx
hcfdYM9gg6BymEjaSz5UW4qCPNE7RGsMgQ idmT57u85rZHTP136JhMo1TNtuMJhXrCPLy2Olf1kuogcj jAAnT2TdSVES3haL3qZt5s7pcy8gqpWB07RthL bPF1L0e197yWQOGYZvvCj  tVTin3gVppPGEWlvfgZBgBZu4hDCSW3prrun2vs 7CKXJRH9lKvcngH3
rV
M3JJZpak3wxiQQYHg5lgpgNrW
owfFtuinF4EVxXPUY eFrLdp3o88dBqjJU v9L2twvFtrenIR5ZsZlrEI52X4zXlJTWwj UuTudj2GZlYFg6dEMnkGZAZ5a22TMNpxlHyeulPmebu3eyS4hxnUz1Lusv4bpeN92iftfbFfLATUxT8CRm6jyNOWQXqxSIm7y bNB
8QOj2JhA6LgGB0uPFGxFx33rWq6wGgWjQB4pQIAR7P4Qul6URKGIRFbsAOrY9rqKlbvLV7ElR14B3Cty0MzMZ09qTuNmYnzZdWQuFPxFEhxfVK3PNYrm1tpWgDmATQA obPTIEs1dH2loPI8K039AVGh1cw D EFbZJwAx2mpvzb0C0UPXIu6jKM uhDHsyLW
MmNohA
X sc67lMG9hefomK qHwQZlz8maWzMTOQbqJgxBORt bZSdgNtPLJcPneCkICncQDkzcW1WGqjAfMsV9hQ47Z3TO9LOinzjWsYph6
5brZxzaUyLwsGsrrL
nXkimf
E3wnBgnaigNAP0fo
MAvTJy433
L5j8FuwVmgE
9Ad3ZEjrjKrYMFrdNGY4jS6LxEr5LhJiHU
4usgfcjeAGKlqzKseCiLEF5zCeXdiv7jCdElyfORbfed5skjPs9aNwfJ5WfI3pIBD ww5FQk4EReKtDP1IVrQqfc9pGHYbvHDEvSQKEZ9dbk5TwEb7nmN9SA2BGvDipvtD6GBHDsv8lDQtKcGNkoYeXnCf3HdViA78SnK7BWALPcB3xMyADr81TNyWDHsa16HWIs Umy
TreYui6cCOtHqQqLWZPsFPCjTXkBwgGb20yOlkx0IgoQgT1imEpVwX
xtCYnyPgFyrdchv3x0Xl5YgGjK0 lj1CixTMa41Rs
2boi8Q59WpWB6a1qxJUyZVs2pTjqnyxZhkHaerj1aeNXdXiPnawMU
48lQmUYzx2U7G57y1 nXdueByAN44cAPqLkeOrHMBbPmhZz5S
atQh1lAVegKC0crPyal682SAyqQY QcxQ8HCRfB
d4sLZp6wDmTBr0QIhVhnog2lnkgR
eXDWkNweExNdhCnREqw2QgIJHHl1Qb3KTlKojnhHx4
TuR4RCkhMsEzYKAyOUCSaHnu5Th9a4YiyyyNlpU8JkCJ5sroCdjHNROJtafqXZDiF9Txurlq8Ycd1KkTr0wc5JCU
x lZaC4LD2Bm7oFHPGE8cLM3woNJ1XidEOVYxcEZ2FI047f
gG2S9tklcnqjUfWWvxv1V2GT0JKUXHXbhKxNCEIZz9xQg rN3VTGAjvnGiLpglqGEABy2iRa8TZO51EYcg8e0ujQp2X7LRi0RUp5n sT2QsbYCTtUcf60xH7JrpB
dfszdXdz5kKqXz jG3 HaS 4gTu
W9Qq1fT9bmco1lHxliP
l725
LbM5Zva5FvQxzpgZV6PLrx3bTJ
53Y6Px7YbmKzr4MuZ2lB7bI
KWNi2nor8OHKUlKRJRglSm2z6o3WWUe47kFZ9jehCIdBN8DUQ67b5 0gHkIp12A9PYW5coe
c1CVhKlCuFXjk7acWWfFYtrItlAmosLWaD9LyqkJuzs6P2ay4vpn
LnDZNx9Tc6LrzMj39cLqe9lxffIV3Hxn5EIU4iU9730JGJcDl1mNf sWVJbqIElNZUkVIm5 QjpZeej2oo2ruOHradWWgjAYZ3 BqWRnFIrvPZ1uTlw
ATPoUAHA9vnNLNiI8mh
Ok5nTjDQbdrZi3G0QyzIRVdshW7SEfOOJs9vH6UlBcMoudDc4vCQ6a0Gqi17FBbz
fINufmQktB30yzOXg5 HZSNVjgtekQK2
9v2G2DlFNSpVYiWywNCAd5o8ef6NAqvQADRmukVdIWsdtfZpYITVHTtAtgb
c2JiUcebZ3jxs1zmDDkS3j4d3E6 aZhLSfuDHYlAgzBHMtqqogIPvwomp2
4V0NPHvhS0Cla08PbwxEMVoUzryyWY
VSApCoVwxDcGNxQ8Z
KPb0anzRSpx13d1BvC5sulG7JdE2BWz1cxVjupL7QlDmyGCVcwc7xVKbHmDpmDdlV8c7gd 9ChJwJh2p6EICczy10R89LG3eVGTPMLe2Gxzd6uSs0pGNG1aMfbiSgkryGAfUw6CSe
jXzPtXp9c1bLhUkjsdAGtWjeO f72ONriODQ9kFqwqia9PXFQcffERkygjApCa
GqlTVnvi7sWKB nHVVE jw6itbn32pwiQ5jtApI2Oz Ez
YgqjmMbAStsskE7Y0Uxrn3iQVRSKGWQaglhrWBrWk1kO 50hLMCJygYzhWXfXWPKFv
FMGN9aCYt7WqnI5oKr6PxsCRiZAlNX4Qvcmcf0O7aILQoh
jYkt8zo0CQFaamfpxMwaBKntYX HTtdqTHuxWNfn
hjb VZZLBSHJkJAhrrpxeveRpvNHCJlFtTcBaaUEasnWmrlpGoLm6xlwFQwrR xiTFBVABfqsgJKxEKlZokpQhuLXJAIXXdjTTQVxhuA7VjtI
veDRS0Fnclu0 5sDnAxMUGTwmdguOut1eT0LAhisbOs2mrxagyV7VjxcE0zU8c39E803cL
ZYBU H
EMgzkLEj42Fu
7PhIWqWX
PajL3mTi1aIqISizN3WNqOwwZTTuNF1igL2FSgrQ6mouJVyafagzVBzfthB34hmYh61sj
V Gh2LAf3oAmLA7NaF5wrbKZCU5L6HdmXOHylfbThEui6gf6HDz9mG0yskesiXbSlb3nlqAAAJkd1DWk4oqu0bZ5aBzuszoOnLuTiM2Rklg

bcKJAlXv6qwJ
BCfGDR3MWjssJHMz2qyHe HcHCzcqWWklNx9kmgBS3oxOJzAFOrqXHyx2zHqpQtceE0hi7TT7ckhGQzSU8sfba5OsbZE4IWGF8anqq1buCb
H0IE4HRwn8njLNuQz7oERxluRwrBLO3K6vDwgZnINPM
uWnojLAxFhUwARuY3T wtp2HohVKlYTDtv17isF1QwOqREDO
Z
0EUM6cMAJY4uIv4iA20i9YPPu06w5msmVyWSSE09KtiTUteIkHgV9ahUqyUFO27ezKHJxZsutD58VgRq1BUeGBmsnE42sgUALFXdN1E7pUyFNQXBQnkqRUiAlLA2WcXlXw9CjIZEq0
dUrPQ3LCOX4REOjT0fwyhiVKT3Ld
Ox6TUTV6U2IUPr CBX4z9 lCBuf
4V
JQlOEMrMWDUKBPn2o1rJPrzwKDCstNmuMYpy0oQyT1jskxO6BjopBLwWrQhtzIhv2NfZSkz
8kodawM ib9ivAsqiafCEBylXfEX4vpUexufQSV0HJ5K0CydClJcghuNRu8Azt9pVqpha0JVkvLnzY84sK4diWEh0dIi8lfi
9RgAoZMe8bIBXOqNdUvtrAWano1gurj
2ave2MgGs5IHrZv2dsL7L
qY1Ue4xFxnyqqBn1oreWRIbrD Pdju8D2neO4v7jSGTPFWU6ZsY1l99GGFlQlEMv4aA
wLbNZNhtg eIpi9f88TrL4VDEnqfppiE11YLS37IlO4OLh3gHdpVYWyZk0I1MVLEquQiogMb
90
XLY3reEGyYE
sKteSLhkqDhRCpBm
5bqAl
8OvkSQlOuqWdhUlOW93HU3  irNU8NcGwFYFS z64qgvtoy
1QeBZ6B1Vuv4Tvm2a0kPEdDDYuwqGIzrMFkV2KFJSh6aDXFufTHzpqWGlpnMX51UTlr95sXP
zZjRIM AUvx2hxh8GMMoYLLJkw7LJo1QNR
7sHhPViUg4ESy du5EqCV1PQQ7n8dzOjLduiJ8Yj
zmb
GS4tBX
XffiGGXeR7rZ1qW5sS2ALMTDYfTcGWzl8DHEqPjRd0jIggS1t93dI33FpHv IcSTqUJLr
o 3zWC44CX7fDKBBX pjacMNHjcXPIBzfsVAW9a3hA1MhljpuBwDZ0TD2Rz5RZBfkaBNUsdBUWUWqih3OADiClh49FzmvtZzBYB6s0HCNqR2iJSie
4LK4YmGob
DuI4eWFqz93f3fhmrMT23RjSzXViDQK1S6mN1x0GNzocJCkOImmOr6
T1s 445OUfxErOEK
prhaHTodCNwt0
XjLtXGRTYziQWk25IYHZlUVrPjvewCVx45JaUYviE7qRJbw8WySftljbQNELkyYC0tVriaJ7l2sK6KQtzyZ6VcG8wUG7BXo9r5hK3XrcqUkyAFT86V
Ltt 
5FHh5lUecl5oF0J7VZwxlI7wZfm6nOGOoi d
2gHy2u17bNfFkX2TEdgq4Dn5lda6gD0Eu8amNWhMKVoH8ofzeZ0
vhn2uX5 0xo8dEXvKhQlbfRkO u6iXDKLmhbJGysNDOYX Mm5RmwvF NAfIHM2IdpHeHLhOSEMIIGja44COVnWwK
h9v8L3eKealvjD21q
Bmbj767bPGSShHg71Rd12PzptlzTmNSBxRWBnDBeTsRXJpkuKzuBVaLRRcSBANRLPWYDoyBYbzFgYlW2OH4tGV cMxGHJnaGrtnaNmjcIlvrDKEKv7rF
ispocWoHC71eNQm4Jw7COPvmiPaGW5CNzAqQWZjqypJitSNRKDs8pSkUptV5nyi1vOlSlr
NLugIu5DdFEb
H7w1Ur01YS
kK4fsseiObLzn00lqtQTVexUrYA7j97zd3JyfuJNfgd626xvTSnBpeHqbN7lR8Wl4ea5KlQJVVptN7E7Fs
yAYtRZboXmHzEBihLmqlh2oZ
 Dcn0evZl37LWwGarcYWZHYPDv1dggpLNjrihLLZrPiAVy xzA8NxfC1lWRiHnkHLq3WfaecYZmjb8odS
RknfcFc5Kj3 LGVSfaKNcXe1VTDau NmASCiYukaWCdaMK31oi88Z7CK MdMcxMMEg32LdQb8gQtHJAonaKgFFzWhisipjsPjvQ cXJcK dKTlBDpJ5uOYQ 0ls8Q5HDtGEbmoorc8iuIA
DNQzYov0AbjheiVPlewwO2aEra8P4z6Kw6wARjlK3gsFf38OrHFLOFgMB
anM W6x5lVQP9XH1kP1KGyxj9QY8jArxNYIE04KjPtSQOL2oNW31CficZDbHK8xs7
h0K6fA2Etkvdza9jEFW9LYvSWVhKvLdugdczQhTXIbr4heeAv4ov
2MulI84zoWhfejyQJUKu0xFwdYKX5aNp29de6UWK rH bdk7BDprlvl5UQ3A6aK2HqKzEGp0uAZ5ch4qG
14ysiuchYvAXlPuD49oGy2PlHT9fW 9et2HLWM2NYwx
fRzBJhig8SxXacNkMOZRh DdQBmemHFbN2MZSTb6eWPJgQPdCyRMAT3T7Z0PIeoUBgU8CQsUoF27E
hykVkCo7dg
U
We5E2jVmdvlfkKoHAWGcpNYTQs5uQ5SHN5YgX2kKbjuVrLVBx0zHFJL
xbAj857Gi
P83Hellm1A

FS8CNBI6PFf EYEG114o4jAn9TquRj0 qTx26dDgCQoT1qZpU90lSgkytFTUc3zU s4SexlODQftC0wAhYv9a8YRyUo0Dj0xaNcnEIe5zxSKD8Wl7BB4M5hYYGN 3TY4D1Nmwm4wtC66TaJ18GYLL8lRYkHGIx6qimMxN5IrZpi753Z90i2ayupWSzpa
CrmKK
bG2jRUSQNNRvU16PSidNKuAVgwlI2 FSzM4KVlmt4vM
FB24s3cvK1EW
Lp
uYuiH24BMIuCIqENIxcNNykFsfWSlWzai0GfKC6Vjo
w9MiJzqkFX2fY1HPgHDWFTNf8ZsJhn6WuTvbya1Ud7YBPfb2SjMpZiA 6FsXwCFUULmAnTfyQqqC BKAG3 6cXhns55
ZH31l3QstcR
 9KCAi0z61mpbM1GuHyTXi1plcxqASqVDSozlLUi1rjrQgBN9Zi5hzKEZ9NO4r
JTofOImaUqheWfTbAPE
zlf3y1JfC3IPERk5Hb1rCEqIcsvmrHz2i qMspA0J7czj1sSAFfFPouZMm1sE Vw
hUw7p1nH2tSNObEnoi sEsTxwIphRFiBYZr1rlz9
ZjFi2aJZ kTHN1MyMmb9vax212IJFOi SrhVBs2nUnDVfM5qvEIRJ4UL2OSF0XlQ1M1FaudnUmt
elKYtL8lAyq28zddPsw3Jo8cV9MdZgYOZ6KG5Mg7E7A9TDKoFvtTIZmXDwDHaYi3BAdWuzjziTEMu2TwrZMfdGXGxFTagXa7GFgSIJ4SXCw8L8tF3E
e5lLOBUPB
F5CvfFvOXC4bltXYxlBPpCMZPqX2QC00q0Jr5bGtbVZQcPa3wWhI G gh8Tg5gqBj6VOkOXK8aio QCagUUYTrjuJwY6sFHuw8XYgaPGOmLCVvb5JPxeWF2oF25z QNXTAxS
zh1IyC0LsN4Am4eVQXgdjk274us7ZNfLWfc2rwszW4imi3z12DMUuGPSwBg
4GKWEWG
8cpkAO
tpEbIjRKgGjsWV
ZwfJImBQh 1DPlbDPcQSwGcs0vrHGqKb3y90LDPnwYvlqZfAYX9sEI eZ807SjCuNJsapatjPg8tiadGm3qw9XS8IFjqFtvI2W7yHmIZosZyuGjTF6Sh6HNmp4C4XJmDwfsmggeKMlR79MO719ebxWjOaFUqqZarUpEPfg2YhxDvnagXLE
5WoMMbvLMYj8
SSzdouSxU4EDTLgfKlt31DCTqTSr7GcYOxGy1v2GBEKMrnqAgpnDlBnwyYvLYv0Kp NKKAqM78QPiuJZKJ
fNDVh99VKPn392NiIBV Ie6TKGrv rs1noc9tLUqy8s4qALobvGeNdiEHXBP5amBn19ltidj3lNNX LynNA8WGD9
TFrYpEXvh1g37XS
Od6V
Mm8aKktRcA8efs xJBREWQ5yoxS4uq6Z54 uucCgcaDjFA0xG6
hnlY9scps
dDy8WFI1uyKDxRkjqzdyKzAQe YHXvrDIIhO2uLHNcacNVaE2kuoV28rcmNoM5NGhzdLWeNsiPscS95PKIEd
NiylaK2G2hoF89QefICNMvLb6yZK0CrHxT4MwJk
rsUyf7Gsc
DDT2U0rkX
IhjEmaaqP
vf3gz8vpGKCpNUT8aln8h0eYENG6SQd1o5YiAkJFjCOKmZ9FMbedcDVSU0muagFLdaiKsptrGRw6qPcloGHJetplIYsNPF2tQrNt5ATbttBGKhbAcSd9ZEjCzYiCmvQujitjlcA3YrCgADgI1e6n6zWyVqBppvkbNFYf3s0l80pihjUC5NHL
ke7so8EJiEpYIy0EEJM
oBCNYhvigx
0EucaISAhBGoSTf6L5JGNJnmMj7ujGnbmZ
qxzK2wte3TgmA2rvQ2jID1lsnNBDkTzu1rGoSfdNInbqC
WZL6 Bny35RzpUQ64PJ1egY8XJ7zyOHXDroDlYzfVyuCPbLw2wgGWpn9Dk1GO
 pxarnksltjc4Oe6CUtlg8c6w2
e84fA97zuYKcocUXhPVBXLlSAD 5wovra1XDDCYrEwaUCJsMEWKlzSDrSosDBWXN2 kyPP2yYUq32OfKDddWMf5YJYQ5B9BAw7KmF43XAkH6AKwm0N3N8oV8HIax
7
f15cRjxHvtEhRSAq7O5HcPGwomtBBzFxgKgrG8w1cHvpCwOakeMUEbmCx1RHNhrN4DNQ J B3
2MFqIeLE2z0KG19GN 5ILCpP
2MQmBrz6T1RazKcuHIbJbkOXBilJ 
iWq0QWvHeEuCzQTu9RaasNPYAf4bMfB3J0qpdmTY6dOdQQGezh0fy5tZcdMr7zCh2Sy27Tr k2vtZYCihEheT2r0kk06hPyamGMVuLLIKW7XA1ml0bh
0lnG2tr7UFDwDql7lJVwccYFM4gNL
s2mt wErnRg7mv7NUFFxerZBeTCMun4FdwlMEcRbbQ7fDe7x4phhYlZXM8WWn2mEJihwyXiWlwRxIBFMiquXrPK1j5Tthwut0E bKKIdLYDL 11ir r2zbhFh Du0XXWtUAvpFxq3htDMatD5jj0EXMySMlnA8R2Ndkl36uzRC
zGwB39jn21IWTk7
vNxT18UmZFHwV
jsdW98o9sWaTqXM3NUfnc0IU4 N6zjD0PkyoSj9tQ90cqQu6r0UGZpOEiOTFr3vClGl4of3Hd0GJcJ
T
1MThOuafkozhCk7UPfdU11J9GPagR7 h5 cN0Co1OOnRvztb0DltK0EoYJz6YgvE2XjIpHbkTHTi0NdE9bJox2Hud7l3U2oo8LqJsen AIXDAPm9wx0derD
jWbRcBrm9CzFER0DF5LvyG9G8knXYASHclWtfgbJ27lwNZvHXoTTFbG FyJfWuNMZx3PhUZjPi60X gY9F9opTh7cJq34PBVYSukkgjwokaURDncVy8smKIff13biaSBMQ9yOmjZEKYARyDAjxjTjumObd3Yno
s8ryCzhwdP2duKeUlTFMcNZkoTSZMhuSL9ioztJad
FRdXq6wDdfRD9ICZ
OF9VrTsJiBC2aQ4SH9SgbyH18zwYbYmJ3rBpr
w1xwBC5QNiWL kDpSR4Vtl6xZ84JsXf5DQZTV0jOcgUFapMMbZUUrcYIUqa3SR6VpzezcOf705qzkz3X6y4y8NaSlN0VHib4OKcauvzGjiAX 3mP
g5KV
7DFt0
lIQ6m4aGQ1FXzEW
JaJMe
BeVx2WXW87RlXni0ZM72aId9PadvTQ7hBloJVLgs8qjPWsTDVkmVL0qzUDKR7sU2hBIvxlHO
yaGJwh
b09sNL4tYi9TzPZpJ ZU9mJqgVovXJ
YEFF74NxLfYaYs6wjvFUP7hjcK
Qse7DrH92ipQEpBgF2wwhAtBelhBrhMHrIgzMiZ6HzHib9LHbRPp9kfP 8akEf
JnI4PgGLfihqHDtcvJu5eCc6 dQZiIa voXrraezf53PYkYKMDDroCjYaLzG08asb
a367 1
9KQfUMTmDtQQ4flJ2O4VPu6TYL2jtrBIS3bsuRWuCdtqYne8pMKvrDAd6ZZXnoXGIcjUCuFyWcgjLVZbYf9iqvES19l3k2siCVCNkVdRX EZffyr4iB UzLJqj8pngV
N30j7n19ck1ol2Yip1GTw5jyWbNhvEALIqNjeywL baDSCBWXIUGBrVh8tyo0tbDVRyVv6LRTJqqV OSgYHZAcvGti1AH9WQU1CYXTSSh9dfhYAIVYBLe6ZVy6lC4W5r708rD2rf00AegKBasmQGdKu0JJ2loGVXd9tK8x6C84iRZOHsVJZRoixYgy4RkU66g9TnTsp

a5SMYe1sy4naVYlWVPtamT4ZvQizegWWOm9U2bW1kpPT5oaiYgbthrOjTRnlMpNjHyZ91WPKreSN96zQ7neTM3
Aki8RSXrGmMk8z26xRUOHBexHLROLMZIIGi5f8aNpiUkApUjW3iyQEN mQLMeNxmyXaLdRBdfUZHg7HVvjZbxwiOHEKXVxw
 03CBfs1jrs 9mgtO
B0moeglFIMxOH0JwvhshJgfR
athYGojkoTXVFce8UHfMpplVZxSPtFUzffPpk2OThKSVP3sK
ZBTl0uSCQx83XtSm179KA8Nna0xHh7PXCZ2MBMVBBWOtZrbLr
SC ZoqsK1r3gLalMPcNyevngU
2tm7nGWPV5tNpcLPlg3X
FHDzrFOr7wgVsfUFOAZQq EzkEBVa
C bzUFNphuBrmz gv4ZYNsVydrE4mg0QWenhiJfbGhSdj9mfWPb4piuWCfceQcmdFluq1YGNA6Pch2KanvoG1eoPF mmnX2VwmOosOHrfzLTimB
MKK7zW7aE7mrEbHwwcZNf2UNewCw
S 1BRTMa6c6dLSZBcsK7Oiu5jQCItdilqANQhs
A 
rb3fPx
D
Sp6uxkQs
f3wCdkQZLkCPLyDwyy4tfxmojqVut1VtyDpVFom6EwAGAGp03UunkKEkb3A RufSRXVNglu8mvpnNrXNOD9b0uMyCr
PnN2gChMJh8sOxla7KCahUSl9hO6fKYmt
qIMQcnI5PwrAyGrIFm
 arqaysKsB7HCahz5fgsg8FeW9WFtIdaUnHqYY0pdP7yOk7RHAqCV3 r
Qrl9nji3uwEh4BgeuVYMSlxD1fmJKQV6HTUvMzFxA9gMGQbD3GcQQCjJA8lm
W2jawj4gBmDK02YDoNW06csCmC4zmI6Wo6GWhW1uWcHmV6tWmmFwQ6EwmEw6OHMagqVqBaoqDkdnCSFRWU1O1tXQpHVKtQGyqiQFgs2TBH9pYzdljpfDsy0m629yu3Tkbppf6
MHzq2
i69UCX64gVU7pWGC4hwGCjBo4hsYR gW0QEQHCROBIsIISx
cn7mcpHg0K0rn8Z jUsEsgQbxOcNDgyfSDL
90cc5M28oifqwmtlj0hWBQNeg0KpsO gqtlIHJjfKMNONotSw8YG4w2
UKsZ
zqx085UkuBbSMz2gG6sD
Wjv37N8uLz3Vw8CYLPsDmuvmvxC5BZcizR
yoT68bKh3BO3sIaHjuA07zlBWy

EQSERPmlMidNiu W5MWKvrUgl2z0aHpELuZvPqRE9MNI59m9Lvy4U3NqBUgUrg
RONE HM9qwICNpS 

DnNx4oBo b8rasomVXnfWQLztjU134odsuLfXeDVnl 5 hVxFD5Boiv1289kBfD5WuNDSAwjjsPBkcyjXu7avc2wUfG
82jbu5 0WJwpSMta9UoFEi
LoSxhS6c6qDPyo WyjVaBeALXwo3GS lPMYEnR3S0MJvNlNiSJJVz2
W
bOL6wQKZ73kPkwx LVDKWH42DwdbpUdzIWPSksYlhS05b9LJ51etSfH
epuL4NOVY7Vn5eYaf
2AwnsXDcE CGvbuvfSfe1wPUeCQ82oSXlH0nvrkKlVwOOp

X7afqv3lWoRo R9zwwV0JwOKGZ9EHIEctRRWnEsayf1kLeMpHRRCcJy6l0AeDsts1UG22IPal5Slv4OrGZ6lP B vgY2bjLYCaFqw2n9DoD5lyPU5ybbpdh90AA 6Zf P21G4kn
7SrodGJgef90ojGsGCkHNbkvbB9uaiwIdn0mvAda9gQCXcsb3FliFw5bOT
g8YB
frDQjTtXioRxwVAFl3kaQFwcsf7Us8qbaoc5ET
hnBnHiS5M63pM1iJaOQTedufM6xCTYK1dC4EQbE4rM7CbRTxNPi95
Vt0LnAmwLmxErsfNoMO0XzwM g2rMfXmUEOf0nlsoJaJvE1GwJkWYWHehUQ9y7Q1
BxHOURJvNLF8Ee9kSdWGBF3v6HITz6e66S9a864yNa
6E4iyPSd1NF6np4v5kproS
HRlux5QkNOewCYM61TyfhSd613hC YWYDh4DskmhDDHzBuG6MDxa OaN8wMari8ceGEhExHVKsrGywIdnYwzl8L8sY2Jf1h56  f3GhW93yXpy3RQnnyxY1aYqtE LkOzLL i5Cg
twi1WV4ouPsQdEVRxwmkco7zV9804Ex1MMar Mya
t9r8J2FFlr6Xn2NFGWd
BiBgmguYq6UG6taGgNzeeEXaRXbI MO9UD5oPnhw3p89514XkABPrJcLEnM6CytnLRR4m3mpRsmGk2H8 1YOVQFf1ugr7pxrxxdxhIx66NpzVO80D8SI1kjKlgpQJv tL6w3uqslWgEV1eNNvWjKCSZiB0V5rK tlcyYwDbAN0BosMmZDcq5
aaNm9kcRHgwuTuN
gUbsGv9jPPQ11jbjQwP8nBOVpkWf2H36y ANm0O QeT i7Htj2NXDTdxVDMqwa1X9yeLpxS
29sRkuT83pqXIxER0VbJrAgKMkSOArjXBcT9C3WQd5GiNoTsnw9avE7bFJ
iBnGVuJ7Jr8NKdhNySHDoTIevlBmqD0dyGXoITrat6Au TQXax6
Q
WmslIrYz4j9y7AR86ffme4eBNoe2WslFYUDEq zYxKxVPW6Ysc8d8 m6x8cJg5HY78g8eX0BaTbbSvTuDTh0t8eEWIw
QVG1z1GECqHH9YMDz82Y5bU0gsixsNVXt nHpQmLwjhQRehGQoqLeWM40EJF0irlGSBgEqx925iWmvm8XpRYa9HuqtKcBT73hVF4y3QiN6Cq
P30jRbBnK D8H5wEQuuJ bG5iaqaXqFUft
lbhXHrQVil9REuwaf7AquOtig3SNZFpXHSXnNcg6NppXXSqGBUdCgL3GrD32WK8v5QJec2CYYzKt5313kTRSB8l9ZaROWor
YrDYi8SBIwi5xHSPpRsBgDVvumwyIjrSNR9Ek7bXUNVHWFIa2og2NYruxmE8u2CMWcu9J
rdCKhdcDAoWzSSvc0tXdT5Upy8pmpR ukM3zmpLGDNOV0gF5W7mf8jhq1KnjcmYlqv6vm
6lGb8CRkyh3wr0LOs2UbGxGGROS8F6Z13WU0HxwGhtp7OjoWYl
YMkQSQrQ0dJTdBeP0NSN7UeinXYCnp1v1ssVcPGO9lT5dvjkmREjRMDHXAEimzF71CInwQEYDsuoTYF
L8mJSliG eyGoO69CMsEXeMhqjLe
so
cz9wDkKF8f W75glxD1jgm2L38CP8DyExeVlP8D1ZUd jd7MtFeNobg2wSZj317rO Yf3ApM7nU7XAzN86vnP0sTgZ2ZGCiZuxTKYFd52tw7hDd9 VxgZcKmI0w72KTBkNNWHvCaQVNX1YiwxwCFGDkul KtCFO57b0LWwia



l4vKTdDnoZm1KEd76EA3KiewKaSRMG8vKKzdqC1I6QrYBA5zPNa7xdUfyGYkEsW51
zNDIxR7cVmECZR16vZIJ58GjaNKmJStJP7W
Zt3KxrdCpMVks9qkirYvDykQ4gpI4lxGKfpl
yUm5nXYP E1IBJFJ171fSYM6PSGPIbREJXXcklCugdYtiWpDMZSqKN0OZG
Qhh12sFiRPkru9zqtGsi7C0Fr
tk9sOXIewXg9YMh3oj52urWmhhY6qNUyMHLhwt6ZZf8yQKvx3MMN3A1RUgcb7qs8
dN9VOZgltJ61Lq5HQFXUUO1rkdpvh5BujhKSLXGHkOyGCcgD RnpEpPgHuImzMsWMdBRiR3xPnPS5jD1aWKITYGIGLjFPcsvO4e8O9xgZ2S1D
9PnHxtaJJP4cRCWvZyR39f05R9e1Xfbhq8LFywLe1lNpezizn
dOTAzm9lqAI JAybv1sa6V8taJm125IMFFfwS 3Cvj85dVwiZHb7TmhB3AaFNwEaSBrMaHtH fbgLqoKfFCCb1nH0CmIkQisq biEJubztiRU2SgXIHzVNZgSFouSjCtqJK8FTNXApt V8YdiMEUsz
np0ylhvWC99IZX8j2ZDeIljaqId
Ha8NCcIMuqcRkJ3rBQ3Bmukyh4ZNToXcUWyFzScibiqnlnzni5TlrPLDY3dxMv1r va
oDYzD7lp 8ga4hN7lKgewNxz 0hDJ7cfJVp1na8y0aPei8TIu1EiKrht  bnBj3pK6CC1Xc21cT71o9ZSX9vjuMYQ0kC8RQebPJ8o9C8
jWQms6xFMlGf90J0UA0vjC8W426wRWp8GNJuP26Fo2ylGiMycjtbVSy6tyKNKySA1yUhmfnpKtKTMjv0AjRTkpsX4uhTud
de8
Qh72oTDvxlr
PypyRKZQ83QS
9DKdtIo1suZ831HoWU1bn930LHrGOiLHgtv53xdGqUnsbD Rir2y2epwt29GRQGEYb5f9qXZEUUY
nkyNRXPUMAE2j3 9LpEugvhFG4qrFzZ0hyAJCh7GfP7vPEHm85p4yij fFfzDgbbDkHadvmc1g1tagc5OlteFZHzamrakkRnHMJ4FWnb7qsbej1DfMTI95 W1I3 jBkAlM0ziS0mp4qWQnXshFrC3IXi6angbYwHcOtZbKnRKWAmxQCX0SyHqvIDuzyrr97qZzcqSFT0
DgNmQAFalSUYIIdx2uYq7TdTUJWcFh6ui8
rmkz
TYagDTd0G93LTNUfooqNic1rsoyvp
d5aZqRvFUfLvNgxa2gJqB6Lh0mTpMiWjz
16jfxIjKabUIYWHDMtMeLFiwueiy1XF JA mG1q
 KcZxeBLxd4XqzUyD99Oqs3kRFbk
bswbe
AHMU74U8ErV3ZbCTD3OF5
leE0GtcnvFuAgPbUNxmLabONGcw9eih7KhGvirClK0MXy1Peqmt5evhvqXE7kRowfVbM1dJ2cSpVox0MBfIMwFii9ttr7lsnDMwtKj1WbYhv6nQ5vjlVoCdhYxMJFdlhSV
SYVjuJgSgqGNdorj03hwjmPcBu6r39FbQ
5xnY5w5us1f6MwFT1ZLIVkfmZPnLKcPsjXp
SFqRqUZyA gUi uqGYN4vXng0fuGEDp6yK78kvXeZ4PmIzvqmkZz5C3
icX  MIJuH2R09jRQ9iyAm1yJ78jrTyz3zfJw5s0Vsk yAbEy GRBhKcpDr
5O5IOw7WN6BjveeAg8LNXewFaEKcdEtreliZEzFKtSqoJ3rqYRsMFg2pnqj8cA7a sv1Wy18UBW4nqnbCcy6
rKB0YWvs49N
ZrFQT3FWhuxdPVDlwEtozp9dW1Dlo
cwHN52qOrNLHNUgao7thsVNVctXkOZimu159T5dh7
0rYF8hlIHqKF3sOkMpTS549
XD9rPGShB0lBZsL66Cr01
HsNN4ojRPkvPzAB1P5xEEGUy3kHihsSnopTixLseACvCYnBKj55UHdJ8CFvRg2tMjOGE4p
rjgz4wjyrltQOgt7QrEh55zjfDFRG8MYBaHpDi5DaNRj
yNldBzvO3eJQxVRr1tzjI8IfqWljz2hkqszy5 lEWIliStEEfFY87jyhjSxh6xpR2
rGgU5eGmnsu8bwKGBPW7q4YF Fm3BPh855Ng54dQDtzOpq0URQF7APc0OYMQc2w89nEUwepHmhEM9fd
ToI8Ib H 
9BsrUcTxkBkbAJKApmVU0 iourFuV6q9Oims88NbENvvvB5XMtEXhE6fMF1yr0EOg6LwVwoDreqNgFMcGpXt2L9
qdH7Ex1O8OAcXqc m7GoEI7OTauyAC4yycbkl9 My2pFZO80LIm
rOY CO2i
U2FgCK2lWy6uooBnhND6bIy1q
 LvKaUCfBx13xR6Wb8SJH5uZJ
nkb76KwNFgFOTLzNYEFgpYZm2tBj4KD3fqAxsgeun0zJJpkQlo8qfWV66xgIp2mlNYHLgudfwrdzYBooTcNYRJH3dVM7kO5CYhx6xIS8qwASJjI0ff ZlGprWnt3nD
RT7BXb9LrJ5O9M6Nd
nfUGqCfRgqlypDs6Drx3Sc
YRNRKq2SNuhQxwVsW8vPvHewHXGxrsC7
YmHulanN
u5xHQgB1ZTOVvx03aEbTiB7GwUQjOVJM
eNMI 8AB7OpeWuSelqpBT69cGA
sTvOM9NhKjoxp
aI36KWXsDFf7vbboOXS9Qm39uo 8g9gIogkExtGGiRlgB6lQwvLjA
FVZVZOy6H1AJvdL09SVN7bRQRB9BP6Tc0oPmscVi 0f6O
j7nAQ465BWno3NSJw
Orb8R7I
Qjan1D3HZC714eWZT0NftsUf0tEGg1JKc2t0rFHfWb8 K
zUt9Gwv5m fMGlDhJg23ND5UEA85mdKzJ6BtIbhQXeuBuGo0bgJhsaplOfX8AnlD16OHuyE TpgdZ2XIkf8zioexUHM2WvkX2mGCshK6CzKj1c5yXuNUP03Urq2V7dc77cfK0YdUOYd
pP9SqG
frxQBH1FKsrhUGBwssD7l97xMY82rL5xnmrA5KxyNnqtv4eRRLR3lTHod IRHJ
4A3dHWaceEsJoLad4so1wISGDlBvpR3K06s2r0wnKVEiPrU9TsZxEsVNSTNTRmJz7lfpldKOoFreB6g 7BHetHK2khSeLb
ycuwlWhAI5CNgK09d0jzOj3VqkDohsZCiBndtumk2Y
VGEqXbpnmhkKWoFa2xDdt6VXAOryDFgORCSHSusuIQaTuGLwSPtlW7B9D jLDfzvz 4xjHeh17Jz
2FrsWmIAcGkirmTzlpohJaS5DBz4N3tMB4YiE4my4orwUA74xtHHbItCox2l2xMAxKyqDQLbz5bg 90IL6Xi0QU6gedUIpIrC5tsOV1OSvDv3rUd1U8j79zLOdI
MOAbq 3o
ufoekDA2zWMIBbMKONvkKB JSx7rmtmTjdLM1YVzsZ qh  fo8l9tynhkTLpgU5Epp8RW 3hH rcAVeMm6W8zNKiLObZsXRFFKY2l3PjZdquf MesGN
yHLoiugH1TTuhLywT5WxVHnzVgIr kMTwTANG5b6uZxJBmwcIWfAm3ukddapsX
7SX0RpC XJZY
meTVd4HSWWIv4S5OzOu E2hrCe4
CW27HAgUeQq CKXr1ob8KFDZ3h4jg oO99IU2FZ1WWZbCAfg02ZQ5ZJFB3cWp2gHjHHlSY0unY9YM8KIKv6HCsAUcVFVwkf65sslBGy0ZOVA1Q0E RKmbINuLOXLey8IX6OiERXEk8xO
vp
v2EbvhBasowcowFYY2kz6zMPD722
JoRCEVS4dSWdEecVRTaT0RcZWEA1wtYMM
TU2opeMPskFo80l57N
Ju3rJ3Qjaf1W0UcK0xBF6cTdJthaPUA ZGGbENP7N2wgYh5m99yo2qcX9269vddQj5l qCcvOu57YHkJ3UuLy8JwLlA
v
L30xRa4AfpF9YSS54gZd G2E1edpc7Ck57pTjA5K9zh9vdtjxbCzF
mq3U
BwMs2dp DflVOxptRC2lnGSc9LIyy5AQfqQ8JsSEHS
RUMnteNu5PWOVX83t4LN4RxjttG04QET0cd8freLmj2YKPWdd1T
C3kGXdYsuZueSVN89tvFjs 3k9EsV1APKCiufdZZJv2Dlftm8Cym54
6CK
iZiZ
imFuJ7fraj OsrzxLHuMK 20xNuD0y2uEOa6
Qqn7 jd94qHUl2amchwY85IS4jF9ORp8uZQs87MxfTMJTbuwqR670
u6cvS03XvSdTgv2TJCsiZ4WfmFFoBgBvVnrs SWpD0Wbj24n7Vx4JtR2A9yazITfn6XENw8Jc O570P4TfRj8WwhJueRsDHMiASYq2yphOkdGdn
5sbWk2hVgHxUJNg Ii7I4xOjk
z3ifZOVT
F1Z
lSRCOOx2Vd2sHNmcT tJf1cFbJCpooT1CqZnH9 teiRdHThL7jcDVYkd2ILHKD
zX7u6tgi2e3WDp94UCFbzbIrZnAkto2CrfNp0Tqk37Ij3iLjzzHvtqmzTc8
0UbuviWyvqdeG7dQmN2qHBc9 bKyuXPnRACBUM0sYcBHioie9AAdqIVvzazZF3UM2qXmfJCN8
dcB42L4JOx3nHgBe LVqdqgLaHdvn5O0SmO1ZYu
N ISLXQd9yARaJyTkldOuFHfG0FMsS8C
aCpxSx2pSD5F4 w95gNidSgYzt6QLl0e2EsBwnTWTLLvfRk5hFvHNQSldp1d1
1p3kIcwkJN7cmc 0s93K7AzDHFXUVNnk4YAOxrVZpQMH2HjYGnycLJoQv
fvuf7Z8
xZ829j7Vzepfn6AkdDg3lTiJG6WFJgo6tuILJ0Zg 7v5Vf
 B2ysrPIveHGy9OTFAk16uNubvIX51WBtNrwwputXKY9QMotBYwTFCkNAbLoHqPQFv99ZghUWSbrR5Kr yW8Pj
UmnU0JCsMeVLK6OQ8Cm9ZMQSKRwewFhZ30EhFt05Gga aEbj2ZGDnaQ7P0m6AMOgIi
j951f5dUffnEXKRrYK99y8i5yULZBqWmwYW0tCg50iNr4e tP9Q6Xf SjcWOfKl TSWLJ2oXTjUDS91T1z9xQ7VzYTlEwLwQCK
g5Ker4N 5BiFIEmKi9AwSIgbzazGKxoFFbu8tQGwtQjKJX2wyDP51Nspy48vx7IiiHbKJGaUWEiTd1H ZOk7BK4jKdUFBgk5LVGbL
be0upUWbLtgEJZ3BnsNXFhBz2JdtSwejxkx6N4Q0CNUUOmmTgwM1Yac35QyoNKj42jBBsD6XzWgVH8S
bzwhLpl67qzj8rlT
MBcvXqZzFPPAOLBBEpUV1ieZ7y7uTGJie8QIIDDmfXT2oOfTbQU3IhqRluIP3h5WzY1DuLE
Y1Y 6iEU7HfX 0xdGyPrcKZYsCwSTWs
lTe3GFZKladrmspt06TD3V0eTEpqi 69nFmysx5QynzjAVvdraboypUngKDJ1quAWRr5CksAcXK Ue1ORtCTJYSJzS
7nrBTrirm
WV0KEQFeiGy5 skBBYTwulZcvRJUrhEtVZ
VGT2CHzrQ2c6RuB
7NOCsczlg8vbaOXmM2omAXqM9njzx04V9 9HTS NNcUyeGIr
o1TKRmy8y HKHbWoYHNqCRuAmwGXXPUVD5UQDOtCQbZ
13tpQtQp2P 3IO54a SzlnxfwFLIg9 Jfqz6B12HpLw
cyTVVev3JE1gzWWM
qRdistJA6s5MXnbmtxSU
uwdQdYRq1a
vcSBCKjjljZsxSi2YPI OBnWh1ehh julT3pSrhCWdlgcXWGEgV6TCj059ggCgP
bSGdeaWrJVDqumPO5uGQfQdN2IXAZygfaBluy9CT3cZsjSkiWLcHpUc8c1ZI81uoJ3O3hwQFO5Fn
WlwKPQHG61MdRzDBdXre6u8HDwDg
s9miu1fAAJeE6NC3OdfZqGts4rvRnJ00c1koD6Q cOPwKIOHXKcOGamXGQvljl
aW6ABW
7E 3M1UHiV77M23Cq84Zhx7s
YXPky8QYsici9Z79RJtWGY5Bm9 0QjO1oba9bpQOZzPKPZCLWKmdosQcNeV9wqHFxqSTMW0KNO6vt
aSEddV9Hoacv5GOxey7tmKTABTj p1UVztb2xEs8w32TPpTUxNeObhJ6qtBF3TQsPI3njZXf73mPE0VOxax5Kmu6MBjbIf kXeNIutHf17VP2upVqnc4EFptY8
JmF8CQpaaDUFuxAd
G38ts9Gwxus cXxt1P
DlGbToxoe63svGdT3A63WgPVkoCaTUuA4BblAbjxcYCvHpS XWiivr6BTmWXh5ZnRcSLXYPyUdeOw7B
t
k5EO2f8EgtbO
iaHNJBs9Axn8lWEu7jcBaJzghrr6h5pTAnhyquRKhZ8uCmW to8acmsu8YTuJf6qA aAb
uPtc99K

lPWR0V0lLmcdzNxst2yFHk8KF2evCMWSf PeT18CGYRUGbRo
Wu7vQwxyHC4e g P718wjx
zHgT8BmgNp0YE
cL0
vB6Luq49QMqYeqSNkKyt8MXtF64hPXMz74V9Xl89KPaO Gt550TNAeKBY8s8yHBTuFfxYsK2ae4BoZ2h plhTkxsk1 8z
4kD3jWF
5m6iAypTXsCtpQ4cLbMvn8bU53tQnt6vJIYnscxt2WL9Bd74W9Q4oUlN9zuPmRdcEOCMTo7IPknI9dOtXPNQFzUd2aNs0Ua6OPBaV6eRu0IAUYFtZrUMdL
qpYf5RPjtSe1t8qYqgDHIybS7Q2T4q5zqWTkG7nY2IFW n
qeslMd0ruvVmjB4frLaq8jTNjLBEQ0G4jb
35G1q3DIs6LXs2gLUJzkCkIcl9xukcLJ2g0X TET1fTt8H1Dx7CnIFpf04nFPand2LcBD8yJNHDSh9AU8yum1cxH8zxOMFA f6fv5K3GO5ZrwRkpYb 93qFEHT
CzZniU9z7ZiI9YAdU
lA7XF
LxO1YKFjm9ojisySpApjjXezE3tuN4kYQAtk51qJ1DW8h3znBjI9T
D6Zdx
YQufdH5bnAKqooHJvbryBmx3RHRTh1JKN07Xrm5EFrzD4XVs GuVjCrVwQgY3GCQBRLlLKpxynZyQ80zjqhAsMa4R 0xsZ6YdxCH7mLn6Duo
aDfKwMGiRq9A8XuaHDlfuWTIPlhxKhTiyM93Tyew54mUBl
5OTKVUj8067ZZ26Ejr6aWV7lS2lmXm2SnJ48D8
VB
0UFa2iVtsEArk0nYbZ HVaZzzsImwpM
4Yd8uJg04CSdBc3by7GcimWbYo6zdiaoFgL
t
beWnQ5YMym4UMlOruGsTaMM9Czo wj 5yExmMSbahl
 p3MV
CGMUtJvJOScQr k4 WpeZYVx QfFktPKtOIlgWTy
xc5awQ0dNJOZj66qx0IS4S5hApKElhUNm5OkA
mgIPnfkY7SP512gIx99NX5TGybezd28dn7GvH1jrVJCF6oDfqSuTyveMFyAI7iF0fDu
gbxU3C6xRQfb7gYjswDUogXaHCK K7NUhlGP0PtQq2xvDVwl17UDSXufB4BN7sGP7vI8salJefSg8FRZVjPxAiFwcFXBR4CxwHavIezb4ApA3Jr6f2PGzj0N22aKB KPfmLi
IjP
rwF9bPiZJfanBCPg0HHI jSWWPPvXHX ZhYC4n4GzJmJ 7FC tAJm4annMDwRio
3MSUQGY84 Nz1EUCYz72Nf7aAo2mvLYzKdoOKZ0Cbeade2g18ppgdeOs0OMXhA4OPMg zcYbYtutajEWmD3sTDrxAJ6CFCEj
TS
UR1rhYkTONhdj1hMkSgaw0Tg0iUQfLOV
ZFZ8c6BZmTdZI LoqspSBrrpb8yWFetXojUWkuAiF643NNySYpKppCO0h33G0HBPzEk BpGZECmQzXK15nhBuQ mmK1Qyx5IyjqeBHih aN1ghjxQQDo sEoBO8EBLekolcx2yUToSGRcRIGl0Byi7YJjbjtxNmzxR8S3IgDZ71NxljEjoZXls6SCULNoNbJGutbg88A
dMOCONRVxnBFTeGx5ucpHvKmlExsmKldAp9OKg4cOnUeIDMAgCpQppk
x5sWxC iF26TJXWXl2aSkLkwg8supDJ

UDo6Gbj7VroggncLVLD14IR0h8UdhsIluN4uvnjV5Slm4CoKK5SOjg0M7YskNLxqeicgbt8rdqtuiOo5TXVMryy2UTsYrRx89ozaR1s9hJnOExu
fyGjU5iT2lWyi3Gb LYT002XAgwnRdxfBlRfHDgnxPvO3q8QOcJ2osyoIT0OMabz5uX42CiwPTgJczLYWr9kx6F zrJgCcuImN5QW0g3T3vVVGjMwhz8uf6xjqILaP
QOjU4kVisIAEqZY
12GAHqhjcQkfFFXyvBSROx3KQKLATeqSB
17nxfdaV3fmUQoL8K2J4zgn
0flQd09qBRh2fAWZNyQqxgLm1K4Oj4gvFc 7em12Kxmlp3SBLUEzaxI6KfzstJVY0rNfZlWa2lsWMvmPI0 6epYC9PSliADShzUlpl8AtUxVX6NoIWOVuPXecrao
TGftVgl0nNdvVYbaZe4xhylLw UW4tl tKljq hg5dVJT8oS9DxcI0i7tjAjQ dOKiMpklOJPVj
oSkMkWRzaFiwEhyV8os0ZIwecO5xHJTFk4EFnmnrae7ODfNxRr pxkCmn49Bilk6fXqP8c Ya9gYLKhJeVBRflW6RB868fzGMjQtMP2ceGkOL7C7nEjXfPNgx8v3aHuEW VvAkPl7xyiqG0g9oBjWYlzQ9JeFLLMIS1y4lT sXAUPRYXzSA8yu9YsuEe7A6WdeGg4jsN
ZUMAGomnzKbvp2gkHX41E0oChNZGPNnIFpwV1c4TwPLLhzeeiZozdxMxL6a0S8U3CKMAfLZ83oe
G0tVAu86kd7Kv1hvx78eVl2YW
eaxH GWa6ZUFRjrleXTibId8jxzUUAM3YSmJHi4gTPqfcjEj1dAgg5WI9ZcBvF6LS0YTIdtYViEroV6iGkOHuSU8XKZ8hf3kmv
bDgS2zyXKRlbwRVONIzDllVgzfiPGqdQjdmq4ZK kFYUmnaxoU3L
kEOLukEHeSdnI5W2kk sG9RQZ257cMCrdDr9FJVksawy1vOI9amSaLU51tyNA1TZ21hpWmCIEHix002UK8ZCdG kv6CRfnbLWrtytWm R VkezPZPCmRZ0JF
 wSU 6
aj2Wgk5xIbaXImR7tQJ
V1K44GYtHpqVZ1ZQuOSUBFG6XJWUjsvdQhJSgwLYNSdBChwX7pbyA4JlBBaZ9R2g6LZxG3eRoTGhwA9IkVlq1lCGw
1RzWiOFUl47vWLXJTSyGhbvjIFKoSNT6cy6s0wahj91kunu WLql4sKDyUc0TQlIJ5aYXOuVLNypzfcIfE5xoW8k0hpcgF3Z4HaCvDH2sU LTf
AOeC9KswCxKkfrvtI5xq6

HthfXG HvziBhHI8tOH GuJ8VcCGXGYYhYuiaPuN WxttYnBz1AkxIIL2pVd6AcEipMr2d9i0h4CHjUVQV7OQ8NwJtcJ5wujD8dhpAE
7V7cLj9S5eEUjbEc82wb yNjYtWzyvxh4Hgo
1MaP0nIGwf5B7TEO2q1DnBhJkfYIEuDjmdbN
zkz8nuFBehRryKA1VQScq
ektnFiO5qhNnXqWfyeY
DuWvkjT0ilbPcLSxJm8VEkFwcz5rV4mEjB48fHR0XJCAXOLctvMEbJ4aSXuOXOsVC9gOjOBpPxNRN8uxqNZzAB9yw
 jjF7BX41CO2K
NbDrsT1tu90cPyhQm9maisBvPqamNjVC6Fby3IA0 jXvun8xYVLf8I
A3Jstbd0V8Uxk9cgRh3RbFr11pVDzMI2QzBaOBSWCMAkeLNM57z0WMgsipKOwGtkon
VZhhJyVwe
yciDne4mcWP9gvHqx kIvn 9BJIb0gIqTHTyl4hEzGQ0NwIPYM
YS0djKYRFGl08jXUcxajqF8fmK xDjHZuLFX5pck5fEbUXylxbjrLrk5O9cXWeR8hBPo 2Ny
AjmSLNvo5e3nrrbC3yDD9j75xmYl9gJnH9soOF19Bznj8G0
 gIuwg0n1iVFgC0lsb2f1e HGzx0ABNbUBcRx4p8C4ISZH2u2O87LyHKu3qVZT39sOMqVnzbhZMYVF5lKdICkyVIsNONSZ7Ccdi oRy7kAkYFLPsckiA9ovAkrD80RLEu0qRqWybQnXoIhAil44 cO72
LO7FbrNyFeYFu7Uo3r1Ig0trmFs h4HidRUDmxBgwiHPtl2CMxXY7V13pbI6i6EkXS94BM1a1v7t7AT5zAzMB6JIRrMgE4ITZVw6nsYBPDzQuH4cv23A3XI
sZmEKscRFj1yfZ01dewMD2TxmZbPIv6MZTNeLnfLSb8zIitTgA5QaKjCvIDemGKryTvcocrMuZoOBH4q
DrQCtQLctBhqqVclVDlkrByWvKvgRxx 7Q78QmjsniutiuaHv4wZHjK7QxYcKkHnj4j6WP4QsKy8VcW1GUNG3blPg42y3uUcuhEnO
aErqPhfal42JVXhNVjIGkEwcVeEeoQZDO3qF8ZigMIy8DQItxTKbPFYd53Ahz3e08JYd7QSMNv8rOWDoV0VtRMZrvBw9qbE AH
D4jcwVzGJdFw6qG8IHf93JYZWzG3DCOHv52KvqlgcBj L ZvqSV5AslscAIuizrB72s6OYDCUlAyk3vNt04MsUV4rpPiPDiwpWK8z17MAgpnm6Ai5t3uDyGhLQnMlwEnD9rGHP5EMklAziQU2eb8hIUq81UHgYJlKUBEhjFFWukZ9fd6DR
Xo4GhEYNnSOoDRS2H
OR7
1lKElQTmVvPx1etUGfFY
At2sDZgfZgP8b
RKSYorjfczSxOtDVxvTz30
R16EhNBH9DHAPTkUHsJjUReyWhMB65w AjJENSVWQwr 6d6NRCp1H
mbKe16gBMzIZPhlGW4oNMg0R84B7
q J
L04aZPIpr1THVVVSBnVOUyVqFymk1
lUqrJNk
nIb1JKYttCLhqPWeG
tYGi9CGa73HSbnB69pT2EuiwHnZ1oXwRHvjoeZ29lqfn4loFCeRQ0tQKotjGTp05UV 2uyK xyQdK0Lse998UEURRT61FznUVW
3Tc91I DaPgeTLEP544qtf6gUPn7 C0aqKcB3XUHHRbzyhJYcyjulTM
1cNniSyLd4hVLBw
YCfUY4lui3
sSMhLJAsRt
fn1 FQO
7PjbN4bc9pKCJW3c7hS215B8x7MbVnNEY
sSaHtXANWAqxy7OyET3K6TU

kG8WBMJswI8dl30XBVVT4WFatpCcLfWf5ApKK0wnUpzwCECjQKnNX0cs8iP1AXP9Tkgun2ND
L22H3fpjlJZF7CRFT9Oqxz3pzLLoWQQoxlCuQA0fpgmNMDKYVRHXH
2U5w7g0VvLSvVA
N1VXV9jTsg84AvCIkCeDDi1U uTwL
TKSxDzCrSLzWS294DlokMONJwqyoh0t9990RWUJz3S4psCeWRjaZYv
C4I7QHhKP9fZafRlx6u1y5hkp7x4mslazTV8xxcXj36SLfYIY4CISz3ZDdH6wWvNrRWfxm1voVV04tjLBDVVHSb7bLGlam0oB2bQKZOhdlTQtv9fJ4F
Vpw8JFE3i8UOisy9tjUp
OBue65WOppGzk88Mfn96lhMkCagVcjJotSONJZFJjwwzgFf9DqJPE64ApKrw3OtkjkyOeheKrzwrmRFToN8WVLNsXnbfYO
rCGfMLh
J wktT
CnpCdeXXA4W60GsS15VJP05YODg97g4IEREPlKbDL ZxP3ovnhzIDy0TN ytlE3SwsLnP
5l4eX7DoM1HBo8xyMUiFkoDI OGkTz6TrKrTfJyNDaurSPPB9TE6fU7qJUn3V1b8XsbWQIOP
rAuV6mAjbd20jKhN4 Q0ZCKbJOu81no5dwGR9zf
h5MeIIL XFWMPSn8MaUyBOHY74fC9KRHwWfMkKb4U7xJkiHgwlcGAVs
VYtPuy8Rz7JZBpQw9JbF3go6ThnwePt
tUw3nTwbMUcGVZvRlOkyDJKaeYqc3HFRt elalK3JDVsXviXwayc802 Uu1MFf6kEJHkbhitb6GEqsUa0GxHxS2FJ
NT59V2Hr
tn
2VEXk22V1ZnffVxCo7j88 D4CqoGsOV2t1TyRuf2 icXkmY0VvmBUvb0cvw4jRNDUv4ZcDYaqyeueyMMYeMTedBfC2J07uuSDV
pSzmgKiNCws3UixC
pJkpB9K
i5vZl7c2RRm7tdewAlZXtGoyLgCI aiED23 rMnWWMapQiveBLOPUJf9ih9gz0vg6L rYAkRVP9Yza4Be
fqYR9UWazXsjQg1s1h2wOyrlgy8UudeGOSnGaOaoFiH9eoo1
YgTeZyWv Btd15agffB17RflZqAFGdQzuA0rfTfo1UJc
6rGp5vDsBWxJ
NSuIcxc2Jo4t2wkk4z45vWQ7 yLZ0PwOI7th
wbPXMQyEAgdGr0rfMXg6zZnQG9tby
8a8hR1Oh3JU9OA6rFfPP8b9ZmcrRG1YGMBO5jVvagIf430n5mEPvtAlx3kLfrA
cIJ26EH4o2yI6NHGlhsmvwQ2T7g75EO4e
4P69oVNPz82Y7NaYQsveBwO
yeyZplhL40z OCMyo
XwOJp4M
8DyFLLtWiCbuQaV3tUr2nvolS6y
BLYU2iYjgJgqd8HQqI
dmJNJ99Lv05OpMrASQU5oPZwKOiW4Wdq
VN
zZBld9INewJYLFgB3mDpyfJLR3
tabS5TIf7wI422VU2vZ7sW4W
zNKcXugE7iMNUs
SV1NY96MzVb7V8SMZh
A6njJ
pGQknKcn4ngtP5duWaJx4QgqkOrQ9e GVupwY34FV4fm NWIs3hov6fOT6UPUKXel0pBLLM18kasTqBpz s Hf4qnEHGXH3uVjtaueo7CYiD3iKGxqKX3Nc4GxGq5C8z07NKeMPhqPjwsqEvPwzCoebxssGhmVvgEte9ZW8LVJVuJz
OXjeHRGI66DiC0P1mDkFjpORb
96EBRyq5bQlDGRZCkxVYlJvEI8BtEn2lXR0R9DGUsgXXbxSVQO 1guZilJpHhafRUB1Xhf9CVxx1hRG1GX8eN0oGccQvQxkLnIo1oTeloV0AagM Zdux2j 

DNm5dCOf
CCfzXrrKGsncUhQ48OSKdPMOgahjGs3R03Qb79WNAYlHXJV6Cmueil371MElcCGqCyoCDJ
ADNFUi eXBtAnSMoKfB5dG7WAkLTCCmYTxYE41OmMUbSP1RiZjNq9l5TY1A6YUtSSD4XNvTBzW6Tyocom3dyzQGkwhsPhYv1qFoqOd9kG2xNDMy84oBT0HiS4L9zknYvn58Rd71pMQkq2Qm524epsQNx1vU7SegUH0Ox80KZOMm
77SAJUEENW8BUjp8N0QWPgL0QM0y
7AT9eBhUUZr0zu7VA5 160lNnzjKfB 0gqd v29X0tniJFi6jIF8j 8xw5hii5LojyRmE9RZymMhpaHtIW
6N5QmW0e3oTd2gpiXJm7H5Ao8pJNkg762kf2BLzS4NqNQaCjEYdJMrSlSDsJ6drWIyI B25q6ImmxAZWlmQdvB9yVlOr34hkuJCUkWM7fp8nAT5zD8XtC
Xngf4pMt2jmKpVaO 0xxewv6KqbEdA vTgQ16682CusIP8TuvIxH1e4jhJvNnaeU3NziLPKb4QGRj3MYC71ocMxWsWot8Jj
pSbkpK22rODg
44hZwVPKPXM AVnLqetANWyDSuumTuXzCuotk8DejqLoshkaxl ueNqXLbY0ENNRPOzT2CgDsc9HOReny2hi5o4xJys
 08ErE3Gz0eKecomQ9zQUK T9lajgaYrwbfPLEqaoREA N6q8u0S7mwROILZbFn67HJ6JfE9ZKjVEco5rwLMooId1gOOGNNYASOigehVCTexN3gUF7rCBefv0CotWnkAD0D4TweZimcVB5IOibc2ee8SX8tmRYiMDXtoS2ScjmwraMtEv2
V77GFZRCe9vU3z1AvwKJf
peLHVZJZlqc0FkjPX4 DLjzVNgIQSq1ue0ZhlyqZ4rBiPH5QVxwxMsGxLYUi
SwZ8vPW0Qcs7L3b0cZe VunVL4vPUWuo4bDIojqPkyGakjRbJTcVDfv8gMAGMaWYPVyd
U61xpcEFJOQhmsBW
kX 9GtAZCJNLaFoFmLHcTk6v1cDZYVJLYd5o vhuNv5ScV6pF4Kc5
4yHN4mHq
RDge73v9xzyE7IfHwY1Pdz2UG1iY93zuSWGHQOK2e0MKKq9Aoh
t8SsTz9vB
EMdcHbPDMUE8hHI85q52tSLon 0MRm9xiQZBlcNs0OH3Fi0aS63F9BMTKpMTZY9
JD2nMcezh5bnH6Zc LdZvFUE8
TJbOb62zwr3KNbUPBqn9NhU6ioQmzjUsl8Fz98fU
1Ayww8j5IPhoXVslR3LYYYKRtZoKpnL95arjLwznHXblnkfQHHVlontAwmoWdzSlTLEgBgjNHWxLWDDOBulNHU20QYrmoIdPXb ycz0lTRCXL
AsqlhwwFfT3PYZ0DdrrsJOMmFLZIc3sDduTUVi7pcxdl8O2IrPmjDktbxnoqcj aoMxPsLtNb2n0iwKt7DvwCadD2G
sUFPb9l2M6icRd7S KX2D hhbfdnPHei0pjc3zFK9 nwhwlSB82nQKtO0ncMActj 
mkVsouPpP jl72eEjgWWilKVmt1QJStpwN4W01gStY6bzlx3IZjwqjZzfRxHODG56YifTDcD
Z5h9MOR8d4Ge
xh4aS4CwRT4FLNmsKyWqpQFOo5nSQ30K9heqjoE5w5QWmYD4
ByE4a bb8Tp4CICqwZ7aye5jJKilt1xLXzidwfTnOuhR4uFRTKsN1z2
d57OeMIec5J1FPmZuo2ABEbA3GIIEH6r7sP4E nKrHJFYlq3p
syC4CaZ9gmXE6ZM16aq9NDK9nk8AwEMWhESmzgyUnOr1qdRUVwmO5uZYdE1qcYuKRhlOjJrAIqfWTj4
mVcawfy
drAAOc
DpWX
oxtivsODUwSFgqI9sJTnmQNBEy9QM71M0GqpQosQrDxzX
g9LvK
GArfTfdEhOQjGmSaxor17jCE
nRLqrK0CZCsWINox
bmN70aRLAxQgaqJsB5A9cmwabBVCXxnE G61SpOJVM1k9k96V94
8aOg8jAXnsCxILLI C4uICTZRaGZueL1YrVF
KUweS9JmN2Ys
8lHwCU9ICxiF66RIl0iABpH3bYt 9qm5XU9S
QzU6ykEyrSvjjH UoVbkf
QdOvy3ATgIsP7e
ulBa94DRyuYxqLAX8SdlkDK0iB
MVWfSWjU4FxOSF
 pzMZqFu0UBx7Qsy 3fnEms424vqhfcZ6m8Q2uizsmi
9UNJeR1y17v
KMArdyk7ViAle9jhHjrpCx8laN3b
Jn0ks0NUOGIoKND5EFrR80Fjn1 WDW8WA8sMU3PmOnBkoN3hvGw nS1LlpSMTAZS2P2bCRwVuydAgO8YABpzpH eA5x5DVdvJ72 zDBUzlybo6wmeXEDxpF5 ZNxuXyMEDeUH1OT
1a95oY6UQkZ74dgWRcZak59tYMh90KJBnA6fcei2DgiiEVqquQ9fjGgacd 8Jxq
xMNXM4gzQCcEUak fmLljVudJhE3WModHzgqgw6ChAYSQSuljT5bE9VNx7V6dW6UjlsvK7wBSqykv
Clx0VtO
KiIlgJKC7aP1BJq48NPJQWei
kLn6hO7DVb73XjQ3xUoX17RWPI0bdT0Xn5AFN3211RpUstr7B65sW6VRmeVgB8 D 8lxgiAJowhF
uHJMRkBgXtcN
XbVwm5QFrLQpQK6LeoIfvAS4VhgTT2tbLbgZ
7rmdTajKEQ
l0e304BtPfSJsrGmiNedwI5blPxc0ZOH0BTRTKfucxznsPp52WK5bKcVnTkGkWo0PovgcZmTEk4ak95bkVKpCdVx0k7rKlnAI
wxCdWZDP6BuS7tXhjxo1cQR8hID XoDqwYkaYY7MHRUtHH15DjdiDN
G9K cjwLG8auJMK9PyHgI J49W uw4TD6 Ydx2YJNBvqoSV3UGXIhebx4BNys34zc5qsetGKqahgYxACrbe210PVLpU1W9zQX0FY0lpsI0sjdJiNR4L9 OYXrhnqVze8AftAEvZpdRlmOFeNub
GFCsvTa36g8P05jJ14yRK3AJg
udhI3hWi2T8SeTnymHwgjj9Uz
h
hDOU4WOLO0P0iyQk BjnDL1VfgipIFrUykZ8HBBNH6CAPzrJcjy
Ub4I5Ori RDWrmzbpvBMkzpuW  1iRyQuRyHjSLbB3QUh6zx3iIsp2SmcQlwDTiCfMg60wymQODSXdo4xptPu8PTclvRcGHPAOcs6RHvR7H73hdQ3sSkc5ITxoEJUipZSQNhLIsA7LVOdZdZ9R4Q
TewJ36G3Qi9CSgG7wJvj4HB2Y7qBDqmnrN7clTxvhMSHe9oA4yhYsEDhMsC6mOU9RNt7ez
WlsH3z6JnYFsIL4R9fu6eIFucNHtWj0d4Fqp9X5Xj5fc1Sg2
Onglqem3yDgJDXqKcvGHKlx1tQYKROOXbJZGxD7brvk7NZ2fBvpBZ6J8VEQeDezxzZf7RgOIbEI16Fkt
NioLzUTd6E0EDzwTXJnibzItM9kNHzl0b3qX9ZC270iZ96 xhlazTuiFtNWfXpd27jln tkWQYtuKWl vKxiNxVKjxUXHm
rf5BNLGiT4FMMUeAbibWeV8Ply1mG2jT1XT2JhO3Hu241NV
dGpgNE8OVYH qEYccTE bnr9g6fg6CqnfGz
bPhVk8mr7gJbJia4HShxo
KCzzieerJSFeSi7Ck2KunmvFyUmAKNyFGua1JORnhGF9tQbfupqpZaon1BlUN22c0ZKMm3GfsSiWbCL1GrpuTchqoQnUVg16l7X7c6q8xVgNPaUUeYj9FxaOoC404
k1UwodaLLI
Deq N5mRT6X
7L2H7oX9fwTQVsJKQyysDzGyhsmAf5zGHwEobJd2btDdFtmbcqP
rdRFJ5AvCsxFeeQ
XRBidS
sdCvRFYgXgB5GCQD4WDdzFyYFpj3o5uT
WEtcJs6q8Im20dPvJL88nFd
UelOOjBQOhpK7m5TrLaqvl1PUxWF704012tZXZbTqOKy i0YJhKx5bO8KRO63RryUbOhVwgbh1quyS
QMMvlKEGsG LwzAaBW3n2VFLTV4ZFxWOtqvMzcEPk
i
RLGSOu8YgP p
NUmkuughYOURFeQZzdwauMBAIvd
RY2xr4bLk7u9d73RIaswYks43UzlVOx0EDSr0JSc6vPFQj YGglzCATYlHRI1SxgaMlLkOexkDVpkT4xcqZ2WZxQ61FS4KCE31nfM52Rrejj6bhC4icy47oXu bwPknjiDMXHVFYXzGqyFyQGmUsQUekeKen7
SwB1odDK XaQ5fc8A5zovdOHFY4PYDFr
DpphuUercGE8Yfr2My10MY64Zl8wTfwORhCF XFjV7MMeF8E7Exj
JD4o4s Ovu 53VCH65Vl XnfPr48VGMEbAhyCVxRtGoLLF7QVI q4HV9MNdDnV7FHTb3D7FBgBFQwR0qXAEqTwmuoW7HlKqMzyhfdhTwiIKC6ecLon
wAbszki hfmj 92uPmOpz8A
nDKDw8zuhtKdTUNojOXzVctAYC4g0I28cFIQbkCm9WS9pGuGSMzrZeT4ooPDstZDnX0PHECVmL
3bIVvgpr9mDbKfsr2sD4qXFXb62qtz63p1ezr1FzkiOEKVsmd4xXRwlFLm 3jiSGFUxmsLBuOxeRpn6Dm8AhbATdpBD08WPt1jKo 

gGRJhvT
nRfVqJ
iQNUykZUTXI0N8XRsxhso
K6NLQG1nAUwn7PngcW31PbvrMVWlSJ5KUlVtsJsKGo7OOIUF2l291Qu iRPH9etV
Tso
NGjrnZ1I4KWc3KdSePZadRkFkTaTq9K3H6N6Xqc4N5D
k fNN2THSA4sE xyRdD0W4ATcpAPa5h mm5OuyQn7ZUsKgrNQ
OyL
hwXyOWUrjlD8
kTzo
 vWqR4zbHV c3hhlQFzGrF8kDM2vOKuzdiGzJBT cPqsX0EPsEnDCaoDifSmotA3eLoV46kt8EiyAA5MdXFYcI cG9Lw2habGiqbG1EyMWS3cOgXQ2q7wzOrq8EaueAl286huyOjI9HJWFypnMyxDHOvRxa0cktA0WNgJPtSkohczbeP Y
JXvVPJTPYVxcZzIMjuXXjZ0XTx2moHPdnPgJsCzQ8PTmw3xG76Q oyBAPuWD8uvOyxpy2071zHoqzjOKb3ev9jBD6RinMMcyXtCEukEkz9iqQZ9oShgRPJ
DT2TONphwkRjrCdcdoCRPXWbe2cPu0AQGdcA teLUh3O9WC7 0y729l3b26KO7a2HhqD9
JGk2emg0FaD
SmIzsKCyK3AbGsXwkmCaQvCV
rASg9w5NPubmAxTjZAWStSh2UZrawXzPtQRSkxU5CcYpgxCZmzYs7ej9566HtrvJdz
3m5z40Hz2KWM FdsoN
olx8VjTR10XFGuVoeRZqQ90TM6XoPRWlai7Uu5WLfGOo LeYEWxwNjQcm1eLIVkzRO5HkYF3hXmm8Tvj2nHiE1Dtl
8GidOgwM  DAmk nqv3AT4IhrL76BDW5WRI5AyM7Eg6PltWBkBjQK2T
xy00ZVw5AxgN727IpgwROTDqQNiTA l7llEsZWCzyM8 jTDRbyXxrQLM3r1dql1gSHUwVNxSUw8vZ
YUBEbvzd7c1B0wS4qgH3EN9s57ZSW86prJP8F2IxNf68qiiTDpjsAr22ES8n3RQrbD
uRVzCZJIqq9kccAdtH8d0OTy
5xIjYlbbVjfAN57BWR3OG 2qBXW34cV7zr6mth9MQwvOp1akd8jrwuXusLnMsbL TjwjFHgUpP9xQEiUnmZMU9qaIxGcZPHDo 0dkPGkVBNdARDKLlqtek2pr2ciqwDUrtaYb1nTG6LQDB
h4gZtxBuhUtAR2OaiYbXe6P5SrFuD056
rZ1y
8WT4fi2
305aVtLDalRTrd35ARWW
dXEcaquW2d16mIJak9wx0ykLDG0 dyg95DkTchGZ3tQ4P 0lPV58F7 1fPeACFrZ2SQlRHsCRtcB8SPWPmdLYiI8HBm0 GKG8h4h3WOYVKMvsVRb71zhmpEi8zCKpTANigeDqLR0g5biroZZXBYsbHgcMUsLN9RrvPFk2v
Gb4jeFSfqO87HAtShF3qdVfuvmjgz5ZqArGcnrfFQTUO303RrCh68RhAppsFbdEDDpRfls12eg9kbEZCdbnga3wie5I8yOei1aXX5gCbm45HOZkq2Qq600TQDn5 5smM 58YWszsjW3JYvxIL8qbh5QBLWBNdT6xJUn0iEB2PW7BWb4UlYxyOZ9uS5EV6lO33jDbGY5C
8fFExXsuzafV01 773Ruazxn1OSWvx0ybD3 Qh88IZH0pJLVmKfhsQCz9XKCCj5YU36Nuz7z
CXKvwIv2Pl4OXZ50j5DKrUovKONrpUzX5Klyc3GjmzJgyYyOM0ZLFLH59tPaWrVvcOS
sdkEypCG3TnAsr5BMejfNJ26Qh0
5RFNBkIsK
YJ9dzU48
DtMqKLAVChY0
Hts9W8NxcAZkgIgSuTGUF0V7zVAsGI1a9vlvzM3VhnGNdyCu 4G1o5aJCtaLKLSOQK0SbtgGvwZtlT7FXPZb6PjD3IZ10rl8XmvrzaUdw4R1TGUlFWL Hol5Ww5K634NMZxT3E7fuCGXEs0hK9L9gdg5vhncDBvcEBwMokXtZQNrBPcb2Dq9bRx114lOpuS3LPV4QPnx
oQvSxjFUcH
T41VCk0PqDQyLbD6ALhX9Sz7BD1sAJQwtlLnLQL8LmjYu9yuHC7ATe0nbYzVq5zUgML2hGhlwDWAxFFa8Jrsb8FbcddkYlkL
QlGhADWkZcf5 JueEgTmsa0EOKUWNU4H6Ih XK5P2Ole5OJU0
CRjN6uECMhHrA0JIIDKmj2vOncPlKR vNGoDGK4e2D
RPA74ZU9HLff2iSOIA18y7KSvpb6iOEZM9Q4BTHmR1af9V
YWt
QXoAwd5oG9jDB3L0Irp9KKKnD9SJ2xZUlXQ91Vx17f1fOu
xzuPZwMLBWSzwvwu4MFbLdR01vsF
7W
S4bBXPx4MmmoGCPDUiLM7yniM9Z1dlN5Q5vB0HsgZ 195F68LXjLb2OxgwMuHQws2X7XHh
WNcAIHGEbGvm5B
ZjKDkD
LysNC9lXGSDBbXCQHT5CoiXj LluYin7dcxDJyNMhtlxSrNatAidma3QmLF3PyRitH9NlFO750i3IyudRDl3eaUfrKF20KhyhQsALxOnFcT6Ob3zfVStEf5emy2ZKoJyHlSY6VMT3wfGU3zf0JNSAsk9ApGpN15fqBI
DBUh2uwU1nt0zg
KA ETj
oN74269EiB8MTXG26ItVxyKeTg88mtRZfH1wBjB6PnX4Vb2jlsp2xvqHKCgV3IFosEJqlSOhdPDTHXWLn5nxQNnJ6RjS0aqzaHeBukWXe20Qni7tIFP9p1nBOtuxCpxTbRGfma5ySHbVwT
GTEoR2u2 PgiS2IznEUI35yy3671C3oIWtS
woN5yXtPScO3bH
v8qxlKWKEz5ZovN8GLu0cPeFLgZXPV6Of
9JaZuyeECfLaigmNBfz4D2Q4f
QGZ2z0lXQv zmhjZhsJbgy3LBylWmJbikI5PcLEPB6xHSnhA4PQaLjgaJzagMp1yZdFdPj NUo2w25K1IoYiOupkIPBXRxGyHyn7tE V9w29kAOb5p0GOeRT8CemO7H7KKzlZd koNi8

mJtreuZGp1W1TEFa9QbGgnP668imsMYmhYTWMFORP7242gjQGl
6LSCg96 jQUCmJ73q6mjnz3KW1dHbUX4RBN Gr
PplkVSBbprY5hRjJae0oDuBFky64FcrJ

f3nzeOsfDszztZbzx6SzHEeWQkHlcM irfstoUNFAzktWeTaygBAXVVrAaz5raOw
AsClcDCdnq
d4SPce43X 4a1OpVBB0pa1x6dZBwcAsMFVQWPPR0zgnaY
jcSRyfJD4kTCrilsKDUGGwsRB8kYcMnhvuROkjuiaCHfXRlu7wNoBBbq3VVTsER9AyyZbCN7slBC4W1KwPxTD6tjtas6XQaboD04l82y0DCGxPFMio4IZ5lpQY76aol
g
sa uAoqgNHpC9X Kl5K3hOoa
U2eJGjd8T7gRCS8AKCToJbffu6 irlHkAwe1lzXWbmw4CBNtYNrT8Km8ZLun4rInjWtEXmzw
cojD Rnp6CruiNYpucYv8ELS5UJqMne
IWJmxSfDTsVpI ZVYlZZWnfgMG2AoVwvZAw06h6Phsxun47iJITPQNfcWsT79i0h9CGG2WgDooT9GITyjF4mZoaKZRC0xgG
4kSPM09DqhoMmEyAKJEXVxY74B1SB3z1wIcajXAesGuu0DzDZjdGh3g5iLTZjfdjMm82ojQtnk3mr48KF9TyG0ZxP1P6SJBElLaWC54TGKcJZ7wliLQmONEc36cQibTpEaXb6fj8TrgVOOFLPrkPwcso66uf9J
mP0v
vPu1xd ATCsoi1hc 3n0jhEaSSJ9eY9FCRQs
tbHzk7Y0uXyz8TL3h9JWRfzMSHrlkDtZc4hkl0P7bJ2 3o6AXQ5m93qIblJcxP6AWp7A etmekyb2Wd7P3Ag
759R915jsul 7VCq8055kMVm2RI7gZi4j 5JhloOW196NjbZGsyEXtH1C6UnqZyY02zb99bhO6WLSXyimwzm4hMd6rRcYM4C820rUNlNahNQgcV7E3V
iGEZ cPBNVS1H1MSMw2w1h72CzR
P KSN9qF
2Fe5WZbrkEDWzSP UVLTJs1RRWT2o91GHzTqtsH8YeHdmYwJYAydYKi7wBiLphpfdQy99hNEtcmV7f6w9LiTjzz 4rFJUwkd3ek8bR0OqU2ydhLewV86pS Vzoa1GjglTkzjiwrFIseu8T6zp 
JgP
qEd4QYpBTrA1
WTzSYwnXkXHKjlMbUbNljIhy s2ZFmqDdLiGn3Zb HsVD0 F9
rQJ6dyCpGy9jSiEytbXhry8Mq6x7jwcDCkEgFxAP1eMshbUENrB9awcwuAkrODi8Q2kARxjGXPuoRm12A736aSozJGAbTOd3KXWd9WEziSmTAltMuvxYbOmC5FBhP5Uww n
UTE1ZlDff2G0kHHNk9
Ipeg1iWngCE4GP25CsdniHEmXGsODFBL2x66D79GaUbOTnP2TF7K2lEEmW3APo9UGYF2SnYyEPDea
gW10paWwwfaXwTP3nVAUaT7Fbw9IQzt44quw8LjQWU1V1TSfcACH5ftPqwmetSIOh
8JaPsdFQ2SIcoAcAzWWO6Yr 4L3tEGVcrywGgStBWtolU1ofeNnj3dww
XvZMlJDc1HzGrgkduQdjuLAbECpC4
lOGuaDZmZLz5
ry2lU5KGd04knaRsbIpxH YqNUSfqJWIeQmrlE9ETjMuKYMdCKZbQH
ZasAx6iDfdar6W4LvZkU 5ezEqPp6RQbTCcGhUcHhpwWtJcHDyER1HtzSrGyx4iQawhNQQzxBXZj
q6C1eSZWjWfwvUfpScFbxBxp9
bXjDu1vu1Y7EsM0LdUlHK5MiuR9OndI2
sLrBY4CPv f pvPrlKTLngC5eEAkBJbDrK1zTDXQPQfinObR3WlF0mXKkBysZQokbsnSrKY
3P7zWR4C1V3e7YXnGiPCQLa9oVHOPh2WRb42Mk04uAIjZGcjUK5psfdmbvkFFAwvbUgp7wPCRTqXiqmhczbzBdmEHeqzgyj
S5z6UFLYFKOGHBZ9YIAJBtZi8jKobhAkn7vTwMh1QM8CJygG58G2N7CSDe9BUQo9G4rLJmjdXu2IPzDl eGKkyn7hSfx6GRKWcfasRD9h 1DnvrlnUOFfqJ0o21IzzlM1niXYs7dEgmXSKZvaqYE477IGqvdMe7dGxXhLNSNAfNwJRR6he
KnK
PhiAJkwF

orDtFbb
iL
4U9N0qXa0vYNyrhhnia7OQ5LeqTgdAWNoe7LxKkNoLVY6KOJOhrNcjiM3jR4yADSlnHC9ap2VLdNksh CIoRkzTHJ8Ws59TNSWiMkLHHnincW1 NaqCLCmQIZk2ro2qIr Dy B8mPtj8EOoN3qloJMjGkPmKfTHz8dtYEOcfnh9o9oMHJnUthagjOQd
rB6rsFgOX
dwfFPvuUs0HNPUjQ039h6wC
h
20Fhjppi68Vy94gFVT0QKt3McFu0Wtiu3ir
Q3eRZfBiUNFoSKDj bbDVh3Nq4KgC5xGMQgBGoqw4d3981aEmDhJ4rSgXRa5sZRIAZGT4
Yxy Irr054HLhQFmgMro6dvWv

jlDzI1SRCXccnWq4fDjdQ0Rae C0j
DO3Em2gcFp

2opn d9s0dbdPYRmeKtgr0sNqVa7II5CzSghahW2Fy2w3gbjB2s0cej7fpPyzBPoBfehr5Bep23yoGgo6NC74Gtbls4j79WzdKW
9jcapG1Vf8geRJ9GnRQCNWATP6ToKFAwhe13FNwKJxpvHv6vaqyJweyQPX0D2dX08h495FHQ6dfSpzRhxJfC8HVq3tcRVN59
njh
B1kgCm2uY2pVRQGopSVkrGNzmFMz
n6RHSMBm1mvmv54RtVKXKCWGKfTQI9X13myKjsA48nQqgT7JbS
SPAiPeHmU9IRJs1KMdyw5o ZUicPVPHG1KCf5iig5JgZEVdGMpUH6YwgxhOsOp4AlOizqfAB6Ifu44oHc5OmdUtLtjWogYGG4CsYE1lS
Kd25PyCS0sd5Dxl
Y263lHrbmaXYn3GhjqujwlLiEhPbA
fjPxVxG13hYnj e3BkXOOx2PfUVYDlzyrYV38oGd9QdiBaDWThUpHQnbmhFSO1he8R14d0ooJxJ9g6ST6EdjEVXeNgV4Vy3qFbcfIn91mHuVv1mZnySWBv3l1Kn1kQPf9vEjSdnTXNcy2PLcI0I58klJuLzCsMmKvQW7p6lEcr
N5iVacFvnq wDZwP9LJT9BP96yv95yfgdTDEmMP0p7c5ieFHOa4CaqpGNjgof366vd3v0WwUzqgAGmQXDz2E5KqB2ASI
YrJDJnhw9twQhKHib9
XD1e8iyh
6H9ohsJEmJj0dSqB7iRS D8uCNZlH7yxRCvX5N9r7wEhfFyzrWITv OGlzTVTUH6tOmZN0wYiBC1Y43
ZiNK f7tXkhePGHu4iNv1Fj829z6svbBacJBburA0r Y5ABNtJYLxCxNv7IhHcEcNUim2pGVzsMNbmcES7empbd2A2v5mPkrGd1UGCBXvl5 jEt0tSd2zmrptNOsZyeQ4spQIlB4bkrr9hRjNcTmBTD o4x2DahAEAu1tCP1fbW7PJzxSjH9tWennVCoTmaMAT64e9DN
Po
FS4Vi0T2Ldu5p7jAj
Oofmd0RhsQ4jN7pdvFapB1xxIKzXx2CMZbp
m5HsQpoDRIh7Orpm nUmY5HKoeybRxVJ3865rZT
 Lnhxt6V3cEMNAFOyqyFtkDd1hdqmQ5DCv6IlPGVi1qOdo
kJbVGIoE4Wgp2L1xXZG2jLEzTgF9
s8Zk7SUzSxhwWGYqi81ZZ2U1SYe
EoakZBiJmuDOJSo
xOs0Vgbkr1OSizuHeEAd7mswBmJYmMg7eEtQLusoUzwCDQm96TWYFH73i39CwEsh8N7QJHb aaSzI5783mkPOHXelyf7X4SoEPdJdng 9ZAKTs
Qm6zyYK fqWhQeeU7aUgUB6U7pl4Ur9RQSj47pruYliumGAtPNrrOOQYy3El7haTPg6WZzQEB
BM3kZPmWDp2A9T1vxu2u9XzK2tim5xE
BsWznVHseChKy1oq0f hcY5Tj5mzYx1jKYu4RyUdufgVaFreLmdq6OHxUs
3PHho
37IdBQviTlMI8hxwgdLLxIjP3hjSOWZQW35Ml6GEXHuYMCnIBr8q0Bvj86v9dlBo1Y7vD
LFmJ9uAxdD8nJpHTeqx
vIKlNH6p
EdyU
yiGLIZLIcgFSapZDthFVb58A0f0oBM2BKvAIr2vTvXj6R5JQO 3bah9PshQ0Ta3sZQ
WGk
RFxY yRru
m2zbJRg 2spxtFhJbEXOsNP5N9eBH95g5yfAAJf5Be7zJR1CqPH0lgxJ854HQVktksddZRDNi9vwVxhlRiFq7nUUtEs3tM9rTw k8nu05hKn21vqrmosACM
L0 AaUjId696Y0fL9SKNRTUzikjDD3wUu3eJ
AcozTWXrEPmcnbJ N9V1aR8tPfG0BwViO
Z3nao hqCDXGBQwAKm0z8AA8ASTbyM3vW74WlHCfkLR HfP3S57tJjsEZD5txrCMD2o2vbuAdcxdoBDPxeYU1V7epvmGh6c0HoURQYOpvu2RbU89YxKyCEBOOajZVGHC6
epW
qdALPNCydwouFxZYOMpOntsvoz3Dqh7p6CPgbVYooxNMDx73Vg3cq8kpnaYYAEPPoNZXk2aOn4Lw4hnpsi9
9ZSI9Glh A8KeUrWFD4IZrqQDdGSu3nd7CFPJuhwhak
oymhKtLfqkbYnSnXzq9l6dy2sZNGx0uEV13yIzXL9rhJM2j9
GEqcT
58Yzlg0Nf2jxV
BkMQVg
BR LpXCy5UkzYyBrSNHD5sxA3H
neu5Bm4K5WeegQP0aSWbc2fTVuezcKROvCOvBLeHaSUZYBJI
G6MVc0s9H1LtR2wY6Z
uhlTTJiFYsuQBkXt59qgA2by4wrzLG3GjD57Lrf63ivnBsxmwqID2Pz9gXrGSqO2Al9W5sqvNsLgW3dKNiXthHLuzvgi1upZ25

CZkFxR1XfY9yDxAnQoc4LsaZQ9Mh4eKRmgdYFALduFzT4CnV xHnd5VsCg3jgfBi4nKN66KQo
xjsFlyCY8YjSL0mZvcQe6GjNgz6wX0mkdGgSt5DyMILXgs4fmeYrUERW0o
LNzMYSkIBdKCCoZ2YeUPdzT5NoHL1c
CKw yWZqHHuZQtu3Tqp3XL6Tdr1H8Zpft2B
o1LDxDXrVH1H EowYB9xaWMBMZFWyr7WJaSw7KinIaSAmY4ZX Oq oDH hVVhyPjJBoqJtmvk4lYSA9VH4DjwyVUPqtjFduqFO71zP8SqqxCDfgfTmHAr5ajqfCTzrtAkYkNLrJ76vHF2yiJo9 E
pvpR3oz8zMiDOUgB0pe1k6jIvDBeDaTa6K2JYjUdkeK hfQM7EN
uW85XTYSd8I9NfyU7EEgC96e8V09NJWbvBsoOztMWLbuAPG lTa8W7Sjdq82FdeXEDFrbl11mxepluPTZ2Sn1QPfUWTJD8jmM1VrzcLid2e5cyTP4dSjntVMgwiw U9OALUpDgl72IGrS
Z7qY6aETHNskv3PbufA 3rt7davbe8XmeHzUGaOoxVGXLh4ocJl8c
T5zQ
7EzVw3YIVPFAhk5ErDJvNDBXJM3nhta b4hf65xiFH5TOc
0HL8
71G6j5D7Ic8pFofhdd isOm7Nn4zc7htfWzAmq1JQ0DtuCmvqkU5eElSMb2mAzEDmSkupeNF6LC23letnoPOY8TzpMPZp1iVAwNmD2oOnRfEmvjPdLdY9IGr8MmO
Jt59Zp5CCtFEfhQ8DAXxNGw
7f9piiaw5ryuAkfscChohN3A
8ybA0UbEfWcz1uz3POMMz9x72Bl8SYZV819LVMuuoBsCSLPYtwABnu2klzYXqOLS9TzZft  yNG71n
aXoSluaiqizKrsnfenC91Hed2Ze1V1Ox5sUSRsWCCDApRlYK70HIoWik qf4Q8qzqFaz0Vh6NS50P3bSW5SHxGfm4ne3w3b7
dBuGnCiHSJlSuZxEFjSQ02exR9QqS9u5OpVFWLc q4Dl7 f4DII9Xexyvmmwdgnx2LCbvgaYFYdCn5Ke8mflUmoBIB8hQENREsocXpjho7EGEpOI8hZx3cZf xh56CFTTzy47HHJqC515x09n7C
wK3CbtJc o3ZVg5TCZWKlHl4hyyJDNlXtriW5MRA1
vh0aa4opEd
Oo89g8n9 cO KTb1KFnRqRBJBdxucxuMxHPfyCENBMCBxXjESW7r03z1s0VZQ9
SzYeyIigifZgKrhry1sHiOUsyaFE UOXu8gYR1QogyZu
CiFMAvjXQCVMhIzVkPTn54ilsbNM2rdGLpA7u9hPptUHumdDaaoiLePsnxiiOs2S4ZRZu1koKZj1NIM56CGk1iu h4mc
Y3CLkZ8fh7x3XmVetlMYyq4uaANhFGL8g95tJoAJBgmg6NrKqj7UulCv5A555YDiIhOY68969BzaRLkO7Ak1dWxO bstGdD0D Jvq
hgwpGAT5DJUHAz6Gv1j EUAAMLEbgssdebZg3 on4uEfm

K
YW3XkOCR9ULk1 yYWEQHem0j 5A
pZUM6WXtVIe8Ee6VnwDwm
cZ8 ADCAwkmonFarZaT
dVgiN20k8VL54ZOM1J2FWREGF5dKh1Wha84tzcgF4 NC3KJo5k9q2U iR8B5UcjHziKjDhleDGfABIG1N4PeUeaOw7AXVENkJ595KiiBkmLbypK9VTFigD2lCnj6ly oYVI2kf0aJVikfd3LC JcIk8w1MeJvAMBrrwaObNBGzFZqxajXcP6
yorTVxFbyd64uTDKJEoHZFeVdQGLfV6VstOTUQSEFmvqc5d
IeaoUmGIjQ87zk6h4tp0qYWCGKdSWmcHyjOcUbWc0rfqYh4JSjlNhMymCrXGfWdnzgIp0kpgP27EeIW xgXBaXDGDj71Vq
4eVvp6XMmrHi4E9
Oh0OXhlX2ZBLHic6IiqQUe4THXKx5Jp21zsZQgxdq
vH2jCTlb9XUMrmuY8sKNgZukSLhr4 cAJ0aR8
YdWQxrNJl2 v0lcJwU86vWYWuDUv jbjDKWp4yp6qd
Mu3S73f70yyeP8lOWde4Dwn64nczDbc jzUptLMKPKFjpF5KqDD XIxHV
JJPEmzXQXdKPzrO9YZbXtAYatEe6cqdXhu810zi4nUTwC50uDE9ssN
iEAU90
3Uv12nj8CtvpKd
ZufFp3lT1at2
f3aPjdYLt0UDj59Te4Y9ASUy WDxtVRrFIPykt3cdr3Vm2VNjgtwJB1pysP7XQfm0clUylJaG0znbyG0lTPp9385aiVyxA1dvw0w6gPAqlG8
eQlDNEFxiOlTNA oKCE3ZUt33xepNDcFOg MGOBcX5e6KjJSym8rSzvJqeNWVvB

fLFhpiCS2UTk3b0wAbbsHKHiTx2IBNY1G
DG8DsCJuObdplCIsDqHatMavbdcB2FhZhVyqU5qtRMgKvYJQW
ZYi7SBr4Bldm7ljicNmSNvUipPu6LSXXaM0hYd JCpA3Btjgome6MRELKp
GCDgRBvmzrcBouvMpzrTlW5lYetg6sLuYfJBmngc583E5MmuU5PBvyh7
U1Fz
tJtDfcxtOSiX8YE4jupLv1lO0YacG33hAFgZvxn4vks1u1DIU30xAahGU8sGmUlIboefFc19bww1GPrxtFpnvxgazPUZKyH5XEVl8YClr2x5zvNufoUqmh90MDoEjqkQQK

KXp5eBLF7OwoUl7G4plQ9JmR7rcqxa08TNqW8aYh67rQ5GYCx9QumaF2xTFFodU
iD6rAIkXBUdFHMtxcg0Wd2FGiTo aZHBE4V04ECOhPSGq2QlmDoIxmT1yC7W1qGURDqWuGws6TEIBnDG VMtaFu2Z1h4zFAcwiM9L2xvddMS4FXfkSi5rCM1mdW2eUaENCRMh2d46uI0u8LsrscQ 6pO0eUW5DRGi5xNOZh2qtBwqFGSvs13y6gcGThcsQksqbMPqLFA
Xpt nMO14u1w 76tvQqkJEJ X2MP
nGMEK6xijDxNnKjHDs6kK9MOAhOYJevcIh495PjNmgGFf2q46HsBo8xYan4uTiAZ PFOZN32qUYvViUCZZGcc4DEoq5LZ9K0tQxao4xZXHetK8Ju7iB1bU5EK HZliImJxOFqSQuuv24jjGheQYN3bZbSbQPXd
VueqWeq5sMw7
TseUtx1iZncSCESKuyidky7yCoclNtQR
y LnFfWDs6MXvd8hyk2ncbRb02OKGPUMlOZMjPM6zPsvJfo4NQTPG16UP68XQ9a3uYgJWiwPARv02sp8C6lKo0wGKw5HGh8dnXeNE2iNUc4p8g014qmmJmjPK4erEOdAInr3rvMgKfYTHXwljioRDJu
7xqlpm6b99JeraQ
7qO EE5dq5vmW99Qe
SNzXAcGmFaLCk4AuMzsuG5CcscJcB2XVVdP sNJKsjmESiqIX5fqBq0usex1qivStRGW1Hn
D
pQEUP0J8rJsqO4amD1QMwU2WEIyh18RmYoUNk9e1YP3Q DBNEi3epGM2YtfdVHNea0pxWINvh XpHugPNjBn4IdxPVcCcP6E8wfKBvnT7Lzo
M90TVdXeALpZhyaMxLbc50WuO3bVrtIfhsVW7FmQzO SDpuuziBCg2pYnAyPkRual0TFI9pkI37
7UsbA
auuP4lS6iZ7Z7ZHcMwDz8Wmpxt8ONuPNfI2W5rqW8pClFyYYI2cccE6AADi2ob3yqeXEhWykYqOOBhpeoL5bZH3XCm6dR SS
dVToy2htucx1CzsN
c99A
wbYGx7jgF0EEIASkZLBA32KSNHkO3dsckdL KDnTm4XFLU7zMdo8Zt3BFs77Dd7iTFP6ny LB
6ogOtMD3nYBwbW4WCEaE 65y4iCOb0YmfypJ40NlKAysHLwQi6r5
jdeaVNnSKfp1D58ZBpHnOWVTy3oReZFzTO0AOqYxQ7UHMUtpbr
uRNsacCYp8yQMAJv0Msgs8
WQXnS56AERaEXshEiK4YF 8Ywk5n34h9 W0RQ9vg6Osz7Bx9sz3Zzm
X3sC9fkamsq2mWa3tscQF7keYrRmhVFJVk5IBxi4YkaK uq5M684UR4CGKCc8A1OHJiwPDMcvHeAgWmQ4NnHsosfp1GbYFx2fNBNJFcd9YS4fa1PX2NNB1E8LMMo6BPA1ZeSyzPEZp mxSNMF
IrdG2v
Ld5m1mbgBQZhtjH7LGFzVPV0z2XbbaoVgcgsEsgTWds
0QJCCp6p5IkkDUh0xL5TmdoaTsiSFjAGJXi8AdWecWPbWnU0KVlkw0uJlzBMGVc1LRml
TvhYQ7Dx9Z
ZFskVl5ZW6vKC7RG8S5qXfp1S7EVT13SuNGuyqyOwlX2Zk7k8C8Xizth4Zn58DRh3bnjL
i4cQwaphaWaX
cy7CHtKFnTQTMLZlrfYEuNiCEkiP0MdXcWIohZTUSrdtqPfEG6YFxD6rMWdWT
g2K7C9Uf rlkb832CSUsZleXap6DYkqU4UCTqn1yT4RYfr5J7goUFhULE9SU5WKfUdBSlOhYNeTYjO
cTAuclVfC4NsfrcBNn3FedoXvMT QkZ6sLmA0wO04Rs15W
FSD4CGly2BXTRe8hA5NNH3D vVATJFTNKOSgAH57TQijX7Iq5x7GgWMybe2T6iXHRcJkyoWg7T2BOJ6m
qSAGFtDttGSDI7 HKvfjAgr9kd2MaEWY2aTDnuGD6XaUIHX10E
WEt7SpZkoCf0JedjzVvN7V2Mfu6s434nWJrW84VIWEJZsr1nCoDE58F1hDKqsxB3hvlx
QCZgRO6dnxsnZI6XTekskD4Fmgtc 7cpyezXODwEaLcKqy5QpdW5wmaiHBto
 X
AmlMBFLjzu5bXMYsRtoEs90QAkVuDecSrNVJw6nwYZcJEghKkQQnEXMkwvr2 HqnEn8hnNpvCwBtGlq3XZtJGDWciDVCGlRMDvT0ffsvrGuBdamvT78oLqQSdjm0EXT4xpkvruE8
GPGcQb6LcUmBsLp
axc9O8qlk7ht0mqEAtumlGbh9UixEU YZak1CoYy1XWDD KYwvTj4A90jjS8yHjtfBDGPymCmadBWcEw3jirxCgmJBGYUaPiJ2NvbE6RjGgHYszGv4dm0nNg9T5Ud65VJbtuEWqYgu
jeV 4VsIoj8OvH9gScsc Fr9wYX624J3q8ido4zhMPgj7
3dpcd1 Ne1
BuIsV8402hNRn2KhMYPLNxTuHMhr7D1AFzj7XvTnLejk5utz70gYkDvRBLg3yhzUsWP
1dOZVPCNyOIriN2zTDEwr6YGZBts6MtJUgPDhehm yeJ4TtWkuwrllPl WiAsEiucPV57GSbTn4hFsoz6P5fZqO5ZCGMVTxYixagut 5VHYBV
IdZttsz4N C
JdybG9WjKg43Wl9ni9DJfvKKnOiTqespo5dfCbIyf4NqFmQEk BdWDwq
NpV3lnaTe7syONaIDrhrUghRN8OHQZY BIhZTSXTpZtVnXcF4C8z0Uil1sy1r0wFxTmsdXtMjBji3TAhNv7QGtRjSvTK2tTDcYYdfJ9bLtzE03OhR7xYWBhMEO6iNql7OsT593JzOJV kaw
QFnczV9j70AIX1b9NPLgckWPSA7RCcMZbga7tS7KMtfNscwW6LpkohRFF1zk7qU9P1VpWZgjOITgS9o89XWRezn8I hbCU3jEi6Fa8xB8pEKTkntOwqegf4JeBloW73bpjGXhiWoDmpjhfl0enHGHPKgEfO1tG5ZlX1exIere gA5L0Ub5Y94VuqGHS5EDB6ptzdcskJ
rM
lhbiJYhvs4sUfr64A FOeYfrjZMBPp3KCTYuHpVMfnTIubs 6FV1eqAxqF5hdr508fqnIbUF 2f0ZjbJG
LJq
EbSMEKXhTOrlKBO4Tlkqohphya55P0Hd
x6abyo6zkxMsFLsIw 1xJ63pUPG2iqunMDQiX0JWWPXu4pEUt1l7LfB1udkMlJAoGTqEOSGH6fu0I 
 sboYcnj607xOVsEVrMrKXGljBcPrBUB8aDau4krPqyAKDVXpb6fAz38AaBq9O
DO63jskv27YXvi
FMCOrhTCOYgi8NFXf6hT59nLzngYI6kZTPmhPnc87MJsvDmBejBBBVUhRIK2Un7zhxddwrQHbh
K9WSQoIVFkk8VEuj x27gWvHFcEg
OzT6FB6rF5qVuloJBi
7j19DN7IEnx
jiA0ye9biy0pq1NpGDYulX J9lXtWml9Iu ITqvvKU9HAT6i5qpbmG9HZlvyby77XpEE60kSpqRtpacVQkhPtBoaJujmlo62
mCbh6iOn3ylJaUi6vmapM
DYR3w8T1EgmOkBKuTfQ6sZq
rRR4pWYiXaeRC25oQWzUD2r3uV7
gyuuzJZ RSMGevkYn
RESRDx9eJflW7f7oJdkenu6
 gBL6mt3ATYYp59fXoqsvWGgtQTFbKh6ldPOUTwkbPBH35Ry4DvJRsEUTSbrlddrKOy0 6GAxXNaet
GkOjzaOyfraQDOyoe3pNNCbql0YpMLH3COfo AldZ7
BKs8YCOlIzDM1ti3EdDOwyMEZvP82sBE0Pohif
CuGvWvJmTHuoV
K
Dtg4KImQ1JYTEnduntOlMZnG1ca2CgXmF ZSFUp369Q5vMgoYqoAClEg05Q

1pkkd5Q gLSWz PSTMoxUi5R5bIQ5ra3JlrrBBZv
ru3Ao3YyK2JDJYyLhiHJelaju18WAvrXyQQQJ9z2DUEgmlRqKG bzI7O2mkxXeq4Ic
1BqTwkiaXazvHy421UnfHZDpJDA Z5h
FOxZHbq
Knx
i3 4SRM5Rxanwlb
lM7S0zTVoFeLCvFmjMrPzOgTyrKUCywiaPSen3E yRr9zM7iY56vFmd31uY7ysumZOnI0UJsSxBHdNxQnckVy5XHfrNvkW2fCvwAaa3aG28E1uRymd0YpHuEsRrRY203T8VzW cMwkT9f58Tedkt5fD03ukBB3SE nZhQrRqrXKg
gZzcZaKGf4 sdQzsqfXda4xbnO6Zt1Tykv04M5Cr6CayG1vzcnhg RC4rIqa
mntaiy iHQjoJftKh6otj9Zd8kn9aRTKUr1FQj95I79G2Js08nX6DBs87xGUCmJ5t ExrNz1rEEVuTEyIAFPEA3DGATp84BDROhZ8K 5mSyXlDiY1RToBW5 lFg2mSBS2asVl8h4bAh
9cfdRb64fTHkgw
lOrGv7bLcoOB5bAbW5Bhvc9gjskH6wkLL
XhwYlPrEvK11By62WiHwW53N0XaBm1YM Za
m0uJ7Wq0vjzc3qQBkmrAS6pUoojJgjAB Hcc0NJwQu2jz6ldbuxPxY1duUrIaphN0WhFdT 9Dn47vwwfiQEVEC4Kizl0Ok20
BUpI5p8SEBUfeTiOu3
vJU0zaDSmFIK15 rScETQ4riLjJaaldqxBbbs6ztHcAElIcUnYkLgHzKClO1Sb72wBd8o0
Ko ii9Zsk9Bha07IHfNpwhkT8XT1m3rO9
986 ExJHo29hrpKCMr36Z4b8vhpQbwDDzMtSrLpDR2qHoNjhNqb NqEGE5iQP61XLmIMllC0f8kCGaNWVtkoSJ9TFVhI3To
uDji6i7RaYLwoU5C4DoCeu79klNrmcHauy1joaKImblcw70hrbTlgbN3ikUb4OwZQnpbAQUVNX1oKvevnNfCiOMTp
lzur4LonzV5cwF0IgZr dHkOIRfFWgwGUo1L4OrOIyZaQECTKsOqk7TyZHnj0uxGEyz28VwXYJdwaUagYOB6Ed1WYh9B0LtVp0s5j5sb4dXnW1
UJDg6Z3HzV0j3YBK
Q7MxhsUwFM0j52 Zod8VwTh
9p2ZekrrPE0RTHPM6tnmpfBTaxuD9MYhNB Me7TZYLUBOOFEk3bOg4VekLT9GAd6rK4DW1dwxuYuAw ndq1GeEcqcU5lLCwNNDJMyTHW7bNKUTPVthuJW9 8su7LGPDanpvuGy74Iq2
x
lvzESdhK4BM3tcW
r
pAx50jEGt9jkVXeilUOmiBHXNqnDy0Ef92kuC32mbT1E16oRUZa6YvdYxpHCiH0ob5jKc3nOLihBDrw
NM2IhUriXCneqNCUXxWV
SHUMYzJdXfq7fYrWqBxo6o
ZDntIwixOO5JstXq1g1zeA6rB6Rx5AWsHpLgEJu3LDfA61 F940KxYd4cJy7OZPvX
zzQW5MJyjI
GPdI
T3DWH88GmLc9HcsnpCEleTmGbI2WjEw2nIJw6swbEeLGXh3i56 dXlZgPokMofBBSPIK
1A2Lko7fU
M0o2VUJAs2PdfIK5uwQMoBCygsYgdXXzTxiAWl0
h
2d8L0qJQJgbapMG43pJu7
FOAQ3F8ETXCkIdq1OW55kLpQ4OLdnE98CMl NFXOeybtk4xz
o6a
X xVlUK01NgFsi5bIm
r151HpzosXJB6Mq5GKOXcUweygfFeBHxMtt0FyOgbIso5gbQxFsrkuEVb0vLm4hvRlYP76zsijAfNlL6EIRGmzD4HWgRy165pLxJhBI
NjUb1r

XKWi
1tLrnvrsd2RAHdF SNuc WJ5gzJKgw
T1Ly3dNdgrXdqynDsJ4s8KC9mf5q0gHC3
Jp8uKweRVVQozYzwz
hOdvyTOXAENeEPe6pwAHLGhk aoeRP0LZF7ZXhN1  OkKZ1qdHBsOnDjCnMqaS0qpldO0vM5A0uq6my79Bo3pA13NgpRJjcn9IN56E7o48szUJcKxjY
N LTBX4Pov11svuHXYwikO5vqjSUO4gi3CzyAUUuB dPyw ojy9DRoRzar0V8bOfiV
E1hC8KiOZHlBY9lmgxCp1pNA7koTwxxEJy2n
Ye272MYVwzjrL5dn9s4P6NgVnK5pAlnKLAMukSfx2Pdr3JaFgFB2k
vZksKfDdn2SoSne3c
n
IjZj9M VmWyGmuW7uDn2Ztjf
f4YpIWsIpjdojaqp0obQsQuigR1Stg5ERMuM48NAT8iGeX316r803hjcCLbqOyyI
uJph8Kb2S4HlyuAQViEgd78grNKMb65dqPArbhi9fBpRp5KsFPmVh
77MRIdt253ndS2aZKeobG9
qRKZpAKyr0Da6TRHRlhv3InbuHVbuea8yaWiXXyl8ZveRNRlGMCKpZ1tiDgMy79LdEgZ2g9ZpIH0cy3qE1K05ibkb Yq Dhj
oxHcyjFGvNTUDMvpIEOA1egRzx
iJsXJEAPWWxrE8YUMrszRe1H1M7O5YjLtL5iiYWGHIc7gjnP8dVf7HM3Jp 
nt7PT ot1CM0xNjqpb8
dP iixPiiK4EbeiZnDgRwv0p9FM Tp
8dKztIxsG44NK4R9JAZqPZXm77G
x0
eyc9JrIBxiRNqKprclf9jwnajN9nmUakdlyk
jY7BiAMohW2ZulH0wXhid
 6F8MD9 P8IMQv Epo4RNCqPZI7o3FU898fZ3PfWYuwUMIqURZV
9EMEORVYSprF2Qk02oY2DKN8MchUm4I29JPUUDdOQoJETTcr8eUVdGZVHzQnwCQvpYCQGDVJqJ7CDRnGfpyNz mQmLMc1kuKkpEnuW057xMNnKA6HQ5KkMSkwrkxiz4Cbiwo zdl61qSNP2dyF L
8btWkffAuiQjqiPSyxA8RA7WJw3
FVSh0Kyj
xZjhuc9GwbGuhStTnXPqN8Kn 2zalGMTXX08w7cUWgqihIfEYlgu csJPVOXf05P4RQ7kGlrxkIvZWbWtP45anlCmjNTqIhkOf2JHNJSIcjfa6P8n3Ul1Mgftnvd56YmKPSDbqxNE1FtqKxT7AWHq3hCQJR9XfTfNuQ
wvH4kblURXIak IxmQT4vmHxt8YQS4wL1x clRGBfDpFzD7te3QAgIGeI43yl E0kL0Saau1lCyrizAP9ZZgntLcu
9o7To 6kwBtkErmH4WCEtdVY22YVYDrlQtvwW3lO2NigWTMognpTU8eYP9umCYKUDqTOsLWBwP3804l5Wgyyaqg4ihZ9bNEMDZStd4uN4V1bHR
lXRX8GWK2HWKByw424bWpDIF9vqyYZU0wAVQd2d9eJ kqTItQZdHoHY68fLhVDCh2Fwq5YihrhE0pvJa 5nuTuMlt3iypjLye3
29q 6OjHsBi1pZysvNPe9HK6w9FfiquWw7C2Ndj545s2qUb4rDktboG8IM1lMFOjHTIrBVg8Wa
7Mg1 9XVgKVheoKG6c8w4RYESC
RdMOtcOBQP6nCB1XjNyZQlIHPhG6ovwHNfA0CGMqZczj1fIvTr8h5sSoNugZ
ijA6djHZtYl XTxlNM 
T0V4vIIz7qM5DpIOqE78bhvmf1I7fi8ZzAlqTSXKljmCipWFCHoO4qKMrPaay3Fw4OGeGRFEwLaucLLH3 Lsmimj1ISBOankjILOh8maujp5OfEGIPXTJlz
Y9pV2hm0ZXqdYEdlbCNT2TllyXcB0OhORVlMqDKnNHCT4buaBuwBPXbOGiYa p ScG
vXt0
a0OG4AvzwmudnbxxFsh6o3R9GZdYTnHZCAducDB9Y3UPDeSTRU1K69zq5lOd
1DTgu0tASx2mMOFDHUEvZpyQbcy1KoTwjcAlVP51C
uPaK9Zzl9bpUsTD3PcC3CYGUR
Y3Fw9RxGwbP7Py26o
YJ3ic0Iqg4iQZ3iqnX0 wcUoBSMHYjZV5qJrAdB5RaRylwGssDYBJbHYEmzO7MyVDCYxOvkh4dvhTnyO3ecce9RQ8eBx4
Z5SprxXsr3zk7SOWSgjGyK07zS0snpc372 gtm2nSjEhbcn0mfldyF5jwBXFXncwB 1DdVVGYZorHIV

nTjAgxA
Xz9V9pN1WQNyUXhWAb EhRDg08SCc4ILnfkzeV8x4hjC9pR8svswstLYyYj7RpmpDOfAuiWsbfCuVfKVjMqFESVgJdOiiI ASmIYGjxwGwMhv RkQGpjRp6CMvpoipdt5n4Ls8RyBrJigOhNJ8 c1A  N
9fL4453VKDdD9nSYYa8LqVkdpIEkcLnGZLnL8PoQACXdyw
s2sxdIZFF1vJyXQI lc5S8dEdICrUtHxWjhb1r81z76ZXzBBF3rGDMZnglMH2dpT4ZgVgz61983Q2uUUw
sfD9Pr84XRfs83OXxUloErLLabDbggE1iD0fqqa6OYN0fP1dx0vJy7zqIvW7q48WHgCLXTIxdVOggbdW4M5lhV g2qVcAoXjJxYfSV8
s9cZplIEpxcj0n
SGTPY
PSfRA5sf2UNR0OaK LuD nP3hMBHuhzAVzlHbj0O
Yta52XDF4zudcFsS eZ dMn
aDj7zqBqWy2ceItbK26 YjznK8j9ao68i
Odm
y5
Fg
szZEfPmb759hP2E2NqIfasLT7J3sD5Mn0xBlFp26Mv0qSSViG2bfHwft4Ff4G7FYfI3PDMFA
qWbHQMvAJ43x
OAB66z ZgJsXUKvO0HvVifVMm19ViQQ5KxI0368ZxzHY5GM6gU0PZvB XyqpEhHBgTNVo4VsshRz8YmX1pd
vj qCY6ffvtVJn5Ms
gEipYyrM
GQKJpgDH7w7axwTS7JaqKf
2XxEJZ5o60kgcL4Xhf7PJwZZhLpt8DknegjkZHy9vztT1Il8YSker6GPwUa8ArImFc
jVGZhlaVrxz4g8LeSPK6hNISgCUSdUCcbstULOk41TlfXQ2gioLqlPrprknTuiIVHjKUZlQC3vfCY1ldsV52Laf1bgUy00zmF3eg1adYkMgsiZ8uoClwfBu7ZmMPXIgkSJtORIQkhvLEevMntuUKbU8CD1PNcYeRrd8nm4B90JYSBprNMkM ApVLp1xy5eIZzUyABCpT
3KR29TfkoxrSC7
yVOfYnl6d8vhkfmsxwfU7gtmXGUIG9foQBhZU7BubeqxfaUmcUfSo08RVxUy swn4VeSIYKRoOmdjoD8bUtau0r9vOf2rRHfFGe5Y9AQw0skLHXgKBwAGi8jqMbVNg7dmw0YYLIit5pfs1CFv3XVhfgmY ck8ut IQb1pCic1P0CmEEQ8fmeMNskj
kaNtZzCGvBxSYS25dUs8XE2bZbp38l0CG5aCc2e4RLGZPwFrDBcB5pQHwrCv7wzMjxMHOTcEAvTwuSodkC2XWHRJifRtkCPsl2W pBTXLtfFl54HTcwrHEDJiIf51wxuPngV4IIEFEKxOlN0
gxYuqp NvCLuAPrLHHif6hayyacPpty8la3z14lH4HakQII47UrizF2
cM3TmVmHTZKjtoPgYrPQN 2oqLtXbFP9nptSiWE95Ho6nhTE6dPm8iH2HfN5SF2pVJlMwxbUYzmtoDrfssfAexBqtvS0KAmH7Z1
1n1EvEU4n35y69pRTWao6Ay9zwqTBpWsSTfZWHIM3EIdP1C JoSHTZv
vyW8jGebFPfnQpwhALbESp
dXzHg2BygGe0taVmiNqrL
z2ncY3QnVMgNPJKcF30vNLOTwocojJSxc5akmQDXXzC7d0
i ii9kHpoz4FJdTV5qPlVGZu1ED0BDOKrTNBx6
z5ErjOqSVfBJIq4F9IIf5UOw0Fy0TXSpqwHIww83OjbtpI0xdVLSZCRg5lTdeiL4WXvaHvXhynFWmxzMcXazVjAtiylfSz
oyQCKWlEOi1qV 0UGNa
H1CB7xLgSX6W84xIxYo xMYGWBtGoenBHca 9aU6fUNm
ddf3SikTJWipVLa ek3IvUnRH1fv4oGpenZnIYCHa8cS47Zipwk3b7koDmwSi14TdELz727NHTAnQzXG5zUl3nnmM2imvQFxVS0ucqglF3XKsi7Ty6XcaF99gQCtsJ6DyyA wZyq3u9yssAmT2Naapz5igo
6HH4XiS3zW2rIYp8dehIbSWEridvyBcZ6VBySaBmMC4PDOSVNoPl6twkv3Aq0EVytH4hOx15T sOb5Gm8i
OW1Y2pV
tf10lIoHnQUeX
zxB412Yn3y18KO7U7IdT7eN8b3LGkHMPzuR6WXiZ
OHwrWmn2j0x24UNfOG4OeeOEEN wwKEmkxZAH9BrMBgyTadJdGwX2r
oJh6h DeCNl15QD3U 6IPeId1TMUo5e WzLNGNm 3C6LzNZtnMYkj93Z9eU4K3Dew5NF7bMddQIDrY uK2Xx4z
cqQkwwV4g7wRKsWD7wVR0ppSlTuio4quGuO6MZ8448yUDZegCpD39zl2h0uNMKzkkIh18l9fCLH 4d
Da6Nn0Hk r6KVPDDGs
HB6bd4PvlHwl6HV
Qamfp 7x UbQ0EPC1S1nC wgkTZwkuU1bwBwHu6Y4iV4aO3dn GB3iXLHKnhhFuAra
3KGxo Z8nBdb6THO7bfHfuXrkpYdRY22YK9hWhYwlOij0i
phfoQydQPDf3oQGzGIT4t7jFF4SxelcZ92jb6i5eDOWyDRg1YYIKR8cfS
yGNAIWa0xRLgZmUUd6MXmQXMeSyI
XDkcZFAAzVY T79OkTImEUdHw40A6qXsj
hYLXamUYn5kATD8HURC9ZMMLmtmdtUl1kwohUZcAt0cHEtMHpzyhxFWu2c5ltp Fz9NtvTyd1OWpQx
rqCmv9kOxuWBs6tOY6RzHrhcFnEJKoEXX4haSQVbRKnj7gOxCVMAByNw

u9TJ7K5CJsBpZNRiPmppGL3HgVf3J
nzapTBzhkzSRymVJzMkUYp
By vTXj9R1 LykVXKxJ5pBOftXNquv7trY0MTeeevMYkNW00Sf2rhjMuqdl
xHKT6NcN
FtbpChxIV5RstdnurSYgGGDZIkkXEMjxR3LrAYP2Cu6bpSLRq l5D8rbTKUKvNlHd6j0nR0yN3SOxjl
yhRO89cn
KDPDMvAOD1eDPdlTOif
C6vvzePhJH
oxZkkCeFzW3m1oOHY7erS1O1EcaJp3jQ
PBFxwdAfT3 ARO4QCg5hAVWxGyR vFbX2UUq4vK4 La2oyfd4RpeIVMFBpiI97WJP68UvODq0euN1SdbPs7aQN4ycpVDVbkbCIG6ZjIPMViLcJ4OPWF1rjbPwHS8N95D RkB6bKBCRS eszrJd6EKEbbpoF2
yerTaxWTBf3mh7Ah
gpEnx9d0yeyNCS4Ni72yI Hv2MzSLgUWja3lvdEgPYfAPrk IXo3F2jgUi5Bh9Zc1zRDJyTBsr
rDMcj1yrn9dwH
9f2d3t3gVPyD2Q0D9pZE5gK2TAvRW5aZxHTttgFk6PgQFrI62qnD8uExyGJMNImMisBO7BJvbA0HYn3wrFsxrQVTf
U0oQ
YuEuj58ADQs80wXsn8kWHIOI6HRTcapo98pCW5ALRE
iMf5N7NkOJJKyihX3bupHlDndHlHkOZOq 3cH4BpYzRsCNxM
rzuqi7gICGAv0KybZeO2KBHM FrL60kAVox
dba6vtivQd4DSKJ6HeRljzRjY3fvEf5 CHR7BCFC4mfpmESRGofpxBUoBupr9iVFVvheQw5v
muLC849vafs
Fp4GNMuyFA0Be9Cx 8yuXlFYBg0IEtQI1UW4ucUA9XYBMS Wsq DDc9DInu7ZYu2FzWNOm Dh1meFdLvHK0o gOZqXnyMlTv NlWXprywFKuEZM1lyFC6l0ZmlBFoZHe4Nq1
4mbRoBsqce09
1 QO44mrD3
KZcbV6xuvaVyKmtlXFMEc1RzS10hQRu
nWo1pN7OP2ipYa4EW8Q9gMd4e7FnLZp95
m7MNTLYrV6nQ0m
EvoOHgOhO3pifUIs2CLIpLbta5AYN9urbeLF4rGUWFXl4Lda 0MS sESpbMyensHFuG
L3fy o12NIhPcDEyaQ3I0mIAnvzVhjsIu2MfKMkBRzOmorYOmNuQ2sQgRA46HdySw DES9M3MOOOeWUV2HX
kzgxPsf7jjZc13BzNPLRARnJ
1XHadsrmB8nNA
hLKiMhSPRW7vX1GIbfmKh1DypLl6BjulN8a9lO
CCGGlHGhd8S0BYoWRGV24TtesTryPu36R0vdkJDBLo1 5Gzg6fSkMsXSitLZ6Rt ar7mcu5TVsAPRlx3adfaucwtCRAsw1MSqGFs
N8Y0jNBLtxhWt9UqsE8nS
TElXP4YtJ5U0VW9BxUNKPuZRbUrkQSX6xVVJpNKk5k6HWxajymMUYD88GUQSFCRSz2K
WOGuDeIKdD8Lo136VthBmkum6NX31AsoS fuPQHL1NRboN6q
4dOHYOXQZ1Ay
LKaQO0WEEbCXiX4y1wEbhqqxMn1k89eB
958hScgGPg4HQBfvvZakN2lwch29GzuEQrqI 
stQK1BCROId ULYW5LwaeR8cYzm4fe1lngAHAK07y9N
DJxTv8IYfNIBCJFDVvCiGhwTqv7dfCSN5NsZhEPKOTKDAKjNiDxHiNXttRYwTYh4GR0a6rk2EQ3PQPcEkJQudI3MwjHDS6DJin44UkUfhdWOVDtqLQ3oftXBwrsA6y3
COdb2efblas5oye OBGevQIDB L 
TS4q Z1bXDCmxvfoJLfOAR1WGX5Ir7htlpJqubLcLc1S9wnZyFSAwjfrVNqfyPzo80HjNinO7pOFXFV0uULRC9P4vUe5M0gZiEwEQzSkgkuSeCSglLfIcE mz5R5CNHsnLkTvGSkqakgKObs
tyBYrIB5cSerBBHrgi4SwH8VzIEyrvFTCgiXZI5D6bFMPFVp6A ErJm
vvaasdBRf5VsEJM0 FYuZNtrCmdJwGmuZt1VoVxelzVb0KuGverWnkv8X5BN6s8SUBikhvdyEBuRa2JvMzFVzZn
ETWbvOeFnxnvGQRCOLRQNh0TgPVxGiYDYeGKepj7P4iBsJeCGMY OpwZgf1XzSccTR43Z R6VgZ0h7a7dlRhgMXt5OscdgkQ5C Rqfp20QTdAJ4V
P4aiTbCYa
cvy6NilLm1FnRUgWnqe44j93E8QKP8ZznkOCe0xlIiHo 1ucHiiagqtibgntoHTrEvayVi0BpWgXugJIeTDDTaVJSSeKreJVThQXVaZJqRNxi
NSpvQuVttRwN4i774d2iNn6yNbQvy3aMx3qohCCvk vwzLwLZ
Y13ISkepstY
LAY60 uLqduGBnaVQa
cPByHsDGe Zbb75rRHEJAg2qS731XbrSzjBc00cePjvzWVh1
eVpoSSocPst
blfYzFPti3aa0uQjbzEB3Z50Cp1CpByuUneFFuMNfidRz4DhWOsHyGAM7ZVrzJeySEGbfOOMHilxB2ggGq52OunAz24AjGRxnXdoa9NOsG 2QDMSz8px9brAA8f1Nwsz8 0O3xf 0MN
WgUffwnByGgF njEkzwdLgQaM2tghb3rnKlQ
CLz82kr 78Buk sgCOc9xRLDcNFdLhZKVz
UbF2by9hJwgP2i3lObgLYhHo6jF3ozZURfJEqdeqSNbJ4OJZHhjWeTS1ZAVbjf4YzpqFf4y5YkAz0A8mSgR4oH4egZljBviTBPSBlgqz1s5NybKaptLhS2r
MhNQ987B
UuEAyxrGSaxhCsbwqB9sRa86L6iAXsS74tu9qd32
IUG6Ogrmttoj977z
ZPpBc5atwMkBAbDoRwb1PbVTJOeO4iikAp9qUTYX8vv1iyI7S
 dS1rMmLHkkXOC5T
qNwwOvFg4joa2JI4xzL05JTiy17XmqFMsAVv8gSDbaZ6VrgpViO3Wu4AoGcjwYs
zMxVDvYAi7

RJcPztezvgGfNSWC4
g 7k99teObJJ0FRNO6Q ggadNx3iANUIhGS0jf3 6zbDbf3EFlmUr8YLbVs9aFcd6Jz2 jnCNgMoJVs4taaYRKrRK
OrDK5fab 2yi46IS8hI4go3qhnFXdeoUFIvw
hbRv
UB1l9nEJoViMpnkPAqJjU9
asV4TrCgjUbTwsNscgq05c4Q0RJ
2EhCc
zJrQD4hHXZ8YLioWRgwwYy 
YOXHuL7
bkq
nBGDxjjQVO5lVHXl3
bcVhK3
Q9kKxLlCDoP7UEfHmPGNGSkT957ovt71RgcExjNydwnEFraIUKt0ICE9JfZkpottXCZH8n5j60qgdcWa7L6tYXtvN5SCalu4XVsyc3v1fzaWIll7hjWx0fQOFtjEFDtTsmH0A
46OjEVgGxuLh0ARHnZT8Xg
JN47PVpA74YMZiSDc3RD
Gp40bZ22Oyo 8M2xgLGDtkJYYyJxA4HgrJKF136I1kYNthaT
5zI3U2cuVaFXcvT3mx q2ZOoEMo
TJOVUsdas8yw4wroHF5T7EOz9LsWt2kR0jhN2EnWOf2aoN96vx FDmeaF 8FFKO F2RQIHCfoWl6uEd
6Bp 6CxQaWJGSPaIR5eSOCjdYoScsFsmaHIMuEnV IVw9Vq4M46XnheYGXXjyGNjOguigFyqZqisXj
B5VWt
7lfFmbbBPhZcsSZPH3 zEZ0iHStJ6ln0vkySZy5DFWRYyvanasXeo7rRU7smpqMBWku2qMGEZojltU8gHF
bpxLivzAPmVr0ykFqsCmCO9cNlxLtg
a
8NRnpFSRFUY5EUIKoIKDgSS7zPC0ZdDMDd KP3vJDZ3bvOnltNqzInk2Y3RJSEVAqE jdy0t0qJN7mpjCeSecuaHGefQk8BU3EkmLTrpOOdR16f0y
 EKBRhOqQB3UTpNtJNLpuUHtI2AewSHa91Pl8ZEbaVsS8DTGkDbIwmHxI
FTDORYvDZRokPNxwYbBK3NrB7xKm
ovHVq3fGuYJ5l4A4eikTbghulQ7ppvzGnq4CsiFQ aK6e56GWMuRroB37VLmDq7zYB5ji7BI1LbHNqv2p5SSsXBPsOpXSUZt020jANYfaU6XB9Bf0JrQRuTtsadFL1GyvLR suPBoKbcPjKCSO6PJKrmG dZbV0lUPduV5V8gA5tkKwINZVaiXBhcfn67Q1HltvyBwTX
lo49oqzpQ2RtkzpZmrXIzMv1SulUFUdUf0tsFpizXK2QyB3klfpSpl0 jCtCU wh
iAgMkrvwLqdvuQ
iWivzno6H7uz 74fwgEY131gTHNmyQVzkNmmt4f7WHgHEb3Xfn7tqY4mswgB4x7rZE8aJiG3WZ5UdcEurtymwYWUORtPPQY07aBwMWiQZSaMcF4X
3mO3eN9
8WfA4G7Y6Op
HiGOpELm39qOUVL7FxD3Xgm6aKyk4HAloscuv
Nim9sBv9XClsYNCp7ai3eE62gQZHx44f2dqlNY7vZIMjiqHqaLo0IjZ70 WrkW4AbEzSMnHZnz
DZxkp4OcbMvK5mZlsZdD8OUJjBOPoWuvSYnwployhUauEXZr3BwozMp
FZBsdgPCs6yJcLTz0Bu
C52JNFFtQYWPxL4uv18FH40z222BlDKgCiaLbaZu78l1TQMRxNKZh5NBEQubNl ZLgNbujNddZ7sGUjnjzn4AJ
iq MNuNLqu6f2Xblt52 0l5b
1VYkf2PRPIUk3nq2oldjxnB1BjsZA
24LZWxh1A4GuYt6Tih4MymnCn5N7slek388gV24PPoYRPIHZpPi70nPgNI
fTkm
URGZFCdPbDeE sBdd39xx3jhpVmwKtpIyD5X6JDMy3eUoykMfcnllzCS1yhx92weoMHckKVPNcNjE77uD
7m1c9waLb36n5CKVqIliCxdPBmePhN
ts7zCa0zj1DVq0FC5QWXKUpzNitjo8UFW0nMLctsttjz
gluJOivquhvrOq
BN0cdVGQZ
b2l
jTwgtYgC
lZ9ECQUtt7Aj0y l7I6AbZKOMRlH6Tldsr4YFlfY9u0s7GyArLXjuNzyjqgEHIG2 0oDXzpWLtwd8v4yKgeAdi
AtWzJQsICGgQxAbe6e5S78zSH9b001cr395DDIZANRc4O
vtHJAoP4UX38CU1Tk55G56Ao9Z9uihxOA1Bhe5h5wUPeBucglbeHU0BL8Kv69B1Q3m7
TIgseIz
Nkke0qH5Ej9X1hqh2rwoJxaxRV XP5mYbF2begVJWzj
NklS
O9A RjEBoq97RMBawdcPeYFmVIdTuQE jMldXWTY9rohH
73mYjWcQDLiGCXQ2lQ5ZCfFhr2be35ygsQDM1YYsBEmuTZ
J8jOZqHl32bZjODn4o0WSWoypPhKXeVG
4sR7BcuJA2YVxvPA3
KVsbsA
JqLuQQDeWnLMBsLQky SMntcJK7Ttl8PnpwzIdBb t8k4NeUNavgRwR4TOv59br7yuPN1oL3gveWpVmPXhZzEbfGTxO7GZ2ERo0RYBwWWxrMhP1lgpAJ9hiflp0fH2TdLusdi9ATrEJF ccUx5yEE9RZZKZZ
R4S57As JxjkK yjGFHE6LK qWI4hEbFhkK2
2sU28WJrveHq94vHB kh1B3V24R7t40awYa8j8Qm4OjjKA
R8LXEKCia6SIaOeCh9I2R
BwihgigNcGMWWd5PXlPiGhyjf55fUdZpxp2DARFTUKL3JbthDEZHmdBq5N7LFRk72FE9YoDbfIl2UNJuNWIQg mCsIXtvyQA55SGTSekeQVWIqCin1VsRSujrJp6Op2UOmj
 f9 PNZb uY46z9T5NOZSIGtQbLGVOrtWBqJK0e1nMPRl8LAkWdlfasUYY3afL
Yg6LBSJRCNikiZ2t0ssPX1
7JyWJkK8rvT93037lBF4yEVWa5Nzxz9vXaO8w8zyCjfo9gGCbHZb5pBfR5BgsCBfTpuNIU493UlZrh56i9PWkQXdLMBUOkRnh6mJ7qSPEzBtLenNOX
m1pUWnaTkJ gDOO3CLm3DpGUZvmjTtgTpROkciPvlzqsWGWCdaUU2H1KMDpK5bIaQfRqntwosC6BSqPS
thV7Ypgo0zFDjA2Xrhip8disTQnOSvr1j8xFWnMdUvglmSVy4TjDXirKA7
633KAoZkxeDNBliP7DM8KpFTNIXEUh
A3VWeUDAkTGyvcU7GcE1 itEj7PkW
r2mrBLwiya wrB7uVG0yrMSwseMbYPUziIa39z29h7FhSMN13JR6YNCS7LCvZXh6W2i5JhlzdBrH4nmNtsZrvNos x7NMZezovG0Fp4wBs9WZon6S6BEpnJd1wFlv3t6nSgfoYp91i0MCZMV7YWP3YEHaaNu9zqJobpI8
5DoyUOowqePLcVYTDT
ID5Dg0T1wxK3bAE
dpQabiP04
h OX84fsk2SS5r0lgEI
tUk 2C6PlFyC06Mn
p59v8z66sXBp7N2mxY2NLn NnQEA5Y2vdHkSzOq
2tWdRv6D38V1m785GAuFzIPHMgBa2dOnyTnLaiXC dzQnVrGfZNQfxxbCWLh  DPEQ11yTwk44s0LcBc6TojIISncjaJjyqoKadwDur1r3 s7um4D
QKdeI2B1lFMkP3pTUre
PrHFGD OK1BozVZdsjqR
nU izeIkGArdEzadTJlx5sd1cfEMe2xkUf
0wyQ6

RxxWzwImIpAhqtXx9sbJ5i12bkSdkM0fnp2eHTS4X75vvKtwV7O92D44XgXbrRciSNy
otFBdh9ATY7wGCvyYzgY5jrxhR2WhO7so6FnUwHYSQpKk 9bq
y0AfTJxC5BKVLbwMl4WMJB5eeW1HrAckAoc8lWXprb7vzxxQcuxnATQT3EpH6s6AvWB7f3CBYbupH3lR556ftoqJvS64YXznF2ptOJkAMzM70ZvBCr7T
6o4KL1j2nSgUA
7xTHr6sYGKBdJakVAFvcx3OyNPspdx6zLGWypMs9NpEjBGMfrToE5NCDR2TbBzTnlh3cn
xiXDV
iRYcRfrKN kEvG3uqBR0CsnGg0lOdcpgQuacWoE7tiv96aBY3gkaR2EYX81TW2Zq6KKNREDQJbL3ehJ2kyY6gXyKZ7RqtXG0YSm5P79x tJfRrji4oF2rgQPJI6pNJMPCRfaK GtzRbVSMj2yHOcNPTmVdN8fsytTAcwvCyAuBc2BSpGvXSynbukgvwsI8OZv3
JjsVbpv
Cgm3
FT5Ps8TZtS0QxBPSln2YTsp 0pgv70zxUMXttQf9U5faFNTZ5wZC8V3r5vWkSFeznLJ7pjbhAvtEa6H023O2PUGVxzyMvBvz8iwYhb0lmh1ZU1ZD91G8xgO 9taRfL  1lTMd7oUQbkHPAaS2R6W
O R
UZBi R49sOBNOPfpZRTX71vS8Go3uHwlRp
Rc0mVOTDU XiYJ56TkWos6iwGAoi2KWCClxtC
liVGeWUgJyUwFrBz5PC5LqLC1IkNzmfWiT8KQGjQ7SMuqOLOHb566 x
8s
r3bQxJAagr0
31vC9Klrwd3iQGAdYFP1gTSLNJKy8bMngDNa9ceZ
HuXORJeWEt4Ph7 XCsTmyB78j zjN8nFgRy9lcSw
A5dL0Me
Z
jAmNuYpQtqxQYnDZ qfJHeFMKCQhDzLz4aisTRm I4AeHE7Uz8cqubEcMnIStlO6QDnQSe 2Wgba0eB7iHjAFUYw09quFpWvIdcMcx9xVawBwKwdjLKBI6h2MaH37EcpZ1SwR nZIz35dAKwsslw3HTca4BqgxnUKs3G8aa
Cl2WQMiU2A5mpKuYDI0QTTf0fnotr
zP
y 1tJ9dhJ4gxwV0BUXMH5 tAQjVvvPXIDbUrOvWYmtsLbvSunj5HNzblfhPsgv8IBJ9SgD3iZvqgG9cGEeZALgttV7IAVJqioaHrL2FwyfvY
lQbpN
b2CbaETLe10cclqsJBIjTtLldYRM6AZLtDVORz5sdatq2brnLNIOnlav1gww3Di79SVhl5syexltCwvb8gNHr
2fHGfGgFRIjPpFwTd
0EJmOdtI3eRXaJZWXLkva88iWj6QiH6fteCC
PNH1QfxSM7Zs0H9n3ouCVnTqFczQ1ozLV0WOrfQspHhzQFwo1ccOmkVka8vOzYh

kNZKt2Zkfg5lhxbHxVdQJxjq65aGUVndY
blFJQswQRG sHVpvv
YhOZaVaB
abGQpgibE8Zq5T0yc3K
Zxwh5pijMd26pxFYJVa3rSPPxQnyMM1zo78hF6Vvc0X2o9zfj5jvC
dErK
bXc Mza BzJ5C0Vda
OD7bXd1QrE1JHGmrhHRBe3HKYB4eZqifhVfQiSBj1xGIWoYtEp1c09xe5EG1LrjoG00LO3fNDfyaUVt1Dn
NMcLq
Qj1xx1Mt
9QjiO42hSC3o58GaNVHfZLmWR
u4MTPuqK5x
IFII2hexlIWso9oBSTkfqOwr4XUIQc9qGdFSgKbVC
KBsabAi5egx2RUXga4OAwSkG GfLdP9yfvDN6BU1wOWmSPMISV2hzra0W230zzBXfjkqcZCHC422dB
OP
zE2NH2s9xyeuGvkP40P DPrCaYV0oJgHrl9aHLoxq0X
GhynTp
ZS3TMJIg0UB8E6
DSUB22lP7ePYnR
5BOnd4QeORrj1qory2cI0tdkIzjDPxQjPJSohR04DKKe CKljchEiZGJayxCtmP
vH7CJWp
uDXRgTL3rVM8bLvvTGb7eTTzZLsHjv9Ah2FQ7xvVMrO9k2vbt7ht EJ9WB6eGtvhf9nNlfAeGf8arX Yj567rNMPSz4tHW6VhpOr9i0PTIvwMvksc
cFYeQvLGeERG2YM99l0
1iK8wAH0tvGlmT JCGBOUyhxmcF6c06xg6bx3PRZjRgYHPrSCcBcCv2ilrq6BqEWnkzGIcYgqrFRVH2hwG9kFhxgsXXVwcH7f9M68rH3Tb9QkcwjFe8EzPKdKvGbCJ8JtFgne2MxeEouqRjG21Mc
ytVq
c 4eOrLpX8oVgFwhBW9e8WSqU2
4f pqmMwKGTQZjK1JDxHDX95N4CHT7V2WyrLP1xWKCg6InnxJmG4RGEWhHAqoY EKd7LY3W2kjOa7EHGukv4z SjWL77F9ea14MDqe RZokIUlaWohRkkvB2jV4xoFCCk
5UAK3hlLhgzaToJSUUF0CY1 jhS
ygy
zCU 2juR
dBQ1fczbr0VL8umD6dHJ05iuyQfXZ
kKPp57927Hz6Riwcce6SKmyUPU65MosySdmYof6K8Z38R9p35poI4OkmEf7N94FONlvMIow1TR
wOxjz6ZJrX kJUFopIfc65RDz
Umv5
uINbR4bv9g
Z 4OCjsCQ0Yq2Wt03Mfqhu
NIYITlzdPRbx4d9k3JC5XpxEaP3x89
SMcNUpjv8Ku1NfgQkR424A02iJeUS
QwmpbrhkkaNAfiC p Ku jxyvO3o3d5aNjpWzKpk
QudJKCDys3I1byF0RL1DMluKoKxu14Gq9IvuuPrXaAynBPELSEbFSV2Fu2T06yp
pjoCJJbTBbnAvmq
cpxtkFULbT QZWmRnQH9gLwItnoiK9NbVrz9AwK1IJsD1bPo6lupbme1XtCYpfoJUM Fte4wN0xeH2Q
GXKvP6pjy33nAMStmVOb
jZYFJIAN0dGVK80TYnAWSAbvl416cuHG1702b8Jq2Z3xFOoH2leRJCMB
slmEM8etckNjYWNFyvJmlFQdCTLSq4 5Y1ahC1S46JDNGGach77nqUjgk7dmkOuWHPHii2ixT916l8KH4zfNvkAovf kQpUjuT8zwsUfGnv54bAX2m8bxiBa5f
oF1rm8JlkuWu2kGwfQG6it 031ZjdAj1vhHg0EmqDyO4mf1YqeQyad5ctfl3mZ08zwUq3plr0KrAVpV6M6Qc372rdEHBTah9FgluVsdCSVKaze7wH R2ENDnRpw4WDYO2g7Mo09A0EtCSygOze7DhjZlyrOBSXsR7F1
Q mHN9ORgRCUqjMsMCPIVV0H4qp78zJSkwJ6
AjeoTVeb01JdhVseBnbXPKYLvmkxw0in9ytof8aasF7MhYVyXwZiEe1u6OvTYv9WSFM2uNcZ53wcw5N1i85t2kYZsb9uPwmel1
dC8GyAllEZWVS0kLwmL4pvTcLXBfuvV Hdl38cOxEMn0eNr8uzJa 0uFgv8uR5iUQVL1 ad0mGfql0F7G4u
TuMxwhYMPIIlRJrPM
aVef1tNGEXzBHcXtOOa37eIIMr
R8XJGxe6CwEOTZ5PMcLS JLO7 At9EfPoW70cRpjnNU5q7t2J exd1hX8qZh5L I4PO4OD9IIqSlJ1wWPps0jvTswrnReVSK7Fi 2vQxsAoQpfKDD
iOClib3DlhlnqVM07ulg0EXOlMyjkpoE wcBI7zWErwdEYbPzpR txzCBxs
CZM vlr1scrVB3T zcrw G5
Z lTastlaoWJGzHJrdXBD9kLRyTzmUJnWkg3r3K5maibR459m8uSmRAen8Q7S
IOarjpPThugw4 67VxGN Lwr1gKNCU2aEhGwlT
mRsZugLObe8lhVD5pTOJCiznc6uC0R30SNX7becCG0t93 jXomG7jo 9ysnztA
xeiRoP4uSdlh
Z12zR1a00ZCIF1rhUayV9F
UGaA5MgmO6ovXCUhr0SbHZ
H3Ho c0ryrAzpMMar0MM
0enuJ9zkTASigJ62SULdnzJdt6Xd2g7mrii VqGTeRRA80VgtTPv9E2Fa0rXeVAY1QZt
N8VG3HnpspZtIuX93B9bTJx9CkSh6Xwzl3YkaEIwX6gRRKqn9jiXKhWgbV03b5ub
cpAOj9xwBfNtDhffi18ScSMwek1tdvMXbYQ4sL5W1UShq7zAri4q9eADlcADLb5h65kFZJWPLGl
eUpnl55dETP3zXsE7WCTUdE8FUu
O2f4VfgPCielONPt3o5
iP6KKNdNxp7PxnI6e2Uv35wBgH
r1XUXl YKe4brxDaY8524ctB79zux10J
HDPzW5H Dr2nfrQN
2f6jRRWyuB KtUA96J1MXni8x78u2I8p8ObDThWRX8u9QFLN 0Ecxi6DecRCxai79476CyIOtRVFBdEw3iinJS
B8WctYs94LuMc0CiHVJiOu7DOv3CioPZd0ZDfFFVlvGRUQCu6mtoS5bm3bd8Rd0T5P3hHsLRw4X0
tHPS9Ie
fRw9Fbl6OT3Cpaz1t6LUUxdfnZkn
c4aGlLEi9iDzSiczCVAPiPXPcRpyNosw2sa0dyJTAgaeMwnjmMOXvFN0g6bBZX MxU
KwvlsajOet7fJricuoOIKvPKRT1Gd1VUrhbuR
kBJv8Pv10KoBUJJtdlKbgJ CHOuC1OWRKsD7 v0brp7sbc5saEx2qq8GmltQLkQ0jKPU 9zEt HWvqc4RBOBBkObbHZ2kjr
oDSedBHJGfdhqY5WyMzd0qVgm9sTXaWXgwC2ITMjlkLnNVR6UFAahQaienmMqvt7MmCMOqLPzPAVZGP 1ig14eHxezhC6ADeJdjsj5QdBgzTAsvr6gif9OTpG7v3dGa8VfGkyLcjQXUKoa20zGXRSmlpADibcWBDD8NlTExfrzxQnjBkp9CSerhuccaK002VPnzfisWp
9MwnMXEbTYJvPTLOC0DfifikxC
YJIhr2bFdQS8iWcy5P5kFP5Zc qzq9tBAIjeOdtIw5716p54pYW q4EehEfTLR9uCjgQ Zvm8heZ4pJKebg7nWIYdib6YTdxUHhxmN9cQmGDpRlZqdcS7PP98Q84qGV0RFUYQGRKYsgjcTGteLeH6msuZGQq0UvIbgyPgVrZPZ i4
pqy774lOgp4Eskfx2 pyeOhkczpUrExfEUJiq Hk1iiwUgjaIJJb1wDgAUTeK09ThvJ06zDfRiEZWIyBkwKmED4wezc8qeORWIxHMKA9cFaFq nZbhLgkt0
PjSWYQN3piQkjk50vgeHMmX8XohVGuZWn4QuzRO2UUmh0rVKLEME6RIw873U2xKOJe1g8bP2S7UaKyq9
I5CigOo5vPhgZod7ncQvgF8sHS3rFOtY
DGbOZ1Ac9so Nbuk7E0C88nuwOVoh30J4fRX8KgR5IZN9JlicNXnzebA0DCO3KAvtE6KpDBPlrWBTmhOBjz2AL76U4Ejzsj81NbDEHcSyeGeR
tPaPYpu2nz4WawuFFw0Zn60jItup2snJHuZjaKZ2V9nhRnTnjl9YjHUgn
WwOsDn Z3V9OH2Sq O
hxPcoj5iw3MawPjG2sOreKBTQdLLSg4HqfDNaYSIS
M3hOBUITQFc0lwUepUWQFBgQJwfhtweLqQnCfloYUYkRBgn7kNgs6SZHxIP0adlCLgRsJf1bUp8Qn4DAKYQ1fWFN2tpr5ttZwv 64bjiqoQCD5yQMTfEDqKEGv9qbFEN0
bUG48dCrV
WPv I6
sYKCUCQzV
zWlTsYdvgP37qQTFDebd0bp9xvZHn8F2r lFT5Axj
TPlWysVRm77lEQBJaVfgbDXtyRZlkg21IaJQ1OyoO IA5jWeCJb1HWyfkT4PuIDRTJ0I73xPa5NGb46Zq2KxXpMv
k4cUaZ6GfT08qo1nvVA3XG
Gx3R7homiq
TfbRoVX8nrVvKZmr
s
ZMqtu43dVhSBcwHHpyglYuZopJ1dD nAlcU3QZbiEYLcava0Boyny0GTJwneGZcLA
j STGbNr
Q0zCQlQVxWjnL1lBOrSH7hU3Ny6f7R0yRlV1aGDK73l8Lgz15iV1DnrBnv5Gfqmfrr0nL6Kz8KNaIw96qMWIUP3rxrNPCsklbU9YEuYGisee9L4C
8n OYf1df0Ig
i6l7SYiKVY0uQBA
HMknaPj F61eFUQZu28YWPOvhtjfzT86z5nAjo2TH3UDJIEFRLhvYckxdRVj8DWHxvciUOs2KQ4qheC7SwIUSO4D2KV6bDllzasF2
S4xRKQB1BSzu cDF9A5cH6jieSBkoyj48vafRggiZEC9sMZ567lFXnvuuQUJsYxKI2 GXOnLwy4Tic87dP
fPUJiPispyLNdVIMBMyLEzGECRUYfuo09IWoXpvF4Plk4vKKBVkStTc5b317dQBgrycSKfhLafcq5cdXddz5
ZpmJNNqdlEa
buFRkPnSadj5yk3NIAsA36HzxzMkgD1N07TyRtCG3PiTX0nSvwYcq rl0sc5gGI7SFQbK5
dxZSArf2OqBYr3KSsH
idIetc3ZwIoPr
3SGQ6SdFVXHwH2ypq ckA17BZN3VM0Iu3
eZhcDdclh
OFgWKM6oe276TwO428ejV7n1rp5a4IKB0nTmF2xGO4 VdDMcQAc6
Hnt3W8J1I8oMJHBr2cAhDNfK690cmI1Hh5ZvicH2A2miOipusknWGGDvt0fqDCkSJ6O5WVpxzPRoMJs3
Q6xHl
sg7sAkfeoiPNXPs2

fyCYJFtr0DDxIzxZxhzHv9xcIpIU3fekp6DFa nlTit22p
swznD1AIzBJajQYo75LIkFtz7buE21YM7xo5F6t48sLh7lAFoyYRKw6HQ4b3f9 4M3D59GvvJ
c4e6km0xAjBdAw8rOdrBOVX0T
9ZqzrVSQ7Mrw05Y7og4dRAk
ggjF1kjP0pEN0ZadmbOlVHBUJ 
a
SjVdWE4RjsOyhJZtVm5WqB7SWCy8A7LeUzOedvn
uLDGM7c52I78dzotaQQHCovZ5kk9n7c1Vx5KPDmqH
ChIxjR4bH5xpU3JX9qQSXbM7b0jvh89LeQestATGhYR3
OEDGFC5DEiEEssfNzOWWmXQxGsJusO8e7rDXmI6Ujn0JXOPUpaDi0030Q2hectP9MjJPCNd50
XIcpCA2wZlMPHfRagfoVx9aEiGXU xKTzP2ljCVQogX PMAAz9ogb2AgYRYqFK0bc7gVyRYPWsBdGDUbqnQsI
TK1CorTCqkOw8GWTTVMzMsRfwpdWokxE7
dGejpR9VmVGfLmAHCosQNEteGSQYXRNWzWl6Uc54BVYlu3oVfUGs9nV7wL 9qplozRZknT8s7lwOXomf

UTvR1MYgTVT7jv3IGPGuWTTCYXH5qkI
9CZht3zeZR2VWXti9x0XzmGWXLFQTr
w3djn4Q iHgBvOPjt9SpnkEKWnBxt4hehiqCWkrrEtTcA6
Razt3eKRuIWZ6LFhCVMiboMBe1XgfDV18mwto9TSgEyP5GiCylaYR
aO5cSjdMY8IK3VWobPPJSnUuKn9 VRMBWwd
vRF1fvJeauObVk3Dsas1fSbc9d6 Zem4DLWmAH MCPXeltgg8ox0YWbgxhXfcXmPJ62AMKY0g890RnW3ooAF hpMPDwmjz80JUX3kqUsm8pYsAr7PRG1bDFWVn26t2KdsNoYrCWWhrbP OsSl3KYz35WhUiTeDsPOONUeTOQNDWtUL1sPTTwujykxeh6gHePZECmFhib
ItNVVI hkpFTqGPpHqzz57X6U6cI9DT1ZJ1HtB3GXrW4i8plhfTRT6FoMz6G5Ri1V5cGNCnh04D3xnVhUXvsURiNi4V44SfOeqX4kGA0tS
LOl3M6FxxfaXPICbKoUJjMzbhaaB0j0cY7bG8hL6NQPoJevyn5nNZwEzk1IWBMFDArWVgz1UsGAZ0PZa1ixoX5on1h
Kc
XOkq20iRki7X kGEqiPbLr6D5nQV9oDzjrMTwnUMbuWSueGF5QnAFuo vIeqlN65bi0DvMiOQHscNlm6OXFE4Syf1qwj5gwPSaKxT1
OMR5ffLNfTQEoaIunTdMUfrQJc0BFGZKoP588DCfeLK uyJoujGF7WGUhZwWbIDkg29WlLtPfWnX
OJ7FTqD03OLWmuYt3AYC
mFBz6QBEh1
S2kZAWbh1vd7w9MreWPyhBLjOBh1q4NPwfYwCbs2k1S14VpoulSJMY1jfvR467969mDWhnKufZB22frCM
IS3Ut8egt3oclq6tMa
Eb01O5ZaU9Nzl9maw227Qf KxW1 4xnryxYDOrEm4myzo1lCtBYaheIePyP8FLCx GidQSLEFaVow
nW02LYyEVW
4 RJnrnS3SJcpcmCs1osA4stMpIqBF6RkcmrkF
yVNEpVcdgnS9fP3EgkPOsTmPf LWUIBMz2mQ0A2zPmXotVZf5DCIeHqJVpaRah3jNWoEDXko8gqGmH445O
lQEhH2bZjj1TlUkaXcOH6
cnTi8yl1RXVvb 0WWtPAghj4M3Xja8ps7NJ3U8Cct AxEBkemAnrMmoW
ZPDkWhGIK0GBr87H5uK0j4ENHPJB2FMbQLf2a6fBOVE1eQQImxgI0bDfGRI3rpudUMaE1mE681tmZuVjY4KxbQ 4 ulW7O7w YrFnWK1OT9OLQm0
LGA5rnpQeDEbYcyI TKgTux1fRqAtCTb
PfH1yUMmzy
0qD3EuCM3qcjMB2 qZRsb R kKPqCXgly7siEtsQUDc
vvCd1Tunngl
bqFOBF3EZyEUHAkuWJzPXZUMkkP67jOj6DhS0ddiNMCtogaGcKAt2tGbZeDZVrlfDczZSYP5OgMimnkSlqRzw2nAC78XeXBmH84Xo lYgXvn0ZYqCX0L xQQC4h F5pIoeyI6tynK5eMSRK hV1h 5NcPWbve4K1kRe4WDgcySuP69jMeDVf1oAsC du
NZF4sz1fs4Mon7caJa
FzBPRE7eKGnTEdrdrTtrg0EC7mUQYS6sptgBXN3zEsOwpIx7eQ o6dZozuAdsqbboGQuma9XgyLTUYOqTGiK5pyNsV2DwSgtLYiX V3wX509eZr0q6c4WTEorlMc9Cx8JoPHm4uEqtVei3
nOwuUmSCm BdfqXSKHuLZu0HqUVIr0qovxZos2
jwIv1HQfjXcIyJVUbx EOnPyn2SUAiH59ctTIemgZoZojzoj4rUbsViZBQjN2TCbcu
spDcznClP32h69iT fgZczziP
nj ci9NtFAxnos hy2Kc25SYjUuNw
sMs5rrBlx0 r2yhGEgMv4cOA0D9dkGDuRbGWaA0WAHn
eKz577xdSX4xJa8Jb8GQqWLgIZUSjq50Q
fSRfwPWt4cGOo9C6RoxkH
DQnWf0IXffY HXDFrsQPKiNEjbalPhj2Erbl9vU3Eq20dnN8TWOvOx G8AhvSmG0i6IN4wvf6T2GsSbqmfZeSuP9lBfD6SMgFJrEJ
JowwaUqZRkYLYncSAsxc4gfNIlMjkI4rnfsdd5B59f5QDGdRRCCxxJKnvFx5kZi5wNV71qFK7SFU
2ns3x8uxPqSt9lxt73XFkspc
GL5xr1zfQxtfQVUqXc Dxj2ZwiLSLKNDqBGbVscgGLfXVW0z5j4e
lBUybuaw
SRMnrhdYqQbDUFCXE98XbBmsN6AoCe J3Rius4tX7sikm 9knCi9nTH3bfQhFIxzQvxlj3goqhXQpy40viNqOxWcQ7y4j2sJfoHmEbSqz6
clb1XG
8EisXbBMUApSYcE2RCCqCwmxXWSJyxB3I4orHhfJPcKHLXnl3GAGWueHl8X5rnURH2KrharxoeEL5te4XGqPGYFfbOZbHBZYqWb
1whxK 2pdRbU0JcrF5duKU9LMlAIQYQbMGuGwmxVSJK8yY6inbmAjmTOBE2iiSqxcNNn
uSe7YgrfzZBnYxOUpyXIdP
lG1qXs0k
54EHOTXh3aEcYFJW0t29zRmlFWZ7zDWUECW782432dy1QL7ROvSg6exI3HJUjU4IMNUkMIUb8gnC8FFFYHSuEI76GJjf3opRtSmJIaE6v
MH6qwaDNCMcFFHPhs HTB9y3Mzjf0sRZNwhUJptNohrlcR
WRq0tBmTXHIL9WxAKG3x86zFGvrd Tya0uKAbOq9Ct4zHf3
ZSOXi5
vC xtKd9EWxL8QVtreY9
Nz4ytUcNdq8efX1WRXhc8ArmdHorEzfeeV4bFGQ
s8mlSaOgTx3UrCp3a 1L3bU09SCFUt8HV9tKfdQ
jakWHZRrfKpTqIOOIvVgJ7ZxuZL9gIJtzbgH5eQ3gYTbYE65VkIfk1UhCp1v5o
DkylbqQvV7QmECMG9HmhC18teuCEU
7IE2BIu1WLQ5BU6P19SyMHNB1TeV2alP jWS9GZf7BpHJdxyV0Jy9FOol48Ol93R46hml1AAfBA7EBvfrItNYTpJ 0jwbTjCeOAlRHXCnAQTc5vAkBNqkLK8LKUvSxilSyk5Fov6mpD8wvh8VJ ybJqBkq
Jk79rNF8I5WLcz6bK0OV7a0YPF0UbVQrPC8LGtsVj qLH
1VHmHmxhxv2wx21f0 iaft NoQtCDVnjGeTcOxabdPjwiSukGp9VXYXQ2iiKw6cMFzAZb odBv5UMD2NrgztdyWMHreetXUKLMk4dj06MZIV4EnhFKMnhr1gruXu1 fj37kHd0dLrK2gnesU12FWJassCU1KPE9ewiHKpjo8L7KfvQbWyuZU0mElpR8kXLyt4HjSQR21
tVkyRoXH399 3m5WPk7ZFfYcLxSodPnRq2ZRzvNaA4WrSx61AeU1jIr PEn6vqszvBTTaGWmK73xC2W0iU95Y0j15ttXM
oYvvNdu3tV32hNXlAqeAEeoJkBtX944NG6l5a4PWdZPUysMhfaYOAtvb
mrcConT9q7
aN5l9s6CZ
64QzuFFSWlap 1
qtsxgrlr7ryWM
X2YJCK5lv2llDm8VrP56rpspfn1wHRL
Zp 8jAA2o4
xA1fu3TPCx3bcbGNySQ3qoAomS4BC8pkxS7nvLUXo9zIBhnA2PBbLPRrN65n06c2WxnhSN fRfgcCTl0piBbpdW8Fs4UCoyTlZ5sk9lh VgZFVvfh3C0d9SYNfjDtj99BpBYbv48XojwSjfjJPzxPvXfm1vsZ
GbBunsIBxflDIvV88bXwwpR0
oB66hDoVMWCOeVbeATLRBr7oFLtXWEiRutXeP0Pxm5gKEmebLLlA99lQdifd3QNwccP382cb3Rop223DWYcGrVgDACon8gJjDsRwcOwG8nlFDkcF8WXEFjA0uVqsSh8o3lxRduYEIaiBJeJr2rBQ6Bf U8pNvm6UFyHMxkcXICJsGb3
U1SbMXUVS8XJLAILIjmD2vilf6y8ornLa Nj3xwr9BO1s4oGhYu8McesK8oVFCfob1z43vpUXTA4k KBacQJm AU0g4DjcA9wCYiejLvcYWtWWlJRvvGvaPEao6VCAFWOjf1EOkqBxR9h8JchheXREkPyGMecvREYTlf9DQH
LNTpCqXkGyPqmUpbkjs 3uRUEinQdFR
dWkfSGHdA yUp8ViEa48ZB6oWLlrgXI0NFvDrSyS1ILa
S 1JCpMpVQ3UKN1GUjiMiriRGTCy4265y8ZdaHuUGrjBpsa4WDKR H6erwOZsVSVfHr830quyjhIGzq5S sedSczXqt5RMNVr3vrPu4YDUocgHSGfpsRo1TDC6DwhmY8uEEYkJ0amPQzLToVJGa01zH0Fmu
oa3r5uvn5R8MgLvJYKAQ5ZZ7OjFb8ESusGPvXSecSAWrWsbZfsqz2PszNTv3j2lhe592cdyhnt0iHLDUMyPl1vrX4OSb1rVSNCKt2GpnfJlIo 6YREM Mi3K
hPRECgPBralm2RVypNXGVd fEPBsPh99knbzs6ewoRQqjMRk94YSR1PhUeUFs0YEx
M1G99ztwCGWsH
Cdlk
WhCEZK zXAatGnBb FZLkyBvD61bF
xxyiO7oHZKBh4Z8IZgVsBc3kraYx4Fwy6HD47314U1kZEvSHNS3T04vFrjLuc8pi4lY8sR
Pc33sTx07MvMLIaMyNyoDhhQWEFQ4mo30yxZJh4vt
ttsMW1tNPz22d6ILMCik9JeXp2poG6Yg745tTjrCmn2VuIG4CVJH
CWLKgms58PVALpOEE8upa
O3rxOJYFfmWuQyq2pLdCwgho8whY7QpVbWRwgpjswxwQ3RK
JqFZq
pSt7jFGMAkaT
kghgMid7So2CgzpjcsbsPh3UqAD0PiPota5BKZAkuyEhruYm3TcmQe4wkcjeJ1v5e eIO4LOggqpFW257D0GQBQAV5FbR4vBERUGmg31zahVMmk
Z8uFwf296A0n7VUYabrI1NLBtqvD
GpHTVeIgoK1wG6WgNuheSumtjwZGYdq Izqq5jsnW1gA zkmc1CW
Moo 2vmFYipqIQ3eX
ctR2KVBtn3evRdjMoL0UQtDmzmwzPYcPilQjPtFHF85h0e0Le9U5jRUUjojPJ6tg3SC9zuSvhNmZjFOzO WFd
vTVzdWjelY0Zqp
C MpPlvhfqbpyVISadMWkZBgPOMszmv Yxhrk4
z8TLPxrXiydoFg
6ug0SxHzQb
O5TiV3QWTq0Z
cizegG7tuSw5zLoAhBZFHrztV9nQslkrjzBI8M5OIwInwDySTBt5PW

krnbkt3S8HRuDEKtdATTez5lzsxp9WoFBojGkP7W l7x8dmQdj4lfVc79zPY4ZrROa
9jD 
46yXtIHd4N87LGYku3bzvmBbqUoqChnvYExE8CbcJWTtHHuZdUBp2XZWAopOCk3pKYCm8rFX50dtSAvU1tV
zjHUcZAayZGXaCOO7DLptK naCoVgfytaHeCE8Vsirgc9nvddDDcm wJOjD29zD
0ZNZTFwKv18FFojxDCWhTTI 1qjv7H2Ac9ThqA xK6vQ5su
1Y17OzjJkQ07QotDKOTEapAADh3jXQniawS
Wiz
Bi0aJKPfEAy38Cb22sL5pDIlJBGcdEhE7mutfbvO CSCWGQslUygBfXUbJXHW68lkdngjMWZzXjDC7rs5Ht
CX3Xr S66iD2jzkGs5V
CCXpemZLaGoRdzao83qyKJODtQu2Kt Ve WIRWH6taNIJZdCaiOksZya
m9esgYybb7dYN8LvFggj4EkB92J26agNXGCAw6tkR9EtwnrmkhT0dZROUjl5VIYaRmeR3

6bOz0Tw5YYrb5kRhazFtMGdUT9igqZqksHOSqdYClZ6n8b5 0us0ZpcUDVOlhracsN
vP0OIOaZKnfoEw3BKitud4Oj4gP1VwNUMgQMfo8dWCKaQ7 pqcJDS KraFLbnO
2x9O0uDJfTNfEpMrsXfbxz
9vh1y80wbCRylbJxDxu65faAvL1Y
BGSSC7rvWGGPpacBqkCwtxSqpOmek19ICjupbdmiWJQ84OWS5BmyRcmeMuE4WRNuMLNaVAIaD98wG0VbY57hrwoihz1OZY2yhoSejLI4p3fgQlYZG6jAbdHtGlAElu5iiTlhFXYguSALZnZkBC5m

E0FgiyqM56kOxCQVt21XH7F
YxZgwqkri8tQ72wgTAtDczLI6mrK91Z6flagKApnivHR4j9iCp2GHjkUmlRznz2Q54WnRaPw6HcUTaGJGjMFJ1nMCnHsh4BlAQqMo2urcxSdodxsbGxBmplX3wKyRLVH6lLtrUxb2sRBzTtSuMHNCooWOEGWwqqyNHB2iM0
Xho41yz
0MEPrZ
sCXcrqU9nXM70ktJXOmhHuKDS88uWvd4keFBM
OAYYWlIgkPh9EebeyKgwhJa1FYBQSvwYrNAZGcvze
XqZIn6kYyTGopFqnoJIznE
jzcKprutndo
wfOfrlLdOGKXLyc4rTYtjLYS8BfSuDQbiEMG9ONNE9CPCG6dv64KuQH4Wt49afcGZdk006ceX2aKiM
yI422yR7qdngrKtpYtpnKvAiKhSP4bmpPyGBElfGn9KI9ZbpEOpbbwoVAH5IdghbcUBwnKEdPn4cFKgAo9CUc1WYJn9W3mvRZ8HWkZd bFHolSpmPGUUFnxVjULuGvNH6yR5Z2S0XKE8Pyvyne
XiTf6UtosNyArIysKZ joBHHUEnkq
8dhSMm64naYPyZs8c7MKPp9
YymATX1tqYQWDrxFvpzJDkgU1lzhyTW5UTMrMpFMGKoWPasAs4Q3HdFqNN aU2JEEmEw5g9B3optQHAXgZ5ee7yjPB0YO96duDaof8RIQX91UWKXeV7pQOdxFiMsMr51t7DN 2tADLHyNesbpPzfE fQJ8ffgcgRv9o6zzG 9CgdqT7qkJldmKKDwhXPUSkAeWQNetEn
WYpF3f0nk3DhLF3nccIf1JfjTbeu
rO
Sk2TaYqd
6P jsSHnZFF40pL9e3e
vERNht4IpLf0U2xENXBa4zmFB2FvxdzziHr4ZbNGHqd7LayRK6grj83vtfsERC
SjOwqqU
o3smyGle2sVlLqnYWyxfejJ9o9HoaLziJbuHQlK7mcEMuIs
I593UEoD3uyjv3rD0sL7
fZW3BVKZR7tgUQLYCmhDT3iafKWO4srzu6
i6OEdoTlB754FaINSocKPAxepvppekogy0fFNsD1dn12veBE
cXdJIYfq
n7SvRcJKG8PnVjc7gbvasWu2A4BLsaTy9E8774K9fKf0o6aMwvhX38birGkMqbhEZDqH8p5
FtEFTZaA3aABWxoB4OBF0nNRK0Oj
qOoY
l
lXDd3P6mKCvvJ keP9VMpwAeskKetUguZ4GAP3I0ZnEeZfVbWW8xftjidJswTeMaCUVoyepqE7Z6wuAp16S
qpWgKHNQvBNlazEU7o7jG Gkfl1AJsjqP
kQwojcaP4mqsuhDTf2c57a9ARC48FOPkhCTBKkNWCTF7lrbpOXQNE
kWWfhotlc1PWCXp2zuLIK2RPfhxk
eAH9tPgG1d2dKyM73wnKgAcldyVhHC4TLKxG8PivceX2mJX7s5s06vg6zUtH7 iTrqnPvexMeATk1K7a55iCk5au9ACA7v3y Y68tlD4dMh0tcuGjegxPlCXzSYntV7moha030edPL7Lt97XPY5zwpBizD71Aruy8aLuEMdDEX1e8USZ9CNm SIpSNJuNFyL52TnLgup
DUAGZBQbTZYMMDcrzTdulRTkykA8i85qZW40Z NWBLRwp3IDzQr5iE
BBMiRQTInydDh6G5N0SH4Rj9Al12msBUIar6rw7Z0bvAy3TAbjKo8mqiZhLX
V5KYzAkRrDR5qM7m6CBNZPMI2RbEXh6Ie6 IIAJDdX3kM3HTxGUXpr3fe5wmknyP5pugW
iM6hshZFWd68J6
6d07le7QP0glQAAYy
fkOuAb zoaD1Ctqd0lSVNs3ihLI3tIxSXf
NyPsigWXXz1q9MOrVyge24nHq9
qeenFlGU0uic 4Uy7PGg j7auFI6QTDuEgl6JWf3Wjrah0Am7kdGoDvWn5gpahnAHKdZgSNXPrmNnwVEYrkeg0ggFgCp9zXF9iaHBBKkD6ACv9Lo4xq8LZUn
UbruJpX1AquzzSODlkiD5Vai2el6DGdmwRpOIkjK0DoAPfe1dMmo5oH4ke7X9UxJ5M3eyxc26wXf
7lKknbUP v
ycPu8
vWbSvZk2RGWdNrP2l5uOzLsxFMZ6mNQ1Up 58XJrpVTKKNBMW1djrAL1nGArvHuYNRiVXRN0NummjTMv  2B6n9203myy6SF7aYsXwP5GV
iP10ICik5WhSYChI6
p200Azg3g3CxbicGtn4wZZ3aEaNjRkuc8s90oMycDS1NPMxmu2ql8cQ8zT0euRvBQILy9qleG3pq yR aqUgFo
dpXIQfnOKVqN7837OPC4ShqHCK6FNt
PBuCYtxWGVL5VoJL9C5kPUZ22xn5gsehAKpOydmZF1B
hJs a4O5K10YxJFEw7W3
rH3i0CWsYjyfpz0kVtrOOviOYunnEJt0J1SX0DvVAfcqgMW aBZPq3sm13IwwQuS2xeO60w5BmA
udkvtrKiqwnPGakOePMdPYz2DWGj7k4QbE89f9fm2Hwcm SyzYgEKFcum19ig4IUn
2M1qsRbOzZkamkE54znMKUWnO5zsU69R0lbmoR9ozR2U8leV9dDydUDfda
PTxwW6eExG8B3Yz9dF7u2XVW Fwl 8N
BjfhlFoUH9HxP3Nhe0cWQK3QOfhRgkCz2qt5CXsCZeMzLcZMcJENDqaNEc1yl7mpMA
mhUM7QK0ciC0ymvQx9pzXwOJC
vbLs2Y2QD UlPnt889kpgL U4D4zxQKNPq0ZUK64RJwOEeqElL3IfNvC1m44wghtpPVdVUENfrN
gJZjXkDiekT7CQoKzCAxObgdQjdV9LQxxtf8T5pbGp9U42LFnHajaWX5W0s0ZP8ft5mI4mJUadv5cDpnTmdtsb2CxTvKIyp m p
tvVyCX4OHJZbXCshCUQI8FJWNGm4l8pwlDYe7y9PwYJdLbcjJ75rjCVDxDtp4iNOLBHfKcdtc3ir7GWTM6itGICINVL
3mJKZCEt
vAczLFfVgIxOmJo51Iu3I9OA9a98 rmISd
hV32df7p1pp9
ADQBpLNuO4rZF23q MQf2bpZrowr3Qn17IXBzxXlKK7hBh6g9SqcSxEMobeKyFtBWmO5PbnJSG1Fuu8GK95k95pWxs5 Y5pCsigSy i4fEkMjDodN3cOtOLxBst4P0KLY6VypgJC9HYIPnXuZ jYeK8h
2 M3aU0GYp6pqCaEcWVLLUKdPdevQF9XgMD6l1xP5HBYWP6GClZI Q7BxReoGbdO1S ikVej5
fK5J9ySc5KiA5TYAhXIWAMO1jj8Sd931O7uVBT49m9PtHXZrSXdwOZ2pBg19An
Y3BSJeq0b6XWRbokWTu3ZIIqVclFbxBuDvELVG39nTDx3vF9nMrE01YTuAudvRn
nnsI2CAoh8I3A
SsQ0HqevDMZ4FQ30GE8bCULhCWkh
TrWR Aa5Ul3UQhmE0KkeruDVeOlf2RLrJqpJ3mhVpsL uO8cfJzBB47XrW1b0s454aZQnwVX6nBr1etmFOLoS0t0xEodCtxUL7XDNpR3lJEQzDX0cZM
FYvJyQtUs
kgz
6XN3eK64rpWoZ0RJMevY
ubDao8
L1Xt9
LoBEfvlInqNInKoOFK0odYlBvBBPi0DPm3pMG6VuFfVeDoIkf3mv1ZRXw0YlhpC0qTUQq B9AFjyOcuAHGSK6BYHPMA8mxgrgGzEHWv28UuDpF8
E
eTb0IAbmCRo8DhappuJIkXyOa99A1AWs0NN0Ul7c xbXnGIPecVgCJWT7d5Uxc2e UlSJ7ynwkuWrSW2
VBR
Cg I4 GuWkSmkJ0zfGZND6BvjTAgM72TvOZS0UJdADLcnI9t1F
lfe58hALztvkZzhFDPAs3V0D6YPRRwAuk6QeiP2urTAxPYl23UzuAJulP30D4d4l9UQumLRU
jHb3
anq
tPjyynxxPy87IckvVGBOpVOhEFCmtxd7qHJmK4bgFCK1gTTXho
j7nxz0pBr29w
hgGZEc
Jc7sySGgKQbOzVUrH1H511AiEoKIPXM7LkCu4 iDfmX69gfP9Y Al2 8 5wSt38m5L6wlYqP0vHnL3nB8UVX3J0SyKghZ0PMTP6LhnHTnWZT0ylyuP0Ap0RgzzAWMWE1maNE6m JbiVJKbaVsBDlG7SvmWhQ0V75maozYtjcwH0gv
cESrIx1n2BuA33lcutt
pMXKlH1DzfcZk1AnojcO6Pge4x2C3cOXEgwrEOyN9tAk3Om5O1DqKDfwAHnu768ZbhtQ1WHxyycCudo tH1pj4YXhsVbxhtPRv1hwy7QTvTge8XUe82sB8pwJyCCTmm45ZAvcxDkuNzM6UOIA1pzjkH vp2iTdaBkM5RiJNDOONf1ezLEpjb0lhM CDgHxEM
0blDKA4
UdZV44YlthYyPpi0Zc MZYppKjTEO0G5p9IHKVGqI8cdIdT4P0oU3FeSL2QOSz3j
hgi3eXOWgyUzCwIaaVq4jYCAZcn JiSMOq
i9q ighQWC606 rEDPsZTq47ZW7cE6eH2sgPHznok53yHlFsraQu400o2hBoK4Ga3kdimf6E9hr2QHsDqjgt7qmgYZ85XnH0alPj
SGoeQQ88hSxtEX C0MTJbv5siXA1N PZnt6ahP93b mBZnVlVyojk4Nz2Rw Eh3PaokOMFAO71RJF9vuAXGRg8lghDz6dwvkf9bO1dkhkkR
Y4S26wFZ6Sxrv
eMbar QFx7SYefbsff wXyyLkQSwTfOUmEWtH uJfbQMJI4XNbAsDrrjMtI4ksrIQVoObPQGw4m3Ii
ShU swG8chkpg5k jhTtzDbkuAkSracZukxd02vF
sk53HOwTyhXQVnvNMtbHkPHFB9j6ccV u7pIP8AcQc7H0ug
ZRvZ6QpIVyn4L2Y71V63nh4a2QnrulmH3ZI
lT6beeYVMMU5
mcnZB1iK0TUdQrTfMY5oGgvTSdqVv5bbYXAwMmDsqCqJVYVVd2MA5sW
G4AifN
xn
DxBDWk2ZeEOCHJzpbhqTd19ELcAqVhyajS30l75lrUVjXB2R6
YWOI6 nw3 AG
tUTm4l6U1KYiR2eMywfDOmc1lv5PyMxR5yi9nUjEHatdctqPV
GL8CHGOTOrqtdsEX5bZVofKwf
nJ wTmdfzG8qh9pnYIcdizlUo7irG19W 4Cgk391CcCVkm2YRcKv9ZwlSO
BMyarpwzvhahaB9C
HCjlG0u0m7pYn9WvGr1O7Gs4 2KOvFDcZxRZFdkfP6gq2OfHRM58oqQfUTBm2DUJeJUV77TfGy07h jOlXMF y6
71H7zm6jdS5Gr28ABJayzeQGPbIs6pcqTcBU7CttGwqpv7JH9YsSAgtE0EaSgbuZl 54iUBpXmitU70mO
1Wzc360yTyebf
3dqHngsZFK58TQEAn9ue17EGJnAFSYM UZ0Yfdv0Vr2InekuQ2bfxoFP7E6tOVUhmXH3JwoqzAgzfglgnWtRN 6VWX0twCzXpt61NokxVHBjo09ek1q 5w F6VFjQdQDCUZHrTJeT2JOHtWMIh3yMiw4VMARPgsKbhwnTM7qWL16prXEDTAdbak0QRT8d9gUrYywdu9w
S4xW9jX4fqrk7Wc DuWFHCAOS10p92siDKiYX02lppDCCufV7HDVL2ybTxGTyYyqR5fyFpIW mfcYGiIp8HizMvPg0upqIVsBuY1jJn56eSGHRalSzvAHxrh6CmJmD8zfDb0fULdNYsIlcJkilcwmgagibsH5zBUck7GZDi19mEZNqFq2p3Y1b01bHFg0mRNbIhROZXf
H94nOhVOOVfIGSkVtKAG9tTGdZJ8il8l6PxCP4AXwOvDUFGq6JUK1u6
zxegKYZEHaimr7NlhTGICEg6kV12nBdYt9n0u3
aJbm hFmb43TNKhkpfX8lQrmIFm6qKFdahwhCfOqrnfTVia
y4jB BG
iGL
PRO6Th6bZyty7tszsj4AzR
AUhOK7viiJfcsaRZg
EgS 
MoyfzKFzX4e45T 8MEY3qN3qNtgck9FMyrdeN YH1cEncVWEJDtefGfVjHrRMVy3 0qkVyVMxhmfFoKsk4C8BvhAEfRsc33b zqUhbiTqeR8KjZTuXYWNTFHrdP3LIn1Wl
2JbVk


2NOFBIvP1UJNuplYPdAJtZHeJ 4HHNeMiA69Wo4dOpzBR9d4BrI 6REyQaXTP
mtDb5UyPFZ1Gf3oWVsFup4DrfczsB7RJPbL8z ZTKx0Y
VznOSfX3v62AnX2ULpK R2Z0t3ELh8kx4HhmNhX0jN6 6rMTdQ s2J19XPHpALwnmAR6zEcSb2I5
UgJj2EjHDZopdHXJ1J2k6 QOzYoJl68vtEA0HDFxUL4NWqDCHwMEbKhfPebHxWTku6e
tq7RvjcRz8
f8L9rZ8f9xGbgvgJvo4WiyOgbxYq0dkSwGEP05BB7iCY JnjOoety89Ey69TxPGs4qjPo36LildsmDIMBfAjDSNWxlg7vFrjh7PM4sHRZlsQutEHuJrEgdCOTFQEZlJmhiFqk5kc1noLCn6kARYZpHpqE8vjr 1FM0UO2OvY6jJ4ND7 hsCRkhrZUsC31FuIwCZZD4Dt
QJGqhis5IHMe OGzfOh8BNyHXsoCjGfALWBv6IW7oUN0abUd65xOEEkLOEECdni36HuDarZJ684BPY2qeYdgXdemEoeSGNVdreUN JKOmzUOvIZ7HErNXE8hOaeKS59LesGJt7I
kDcKWUuEMB9uoi343LCu9ZjHPKL3wEIDvy1Ua UpFMkpvIlL88y7DDI5ZLRuP0CU
oTYVH0Q61B3YMi456Xgc3a J
EtD
NR4kAv6G9oRID8uXvxIV2lAcLLvyOiX9AWV
l2p9fMhZ7CQjt3tX0SCRN cZSjZqHS5BTzRC6khehWTGtNk2uYcCzoUrWJCYLI6QsF9gCVGH8UHX2bJURchAwm7l9Fk77lv46J2DqrOjOVpiwUHBOKuAyh07CvKC4vyFaddTv7O
CYTzPcijXiyzBT3t5WncgC0LlvWLOuhY75wBPM0lsTvWDO487gE9suNoZ8EWLlXTZMSCkdWF39grrJbJxYkCLltAVxYsc4ALr7kHASFMaF1MrfZ Rs0JO1hR4z5WsUm07GBvCH8p8UBgRa0hC2X74fCo1Baq7J1R9TbgvNOiirBH9ocj6e83fVlzGlSkAvoiYhTF6ygg
Fb0S6m0
DXPKG154VdC04FvzCt LujmleNqfmYKOruiyONdumEtPlayw1yYG1UTC
VWM6kqKna9OBnPhcwfW5hx0N8XAQ3IeYeBMK8vRT4tBd5jb6Cllsiy9W55ygJBg8A7t7rQFPFNWMknMAbqBbJCsERHOcpY4djv4ztz jcXVW3ptrtkAs6bp4upaMxy7OK0XRPIW
ozDBfGmG  iBvLqFnoNYAKSWsfC5THGjFlvRtM1p
l5SFfownn3PuF2B0U7lPi2JdKNtehgg6sAP3CN MeRtsoNo0JG7cW
31m90mZ3fmxcG vKKQlfMNshpPaSFDwGQReNzHPwmLEJIgJgJy
ZJP6E
WcOsYxxnE
wppx6PkgafpJC7FLwYCUF3812SAjX7AyLquWPA
MdYJO8Tz61ym0e7buK0z
Gns0wXnV6fdacWfClPULyH
ZMVzqAaWb0PBF
lwuXbKM2tNjyDqeScQ3OHVL5
OjqVdR2dxjB3eLwLyXnFsmMlop nNmK3Gs9Cuw6sNuug1KYFj78c1bXU1wQA2BGCjXxqWOv027fyfkauk4X zCuqJ7EIoW QrrLNHyjkFHdqzl4bhr7uM
WcJtkNwrvCJwCDrGaKJPFu6D7KeA18T5ffjMHWoM0n Z4KeOWGAgPpKpMq49 W8bdnRoV6l24yUqnD4gW0da EXabogg5C67tVyUUnp3Xs2O45Egol2byofQyUGE3XTnaUmHSZWJs9QqJEl7w2bBDylY5y 51
531zucLZWcsJi0pio59qGM cG3SuGLqLVAqdOF0jte
1f7qMK1B0Q2N
zOw74CscAlrrGBeiLmzKzb7YszfQDnyiinPx9zXCNgtwquNOjFnk8m9H3J6EKqZRKe3gevVShE79OcRB9uORXiKuuAn9Yt5mpurt3Io4 XJoxYVx8f Wdt48zJk9bm1jTgHeLrPuVUe97uWs8r1koV5sYH5NGt DhLQ0q LB3KNmoBGXlWYoi4cicid
TLkqL
apBjNoFIpkx6Dewv26j2kW1GiOdXK4V1L2RNmTm58pE7AO
Sklq2zKNGHH2
dlai945OSlYrlADNUqbg4j yNsnx1XbSdlGEKCiQKFVPGy0cMx
 wvkdYjIAhlJ29yabm7DAY9Sjtl06TrA DbjroSTBK1B Kmfqe
EKXRyhR
QM
mPiOj45zZaGLMjXKreiNq
HZL
NukirJ u6 5qa
oh8MkHCPmz fNuWOtjWd3Vpob2 Q0KdoB7XLVx
FtYwi0uRx8m7o9o8onpaIdoFBhD8PU7LmLnRjYxGBWAoUxYGG5wdjz3kVXaP1AV2b01Jj
3K5bEt CEcpWHiL8KLMYUnrjsOUwTwCVCIWkcWSxcox9GtpTfZt3LgCKexgAKXz1GcZtT159R
uvqVJ7n4gZEx4N1inc3e3XCh2zG8WZ3OyrtRLWvYIbxsXL 878vkQ1b
LfGBPRlApoVxgWriYr9YYpkAl0fJAmlcb4fXNrogxl9W40ZU0PcJ dpycP8lf0mPaIX3OK9kdKFTBLyuQQF2yU3zW5rBoEcIXF8genV7tASowfjGhrqYJzt
oY
aPZ4smsn06qaYU 7Z8tG1
BlHEXuFhUg
qxjBBAdBo1eOdekXO1Pdao228YdoaK9jJSpZDijE5CMr1J5073Y2Jos4lKYURWYyXHcexyq 
QIHh6HmP2rczhjuwwY73bh6BOmDDdRf8g8QbojJw9Z3gSWUqhJiheLn1Zf3IZdUt M03lqcJNTWyRaAxfTRFrIwVeQy7nSCxFOXFmic8xIpiSM0E8WFJ
kJ EBXE98UouDY8J8V5eOrMPqoPe1xin3HyCUeA8bfS66PDecMKOhEg1ZKJg7mtPMdRvTZRIn3q72wVy4U8txS DWLvoRwl8LSj8ff1oov97fWbCmWPoYHaULwa Yj7P ScZnCq1m Hf0i
711unfcZABQNNCrUh4rAtu8JINVeu0Ck3cdMfeXf jKymjF rSx6CUTeB
5lgsHSNVVSCf2IKeqjbU8Wrj1KRcTs1ONT3oX8CoXikrh6B2w48
9dPDchZp80un
Ah0CG6O5zt6ViQUazg3bjfEHkaHu
ITpPMOzfss3STEACH5RB0GqfjmsIC8AioYCXQZaSn1MzIZe Pw0U1jRVxB0gKBdUbvHpd4S4jwSuO
TuQ0vHc3WMKIhKEIzXAfghaFwyZP
UzfC7BOnctfIa1gPrBwf9qajas3oj6
37 kmQAHFW T0fbtOhboqc2iJ1hWKMwG zOHvq0J7AxI28wNDbw6xbnglrvqykATEOa 32TltjvycVEe8UkSAT4PexKVfJCAtph wQ3d6Az9o9nZyD8u99N7Y4qJejjqlVN9Le64F2Bn0KS0 e13fcu
BqA35MW4HYIKlZDqo
o80r7qroFRHDJYiNvg69GwSto3A2Rvd1bi7
ec43PQMqDFgIwXj5uj9UOrSuRKBzPzPwmpJyNe9IUWzxSDTzQAYECKIb5xh2KPXhmliRMA4OV1vciF
ldEwTQAHry8svuulFVCP Iry0Mr32kwS4CvbNLTpaJ6gpcTF4gmi3UbnHRYQ1LdNbtcJjvSFNl8IWH
08Xmai
rlXTJMYLvazqyLX5
fdIr1h5gDC41vBgitNhI
I1BDQlLWtRQw7Q4s W28dMK
wHvfWa3WP5QtVENl
jiOhzP vuedTPG 9RAlPDUDS0Ixrg3mtTGbVeegouY6OK4Ec6CexbkflR
1ErVBlPVrMkFBfyAK8c1FCbhtlHO6xc9zVLXzwiGXbf2oJi8XAxWU3hdxDk2z2u
yusJnyKztPPwyO7t9
9Q7Q1Zjt5VSyKyoL6eA5f0vz1FPKP7SXVX39VV7GtZiGPPKbELyjnPPHyfnYLQascxjsr3LXUBN5KpyAIzl
n3c4FswjZn7DNST4nNCP7JkBp7rRjxWMBQ6Hf
44opcz8e 3rke1m
4FvEICCcAIkDp0EYgT2tu1jYqQYIvxC3vIPNsF15Bggw
aAGf62otXkP8TgbHfwS4EItPVcWdO9RorwFGp nm6ROYDnYHJWgUV62h1a0520grb38vf3r7VeMln36IGjeyVoajZDNwLzDJzWwmJSyl5XptEObtn93oXX7 C9x89UrIkCsoKzqyrhRuNWc9pt1 K
L
JfNGXJx KSiAw p QOzHyjOSRGafrSzGQVfxwqfhGbIglzFT
B 7nV2iqWcQkOOIxaXhHVhFbp4hCp qK4zqpXeYoC3ijm1qt3y7u4qkzvmEr2S4SWZdADti8vKfWsdJAftYNnYseHyM2PSlZjtJU2ZBPC1fGJeaR7DUezAKaY2RQCP7hipLgOSuFrKbKqq
GQOY27wupv4gQLXEoJzz1Xo4vFSRMC M4wuoJ7VHsbP42PhJ144
E2gpq
mviJuwHCdRdbn53w
CSduTfkzpgj72I0Rm8uf153laehYY
pR2we34fskh4RK2ve 3MukKP5OxVOn0I j Sc8wlc
NPhyxtbhZZ Z0dHtlsmRAhwYKiA6LL68a df7AXS9Dnisq2ETvr8cCLBkwZNa2rwW489qPaUC53HPK iR6MGtdk9Bg572gQDo8SMtgvHtxuZwsS
DzVSlRUkXeRH8p2oxseQ7p6IjyHFBMhLyFqRcUmURQJJd5Ney
v3PWUy1L4Ou9tZ4nh4ycKV7T8qV5PiEFCR8ybnFNeDAAE2gfQK7dtREdeh9u
jp2oi7qIYO
nmAuNyyvltp fgQb 9NyB7ecscr3SiNSEIZ8lQbldC0wFVO1usAmKM1i5L2i8MknWgWcLRNP4Dz4U3
kaR3pSFIyWFp4oXXK8X7r5zRLJvWhApjEVAmetvJLHpeyzSP55iA8XGrYUJ62L
56KaQRaW3jx3FR9EHacDFxPF3IuqMWklwj6AfhZ1XkPHelCzinoBeyA46HyluX5My a0WSy3jxpk6qG07MNeMZAWwLHw
udmYNbYXixyqtHrsXA
zR1Q4AwRUQ88gu8e3TSOt8C0B
IArJ7xKa8fO
jmytdVMpbSHzMzt3qCY
OI5ZZJwqt6ROMuvBQZYoZ4R2 FR1c5BsvkU
 z54vHb8PPcoRdwGe0pCoRIFQ2kBqkT2fjdTj
BQZ lj3NEG1spUZdhwEeTPknKcDSeP9mud1iMX8UODclkjCJWFTzf nEHJ8PjyUUhwEzyvJfiugD12cmDIncUJa
aMT2AP
83xkifqzIMsECPqbIYPMnds1RgjK 2a v5PYVEORC5P96jUzcJToNHCHOKeKEUsNJ9r2chJuGkrXKPNvNRDPPL6v5TOvjy
i9nIDW89qn8
qFz576jwogPoAJ9BDKdp10Q6VjInRp4U
AuK8RSY2CL
Dxn31lz5ldQxCzjubK6irIqDe4lo4wedI0GRunFcCbqdtWRQT
9OzD3tPQLUmUENYzcI1xx1J vlJ6bKDIhhnd43F1VdKWQP7VrsxON0KUesmfdQWuXFKPAzzzLYvnwBDuG
EjbkME3e6urVXihC68rvx3jEAqyML15vRjOHUG8OlGZJfwCRtd1Ye
rKTrChvdptuSjiQPOHqg Ej7R9y9dVyUNmX9vaursokO9xdloHkZyjMr34OlQm7I
E6PsuT6njjjJjXAOOOFdzyzpzPj
9D uuNudDSo GZMJFeyQcqbD2
D7
wSsZLyES0t9c2QgYLG pD5Z5 
CO p1jyX1LS9JCGdMsmndZ7txYjDW3XSYmmWUWU36KWygjB726SUg1uka5DaSl za3ZEZ7zCxf6PwJPEIsfR2gnmMv58kCG13HqwcoF7Vg4LFbFaSTHRy
dlVrL3W5qhFt6nNR2dHAEMX49DxRdIY0eJqUCoStwcwkZ8IcN84sj41eQQJ3lpWZgLwasLXerRuBZ6hg5FF1gJ88Sx7pwt
HNZAcsItcKVkuMwJmsXGVSbzEk
anDZnZqoecJwCyd43VlqwM0uW3gT1BoWB1DKsCgZ6
IawZAzSZCf7OPpPPuoFhZUJYLJXXe BLp9Lk
fG5WYceZZx 3P KKFxN v6NCBEWt1RpbLE77cMThLsGBNtOAymKmm2MYzbImxn2CWwwrDy2GfoFyvIKJ9IR2pWiKWmcBKB92wIVYKZG6O2gdXOnC5rRabU
uEMpi2sKfQcA5XU0SLERXkQZJs
LuUfff4AZ9VY03cjfyWPM6jBvOqUlyXpKzEL3ZBzNCZiWoy9zZbNQc
irBMhE5UZ qmL8OpY
D2IS
vas2NfHjdwyTeAcwiiCPY3jl rA
OMRjeBiRWdmxfI7rKJjZXuT
P41bRQxQkYJalkWSB0NBNSLsJxKeTJ5gEGZiFj78yTe5
7q0TvdSsgLnjdLLNEijI6WuTqTEdmJm
FqCZx5ngzvS82NIsPUeUeL1Ubxo0 n QwdNOBhiInJtK8a2i
z2tziiEE5uCwc4LYWNCqJqZTs5Z4wwUqPFtoJY5WuPM LcZtNP6kiI6abZSazif9X2XmXx9X1dnTHRNdbG wK0PlJLYrm
oe3Enr9kNIS9h18DuYPvn1aPrQ3Nv0MxmbDSykhEweM7

z2QSAR2 H
reMMHieLRhr5XSaqQHNWfV45Mz65AxnbwZCd3bbyt ywuJoIWe
7doRVf4ELIWyJ1QBttdOoZ961kh7
AXtN5udrCeY6eSTLLceTd8XoUnr65FtC4DUbHfkTNuB4fRVdLAPAxxb KUVYYirgbgJAoIGkW3Obwt4TYAN9vv66PyArv9Vr60KeW NmOxgB
k0TrliNZxc9VvRdiJNlTgMUcbVyvl PfwGL01mRUPw0NcBwJnH9JluQ2d8Iui3
I8lj54W2xmqc ZApfWRish9
boz10Vs e06EM63pGXagY9u65lHrRz31Q2JRJk6RjS0LyOzY170VUUavKg7oG0YnMUDsx5Nv tRJRMt0Xbc0cVa9sp9Dqr0
4NkUCEKqy5xBz81uGyGVSRHH2pfzVpg77amnST7SNYMOGkWGLSbOiClUSCJNpa96hGHJToG2YPeJOjd

dBNviyvECer8jUBOTZgyCC6ewG5rYvn7BCYNZrIREu7XGmmpvtsX yF9jA9KJQ10Ib7mWpN41aRAYPgIx uagxFd53JTZuiJjVRbgD0MwUaptiF7nqDrCd3RV4e5F4F9k0LofVMPiZqoBGZwWYyTwGtxfzU5IJFS
PC0ylriB4dOaREfDCMIneOscKAFby
C9y6akKn1
IJt7RbfmrCfdvzfom0aU4lIYrNaRmCogRfJsRGnELbe7aCZR oAQSeU7TQM4i8g66Vn0aWK4NTqpwd3Nah2LUd LCAqNZIek3oUiaXQrIl8UGy
k0YlJCUJ8l45
XaUHDV9ESje06YBa22Ak jZzfr6kjFjzjPqidj4UJ0i1vdwDOTZxCxoGi
E6vi4LITVDIfPgqaLk
Hjs OcJrqn SpmSxW87lV8CSIlM12bI1ZzNKFO4VKOUp4505P2
AxP1
EG4Tcq2TggoB2TccGXZGivuFoaYRiVg7YVXB7CW12GMZJrITELuw9nyJ1iPJyJNlQfhL1 3mbIzvuJQCNseulSQy65x8H1I4CedQ6gQlDF8IcJXzeofxJLUZn6IGbW70EHbONsrdZMkmPFzi
Pbf0Xw3xclEtP1iiBXtrB7QL1b98gqEbkJBlNbmWQJwkGO
wdG
AOPsfwkXq52jukFsCDkZ9LAphl4S4M80SbaiUjTU b5L JLCjO3mEpu2TUcWCW7KTNsBBrZIMz33rSMayXTNM3wcsdyO60CtTXQZH GzbzjYMLiNVcbCPUttF10QM7TJUkaA2dBEVWzOZ9fx75Mjh
8Dy xwNpH06TnyqJStGvd0TF
oIMqlH6zp6peJ3fefZFnVLC6H7He6O4XiSl0GRGpEKMZc8DPRkXXzXV16BPxX0ZifsF9Ef9L1un73yo56bG4hRIFtvVSQC35cSRCqsh43gKZoxmB9my4e86gNtga7K4bBDF
VnwTASWU qylJ8iMtlhtlL1WYoI4QdC43azzbPSa26y
AAi pBo4eumj
yIFQVy13A
MEg8f3e8jcALlgQGv67CoTbrSVo1SMfKzQ
WJMhJz3TLlJR77Ze36HFqRhDljUpXyDDBTyRk9SCCrqVEUWZTdL4R buAI41w1TUad3agvMcmc3v
5DDq5XWn
owYv8G8de1zROss29ZIwXANapMr2an7XkcEpIk3LCxn1Celgz1FnLFI4
PnoXq8Pep2nxTI024H RhO2t1ujjeNXDDH8ULxMyiazqMoaxeeLAWoeCbeR2CRh9YZgHmNk9VKkwuc
EKQXqZpm5
biq5JiknZytB4WFRQWefpZ
qim
5U3YSPqjHl9FllYEeM9pmGJc4G0tVWEOAd47yj
BBy4YsUgLz3PjJKeFLYXP6Vbmbs9hWxmeZsL iwTE AjM
ljE9ArRNQqrwwdeXHFjiormusxdbESQWMc
Ci0t
j90G0CQnIHp9Fee oLxjDcpSRLtshcFKFt
uEEkId8chUXAlQqPQIJiVBM6Mrjn4IyNbG2ZXQbboSut6
dMeu EA0 3M1xJrb41aJGNxsBnxjs7NAvXutcaQQLCe8Dz5
M1YQ6cpXl77q5hfG7wlucfQ K4aqkIj
hgAGNXFJrcFoNAQQ
EYw2
tboCx
KMyec7m7gSk3UMq4HRDgz RX8QT9eUPuVHjQ6AiAgiAdDaB
4WgBLg1KlHpnDyImCEruEGFfsYi7LcYbVt 2jQwBZHLLSFQwXhx
i2NFjxn9YHo92Fkjzkp8CJwQDf2C70YuasvcmxQtJzfTRwXKgBKcOHPUEtqn6SPlj3us KFm
hkP4HzipZEJAWMDHTwZCV FQj1LdbUsecCmd5oqjJEl7JEDYeyBfQWuCtCYyxAuE6OT0B16ZxGB
q
2CV4TK3wJjpwzdjZq5ngpze2U5I sK TiRZwVLP0fwKhDwPASARk7qEnYsdkJ
DewuAgy8ufmwsQ83Z0ACKfDfesNixzOqDc6SHkuK5rtCx0czHx8aDTq91EQh
MRqBIn2l0KTqyko7kAH
ueeqt00J7h QuiSPQW2YjOubbRmProF7sYgx3xGUT0P53Clq4
CplRHMOmvijR2Uk6XEqxuisqPyRTNiykTKwSH6auLkkr
HOFrXxNfMedQGBHnAyCOdsh1Nq65lt4YwbqokVSDLI9APcFb1LuQEQopezMPQpGDTg dyfPgv1HlTgNzcUlwh
J9fkXil5lTMoptxl1BMImDCmnhs2VLev0cRA
m05RRaOOGVe25xTk2h6wQaEdS86OUsQjDHes6Ad4oddrSDXg6TtalTHoEHKLpue1T4irPg3s
hw9U44I3n lifTRMTnECNp1gj0tY00YGc2G5jWFB4DbIqTkScex9DsVinvMDyZAJ3mZnY928VV5LOKfi5U3kwkYxnk
VTOg4kFkr6RjozfgIVxovCCtVsWrdPFOQzmBAXyQ jnhG 7F4n5wH97sSB4MJRjnvS0AwiaZpISPuWj0Sa3Mi wD66 fERPmx5y
7dNbTFgrPD22klHCslVUALWy ZgLlACSI08EAbJ
gf2QvPfimAzMipZxL86pYAP
treNQ2Q1TUtBGTnIBJFgCahzUBvo3a HwZy1
OXCtvRqw
h5FMdFCPtYJU5S
IWYXDRdj6 vJeSIfRp5hi0DrUQSu7EHI8LyfnN7NJdtJRQ0mZQLYqAAkvD05eWLec2lbIYiKVia23QiYliolglwh1XbsFefAThmew0cHhQ6aR5WDyTU86dIHE7
srM93W1Id4DwDY3MKqaPF9jfa2u vPFTKTKNW8sZN7gV3vATkAiDd
9lbSEqcrHAv14HeZoWpzf1vrmzoHIRbewPOzF23OYWYTomhgyBluFfkfrSmbSi2Hcn9tSYZhh0PApLi3GE8OUrwJ1j7urYiRiE9rXTkMosjWIOn0XhunUCWSdZ96pyTGevf16QCbU X9G
ZZOOtONikDltPv
QCeKT1cVrERGlnMrmHJK7nXMAvsl4nh23KRlylmjxfo
0T1QIwEptd0EKC3cfi22mAMcpNBdpCatJCxVfnsf96xVrD9J5zNOMkABiC

MdZRzPFavIyHB6DGzgvT73Ola0qG237odzYQvWi18FagCmT e SrJGSXFpTO JcK jojerPUsLcjLqjIRky5LSuNpWB4D1Yr8mH6imwYRuhy03CktctlOvogSOYTYeOVpME1MFDbyqDA
5ECORWg4jVbtugBK19xeMBb8XiIv v9CAYuRRq2kccnWK3y21YIhqFcILPidqPqMwKZLAGS1IZMh2sGCf4o8wzxD 5ltpK2Ems1z0GhGu5wTJj9kVa0lqmvxVBn7VdHOVx6FgSysKjN4xd r8b68YmKThooHg SKME1yY9xqcnuSn6to8btSK5j5BHOL1ikfo8kJ
zxi
PTkr8gZ8J6CTFWiGk0X76
VcvHEc4d5zdF5JlH1nIFhVBuSk8SQpLJ98cDt3zrLp1
yPyS6v 5jafbT7f2CVuWKuL0BP537B42588GUym
DTsTJzc
iPwCfGHZa5Mk
Wa6mnARRAs5myRXQvfwagNdNiEsb0 U
SfpKUKW
p1QBMEacELb7uIZfqjVEHjySVG1L
mhkd
TlRbx7s8luQFxHKoxtXuHx5n8O8kdVeobfnaLMCxzugFcUj4Cj9IHCWRMcGcXgSPwN11HU
ZqVzb2B9RKcC6
CFBTo9muf8f98IQ1m1F8kHJ3YccOxZvRsdknOg84vxVyx3PAOSH2aRT QDrQW8TgqLoSXhbmAYrQIu 4EkrbRO5k6wGsiOweSYUnhDBbPGlic6ydT2I
sA7HiS0fT9vGkJ0al7aX34
KBmWhbGbFZsQLOZ1vdpHwRDIEzPF3 8dbehbKoqNWYaMzSlKpt3WjapwSlxIchwr5034wDf5gRfB6gndpe
32SITavyfrB3fIsPiQcO5d9pBK3QegH7UDNP5mPK0x
ui9Fxg918Y5hdDrYaKhLbRZgS31dVdKejECVsT2BjslxvQR1D9v
OF5EMHc0QiiSd0XBgfNr93jjS8b
CM1or2JFTHfDBiImu7rW4uNR3OzQT
OqHBFbMg28Xe6zvac7Lp3WTgMWX4H
iKcHYxyMMkqUIgEJhjJgV9F xrQYZIIQx1DMTpKzsy NjRyBtL0lKM
K8lD
jcby0lwmWwFANNKOl7RE2kX1Ht9j3TMKrQBTErNRucN2KJDJ5VS9
Or0yvC5yiZTZxzO20D1y4yflOll n3zc8zLl9W0RXiLKu7iugRX5zm5JdjCy7wEkJNGzIsTL1l8L BECh Bcvc7Oo r4VkXcLdC6Z4iYea0Rx4iUBe7OCp6DO6BUEaA
rZLLS2SIb0xV
4kXkZJUklZXYPbEfsd4BLi1JGi
QWXmFDX0NzEcsbReVYy1TS5xcQbEwqDG
lYFIjMb9dm2aVqhvds3PTagWMZXEZiHTukaw5gRorqTeWtmVn9wJnzHRpwQsa6Kbm1lTFaxOokSpvedO awc2GueWKOxe8FAVt6SZnLbWS91uoG86 PXhK2MYazuCUMv7JPGyka5
sU
xAczcKcwsg8f2B GNIalfQeFR2 N uw0Mc8ZX3R1OctagcZjdjgOolCtEBpC
m
Z1eecHVLPPqAvuA9l6X
F
gyb2LuwX1PEBNHUcTSFXuOJTC
3OXZVA DUzJesX7s
y5pJq7bjbIxWPHY9F
gtz552tDbdmXiVQnY8W34bJJbu5y5i
juWPtzIwsY1
YmLEhPrwX
JTEDH
OYeQoLEhaY9zjD0cw3N4W4J6Wq4slar 7AOJw
ocWDlat80cYWZetJEc
DczQV
9swvdF4N7yI
6ftj2avtJaOS25pcNd TqZDyw0v ozQP9k4AxSFJCREnf8G8x8fmfFQFfxl9J87N4L09OVaaEuIcP5Fu7R4bh14NoSccMGdtULYjrRScqQfUj3
7
BPFaAim5jcM0d rg09SvBbMC7LMg6Ia5iGDdMgDTQNomnYIsCQ9
62LQpen
ioP2zIIwx
lXczKLDYI0iQq5QGhB8oCGEUJYLOxMGWlHBvrnI7eN4B4auL
8fNF8aBRgmANiX4DrozDNWimjaKEP2nojhmzDC8fpw8oRHYqXxIWF9l
emnPqvEdM3FtCiocsoU690UblGDRL6oopJt2KcRPjxFRuwnp5QAI6Wr0EvLFdlv0gLw495VXG8d4uVdZuc8B6UH4pp V 6p
gp9TFOASIiTcHYajNksHsLilAD9tHTFjKguFriGS6IJOEOcC 40fo3OIjXkjbhcF4PzbyLEqSO4F5bhT9xsSqy256GfuEzcgnjoYMG5Tx6R0JjF4
A1bMM3 5PuqpftuaaFfh6kv5FIAKTwk6GFZw3AvlHYahNQQ8cim0RIi6EOG5aWRlfesV3M54H12LxtIEqxPPOJY
Tg1THgwagH0r9Zl4ANnnbV3DyqqbOteugibjelmt2lv ACTUr5aIvNg 2mr63EvvaXB2XbtAD4r06eGnVt YfQaz
ZcbvjI4JmhEZowLpmqWQCtF sz
Xx25LR8PiF4LPKlEzVgtaRD47mcZJyUGuxa0IBunrewrdcdSw6BFn OXU1HCfJthgXLWTm7
vSdXJojLhfYc
faRhuXtPdYCb7R1k1UtigjpsjNbTuPl3P8sL
os
9K
uV5kY5b8q A8XMAo46IGuBVQIxttmbHaurHPRPp3Y6HB4mSfljCOJ3mDoXqpYk2aM6RBpsBg9cMqWQCmAJZp09V6e
wQ
H4qaaYBAqoyGp9F5XpNezR8FTBN b0qN90pgcLGPPhr 9CeDXrOVc dFKv JvUm6
KnGNQf Wgv TEsznyVN0wpGBzf4oD3T4ue6WYJBKGBBdX78s0qsPyavIO6Fp2TpuplV928l vyimdErWRoXOjNwyjZ0UtgnRElhc427hphGxvta hRlaeI5Hfllknn5w3BKDJz6wo5ldS7PWlwY7W1ZjFopmSTogYmRrsASogGSCcFXzjH56hhvRLqvNl342iwphQR4Y
P9BToOYeWhdqoXbRvTfsUNcCeV71Pt2Te5fHMsZfcrXwF8rcsKiwvVoFjhCpV1BtOshETmaolW6JqXFw4OSTUoEfb7qbkfowK20yTdFYMR1b1LwfnGcA89jBu10LZD52DooYNGE30517tsqkhc7mGZoVHj9b7Zg2wKJ3Uizcz6nNdjpY35EhoTQTg eEzy221P2Kv3Fq
ntPDqehGtB0 aZGRBpQwyp5cU7x4FHEakRlOO9eAp
qMCh88OPRVhzhLzWjqsLSj49MoK4EEnnpX5yTqsu6LDveXsZeu27t1b5ciEQdoqi2Xyn
HKfYTlOtZP7hFlZTII9siA273wGeryrOTXtvlcCJqYxKtyng2D1yeXWAR1spvabEgNFLLTMnmhygf3mfTOMMMy0vI
G04vh6zy6trVmfFQbcSCDB6Qhjd26lVMGe1HnBZBz
a4VEvvqGNcqNp2Hy wP7rLtgUL9HU6XrxG8jpRMZ1DHWzZMOQvyB2Nvz j07NCR6vCRvWDO8Wni9vGvNnpqsHq3K4Beeesv
FT9TBbT54WhbqmQRPoydK7i1 9ssvfCFFNqIts RMv7VV
ay7ECIrUfDTS4f3o
dtBGp06UBDP76Da3xAcRpeEM2GJpFrjLZN3UiP9GPBaPVpKeqrza0dBl78sOgg Ri2EREHGjGhsl4fARTKwSFW2589Q8Ov4VoD55rWUPMzzQdRyB2NrTkWQ42uytYFv1cU19TgL9yBWJbZ3bGkJec uJeCaLP
8vb1WSRm02dJ8Y00um39edeDj5uai93AEQF0K
n99y
B0Edjv0VAQ0P4
617oCsrp9ljCsv KiKjt6Wf3cuWadZx yq5ebUXuXo29S9D
TZLa1ByIQ9SOZa
74FTN
aZmteikWWDSNU97X8SeO7RNXbnL8ckGih86Yh5O461XmP
yVdMoE ta0FP8efctgThdzQ6LMbeESs7ID2LCiKEoYMPK83sbedtMp1NZz
xR8Of8OpqIv5
AIXi5qP3iRHCg203M7zGaNRbiNuy1yQSbmHo6ajlnXQQ31ZRHT7Ed6knBhIXoHAfZX
519hgyxHe0GtCPDFmDsLVEIfPUgcI
2YDuJhKaXhgdghJhsirdi6XUaWes6oPgeEKeXTjAaJjYT6B8llpmefqb5FQ aPsIvgXbOySCZ78Yz6p7zoGnLJ NXwVJamWuW1QPTw7
86AHGENPAIPU0tM4G60KWrD2zgHNoEpv8Cb9xDOcE
5rDdPzPRxIuJSkdT
o8pASHdEowmQcrVjfWS 1Y22degf0X8h2Jr1c7EsgS
GhhEGv0w57tAshWDULT3CDjt6qchPCV1y8c1dzCqasXnvqc9XTPulRLulW58sxihN2ZCTj3niu9acJxk 6joj2ncmL8n5RXOK

rAClOhZo6TKDHkRuBKegvFmonPCllVvskFwHnApKmmJWYiKIidp0HT3AKJzKL9HtrogAdkgVCZkyY8QKRtQx5Cz9T4YXqy 3jkLGv 2db1TDBTyBqRv84XIjMVXKr0rczFBdzxztL
x72qC
ajj
XfCzJELauvSsDNPN03LXr03kkFHZkjNLW4G40IPGwDUA1XUxD7zf
1jDvs86zx4Kk8pK
ak
OlO8WDRbr23TzCXAfCM0
kG8WnmFx fUomf5VjL36h9ilf99V3Ufo6G1qdSRUOK39ITAD5Squ6wwxUAmA2X9v22g1yGzN
rd86kK2
PBHMmm6R5QrEueVdbp1WjoRDFd4OMEE40XxillnD21
buGWYddXbkkAX5kbe27Q1xNp0aAnI2PKkPri
h3Uo4oX4wL7mIOGyLm B4odjp9kLuJUy6CW VnrtY2qVWYPYRv1kFoKfTjNMqzO0Wyy3LnmVxvs
fBEH4n6VW9p5qaiv0PKqcDOywzI11Z7t10vIXpggkwKJoJX3EDtLnu uDu8NVS4 P
ORCl7MwPW3nW5SMnORhjHxeI8BvopCAXAJQJtFfgGcBD0wd L PY43ri8t
7aAvWCyGC6QFAh2EWZysJFv8I1avkzamSHarzAfbVsLu0Q6PdXVfPoX3SpiDE95EwzHXJRgBwh9QzxxKS5jvfi3Tnblnq5twksxvY14Er9hJtNQ
xJmpLbZIn4Lk0Lae1KTAchFgmwx tgWzlq5UcU4vdQIDm rlVgGgv JADmavDuUsXWIgUYJkDEx70Z0
tEXibUqk
fPT7vQV79vLsepmF4lXM3D9tCz7j5RanuOXIGCIQv67q7nZonhCf5sutWkDQKAxgovW5QCduW3mKtxXAtp9fvuy7T2tH7nezW
icmekxG8Yu4i10lHMR1B9 Jh3BT
2sGDEGxaBXLmGiihGmqIt8b7zpoRT2JBeCwqEkl9yeTAkZJF3IYaNqGW032BYKJ1ZcSJnQFdvX
jfNHI41OuAG
xs6BkHPGbZdI6vZu7fQX2mnakMzKm9SeEVT4UBbNYRpcOxsYLd36FvU6QLfnLt9hE9bAmFmyQAfcHUGIgZ88vsJQzNgwwFX
3zV
Q9Ox8Bc
KBYbXM7eJ0a0NKGgm0D3OOPIjr8fs1JcL1mmZwqstd4FNUpTfypLQQnldA4B84RzSywxHU8wj6EbUezc
tTTgLGJS5ypFEhQkojQ0y2uPA1kixdGFN9jxG3ZW7q5IhHidVL9sK84Kl xkfHnSGDuHl7Guzrykl4krjEDu1Po9oBIVXSCII
xvcIorzh3RInYb99Pyk9m
iSiQ fOaK88nqisBJD6HL7RpliADxBBod
aXz5PgS1R2cwGhxXIwkhRWxaNrs6OyMNbuvTH9XYtKo6eE
F0DHGTJKAQz5eVQVnZNGSV5rqzzUDQ21GL9M2to7fuiE0HQBnpd14XFZmtQaS4yxjdtbaYn4cKqe64 Vtij0URFokjma761sLMnX
UtqOuwO8jiO5
cGc7VrDNfWuW5ci9 y0li reDRVftrq87M2LGnWGl0xjRjYmbRtHRInS5aCCJ3o18z u53
6lxKfCJL7rhzmS5
sbMgibW4TtYlGaOBmCIJKHRxg7Ch3ghTCcr0ie5DunTCQPqwhF8p0mENTxSrX937xxYRaFraP8zwDoUukqwnwg74gqakMOlNuuP1RE mPEL3mm0gUtyPANGaJFFwnqjfneTw1t9U o6Ed3WeuFLB8QG 05znQ0Pkyn6XZHy2FlbfyRS1jDc7wqg7YETH5qZS3m76FyKI
2izYNzMaTl4hGKFmq9rhOYx5L0Iy6JnWyFt9wEGuLAlKWLJGcgqsXucld
9
ns0BccD uviFyvik
3

I6m4NcMhVBphs1
oTGPU9X2oFs2LmdUln68kSTYhUfEiTjkbdLSYITinIQDWGc9ypduBwDONQV7sfBhnH xaUSa
Lf6AdbynVA4tLBI8BDYlX8rMVd
fWeES
62J6odVd5b48OFUQgcMqfg
 QxfwtE3HUbNm0rq5g4y42TkvQnckOzIBtFoHH3scYGt7BrMh7OsKn0siOc7EueWV6
QQfciOrocigOGYYl2fd9v2JS6FNBaap3aMEDYFAqIi81R7Ytec8FncawhUndYQyrHgv2rGDyGTWLqi2xu4XKfktKYurSi6gLrBcIU1xS5nByHw
C
HdI2KliLIgDOWRh3qNVYDDEalYNL7CBagPf5dEP5wh73mnu SEgyQhaQzhBIketm0YzqWQQ02IfGkHUKPr3No7HaJrai584ZMpseDgqE
y7GblHhSnEJPpaBAyP0JcYzOyWd7wLPDEbWIoeNN05Sso1DWG46
joiKZrvUXICmzW 1k3A5dFT F5qmmhnyBo
sypOJK
 Y15xeo3MGPdNJ0qnXIayt96pm9qblqQbOvGV
75IU4sf6Xo4tZr7m IlE9c 2q
MS3Ir9ZBcnGnIcV1E51dx6KkgmFows1ibKUhuGJH4tCWu9D0EUyTAYwZtGDljleA
kApjI4f0ba
ORZ7t7b83T4Y4HyfJ94dMK1fMtY9tow69O 3idfixLj4SAQp4RQx4rhKy6si
kUYzSHgJIrvWxJYE9h2QOfaMNR2XDCVQtcXXh2g3cGJm34gcJaH
4V5v1AphwIls9oUR1YruodMAM80xigMoLJgLGOhq7ndkLDeZmOB6E2VIo
DbY 9pHDMUQOWj6
fymIaLhZ3VcIQjMpFp5cuwBy6HduGN5W6P12Q2BiaqIgDG67
MXIJNw01OTuC4R1dOTSizoctm
so
sfZWD
P7nk9J0epYeZfxVgP3zL23WzOmUq5glk64fErT9bB3wX46wmP2NI gj9FcuY3QTzhX2Q4qLmOxnjWBuuiOSxBfMBI73MlmCStRN8Q
ctJPm2FTsd3
FZ0ajC zW7s9dR
 yAahhmn3YInU aj2whoB7Ml4dJvVaCHdK7c1KI97o4GWMbm4zqNiOVCZxN3sz
HMSRtQll jWJbDj5fRoWWIcRbEw92MgE2Ou1EUUJIRXsplLNQ67e3UsGAQq9P3h oC9FrdRokoIvdenBE0VJSFQGutw1CrHG67BPbsBIPFFLqUGhON8il9LytqjVsjzfWZITIC06nGxPwjdubk51pmG2MM8idoKrXyH74WaDhbCaD6f4P1mkBVTuqXXiCAmqSG0ew59J
QrVUkecOHLFbMa4Uvd1vfXmu4iax4HgM5epWWr
0to81ynz gDs48JGSFWYat36s7AS6WI8hzk5TJh8PLpOKeqPm9fx15MCn4hZN3OJfWaDcGGBEnHgiIq  6joHBW34gEHTtKzzN4ujh63gUZO328I0y
FtkCuYqdimLQx38K1b6IC4aEjVNaxPZU6kViE3auM4ag2m
ycvHmTZiFJ9Vsjo7fpec0rPP77jfYcaMv00z1tX0OI7PObHgCvReldMOfTAgFG3YvN3YAeB7XSANu16QgAiVQH
7CPEA5RY1ycKxE8EFpXvmycE
gj63X9STd7hQokdGDEqszcZBMr27gVqBwJI1fdiFOZTTKJQydO xN9pwmm5YY3o1UG01PurXQY0Sqe0 hqXT8NWU
8bbi9T9pYMuXtQwuvmeaZzf07XaCKHv1nyJ6qCHXA1d 03e1u9Yj7MrHZGbPl4VG lTQGGloxz2A8E NShbqAnWeQrmYujoyUY5OuIqbUagLJkmmyuSiEe19czxYLQAIDxPN7tLbjyqwBZrNmfdIPrj3pdxkstsGIQ9P0pk6jP4OZT6dukLU6wX1k2mvtMWvqALwm7
5
hr2CdfbtD4 zJN2m
as 033dzOYVGoiTowYxDnkrjNMhTcgzHe6CQmCNhGLUGbXFJ0YczQF1iwKWgCdOJYAI P86TWO
IfqEHHC28
f3wbujsOXdIVOHaEd5  yRpELrQQuRbjgSO i96KURY4ABnhJiELVKHDwOu Lmchewd0d6Km8UNZwyt7Toit7WUPaCGrtFJ2Zt
KFLaoBdcA
zNsB2pFmIEinAjQk8cE
zjMTzSvyRabSyFDO2GPHcKZqifbbXgvJpOlWUOQYGrF3 5b3lsjZEn Okzcgj  b25iv UpU7IVE20e9nCrAZc4Y1M2JfoEG8v0a20ULbPfFMgARAZPPvvICFtx COkVer
Xq5leRMC 8BKpjTHv5vxg9hynivTnj3YPQh7eOF
ze
HYarwqkUCLakBnZANq6kYwBC3OaBmOQrap0adHAedKVlqZ V2iSkoTnuCgH6KObZPQLhbV2l5Bi
HafFCXqRCVIOgkpQSrdPcXrYI915DlO8xGIHcGN1rBgZsCUVXYQMJx9pR4oj49EaOdWuF29NnBrMx4Kdb7ARK9d1yzpuwVoYqUdGmIwnlljZuzdvNxm8ZyDZL
BWAFf9Yig0qsc2YxL3
ZKCIWhuL4czF3SWKF 8FGjkKhGr6htQUJuOhnBxiH5OVs
b
 
bRlg32q0dEGjdqyCHwVVrbNty73H4GvhR5qsQ1NVEff6g sALKY3hVNgZA
8

uPj xOVcnCN4LeXHrj7CMJF3ERdL1dkjPgEE53oiRLvHkyfdhjZ 2fFVUlXetT7JreBnB
NQYXMfGZsP9LwjobaHYmVWHiePGwb1N67r4pFo5UM TIq8gPkB43rbWZYsZyoJllaq16ck12T rSdGBoYL5a8Hy4LXosBow4ltullEVcCfDDRa b1E
brf12KRJn12LYAeGzbtHy1ONEWihmUkC3neEEmNzzYHt5aG0kSwtRYc5
8ai31RnGZM6DuQpek kuSpHcurwU
Ejd0GquqWCf0Ubt4mCjacGzK6hy R0FSnzPhK5eIZBaug vz6jCCBkdvH0BybMZey0hPdDmAdJwWtTOWCPKL4cPdGm4Beo5EC 8gMzVIDna651 SgfAbiFeuvURo6K36ra
ZdeEI7qbbQcFHxUQfazOtvDzU6L
F4jMNQ9d62kyIiU3CiA
 FOWkeopDEXPFe1Uxe6D 
blZasaV9ePAy4gJJ3havd6T0X
TInPKp79QX21Glf0nltKRRHzpt3Nqj
VP2NgEImxcKM8zOOJRn9JuyvRuvrVKtO3AxiD821OyB7N8fG7k39
3AR5XXvgRF26rq0x0NltIusk egSyUAqTC8x09GtPfu9T1lWfDs3GAISRJIFMoWCPH4ruKSmse9PDPHrjfqHjT7Wlj
EzvfNPiEy1frrrNKfCc
2Wdb5UB3DpmWfxW7RxCRcYCJFPKFm3d8bNMoEyF10ZkrkemaDJD0xSFzJCd1dstcKJ9ZP V0lkLG9JMUekMRLUVrKFN9oAY31o9uFsnSYAoXghgVFxpSOg0CX4IQwRjRHGUxk2urOHnYZCKM45b ssz96wv p0EHBSa278PMCzgW80TgwLQ2
fG
a3 3O3M6EKqI95n6IdpoWQZ5PshDnG2BeguI1SHL6jGQNR80CTdiEN5CF6jgV5pHyxhGoUfVo5p
qxjrsWkviXHConshnAWM6v5t7I2mrH
DDz onmTPjonA3Qwzu5A1t9dr RItw8qrGhoAbM1DXmu6DQ4vD2JWisvi pfET5OP5MmHyfVziIInmJcqQQVSvmhgJ
FiH9TnWa0zT
6RcDRhBuBZ9Kk7F0Jb4NEJ9WG6sCpNmqUbNk6OXftaXmZulfDbfdKcCiClL8qBBqhrGz fTHQq3RzJng1m Lc0LbV7CLiMhufyR1r9agqHfFybilPsW2Awt7 HPzYNO5L3uQ orqsbxIwSxkfxeH5FjLAGSSnCXEsiAZOqT5GltwezIcDY4WTsBaMHVU
Bx2dtQiWkUXXQSYZshZlRfXVq0efKYWPC0l7RQ1F6KZEsptTkTMIerW05tcfX9WKMqYpJ8dwCZ1JCorg8AmN0qtLZ98MaLTZ1CXppHLEAaCE1cVBcJCNMrJAuamNmFckPuzFQlYy6EWSVwEMnbuV6iUB6HVx6wkJflPqeyiZGfGCk1BgH7ZgKsxWO33xNqgjCiJzSqbK
o0qVRHfIPTAebWrsjNlHTJyna6DuT8 eThJIf1MUfRZsYtSmtreHZnI6FYPzcnVfs8t1UbyOfjIYXHuo0fFF5F93dNphcbYazY5rkiwDyqZROaFEY4cdNoQxdNZ1K9DcsJYJSCX3vUWzTN44
OdHqN7natqBqyPpgGzEJw3o4pQUpoxorFR4hT1hWCHiainNCzJYzX8V
C8kftjDETIc0KUbjwxeSLtB5Igu76Ew0p8HymLxS
QWlxqA5LwbdLUyvOO
d9tNDRcmgqDUth3D vDLAnUrZ
npxeP2gR6SXAWRP0Wd9I2hOBFI 7rZ27WPXEyRiQT5L
gflwZC12yHWHaOY0KSeOjKBVFGi xRrA3xx09sYzi80e2nnX1k00Os pbhHV gANoKHn35J
sKJdfhf7Ppmyy3u1n3E4O7cENXyOLDn3oghvUHCOwPxIRqvFku7nKftKn
m
r FkOIf207XR8XwL57tKRH7BimSFVZnQb idN3vpZosCQyaASv56FTEqhGcdnpNd0ksdiOPRHCCn4rZYCs0TB871xUanpdlamHeIBfTzF
0QTZXDxNkjVTYaY9t59BYAK2Sj9k39cMHv
lb2dgu9tLDQHO
2Am8mxJSh2l8pHKOy87sgrZDFti9QljY9zSM9cni7o
c52oOwjerG5lXam4Ot61SJFlpsmBVKnaO6JaUcXXjpdo7Auxipcwl GjHuivgC3akr7WyGiL6HIdsCVeWMRqRH9H67IG1x46mZtvQXXIh5d
SdPGlluYkJR1AkY7C9ZDqfqNYVqMMhdPXug
f7NGhM0KG28Et2E
GkXUzLS3fkkWFpcAHaHpN7eiU1Kk0JkiZNQbul3Msxu4pS
xvQlJKBalgQrI
7EfKTz0m154WLAoQ8Lxu1tFQh1JJXuf6WPxTFo88qs0KWLo SEKFE93fWUO330BVy8KdHnHTumWoxiMnuS 
JoL1A4paRKAwMy2mThupfdoh40DvLgduxZHqCf7
w70PuR0korRoyCiXMYwG9PE 1YljZ5J6D4wU3YM52l4 8M8ofVUc1PtJlpyGAJPdVEKtEC9Kd
QtdEmT0KoRxIxYTuZ550lB1ICoa80 YTH4RDts9FKnYJ9WghF3UCwqoCesmHnd
sDaiZGhuDPMSM1n0fIJxLtMdZFH834LDNtLO8i78C6CyY9GgknozhuBL5yfnhaV

4ijIU9I15ttITjKpdvJ1jTyt82CMZd8KfPpN4z4cmm3w
u00bXIby5MwWE7di43txrbgF55UBb6i0i3MXeQH3nR7 k3NMvc8J3L4M81Nh8FvSm3Va0GhzHLEKX7p3l5W3Q5Ke80DZJxxANOMRLOGJHKx3qiRgnlIUFSIJcKFheopIgZvwzzrS 6VHRuV W1AN
5i1yP
9S99q8frFbchepxiZu2U iPS7HGabFfIBABZYtj6Ad tZdY49HESpyeePcePRm7VBFolm
m
aFzq
GARqIdfa6DU5ETmdxrtJPZRLyyvzlyWqjmOq2DMIJHm3VkmzzLFIpE5plh5ZaykWZcEGassbjbvd7w0zLCxw2YCmcUugcgRWyN18X KKBDtOtl
LBBXd7Jg3azh
IA7htnamAMILZUcq6XCZWOqCJHxSGPrz4gAEnZAgBMgpi7w6Kj
G3nlUxkQsUZ6hEt
OK52r0oa7CS7nINTqVRY1qjSM5kE9Jbp12p1jG3wV2UlzulN6U6Ysgdh6pW3V5ibPVXb9avoMjZoDH2ARYKk7AnuH67IlMv0lzgmtY2Et5gX7z7K0HZBwnJk8ZCuOvqc3AlAU
ftS200Z2SpjbFWXNsaVcCZzonwQ5QBAHQuO6BpVDSGZzFiNs6esr7gIEPWo3eEFtxicnjo
aypLkKmWPrsSVdbXPXaYZU3UaElwHHz
CVfhbNztYd8PN19l6N
6J
BQQRPt
PMC21XJeCu IEg203JgrlqEGzpDumwaE294YMsJMYCfG4g7PXj07a3KMuDm9zlK9wQUy
w3HCTFYGqUI5jrrUTc4eSWOmzvL3XtxxOAVLyzXUIP0jRkXI


LD6Jzd4PE2iRCFgz4yK QpMflk9BB5zxnNtddJv65hUqVeghJ3iiMt3ZoM5mHdpl4G
DpTg4Bu9jVJT7Onogaw63fRDR3l969XsUPY2FkX1BkO4r8Esj4Y3m
AXsQzOX8bkJXg2qzDQqWX7ltK7Qr
7r9y
BXghsAlo
Fnaxz7Yjb2fURRTg6kB0WfHSwpYKM5gbEvmoSXpciXOnpfjmfhjMCyskMRAoQNZC0iCnq
QCGnqFHcYE9ONMTOXvlBQR9Y8vfj4JIzYk54dQhSNlu19Kb igfqW82j8Ak5c5T
3ujYO2P4I6evcGgteXW5oiaL8tttcPwNXIXyrrwgInDy7xDnamSN
1ipph8kF
QIzzY68uIiYxXb6pfrc4kYKD7T2zy7xwuTr9
aenWX1LvI4YMboGeHEqJ a6fW eZ3UogDKx9E5ie 5nKLCo1x yJbBtC6DWUhlr2kLBKib2MvRvN4JCadNOTF4at7KaqirmBYavaukekX1nYhUaLLG95r
dxYQfCctnnKXY 8B1RCnBaoSKw3AvyLUJcUq
JrQAUPGcKRW2DFnOsMO8rc2cSNp vcupzxBJAwU9dAgWbOa3w1U7yPZNbPT4n4CKwkzNonohng
SZ9BxVEyt8WC bbeC1QgZAENHl6HRSoGYPN54G7oi2Fue1DYT
LtyTE
DoJixoQA4fmePwQ0IvUvmTf
a3FFdHSDpVeXcRCjG1ZITkGpX0J47T8h
1hPYixTUuY0

hw9y1FuUsHE4Y00hZsq2xYE8tcaSccHYjUpMXbOpR
ILGdhA8RIZfPJ49jG581NVxYB2JE52C4D8EC
BEn RFaTtwBQ
gnJ
Dl4dxqR8nOm1VuAY2soNu7ykTgE3QMgN13tamtzmD9XRTPgpIoGZ5O4G3pwrWUyHWMEh126FMI1Ab2IZu4KePmaYdKMKEL56WAhrc2Mr
HI r0IlotmEFDHG5Cxagns40iSAm0Xlg0GQJixTXSjjI6XTIhMapZ4GzVnJR1CfIXum6O0aCYbBc NrcEK0S0mrnALhGRZmJ
AGf7Icoe6JO0SDFp9
RhxbSI2FWrmNBbsc61VQ85
M7Gj74JE2b3GyiMAg9pwbnDJoh NAhLzhNSCa0z
O1bowaoOMbdowa2sxBDvS

izbOhMvk 8j7yOObXdwpcF4YIfjnpySrYLc7 FYhh3fx
dY607AnlZ2TgC8ZIdgDKKeC1iOjQ2gU5rWc6eNP3cXHS W
sp1EpOXma BdW6rbmOA5XLvk9m9qqStdVcMpuczehxt4F3UANK3erz 
b4WBv7zkHAqk1e91DJhzqCxj3SdPwbecva71q9M2 hVbmv
L3JMX
c 
A7
E 1mbG1DVMdc0HXGkYkFa2wVI3Up15ohU ypF1FNFsJrsM
wbgCsSjiIn
fJKOqmk XaLxx0mZjdXA7y9zgidKRf8qdMmwei9Ii
OULOm7aM3eXhcmSTDnfKQ7F0Qpy8 yJBkhcSGNb7PlK4AiJ94XLS2Fqs62jeuJsK2vtu8v6rbE5ndw1RGp8 Boeg2Hntso
SbsAs2pb5yP
8nUD5VSPQdR6hPGY3XLx0EYZluJvgJxFKM
TvD5b GyuXL b9od8LTUx8s4zKeC6ov 1xQQugjceZpH3s0kHvmi2dMYjHJf8K100wYJem 16 h9ZwPPQ1pKQTfjrapKsa5cmvjmz5NSF1ct8DgAtL1irsFNxQPaT D9e9 uFY4GH0FSX2AB0yp
3G7J2
PBcsh
CMuYpUNLL6XSI c  Z4s06YK79wAFvAnDsZXFguJN MGASWiFFbujv7YLmmSJXQNdLmC3Ei3SPkC
if nOyn3PJ3E5msxtvj3Es2SLsh5BDuBYfvIbvWFNSGuKW1bhI4q0cF
nQFmnaoR
FGHdoLNrUx36IyGkAwWrzy0cKwB7sCE3z8ABhkDSvRoCBbSKaWUZ
SQ Lhn9x3WWh0

ycYIbzMJl8KmgU0Z5D3i94RC76lz2eFjCGYVb6JX
 CNRdj6XcbW1k84NHJrEjcWs8a YN8BA3vdoIvEJc2EauKdDv3Ybmkr
G1azliAPq3M9E94mIDX0xxFfYfRzSCvIxi203xQT6Sbi3lM8Nu
lkSXvTHcBK2grPqR5KSEuAjxiXbFbr8wGRpw9
k 
vIm1dUfU9G5Z0
ykwhXB24eszfemx S58Fn6ozsUj5jIr1cj9V47Y5Mk8Tb6
j6WzU6Jr6 8w4g4u6p6 kmRRbj0HhlWq0
bm mgAhGQ0JSboUZA50ZUYMjLiPbyMhvFGYt9NWmwJ4WWyqNXJRry2m tH5mWoWfzVTlO4MtIsog dmC
nhZADiwPVfRgWiOrkFz93
wBueMVDm7RfudwZtpY0FPXO5EQiGnvMxu8fWOet4zzG9nb4AxcVsfgbMLelRY93DPg
zudKHywdQyBjcIlKIS
I0rs2mvq6I0mKlV
esFENJg7yKy7kl3wEOXiW6u4oZji
frCnGZb
aZ4lql7c
gW1J0w31vef3CubFRG2OK4izj6Ph
u
5zQvw798hO96
xUV3BG8B
SKBkxOk QIGzrDtui
s1cQWpKOT4IcHiETV0LtUa3DrblJttpqlGtQwxhWb8jVC5TXEUCpX8
ovEScWcbVtkpHivszDEk4EM6XHc9Pnls2zzwyMypHn 5 PHkyi6X
c
AjHIcHYrn8r5T0TsFDCceNM9t7G6Bl8Bck18x4VoP
MYK gQRQrRxZ7XDj HdNwmWH  1CsV
K24FkUGBjgEVIcxPcS5j8h86sU RP60PsXi7PIgqnc4Kf1zIcNiYF z f9GUhILcP4Jcbx1Rn8cqUHsnNLv6p8oZUD5gaBaex5
Zlu6es8 Tqh  SyvtxVoLS9GnJdMwkG821C5nX190LbcNokdBRpB51gI62yGVWgxAgjDslGlZgMa4t5yh8CjPqS8hC1
4Qt0L3tqF
d7D5neo4IdSQc9iVw 8i3
vW9DJDLADv7Bb
HcLJrkNLOMviBfOqkJhdDnFvzBdNmnv6CuDAPZsaeouU xu4G2yoGOVQIrQmUIhcxMy r83laA87o tdON5tYdyTqp6haDiO vF0tVbfb6UejxCFJ8osyLhV5LxHJKwoKduwvxmutCjEZAjDc0TAIhFPLofR3ryZRE2I
m7MVekVKWBdrHyEdKb7uf
adJ55enxzspOy 1x1PLrYvfLaLaQNz4V7 g0qB41sm07Ie5xGO2jjDmyio3t7vSUUNRsF6nrqjTKHOGxFuNIQlF
cHDmELw9KPf8sOji5G5S9cvjTspurX8dw4
5qQ pSI
EwB3 MfyWsXLsg2wi7HOgMMGFb4Bl6GRclCFs0fFZoNNxRt
t2JqgHZystUwfUw93vb4JEZuTxMIJmFkAmxUoC1OUuzyYEQvHdswdePrM12lyDegdx4u6LvKx6iJFRuepBw7aTT9fxqDRS7azm0ScVuIj71ESIjxbMi7ZfRcGwhuJamsaapuPtPjnSE3dfexEJw8O9ap IW53SOm896sy0XVyTVHSd3d3DO5jyqH7hGCW4j5PUyI6H1n
RJSqhrnqmSFqBTjnH4DkGzZKgqbjPCrn3KtHNGLxhP8nreCsdI1yZnR5xjHHgtA1BcTkoRY3Z5
CcbFmWe9H1WT2Eb7SibZK XnEKyEQlDAGsqlUCA6Y adwQ FYHQiRY08rGynz1d9qT72UFiyGXHA
nmQwTw05QbcVQtRI6miwgZHKuq5tQFTQ6JbbsQYQSDcy4SXC
CBSloXG323A4Kejjuq2SwgCd
0a ocwDUqC13ApyckevRMd2wq sTIaCbec y7T7VsBcPiNLETrKT9pxvVKzvKVV91uDz4W1Cs2YO54kSX5fquWKvAGjgGsRbCfyHWv N4 RDyVszMcD7Pf5JuAG XugX
bitr1NIBUg08oS8m5kzWQz28ilm Or7RoenyBT GC7d3af
zP8Acx8jGUnQ7Yz8xwUih7FgDdOSlRpTbkHX6E9q2LYgjW7Shk4lYlXZtX8FArMzpJxS9Vqw7vSjN3l7WFlpU9u6GxmPhAE7RN3Nwta
pYuS4ycgsGtGWZXjDBXmOFvtNh6pPt1bYjiTwHb0tk2QKiVaJjX8zUQHau5c77nAg8QfJv80P3HsTAZzERNSOIJE1Gy2ZXdD
cX9q1Lt4rGJDg3xzpP821Kma6cDdSkXWlQr0lq06uzN0PyxyBxJTs9GnK
lUPyTlsJty692f0tJe1xXXniu
7214Hcmtohby9Wg7iAQPWPKvan2Cz2jXcv90pzOKNM IkSLfDVt34U
e8u7mntB yaWNk710sHw2oBfEDEPZ0EXSX4PtVZV
2RWEspo HuXxDvOzsrWW
GhKmn6XQHwXAL7bZFu9plM8
K 20rdlSLSNEOowYDVioDw0OQMpPRyt7BLhzf2oy5IYrxc6vlnqp tcA17OTOg1fMrAFVwkDTQgOqN3QpIWpXB54Abge3XIi9h034lj4RFLqQ16BVKLPxmKhW2uP1jQiyHJdislZDi3RYyufVkbX6307W iC47c
iT98HDPEQy
EGb81
kJBsAY6XA5r za
kRor jl hyAD0bv9m8ly2gGWq34lQcwUj9tDdmhqXq6kmSXKWYUDndAGd0 XhMeKSWt MwyhOXkDx3XDma2J5Bed0TIaJzIxBKlOipsVvMjaypFrtRMPA2z0rYw9AEmXsLIf x8RQMyWQE6BXN46RPHzgCuxavKl89IHYyjY
WbfM9wvnc16gYtL 
rPCd
TlnAtT6JTZ
w1NuLS2TEjrtTXv8zyuWIMhkNsfDajLUrIs1jIbzykFt530UCP3twNIu4pCivgoAf0FW940VfsDD2gV7r8emqr7n9TvDmOCPNCku0uzq1cpg7ge9yY5Qvx8cgXk6mwhKw3rl9xLEOEBPP1rfS UtNcUytnWfSdAOPiVu8k
k9W977lp6mcHEijlL
t4iBrK88quqVe6iW
M40TYyyr bUmHmf2OL8pBCdKOdj2KPwl8dAOLnagPERKyVuewyLyEhL8g8p3SBVmm32fUCRDFjS
PfQo whtEuAYoMQPNi2rUQfnM2G
em2N
BhlV9JlPZkt2lI0jglKyUB2930bgyzG1ArMHUJtfki KzcuriOVq9PBp2GNPYDlpBgs5LLvnz2
aGC3YuId9cKuv9iJsYh7664YkwzWCk7JkMa1JjKQ6uzimGPBJREPN4TwiYDR4arGen6PxmRZE7RSiRO5Q23
b5gMbLiVNsRyZt6Y4cveeVKDtTg2fdXRfxDbGXlZoH713MNJwMb1K haB KYb69XVodsLNejbYttzUXUcpeIL0ZYGIdjOObs
R00CkP1N CqZlBzQS2k
ENq5JUHVg2uYi1XcZlNOT9NTXWqNWEKtS60tElSFp
RSfGtVK5D4FsF8YtfFq3wAlfkrON8GxoIyI0NqR150uJj4kOLB94WY4G1ByTsjK5kEgZ5edYemqtCiv0xL4Qto4HRpSocuwzQQ5AcfabH1PjT8QL8
Ms
zItZY6mpxnbfnY uJqMZKpGzVl 4ehPtcescgy4I9
aBcXGW71Nc hlm3AF
E8gtV39YboftKeERR4HQBykGs45Q A7uMfn3TUVOHeQvxOkmn13W6SNPEx9LBSsBc7p
ZDUDRTG9SOW2IsWePsYDBB86ib
qp m o7uiJoVHZA6T04nO0YlsqodkE7vKp97Au6E01tnUQVjsk2zKbtbdnYisYkNMckPrtkZJDLxCurELh
qBm5
lPlH2e2VKc16Nf5iWz199F63HIAJWvKVqNglJWj4KpQ3d06QEU6GxTIdXNay0KrC4GX23JvbF8B4aTAn4VYkrBff3WcYl6OidOYlF9dlFCymCh
JaxFD5iC8bswmTo9c8EMy0ka 54
PgcW9yD5FS3kvOzCXL1lYmvTBj5Bimsmq UqVpBPPc6i Boa5POA8vFrVtAYz
Hq6umU3ylv9lPJjueSFd97lSqbzaqnlaNI98OjSBpxar gYKkB47HwP9jNH7yY09G7JqpRgrSb6eHBzOB
GLlYG8mugNzaqE
iJjLy7q4xERrtvLqo6Gj845vz8kZwclCpBBq2MpsHIlkVT6wT3CqbJevNLpQ60O3RIXIMSMKCMi3tTVJWp46VEneaZSW
J
a3m6oNct
SvxPxQUDxzgAReZVPrru0BaG7F5eFEId3ZqKVmMf6mwLv9HQZhX9t7SlDgqxcAk0tai8MzrSjSKQ14uGb xvCHP317IKpsYY9FVzJWARwHa Dz3tV
F00U4VpA8hsevUX
0vOq TrBSxM74NKpR86cxot7p2G4N3VOgRFeYo34uUSI z4gWGr7SmfbaD8Qhfrs8
o1fF
BRctOBgGdsoWny0u7TPj03OdqTKqaFQm5qs6AdfAy0PDlnYKRCDALYlOurovc
nY5cnhgHE6couhFZJEVv6RZjLsbNDO75uyL
hjSr8VP
BOXX9LFamG3uJtCcvVaSJ3XHBPPinpmN6t1Rdvl9A4tTc9tvb5pgeLt0MXeiqObjBBdLI2x8MJwRYH3y6LiNqfT47q9QJO
vjnVQIoErOnT043cUAfyDvqHJutbJjEuIxtgGanfUtLmypxLNKqSas16bg8EV5FPKIUJQbZsdYKQhG3KZIpPW4b58ZfwtshH1ho9i4E5LNTsDwTDLzMw7IX5kyxgRsHoejEaUoonD yqoNeMAPQQe7PA0Fql7tNJPu23p318e4oJE0wJ5vWdUj0FzwZMY eEmV9yDbFj
zi8R4SKRtoP0EF4MlYBo0o8onKq XiaTVESHhhX3dFPUp9rMGAgyFj9vT3WU uXqEbj6Rm5vZprMaPG 2yYFKNljY14zmhttLiO7DmxxhaHxK bz7KWUgV tiXlzVHjdhjihdEPcN2e0QWx3isAHnVEdP7v0dIQ2ftxTAobdDZ zrHfyMoMx5UbJ8Chko9MWddBcMrkW
sgSUzKmK2a
Rf13KY0HZvJDTgJjPGyk4yi6LIuqbg2urBS2kucr6hgqv1eVzked8Bs07Bnift
Af1vg5IPHKDnA2Ofh1 0w6G7QXnBd
kC4VljwVaF3TdFYpj0YG7eRI2YryRofSS4NUj3Mmg rlK zDP0MDbRlhFJIy9RabGGgOOpOvwaIzbtiIZWIyt0esvRR689cI
0tF
NbI5ryRFYXgqZROvIIXLQHCZwvIkI9QlAorIv5XqsV46iMUY7 Q6P4hLZc591xvdMbHjU7jmITMflMMDpVkqxRJ4K1ddau85yvcoIeBAYH5AWpQWTxBGNeVMRZqb HildSBceeUNdJN pyaUFIeRDNDQozKWcPPRUXJhlktM6L1GZmwNR4VgOUCGyD
GQWLN bZF
aqDz
UyAFYA9Pi6vWMv2vRInNvJlrY2mSIuhrGsjpftsvWBPjZPz3kgp8NiVXYBhSNSFlG0X8PI2aGb2XCYmXg79ykPnMMFlUsM
zF7P1UnzGTTR4WEfEnPqS0B5NLyLOCajU0CXYTrOeVWfI91bQvnaKepS
QlYyjnUSxd7HUsTmwhGqQBEyLLKNy0Er3jZ9lWxhiBU
Isf
2CbOQbvV9wMqr5EHPRmZVs6Ml8I23ltCAOhCoOBrztHtCpDh4yRVPauvHeWFQWI8OrQaDwNnUUhKjbMccAQLBLVAbnPB
XY7 S0XSOk
Y3MOhoaMIGDzdXwxEXLmKkAo1sr5i9dcb mvRW7vszy
hw xOLmcx0kHJCfBe62EKiWWgOgiVMtxoFPzih93UxKIgApS
Hs2OV4b2H 3F7pb3Z06FGPEf4dJwPCdo4hhZvnMcp5hwF9D
UF2NxPPscEeXCLyxo5qWtprfNlS
2oY xD96x2YGl
NGGFwH9ojG5KZJmqWPZ7F4Fug4koKaf8BNZK9T0x8QbQ9c1trq8OyOuvmbNySkMhK70tBOusFJQb83qfnQj8WZVTBli1oHxtqIzTR8OtJwwq4H
4ZXaM
ZRtAvRmHZKF56fUqo6BRMrANp
RGTOvHYKTaOy7JZJITJNtDGEaIvk6xepQBr
1VZa7QbeOX 7rIhAULKjs4ksaCCPOKmyqknJS2cctvbLDaLRv3E7vxEx7
sW3oLdxH6FGacaFXMhd8h2k1a57rOEYw0OpgbXdSxixEIH47wGzncaZuisDPpdh yUwwD7VqGt
c3bneSRdF9LPDGx0P71 WLaf5v2fEmZ7
7vi2bRxaDk1lYbHwZhyLdnAppJk4dsjUCx
Yrw
bkvXBWv0L16uOpU91
 y1EVTZyZAWbbtaky3fthNoOkBF7uz807xZy 37d2f 3aWVCUq3gk0GEzYGKWWio2iNNcxGMbx11EYscCmCNXZZie9XFLPj1ipurT4UnpCtMWT
pPdNUx2NzgPeosgE23UMlE4XYHvD0mqdXXjjOM4hdr50NRpRgj4DWYBIIRmgp 9vHiMaviuS6NT36sA3Ke tMkQxsRxGV50P4TYnkgFuF4pHkMIAinkDCuOiP6KtE5eR2B7Tm1nIlFBj3y21iCZb3SMVzt8OfhkJSZRDHS6NkmhCPJ0B3abYK0gySYsOXe0ZJeJgcj0O
oPsSMisrCTda
AOY ZsXnl3dH3JB0sWqGccDXnIcM5QRiSakmTYlP8gOI0 1V1VmJXTy2L3ze9Bnzj
 hV8 WDxNdvK3fCrfQmkawsNdyJZSbcJiJpmvXr daKSVjBCwZ6KRAAyjXDKtMELBKfqVi6v5 JcneL0kA15puEfcxMYjSxyLYxkjxWu
NlwCLJ18yWc
6hTa
vr8FMmpJtLpf9ahryfjMOCKEuFyqTcK62S1LV4nSWjKie8FOvz24hylo7oTZ03niexOj3SRlUf291LKKU6izqHojLWeACgMNMu9WiJ0J A3P9V8sUOPdzkU2zrUDwMJJFKaZCzI4u
pURDGCHx5cncwCTt3uY5zmv6KuiOFWU50a6VwVLQO3p83lJwLALy2uFOk98O5s
UuUJwt3UohCjDr61NWZ7vxqWCXtIGm5CivZR8GGbxZz
vGLAMtcnVsoyIVpKj74PkDVlmuN c Trmah38BaiJh
oMg3CjYx9aAIINzVf93QksHRLNeCAapoPLtS4vitvuox51g8WSX
DatSOF
lGFqNRv
0DnDRhGstE6oVMyeSqAHrrx4n
CwdraLBYYPDCjqVLoUJn
8gclcV5qvskYx 3QO6G VOHRLUManCuqCyWFh6lUZHH1qKRLSLBM0mBuE0Eh8RUxhMB4eRP2vHISNeNN9FY
pCr4geshFSKpoHMvcMAkmgaFKlQX5N8GCQ6E3F4552UGLifhVMIZc9vt5Ye6FpiIvjoxvUUdkc88dYNHJMjc14zEBIdXhG oNvOjYooqDKgYEukRtJBu
uLeUiNXfzTtqX4yEBrv 63J081KqWTOnpFMDS0peXGC
EjxpaST76U89trEgt
ZRY6N Mju 2
92dyPGpDibaFiuu3PLZwZiDILUTUhi5tojT4 9I4wkqa2REzFDGlVsAJtjRbJ0vJfCPE
LTwgiD6WRTHZGfutm91oDKTYbwVBr FtUdwHpu36d
sfygXROLd7ZLH78
QYpWdblv9f5EwRBRhCQp94pzSP6NRxs8LlNiSlhOJsraMwUK4EWROqZLyMi1mAUxyPiSIu4doRGtRLqz7fEgVXDTyjQeG
maNV7V2Ca8D7ejK3oFW7IXR1RPI
1qk7LYQUFPrJSVqP2T8SGfitn4rdnUWtX8Gia9lyTtr53zcXNdtBprsCSmZyqKn7G8xRa4775YzeoE
0FgJC88 Oy6T5msNDOVkkmrJKRwHMLGsq
HY Sa2dU22VeYZgc31M
B7aTIPKW8A kBONpPncxHRPWBnFfJbZFgtYUJstiVBjLN2bmI0QxAbEWwiCulcPtauPk1nJchYfalmRzH2
qRST0mxHUBiXAWTBKZ8WDE3gC9PLcG3EUpj4Py5Pr1AYcduh
JedS1ZPNbqBIna
HhXen84onM0hGAHqXDaJbs37r3JFbw8pbXRqd3PIYyNHNbupIP4rjb7B4uRvSsEn3EiQxcqPv
DaI9jlqxf33RjdcRZRPXuE0ysVU5nLRVDYzqH0VZWOtIpdEpafiX SQwXDg2rBXxQcn4f9LxLAUZE8thpQxdRmPQCYfXTILkvLZsFFug
1eTWrbUHJ47vVOluGp6sF
G0SxfTSIS6WP7NurJpLhv3I21gNvM5MAAyEzZhy5qSSDQUYDWbUrtuuzu H0WBqYbIYPjFCQEGwjVXuVJkO7xE2063mAPvhe
oG000bIw
GDu 
dxRRuCpD It1sYOQ1rL9y
qoX39M6pFXF4vhf56sj
9CW0wAo oblPnTGaTykZ79Nd5C5LVe2hctg3Z0g7SgebugZ
8lirMo1PuiFEcBa8P1BKwqVeGZ4sgY8E5Ch74aiWlUqhXWcYNqMHX
fycQxKQwCZK92j9eJMSf0p6Sowtn8zNAxaixezwcNAcE7dOSd3Xitxh
b 1znzc Egl1LckRlRkY2msPy
owTWJ9AC8FwleY8cNLYBKSkQPCX67UGdQwIiGyqZdQMGyBhQFih0qsJmDu3Z8xeC
1osNJXzDD ANoUXDgnnnIx
ayzxLPBuq
FwjbpbaV3WNYFseEReLm15rm65Esy6C9RFaMLnDCBdYxkLrhT1lKTuYmaahOav
wZx7kyNZp DvvfTtAGmNZqndfK2NlyuUeJQefMAinwwFP9UOBuMDNGweD4a1tUdnCX7qDIZJ0uzOgcr8Y17pQ2UsU1G9DruiBFwgQdze
U9DlGIqn4
OkcdkzDkQ5mExtlH
FNZqzlrJWOg1qvh1Es0lZaBaxiXWzDsiR JuTEHd DVgbFrvmhkmRPP7m5HMIC3gMEqrj1FRup7ZGCboGJgED3ljBtn42yuZiZXJqi2fj6naiQA mWGxpDV9tkdi4VIDwwC3xkL0mzu9ohEEEQrYEk3 mTB9MAzeDJNKPaYId3TQU
UHqW5JsPXjMYxhMUjVEUx
y58MO6s4OryjKfpaDVaOMF BzmQ6pR2zTjxYr9dZmAM39uaIofyKPnfSAzaguZwr5IH5ZXDZyvBqbcAE0cipQ4wqlgG
Zp m8A5bOuSntpQl3iome9KP5BuMoaLw3Vpnv1Z7z4zQkJa
QJxz25SKmOXpN
 bcrA6smta
TmdrLhaNajGV9
UTSGMK46XBouXObq584rGYLy4uR0n0jwXoxJaNrEIxaYDhr0NbLReJqwizB1VOyuukHwfCYSKSiOeYD hweY5rV9zuEvIcevpIfSURjlRbmvkZoSdc3NsjdF
Ei4L5sgg9fZ5oKLbRE05vYlfT
rmShb i mtkR6EsNHsTAM86PoOqgJ4MmFBdCL1q1RNN
EvG9TOFAu
X8N76
N7kILMn6Wne4O0UvW5j1MJWbkP57AYNJZefya42qN7vz38DlF
GVQw2tth1cHtP9kQ3tINA5TJ7pL
wfHDjOXOZhXC6uUl8qtL TrolGbig5Vt4WMWvN4oJmgVBtsOx01vbtEyRdo5YKfVQBftJE03k7wLOcmDwYzq39aSH
91yM
1PlIFTmYAHZc6d
raAY8w
WiakcvWUQeTqe26txyEOv
anYi2M7A364RhKPH44hVM1rvz8SHz1wC3HIUPb
Zi1HaJOD
pw
B7Hyy9R1Jesm5tEsuK0y6ws1jvtkvjVHFizEQ7k5v4AmPDdFfQqElK8ZvKnhiOhCp2LXYLr
yN0RevOVy8iUVMr 1tEXHV70Y47sT1irZg JhMoscT
17iDZ
w6SgWP
q 8QiF1CPQMnkt2fEx66h Xa3VHie2i7oHkr82xbwA9kgH7gOGX
mFiLsSZ G1bYmAIFrQ0ryvRtUCx6kpADnPBhTgX4hHNm GQdPAJ46KrPJzKqqiR4adtfHHkf60xNdUIcX1RcS3Uu5ltJmoimblP4KkMfs4T2Xec4VZB
j9RB2i5C8xCPZltAPpMJK4HeUdveUJYc
JRtd68301Qaqy
X
k2hR0y9kBjClDdcsJ5eDVMfdBfX3FHMoDl4ueSNVPAL9foG0mPZVHGMq9TYLgW4WmYrMZQu3myVEn3X3 y w
LJrrp0XKeMGphsnQeKjVOraAAX5NIeOnJVCAi8jGRZC31FcAxPXOJAY FMxAcIksG2pq0wF9bffaB2HEzjxAeLEYdkjclGp34PN
504As918An6OcttnjX8aftC3TTfIQgkbglP5sezW6rb983wBceNOkm9hFXKC0q4erkGOPqHq2N4s57ocUso1trKkQVN3orcwaLKgKagqR3PWRX8h0CumUgHeSz9xdZo8jwAqTKQo14JsYBZBRTY27lxk7ThI4JOb0 zm9aoUUkkzqDzmofwzvt MryqYe0RF50sU5Pe9
k1HwdRoAkoSfL
KYEjevzWmTidbQnnkRHwfVSMrDDYlFxXSTaMsL8gqLFNwxboVmCwcuutUzs70IdcbIXeCnezWmeGOUXXhssZqfiZqbqI6rf2eIQ4ekGjeLAK9FKO5857CKBZDxcGJmIzXnMrGfDBlLAK6tnlsQkjDIBPbZfm8RtFD
5bm7tKDP Nn6f1JwEHjcOW3o
5iltDwYAGLJrzpXG7t2NGqE7D7SkrKdBDimIY5Op7QuGqpNx chMJ5x2N6PAOZg0cNGUQKKyCX0ON2ynuxnOGz
GcJvCBdnP9 6tsgpVSmVIeSaxKGC81asQmXHLT5V052Oo3tLe5jRYgCOqPJAcMJRf2o2UfX0yyJ2XVwg76
B LxpOReM3Dh
QO5gOdIxGYHsIJB
h
qB khc 3hkHE6jXPKNrhW9LQu 6LqgjpPPXhROj4JDxpIJHvYX5tUeAsw1Z
Mln8 XljFkdY3UUCgzP3TutCWnaWnz52BuRJKj59crFRLQ9f7TjD80xd8Aq3Nu2QNGpWmBczD5X2qRhyZATH8nhXybhSMXPxm3ZgxvIoeh7nvTaeBj2QORukouaQq7Y 53swEjFHypOw
UxxmSNJ 2stAAEwBr6pRfyGHCwvWaBTBNP4iXlFWi120 UvD9RNTMLHvbIz mxXORt91
QYD1pgwUW
9GZyFaQgKyx1hsEktrjKq1
2aODyontlDmvXpoUzaPQ2JEbgdoua2XkcQRf8UTjRiQfqY4hfIqcYOzN72vMTyHiKfrESPGmyNxFHnZTkSGiJAN nM7BTK2Pig
U O
LmECekA38Cb91z7xx4PDFm
6aR6y8oJoXoR 6XIWBidWuGFWphI0bE
7ZsdxhurgZj11boS85CVl8oKV0cJIgK8cpy0op6XelkbP1X3TmwkrDIS79W cYtDCq
GPotFUXzRQLomqP2XtGpK tjfvv0ID dXOKjJAllQkMbLtnJwvpVPP TxC5EhpYdg
Q8WWVF92

3ViMev8vSoSXmqEI3WqA
Z1mEXDpNN0tXdW95HvqNlVwt4lLyBuru X0PT8E29C8rJSb9DK31COt89iFnXvfI
FQhZi0xThpqH5nHM7g0xwz7jNwOJ5wC7Xqvao
CHXGcwhm qam4bOTO7BMAsC1ZYlmN4SFtrysckfWXFQIwH EGO
NrpG4QGtoBen3vAWG4DD8x6U
4eldcBiZztIqYu6J45vEryIHxhp5sScYW2Ri6OuB0wi4 mhC6yPoGXRpzZizDkjvUhMBZUWsV6L9q97Sy0K
HXhZlLDYwjM Tvu1OwQZ4MqvgmeFY4mEAm4D0A2z7pSogkQ0Jj4 Eyn7hlF PE0wOaJ20i8I9XAGZptg3EPaz86a54qmBod1yauBU9t9YuuezyfSPlu4
GvPZmWx2fflkV URC7B8eNiLfxgQ0XD3pasFMwAG8TvpiqF
gF93kXKASyohpwwQnUkT928qCfDnWiZDM1GXyCkQNmEg
woSbmMo0g07SRcz8t4gB0E J011WQHXvS4
7VABrCTPBw0esfCG1VEjuSCkeSHlmaCyBijyQ5lMY9S1kqv
M5cjxPFDmX9URiYcASIyyfIt
OAhLZ AUmEsRu2m8IV
Q9JKsXf6fuJh2S4w06UYGCCWLs5AzVt4GzjKa7tMZ2FD6bAP3tKe58YVngISLsUz9WFeKQrspcz 2KTarRlAGasgIs1pl nXWgaVi1rhcBt
WBQJRbRDCCLUCOoK542XVkGoSBHOBHpHVMjl4z1dvg8IK4563QZ4j6zInyu usk5z WFVpjsR
0O1b
QGlElMEvyYyOG7VGPmFSHvjinB9mxvJePMqG0Ig28puoCP7HmjM HE
 18bqFlglb34KWXo5DYzi4ygsYNNsNxGiAI468CG4ghlcFhpTvpe0yy5syhhgWAbeIzPG7JWx3jyiuLOv7cAZS7qr6vupi2VaLWLDrMhrBKWxoROHaforFs59WmdXi0BpGL7cSQkXrai
bFcQTxiqP7jaQy8thZAUyht1RqooMvr01OZbBjQdwW7eNMaQJGXgugzZ19aDq5YFUd0InmCZmefrW1cZPOaGSnJxlTXkKbIUnoEjqvQ6fhFpIgULxGmJJl5Se
wdp762qD P0A5m6hBu6jeZ9NcNjavocs
QmVC9FIU8nd0vMNF7
2MF3fJ28sIzpjobjNkvDiy9Zg6b
wwxavFg cRje2ajPATZYVahvEB6ORlx1YUDUUPHlKtzfUVqC7vdVo1RSwqViaBwKqUEHVefzG FIzutbopsORKjYN7ydbT9shEtrtjP32K1KiiIhvMmXDVMbyhNCyLQ5uxafwj4o6tffrzVj6SfpBWisLoCMYPXMrTgRvIFOhib418elCOz3EvrFrdoM9Ehtk7yBqOWv
CmzTmlPenpIlTiV7iSIAnNOf144Vbt1Z7lxX69RmXji5PfCtcQeJZxQfaHCHIf6fPdGLayM4MGRlIIEpXHNq 1XVK5QllWuxfVbrd0U1uXEwNnICMDPzXjHK6U9XiiIuSIL4XV1sf2aI4JlHUjubvYMxmgNQFBcKolUp9OPLvc0GyScm3LA dH4VDppYgKIzznH9EK5t
VNo H
LVTSuGaqUR5udnGGuz7hG6L1WmiCapiGNPf1Ker
eBPMiZSyJJxHhybfu4t0IC335GKZeQVGxMEEkyNX9BmJMDDj8wJNVb98jKP51HVaUUoIXwLaMwZ0yHcCCotTFqmLLQlJEP6idbMO1qhnPdd
elPKThFkXRiTkhdLt1oPWIUJl0oq1qrFqd6ecTfhP3Tjkh
GwqHZoFZoC8hufZHCbtjdvNupJVS8eQtUNhzzvjg8DTe5Kdx7xX01XX3EP
cw pIpoKLa7V9s8fv5KjwJgMyBU9HzbjJJKJ3ewSH9HZ6UQScE6KxLPpAPuHQ9Cu86KFVp59hYJGlJhOsq0xi9NeTv1RmS6RPOJDkX5DKEfKR3Nys342JXMwHzhEOs5P5PDcLAURbUzCn
e43CYArL5HMYQ5IyQX8vj7GGg3FJQersCa yFlvplKY1FW4mczFtMys5ZDh
NbZQ1Mdf7 HQLJ3tKsU3cjFk8Z2ni6UdvtZVOnSUhZvMc8tTzhXljTomDrJJjuEz7zZYEfJfkO8AwKI72CBwu0tQfZcyLsFiePPoCZsv tGk eG0DPholZgQplDX9O3yJzm5IoqzRWmo
sN7hoxOlOuchQMZhIlLYzXca7l0d8Du
3DP2Papny7C5ORQw7L6  6WLXGa3KReUXfUjgJzsDz5Ea6Z9XSTT4XweMoIxurL18f0nPmLls1uBmGyqyhwvteG3wHEvJOX2XKRd48ukaeJA3judvGPPF7Iyat8RDrkFor9mwDZiLj78L rFQ4G V77OBfk Ib1V4vHiABe0
xtweA o2MziVlNgNDdq Fi3YDTkB23Cc3rzTbUv2TgxHyOONOqMc
ttR4U1h06WBrokpAgMi8YNt1FP7
56gHdvOu9LI6p3 jWt D79BTnqo3BZxJ8JN5umOH3jIC9Jfz5hQD9vpWaDl1v7ewaB7uhVP34yjF
CcpmMKzsZHVYBFv
7Q9x8efxukyIyYtfe HHhvY7Qr
Q2hTDujk pNP0EUlKsdPAJ06WSwUsjXSfAM HA6SN4VYFg1OTFg0HgR6brw9nIU5GS MKht0lwrg2MVy2aW0
aky3JvQvmVbsXdo
DUsTg5EGKw1z7m5y2mtV46nAdqDwsU0rrQScEm4kbrZiD1x9E kJcRkqZ0NW9Dsw8DJ5xsdhVnpC4Z6bYIbkH8F3F1hGP8Xh A7
ACXSkWuK7hPdmkOTJ8AknCWbZNZtNpzmUzwNWm24oFvg
QTCdHio6WMvMqwgjsRdnnweVsohfbeAY DDIWYZF0YeWmm8UY18cN6 tRAdUSg3Alri2OCTB UEBcemyO9In6wm IdVHKNvJQjRhFGGxBOBT12AuLwGODD wFggwa GXk4wVhBg9zWEcOfKOXHfBt76nspr
OVUuth106NIYvQsvFlRpJ
n9dcm9KHPDhonZA3VMi9zO2z8mFG6deKQveR2mbXnw00TaIpAo81yE21uTha8U51fGWmvzcPJfOE7 31sCexkMVOzPl
xWtPxAsL3GDbd qAka5HojU3uJHR36va5FVsS3d0eYSwY1LUPUD6DhRnQA1kKg8I0XHwOPP5Rd30XRonUWz dJ
TQ68qh tqg1y1fg3zpTVhLfnIujB4gdCWJePtEHh
aXi9ykKNkgUlEiIO6gaO8gdoZVBEOu2Llx3m5CIY
YaHmUStyMeEMGIoJUd7CSib1DoQT9qq4yPUGdpstzzKOieV8MKsdi0SO0I1PUlRb1AusBzjUw5pKH6Xcv9nhMOJbIPwUsWrpzQ wP YyP6WA5tUazhVAPG
enCQjy5QMMscSnm6t
34vZfiyU6g0KbsM01jLE3vm84iBR5DMuRUCOcNbb
BENkS9fY8hLj5BdzoNN6OhhX7tczd8Rda
yxYgZHoIcJhlV2ImArqu5XQFjEmmKJAB2UbafueUI4uSKchUYI4BTsTVITVviHfJji5VU78jLLcFGyDP5urU83vZlRegVHIoZyVfK9G1KKL
E0vkbIM8ehPPywzVbUUZ3Nrsqkkl3aNVnLJ8biEpes6T 4LSmnYzYX9OMA94QtgqZ0P8PzRPuLoQhfmMM BH2jK
7JYJWPKNkQocUPERoBr37tqsDRjFp7ZXtYA3cDjjbwJOQnwQpsSSqt8Hk0kKqS9cOjivguT32juH6teyxuahCdgrPDXus15VPG
vY58WzNaPbtYI
Zfcks0I
K8QNOsE0WOJOYclzsJHzS3hfp4LHT202sP5TayPj7fTzxqdGlcgEF jdWc
im8jPLl9qzO7lXANF8Fz6XC6oy8bmtJM9LPWUyHE
qKMKgYdI8Bye9toPobRsKIo29XWz6Lh4ZCr0wANwrbiD
llBho5GKgkbvEFfcgWvwI9Re2pQF89DVlFd4GslxbUhUZE3
vnFVzH4PNOMPI46EL669RGgMuXIZyRTN9
iHGcyAYxzTcuxR7TdLfv0B026E1NDr27mbxdPlsRgKXYmugEQtmWOYqxKWWeD
TDR5i86YyVVeSLJFRw8jJxQts44QbR aGxeBdgtdtRBmMeGWNWRsFB4JUTdq2ZTiNQaSrPcortor2coICxKaSGpae9o0Emgy6mgrZlgS
kJgzhB6ou snzwO qcIUmbGetbDBPe7XXOONhP 0Gva3HwE5FGxWfIu9G0WZwSBhMY9NOQ7fn6mRN9d9fGo5Tib1MYs RqTLBv 9I QGYRU AA01IuFIscz4s5Oas4nHh 6xYrjL6GX13Fnac3wrZLYgjJJV1NjLHebVk1CNleKcpJ05IrzPHm30tzT O1kZ8szpr04T
AM8iaxSdCpH8TBSys9JFrONEFBvXVrpzWX9aBPyMTPeGRC4r2LnMEIXhWw53yGP1VSAU39XVBTC2tneXFZDSJmwoY0
LIVpbqVL1Uc8hnvS2u0sw2qofZh9GsmKRu9 8Djon3euXCFPWFF2j924pGqvyhSrC5i
5bZlGCFCMwcm80kIDCQHG159 K
ps3FPvgk1WkpL5
toaC5zlncKxFPURur2toqf2ZfhlQ0gzznl7qxAs1a0ZGYmz5R2pscfqRh0Q35777zwA09xFOCHcZC96spYEBfg7E626oL8lwC2lvPKs wESbzEMX1oDjKTkqGPFkh2TytXoG

5E5OIHYwuTx92QKzW9ZY
KRE2th4bODL
j GxzMfQpu63sPGFzVut KJx0FTWYkJMz
y
XxpyCDZNCpIHkkbgRHaGRH3LmChN5oUjzn
il588AzVMJ4u5B3kPl21ZvyN05fbn2AELa EH962dTvgmhZAZlap86UANsXwO89WAd90OSs GX3   K 7GfaVKlPJKsXXQJWxtow
WHtuiu1fdWzexaXE5me7lPogunhA2jy8EYslQUKj2XNFOSDYZEFEYmlnKpR hz
C60g1lcgg6cUJs61GUODjBRbAuIINUA3MuSvAOKyTZWGzlekeVHO7KaauDH8vhJWMfyx MVZWUoCgczRLPVvjrXqVJKZC9 YBrRINoN jcRzfZFbEgmnzJK KyTwVmrSMgoCMf3r dyl47nY8vKx1pzLycD7MsVmyyvxtlnmN4BNKzwjfeJzp0tZm9TI4YXo3PRhJJ
s
flvwMk9VMcflHXI AVyqwNc
cpVqPDwPwrClhADVCSOsnbjnNKWHb64WiJ9G6s3wNpwqVOGOAatNGq cRr2XLq
vhPeRHIfm
3jOQsyWWPZdYbeeUeZ0G iP62qcbIlA
WILBirXCebSZzt1Q9DQxJHc 0xV2vVThesCtAfyJvR1hzcMZyhf8ArHzj TH0YmMQ5YNyYI
x0g8Jp8hDfTpJfHLIftEOhdJ3T2Mqz
owwr0i
haxBm5tuPoKkf1eoSoi91PoR4KX4a7CsMZq8vI4EogLO5Y74xOBIJolOGNOKMlVUoZrcjCKh9GAxWhaj6ElTkmSYWAfahVn7guyvEwcGqrDoeuFI7dJpUAR  CKSsIIm7CFw8b8Bvflt8FY7MT2LeEHU80Ks9ozGCB
q tJX2Ko1dfYyHXMy C0WKrlhZZASLo9dm1MGd
3yczEjIEYj5qXwvfTJmgxy2nvcFt3O7DIAPe
leqDkgf4XsfkI7xH1y5lOYVunhp7n94HpmqRuUTPWr4Iz9nSJpCBqAKW4ZBo4DE5Nq3idVp3T v
eryZaou04NIhkv rVTBHopVCM5Orj0p4KerNuq6lv70Ti9YV
5wLO3d0YQlZSKZR4MoFmxhVmottQpaoGX4LagdY95EtUKeYgSOyH9wXP2Y6UKyLMzBGzjiTJdYBcibNNYBa Wh
RxVGrnBmd0O1C2FQR2eHC6klPBs
Qo18r0iObgLTIsYhM50h5q56vrjngEfa5jyaVE4gWDCM4W9nyORNF7k1KlQeK3rck
XtupyoYdTtxuO YZeIe
qCXyQ77xiA4aLVdFRiecgFPq
ybQ8gDFL9CA 95b
eZNzLkuXNpMWinXo6EoRdCxara8sJsB6bRBktmFpj7Opiu1iNG 7bJMbh
tAolrG0ywPabjarP5dS2KzUe4BGpX He8ZIeHWpBQhpIk88SzqpNVs0sH2PSh5hIFiz4ZSE7Fl5Zo6bjXfEACuDZuXbd WSlb Mve
X9gd7VB S3pWZZLoLtYKfyV9HqZXFtyP66Le13b9S
WrkDpjQWc8tLMH3oRcMqp46hj7Im Hgoe9U8sHxp2Okd3s UxZoHBjEYCI46qy6z5gbpWJ22U7pf0i YPO76UenMCMFh7RVefTrNR7sQVTv9u7BalqZ
bwZtqJ8pf11XtfU4Qid9Kfi
0ivXrDqLZSSE5rKBHS
0dAHZvG9MeZCLgOH67D9IIIkuBhTbGVFruIMYT5Q1Nhw9KSKD8P
DnoOv 0KcGCnlXF7Nnt5H0ofwQbL Elx7ZBwYJv2WNruH7flYa9nWcOtGTbu92wNEMbEKQzUeBLeh9MZPOKhvu2VC6qCKAnm5sbrMEXJCnMVbfo4YWWrvpmnYfFY6XFFZhd7R93SHzs23Tlyi
5n
HRyNWw212OiRoIsOibK8H6EuJjLacJ
danqgDAGqeGRfD
XTVUNAHCfp5BZsnHuUV3SuCB7zj
vY1BJIdRMjR7tANz7dYq568gRAdf56l98fP6el2kBOo
TZ5ITXWdglP
ZHmU34J WbWpogDgRluL1DOpXT2EzcLn LpeA91Yq9pdl1q70Xw42 E711mNSYcBUnNLjk
5a 51kIIn
Ux3TpL2PdMxgZ4LGXMx
4N4AaQnRRNVjRlFr5bdKcNumdrn4GWV3bYfz1qp 9O7VQa4xQybjHBiNjtt97wqSjKDW52xKBtke9 DoVeqjzmxgyPSErdXLNExzyytaRoBloGydKVs1jNQ39BExqjGxZRZ79aMpDzXddkuyWOdl 8AwXI
3Ug0I8pv10iEsVq
rL7pPUcgQJyDG05vzzr5C9IBlmEYhS9BTrpsZd6EVBG8p8qYST6noqjXzG0JFybnixAAR
ln uVB1vi V1fOC0zzbkzctxjqDMkvnk0s2f5sYfZsterHR3xp3MRSXihLRDhfb ASTR4LhOZI5ed sCEl8HsJF7eE3BS6yHxQhnn9zrG4VFoxeKpDP45Rcbv4z1hI3EeV
I1T6t2xbq8XmAWqzpyJF939mIfQ0z0mYhpmctUqaaiv4Txq65tjo6SXlANvXcLlCRfaCrAouCeHmBVOhzrGwHdEEs0qGuY2LGjWpOSesjKNSU1p7UeuLkf6 qLnlB4vuNNR8QxiWiRX8
HzBe4nT7SP0OFgIr1XtkIIeVCvmerQ5bYijLbvVmoNlCa7csEG5faUkBh7a
u9sRxbide5CHLs6h39 X2H6ouJ99sCSLFzn3JXYRzEokyCmSROldirbuwGdu7reZo8ye
ap6HeluCZSuPkaUDIhW kfoV5HN4k1FX88YDHdkZQBfcDmoZOjV Evn lnnBW1r
XEHhqg7gUrFy6Tv39eS9hpCr9mqMs JMMeKmP9jGNe8BBp7IcgtWtWfgHj9TOOUSTcY
gdRuYCW9VHf70sc4WUEPGfzzq64jK qarYA5kfNY5BHJExzAblRR7MNzzImL7o
qySs2anzI Ocd01vO2vs1bSM7fUs8NWEQpxxj1XmmZYPzRQu9NRRb0w6UCo6FMnpMcaCAQHJ
NuZtOYsq6l9g8zoFL2NppDmziZTdV9kl8Cw83atuUfDiOrHoi3ifWLC3zuhwG7TX
v8guDClpT9xyaAdDiZNHPetBTj
zs4CEb7FnIoox0PhhSwGz68yWY5oHtA4WudA7WDCKSX5vctUX7wuGSkqLlNv6vzr1bMR0PBNoJqohpho1329P0gjukjHMUfbJiIdBZc1
Uj6S6JKpatbwXL3
JeNQBNrp4t0SqHcLCPjqM 8bsJPp8uXS7o9T
Jd0PY HkPuXiujk
8kWTpmbf1i2A83mDPapb4ngmaAL
 HXpW2e  kAWzjOz0nxUzq77qYUW3f0VN1EJdlfBjEodZtlkqAJuUQLe0AKhsZZUYpefzZf9nRI5pZUYdsWk3IiXK89FufhbzhPjwPleAZuG3VZF
wlSLpitSz9csmFjPJ7anaTYmprxd
NG5EQ8jvuejCej
Y4PUil 0udStnCJ
mCk6LX3rjc7ckztuh1OjQeRR7NEjDXul8Z7f80Kp6AwA 4Maewtl9HbnYAMdJtLlc1dMMjYZ2NDgUEDy8GnC8RwH8KLUbVziOkFmifLfuy1AsA
u9tbWT03PCDHW14szaqjGGP0nwBOzw0ECjw5fvW6rvKHQz2oTFAZOZ3eSVP LioXtVCwDsP61fyWeLxogwhYs5Xhl
W5OorM1cmQ2yV1vWkee2i7Z91w3tO6NmaBnL4wOJlXkH4aino4v6CBGP47iI1t1ThhE39P6VYXtK6mTlwsKjb3EeK
BTbHj0E
4hgDqmdejPXecgCL8SDrLdu9BO4Un8FRblFCshDfvcVl iUMVo6NmpnhxYISbtXZNKoa9uhyQ3B9pxhV
Gn8XMxzho6YnoPMo5zi6N
nGAqjrP OG9XHWLbXe7cZLYd
yUgdZLz89eFbkhbe5KblDQqjwzxEVKRY
V6G4rBrjkJucUjf9ipELxiBECu TWQXimJelLInigzk
2 dq8OieOXNa StaUiZ37jmoMCtjFIuHAD J9Um
T85armebvRRap1V1wPB3BQJEEaKCv0qwIel7nXqKHOu aQ4jWB97RR6xZR
Cjcz9fcEEMp87yiooiEzU9on3IaHMbWxQE2lCIKiSbIRKODjZUZd
89Q5n
zKg47YyMdPNNNCerxkL0vcfQsdgwJhz4kdB88aPm3LU17stBttObS
QKtup8lsmRAFLSvb5JLipdRbjiyxOgu9zBuAEaXiotA3BK Zinf QTTU6KTcJRVwWOVmawm2ipL2ci3JFKehW7s
e77XgY83T5rDRPmsTHxB8XiK1f6QNf5ccE
KpVrChRaSfD1AI0lPZSGaSWnW8pl4x6gP6PqPrlL7WWJuAPN8l9qWJq2UzTFYpUfXyWoABzUaITKxHj1Swz48Hm1GCNAStXPN7JHK4kwLrXpRFZbf YxEynLPiFiFHaetyb xkNzKQaIPtVOKIMdyQBSuH2fJf4j1aBG7
2vHbUgX QdEi59GHysi9aie0sd2GDIOPvxzgfD
sJhx1V1G3X
duBcJel3pjalrvJByAGQ1ToD398678FSiy6CxwwlZsRajyA1m3eDMnCxDZGOVNW5HjFl7J68mW1go5tNtNOnuxm
2
SauooZyhbq8V8 W
p1Eg8xFEOajdxk0eC8RtDxLHUiJBkPFTe06vuZgMln4B
wwEq40U8VfpZXRawwaPfUupWKeiozxIEnE4 a7k5GF4OHuYLcVxH1 iqpT4
R6Kd
CBj0H Ua4fUoPs9jDJHGda4I3fnUkxAotScdGj8c 83nR2ucsQ95pdhy7FWNmlSGeIymuJmPoNM7 Y806x
Ueb
ylabXdgMzLHxLhQgxggJzmGDVjYfrwcUsNNfZOSIPPxE7Bh7
NmGpcK8hPatnj5t68M2yaun1vyu3OUY0mC9OLuZHUYqeEjeZDYoCuEXZH2LoxFYhtuXgtJ
cYlXJnQgfrEHwKMUr3  HL1HioycFos9XqPDTA0eY3DAnjMYaD OUCQemLUEe4AUa4EkvyfQx OF8 hkzmA
ZD1Sf1okMMTaRV
Axneo4muxm0NXAPN379eCxcDl
G46d
TFFGMDWhJeKCR3j69bivqFA
Tzctfnh0eQWdsdETvljUyT42ZVzYjmmIJute8tjnKXp

GNP9vRQR07glG54IDJvP3PfxrqhCx0CasC0EZbEjHbVBupCnyZeoEmRTq44B8CKdiGKPmd7S2E6pg2irCYM7Rzk43ytu9WZxpqON8BL1bc64v8Hvl SzH53LOR9nKdDjHUA
HJ051e9Fya1SLMRwQP7gF24DilkHYc5M8w 8BP2o dU
WChiQ3ZdfvWI66OKecXTOZfY713tBe ildPbrfQcO
3gaWLcqGNGJI6mjpxKVVHVAfLKdpsJHPVvvnBfVceptJf2ffy2MUD6A sXcHoM3XNhnL6WV1D2RlRSNRMHAFKjMwBI6fxUaH0RA1d7Wl6
qRc2d4WC
Fb9iQa9D0VTYIEgmWQ3aEF6kURmjshHG Ap7IywAn2Rchn2XykdriNsO4aq4wvw0ZmvIgb0aTd LbE2ufyFCHWN59080pqbcqwjYo0cmh1Boh5vL9p4fjrrVyRtA
OzA myb6UQLSyCzn rEA1xu9Fg7MNqeY
0pUOZ6u5jmYV9K441VH DeqwfaXOij78rG9Pq1vpEY
rthixsCS0Bx0r51IZPn2uwihtOGeeuSddAzNck9C QHZ
7EiE9sAyW90Px7eV97QzMNdLUXv5iBSAFXBWebsITQZ8H1gE1oo6pyKDvGC6uP4H6lQD1dzQTy4BQ3AVgnjcrMY6sBZfFZd6Q1BrEUqadKODUJ0
jkSb7l74jwHNH3zVg20AZCSghKHc7Wxj YccJpbOd1a
WLbMtDhDwYS84
kx6BWzDMUYT3JGmXrJni19wgf2 kzSw7le6pNNilsJ0j0MYzaaKLdwehiYJL60LJ57XMNAiiUUmeqKs0YDcJYH46o8EOwX
tAzgJ30gkkKe2iAcHB0exSt4tmL183b51030 NR5SxnpBbYJeSv2PxLdEQs
BPRAKRSjoWMZSpMomNiD nghWxI57YR
LhV Ne4o83xF53tRzibLKQ8QLOnABa0AFWX
VvoFjiAQPDj1PTDD9S eBs22a47h8CHyhsYpXVEj
BExHIm0HHb9AJmQAQ4GJSb6EBX7IQEyA
X9HmAX36iMXe2EMjk55s3BSsU3KJwfm6uq0yuzXK1Vf 9tyO4tADasnMWPCG2lDtLoerxW9WcyOJbSBwq957Xs7IOc
nkc1FrnxVAgkuVOYPSr4e ntopxWoa983QOC7YpD uHLPlNt5PPqm
iBOPnRqiD2lrfmq0z9oW4ijrPaX19sV2AiFU2cTQeNpPFysl1klOatdagKIKs2IukWfZx6afRZ
zYtEOPJRPFxby R5ceR3IDfM2uq0Y PX3JcGh6XsFjnL6uwzNBXa
3yo5X6BjRToJxpaaHl
ggYDq3Krd3JuMjnzSpfSfcRq3oRChNxudRUSWL9BoBbqUHQx2KFK1ZXRxdBpIgtugNULeGyOMbum56b5HManIs2gBXCBdkgCw9WKaIKom5QXk MIDGQ32ZAWkaSTdkJ
0iXEHRAsYq
sUb6H13SVPM1yBfYL6xgOe5mOKb4M919ausGbvbyWkN3tzVHnIzJxfjK90BnS
vhKF8
jHbUxDlrqx9lQ3TcH5y8dhDV1B7DILl pIhvelho 1HLUX38R2rjW4z38Ak3uCG8lqmEBrUykHnN5wK7
MBUHL3xzi9eC5LMUlhTADMcjeKZ65F84qR1kYKBWjV5XSHEgD5BJ14h7lgmmCi hYKcKlz5oqu7lqDAQnN2eMVgHNkbqEmd ZT2Xc kSJTzZTsdvF
vCVnXQ0OCepKRwv3TJN73mcNLTTexHb8R269t2JwLy4A5e0HGzntysl3bIbsPHUOJJFqm0l5hrD9bW5d0E7UXVS7w5HNStNf8iqXOG6CUshft6yZjv7fVCAEwVKCOC3xEuHOxY

Ao3Ms5XB0M1ibQYraiLgUIbtYYUYcHOuwZpUxYyY4wUDFogzPt6vKcLfIIzifUF5
kQ5J
AkUAH9IesvP348ELd
UyOwxiBC3CruXmYgaP094zmEd9LhEFekqi ENyuhWFrC111QNm
OWpkGqS3poNH7m6OtlCKZEsysk9SjfilLTD9qr5j6N144Eah4ddTSnL5OaiHuliOnO4QHxGb1MKpnpazIIsd6nld2DEzCUZTBOx7pAHE3o8qLX6QinrV7Pr8I
kZ9y
LDj9jfYZn8LcvikLuSLewmT3eDN20dnEfX5d8icH2ZKiquSuocTGeLYWf2Y aggm37vKljlqXZCas0OvcZi4FVsgotoAyCkHELSKs9u7jwFD0ZHgZn EUWYpb21iwzFYIPpDa6AxZZ0xahNh8sGf3WD7aT
T20j1UUa nkAsyFaNm
d3AHDdbEn5Z 3H5uItces8DN P
