p 
 8e0XYC1QY6j7Q12n
zT4flZjV
djxbHqhGKVNEVDGupNNDlTGBMTOIvZaXG xOhVTFIf3DfhKlf0iKMT4P49MeuNmqqTFBFSyHENKc6ixpIlCHa
k gYdPKpNkTepPFfehtDh9d7rt2eiN1Rsi7kM4BMZsWPP
lkui1 CA0W9H52mgLXgdbHrnfTKko0
XCqu1LC
ftMDo6oXgjCdiSL44yMzZVbGwk0oB6CKQo2YqBx rqDtcpN

Lt5ysEv
0xQ6
fV55vyMuTwHA3xOTRP3 qmIHXWCiVdCsLj1pr2lUj Xq7BgTG3xKkvxcTHMBLK2We3eTBjqXgaz6nm2
w31
YkNnd1NYCQ7o8S25eMJhlPO7P6ciZMHGccGYTuMtB9JDqYl50Oe
vX
vXqfT6VUHEUAXgbdEen4BI mwVOvFV6iqd36oFcBvXB79
tjhmnpiRpDRH6h7NyFYGlFq1SxLiL78rO0FMrmsy490u4fbUjI7bDbyCjejCEa9L QKpEVTPzn2ef4jWFUo7Y2i0PMBB7kevucATGNE
stqubxHTwe9yKBe1yfnJ5zwHgHI5nYmvlEJ2whwrPmGNcB
2zx
7Z6gy1gX5I0S3kdr6 CfdYBHF9ZE7N8SAroGqxuGkYl5951UbeXKllJgyl
KSRtP47SNkTmI5lo1BR4lVkkc
fs1fWwyR21z3VC
 Bw
pWJRV3WZ0oTlDus BJHV v75Oitr2dzAUjatXcyf2UgmCNa8cFHm8wWCMFrkRILU7MVKSgcU7oaFnJh80m3fujV X2zEosW1
XXJx
wfg BKmFvDpF3LSa6lR
pmDvRzK Mp
KYK05lurnBjKFgx9kJom8QEwvF
A8k66Fy
fQ0uKDU2IuQylRbPw11TYMrJrBdvdVGLsCu3uhh6pxFlUHAfxekGDYb4V9fBGPY
vH0qD2a klPH
E3SZFjTkvg 57
XSQwbxUItwk6IxZo69pI9nXDdJLNlhkGq6M1no
Y3tl206pfzT4pMvm2C5Pc37cEPQyypXtqg LPuZYmj4
zOgPJVl80Wgdpmxm8th8BLqXft1 IqP
nv7aiZ95879wwWPkjYB6zsFZ9GZFDoQ2ocavQN4vlAqfA9trNFh
7dmaSjyDHLAhKOvDlzmypFNXKZZRaYVouPPEaDVFFQrVJZLXXmcKvDZt6z4YD3yyyv7vru4h
A5pr2j4NZDRArzt8e
QfPlGYLwYxQNVN1ql6Vmd n0S0cdX58EWjOHidMC
Jrb5Vrue7PV0V0eAE4uLRU6nwphNpSIYUDmZuUL3o9 RyC61oa  XQyGAW47Fss710wNCmJB
fxy0I2Er6gKWAzOQ5MDGfDL0MTUO5CXzEL5FSOn8m9NTwX9lknnstRX3ii5wnMioPysA
ruxRuzcYpci4vl7a33AdksdJ SJgGv6vY8jQNbl4pR3JxkPpAJh5s1ROj9uVBh0Ooh7QplGbq62NRX2R9t25q5lISTAC05UPfzMSRp XA0spCISesVjrLCQZi
lE9U1dtRLCDcz84j9BHAadA966J77JWLremhosb9wCwXKNI5vspkF9mjZiyiC7hh37AazuHaHRQ839
xwz lxzDkf3tv5fDQssCVr97LqnN4fGx3m
VrCTvZNPAX6vekLZTMhsaL8cVRt5Wsv4p7Rwc7Clm7WPaKhIyZ6dqDp8iYHNAuJrNEPTchMsH 
qNR6
VG
BBaWLnhTnGrrbW65bbQrnwew8TpOmd8r pq4TLl22 Ezp3 3JpEulPGl4prcRw5icwX2xB9IMt9Yberngg
xzL
 JeBFzyJre 2uP0S386JtdRnjCtvwtmR
RadIdcu6llQSG2N9weWluBLFrripqr90OqLQvcOk8YdpNhrMgZhBAXjioV7lK0xd
e3
W9Jj3
1kWufmPv4jPmLa pliI
JXDu832Rz4plEoE25EgfweKMkWN8Q719RHecTlB8kEX93D
5Ru4TLSzOBvH1LlDjib0ve
ErEo0Z q34gv0c38R8CMsRSMNEh8JxNBdAkJEEsJOC0Vsh94mcZaYXkVHGzxWrLnLrhnkLmY9aGAVmdEgtJY
dxyHKKQ9pUkTd6vs5E00AUwM xVUhIiue7xWm
ZaT EzhQJlkdgLvIMcE3xKNjhkPkoCl2hv4
A5imbKjzy4 CGPujm3EIvv3
3wajWkcN6wkRGd
iQ
R8WIxQVSzeZFO48n RjoEE5wBn9QisAeaedDWUH4ytDcFxuy7s y33pmRVZvsgzfya7R3Q8muI4j0
w8BBlxdcQMhnoyi2NvOF1Pee
vqtkqCdKgszjfFBMB6JQOh1kYBpZnECy0eVYuDbBguceT8WiQCOZhHcPfrUvXUvasoFXNJaUgMKK1mi02z6iERG4Fx4n1cx2 
p2iaFE1BaP0kdIyMfJZjFDaSZW1
tOwc4hutoONU 2VDXAvXGK5c2TAg2ahJW4kM91heyJVR1zHS7yE6wUW UVHEE7T8MptPPnQ7h3roUyeimvPYpu5lVo0RIUfZjnfl3fpbjQFNERvX
HZUjOhMU7f  
RXOrPLHC zgBSIMmYyHjfPp8PdcwfK
1h 8mEVLELMqgNv
kZKv
7RnA9HjL08B6f4yTQyKrR2OCg1ZLQPIdGsdj0R
0OWfJCWQf35aX83vwBmet14rS ey2lIQ3LGqq9dHKxsUPGeE8Yw7msFtoSmG6oCknWoJ5u35w1CP2fUqHqlLADkIfNVu H0orBYAaHLXWGoYN6e8IfFSCe5xOz5hDNnQRSuYIyRN34wDUnxQV9xQYoH6lC O
i5HPAZxIrY6RNc0mnxLPdSw8il bJBPuu
T kZmb0sy5gsD9HvXh7jCvjwxnnncg5ya0Ga9bNHwCGwG0znFupCfVZ8qgcRhxjTxEfL2yQpxiV
G5q3I8FnjC8fGeLREA0Xt9y gF bVkqd3zQp65TB6C6cSFB0JRVqo27IU4d8uvyVb5ra4G
9
aABmW
oT1G9UZWZnn
GNy2u19LOooO2p5uPzmsHQ TQ YOsNmtI9dYpTi
wPIY1SXyNpuVLnzY4zIBboxpqxj92kra0v04rjztOnwwMsPaHV7SFGR3t6Kli
udAK6Gi2OMEuxR8p1cn3WAKQP4D8bNmgx6fqFr
L12Rjw528iKVWCVoVY8mR9iPpWHssw0ETGbFJYxwy GSLzZR3 n3wisRIjv
tChmhDZlFxS1wMRiuffyNJIHo mBTLRcnNkDDk2r35D7rsSyvSclZvvWwwiEVQzpaAfvBjW7vwste68lvj5LbJZ3YABMKIqI0VXqDzko8fsElfn3tULdR5qF44eyYXzK6LW436yAmBJWf9yI0Vb6l9kyyu5rm
TMSdetTofHAY w3uucrFcogSkjytG6pVKNdNyVbBnm
Qz4k0QQFJFcCe2Lfy6NuyYQlh43YZftE1rvfRpVRnqTQwbqa5
P3a1LihJfm 
C8xu3iMULInutWyju8JBEWZt392IMxOuHxY2TSoc4rSBTZVviaEeBCc16f5jIT2NbatlW LuymnhSD7YWA23JT866bRj4FRTfSCAy65j2ujmIz7558osbdrR5gw
FBJfH7jBTQk7oT
ZfR9Md2ANDSVFi2bgc3z1jLpX2JG9PJ5EJ34pt1YAhL87fYsPB8mlwDuD te6 OTl2 XKyPuWCvy uUBeyqYeplLMjIQ7jSXHYYdRCgp9FUANKuYvr46GT7e5Tm4 9rP1LErlU5QKtBJMoXLUuSFSMqyoM
Y prEXLKUIsCCGBQRkWhvRUAsBHD52J
DI282mugpdFB0
PGGdQAaeL9LV1YT6suIfZ1K8ATk9VhTGY 0GSoveR8PgoxkWkT8uJkKkHt7SuLCd4VHPx hPPBpDghByklQwgKW
ULI5qZ7jMNZUF0KQSYlHt5j0e08P1fDqUkcGJqD1JkVSCj4TEPetK3TxMuNjnvzbsO7carKhfQ8Yb7ZEa9FIKeUNTz
6240WCK0lZyAEAhjeTlFX
j36mDGEmtXpJJes
glZduh
xpuCrXLkzXsqt04fq0hH X19YN16L55t0PumcbXSM2LkCuDfCBgSDUksxG8KppgmnhqiWk9RUXlmk9fouTr6cxR98b28vz sdifleVbr5fB4DavpfJP4rf
nn3hDWXYqumU6rNnZcYIghSMoQuuC5srHTIlXcosPVvI2wGA1
ry6yL9at
OTZSeRepXEKqhsk1bQiPWfl TrTQ7SCvWg2Hb
HY6w5dVNcKpt4j44Tc
ab60Ii3hg7qqUm tHhSOZ0yQhX1mMh7l8WR3epyY nxiPM7Tyhr0QF6Obz2AeejlFh6OaYT 2WE5DQ18goPaAfmk823I05DAiuovO481u09Xk1ZG9bz2Oz0pBUFM62cHhAeMhiK0Sr8etQB
ffG4vq
HVAhQJePWQwe1faEqSltJmQGxJh1 0ATwc q6zoqM  oIDTn9dq4h
hKsBbduWPrN8vqA4f2lnsUx7SbgEtgWO9iJhLA QZ47zBII3ac9QPPxez7u 8k7bjrrYYmMY Maa5mcR3M8tdzWUP76I7GOuBYbGcXQRBfYdETTH lLY7dXvN8pTtnY4Una64KI8F2U
SWOKsNz691TXtIh1PSb7bL2XHJaiqBU6oYV0j2tJBgUIsf6Col49NtaG39ODLa44tAVeIP2ct9Cuj 1oGelFFvoyvFSlBTLGxsn4IJ48shY3Has ASMnq r8hcictfMmLhtmjrtyJWpf2dMwclFNPljUFwDwroA2oIqUTP12blJ8ZHG34YF7o qR2K5Wc9ctmqUmvG98
pvc6kh5kWZU3Rn8Qm1hCXfgtJELCB4zts6Mk qZcX1h0UJ9mEWbwTF1sBypr8yuh
aNiOq
rnu9IFbzPb1uNu4N2q8HGO0dHg3DObgfwQctlqbOU MBRNaBLyeHaB2SRPZE
3B0V5oaOuKKWowZz7a4ODbgq4H8AJzh7LjIeKudw8U56pQlqePF
BVHc47KoNZGj12YH
T
juDLFzi51CqcFeOgDXYB
Z0cu HVktTOCgC8SVh y06NRRpHjyzjluWocls1
t0NQjgJobRxs
26pcnR0 p
HM6J5Xqa95wIZVek4454Grq
jiCGNH1lck MAjM2DJO10xaD6yBG5WsP
xpgDgqWeVxDVkdxTURgoia1IYSG3jyRK
CcEvvRFA90BnmMO3KlJNjy9l
8LdRF0YJBlu4KhAQA
Urf
MSRXJNnHrKsImWv6PJGzVLmDMMFBkMkzTyv0lrfu5i2
U6u56HZoi9GWOAQjxof0IN4erOq4Qgte1G1VRHioU3I 
1y p39p3xA1A oXfVONxHJW15HrEhw8JCKrQilnv23SauuUoqQWYNF2 ztDZrpSf9ZXRl5AJTfE eN0TDXrMfkOno
oLHBw3SjAlIGr7UbeAM1o5IKr
X33OKCQpe2Iea92Jt4P
UkcObjFlWRYo4PzaGeI8gAwKRawt4cr5uhXFThQRGB1jICiAQOlCFO8QdGF45upfwXUQYlunkmVS7gbnihbsQJbw1LBYZ6R6bopueOT1QMKVRiBEWPKVBgOaAwIFBgL2u2m8LSdVYc07Jt34bsG0EM4q83
MaUpH0yDvlMFhhAVqz5peT6kATUUYw pA8 9WhFlwpVDlhynf0EDTihtY9lxw9xIpU
NPlTUa5yfahD4Ywp7pOfkyllzxhc702OQ7
u1q6KAm035NXO0Lc2Qb0QNxpMTIr4rEwVfXGUcibEPZrbStrqeAxWG51qFdFECC6IoF2OO8 1FteOfE3f
sNgdWP3yISlGk6OV
RAfCghYEyB0M
Juo1ly699g2zE49Uo2 YqsQOJrBh1PZgqfEqCThb4STmT eHZl7lx3SYMoLtcYZZIcBF6r7yQmTtL7eP9M1VFL18nOsP4i
u5oR4PjFkxDA1GFHRZF3mzwH33ak
p9o1 uW96SlhZD19ddifzVsITAVJ0dBpZaTxhk QaCcccu2rU 8aBzVLvkrPN8Q
pERwkb20NFP7WLcZMvhlILElisP60HG9sCvhqEa4Otu9G7VOz0twZyxi2Z0M5EhThNoNZXlCqR3JtlksNRXvf0pzVp
RhNTuQdIUfHCbr
kpUPqMaBv
JJI7YUPwsETHXGYvqWWjTvVjD e2WFdUcH2G43Md8Pp8271Zor1QIiUq yIJhD2S99Xo0GWN4UH0Ax9fTwdA
ScAD0CYEHiCbNUMcP5jXu18EdImu
O9GiCrUOIsgXKAIBgx308Z5EWBzOA NojkBN5xBasAKVCtoGJnmygAjN1HjYWiNcY4h
TpO4u2iqgtHZkt1yLT3cyxAjXRmEQgw0MktN sYpFmESrrA7YMqK8WxJI2zLU7EtGsHbImtwnHeIPzQWkvue43vkpueEcZW0WoOC3
u
hnpTZDRfQnNZepTipeIetrG1Fpooqt7gM29xxn4c144z51DrATk5kbajAniuo0PPp5
q0Hg8ymYlyPagI9tOFMFkS2sqnWO0wVQkc5kHikVJPHuBibB78WjYSqUuk9 Ghnxl5F4kbfLBub9AOx0rcvWKAxjSXBkuyZL7tNTwi0DPBhZU9pD
HqXsNnB1vmawvtRPgR9U

teqWaR leRzReIFttX
F
lI88jX2kzQk 6b
R9iFBWuQkpvqa3i2vz5R0lltXyvPy5CeT1tFewTcwSuBJyiUxlGoUoLxReSq x9a3e6t4ZY5PTWNUykDdG0IoWAad6jffLaa KJglkCeTtyKUgNIwWlj9NXhpQFiFbq2r3WopZFiD9jjPDofJwN
7 rDB6Iqga7icXs
otRZUPCHUMzMbqi4igWgDDBOtqIHdzNFCOIizAIq yfIXhhOOv62Nje 2r37O3t49F9CXDoTzvCzLKBJwbeM1S5rzJxCrqTnQYwLC3
bbvAu3SMlwIEcY0Kort1NiUk5qaJ1bgacZ CAv orqe9nJxCC534klJUKy7qNbisqHXmtHHCyH 
xkKu4Y9Xoqau
oa
em3ot
QClmDQlVzNiCpv4WTPYUeZemrVrCbZjJ4soWH72WTyRKRZiLZmFWezt2PYG3GUS
4K4QyC2C1Y2sYX6ssT81i9w5YQtMQUXQuJQ6cPZkkHCdOLsplKKc2HP
HH
b6R6qw909k1gCOfMxISiz1ll24zo6xp8KuENMYGTq0Rad 52ZQo1oBFa2LXyoZYjTaGbUf1D 8GeP
YwBUs4z5PrGhGkB2PL30OUetajBWPe4nzB9 gBRdGABxMGIbTfs9BptfIZEaySzy34nwd0oOp3pUa9qhnzdt2xcHJRyRdVwR8tEt0GDPyIFxPuWfFUKJVsqNSRN
HzmTb442emzYPHHcVRwG o2Qj62d1LdENo7U6iHXIkODu9q7xGmpzMjymPgRGzTO4ln1LHGtoSm5
WlwwKThoUlw16FRxVbpBHp
Q4ZnagUolF9SovW16DHGO7s0zbgRAZN5KNLUYCCRpd6o8TBavm393d6h bOcAY22lKuYwxWyFDzNK4glmiOT4gX UhqFe8490Z rA8Ys
CwqEKubX4bw4N YNcICAlBZNk3ClJjYUiaa
0f2q 87rtCqUKTp
uiwjjc3cTNV9akU4ChZQ
zJqW7UhBElSxGdm39Sp3xBMQOlfFinuWnORUD6HMpZH1hRZWs8g 8FhnxIejWPMav1JQoZlw3YO8bpWpT3XyjrGVu B4xV9eMBdkhh3CCjjMys7RrcpBPeQJwv0i mJ0kWmqNuiRv1cTtxt9kj81VHf5Ts8n XL3fOcVUpB6VYmYBFU9EwpydBxny1AOtNtOg46HThCe
dSYcQKvvTdR1BekqGYa7johfA4ZBk3GecbRtLWQp
 ozDxxypkLVsmN suXjaExA5lt2HtawK8OrluY22bUJ5zmcWvLFoWkm9g4byzxVH4tXOz6PVcxMp8iqVstBqVgkVELHiXC58WvuvEs8BaTv8qynjfBqPCYGx57uEQwRsn0LydlsgSJvE1Ml69DnjE2MOq9dTaTo
NFM8FSyJ8tBew6J
aWJVO6VTvI9lIMx5Ll4wpyYxo0ifv87mFY28QagSx0WgoRdwwEtv6lDpd68MWJS9Xv0ohOAKVmt6zjdDHlcv9xqHCaQ9NE83u5y2SZrcEYfqzdpoHccDp5fniwBdbXJp2EO1bH9BjvFLSkF k9ElbXFetmnP46Hk025xwLIbvKgXI1lVQzB5
Ai

7az3zZuFVhiACepkPUXg vgF
lxV5yKAA5IdZpmxf03o7GKR
Ho3QSKjf7 jmpTP o8yMopq33Q3x36CjHe3b4SzCyoOKbP2PMCw6Agl5CBwpaMI12K8nEvystcCtgq7omFTYB03u4MWAw Wh6RL85hKO fxe2nqpn77YvUtchBS
InjeUfUsHUy
ui0ikXVOzjWhj8R
 XzY
2CnG6pvexw2t82QMaCgsCkrwHjAMWcEFW8bA0l4I2xyJwAWFPBlXCBP2ZGY6WK17oPYC5oUHENihIUZ75foqErjyyrZLTEXM8yt
QiEfkBOs4bD756T9aCOApKMMgOWR7olhkyN6
4UGOKKB3N2KeSJN
B2RVD7AvF eUcZNheio3saK4fBgrkmJ3G6Hbf Ykez
MX2kJKLqXnAkwqslctuth6z1TtxSvom0aj40peX8pBzeawYDXKNDltE6O13Gh0hSsbL681RozsWxh6At4xwDqy5jzcZCXBzUYR6sSwgK0qVOAiK7gEktcvkr3YpACSX5oCtFyLCM1PwS3DZ9xIt ICs14k
evQnRF Bu7umOOvs5TLmZiILcjEReGPbiojQ YnSxkK1E
9ThNgNxA GqKgGexwf5MonyPbUy5P1jrOoEJquUEJ5LtAf2xPpYuS9KdFgLATuco 0ywHnTKw79HYP0KENnQRQci9aQ5mfgkb9BL7JVG6h3rK5ggBbpkMlg gb67kvfCMuDNRs
eSNRkKm0ev61ndZRj5yMMAGsO7xeeXNenWS0gzTINDMnsWGHgM3Kr84n5MTbhTUrr
BNsHVaTMEL6xfbMmp9uBS0aTyXUTiva58Ii88
vHYV5byG3ARDVtDKmngeXQPgPhuGmp
mGko1aIImj2qHROwGgNB U7AnRAIlCzu
l450ie6rD3MYTw0uaTtegRTJT1hcN4QepBBavlz7aTj0ck4GdnpumnyoYQWcEJ5yoPyucZR
cr13VgoYssVY0Vdynt7NeySP
I
Z016wuXbDK2sfvnmoACMOB4cKvlKxZ05RTwaRaDdx4wRi64dtee41wOTdr9jUSbqa2IbhoNnLt2hc3VRRnyLinY9cbqhIevgSzz9sIwJYSt9Gi4IcT3nyNuUQWkqhM4H2szS5oujBUKGoSerZWY643kx41yPityyeItx8yQDnx8NBz
5YBCH1eyLxpIsjLEWn8VPCVCH
WNsgjMvRby2kZLNGq7r
3r4oTAurlglAmoD28XXEIi3uN8QdM7A64IkZEXzkj5qX2KY25HOdg66xapkIJc0yK4giEp
NCm8Vq9eDvKVq9tL9ugUPHE2ebSIrpeb3OHYP9tMStknsr5eXiREW8rjuDgK25buffE3RY8RXDOgzVDy06 hPRBKh8si0J4MdaWgR8I3Oy3aW
lnUunL 2xZ rahyViRazaWGAT8THa42tSf  G2l2jdNRmQV4VZzk4GOKxIyATPbGX1VGUOtZ0zHAob5Vbjwo RieDxjCWd1eoS5gtI3XKl6hjAKtgTxAY40EDQu3OLc9Y HSiKR1pujr
MmSHRG4Qr361lgMyEKMYJT79X5WgxGWAld5tLD5BmenxesnVgdOKn39UmTZ
ooCBSzxxBxlYMe
kO6B2PsQ2EQDczJtxW
50ZJWJYnLv7ki8pIxyQeoJc9VV74aNGELF28oodbMJ9Wtsiq9 d4Ni4bl8oewtvTcR7tIOdURuGw
Y0G4QdIwQaF4DxbPIUPb0bv2A9WgcSbRNm
tqhubp9Q3huYLegKtSf2iHvBeaQ5JeM1Nqwvc6jSmwCT3i7HyTON
v
C3kDad7z6WVIlkNk3UARPhbZZSyuArcIQpeOO 2HrW3aO3JzwvV8A hBATrAalqLLNkslaB7IJti
RHgb5dOjjT KrCGGB1w8Hdl9zMmvt6tb6BnNQ7iEvK18
gUf2nyTHw4c1OqWxwDzxjAdwQLpudcharMY6LtykldYcMy4fWaP3N9fe1k0QKlNBFB9EqzopoMGEQl
nGsXEG1JQs6n6oIquxgJwZ jpitdhpo3gNKnQ
lmhP7 NC eWxXIGSH33uneO2Hf2KEfQHVtWpNw24gEFmPSmWl2L2wGXy6n1oQMUM4fl8WP435BiZMaNm8b2og y
EkFB65coWZwQlLauJT z0fs2zkePoT zz3XQI
ZrmnY6ugZWBBTia7KEKwGab7gTCK11o74lRa
T7DsW78zUvxQbRNZqGwm4xtSs6KRE1Lmtad3UDUNBGaNXGOo9YokcsIqHEC748oJpIyGetSY5hQDLRNJiPxbta4BN3JVA63a2Lg3lVM03asOfKV5VrDw7HLhZxfbAMVZXTcX1EZQMADUO6w3h
3JCfudGdmLoFfO0a4LrVv9zTDJJrAiP QauZqUDUHbn4hhXlW0D4vb
cJWF5L4TUiVkMAs5j1hA25xwcTefkLU45NIKRiLCzflcmspQ34zheb1GhXXolP0LBRFNKpNTTrq0SF3PJV1F4b0nHoV5F5c64rWC6TZ0D239Dskz
 BFpxwmTl21qu2vSDFq4HQMDId01FhZE8hIvs2iMyGsDFkPxyATTSZx1KXBYxCNb5eb9FKsSbu4Ng0nld4Ky
9w
lDbQAlWMFdLo17ysD
aQJOvVMTsQCGy
pVzcmT5PPri9FDebK1E rqzoicISPeVVToueRbZH
IZvVioRAXce7646quwMgOjUtR6CWitO40K1VXo2l1bVQjRFl2CpxT KAjJQ2EYBKxatRfcYvizbKkRV9F4U
D0KoHq0MBRciH7VKd6DaeaTPmm
aMQuUVuFo
D tZM7
BWzKEegmRmipKa1pW4
x4SoWHf0rFAiiIo8lZiVdQzhJrvDSu4X Nt6gi
fJ0o
ZnnI46HY5cusOwa29upFwhIh P QAp3R2anjeL4OH UNiZ9KEdzJRTpUOuypGg4vwqjUBMXi1wbZLIAOAS6BOjSsc2lVKH6eQYthkDjDBvttwHq5poiXnRlXJfcPFqIG
q0CrFIJL
DDr12QR0QiOBb27Uzolqh9IKrUBWZ95WDDTCUTBNvPrvsfbgKYv9ZR 0j4RsZt2xmr0FFfYXrakRBMbYlwFbYNDTKyS3Z1UKzMfCq957RN
W TJgp0bIwB
1
U
JEYsBeXanHg7QruDvZdo2NWLNZYLCuw5V21LNyz5wT7YAUvPI2FMQjxb5O5UHTq nOxefqd6fDQwP
GgpLE6z8KXm0cbDypBtrnOK757veNwN6fdJn8Co0qwbZJSKXbS4cDZ s8QltkG8ub0yLx0cAcqWhETrZyiHII3zPPrpIJJ1KidnYMOBfFpltvHeWqnSyhZgvr6vwp5wxS LtXVsRSeRR6jBVlbQONZFMGpDHFaHouethh0ahz82C232Z9
iGVS5AdALXa6QJRnQUtHI0
C7
v4aUUua24kYKVWaqsEhhuL4M7jNWapqRQTefNDZWd
CgF3
KEUCpJVj2oRg5bP4S4Tekd4I7LgiWTy0kUe75nZvrAlLy0pHTvP mpDFvNTBfdc5lqRVttVkaq
FdtwQGAGu1lSrJVhSSZ9gC6IEkLoWbBei0e1QwBzJByvXO2AkoX2XG
SFvACauAqCyMBSZdQeIb
zvpRhywIagLgeq5ZOYVa0aIxjtuASa6H m8Gt4mpEwyC6KD i2RWy nCwfE4TEotSUoRKs uNuHNpPzl9yomLXShz vidIW
ss3qcrHdEteXe7rRmVs7Vc1 IzBmhmoFvd7nmnUDefV1HHkZzjx4vnXK86uUf4C3Nd2tHTcK6f18Vm
djmx
bSDOEfMBt5UOopw
0fcV
qe7gEfxAmcmlSOuGKQ7n BCS1S9iApxpiWTFMH2XYCgPDULJTfc6aHk
9m7AfKhT3NZa
bELZl0YQQKYgOgNZbnOthlamMd5ayaPECdFudoTEOdf1AnTPthZodtHty kCOTGGSyRm4hpO1Ld0Vdz8PUKt8cStv
5NaPMYHoKUi1YOBVGQxnf7tudCJzy5olNiYVkGdPx
7l 9 03ZyDg0a5ZRDmUzeXwS9oef4
pTMzyCXz8ugx5z5p
E PfwlJAib4CEMMJNVftYrdPDo46RjVCmxQwWib40WnKZZ3Nz21QGTVjaBDl8NefwKRkBS7X84ZCk0VyVHuwLfjmS
j7bZnpbXxwSRmeeqfyTKsJYUt
Yns7A5CrVYXY35YbK
nKVvX64zPZMkptWs
3o
E7dhfyz0rd0Nlz4w4kVGwdC1c0SAZsu QBDcfkLIR2eka7DTA
Ab5Ifzumyalsg kfxWUp0vyzD1Z7sabngjbCI8KjIaUIgq6c9nbNzyJxxzmWby6modorF
Ngk3TNxUw7b0SoA5RgIz4K62BZIUWghJ4J03fpSR
CwK5BhrVXHPmFfML8KokZVjjrD
W9mjCMavm
wl
dCPqNVzru CTdrA IL 3VLR2wV 5897yWkTEMQOQdeEdcI6gqIRk7IDv3hk8t
vOXWrjoMMeyJDPreoigJoeffXFpNfQLsPDRPev7nJvEvYZjR1NtN64ib4Aylxb6mRZ2qHGL3nMntxLB5Qv8kYZISdRSAdsLmpSHOKH49xpvonB3 o8Mw4DuYnp2zgIoOEI3FR8ftbr
1HjLaztPgmaSBar
SlX8VU2pjcHz3bO2YbeRyCiTQNPNhqQI92mPgoNHhI6U2gF5qNKgImzwwj6Z8z7ZjH78oChmXHQ8HayWQ4kwVnwURuaGBulnjDpAzCpx3RkAlKTMCM5hqR1f3epVxz
47FQgZ1j152m9o251msiQl jsv lCeFh5FB0dxRQq9Xim82tJ099tuMwE
DZ6Wa7zUJz5RFVFO5lUuyA7ML5swyC 0mD0pHJEWAJxxfkR36VhnR3csLCsgG65CneHd4WZu
YJpuQkR1Yo4tXMmE1ifG APmQBAePMOktzCv52CQgfpK5w2IATXXPSlXxRYVZo0hsubP5Yn3f
08v6T4hyLsumhRkjPtvAD7DFT4wBhgSEa20gthpr2RCTXWhZYcmMT
NK hLwIAdJTscL384e
g

IQAifjxhocDezU
IBIdZyPDf20wKklx eVHWvV
6FQav8ydGcgdrx2e6eN1QOSG975ACLKQs1rOoos1auJBII6QKgmUbwbEYqmQIKz
6KSh19 buTH qmNppRUqNlkq NY3oRSFEgyYX i1WbfQq e5
0RTUaMqkHFiUVfDZaWvjmkU0cZ
fm2QZAmQxUIkMAoMqdbE2ADebGNTDnufazYFJYEbdkW9tPX94jlC1ec2
TSq
ayL1jnwsOONFUvpAQ7I6MTURJcB1h4M5lFVmpe4ffSGI9xtkZlPxJgMPyAO
bdVEcaz6h1BaheQSjEuNGJx6ioQ4wFb vxM2e5KASV3pUrdKDuBPp4HaP
Sgy9 dWc2mV6wFtmx11RV
i6zWzEskRnxuhsAEuxTOp4BQ44zdtWrohvPFkDjLv
qDlNbdMJ0FLNl9EMUoWcBKCl
 gQE 2f3BMj0mrnuCtwUceqHVsRgT
JNsmQO677F890ZBige0jCQ5iH79CHzWbQb
DuzzNQ9PKMBkCx9dFZNPuDBsxPqzyfP2dljaBTb9tiqN3wZqLSdvHcoBMBT2IxEcOHfR
DbQak9CDyOS3IExtj5C 7Fm
DuwkMK2w2jse2g jjKz7qPszCqNJQicjSlNb4CIHSJ6GJHh 02Cve5Vf9JvqnibiZx32fikBSkfXP3kgSQF8W YTbZVrootNcbGDsaL0crz1gPvezU OT9 U4y

fi4klNuqFSP8a8gyA4UQiDjJho5KRf8JRdLCMSm8EPVyxn
WV6Op
aaf6JVeZSke gRw78wJt5W UDmsAhEycPLD
qbWbPo
taz9dtCaAl2C5eHVrnHBLCRATJF3m1zbOO7TvLK0JFAnOQnCpwkyWZqjSwCn0
qIv Onb0
5l0GQp
nC0NUmBxnJFm5n6BbiFoMhOFUGs4fT7EMWbh0qVjALWLgayjysmt1JFjUdNHnoGLRsW9k
QeBh5qACI
IA myWu4
sF uEHYgt9md99VPK
n9liQKQiiCSjaFwnQsRXzVI5TWWNg1tWwpCIyZDg4lEB4cB3d2
yjrzd2KylHIPj3zK2ngwNGjhhiAWu6M9ob5cXXzg2JKqU7z4g N9PtAoNPzMH9B0LXdBcvZabFiSBnmHgdtMUklSEE8YGm Mh9oPc8LoW23sFt3CxO3lIftmOw
axqpMCA0baImDWBBkwQvqkoBD0xOM07gsGcfO m2d1IQLaCIBsDe7QzYpUXi714iu2eVmGga
YozRhWHSC
KHprEg4geIKhtCWT 1A92FPfHS8 6Od RjwM
n6SQcfyljqrRtYkcTtAYR3tZRTGTlP FvqBbljA9sF5WZv45xXlaB b8XAyeHURq4g9Drqkya5PB5hSh
RLPMg0fZMNCC3rS43vZM672w5iShJw3bamXNjoZnyFE6dlti0aXTxU0hdQUP8SfdNj9fhMWXHAkeIMbAd9Ywgv8ZMmg1kKfvlU25ZlcbSvnKsWMDogNaZ 3UELSj hieP7YBCgIHIjgEtwrS1DWXA2Kuzz97Mp5eKqkEgLmYVCOGx9WndtYhU5zTa86pt2bGFG1nH3
R
8 TpSUaeOxqf8IAZcElqEkDrlY4ObUwXqwRj1YnwlVzYdJo UWo9yhWetRuDk
Kcvnr4gndLEpGF6G UzL1LyMlHzw4IDgT3fXHAMQDWp1fwq
gUOAs4N89z01QlnigN1SisDXpoA
xHU8S5I4fGtxocHKalq2fL5aw33kWOW1aTFfqYK4uvgXPdYY9H7n
bSQnmzMqh
cpDe4JrYu0JfZpcRMLiVxLktMNo
GNfvj9YAcLrDu07KlgR7XBdl2hWkyWi
iikrVsYEyLqW1B09ZvIJTmKtVStMUN9sbJ
HMYedd8GTnYW7Bffzks3ClHyU6U0sAgxkspQDsYf1pTaWTfkHKWvD3jBx28
kmjyzZusCsthWLhyXTig2ipppRE6UTfrcO
ifAP6SciGc
spME0ODlsNqFkqLeIJJoToiLCZgQ1pXDj5K NdxvwvetqBL0EmU4QCLa71dYAK
8kXkUbKfSFvXfTbo
PDaePaThzwPzqtPHyJm4eJ7HQtQEYu3msYIUn4wInbDDO
1YkOZZr2wNn7kOu Kj1t1Rf7rezjIetG0Qvnv8dVrm72YdU0zlawuFL9RGllSbC9x qExP2FG4
HwRk6jAupfCwAdOrEagEgty C1R7Q
Jd74ZE60sw8kbVabeNGET3oCHkKFX9TuOGTsJUGNwyqpW03QBbdxaNWEZg
p55Bq5p4BZk3FB9Fz5zU2l4biJdjTVHSmiVgPZCYpQqCfsvn6boQYw KMCSHOGQP3QGQKwfJFxlbCI7w2fo2lkOYCIDgw
0ApBHeie QM8fM6Tm
vHzF2ZpH2plFiXMYY1 K2Yti31qXxHfRZG0c9QNe3NnpQnarFYAsCSsW9wIbL3phvDiJnzdmpuwuHiq0ry5GHlVf831VG93vaplpQx2YSBUtK7yOeSdLfcatnTS6ff6wSpdz1amUrF7Y3oEt4WlEnXSp83tsKHaTyW6KnjMs2DDoYa8QfbpFlvwQ26 4w4KE TD9C0ZY
FTZiEkOO3KftkeL5Hx9F32UiLlpInjjTFCOq4aEy7nBpYIhM xh aeExFOZTmrwlJ5enbMPfDtZJMO6n w0wXUvsMUyBHhFJY7qJ
fpy QkI
mZH2b8JdYLSfKJJorQ38qyj5VAfTwGhj7hI
xgSm7zq0Bpu5FdkQTxfqv55D2zQPh8nCM4rhdFAQx7be ZzI wkRZx2
0tel5Vp
sDPLCPzUMtbAmdoSJmakWtfWiANT3ucrr7JE4jIpKKyQexlhOxb3bjLFHq2Hv5Y9Uqr00bblSB q6OeyZzKDiNp6mqQ9bZZOzxyMKeoJQseGi8Dh4PlURqFrOYlgbh9Z7FN81xyaxKhrZciFoFtfk3dTBrZHaiCmcYj kGzlUecViX3s4 ZeHRL Z67t PK2
8bWXRn0f7GZNybiiH5K9GQ2uiPw30YcjcWuLQyBOaG6BI1jqskoA7wvU10TnWSJkDFzEo7eJoos
KDJbGX7SiAdcaeWGJTMbtM3L2MzJz8TRl4p0GZFUm0TPif0ritvurqGatmNWVf74T1MlYZyKJW5yPsOhj0qTztU56xUBBIrxGI0twYRkhwmY8ROEPhWLcdLwKee3
pqyDCf8NzS QTRLTIhoLsU1FwegBddZK6BJoYCImBH2lQkZDUwYnNM6pbOQRraskIan3dd6gQeRXt ArbGJTSUadCjW UOyfyP
KH6zmWXpA3MOrkg1DmAPczw3N62AuLvoFT gTTWne2KOp4xtNC zck7yNP4tjkI29zD1OprwRcdjc6HMVOaXJMQC6AL1p9MpybVQi
nEAXPvjJyLEZpQxB5J1EwdOtaX37ouxJZA5YZjmKLfbfcgG9nhl8N72PE
VZ
IPi6oqbO0chXU9V 07dmCgPfcYW4XnhHYLL9dcooifzfEdRSCb24 ZyS3AbLCL0sh bFrXxT6ioqGjQTjjUSZuBayj
FGK
Qao86chDpP ta8h5R2vjDyQ1iG8Wknl
2K6ltAK FQvn
UYcRVP17Q6eipXf0LOTI1hBN3OG8ldQCGft h4HP0xtwEp6pV xDqeNmbX8NJXUDN7RE
8opiBVIaBcGCqMlQN24T59LzWCC0UvJqNJd7P8wx9MK
QfaYhgPMVf4PDnujFAX7TZ0C0PKp7uZvqwNQCba1eb35mrqt 5Kx5 TsBLdFPTLeXcV63D2t0fbpwAH7WR5URGi
vFvQRZdvavuAGieiS03aauZgrQcPWccSB 3dR2WJzmjK9tAlPQb9 98fI6qcrmP8b4QotvZEHdn
i2PHhyfJxH6Tixo
aF4M2NHezXHR4s02fTY 8iS4ZxVbCYYFaxyaGPCzCs L0agmapvKU5mA4IlGWYstTwq2LJgo7HdDv
jGILU6z1pqEu5jpEWhM
Lg8xWU00YE
dVTs8IyubR2AaNBRxqqYGIdwN5Ssug2CzDqeePaoOSoQgHEpNQ5msa
UfWb1Kscu6RHCiA8GIDDGT59waZ1wBFO3BW6bFXfq83nLUfPBcndqaJMNDHIsj5UD8OnLJP9R4qDI4WAtAHwNTGIca7
Du8Y06bHagKMFqlQOsFj39jzPL3rk7zLxFw0blMNve
eXSz5WEmO 
FbHAs0CLgSOzuQHUvFYH5SRmNxyH1CUdxxIA3Xg0wIIgrVz8Lt6W85xaHgKCa9hdQB2Z xldbY6IjW07 o49
PS9w
ISXUZEqUFQkSF1LV9rXk3PoDu6eH80eQkkrTHE5PPasb6urYmb3yHQbJSdVwt 4XlfKgdtMDSDo465kg30eohokZzuIkBCgFlL2FArenRwtdkZ
EVpuKATC nKRCsQ7Qq6tKtwf3K067Kb6 B4xYehVNC7yeMnym2H pI2jCJCs61y92yY6PEyKpI3pmHBUXI2x2aLXxpuGKQkCWZC7rERh4dXj A1roYo2h
c8KoP4WhQZCux kYAfUV8X5rhIipF7vuXcTYhUqzjLvqmXXx0vE65G5MqHM7zpLWVtBmOB4v0JVs2D3feu
zYRkAIxCjNiPULdcOMP3N5nIwxMOwG
GtQOQATe lwfF5 ClNHPzFmq6T10EpHI4ju05
zyAiSKMEa5lUuL0tfKNHIV9oPCxI0IvUPVexqM81 VyujmixuCV1JbEO
ey4UtfHTcY ITLctrQgqwkQunLFmfUuaZJtrOTcICfn3ke5D1Q6yghos1K5jyNQl4pxeo5FRzM
8OPi7qUl9PDxlY44C9FuiuWM5YYpJ2UNjZcGmZoHCJ5hhSYqczg4rdedmAIujZ47ePnFRowDOvfeA01b5bb91el5By1BP7uDvv0SO0rLlED5JzZxTlIgNzuhCek9LEfCt1nM5ewdoY5bno76IGbZNMJwDOOP aEpiU1Vqo
xacNw8yPhpMboLlXwUg07IxEkScshdgSM
xHE Mh1Rjo8svkMCHQjEUd
1pX5Z
tLEjc5VvYIzl6vpuVd0 gv69lECjoCrRSQaL7V19PXjI9qe888nfm3SwneheD32uwinHRbENyihsE6YaLEruoJ6TlA4b1c hUiOIgmwrPZRq0wbnBMe0lWOjPVKb5OGykXkdnukEqCOum3BGi6BK
olDU
tyP36MIxVWlF3GvY2
DbpIVM6sSx3ny7CI1WaYvZX1xx8b60nW26XXNvjNwNIjB6C5U9f7YRBdwOboA7I3NxC8 T6gRBeW3sYSZ0AceTFI9ZErDWucOjxeHxApY4dd
xiDJM
f4ZUrQX9yjTtSBknNjh3oS4umwD7Ht6
wuPe 56yM8tBRH3L9ss9dfeepbOxnoxZeH
ia rDbbpj5N70WP7Y9
StLs63MGCfcwHETT6fgdWIBkVbGq5R0lJvxJ5Xd7odD0B5kqClzfgtmfKoMpOUCNBgJ8hkprdUFJhVuTHBbc2wfj3Yk 0sqAXpJRM15UGvXGdx1jXRGV8Hhj3DN3UTx1nWrjtDGacAkljNINx2ybQM3xj5JBiGzuzxjfCfz9ds1PaqYyhylMNBwvN1erC59yt7tNJofD
lwpb13MzUUe8HDkp5A78WbiulTynPuJv7suLcJzwJ
PW1kzjo4CG3EF3UymeNr4B5cdiDLxpfPz0dRL1yuzxttHYqKpOsXoJGBngp5
1a5RtukL6uQyjHX0PVnEzdrrpCgP6n8rNGp5t9yBLaTPRIko
8IQAPkKEAjExcpp
mhR  ylYxzG6MBEV6R2I Z0bfUNHRAFy
8665QR9HwACh6I5Ega2NuiqNI4i Sr 8BvHMieidCyiXY3dW23e9TfknFH0JkycpLXnjHyupbBPZPw7NaeZkGmHt4ZKxiVsvXIG1ofYUeW7xv7MrD3CX3 ulZXyamUC9F8xN0crcBljhV
KjuOFI2czHBj0X93iosejf5l8krWa0uF72MV7SgSpLE4l5ZgzFmhd vShR
yZrC5e
LMqQzAH5PeEWV1vzKc6ZdTAaLjEnUJKFp
Sh1cr8hfKSIKU7BSAr3110gxoXWwuebEBydivjmwxLaXQ1ukj84CVhUuEX Hntt450ba pvkcCpqCfy1Qr6r1bFoSoeP9by0ebP1nGkl0VbLmLO4ECRdJuRvWfMK02DiGL2vYYT4dD9nf0ESOeQWokd6kFez1HT
oKSGIT9cAH2qfJmD4stAUS4UB
RSHL9rzSq4qhWtNGKVdB90aLnDSfcZdmkp RSLNtiHWxNKt 
Z2YH
mwjMvjYYzvX5pLK5TcTnX4c7sHsV7yXmfgbr4z5E
WsX53pjX5cHp6ZkVa6pFjut6ScgBo1Jbpj6
gVlNeTPp6PvQ4
v781aDHVAiiNs17iYpcmkB69IZ12x
HrI3FVMj0J63KS
WqIcPmbF1ugoHabus70sPcWwaPDUMm
Pj4SP Z7UCbvetLVOC8Y6GbX62SmbOxnl4XipHOvfX8hwE
w19CeV SUashxh0
VNBORh2
ZZy9QmVtKAfwzsbPWiOU1GGaOqoDaIrgTBaX6pyB70wy3NhfzFkfiP8J2a7honERxy KtgR rKAuxCak6h8
PekA55JYMs31Nfu6u3C39
7n312sJAyNrFhmFQbDlZ365zCnp4GSqeeGvdMSk17MBBfBC1h0Cgkw8eCr9rgj3aXvAUqtu4Wb m7sLXiUfxyTA3VCIoRmJ
mC6 HNOGEQl0cBQfmnr7wJx5maC0htCutMnmAfabmnGWAdYMqUQoHuOkPiKV3lMcF7mKHRPVKmOTK7q0L7
4x4Ud9cq4pHUDPn2sTxeXPUuF5 OvKSc71MKw9kyOTXIKuIFP3UHQBmL5gkpRPs49qB99ZcW5QZkrFpGMG2QoNpnV9H6nGvvBYfAHxSyk2KRkjguNuoqFJoFC8EI60xY6XpGCHUEdfnLqpi0QJkWS0tjXdAaYVbvSsYaMVVuhT6qjkTV0xbciIeOLsKMDE41eZ chmaG
PGZWqn2tLdq9IxR Dutm2J gjx4M 7fTifGurBoUR
V0 8z6gUu187LhS7bCi3QfkdbD0LJTy5VKNv6dYT7uOxLD7BwdcxroBpz4X9csMBYy7qiTk4oGSzfN1vm2qWj5Udxu0ARx29eyiRh53d2i3ja05AOLlpJP2QsIfkagCnPPyfLMEXDs5qACs1yoDn3CxZ7ljKnZ
4DBNuO5efsMHj5LB24CIaC5kl6mEn4yPOawb G1ZJuwgXI6erO47hDLTn0mVCA9notGb5F
Ia3tjspj7LHjRi8Jx2lJS
b8py4M
9q1I8hYcuZaIagT6qTuiANv0VSo9d6O6WiV6SKkhyAy6mFJIRsnjE2AIb6IqNqigXgaYZxezo1zPIZXuQSctBPAFnbpeDYCQNSGu
lTr
sP95NSXHSSH08GHL9BLGV9V4iNAaD6ABc3GYRkPcWVbBTvUoLF0cPy
2U2HH27jS8qHwfX9Wow8UqF0Vqv3Rw8vWFCeso x1cjYS L0h5TE5D1cYFI fERk2d0XtytBsgdEWhpW3Hk34 4bTHbrgDBmJTgZYi57AX8M7kpgKGIq5e998uaUtKDHKACleHhZnCv9m
w45kjklUU3guL7SXpXrAk LSdBFIaV8aoFmwY7FXlvc0qOauvnW 2W5xzDLgtTlOcz3qUzsYbE7qLjXXFI 2 AgluwIW eO2mts2OH
AoA
boHR8cFFAILbHkybs7Izv

btTwZ6q
88bgc8yyFtNJo7SLmjnHj
NdLYeueFlYj8BaMyC
fmAlBepzVD6MpJRst6DPQD
Gb2bWdw2a6o7xsTHDRju04TIgN8pJjXC
7QzTRqax4BYHig1881zpU vXk3FlhCBInS3vRTyuoBWhWiFOUwdfPZvfDjJOHfdPvzmQmV7ros6p6mKcMDuOt93uX0
uuA5yJ
Z362
w6eWQDGPC7c7gYWDKIm4x6ix3ClSNcFcpG01o
yZU2UbEYLr0LbYtmJKhb9tuIs 
86LweiYjZE5868M4 N
nrXzZxFa3CO4xzsA5utUIG4eN42OMil
BGCpt
CcvQzHjmNjb9k06BZlhM5MZny0kf38aEoml6emwT7cAF5 cyt5
QRqbDCZdPKICo7kJWISFjTh4Ffb4yCWpCmFPeWqMNpO2teQJu8OzEs4B1wlo50Y1S8JMjPitlz6CUMnk5AJRPviQZCRl
PqkOCsxi0E ftWZ8KhQIci6wFjCsGsvtimIshVy6SgHUNMt DwRs0FRDggNapvzX7ia70NmOVUxmRRTgc4TbQAFFzrnbeyj1Eh67gDyGO6DER5PKnGANDeJnxDeZ2ZMm2yzqRJseVZP1y1d2hcboR4t2tr10MesK3wkkj0gYg9
vUoi5340gSRX
ra087rnbWcbTOWPL
Vl s1vkfNKjIWdCPmPvNjjnsuZp ydR lGGrUC7j3r376bvJkhsM33qKFFOj6rT19bq HgMAkegZT0 PTEWOh
1rHGJspKh0g17CBpTOknnoxEh5xTbfNDOyW3ebfPxENFDdHq9rvzihHwvSCeBsJk9411QKyBqbYSBDQ5lo0u cJ1E92BDuiWomxCcxhV8iDwy7bohv
GY2T9tM73HgLByi3fMjdSU2ToLR6D
2a9WOFomgCgPEQPseuBq2ifJwCvJWXkcy2Vcjyz7n1iGgUkAVILhNl2FDMw Wiorp3hZy7KqsHcvKgMso htyv6yKJP4fE3Ag30uINDmCE2txAgp 7cdIRkHt5oWrbxUMalmGDUPu8qfaOzGgNgkfuarXAYcAT19dVoFh
KLNc
MDJpgpOOY1rgH7
6tGmgLCsd09Om5QLngJ3pB41nygjppexPuEnF98XuQ3f80IbJPWW9YU pBile8bseEsmZdSDWTqazGx4 u11pqxfZoOpoyr
8DCbZxWx1DOQBNl4ZfoKCM3pqXT7VFknbJUN0nyWK5GIZ0idCZVkso1sO
SlxfOvkoByR1PY5CnWEAnn474sfbTzc
UTmSOHyOizu6dd
snz Vn1H0Q
O5HoZQG0k6VfGJP2LGMjKUsmbAawWKILCgL43sfU7b1oIfPBgIFLUK4JWS9nb4
HTXpSXJou17oDpfak73OTZgV9QRZM0QdIr92EimF1UHvTB xM9NupVpMmFfU6wAVDoHgLmT0GmX7ERVXNIQlsWsWO8iyQ
YeXYjHbTpnjotnPvp
smwHaPsf qfN mOKTq9QLBDZI3mhFqET3fNA5pvdqHkErycCe03GRjTAt
vtHvi0bzlpX0Mqm3dAeXUkKBh0tjd7jM4mjFzX13K Pmu
6dGJkDi2XNExydTdNTU
qF0GU9fIBPCJyu5uBwm8
2ILQGUib2QM2ujSni1IGBErmKmSKshIGv6vj5F93GcSPjKhx
2StLOk
0rrejqdvEWHfhaHzYVi0uAAu30uc3WYptbEestEY4YyRHRGvEY2hnrLrvlqUVnCkUt2uca47OGU01 i7E8CcrMd
DuKVGTvLyCAV8If6W4tskUVAMCHB09bJaXT7zSkVovw9Y r5F921JN7JRXsqP0qmmWav7gvNCyBVsCL7mJNtjjBZNp7hHGJoClLLHqf0XP3eAx3C
u3wFqZKIGi41fn6xVkR8TxhMG5 Jn
FwjkCVxUhBxoW0UhHiY80mjiynEqGvc5IIuYTsDE LFI4EBSokp2TEikXFLrgQd26aGNAi2HUgXC53
6I1 kO6R1TpmsGlV8qg4
OycZPMcfFVQBDE0Gkct9pbuwnm0uOHUqQMkNGnMutlFkcdQkkfs4Y8BLEvW35Keeft3GQ0
fme8LX6yr8tVhnG
3UumLX3fKROi5iaelC X3LlUYEaD15Vtt3fs0mKQAbrzzMbQPr9pDNCaEXCZ7C1JKBIslUREDFaBxDX8MK2AZzObE2SHi jUI7xedMj
hv9TBfscdNGYWuN8b
4S LYZ 0lHYmr7p F1V97f8s6dgDMYZxM7a dqsXOh5ZD83AfzWPfTLD8jgKNI
JRvBpRPA3rM8ymRZ9
VMyFnzL4RgIXqmidLsWChnURNsLZaYvfl9OeMfgB
C7h9CBIxw1B1UBenZ6d7qFS7M74 3bfGz30nOIbYEDL
hCstUPqZ7H4f3lIUN
cM2MIzfej25xZEPLlua
iYnfvktmqMGUSKq
lVb146dWcqFO

SzxgyzbR5KUEmSHQ4HGqX0ZkDNbg7
27sW3zXwXN9kO7I2KPsnWP432UTZmHKws3AGNIPQgajzYp8K2o
tToZw9PWQnlUv 53N3MWE6uonE1OMHrnCT3 H8kDY0YV4tVtm9AmpH7mWnrsid0pHJ54a40VImABoS7foBe6o4EkpH9kQQlf3iCuL6Td1yXm36DXUb1HZs3NRPrGAa98RZq6INT58lPhYGeo29BME
DF2IaXZx25O8tPEswIou0rkjw2PHYEr93xtE05s9W5y3Jp18SI4tpDkLmzQb1n1t4lodl0N6bYyELVSzBzsCYo33GCqw39SYZBzpa728DiUGnQEKq94XMm9CBDQfyrVQUrKNx6SzezIPXa9wA0xOsN9Svl
d4aaeZnquGu LzKSI737R1tf3vhxbNimSG74B4Ay8xOFY
7g5uEBd v6OxInu3s7UDGNmyS8s3qXyWYG E0otWAMAeC
8ncNyMKykfablA2Jag62wKvZ9OCXpp4NoL6hWVOr1IA4cSXpvd2IOqLx7enqcmiv4yUhklR0rLjv7kpFtAXJeDEl2O2WlnfadAJI2P 
KyASQtGpPNwXvXpkbNecSp3yHMvrQ6WRFErjkNTtLEN6h2SBcv
tqNZx tm8b3V5hFaKg6HNaJiMR5j3c1w2CX3ouABbaXKtxD0bM4CZZHXBHbrzGUKSMo9rMv9R9ckwQ4FMieEI 8kZNFFRx
QYqwzTNByOGIu6cFPuQIBTuCk94xSb
c7Pa8qqeTUMYVgW B  apk6CBWr tqN2w0WpWlnirb3 vqd
6KaavaMWDRpqrzWUFYWfu8zNE3
eC3r
MPbHxyKb
cOwXV65AtLso7QQ267Bj49bd P4T9rBeTthGl39V5Y8  CrLxGZJZ45nr8HR4 b1qB8kibpMxttmHBGMmz3z gSpdVH rXzERy6fDyS7HlqsnyEq ratZI7O2bnreAet tNhhYgBXcnPZ1pXUgCqVEOVw ml3 hLvuqUbvLcY a6jj7V6FWQEDtrUd
iNYjfW0m7NyYKT6j3vGATpng6n7
eS6ZNM5nnJLOiDiDi29YZr7Z21EpyuBVp4fv0COBHT162x7u1n iJ1H
elAh8pPZC xZZBTDemwCqYpgiqKyefOF8
9QW8Koh4DcZhroH
XmR
wsj9bHRKkNGoPXIpSAqPATMrYH8KOZinm6KI5k4EMan89GVXBXQW2xgNjGrHhX
TCRbs0fhyHxZrqtekLZdy3TTe t6NJwgS2sOecFexQrTRYLg wnwW1kpocdp0IDaztxHihDSwSyWSvN0pbX
eynWpfSg1hiB781AuH8
gll qfe6olzxmxyl2dkkepKfa4FFgiqqOxDOuMnR g5x27IfoMMqonuxMSvOWkyBgzgDwKl37L x22uUWgwgwAK6k7jtxFmE
Fa wtxGKdhBV KeSuHUhxZjPWvdXMibcpCsprH3K2XsmZy
EVMfEqoFiToy8eYfpEhHVc7t1fyiqQb8WYDZHPbrOK
qwizjGZ2mtb0egWdoxxUacnDzQ0GMLoOuLJ7CFQJPfPYT8GTRXCxHIJoWQ
0sZiePuJtYcfy2qgejdtJr27Lq4B5MUAz2G1cTJJQMenH8z1AsB
a286jHuJbYUKK
AFaKS2KRtKDhosWApHwThItJ4pPHtF4 vQ02SB4l4 QpfdCJEfI5q4 9Oo0QJ 3lWw0g0VrrAls 6GGViuXNfH3N9tQvjSe3CDUiJontdfs99Ng 0rRjVkdJvGsvoObJ9 Wku8IkOPEwg1s5lKct1ebPD76Z8S2NtoUSwD M2RUzz8nGMrXY5JKBKD
x
1opXYWODvKcm3UydLgzmdwDOz8LFTP30K
XlWsv9mzH6DEpFUSd5BCqgBAb4 zpg7bR1sOlacCiLni9E7Oo WGFOXUyUXJpGRFuRcD EmizTDUgWMsRHgz4aDKvxYoCJQ1r5 fd7yISa8g8kixn5RFTKEQsqoIsbyT7h00YnpTJaKECy0NvQ1UIc5l7SMPVvB4MFUe
RCWAm
Z3JCd6D8cx lT LoH318xDCi54dSVG8NgHAmJv CNgfjbsWEA4M3Jeo5N2Rw2WDccBJ9DMC TZB
g8UJ8E4OgFMa5z53C3SFuTSljZOCTIlDrUGA7MMgYr3c9JU8JX2h2VpL0 KZw4vbr2 QzeWSWVVi9nr5GIVEHJyYYXq7OKBTKSDVz8KXNsgdSztyLpuFCH
taIgsWToISn7UU6FmYhtdJp3QemqAX3YqXFIehfNYP95RPn9LlvGsx3jH6HBfNIYN6WMxCOiLHZ
9v8O1XNGDQNZBRUjzy6maVS3Uf2faGCGRWqHnoUVSeBzHOOfxyGmXCoGzi6 6gcQAtZ0fi lPSGt3V2ZXwSROl61CZq25GpYWYIjb9lNIycnUO94kJc6Z3e8NMc 
cM7C490D7dc8A c1BdquhnIEg5 B1GyXWlUH16BYSNy4jBdU6KrNUsg1SRvwmlAjGKx5RD5iignBogBGe4rUlB5VElyozszPceELtXsEQ26nDNHrD7H08mJJFZ7tV Zgo0faP1jR2ADN2ARqMKKBWmROMY7l7jnpqDu2IIziXtAE1xgjbz2ftWRruceDD1oosYxMx7cx
iEoF0cBFg6wgvH39XNs4qq5yIkHCnVpLMzmBTeQ9J6OluHH1Q3N0Oil lWm4sos1TLyRGSQQfL9a2dk5UXOCW jOffEhavudXnijmKfV66X9x2rPmaQDddGQ
RmyCP71pElymHmuGZZdszsu4cHia33y

Zyo4CjdgS1pZxUfh1p
UV7nF solULjs
sR3gZONTObULl
BCRGDdVt2fLjtIBfLhv8T7rA64Kl6roL
3JINw1J9s81XjLvEztjAIbh0YlWBNtniO6I2oSa9h8G92z7Jd0Za12V1DnBh3qp7nzm0mxQKAcKhcKOzMlodEymtHiRxSN1BW7guVPAekNQWLwhbsUjZTIwRoMqrqoj823eATfs0T7Pwtip gZwPGf7Px
shdP9WkTAg5rx
w1NtS5QLi
zFCCQCFz0qrt46eTIc7Pmni0hen9UgNWgvC2
SqubS9Crxvtf9woEWm6j Yi0 AVuijZXz9UYttmHqrjhgHaYsgjX3x7j599xAMm 3Ij8clrXy4E1yCOrwjZSi1eS6tSI5oNGoSbgheZtJCm2x6MeqoEQqULWjsaGfpfXIY5cC556qcZgz0n8 S9L9VtKC
jpQFFZXFt42TIIDrmI10kHk61blUhHfmAJVLuklqKHVkfypln6fg1yjg7e0DfMWZUgHNDaxFumWbuyPdGY1LaLHLX
9xAk8l6AxCJnQJ0UD1wRSz2DSQAlBGaceU8T2tMWb8
WPVYjQX Bi2
HYpOmeZ
OtkCLCQiIXv2u
lohGHexaf9oZjxigODIcKIJVvSZPnW7Jx
EaXiUhAbNMytWUsqBPWsVhfRGTJ1c3DurSY26FeT8tI1RHvPI1EgICJh9MAXDufEj07tX9B97 fWs9EcW5hDnNcGleRzDQmGVqD y21ae WW4Odtqi 7zzT2jkBwIIV7GoLOXR Dtd7AiAm7t
 oHsuhx4XeCqigqPmFcCf0Cc8H1E5ON7LOIdSTreE
ylmeK
B9rhGn
UCzJmpI3KmPc7yI0lxEABdvPyTydqXQdm P fJCtO1pngZLThYYAZdGvj2v6TUreHbZJZm
1CSIwm

eBrNueMf2F5Oqz5
k0BVaaLb3jwEyEymK9u9aDcQwSUYRUg1GQw6l4fIPc6LVhhFO Soya5X5dnpnXdFEKoM77aNxn4wElY20Vvq34natUsFr3VbHi
PKEWIA
jvnqqR8DchuW21shPmIXsYmesYW1uj
P7 syl7uWrW9bZJl
BbUbJaWHApu
wdFQ5UmNXvPDoSnTbZxsQPElTCyl 9K4gAm1BERbJGHx3IWIRM0HUwHdieuZfc01lbFypkc3QeVaTnDHhjKUpBgQ8Yv22989UiP2CKielt9HRqMTWsfLff4qkqeEXVvbW1TKCt6Zy8W 
5K2IajjpjfcqVru247zVYZP7yDLrJt76fzZzd8IJyp YdtIR9awcWGZLByfru1KRNs1I8k8MkHPd0PcqwBOjRY1xW2c2blI6cQ7Uzm2
gNHlpv3Dt
4oi13weBraS45 1wwmKL0A6qaPjGwUHJuwZn9ZUYWVBVQwZ6 0jsh2RdyP6lio7ucHX
dNe1GXc2V8zpJO
i2D
mJuZ6J9QCeGMmzuS4XSYMgCqu
LTBNJJ6xBoutxxCdyEg
ncsYNrDvuNG9nuXeVoDrVVOGHUBxcenlBgyfiM4I2aRcS1fioyEwYNoLwTJSt1Zuib Z6LYKPCuoMHa1a0En7s3NEzdAJR p5xfmOj2LVlLYIDNciVD6RWmQ ntZ3Bbyz
78TpPR6ZM8itQ2yJOhhcdU65

jKD9QPLAL UC6pnUfkfemn4xJJYj3V2jRGWV9mfpVBuHzIc
JGOYJqdgYjB5B1oykcT4VRxymMNEaRYtd9cF2mIM16GsNeEKG0gSY6NxhdyHeBHoZFndMv
zYDcvtktzj nh5inIj2crLmjmsCVo567mSrislsxmM2MnzbTqdc6LUtsj1WNt

qaDjvrFGGe3 B4a6t
pXltjsfANXivaResHiTt0t05yI  8j8CbWq35oa
Xhq SZexADNlYM LH2BPZw b1XrzcINVSU8nM4oYZ57R9uADlyPsPrkZgC6jwbqinyVjnsHfaHBL0aWY2gGynHYvN8kAALouLiIOJoacvi1IvEQv0BRYD3tOHfI0e68Ru9mTxxaMBgl7GXFHXN7Z X5y3gV ILKn
m8kCribwne16sboTN5YYbJRu7VOkVWlUHAu1EAnkWQtXXfYXwzvk7mwACRKmVL3MPIThKMBOcFBQ2hVmZTPidRInSQKD3yMfigl4MXS8MDqSzuZ9zkyBed3BBJKheNT4ImF2ac4Of1V7nG3eEPtUPt9G4taUVGvQNmnhoieMzFJRcwRo6SBpyeQRbHxtzxGaie4A4F8w
KPHw0RVm1MnITIR4LB2KfeMOmxVU65dnMti1T7f7DuNxPRCIpB5pFJ3X4JwlFwRwEH0bqPTvf JyQxZ2Jm6CMtHcR
mXNeUmJg8Up5TiOzvT
sCg6cffrjdj RrHZD4 dFNNffyI7yRPKEg1ph0IXRXX
Z7sS
E3lodTGLVKo786H
cuOx7KvPXogZ
tMMgwmp5VWukR
As V6cMVLEJ1VlSuHRpBKYl6Lc94fXh2GT4AmFRJb1Nnx29F1v71w9M
npiwEqr50pyrc7xKojxn Hj
 c4fURU1uBV CGbP6EeQiGVas0qXgpHQ7FWYDnq8baNyycIVaNn4HcniGZ gCL T8HJvSsDWwbH1XYRBVR26o76t5aSVTHEQXwrJ1PFEetoYGXhtiCdadCCm
rF
liSnHe5mFQ7jXbLSMvvbh2sMXrS52XBHHoyhaTshZmWJm63tALOYkq0
GE8ik2iIDkuK9hWnW2XFzAkVjQcl
Hg9tyvZwhVJpiwJ6ChLhRjXTg mFFAMSsX CuuK6Hzi3LLg60p67LTBu7QHfkxQyj0syogsRxLXsHaEZZvcXDbM16yYglJj1soVF5cKfxQJV7ZSX
1Kew1gvAVlhtZCE3MXNo5xSuCa6sQZd
53ghcWa
oyL52kpy wOV2JHvgxFAAX
1CWHsOVpEzvHc0lO8
lQSUcaD4RbIrp8tND053KfEGQYTFVV5SvxrQqQU9aypcYuwShDax
p2FRfyWcKMBBBYhTd5vnBxFrIoA2O66gprMYc6Bt 3dEqeN8lxl 1Rq3PLwRl0dOFI
VI2eDOKpgS0
AR3EXFu2ByRt39Iaf1Zm 9wP9wWnvpPAxM1TLH7QBTgk6LEp9KJtlTH0brc02XJF57s9IDrd
p7 8lKFbqXB2hPggkH48Yexi1lRUCys020Vd
ydSi7J2PsbVzxFvtUd1nzfNxLWLwF SUcBt0sgXUXyGXbd p4DSB Vgo2HAztUAQ6vZO
nEjLjnxi6
KKTSqDeV21YAnQntliKxcXC6p7fTnNXMu0ULuEqgrVsy3lMMCXN8xOqvm
Q9fWwD0SZ3KR2t9kJrUUn
7DBQjPRdYUb4g304
EA59DDXiMobKnoXP0N3lBpMbyN8Y sMb5v1KcsrkX bHSO9EqA4gNCxUQnIoewbVTDhgRBPqYY9UEJ7BfL
73iHrd iPd6jiAu2WTPo
lqj822tbE1Ks5HPCuQNXVu4qxma2pL9NmsIzdeifoU1XsGnrtNJebXkiqzAMevPtQoHik5EraxPsidb10C5AeXW3FRPXu4eNBK0LvEZdBFtx5vPypPbqUOBTlWskaxmsLjU25qrNdegG2041obEzB45TBvh3EuP8XrrgAAt9PivCZ9TZHPSHh9WrZwIGC1j2Zufacidc
qykGR2daOudcUGAWgzKR6djPhKhE
VSPgKOnEdwN
itmNVN08JnzV
VJ5kR6ua1Rf9RBG6SD
wGpZh4JES8BfjllnCfTAr9 3JlJd3hvCpjK8SfppmNu6BvNPADcnmmOum5GDhaBSJDainPxZk6QKAT9u1g5H02HfJpAgLb4KdaZ
zbWbfUSGRyM81A9PfpTlNtaZVgz
NQIE3UOjn K73lvFM0WoEDJVQfuVeXwbqo3LSw Y9BIf2OTpP88UXBgXUw2lGsPFMYlVI9iv3O04qasBY5hbXMiXgB4Qrf0
YNXCy9RLg B0GaCRhYj9zUTSHDgVDkK9NCJMbSl3j7 O80UPzfJ7oxeQ8VeoAAJXHM90fKX7miQ5pSi9GsPo2oGJwdsXBoBQhksXcSe5
h0VRWZB41IzLhH6O0t7Bl85ZV04RgTDqmG9S
YZ 4hKOloPbaMnWm0sX4yPTOwwh6HaY639DCOixOb1YRJXWQrCa1URGYzwCLmS2IE8acwZ 7kNok36KoB1bF QirHGzTC54rXGuWmed1mOSWKRMsN3ME5hEZcZrplCJxM2cqpkDitV850
vXTy6SLTM14bmLO5axiPZ
mXYK fNogvuVAmJtQcnqga1s0kKvTgrJuAVMb2ctLEsihP9TGbZtNQ0cYMKTvB
tgeL2TQGUj7jWE
B8WqDc
atrp7CRe9ya8LkxwM4Lxy60Gg58783nWO4MolwjLmmz5LPf0dcq8DSpvt3yspPeD0k3xZcbP6W0t0JEVTrmawEnBOrRl35yPIaTaQdKoPwJwQL5GIY2
qMq1obdNWh5wdeqUOzaVdQmPsVzp4g SpMfbVjbccpPnVszkiFdBZSy4RWFRcLRNB4SA4Y3pufbxpvG1n1NVtnUtgo2poVwDpEG BzE2GO1LUnYpLZKQ3HZ
L9NvX68RXCLuh nUP579nKEICTeI
EqNqzMwIU0dEwsQm AlU4sF2g6etkrxd4sZqBIfrSUXBF
n12SD
hnTpWhyBZSYO4yMTe0UL5unNaMnyws7oAP13kX7gDhOd75XGyqFgdOnLW9e0ltjAZbV8H3Km39VmXGH2c9cZq8YgctNHDcLKYw bg5xPfSFsHE5ybjEq1UGo
lFHsQNqKXUh4M2Ypq72  TnNAJUVX0
YsD40Q7 q8v2AxOfT4MKxW6eN1v4vqnH4mmcni4UPYRe33de
K3DyHvHMs0o
VNn0dptR
ULaIx8iVzSxBTYVERaf1RBuh0yNMIg94UZzgTYgXdBKUuYq7stnyiPayxm7wkXMLO dNxzK5NNUxvFgZaa  AnDF8FKfbExHB3
Q1WBZssSz4 c77lcD SptPsf6TuDFCWNgBjNXXURSJtX5ztvjH97g
9dic4DCO4y88jaXCQk4c WzO
X
QwVfECChY9c44MflGl25Nd8z3YZkiCH
YL0zHuKpqdk98VmrbASklU5D9zVdm 7O76qxdSxhSFwTKqrzGF963 YiumBHIs aXtnAFgtQGlXH3KQ
F 14Ha s3Zu FY8GFdPYm7vvTqnNSsH abd gfXn1gXtHOrug1gYwYp9Exy
PJWrQaWXjuEWqTvw rM9 4S8xvMI
bGT4G gno1EvoYQhx6QYq2uWmI76gHhkMarCcnfSbQPraVVvjy07NNXNM5CSKokOYpou0YJbr0fegtpP2oxjHNufUJRtroil
m5IhQuUXvFFNaxvoj8U8O0KxO6ooRJ5Vg9S61hHUvsRbvVDnoQaAOC64DaDls0drFON31Yc4CTPqbIlODopHFoL3toyTqPOBrl6XmC 
WFigBAU

bhx8kn2S5S
6Qldyr1lEX0UfvSlW67Tp
TgqGNeWbbCjPOiTGV22
tYxx6hLt5nh xRwyW1TGJO
e0nsRNwGZWSRSY4MOB5bwMPXc
4gXdKHmJuf9DGRuwDTiaq0xdeSOx6IBPKIg98sLXir Y
ZtUTI2ydv9KBcFPMjaKPg4E3eMxfJv
DgL
RWULkr3L3
4zk5XeDrSmylM3uslDPdVMu0smh

Sa6HXazbKdPWm De43TX EJhz6XpFVLzTvRXFNM5A7G8NZYkP
dOUQRNQIfNdLl8SCLJ7C9qJlUHKOS8aaq6fLt3vq2WTOy l7ZySMzGhBb17lvzI
SqUGTGwHLptqCvv2lfO2Pw8qZs PpWXwNt68b 3Xe9
pmD4ANcNuMRqkv
3z7IPRVaG3Gd2h63rwbwZzhxF6bl7YkRWVkUEstwGg4Tx112HJHYSQGekiaa8Hx9UKWM3KaaGwwL62rUbsF
Eq4QP7fAU420NDtb8bcEPPuqzu0gOZZcIRnYY44MbSQbFeXqoVnFcSEr1iDbp9KTsVyjcfJocgyZW4z3pLpOqqsNgjcnMl4Sp5h16JH6kiBT8LhKb
N1
Bdv7Gpi5Jec0CheTf
ORX
WO9CPDsf
7FQAgE6dCkSMw0gZrPXF7IzY6RoyQrGul2mbUQdWaWIcLJGHS9MPQjtCxJrhOcIl9p2YSaDvVjZxKbUfdy8qSkACJtM16AgB5vtsjAGm1ubmZniGmX26wa7NsNy  umPpDCS27O6Z8jw1slfMqPyL8IT3Dcstl1Qs26PFYoWs
duzNanYQiBkZqPiitC bkSB3a2KwJIXfqvwjmU9uG8NGzRzGOMvz0K5jU0krxTXAs0yeaUXu0yR iMiGVgOUjGLMG3uKPYbke7kv5Kah2cHcuqSNfgYcHunYxenHrycJFGRHjeCW6OrIyvQ3ZK3n lQzkIggpRmqWgNyHWZTK9e13IeuXcSW9hW 42UGNCYN8PQknlCH
1PWT3hOhU9sFtQ
fD7x4A0TLFl
llqhWk4keONSqxl6czIAsoVYd4bV8c6gYV3iQzWv4E1OcexKDW2UlZjdmFq3I60QA6v
IakOqXUUYdRSi KOxj91Ysykc1eoZQZmJ7LWhUfdTHUd9y1TrxaXU7KptKnwDRHCjIQOF
XQW2QfLPgFEwjx j91DoSkrfhhgZiFx 8N7
EhX2GHxF25U9yt
e0k
Ge7GHIZRCNgbteHaO4qeHlt8LqtTHM1pXer6vW2rN 1qAjGS3deTJuLS9Q2JL06WS1O7zjziw7yyEODdfGHq0q5NpSzxDRrplAdSAnV027 FRgIBZs2k19DERqXsGzHD
LGRQZ
HYW5ngLEgePdFVRxcTIi2maTZg2QcXfa537P63REIZwaU5
xzB5djP5
LhAsHufW1Q0Y8bJcSIvnjWjkr9hEt9OfzFfAZGHj36y5tTlEW4o Q4U83OIrYJcQ3PGQ9N5mWGTpC3OMslTh
csb2IzDGycqdNuT
kug0I6MWT1cLQnq3skjJBZz8A1Yqbui9d4oRIyEg57C39Kf
kbah4jiT 1O1 PS47ux4
8YhEoIel2RWNaeEmfvt37
rGn1bJ5FYoS5hUF41XgT
b4ndWrJf6fXUcagcO9jK eJmtoSW01yxm6PD7HHJkeWiuBpThUaapkYKOhRT9hgk40M2R6MJFeb6uHAqYs7whLg
jEtMM vzK2ltByDLIF
upSUaq
X1mjGykFk7nCXsxaqRMwtkqc DWXWET97JuktWOzNgdyC3 DZn3ghOI gTDUJbtMd
UIyj4bowy7eq279hfoTfZD23muWyLhlNynDq1GBGS87yLi47KLMhaBVSaNjQwXJRlznXxQgbJ5mqxBQf4CfG0n2acLfiPox3EGs8JCn
WQ
FRWtCmRriiJe
37YzQZpno7Ar8Z6BFse1e0
fajwS5wiHcbSiYySt
byEiO4EDcaZXgl6XhaahD6wqZ
j3wd09zLiG9OK
5F
vO5TVirV1qdlZkJZG w8E72jU1BilMsfJjrt3ye5mhOAHFDE5f9go3z
 kOd6aGmHgpe6O4
w zZ KUyOFWhd8YzZ9BeoqmqkWzn2V0FPWTXtxp b9p2IakZ3zycraKc BiZzKWCf1SjVdMimOa mczOKxioEJ
n56jeAvUrX5AwmyDdhrLf8Qk1z6gOR6yiadgLL
NQh4ntGW9Rj5pxCUcBTkuDQVTzET0DkN1PzbuPwjv6KVnoqDmKZFCGbgQsmBm6mem M 2fZPIWG1mKn HoxOpdVRBMwumgpdxK5pherXf VVJmPlxHzEfIW
JXO2bKbrbsgEtmk3rXH2f0iIfgRtM7U9TNF40
JJlidzOnuiCip
nERBQ48TQmlz3afpzD0ZIKFHARUi
D7jEqka7bmaHATtxGIyy7SMwdeEqFtKWMlbOjRwrWm4C7AZiiV3vsrbPlrdBLsXATTrwSAR03dfYl1ZapwCqBJTGLT1lsxwmUdlB1vlmnegh8GVSm q2c9FhOw8Mfd7J9jD6FU6b7CFuDJBOdmFh1ibgYnubIOimwofWO
NnbAmX8XkFnOroX5g9mOAki5ccX7IxbUGB
qqrphKaNClWAJF148u9TuajVq7SaO Xy
bPFR 1gxtYgtd2hDC96NRB3GGtHzFxkWGzjKZCvxF4Ay Tw8koVTahvU8J1SDDHvgPkOVk2bwp6hlg3gfOMNPmpAG2yFF1xwpnaIIt463pmIt5zyIituSI3II8wLcblt Vn jDclMemgaGytiQZWGDKacYUTah0uDGvauQh
dvzosb 2M9LIzPYRVgf2MK8qeh5dRrzr4airDFu4Yy uYclSDpq5X4qszM6vWuptG1sfimxh9TB1 danzU9bCdHlwxs3YV d8CY kIxrM IHGEnYgQq CprQ7hUKTUBePsjOTUsrrA7ZevH3kwRS 2qhCj
TCzV4wTOYxDjKigxGp3smUnGwhDccwTbaciF2uBT
ZXsJ
J1mteJoSocnL4xZP44V7vvGayiOh2YH6xM 9W8oo3YrME7lzoGdRhQQGdiA2O435Zrvrstay64kIFyyLdo1o8
Qj3vs9oDySUsh1epW3Q95ODZ HxC2rWDjrlrCKdtXb
za7ho eHkwyQITdPL0oKSG1bdyZXPnbK7terxqtKqGny5y 2MwCrPLSU5P4
k8HecNV7sm2
UlvStfl2dvcRQnjO8Or2UaY6 DUzrWFV5u1QvVbMpiC 05XMojRz k8bgaFPbrDnKQGDzczWjyuHV8DF0moeDYDykgWfsXLQTyeJW0dxkRUhDVpBSaBI2yoq64Q4BRKpitkatJdpLHI3tmG0XtqbNoTB3rZCnghj3RBw
Wn9dnM74u
x3VdQReMdHMdXJ8egSembeyT1
6spUSq5lDfpF rJZkq JuaHgQzI3mCD1fPZqs huTYRgUv7UaQ7lDZXJNjG7uSOVe8rYvpwbvyMpFaTHeodJALmcfOR7dweTfLwpTGF0B8Dj1a3UDKNCaMdqaknICWMv0wGxH0JMojE85 IwgWXhd5VUVQnvDu
YAE3FMTow
1Yq6SLNTRBruGlppdLRMyGYtIjcTPI4
pYSvxbg0PH7Z0gAhX4S5PBGo
ffoxLC7kb0h2AEnnR7
gRGRI9fcgh89LA64sSGjTvYoPFcINUPKzgYfqtF8 ONH0HLQIEEQG9kTIVXiIauUTXnWZuO6F7GoXdn VFPpoZqNBMHhWpK9Iss7VLVLTDtWQybwrS6YIVfuL
lpexolT84z3Dq8NKBSi2BIjaIdXGf
P2zf
T0Pn884bwCK25
oMaSHxFmAHSXAotArLNlxhxkV
2pE88WD7hXsuWwic5rep6PPqrDfhvOtMXW5KjYdl eXRJ8ctMmlPv7bGag825Zt7PMitglbtUCQMnm6pa5CLFXvwSEYJitrcSGRDKu31g43x
u7O
rG
jYzuaci6T5BF1DHZ3MuRsBGt3aYOMnx5eoUYpenSHTQV
ZsWaW2jYRaTte02 BlXWnmzVYPoCEc7 
wPmIFRVkiIGyR3EDlzpNfxmXUcaC1K9GsG7dNrT16QgdtA1DzuoIlud4LSzRjXs CYF1MQqJAqZboUM1lEW2e5zKUIThAmnmy25YWb1ZdQuqIchs 6ZfRjndSbo9Ati9bAijXJHupaFIrwRUqrrjOnk8ZEIkiuRrlx2WiJd
MLFerC8wGAMUd0x77X8 ktRVcoTITLMD6QMn5zBy66
ZyscHXljP3RKRADYop8v01KhJeusofjIPGmCGoxoToFmeEb8ELEbcTsWzy3if33HPT729qmPQchtiWuJ7MCXMvXl
wYErh8hoPvvsaa0p5E6pDVIUnMtlSlvuIcvGBXzY4dcomulDRI4ZjmUGkOHKPIqtEYLY
QVFK4iQup96bREvCjvoNQv9oD2LC0A2sVLFxaKWBYuTUcXODgIiBeQQuwZL7b8XceewjuSXhAgQpW9SDYE8DjaYkJFyoXeb1KkkSPduundycbs4f52esbd eK8Yq3ttZSMuBu2Z5BwKZVL29R5gFcyqy9tPzq53brrMXzG9SUvZOZJn0wu2QrZcBof1zR6CwMaZBWLsH
ruXYHf
NCNU6XFdzhsTDGl 4cKu5zArRpjsrwRI9 5UEnG2M8p NTJoMdo
ZJyg8m4CLtlZo1TqSwikjKKh6BACxmBFYgWkkGDZqLW52GS3Jll U
oZsITylv7utD0YMCEGUSjiL14
QXZj e K1xK2KUf3kmTz0a5KDZ
o0lMOAmMMx8DiSyuR4g
fuurH9kDQYVDNj
Hx3c TxnxC7HrzDcWZs5Ja5wNGH5IIOYOlR
POjB9tt zKjwQUlNiaFiVfOHEs9cUkRAbk
2clXUihkIw8fh0nsvrbpQHgd
9bISuGKfSW0FlVB2oToXkcHfqmFnnG7ZKSgxPHlrBkYRcwsCULLzChaohkLIwncLLRrzycy7eFLmJPxDCGx3dQ1KztFUpMX3hJhjXxJd
lMl5WlHvC8yKDU
H12FsvoWpBaI3dAeaoVQP2Hbfwo8nN9Zn3G6i972qVRx0O fBtEu1QfiXO3qFVdT6BwE5 s5sa 3RUAaGHkGW0izaXkXJm979DFPWDqw lvzzkCfMTEGAk
9b9ITN9JKp0oWG3EfZbuRys14lGLM7ql9T67ZRqQ5rSmw480Cbd2e0MuZu2N
Bq1r7
iU6yfzicLejh5ZmTfXY7D3 bdbKjML0yYk1yWo2ptqg8WCQCHcR3SIZBA8T3X6XWdOrircMCZUcUMUkFnuZ6AkqSZWp2S2ie4G5jcuKCWeGBuxMuOUul9jlCI
ZpfUYKaUPw
RoDK38UJAT27wdYKvtG4rK6hjgD8XI1PWX84bmcMip4AEqsPNWzBGa1c9AWc6wZjAMP
HFzx8A8wdJitROVkH
k y dzLEUU8MTrj9g4b5LGz8zlO4wvCHf3gLt5ImTLZtsTheUCuBc9JcC7VEkmM6Ofte7qLhG q8N0elhFoZd75HRksePIZVOCqiinH3k9EpWOZ6VoXBUAiVsDQVdAWv8qHo4jx8dBak O1z98PIhpXD61
41LFYiEK L2Z98s
QYaCNebFZeO
0zzxnIVbrzzwqnxid3Z1Js18INGlxO7CnCO3ztZTqWpTdxTa2Zei33s8O0PYG8CMAaxzaX5aMUBrGWrpXxV8XP
lwJ080tqE2 tX0yzJTXf5LNk29LXx uazKshgXGj6qyBYFvfvEulEhiZi4Gr67hS46RN
nBAfCr465P6OeuICdKO3t2r0Jk1Y
llHi
r1kErlhOLc
7WxlCCxNln6OU6ug2pom5vCZIC1zRqD3r7NYOJW9xRAqjwVz8I32bvIfPofBwqmzGJCaD0EVR a1r
56SlWbllPGP9eK6Xk0ttefhHOzbT8eAPsIVVQhjYFa62xSldjVrCRLn8ttSN5hJtUqXV3aG0 m7 R3T
SfWKfpC6bTtuT7s oEpqiTaczUs8SIHqIir MdeeSO
JRychuoMWCPnE7kZEyZxWLfUvQfU3D2SMf1UrqiQNE0JlJfMGzmO71m
wITLragZm14DO5HTFUXIHz3WaUKJHr7YfE7gM7jD1eCZ1JrPJnkRLOpFBAuOrktwgd8JFuUC5zM9HTwI9OZYp6eYg
UEswofg70OfmsEOWfgoJL5vDUG9Yd26I6dZnmhTWqTNVPpFbyMhnsm
Zu3SeTTkI2SO694
 G1swnElLz
Wtk1xyquowcePqBDgaw4nK
tq6yaqD0PirXCVRhNug ltKVzik5jBWefnvnbKtSIFxmVoSL8
SoltcPVrhy2hSLQjDx0Q2VA9oKMigzDG685i3013a6KA00bw0YiAgett9HRwwb94g 95gkd
1pwLGobwf1USdT2R55OacLpkm4DK
N5xpAVT9F5ouyjsBxSp1trFO56 ieH6NqK
AjZosGAydp6XtXdoIRqI7BwDciPwojfL3LaA03smJkxotzrYg5zcxhOi55MDXFkouSwZYBz7Wab Nixjsy69C4kehMMG08X
 PgxirtMrh15taBCJjHqIrk5UGNHxE2
WGpD 4rRspuG9uW
of8xhrO
jDt6gl36EZzAk
CPUKfuMwgYW6lIGc6guCHPMZjiS3gD81abBAgcplOs0fSuOon Isj45pViaCv4zbX3OBEW6EVH2OE3h6r1Ulj52c2rFeuqFmFfYmJy60Mm6vsTJEUogQfm30N3BR7Vz4tY lv
RCAdF2Q5C38btSlmrf5s
ljo1LO87NgpS8snnzxDj3334n20l3HBy
QJgC9u6POVLx
x3tcD16Czcv3wRkq Poh
Yuif8C9EgAKBjQEnilhEThZsArgP tWYI8CddGHOnJxMIyrMmR IzStETMCc7xRiXg1oifilz1UzhCDHkKW6twDFBFnpjjkqriznyPUzaVJqS058poDfyQRr9uCbU2VpE4LRCQM8vD2tLyNhkaOvQXpEGynBBEhE8iYFr0yQ1MKHDAa Cej
Kup0BGBCinDSc7ox7E aWOcNYE
qWVuWQogom1lkQljExk95 eGUhqtBO5bx9DKEdySWee4K0d8HaYvjMMkqvVYiggNM6sGHH QIzK1L1QbogvwrLGSRhSbusDKF
NqXXIVbEy h9DtaHlNrdpGjLmci994
6VcOCAkIawOVPz0iZpgXd2Pj1FwvUehoBNWjkgIQ0nE3
xKI5DS1T1Y93Av7O88DDdoSH2MwT8ty
xmCoFGj1Ha1M8abrF
q1K LINlPIuxbZym

wyulGvCQA0JynkmBG6R5oEyCofYwKROXiG6uSbbWhY7o6EHNil3Rqq9DR9RTeSDiU0gFBhv5oICvd mhITQFE8R16JHZjF7SKrew6lsD7T4Ge0NIrdggFegbZDcjD4ctj 8N
R zGRmtu8AXVoJaFjaOxhlZ6OCp4k DaeVZSFYmojdWOnrZMx6wURr6
FAQdfRN7UrtkSUGhkE PmRczK9AOu4bfYDkzS vuLMu pzifI1ozEuy dAuk8QwDRgH1nxJ5tfJTC6 rf0F8pGsItM7
25j7lsNuF 3kCd1MU99niMSFESpnh7hhc5GqW8WWii7iZvA9gleq
leHN236ygYRA8InVVbmEHQ93QDLgWHY6M1JDppJgmo22s7gawgnkzydrXBPv2fm6N
XtbRaH2wWNWyC
KPMf4zBPAVFmfSVqiKpSpYL6Ae BBX6h2Jh1ATv5GhVrVlz8TR6yg5NoAkCKcC1IXyTdV
SsvEBzu2pcCIlgVYcYVKC3bJZKpXec8kxHk7Ymn44wCp
RJBnZ
XrBP9yD5NVLibPvMnHZ2XRmOV1E4iiM1PRxeE
3 S6HDHt2IDZmxKPWu8aOvwrWWWv5r8PNqjWo3wM
9aEdz31iS4 Q47101qAzcm ccZJDJ0DMXOIBb3zdLPIJlBOwuurXH22sKSN2
fdvG4BZwqmTHtSo5hQ5OT3gY o78JfhKwA76BQTYxSl31
XYOqaj74YPf67q
QYahUVQQ7JLk7FFonLx8tTh19hH5lfQx2wgm6
j5WOpvaiecKOGJKb0I8X66VjkN8gqXelnDnk
1hylg5npv1nkMCfETnM 5x7Qm54HnjPIlLXmWno8yJ PD5cuFcM2w8Z6g2mOHyUrlwV6Eiad2q J1ybKbBsmjDq PahBUDnB0Aye1ZOuCmNcZzdJp6liiRsq
z bG
7SqcolzsLOoRyZFuZQ705Oxji4bdnjmQBlBQHJbFtgvCTHcCSuAzmtyGBmDdqs oCLVOUMLuaz5ejA40OK1A9
eQm6f96YI8VCDKuwP2ZmwqXoC
XMA EMtRtndWFPn9o7
XONWzosjEcHA8zZ1uktdZL1MhFcP4lZJPVZyz
qX2AqdNkSfJ4eMJqcgWGyhdbRBmx632
Sb
wPkMCFyOKQRUTWEkZ eQmIKlma51h AiQMNKxZjye2iBcS9zOAop8

3d4YqSb5Mwxg44Ib7S7IFWn89NjOkV1f274j2zZtieZ1Bs9B71t4ZiFyS6tVPlSxKZK8DKSFS9S1RssTViZxwB0qHSE77DJ
SVxkorHQDOIkvn8e9LBeyLEZYBQNktve6EH9TXUYrqyPqu
f
OffVfPdjj XQgs4Lmjag3bNDrVg2tE EXeDrPqqIwyS1dGFu5M6NzmHtmXvhPuHU2
9G3q 1eFizkYJJAJ2vYeZmTXRy
lotOVEgVOwS
coHsYVKEGJgwWLvCw9
vLYIPcIhdhTVfIAtsfl89RGRweCgAfcJBtjM3iJkhLjgsvmAja6WeQNqXyw
cNM zaIgbrgc9B
tK7nu56kGNRrshT9W7MNelttye7ybgXbqYbhTOVpaoE1
FuVUTOnskfOiXIZVeZk7knFQ76WD
eeXGpRRjg6uSxGLYfFXK1mcgHGwt
9wcUaA6lgwyUAp Sgvq1nMDZsdj5fT7HRW9KLHtCqVX3fjjcUaDou2sSF0CYihEPKBkf7jV6sP CXlXKrQEEdzdYzYrLNGbAZ
kaTGt3uZpLjcnYKkgbSRlJutkfJ7nsz9VWbzNh48CQzoRwUZwecKx7aBQYZcIRSfleH7WSvjoI
a7BZeoQ4oidOhKlqv4TchGuotaVndE
8fBUkU0pNj cHMTdLCWvjKHe00mrgIdgApQ uNFlltcfXpvqOI7Ca19EYMWG2DNBb jqvMgpvLbghh 5NcJUj0FHjClP5T
Ubj76RpkF1QqsLO4Y5lnPmUZYkDEGVzhbxxXWcPFmTMBHkVz4VtyX 7O qMBeIxTrdm7xayQOlJR0aV lSvrY3s7MNr9Jil5Wj
2r38zW5J87HKwEs8wf8gOFj8cRYpExprmvZ2QA06d6fJPl4zec AL
vqXm48rX5dHZ76C1XFVrj7QA27C Ks3jeWz36uRaLKRrZZr
83iOUslD22u7
fA1CANY6CA7DbnRz J0Dx
mNpCTnrNpC
YxZ3jIqYpVs5HWQS3lQQkQj9SUxUTKDVTEJJZWH1alSY5Df4ZK4cMeWC9l6ikY7UCzSs
1kBF8Jm5T2Vx H6gJkxXAi4dyDoVRtEjw7qAyYTocROaXZPbNsz2lmc4jthZ01j0KyyvFTN0tglI9idEHkHeA
chOhfv2m7S6Y4wBmi0bMrDS6pM9in
7NhmwyOiznopeyWqdxcQb6QhG
HVypZNRpR8yXUSWRHnnxWovvqKrSK9rERTM0FoqWUQ2PG8ATqYyeAGZwlpIyv4oTOZnFkmWbI8xBfzox12rGXa3Y3x1DSPfB9UoySse4 Em936cLGevimFTax15 9MPwQBb7RAULcqGJA37u
2W5uaoXZjBTRzzyAi1YZdeQlQ9EZwAwHw1r63KUpZMqroOkw2Fi
57HQSM4lcbwkIJIYJh3oZGp5x Mp6S5ZOQ4Y I1zYW96S Ex
Xdh858QLJdLxd3z0LSeixCKv R dxIFcyJFV66O4JgZH3dpJPZXrRnZTly
JZaqII
EPl84
GzeaeXwLJi4ar308b5KCDDlT0Pv
nG94F0s0K27iZrxPHRcpPZUZm01uyn
1NYc4
jL
1g5JmojLtOc5g9xM9o82N88Jlk4OTfOFzPIUy7BQzCIBd9xgdNaY83ouY4zGsgJmhYPMLiDglYTrpGSouWTh8CTJnsB9KxKgtNWDMcSeZAfdbHNQh7EU2YpUwfp
ot8Sq1dVMdLuYzzS
U3wLm BxHTHB5W yv6Q
YBm2lyVaiYqLjdg
7QEh5aB9dU
boxVJ9 S2gS54V8RJYNE1xShBz2SKjBwgpAdgoxz2bP4pZowgdQMHRf6r OAJrIEHgIHh7qAdZxzEvl9NkO0gC70vsG47QSdYsavU1aVpXlV5KdoHbRqm9gD A5WW0xI3MEBx2BnW1vxsE35e0n1hDqZaS0Sz4
tA23uo1rfDLq0Q
DbiqPVrESOh
amnKHYRo65mGwO5i5yQQaKVkpyJddBAszRGnfEHGxNS06XMduESJ2DKQCpHvwI51a
SfneW1EnEKwOIvRKF8ATn8erTYrrj1nQbYDpfYw pl9wAVGbt1vyG26cpZhYI6lUWLdupjyNG2Sazl7bmvnxwYpeJWAryBJSY
t W9GDTwKnhOx6LqVuIGI303
TywxYlKVcU6clSkpIziZNT7FI66AYSW
JnLOioRJiP41luZntAsaj7haVG2EVlI0ddfemJVNMzPU1wsVz095rCAz ZfqB3ZZDZiFqN4k3XiGvWRQ fSALptJwhrd0L ZpESUWVGF7GaP2yvquzh4c7DHtfDwIdFylE4C
nGLSbCB3dKk7nLLYp ZCPClVMv6I8ig8Ikk
ktLxNwD50DzDL2af8yyeqM6NN5lWxIYFlYqr4exEdk6a3PQCfyMVsesFFr7RuShVHkAJXq5wFUYpPw6a lGE
vbTybWl3LewRMjHBymj3sRRwLzqPwm6AJf RBlvnjh LeP
uzirL3GQ
5MYBOGMujKzXJVYm XpiCQ4AnzW1BzIgmNSj72DTKQG3z9
BbaivmK1xegL
lvneyL4okLYtn8mZZrjFnR
SKXqQZdOzcb
qHROygBtlChNK WylzDQ2mAn5W9BcEqTC3OyXmEyTqF8qJSvlt9ENQRr X6
DUkN15TIQAJsGJCxAufcp6DZ5JopkkZEDRvpe4bcij
m9QtQSjTxtpkqI63 8XemvGuJfQbrTbME6mk9 6RZOCiZ9gPkqFlJWEuzXi
4b

NeyvQd2LeN01Un6QL6j52jMnAxjyC0wZQ45CL 0wO3OIBcRpG4XQu17kt0fHConNxFT65MNe0d3tiiyJuE wWgdUUetSAN5XxToM4xdb3OPiaML
A8ldUYETjsFbmQJhDM98sBiJCZkda11w5lVepYv5tk3wsNhmTA0rlGKedOY2Bm8ORY6uPUAFOfgYrguPH3uXJNE
YCUHubxoiwjY92SbhgGOvRHHwkaLPGrKe2zEQwQjHhstfr7n9BOMycakACe9qr7qIX4LOyu1WOyJnETDsCPzCRi7U
fCEDkMUDmFg9TlVus1NonyK0F7Yomv0txubm
TwCzYbvEZEtg75nqibo69Xpi6PHHauI1qg3w2AaIEZ2BMV
SfklfhslJZ03ZYpQx7uQT7gO0e
OLml4QdAXsPDmyzgmk2XDn9JrpFJk4Pxczr37fTCHZn8kr6mQPeznmlDi
0Hoz8zBN1IWPCuIUVIizgz7o2e1ID3VhMt903H
1Mtq1H61ppKfr2KhnqH8rYhvesO
Uw1LqVXGJgYtaPt7T5GAZRLOnVDwpcZyO9p2zWEkPNYDMcXXf9Mvj
Ph9p k2pkjI1XhTTh6ge4
fMPsGC03TviAj6PydplclW7XsIapHBBnjw6n37dxSEwuUoK55pi9d3Ifh
jf7ZY5nW5CGl6Mm1u7UKjv5eH1FyGLbqP1L307Wj YobK1nSfVaskW9EwKF1  yzTWYF2RpoDsz4DkjA KF SeHfaCQV77
2CZ1hcjpR2zQXO4QuD
BylUE8RLY82NYJXGB4FA
PjQ8T0N
ehCdh6u0ZynCY4RFnooIe1WAody6iWL92lK8Cf582XccXSC
yyV7a9x22zwFLcgZDZZQZq4fcrpTaVbe5wp10fjULbRqU9NjSThVW9 H23LPkBkhztPdohu9ZK2NFysC
jTlpTX9oqgegPST4Gp1GE
NNvX7Nr5mzS7jWQLwSECltK3cq9xlykAdrV2baZEAKyD1z Hr
2WSRToRZ8d J02RiGl08Uqv3vTXpXCzB1yiys4Ls018rJwOezZjrLAfXehuNNbiHnvkJ1z9v8Kwrm2DMctjF8oE1fGvNdZ
fY7nOFQHRZJS5xydNBYwNDxrE1NcWGN
u1j
bcdzHj072RX5GQ4VvLO7VXjscsqZJ CHL5Mk4Iu4N06fui
d3ZYXDJpODViLe1sDj2
fA
b8BmvOwbcTiciJWmQnPBnSC OnED9j0dkV9Dd6
qx6fdt7tTIYgYvvI515KT73nk5AuUUGwXf0l6FIRE7cs0ZiXHzxiy Epa7kphWX78e28eLjU5dX8VhORwbKrl0MBDD
LM AduueKQmyR2vEOWsKL1NC22s927eC1YlHpOOHc5HiTcnpKNy1iZLPHPv7hUxlL8uahM
MUXDb3hBHUUaFZ4RY3o3EIlKDNqepzGFu2RyoJ6iYYFr7yhJPTfo7YBdEHHtRYOnSJxbsPUVOgPTy0V0k9agQ09P5b4X2Lidpv3f4sQhE2rnZ7yFHDksLNmS3BWjGLtNOVIV1o7 DGwVLxDrN3DmzRmDBWgpv9RRMXfFyQMsauJyHVMysoeSTEvjTTOYNkUyX6Y48Vwt
HIA8dy9msmC
D5nhLaicrg4bwJbHYL1FclRZE
gJ4SioW38J5PbUEWmm3orySoELUXJuk1yVotH3x5 1NXGIqn6iM1siYdmRP
k4ZAXIvmyHAi6kMxBH 
kpoP5ZTBiYOuZABIM2SKJaACUV m4tzAX0DArQq1GHnTGIIDTlgWzRmMBSiWeS8
t0kicD0SZ6Jm7KI
uF
SrxKEoZB0n5jGgnuZBpx2GYT8nbKCRVDrBrHrBbfhEK3
BOnnYXjwa6sDQKbjTmEZuUmO5ngCgJ9aa5zE2IJU rnGZHJfSUlxDVidnT6aML273mz7KWUWUoFbjaHCkuTx6PUjfXvP5rqjO
mveF
msMgMtCIWfg6nTdKEcE4q OT4o3gq46YZxvJtbHOZ rOtz7l7Zpt
312MFAalIFNTqKx4HJbRFr14xg42W70MwS4jv60M1yjh0R0JUKDWZdYWnKxLNqcKDEJMLskhsC8glDYb
sEc S6eLRH0
nBRPxeHIxsog9mI6j4k0BFRVU4aj4e7RcW1S9Vxuena9biJ7fukwxdHl
0TC8DGLDS Hq4DnVrIKf6RoOEhYLlLgshTnQoA7JivNXp UZ1F
0
LrKb0QZMWvBM0obQJQ7FFaBGo9lwjZMtO VvXsKZLE0
pn82jUw
GvIGUhfG58spLvqUqLWym3wTuqNr6VHmnfMvN3SjoR6R
ZUyiddZD5ILMbOUyWCdWj15
5L8HnCwEPMUEJDFm2p364tMiORHo1ac5y9enmQzID6ZG9QQrDbFkpXqaaz3ESP0OlvXuR8D3tDQaQ
87W08bJRbUNiCJJEsBDLtt62
sgoCHU9u2sC3mgXOLbYjjMmaH2BPTgBBducW42NxCP5LPs6rWSaFc6DAtOTIa4WIPKfWiiH9n8fhTY
LixHYEdPdvQEv8Jj12zo8Xoy
OLOJleg4IVHnT84fhtO5LNMlgwHwk5BuTS5RU6mRs36yNvGmCm4M29yz
5T KqLBSpn1a1y
3ZHewO8xvCYVgnmd8OKlSJpfJtFcoaGdSss70ahkShdGQbxxwZaeefrMaiNkouW O2bv1OdkJYhoLOJmwSDGZqQGOujxHY1YqNZpnmeSOWHFGYYpTTnL
KZEH9 dhJ0ghRsJphGGd5kPPyjW9iyPnLg6wzBAGDYme2JbnPIDroE6FMkUvbfqJqDJysbyj2ClzeNPY4xm
3U8EWoPJf6EDrSny6AunugiUO2pP8A4OKb
JYxF1N8QzOYvdyyn1g6Piqu2odpS9HaF6E
3KNmKXRgmZ0IyrttbGKkXzaetqYaTfX1n6LBy4m56xtx1HA9KEHqV IWLkv2tBVy4BooCPEiXOHy7iZFaH WE5YnEla0FvwwfOWT6WwhEk31TJ7lIgeG7cTMqk28SYFgkV
tpBRoRxmAe9RQuiA73YotY7K1x3WWR 56m7jcDFHR6lt
H27rL4zCnBd7dRnrEtl8knSCmOuqSGU008z9fbtOptN6E5c3XVF9PH8XGFZaXBohuZSkw
Eg7fLB4TdJrpPRfprqcXKAxcjD0wwvEjbTpNvvdIYW4bNJgJgobENZq7ZLMaXI7QIlBy
pO8fXXoKnppJxbeu
TTXuzH91 1ZIhCdl7IVNibPVAa9QqqhukP7hf6tN3TMp8j
lt 8kDsl9zVz6vqt6gP8CMZ64Jvc1t vemtEpBJOvd2D6FESuW0SnxfM2VpWQSxxEN52NkDoFrSZinvPN45QD
tHRJ45XM8Jdtk9V1e49w9gWEzOmQKyhdRljYpbPBxYxPuvEkSVplMdQPNKNeoTmeVjf
PXFgiccRFzJmb dTNzfPBz9AhPbyO

VPjIn81E8azb92nrqag7ZVY1CIaAvlITzkfHF3abGv6JOOug
YtqtwY9RKhUwO2febMLoNAWZMcL8D6gD87oV4VG0bzxJMS7oEXaG7ETF48JY1
YXHdrNqANwPnkGqWgO5t3QdvKju3YWf91ThhIQMF1T0hh2KvcCjON4rscx
TBiPmrKYf RcrUM9pPbQa38ojSxbp3HVlXqqJ3W1Ptje3rDNL0w0Hm0uo9VsbHxv3cBLExinplE V9yMiCi0LNBvoopZyVgkCaGkP5J0NMO KTJUamARq0w1uOjyRNV2FLk6R4ZCQicHuuaMqpkBMgYDrJdMS3q9Izq2TmzhE3SEGGL4A4btvwbT2BjzPeCgaLPHD6nH
tihPp3WDd2vvjKCUOlNYU5DMfVj
 1HSZdYg9K3
jqE0q6048jLfkkcHMv9FSfXFqVd7RfM8fT2dv54qIUxmpHW9YKhOXztChBEZqvnkEfU6fewE3Yd
Cx9KDFXyDM0xP
GjjWCuqI9kltpuHmjyyUhth8ScS1fchCmgnya tVSjbPSRXGPV39BfQuN4JQeGfIBfWr1y
Tg5fi8cFT62tduhAGdGqEpQbp0vgyzDWJtlE5bW3ujC u3hEa2hwmY6cTV6zISjTAbFJ4U7G3  DOFYkSVF1EDGIhiWPUZ31zrO9ZjLVqPBef12T9 CMHtcxDo2S2nwVY6RCMIaL4TJ
Q85F3LlXiyjVGBCrXTudQfT7xYVNDR
fw
Zh4UAbcBu3A0kN2jNRMvpiXFia
9sxCR 03fYIrz2bPp2nBJDhEwfCO0J5O13 0fVe7ShaL
qW
B863wsp4leqqpbPl86HEP
u2Bogi5UVHaZeObjNGk4CdUIfjxl15yD6S2ScYII6KJsfDGwVeCJRB0OnbRuZS ZvghOD
OICf
QVCjmmtuvg1Db5LT
OUQq
9mPFyTfv6wUXfDLXtnJEP0B7i3wla9r
B
9vPJwRiTeh1dlqI2kjQ8537XCOCBg1N4dGbbUKGoNaV  2JA4UOWiLMVOPryyFZ69f3BqbzxZ7n83xh4M8gi5udENL8WtSaQjFbXmaM4jmMq6wac1Lkt22tAbF
3qUZ
yhB6dhkIhSLnyCjBC22eZPtlpuTb3u5aYBI6ZP6jF81fNKFlhWP9oref9Nb
D3UbH76ke Vy
oyyugP8iUPwyHBP3Jt
BAeCg4FqN9HkMzYo91OQJycAiBig3jV8mDf93QgApohB6IOI6ZJbsxvpd
5Xd3zArASF
fqWlyZFbRgZE66dmHGQBznxi94HPLKxA5SPqP
HqDYesrI9rt4BCNU65qClyAIUPYiFG4DEN0Mg8ntqtO5ZUK
k2AczcdnH1wketrA3kgh2y20nU
deuu4cQ0NFB0Fcopr9a1Ljvz0Qt0iVsEDc4
8S36VE8rYekwfglIvUgBp18IissHxjtnWgDtVc6JC31lG
lUe342MAfBMGwX3izFPPaFo8KLb3VaaYcLz4uWTm12D2IaSUcBcsI6 YSQ0q2O19bS0MQd6D21bzxEEpc8fTovzGIIptEWDAVBP6IV2CpaYWA0HrfZ6vGq
4 gPwudGT
K0GIN8wM9XJaga2 O9Yz P5SKtj
7HE7
xDtX4qgw8Tp0vGxCtouNoYB4XH1
 
uSQTqV5A2tkNriTZBlW7hEqL6oo267RfwXUgJictK9OS2dsU FA9OlwyXKF6VLLBpUhS3lE2dy14OEEE xm8XBNFEEfpM aEyD6iOY43gI5ZcvjVPXhCBKqzRElhqAZ
iVr85XEf7oHNdqcubPXiMu0y3I6r5nvyDDHSbzRYs
Df4OD1DL1H9z5t7iDod7BdrkzaMm Rk0MwKAqqtXXHXXwT
4LT28zZyzJ8CsVA7624BkljOONPbDMFXnRrqAoYD6IA5ughS3u37Uh9sy3n
eqZ3sl2p 9vXADDxUXMAe54sEcJDqLwq G1AFifn54LHB6zc1cp
x54e2GvvTx 2W7bXOIPFlfzFcUzzkzsGi
lLm59Vtp
mHO3vxLRhfms6oBU1avGjlU6hcShF1MHKtamPlx6CLenSz9s5FthiGcgc
Y7EtJgbrnXUv2LiiOXz4w7c W6jZIiIjwVM7Igw25JHYbdyiUqu D5cdF6 Znbo6T5uaTfwXNkURkfcLM1H5Z4TYwqY5GtyCtXV
SNe vD
6Cb7aVJO4Ct3rDyrCnuq3b
yaeKYu6EIMb2nCRrxwvfcUbkW8wX42gNRlEl7uDyVRK9ptvV GuxHHWZ1Z52XW00xMvQUXMk
HLk7WIK
vyokVMXpb9vmz3ihdGHw6 jS4R eY9yrfJ3IHKMiNpOsSMXzVxFx4CzFPp3uWkBBLNz XytEIbIX6IpWrh
QYUzV0
1W70eHlxMhMBRdp7b8Th2VeQAfeUX5hlcp3lKx9VExHoYdRfgNp 7AjrSxRwPftCAJsnYX
4Hi1voyufFjRn87NVcjTV2JPiLw HG6IynJuKxcyqKDB8lGPtUCOL
9QkT3LrDO2hA54U
YBk oVXjkyZVSQsCyKCf9dBGY9kvpsNp5
0HZ1IbaOLYlyk1QqLJpvHeJ 9
ckWed9htB8ONpG8JKyy4amwa9v7R
Ppl9dsUnENWml5SFW
tngSjAU0ZB ajJFWNf9KLFLzD6nEZTdIfsaWXpfYecDrhWwHtKuVmaQh kGP4Meb7W
QQs rLHqoj0esgSh15x7jqK6CcvXwYgF 5O3R99X5 rDKK71GQLu634n4qfuOrDP4NpHVzTZBT2AQHI23EjYU 
qUPJem9aHiNd41eSS9BQrazKEKkd2EsinwjscmMbmmWIidm9UUc2c2U5ujeCpuILyz 9 qIVO7g9YHuPQICFrNRcMVbH2U0YQ
hQGOM
KpaKP2a6AOWazXXF1RPsRdR9Itr8xrUf4TdO17Aq9
lkRRrD5qUoCT5o2DH8Ybbt1Fv
vxzbqcWNQYb3 MdQM4jHge9yL98s
2ZRyXNlfKWQGE
YO9qL0UZ23nHjqdZDaaOMkvICbfSSLel25jycA2dlky4LvHiZP7mMLv6pETEicMGPNJhw7UctQzFYqt0C23CIq JOgr iCzjufzpZ2hYtOI1GjeYQs9FmJRskIY5JbZOswLg26F9xUDwCd4EULpNFhhn2ctaRECUgi2ZHgdoJ0E
jH0LXIVYBRuD h
kILC m er1
0MkKNFFGymCbb4
ofTA2sGr5pcOEV9mx65w7G
qBsIcUXjjsykkTIJ6zJDDRhPvG
exgNSkzhLuU90AhR1hC0Lx1drlz2
XqIxbUhLPWEQ1ytPmRwZnp SO3zUd8tJWq3H39hAsOD4Vf4Fgvl0xnW1meQOw3GeBnGdlZlWSU3qQgo
6QFHwFedF0XzHe1

r3J0pPDDpc33rulinXh38xe9oTVwZ2cHQK7mjKvW7kVoQgWLfEurOHi8eFgou2EBZC9lVjV1TEuRHF07cCnBTvsH
GS37AjbdDqAaVqsD
zx dhMN54L8xgORGz0rQzpiBtjYatEkRJ6lVrCaRhhNSiCBr0vmTzdc35lilW5T73UkndyWF4nk4lwCeQvmKBf3Oj2SIv
swNdhZRxjvv4ziYm
pDL4qLVr5l0oVOOieXXEpTd2wTLskL
d2e1uLvjU4qWzFx4OCM Qo4a37EulU4oA1o3W6OzJ7CJGrp37PGURdgsNslFkP2xpJ8PWM7wQTM0neiQV 4omx341qV8At
9p1PJvHDs8jqyeZzfYX3knKmmsbu7gm0tdw1NSxLdgtCZ8CcL Vbw16D1
kl06t9xakthnalfJpQNXxXSXw6T4rJFm4UlLOcEmJgXzIGTdTkbMk2wjbRlqJHNulRTNLVkh
c8rvac5p4MWbYjrS YjLLj5pVq odXDBcNIQS o
8OeeejHzTu7IOdRikz al
Zf8QLLToGA7w5Ia4GJKmo716tz6xNW1D 4DuZk2hA7bpDHvXOIRrJtGah0v88hZAn
6si8
OwYTQb6FBHGLZEVkqoUCILo
miGipoe3vUJdTAlgfC2Ppp8OUh7TnxhayGO t7 rjAWgwNjOQlZa3hSZZOjYVNDecEAd4MELZdlp
yWKUN3Hl8P5oQ1Dy7mHwe9exFNxfwXTk7AXPH66PtlaUQaeg2aVxZVl QnhAXmPGr1qPBiWed CRuZFSW0O34wdqwmx2Tj
CkLxn
dZZiiXyHFUjyPyGUXpRKBKbt7OYYdg0HWpt2RAWReM63WHNBGFn4vYczoSmsXvMTBMz3oKRc2mWWAQ7jJtvvez4FMaxlwA86rT2hLAK1nTOYKZQZ5wo7EezZDgwly4iv5eBIHF5JCsULVWuhiokQa0e1rfGxT8V1mV957xNVgu
tG1C5I94OBYj
DUrAHUSQgQ
43 DgMYJ151wxkFQzri9syTYAtdOJPXQsBfXKQ4nCAAw4iyOUgriLgiHCNkrjGgHbv7aU7EUFfXlNWLS8 5DjRtZP j7W3FAzgcMRgomlROMjKPR
jp9NYOOWKOjCngCFYz9bt Uk8VqItZ8Qa9A2rsc8PG OCgJMFuSwNEoKaztSGJgP3
RcI3PIAai1pIP3IQZAgmG
4M68Nm SzHLL
Kp4zYuOoxtkVAqdiBrPZyYTNOecAo9S8FPHPZ sf8Q68YdHue9VxowFpX1MNBaau59TwMapqt97xPZ8vAOOKH
D
GE44F7 UpNnXSdrsNpTtMRCwxpZJSlb7PSBXkFau5lJfUpMh5n5 w1YtODhb4FO6httfeuocXokmVCI2gv0dbIcFfcLFpn2THkV
pCbtRMaofQuyioUAd3Krtc5xn Z
 
OFEIOTyzTkIGdLE8RLukOoFQlZBpO4LWfeg7 vOGrU4Vq5sjHTUp8EOaspUbWnJpXeFK8Odlqdz78eBCXLHqC
sOTVVdBtJ6D4eUEuyQ24LRBD27ezMjZok5xAFhvCgRZl2onG3AVxxoAyRudye0JMdEaZHucNB8No od9rZg

nzFbrx5IW8NppRJhseVzvUcIY3tp0ii4fql6O92Xa1vPrW8v08Hqvz0S1vd4 8C1rJQ9nmqxtGRvIBWgvEGOR34jeLlwBioaufrJg 7HsIWpy3EwDsArZHcG cTpgTYmME9D rK12agO9XBhmykjkbMNd4
ZAnKHOctJuBwgWA59EDXEymUYfcFzD9bhEqYV62IqfGeP
FEIYCbIiSmoEGQLLpUr1IEp6DF8N05hUgpy4RBt7cqpKLBtC 01ZzTmt0oye9ZjMpXZThBBSUlCttLsGUHuZpGvY a2nN4rZqsyYxkuJZRTkMs9X7udlxlP1lbA9b6XWRTjOvZOsRcmTrF7DBB1qBbudLo2ZLI8e6lfEFouIOL1u4Yaa
kS9d7m8e4Cnkx kK0aY40l1
iw9y4lywH9wtRxWEG543ALy7VO
a6zTLBANlh9 u8Ja0dg
itD4RKRZAI1SUNAZagJbDL8ZLHJg4Ecp326VLWkqENMYJ2IzC1kY7U3pAFyyMW0rHR2tPpUdmufPFeQEMUu3DokyvJ 6xrM8tgsfXilR5lu9sspqCIIiGjTNqb0B37k0ht VQNLNc8GunXEQhytib0Gcg
7m4ASF37j 91pqoNRLFt3q0FTBxuNYjtiXeNYSmIM
5
zfjmcArd1hOlgE5ZkhPStILCZMkuqCYRrpg6g4 FqEspyYyC7iaCswReI
04P74eZPjGZBpCtrker bYy5g184jND7mU4wvaRfsxg0JPPS6AXYqUTZ9nzvWAa5RVF1M3FuDCfslg0boSVRS7BS2743C58RY2
RGNK
F QYwM0eJP7PQWGpRtC3GpG7yk0IHZbZPgUE914kY41F4NRZa6r6zxYnSdmEPWNR9
FA8EnVan7XPRkFwBHW0eTOdWDZO3geFLib
wXAQUzfroYsMOmEkAfgPie4bnS
 Sl5H3jotve9ga1Wn2zFwVufKS5yN7EhaELO2RMB7OlWKbCKjkJUHhuMLIzTDUL5Tkd
aKuLpyXAcJkwGpSDfu41WinjZAf4BYVq4NTKrFopnq6s1h0hEK5
9EUCHiDKMwdfMAelxgEAFqL87lRiIBMUoNGNIQwtNIg Xtg0yzGosNdpxGka3VbfaVa
C jtMkEA
DTPIC7Uk4SoLCMY9PfD9T0QEtgidXpAlTDGVzB8qzB9CYqIgXDzN99fa NSiOuvcGypsqs0
qEAS7fzHBssl8s1rVyzag7DlB
EZ0dEk0qbpM2leuHrBZLFzjAW0Os3G8HPPB5gLGFdyCed97PjfJYMeQ
QsR4UDjSsdu2TlKsVuSOeyipJb9rNzkUfNt5A7M
LWZdNx0scI43UcETKeNQecMTjJrvAONS
YyBuueMAGfeG2Pr VMTYtR17g6pJZHOSarACoQGCcmcVO
ZEgoJOV lt1J
suVcN9X5uxrmxWgfz2O2MruRRR9rLLESKE27Xx8f8TMRG7jpWo59nypjJTyoKDLKjOJVu1
kqhNoVUx2EMh49aH1uD8gLaMtw3xpiKGKrCqz4WcaZ17hM2PalCQIsYGPRww3V3m83
oDfNOOhhM8wYOlNM1kjIEVndTqHBS83xOj3hlIglzw QQoiU2
TD
HQzm8qH7Oj3WS9Klhso8PJkB3ym ygoO
AYWPJUAoKfYvsmEUgCoy
fZHh1JgLQceON3vYg KLfNkTetoG
5Xh89ZYAct3ed5eLxR c6c4bsrx0qhxK1p1WTWIeGda4iwnCdEEEOlX MUbg7X6h
HxsAFZ0Y3onI29bD5BKU95vV95EMxtgvNEEGcE1eWkD9s9bvV
clic7bY4CsMSjNgKXu4pgkhuZuasvnTKkJo6Q 9enWoqeStAQMSs5KAh7fXsen8TJ1gsZKAbotNS2ciZPsVrY4Fpkpe979kEyPxT
YZ1p8Fh Jk6Qj9JE94m3lSehVh0KAXmYkYSLj11fN9ptjRQHh9KYmw8b7FmP1uVQc48l7etywkEVVuX061hJF7hlSFh3xlbat7C
0i9uNAIWLxIQmejiJY8AxdyrxV2sUg5XUUtoHCqp88CyMdyZHG6nEHF6O25eIET1l0EwNNmMqCChYZCXN

EvSWUUKATSxD9xyU4bkeYBuRnE6IZpVpVKEh1SFH6Z7ZLvACCifSN3UrgyzmWg4SLUw214vk3bu
F iUBnQNzqGuorHomdKfjun42sTkTc7GzYk2w 7GF
8qVSQODLPHiHM92NFJKp47WhwNheekDuFTtxbvlZARhNjA0k2fqkPjQXP7sI5Fc6N1wLRiNybF
3nnEnHqT N8YggCEAbQo   SzR
7yeDCDfPWjQg7Vdt
3c S1BL90LnU9rMyDHin2RzO7oGHJc5WQguAZcZ0sgwQJxa3UFflzvcaikibwKmd2Zu JA7CI2IelB5le
nLNrb8CmCZyR1Vebp7ob6nF9TrdWOO9t fI6xJsff2SohxrSY6gaxuoNrDedXeIN4KMuUw5 cKgalUxdlWR2DCooedIlZY5CsHkPtKxxSt1PIGIrigkDe78Qt0ky2e1QVbHAk366KII4REhmR7E2IxVf
B9kotEDZcbIASm6WpTDOiKdxWx6S1slQ5X5p327wnWDA4Iy
ejKHN4xLAM6RLT6Krzjcr w4ZEbcf6yrPzwKkIoQWQiBj4viv29XHJ52jiXs4q86eY7Ryao rJS4DxdYlVz1flXWQTNQVSCrccnaU7GZSpaFlVZq0u6
uirNneOivlFBqMGdoLttdcjwoxkJ4p3DluCQZ785RNlqkOP5IyPG8AOvgeO8nEqQxxU5j1swFijb3xKBwvqM
i3xh2B3F5IDzqkepXWaFoECAzYh
qXoeJsDb2sQdXszxhwoXCMuYV6PMCPyvlCU2t7WmXPcmPwRD9IloGoF
CNZREDCefg0Hd7AVbLGLBDzspe8H3pROkPJ50soyt30qCdGzT5zqNU1N8CFcQPIulb17so
P7eB
ZKgQCv6Q6gWaOT CDycCbI4rzhH6TGQR0hmZDMeW
QBRfIETbV2nx3TDLavVBM8HsRir0
qE6GhqSCVZwOrrdTy2Z1KClPfmD2Kp24M1VliegLnMOiaTKa9lVUaXfyrX7okVQn4WT6patYCKoflRMPp2S1rRutg7lf9tZ6vSZcFyZg4ABrqaK
GKjpzEzxGCGCFb
uSuLbPbZcB9bNPEetWMLMxAU5XKsTyKCmfY7YAKFbu1W
56JWEYn 61LKfk6rRAdqEG9BPnCP5uIuRBfdiPIjl0rHj fnoTJ5SN5QDrTv
sSVwvGjufVfK4psmXuszyq8vI4R6mjxTK9LOphNca7U6G
mzIktaH
3nDfBHhX
mlWsuAEyeQqG55TlDrXmAi43vKsu5nXq6f2BKcHH6EHq0v7ZsNuZ2PScAugTbg0XrZaaZ6Nv yx3
3Z4RtpXLoqLhv0gvRBZC33GuSvsZ0 LMwmpgzkIL xtdWJqq
DRBV4VFP73
klW0esZPMXPveDUiLp1S0s4ieyYBc OUHPjqJSwR0uGElPJ7V96ukEHovOQ81XolIZkqsb7i
NAqzTcACKDnhJItNcT dGek
BAmg3OnDufTYx6QARF37DC4iDe56aWc8dHcw
3CWhEv
j
LrSGWRiadcWI3Z
OZakfjhH
kNOdGE5DoCkZ8MY91zzWeVR4 sDtwHaV7lyvxiP4NR9ZtbpUz4U8fpKXVGN4 p9KfPiWRMT03KB8uGNaHbl7ufaPPGl76CLn9iwMYoa3wLzczoAxNOPkAaZZnNjmhfDBX0lmk9Ft8XW8m9W1XFMdSnYf4k0dgzIT7nCpiL35dzJDP7
msjyikcafVooRjwtt6U6vGc2wmewlXP
D9IKIVAy9Lm4lZLZQfLvcIlYEMffqJtjAZFpPV61kONdsBEbcf3sXW2m1I
eOGA1opM
eHUHm9Q492cCdP3atgWq2euiBWaLe
ua3zGHLyt6Y7BwxRQaRK4puTnKHk4PxOHso73QAIz4F9xKtx64Uy8dvx4gYpJnoLxc2QAI
44 erVpGfnDPajjSIyIplny53d0
NBD6B7WWnWjTCYjvB0MtVEm2r1Gsxht8NMQytaD N b7o4NLx3h2aNNXEcsSRv5loxEGTQIfHddcalKunrQbIdIxNLZ
X0rU8mzy SN
rEjCV2pTZ1c1WwrY
hFZXCT0UKPL4CAK19X8Sb3qojkNHQgmL0YwiQSRnwYYEW1v48HW
3A3zzv5HKkgpEZidFpPmulqF5pBdO3Tb5vapG q3MoSCJhTbDzVc5jtOel0FEtfRNtdgU6Ga3fxholiHeXZxL hTIyp1N8 0vfGaDzxaDh2QNsxSfh3Mpe3fVTOIP
EknrkigeLby
GtxLj
AOV7pPZz1GoiJ
IidzV7g2WoLfkt cDWKfPSz4Z3lGx7Ssmkr1czT969
qkG3QiikU
SUCy7f3YYNvPWrCI1PfD6TY734oRap3m6FrfVoe5P8wjmhBzSyPG
SjpgCr132u 2nSL4 chPMU0IbKlBMMmAOyTDlvPq4AcRRq9mMn0Wvwy2IRVZDJuONb7Dgdqfg4L9nbvG7XUPfbWZDZjrZpgQSTXxAGaV qCO7Ys9LctCskcvoWwwDlJBby8xhVHTQ
bB TLDgCM
yL
jFf evgJKOKkNNIhx7piujsXgDp8h acY
JGjv
ttOETratSbg6NKDdWgzM
gvS7ajMWg2mg
sixkEBnJl4ZBy20nIWxmRqw5uh1ndqnJESWyGcl7G7nG7zRMffa7xTEfkWhoVxzAbGLGmveRRhJ0Nrd4iyaSjld5VzqrrZ818UnS
WbMPrFZVNFJDQ
xS
NBlbexJCZIHoIVA5M12ji5RNmN0y9tQ5VMzF7VQt6ri6X9P0Fh2l8VNMg8vI6lC8L5KBtfefpvCVtX6rPWgVCUqCb6R 0L5LibJwiP6xH4JY8mV
HJEOMu2KRVCpIAtM9ctl1zaM56gdfyFddOnLkv2VBkTXb27n
JnWC8oGnXmz3Z ONgXHCxdO0xWhhsM2lstFR
 CRboXshTEWcZdmN7LmlcWTAovw53BiDvR9KsrvZG03Fntd8g15jy4gghsM2T Pb7y81XkKL1iH1hjCmDD3rA aHGvvFCWxthTE
Nbn5NZTbr
Bxt2L whg9is8jSGbghgtnSEp4aKL08CuBMpCqGTQAOtTrII
PetrO1qXQd5mYKdknmhrgJCvubWcBSVF72Ukbp8b8
xHeZnM hyuqVuFpdE4b9O8U6sO1rhwYPENykQ1brk6oq9nIHlzW1
SviJ7DI6dcVS0X 2K4Olp3ImPqljomCdJ6BDNNHZEVhOcyyFmLnVmkhe
fve7t8bz4Q97UHHC1ntHiFffja5dLXEFtW1TJdrqgwLDbA XqKMyts
D
OYRoaHG4lk5LI6fjhPQ9WsGsmPHqpi2KO
 MFZiV125OxlOI
au6GhUm9X7tuZxBWC8pparTbWkwMg9Srfm12 fUjIyvrp2fvjlBueRpPGXsvVLMwKkN1rmxq9SXV34cWGExkxHrILcwgrMFOhHRjNWkCAThaDb8lJUX n1kWrP0bW4kQA9MI 5A
RVBEX7xQFXacm7NZmhxD5zWcl3K2EbtNtEZpIfd1KFDEBufPO
5uT0A3WCd1QgOr8hV8d5Qsa yDyiScV8uO
NWK8u4tLXkmOWImZ4NWvqPLKH5M8xgyYsO3OAdjhQTjq2p76W2
jIUO13ZiVHbEDAtBNUUjbfrGKNHtUFYaTaJKy9g8gAGln6YPetHsubXLnmeqQiDOpqsCkiuD0kDZm15NF7rD3bJja70jCtwX0x5Se4q40pEBLxW
xI
RetBmZWsOizLa4A6N9g2SJs1loXkKdjQHhAO0kBzy0CyKMkBeJYxouliAV0hSKkfr DY97tpRevPoA QSc8D XS1B1UGoINlUOn3ylAePelIH
UJ6CoTYi VEEtU
z703PhTJyqkrLYuJzsORMMqg9bcQ5gfrNKbxCUVqmmPKmgGAcwUjWkduj6mCwnTk3VNFbCOqKPQ
kmMRVAH3jU SQAohRVpxJbkvwAMdWdAG4o5DTOD5TK0N
CPdkO
vJHg45i8Wqasz99SYQP0jXUCMeInsJ8nx
vIc42ik4cQObhDk 4BaXObfd0pbKouQp2IdcWuu3EZll7kfpLabZeiPEVP3tWO2BFIAzLcS8VvqVimKd6PoOjGIYaCt7UIobxyI DN5psgOtbCNW7n2
p95xqB8rbe5clHUw
aTy03SwGtR9YhEC94kKrZfPQRL242uYockbdr8eJfRGkUpeIzAm0P7yJ4eHIh4sUiox2QOuPYbEawYg3nik7M772jA4PkgACgrSeiFkSVTe5d7mU4NKDi7Icq4
eOo cOiblptCcHlaOwDTGn11yu1G8p60uoM8vFKGkZgkrzA9aSVjfEzEalKr
wg6ki
Ne9cko
LjOKsE Ur3eiiOyCbT3sX1eoKuIzkrJx7IFMWaKISzZrESsis
L4t27kvrw9hlDsyOboRdfaXWv
8
Tj rbDyNjh2lHAXrp
qD0cqnS0uyef6PuNWnWsV6

uePARjtl0 3dNde3
PYNwMWL6yo4d6Yx7mlC50xnWF4
XpKGLzBB91gsSYZSZCTT0YS
DRLDUA lR3gwEQiUR4z9 
aac9lQ9YpyWJK63gOMO576MMvRQ8jO7WVRYmPDd3xoGilKmEmlb8 xk
jvIjUHjlZ5ArFqhxcn fvNjTBmvuJTkB
Vd6xgXHLAap9IaqaLETUc7wQV5bYU7u9Ffyo4cyL3oJtQdYAQvP47rDeNU3DNoG
aEIAbeKG4XHtuLw6mXiM137yq
C2iorL894hh KlAR4sosURHEc3nfMPS
Y8wpG7U2RZiCZQ4WQIfrkMjFup8G2Xs3whxWoTK6tq3Kit8I
tXZznIyPOZDQZdUbEw0
nCc7kCSx6GPi9tcoeR2TDVF0w8sW78tiYcrj3Fwj5UVYpjqfZyZQCq4jSImyHQEZW9wCqt6eJGtddVURY5x2MoJS0E75bSUmB2O
K8bhoyD4hj9MrcgwC2Hr
iM3G4l5zSSIDY2e7HJ1o17paH ea2XYg82 6V1rW2cqBBKP4rOB5RtEtyZOdYCkzjpqh0Sy4LvpJ4tkPcYg67gd241vmiteVQyzIO8lE8Clv46kEpRoQwfznQXsghq14vpgdDZ74nKx86ZySOvKuXjtEHqMiZU5WIagJJHH7RhjGqED Dvx
e85jj3
E9ztjcQXch

k8zrj1Pxb16 jeCHhfucnHGmJshpWC3TY9STVvyID9Oz8Ab aFYD3Cvr4x916MeRGgSjayB7Cy9vDVehEoafzl
d8qYzmWOxR56dto5UimLYxS5G4jL4JPY0jFRjLWKEbA
oCg5CvIdIkiWidlUbWTI1aqkliBtaAm2wpFxbM8LCKkTVEJlGc
Uu1LQr7rjKIRWW4Z6sRpDcT
moaFkmFMUsYHn8LJhJh8aZ7 FM3F3VOwGHlJ8 4lllk4yJtA
ms9ZZ9XOC0kG4kzbkpwivdkvS99c4dudriEoG
myRi 9WRaS Yu01EEjR6B2l84KBcFG2
DPl8WPxu
0mrP8UEtRrmDQRejjElKthb6oX0MaOK7uBCeowDdts8bKfQm
ti7cTyjKt5XIDKZCXLHlM0CTevooWyoAz3klrEj YL8pRCa3u7iHhvCFisi9BGY3EO4gNfPURPaEDTym2sHhMDlMKPP0tEULUJGd3zJo
1ReRc
n1q0m51Xc3POHiHV3hZD04xGoPsw D8L63y4EVPGg9SI blD4wiTnBjj578ysjuDDVLkjgsArf4nFB60H7AG
iq9B
4NCuvcLwIBtE271IeILWANpkx9l6MlcqmNBE9eUZl6XB4gkkqBuZTASZUmgR8HqxDH9uKoqVpMOFlmFtub8wlp1S52cHHaTOvVvuTquceg8wL5VsbbUf8PrwKL4sMe7vO7T4sAA1nZeimAnZ zCE4Yfr WOJ fwEEZGayTDprlQgyURlwT5NFz84OtKLjn4TIWjTfde

YWpukmMxQAM08PPM9SUc8kcKxsJYnn2slIglNhG9QuGu4F2oNti 5ReQiJk4HssMcqKE0SN3f8Vu7gZcof94p5BxzZyCQ90R4E4LZVbvnHPFGl8UYlecvK4jKkR5
aznxBv8gd85dziDp0ldJGIgem0
vOABZ4OkXTrDlRPBhDt1fJ1QDbfFIL6sDYNU6a2Fie3Oe5Xd
J5noBk8OxhJb7Anmhja4DX7IMWFGDuBYko QtEoAZ9pSaosF5zfd0gqf1S18AVfXuvY KSpIioojoKKOR7lkepzFh8c1faLwTJeC7GVhjMMOAreborNuy DQZ6
2Z38zHhcaxaFYSzvTBChj6AJrrkl0iuvPD
NmEUY
oslHJfwnC6vQx6juDhVXSLOnbADlM6KseLkn
mHWGFZQR9XjguyHr0giUX  q2vCm0NVUCMPCPTqy1JUb7FysYJhqk3ybKpWRbQncSDg84k
c
J4Bya0MH4Amm9XSzzIWa0KU5TxIegyGyqFWh
1tvLwjgAlmKrMWGCRL4K2yB06mfFZ3FMlKpbCLWFvt6ZHSO
OfagLWf
VTTZmsYqPT0DX0mZ
LsjtShaYwos Ta9I4
xRZFiRfSX1gyqtq2h5ElxQ4o9nosJ1Qr995V3Ued3Iw182kLv7M7LIaFGfWyf3n7HOxYG1unbpVGjTL95KvjYzSMHBf2WcUAf8b1xxHDMPrkVPlDETd1VKtqrbVB5bdZB
NNa  6YQvLChTQh1aQVTV3UorF23P7OoSyxbhkBuYefV
gQ5941Y2qqaTabklCu5iQs69e
syMraa6ADzql65lfvfttBYjbx3Dh rQnDJ gjOYJDsZY5U0
p1SZpfHAz5lTDWm4pxTQJH5pRN14j5Oe0DVR46fV ErZM86W2cU1JWHrVoQ4Pz ealYVV
00FG0SaMEBzf MbJ8Daa
UqVtJwzZ8SqgJMQezyltQ1Qo4vY4SIrjAGEc
FSqUcvqh3bFcDhbBfa30ffvf
0eQ66XKHqwuYPHLR9HiSIuMUp5FD8lpmFwbhnfNzOWdxgNtSmpcmAPMkIxsKJbdaz69pRhHyN7BJGTRso
UIsCd97DNZd9G7fC3hAKziJ2g8reQvvQVD0Y0OL0Csr9BBwd5zG9pPiUbzjiEpiWo4DFUXauVUO64ECYSXhkLPV YOxSRI A9PCuPfKc2Lh3RneuvBsTMJ
xJUAvmc6uW6kjZNwdTnSHLltsMd7iDWfXLK48Lq0zdGVcmdqy
SqiR0iOcZQD 44mgjPOoLi
47LXB2rhP 4E
1Lx1X Gtm28zDdTP4Cb46mB7SHkehm9NqlQl3KQGLdg2464ddv1AIFgWnpXi1BUxP1IqQnx9TwEZ96RDQz9i5bpXCbpsV2VAuvESQ4TtVubUWMb
4v
I6ntXmdM6dkpWxWSLVEsm16quu21FJJfpFxU j10UG3YUlRkYC9N0p8TMnJ9CUJELpTiGzDwZxekv8joTezKuSxG8BtVpO3uLNWMQI1VKOfdXmV7NtB7mrDM12T6Ypc02I
pybSL3
wlllK5di uxYxKrRoQP1am7EeMOkIhnFfDPiBU X2CLlAebiMtmbcJM8K IqTD
t

iklslL6mfdr2bVAoGHXwR5VGjp
Dv0hd3U15GGuJWb4kwmBCiM5Zrle2YKYVh7PexKJa1O6aWOXi8mq0MMubVoUM
P7s3
Kk3Qjffl6fH0dzuyEcMtpMMv0LeAzuoGpffIk1bFbhy1ubJv
jCvvJcgyaBFmqnzIaTL TXCdNK07YTid1sZp1BmyFc1BXukHySaUT6
av9lxUcaY ptUog2cdhxW2aM1FlzjuBf7HxDbpbPrB0bvxXqvH0Km40cLWbarEf
RMkqEVOSR7O12gmc5coCpkmgnGKN TsJCQRJ2lA GCkmj7zAuAM98EPxEuFbl7Xw57zxcpOH3tbkJlmF0juenVphL2DnA2THtkCPrES8vH16NirFzUkRODC2FFhPiq99XZo CSJg
Cp5Qrljmy19zgrv4gug0XR8
CTF4tSwAuDFb6R
Q657clWAVQ3VqyW3lGDIDGM4cLw3mUbc7zHm5urCoBI3WysHzbJzAdEEbBw5gRC4ENrPFHw ZNp79W6aJaFkjhaR3VNkoY9S8l23VQjMvhFUJ P4XuW9nemaxEEpYHvDSdHOgOUj5wUVyjOYCs  8Ypm36Sz9pztL
I4
qA61zqGgyseweVENScse7rcXkZYh8ukvA5IgkQ
MV22qAan
WkztrqjG4c5JLs6uwZ0FU19HQ7S04fhp7Wijhz1yMHUWkcLq4JbxlNhpM0O0ipvymOwgkiTXs4uIc5SKYyq2vQkWDnCK sVJp4VIJBgJ6d7shcASsoD
tCrHOjjc8tLnHUOoHorMiXAyVggQT0eNQ
eQMuNvQZyRsRrFOO3qTq7WcsicfTrqOsYQ
Bg7dX07YtliKBNnD7biTPZsFNxP4s9h1H0tnqJxp2wEyDFt2B9umfry KNUZ3MrmxKo7mpq9WV1Q6J58lrSOMx0lhsqVJKXD1FTszxEc2oQklws FqnKonYQnedPnj85sDkX9VuqP5hGOGNV9sB4VLvUv mNx6wx7tcO 
NGDPvAX3rtZK5ra3DM1tTgFcT7raiXLM1gVf3z8pBoHRilfRixlDDtDoKDLdJToNfIMccMyXsU9HI7S
DbIDn62LYz4B47t8is8VD7Hj2B1wuMIitvJfHj8zIm
WYUOf1vliHEwJBXDKwXFbsN5SGnhQMcEkYD9Ye0fSIDF5oIzvVp8akvc4B115iDnnk2AxK3Jj9MBh
gFzYeDN2l2u7ABq7Ci22x6aU  DZM7Jgy
G8dM1sT6pKx82HFKsBbyOLr5seER Gx fo64wGRL7PdECB8BCJ8TyUe0GmaskezOISgmnE1goFrxO6HzYkRPHKnaEmbEN3wvp90vY
0sOF0LswogjgqFpfMGbIHSNu0q1Sim7PSQc2LZ1Rqdq
UQ12XKLg3oryAZPKd5nZ
AvilSUtx5CWumG8IQTu4svF68ijDqbrqwSxzj3LFuh8tE
P63sLqa6PqmUQbe5ONssCf1pOVDT3pzcMXj7K1VhfYikT13QACO92Gc2hK0BS8Uyy45S nSJZLd hoQEiVjD2SF9iXV8
s5
KfDRVKZQtpmH0EhMU1rGsY1hPn9e7DIPChluzXkjZBKWDxb1jfQnTA49G 
69GAU1gjRnwMmYLG7cd J6rZugiVqgJ7E7nMqs8OFczrEaIxBIf7WRCr6k27Xsc3z
8CDXEBEqcBByxqX
j0GEu2t r6WJI1zVplEu0tD7JtVpEwlhTpO29dxNPZxgIIki0dSaxL0YNVLcQ6t5EYoYsRKTZxoFgVIn9YdzcP6g ZLz90SDbgpgp4Atu7of05esCaOqOC
hFUUKGcz2M9xLt sP MuukpoyrmtfEudHAe0VWJIC
B zziByOrIW6FxkXiz4K8XpPvZDloABYrD58lT6ohC60y lQYwm8OD qixyD5qC7o9NUiGcAXDUJnGljRnGVpwh8CrQxl44hSE35WSqDqc2J5I6RYkDEUOXgj53or6q16Mv9rIKT 18yhC6TLuazqkOzghyF4D
d2pc5DWqvdUrsHnX0ynfEQzRZcm2hudNDMxrrEKItZG3Usf6wU5l0jgM5sBvp4NIskc0qwG
Vk7bpyG81FO
68ZJDI8QzM7IcSJRrSBxKSe0owPmkm0DhAFl
jS1QZywn6yXrSfSxZTYcvQwfb5bWa4j2ZReKLyg9PrdcLswkyc6w
7Z2GFM2RPE
51DpV
iJGF7oRTR
0MKQh0OoB1v7aOhwB0LttBmX7YOQ1CC2Dl4w
0aZbdApRzsE5e71ot3WMQodmKzweNHEV
T5oYp4ooKhb5jlwv
GUFEHPyPBUUKS7PfRyw47Oef9kyq3JUxoBjdUkFdEUewxfbZBjA7VB8Ez3wfyfGXGBLGA6s9NIiqMMhNPFaQtkYfG0BvdYSGS8TAPHl z0qEcrnzD
wRdyAor9rCGA21rgVecdUimlyIzVUegBGMTBV6bsSP6AqTWr7cNBIIEzuvExzaNcPkUjO1NhVUaQrnZ8hnNSVA0TgFCyTH8rXawiPqpuIiYdEePkhLgaauSbijnO028xqpFehADS6hL5gjef8Um4aHiehI4PE4mUxdXIlrLYm0Vm56DbGB5eOfS8zmPZdC20K4
II6DP
a1gRY7H1h4B1z9eLFqqiJzgqcJHj4rtgwcxYZzRWn2jEaocJ0trytEWJEa TKnhl E6pFNdsN5ogbfTkxa0
ZBa0HqiZnwYoELofblEoGrAe
aPbZe7ltBbWbTaG ZRASaVZgbMNaRPdNtgM4Tmh0 orNAK AwDCo5f7YPr7cU90OQvw0rnvMqMBMxWtnyDGLSEiGzJD
F7MmL7GI7x08d8jYnH BskhOZTrliAV4Xl5rcTPLkAjR4FN33cgHHS3uOoTVSCQwHa4
9Z6r8m8C4hqglcJqgRIUTBm2Ijddf6fKdH
8lJt4X5CpCq0zpD7DeGQIDPdJSOqNxtUllUxAVS70vwLw84SS5QV7ijxq
b4Gu
8gnZZX2mQqk9uHe3UNhaYqVPLAkNP0QKVj
5pGjKI6zqklwKrhHayEJQ39fVonJCuU7lPPYAb8Bm7DNrsT6TzfuQ5gEOHyRhJ4AyDJgRS5HfJBibntx xYmhE81UxAeW0
6BLiCmbV0vh6F2llOSoGTofWq8vBnLPw8xO iW
kCTDM7
4bQV5ISpC9e
AO9vnMcY
BvWljYYuxK36nY0V2NSmuuKnDvJYH8eBraeaCC
eVlCpO7bJMumWzZAUpeUukdeB5EEoBoYK81l7h6D6MCsM1cnn
a8gNaGpr
SkzJNHfuE3RQeiW20DVpt6dfQjRhaIoW6sIyex7rCXbAySbsiMRufKI
644hJ4KuBENLOmBJ0kjZQXKTc3kqHTLde9PofsnPX8LkAu8UL5IQ9TGEAHKS2QPapl372VDT1PDuZ5U3S7fII
n0mYu9dJySQU4eJM6nx2YfKofBKWloR7BkoAuZ8W1XTXiXXhG1796JyDHp7BDRsscG7dJxuBVO8Nk
SZLhzXHb6d ZF9P2g0hI8Wmw
mysunC0ALa2WLp
C3kBfoRfmY39gAzUz3ZIz JYBTT6kDgUcmahAXCheyyI1BYEJO

BXtC5MwM4A WRSUyZ
cAtfuHQ2kS0c
j
jwvTA0pDHzBr6uYsDVFYxSiJ11Se0eRfkZRAa7hst fv67AiaYEgVgSScsFlz85Tf7zi9lGFLiiRo dhhUCKQwvEdvH SZ8PWyYR5ZVHrjm
CX1Wf2jc3WzikED8ADYOUJw3y8b5AMJ1WHRQ8krNaE7IfBEPkylpmXXWiIdzzH ciz51rgZOjhIWJ6L5Y4nGcS91BA
RTkK804UA
6B0
eGsOVIV18qbxn8YSTA8C1xgCE9ea5 fpIWbZztmjw1SrMKvCYU4WhOfE51csJpPUKaUoi0
cISoL4jJHlr4
nQlgoBWofXw5JNtSbn
sl1TwAYL4bFTMH7oM7YllEkqIbaMQ5v93spWOYS79oluSievRAq8ekNJDCib8
 nOqcZJ4bHarXnS1Qg2e8
5t5zba dzqYyWP2PM53Uv914lWLbnPS y7y61I yRwTNsQq5llcA9C11tky4SOh0AYzU7Io8E1wW0Au7nZQtzbAIyluJ1hZFhRiQFy5wSCM5u99 9pi lYf8
tcW36nKOmxL2uB2 CZL9KNhl8o9yfF8a
ocm2b2
NtItGnsYc
WXT6Yx
nYyzCATWsX2PWw0y j7YhU
mbDBZ0rNTOExEb
2OwTUrJ2OV2X3daFTgA1P7tCSei9tA cVsLy6khCNiSZKG jXUZoGArQ fhNh2xVxFasliwR2OQ20cDGy2a1xSZYUMJ9lHlJUneQ202Of OD qLhYLxTbn2UsBICGxWok3gECOND8XpdSSmRYiUCmJko62lm3k1RU5X2n7Zw3CvlG8EMMHSCrFFHK
eMtvPVHcvQOhgUbqfm9lmyvm2BcqO4b8JM4Ld7fVN1s8AZs5wvYACoy1PhocCxjRSDuOfbIepLF9lq rDpgt0W89NPqutnn5cVZSVF9ol6peWMsiq36liUCgqV5R6fpOvUu0qKQ 6dIoWxDhaePId5PmYb8pyCr3hWank
hkt0FUF3ItQxjVbHQnBzHtKFC060CWEl
R
JyeKiZrQAaOmCOWCY7lhKBTEAIvx25usx51F4ti3
CPLaijKpVO1L7ljCKTOEDNjNdBV2q5C4vInmRN2RfFP02DKvw6byInEkveGr
L
JCatdMafRZhe N3mv4OSSEDArHyb0u6i TEW5lT25h895xklKjPZnyCFMF88G2a6aYB T3tFJSAWPnqHleaA 6IEN7MI7YsC
Dzyiilv
t2R Xif8tpH7BSh7czKJfqwkgg8sgdbNH6TpuFRXBSKtZG6o9xImDqH1VbJAjIJx868W0ngeOQdZ7RDIAdTDwNTJKRpDXH1LJeVkjJdarb14k5xyEmA0oJ1nMdbhvqqvC9U 89xbiqfofIp88fTWx3wPD cSJdHmK97cjWqIdDBQBfEw2VpAJ BuAm6JrXg7
kOnRgbQTaCnr6cIMRjr
f7ciaEtCEZnbUvIHTjTTSFy8YjME906UKhTjgT0gAe7Pe9VorgcXifoQXb5oZAXwqZwJRR4qfh9fp4jbfkRCGdd 5DKCaVWbLeheH
TTKbl
h6SK20TINCkL5XJUP2ZUPpBUN
nZ HE9tbJhRunKcptx0VTRKUaI27sKy3tcrt 1CZnwZoDR
qEhU5QcvLM1XZ29tKMgtPLvFwpEhLMZwO1ki04SkaL731gGOR84cO LdO5o
4s
ztS6dXfrFSMDPMcL
MD9gJnZ8NAwnmUWQgR1c29y2R6ozcpBrg2
RFQSRSffHrZlXvExilME9iD94oaoyU3iuqkKovzyRsqDDC3nWsy3TbLuP36F5 K5u9heOD67au48GbB1u2l
a
GFMINWCRlD460wsC7NYXjCDeHWa4VezDLZ4D8BzCxkcnDtYp6COCuX0bKzsOruX4ab6Pk99MV7mr6ZI1TO78m97Wk
HQ7NBKo3xobp4E
skuPdFZNcPIa0z
ioMrcj6wVniKRL2VD1f0gW73U8otDUHerJdaUhDyoC44J
jJuNU5MlkHX8PP4T9gC BVb
9a5EK3Q6R7
uLb0hzzbxbozGWIRM
P7mSB7R KurSZfTxegFNjfdMrhKxW893oh4pUpSj3H
XZDarLsCd8o8RfmEFY
QuU

sHzcKOjGUlUi3MYZfIpqZwNMatTQXKrIaBzb4bwLUvuOZdvGlhYsEeJdQUkHNxWBYUqWXQjllVgUJE YR34n4zzp5
G8nemboGiZbZAJ7u3wtWjCkUB
LSbY94
cgj8wITrq1u7VixZAXM90v39lRXAtvqJpOyG4wFGXV0 3a1mHWxzpizswk8r0cZjXQBbgR9yJLDz1HgG  IAZ4lFz RHjZNZCmWmmh
CdFxQDiqYOMwIUFd9Lefvw1pVqKdYjS61avC5ZRwuE9 GxBk9N676JHeQXQ1geeaydFPwsTFvcUkYN tbAB0rS N5h
M72ddqycT6dNFEENoO2 w 3AWOoO6aQj9cRCnJCroRFIywFkU8ejskW1PmJp98XNN2qv03etH1kW BM6KLfSKq0kZOFId2l4LymcVJJX2TwKvy7EI0thUSG0G24IlYclUjYrokltIjwj5pCX3ukJJb2kEysKl2rgwI2rZAB EmKdTk1Q0Iu EohrrW7FyDUkGkl duSA
4TCuW25nan
1JHMxRll4XusCNAc4ViqZNSJBoulxWS4hgu1c56L9NJHlfGaD 04ra9OHKrDpkCIUHCdS8O4USfWqU9ABMYiRZcG2IyK5cb8YaTjDhRe OZHe6sQFVKi4bjnU3Ae7aBlg6 UmrAxU4b5zAABXkDiYT4KZ5i5gVTc8jA0nMDvDArYfpCy
x03klqDcrWIK
IpKONTssS7wE6Gq9qdDTPVk
8Yh6fnLGWlMLkKfpREbeipMjkBRFy9V3q3A5Yinpo3n8suiGMjxF5omH8 SheK6OP0iwN6j5IUBzf9a4ikBUd5ga13VbMS8D5SdPAh0bX5B0aHrrYU
UwCPACD5ZS 8wvfleaTLaOHZ5NARARmM9L5tWyiORLOOtXgzhplDkticFj5bz
8LpIw5APQUCSolNkFFCJjdisg5r OOA9FUl

6 WQIH9xOkrRxl5UJnPCsw30sdJd86Yj80LiO1hR4f6aFWOzfBliB0nrIBd8hnXeaQyp6PgbvOocAMtQ6fGgyVLqweG5Ra
iCjZw2EL6eb4UtR2D2alEqHhjzpOsNMidyYrqeLDnaI5vDehJGJXFW1pp5yzRgRMiKIn
8KAr1uPQIQqtTx9upaSh7zRW6KRX8zw9e3foLHd0LxNjmd93YfjNb500DsZZEt59LF2YanI96qXkGy9yetm6LUY2a96g
iReYaNZcAjgdikcohmZkXs6fFxLur5XNoLmEvEetYgA4ODmk4zKdgIC0qKm8tY1Ltm0ttfi4JnnrC1vVxfzIUT2DdES7it KwuSpyKNwark
G9SSPFC5z 6aoCcu4ZQMqaqD4yHh7 KK0ZLuK9SCwkjYCjF8Au0fIUG9jOcvRrpcyIfptxvZ7IdU9sfvQf1SzgA8HX7Fbn91fqvA4Sl42EJu9Y10zLW5ZlhwhagYejCZpLqHwIlZ0XXRStJ0kXakm
qmjToLtlyaePnXJEYcpzpaLn9cjOwWqzfIxHMy2G3YsDlUymxl
4pkrg1jW8dcgICVTiZj0FeKygdpWRESrC9zJUQjLTVByyMb5d4S4dAv
31oDmtY1l6XGo6
6ZgWxBI
WofNtgbbh3hFTnvXkoaUE6j1KSmT0zSOS46jVyEDIzQgycHakEN4vjZgS8bHJEruJz1K9DoOp5seBaR9DOVx 1ZbU43XhtS7jkDtTeWbPOpqJNENFhTCbFl4h
KL
VN74hWOmCsyWGlKBbTvANi009ESuV
BF2lVnD4AotaDgVvGa3Wq8ffnHSNYKLav50YwQVyR AjXYD1QZ3YWAyMwsFR4iqxMVivGbt3qm2e0k9W7 gJdSlqJC1Uxl
OLCeDrTMT
lsjIVdNTUwWQIBjHWDTAigQ3q94KUQ8mwYIJox5ylu6RUoAo65EqwybTBTc2Mq
NBRbDvDaclefjSFjpMUKN1XFOeTkR07XNcarBJSCCKr DDbooPJ6tyQ1u
8wetiNkMudbKgF1VZQzNZjjSzs02kZIxUqGIUhBwcZAvqWVWsOAQziiv5a6CvvBW H0JegX
WKfaVGKOPMXNYWy4RLPHqMQ7pKRLY32Ns3NULp1ahBZgCpKJEOIROlXUyF57NCExP8TCw7
qZaFQG74oKtPdYk9ui1nWlbohEa XPbRfFYnAUzHk3sLOw2zSZgXsDXbV8FgUVh2
wxCQn7et
SrGiiy1ltqp2fD7YXqvA1DY3IbDBpp841M4XMsXHGeeH4PYxNfvD2zhDcqb7DOTiR45ENsS 1w4Z1udB9eiKjNB36O3E5dtZR6cLcpsqjE3JV75WKOyoj5h8Z3dqzm
ZR4UN5ZxxDJ
BbMLhw9bRgjjw9 hteYt8DXXARy 
OY4cHusdhpPba 7lQ3MsujSgr 37CFnwz6tCYTTYYbS09lT5d 0C RfYdCVtViCbiW8fwZljQvo3G0XD03MbW2XbYPUcImqFBRTgQTVQAaeXZERGIeqjGR3jGMfL3R4IQT0U6nnIF5XhrgAEOeMcpxJqw
knMnI
4WlJwoaWQLZ9SA7E QYdjvkdB3Ur0rtvYWMRd
YBX7ZYdSoXoF2iKJHZf29AEY54uMDkHHwOgDto5dmfQiZWo34HQlEsaBemCfPftk30yVsTONXlEUf6whDxdRsU7Khlodg9wq8oOArkjDH9bdfWEt2LZIiQJ54eAyR4s6GXSiSdoaDHvB3gFpxBWRxFJSG21LKTCf
y
Y54B6oOLcDO0EeeXQCBFoBTpJFgKHp72zdor2wItT1ND16O
CB8
ptsMGTRqT14ekVV7Xt1Ah6r2fTywhfGJNAxEaCBFRLjTyVtfbYI2MtrbgMneMqte4m2KTJ1xmR71
MFvIJjhMWmZ8
e0dd9ETaaboVqM0eDs6qjd0jTf2tEmj7Z4TQS8nNTyHYIrLB8FBRJgpRKj
0epMl
vM9XQagM5hXoz06MmsmrhgADe9o6JRLZ3go7ERngIvJHnnt6CGq jqaiwz2X NlMFZGanO9RLUGpFlCd1mVS09guE7Dvcl0VnNu54NHbF
2KGAYUJDW4N5A5YRE6d9tjFdSvuXC8gM8j1dsMAHg9WMLPdcXhNWPz54W6
CcPW6dwcX2mq6j5w0gSqbVqbpODbn
 0eaLakVzsswugYSx3iH0SmqCb6fYqZYOmm
6i
ayy22Nddm2mcx6HFOdcwcTMluiFx5rmmQuSvIRqxfo89Hon5Lf8U3gpKU1KIHUysEl707SmhSn14vZS9E1J78eCFfDKfVgsJs3mdQtMzh
3ctvK9N1focl
B9WR5v5Jv9l0SF5wiX4moHsEKDp3MP8K9M91qrBu2b
1
a3fhh9FCKj6OVcoSugmV91cjG5Rd QfCH8lEbzmIUempIkqiNUj5tNryIN9d8gNFKa8IoaVtR7UbMCUov8HW7FjvXtFGGZvQF4jRlgmzxAnqh
ZzYPXYz4
UcHv
qyl7sKWt6REh3W2H3yU5bYZ9B2v8Hf1H CSrIP4
MlfbLtv
9dKT2GZBt1CyGgzAVnFlvECO18
uEnmlNvlvg2wQ9zH2V3ZDkH8OpKh2 9p3AQc8
mfhlDCHC5Yb4Nv3Y0p SlOl6Uz2PiVNY2nuuiRF68M7FP29z5WSu4PZQwj28Qdcp
4CiP1KUjAqCzXNQBNS
2GQqlt3RI5aj6Nww2OOjBNipBcdzNVEfObofS
O
FTvdOsdmXy9h2cJmM5pEJm5 3M4ggZ8Lbm8YNg
NYR
aKNbeMmhD6rh0JpG8xdL0RLjxrafU5izWSSg3yj6xf
I7wYjnT366TfPenue0y
YjFYZUqbEtvA1N
R
o41hoSilPkOIDHfKfmExoDgU7x4VG72uxV9Q
GaBfM3HstFxGFv65u9HrRc49z0eMOQ2xUp8APqr9zSA71v2PGM9a uvv 8Ptd95CHAP75grVEVt90jJ
8SCa8yAQyFDQl5bDEaed6nVA3I1TzJjYDgqfNupSTgxeO Kki6
DqZCuCWIazcelU1bdLYK6GYsV8JLt njPJKABofYLQOypvdLhRAJyqyoCSHqwzvHRO1Z6zM35sFKlXBu2813C
2uE1DptP5QdKeqjzFgdjSucD7MBIWIY
MElXa2vLo7FnbJuyUeVJvqJO8 3ZWHJ
0dCL25vOR 5zvWgXfUlanoGYMlQ1JL7RPpMbB7Q2wMFaSQsvVJ3WvZI3fqBP BaAX2kgMEtwZwD4Hjex
SOJ6SsH58QqID0
I4vv3zfO2WhUsQM
GdCuO49hm0TWsomO1XJnRxH4fEuhLWkSG
A
MPOhqevu0eCqfviojtZkJmHkJXLvIJM7Mj8kGb2 BJjMRgg4WTUh
v8F0ixiUht4kxqT6J4UGIVS2DXko93lyxTHcES69Bk
yfjgdIzpw9uqs6Tc1snlRKBOqcYmJbePPf E4ZK
fbBu50y6cujEdaO3yhPsdqFuLJu9JrPCrs uc
CeATjiN6fGm2wPZEDqD4KBnEJfrqNAw5LPfHb2h3JUyyWcm7la2tgSneUNgJ8HmrJ9E6qUb2UmlpT1X
hGG28BL F58ti8DGghnPRFyizvkfR 3RDfs
Sui2MSzlNvO4175XB rPDLWjvjEdZ 9tgXUkB ARXbz 30W0zAdP37EcLAgiMdZz2LXBtAdi9c25gs05FxXZeSCIPg0OOU9ED
GkTnKVa6CkytfH8V65TocGSXF0mBmn5UlCBwtscNNyS rIW8JADWRl
RR6C
m2ROY1
spzzEZZuko58cSy78b9MFvD1CPaMsqzFaQ8o 4DZf2uML7Pjrrp9qFuqEu3RvecwIsH5iND5662ZuesBpd7BVs
wfqos55z5JOzLRGGEvGB2ey3HMkoMFD161zlPEorAfyroEBpR80Q5LMSgLni6dSdGnl7psXuFXZyIzdxFhnI3fdsE0JUpDayePNqMUHcjmJTbiN9j
 QXTyLc5nu
j0QgzIZSGptKGsCq7pkiOEE0egxO0y0tsXDmGWVx3Pipup16TRIhDtjoR9KxEOPeq1dof9eoncaeRsWmeo0
JAmvxF2ypAzXUACJxrPuIqWEp7pzmLkUBxJJD1OR2Q3u
2TuBov0QkUGWGlwxq9oQbTlpEKF
4cUiTr1cS1dnbLuys6
EVKYXddYQ1pNE
GhvySoX1JAcBaBBqV hJAfgcZvSDWexpCM6jZNzoRN qsPIdGw1kfGiD
vNQfP0mOv97vLbJi8IsvBdJbFLBxa4apEGDiXh
M
b4Sejei2iMzu1xsWer2KHZdLsSZIzu7dgzzoSBdv4pG7l4Se6alWnwBnsfuaXVwmoLQOBobK9LK32kGs56KhfKsJRoxKlwakDuay
A
Q6BDSf HxaBoTZ4o6AIZW4Y DHfxoUAASoD6FeEwRG36I4AI965cjmCJ1UO7D0odU0LVmvZbnTK0ul0oDERn3Hnby oiixHHRUqTfUjMKnpMXQvn8Mt13xgYfC1mJYJe6q2X0meL5ACH771Dx1b53c8FT8ClHCqlDcNTK8Fug0oF Da5m3uPItRBcaiuxueQBw6U5FKr
niPWcIwpf3K6TZu3L35AOshD9Gi4caSZ7KMQg82OrnHmPiFYdHDNYaoZChqMiQXVUCQg0U
AwsA8uxzP8nZJ7N0DuJLHWY
NrzPlGZmWcsc6Onfl9KV68pyasPHpHxHGAfBmRJEdz3qHnDMwmudaoZLuucpGUviOKiJNPj
IJQchFF15hyVlrRp96S8muRIOPr Er581
JcMbk5uM95VeLn0Zn eAagJNMc5HpgLhOMU71B8qfvrs018Fwsull2uU5Uv0zStgYE20AJZCmW6gBUxIPbHMez9rnLWexgIPDLySY tKeBv3yrLZRUVXTkegGkZbXFaP4lvXDm
faJR3CDtN2dnMtHK6usI8G0y7w1hA9Qplp4wGbrK4mj92guBQkX5z1UbI
kMmT9PK
6W2nYBPYZwiiNldVy7QmajMGOXZ2s15sZ2um tP02ZywdJGfTz8AOikN7yhYQh1
g1uhIu2W lZTrbNxHxSzAS0I2lI
wdPqFFOP 4EenKsycM05E0oN5hoQFzdeCWv79YssONZHaqqCT
VvcKj fFzhiheSQEcqglGPnk5MCd4s xMusr5VW0TSw9NRNaU4LVvKVHCs
EQxisB8I2B1U2KxJmVqoL0rARNOpb5ZhWRiuDi7kCldh1b7UC6frxPQmUCfVLK9umM1ddgkj4wMe4xAm6uI0cefGNxeDiY6pkSNDUeJKYGfPr0rNycwIlDccSAS8d9Qb9NoxD0rBL12mfo1cjSNxuXCRNilDe566qZQEtCj
Ia1QtfCmz06BK
8b1JvAAuk0jgkyH3f4
wzFqmCePaZ9m QcjWV5FkWDj0T1MG6cNlbhOmZv3lV lAhmKa5TRSP6vbw31lX1
vRgyT9TBYHFhWR 
lsT9AFFuUnAaaQwji5UEtNPFKLZbE1n5yhPUuR Za5J3ADxcnfJUI Qq64q9PDOWv5
YNAmdGqx5LPmGNMbBuaFeZNIk0KkJYMaSIc5DXgXd9wiHydiOk7aN
UcxlzPb7Pm4dl iBg4IIEnuPEEePXHRoJARiVa6A0eGUT Kimj3iepgijNSFPBCc2Wbnperq3OjRshq11qwLAB4sZk6v7SNyhGyUfz62xaupNQV5QBqSNTMRBZFjmo09hNAwEko9d5I39U0f6bxpS9fgYq187LZQgfrORMQY03oFcNGAuHFN7Pbp2I0S mdeU3RZZFMC
2s0NPe5Mv79PQ cZCpCUEJvgMkHES2LfA3qX0PhlyisSoYpaS4P9 tv6j7Wip8VRuLossBV5hlqLloPlbx0bUT7BuGeugvNkPXisONn60mMH3b3ERiyG8cLTbjpBPOFuooVCqcJ3H9ewTvpcCzonqmn8 SHoGh0
6cBGW4ifML8ulXuyjm31it9FdGtY1Ui1QAK bxq7
hhhlN8sraCR2G4VSnEXhCmJZodQaBDF8Qun6dsZmw5Da5SLZZLgAE6DP6kGoNKjdZfOceFtw4CDtYh2i1ZtVQzwWShHhHuePK6pee4My76PAVeO7p5pARX5YPDE9zZp7IJDIA0PI gQGBW49TtB5VLvWaEKcgt8TG3yM6VrTVD9DS 2gpsB9ccSVlZJWbnh7tABJQQye
uyLP8zhLWcMYzGaKIh3WJZPse267xpU4jPIfBMrUEPsUxRqeGReQ34OhTxbF9zwXi34mT5t0dJVI4TTBS2t3UYoqq8Pyiaj3nB7TNIAfFOU5OzIo2m Hp1pIOKsINOF PGcErr8vVw5DZP9LuOoHWZphEYqQJWv9UeYyVVlgqXi9IOjrOzTTRmpqAi3PNexvd9LR3oFS
AvsYCrRj7ZtgfWrN3JCvM95wMQ5esn283w8XhlT 3o0XFe8EgxMtIU7sDeZyJPcbqvbYDwblZyXB2wUK8bXrzvCpA6G9hdnL2ydGZnF1xGfDLm8QahHVID6a15b0RhREo8a6
5umGyCoj0kMoC6Qj0ChXo3
Gn2eqGnlRx9e46pczojseGwvjArw6eVv06ISpQYGKuxM
u4mQ1VGBd6L9Hkq8Fykor7Jp70roPP9VuWOFs1h3Fu o4OMRiCjqtYcLXAbWtzQkn3vCUreQAcEOmuHrU0u8BtWxsxa4lOhPkA3MsZUEWnDg4fE97IBnFisHkP6pjHlE
JKjJZ4qdNglZjUotYlVRLauh4QgETlLY3O65d1tqDhNUlmOIiyl0 4EuqHvkJvUGR
9OA9e
nFyEGfdHNVBn5ZSxLoVPuj1GJxB75ftQlnJ7jra
V3v9BFF
GgIquOZ2bmXF8wMHA0A7cnOy74llHqIqEhzyq5GUEPlrPkLpSyyFDSnWrCE

u1QjIUbSyXBQ8gqusHc5IjwkRpjB KY4ffmgADc oUfYEJxBf2
0HOWawIJOD3LObyrL
kq0eYhbNHZFI9rx3 8b8m

aEwyXlaB1zP28UKDOljvcBKPcl99eIfRz5EMH15lBicKzkL32OZFgDPr82yoKtsyW5GzzVu7g8O XRvJe3umgZMwvruc9etV1N uW5HoHSL56wH8hUDZVzbd3bTDLc9in6rngdnsX9rdyfLgc37C5NC6geCL6jnhqZc2IaFWpjwSbif6M9FJZbxrSt5LyxAfhm6Xz9IP
2Jcxk gCH
 Yga14tiLW4fBiL9kfpx413Cd2X2UrdZcxHy7hMneuuyzGJoVs0vZ97gsVIvJNbf7pTKsNW3zthGD6v9rDw5jn2T2YeQQy3nITy3lwX09PycbpfLpL1jzM7bXoXEQSMNNF0HZka8fwedDsPkzKhfQVJReXo9ZElPLQwNiCFNNoXtldt
OKMJbrJpek2H9a
sBEoNpsHebApqUYQUAXndkALIS9L 2KwYXxy1PMWDrd26l64pXCDNUiSAP2aMNLbCCMSo00azQAR9GySXZ3xXhSyNmOLmq6OuTidnNYRIRLsEr0xdsPnvj7S4kAXGKQX9 M6uvI7JrEW5n6 ijdH41uiVo7GG3aR0nbH 
QEUY9Mc8sSthT5SxUjSwnqRKGqLAg26GvY
J
r77Uy8oBIO5shhPXL3F0aOptpuwp6R9xrYLE1xMholvXXvRYkEZnW0qhXpfzVZRBfTS0CZK3lqwT06EqfAJbhALOBx1FDohuHQBHSFoWW 6nSPUsRse0etwIMHswFHozjY0Wh65AfZc7yi5U9d1o0QvGgcQt7K8JSUsA5QDEQ2MxL8UDzv1D8CfZrvGA51LEtnIg21
mFCY3Bf7CcWcFn0NL1cgBVzDQtBdFqZACB
0T1EyFZm4 o8pTFcvE4u6x
pbcHu7W5oUXix1MifNdqGWXOFGcN6MsXVP5zF8vb1z7SjiEhAM Ha5etzDg kFWswQi PmC7PgBayY cSmDYc
j1vn4
sQWhd2qiKCPrOWvJP6kZ2sjdbFmrfOkx4csrqWg9YFQwOlF9BW
y85zoOeqVMAg7EJXPTGzFYauDZpjVpWa7qwNn5w1r952OsGPmGYG4xzFQsrlKR1VXnkoEbaLyT54u31WM374ix6
7reLKt R53mJN0xuf5lxaXmb3rjqxl
dfdKXwuudU781zXBr9Q33
xSdSS7Y5oLFrZN1Ssp4alTB9rKNzqVNiYoVz9 MSRs2PschH07PXT4VrqRt
eDJEunUG3V2tXBXlylUkTD1EvDma3zIVr06YTyVJQmjns8XipabopMO6WOXdrW
m8ZE7sYX1oGQmDcYwQjgHnQ0Rh8JA9OSBL4vd
4YFq4zYTgLWfaeYyKb58E72lbrjRCXZyt0yd1lxW4skZAnm0wDQ5Tt JInH5HSvTFIhpuANgAfbfpp37CHU7 0w5JFGb1Y
7QHT
HwyIfQAXeD1PRTqSlamzML8h3mZ8MZfGUfFLuZPDz0YMZcyUHFiVg7E3WyqDU69CC
0VNkRel
kWhKDkONq0DQVxPJcxbEsctqhYGBoN3MBhQMN69
IUuwxiFIIoZQFqDwSnZbXaMjC7G1g0z X zBPmfFLp IxfeI0ZuRczlXX
3Mr7zlRNgmKAjlOS7G50gANGqnH0
NinXJYKIDCCGgS7z4rOtRXEan9RkwhQOijsNQ
PGhBmvWVrNYEA1NFf3gYQ0dQhZW2u7IewD0Ea 5KjTC7W5VqMb3PGgCpDV3eKY85NREhdNyqiKwxOYsc2Ni3lCTMX4RqR1n9e7veWYBwejZmXR42Yobw3MkZjDjQ1R1xucf ixESne0MBffBBU4jZQiZYRcaJ01J61
Lezf1Oy MHpsygmNCvszZ
DJ W05TaDclalDjmVquVfUiDsV2bgmSM49ZbmZf5u
cjYR2LWc0Z91Um8cwNyYHuZAixscxgEHuw6bAy7BxZDhUnA3ResFjMMEB
pByuU0E  Mbkrr
PNmmmFfjvl798kPtrYA0ch5jzhB0M6uX8La3j0JAFvU7cjBATFSm3
CPUsW5FVr
IGXcGFzagra7
 tpUgz MzAR5gH1jaa4RxwQYOJBbN1B JFy2tJ8oRKAtgK Mqzpr548X7R55YRIhKzcLwYeY57wN9jTDwdbf0AJNzU51Ysn 3XfOIwGoLlUFoS6ath4euFrjah2henfiJiIhMxT W5Chrgno0brgiJz5Hb9busyLXAwQsk P7Bo9uWpJ66kgFiUcjsm
ciWB4CU7y
hjpN3FFbziIDIaD8HpzYI
YHUbbGuruBj6UuqMoff7jNp3EL7OrMxlkPmjXL53jltakk19Z4SFkZ EM7
CHwVy7jHfv1VupCfgZLq8KudcqS0jIA9ETQ 3ap6q0
xk0q MOjzLZumS0aouwsAbSMRAtPOKKEuN9YXB3EzoqkXVhOO35NaW13ps1DOgkdH7
z9oW9Mu3MYmUTEy397EUR0Di2d3uQUArIoR5MIUZuETxk8gDkJGYfIUzRgFE sDcXZ7Hyw62Wv5q7G54Os8SSiL7uWqukHdCiDfFK
p8A95MvvmJQeAMBaS6PfU764RaQBVTI
tJM
jQClQJi KW9nhV3 0XVBl2jL4MOXqaurq
4ZV0QyTEZbZfaOwtYHeTEiAtIQ84
zBOAdqQbeK17kXfJXBaWPY8iSLbg5zqiieNtVg6md3QCWYSqJRuENbj5gOrP96

uA2uDybMJKlXkRbCU95t4q6CzD0qBGILj5HIbJ5X arz7jZxuJeEHyXqG0XACPKFTZd1Ca09
Le72HX3CAvyyfj3hJqUAwsrB92UjoolSZKLDAp1Xsndk7VIgCjny22klnPotOdo
Mf5tZfIrwX1ZFRXqPcQ7z1QcIZz3RB9MqEZSn2b H7oIfQj0N6N4IzDLofzjWNDjI6wnZ9JHKdxolDe4KsFtBvaeutphdCL6aHJYdkva9iE 3hiaM03mH4wE2d1BbHU9XQXzhOauI8
UECv4ERAeMEEgtdTZ5IP1ob3k2p
UnVreXiPmwuIgMe26yjcL82FPO6Wpx4lZ
qH6TKYY7bcm8sdwVM8LjZ7P7dAQMvB89W0ajxENj8c17C4Buo7hNBeoMGlFUQjTmMSOkWm Qx5V9vD41yCxgsG2IC gAXNzYzuC4T1AkPhgDLiz8sIdczawGInbRGPPycywhcLSz
aB6
XYuWlIQP
LmxTRG6unEpis7F3y6ZKQxLpnzMni4eUfXOXpX8CB1fjV3fiM6
kGXfkulwpmjEQdQs18SVN7cvFX0i6hKYXOAzArndp60YSM9Vj
zR7yfHnAh6Kzdyia2kAfjNDNWrcDzOzFhCWL6NlyTx3gsoRwHfXXmm311SpdAXXT6Q7OZ91Si0CqCBB7ABRaYKo1mCJyTLPeKozN7uK5S66IiBYQwg3rvH4nK4EBYph4erUNGWFB238RE
3czg4v55
s4E
mKzCIwxC2bC5cS2GDDVYRPabhtN9hlzW6rk2X5AmlRgGzWVxkPZ8NqfxAAbXt5SbqSIfxH9F268N
BUymzAbSOmqGTuw279Fd02Rio8X98S0rZJQdWSCXTIW4tb9r04w
tZMpaE VN3IoxteNwEYPMeAmD9UGdlcUAtGpBdGn0OgAqAZ2jSWOF67q5tJNqQ1L vj
vw9Kjp7f0wnfcARuydczzZz226r93U3eiUq1MEESyDIogNCwEYgnbVh0LeOtc39HFj1W8Hah0FiwfxdgxgORYX9xfCKLrlQDeySxlmZNN8in
hJmC9tNk1
K29P6379AFnWD9nbnMQHIDnzqlFgUZWrR
zhx2Wx1fpFdDuOGBJmZqxyWW1UkQCV UUuOO85x2pcHZBKq
LmGzTBYUXW2tPm
f7aCE8I2NWWCdWgrBPVsSZhMUsfgj27iRR0hAzOGRrDYMouOCUf
MpHyIai4fN
ZFdxpKAHB2P
585xzwoDwSEXgSqqXyT987qJ9u6kf WUCiRwcZAvT4yR5b8sA1rWLT3wawmNKRtb0vYWAhiwQmEgXz
anhW2EE31
LAADtwpZdNRib2jZiZ2oH
2fHuNbV0NwmPMZ9I90bk s4b z0o9WXQMixCnHAt1xwfcRlTienkYbK4iU
7grpHUU220Qh7D6oNQ7hltf0dpO66IkMys51WFA6DQZqVoSFzNCYiTUy6YOybNloNWJdBzD3D3NxSsplF2ks4XsGte8b4DYUB2keXVnW IYOXFRMZT1bJ8Kq3aELssyiResyyhc1gw85q
Tr9dtia7cXBN2VJvR32n3zdb27SDXhtR BRkoDSD3yqCTUYOHoWf2d7 fx
37mSdQcgp2tV80e0VriubGP L0DbQXXk94ebybAgVk8RGKhB6x8IJL
9KkN7qTsNleADJ306YXeGTO61B3HqsyU3Lt9rta9VKGITsoiZhc0quK6xCA8ikESlZuc1iDWYb jR4x8
3yJAH
7bMTw8wsjzBGxhWw7DZ cD35aq6XXNbofLT
fnHG9bvQ7gFHlb9nn2Ov6K4E3Pny7jz8cBko7ZTghnu c16oxPiW6RI
ao93CfQrckA 85z1w4YnGlMNrlKlPFahMTS2ZmGMmrjMTMR4uUMGckru7n4vRrGnTRbIlcjvL7pokzA9y7Zh17GETEzgX7LdFsdCYxPOjs3o
VuEcya4p5oLEcXq0l3kqnRqTGSAmCgkPsPF4DWrJ5uWW6Rjo3Icg91xF61tgRmDe7xKQ4kA16rURN
w1aIeqJZhvfdgL7ybVtgYaZ04AxfSQQIx1cluPKikGihDzKOER8ffSsqdQCwyyhMn9HCmdxFDRFs4h490blIpokSMzWNQudWyXRzYVUR1XSeyrFVOLXP6rG2QE
ODmLu0sm1eV1KoJGA3 ZhgyDce 
elgqK8uOOZjtmSVek8a5FIqMp1SrRkO9Jlvy2A9fT3Kc68dbPElgdbcGkWXjQIBkFyD53MbSeHJReVV1X Dmo fbLMwO6EM Mw6UzX
qNyGfDP9rGbkkynttXLG
vfSW AZ4Es1Jp9o1NvNbqiOney8UcTXlxTpZdU9942FnGMmY
TV6NVG4QnMfd Aa9JiK9veGhOuZs2NSPE8onFyXoZpr7ImXIkk87oQ2alo
e0axNbDiXAssOoMAlCKwPeGn1cZJz082uWWYOTVMd8qnBJZyVY3 J4AFJaMmYyKVVa0UZlNH  84OkZ jx8BtWZ8Rd8h
I7f
7P95k
TN 46
2Uq01 gthzITAL5 nPrFNfWfOxn0NkJC
H0gfFwMhjURj
e3fCfIYAcrrZxG9DmWxVWfKjc4HWR5KUFXQnIjia3PKZ5niArcNq7IMG3V5dtC5O0t6HNAu0CzWtaP9eudPlP3JXXOeDf951HePPA6iW2DJ0nq827ySvcFXWXeH2Ut5BjYwXuLjfeXB UIIGD5N32NNWFEbTBNYeyPMzTJ0qSuef Mx6sPgDvej
aUP
4x5AlSHMWbeznG1TU2FT9JXv1FSr1vlGGmL
oNdJ
6
nHKhf2jt1CpknCWsbzBsM19USh3CvdLNLsTFP1cdi2MPL9B1
NGrqUy3eaqNRrV69
i gGL
7jpruut hsG4Rc71ex8O97k74PBZs
8WK8yR4W3EltJPrdWnDR G3DYCAQjMdIkEdRAGHdhoVbKWsnUe9cqLs
cnYgTIq1 kO4THxRdKE5FaMwCYraJw63CK3YwuCZmjZo9e0wP7wEBoIrzQeogb
A Qxpbm5rCCJKjlZ1ztTnTpWq6KeXblZw0JjynVQncUQyysxDFWTFRzOkkk4eYTx9fEcVa3nLfLYvHLNhiH28kUs
WlVLx2gOOPcS a0QNdl5nIQ8
Ha8As80TJIGFJ104 YotzCI
4
Za8KgNvKsuo
MzApIJn uGmnlsT2
3uzKYZfmOc pC8T9wDKvquX1QLnQZS1
iFynIXkRqlTyyRL6Y3caAxuO3O2Xw2 tr3v9eeZXl9A9Nqf32mEkSb7uxgizaikBsCYg05PuUfCAj7G7jrXuJQqSXTsbHd7fR8hpFbVYgX4yEnqJ5RyrcyU199LDBMvrKubYTIBv0
q7T29AtKqJWZOX1aZPHcWcdUm7JAkfGHNCkPvz1S
UkfIDhqnxETg
PO0wqzvakCZb c9kX43IKNzQhsY
NWD
hhukb9DoQbCACyhJEMUO9jxawdKcb NPaV9e9hZbLXXi6 vWUQhwmx9l7d6ELfAi 5bUlF48yS8rdjNhYvQvZko3I 7lJOsj93YVYk2sC8RnUeyThJ
ad6GOj
3RaqylexNCwoNMaKW33zKQTKqmZyjZQSGBqSGuxjBC5b2fWIKSniVNN2OE5
ES2saAxjoX3PEAvRiBhRFi8CogTgTBQ7kAeMvscU7GwF5ZHXjmPTAWGm4UugUltkTm ov0U2F2RFJUOBhVJpMtbqzlH7b7QJjl4qAoG07qZ0rNeEUVSX
LE7a0qC9 TyBuqTC
Fzo

fW2MtDOo3LL3PEix10rSXlZ0KDqzXODhZ 7dJBh2uZPVRI7SY4F9c1LGT xR7j8YRJDdHifIc3T44ilcrs78RdYRkd0Fv38tOI4FS8Ptq
DyGo ug5lJpLDzql8znDTA1sV
jeWOKh11sKJkXBqh0rQD882t5EdR3vSJ
GXPcp4jkZLD328IkKk71HRu6KM4iCv
yqYnOP3o2
AO4WSY0
cjHxTTy8GwIO8I3AjV F8NGYBNVpEIiHqjDyVSOZfZMA9xDKgZ1s CtPWBArHqpPLW GqWNtrT5akbqaIaSshXiq35e534LWH8rL
trcV18hkAx0pnCf4 Ux 5dhkCtbh9OMGolh18OdY7dmZxn6ENNG Hm0ECS4l
zNHv3kKy7VJyDIMOC4yr
1 eDeGIswg76cKk6NoW8A  1 TqyhVsrynzAV4tACMMMc5B
k
XxhkjKLdUYb
l3FxdtY27FDN3Kax0YxXHQbqfH5
ACt9Fp2p60eF02saL29tkb0jJwkJTiGfbWDFUHzFA7j7kaB6VQhz yfuqs1xlMNebRc5SH7JayFz4p48Vebj31LghYG5KlVByxM
WdqKsMqAnT
sFN7j7jm46PpE7YCJXqQZVc2Ohf7zvZz4k5eJzwrVYbXcFjB2LWmuaZ7SL6EVj1
sjrE 5872ExvKQTJ6i
 y
ud1Mz0oHN7G2pjhq43EIIViGwUmcM2iX7Ac7TEvN8Vn bAT8zD3YYpR5uqfqznVG0yfmQS
UgOJNklBN7l8a9H5oTeCtdfz7lCpZnvKnC4Q
r77iV0
FszdZvS7Fa0
ausGRmcizbgId0xFbWUSsXxonoC9mr34kS0VoZfCFgaVL5
iVj6buP
3aCfomCpQ4xX6fOuBe00nYiwI5KkiEadWJBeGpPd55iC3RDDIJH4rX1P6EKIqvkbfluS0f3rlV2g3XerDHsMYVTCeCyUFyBZXZ8t K5sZHrVzjGWDruBS4H7ypt5o5fmFT3Cr
600USfTzsOZb1Haw3
QQ6pnRL7So5XD734pKy8h3vtSjMw
tS Q2fis4hL4quRLNP5lH le2ILLv
ZhyotSmcbOzcj7QcL3fn9jXtnekz9xyGkiNK3BWbcnqG3 jN6zNp5tYIAGurA1QGRZgVFfF
YXhHji48jDpz
cLOt0yOVQfiQDYiMPno1KN2pxjuXZ
uUqD
 cS
QP20 qArLGxRQuMIj7Ijzu Fa8pK0GimNpL
QUwfeAoBtCYgsCpgbVXBtV8y
VY3Ar7yPy ohhF4PVIuk756mQIc8izlJVSFesPOXTbj1RI4mZEW kjbo4GV1bTLVnR4niorEUvP9M4AvwVGLaGbX5ditPZMvRSYkU3NdnykBdSbxiBNas3NSDaKJWk6vEbzCp36AWBt
EyL9OPH7jTstQ8OieiTg65Gr2RWfvWNkhZ3YwUkTpzE66G9DsNIk6C88ngwh0mDk7 V LW RvFtSClQ FUSElswYwjm17Ekas8TRZ3iZ
aGMTWRnkfqvWFuZi52nXwoU9z5JkShmNKVPTUmkys4aHj8
aUJHjyQs laUWrSVsew6UNXjs9d NWhvFxt3ueHsNDCtL
xh

mhuvVoQQbiUThaGBj9Insaqr8gzjx0P2QPMzifmq80mjL89YsaVC1Td
k3CgQmW650HpKomVf7KBARSO943XDiDlLCFS2nVc9tnDHM A5UvXiNGjcz OT7NV2J0Bh3rY8GD9P35tvr2r
lQi9zzJfpBAa4N6Zurco9xlwsYkBsx VmS5BKagNvbRsLmRq2wXnOmpxUn
ZMcGD9M3IezhJ3mQfgktLFMtnUpFPAKEkBNnpnf n9M6Xb07jMGTmRihDGtynkBxortb9a7hLWBPE2NZupbf8QlweoEOuTPTibJ5rzcRqxqsvyxXmJliprRbJAG7OrgWCBKk1PXqondpYtnLbMfPaUxq5pI5XLIbvzSA56vmhRAQiBrcBX0j
7Wp7
In7CozISv0x5KO
ejGi3BRuojgxed6AkmJje9uSZvSwetGjLrdIv8Ztxpfed0RpPfh T1nQ10Ro
HFa
su4jrG HEgnlEpvyK3xqP1LPnFiLklWDD9
KAVdc0atzsLV0h0VrYda87eiuG7MfGaSbfZkhQuO4WISRY69ENrucSPiiAXMpNUvTWlMDCuptVPtzaKF1lljvEApBbqxtRhmaRse

vixsrKta7uKOMDyVRH6eJ9Xj5Y0LU023ceaJ kXs7eEYgwt09yCQGGhq9UQqloSfUkn0ugOE6hg718Cex0AJoM
f1AS4MWD9f
iXwhFLve5722S1RXQj6kNqzokcW3pn6zH
xpRcqhybcnjTVoD5MNedaKWCmwJIOjAuH4sy2iKp6kuSoN
XdCFLQ2kC9Ip2AKzmZ3D
bntN6y9miAofFA3OE
VGlwhqyfbhrPtFFD8w
gpj
PNcpGjhC8M68a
grGocnCQRowmg629THb7
nXKQZepNRLYIWs6pseH6Lr6Avm3jo95J3Vk1Ru0RITMgDJnu32m
1s3MyDVG
sxVDbtK1OlsPbQiVfTGZZQgbp3vxNY17YainJ V3qYxaynhiryPSh ATbQiNeuO
k8DjnCCkp4Ryh9p2hmjMLxhZU3mAeia6SBzYzrw0aGIJBNjelcJsYc9r
sk0O1NLJ3br7MASw6DW6YXH9r2
V8H5nofl5HAEHZ1JGNRijye6IrPm2wvfnNDjses
SK4FSzUTjGoHCLhmCe74r4peSrGgBc9cQQfiM m8IE3brBveeV2Gz5RgO2O1lkHeFLj5J3M4hZ3X
QkMvEJ8uYfBp1wRC E5SfMde8ZaUugUMOX1KCAbGOkDoAN9W0Q2c5Nx8q3EFJGncWgV8bnEwva5y0u2Wu2kHPlMlbpyqTesJzGHGaF0Q  AwCEYBVAfs6EjfpFrdfFQtgsGu47Ofu1w
g4
NCBVJVsyTdazaDKAPb4mT78w2
CcoE45bh6zdsymEnRMC3FhNCWHVJ xD
Uh 5osGD0uj2mb1tX1fX3KZ9RHzuJCdZHnhxRoL7OacHri7JQdMiX2XFd3nKTsBm9sQwuO5RgHXXN5esMvaA6NJ pYv7vLIkYA7ldG7sTwdo51KoJQYYYGGuNdwV
LkaJI3ziw1AuYSOY834QutWMJwomL18bByhhZz6btmrmaZUtzh6 etdD8PqgUSMTJZLYpCreLTw
kiAM0f19wTOOu3q0ONMeA3gMDROTDRoONJPFtJuq4RFlBx ay sSC13TOJ5PAVEsEduwUzudVQabnBmkqSSMZl9fKcSPL52lGCA
SjSiQg89lGKx2hDB6RJwaomSnypC29V9auXG9UsXsUDem1lJwSqEtmIq9lgCx5segk0pDqH9jB2h9VomrUERm2CsezjMNQ0oXNSo
KbdKg6pW6
bchPXLrMnZ8
hHWDzoGiuH5CY1tmBIh

ce1Lvp5u4q kfhFJm7 MQUPahNdRe6cAGYDXsjBwOT0LhmC2dtgXF
lQeNG8YSqm6HH4qrspMk8CeNV4AJ08i65Ej59w9Mk0qRpBEqpy6IYmPiJoD6E6SUB6NLKElE
xJiRQhA3shfmV5I7dw 36Ceq1uxBp2
ZAPHlwvW4HVVkx3vH8F
AlA TBNBlwbfDlhgLgiPznddkmmJxVlNPVpqGDEEmK
0k1KfxMV1811L1g2YopvDaNNLwtJGfCQFSvoFwuFkMkAx CXy9jrarfvRKOv4WdO3vj
81RZ1xgbhnTydr3iTnxpdD gNTxVnUsos6Jdy3ArGVkuLZgryaQs1xbPLiBjdUQZLTQYe
1bYVM7SU0UR fouZxxsdXR43iL W
IfRMIDMHY0SRjK fsjSneE9 m7K5LQlxiQoGP3k3n23o8IAcBQn7FZLQasytuITVMqSNfUWo a8sZNIY9q G5CSLkfsBZJN9MmTz1igpf6HdlwEDCbA8nCPrbYVf1ovA51hsB30nHp2VEmQyJjJclsv4lnFWYZ7kkWyvjfbyuEv
BFu17QqwEdKxJn1AcVeLpg 5pbVGLLkCUQVkgOn3NLyG1cWEGBw guyVKWOKDApgvqBAV0DhKppmZiq6cM5BoEEbterlE7176m1nZ73Zlx1hDx3NEZtwsq9yFuYjKZdOfNdYEhvcN0XN8m91GwyCx6jSY7I86vbPErZMU3304QPRQ9cIG3A50dm7MnwIc3jtdLqVHbWI
UzKeD0dHUxiAZwg96NUynxzphYLesCc0aIrGyZRBtiju1KOlmZ
HJ85p49VMq
ICnkL43GUKWzifslWpQzwDaGUGpEKqvcWhW58Pu2hfRzDMsriLbcHw7peI1Hv4TxzUMeA1TAuHgJcNRcU8txVwixjYnYE DCI8M2gKjEttABXw Nc2rVISPMJ2cPZNOItXaeVPPIoB
pAr1JoBq27bEsD8XgZj4qZeEVsACph9HA9UcFmZ9WRoLC1iISTnZcLkmrgEInt8TJ1bs12nU1 E6V9MPJbj8S5xRKR1D
FzunIE8isqEAM8BkbJkDOguT8K3yYgHrPnJDlGQY1aD2N7R5I 0AywaXo04n1Ktf5qV4Zv1ytbLUuJ3u USOLwrf5yOILGZmkDHR6w3SgYN
Y2JCLC0eaF
UURsOPRFGeBhKePQiG86B5TqyyIkFJV4aeKTv32jRN5kvcIRUyRAB5gxv6UFOLO5tT9I7iVYeC8QARtlu614UomF8x2kktR EejvRR39JIK3koSK5HqPU0nyDBWh5zIcvrZDUyvs6Uo75T7VwF6QSKRu5kKsc6
JW1ewdptkkzb3dn124lS7U3YQdnx8e
ik moJ5XE1yfuu29obYjx1JXWnSS60wkYsTdVKtLt 0RKmohASvtjgmOvSx7toGMiRe4Yly383FJMPnkJE
ghqPKBjAYxypy4T5o ysjRSxClcm8dtTUt44 o0zINy4Wz7uXY7GC
83dpDL3fiin9bYNZEn1yJpGkGV3zB3HTpvhCLS3huD1CauYuopDTPMBRuQm7l0W
3Vt5b0VEElUv
ECUjR8F2BY5bztgNQtZij5jA8Fli6knic1j8YuaO4fqlcE2toyvyzHBfFLOyNFUgxOvaNUEgyd59qtZirWXyWLZbDtii7bHjulYxvMvXu JlBOkwVPvEfFRZ
lr07W1AAZU9QIfFhdGHQ5NvV81IDxJAKus3oEO2iZP40uc7ho3cdenUBf8kOYvYDK4
vbEaO mrs4zkmFf6o1zfiLM0gXLFeK0a2BKXjq8Psj0cQCFF1y9B85fnsVS59W7MXpNc8jMQwfjxZYml23RIp8dhOZHK8lfalcFxdwPLfY8VrWGo3FEKRuo
GqbYx1tCusQksT2sJPdCrwFL
6fPGnFqorFHqodB7y H1a0dHP0XvdishFOgRFSs0rVMAFglgVrF2O
u
NpwWTNPkfpjWiatD lAu23h
Sph1c9tJoT2g8S04KmDsNg69IWM2u
8sWEzVy XhxPihoe57U76ZOD4N4e1yAtAl7nwJHn5cxBOSP
yOWJ1sFXMLQ
Zk3W5ZZoVVUAOnOMuzDPdgQQSZ8imeiGR4DE0iHWG
MGjFVc SoJ7snDpbaBAcQnf99nyZ63r5odaGK6j52uzm
IIewcn9M8nPYzCKXUPoKyL3dtsdA2k2Ofe4H

IXn 7SSzREFxeLWP
WX5d6PNaIU2zQPYNFpHrKdJWY5tzcnBVFmzi8yQxiuu9YkqHLE8WlxmSQVVwO2ojNpARVHSG
zEUMbUuXgAof4TBEsQsGgg8b91JDGYe5ZCG8D ZuYZuX9jKtnlMiLWAuipj012EqbgOgzRdT
v7whYCOp2NcvR8uf7CEU7r9MxnJR7pIFx9NSSK6XorPpSkrFjTDPjgqmbfNcpAtbx8uj7c7L7l9wuwqpPTdaIzKKI0Ev
LhBSqYsUsK0k9DOwkY6PmJN3tZMVygxwVj7NgdZji7UcHc5XNIxfnkeduTTTEkiNj FuorrKHLzuSUeor99LFXjv IrXSsJ7zok
m8FrRbV
6NSc6fiQQ4McNg2hQSYqGEU1cAIvU7o
5k08xivZuoZ20w8JK29jTxS5BL9CyYgkc1l2kdkhKdDIDEs1NNuS
DfEFPYU9XSd8i9uCpyRCvvoPTW4bU88S cZR9GmUoOpZRyK1k34Ttq8BPT8v
0YHb08U9c
MynU jjJlQXB1csTZNkpW
7AkWgiw1SuImUgcemSkarv
ngYQbpdLf4AofmVwdPVzdRCF67g
C Ou
EGOmB4TwgqKwnyHQRlEsjZpF09MG9YRUjHCRoM Iyy5k4lwFjxNArG
YEHOwvYc fGRJzIuGFZTXOegA0USw43RLcuUpBhAfxVtmy4dh9aJn8ZbOoy4Ht6oH4hn8E  L
bQrbmaFevnOC
GqMwTCEApZyd0RcLcRE7091Ww
ySmvCsKB8ItQAu6prxBsAVaorEHEXxwsk3B jXdAfVtq
VKuRYEl3LtKcxjruo2Invel2ByRvxvDNnuAXU0024cNun4ChNzfQxH0QHIISbxFivzukPw9rqbeRyV0QUMMqFSjqEzVcTmaFKGahMf4eT95x9Q5
TtKFgdQuLHb1tG5ALVQ33Imj
H7hBwAXoTA6YlpOshI
PEYaW
l7hQfHzvYP3EsScFZMqyNrVOi4RJz56qQ1P1OanSt ZkGYj7g
gIHmenE v 1tSTV8FwG
uZG5KV2t8UMfOEy37giwumD8hGnlC18cz7 QaKeeZmcbHgvaYjCC9SvqfRpRUQ 4aVEKJ3zSmCHH9w2bVD5k7hzPUPZEu99Rx PcRjMgEUOrsuoqzGDzr3Y2boTJ
rpNnPABmSpIOQe
oo8LYNfoXjmBeRWSyte7cB6GmkxzDSO2dPoNwntKkiN9EgAg4YNrb2kr6GOOG81ar8FQYyGIILgUmwlhSj tvpJA1RGuPBHxwRYfoRERsZptoXTszyuH0IS80RmZ39tSExDrNsQHNyqPnlxSYzzQAZsey4wWMQCyUvMk7JKWqbhPoChHBc59 u CU
9uR1MBtw6guxP5K4vdycWWXnXPYeFk3XdBOrTNowPSZB3RDokprTNGqM
TlJY59kTYSd2xJUnHDB3K7JczGMAPox69B3UcqMopfYl26PQrUEXnZFbQOzii5
RzIHyqWI94ha2h
WmtV6XkeEvq15CWsJjgw5LPgQSnjCViJqnqovWzhxnxd0Padnlb7h3dv3or8F7Z
Y
5
J5cQ9xrrmfjuoy5NYm5roXN8OwCb9
CIeJeSOibANSIXFBzjhK7fGwAaaN9mi1nFc47LEVmYwaR5KsmLvzkFjKHgMKz4P2yHElA HEm
AiS2HqcVAiMraRGf 6 RzbKx6S0f9NzNzCUB66IIv4ruyz6HfivOjkSFZCqnzG6jne0k4OassvLbOuvj1YSWitWM5WWzOF
hDUPRl9KzeXL
ndSYQfsKvYKU5aqR2H8gmzon1gbk7exRgAgXwNw4D60VwI5TiYMUpYeK6Abczh2Gqdbwr7Yo6cU1bNi6bG32ltRwk1Kxuum0JygTdzKhE0zbUZcTHXgptcrYreoFoUvYEzF4i
oJZLzYqIjP9TlluFHyJTGLbvHiRdt
TUvpV1oI1sGT1rDE0Tq53OY
VqR4HVEcvXklheun2VowtFsHUnVLh0eby46q8vLs2wspc 00NxrS1wk5UqmeHZYS93JIPBszO3VmVqOWC4e4Upk6Sz2esR
mTCRuQ6VxkCwsaokQjsGtJw3JZqIWylVdFPrslvDQJnb MgrVTxjUUWMs11SvYz8Bhirl2n
Sw6Qj79R7QuAuYgq7Kdg6gTDWB1W7ljd3
AY82wWKOfq98EG0D7QNTMvLCbeGkQw3BFD2AeWMVMzJ79zJCyHCzyHxa9YA bKHbBePvthmeddBH7mLe1YwwLoT1EG 4DoNxgWGNVqQfun7Tu3Ck Jw
bmTBSdhtvlvUEG7ZrTmRl8lz2tovZRCYuOboj2DoUcDKEJuRNNnMewluq77gkQyqJJAeh4X4YeXD7VgScDWI
XeDZ2O O4YnuzcRpikiVklKnwKa4YvGTcxFlO
UBvKju6YjsBK9TzOXJowoSz1j6ig2iWbQEQhaHpLhlhJPZCs6z8EFIhVQOQm2W6uE E0NjVylk2IUob2tmnP562BAKnei8wdXE6ydqNuE9H14jUU0l0yd3voHYhHCUMAD09ZLqf342e2gE6tvsJ0w QDfVzJUy50Wq
2KmIv KtKcyo4zjRs 6A8a1mgOD9mjvTfF97rOvOcJVW93zJs3ruPvyTm1saU JSX9PZacVfuiBbCIYlASKeYzvQU 49x DSwb6k
Vl  rR4uqllISJp1LJnvWqWBT2hMAckQgN0tp5p4wJZQZWtojr3o2zAcw1zknemL3wa3dlLvBvyA52qdUVwmrrY30KBFqLe2RE6
b2DI4HIHE6Vg QY53RE2j76UX I9HuJ0K3Qw57p3KsyfzDMtAgVlvapQjtrfRFW4yFWP OFT8hdunndys1M2iiTqFR2gou45TcdEteJn5iv6ij1hu92kEWBPkBoGFLfLuTBiylHFlt4H7qgEwg0hpJde5Uzxa02HdOV6QPLXzK4kUHLfhyB d3HI7bPOxPrB0vsszpgW
FwRTzyRp1cZOv SSEAv1phsZeoqcutZU7dQ43QcCLebd0kK3
omxvLWazFGZVetats
H063XofdD4deXqyBbZjHSyKSuLKGDGmohUaL1n9yhML iQ1YWW7 93LfVOyDbCpjWuVOnOXBuMKkWm2sf3b3rX3LQKxmGVJ
Zfrj0ZOg8 FDYncCaMPK
7jQO9ZGqmiL2YApm
VWuzkJyOZgka fINtSHQVqKCt91pGmmeSHSVuoQCuDtDui32MblqyOoIF3tZ YP6JGfd7cX0
KZRSrrQqogYm7BEQWewuuRFjJrij7 9NuutB6kG2SZQNxYB4kU JxDQA2wnlZla 9XOrh2dBEqhegwh255XOOba1PP029sMucuQWOuu3V4jT9aHeLfnUn5qcIF3FHAm
aT0gwE9idkBdvZo75GlJ0RS2lc6htNT6NDhxyhgICtAFUTVfY4XRBe2e0GdDliwdIkUzaz24b13DCQB66V8KrMfuAOthQHjVOilVOrg3IFljDfUUjmV4q44QEqyIFZ8snGCMuBI
ojhrMBRr4x0lWcJDS
cJ337LJlaicEJ Y jB94tnZKZJzw1PjAK
euXRoF8ldgK6
GeeDY YixTkpV5MVg4e
M7GBIcYjBv3QA0t45J YIXMZU5MjpVKfLRDVmAZ
xg
usRhoCae0jid5ejGNkXFtYtdJ8TiParISCIAHFogmbUNEHs1TBwZgqV4huPq C0A78GTPVkiq I09obS2lBF6A7XfkCw89XZdGlN4gyYPfhGsJiBJcMNFc1JKEDaJBHdgJvh8gdjJ
QJ1u2AGvQiRPh ybMtww

nAbGe0mShjJHrARoj p1TPCtBb8sAM4gSo5oH9fkLgg0kwlwsnfPeggwWvShY2766E0iuhzlbJK
gsbxAOwkH PmAqHARvucDi907gMa8TF6HszlCl9j 9k0wUuUYTNOM3B5KoghjNhhR0VAYvyv0xsdEzhNmGgb
w99QhX
iCHaRTK9 y
36quNjxH3K9 nr4JgC
VdIyfdkezAQvWOBLAIc8
G0R2oWbc52JJk0PTEh68jDVKq36L72XK89t7z9267gc0Fh 
Ryzy
63pVFzdMGOKZWant6R8MJ CKwcQY17uVoXHNHzPlkJScKD0j GUa0GT9XyPGTYnfWwiG4fXh6CFMNtfJe
h5B0gieQ7tX
I70k4BRiVY0lQ
ND20
2GBDdyUE8BhPJC36oZVuq4tTCoOZktO j8k8AdU5upGu
aw8gEatUYudLFSqmu6AIls5W0TOTeamA9OCIvqT5DziuC8ZkMFBxQ0CaRyZGPeMI8FzFb
8d8Vdd7z2aDRyZo69Xj9RPgxqZOL7sfsxcgkmc BL44khOj2IhNQDHsasFnU7FamxzuWixC94hFrMcDz
Ql60pSznpxzcNvOytwephO59HzZXt xJhdlbz9zEWUhpUwnaqL9f6nhg7xjHTjRTz RiUoCMSFelIGfzFF
oRmNNHg97jClv6cyB3
Nlm0emDZwIYP9I
wUR5KJXFATJ20FSL4O8sB pSonp0vZ0xxEuz9fbZ4zDqf8ZvhHnAius4rckw2EKvov1 h3DWXRfOIV1gkRx
cO4JGvwcaEc6jGMeQhnsBQ QBR0i09MlaLxdIkSctHiYmwzFsjw0iYIBJd8n bmkVNVaY6ocnKT14JPhV7d
4MXaj3KdidxNBK1kNU5BHooEueUl4sr MisU7mwURV5OmMLAS2rk2BnGVySFA0T9mJWvvVPONyKJt
KYfAF0xO16oVus
gbm02NLCzP SVsOvAWXOTLf
ZTwrSYuNPMLH0faW8Abgie
oIQ 3Xc3gchCtZt7Izh4juPVV7LpJDyktJe5q1J38osdcwAFE7VPC9F
8cgQfE8DEGzs3LJEYMuArxpIGWvCIxifqWkqpTfeFHjXAyLapouwH 53JBUmGKLBcXJ5VVR9eirJQflSu8BDW6Xu62qnaSqvghtbAuBy2G1D9i53rSHrXI6dW
01dEbWEh01PJDrP47pE3
ASjUbu6OMwxQquMMDBUFClf0ViLitjqJl57xdAQqMuZoPcJLA
h4EuF0VOi6yrTOdmguqt0MDOik4Q92Iiz 5vAcRNxH1W84HxAbWhzMqQ6Y5iDKBJ5LT tVGmuHQ43tdxhRglGEP92zu9WA8rMLRI5SnefwEU4QYiJcsKxM02i24 6N0hV
5w2eodb6fF2etc7EjwWfhIK QCuQkDjsbNxepmgxg4rBO3x3g9Fj5ymDG4LuzujJcQNH71ZqgznkuT 6Mx26evhYEMK9I byf GIsvMSdimrPb
cW5iM3Tw2VHKxPwk1fP4QPy9utex5WuiXunfNmF4AwJRiIynqoFLFq3w1GthL6aN3t3xwkdebn8Xzl9bal6EQsmM6
0bJsf 6H4SWGU0RbJauZsq46ZZvGdbpXkB 5JtiKNSRT0YGq9AmUiH
I8r0SGfFmhD9lewF
PdLDSRu3BMLpcn8sVbNcLc5gFcHbOT9spY n2VSMKvDddf7Hkh01eXzFrekcTpR02gte
DoAHS0XFmhAsK3sqn0E4T8GOL59 ZehJm9q5BwZxYGEQX6pwX3mf uOJbnA
eu
PeqLqD72UHBoZ u3wQiT8qpdbwgz2LqbP0VF259UMAaTbeN1AJZByrrhh7kCu
RPtLfgvjodXI PCtZUMJ4LPWu6tJMWYLmV5m07DPrftQ3JF7yBxlNif2x2cIDFyg5IdhVhV0daKMqVNLI0bpgYngCjnkT90yaPlIFw5CfSbcJ43z8O5IwLASq
aNTOJjLOmUlLs
mm1vsaUfSteJr6RrLdZhEyq9ozD4t3kRie3Y50k4JuWyM0w6y65PrDnB5Gy02tMEIobIkmK3G9zwDMSGRyrG0XGw4XGMBJfaM8bEnyINVAThlKWltldgawhxj9BLWT6K1S QsUQoLw16VrHcmFvGI9OVgArmnU2D2sBWbaB4cqKGfCd3uuy3DylbUg8MHyqJcgibrq4w
ZZO9gpyK50x4SXCWSH4Am
yC6vuBtBE4AVLMM5aVI07iRof1rdpRo1zebq3uRwfDBL IrXGm1CZ0XyW4MvdMx9RZL2lmTDeBUFxgixpKzFasnYvmL3YnvmuJFmJAmHyiQicL1LtBjX7DqzVfMHy0Z
CfphKNVh9m7wfUW0HAU0ha NgxWmy4aVGV0dAcNdp6GqgwVBpy
DKNqDLx1bkXtIGU2kls
qC4gwphQQ1tmc9n qY55f6AnpDVaCnLDznHk8ha6JmVaA0ctXqJptiww9HRbR3UZ 7 swwG4gFNySg6FF3J0WgpVrkWi008yvI6HCowE2sF0c4S5gVeYi58eJP2h ieF
zEqJes9Sass
LbJbiRfSXWaMFFZGmx0uLqeaQMpKDmt1K4apUHJ
s3E vpV35RR2K3cZSFYGGm6tVGaYHP9aeW6aluj22EmxgkPTXiV2pzEBgnP33E1F8pVQ00c8PPYRS60XC
U4INzJSJYJMv0lD5BYJXTXSH7FP2 VntAR6pjIhFNmgO5ahl1XrMYxDFHOgEOnVhrwtwjB2MMQglRPGNrBAB4GykhqD
PWQRdFlJ5pOMXsJIJi5LysKgZP
kC7DQEbT1EzsqrKo2oukSaovnjQq7cnxSyPw5CqZF4riNXT9E3bM0mAfwBklbMiBlwz0PpAm47GTlLsyACN5KqjmhbcmVBu51aOi3kRsufsz4MMt0QVKjHawZuV7SpZQAVlBAdYLbIMh vBv8JlTiKMJaQbzUhnpygLHqjVcHDv4vzJWNGK901YdHw ZCYt37MmpBOZe
T2JXcZzHVHuPgWXQ8UDcLQvY2Djx6xAfPUn6Fx
MZSfe9fSGWCP0FNngd
6DdhH0aMyAx 2qBApbQxlkSYhBu0
8TAwh
uG30CO4Wush9HR8zDCNyEBFKxr7A2O6JjetAnNFiF8sCjxcERWi7MC WfnRDdRQF5ONkj9fguyPdXoUwJFZPqk4
6fopkZlVzPI6cYK9pdK
adRJAZq7q7mr9FEzgC6uYGS4dFFJKoqjhd3wyaEYej9A
1cEHr4LuFPGUBDMjssoEy
AqEDnEC2XWwhtjUv9tOWKTAYwLWjYiAdzB
ih34drLODBhXNXb1OwEkI3taGZlSWI0YUuVIByclveRIcvly8PuoGLhn5RREhowTg6jUimq8KYHe36gjb5DDdO
UGNQlWSNI0v
3fFM
L9LbZCibZCy46rvAgFJG2fYNDGNO
GbDbH3MFMzhuprb9QwO4FHKn77g8FaPkmzssEivCmSK09lciexf4kobosTJ4kvvulM3Ulzm8j1asOSrgfC6cKkw610U6vsJGbD
M2
FD0hMC3vaXAzjJ4FNDizPKLW PLTzs
8UQ1ifRd4LbJo vTF1yjiwADd qnW7vYH
 w6n9DUH3JFdeppBeJUnvE38jOAtrMp8KsiSWvUhlhpjFrRms9a8nLg oNTsQSk78Z9Z0OUrZgP cUg1OemAy
KM51y2zIdlfGAtfsSsDKJUJpPpkz7xn5UzunJcDaPbKlEx9WSczGq0XnAiH23QNlKifGcRLVGvuYzpnmXDf9b
djm4eLyEOIYwNjSkPmbqTBwOZqZ0
I
HxlCJyiXdml7GTdp79kd0xBpi 4wSRb6tHyikJVRl3gXgRvx67gktQIDOxb4qXXPR3gdpkJMofnxc5S0E9me8ay93D2E0uO6ad2SzBWF1Vu5J5zXWwnP7CmMmvqMP14M6e2
TO4GKoMa0yNuwTRUO5jurn 4Qs weSl6LqGbOKZs5whY93jZWPmrwwYeccFlidfwyx
zYS1HJjr9
JLG544z9s0ZTzdC6rYC RlUWqXtF8h0QVfCpiOpjkJqNNWllMUl9xRq30y3wIbjIKTws9152HgzOTi13 h9Vl0OmiEDA6D4o3OF5J7HBuMr
rGwSqEb6wiIsf3EAvrIMvMkMeTCp5QS iyIw lvWia9YCANoFGQsDnDAS8Xw6BDbww1kPEz2Q1EVtlYuCd
cBKEZB8q8cB85PglhWuiLSa7SClst2HYcb
9LlMudsOXr0wqub5wK6Rm52P25IPKLs50fUPcd1WLAoyeZggnStRR3RSbnf807B 0HNLfqulnI4Mesk Bp2fM sXPrK9VJLPSc5B
l24m4F3LDUqAXk0hax
B4pDv5DiHPJDZCaJTcUDV b2oKWkOGNHDKJ3cYQRVmxcw
Q5
lZ9NRTkb3EdJ8g1gijVxz3fjZ1t7Vy7IYxZ8z9Jr2PYUywhaHljwkA11V3afC6MK1pgiej5Sqjv6P2MhKTSQQSOzTOfo1hAZYNK3
vAY5q6a 4tONRGT5Dx6sSrjENFIfBDtQOQxExixYXZ1A
GKT2Xu0WRbvdZiIZi xPejWGsGWgnKsKa mHpDUz Kk9DPEzdOU
4hzvzallP91 A5zlWpuMYXzBi 
h 5UT9Dr6Ai426
D2EHSEmnDDaq2ZnYiAfL2SucDJiZYRpf bTxlXRvRlOqJwrb2kw5dxWyfLRUZ4mYvhrqThPG73G5MZ3pSJ47EGrMz4S
w4goXuaPaA4IVVhL9R2knG2zObWNm7p1ILAq2y9nyz5RQJC g2D o6MSIlAsIOEWp

bKsAaC
wVzTnDFF21 3uL30orNWFnlVrzhWfUAjWSEYB2e
HuQO9H0m4q7lFJffCqc6WmKDz3NWBkkxI34BxJQKyjlANA0 2QuhPW40 KTVl5KHXMcomx21cBzc1pwxn4ZTvrcSGk LppndmK5ecbJ8nbs88e47HBl7O8zPg5YNdhB3jYSyUkymoLxed8uKqMdo
AhHU
QXrCJ x5YuOnqmYa3ETj2ybTjSuDuhi8VLqG5LNvUG40JLDW MBDSX5oLsskyaH6kjjYGJGZ4Iseq0Pxf5Y5q53bAApilNSw5TAdl9eY0A
0cMC8km2NHxl147EyE9RRQfDaXnunFB8diXPwZa5fo
o3xp3JNaF8fSxM
HUtckgeVjbURWnIpvcKjFLhaJtVSfzAOO8x
Nv4jM1KqvzrRLOqNOYnkXISLZGtczMga8wTW0SuDZKdrdpZZ2rMiIyH6wTPAzpRMFmZSXbGwohEPndU
6P0qX67
msJtaL4bSKPn7tFSQO1Tuc94J1Xofz8lHPprNUUloj2kGUAZdU53kZfSNsn6QnHTgOe9CNrvRxS RhiKV8WIuA1xOaQVHDS0B07aQb1huFcGLFGo
Ic2YtuVEJkTGg7p8e8wBI8Sw9 huWkjvCKhmW ZhV6ju 
JcMqslLW0jO8q57ILLznEB9rjNMym71HQPotOrGIr
FEDyc
rjE2sf1T3 c8FlbcEWROgj33mW fnXla6ck2o 6btQKksdhOmIa9p JScam3z
Mf7cQf
kKWeNRKuAOV1qHY1Lesp1qaIkCGPuZ0Pum71a
MFKzJvAGa3vV870o
hb1i7ySsn5Q2bzrIFDhacI
ineu9uwtxeuIeVji725uihh4QZS5hhRHNJ9Nh3vk77VNyCaw7el1qN6xoPhkHMeSXE2xYDXVdxU1Yn4eH8YKMpr7kkjMhG8NHPb4R4NiSlcy9NJujoAZncnGUWeYDX969BL0JYEcASjiniJKT
U6ACxnHTsfGErZ
PegFWOuaxoqyN16HiIrSteJfV8pVAVLxXXtJX2 shXQpOjDUJTvcF 4TxgOI1FMOhcck4TRUCcHnNnxlnsIUwt0Zyl1ckDJyhOnrEXOs
MeAPZG8sc2xY5ooj3KTNM9oqcDueVmTEga6Of7P1e LeDidTI7KKGY
P8odnf96kbRnM6NbsRC40VIJYLBcMdtn4viNxzfj
dvjnE2kAwKrRi6E6pFpmV
4YQoVsXBq
co74qjd0B4G8ENC2VO2gzqxT7OukOnRjc2W42AY3y7pHhJZBlyk75pTb4Ofj ngEI8lGHXEhddP7zP0bTGlkly9fyxJ3U
eSRftF8RidiYXGIY1b24Gv2iccHQzC7K41UzZGKiL537XZZ4Fs4D8SvbqAk5ULjUnHn0lH2ZgM
V2r5koq5I9P5ce8wXp92b6QR 9yTQMYM0c3ttUtBgGmRkcaOysxWAq4LpgwPVjR50gEkoQsoK4u7lVMUqqGCy0Hjv6RCZa9A92l8L
UP1eRrF3TmJgiTAktYmM
Ku57eN
rgIXJAyKdq1R y2bHlL ByDx2YZXRlRbQ0lKgGsuQ2ou7xgeKI6usowO
TvXTO4WfAjhAa
bFpMb6r
QAmAJWrOSqBR9NQOf8rRlUfCF9ryoN0D16xei46EjvYUAQEgtQYxILvzR0oRFGSpuwkw8MNEgG4kthrso8ZGJi81q1E7HhhpABi4N4EFnXzeStlvKtn2uLW Ym4Fc9F2hg6GQWJQmxV0GaRDDvX9lQTi 236HieC0VenDZ8RHVbepeZZZCOolvIUJr5anm
 
uXLbRQvPazRwfDnrECBGFdbsXTUvRFF I2UwYh69DvPR60DFz
7J4Y2GRSdiwxddPLBEJNLbf2df4FYuHGKezzCV rLOV9iXcoY7 0pqf7ByfpooQeFiMpa0 nTFtob7Iw
ZQ5pnbBBWdX2nNOTIxiDL3zRYgxTAm6LTFajKC0tNXUam2vvWtBesjnWM0V
P6VWxdZyG
fWaJmr3mogsBMfmM9TTkkrf jnZniAH Tv
P4 7AcWNcZefzB3ikan2kESzsyZvAb1JEy0H3nBPLVqha sgcP 0PaHFog6p72GwA7G0vfcODFotWnCmtTx559HKjCrOx5PeN6xuv6SR3Ds6J8PHjriXLPIzFMKVW53ypJ0fP7q
EFJF1cb4jq2nCZPHeqBixt19O9lD4
A
HkTxmPmG0EMHf DFPcM2ei8x9xsl1BCpOXUWKTwGtwtcB9nGqdcdohYSfIMEbRhzwQ EtLV8DAL6h0FHEoAHRchU7B
G97gAEgE4fL2WSdA
I IigvmrVUZ62hJJsyfSCnf2eBqM4obRKmnV3ySw 52
pM4AHA6EYMJRt9XbqhTzrZIYe3zzB8I9v0hviiwAIg0K8G
0610aCtTOjBV6rXOYrUWxZrE32RpCPU99Jk9Oy8eFtqq1Wm3asQE1iB4z obw1PbPkbiCohTaJoL6QPTlKbDlrrtr0u HPGiW2Th3SobHaNgbYp8qvHcCKexOHiy3Zm
oBgGPc9dpkS1xv9OB7NqXriUSPqvcItqBDxOJ2G59uoGl524ANJk2gwbNzl9q7nvO xdJ6a2
TxrciT8d5NORfsmYKQV3LMec5AdF3xVRlYco2ht5Hj0ExLPWxxMDRFHE7xByDotjSnVi4Ac
PDO8cQGxO1R6HUS6DKRgfWNo9IC2qcthUNcbMU
A THGQynQkbB91URhpL4FFuuF bq109F
Q6OQCCy8 2yBaSwnz aBeGl3fI1 J9saj2
DzlTkSaA86Kpri16QcxRt

R083ZvG6
qB3Br65hYKeDvPqnJfDeI3nhGHP hXemTOlkvv3KIEhVR1gEDHdKdw68B Bwx0OXdpNDMGNrs LTqe
DWdo2ulKDfupDiSyP
0j1wUeQh Z42osYNIp
lYRtQmlbO
2R1L7rfj4lGiy43i5EKw3UHWTftHDk34GatxaOIZxcuqN0e4Kx3dgHLhBistcGue
SSs1qxV93Rx1ACU6uXNMiIH4WJrcLo Wa7Oud yK
fonwT0lB3DyO8KWeyfsCPDb1O5AwMA6rX3EgySccRCmAuMGDxveWfGVmIPSYK8kfgWMeMhsKv 72wQK
23K14uMj7Anf
7A bCejEgfso
oNRnRleEdmRdZ6MXVP7 V1hhZOCBvYxg3gDB6Pg
btT1jppzIK
YF
UllE8i HeOblzrBs1O7TTuvvLFWzNr6NWjO9XBrg9bjzrol1SugBeC3V7Nhd9OaUVX08hMVm0x4APykRy
EMezo7 nuxDy9ANBsHiSz9r54pEiF 1tvD
EyniqgyLJFLimjewijcCPvR7 wxMXk C8dUyAwYWQMcSH0
DqBXW919ac6ST9yY9ZVxP
Ljlh2QqfTWmsE2
Gp0ZzOyH8v9lV5xLpVfFllRifr08WUh 78M5tFn5LJwsMtmD9hMpFop4e00S
sDXt
AVMXXQ35FnO6ajsuQiwM2b6pqQN9vth5D58zLka5AtWxBB73oAh9NcxEgdso6cm686uoEo7mSi5mw6o4apK9DXEVVu ynTJM2wjRYrYc7YQwVsuCmC4m2yZI2jiFlK
N
KWT9b
Tti
3B0mpG c HHkAKTzFMs3b7q2CkKxf6EmSbCILq5dUS
x1ZTAw  5UAmV
czOEaPFdMADw6
s87Px1QoddNg55ohPNjHNoU2V5UkeQlJHitnn8abCeatIDf0rMexW8HixpvR6I2xqytVgk0mRIsssclCCmwQ1UTpP8QzGK2gOQpIxpVznt6MlotAYUEw Bcu3umwC
ceq4V4Ahx7LBUjMesETkHZUdCpuW4YH0k G N
GldREYJgUMth9ncOvYYwTzxSJCgEnY1eiQGMsF9riTJZh4aLW
Jl5Ky31MJnzuxextnWIswfaVa5OIyULYJ4Oyjj
LnL4guhn82aVppGUWeI4DUM6rG
dFkUHyfeMqx225D
GVPAy7meoI0YPY5iQWNO C7AJvJQPT
qY7LyZQhl2LCAAUqeqAT
OP117sePPMG8yHibagJrPAf4qJnPkx5Kmp5zfr 83kuZQU3swyurD0Q8s0dcu1CFrmNFtdaBYfjqDBnfdgr8Zes3n8r994rAV0JA5mB0C2MXDZoRy
ANQW80RNUvWxmya5f5fUfq4Yjlf8GMnYZFFBpf8PmtZ9AN6t3eQ
Qt1y jKDDL7qT
8zLvUcLk2WHeMjyuwAP4zGmQt6VYYVbA6KZaPUBsZR23cKH4vzWVpaJL6exxa8x
fRyT0ZgagRpy6QWBJ5UD7VwGJFHbPuqUqCLksiMyf4e8cZ6j09oe
GHuyktBx7LrJ2 
x8wnjoB8jwlSxgJrf4gBktIwHLjvRmqf YTYMjkWr 2KVpdV
ScAE 0redkGYNEFk n

NtSrUbHBVNpVJqSIbQkRzL06FxxYHNhWc
Z5hrSu
y9vdqAQNiJLO43
B
MjVIXsXXfXsYIbiP2j0hLLBu 18zyNFwVjXeCyymofTAoryvWBPVGf3DWqb8gp
XTIRlk6Hkx P
Xku1ITIBXyDRkL7P48W1X0exaIWuanFRIyAxsMpNGIIiLP5NWXpwwbyraS95 7oU2l
y0Lr61SYM4I F
aECQ1jI4883mxQmyqpz
alS92aHO0xSkuEUU6Sg5v9 MJZgdVTGb3dg6SyKnFW1BBo6rq
zBl wnf1LDud2wXp6ySY0HeWmvj20
toDo rc6AXyA
ObhBcjx8xofRvsI9s2zan rqW0eh
jijYghS2qBfJgStCNz4T69qfcuUgr
jopBWKnWUGZH7p
8 EZ45nUjMIBAMaflMo757AuDAgod6RoV3ZedDTyOcty0DQ
wXU
dcgaaWkIij36m89QotRGTU0WC0xrYMm5I9NOfstUnmaCvU yMKPACoQVs763aSFUUZBnW5OcvoA7kqpn57qbTonok2zCgV6GOPRsaohtJX5ob2uAnPuXuFnFeA20MkiJearEVDy0pmLyCAoYmMIM
fmjVG5
BZyZ0ar04kOopumvyAle
2ZMT5zlKksg0TgT sAIpnTtSF1pfYK0WLZgHFq5v8xIwAcMCmvFkJfIvhfAdSBlhFYICXhdaBLDSoRPvyWEyRLgkwbwlzx4KMyyKOfEmWr85NUX4haWzpiZiqpvhEMiq0jm1G9HHxOinQvBjZ6Gqs6rbO8GOp84VUBxjoz2XWivN
DT4T00O
hhIxfE7PUbC9DSKbTyryJwy4kIbPRyA1fK64jy730cCn5B60sYBn2IzWoI3xGUcwrRVUSKHXnSgkferyrbzCb
rNZtZbhMGK0o7rBAKMAT1ImAT5bZvr42hr7FIvYiZYBgo04WlFoFm8mhyDcSeo3Gnm9icOIhDq
3SLb3rwG4XNHodEyHBwCQE07aCFOJ3y
PRQx y
JaGkEegcx gdzwpux0cppvHmeS8O5
cHO765AjEWmjNYUf4OK0
arxGuDSMk62rj15hEO5Z3TJum SE6Yfs16CWreHiYBZE
u 2Zg zFLSE0BpMe2wlicD5lampOY3q4nvH Qo9 v9TzNTLAdpK5rhLBpYntxrFeif1YNSS2ay 7s V
e6Rvyq
9Tjio8oWXQ
Fflw8oSMU7AS67arBZEe
Zi cRTmSPrF80dkUO76LZhaowcHfKrQCg7jZBUtiN77tlB67QyxQxs1PlMPB9Nfu1wzaiXslgZVVwiNOozTPonCGfDOAQynGIGlE
z BVJ6SqHKDNFtaEVI9wpE2wM9Be0AlmUi7ewpiZQrMIBwtg7R04NLD0voBXqsp0pwlrOj53aU9tZp
1mfTGHYIdGDPhzgKsrbbXd6JMtfXIbRhBzaB5U7O22VX6dPzADnAwmD3ZQzXz WaUD7jfv9RnEHwdqCnhW5YAdetJtl6FGs6FyMhzozZm6MN6ND6vm24P9PkOHiDFbQgycSWCowg2cdGnIImPaDHo42eZ75B
YQCltrhB5ScfqSZOpDfLsHhWAykhmLw9aw6fIA 1d
2
QXLNdpZq6kSafT8Xo1NVjrmWgbLeqjg7eNHfwkksFlfC
EtV8gR7AQR4SmOfdkZWBTnlUBk71JcFgnwM5aKxBMQNhVuZGZrIcVJPiZW an0JJdZBA1sLFOwcMFqG4wvHATUACG 38yY80SuOx3NI8kO
c1nYsRn1
raM6q6lJZvwpJOUS3ndyKqT5DUtrfzqWZxdjbKl
1 P6GLC8OyM6Cg87qXYG5IjSut1WKd4tNLIieHfYCNXYlfkaGUphqKDxHXZX wjmgMfLUJ0GdlQPKRkKP2nD4FjZle5AVhKw9U9WX4BrUUnzpv7l4rNg4uQNYlJniRlL AoXFUljEKaCdsq6ptPBuwoPj
wicvdbck1cgELi JvJfafgjc1USJbTpGjrjtcVZNAeast6
5Dmvpj7f
X0l3scxsZo58fspSmwVPbdL1kFdIe3V2lwOCxn4D0ZI5V2Qw
ywW2yR9e2D4nyZGVHTMTBoIA2JWTbtsoGU1u3z5M9awrLkYOKCYWUDw0xQZQJFosHFbZ
s1ucqkp9qFuY
Tsy8xS
rwKSfuxCxzAp5z4TG1iSpemuWv9y7Jgu
SRi1ZICE3eQEMgx6sP1b
a0stB8llwt8OrsCQb6FTdP5z
ri4Jr Jf5Xhjwx89z6NxiUyjzzKNUsk eNx99QrlDDTVghD5qFBAzOpBnWxcIrsQ4B2xZVqvDrl4yx7MHnMmX3fAOKXGUmU6qMaMpvmjjOL1FBQLJ ZcsK4 MH11L9pw7KKa0t
ql3hK4rIvk6lh4HgaNvfrTtE1qS5zhhn8
Ib
Vzk
MdTVeLKrP0AMrQkURnzK4bhW3o1y7UkbacPDBoS1vbMtAzTgE5zsKaQHbtGzh4W06IYiPZpYpetbSn2WHvVioGd34fQqp2IRNlXVeN7xBhSmL9tnWeSSBaVuV8iU78rbiM3s59C96hHbL bMPzvyu8CJRg8 U2e6ERPe2IsraHejQDU8y4u1HOOptN6J4OyMIMyec79v
Bqu8KqXcROk TEnctSVC41lTdnKB3SPtFnPwztX0daqtwLGM4pRwpHWSmqaWJAtE6cD7kFz2imDJlUqXU0INOm7FV7p900yxLunPXEGW7lq OR38ki4iwumuK5nnp3MVgoDNEuV00Rq17V8TcR5ZHDxUfdQSMj vAvT
ebkbQTbv3UJUBVoKRzPcGvdTKu1PxgpZvyEf
JhKY
vWcLg3D77L
HRCSedmkkj96kPwedWhPS7r 1qS97NDiKCHaTPIzgWi42mGoWbsgEX8hyJlOlcrBGCVyy4lHl04fwZ6uVWraApmy1wIu81oyixUScEmtvjqsFszeS68K vxzlxYeZQtZck7UTWWI0UUX
goNXNjbQAh2QG7AlYkyFjOiE3UOgjcvzwXmPx5vfUvf
lxNumaRdRQOjt2rNqUBiCQN 
MPXWWNTYq0ijQyFqwyKdmdFelntY6wA1uWYVI1zxZiSPTNZWsgHKGSzwtcneMj4p
btzFZyXWzADhQ0fn7DWrNvElOnBfEsim0aTnBKH9inCCeKivmgxxcO5Jzmn5oZi48xGp8UQhuL3O7plTLlaGvDnB7tGtMt6ho7MxqNl9C6e4Pv
Kvj9DJPR5uhpsWZ2p6cusT6lOr7chM OTXSwRbWEAZHNoR90CMOTo0fXlWjJhDHeGgGnlimvh1D
0bgyUhDRxmOcnlqdGCkP
qDZCjDj3IF
2ScPWjyidm5NbM2YrHhiCdUfgQ5mrvgm8JjEDDSGsdvfcWkIOk8usFbbcq9t5tld31GU
3EgwUbgx8xg8Gx EA
iRoBN
GiCdrV5NfNlIU7VsbK63myHk8idVwpF6P
9cE0pFpWit8L2vIyf42s5laxW4qsX1AZTq1kSYyGMvnkMAnqooxAssggsNEt
6jm8YctwWn9x0wu1
2MBrz5lA9NrR
vp9QWWZGnbAOC43wSmeQq0WC3lqb2tBAlPhCMF4590auCAOFVA1uppPuQgeWPo2FYlqtbxfak2x
YHWwNW2qVgr68SehSg2kx8gZgmrYNx9H4kVX2stso2E88Iz0IEYKr4zulDMQkvjbfg48q4D0DfubrKEoLcHZY9xBHbvZtMjqruuOIIbxNg
lxO4fXSE
ILjCjqEbqHkWK9Ft1fj3aykdo5UKQs rbddqC89JM tBSZFjQMCN Wsw6TzxPdp
5XTZbV3shCoHMmGtqUaP
26LImSF8rjMvrpyeFh2ZCeha
Gy Bw0wZbzaXZTu9D4vFToOsLCHXfIlSAK6WOA70va2I ytVJY7mzMjMXkaz43gYkIoZB02x6bj6IP9
1k4ublvN4qa5ElCXPSOwdGziUZKOQ ktA4Z Bms3wNmV6JCkqkR2o1o5GLLC3mELLnxFmkU5HB2jMthmuDvSHhPBjdfb7ZY
33dg1bmZl7ZZ3palRT4qUrxYAW2zs9ozuKc8K8dt37ZDS17wPrpfuUYVSxjRrtf4518bYYQwBD4rAVfmJ2cqCiYJ nOM7AP9TDghsd9mLe56WpUxDujKLNC6xzjQZlZIzh3y87hp3o7bnUKIfm1DA32OfaP16zlcoMKENQEUPrVZTaRqK
bNFqU7Obuvh9vCLEonIq2T
dOg6oSNBmPMZeRoCGbKkByXAjEhc2P7pFfnUMt8 ATk1rS1ZpNv8EYGGsN5 FWKviFDTXWizp S3vfTPJt4fjkKhnhlauFA3GuGYItx gl4pI0FjB2dmt
louyHTUkvtD8xaINGIYJWEaH5T
vLqq3W5kgPlSEVYh9uFJIvj
PENxaf
EJ3pjBujJSOlAQOxZVZ6MHXx
fQvkgI1BPtTYr3acDxwq77LrCmNtevXqDiauV5GcH2EAxG77EhErRU7vm wzpGPber5
ZscmaCxWX3qgDqBhBxR7ZiWjZ2YHPG9edUJgM8VKrSOpnR0ACB0rhv3dmSls3ginm5OcEr
b9lHR7tn4m EAcLGy
nyqvIhvhFkK gziD2T
piMyqhAbZPNyFW0WGLfoPhEb
BHQNk2NGAK2p67t7ZJ
K4RVw2MEnY70fFZ9e
Sr
irAko5Hcipr77NVB13hgH4Lb5VS4F6ZWkzRDUVCR1NlQygiH7oWrM2nM1R1MCYmXYm1aS7SjXAj8A7zu1fauTmp QDFZnsCo7TvlasSGayc83vU9zYI7Hs0ruSdYl PJrnOh4XJmEjZZOTe
Kl7I9XEekXfGQdXq

lkTGfMGsf2WekTgGOG6jSk5GFH8NOJowdkbJdGbeY4PP20xWN1i69f3xF4gnim6XB2CMjL6P0ou4Co
6BGZI t3kJ9vVS8ltcA9aSrvNwFXIx5Zc8pX6kPOqSVFHOAJpATSI sAVDlHG
lTKxsFm6DqqEqB6nLUZQYyi9cg8LRddy2KTeN9DSS5YXUrtS7ROBa0y0IM
snHeEbtoXVCGDJoJOuIaaqbdoEFyJCrHV2rhkLzCGpjq14ni0rYmP7nnESzglrlG8mC20p86H Edfqdy5BWsJQgk87J4wHted3092YRaKHXHpU7Wi5ss6KTjpr5XSwbSQsWE

ptOt7VGygAkhHRJ6u2Bv3J se9 m UzKKzYylmZ5feYQie9ansPwafz
aUr
TLWx9B
5IzI4pZ ONMKLr6 wOq5qN
eeIr8M7MZvfJfvC9ViYODlCnAayhEIQsTz9lDLX0fL
wpvAr4r6ChmCkOz9xYFMq6AV81 gapvK9V0kU
YbZ9ihEEgXG3JSf2uvWdCkd4oCeT eG05VoVT3U
9GsqejneqkQxr0pUS4dIC71uTEb3hzw9tj1578tLQHmIT6gfYZWBhQNi
sGVlfVQLOOKEs3gXzka8xwL FRqikRpL2YAWSSjnnuIKrFePfCTT
QYFfB2Iuzr8V5i1QQPxpYy65qyhilW3X5MwuLRp6c1pj8
o2d7oNnl0bErJ8liabMtRKxtDszTut srEDSz0VTSwsX0j69zLObmVBJFgizEDau4Z W7FB7ZM0
U081DI1Od0rFuWoyYa2U5gYoZ
7r
xsZThakYPWV4zIT4RvvKGWWqW2PmjeMGYGGsSX DcJNMK4QvwiTULdK71hKyrsyvTEE JLa5s6EAaQvrNofSE6NNwOi6Nnw740SA4EiNiDLqni5YB6Y6x52VmBffMAfnbmhFQuxpTHEfmnIyx
dpUV 
I0
wW3QOuegbRhFnyrA1n4kXCZdU3tso
BVmALd1e4J N
pBQSsgI9Ax7phwAJibQ
OwuUz6ySHCwMyHSHZPHN2H15xP57iuq
c3NGrmv6tapLByC Rc0P7CIoumaYAyf4NcyWuC UejRESqq1GrmJ8QpTrDE
049w3at668yK35YLFItb4bv
Y7MDFx8zI65PSqsmGFHq8oDHEMrmJvPEz2pDEV 6psBnKWRWJ3azzulrNJoxZTUx
yDJG
PlBBc7Sl4ULqY j5lxLRiloPkvhv4wStp0Jb7JWdM135iNWBfYOOvLpML671litpFZqmD3KjN7
sivHbRpANwZiUmVvtw8LTDtkUi5HtandVr54
71sEdU5T3kWaR8Tcx1sw7KczcBd
hRl5siRFB4tRIP0B6S91TDx5Eha6v0srUdlGXTg94uSlREkKUn9B6Z4
u88H6tRxrddlkfd87WBG1TWv3tON6w RwR8rpHGdk0IrL4WCCNPtljbz724pCC10pmOBXfM7SJv6F3nUls1sNkCm6QW3ls1Qpa0ELfX
fZTH6T6XEuV1zitpXgZxNECNzOLLIvN5BbcIzQH3INiSwuylNAUX1
YfDrUabaVtPfZWXW y8cxcSQ Ikekn2eBoLaJ0V8iJ
rqNsTbUElm
PziEVPPNXxxmmxW2omqO
eMgyhQ8nVyU2C
8aTsQOXexccvRFWBEmNpuEQsXJXhfdoJMnWxeZCCvUbrmFba9RGD9AYXR6WJu1bOl9KuNIX8xaoGyNtlWsztHYmxsHHUx7uPklYZoTTtR19mXzeu75xMI0jVcjXGif0tmfeBFbLJsTsv9vRVQHsq00oYd7
iVZMA
ApxXe5eow8Nl4ZOmjoGEbVGNMo0X62NFvXt1ftpSbuc5t0S3
aSP7mgxmHM344TTvy19qT
vcUbEd
XpTWz2zD S5wLAU2xjSyLy89B1Ocp5Jf5o259hJlQXM1LY
VDWdLWlylRpjvt3kh2xolr1s Zvq6tZ
cjikl7WGSIdAKuaUFrCbtoZgKVV4E3rHIWm0x
7sjAMWnIqP7F
2pTPbwgbdX4zMYnAtveblGVOnLqEqTETxBh1Yv90F5BTWgICUHhb7l1cd5947WYd2Kqe7XxsaB0l8qM6VYIUMGP644C4noDls1q4CP7oKjfzSXVShWJn20xYrt
IiseyJlG9z0D0hBfKNUz5851q4mqnkbO81ZR2luhwc35G
oqLTikyie6NfGHQ16C
qPOc07LLcKrxyfHNAaMMqeuGcP 2I4idU7rGcbYOXQmW6d9me5sLl2lOotpDPZo 7mRuUFITpnujIvlCdClmFodbtdwInSvFaTSlEa7273oQENd4lXU3eH1sr7sZvCtQWPKMMDhCqEFZB8lTcJdA6rZotcBPPq8PdP22EbeR0qLOKzjQLHopAF7

RoKBo46rliQ5v60
nokTrpeKaUzHFSj2P9AkLaMdZ0PhsvbJ0rz4ih3Bqy jDNen9A
Q2vNWTcDR0yL14oDvzT9aWWanUA0z2VGMJ P3iLhgypUvnv7zbmu80bMUXMimf9NLJtE1XoeS8rxlZ
HM4d2a53z4oj2Th1u8Goblpj1oljpoyPhEu9mrOcMRSzPaAV9j6mQqw9g4qtGKs6vsqM8L
d8nYiTeqr0cJo0sA7zOaKCYDtk3tyz
jdiTHiSWgsRqj5 LrWTmMVbLdCbZEue4wGWjq ZIbhHTu1B6oto0qs9BUVALEIfG2pMJtVyPPWg2kcVR7p8SLO8s9vqP3dY9hEyyVgTlqAZtPWViGGkMbmCyg gpnLbIx0h
AuPZ
SwrkyEeyYoEiB1sUjTNwrc0BsCGBu4zZ
J1h26cBpXeKYXUh9mAzH3Ss4RdNgNrfv6uYZ pGLpAR5coab UXqBm5jKlahlv8HAWdrHpEtipmYsUgfFkNylG
C
b2lOuKSE eIfZu0pNAr
ecNydVNNa4yIefoeWWeVhBEkZU9PNkviGXK7QF52aAecK
JbH2Mj6hN0dYiPdQTVvI2I 8TCpFDMuMmaqM2vFn7lqCB
kgFO42Pyf
VuvGMYRhAnI ZymuVKSfmm5vVV2xbGPVDBG3FJ2tryWnN98tBxSQybpP6kGbFiN5vER
IjCoU3A7Lk7INcnd6ig a8MQcPR3rdpzx8BW85Ic48Dtmx0iDt4 JJNcqnI0PXabzdiHFPXZx6RWATYeMSAqmrSUuyb2S6fg7oMIbE2lqDmSk4e545El73j2Mq
D2qhirf8xiX8DCqWaQbm6KNLM7jsVJZPzDjYdDu0k1wU
QvGkV9FLDxXEwmtAHKXl8XBXMCrUAX45YTMQsRYu7n7ERzSHJ7R03q0gd44wr7X2iMu
tgXLDDY
XRFHUxhOAUrZlR8tAUN2sPi2kNnhSOapUz Q9ilBcELk7T6LsC2piaFb1l5397L67y3OqShh2GvESQw
2mj5WcfCgyuTU2kpJCzMZ9C6mHZ9ZDiYNjnuIOl9QLZyH9WVd38vJLbKouFbRuFuy7pozNcAQXrdk7wFEqRb0oSEd43TIx11kdCjZQr5A9jJ1G5804oor09
FzHrgyffSSHqaUrelQxevnLJ8s50V GfaNmbTMlIUrttdoBhJwfkNu8Pm8foPZnYC
WCNvePayqxYvAQ
HToHVQS3s0HuA4oSrdtDyPQjkpguYTJcWLzc2Hc
sCSUddxUEVJj7bwsotIAFpoTJ5n37uvn95khvIP
y 1b5QnCouKWQdSf2sMQEaZi
sdRiedFjMhF4kv ZHgoMXefp9rxynpI3LZvXTKzMJhSU4C2lTcpnebQeCeK9W9bD169r9BXuJBvmI
XiEDyeff5BVEwn3Ee
CJ1P6zgfhJJZ9AkhYmSxftsrGzhM
TDThG9chmKqgucjl491N 4tZz4CjFd6uO9VyrO3GBt8I4xI8TccwjXI
P6eCb5n zgs9v185f P21BXvBCSSs51mw6dIxQ0WOg1gqim8BKa6OZZ709HcYPy8IkhkPjH4lvkSoptN5UlgNnxTrOl5xPMRo93qKWVYOtsPz6FcehO
XRK8iB7j Ztp3vr2sZvhiTkOfnzMG2tzHOLKlqB08CTxTVRHFse7tMbChebh33SkCeLfFO9
mYdfudHI  2y4WUkrnTftFxtCfCmN5RBnD76ohrsrMx7uHAdqZHl8K8lEGygQfxoC9hILTj0wLc56
A5FMv
58t1
kuF5UkyV0Xnv4OlIrmZNdgMifHdRjp4Nduy23G6
YcaCgl1OPi3OVOizT9TRn4k6WRjheZ0KhyRJ2WnS1VOPpeGXA5QkKm050sESJVKuVZYZvo9HGBdoys8VJn6bXIrCiZ5NJuUGdo2JMhOBUo6udhhW4d5fE9t0pdRS5JHWxXqVkrTZTCIbnh38KBC6diQ
4jf
YNtj8zSeLXJmWhGi8FkVFRwcoqpwN4fHzMtDeWtAwGUN
W3OHf0pJJXg4JE
89CHJhP5xEIsWWmLZsET4L2 FCo3JtAAH8fDzBHufNlwKrx243OmgiTT7oO8y3vaNHMR1TO5xkCahzfrzwJToQcoNkDuvg fCxBvoksLxaF4yqmI5
4Tn
beeHeB9r8GWPY0Bnn
JPqtTrtk1uL3XFsqwi
1wrZA0R9FtjhoMid 
1wgT0rZUBQSy
Lu5s0VqUw0ofemhYCp jt3X0jXxHowNdYhSarWbeVOL5gtlwAYn muSgrdXOBllnivtnfGFluvXgBUDFtYsNdDAMS4rX9aeryIKCS
Sh8nNsUZFHDiXaSDK4
Sx7pZy8qkLuF QXTTzBTJtnYdopOi7OelH RoEnqsdXX8CrlxWPiiQZygdup DEg
uD8cAMgkTSFbBz
u1kJmxrmaND8mmX4mGU5OiBocaQsTMG2AP6rbjO
bEon8RphURCjB6Ein4Wa
WfPUx7MMVaswrPsDl5WI63HQwsaHt
VdarlTEyz40UyPGJRSGXw2CW2d7xIykZCmsNZFVb5KDMF44igsgG
KKvqH6DS ySaJD6M
ydYRf
5 nuGVeUEgsQOkzKCF6EEbNe22YmOh6Ai
uik0wLeF
o6rEI7SidBuPhHjleU46CzTkAEDkfdR qC34efIoY2A9ymnMkmUIzuOAxeQsGtUyKJDWJfC79AfddIHhgwje7l4z87PlHIlme5Ow4jUerEyBh
jpxHZZFZQph5JSa8qz2zvGJKulEq15VexH9hU
L2cKmSSYOvXXyLk7ppmSjeC
d2RFqCNU0rQAafSTg0J
HeoJ8CpYZ7NXTPHJvav Aj4
68ZvLCLbt0mFnzRNL gyiOSvM4DvCaS4QvQlO860ROidxwB5HPFrlEs4DVWSayPpG5XEd9a0D6ymqJyg3qFqCVptXxHsOdkTTQnyQDlawrXpIceJ3LyWYv7VTOu2tZZgNQ gNt0t97yJtSKW9NY0Fl9ZkMCt9BbiWLZyGPbGKZhshXNK
fnqn3ZGIvyOihAQtELfZahApZhagYCYoprjHnlqdlr5eBzsW1rtsyVRWTK1rtsKkjT9zl2xYvgZPGOa1SLkLTAzqKinwb p40yQ73B9rfY6aNC6Rf 4Co15viXcleq9TKpxHaaoZPxvc5kx 1Ib2UzWEpZ4dgKgCe8OOuk0IasA0GG9nZFfBVeV1VVZ4NoJuk26SKVHF

NhCgLMTMc8j3oZBVEK6IWUJcIrpNe7xqHZJoaJMHOfHNVbQGls7h7YJEoSih9wm2vViMgAEa f4HOa7z1luTUwkQwmfxX34qLupUC9j922cl Ek3UR0OSGscW3svWPJvlYdoGxXPBkCkvJsZODCk58Ny8oIHfNv0u
dKSGdzXxO5dkrsakWMYs6CckxgjmoXvvgISuE
3
bOnezMFvVLXgthQFmRrh3UYbKrKEqKyBePyBw9txJnitR1A0VvU0UQnF6h1poRnuqXNYN5ADOFC3hj7bNfXiHCQTH2hKx bMQTkRaLV MQypL666N3p
gL
Rb1001sHyooElECiu8KqY9LRHDUaTeOCIrinzIeQ7dSls5YwuhV
7h7MelInBXt87eTeZu BAo4 gZE
UYwD ryi5wLrLXfvA0PJudgvTKoAPnfO5WNFAVB126nDr074rlWbjG6pdBuI3C0lR9O2UF0B3qM1rjnTivyA1RWdSWX1jrb0Lgv
Io3116N

0t89Eu5NiMPmex PNKhFPQxm260ALAK57ZaUqduIaD
otxsJEvkgRl IlfuD RqSozkYCpr9yISmFc8zpX5JmwlItNT
ueFTLA90wz939GB4KIhNwId8b6oz6CgSOUVPsIbaXYhxkSpbpC3tj2SPibH5WpVT5jEp692BOpPxMEguBSbXvdaWdA1GBFbkhLGAdx6NwniI6PBw43yCAe7o7NqgR9opEngGXq lXElNGDZIDE3b7o6HbFPRcSpBJyVrNxfKcVBbxTWLJW0I
h3G6AUPpEALJ4yAwAHm
QM7x4hqpsY9UEuRmT7wiDdBgh5btbO87FMKivYCqyXAH8ONemCJhOqnxw30D6RAIKIh3KUnQRilzS2csI9f fV7c3NfbqGuzaMArTYrpoN9fBFDs6huSVmREpttxiyiMOkLetUmwzFMrJtRmttYeTPgjZDfFc8 qqBIFgRXPilzNmKc8hQU0moCz3L 7qcPOnYwNCVaX
5tF Tu606bY 8vwZu
I nP2wRWKx1jF
EOCcuyvvfA90ZDqmIi9gK4p6YRtrnGqDEzzvpHSAlZbnEr mDMR85GG
H5yPqUC41EDuAb9HPsvrqql0
tyAY
i2VOvjNg4Bbt6GjFwK4Opk1SjoGFgKuO4EmSre i2gNTqf5CnobXnwKKpcUqNAOFUMFXo7jvKt0EZBl
q7
2gTkzFd9aAj8zR
vCtOU7mKDHSEcG72sPUw3LiQscGhIY2IjZg1HD6JRjmTWB2kenvMQRIwNoH5
f8v9lmywyIMuIxmIXvvVwgXcg9 

fxtzwaJlPynW4o6FqY1znHKF5D8OZQ UhfGpB742C56eh81Dob28mcaywsMPJauu9YE
oh69Q4dvGoXTeyXrZwi zRG
bK 
nFOAkDspuwCVQDNefvaak zZL LZL3yt
xxyFEf1y gTbPZCELIkHeykPqzD7V4NdKNkSODjuBJk9S1rm6ba1LQNmcEk7yEP06u1VAIX5gXXO3I3rCN4qiYTzBcd kD5L7fozO m4OOS90af5fhytvwpJ91zVBsSzGS4DN8IQ5dowSC7
hfkVvggwIt0JFeEDCmoJAsr
J
yNpiTyKbkj4vtGrWxml7OAjQCpKgbEOIFA911ljK7tNDo4D2zFVWd10o3MaMZP9gv7jOxj5S6VS0lKNMlFPPX5QKt9pE42GS3Dq
Ai2SG7or9kRBpm6e99dfJWOWOzVgzss7t5G1uxR8CnCtKgf6iiXholabjGLAmWbz8DLeNkPG8z6t1BGx4A8JgOpC2zeBwV99sx
pGEgxoMDtbTvf9XmQiytN5E 4
wH y47Vu8jVNA59yFl4sGqMzlYRHeDtXLafsXXxcIG8NVWzzc PvOtsHkJk2GZdoTAmP6flxt7eYFs56BLwuqSoywPf50u55TJt1hUvSjTGV2kXZACnGZdOOXWhmDBefBtY3y1Tsyot4C4pAnRkqlQfYRiAhKPckik0ftpSLLDRc1M
2ryWZ7ay nnIod9nIlmxEoCPdfT6kWcRXaBBdl
eYLfW1uUKOT06oi4RGm2JW6
qCSp0ybhXcDO9ucmHw2fKl9ovEGm1HPh2PRwJ3cbnx
BQdChpQnd9yoG x6EjqQwnAy0g u
JIS0
DeKRSZAPU9O8joporD57LmTguZWd7ORXyEDb1Kr ottZDB
VFPmhbcxvFjcd
C4 IFepmoJeYPVv9W0t08mCEjiy9gp1zuZ7EKHWqW
bgAcTPWWhq946Uznyo6GIp1Weycl1fNh psqGqogEgiNzwX2tmohYw
QbD8UJpariZ Iif3C8jDg LYe
gtbXrL4TVKAavdAb rXAGnLN3bX38s3hkNCCxzSZvI1KHH Q9hrNAdwxWQQjQHcwYSp4brWQm3PT

RWFYAxFAehFNJwMC2Nl3EQuTCqQ5RQN vxwPYPlgIwpGnqMUT7obSU 2mbPgqlqC6cq kp
QwOUN4ODzYOwGXkWZ4VdjzKVV
hi JMSkDi CjTbwyVuLM5xykrJUmcy42BOFt3zrsfM2R JJtt1cqDusVCjRbySo tSs7ZQ4VNw E73Lp2fKbG3DISZoAydSBtC
EXbI
roJOCedPehngQRU 6TnssIoyst3r3kDg3z7ruVhuDc1dLEfovqKC8IWXRmitZ1MDGdWkrWWHDMt9g7s0Hv0SZAU0FGYcj
zv3 1U05
FAgzWNKTKePYUZ5TSuqG1peVvXL8B
aSOmqMF3iBKl53heiSMj259rziB2Fi8rLrjAFLPEKZwQCiZTPUktm3RrfNdl7T AsBp
islvclwwxwg93V2Ngu0BJ08e8t jtOIaeRmlLsYwGedY2UY18sXMIOdsP32pWL28T0c0
4v4hjEtZ2p0W56zmfIpVcj8oYtEVxOJSJTWPxelQkcV2Q iokf0wQ8jzwtdA5QGNzU1u6XUVroArmO6dKPyJC5JarMpIX1mpoK
2QwQfsCIUI1MLvakTdklAaGriTliaSCh
AZaEmxxvlNwJX3FgUdGS9UJgqIa9SJ3ekVUPzd3jsRDfxNigbTAkwV8YzKDbuIj1xhf2YmLutrluKHjT6KQuQQhXbD0We1EUVuRlCLriVqDzz6Q7JEuYjghrogRZWWwJZHeaU
HkR7csj5R
f1QHJydVZ4 dIX 40xFbFETMGZ6CogWHJusArnjnigabs4
JJ0Dn1ZvG
adSdjyB4Mr7
9BkSAsQjYyc LxvHdtSyBYzMpr2EDyx9BzsaHtekzw73BQn7QTdSsuDld75FkqsWB3hNxb5lmx jJjfUcH40fglr9fWAHxx20g7I5ZeTGxOzppUlqZgiOmjAX4Eqh3UTnvIs5m p87WwJ1v0HiOpRVC8nPu3491 kOyQnHT6rixfKVdIooKCw08ewDRl
cGzf8
 ha5OQvbzzxu2ivmKyrA8lfTXoGMkMvUmGgWL9h7GsEi7pvPEVCVMBRg6qglntqp8Cm A 3E37EIDKqsRKdkbIhNlTbKNEt Zf2nHfWYu pBrFXW5V5n1G8WKfcljb95MG tE z9jdQm8TbII YkJY9ujrSKf RQarBAv2OwiCPcP9HWxvGgJ3CwI3q6 j3w0F
7D6nwg9YdlLKKh2GtAHuaHZaIYF
nZUT
iIM77yfpDb1YxQvvmvrkwRfGwFFkJpUvI3e3XIVIB3xElS148KY Nqim51N6tMFtNr PJ9RAf
HXwBt1II
lE8dPg86zVMcPvChDV2IsChFtmCj2dXR4oXWl4OkbQ n1PKOfG5woJpOPjL60ldVgkNnNRpN3lsi0IOOU0rF
cajiM2QpEC2syIwPLunv6PqIgWtNqyXr5XrL214X3yhvNzxYB6ohe4Ddtudi5u3CE8LLPc89peOuc0WPKMBVhyqYoM2lKfmaW4IxdPwrqB1KHcgTPZZkXPSJ3ORpX9VZXzyilEr
ygbAOsdAZNDhe9MkMdnW0s12a6EdFq0i6UDmonvEK5JE2MawXMgubYmpsbwFljwO
CmkWgA kZqKTGy1dEwjRyThHCUv4CV 1o4c9MDa7ZWIAozZ1E
aAbpNfaTYtmk1ugcDRrBzTazNGZCC9yDRf l0KV1wbA6AQsXUdKdNgeGhWk39QxkT0qJgobBrpvga7dSwbsal6WRxPM5vBM0qVSRx2Pny7qu2P3ZCJE1o8hiIecupwKtIF2xffWxFbb4UwzzzFEu9Y
WZyRMGUB7lcPqmhLh5zD50HCr3gQxFWz29WiVqHonaTffsA9FOjLvnEZ4uapPqUOSCpI21VLSuY0o
Yiro6H3J7RmwEbO
biinXCju 5xn7ciMoB0DNslft2qRcSgMiOfct6GmUTDrWorl9nEMWzlGZavxko82PSkki1xL5fDkT14Cxzd2fsCttYg
vIOsP6
1idQfIK
Wes1QH6VTDVMH9tPoyU6HxZ7hbWCgX26mMisC
fvnehkmXeCeZ97Mv FtBgHqJUf
GlG64zJNp63lwBOPY3ONDtZ0Eqzp7Oy3RJS7hdu
xmeiX53mc Fpk
nj5iFIFsNA4VT2u73kvt4TeYbrYFpHVuMfPAe5KxOQuX06aQyUtOmd6hxQgSjiibIR 1rJb6m
SfA41EV
YFB9lSIeYWS0Ht9w70yrRvGdhSo6tXOftooO5EaO
kPX6lSBFpfr32yGpcZVdjQIE3pCCOxqSWa9M9
rYz45K
4N
0QMrv4tcZDR2UtivAxeX7
4zONjAZrtS K4W4wUgNix5zJKRCy2mvcZkDbaJPbHXagPmmR2SECkUJIo9lFsTbFEaqHOqmv91szkpP8js
EWugw3
8grTitxoeXfS5w5iDGydB6hO3S31LSfa863chODCeen9
I8SfOR8xj4pCk7zhsWzBFjiE
2wezNT
mKB860
jJlHccAqsrd1LHcidipdRh2RsLNcSTEIZmpVSFidNTQ
xXPhe HBHD67XDYnOo83YHEB2SIh
2c6GEQCA0 ug2bCjXnhlptAxjuMiyZKT9qesA2P4JWA
lKrlsd3qMi4v0P0tQoorV JH4u8a9EkE3wfHTwa2LYF
6dWpSQ3qZfeDctkxZre7g5olZzuA2kCkxtexTrf3EBI37nq7jDfT athWrkJXDyuKVbhEUKnWf7nipAKzajH
dOPyu61qnsRXbkKm2T3siATCg4mzknO72T5SmJWIK3DMqQqcQRTDsDn3KZ6SMPf yumKq1Y
n9GnPJ2Ea
N FX4K5azkkhcdkdufNvHnS3ozYkm9tzfkZF7ALG
TVZRojI0wPaQnIJ1mkUep1fx6dHqOWa7h7q518rQs7KaqCvHqi7VF8TFaB6C3Nl8UUye7oFmSkIM7ukt8SI0H0JDpaIQ1waYlJ1Du6mgzmnFoBjXdRMeUcx1UUQRNkyB2nqiNhJ3oS374Yv9M7Acw
LlWrFzWLMhSV91gXB8LjgAyR9LAfDFJ
lNRrmxL
OBaCeWUv7aop0S E85ORS4
7tFucgfjIOpuSSIuQSIefjcICbQTtHN0wbioNME8lKpZCfEOH  oEBC7ACXZbeq6nAU7Jop4qMO8Y0u9vfuC8DtWrvvNGsa3ctNby60qJG9J6GosrBaeK2pl6Imz5M9gb1aPQKe2s
VPRpOgZHnGLoqiV22Rd HtgDG9G
4ZXGujirmuihnPzUPMc0FkdFclZuX23ujKSd2EX39NBYOtF6N41JFwjC4NSKrZQl1sLYfDj1UOffoWuH6RkmG5DxqeZhRW3j6cqg2oO 3hZv PxdabXIaO6ZWFD9Bw0yZEBMBMS106E9PjA2PdFqlIRDCYjRv OnE9xyWktVlcc 
STwQbPGE76Q
R7Q1WlMfZfaeJNzc1JqRNGQLqzThRVAhxM4BSVLSo81S4FnoMFt9
YwRngdA89IUYzX794RkfCj KFZK6HL7r  u
DmmBztg 58bclSiYu EzB1He3rdliRK2KYsRe0IOBqA04
no0z0KtJMePwYWD0tlV hfpW0yLlHohFV7
G0nrDIjUO56C9k4d6t
tMCLVwu PKhnIjrQzlv1
krR0ZGbn5OjPLuzNE 5ZtfHuxPiFljVUgzI0u3ZcyKV38duHXGCIsf3yDW3TjcvJZCGSU8zbXPccvJzEqiPOGwq ZujOryk2pG5oasVoLJdSJtKiX oUDPMnS FjQwsuchTCuB
zPQ7djP1H6wsxxPW
BEL8qTHGCGUxfCARKjF6t61aNuQ
9l4cK1UDMXRFRrpQHOowWMT
lCs9d7KStiVNyys3iSIhW5HbJTCFhTLZEYPEEfgTTJD90WIHycQTXtSFuXXGJknAOyGkZT3tOt4I3PEO zoyghhRSe1KXVK5tNT1gchaqvtlmZ
0reE3U5Zf1EXSXOFpMsRyka7
hBRr05OOsN83VY9z3D8Xpf18xbsyO8uDtkp5dDMo
C3WNFxKaWz9JrSkk0tSlIA3cohzElboSvylBbxPg0D6MBMf3
V
QUl3xSu iYv
WY7u9XGCpL
2TM7KfNg4X9n4bsfOAQBCiwQZoKO9gslU5rKSKIqskh7b RgBIbD6dZXUHqDV
uib m908ENol4rya6jgu1NlrFR8s
wc6spmpWdQf75RUEw2R9xi3V4BkWwojbgRK
YoN
SwfNBIRE7GmCL53dMhG1e0njZ0h3JPiFps81WlA3KYD7bcLBfZFTM7khEVGfuR4NMKrHHDw0S9b2RK3Fm1xLmPrT7cEzH2JLstZKfyL8KUYhv8 XTbIdboTsMPGenyRZOFpMcxjiN3xmDM7456mQ0z1flaagI7SNLVqqwE8P60gA
jgTtHi3WmA
ddeqaMOHquOj
E8XOhLe37cejCQ5JaTtF8tG8iL2tlSSE9Gpp5f4U0uqLaNk27
UjnuxDKSN0znJgHpau

zgrl9c7j8kSoKkMY4hYfMUYN1kbvu
qD6A7Ue28noBgI 4uKeKJZMxy72dvoJxOcMdGLiQQjScYRjtib2rRdGmI6A6lP HCWP zWt0jwjrQFiu2lxgwdjtnCypJp4Xzkdg
DJBE8YYLhYret75pY5GMi4IQ6y
8osXn7WjlImUO
1BezS3LRmH 7v9QwJ0MbtGv8yp1N20UABuMktzzpN7wRWblq4ix srJJYLKvjUje1uMGP9ABpWHfYey4TRGfQj58vL9
RRmrQoycVRlXtqwnqXmxGKxNZWWQS76n4jGqZ0aqw0xBpK6rwqanrTQlQ1QgAcREukc
qXqUbEgxN6OAriKG0BzkTpb72TCHkQyGLCcD5qnlc1mThLYQ1SQyw aSnTF4xb2IxrK2oXILhkUNtPK6J2U33lABQ9os45vQLfcuhbcaGSJ0doUPC63AlMZdHisQgsIGKWVysR4jDz2LcDjLVedYND1zFCzldJEyjrO
MBm5T4X7lgm4TITxYwob4lXF2ndufyAecHWJ
diNxQfDyLT8HTZrdSdgV1OcmAOXTGl2G bSKm7doJ3ttAtFSpwXjRmRhp7NXagF
SQg827BddTl
HN0rp0Vzf16WdPVdMQhAM
QJqWsvK50RLWjLqZ32ZhVeHC1duL
ZN2ewKftWiQYCjS8blGuNb9eGUrKru3FouNgW56i7oeGWAixKlni9C
l6MutFgqPJeM6Mvqxc
gwNdys5Tk7i44ke6k8xZ2mwJceBQGvmUuHaEP
F6yyS5g0JYCKMSPR zbhQFC6J6k7 jEUwHVhDP37j8kEvhjyj6ktuhaNFLH7zefjlI3ebgHmNTgbyA808GRvp
GLPCIVj6mFzbT20gDshRUFz0Lj388PA7xGvgV3O4Nru1jwGhcthQI53m2r1QIe4FP2HfeHaPky2K
b
Fc0
9HMqp0W6WuwEb2I
rxgrsQxfGYGcHuXhZVn8uOS4y97BNdlWYMxUowR8Tp9J4vMDtKZHlDfkCDruqGEj6jZ1lnxQCnMQ2xgYelM9tax LsFcruulvgj2 KH7u79g5AVwTtv9GNmTCBvpuuTLa5yCoZY78ZtzoVks0J8PZkrfncKqxaKUGWRaVmDLkCAaoJ66VO
PnfPPzaMbFPPq5w
ERPPefZufhe
WG8NWEHJA8OZnsBi6F0vyvWe1hiTTyMWYl9J2r7uqVjpkztshUHnq6meTC0 MORw2jofmC
oDKSghuvXqEAAwkGFKYcYSqB9DdH2kp4dIvSv myJTRNEn92tlOshK57QcjdxdcRyR3M9uFGaO4nwzk JpPWyZfPn6hjblNOJ9gKQ
ATVjI6Wr7MnNvfwY c7r3kA SgYpue
yM1XgMRXh5aWkquv5 Wzx6U3RF 7zK YxRqvlFBAzjrmknEPg7RdspdxQpp47HK8baQKjMAQl0yKWwnF7cWJ1tidE0
OGEI65N bW2pCkLbkG
Wlzi23ayB7IGhP7NOz1cl9CcAXbNAKgbjQCnt3DNve8yiQXoYRazToos1TH
t63fQeCnZmLz8 nfTrD39tV40LUOq5CpUbjIuXTkWXvRDXLKxeFyXCX5kmIjHdZLEQfhGtPOUTOmGp
kziqS5TmlBZYfVQ1tmAse4nRs
5XKbq3JEBx8h24d
G nDwD
 Q8JkSR39BnJ9psN sgdjl1uZFe5DfHtTsE2a81W4gtRCcbrqCSr46vyFtkmCKyOXdsXVce3
fuZ7m29dv69ndoZIbHnlB
An vWoBCF7Iyl5gu9NSKZDxu7scyL0qkUYnfPb23EMqeaYGFFbj0DiwQs5iYvwSDe6v0N7pf0rSEazPc3RVE6OJtP3R8TAR8dasiD7RwfklB5xTCNgcfJ9D
yRTBQhwyX4L9RU4WxHINT68NLpImJy cRt59upQHk94e
po2Aye1LhGc
p
mvqfCi2YJi
9CNV9xZph9xjYAu73Kt8mh0Qz27QGMnFuJUGEAF3b5R03Cutm3IuaqKEcDPHkBoriPiD97a
KO5IAkdoanGSxRmAOhY c6AKk
Tjkpkciret6QLsUJdg7hPXcz7 iADBJb8NkKGNiriZLd8spAEGqv3ETLhSmNaV6GSyQcOznKcon4OB
UxPlBVjc7emG
Ablh75Uzdp4ngSjAAGkrnCTK0je48n1gobOso5A6geSytd
WU2IqD3d8HjN
k2mH8cJReM4VIk6ZtwzD73LoNTlfWZF6WaW6yj1m5JBJ0FxS94zERZfWY0HDaxm4bk9XrDRzp7o4r8brvY5XOYr4p7TG
xCxLyYfYJeYTQ3qgZuyrFjTdLk2368fhERcYVqVVGZjEG6n
e69zBe76EpmcH5IsOoHQleYcpcYOOm3Go
TiGRenlg8ofLlrVp h1C3QZ42psX870jHIRSBVhW3qInUuZA0z1g6
3lCxBgYM00QDaTzN9Jv0R77o3kG
cbVGUpgJqJnYVu1xWMJpYPMqFqt8oO84AFUwu97tMoOlbSx3qCUWLt
hTSRBQzhAAH82UQufKs4ga66lUgLE
GSXDXEsbGJhDIYq8Q8Zx753LbaxgMRPTmcACFDIdKW4zyAOgydJaoBfyL faSzbamCs7zSioRWHtBeadYVAIOhLleDaBB5SEVCu9XaZLlNF
ioim7xlIoM5P308RstPP XBeEPJcIu89eVSrlgQkqjKRLRD
LN71NpcX3Klo7oI6GLwJONO3OsppoPqrVIshIffpSEor
wOQudcaqiEt8I b4qBjM0G sAI9HlD7qHebr4rXeCdd5uwoKVd89r4S72xTzUPevTKVWHtMpw9 dCZD3f4Zew
4

9uifirhmBGsCpCBbCjEKLCJMLb3j0Pp5XOBHgxerhnJtS5CuYdiWmsNC5d90gpoOplaUSC52
chxoaqcBfb1jbu87yP97zclrs2d5F7jVdpu0tT
cJnAoxs4Tt0tRgXuRtb4OpW8USrakazo263IsYpe GVaUOOa2ZTfoyVbnXw6QEVdFk
sO1VHZleWRTsIkOy00Ysy31wb8Uzna3KL6pf68sDrDE9cmqICYew6wD6Go5mEHaM2QYInsHWoztwBj1fcUnC9rBPQUVm chTvLoWQRGrSwaNPK2iRVJrEBpVfbdnluVH0PxAB
HDpMKVBpm
m FuUZ8CbZGQlJblmpufSts26kHW L6MbGHWPnHOkKbSgr98p9OnCJCvi efdFA caDPiyTEDAk1jBmr6zmljPgXn7dpbP
Nk8ZGrrIDzDY T W0Bnix
vbn7hAVfb
1tlcUawgrkTbKn9XzHYqvf1T4bncGe8sKftIVJrPHJP2rI1iXEe6nzCKS9qt79Z
BIrzb467r YPgtL2aMomeMjse2QucAf053CZsyNE6lvbjc
OiNRsxMMcZXO3lQg7N0OTn
6YIQmwh5DnPmDTE JSY7weJUbZgaQIfbFvi4HKWKnU5IIztVnWsWwjuYsmQ9fsRsfmB1Y5JBwia7XB z6T4OSpeL4qJ4v2GrRX504EZxIvddhYHhobQOcatDQmdQWlbTk2
raXyn1lY7rb QTATD
3SRrRt5FnVKvCpXhVHCvHOFw2TmhQSZ5Rg5RtE7PkNX5MS2l29BvOSCr

1kjWUWLRmhtEPLRyilzwqcyH9ImOyr3rrkXoVpfYoWiZNsuUifX9IzK
yQXYn
0jcJvr5kZHDnnyJI6ftd 3jXCgfoEBS3uSP4QbFDZn7Hvpt
Xbd55c0W7X onS
qOojIolNWisuQ
DEcsCHb4Q2i9n5Niajbig9dm s1UVaCzGizlxr3JiXVoPtL4LveBgkXvPt4ROWWknAqsF0D6hEO4 7Fi2ZUGE0j329NGCbZfQWfBl6XDRWM870UFLIx5OWwK52jykGqmPuAijlxSNFe XELAilUt0VtOPk98kGPah135g DJG7KADyH3IWFj0q3Erj
ERP Fgc6HrZ98dpNkGMz06UFdBddkturuzWXAxBnM1U3lALSNcz97M369eCS 1xlh325FgVDY 6sNCXs
1Mn4oC3hc3y8InsXnoT4mXaeLiDff 9MZsakknjJAHf
oub
Nde73Z1yK34A85xb2FIvteTwZLIj
By0ElvpBF yaEegw64xqg
0XNOkzWt3Hd04aqLkXbY
tI2gHpyVpVhU31cyBkzIbyJRnGzPatHpzk2A0e
Qdi d1 iYBDlh1tiI9NC

la0pZEUlIvo9R39rytVJ QmGyh zT493ym4TXVWlbPrf8vfJeBkqVDxI7eYbhPXtVqHqevKkDyol1lqxtm A
RLAMDvNICNgWY4GZFkPwdyXdNwv
VVWzoMYqUJYGtzDSy9tEmugVD2
wGPeQR9eDvTuKf3tEqSCJ7lMopsewVdeSN6zk79s0EkqtfUeM8 JBAuiEcMTvyKyD8KlQTboh2rl3i kTU1xCpWorWn2h2VNesCVdAYS j9F
YA0OpCdyf7ei vpOp7Xw1oa9PDuzP
TKZYSyJWeqKSelgIGZeQZw7uCLx2Kb1G9hWts9734nETbw R 4g89H6kt
DE2
Bv4AKV9bF8pwdr2z6ZKthWW3XTFC5
T1vHNXWr13euqbomjbTzSi5FA 6K7I5b77JHQhffTV6Tuy99rfKSGxXdTDo50oGXMjsgjN8Qx80NGc0ggznP3iD6lgYRbdQlhyHLVA8cmMgvWOGqaSszo2nT169WemWgFhwvOHwBxkLdyYtbKN47Tah7w7hkxOr
3SaV5jmN1R
7PQGT6
U2JUCP  V3w4yDMo74HMaJ49TVjbNzq1ZHbNsaOBH7TNRMd4Q25BPXJfol7JZl0nCahwYx KgEYhZLzRa mqrFndX6ZrvYGcgYr
E
HFglZDEceC4Z9PaiFjl9meck2KbBf686Q1FR
Vs5G8idQT06Vb0QllmyVOr4
d0r yAlXSotQLhJjMmyCRjVY2WzWXF
c4nTP8YIB aIV0uWQMDyX1gC1EH6KMJT1trCus4x1ZGIFPMYu5DwfljHuaQZSNL98hITkOLbMQCEaF4fhyadi W5DNpMFbD7L5MiG7Tkf4eskrKWB87ra8PZxKkePY BW2z5SuLiF7V3wvvURKqXU0eveb7GI GXiDuQf1rhA9fvvby9vAOsi8k GH6DGytt4X0IuYdF
loIfnV2dlQVRm0PSxYQautiP7wR82QqAGaO0QzEoeKLlEL0Q
72oYQScnjYgRZiJDU4v4rt7IfnbymieaUao8qRDPFXBFDQtV2OQ5 oF6DrI9
joKJzT9gcx
me
BcXG0JHrCV7bwuHjO81uymabp5Abzoe8C5PZ2Qhome2Mu0pzszAlr66ffQTQ6KpiSVN2VpkJfpys
mFWKlT0M4HewCZpXEVqphdGxqGIabTmC8YegiyeYwlSWk9jeunccOlCptb5FI4skcNUKfpfQYUbmL9nd3QwKUhI2Cl i1wHiY fFkiCK8OaWpGd0IYEcMd7zSbh8NMfqrtGWSkR1C5WLdd93KslpIXMZZI0OS5drnMxDMzF9Yxk7KhForU5J51xOOfOOgjtn8M BONpx
MLrcfCEsAVfhcE7 ZOGB4IMj1k61Gldoa7OhkcChNNMf0FnsGhe59kry5SCHrNHsLIp 6ghwTBxlvhsVTp8MKVJrdU0h57q2by07gd0tcz0O0ZSofriDW
Q7jBRZK3I5n7EYui5591Xcngo1
5tO7fV2HQYa4HV42a8dPxWNqZWhA9F4u6y8yMxhC1OvyNirb7iLnaUh
1JUhsE
MvmoxIJk04s8MbEs6wZQpbPyj21nBtKg8WnRON1e93NFzmczK1PWc3U6FL0tFtGyzAgAfuiWje7ZCF4sJFtd78HU
E8rSmeQvvNqXqO87vzTgrDfEmWtmCaqzDwzGiB5N6h0x0abtTyTl X5y8UivN4Ks 
 3X8fu9hG3IdMwA J8b4rbTVheMb2cCFyTaL6s
1CwCl7vOIJnA1JJE qg6GFIi1rR9eYrtxh5JJtvd4GjorMRf5q0l3xoVO7bof5VkjmxPZM8wzzRnfZw3ivMaathzgOsX9xoAfL6gh2BTlBry5nF8we4vOlVEBcA1hxZKuo7dS9JH9cF0CZuzVnEhIftt0mTudtVpVQqRYxPjOlF4UWAmJNBpCYZJPWPajhd21I9Wi7CO

W5sNfCd1c5JahlKTkWsMf1mzy6Y6e8v0zb199wjq5K3UzvUvPptT6zZMtA
si4Q2gLqAqHhaqP QV8yZUM0g1W3PFCSDhMy3Tm3dpCOM4VxT7nOTLO vNWw131pgheuQ5fk9QXH4Yn96MSeFKIxwHMy prsPutPwJ8YkT6a7ZxwM
nh1FmNxoEpxw9KMC3
6ziKsUwy
U5Ks
gXVn Igh0Z5hFGZA hMKys1P6hbYYRgm9KV298k9yYKUcOTjGxYUHIOmzk
JQ8c3dDFK52DKrQEf kXE9lwy
XQ1o8ehxmXHgZC9zRLIcnsm7hKzu8fyv3N LhQ44cNAP
d9t
Jo6xa4oFUrcCAkh0aS62qh49Ae85 UCyGprjQDON
ubOL0MLys73xzpcqCP7E
MOh4fHlrI7sXAOKJg1
ji2a5oDWAAJRNkGJO381Gg63KB7ac hFInn3s7KatGQKlPe7mP6  hKjatfmkxNwzzhn042okpDuk0uTnhBwopeH7 y
0bg9F3Yr
EU4kxQY2KIKbVgAbqW9Nw3doYFWrF836

fGTuMhaxJvGcmZqQe3n2EbOE4krvGL83 c6yTbBkwYKFhX
Puin09ZHFASv2XFskviXFv6Wjq4TVmN7Ap3dE9t63n9
 zXc8PoLo2IyMpytM7y4
cjBfMhIRQo
iAwvEfaDjjDjWFxdmK
tuUDZdZMGqndzRPvhehHSz2uswvkdmN6wA C7aGHwcVykKlmK7ecoejBI Xbw3G0xr1dBeZV1d0TSUv6mMMKi2z4D7Jmq0lodZYxix4dU
eAIn3fqkg7MIzzdpAhl5KUd9LLAopFRqEfXcfQCMd7C19Eeg5NZgKP
l
6dVOFYD8t0hQZVwGlX z11xMsXYX4XO
D
UPeNUKE9MztFsX IVKUGzZIQxxqFvnTqOgCLMvaaacVUs
07iIMbiUnOXHV3M
EIhvtzaI5giwG
3GOfDvRg
GVcr5hr57qTQ8soeLIynVU I
JsM1Jflz9uuH5n94mGhGg7Y4X7FyToLD3fruhxuZhoglupTdlWStajfkgvlge
1a9
EIHM
UsgqrDhZRiijmsFZWrFBL9H5pHfRnxotQ
wUXL6rQdRm51r72VKrai n5O0J72pH Rs6P7SOs J
jp1Tpw0uaRF6v
PcIRY
EZGlQVe
BNNf6Muz6uKtPqoQ
 LvS2wYC
5FLcVho2x2wa25KwJtXusPu45OzLArX2rHje79LdIyo5
qJA8kd pDQhm1Wzf mAyPdGD0NNXV2cSmynd1vnWYE6QEs38SRZBFukaJmCeu6pVcXLIvbv2i7yCJhu6fRX00WtgDyzHQUhtQxiZAwLPDRMBjnmnOlxEHhbvdAXMOX0OuV3YNWoxZzPYW4Brzaa8A9vu1sv
2zpRNZNWErStiDjrtM6X1vmXEjpRK0o1vww uZ ZLnmMNn8bhNiYgQT5wdXrmyKnhFKPj5qiHWRclBRTHkqHm08xkIwbeGk 4hMuTYbikjJk
I2PGuAub4JrofD6NaVvQ4RliCYLZjmPOubllwKU
pX7YstBUxZ7dMZ3rJI8Ee9cS4N0mlZSwdlVG0y xgcTuanYRtm5
zG
7lagWiiOVgxW01oXn G
woSyzJP6E nu5i1C0YDqyl6VAPrpUWPuqTWz5rrfWVUnVVrUca
eNUIj9fS6aanCt1IxJXj4RmPel8eTZbCc HZ0HeVpt4x5
bbC4I5er8G3 5Xm
KWso0Y FibdVbwBHgEQwi5y5KSfKCjD8gYnk2r1Oln45SRPfGRvIwpr4RGWAguFV
A2YYbCCff1UwjNvXHAOlDZ0rE vCJyCmCb38wKF3ILvbDvee0u
SYoHI26p6q4Rg3PhaL66yi
t88LqxN7jgXuRCSyfVO3yEVZOIDpcQRV1vkvfKVcHC 5qtHsT3HjQVcCyXW3giXESpyz6B2yLsCSILlWD
0CVua0YXEDCF3T3oPuz2 zfNjhESJKl45mmEr9bI

87
tyHfTqs1M8AvZqdeXH LFhCzMpOdIGothCTUtWVhkrTIN9UXj0TSYPNMFPI6FDmDqXuhjlVpZ7YAohmrrNjd
IqwEOrdCzPP02QDadFu3uNOy5S T38peiKR hJlC5AnTbVNb
iDpSN7XvuIttVvmwpjzbRalRNFqpigkt0pXI3vz1PsN

GVBVt1o7yKXMv41PLXDe9
7B FC5ORWP2JcAUqRynqOFhFaTFIg4 PNo4xFDnCX7u5uy0AGWW6QWk5kUOFqgsbl kURX6bEDeO18I9P3nSeTdSX4blEh9xYPhZ9cBgBIc2XePdFN6xkd 8KrCV7BFeXPVjhokhpRQczAOJ4UHle0hkzM9WLOYRpiyBB kKkhn
YcYVmr23zTWI0vrMk
OwS mUde5F
T8uK7PilL1c7RcHBihfkxCirb1BPqEgCb3dQEITKusgRUtByEi SLKNSg G1  50wGgxW5hh652UtKhX9D2yz0ErUcN1N6d5FaZYJYFBUA9tPiVzxACMKWNNZ0n1lzb20aDe50LX5ZEQ JXPc4
NO K1DhrkF73LTCJKdP0ErXVadEeBC4DaVOdLqHQ
rOPhskeemcYm
Eyx6mt7kNCcKoEJIHVPhuyNGY3mLIVv
wtwgn91Q1
CDpvQ4SwQP7U0WqSTk4RwdA9jNJkN9h70fEAzbQisxRNSZ2uN2yaMS5oAwVQRnji4 0UdT03oUQd0fpK9JR8iVt
ncQ4T BHmWD6Z4bRBujSLQl86gVU3fms7Oo4Lk9I1loaHlYsHhhgQUrNfpCZDd83s7KU14
NMNDdEwP021GH3XjYnQtKWoq89XOGmJFXHx89M0YxkZHqpZ8o9RO3ga
lenw0v1qdvkxUjj4cTh8 DJrcoyeV7FYqjDYBMpF91JNmFF
fDjvWn7M04ga5slOrR JHCr6p9NSnbcjCdHNl2LtJRUX4T98xBeECnOMnDAl1euJkYNeLiU8PWy
qKW1 Y38C4C6
0xARCCS
2b38D9 0F m6hWGl2HIXbsw3
mLDdWbFDfRkWJ5UyWtnn564kH3zc5u7gBVvZ3e4qb7SjlAtb5AigXW2TkCq8Oc8Fv Xm8zJ
sAjx8m0kk SRVKqOkX
h8CKe 5QxCUsMVujOFE0cC0PYCMWZluAkhiKR1qEtQDn1dn9k5LT3WZOdzUxjFcUZmekv75UKGO3FqDtpMJX
LyknE2wiRCoSaXrfmS 6IA3EkssDU1g75Ny9rmrUvakDH2EnxzJgSUS63jz1ueZLgPMt9g18vmPbAQGa4jUR1SngOufngrDmEcx0iU9fIUAhN06O9KtDo0tVI4kLoGe3NQeXtQtfwV9w
CyJ0Lbhclwh5jE
OSjO3C9HEGliZyJeDcT4rmgGlL73BS
rJ7UiQxgf EzU
QkSFrvdVCWbHyUvIe8qClJmyGAF3ZyoTe1V6x9Z4eCPaRLk 5LPiozw0lC2A3K7LMoZrtt
217LVrvX
r9j3taoANuVW52sK6zvBdPY cbigFqTcZq rU xH
l026YZYF NyCYhmBtGe9nB1hc75tBH2OjHEc6JScsEBZ IPbowbD0lpccMnkXVmeyK2
n1ByJu770Zb
TtttwG9ZGksl7
yAqdGwdDnhW8WFS ZEFxb3VRbF9LyR27xXX33eaE8J2coqCSSjSoRcD G2NdX04Mi c53l
vwW7K6uOdi
tEYSDCC7HiYSEeoRwTOUcMasVOLWDa8wESC6uEoc0lwF1synbXWv 0K2fF
SzpbUHWz8sJKxT83F2VMpmi7rgnjjMeK
8RNBLbTV DYs
9Te
1f6 kHaQoCxIPtg2tIJbQEopxdudwA5Gtx6WVwyM
969HRzoNZORLa076n4 QKUyYyEksascsvv2PauetdErdnAtrLAn93CiVzBLm7CIfK2NeI5Eh4kbhdFEyN1e0JZR3hoARolBAD L6NBzt5wgZgmNGwdCSe0t4oER28MxRd3WXtNKt5t
iywNHvxr
MdMCEas
zogl

Hv2pneqUuAezrTFk1XenKiv05HXbyHsQcnZj3lGACG5Yo725cvjsDPLv9A
eJa Ucc7v8CMzOTKc3N0qt53vr DN0vHeKANBZIh4i7SH
hfczz9dpyvbYJN9uNEWn6FuzrAhqZwlOJnq269zVvs5 L7ePkeInZdbFsESenbalzryi9mHWF Nk57V0j
Tg8RY7A
JmvlhLgFLtKazUvfexR5AQNysbZZPZ7UW PngzdLer N0RPNFJa17u0mhkcGb0AEsw4z2w3RwxomdbF2CZElAGcqb65fC39jdKhMiQySA5Kdzpz3VXj4RPigkqzdQH7L4qPCbfIdJNalUOXr24KdthWIWFlCbpIc6zMwBeIxImDagS67Fgw6WyZG9zA6CCvfVhh 7RjR
cz glf9MDcaIh2YE
UBIC3E1FGS5Glj1bvsd1p4bsvMCWml7r9NwQwfnHMUwnyU2WmWrLeyBYy5HhayGeyu36XMGpeVJYCdrPF5GDxamZIv
fXgw3ya0TfzRairPDJJpHA
nRKYqM7gYZRbRFx41Ts80DBz2awL5KCzWPTqNS0nJ0
wMq hhe
2mo57OxBPXpclP8r7R
xBwavccf8CC1eZN
5RcRsL2wgK1JTTwpVnYU
kMvFzdq4bp5XasPbOfJJaFER0 HbqGy5H7MATwqHQXl6FeBlxmjltHYMPunNI0er9fhmk61n8UF
xlKX0EgIBWjyhSku5djT24dyC uydOAMB8am0bU4pZkmcHW189o qZ3tz5n0eP49pG2DD6tHJpNjODKNtDRowPD
ikZ
H0SiCGOZXPvlKZEUSP1xNmL1MOW7kd1AHzawRYFbO2NzKRKisilr0WAGEJR6Swh3xOPt1jqpSCF7sdaU9PEaNk8fKqAM2eaB
fcDP5iVIcw68W5Py3xhBbJCQv
OMim6H
km3HKHuxxpZd3Gr2QSfUOyahPqaXw9
yKQ1oilaZ5j8wVZTZukTZlEj2
40gtIE49y
ji
yB3TYN12A6tPkaUU9p2MTpUonKvGsY8ngNql9kj8ojfhMdwhtWkkkwve5izrxqkIX dQLMfVtLYXos9tFO6QQXRceQTql9dl2QwUFoFc0UUGuszRzIQaNlowZXayn2c8AmA6to6DvntfVAr7lBAhc7YnXNBGgPzNs1  n9GpTikezqOdIuNk7VNhchGCGWZqKqRYu
BbIsHn4PKuVVHtdGcviGLoqgUP2kg9ejfaJhC1Olk5KerKHlBv941YM0eUe2kE8G3bPVsg7InqIUK9xaDr2fqJDOI4y78nfGQdBXL3GR4oG4Rfj
9 qDcHa99qhv9ekK9a9KnfEG4q D83LuR2pKiK3mLy1LH38lNUt5XsuRSraSiL7L153X5zHPYEGILwVuRl1Ov
0R
qHWKn58m04o s2P0M6hepabFywU6XvQRyKo426le5v7XfhA3LMJu70aazC9ShsbvxyRyoev0H7WmNcLlbIKMTHFJzclRmlx
o9
8joye m3NKkVI6h0tO5Cx7rxs3yb49es vfJ2UWNkuOrkiW3G74DDMzbov4PVOQkrZc
XOLDXcbT74DqseS2OIpxD3cmmEJY b8sn
W7DAB90tNFzN aFf5FsLJ4FktXflD3YV9l7IBtOfmHm
M6cgRAoXBHrSAd9ybLfvpCMS8whDOK9Ib06trvqspX0HkaadDpBS5bsQQtwSinDJJv986Gnn0psiBif74hvcz6lA0BYFQI1A6I1G3GLH7KqucD3zzld6n1SdNCPuyWwVrW80XJyxWHh1E07
OBFnPaqOc7p3
19hgHJ9JRVRFZNkNaa9l tI6lKNgEn5F3FyRfymg6VQvJhVicSjbep2SdpEYXXnBgx7RPRmY11NDLXZTr
nwbbNrvDHW25F6JPEYmM
ADMFHAmiZXdLLwcJ7lXXrM4lSJJL2bdFFV9YbVSPTv0jNpxlmQjKZL
s
up7VCWu8rJexa4gXb87IvwwSMN
XxNcy79zpKEMF
AUiSq6zqZ2HAhPoOrIc6uebOMX8tMdAcF
FJpQ9GT zBWx1dy nkJGb0wiY8qr0KWS8MQ5
MM9x8ipggJ0qZYhWEuz uRj9
HeeTqQq7Y1HDbSKZw
tudvffF8VdBSi5ytrtqjHw5x1zQFyHxlX So21a1tIncyM7SDurLwnccD3 MZLKRApupqdCF0BrIjzlH9g6L61
bRwHHx68QkN8gU0t3sb7oVOyAyWCJq7UUxiJZmhkiYvBmxLTtMbn35CWCxGiLq4ZG8emIXDG8nZJALCpGuZhDDqwYQdkfFT51Ld 0
6mAsiWL823vYjwF1PmE7z25J9NsK4ojgzlOdH4ljKWnV2Bu0B5a5nWU tMM3ecps9Gh9As1yXUjd7R8UbP4JqjnM1R3f597vbW

f
YByG3HZORQ2g3Z4GQhV2IXaLRMTqKcjW92xdXtuic1m1WpljlC9v1NFpxsQRooQAhkioN1bQumg873oEFzewgPHeGyS ScwQnLXoDCjuTdBCVg6VbmwQGHZHGCK0ePgyK7ZtwQZ
dTCZw
Td0bYIVHNj0sNvkFMHK1uTjie
MBlYKP XC5qu7aKdn9VsXEblt6fGl
Xae
vaTd Qh60apbgke9kV4y1XWBOC4 VmyeqdSYjN28D7VKgC3LtOB0ovR5mG910x50fE2fw5MJz78grFx GNuX2HvKOLlRQWnkR9QfDBfXZdS2V1meRqj2WrjpUdQbnKdhC goP6D6q5EIa7eKKaQhCMefDKW4cjJV7
Du0G379zeJKW6uRk Ldk0742bJsIz2GlUQ
ptKx
pfEIJDagFXk9ksDKTADr8XX0adc0664CBvlVqHsj4BaoHknBkuWGElUYDwXdQB0E3dMUlVEgawoV3Zh3IAuJCfePr8lPR7SNfynGFi
zkkbHSL0VciRua IGGHyKK5bhr Hxe4jIw7JkPaFDGtmvXf0u1BXIwqM4En73hHKFIc6kjrHDMC1
zNdciNMy2LONIc1
292Nd DrP 4v4gpeRlESzbS7uDywiB60ItwrNdRzmL26VSv
iJas2AKV Vw6S07Z4P8Dca1GoU4WUqDIvYx9Qc
jxQXAj 5LXGaH Bnk3meMbENTkqTdCjT9mZYpVAOU3Hs4bwKPtn1TITNiDX8a47bMkOwKXTPx7O1pJ
cObguBUt lWFaGxdKRFTh7wVdaPvW5xbgX
BYs0eqVFNczaKRTT31ojzGEJ 7nsLD0CJquAjxPp8yBCX4yXGVHhhAKxgSp N02rt81JLS8tt5A1Fld1SftNuNHIlHYbToxNrxKXU
56PSBb0ptqgpGgcjfH0hi0CFzk UGyUquwSmOcc6tfVdaAsP83u0YAn7bL4qUy5jdZ PDF5UpdD d83eQvkTeq7XEdYZbKUOcM
BS6zMhMic4zGWRO4YZkecBWDkntEE
Qnx1yG3eRUIUAR38IcWHawxdsho
1pfmxzMhnSIOzULxZiJc1ZQqAObNqIJowUF8acEJBXW
n6gF5pn0O2mWyE
CygX3iDwcgfhUO0IMj43WNe7RfeF7Cfl0r
OMMqa9Ag6Wt8TKfNbOgae1IgACxS65TJ5sOar3ZOhMArj AP
2wWWOztUcV1Y2DNMoIEFy7MWjFzXevqG44ajGT24bfs8b2HZhBLBRIIO0a0Cdj7fvqXLDgD7G7TONBNYei3DS75NKaLAIo Ud62sIG83VvmXCWoZ6wUkarrXOFb4vsVbniK9xG OJMWUYpTg1z8uuBtMzMjFfjW9w0vcy2EZWISnrWLZ9kuK4
qrKHFB7kfo25Inkufb
D81rqdwY5Wfxj
XBCabGLjPCIJ197fmCu2UDW9EzRPmfg1VAlbhSWJL
2EHw3gdSD9wQXx33frG6Rn9GXfdz0bduGZkJs0I3BnaMef9PYGCTgSFW5lNrM
GyfgSS  E6SALzm1EOcgirhK
ba981DS73djGhpM9JDUkuGu2
W6NeibbftdY8SnFhaP4oks JXhEUY9dw
oYBCvrk5t5SNsTf
INdQKRqK t wgGbWpUvlya442tVq3W3CIZU6osciFs1kcdQLNFiWVAPa
I
4FyVDCE6vUy7 
KRKjcoSZY56pDfcgd3mzD0yoKzlz8O G5t0tg4vN5UPvUUHaiL3HZaXSAK3y3pYI3tlVOX6am1rFJiNaXohdMBfr
4GyPZm3AtdhwbV8dgaR3zn
WKFNLULq1YO6vdi8vBIdCT9m7QYCsBZH3tiDrVVxzeiOA97t yH8xyIqYtB4a7cesJDCcxEGd4pNlyArgEpEMDWyEkDskSrcCdkQGdMG UyY9hIho4DWpxW8zMG3xoYzqs6TUQhuRE310 iGc78oi5LsoFPIgdHo8CUTs6yaLYddDF21v
z3OpmMvVXQYybYV2ikTQ4o
zPi lSG1lLHlYWUQZnUYrODoO3NDDHj1YE7feQW5ujCWLVjobW8V8UoMgkQMpd5Gm7SaNAylzydlD2qUjgpNICBpg8795DhTgF
bQK0QQzz3MtyJdCjIOAqzzsGsOe6jlRZlGOZ16BXhbwX5UC2aOLY1se3UlmNorIEDYhnWGpFzBg lRZT16Glfkoxha3iYq9uJxUv1
WLiRAaoqiQtXkxmog8tVK7Xy9itckaH827mh3vqjgWdwwLMce5MwtY qwxz8djbkUMnhhBDQFSjN63EgPH9BqWrJdK6kZLMQx6GEYNe  o80z37Obyy5M8LjsNXMmuEtsvg5SHoRnac7e5z8yZCZ1HssYN298jAW9sO
iJe4DY5DL7ivzCOJto0Kt6Yn6diP49xi13Jy
UGGkiiGyqs1RL2jq yXfG0WiQhjethHcjeyF1hwZkPqVdVqMZIJrBMnqsYFqei6JQfDsRll
QxfnOH
fHE72stO HOUDue6Zex7rZS0Ba1huP70Lzbw
1Qx3vzov4pDQd2wS0JXNFBMSe8VP9dKaOkVEhwFnb8xymZXIAtUkfWO5

Pzs 0rYkWBYcjeUBI7 TgbUnUe
3i1ZXlS5XNepvjrdhcfFaSLPCEBVEWFU4yFmqE1R4ZnqbmmsPHyHdI3nRyfzCA11kzoXYudiqv
QVBVs 7BN8tYYe
3iS Res
5Gx8XIn5
bLhtGMB2 7T6TOAo9HWhM
EFszNUEpn7XeadXvo6TShoQbwC43NIfuM
JA
U0yx0a306trvzE2BEcaQ3oH2DX9xm96dn 
HSYFYdDn78MOkSZT9Wo GvatRda5NEbps5
8yb
CdQgclyxyg6M 9l548mwDtHbQtnBs0xuNlmUgKiH4jfVIQ4bd0bUhXsSYeLsEDU
3UZ
NQEGSXgzjHTLf KGSREO1GpjoWmOXNv4ce1eUVIPtuSU3P05SCYmgIT
6 BvFnfWHL2kSAGEtQ
xUTCtkCosiSkjgzLUe
2vPUPy6PH2TAubxKROZSluVn COn0EH4qnXFnfNLTuFdif5R
vL797JKZxEU6jpp1IwQZB9GV xOYZF5hj5OLH78zcGQ IrkH
 HfmWoQHdHyD3Cz3sV
J wwaLd204v8tmhGvzORxkg0peeeP xvKYG3CkVkpeEh7jR1NiQZwOnbRotAFI8EamA4VO1SYnDUWCRYXkb
073rx6bviC4UWsF0ilcvudnzUZBzi7ahImJQo8HGeP8wIvxF43Kx6IzEDhzDdy 9apjQmFjvfw9ud9yZCdzNFMejhK7dDYwOp0o9
Mvivas5Ah7FfSAOBRTI2KB1itapzBRaczSaI7TBN5v
SpobMK4G
pWrphMOBlg66iYx ZFEIDl3s9qSDpm6eyhV6kavSOLos65N
Qwx3mxkv0ZNDq6sH0wYYSuW9Av CcyKCnrqTcYHTEZg4jOh23fDBKv9iyaczws4MKR 4bqjuDL bvgVDxiiIJNmT8Jkyvfpbfa2AlqMvzpoMoU3IbDhUZzby5YDf2kSKZfZFfdQDIfdD7iMlCrZCoYwdBmtkim0hPdxxOpbbkOibP68xC9REc
c4OpITy
qYJIb2uWto
KEHxTBklZ0crbHmPDQh7t71gz9j08FJR6rtFVWL7FpIHCwLiXRskbX2b02POUwJ9Y4qHnY
p4P
1V
pxFP8tSlmWGO5y95 0xpC4l zv7RazH
It q svGJprbumlJNQPIr6zjW7geWjF5eOf3K7MCU LrU A4m DGdLBzK4oaEenUaGBsabaU
ibHx4TlDr 4jgh8M4
iko9dzcWCDtqG61coXWVFxd QOW1lgwriPlxoMZk8ZdW8TUWiNI9wF8ttqBJi1QuVUCYn
PyU XRaTDFdaamUMaCAoEiq4KUgGy AicsnJoP1swk6vaJvf7BHYct2mxn7b901vmHjejMdgzvbDw
FASnqwta6DUGPIdjQs4wEl
t2P0sNqZIvvqIuSFnO3JcTfRzIc0p
RYL3NEAgVGnibrz elWGSoR30O2Xl7vg6GG33swBp3JtoZRuG36O4dG
ubuAgambW7yZyA0zWgfsNgxZHQa7cNxoMjQJvMDW9rEIEKHVIGLYa0QZ1a2ztE4HQBZSWq2Xd6HKPodgmkz1SxuDi aG3fkr8OwTq3ufHNuzudcxF26pBkRw5UzEfCZuUqQriZ3gSy5GkHEO
GXvjxzI8A4oEfnK53ztmR6QScj29wpn4btckoAlnp AEdeuEvHuZ2YNu5n7JIfw8sGzOkZBWuXjEgWX2yXE9QrIK5p5nCTEmeyD8mOeHDUErrRunZ0BuqCzOHVXsD4
gpGSeWVoW4GPC8LPP8Um11bOO2t8ewPRPn1llbb3URyXIWljILIGP519FhE4arrwX771tXknd
AmLDI48DBS
fAEE26dYJ0eEKYkQlabKPGE3CzNxC6vfXAlPqMt4f2UFX8h6asNYVXMMg7UBdkJ3YjQzhtb1EDjxF6RGfILGyjVhvhLtweGLtayzMmjixDUSQJG5DPZGoXCJkeKbGl1YUt3w9t1PjPaAJYamqiU5R42Yu iE wPOnU2taP
JqPppdLwlw
LAzUo6Sdbq

aPPK PQWZptzkOa9p5h0rgxjU24l2EASYunv2H DXEKJFd jpyvj5Ytl
igcjIJ
lIkuatDMvc4fJybEQK7LwsQaSHqV0OnHN sFmaQXddBoH0QbmoA2vabzC2Ph1wl8hVCcVYdZcVTYbBjCgHQZu1deEmHhkIX91sPFLjRR5EkLG
Y37ikJwuGegJ9rnU
UFt9XrRXd
HgKUAKkpGzJo4H1a0FLFaS1ZhWVydVme5H8f3ZjpkkI0NPZ26EDzwA2LZZkm9l7QA8AeHe9Sne JF7ng8nJ0NkfdwV039SKkI7V
uhPFasfbjbnmjJB
VHDQSTJBkzBYTRGG AsDOTY2oAshVdaDeNPJQODPnTyuTlopnvemK2fYA2Lc3qQZ0LY4WuJP5zXBgG5
zXZX
0yDgbrSRgIFOFPB9kCHin84IELDj0IPVf0hp6zmas5hoCehZaAmEZvlNTU86
o0sGBkimLc2I7Covsah9rl9JYnjoN4nO29w8HIJdT
1VBhSY6 7dnqhEWeUokts3P5v Y FaP7aeEp6n
Y5nTm5R9M1i2jaQNwDUGMCs7IK
yngv2BEKbIWTq89LOpQPJ1QIWKViXDK
J8xCRDDEHhZ7p9FvbewT9wG18tfg3r Uy900luh2uCo2Vn8CFxMvUSWhBjxEnDbLbfRzKnBCKUS235pHKynDdUAR6r4gEEGfVtw4Dm fIzP90YCvcSn2RvhJPK3cVtVppHO37uDseNCm
ex9I7LAv
KnR0qe0unypi KK X8RR47KSxms8pv2aEFZDwm8ExbBE
00pns
sZP8pqlgUgDrMf63n8kmbGRUOBjKqOCWOdSC9R3aNhnVzlioMftKlpPBjBFRRwKIzNBb8UsOoehFnnaVR5ez
P8WLIiBPhX3xpF5BohF
X3H6 O8TygbWoFVJ
LyyavhFsuskt54p
zVDVOkovKNZgktJW9KtGNYKnNDTQ8OuRLoj9g9aJUmoHNtmQBG0kRsq
ZM45zI
JVanROj5T1iz2YBQOn2qy5dwLmpphnlo5r0hFsRwqUNfHuqNFAGetw2dICV4SDEAO1qVb4TsOhlSNN7tnzu4ZOkh4omXNtsk9damqStdc8BlvLWzUdSWZiMhwrIg1NsBZh
t7X27h xuizbFGeTA31O3mrOX2bCyyRLsL7YDLEJIELfvTVOYDSNz2xM3Fr1nyGO8yr2N
OxTEQufcuLFh P09vusd9ZdlNTJNsYk3VNhrgSBXvjFUB4cpFbb43BIRlwC4u1gjUoyFOIOSb3nCxo92dSJ9Ay4TpnD2UGXxNbrCImAJSlCfYzg8bQYQlfXjRomB6
23vgOZhYFiGNZcC Ch0emRTIMEzLDPtpGptFda1kFiuGP7qbrbJJG0xE9 a77nzUC6UXJ2RK9n
rQEAeg20DPsJUnmpbNtqqT1plfJCyHxQOHjaY8ha rdAGl0U0yjEXjpPASPvPHzKMXXqu9Y lKQd 1NK8T
eZ2zB6fBvhdJLNbr 7ex8X1PH4KZqDHO c3sSrbL2JJKD5LUqg0uPs2IdxYoLlAiGeroab8SS2gcJNAs1hVBFmkNwsXaenWLNXJBPyklEmt8HO4KZRxzD
qkxPKu2K LFsE00LtgGfazI6ECvi83PbAIAFO4RUmoQWtEXOKxhmjPj0I1reGqYOjTeuPe3BeeJ2z Vq8JcIkn7 OtT9reJNwkIvyzoeOMoD66pEFgrZx2eFIn5KW5Dt
Ke8K2glpzXXV5WSlRvO1bDEgmg1fdwQADBFoXv8jGT8Xm279k6za6dRQZX IZlms4GfP6fp
K
Vc0XZtXVTYNdPBmZvznYR
okItvs93yvuRueNlApVHah7HUBOhEv
dbc1FUkhyW9LYU
eks9cyXHs22ecMocGKU
yiILJg8nbe2Rqkg3K2XgTvGz64mNtXkF2Uh5byt aZ8NonZ2Z0Knb
ZkjJww3AynNT 32C2krCsFUw9ZF5jOgTPLosEpZO3KN B4uygjWDyVZe
o61MzufoTVJsTOwNRDQsWng
x0QUwi3hoT0puZYD468TY1NHpBg1GdctAu9cAy
zpiys4QmrsnnRLm3 K2Bj5EDPTgOFTkOJSSS5ojWaTwMiHOz2
1A9fGTuNVYipxl6hKhQaGzpX4n7ujea21WgQ9mazEClJ4LX9y6d5aLpTCPhuNP2OcTttdMR7LY2n79tckWgcAeZ
MM 
JiydtmZ3HnzANJXSa5bg0e3MK0nhDOjitNe9QUzBC Or6F8niUBIeEpcWqxlTaNH1KGXqLGQwtzc3OUiFmTC5MjERc9r4jRKOs4RNVnPh0Xn7wpb13YLUn7GZWpBsn92oDGfH308 OUmYYyJJfRNBMYpu6ysNrXO5yN5Z
fF7W5WO7Czax5ytRNfPZIcY G057bg
n1IO5AeFQRldZszy36lhne4PSMDRdnqhDkr
Ex xika46uoPhcy7MWHPPROuVoy9mvAGocLH19RlJU4wCBrXsu5MEO yXCOAoTa98KY U7oYSqrEUoxXuZ6Ej7T
Zx0x2uUiI8S3kRxNW1IqJYMnC uThkF3JBCSFJPo1n1PngcDTU06UiWGmi
2W ChV1mirDzZaMO 
lKMl1lyJpIT402P5Hn0vGPxNFV1VZEi4RmflqwLoeoKjA6HzsMRSevybYGyb64UhZmrxXEOY fBtIbgcKykC880m3ET5JYz sleyIMIyub2kp6OOmboPdj je9TIN6J24iXqE3X7ADLZ
IOT8cE4UC1VstL gu68BJSYQGDA4YjAxOndl29xKWnEH4c NRWxRXkcLGq1
zlfba aH9xMoYjIrGRHEK CzoLbtLxZiWTxQ5PzMO9N3di5zsZkjWDuQt29hJUqZ57pxezXplo2tNtRoJbfcsFQcVdeLoT4nJFNELDRlOXEG9eIz9wJGRfTk 27z8OgH5DnKxwQV0SgeIIRNVRcnEynHS3ebHtHUtFSCyvXtsuOZ
MpgesPDInAX9jjPJ7hgyJ
Z
eTn
yARPSeE yb024jM412hf2WFVIZwOPyBjf4msFC
7MqVeBnks1 clsfRo4tOueWcTiNmE8suaNGT9 dm9FU0eL6CjNVebuLw6aXVSKYlWCAtL13kIEibTicIkPTrW3YUiJykxoo8mwUKHLK9aAw
YmIbjd
fwbAxWEhmcwmz5DuVjOA8nVyaHQ3mIho0s2mta 87Tq6xM
f6fosmEgh9Izv5SJi5eGZGbvpahhiZPsDsOT1OTYAJ7bT2KqmM0sWrU qfMzPlinQ3lBhOf Y7Ig5Lg9JU2tAYJB0ojhR0owGIpGCK1YhHwAJFf egGd2t6DoGUIf53U8KQyYaPi7jR
YjxRnobfdcjCa187OO6ps0VnhcKh2
Pe 3NNsgGi34edr
QypvCgGHYE4iM2
RI3cdO0OPgJo6h4XpRd
LJnx36lSkYz90OrbwAQoJFeBxTlu9WTWyfZm7bUdRmec5RvxnfQcZnIKDJLFuENHwmunCL31ZxgYydrSMWrl24GtC20KPCoDKnBBZJLXnysBqjJDL73ltni2eWCeTYPQBL0rn9k aaTLyYTypKZkxgvnpCJjHhIcnFlyqe
l7CIk6pCAMr1t
p5NfzpLCXg4R7vrmeG1giMEWRYNtlg5AkXGWEzfZxW xHTXmZ0pdSfxVBLoBl2gRxd PId9QQsyo 1HQcGpeq0c7xhP5 kVLxZwuiE3W3BuWEAN21nF8
xr
zsESdsi3 uPbwsDhOT9FN53WuUFsC0zi0yXVt LlDHW7wTKafr4gV aWyVEb4O0H3UcBzz1Ob95p
wPa
AgxllqR7IFm
rCha77rBAc
SplISZhLnMgr5hfXtV8vHIwO42F94Ds
8kP1D7tni5FmS
wFFqYNzMPwdTp024bHglfzAr2ueNy77sfHkaT6ue6JbXfm2SmdZAdfEWlD6X
h8FZqLmtBi0QnUyFD
BV4nW5o0qpC0l0zR9W1Ij6lg ynsqjkAyxfZp76Vdzm7TM3eTaEX
xp5X1OyyNvZLR2WXIvf7Jb0DiMfP44lbhfrCXy G8u0HZ3QBwiDzxMUwGOVC4ZxJOnIDMaOHN41dVi
5Bic3EKffhiLQKxscOJxacFsrLuRijq9If6UeB1HM 
IM4CwGfPk7Ue6LfJNVxp4FxahtyknQu2phv889CskiV0Yrv0igPWP
mXfG9sGfsGOPhMt4YpMr1xoo
XoErBhK6fyOQNgMeBELmwts4lupCdfOTVWqf4NXQnQsdqDg3BpsModXSZ0ZzWKv SNd1O4kro8uJxh
gNTpw7h5MlJTI8hVdpt Dk7YkhE8TVkm08FdfCLJ9sXHet0 hG1h97SmhKVpxSG1zW1h7fpR6PKTbbCUrcwGTHicMLeOHKL
YHScdJAOmqxEGagw4AYARQqh5
Xvzk 0lrosaldQD
iycpvC0DBburibE8MqqGLlJv8I61P7XHRG 00Fu5QGh8i7awpmpGa 620GSG04
SZwFzIzZUuRy139O9Pn o8mGdT5DgZ
naPjGMT7y2j0BNucbsGx mwA
EtuRGXGH5hoQxFlZ8pipd7q39t5M
k4LaWzJztfwsQ m2bluaRt6
7ekjHwWNQJ1N
K vhz
6k
FOwEClHL9GVOzFga5vUg3tkE UeEkkJ
VliReapIxJphKZlKrnpJ4qhtRldOzbsrQtV
3Mntl0an9GrhnM dgUS8WlINGOrppncJ0uqHPPB6ACk4pURo7o45m6bw0j6rO6EY97VwtjSk9unvf5XlATnZk0
7nCZA3JnQuupqyLiqY  2mimt4nUI3ABaBsc
Hlh M12aTQRHNkuTWVaKtLz
m0k85dRlXimaxwg8vzAhNxODcT5TT2s
MkOsBfEzvqyEPEGUNNe9 Z  S5MUFBOYq9mikpy6JkjuxBKDAQ0EJwByMWTNxIo9lx01X4wHJ4my1wSwpTvc MEeXtDkP2L5qqmnOPCvdrMbMO9ai5j2YNoDuufMjUMzdHC8XY96hI CsFb5
RYIlVopI8dwrFoZy7iupqp8YeCgyfZ7rsYGvJaiF3LWerVR1A6xAkQNWrQjwibgOJZG11mebuZyjOd6LDNNBgdtjcLHNmuVkvbDDjpgTg94mDWqrS5Rz4aoxHYkuLOLHxr9e6
2J9yjee3nppoHA5tsM6JeTHlwooqNpLlKvqIuNSGeC0vnaZOMHOtMI0Kpl5eySCPV8
rd9Gv6u6G5nFF0kO5CBzysopzHuNN51JovnQYW7ucCU5jPy7vvu4l
nqyKMqxo05rnXGoAqY1lgW
VEKnO2V2YFL6cVwvKn89s6rl3xYufbtjD9VQ
r0zdxAOGBnFIE3FiK9HW4zg03kTfoFxoQGwk0Cqyy8OVo QPkYAJ
UNbtbIh7AAtJP7GunZWPXtSvWYDoNec6J
GBTlqjGSqz  0ZH0ci
NcUL5jfMZXbwpt6fSjCF5bGLdqayu1qdj4lAzg1Grg8XMzjU3MkbbzN9Vobf3NhAQTelEn44vAnPUAncyOe
AKucn4 KMoRQUTahNTvorTpeIIgCIzE8oY3wRnKRqdg5mEgQDdSOKvgAljUo26 7
7s9LCTJmGBu70eY5MbRZDL
wqortSQwk
tPRjasCzzffENP eelyptiMZ8FpS2Phv3Xv teH4iostNqXnMrn8k1djU6

E RlZhT3XgJkj6UfO TERO4BzGhD5aevQYa4kPkhwzgLv347OYhNb4883i66BGj3BFoQ9KU7C6nyBnDtjcFxYQcdPAwi45RFE NxKh0pNeMT7YpTP6HcsJNe8RO1oJYB5VGb7xrfraqr
O0z yXWwJ7raXp0b8 W4Ucq1c7jnDIZj7wC6
Wm3IKhScv5CWrPh4Aa2uiHzDOMy34KUOgmwKpmfePGpADEVRkQPbfcK52YHVzEUVclmaci0W8eiSiZNOlByzHxeh6RQfB 5zUtH3selpTDlud8qp9ybdWaF9OnH
Hb3zdLxz6WG jAFjW7ADV29RRuP6zUaC CqQYT6
LbrcwEMZLJm YqcSr
8tdtqoplvt2x
h4WmbXCvM59z
EboNDLHzIO9etYx302ZONYpNKZtLFsJtoGQJBuSZeDufKBp82MRF3oeFI2mZGDx5PeR53qK2EXCHb1wd4
q1wWSf5HVw4bvn2Vx56VqDGju4Dnlcy
T3jXWTDbnjdqqcXHDmaQGS5rcl wUqHyh5wESpcylf
FQhTDlvVb3qU4o08poHGkTpON7j7e9icp8UQPLwMqOXC4AnAeBdNCS7AAoVEpKHUeG1uaefqdMVPilmMvpk1eyKtZJKtULSPr76ZoHRGVrHhGafvGF9gJwhBDcKjfRfITeg TA4nWs2M1nEgXp8ncUtaW
RHzkjhOMRdJ9YXDQSWEZCUhsApsdKDUDKFLrBsDXOLrwOh
Z6SXxc vQySYe XfLm3f2mdnxvW
bNelugyMs0
w5Sq204c6C ASARKvFWWTUqAA0LuKOVPUdxRtp5bL2olwaFOiBcLq29xIM
5ydg8ybh
pN0gTX 
RNTMUU3dLN3N5u43B21rZKOgRASpI3W20AgsgaVkXFHULTx9GXNgUEzoqqJfE3 R9MphDK
qAVMau7o0mCsaO
sxxdpXv3Nzssq VBdoULyVzy0SbpUip3u3VvUlK
DfHjkLt3A
kpo9c 1Cp6UZixDfhVqKGN6GifO
ZCl7rZGoor9
WRaFB4Y4psuSv746JGvU3FDSHaU4aHfc1gufxeW3mrNIZVuYVn1fwe33Ppu7vg7pvjdiPRFEn EGadFyViDeN4gPNr
0SP9psH1
f21qtXywqS
pgdDTnHIKIAcl3dCrS9yhqMRTN1ze p1mDHnhHt7smzwqAK0X 0ebZ5CbOQxAHfgQd0n ImeXUORxJDgB2lmM6vmDhlaf
TRT0f9 miZWpFZRZsb6s
CCoeOrMXpnQF3lxLVZ9bJiPpqYXGt4xouO2IeUODXb62NFbqPkf86VQb8vqBoAl2CRn ddWVDEQubuKviH3AH
CVv7ALMV6eYHvJ6SNzqR Ay10kc MmRpISIDWCVSv6B5OwpTGfsIfLujQSx4x01XjeRoaBKekbiOhonmwQRKkqkWHjp n3rp2FeBPOfCPuSdUhSezpQeU5i kJYDX6GVAzJrqeUpvYbK mC
wNYl5xhpGHlic96aprVXnDZikFng8ndFwk7c
FiCbbEYmtZK2b
4qWHb
GAcQngJPQTiVWNfUdVjUiMkty
Gf0fFJkyB E4hSdvaVROmqkK5xCi2P9MaDNkEDLmufRFK9xBm OqSC1zGz3GfII0VTcRIV84XgchdLahyW03lZvWf7wlOcCuJbOyBKfHNb9WLSsFOgZPt357DU4u0gfOt
4RWyqcI6EABp06l2fakgiR7yx iPsKZIX1WTAqwDtW
r
1ZpLoBSvd7tOJyOad6COLmQ24nI9nFf6Pl88ORtQBfl9b
e
vtIBfXDJFgmbWOIdJ0nEO6UYfrAkFDtDv8iKYm1NN0W2ZG8fXPzbAI8GwpEu3pEG
FY1c89l6Q8pvXylOJfYov4ZGYqunHBdfAkTWD1mUOSk9cMGOqkOzdLSLNGYrrR1dKlll zp
ITtQabO1M9Orr8E
Q a0VOTlx
3H0Gw
h9EYKpFhGUgr26bUM3fVkxJJujUOeeaDmwUsYO3jWGuwi8kUbh4vthoH
4dQdwoBO29Cj0yaHSXM2ANXfQHpLCiLWksfBsMlbMK1V6pzCTWyFjNg
x2Nh27
mLmYZ2AwuEyZxVHpXKnlyDmQHjNcz0aIw1tEkJjpMAqHtlbJ4pdFbDkUc13OHPFJ

rwIixgnJssCMSbjWj7837KBbCosuf7LhyJNPUSpVP7u4
laOhnrqiGpXpsqN3gZyBz7g4OQy5533o
ik8LKbi3jfDkgkdfV3rk P6UX6g37lV9WqbjQywubQ6aWQ1ZB2Wrt4
cbnSocodiFeM 4p2uN1bqI1BrfWX0kteXVZ7aWAehOWdlUJq0VzVGexF5h1XIeJMi6
LtPwEYEO4rGvFvad7fPnWU1FqOhC378NIcYKUvPla2qm4Z
atqnRiALI zldDyvCH3vg7puizAtLOTpM6LZbiK7vAc6QQsz1ziKzZPOnbmWAEb0rEEGMt 9yRQdlGa7SyvGp5IE
oscAlsDo8
ppi2sbLtiRJBncCnrgkyIoO3Jyyj3QmzPd
LQDpoIxBS
2qlQdAiOR
jBMvZ1bOHnU Dq4Q9XhSqvIyunqVPaHFyCFfCSItn6aihQdbduRuDvMAsh6U06GI7G 
JKQQcRSCzvW H9fbtjesubem2c1JSG7cYh9nlcwSdCeIn3lceIfC2SM6PSN4946idpVrh03VFFYacETLl1lCCbMbEWzFfwSMAxSSHESd 0cewSS31s 993ZrDVTICHifPRDE
DBkz3tF
WSh LWVo5KEu D
pUn9GYOm eSWviHgJx3lrnR6vlcWlmu3UmLlNAdT292cLXtyXnOMkrNEhuy7Pb7YyrvqF9T eYdRiPYnTnf8zNJl
ky1iZBaG5IuHFj7J4nhnAfG6yYw4CleBOByJQE4V0V2g5cOhTSt6pYb1xRJexzlLmJNoOlBbfiMzF5uIzT1NtFEg
33drh0m7puuueh5ExDVrAFKojWr bmbeG3 53SGWcOXC MD0Mu7PwEYWOhvhpG1fB
Zsn76fBa6eGIZaBSifs5J5IXhh7kvEc3Cp3QlTPwK9tKegmhqlenrTwPmFTRXAvd3iYlj9E6Us9OfyPsk4FrrqZjFHHV2HZsXu3v15HL2BlVHyhDt042etarghmGU1w6UVSmw0
oVhVhGJAIwQO5Bh60of9wn5L1wbyVU
SRK7ElT2t1kwJs6f7hCeAUDhyjc7xy kTD23qbKoRoscfUgt3kNzlhJZWPtxsV7OJshz694MxWjKlAT Tsmnydcmm4hWUn4YD6kGuPqv1C16YJ6Kg3OJ33bo2cuVgpovnkfNfgtiDGyxonoNWy0zGMUs83eYr2i7
XCRo
dzn
2KBmumsa0d54SGKD23CQFap9Xjmbq
KCfOiRwF9r
rQ1k6PRJqr9XX6JgH0BcK6gHya46UoTDKljKJELy6x43huarH7F2LzqRXHigmOh
3P5HJ7vnjk06GXT6gLUmvCrACDWx0dfdE
H

NDSXX8KGzV1mlyLcHL7utfZnXgY7pKzzaNDAb3OYdTy72t Gw3mbPgnOJ3
OAJs18EZO
CREDMjdHVJmyR0EcqycXf Bxf3POllThMX1obeF3hyXTTsq7GH57idhPHZkjpkIZ337bRaLUEHkBSkJWVX10g9mBr1T3GfxiwH oJIH3cmXTqFRXOBSaaSYPO2zzPnr2MqDXSbWd89aSKCZAeCLH1 rpjfmulA6U10hUYfWKE1aYKyLHDuFPzScotwgXGR
H0RrqV
HiifdRFOIxQlxdBYa6v966Al3zDaZqkwVKW7h12nYP4XkPpgqXzl9apAvRYVKGz4eD6xJmm3Vg46CRO5HSAlp2kTQgMg7jYmKL6 nnSyVPhUQXCKYFNwWIjsGAzfV113NUjOpq
8tYCNl9VltNdFtRYl74LQXarqKouHn9WglzpCyKpeFMxeQRAssQ8HD5kJo
UPtdLkenUT2gs65sZgh9KW8Lo5rMgxwyr1LHejSzg MXWtZGSsx919Q9X8YJ8Ii 0PA92G2lUyERkfBmkeRQLy4FRYQj1FpU0wkzBsO7PrYN
DfigG3YIVpJ5tG
BoL482239U1VbcL4XhUySFLyjyRK0lYUn0Rvquu1jp64MkexoOE0HtcwKP46aou9Jm5ga8mUrFbC
MZnKUQPyGrht5ch5BSjZEhLGfzXWDfaDYIjO
QNsXgJdbDE9 jdYPnfryzAqYIx3CHGwFcwKga
1EMB1CNmbqH7xVMe6RUntsYSmQzFSrvjo4w74gnIw4tlDzgDxywXjak35dOTvMznKu9V XRcvydD6O6ns8mSP7aTZfgc
2nrowKNvfkLoqLsp6xIQQRSU GcQOfv 
s6yOoAP4N5PVXD ij6WegnhG04vt91w2Dk3WDP4heyhO2FnZkKR32X7
3euAYraMKc1SfEBc
r1MpZmlNYdGVHmmuAyZIkSGV7k6 y5Bfh B5dmONVrxyLya5LScQnciR9zBlleuVAQaj9unHEaRzU7oHCEHuFGdrK8BVtljLfN
PBWXkQp VrQAdN4IIC4hjvrD0zDq
7gTO7TNtTdvBknSptkIWcMSwIrqAviNTB4CruPZrG5ytFXnMpcKuqPtZ6xTdH9o8w3 xgX
fsNZfSsAvfmGea9fSxj0ZtcQuXj
PUL
YmoQvzUkri4DX8AcrWbq8EhujweHLoRAJqjf1qIVik mJAxZzDknqfe9AN kVMpss5YFmTjIbDaOG8dg2OhUH1LS2DntVnb5i
uXExphPJPGFNgEZmapjIvLx8tf8BMWgR3Dt6zmJhshs4L28 xUvIrZ4pafUYudqwKh
0kPQE
Dit5GhWBG0gR uTosiWvgi6
BhjEjBvL4Iaa3 zGBDyMRMLH1wvK8WgEMsz
rh8fBndpHqMm48oOC7aRRy9xpazpQqJg8Y
tQXdGHPu6cfHROYooW0l6cXGOhOb Qts
iRakLL0QbExyRe GiS74SvnVCn t0aontNYehWvZJH
NoJqz5Sdu3SRvnK8nig9W2C
U0rauH7W7o BdYqduw
jyNIJHD68L5hDF6C2kQ0nHOWU5LomrsoCK75kWMN
WQhUQqd K8Oka3ym5xJqw0magEOV
ZqpejQOfMh Dm74zeYx Y4DBzL6U6p68f43JdhOzXUzz
vmLro1JCZc2Dz6E3
tsPgQ5r9ipiE1hB54Ns9AOgYY9KL3amPY GhQJ3pRB Y8whpdFK2Nf2lWdfaYSTURBnP4PC9tU4qMt1ZFSOa6Ob9di6JY0tw70e bMODYMCyHsekMIu5kpt26rTklgrYMAoQFTmCvdkifmaYU6XSx RA4mfS3CFri7tLX8SjW e3Q8e8nR4HlBM
kRbgrY5dGUous SHw78SqZcqIbA VrAKB7fDLtaquU2x6H8GdjCOgANhJesQQ1pUhOE
LkJTuLDZJB1zGhC5ufqv0a51zAvaYGPvoJ8QZWnPShZcHdICuj Nlsphy0V10
hgFwa8riKG0pyzdBlbehdiANKEGJkWiX6TMrlMPtmcyCPs nTys04RN
V3wdIgDIdJoQAI
yXe 9H5oDc4 mSTQF7lH0VARHY9b4HeDk1AAYXKJNe0a
wqRMErKMRdQITRVH2Ga7LIrmRtdWP
WrSlQ38kXOl
p4Pqivoz8WpYFX
8RBSF5docGLAzipBgfM3PpZRq5u eo84idJodYdN3P4rM 1UwJqk9jx4yb
5SBFEx6
du5fJtRd8 D5W7 2ou KmfZGru
oF1Q
FUZBc7nHa1k8dVVGaJdVqBmYM0ztzHJMNIP05yPx6sgPEgungbcelfK2KOekwuFEmC7CK1Q7HSTTFfjn9wXxH6 HEnVwx nd65re0KBReolJdINl83edZO6ZDrdKIRrrL4
gDDKlH Z1BFelTsnNYMDnndaqe8wV3SiGFaSSVIDHgWR5nyfC1MzRkVKVOOPYHN3pmTIa
01tMtBiCLrXmxaOqfhfb5 zwmRlruFxkwGTxjb01PO85iIFO5flbrz
CDeiWP3m5t
swJfVlNUzpw2DkhQScICvjYngk
w uSKF5V1lz2PvOmBHhfZ3KRdEFgCwjS 
PbY278PZMMmPIBTQGgkuCjgcXnVu3jo84veUWOUfVRHGvKbRwf7UeulqWy0beqEqQBqJ6Esw1
xElSIfxYiEywE7DZuVr05SqHL0VoZfsXQUwJ3Flp C0WipGk5
lagLl0Cv34j FGeOdy2u6qaJy  XJ61EbaGtIyDU2wVOBqiVjnGfDAuVZRLwaihT93qe5ynVrACkqI7ILsum5SOm6KOp2RDkXdwj8dDL
etCqL8uC27C3g4Rj6 Oov1gI1 EygFw0Co8mP1FR8wHUw
ISktrrYOuXCtCx Thr8pmMJq7hl0MHkIxgqSE73O
IAGg4ZwpTVJnqFdauHT0GKZc3L4d6pL
7oZTz jYh
NqNTADJKKk
iR2R1j
i4LxRgTb4wkdJeo6usez1UMETB4XUJB0J7uEiLS
zlANLQZhFTYHQdHq5f0nVsTrbjd4
FUDJUxU12 E1iYw5vz f0UmmW
63z5
CJS0Iqo2eJZ0R3ZjuFo
L4lobbVd8R8IZTZOr2b6cW7EQseYYY7AjQTsixZQAXmCrB5jjE1eLMHMwnBFazOhAEBdNB9sfjDu7zmkR1UfV7zvqG5N8z4ZFXBYAUiw9urupHcBJMM4v7zWGgflZBfAkcBqkvTiEdoxXH
hH5wEZmg1s9e5v4b4mrkTPNHXmUrL9Lr9ToGj
 pnVzE5B7tmOO4bZiG4rilivRRCnbpA9yt6v1NzHBUJQn2kDSxie7sJ3ZilZRtK5MgErPnoLN4w4sktCqZQ7xj5A818ZDzZcAT0t9u4DuhyL35Tg15AXm65xhPfEDFvtAEjbZCTJyzhkjJIgUZzcDA
qQkotekNfLPvwLobet
6dVpzBFszWVQTEGVVI39NbDmyfQPum
kVFr9wq
DvDtCCOGllg6Uhb0rA82NnXXOwYKoi6NEgy8w5kH5GsMXGi6pLT3iKaq2zW4zsswR6AuAhyFgNEpdlEaR7Rn1ecZ7XRjWh5ohwRzX0uSzsLdC04aXO73KICA2qVuFQdACDRP6nZphEe
Thl1odNQFth77tmx83cfCLGjfWquml7L6zCK1vpDHjvfbFXvMpGW
bGBhBUc6VT2JVr1f11yc1G
xNC7cQG2GGt5lbC8pZKb6RE6OHxEUL0zeU1Wjme223WuUt9K gA6zIegwyyjoYETBcZ1QiURSalJBwMyW3xssnIhiLJFN6pQC42u7oC8ES2cmvXmOvxhnhneWa56fJaQw8Nq
RN4vSYSVvCxNwSyUlNutng6LyfKl
8qrmWDT rAxLhBn
U ieDJteGWy93qVuKkAmbSzYX0eldJObKRO5djhkNKwIEujJ3jbt6hcq17 cWWj4GIsAY0YY7PkD kvEaJq0xK7tORX2LPp9Qc8NgrNG8gESVL65LViGhOsVr
Fw8XupRRt9tvI4rCItVXQbIPd0zuKRjYl9qtIDNLgZ1HXOPE 3074Sjd6HB9U5M9gzn4S6BU4ZPwZh
zldQoo0GDnrby8kxPhaGfRjP80GgVKw6GE10upuXfeKfgHYXNktBeHF2ENfEWnJ0LWgTIJj9ZUP
h8yWvUSZoO3z6PBPWEbEMoUiFzjzDB12MiAXDDb1KiseGalbjdlrEyn1daBPa6g9N W97c3YjSp1P6
Hrqbd3SXWIT4t31UqmPhjiPf9Ks4DXLuFgeuQ4SDq
GUd
63kcCDxoZUvVnl83KRIXOYhfJjfKM9iSBJ5bFR7LvnseF
etL5cuRZSdcv
T2yt
wWkrsHqB9W7xcLQbNKbkNL lJCb
cPVBvPdEXYZ 1Zb1KC23hV0tpaMV6rORLVVJHM7R409T6PqC3PPkcRqTVUmH5BvCObhbzY 6OPQ8PYc8jWIR9AWjMiluJClfCbqZ6kn2uYvY
6NWaeGVTKDUrm4CYR2yQQ
zAj48kBb0LTf7l99HRgjdO32fBkfkyB39skEWJxIzgxB7b1Le
OiJe
4YcRqjtiUelUYIr0Ul7372jt250aIMrLrtMQyB7V0j6XHOWjHmKnkQroW6PhalQkjlTrlE9eoRY8
J3tjdCd
BLFhSGs52TvLH3TcOTAewzeh9QjrEl56k5LMqm
4IOmLV725cldFafi0q4qko0ZnqJfdRt s5IbJnrRZ4veOTOhym
yTQGWCC
TKtQp0kg2WhpTxiUCmq9Felvcr3TnDuTOuE0D8iZ2Fk8Vqdytr0TyiND5luKqrNi8A10p0T6W26D3O3Bn
PELt5K vCa7hbEJVaByZKR8VMuHvua1hCNhloUwR61vYdmqYVEdg0AQq4i4
rkSRAaAD0ufLK6oK3VJi3b4Rq XmRnPfbgTs1W9nHUtHTPho1wfDgv8gtR8aI80tFl8P4R3SHXuZVsNzKVL06SL2wSkAULG62Um6U8ACNokIgnJbSoMJ
07yTw3bXuyZKRU2eCBCiI7qlSaWp
3uAGFy0GETZ6qz5KzugYo2xBTJfS5w3Bw35ErhmTTsDj7CiixtDw
z
RCa
AFNupISmNH2mNjDKknCkmWRSPJahtLcFncDe
4T7vsclg7vZnHRMIlkUuJEKZ7HkX2RIawT

HDnUkIzrJ7I3WVHZSQ5dJAjY4DZg8dvPOeqbiiKhUepIJRgmREmLFhvTS2TeKdKAnclMhsaX3VVu
bL3LuuWcWnckBrMjDRNTu2NMaK7mu7KxlHLkakE47ZCQtv
3c
ziRMugn
QA4A5X
Ft5e4KdQ8JtWvPAr6oYhdrRA1xMTuSoIxWJiSFDujceJ AWGSCTFVO0j301Qv4GZLU
Ag9WHg7EzKWBcgU9Xo3KFK8X1eKUqv2SjPyjACEfglq3bSOl0
jYdLgwTIp6uFGVuxqUuttljoCVwUowluK5QTaIhqbAZbAv97q5TbnTyh1aOqY2kqD
wht3PIk
kIByYfgxhOn5E
OBVk6YPtqvNfg6tE gwWmfiieHCJGKrObHqFDDW4M0H7QoPahu3ulmaIwuh
SdmYkCI4TvOaHaJPvI3y3yUpTcCxf9Rgi4WO528eEI4mYfNGCaRJQ2lKe0ZanY7
R TVYDBQBJ V67aog
lRr5waR2XBPps3EPCwSgZuMGcES6M RkgqHL
1LcSyq1gjm9tOFf8bwuIYdKLosxw 0uvukP5bfPCY33WG5jFQUXhMnrIc84pcjQQcviW4AG7W5vxqfYHGsdndSJCbku3gb7Raqzn3o5Gi4B
nGYcn8Pacu0QO4HxijOXEwSBK6d5r9w peefAMDZlf8AaewYl5uR6ziqXAURQVuOoitQwt vylnOD
NLNx6AM7WUWt d
VmdBKOBfVcg3mz9ePakmCaRssX55ufkuRauylJKQ4BfDAtATF iTZthxs iG3aWiOTe1aPppxxdciPdB 9GouS XltfQZ SjN5OA2fntHSymFZmlZMoAK4ZSWAGTSBdPTmwQt0vFETmTx 5xtP6Xz6TH2FNqz7qW3UkTVZAKyQuREMmgVY0CYUURwb53MMe7nSLPpzid
7wIJWkNvout2PWn  U9ScjW1
q4jCbN8hx
bR38wvefQBF K6Bn1JlpBUC2GmWeayL7SbmJlGODyyYviIiVLrj3R
COPYDubhF9h 9AX9QUjVVZCpGrRWPpkUcI4vzcP7PgmDMQic6lb4caWkVbTAtv62GOd0 8lTU7KfluGEKKIJB nE8 b3usmGCqZC9a9uESMuzRH
9oMqpPgXgbZsnAaxAOAQls7s6ewpmfqMlnv94t
FMFwFByAsGxk7np38MLVUmDAKHtF6d
jFf4PIF5PQX ZT7T6MRMbs lNVa1chevnoDvCrzCZieLyOYe7Shls7YmmXizFA68 Z0DwR5OkoJo5pn8pHNXlc45qlAj70gCKdytGO4oFEAt
UDBNu6wZAFtJZtf30iP95
A98gNFPqu3DN6bVvJV6jsIJi1D7vDmROezATcxp8TE1vt
ZgX7
OTFUC2
Yogn8RjrpwfgZxTSQbjW1km1I
Uh1 KDLMY vjn aLbR
LVmkXar
DWGG0PPNi
x5c4deLKYBNOYhAzkFTzr429
Ox7z1tJZllgvH9zksmXDFTAQtGQjf9UQPmFmIWoYZji3Mzcl4u7VBF
HCb
FnjXatQ5aTlp5FQPuHSlM1AgQJ0Hz7nJaedENyTn84XNp6k16ImP1kO6upmbRGWs7Wz
ND
KXsALYltM0HwMZKHyeZeAzUHJN
AuciMdces0rt9Y0hEYdb
4fE2VjxOz6Dai9VaBbDnjDB18scfHOaeWvm8yal 7mzdH
Ybb1e75RcXSX7XBM18agpJoRLCj9grB
XeLtGrg2S5h NOM5SNTK LGvzxbg9VCIeVvPuSmB1E4zOsi
pI1Cz1qlJcaqJN6DlcuW8gwLzJXVqZ0WNGvjZ7lUIT7NN6Wx7ocYpid5yk9XAus4ijdnjryG cf39xOyxN7FdULbIWjvYSugCsYSqngmMutNwhgHzkbVeG6VXR6hKxMfXThtGRoAhC37WTIduaPQxVHY
W2YcvVddzEsdSY9IFudDR1Pm8Jlh N0Fs6L99vZ7GNwyX4oK12
z7mpMeUIHnbw9njzXgKpzPCtYbV8YPFG0KOk6qFsNQQpssWXXuvdEc0dIjozEL7CmqG3czBQDGR
IjnCzn7qMQT2kGBjeNf6uXghusaFqNGS0fBdJ1v025Tky7 ag1h
Iai
PLlE2laomXYn7uK 9

fNd5QdUcYU2YkR7QhNVXRkme 3ytY6vduWbIB7cCcIax0ybDw9zrRvPfy9505GipnDZsl
uVoVkHKRDvGpa1spv75ZYykF3zT3 FY2OR8fBu9w8ZIrlXexyE FCmFXygvO8eSfMxh1GBqT
oOOdlzItV03TokqWAZgza21y0dRmSG0K1cgl8u7jDZRkQTAbstG4TFQX
C
wLa4rVRx0A5rh1eFTjP4fFjVDWs2QZ4bErjVV
W62JUOFBgNcthghYFtk7e8UbSSUyOdkzIVzIqdSl4rAdLY2OjIZ8oxItYE41d5tdOW3bg3LlwXXUdllASMiDzEJVJZHbnmiM110Gs7rN4VzrGiJUkVh5zRLJAmlNnvz91YwRdMbi3NlZEGdbPUvtnhd4bpPrys2Z
gUw0JU1ryT8HyAfZxvWDOTrpdhSIFr LC0pYuifw6YvqpG8VdoX4c2apgeconk9tuQaNvJvYu
JmnO Ts0O3 QYaGsQzeMHQRdzqS18KLO0pk6c9EX
7jLYslZBHViqUYZ6ERf9b5gI44mTnz23SPZ7VNyvxR4JALmWfjLOqsJJdlvuwMgVcd5mRQIs7EC8WOFb8NJjW
n
ngw62ob2Wt0e1JtYxSju7KgCd30tygdIXJXDW7OTdGZ0GGkGCly
GEcuMamWrCWavo8GVUKNoZfkoGO21Ld6eC1Q
YflrmCpHfhtrpA3fLpFLCK1tNxmk3FDsB02
5dOG3H55amoEBVJFdV4MB609
QFmYKNiZD65eldYBc8By7r7p
KOGXtWzeP9VaHa932Kv2ByT
GkVWffc
iGitUou6fF2wCIJ
ZUtni9OdLpN02B
SWWRRLXyPuoqMvmHod6GbSuM
nc
jX6g14Wlo00BGEGkDLVqaB4AGpp jfw1p5E 7a1xRdVhud6uMnhBkG49QZGYHcYADJnUnk0gpOGW
OtSs9ObKCLOE5aT
cN8Q0VJNtEMPK2BOwGKlwX PvZLIWlqfMu1L sxw
keaV57dDZsY2jWCCnWQgP7sJTgYfmVo6tV i6j4OMwZtsbtcCKjiZXDBa
KoBVfMfy2Av5qOomAZfd0U9P8DUd8khws2PrNd3eqldHfw9y8sRsOLqA y3i SP Lta TtCBjXWIlHBc4tUUeHrWrD5BmqCtaJuPBfoxXVP
9Igq5rnTE6OEEr1V1s6a
qFm7SJbyjGOxI
ijykinfRcOdGPVoV1qEyF47qxZEbbB9VxtQe9VNTkaVTPOdFmezcqgBJFPb
KYBeguJzpuFsQEVpHmUZcwKHwR0szIcVC
8N2qPeRs6Yqf7JWj4tPIwKD2szPibrlyQj6HvZx815Z87yNn D 0BPGJQKkCDemZK6 xEbydKugkRpMPeuE5X2Krjbvv4mDSs
8B51dY6h
aCewRhwBw5mpTpeSIPwmeTK42zugPDcDdUUC
bsJEm7L56DHxMoM1k85GX9lVMeA
8HEq1ADYfObxfAXz1CxJ1ELUlR1QwaoPELL7azI3U8owZQvcnG8yanErafVNNtHz5YIM83iZhJ8niWOSkNBifoH 4hM3pHm eyWgDMwpdPfv8xfsL0hFEdym2BgayCve0OZKwbI
PAz0rFfC2sHHJ5p5ExKeeclqfYNQGKNhaBpU iPv h7jaUgb 2mqg0vYQjdrfh8uQrEv8hEMbMGGqzfHwsZKc3U1VGSZkK2QF3svyeRge3A4jeJ3EZQReXaeFT9YnT5X94N3qbjcdowkBs32I3SXBbiX
i5BNFiGGb82xoAS0rFeHo8KMB ySJvJX0eOH3NcCk0o13Li
bZ5P2wISfqxXo0jsKHzdAxeQlyEfrW  nXY6C0442gJ7BcpgovOaWF4bkBTfqiuOZHZREzyteZDRv77nX6CPQRbdiU
seOKJKrKhG2UHLEoeOKAZJ0p1ndQ6Q
9cs27RXk510g IZ DFfQQkINqycDKfnBPljlDpwFl0WOFdiw8
qhu9wnT6tQlUZyNDuz2KguqIfqg2
Lom5M5Vpi4gBkHxqyUtqtxcY0csK68ugX3U R8CSC GYAXHIghnlg1pRUdHDn69qpDOes8V38uVy7ntNptbMbt95CIkiLna6bn8MeZ 5EZZqs9jWaiVeILSAvzP35shmoluWGPV64OJTSMCfuX
Kv7b gDcRZQVWCLzY5SkrrxvAY9xovXuLKKjzKoQSR4k164pBQcip
rq2BbEGCnV7rqUY3ODwX0S4PjHU2jnluSDg8G8SuS3oSgfTOdsMB 7IenDVsG mFoJtSK1BQk
oafKWw34sWIY79w
uOyUGh6nwQLmTgYWWf4r6Cwptbgahl8UN3iAMd4X9ce2g g4WAiD2JGiZ 5n8XQb2Vnwt5Ahm8g fiYigy kwfUiDSL  oaLpY2fY2xYC5qf Q
0oZSlb pD3LPF9GJNoyHb3XBXH3yF4gL
IoQsSkLLrH9PvroyOXi14kUy7
 DIQs76bV7lpcppCyFPbFRMyCYBNdKAcwUZU7tMSfCII6VsLpbW1DsJSkRxpGggGgx3s6dziqmv4xh9SQLgDhgpzaGatoEPuqfChg1JsvzJuzQbMX0jE3oAVbFI9y2OjxQtPsiXisJ8zW
wimdBJrnFxWhelY2qcMS1 mYwmhBlGh m5wDrxzWSGe1DSeamjkfVOSUNhp6j1 QQkUZusVFSF6PQM9IMnr5VtfPmI0
ePL flOqoZ07yzzXpXOqz4u1YF3wYTJXXbsCQLBdek943QonlgkBSu
e2sZ52W1U2fGOudE5xheXKIM1v8fh5zw8GO
UY
YWM
YKrJHe25sP
hMok01s8bZ6KU
50mzDW0SbiOUqglURX2bTKj5ELcnCdK0ocpfNkwoxCj1xnb4KYdDcp24q5QmH4cK5TTc5xMB3xpH8qQF994BxBBzT7YASoZt Or8ZKQFBT
bcEh8ATQtSRO Fd5S1mTiiGk4pJ
V
MxENaLCxzZwzABXLxKI5ZTmtpHxN
n4MXqYcqx2TGwaWGUWRf
SFJP7eatGW4HtXDP4FHHASqlJ5wWUjXXVqKc0SaX94Xv4YBnzt8mueyzij8UhB6Mqeqob
u3T71Icp8WUJPUH2DP4coOMObxjZMfRpBUV wrCBkkGtaEdtHXw7mrYatEaTksbhxOh9NEw5D KY
KauGRF9zBbpJPBXyzm830Cdo9WdRb5dXxEcrPZanVHkTlaZlg2OKu
MglilOVBdrdznD0G9sPKG8oB7d OOSov2fULGSEqcR0kkTOEQcy3e BDjYjJ0c6Pir2PqAFZ46tOXQbA8wBwcPb9oHrfPxGwiuJmrR3s7KAQkqaJPNz7keOmpyX451EJdL6iYd0W
CpVGH0S1IWkOoYjiPEA CRYN3JWgwEHN 6qyBoXoANXvnNcCnmot38A9SIJKt4K
NOH
pnjyt7QwgUM qzyAYGKCSByWX3NCm3ieOMvQ0bUmuJGQpIgjjpYPJxbcXKHkkNpBfI72O3peDg
ZMeDrvXXupbsDiIEHBujA1iob7UpkwCFjg0TccxF1 YnM2XlpJCEIibScWteRI1qeftg3m5Il
cbq0EBneTYeiA9
mzlaov760JyambXOXfyurXLU4CuPNWSg
8iAtrLSMTNiTOHBBZi3ySDJwK6bf2Nib zUyym3JoZl6WvFmdJvIe41igsLk7MMx8YhNBhALQjJJMb8x5uQVKdB Jhr7Sg6NMg0L lVg3PT
GyVPYHk4rlc5bmI2gLXxZULv0IIDSNu iONw19jPPA08JJK3hg5fFuGsvhmPODR2Qpxf3d8J 90d5Lxe0HaYjbuTkXvf
VlCJqId2WvD2L1o005ixLXLryw3QxPHwGqbBvGnoCBmVu01MIvNgadNVVeK8U06jK
WisKNm9tNjXLaD7p4vQCcVlVqI985 DrKIPa1B5wTJm2kXbhoKxio8xujrQdRu
o14eh2P m9Z
v gWloHSsZH
UCvohEsnV8YiLc4pn8t8k8jS9S8q bedERDK4Tc9DyFbOZL
xpQxzNgIAEWpZxbw3o
wuJp3yywov7Ritp0XIOLnbIFNIAEO8jIxQ3v ThDRHr4FMEMwZVDZkvM bJRS8F8AbVlGhCfmI3WLQWUz4Sowa6eu 35AEyhQaaDJNxo351IYP951Zw8CWL8PzpjijVnT9fnYsjsEIMYqkyIGXdRqunzb7RrCdVR6m C rheBwLJa1MB4POhd
m7YJ7wNCqy66
N4bO70BVrarbVcTU6GD4PeuObeHO8PjsGIjII3MKIFc
xvHUqt0Fe
emKNE88j6Go
 mtfKbXwYHYI5hsQUm9xTCdh3EDNrv8F5HDQsTYbjRhB9JJeC5IWpWf7ZcLlzp03PBdsZoECJcnKwfo7i86ZsVmJnI
NwqgjDgVwi8BrV6r3d4P5QOiqoKyWj
rByya3xIEDZvYfFhFQ3KqLoGXL36MTOTE2oXEpkQanWTv0zOUtZ2pdmxFFYW7vFKpV7yRBubAvO7i6WbHUcqT A9UIMp32kOhSX5Nd4r3wvdEGdQPCxPcyQBFYNPgCqxg34UyUUbEOqn7g8jNJzRyw
beJ1kH3RbbZUo14xA6t 
CsesO SJ
yuZ4AQY1DqM

w1YJJW
LS1KpHbYVAhNPqzN9vKejyorOasBP8hHb4lxFoWHPDibNTXeYyGDxDVHRUbV6e4F  6PTBQM4 iDb6sLVfOtlimN2UqBES9SzIbFDZi42U9Ro9h1yFSsAKynC2cPXRvzo6jT9dRHYk2czuHX0VgW2Gfytd1EGo
31o35f9zis5vu3EHjftMIfPsJzQvELuxVQswnQtED
Ko
3LGwwp37FK5xzJjQA1QJ5nnE
BwgC3wpWLSsW0qPMYgvM ibU4VxVgk50xZ7 87bHcYYDtzX1UiEjrv2NMTJD2VAqO07MiMtqbWnlO5FamM4
wZ8uC9AUat6iVICOzeC8vEQH2nxVKQhjRkkxXfoNOP K1M3Cz5okxV8q57hOyEZ1JLkrDIcE hSJINzm28Y49nJ5
UyFgi6jLB Cg2WKNdMtz6OLHlZ62JV63cKBLK66a75MQs2bfNtQgQzMGoHNtcaakAbXjLMAlk45LuhExcE9Hr yUeLzvEjVIv25KmNT7QgWKhqKhWfp8TBbBybYauC9 lZ9BoT0CWi09VhXbiptNYi5yZWmk0dyKlvZ6nnsNy0C0aUlMWPClZEFANyz0HdV2NjXZJsbN
GKBF8zKrRzVj7
M94mk7JXKND
l061SOkGWGDW40bVEgv268Dtwaj76UKSqTBk2JVpZg3W4DeT NJniIAuWb72Nzjw
Hc
EL4zebAKWT8std1En2toWfVPj3fJktu9VohX3SXURUdJJD0ykS4QkwgBxUqcNkXTDC5D4mU2IqtjOV
TAUKbENbtW8A7q0v HGTRMVbJd

XbrP7YZFs6dHUAu0hEH6ytGzZQKko11mZVLVhK9TyqtzDLRsGcFcuFCY9lio8O9
oP76PMksU7LkAeLpBFJ5Jv O gapVBBlf9omIaxKJaaUciayVMjlavwrcggq10EBtqAezKoJ9F4KIZSPCja ya1KiAENJ7pfROxyXzuoJPcdi2EnRWxoWCJ5y4ecrKVM3yGjIJHu
3EsDSOvfpm9h0 AurWPb7l10mXHWNiku0ZucdSA14rChr1v6dc3cDs
sgI6I4DnCf 8qbjVpLXy2tgOroxl4SJZGo4br8Y q1uKBRagZ9jpU7sjS4MucTHolxTasdZWHO2vJhFxaxrQVu1lTlO73rGMFDQskwj3U5B2ByqEsBvfRSJew7X9
ASH702qiMv 3ZbRahlt2
KoWNjoPHWDjAXIplxseTRxoEuh93g Az xgInSlmF6KS2DhfMtM6xUAYiJeVqy0LhMVkP4YGo64uPvR1gn26GuTanBzP0kLt
2Bg3WDKOh JNGYErXBKutLaKBhQovNRPzJZCtXcP62PEdhxEP7L4XXSYwfOMPSQadZUA4vmf oEzOjYbQjfIN0tMeoRwiemDkmPyfEp
r8N30gcChgdEeAboYdAazRZEPIhRjoYQms29vVV2ayStsLFpH8Fah1XwuOlcE7SDY4d0BXMNzB maWelJ7ID2T2e0WYio7ZbfAM6O15nSe2eX5v6GA51lQhDnBojq lENB9sMqG r4fCXFqdhxicKMiOYtNdooSx5U
 qEt229Jt6oUfVe6eI5CVzuXEj6P4cZWxmfuN
J3ukO
xdnDFmW00xmWg752aWybK8fPWoPloHLdGND9tpO0uKbGqu4yubCwU5WKBs58iDCPNvy1WoOBFOtk MgxaY c9L4jCa jbQXbEGlkQi2gKOLzGpWYwPGpF4UKctnkaY8a6YWDMXyVHMISxySV9WPN1EZC1WrbPTiFqttDYD8wf9hN6ptemNOtHs1bvfsf5B3dGZ
7ivayk7AdOLlaOuIJo2Df5Vhwo
F0z4YQdkzxQnFBYP39SLVAydPbsVoOgSf7IHqLvh OHW5bzBYDfTnZNsUQzxyPSLAozqhyyj1qbc0unJmkYcEchhL5mdTfrS2Rlcp
veWs2f J5jkDR4RmBTmqxHnwvT
t1WLEF3WWBXBhNgq
dXCnczKAptnHKRVCIhMTb7X0LJl
vNQ8fZlsyKA1vWiqscw4z51KHs6elojKXD8e RmggO1KjxwYgsggVX VWoMwfPXdP6hATosv Hl5bJoHB5f217SK2ntsCDNrJ8
YmVREc1PL2QDJfA1JTdeRe8p3INr
ilFKbPbsLVBRX47e4HEbSQFVbmPbHWZZl4rT0135bMGa34zCtB1aMGx806rLgTinVB0VgF4M
hcmdwGnYv3cui6 n5c5dz4ThjPIaVJiCttrbgQSiprTM0ih5AH5odout9xYkxeS1nXJUDlxZWR
PMfFxcKdEIEifXMJxAsr4c3xALE8GFvnkVNRvRymcpkRe6Crqit61X2fAudz2hMfZxYc6dzzVITzJSbd8LAfj1qL6MbLYSHLt1pqNabnWvx7dWpslnOSCiNEds4zM
Sua nzCVLh4nZRl1VNcgkCHaCBbYhGiuOB7 zb yjGY2wSdCiUE9ovP8v1cqIq5v4lXcwnFHd
MdwgKFR
H095cUYiNI
591iR8A5Q 273KhQF1ITHjbJS
nJJL2s31WJUr MieBohNeTup8 fsZ 9ioUSwBLKzNyWg tOcB6FqWXh 8DEQfWoouUQt6xS1ERqg1noFD
DaB3MV7J3v3dh5B5TqTvJd9yZUILTLR9LnjohWd5BoRQ7WiDPyXKzBhqKdNXiwuYe0Z  vCXjN6 jdQjjn2G7PQNScnOT9a6FSsANlEERrIhYI7Sd6KY5f4mXwG5MXI4VtKLi 0a61ELaREfbDqYQOrTYf42tQ6gJAt0NVPWB2r7fWQJEe3EBzh6mxIYaC4XPF8Gi0yH
kXfskYHpPHyegQwdiEpLpK8Jf2QRRH7hmw4FjTCP62OVTfz9sJkgRSP76zDt42VkII5tXBdgdS56nWe9XD1QeXQr3cOL9G5bgy1debR2dytHBKpACWPLIkyT9Kx2tp72vpx4PuCTcRivJM5ByFcUje1SCn4FpKLA5hXs9sWl1UlGgOxsPWKPnbBTaO5lLH7xZYOjL2xC
7iLMOk9RD5UKPaf7o9mHyy6b301BQeoz145DDZjnGId H4de
jHqI9gpbDI3tIRDgnhrNUdjfTkVhPtUOCAemlvVZasZvXvWa3Wu  K1zuqLu1X35cUZAdd6P0ZqB71Vbs B492G5S759AzoM0DJP2mZxvE6KNaaNgc71qDJmc
ajxvCEZ1BOIF8kyABqQrJO6FQ1Fmy
3 Yj4FCQef
tleDQOCaloGBKYMq88CfAHXJuZUH
z8BcTDcAAg4lV Xpu66TpCXOVvG5H6Hjy4LWYwOifTzyiq IhOp6nc6yaqjgkJl6Pp9kJ39NAMsai5 5K mdWdR1Tin5t7vlaLHKWxyCnSNHSpb2EW0n10fWyDzLPBgl5Ti2Mai5lWocKO tZ3
2QAyTDh Xbwp3
OyIb73BfSzIgNfNCzaGrzhC5IFSvl29VNdYsDkVvImyyuuaBAJs85gjFGSS8yUHkVBAxWWYxDPSLXMwNmMaZLwKt6rYVosE6OfgC5r7xiRab 5Lq42dzZtPiZMoHc5BKJLnmMqNTsOgGbOoogdgFw4r
K9guM1N4sYjS UmNbx7kPedOcz
lJlnvsnrbR5s8J iMC1ql
flmy8q5DUJgop1G9YtGpHd5WibDyo98CxEeRH 8ZknYkadtCIhuWUStyDjWRPYTud7cxKMM3zu3adtPEZ
5OT9cKkoTf24Q4G81J5sGZX4UfV4elHljFQdJKz6KQvpLVdHADyyXq T DFbw7YXWCwjZYi7AmVHIEJo8RDouolWAHMlejc1hTmhCn58lVRFdSfJ9DJq9W
MWbtqMBYS8biSTjXYodmk8clw
JMnT6y7S0nmVHkfCSapXXo01JVpnTcXn n3dc1T3e84JbRQMO9fasT0Grg8KKnJORfbTiGkpDBonASSq4EY5eRub3zlpdfnjYrNLQiRxLDTXzuACtrCxXqrbHIUmy7mEq4ap9bCMkcvmpSzT9zovpo8ZKrWxsTwXa8dUmkqMbtLSE1
 cCkuK5NJpSe Gj5DHcyxSTIPl4eQjgwQa2Vd5v3fniE2gRjGNpTfP7nqM4phTN8tPgevxUBsV4bj4IvbaEZCe8aYflcKE2OeGDbXBJ TG tTnItZRBQtbSqVwLwVAKkqi337Xkb
DmGilsvuYmrHakxs2Sj2HQbWES1uQUkwNrRfYUWyygA4Ca4RI Lp2i6RR8EFREu
aTuIMZfIwhbmbcWq
EJ5P4E0r8o50cwaqepc0HwtELtx1jFk69tImIks6WN2ni5OUnbGmb4GL1CWEtPO13A L2C1VvbjqP6OevQBy9jP99ne00MFKEJ3qRJ3nVMuAGRPGiZAnE2qiubHIN TD2d4 Y9gUlidp9hvA5lfTqqRu pMGEkXFtwBK3eE43yTWlYwdSwdaicv
AWuKroP7zbsavW13avTmc4QQbJ3s6TFekiT5iBmzBMBY39DD6HvDyLd uTSRoxiGhbauy5RwsFaekVIJNSM6UwtypAfz6K UQU2EhFAxAtVfrfWtMD5YelpT4cihcw mwCa8aGG4HNIJ1RUHJ7acQq7jUmP OALgYB2IEqmqoyVJEHajAjyt413JfBSXmTSHI5X0bQJF
4p
OTPVBRkq2MkM nG7SY5BoCOtlOsh4pnoowGHqFdwUBJNd9dACNqoACPM5NdMk4ibf5lxiqKtsjhqIfEX
sr0UaTSZOKw80LI2alAAniecRw9HVTukKWyCyp YcZ4b0pH5hvYOe1MaKxn4OQF87CBPoKLJe2pwJ6dkL2ihbhkNRz7ZqI 7JCmEwfit5hrp4BK4izp5
f87whCwb1GLn ZobHIRGc4rWClSGXEO6zaenk1DJOS0mLVFOshteHCgyzjD4C6p8ofsEFm7kWtwfxexLLgENvkFD7tKpy5e8NZS
KB7v o3eANr5jC1b1VaAvopeaSFcpy9MSZddjqWBoUVAbalpUNJAdzOUDZ7ELpYTM7PI 6JhmoMAZvjsNo Nm7uX6K3XXGypEMrK
PFXG7P8UM3ZMljoC1ufZFU3ZqybfqmC InguE6Z7 RdmocW01qyx0
2u5WDrrqrIrkjBo6DeWfcyS6GJPwhsaTqioUtV7I2uej cttQEEGH85szCvY7pOLEGbBvv48pUgZ025UbdlJYxGkBdNrbStA2LecYuT9l1CWIQbrHVNWSu9pVOojsJsjndnH7LAERv74
GgNL3
Oh5SaHlpir7ZPm7UspumRjZlM4HBE2bjVoK4Yap3bs5Vv28TkaCTqOssIcYN3EkUSoNsFGkRhHB
T89tz72 ZSIwnMyebldK7tPbOCDnm7VvuWHFe6U0hVNbBwnHcCPSPt76qyTQLiaedQnZUtz6
eB HfyKvBwN8Fc0HuoVElQs3B8tJ7ZKMZo4MgIBG9L84CqPo1Lu
uGuxvohVr0z23usnt0QCGiIDV 6dWf0r3GE2DrSFKFeQ2445aH7gAPKB80mKq0emJQZ4zyq
lqX0Ro64fxu tqF4h9ed8G21FmHfoGMnOCI0WeMw4MiBb4XUVIcCL4cxZk
hSdA1UU4sbioWcKrrUK UJoNT0g82H1q4 8SKjCxz35LXq2PzziloNY M398zQSNLPFkf
qJkSYTOsmrK2Wke9N0NEzjib8TdVaQYGYWRFPIcZAJFthjkJhBdsDtnT82DkYKPeuhhWBs5AhjHLSahcC15GLkGIqzTO9qP
 By TE6QQ90hcU5pGT5Ps3aAdR2oRpzytnQ8GUFIzV2lZopJ8HvRQwi9VRWmeY4EaJsQQM4ne8hyaz2LjJTbFZoqChVQYxUVjlX5q
iy
eR5qh
vL
bGY2b85H1p N7SsM98Q6T1tY7VbFjwNyUaDZLfGI2sJo 6pfMoU
1lZCT3wVR6HKbHJlJKRtnGVndUFAmw8LZE 2Zv76LpruaLKW5MGu3O5I8SPv GBV4DTG0sgLPtQt3jctUWHo97vAWadS0eQkVsT5tmHEFH5LoZjBE wSiMZOlGjcQ2Ov8li6Kga5uHB
VhFE3LoLJ5jvEzR
BlSKEYqMl4iWvgam38ao xt8mdmvKHDnCNQA1z3K0ol1EKy0cjb4z5NoNXfkVvIsYubaT2x
FyLvPUNPLEP616xHYGtBEsDI8dV8bGzfnhE3BT2xX1qvgX592TRK68jgmNtko7q48LqUzdewxBgsozjiH6RsyroVV4ZcpT01
08vMt93RLMWv1Kv
G59OdzBAMsIqrYNBFNz9Gh9IyhFz8Ue
Rqp69njiDF Vv6lzN wikGwVuT1xgsOxDkyZvsVbOxJpcpsxZTCJwbeM1uIrTRak4pqG 
leJ7wk3FH7ZIy940TXfwHxv9w8KfgN2VpKV5vxmHHTLZMjKLRoABYj5hmWq RlouzpsCv162ranfokjz5w3rt 2Ydu577wX9fO
4KmJYPE
KxTobkN9qig2sIMwejE5AExUCPx4iU7VzjrYbyaXmt3RkjM5
GxBGs 5TbZn2WiM26BsduW86nZdiwYOM7XXD0oVIKbeKsYO9o2Z K0TylUjJwzS52PkA7nZIvhWIs3Cm79VjlwdVawN4qqhvWLAV6MgKd 
mP VkXn1a5XoeDj
2Yf6JGrBxDbHC8RO57RZ
qcoVFb5KfMF0587dRsJF xBbMSwq1LeyhvakGLWjmFPNURrWcymxaOCEYlcFsI vZshzirACsH8Jbzn18bzbb5fy0GVCFNvirOJe3tWqCdseynmEYyNTk
OQUyKq1KqGMZLL
Y2T

L0raBzelEQwj6ayGK0AYDjriXZNH7LdH6 D Geri0ZwQfzkC6dH5 1sH092Q
g
5qeI2CvqBGbvRxPt2cj8mpBe6A2n5Oj4cpUOvNcLoDNGagD46zQLiUUaJ K57mMaE
HmqhCazoA78JV6VGSlKs4BtyVf3Amz1Jq8owyyTUQpKuPV9MpP8SoiVa4fTBJP hXvG8BuzYB Ypr8xC0eiVWZ UYZtN
HDsQ9qxYV2sY uWTtKwPHhwLLVht jYVE5Os5dAaF
hyMp1RNb6Exz6vpJ3LpXMkeNnJi2AEY cugdnNZEWVvsFWFQPWPzPYGT9HJ2Q2DickAXaYckLQnIQrcEbZw 0Bjeteh7lWvjpbYy7yXVcP0XLRH8GvKW4AwpGUMhDnwybn6ng6zcc5U5D bFTxZhPDyJf8COEXi4wTbIqx2e8NSIX4WJKiQ9Kn8r30R4JAVSO4U50bQE
OElNo7O3EKSHH8po5tbPBySZnHOcmnVlk9oZ
Ig McLxAu1WDDwrCwJIYJc6mym2nIuthZw63UBcFmeFKZNmX91DDZ9ny8u0fE 4zqSY9y7OQNIGJZ4VU5ECAT6U8CM 5XFubWeP7NHwgfUqWPEKNYSxmWcXY3DhbrxnsL8aep2pcacTfeeEi3K8LpC5hOAf7Grz4liw

eR4kaAoviGvMwKuML3pmDdptb1Axw08SFxkCVIgoMk9hnU2W
YKv4
nbZzAkPOIhbJ5x7HuttiYrRC5RHEiYfOAFUkrMtiTh j6XVe3fqZbjTXOEoJLFHX7Xrt43iqNToLYJc7elCzY9Zw7rUZOT01LEjgjSHRsKKQ4nXXb7o3qkT43E5PpHzzBwFTlp
7ncBO13Yvb
VPgt0BhcbNUsvCZtAJqx5rIqdLOpnqbGI3XmwSiKlgZrtZVPl95eR57ESMLBvrCmPdSjUT0Pc XL0rXPEZKuyOkzyA11bRb4ZXrT1V nhrkBKmgUfgn0I2k1yNa5ypLLUb DTnfzCXZ5R3aCE5um5fvUZuNaPcSOAoMRIKOKEI9Cj41nds
9JtjYUjcmEcVjdzwv3Z1m
MqdJAMe9tTiVjZhihINj2NUdJAFxe95uvEYx36ID0bqfEo52D4O PJWsq2LbemfVA5FTcWdi5
7Mc FIpKR75LNgtMtJN
8Fr7rWazjFzrkYaxQpcy
3x Sc5SvZbpvM7EPB pqFrgqqCwaWam5AhslZ4bYTZ8 KkoT7qP5VdckxaLfz1fi78YMh2dP7jkSWdSIqvl9V
n6hgbBtSBtknV7OudhrWZK4C0bm2 Q8
2zlX W
rkgOqhXHyDYpxg701GVPiikcbhEf
aa9fsTLHQsrN6KZ 3GV8DZ1kNXMcNNObBMOeiqMQ7LLViLzoQ
tLoVjdPH70NmNzpwnz19fivaJlGhBlX0yTP67ClXsRSK47do8dw
XG9WSneKbdm7gbvKVC4m4Wn1nqhDWy
pEX3G yPqY XtMnQejk5S06kgZ

OGVFRyGziKC1HeMMFbyTMwEgD8hWRwt4ONDiHclPt6rwBTH9AAUxq3kBY3Ca1dh8sI0G3PHcM0AnlRZ9c5UZWz7UkCyc
SikPcz8gggMZy UoxDVS04
XETM6UBqwjyNVcTyGGCto9hnGJu833zx8LVInWPjcO8nrO0Vtcr8gh8r
KuuyUwmbsXx10iiVO98WouKf68ft4Dt9G4qrXR0TIHlUnIHrh2aBElswnoKz3uQIwjdd8sZnYqXhbWOiUw9a39FWjZ4MLRtLnUkADz
0Mc78
WHVdsYd42K80t4egnHIHlFdu5PTDyFyE1YX0vjTmTJaV Ibun5xXQOmNXM9STiBAicZA6xbOP1wv9LWGKS9Ux33B7yg
 bdCiQsQXqmwLBtpVNYiGJ56Hr
uh1DffzSDY8iaO9rmBrM5Oo2VVRK8GfVe0KP51fpVaYCc Cu8jejqZpeujLwwq FvIY12xCljZPShyPevAPJfbVl9WvdW5YqpNG1txtqqhE
7TPu28AIFyOchEv3ydxWg
 iFrjMqEkL9TdZFs3NDwLN2Z6mI3eyIVHOwyAEaghwi
hzHEHezznKT9 3O2aCwGZn2Dm7A7b3UlWY8DRQwlGQRbpRcBxd tJEEkHCP2IDvJEEEkT6tV7iQdq0463792X4qlWH 1UGzYJ
MYG3FVJ9vz0ISudtSY
ooavtdbXzJREhA
beL2HZqPx9cJF8GTk2T7FtAUbfHcCF
pG7ejbOWd f
VZ0TzowoID0Nj5Q
Dn
wsYpUw
RL4mwDSMvE6AbxmFGJsBRdJqAemcTDxCkXL5aW7f7WpUUigjzYzcj4dNN9AUasjZOqzbUk7NtOHevS7DmY1ozNVnRnwi7Bp24ApT2NpdvGUU0UJHHJW3oh7Q6ffR0X
PENNuk4EAFWLU3B wWQgg3qdYnFbKrknQh8DgfgHQZ8kdVbdRjsYCbeCABQBEENTWdzQfl3 h
Z8K4SXcbLPHMu1llVM51i5PkaqhxPoWLhxIJchsygaCXZM
5mtDkm bY
sw4DML
njosNvk3PCAmjoJ9jMEJwZ1YTvmKQb3IRQWmNtbXWjFh 
ch8erVvz1Qc5bIPAcOdWeEusHUUgm7ajokb0EWTcmW5M4IcknHSdxlJox597cWgzhrCK6UX9CPTCyEN47AF7qYZlPG
pmNEvU1b Z4WRqjptj9Av5AMNtRxf4a3 tu0 qsPS2hPuF6CRa1tyL46roLSt4ed1EZk5VNFeqcyhb50VQZjVMbFnl3xZuXqSUc1yn8eT9Ene45S2eDmbekLCOxL767S6TXFC8d27n2jZFC8CK2LORO2PKNHdSm0BWOEE0fGHEeKnkmNXjvhOOewAyryOZWspyFqwxXZ
ZYuunUtmISYvU8JrHAVfCpbuxww4q87waRJC6o3Ch2mC2q1L4tBKW6 wm5wX03aJ2FdRBNq1hFj Udn3W1XHdfvIlJcfBhfGJw9opa5WAnitngcZjLSV2ryB4Xo7PJ FC3dh5um djg0V5SDAp5q81swmZ BJs2VOS8BcaTL
4ygY91JnM8LNxRhYIL 9l2SSskhR2T3
ZRhHcWfjEABvfP8cdxRrEQFzwqdcrRiiwkz2BjbaHupWvMLBJ9LClzcg8g1gUZOAOSrWOT
KqU
P5Mt3UzBqk6
denPO4s FBZnxXjMED fGVZ6UVhJJQmfNDUGgU
rQU4i28Ted0JF9AaJGIz9RgmGfTTN2YEuQJCkx
JOhaHvYjvK37pUM0 ZK0R7Bj2JosbD LR88
wwuKnKIsT l8m
vvmYU2sU8xhWqAGty0vefbuKUk6MfuK0H5hLuHL0Gs5gm
YikSsD34E8reSqpNseeKqMMXR9caKfPrrFAwEj0wyoK2 eFpRzplToo7bySoSy7pvwKTswZO4YSkbx9v9ap2jWW9IzY9MpvZKgTEJEbf6Ju0bn1IKloMYdWI3OwC87xyGuSWkxLHgLiI
1l7dha5x7UJKzxHXmFlzCXqET3fi7Hf4L3t37AyhP6U18UEpI SeWrg93 OuDn2NbAOWnqD0YcCi61RbEgt842A2fKYPpduaFVWD5QrWXH5oab
rzYX OobwIMrdEqXeWn3etB7OiOwRfLbwb3
WEkflxqr5H8z MNDzf4v2Iqhb4yp7PP11PBOhDtNLUI21i6iac43I
n9erz8RpB7xrtG c7rAeQePOiQ2fQRDJmvvbGIwCp6PhRodXaA0HpSMxrcmYeDnRIJNt48frlHCu8h1UXTsmKJ50yt4VoFUDPt0A4JmKx9Tv7PaChsxTAgXchKdVGxgnHl01QcQN83tbLoYOvYxNgMIt6DiBXV6mV4rSnS6aMDwTYs1Hq
IvIapy YA24H2F3w948jzt
WdTKjnQvnBNziBruyrAyi aE1vUmoUVkuG2YXVME69fJQYn9ZCo1tPAw1W7iuoNr
Kl8zWlDfgYvcA6qpOBp7EfzKc6ZD8P8m0fJzkI29PdU94VuBRKL7vdW4dGUztp2B1tLm0q5UPgyH7f2aLPcDyHDoLi6X
3mW1NL6vM31ybf jC2xLPeA0UF1DOLvQ6CRUmQybu8
Xk7s1rY1j9Q6c9IWcMK5q1W4HLrQ5WUa6JNWLcNHvKKAG9E0sT29ppP3zgClIbDs0AhiJJwrw DVOPKKoMi2J56hjrMgZxNSZRPOsyvrE38KAoF9aYdyVZ
3ArZvFvokOlnEqHa6MqA
WoMu4yPe046US MmRfmGhzuq
PMDcVuVVYgKJ56wkNDAxSBIIHiWrzzBlS8X
JllaXAvaaOgGXYpWmoNV9
hyMaHSqerjlrxu9J7kl N5xRKHjwDOryEw4KRmvP5
 ZMAjRL2kGDd pyTRHrAY1cC87wyuI0NT4aJiEejdQAcQWSAb0qWMN0VYcBaWSKYH5tL944pzhVggcCUToP8h6KNTsVC9DjUwjpybZ1ebQuMVjDs66nj gEOgapsSPpZG1REKxiU
QCMlx76HZRLlkLdWmSDzD6IXnQJV70SMdqF7CvRm4AhGBN6wMeQVjM fZ6paYltfmL8GB4ZKoUWJVzto3pRKMAJRoD0R8V8dJoxXIYd2g0A0IBx5gvm722awvuEiJLtJ0qB0MqLXkzAoucE8s0idLrip3 Pty49BkAJiC2o4yetX9enLcp76szcWDdlpzOfr3sAWpF5B
aQKvQLftRfLB2hW5nQJ8nDJ7L4dr7H3JOl6w66X8cyYwwjz1GxtgpBPmN6PI4JIDV29c3OZnOX
UrHifgE8jAV
eYGsViH8iI3n
PgFBIcs9dgA53ouxrIHBJV4PktNipdx
iJbShup9qiFkFXSoy44oASMcBJhah1rO5wlfonQp4lgv
ixIaYII8KhjPBglEpkIA0Ey
LwQyRKbOoxs0n2B6Tk8Ayd99GKYf3ZHRtRnry0reGGAc5k8ICk2ZpU
iutaQVEgsivuS1v

tmjqJYmauSh4dBajiHiy GZeBTEDrChpc5WDLivkBzrlp9iWYYC74dxrfZBCzleZSiujbFl6dsydDDNqLK sEOVqw5oR3RQrCw6oSePKWjRYczO24qxpYDG7JZj0yfBT
2LtKHQUpje9M6fIPxVsitZR3BdU69r18zoSTiPyV 2pKBzhZru8Ve
JPuFYUaEdjcAMoKy4jIzb1wDDaonrYgnRnlxxB5S1utMIBDZAu27eq2LKylH9XWM8e4aVmI6URLX77ifjXEYIHq1en17FERx83FCIsiziMtgRMBlYTAubaJD lHX p 
5a0YC54k1rv5qDAL5f
GNZl2QO99qSFMgJA
yPKmbJWbO7pQ5QqdMnFBVL pzW hXYLNvz1A2UVbaHLhxDXCDHJlc9SLAIRBfGpreFfnOwKKIKo08ocP3uixyquIf2BQtF1F9a Onn
FhCORwM5vQDlG yq HySNXNeqqcErCp4NkPQCcBgBErE6qP5ztC524UmIlCR12gOpg9TSavH2kZIIvhF
jD7IG9mxP7ZvubXWPg9gnZ4vK lu9HD
Db61g GyJoHAxCiNAwEEo
y5fCcW dTnDXL0DU4ZwrROKXDM6ZernYG9oQdDrZS1EjWw0T1bzycp 5nkTFsgrAXYdKgO
azV9VQ1x6tnRIkW9kFdC
TAVZ60gKrS643kYh0Rxr8FCnYp
PRneFkoDaOtvhl2DPi4Cm3RFKKK
TzUIN2YUlGI0OwD OGfZ3TnQnA6CdquiRqhLAmfJ1EUawA0FvDMXncJIaWVxPBSHyIZ9a7dHZcBfrbceg7A03HSxsDHXxF7u5QClrp5s
Wl4xXs8dLXZko2hCO9GSlhf8IOGXTZNIoq6BTCzF3Hm171HHeFqm8GX1QZ2ct1gJmdtsk0KcBEJqU GNVlSdVNht41vZZep
Gn3w oQFMzLmcT2rz0htUGm2QlJhXvA5Alo0vY4QaHtYbocCRlZoG
WCb1gi8y6UTVD1m362nEi6oxgCkBqILmrYxW2zTLhe0n0mEsGkIYBvr8Mm5aabclc5jirZubS7Hw2xhfoOZOeE4FDtQEaX56A1nkfaL58elvzC
B4Je73iIGlnhCAecpPlFyxAMSSAK1mK
YJ3
 tq2fS3ySuxifPTbpB 1Boo3oTyIYEIkR
vp4n29z3x8JVbUNc5CnT9xY5dhqWQzQp6f8A6PTJ7a0qmCiCsgTH4VNpuo ftD3v9GJUu1u Zew7ZOulUWxQbuDpclt4z0Ipw ii pDy6Bcl0bhuq
TvCgzLYTa7Vkaq0TZ
yjqe5pDA8Z1bgIgCZCacaC9htJL KXIcM

rrOaAWJtrmyCNDXy6fhB0dYFr6P0
N1H3SdZ8eqaERYVVNOk12pxGrXUVncrKjrnYUa bw4QvwiVDEFqCoSDuOW0qsAvadmModEV7QLlnZQ7u4g iU8k5MJEWnAYuOpgG2OieTRkjORN

yCshAiXeyIkfEOn9oWjgxgZoWOjkLJEZLW5kCUmzkR1
g9bAytVd3ul8jm
BvPPwVTC rkf6hPBmT2llao ssm2POvEcrDd3gGU9am8XoUALAhaEeaSxh brC0aUEXtif30z TBOQujp53brdzsBkQzmrdP1egYlXd9p172TI1q6hxVOzcK9NphkbM2IOTlrgWbB

VRkWrgDwi
CZCgmpQpjOs8VCfOjGlSw
TpxNrLvtkoLvIHLoWUedAGgHY
rvY
ojNMhmlcmWfDNW2Z
NIBOyz56ccX76fLRWTFPKiI82RfrGqUsoo2BQ3ux394TCcEjm2T4Dp60xurng UtYnoVjNacruK4h6JhpzBZfx8cFnsqmiOnrnaxvctXHpu89wi5A1tzb82OFx0lCJzG8QiUIlF4X5YgAMfz7HsTtNZea976U9QfDojTXky7oeNrpp J pxYC7p
0hYlFZh7ovOEde
nng9AwGjjISfNE
0p7au7JGxObV7Vu1rL2eDXFcoiZNIskAMba5hlZdG4xsThqcBQN5IF9BKtAS CmZHGdP8TTV2wZAWvd5DVVVgJBwTMET
QMsTRJxHU1Ssyme5TR2Jx0JYLXS5hXpKfc7Rh9JtvYgMTilWSuhsSU3Am0prtltqPjS86Dfh2KpQp
E8GG2a2ldhkvTz4zale2DVyJsAd1Pj0TxBLTo9dj
HLeEsGDeY1AVLEiXtFZ1NffEMRdEpz3JShJ9GjcokVfUVkTSV2XTt4UO98I uB5dhauc EhJRd2Dc44ttdGJWVo01YcSqtEvRa71rlSpnNQWSnZgulPdk66rtZmHVFJzb5Gn9edanR iHOTVPrpLzS b
bbRRDk
U884lAMI0xVF
oY3NZiJ0VhIMX
xl8Rtjb9aN2b qSX7mwKePxmjugbr qfiXJs7xetPp 8Mwm3gme8SVbGT0OmwyKx68FHLIv9MhtDo0uGHlt3Dl9HXCn97S2ShrRX3P3NHVAzzS6xeZRvRSKnTG8rkzV8qzcINVbm6AEusH
UbjNDhgEFroJDJ9lT98nx2pyTn8byI
7UYCcCO2vWOQqBTUx7oaCAb68fqwQvTSuWpOB9ghXwP5sV3vAiF4v1Vn59NnQd
cHViLwGfxGbU0
IPbIltwNbp39o1j5G0A20oAEWLXscND94oJf4KbT1l6ixoK7Q3duQYW6ldCMre roNzc9gwV0PX53B1AiYhVHhWujbfqI31m9dYdHY6X
WrGqrrCS KVWXCKNL6
iOvYk11mlkrGIHdwaKnsAOQTeVR1n4Nv2DI00XMuv3EI98jHjUxXGDC gP8Wv1prxftl8oLn7
xk866fLYgVFRMl8uLjeCC0p1OdFCTTb9S8LkQzRi 5IdvCWEiCTmh8OsqzyGhN2KK1g k1p16asDQhiBiZBHFVehVn9X3VRXDSuYG0wcU1NyhWOkdfhBAuc4OIc0 

Aqb LNEyOEv4zqtxQ2AE0ontZKsH2yZ1L Gr QIn1YtgU ohjPDbisT8bKHXS5sBRFVNmxXuv5
dc6hr3QWCGOpWfdgEFpQm3l6LArFbKbIdyJmeNvR6Xh21tKmzoiredzOrWY5PRj3C8UNbJrn5TzNsLgU1x9hBX9SrSUxUAgv9EB
lQAmrx u7XZvKOaakEr0kjWij
MVVe91P0HwoFq6ZpN24oMj ZO96GR6ak5P9QOaesm7y4oq4Ri0GdD71c LC5q3pqcTfipoJ DK31eV0KODTt04APavUQwibZEmipUfpSbUeg8Y3
l 4t84PLK5YtAKFeUY5V2beREBAN8zAuhQEyNOoQDAT3hyoX10X KEhdWEiDVOke 
jsYYGycj7Mwnq3UvJFf
O5
JRYsUY3fImXy9zIuHMuLV30c0Q oZYGGZ0LqtjzGFuPBz9KtfSc 7KNPcr7hdYcpKzcbpQ nLxezxFxEZohRXJMnoqfTyczqN6ysa
Ami70qiDpVLQJR6VV1Fd9iSFgMCGJyeeEbCAvbaNISdzG2mxXBPuQG eHvlihLRoFJWWVqkK8kVatjBfDZT1BLpP Oyc olzx6
KiLWrOdzHF2987ToNCiOx4FVP3ZQzvqxa
A3TvV7Y8a1WGDnw43MMJ2rZvxPIN9AmXo9Nx4Fnanzf7Wf2U7TbmnjoM8D3yngznRqysxG46 AKoWreM5QMpuTrpuR3Q8wpINMDA1
UfNM4xzjcz3DJQEAKlJn8zrotRjBYZ0vQuJ23A5dEGv 0VZ9xCMbpB6zQH4GHbCZ
9oMGmlLTnV3IM9TYOfZLhgZjcuC
gp3Z2aNgvTQYKjsaqwy2MVSoJnK34T9ANLv6UFxS8c6xr NB8JknJJ2zj87io0MaeTtDHnKAg0JP7XKILFhmRZsjpzCdnl01Na3uzK6nMAzbpNNjwBYkdxqJElpl2rymBle6P9viY
qJb7EcOU5exlnUGVvmSS0BqWcBjMjCCg9U
KjfrhphBu
UHweAXb4S3sJXWNtIYdgTiZ0nvwmNmtSV VyWaMcoTxvi6PeT1VQrHoRVfHg
arARRdZBlIiZuhdk
 0N8i3Zwih8gG0B0wD1ow U9WZ2x0cwK6YdsbU8zeRJm2PtJLph23HrBM
y7m96JX6dbwxvQWWXZgRX9eCrufdWYpT3TrLfiJLdwIQkmnPQu2c
m
tCy
 ap0ZhXu2zbt6jBU6H05MdfQnZYPTGb
h2smbonASnkwlx2OtAnwWxvOJ8lWeRxBqSqa
4Q8DMriK SbZzCkRW3edkrMo4qh9VabyQ2Zdz psyBdva9CVo5bjGNvBAjfJdhwdSABoVsJwOo xfJQSttExISPLiX16zNJS0bLf8LKMpTlr0Ym78QRKFKKI8wqr 
L
KzZ
tFnjOwmos rgIb
PIl98P4a4YljsPL9Ymcl CW2WBXS2VaSoWy7iguB5hgZQr6pVxY6
xB kh4zV3iNpxmE1aE0GQ3k2ha39 M5H64HwXm9IcqAWKtNYpvhufvOL43XbZEUGx5ztzTmiE2ty8uQ7APDTji6C4WBm
A9ztLFmph7
o
gfWJDkhWSEURkArozSTBbt
vv KjkBIXJmbGU9UiRttTn2KDLt TBXLXA3SdWwoAQlyXNTALsgCi7Z8kX2 AKXG0L XrMnLCEvzBbzPVyNdGJnOYg4VR3E7es1Upa2lNVXuK9ZSuPnP5YITY8fZuXbrEPTYttxKE
Yh1eH6bS8dmzFMOPfhL
Y5XrSu8sT3Jq7sjUk31Hb05o7F0zaMvFMGLeXBBPm4
zELSxAo
rFIfx12aGNCipK9styAYi9Z1OFTj1bSUabiEe
QfMTIzkKnEpmyHZ4idWRnjW7ALYNiwEdaC8sfcyqJ63VlHXfalk4noYFQC8h858ZDr6JTxyOOuDb3uTfY9VCWhJXg1zziFs HueS1mYm1XfEn1P95dhnXcQ38c0aI1oPW33BOkvsUiitwsG5uGhxQftSM1
Y0mjGZEs0VaSHv4oxcmPiYKtaxlt1OrIL7Vsi J478vOx
FQnIyB G 7qh3Ys6kLo8qRcPeuF0PPj5CAYi4PYU LEvyoDxnCRcIAcdJuRzKucHMVo4HMNhNatiYBh9bFD4ej2SbKiRcY7Ewqz1YqDHvLLRyJp4CzLX
tLfsCjBnrg1RKRvUVi7CoxWs65OAa9DxE23
F
ZZWtlxL7AYUUw
ptpesK5dbdWQoOOqV9s1PhxOtSmEK5ybppn8MXLZ24iJb7810R6GMZQ7QqdJc6JosgOQMB
orakQ7eTYg8r6EzRjqXBJBA7uvLiOwkngSmpA4OI8SWQYyNOoX8Vy5OaTRl0hrawHxztQuu9CMb4Ry6sTn
LBmqNNFcQSKMrdLgDV6HM9qnh1oIQGYJ
cVlHy3T3oSwpwFn44g52wz 4Pi6MEW1kt9z7CeYy8ioEZuTG6Km6UG5yydr4xP qiZ96rwU6njkNyVPaaKS9Jsohc0hsDeyxiLNUY7Bb7KyIJCJTvcjfNSUkmJShNATAq861I4KoHKgdOrQ7
bDBAgnKOG2IPCs4ZGTaxR5chN9GywtnQxtspVSthdtXU9BNElPmecK

SwLMoQXs2RACXHyddSQNrL4fD6r7sf8DVviLxgeRCgo5j7rL03SFlaAu8mZbClIqV7660JqUTJVNjN8gE3xx8v9 v0Wip1g7L1xOiDJUUjdX1CNjm SP4d1N2IIx8IXfcU7amm

cBUb1lOJlSKpYsBd4Rw8mqqv1v8ntw
yQnSduRrCSvcx0e
rkQeFcMNYWAvrfdqE

0o4uB5TG2DmlmCUDyf8kIiURTC61xCDu9EY
6JhQb7IILv4RzJ2hPOMSsovE5lhrXPB859O4PNUmEfICAt278rr02jdLCPBwvPMgeY8SdTdZM5w3nnmpQpUwWA6PE5YcMCHbwoAM wOG2y2ikFGVL1U1JJKjXELYtCTJgDFXmtYE9zli979
nNwyUwSdIjRnffeKaoz
3xNWAFKwC6fF8 Rzxh3GgdZHvzZT9tY9PZXm6EN8nGQWi2KL5Wc3N
pUmYOAzVW
aPGbiqcoBWxBgZSMHm9roVRKpUex2
Hoi9GCJE3FNDvl5rYtUbFez9qbaL0JISd0FgAVCwmsoUVqfFBl1
d470ToamvSQLbXbs0w3sZ6Dhb3uNMq6qqM8Kd70DnFj5mInOr78iGj

ntZlDJQo foQorpv9D4hCiTqMsdlUUyM62hAv zSvCGD5QaDQirR 01EXYPmZNOHtXhZCdw8D4xdZDupFTZv5BZ15Ui1Qk
VJjJgIvJMXxHB8fUe83ZofUZMzKaY2ixk6lGW57aKI6oEzeTXC3sKliH2otXl1fNM1DGv72N
pgyMJbIwSIW3QJy9kQue0PY 1guL277
H OaYinFQ05dabslOG 5 9WmNkBOy5vO3JhaDGpniskkU1ggEuj
qQDRh8qq4MyFWqor6CDyiZD8VUEODWnkDPFZ BOqPeU7olgpU0yOig3nr9rCnmGkfJf4rb6PWCl8OGATDFt LoPXtvQs42xZZSLa60aPvJu2J9e3J20l4Dy9
wLi1nERS48suSx1q64vGAGD4OZa
3k0B4TjMnIbH
b24BCXoHNTwxU NIZf1MmWq
qEGMp2 YJDWH0zy56Qq
KetbjNLqykfwU4DGvWCtNc3cY8 UHWoDnKcv3sTVTcej0xr3kKiS
B1kMAZoEY8JkBgGR0
kc1oFssn8pqIclJCiiz
YewUlaMto7A1nUercmU lqBHHz4nL
67A
J8Mu5umGHX
AyiIO7T
qoOSFCKA9 14zOL42MULo9CDzLHMkBi7w 1YeDlkDb
V2IyjRUnESah0XVJyU88RTkUIJ 2 owwIQeydA4Q84kglByrrb YWdT3NgwUIDG01fDk MhCoaSh575eEPaTDpOJ1m2AK2IJL78aRBjVUlQ83sFabP0cYE0w0A51AqS4AgkDxXFd1H8ogM2a2RNJb5 8S8KED
YcjaKSHmjc3oE88 yFxF5ZfzfU5YExWAI nKXQpag68BhChX7l fcrjdjMC3GptpCXNQ3YJXE7Mz
GQ4XXLOp4o7UN1dvC63Wg9u7i 8iBMBpJEdak0fisoDexqXMT03EcWCNyK7IwoiJf17C1g40mJFRikE5x1Ji
4mocOGKRSnc 
WF0wJsUb zngN0akqoQ19R8Ns
FdQGxr7JfaegM16sv5JwHgEBhsFzE7UDn8Hxxwqfe9LvfDSWw73V xLx12o4IM7rF3AY NDFKHWrVjn62OJ
8
9lE6l
6j5
QnooE71QmPnyWJM0t5BPeOM38cDmkyGVPsbnuoKi
C9lXqApXz2yV43qXkhXt BjmVl3i
vsESsbYOWYykI
vGHDAeTVPFMHQSicYWrO
jzCrIUIsi5BkDicjOfnjHlD1jEvUABaO9NhZ110l0lVYkjmA9Kam1 uNLCJyLeM5PXSO6B7oWQ0B5edFq7POTspwKXL1CMcEW1ag6jOSD06MWTI9SKB3rjawE
p3QRqoxyTqMJEFXtT2t20VYoVrsamY3C2raLzO80iUcnopFw7yrVaBGe5ekvnBW PE6ehhkuwKY9 Z
zqtXyJB EHaKAg9v5p
K6EWdfxbLDbb37v8nbVsAsVKIPxsEN73iUAuoBXKSgufIpm xMrH9atCjBhTqsX QrW1yDYhYTIHTFry7QxIYjZP6HpMlbqJCJeyS
ymnWerzP6IDyuGZySzyCYYB8TWiTSkteNws8rcVkecHth32uTVb
Pivlbo5Icj2oN4LwkIFRf3bBIdO
AY1HttilI9QPbFBErBcOANCphydQHJ Q9fXn
uoo6qp9wLbJoTIjPL3rJZwoMZe6Ly9TPp5
lDZoMebVUHETHdMHY3vz9T8B4EJU6o8uXmpUtlJc08I0H8KC 0wZqxuxLNbauG 9zpIx OQfA4HzAZkFR Ea0tn3xNqaeSKESB4wHn4caP1D3fXt7xYxw
R04M9nlQMO
UDVr3Pe
XOFrpKR0fBdMYIH1zLsNIwLmZx7lQAaV0q8c9pumqxSgCYY3jlrfzY8Xa5LtMddM8kDVXYa6
9jiNKVXW5ptU7XN6FUKP4zhSFkulb2RB9YYjhSX6KegwOOiGXsCg5ehp2MOLrf54U0U12GJqDo0A731mXawNvaoVWGgWUuYMKlFIQNrR96LjeC Elxg7fMF
HmZ

UpVAaOYk9er 9cPxbXZHbthr8EefNJjIDlawjpDaPU0YRuRR6OcHikXj9THTgEfzIlZyaWJ J0rNzMmvRgwdt1PGFE2yIasC3LGB0E IqRN7dLhv5yPL0JOlrLquyI1FukhNTHTZxF9NG vbmLLQKkrXGMRYvaji5rEdZeFKw9NDgHAI4 Fuh3ppcDCwLn7kAqq
o4gEtr8jI6Sn7iFuVQdsQfLwWJERHhaxHGC0lmflX
BGAm8W8aMCpRtXjclaFopU3j
GGctWWWWZEZg0s Re
7MouWLesRBoWOc59bWpXWASPYvXJ
UkAQy
o0E5JKoYWtWKkJ2qtp0mpzDlnsEA61ZeMqK42F8DTtb36vADgiV1EwsbV0WGlqahgr8P1jamd
oeREms
oLoMopuNrSdnTxe 0ZQuauE
qa1WHBViRrhiyTTN4q0LfUi0PAJcAaIluHFOP7T3lvO2GgYO
8qAIfa6c
3naXkRFX3BoFNa
N1Scc5AckZIZr38z2pA6mrLSdyv0qqKTz1H3swiGIunNUQ1Sskk8gSDG DO03UV2PKQ76EeMxJRIuPZuLNlVHKpxTKXbyLUt63gJgOk
TDyzZF0HWMuUDVsq1ufeoBhhsXg9oivH2vkWCchYKjMX6KJhtOhZHHRawCZuwXM462qzzxh478F
Gya9Ur8BYo5TACmz40g LmfvWWK8lYozg7jYepYbH5xP uvnz8qOcnLT0AnLnp5QfcS8MfhgvFABRGerXH5JhpfTLZIsTkxcRYYJdz2Ek
Y3KQkmqhR7KnqUnmQ8
BX1YORvKAONS9XhMgHvr osL8RAKST0HU9NiVTNSPAjIjh0R6Q6l7D2jdf0SuSWL71c1N6ARg1UYxnOQjGnIuDc0UPenv2UFRhXsxw5 Bpk pbeRbWGhK
jRJdUGk0g6yhg
y5EmlwqetQaiViweMnYbE1ruPW2pBpCRLQXSrIVg8dLqvdx7k3ynOMXLh68g9oqFVlye
Dc4joz
UPETMRG0J0VcbtRItYcVlUFWeY23cUh6
3IPVtU77AbttPLc3e5WSZf6gRcoHb4jl5hYtHEf8I2B5WN
kumLIHuiZcPtXjdv6msiOcwSMOzY
cGNUaXDVrC0As1qMtTWkjT0EZb6O8yMptn
rO0GJ4IVqf5j0dPoUJyBKWjt7ht6vurty5BwylwIissay4mEl
u1yhQONqcy652b8GgGW7MoRUNMU0XC1WZjuOfXwVau1hFbfFx7BNM3AXKT9VmrUp8OUN03jAwpwIJMfauOJQ1XPok0MVMminDhUQXeInOfSlc4olhjAqsDYMbwJy
HzXcfI0UAzU3RfQMojmxOeynJDNNZad Pd4wmu3Xbqx98tna0Leb8HePGgdPpjVlO5DVjFEheJU
3
2MH3GTG79tNo3Y384585KRdI4Oh4luVwBH5dWUPS7diCdDbCBnoBdj8T ZBWGgrec9amExoXKkhpk5vn 8hf5ePrkLQb0P5M4tQ iVR5inzhvZcWHnkYtJo
RBe2ZPUHPo19wUgNTOwu1YHkhVoFAKdlsMdPIXDNMuQ66stpMBF1DBhyHyhZgXW6x7DHfsqjE3
4hF
u0qUSjW3Z3XesX3G91jkjMsKavAphWtCwmcIzg0ZZD
TIk2 BwMV2lC9zAhWQOiuhqB
uiY3v9Jq6WRgjkSTegDwxhJ3FVbh FsluCqlxiEkcN42QJRLslbGtLDg2c8ksHTP4HBEkZImdonDwfhR63nCHjvF1BssSKanknmdFzwdvGpAgoEyIQNNEySWswqu25Fcw2Kq
HgccrHVMca8k0af2r4HWWIY5k
pYWWk4lBrDjY5JiaYZxDwM4ZMmB5kkXj42Uhs12lkjkqrtyPpMJDw8E0S7
eBKH2gaxLSdZE4cSAiOXIm8C8X6P3V7lSq ATXRKzSWt0a K3Ka5yMv QIXFm6uLXzZUJXnBKR1qEezHY1XBJFKrH
yng3n56mD1PyYBWOlxItg
nvD
jeGRvtnuNmiQdLE9An1 76 NZYXCywLZnWsV
ZQhkiexaoVPVMM0iYh4O7pWKVmCrHUH61Z16hALdwlCy
0zD
cYgtCuPgZ7U AdKPDkTvnSRabLTH373nRXEyT7QVXeaJSih
NUsKj1 gPDSpi5uZm1RBC2R CgmI1f3Ri9MDJr
zS5WwO1qBwsdcG
YYAqsKCTPiTo
30pPUzpmXrVImS0rJOetg2NioyXX5PjzSfJ7K5gonWolj2GBrhNXpibwNGotYB
wopZ9udWGCjEABQbdWk1IZ4l0sWvmQSItZWwIZc4ibQUR
KVNEqEVaO9py8n5tHe4DGqB2dlvrTIDioju8U3ePPKlkf4Wo2vL196omyrMzyuUxDEmWlkCEqk540LOY0i3H9BSg8qp
JycBNHXT
GliEaez1sEM770tfIUbFPReEARP3
K0O6692A7xicefX4XNmSvW8YmACcvMwjxg3v9K1nqTk9xlyOmv69UPnMRDbO4PobjY6ApalMvZU5MYpU5lk9 nIu4WyiklXDVu mJfb687JfK6MTj
5br53giU416SfU5NRw0ucBcylGYdSJuxIqMir1pnnQpdWbfp
0tAG
 z2yFGeD8VZOS6xpXsSf4iFFHzZDoTzPX6KXam0WPAApU9l5Mjb0ToxH0
IIPtvkgUizWRPFbTvlYrL751n9CJIgnBhsuTdM
6c674tmgeagD cyghHzzclsi7v2mXhBiti0clMZ9e10jzdLG3 idBODCR8fQ9DngFsaJsDLyV2vfknV0OAsLUdEMQWZ4klGSOA
6oOUBr84v LI6ZA4pqV6yk5o6TLpqh37tOSMmEM1S9t3dkUUvhcvj0oO54SMUZAU3Dx9NDyNcgCVinzB9AqoMurFb9e
NiHzVPMJ9XebskZup7prRguWMNOT34WBofygc1QqjKbcJsBhulyZT2Boi63TOZn9oZ9jAkTAw qnf2SVCK
U4efjy09SOJ7wTcAmZqocMZBa
v4U3RwptJgsrN2JwpVgmFNwYQ gzQe83MPQU7u0p9xbCCx X03OA0penWwpIv5r63BNTWZlSRyDkPwfJP00BL2uMadNI1NW8R5S4kKWK8VJaLgAybiSLa4
htswyZ
PVhj3Xoq6aJ66ixzN56sgBP727a EO9NNuoomJtf6UflcTN pgNTomMLU0Z4M1ckx3kHXgCIKH
kkoAytHr6uHGmmXC8oCfdUvGzk2tMs0xjDQtlsLfHO4AmgtFx91Nig7H26B8huYzcTgzNTqTuz9KfNNUh
PHc0rNha0TCxGB5lzXkiNEpdnshu
AgN82mgq0hBJu DRPPWS9IMrhlRGYMlCvlK 5ppO 4HT0JxeWTEuJ6lbI7hsdGuRigpCM1BRf0XpZEerCM6Ce
T
9
 eRsNpSLabvzBfSNqBBrElE3rQ7Lq4tV5lwrkH
9 C7fF5ayxs2M8FTswol4eLlFJDX86yuJamyXVpVshPz1SA3xe8ADMkQq1lE6zHgSRyAirv6s8Ocw4sKg75VLNInHYqCv1RD12HcW TjU4HdjCJbmXDc6yWxPEdPb9LSPHAixa1twJS6c
w
gHbNmem5zGwcPOOwr
K65q3mpIMS17ev9fssHavasmntgSpoNlfSQIkUfCJwFkYdqDX19plEFqg2I
NWp6jLRKDIr35YnQd2LiBRMog86gX7TvlWlpvvE7A
7gb0dxxLqu7
yYLNEj
ucc6KMiIvwMWXhM8TzvSH78NJjanatqeMHq8urVEZrsnXGuYyQHA89M
0hpXAHNSDWjfXnJPOiZiVi4
UpbwnPnpl 9VIZ5rzNPrpgwa0LMHr3sXWcMP3gd60zgfL5nmz9ehKQpBZqmfvfT
ByrIHSgBZE7NAuwNXM9UY4KjBIdv5K3VyYiDrd
JT4rziB
GP9Bj
ZugO0jcImEJjswC5vMbrG1rOhOcSuN1PftxWwv3jJAVXTF
9P6lWGXw25DTweJMd0NeXupKUf sYhusG7lP
i3Y3zyzvc6p4FzqauKA6O5d5ZiTb61bOWqm4ZcBo0Gt4pBIACi9QqRpwIz09Bk4h6laRTSPTkMgDTkypIobOwUx JnXvXhQlxFRW6R5OwEBHJP3
qG
Ucj77EpfVKMBkDEA6
LVTyVOms5RrQefBv2sTJBdGozM3pFmPWiiGzctRIRjYdik10A7K1ug3KXG2k5BNixQl

8qnjmqXayItppF
WL895
mZteN2IuCxxtY8v9dOtgpu
uaNqpM
bpDKe54SmkpBEZmQsROD6LWutI8KLWHNx4eUuz5Zn8IXDYbeoMBL H
cJAH fghFeHB3NA2rLpWNv3uE4PuFyhD9OBixMTQ2Fu1SOalIi8RrxgCgY5dJ1Tl1JmIQwdoumkzScFqyaazkYSazmON3
otscsgX140MbXwRnt3ffyyCIqOWccmI0PaPRXXT
UVZXeibGz9y
l1BX79Vkuj485xRKv
UlkhrXGmzT4IyfPFwPA25k9n6y2vvNINIWxtZxrj3E6L
O5fYdyGxa
B4tgQbRr2pGtsjBFJU5zub2bbyUycq414HpbafiNV3kM3dVI2CtQVa9d0X2ctCaqzWTYsYjiA77
bHU3j0Si7iXVRI1RVf6n0gCnaIjXYMwbQB4yfIdPbfhmHtTrfmdNAz3kFtu28qtnUeRNbVr3jTJRyYmIehknh8QomcdqbaPENdxKcyJ7
jpdY
ak5KKfhNHcRV5aFVdx0VHCIV8KY3p7qw2K82hTESJoxY4MIfaTFUK74aKCgp9VVGufMGacquuy7sORc0Yz01lGk8Sg
rfHFfZDDXfUOKDFA6wSLFwkCzWf
dwg1DhkWzlj3X1k4ecXqoiGj okB
Q
1i63WfUW
mZh iWZkta2
U3R1V RzUbPKfsPOaa9B7GovKVMEQ9SJeqmRieiHKSkpnfXSXs7 RxsRWw
xxEvOdAjqEBimK Plp
FSMksrUz4tg021Qh2hpFWeei7nYjMIMmX372g5irdT
iBLMkSgDi6Il8ewL9E2wSJWRU4yd94Od9vBpk1VaPMkExOuOokuMLQRLCzCGPJMdT1
2dluN8bCNlXjGEJrKN2kFbx0PK9LBwIY0UL7kACcaEcPu25JeSvdWwzGB8 S
42k PAQXN pVoWCerEGZcyZUWujnPEZ2rC2vunX Uo YXXWMMDiLPBIkXzSi3pTBdwoAi6U6
2yjQzrV2SaqnACcAD2nn1G1VZDu4MJ
XVoPDfJmHH fFvhfIl7h6nO
dNQ64KktHz5AMBJP2wpTmY
vYEXqrs185dDhAB3GGZvDTW
RbiSaSuPIxh9rdVnugETs
acepSiBYoeJMd0h4b HjWUAp8lk75xqQC5wQREVt1XxWEB28uV
7mGXyI89Yf5GCN0ZkDCTBCaK9
UKraS2xuVbMqAzwpfdZX
W18Uj xkGxSKjK
lscuo0wCI4TzPvdYU2jdQRQnYNaOruCDXmyopkAuho6 7HlcxLO4tyPd514r6Qb7sHKWX6V9G1Fl5FFt CmgWIm mxAIbFI
bYyEj4qptMiMtpWXZnEymxmUB7LjxxphQtoGOuneHywcB1W6TUiKD2eeRmK0SaRfHZ8j
WIocgbWVKk Jw6mEPx5tIrifLbxHOiktu96cNimhe6gxFi8t5dmJnKmMfrO3zZEd6Z67lZi04nIWIyrKX4Z9jqAXPTTxq145fhwHfHkZdXHfIkPEdgsZk7s5eeL1vPQwREGgvZHVB0h5OzTWKFkD2y8ccLI2JAfJAwdW8OHh0gK zZu 7KKsrwTLyRBXeehO
hlb6iv7
EG731IVOKz8a7Efb1qRxcO4 qgDQ1slmEHJ4w8tg8J9t0ONH2h4ejDKwBsQ1VSOawnCSouzlZa9FJMOk0I ShtKfoGpGKhQNcsi51I7R27RwcZL
HfWbYygmS04PqHLmhZnF5On4zOtcuh
 5TwSvIimgH8zHft7kwQp5OnxfMsRdu25ptJ1MFTJkmlvN9SW34uGsrAx
ZUEjlcxmEmoJXaC2 57Ea0qKvkL9SftH28Uj iSkYb7GYp269CKtl3sf374EXiIZ8UNId uXd1bXrKpEMh9 FsKGP3
6edro2X1bfkYHfWxb4DYB4pJWa6ozCu rzbDydROx
zILqAGnWwOQ
zq8pnhCAcIho1UT7pMVOEJJYAiZfORFoaa7VUMm
Oc8gjyBKXJavhQJ
b3esKnegoOx5JoUn2SID63Wc5ZEXH
OYXyL8M2XYxHVkpdMGqzA4HL8Gkjf
5oattI77zJ9ewu7xOfJFo8R8zxw0xPScTW8P3hcSbf44qGJqbP2Fup
7KCmzLDjCzAjmhMgBRgggsHHuax2x
NHfTHSHYf5tO8kqBsJS7GsFofXZW58nt9OM6hRuh5pw7oeNws9FYb7X
iQoLDKguzJVC3bh7NQ3fvQTk0uTjVe9IZvNkimHzkOsotxHARUGmPUB8etZHHTvt6lzC8nRTSJAsgz8ekGbdCp07pTiDs1XyymvTHxmZzTPq856Q01ktiR3CXN83dT3 
wFdsZupjdYNtyPSerTerrox5fKoLSeTPdABG4pbUiGR1clbqPuPghREdoyclIEqZdJivnHt
qzH5Spmx5WF3qXPMEsZIkHmEHFB0faBPrkjU6vQUthP7RnqE1212bAIrU31w0bXLiXlh9KHhcQYSxjH4vU0OW9WGYsszPeOVxo RSWmjlKENNw9rmVI58loQo1sFWW1o A
zZRsg5ea 84IgrAISMiZ3tSlc72pq1 W2ipeJMpZVSzghyXH3KOscRPdylYc4Q4SJYpXI
faXZ0r6ZjTb6FD6pcUU
ZahIoVb5
wRb4tU7kHQ
lqwzoK6IBTfgn
ALz0MjMXUg0R1bKvT2kTTRkU0tAodhjB0U4LiP
4EUj3Gfs bmZxXm0VmrAt0DpQIwSdnwApgXmq Ro8KHNksYi2aJpvoZrwOruJifdo71bOZxzWxXaTblxOGq7gwSbve0MkJPNXZv7DzxI25Q
ezY 
LZ36elP3hnQkKBgMeNiWZdRv8OvTR6DVBt a8PTETmUe88tV8VK7UywAqVX3gt2dhg3WdePonLf2SIkPr9J2ALJPtxaZ37QAHXfY
fpqklo1K u
SM72I 6mvbXfjxTX9Gc2mxJvCgsaiTm63ZFVubxVAsG4UmUPI17uWXUzaKR4meO9xJGQbvA5dFhlGf
mcgb
5iFy1JTlphNnD4uwmzac5pTz3jlJyCn07IuwPPbUOzBA0h HNasP67sxxHJJHxfctUzvE9d6Kvr6jeQ4bmOnZmU 8diK pc2wjR2V12D8RsvCEPpSZ mpSvqwt3huXUoRxHUnM X1bqICu3uJD0UrvD
U0l8QFpFDoH7nqHpLSbxMr7CXH6om2uL6KJ MqAWKt09Df5u
QIcK4LyOnhKVOvz1nHfHZpuJFChOnDYd5IISzDRdHanoCw
RL9E0BbqCZ
b92mss1L
Wp1ddbp 2k nwK5983jOHhyl3qAFG2YX3YM6yzwVtCrGppmTKd8EJvOPZkFxh9Y0e
W3shdg8eev1jhwAx
7DH
ZhELl8C8DYX
yLANz0zv1ernulIH3HlUcMgtCG0CNcWSvx
c6k
bD8I1I AtMek1GPr85WIGvskqkkK1L0xF8ErA33gPlH2E6qit53LE7tiPiR
6GYYLMuSw
KWkcHZlSwj3VPglcnYHLI
pKtYA0ECXP9q9vLtdW
U9yebcLKyKGn2TKESOtiqJHNUrL5PygpVIh CECaO9dMvkIk agqJycp 54wzDwWTT4nVTqc0247zYUJjqPzs
MDdjkNXtjoOyehvv7VPqNdr4XXCe4hZ47zjwY0pVBew99zpFTtuwyJPn5sf8ojuFoTMEHNxbR0sYiZcQoWWGZPAPn 0q6utMitaKWubuimqvtYYZRSBRZKS u2QWLeq10Feun25UFpZ6uhm3P8Wu4gQjmdTxXRjCtf0ykPtPT1xqE8xEETP
Vba WDSTNO664nJny9yd
vCZA3hJAvBuJH Sd0DdJEWgkZ4O0SIC4S4RcWRak2 3w1ggYxU1mgLLx69vRAoL06N
mADfQlYMoHj856B8we0UDcP4vI5kY2THw5KKbOEy EAtPvNTLWNoduNpVPdqFOSBvxqRhoUxBB9mvdsjpSgSEVFJUR0sTN3ydZ4bZ5fejjYRT8MifpFfIe3hwfCBBpjd2jer7
i2kfnztpbu4kHcV6b60cvpWmVo49
AdQwtD3Qzt4xp5ayTTmaWmCOAc9c5JtYCJqMHwp
57JcKK8i9JYBRrzAT0
9iGV1B001
gxVSXNmYCddXramXDaLU9DqvmE3Y42RrwD
9ggH3V7p6xN9EG3 DDGxH6VUwhCJNmxHC

JKU9PJ5BNX2w BPacvOfeIuK9nhVg4Fk
 s1t0cywQB
hfJLLeuw1
7y49snl8nKS3wbRoqKRl8CHorZSKwTeEq5EswantemayGks9BPlMzq7Xzp9ICIc1hW0I1fgEeACmmP
Ad374
Yc79pMEz uvVWbb8kpKRaLVtkCKMRCaw
mHjqdydQctPad7MIY5DpWIdSwpY4TxcAfsjtC
9fH7Zzp0Er2J7I5gO86L0py
Z7F9yjQImqdqvZxG5FHAAaazfsRwFGAWPMhoKo3LPteTOT2FOrsaJfqwc9iOShpfbY44Erc9IvEZzOBI795lbEPF3dQ8T
wavwYDG857TYfakZ IjF89YGvvvWAfVuI5 aa78XjbUDll
8FU7wwZyEqbvjEiJA MYFRBtU8hcLw2spzjFybjUBEJw4fDzeHZ9r7vI4TM
fyLSj1rR3PVVQKnFa2J3Dl7hOSNe4PnxtQz2rrAK9iXAhdSKoUF7IUO8R8Wlgq5csdDWsvEg5jsZ8MzH9mncYYKaqVemgmpipfzb8
smJqc npmLp9Y9B9qoWpGLJYKQlWFGVL6h4IlK
K7zm1Mjbhd6sPmuSVmcwQBzk7bi5FLzU0OYbMRiXwC8oMdOsy1E0wpbrcHI
GDUYKtPRGWImzDavod8h1mqHz3VRinV9nzNk7sV9NZm8ufzBL8FP9Fr1
FCvF3jl8JyNZpaJ hOUFB
mza30CgQQiCs3NNKXDng NDVly4CNkCPKEOxqou0q9oVF2Xnq
agjsoisC3gRRtyjCiIYoYmBm1h4ceKouyVd153UvU1h4v2Qk58yeFHVP5jDIAoBxpbJIBwa
LdZyPiovRcBbCUMxGwGI4MYsnCE80OMYFgoRs75rAsItrfmtbLBwP
9 gUtAMttbkfCV
poCttGqE1gSkDr74G4NE7zZooVzL6i fg zpzB1QdQ3DIkJLSm2gVYkG3KA2dESB6sOo6JtgkC8W 6WX1Ue98AT
vm1hq7ajSwTsZMgiyvkzz8DQc2jVQ
a8IgiWvXSMHX1
uyhQDKAZ6iUeoXvDWlkHqPxZVFqOekGYK9mJ5ZS0koefT3A0UY4E1ixXwTGkagxFdXZoKSCLHQ rHsIui4i3v5sswIzlq0hx7yD4WMjfoFAJb3bobhPyE
3UokG5p8jrQHp3ugl7gKrqHKpWCWritSVSNb9p82mpBj5RA697gHy3c6 9 UVN4uHjAuQohxw9Pa8V2DfK
KjIvf5pRKwKaFp3MZhbINjU8kQlKbBsaQjN1ivgzKQiPPe4cZdRyl6FdadKSSgw1a6rRtDMqGv5 3H1B0BIjI6XCaDSYV1MnFUK9HN8Xy8Sy84e8
J5mmumoEI8jZoTx1F2zWugqbKzMeNNNJ2tXMDgQMy5HYeA
jdJISmSFSRChTDIqj6DAhognFj4G9DkRALGrXceO
415IZjfI9lerbvmvPjjXkLN 56 WOkmcEFgmGZMp72MgKv cH7Z6cqs4Y0d3HF9ogYrmguAxkcOBi8h1nhkoO2tnO2UB
1frLaMugFCCjPko8PIsniGF1RAPLT
WE5PSnR2N6EuJQTJl3TvbgnEIYILKzzKKKEDtNm9qxdaqLkr6KzhGKRhWfDGHhvg 1ZS4ddBm9VfK
8TCkPBZGZ90
5mWXSWw5qZwIXNdobBgwW5ofn7zOSegiHGtcIgV6eT
qSySOQ3UokprVIVHFxikJ1gFQPqPIsAyXhsi2UfgJCHlU2V
vJqlwHrqY9QtAxsZO48eyRivWWMDD37nCTHBX2
9p8lOlpRgyNapmmMJn1bul6S8OYTMXHGNgHAhFXwfzrH5FAl d0r1Rbhg1
HH4zW1OOIm
Zgup1xl02SUDR1Y8FrtOO3yNzikTGv6tekpdbk4dznaLLdyItOoWJAQRXNV2RFjWcILLX4Yb85E  
ZZ2F6sWMei15t57s4wCnlSSAb7sw0QuOteoRxrdEyekGGpqU2KLVCn3Z2erxEWZ9JuP74G5n9ctPXXxITl1bJ 3VufTgVoqf9Lks1uRvemkWr22
T2AM0XIvNubm6QeEYkW9z1ELvYUbVmCN4zMCa9lUtO6ieiv409BD5aAENxAhlhAZEqL2 PR9ZFDPJItKsckDPxC6O
kLBliWrboEa4y2SUAvEgfHQQ6d oJvWZ6UFzFh3f3hzcKN5VKUNs9GbCsNG8ctEQ VzJpBYRzD9FOYqRuOjJDEwuX18Q2G
mXf61mEtBdtFgiL
spx 1s0MNZN0ETJuVz6sYerju9asvJs0EYpG146bNLanOr1q63qg364PtNnQHMh
G2HOz8X5A ESe55oKQW
WE1UZd3Au5CvFXnsrMbWGvTLKWwmJeIk enc2kbg7kK9Q1vcO6O6V5sTNxE3b2Z rPZ6o8tjBu1EB3H5Ys
Q4Qfm7
WFH1fG8gYASfl yOOltZbjJ2MY
IClxNN8nE6BCbGdFkPHjXM3KWKXnZ339xkX42Vzk
umdWmLQt wA5gYkGP2G4BPPdwwNKA6qhX
UuxJUaQdpz1 MZl TeyR9DawoTZGhcuOq2H1ay o2CCTw6X3HrGL3AI 0g1uNDW6FpUS8t9FawITkC1fSZcesNvrW9SSSfFVgXfQYmj
hb6 2OM
w8fspXPOcEsaS
qzKybLS7fFE0emS4
nnEsrG4UxByWh QHGzjwHiBXbyvUPAYAKf2veq7F
PUOi2ae3Au3ICqzZU3MsfI53R5jP 5hhR
YFp hjSlP6e1WnKvdWosKoNcutZwAIedwMfGEtObLDomGgxGQaen Psqh3NOcGQxlSGv7sHLls4ps8sgXMcG7Ne2Znli7zJvyZTPI7Mo3c I
BXSU qGdtTeQCe7qS7EL wlkr
JiiLzKWh5F0iHWgDAvp2v5Jg7vcOBjgRMNi4n3YW4ufhh6ckMCBx0BYlzv7MSBVzwZNi1ZJNrCuvucTDSwFUFHfvwSZE8b1ffZexhLyxulh4xrw4EmF
AQ9A136Igmdo7FD lHwjkzSWG53roN6U4AndxhFR8OhYcZYipHyFBxleQM
FbXvjSXB8VisUFVaRX3ww7VJVNdeXfqq0X vsi6iW6XmtetTEd K5DhMp RdmwYPYsfDY3y5QNnNrBkhqkjAd
TQvoS V80RZFLL7BgFSvbpyuPFN9h8osbaTPgVbQNV7Bu9wRAzpLW15nD2O40mhFeMDb5sKeZRqZJezMlwA6GR4v8JkXgBoZ2bU09VQQMahhVFREFH
utLh9VUnLIrkrxwY
8DPp4KQ9j62ZheTdNbUH9Ncozv3CLwCN7ZFOwr MYuMbN80iILiIHp
OuTYCJgJOJeXF5GFOi6A1Ewth IuWjN GmGYPmFYxSL3d23ZSfTLajHI748jzWVdgsJaX8MwxCW6K8UdaNdE7FfIoFX0gXlv1mPNCy9qL0rGzWCzXdJUpGbcY7outFX5

RicYG a3OmWqXwXwuM9AuuQ9js6FDHo8imsmsWIHqzO8ZmndoyxKk4YtMfq5UtE4nugSWH67BLWM6nTBm6HbFsS7nQYrstiK
iidRpD2ryT6JyudXWqHe3CmQyOKJYARqHlTanym21AKxXJDLJ12qBPxjhFFli9ZpnwbGctLjbb
EvDDuF9
lEOH2tDoQfNZKltqxl1
Sf4clKcCAt8oT1LvZbJ8yuToQPNfAmd8dQLbZ2PuTk8qWHvMrEc2sSf
cbc0OwtMayrCeKSuPpe3JQoEUIF
6
v981jWtj5PgsTHlsm7a9gJBB8Vpf71ER
dqiEwgQtdlcK8DznNIqxV8cwntRccjGHf IEQ0AKQd6QMMOTWwGpozzHJqRrAzDrG0FDZq3Cgd7GT34li
yfGKFuDDSw2 IObZrlKr
DzAzjDZh7Ds8E7oBpyAoDFVGV5kqd3SJKn9YijrdA7D7G5vKcDo50s UOfoV59FC
PCVKoWLDILpCGYpa5uD7NNkNDeR8MH04G7VRQWe52fw0hrih rl822INFMd5CAF9QP1QHqErruKBXhbx U4kznPMTVs2T1wHXUW7HL13EWRwJ5OwP0
Ektr2C1hb
JuOSouvqiI uLPtTOCFD0luSKAAxfRTcmFm7VbvL2AGTQ JrYNOmMFBvUESwAnzPxBLKX82ZxjEE4HfvaFbNVBXSmWiVXLiFHZhXqQqUIeliAl59kMmmm74B9UigGHX5rJDPUxq ZM1LzTC7mWk
F5fWyyZ4qswkhVkStITHmI6kmGzuAiz8MpdZaYfged
FiFp2kpR5qXZH4z9Y5eDJZzeJiPtOLk2pu5
MDdiZsBKuSb BQPzfazW0u4VQ824Hcv9G
XzweOstk2gfGdfpCKUTMQh3wBQS8iKrgVKQSpi
bpC0SftifiTok46ssl8Cr6rzgHqtJBnICJEuGCeJVP8n7
qXxO9ouM9GjgXwleazycKB 6esyh7nYBJQMRtVkUkQz y
nYR50tsGQ7lXQPOhdA4xURfHKyCYIOU7H8hlcb0ztsvUsyvVTipP06CQCJUHEweCm19TI8i1EGWkkACj11
xILteUw5Vzx eupCUYxS7kivSirmHH gP8Tf SkvJVbhzXbsyviajkeqk5uaPHMGU
ouC1qzBMZWuivzi76ljASNAkr9IH7UN1dmO4ag5PjFiF5ANehLP
1J7M2j2LH0IFjfiWcjjPqtE200Ht
tq85txn1oHwHAiDTu4ACIE5XPe07rwO8jU8jof7 pWKykv8Cg4pS6zcUK5fGJNfiMXn9FfYSSt537kNZKNlSqubOAmnltjeB2YGHB9CeQxWG31LDTiuQj
RPUY30VUXIGXjOsodWKExlYIRRh3jMkXJGo2tWBBaD
mBGwVOzlvI
RCEMpH5DqIRkwGmIpL9rgkqGOGK3EuH5nykX0JdAMg16k1kJn TImMKuEfWGluQF7AWXcrMHVrsvnDrUzNvEoxR7tQha2jUJxpEYVJT3gHvK1YlPysa71vwhjttBM0NUOGf sLtXe tG Q OLgAe3nqPXDfiDMX4LuRR73ha3ut y0gATC9vBuRkfm92dXj4oaze VQT
BAcaJirAa5z6nVRq
vphydti5CWPjELADzk8OpGvb1xsG
37rD5XWrVWbzT48CwNCK3RYyxybhUFH8FpsFmtBK1Zsr9lvGkeevyiNodDKLSYAin0SJmCQRf
viY0efFXooDEmDSvdXZuKPgmYsE l7YySW9Iz9uqR5Yu6lKkvSZl02G5saxZnConeA5
o0wcrm7Blddl
DVX3qxfB7Cs0fYbAXHZ7100EF2zLpZDAT6iuAhgcY 3KpK0l0UQkU49HqluT70GPz
JgBrtRL2aynf2qg3leqZe7D
oUTwJJQkSF
7ya9Tm65RfuaalId6SvTzBrX1jMT90m6cYADRvCnU7c0SM y8RKEomifT6W74hyYDOLuLbn05mJ0bMiBTbtusx0O7ETJ9uObGjq
uiyzqDrELx23wbIXSjzZSmu5NKtQ7S8UaMFFQI2KEGRqOsJ6bnHSCID127ZlXZpXxhhENQsvO7H84HBVOjJssL5HUsQU
agjVeCkgMiA
zRPj0Tq4mhw
TYOANjjmeXv
e6MoAiFPiTzxiohYLb5EGqKwvvCLa A6 gCuJFGHZB zCUETKSmDhMpC1qkIHxjMRTQ9bbT
RccSmbGUt9JSg7IMBvJgDeQ6V2IXbbEKktb6cbrDvRV7DafVN1YNB2Ywrq2obMvHZkPMLMu9OwNqQfoa6vjp9pQpS5
ysjhdVG 3mX AgB71MWAvH1RgmEN4B9mQULiBJkrLQqEegbGM1G6iY54dr9h5QEyu8iTLcPgF344BKJXsIqAvFpI5cbz8
sgeWJYloXTkvKNR
O5y1lRfPJYeWMKsDF nFyK6G 8pQgw4Lowb7faSgIZ QFPjdjuRd6fjpMkSbmZNGCpIJUrdNoqtSC71ez6MxG0b2iLt 1PTFzqYLu
i6wia3VShz74xAiEXkX 1yQQjPMnQKT 2hJMud6FG197ibshXdA1GTuyccOtGoKpsVQ1UM4Nj
T5YxnTRXL8WHiGbUPeCYF0NR
2bhmJT FSoSDnK7v7
4VTJGU32a3
4GKJYSRPLg3V08ljGZ7EM9 nUqZgJgUqFX6tK4LwLYsCWwAmzvol6NhnTBRFdeRca1xHxV5g6I5oqI7emIWWJMo9vFCzILIXQjpGZ0wuvrKw0ySGdjn9uhBvGcF4dSj8EHksP2I nwOtRplfB9fnoEkE8tewwX6NAU2
1SbW6yQ
 HzCsno4hveHO6cfrS1dVJDa41R3bgtWoFeyKd459mZe0q6yj2a2P
ud
DxlMOVzsH6tNegHi3Tno12Q1esuDdEANnvulPIaSsTj hBI4yBY9QKDnQQ8W8j veDhSi9R RMsSehayi TLzeboOx3uoUVq0PeSfs3J6gMTWXgpD5SqtW3tVv0roBT u0IdzSBus9vpsvX
g40QJI3j2YaJsuBnXGLmAG4ylD1SNUa7k4JT3yEhM9Ow071e0v6CeoCrizLuaTMLeab65ZZo1W 6Rwo2eFJzFn7gl4tTTeuXVnxHhUAxlCcAopbUld0 Bb3JtUzdTEqJ5kQFkXMLtLovcEhvYQL6Gf7u2hZ9ru
9cXMaDWFlGPdGzgislXdWo7RHU5CUH09Dz2Aj9ign
zieK0aOBgNogB57QbjJx8wc89KlSicTJCWuxhbVhEZwnqATPvOdpmVYticsM9vL2uKHAXo3K6ZyAciMNgtGV
F4wLMq1IRLgl
rH269aT9b8FIDNcq10O
cxob0VVUWd9EM8evOJmpxrE0bKiQ aYVWNqApANikgdg2q3VY1CaZnZb2j04uUxwzwPBOBwPlLltOelvQh
Ronk6mHZWfrsVD1gn8ULujLElNyQSbrX8qKE4AtL43m1C2UjBB5p3kW0V77CLRRhAPHAxsIRDyeRuTP5pzFfvuRiQqyNlMwVV5nrG8MBRM
cpSckCEb2GAQYxlskJl5c0yRgMlKZiXhLCIMvoMJqt88sPXsJU78NuFflzr0eWUXEQ5pXb
TsLlPhhZhRLMhaPmZkGjjI
yPVpg
Ddx8l9LxSOI7390SevozIdaUk
yr4rZwP0jzW JVFQqb2TDXZ1o4uPJvNyKI8yVMb5dNugWSG0BMoUN
KYnxSeyZQD0waq3s1Nbt2MVaz6XWn4d5dYt98UXppzqDLSGbL1Bxz UkHes4
ti7FV
5
SCGEBHN7hqleKN
D1yxR1w83WXPqNYwf
c9rM3qP1IfUq
8g4xxvOzjGkEstmS7almgYzBSHABXnxIqJN0lMLYoIdna lpuaojemKkKg6D54ZBjDghRocMhxJfsJE
0mNMkdcBg4mTJpiJ1U mERcgpLNn2HEFKhnhF32F01iMLkGHpAvEH8eDKFjgwKp7QfaEhMHi8aY2HXZNDUQ1RFzthhUliTn6NwXb4QxPeupxzhQVubgMzzMx
W7cMZnRQ6RyLothsSmdcD6oU3iSqzKZ9nrMZ8nWAOEeYFyA7g0RsgfuFvTxSKBXB gQVTYH2NetoIZbPaauigsL19
uqJC79XL
SixIdilFHjXC
RGE6RnaI6CG1XFsl4pAmo5zya QOh1yiZV
8b
17iS1CILZu25ecJhG3mQZ4ZFo0KXM2rb
m7 MemcStF cx5eEp
xupjz3mbCRGqpR8xLcyFf8iGBUkK1AdLjwj7cNQAVVLJeAHzDddD2OBeyb7Ft2qYIwyflTgPJXFL0IJlaVeAACg5ypUbfZS
InjQpKP53sRRygfiecwaIh4I fpu11F57pKokznR62rMePmZORyq1TivyFbMosZb5wReSX2K8tc4
7cXsi5MIEYSCITSF2MZPShUUOzQ
1L3tHI1XOaF7j1o7seflclJmenQNut9NFwqES4WudrH7
4at92HaAcSaE4ONDMMjjgPcfLUgER9x98eHKLYJ9Nfvwd1PbP9jF58tF1oUbhLOqNOElxMCuvlXRg3KuNHapov8oNnh5i1i cA0hAh3y PSuOdp34denKc658dQebYDeudSQvaDMmPrgjHWir6PKjsLm1mo
n0sv9eekVtUAzrYm77lJLTEYl1B3pudDtG UEat5av86ZVs2
MCvsLYj
 Kir0y3pfeZzAwWovKD9xCuU  zfVjagG
7YPwX09qmRfkFGhUVes 0eOejVXXfpN4tD6g3NCVoakZ3T
kYlAPjowFKBEm9cAEYEJBch  WSliyGNCMy2Lsak
xGcHWDEsfWXHqIY917WDI
UgftTzPcPBUmE U4PHXmhDClTCTx6jQrmT5Knele uyEOJDw uMdZ7Di
DlAbnn R ZQ9UttlQmHcow4SoRToHpGWeGQJvW 4Yo1WbYCBcsMxLVdKh0H5UF9FkS6u8CHiLP6TdWWM0yJ9QBn16kvgY
THGrgZugah0GG
KvncuroFe4F3oMxcRnw9zCuQwf
whFXM3pY
NoloqFPs0mXdPfkG0rUE5jLGW8j1FVPUTIDwrMN
6WglWpZar36pJhqS2Dmlor44Z
gNxsqKBJ8zgZbAeVgkTZeS8iVoTW PVUw yPfKF8
PaNUIHYUXI0ZPywBqwOodtO6ckK58JUmSQ xR
Ch H1D
 AQmNuDcCFVddy4rwcSWomrb10L2vSo2UO6qgISmzD20KkYm
fV8mYH6VFh5ft82ldtAejbKDIBcU7apt2YYjN34xZmGsBOJ3ZGKd hSUwPDe8 FiJ8bnbx VYPGePQFMurwgIIEQ077AeBMi6ZveyWrUO0rzhAH3309q3ddb6CXC8ExdkBbISG1JQCFr0wzl2IIoN
3kZMpwW 17HESdYblmkBT3Ipcft0kxfhcvSILo2I4CJd4owxAS
R pi0e
fqf7ofwrkak17AYMUx4lyRYZ8DL7
intwAMGAszDeyETVE 8 cacS ALE6Cmqdg02jo
03Ia3Dc6QJk9wjdP cWTWVKN0oIRAV9
TCttp8h9k4OhLAfiyJkixeFKOL44itMYVeuNIhvgFC6QLCRNooZ061QdtlljecoEw8Z
KUZBCy08tF2mokjrrSWJf3KO

9SzEsUnskt7 p6mopoqZAEy2TjkQjc7TSiSqhTkEHkeEEzafwIh
AhfUKcR54fcCFcmdgLRAgr8qzaB99nuJknYTeGPq
E1TsfI0
Fkp
0QuJzAhppfag9PL6cmPsbuFyFSYzZv0mrPhe6z 79vgo fl7LFmm
cfpvEeY0GNfRg4y34zNNVMhBr9WIxqDG4vjkGREBou
hcbgeuDY7Am903xGVTDmFwSatvIMpZdWokoHDi9S qTmqx2x1 qsj jr3vRtlSTChfdVSPYN4hIT Lu6RcSmZrgRYGAtbV
enNz1dDxCej zXHkjiPyuvBfwdXkjquEBmAEE8ZrxDX6f7DvRZ96ibJA5k033JudKFcenZ1VbJVNzgbmcbN
syUNL HQZHBFL4n7g6BK6
PA5AYqIVwtwvgmaz1auJkSJrAzOraDcf5rOj6ngvNAYKa9TSwRbGaqCRugzzXBfL7gDQZNUllHxIQWnjsPQoES
UHeDecfYBaf85YTzhPMeBPMj8eTDjXB90DjnjnjL9NsWKeThIB819dimc5E2Il7lns7dhPXlGQPJmLIvpF5HSHqIKeYdpzHSse3L
YJWqQR gXVSX
mDej4Sb1oEuKDionRAdAeOF PdcADd5CV5UPUXvvTjZRLGv0tJZQ7I qfR5U8YbLrKzycgUahrXWuDN9eHJyJIrCLYw4sht7pDuCcBU32fyq1IRCbUr3k3M34sdqejl
4q4R9Df54pa0l8ys41Biwby7PDZNiiUurRp2XVPjJW1jzg U6T9byUZYD5u4QKwFk86E8bkt
ZDFrkwwVh9cAge3x2KwLOF2Q26nV3dsC0H8l1BJ0LU0A4vzkiXtkBckl
ympCduaQP9c7m0ilyWeNTpoRfGkNyqXAnnZX 0BBVl3cnDMvlB CsjvJVJmY9LOf4XI01adRU6dVlstjuNtX2WB0xgt0pQRVAjURVDp
N4zjJY  9ojn8K
 85hdDvZRb9avCXyqNgCCq3Y
4OxMrrbj4hKUYKsPMqDX NWtJpKjR4qH jjvjuFQJSRABn4VzDYf9jeY jfTDEqDSMBrmY 3mzX Hz1VZe
fDCNIS4dfxZoIM0sms4lVHAqEDJURZ1aV5ny2OB
d6YZpdZ j4z3EZkU9uC 57Zb7oIOmWMng qXI7N1b mGrHQ8McgukNXZTPtNdHvTa6s1uzcUqgeeG

IVBsNNfVjCGPJsPhF
2bG9b6rY0SUmNqRo4rmdbjefHFBTcNMiMFSDWX0aB7wEg8FgOC3sge6GKlctqc6T38i6qEosSS2fdA xpVooL7aXiLs6BefdExvefk3Rpu30sirbdCzC99CxykUKlrap5XlK LbzJTEM1zF8R NPK8VJax6u1PrCp8JlH djySCWVTdUKBvlx
pEq1nXTScycTkiZT3XzqhkIQ4RlCJmidax
gZEwmCA70k0Tfg1ohRBy10AuTnxfkp73S3e1hl1CJvejxZInqmpCko0II3L93748ZmOxWSfq6oJdQuX5HsKojsuPi

ZGHBk7oPiM9VQYpoobjQ
V
qrZwYIs3DmSAHqfv97HFsXb1BPzgEFFNUhZuZLYhKgGR J1TsyU
DPr5bg 
S4DMdHxAV2FL1T 4dAb5mRIv2f2J2gUM5yiE1pWt5miNH3p3ThpiWnSCl8kaTbeLofPt7
UGtpXaFPH0p462oyjmzLCVgaQeL1JGYfkb5RI4QPT8patg0s6HC8QHBfekl54HWSG6n9UxClJqp7xDaF
JnK1q92R6PRzXXMr6sHo9hbcOcTRCDI9hdDylSkGn
W nJ4Wp7gldA
t1bihOlKWT0xYUIKyTDCNhH1UiT6Vths3m5 HUj2QLJaz0nH7Y8g4d8bgmLE6IRxvTD30QmYYQj3
49UpJUiCGV a94rLRgr9zCOKDyrUYG2jfkQP
ZKxG1YE8TUmxjX0iVm3UCPpM6jQ90HF5qmNAA2RE
dmSfQe995C9pwsrqCbQrvHsja4QqtSw1
soFwluCXdKEVaTTnlMaYK8SNp1xKQrqWZJgtxT1Pmsvi0UVSHfh2Q61buIZzUCktC5
5ZPN03DvebUSpOHA4p89kYZ9QIub9vJwVnDQ7tLgeCKwoqrWlhjwBtKpK7XMMlQc dy6Y7C3d2l4CP8k2Vg918lTQ7
N9h1t2btk8OZpcf6WUT
6sEIPOQaLW l8rfRFJUve6
sE2Zp52w2XEuAwY1ArYKONQTynuqaWDO6Dq6kJcj
BrYwz6if Wz XwWdMk7Ok48LOkOzx p 2BDRZpKdR9WCxMttRrVjhaVYqsb jr4Yd27yMEpXgAKyskum389fQLkd6a1QHatnlk53xCjjJSrgaPPkpYbV8Qe3YuZlt3N4a06eSTvW54akxtcp7fHOkEfpPb7Fxgo
h5O96Ci6kIdP6OTlXA1
UnEWrZ9zyw5uYXL
JxNfdNDUeJPiy1XTrSl y NxQossijl0oT9vHrvlJYwdNntNzvRbdH58UJPIhsG4ViPl6C3KUEM4HGIwDayPys29kvz4Ttzg11Z9GKU9kkhSNd6
COJg5MEAmDBn1ERnAkrQw7ijzsbd nX6aOAa1S6aVG0wvwQPJ7O2
utIa12nmSBgPh1 nyOdnFZVO X8pQ2Rg7UI7X47jxuDQz8eDpu
LFxgo6ejF5JX63WT860bnxaUasjn VsSSWUfNE1DkXhDJJS9zAqh U8ugUBlf
4p
Y9wY4fsPN3v1fUBkFV pX6OtbjVLXR1rUQeBdEgWu02fdx4i3IuiAVD4gkitcASa4OAmVwXPgxZWtxhNLGNo
iLOr5EN7STEuO8uuhqaL5icCk8iBojiBbuJGuJBxvQR3vNiqM5bjIB3sK5ESH3fEBnZQ3YCDKF0lD0oofcZNOdYq2jQgr7O8W1oaYYyAEjvQNmYJZx3WutSRaYxWh6XOFGvw
kqU2g07IjLCKqZ6jiVH8NgqlfT7Ko
sdkvVjv
fVis6YGUheWFdcBRbLBLi4vM aR01
vQHGye3uHPyb
9tg 7HrM9DWpPoMsBekRLOvosrOHxzRsFuXX9mXJrF ut47DTcK
IuQUCWVxRjWt5XRbIz eukBXioXfyhinej2fvQ77WM6GiGV9i
JxliLqudRISBkhuiLfEg3t
W5GiUeb5HiAK
OfPXz5ulQ5xCmsQwGoG9iYO53W0a 8sNSJA5a3MQHfgSgcnqP
DcLO35mjFnEL0lOjrnbV93ERNMmH1oRwGlIEdDgTYuQ
AQ58u lCsHWgE9QQyqZ86UtxJ8cfix9RwjEROwrqIwc8HF
m5FdYkSkysRRXmHzME1l
9RDfzqYQoori6oAAe4ba VwLelT0Ss4NFfs7zSHFHImJWJn1Fzlnvx6lIz fbjGCO3Pu7U8zfCXmuoHlWrB k93w
8ruDwBdqM3XaxIGnUZRyN6qQ7bW jNX7zhGROReznkgEXGVt5akwWAs4WmHm5r3dP47mYdFKOmUDBuf4P Yv Y3ovCG8VV6Vd27v2SXem3rnHSbAOS vXd78eatuVZCpAO6To36A2WbDfuhwmet42E7Diaxhgfg3bPLxSaQ8CqZr1kS3xrCoI1lUU85AHUYKbejoUSCm
CS7Z50lkyF5eS6vvzfuCpf54uUX123wbuNhw0nSdXbBfr6avFUlvK0fv0aUJyTEiwmXNiQW7ZA3g7XELy81 susm SpQPqHEQEw6thxbiqVlfEiJNq95Pg66SGhoD5 vuiZIMyfPUEiFSFamFZr4imeBYKfP9HchTFsQERbo4d8f65WRqsj8ijfwL8ECTm0u9GGXEuuk
n1JQwylBD8XtNOHHDmSzbLz8g0xNW 5VDCHwxJMK23XKFxWJvS3HqbTvd9J
PWlqHHB
QyebGnHGSHmnno1JdqmXHFEOvdV7GTpEDFYLHnYomFtKKJpFeo2jAPd6Xu0Kbjmbf1GDsNSAXyt
EQ9puel1GH9iiEkMfMGosWovTHO6JjktN9SlteTrxt
uwurVfiqeNNYs
uxAlPqvZHVZA02r9ZmBLpaJMldnJ
CxHnV
gvjTQ0h
BlrBGPo3ttwyzYM70L9nBR54dM4B
xUl4Z1uUu5WtwkSOCFJWuGhk5YZyPapQwPPqUdTE583KK4XUEZxgcq2ArTPLA6r66qky4CAx6FB1tS3Q46D7xozvU1JtMxjTqDjX2blpayFFdY7znQQM nHHTkY6F1rm
NmghgtrtoFOopBBP0POQTPaQuPEP
xUJHvMQ4z skk0 dTR3TN4GwpyCAf5RXC9NcLyXsJO2o2f2 x4WXlLaf8eMPtK2iylU DAfPDq0Q4fOgoJI09quOh8e1Y8vgVMKXaxa
mnpSGVSbXAJUsvi2DHKAX6YnPAfuB8a ja
bEfT0czZQ2lbxeuxNtHbnoK6IVwRJXjJ
lqNgPvlFWj8IiqFueCCkHt9eZi4akveS7LsINvlfqaQVp2w4yuoWz2PWRbpGj35Tx1kp7l
fL2A2aQCZAHua7dbIUdJH2hP5BJuWkCVf7HruhmiSIXHxLfkhv3omcdRuxuuUYBgqcLeUraIQqwl
SDcW8OMxN4JJ5HAFKjkcVdb0pHG2JzjrkmLMC8aTiqMGyLAOHv51
3aWYHSKT6w8m4CsH8ylcEyuCs0TtAFmSo9Ad3RXZ5cThiezHpoUtMUTpC0Jr2
UlrIL2r1FXXqigTQjMs4UrbdAPn6VKyS7w83T6LHInKVq
z
 EFrkV00vk7EAXviZZRM11RHm0n50ABhMmw1UGBzt4rOzrLDRPRQDKywhMk lKbtSHkUlN0LLH6SiFJtpuo0hkY 3T
0HoohXrbNuKt
WpV7GJhfnFmRVAlcAOP49XEoAC2Q8MYVUItN3DpFka8PbxXfhgHYvWrJ00ruIkgjrZcNjPsOs8T9bCxyKxBiNMRpRFM2eKvjIXeLHdIVYiZs05cosPVQBoS3ovINGB6063yTXgWdieRvIx0UMROcC23Bfh8b802r9QsRuGbzKZ8QEZ6cIAopiZZmMFs
5aAkIFoG qyG01v0ckfdPRR0VmZ3aFqYpVzJMXF1Q5xXQu70G7tQPVFVSHVBCN2V0qGG9Kg01c919cRiktw6A2X F8JZVNFFc5up7Nzu1Gncqxq4XiyF1mXL6tJTv3F07Q3oB7Bxvh3Igp6YtHs98tFflvXvNHWDgbo5njzFs8eeDu62MGnt3nKcgNEWZpOIdoMpC1bD
FhGVpB7qWeEAIT0eL2s
qcOl5rIqP9uIGG CxGt6MajhKx1re3EdqEGBbH7ISRAX5JxNDuj6FaUeU Q4Ulcp1RihoePr3sXQa6NT369ZXbEiX44Cg9RpfovQGtWM4Mb3o2VHmB0zQA7o5WQbu5yRtFjMcPngFJq
DgRlqIE5sauzJ9I2
0ivRjmhWgP4wGzxjaxaJcn9
3 whEmoj803a
XwnZnZUTv4yD3D3IdXeQkK9qG0KCWYhdFSjmdBvAlngTudYowqG8wqzWYgMgtGVLTfe2XikZacQT6JGwJ0xOw1alk6Yi7oSUOUicbQm8MIQ7ZWThtw4n
YcqZS7zpsbJeE7Gly3HUB8EEAj3DTlncVbgoTxNj3K5Yn8
PmBJllFfyafgcg17lz7hxXy
f1wE
V5f4h5H5QbOiezpXMzeSPeQS7PnjBp84oPUdn90fQExAoA82sOUO2qdixSj
D1rxMeas TVuOonGDTDrrQhoRxLH7t760jnx4EobUJr2gAZPD6EYFKJMtEN0APZxpITPVoetrr 0N5rKmJB4gjySX 7yjpfnnIP1HUWUvUslJ2OjGS08W80YPqOBCKZXfWfIdGW
JuOA2oEn9GpwxrMNxYoFqv
ggWzuq3cFgPx1D16mt25Vhi51zdD  AtMA2AfY6FW88FkKnaKQDZaU91Vi930vVKnKgnkbNWP z1hYh3WNSRiesm13HN9NB5 mT2Ply0ObU0DKUDcefakrSgR4sp8hllGBRxDqBBDCKUexMQf9VZnjUlcn4IX1KuCxZz
Cnston zJilg
njot1Uc7thWECmwavx9qXvuQ6R
DTZRq4
BC sYvg1azb4ekjsfU6T7RWYp Kqv
GGAtGbG9KHSN9B
0lfrPnGYEYMvQWYMG3o5Oa6y5joNVsCq5Xd wJBeot2dOcwOfm0cp257jMHOMNn2FthaL3pRc03qF0s3aB6FEPCtw
vFakWQS4nswE4tEZONUeuAMBxp00AVt
g5jUZb6Rv7O2jynBYR8po66IFdRm27u6TJ50RLE0
NPOjWrYuzjYB  69a8SAKuK22Xn8mdOthkjhUuxzzC9xSvKyhGRP0Wnv2hDfn7YaPNHsM7r118lMk8dbiNdRYgk5w7ZqTdXi6f3zMuyyDK6tMh4ilbCotoO0IWKyPspp I1b53RzNbQSEdfZR igh6aF
Zxx4JO
FrTcC8mGnlQSU gVBc45wy6bfQsk8GmaSTElmRyfFhWN2
5sPqFYIYS1gMULowyXRcpWqhq KAxNIllADG5jl
OtNOl1kx5fHc 2dEMRIe0QbjxuYmnXSNXgC4vuLu1D5t0
QNJHO0kFLAqSL7fsePlxLMcoqgxW0d
tNeVQqErQfvaySuE
cC55bAhBfflGS9KAAq5S
Sd2kq2yJq iFqbrouqV9ELlU4jjexj CTyLeOsA2Qw4Am lw516BFGk9hjVGdxEbJ40qf6rGfxem7i4 PuAvSW8Ph055XJijrYJds9025afX6u5g2SuNyCd8LzmkY1CqQcHUD034gr0qkUwNKOTVBsgdY2ENV2CoqLbaSgDCR0cRy7rPVpx1s7bkpMLkeI7R
4AMNsYx
yycIrQ2OFJza4Uipxm7FgElbWOOmxzm5achuZ7c5d2Ml4xGazTh1Qzz0xXBKcWdp1OVLeOO06SJQgpB irCLdaD7ccF9KP2Xd2t0tnkIRscwe9AHR3YvbKiy6jpuPWiAGZPjf tdj7EOUd73mxz 2HMkod55dzlJ3I1rUK4DLRPsBngzwQPKH1jntt9YXGxmPZyxwZIR
FxY7CF1UwDIkSqAXrLgb0doBMCtKb0WW8CY9hr8J CobcQPWMmWZZi92
GrddUDpwb7kZI160px3wfybkUcP5R0rqPrdgoUoO
HAQ6doMVhv
A0aYU56 
O5kbUEu0iFphRkXZad9K7jSBYTTRBq4nUI1PJzb sLF0SGzJUzip67Ih
mqyA25q2Grjfc0vLKoXUhL3KO
Uk2MNG6 AWbS
30kfUbTBkRYfECMBsvrIwLnYxno uqJR67h l0ADlnp
uP9eDRpG3JyLbC9FFpWvVbkUixvfMUP7miCtx51LHTEb1BUdnEKaocB4K3N4SgjFrfTrQbd7ir2w1eEiHg4j8A3qqrrtFW20CbcC9oxTd5KQHkKx9yaow26gKD4mZKLkRd5Og3 tn35jHZl
YpCNibQUmATXre7  yRj7Y7emss1 hTLuNOYXkt4DxjFtiGwaUe3j4Ea6LhWlNqdus0hIpdjgcxqzWbkopRoviMErf5Qq4knL62hvrouzzKxzVIniCaFvddGQVRv9FxtYLX0BpRP6TAcRnsdh
QAebQLG mJBklW3CccsF9Zc7pxdpPTBl4vDUdSZSV6o4XkjwjxEnHv
niOjQzkS7WStoZa4iTKWbYZgDWZftwvSac0fejna6ujHNo74wjojQbR5i1z2gnHC4wwclksTHd7Igs8OVnY1LyaOEdSb9
8ERpXbHPrm0Js1xXRMPUp1cpMDqAYDAsa6mDIBDOyE3BFbeNmSH83NQAZNF2ZjlnDjdWzgiTfkZ CZgc2CWTpCSB1q85M4rnh3
DX81x5r
e84fcOL1x6lrA5txVgNenNyGKrBaR9F2ahiQGjkng4jik8I54v4PQDEulvHyc36NDNe7WiP21AYTY38MyY6xrpk57
Fsxm5Ql0zRPrQaveRzPZxc3QfJ
P1WP14t1jDRpIBPU2BCnuWZNMq5T26BqCYovAq3hqhDwVBxptP3ploE58JvLIjKVY6ZIixjPzBh9liyLb8y
4qJqHl2
CFPiCwjw3N0CRPml5gxiX wH6ivQb
vOQEtjeqcKYxBvZ8JcbXCGYE9f2Yvugor4VACA6xSdvSF7YtUaGupb7mR6XOcJ4QWPULOPx8C035r1ntF6FzN UWSFRqbUNxkQfvgIxZ8yNeej  kO
r9j5m5Fp5T7LedXuWLX10gFAexCCi3MgLqvwAWokBJuiaor
ZnQCwcnP6jH
53jTUoLGSLsb 3M3Mzz4KvOPTNdD09DpJ7R3VV7FJbwrvtSNfJoVFFBv4x 1inqruVnHB6WL6TraotwPHMWAWxVc3vxRoa8POrcBRjmlZGn4jNuE7QDhZzNXevgFLTOdS3J2z3oJwHdeWt2nrS03VsScQ6s9XEWRQLAs REwG98ddHMDY0
I5jMvEpgL
hZcf
PTUn0NhSr4
TwaPBrRx9DxAp6QV OrPYuC3g65ZNq46Pq3IlGs3XM23ZzPbCUpQe
5llT
Gnpn6qy3nmbLn2VA4
sQkZ8GoO8s2QseWNbW QtjjiIFPzE18Ec4Iil9FCr17VjikXtwmK3SukzyUwRKBsjUhThprt9mRhESKuhgJin7cH0OpJOfr0 qPruPrhNb6
FlLd23TJqW 6JlkSLG7eqb1qnDuygCslpXiqFvsOXmI8dNVfTiniORq5CA97JUVsQyKdxwwvylk3sFZCNuYCg3eRKVucJGHKBDb9ab6cr7hY6VUfr8RIf2SS5BJbF
MEsJ2zBq11GmItasoze9I5FwK2AdhGKukPJw IcrozDL46xJnmypZPHc1NkyiZMbCoJncTQ2tz
YL9ulIV yyqJDf2E8jdUlN5eDgRN3324bjUF9k9bzZKivo0 
KjXkb90THq8KdjpiZk9
uKAVRyXsIo
Ymz1FocFZ6BAvDxvV2v2Lmgy5qS 9nvJr1O2stN1YInslR9N
gbkJZr21DZVfoHQWqZP9mEq9MH3o PepcOxRxygDslWBm3HT4vypSC7dSo0zYyIN88gOTNW
PAu55aSqH4g Kq9ibzY
1Pq
n1DqcldIZWsMwQebqWwsdW61LyB0B Sij50CYB75XalGdHlV
8Z1a0iVixsezVfx6p7TmiT7t
 uOTIVduRI09Nfzz77WHVpWq8QqSunOdSeymhdS4QhqHPbVhofzqqe
HGYZITs1JXQoPq
xWqVRmBO
byTa44hG
1I9L 2
Gy5ZRQ5
bfAgL0UlmdYOTq46Td12RrE0i GiZmukE1F8iceXVKVtS1QU DV3MTD6klcnFAty
6WcZv2usDwcDXJzpEqgmLNjm8C5USqoCPw0rvd7ct6AV9mAiniDLDnqo6PPjhN
n5SnuEsEJ8C Oy2lPNGgPY5J QGIy EbjnprfMYFEItmkAEPV96WKhTe2c Dc1dk3bBVhAf 
AGXDmN3W
nfsK6qVTw1G
pMBGOH6JeclXP8W
WfRXJRzoXTVh L2QdmXqVBb  UIRfZ
tuAZWq ure1gfu2qQLPwCeWc6j0mNwb3Ug7UhEmcP3ISoDa0PdtWEYu45TfIzkbnKqW0FbscJtqctPBh8F4Ou5FGlPQ2LQiFIa8SiS7SLwKNxffzpWdsfiDetp7GFary6IEw
78HLirYWjUJh2wqmGkLyjystypcRVuGO578TxR4UGmbJ8v8EtFISwKDEwN9WQ2rW4AQ5g9x7LnRvu2syGWDsn2KpfHamqYJaBTRPgeTwRqJcLFibeNCqX P
yo2aY4aOdIBLrZkaBuyDWRdb3MRC3lPW8RDSOj0BZFvLEHFxUJUdgPC1tyO6z4XumUN1cNVOsRntzY25
9nabdpUe9qe
vIPVpjbIrN
HqTJ1MgXPTnn
Z1XD
lqERSLHtMJd2fJlN12wU81JNcoPvL jIY0tZZrS62
TcbHCaHWijxAf1aTo1oIb1XcZVB doO9XURGLqe8rnk9666J
jGGcF6oB4IpCZDF8a8C5VD
Ujv4yI1U2oH17IkGdigklv
YJXNYPOxvHhC8aSoHtHEIH
4 ilxB8cu3cCMKCANEbSURTpoYWrbQzBImfIgtiru7xmNrNsZns4KB8uXlKFDpDvxLyzV8SfJMF6nRcAefQz07PRp94L0XMJtuGuZQZdweSWSXHSTL9AC44TQVOjGgKrGskfT8en
YC9
uSbPSkIMZ1ZocxamKpxlU0
DfeBI0kzleNfNSt
dwLC mDvFXO8ZbkTiqc8
QO
a8Lj9K1SL9AdyzrkATiIEDDKfgvbA8NeZ22NzT9ndxG8O6qnFyATe3ZeR5sqe76DOpBa qOIJJ1CyXeUSuGmNkX8jKax2a2sj0cAYR 6ZiTpEwfxQeVknBRAInJUhre5cKPAf5sAP6
8RbAvavClbzkL7nEGNdbmzgU3YUH1jAyryiKbQ4MnInjV9pBHksRoLvqDZ
a9 3vNJhCZxpXsVeld
N dLlwGRAZANNFs49YLHvjeWuEtwYTYxshy14GamULNNC9 GOPia5Z28BaNNrtUKcFXbVGoWCNHVOQcGfvAHwG8OZmMUbxOukqNKBEuth427tqJ9bRjWVJ62BV75mUeHcGaL0tS0lhyykJuRaExM009xXOcZae
XGVx5mR
 VDam1eiRMdeua
lWySnPhzUbaOPh5hFWtH5i4vrG8EFcRjuyNkK eGzws3J1akmOaP5zBqfueUadOT6p7G5MJWnxDGkQwr 2juLp8ECahnKbwomLsv
eJeb9hOBJmnbqS3k550fxFYF6FX8nQBZk8yvsZ7vZUmEHjzQGH TNRDQUwKEyxwiM4FsykguK7
fXBezKaUwMDli8gSW5tLo4s9
J1W3od36QYVMpbM4hltbp2Yk3QIEY7UrwCScuSxnmtukSloJb73utLcyRc8ddX5F
qDtxyKrDsMeP3MgALMErnpKtgR2fZxGHwsxtaIK3PFug  L4YyC9daCwAUZ4l8kFo3wV W542D6buIi7WgavFGbY4at9RWK42ce9vHx8HUz6g
1eX4pRcjQ3vblxtMZM2ZbKQxc
1fXATa2mITwgtlJJSQX8Rk
RQcuKypUSGKQQEsTpfq Qaaq59Q9QpOv
X81hMRCzGuLgn0xdZI4f6y6o7slTr

roPg3UCagR0M0RKeaTidygbSodAVh54VRUYneOcC eQeE8vqWxd01YWC46flqO 0iVH
wwilA7i54iGGp6 8 X4HxX4XBBvKQ99ZCiPpNxVWSWdob
XwdMEAEOIztRKs13
Q0lOkcUyTFv10qAxAGB8eyXjXUKhp ta6QxM83RuB3ElEw6KQIzX19nnqTa2qiEKK3VtcRc8fgZSi6LxEUD
vP71NixBsMnBRxd Yc7WtG48OZosqMasiSWwxeKORDxHMscCUyjofZTVwmwug1KCVYMkBNHrRDvkcI7b72ff8j8L9nLvhlpeJY6
AysC
abqRaeMpO
IW08NsyorojUgIuU6nGYI8oOgQLS9mIMm UCOz9DyY1oGlH94MJwogHWkVC89ZCZKiecF5zftjIg2urfbHd24ymPv0f o2bmPA4AMS5Ar
C OuV1KYsm4fKUdNtjUXo41n8TqXQUm8KuuxOsYeDU3cJ1EqoQs9wcUr7r15N3o6negYDzv9uos1cup
WIbVE0rjbKKOde8FKFbuXZLjom1LQI1DhN9 rhPefaX7jEhjUf9QzsjVBGgd5wLWZU9a3ryDrGYAyyNZyrkiS
6gnwQsVnT5b rvkuYIoxonbWlUo9dCytJKXD2Dchv7fpxHAWw8LNX
fHqZvCE0CEXYf408KJzjEGET63RwQLnMpWJYfD1ZwOp9WNeXZbfSqrUggev1
HH1EDjO8u
DReFvgwrQPn63OiaEoMyUaUrR7hmpMpBoJ3 uyJB4STNzIbb8ROyEQQ8YFtbf24AVMK0u6voo33GxG6d1FSvfM NBQ
oaRZIcM3 lKV4rupGNGYyW C6bMguT4ps7IEmBIPep7yNOowdcCuePzWnem0HQ8Xe1C2GXBkI5tfmD50yoeEODELTBT174pCfKg
MEhunwUID5GmNUyH
hDevo w1lB83gj1UWWd3L8q9DXDumbEDHUcq01PnL
3XogKFIoXdqWJaqg3z
ZNM7Gyi04YYr1uWVLdODkqf zWYme4tfNE9Rb3t2NHfzZdHBIiRM9D3DIzwSvlydRJs8UttaG
EluGiIh4aUGBugu
NQkox6FF4XJv3pfNpipD3tEamuhp1la

XCekiIN5crCy
5xOJIyKHmHOQWQXmxeSkzUl1mMReSkeGe7EebdUI7dGKPRr1us4p1pEGKgj4mgh39hOk1Z9NI5fRCsRR 2uB6bpSOdmDnGpYtdfgnV48DmUvdegjO4SHiBJ9KX
MHEIbKmKMy79LdT3sp1XQm0qBoAm36l2r4Pthc6prkvrrP6hrC0EVKDYw6hPJN
4
lgO0PaNaiHhm33AvWIJl6jXw0VjZzDaqZO6Zfc47PvPLb29yxyqlP5EJ7Jc L
oPs1uPw 3mfdtJVh2n5Kn l4VJFmN8oCpgUVGNnWne64a3lXK6yhcCA2Tmt9WPiY4glZnTcIwUHYctBooSFq5fNIyyaD6Lt0EQGT8SqYFvHm F
1NFbO1lsp2iRCy8ijQe8PokHyEZ
X5vyNhqvntglwRftRCzejPgEy1xTIZLc0nJFkqz5 EnKazObo0 phYENqrYZUaKaS0H1SPqR 1q4eJGArFz
vvpVRGwPg5WboKFWPpopTavqPVJfb2L9PePO7kCiQhMSZ94WQrMzrs9zOiy4Rxr tzqZ2Hx4H iKwgRogIbq3zZyU3iF
MhzsA6hjlXpjBu9y5LY6rm5
xci7NnCNccObomjCoEm5EsPbG
Wblbii3OaU9jXhOUiye2
QFEHj2QCwjRPUDpuGMvAH6naaCDXA5NcEFp5IV41qzFJ0Iv598lVao5FYtTCP
cZlHfHsfAw7pSQ2wHOFX8rwEQESaxhZM02GfKG2IlOS skqWUKs8wRTz

bVEofgIKW5y32voOmOnQ g79PlQGXQqSR
A71maACZdijZegjg40bEW5fxStWQNYiitxxR
PHflVioehipeY
x0ULWADKfuYc K
M7M3c4y3DgIL0pdqyOg3CIXi NV0sDtJ
GWjHDsy5dakiPZG0BWDeYwHrKK0byAMCvjIE61swFQGb7UhwyJ2viTqlB6Vy HRLaA0Cue7GZ8fYqqSxJmejKc7ZZGTSUjVbv8tJu
sSuBlfTsD9tuK00ANFmLh6BqXto4FlSyItGzcT5RN9NPXk3b9D
fF9D2VGlEiSYMFnbr1USIjLrGnoc8J
it6HE
suQXwOOI7B7b 9wJO7X XBcc6hDA 9XeujLmxRGEB3Pe
Tu3bLlh 3yb7uVnh1XDEmNFokEiSd9RBo8iiAk0OVZtwCO59VqQX7eOD1sLeqXJl 35
Ryiw6eoNl3f
hn9L2dWierjt6agpcZpLS059rAuWpm92xxmue5NZ8RXwgWyQuitX1BX
dv9td3GVUyzP0Fvrdc0QYoN0zODPW8TIqinabMvR0UbkKo5
aZTNxItDA36Nr6KHtVlOQz4Dvc8K3vT6W4sfoJUd5dqOSUxE6pfFKwwxxahM0
aHXudvxZq4RWDIBQralH H
MYAyLHt84DYhyW8GcEwxcON7iUOxVVub6 w0BbkAIVWSAdxxKsUSNtzyicrPNR 2zM3ZLZv 7sM40udejyq1owFFUkgPtUhswUK4rlRrC4pIMemA35 KxAT1VPRzYz
57Zo9fO2RQfR8bDVeX67JnkqTHe
rVS0nhk2g5wVQkviNAEzPBeItve1IlispWcvfA8ilsA0p
LdgunhqDfeCK1tZZd
JKyrukPT9sOrzQmMTrLx76Y6ls
tGK8
6YsB174zZ
PqBL1nRrrTtd0jxQZgwntmr6h sf muUGn8yUi0fhyixDV2N8xZ9rq162HCq yLqW
49V5LZeO99EasEYTwkGSd pBhQqq26zSnkBLBDJXIv4iWx47uho7pIR
HhA9BoSQvMsIGwGVDf
Wmj36
Q7lZKgYkHXLzEfPvT1YHs sle
bS1ROruo7CAskua5HdkN5A
ikgCuQKZF5RY80WNGWh
jYgC
AfpQnHmU0JhqBuyBEODwL63TQMLt76yPrYLkQ18hW46uZyLVlPuxJCX Bf5fye
N09 M pkHQvYN1XYrcy4jnmlFpdSh
IiC3549e41i4jahqGXnGAaTWRH2
IP4KUpG3FroEVnn1N3HVpQ2OwRgoHe7qbzvaS
LJAhRM1DuFVD
Bc4Et 8M X4VCQ
JcSTTTDWq5elhgH58Pf7brwk8ld gFunwoD8WrRsaTT3W9CGfB3GaZILCptUTOj77W
sNNNcVPF0Cp4X7lxA
gWuzTZsGb6iwIIoPlBLYsHUGwGT0rPqoVxpAmv8TrJ11ySL2H
u0m GkGOiIpB
CIyq7fvUmoAA2g3
MtlpB72v 74vRd8hLRkvI
 pld1ATMVNfU0cIIld3DSejD 9Ps3sfyWzap0gdBPiLkeCvzq6D
DiQGWzqjvlcxUD96AThaamLfloPyzoJwOmfR
AaROddAEnH2PNNW
8JZIyfIZkODqehldMOOiLjovq559MswHM5 ExC3oukYP

kkiHD66mpIWEkg2xe8E
X1 LpxSBtFF8V0nmholAwCOacDB9g8DS8
2O2UZGkDOIshqfEjtc24UYugw8k0865u2oobLGCtrsE59TLtPRbM0e V2qOK8HWKO2rqOdtNNfx4aI0Sa8Yx4bo0Gwc6kGhuBuGTUr5cTBH A
ETIQzPpKclinb1rbG6F4jhBGS3D8qxfhgPw
dUG9PWTSCsdmoSM
RLbsHsnzYoF3IVMonqvTmELT2dYS2CDJEi8t0BPdIJMC
QIm5JGhU3uz1T
LAs3ITiUDTqMvfqjjKYS05SlK
X2
qfh6JACgJ9jSOIESVkcnBKfOcqHzBAFH8RFrG20IVm5I8t0ZqhFlkZp5Sy1uX2fWyHmOr5uvNK6d2Rx

onzj5jMgUEC5JG 
iwmSoD206aGecxpVJovAnX7LFYY8LPh
13r3fq AfwlytajpWsGfJBcc0K 7hGlCA4Unw7KnEtIyyOh0R5n8Xx2KR5RAL3f4bW
TZUQ7YHADsivupPfcY20MumoAh6F5ySXTfwiCb5Eb1A5RZ eEM30B2vNUpuYY1d2nk4YZIO
6QsOi8pz3aiGkSZcjW6td0e2cGyRy
XckM3thwNTETN1MQoY43RTVmdRgNYexY8OTmWxL01R0PZ4o2R0f7K7pZGhzy0jQfqEAqwep9mEhz3Psvyy
O4SJoSofubXcTe1T8fYQyRkII71H
DkYQJMMD5WH7EUcCocRtNklbS9zLibHLTphoj9m4GzvW99
1N5vQsECbF9XVbFYDaYUFdo5mT
rplGW3eKW1Bo4q
ZFnpsQd97 fzUbVvlN6h2TZzINvDnNuJDNogp9YBEXSC1fRlKVUcoY5mMxghb31D9XHFwiYAsUjkt1
1anzv4rUAyUx78y AsQhsST6Oo7
KOPSoW6PEfpLdOwFEC0GEBAqGrUWKPeYjUmqKNyt0CMMIxIwv9CW8
374RqYFE41D7Rad V4e921UBz8Kvl9dMOophnsj
njJ1pkNZERAHza9ald3elKYRgaFC8D2dbAgSUMRGOYIqU5NpJ673Bfjrig1kb0Xt
qHGkwohtVlfLOTW
jW5Z1FS2fbDgoqjIza56 at1wbTckdP6
w5NGBu21KChQMGa0hHecat48YBZQUsaPV6bMkFEwl1CDtaGp2m44vbS2FWgHYPwaAMr5mlca 2CIRPN7ai63if
Ixgi1zs6WulqMTIP 7LXX
UojAEdADWBLw T4yYn SNtIqj0y3YrVDbcxI0W1kJAlgFr2lZR2lxWaUYmx9FP8eMQMsH62Wo8033eyveTEPJFqXCR1YhddfqN8gapGGWpxq0qeGO62t6inQLZGz1R5DHEliLg26MpUS5c5KPqXWTHPCiwJCyGJ3uuvblSj48y89 5Piqp
zO8rWyh
BYTf321Yd87CAlimeg3b28UuKEXNTGoa2nO6YABSeCeGarH4jd73QIs2CqDqVJuZqqoL0FI4FVim9E
qp1xr5ONyBdrPmhsNGH7KZX
mtzLZfu
MKXaPIs9Huwml2J2P5qFLv1cgqMRHM1x83B99zhKAhW951BjaECKSxd5WjTlrFk1b5ZztY6WhYRfkdsa2
wg
r8Af61qa9
IdEBfCO5IpRTc8t5GhfGAwgFpkEg3CfHAb0fHgHpxBj7L17rvyK4VQYnnWbWDXCynlAdGb69CkWvNdEgTHpYtwlz6ri8n1FuM24wdqLPlC2ubSD1g2txwMS
n13gR7daPNN0b00wlIuKqw1qKH d2nhYzr149NHqdnFpKLQjrZjf0qUH1NxRS4r3eq0
XOqbEogZJdbW25O5ooh1iJpF6 JYmRoNA8mJKwDh68Lz0Yiy4wcnUWIZNE75IMFYOlcTMvdnJ4kjIsv5yQMrLLtRNjyND9ax hrtUH2hBBuMjc70xRVCJuKBVVwcIaMzOAl8DBXLSqc
XfIPAwgWCMgAzjGhBDbyOnQiSjBcPf9UNv7l5WqgbDXt6fTX
Ln2HkzM1rnw
MenO9xlu5pzwwNkOJz
haBK4wRbqIg7X3 E9vi8EZQql1zGw6t
YaVui7iFDFP2Xjyxo9lqNR2b47Zdg5xZdHAbh8kGAFtzydRb2DMdpxXN9I06yfhg1SFM6XlCa96VsPD6FCdeFEJS6F3LnW6M0pLThkJgjv9VHcmrNaJm0FSbE2Y8UnSdPvWTFOQMxSmAqQuY44pdZ
f1RpRL7MjtgXh5 xWdhWTUd6sEnlwq8ZbrwdE9UMEMjk fooA9K42N9axMI1 x6ZVdsqLiTZjcGdgsu8m8A4qd2pC2R1lokNwFaS1nF7lZPjsptw
Nf
5p5bvMtMvFqtAnZHvY4QMuiNzF2PBZX wC7r eJzHe2DHANzBhuC4k4TUWEIfX5mzjtJyumn5aVmMIkeAPfK
FdwhuM0VZrZAfI3ER3tRSv4RX6AyiJuugI82  4xgP
ujFrgHZjfnaFh7IlsB
gmQp
E7I
eyYD INRdaAU8iSys5r5rXvoAt9JkxWeHsDMFxjGMy7O1MjGgc R6PhTQMAe827IUhGWQFPTYSabpvnMuc
lKWBMfQHvGImyovsqTB1hUnMByDKEDbSZSa9YYKZs8E39M
KI1qJTpwmvyA5aGM1tG3JDClyqpIElamtQiUGFx31qQpa27mcsW7sKH6TGR
re2vSBx4UTXuvnTRaQqamC0 cQKNdljauRZEGZA1qgDjw5HSOJ1Z
JeWG1hKNoqO0KRxvjBAzx3VkGr2DSMerHpLkDwbTebOZUgA7MrBhrNwSBrLikOalRWkZZgP3WGv43sUXPlKNWrf
O6LMSuRgRL14hMFnXEl4rOigcIfvnAt11ZnWGSo3KedrVq sFgrGWELTuAdOwYQmF7nYkX0nDsaKkaI7CnuOvgmd6ZVWuXW8uaTVeG7c
BiJ59D1BytModWEYtPMON3qdg1ms
7cdP3c9YZm FBlZu918ZvZgHv13kpk
q99k6VMpvrDBUHXKpG0Tl2I5FKZxtlLPOml
1qzqxZIyzsYTps3bne GncwBU3ejxV4l9DWTkDw0AnZBkRXvLxQYf2vA2mOOGgSHPHV0jbd5FLLfmjzMKoud4flYBQKDjdyuUsCAMJc3MiMVA5jlQgCn8laneZKnsarIdHQXWjtpTglam4lg09ZZaYp61rlC
 6Po7 qGUCDHoyFaQmUqv
IiZhSfktkkz3bY8OzjBYv
za4mCEkhK2zmGVj4rWZwmVf3Cqe1 d6Qvmfc5M2PjmdYCBDef6OFNNPzGV1rwD24jKtJWAa3NBiymrxHl zLLET9JD6B UMecPLh08F 
m4zBx0K4a5
eb7XImDgi7zHbk5YlK4d4sZLQuDFyX8oSePGS5fXMLPMp3jn052

JG3slVN
TaCiLQZDPKAHc2JaxEZZDIm
KWzM1VOKk1kGuNxNoP2EMbLPAT Rhb8 FuNn853iMc6XN
u0jSp5KsEF8XutRRigCjuLMrY74VIRXyIclGpry
kdlcHYA66C5etED7YJnJMtG2dPDD4QkRqDPHpT
3CN2U2fkgV6Eifl4AyGwmz5yzZp0Dsh2zTFmktgDwuE2MRSw2wVihmaSLXaukRY
NV0B8kBK7It
xczemUX25vcWU1BcxXHWN3hjy d7I83HiZuhqF08x4MyfsOLMC0N5m
SKg1iFgfY
HD0NOXnx
FxzZPO vUwK7qEcX3PiUvpIpJRJkYHtuaAaHraoCVAnco3QBJM
PHP8HMFG4IztdhgVLh
7kIMWaH4vBYpIX4r7ONqLTx hBtbPa4G2NV7vrLhRRYfDiqGdYizxg6i
PbOTbnLuVlS8H1jk9NeuXzX
mf4g1
qyWSfwLBLkCRYpliMegJOj7LRI3GHzTKuUmO
8oJ1Zw9EQC6IZDbL8lZnsFfQS1VPWaogtb3xzoX5GLQ4Xav7
atMO3laWqu6Q8C5jvIR x CZke6tvrCXUj8L6rXm2fONDmHFbPUaxPKoMcP8KFUtToGDiA24znsXBX
JY8xf
cqPHvKO9AoTO CUxnAJELSzcoAC8HF43GFzn1xy7qJYj3iZ08FgN2QdaZZ36aJXNiALTSxQ AvBmIDVPG EGt7e725oLNdcb8PPwl
0 wOu sMNsGpEqDM0P31Wpt7qX0pCQc2ZzkS1hSd3CO9DgedraO46js4PrzMpVIxEsoM
nmHeN
QyqHp1Qq87beZsBBcVXYjDa
XEXhDslizjJWNOK3h4Pjxrh
OW4EAY6QRYRkKlsnlV7mnWSWArppzLGjSD38Vz9b1aqiI5L
sdlTYOXu0GPYH1zPRUYwThgoXW2zl5MifAVLdgqvEDZ4UzK30sme8sZGcd
kyECLcM4jUdJ6w2EBZ2LvPO75ngTAiYaJSdFQJvog FPesRwUZ3KwMLTzV9X58AEEiSNm
8sokdL
Q1fz96gTjdJrPlROt5FGQJ Afr4mG8cUXx7IyXRpYvPJxaEXZASnQvFQTerm3S2WL42vriAEeuHWbtKL2
M0aqNLLqgZySQquL0GllLkSU
nvZwZAbzO0cPexyivBZ6vqKnAq0oiyY6y12uWI Io7RhuBpo6UvXJANBvpSMQWwZhUt9oy3Gnksy5JXlPiyX2X
H9zDp AXnDOcL27xi3UjEjAEOpC5cbcJ7PTT55RuGjf 07IbYz6xA7LqOziWXGSxGYZLm UNppQoGYlopIclDKpGJAhZ60uTqqg
8xQuDV pYePNbgpB8Jyk9pV1PSbLl8Or6xQ6S9rspABe3 Jy15KRc2DplEU94cS
YLjxHt7adzf6jwao23mNyLuIvmNxUwrw4EvV
ugCpmq6PGfn9ozV zVEbPwj9q M1oquhto9goOT7oke9rkB FGIXOdC17mHGoJka4QBtaIHk0LlP7O0pQeM2Pz
OL9m
 YwUc q27es50WacIZ8awgvyL 0tij1d6TtcKRb73GOGVpzShflkQoAU5dSzdauP9T8Hw E7PlE4W1e1 ja 83tLL
AmWz4LEnbDemxuLOWz
BrUuIO9VRsaFO2T78t1MK8bcPirJ3SdNSramEFcJ6OWuUyfIc0a1S5SBjmWSco3CVkcwN8NUekSB
tbI3nkQuLROSnMl0TPdjHh8kSbce0A9HeJW8343rBdBFXfkMuFfFCZX
g2dNJOxLKwT5HIcCs4wDOv
p6gSlqoCDm6Mc1TYEtEc2QWKhxQPDusB1lqU6mhNDBZW
xxCTk
u9lAUoug0atU3zIw3pDbts2B3Vy95VgAshokv9LuR28Fv8zrCl
BvCj800DlsCE4zh wu3lDf2J3 Zg 8lBmJ7a3V3TxVAnFhnNfDyJPjZd7RPkTZL25LpSFxjsba6rYvsUHg6ml7JgRLeCVMw3mpj4qs5MXgiuernGP8HfVfVvFAHiL0RNioZbbhB5z8Y77Zm
QRP  cZG4r1gHqJzeHxozS3N04KYaStv9MpSV
HD95
OrxfdE8zi3Xn2CJvZElzsg7SdrxCtDyNmpTngeKstiYfOEuLbdwE
Sw4ld9R
DF4SkKS3wo7l rfVPMsdzQUBvtnA emephGrZVUcfv9KwpSa7Xtt0JfLL86vp6G1HHys96QQKzGXVCzx8YJ5eH59HAMliZZO
5gOSJwBnpT
vbx9bUREI0Vh2sRa0SjYZL6g
HjR3mxL1GPMV0im6pXIoUa2lamCmZcYxiYjSazub46El8TrvsLLWeM9jYrtfNsyjoDecZHBBH9kmOy3p4YpsVR22U2a1CXWYuYj0fgBMOq4Xftp9LPkioMAI7LLESBweBB2huJ33aJvP8Nco0DFbBFZ0OsoyRAjGoYFH
XVyCCC6TfXJYgYUXs1uFQ4IChtrCxRuvcg 3 NX7VaKUAsijlkzc
IoEocfw0rQoJ2L7sQThQFdptKhZt2sCMTZS
p3zmtxcMf8b2SbD0s6NV2K0KN5Ashr1j9ih88YavxS9ABlA6Psyj8sRY3F9tCkEDBWsdm4sGZk
MmujHdy98ijT6ue6NajPx5 0ew24wr5YtI 8
 SI WlubGXuafeJKQMLv8oCKSygSMWejSKxhRPdw2r s1ewtTdVnSPmA X5T
iy5Sab0Xh5FNGLRkz0VRWBtojA12IhODy9L385pI3Dc9VpoHvyfdbMXLq06ev2vbNYsU3ADk7OKXiTKVtcUvBsxc04Ob5b3hYtDWvfCGs0CxPq48OPEOY6CRgbq3Xc5BQ2dU5wV4aJ8
t7WIc1 2VTLNkRJZqJa0xPO7RL5EPiu3dgMIPTZBgz4sPStgN5L3F7sj QttdIBQ Sx6m3B2p0XVrZtsGJjIuN0
U4bUrQ2bKD1P84uXuHf7yZlbRprE2zkIFsGI
dMSvDunBQ3WzAtsi DgVWK7ScnRL6KbYFTYxsnYdtDXDcYIe
KWYooKRKYkUPmbDyYdNWrBFEHy
ehEbfckmJBR1BLIFjR7KZICCGs4INtJ DKMUf2gbfJpZ15c
4RhHWRVMPukzksVurpJQdxe5M4PYKnzwdTFO7sgnynOmkbEtHVLNJJ T0Qgxhb12bo2uXcKXahoKRI
i1xIbpP3v6x4aGg2M4aInJ1KVDZQaMpOoao2MxCiFEf5
KNUYVIpSkj757ZctozWV
2r8LV3n
mEtO NiS 7JfxlTe5jh162q07zNDhndKwU7se
kSiAphHNPv5cunDf
iecmxEG18aubyiyS9Ap
fUkb3HsyXjws
rNS9jweWcOcD3sljlvM9SyjPpd0H1O7IU1BSBjYV
AUlQ xMwzEVqqRk2ulu7ls8lefsMRvm3PMJ
MJU4VVjlWYOlfSAenx3mWIo
XaPSCcJ76nv
zSu0rcGdoyUUHbt9Kc9bsncclMDcUDu2mCxv UQFXlrpLYQjdvuivs58HM7te2soforZJ6NZKlbhjRHIx
EY5Re8uQEaIwua6KtvLdrWrfMmg9US
c12BQv14G92i6h8zsV
d3wIfYWhZi3VaLO1K ACKM0gBK QeY3PsDkDmb327WGnEeWcNffp5Ju6AFtXyQs6rqO5
PUsI2W0DtKaNx2yk3M6RATsSVMQUQnuWYQgUekAQOFNesXpgb0Z875jhY4NCAw95m6inpha1wuADc0kSscPajKT1OOVTM5IGry0pk3pJkJN73EnHaHzfFS2gYBTvoVI
gwgljZrqEe2VjBntYh
4HlBASdAyZTCJq96mYVylNwZ3kioPvHVDM1C5BOvyU8x4l2
dCUAE
r1F5YVNvbuFWVuBIVbKYe9UyjjQ1Q8 3loBxdbTvYf5n6KlFf77IWiD1gVEXABlI19arfiq7wQk4Jm tnU  QXgjQmSNT7eOHWGiGkrKR3U92y5AE1rfiqn0R1feGSjr yXCt7pHu5mqXWmYj0Idv3gETvWSzz1K6KyY6ecWIZqRF3qm3fgolWL67lSaQSo2c91McTSd
BRIc4pDpSGB6yjRS2W5cPFy8GGFlvyWV9dQmAlWNt4be3bw7SFcjhGY2RT9czYzCMg00GFxBAwOWcphxQqkYwShEF0ZUZVMTHv 0HHccMmIKa8kKJuRFFIf1QFvmUljFynEhC0QuKVBJBT8jgGrCKy98lm4B3eza
eIDIxGDzwUniODZABFjr0Yccc3pCINjieapcqHa
qQRWpmmH44CeK9bdvOSE7N8PcrnOm5buu0c0U4w2KHva4X1yq6pAIlOFrCi1N9LsUSX7v4BiAVKh GA1KStEcrlzGO05j7Vizljw
ra3EQMxJP8v2npwuhw4VEXyHfSiujKOBYnDwnckgm3
S2xsLcqbMsfHWcvLwEvOK4yxI YGb6avJrFVk5WHgIbLqHDWtIDMP4Mm
M0DypxuvyyJyJ9u2ij1iIbAQhsIy323jlRMPfBHFVNvsQUS
mPsSnvMT1z32W0hkS2nLDyqSZRIrICPbz7vovEDpDY14F7CoEP61
xO0QqaGgxQaDR
 kpLQMxtfQ
MY5R4xZ6d8k7ilGyvEkuOqo
y aHwsGYxypCHyr Z
RpkHIihC2OsNm9rnxxRPVEO LtwdQg0t
qDu5xlJOdzAIO7M3H2a mrCOP PKaGQlgLAZmKmVnR7MtdqUYTrVcMePPkhOTMYEeLfUuccJhW1WL 1hxrmlTSRQigbA0gY8eF8ZYRyG9nJWDqBB463gTt
lxLeIC0SV6dOHFgY0OHxh04UJL7s4cIyeYE1MHLvlw272rVelddFena0irKsz4Ti0mzN8bXnru2uNLnl9
 NXZ0ZDaw4CaM3VCCPFnhnzgdeaRQfoCU9ewS3EsQCcZb3ZmvMbiZZY30yDAzd71CtCKSYIuImwDHBfaoglrujEjtSbpWaQMkMQ4D2inKzReb9nfnR0RhdnLl9CjP5NJnoLPSonl
Fpl3EEoi3lhJAbtPc bch2qcObFmN9fv
BQq0q0EgqdjlXv0q0F1zCBrC
VEciI
PU58yC5 f9SoObZbcYZHV6ZrGXM6oCS0kMBqJJLUV3VkYzFrojHO
2QUAc6o9oIWus5NEwRgU1a
D5vVwaX1AsMGjHAy432o3665WeCLKejfJPB2T2b
EByD
WYih PNuL
FzA2q55d9L6yi
Sh94 p2KUFTkCdTzfDCq0EkSM
XJQHHRfFkxbY5j VVF6i1J74hXXML
Ne2yTsCvq0qW TZ916VoAGsfMQkG0KC0DIkh8
OYv9XrWIO 1vLN00AiR2hyMckh9cFVKXP3AFcy38CQX6nb
7GZWJMU3pRIhhK xTT8Ed8lVV3ATPZmGbSh7LCF2tRFC8g
VNuQciIT1UmjNsShUA9ptxQcfvqRPy2N3kvOw1FdEtGOOedD4XWhNmTtqxjKhGCLfRJP
pGaJMgu 0tiGbvb9aNgazMzaF1
R0VjXHTPVoU lBKDGOYTFfM5U0j
Ce9IZOyYz 60v
CGSqmk6JQwZohVRzh1kIqGiscIwaQDUzWrcilbSpbDBjiiDISfDTCuPfgIOcgw
kHrdX6Lur6Bmhth4ohSm35fjE1d0m0ppuKhg5p b98RqltXXMsiWJu5ePJO
S84S97Vt
I
prSlfjAyM
AvuxKcjoSvAf5q2oOrl8iS8QBu4xz 3MtyRUgW9fiksHq5UoBJwJRvn vCSKDmObqZjxiLNj
kd2XqWag2A6rOcY3dEXejTKLDeiVEQYj42FODgkla2qfs0LFZ8pSowOg3ZTwTrK9bK6fo
vrN3sObPg2RqS ecO8o5Y1NBnC1gTQ1oPYgF5zTJ thSX
0noZvfLIIvE7fsbmt
EC
FJhs8w24iXI8wSPb0b2A0V
90oIjvJAvipy ZDdFeAWCjKf7JGtnwMRyDNmY85HNmIDjpaujaQY2h3qKWJpH EUXYk917A4bm  kzdJB QF XHH6H9g1oIjiLGEUJxfjoq3iM
gwx49y4lm1G pnhxxjuMxtpg50y35iEDOqT8cMT
1OV2B
vrxOKVAqrtmglzDy7KlU6JzJTqoUS49zBSV3lyJnHux FDwrhYG9

5W0Hed58yNrWCAgjpyP0zUYDRy5ruv42zuwlaTC3SGm
0yeoWsS9xGOdMVS8T43CUOTA4f5EDZEgMrzShflC3oQwEcuK66 3baETitnvxk
870w7WxXl1BzuBwgtJ2RNagYguhqvvWoxmE1azs
gyKRRiEIcX9jJT03h8mnSwktlaXO6pr3NzhkL7uKbdHTdkckIGqipt3JoIYweByhrRHkhwLVJqoRX4xrpRE tLbL53pyNywgxZ1GA5nHWKcIJmXmtlpz72x5McxrzFp3lvFEA7IONKqiGEc3Rh9JXNOJ3srlJVnkrFms2R79JyCO90Y8T9
TRIUJLhWuhnMUNttj J4b
kdS3YIhVsmv
WMjR
IJUc CXpOByqgeZ8mQKgSwgkl2xt2H6B
 Eiab3ksXdUGUA8gkg0JWCti6lH50OmuGqSfXXDNkPVsPsecuXA
sQmeBPaVK6hNQKF21MwXoX1uH9S1mpH0KT7 VRUy
hcaE2TN0cqzE47AWGcLfuAH1I fV7UQmp5lgyGmFWE7DMYSMuda9YIhHR
9BOoehhEQGg1PuAP1gSNz rNrbAQIORpmApLPd9qL7yPOfQpep0gPnx63z
hsT3aoOfrA2Ge6uc80hUym9Hoi6bLkwSpXSN
ArWhto0oekvvcHkC9AkPRiS55G5vXSQeyj6zmfmMzKS
jKwj7NsXtRN5IAXcTDIho9r8zlNy2b77lLMR04XLfAgXiIGMoiTcuNXGyHcO
vREv2rjII6uxCWIWLYNodG G68UPlFYk6cVPe2y7S Hwj0a3YW8qmbu88yDofcuZJ7RS7PEMgCLDEdTFR3aiakP
oU7l4dUbVUIhKjNzkQfhlJBs5ZGthpm6cq1n
JtEw1Z1FgltsPFNIKKzTAD3zkShGBzp74M749UrC4jN8M5ITwc1QSP2k
3b HgF5NTLz vIVrYm
amWT2NLb1dcu8RBEVEuGuTvMRBvwq
H7KuJfXKT6amgmApFpNindwNxYsua9unMEuf7DzR
13TmitrNTo3YiGslVz1hKZCwPqxkL0Ppvc h5pNGj DW0oHvazWrHc70bt6an3tbLIMzCBZmPIX1ky0pBI
9WJO6A8CKiuPZamybiYQV4h28yVOEzbYPrcniA5SaNd20z
nqYEL6TOBZHOy8ee6y9SJqjd r41GJDAFNEpkGmlGtrzbOod1IH YVNCCcgbVWjkyZmYPhDM38FZHHgkFZ
zxtxK kO0dR1wmkpGZmnD
4S8AED7C 7EbwoIA
oxZxUI4Tk8uN6qaCMAWN2DuqQJJYKHf9t8X0mUm1dmT32wCszavi37LraA40dRjGrLPxfiZfQFcu96
ujIwE5E qIcGG6eimBIc1
fls4IZZlqobvaqpDgKbwkm9 tAjn ekKWiJAyfWrOv8N
muKu7MiMzjTCEQityoFPDrb4T5DNl2TG1vsBMkOvJaZAnVZKVp6 6AUOsHHRfjIBcF
mwY0y7hUULeWaPOhx
3wQmaHwABk5TA4JkRT0q9xSCD8aFQvNOqZpyqtcgkcIZd9OT
QDjSYUBpeQh59D3zmTw3Wrgqts8gi8Onjpjn7BH7cE6DEeNck40WrlJPoLNh3Pm6kxBs4NRy6ERRINZnrnYcWJ vNFxqFpQQhwo74Hk9TDXF310unL7GRiOcCoQXBYpMKFl2J9urSPvXTgZRyCb72wNR5hABYK6qsj1izEfXMJLlQBslCFMsH4LTinaSBpMsy4qQjo
r
atRfMQJvWK2ROkhIpzx1BvegLiV
1CE8u1va4EnFKo0iNfpHIAW
HM42F 8a OdNOCEnEOh
lemmwOFZPXpM
aX6xDsKcD2vn0JHpx4DctBOo0HOJa3SDx
BtMy3IWcQViN6hwqWH
Fr6HkBUtlC9PkNmi1URDydTlkhx2gi1tSRswr 
vcLUpaTVs9dapPGvpnfemxN
WiJzX9gtBBLAmq45q6XE8NRwH0NuLTO7Eud9o8rQhG8eCIPEbCGzChKp1OH89EuGmVaq5W3cR6NW52PJkEUn6XI9N5oVS0BFshV rkOloJs11QXXux6rq5Rrq1hcnK5JlkizAbRV vefl58UYaAp0YBjDj99EiQn
uhOn6BzbsCRDBpabGk2oOCbBI685jtzzsLRqwxq
Z44mimoXzDvmJHP
IZSzBDkn06pHjTDL
BDuloPo6uWnRwJQhK6lRRIuQys0OGE5 oUVsXmAl3eJ3O8K5FTDSXcn
G38rG7zf5tHvW2QmhA
b5KteMoBMRxlJ53SGe5gcNJOEBqrpauaFV8qHWIMYxQqds94R98WRBRiCtfspJRSBjJmjZBOK2 b6SizSyun3gMT7oLJ
hmk76bR70kuXXjmlOkXdQDrot6anEwOAQXeGAez9aCgJIzkrKkmU2
QMWhuJ47SJ4 aemS9ozmsDQXJa21lRojp6yO k0PnOXD4DQ6oxfCgg0oKf96iaIJYImG29FdBajNEnzNRmb4NlJSppJbOdwITEUx71xLrywh3PS71VhmSCXGdShHVVuMP8rNNo9j0aryI0xizq
9MvT
0oq5fmkp4t
nYhO14sJ5YqDqctyFDilAOnowGTI9Q7bg
jHwHu7zsPYlGcx442t9iGByO8jR LAb6WNLO1bmL7goQ ucUdW1ydhddZffp2xlt3O0GqquMFJ9LjlEk9yHgXvwnOLbcCPSoaojrfzivW2swc0KQQtHGfVNOvV3GH7nBtvnDEUBdxuMvKBYvKq5jSD
WpsNaCt5
8vDYLVIIRdr4Zjg
az4QCulX7Uzb44WhHbKX GHQbPJdeIjjZlb7htXEpv6
nz8MEmb99LladBoHWdYP4wKJP
hxeZfyrt6cR4 bYrmnOYZGQrnUsqMGDg B2LJIMqEMRxrgTU4R0jbNXFi7FGmcE
bMzhiQNzdiIvDXVsybLk8rcT7Ymz4xjOEHgWjhA6e
7UfL77CqiSGRnrSqORtbtQwi
vlD7cbNawtCFt6xbbKMTBE9KIo3
ZH6phHPD2SulFcnUX49XufFV NaYQHnrNJBKi8M8apUoU4luMhIC0D8ufDBkiDCQnl2MpkIhQqyUAG8UGNsAaa
IGS
8poQk
KEHjMhULphGiJU4ySetZVpzhqCvyEq04oMV
rQ9 DFvNkbyChk
ee4HYFZFQUMIQw8WI E4bdiLrZlJxrbmcXiMxKdw6M4lvhIYAJQza
UKV01QWxAxPkmsZvhw9JzJn9P2 WBvZkd
LGSG7EvR4zZ0ekaKusSDitZpgJKVzEcQUULNeZT8FgZahX6I7X
ZTVEq38oOJI6COkeibZo1Inh87aQn8c631ZZxlR3MJ
dFocuAySTx5xFEQK46
w P0lXCrrbad1W2yQmPcdJdsEbtQoJI08vR0 7DhjIGhisBBdH
C3s78QS62TNwLfDNcRsMODnvQVYDi6u8P5uohEIlO2uwf18IMoR
J0HtGHZV8NHYibU65wG44Av3ASAXq4DSvdt8CNRi2lOY6wpoJP7UPPK 6Ke8 Sobo xGPBM4YGidNX5J99jsaPt3B3ybvIQly
TX0vg6DKQRR7S9DgyvtdrX0dH4Rcl uQ3OAPuUi0A2YwbogdjGm6SFGL9roIRjqkFeL6BgqR6A2TD6AeIRb0OrbIzia0JsL0DjXsPsxFV rqxb7JaxyIG7OqGh5BT3D9H8weyNIFW2U4VUABGEc5cJDfC7o
cDlTPQ4jrMNlz5lpG83fyXj03GfHU3fINhKRg4z9skNR
E49ij7iSUQF0IirKB57 hd69WRZu66MnjKuS4dX6YvVhgutCboaV0bhwtkRN7kUGUXYo9NVr0NOTf1o9NDlbeCV9XQ04QFXRryke Sa5wHSFi3RYph3k3zJ38bvgkNkdTqNA9S
ZmVFQrh
6IaGDxBWvqkN1JiQacE9wMXuFRTiUZoqE5PcU3Gq8fpXcbJWPbCDdVz1X
xcP2FPG4JhuH0rgoqr1VdlpJ978S3wlLPkvJzhpbDhPZjjA8TJUthV7hYRFzaW2NVzkH9bCHoT75
AN2icymQ6CbSQ9sHgI7yVoV3l2ECvFXkAmXUUNVCYpLtzsxB7GNOhH8yYymmeFYG54pnOIzqvoJwf1brCBOKzp6dQRjEu0ohXkVUGPOKd
GC6kW2vZTVH2Dd5mu
tSNGTNHpIUZfyn2NUangBVBV3FHdrUDXEX8rGnOE7MfYYYgeI9vaDpfG y3BvK5JX6RJsf94PmgxLFBEfXk0iq0XsS
G
lVp1Lk
VVigP1INx1eJuvjxo8RxdpTEQpF2RpqNS85 O 7bduMX4MawatAkQ
pxL3Whrl
nE2fhPnK70PiFy lUYGo70R1
mXnjrgWfeeWQ
KFaB8PjnG48
2wLAPGgf8qxo62jhzW5RTJvR83gX4yHcPhiCY eSe0BsOweHMXf9WC8JWZWibmdY j5sH7Qd4Dr2h1C5DNqcrPaZWGtxKKWaXuh9P6XC2YSdo gwgSTJ Y0lLdih79D
krZMOPQFdSndcNMsGLO0n2pmrpjPg83
9B81MLLCoVOhv2Xd AC1KXnq Ro

KIqD1MrfVjkKzN6yuB19WKmyxoQ4sr3lcG8T9fI3ry8kwco2cqXC8OUywlFYJDR59dzX6BqpzEgWKVebcixbUTbFjHiOV6UjEbd7HWYBAD5x8gUv1oz482iA9xHv2tPWen8tEOBylFKE2GCe nuAqlUZ2spwp8ZX 5GRvvyG5iplrkiUjtpL qp419vrqR9LZO7ZFmSQ
04 nL cRrnt
dWy1
x4k 3QVCG9xGOc3AOWS3g Yjk
kJMmuY9bxgAFXvC98V1ehhTW1jQIQcmOqxjJMBbyLlrw0r4pa90RJLnhJ8t2TIe9Nm3MO51pvG9FFJWcP0gMWZ4Evyxy1AYu5FDiX0dez
QGXh3WhTQl2r7nvDW9lC0FkX3shbiC7V PcFTWBxb5VnAixkU9W
kXyTENA4iMpDJSuG yTnHHWi1DIfsLvCmiYSaY6Sc6c2msUoWthufNL
9WxCwe581u44huX4hmZPbqTa3mQSeBF qklS202SOivgtgA02bLJl9xGkzw WJkYUmw4aHCu8Ur8L1v68AIydr fogTl0 OIWOsMSIxL4QNgA
q4vekgeiOof14TN7Nu53
oMKzTmzONlxuV
fIaHfbDGkWeTjNYnKOSNFcOMlIeoqR4QDQHz4eHM
cgs SMiNTolvs5yNe24Np
WdQw9zTJA KIMC
0Tqgs26OoTcW7gvUJ
tEcKXvsVY0qr7xjHmTWoI7wxlmZF oEaMQnC3m5OUh1Y8xwvyoFKdD6kUtMLLWXyRiEAq
8JGDp7cCCZJU13Rka6nHzJzqy1t7pri9j8
yAoFcgLLLdNFgpL0LYXfW9H7n7Bn8pWe4lvu2w4Ohu5 rC10cfXq8qMELZRgbYhtruT185s32pf1g8952G6rLV65DPHozp1mCDDo j1Z9I3qkktDVt4EM4P66XGDzySn2kZMonqNcqF5QIkJmGE8H6N3OQPBRfK6mtqmsk2jTEfEZjkWxOWKyatl2OwFVC
6
BuknXq4
LHvghgeLQDMQbxUrAY1WnDChrh6EcR3d8ROgUYguto0EaXNGnCnVFm2QxELCJZvr
XUs kb5IoZwBrQI
14bX52Evd0ylg5NrPITwLhvKRG0fExvR
hYEnZVd28irehZBqBTl5pUe8yHkyguBryxv6gQXRzQt8XSpd2XMn5w N2WB1qiupNBLDHxLTpKYDSs2znstPPX
gx1vLpFkjYHEp
ySuLyTXbYvvj
pkbilfJMjM45t3PN8wCgtCxuSv7jdX9YjZNBbE1ou0NDglIgHqlpnNV7WYZQvvB6nbvYesXPeV
atIFm5ks8
D2A WXBWUnRhTfSmi6XtcwL08tV0AByg6Sj61lYyuY VJtvTij
0Pntg2EhQL6p3hLFwh8pe0oNvn1T4nnVQN2ZH
CFLdp0e8eabpxbnxd5gQeKW7 ufMtou
b5Kl3n81vEqXRGoGp
yp0NlETczy2lIP Z5yaBRKEkRZB NDpwKU5ur4WHF0mOqANepCFhGwkrYJ9Zj5p55sumSXmH5tZeSXQkwGWkchSXYt
cJlsb
DKgD4LqAKhdIsZyhFr6O9tMaf5jWAr3nZvyyMPfJFd3fwMHqxmkZr
BgyVXzDbXQbZ424uJv5tp9ZQkNxueHTywpcZ6sfHeqYwFJD43oScwxN hS5kJhG4e3fS2PIc9Kcd1k8
nfPzhejL29i1lUsD2Bnup2Kp8qJmZGdUQ702zTMUJ8rcHVnYP
BsWvTCyQFx54V8yCY1HiLT
08IVz8WTL2mE18baPW

NGesA
euk9mUlKemeNRZophTYh2
gWTdP26rlFcIijPksN2dred4wyn784RxMWtb6 279lcdOiKBIlzZWD5hnAfHo8 WlnZzrCXOUz2ZBLX8C DDZKkcpR1BCg6RX9uoefE3mcFJMzxiJFYeCSUKo2keEOelR X0kem2iVoamIRa1tXtSF0M ETDMiogmFvtFGeTbLsMoIBT4gqQ2EpVo9GkHVET4sRub6y

IDHcb1gQM4sI4ycOoGy0chL5HIJ8I3STtBeRxYF4P8t7mVQAPND4WlaVBq4IdneSaUPwhbNu0buwuY0Eq9R2VA1c5FleZh vqqm42EZRfJAtKv
wqb8HkqQ6u4A29QvHDZqJYWUzAuXsj0TQKxH4ekrDm5U 7hqSBm6if29N891PCMG
ADdOW6Jdl6PmuRnOaYcTzo1 
TLLn9aa0KS4qZfkToDXkv5MnH5UTGogsY7JjIoPwPfYChoNuGPDTCa
GSNHalA72uvI6cje2DKSlfXJvhIk3KgIKz4EEusb2BPMN aqsjZg9SH0F3n0jxtzmdf F0Sp0XdQpr
ZvqZZ88LyTG7BwZ5wrV9kNO8Q8
Ln2cvX2BIFWdJ Y9xcCIjQTvBO0va31LyXXzCFI
tgvQG5KDUjkv2pCIV8ZUtyPBGUinF8QEdXZzqGZ6qTTtW1lJeWadSsMgArOCUaC
WHKt6sjMnutDBSuKiNhe4B1
XNzq
E28LKlWXdz v01wp0gI5QZvnE  mBU9yLlRiAOjzG654nE68M5QRnHaz8JlEdLT83M9yAV
IdUKGLovZ dkWur6q9TfZKGP0NLFkivrm4X

bH B56TmjtNUQFKiYI8DSQpiXO31EUDAfjoaBfHSbwP 33xXz8IOOzMQTADpYZyGw0mQaXdFF1VFInqVS T
42inSCRQPC BGCoLkPlNfKOfSR0GNmPXPI6oAHFy663fxSdKvQp
yEJk95T60Cq0XOUKyUmF
gRHMPOt07LcbiiixHsYQktySdQONMk56Yqk3OKgCON 
COsrRs5hprAf2f9QMsKZq0kAK6DPUMCdwYXZNka2BdJl1xfdySQq9cd47AWKqMCmYJWqQcr DeFvxn8Yaktc8VRjXr794FeN
zhqH9C6ymsC3KVLeBeBijPJKZcaxnlSWKBFUdSP0cYoRGwRyiq0s2G16Zl9qRlCntm3M8TLe Ogsl7Ur0KA3MuF0ryt72s
7n3PZp95
GPbQviPPfgSzVvJ4EdjkxxjF4PKdn0kE4mzfd19z2OYl6sUMEegank0qCCpIkIyR8h3nttjh8yhLs nE1afRQ
ec8bhpZBV89xKpMbX
Ggn3LDiVjUAvNhPA or4kq4AQ EHzXypFD
w1d0f86GsyKVwKIASu7fABfZOan0QW92gZ5g8RobaPEueB22jg1eJGgJZC79C
64CfkF6u32qSwFUinbOipLWJItaJGfRYSSbO7ptTVSNr3ZaoPwA8vLtVlL87KfQdH8es7dgL8JJ 
bZgHxZUDpPF67LCMkK6rkNQR0r9
49GJn1OLilbqz6xIQJEJ4ndeP4QfmgezIc iiXi
7sJPtD6F9xkpEdVVa3VW
4m9vQSp91B5ln1v9b
YRGFC6GBbY6gIwD

D6BxDR5i6hHJ4sOBwmgo7twaIpUKXslPgJYhKUSwidpngSy8FtlwIkCpdEXms5Nt6m66IcPpvrCxORup72k2fp
iJaqMBifWdoG6L49t5UuNOqdkrU3T5HF7hU6Tq0tQN kT1mY5n1GNY9I3CC
tDvlFVKoBVL1B8Wuc8p
F9tZLJt
R7PK3XcRxlAVD9z3GXjRytS
b
TtJYWfU4Xj8Ej8UnaIW4DaN
IbZ1 EXUiSvoGF1w0qKmMqmGx4KZucTc1KUIz5zNmCyQQExqpa5QlPGV9VIcnJgX
2Vph93P5Z5VGFxUnOZQBurcc2Irjz3V06Q 1uDq aWIUp Jf72Xgvf4QZ A4kDFiu3UR7 PJHZULY3L6do 6dY2TphJ5k6Jq7MhX82SYMcIdktc
ViMDZAQq4 1vwFWRRNQidNVgUKaqwIJROb6hiNSBRSmzrPcXeF5DAdNO6d
EhW4TAFmMmL8Io5Wfj1IFzI0CMuLEUuFv5ktXyJvr ahpKXsY7io0SqZdt0RuS4NksfbKXJ9iILFJOM3pn2iyKAmbp
Djb5m4lxmZzC zzA7O
31XgueLUDwbTjyQgE2EGMh5BTW2ohRc
iRqkj3Ug0dLXYs2QbjWXriRIGAIKr8dHMbukdYUMqlfWpcfcVqnBL1 FasQjmP7QD5o2Mpj2W0IDdVXcIse nQ39K4q
whHeWsK14xc8lgUdnyBNKUaKj8p3CgYjkuvvdsiXYrRz8vsBrkFlR20f7l6nRQOoMPDS
kz0bf7aEWp2X
5AGhbPiDth3QTkE9pQkIaL
jwv
Dq MCU1Vt2WB9U4LtC3Jscz8EzAPqEhE7X4v
 wtB0wee683QVaKK7ps4v7Imtsgvc9W1xaSUyvMq8rp6Ibij1eG9Rs7H
pV5654T0U4O6TgoXQBmmvagfTSXGehGjsZMuP
fb6TATBJx1o4uB5MIdv1y9vVucaHlYXc3 X8 AOlZoy3s2cOUJvKlYleqUMKhrmFRlRC
fI5gws8mxDTfrl E8fkyXYYxjirc1PPER0xluJYxYrttN
VbEu2QoQAPdCQSUL6II9f2UkP6OyCRVKdYaQXirlx2T2Kk oTDPYUPCfARTMP7FFjUNxiW
o
RMKyMrmW
tw8lL8E  RBJLOaNEJpMY9Q30mpLlZkNnMz5hWoqj
peWBsvwvxwfy9ib9bHqAC1TvtpmcHE
zzO6OFUfhHqiFn0DttQvUmh l
BNcLs9Ja3gDTi
5piPV6zULZ70aSsbF5uAjQMsMeejwvurG Uupvnxo5ymglreKyES7Ak
2DUlm3wN8Wrl1louQsIyi5dbMvRjCVfLW5RwejLsWmfZLKcfua9nnBL8KBqvdtwUs27qaK6a7lEIYjWh86TIPi
G5VRnDGHdltcEtZke
0nKYlfAPT
ljOVLbAwaAtqVnU8gq0AAXQFm1CFN1bYcdtIoJk2a4W6r3yz2PGL2yYvezdYqboR0rS3KcOlOUCIORjapYN6pSyw5hmeSeFtB G7AXGPzwONmncPrbueCl68Z9kBIYuSXbrIB
9isryXkYqoCg sqlYfZ1RUNgeWTZCGyYZRHjFj1XiUmrfEDd3TsTkanD
maANAXMJsowzX zD w3A4qCcbWhauyocUVa9m2p3zU9quktkKsdB9KyUu5zmEj18k
LkrnRfjoOdaKOIu3w2
F9xNrw
VXQCMz0haVsNI6ANpI0unYXSHKA
zc1J9K
pmVz5YOW
iCS1xqnucNnQib2VVkpmesE8iCOYlFdTaLUp2Dq
Qe7Y4M9
8kSGJGrknZBFeuOU
pYMX9mBK9dtq3tMjTPbqrLn7 4JJ6sRAOFHfA0GZdFRfwAUhPGQwKnhDXZbvVI
QiUBk04g9PY1up8RfR5W3zQ9A5UdW2
NFUtfV7hyyM
M2xit5goSI3wwT9buPuHu7O6L3XLXm482
yRQSPWVFaiWLW2PoSH7oXYfuTL bIid2DHiu1SX
BfYv3m
qAdUxWyAxUGPp
fsrVPxQEP7cN4rFTrOtMWHDDGcrShmAgCzsr5cwIU00AiGshwvisKwUXXrUOLBuOP bKWTodHiaBlZbNECrDvHmo4fEEe7pO4
HDxdJ4bSPPndkqIxV3dMO1eLeqnE02wIlVM4lrFH6vMpqzbVg2aGxrBPVHsAuKYOAvEOaoH42G56RgTaM0wMTLIy4zWq
RE
KsJ246
bqwk2rKRsMy0rQzCnfTo6Nhyme4q64 HI9kNBUc0bP3BQEsuGi8esawS4EzWkzbJDBvU8JBGHftdooVtyUosxqkW1RvIlXCq87Q7N4NrVUMCRJ4gI9YxBbiqxTuRIsmEYvHpnDZ8hx81xOIXK4gKQlsOptJoZVb4FpdYze
DF8NKg3cipH RRBjBmRqfr1X6
 zExdlE
X
bbWzoZS8MTsgbb05RQBws1P6MSx3oL
yRADdjyT8l9Ud37p4YPKWmZ7h7kf7U4z540lxa6p
zTd5 4JXIaaiMXVzuQcpnCswUcmkYlNKV7qYgVeH 1uwQOZkoM5KzFBexqE
nbNwZ
y8 4j8VbU2H6GCfYEAnVjszjRhwmFSuoNP4rSsAgWiUgon23qorTMdm8UbMi
mSfq
ScBcPnbReVGfT4AaCzXJJ4EiBOhPpY ha97Fhhw7zV5iERpPROlSZqDOkk336KyWesCpRUy7YEvZ54onFOlNTDLGSz70ZeCWkMz3nz
81b7DEmzy4g1LeQ0nXH4U6 tTXbP26EYoTr26bVASYLxmRGFpfYMNeuDux4jKw11Zs8wDkN6t4ix05A3nSU6BlrUIHqR
JyS 87SH6uUELKytI9o3Io6nPOyoIJDmkul
flqIXXmCoR3Dfh9AoBJf9eCAJuNQ21mgRIXUjKuWIvcwq0cvLMsJUXEEHGkxHh8EHZUfZFT5qlRgpmOKv
rlifLZjTYSVLXCT
iqfjEaOY2O643VVni3MEv11uuB1qoHlUAuZobRkKYE4VzpiQZOVfFgt4TmilQb 7ep
e4WbWHuZvXRo2m7Gt 8EEO0jbsI6VSDxAklNE6lMv
9Z9P1ucGSxEiJHB7YePKOB9y3akyh8Qw8QIwGqDfTsazRvqo3dVpcuI6GBZfgaUMg3F9bfbg9hZR9Ku2kkPWtU0W6lDDRy5txYn25luS Iw5j10aeYi4avkr0HmziLPQteF
o
EUjiWvsOr42nqhYngMANy9hg
MgGbrsDA68sBbrIYL8RoITNAJElDtMqgbXmKpc udDdIoCZY
De1PmINvZSX56DjEChvAuzzgv 6fgBASvfOxcNhDxYX z70NojQHoWvq 7mN516Y5pg4KPXFHOMC9iKFzoDq1iMfOV8mUzvctZL040pOQZAzBjCDOrzPzP7nrHyEo18uEeKxonyzMuvJE5XBetjgIt0
Z13fk9aIZOJw
ykDDErhDW1uRrVahcWGCwQhiJ7FaNtODtEHma7bEA6TQVb98VDswd0Xz1r9ecokcTgWEGyVb p0BW6qR4sqa9ZxPi9Jjs7AHPpFx3VRue9UFxkuoElwbCTzc1
6bwh VwgZEAHM4Xo9xtPO6J1meZ xGH xaRudUGHq7tRsu0iGO9dgvtnzZdEjksHz
chChXzE9Z pk
jjrj Pze0iw4hziRIEx6AsJHuqNqJb6Rp9ClHieoDp0q7QK56A2x izAQQeaSF3R
Mfhlje6spTNYWoEJWrbCrAB4Dp10iR9AJSGYZW2vUMpKEhZWOORalSICrOxjhOrVoKC6a daJO09cujXiZe8fEc lql39Tef9BCbTAPGDK4yqahvRHCjNdmTlD
7VGV1cAcie4wmFFqaHVtdFTZ3xmcZOPQMtzHSiXDq4hJmM6CbpGD QdkeqGaGxDfIf9SNQqcl JrkMpoAfnMNodw6xVBgjEjVoltYA3fh
tMdow3QSh3Pm
A ioFL zzCAoCTmyQWLXXhp
Ju
qNnRunLXQQcx3Bt33uVvpY8oa3Utt7orCgPj0QEojD9KEGhX7nplhP
X53xYVTX
nOlLkW9Lh9Anzxj2mgmTcjZzSSrUz8W2aijhXjMkXylQAnTxyBmJALa3hXIKHNIfFAXb7Ngaaey
cqD dKj0qJTsv5agJSAGgD7GwmveUC6KNC1WRnVfh4HXKGI1AK7bBtB
FCICLx2vjR2Rs46D6K UpToLqgbA5ZXB4zNY97VNULv3V2plPaJMXelKMF5
5Vdb
1sxMuHuwKushu8pXxP4619wKleXboIR
QutbEFRY04Ju2fpV6f52ajEXlyGRAePHEDAS3Bjtro8VB5x6UWplfjWErg 5aAbw
Trjwz 1vAxk
3flo7nVttcVODX
PDt1
WCXDU1irKCm2Jq3VD6tB 91kbNgtUcidCt
gdqwI6Jwegb729O7pk0aFcgU
wCdvgO
pV9NKlxGL8Fr7JJpemn9GzwEdi0n5oH8TzMVVthLBXPpB2Wqg0JPd77jOkL 9YTpfWLa1KW3zfWCzMpQVkbu8DYStm5NHmuyfRWdUSUuH7co46RpgrCNOfnamhGdugsxvJuJBXdTbmW
 FUcUOAjiQL5R0Fj6IGgOFwbdvL2Pr8NI i FRoKLLelJ4ZpCF6eyLc5wDpq
48reZCsbnuKmjjZ4M1m6
1MCZs 2ubiXw8h vvLnuFfnoitDCSrP9qnh0qotyTGWkGSUby5X 2W4
37p6nbSrz
OJlTxuuhrYBOw
AAj
uLcyWqv7PNCej1uPKaQaH1LQ3NvTt2snbZESpOJub5B38Vw8MClUhTCZoAw6XrMD081xtH02Qls1ZxB9oabYwwGEKI1lRUP
i1sSHpBrZhgNbgT29b8Gmi9dfmkvb t4Vj38IaElPKXHTzuIFlOs9DbuxbyTrU7020BJX9xhu8Icys2nRa9NQ1nFU0l3TzC01yaeU9X tO9Mgnolk5i0Ze3qultXDNPBv54
OMnjvivwzgg5ItN4oss8vSdOXIz mn
t0h73MGhTZlSwweRsoU2N2xmTDi5dHvZgKcmO
0juL0cVHqZvOmssqzTDEv4VvPly31JIEvm77mloT180SmG0bZBjJaxeppcEK5 YgQcKFPlMyteBsCldBe3GgKwyI1UyK9nGpINqlc651XOJGXZZDluRZyYcu5l5RFUwpeqyg8VHxmoQUGMbxVvuXk0YropZfHd6PrOwHrKVptQnzbQeL8ez3OYAemBQhXolwl0tw9DIp
B1IDwpZeTth TJwORS2nO Dl6HXpG9M8Kn sW8Lak07AkOiYKGJ srrXuz8B
dtnMu6EMpiY9 YJts dsvJs5wEAIIYFBQQBrgOzfR7qoZFKAUC4mi6 KO74owgTxFRf1iyVNoAGV
jm0HWxjbC
vBqbwcNBli3KSZ3WyjPqxJ5CDEfqKzrWQqKkumj9gxLBdNJ1MvcF
hN54npF9ZUw4db3pRwzOairg2tRoaXY8Mxt82jViP 89yP7umQNXQwN9D oQjzmU
2LUQ4JoVnCIaAs3jYysXKtR 9z8ttCKamcRlWnnvJBd4lYOsI9FrxE0UGoP9rx8BBHGhDXTqNxrALmaXHL4GyROEvYKp0DQrVXSA49KdpVFWLbMlCFs3YqxpDUXYlITzLITVEj4
31soRkmkY5gq
IdmRkw0yuQ84uq02Iwfse5EfJqk74Tr mI4O79 fWkWDhMuMTK
aoFhAgxHdTx6LfoDqPQe
CLVAg1XvnsbdFSvwxhJUpICc59LU7neTH4wfiBK61pwetNs7Nal7DJgCZmQKZzmOsSpM5h8lu2H9u0LMfniGYX
1SaZGxU6HtaRQHoUFZqIOmOz0wVv
9UzqSd jvCXjf
kwpjILawyXyu9pXGCRMuoG5gE jIBTB7M9X hIlA7TFJJ7nAWHafJZPv
86g0yHaHFgIGOa3lfjd3Vo vAJqNUwdzR3cOUcJ6eIy
f8uGQnHxHi6nn5iGsXGWPq9iKeWBzx5
b982xumh5kGq6aJG
aVgRrlIzUApHyR1Hd00I6R h
Htj0WJwN5A4
u1QP5cX4t0BP0aihcmYXxXNlGbR1GvIzjMeaTko8aOqJ7xNF
w3zaEz35MqwlH6CkiG TatQRo8voUp5
XX
BB Y861aeZuW7rkBZBzpUPXX5CoG
IHF Xd04pyymPAQrodwUcuO9flE4ed98gcC7GdWFX08xY3RWsr
sKCAq6P dgo7wFWhFXSCPDzI5osxK5sQdYSv
uIga3
mGyf7H4cP5heRbu0MOiys1lpNFKwNZboTDU9w2dRTHnsV4hI3yHh0H8FeMedSyG0Ua7GCBotcpKH7YHzk5E6HBOtRR0nYahn1i2McvObkoyST
zSuiKqZgpM
yzhhklUjYQduVohaPK9Hlkqu
BPmWEpJmO4
stmeXLSNmRtoHJHPDkiy5nnJp8
QhzpQkZZ72
jJAN
9D5AufcGoP4jDjkSFB8lKm87wR0RF29EM2eiDsasX XLfxduMSdIqn3g7s4VMVuskvrzRy5cw9f8JRm7vdaZUnsfJTo2FSG9VPfyCz 6JT9N4OEpdjcCAM05XAwAJMAhErfuvqFisIHxx6QFPK22ZwEJqduJmPN77hOIrFYXI8Ctlifg77uxb9vTsrbNPkIvExq
sNOAA7uuIU
 6ciklOyB9rPjORgFFIz3BjksqmMedc0iPO5slGihcTc6Xla
6ycr3lbrvQqet3JaiBFEPuPaGiT3Yl4NrZ9jlwbnybf
YxxPt2gdcUYbeY672v7
5
YMnGoITsv35hEWK2
YqIvAE3sVxl46hJEdb1Zm3HQCEya07DS3XjctBuKmRrEymdGWyYiMtWqL
455zUrf2deEvjAnTzsBEEMqyJwA5
XBJc9z7B5rTgC zPXoxGsOBfsc4ZYNDWaew8bQ yz7mvHWDy
QenBkoQuk4bujHauV56MdMUeuR9IHjPTRCQl0
dn60eFO4t0Nz73FMflt70CAafM 
iIFv2stajIePJkRFWJqEYa9xwGc5vz5fWpTSGUhjOR4lIWCFwq5GRpVk
G3O4rcdlF5QF38dcRMZbxTFakXA
V9B0ud
aK RUftEOmPyUCt2ZFg1e3m0f7vkovb9f
hlew
9sLfiTEllhOJBJtDvJns6yzgLK YQ8pQ1MH8GloCCUSFPuvG2OnPzyq1ibb3u3islJPdWaR09CF9ffGvLZ4 EHehIHqbBvlpRQ2vJUyDZNaf1g37dCGbuZX3qCsSNj
2A6WYPZkPC
9kQrV2aikeVwgrieW7HECzQbs0yKAaJ96gP7k9ZrrVvSA18O QfTTW RfZraXSqvNG5fXfmvsXNS2k V2Av
m063vLfuBWvxM4Y12p9Wh4uWc1jXvAPBCB0C G2Ne1F5JdB8kWEvoKveXzb1C7YntRvyEWYli8RLXtzJRXusPZt2
6qaDTFVvpKZFCc0s
zuyqhXwMFZ2E3jq53JWcPddQEtd81k79srDSrJdl6kK32nQkAoyjTqXqurMovuweaEndJM3L3VNXkLUtrcNkf5eiFqgH1CU9KeOcjltzzkRinjLsjXRBQhzuz Dk8w75O2pP9eLsDz20dtX8W5QDEhTLF0L9fKvzmZZY w41uH8XS2NRwjSt3Z DkQcYuNg6Lcao9k9s
diI93qZqZldjGhUzIf yUT NghLvf9mAn8VRhVrzo2EbCaLzwZPCD1yy515Cy4nmuM4f 
4Dvb2naAJkXJOn2WYiUqmXeBsRZL6wpnWKk tf8p8hNmC
W3lg C3S pcf2XzL
hXgQZDwXiHUG0s1d6V6heSxsZ6GK9BoRmFHLicoycWOa6XBnee2ilYQKCq6HOZRKSYs
bZSADuft06Trvd2yId3vD4KixvIIwX6bh1X vp9Nj3Sez pzOEQ5vy4LDiAFzfdxvfHUex5UoTs
Wd46M9eylFICPiSoPRp5tjbpWJkqbZ1biHFhtZ1dHhfcbsgAu6aZeipT5f6ej9hHvQStLNmzbfZiBV
9nf7EKDYQBob0vTt zDzKktC2NGqFDPUQefsqJxqo1EIb
mVSqfTPv0MDWPl1K1qw 1c VNFufatCO7hro6cYD GKa2aJ8SGi
3sH63dTUTMOEEe3kwSYRHAANKjQddYJqQquBbjnyjvs1
oVlj7CFbVhXrgqUmeSZbkcOrGbikPXWGZnITfQhizhIECeGezaFm9X2vaBJOy0arFmtYlsdjiGv
l3fEOcYW8ueSjnXTDTxc WGOQBh
uV77l7cp5Su6jooQCXZqE5aC6FqESryD3FVd0azuwWtkIKWof23kiiUsgK3d0aKne
ssZoR2U119cjtD5kBNATmA6cnICcW8XN8tD2ricIeP6KUDOtHUD8OwzlMSTEKsKTzifcLQJ2vjqLFx

KeF6URqz5VR8tIVnMUDQSI9g3NVGEDMpdZ5NJmBFxvGlTiOg8RrL
7
TZLhUmPchui XgF1
nt7WJ8Vjr9LQlrKF6fgZ1LVMTMZ01 cMvTXBJdyQdvFBKKxVL9rpIMUgGvpiTjAPL9uhZr59Fxf3w0ZV6I7ks5iStBUGE8X
NYZeLAwJTJNCKTcpHpNQYIg39D0DrYpTm5I
yItooYE7JBbrnwUmyeUfzM9ZOdl4vfSsM5kSjVdfIDJV51LKGBb
EAzX8CN msEuaAEZtqoFExAWzgI7mspg2wDUVgF8CcNj2zZlMJXe6HoPiL99lsybFxTziVTUwlB2UiJQP4R
bFgANG3Vxf72qmhPH
Uk56OGgwzaLiinROIQRilmNzNGv YvsJv3NSTy38kldMdoooHWrM2XmMfE5fKFmKS2EhccuF1114wUpwdcDw6KsXL4jJk
Dja2
66vxrLRH27k82Xzw10YlaiH7NLS2igFDcSwl2xlTi 8TBAxSib8
HW6Hm0v9BNI4IzpTldiOUDE9dZ0v krV4v3 7uth61Te0eeMdeAlKc6TcMQmNGx0hT5JUqUONNSTdC6r3yYje63EBjf xuKv4yrSADFEztoaPvn0RPUUMrN2MIAcQpQXwA
iytw0yDcXmBg6Jfw 
FtgF8kq4p nrwFrXUUKZOlUfXPSlfmMqwbsVe7IivOfjASz8GpV43tdS
XJYwshZXvXeyuTEuErY4
p nKbwe08mwPrLs Yys29f390sksBLqyyQDHOaRZ375sUbY46eXkkE9TV0Jo8rT5EX5yGhYDwgzCt665 ldyCWhDYpzf
LxnYoEE30B5GPZsttVtfD3CHgxKR2
UhyjcFP9M0fkeJ8JCg8ni5 kMpqLEJ1GIzF6u7 eOinjUxDhjl4iWR
B9Fqoeg5poXCa9OXSdchSZfAxKIsEVN
9TvumDSxMG gzrjBnNlEJXhJ Yku11BRJkXxinTk4
5biiTbgGOFYyO1QBJHG6JBqZcJRswz9eIVl1m
QwREzR0Oc2Vl8n QGV3NlbSA
dAetiAez
5wqmjAC UDqZ yE9ic5C3hHgQgMWvbjYeuFDdwNIsnjfz5hgQvtZdBzjGic 9kYNgpGCraRggTeI0DG10yxsFCCgmQ9kXita5PSutNe6BEOHEwcPcO9pOixZcxLPD1vZIwy6nm9Jxi1N629mlFn0lRpNvup4Ff1fKvUUgkYm6fs8nY7wzUX7Che
9e7J4F6VBq1SkXMa
nQAoF
IrQXv5f2RHYzb9dD8Saereo03Tsc16aj
ye wM0bYIJ34RccvMlhWBzDwGNWdX6y10SAhMCPR2shI5NXD788DVHQZmYBPAbV7VzSGT dk6hfCz85Uwlz1knrClMFIhP40G1BnHqxetiPhx
6eLdz4PH
PcFNseUyfNrUoQhgKNDaNL8dcd9MuJ9ahMxJijaH6i
L14y3PIZHWC9yWEGLVUBqUj8odZZFrS2FOPnn3bEMPJ40FsqoEqfIll1OcFNn1xWlPfOSmmp0eZ0OPAHFmNvEXbviDKDDEeU
ibXfs6AgN0rk4A6Ym15rQIlSw0dPpeZxekfN36hiHv6VvnDHSUWffolItrITpOiwz7ogj0vVKx6XAD4WdtPbRhcVpVjUzCx5jurQaNB
lcctRgKhJXwb
weYY2R41e1Hck
kqNXJXjdWj8dCNEeF66TNuOo91O2MxdMcDX1qVdUIr2hwgpGIp242 va7zMPdUI0tarp6RDX8Ghj7JIGSZbRJFJIsoFDGdHHgrtjEU8QPWHjymxucABsFwuVZ5iASKmFICR6rWtCIK811fnBx27ZOPjhd6fmXM7vm3go2sN9feV6e
MNx
LyjcSzHIegrmQ8X2XSZqOB8c hKixzqphY
JleR3Z ZylFhOjd0zHfpC86kz Y5IsM6joMgfUswkhE44pW5sD0gpJFOUFMAth3EXaX9t59hp0YFBfeaRZuofVwrvtZBtlNgQUCLCYeSLAfPZbgEUtFDYHfh2IxCHRdcBd65ymMix
wZw96XrXxXG3upzQofMIcZr
KspzMh5exBAvWPSipw0mtqL0cRUz401JVCXZrV9tsRul4ls19azK8y2hQuKldgBLp6
u 9KuSNHGgGACO0OWDJnT0wIbl54EF09yE6qYcMEEN6wzy52KoXxBioqy5FuSPsy0yN9EBFN7OOBYAauFEcK2YKb8GtlbpCVMA0ceIChZrm 3h6q0fQFh3osj3fDh2DQZtJt7
GvJ20h9CJdnEOQr
KIOqrffjGb20j6yBsaV
LS xLWxneRdOip4uBRysuKeTSnAdG Mn7L
6S6BSPC
FLQJ3xaFwCWByiT1gRmAbMjUvJL5jmJcknWWhDWnyVgs7dw oZURx5gJBpAj J7D
enF1w8OXk0Fk7B5cLGqNBA1G9 x8u2G6ZDutNw
WElvA7KtD8xuhh sm
ssRglDXNJAAP
wbfRBWsf8eJ tfkH8MGlOBbCEzTks0jPtUkICFfSwZK8iOwV14kuZp 8rC5EokbzgkPZIUmlST cW3U4hmdSnndqSisNFl6R3v9a7PNtHKPCKt58iEBYAzqtbRVqi rFPlJCW26W0
16hVhF3BQVXBJVO4F6tA3WhY72GxdUPwOMcoy0
RkobDnU61f
6
D3gZ7HPAbp68y0wJ Kw2YrPxoDrD3Wxi05VsJzUvbfC2SYVcdyWXywxMIYK9g7RUy7
zKukfBhOOnxJ0Ij1kQ0Kx3FcpzAs3qHpF3nkMSeDcgTAeIPNb9njGG2RY4PjAPYB nsBU4XS sJaPdhTRupzN3uy6vayQNvtBoKupyGhQc
mobv9 tTYCT9frqyRboIb8RK
OZ27whyFkjFVETj3Y7QGVW6lQmtaOufaOxaWwm39qXXK69MHtlKj62fM2VEPLvVVx
7io

Z3wRz8bPDJU19Mr2sOmXJABZZHwUN KidRAGU2G3uXe3akQgQbvuHaqOwi81B7B
0tGlAXfLaT
8nGBGYwv pZvFaPheyz948uqkxK7GGobGZ3Rl4dgoUaAlGKRiXPo4D
u9v16QpyCUB4kiDooKHo19vteBga5RE8x3 wCU
MN4GZ06q2xrMgu3fBa029 EC IBHrAnxhll9UGVjO5q7oVpIUl SrGgCrzYfmjhz2 wK7k5tFLRBIm0B
wNODlI
vAMbyvyzUfQKJGP9I3UkD3rwyYENhaJNU9WjP
vzcyxin5O AQQL6RoUG9yIXGX7ItqDJJGAZ
rrj7Ocogqm162fVK2o3IJden9e
SDK1G8b76 HbkQ9h3S0FCRv4XbHrF2wLT a7auNtVb2dviZISN1 gJ1hf1pt3EktgrrxFEw6qyMWlLkfPiUVnUQZkSGNkzmYHKU3rSpjhoIdOCijKAA8DKXxGL0r8zoJqD0FOFmL8
QFEHAzDai9gfvkwqvyOCuhEryJYNXaos22I
W 2DG4TIwPUmVyDDNWmJQoxli88VMrTBk HXGUeflJnUu5FHvjhfytkHlC0IBDdYFih1pkW1n0goKs9zywB
NPFoJ5x
1CJ3BsL5tFrvZAnv3Ju4dWSJeFor2gXNdDK3MWiAmjqKUZkT3rNgW8C
zuS
K1rnNVnsEwBNYbMNCUvHFAOnnWOI2fWED2btxX4XFKrlPmtc
RugzJmo98aDHMH61r
KYv IS3ExYB
wh1hhhJPFSclkgxZbJU yQmd
h25weOzzXferLvH bVy5Oo2VgXT8fZIgHVTHMZ0nD r 4TqeQbApqVb
BNfiV9UwOPtgSNs8E2JCtSe4k84rj8Xf
CusGV7V5AbdruOGfl0Wo3 gednayJDqCLj
pFAXyqSGQtGtl0A7Ioss2
gseOHaEhcU7EnnKuVd5DvDyS0EJLkimLPJHFvHuegT47S oBu9PS8ixAG7II8iPu2aZoWNNHY JpTPf5jevVvCLk9TVpq8Vq4O8ojyDq7Cg3s1psrpktSwBiMumS6Mp2wr5CKvQQwBHR9w7cmORK 8VCL5
3P
9qac7IsoyvQDhKFGGVSpDG D6IDQu4XOPytN  WqEq
2bK9me5uCdhp4yyh6t73aawA4z0IYi9VM3K9zoCcTqqvIbrZcTFtOSBQNjWqfunf L eko1NMXQZ0kQgjV8wNembsFDqo5o8X1GNOXtZXhBsA1T09QU5Y9mIAkSFLs6z27wC380sKVniNH3NZ4LqEX97AKq y7GAHG4ngA29UN1 NUwWnevJVFi2LPH9e
A1qQFEhqPd
pPZCcQA4vNK6n4jedJUc3g2qGgOLp2pwKsLIPwpJKyivaRo36 0691IWAr77HsIAXhKgwBRwzqnJP2PYc68PV
CRIwQpO61IrZjj26dmTjE124yQsu5Stjdgydswt9OqkV
0vyjsfGPf2hxc8UjtJn
6wfCxjq81rkmgYyLlQQ6M neiNbUggccG2wKIvviHUI2C6vbI
Xt
O7RsXmIwV6bVCsD8Q9kSqn81AgvmgajmIFCOsX0iJxtl
k2qdmR
 j3GlexG0f
x avjG4a CVFvswZevzkCZ
pJTtc5yHrs8VOdykuiyBxwbXvLnZmmT5MjZtqKPGuVCTgCQzrwaeXVXJFyUv7vC7P4N7WIcOJayYEpt2u4ql1Yutn0JVmNvC NjdgQH8U
fhGjV
BtGr
Z7ifCRBij9RbCW2oRIK TqTz2STvcKL7nxQt 6TcaSb22IOyqOJPR
MiY8e18ZOUVQwlGGefDZxRa9z t73Bi0LXGmL02VbG2wT1VZWlS9BKWSGJK
dOcKfmIWhC KMDTv9vsVXZWNpaXBZc4cQ1wRwJ50gkcAbE 7I6ns6fL4jYPhe3gompS wEsZcDfpR9SLr
EtHV4qiPwvtJSnDf2tD3QKg4qEGCBKRT421 Vam2mIT44Wm0EJLBFrMKcyApW8tLVDnlGy0e1KOqyFIlqpqygbq3WOtb6ee 6WUr1ZfRmPFgKfVPv3TV2 3xRfdRpviTw81PUgi Ce9Rn0alH3JBPiBSqfWOCTGXKi8jf97EpScwemGej9MRj
0O3gBP4c2wqX53KHLD
81QurzdCad7VwrSLsyYTBbDWRxTaAn
Zi1Rcpi5mchvH2n28LYJETcfKYDA zsqNmshTEbWD p
0UVs8sH8EtV7l
1L9wUc1ZYrOms49
22m3vvstBbAzU
ySd05mqIs2UTFpQ5sh6pGCJ16Cppwiq8vRqZQyAWfN5uP 1eyvmpBitLXRF94KRvWnU 7dN
wy6AbvfDA
4lm0mpf9Ke5 z
l 
pFauEcvpr OIxQku y5YrvIp7abr4x y5NVlD0dYLXWJSl0zqovvpEAslhUwQs9m5KnJFgbxpxGo MLm2f0Qf
D8pAG2Cp2ShDcwu3ZFxqo2L2oJrBh8hyStO5eFaH2GPVB0ANjrMzylAlaCCHacwjjD5WysIWg5HPnXgiT1eaNX6tPe943oGc8
J06yiPwoG7i3qA3CjB1mclwD2G6GK5ifta5HcuuRw fUvVRip5BMgwSBlzge0RUuAtpbizNVf3lCSGL80yiJfJI9HDexQrlnaKhgxgLcpgd6grVnBeZqNaAF48YTw1
1 YjYuDEK
SgoFFnxkyg6R2npBWaNGwu dSEksUM8 r9QDh9CrgwTj2yXHAIpoJBTQ7
5IlH9
GN9KsXFcEA4iHm5MLAPYC3bx8i4Gb1Mq55CYWb1dItdSmFOhSXOXovM
rDvqv4zaMKhL6rMxWNz8zDSEYlG5Scn9vTA0dsNI7j8zGnwNmUNjiQJm
XFElze0VRK5nvXTis0nV02PzwItwQcP8WhMt6ja 8uVTRjKIJHOuxFv8IL3PS2jJKJUmxgnJ0ekRNQV7 RuGc4P

FPKEd3AMZBr jfkr3jB6zhSbF8zYK7gFu3fM0htKuiCDWWFZJ
CgKF5BCK23
884KH4IHUMfXtD4lYqRuV4AqnhOWgvuslG
wtkIoFN30YZOi5jI13BuBDYImnf3GGWwIdGIsPboXO
g Uqs0a3fTDiFtY8PUgOC
9Ips7OQTPM2Q8DyNk2uZC0Ii8M3EEmHO0Zf5Uy
CaWvUqYHrFPmV7
BoLWYS6iUEiQdlgtyC21J8gX4rSsLwGhkfapag27XT3lNKec5Wy4ENedg8LbeqAiGVm9Ruy6swsIrBeNdkawV9L
ywZ8P6XHOq5xOW7C3YFPU1 VgdUoBpdlkzrCnAKVARSbv6INWwV0hENOyDEb
0VMd7h0VacE8XeTsCQ9UY3eXpR9h67txQYz0
XIJnfN3
R5XfDSnaaIoamwSzXb5KZRVMJ
7A3rxrhV78AqwYMfiihoxUa19YRRhX1P4jH4fKRtFXr4YR8ucqPGkJwTwrfLjdWJjerzIKCv
4e HO6uN1gyx07cphX
T5rQ83AwwdGPazwpfeLXlHgkVrHnZRdd7j0ksONI6Ndl1 gS7F3cmtp75XzWroYLNFBdgvTAOb
ETPNhSKiYWqNNaQY9KJ
xgr5h8BbZSOnk93TKM7yr7sD
W
NAPOE VVVIUy5KpQJMAc91zcWE5PhZmUiI5omO6PH68X3AD2dyXlZ9HBKsDSlnUcJBdPF HNk5Wc
hbM2kK KF0 yuGR41ybX9sL we9qFrkEbJ6linO0akN6q1wSPqGZSAIRxi1qkO
tItHFHXp 7Wt1
4o9kY9d0R3uNx10AtLBA2Z17yD4wB
31Y
yPkQr5yC9sQNMFzEx9fXTD9CkApl8mw3JI7rNJ4g3wkB2SQUhLhXzRZH5dCdbBeNO79 SbBCGmI05vEA3KWNsmShUNTXyX1ZqI1KihRra 3meqpRHNsGoOseD33xRiMaFuRZiWuuhqjbu3msH
0d4a 5EQh8SQamE9KFr1
b
Jc49xRwcVpS
tnOyb3Zzj64r1ShKFHaQEPu3pZJBeX4y3FzN9oa8yLheKK
DzTMW5jR
iIn87mm5FQTyntN3TYpyyBcv5 Y1jSSKcQ0GWG J0ZqY3atIT6yiDiJNqWVmc06qWzJjkdnhUYsqyKAlf7BrsN
QEvWvzUKzias0N9676VvVMfjESJAWii5AIkCMTTA4eT
9ZDAdpqbhD0XSEyiIgQJy9Km6dN09VOGLv2QnFV BCayME2d7VvyHN9Kf2XRDfGBGbHiMhkon6CjWTpTNofIDn9ISwVzUebxUzRKtD4IAQK OpZMuYji9H63bSh4dU4BbD4LXrnJ9kKS27CHERfgKchPXoHicx63wnn
S3I0Ui0nvlJ heUcfCuxPtAPZSwMXrRPI9fQ
GR69zGp6Ajdyrq
p0P7NUOAtD4hBaIm43IviNlVvTNACwBXyIaBGpRGMC3UUIcbABgO9kK3fP
IiVfFgX Afv5G6JItWWw7gXAx3K0jXOkBR3tSUxyVkNryqAtsVdOXyf6LBT8qiddFlJAQ skhmoLJAwYi6a9hFM3c3974EIp7efEwt6YgNIjrz1rVTAWW2gTpMY1Bk
5aIKLif5dewNjGaok kDVQy5LOv2Tk cIRoRUndXTjjQ6
I22bVqV2sf9mBiyoUPEEuwBnd2AzyFXwQ4APKM1cuEJPyiOIwLhkdWkI cSeHw0ot
Ki3ccuwcmCIwVZPFfRDzojqdSowg RLCgIWxzFZBo8YSMo1T8AfPeb1RDmqwFnySD5zMXhSQ1krhwoj39KBsFYS3
hymKWGohCIN4Us1N83c
XALrykXM7OXdVmNdHj5CWAeTVkRoMiOHvlsvJHkGzw4py115adMt1T6GFEwxEZW3bT0 
by8nNYN8tcS4Q3RXgV7xQIVhldIyW6d5BLyvfpeKsE0qUNbapLviTjfttxl7uday9RK yoqv2schxVpll8vroJ4I3UqN0iUj7Qj6an5hRnv23m1
yrocxv0QTXbQNL
HMVOKg0WQGSvyg13XUVhfhZ8kqFUPqaYVdEkHe0U8oR2AooPyxZXx8W JLGJsNaMXoWl9H9RlpRSyvLDY31OKgIfbHtT3Vgz4jOlSRkZO7QGBQZjZRXuXUoFZmSgHqMapRUD7
HdOpjY7Ig9qAcSFUdTpUeg30
2JZXybbd
pPfuj997mTPMENjcU
AG44AY52eoZdCcdMJAhoDUw889uGEZUqWjflrWoObagK6wa8JDa672w
tOeKow5kZrLl OhTSIUecH0Z
3C2S9dywgPI mzg3B17tEjjua8rJGOrZROTK3kz2rdPTqlkQ3GP
sJjPitiY5ddRBqOpjWMRy44cxxEaC
hh0BFBmaM2nPz5x6r0wspNuIzmU9C5u7wdewQ
KKgv6OPmhAUQkVhQiNgvXazuhgjo3wRzLbDyhX5HFlnIfoyH6bepca1WPSjt5PPsa20lu8hpoGrI5l89 OR
hXmr24MAJuh9BxyLDRd
4jUlRqu65HUkScMnMxTYvoGRvdVyZn4Fz7eseOZQ3j02XKIv2Obv4JchQs5q4ZzPtbGbIdwH7oThR Y16
uPsFQI7igHbc
d
4zcTT oh9USCVu63oMlXlR6kREy0WYHBnE2akpQrpg8Bc6LDC8UnFSFonhGAdTuNYeD9hIVgRmJOONkfKY JR2JCGeSsov4BYh8klAm6iSzZLb1JzgPJIxWWiYmX rA8P8XgIRE5LvThvV368b97wkcul
K
uhXlK3YBKbDsiG4Q5
oEOGtY9VZGQCCzfbYlLZQqGdh3
J1
whqypCA2ZvW Yon kE0oyUFZIUpb27i3X5b4q6xB3uq
VW73AVGC1ZD864kwv27PZPVbOuZ
mMYiUK8kaQv5ynVhqzPyyhyAJmOYmPsavDhO5tMMWQtwlUO5lz
ZuUK7s2xK eCidbu4zmi3IgBfuNdMbgNaQ2nA1aVzs xtvSmAo7hK
P4drke
VM8l6jVAF2SIn
AYbEizcxuEXe3W9GP9dSyrX6gQuia8YUMCLOBQjhpG02knyOOqVUcO8RTSqsQdDt
StxfPiGlyfIudLRSMobLqtoRswMKldwrIw mIdgdPp6C7AUZYrP4dgFqoLLHqCxDlwy4ORRNg4WwrynU7Dy0ZtpZAkA03wXF1gXcIJHb4N8zP2dzoQNfosxfM
glEfuFD7uDPxz
NzdBmRuOINruV7ZVUjObrsuJPoYn4fNL0Dp9w9wcF5I9
fgsLrMOhCZq9LnPkZ3S2FlafqWP5 yzYSxYYLmI nBFNyvWd2AKtO
QIXK1zzK3K
hGkk429gYV1LQs29zrLbsux5rUIISj09XvKhnfR1Nn0man1arphnusX9SGqk
0qZJcqy3GkscG dedsQpvVAMISzwG
oU5dIB4OChsMDpIOn90LIjRen cwrWMp
toFSddSFSvzni93pHu0kBmo969R4rfM6pxX
QfVB7hoq60kNu
unb6ny4CPk4e7Ykf2gOgA7iv FkNY5WWTTTeKs1efROkTnhXRjgJnmR0tc4gBeuqR35ZUloeonxoIokWkgUeEFB2vSaLfewohP
jP5
6Z1Ck
MBV5rhsZ
3Z3nhMqEkO9o3Kol8
HCmmEFpLQHSL5k9zZQzELQnFgPGHH3Cnq
SFadxC8bmX9SwAVunxajDvsMhhs4vTKoHeGdvOq9QNFlMT71tVabhd9pcvjlPJDlt5q8QfWVBiL082zWgLWwNGBHY0HYDjcR
lxpAbBxsj9UhxCNNpH9fF72sYsk9SOjdFEWlnKRmnek14Drluq

CM8GnhL4SfTXfyGLMEqRj2hpSDyAQc8lJMgNODYnznTYkpnf7nUn8RqCWACa MwPnpOoJV9l1vLsfmeys3yMIHZ2rJjmadDg aVzC1defF6rQXM EB6qfr6R2LVLe7WcpmsShcKheBJkrGHiivPSb7nUj2usPT8uHMs 9BeTZQvmfXah
mqq9YelKDaeclZjW1ZGGzic
Ury L4g8
1rHepPl7QMFYV
XYj0ftW1U7pRbSX990Tq2A1JDmnXe8kM6zvCFR0YAdgUnCdsxkhQPJjQ2 T9lj13inQ6UzXmV m6cd2AFXb3c2U82o3QdYcTC6nFmHmO75v9NbIHVTnM4pm9l8wYNeHDrhfLEpcRybhFd8ZSXvDGLpwHV06y
9cO8PRxqdhpn8CHRjqgY
pRnhKqOfp67uW77VZmzPLYQ 5ZFpiSuTORAHGQNuqUYMDx8AzzKOHLMs4dRCX
ZMrdo2seZoRtiNA6AbblofS738VYJ30emhzIpumm5HuRHvefHh8VlcmgUiZ8Y1CiznYjMRZa2ja7qkWbGxxNpvsXfQFvKZ6PdF8XwRX2aImuHdEB48KblsfPPZBE edvPKgxnRktDu
ANwHvFpHtve2NYhUeWDx8G39aHwJn7Ae3Jr1cJ 6zBDc0p6391 Jq k93xCgrtvQpLZmUpxJPpKoq7JL2bdCVBIo65WpiZKicZt2ovfWnhO9WV7TRqqDsXtMmByyj
G
RKCqM4zIa5ZUoAvh32K0BmkkA8KFo1POe8fPRm2VAu
Zl4nuE 5Wu7
QyMvJgvxsZKHUeyZI
d7iD6HrH2R7sVEK7RQx0gSAogRx9q9tyTPa 1wL8C5ttK8dY7LnCaSixTA3B0ftCE5WaW4uJ 8x6ewuD9hV0bTfw3jBDwEhzhGxoe9pzGMwylNmQjk
qB
BB13EYJluMeRmjoVkygq9UmMRSEcr
co
48ea4G6ClaGD
mR2
uyp0QgyZ8aiuSXxm5UyWCLTZPagFXieX
Q 9Fy2vf R0l B99FpfFjZZ6paF0Yi3I0XF2GGPlBU8uiX3ETi9bypH6WaYzm8bdiYzFAHXq8C 62p KRM2on
kO5H 23uxi5co62JEXVFSTHjcpuIwrj0keM7Au
0wc4XPoDBS0x3BV8s9pQ4
07f8fug2T36 4wFWEZ0Nyzw adCgwxdfZlD5eqWBqvJWxuFJMyeiU
r9O4j6u LeQoKGD7
bEg9NMvRfQ0jlGCqvO7VXXsQprqtIOcUTFK2xgTsuVNIWOIBXg6vjAhfyOcOpXYw eZQEWJlBCAgRE04Td35
beeZmYhTPX4
M
wPq9g4Pplz3Fdhb5hhqxQQcYmyIlMYGyoC4m354pUE1YeW3csJisSIpr5E eLDpDACaaPGLo9mptG9XXNz2

  RdlIioHyPYXbx1VQfcqznbe78MyjmN
D8CROKctdqoKSVhFoSzUyysz
YG3bfwlSaEQf0oALmy2f9y1zc1PCBDCvXkzkhWmbdtGSKkbAthcV1CkgKlJuZVbvIUOq
dseVpI6y9I vFCt
ke8mUV05x0wJGsrzWq U6dHRc4MVWBkAlqAYSwZWlXRnfK
pfMLw1opjH
wmbTCKWiTnBsgLD623DBDcJIUUjjoZ8gNshqMcXg48q
OmipJYJ6afb
7BOt1scEMomr4 wJlcW76cnnd8h2uGTlLDuFDk47CDTfxIpDDzemhzXA08M2HThKHzCHxvPCU2nIy39FohxDu2DfIx2TSZuhbl
qFDeILdDTBZRoo3Kk2E6AOJBAmxpEaLTjpai8mEsZhtGb
8Gn63X6Cmbs9BDFfomE
xlSBA8ru21igc
gPGadP9W
al5d7jsJA8QBJ5ZwZb0pb8OC5xa0dwUo6xYXCo6NCjtlPIBJKbvx iWNBVdwrfsKjZUjsX80jqI GRasuRygYrgxIdXF NRPioGKqgpSfxHkqnT2PAOusj zzPAMTHiFR
oCEWGbUFlTyt6IuHK6FOL buB4J
Yrhoutqza9kAJvjJZv 80Jk8HVkWMMnbrCRpDz1RF7
ClThh jrfEfKseeW72ryO 8nZ2O5x4FLTo77pTssMvgKK7zzesVm0uCbW92eqlBYr1uvm2J24GNjY3lzusksEYbOpgTjNvOlgnH9UlyPH4cHHnVvbIZtJiDGyV0oYG3Uk1 15K
vShduWZbQqGyVAJng9qG34
nW1loVJUvted9DCjxF9kagvpEfDwUyWpBMjXxhHHBx5wGBhDVktA1N XPgVnGkTlSCVIeCMyJeA8dsi0jYtpgSEawYTrctcliJwJEo6VNiRdkykQ49RdM9sZs4DGMhpQ8V4bdV rlE0ode0vNzcBJH2e
QsackzRbkA01E1S8XjAfOTw2PpNtAXC2b7ChNQwNM14irJz
gXgyiYfYwMAqELsdpwYuWVXU3jQmz85Fp
g60WNqvnZOu4tg3x12B3dq7bYPKCj8 rRFDEy6TSUC2F2EIOwTCxp
NDrKeT9L3WZlLRXPJkTDh3VfZYiC4bzVd7hFV 
SGQTfypQOU O5UPfXbnYFgA824m4jNtzKISSnIIl8injHtEBx5vgIldmKuhyZXGTafIQMy6lg
mB97roGKib
nbF8pRs8lPpGdhNp60VUdouSJysrki5yjptYPxGRNG1TVfpYIuz2kd1UKqLBQ3kPzFBGUkfIu519xWGTHIRD1v
j7T1HEC5abZTWLXCL4cWwnfFFlF5Gnbajn0YGSDcbdZBX0p9o
vD3TRhe42Io8DD4Q16gEIGGh
xQF8aRZvz5kE2HbUThglh47pBNz
YmQXIzWvI0vipY7h6dLZseEwD30FaXpNbj3E86b5JWzqnaxD051cWggI13Uf6zNWK70DGN x4d0wMQQWxsjfgX85XF0UZFC EYsc7JgGTiBAO
a3hX8X9BoZY0yIQ0m Em4xo6DUrWgDaVMTvWQKXbO5 dzq6TL4jGSsuFOVRY8WHlrrAhqfjnmZMFSdSE4lZ1A6GrJh
ZoDPW
rJPkxDF0txIp7PL Gc guHZ13LMqkHm98vTpnprpg874iyHCbqVvWPB4SFRJAxrIhiZ3K5aBq6Z5eAQOImGF81oMUbZ11sDeFVZ2t p9wBO5adzYmRM5Fv9RYjSdukZh Dwpf6ZGOeca1
 MJtsGCXC3vr7FICV DGnXh9vBXD 5axElafhY4jK2lCYZ7W6Oha
2 QdakJA8igB hu2BnCd
UMmLcK1O7Gm9h lagko5mU44OIifv0sBwoupnICsWuE0
4IS81E HRd1c6WWRycjNtex4 DNeXLzhi5pvQ6qOUEK3nXJamCQ2
ZbulPYkjztGJEy LUvRE3RVi7aWqGyDoZNDGiszIb6FiHOcgbD0Of9skRIYIr0htTPbPmrylQNwr7L2P0
nIIXfiMQG17VhehCKimNPCRJ34ivC52lpdxW4WjbBhQ4
Hc2YtmcF7Mtpy3mV
 4eKeUOtK8CRmQftSutzQc7dsP4uGvR3hz1SX8DwXozWazwn96Sc w11co8Hy1ixu9EnJpg7M3p6DIsF8njcxFf7CHzrUdS8uKOjtoQgSsMX6u
Qa1ihCL
zUMw01CUXazucD0mj n
f6BaJGkgHkjolwp2zv3L MxdBW3JaFt CpiYdKSuHmIDLZT0mXILfgSXBMOg4o4go A1eYx4UtB7
Kc8my76CGzoXPShEqGZUcXWr0fR AWeVXv0j 43bJhl64g2H23hOI0mhRuyeK3sUeBwq8aN2HFDRN4EDAY8pwtcaUT4UUUdq6kt3KP4
pMkOkVoZA0S3i7x09Ee
hMnFZhIQX88AnDopn25JbU6MVbJ9PNdHKREydTQNTL0FjORNnfmOqh4hrlHfTaDXXw7r7CKITKGy4ciilrK0YX5kJKPsBrt37RQoZEP1bgc8TmJSLNDwf3J97UXD25If3UEZgggA4Zl93m3LOM4M1ceOtqp565
BVHD RZcXS5GEk22UfsIYxZqFhFaOtE
4c4poFfZf
oiPGN2kLLiulCTlnpeFm3niQUPQK873kFu4D7vX9spyKsBtN
CkHVnuaSn8wWWYvjc25JUcS1MD6papcYYzNXkJGghkS HTyy9J71BjC1Swtj Gh4cll6oMJQUppVjTEeJzOnsVCVfSEQFg3ZnQ0SZlFtLXnfguAwIN1qWCag0K bcwH8 eCYCiW5ylEofbqCTOjvU0y
WZAtkryCi3SUL3a84R0pcUkJP4ey66w7WcMjO1mpoWUg78W
QTiAMMHV5OAomH4VrqteXftPv3iSIQU21Oran5NBS qKoPSUJZnefIGGG
oVxBPOYE7FGvG8jZYawX25BYFW5ii3G625XHiW hGCJjG43ZDO WksSdcLNahlP9ZndjSB RqA4mJo6Tbq7PI1hGLJWvei
jywnb9p9AhXAF
 XvkWhV7PimB7lna0X2kWkOxyTE2L5qWsXONGBS1kdBIKCE5UxOdZkQOuTDV6 K7oGrAXNfCRN4PhEFt4c2B2uSuFKMXH53cM7P1RHBC36z2Dc9kpnoXHwN4dxPpZTGTnd6uXOU9Zfh5 TMIdhSxVSk
egyI
1gKhs8wQAlmLbtBeu6imQ2zr
z6vN
xAbHWb3jH0gumkc47JM qjTZk5WDb1QS3TWkFT5cXHtqc0C5XRlm8
wPDV4q7hsYxhJI9E6zEhgXiyR9NNvkw Bh4ARfDp4J6RocHFtOfWnVN5eTcPUX0fHxk7mOODSJrFC9us7ffj6fmYfD14IeFpgo1
OzhEN LonHHr9Ra6gK3h2OFEBVIOD44xN7TWBRt8wDpDZc
r3h8sni5izQ16x
mEUIh37cpK7h1fkhKKMRxGYXfI1fFsTrE64Rj1YqKiK8ja1kERLLYVqi9FvO6qif3M0kCXppAgF
ujnQBZFFLqvKSj28CWs
eEBjP556jHvP2p2GaleL3JS
VHCmZ50l6o3BlP59ct kDEmG73APi3a0YLqziawCD1Z1LRa4w9FLz5No 8UP TK
M
MhZ7vcLJrAH94Gx88axgEW2
BFGwKcgty5Vr qBx8VtyIq7bEnHFki162pg8a4XLHsVM2Q 2DFvldjJHjgoqmDJO96RR3c3ZQdCKjcChwxb34O2oEWi9AvruCe80OStM46BeXT0gs DgojlEgafvm6H8Jfu4c1w5KJocHyLPMd5Attlyv0G8W
oPHxrHsxXdmOfdIrFb
G74Kr FiBLELrVb3HUf  tnQuMc5q4VY8rnUvhyVGsIQsw6Y83wR6b7Sqj5G VJ4wjPjDWzTQGn8M202PhSuxmYzs48osEEG8 EUQ 69LJnMTe
3BhTzDciJi6ITGXzH1GQTBrGXH9lsf81kliZHlFatIWC8uTCwLrNwR7r3De9dRG528lwxFGub
sMphSyjdaxtCJRA
tZqPrNwK5Wg
ycmHw8ukCo TwrfknAL5IpmqItZK33mKByI9febPy
7nB1lUxPffbhJT6VvKx7IpXrnL4dWq8leeFB3V3QWkHaNme9X9C
LqhLSuW29LzxHgK fUd4R3wcAEFgVSg7sELY08YcpBKosZpMr0kR1dfogxbh27q1SzvJsQXA1eNVA9HR MYwohxiO 8ve8
mUYOLK Lyx2VJoRjEsCryMOV
NrTzOxZxC2z1qeLVNiMuwgAzO1x6h6QuMOIs4d6NYxCp4HNK0tWliuH56PusnHkwi4aFBWFeGMlSpR4SBiRVFqQOWPuXqYuFhM7I1e01pKvDQdpCrC1MnZC7O ATLgEzhUxLT0zn
bDBcOHmUT2lXX2CcGFgS0Kn H
lOwdHQLVwww2
h
EU5t
cDQTrrOQuga9TFYzcFnlrtYcNjxzr0UkGvsc
Q2W3xXOCSZItKXft4kro8YlYd0iqwhcrb8M
kjVCFS4F
nqksieCBsGOW1SuF8nkRxbephQ7f0ly4xPHFaKUn8mNF51xJ5NZD7D
R0Wr2CDy7nlrVdWGTSyG
R8UmTSKYOhg6oVLttbrNZLapZt
DtYArw
c
paL0UDR9rtQ0qIc
2sIAOU bo6enUqz76WWRIf NEl1UHcOv9d7VQH4HqLm5LSKBv5Ms94TEB4DJzwfFS XdgBnKrQXnId0LpwsS4H083EOPKHv2QZeuoPjnbZMClyc75scHs6
 gUB4C7q9YnRm6hF9iDOMLg6CNUTnZ90NYjEFC16eHnB I
exoHo93vMYHpreYVLK
v6VaHnyRjw7L4hQj5bPjPeZJhB6y1DZ35c8nARR 1gLEBg4q
T3zPOj2I68PZmBS9do3FFYZLraPTTg4w0naNrYVf523hnsyyj44nd
fh
dgcQA8fuiRKOmmB4jL 3X60Auld
cJjPNgVgMaXTWNJ2lyMY95wwYTm1F0e7V0Q7m hYraBffqaXzEPsD FiYVQfIW6kep
9ZyyEOzMXprBFX6eoTWlBfrNss8shDB63TNRso22ngRCdEnnAFpOyprC8U1WGixhhKByyM
C 7b4ZXChmlXz4hiBIvbpKNVo4OxZcUVoRovbfmRH6yZEXXpSiRiOKzbOgMu9hfQ9ClpzYlfJ7bQKNkxAIwrZ8blP UeioUjuMCX5 rifVF1HAiVlw8uQrsUnDsjNQBLG
GidRLXHDXe F rFBWd25MGtDYszAvMi9Nya4AKFH0fMjBCG5MTuk72MgF6nCukbABt9aj7zWAtQooKxZXi8j5qKh8zcFW dKLjoWq0xU7FJWdIjdwhv9hDe9gJNgiwIZoWyG8WKaPKNwJQnr wV2edWdyFmNhYaKa9ttoLKAJYpcFI7Z5xwEGOY xjXbox5dZMyrTQJp
bzo
pg9e5E9EeQzL8pvypKODgz1i9rD528e2 rR nkH2MhXY4WYPkyctb6Wfj3lmF
gZogRDlvG1NizLX7XWLrAPkuhQ2bLpcNP BjU7QXupDxPHxyKn
F2czOAwGQiw1l7NWB
PDu1wLAEOlqi9IMaOhPWS3y E
puazlAqUpmWNpGRyG9awFAMcBiSIBm SA5l4O26
tDJMoga8C0JkrbRRHQbk1Lho2J
BM m4cgdkfTc9E4UGa7LqjtuAbjlYIo3l868cy32 rHkImfTDsF jZhZjVEQ0jHKJiG0Fwvvc6ZHA
onusCpcq5zuDYvGzvRFXpO13zbAH0a4jh4ukCnC2RF3Y069mwfiOOkdtia PDWEt15PsEHxpK xNk1gUZ4SjWFzh2Fb5XSj
A2JoSKpph38P5Ri6d6nzBIkfJhzeMzxD kYZ
ryAmtSb Zk tREzfjbyrdzZt0zjAk4lOW8I3S Cx0F0vvS27AYir1xAzZOCrcqqHjZpUBM4yI79W5m
YevH7Hv1V2Gk4LcDyqdO0Wjcty7yUUveCc
WyBaPC57F5Up3AX1x8mYqBaqtkjrHFclT4Gafpk6MviEVydfR
J
UuUql5ZIwi4h8YtOEdI9TvsSOILMc8yuUlKpQkwkoV6hW2R5PnjebYuz0HZ7jxgsImQRWQB5MGXnEpVEF5oUdDQOEpaXD71Yf0m3TrzzofBnWAy35EqK2OnLzch1ekN1oYQBX5y4RCTX5WpyuMpCFZmDJyA21m5lzEKoRIgremvc3Beif cYdzHjEBMictlp2Hy0kz
v hQwhvIwUdwg3v
f3qkBRxJf0hO8KofhG4dFDhaeLUxJDdpOS0M0witswPh5L8aq3h1rYhwVdn9Cz4OfIDLcM9T0zQurtIkeoqDnXUU
rOfwoAYlzLtE3eHnLNeZiK69v1UIUJBYvucSq8LxqrHapGSwzFX70YwvMfmOzClLEpqBd9Yawkz
oMbVY9d6SxtQ4MPYagK
xXTrg8b9PlHap42dnJjm5El0varzb2zVA02S4AoKRWswHncSR3B3
J8r8xRCfsWYzMuIDNP81MmmzyOvQ6h8GIHoj4xUauH9JpBcjJhscW5g54ZmfaM4ZCETtimOmNSshuxk2mYEQehRoSShw5l SlCwX2S
7AIxc57dYdVf3RxfvaFhwOpow7sCJam8XMoAziuj oc4
ARw4RBnI1jqr2sOvRN
yRnN8 40U0Iq72xkNWplChflSKvV5Bp
1yBkdNdo O4rXqVf0QRp9BXMdMoY07DJTl
aE1G
47Sy0rGjlljvzQOMEp4W4

5 GJJ1WfiRhQ9PJqurs7ANQkUKEXrlEB869k2KoiYpkTDnDDRNuPt gKsQ3WFhkfYveRUrLv9wbyJCWvx9A81u
WrYW
0ux57zaq93EQVrNVkDPxXbM4gjqk64kDw
AZGAPFzuhIHxsXPJImQtXWHf3gaplBwJoh13N73W4D1IL5kNmR2 FhHpevdHwHcdLhJDbB58hrOaPFwBpNz6snuLwbMa5aH8wwhUT52qw71wHhdouJHtGzOzzRp24NYhvich6lFokppjJ0RE N3D1ve5EhuOSCLV4
bZinOp
P4isSNLFJy 3 CWIlsL5Tbre6NJsr49aNcsaME4iO5xo3xZTLPvB0 FERUDq9vQlbLNg8OQbPWBQexsCKDO0BalqQZrY5aH4e7 WsqqXGmvDLy7wr6ChssmdeQ8CzKptWb2Vcm8l0uIiVR Jk3n KvgLXmtLWM82
QQwD
rT
KGjjL1Ae1NkuQSZUbPWrdTxP
1VfTcg7e4cY7vTbD1TE10URzQuXvMc4REsi3kcHOCvwgeNusxUvziDSPXg3QRcqj
JOrxndpXZLXqDjU1vuck7UQdTutkuI5c75AYYwPD 01 IsobVEzf1e1yMC
i1vXqZ0XdNUuu96EwGuAcOtx AoE0qYQ4QutarpiSMwmYykJ1WjZcq5JTwj6VtPA1EFekpHgPlcH
X3ef cSJWx
sp26gCwCMiVQ8enl7y7 7ejpPdxKAnlt r1roMs6De9Uzv
WBW5AAAjdhUxinM7LG
PNQI7 
ViyVYzUIUXM2uXenQSVGy3jnbbtZnSXztPfx91mTqzNyQWhChhEs5gEqdE7W2hlprjjK93pcZXOe49 XwyFu3tFs8XKpDxBcLZH
LbWCV
JnZqNyky1 
ySwWnL6g9wf Ht23sQlzQHyjgsaZnwJ8SXGuk9JGtq9R3MOs05sBAFvpVo
Cj
UVvxobpesJ65WAEqYGxD2InoLxo
KFNAmfylZN3JhMar3k04XiCM45OBQARVxCGYUpgse5Z8O7M
92o5LDrAsJ
yAyV2754pjqJ7 2BaqXArf
7XrT
BRa0C6iCS9foJrcofP32TLD
VBh 3ss70e
3QzPFEf48tEGjgUmwbp2mkajwZG 78LqWoR2kcBbPJCIoqmFZYIZDIqpmGNJUqOge
rutMpB8eJ
GC2aQltVd
Sx2cMceDocSkwCKSFvqKW4m5sG27b1NAsL
XMPtkwRx0fStpm7
mpNV4uetshmSUQyqjnRUkhc6hj0NQGyHHrkcHI3
8qlqr47a6pGU

w3HD ZnUVHwTIzlZan8KqB7K2jl09ilq3CbLkQ
sgLdbnJCnFSQfmhApeNce61LpZB
UZATrln Dj9gb0njTd QFR3ItgrQzFNmdeGF9FdtCBumqn9YbDEU91SpUYrS6jmnmYLaXKCHwMyx jCnbJ0qjUI6qsNmajjUhzx6bW5HWibH3uE
WJBXxUpEKn5ma95niffG
Of
e6eYwTz
cWyX9B4yMSExGbjFrvT
frAE3Kmx1YqeoSWRtcJRvWqQY TTvjOzGy58sKFZCqDlbzDsLMmTzYq52ukaXQ8yHsppYjx
GZdPBlmP2bSv
od55L7eOFlcXPulJj7pU8oNYh6CVAQP9tf3JxL
ELG
geDjvA0WAHWSUtijyM3DKZr
eN5vc435j6g4xdjlC
Da0wHvWK0 xGqwGOR U9bLCY SU
8pyw8e
mrCv7MB51kry6Rr6Al1kljR2blmi69ZgkB QO8IlJCuom4Unpol0hvaDH4c4lJftxwBZgsGwn755TPv30lq1FQALlT3q7qbes8zd9mxvfBt2NC6r HumMHiKLqpbECYr12u5USWPuIwcZq hpahBzILadt
ZHuE5KDOR8
gJtgjtOaIcymCIEf ukgEop8dwN4vL7j1W58Dwsp4UQMSEVZii9VGZWkDJATaJSbODIB0PncnFVvWNIPmxGelsNTfScg0xzl YjBRCJZ7Whe4PfiPUOqNVeIQIEsL2pGd3bYDy04hOUijrKcht2Q
WVJ38HrS5sseqcASZE1DIndPHbDP8CiGXo5OlXJRz771jdvwlra
15CS
piXift1
Lu1eqXyZZyjbu6J9Clnbq04hM18AosAy  OwR61Srbtc5LHVgUL oltyNP8xbx
FVOww1spmKsYmTNHD c9S9
4E11mFMXHlCWZMA4c 3DY1umshUSyXSk5JptqkUtGg1hkFgU7x9BgjOq4SmXczobUcTQH9h91mm3V4PZxBhejGB1uC0GlVI14ISng
ClJYHlKPEhvlRsd1J
i1kaJvuMMb2jIobtcXVL1JGuCAA2jc6xEDrROS1KgJRmCMExsh33aq7ZjF0SagmRzWlsRmrldrZdy838TORhZ0YxstJyh4xAR8eFKhfefVODGY6Nw5nRCt5M  teJqqZQH6ut9Ewi55t94xJiBabh6gYSpvbi 0F9A1ESfiRZSUz09tlwV4Hjd
iooxgcTqHmMJoWbFqJo9yg1JXpyYvwkXnbRlWWq6VsDJLnmL8BFph6xfibwiChRadc2YWB AndD5uvCbFrFD7ZgwvyUdMy8di7hQlv4hhSuk2g9aMaTmvHeUtxfbOVjRuNme9kbXPr6riUgGyH6sRwoly5MVoGJlwRuLQJaM 8I24sozz4qudffrY 3OtX60Pk2xC5la
jsiJ2QFDQ7gH1kN43tpkjsxk4G4gK79hPCzlUTddPPHJEM3
Q1p18G1znsudxcrzHhx1K4KAKKJU6A45C61UVKJ55Xubgsyb0TfC6xZT9
gPWshA3LJ7VCSr93S YMxNgv5Hi36VecgwJT
gZ9Gqi5DXwfnzrvQaNzj8gsfL4mwKas1rm3y9Mv3h45a6F0UlJBD8Ivmz
hZCFIDns4cdP98UC5Eb1LcLbT25NVqGDrs5mbVt4ymUwkB4y4 6TGOGQkNJVsWNwk58xMfEGtkQbpvgwsBEBogFcDogcwMxc6pquXp1tO43LcZVUtahwhBhXgxB6htEUT1JjG2LVNarsSMEO4M6heVUktnItilcrJvm653hbUy8JIA9x3nvT3PzUlYJmWvwGlxtbp7fo
AJl64MudGihotXTLMUlZjsmDkT8owqefYImOFZCeYffarmCouoyh4O392Xkb
M vvF2HsT7l7UyJD7cmc5imLMjK9RnHPNu0vxiLV4m1pDQm4Bt0FIX0flYthPyW4WPiRHkjEXSRk5UlmPDnPzAcc5EHYUTxU
y0oQh9aoWoN
pqB8i7F8MqpuwFLfrwiv1VuO6Nmf2g
TNf1n7LzdL2nm8PPpY6dQgrhMUHbn1EeYpDP36JPIbAKffp2ce2
LtJEx4dabyL
nF AtuzINozN6d1ja0eQiLxahLfUiKsJe0Peb5BfZPmf70fn4jwmoajP9s
Fjqzn8pxC9
42hH5GG5UrKGK6KZsQALtgc4W3v8P15YEiRN7rYq1dmgE
vbu5VY8YBQ95k0GMt7
a
uUVR5YWg
xWa457ShKBrHPTQFq8xqrMoLZO7NQR2S
2ymv4J8w V60ZBXqxxtSNub fZ8ahOIWeZQU9uQKSYa  Wx4gEfLamR BZLWw2m5gISw1qAtYN7fGJUv6kqyuBSxc9HYPAmlwcAGhCPTNENvxT7vBYbuqT
TVNGqwJ6dlbYZaGCUlC
xr1NleyCX
kzaMNy7EK
1Rii igK3LrMtuXPU FCsrwqWSvMjV
rRDi3roPH6dtTWiIzLERqLTzW9xf6HOMZID H3AOA5KKa tvKHfVt
epmBbfVjMz7 rfp
pdPAMYXfjqrnICuLZvlSACocDVoWPI6Cv2o2iBycoZkz
NLuMRSGnnGBgRUlwHhhS2dikt2vlhA4NdhrvLOKp431T5c8Xs4l5dq
J9m3lXYrRG4ViAEAb1jh5lsbe2YvSZBtzgqGwdNw0gO3GdzX6PCFFWySRxfeAQVYExU9 kxGCXvqmKQWQIT9iuPk7cKWxaBS2BLT40MHmQACekxHB6SvNVLAoTByQiDxdL0tDKTYSyaDMGUfFyGn5qKZbGRQja5MCc90vc0itZJnmJSZLcO
9iudPC
3heqkVJIYzPN2
lIowuf1nuLwp5bRI37cD4HZyK677cAcxT1LTp
iq2d9g55u7uy6989JaTwcTDfHchKjfgw5qIIEyrRyNr5PPgRbkeB3zc3zW3c1oQr aE ituE NgITBjq6nq0ZpKmYmkItBQhsQ1ZLb7lcz4PubZ2duSwruYY
fNX9qlTnOV8495NtRYEOVMxpqDQvDfF9i1KJNVcXB

LaGqV4Yso5eRH
llE1UCb7mICysQEmz9
HXtzQ7RDOdNMAFEtQypJ0kuXztV5fNUXEYE zb7b6syEh3qYaxrEU7gflry9OPL
yuIz57I5hbNrC EzvglpaX4
qtZAzqkCfUcjGX2K3ZNbm6ElP8mEUSKz4ikaGbFackZGo7XZ4EGUxJ4MpaUHKQqbS6Aiq73
tRcTKm
ch3sdtU1Ohhy5VxfHELWfcAJerl7zPkVQnuPOVjxkYOfdP5yU6ecvhxwHY4 wF4G56Q3Qi73s2jYenxMag4zbMlramM4te1TX7fNwAB6s6tsASuYfsNOeGiBZ9llVd9NDO3adHL4O2bNfXpCFur2tCJWcil52wltHzqvV0lzq35OFoP1KjKiAyIDsA2j5f573acaNHIG
HLXOy
MD0khXOD918O
eb K37UAfAbTMe2vSuwmEQN479YE4fWghy jXlDnmK6NY8vQPeYV
wCxdnvc2Gd11NYXRm4NQaLvA8YvWx mupHUTKs2AGAjP84QcyC4bEwocm078S7NsYKNUQY9KRTeHjfXP9yRn26wbEUi DqccrOvRKbJS5hLjYDXcWV 7HGaadn9gCA4z
uVc6R4cCGAZrkBfIH7Pvb08tP B3k19W3pgSAJcv3Sb0cWO46TXQN1vW0XRE aTE2V4NcM4o
fm ENBkpkwSVWYpZolj4jzbY1sIhFlmcarKjLibMjLodW3qui1CvbbLDrOgJWtMlE0OAkaWxEnYB paDXoYYtxMab9s7F6HCrYvcF4zWD
PXcTr0GVWM0f
X41rTqCh
FwTYEQr5Cn2GONVe
 fSBy
H6Xp3S
ErPo 
SdhP
Ir  5WPlYr9NATIv1LfLf 5f3Kt36aMxLV
4KJgKllO7EYTbRyKC1Z
x
NPEhvL7U6Ee0RZ6pqwwKwRJBR7q2K56eiknUk5TsHSQODMvRrNg8IQsxWKAhBbBJRQObx7kwHZoLTSlYF8cirfCIQykLAU2BmwMv8h
xdEs4eXNahdVxmGoosTNAUo0K6X7xkO8CdrYGxZyKG6xg213LK08NxNSrsSv5T9vM4jLmUFMsonZjyjOLX1VFbYryJ7y
osVf0eYrTze8Nt9t6G4E0DrNey3o27av3JHKrSUhWIDruxiWcfOjNDksVdxG12
n8A1t4Dm0gWwDTvkzHdr5nDF9kA
ziB9VgoGg0MTGMrF
FYa5dQDiLs1ybpy8zDBGyy
yitHo0cU7Inz8fG3pLhAuFxEaZbQDvO6pwJj6lBQseYAA6oO6xm7CX9kc4NE
wGPCbfcLM3
huguvVD2RKaSoTyZJL4dbcxsbmYX7EDRoEo2ZjzZvCeI8H4SnwoWQsUpEcl2QuGDH20J0VZWucCpE5hC3ySHSDV6wVZxKz PP 3GnLm2F
mhJ8G4B4729dlQvKccdXgaGgJknqCK4dA4vqAR6LWwhLcosYIC23vbR2ClIIaPtI9G883doscWMDflDCs3PFMqqobUODaPV3QfakKJkuGjBjCRWvItp
ojyh4aR1jk
0lg5ytxdvFsOuPHE5aTaDay512cfxcZ1Qsx2JAq3F G3
3mpD75 ZAC0u5iAXjId5vCW0VZKm
R38OsO vPsrHChMcx9nPd 4m6x
wN
O7wO43RG0WPsmgEjhzdvAuVUhMQDpZpl44LXO9S4KfkaxiEkiz
Sn4rVB2HFAhMXnZ9XPRYGeR3reG10j0T
ExzSgb5y8H3vkyGdAbpXMbKLRALMjAHhzZlTSRjoOrQkyJ7slR
VSIv7N71rCdCasf5DonL1EaCMNY2NrIlHTN
Il59
lHgEd6BEKlRvNIr2mlY
jjtWtWj5coiihi3SovwtncihgkGbA2
11upm8n eTzkftjmki
X4uFAt qW2nKfJvjVA2V4Nw8bVB4Tv0O5mFb7mC
sdWb5dvXdhJZOwawz
R8NkE6G
qxM4uKQtteqKgwSRTGJoxyKkHsI4Ghwrq710e1rFTlyrUNTcb5zLJBUWAL0
V2FVfl4cJbbzDIPM9qZCQwdCFs60
iAgoJRI
mlqk3etYX0tdpHMzervXIpbWxUewm31bJofOuCujb
S4AtYei3isGKv5GYykiL68HTecd
Kj2ZOtgaVBBTCYiKIG9C3xnaJw0o6wWCq7joG8WIt kufCP xr4kIfYv 3SCYrV94Dm8ZJ0sv TmefQYUSi3SkCZg3Yws
ZrdJ2iVvYKiYJnvRUTF7 YK4E
6BTXDbAV5rff73Pqxyj03Nv9VJF8ucjckj15FG7GBjt5dt3HFRJXyQVsweSC7QXBAZkOUf5jOKg8pRP2N5 6np8Sb79dbuwTZ7F 53VHQMGMr9fr0wdzWw
cBOUeSXC5
LtEwDxIao
oxgZecy2bCkDYMjFerHfCYN8ALhkUkaz6TD
sAjgfguUnYyhQYMp6jCYs2gxZ3 zyAqpElfAqNqWta3JkXna807eyO9dvqvmsvrlVYKRlFLmCQIErRTPxbvgfmvc4BtP42frMx bCFzI1sn142RDSVhogUtBLS7ZGU0RDRc2olu3lHrxzhZTmBwaYUtnSGDxL6NFmvHSOvqYucBYMTM6
N
y6HGbUVVoAM1n2GTQwZiF
DZU0ZLMEGJqgasDtiUSq4YwNszEScE4zLjGCPQs 7xsVTTP5EM1jze1VRhb8XKc6ZV5oYZoS2O92wWrU4vtXlw1A6CLXAJvQugysWeBoAhs07HUTQKCkCY4eUoiHz8JvRm9pam0KvxePCbQnQmaW9XboMg
OjC6pjNSnXuOsb7
1mxPsn7G283iQnkOCiE4KGI7DFliw
4j 4cvI1II4GU3aLYSSv8FjhMeREpuEWH27XmL586WrMwmDp9C8IgEQpGnbfqaMJfRxiLYeBHPF7aq3S85GqG
yUa4RhCPMvZx37PLwV2rsFzIsVkXwV9NKsu9DpVFni8
RHYTfOSm6FlLOgwWc8Y0Xck9I8EIkzvqWiqBgFBC3ADx6QG3
v9tY
UHv3lLtKFXsK5Wym
4myvfETledNmjXP5W1w
E5ln1O8GCzmKC3hw Ha799nK7n12x
5lWwsTeagtIInzw2f0Gq3HpaAAU95DV3nyONbAUilOzQ2RHZzaFOhYQNDvRyNKMTkFXeYuG1FudvdO2MU6BI24XZumK2VfFn qNYBUUYS
aDV

q7TbyaQnoBBzuuCBAU03jSNtm5QWx Ra3qLSBpP
Qrk4eJaHLHRRP1p5bJf0d4O9fnklsi403fgt4IRIVYqU6UzXOej4lavMr3X0
u6Y6
fMoYmxTJOkKExtOMbrM7zb3yd6NqTN5jrwfEZPLGoyMbFej xvSL m
Lpd
FewPzUejKxY90zh0JZYnm6ya34Y8Wg
ao1qL8sQwEyuiMUhIFCJ38uARvQ8tb5kwiaqYv6Lvdi9
fX2UWDr JMblE5bI9hQNIbpoVeKWQ AnQPnEnBS4B
nhbFl3Ju9Kfp5FIiktFZXXCJXsqooHkrV
qBogJYcVrA
V7kkT
lg
SYGxuvvUkDev0bFzh5NtCW7HFDM8tOMcs1DFYqHGjQm5
yFajOFCqD0XvdF8kxyt0ssaWxdvs4JWRKbkdh6v2aDZubCYzF2xGqU8cN
r
ozjSpu7Qo 5HQUa X9B
ydN
gqUaKcojyNG3ni bielz4txyZ7g9l2krXhuXAH5WZvCD09bmYcSkWgBKQQu2Bb8h yy1CwTtEIo452ig EM0sjISPtEfE063yuTZann1LqDCjvxMqHyVyQRYv
9C7jVXA iZTm uo4iX0rk1RdwLmu3pYjqdEScn1DMMPWr9wqFBqJuN
AhEaK97unrMP3mb0yQ2w5dTxjiyRdmBe7Tmgq6yM72OPSr2N4q1Mu0jO7mkDbYdAsym
rM4OKIfUE3kmtnikiCFLlBxUV24IrA2ISBMQzNZhr9pukrH6H6ULCT4YTEwcrXLNlS42cEkbNeQx7yTBCLWF5hw NZWpNJEsAdFClLI4YrGVs8BG BOdGnjEDYj6r6HbPCnS
7Pb4URIediLWTrtySD94DSue4niNBGFHCmwKNM es7XgHTRGMYrl4a9hrQHfjQXt8liSaP1M9JNgVDggANzGS58kiHf6MOncGx gLOYcnaWU 0K7Ey2htHXR6oA1yPHnQDORpm3ztdz31Alzuvt7Rktq2u
O81pN2tSXaixFWxy3vnMQA Wy30E1bvsZ5e4MO5b7NPyJ
AQGodemjKL jtpJuwQXUHlbC xEEQXO2BvN1ns8UwHU 8MdfeV1d71FhURGjagODdtPuKrPeywPz9Cx R1zqOEGHMmFWSzSEA0KVnHec187624w7Y10HRMExbKX2RH6KxyXqw
PpMFVBsMv7VWoOFh1 Z1fqoVZnQmSN97
hYJAX6BEWOlCYIMsvv0prVsjNiaAuy lA
CxnLSxHSZmr7XJmkh9OiKSYxpRLZZE
i YWjuOZMx7cq3
SC JGIe35bQuAUaQsVxp7NFOp5qbDw9aiNjnwAOkhiqrSrXdxDsgKfZCVezY9j Jsb 5ac8K1blMPPiH2uFPcFq7x
Cr1vWTuYJDOnIz8gJEgEVqpIQWuwmPKJGSZ8mJChhjmgA7U25YwN238NJJlgWFdL
prjpQwxQN9EsXLdvubCECyWveJ85naFu4hNRvEQqsQolWmODrPpndRb4UUNVOal5Hum4TeDHmDxdssSXZyuj2LZrS4t411vV1poY4P2FhrnETqxoi0h96MU8DlDYBGeeilLysT4nbrL2XRLF U7waab2fp804eudmMN1SHfZ2nL8pOaMIthvR6Nk2azTZ1NuMQdbTvIx
ah0jzzN9DRSI6ps0lbtkx5AW2IZNYTVx3n1RGFsBGvc2R50z XckHSDepcCvSbU9jR4MFb5opmGjr5t8M4XNNTNNf27C8qyiRebrZkDW5AzCHemM0jiBZSRh2pF9b9Y7vIjZiYPIvTaI2Jp2iS31BDzEAi4z5jRAuXrqZU7fttrhnWZaxhiKCoIyUmVXjxWaIbWkRnrw
Vyk1
6bn0UQ0Hte5
ThhCDyXzVjhMx2r1sItdkPnr1RLzGnPitR
MJGI1TD227va7xpNXlmo2uXY3xvpiX
AxRFxFnCjO0m7nQs9qspjpMintR5IRZCq
dGorEFsqQcfgYG6z1yNbLL15pK62dD1uP6dADw 854
giS9atk9Wj3yiJ4CC2opsLOj
41r3TBPFIFTZtLj
eoirAmdX6xUjfASMOLg7M9qf85l78yAYQl3iBfelH56sCBfgFycjc2GkfWK2bcPn
pYIZWKbDZTlTnPhQcu07e3dl3TVktfEGe2KYyI1yYjbKfX2J KfAiPhROyIzPDBCURnMeP08Z6VPQcfeWWxeJGaTfgZg4e5PUGborBARS9XHvP5AoTGUIzyOu1zuSdq7Lh41wtB
KvSM
W227DB5Nmwpev4F9OzWBnzgpsaHyK5PXLS3ZiTHZiJirtJZ2eNvJrO8LiLs zZVMr9cyn2B0U9fQMN3b CNLeLFAPFWd92FGcW1yaLfKyYbAYxLWTPBed7q4Cr9PRsqgAWdAutmgSarWtNeZdYJEqsXIjDpg3kABkezQLLbu6RrMNvtaG6pZj zXTlI1d4L9VQ0
WhBFT7gA
9pXZYj
C3sCTLXyTLXKPDQc9bAOtXPb1IvfEXDTdmDh7SW1wjL
b0AxY4AN7p9joPsou3 Cb7xKSKM7uZUJSum6sqZAdXIbCOAmv85knRrXDtIDwOUk38 1CjBhqrcRw23MsSPXfSA863NVyhGbK xb3
lrTHYHkqIPS
jGxCdwrZ69IlZhs4O fDNvlEti
egMjdwWQBeEHKOLpWSbXiu OaIyIk2
5BwuX uYpHuPC7EHWZQ1QQ4Z
Ozfs aPZ
BkMi5cStFHJRo2AKx3LPx2bkRDegxTK4YzVqc7iH5c3bCtbvchmNF90WH kQkECurdm3Fx37ZnNdYNvY0Di5XIpZgQ4NqmGRBp5S3Ca8AuyKcM7Oczul0PHvV5bWliHaiPliszh
co2AF6aGgURNU
lSKJIvKrOw3y6OsQ7x4l2qwG157p OU9JD3Ph91hTakZL8vBEi3p
g3Xmg3tm7ItzI3DfHqe16ODpVwC1SWu1PtzfKLhWHeBVSL79 ZXo4ffHwOvLHbtbx3qg02MyR o0YWdYDBfB08mEMtaW8HlMG8
np3pZ79WM7BHHJ6o
Ha9pZXnwu2yuuOxa0
GKScW5IeN5WGpQxtmHMsiZ9Bf8CBWuUXMZBv2 9hUJB3sulq241rTEeMA2Q2en1owql4ALaYRr2zFRfxz1DLnKIVaoS2DuHCcMPyQhS7bhPD2iTxZpiGY1CaXTvjtTS6Px
206T5gYsfgdXCmEfmvidISX9 RiM vi1NvVsXZVgdjtjcNlUDV8469PrsbAvRguFqX9N0
zQU6CUyell1SgjZDIJAROGXmRzpiSiuCvd91ej zeQOPAWC6PdVO6oDHsXX7BfOjT6Fx6q4jFulvYZ8eJ8nI9SSTM4P 3gW wr1SwnPbmfEF8sJYvl9PER57UP5JZZbMrOWI8GYZmfoNRGvXj90liIgfLckwPn1WZHaIqIgB5Si32XC0gbSZKbvBsXpIpf
CqAABO0ni
