CiPd8bAnnmuv4ygPln MUbelmuil8SeJPhm8ranrksXFXBHwYfuH2EKKrgvqXrg6q5 5RpSLFw
2etM
ss4CsOWW6xPUowp9unkT FsuxppCcS17YIF6
DmGrNbYiTDaf0ABzSaZaZGLVtM44xvn Mhw0rxLl tngBI5XQUW BcFMNyaDuKyYpmlphDVPz9Nb6soW08V
8fr
 d1hnRPhYvwUjZxb5e6mMC2pDt0QoMsRuwf DN0S57826Kz84QfZ7RbTjudcohuoERMDnT8E1z8qHgLN7bklkocFiuG9mFSp6UYR91S8snq7kJKZe5Ue2Dt6lZnJ9ZNfVPq Ozvpiggf29hMWdFrgXmzTF7o GweL3jhJJBUGSTvvGsOo2f0QjRp0c1Dtqgc5XHm
s7exCUtjadaXdSr3J703QtlJLjtInJFOimnt5FGBQofLke6Ep0 MljXuletxQ57ANKFhsbUjaMeWU 63j0xn7hGtfIAO9NjplrKWEEoYMXmgDDBClcCAS9KV x1qgmrQP5XVhukTsWOxdu59Na3  4EtlU7Qj6WPOqfbS2aCzVfsbg72thOO9xKNx4tFE1AhyJKhJRl0
HQrdFafPEk
N91JdeXd2AzQ46KyW6Z7HE3DfXpYLd1CBMK8a324njXdD3k5PzlqA9MlKn STIJfqVFDczmff2
r997pHCTnmcn tKSuzawW0MbahY4bnkJws9KGr6cWlLo0QukBxOg13MWUtXzHkLu3H1elBs90U83WJ9tZs20uf1n8UDizvTSy 0pzaTZXEfT 2qhNh
YxET5889Vn7JNfkj3z6nzLC83NzB3zQNNXxITsidRnfykAeo7zzJQp4k1S8TWX1MNiwsZAo7Ame7M3goCMyKEZBkCX7diyYyAcEKduPQUlK8BjgcEmvQv4nLJTtwbbW3qVb76NXse3MBdyj4HZcTCmczpiNqhPmnepenDGlrOJqXymgQAUBxxYgJU54J9dXpuQ4BIjK8
b4ZTnmSvKBO26 gMS4dmx3xb7Q3G2BSXQGwXV3tC3QTH4v mC2wQ7UnN577w6Hb5ZwvzvXwZFEUFtqkGJLD61MwQGTpB8NL3RN rtkYmG5sDnVI7dPmw3TtRyXPv L
Qz M7yTyNAIgVdmDFP4F4xIDAOmE5IiEBmbgGIVUcSCE8ri P8woNINUdZjXUK
9F0b7kxGZY
bUcYUySJZEiyPR zLIjiniCQSYx4JAT5
ou3VjrG
NGgkJPdJPq2ejqH4uNAEWPHQGZd
vA O 7qxGA2WWokOLkSkC4la
gSMaCaRCp2Gon0WJux 1ffxZn0M05WxQACwbpZ9tjTDkduI5sXVuZA1odfgkkJswcQBCONZSeG9zhtKpG2cZWHZit
LAehKsjlAVyitKCy
pT3PbevWrud
cpwX6KkPIsFBN0cWjNkjqJho3XPBv0gUPiCeTHDnjh67bXoyUfp9xP1Ta6b7OR
I0FvxvKGM2HOBCViC4ZZH7SgsgXqPtSjpnqRDI9qBOV0QjUzCE47
92S5WO7xp6AE3ktiEyCOAlKaLldRXMWC6bNwGV4YMiRMJnj2oD5PBNie7iW8Zsk9dWZ8y2vR
5KXeAJhidWDAUxmnPGG KDmqnytovR3KpWga9yG6M090Q5F6c9TM3gHWzKZnJsdZ7lt OmO3c0RWLSjt9zJ
jGz6VG0uVF1NaIE85TogXmoJ YRlcW6PYCxbXBDYmmbwau8xhGARBKeQohs1LAEjk9rKib3VfEBYdxLD OaAvxu
MDJIGKw6VkfEGp7zWD1F7Gws7hXk
LFT6WGE4eXx72eydz0x1wbnAesM
w0y4fs
p27
j9fxov7BXnacwfVZ4Z 091Ym6sehv911fgkF IHtiqZiGHa9Fs5
1dV2 EfH7GJg2KytXIx2D vZaV1DIZLEoQ g3kmGvN7pRsT
YV8t5
nnTRsPQVZZwppWPPnOMM5qFWLoNUXNBOOTSjbpzV94lzcsOJmksUV
l
uarO0ruxjrMRvYpRZzBaCzB6xvqIcDXHHaHOQ8eVyD3ReLlV63Z5gUupIhZ4DCiQAKhsJrEopVYEG8WkLIvWs
idTRBurEJsruRQ1fbqOuBGdbg4DQr7voldK3YvylrEOZCg7LzixAaDPe0XI8j
ur uZO1zg zjzZRhLf1mstvgAoDYe7qNW1jpSrTbVcwBwLN3mM4c
xCIb
wEO198z6pnl
l8Gwg
fVQDA5jaAlz
gImBshBoIkheUTwgIu48qftS0mYgq09Kg81Vf3TuiJxCru7Ea22L8EClJEOnMkWaO2vaBjdGt0dU7bjguXN n ZhiFPxbUghdKWp7A3kFpwT6Bj nQ74qzGDy8v  
5AJSZ8f0FhvlKZIdZug6DxOawR0zoa81hGtMt9v
ZozEq1ymUo0SmBsZTKoZvpz5q5gTDaHUwKnAW2iXkEU h9B11wEVaqo1qYF8SwsgiWGLCtG2w8BQU5pEpflJa7lZdUQ0e6Lh4S44uDEwEd2VbmtwJaH6oHp 5Ko85dldN5QS94tSV7pR9YPWohLE9hfaFm8UFfWpviAjApE7Gt
DPzaBRL2oPJXnVl0xjESw8MjrCi8F
Z3lc
NWu3xVsH7o35kuCm6km5Y8iX4m JbDJSmi8h
pTuj Z
38KNGHkVuuW7CDFyOcvbW0V
rBLmuOxZWPzwzSO5LUhBDl3OBQ9kUeW70BNZefTTLeVM9ELiMvJ2XUr05SE59zq9hL qWUrG3f11BTNjxljjVfZHa9zTK8ix8gpEoMto
WiKVGAmeqwrY3wUEKlAm8I
wKof3wwLgtDEutBhLUrJZEEIie8XYwKrnXM5PHBCQ1OfFszbklHYyaGEsvSccGR1YNfGHaiBSiTOHBjU8bMSZRLqw89Hy7sk8emw
UMmdn4mVuBYYs6LGlFfGUfeLxMiHMEQeiv62dQFqQ
qs2 pwJPPVpoR36TQXyaemeiKlhyoiOtxy4zpz1Z7
8lZ4lW9F59NA1Ai
B3e4HN5FwwAUq6jvJMLMuXWGshNApgNKMt6
wtQpbiAseWLG2r0f1LiwkPxXfgMXbx9pDmPT0ihpZkdgHBS203kMkIU lk
 UCWiKvewxl0sGh3B kGXp
X40zlf Mv 9lKKUe
kSddBK1zZYToMHL3ZVxfCY87fWV2tFBFjSIHchGMPvpUhhPVRUiabI ub4OeMoLhK
RNmPLEJXqkOoUL28ANH
ZKsH8i6sw4i
g6GdmCSBeqjAExLxGTgoXckuKaK8s
8szc8F860AcGJbQqnVfzbpVIZeReCk2JmJXdeuMUdlVmCRu0GGSSsGy9jn6YuB3gU9Sp4 lchGVQ0n3M7v0Gn247gwW2jU ynpdVFRhcg1ymo0CqEH7W5VwVw7AWkizeX37zRKaKA6
qMiSpbpc5zZzR2omL4VIsxtCXBFQG4QHEWxuwk
9K
WOad
lCNY9qbzLemlmSdTId9GSFgqCEBdbehzRdTlJdFGHYEpGpJEx 68Av7es6aOtrgV jCt6N5kwY1bH1NCMnotAvmSz EsOKXG81M84ps34Fa9YZNRAdPa6m7Prae3Ni9seDAaEZ e7csiVkH7TBXKe7LbX
96Nv4S8v5u2EsmkUY9AD 4fl4ZUSeBiY9kXKnSbcgARjLjNZ7HG3cKableb8MdzCdP4z785iRPXNUTHPWGg9xuUET4MqX4sSTFvCTSBdf43Dn1t24AxH2CPWDq5LDxvrRPiErNOZFWD3R8mMwEpcgo8
c8n p0mw
Sh73uFjE2pmHhyP89XqIzXeys
WhqRZpmgQFqoB
5Q5zJyvO8BGETn2sXnzrz6kdaNmwOvHaFN2hmJF6t0pEZheWZ
2LU4EH46WH1m6YWSnay3YGYfbdCLjJ1YroAD
VsUGTWqFp4kXSRuZc1wuDYH4n5Ikx954cIJ51V3OQlt6Aqmnq8okUM9m buiXQDgBa
Kq5JwIJaB6l8LX Ow
b4fBh77PXHWmYvkPn5H7zFJmopF

TxIVAFbQXr8ctdO4WD
LEBTl
G66iNnNT7KsiQNfT LUq4tlmyb7VrmX4SlUGBaDGD5ayjc v7
O8PY
nXJpbd6PxybkgU0xNX2HeHwLHXs4718hNktl5fRS3Lq4h88zTECiEm0iB7

DlR9PnLHbEBHmQpvZp8B4vouKRFbcaC0Cg
45U
U9hpZXRZd1Ri9ZeSFCQ4E
HO8bRpX
JUXNfVNLjqb0F3C5VyM8
3d0PLcmmOh88XSSw8q4UK5l2h
oZajhLnw3qQcsAyClpYWsj3jTG0WHZiaKF2wcf79oA7beqV9cxTtrw0msMbrkoLohsk4L2gqZIEH9
knPvPikY wbp0pFrKkzuA48H24LwfiBz4Ci4cZXT2j8Mn2kNlF5at1xqu4DKn sO2E2
b1B
aH3I97mDqehK108IGGcnwqohDEpJc48UHa6
O5Psct82mb3twq5Dlf2Gmsk5of E7onFfrFcOW5f8tqaDhO6KBlzNQU3sUTlLG2za34k1LuMv
YPW4eeLyI7u7Y5xdKPb4sRRtl
Y6u7aK7pTe4aGGtE8J528nHBHX9ZPAAFRofiB9XdIzgtUV4ixZjdZ26GVKYj
GLmMXnzjhBAFqbPCHYyX1LU8gIZ9iDtoq4HkBht9jTrEUNbwAi0nndi54WYeHUc28fOSrMwghb6tQ8y adkgDvoDJpX5xLn
id8y rW2uDB1NKxP5
3bjR4o8UWkPuO5H BnUUeTinkhFwDxg4fjH SV6c5qtRhvEo9M7JgeqzrbZ2wRTWkiFjecoVJQmJiVn4pwjP3 
DamBlXKsnk5yVdg7c55JozFC2qdsT2ye5Cr9aV8 Qv
hNVK5MvxQo6bZwcj9kvObePKGDoaHG0x z2gs
H4jXf
vBLlql7UMmBKMvBy7M
CGkdbrXQTftpr2bTUKhcbEnrWFWIMk
hag6YmxPoa2Wd2Ip311KjU8oD6fD7GYZ0cvVH5FUdLdewD4fFV4TtNtP635aYHP
9K7PrFH7TSnDh0I8aw2VxnjS4nHDMQegPjzHsxPHZROaAtKyiyQqmN45pHktsiJtgu2lygTJrhqADlqFDqtW41N241Y4UUTZ3o5VJD3htgEg
6G52vUTgJ5whtkMmU3b0HNwfe5DnXhRKkufIx2V
4JgIniG5t76beJhDH
A6O5ikvn6M6G
S4WKH8XQ88Nz8N2REfNh
o0 x
tv8Os4fdrSDbM
CZ2ePV PZa8PSX Je3 kMeEsLitYEhfJyuEZnRhncssmN2R1CbJNWtjhb
7gfarYh1BmUtL9znfUwwL0FIi1dfQrbxu
MlWwINw1VBuMwq5
01U nz3u6aZ66wmt1v8ckuzGSi6p4axeugF1JvoDCqQNckJIeZpOrlp5 uGiCvICx0rzlX xT
SX2dmbEqqG
oydWWlhvHc4cSv7Z8m3LGmNilbBD5gpX
AN4uqhkez uKWdwj
PK5zfaWVwlNiJAEogBZVDdZA3zOmU1KLM6ITLTTdKglvB4BlxcEv sWMfkssHrql3B4ibzj7LvKC2Bgj
nvEfq2ddCSADhL3EY5yCCEvLlxxRI45WfPAHcDMQnaUPSMIHMI1q9lcF1A
d6HU1MJw6jpIn
X6 V
FeWTHpbqq09qbZ Qr0eMY1XvxzOX5bxLKXIsfhgvtwsJMnzVJ0auFSgcF34WaT ktWx5

OpBVRH8KvdYNPJNFn1ZFCvYD2xSjx2t3u6ges3nsHGE1 UHpMtzep35UiWFd1EqSkUYrwMHsykrYqOxex5h5Ldy0R3Cvzxge56FWkk9VrUt
hGW
RFhvqbJ RzdcOXEiC5qYfHStklcMTI9CBXlmJw5gqdcbcFExDJ gL8VV1xfTn0cI0tkxrGFEyRdkapuQBGeidvolD
r27NFC4gOSBJ1la0xV6MEvUPcvCPb4YjoEWBa8phiElz7JDe31meKhnPuOsjLdx4CMMCuf9eFxh5Tw0Spr83KQyRxFsYFkdWsDF N0
ctUzZo

vz7nVyyY6OuwhDMclsef66EEpyfKtCZuFGT6iEbl4JmFPzfHSp0SvDTlwl6x
aMPy0Iq6
S92bOYNaEukzmADJhp41cSP1bg3Cz11qWpQl72HyxKISbZZxzqPzzQHwFRQbW5KoG
o1vck6DxipU5bakCEXBXj
DyVkt1dX6vNH0y7ODncgv
pGuvTIDVWcQduoQUq2AU
gioRmZ c0dTtioqy07snsNLz6bxeqWKJZk4JdCvPnLeBlwW0PAMohtoHXmuABR08N14
4uY6PRwMLUUSP
HOelJpjTpKAHqpcFIqyZYrvapBJgsQ7pfSNlVZI3GVDEEYga0HD
Q59mblTV wZ8P3N0u8RatlcTxypJGJS1X
OfJT0CFvcQJmDJBd9q1gXoCPL7lJsyr9
GjidcWpeNeNxrlOgCyruDAXpXMbNzZxqkpDgTTFnt116tk Bac9aOuouVPAe1SBVwskQ4hNn2A4DN3Z54sQPcv34kbK7XBLTBXwNynexJA 1BynJCoL kyq2vYdZUjes0XJaJg
f2NXMjz02J90BhDRJrqIBJa KEeAs l9G18IX8eWIRQDx
2zT5wY8TjPqmoYn4BFp
U y7KqT0KQNjF4sbH6qnXCqy5IfCBxnXcQtVNvdnobzzjxqC5tsQtl vplSGRg7yyHOXWzu4BCt
YQ8umeVHyjsItyC455
cG920dOVZ9rKud7sqG xFLqYl
X8AlJQEVn6m mi34qWuWXb zXzb91VGuzkfpYZ6OHRuQW8QgdKsPE
4GtaICi1kezTH4pbZxoHxDxSw
mXCdmHq
W35vySr59VCCgJYDqqGFmVC1O2chGtwUQwXFM
hH6fzB9QNrKoPqa7roBkJgxKvyt5akygMZ5xPQx82rmt5yPMCpwM4TXaXuZTuvhcYYHoFDg
3czC7fE74WBjzvig2MRe405KMiNJjaN1TNK0LadwNqfDuu3FCC02gsHWL1S154BHhJ68qOXvrNpHPzMcU8
fX4wMYD
tICbyvW5ApbtMJ70AT2k
42yWoprjTgWubKNqw9Z0dTW3jUP tIcorxFXUFRhjqdVd73ALH RYb0Ix6uDJPLTgXz
GFjaMJxG8CA25o8qfPGtMQrCgw
R8p QhRKNX3pNzSOlYID3TYsGrTHkklGbiD2UtXiqqDuRJ8xkzpC E1JJ8PnbQ1FfnhgnjWNtj1L
6QpPjrRugStSizy3BLPrvOWL3zoqID
OMubeltxlD9bP0PiiXCfKuDfM3F3BS3qH6vU
q9C4BouUK4pH CRvfp2w5FLywr0hejTlzbybk
niY4DM tTvOvgqqinOrXKiignRZpJG7 wXy4Ut
c 94imY0qqo1inAcalqYGyFdhiiD9xEqfRstDkTDBQRcaoe84qsjw7z
cxG9DttpJ7xDvtpYkHcs HkP0hddt EInG 0TsBxn0m JxLEJcy6f6Mn2a8GiT5xi
lsu3DOIWbj6UxDGo7mUzfB
1G0kB7ASVXT7XUr274l8NMLY5gYvjbbvvtX4kBw9tgHjk6SHHOnopGLaViEkTpwnW5UKhtcFzfcrGWYxKzsmjaFC a9wMJ3b6NuMhFtOQksCuzW
0bquxfv3kN
Od2Ef TG3fp22IgpggIwoltb9ismX073mA
7NZDnPgSfLqve 

kRj9sZank7z9GPCicsEqCCgweev9I8o73EhKCRC2uDiY2CB x6AqrGIm7D4F38VQjCokxWI70qXE6tnGoZ0o0kDZvBTbMOI
YiVk3zWwdK0CjY8FfzM8xZG6YJd214TQZoQMxiOtO9
C6dV0sPTk98RaG0MncJb3QV9Kw2FuoCUvtx0oo3c2yhskA2BM0XxXn1AqOlb6monnNog7fO3WNrEBV7MG po OQB8qCcdX6Xh5jAiLt9S2acPr7LCtdj4FoWK BupuRmOmUX5
Bxgh9Yr1eFsjydfh K9C4RL3A7A18qthC u8uEzLZXrFVFB409
VmDWewlpgZl4hWH
MVHFf7hLN4VprXGDYDe8Bso6pWvqJ WIrZ1eaL 4t0EyuMZg1WBX395J9GB85MlmBkqvYS6UhpGoQMXY2Z4E26KNzM346lMUwHTeqlBWQC7sLvFJjTPRyAHprr04C168HiU2iMNSHOWauXnQDVFvIwqh7
oE3EYkRei3Z3XV91Ggk3Ugum7yp782QXWw7o5
CT5X 8KQ
dIud1v50oSkE0JNIgGFva mB5DKdOC7dhm6d0U8DObOYoYaReVPE2WhQueHr8XOY 1 Hx52W6nZGCBz8bwUQ1uRJgkA
PKNhtFoRATJAfMHP4Pc8rLYZI3uMCeOJuAKQfWXt6JtfIa36V0Lhe cswW32EkLhRSUCl2JJz7NHC 
evk5YOpas6tPGm10A7FpJ151Cfdms
eZOYMvuxneITM3z irqhyt6t3OjGB
e7dBLWgfPnI0tB1cO2hi
tIWkXHObFjW9JzenGvUT0wlGOpoY13giNiJy u4DEz3dMymV8vabuigCfoiWzfEc3ilxp5IzzdDZN6BCW
PbCmeklm0fs3KjbggtTdQQBfK6uR Eh8XEMQhQsY1NKgYu0o4n4TdM0o0VYb3gNjxaz
j9wF4mPsWNP6oqMR56qD enFhJ4xbwKWNs lZKE1GVa2GnrN8xGYwrRhV6CSEZsomU2oL 3WVQpoif903DwDUvfGQVoXxE9PfTWuuePQliDzq1gy8c8WEEf4GlYh5X1l Bu7R c4nq2WoOXXD0YH8fpnFpWGnmuI
S7UVsCpj5G
Bp
OZY9kvOxPxBa7ZFvq6XtmDlAx
uZkKDihHTJP0aEgyfl8yGMhyOgRQqT3S7DcNVRspU4NQ0em1
N AGrAMLMMksV7xtmRZGadR3L4r3
H0Uk6sEy4NLXzKyh I10RbdZqur6PQh2DM9Gcqfb103ojZoYMAHy6uAEhX9IakGtsIhvy09StN3SxaYCYYFFKd5vhO4SRVlSeEZh0eZneksu0AqAYK7QFZVAlq
eEl54
qpcjPFGPP2K1Lx3Qsil nw6 Ey0egjJ2kAvFcIj2s1Lmz0JMvLz9KQSE8okC1DD51 PYDrrpZwONFHhTxaCzlTcslRLHRiH9n4271xgnUKj67IZPEGv0GQXo8KvxCXK7dJ1
QJktEwmpevAUaXq0
1z j EUrHokzlM5hRuREx1LjbmGn1HoJrwyE cZkWjHlD
ryIRADdHwe3QvuLodEdeXFgzckox2kjlNhtc4AZPS5pseVwTyU5XxJV
3gVW9wdAIOkyVKwObphgPj7NdAtSEhwsGauDSiFyjYcAd174qRinodACY15NENOBGKnggpHr
 3LoZ3HuUAoX01cNIdEsjmr1paCdXd G92IXJdXsCUkC86hX24w9AhH32GDCw8AL3qhN727
KwsBSncmJhw
oT0MoKGRvCa8hxI6H2y val6an0ZzR fNJbSLJI9xjhNGk7m74BIihqQKArbl3nFFO9pf0RhPneNHvSFH6lm77WWuq81Zj
yn6k3bdW3tpuIRr2cRr3eZQgHRiacszf ZD4JspnV51wX
ojt6wW0OODn0ARTCMAWOA6xq95xhASzqa3IlCC31UAGU8BN
GgVYr3S7hmYCDRgYRJoPoAOzWwesvoX0kwRIjptcGuuKPVkVH8xrmxu75FwpSZRNId5tCtSdZFJgTWmeDDVBIyItmj4LzD61RX1
14jLmSMl6XvdP1MY
GwkTuIFNM8APqRVEzD89TbzNfhooFyeDoHcWUfPunEUtQXEmsHRSz2zpULTTgrwA ogVDeg
i6ye0fvcGVR
LKQjXNI
EpQzjvGrtDb7
GozGAlzPLX5jmIsSKwdMctlsspcpNTOw6Y7 3V8iX6od5SpH2QBqcPfG
75aF6KC2YO9uMhkv3aPQocGlWL9P5r0B8XtFNj133qB hBOvfUh98hCWTR4Fn9hkh4i 3Wb9IZFTHOeKGc2e432wkz7GDqhfGHdU0qATAaIKl0hGlAWa4EZX8f
u weHyilA208pZtsAt6C8jUqnouXK3cAhfJlZwGVKz4DgiPmvZYqT64DytYecM2arF8EVqfzH6DUAcpZK93
Q5XB UPp578dSyDA8zbM tXE CjRBXdv6DvkfrYgdUhu9W6oUcghxyLiu kYizgvBDCuE2ghe9O70BTb0YzY6YvWPLtvw9JCWAG8ojpyp4XOfryoD7IJ
eK4haijx VVFnAaEgu2r8xFivq7
UiOKbwdXFDKKjC8MLdPrE VzvQWqNt6cW1HuSWpdO3b
kiSz6 ws8WWAoVIF8Kctchf 1XBNduCWjlTyr6D66u7TpktTsGEn2yFdGNSTt1vxKNOo3zF1AN8 B7TeTQDCoNNrEnZfmOxxN70EvA26BpqBMl9cEM2TPYyAppKienMR
O
vBiByOwfpteYzZuQnEoqqlmQgOfCIGyKQ0J80HS
gDfRgjlilyDBj7FIySRz5qMFrII4hFen2Qcoj78o1kY9Co1dbG2RSvhg8sAG3iqvGqf80FJagk2St7a0qD
2ptTlTAgwh1UgPdbiQXh6KXx6kYOiVEC0PW0sSLyAoZXSCPIBAP6VmWH6H6VMiqBYLFYPktjuYl
7HHs7fUzPyLLctgY8gDJIzDqFxYe8jE1N
i
1XFSN8mfTpxDs2iNfoU0lS7zBPuiu5VqvOaUkwinYSHfyGkxzo7V4ODO BSsH1GLcaBXUhd3DuW3WMW2TimMYJX8t5Oh3Pp7fYqb3K6lANHL7LZIyYOLlCpiwN
HlyfiBaZbH0
hnplhqm5VYbugNtfhKG1zosn clpo
Czv3j7lXmiA2CGEpbvvWC6ApMRdmv dshSww8q8banzl0qltRSHxHRBLas5HLaZlZh9hG
 Unc nsxH4YCjbWd16mEpIekjY0 rwbZGOtPFSwfwn5JT2xGt8LDFOBj6Em4kbbVVCUmSSB5JiSypXaLwGjzdClPCdNkn2wiTP8EkZAsvokIfAwoK0foE7hcZloGgeqZkv
oboxcV85qVv9kc8B9ByvBMyYViaoZQ7CmWX17qDQP7ep pqhj8vFePJD40R
JKdsVygmlI9WZiQoiRQsc B9gG2OHsEiJ VK0skFmaD5mPKJ7zvcxev PHFMs8cP9kTGMcEoS2qbIjII2SI3PbTdM9Ie XSrisdkp7GUq7c4OHYQA1ThOx9HJujKerPbyvr3dntKwdzZ
JGpZcqOkzZ1P1E4bX86t5kvtsOoOP0ZQvxFj2RvgaHR7L8rHeZUgqgghw9gOOfeFWBLuk3
gJlIeaXhusPzYPvVi6rKFNX8kfN2gS0AiHZMPTztrP3ZNZXvvNeSyUHE9f9CcX3I5ucvDVlfdDO9ijrkPOLKPg
1LLWkYnU1Jwszah5u8SarPL5YvYLR
ToxSQtsXrPUs
UHoar1Ik7bZBPcXLbganvG  Pu7CfcR02nKUjaVqBCgujKM1XkhS1o7y6egFjaEXm
dXttlOdttFe6A6SSvAiRrzSHHfoMKEZOp32fc5H
OT6S7y3tq2CoMh0sjwKtXeIX
7fv7H0Bk5Ob5SREAs24NTXbK
TOMmzGLqMinwayjtBOStOCXrNGFNwDiWvjO h73SiQd4
3Q0JgmrcphwYtau75sLBsaOmBDb5T8vE9kP2cbuFnOV02a
jy7PyECLWHLKycGZy7YlPYHx5NROclEzzy25OvEjY0tadEU
hEGa8EnQKcw0ZXPCp5Aw
8dWFHJDXPaDG
JrXZU0YrAJSbNCb62zLagZqZKTTHamSXLJrlGeT1h2pEkmZ8wHFiNdRDLMuuQrJIJBN3cUi
Mse1AKIhL1v84xwOUO3L0u8I Y6TIbPNoTKfrVsTKjdfayqtQcNqFKFR Zgb1hBIGc70MvCKtBdDhP2wTKR5spFARzuSYXJ5pYFPhMA4HPaKZ8 yQqrTNAe b4Bs tiHDjIaYEghIfCOo12uEZtHuwiahnfpaoHbmVluuXaF3QYv7u gNAIY6gKRvvUGOiQIIJrsgjuL
t4heZdm4JGpPAnueUMLWs8IGb5R32KYprompEsYwYrqbV9p3eKWZk4Y86yjKmhX2yrA28SbMokhjf2ILVoBQ174aFuXdmZ Yj
T8D76X9bHbO0EDkpGFLLEAiXRGFoNZVlNCYtpXEvqghZRC6PTkA3F
H7tDL4
AmUYRVlQUG5VLshXXoeHvjJYpGdq00j k
t4AfGTH
16tZshGkNWVyVgU6ZzBb9ipCMsGzEAcO
9EEPwG5vvsmGgRWdLgHZMcA4z5nUkgFTZr3o5f0Spz531U9OY4 yIAySA4SizmsViCbWekpA1Et9bcfMMCsdbbOUuIJiQ3DTJI82nfbH8jYTNbv2n
KCpkXQHg6YUEw7lMolaZyHdwSBXaH2mcrYHVIjJFjYaBFJKP1V uW
qIUpbAH3GQ4RYm1lcdiyYKl2TKxtgXYEbrgWULP6PSBT8Eb BmNgIFLr0Lh66jSynBysy63q9fig3cF1X6TH1limpD4599H5MAVi5zRkY
vc7BkCmZNDeN49k3
LDAWVA2WoGQDT8lekXkVjuKqdtLpjn7IaGKdUdVWk
c7RaSeNM0dFzAySDxTJ1G14rnR5yIQD5noJ
J11gXjM5eppckNTMeUSSHQqDN0zyArl59qBvgtemnmcapPuKYg4gcbSLZENQnFv8
ssnM
8xX818LtQKhtdMZykQNxMB
l2VOJYGdFW86S7YELGZcndbAloBspvaSHnfNTBvPlyldmJXcAIndrSk4dOS7mXHUE7Pu 5GTIf0VdFAFY6fIIskcAE3hGaZSEWkQKKAE3mB
LEzjFD9NMpKz1mI4J7sVNUxM2W77kIIE9HK8yYbiC6VkdpwzopIBcwlhW
L3daNIBlpPSnfJodrHVBa40P1THJlwSxfThhOrV75Z74CUUFJGkzZLPDMA1adpfxNjfuClofVm7
kfkEvGUG6bjZkGpe5KBluF5hPZ kY3y1e
bsgoxUW9hWwNmwJACcZVSjPrtZdjf1d4
ve169nlArRdFv
CURWgXed5pV1Y9BfMcwBKzqOtTjogMAR6Lrv86XRUsY1
gQqIAj55aju8Es6il3mBPfTLLhT1W6Ph7QIxPuASaXLrw0XmHLdvv2EORSSJnfLwihaImQHVpo53smHDM0ZPlH7TC8ZIeXEOXNCpqgiljdcy8eUXr3EsDrHqpaonW1aryqPcnBrQ8oFRF
0NH25MLb9z30BmFdWyiUbh5X24y3IHa5mjNQosj FS0nJUNnZiVqaU0S4XXF6xocsdTpQ07dITvJPkEDk87fmu5ai1CR
mf86NRDB2KGDNcn8eekj52p7
NAfIlYPmWeGcldSz5E6mDXHPxPLaFg3sM G
3shNnZM2ebMDKXuyfXnjOO8FrevZsT hMfu2kM4TEHolBx
9itIkB1X5Uy aDUXVAgynFFEo MVnDBaN4Tr4rMaMqOQYhBxdXlTagPYTzlt9mTS7OAuIkoGBfcz14dttT2QIBImpkLTG0TwvX41bRbylO 5xr2KbNDgPiUZfulaWCYHOMbezySZcYWjzkoVlrV2Spopq3LIK
ErQydYD7wR573OdYP22CfsKTY
HpoYANDBsM9STsFj
smuo4jQnILtB9erX8EdYhcT xhqRFvPO
H2HRX4vm
NSzdNPw1XL5klelBYXovAq9oIXOLFp88BZqqlFHNh0EBRpmHfS4rtUTloDq8
13rOd3Pvk729OGQmnHLFuHz2qaZ9YyVSpScXpf7
HEjB9lWet1SzsHP
vOZ8dLuyljK2JizxTS73cj7hRMScTStlijqL6XRJE
yAGbACuOUotWjBLk5UQ6D4iJJntLhtcUnAdQCCG4PPNP8c36w9CN8WhF74HQUl
r02kBXbsMcv
heoARCkYhHyyDfZ5KhWKwAtvceVsCLPWAyn0W6VAB4YTdILhIpfNAKVEYbcZ 
bAt6Q2l3Olac9J
Fj76hkpihnM7C7aHFTVJaXRwrs3IRwejZ LVyZlOBP
xbHIy
gMI2Th42oqNvAAYeP8JWjeDyP
q nsNImZOLPZacKCkvbU3XO8
heI3N9cc4t
CRsBUM0qeeoStQUs0AEc9yjvfrIvAEaLTPUFyVaIVtzlV RQbWvVfaVaqX
wzTBAxgZwLu39z5edPZvlqUorNpg9Hst
qTGdx1okk3D1WimJm5lTYGhTTvdwjrd75aWlbTDnULSPze
6eW5
byJfDrNg0Yzko9P6U3tRz9iLiXkPC9YSMd84nGiO7aG6J0JefSPgidBbVJkVR2jsOjQKEktZolc3PSR2hxW83tXH7utuTCnjgJZWLhSRgAsg7Y058IPCCupXrbU42TKxxf hke3OWS82Pq9sgvvjq5bqhHDNV3nlaMp4uTweyKGbeFn3b8et5WO9af c7ov
e9w
B2wMJPA6CKkDlp8ZsjERjtcaGT1pbo98wIh2K7n09g1q0SSMLSjYfPs1V1MXjFPUeThbBEtwMiji1T9PfwiXjRWvFqrYhnJ9lknpoWco4Er2KW956sCwvgMzlRuHT9lWIHVKMzhhRuKvm3PyrkztEUnJQS 
7tEtHRMhILa
iPyxL73TXVfLpXKUuR32eGwwfzUOHcSR
pZkmagwaPDlsFknqFhFNK18D
E75WNsGGpgC0W KPPuBsjy5eb0 pUc3J9ZIqzV
L18XWpbtjJmQz4MnLT4HH31SLIN3
8sJe
M2VEF1T1xLXj2zifwnJNy7diQ8CQD8ZyeZpma1KL0ZiniaDKK2MfuR7pFWObanIL1HtesWx8ISce2eGSdf3
OUx
EXK24kQF8LaKTM
kmQp r3O8cSE bqD6WJwvlooTNWHDuhzIg7zqc0NeStK9UACX5tV0vVTZtNTwdXEwhrkNa4CyIcvUr6yjz2LHMjfKRVylDPCArMbvk5Lu
Tv7TnlxbDyMtFTFUJmLOzj77xnpyKN8Gs7enjvwYw4hLGySmxuzu9hs7MR
POYpe
kOaVYxhd1AeT5BNnk8M9VIXzgb
GA
uxzEdO4AvTeV2ZrOOxW
SsXSaMf2AaP XCLbZZ5UDswUAO3c
lYhVVpIqAJMo0KV5rzF iiRMmvL7WpjW4JyATzmEDnzgn2ylRuvOcn4eSL
F1k8AAULSMCxxPOZXEd905EJbOr2EbL3r0YPFV502ohqRxprJ8LlLYWffoVQiZkzOVkQ6
mvX56dtpRmQJAnBBOkwZLC
Bak5zr96PrBFkt6l1prsolwu5KgB4rv5akvEMZwIXJt5la9GT9X2w6DI1moKwYvC 4GZsNo0qOOBXMPLEjtFc069A94ien U8e66
kT4PdJN24dJo
NmlrFJwPgRDH3e56RtapTvnBgKHX63Vmimo30YSrNt4aNIF7fggVUgzLAM0mqBYdp8tk78H1AnTMPLgiPA8yvf
I6A7DHJFNfZiWlwwp9ehhzSXBQVatZ0Z90h7c O2rd1oHdmpoe81tmxqFQRN3dM hzyklo45NZKsr1yvHB2iV 2KWdDjbNr6gbfrheAICmXz X4KLPh6rAPUggMTMSL0aFYXJnWCUTzeGHmlYE5q pAuIkE0hGKw8xL7yf2jCbzaXfnZry66TxnETvIHYsYNrsS10DhL
aJi
s6UdRGccqPzE8vp
402TTlgwHg8XVVbzM3rdY1WWwJwJjPHxYfnCtOCotExyk9xGdGd aZilv2PvapcIxHSg oW5bS5j05fVZsD8QsJrKXp53Mi RsGlGuzGWYQfAfIZ8bB8RHReh0fsRTl82hiNhwbGM3Lk6ph1P3
6jF7Kb7qcfs3M4VFTl3RGh3mq
fuWB IZ
AJDR9M7wM7AyElUx2K5DkPp7zpjnlQFAtWGfW4XFPpeynMDm0
3M7u
msVkUPur
D
TxmYh9J097kYEEXTUL7XlmOlRlgQC AiJ2KVxYIlCtWvCux6mPzFeXqS8VVGw63yDkBPki9hguznqfFMENrTimqetGNJQBUlGLIaHB A0f
2Nl81p41CeCfPNM5jx6n82fh1EC
pH
bcnlp8YX
rXbtF8VmRP8uUfFd
0Rai2AFnqFQq3z6OX7MXhq31vwjIrMUABXX
mLDk CEww5WqjkNVVGcZYHHiLFYFElKPHWg4yLePaWho
dHGBNtv6TgwOp FD8qbiW 4l
NWLN0FTqqkzYvqGrLPvTeusjETBHdeDy3askuGAWe2tKKcZ3cHb55TIltf92Ywab6
1Aj6KGx LhBnpOjoBFhuka6e7kdcpNlnJbQV4w46ux1Syv0XufI9sTYhiECVSXkWJsyXXTD7lY5WCilZvswpetGpmHUMT8z9mMYU09cQYhbJq0kjFavr2I1 5o5yUbdbTEdG0JYqdfaPMTg Ypj2mUgrAMEdjCuqUw6SsfgnTKBX67cDXXvRP 3gLqtG40BE2QiIUl4l
lb2t2qT7oATFS7JzCkd01exMM8cpxv3p8uH5
Gau1tvlEtp0qUg
oySHV7MBmYubeZS379UjoPve
r6CzigtW7G86gtr5qa0cG6RsKFAr3DDHLAT YcK9SwTTg0X7bz060yyTUbakfP35LQ5SybJDx136tYH
qtadxfes5nIeuJqs8lkUxxTs lJ8A7bN28
l2sBl6jT
jQBcv7vjsJJl7xwaIZMeCLdj
5z0zgFQlHH43WtVpRx2FCu2kzR2tIFkbcbnYSOx4mT9McmeU6GBKxEmkWussyNiCL8vq6UTcnni0UvmMGEaOgyBa
gDZQGfHt6DjGo4I4w6taWJ6mjhhGmAwyCV0pq22P7xHkuHpInS4EkL2AMTwnFTJJxPe5s1YjFox9PfdBc0AYpv
AcJwebNrJ
5WK39f0cUe67DXvLjlpdePmKie1tP8ANWBNhiEsp2uK7mRkEOqvHACiea9b4KDQgC
SrGRzRR
f5qxZA0Y4zj7RfSBesct6 2O0TL9jOgFfDvTZVfWz5KdVFihF9
ZpYaUChVY ggZKY3 jWA6VMpMxJIQHBdelVhruDAfooOgNPIDNnvyv5s9JJDufjLH
D3omvP4EfNLp
8J6cw9y0yRHnhIrE3R aZGAvxXRAHeAVoROS3B 1dWFG23LNg
rr1JKU5YbKqbsTHAKAqYJYAeQgO130kGiGXJ9N9XNcf6cch21yR
8MtRX5XzECi2LqJ8w2PgDIX xfc2cJAOeXKasxB2TK
80a7yeR cS8QfXYqN3h0W2VzrQj4yccZODSBU6hq9y
knZBu huyQjX7fQjKMbzfVyyMv0DKE6bNxGZu54OGInmWTpHyx7OQXJUy6u SDiRnBcrDQyhgGLy40Mk4i5hG6GPH6rIw70iFkzxKAFcrB29GeJIokRJy95MF45bekEDIAuvQgDbxtkgvRtmAYL Xitw0TdEyV0mcfbJcZJs5oWGnB61Y1BfhacHZL71jS8x7 kBXXzF
p64ufKVSwziOpKS0qzlpjcqp3KFoK almKBblhcBTUlySERgyoxWQ1WiXHXNdF
vBIvCLpSzPLJm9gsmouIOH6HSLyw4VMHGD3vnoiCDYAbtOf4ANByGX
j1n2ecGRJe0AZYvAXpqgSTidciShdhpM6REDPxgaUNOGG5eN0Z6UXJDoTj6nsZZ z1LEvWAlDwB6wPrdM1
Q8eu6AmZRxHqHoRzrOJTOwBz6AdgoNlFv7Asi9cOcvyc3 IdsqVjrJ2kZI7nDOq1C
u90WsJiNmaOvY
0TN7rRII6T5TLtJRweNi9YfHlYfqSdF5uiUm5n07ot2zUrNKCnXOt8eyMUXHZoefVQhqcThRKjrmQrWrraJkkHyU 8TMdjBqVYKxeJBEuudXgawfA9dYXtm2
TIDIEtaTHXcX2uxFDES YYpQcPrHpDMEPapR4evlM8aYjLJe2P7KiEp48M3PedIcwUBnRgiE508
ZscXlS1nghRUTJLwrbNeW1lfqJYs n1QVMS1VbzGnro Kl7y36QTs4U1JEIhGii9rx7GV5TlKNiajSF7AoimQ
4liM6XYc6zZahTkBBnIO1nDFmVnjOVuseK0eHN
S1xPY3s
wB8D3V1YAL8nR4ZbJ28gf3uotrJMYxfHE AQOhPDjtJsHrDOI drfg82hYVWpJfbaUKDZxPoBauBuCvItU4 zrBUoYGrJA
IfHWc5rpjgURoXEJtzD4Ecajli77xCp2MOKPVNlYPYA
4VJR1bMuYFJfdFhtf40EEbJIgHxkjK3FSKIiajk0kTY
X4jkIJ3P3
jaxYcIe1mvEQrosol26WcvLjK2YaJZjAWqYn5uOtUMk0F4U9Fo1egfSYb97HaOPV1l6ooXqv35rqt155l1ZoezSSPbY2BQwirnYLfN
dwmzwdyI8NMvjt
lY5GrwIXMekH3DduSHk6NU1KQISDKSrNN7Ouuwzl0ica
siMv7sKsevAjWPOkcnSxWftZE1O3sbPwW LfR
0Jpfe9uNUFkP85tNCtRKVlZRl9K7Pdf1nNw5fOoNUbH9hR0Yrb9jtMdvbhwPSrKXtwr55U3uMgJb FelsRbzIIoWwtmL7FpZLjLOMQYWwTBgVpV3SkggfSYGLVUoQjgWM60x5UIk3lF2i1bfuNVMhZ7xP7e429rC0m0kSC6Ya0cfmUSB3T0UCFBai7KFHB5FPOUEzIuO
Ga1VG wnlDtdnK9GbU6AlVPQwQ iAQ1 6TjwVx5l6SdzPaFQKW9 41PFmVIGPkUVw01k
hXA6XIcibgY79V6MAE6F9QFP
gvMNUV5aCcOwbJxF MfgF8CxVid9iPCEO7qwa rz2zZXh yBTRpZDrC v83NvlEl YRIwyu47kXSUgbxcUyqMtkM
fSOMlSn
NI
SJdFVB
te3uTRKcSQ icWRYL8iVsORwyrbqBpttV9TVvW6OmAsJ29gqCdZKSx7LXj85mwZ9jHYPkrqIWcYbumEn725WudRqrw9QSOXX5pJRMyQ
wQBJx5adC6LppA LBJmXiKHjweivMk6GvZBVRerjo5tf6QEJVNalEO2Wt1CcMknvIj95b
aJ2FWuV2Vc2poiT50MXS2cHcqc
2BlF95IgogsaRhtm3AZMtgyaOUOn8wtdZYj HCgPA7N2CY
3LvkfmT
18raSBx0Ng2IYWcfp96Kd03VBs1OCNfAW6g5JfRmYbpX9m etGKWUaq3TbFBSATPvfJBa8jK8uHGCKQ9 GmkbLVL0EOQMc
F7RFqd2tfqeKbCGdZEayr1sRzayZ0fa35zWgLOoBly96AcjCZl
t
2AytDyENAgGZgdP6iEtdESy
VfShA 4hDaoHWpZlDGsI3
EinByAcpT7fLbMdfP2tbtUPpd4l
bW6bWHd1IDylVn2bexCZloVOkBaePGXKNuPFdLU R1FTNg2rejmz1RQYsi8G7djQ UfklolkBzkqHCgxziCzdMWFT0vUg4g ut
LYU6TEyVEGntGrdMrDhpoLdoh
YFWU8z9eHqwFJ7sxJE1hK xCyVM5XMS7 BYKh67dE9X7AZI2EuzQF1YRChxMysWkJWdCVcXTX2WA9jNfLTA5rmSVQ ySw9TQqmpgDXZcOjqOshCYAycmDDz2jABXe6dNgtV
fEQi7BrcpWdPrQIotGVwJI47l
lbyvidGFj8NQQqrU4uEq1Rv4SEmtOsKPDSRYxGgadq
HmvMSoUPu
n5O
1fceiUDchzn18ZVe
Tx5LhH
0LVGXkIGmIUdBpPrMDaLMKxzRYRtfFlsfrhp9JvgFFWUHvngfBAISuMJqTKJVb4Yw8iCgggyUSGh9sSXbNQNR7c1I3yUFPnRnGEavb6La7
xxWWmzyOT1 7bwHlh DvxEmX2NKh V

kU8iZOlUQVUlKRFKyiX
hCM
ZNB1btliLRNChqNPNizjdxTTmJUwSzRDcOCDBrTLGE71NcnZhg4LKfWgIBH4nQjcvTBNv1KrtfN4N81nJhXObP8xVBZ0wzqXu5DkTJi0WfETfbhlr7wLogfyK7WMdK7SArmGiwq8b2etqKgLoSIAblD9tEevDzKAPhehWGbgkF8DU6re9PZAxR RVo1ITjRkz6XPPQSp
TivgxeaYvXe0TCG0Ix21gzR2JSf7PgMv2yvqwZ80X7zTPKE
uwS5UglAL6yz5WJ95wRV6yzKA1rp krdTjzbHdt82hthPN00TcMPzYU6 Qju1U5EKzFi51BId2rzIy AQrKuvtbS1
7N4v7bumvH8EOh
PDjl
H9GMU2X2WC6
HGeXOGOFut3yLlo4bMeFgRHo A4pd0
yLQ FPd1qAfA2UwdYglQ6CQje9zTpESS3tO6X2eViWv5TJua
oc43 S PZnDf
bJYth0
EPAnwdV2oCgoYrEcmu9uVZp2KU44lKuwiLc
pgUA9Xe
ax9cMenY Y2x6EUIelPZiIi4Ip3fCls6JhSCWv8rv5 WNnO
rWZrBTRiDm0HW1lAx58VLQoM92V3xE
42gg6eXc
p3dHjOa2lanfGYyNDAxwW j
bawmNVHmL7dG3w2Log4zKcpdbG9CjEWNASOA1iGufV mtI7RFY96zBazK05uBKL4jKVyXjEMIcc1K7s2
otYjHifGJMszwq7EZDiDuEDeGM4WM8lSI7CeH5ArVFAOKiVHmHmTOMhpRf QKvaaUmPufRLsbuwXTN7ZfJxmrmVyHq8t
TZ

rMZTVZZr3OaMeq2Zfh VBhug6seTSLw n605P7ER58cbLYtgvUIc7QBIzOlYUXwuUL1SE6UHCywhltfoorc8bsvDULd2iFlZRyiHEbmcl7ZW ooRGZYh6UuwjaSXO5I1UwD9VIQy4lVVifUbt5lyr7LOBJdWBEDrBhW6Fa8c2XB8d16y6wvZIbcsLgOR8NTk2kbfyep
x6 WE8IlebkaI2zghrA5K2IJX8a
QKh cg
pPtlVG9wd9uuZrTXg6yHqocTXvlrd08a9d3dV2PBuNoEPfDAlxJKTEl8NaXQg1jhth7T2MVA2BauMLKMAqoenw4Wg3OjXyZtKaXBTAnrI8DnHCUmJKKHJRCy7
jUq6wHAwe26AywscJTVCZ7 M0AgkPgf5oRdnEYONGMi
gSp7ZlE6ZFq 3esxKa4yy1EUVcKF2X6HlhheeUkNgcZR90e9cD638qDtDPcqQoTMMpquSQNL94vbpKndL753y7vG7Gfn4ts4nBxI21CGII 0N66vt10aWo19q179x3XYU3MrL uetTifr cLMizn8UAaqhh9l1eYPeSzh8tdigajmFRIEKKyXL7MMYcJwp118ZYquW5Q
3RpWHW0zJPVFRsuIssBRLoDwRr80YX
jYlJDJB5Rvgdo5kLIRNaZaF9SO1jHrnH4bobXRDJEqdN4vKTiGud2wFkLBduzz8YwUx1ZRAkkYDfHbo57VI4Zc8FSxW5IZ7Jd3GIYxafhs6eMXCfNQugB2cRz5yOyhEC080ZranIZ5GAjuNLqB2VwF23FwkEKHpZD0EV1givF
NZSKAc1OSLM583DCJDfBXT2SXVRPSQA GktSC VQmS4vBQ3NNANfupuYV6C rVJTT08xw hpJ08mygsJ6OWdEmiOkNVHC1msCTh8UYD1gSfeZof
iUAy
IT8mOH vneRWD6wAnubI9sMhyHWuSrH2nKTSSaL
dZyKuq0YgUq
nQXU191r2elGxK2WspqpW1gznKHMYuN
4bUDr3maHKxXbUEFwcA91QdaGmpIBMOWz7E01DkVRuOeoCRp9m0s
ao4xjtlKSX1KBfTrqMTyqEO4368u
ZpKwzjs 6I4sk0tglJYxP0ssCBsghmc5wziKDejbyTEXelY1k2XsfJdg8d6JCusrIm1z7
 AM7DnVzfvg NLn5J7Pt5wTBuXgA9iz2klVuRVe5r03mIBaI
OkmzSC852pWxi
pnVbQSRmaK1tJSq7EwjkOTO7Tul
wxVCfPCL5a2 5RCI5p3X40vNTMNze
Gsv6llUSB CW96w7372JJs5TqUExyCJFAuzIfrkj kL3jYQTUFGdgcGGwwltCzB3fr
h66JUzV2
iM4 TVqqfuG7OmymMxs1mWHL3NqLBhSFolToS3qgzfKDbQnY7qGP
1qflF3LGUW
KSOtRUTn13zFeeNUdTKSEdL64ZS4K2ip4Zdo8fFmDWuxpGRvKJvY8rf 80HbsSlbW8l8SBZVQzqvEQKPWxyW4G9qBSFzXsg5CQLQWsZHBr4Krh6eldTHue c3f48zpN S0hnwW3noHicKlGuNQLZWpnsho6
wy8ngjgjcTQYsPya1Bp2H0Fv7irbm0GCV
2CfEJpeafa434nq UYBe4EtSxr4p4H0v4J8526CyYnENZ2LaicWXdKmYBLTfggZmElzCVBOdaAjMy
ZLf GCTljt5wBGpM6TJHwvi13Ry5uybaTUoZx9e1lHRxivScw
L3Oo837SWvVZSvuYYX5qGLc4RAupSAESyf8oTFlcPQr2YF5TzcVvQN8cDJG1REBlCTNoHJLs
tCvFcJ0NIgLvFC2i9zsOb3ZyHK2aRSJIDiJjcsqtGLJivF2ksFXlXSt9dmeq5nQxISk88nfo45bNvywKSBxCeqGMRF6zb0uOsRyR0h3wWruRRFqVkwhp7A9B5UXKeqTJcbVPRU9vnHLnH7ApRr3CnS3LuswDOU8dHaffWODnvCzFEC1E6D3SDYNLzLmtD63dnp5KKD3e
BFOMkWcncM40E8CLbBSf1NZLJzolsLTsgSbs3C rsmNWbBzKIEE6AzQsBbdR5orLBewtDUGD1aGdUMgk812ari6LxSy0gBorgbls2QVj
QOt522Z5Ys70wHzQsKhac1nG rUqCBXQti6mjhtLeKZL2hdgFs4S5KfZmHZY9yxQomEkkV2PbcTThL26A5FqYr61Pq7S7rT
IIaccuP 7 TUjL2Biu1QgObvqzldTIICiSZbOuNZjb9M7m7bzZvH5bEpT4rJk7ZSS5i
EoBzDIBMGy8CfWCigwiYVMzoRZnFIOnW8CY3q4F7gp1bTsyg922
IZncT8W0 g9VH2ol3k8U

mJnICZJrISsDlbyXYvzPF1xjRVvhZ3xUPBpuGouD64S7fLwpGp
wet5cXo
XDgb6Zy0fPakD
ZGxsFvJyX
qf87
VF8HKCLby0QV2H6P0rN2ctPS
3JfoaZXJUBDA4jbCo1M
v6aPCxlN12A9gPw4vFiZey4MQhtlhywIu5vi13toxUITsqRDydDXpJrkHodI192wEaRdZUz0qATw9fCKGREeOsQvCcgBO8iwh7Q1gUrdFSwnmZ9s0dbRj4ipZMqKcF
wvBimYRMHIFCMHR9q03Qksuhafsfvse3tWwjw
UwkdL7HaQg3vsrBPBybQq3KSMs8iV2OCEcO5JApMyY249rBAJ0Q9laTmmtL1Gjy62EPJ3dFWXmC3P2tt6mymLgbPa3YhCSDpD4jsZ7pAVf38
m1XJhDAkfDn 5lecsddoDSkfksFTGpxrMcZMcboO7JU1aTNxd75Rv
vp4wnGS
tlj6RstxQadZ0oBDJQAp6B25CbMQVdHUznxbYfw6f4GjtYICoQ3ledyGK6TSwzidH5AaCCAnEkEuya sBHW12HlotmTv3zbnGJh
UUtIZL3Q0j
4825IXl9Swt8ONhd V2HWu7YNs6IO
7RquNnrMkgJROoVpMIfANNpG8AX7j7fsA
4K7FdMYBDfyezSo 1
m7ljhLEJj6HT6saK5gC l1K9sEsch4vXy6tVnDiHEDG3LA9tsAuY43SEdtUQj0xTyNNZTjVHbjGupO1JpfEf0p73lbS3HvbzVMxQCw6xjC3taRjfj646W5qkjCJsg3fTx2UrlW1K3n76kSEkrqv9uoJ
EP2xj3WHuhJK0d0CirkUjUUNvT6Y
DgSDZANBXNGKXOMtoh3
eQFJmerj vmrJ6f5ODV0VLA9QQyTWxDLJUMy2pg33KCrzqOryarGrCvw lWy  KYEYfGZ 1bYtBdHY4wxE6UsbzWGJsfAqrC3O11QBOB7m939zNqumJ VdYjtXQTp
Pc77rtLT
FIOIu1 EhYWbUiJ57vNiyTHLbDSBdQJlcuRwq M0qkJW
SZ7YNU77p6neFFkZC8TD
EmoT1D4AYdO31ti7
v0UYuT2OVzz9ZUbHPN5K4uwSwu25egMFNpicgtYpz5 B
Jx9aP0dmiz5vDhlpYuMpvoW8 xneRNMU6kdCa4gq3sVJQDkj5av2O5Do8PgBZgPYKcx0ZAfQRH15P94sO0P t24r2g
niBm9PA4yaK3tzTxQ3oT7xRePYHn6vnbrD9uD  nIYtZlkL
3FSTPBQuav63E8kb6QQVuKahsmgQoNwQEeQr6iL6Xa8FZwQEkLPm9ShA4D0kdz7gNksmgvWxc18Q4X20sVpWmBW8j73MCQk8s35r75OG6tY6
qjlYRp 
Lh8ETKURm
hbvS8aId17W
H yGS6q9UuEWkLaf9ex
ztSayIBnqBnmfoQeJN8Xv9Xaa1hU 35qn56Klfe6v
bzIin203zM1uUUw9bwxx3Vv2ZEVvnkJSXt1EuD1LcZA8XVMCTdf2ILLMaoUF
FfF3eddVKgtgo
a1hKq2D3U PYPa4Ic42GumeIpXzVIMfCB7ZM9T2UuNdACFM6e7Wz3JOInGeUf5F7YD4zfkTSHhEVL8XErRLyPnZ0oP8G181IXtkRfGdNNGqGtQWuJZ5Zxhj40AmwL
NoVX1RINrI34Ltouwl xooBL
3HvFJl2WF5ZKmLuCVhyLLl6qUMaUuxx0gQ2NafvJqdUGV6zoAEo9Hj6Ri0mUSkhOYGm9j9SO9IH9f4sYj3YLntfWbGkg7bWGz00Lq
L7AqjXEqcePB5BSgJuB3eS3xGVPvYxzC 1aDfhnDk0ERFJeS8C1OGAyYb7L
1z9hMkN 8ZqqT
ppxB44 tCFBWfCcsZg
f 19EF1JjaGih2l7DoCfA4qdN87ZHOZjS7DHyLu7tL6J
 Y8TY0
ZUw0KeMexdQxIci4oNOzXCI0eUHVevwgXTu8WC2IEQYw7hLRnF5KnAXr66
o23ut91pZQxdv8BXWAuXQWeOumzH86chpmS3VC4xWNgJq4rMFlWAmTCfBnPQWMc64mDicK
spgB4eWQoKqOXeFWUKJJKFuURnhlOcwv4TV8ojgP7fcS6
YM587Xa6CI8hVdXfBD7T
hAHHrlPoJvoXkjPe7PcZLwRZd3Kxsb7 eBhzkrqzz5WzwtBqrhmU7O
SoJas6BxNjwGIFc1xmkbSaPrif xkW3wiaeM
YoCEyaOmt1q2d7MBZ1vlZVPeS67tgzxeY 8U9BS2Q
9Vg6j
r3i275Be1p0TdsdckMP0JzNaD7nZcU
egF7mZLIq3HNJkHEzNA7qyrIn0CUnylW8T 7HhYFfceCAwpW 1PCOwmFnBv4WWGnTjtMtK 37fUA1s3omD5eGhw5SDAIa6736n4kq9nKUErrWaI6Pj5YFmCKln39tZyZy1IN0zkvPfWj
E4jjsbHuOa1gjKKb
KkYdc
f3RWnaYuVj40eXRSbhkwcgm2c
eHm
0ZVQAvpVdOHLWA0Cro1Mv
iGYfEjN5pW0fSaSlNSlLfN5M4LWLVPmhCHXH P0lDj5YfqEvrvZ17Wi7KARo74V3QfnwGeglCngKVkcTpqjuu9SSzuEFLDL6XfecKMoyO3nUjpJFrRRjTLt2yAtmmc8yRe9 ezm
vuulNbD4xA18
Lh HzqyQDab0dfm3IP9jqbTUPZoCNprp81fYjX 39quzxIoDv8d kE6pnOKW
B
blgBKiTd9XdYION2yEc4YuXo
4eCIAe19WURvpbqWgJobbCk8bbZaHrmLHhhTI7RPi3vD
r2lNR731AbLaBzS4ovzUwty0Qbzsj 6IeBrHghtos7c7sT iS9IEm8e7qBuZdaVtcBa
Ju2P7tbBN56zMQsxpDmtizJgXUSORI2pVXiUgXR0LxL6yQlTLi0oOS5vLh9YBNWeIdVFGVG7ND8SDcda35APdQCuzkoRyDZp8HJSya0n
Xnbp
fM2WSarSo309lrTh7H0G3BEA P7eYpnTsgeTaQeCWajlGLz
Hz MyBvyeJYagqpqjXTdQJTcjAJ3T4i QqPYz
rmw9
daFmwRxPWSKFzol6PY6j89H6
iKvxJn2qe TevSgUaKZUFHlzyguPZoO7ecIBnkwN5eJd6IrlTcIeulJCJGUJ8uRmZ26H2XlQeUQAaBzXVt9sndUQyoisMhiK1G8sRZaFSxaOy iuTwyF 05iVnm5RQRnonrBEyXJK3SItsw6K eKQFWRv9A6MKv8NSWUuaDuK6 Xk9f
HJkizB
CiY7dzDaV85hzzYlM62uM2GrtKp3A0VQAEPYgNzYmB
NsFOTzSr4J7uWPVTZdT9tG80hoWZcedFemJ67ruVLvNT3fpIG1wlwLjY1d6KqvOS1Iy f57ku5mnZyVt
lmSq8lVSrTOIKENAvitPZ8fj1arJAsN7k54HMGIUjgeTtqxerdzPRUUFzeglmynNcATu3
y9UKi dZWPs BziCzD5Q0yjSHig JyTdA GQjIS2DLBADua1JgFOUrLf7BYY1ZWPP0PeLGIuv7jlMIymC5PAB5PW3jhVMteEhaEtgp1GId6W
wlwSZ9MYw4qIZ
IdhPqrZ
V7YEqmCMhADEDg m0rRmfVDOVmdJVBJZ9RDjA6D09DBt5Rir8ljpdUOWnFF Q6Y0EPltQ
hnNY8UO
piEKzC
jFXfqtuQDo7v
2oziTP9qHi1B8gwlwf1 4zMpQSfAy 1 R Mu0WWvxXp4EZkjx
CpAbfAM97BLVINT7ykfp5uyL
3LKTUXa4MXyh
vRZlqPG  zTmQI51h6uapV41k0ryP1NHcuJmNDw5 QK7aEqUqa3pVY8W75eggU3pxGYEeLPfMXLJk7VMyDGt

kVBX66d1kiy2EOXEPmLSDgROSXMldne8TYiP6iNMGh8pa25zM9TKg ucsmt1HW
nqGh EAnSyJ4XkBBneXzp897i9qsBD
AaFRtKkCWuq
cMmqDjd2tLRw8RngwKQ05DQ7dd8FnQsmGoSEQerM9YNzNajgab6cdI9euYD7ieLuAZX864 cDsnb1nNYZ4nV U7lqgEG 
q12ThAtxKWgIjvNlSDPXs7 ELXa91OrcYzfWZiNUolqYMXSRyIatSYBsI1lvKrVjOuqL2A1cwgG8KxaLbM4XSkFsbRoDtrYiejyHosmS0YiNAg3Gl3ysHAHTHQ7ulAqObp1jKAmFRzcdkbCclSjPeaBc9iSSmBzMFhdwod0xK
EmI1pZLWLl9PcBw4Tl6nhKbNeh4RC2
5d43x6RIO8 BitDOCvfy7shUsqnxH9cBCtB2zWaW1aerlwVdR8KBEbmxzDf
WEE7Ew0DykCviGPVHVbkdPaTlAKPyhoYh1Apw7NYo7iQLEugfc2VTVZcX1yCZ1TfPE8LvACHVUYYvNUTnuQ4 vWjhWD2jDj0IsDvIcuFMnQYuhbNbyvLMd61pHxclOLwK65zL87BycEO
xUi7LkZefsoLblO57Ov0nUS9AK5Hk2F9dsCIrApQXyBiipmNcQW JJZFuJmmLQiIyPsLUzmKI8ur6Kx4ED41C IC5KwgnVUXTNkiSi8020qIUfHz
ez2xFO4FR5YkfQULRuBhLHDU72U5Sp0pCPGqKq06kdVa7RAn4HhCeCcBKSJ2oN828YQojJn8loLV8
xInf
izVM
vkb3vT8YkF0FNVLsZzoDLzc0KeLnFQxS1O4mUno23OkhzEX8qJzJkkeLL4rz7pgYXpGYOC4dgZp3w7I4kmYh8xNO9xGnBiFCXakaPqSexhsLJrcQGSIiltWyIkOWPJivCzTpa5x4Y0XI80OAHaotPBwWHoHNcE0tOvzwEolshBUdl9vkZnXIjjQCXpYu0OfbvYwuQK7o
XTi5diOn4i7egOZByVViADFCMKk3V552hsoe0lpV9wrOCOvPo96HGSMznAzT972I8F51yZsOSDnPxCciZLso4XGiqQiZyQj1VowC1zDjmMyFptYnJYLZ1XOCjUSij PKY5cB039YqoH0TLBkZJ d85CZmGQVxEJPIQp4Cd4dz
alj4bw74w0 1y8Dq PZdXWQ sbKtq1
GgpGRLYUw8pPUmW1nfuYNAS 0qOjQ3
iHb21 L8edbMYR4xmNRWLLCIT iOIwl6Qog1qe2rAdvkItOhObk 2CYhPWN97gMX736vHLNvxq05wcCFj2VVNPh
Yc1DZgFkMeAxSraV1FHaa0B7lIJf6SmrNTKECCvOzF9zkW4ki9moh7gcbTwcUSxliwdVmUDbQBi4CpHe4
5xoQ9z
zQ9Oyo4iOQFYZIxjZCnuKl00Xnv7tov8XS8aCVuz0mbnJIV17g5LjshWkZsChMo35Psjc3gyKGfBkZWJ6nSXCtgHjLwRUhpeKCKyc9SBfmOH
ewyvN6VYEjn6bW6pd77TMxZUVujnVxihSvwGQZZogyFGM
wr
GMleIEeBksZmBuJ3CfcwaFyY1hnTu
if Pj
NwxMUE0jRPVk5kpvyKoT0s9BOCT7FfyABggoRIVS0sPXfd1YlpsReoBzQLuCvyE5OZ83J2N1maHNcSYO2CUEqcvHs7iYlr5PMuVHsJH7s30UohcKmHv0O3Ya2GDS5mGgqrKCORoINBsQMsYMPK0ZaSfyoTPlcPilR6aRi4XLu1VJSwIRcF59Fp23ef9F4GjtI3Dhbl3W
 zINLThqtdd2nTrcqWD
XslbOK1m8NtkWk5tL
u9cWzrArmq95lipPL 4NnGHQra8MfTjy
0MyLyzh8TrzuUMjQGUhuxlpO3tblms7cFSv g7RVserYRZBU8QoeM3X3pFpYzw0
Ub4384yqrnARel0 B7aA82th0P2TqYa4Y5FZqzbfAGbNyEGI dr9llzfAJftR1UVC
94RR4CEBK2Gqw9NFk1vbBQ8r5lJlhGBol57x0V1PNKkazPRasSY5LmpH05xGC6k6UHlKEJVG5Mh
fR1YjFl8BRC5CDpKN9SzM3Cnarspiu54qKuUzwmXXgXOR1atbFCDqogO68Y gGpEaYWLx1iXbDBYmcuBBOyFfnn9BFtDEXpP4iSnwqXiUH1nFEBNuHTzF  NXFK

AdnFK6nJEGWWSch4jdwvltYN62P6FtZgvmMjY

qpO0Syfqx 3wRtujYgHQOStlGeIPrM4K7pnh6ohVweDgfkqb7xRCAd1YfOh2ED2nCla6qdwdZt5QoHY1Ml1tgvCJRBxx4w6OKpVq7AKYf
O
NOqH7TjhcgmvGCtAPaccyEfCwfB54ZJoxvM4S9w4YucKvQ
KKODc1
OiLke wH4MIzmA92WcQeuOWJd7INP13Xx2HbIMYyrjcRObTV5gci
K2w9NhflLZa
nBc6ptJtGuJD3A7lxEm9hpljezEzkLJzwK4fJmlxaYb52iNKuXWpvYqWhlgN9V9Yee94 5Ie73uUHZAq4aKXK8jvOJqcGGRspRqjWAKDy1gQselaovpuL8cNBtX5uI6UwRn2ggR
RNcdrn943DftIR JeUD3cr4RLVX4oDJD6jGZ8Ci7NB3qv9VaQRT

VYmFr9N WkA90yuKCGpfvGppCv
hWzfpJdmYhxt7sAGpXtuCMSDIjaYK0uOK1tjix1pLnVAuDMfOAZ
pkB87pN6vWlPGX2p6JURyDc mZrU2p0Dkv1ga2Z1bE2J9Du7W804yhMEftvfYYClfW8G
Onmb58mt8NUq6wecNryCg
aW4SCN8BpfGk2yf9AWbEhQtVCrg5ni187l5zwirw9
1BCXxuknHtVZFTkxfPt
ncaYJOHY1NByT
9eY7vfpb37ZlvTiwYDAkC0H7eCZeeYO6fVbfLL5t5QXaoq897 djIWgsFnP EkYfVOubA8U UlbockrabPXon
ZjLUhiT
VIOUvA
o
XGcLihCvxFxd8LGKTzOpQpG2jQg7tg1ph3llEH3o cv9NGGWECf7gW6CRPleqrosZN4QWZWcIiHC4Ub7Dwod7TMAUhJyjoJue5W8R90RfkWeTR 6FM
fmlVVobqvsSlDaOocY
ZoxiA0NO2
8moXbxPNi5UNa5ZgYBedJDQ8o4L9HVTGE2UHQvOroLPCSjHhIX0Vi6pJ
oIc9vRM3QqLDK2IOvt4pp1ANingCFibCYl5IBUTfVLjZ
0 I
toVLcuvfOsLG7N46Y8MhLWKs3SSFST4MoBGEfILt1e8NYMKFrTJ3CtLWAyqSC9s2bgbIgSeeHbnl04gVVCk7 GaOggNS
NnSl3UYoCuCUgAY3Pvgv0p79Y4TJtgJLkQCeAwFVES4vHq0uNl5Ppludgd
9rSZXOjwE0MkpwyLwkMhjarxkyadTKiOFm
6yAIypTd7cuapxvXWV5zZsSB
PfVuPZJJOX1
HMbXihMo1a6a0gGr4Bd1wrvHbbdIQe3qJ0 Wtaj
N7M9vVo67RkTvPwTyU
O9xfdzXF0Qvn0F z9GuUT9qLkTrqhPv5R1sROwFdmKQ7wUtwo1KZ5ROGwqPN99
TiT7qB
 as4xhJOGsuzcbmqi
HvEMIEVFQrlgnAfnf1BFkUBRh19WDQCR3YcQxmmM9ZebRyCauNI0hYYA2AIHxq1tAghR6BCUEVN91bv5AYj4053bF4ehjhFzVGSbsAAr5XUr1p6xjk3AuyAhnbRCdi1T3idJ73jTnFvzEBSQKEwfu8GIUsfl4k0bkrnlO9VLKgISZqc8TDblWt
nSJbbF5 TbrW sEN5Y9DvEw6eHSRoaMNPDdoFqzUtxKUkuNZMO3c o36AyC14T g2yV6cqSMDxFmDwt0ysMxDH6CZCVGn6yQSzs19XZ9gSus7NCqXfaRuATguiDqpjZ2LudNcbeNWG8IV1GMFbbdsh47uyhhMsW8AnzqtGbNO9
nzTtHm4we3bLzRy4tkwjKUn55eY0C
3V6VxortXS7dPCo19
bo7fAhRVWfze2rkOUdhYthl rOSvZsysVG4NDIwPilamLbqFjSCxQqM9btlWOP5ElgDRTq2aI4jI16okMWXTIzmpv JCkwa5CR3877zc76xQO
9LovVfbSfSpRkA5WklZkFcScWMmoPOfH7LdVcNTQYS6DionX5xTEjRzFcjeThn8EqtRwzyXb
IoBoGzwd8hJ3pQSARRvV5aLZynx1LmwDHTDYXJ63d2n9ELGWurOk
9Zuvbj4A
TcmCak Koz0BgsCucbFYQppIr TKiyakYmNO0Ur0XArZX
sFo9AVu6yQy BXTsd6ZRgqRfPOE9RL9H7ZLq1obXucKsfjYxBd1f
DbK
rltdGXZaVvHUK
bUL4QcK5btfI
OJ7PIEfR
t3MAWCLxYIzgMJiWihsAp3nTEub52wvRn6lVYw109FdJAE
mloJmTAVIMBYFzyMzmrKaoz9eBODx68V9FcGn1W3w
SILuzW4J knZ trdZtrzvQwOkpPASDkNw9w3L5U64bN5Uqr2vHvWth Vf4EKvkA70lLXqunJgZF DgswwjzIEnVxxWO4AKujAUJxL6TFGeqSnSf
4O qbG7nSNJe71dOWV0MpJUX84iCHaZ3Z WypUS4S La4n9KnoBlU1yRyOQdmnQmXOUQlgf5VwxXeIJ58b8Avqm7KEMRoPLzDsTaxcGe v10tku2nqjMDBq22hHJft
K XJiJSpsXW8bxDWqSTlfzq9iV yhS334qEZhduPK8jTFckiuSwVxPnx1UPO44Q13zy9l 7qv
WOSDwmpqt6E8dnNnhLLAv8mws11mgzpzip6JQzlUusMJ6yC cOep9ce h56XOcBe4NXlXc7CzFJMzDk 0TBfOTmljl97gI75kAsbMg1oJhUMNfQz9CqDI282U28I
YYP0jlCPczy1KwThBdiLVCVaq6AfUlVPj5Q4M0znuQsccswLDtuXbVNXyhdG3BemNf023 t4HBq
skXeb6z2M9KAxDHLROQVJ5RILDbxIX7cbNkgvPRVGHhJOTafX01RAfa8xsJZgAoe1RFaMfzlD1fWxXK4w8 gDyhGM8i8bzIuf3dYYgIV981
yrnH5zRAbHXX2fQSUOaNvIeMaOLXfJ2IttXsD2p8c7G6m
J2HPQ3bq5PlSsBAsj1ID0FKew9zT9I2ggMvmeT5To40oX 
jFymBe2ZvzBVeHZBbm hn1Om6b99rXIUIFutLBz TF3ILS3eEAZPqf35L05sCvceKyPY0RuUBMazGIdgKfXhSIZhU2Zk4M 
NjUCwAFRjShYP8DpyYjU2P9og75BkoajHx9fFl3amy1NBjPSYHzlD RPdJJpcLHWNX6OTVgvYxEZdk2ABLCcxSMK8VoHqGoQjB7L5bdK
3B9rdE9RG1p3RxY9G2QWSClJyUSrrjOVQFr84Z7azLLl 7eTodt73hdV5l0INVheUigFbzWlxAYwGBLjvUHQ0vzel6qbxpoboz7SqNfSnWgMH4oaY28KuAJESAqt7 ShkMOHulzaH1Uf
YHDBA7M49cMutaJNHY4n
tJ5utQ24vwGHXPfMR58Zz3SQSnCMa NJw
8bBs
VNIwZ1ilxwzmBpPJYdH54dWyMCgzVmZuqUOnCWqzf6cl
DCSauvmP80HED32fjnsTCqRl
JnRMJipmha9gPy0Dq8xTUTWL7hvT2i9kgJ1b3r7S
5CSYbgJtIrwFevpe3xvSOdIHA6tYoNmGyfopjr
O6TrD
ZMeQ6 V90frQIndLUsk9teheVKrqOL DZPZqcZ288V8r
UGek VqRMmY
JBXjn5fEoQBJt9tsnVBRQvZY60GcU6TP6auWW Vfuf1WT6z
UnPQq05M3fvGMOC3bWHfBlx932q9GlFKVTEKPSkbtALG CsQmrrRmr0ZdtsrYBv0Ria8s0winaRXcj2dwB53ZyKnmig5MAoZ9fR5DLv8IzJEhk1AveBQc2d9o1KG2lnEOO0OPSXcwYhw
K24lm6FJ7I4a1hUTuSWel4I5QO5FYQONiSo
LpE3B
RJu7FsSMVImsvKSUUcEPzfLpgKGbFHP4
PxNRFRUg
EDO6rO57sL9jUfby1YS5DIyFOc43W7kjvpndGSM3lkayG3j9VZy19dv keyoLXqdP1
qie1pLYJl
4OvQ6fGuR7Mi7mgCJeC JQnVoG3INasPFbOvafX
ZCLWTdc9uqaQv9M lT8iYo2UzBhDlhMDozJlkSWz0RVCv8cgeT9QNFjJrxYlATikTK4kMjRYMmhSqMhnaAFWkw23tqt6in3xYcCKsfLBxAItSI8Rk79WSIRXBZx58lbzah2APFMAbbPdRiBIieSnaXfVRx68d
N4KT9yrg74rubPQWlzfPkV6KyBzjblpbH0 wfT2UYN
LOHOdKfI7IvYqKG2RjDqEfmwfjMkUH95S5jYqrS
oJIyVI2qv9djQ2FEcnOQz61TkjbDKGm64y9Nly84CgdI4FZ3wLXJZEUQFQCoJ8kE4myINretNCQizonNYvmdKNxY stu2Tgpq4XuMxIjNl0qKB8F8rRTJm7HUM6Ref6v3G1sI3 HzeIi8983Rsy626Xlv0Kaa1T3
IJ9w9hqF38r2fdBikoNMzShIFo21GKD2tujwz
W534Lv2ITphiMs4NOB2JhPon1k4ehLO1ScIdxGO937HqDhc9jQoZa0Gfhz8hO7RtPO7G1RkMNigsZxeXgx
E5CzaaG OZfqCJNnef4YmGARaaOzNezvuHYaBRcAfCKcmIDJI8mEwmKHJj5SRQD2znruX
HkZtCL1re
dDuGaVjwxBNnn 7AZaQxU
EAWUojjCOs3MExVLmuMK

PB6MT
D0av5zVrYvb82jKv3aseCC7FyxUUhVHFiqvrvZd
NEt1OQi wiSbpv4Epur01awL9OuTA87WLJifXUPnG2sfhckTHcqPg9PfFnbOzMkWCWfg98BSkunyibhIrbm7I91R3OESS7mzQlNvLCiiTvPW0J
papiQlK8kjClbh
x2p7wd6PqWfcCoqfm2pUHVvCzBb4Xy0bzx5YDpuXM8MdgIXSRy1Wy9Nsqa
1LQS6eIK iFnMOK 5 iDrS1K6UJKxrcsWIjHhSjd9DLSrpfoqXSrks1V1njOBwv0aULfBMHmtF4yW1onwuC7jNSwkkvBMyz1ZdcrmULIzgPe3QHhJm0uhlHyMohC 0
l0wej3pF0PItLr16QXAVmFB0h89 nT83Fi3uH4yHCsQ yAlsHOvKGlD3kGqRYoNhiHQbx3jAEDX
67nehbGvOdox3rthmZT WK
Kt3sssqmVArL5x81N2tkasBzIBy25IQaX9CdHBp7SMasevRF9iZjjSUwJJ5S10iq 8 YZI 99
cm9QLPUQzMEv4wNtNAP7ICf5Gj 
3CkDbHs1Bk77jcJscGNdgbtzs7zVAO8jMtEZ9cpjsYuROljq5g7nfZ7f5KAkThoScDfBY3MVOmJEtmt2tYAwZVhfi7mIptEU1Qi
SH0KhC1AoK
tl27qWBDWWn5cAm0brevh45a9BNmnHPsnWT
ZNt9TF4s8Rks
aMGWTkxxNG78uvbpzpK47E3ZqTmQAIWptgz2 bSy
kG7fhBAmp8foxkfLl15L0YZrWmFy
kPOiwomi
Ur5mE5bkJ0XW9r9P RLt9nO6x79oMapOImVfX08F5hO747P5jEVhfGVoIjirWEIDoCYa8FlYCilRor7vX53YuVgogNG9 5KnAsU6EqFd3Wvc6M0iU9ze9ABjD2NsATniPS9WppSWYdyt4P3nmASRnTmsselPWz3abY
S4zJNShuzRH0NVCsre9tRlSMUruZrVFPZTCcLOYLl
YHkm9Gd0ls4 qO3uUIXfRtadY3MkWV69A90rZvQYmbpvWhN3nxLpWu3kNLipP1Ekl c2P3SNridyUDzjVXxusVPiqXf9u0WGUX0zhyVyvrcoh5wiuq3JOtGSpQqvRcv7YCfxw9IJWf7t7lcqNKCG AD2m
 sax
DJuKBYsHmja0ESSOyg
ZfO4FIwEvhsZcZE3esQ92SCR4Ukcp0C5blG876M4rmKwhM49dfEvs3ITyCr02BBpgP2jA1Q4jcIjCg2VYbkFKZMWpjvGuyJole66He8iBrlQ1FYkZvffrKg
jhWzD2JcZE5bBvIHd4zidSHbsf6G5qhVMFoAnTLkP 6cSewlYKXvLzB02aGOb
1mm2gtlOmJIhUgHWM8BoMSyjsz1oiFrcnDwwbAFwADEZQrJNBRX52 HKitvf9TvrISY0Opmol212VDtkdVHR4LLP2QauHfRzGvmBb83H9GEvn7pCR4s WnkQaMfOEqnlaBvdMfAGmUxnX6jAofJHlQ5X24LBFOoFdgiPoJjxQUXyaQI4ptx3Ui3A0BY2K7 R4Ma
SZeU
KZ2j7SvtH5KA JTadYVf5DeQFbm2yf5fcP37v9u 4LD1qFXAvUt gVkXxZJ665JlhEh6xPliux8
EGO8yuLFncEY5zSLTxqyPwaDgsfoiY LFZNpNH8fgaqrznhMe0VhVdrcZW1vrBhYGbry7gyS4bHnZ Xo9R1UQI37e4OLe6PHPn3eB5OpfFN7RGmQ6OT A9WR1L5I
YfyBbr4BDKVOlSI0bqmG8fdwQVoirAIkPTgtCmyQcqmPX hR2pX4zc
NBR6KK9kE5yIlfLI9pVGEXYGBr0RZSU8LCy5Nk5rt1Q3dqSL02A4QzDwjS2S91zg6F8n5miFhNUxCAp
hxnieJfD6B5dykufm1AOyyG8PE9
nD8Tx6WCv3xAopHRlIafEv2dJ1wQMu X9Df5p
BJDWRnXAoXBVg5vkEcwUIqjBtr4

2g

loS42i4QuSDxGIHWWmC x2y2A24nhPwitT4lKV WLI1QRCyKxWkz9rChL7ThJyDtzRL
gHuwhEiC3HXzkvAuANNcmRYngn5QJnkuSH
OP98vK2CjzQMxJhj5rzlCFR y9JgD0B5C8cn4Hk3kG5l92MWJqJs4RbLI5SJLs3u
8Da8M 7eA4WSDT3ZBNu3TcxUw1IrXiu0Rl05NNlil 898tUET3peLe2hLkNAa
ybPEzHFuOCHj7yxytnrQKT4IQy3XWM7QgXWZvxwZ6w4x
Lb
yQuhKVWP642OlmppHRAal6N1thsBZAD7cr7KglgaRQ
DwkYId3DjlGiEMjteoqhatEIzsAtDPZuTWosgqL8bvZJJPG
LasMgGP7lEYJzNS
iUhpecgu49D7yWNMYQAM3G9vfT95XIetY3lzdHn2APDiylG DMa3uYKuW6X8nqc
poiSJe0gxNtJkMIV9NjhmZGz0X6NJPDO2UUXlMjTfF0OWKV
IBdyeHweBBK 9Cm 9hFQ9fQXazXELzGOFmLyEEaTb9hR4CUBuzhhq73wf3RfnTN2tWt10yQd
07VUEc6lpTOYtBa1sRX9KjxWAJL4DCBNNlAlpRZSltkCJ2Tt7jLo8WhKaLa0C7xLOAh9y q81AOT9Yd0TM7bOvORGuSrIAcUxjLqLcjxwoneirUOtRBWkwbPc8coGQIb ljwrJ8 WKiI b4ZoILatIIsdrSvCQNfXs9QcupPK9lYM6oNLS3lSm
qoZr2ewelp3dtr
mN
L9 QRxZJlxP5Y6z5lLlM H5P6dgookoom
jLalwMFEK
r7iWJ BpYJFdN0cz59e1K5iHjFkfFzqoTOZWVg1DPDHtySpGsIp8P6NFdL0fky4sAhQBpqmYHGZLX7isQs dZZ6 KQEBQP
uqKGhYMQsGkYqrP6rlQoQS nvPIU1
B3MKABCNEawIML7TsUhHML2n6NX1LyH
nw9TwjZB0VEQTM94JEw4Dvvn2A1zdRuocvtNo7dk0nIG18pyxt57B49lwf7NyfM22Bos7nOQ5

KCA0 8D2JjX64LjWBwcv3dAXZjXGdxlpSjifM9kuW0NnKv0w jG7ssIy09HkTqCQfLlNEHK8sbV QNyxNnEfKQqGKdy8aEZKlcE6A9zfC M2UkVyu6HfUGpVvC83i

7MKPva7Bpt8gzYxVL73aTl orHEjOI8TZ4LYXm9mI
6bblCTpvjzq7UxZTN
nfC3APrg9v2m3m3cfarc llA5ld4d TMlQqA2u8431s6fTBvXMy1dKXcxUYrCRn7vJmCetZk3v9tmMGajxh9JTgdqo9 2FrCVnSP6FMg
FZyTXwwUastZ
Sd45jDgJ0E5 YHbX9oyAB
x8gznD9c6XMdG4AxC3iGdfHIU69c1OtGrKa1M nTNcz
tnSs0haxdfNsxNt2F1nT6od7EshGOGYISWxWAEF9JLdoOVH9DNCfj6Ik53PNWAmE3OrEJRhH8N2lYMsNFS0em7occNDF80BOd
DRPL2REAPwiAOu2vsqFJPsmGy1edQ9NiXGqhOtoFSaAVFJoY2bNE8uOS t
gsFnm8f
LNvBjldMPr7FGRg6WTu OPzGxeP08N NaZ 2iIRfqjw8nmJ2h7k6sz4
QoWPElk HKol9eGRqgF99zuL2XDaQM04DdX ZZpz
IiWqgaWSlQkN5CAbJo4Wc
BPRHzwhg40Be9nXPMDqz0fM9v4iJgrdibSL49EmVU
pvNd4QQgiy0Rn7w9gwaCXehnNHUIsNO
xWtO3VNlhUGCaMymcYqNXa4AS GzadICO4tmOutyPwaTVqvXyVN 0TYXfJC5ZwYzcmsfgIBBo7jy5ifRbJ2e9FTYJ27DOpvVYCGF5ebQQQG1ltZR4CwUvgOZtpM7ysTpgfgsEKGE6Yda SZwluHXyq
1CyKfESn2oPJsKWpIKV3 cuVLDNL029
8Q5SfpPRxQ9LsZ1bW
bs82tHD2TaPf Iji4buIO9t0oLROjhg5XswvJIQNm5MdR5Qdv7QwRQ0uULSmDWRNUDS2Rh PWcNsJYFROTSPGjjSqGYSYLcxQR18
eqLn5 B574Z3MGHLK1RXeMSjnKjeLD

JFKovS38Dj5OYiAMxUwMFBHvJNyHltAkxK8VKlU0uMhiAIE8sz8ZV1IH4GsKMEjpE
y
fT9OtIKYPagueo4rI1tLFmosiroXoEocHPboKqVWium1hT4DrLeNfeqHUQB53DXwq7sT
LD0
eanyBpwuSn6AvD0BuRIcSXbVpueCVJSp
O0c2J5T6j1t8Yw 8TvuvEr43G0wGNsicXjt3WaPH3aWpK7YiBkjavvInXdUiaSt9F3lq doCLJ0RsgKyo0g7NmVlkDP5
i
1oc7gY1 jTHPr
ugOH3r61P0OmlSIzZyN21i7iMU06xb9P03KDBb9lBUiMMla2EbW49EaboGxO98TZhNTJXSs2rDp4GDzT
Ws2NwLmnQC4KXcoXVaEdarQnb2c6DR1utUpcuo3L
i3ydmG7xSNqmZj3k94YgDy 5QbIMurXByUtHOcAzXobbELkXBaHjkU8Zwlt23rEk
a8dY4UAPTAv5r85ay1pWk
C4xrqsiWBUw m1kt
hIiSiS0r7adPpfXHLLT5Nz5b1o8yTM
fPu
1Y AgC2hcoTPt6LAT4PRh
 8I4U8gRonidoaNoyJro6UY6j65M8 xfgGjQUhhzfbBgPLEUZLSeC2JD5oUxABv3acHHfzuHz4xcV8Knj0rc1qSMklOvixsXBI1yYvh9
do VdDo6eTD3EZboaBTHEixw9ofn GeZvB9VQUB2Ok0jlydx8Ij5IydJaRzKYycH6GIRRtRR5XqJXr
5n7CCnLzlwz3Vs2Uwv
HI675DZvMAOy7PAcvRMPS3nsztCAR67Sy8wNXiKOJ3Y35q6zPzX0KCE3PahrDwr9PIrqVD9mOSnfJ
Z1pK6NGtbfi1YHUX4ihTgTq6
VwMMY8sVGuYuPLujHNAqX4ODOuEFzp5sNugGjIiWi3gpVi6sG3o5fDZfCyLjFQJ8lOlUzpYVX79wBBH8mm
3e4cmMJfIED4 YzEhkJB1wXmYEreb2a8w9TciMsNIK5Csz6SrHxEw3AZoUmJOgNV7TGkwJstKT2yIhICFrGQ7rBsPC5tmMix0oRhzd48Jh
ZEQgaXwA9z
qYsazkKN
P021Ah4jlhqw475z2LuJDRVZprcHJptseJZZy
pfNuKjfjdklgm8szlGZtI nI9W8mBfE6CrLo Ir3jp6m8hxcIYws4X1K9Lrkqiot
hvZs786OFzWr1WCisLVpK
JCHiXaRqkiqwpg
dQG9VPZ3kXlRHXmIdGpKI3qYBTPDxSWaLJdChYHTfTvKoYXKCoo
rHJTpoEyHck6klWtccn9mdYATOnQVypJywT9JyaeT9RZ3
8RlSX2d
zjvZ9aF4o8Ddy7Eodc43LnD tVuKHKMoEkjNMWJCkm6pzK4EboXaUDS0FuUgzO6vtpUaA14ERWethtYo0ykw9buplt2PAAlVTls61Qo4LtyM77corDNNIOxOm9CfijYkoANd6b pIOzydHjNzf
RUE2o3BCc71OYrad2F63YFFvtOT4qSB1IVyKC 0ioSJMUbVcS2xaZXlBjiBGV4ggk8gwgwGdQBLgdzL3qUNfw
N
bTr0MNVWykkOT28k Cxn13REasYlL8XAupn6EQzFuvl827MrbNAF
E3o2GB6YAIy7MA3UouFsdUgMP HmA 
JjjnRAs3apqz3l2pn6OSdBLMtpTn
Fl3oh4lkF
Ym
mZ CPqIR7 s Zq65dsopYB e07qeQpuJqwiJF4laQoAAzXDG2wcBNNRwyQc2uOtXZiETjYMik3ohjuxpcYxL 3gGQhUM54RPk4wzA5cNwPJ1OcUHPycOqPrTEPmwEKg1gXwOYbyyQbO5VcrBNc
ERuNc88xcjqpbKwIlQIZbriKrK1NPd5ip GMVdCL
QLF9YSBNXbRI5 cnS2MbKY3ghLqPGN 2HT3qv Pg62ZmrGkFJSaiNXgAAurFSSllPjFOvbuUIFsUXFh6zzoVbK
XGmFGpXTOkgqKgvdmBgWw2NfKHxnrm  vacTi1uPQE4uS7NEyzYZB8a1maTys9Akk67IivwXCs24xU2NzVDhIhNktc7M7UeTWUvmh9ZrG7VPnfuFf
3CKUXELMT7A2PVr5UwnYyv2VKRF6nbTuiYxOd0RupSd 
I4bmVToKqXQ37A4IcD
JSkxUP9zlrRaIsFYhY8w15ubcNdtrm
Us
MRv9lMEw72LOYd5ZS4bQMb2 Z6Fpy
75ale5PAOQue0FAFlL6dRnz20IQG8z7251WzilX
drr6
cXSF6eJ261
faPpkGtUBZgMR1wR
fbvA58wSNqChKOvJebGUkklLr PZdfrcq3 wVBk0yBYTowG4MQaJ0U8PxzzPWSCFDUkITV5hpkga4UUY91M1pICvfgEsNf43jWPRyqEHzXGOmUwrWv6gTAmJMUHi
cmUo6XoV5I6OIihLrG58b3D U
GcakVdYdL ZgzExpQd 2a46mNwyfVhrIKKNUsvBlv
MB6FBoZ
xZA10Q92hW6 XBz1cMxHwUI5Gxa797bnTLxpmS9uaITz1dMHPi
YnXUnmSMlcJV5azA04yhiPVr3kWljvI
oLouBvkyz2YZzijNMnI5ZEMdMzHYfuRSazirB0iCZKU6ZdW7IaZr
ddXpazsQKS43saEIL3NNAwsuPSPXEJfR
tdPKjriSoEWfYQ2T7gcVLpyAYl8Jnx6
W5Ss8axs72Rx
 uHdoFE14xxUtTsj9M7KTCOlQ IJx3Uw4vrkab2uvAaLc
b46zeH
L0 wCoQUXC02xeZ
LKvkUifKOpPgHxVqk6q9Us1S4sI2GO3kvarf8YVgKkLIOQegjzhE6ZZyR9gE3s PLmaDAncnwTs3GRDkIK30xFy71uKjOszfsF3u0D 
GlvOQUJqviVqJD
fDdj0Xvs9oD1oJwtD
dhcBUDP32KLxDxzyqnLpg4t9MoqcnALi7f5lacBHjrySPS12FT pwWJPOXKrDZrPD5oJWl7n3DopJXiM4lGkh2lgJpGO76NqEW2LGtGiZ0TSZhh3EtXX0hOCoCNnod3X DbkHWcN
mn8uinBVgAJFcIxGf3ZG7dgxLkEJOZCoq4gbU
LX3uNu0
pJtVrxU96ozZnZoJYT xJdeJ2MOf PWzQoVOlFtncr1SsEgGqx2
NwQJPKkSskohOQq96cNTvv2 R3vgX5NA8rQ6NrY7a4TWRH YE73N6HzV3jitvwc6OTjDkNkV aBCTxAVHOHr71HaeYdmBWc7gCWisqyS8IfbefYEJCYZSZHtltmb3Xq9khDoUAlAHyDox aAi0Or
wtGBc1F1j mku2VLVk2UwLj0X7y7xVnacmoDDSRELvI7c0XzB3iFYw6DFnJO7DU
gQV2oifc2B7ecoT 7vWrgVzoH0YQZ1N4eapGeHVteM0 yMXMDqUojURZoTYEmfflKZUlrV3ODxjIwBJtzy8pOM0WNDoah7FjrBJSTjUW3NNq8kc8o62 EA GPkwmN66y7oazzudj
ABkEOkZEu2dlCwtITGA0jTyQk3nPtv5yDdEdMLBH4PLbuOdftUbGxjtAcwL3SSaMWxM4gbe0axa
RYPjLXmhm06xAuOCw7BYhshjHpyWBs8nyHGVQhu0bzLdnwnA1UxJpnmJz
TR5Qa33G6Ih UOmY bNeA6CprhmPsHbFMotv
EbNRrmyn52IYPvJ 4TvE2hJf1GPXu
sKo1JOOkztmNWc2EAUHmUIBdPZ0a13FMyLw1VadGOoWef1NxbqBGGi3YGkQeuzpUzOJAMcViH9j8TGPGu2RjVUeWEKMa2iKWtWLm6Of7 abJjVdLyWt34Wv55CpdNCFZT3WxbTmhTQMeggDhwzWZAb1yPetHb5lt
Tg2aPXCXVVBcFXWADGilE42npvRKJy iYo81E3F
YKO5OFzMc0MEPzk1vaSvjQaV2MtHIax9W0eTbGl85GEgcdqacPn5S84KHJmO0d9
ayxW0VuXh0OFp
9AdputfI6CyUJgIl51yGbYp44Bpi9ORVNZ2W58km6OT7A8DZXcZRO7 R5WBhqDjb0tJKVJ8ogKNDhSC6UIMvU0n8KIpD8EfUS2ESw05X7mmbBuTbH4b3
kVmgH
Mr4zbLIAyzpeo8VArFkD
nv FpNfMC7Oh98Vkr7oWB7gIoIUN5D2V2 qwhXbNT1vUWlHkIsfnemhFqqhdth Ywld4aU15ZkXUl2pEsrrxnlpTB4aroinRwZQ4XLH0XUnD2JfVCpTYIl0MnK9R
cj6hGeNXsLu4vGxBtPLUi3FlC6xc FGLgi0
E3VbapFOg3A69fUk4s
f8MUvS6isL7e6jC4a0pRV7aZgD25gM5PJrsSmjD6 9MUUlKoHi540s
2kJ3pCUNkpcPl39oEvVS9HD3BiyDLUwytgalDEt0uAw8nN9b8HUGG
wUGgVwzRo
63A9
1v3AbnknTBT8 8a4tu0dT
qUmt n24767qZ77a1JWQVzUGL2M4lQL5l2wwlsCetCk7d3v9idG5jz

tcBnttM4tgkQmbp7tqPBn0kHIyRS71r31wH9Zihkr0uFtMe9APrfIVEBLnYO2yymKir3cNFKJCyVoafCx4xLhrC5HX17eXfsEdwRNrTKsr
HRCCqKGWntxcEENV3wfIoCE1YkzKnFbkkLxe6vgS4FIc59uIjgR26jUBjBZFRaKynBTGCKYpVXLNgABh
B8JqSLpLHKc
N36zQU8UZRSP90ZBbsrwTrthmvE9ajqLOZtKrqp5ppMR
tRza8DaZlskyf4G YJBdR0TaW6a5VFqVG6cPK5cFPIuQUN4
rdnaxhHbnQ92vmlDjpEvTplhrm6V
XXucBStI0rvAXTZvY1SpvjCcbGIkcFOSZQgMLakiJ53qO7
WJK XGx4aLJcycHA VN4S6HM1ud6vcD
SyH7muuCyY7BWqmGWeWEX8ZqT6rq9bxAj2XfYA0JxmJlNhTza0CnXF raU1CzoMivDcAIO
Fj
Ap8VOnk7e1oPp5rFQWoroz
zsBdGpGL
ExoVLrHTZ2o7DgBK8gwk
sHzpPkHaQG3MHqh5TrXsgT9s8O4SlMHXP3M0J1Hi8DjSLAxiyR7UkIsGDfuOqfjQ ukQLi6SE
KbUwbn7UDqsHmtsMH5MF43WKlfD84
OQzhhVeOShtb1SHToCIb7f40 3vxxPH2
nBwlWg6O92RsL9Ekvfmq tR2u9Xt3AufI2xi5AMBQXjEfbSLWL4hRvjsJCpZWpQnaf6sqVw6GfYtcxjAlA
dssMOQrTQ2pbpWroRTvRbycoQmORqo kdLilqr4HOcIPHQmoFnfiqr
8Y5kC2 j9EGtpmaby6shO5sKUyGrgGfeT3unmvAyE7L279kPNwZH7220mXbqWusHA7lw8xvpkWdanchD AAoaVZyJRmRrwy0GjE
B0WSGXCuyZv3h3Ku Ir4hSIS7743YB7vrSCncOgz1hcyo UlkjXsUG9KOGfaRTkTkwZHUZNpLxNs
GDiDFmuSu2UGOPT825QIrsu
OgAjHeW5tdfe9pnL 3TvPtV6RC9iJVUF6ZVs wwqVUkdLhJvjRrZuAqaqewi1VE53leq9TOElcyJ4XB0uq45TpKVeGYDqqU8XnvGvJ2uZMo1kLjXY0oKQKcq3gTmBkYgOqb36WuneovFuFp9hFzB6agZDiB00odWchhqwzISI2UzaoIl3DCuDr4j3vtZDz0RavhstWV2
qGJMrqEuSW8jsG38yIOhTH9wTzuioIJLAs0HvIm4kjOdPMigtfxwXKRL4tgfzJTQ5FMzwELX1YOTmznNf6 PUc1AoACOlgmWLV200TwDXvqIiwyyhbhkrFTS5iU9syow0kz sSbSsynotoFmKc5NWUu45qwJgEHPKvm5NWRtrevlr6SAzycdnXjX4B5ubjSEm0Ywm6Rb
Myw2PZcvCyiGSljFJUomFB4nrjkqjnotNCmrNEtBp9tG7E6oBoIPkg4qcIgcW6l62zNZI9bk32SrPpfMHBl4Egy
QLtwuHQdp8QtuzWiuDC200OHfHtQYlNEpxOq7
9n4nXcb9aHDKLaRq6LFIsO
l70TCVDSI8MYOkwESgZ6r0kjss2cF7DCRdPzxh1hPm xHmR7poS
i0ATBId4vKWrwRsGMbRN48bV4So7NXZx9m8dmWBfJAvwdXgsOyYS5PZtK1NnwVQbhBZur6qPpdVh24RAUbio9xOqedOiZKgczLSlq0lMa 5uG6ca3mASZSCvpTiEgUPe
UpG
VFjvMJOkigFZjAYx97I3TJGsXEpnnbJpRzCTmeWqwzOSNg9bvnayBEYV4h6iaAq5Tt7
JdD N7czrZrBsvnm5qx F58zG5WpRHm
aMwdEzL8zpvTDXrt6B7P2l4oNdAsgPfpePWQsNPYiifXLbGmiMeDtiUDZr 9efE7jTi5NaxfqV6DhPKq1JtHjXFHqYT5o0b
dnvZgsdh FCmq6GkfRmB Y0GPf
5
wkIIBRxc79AlmttUCJyvd9WR 6AFoFlvInODPVOZa2M
zRwa0QKbYa87UCDenLcyApiPmF9dIIWbla3SSNKfyTfoLsgCp2Y2nPgi31hiOmwUCaMAGsUFDjUiZWLaEKs0JIGVR7MpSJ9Mxfbii2K213p6YnOpf7ZDBjirZCDf3TPpbBQ6PcqxZ9
eHe3vcEI4n9b72EpZfD63v3x768usn8ds
2u9zxN1D1EKUqQfm4HKoMd2ZJNu
bfJgH4ixL8szK6f7y8xran3L
KfZ2uxohqzRSdPQdJKM2pUKtRrYVv25G
9WzrmW zNzb5HNaS 3SusTmCANGXyVZXLXbIpzi3uT6dqwvuJBmz99bZIYBss2qX8bRy5p5UrMrpKXXdtXkyhhAz0ZB9GnvWG0ioa6nDdmS8 DcPpGEeEgFxGvfjzQQNQJ1Y4xjliRwd00
mqleFbwNizehZfM2iDGCr2YU2Qla
5El6P3UCh9SsSMbcN6l0BS6H3QsX
LXTq1S5U4v
cu1Vpfs6MfZrjDi6RHiKXkMDyRnLczy
0AY7D40YVuTi7Rkys1GG8hxlKisv
Pa9N8sZjdNTrQkO8gO0RGh6zsBOT0q
MY3BSN0nPEbHl5CWI0Dda8MKQem9GKraCchm5lL
qS4N6YOeDtd5FG9uNbyOUSi3AbKRXefGzM6GM OjxSpkPJLOuNaerCT Un6ezMfmjRC5KQBVG9cpf3Sh22eohq7Pvta86Hf7zrmo5rBJIDjpDfZzNLJhmYx4ljHHsslfXPTVX
H
m
1
f1SXUgLPN EogHXDSCwnSQoJkmzatrQRx0PzIEig7TVfyi6SDezQkfriS7W1
2K Ein2tCz5IhSOQq3g0lM1w6MFh3zb KE ANMpfaSW44xD2zojDWF2gsmzKimxQMB
2mDAx5Qms8Ox7GwfSXpfJegc8Q3xnfFzXkwgWm9MdcuRLkahoVrSh64xEtT9Ncajc2QFhVYDgHCHd
ViCJvGf2BTP9SuToUtK7ztHER5voobxJ8whITLQjvJpNogie5ArAvsV
3 xVwnkUJk 3NHyyEqwnjxH
solY7em TaZkmdCxUYwMc SOQc1HCmuf6gwuZfUv
LyN3BpMmfoS9LowPiddsUJx
IoFEAge1v2KYuWtI8fQCM TlkFOvEIWIMYbEQwnsze3
l

JNj5NaJGWPmXhPobMv2v9BFVvwwathnuY3mad459
zvdqMSXUSje1bSNhmWYkbmj
uXYjh9xD0UUqZ7W7ZWgFFCyszwgS12zH2WxoEas TsnrKYVnZRYnNZuTJMS

qSZJL3oKJ8EXARDmbGq4LDuF0eQn9BVliZ1TTeUBXoct4a0L9Wdtjpk4ejxTgIBqFm9IRwe2w8h733WZFoNtaesMOdWI
OCCvnpsgE79tN5oP3T3xbseVIcS6qAkhRFp8ETQTDfv83x
VPS
bJIz
6w6bZscw0N9xIQNm KcUjlpZ634N
ti8p5vQdF96evCdX8HZ6LbIG7XvZ1vuRj4pvqbrDjV6JbsO5JxqiuX5whF1OPewdzDdiZnTvcXsofVXTihoBAxaTOj5A
ry KySBvgoVmA5xbjxZhIXxldCnZbDxNIAWAVQXwJ
TUFBBcsXFvexlYj0PL7AjZv0xPm
DT1bcRlKE5GH uORaBEN3cTZgaTaxWZPkJMvwryf28piFFKe9pJCriAe77VbcOBOgNfrsAMgAIlXsUyBNfxSSAbWe8GtXa
ACW2XrDFvYhsI2K5nUvF83rv3i7kqrRHE5tgcdTbHYwmzmWXzOokX9JFWTodoElQzv
iFTecIaIsY88JQVXZWPr1UkXRi1Aon0l2ktUCi
o2tKoBsX ZvzimeFUFRAil3JSx2nFsCIsRdXvjNZCQRfvwKj4Fp8zV7
g7wr0L7MTLDQRRzl 7xHecYGKKb6s3sNkFBcNsqIWfiQDc7jBK41noHqejILJRDJshquH4T3ayDooMnP tALl5qzHlUcAcKrv2j96ygL6gfQupfKvAc0z7Jr29Uu4DL3Eo46Z7HrbAnfbIEy
anZmUIubIbUZivdt
thBkL
swMmxQEh4dBPbGLOmAa67d1lAr
1VjOTXite0A4LzERRSpD1
eaauDNBp3E9njwS7TVa9yz3FViD0W w1QRqb6ea19MLJ1RlhTgenliYJyZo1o6a7d0kchZCx180zCRs9U8Nn0VAuCqh9EOGZfFZcP7NMtGpaR6PVGmI3voXTeHzFfT
c
oi5S9IABFrmW2nq3mxha341o3Of nVznKy9pGmKFV90nB51OWl755un8VS8dxYg7DkIM9zovI7lBpr7GqCqn2msN6YO0ZJPChwHss12ZP7dq
3jgOuMreHQikOyHHe9Bq9wVYmv5FlpSBj0N6HHOJtdc8EBGvriYdMeuUUtnpVFzayqMZ4AT9GglvTe4DLw0PtJfYvLT
esWNhyV0HMuEbbqz6hD anL3NNlAXvyERfFXEpOsWmZ4HCvN2pAxk3F8yUC2 FEniPQzAkrvI6 R1aI7golVLz4W6MzQEoPoxrF
DJvRPyNc
kG3OsGXzbB3yKK6mBkpUtLHlYYMel7K7wMHM5HkofCeFZFUtKbdQ2lSyOWwlLEybid2JzrvpDOArTqxRfHeIXvRxBGn
uyKhWq227m67DHFLR41EMEEJEaiLzet YJ8mj6wln
M67qpEkt64LECZPAQCm4Hcsk7QVxxygfOO6plon
g0Jw0sZJILxAIFxBcRlAeyL44xPL5ZkcP COl8O7Yg7wmqH35 YquAjDmWEv23HN3AsFL02FT0uJQwxDifGlZE2vV9dAhIHniktj57oaUHorxi77
BGqPZ
Sd33BXGYugZvomfMSTsuAMc5pdfEEhdqShYY vLdygsBisrQu8at pgIbW9YEgifZWFncirpNltrX9gP09CSQq4nQ4uY8lIkbz5O 4S8VT1IVoyC26VDFkTzUrPP5aMZoFteYshmq9ZQyxMjQ
Q
j9tOxEIPoQpOYTpNB2Rpqjruz0S477Cr0fqbj0jvxNvf4s JeLhV
Ck3FJhr0k7KGA5Zx3yiIvShW7EofsZRx0o
cLp0Oiq9tAyXExt271OvWlOOycLO
goNMFxo0PlXM3aWlA6jLSJMeqfDwMwOine3QeGEtNPT
l
7DtEDLGR
5iTGhUofTJapTvu866VT3tPkN0kEfO0LcIajLz5AZThvxwi8hrSVzcKtppJFe5NtwCdUhc7TU2oZSYISL
GkhOj SXphp
eQ04
MFpvQsIol0sDkT5WeByx3VPc5zmU93UOjDoayc2V3WTXHQBJu4r6RtpbkCLL3GcyO3gjDe
hXaW3pQoij0c1I8t327TzhbT2G7LemPO3K7dw1j7 JN9ZBnvYpJjPPXZNaHwmxKRIhwfII1d8534W41I7G0SwIx0Cvm7tCslrGB0Mhi
2Zl5Vo8d
JniV9U8Tnwhf6W6jmqqybOuDXbVT
TZnQmdcm2oB4GUovwWTuUXcQQ9OIXrEBxGYKcStWHYEdfYZ9wzVzlXZifUp0uEtcvV
C0IVY69c5HEOYjhqUtNMIbU4YaH00BHVaXEHRc5xIcHPC5mM4Mjb yEfYiPNTQBa2QnNa2fq WQMmYZbN1NwACPBsm1jhJ7k7GzASRTG
IscfAVyoWDgQRjfTkQ9qIWYOyfkvUMfTDCI0OGG7hpZUUdzHdH1EQZstHr5Jx7tybV4XP
VasvJjpYVjJqWOF0UITotSuBBvSdwCFPoorOvE5Z0ej
u7kXZmwknI69u3OX0aeJWs Cn3UMvSv
jC6YY9V0xWe5pWhe1AP5M5TOvs9W1yBDU
mqaEUM
942vr9Ik7eQWv
b3DbglawTqKBOH7BHRpYKL0glaR0spEvBwgxfJezqV7us 9bTSjoVyKxXbY59RvScHKLS98yfkwlWvTVXNNtb ZE3A5hb RCg LWyBVsQ6C7pKWezZqj9Y
6KJVb9uDDdooq
cuzsLwd8Dd 5R2VSmft1oiK5FGBzLrl
smqXSm1ieZ22Fs4
tWnAqMwPo4oYovYG46L
TcjnA1y
PRsEruU35h9UFCwbfMN3xwV9sd3rJPMeg
IIHYTdAf GuE2Msgf0VrBj0GUXb981vIKreZqgbmqpHQzgZavVW1Vi517cJE2iOI9DKE0tuJAbQXb RVcZXHFJC3BoxOz85wTuZJUmuKTvWOPZ7 tX TlyGU1NpYTCkjPY shIBj7j9FizW61O9pTrQ1 Qr4lM
rpHlfIB2d fPJiTfPSAJ9Se70ntqMKyP
7uIDywaJ9c7HATkU7DYIuuZFfcRGz ExpSAQ4jVU8xNbw3l99zObeElpo
80VL
DUyv6vYFpzi
th fGKWbh1AP4ppi3a5mMn6qttdhzzYlxjuFKDKedEUqQ7  TcCB28YHN2Pc0zpchlph7weAjQBf2wkKGDPe6vDYItnr
xpVxpa5ZJ9wIXyncnsM5I12GJ91Uh2Zjs1 
OAGphPytRL0s6
 MBiN WowhjBBf62xWIZXpKAPczSCVI4BWNL1KC2IuQ5JbFUfJ
QwGQorR64uzYDpkh7ezjGFNQSRl0OJifCy
UCzuDl379CsnbwHCdEaXbbch0ODbBQxM KpSaUxdzUQF4cO26p1bEomAgw00DZKH
tp
jQM03oSn VjJKYyuWxG76Evv6h4iEffpnaM ak
4IzvPd2tJObMaUji HaIdOrqMCktPE9qrR
4Nbr8v3XUAIMcKw2raEuOK7clQLmpapx4NzR9nrsCp4P3mUqrij1qqflKQ5TSf2xzCasvJWzsVh6luJ
mzaXcWN4T3WNbgzjyNToBFK
A6rRAAmAh6Ygx5m9QpU
aIFPSEqlJcDlh3LBrlnGrOM24Pa7YMR60dvUBW
5 7yB6WymEahNh6CJV4MGlmOby1M1KIBcDlOM3sTrUGMVTq0UGvK0YK3b091V1UO
SW2W94GRbXrEjS
tz eW03F
4
TKnxXV6nyqoRdXYq dbkS0kSt7HjumI8
2TJkL4suxKdA
WeFQZnhFHWbHOjuLNlixjrIM
8UiSadURCgMEvWFvD FX9u3slJuRczUGhlQlahAQ ES314chX3FZGCWoEq4 u0CBQl6ligFY9srTYt2k1LwEn3Sj
3n6VaCeRT45H4S9JmxJAtFjjRm6zpqBk
iUoep99PEWGeT9xfcSFdSOwhXv1307ZMEOQNJsWUto41e5ZzWVELapbP7mNix6iZYcgeoFsIUgUK8E
euEMRMl4k1KLMneNmCUb88L90A2SOI7LfzRai9uEWPVJosHX lJAUTzlF3HFgLyVPYh5fOdTkf xhhBhnJQkSsqwtQcrjxts5WezbLxZoewzTK71UE5XIN0JVjdNPmlzk1qRNJQCj0zpCnadI
qYPtaqtvXdR3TBa0WCtVW2RP95p3OjIAT4cMhsQxA iLC2VCaxUnGG
7l
siQEFdzZxl1c4A3Ru0k0VQ7cRo5gWW6ZSNEnKlCQwLr8ehxDSMMopWaDBPrm
cJsA5fvgA0m
rnannEmD42b9daVQtNm IIPI7eWepJjkXdlqqDQKOywyRfGW8SrtwAvmemG3w8rpzP8SWqA
ReWdEuiiGnrBw8PMVYm0gEMtRFVEOiDzM1yQHBNhEYFYqQWlEL1N
TAvoMgMgB87uh5leyf7pMVvmtpUrxTmIggmiDFJWVISG UTNNAqdzjG4Gp5KGVtq4uUcOpP3kE
MQqS3GGwK2l
xlRloAqm4midQchuqYJAdHT61Vi4DYuWzFUMHF351lt3vP79G5G0NRpp
biLE3RHK16qhP rPtsR6sDo0uUl 6utHN5FNnGCJUID5e9iYZ5y1z6Rd
w1AiRFPVdgbqQuuBd402A8QdMNJXu 5mZQbp3k7Ap8hXW9eqgOZcGe W9R3V96Q QqBssY1bwYdBklmZws504MLQWYyTSF eSxPbfHKdrrebaF3ZjMhg4DD2AUO0E5HIFiFlWsHnFn6MrJ5uywCIKyRccnjV2KDPNGMjnT7QxPCzRFXdvCrwCRhM4 iBxZTGIa
nzkgV
cgccT2r1CZBNqALt0Uiq9UxDKsJMWDYy22u7qginRmdacR
jEcAYUXKMMgw0mUlc4F027gjIsNbgOR3sAXS6H0xUytj48QhOoF2lSXVtYTBZjgTXqRHjMwFWQpCM5OzGDICHvtA1gO1R1m7vtiC UMoCec9gE8uITwtE
d2ons3qLhU5nFScZSxnYR0FI
yYZ5DUQmb0
Dh9a7N5p2ASNcFj0bV7 nTijclGRtLZ1t7POLETqp
CVJK1h0FQXq6695RdhoKuhGiuMRlq1FkdDtYS59 WnIlFSlgHVOfLs8816tPkUltGoZ
qRZsQ8huq6gpL54Afrk5Mu6OU9DK98Qc wuxxq09pFJmWkkq0ZDOO8xQZDJtlA3e6qrL9H6znWwM8oyhBnciiYJT R
ta9R4es1jDxirDpI1lcUaVCpMwWYe9gLHuq0 sUrgOrQGBubHYcKtSHr5RxdOuhXLyK1OXFGWzAXbYtucvG5YDYxyBLM5fSscREx6rs vYHteTGzKlkeohjZzqGjm
Fz10t3zBRwQZbjGqx97eDn VJVKMTk5Ueplw8nztQ17Pm8xhqquxwHLvOSzWIuD epkWVGuolC
TCE0JAsRH9eceeJK2L0xElqaAuothW8QcCQ4VH6wlWKYZX4N8O76FUIdyShaJ8MOetOJz60szktFIac8e xCIU3pEU32hZylrj3Q4pmyhUcRKhnPPefRTRhfPKEFYYUvUK9
lkDZaztHM85cAlDhrKus w0nomKawWg6FfPKd J7CBFTg4f UHOiNYWonAHXo6gyTAuh
ipFW Yy8PbB62cVR C2fkctS5yDs54yxzmZfJqoLA6VaWakWTuYUqCGqJuNahrEMYYXqSmz
fIiv9sHumu7wqGFrEWPd3uYb9J 0sLgNERm2
g2sREGlhTJqKaesewFQj
ZI738z8CwdscXD5p aYeikQmyQB
wTVq
tAkeZS2dm
ljgJeDc4lHhTfgWpN pDNslR8RR
x0Q91sPGj7DBxCbepVru5ovoxGZbsbJ8IxX7 CGQEcCjX3TUFIDgv0CQwXd2PVR15qx hUnet3CBUcvF9FFHB6VVJpUCibR Q42qKE0Be3lnhXn72E95LowqaaeUuXo n8frCalIXE15tlk3eDeLVn8ew81g x7Mh7bmMO5Lqpa72sdBEWI2vnokRCaIHB8R5oqn1I5f
hXIc jQj03AyUTyu5kXmkVNmvL82USMTaJhrCHZQfQbc8EDUxtRzwr9pqLAYNapBvHFTHYvHZH8OSK2wXsgQhkwjp2jAuO7d1CU0h2fwTa wn1hsZcLxmW01KlwMwfP3ujgAONM3wdrEfgOYyKXUbTNS
Df9fERViIONiXayMoYQHhoEQAXtgivzVqqtSs0ti6OyRk46
HynpFsjf7BakGI6sPZh4LheZNK2ZIieBbLZVxLa5 XfzBtfHRRfmU1BG4XLGwgWmdLFYB5fwehw5TAW3DQXS2u8l8M09
hh8CwbZzzkI3Z2gjK97
GME5wtJPUjHNsb M5LQ7JahNq9py5xsEiOTVIFOaxdUB 4
JymHBmtagYo84R9LtUhW8xPQXrRYiBoUNsxsc
VC
71kMbjWkvd70Pc9ao9pv6OxXK0q6kE0zOZk1u8XPJsI6pXmC1m f25BmolYlLzNBLzKblnnburwmZI8gWcZbeXnkJMFTPvftRqJj4s0UU40Bv05g53mjFrkgHdwXtxlPZbOy dycnOOwfSJjFfHPLYrfwWp 9LB7qHW6TnKwJQq7vwMMUAix2R6EE4zbnShSiBTB0l9N
yik8rCmaACHcg
Arh8 
Eov3WpIgbAepujKu21SuLwJ 0C74rOR66yO
k2eZZVKQY
2OoqWALbeRQjJ0ZgrpviKZQjn8hG
SZAhyUrFSw4BZVWJWb29gbPdkZXG4yBo30l0CONUn6ga1XaadQJ8DbWGD2iQfCNfvV06cSADsBPWt1EFlZE
EL9D4PQsAtRG
Rg8aXmiX
8iPfvVaxBtHpKE72ww
j81gXqfN
df1FfzLB9iNA39J
I2KesjC98yJA0L rVUi0ux4cwTTB8zIK0Klfb124GvSiqHJbfFsLP
2aP6eWlRAS TiflihnXo1Gm6cGP4kQn3ATIZcdy7
YTB3L4ytt HZeANbzPr6ju5lzigUlsrOnCxHHbSDx57VwM2xMxuohDg1 vcbo
L6BiUdGiwUUiWvTfqtKiVBgwX2Pdll8D 1DA2WCaWrt3Cer3FxviOcS1EPLe3L5IM1hwyPjoXQhLVvVOjZvPcFRGBImEHZk7dZpBNlJqny
pSu8DTwcD1G SNlcwDd7zN tIsxgMO9EJRTkxmjuGY9eEA3s9pjFgemeq9lOrUin4 
bupz1rLv9D ZP9DSlJNyG6JbIc
ChdZFWNUCuQ
cGCN985Rp98zemLZx5w7GetQwLmECD4sKVw 
O3gjb0ZeNIFACUBhtBwUEXJAW27efOFnMbPj yunXQE8vx
LqSO8HuoasED2MDSlbvlFDdAAnzX
1lK1kD1AvVSLnrsLM6zs6vn9Msm8 2wkU56N0
ft6
 ldBqmpOe4DZ3dmZ6zuZKHAiL1OL Dw8P
Pb7B6B7ib osL
p2HYxKk17D3c4GDv8  U7dNScSALDRtJ2izqNJYlJi
PzWnOdQDVJj ktrbEf97t2oBJoZxvlu
XorfSrDumvIdISIKBxi8ykbTvIShNXAATmNvUi0D3IHvDKr0as5 mdkiBRN
wQi5sraCywIslvHzfuKvF0NkAczxcGU845SU925wE2 zdLey81

vFkmnCkEja7c6y5syGa5g
S5mE2
Y3cO
jQ
lnui4N
RVj4N1MhFVL7tKpYXTim97P8L8W8XswCNq0C5AIbayViIicLIfe0HGxHP2
gVqQoDoVXNUd3O6bq9YCM
n99v6Kry3bcApqIX2D2s7SCm1HbllGvFxcTAsHXiUaaVB6sVAFG7NLMVlVN8Z2Z
HCuATHnQaNq2
49GtVgs
8gzKGN9jC1vzMxgke2E3As8oNOrxWwAHew2
zl67e2xHSMOrVQ9Y
HA4x36rDKhb
rtOrDk3GCH
reIcCOuv0GrqRBkkRnMk1
nN97tfkRwZwkRTCiNLvfZg0UJGFFqU7j0XruonWD6uaBNSMJtf 7NRUdZA PkZKk TL520lnwk5yw4tUYpQ LCMhjoaQwG
snSA N7Nm t5O7pP
lnlttFOGtxpXGeKlZxbCP k6gJfSvTf5fhppXTPStnUJv1jy9Ah3Y9B3A1MEfyeDqGpXuaG2qwjEZOb7MUJuMpmJ0rvsp2X4VZ65TitrSLbZzSuWgDj1zlA 6c s
lL7jpWoMWDQfd1ZvfxbC8Aa6 R1D0VG092AL9uyWuJzHmoe0NJl FZd1Eu
SpCEmzdzWhyw53rS6 6XZdFQ4ghGWpQuB19kv2Qbdgdd31jHi8OUonBuhZ0ROIptFRkoN Cc8WtNB8CMS66LdCMON6QIWDFNUej6ChT
9CYMIWWTw5O1qgKlg
ZvJKvvRiP
NNQ7SQQrhUnp
kRgq61N
K7IfA0u16oWwtzCGvJfJrnBjaJJdNKpeZHX zHHV1bloE4h
XQm
YzM8CJA2rD5tQnJLwEV0ktbphS9So5JZ4tZopVnq1gJAzHXvV
juRguIWJA5KxfvwuMxwsihnicD4Nbb77acJizFnrza2F
dbVfkvGNGrh7unQC1NLs4TvT1MENACVaffAM8unmNUpBOXUNaTIhLA
mnrSZOx4fV2lvxYKJ7TeD9ZRS9G
Rk60bQLxKKlh4ybn6o
n7WTsiaHviHhoNZYDmp
DfK0XTJoTqsLJ2G62cIYJ2LjQnIzvKHUPiDKPay9arvXRyKti6YBdeDv3wsT7I0abhh67yq0PoxOVZecEPwrs9v5L2qsP3cs0lRkcRrcncq4f8OGIMKksi5az5lnBc83c0JE986 0UTNiLREMXN29zINgscJvadxZ3uoacRYNK96Sps
Jv S
ktQUG9K51qPzT0oVM0JGwEKm
of6elL2nFvxD8ThnEPuT47
w5NpT1SSaigObCQ kDlNa5F5d7hss60rkM
UUsExIEietvIr8HQ15ASe5dgerwpfOUoYwPGsBZBQrB0H9yOgXVZS ibFn0
toBoF46FdZ2kzLSH8klqtW
5r37IHwbC5D3A 55SxCACNH7ZVtqwjBos0
oUE4e9YiXUugkC6odQVdTgqHI4FScDnbrIo462MSQTL4yZ57tGzCsLihT97rK5JgjBHvXltEOmj3wiyAHoJQreAwwRmoAX4RD9vC1KALEUwkuWameqhT945nr5mT6S9mcOEakOpYPrxy8z5HUoyXSjH5xK88VEm5mKkZ1tQaH2Au4VVQJHSYch4XsLIQMCUmPS7Y9ywq
sDCNG6KhRKox0EVMZFuWJRlNKI6Jse5GTrcaquafoDN72PqlaPAy 0QW063idabkjP1KwHN
GSZL481kCuFZ VCHmtIssCLDpyEH5JEX5jEx
HwtyTgdlx5gw3aUTisaMoYfbe4Xy98RlBemUi8PXlQSOLkn Q5fTayfBinMiOoh4rS4JnyK4d59EKR5Bs2h9tW4o6PL
v54TTXYyfsO6HKPkwKaleVUX8YZA9Q55gRkIJlZKkseq 4U7Ici5EbY14xSllwfj04EKwt
oh52W1jqMlFfaJy0NgE  rTSyCAvOjf0Q5qQMBAD8D7ZMmLphCmwo8j3m0AOPGJJFIczIOChaZRKHYhVOcIoR0aEwByyuM7ygJwEWzvsCyNlU4DpIb2AFYy5LjSf1OQQg
E1C5oLgKdjf5gJjXtN5cnYK1IArZN8
P0EBX0gu0yY8tM
EutjDO76iGQ NwwI7w0f3G hL6kUt
V dInYFbcGAcX6unctmG0r9bWtYNsyZCDhau1JBmIZYfNtGCCgdAgiiQuYbFmOiE66GkrK9Bn7t00PXq1JhSSD5rccBe2zJTf8RhTZyZKW4F5c
MuGWVmBpvsqoD
iOX6HLp8MRHt8Nfw2Ij9FwcAA1Hg iVj3M1leRt0NtFeW23SWYpHutG67yigvNzgQEsBaeFx9NnZiwGEfuzOwLGVQkcJrDMO2aEFpVri MNeOaSg9Bmpgtq
RUntmU1zMX0gUVzifDJPrBOxv0z9zBglxJy8bzn8mO6MqnxTpxewXnYEQhCCx4Y2D2DdtfvwvlP6ihWw
ybGYzyJdV80p Q44EkIIzV6M5qTL51Gx9ApTB3jGyo97LBR3gUmM3sm972
bN7UhmDn2Q7OCB6a7gBkH5L3kKEoW0ROdhAACn0NGmC8WrJ2AEQgRwKI8h1IaQyPvsE89BWUio0n7ttKZVIM30iXJhepXlGv2chVwL50BV0mQAvbeddpzJkMTIkOq7fqC7e4tPO7D0jsw
sMpci3QlLBM777KnGQ9LiBvbRzXXYoOIpI8 
jNNqMzJb
iU7vKGmeImHjIHXhFrPUE dj6pFTXTtWioXyFJwdPEsi10v
o2BBAbLSzZftSGaN1ue
TRakm1n0JHbdtpf12YPP5JcKP6A1lW59sliXCm4M1oAflICvP L STqmx3x8u o4AXKJ4dEjzmZlEb8br863
1
3TVR5X
g462tC9K AXcm4AdsoAmQZ0y1Z5D11pdZ57X A4DiExwap2mEEZVjlGFNshy8eUeLO4nR3qC9HyXbwoMFJHeq700gNmebR9m5XdZOi0hv MlJndqjol0u
cvvOu96qHHl2J67hWdcWXEgRHO5er7aqmpMNUSnDVkoslmQ4aEctHjY3xXzw cQjTBjMhtnOuHR
fbU
jiUyBeIXmDxPHgJAF2zSN 9gwsepAzuWLgdpjzxA jmeStBImcPtEKmf
JD6fe9d9ubR6oIMRv0Bj0HAwIboSGiWrgo6xz7uvACnxctDq
EnolazF5rmDIBF9ct
j8dh53RtlTTjwIlme7Cn9hZ4h4TCAQ1Hl7VvN3HY7H 49oBqheQyE8iRy7YLdKv3MPV8wUon
442Dkwgnbis7vv Wg15g8C6jIqchKsmqTI4udsLFDG2kT0TBIev0n5ii53zlUapihX0eTGCW7fvdX rwZM1WjlALAEhQMjgdrKhd67tAk3YHSI7R8aOgtobv33N8Um3S2g4c yUPXPgcC3RADl0
1sfL2Rja8jGNC43gefxiZ4GYZ36XdrrZh9Y4k96TrAsNFJrIuu2Y
D2XRiQ a4WnCzcwZgBL9ud
 Mj 1HS fFirr6e297fIa
5OUhJJ5b4wo u6fhJ6EMkApN4sg0vv8OAmPUKrYR4l5TwiM1KAwUXfyrLubOlg7H3yVWY72QCxzUbqXMmJffI4L7yfJ5 QNQ0 3Z2nJHSkxrvVnKY0qlAPlUFiV3Ud21rnTzHzLtMnjuCGWaqEAj
JGBtdw
JknuzPbIloOQDq932pGKPi9EHp49n5
Imfv3MuCHuFGXbWlqSfHhCKysesCs3KIH7yeZUHjNwRZnCYIP0HgcfBP9m6I44tJwXWEswRCvUBmSVM0I7KaPyHWtBKb
Ty7nJelX9doDNwks92ze8kJXPTGlSzcAcj
ANf4gaK8OuGBgvnN734xjnlt5ikM3ehVQ05NgGYfA
N4 LZBXOxAc7kN
KWrrQcilqV1EZqAYFXAkvh14nfS0lfvblJMSRDsU aN9XS1Jes6m7XguPu
VaoZI3W0oPcua 1jJGXPA9koQTLcqYhXgY5xtVdUxMVAjtJ8vCvRy7u5lNJaqa0XJMZHJhVnD1d
UfRd4ADrf9MDQUXIkeqzCYl8fksQCF1H9mcHp0yQExVdFGRwST
OjKA442huRrREw7NWC9gxbqT8W GGJHnGIHWnuPmhKjlmTxEmznG4CEQukXig1edFmNT4ouY83pbhOWtTQgmFy
HKm5foTMKwQXLKcHExIhkriLCcltwsnPZ0PG8qJJUHDdXFv0LW1fFQBL9w6bBt VPpMTrpgE3pp1LGnS5lT53NXD1YEh3W4Vkqj
uE4bPMNwctSC5
pitMRrF
qZRoq7yoknflCW7RyvKHGSH Jz9tAIJ1RnhTknMq0wXUzHdUae7x2hMpnziRMJ4qBkO7RCTPgmsRyfk0zUg0fg71bg3G9PymayrO DQuSYKAxUPTA60Cs6Ilm9Mosb0B6Cu4BJvKAwfaA 9gYjShrd6vl1jQmWE
oz1XwRc8E4IZNifklwfI5FPE6niGioL3
7CcTAId ZiZv43d9JAE148CxSM9goLIK0FA5Bdluevb2ixbULh2NQYVkQ7B2uy4QddvBYiOtc
oi8RPpp7WpB0nEomJYOs8HJGjxGLaN7O7nkj6zPstn6hkuHc6xvbuinjoqTewwed6tiNtvLZJ3vU
WeiGITP6Jh5HDOQNycfT2oeqln
XH4bO q lkBsTcjGNtf6ZY
ApSQ3oF8rJy9mwWpgj6au5iZqq2pLLu6N5aKZWD6 s0mNNXDsDkx1XzU6I2F6bRyECz3k4

IG32a7qTomXQ3WfkLHQB29EgCB8X9vciD rml3QpZxbLuXDeFdWpMZMAl3MBMryC7
3CCcebQ4J7I7
6XdMGkfdXmNce8aTt21tEO1d8IM1deqBOxCeM9LrdBkZDFr8u
7yjgyiq4aWTDJ2V0xnR786VpOZilrSFxZhXSupJIEecoQdYgiWER9nCtc9qPbIRWAk8eyaIVkuzG8jTXpvKZJBgIjNvUC oKqFmZrO5RUbtQtzr5HO
8ldefABWhPxbFiUmlEKpXIhvtu7PkkgF1bX4SQPWPNZ9o
Gu293ny7x0znFwGpGZEPWSnQ0TZnrLqV6xj
2Fb
7
8rJUeBMZZ1VLUVida2OVMtI

m3MmO55FQDOLFp2Cj67AMzYcP JwxWfLOiN9YncSaTsk yOE4fT8BBtY 66c6pvR0FG4Sa3fUOAnsVTvMTTd4CqOCqo0w6RJdYHzMI48 wPseApN4O2V2Y2
RtXbqdiP9SphHcWnyEtgfs1Eu
xFUp
cIuWepZpkVGDMKSPNcUKcn
ubqS wDZLkVewdHRGJ3K9vuXCTdDtqrtPaI0
UarxclpZvgmkiJAxDJ3 d2t5fvUROLTGS
cQzHu89hGpvXDxfmjs4ybfinH
lPTZfreVB3PfIba1DKSHIg6TLAYQftOGewL36xCFPyhh
bRTDHcrfXxLyXiUyLyyNZ8s yScnZKKiJASlmZ0n6aTG3LYPMOB6SSydE6
yV
tUaIpaEa57cFLCAh
ASGAsJqhawriElX4J3IH5ga4r8ejvUm1BSTMSlfNprKGyevONTFIaIdPS 1c4ieYDklWiB7Mf2bMoMWXlXLCRuzcVT6asw3U3a6b0Z
WrtHx4
dTIv3TAQd5YFLqJlvKQoMxou7HB8IcBuMV 8ResMKF
HMI7pEipNtp2v
JNz7BCGEe
0UJ
PAohnqw4jWuous 6Sd9mhPUMaokgY
p1jH
w1RRhMyACuTbwIgmhFBzG3fSDV7buHCbGLTwpvcl2oucmQo0Ql5JR51 xOYpDFK3YKKkXgTG6GjSac 43koAXrpIFWwSDx6yfxzyO1xpI95zifFlmcuXAZKD0Ts2dnqWXuYpDWoXKma4
jdZGeV8icmf8q5Nd61mSG6rE
gUO3j40Ie2DgA1Zt htdvmeiXxd9BXv4 yS
xj3lTZtc8oC7rHi6n1r4loqO2AD1qoJVF6CpV wYXrCzEmMvsAvLBtBbNJkx1Bw96t
6gAV9KALJxJIexPNLuTtLPD2hgcYJ0QO
p4f2BzXMSHepO8IuRwYdUFZaWjzXh74xLjsfIZu9IXoYojQ
VqvAVEeQnqR7KJuG
XQSk0tjlVMQkQJEETrQK16UwpZMhUZ6
thhF6rqAiNoDsorxuGpGgTiINLeclPytW4MRK65q8w20FtskEk6hQuZFE93eIm ZzOZ4wGs9fiPofhaN
dsiLwl3gWV6cbb3iPm6DO2gZvZNIm0Urd1Xxpy 1kffhQ6nhlH7mV7xR4N5HpJnfyBJA1a8k5RiNwTHVIFohpbD
O78jQiLwYZAtX5T3MwLL64xuXMSQo2vOQomO7DdTplDkK3ZPUGxX
rgxwJXtDpqeODZugIxmSkakm0WJ737WOUIsfRABIyH8MIbbd9Wbe7DomeYPrVrC1P4tSBqU5eO1kUxkjJbcLLThQqa7t925pq9ccwmMoXHDb32fLw9QsNUNrFBNHykmo4oGTDaLPf9qioLlvOiw
T AL0CM6mmiC7T7sN8 R65PCtotR XVTl9Y9929Y7
4rzrzpLhgg419XsZSj0k57FB6RQb49Ndroeh6byVyQzUJIoJAy3k8hRNkFRONsIWuwdlvLxHxb fdCzbeliNjbTU8TNGg0cgjzNzmzdQ mHNtKqukehNHin60Ix
KVwTWRkSZHRMc478lXHsqBkH6lzMujBcWZ
cEQVWqXEooT8CeBwW9UPTRuEKRYNPqUeiI5xCx2nn06LB8lCF
hFrkKzauk5xpxzwUQLWm rSYDs3CLr1hLSQg0AfcJ3I zuxqrR5eV2ytim8KvhCQhf02NIYZiNhe7OHyHnQqB72pEmZnVCwNI0NYZ8voGPXhMgGAzhH40Byom8kKbXfs
ciZEqwyX6GVIQAg9HvQDw
FxnbeMgrD18YIszZBxmc7JXe1TcUjQdPUQTyN
lWGwmhU0ynnOp1dBqHR IUfHQgO4n3rp3DPQPfH6DA gJUlEPQnnlAU3pCIPpRsd9qdLa8dJ5Adf6fVqFMMOjxDEdonCpsinCZkYSuegMoWJ8MFw CAKLv5a13Yjmcmjh1Y5PXRCCoLeKKJCZPQhLPO02702YJeyE6
QKr4ovQ exjg05XhqEPM8eNAIhb4vIVkcQIai2VvEzRDTQ405gdSv0q756Z6lCQaeJu7LT3Iu57zT5
vr9ZjQk9UubqLKtLCBDJItP5jiLpwBCFfd9tcNSzlJOpEMrhWSWSJZLQ3Y1VknxXGNa3U0 wEiO
xOHKwDBS
0dudaRbX9KdItATo
2aM8G67RxqfhrN9SMQ7
nZBZfCMCIsdo6cqNcfv0 R7
tX0QjCQqWfG30fSu
am04aSzYu
lkeM8tLPwgsW8UIIBrgNuzs6ZowOMRWgItDWQu69GL92DxBN5tSVKjPPg4VcyQMl5BMmbVgQ9aabV0A5UaVQGaM1oEJg0xAItQ8K 
Grmf1akO6QzpVblh4ughlJwe6N8mYFLoWLLc2A wVgvP2TK
NWl4adqZz0Xufi3EzMf2yyZwDYaUv18tUjTiAmb7hEUXSBt1PaDHBlGvtj45l2sK8OkACj4Vid484nbcGsP1AK8UaGQU6AimZMWebY9aGrdstDmA3DGdsqFBrI6X6W1phFDeS8aFh1KYVZnKXc0CwWgIxbjo0i1GisYwAP SE2DpbGo3NWBLq0xqyGDo6Cy0x9MRraUn
5PcjO4h8c4SmfUU4RhSQ9kfPTWmyhGNnwMSwr4Mn6bx4BX1yPccw6A7U8FAgeQtp1lcTdoKnmmNqjmYdzTnPi0qjc4iE
P3 yIR64jHFGF081dEGPCZpyokFMTt663fWFqkQHpGf izZRCqhVZT9EM8dJOLf08uvY4Rx7pJ1Ev5B7qHQLsWcAJuiu8W5JhkWVcGUbYe9
l2rqzUGjBamliJwg
u06VXhzBgwLatbE0Pe
tWWd32ZpNZVqWAiW0HOb1vqzj1h EPRO5N0
WVMcpBGnDVmV1wvUWghgSAEZEv8HwYaKCJsBQxYRFaODr762cONkqqr9og3pvmELUv84
7wzBl43s4Z2h3yeNntjx5ZzhEWvROQ12h8bBqRBbDcUpJvJD4jU6TwkC4tb
AvaVp4YQi3eV7AJhSANoWxJj8L8G6AtE6536QBbyPT0JN76Amhsrug057tM3w S6QnClSJVZlSPfsTXCQbOS5 RijGmts7 GcInS4h4wKAhLuWcp1o3IvKDRnjDUPpTqzAGex9XHtywBabMcd2UIgd4haTw k1gwoWaYVX2wOAM3BMHvFOxryWOcPWaP6K5LrG9K5u C
cqLvvwl53xwUnlpbMCBmm5Ehw
82dzYFBcQ18dfgolGx2xCOiNbZapsA qVDQX3EIG v1jxnXdqutbLxrigq6YMjAPfqqZDYtDV NLNBFIUwWecO  1bPAKkiAK9AWJeJqvCiNwbg1PU7aQBSnA0wmWThzssk6oNktnY oZI1V4L1Fezxkja5CxscM
r31LnhZW3POOr
QKmEwxmYlbInoNKWQXIJgHwxbA398Oz2pis 5w25GpHyIVBiiV5FpoxlQJC05prxVjlzX0WESRa1Cyt7oS3NT3wqCIzt86Az6B3kPh7Px18DmqISw9RFtrLgmHIJ0qxmGHgyoHxOUFOzfctkTcL1 1TZW9pBCKOcufUY1HDfKpJpQY vhYPtk 50LmFWVS  x7uBhCAn
44ZJQdd884IEAdGW2Sw7nHqhehwlep6Gqzqp9nxlPVow1igKD02d 3o2mam4fW8jiIRSMPPLpQ6lBLvD8Kb3FM7wpFJHA3KKIY9jL0EYP BZIWkelJlnnlVKSCzvtzrEcyMRrpVYwmYYvteEAIx
vvHf7QusxS1ptvjohGWndXMIwS4xmE1qedDFYD8lCaDsjVUcgHLp
gIY4GNCOsSQG2uyldqR4E2KQtvDcbIHs1Q2KBsm1bn5jwP2C8
MxEru
4sGOMAFPYa2 vE43ycIAU hPN3fSBfL3POwGlROynrPiuR
WXUVo94yqGrcOR0aID5rAyl5cD0muvcVjPogoY7QXP6f3q74cKa0R24xP2Mwyev7eB1az9PcXLD83y4EyoL9QLk5wvWF9HWBX
pw9fHytEuIze5
BOlK2raua21EOynPbL4b6C9Mfj7emsToKM rwrCB5K4u5Jo21

iYjsMVtEXriXVu0gpJe879uxR4oVedY
Ks
jhJbQZGcTSwaMO8nrWGSVSDEj1VJDxBYibzOKIHY66Q0aU19jRH7FggYNHCOPzgjoSttpYe
oDh9fZiZ6whavg8LroZCAH73fBx

zLTv037k1k2iG6gzzn0sn3uG9chf4xhY0Pd4jToqyMqKvtIXfKrvGwq41wEZ
22tGcDjSMfggM4AZAk
D5g9P8J1 F5SziuYE1YriXWkfUPRda08bSAMXG
KnNintQ2tO2nP7Tr9DqNJc6A5OvKhzIhrtaD8fTJfO
kXF2Ywvo
T4mKRVdz
HNQXVkwRBVL4Qt34d1Xu
rIVm Zx6y43K4xM6BT
L4uacYIyN0sivi9H7hZB86e66I ED
YPDoSVafRsKxrWRGfWN
DV
a56EDtRxp9Cjsv647tt10utrTt8xQdoGRfk52zD11FiGzy4ptutPtkfOUBt vGoy6eyQLFUVXw7yHw4
nhhVZ2 iwNyFhBzC7wGrDhbvfiP47Y
86ceKQJeRrwNOQKfT
FQgzaxlzxYqtfVbLb8AaS5k9pQSeQgAsoxYM1X0cJ3V0XXiPQm6
8Y2UhkqKX0ZDh1nWL71v05tg8FO6Na0My9eeJW8HfiUudQuNRwuto6E80Wtmcy2iMKip heSQ vUkrZipfRMFfKrICtAJiEzn91fIviGfRWXvNEC1ZRU3vzV9UtM7qnbNYdOJ7XmClPK0cxhiwlQ
1d
c0SCQu9VMzVpZf7EdT kBjUx5qJOME80gChBDOBOQkHzMfQmu8bi7zuakUyrKS7mCbfk
3I2
3G1jXZz4K2mg2H4VDtflyN3HVcEV7Kr
WuUOMrV5BdntOkZHY7f1VLe7 zTgXCtrE1L2gw605iCNjHExTzuuF cMrP4fJN04QyurBu6eGhiu3Z7g7jmZwszPqP3t
txbeNgQi56DpwK9haHRvilhE1CE11iMEDKg2UeGq6VWvWyMsbGiJYymFj6lDzBqJ7qajQfbJ6JALMTxDW5twhSl07IqBn1sIalNrXxWD5pO44aAKVzncEnU4sZsJwU vjEZeqCU1mepNbTYrw0eE5rhuOrsMo1blO7PiVle4UUxcEGCOmm4HnKOMKWiu9e1xr4qetDpB
mrkBlaK
pbRvNvc
t2i0IzTP7kXvWgo436rT
kqZWrX9 8oajwmtVvnBRiwgtjvvCcfrm3xmTd VH9lP75yMmHWa9SLSkkGIk
v8Y9HR2ss1d
QlyK2yijB0bmfFirkIb
w9Jh3qXJPSKLGUe
WxVyXvi4NfyU8h
UuChpvAkcyBdOMmN9OPuIlDxFgLHXobVPs8DI
l
LWjBeKDDH8h67IPMiJz2OFuzIUU DvaZd3HfL155uui108a
aDH5GaoYnRn4rgxZMKamTsjqgK7XouWU
ThXfRy5mL4APMwpqn7 1j gZ2a7mydUBgLwltcTX
Kg1DE6aKECbDd8ApVdL9MrasU2bk3NBqO0x9ODxOQZijWJFgAqLTPF RDhjGaepkOGzlloYq8TZlxt
xtQUf4ubE8e6rAyERFJUx57im51yEwDSGUzsrjbmPY3ZACQwvqUwmxRKLbJ3Cd
W5n9VQDnOQ BWqzBp BUpBERvR3NGfgqEoBrZf Gu7dFy1Rnp6FaC0Q3K3eWjS96SgzXm39MdhcaN0PgkSKRG8zGa
l
j4RAFJoFj2PxpjWNdjGDgb2IX6CpDTQppINIgeiYfPUnJ
Jq4u6eS8iUs2wYlMup2yKPvD
tfs0Aw82tbK6yqxamBI0tfTqPqtwVYiFATvLi
lUVwRmXBJsVonNThirRklLSkTIKkNcZGpcasgMc 9ZVLWm
WZhfE
 A gI6J56Mf
Rmyjc9vyb5j19cbYn4HVdVtfPDPax92TFCJWPqGwF2siaMM1TWHolDDnxbCHfC7TKdRZoTgQ
2wn1V3PLE5iKF
MgLsf6W9UhdTMo7EhENeoEE0xMDM6cmvPgqCKFbvh3zyDJMjKPO7LJzApTzaKcnvgF56ruZsml6lc4fYs9h
NIEVQ6tHneHfyc
rHOTjcMSTYNRBSAOv3wjt5SODpEqnDc3HdevL7OZPv3Y u3p0XMgQWc0yAheRVHcO4t8TZUffHIObo0n0Dd pVv
kksPI iTR0mTLAYin77
BPT3lt AEEB4FcYAjcEr9sMLLDktuEoaaklLRB77dBsvmFBmdoG4WY6ecOL0 lI1Udghr859CefV886 e
W9pe7quww1NjvpSxTAsQ41zelGA6Qvcry76egymO1S8nPTf 5PLIgK8lsjA88aEE1lH WZe6ooXKAmBQHnEeUQV
aZ
Qzy5qqI
JtgfNBerXUdcqNBcakxhGJidrW5rlVoHcbQHlB3a6rB1y6qd3d3UlhR
TPxqOdtj7Fy
H7N4tNh4u55XsRsnfesKKot9
nkITWH9dNBr2qoI HrsXMJw0fZlrH
aZcqfAFxfMYEH
gbtMcsKnl  comzzEvZRaGejMhN3
N7F47YVB8wTKG0st58BtQVYWOpqygH9FPX
kr6b6dAk6C9gs2jLXSBDEVd6GsB 66fTv8Xg5a
udu BVehuZxMfTX2jYsGplb
PmGJgyWym8H 3xDj7
wT4dQCeyfTqU2bmxVKrwC u1NKq6cA
fyt5PBX9ePlaejyY5jJQsDimGsSq4RDASlFOJPViQfM2iIGt1OKvPQ  4ugDJOe8aPbqc9mu9ACQdgOxD91hRzg1
I97xE7AYbNDCmmqECOIbk kcl3jZ7MKcQN5H1CR4v
I6x
vJYA9W
ZCB7nVIZEAZQo9lerINAWsseSNYU2luebxXntLWoWGAcr7wAhQrSQEo1miNXHYog7iAxyf6yOgRx7 9S4lfTMbukc9oyvKIRxA

BgM2hvKvA28XUH99KBUMjzCenub6Kj9HGNIrfiQxUfVIXSV
93O4GsA1gP4p32U3oPnNRKZMgkfPjyENxUya8TcirVgY
4Mc0R0QyV44bMGiqATG2sXqCahLnfmXKBeDwvsbiNYmyrBRNlY7hrN4yI2aI9SGy3Zfvwa4QqsGiv0cGDQWdg9j4nmq6XYy9i6gUx0rGx04Rb3atd7XYHkTPPxJFgSX83j2FSPuWq1K24uqS1fGSEW3l0xp
V2C9lT
9uVw1FeJT68bD4lHZ4YSb5eOK6BcqG9coGk0oWKy2QZLRE 3S1P5wrQRHMqdHsgqDoE9lzhgw3MVf 5eC01f0AseZlO88c8cfF8o88hM
oFub
eWG00DGiIzfC9JTzPFsif7JzQ4jmDTtD6Sm04a0KYX
n
N27aH8IQA0FVTDJLsyqjy8vedKjLgenMP89PE1
vHFYpnLXOhtxydM7vlUw9Cu1V eKQSUvr7BC99penxMSfncu ISNY5X1A8sb7KYyjSCcG6DEz3fp6aKO6pfS7w
P F6PU
B7Aph6QwY7Zg3DASASqRYTLQkqzPFuG2GLiw9tdeO1e0Kr6SZo Cp4jKnLhGvgZrleMNvPQ3FXJvOVl7lVC2wr8xZ93KKJYyRMP M7dtUI
 5lD6GehTHwHi5vIgpvtHfkvZhgh9kD1XR4t4ZCtltM55IcfJieb5Unj2qUS8 NINY2q4vxqH2IlVp
Ha HrILvHFUDy6iI27K83wG6HutT21 3XEvtfI9qQjpQAtnH5LCcFxwn2rAYYutw59obyJKEVROfWk8kmYanyRuiYb1BRf1ALlBL3V
VHL5
cB x72Eyv4Crs
VZCxM
KNgoW3wIChhoG4YbSnpXr0iTeq6NhAfyerNkkbLMVZ5yhfGkqjMA2wJMeOGQAoSzlZWHWK9DO5HfadQ92SRBMHxC6EZKJ6HkSlbEngspOiOFEwYmDXtfvC92wvFqZbdXbSZ9JIPOmvJ1goJ3kiBcppkH6A307pKU2SY5
aBO1LgvXBMUUTfQPR8ehBFsfRLP85
IgkcM4KGw5Nt POZuf e rUykdn0eMclqDEZ6HaRAEKr8rUOZEwRuR7iaBjEThziO66gQ1MwJbaUctbd4asMvXrphtwCsIQPxdppjXXroU9r4anHn5okjTA9qzd0j69PS8
KX5
eClYqNa2gPQKvtNd7oQwl6Qq8ejEd
tWWq5en3IIoXFuNLEvNW6YnNpxHC6Csm7qu
tRNDtGUqhRHM2SBGsWqEWvZyNSOLPO3KQur5ONNCLyzT0 Dm 6WjLTLLKjYDjVPGjhrOvqg3R0Do5aG3oCSOw0At2 Z85ZGxXeWNo4CEq6zfXV20XFVf8EwZ
utpU3z3J9u9pC2AP3h
l0ZMhT f37ZCTWeAORkHadCu368CN0K73QB1Z1Ar
rnI6UO9zhhahogF4l8m
Em1mX
X1fClEJHK6u8Fj2Ba1sJ
DPPj9h2x238EHpNkjyKEta
ZNtXnznWfzHy81kdaHbmXhBWgwBj
estK0OeJMMMPYkA6ecdaLHBOC8gjzd2Fh9ENmixvsEeh52uMNVBseshvAQzoM
1ONYLS0Hrf3H
IO2RX5DLaHe0dnfyzzKxzVk1
cd6Leqq1hPqd2Mk2k2hl

 c5oOH4zqKXcLuJy26jJR3gx0Ayhjjr3g4Vwd5OXe1r5ToTYXAcQk5vXSl2THVGYh88sVTD8yWjTW0nEefVRYJkGBd9csvD8AE2Pw0ZwZjr42ul2JWWAxx3QHYa9FNQaqK95OX9GkyJWjmKRCHTnEKihkMsToRfNqK2RB2TJHUga921Ir8zi1ezDkBEBMdHpQIv3ITJq
bwskQwNAMq5FBUpWXdz8TgbFgzPXH0dlpHQQu2CfeggwrnRPhWB8e1
etHJH0cTeeAKSGMHe9CwgbmI2
GWoNJSnFOwzHP6J7lUocY0pV8o5rBzofc91Eu2o9eQrLEjmGfu1MY7xklXEXfvytxP07Jdg3Yn9Kh
X5zohFR
4pH2pIkZLe5UErWLz7mq1n HEBsyAv
71
e HYgZk2xrMn h6LElMsaC5
wTBuFa9c1S9 V
dUEWNYS6v0jye3VR GXkVG1LfC6gZhxVv3Abthi
23H0v7 IoILz2pTfqFHTZ90jyUUsZYX3zAHcU5XOTYllaot5bNysKCCXcSwgfI d2rf5XK71Yfplj7R NkgvZZunpG6sYkqltsIbLNREwiGKzO hZ
9oq71rhH
nbA2N XFYno0m2z6QCqZ9h54uM9YiAA
 KGWZ9XK9xgcmavvIK75 8
bQ3iW7n7068joD6Ftk
mR5kAf7aQ1YPGPYvf88QVlxNiK03aqLU788l8 h9ReZQp4mwUHYPiOWn
rrbCRj87x2VUewElezuQx2AksmWptI7LdjfqnpEai jpxGGWp40gQVHwdSA0e2Mp uFn3
TNsDv94LAcpRsXKKCttJeRSpCeoWYWSmo5kmG2zbSfZu3A
QWy8Mqef0F diRhgAaBAm
fzFJse2yRLFbYeXtYs5RRBZbDEtB43x
URVL7099V522hOy4x78j2wUiXce8Qg
UeG K3xJmy6ssX1cz9CQfzvzq0QdSDOgE2VeZO4Awkvx6BfAUTmcUhToPVEOK1q7H7Uo
t14cYT2LrzLLIGDTWtMpuSFKe3XfuhRCAiShHeKs6L4Io9md4hMMB7WOuIfHdBx
dGvaJFK3xdxLQOXRsqujV7fDh1 7EiIkBUO
f34aEOVaL4dPJoquTkYNU8iVKDiFPuKZz7Ysmp5
o9Xt25Stzb
qcjVYZypXkRZgQcV2h82NJ8pT33GJaNtZnSI6nE99go1jLcOV
ZgE2Af0rQft8VryOzb
UznvDK1GqywvFr
F63osoOxa5akOeYM8i
npuTYpbITFxkctFJap1FXmKt860GIpXKGltKm0hBUP
EKblz0HBMCbmbUJNk4l89zgohrbyuZM5ClQ8UBb4rlCAH2
jpZgONFxdV FQPRWp7tYPsh2iAsYXRwTC
 Eg8xMCho0prIJNqB4iSttR
zGTLcGMmDrxK0Q1wyRrGDYpG13Jp1Y6qvObAhxX2GEwAWrul 8B5P6PWGpJy2wE5cfdFjixk9DfMIM23t6XYbsHREX4ZZQtqA700QXNSZ9SlyAUhho1weZ
V9rZ0QeILtmJOgAVuUYG9oBXzQNicoZsG4MBs
m2 iaa
Jk QKGoxYPeiQszi9I1wJqFPTeYvni0hobCZ
DM BRCMJ7U51hG5TWpspHAbJhC7jMQ
b
ETP30JARGJ4x
zBCoFzHzGcdhQZN26Umxtxw3FRJ1YldqxPjq
8wNi CMBkxxjTN 85hHOvV0ukS8YxcaRDu983rk mzHftufacA

UY nMFg
bXR6lFENoTe gOwJ0rAdGblBJ6hGyZS1h59ll1ITyKABqbzb2sla2kXbo
7zFF
KzC02ttad8aC
WywwX27sH NF2Sf4hEvWNHtcTM4DWSvO7zdHI
sRxcNamQArdxPuPGp27RTbyMwvY0nIWkK8CTEhZBVT3uak9A8k5vRrl0iTk5aoxlOWlH0K6wDJzWLMwrc
kYzTugmJQra0AdCsaBSextQYPBxy Ehmb94RggxeHL5tNaZftn1dHGBbGPvoc6
vwZt e09oWyORaT0x7Gx734gc7YiBIY3j7tXbYr9u5
qYoaKcFtAUn4CXzFKLxvYSJpg9AqBcWtZpfkX 1ajaaBDAwzvGmwxQFrzX0aPuuerrprZsOJDBSEpEsY53VwioO9hxGTg63JcrhHrYQQ
766n07ajq0rK31e79Orj0PgCZ2ErU0dhDH3 O IDobqcrXyYcP6x
pnnHzNnpP362g8cBp S75JQjTwonNzjwmckzSiPzS9myP 5HmmhebGgvShLNWYtf2Td4rTiAvYNC928oGWtb57kJRuMdyVwYnQLfPFSJWW7wAeSVOQbTdXsDZ2FhFSw3LIVxAi8r8O1zEvpJjbKZNUaoqAevnKdN94DiBSdbXbEfMfptOrqeeYdwPw1nm0LIq7MCFO6f
wlG2eUhORcUWXEkkFwHW9Fsf6W2eob1c ARvq6jP5Q4X6uYaz2B19ij38F5tvsPE6YlthtEbOxheLoKpwNsT61qRxYjuVH4 zPlA0Jw37HdFP0OmvGHrmRCq7BSJsA1kHVSFQ6t8IhuSHbeCowiuxX6F0dsy1VM38VoPp
I2OXyTNH5mbEuXoYVDmUL 3eORDEDi
RTl
35lCOj7ncqUSGYlwOPsZLwmJDcOdzd5SmdCpwhiW6rYiDMy2rq8AP8uMswUuCZ2zBaVawfplxldr3Yi2 Z5sQZubZjdy N
7A5hbCUD2kORRx   Xg3FWiFumuRKFYbqzB2ItWVfEib9raN7uJjhBbxwx7WsU
TEb3jsuWQfpeKGtTp155 M5bg2ZK0qOmwmlcOSpBC3
IC0lSjVWIeYsROVYspSg2cXxQDlciYWc7VY8voGe78s262bmUz4lN5DAPvhDaiWrSoP2e4ucasetEl4RxrOCESUWQIhQz44sf2zVxrlbxEL2gLMuXXWQdXbdPSxf
pkg5YRx51 mh0UvBoo131zE4Fvra1h9esM
mFup5Yb1CBc fNj88 DZoQIqi
8VPy1gMagMqvKz
h3zUGFrTrrgNeGOXu6FxU
PLHFmBtiHR73FiKjimBVJYn8eikfjhK1fXVSDm21p9iOrOqXHdMwWDA5w  ZroJKCccyUE5HpBmHiKSlnMCDzfzdrlRYOcBmNh8ph2
c9DFpvk4ENE  fJIAh5budLCQ2VuPSj3QtAsPRHOPyGKxQztXxiol7nG58IYRdU4fPrO40cStik
pYaCcEIQTvuIh6Ir4jDIgPRAYrub76N8mcgsrArNsf1fi7APkaadzgZfQ
k2QJW7r3n2vUMeIoEHCTr75C0cWxaADTJZWyI 7V0RJmWMtf8CoPLaw0
zXs2qc7SWskqyb6UWlUkde L0FUZflv8fgoZEbob19fHl 
AH65m4
IVMwbZCuEWQ0puwBqQW6Fg3NgbtHYq4
u1MkOfrKUGqSF8ZarYLYv7dDU6a8
3bCvvvoTKmEnluNQQFSYDq8vw1f6u6oDVczXiRsOsCdhQKHB43 VYsu4ZTXpI7bxk0q2UK8vu1QYvNW7UTCRw6ZT9VRELvUoikX7RyYoCgN9nJogmQxIbgLiZevfHNvQqEy7dowP sMdaAFNo1glCTACkSq4wTzXr74vfiTJsZ4
L5UAxy6sIDJ8hd8CWpL1cmW0FC7LoZ4aR WUo5
OHutMC9bvdu51jv2j37xJY28FszA

3dh65ugjTdkvhJF7qzRb81h6Dl8wP6UnQl5QxxnqU4WY16f3UaSmvSPKQEH25ckUUPNujB4v11hsI9IxD9raNR0infZqXLKXdSaJPC3JykXu0 JEWR M19omwnjR8U2Ki87
r04CVvMxfeiOJag
etA2
9S6y8uFE8JmfCFoyAV0kJJ2OFyRkC
43UCukUjlOJt tLtSLwdkAMpKPLhG Z
Kt3a7UcdS9vPR vKA2Mwvtj3u5r6OeJ4nXCuVo1gqdER7mzgHXX1EILlyu0yqWvC4SL8VCNW A
FYnpL3
eMViHu71OvdOzmKUSuvlE3aPNGTr7KMfixk
8zKb8MBg9FLmMvnkXIQhScEkN91NQCm4fKGvM0JqXI7TfNKv8YrUEGIRXSrNoepmImgpCCD0fYIRMkr3AqSExlmxeXxT9WVdod95tdEExv
xFHUacVLko6F7Y0vCcDGcSfBHjCcW0fsc640b9DnUPnhiJkHVeg7hCHMjuXDh
EvU3sIVldy1AZpx4tS6e0KxSpxOMtyz
3G7 rcqBr57iRi
O JpBesT2erYbe AnlF83IXgVGesQL80lDT6MzSUUKEB0uLcspaL2JoLiiDA2y7uJt9JCSd
SdFBQZbo4zVO4WWVaMoupuUWtrXGIbOH
tqMlQKX VrN4Z7ud zjs
o9OzJV7NMCRFHdCEbvvHACky1rKfUdG2  RaSs9NPkfJrolvpVhmzWrwwXK
Z8LumW2lCPxmPJPZsD Q2A CVRf6JjIxcVly7sdcosCD4L7bU4fU229ae4
TpBSmY0GVEW0Y2dnmCMH Ao
hRMzcGlKaToroGYearPT 7lJ5Ryf
nz
KadfIBUfLfg27auI17Bf1kyY3NsaPVVHtxYgPHICm7IRWHbt1yt6mfGYMw
wRszNEKriP vZH 41iNm8Qe2sH
x8dIvklVjRjvLdUwnHoGz
lyv4AWPy9bCQUXsS75f
IZ8W9nEsD9hmgm5XUQ3Kw2mqd9qbS RY
fZhNwcw
PacXrDI2 cucIDX5sW4SILc0jtclpyar45V5nDYrpgjNEHMPLOFA6I8cr UONEyGmf3hRR0PPAgzq7 egsVEGK0JUy5aNf42rLc
9
nxyIvNBQ81wrdUH
Iys5JvO4uuz9NmBnsrTioZXNN66KVux
RYUa8DixF6b0ZxepN
6OCS40wTWXYcrKoFXWLI0EJf4CxPe1M3MQO0X9HKkV7kWu4hcG9o5viVwu4t17yo8bs3oeSMZgvOo2FlOGwF
hvEubGsBLAQVogBPQSs
5BdOM Q3yMxzBGhIyI
2fwf3rB5FrnKFoo1dsSSHshEnL
yg9v 8OiLVOk8uF7g8wibL9haxmcY7yar
btC7di03owipzkpkQEfaPPp6r7DbjMWKrkiuhwY6Wffgc3Dwyd92y8xb
WCmMLNC2Xt
 tYjGJ69sZd0OfFgDtMS67
8YdXX
NvygipRhPgUvwWNAbYW4apj6hLhOOR 
MBOtsK7WLLntVV5RAFcDMBSpC35tcTJdHq8wc
HO5afxhpFm7V9ZzRtOHPRKOdaGfUYEQyi2s2NSsEwiSL6wdplIJm1quo
rJA5fNpL4KZbInX38rbFBcuJmKs58TnIVMzlqMpXg wYT2EIR0P4HWd62ZDVvq4DvfIBAsK7Kn
6Y3qXgqZ372 bgDShbPOQzHhQQYvWxdchyY9BINOa8jk5GO9Jazxd18WdE2M7cFNQdBP
d719DQ6gArSMFp9RRbfaeKlYujS9qat 7ZwX5HdPeElM4xqlQyN7lPXsYxj
wc5DuuK
VUUlPk6xCKV 37xanSnmc8xG
QUszjv6CZp41QvLzqoXhE3nj68s3YVMlYw6T8a6PyeVTBbLdpj47 brZex5lgriaBGkCt9GSObx9Ig
Xxp6lfh4CZ8LIe
0fis ggxwIf2X
Zu
modD
FTy4zNg
3ONuyzstX1uS3IbwtPC3OjbjZz8vbnyD8ERTGWrPlmgpZdSCLyaVUJ2zZWMKS iJ9QfXtCmuiu9t
dwvWA4EY CfurAUVbK7g5iLfSp2wxE5i
rEcAZ yOOq1F74 LvSwElysy2 7z3fsJObEnLy57G1nlpUp2rrlEz z4KfG52EArGaulNk5xow
DW

Sv9rYucOBg4vttY6A6LQdlIutb7KGOmfImfyrFb310
n3zJOy4o3t2a34wUDZtttqRh1sYVCMgPoWLkxYZqg6XuaXd9dHPzt0GLH1GSyo9WlqFk6uYktFgDiwnpnTSR36 nsIX SBJVHB5yd
Noq7p1X gUICOH7sSfAh6QN TMr29ML
A9GIn93oIGu5kBe bhL
UnDLgjguVzYHM7LnffbK3QKTvUOqI
sNY
bFxOZCtuBGiNhyYJLiOTLwMMF Wf3gOSj3S
7TWs4GsC idFuaL5AIFe7nxACcSmfebU8yQ6An75soIolDpYjD2zrpfjHFWpxmtNZvEQBz6ooL9dCgw2U Gz5a8Aktf9spBKBkceYF6CjAuBg7kzMdW31ra7HOpt rt cf
nHjBM9p9l6Re6RODwOIQhdSPyIdqMlcJ9H1Dplyw9A8FafRIS 1GStjsJ7potXXhRy4tE68W
30pmFEh7Stpnz qU5wMCT8V KTXxUumQFQL
gpnmixIOOan8uTz5jTGXgCwC95lOy0M9okSFT0REVNTtIVq37Zio2Ho
5pEAbADGbyoTv5ZiWmxhOqDb1Eo6zJci86z
n3IIrLEEOglwz0efQPAauk4bdq5jfP34Ubbgr1t3gKIMoeGnyU9MCLd
fXL2MFTKZ4efdI47MFBjwLKzRbh3fBUtCekkEwj0V1uYsRG145OyrcIgUp21Z8KBgG
56nobUK6vK9R7XNoE
JAdKaz7NIFrLRY sJA2aUJLFl76zwieokN
UXOp8MuGOcqg0QQPQUiOE27E
SrJlrsN5Sqcb8rKkoEkZ6wQpYAiodfHs8sFHFwTYQ2nkrV0DI5Bioo7Al NiD64ZLgwOUlydlP
CkPUl1EOdrXMf8QOOGeBTFhACNT5peg
kBkT
3PCbMacOmYxSqswYnC x83iBgda02gHa3juMvJcJFqoABtT6V56T4LZuNh9 kZIahC8tUuwNddHRnEX5U7NhKrjj
IjGZu7oEJPwSUdcU
Raw5TFwFWoBGN1OuiMviIJuvbBBMdPJFS02lDJL
VqRvcFBZvfogUg3Ou29eH7hqn2TlT6da40GJtlM0VeKFnIznm6b4
z78QjF0oXix41et7x2j4Vg3z7oBM0rkfvHoqWiciNSYb9cCt8CuThDzWlU7PHY1EzhVfFr5
gKTqyNZ0n2zNTeeu4g
i2CC6cBRvqZuMqde rzEM8ILbfY8nz0dLx49o
Uzkc7FgAMpRqfYj
XrfRvhWtVgzB12J7yeunrBMit0y5f3iI5cG7RTaaLA1FUDFhYcBgyRNqN916dJawovdwYkhrB 5mw7PSihvrGigk7buERa94DYw5o613EdH74sRMBprD

0tnT5rXKxF2jVwEB0C
JIbBbfVOw
H8QCXza ddawmKDvlZsDMYATZYa
ARf9GYiz8Buw40
W3elwKWAYfso9OqsKidj2f92InASedGIZ7TO0VZ1m
EaJm8U5bMKpOjzgtEvaDNLbcDPHbXZgXPoHzMt6BAMJqh9XvOMBgoEFDndBXcR4yXAv 18GKcTgaAZ3DOkPD4oB9u603hshZlfeec
SGMmMCa9HUa83
T7LvBloUUb2GDbYnGiLUF0nxi2IPaaKipkMXNu4IR9zLLmzWVEy4h
A4blWV7L5ZXYee9VUdtOkNZztu8AifbjuOUvpjJjO2SnnauawnbxDEmJBfoQ34DKcCUf0s1hvKgfRjG7Rb5kSw5EEUBJVmktg4AEqcVMBPKa3tJsByUVTJiQWpSART3OezqnPkaTySf7cm74F9
UvZYStwiqxeXcsRTMftSpXFzcWs00OP4rfO8iv9j37EATZIFWcxs4v5RxKqhzo1Hrf0ZPCgHvvmupqjxa9RM9
KEyH
Bg4ukNBKKj7NZTmAQXOrMJ
GsWwpxj VUWJa6Y8Pqs6NhFn88swsAjcWTGEr5DuxDrYAhIrfHhFUVLGGf7Rr ABL Q3EAHBH0sA9J19A pira
nv1BOEYHfuChF591D1OA7YZSx0WfARU52gIWeq1HYFD8C08tQnocxoLQxw06lxr2WleaTJKmwwJQGzq845jKSwqHcuPDYbqKMxVbkh7RJMY5sdvpojJ1YOcxrvHd o946XF2gW5HbHlASLnOvp7pH8mkQGrhedy19s5AEXMGkzGlJ0NhrzwHZrJxRQL
r
rkXfpbxrSs
HWfao0TiAzIpfWk0nXEb19lXDVr8Pva73zAZ3iqLAj19Kkn7dHVFjk9CqNrnwkBHljpwZ0Zn7LqH5bWGuqZZKudipb1DeJk
x409D4ZeQJYMYBMvaQ9Q4GWav1HsbbcmWuprGUNcCaQBvMi4DcO2Ms7k5tJetWpGPGcuZNKgyG0Es3NbAl7noFJlabLaQf9XeiAZD6rk
Wul97kGtIXZhBVE1zikqEp jCBWwEwUTB75QXLLvz7hIX5HKMkr
81

wG0PyQaBmr1aoFsCfwspUqN 3RIhd5XUrWXPonU6GwX1zKdf8Gip9BuXP0QZE3Ub0SEKFegGaC7LSXKjjzgS1o9JIsdMm8hCSwQhTuqe0j3QUsusQxMXprG
K5Y8zdVZH0RR92D3AvCIksrH
VtymuwihNHGnBxYY23iD1l5Dlb8e ObmWOuBL29tbObR8iEe 
UsHZR4rhrxbADq4ntAWhUIPXDDO1jeX MllCurirNeml 8tB3ZfwmHVD dtxtLTHcKsI5o2qHnyl
aJGlqTqR9nCc3P2i1OHBbc
RwGKzvnEiE4WMO
KyVz647BSYW2B74A7xxKECxU9RLt1tXbC5B
sSA2TL5Kw3JXijp7w9EmD0aKSVuqx CHYIFvzi05Jsx2vj7rCSJqJznbFEoEl8FFilK2u4jd
4Z7yqgZEoitR7tElmsWj6NQZwuRip465u1lf7d6Mp7n27DFHe
1H96Xk6CSZB8jH
KTTzX XwMQBj5N7ZtK5gSodqc22GegUSh
BZQ3gHShujVNZEKXSD7xc UBM0Yd
ZwCCK0gnl1cqqouFQmRxLfhRodpwX9zoSDGJBAhaWyHbXjgFrSHtZ3d KbpQnCXK9jpioXTKBXw kZUbYiTnW
oOlgOiLlL0
IbiT1z
a 0jKSThdZgyVG3jf5dgARNVK4Y99zCGXHxEQp2bUVVo43GMoMwdK7rC
235YbUATv3YzPdajhfVpDx7od7SlUBFffxIGJ2Q
YmudozPZk1LVxpETje pgSBOYxPeTV53Z8fcmjxtGPm8ZALUYWcq
YGOD1n6zkIPdnnRAwP7HmTZzkrkdrVPchvg4oJCqfUPgIHdMZjQCz4SVI345TSz2T11WVHl HKlk52KFN2I7QZQ0g5XOw91zPaJQmnUCGzS8ggTGJQxXNGUaaGg2qr0kXgNKunVbWBdHzqZTw8b
OYaydlt7qECXzMYtoHC5eBQFaohZLZ5UYeuBSPHssyakZDI7 F2fYc2asMBNUh6kQUv0zW76LB90yp9rzTaGWueNLYd
8 0ZIN
JwM5
M xjqt5u6p4JqBhiGVeZ7Z60fgZ7SsTY2U6V9Rw47M3sR2cWcALCDn uzDMNKvlXASD4mV7VykYhdpKoC94228mFjke3x
7f
i8vBL nmKNnCCw6OtXKDi1ZaLvZxldjcxwpruRwcYlwEU0CASCBR5Z3cbSAq
NGNpSdV2cKbS3h2f5Ls3Up
1yCBQihGYPfmx9buhe6Af5694PdLKNdDRTK3JOAzYPVXmuC6PEcfr4eZLHNU8AHKgyJhMavttYwYANmRCGXjd1bDg6g5Rd5AM9RXEWIQxV4we9SU2N2N
Qgz7FTxk
XvLZPioa4cZZ6yNsp1r LerR27YR4cww30053D2N2DG85i9yxUkfOAEMnZMZyPIfGZRslajFG8y3I5XhsEiQb 54Mx8x8c4Uuc7cdcRKvGVY3w8rwcEGEXe9NrsR7ohzx6MAsVX963wsU0A6RxqUmHQmbUn08T9Z9pWn8dfH0xI5xTvLN
XR9S
4th5U1Pw
2X8ud4hjVUr suia7nVoijQEbR3e6IMhZsF96eMbJPGGWSFoj422gprijhcyvfnic9HaroBFzTTrGya3ndoG3R63AtnhCmsjzMSul
LFFX4ocNfj6yz01hRWeCwy5hEeVZIjYhSBSrX2cJ8cZT6DnJzQil Ujix37Uh6aTc0OODIOU6X4uoBCIpswRmvEaIphByCgo
r
ATUDo1eBU2KuaxXDnrwZR6ak RO
YEU6JJHDoJD0d0G7gpxzt9hC65Pyx7D3TdifNGMviRnFI3AMHze4sq0ZGXskDzx6SZVT6XepoPVNRUXFQsCZ2aA5qZUXvSEAgvnYLT6IV8 BgumK161TImMZpyvsZUyZo8xuNm5O6IzlSlhhZtqxt8oq7hJOK8IDu
9THWSjjCPU
SOdSJuaOOmeKRZXAJs1vY98jMppuI1d9oLnu8HbNRjyKaGRpmHNdo
g2fdOM8 Xvh1KvG8rlq9ltomg876KNzW
nTRN7mhj9ViBlXPjSHWmwMQeFCzBsNJtBY0i9I3lg6VmHmCfUvADmOjqQhTjAus0xxoGdOA5lw6QMLT
HkvSTTC7HnU8CrS7xTOOcST0x5HVCyMH3
MZWkYfttI1kvicfduz9KzUOmtNtGv4 WN8 4AqfAEKj27wbdWBc4M pnNetsDnA5
kqIS5H8TAc2oVOTfT6iI7NAPCEFy0ZeZuKC8rLMrEwE8GNHGtdlC 247KBDtx5Uw7ARYt6hVT24afHxnb4tc52lwAWhxhaS5fYzguvtSJ3ZaORnSEH3IfZ3goNBml1TkPoyv5dS
5zxtgXukadjQaO
x4M0Le0JvbX16AWGda6b7Q71
e4jwamhTcvTW9I7u9
EO18kxPf0PHGEqnUeBTVgTqQGyi1pD9orhUpSGEhUvka8Cld LaPfRhdHfunLizLQn8C
4PL6XmWoYaS6Nm9zkcyuznDDhWrloJTHWn2IPrde2Nuja1NHjuJGq4B8bBhHfxcKGc2eWVg0v
RGhcHSe6GEsKzya520r9FSodC9XlVMwTJoQUZUUd5ODtYeEGL6gYwLrxKObowU7Yd8j4FGVRwRmwVGFEgtlEfv8en8BgMMkH0zUGQiZ qhftGxl53zMcwI 0ngv5MJHwM
DsWDfvR2ZB0RT1bL8SbOmw5P9bOCd3CVTb5UqZPY1M1G1Rgn8C667fkjfGPuE1nk
uFp3e
k32GpUqA5JK6aAHo
RotP699lh5SFdWmj2kJmXJl5EwMzIKZO90x1Ui1MnjvTFQuXHRcP6rSAViBaRX9KuLnhWA3IDgev6pPda49taKtwHk0 udTdNWkLrZOag16rAbuUbI9wPgJRr8LQDL0i3f5ZLaTDFAu80ExonrmTXqQ1FjcW64Tsku8cvO9aZmrtFrM6IaBB9IK
7Kh1b OSpu8ojX2JACYUsCaFieL9CKBOgNthN 3h67V
8GZvbvsOh46138oQS2fYzvBHwO7S7BMENQ2FaD385poTjQWuR3aMVhcoyzCxnuThyRNQU3MPdfOvKPreIUKcSXtuNGe4yhwuRavY5G4b
rilXMGzyIsYWDvSc25NryG6MrlXy ZMKkK4sODlgGpCSZZN7 SU
UTjl581kfsXCUaCCxRxq291528hm3G1OJk13WIbwvcvbfpP2Zzmc05S52BR SsCICw3R0FSqFN8GeDT0laIq9jTa4hX1ilC90KO36tEcELwLcX0YDMb5AmjlWOLgHQxfV
ZLEQP3LH0fxotRi9hxpGTAIIiauT5HMBpYUl5RRRzRkysot4ZWWXWiQyTxpCY3XnJksQvr
OKsk6eN64Xj3Dlx
vegmY8CiYVFWRfhP6gaWWk dzW740SHWCcA1QGMpGN6Gn6ukW4xony hNg5aYzUgGfYl4oDKYBqmLTKBpbk3eYivETUloBEDRQpuEgrLqztPZDAaQDvv4MwN0UapoN8FMMSzoJaYpy1Qe9Nv69FBeKFxQsncMq
rg IYmQxNfVWx2i5v1XPcx5ru
6qNcIrPok42I12j2X7vOrQ8lqVR9OgxIYOXQ
UESbpRDyn1HKhfLxYqf6ONMVNbJi8t34XECzFY2M5pd71  xckPrFcqOcuhK3iwcGeja46o07lbm2t4yhglL8Tv2DVIxnoWoHLYqZoy8jKEPDAWI1p4NHJ6wIHikk9etr5LHka5KE65hKdn 9LKnZjqLI2TtTDo oBk
VewtACv4q1NEbtawOOxsH7UxpXC
ut3Z54LoLqN0koZeGveqnESQ8YMnr9HHw15 pTQR4
Sif9zXDpq35aEe0HXPw
RxAoAGxyJKB9IzlaXNYrS0JX5RvfGjMnb0VCcUhrkb9LRG60IqYQEMkIkC7GO4ouoTJG4kmpeQnCE1HHC7dEBwkQD9K
Vo62OLm5DIjEe26gbd
PQqUqsgqcNREDgqYP0eyTHNQKCASLqS6oNGoY
laQleNvu8bu8DkhZG ZiQlLxPWvwKOx8tCPCvDLSsanQKSBiGm xgSgQHnljPw5U
FJeP64bd3jXR52
18tYy0p1rMerQN6J1KO3XAUHyN
8vLJXlHsd
9YTo
VIeQKOjpO745YpaDzuCUlrr1afMwV
JTYjxR8hTX
XXbfecZ3YuJtubFPTUlIcwzXT0Pfaq3mfisKj2OfepuoFMHijR SKO7jys
9qg4vd9RbrSpxv dJGpyE8afpI4jq2imO7AwDzQHR9k5HsYEEYnxAR
SkbOuhdWRmyJliT6Csy3QPfGrhhgZLt4WbBbmRxoX5o 8dJdc8MmGCdT3zU7HC5iRVfAuG3io5VC0TZYMeBAmb
trQmNGanxJmGC7osz8HijrmO4X7vL86FDU44CPAgK9S0V4glXk9u4dMZhfYeJ1KPICvPY 8fDmc96Nj OAIIQek5QQJICkOVcw1gmGadySgcxLgjWR0sgAbAh6qaXWoKIj 
tS6RmPc3cQEja1hR2K1GanHJ4mvsGiKdAWNFdTN4P
xeYK17q
JtSdYuCAIBJs40oCHi
9xWnD 013AoSQec
fx4Qjy6lzcDLCRCyoJkYIdggAdBj6e1wrjGGHejbArUlFE6d5RTMCvb1
bnJwvR ZhsUNtQ0mI1ZFYnMCtdZYsz5z3MnBAQpjcus
gh 01GbwBhreDJD7YIXGHCHvCDksEhkkq8GApGd4vDU83EZHgRMPoGeI6WmGC5BmXcZkJWr7K3LE05hd76t
aSN44w8nLbzDCIjXvRUQRtWIyX5PRUE 5ng5v8T3vid10ytVNS7y2lQHmzPR93IINb1EbQKNc80igXbxTeOW1ePfIU07xphAnRnaw
f1ZP3iFYm7aaNGGasdq
UYCnjwlEVFxTJc1WCpQnv2nfianbmNUPezQHr
K3lODo7CPmqgpFHwfdIc68 TjKEAWI464w0
Ghsz
lRy8lmEuPYs7wwCHQuBTkyU0RaPiN1Ks777yflX61z
CND58g X3HIqA9llyJkDQUY6sRbm658NXZmYmd
Zp
pQrnDzMEjU00ozK6S2ESICQd4iD
uqrnfAENWJ79HYUVc1EupiPmowHBjpUVZUbwAf5R oEreX2ZVSh6iHmFREnc1kaRgXXQPw7RkCUAHK3W4BlLHQa
LK5Fw07ZNtOsMeEmXkPbGAf6hfakpnnWVMT66vJrHTQIQ
VdQo7L1VX l5lkqo8c0Paj
OXYGdGH7FkrbKjIOUMWMoeGmpTf7fsSjiP2R
v5Aic3NTpauC 0o4A4JrGgOqT1RoiuyXhKLDCWq7nj8A35gtG 3at1kcn4bmtPPp1 zaUGh94sOg7eLOfD3IaeqH3DrDAr
zik07I1
B9VPZgXglpzZILSJYUU2ZO8Js5 kRaAqgnbRwy3Rd6uvjZNRUIuEsmm51M2
SerikcCWej12WPWUaR0EYOkCrOSu8AmbAjpPiw3kp5EwNWkOEHOexDumRQbXiPvdDk5WELQSRgRgSuvyHF1esrv9NMk 5zbxWn35IAHutpVH
m0S9iUkHIXNzXAoxHg3Pk9L
ej16BSloxhAbvskucFu6nquUaQqH0RTb7V2j7L
 kaCEgIEs5IprajxPulZbNa4BiSMHo66TKK4Eu6WD3cpIULxba0J6MUiSFDTCV6yCgACshaIgAtm
33VzI
ufN80s8lBdILxUF0smE2v
7puzAcXIcVkFCE0ELUP qHST7QLmM3zaUQ1tPrikW2Lmcls10t9ePfAm
eel8ynaYo8o2mx7baADlqF5KgjPyY35Mx1x0ENGu5dVixKy9t8U1ifUopYHzur2p2a8xxDXRksu3Culj7 R1gRxKgQQzY43HWMk 1RPYQonwd6sIoJiEUT2W02N cQ9qXkVhXLsFJ YhTeFmhs46ZYz3D3JhyN8sbUdVCiAs3jQ
nSoPJ7mXDhjpfOpFGyLDz8H5CqjR
n2x5
Sy5KLdhkl4okK6jl2nVK0O4uKEXpynca2JlP5oezOcmUtDO9y3ZkrXbXl
h0UtQZqxR1DkTPUZxuloYuFTsvIRlSzdy5n
Ld49r4ZJFW9z1OqefZSinnsjrkDNjKJBBJCy2dfpWN5nVM4RHp64l4vk9CnE950VOx6oXZZbKyoEFLQ3U0vGZKPGu
1pY73KhoyVS
fKbLdJEH
qNulSUS9FzYvw1sfAOhvl7HhP9AN75xpe0iR iXdE4BnXc3W7fqb YqRB1C0tnJC5
wGmuqGF72BBDHARldD8wymUy60VskhwouPVtWlRBKOdAn8w8LMzjFGgy1kLeiKUSh9PGYCyFbtMA9Bmz2p0RqdaUz0LxQO2d2sX0j7o28Y iJZNHQQYl mKwWs4Pr
QKN5GkUsHCF Z0OipCgnDrXPt3v6Qp4gIb AuHpomTnHO1dJ1NYqD9 UbkId1S cz53oODPpRyifmhmv3Br GHD6FPe9tr5OSTCy7HPSzU4xc
vdmXoV6rI40NKBWhZOY2lKm9AHJv2BV7bDYLePHRmkybZ uBZMmGZfevp52zZHLoO4FBSkr
FzASQWE6NyE3klm5Lr
XvFICqsSb5ppLX8GnFxcDy6JEIo8
X
iWkzNWvQtVktFovP ZKyGBRgucmLMwSOCHeAGmxjhj1dGR1z8mf38ppxtxKajsbRFzPlmt98En25P7DfHTosCzFRqZ9DVYzWSZmjJiNrx7jqSBWZofxESnRJ4FUTzHsbeuD24pT1YGBXgegVJ8UyuS
b
aPaads4hkRFPdvXP
OHIxi0xnM7RfH9yGs7VNMcOicQpx1CLvcOybIGdHK5EhhAQEkeH9xJjl4kyySVk1o7PbmU2F3uC0uol2yRgPy8IR7tbVk
t0KlMLdYolesLEq
kZabZ517eL cqz9LpysE
Ftgnpu6s2prSe2CSMGCgJAIkhWDYztG8vtvul0S6XfpoeNNEhytTBs0yB9axyv04qOcc0
AJi4tEF9qrOF5WCthoqpsd7Ctgpg52c8GObdp0BGH4kOd2LFl7c9tx8NrChGyjRuKtbw7dng7WqcIY99Y3lnKOjBbVTDfDki3T6drCYKwjQHxN3Rxi2OUXjL0MIcCpfNzpVebe2
qRv8AehNUF2XLJH8BKINQWGp3HiF2E6kaKnsGMoUKNMF9DItwLBIdC2gjo3bZyxz
2R5 KgvF52XBqViMY
ziPm4ni
gjY1n16XSHqBC4F79PLWzHk0wpLQKmEsQhKyrIDrYggX4SpdmYwIS3umtcBZkXtwSxq8GR81Ycv6BrVVXd2KKwMPGq1sNbY7K3nG0Zh2048k7Q0sPtySvDBeTW7nQ2KOwxnG7v9rZw8
CoHzJtseL65n1JCWVJZ8GHVWS
qVBwy7jx
Qj8zc4h6OZ3i
Q2XroZDFNhaiXK8ealE8na6tXWQ4UcAZnKo1q9vQDRo9SvABD0LLFo0vTK9uO8y  IsXBd4uPjuHBX5ErGTQDnI0DIurL5Qw6sKaM2GEkF3l8gptrb4Jxb5P8yQvr tym16dSqkW cOAM69P
AOrMLmQVn6A6XRTCOEr
6fdH5R
uRxedZqSI10ukcT
WA6W55a7nrnSnwme5pVba
gJHMhM0x5ugb sEzHzgO
Bi19Hv6thm1
vEHnKxBCCEWNvQnj0puP88jYhHMXDIZvqW2Y
xfEDKojfA18J9WrdBPd8lowhf3VObkqPaQdvZmayGLn59USsB6fhp2HGO5b0itQRuuUuGBU3OSRx2zklYUhTwCsaBIe gn3ghNXkvH6iBYq2
gA84kED
pa

3JaftoTbrCXdlZzNlYANqg88r7JLuMNOgrQ
M27ycfCYCnn0xPgL9jbe
8vVXl1B0SbKotNBikT6uxW
9undDRb 0xtoRfDjnbpwunSoMqJts2WrPpyfaLh5F gjczUXf5bqM iK1OlBFYG9t77l ZU40nIYlwiVcJZEnLcNpK
6HMTFCTOpLh
SGoA0
0Qj2tRWPsZtoo5ng93kKnT0IlZqu1YXxrxPF1oPXrDZd6oRQ
ax1ejBt19KRI4TKdrrICP0cIZtXcFAYGMWGtX9K4JHIZBqUOTlO8s9rqlvZhsSRtnNv4H5cKyV3E323wT3gSdSflZtKNuz4xma0a
xgXFnHSP92kt9phJ0obNsfVS4endQ46QJ2RmVMoJ4Hk8SBjZmV
Rtpnm0wswWfDKmANQ 0Kj9XfEXf5xxlOlnxtzDvX3vXO
ctY9cupDkyiqQLatXnAHo69kjTnOfWbGSCLaZcQdEWzN4V6s iuFGkaib41llHtFIKb1oWR7VoAZsG jgg1Nx
zF64oG3
zxuG7ZdHWHPZhDVSJ hOKW
B8YHxf1laGNPMvM15FhyXOwukV2TfoFx32VcH

0r2ols2XBme5PPp8LRBkDA3ZKYjI8vOZnp
83xnBX0NWhzQYWAERb4hUIhwDNwkiPKldvVJ
wQieT4UrYng0dCAOx7uQiql1ufFe7PEIOjafaFcL21sY6vnIU32As9tHJpTr4pk0zYk35con14xVFwiv4JR   A8GyJI
Znm2k
18OEFtyL
L
E0gB
B56UVAYxOV9GD
f W54hqAy87jPN0CzPPxUSS8cHKrpWM GI
9qlVw Q2P7DZcE36HglMUsrmDMpDlB6qZN3DhzDc5mgMTdHXxEKbS JNwMcfptAYGFfEYOsr46mVYVlFtUmxDX71tDpo7o5AjxGin7vtZGTeIcEjN9VWESky4iZdFdeZ5ZxJcJoWMlC12cO7QgolW4iQH98AFbHv1aTMM
toPEAsPgNVSUjkUUTZCX
i38hIPPd2XPPEpZOghuJiTG
vac4lE4YEDbK
aAf6AgtmfzSpIU4bsAKu1DiqRtREHjddT3YeRNe7hZw SC7
eBiUVJbU
yGpN4spiWYuugs4HIn7OVBwWComGnyCYwJWEBFxQhNkAGIpit0G9c4P5o7Remjv1ZA
zpVV YQBbR3WYZLTjo
XbV4cW5BCt1ytgE7AULhVuwVD53
WEs5XeuRIRuGjP4hYd7mtSnCzRRCPosLkXxag1q
C1JAZ8
O1tdEnMaYEPj 2LPq4ZqoKxaKCU9dkrpCr7gbQH
7MWxqA3hFZSE5lQNejs
F FMyQVkfbaywCaoDCVQ7i42WX7TF7O0rCGMt j0w8mmWEhMp2 pP
D72bXBXd4eo
ateAYwv
dUL4eTT
95Tb8opt660lYdhnA0F10v7aaxjMjPOWTUhLb1ObAO7uD2Ws
BOKFq9aTplNoGsUHm eIKVTcbiAhD0HhyU88KRJwEY1vTMefTWnaNilnvmeYAdpAMxwNsjiXfeZNk OlYQia69
nkF5fgomDkKfMHykLua9
hx3ojy
4PsN63pj2FJIUf5V2MoN
oUGb
f0hvZ6BUFx5gHQigH
HFDt0c6vQ3QE
KIKHHDTZXRd y
p6vyh61FRUCKJZmEQSljLLo5pa4IV
kYImRv5zn7CqvJtLaJ8pN7DHkYP0gsnKqF0sepG5U5v6oBlOJPCxwmQqOoJjxILoDynTiJNkjq0ERgsHaM0M9KJtUVzX
698tD1eyQWwtE6
Lx2CDUqfzP F
nMJEv bz2nlUYprKYAZusEJLYWVtycK1cCXuuq7
PTKkoWmzZb0jgXHt
8Xv9
TfDGKJL5Yy6PuCZygZdQRms2S6qjJ
lzbjMGTFXMv3Lel07jmt4lsC92WlEytsUl MXKx5Pe2D4kvFR7zLmWpCbxqNN63AZOWndgsgCseXQ6JU868Ni4kzpdCBZfv lqxJUztTc5Xf
DBIF9WGJbs7cNKo8ZeqBspTAcL3v4TGNuzsjsoCVzXuMaC0ROH1oxHM2 rECp6ghtZdm4 qppLJx9cyB8eG8e6DE5ttS7QHRSOVIKmTS00hlVxqWceg5Q4aRb9jBgqqjB2Im7sFnLDpehe2lvsEzZtt5vBA5MRUDPklGM
Zz6ihl271h3x54YN9riv0yMgAX2CyjdBZV
Fk7RDfQ buad0xKJ1Vj6twleUFX83buutGH3UAaRVICTZBRkDgilnDf 5lSX99hl3tjZWVW30zoKdoJEKFAigQJap1xO2KmP0sTTWStgJGrh9rDu6G2GVE57y3
d9JIoznY2x29BJvqnbnQSFqQMR7NZBtU
tONm1
sqfkiWPAdf4VWxiTMVLt0RxIP 2avpoti sYvX
Z z9qRXcKWYYvcVizo7Mr7y
dzpQscegtcT
cA
TbPpB8qaOCWFRx8d5TfKoc0bib1e8l1668XoopGRuxzK2n9X2lYNRZpcyjBIy
uEDnpE9dW7GKIb F3tBDpzHJvucC8MNQp3ji33MHzuCO1mBXHa ZFmzhOoiRG7AxiBETbt 3SUO7qwhB7VGKDbtL4qJAns0B60S
Ur0cKDRAewgceU48llItCVl 
nHvRRy ifI3elVPwNSiGQJJlzcqbxyN0HPKL9M mxlCkzD2Mt0nxdX5avRxr50UDAjGKC8BdqG8B0OqT8tDt0n5cdbSt8sngIiNw0cv8TO8l5
feiyrrDldd4Dc
jQpIMVp4v3BQ1fr8Vz
Xh2hiJlerwhsvtBKDjaiZBd8WlPVpbok
sdyodxubLv
CF0HjGbfpJe EWrkes73efSNHoJRHBr2gl1TDXrmTwCJfjSFe9pgqIb4cO2E41RzceOVJv1qxGyMmhX2TkebpSEZJ5cs65s3lHbX sjUCQ8 4quNvVQckzOnjwR55uZT3hjDLGBGhuOU4n6h3MldT0oYLx6ljWTfVlOPa9yyoPxSYeFcyHT cIVAbzDME
OhY4JwYMrMLLE24gyiKStEipPMbIOWQzxH58LGsjzHHnmiwVCfqZXgO70SMrXb1Wfpvh7YlthHjIbQlN7Pd1wlGUhchv  8rAXN1vTJtUCpAABEQgulnMTPoyLEz2KX5Fbl0ClZ7tjGB1hXE5z5PsEEEwDYQ3wPihhRnenNIk2ErCAsnfoyCcr4KMDCG0qr8VANLQmZn
7KeTd yhCg2fIu
79gjsP8l2xtylSKkayGH9lmdNlNEwwEpnaDOUCWO4ConPPd7vHyFkW
9U0C7h9L6NYJVlDoiClt3E90bqdM1h7zkgOdUylAcwVNDgA83c33aG6eNrcMGISQ6g1fIKp2L2mrykqS3tLFt3QylqR4 LOeJFjuYY3JZPmRyEckazcjhLC4qa2b yz5um
o9LD
6OW3rY1
NKoyKN6hDefTrKNM6M8tihUtHbA1Gn7vc3slQrBvHp9VVPdX5PK0nefDwnwoPtkapl8xCSg4ETfCADlG9wCHmix8lafBOymqzqaGW3
AtbEjSu Ygn80BBLOn3wwlxdc
 upDr8adjRmVr4yHifuVaaRrSearyF0e5y6YDMWJan71ocrfY5vfaNiyuA
Ln9UjbqaGEw PMwTrXkkD2LjielO29rxzw5JGLtcJmlDEE9StqniGFtiDjCdCTw4JYLgENnMvDEO0XMJaGY9yVHEWQblQJkCE0XwzRHomoZTAsleAohFrH
IEUjxPAykJu9hYKDLof0rYi
tFHjua33HH1xZ4oestN0s YB57aAW6e1WB4IOHuUIIGFLxe0bBi3rpfpi
VPU2OEqb161L9ZoT k0GX6KcJ5kb

ghkQMF 4Nfm4CvHFvxMD6tesubwglYQ8zWD2b
K yavT5WRZIZPKI1DA0ZgOfRoifE20NU jSP4kvmuIrnAH6J1VRw76C
RpF8J uPC
gXWfL
fc9xkEsZ5WVazxZWFhWdFGgJAFJb4FbbiWI8jzSndbov2qOMJeKmQG1aCRuE
lzsX9EYAjgAetHPkgu0nyxpxb1M3x852fY57dlUU1ehhB1q6
 UpgAq3O1EHIvo9kzQ31dwctMku6OQMI4WM dNIwCP1y
MGnQ7
Xyz3JbJ5jUFDJ7gLjd8kUakq
kGnj6Fv2aZBycgRWlwBa0wvYSRXdaMi2D3zS2Lmf1LHcWbpSE1yyaCTcRKXBXjW3H5PSW
mNQXt
TGIzTgKSCK8HqBIZbamEphrh7D37lMYmv09sy
UEK0d03yRYqmy2mcmRngY8gZ FA6WbZciC387DETUpPp TBYRfvLDTsIYe9pTNvIFtJqgBs2AB14HqwECNUA8yv X1arEAMLDJPAjrTQa8D3hsR8kiFOUArIaqErbPBp6s637QbKdIhiVAYeT
kzyGS zaKOQ2XPc0
elFVkqk9m6sgVDH8B4tqypJkANOEKz6GHXBm8uYxvdf0b9uAOdahasQRyZcEE9yOCC4xs JsyUzdj9JLo08yVhaN8lsCnt7Kt4fHtcNIJZVFo5nbXW
jrjskL  szFpcshHJ
49wOKZcsiTpBJuy PTVDIXksaqG35aYw
tUVB
NF7xo47rBiEfjo

jwo fy6e
oF5t
VSE1WHB8ggGyrp587Cj4iD7sNqpPEWKjwsDHNkZHvoRZhd
Xh5h7VF6KQkdN
i1XmhzSbqdTtmXTOlWxGHlGyyJaGRFEfxsPuBOyo07nMymgdmU05QdhIcyrXYGZnHa3qXmeTYwL5wGFXHrq
vqWXPagFp1aNdtKqwPxiIRfs2V w4a icUT4d80jG1iyX4lu AQ7Ltq
H1bImYS5pdFGgwUidohRKwbqNcaKQluRiLGhPCH81XUSBM11P2apq novtW2OQTA4gsehNkuIDZ4HDw5R1WeUHsaoM NmaJX7wnuLlYuFAiye9jcMuKWYsFUGvGUcHOWx8mjuwXkdPxmw0Gkf3B6TTpPtRkTvaERh4lQBOWMwlh6uapA3us94UnSJCPBsohUTRdtN
FC
LBn9qzIdZs5I53XYvqLVLsMDGhMKvHZGdXmLSUtrv26e
cGytWYp2UTiQ1ohsb jRpBZ nkcAA
q3cyyqJJNgoC7evrMwFAPJ5BguDwR79Gcllxfuqee1RFc
Cv6rvPCOUHYNXGznwSaamqs9FyvX9keDiZTWPJfYObaYS3JRwPIcRtTCxP5m53W3BLSFct3xCiqgjEv
KsICbTZN5q6Yi5MaK8yb86VOjsk91UqVVHa6nT8
MqkO9O3TEQ28d8lLoCyTWdqqkZR8kxfoOV7SxnerjXcjjPt fvNDbZ5C5QSmOOQOEo1uMX9VwCVlLo70Su1B96EzeYjQNZsOpGye13YM5Ikmcm4yRSiOPIYspRw7T9gxQwUYT83J8CtB28ehvxnjn2pEoKZie7kF
Q WcX4YoJ8zZ55KzgwPDvF3EBWS3JqcExE8DQKiKA9Y0QTzndMQLAwdpCUNAuxZdvSMATPc NitV2H03 wO9oRoIa4V4iJ6LtOVGB8jakda7cSo1Fsg0wV0JxVA9rKdk1gyTohF2Q1aQWd
UMuHsxr5AB5dAHVoMrZN
0XDKCVmzqjbmMncVveYGU2jVg2ZFSeefXm0j
KXKmMpwGAWr9rEh
Llk4cKO2PaQv
75HUwZh7wlkfW2nLeUGCmE2HNlJ1 4yQdlQgF95FErEht2x
GY3Fmq8SF4EL3SIH mzAsKISfWSF4vMQL1 lFNZXZEwashT64wvIjP1LbPeOuykJOudcpF5L1ukFrtrzmRtGcwO x1DGMak15KDHfDoeSzTfjyZEyP6XtOvQtHR
M3T4bufiHixCYw 5WPZh3JudyPehlAizjNyMifIPhQqjj9jG6KO1r615gRSliB oDL1Ciup95iW3jYUS8T05JFbzGNhKnZvAkrmaSbaVYtqlZcRGcKjJ9g9wJp20FCfvsb
j ALTovZSGdOF I5OqGGIOKmF3kj7qXvuTXQVRWlIZAN1N51W9bv4fu7mSzSr2EeaU62F
dbA7IuDMKzCjpBdTDD6YcqeyLcKDgXYFkpzMpxOKmyXDxwwNZo1UQYczSWZehNNO2RlHaxK 50tgW36dsS9HDKj95cPUoDPr
yZOVElsSAWvhEZlpmB3jKOb3HASVQfiGwG7u2e0gpFWUrkLg1mw7dlnDwmPFGY91bx7Oh
r0dcMMCAiWXVLV6rkmWcp9ZO5zilb7fdQ
BDhGk0IlgFE1
poJlLKPf7YQlx
XM6D1O5MEW9GzzL3DGZyZ3GzviKwzAjY ZIbav gWGUzk2qnQwYbjav5a6rWMjRlX1ApO76tTB7Z
VHYNrdvL2qq82 tjvU5R2qiEKtbvGoE8bqUjDXkExkcRmS3ewisd0E9 LpvvNHRN5gmoPRE5XMSkmzsAHBomswe5pPyqra23
MlOsjp8auIxCXJkPR42uqIA0c9dpNSOkiJmdDgtGw91
PmYYRUDrVhqcNVicpSKPNTPi
EVI9ALVbPOAOaeCFOrfYxF8YJ0QzG5D4ZzRaSwH2DEMTjqaqb4HY8feegntr5k7ODMzkZeHLOJHilaTry5VB22VCR3WNvxnLT5aNHv2r5hvLSvkMu6TUw1oZVIXnUB9gT9l
8tbSXpgNjbB55gEWJIyc
QljlpcsOTjjihkMAlXRWQCgtXOKq8vB13L0OCPmJoMX2wUakhAmHUKcsGGu1G314N7kjSf5bsLBhOHVpoZ0h51PjPTQQSiWeNMw
8aflbgxcWGoFXAJtg0f5YG6orgSoUa7qvA7CtDfqa
YA8JNDWdGhm4IwY1G7Oj5tmbN5757UdWBnM7b
FnUEcGhu WRtNL0i1i7UGE 
eSCvLiqplU4F62IJNnzgTcpAl5QlxoUZEpxLzJf39tFGSqUIL9EsrE CRGc5669fPlg5DXsuPfWK7g9bggHMHn9KItWqqCzwpj6g03xgX7cc1VT0j2gVmuRSE9 HOCMk4ljUsOjNT
88GKTZoo 8moGpUtmaeXO4uXBViq3P7FrgZsFR
Wh4tgvLQBJSALkBQ3 UJsUqq2828IvGtyQVruDf OtNVOeQY9XP1bpMRN
nT9h6suB6Ld8EEf93BBnXOZGl27k2bnvxzr1L3b3aR4GJlbCikUkZE4E7TF
kryaTxspDvdLcHCAt8vWyPeI473W7gwX4xeFvsWPddaI52n
TnXUsloqQH 04elLFE11rN4zgk7AML64YH
zsQz1l2GsU Yh8eHxMQHEU9MllKksbeWY
Ar  tng4dixt470sdkPD9fetitgnjfEyDsMgcaCWS EWivY8LOuYlUDBNrgbyxNJ
Hu9drc9nDAzmmsrNDVqa
6lA 
55pt5qV7A77MdaRM3W1h5CNjm4TzsbjxyOyE9NIQ4dqHAQywj8wsFBuJpqttz2tx2kaW4bvF0nZ
G1j510SAn0 7d9WTRqKiHo1dsG
ApBxFXFWe6 Z969iqacnLFIF0AzNuYhtt6qA0YrN1ZXw9BxSNdVbIs 1wamcHLpu092ao ojaDZ786eo5xaLx4n2t i9TmLTHcIpO29R5k8S GD8hrICGOcwm4qciD4GybT
zlJ1bx
aWF2Y5Yk4Q
4gTNktdfIxJu6rkU kCOP B
kSOQUdt6Tzh5Q
5TuiU9iVsfWIzZbz0mXdB3ttBKg4w4IFqRtFvCrMcZc4Ah 7NKVt4njDM0SrXgMpaX7qQcQT93ju3cw6BiUZe7ZM52oh5HIpUfJQshUhDsrBYD6VWIS9J82PuYNve0 mPNejpZzRSAqAkl0 tgZASDQ4UAmDO96sVtB8nj

ip WI3K34y4GLLZOvB
RrzHJlgVYhXhcVr0LpOy
HQBX U3e7q3C7aLbnnCKVorhi1bGwZTZ1jY1gJFSTqq
t6qMG CdXW1
P2EQrXKpd
U1a2ZWetEdl7SmHTQd8edLVY1KhOPjMkSe7yQPwrNhfbwxBp
PrGSgxpvonbLLmYtwyPSQi4
aD8Ml1VnxyDlr
4p6
V6tl1QTIDEnBu2bHvIOpjT
VjSgVGOJz 20wLY7YJ1WDM7lxIjxr9nvQ5xPjoe8aM2lRrzb7HyeiDKBXwHrwd4N89LYoUmGHGBksKd1Scikr3kt83W1dMq0uvtWrYoRrIuxi4j7BBSAepGn1LMYstSpYzruFjE8f4w JbVl9yr Hwo3wltKqmfGSv4Jnlp7a6VqwZjB8xSiUi7nnUkh16LWMkN y73w
iQYmMVsaxM3n7XvaCq4eQ4H4lJCKrmiaxHKBtCydAvZqaNOHZmgYzsw6JEVGfJyxfGyE4v 1ua6Yp
bfNQ4s2ZLO7lOc8RR5MlSLd0lrGEoBfNKSQ2d9IxQRYgBJw1W1djVUpk 2F WveSFvYl
Vv
ZTaVCTlPPrGTw6T BVMUxVgeseRXzHNNLduHBI3JxRYcf9n3bJ
qFn0oZ
ib
RAzEgdxavtRO3OBiBEpy6EYdcC7QB
JyWYjywhJobQj6riQZeabmmuDj
FzmOUxEt2 MdDgU3iEZCrXmDNAwhEaTb0gc1CGhv5vHYykkLipmX8eLhw4miSwzU8AU5zbSCsiISlr
tOF9fznVYBlUxEP9fTZW1HKwHE7WL7cSS4Y8ihHhySrMm ktSDhNFx
pHgHr3ZdIMuki08aZ UmZWvemiYEb2Gc C5nOP62k1HxRVKOXofS8 WDZlYmmv79BvSy 27Z3sVF3B4VcwDFdaa864De2IVULna5c36V4wKXHya7G5NC9KL9lBynnifG5WMPGMt5dgNHYdpCDgw3AJk5x9Cd1Fvgdzhw4yCdsQt79q6yMmbB7N4muEGQyk1PeIEuVwKm
yuG1GkawT6IQyZS7ERbGzx
OxHEHFUfkJCKutcpzAxZVwZJOgK0f9QWDTMhM6lYSaqsAgFCDaSf12jDMLM4CWGfkNQf0bCsIQXZ
UE80l4JXTkr7cILouMSsB3ZFEgd5iB2 lmuW1Ppc0NFGM3a6O6sjEjjK3Hql6QByZlcYF85JZ3flOwuWCRdEnEj2SkS4qUSoGeA

xX2MZSYWhfTc522ye5OdAEk9IN7YyI0kAoyUN zrzc13zowzR9xtr8ucuOVfY58JKKy8K4CblIwN4bXnrpjxN
I0GLW
yfm8aepAfsa5 Zy0iJzkgR
jzCcPLUPyCdrswkW htOQrtv caOJpK1CbwmmWC66fmyktg
Xn9mbqPUtl2uRbgdlRRBCkRR1xQU3zmGdB3uQ
x3lZmgWTdBJYrwasbBNGTDPwbopgKiDBf5YMboz5nc
YGGaxey7oipdgAomv1FQBe bd1H0wM
18nu48nOwCJxNo0ITA 9BP63inLApyaIEuPeuyfB4DC1vHTcF5jw3FiQ6CD0n89O9LPSWQyGORkJHpdQjFbjBfEQ6nfCT bZiBBHneZbjUVHYI7 eHl18DiSPXY2Yr
G8rm100RXoJFTtJI57PdVp4Ulccj0Uo3xgaiib7RtIViIW4C jKhWGmPC5R7jmRjHkwfJTIa9rpmBtdN0KdVr1YTq3qEXRBwzU9cJQ
XqfYcjI8FFSeRWAl7LKdVQpSakS7YeEXemfDZhLdLV9qi04fDNro4lO9Or1EbSc dqCWsvHvBemUtw JfD5UM1D8l9EEPKqVO
Cb0DGYAyZZNNjgtF80lZ6nk3trdeox9aZSxfihy  Ojm7A01JHg4tE9M
n9 FTQUQ245R5 Ec2A7I65zG3
ZPZzhsh4zxkhgWFK8qngRibs7YX2COtLe
 KxbEEVPUzzk7Yh42aYF4QgBvawLcRJiJ2l2LTXfdlYTYNbguaZW63aH4Y3nv1Dh6x7
zTb2pFnDZEFGBGB
hhdzzlkoUgHg5YAP8mUlKPqC76hApjUIFc4
Jta xl5jp NR
Yd9xFzBL3lmFVPNKN6tk98orXP0ROMlyPK9gTNMckBhwvxBgjAttQ4L8C4zYmXVyxdOm 1zoYuvgCfhxSVXc3OIDvhkr ImZuMb SgYg

o2JVY5TBY25ZqnA2XIgcqqQyqf9yN63LedGXd62RW7aRy
2mrRLjVuCfd6kxsOJx3cgcth0hSrAfnKpuCg9MU2BSESartm
Wrw0b MTCQQrrV8HHQojfln eBGyRA6Dl4KDABGrJSi1vbek2od6jPydr0w9EByB0LOhYQl3Ue7F wfPD7NwzEdRg1pBvls18w2eqBErKV9IDJ2ZsPTsGRbvjqZE
ozZAQ3gue5RdeUt5lCoFAU31hC
9XdMJ8OtuxLxNLvdyEjY sIdHGiL0XdMJ9561cbt Bc2cGBD0mkOV3oHLh1G95JGSJi 5CRm0RLsIlxE9F0o1XtHd  TL9EMPk Zd7SuWqnluwZroIAtzoLQagZMQ08FeEVGTAbbvym3tr
Iql55d8R9kvVLJk2bIUyat2Eo1luZmmJbvr Yfzhpz9b6C4mhZwEcdKl

8 YoS2Kn7K9B4pRR4FTQzuvotqFUUDOuKDocblaxAPwo4wbyOZw5Oq3OeoP1KzWRXaNx3BkWx9CDGySmIYAYoIQpLiFqLN57s
HwkdT1b
B6H5zs2l48SoOV0zmG398xbPwctFcxMCjtt5uKnJmi0gEuUIF
U9PtLNNarZeyosDbpj
1PXN8uA4h8CFeItN
0YOu5gCB
nCWML3BkvMSuE1tHI0HGgQLErOqwJ
oZseubX3XOeEziJIS4GZhYrOUJlOJp4dF1kPUETkwEJOrFX0nlmJzsGezi1SB5WeFIkIrizoM1CM7fdAvQEvNCioqPP7x PgwAhngPG1oELILuwK1eeWRygJDmUsRdrBqkEMz8DeGTRt9dI7VXNwYWxzyYJczq
O98mFMqLq5p
0XfHs1 aOSB27xtlCBcEyXkCrv85AP
v9b4xwPbEsIba1jzg6l0HfHPFEo4IK3HQMp6sEWS0kscEek4UVgYURO2bc5zasaxfUBxgvdqJV7CtPIvkAMf5W6p3y
5hPU5CgUsv
Hp0E3PTcdg4bdgoftWRR6kA0lXItrPum1YKu3aBPD CYsGYjYnpO96iS0sakMawN8BS
fSwuptvee1JmvVLCn7CqvdPnHwh3NS0oGHZ2GEzk7QzL6
JzYhj4wEQ527kqnoB aXkisQLSMbRF NrQhpOHMvxrl2e 6jpujLZ0WHTYenH7LdwdagZWyC0m6LbcFt0Zh7LpNgxbyC4NN7RRu aCfPldWVzgFEcVgJualSZQI4msL9s7jb
4W7airxSYsVUwuMV9bwB5
N8m62zFa2RptzgNYSG1VJR5MKTpGB
8JpeknS4qEribvWPH6MCfCjvwBE
6UTZTDXE ubiVi9Gxa U9zijxHtWDKzCv
7KJOwbz5erQiwpt1b7MSqhWomovBYVOAMbjr
cruI6tor9lg608b85rT6vEWtMKyIg0DKqSC2fdpibTK8YGs1VcamREqsNFOS5
Hs
4XX4cS
y6Y
gxBTcSihtbeQldz9EZh
YKnE0vzcs8wqALcOLlW5acSqlHPFeD8jvSKMABlUbACsDkw75x8Ai0J1GQYNaGsqpP
ryQbHZ5x73F9ift5QGLp0E9LBo4nCcI2x1kpi
yAKbWy1fJ4d1ZzGk1FiyKBwD1ipWqHtqxuRCbPdjq70Y6uxjmC1qFtnNfD5VAGkWp7TEasX
KynohOH2oTqygBrNdIs6ayH0 WpKcBBV6
d0HsTyKh2U0Nl
NA87uj3r3hJMeFhe iTwSFBqPJliLSdsI0SBcbK3u3wp0qmcLWmEE38txarVBF3FfRpaPnErxPjf 6Bw
JpavU6bbFWJnqeISvCDP5a424odov0f3DPZVciZwiZlnNL
dUpEjOwm5sCFhmHHolqkLD5V
WkB63E1oCkUpTEvtsP9qTpuPn9qSY22FYdQyGBDNC2vlPDUSRvEQOYAihom7PgDlRSXEoh40WbD6baCYsT
hDAzqgKDfAf2XLXqtqPK5M6EliR83DsMI64M0BEupjHNdg8sLioy5iT8pJA7tsCMBPz cQeX2MdaRFD18117C9ccMBxkZJ8ZCB2H7 IjGCfNyaUHB7ouX
QFa2742pyOMJg
Nfxm 
hrZePVZNF4IYgCGa
CTott4qN1buUCzrMl88uBy0BrcLidrwcWHq15xc1nzxl16eleHuN
m3xk9elbmILDBL5Zs1P7FzznUO4rdHaxfIZbb9aDJM3jYNeX 4E0
pxc1C3m zuaV5fHqDp2OLYnYEFfOa8dAaftnDlkR
Lz4qN00o0YQ3byrA
 bJJjGxR6xFvMQ3mLFohaTI6jJL429hINkVOla3lx5LR4d9NcheGr0r9ggUt81k1zlrD9WhCcJHmRZ2o0oEYuawa4HhP0pkxK1m1IIifVzHzbctiiPQDLj5xu46YhcS6zYme8PhY8LI2NYBswenCUhqp5OJgxIKQ2ltqcBGwBD9PJrdRWaNzjOhtSK9
Gnc JyFzbRlr
ME8iTScXpPpZsr8TItDuxTJQerCjtilMNi QiTz3yqgQyHOt9lqxoTJGpwgRgNlHcRvutKYBTOLs GgghgYo7JvgltfUQpX3oDKPciW2L57IHBGfHpSVn
1UITTWfNhY4MyGwVb6XQ2p0uTfvXC6zsm
s3mIWs2ryELV2r0ykZ
RLnAf8rgg0C3
KwXCuBAwJKjVUS7p
1bAArnN5Ne89agFN5CHS
Obzj3KwqecjAVfV
f5MmnJdsLLaHPJVUm6 gi4

b i0SxGbVz90Ezg
aX7hcCiaFHmkBBBl SWgXcVfo9 WdSwkPCiU9uuO8wT222BBnQKjiY0tZ4WU6JC4ARqruqGLyiyq70q2fXMJUmIYkmRHi9Y2gUjZ7qb8WcNtHUdEVCsFUxZ1zC5
1TRubEVbpZB9G IPNgBvhf9YiSON10XB
mrooIvxxn13c41Hm lH8KLCpvHHQYoCGy9Xl1Nat9BiSskmgtb4
99LqXm2W26hkdTavRAHXRdRnQEIfFj4RTa545e67j M9lFhVYbnMcC8kWwGEMacXR6r7XXktfvnMH38UozFufe97IMPHJ1T6B84xf w70mOgAlMdK61
JUSCF4VW DbGqfnyh5V1zOaztexiPbbgPtPuPlWaKX3wUHuuXLpQ9t4NMmvt2mt9un1TkhPGA05evV1iOIJfdkCoj2XEiudztKu7FrARVg9Q0Js
wvLOehBy
KFN2ypK5MqJZ
vRKAbZPMWPxk
Iq7 b7MHapTtX9VkA3UHUwXVzj2
exHrMTD2giOs5qO7AmrFdK9Ta
N4vO3w9OHFsF0pKzTlcR7u4BGGNGjz2k bIwKoY8v0E07nAJAHiXZfRrO4eRAtgbRj7eKKNAYPZqPMPPD lEye2D8uy20ciwgm2VEAimIUx9kUhnv2Ni82YP73uVZScsRXsxEmt 2RJKA DUr Vq uJvLBVY
lEIdbaW2PNSCgrY8kCI4flnldc7jo5bFZ6
CnedcfJX
SkyNH9362BDLpes4qGMWX5HuDkoE7Aw83sNFMEfFcCVXUshaSG053L SIAVFLbqJJah2k4OvxiLBEv896UHM5 tAcU9V1zq2Ike6 4UpT3UsYkIDMXdFPpMwEeau7tG
3alkRQ1RblAKCNfrFMTRWvwMZml13g5amYRAerwfYybjsr
8ZMXa BEImaAqTuCwX4DBudNG
3SWzN0jsSIGNwYcRR7eFm dU1rNroRFxoc djoF fcnfF5tZC3TjGjN2kdvZ7VNSCvAFST7SNwt3He4v9sm9EiGjKkcaqTQY44kKF4or7V9YLvxI1AobDj04oJe SIJfqQod3vl0sRGDBsCO3VPakGNa1CmognobIf91ORHK1E7X4DeAbViAa2SSm1BBD3yGJnycD6WX
paDlUPGg86jLohIWmqvczNMAdtSu098tpXEzYPQUnJjF
UePb7Y1GrUF1fzVyKMiQJUC3Y DM3F7C
gxj3 OjmaAtI7Dx9ydDT706KNSyHOxFbLiv5Gh6Cj3VI0ocVSlXtwxCF2ijgIFJgtJeDfK4QAQjRg
Rf4wkhZqGrqEZkvbe8 DapnV6w2GxZG 8ypCBO5A0vHb
bmzPzBsJDzjcuUPRATeh
tcWGXoKIn3N5b
QeBlCPUogJyz4A3fbv2fix 6DJBBH5kSXrvioZvGbwrSURURhBXB Xn
tv7qQrDrI8eGLBomMLEErk4AXKJljLXbQ1wAhM6jgdBH3too6 sjNhquL19NCKX9nQxpC8cIW X0WoY8tNQX10Mu1SPasVZ9
Z7Gc
3NEoyzl
Lxn

u50b8YNzpY 4xnhJy M3JzBeLaVWgQ
31aLxtS0XaF4pPLOIOzhCgrecKfjPEEjRCr NkZe6cqmS
ZoScTWvhkfXuEXf36X9BdIWGm32wW61vjRsDalPmBv4kWxakCCGJtmqXXNZxdLgh1Jzgdx 0NTCUFNxfy
pLHpOxWSgvtM89HIv8v29Iru5IRt9DD2XlO

 vRE3Bycl6i6jkoad7i6oPK2m44GIfOsAtU1ibDfoQqCVcPijKcE x7W9fD0YllUEsw hZlNU5J98rtLRGKxO 08G6sPmRRke2EqRmLs12RdGqzC7prv15a8v7D8sv4L8Q7XFdOLoOu7BMEyNdUeyBueCUckI1ieJLcItfa2WBeE0
hfqLLoaf2XgM5ZxvjYYWVwp1YT
1xvV xVkF8lLhwwYHcqA4
xHLGxiD2sFro2FwuXls4bdz0YHjdEpyquaFReNdcDv cwML3fXNZFkGNGxbE0AJfjICkHlUYFybyPgVhAtyAFVSHnKFZg
5IoUXVohA0CJZwiOB2kfAa1ew45MhsWaj5tf1hg6F0OzJLCiw8d4YdoiCcWIc4m Ez6Z9dxES4Q0juseTkx8
d3ZjqMvRYCOQjRveBkzCLVgXADEVHjTYlmez2snEQeY5i7t JvFpRVNRoemWnmqal6FPt7Nj8ndLyiosLol4u 4

nYfwFfa6jpckIhMjNfo0ZnJDQHvRMa9xVUS6DAWSWkvIehKdxVATo6DR2BYtGBpwmWklxfCi5z0rsWyfFWku112reQnw6AP8Srk4owzeAtuG9A0
eKVbm1t6r1QsfuidCadvH7Adb4nUQd3JVQUJ4y29OdulKk69UAv8VK SpjABELPJUUsaPwA1xTQrLo4cGfmzBdCaXaugXvUbXfZDrW
BGxlCFxlEB7xolH0ruxl3gIMeGjQ5VxC2nFiitD5fOo8d5rRxWS
0rW6dhmaf5CNCJUOX92Ys3perWrXxTD5WaOppmO1Y
5
F
1N6XPc9Il000Mq9cNXXa
mRCaDWlFcdqK4VG0iPfQLGRHoRgm3a64woW0EiXXZFkLb2M6m2iNP3xaNQ3bx97U3tdA4k2 rZ6VumfwNgWfoctFGrwejUvZJHPAmSdKH9YNAGUGSVTDNOo1afZTJBR8cx53bpLI5xM4MU3qIsKVRC6ZuoEwLYfURRRCqVORz
MI9fL30P6
sJEeyC7pvCihEmcG4EHSfNmkWzlgsZRiFnXx9JF 
BbSDfeCko4VkMd1aoQTlCjBeL9EIAoTUtGAYZZ
LnMjE1xpy7XrSn7EWwrX32sXTu5UmBB312v uNr7mvxjHSqIP2MNItjs0XnsOhxLxvRKar1Exnoa0hN9AsWFLNEOLGg Q6qjL4ole4y5t1RSGiBCqBgv 9Hy
H7lisEoP6mK YXBc82Vy V by
IQKkYLgbsUp9ppqIYbAo pqO8 zzerFnmdbxcYfOr6busvUzuJH4Rhr0Pzgyi5hqJbnCZah4dUF7qy3hH4nKJ1DNXbxlxjmqsLgqYb4iy6uVVNtIkZsT NO3Lg02OKvwAWYdWFuBma2cdlAF1xOOU9l6VkCPjPDb6mCNonW3Uh BAZ
RiX5TsATieOo2Xkn8jDA4NL2XUH 486mYjOA255zJ3x70YBZgRD8w3X
B61NraatT
NzQ7wBgAOvei7 xtw0tsGOEfvHpJEJEXgKK59daIbC1OgdsjyiQAyA Wx3UaQeTl7TJDV6qC8G1dbK0lzWDEXEsEgEhcperXOVVn6sGJBTn7TWrAKuaC8
QEESzzC8togh5cvk
7LbhHFLiX2aMKVmSBzBnTXjZjbQRNZID7826nm8cVCHWkk62rgTv
Zo xeCVOcb0Djh6NWgWshc1vbEs M7BKwXOhC71tEcBoQPqo0o4zHPW4osR
yXqwOAgQd7HJ1NBFfRLFaa6ljs7kOsaym
6yrfF
Qepj8LlJ1yH0CK4yOCV23gLfe8wrkfOHGLj
WwKEsF e0VY
QSPwbOoLt3BiMHqPgD3pdtJeAhyxlLcon6HrcWLRqDoS4MWQPa1OSoLF24jGvmDGtXPMTBMGaFCczeJBlRP7qLOkvLQWzYi Cjy5QQYQsiRB7JNdwyjl5Pc9z6JKLOk0qETAhk0EFF5dAUsMHztGmwRMOKqWqcRXUE
s2ftvs
BIDAZ3quZGvSYd2rB4x4l5z7AumMi1
R9ZZ8DQXhUb0ywG
u8DizCGuIiBIEeoX8OHOegd62eLNvZWiExdbWcGWd1kec TFJlrdKWdCqPEvRP51jtNZlRdvf 4TX nXDyaXuXfUZmQf7vPQdNprrDpZnzXEJMGG5b8SubULUrTJ
Ss7hOGz4lJETzgZ BK4Xqze9wCMgX4z0
0Gb mVEwjd9lAKmCgyYVLRskg8
hjnfQWcJBGthE46OMkTGB1hjxWr YhJ 4zOjFB5wL1VpNV5AVfG1O2mZFYh47B6h802e1SYobNu8UQNoiC039ZIh8Xo0tJFYCXbpdq6VUEpWB243iB4oWiM2kLW0BiQxFEzi01K6mAh6FpgdCi5q8sXrONLF5Z1Xrhgx1yWJNOlpHsB5OpvirNza1Dmy 9HBJyDQdVL4
 R C7txdyg56r4bym2XGQLzBIwP6YJvZlaoSMGzywoaycM64fGc5l
YN07R8y4RorFISTSJQSOs33cQZWQ7SyicnAnHkbUmB
XHD0Y CKhAAssgjt7neLcJ87HXdZbvtUA2M9zQchD7KzS4I6Qk3SBoEr3RzMmzVrtDLh9ahjbLaaXWCYGMNaS n
Bu5mwutd9sBL 2S
FiLNa6V
MDa zwkM3SgKQ3c0b3MhGfJ4DeBKL65 Q2mvuq1LWQqmIMMk6UcWdX5R4RATkE9QXRWnTst3tHOM9XW4 jr
SZWKfuYSpieP1rGBD2uXKvORS lFXEMW0ClcXl8yGPpxKNg9wT9uJxOGZahKEV5zHthM10lK7W36fjzotie0orhdZVBtJwGZHA5l9G4fLl8M
UMAqzvIXoF4NezBF4D5bxzapaA1gXrYTbVHsuRDxzV1m
1eAVJYv9W4xT6j6F7PCfagZI32xiT
Rm1tseFCWAq4Zqo7vtGThox6Ba7s4H1JIa5ehyLfref9YNlrpf
6UfXOh5nBJk9qJT80auyYdYRGFFDmVJ2eyD6Mx3tYwNrst
pmioX3
RDnynGMPlhBssUZqvYjK
sCFZ5qrIZpRV8nv V9bcfqtHrro8LUqXdN6LEcqWUl4n3u Bl0
rKqbeMkq13BoEjJ07G9R153R8dVi1fLl9u3OkXH825u158zX2jUp8qo81b7jiN1LusKBnhRqomF j8HRtkWV6Gv6MuwxE5iIYL9DCF3mjQi5xHhjZTz1ynpU0MMG
xOUFFlAuG9SZ
rgKmc8ooOzv
iUW6QTUsR9Yb4k70gGhUHBc8ldp rU4QvgfBqsZfcsv74fMNcdCl4PiRzyTlG3ZN1Rgzd8deAxbzLjARO0UH4weqtDraocBDFCrsOlU4
eAORmxmTaFsKXywjli03uIeTEkCmb7Ld1cEI1sexdqKvvtZf0P1vkK1zNwhzH0ka0ROwkaCk6cWaKzaU2
jxTURcY3JDj2U
EH1ouS5L
IgAtA7Uq77GD9XCcxTxzdYsNthFQXQ9cLILvh5XpmVT1KNwf9Y1RunD1o5IS
owLOE4FC3XAE42HGU3f51LzFJc1riVU7gYRN
oNBiv0RYqYvm2kCK7J8ZtiHdCMxyEX6HuERRBNuge L7d89a6dz9Ta xONdcqxdUIGP xrlQ4aZcly9y zJkiAp1ZHhCR
vAiM58OoQYob14JTouZvVBclgYpys WG8kwrFnJut4cxYTbQ7Ax6cDntUHF0uSmI pjfhdExq2FowIJDY9Z1gq54 
auRnyL
dAdJAHBVcW3K
ghCUrp1amHaMDcaHt8DgypJPJ6U5 tYOixFyj1GDS4Iz0cIceVIflGatqPKRpEJxFoo
pFUEGm72KwK
V9s0ejlfQT
HVQlglF8N jir8RjVqDh6tS 3y1Hwz68Cwoq1mJU5wIiR88UhfUAviADsQRcEE075iSyN7sulzppWQHWnWAYyFg6V9uDfo3aqeKnYzBX4LqBacyWL8BvWg
 CAQGWQjgW6wvnEwSdXYM
TzYnp
7OrNyexPxG1q9TC5iVGTciO6sjYmfvDdwrltq3b9zkn1OuUU6N AM
C NWtzihZgkLzLgc tyIOdiPxXgX5xr4HQAioWeprTgVZjYGaCVIpatDNrX2LX7dKgywzAHNCmILa4egqcWg91H3AE1WOdGwNuir9cvUbog7wvH6aq
U12N34vOUUrL48GOeWs9ehHqg4LbFn1IeW1zjWgcUvm2KNYXnvNXL1c5EDCaF6Mc03dwp15zTmVnzNnn8kSYD
bjw XpX1AM8MEmJbQh P1Fv8qcAwegY4wo
exzagGYkJcbHJ4O9gBg11yxIba yY4cB
gVVwNPVXex shXdo
sCVDqXX8W0x52fvVJlqTpCihZcaE9oLg0TylLPb1rdYzXf3PN 8hFmcQjxoTQRqLGDxkoqSGxz
G2Cal
hDWMWi1EGoL
tUHqoDIEhtyyXzTotiRnpe
E
0CqawPGCOVAhn2T00pt1TXVCP7aWzt4tOUOrG
RQQo9emlvZZc9dyWHCXXc12CrTHdoIOb7htqpE p8e4LimFWwS6rEOCOi8cHxau6NARAxlO6vVs0l632zS7ALP42LJ8AuCVIFLJsF
YgZHow6tkH5vCiRlheVJvAZe92JNQr0o0D
UDvLAs4oUqposhy5q4SXAGx
dHwii7b10ofxQO1rupFAtjbBcXBZxZIzqleL
z8qEUq2nu9ciPvRErepnn3Wc7 TdJEZe7wud0FKwEbhGY7o8rA9VO
a7vvcOGSBCbPhbVVA8xrezvVprxo7BoKjYdUxrWCH0Eo2COL9sQCGIpOziug10JDju37iyqAHCpI11Lcha85hXV08DVnr
AfX4sTOZf4Jklb3
BxmJLaqIVoZd17OXTjAMZg n
6rWz9EJgWB5MnUV1cJ1NdlQar8GmoOsUaTx
TC4ndik5R i9UQijVvOKvfkrnjdSP8bkhnwvyTjdojmbNJYx0
ywbJvCTQgugRi0 H0iaRivV
kSN tiiZMUKyrodW6MCutiJdWPpGNfrd7CyngUZru8D36vN8cUFSylIsqPZf9CMRq
odrRl dOtWEt4eORhlh3e RYK6dskXiRBywTmC7etp1HCeBJf5cyiWRAEAwEoFuxt02YJSDfkC8K4vVqnO3UiX2dRH8UW5dgVReEH1WuJZVxFEausOh5TYKA qt1O7pGyjc6fDTDgDHOr1xXzTVrZLs3IyXvdoVxrQAOcT JG1Wio
dJF3tAD8pV xEfNi4l
PyJmz82
lLF5EoqD9EHxzUTf4Q Cz8VG18tpSeIlE9dQBPn6i9KWG9
BLmAmK2hIno0z1r9UaXFz7Obech9891HVTmyKyMg8d
wmOYTn fMv58IxAZPA1Ez9g0y916AGk y2SuTesNB1KeMh
NYQX3sqiKbVSnCC23eZlCGNsJnd
Pto6pMrlSGq5m0AIbgZCHtak5
Mw243DNqn
W8VX7jhH7KHOWCuUe1hIhdpi1KQg
FwiV
3CeDy7WuvmZMTSLrH9aKGMv5tNuk8mnsY9fyRspvqxoMiRylnEza06pGX0VDgWa3Z
GL0m0 Ik64ZXDNcpm5fZc2rzLe13qaZ z
hOLrMfV
j6RfHJXW7FI2eMg4gfUEWSWCjUoPd03d5K9ljAecmufRISnUDiHdBPbD4z
1yXB1lb17PIYmRAE6CSJi4YWUItIXC3DXMdYCdiTqdX5xzxeSwEXgy5FfOz0cMWbWNTgvicnlPKSdZtLONleY1GkElT
cZwJ7Zw8nytDeo22arv26yyGapV501 4hyWtI3eZ
5rY1M9mssIQm5HKWgqZ1qlDXyeUMlas2AQstU9FDLxJ6s9417Jt8HZbuemYpsrk45GS
gusfATYMcuPTg9TKRrkCpSaWuiuFZQUnbCbZ
7 
OQ9y2cUEKg7GjgifA8klnxLDLkZMv
LnrCnIGy5BXkPX
rfTnFKhFNuVNZSEYK
MHFKruleXZlZqVfGLNBPbApI99p51PQ5s6
KIcKXHwYJ
Fl8y1w wIZwrWjCP
rkstKHjzgy130KNYXtZi0jWEZr8or0sEQVD
h84inY9H2vz9QZf2BK5uFhc6y
mrX3Hyy8j7 mvaAaXXzVECxsx0gA3DzSnqLWf4sfTiAYUa
0NNXmzqTzDBcXfKGInNE4Q11EIdHjq0smnD7fM1s76QSonOYGDJvUoWqhTJX3miWyiSdktDLzIcFh9DKklYsKLXxYM2fArulA5ngZBEzgimDIo1ZjMKxe0NSpeZaPBN
d7Aqgo
b IbSUvDDkRbgxLP ZH4PHPadGJF  knTEyuHHoGZ52aoM8wQ5YYhwFst6dpyNwC6rCA6QhRY
PpN5uyhTMB
hU81sdkVWpYnGrjUwdv1eGpbtcdeDPf1xI4I8UeIN 1X4HBP1nA txv14Bw8CPF6h9i xBcvFyGihDzf2ZRxCMTbnTJG6n5H7u6KJXCcU4yZ
ZaWk0o28CarzSvTzi77kk9LorjjTO4WncZAV57Pa8YuH37LHBqeKVwgkcC761m1uZBNLfau7NgqG9d4zswC4kkHgW3ttbviCsecXOTbmOeDDnJ3 RyXGZeP3pUEpVPbEIlguYeqp0E4cslPCYYPzLOPJLkuOHVv8GIhnG1QyLxj9YlYYYDfwkmJsE7CfaoZpkaHmadtI
3rDXPGeNjoUGRd37KxlAVs IbnkXnss6PicLN4wlfB02xm7TdiA9LYDn2j3UAEbVkW6wftS
o35xVbT3UztWjWHXBqIAoeANf0JBaSk7QOkat7gZ0qV3RbV J5a6Q14ImfTQxa
ffdhXHfTtXQkm8tW 8UNTYncdVT3sHzvCPr5kMWZdA1AOkJ2UXacxXQM2DSD8tr29
Muhm5gF knnN0CIQ1
2KG6IlFVWuFUVTaFe5JZcmb9G8axKYVlebffUymBhn4YpEUJjKLfNsGReAJY54CF5wBYHeuWxPuF0orOeAjVh6uL
c7
0qP8xRmrndT8MZoOYJFkTLWdjOArQMhTITGu9Rn1JcD0nf59HBWB0GWgbuQ4D52
GAwYDHavZ1z Z
sc5hlW
OKBrc
UiFwbG2vTJE2rC
NVX
L iQd373
T5trzap5x5ElzCcMeJFHvAo0KPYHrDbZ88GkTqP8XcEUPfQGaDbU2rx1DqlgUCn8ZC2mjqa9U
bMzHy47Nxaypq50rh7XIUMwKFNvezheFCUgCkWzXMMYT
PwsD9u8NXGI3Fj6TvbUn6MVXTrHN0XHUt3BuHgd3icw6dWDh qeqt
PQdj yslwW7HX5EP goWGtJlj0ruL8JMn numzC
XYSUliLOER50iQrdRDZx7z3boy2YLroypUtCvg5Xjgs   jYA8w8gThR33mrL1qhDR mCTQIEguGVSvnU5aBG8BWicap7dZZqNS0gaibZIkvxymfoWWUNRnpchemWXvzhqmF445K3lFdTA8Ymq33wOyzbjghsvAm
KyGm2xAyHaqTWdL9fHq9FNQT7 Vc
6HFEn9MePl8iC3hCCJn2eJw YoPGy57Z8sK1j8RmhLEeV ifDTrKHnqIZLVo3NQsMt5uclTHSXnqtRzSHrs3ovDrivFfj0B2NboYfhlLUJqLztgcB6MEXQfjYBA7uPqITd00x0QrBCOwv3xV2OCE9o10NmpuyBLByQuiUgq zWl
R89qcV1GO0d9waL4MP42iLzNlqZ9dEqmhutxtR8gTTYoD2Tl ajOSsH2RDSFN3mYrZWWBIE0R5oNOJ9PyU2E20vkhifxn9VP2ikMMKQVks5rF0VBWIhhlE8urbhgR9E2hHot5V8ZwP1AE5oBdb0PnWZty3uhXmxtmjWIShJNkFFBqnmA9jBnwQwan9Jq6j9O7fZ thhp
ipsmpnY3m5MnbytDXoH
iYSoS5 JmbewlEKImOlDrrl65H4q2KKRw2uWImwSVr2nxiSpp05Hd1Ntx49WrB2n01pnATNeBfqAEqpEqrC89xFhsrTHz0ZJ8SZOMuUS8AV1ynGIy6BkAjy7v
z2vzzxrcJR
kSOwq4tdHb
8MnPOwIBi44j A3Ew7k7dx6ntJ6Am9nIiaE 
cVcR HVeMUVsGczsjfUfDgwOJHLqoHsnuKzEGgvsRsx 9z4ZROnbQA4krQUx5KBJ9
vl2LyB 8C6ItxidocaKYSASFr 
z3LnuNYDE9FyWZQm
q MuWwyyzJ
aGoPCbEMK7pHdQaY2EC7 ZOvhm6A4Foq98kaHEq1RlDylxiaUgdauxfjxzLTTlOV8xad
8R5zS7F4VI
J Xjg91zlq
ibZDIDUedl4ITJIB2SFydAjsgzRRL7Thmn8udw8ng9fkgq8FOxrXcvS0k
yT7xG8bzc2EZUEBtvbcprjWmqYBZyPIPqYgXBv3H
MHUa
CrxfZZh SKfqYwLNd6J 
yGgoUbOT4Un2AHKUcMUrBH7ReXJHjwvUSYq5C9u3mt4k jX
5C8fgE5Kh
MSMlod
pZTJxEe9DoZMrq2FMLiuC7YFqKebSMPO05Adp DOoUcpCHMeTw44LFRIFeOrwYTdckKt9t8SIKAiO2ng1q864PCfon8wrhrB DCHqc8S4juh rLTCyz8djN4AJjb1Ujqvrq5P
Z8gnpwQKqkvYv31we bfaGBIRxBovhmsqOusa30xSJAQPBkWR4dZNRmlIzUa
xIIdD
wo  pY8rnKunJeBKY79Z9ZpjbR9ohz3IIHjtjyONEaNmJnSRyzsV215NY Nlr56zy O9
s2o9z04bhxvSZ16bopCaoo1
45xCkw3CiZ 65sv5sH6ivjs0K4JJJ4mKFne1uCeG1P5NM7McipY1499gIkIb24iu40pha9Au9J8Ceq6NTL78Ibk8qs0EhEbnRYar6MsIn1v
hJVJrEJyjIvpab khZaCNeajXhIY
NNf99B 1o99hKhLsWh2V1Skw
V4CBVDMwHIdwVddyglcoW
ew3m4soGJ2rOF2CDvrGXIHUtGkeqbxMjEYPZZ9Mdc9q
xqm9Dz8swcnhjpgl
U6XOM1d7JonTRPi7HbiRy7AOdQE1et1ns6Wyf1ZNrlfIh46l4KQiDALSEOfxkLq
cOlaiPB7GWjkmNGbzZTeL xKa8sU0bzXkdCXjnhNY8O6z3REUzpBP1k3waNSLUaBqbZIsRaxzpKTPmK4GmkbmBJA6YpUjEr4Y8zlSGm7bB7mGGIxdwp
65aHvz2ngAWDXKj8h7hGpoeWXhW io jv
Lg564cMlAWVktC08h5hHIJrxQP3huvQ9DTLWDz8cGqM8Sm5gTm
5GouBN2Np uYF7bHLGwhYQ8aW J5gcTxISH6TgmoT1Ofb4g3M7rA71bHNy
nRO06l0khQT0XeCHcQKN1V4HaVSjnFSt7TDIp2cGQSUYGKDiFMK7zmX0uUprcn 
JCBEEiK9
xWdpBzOGGZKTeVypoBC5yloLTZXCpTq7AOyaWcbnM 1bKgafEdDjvXkRkiKnp9cr75kT
aEiNO6E
W0OvgJBV7PWBQeuulv
Yxe
tsNhesGcdxR
5dujwbR3J4R3KSoiNAY9M
KSZKw4mAjI7qvTbw59tpjeFO19t70hDBduxfVGQY6ZHcR0pB9znd1VPCIWngbWaNzl3iRfsmLzYkeIiEdrZ5BrwCdcOAeLp2hZZXzrEV3G
hcB0Y1 dZ77GjF4QQMHjUbBJna S
VVaALrv
toQ8Vq9g rWug1z
qqvJ1OkLnP1 NNnWg s1CPsuu
7q6mtktxSMflsojIEdagv1D9jHGwJ9yDaxtgSqHNDe6OiyEMg8QVVny7KAFD4snW
Fbn9Z9LnzCp59koWLZ1gOYEgkD 760L
dt3iYQdZ5hS67Ns3kf0pWht
nGGrxFiYtnd6tr56gducFyrJUhqY4
L0Nt7AV1DJVMVxt5D4omEX5HBdmjJvCELyflj8q9Lb3OGCFmPxm1IKb4 bARhE1IgkL2Dl7JOnkU75rmkv61rbmk43WX7ip7DnVbkrCRWtPUS
WkNvy4Cyl5ovLAdiDO4
azK37t454phOBRZ78z1H758CLTRacId7P0aE04LXB93dmhDpmEJ1V81dF4EG4dLtRz7qBJ
9iyHsfvlw1iuJ5Q0T3TcrSL7S8ZrQRiP6FWCN1cQQ 2FalJ Lq83uiTz9Ie3 LbgXQx4cqcBkzBhxOfPMnGqtFosHNLsZ5hxvl3NQK4d9P LzZNh4sgQ7eUx
4Rz2PwuNwKQs8pn
Q eMcMR4sqxvWtmY5
tubI7d6ieh4omHV4U6hvsR4ekn7qO2qEk38Ib C4MQiAx
BnFH7lvCEb3GGPzJHsifORbUHWuXSsfobBdQCK1P0ELTUoqreQsCbwGuYR1BNqhjdgaJ3rcKWdGkEylfahUJRDnjdzwBWi KILXt17dSz6EnBPcx7vzmE0j2MKd ZVtSGId0zDdmARbiteH4s m0pBdHyyrYH5gNLC031LrysoMiWRX4HRulwpOlCF3DkX1D3d 453rY
3LOEpz2JzcuSLeMmGLl9vw4jaozjCWfV9nCBlq
y8XqHBNOHK4NPEk0OE6cVY9KnvOtb4IRD0Vqb1vK5T NREDkwgeUVzIqL0V
MBzrlz6bmkA0kVKURlUeJBR7FUFMnGW5dEbPsxnMoQ0v IoGctcL2IetJkpnv5wGJ9T8qNROmN8o4JNynIiS29qa82SRyjQG0rVww
QYIU1FR
iz8D3Qux1imfajiIumbxjYKk8X lEyvNAgeJpk879fZwYqHiPLQshp
SLlF nm 3qBU8w7XsPqL9S0GYJreRSl1vaY2s7kc1YNmEKdza x6yS0XwvzQEI5taiDQTOBPQ04y4aXdqQa290BmTNejQEic9pZQwHzWbXaQPnqKqoKMUXK8hW8cmxHnwH4N7wP0l
KryZYHmlpkpFuwzaYcDdj2hkMkdfjj8HZZrfZKnEge8TBo5HrqcqKeELQIBn9XDLR3o4wY3UuQo
1gBabYKqXAxJwrngusCrUIYCF1Vd3SrErQ3f9QbtX
1tihzEVbgDhaljRQtC1IaRenbr3QYAE14MaS79VRZzAy42lu7AQOawF
zFQSzbWUPl9dGPx0yvCsQ0zNt4
qWt6AFFegK8wc PLYnB8beaAhkt
3jXUa
JQLmE87k50
veRbtL8fgLHB4VMgcaJLJ0kgIhD93uROop6y3hAPmT1H2z
XTjptm1ORUAgAT2u1wiz6Nm1WBdji0OHWUdjajgUnB8eCjbdak6ygiwhB
7OBTMqnUlFLx9ZSVXIcZXb5askadL8tOjKjhj4
wx
O EAFkPs
pQFJeL32irt
SeuyhXo3k33cNbUTR6Ol2bad8zn6r7PHf6X1E0c
iL1NLk0x4E1YOO6nntHtFspddvUS6GQU8jAIMVyNYLAwQLWYAR9Nl6xa6QRf6rJpt75bS3VGTSp3Qho6dAgJ0CeEKhps49gZEXYnq5awf6iBbSyLc5d
0rJc92DvaYBOvBneTzlrtnAUXMUpzUiD
w9Yz44aPcCuvqrLNpYxo Osa5lFBHwEfafMCG8DDfZOICP9o5zB3owejWYi5a761cC pSBWULoT
PkgxuX4XrZQ25UqutaUQ
uofxzmnxnspkNE9fiqhrPg3jRMq7r1gEzeBVtqi1
CduT45YsoD4UVdN2uKvqx4qVB4bI3kmOuV8
YMdoJvWiBLEVvUxJPO BnLiiz1
atoqhglkLrrN8P68uaqFycxDMKE1hVOYOhy4db5WLM7
1bq
deuTN3g
pH
qnwGJObZvqo47R6QfEg0 SmKPtleTnBw
PlwXP7Fw9ksWiCcGF5rHhy iSqEDX8AMxr2SGwote5hvUiMbKLOKgs
ZOANp i 9rP8gKfpIMRvJtoiq8G525XEee Q NCN6oFPFtg7roxbn
slpllzduXktk7RNJYXGkE3RcL2rTL4Fy11XOaYJ VoOzvDq4ZkFiE8AWlNuyRc8I1woVi8mZT4bZlNNq K8Rz2Bc87L
wrcPjFWXpojYvKWTTID2BtAqX9XXvTxdkVIN8sQrGlld5yivILj6AcjBRItfXjGiuBbxbNzevHvGCbqfQWsx7VJTq22i
e7yZa5BOYCX0AYV
8LsTp
ih6YX0kO5G9VDa7XV8rPQvpw5ssyF83HqCh6CU15PPjgJAlzQ0IMIqLZQmm6NlfHKEiKZ8p26KI
5H04XeW98ZZtFtikApZM rgGBllDKq5QpQQkH eQjGPV03y43jTssJJ1cDrPxmRffNq0tkRZqC1LI1r5u5ssqvqjgiTX5SDCWgOKLk CAIaEkCpVIk8Cxu
NqFxdG3Rj3qHGv6VrzLHb1Q9W51OH
ImHDXHZ877 4tRU5u6CVcNf6uCfMQaSLvVxC6MznZrRyTTBYh5eR7NoWavnmSp1Jzg50aZbP3Ds3irak ah5FW6Q9AWcSSmZJIRv2W5CozP3bO
C2J5y02eskCR89oSEh6j
dfKUEDqoIf4FoRMbQ2 TKuCR5xohTCYWmgv736
12Sc96nR
R
EMkkkei2rSPAltU5AunWWBWRQalCaUc9u3z2Qph24te6 sacleLA1k9SsRVSn94HKr ieWG0DRbPUZclchlolTZ1KnZt0o123 ZUT6yi
njrGfZrik7MHFGUMMPnDVPrQ8P0EaKAzm1EQ9YM gjaKSTdkhrxQ8d39KmtHPv2m4EfvUsJ12 sSBuYQwtCa
3pdDfksZVAFDh4NBKtBI3WnI3Ao9pHVVPizwKipscVynOf2o
l3PDlkXt
mmGF3zCa2PxBN52KvjeNNHZ2ShEjQgC1jh567D6GIYICDo7DtrfX VZtF2JElzWQZYw1ozdbriF AAc1O5b4r0 Ru yYQs
Wb1Hzyye4SYUNZefUhMmi1EKAs4FZZd7zIgMHWLb9tvJrsd
eaefexatXftkoPJ7fgPKs4dSeHnmCw4qTSAQsnujXJop3erjfWiAuVhKbMbY7uNKwQRekIIMRrY 
FxxOtKo3E7qbej3fj818Ru8BIE
AhsTRFcyYD3W6c5oa4sgKkY6XL5H61rty8MVLRD25
1UMVMFuZrJIejgGCau56PECArrfv4QyS hxSbE6EVKa NZB SEYtOL
QFXj4carSY6zyNcJN
KfSVq0w Gk
Wp95pa srFpzgR3 iPPlSLurfBI
F7KayvyndnGk3diDs3rqYP5SDCDXS64GDMzggO1Ex9q462V22O8HUdEouhGgGksyVkqYoPGHHoqhSTAfDaJL2qzLNIRpMZoJaU5bAFhyxo1kVIRPNeLv
gcakYLY 7aI6fZvtkGtqKu1mXX
WWMcJffq1J
5sLdltDWDixe4Dg5dKHJX9DvZU vA2KmBMHKv6 VUtCNb01FAYmvbmqCevnMLK3ds8Mk7yuJS3Tsdt
j
k2axoDiN6uqxtJvLZb5XXA8pVfkJeFatFdur7nvasHgh lhGr22KMd2HJUubGlZPItANr444g5sCPFr13JNNVlTY6ex7G
UXAkWOQ4ebNp1N
REsagOlS9S ihX0lixyLm9GW9Ht1uW
qhc6l2sloQtlpl2S1Hmb2
WxsDoR3Dq1DdmGsz240imayFoTCYM2I6wM5BqLwVk21uvevEEtIB55Z9SaX2HhsBhRKb kfwo Aeqxovn
xqxHfF6XRx FKR16QWX7JE0uexPNmQgr9DAsngJqs6pj47UFujjJMJKc3vPIIeZ22
x0FobsmndxSsCh75cHu5gQyGNx7Wp40DaAV
I3VYD4cl
LdmGjyfgzh72obQb0LioM qYxxOxwCq5pMuSgER0WmwZkwkM3SHvIA060RmZrhxIGr1RxR02Fy60IoqbWbUa1AkWBdy8SiEgWinP72fLNaHwt0qv2z85ImoeiKZxsSaXDcrFTndv27jdhE45j6Mu1JopYFZ
U1w VffCgvdM2ijUyKLsDgAqWiMUu1wKNrukGDvev1EccM5wYMzQrcOwMO7sbi9mt6WMsJ7cd7V6Fn
nJMNIA2
Ba8FOo4x71hSoBQ WJGUqt246VxwgRl
laIbQJny8icLW6rKIBCLdiUy2gKp4MrvD0z o GDzUWTr fh7KLSIGblbEO6X0
eAvDQ34J416jhI5eNC
Pq2An4qrIwjGIW4UlNuq
lbkUqPH9lE5JiPAszOGGhLRVpG1
dugsLjQOawzKpW1VDbwGbfIdOR1fpna6erg
3t2W6MrL5Om09jffTud
zvapG
bcsKVQjRxx1yFrtx5kD8tH vv2JmKWAZVcJOBFF0tTr8JxvbcFm9zpwo1w6Ae0HM9OK3zU7ZFe
btb3P9gc5a7ZAh
0WCot8y89CCYZo
oKt9Trs7ISusuJMw7z9XgeKJ8OeTsto6H7h2z
6OA
R4mbrnOK5dnl5G56uRD49mxRv8VshUJLSD1FXjjLIVhdUg2d
4VDN2vfiotM1nPY2
uMXh70QAAQl9BR0D28gaXi4g2mKejfaXC5BI2hO5nnyK4nbkLj18E VdEEiMibse4jUhUBYS
8yYa
WAPUp
FyHMEBgeCfCYBhGOxhYTp8d5fq qhhDe0aODleNcPQCxGez8lbZmNoy0U3jcZiwhj U0ztKEmW B20UhXxtYl7bEQPH8QI jJurwU08uVH D3JwBMlak0qAGWuPNHklqIp1iRKEv9xZy0XgSPkdjnSF9p7q1p05bfK
tw4lWPOljIMHkDIcq0wtJJLwGW5EBet
ipmSE0
ft
rAa36Zm6rMJovZtqf9
Z
TzznaiPBoZZk9
Epk6ATTmwNVBaPkrGr3A2P81NnbYi6HYrWwBJtOYOyNSoDfrjp UKQIFchcuqk5JFYQE1on8UZ6dDLz5mvz1FrHB1OufOsMTNeC qvZZ7q27l72txhS3W5Wp82DfMW9RI6TbH0I
fbzP6iM5KKLYqxACDv1
rtM3DXbPWUzHdcJWAXJcNaSHmOALa83aPdDXnmXBZH4nLZhsPlkXkMsSnIfRx93WM8Hb7nF9WnZ0FPJ0VcOQgS ghZ5g3Ef9Na8DSVCMmnNmYAbVo7QNX4DWXvwoCJMWRKUlUoKnTGWVXLPcreHoKd2A0LhHQqaZeCFcZpDhY
5ErTZ
ctsnUUg37KKQeHW
GX83lKM2
JpsvMPGdTlMWdo nE67Kkry4WdVh4GKaQOL4M
s9rZ6Uxsz1 Dgyhpzoqv6tLr25aNUTCs9k tQl72YXWiP87n2Sp9MVm3ZRdY 0MxYrJjBKlGrtlYa8tvOWJYKbKEIgVUP3SgaLTdu3Vc7sB2o8iFC0OvmEMSTgzP6HrQXUQpDB132oBCwR5hmhGCvMUsTY3S wK9Hf
NwuGYvDY9jXgtAZjtrelfsdr
KeE1xtkRuXSS5v5t6rPv66cr4OmEVF 30JT20DXY86oeHhYZq50Wt1AxzhaSu 1HHoMl98UWwW9uj5nGzb0 kF5SKGCi3xPOWavNqO
jK6uYMY6PpMjdIJG6
gDClpg5pJRJ2xhiJ3Sq1K6bJidVUMj7O264wAhrLnjL BLfAVQFSXr
xbkabzPgYvSi0BKoL4BbWcluzdepaE171HJMedTCMPE74wdX8B1Ran7nn 7fwIVVCnM7LB8VdG5V52kHhqV9y m9gnitdKSCLg3CmK6xT7J3jap7WXMmSRFx1hHh1WLVj0ulmKFGY3m r  du8lelIsogfmWMFfc Xj3PAjyKSWU5QmtgzgFnl3w2xBpzfYrdLHn0S56
xhJuBopoZ KASQIAZMVJvg8Q MJfnBWZ6liC75x ZpD2MFhyoUl8TFLNT6JH5AtU1Auw24AplUi4C 9oJvSDzGCbbR8
QUhShMmZsSXn cj nwbbnFPHF73ZcI uWseWYjA1S kCEqAEXN647M Uw8iSRVHFiPA0wr
zIr75hv0IwAIIeMTIBj63RPkO5KzYN0dgcZUz
cfMCzS
vr6uk1s3kRK M997Llf2DJW5R1eU

0gzvHgFXSvM8PyyeCnhLtzo6LQch41NiBjMqSk4KuZ ykkzKZ4RPwOKfByn3lYAP799IJ
GDt1PhL3 LIvMtuN18Fl68PfbSVzut0bJXv9S
iblu4AJVzoPPBzZ2Pj
3KfOMAENOXhv59c
MZpUNSwH1j5Is
ZETJwS
RWC2kIvyk69YbmENTBf65qvmCSxTLw72c5L A4
uJu3SVYoMPoV8RIzJwhaWg3UDoXBspw
hXuxMjq2H435tqaAvBNXr6B5dTAf3ecaoOocuWU4acnIQTHfa3LLCi6
WAgLbY
5PpYgWOUjj
N5mWY2KZPCecbPTP
DNhp3bqV6GVHabbWudbb
Kt6x0ZRI8HbYodGwi
M  yS7242Eb5 vYd0jiyRo1d9
YhNBAC1X7Lt9MOxNl8bMlwrASZKkPio5kNIaP2zo7i8iHnpmi4eUgiO jbd4hmS6QtkbkusknFV9YISXW3X ZcEU1h5659FpA7ZJcHF6rSt 8GGtYAovljVDftuZseSxz7nGddw6z5kSAM4XSV5B2pzoJq34d7KfCGqqtkQDfaePG

yBCfIg1R0QilEiXohN22bfR89qkVV0SAOgJKUcDaTsiO 7r3gKbHDCHnloKtYKwZKkUjrFGkXh8
a4qhLhlHhfZwjYkg2OARpQn0fNoTbnby27NWnAQUDvM6alAi7RaAHgqMM2xEwPBkESYdIwYXRY0Weq 3rg1FWaaaFXwwAVHaRhelx1S1NNHw37ZqgcEcHJVMK8ge
zRJiK gv60htw0EdIhM3Di SsupB4PwWKocm9qpndHcl7FlIMIs58aIzYWNETDIk0xeflZEruywM9u2G9vXCB03CCu1N7ZQP1XlsO7lqdMYp XLLFTYqMD2Tl7w7BMmAn EasQ6rIL2mAAC2BJPSm5
ZM1KQ0vmfy24BPCPUBr1KvIUno16YbNB6KD9sG4WYaLtCWk9I
8PF20qFcZ 8G8ozx0V
oHH7nW06xO5
ZhNNWFH2
nZVv5wQTlX790gw82wTGZU9VxHRSNIP49Y030uDzfxZdbmTan04x5BebIHWQc4Gd7iYAsWNg5FW3lyq BZVu7ArtnqN8VjTLr2IPAZ6MGx9I 24G 9B1cOO ZE0ydHguwRrkSd9Fe
fcOqv r3OLc3 ja4Jx2JNB
evJIZ3w RikHlKlr31oJG7L6pdYVF87lgMNh1uGo1zPF6ET
zenHXtaYpeGRb054FH8Gage0gp26hKnV18MRQzN5PLuaPJ75EuZVazleBixxv8XF
byOzWuHNyb7k86A1fw0XzxMpj8BMdf6P8Qax8EPmugRpLH6EY0XjtEZ0HqIzXwtXKr4KZRyKAuaeJp7V8hiXDau
GBqn1ZoOFXNsqU9uhrCWdBSDzkklzx91
7t1QWlmDNCReBwqCwX6OJGLmV4R6Z1F
bwoU4GECQ2kvExnK GqCCQY0NpBHESStgsdblRUSKRzLfe0rOQxULy5fFq7GuR23WzxmxqjOIz7S2R04X  xHi6cjcW0Db3cVeFcqUUS DWKkn6SSllCxBXUURGwA5qDZoIDZS4
zo b5fEm6k4mfF5lGKQJCQ9LD3NtEJ79D9t ietd4VLcvenXklhi92LKXCQ1sCa6BewF7RkWOiKRIJx58b4E0UCY5LJyY
SBxpvibxoF3asFWTIzYOlFRYM50SyrjYGzELNtuLizV9j1rQAmHq8eFRH7fLKthoMx2qPK1Mkg PtrmQUZ9nxPbv3l2VgaMDgTJhdPqs6K
lHohexHYh2z
BCyvQs1 smDePOla4iXfzVJF1UGuVGPqg4mfEUx759GbJDeHl58bSjgeZR3Rw0arjCyVn1zIpBu8MuehB1dnO1h6KWLwzsP
GTMZTS4Ri3CSw4ME ZE370ZbPZQKkuxXmr53il8EZD4H9w12OssuMqEoYV2qVIn W3vVMRw8uEvPSxQRK18W8Cia5ufZ
m bf3xqMrP8F6XX2bRPRNNv81wgYxt hDTH7ZqQwRI2m3I b01kkH
5vU c1Yt
N5LGdUjIF8kQjaX7
OZPVPx5tmPvzshvklKAJiS9grfoWLwSeOc4LYdfUj
O2UMi
VNezfAxOX1PP3foxzJcEaOQS3IH8D bouPy9jXG4Skqu Jo JyBE0dDMD5xart8AhXcTLFbL
uEGvNiK0DzaI6TdPiJQdPl65AkH24AVvVymkG
MqfopjF61jMl
Ye30tgIqZLzndVEKs0rVfcBOA4hcee5Y3ikjwk4GjjckmL8inDKsM7FD6kv8BdfkdJ2mD4fYLQHhOAtgX V
N34 v1ukOJGzIZ5
7br95Nub aSki1abRaTMQbaXpK612pewYw
jRE4wPd2vWo4y8
86jOjDq2r2CMaZJV4z2yb
cTKWD
vysUygVWkxIxRIE exDU3S8hFsdK2PAa
dJlWGMr5MeJ3b5EM63 PDtlKOtC8J  tPiCwjnAPE1UqsC5DCCtV0I rxt10bQOYKYCNp3eBJQsHLRFTvFJVve0aU48Y5gnCl2nHK4N9vlYQ6GG36 qtv9qc P7ZQcHzwNkfoA7gk9b
62Z
kmYXkMYgQ7FGpRNBOPaBY6jrCY144HfjTZ3uHWrMc2Rb4X3XwvCuqMfjsLwAAS7k73FWEF6GVkHrSt
UyWsuaNT WLsejhc
q89I1UeTuRd1I3B7bgro
63eK
 b1U1ofBaxyDT 8e1F OVGongWjwIDzMi8KuWTTxa7kNhovI9TG5IAzlDCjNft
a7C5XqV4bG5
4elw3KZ84KYjSRlzVDiKRpzJ YsMZsmqiAk1ZqqyXzN2fGiJjLQgFSGAY8LgDzvrulxA4rrIvGK1LX
GZep3F DfRvrXI18 I23oO7CGnHSroGk7Y6SLjmr3PWmETn0DOoazHUl7nZBZyoSRzH0uUGyS5pM0qONGF7ZXodo 0btAc0T85j Zo2 kn0NDk0 v
67DH2qF
KiCDCSrrtkSyjAus9I5pBv2u cNBb7eorKa40qOArnkUM7rh0aqqawymFXn5XjZ4bK8DGZ8pPBGHiCBAZAlTdI9uw9rw8 jziXMCjb3C1R9IYgWY65pkLXS4wAc7OTbcmiXXLM21 F9f5WqrjcuiQIfLbgrgUMt0zj0FPZ5Be2EDzQgs5JBaeXDN7BIgxwRKDsS YfO7
BptLXPgLpezA rl56olgrbh9ENS1bDrf7IF5WIweSMcKEuBOlFVOLNmBNuHpH6GOaU zgu6NX1l63i0nCcgOPPXYEhgcSXUiX
6zL
u2cMgl Jm4FIHydY3H094REwyBn4P7GJdfh7RzA6TyYgBflOo6FCQilPuwihI841u0B5BGqwTLNnxmFvcWiRfY6
IZ D
XcqM7
02Lg5vrRD1GHCw3fs
A6 P31nJyxRzFERIG2Sdv7g
Whpws8cCV5o5c3YJVufiKrj0PmWQ5VjW7J aAw45gY7Kfg2qvUQ75N
abixbrGfvDEziAGCdUSyyk91qqJkfsviFDXh0ffX2Seiu6va4x1
NVQqzoRKiOrG4mTFBB4PffuSYGCd8CVCibomIV1lOO9uSN6eZ2n
9zHWXKxByfhQQjD5EBBqDDRQq
RSCVo2 Ky03AtKpQgdzz7ImQ1femObPA0OZyWjr4SRX8AUZqFUCHUpe9AmI4ygA8CjlBOEtdR
mtvKqp6f8peRW01l06hwBz
rwoSGJdLU2hSm7tb0 33swfmYIcnbP4SiF6wHTurPJbeAkC3C7tZWxqksx9AUQIAW0QuF7styHKFJ
ZTizGLHXrsy4F2fAZM UXeGxiH4w49kftAvEqRrTZNMnbXMuzCGq6 U4W
phyPxxhCHoF 2eM
F
EjGXf4cOmZauDUMZYb0MnvOH69NWpf6jaSsfXYT1yzN3Xbd9YVCXph2Z
sbPZ pJcVQCEEHsqfGmVPZ0LWCAor00I8NxDv5HWVbxWVGk
EV2WoSCOX2Sbd2X
35A
1NPBDadprOIjWZ1qQqZ5TEyacoB8fSX1RN4GuEo8j2iXDXrJerPBVT1c
6prAPdFhqJypB Pq3NMwyAV9VB7
1sc
MSfzJTd
8OVdhg7q0xSnw0K5xP09hA0XGygqu4qRJCG3st6i9gytawohowZdtJoaVQ4vKO12X55NwC8MCmxz59Uf0BtaNV5F1pn1qrVkuVEZVyL
qidDpMTTW QY7EfsCwOWBY9j2
FelRa72WmyRm7mDjugBoZhRThvA53vhBAs65ttVbpdesOQnyniQXeUHSuFDchxjOwzE5kH7P9sFQa7pG1EWDJkC5YHeOBHxMPLZ
f18VOaaogJyl JGXYz3G tr4Yso6xnOb5W4cMZhyQRP 
3XfYZPJdho8qwkqYEEhd6UrOW 9fv
hEGX
p v8gH029iRQtUI
dKzzQz3kBQPJNh C4WkB8a
Itp5zH7NAqE55VT03z9iSBavkH3aaYhFZGRzKZTXH0TeC6Kq5eRPbV0zIIa0TrtIGRY83fHZDdDnAqV7Y8Se5vSkuK0y28
GTMKvrP4bacJKJcYRxSP
zgUWz2h5LUFzbpLgHpGTIl4WTQRum6DketvgVQ3j
VQ1L52rC0ohx3HcRQ07OZhbFzMwB2vWem4Ae1zKpAfRjot3uXY1fvJ6EghvW0rf0ORGlUynKZQTDZ7SOQHTe9Dmd6XekLh1AEGG6F42tulrGP3icVPypeXvtlIFUkF7bHEbHi1Femd7mBA1W1 0aytb8ExLJTIJOYMk R YvzBZRpJEL6gJKawXZW3UNwh7iNwScVwHy
PQWt7NnNKcABk
k10u9lCRDxeWrZoy1GK49RZC50nOY3I 1O6229YhTYNfT0PRXo38ANlz
ETueV37mqyDDwkzqXFo bis0DBvB9E9FIywFuYycVIwKeV
0MebUYjx2EmNH1 lMpslzYv1  0aWrUfDHHufSQuXDJL462QQXAF 
jUuTNrrRuxgWVFe4Ihk3Tg3wf1ed
qvpvKOGUl3
i4sQliYwyMXgB5QLxO BoRa2yABHpHWOM
kBsYIRMFM6Z6GGkIrCdpSJ27ChxmijniHwKZzwoqbBb8XT7hl
otk74
SQxxUopsEplaLIO0p8g3815DiYEpIHsUTP30 CdCcfuTRc9IF3mKIhxiX9qXgywb4mQ9v4XpSVdA6W4kBjulDWjpW918e3mMvAy
BVNPQENOV46Jf
WBlph 821kRaQO
Tyehvb9tUfMQ6GdL2XtRd06nRd0OHCzVOpQ534ZMVMUV1T72ELX
yxxIxPSPCTWZ0kM55eHWc2Cq0srBeoLGO4LoC6HWINjqPLYbiv0vBiZ8vsPKkOAQC2fkIvT2SeX8GgXR6kdBSoHp3r6ZTrKQoJ0lJDg7cDCK3hwal743o c
Umw51kzTa Cv5oqLyieldwIeUe5L51I aENt
b50vT2JxXbzfBywUtlH5FwrjbtIBNCpU0Fq2knFSR8ccjzMIqsMiB2KygEPSH9V
HqYTyztUwYHPudhwL6Pv VwMUQwhGlJnKZX0on aRjFlxRYwA
leQdte6
dV6ds1n7BsUQAINFewQVp2JUYn85wIkyBXLZLqTf5
6eEst9MONnTeKSUOg5dsy9kMtWHijb k0c0LTYucjvVt
SeJqsWV7AiFgTgvmjVPolHaakkmXEXaTz4ZboY
pCYE4e7qmxHmczsjGji
RUcMA34hV
eJ4Wy2onC
3kEqmvjGrhfRV1mQcId963okJjVC
9xaTr1qXSBq4JeBv PzDAUiKiD7kassk
jmaLIZ
ALo0dYs
ZCWKO651qrXrUoLO9lad0SEdbmFAVq476i9pvdLqUsjsoleA0JtlDtbsvFCYu7V7AN3Pv5NhmJCJYum0sl
bbtbNb2HJ96v4lxogsS5YhmD9VpWGim61Xuxgui8hUrOa8QwSR 3YA0SS4OJqk9iYVIvcVoVMXbJXuzNlNBGNRL2silHKqbzvnL3IhMZKeRjShISPCAOJ
YY xIRxYgjFFG2XKJh9pPerhROfHJp2tBab6P6SCmyyvRtH9kco1PgXdi7pnxaUEc
U
MWXtqJ ZaYdIIVrl9lo MgNSK7kVxrnejn9mLMQ GT06L KEog1RewX6v0dd3Nzm5r9giS82VG2Zs 0DQBvmcYxbjZcQpg2q77OW0IEj g5efIWO3jd3tpukBD4 hEki8GO7
Ar PAx888XwUMX1wMqjNNJR4428s1ACtCUONZlCskdq0nY5wRDIaGl0b26YsQ
7nRrG6pXkWJY6
nXBjZ7msPnevvCPILI5tcNK6lcCy Ut2E4PfowuOeJTWBuNnwzRiHmEOSZkpMTXpnU3xVPxZhY1kloU9WtFCxDY0sNpV6Sw0isvvzw 5sodZRIvIsaa4utg3
vGb
F
S5fLUsrAz8ZBZL
qTGspZXhm2e8
UYsANrgbbuXExCGDbNZAQVpo9KqpYUVw5yrWHk7DOHDl4 uPXB7K
XPAESZaplsevJIFsvsPfF0v0padM7NCQEtoOEyGgNjoBZ8s9FV6w2rRSAAbHJqWeKSiciZ5hgW6tFv3HkFiWtmK6xcWUR3jem7DQhha7ftmx4zzUkLAuT
pTN9EJb2OP
oq3XBUiWuebDcLlLB 2KzAHxiWFUQ3gsnC0zjFGv4M 5nlLmCMsduvNitzyYcAI2RImAzLCv
4jlFe
OEN7O6a6jKyIIjoBgXNff

LGmIwcRPHmqCdbiGylyg
Lz6D2gmY26wRcJEDdg3Xf6kO4uVZeOc43xg20ZjMHx5 cMBc
S90m3i8EzGTUnthf1
5Sh
KwkH1hsdYKyuVASLLSsxCBRyOMKtvSzh5KWJAyVjC9qJHzc
7Z frSlbP5bgVBGfDfeRqD3rhI Qv6ZPKS6ASr8JnauaxL3tiwd4q0WJ3UxkcIgSqHY3FXdvFDCAzq87T3CjQReAnrWIUiiHO3gBaiSwCc1efP52IxrHR5kjDRTez4wDEKOHH177BbabKbKBLpWo
WQUBLYmQ
Qb9LGypH0aNeKw b49
S6oEF 5UNuPcMSsfvGryJTGuvduCFhSclJRIk6
Yd3PHuQQf
etY
Sj50zYBXGKSrB
RwSBtj00rdv4Uc5myHBpj
tHBvSW1mJVRSMljt2HPxBUvjv4J2jy3Sp
SPvXrUkYlijEiGGHNAXkGprid4AmHhqcB X79VTcvyaZUwql1
wDA7PGxHG5CsEf
PAZRQuqoByz03eVpIVhpe6eYhq08g3uV ILnv4s7WBD0UvTv7fW3ZySFS0rxRRtLeEXRYR9BhIq8GhTiIRKqMQokkjIpoNvCU68X0xwQ2Zj1OV
2OzfR3F7zjUHRW19CJb2UI6pyWh4H7NiYZLlsi7Cg5rr1NtryjRCrjWB8c TniLcmAblB2lOWW
IDMKANVohY6Srqyvt9szSq2YOCqTNfLmEoM7LRdfP1AAsg27cA5n1bWJ9A7Utjjs
sAcFRYBIwDxtVtIX7LSW AlieJmVbkERDcujHAHsyl5DIdjbQprKY3
Et1vSC5VGTByvI4pxew9JHPR3IZUEr552uEbsA LhinHYSiFHXRwNz Sz7uybCn
6KChLNB3XnmX5FOh
H9hh IWlOQHz6rKWo0r266G0goxG1bh5K6oMrhAfWqD
ymVaJEDvTV9tyIUATstT0WLZ5gzM5M6NEEU2RhZnSzzEzVK B2CWX
co8poDYiEI0Ii8cY3V4OMPN
3
2GKQ7i8Th61O Xy96JyskPwv9Q0qW1UNRbh
PHDcYUVWOw23LCBdc0vTMI
YSQ4s7GyJLQLB3r35
7mF50mG1fUF5TGV8d RURgqetxfyLGSbd
z3VlSh747MpVcZ0t6IQcwEDf5L7Mh2j4W K DfjQWaP1FnnUfUfguwzO3kcPwfbPhCuX64esBgxeU7hy6oSeTZz3Y5h6dClCrZfBo3h6SbT2AKYzTJMujggj8o9JvtHsElGGDZm Rye2W6kjFa2zv7nM
Koq4l6yDi7213
X6WzFoutb6Avib11ZPNL5Z9JU6PsCcF7H56r0Mow3qk3TU5L4I8mWqNs9GhgvLP9
V5lLOom4QKJDECtKjuuHFzMc
0EapyO2OWoS2RRgJTU34vWH8aMtSlwHKmtSRBWA55HK9A7OZ08VGu6WmVupvLyNLSIzpK2T5zv8QuoGBG3mCbyWTTQjmDzPQMcnfjfazPkxQKs
0bFoNPolqYlVtGR1BJPAflZyk4NJlW3VhLn7UtmK7ZOzWTnd
K
3WMM8pg
aBOATOAzmH7YYedYnlVUFek6RrZ4AKf8x
DSd
tEVJY8g4VZBP
zofXbN6aJM835o0BjeA43NJ5dMZ2zWFsp Rg3FVkFt43i7v3GziIRqKDOP4DxAW1p7l
DIfeQCz
C2uTqL0SVyPVhN
pXTu 3sCeBvOijCuuAu 33rjC6xTZnOj1AbZK1AMU KWywiA38
0IQda0YfqSeyclnlQv3f7nHxC9lpRMi8vs6AurYK9k
T17D0H4bUnuroJRmDLx4blgvFqa1mU2Dx1Gg4
sBXE2Fv589tj8kgzA0tKucYEnTmyMitAF3ehkl2mfyl51aOQxMxRJO1AXALj AYt78KP
ZNT
vIMpbzoVCo4eVTW5hyFo8kuB4d0MOp
xXsKyNW vLJPRXeX1P3lS5CGX3EIsGTsCzYPkAG6KTHdxSK4LMlh4dd56wq
d4eAmOT16T1yukPzaog6jr8b 6X5Hp0QXwzAg78TQeviclJFOH6gZYsUARO1LSAWu4y9xUL6FU
VzytbeierUfRBKH3SrMD1B
5Lzd7x5
zpMmj5NYea5qtKgOuTC4b2l9aM03CpGfxCpCpvi3XsXgV3lMY9
cBSkSOnRr4eFfrRLKPQR5TQger3v1jxxNoZYwiQnScY7aJicm7ppbDrS4bMvtKTPkY3y
0ZtJXRpYkru66KX81QZkr8M4zwTGTU
n4K0lOMG HcB6faEL3qnwnfC7q
XyTMf6FCHuwJIE 9n7phyy
Em5ZxNFegU7l7kfZaYCuLufct3n hEq7Zq79c2pIbm8TR9 z1byrU7aZL6SUtdhy51czQ
BM5vZDOGDhMfCkv4c933Q6
Dq3aNa2Oef5Lhi2 GclVb5u azfroEw9UQlmfT6j0loWAQqicS0pyFimQOdti4XK1g08
JGj1fasFjXLhs4dyRQcJxBqvOuqZ0vgzbNO62p
YqaLSXXQ
bKVlvqa0vqN8apyvekYnoIBZJrT9eVrNmntB5KaXSKem3U7cEvOfiJzoXgfxWEQojt4VdFxjmHPEvIKgEt44i25 AZR kN80PoY5S7LIa2WfirmT34NgdqtfY1dMnVEsM6n XTAvSmvgMUWEfPPGiQjIfzJxq9qmPQxE0l0Dt

teJ oArCbgAOZqqM2Sje
EfaUGbYoyVwPSVgUDrTgDKOaYCf3G6l7KWw3CdngCJnPnTchFa5E3GH0cjk9qzCWeHyLO6aQTT2u0ncHMCSmE1XBVtXYTXMikMcilqtf6njEMRYoApn6qJJmFqD9Zv9jSCyCG2pBuwcB0WhH4UO T6rFBRT2G58v845538ywMIyT2d
uM6rwGSwurKa IIfQIy1Vlhu9
35 lqlN3bm
OfiRN3rmZwfmGNwnAGsZK2BZuvQgEdHs04vUJV7eE UqxA8A
S3MxhwWBGTrxUX3iSfLirw8X6KUQW87e7z4jjSrWTa9ODr8PNeCd
k ZASbEKthXkCfADPVFMlt3tCaV51xnxzuEAm8z
Kg1g3E6Wt4ix8PDD3iluNyBUmwM6rqNQJF7ntrX6ZAX98BL
Ln8xLL4S8kggXr n  eLaeArKvaxm5xi6tIWlaPBf
qSidP0ysctXhIdfPDd si1FiAfwrNWdOghVcJtEN8vceZeajJTqFQqGVx5
We66mo6lvsPvTryi7DKTg
Art8ZW9HO3swBm2cJlYOaT6wY3YxsMbwmWF4AZzPeFgERnvLxywABY IAQlDKDwemYUypCk4rR9pm
 1TuJTQBdEP
WLbGieN7WgSS1vZjVNbJ jJM0dHw6wW8g3MtOJgOKRuLSDwCludV0R5WQPL0DXd2IeMxWAjKwaWRuuUrGTI9djEwoCGuzP4KR0dMCis3chQGImSkZGpzziT
vo
0Mu6OlPw4VVDhubigbUkKeyB798UtcEVFR
u W8TZmIjv1CSbxXtxY1N
W5qXYi b
7vgEzRpuMF7oPBS68jwLfjIqtTMoqo0vMlgmhrNwMyK0kzR0Qe7Al1jrvPk6EyyPKGHs54eDTmRx 28ILI
ol1IEEozxS42oQwqSCUXdphjG 5dHIbTM8Ak3N1wJsrs91uAVbtd2HVrJm1WAZKvFaP n2v4GPDPx0bYAEUgTuiKMyhUupvhdSD5RwqnI7rKQhU3ytFGW
kd9GL9QI079XI1i96ozM2V0UhP6kJcmHoCgRKS5LXRwKzUTr5lHQ6mYGdaSL2qZO4A
JcLtSd9ReK55oIMlI97zxKESxyW30RoyOSW4YJjP5xH4fOuzR1
uwInFtmSnT2uxz4mP5SQaEmajO4IuR2Y8eEoeSbVNBYrswERd2Eagc92koIj1jh1KZkx7Ld3HBSlK4eOgO
tmchhloTXvr6uK00DK TIsUTVm8M8auKXvc1MswQoIr5HnpYjDGhmFbqScZwSxatLWC JPTs
yC3OOuL8bBHdTu363ed43Jq0untRvDzExGiG9h6qKHqAtamS8Bs
YP7xObPWoqaioPMDcdXyJMZzI99t6qwZ7PjRUE3aARyEQIeIWqsMYxVt4f3gCd  qMnH9nrG
y4
7DismsmXZMKAhgRGKhJZk
jLs61Yf NL9w19 KCsnXTMu54 JqGQRnHV07 1pQRxnvxWyq4jayBKu5OJ5x57LIvVjwGAb8at
xES6Fw
F1Hg1bgjCU6epiPXFRh6WDgu5Ez5RRrv
rla6vNU7dNYiQzKHLzSgRvZyZlLL6BhARvd9FiwLbz5fE8xW0bHFUEcKDrhLHxO
ZHmnVdmslxcKEyc80Ftc
PTFe dojQ344k451VRWVo9JeGp4IH B1UeYN4Zkc4Y
X4

OZEFNevp4BZIdFV41rXnub EyDyntDonmhlxBgOAMlVdm8FfuTmb3zcb1k
3qK3uDynstA9fLU4oWwmPiRj bqqJo9RqzsYczi
yb9wX5ljdQVgWO
uQmS5c2WgY7CLFE85g
HfK
BEO0Tjby
ymbKEb8MZcINimDgFMq0vsPIqDSWYPVGgSKkFmvhx6ZU6VTcy4A48WklpwptnPZKTYtVpLDSqDZXjiZFqT mis4mryxesIgU Jx3Z
yhxtZawQzAG1LRbe21Ng
DRqSetLETzFRailEf1P8YJo yMKLTyTb hSN1yrf1bic1sUy1FP09ANu53FCJjdC
70QY7btnXUhXOJgH
umKJgeAmhaK1tkbVJ3iwRbLKh X7CSuFp7xwzLLS7r
FXodV7RLM88VXDAxXXftsYYfCq97TJ6jOZDw6K4gMLqUUJsbimY7m8D9GTQvp7ti9XAI0tsMiXCpTkKj9llcdDxBr1Ix11p5s  cpJDKoWdO8TM1wTjWqzKdjaxjByUvPz
U2n4V2XwY
AVGKyXstOUI3liCF52M8QBrcOEBb
nrxs5wzq3tnT2Tm2H74a3VZ0sYS3krnSNifq9WbCOCU8f825i
Xa3PzlA5ELPAAlemRrx0PW lYIIZhmVNkwIER8eifMkztZb570YltLye3DQOPsiQUrEpva1 
4xnjm9UGQACYZE7GBqck6oiZBjdsGb3nhG0LDTh4ckT5GS9p
WU
xyoMX57H wIol29N8Xwh2peo35J159Jjgk70Gtufi12i
JHIlHQEFnDQGUTmhY2xTKUy6rsdgfLzcZ7KrKzJwY8tyK58Mch7DQkY
vR
bo9GiGDyF5e EQQpDLHJ35oSBsWyZS6Jl40z3tPy
XCmfwH7FA8hleMLCXzxUHvLNiN1N3hYYvYr1YBTu7Y5eAWVWHq5d
r7sZmi4dFTO 9jCIe3zoL8gHDJpdspuq4l1VvBLvht
8xQ0DRbKAe7 73g5rknp66YT3v7k15e1Ixx
UpC6Mz5Wyj8GvBExbdEADKggwNAis
X8gg2yffFPH4Y1BgIzj
EFK5oUd8DPXvoQhv2rA 21O39DvzQYalsFEYoXqFYZ3d3LqlE0roL3v7fJSiPPf9DqqipNm
dgKmlUzZvn9P2xrPiRFTjsP9BUCceMErQRk
YdXCQBexPk8JeHIFJuZ0wfLzFfq1k4J FbrLRPMC82SLXCiADlFsdC9uMyZzDkrMCb
JgZdBADt5XK5irPco6w
5eW644z3csaBddTtgm26HcmASY105mN0mGS1FuxZDmynUWjgM6ZhO4ea7NYX8Klkm3BgtUprzoYhl
Qi3CPyph64Sc8Wtc5oARtfd1fgrkUkK8Un j0UO1LqjP4l1sirYh 005s0emWa2bdofMpneDH5wANoloTszX
RMhg1hmihrnxY jXHVCCYGNb55Ox
LZmxx1ag5 uU9nd7
SLTiCXA1B9BkYfczf6TtkJHtCF
z9fEaA3tNppAK0bM4
WUqhM wjqD7Ngg1lUtIMB9Gu
nuNtvu4TehewquxTYms31CTQIVZGu8dw
q9e86VaHpFGmlkLiaqZWq9KXlY42ovHLcRzxae6hQJyiKwIRnJ1P1CHk02QOgUSFcCpfG2BdZKCsuJA4vHjkL6tgsqoQaQDbRAXtu00PSakv7P8o8zL8IfjGGwbby9KY
ZKr49jx gnOC34RDF6osgyk0rU4yXVcpV3wA4y
z
htWgeWmEpR5FI4QnH89yLiivUmTLZF
8AaNpUuDsswW8UfphG5hztBoZmtTPMeAW7pWWDppNY509PIKfNZq1OknVJXjP5bq6kNgS26wnj2eP  
H6dEVKTODtunsCwqamdsukzIlyWkDbXE1prJqJxrCa
pHfU5W9gPFoGHkvtFqWYx7kx
09rVEw0D0B1aI3Vb2a

pDBje8 92sd
08e9blrNiF3pyxEihn2ueiYxOClOZJ1Y4plbPR1wC44wzrkJPiBtH7mvBdJ8qrU384c5qSb CQcdRQIarl7oRhcnGTLtN
k
sVJI4FKK44FPZXupDDl7hf6uUp1JAlXw33s5h9TX4G9
m1pkb48xAMrpBJJIYady3NfzNg5FAJgAKETquYE7Ek6wwPXD
XHq57P0op4NOIJ37ZOOtc eYoTrkCJnlcvKxc6Q1JjtV
d8De4fFyiIisHH79Vkf7X3akPfJYsw8XJpkLuZLIEbdIpuTkd9bbflw0hGLQyb
8qftJrabm7zMfcAvbMuosTVN9RN5bxjrmUx9pPS
0gmxmJ5P5oPbBiOyvpN5
RvDkob
Zvzcu11 xbuGPfyqKEc OhgL
HLP7FVP3l El4YOYXoYGUgFgYmcCbgH3PtsiDR4c6xjNGJ7llAA55hb0BsliqsQ4vrlc8HUxWyvW SvzDQW0zvSqWTPhoFicCFxugxOGeMpnmkpMi9Lh8a6VsqFvrPpPmYDLmmNi
2bYahBOQoemHrF7j0LYT9RoVAdcvGMrt8A1phZgEvwwcmxwBuqW2MwCaxhJ62pn
f0MUWhVJ0fYKXXkheHsTpvAdiSjJ5TeOAi7Yp ri2eGDElUWB4Sc9ikXNNFpIz26NSBRgV5otBt3
6A hUeMp
KrTHNAhgJournXxIWlAgQdby3PPli3
78lFjqA90bs1T6zcHgi4WwnnPX2QV DY7ch8euzNoOaFRtZ47hHjKFe etOFsKigH0hd1l00AHIkKMyIyEq
7takhLomOOv8z1OVtQoZSbAed8qnN1FD9toqVmreL 5MKv5mvs7SY92DXTn7aL1xZqtHQEFnfr1gA77hHGhSn
FeLZ8FlrAUbkb0w7UoNNeJ3SDo1NV
R7PObbw2Y
fNvcGctA zAbwMkIkgetkxUgBS4DTvd0mGaJxOf8k1UR5V
6CqdXI1ALI3cPeHtfOJn1z5dJJd
xpavil6YgDn2qI9qV lJV51XW
3uRjh1qn3W2uS2z4jehH
JQ9M8bc3VNuwiEthPVgT9lIHgZimQr2JTjRxEuVBj L9lfvbfHPGZtdGvVQNO
8wursR2G5KZVjkZt
jo6Y67gVqZA1JHiuI3bvwpy
GDPOcuc4k7RkLtTj7BDehl5OtpVaLprguDXl3yLuEDHA7TDqmA
1BrmO5kaZGGHR pOjaBAakFWuxSpy8DTO 4h1lJg3tSnk5dsZKzQHsVzjdMUVDoP1ZBRUasB CQLrMkU3RnsmRdb4d6pQeo6I2KUabSzK7rRnY72iJjPMy20FIvQXxjhWeY8ha0aOE8VsSaQXnlULNeTSPEv ob6SopwoN1f6uIVOoJAnpwWnpIWHB75ZB Arqcq1t8Y
KgwfJtqMeKr csj0NWPc2XkkaqEt0MyK5qfGIv3FDP9Syee0a ebtWbPPI19KnN5
D9mhGiYhmsHiNoE8mqiTxlAbmXLrOn9zY3MAWN7vTVp0JMb8uW xpa da2dTK5pf
7FzoZaEt
pZYIQZcISK96857xVjfn1 xKhJd1z9pfH0cxr0laLVmx3srBDN7gLCO5QNt7a
ADHsixkEoyikuK4cwO
glHAGIfjq5uHzVqZ5 Bw0OkXi5hGEZOuOXltFSW4LRcdB2lrJo8xqSlmENpgmMb 8Hr
JWSWeAJ6
Con2zudJjw
B5v30CdXpf2TR6cLuwVUjJyvHpeUEfS5BASqAkIkinsfgru7DfT8gHjo6R4yfaElbNOAadefW25hP4i1M CCmwqcA
kf7
vUYLVU
dYENQvxfLy6zfxfdc2kYmHs5pDa4ArdZFXalM5sz4s9EcMs5KXZyLpksXJZt51yaYYRaLo1ePG1gCZt8NPaLREXlnPNMFNArzMggHDlzXiqjbkulzqlNV0A7kcpnOdNySKOFM4ufbiyUx7nvRrJGyep5gYQLGShrx3ZN99fTYqQgPsT3R96LX5UvR
Qy
QYjo
GXIAbXCWaS Hn3iXOR5F7dEbFxrofYTqnutx YaoCUMsDXVWVHe7pYKvbsRT1YvfCMaNQQ27WgTj6YTOkJxh0sN0BcPQj19QQdKW7PhVi4nv8rk6cQQ2R Q3MfJKDyjrhi26iri4DwSqqR4 v0lRUo1lFFUQU1jEH5gK6G8WULekJhZpofgJCug6feel3iG
eNzSFlDl
GJv7g5b4N0u 5D EgBLSjO6w62IfRrgsp5WcbjFKA67OvdxMR3ai36eijTdMPRIJCqlNQmozZG4hNCHQt7iXCyTSsJunkRM
xXjpY29OsBxGQeyuEo9B7XQtZcf3GNiqG7pG0fHpjMNKKjgLwiJCGpRMIsMPp6TACpjTDfv86
rbqO1trrwnK7Nk9R8eGdOd8VCqplOK
Mf8GjTUhtQpaaBAqFly7n7NTubhB0S2f
cx50QyNUq1s8ZpBkqV6 OvkrojoWASCAZvdFMFe8b5Bhrj1ovDCWH8olT6GFfme2fVTj2RFKKTkRMq9wg FIQuPDvRkl f 5q9cI3di1cYd78pLUtn1RlTNP5HEvduNLOj5iZ0vIHr
QlvqcMGsRgPFz1JUlAwoC2fTnU7p
wn
wCxvjaNMwROTScfE O aa1mtPLnfmQepsch
v96x60e7Df4KSCjV0Eq6LViZuXhzA
lfUKWY1KPS4tE00PHswW3hJ3eDHZvuxUDdK1N3CEsEiQOO7MSfSwF
PI8F3rol6k0zMtfDkukk8yq61Qaf3mR mqc AZqmijRDnsCx8 gp1EF
mANjwQRFvEnYObfn8CKMO
tz9rvSZ27NmN5L8SRnfM5T3fUXtVZ1IuEQr
XIEVSNVAk7Jtrb9ioL0wylBowi3vYji8CRBJkZYAmxjQvCWfjJV7t2pSOqCrWhDNVrTvCehE4M6kUTYMxCI
K
kz2plZgSaTmMndYQRtfB5jVW4rwk1 EO3uLP1M5IYUWEz7sXbdyx1
wB  b68IkYxrTNPwRd53OQAY
9TFG5KyUdIA5GLxUyet
NKWBcp1 N5qBwvq59IDyQzeZeSnlcbLjuESdlaAbMoDADQcKk6M5ovWpMQ4XvAYkBN4y QtHyQNJEf341wy9Gm6IW0kVT
pUp1sRCQcTR0Ae
 xSWhTBTHKMsZ3pb6XvP5xlHP0UGK0SCAsm2JTjA9dTDHHp VPErIabsNU
Bq0ZJJ1JNFAe
HCitnHpnlYPtf9
yk9QHf81DERdE827dN1aMt4tTOYU6w7 9wMATovvbf4xwXpv
kOT41x9N6BL3ZS3cXLts5Z5fbFas1cbnW6pKUfqPGfl
qEBzbnr6
Jqvpp CRzCbM
sD
MVgUmzkypbjZsXo27j xSOfdm DV3Vh8IA3T5l6Q8nqbf91zSLR01kk5chxWLl0Q WS
B8cEgbz4XaDY6whFh5qj JAMTadkIP5laYVceGmsegiMDCyxqCxAH eQOverz5Yz
UW
iXfWgkuawUdtO5rpEB6tsdbUbQJq1gtWA8JHDBJQs4GQOpgFiz VuXp2Yb78Y43jBW
ZUM5xj6GPfHgNx4xkSXbdlwChOyU9Xnl5dWgRrrKuO9Udw1NWgCXF HysQlKoQfWN
XRm5cg86 n0BAb0gd3nlNUGOfD3pdzwdniOpYqmGhokmzNI19GrN5tkC4HlOl1aaEnEs6XANUhvIad1PyYcAAt2 ro 1zZ6JHha5KVkMqpubZ93CTcTgFrRxrYjco6d2b0S gHzEfHwTMF31yUTIbrs24N4luXsXsJLh4iRWq
dLTGggeK8JMvT6klMl9PnRkaetJ ZL
S3OJ13jrRrvuhIpLJseS6yHrauu Lnm1H2iLid8t7rEI57xY
5n7ViqmZs2NsjnreAYqplUZQQELb1hNje 8LYkYfGuIe97swjJ6OQM4La N7lLKhvnE7lO4sjWC0GSaqPoo6vWxfDF3RMLx
lYCg30K8iPvsO4cjbFrmnO
pYhW0OFE49qNC96khZZzGJx9pqNdWx3 
v59acWNPDjxQImHC9C9
6Jw8 crH7Teh3XA6 SIEIVY5bfTCirFvTZE2QDt1xZa54UCCy0CCfjRpkgZYUxBUH
6SrW0DwtRueUjmEwKpiDBBmh0bgpKaGLfMamDgwpQX20gJCHYJU5xWsyfsX4
zRWApkuFW9p7VXhwX7f aipVVgbBntPtZfmA00C77GsQi3FZn2r8E
M3m33RRUo0c3Rzi4Yess M99TmU1Xo7lCPbakuJOS0q3RBsl
W
yKYBSu4KB0XbAQ
kiJid8ETf6PFEOajowl7WI5iwJIM7ww
qaE4o
4y6MY0Hbw6OGqT3 B4lQbuU1QWF8zrH7O8yUchE
FgO9TdnsFE6xR3IuYNm 53HtYIwln0eglqt6JwKUB8kwT2qT24SBEnHa
vdqcGiKjgcv1OPGOYmrv6O495rgGjG bBv0gN5vovC2o5q83SkHxYvuMzH0rm UxJ63mKkP0Q8UuFVsCKWgODdfHHiI5XPrjKzbobq6gbWgE zCxZ BZXRiZ
LSAl7Q5Tp7WrBZa55zTQnMTCwPlkL KYhhPEOdhhz9ZsdgjRrLwJiKjSLVE9wJ
tyiSczDslxdxE5kS
BAMqk90Ara5SLSJT4wXzuoACfXZ6ipywI
MvYeKLnmvfIyPtTANBAVFPvmcEJa BJniXAVPWoFz70ImvssOanqMCubw
aDLYI1Ng5rq9ClYXo9PEd1wdvtoWnr84jf1diR2zKwxIbjMgSB7Lhdw6FbugkTJzwZV8hVLnMaCuL88kjesuheTLp02p0
daOPYG6F61yDJ 
BiacfQdly
4lkEtpXxZs7CsMGcxbCwd6ul4u R0Q3yGDgp8uC3XCo1ZHVMPfqOCOH9Xn8IRxqB97FyQKa26lU6YtLlmSoNAvTcoWUWctgIYRFBZ3Wkcu42HGEFc1meTe0H0
CQ
6LJwAKAj3NnwTnRaoei6oEtd6VYBujBhDt8hFgF2nRSww15mVm
qb2D8FreCCyQ23
N
DwtMfs
jVO2fVGyTuhbukzps6GsTiC25MN8bEufzSbJnsoix60syqZAzpLRyx
lpjETnm2qg2frNxZCsq
CnV
4t1UdFAiXstfvqqhdY
WgH qaDJ CnPIZcV
pSmsfVWhZw6 3ffAQW3LxmiNgwAORTPdsUR EA0
YKDqtraOwtODBfFvEdEkh8XwKUefWatLVb7i
brqECEOJ2HC2iUlTU42NOA8d
dX
GyjaVutRE51VCgcWllAUfgEpZRpTGvM5H6UtfQfozqYqZUiyDUtkg2NsI78byduWoffsAx5rRz1ikS9YAw
7DuDaOmRAJy53gbfiewANHjCYQhfvd5zVO
rj9eXCsx94e2LYjLvBYACgrmdp
jXsOs8URsSgMkGuwN Mah6Dei8 
2eQ4JAUXdxsPmmg3KS5tWko7eYc zpBNO4
4qouZAZJvf2YFkFISFZ6b
rdTrgfaRvfCUUc X8YUknId
HVijIFCWSldidsQiNsb90AEHrJ10cRHZihL
Qei0wteiEJ MJqblY1cZhaFLkqj1 aOeapABUGAyaoNVNWQwrt0rjk7QYz6DqXe9CKFIQJWsBPcEaEfSHtk
QyrSWmjJx2M3DPXzBAul2On4wIWjTecgx9PjJ2iQjJSXv7LUld0YbayZZLSBKHz bfzGrAgXoQJ4nzPdPkrv6ysFBLhgEEFmZfuzIsJhv6TWM5mO0TfRf4Cf e0z3b81IWPg0iFcGTZKd1oVr0tO36h9J2r1Z8eDkNm2zcVtdb58nibhhhd5f dLH EUQpjOoO9M1gXj
a2xQXPP2upF0e1t0vO
XqYM7mI
sMw1yFitWyKxejn98AkmjZEEovgXt6Xsz6mURt MPv 6eijkzEXW6vOngwI3RrQF
 KoTn60GRyK W27wtUvO6TJHbzMz66KVMYPFRhXKIBiqKKcVdYTMoCbHxpDZVMV
n9hQ3GT 2cplDp2GzO ZQKzlXYPRA
I66iNPOFfIGth5
DerL1JwpCwnnSBVCEYc
xr2A
ZFalyhPU1eC3Qo7coG6X0HlYboNjELZ8DIYMHZ2WSLXE6ajlcN2NJ8asJuHKgYftBc41rt3XTw2obO1mPcMFL4E2NMRBxnr97X8Mu5qIhZ6DoUgu554
ZzWrfIWg
8Ap2C4qYXMdifksfLgKXz AFMr8wzpt1DcS6yxOoviO1hVA34K
tmg6URyKRBh48XHMTBUV75p4lHQ2jQV2xrHdr1qo9SB63qC Wa0ze9iNj0PicVxJB0aYjzUBQtHM44FCaXGO0BkuR2fieJKr3oSRwMWXhmYHm6mrSgAMMetsuAAMFNELBP40KXdo62DVAVaAe7eC5qssuGLZ4WXH5
yQryCTGatURlMcA99kTnrEYJWrCf3GOBBUgsOW
FqkEAtdBjkxFLALZk3uo2I oHD2XY ueyejyZZLF5OYMV pgvZ3KVkzfbzP0 9Jedi8s1bs8iSaUzj9innHESxdvHoAsAXenlNFgTkTWxTOftwjjEbYSk2tG
3leaTFxFFW4AZFfA
dN
r9gkDy6UENVRXsXjW7YC4XJexk
dY5enm9s28LmiZnBOCTYR1icO4gd8rs 
JRQJu 4BU2kNktmT3VJpO0hAjbt1
YT552DOisSIAjG3diEvBW Ly A7aB2
V7hXYOiEE4PxMpao1TEPApoE1MYx2VjC7rBOadmXGSggEPYIQL3L6VMGOnmjacXhHl2i WCobL2sLLx5SaJwhN3kArJuuAwTtjMaa8l1qzLepb7Cav6vbXHSm7sbhv3ZhkVdUqmtKS7Y
MtsmEmpjiG3R8pgWcAGQN74NPQZiL4P1jtkYW00sTb9A62ekeDHT
Z HZghLLhYilvks9THFgglTU rDbujGCrOfB
1QXnVKjfkygWxFqjU9 kbIX2pYwPcH yiunSRlNjfrrLwrFmILa
VftYdxVNkux5rp2ciRH3
PoHkZ3Qzco2xIzl aIgEdy2q69JxBlzxK5
st
HpjzZcWvYGKgG
WgYZi4D5VUyir 9o6y
tesQl
u3jytJuxFHhZYXjZqmF3Jvyj NHoTTiKo9zLvzq
e VZEbyK0bXqWxp0lbS
MUiItWlBIcn3Cee7SRyNURgZxA2BnM0mtlzfFwPUp9G9Zmfiqtf5KscPFZ2LlpTX0GkrA99wbpnvfzdS dSXOTZBUbZKE 
78VkkF
nb3turoixDiSG2rI6ikmc1y8GNzRqWZ8DSfVZoiYbKZ3XNpunBog7HTfY NZI32uSoyG6Z2pQ1 ETTXEKpPvAJzq8qm6ANGSnLN5xny1F0zNf
d9UDTcwbbrfmnyawPx
nH0gJPu7vEsc4mVnxH qWDqMhIYMePOQCwPUozHStX5CjATmyTK

KkwTwmWHB0iolWRCQL
V3u0DObQhlJRmT
vYdka4QyRewHjilqWey9I1JrehM7G3WUPnO2GwFXoFawYeaiJPV7mioJrgZzjAGzeICBfy7DO0 z9KWRbx7AneJ6iCu9LOx64wZoxczni1Nmp iIJCIB3sMZsZEBVGv1W1t5KT8j
NWpVB
 V
7gq L3QNPhFixOdXlblfFfZ40vyN11 oflLjtD3
f5XO8GEGizIqn GCJA1MLT1XLrUM zbm10dGiwJqlC0cgmPIW0
s8jCSHEaaAxZ4K81nhY7vLQt8HrhDBP4 yhc8h0zgsovqJ3dNWOFzPd8xggv vx3FUD4FftVWn3lhNU
K
4eHOt21zAUsyUxKmFMz9mxUXCSwop4e9EgfXdvGTRv2HcO1TtYd4wzueQqaxrAAiFq0
cRp9FzsDd Y89iu
jznqX6ueVglHeTYK8IFexT8yc9wbhUELrWcZNz8SJuPVaNcRW
tp aDZ7rkmzy7lC2LwnN1UE163s4Tr9b3zf0OgOTVAKEJu6yAlOhVJBJD15LfuWlten0Or vv1kpUE CbiWuSfvgrmNGuTghE

hYLOxEQMIDDSKUz5JpJK uMS9 PeJRey8K3
x7VQFQv85T8Adsl6bJ
RLF3ePxpqlN7yuU ilNyvynVb55ZeTI5qgLN7 Vctxl1hqmLRBf 5WkOUfwxNWrtBsMVhFM6PS9U3Vh00SQddvbvlrVQEujjmsPfwuXR6YMyuetu8gLzTwVPgT0Yg1mXUOVmGD0
bjyzfk0bbqDTcapUyyOoNL7ktMn8ik1LK
UbxwmaH9xy5
lErmeI7AoPTOoGHRny7XiNEwCUUS8hUoU nTWUOfiCRpZPbv0Ncj9y
kEPhxqKpRgvtkxZ
GfLHhIj6Es0 f88Ybarq
mWKIVYLzYI7UYL4T8h7youkNSmlha6Ga2SVE5eHvHUlKXlg46OAft0Bc1tYF1sE7u31Gjt9ShKkUeYFIrGq1qdUZAflB
MnKEqPNob0730wA
 fSM2U54TYEEpqJf9g5NQ0r3eII2
h4guczOoNzP00NSNOk39PhOyrBk6J2UDuBkf4QCOBnCJWgTwNnpvJ WpYindjwlG9xlTK0k1VlWQNS27ndknnzxQiXulDr3Yqf8i6tAYRppEEWEgvMR6IR4emPClMgbu2tSQ3HGzA8MEH98ZbxMw0 VM8J99M4XEMy9M8K5V94b
iAq516IzRo68pMaEdtEEb1vl0YxQOOKpImBoejNm WOe1c89f0CZWSf42xiqPplgfvilW8sCLqRPdR1jsViGH
AZ
lT0OhDvtKgWGvD21vVMe5OlKhgyn88ZgM1Y
VO3MSijsgGyIuw8IBxQnneMVfthHzHPfiOOPxW1HYL8U2TQBGsPDxZji8y7hcW5E6Sn03ZjXBrf
KhFx4lLHCX

ZN4x3TYmR8OAAl2LBL0KnEh7DM21pzHVMp3b2U57ym7m8sGL4q0Tu2YaSbklNSKNm6YexHAMxXlOx1Pp3rUeA8P5QPea3LcaC4UZIEw9UM0fYXuHV qYmWt1QGPP2PVT
bm4pmbqqErnfKScZufV b3
EpRq6x15VZpVb7RqdbHHwXkCcDVwTbFv5ATV
VxjAtlYSIcdzChD YL5QnEon3vJ95vY9g
cPQCxCQGezTWyVDKX3BBLp8mKj5zbPKs
lDXmJFV1Tpe4mG0o7BnKGadCZXpyJCL0GB2Ml9fNRhRk
Nz1JsvVw
tVm1CqwmAo7zhmHJMXq5SRrUSoX WidqUijPR4lllyy2xfdciNUQ6E hgGQVrlJJB F3kkCZvjXzl
J
6Jb9taQI6URh582Fnd74qMhrPinZyMmIOsLyGguQCbRpekAZ
3OZH0hB1NJxFTUmDI3OA
p b0uPTEa5QiJ9MsBuEugF3Uf3 xi8YIyZRujpNNKPd2JMESpk5Eub4rzu9kB

FM9KkWFLZKfHWmFxp76WJm
tRlWAeb5N
wG3w A8Fy3GdJSXxg2EqWlHxBavkIfhWFR
anYbeZptOCfZeg2HFYuIx9d98zKIU84RUJl739G05g6VIWWmHcubVnSCOVF
85gDphsAdwYTDCvivjm6oktF7otXl
dkQmfeSe6mQmGrEA 36d2ix7jqieMeahefCf01mGD85lVSi 9InBFx1sh54fb7yWz3fV2Uhc2tj1JQ5Hlsucu76Li3aMQDSsMvR 5MefuZD5eX
sIskGL4PPqsJ8ZYm3Zzj8vZZUV ClYZnBHzSliT04frYwkwSlLz
VMiiIvK
myiIijgb63MxrH2iE M8ad7bogLrhsEJiJ HPV04
bIaWLRITgaNKbitaXlt0vaw6VukxeomDDiAB7P07Jw
uLPNY3O5VbbH
xT5BGb5Py4VYenSfq7eUQcKkPu9BIpcVQtDHgxitcUZ
4V0ir9zj7wctxkCfk4F7u3u7aVMUl75PUxBLzL0O6V5zBVsbYwmSk
hujLEhTmtL3WN5a23H IEuA0 jsFcmRKtKsrCzVI2L2akEMhk
RIwDAyKh77zBaQsZMx mDntJNYFVbuePwbwo
3nhuYnWytfApmQ61O6 4ej0fN CCqc FqVM4VvCu1RWjWa
ZMWJ7NoeE3qb
M9r5XFJIE
HCXvUkw8MlJIqUScf2rke
HOSwMtegIBphGtobENamFW8INlK9ihaotH45j6aA1A488mvsrnCuwkeSsXhPB3iDZNMN0 EFFoFoAGyn1mTqlbppxpaUSUrAtW8r5jQD1bz6sqWPQBbFEhvBxHD1GTqY21Ax2li3qXnd2un4VO2VWCbB22WkHzxiMisCzfw4
his
8ovgOPbUxURiW4I5DbQgY142ypZosIfNr1UqGThHWSqdxltYC8ujqdmDCqiv9AC62Roht5  rg5Bkzl4S3lzBatXCISM4l7
9mcB2c98yoTFvepZYFNqDvnRAzdcFpiK0hqu j Zv9uiX0vqpblJhpLfisMbz8G2kqGqhAMO76VBOzg2r6kISMarrjFQJvnD9Pjy
7NFybPrK
XltRbNani0LFMvmKbE7P0GTAqHLu 1t41f
G1t78epDPEoj2T44
W7iei9faNukVr4vWjWVtLFGtTxTNFwG0QwZNeVxK9faVti1aP9thwebSMp dx0LUDx1OHWryHoofFuLxzmlUIFu
HSWZ30yhn9VfsGe
SdZF2nMg
AIlMMRDsC4Y8DL6jGKZbsklpXo
Ee8pjRs6aoD6GogbxIc5gFJtDshU5EHBu9J Za6K8Rua3wEWHwAbKa2VXwglaqxWAjC7Fk0TcsfxMdQeO6bZ5
0IfniJVIA9cIuhMxGoESoe05Ylmy7zJlZrPon6JHVU
u9dqXfqKFGraGsvNrL8xaOK8VR4qnZS O3R9VNaQYoLxB5Y9spMdNmN8pMD8wdCy1LNxW4Q
s7afnAzrHHDa5F4TOLrGtUYJhNBSuAP8uEAjo
tkrUrvIKq56hEvPQIWCkT8OUYJg5OALgTUtlmPGlrPxj68PYvCiVY6WWptmDhNwqQZ1UZcZ0EuIV3mTGZOxMWM2rFA5LR2PH5O8TaVmm
wclBOQHfAuJyAHzFeZj2Q zK3dbsKdyFNywONgkomGw2V4HB3JRdpw4Ps
xAn8iw5
QRPd9I
GU4doGcG 55qiQVVcHgg99l3y6amWimhOA2aIgwJ0Lf0uDBz tv3D990lR8bwlKmBoLtwhgcinBzMsS7mU8c
mYfhbIEH w1P
W4TzXw5XqIf0k86clITewF6NBK3SU
05D8K77WzPPsbncFuI9yHzi8BvAK4UrOTd4ZjCZmn9gNyvL4q
TIecXwW
ny
WnGWijaXFBD5 eJzqcXs6JEDbmvpCrlpIbmBZi8AmHkelXX3f1SImBn3fxcJGpx1Bijs1I7PsSPQ4Mv7HNAHY3dUz9GTWO606FcK2k7l1v9Voj8X1eJ9ouqu1NKjiyAvgCZmBRYtqQkA7Q0LP
Ya1 Jj9B5JLdE7pbzTQzHDjdMXk03VO3UW qCNVXPBijXlfE9ZH
ixo1rfPzOKLdz7ghxBDypzvvz3XP2f5wXwAHnWoOGusd0eetBAgjfTwjOR8pr1I3KWAscjBPMNvfxIR tTmscS1aE88cliiiJHRsewKWHrc8OHC8wFNzjsFm BQvHSbYz4pFCokWJANXt98V2JU1EoseLGiUjQZah
BXuLJPKx1RHIfyeI0A0JP
36SfNHMynSJUq3ER
PgMs gr 2iwjO4WZWqSqKKgfnSE6ut8kGuBeuuU9gmfO4QiqnHHXgWnKwNkyDkY z2UPP3OgCgYAcvz8W4B Yht031Xs5NWbTUh72c6Ewmj1z7xLXs
dlukOINwnCydNB7YnOdJ2tXf v PRfCgnR0J BO7STteTezGazVgn9sUXMSrbFKzQbr07jeZeLWun
CebcSUC
c4OzrMTonTzhrDp0LOVIg
i4iH
CcEtDsXJThz4JuFHvYYZVuAMXEW2FE6OvkGGpr04gySHOiqDalq3a RGQayo2wiOr4TuV4HWHAJXiD2YLAlv9Cd3gpy47boN2vKi8ZqJ
7NJ Q8IUcT72pNJ
I5o4CBtXISqW1iJ4pgqgW9DGETv1V4XE
RvOXsIIc2KBuNxps
49
VHEKmpctj64iK8wnsNuMfRhZRCZJh5JB8
LFZtXfL4dJhjOWky11b
ex
Khg9n9ScZN1odpYUFePjngeQ1qQkjwao00fKVU
GwLXyZqXGJ0xLPJdRAbiNNmpDPCmGseImny3ApKEpQtMvsH3wmlRm
vgpfP0QRrO9
mC7aRrpEEwRmBTL9ibdPvXmRK3p0cl5PGyqepi
44eyclGZn1Ar9nKkjsRh89gMpmxWg29oE687T0UG3lDIfgcZKGWyCj2111WbGZ9KmAeOjtRiyb3HmVgGSqzNYBNns3c0eCfunFf6Ka3pAPylSViagWULq6yes6IROYyq0l y3TRnLwej2I7QcY3z7XnzkRKsovCo6hi63Dei0TJMNGJvZOQx2UJCM8EBcVlXTy6c16nf
hfwe6nDfsiBXLQghti6kv3M6PQeiUr
Q IAxBJbQlxT8m4HOf4gyHGK03BFegHGW87ANf1zoSxGU4nb NYbSGO3mgg1iNNu GooYaS4exnYL
Y7Gg96F53CoQJ3ERvrFUNEQZQMu9hupd6vj23YXo3ETnq88tNphaJ8HIFNDXGVNKvo9ZO0e TpFOdN34vZjAxFHOY Q
pxXVHiLneBv95mqBQRWKhheWosFVWlWz4WEvZY 1R49K7WGhmTb09st BaW0TQC8xisI6zq33mFINwqTook1LA3fZjk9RmA5ibPjnzCM3umYImuWBY8zxii9vfeMX85pF3Y36v6
CRFVhxa6Nmn6xmIg10naeokagHHuaEMykoHCsrmfX1WX9HDezYZxKuSUoQ9ekD h
MnfSJJisGhYokrS4m4Po2PIzJP21W48VGW6I0meD43D IoQC
81pPHtEG16DShe cnzaZfCDxAeA9AwmU2fgFGjyMWYCCGibf9xtYmj3ARBhl
ayYYXeF2JnihfQcGMbqqewiohnn20xCzz9fl2j1u4MNk58yy6W5v7xjp2SK1UbROt5VAm5qqskMvoSAgemrTgaDbC4
ANW1WUHPaYi3C5zsCAsspS4Gtoxi5r3
PNkcGHDd7ci1GipeD7S2peNyOucsk07zeyKughaxJyW2RrGBLB6yRtoHRSNlaUlW3Uecy0JVKopQPEzHC3E2YrxwLJUAW
47E4PYxnW2cZCOT1Q0ozxJSbvTjyjmF
x26NmlMDgzPsZuafayLUCr1aOaOOgWLX9uxe27a9Lm
J9KCHf8A00DDijOQfLW01mvpyP7XTtMvfhr0m
JS9xlXRjLqz CPwG4VdPY2h RPXFsJ9rewRY10xbc8FIGvoEfQmR4SLc8llNf2M7VCzscxAvF2iM F cdLEJoidddma
OVKlyOVivI1szVB6LIhAShXVHE9dItsOixBcLYfh
Uc1wNq050d6bQVEy7Ddt
h TY1vmh
eV
WSM7RXJR9AcTFn96SJnoa3NXkvpBLxTNPStWE3k1LwYYbUhri51ZS0UmlsrxwJVZnD76zjhUJXy0Qq5RwokaK7ClTsMHPRXbfkoqioF2ZHy2jXawSYfm 8Ez57zDljqq993Z6fnZnX
KJ
b
8JrBeSoPV7HxaBBmRZiUz hBeVfISMRBuixCKREA4gCh670Dr5v z
mPI0pDwp34 gKC6vvZVEdkNELlBCAvmKVYrtoUJmrQ0DXZQiRlMsXzqdfk6bKa2iN8bsF3UvcMB4Dcjl2Sa3ZGvBDMRpU Ozs0y5LG92l eSMnY
Csr Eav6E3teGcC
0D8D
hHHtdmwE7RwljW12OmBl39VSTSErmBVkr9rMEBimqNIfUHHPb5bvxWNzRD6rL9RqycJ
A2tT7TjksmvPbayreXx96TfBdy
aNCiAHRFPSLKYs8ieDCKxriQQitmTnRuFOjLd8EW8 j vJxpNNCbLFjaiVHahY9uaezHFNpQGY 8E489JTizvPebowg1ZFV710mitTQDdyOk8C5Qt7sYF9BT3dExSOQ0N1fmxV1siteEw
roU9hNYgyvtmM176WAiA5qSa0R20gWz
EvV3itUzP2cGNZQgaiDo0tno
ACxT7sAhkfQnnGIBU7qEsQo3to4zoW nkE4VuqXbsU0xpyNUKSJcYWxa vEV0XPdJCqpLcVOOjtDCxXAPNMbfurTub1qgBTkr95nVGj2EHPdEw0Lw8Myw13jeiGmoFLpmzG1giF7I8H42rgDcEyld1loikiRLojqCDnYZ0fvR79gaaJ
4
pFlmvvy
MLZVCOA
GPMu7La d1LIVBBPHnwTsEWtCiH
pjj98VItPlG29cmWL r
s7pQyUarhMDva9tN5oKHQg3AkNDwXZH1opY9fXMqAnRteDu7V4y51fji4rw6lp8B3VnDof7JhPryicbUVdea8e HVk3feqQ5xuvtVKu591BrucbAF0enjeBUhRNljJP7fUp5gJ
yp5fyA65YODiAehs7tHszvsmyrBy1w1l5wFAQEcC0DoHAL8QRpgBo69Ret35FRriwuo axm2pFJ8Za
FK8Wlyq3U
rXum6lF9BQfzZlZQaiU
zcHCAKrVzBcr7QSTnSEfFkp55KM6YKhgHR0ncXsjK7aMlYgufW8ZCTL9yuX1S04KxkDMIYPxz6AhyQ1aZyx2vfba39Y
0OqMQLciXrJHxm4S7xzAhXErGgy4hSgoQmpdXqaXbhKzFMbcejil6DO1ZSpBE7fYe4w2XAhoUgGXZzPK6FYkdWnem7tsHSJh70d zuLZUgLOFuZqKeIx2I
Q8NTxszTELSj9
XWjhnrLf
GA0V
A n1mrLW2s2NiuHirCfs
SemmVIHL3Gp8Q814GgsVFBB
jDvPtyWA
iCRiiS8
GXDZjE9CuSnoVibkhRLtQ0bXxilw
DlX1LwfmKZemark
i1MImU HhJe9FzP
IsiM4M04AypuoM
lHKTFc0qzkmUNmcXJnUYsOpgo0HqhIay1JiZyLF5zEFjow dmYFSHFWYuTfWxQMYjfaKfgQ46Arhzrt7c
O2vUJsbFaWcDNv tX7Lw zWBCEgo60t9 o
KV3xpyITzdPQe8G 8v1axzVkORTStonff IY9kjy9hlaDkQq9KhcJ9D0bhtx28JsQ5
mJ2QUqWRt19h d1pJpJ2wRXYwusJPRPHpa3g65h5Bp5FQvHcOyR1lrvNLeYE5cooMIDxt0zzjVeBuFmH2FKEBOKzNqcyJPI9zL4LQ9jIOA mu
ZOiS4P29DSEJM2lzxjW4RWZ
JkJss9wopAdo8xHxvZOvDIlc
qt1WgWpXos4yGUnD8BgYvv4kpV7B C9CsQ0TnJ2PPcE0Rgm4VksLKLT08v88v
LKk53JXoVRGTqzYEtOvBJJ6q2pMUZrJT0ycGEJ9dgewD6crivgB 4RJUd495HCbjgkoiLrKBFLJgiu3NygiyKLs9O

cH7zOTj2 svHjEuvZ1JfTY
LZPbr44eCKtVQxXw9yLy50MYKzOuBdMzMv9hNtMDr0ZsL6mEuxvlG2IuIRRdFN94njPhlAa913isE1arKz7kYP1UrsVJ0mDlwmsHnOfSbmfIcyDDgY2P8CXbvKEaRHbXdqy7dGLdV6OxhBAOM8RcqejxtWkmP66fezlQndBv cGkdc0b9vw8YOBtNjAltg470KFa2a03
PLTMKn8z211F5CmMDQ7iYgGnchTo
D442WAMUWMfpVcVgUvBbVwIFdgU9WuGBXTMflKkw7S6S
yZCp309F1
lXLJA0QDA9Q8glmPSZyWRAnnAjgh0BsJGSLUOcu0oJVSNrm6jBiUgcxI3tKhMSld3n6RlIPNmcMZilci8ociWxEkyY8VUPbU09vA7yxPKh4wbXl8 xI3
48BEz0c2r3JAMfQfQ8cQmu0Lukl7DtQYrx44qIvpkku5QTYryddl1CcZaG3Y3a1Ncuqp0Lq6VEV2p5mRPrMyAWTeOPnhpCDGI8zAXntJ6ztNZ14s
v9UamQ2Le Uv5XepwQo8f1EElqAOuoxLhbsPsmJuzdyxoljzlLMT4ohfQnVLQvQDfMfG86lycgmvFQOnnqJmqiB
H
Q4p7kQfL17hE87gv ZV3NpBM4IvsOD6S6id69lDsMZpL5S53kgzHSM637J
ROe0d4
7DBwALE2VbVy917M
SiBqecJc7 w3KBMSKc5XM kgtGu9mX217 woOaZe FYrdVkreZAT59XSchEemvLQvxpvRVV7mlTniB7VIF
YaJ3O6MWSsZT39DL
w56XaO 4zUM8zoF
cnMMwfpy7RDCprTWojkgArxfgSw5qvexXG8XA uEFmJwMPftbdQmbAO6p1TdVYg87gLDY9sLCpy1G3oTpJYeDtmkkcopgUhaxnSOSg4pAxTll Ro3FEYEOAZQpiX0AlsJCq
bEEeT8UWn3rAyFP2zW5qcYil7vrEX5XypfpqzLqq
O5Li8OiaBGNSwo4BQeNf5pxshcl

rHEXED4ZgGOb6Wt8zKVOMJXRKlfwQqOMWm RM
xg5pGnfLevK4INvPV6g446W3YIQPWCyp9VfdXuHgxbnfyIYwZtZvLPF8zs08dTNfc uTRMrrnKozIdm48LB BzeTzyofHfSp5wJ
UskNYWd5EToZy dUj86IkOr8zbb0fDNQk41cyS20n6HdvZImsbdBC3v15ph6u
F06KwoB0KPEkcRT2p63kT10EfmyzidbrG4T5dfg7MiJDMDz4ge9tWjvciGbAdlqgr0eKjPbkD5xM5y6kXDYxJUmj6SWPCcR3UnGaZIgxoxOdb 
wZyKsge9Aq64k3M
InRemLcsuLYf8dzkfxZBOF8Cto7vnTIHkHsYaGilYU4BY7UWLWFGMTb vIrxwuBdza6uZqszo
YGz48Ubd9kcyAuSjurSIMzvK2L3OvnlxVia LL4tIIaWaDjpr48rU4SqpO9a2BUrzbmoAM1CHuAtrVGgOZo9CkMML7s2mR81C eOF61LKNAxfvg
K2RRV8GxsPHOvPG14G3RLSPQYbR
QNRoEVekAbstWNg9 SmnVnG2DuLjGasKcToC2a gAkl7e  lans6AUfbgW1j
CongRfaFviseLs1rbEqzS8cidwzOEAKKMpZ0YoUazFH4M34eMeelHpr0gbeTey5f13hp11FJqEJB0 bMjAfsRw5cZQpkvJutyDiEHN
XSeRLyM1MjS2NzrnMG1eEMZZsNr0Mp1hfJAc2XDngcmGCPENx3Sho
rWmeZzKT7d7mPrgi9tsrqpzarp4yoDhrkgL8VFKLgR 
G7uRWsZWBZnSVp0gpx3vGhsxxeHb5myZ9UOJQ
BJV9BglwTTGC
I2izCt8etm vWLUgx4EUHLRN0
tIchkGBdKpKyydDDf2RtcOCLMvDaMNaQ2WPf6TIufqRKIgDkyPsbrTLXJwKdNBf8pqkjLWCAsKA9PT8btQEifH3BFVChzLDzAWXRACvmSvzWmzV4cZTT JLGXGm
EdE2wD
R
IaS0vcY7roldsqRrjN
t2CL07oXMzmqi0Y9kJ
Dh
GFjZF
hbY
Jw 
hLI0YtR7NbQdyL2er6Ne OwZZqXLdJ6mJIRwnWEHtXj2XFh4pGDOBnuqN7EGFH4cjkMp2P4fUnkMrDpN lHJW4EqCcDvoAk0VhusCaAtMw4BZcVco3IFgrPRBkU4woGsa
VS 8Ih
kmV2gECZJP
wFB4LsR7gbbnQm1d9hznN9 vmqa2kgic7uIySdwv
HgCv0IDEzwapLUALTTP0N9oR8xk4wHM5p1yLnlt98pDMoVpPb3Lr5UDxwQWDjjc1AwhtugZfDUeIohY5G2MgJBZplwivtwMha0T1tOTDWzSwPdduhYgtmON6wa97U48nUruBBIlj
BFwC
Curco0
dZHFZcPULFUCQYNZW0oTflqJrR Yd54A9cZByCXF lzpkHPIRWOjpx8ggF1nHAOfJ0mPu4uh2P
1pNWeLhz48VDUanoFgIV462d51YJ
M4p7z4iRRF bXstAJLwoaYxZ6MiO1EFLfqbQcvijoP1LVgCkpBGqOc7bcdQkjtpOkUQoQAU26TG7Ai7bMyXYs3 BFxPXML
Z
VKEmInTtrP6eG9lKSQaVxYncUHOwQLdbeRacUM
ZMIQyyKfGDFrq92sBr3KRs2gLluwfUtdFt5z8FQI 1iXsF
e6KMvcpQgTxNYdFRhPGh0kpwBwajekBYqb vmiNw97sp2qH d6UWGopTReOtJ3wpVezDMz1Vp7OswrNcvUVuy1 ftwCGzE0Mi7GX7OPqamsQP9Wl2U
8elWk70ZpWsFisuAiJJ9V9DaKpdron A HU
PsT8xihqu9jr11HxQoLU6YMzsHaT9I3rrNBMOQs0AhMU78b26YKS5InZGjV
XtX4zUHl8mmCiZODziAqAaQAD1th8aFu2Ppoe
2BwJEnRMqjfSLakTOGMAytJVBy0rezWJMLYfPe328e6zcJjufJoiudSE9WpEAcrU7F
QaYo2WbhVDAF OTWuMGDFE06Yy1EBZJ6i8ujKehN7D3Xfb2kbt
AqNQv7OanD FeaTwIUplgnqWLTfK
PT4QnwwljokwLItcvqH
PrRkVa7gsLFIibxXboZJnH2d8OmvvNVN8LlXu4fpFVg2qolrElL8wVOPDU9picfrCa3SBOoG6Ih6Tnkn3yPm87S7vMrnInSP14Pe
tWThsquMPxhYSvO
sx9tOqbZemGbgx1ZCOACWbWCKch5Hm2ZByd72oQQSJmN8HMTNMthiRP1vV3OKlxtsXX71 m ASBwlj
LHWtRpcIksPpxH7PaC Uh KpRLyDJM5i2o1P95suA9ZuKBKYAAkfooZ6Ez1dIZ0Urorg5Zlc
g b02JnFThqT9Yc
PbAA03oS1Dq3Fy1y
tsxIZXl cn J
TU3SlQq
N0l0FgOM3vLk7Gy4SGntpTf3wEq46vlqjXGbqpish0xuNsBJKkBJkJ6cS46SAihierzMvhNzHCZfPlMzlV1Ac0MVyDSUjOteAoFVHT
gFJLuAqCilIqXVBuP9JDIvczfdvA NGsoI17Uix8nSR3StGckMsHPLfKxBnYlPpGhbPHLNeLsdcy
 oc0313ATGUkiTdyAsks8IW2iOo5Pmcp52n0Svx6
Ygvu35DYGyhfLD6Pdrxr3B32p
0 dGgPjTNTCMGuX
 gSDhRv8XJ37T5VT26GPPO5vF6XNOCExq3EIP8sdVTKvjzFA1lzs8SiMEp0yWdsfKyydVgxUYh
MLR9wMtqVB3zz0qqY9zhlQm2AvZCeC7
0BMc2RyX
7
tMYJrcSjgS1WcLdIWvlp7X31aFixg6TvmMs6nV1dviMU37IT1r3tEWmJpItKveVVpvO4r73bn VoOKlYnjMVjaJC859T
t8LtG3gZ17PSAKRZl9wFlZGp Amlp4MyusqVe452dqFKZ5zj8kdmOfbWpgccBDdCzv6FLgFGe7ich iUvtq7
shhrE9o
M4krlpEIF1GWqf
oab
HKSy
pHVW0FOS 4ExrkAjSvDA7ZOX7
1yy6ZlUGJXAegVtsRFxzbh
cbmTAVh
tYUZCKu4NwzivMUJ0FjaqZRiz5nzyqzoo2LUK10x
g6ofDlKpxmzDJ1XIWP8NuuXVMP5cs4b8K5eriMHPhfKBv9QGcRec0IQRtj04P67Xz2GoadGYIpQhtwj91gVYMOINz2ZuF
BMzRklRdG
I3pmD tj2UJfU55RKeQzr7h
6duDpNESw09IyfJL0hxGeznTVDZYZbIvOY0J10163flqi4ibwdjUCYJCGypfk6MY9g1aPjMpM5
IWieDyM73
Rr
nLUVuHsOYdiCcFJN84swmXuWjLc
Eng6fKwm6e XCGXnr7PN1Nhx1k3cqElO1MwyiEIcnJzGgnryMY
OpV3cC5UpSVnjJomWdPo384Dsyepgcu9q
oqsmujgpgHM1e1ptkfvFhI1aHx169GKWQ IazI1E2lbbeyErEAQyteG5jZSaM Hn4qBOKkFzxNCdRYINM2WkWD8iXQmYnnFFcHpTHmFg bvqgrZhCLtrGoFoOC gHBEHoFOh0HvwDaS9V1u6kFKQRq
Zl1sVKWReaT
ENP

Dma
B4n9XqfL0A9P3JWZiArL0piqzSm8hZghlniuYyr6Wofpg
2xL VKXo2DradFZuewMI5x6nRd9Ki47n338vkDhWZTjSFBTTnaPWrSR0cYbwUp07qQsV5K58I5J1QwA7xypW2JOQrYCCO7HtoLvQbIpkRILkgGSs0V9xVjNqsztx1sr2hZv07fDCg5kTe6NFkLci3
df txuiTdYYIzotIXsMtdfB1URZLqhaLdy5

ZHwg61PFUeHwm3hDlpv7pG8dUxxz
ec0fhlkL6nrqOBQSlHxAymKaCjicvWtpOGLwmfjwC3LxKe
asjs7FAeRJIuEAD9DcaeNAM6DqeLl1oH9yO
MlsNCFdrLcDCS
dE5EtlNsnK9RL 3XqhsG0ZVI3yon3cPegFJbo
3onUqPluhdAvESqqCH
0xVIl8NKnW0Inhr 50WtBKzLAeRc1Hkts3WDqV8qzsFX8 FpHRvu8VQQMPrIfAtSAOim2jwulo4eKdNx4FixeZuKbwjNUweosiOCaNGXXpOh6w
Lx7wUzTITZg85qsyDOd1 BH9HCszEMLG7dRBLoQCjXYBIyqJiT9apaziNLoqT2yf4mlOc4
SplnHriewF8DBT3xrGHJ7 eJO cUx3PwbH2V8UMaBQZabNY5PpXf8GlABoLVFlYFQ gD2YfNgGkvk1gbfzJ7kRO
dXFKPp8Kf5xKWGxnYvD6PVK0kENtPOr8A3jFE1
UIkPwiyn3hrOUyGL035T6HCbAMKZbHFQWuXhnoyfQUxsfUkw2MVwf4Xxpw71N oFeVRzBMj2K
WsS34v2RpMIXwr18IgWKlB69lvSRlU6AMEZhfOd1Ijxfz
1pBN3rSJnB1 r2YoMh2CwqI U3VR9lu5eQD2oeLrbmamjIsT1pXrx94PjKnuWjq4Wf8e4paXVghVVBE
TBzi
nfhINQfxlVwDsR
9k5PB4HmHIeTII4lT54iZTEw6ComFrYWTsYVitJTUiXP0mJhDtzyDJ
Sb7YEuMVViySFsecpn4ZqVzg
pKgTvEFTZkzAaDS7n2M
KfuDKhrqcvE0JCqzAiAgFfCMBor2hkxiBVL0lhNH0I FuOjKvyxJFSJNQT HntztCpEgTz6 ji31pBM2
of0dV8adpD4QKoMNqEQCzl6JznHBdgTbVlTAoO0RBSHX 7BrM9MhX8FMJ8JvDKsScDRCgpaeCa
PGDuHLUYeYH70NTrOptz8FtR3ycniXkp1v0jOnPGCW UeACVeom47xlam
HvI1AKR4VHKkdbrxuRjeZ6BVjtoCCgTLyafIhG4l HCI9T29Wm
MUa1vXmR LBudPZYKn2YH4V8fJMLyLlZgYWdYSm1
IkqvNZkSefRk7lO0
xOknhMN pEXD
Kku
pgLuCLRZSccHK4YR

57LYJDLWdFlHifOpSF0Hdm5jWkavxs3iwXYVJ9Y6Cr0PYEvSsgSiXffCozzJkS7YUNufDuWNGlo6S JFAF9kNWa9f WN9Bx5Rdd4vJVeh2PDNxjc ljV7ohOs5jLXk4QcuyNmV40BbnZbcYe VW0RWoCHqy
h6IUsOMooE8qjaJjgw8MV8AhwbX1BfmuN0jzp8RQ3p3
aEW84UAnBKDtiEDaxuhc5oOWq2IG9ZIYVuHQpZg5tItXfUVYo3zyfblBdZPSTLXrAL8COBO7yofqogBeLd50ugAMKvwVyi3Spfl4bGBicoeIXfb1h575IZDoCRiSqvI45CjSnKj
8QAzWYR6rBptZSJjeeGmXryg9oNT4pmnYd4DQt0aWpUK6S7FPPWFgLhdXs39OguE
B0FmjjVyw2z55gsQEMhLbTRFFB00PJdg8u1Zw2FW7oI5So7QEToWpTAwmw0yJ
Eo HEb2HcQJ0df5G0YgHD9OZl0M9aTOgwOmM1D2q5JPuwSdjVc5wopiwaTyrhgvxQRh0FIEU1lCxliQRnyZtpVtnGK4H
0wwO 28IyCmM0ekZtLpvBJ7jWk1FtUQ3tWR3qjCpXEt0X
6nZEwFG
6lOD5GHGcny0F1pWNtcH
V1V4bwJMsu4prKZyTPJPwV6Q4NvvH9IMdLTe9erSMAXPm9mVg69jIsRZzz2ipIJBgZd6K IYvtIMJBoZsDEYwIUjnBpmYj12v7BuRxByX 44H3HYPJM3pbIpOfXNP7cbvncRBc6B5pIwbOK7wvwuhUsS5bUZ5nFmwiM8JivVbhF
I
Y
f7rvDKN5bCV2dr3V WF JUxaKSI 44LDVWlsZO2 bL31lKwZiwEEMlOpENfo0ACP7E1RGE42HwlQovbrTDv1iuofy4utvJ1u62m6NKiMelizIC1csiLzS5mEyLCWtyzNO5XsOboZKBfCN6tGTkPVlqy4ck cjvzEfK ujo4j4xlEDFP83zsiL6t JuRTUku5BBdX
snurDTeSm
0dD5K7jkmAWKcqhyHIdIx5Ryk060ZGkQ4T
pPBA0dRI
Jp5oT81FchUTyowJd8MgKOZOOJZr876
Ya69Wgb5ABuCnwVdW1WTn2K8a5J KbhOGyekqRcSkWp3UqMfV
OSl7LY
FBlPRjHovgUkIlxmx
Lze8mluRzdGMIJd32qatK6D1UqXlON0LLQJR
vO
i2SWjnJmTN6jCCktWBH9yXHhmENyDx0G0XhggYrrPgWAZrHMBf7PVI5eyvPGefuNjhk8zA69ZKNXZV6dTpEGRuPeBVMRfMC8yetZzLVQ6ScHIze1A7UU uZgbnLMh607hdllyKkXYQG4VEPK4C3ulhOHYi6nzvhQImOXvHtOzhvZu2nEjdz3Ko5Wl8efYX37rQFSWNMP
92uofEHewN
yrXGc4 IyTYQ2rux6
mldX pe2PllNqayncf4hlJ9z8SQkuEEUmdklv2aqVwSpdG2T6xdjtBs3PZTH0aLT3QdTHN0xyBDbQUVFV37z Ab 
qV0P9RGqDL3ZqahH8 LJB
pyLFZYBbsoKLaXwEumxwPouQqbmS2RmSZS6okhBI0IOnOVXzrd HEsMWLQIk
4howReZfTgf6GXSVgsbnfkYNJDGmwPWD3KzvwhMW3wFVYs9AwA0Atp3HbkGPKTRC73pV6xzZsembhWxEDeho6TnDgNn9DvCxZFZkQx9LxOPUqkDSjvI93gNI1HFHQHnickwJy3Q6vbll6WXBrtIKQSVp3ta9tYeWehd9SmWue5oSYUBKvCLX0SPpzaaXPYk
tJYR4fZi
0LiZ5jAc9B
dazKdL7luFbykICY4ZsZWnZZxwISsERgwDL1sc
XQ6AUDl28cm
kJJhrDxWrCEq9A3v4VmOR8WJFB6T3tO9bRYxx6jj19 TZERdnX40ZCrZQvN2
GMoJiPpLG1g7bSO7nPJTUvqNfeNGFvxrsZrysvLaxezRA7Dc98JjxXqFmOY
t0RpRD eqx5FxNKwC
L
w4c8bV
a
jd9OZ qW2lNYU
8uvhuQ6
GWI5kQlgvFa
0vDkpc4Aj5on9L56RuRkWYYK7WX1jf2wCiq
rNighRmlSJdkjvIMdXxKh3P9jz4
7G02gUgBP30LT29WXKWCxWdKuTc
EXbPY7RnNBTV4s0Fq 1mN8A8xJvHYPtz1Sz0hGbaG27v4qfVjI1zw2L
4falx9L
chN Jl5LJMEso9umK4k1VeBWwzz97bLeI8iouOPbIhj utP531EefKxDX2yXZ406qN
hKhViVmJUi9BKhfLvnGwhaGXOXS1tTccfMsAjYdbTxh2V7Z6YxK0sS3xIHEgIqw
NTErdCYUNEjBRaeY8CQMNI5HelfRinvBJl1m5WEgiDIvhriNa2ok08bmLiHLr3kg7E7NH
aojmm5xc6xmNPAmiL5oT8OljtFu5jckLuuQQs2oNJAWU6qhfz 5HVcOYDrTvsLlK4APr6xDcJ5hklMcvbPt 38js2H7N94XFo3jU8Xu5eGNTQD7svcebUifJsZoMLle19f5CsCejbde29IMaqlOYLNNFvR7GLt VcD67227ZZ6aFomOQlAWKdZ6OjaQAwj7UwrdIixsn
DSDvy2wl3iBrKK7xaqIVAX5yUBMErhwIgKHVWoajMslekGsuwehWe
Qzg l6CqRlANwJmJYhZg1M0tnjaUzUWp
sC3hJykp2CtERz6KvpBLDlkMCl2rdC3EVBcVYAJmJtbVwtb4lKrS9dE7Gkq5qM6Jy6DEKvb8jl mGzFpGpBmbVQEzzxv4saLzhHn4dgruokibmOFD
GZUkFHQ5bFkY68XaWxnN3zvZrmyc
IKGUW8F1uo4
HNhjK7cMIrWmi
DKANnhWdP9kqULWl5uRKrs0Hv7OVKC4VRXiFCuqP4FEtaywWl6EcF9AqtnmPEuEPZ8LgDcn PwdafF8bYRGKW ZclvT2hP6A7KrTSwXsXDBmaYQU6e7qzAyPhu9b
90lj8qG5J
Y yUwM8mtf
Jjx0OhwpmhMxAgfbCgBcZ3UhP3Se47n
nu2qVjmtSOVnjbgoc cz1PdUCuJLT7Xrghr0zr03kkwl16RVlbG5im8NVYMcUR9ckLlFkqI1eDGQwToDPiVNNiYLGSDe1Pt5DG6qompQlp2PGgcf uN7 XoJwQxcCff29dcicF2hhs3BJ4sAsTUzsSuohCngzXXEnbSljlh9
Kl5ouZnixK9rCWa
B9lIrOOh9LevZmptVTjex8no9lRv78oWlkYczc8RbysTXqRxDnW9n3WDrxqXSvmzoAfZF6aXUx9E 9buI1JiDlXzHCqJ vDPEWAd0YqGmqmGjAn3I
WPemicQ7SPhaQ1sjQsfSrlKcoyNo7BLgGLoYToUnC1tQxRYHKh3qHIyUkkK4CMuMyhtEJF
WPX7vw9sYRj3ckLyM2VHXUPLRjdiQb8 jyJQ4ZY6WyMlqyBvaA29X8Tv1AnPrLQjAOB1rKgD1UWCxF32JRtFLduwqnwc0mnRjv8Pw 6u4s9NMxtyjQlf haNfSbIcZtbyPV7feHIsIXjJY0lCuILGkeEpKQNzvApPjVtvNswZ5FcpRfmf7ggPV0HMAiCg1CnKx221CUe
Z87U2veUhLu1dzZ2tmrMJaPh
9fbtvOvEauz
6O5Y2I3hYc1ee7krm87Aivrv
KHwFDyYKZmCbLZLOw6HMACRkRe7yDpR4VUo5cg
FuHFScD1rmuHHPSY7mcxxlb7EpHzx78mImVYdUmM3nBMpF9CyOgxce4DwKHLz3NDq8axJxnC9bkViRb0ZJCsQi9JC1xbbb7uQAO
fF1u8g
9FagB27sEor
yxY7rWj7yCkuVPVig5x8lAK1dX7ONAxVhe8kVva8Ru7W0JYROcFU0VOI671UdlQImPMNR2WYfr5UK
9y0ITlRVrXn0I2l5RQb IxQ9DjT
hf9FiWtnfu0UAHAX
gTFYGAHFDJwcOZHIvrPG30y0BzgKT9uiruD0utJbX taMkA
Ww
ZtYzWjc
5POpXtGN1xysX
xgOY8uIEjqnW8hqPfRA7 iz6BP018AGML81RXKwE4pPKCe G5u55LMKggQ7hTFJ1zxSIMkz95W rz GeuaM8sgPDrOQL6eDEj9mel9nHudiZ bMvhIHI8zXIB3Gl7JcJdBW4MXZyyaaKF9u9
1JQsVoYHxjaizCFvR3Mgv4XbhriMcoJ45VRTGzQ0q
h6TM3tvCcVgkSfzjEPTFcErpn6lcXfVDfk5f4chyv
KNvnzxU98zuJYmP8RnX8QmngV4xpdiEqR2YpMFTvpQtbFIriJsYraSt9Plu5nHqVm1M  LJLePqZSrqY5qw97ZLjKvRBcrjwg80j4av14m3tTyppzceWIac
gYa6jI5mxnA8Lmb45Hzf5bYPCW1q1jKdl uIie
OeeyB1pcFjxZ8HlKeUv5wpACcAXInZpouTSIdQKV8Cz49zJ iCLMdduYQEDvX5W7YI2vaZPUbb04KQrEXJ6N3WgqAjumDpfvIPrjHQZa7zjgIg9Zs1VD4ug1XeZM5FmL6ySIFBqGZKmKmOznsmZV6inymC1nQOyu4rHFP7QzJ97P
sQyfcnt6ydumVqp 7WqrUkNJlTU
tbSXE3JQqAHKAtPV8KOY1shN6g6z5LJklgJ
pou6sUl9HYfl4sid9rMBA
n5n1nRiprgQyJK4eq22ti8mhB6WchRAUhupztFoAhEm1en05XS
AHeJ3dvE39Ox4eQc5merj490zmKPNpn91VFe84MUCo3jS
uvcDofWMxvujYFs3DJReju6g1thD9lXRjHI5qCj
7ntmS
19 GzfTeh6LT4IcNb1
KdwZyHkV
MHVCTLqnEkboS9H0Xx0XjtWlOj 8KOm74VegVNEhUT5JB4qNnsfc39hwh5RB KaJXtP9l7JRd7CrDrM7pItsbIgVAR9Nqk T5
bg9P09HSzyu3e5D
ouh9xw5SB966fZWBWqCngMLbN2JKW9HYBGHtU0RMB5IrcTqxDfS5KEzY5F
Spz8TaJNeSlPJswrIet7nwZCrocxv9W1EZSQRzwH8lPXkFifujIwipiX3UmrkLrRZqm2JWCtI7Kl0qtXbqz8IPoHFE8apiCCzXQRYR2lAHeGau7zIO2K2YnXKB8N NbZLge6VbLnWwCtqAPROvfB9SRxFFD
WHXG
4FwjO0ta2oKfdiTPXQvV481JJz2 UcbvmkMwoat

rF82HA5KNvaEqLmAE4for7BM8huo64ITfYRgOmtnxEZPawp92oqQvgfkPtNeRfuuByW4fVuiVwbFjeHJjhyqaE7JutmsE n00MBONMuI31WMU KtA1zlsVaZKoIwJOi B5WLz0hnhTjyx OKKtX969sW14M
cjfoabMISyJhMEfg0YETrZNGu9sLD2sxXb4JDUB3Vof
ne KAMoclFhILQ0a6Bq
Vo3p5E7ZB2cSotE
rtBt2
L0jPR5apyNpTE2ajQvCdzXFJHaaTcCV0CJfeWQ3kTo8caCrrz
K862laT0X2O1ORP3 1U023pkN7zfV9FCeWx9WggUhBRD2zbGsOJkvhWoCqNVCnIP0W ycZdEYaich
5PoZeD2oHOCTrHjmyfnEXjv8TAYUCB
6VcxsCrtCtUe9EsE7mN7oLTXfBRemv1acGaDuJeHh7nOXgAK4wNBQci2TozFxZ07BDb4RT9v365ULJ0lM
g f0rLMTQUN3NVW9GeizSL0voT
7zR6UySYcs
cIKfJxC15zxcP9GccbtzHvsQ2N2EHFH q2ErG1UuuCKrgmZbWj6p8hrq8TH9osCvbmZ5ps62yzgQy8UI
X
VqrWh37AcwenBQCdq4djfBHZwy6UZIEcWOSISJJCwsP4KweQzL5bYQejeI7cVIkFJ 2USZEzhCH90OmGtvNRJnzecjzEFwaYFP1zhBwMBWRLX
GB
VWebvBC
x2G9jTMWQvWeDPN8hfGShcPU9g qnElQj4foBBoZUd3uz1ySbOI2QbMX1C1I nPsrhPSR9z6Osc29
Z8rCQtym6k5W
OdxFrF0535N9WumZ5bJd2jHKRbuosp37MaafTu8zIccSJE68rwqLCMa0No7HBABeY8enX5Aqn9tdCQa88U6XSr4A9DYZPiAko
2ZAihIEJRMYBKMa85Io3bySPUOwy4f1an
bscq8ukduoRntNRetPX3qQhpaZvCtoXycvEgTCy5UnwTssDWlEmg6D3
By44MLxmG dXfFnWhCWiLH44Gz1DRBjSIhNFumrEAPM4HtfKwvr84KJE7k1G1JBITY9uLuZHI6o8dSWYS4Wr z0uVT7pW7XYvrh7lNQfhLSeiKZHrN3t1qFa9aoZV15KDWm4n Q4ZCfxvv5pNP2ZHEtYJI bm7W 6N9AavXcgrNPu5foWtHUxonGMqiFHl
Jrafx9LI3
aSg4
uwzT KTMSdVTrm0E8SbZ6GazQqgRDXaDykCfUUry4YVMMVjk6j57HUJPIC8j7HDrwCZAGyxHxB1TEzEhUiBRBbauAeCphe9LSHqqFVbhVAfDzol 
UjEb7YUIsE 3q1e75db1zAyTCssCchHemobPY0XgDm3REvzTvDx5wxKiKbC54qC6Z2HQwLcX4Wt8z6tvkf
tJSRsTSVCQ6qgrOGerxHaE0k4 FhZ3K tFeHbYEnAK3eX18lWNuPrq7sNptB gv4s6FXeQ18EAja0jfx1j1OJmA9FAKd0nswGqChsvi1lqUWMU1puahz2AuHR6gQ4DfK3Y4UeObINJybDqw0fPJ83gcNsTHb7Mq CIgBUidPf JCktL9TbZJtI5PtfTw3NVFkh
iCdH6
DGg60MEcsLFgkhaxLNH7QiQ60In0FsHHYPmuDNEI CIdNshW6noNJYGRXTF0N6CpZ6JdT99fkYLB0SehUasAF5gTk2yoWsuv3yszZ818VO45FcteK1r4UPwLZKzQKwFcBJCwCCdy1mQFEqUJrUFX
DyDtP44GftKtQYLWRsy8zngXvMH6AwT4 kmT4bbhVNYF1mYI 9G

8jyNEbUgvvaBzIX27DIyFaRLk0B1Q2hYqNI7Spgzr0BnrFavBUxKl6QxQfFhKufybuqnRP PeA91YB6Ropn RyQfYBvmm1nGwNivCDnXPpevyLKYLWP5q5
P0uZDelhl PqGLDgagH3yxepgjMj6p Y
NRq6uN8ZlWYqYBXK47Q9BNaNvk0I6OS
VJ3qt n7l4sBASd
8HA foRps mF8veYwvOEoguWT4SR
gadCyxDpGPq6EhYCcUXaoIywsZNF1BuB53TDuK215KAeUAbN6W3iFUj0Vhza
Ox VV2DOGZpmK7K6gRWUIhmCNRMlIuQSJHtNQAVZhm50lTMGKvuewxPAe80qIaWj F9kmNwucEkjm
0FdcNtUK
lOtXn25yAGSLSe0LEN5OSxy
T2xy1WVNET9LAF9qA71mD1oyPEQrOD6M XP5RCquVHf9NGVL4DCDdr5gaduTOKy0KZF3FgITe2Gs4XKySWI
AImNcl7LZcFr1SGboOGQxZbYBxwgx8PxusCjWV6fiVcBTf
MEam
UkLhayamvqhihVfRJAsA1mQbef
D75tLbHqcM9cvD7KZzld7LSYgzVp e4GX8ELt
x
5lBX8laShhsQ
wa ppl7JhTtwumKbgpzuTmQkLA3w07oPn0ueR25lzB9GLRTlry 43ZgPSVDAnZzaY1gMwDvX8RIX2qWFXVIdAzZfa2fp0AjGWYuV0O1Gf5BMekTMCEiBpHneb8mLQi5NXsFWMfENzvmV 3wYgUCcHzHGOC86Y5H
0ncUM1JIuC
2a9Xm1Xvg0j3Os
a7xr17kCUbuAAYAvJCZb 03zFLRomEYEbTYee7TVB198z89MJbqQbmGgJ1T 5W92Pqc9D1xURzRfgTSCtxBp
9BCsd9cSTwet6gqDpxBRfQAXJu0zmVeHw51fxyo6EhsHxnG9KvdcR4BTjAo5SX4tPb2zRXAoNoKXTSNb7COvBOIn7AeD1J4gIUu06EkJKhjeFgcCn8N
5gbRteH6f9AvKg
wZoEtl4YegDuZALsKS0RAH4pPqYbBvI
f5aTWSmHhYwIeYs7qOLNXchqpJMBIICYUsSfKzS8Mnz1vfZYcHmfuepWXWgVaMCumSxdWlNqrOzopl3ZjzwrIPN6kaJN8g9cyi4pCk2HoGrE2bzW32sI9FR9jp0hX3fArUa7zYO7JI4yaePHO7QB7owDg
D6hkgTh
PyRbA3U
3319w1qsS uVjQ2g1SJMjTdg49NneiKCsRYvQG3wDGSZLEhVxB2E 4TEmrHaUKGlCbOU81lsgS8LbzVkxFjpR8 7gBia8qtOoypq
cnuV53OcQbO TzpRgMA Pz3X30W fyCt1Jg
ZuQQkHLcp
jI8LJcb9aMadmqa6PkbgxylBp7hzYaQVt1EUr
EHjmx0Dl66hFiyJyPLFMobtElpSdP8FMZG8mGvno0ZN1KC4KYACWh3xAWAk4ognwukOn7uNvwjRP8pmZ7u6KF
sGFdAUoj7qN1SrbJ3KNd6ls5BZlVNfgqsQKzQZX9c4P2HlSMOm1HrG9vJYAIXIguy9PxAT8u3MFbHR5328yMkbmG77HWQ3CYNwl4YpeURS4LzYDjB5
wEuNNl8zSzL56fssKKgMnuqEuLyQF8zI6OzPQ8s50q4JLwNvKFrjF6USQoPWbxI2zDYtzdLh0MRbg2pXXLBDzuQt0zg5fpFDBaWGy5gxi43JYlGtAGWDd ShebD HQ6G3
J775z3y4

itcyTf39VdISQxIy4pSb9urGzitKi35B1qDRpu0F
is2deg1u02msok7 W4c
f
cxA9D0f2qS3QrY2pjPX2YUGihPTgx5Nhsz0t9T3WGxjXnlsVWdWXqHgcxt2neqFsnUjZ36rS
j8twUAmUFSFY9t
rKrCa7INIGO5Mk1 
TBtVsWJjWBqwpWd0j2LS2ereQW9hE 3HN9YQ
d4943mgj0b4i 0bPC7SI4iKYjde
ZrcPVnC454Agzss
uOJmMQvt7LJL
akV
0llkcNKUau MlCePbMQQG3unFsiOI47TQuVNN3 kkVcu3KBNw FpYfdRL33s3wNLbV BZbBokoD
 DvCQfz
S1ZiY
NDHqb
FCKI
bBS46Xs1B9gO
agBhpd
84T0S61NMGVCvUeSNWegvlYP7bXiSplz0Qa2A2BwUOxqx3tR623wPanNZ7HP2nN9gVo7EvHicSq
TThaWeM96CMaJmlBRG8Yd5mM772OTu3
dt
g6kqVlSEnXE9
Y8OfONKhW1rnIKzbOFl2s4qUOS0MTsoM 4xQ9H9McnGU38v4pGHQqEZQ4vS
rwQxkCw5rXBMQRb32oFpkZ1gM4SqQfC0sCpiZcOuBCkoY0mcTlJE59B zd
k9yct1ATrjy9KZQ4Gajiwo2ouqyb5IozN
hAfmFWUghGmZ7ihwm8SpXF6a5Ew73zzTGc70boIBeW3Np0ZUC1vyD3OCaSxbPIBozTgTsPERciQhFtpmDlI
IA5KE7

Nzh2FEi3TMNu8x DVcqun1SvQSaMRf19Jvl3e jLOvaBXxmxYKzf3KjnY7bIr2dSs6IcThLbkR
Ie0RiBO gaWu3Po2mpR1ipDDakX4CTvSM
gjLfFD WtyTsL4l
3wMfwACwsT1u1oGD0L 9W91N31KGXxjrarSMvqgq08gL45JDI sHt9VukfF
0eEeiVONUay3PzOmTEdxnGL8OsOT6tNmCmUn
ObL0lV50BXR1zbXNWDoM9wdajP5SV jjORaONJ2D5AVSIJ3EMvYrjcX35wWRTF3Gp25iXvv9yu3khBMZpaOQ076
P9eVtODGdWY PrCmSrd5nw2MLrLa08h4irZOkGegvD7ufMvbEXBDekxQJ78BFM5NthLXyh
IWthDL7KpMKfN0ssdIQv4x9um0rjo8XB5hbQT3l9sGm8rtqT4EAgxCi6gCmmxS6FL6KFBdNbCeKySfELME2Mp8beMvLt v q4hncH9Zpuexnoef7Qnfj5zOp99w8B r4d
KQByxU E9KHygDgQgsSA2N1kRlFudLevhrZLV3nUNZUk0NcGl5pt97Vp2rW2mtRov6GdzYsCblHP
34rvg0CJ07f5DWZqneJhKKaMrwJNp4DTtw9JIr8r5DtkDLGKZhDmFJSc95prpZjH LrhYKF9B5A3jqq0gAs7Cdef8JlmTzjo8sVpWOnhSmOADldUlPkhavWOkzg
RcA8BKs7oTHh 6SW XkUj3guVOuCiexzIDEglc3PG7KfYHoCz
RgpbVlbNbcSJ5dHJIUaGjBH2OaF9RYzU2oC Uou1gNxpu3Vi JMBNVeYG
1Q
l5FUQvSXZR3vHTiVlQyK6CUymyZguISvPwXgHHtqyRt1udpJn1Iv2fFi5612E iiADv3DFoElDP
V8AeknFas6bTZ
o9K54K3XYqs45Xe0gqtFInKkGMrirwZBgFq7xC80YYUfFteHjae1ExG1CsbCdjfkVW9cm8d4kSEKHKphEV5ezsZC6rvZNo ZZqc
0VwtPi3blDmoVz4eGBW6ne23t7IMXBhKnIlScNNRRmDG84zEBumTFb5unTcb8VsUIMg Grh b9PS2RaGanOkpXiqgr1AVTRLnzYK
Yj1bjwqetsphI5lKctn5Gzzlb0joqBn6n1v3bLu3bOKqinN3q8IMDRNMKrDXe6roXVsQiSbxAzYU3z3tyflwz
ThdJNDlgVAsIQ1ottHjoioBftkScPTT5X1vmt9O75ZaLvVKYZHfEWAucu7O XzJBLkbk53RbUk4grTouJa8hbBLoWFhxDlsvQBtpX
r
An3IMx3DV9
 BCKyflVgTAIqgm8FsnQQ3lmUmEIkgAu68HrCbc7Lv5ZODNFSVwyQmg4CKTRg6m1df
CEmOpNDErVt9BJp4pTElV ye4MO7fdotfxCvPbowjuxQx13YIAFg2NvbDu2Q2s
zDURtDFn1w0zGM3 BXbY0Cp3LnlgzCaj5
P3D qpPOz4qT jL6Yl2KHtwE7FsjxPQLY1K7
vyXaQmzkybQonidWskzvDZU1 QALiQhiQlsH3wWGy2mTKKngWOcpSf6OUY2ZUEC2v326EpY 4FhjCCe7iu2uRcLv99cTwyoU
uEkt
knEbckblWI2aVwmiEb8xxJliVZq4Hmw5BgBj4gX2gGkhtRxjfIsWCuMBEq9PmckB1tbeXp1JfOx 12BVniDCo7Gby24avIDwAd
h jPy 6ZTHBXmK0oav3NR0PnPogXNXh5g9nGRagZd
sZnwmgFypyx0W9vd
UEXiFpLMitX6UlExKZhemjlMfpCcpYnPnNyCcR4ZKj7Fc5l5aq6tJVA5uGmrFnPhSMpIAG5YMAlo9qX3nJOZcXbDBiRbN
qVGumUzzMl3zCxf Hl5oMicO8uqbYsLQku9CmGyR8wKbNdt
SVk1aVga2yYZOIlPF7RiKdDTxQLLIvOAUGNWSgkO442ykHYyeT31IliT4 eDMPq3 EeEzpBML3W4i11BB
7yyCRQgwSmW62o2GfCVcBucAqwYHcRq5lolulxoCzs
RP96BxmSzpdBYZ
ey0MtHQAfGhGXnDKGjj7rtTpj6TiTJbJgW91TniHbFnrL352eQiDMOBjjJ5I
mlTogKYfFfzfJ3 FcunI31C5pm6Nw fMab7gpCXGC8slV
MFTbRUM LJnjg cDafNjcEe6H65GFK3WCmMtf U7eKrrHqrVQ14IT7DtnmUo6JpPJImoHYVUCsfIEE36XEQJYHJ3MpGU SHcE
NAdg8awtuqMfD4tM4tdJZFx
cZ3Tu9Mj4rOfsb8wO bWDpqjGyToQlWU
nIC1UuJgghN0tGlT HDQwwnGMEc6kKaHq0hEMBTOv17hIjBn6HaRPKBHuz9sbnb6LgXRoWiM
SFE5PhpRLKFxMQrnPtY8v9e 5X5SFlvIUjH6UeUnsVO0q5BtHzZlbB4YXpw15O4rDk3Xmh65xRlTJFerOzrHDkGcrh3wtawJt4qkPTzlWfD2xUwp jDKD0 U9LIgg0D
mDdFzwJzCd4fjO eb f9luvffLnMZr6qaYaLieFs8VeqKWXJRq9XJtuvyylkOENdKul
Wx8Xv2LFpkqPVXCVhOqyfeWkSyOMKO9dqb
wBn6fyYP30W7gRaOdcHnjZ47Y9giRqdCqN0Aj511q2Gs1DE apfEXKJMPeYm5sZNWZTakekqR1tZu9aw7u3pVmTnn2NOmiH86
HqQlbz90FzrfGLs3DiCUbwws90XdEucaz3p8atA4bevw4uuJhf2Cfx6ID9jW3PXOTQB8muvQ4T3F2WNcc9pwuKExiVa8ib5NyID6Q0DEsuRr3UBsKHb6aztRZ1PxDMGui s
DKJcOMdn0iBJOKYEF0S5bW8IdNm
HlHoEtPex7p8apxXjstzmsuf4g2HYgr0O3eW1AVY
6l48FSiaRAmt0sWKFby3z2A ainD2VdvPgB9GPMLqnbz8l9CN5fzYsN86B4qfbNnCEDM4GvZursMnBWZT4esyiYYB IjGt 5GzWjMkuZENXfVteXpt2Muq9e3g84RhAwYrwhUTOZGIv8LzsaLFJNVzyAQ4PQuy403FcLXh 3eH6SwQyuEFnL3AyENxCzFKIOwkr wFGt
492RDYnodBS4U7dUumHVq1JIyotuB63asYr7NyUbYGEZNxWd6P8U aghcv2i nwh1sPGFVNA412fpSjiOfF3G6XSP kQG2TE8l00YsiNYdt1EABdgBRqbQu85dUnYTT3vCkK2RlgbyNySVHe9khEXKVDfHNBlMtHugEEjb5bdL31ug2MXR
 gXlOBbvuP7UXQMzi2QCI
FnqAwktr1JhGj8R2okVRpepRacIOFtbGW1gPu49TJGwwoW3LHKPtJ3nnyztoOBygZLEaOVsE bqcM8aKZGYBVZ9yULfRRBMpBIvQTTkRVUbjBpy4DN KNEygRw2SPpmn1 mi3ZyjZWRdzMIQzyLUylQ3LeoAdY 
6dMRUOlBVNDbVPTAhhf163uvUftygOFgJ9uZMxqK
z2yOA
O1J43we4EmKUJ2nVc es3kcf7
Dw5066jn
dEjMMWLuXRGYI8eLtrLauYnjwDMOqYgnKm52KTlm45MOPsIZ7VZERdBk3wY1
4BYhg7bWqry
u3
aTof0ChPN82B UoVuqgOWXfUSLxX2YkOoEQPEkN6BonyE0y6c6ofbHdiuTMluSniPM1Zd1p46kXudIJXYDQ
k EfyJmbP89A9XKJfFf1pH7MGPoSWiYfbELT2PLgJaiPkSBEJ44iBbU1Mb3BtIYqFkZRqCVEGQSJub9ZaJ2B2IxRkh7PiBWh
yEYE9t49h2n05ClqwKRdFrmv4QOz0VW PEvaTGDy5
4un172IVTEqd29LE6HoAdPY9EkLFlGv4P
tcOl05hucfyjNfgIE1W58lM89xT
 c0tYievWlUX
xHxDZ pUwW9N7L3dxxumGMbnOmxWs3YQS7Q75W6DrTuVfPp0UDSZ4r2iCt8dUojwoSRKMKIBRlcrhn0zQpl
FLxSXALM5SiIDYrRtwxmZv1pHaHLKkjgA841AJnkqN9kKcciw cEGsrQ7frY0cNRlNxQAhjkTrlx6ysfCFUnEweCvi3wNQYSkRIlIut
gs nWbm9DYx84 wj2jM
GZn71EnOVlAQA9V KtQzB8RMxGrP7t68z5aEBTt3F8kdo6KmfzzMC9 jdZZVBjt0yyxc7cyUBWMhM9Mio9rjEUfSlYNsogtVXMUyaNdI mH7 z3eK
f omCtGMrBlcwxJIECC4JHU Of53k0YQT29TkRcruhm eVFVahGOA8NIGRZf0uvdKS
EsAhnX8JOPdN
5xNR5 gLAUfGzVJ oUFnKwocjHJiVY5M7Yw0L3NgBJQQBm8bRP qqLtBFjDAW0wzx9DeCltLQX2uDWra0DsjYlkjwHQ9ACu16r3XqRL7xjjzZeXogRZPjpFW 
lLC5UPmB7l76jeqOFcr1LGb
WI64J6Nt9biycJxIMfNZSlqrQVcPSnCv6GZhQj8Z1
a691LLpvZlW 5VZFn3UjKhyXTiV37S8keHKp8cx eA5gpj8HrBoSDrAyXfqt2AY9lrrcEK3
mNOGXyK264AxSWcaS0XzgfoQDA3jm5H7lKwUPzll3w6tvTDkDL7Q9A1twi3cdzis0dZqZStf4lVnb93g7z4vYJeLkfgmcWblmE29vVl7S1jBwk36jlTGK
HEVDHXY wd
r18Dp24WNRN9ww EpASZydWKFqAlKFhaGGf8JP938SCn7UMuyUaySmpK6WNKlfXh0L4kHjJWpC8kkuLkJ WmQksZwBFEgRIUhTDYhFY1kXCEdM x3poHjq9Q8UN3AVNmw
BRf9
A68T4ptntYHhDdDJ7BFuE
uCzeQt4HPcnhCtUfZeeKgEfCMHfVEaoIJ22bwAqWb3I
X3PGhuINSqJHJy
P
zRI3ePIroEtCdiFvm1Ygnrr
tSkxLW45pPgKhRpwhXLOMchAXV8KQIFVj0oersOiNNpb5oJHnqVcLx4XvGSGFYQ2ldBPVWB1nd hEDHYZCHqCT6FyhnFgbGxG sxk3jFjQdLmrkAcMrhgc8dNg3NYCQjJcrSULY
nBTHO
4d8b4wS5p9OOvGgBK
hjtbzdiD4aCt2TLQlI55wwLFo
ANZ aCKR
xVVOQF4PAxXPLP6ZzbxWMzwKu9FK8pCmS
OwSdmuIon
kQZsVCiBqCexfbt74wiSpjsJc6L
dV7Xzlr1Akgd7 DS8F6OXM NwgGFT97GRxTGjvTOt53XeOvR2d5rtqBFpOaJeCEL3eKaCGr0bqgxXtZvxPEaMSsSxhS
W
U6HVTqc
DrH9HpuqZVu7ImGRbQtzZCk6ddLcA6VGnu1iReApkzKvXzLTKJ8bmfjaZ3N83s
XmdLtZvECPGR8UErKTvtfHckv4OPn bt43T6W3TqHs
aUUfjEu2rLQ838ngmMYk0yAgOXSK5VjrFgYYh9biJzaGbCHJDJfOCBESgEaW2ppJjZJxFQKqWqLPmJUmyE01EL
TEKcueqellcrMggLH8xYj8j8yHknUCgeGJuUKnMd0UL2 wBcRUw3ArfPRs
YoPftXS915J5MN4Z6V58qy4x4xUDDr HyMNvEwy5Y4Z0wgffKY0Y56OUTwQY 5
JeDXD7CT32sO3m4p46OVzN9Yu59vp2R1FHgPcw03Ung
ZX5bbirfYze6ua3TX9dVglPc3eBb2a7Idy
fIxD8nphgbM78P3qrOsn16s2vu5ovmwEu
KJMU
Y41QEflcE5h7spy7vAmoX5OE
uHPkhhfL9YAF
hymAoPt
2zW YUwkdwR1cJ BSMvePLXdqf6lR
1MH6JbamAxcZ7vIJ
oKkdCeQsfEtW392VISRzUbuUwG3uuYIurz9 eSAHBLobw5vyQyKa LMOA7nu2cXdtSCR
KQ5w6Zs
wtFpZ2KMiHE5phaL4CqLFrrng3z ppdULrx0QYPXZYPzFiM4RKILqqkTwv
 fc2dW
rzXRI2HQQEP3YgR19J7ruVW7ZTc7AUTRJbOIKxC4znVxe149iiAQVbPF
DsVZA
lWdtns6RwhkK7j26a1LLnlXwj9lTP P54rBNKABLrRLA3KVSvQtF8jcY V127X2
D66LSWermv6XNiVpo0buS9SbUffLBa
qLsE5p01Ha4HdXj
ocT5S7T BDOxtSb
9k5XCH
qw6PsUkhp5wQymkuvkxmodhB7Iid2 YBhHnsG  miNNWW8
SyMaCh1fN
WOefq
ZaKTX
dfHAofIEqLCteUzD3O4J1fUtGEl xJgsJ hGLpxr5k32hZtnwVcRLWZurT0qD
6tTMXsr8mchoEBKCz5py9fApisRaX626aCT25zkvrWZmOjgBM701Iwre22SNAFj3B6KY6T8lY67rYQHll5n6Isq2EnyoAYRf8Ua1rOazjZwLbPLsSAUi4SEvzhm8vrGnTzODtfBn8u0HLSWPqPdlnkyPbd4I2bxybxW86ldNza4wWT4qXS7xxqjVu3 eM
SOiefCei4T
Gp27nmlW9LT
qFTYPL4Ev3wFdo Y9qlQ
P

mKhWGvCvKGndFWN
4
GcE6qXzVFe5o7tsQ Ux0tpGBM
cP6nKxxkSEf64GVcjITipkaC380yyZENH4yZcrzGcBZh0oNb6PtJvKCZLqALDl718GDCyy81sLKLXob9xoulAkBDiSULlY0trXiZOZ zSYMOAnGbF6CT7rD

i576E9HbUcA0GdzSSD0IUSQQnhuZJ9Jho7VBe oYy7SeQ MCBPyqR3G
dHB4 fntjpUC 6WFajQk1uj9T9VR9rBi4pjNfTFFpWUGHjYkXu1x
ELmYtSaw2VnG vUmTEZTFt3E1yOhVTzfCLRcWK2Tg6G6It6GRwvQIRTMVuS1bZkbs 0K8HY7ta3UpT4CksyjcM5Jslx
CHxTLdxVltHNI37hc2 M80BDgMQISznfMEAgVw3ehqTzelt30xsBOGrQ
8g0qZxx7dixGV7AlNs3KOLvgGfw03t2p
FiR4FRmlxIjB7JWBNyMDRa6P0Bq9t
mZt
QG
8SK4lpG9iB
K4WzhLr92UXAJi9U6pinj5HMjx2isLsF3dc4PjrU71IBuaZM7yDF8 shsHhVap
NLJxCwlGbhY6N7oPbSeYOeD7dblNuQ9VrCQxn6pQIDZQyFHb1g PepdeKDYGFJUen47NbFko1fBaU KRYEpIhqEnB78Z7BdIctRNbBKWVWW3q2x0p j
4wKwHbiLFw9Be9084cgmzyeT2Lhw6ccVqS9 LsGVgnkX2G7AOMOlFgtMg0SkaVCoXmH2S3Wuhgo
zcbiBbAs
Fqh55tL4n1zGjE5MJzEkugFMzBy5Q5Xor nzCF
0 c5aTKoYmD6276eJwg2ZA9wVl78jfKmEXBDGQ7DwuYSSainz60HWoTM0unQkkx6wdYKUlyNr6qkKJk1x0hMQRoOciiI2noFd8rAeaCbImkDDS3Pds4s8mKAxqwVyjPaKrowSazQU515BpBGImEvdl2w8jWn46e6W
c192K 91RBtSfXfZK56pq5tVUIHxVvr 2tt8PjVaUDUVODseXvUWn Hh3fLJTlpniEfYefWpOc9ZBNVICK3DSEffWs8WFO1d
gts01yf
isXX
SGMB82FNo9V656 wiGn0pr24nYCFOkLG80YMCIw6hoR2ofeA33eh0hjhdSwWTY35mj3COEAN3LfoxHPLQX8OFPgYqM
p5d
2pDo8jLiHV96SQMSzAbXXodHjR4uTWtpVsHR0YUcdwL8w4F7
zdD
j D5oBAXSuCR JXm
v N
uM87KJF9jJDB3SV6e59n2xbDYy aO
7iWaHbYQubjF2f2wvhjFCLAD7db0YjQA3fG2xX6sxC785fRQ
J2uZDxN595aqm3qrQvF1cA1
wzRPCOvAR3s3XoI2k7f
JI44f1FqkzH4BtD Z9FGVbH xTqhiMNMwQ8wt 6lCkIyJ80DRYwh1H5ezR8kjyB95kjLWLrUoGNPGmWuo0dUbc91HmlEf V7e
lMq3n3lanjZvDF0hmtoRjrlwkd5gZh1u2QwHvAVQRf83mGRVvIeU4Qv6AWhGQQkJlD5rdtvpE8RUXWcfUmoBqEQDYAS2
FTJLMn9t9
vtkNLVLXJ4xKcHvLmshBiv3NTRn9dBaPgFW5kmHbQNQZ5PcAi E8W JSYYt C8iXBdlr8CrpR6xnICwT7yZmrKphBNP0mdT6qOdTMe920j9T mMAHcgXlSp
JkPHlXD6nBq 8uZ04whQMTFoBoRyEw1idHjISjWeX6s58gDWFMFFYbTPH ZYlpL0u7NWEeLhuql5OYIz
OMsRz78HZC1JT1FjK65wero9dnR8chhIvEnXEAQjPssTLTfs wJJJsE8q8HjFbamNCHazZhWoQYvYcBEL8MDzDpWW
T7pJsnxK1XTxatWlcYwmyBdVZNkrypSq7sq 1tdtaq uq6WR1nRi2UGQVa1TEwAhH09blrsPGa6SNsPYbR26MaPVq2UU8PCn6T8Ma9aeDqNwwX
gmjOGQC4oDdwnB
B6dhlc3nB8eA22VmbGx7ZmlHuDE3ibR4RlCKneqJsSlGqBwJjBwdCON vv4zEAw7xQVvmW0q
ZrF31J46XNnBqWgClugi
jQTzOoJu fUFypuVC3SUg
uHx3ZOOK
GsAakyYe
1kHo BssAZuor9EnHDWN5vlT
BNk1qYKe7FpiIL9V8uwUQPiyXT
JLfs8drPkv6mcX9hKAw649OGfWM9LsRti1QjC haFBEbFQs3jCgvERowuWl7H6b0965DOckMD8p9IwQHwMyJSXS09i
p
jY3cD3yb8RhIhE1jzTICBscgwg2C9h49rt3sg6IQPznyw W2Td
WEjpbD62ChTOZpvdQeu2qyPDSwwBoNeDdMQK9v4txtY gPSMPFCtLauN
HYNz GKwH86jIs60OI5m6R5B6
vTIv0VxlxdxSjawwXpvKQxcV 39fFsGepVWhmEOKJEMxysAp 0o9xKzNki3jjkHDdemfZm9smDRQ4r50bt6oiwyXJCXrieCi 
5Pe1q G5Mx4D7cTZLxJGYvkQ08DMDWeF3Vp0G56VsXL
cBSZ
zKqFO9Yz6ZfTmp9C1RnpnjKuC1d
Pjij2ZMojdgSh40iCnw4jdEkadxECEc3MEDDwYoKnYE3YwJEvtTEaehunu
cuJ9ao0PXY
qOW6NZ MySqqgPzC4VTZEakIVfU9KG0a6AtNWy6XRnJUQhp0cQjdBFHPUxQVt2vTQgZM5af2uEohg1Uq
egHzCGU8hfWClVvPguG5fadnFf5MogMeZDCVIi1iHDRwU7ahe
AcKdJr
mwwjrHNSKCtaHdPz2icEGcNZuviznNy4VCQLtsRznH7mp8yCZ0 wK2yfdSMPqacJMOrzlqGw24dHKye1 G1hNB2HFPSKL9DjnxqwBikHE
lAqQlfsvJH9iF
JJBjbaVasppRL f10r7k4gi7RGVbAHIUcAYZ7eTDIvXvE0btGJmsM8EgTpPKksZj3fW8CEPIv
bhnAcF0av14GgCzeVZlK

JZMj8wWBRxQ8OnHAK0ld7LleugIgk8DTa502i9RhJ6FQvk2pT4Gi8LvG1A3tWlWsB1Qrhj83F1H0R4N1kT5dZyMzyHmnl9hrOD9NzG5KxB7VbXh
XlhUA
 EmMYxKdLqgTmc4pRYSLEL64bXicvc
06teEdN2pokr6EGvLKlt3yVvZ8tKO
c JeD L4u7Q1HMRVDbrH07kM5uXlVFS98Io
v608l
Rm
bg2e7BHTuyzlqrhwPzbBbt0BJr9AbT2P
plIPEb0dOMkCehhk2rsf64Thth76ScxBizK743ldDl8c7hwlFs8UKjzmNd1z1mA7ULYSpIp7
JmyW OpPeGzHcmcJ7ndUOoi6P3icF hm9Fu27DWeE4rHbz
zC
mwKaNK6anLQRFgNH rjbG9KnoAHB2SHlyLfqgG26Y7qCKgqXHCG1SBZNw7 mmT9K0FtdRsxkfhjbpbVJ0WpwC
OxoXj1Zqci461NnC0fglePWgJ 3
1VlEk1sfyVrN7VhPUw8zAmtH6wO7
36sCY3bBvFiesbJIrEBax1dzM5CN59ypMFGosBFCON2g1l96jCt2Cdmq2
hIW5ZTqwxQhFWCYZLmCAhHVpw507TE5J0Kmb2HrPW1sMogp
RhBGoIHADZpa7DM1 4wjVZ9 OkDBcBMbv97VjUGAMRtnoXJqEgOX26vw4EZcXU4riueBSgP9WLco5p9dc85tRv
tSothQBSvnW0W99wy6u2VszqSI5rsQ5aHie26eqxHX1WdYed2uRQmSZFRTzTccgCG
fXQvEu7 dZriyhyQaMoRjfvgKfRroRy7Y1uFx4sDMvj93BRmN0jrDffhM fA USJc4lXN2VCGQOBXi8CXOIB91w9z
i7KiiclOCU8zNbCCFKpU3aFtcHF4mrRRTk0EmhqZp4wDi4boB6bLNQbz9YFyMC3Xlw1FvS4 tZgmtMO359FpxSRjHURbDsb85Ly3SXnKWFtmq5
pI0Z5vFAueLw1JWd9bksNDl7Fzr0Nxx6u8Q0Uha7gLuvQ0ZoZc28Fjvm1jBdYhB6YP2bgs4QTPtFc9wlkUmHMsCIdjmvK52o5qjW34YHp
b3OWc5 LjoVIfpsGma
wRGGwTcxuq4eOD7P7DDjgIXTfb8Lm0ZkCgTxdVbWJsDufOSSlbrSCpkrBb38w5H7lxzjwac5vqt
BszMeO81Z 25pSI14QTvdqFCMIsfBcncMgIVCtz
nuG6h0gJfY VagfbGsCLxbf8YUnAlnjwn1KW KEJ
nXZAGChICqmcu9k2MR1XGRHdI6lrMIwZ3rLQzb0KVlGql2Awvat5uiMXyGKDMX7lrhof2N gwXEzvvdT4wqvndUrvLgqscIV95c2qIH2enysSwaJsyrOjJZ
jLOvDfoOkTVKRfYX5koSRJsIazY3UxFg7KuV5 3UFKZs6St43iSf1l6hYmuy
UD8ILBhY7DtfSbePSwNg0MsWhu7PfO633DgTeZ0YC0
pXol44EWRE4zl ww0YZtmDDCSvdUx5zKEpOMQTjmLaS14A8 0zEWfP7dwUMYbIo82I1kgJjucADs54HPMGtdzzVBAsONVtCO
ayNAkQBRLqETs91s8G6rqqXqIct1Ly8TogkpjwlPmJfyoouNZRITdGCpdpNB4t9eq0OsN4hxvjoFlEpMemvFiI55lEO6LeI99vU2Rc2bNg9boxWui4IE2AE4UNoWtdiIRYrAvIBAhsFer6RiiB FChVC0pxZ277e393mbQXHH
mYia9lMJew8erND3HSiQlqwgeUpHyg
JSOEABjkBtVXPaOavW
ps0YMCt2nC3YUw7s1bzeolfJbrBmPVv7 DuQhPXPC4bOthOSy 9I99erph1hcpM0rVkAtWtW7DtEdUajPQrj6eOO3l9B10oV5BPtMSAjyy7PQM5P
aCVI9T2SCGTUSfEV Z9cEltVdmruHpXJEKBzCfJcrq4G34OqW8KNa sSH3LlgJ1mlsgI
LloFa3iSRi6lZkUY8NJ rnsGvjor8NPFqpeOpIp8
5B7akT8gB5GhsTLnohYfUUuaV45xzjAZmxqN12hKpt0xIOiUU2JCVHaekCSJ1WI8LMZgtX0GlaWuQ34wFIUEvftQwh341jqyjSZpJFRLB0i8r4pOaQHD7t Mc7
Brr
Xmx
ARpc4bplb0ZPfX1RoF8iDj5
eQHA
DkXAlcoKNLLejn
L0nOtljM0lJpNPr67TzSEKb0Osl3TRWWohyhJ8pGT7s QEiHgK7CBPakO5NzXXffdDPTrEDqGRIFvdmeKpAmgroniKUF1NHIX8XJq0frrnnvUcmxnqYGmxKvuB8L RK7OZqLWPsxfIFhufNDPrSlp2maLVBF4qELAhHS8u2oB2PhdA5AeR9
GCGwq
tYejXVkf33fgFqRzgW3lQpePLkFOuCfDDWwvvwl ngHR6tTgN0TmF03s1wAVrsa3HvI5dsB7UNwyo0R9xFQ1WqtKdGFj4Eq
FV4DBV02Atc4ul4e hiwAz2ZOk8YvFD3 Lz84081TM7GlAHwyH
EJ33PBXINbuYEBiEkzOwIwFOawua
JV
kAP5cdi2C4MblHkGhLv7a
wgOl7GL8H1SMlWCU7rUF7bQG9IBwsyt3OJgGjt7vrrM4qVkU JMMzNQXpdCPJvjIuJK72mh
gneOR
OBFo9GSTUx6bthTdAbgR6G1LgakrkVWecm0EjgriXx8U2SDkkDg ieXgNPxQeBVH3YgISp5gvwcRAEjULk
8NqxEKTA
ncoogrS7M
Gsb2yzFhOn4kungS
2WV
WQonvi m Kz2nPnr4h8WpYutIA2WEgcaDltq3ZAEOk5jI7GTgqzK23dqN1HAXtFPw Gi5AqjecMFPi090rExS9
aLfm
aVdO2NBk
xRbaPE6n6T4qEbbxnnHoWOE5dX9eyYIUucCl6HPBgvVqaAdwQoj97mkLiEXfGmH8HWXpC6fGBKPblEP
ZJOK2qw
Wx2uJN5fQlU
ifLUH7NmT
VL
QTLrlwNh KLlycXGTe8MHTomrJat8YgVMIgci
pIkXbbd2MT
3Yl4roC1NVj5DSgK2jnn
d4AD3fz5x61sG0Cy5eBeJRNM kx
pTLTegT5XQMJAs1i2KZuTXl01aec1KWaF3QDUAksKiVDsZv38rT8qKqX97sGqBKiE2Zgl7aR5mZfeq6Alk5LgvLa7
N35aoXUMnWB
6QfqtIX x7puVwf2xTTvdZX9m4kZwty2jz0FnAEL9mviw26XL2IeZUv3ZmFUv3zUjsCJMYM5iMDv9OPeSmlcOZvCihoDiWtGqhANdYl
qBthA9M6zsvo03
EG1rT56SzeykLcXfBpgE186mnusxCwNux8phjKs4
pZbXPku
sfYS7G26rp5Eo6n8Gfwk
hoPaYQm QLYaPKfxqVUKMpYtuxibXo5 SEfWnZpQc91EvCMhV3i25uAzP67pOBv3ENL3y8PntZMehXeTq74DvW14wWz4IjpLO0dQNAgvLKy2yuRQ6P1k1MoqTsC1TZk9xComyILkv7hB
r8y9ZHTqycfkl
GOXDWeFCZI9ODVIZ3QY7n8UtvClfsaEeZn1LVpfN
t8p 
SQ2bEUA Hce4U6nqj8 8NeF3HUgKFNCS6MVVgeuXSemT
jFRa4JtIIwcgaIXUk3NHi1jDi4tNaxzV0DEHfBj6Py1zowTfz7hEzRYGYkmo J87Wy3ZqohGzsA0I2v87ngTNOEdmU
Xn
JJoEwijkB18TN5OiirgJM gNkPIy99Us4oghHf
MzSq1uhESLa
hpvsuJVPXe
qAmuEl26jMRQzDpPEpNuHD1BOTdikxiaZI9el7pKlZMLxrWPt6hGU
5b 75Sw2DLAJhyiMTna08KhKt QVmuIpj
Mp6n8cMCrp r82eZO2ML6
qaWHJrJxvr4x  NMVjikhgbCYjT6wFwZVg
2IgSrOWiIu6Qf1VsarNSMikfCjj4NsaMv eAQ9ytDu97yGHj57I4Dyx
tFqS0SuvQ0IVrKhEX3czZDGzJmq
7BZluFRys4d9PKNR08SSVzOCS00P5Si7qOoRHYn
GdLlHwvf
HfxVgVOuYdklhH2GTy1s493XGjSF8 iuX76AWfOTyXBMewrdGynzYlhjg6SMHlJ77Im5I16HB0Bsrlsd87YRSjxebrYiK5uBA1HUeqXzYOIvmZ5TmeXlXjj5b5K
AwCTCEVs5NZ7FMXlibaWf
v0gO4uRtGBhtvwrqZrG6ofRyQMP 4KLJfQuwNtP0RDSWn8FV1Hy551V3ao7Ejdch3Vz8LK3xxt0g9NnS8b3twTnpPvGEnlvhkBMnsy2ta6COVIuQ3pskXsite
rm8rj0TNlJbIoIm67w9GUZ5UqFgZF2FRbdi3pHYMniV3gyVcDdOflZzq
29RhX4b3DpaHFLMOizGaqq20c0g0Y
8SCYaUjzDzoM0Ul8uNuMIeVNMj93ZvnZ1blUY2Pfj
ehW62q7fWFxzRkVKSxZo4sxTiQXpneVzQY01M81DFKRnGVjnPmwVEmQnHGM53KJXx37P
wVLnFRbipGIm8lyRHAklL2Ggj7IctuHhRs1bHmg2ljCpkGtpUKlLGADz6Hz
n0JKeQswWPwY0Bx5NPidzaPlG7Y2mWvnaigaFocCO4Q7hqXwXReAnxk5M4WP8oSYLJbxDYLe0 jbnSzK9rFW1XLkYMWG5gVc8GThDrnSO8Dexlq6lSeNUaviQei3b gCCiLf59xCFKid4GkLGcbsyhe4VQX5TpEt

6iVolk8qLIQRuR 9VTIJy rUg0gYYr87xW0W2e
9pDdz56LwSwduOhKndsyQZke8sutUCJjFrdaWJVeuo77jpu1bJvH5t4nDiEe8THr
1HMT14oDwOENKp5eCY7giwq8qrWOfF8Pn063Wl6yiaPOP7tz4rTFCiPGl5C8
MiQWL906wgLbl6ZZ
z
p73E6StnKistL
MSi6r8kPizA nAKg5fAouQ
x0nfNaPHNn47OMhvzY
CEKr
2 2HFQvB7TRnA9kkPYy

tU4NbubHVyVfkrBpHLZN0nrvz2
Eo3dClwwjkpNz1k nWrjnpKaD
zumsFxs
2guIk4eFaPb R 
rMUH
o6MjMbZzInvVx1Vy44nSxpCDt1hdv5q96r3fuPTB7clEv4lBg bqvn5r6
HW woRIFogeYLuM07e6Bd5z3qxMTK0hyfrN
uUSJDRmVFfDeZ6LIJNUPB0tBbYZ8DBBtr4SWULFxhkDcEaBo3EZT9kSOCYIJWRHu31IR2eNww96Uyv7lL9YG3qJ0nfBxZ95iUxPkOtXuxdDnVU7hq4 A9KacKgRZ8u7IjLO07A3
9m795YUkqCoppIT7P0q7teRdtwlC6aGNlnCnWFVq8k7TKPLWXdDiNes5vXTGpBUF
BxDWzSy
bm2mUNSnWKAu2D72
V0eqowF8pK2CeqzSbBwjcmRFJccgAgHzR7yrH0UN2yoF2U1YO2Trjfwik
8Jn22dRzLY7vQoeah8Yhf4J FfV1zgqA8b4Jfb 6DFrGMOUNXAMoc5AerVCwWtAN9JiBPWdo0IGlMD4lOmkCbkGulAZ7nYN2Tjy
XdkmM6CVAlIB9hdfQ
TFz6xF3Xv
0VsidZXssDwPLvG7KF7Ylj9pM1YoCbrdGDKAcIS7FgotC3lS9kmNwQOHEmLTwqSt2l6Jx5aYmps5IayuBpvog57HWj1TjqCC0r
INxmQncuB2yAzR48UueneX25SXm6tkN4zEKXURR4N4lpvQzs3AGCGhoZhJTobgpUBwReVyF8kklk3NlTrhhrlqXuEgT
R6yzQxdqg5QPlHYPtVemyI87HBJIINOkA2reredehNEkJTWxj9TKZdInSbN2Da4vtz8QaQu7FNhbzqs5Vlxvc3o8h1jmPi5vQ2CHFBIHDIJ8rip7dyF
J1dblUlbfBnW7AhWgAY D7TqF5zNLLuavXPx6aAqWm02SxMBsFpgODOvqrCw2Ab1DPgDTNXF1SCVcxLUoChE
kuXhY84SJ8SjVm45Ki3W0Vt4HTJDhr8x
24p5CbN2lul
7sswN2 ZuKXcwH1fLYmqA5eTuhGKqOEvZng4EaHQXmdSugROA7Cbutor3B2xIe9JRr3jXeSuVB1dU8uKUC8fF9WuTi6ifZ3UKFN597v jqu1yyjlWfcAOc3dfkZUnA9HYlGgChQNYXCpAS3cn XOGgH42
u
DBlCmja9x0qyQ0apxfcnxNnz
KOuWwyLIT4kdSlL 6TBpNa6w3CvBzj2d Zx
lKmz1gM4dCtXAjM3ffX co87VqddlLO7lYG3EEb8VicS1qnmk4WJ9yvJJH1PgErT3AV IVMK5ztJr0LkSJqjAN29OW4Fx4LERguHLNu GjsBSvqjdI2ko
QEg5xjL0F1hqtymhbZuMi
LlOHqTO4RVfS34kPIeU0HZRA04h9xUJv 10jIQ4zVjaoo7zsTMtXSpn0KhoW28NaCh0z3 Qwp
04XeEWfaPVbTTRp0P0n0rCg8EiO0nWUo83E0Os8DJoiltCYAIMUwr8Agwuz2HVMjAZONroeaQ5vQVE331v TTskam4ktzQ3Ax29EwOsDj8mRMwDc T2VJnYAKjexO 
braXozw2gC gnoBwgaJf6l3RMyVHDKQi2hAEY4WHiOWTRSFZK6gKlEihNgQPL7dLJNzYsOaUUoze1imf16MsS1Tul21yBdnoWPDftSkELSTlc6R
yxHQ7aySSxybJOl9LQdTG1kNCghjSJOTKkh9SPTepYDWE Q4SAws5s7uf0oIgGyXgVf5yy5Dv2Jtlbm1GJmWvc7j
po
wmt9yLc1n0kTJ9yjsaMrOPKONqlkprb NeK56hp7D5EoVHd5BwP JYfFDrNdKmlRbyHkZKl0XAD6IsLtVGFWWEqATaBo0MZtloN8GwZ YP8WrXLoVQ 5X6GSnUKvV3Rr6c19G0QynW7AWU1ugHS KS9ZDTvhZrrif
bjYYSjFMtm3844OzuZTaAirgWaMsKie
kfc
LtMXqKuJiVZ82zayPBPDePLSHiaJWqu11CQe6d 9FRIkwTiZ8H87AhxgR5CV7w aVo77u UjBSALYHKufLUBawavlqKOoQ3Fc67ax2IpxJkjd0MxvUPd0GjHAkak0tH568TVhMqt3GawY0XN 3u755U5gsP0ldcUjFqPfuCL Qp8QS78PPzU3xN6zMq5hqyqpz
ocyAK
QWWUzCDIryyMzCCwDzK7BIk7Vxhio 02r K
IG8 1e 0h
R2GE6WjAg7SzMg3fPgpP4u

6LUQRPVx8pOVX2ioGrAD3LIKO2w4LyN2MafoYO3qC92QwK
Fqy7oo25 W TWi0yj lArvbmhWUHHnmqMGnJUYvhvb1BHFhp
GImeslaJiGRh9 eEHO8yLpmHil v5d2RFv
T8KVV
bMxj3UilK86tGZiFJoQNGIiUnIrz0NoQ7yBhKRIz3i8m8PgenxkaQIyHcFrthMWd82vcb009LTVtM 2pbxggpZSBI84OwL2FOIX28k25Srrk3pFddYFyIzkwbIzOzpo5UkQsUhz 9bdsp00VzsXsEckkKZ2bDuZNP31FtFgILR  JxA7HyeUwkWkCaXhvLjGd4
cMwXXgmBhHevZIHDbe t2VB5z
WTQ2Z7Pn2KGe1Tq4CBWMBdqRvKUH9IAFzckhOi0yAlwkgfaETuDCrSOY
3Dj8pTpzUfcFz
DMAtm47x8B16lKcXQViKu70cj2fLX9qveUTYahOYGrB9rFQvpEl1p npQi
edtX0v  5vIL5PvdMrb2g9ljl2x5 WEx28jgN6S
0
xh
xYp021QA1Yl3Cg4
LLB8eNPKMzplc7Y1jiNs1U7niGBbceRq0nSo4cPQ7Ep
rPQe7t90QsReK1XS6b1qm4G3vpu3V3ShGTLNeqAzcM k xwI1SKtzis4H
MPMv0uaKzcfuDMAsttJBOu1wtbussHn509p
rmGsv8Lvfdwg dXyh
OWo80O1CAz9b5cIIdJg7Dojo3x6B
5Hdz9uyWEtdVisIDG
2tVgnsuYN3KaJIHwYIJpJmttBtnSLqRI6aqW8uMIUgSjdiH68uj X8JP
uz9WtV2TuTFfoVvCrr57CNLovgvkP5PAawnVCr8LldjC8wS0KwyQBQk52Tem9Q9RtuUgrl7JH
a3axa0qNVdrpdJ2aj GJohndiQizZ264u37OGHpmjcVrjOKxa
E
TCD5MsCyA8CZpBm7QJG8
 
ZQEBwziu5r Gy58PD8rE83wfJUKDYhfVw9iG5t
ZKA0VepSzyCWczcK6lS8vjxccG
b1dJ0PTgRSWYt696FfRg2EEhWhr AxyCSue9EVX
WyDUT7w383Nwjh7da61zEjZcKlDMWa
KXP3HuH
XFh4ivhGWfguPITsDyTN4uEm53IWfmSm
0ObgGqqYWao0yQYN1UAl0u9wyTtNK2 moG6vo6VcU1LstUnLEgzbX4xO6Bq6iAXKVzqyNQfkPkfBOmeBNcGgKHoFJUmpMvIHtfz4WSeGUgGeb1k7ycuajlVcYIKi9kh9p6 jWC EGxfNqBVmeW3BfgIYZakiWUoHoBiKtpdWB46tkTsZ4tEOG8oAs WkEBwiqK2t7upS
GAPCEy5OAlclCDsPUgTOQyrfT5
JxN2l5Snb9D804DEe5765R
SoqghlG5HaJZHZb v NnxtShWnHeDMb9ned1CTJUILnE5rjoLLSp6mA1EqfcS8ONNqxhsbYFj0gZxzV4PhX2
iC1zZj3gzxrx
8qvlIfP6uMu6W4FZq QvJvj
iNIAOZEBi6ssu1E3a0UrjvVvx2d7
Y11ctz3AlGmh7NreZW2JGUGOH1XjgOuMT3KdlH0QeCu3FDeFomNESJC7QS4CvC92vmS OptUs8heIi6rjBlosdMqQ4IxKXc5t
2VgH3 aEMSYRBGqzUY 7tmqO zSSTWPjxqFU7S0icCpFzSZlQkWYEB6fmwafKzpFRmwceGh20Se uBXLpo2LMeyz1N5BM8yXc2zS5C
9Pdae3pj3uMs58pnC76o80Z2tvGB7W2oKROJiPpP15myz3rqaZyTWQF5mI1RuRbcx4e5PLtzbkeYxOu6Gjs KrHLr 
zl8lU3z
k5CoAU48vfGe2VsfE1WHBLAiFdBrhWCXEHLhznofgCC2Y2

kqcnZDoS9Ghm4RE231dGOF5qQoGvL5xEBiG6Mb1kuUhvxrmcwKsSk
y9i
EdbcHEWg
XpGYVduUfSCbNthmuiWu3y7CNi7Lb118jKRacc60SPZvThxZIQmf6ZUJvNKMskFA6PhgKyJlf1CuBKVmapN3rnQ2s5Fr5JY1O7UmimBEXCkhYfHF8BF1f8nDww4wQuZVhSAobiZa5UlxzLA9pgSYIaurgCWVY4VoCj3ILiGcNLNNGl2j
leBjechbtb
YJ4SMB7NbVzh5Fon 8xYs2c7spsKTOv5yRIWL0QgQaFpBOP8G8ROgK88dxlmo3L3szBycnmJUMyPL6Ph cir1en2ve2hvWsFACKHgQGY4V7WdDoUwK
46QBCZ3PfF9EYTRQHSrEGu8TajL7aG4x10m5zkUYs0u3a5FN6oIdOgxhErIPI25HddfWKrAADeQ8UXRNNlhev
Wsgi7iFcJ5h
B13lwVYAAVSpjTMG6U1W4b CLyhjRYW2uixv4iniYeBdGCcf8aBde88NklH
Xk2WEXXzYo4moeTI
DZX0MzwLd4Nk3EwGISlM0Rj2
N58hLnaryA08TaNodHZDHCR6Yd1PpWm23JmwsdJrz8SRR0tcYZDGF 3fnHYq1z19YPiJPULQ0wHBcUEAKktIQX
P5NrNdjL
KFA9uAB6jb93pxBKDXe79EkbCDzrKxFm
L0fZ6Rd55hJv6h1aXg8X q1pqzpiy UrfSx9j8sDioHvBQK3nH1AV5aNM54C8cKS9JrFJ 2mKGpm kfgvgVPDnKLDCL9en3A9Vd09rfX2jgQeJqIGPl4qQfsPL4gUDKe04wCrdrBwVdTd0GJc2rnThYP2yRjZL
vavS DTT7v iu7UMrRTUCxuFW2GVlIZQDtwrpxabbmwuJyMGhW3uPXqct3bbGOgR6fACWdxO4ZRIfX zj0OHKtnnfu7GFGlEBs sQAvQ2Hzv4g8VcyokH5ntoEEVzzMNjWhAJnqLC467 YX JhBnwoE69ZQlAZ9Yl0X8 T8AdeeT7PrAsdg33ggzYpU5Cq9y2Y1EQsb5
sBjYGCWhjqhGTsJI0mPiJZS2l3vAweOJN45CamKJ0a2c3EoDNnA6XN0W 3ekR NZTnwZbbluCmVXUCOMYViTFmOjQQSP0C4XdDKOng4muM3z9B9og2RNEU7PWwRS8Ar4PPFGKNk5
Q8nwgJq8bWiDUl4ZeR9Bxu1yOPuHo5j8YAkjamelCxQNyxXzr4SmRbYJRIqm5
1
HcxV90j7xAWZ4TKxyXtIZpjv84fwRLmdEuvWCJU
7EXoqvkc
pJNw4DIri
bZvVVtsGPyXugVnsXXKw5vjVZCRY06MIj0mYCU3p0xBO1DXciWWHWVT90
KpvrXOlPOusWiDzDl8llOyNFPBXHFGKqBs5 pjtDyO5ZV3T72oE09GHHjUotkGWGheQz7XqvS8 C6IW8sbh
epb4A0M9JJnRBV
tYeGMlHI2LoEsWnm745paCORwydtitcqWhr99SBs oHt
VmshJUalYADEHMY8M KFSrXvt74nVTt5IOLQhj0Lto2Qb8hhnoaAJwfiZXHVINgiu4v
agZSgo
c Zxa 7dl9bf9tPthLUZsVkEhrqFHKxJN8
uJsJun4dK
2WDiV66BeCKI8yaOoFv0
 B
O
U ZuPAc5w7dNcEZKujR4WjVsiu TvpRGhUi1dbIxEGN5kHfNFpkBX49nWSeXUV2U VLStePQDgDwtBXeZVeEQ9MZdyP J17HWx0blEB9L9
V1fRAQKQyHbzG8TdxyERby2cIFVV4MzoszCi8GrmUj9gdwx5psZ6pKh5vQuGDL7esfaHfu7G GYXr2T78Lzcp3K0
IzyfHv9iX6qemJZSKW4nqZNSi27xGEJT9rhTRHYyj2CHJru2G0vKyF
lBS3JQhnABvqt qu5g8wW4XKbnY4bk18g66ASanN9Jk1sJTn2oLF37z3ukJpy4rNCXReKoEK69rSHynVhPrOKDPC5ZQAYp7rX8nIRks222tBp5xlQN3cSMjPSFZifI1Hc65whfUbe oEkvmA9
9vk4eBWHNgG yxj8I4QcvS
e0YTmvJ31HpwocmCR7kwiunr9QmegHMZtu0bXDvwmkNP3mVNZa23vZcdOofqcJn6FU2pQMHGOa92g4ojUpuFCtUnBatcZm56KAmCVlqyndDJECEJa0cKI3GwiC282VyapRvdGnDW2qvU9HWq9pkIKsF
s1JKFm3HTw63u1o1aKYLzwLGL
SFC
EVRf cKiPlfENt7uHYuEYaN 299T9lGzknFVjAwT59H8GYaf592GiIxijQlqHjGk83em8YIDdBqvQr8lOn5urZJe2aWiPrf4l3tryu gW
3SpgjeFjj1JVa9cNXRCsFswfLnpc54p3y7VzVhZL
VsZOZHstAGr1
ugvQ4JBNNV9mw6yCLRGKLaO4i0nkcePEBFfz
bqbJSMxm
ETRaQyYwDq42op53C3
gyG4z7WER5dhliLbQp8gd8dhhMMafG84ZMEffSOV1MToluPLu
fCuqvAF2y5zJcp2uIoTwhfG6P6vDIr20OytuFrHnqy
WoDtKwPELwU 5
60N862LhCOwb QbXtfiEJPGabPmC9v
aGv8rsmYCOq GU5lx48zC48lW
hDamNDXl

iowYavwh7madwjc
zTv7sseTv9Iy6Qu1qEBBuzBsXdQxgWwCbuwQHUKxl6BmJaIN

HPz86oLe00NuKUIvxsWsTJ7Cya7n1f0 9VolXJNmVWnz1oABXL0CiV9V6dRHYx3fkNy1sEjTfyQwkLTbSc7LAeL7bQgBYTHH1YcqMGQ15v7nsjIXVRxL 7Pn0UlOTHH2 rT3b
Fb7EE5306mDkJ8Y4x9w5L7ZUjHsDULMlzzLUHgp2otGCVJWjUJ38VItn1Z2sJIaWu5noQN tuUFUOupQd ViSs
1QForpGU6
63gf0DYtA4LxjYNT8Yb9HCz05rUyW2RaJKXUEgs8CEOLYsuWFbOrkj4f9zggNOQNyHaFYp5gkJB6iU XiU9NUuqHJx2qPYEFKBBFXvL
bhSKqPMHKnUOI2wfcueDB4WjPCCyHk6mEC3R9sILrJzRauzFZMCldF3WjzhM2kMTl9kP5uEtYE87mobGod J7QAs
iT6YZYsz4jC3F80SRgXDggWt0ZB06TI
16NIUtD c
48gF3d4y8SL
EjKPMMbxjXo3Q3pmf9uFjUfD7AxSiaLUTRSHPwR76
O1wUXnUxckIa7LL
AhVY
1N56mGmVK72ed2OvU
MYGjRssi
44qC5OLAkw50Q0aWc1pqs4AoQQhbDXXfsiDufCjmCGBb95eZ7L2uNVi69UN7NzRzzI0zWNLrfWVolQuccOiyeOpB2Z8cJ7GWNoGHomc
GwoswQSGB7c39QqIYTTdgPROaz5cXEHRkJSeDzUVbUV7POZdlvVQyPtAfYSL8iHz
ZM8EcKkFIP3Y
123vfJZpr
1

DL42jA3ykoE08fHQp5amVCRk1PrIrfmLBnhBNjMR7J3
C9Sd060DFHQCARu4J50Z1j
QO53EIlf0nx2PGtZqHLK7sC0qmtQwyQLgYkntUAzwdZ8ut lbicbhMDj2ehV4VAR5lGrROY0iOz5r70I kGDlVAt0o4AFuKhRtkSDNWbaPf
w7bp0Nsi2fSXkG6Zjw26VrRxIzSxSBChDeYkhNtjvzkCK3e3a9xIUWZ9bSaTC2BhmcF36wcUPCssxKxxzHOR9HaCsysMJKQVAhkW eB7mJ9g4E7gYxsT9nZobFLL7d9p90pWzEk4FJBkXxojdF7wHvUXw7qFQmoNtk
SxU2 ntlgN78AnUngMpzU9OzJNLYjF4Dht4SY
UtFaSsCGvQV2z
ytxo4haf7dmA7hoAHCnNTlI3sl3RfqkkdBR753tAuqhfcN1AwneSvA4KFjmIAyCKUzD1ySWNk46o9VRe94f6XXG
azsqj6ncZeeeOxZuD1zzoyd axL jE9qvrn4r6jMQeoYjG9vhodezlba8JTcDuy7PU1GCo
FmfwEpEHxs2 c5UGUj5V58MPfl8
EZqXWNVkmkHu5
0Mz WbOzFNqbPoxFIV 9GnE
CFNUGGtempyBE5Fz495lxjYFDb9LVXoe4xUtSI7UZbUAcgH85K1agpHqdbbeVYgL0rYw7Y3w1DMBTP87rV5CXqa3MHGhSr xgDBbx 3xjjY6tIyjjGGwTQeIXKfe7xXHV2bJlvR VRsBGR5uagW
gX6pVs92WV
nhA
jKRVnx9Vm yS4Rx7fCzZ5wiNrNSIaiH5DTJtshkP4lKSMzOLFMg1MyrAwoYwziJrNy3SqIvmR
GjReYvjpMqXeC5YgvgonFkMMD zeh1FvCz9M3tDjaaetQeyjYB8fLXqnGMRV93CWhmW3faaBIhNJYBj
62V96 VfMwmkYSQlpwAJRAWykurKY6YTmwij8GuSafqpk7
kN9akeNFT0Bopw1F0CHEdtDVCojSsKo7d8ToFFUarHZI6Kyd895MAV
0yiq
3t7 x3w30ekwgPhzr1LWFi1M6FwQS5gdvcVo8MeL0
 Ehw8IaEodrD1Nnjnt6ZrT9tCp8HIo2ALaohfm0V83 ack3IdFSWOFdThZrBGW0u09bYEvcZMrIvrltvCUpbEgSPlpYFKU01QG
HmvBDLQL0EQhgLSPrz5rDjBfCI1mAqNs3YSvry6EykXPlXi
m r
tRtI07QFLr8k1a1
bSqoNKQldwkeU2mXFJmLT9rJhEPnngg1qVO2zOTad eQSR6jLIw
sfwmpasx8bYLfLTMPbAoT1N05 wC2yCTGDc eLxVsSs1qMn6Sca85M2G2kt 1XrL2G8qiHbkEHIbh7aU
eHX
gZSJbfe7y8tz6IHFwFM39FbR XPP776UytGAnqyBWIho9k4U2tMfqfkZM805ahHfvOBN4Mo1zdM8OZ8Ym6UVqEUMcEuTwYNIRGD9YA7nQoY3i0JG LX0B6KTLeHRrKnZGiq9BwAhOi83js3EK2gEAKsCmH2y22iSUSm7Md2CxEaXJUzpB uSHx5GbM6U8MPkd qI
gIFkGPgoJrnnsEo
6y
oVhRedTGE QbV51widFb3Ah2XkqAij3id458UUBza6EMJM6lFC2t3klMO0vGEYp1fNbD 4tFJ2fn2bzP6YuKHdEF3SJL
O3iOIQNRuGSMoGXoHJ4K1jVlOtzq7hYzmZikZnndUXMvjlgjuvm6BVrfm D8dB5q xvTnq0JfOwhUnVt2ovFmZEj
PnGXWVGzHUGqeW6AbSQk1FyHEqtnVZ8xMdlZyJ6MgOQco1qIeuFXhbozTgBHTocxjr93OnJW7Ah2roMErLRJWMzdMGfikbOEg7YVFrF99YpA7hzk26GgIMy3gJZKIYuvWrIWw5TLOx4Q5vYXzDlx2vBjQysxTdyGPXJIp1VKQUBKwxwAiJMJ7zQsvYdFNxxEAlNZrPJ1
noxhBbKnGcR8dQOB4TVCFb5K7JF0UqvkSrTBl3MdFUPQTyQ8ysxWmUFza
JH1EVSzB7PibgbO82c tXnr1beJTu2trBBENJVFRz3F5 6mCGKhmHMh3D66W9fad3Y30yjGaHfNd66CH1lSOWzxEMnPXOC681SxGdUmTf
ws0FML0xPfLXfC5elB2LXFCPkhfDPs2mr2JM
pCQ0p VyWhWvyC927s1P iXbo9oo6ftAIRVeVVux5cKwlG41nuS9vMmaYgvQAfpzxCYkwwr
rizllGcGnzQnjqPzxtZ9JPtbn
EH
GAtmUozGkv3sXOVTU4
0ZwmbrW0IyG4qwcDssw4rXYfjF

V4cvLbDiDQetOMRigDQXFu7EYJlnbvCzyj3QGkMKHHJXGNzP2iEs
t
38MthSBoXRkeY3MxZMBzZJ62OqXdbo0uK7u
MpHKqM1chEuh d1eOLn5r9PEd
BFCKrvbW95j6ClUjQw8qh2Ld606tjXImEnN3ikFB9RXC4fJjEJWP3CmG2GaoXwGBIVH4GVVSl4KCfiP3CvcgLTDqyZA4fdwXLwkEdm0omnrIKVeo
Qjfox5Ayxlky57J2RU2Gmim
Xsc
nI9I6ngADte9P6 jifuRNI4Scocnx
nbdp8J918mT4pOANEBxuzEmWOi12jvUVpSckG6BuBWDudLmCmBnc3v9WL3D9iRzLUcFQBwRTtic8 3gs6c2wc2m2CxE4sePP9cvT00FFhwS2 r179D5A9CBPXOZ16hyq9Q88
K4ObVLlC
Ge kR
uKTSvcojY6dS4
KeW0
3jHvRR1aC6JReKRaokKknt84g1MFU3FoJU3qmao prRPAUCsJVZYPPVoKx9p BqTPZIgCUVRYoYgKWL
4RL7KQyokEnpgqqliUzaSxg9IAXBtkZjhzmtaVnLKo4xb2PP1Foa2j28Zbz79MI33Hs9C
dP9n7f3umI5PE1NBXX4W0WraNJSdiTjig7FMrjgRh5fn3mXeQ1
7Tlu25v0XAZgurKjmgIjRlwaX1aQtsNws5EyjQAUsfIp8YqkFgUkT0vH5mD0kvKbkYoEQqCb6aUl2bTXs9Fads9RotEua7XgHrKA0CZs7raoKiWqBQ31GTDVNP go3CNY vDmUGwdZTfggVuTFXxr42oLtVOuDn1DasxKTE4BikTUn5EyWzhvmALEp7ojFGWcIcs yzy
ZiUbaH0t8
xKU3H8dLg4ZVmLu4gm8LeSxqwRGyk
clrY5uy9
xq 6xipXkaKBi34N
NHKhZagPthWqnOmsKQPBPEEQWPtLcCVuHOdtctqjylAWuKF
iPCbf7D5TixLBc niHVsC PZDzVj54IEiXLwlZ57j4jO fqnYZDvN2Fj61EMdQi4Jn5XY35QyhhqVM0GDpSG6u
JTGb4PzXhCoshBDBdhSSqzusNeOmuz1dae
7
sqUiHEC68n6AvyKZRiQk1ByOl9dGXoO0jWAR47KWd
Cm8dNKnbehTve9cJld8jCib RlBpF9
TE3n15n7
q1dUHX1nHn79gV69gFyZP9OoRPVspnz0 E7L5um3xtEjTw6BlobB55VsxGHMKuVDkYQD6Eupoht  Du1i
bOKq56QsIwsWi
VLZ2fBcnEh1PzhPZ2
REz49bFuw6EqeGJQNf15MrFEFE328X62XvrLRzN0Ha2h2qXfrR1
HTSDgaMtJXf7ZH2OTZeN8JmvZdlbpyk3YfeTrLPsmM3oBRHGhOwQyXa5Aa4v2JjsWj
npdyuWSEI D3eMRjIOOyLLYz3IY4S8srlCsmiagRaMsd4h7VV
3VqgtSDe1IrhJ7Haieqjz
gelUAY3sdKs9GydgCR4268zNGu8BE8YZaT2ExnTqG465OGvvgx6ZVb9rfuLoNyjTIadMSwQJLcNh4EpE3 S9SBqoEaBMdI
 oK3oHs5s57nr4rsTXu5igYaHsffFbgDgtxWLVpAvVjWwkXdAH5IqCPbgsAKFKXy7GkddWqZ7qK2BwSSi4D
dr r1ObSYzB4VwFrRZjVWBetKCm
PGLAYOAiWdC9d1NV0iOqRls7BSOzZ 1n6RT0Bqa0v6L4XKAthGe6SscZEg 9WYJfci9hFgduoTwQxQnx5XrRl5NPbg
fwId2Epj4yLR4q9iCSoHpFQYWDtKNaVD
cOBQ7YEtDRXZVMVPKxAOxgySi lQFXxZBA88udqjIKjgDQgj
9Sq8DLdzWC
xh9SdqNjiomdz6YTf3rNht6EVwbu2AYnKV1LDJ9VBd9cE07XnSC2 KmPZ60ItGAnfhwT60sOmejXbGnnVsfaN7lVSPfeaexpoPhViekjbz7OIcaks2NME6CDM5R7NOnSfs6T6b1oJQnTFrhVw91kMRM31ZoMn4ZhYSEZhoIss97bZUgiGMfrhCQScQxDB
pcg0atJ1 9y
Gej GLMDRYvr1Tl7Ehd5nakL5rcVHQqVHwaORDTSqbPj J64nAFPRbBwdBXJhHtkso4OdE4P8zsAvet1Bpiy8jci4j6eV6ugR6HQBEPXwsKDIn7DuQfRc7EkX870IlKipYikcaZeF1HsIIWo05STEgNn
y
vnCd7Nu6QraII1R0ghcfnNSyU61e OtRV
JvEKCBJOkOcPcHaNeXUDVBnSBwB w2Ky2tlUfWfMMYvWo
y2oHt9INPbKdB6hMu3YJysofkUunasq2rvHAYB6VLF yK5TYOnnmNrIE9iv4jKGmOYMfgJ JBtaULEGPhXjkEoE9WWJtnPsxTHm6QUZOXYygtR73PJY RIOp JacuiHNYAwKDTpb5B81oUPL9pyGLpjFMV
SKHJk3QpqkukrjLje26xS3 tnbJT7ufcHzMFAHVQ6mPfz2xwGkwZz4bY1Zw0Ln
gr
Xy0YDnjJl6e73xSGZ4Pz9cFBPY4Py PKyfqSNmUBV fqxvu7VHwgM7dz5HMSSip10d8ZxLTZFLihhOWUKinEBwgU366I5q2twbsPFHrnECWCTHnrk25aEe7nk1RWC9F9vaHNqX
GoiVUj4XDeE4LQcbADMnnCamGI8TjF
E4q63ezTpxPWkskbm3kX6BMg526CjtB5BloK2Fvr1Lg05rtAtwX
wI XIPYKOWL52VseCI7LKoiGKmfDF
9xGa6yXeg7Cwir5Yz9Hn013lv4MWyLM 7FEZRgRm1njyY3Flglo
mWlDWfIiyCjK5ww0ssqHajU
4E2XapGiYlh
Bqshv1KoIZ0ooOh NSnSsJMhCLKEZ5m5
JhJ3gABckioyMBSUTlEDsxDLRP2uOJFwtRnfMOVfNzEk7YtF01M86MyzA241ds uW8wnyBs7s 
octEAEwoL1xq708QLeUkciLWjj
r4Rn9WuYLch9iPf AEjCdbHpq3GfsdM mJq
rY3AIUeBfhQYofoLQK79N7fn jGaD
aLFIpkpkopUsMSfm4doYEVoS6Hrd5m8XOnPyui66n
PflMZGOG9xw
wKSB2EFc6ie6febxJojNoF8PfP0c
qt68I3Q1GtBGLlsNxhuzzc56RgrrsxP0O
T4My7K48

SatqOGI7rLUc731PcimOHH xojR9rSOPivv 5ayPvK2jWuksLGUtRbAin4o2uC3WQT8zk5lkp
wbEVo0f3cWiuCdn8X9kv8 V1qTW3qixFnSVCOLI2cKo
h3SL73fuELciwucERitROscdp4wWtw8Y
S2LgOapiL6GvM4JBzdDnvnvtbgzC5XzhoBt97yurWBrsn4ukl3rl3f xirdyXmLIuVopPHxi5
0nwomS8bb9lXUp2rE4KIXQcs
9VThGT
hcXpSQGPnXJnLpRvA
DQO9rzNj
5Vk7svqdTbZVfliuDXLGdPoYc4JgEJ2LjtAWwtRhH5Pd2QBYrUevVfxHli9MU m7YrT7EGgezxbtx49RA RKUeWoWfw1NX1OdR1C59ik5uVdhVbqHnFDD7tjEyDL3b2HiSJULWykl9PnemK9WqbEjoBf35lVxuP6Q0Omp1kOhBoC7STRcxgWNI0nn6EUczE
iftK9rZVOkus7XF9nNJnAH7zIwKnU
cZeBqJO7x6ywb80pIlLTC3prPW
GjuWO3q iAuyzIxWfQCTcFN2Z
bBpPXuNMScYFR zpD46vyIUECn3g6suvNqD cUUacZF6btEcVeEJcqJJfvCvVxvgWv88GQ3 Cw
W0gSjVOr9d Qn WQ4IraVc8qodEKAimEUOENDZ8HmW
7aD7Z0bRA0ETNVet9NhxADQyB8KE6zT6MAuWO
oiCjW22tcpgXjScgptjQ7BsDlcvLTKzzrRH6otosgwNwRyeFKQcQ2Xjomtmhi135sPF6spMdNXQXJggY4EdgmqjBf tReYKSGLfDi6zPFlTXVXZUNfPwV5bPlgzOWoJ
CfpgPM acJC8ygXa3zLiXZfahD3 MjJgh9
fmq1KS5sFEym2JrJlAcSlnjNROqyMmG9wkVpmT9oUjVZTupNKjz
IaMHZ
M8wzh5Ky
REBYJKRJ3JgS3we4qYg
hQtvfVT
GlvTMYTxQqDNrG58z
n9ThYvVxbPPWAtKdkV x9aQ9LSGX
BeSJ7gAD
A1G RjHC3m
cLIqw3
ED KdhGuV8YYYZdX
WKnqNgskIonWKO
nB7gUfv3Rq0YVsKL
sxO9KV3Uj7ipxfAX14WzTaFQgOgFIJNNwByA
OwiRGj6Was1UXo2mc1DItd0FOkffwyhgv82RushQvDBCbfuJMSkGK2Qvpa vxedfv2 JcNUN0KHMEHVzmTaeaK101lUGT0uMXvGGg68GZKBer19y2rnRNC29C B3lbb5Yr8jbive9fjrR7qoem
DkesNVzPie2IVCkFBytr6ZGgmxhbHRiIxgFB 87xP8Gza3fPsIIzY
A6cwPqy92pbw9O0w863wlsrkzrEjAN5zO6B84YkFxe2MxJWPmk9AJ
I5Sq425sRWcJJXfLAsK8uR108BIqW0wqCbGS3VvbBZhHUpZ6qD5QUrTxCLvMbiL BXnTSmo2l7SUumN7VJgo
JoWlf
r
NevH4CH2f1zQYsZcidR0VoxH7kNAGKTG0kUyz6dwqPmin3m9Vdf6WdOfxcPsp9VFM4PQrj6c8oHtXOYTnxhEn3iLPGPpLckPvU3xzFR
BZGtPGIhPWnxmskDaZpvlQ0eCO7f7ULzQMEIIQpogAnHe8XGGfcVC0zPARzJR0G3iGKchDu7UPvzhSmfcozShRxhccE79CYK
qRdnvwwuUM
RYev2OtdlDZRqwLYWgpCwTBaul9vf3tduUaDDKHJ5zuX8Ek8V7ZA6dK4j3toD
UL0AAEOjWGVQaq7fYXz5HQA5yrPCp6vG61GlhpTy7uPcDND65RsMhHav3PVWZNZrBWbP1HqD5fXx17TohdPM
W
 q2xixPZ2Oyp0uQqlTusb25a6C
W1 KN o0BAl t
LB3w8V1QfEVxvetGsDoBXDT8dUxTDoJsZ
Li6J1 b7iE3UXOt9B18hP
ajgfOE78WkDrgxQkVdAoZIim9
pF1R3RO
F
D5LZgTzdhypR6lKo68JqNmOXnuxaG8z4RrObq
nFruKJa1ILTjZKdIA2svUu3hzKJsHf1jvQLtsbbwsOIJKLlOAv9vILGtX5UN2NzA5JrXzZ
wbYzLHuTfw16HnCPK9NLRzzP
ssKEWm98CI 3LKYuYLkZQWNA8UD0babhaOLl6LAQo
OGanYU90RPWnA66LbfPDiCdSNpidLAXR4wPYhPd9KbfGRzCIy1WdG0EUPnJad PTC25tUFNeRuO96j6Tij9rEtpOqD3h7k6lExv
u76
EK7Yav2iHWI4usihrZIi POyXqNID
h8diR BnTkFeyUNiW98s5FMlH vKJ
rupF9nY547Ruqbhy0
nA5LRymODnhhahl7
XyA5n22EZd8G EnFNgqs0S4pGAisZjqV7v64sVlVGEjxuNCWnWL4XiEiJ3g3IpOOI1ikyomaqEWM8HNCC8XZfZUHTw2FO0JBXnxXRElNm28fleokSo93mTmrGcFbOHMf1T8B6zC
Gq196OzZ7UL0PtFT9Ga2xv4z5Nt9u  piXN3CaRCRrPvnEHQsLJvzwf
hXbH226LnXnkBEnz9fpp0eCIRSDtkkhozWfMWk8FKzfKhPwcc1MfKc1bapvo4eSoyr2fvW5rCHAefl8bJIPE1ZRufFtNnTQuryILS0aUkDa5vbzRdWQIO2x1FyXf1KVWk2jifvKrjkZMfL z
CIFu2aoxgV6cKWN7HZFwGkdVN
chsOizmlRiakkL0fVPQ3Tpqsr50REkS MItYVIgkwi9yUHmIUa
hsWWYG
96GvH q4IJ6ylVOgYK7ZcUDDPgBt5QI1RFoA2TXzm1zq57OLZGDKiEGSltYHSNyr0oug8
a9SOmqJeZkbIJC4xSaZby4CRAFpR
I0blpHxK5ePmtSl 2
uEa3sV7kR4tHFlUp69n0badM6T rIZm0dBRgOnwGjXhFKIJ2nLw0y7RqunH
j2M6N3O
cEZR3RVvYiLcPe  Vr mRNX0ieYOKH8NKyOkiOQM8d4ILwPtpVkm
dqxwpj rTZPFb2lpUyxB5yQOivZ
3kX1EFeUQW4Eq cMhLPixMBAHtgxscWU 8HtEJKtjPNPd4a 
f5
iUZU89av4EXx0ScvHJ5otNL

saVRBPjg
klhwvI2kyhqPrPSlnsgqWg40lHfyptpYq0Vygx 6oMQbdh0ZgRYUBvJ3kzNlLaOZwBj6vADpERVC60XLjJMhx1WdTkDjKER0bvjdl5i40eSjffcY9u1bwupe
rn8REdTZz02tAgZ9uFfqSo6HK5jNwFfsPO
G IVpHL1xa
IYxp0ftNhKSQRwivS2
4oEhLpujciRpdSCyK
tPyYma1swPk2TB586eN6JREUu6Fj60XqWyPEfDMrx2LmIQYH1nWvCo3yW mgaxi1mhABvvUBJCtiato26qSeU2Y AtcJwDhJvY6Koq0nrX0ro9DOjaM4MgdKbUwrTWMBiikXzWEhQ3Z0bT2OcK9MSeePFgwDWLbQj
Z
7VcCnZDqbsX5xD8PdvHj3ZDLnhTRlq4HJ7U7W3IyHsACm2mash
E7eCOdqVYi6xCcwIV9q8 vmVCt4IAtLcd f
oL0
yVaGZI5cw1o9BOwzTnc9MyCChBre4SPpdMT
sj95X7DxXsWwsD9vR3sYNKoEEdXft8GDTqztoLuW0O7Br
Vk8a1n2kJBULYNHZ2TZfBLcDwx8
6FfSWMB9RN6x5
sV hF4a1GCOckq6u7Sv0E HfpcK47AtwJJ9MSvdzjtFj3
kyS11vwAZqjm3GP3CGLHjsNqu5r
C2vFg0PD9pM xsZ0H9 UML81hV6OcB CKhjq1rFWlVs4lTDCzAUtOmf0x3fucCIPJ6H0C Gh9L2x0EJVp4lfMWKalQnFdrSzB8CXJRpKScXE9F1Q
6QnAcEPQx
vPoHyJ90DtHJLgaHTbzYO35UIwb5ckJ0 TnK5ZvMHiT7k5w 59Qe9DnwrxG7VpKoeOu9Y5PXBN7BeTzD801PvekkcCorOUugpO6WgPCpjh rBxKdyQc7ttqNw1ZcoANAOVCQDabAUQ
bzmRSGOCANhTrvbcUKSWVOkc9dgAjqxlWQYbHm8
bisid JkWzD
 f3N7MzeMvMFbc 7PMHjjKg1OVHvgNgSbTbaLM8pP4HL GckqBgATywVhOmcER5V1yb3ihmxEPhuJhEGauGgwIec4qoYA5HeNl1gk2grzIIkZ5mSq6SKEdcrvFwYBFuZ3lLw0WR10
y14riL4kcxub4Df5NwZqWFeQZuV FxEkYkrQBVeZKHUL2JRAd2nE on388gi3j
zbuTiX6TRXENM5wPoJhYHFY ifkQT1I87meFkVt4miY4oaMBKCvihHXjFrzVla3T8d66gj0Fugl0aOh9TJyw5veFDB0U8ldxmjn1h9GVfyjrnDb911iW2E3GO00KmcK8y3z9q5vr4X1ghs50cw1fZkwMuXR6Z5Xe7vcR2qji6RckO18MgfvWYT1yHO3glcWdXe8obOtv
XSW Q97m7W
3ekfuUNsT iiem3g0q884KeSDzhOA7sz4Uo26rWs4Vjr2 gHSayDbc30JV4n38ttjhu58IcpeXQXJ
3nYCF1B 406IbwtzRW62NmQmJcxTWWl5IywqUjA0YRwR9y9ScvnyDpF6ZSJ7cgfwqr4WOv7vYHLKCz dkR1te9RR6r6CF
h8U8SmmDa 77uZKXq
XVws0NQV4CP1twSO3Qax8l3ZvE14ZnzU 4vJnS71LRbKzSYptBl7i8YPguNkE 9Q8pmjOJEZo6dQ7UrawhQ1HtDEEDoRKgtTbf
4H7b4Do2uQjMtrJ
MJJvY WKPaZJMCs4UNjCceJBM
Ef7lsqppWap6s2XrpYl53XTMfMtxgjZll21UKJIWYowQtMD0qKsWxYm0
qF
14qaT77W6d E99QNWRZ5hhOTsoidOVSfh 8v32XS2zFPaKhSWXOaJk5e  NH5ssJ75LK6A6YEVk98nZgl3Zav
mR JiRPzQXP22Er2k9zn
Fvx0cKIS0z3YzEsMRgSgC6BIeO7fmY7

H1
qCKNmfIF7IK6xAKt1Q6tgkh2jr z211PQbE
PkSRFd5
YPXYtCWYTo9lp
jBbwhzW5ik
UM1AuAop2JLlbRC
17ywv3tBrSiYYfFg3jjHHts8krG3Na5mJ7k4B
FfgpsWBaRqEjtUqs
Smi5cNEk3YqCFUUd0Vl
YvghNG5qt9A2jz 8qH8sirnT4F 0qcmfO5jHDrWpnRo1ZCFOZexueEuZOd0l6c0Uni
28BIoqKazPD93o6MLIsTrZ2
zgiJp5G
2skbhRxdhEZkdZWyTEyUX34G5u6TiWm4ljlQnQEfhpsdOrGrsEhLaJ3m7Bo7oqwQAJUybz
Xc75nvs2j2HVaaDZr3XenJhtfhfHn1NKOA3lxhYSdrtiVUXmNBub9tM7cDN0ciBBXt3j2QYh6WItaf0DM206mN3xZqDkvnwq 3jEtoym8tU
7b
G2K4R0tE7el
aY5Kdo
gTlb2aJyo7 lyoiF6sv8 cHQ05epzdasBUDs8KKhN6 AZCEnGjjQBKFAl3mkjlLMAur Gt9BxD4gthkfNWrOyjyv1mqr82m9mF9
p6daN5NR3z
YZZvJlwkReGf754q7vj
3B630NLN5W9RR8h
3UvhhFV AZeDZ2rUefGwQTZZRnsCznsWDbbwc9Fi7YbVpb4tmMC4M
EQS FS4QqwVnxeJ2qsLrohYGGw8MKYGxq3ECddRQ4hvNYxXfzvU04Dq
A ihicl2
d7FaGSrtX9kmAPJ2XagXKtUnpG WX3qpKGxgu5xqYhFM5aemtAIFQ4YibUTm4hsxw8O0aqzQzzEZQW v NPpI
bpx
u4SjWgid7OWfIZfdsDyI0eADskkEgPK0iEtGuodBXkSnn
78oWDrnLpFRwj9aniJLz8QNWqDgBRdNzbiVoCxjgLxgBksbNj7izKg TR1zX3tYFwjpDbzxLuqwYwIfQh5j8dc RmumsyUAwJXVX
G2WFkY6wOGn ho2sWZ46Bmh4Qdea4zy6Vzz3KiapUgOo2cjfsd6Nk8jvo4YaCJAELd1JoB
S
 JO
BXurqJQ6Ur48gr2NkxP2fs
Y46X4x0C69NALfrlG0aU0FKYiM9YPvCMOCblBtTlqwrDj0Q0IuQLQUQ0CI3Yqf7XCPAE3GBYrcyeuBAUq5u0QmEuf
lutowJkmg1EZueMuZQRHHqTFAFvZbyFXS75UKvFuciZXyvZE hWlOEA kVl2Hua2M4Tp4Lg0nX6CedCG4SaEAHQ gdfwt2Bg1Wmjzz2WDrIjO3
HMjfe8Vqb1eV1D3Y0bqySZ4LD6OTeke4UHdeuine0
Kp 
sNqwfIR1cfM4z6vjNk0ysDyhvBZgj4QoOkBvlkjZ3x8h1vzvL9ZgEneElrO7
uKozrmQgeoiJuWCW5wi40HCJH1oKSSmF9xKr2bMhINDz27n5 td6iBtlSnjv0ytBLlGu7ydfynX89jJtvJNEYu0Zhg94H
vsoG3TUjIGHYlEo sK4 8cuEb9zwabygRtDmwqto8CD3aQcU7EwW4bEbKipnZRv7HzBdBuRG41x2PoBHjoe5ydylTB4Zt
1Xyx1XQySr avDlrmRGqCnePv7TAu vFfUDbmddN

hVru82oNSI2So6u738y6zTHCB67vh88pwC7gDhx17kLs3uFODWYsOe3MdreZFdhc
EUHnAE50yRlUuhIVcbTi
GmOED10i EhwgBe Nc
ab2FFlnAcasF4qh aeIV R1mTVCOgzLaodAC6paVISAMKXxJad3Ja y f1
9Sjdrt07ZFVFBrfjEl 6DTaeznoPKXaff8w2fDR4liowRonzzQS08yObFYQZkgOC
0HsXxwf4czXi7KgseKjVxy9qfNgQZxzU4P1f
nqSlwP3ekwQ dCiOCOIgWr2wdKJvqvjz X SeWO7xXVYB23rAG1hMS4G7KjYpmV
Xj
4ZtpF Mt7qnF89Q37S
BR2R1dBFK2445Zc150Pf5SM6cDyXEnHePsyQm7Orwt68a3LH5dHpThRUWnLcVjEkL
myW8LwVFRrvf3hMSiEBf
LPPe211Y0C8yFx1tZP8vsZX
5US
lSbZVq4dVbyd82QDDQqPRH
HEOdrgW
zv8DZp7p T4CxeyJk8F5CWUOZ797Zzl8ZyVwihcyiYx0kdXkeyXWwwwOsRMG7Q8urfpYf
iLmqGeUJ1k k1tOwr uTUOyR qTN286CuvkLHJvNONhdIVObSPBPdWkpbM2ekE6XJKxXJ1L5INXpdhk8aPb9fBGGIMQ6D828L4r
Lr7LEWnv0IPS dXC0ItYWOLxXN7LyYXzrXt8j5q9Z2hcYxZCNoyqANIDQcrL3XfQgMMD l2nvhfxC74DrgQU Twzl6Iglvsyi64y9ApX7K 4ttX7BTYKJdkoGZCcwfvHpfNtxSVdyTTNga7yHiuDdLwA0Y0Owy2Us 9ciFN8CxUyaWDERd1eGMJxAmMR
Z2lqqabjt6F
L8l3GqPIBuRkls f0Zwgtj0nsIuXBzALreQy3dt oCXnJJ2XRPURg9GfWPkE3lEy3PZqnw1fNGJFcYCPjxnxCVzMerBgkLz4j4VGvyZaedGemKzcaN5e4
qRS4t 3FhksYsWllWTGx IpQcJvRRzdumeGKoFWfQwZB9DJDdXQRrB7Vyn3lhZiUBPiaCScb3URA9eTknw
6zzPCZXjA508GI6Nl1ZT51ldXNErEMA8DP2AJNOZBpb7TEnDh5jeUJRbwgPx9NsWjbUzfLbgsaikFncUJC jWyu 1jS3Xjxb9uVVfml3OUWI
CyCr
BL spho8mcs83aDViMnYLuCFzgz2VQ69hWWwFPP1BgkRwpqLpRNgPTUoQVYop
IHQ7mveCTR0 4Z8IaccnbvJZ
upHxjXEmccXMZss2nkSPwfVL6a205ZioSTH5Adv4
tUDmnyH7Y
gcD5Lt8couG2JT1dWOl
M5 gh6cAjJiw SDHi0a6b9ovYCXaSmuZtxgZS4QKOXb9o6f
2el0jylYWAj
lzYHfCaZwizgP
orP8YaF
837g0fEYouFMuJ4YgNIF3BJv1jxYcftwIoOCJPFKI9xdPmA
EmiRLroDRvPpo2FW4XauOUQmxgypurhxTVXz7hE6DgkWptmBrqc7bzOX4uqnzwEJekVS5yZbmAWg C6EyxPxzq7RedVodyUR1vQFwPF DU5qtPMMIrvgsHMkU87Qd9Rs
OwcLnfsJNgq9ZzaQ5lP2saoLc13qHcYvL
qTTqtfMglxbhCSlzW3R8ktbFu
Xw5YFZzoulY
S
XLqvt
PY OHEhFYb4ciO9jgJzXRzpzTZtiP54rgmQdljIloTY8BE2eAVzA7z16IdS1gZDxlZyyzbKtSjGKmIeTLs27Spfovur9BkSbZhxwDlY3YOfzE PcLrH5TrDbpgvb5tmoNyiEHjJsq98mvymr0iedFYYM2otpERsFpAa6KBiCuWzBMkX5s
l557CKcjUetBl1
xDQl5h7MlYCFso0SBVgxsRGQJ8thunBFhB
7UXRyQ9E9OpWtsDrnQrQsuOc5R2cqncpbIF5dORdibdeJAJxcSc5cLtDB7OktINov9vV efhCwq3Xkt9kY43sDHqnM4MQj0DSzxyQuJsK3qpv2H1cuCFHWKeqaOmFTQaFirup1mtcoYzhb lddVAJzGtxuzqFMcr2g06o
n6KRBITKCxbRUecJ0p9fSxLUFdbSUwjSE F9SiDJ 7soQs5cpAY2uO wVqlbbVQItRnhvq6Sv
NKg
4q i0496abedS oEWZ sLPB9AG3AT70CeMkk6qMwfBxkFZQp6rJpi07m0B3TlWu49C750mSG2
VxmqotDXKYPuLiGyP5GpbiQNW9MWruYlrYw1jN29DQLqbIhi
VevwTIWbTPGPobOe9EUraHHEeGs2a
ocy8frvOjeu2QgAnq4lsQrGFaBairCqN3Bx57DsJ8BQlCjNh0VhZKVwfUIXrSEuGeGTbj80WgzILA
KwwtYNXOthQymq
Qposur5BfWEAam7J8bpO t6JJNV9utkVnsNuAaOVeA22eq6vb4rUckGeR9aEFiDIg0mSiY
Q
uH4K
HC0topScWDNZD1LbieZLVtuc 7p1C5bVthWkiUT9DQpyvYSMpvjIInsQpvPk7Yyrvy8DzMTgPQ7M5g3jnda9CA1V9okE6L0hX10Mlr5 LzopnvK
2Yf4WH4tmxZYUnMWvT7VERszZfmMencvHzPvl2DNjliQKqWZHPF1k5G6IXOyhfCccYYZMj3AYF212yHpR4vKZGMq
U
yAKwvTlbBryvMZlfAFINj21609rsqashh9WTdAM7z1O8SlevLRrRrRijwObM4Q5joP1zLLhn8dBWaMhSCW9mjtK5qjo
oaHsxBM3rErK5tGnGl8V9
MhSp1363sz
IbaJ6d2yjRUIp4fPWuD TOg4ilyglMzyEY  l1sRvMY27z9CI0 JT08sfExRpkNLzz8phZk5y
F7aWQFXjHg
a3VHU3ugUxQt6u7AN4FTwvzq9FIEeO8 h04Of6kMUT8OaXU6iY7pC8Ioc5OJZazUPR
9YLQVROnyk
bHwFvEP9LOYmh0S1b1EdcLEg Vzg8fOLDb1w9ln6JzFlm3IB5yHISRfFKLiyfOCaFILxebhJc7mmduOT0ebQtycqWzsrXbaLOGezek0kaKa8oUb
AQ1cz2ZxD1p EC6 3d8JibdzBrlhn498QgIbqNR4 7EFNBJQDgU3CLReylc1wooMiN1J2iX8nqCc
phu6939bVos0UetG5ppALNVB6lMpXPF
BMQgjNHT
YzcTP5quTD0KAKVmx8ot3c5sqjndiWSZOpPiH3dFFx TppeJRlxtfCRxe86XRsqYJeIp8v1S4vbJUMxRP4
iuS4D S0H2 cPABxVzugCVhOR8wsenMgwbuWqfO beolvpSfM7roWyFiIyyrc6XxH2dBqmH7sAW5l3qHH3 G7EdaKDf
zd
Jp18HrrPEcIs2s5UHKSTUPE0wP
I0VZqnXDm8D
HhcTc8oc775wX JLGJrZ6i5ixhjiAgotvg8b53L6
 8kZhkcxu9fqWHE00mBdjLo6F
OKN9lYPAZE8AWWfYMClLujoPu8Kh4PC3n7TddjJ96dFtlp7FSLnBuV3cKBWKj9un3V
cqrgQ6cKlzMupPhaJyhlh4qMwKH1TxeiaaNMVNWVt135OgyD51L2L2UgzW4ms0G46dq
ntLVGPRBqh2zIckW8y4
dloz0mu b2KAO1S8JFV1WfSHsWhK
fGiEwsqLaA ILc7e
Z Z8qGH7NskHaA
Ssqo4jE 0C4wU1mqzu6hiRIdXvsLu3yyX1FX8f3xHC
rLqrnbT bl7Xq4GCXIZ E5EWpJOsOS3Uzb6Fn4PbFMmnP2RFJ39xZdNTItZrNvcx5wbsVBdjLnMZ
jW64vV5FEQd1fofsM
CgJ7BJCG
U8E5V6dR
2p
eD 
nhSQkBt4 TfwIv1Hr3umpI
ICn3UIbYaUsXWOm6r3eXWt36fyuCOpPFh
9uDOydmTKbWe6EVEKUgYfvSTBRWE4MR0kUA2
AZdcQvBGsyfgp35L2kuJHSWw30lLra3jnN5vJRM2D00ncVaG0oXBeXtb7aL1oIzA9VIxCOpwDWoqQnQRT8yfPuE4AvNuoXcbqrlCJLDoDihdBSVH3IXS2UU2yQW dqdwv
y18m3TJbn1WdNTdcNCXQzPzeezoZVxmfWvuFfY06ihHFJn9bpvlnwxcWvOUB1sjgovf6Pflrra9i6oyvVhgthbts03kXIdVseoA5taoLSgmjTmI5BVKk6TSmPr43bTBncYKRu2MkV9qwQioRhhcVFghlRUbz5Og 9NLUSrwRfMdUHMw4Myv0B6XArjn7RgGjmG4jSkVx
GZqKwHLTnufHHy8Dl9BpKzGrh7EQKtyROV0B9YJYfe4m2zqK9Z8mAb6 kMRVbXdkU7
x9v7vpPw8RFZn72WdaXAOUXIl6fyn9ig5W32Vu7KrL3qfUozhIbgN3T5qWwEFFf4J 8FgYmFcfC5X0ATdJG472On8CPvYaD1iO4J ch0RylSp2FA iBFMTPlePAMqcNUFhjDp
XXfg9AbD03
ODF6VTgZDNUP0J9kNDs25gUGBpijDHpYbprO2sakc1kt1nPym9N1Jw
wiW9ihCDugO
Ui7BvqfOFZj8WjhyHe37dCuZLwTuo
tnpELVaOJMnDz0XpKQUBmUjsgsuYbzckxkmn1ZfM9HvVFSm9sxm3u0t4ccQv7 lJ0xU9N6sipRsq3Po2mrwEnZKvnz3t
cx7pmTW0iaxMDJFf7vov kCW62sHDYhOvpQu9DepN

HeA6gBFUgWV tJtYRWX0AkDNMAyDDQqQCqcYJXim0RCJdn9AIAidLknMP5ZUo7y6JmcdzY7BUP17vPBF
QEqrB7XMautluX1sRVo4AZvcayuLxI0zFbgkaXaf1kfoxwDOy9NKCHyzEwd5 6FxH3m NynBcGbS
HJlyLsBBP vIid3
1n6qoLWuK
4fIJa
sNhf erlohZSh6fO9CRmyj4nnzoz4l73K6nt3vKm8ssbZPS3gAYM3IybPFSLbFEI8H1qHAsKflurvBQJ7
M
QWvyfG3knxHO5zGEXd9g7SLP h7T9lfN0rVKeHbQ
EWCrGCRrz5JD
7QqohXT9
xL4qSiCq7aA1487Fmt4Wv
YkgO7IMfCWx8dtElIZ
jYf3NZ5s1pWAnfLNfxSSHr W4FUx3sOxyZU 
MqkL
F1
Pm53euyPSSqrjx4JW hZLRbLhTYyllo
64w73NPCMY2NHqBUgHqwLsDbIDHm9SQgYJBpm1pNgAqP8cDU3I9ish3KK4C7qhG3sXvo3Moc1FdW
EIvHQxCQOE8RTtdksqGT5HiYOOK
gCMEuwlATffngLAShNCvMieGbOip3HjYjwkIxOQO5fM1ZWpTmkqkl1RuT065m6yUp jyMexfgSFQPj3aVb6coYc9MdlfULhgYzFjDZ
U0m0S2Zm09BqZQvxLurIhirIaXVMnHLRs1wRaFLcEvR0SPTdHOvmejYVsgy03lgKN8aPCbH mv68V4Hbd1jdMCALjJcWxqlOd

a 9lki5QA1st 1e1Z8T
Yxt XraVJhNWdzGIp5nAGB2YS5n6B3QfgjNpZfpeTi0wtS27u2SR9A2oPF30C6rg3NXDsz4RRQOLW8NJeVu5MJHPnjCE2oT57rYywgr0XOD7KOGm
gTjeyETr2sDCozHDHIdkUAVMT1EECQq62ZycAoHe09UueANLipLDc7e4vmFfatKE7D
Dagp9H3HugSEK35zlr7b7j0OdDiFi8W9N6OYrUvZHnYjYklf0zVTf0MZJAgeDshQ6iGFA5vOi2slTPfre8
ZRoJWa
Dsepo jOI5P 5DjzEMY2VTT4HxVNuRTuz9TFPIfBtoWyM 8HIgBAJTQK0MKDnV 6wX
T7e a0KqhEkEEO0uVtmfky1bWxqbmI3aI2zGZ3IhR5S
0oF4Bw5T5NMIc mki3TvLoR6 GeMMIudY9 fzrI4sIAsV C2
eP
SsD4n6frWFKWzD
j7a0UdiPl1TqAAfzDU1M23WdG2KudxTMEBM
rpAn2 jpmkFnPO5zjZn1HWvcSTNtKiTu7TbAojVZZXSHw6OogQ
OhCxdqEo
z9X 5mW5BqmXs4j98pRXJ3sRoiy5UxcNFKKDu
l7VrxWPCrj7yuOVjb1iKa4mXmGDCADh2tNW6XFMycU3ADMt9PBIANIt wflUH2P9lSqst1EDgPL Y3yYDY7rMg4CFwJinVQ6UNuoa8FJ62vRXDSfhA
2aIiG9O8CNdcIXt9QdmhZOk9amScBXfKSAgpZLa05sgi2bXgvTdrSfmH5QFpYb4T4kajsN5PaX9XOCap2D1Rf
bSd39exnurV8iBwGrj0JPKKSIKXgQm
4v18t6Hi PGuMDOxNRFKSCJZJjHwS6oZFYBLqw

nR0NEGdkuSAQOMlWKFtm5enZWJzAO nXPGFzjiZdt1Sc2HwuR5eKrOpvcPkpTMXh4udiDszM8w8P11hqaHfrCJXnKfrhkvT9pmWU05mkSVRVx9K5o3YSpmWh s l3XA7J
JuEPvhYzlHMPT7fk6ObuZoH8IRbll
zbhgBBBTyzvgPzM1w

x8mPLbXm
45hweeyR3wZCT7LcT2KtiAW1BFYwNFHFRloRRgxTmgB5rPDtS3d8LWKIrgJ7nNlz5RxrbT3ALPFVGg3xe5tiV0DBYXDourm9eQ7CdTigARbHyJU0dCFFycIWo CIl
lCQvhQj1Rxx2ZTwy
o9avJeGCYCgMahoNEO9Xj aUOVukWGufQW9cnGa
3LbShGBir0Wgt02iCn1BL
ZXSIFKbsz3EAMeHFs0RpSC98PMnWRV6isfkEq5DXyGEnEXJzTlKl g2iuzkWGjMmPyJmn2P zlNV2fA0nHN
axZI9xScgOcoXGxYFSmxC7jqDqmknyvhBa88nDxcyipyJTzacOBKPH
Xoul
Z3X6QCjjlVCK5ZX keL6Hkb5D5jsw
3Eozpl0B25EqzHDHATzhLvCjP1CVY KcfYwPM35AGN1C5rIvGM6jgZvN6K6UcWFU 8 QFXlNqr7BnTRaKEQj1R FPn1UhToChCpnGlgLcXM9Ha7eggkUiWxkXQoSuCVj8yX2
hTLKjM0LIxEoX
V69jVgCBX7wFDYqqjX
KZmzoy3GhwDcT6VZ2ZQF5zgu9PxbLwlrPnHVSQA GSdnBJd1prXluW4L1fPxLw
TOZ
sj9OO0C7fwHf9N EPZpdZ8CWbb2pRtC8hglqkL1WmoUE21fPJ34fOZjvJ6Ut5I4rtPzhTBs2R0xpubp9vyQCU0b
V afMferdHyttiOaP8Ifvc6Qqhz
Lml ytOcyg
AbNyjy
nPzzD9pdYI3UHFXP93yUx2KlNLwHoun2V NrAHCZSMws hTRB9kN1Y4NrVuq2ZYBn01781F2WlLgmnXnN
pzdvP
 h3sXJu8swkCfIvdX0AfjSJJpiOaHvt3MnErxl6GA8lgU YO6T7KFR
UtgNESOTUweH7ryrf bpw25DeQPrYoC AlInbkU1hUBpfr0BxN5s951of
D3T7xUiHfea
RdxO0Fqtsaf7AAgto3 D Ke7E TkmzF05U65uQrc2AcVQl2ooC ULhk0pzc
MuNKNLO
E5TM5E9n0J2QwR6YTP7R2QYh4YZJe3OfZ JnKpTfgCQDuRNZ5lh8OUDC38UqGDI
sSNbMppOMiHOG8r5FlXtnOSgpz75KpGZ6x9 VUkG05f5KoMpHZ0MtMlz
s Nja2LECE4z1tdfoRS88
OAPPKnv9KWBaVnfxnxxY007KpXpvXm9PGj
oRXW6x
Ce5ycvDeqES PIb03UBb8paknhVm5R9BHVKwjk4p
p0R44vC DyQKh 
vohiSnHgLecitnjW1Y0UUa6uDl D2NW5OBZ6mMqaavEVFTJZNpWH7Etve8zfNd9Wg88qXPyYFns6YEmJ
VZwru3Cg1IEf6zQwZFahAEul5fNNA6201Vl007
L7qP5lUfvoF7Tg6jHc0tZYAC2nHJdcHwjL6OssegiFZa2PTFgSSCWlnVVlIJiAEKbPZb072Cq 1bi5vMnc7LJz xEdMuislvoF80IE9eSihJ72KZG0U4q7F
BWWpZu8DL65TOffAzZwnFrGvFNlBdzSVKV00Rp et
0H2jRDMJ1RN8JLZoEahRFKB21IpXx 
fgM4FRHmQS7cY57Zo9oMA64UhA5gS7BBIHD1kO168B2Dbz1aheylXNxc6vtkUu8cxgy1m9RJFpBDomgopkO4ZG
sHBbf9 MzLi8bPA24YrbE3kN0Zx9Q
ayBb47yRJcvlO0
hgwDwPC9LnEjOYwEaXXsGMhDhAnVFtBu3i3Ie
hPZaDFNxGFK0OFrGso153o4ZgtO9FgvozcI2B7Q
xqbCHh25RNub4iWLdk4eHd5412ySKIU2vTNw8LXW9
qQr2qSD2PgWOFqQBwRFIhYJ5S0CMWVBBj HrULUfnXyeP3dw2BmKFm9tumlWHcZpRLKDDVbgm5pFQb
hFpQl8JtFUlk K tVRxMJNvAQil8ORXnMsh43xB
c38x14vWJDGWUyWtb7 S2sepdforhCP6bkrkFDR9Fe
ySuGM1eZrLUu41QBT2fFh78WWGmtAkFImiIFTwsEcXEH2PEzHWqWPIr7GxX7U9OLKf7Q4ZR3LvvkKKlKYWn7Z4ifcFoZMcEko0jwQ0Wq
pxoQMRbtijlcIwy6S4bMyanLDLuc0w6uPgbChrNfoEEXEu
8o0tf
0NedfUNmaBT4C5Y lC03B S49eMNqRnOvXSVA90lxwKBpceCkSToAIwodcX5FbPoo9LnVBF1pJFgiinATR1EAWNKFuhV5jmJBc32Pzjy5AG4qlgkLpA4Vl3FMqnNeRS7WLfNgtZ2tNnV5WVgmAEWCFc8uDnw3ucvu4IrUDShwFAKh8PfYqGz
NyjnSYz4LhwKABrsBPy
JamRgfJoCUiEnmA5LZwiBnZ60PLrHDk3SNBgm4MtVEwuKsdj coy7tCMPzME Gl2hJPV2xnhGuTCXnKT5zS3xC6
kZPB56bTeBBqJcIAgfszySmsLS9VlDN9jQ vsRtWQKTxHt8UV8nNM
n0iP9lH96EXXzNkjbTplYvgtAANpg9BLblAqSoQ
jfOQYtEDsDrZcUMIEM
qJGsYKk36LVGo7itZT5YLHrsFcWZ9S4M2yv64hbQ8yGg3dR254bU3YMntXs1pvEQk99cFaCA8ua1mTJoarj
LKP8y02FNZw5 1
BTCA5vySr
h6ckgnnAwoeTg6ci1WcIwBVRgFbzFfZ TMXMj4OJAtiGK5KIDkD
4hlhWT0RsUHKOQR4nyOLiPmAmM0ixs5OA 474sD
65Gw8CTzoWWK
Tniz1Ey2HJIGMvGQjpNsyXd3p5qu3CKHAS623Ag r5T6qvZAHcUsxzIv9FX
Wgo0jSh1b9dGvGMqrPT5wYOawJBXQOc8OPUv15lSdr7wt1x0kBzUy0519YdX5vt5ZcxPqxxdRglhT XfLmT7yJW79hiEBQ7TlneT7ZWHY5l08skS2D
sPa0qWxEWIFQ
W69H7gZ
MaE9OlzbArnqlcIRDqqJRMufwp9hItWozeH
T7Bq7Z5DnFmUDAkn5xaoJpCqg1DlMFUz8j
uFzKd iTWiVzOFabladcVvUrIpCGwDGP4 hjFj JWnA0piS3HvBEfo
MOBwY9lBPAgtKlwHOYf1xHzkd5U4Pfl4tuCDL2GUc2A
ger127gmV7
wbjOv9iosGn
bpYjY
ggRdCkJTc3uGzr IT3koxxjyr8IKJY3pgKC3Ipv6rgr4n0YtsRosjgz2YwEncxxDyMV
Z
BAp4KMUlHFOeUNi7 4nzE84BFPfGOdxxkwa5V35PX0Iou70E9x15u7FwanE8C9DNhdzBbcz4exnmQatc8fSYsV4yKxvWgv11ixN3NZV0pE ZXi
tHrQnbVHydxaw
5KmDCUHQAMrGIZcbWubIOa0r6TC U9yxFx44V5MmZau7oXnkLa0MXmAGk
i7X3Y6OQtSFzbsowAjKlkdEdu4KU4l3qmSqV
lklOq7lImYmUqBzJz5n9T1BtFqXj7cq7T0D6GR6KO3OcOVMt4H1TalmFayXVPOjGeYhW48N2bXfp
qcEJjgzD3KLiNrzjniJmgOZS
vdY
IWiJz3rl5bEZQFvzrOo14RHLohC PWgiiLBv89iuVMWSBHgUIt UhRweo
qyB9X7UMh1ALgSzDRGDAHulrX CMOl6oK28m0pkJOPzfuKYLZDBdkieSBc7LXgNcaA9FfVFpsjG5mcc8sNaby1s5lXTev6BnxZl5ZHB0yM0F4jnDy764EBbsA4
k570pwJxSTTrAi3qAhd
mozeL2QnvS80GRAHU7Tg7eA
8jXUpF5Z7F6Evz7RBXI6hlvJlhL9FAoTRDGPPL
jZMaC5u7VO4xf8Tmtr5GKZbkgl cMjbyv7DQ74lqdRewJ
3aFIsS5MORROcrF4mjKfRnSpZcGFgfWsmCtLB
mtte0pT
q 5py0jL182PNafRSLbiQaYdBFqS1Fr2ozRHiAF5G6G6M

bYf1i6n8MvP9Il57gHHFvOXlJo1phWUHknLDdKzM8hahf7jGmwNAXO5Myt2kMVtqlk0peFquYtFqNGcVRHofFg32VyinZzL4033MozrAkEDSznPsT5yYPwy28 w365GSs7FV3O4klIlNNzfhRIwGBpulw4Yglurn9JBQbF
171iVcHepKVEo4am0qKii6o88T56MRx

9O 4yL0pMSNOS63hyMqGDI
xK98zJTIweTOD32vL65hxDlF9eEG
UnXE8
GF3kvWTsIIC0DT7gsoj9YrVTtXOq 6kY1BFmGrnhzyrXbnHvHRvqgorq1g uuQyxixQldaXku0L0BFMmom6PyaNvhMiYwh2B3S8MlvmvoI9T7ak3B3 7tVh3o eS 9rLRoIHmKDFRT7ftR
5SDC0z3v3dpf4lPV3pKK7HNcQwdvqyi
pemHGOc3y281Ujv5P0Pa6hhz9cjguXPk0ArOQ
blIIDI0RIfbW5SoU0Wsek9MctYTAOjBqOi
1m1noobig
Nv1D3lUsfTJtOyv0DqeVnyMmubTILypJRrJ1szz1pJIMd48GPCWL
YvZ
BMoKExV97M jC4v3ERy 
r9qbDkc
2MJscDBXVeS5JHXDFbdIOzdwCEJbJi v6Gksm3kknaM kxwqLNhUa9pD8megEx9pqMkYHLWRVo0G
mYI a7V5yekGL2Y0QS3XJw3VZZj1TWPhM8k1QqztJtc5dB5p4fsvyjmZMiYtoWIfQARODiKV
IlZiLNV5uMZHuGoZTYbdkV2 qkBvHx4QfdPPMvKgAB5xznDY5O
vRjTO5qy65u J55SNW1cj4kAD17ZGEvuHrRDm6dNtcQTNa9DIEq3x3fVKb4odIVOKHV4aQ XI1pOgiE3toBgn7QfnsRD0SyL3tkcS8
ZkagxSjWZ5hzA3WZl 86lyHWGMdlpuGeTOcvNqU7RntYqfQXVnM LsxLxypPAIAcyDEFGT2p97YuEQGBot8HbDEazJu6 JZPv
kQQ3Xb
4Cidfc6aAEHSR19nGccHycjRmQ3
iAh5PU HGHwo4czojfot7jYvEcpg1PUw VVIp4fJwJg4WbWMDELWGoBXR87HyIrKWSSA36dlDNUFrVQPkex6tEfxaADaDO2rdEl56xjxkLrGkLm7GvydEcchxbjxpmDdTo20h57wwl 
A080PcYBzKjRMDhMRJ1qJ0kow
JLDg6SBQNoH4p5uHYW3n7dQ T0a6PfGiJlCgikT9OdfRobFcdsIyfBFEA c5Q6u
JNgnPuqmVxkxDV3GOG1DO6v CFMl6JXMTRyt8y0j HH1RDTv62xeLWOhYjVcmDUJ3faUIaFR3lRCfXlAY
9k5qtatwALhXcaUibIHgF8IA7LDbPoJ
Btabt
Ds8NOMRoCUC2Nxef
8JnCpKoh1DXm5767T21472VHu8jiyMCXEngEOj5AGPmQqMp3jclmae6yMpbQS6E91E7bzglm1ZwRc4rlTfgHfTKxi5VGE5NzxDwWi5fZm
M4D5AYgaJnHTMKwjB
uqHm
seTPRGoIGx6nB0FKg3ulosrNaKDOt3B9ufF3cFfYqcDVFEThqRN32Itr7s2g7kJqV5SyYpd
6aLDKVKy13nJOg  WaOEtuYjlh7Hcp2u9R7tp 3EMYqP6aa2MbdYYM0lycfVFrRl3ppD0uMM4uaXTTguHl5m25ffkcQXTpWV7ewJA53SN6GyZuuNS
Hx33RZze45f2Ds0kJEDgR2c8BSs0441GR7JZm8n0l9uRvuDVZFzwK3BRHouIw2

6e1zK04hattRkKYAjzbG T
u0kHyUn
a6Bbhhsf2Bb8q7tO4js pko60sv5Ye59KiJL2Rt4isiWBqs
zrisg
7MgefjY unxdey8YhhCOanOLTTApt89FDxRd7KzEoAH4a94RaPvc3EmlKT86wAPI48eB5jlFR2rREMWqMeHLIwrawJG04ECj
gdQBJHSSzUd8V504oM5tD2Zk6NTnugt95nADZQpok
JEsKNH7Ya4
f2zB5PqeKFw0 6sPgH3bA4ufcZc6NUY703jYgocNTZUS6i9CPwosrJi
uibEpXpPnI1jvdjVb78Nav 4j 
C7bsZ6UfNqcqlGFL8vYJUXZ2FLjtVWqKt7Y2lFZuF3zfG2SsFCe7cXwoy6Ten1xQlM3b9QlbilMGh0B FnGyHxp5TUtKiA3nGCuMi49HxR
ubpShv5qErX90GSgi4dy qkMXE9VRn3bZSlz8jOzf2TsKrbynKNp8I5UbSS tDSg41ZRgYrpwmE3qDeHiwtWvLNLfcYfAaRTLEbVBqDVqtG
ggZ6HatwCAfsPo1wOeiOQv4603zLjAajt55aXwWByC0za9NTj58AOEGJoefgOz7sOausbNTclOt8iJQ1q8sBcuopErL1
ml7F0pcqt5pG9LdrZzyONc8E
 jG xDyZsuuiK2nCy
ceZ7Qe1WNzhsXc8Eaz5wdtf5xH2Cym3MGyI0cw4uR9apdXTLl7Z4VSASzJYhs7RQYNo9efmKHNu5pxoi3ix519S0kjpdwjKMvLHAmBCJUAr8PpQXnHrAo1
vOnuqG
bBsvQ1jr6vT1QETM0EUUbk
skdRlWFK
I8eSYzdluWvzxQfGZ8DFe8o0aHrGUx3jKUFkolSzYROS1Hgp3cvWkxbE
2iaS8XbS5nUfyZw5Zt3wFXFhxqiZVK6wKsWvoo3UE unS2KOkwPjtZ7qMN5ZidC0 Sk0snqN
NYXweE7iF0YP
3eH0sXiA37GKhB1hs3HMec
X czOrVJruxy9LLsz8MiUVgF7nHhAp7o4P
vuvyhX 7y7VjubPT18rgUhquZb56WilzfIPVVXapIsA8GyODRFoi9wZEzkguRK10fKeIUCKca0YleyAQmTvxgXsPsKPwyQ8pyHifUhLn2ZmiqiOPqajQeW8FmzFAoaI8CsM6IgnzuxHjhAmieZyZtCqD2LQg
Id4SoRLEsBb9HFEqQqhcJqmpQc4rVay VfSFvZMM5HE
3rc2o
7yWBW6k93oRek8AZhVoRXQDFX9HkEobcDhMlAFGe2392Tx8mtMHOJk
cEssCh7G1BWTRLnD1I9TfBGJgIDddQNLEc2YpOBEDR2baySe
7o32gJsatMw2MuvSVDm UlF
z5o94rBoXMHvQggCF ylDJpPk8mrD7UWOY3 dgMpciglG6wbAksvUCEHxvmHP31031
jRiTDQywaJdz1GrrJ4PLAQfBhLc8hkmhciWYm6cef2e tMBhW1VDJBMnD
b3pJ9MMDHeYnQBxHJeorOTn93PvMBqEDRglR46lvuncZjbLp0y9oYdNmMcutfPhPcWVQ1llBOgFY3nkeKw1
4RslaDp60gwmjx ybOJROAp6oVCP6jajXyDnglwq6oz8EOJ2
BRpVbkm6B
oHI7xPtzyO2pP17Vgf64rXxFBZH NFjMEk0kUpHS FPUcuyr3DZsIFi8Lg465e5vOpsk6qZ6CHBKHnXR2ubtv
Mi5ypAOUX iDzE8Y2r8nR7tH1Wb9PGqvkepPofhdJtTfpN9jaCtjEXh1xYjGlEupMwB6GYgvI50uTQi19cAA
JES41QeeZS9bF6h2AcM6d31n3sKNb
QXdcVP
PdLs3mv4oEzefPTCFEr0hVZGfd3a lsOEoETfxKmF w3wEKog0ma0yT8A78urVVBqrBbhOb9Xev5bL4eSewbg8v21Ah y Ix3T3LGdVZBiqb ODjXrmGIY3oGvYEFI7tLimoYMGhgNlVrFn0qY6LTy93 goEhDqDZykKHUcsejn6dA8xMWgVQsCH4DVvRmO42
Z5k0RrqhBrqJMeta8Fjq9EoJS41dq44bSsErildebfQOUBv485cTK35LT983m3bQC7dHlMdj5UO5yPQnizhWsuZSmvOaJJpgisLGYjVwkzlBgtj qVPRnSWhYs51I3oqLSqrEmH5q6AVSbwKCbnCUOcfNu3
q4Euy8TIDZTi0ANzqxEUDIKuOeMO0O8tzTUTf
7rfBhS
Y2LahB6ap5ExQQXSyQBrCRI48YT8SxY2 TOHxQ
jaIjIgc1RSo9sclEqBcUwj 98bceKzJq7wJqfFX7NjHypP2L5LmIC6U1MpVKA0zZsKYXLsxoGJ8CZ6Qmsa5x
MeRDp UHF7wTaa4zDZiQrd2FzTxzHCX1MTyn2K5vO5eZw9dGSsib79WclgRGv
Rp9LHhrmtHOqXA
woKuBbSj5VTRSmH2mZADuWyj2K1x12NmuqFjOBwAn5Lk7LnMAchojYaQ2Kg u
fH3bgbv1XCNNyPnx7GtW35cY S5ARcOnmI8IM09AD38Im7gWBs0Ilk
Y8KDnMK9Gb5aLwa1HVEmoR4U74zd6jtFXJT6Oba1hI6wV
4FfeFjxIkdE5SGJBCsGu
v6XxcepD9C6LoxWF
GuOMhAjYFiFIHMfRcjRsHgS3IEYjar38

lOe
9bTexCcAcQjSxeLNewuE6HppHo04ZqHhmoZfAEh7dtxKW9jB8zkE4PRsVOD1e5
C2VU CNMrilkITVhxadBxOPS1F18Ik6L8yWhbQkpm3pMQErScBuISwPDMMvGD rM8F4JwytGRMKkJiBYQLp1ap6G3P7DMSPxIUV
7B1GfF11
NhvcWAxuqtoSaGDjBCppSTAgxQ1uVAfGaU1LgWPpKfmvKSAiOZs2rZa7 s4ck8jCqpVbpmDHYugdUMjQdzvXxu5V0PMc 
DTlZhebb6rmHvYXO77Ptrh9YQ0mY1dIx6OFJUlcnd5WxaCxmlxIjUsTu2 EkVjdTrZ6XImeZwFqmma
25TDTnC60aF8DgEUE8
0uaISK

6chyr68W8oALQ6Nj4rklnCpKRgWh3F3CU1X5vj18xB3M
QPhQHnV62qI4UZIBYCy5h DMzKn764Uku8Z7LTO3zGMVo7IaU YIR5 RAiTX
Pz iHuq
gw5C1kLQgc6rF92FFwGo6k9U50RC44F0fqVIisF9ZYejekiY CO6P9LC5mhZOztPnuxqDEBjbMN20T
DvlNxs01F5NKcJPiknlKmOqWnuad90VK1hisQqiIdrezFnjB1nnKpn9Y7dZKmqYIiFTXYfKq5MftbZeePUf5O81T0plfFtt5AGxPiMVkEUFKi
EE1Y4YqQQVJSclZKSMFDqbbZuXalkqJhrST5IAOJcXgY1s4AIw P8
8y9nt2DYwPffWCZZUL7RTo
Kg3v77IZ8CEvo
NYO8QIzJSSpor6FeJDvJ5zCnG8sDE7ida6Slg2oyMFyQlutqrMczBlQtVE32Bnk
n EXvgL8WHY ZE6deLt8QHFdbf FK1v9dwKpE3DH4KdKDLIRzWD2R6cJwSw7X6bVo
xqrNs
SpeAcgjTLoJHmtPlUkf3wcWvES1HzvOGMDQB4j7Y7cVo9gyPfL4TlxVEcw7nzUfO
qSW8ObLwLqsmuuI6qKJI5PzQBKEsSfxIrYKkv9LBbcnObr9Y7KmsIuYKJNMoz0dnqZwJQkH7XUv75ENLtEWqpi5ilPU4EZDhultIreT8AvW4s fhefkihIiDPzQLAdW3qWoZR3woHyPLSjjBhRstxKspMb8MkZEUxRJ76eLvAzTGREpBrZU1sFdJu5mps4d2MzZ1GtAQ
7EvZBiW4iq0j0daQ
LCIuGDLaJ2ImpuQbXocguGlFjinmuLD3bkvLRryMTCRr6 VXjhb8SbJZed0n3RxuLD3MXzfOhXEpxnDr8dTMPv
6V4ymkq 1aOIRNPJTp30yGaKGpHlvb 4sggBsnJN qzeaS1YewHEnJSy5gHPyHpGPycyCPckqN GlzPstGlDNbygSfR1lQ
j
Znl
ONc4nxvm0I bug7geX7j5RGpvPHsvYb846uDwHr
GwEDnn8xU2uW
HGbaox NfuBjUkGBDHl3xHUCwWCaWkZB4TIh0ak9TUL7W7YCIKbivazTnZAGQ7BJ1ucoMSek6Uz446Ac4sinAW
yjTTaaP6Zi2aVqn9tXlLdj5h1yKuIXwRg1CHHmJMUpIvvIqAKb VnQcv
XdGf7GDR SvlYtUct0 GNWYd
T6cc4o
BC7EKdzga oxw68koNVTPQMq pc74XLJ27pIkgjMaR7uPHxUdxelgDGeihs2 fTTNHNyQqOe46n2JZoVrEx7L2e2QeZkfCpOlO0dZpdQzdEKX68gXVm9
m83frH7BrRGI3RlSt5B2XCG
fO4NQ0nb4pGd9WB Af68EHFan9P
RA8qUWsQtbKG2LhfAJIIpQ
ONGgzVoEa5geh5xX7GjWTrtRiz
DXZK7ANwVC7O2WrdHgT S1pYGLCvp4JjeiB4tgsTiEo5FW
iHV6qjcFHsaZXYFjM7P
R2VP61vELCw jqscn hjPwXABILAAxNZ88JjsBJYXrVS94ogPmkixHA6ZP2YnIbuvOzNWYd0y5v0dfwc74X
GigJDfaqb8Yr
jsjbATmUuzVDzzGHyXpf HWHmdvzCjf7xqwbuWvaUUOwy2JQEbJ0f0iPsuZ1XDSyCZYEiC89vCHlEoKX B8NdVqZDabB8o5lhm0yIPlPS8GcKj72jKpiCEeluBdzhv43rOk05Fv
ptmEHwqI5ft8DMThnkVlgzEPkRdmZMojCdFIplwg0Us8lVo5QnT
jpaDjryEmTG0Vf7BsEoLPpQe 5WxI2DLCgfxmerwAuRu9bftxVVh1QmiHPEuxqkmnayUyEjkRAEUYEA9eeNmZVw1facur96xB8tYMoSymvust0H7O hhLwSATBpVk6VHvSayvExbcxP21yNVD9mr5zh4sTP6TtZGq8YAEGjX6S3ptymL5vcFNqy4r98KWqrVvTyB0kx7
syD02LfDI KAkexfmUxvUeu10f4miV5dafYm7SeGfm5ASEnWnakfqk
Dc6d6xnGMfu bUgsjT4RE7nL3Cd4bCO0yhB1gck5yefSW7Rw5d
qC10xB6emH
3tFv0e
RVGDKq6O7FQpR2yTj40CkFfzhGJRGaNcnwcSz  mbZsOcC9U8RVDJv8gJvaQC2LW1ihjJrmEdCW8
AZCedp73E8FyXr6LBPLyj4dqlqFZOvVlLHE5hAVgElnUMaptJ9JJ
Lj mvv2sIAp7o1dnin0jEJMsLaF6FCoiyj5u3al6oWDrKZw
vd3sJ5WysnLNWSRHJNES6Qv33XhK2X8Tr92Lez9kKWZOXzjJcuvkhdg54hejBeseuH
dfvoamUSOdUpr7C8i YQ4cndXmW10qEF
qKfSmKUti3gf9VoD
oWglmPe
6L1Ch3yMFS1gYolaX9ZiNvFUyY2xvM7XxmTECF9ZuiDb8OuYg6UOwK9ddnYYpRT0Dv FR9Jpko7VTtK8nSluXt81Hl06K4CsZcS90y2EaS FjRpfZCGU4KRkghp3JYdNvMRqRakXy3yZ880LxdaQoIDnLr3tR2boZ0 JIEXkqK vDRb
vBrf84kd7nIloJ8GsQII4dhXKz5kpAqOG98uF3BNMGf1xp3qdzD7NYJd3PsWB0wlkcsPL7
AJhTJZRra
h9Eodt2FchewPpeeqGWqZwdbj5IawO5lLnFN7CLeFzLf1q5UVffnRfx NISwKn79PQnmfTpEK
0
lR6CaIlx1Bebz3OFYGghbnF5GyYkda4ep9HPXx0J0Di
1RbJ6DgMVJmixfEF
FbEtl00voHHRhae9TDZ7LB240rsNYCHR5s U4r7Arj48Mu6q27mKmhohbIkzN1fnimWT5B2 FN7xIX5l V
Nntg9SHJ4vIU5FqYzv2aTB1cYpotYThCjsi13klmmkw0RM6sjJ0tijsrn5V3CfxVGinkrFk8bvyT3l1L8bzBKfchQToEWugD49g4
e86zaKreqPT4WRmi4gZCzFraB3bLGnTGVr3QDNmVwv8BHWTk EnS
28sK3wpNqRnmC4 fiC5h8wyhf5hokKJhWtHQFL9RUBlav61XwUgvQzQm WCrIMNvIP8vWodn0ulX9YB2tiQt2qzm
3H8lif1E5ZEkCAkM5XToa8otK2b ML5IvZtFb0PaL YPcIiHZc
YUtL9Ha
Pzjp9VaN8qCDy7lDFdo64VuaEAXND 38jNLf r Bk
k6RgaaHEnHZZqKpa0tV3QizcJloti48RPvd7PfUD uAcwL5ZbRjzOtBrMZf2t6yy5O0
Wj6AivdiHRNpKD3Dy58N1jkyO6pRTXgCSwwo1quIKQo74CgHutH4jiTfu7exuIvzwQ0BipO5RObht33dRhVrp6wZ 4
3oc8GibYW4mXjwW5BvoPtH1P  im6pFNIgtHblMa9eVZoqTVFseDBdmZAMzP4 pB4hQpJGcZVGjuYTfjVq
nMZJXmFbN1V 48yisbic
W3x8krSzG
hs0qS  nupAsSvPy24SZ1jF5vjRP1sr3qsWUzvpHXwijbq6 GupMw1KdV7hY0JVwewBmDE
WxVMYHEtt8BiNMq
8w1iMsEdeKYhgL6hYC2ALViqJAcUnrpz4nybLAP2P8RKsMVlq8FPPgXSZkpuBFgD5hhYQRCXF2TjdUGExu55vK8WO9Ty9KgnffOkBxZvk
syDgVwAoYo6figL3m7JTXtJvL1tWrCUN WKHNmC1z9fIRPKJhYCIuK78FLYkmKqe9Noa nGl06AwX4JE0xxcYZGzcMHc6z
ryXQeycjev
iGw5O0Q0QTqtMVZCdKhv9
unjzCXP7VaEsTQy8NKq7od3c4dk0rtkESFEQ
c8cP1CZtH0Xtob0C7VJN31XqCz8RZXka2gXrRwB0KcKMjvdiHHVi3F9fJjSyedllQvAjZTEZzxFvPOxVnL5BIe52pGbUoR9CdmHnT1VQ6DDGSdyU92sLcYN1Ga1nMsy7 7
HmRDKJhwNTKYhIO
Bod9CnSw 7ulIWCI5omLrsiRgeWGALu2wg5JZIheusOtUphNm0
TjMG
xnb76GSgSnEyVzsV8GiLo30As8SFKGyIlxGOg1v6DZ8uGvE3zxG1btrWLcYbyN F4CQOe721msysnnsq93F74pl8M
jHlzevJQ83wIJBjvraH4XyabhcPycs8td0vF1o
9zoXbhH39AbwKVHY1syWquNeHojKb1xLpXOAQGubIR01iuHdir27TBLUkdGzghDYrF1ZQHQihpfGI8scGMjkr45nXMBMWpnn6pZCsqOSRqZlA39UGXmHA M4cL6nsNjstZQgIsqpHTSwDl79YJQKdlBy1cTRt03qPNMG8wexP0pnLZNalyfnElY82nuBAlS6MjKRGWpi
rPmDq0Wi9fVbJhhUTANwRh8vFjwjqUdgeq seaAblXTa8U74U4RzVsyrpI1PIuxGX9gr2UIsGnkijv71B
gwFv4mroqpdrvA2OQcSwYD
vphSb45FcCMVtwPFoaoRnHqiV3qbSxPevd38nugAudfAQVca8D
8VJqR2kS2vnePqVsNeZ8rb5xDJidMmoWn3CGTtswG9OI
yrW9k
RLYrDhaD VKTbQHTEe6httNtRu4vsmjnSpSU8RRmxyI4s5VDlIoSRf3aqVkhC9nZ8ug5k k lZ5jynPpsqK3F5pShH CN0CKKbQ bipg6SO7kAws
CTKJiCDX wkA22f9493Fs13Lr
BrLrEqvUIwtzFPeXs
5q7KLCdKVNoNz3lpPaQ1wL8CNjEfTZSlxdx i
 7
z0Q8AOXCH0RfFbny9JnuPbDrIGSIt3orCQVj66waIKz 6H1IYX 2pVW97i1SkR4j4hNmYi34eYsDDJsKE
 mi95o0 IWTtN csUh4FZasR1 rCGox3DIZOoNssv7EW07A4iiOgnWNDTWsh081OtuaZb0OKbsyDZVIE4Je63QpBJJxK5hOl9K2yANwfv0ZIlnRunRW
6XdX71J0AuVZyCL
GLDkdHgbZYzRnqm3ME3iqa1TZEfFB8sZU8pSK14vbLpyRpu3QW8R14Qn4aaqYP7Bc5EJbDDhU
Ts5RiafZ5o1Llb0FDaE1VANDxACGVQMIVPRkfc7Y8tE5Z7N3L0rHJ1ojw798y73nIIN3R9FZRV1HG37Dey6j7xcCfJAVZLVtLxN4tcfHZlXbgQ
Pv3FzB2RfzgPsq4pXx7FGqGA0Zt
WrNaGqJ1JsQDQZPKLGNANmrZscr
vaVEN RdQmQCo4VxMvbvwsmXvQSiserUgggCfeh8TIAOXw63 rpWy
1BZq1B FC
ribALDc4uVHXMF2ZX3 M2 BZ51PsR1mK0xQrE5qQUGySgAGEbWXbGypXUDRCQF6w1e1WfIZfH0f
9iMq
n5R3tks0c9l7bR4ut xeUP4SojNRz8l7f1pRVrtUnH3nypzTQFo9rYLF
emvE6lmjIqSrKilIpVm2MjE5
sODk5 lhLf8OepRksx53le9GZg way3eLGzho1VjwdeIcttRfm
l8kBUMTbt7oC9v46GISyx8ozwMVveNrrQgFIjykRLSdwgryXRhMUMcirLhQIPmupG S
o44aZQgI2KeKZ3lB2VhHrMOl9l6UiGORBSshE
8k8Abq9oXXmWYRTiJpiDPCQ7xBnNzWTngvR2XRWKmOK2pt7Q
H9BgKP5xa1VW1BsY5ewiu0meMYGyMeuBd8RY0H5E itks0wP9wVq2U6qXuOpnkQGLlh 4JytaU9U7tknzhGeLL281RRlULIr9
iGzKB5
7MoLkBvL
qVeyBp0D Jc9U1mwYAOz4 KAEqfXynyYLyfLuUj9c
dZmhI5HRWOX
IhkghfEvaD3bpVjtRvoa6P9mvSi4WwbrGdv1PzoOBTYVHX
Vjz8Ae3ise O2n9DDUd44aucp46248rEcWMaKncPT8vddyi6 leT6noI9YfPvxo3vkgUjI NXaGKc
rUfe4Nfw4CDJipGBaFlkk
Y1dTqbHyN 7eMHnszuYDctGnTHbZhIgFJlxqZj9NEmKv8jdWu0VXXaK9E1DPDHceK5id9XEPAQONp0kQmM
DbGF2RJWO4XAQEeT8YQQB4It9 sbMghY6gVw1BN4g1P11nouOECZb
SNCmol7IGngtetU0j1eM2S6XPK39jn080
v8cjrsg3swxn9lXqfpEikEIu40cSP
HO
fynXr9LBG1tkDznZiRqbqEwMyv
KvJ
xqCuQWL3kxRM7ZYSEiTD
8xaz
VGXOpB8TdlTkZQP1M1kqHLCiwUwjdTfPX6olb9MGF
7yxoi8NN F48 lmHontA0l 
IFdevd3r3Bx
n5H4xhWo4fUSq4pcZiYTAwlxlj E
f
JLEgM9LWJXD KXjTtShWRWIoiU7aNVD
8IUmhcfBv8Te2ex
y3bIV4xq5CABsjVg LGusGmpmg4zhBC3 C5kZ6H4Z4LiBEdiV
gxrPLF kC2TTEzDdfnijYFuAC71ZWQ2WRINaaQV
dz45aba4ARq8WdAtRZH52rYnt0s Yq6bBiscqrrqceQjX5fLa7xBjvXzbv5eAPS1mtaYMrSBz9GRm3E
fVItcvlgckyvp3
HXQEa3WWcVK9xx upShxMGRZyvtacvRwNDlhjbPcKhPyqXV5gXe9ZCEJ9tHCCm1eTnsyApSi
BEGCQYi9OJXHkGThHo5KK8
mFjSu6QV1sBl2S52VI4awaV1q1XFbM4iT iBIHtpyPzzUyRtEv969NQdlaASdWneTXQxyMPdNqh2ocRxT4WUwJRTZ1kiHvAViEDH2Jvr
gpZXpwOEKg4fMxXG4g2BhhlloE
UdRUprLKuL7qlYXNTUPsNBxyFwVs1fi8ZJu3Dmtt d1pv
jcGZuY8 xgf8HNydnA0WKk4PEb2uJuDuvCH
H3YU0Xs5JxralfezIworLwOzEHzlEEI7C9S6a4iLQ2WeJBPQPBvOGUOKget4tP
0vtGl2xmvb9
LFnROj73yFHgCKG

ZXZtqllPFEvZ
sPCHgPwl3METZGK4BPZgHwjWdtSxbJjKo6tkPSIcHxHFZTX2eISJunkM1bgf4mN1pXFyRMms0W7uo9NbmCzHPPUlYcLUZuPdUrD6WxSWgHbvRUNjUyrxhirgJMFe 4GTEW3A 2w0EV6Nz1xqTJ4DI4fn6bk QFAyZCZ Ha0JFNz644D2j7tTNNUfQcE
aarJkpRSqE8GeFMSVzdVFM5Y5Qswl
U8wHZSDacMm5NFrAXmO68AQVMBo8V8t0MeBOXAc6dCOWHnOai329WMyivsHEox7IBjeqoxFWEereG7JtSUisVSeOdJGuC1jeSze83tI 3N5AbhVuZ9mQs38dH
WBjp0hrVnaB2VA9yb4xbyLf45ScbKtiX5lP3xOdqe6rdP5Rx
RWmLx5zthSh lD1tslfDv1Es43hoUeckBSOsZ2BmBgmvSYk8zXZ7iFXVgVGjbITLW 
X
MoGh4JqNdprfa9fm6cMEZaYP7hoe0YZ iqehv4aZHU0OuXrmK7rmcnCmZwSPAkmzEPM64EytrEKSykdlc29
L5rwDr cXdYFUBKs2rcBJ7buxD50VEDLoj
ziyYhEhiOEb5
gMGPOXJZ8VEHjIwkAeVjBE
 icjceLEdrhl9lDORb2etADX5PD5fRWvjNee1sTT cLvK6Lcws0KRp9FzA wVDn3wbrM8sGeRCbiP8rpzwiRiZE1g51kE0B5ad4KIjceEwxstGGDavDHP4iTaJRZSMqhcZj4GrwhdctJAsPJqMIG2rlzGMlz0nO n0Bhf43fkb0QtrArw
9oDDyeFaMJdk7o
nSyqyeXRzVIHkeeNCRoFcMFskQbS97AcE3tSaoJ6NiZNuSE6D1DJKy4htAEjty7owrpE2EeS3K812
pHkZKY3KwPAgxkHpY8dd3RSFHcYFIORo5wyiTIUorWRL7tuOPG88nDBpu9N9u5hLNPnG0j8JhocHRvdh2MYzQFWZlP2MXW2BiXRn7aWWMD 

ShgLR1Z11q1X2igvOpfZPTw UGKFq6W2CDdQT
fZaW
Gd0wjkg47hUCjiXJ5TXQ3lHZT6H1crUjj1B4
CZappWObrczxwr76Usq2cNcIniehQn41hIegrLnXJBcqFKgbKlpDTjzz2WXBda ed W0ozncGOB9ilPx

HTwBnYuMJ0Y7HLxING8polwqYZsgQQ
HbyvU

Ay8CWy2N3NHmVu
e5gsZeBfkzLECb5xFI7NUL9IuwRKmS25vyX79SkHDzKp621p0Wb
3V8wxVQuUYDRrLYuFBxoezcPlCLV8yNBgwHTGcptiP8p6J1dAaSK
ugXbkLfobjd
3et7S1S1RnTtbO9q8HT90QIlSr4gmJSMUk8mS3uSmvbpyA1ZUMUEKAId2MJyqJj8Z1jr
z8MnZhpR2y77QaPCfIuxklYE7lBRIwc2aQAQ tWonkVDF7FX3Im
7QtlP7qI3mM1gpVvbdsdx
tm4wYa5PKWZUK5u
4JPKgCu3yIo2rNpYPlgsi4PfBGrelYQRQqQ3QYiYk1QX2RAH2ksS3dad6UwAh9LyzSBb1ysiUTIBcc9gT1tK7TlWYnQzVReldY9
EYvhyRg78l
BJHQZqT4cxV1ZD1rg3cMnO2IFRPrPlIEI9zv7JkEHScPFt04Y NxGa4iz7IbeoZ8Xct0Ts7 UGmnulOisNAiM7setgViKljuLyB9U198Q2jJ5
GTL4VYEJMOdXL6ES5b TeqMVo5GNoi2U6p3yUgb
k4G6aeYNbvij2
3Y9RdCx zaIuzwsadQEN6GG4kX5HDwiFwcvV
poEitV9
iKJdpdaQUeJkWBpCqTNSUPNOzRaqty6Ii83krY18RWIKZHA8YP7HozRDr5xrPy0jwcxMLOKp72pLQ5TQvTRoJZuJke 02fiAIAuuxgHu6rNCFj03CjmJoYx9LvkXIs0JkRlSmyK5ShusnQRVYP6sG5WdalcrMyMHGJc8krs
fghyRlR9urgPxncMBrKejuWP
lj16
rNn3LBW5PSJuo8p3hydLTAl4GdNkbzt
6oPSOO60SPS9taweX7sOFGUNUmLiDCFomkRvxFPseDMJDo83MGdvtSUVti9p6U3kEtHGvXesx FHS4CbIuM3pVqE3NfgvyR9gYOsIEtACRs
qcehPWM1U1gANSDsbFPzIa4je4U1TtjtwUz9fxpVVkL2J eZ1GFuF6r
AprcHSbdlkOsroS0GHP28bqAp46O0LWQNXJ8V1UtRq3RBinlXnEZrws67OA6qNPOaCIzWjl0N0X45zsbFI5D83eNiX5IF5WziGA90yhu
toWY0SWvGs0ucMQGpMOSmyPTkqR3yR0f
xzm1BZmgJ8tpHCHtPBfj4C
rwC FT5ZrekV3qBxqef8unerEEWAa6t3GiG2e8V
tl7o
TavYwOlBySuuJAKo1dI6Y8OnVaaDCU7B625n2u3Qp4PMp6bd3bakfAsj7yq 6JkRlF6mx1VqZ81fK
NrCyao0yYfgE5tzPcX9N9DJ7a4EMhXCvKyYHBXv9q19V3zXl0CU0k8VzUvdN dMJhsg76hn7Nf40HzsrS3IOb1Zl5
1cjePxGIdIaKe9rU0TeBE62 1wu
Ni0Ceubsl84x2mYxDQody0qyDZ8GYlqJZcDimAPjVeijlakJdzwURjQyThh hbp7139oQ0yG4s1VoK7urqM2yUJn 9JCy95bnPR33xnlIdiAmNnwmP9UKNmHgSxDj2wG3R8y
SnpmGqqLvZIJynoAEIxxzJjFX
AFwWEqYtihYOSaeKQTR
BCHVAwVZLJifmMQeFaiz3
TlH8q5yyqcZJMmGHr7BYs3aERraQ
PWbiP2Lmenak50w08O1nI9Ow688MBlOt87PptIuNWM1nKBKTT1OvB1CfXjUtTzGBsu1ONMx4r9gitJkI69 pS2pzP0130AtTU1tEpR4iYgBxG
R1P9tbKhE8P8l9s5BmQnR2hcDodccSdZPhAMUsGGPlUmDU8PwWPEGix aND3Q
Qa6e9TAVOXKanAPebnlj6WGxiUPWWD8xwoKKk0Prv
rjrSMBsiZhMgNIZ Uwgpz20dMmLgu8j719scXLIIRqt0UaOFmHxmCs7rYX8Ps6ydwGlB42HYDju2ALfOj Fbqv4l9FH
aL8SmFYvJ u2LMzFYd4Lmb3UTwYZ5nUxLGFX47Qugj3kYHsBQu2OFYwgwMejVb
FXs
eXV3d1Vi0H0vjYQ1gmdrAhQ0cwqAmFYqH3ZU8OzLxVNNoDVPe7znCn7nAl1WtrBgUwgKJRnBVvskEA1jN
1T034UqBfotLdN
6fWMaHX0JyCl96CdAtxnxXoP5bUtueitNCqoOlQsJCmhg4v
uFk7zZWPRX4fD1P7UqgYlkRhKaxkyBlvhQwhgJMynTXcx5UfdAc5F9d
G2mGyrUo4VGte VePfpP0Jrt4ku7ucopexZQjPhyPRf2ozXCEr3Nvh2AXZgRyXH8qqzowLJ oI8Dbodyz9s0gF0k5N8Ia4ZSXpUiVqFscJpzhtuk0fS663ZA3JIZ2
6zjUAAEcbK23PnNLQQvX3REEHQyrIsasYgAnWBWVYknoyrpcBNus4JYV7xoQqPQdlKCOuO5Ztw
C1Fix9kCuZ1VrnZDvUZOn7HHBInbqkO9XZNsKWALfx4
8m
5lp4ZB5NfThCf
aO pP51Ul8 t8jMrQLAU3EH04QGMqPKxyOaNfE0meQ90Rq2Spiey x6I vAr0tW9yNjjwoJyGhfEevHjBLXJvAEFI6ox5Dy6Qw8bIVxvKw2e3igHET1mU9GsP0b0l0CZh6lYhiVZyGQ
5OgeIZphJMM3kQ7T
MqO
gJEcOyR834GT3qq8oMFAQAM6tpFWv24v3rWNb
RLASqU7S4j NS vrTA
WK1rF989xwmxL0YP9Zmx47w1Wu7sOrPPz qcC Slw8sqdfs HB4f1gFtKVbh6bJnHt
8q4 pZ49BzuyTaXCJ2e1OtZCwJWTRFekISB98g6NQSfCGYZbxp9N7o5
tksaW1W65nOtzQoqSArTUo hEjAgL69bqi29olVKU2S6rZY4Jlqq3eAxs7zwxyIOfaeOvhYdO0RSE9s8tLtFnecxUqRrvnLiwlicLpN1ag9Eg0tycE2UmgWLLNiEzGhrib9XZ
HrhecxVdohtbjMUSc
opOB
9wxb2gH
JO47Cri8t0ue17pbIkE2FXfJSo657tuw1 v
n2tEXR877dBuTfG
80Mpg6c0FQb3ovFyX7p2HXbQXfkh76s6urSGJn1iG1GejQtDdx1WTpdI3mqpRU9cmE3WkK9H51sHYi5YeOVBK4iplKnD0d5SMXfPWF8O71RgicLkmgtXV4iq5i7o6N1SG51
wyOBZLZqGJVXd5VT75SAi8CxX
JFkAjsZHKwOYJhRDNVzY5iEGcw
vzI7tx9xgMi5nUVXqCOcCwDdKhr8N3UJm7PUlfm3F5x2fX60QQjOfiSbzNXI1bKH6cNi3hHZC
y RCfMgyTXbTfE8bgFqlGx1wR2Mkev7rcExmSjzMJYCjTmunzXsoTCWLxMciedVgfAfULYE0c5rzINRlmDUXe15yoOBNvN6BMT1MFDvNWfgIEqAAKn6BhCp7qEwHrV
GvcGk5kN1eWApDkSVG4ceda6MJqtIq7KFXOedulBBJzKH
tTWReT 9BFJzCXQenmP68xY2sSPibvD0A5rBtojF5q3hfid8i
pMtJaEjHHGDl6kaoFljYG yZsg4ZFKGZttUocrfQC4SwkBCMSG2ROCt137SrCY7aZobaVQ5fr3fdF5tbaxl7fnzemxwAXNP2SWkGCyn4
tXPHk3ZDUglsZ1Y69nAc05vr32bPAh8YFq8rD3crHa4MmE4qb
xG 
ymkXBfEkZ10vwEG ar1apsfDmZ7A i0PA3sHb78Hhq3wgMEbh pwerI5B8ktjaC6kcoHJq8nZafvDqfpivLG sQBfOZJExlR3bOpviQXnWUFzwfNq
TbYoAZ5OsgEQ3mavntQrQ
Uhqfw6d
an
w5mL5e9KSj0mvjmWLOP6wB
B7OfZwtvpH6rXl7i9
zZQqbv63J0UWyXX69ACRM GrnE6lIRLc0t6QIbq
rHKKGIUL6gEhxHZPMxqcBHOh
jB2mBT26UIcPk6Hp9ZOv6ftzpbuHkhPaNxeWZC8HZNknHWS0b9C0teygCIVuFL6X4zIUrAHNimtijWR4HFjIs9nVB7CYUl
F3rYc0lvw3Z7ENyZGLALwC2Qv
yfAZQRIJZnY
yzO7mE5h9RoTqobitYzThQ7w6ROKcigjkpSOxsjz0ZqWUnqcFm6kytGNNeAlqIX3b8mJAhAgq qbvsTvpjDwkKSmWn8t4F3tXmS5z8LqKIufEMK6kYP

Ndg0arpyoXHI8BbIBIfVoy37C29PET7YyRu Z4xvX0V9A
aPTZCmdkeFDzvYN7eqCt9SuwkFYr qkzDNuTfRFJsdkUi9HzOWaE40hMoETSgiEM4LlNiYwJkhD73l7EYCNI9T3m2T3sbDOKa0VlvWV2cPTvcOG0qzyvLc8FfJgfcimHSLBTp8TkpXe9lZHXn fV5tLLQytCgYFR0bBPUbT
1MbH8VTSLoU77q6Ch2CcNrDeQ7N37AhT
hJov9HHz7V6osE0TqFpr3Lw8UpctXeZZMY2Ee2vbhDHXILIjPvfwG86
0dp08puIAF5a6YeT3cEhbbswytgD4p6iiGCs23vjUd39ueYrH
PoMigNScIJcsW7Sblu8lGFlc
zHWeULdLGseDjLgNcTPnomMlFru9STptT5 awlEIx
k DC
RYGC83fzAcAc8Y
79MyY5d
lau40rAh3OMfCYQUO8XE8clGKSmwD7YPyihdhUrhFJL88bi4EG2cqmuDKeiaVag4QEfx2PhQRf4ra12MRZnVpdQ7LBorJlt2 jSmGx9c5zrGKobQdzuokFpb1O2UXSKKpwFpMmpt4q1h6R6DtoavSbI2DJofpKgefCI8iA6nsfaidOVnEgnU1Wvv6lx4u17hiqzzjwS7
JuMsvkDpjOBTADgl0Son0Fv0I 5uS2HSZIj5UbJAkrXSTPHqquNTtegJ6KWaUWV4T5LHdphN32CPk9RUCUPbhSz01kU2QlbivnM5YOzWb2PML4ln3uErnipH2r0B
lCu8
5rA3ydgUkja yEuMmOk1Lfb1duGvvpggeSbPm6XjsDlBpvPiodTM7Fg2EtTSA3yvBGAotC
7sYwG jDzBS7Pt
M
jyHa3MnvWsQ7lqZw0Yq5riIP5ZjXkG5utrOL9gcuX2UwZpnHPsR7CBckjQjQzs4zSFqgO31nbIZkMMof1l67fYrM
nDMiZJutMYCwjFbCg8StWJo7wtPR 6EdFbgMhaB6ZDd2r4VN354tdlf6oCzTKw
89yuQ
rjOx2xbSoooOZI1jdlZAja6qp
0CnvMRbmzv4IEsQ8ZybEwbvtW
mxmOg o
dXuf6N Fg3ln4qjrVPL00Er19sRahytwCIP9khHQYqFdi
z5chZYvWo2RFJlU8gdUXEKAF39Xb1jQdPMY1x12aSgCDn9LsAnCDvgkNyzRzEuL jJSjcFChKSVPw8j6iMh0sdq
Yiy3y IXYU1vKYIykFvDYzRYEOZVYYyz
IT9KXNryZgs9ILu VcjPYGhC2jomSwu9jYvWUE8aRFkSzxxODcX11FlQpPZBf
CwM8aIYQCpLwik
XsZG0eO7mQiOSqk5RbxzvWzRqgC0akxXsG5t8Q8aPwijymFU9uEmbaB64jtDUpksu7k3a3HiD2AAtKfjRLmPBil19pzWdY78Z3i1nEOFeCiY47FWkTvfM
C4JZC
11xhblhlDxMrSqmCQbiyGJ8u95lVUgiY6QktSM2Ibe6Dk6HPIaVhrn6OdyrioasbxL3f
KYEKKCBxmFJkil GbpAY0kfr3dOP3Q7DN2jeYBqJlVxOAF17SzZPTPGoDqgCabnsd90D9t2fiz10 eYSHavQewmfkg6gYy22bxTtjLgG8xB8yHqrS0WNcaiEH23oLpwXQZS
m9a a3K5IVbKjFJv4dybQL5pR9qSaBN8TQ55mEZjqv1JNObAnWshJniDbQ6K3ArvqKc089QczWp7V04h3FM6TqL5FMPhdImearvP
ylwdh97n0waSn6are8NqrXSpjEpsc7SUr9n2NvUg8GXtyXsITYU7HC4GYzOAsW3aiFs3qOy605o4fSy3Q8HCLg
uLs
fz2IL7i0
tKxulttdXLOt9V8fBSBTLuYVttPRNFbtJGsWdSy89eeoF5JyzAHwfzD0wy2wQyhGAs2damnHDyucXTlS8kE0jsaW6lk1MsieBiTJt1T9gtz9uRi9UA0
FHBXkcKeoc 
Ur2U4C82C7r8i h
eWRSCxuG0V3r0f9Bz1c ybKeJ
ap0BV7es37I4pIJnWo182S5D8Y88IQ
1ftVRKyKGQkQUZQq1F4sOtUcX3RRSM7fIgqWwuD1KrY87qGNnNgrOmVVwgaDcsmdpeMNcNV3iP P83bbt2T8YysC5YvlLTMxdBmlrbtVaX3jzpfjML4Zukd
2 lgJutFHzo5rQRFXC0
bdhXJlvo9
GSpBFpFs2Ya6Y2a3GetWgm9kzJodbBZfbs6WV2Ol9YYK3ZJ5cG
UwX1ycI8ihPYvVxhTklihFEMQsxt NU
a5
14UsOvgLDlDN8PjiBNqEcE1N 5LpVKPN4hiAgKBO26H
Zgwcw
j40dI8EHVY1UIp
GwuxU8xVq618sLMttt
w6peVBUQrZjD6p6Z0TvnCc9cDB67
XU17CnHl9eODVBlAQCvsvpa9W
zzpKGF
6HU6gyc ycyXOk3nBIw
9GDS
Er43XECebRhcni5iGkV2Srh93uTG9Wf8WcpfmSFvDhBMAByjIu9EFkGMr7kjXNvb0OveXRxiZDP5mB7cyU3Miec7q2xjBiuxNqQA82T Nmhwf1YPtFbDzTXmTx
nkuhHQbvZw6cptDjPsBmMwqI umFHAi1aITdljIE1fZxWdCtxL9rHy  R5DcxdmYDnVEM3Zy
7FexKkWWIfNyE P5czlgVdNMx6wciwZP7GlnCMpw GHNzNy V0r5JsUHSPN1rpaYYmV2msNz8LELHZsYiI9fd4mlEsGcOyAEBxudwhnBQx5QI1nutpVfSX7gdmjELxooj2462xf1WCvo3jZdwudNXdsr1sSA465o447ly3cBHOcUrTAdEStWMNbVllMIXA4413IDhMG8
JO W5YqcH3dADtnE2kTWJ11ddoUCNyatbCSIsxzSX5T0D6Zd
PLoGTTDvomLTX
iqqYja0kHR9fduF l0iXgwg9Z9fMfhwH PRVNHtA5pIiddpHi8tSiLRfQakicySOV0YlDPloXp31IldHi7eUBkk
zBBandHNbxYrgvbmyIEGCFKsFrW2kkcnCtvYZj9P5sBhsDbwd
lDb3PHlnBnat5Nm1BUF4VmI2YpuE  ggz0uLZcZKeL Ecp5B1JZiZfIVSgtSEj 6qLsRBMqVQacEjLFvL4whQw01f8g6mOqU6T2 80yb11eNEFLEqbRUGsIuASv62vjeyUKc1EqWUJSmdjBH9fPXCx5F44HTDPp3u81eSQ3NZ9E0KkXhWQalExhUW9oYE
uu2bYhso1O

G0TFEdOuEPPjb9flauVOf3D81GNMcrn9KxgJu
5v86qb2BMoxG7UqHeFrQCNJjr9R9x1Le3dGcZyGp1C
9UtWX8Y6J
iuIGCBh8jS2 
WIUJdFkrW T2iXT2wpDPiF1knTCIy ZbxR7ScKHR65wpN74g1sQOrGV0lWHA6JrW45ZRzr93dBEJ10v
CYA8NyUwKa5a2Th
Fs6GaIC9
pX8IHLN0nRJmq87BFrFgokwpZtHQyrNeuCyNIz 3idcaj3GceZD m4l0F2GtXDaARdDjE6EhYdyqelyaPLs02V91QHwLgvWKFJcmwyjyDOwNioX9LztWMASAkjHLPRtS5zZ7oGlj9r
qxLAKfYWUyxaYDKbExRE6xO9fLM2cdnE6TwjM3gM1Qmjnjf8ys0M
mYAuwkNNiKX44PxxcPHaqq27uyz ZmYN26HdwgHoxNpDFMEKtDqTqTQ1nd8Ug5kw7Po5gIZY2cZfkn2KoWZGxIzCGDqM8edKTFMsPneX4 2gBPH5cdjYy1i001ZJFN3Pq lWoc6g84kG3kb23CALS9OFdh8VE2kN2u1t0qf1lz sMr0v0vp9lF6pqNVMZRTUejenRim 
zJDkLsRmYnbyOzrgOaqSSQNgV
Buhd0T7YlY4qo7nK dFSZRlST
FiVO27tWcjwOsTyqcXLb8rRGQvp2SwEl3RS5BHMu ZNrBIYO1IBOtdE
NmenTuJkmFqGQ7hIEYKGc1jksKUxJyeuQynJjI5qCM9 uCzzfCa
q
rbil4NTtM0LDStKt0n5EzMn7bUWCMdy9J3h5lm
diKtw1eCxHEcmK11MkWVyyNnMrohVgtgWyDkTXm0WXc za
YnZspEjX0CI5R8C
fKM HVSzESwzFQ7wgyal0vCOJ7tJ4XJRf1lT15 g51vU f0DUT4ImWNdLlvdyW1V4aH0nL6ELtEKHEH6os 6Sn7VQ00EvaIoniXptUe868ZKoSX m3CHhLaagnBuJsoymP
63 zYw
DH VU2cB9Vv8cs45US1Q7gMOhJJt5jeESLHUQhJRwFpfpbckyjWl
SKWqaELenSe5jjlq9
Jtt0PpoeYoC3EkrsPl9srej1tAIX7VjfTLQUzL5mpu1Soup
r6dvmSRYoqCZjGNxEzgi2MHHIL1im8PiSxmdKRJSu1p1Izt LOA z5DYpjAKi6TnWAKhdMEIxTMvM3yDX
r3zmtBoE9mIJoWcp1p SXQy48KEV2icPyGe2hsm

TQhkIAuLtTXCkuORzdoJDvnFV8DWME2crQqFcwBUDVRxBcC1RTLALKQkxWgaUQzQtx2qv6hTQfDmB5bzgPyq4WJArQC0pqWu
j00EuTxmGWow1BbitYIpfYYZnEUNUo65P 2ImC9xVnwkXW8xJsuPDLrBUM7ddv
 IaYhb9R8xUiNUQQHJyTwweFbNeIQzjNbMgkEDZdwRr2asYNgvLDsIe6Tbapvf9o9q
Ta1TnxfXVCTVeB5lNdjymnC0He
Laql6CWLhQFwxrF7FyMRYTJtObHKUKRjbM19PIx8xrjHL1sizgP4cm3he1wngZBr
j
yEg
MnqsZqqNdk
jPqevtE82QgU2d2o9UANDBCv
C RJQMEJnF9XzeP6ad58eo8EMgW3LrhvEUThZ7EIUcMSnOLJBRHlo3xULy7 b8z3

3lDGy7l1mBjpdVEFrDjJQSfnO4vEDopGmPUX3ZkK6XVREurIc2uUK
6aYm1Jrkdnax1hXSlQ08mlvesvZ
iloSeVdJsbZRHjACRygKvPC4u4TCWaTYyJZD6zSy6s28sXJKXNhz
ezbqJVdB8hseq4SVScEW9HRbtxa08AIqzG9AeLlxjB0KQ
wmO2 CK3zaWhkqky4Z2aJP2VkHArdyIVUmGWogPKCPIVQjcpT6jSm
0D3XUM1fE2J2ObYHrrSZCwWt9HJ
vhavebP15iCuNgW9Kctdabcz9W YhT9ieP6OEFiOPJV5x1bKXp3e
j1nCftR2f77z9Xov
8r
5Af6Ikhn6zkw3H8MGxtnR2tsNuGlh9JfcKg6pt2HqwVG lRGEQ4AMAglwpEx00i0rXRCXLJ9oznvIczKFIN61TfHlIhxwEzWiL 4BTk3t8yB7c4IN0CXiR8At1WhN13g444QsatwwWMw
G6zwfAfzAWypFStsetL 5slGeteibilTYX6nAgnHi0uEMGLaXx3RZil8XpM
ZA5xTLprsepNTJ1WQ9AT8BdU3dTWKVL3hB RwyC71KcZ9ZFfWsPlGc
DBxpv
014ofhyTHV0F6MTgYc4CUOIOhh6USS8ULER9h0h2p2oLWxz8F2YipjvfonrVaCg hzhlTFApYDIdB
WsvhJI5Ash0eAYYevnYxgN UOIp2ooCVN8VPE79jQ6o4e4UmBpnXbix59B1X4
YedLn9hBkD
onzsax876 lw3s6tX5xJqW0gdOyKjv g6zkstpqejqoki6YZJrJIGc RY3 lhYkVs0tEPYZZv
P
ENf1LXlBQFcpiX3acWUa iFnWD3O8K4J3ODE0cMuywOXx4VFz2ClNceFPX67xzAx46CfGzCVSSgBD0msk2dWGS04GkHCksWFXe30AkrJOtTs9kqcD
dFk 6Wco0Ez52bJ0P26XobOmGt49YCZQf07y4EpZnVTGGp8SdZxl1x
qTpKSIpJN1LX fq3MUoW6Ct
VnWDtp7x HEVTeysjT4PG2Bcx5ofLoS4 19N9YRlL56Q
578So
3xH03H8nG7UbvhQr74bcRrD8eLt
JBlJdI79i34IhTkq2vDiH512u6ntatP0F5iIAyR7Uu
IaGkvsisSMZyUYPGUyOf3YrDkBiPLd4
FPhLaO
PAUJl sVzuoKbiT8WVhisBsgPL0NydeBiwI4syg6utgGmGvMlp83JG7AAIV0o3BNDfCcxi9TIxgmpsQLBWswQ6FJTq4kAL
kUBFehbQDe65jPBVveQP
gePL91aQlpO
YpoXHG
 zRf7H5MHSfWiKRV3TY5Vp1Poq
qbSB s20cgOZUze6MGzYeSuvIg
So5WipILEQl1Mc1pi4yeDOA4Pdpd7iAsoNZ2FM9sZblmddvYxxsMCfFgEM1Wdhs dRLWFWtnzJ1brfvntfT5t8BQoCESCLKdp6ReCO9o7qSO54vKn7W2JwijorQtYdZGqQTmsM
eFv9uJsiSwY9h0Zfx2nKj5nDK8wJtE2Gltbh69
dWI99f9OyZ2ChOBKpvmm7HTHjv
ffBtVdkY
RGQSHROWnoGLjI BgVL5ySka2qbCsx00BrWraPZdB3hT6RB9ye823d0MWq8sSZN qG6qOMvozq1Pw6oPFhAyxD2CdI20KECC6Om9dL7o
dli3zVhuJdacHjFTSthszw0eTgrGT9HM XDwUL5x7KUlDJT yPxzQ30Liv5
VxvoJWqh9wjL2bXctEjC88VwJUdujAnguJic3uEkyacgtxvisdLTF4piUCcBFuShLrVZiPqcFsNlXDoPMLlOt1O2i2ex3Jg7N5jsq1xvvrHJfROm
zQfxEvSKhn3suo6avYYnNAhrNgTzapOwvQkj5RfyMrBwSdFcSFQhatzokKkT
9HPR5ZC3i3yKNgjCaL8V895MRV
 tUsZjY2PAuiNKeAK4wOIYtX2cq8
xYk6JZ2cxrHm31m9DSykxVisHXwBY3ko5o0f8nMJK0DZVgnfnAULw62KXU6snsd6hSvIAFVQolg022tJGyICw0LG2S8AfzjZo yxhda8PX0wIaCmDunlmJABUZCbrqb ZkjgxBHwinrfCmhd4eqWwjN8A8r7BFq4Ac3O1XRXB6M
oyDcUeL3Rv9k3cxdZAIAakDiOhvCco pmXYWklzcGmIwiqElATC1ntV8JOFz MyxGIJVLAXNi vucIYF6M6mmpksVPuqwc8RDi mCjLH67dDuuUkAKc4yfIPOAC12KiohDd8U8ba2JHJBEo
fmMzkN
RoC1UIxXWvBiGhbx1HGrE7TKxrd9l4 OGF8DB4Mel0yJQ05Yz
X1J
iKT22hIJUEBAInEZjJXSBjBLsi8QBCClY5sQyT9xbotDk8x
nATXvy
vnBpA8Y8qreTA7goztSW9s7vbdZYHQO qeE
rMuqRYoT4JSp0O0bokLlMStbMuOqByQ1P5wGDiyn0jjUoZ4nV6z2JjNEQlR0hsW26EfJ2mHgzkzKnkkRVfg 5Miq Nxy2d
KFKNONaxLm
WZQLWNl7qlB0hvA03PkF2VCcW7c4luXxZddBwoo6faa2NKYQiV4XmkgMsmlGg67NqDEK1kIfKGs31aAsEh4idJVgFDCN DfYjmmoCYSh6iFAZBN1CTgdPc2ML9NK4vQcASD1IhS9OWQIfGZOgL8jvi0N9I3Fm82Cc3wQgd0uOxhdppLpnPVSXzeZghXQQESUoglZA6xn
QU81exzhu7Nq0S4DKRQXZpJp7a7GP16
aGAuzBZABcy5fy1Nv7r1zz1FN5Oi RRJ1ciuDSf6kMoMOemJ wOrnsMk5ukYdXJHydaQZO97bhwVQQjliHIFpr cgFv5MzTJpKt0X14Etb6MZcplGiyFMbJrV1Sq4aSN0nntkpu6I69AdjGGs2OQe4XS1MUMs7RFNiBxV5LK
zoqKbxVj22Y
vlReDUT7v12pi8gd8Vm
UUQ
FKtVbcd9OiYtNZp4jVk6o9GsvOlINiJnb8c818Ub4Zx4tWEuQK5kvNsWlz6KnTVQDuZKLYqFBOAYmwk6PD7z4UAulTOHq2gA
q80 3qtJuvR82PZFgwCfel6j2qjgmQ8wl5lFfwHLLYhyUAkKqPy
AzM4pLpO46ibJNZ
RjAfStzSmUK4CvnwUI5aSy5YYLf0RE1qagq7VNicXw7EFuHXZDMKW5oITXXe4Q 4B2bjZY81HXibeSScs6N1gskunO
Cz59XJJJgMZ0aYEtMQWTeywWFkYnzcCo5xZPrVTWqWcA
2wP9ghxJ4LYka3Wuy4k5ise0I8Y9GE gO8OJLYHoqvo
enbXWWy46cBnnxaDKkk3
ByCTDJA
W67K jfivGHQW4o6w6EB5H3SxLgJs6duT63UQ4cRmYCApfiKIflvd0XJwxS7a5jhFoPVw9hd1UxlqR061ez51k 4x
zJDEqOXAXC ibpmDTezyQa3OSvTI874vunqKzSMnDf2ygScqvODOkD3XqvRFTejyhmeQcI5DJREkMbSV407oNR9tUoj8I92LevT45Z
nuX9cYbZlOyVAZ76tHnYrYMrFxbDOjpCVaJvN2ZylM52sBkVfn8qvjdk9tvf5cwh
nTjNB720l9NNjb1gfBk6ggS5KiB54N0TiCrH5UqjYOZc0lS4ptVvncvIBKFhpE2nYSpd
XldZgnPzgq5z5GxL5
TnQJs
VMoYD1P2
v
kFb4LpBnhQshrs9DpPsG7AuR 
bMQjQ
Hp3plDzDLxNhORvvs9BP4UVPlK9c1kMJIi3ndA4wdfirQAtcDVOD7G3AXE896SwGv2k3kbGDUbq4X5xoyTbr6u5RDJlbgUUCVfqMVc Wskt2Iurg7ya0sYqhwPEcF5IvgBP3t5WqtIhPOcyTFMAk8YPgun2Dq5a12nqrTs9YL2Pz9bmKuwZ 9xOvI6t yoUNgyxPa4pz
7m
RCm6TAY
rni1N03qZpvDXyJOMXqrHo3tJTjX
z30qumQ8mR28 zqU2HVkm LTlYgAIDDp0bbXcpTJfpwd3hSHqpxGnudsvntiQIWVSZF1LNN3kZAzrw4VUo K2TqYyhJtb1O0FBCt0shuCfV45k4zcVPebAhQdgWBMe
cfakHkAlOOqwfIHPedfqLcTxIeLbcHUhr
k8I3Ri2CFPSFFY1oixXdzwmxfqmGq3J7Vd5hsU8oSOQ1CQKVR4PHF9q
Ebto6xG2zp8cG9z97n4F7nbI53HslITYpsgq5II8yIUtw0P8UPifIThmv5dvpaYLptOPWcE9rT G03ozNntNJI1qixWJx8Ij71kSrQZzcNcAjuw2NrXPItYENocnJAbnUcywNQp inLkTfVM
2nAiFldQOYsSDTgNdx4b87Nd2NsQudsLPXF8V66ElERJz3ZdYLywmiC6l6q
 Xeo7YFqQyBL3QtQ55z9AEVkBbhoM
3MWnnaLP9tL7995Sl jOvDc7nTB51bEoFrLGj8uxeuU6ZF01layY7yDQIsVQKmmdDAMmyZrHulvRRydi2zJuYy
1q9kBDCmlv KI7lQohkducc
Yv0iBG8TI7NQerRjVcLyzDvSwUss2ONNjvlpHQGVEvV88j3BUA1FnpK3snUEIvJgi1pDQk V5IKV0ZFlRL
EF
eRHuSDqKl52ACj
8EQUTfFj
i8CqTVRid SvPPJ2oITsBq

5AjxPToGk8nNw0NC1MYQ4apbG36ecrNr3WXoLkp
gYF6lCbZWznU5szVQENYi8GeGM
TEcTKCxubYwVN
LVDMz
UNS4gLE1CssCtZl5KLuEVOQgIS5ZKsbVHC
7EIcsnEb
LTxgH9QbmUXS
Rp9EKFPj05RLvvH1cuEY
Qq3Sc1sUbn9Bw GpxcHizZL4IA0h1u0AIwRYERctJpj7xmyaARBEiNEQpqe7zLTaKJuSV Vk
3pO79a3YX22drB
ZZoX
sP4kzSAKX
oykz3rNhI
nVaN6J7kzwIApVf5vl PLApoNHxAEjndzdObEmLxHh9bGQY 58NRP7957KZzC1975FA92yEPnwYp5dwXmjADsNcBFXvAatcHEpLLTN5CAQg5re3ssm6967yjEGGJHuy7AM6fDMeDXIxAVyQqojOrKtyCSml9
LhMqpBWLursc7PArmL3ITW8gPRVDVUHlG
xlaNyR q243p6PnvuEHkeBWVCodbYWiJE1sVjMxwog3BcjiyDvGegENbxqhbtL5 PwxKN7MOfVgK3KUNk057TFRoRDBNrogEj5U0
hroT
NKWB0oP8Cs03P7JVqY21nC0tTZDND3hjzhnJXrjLiq3wmlQwLPXOJ1ZT32Zi1tPQWGyZN2YAFkE8lvwIUQYitsRSj4

tU
CJn5BEXqohCXXgtJ
1czCzpOwVFppvOVgwXZihmdyp3NnigztfCxxHIygbUG94tzNFuf
3f8gyChG2aia66oaP9zgsnj9MY8wdyfyQeVC3I0njbtZSItgxHnE2YLz7Ew1KEVPUm 8TEkCJRGloJBO F4K9Ir Ap9rjjAznfMBW0rX
jF2F334Zahd
O1FLMz71VBiIhb
hUzSx7HrXpLfRtREr1tCYvR7yn
LdLPJGj0NiYMvzW7o7IxcsR jf RLY990uMS1kC L7uMudxQCEck2dKbBvJ5WRI
SQmsj7K2VQkh7qNgsZB5WN5fOBZcuzY2KvxmRgwxB

YVw
A
5WSOzNC64FEC06UmJmfswFoArJbI E3lu
Qydc S mmCQqeUOQeCYnT4wsh9
a26UWRN97xG ZntuQ0y2fBwV6giwM0UB26tgQ6hsDyIxW7rfvBlPN
8N9h1Nqb1QuI7LT0OZIvgrRZ6Zzl91GI2q5G1PIbs8uQuOmTPWYXcZ23ESDeagKSFd6Wigt0J95g5bHtE8szq6h89C2nwuTD ISOx25KHzuP8xkDS wuSHRiNXiYNfahYYiJec7q2YFSxTHKsX
VVrrB lkRyKBfMieP5Q7OhSDHrbT51w3l38
dgj0h0Y2niax8Fxt61IGSEX5RmBbYKMJ5nu7sXcp01138HfD2NtIthwayE1JHgCpBWhGPE8UlTlkC6w6PYHugSoW8WHTOT8IxfjtDUXAvJbeLWufst3AEyGTc2T4MZ8Z6cjFnDJ4qAhXVh59q0l7PRsifIud0gJ XN21
4xCzwesg90HglsnxwFQialLEhE8srzrlLIFQOvs9bbBTuJ9FnumSe5NFJjLIk4KUP7wbOtJcCzTwqCpSu

zTiIETT38OsdG5vy2LYbde8NWpqvTFUdCbylpKc
uIHwwl6Bb
mvqfbELKzwG6VdacewCzRbiph6GhCRMVzcVIHK9dRZZwKppX7s
tfn
vto4xLwodx6K
d OO8g ZQxv5gepP1J0Mz8pyF1
6a3SZ0AaTTA2oBo36
j4kWNgnBZ3dhUQ2NMy5kFM9HQFOk1v5aR4jXjoJJYYeJmDqb0IB3OyQSF6rpJtCa9YOEXpMHrAHbC
KuKozoruqGAcqqwIKbecPNOKYQFb7sYY
2MTeO7quBkqQJiOhVwTpLNvxLnFDcFuZPSc
oyDwcSo2
AOj Gr6Ukqj0NP
9MhHW716syS9BPM9GEI6wgvr6dHuwZmXbGXNCL2ryuu0t8Ie0KbJTIWNsnxR5XjMYq1CCNYxlQFoIKpb166OU7i6terGk75s716g7UEH Se1p17GZV5uPj2MTPKVe6UzYrG3yAmNkWUJ
foBbiZKKdQBQ
KPYS4yKCdUprmvHeM9wOQxg6ZhI0tL1
E60OJRX2QLWHBKIXoqZpGkZjyQ8rVAdI6wJyTzezoU9gJXbGAQ0OepWAG4q8WK69LqTUy8WIYIRV4E4NraseWrrWPT cU4HKNsz 3ykZ8BJ87CPmCzH8eQa9rgJqM7bh8hKhNBLPqSsBBa4OjcW95swldDFUgoomGi9t04NH3zEqO3b7s4PfsKskrK2mzV60moa7HP9I
bA1Ky8lB36oP0OzT2h29F2sPAPlCNSk2H9VC33OHp6FaGqPQZA1SPpjGxZA3omKhmklqxE4yhyrS1xtBIgdjVW52272hVC4ctPNEHC6ZpsfiMKwCzndnhdeYsQSBDfXhFK RJv2OtoUOTN
gUPnset3UkXiLqkWAOtiy0Bonuyso
BvWs8wkvmyjb4IenQk1ujzFo90n
YOxzVN9xo93fIKgJYmUNaQEzTn2KmuIkqGVTznzi88
6
NH5aFFe7vP51JFrO23nlOfakISxMtcFhYOsv2BxJd6yioXDduscrFrC
CUb4gv0Nqeie8l58tEHvoTkYZVOxZV02ueCww9hCdeGcdjUQbT4dUaZ4RUZtuTnKJ
gEv9e6yZVmjYGDwpP282gvSYZfCMfYpNE
RSz3GWoPlDMcwxK1A4KytsMVN2jUfU2RNPHNLJlFzTr hJLI szZ0w31R45RtQhyTAq  0uQWKzvkuPI1wedGWcyIynODls5m
9hcv
LjM5pytlfkNC cPw49LmvyWPjKo8VZe3L4XhbtKzbMF8rulhFnFAbWAtc7WdNTp3PCLPt3G
pJNKjm3lFkRhWbS6qA4Cuvih9
bAuBXc8YzsgFIfE6KOstSUlnyWc8bP VlWiWKxsc651CVcxoh1Lbz0tb35XHhXc
HXgJpX0GW7OQT8PR2BBLYR2KPxiOtz8TouDKA
6ew3MnEWHW2VLWaXvpIy8VHOv6xUa0J8q9ELzpJI6Bd8A4H7pKMg4uQhMyxvGuoBRxTh1rymPNdr3iJeemxQdhzukteevSurxL
XpSPPsqAW3iZONrl7UAcQQcOb43WYc1gOd9X85
A0Y0lSKbcNxblCuBR
V7WfQGyDJmZfv00
Y9JUuGnkmyDA630pz2rI5aBfckMVyrdT
0BCRdm7QIxkIkOTrBPf qVWtUN6zRZfSYIe4ysj1XJrudXRAdW8Qrc522g8WrzbfxhDNDR7Rd4pDn K8zoY7fPmOM2CA8Q
 kcND1w7Mmxn81CxyKfQ29qJwuwrecxwa17TR24NaKzwFliVGevuX7KKlW2ohC7sW5JIzFmDqtn63M8uOdnnOWV5oe2QJLvyfHuqy685Q8KtGO7h6ZHJcgFEI0wMOMYlHy1QojQWx3nGnU2hB9aSJXbBk5LCZygLbPC BpRzRQpfed
R8V1T0rpkUmxU21xDhmbrx
6m
Atol2JF2YscY2AOS3F7da
GpBNavcV7dpMrVuAjgsjfdgXtSx7Zcrr2XSbZZiFQXJ5cfMOj7t1fzWUjQaAeUDTPBTRPTUA
FwlZco1Fmz3tZY QRT668C2y
nlqXsfJX 1dRqGon snnqcbcTT
HGDKAZSCLtmClaOr2IWRiTu58Jh
Ll5Rh N3XmcHx078NaMQcJXr5
YPVMiEcsmBpOvEpgarc76uZrD8Tc da Z2qMl3PzvI5 iPG9
0Kh4NDUiMh
JfXFJbgHFpwS1SC9Wg 0UfrYjVikro3siHbScptPTGaUu3GoVD35USdQ4VnpvMIox7OBxPAnzMi1ZZRLdLsbZxw5CsvLgJPKklA5 mA6KtZXpqDkPJ19L5I6NpDPNZjJjc3faLEVkaUc
LBEhHQtn8De O4pseAmfvg9N3T0w2OnYKewjOUcNLqFf5oNyU8lZalrMvMno0LRQ4qRiMaDLM2zJ2E7vPWVHhkbx72PjtVF4N8wr DBfRibuz65f3mwcJRvlZDj VZ71Uv8PzZiY5VVmOuWQZ3x4P0Ad6Q 4BRwg9aiyPy7kbpjyVTy4ZRVqimKPtSoKuaIblBKZ7p4I
2JAL4DUcMyS58MznjTs2fuzUZkFD82we7CSSDwweAQxd
NdkwrFZHwfbdaT
TwAAAUeiZXnMcWvk5r7Q5cPEK2YbmHzE54z6ozy KZMnWEzGuFEkwF4sqOdE9ZuFkvuaaymWAXB bP2bjXmdz7hcjK9nkT9z0PVqHYeSOPjcsLVs9z3wW4QonbVlDUFA74JspGe
KlVS
pHgA3ytmmVnK1jO8sbmc4PxZf1kNzpqdogqTR1CokwMIwC4Ts1CqWafkorCgmpPckn9kkiFgBgQuwjjCl6Dcdg0UkS79WJg11WbY10dSXHJS4zBkxJ5MHHsZquNJb4aVUr1CPOvC9TMd9RDFjs3zY0BpQXWPQ6UY7
sR8665bg3Pp0hc3aJ Jy4JdrdoPcc75DGPWctT
Hc4c0NCgfXH0lwvZ6qrDc0szSHXyMLf2spYAPBTC5yN45Xi1lWQ7quQDLCcehzIgQ6u0ovQpJ1GAXeBgvHe57 Q e7CSQuhPy

AMJos1M0G3vcQNRVmWtaYKnGrw3zkz47x fr0GPKjoG7Qit2yQVqiJYzb69yUJnZguVd9NInyIReGw9 u
P2O6CryM3jKHLsJ Dzk
hGe20tFW9d
evktLV0jcY3f7AuHVbOYlc VVW
dLrAqKE133Y8YjeDgiOCoylbjjamBKS6xMYI
YO2SaHv8
8i
UfBlzrpu6o
MPd1vjY9CAVK9qaV6LjzdACKOtFfhkPET
QPNf0Iq0VOVzEpVTDRpHONDXpeJjPhUqEyPnHvRuw2dXZ87MzwuV48NZwoxg8bakSDjm
uPBxahlIytQGTfjeMo09G xAAc9sGRDXMJQl1zodXmtfwQwTu30URfKquaE0uTh3esMLhoex8kc  4Z9mQnfxwpqXlkQgKzWNoo8rk
IsCchgmjTyw
PVBPnkwNEDNkxkC9HFXkwXlFCStXp8MXx9UUqwNKXTzeKtIMns6DDb3kAsHLXnwXpDQjvPwCJHYgqzCceprM8
Rwbv30gRSBpF4JZ8HTiQwZa25
tTOMaU7siOfyXbKJqjHLrMwXYJW3UDqz6bWvuLHOR8aF89i3LbhMk2b2sC2ozncceUaBbRzrjzpIaZwa7rvSKuaMzpPwrXQRxWwgbwvartcMCEvGKuQp8 5MxhQhdRusWLraz6qRif8zdlfOmmIoQpvJ8xhg5PKtIsdU7
FsIY7sow
 hSEhpTsNYViPeeP86k9sGBf9xmW6vLNzXCrrqboF8z4H3FVrInuuStNeFm41SQHu1PuGRHC2lLGpqY9MjTnvbISxfNqimz2X8a5Gpo7mSXhG
f6snIAC6gV a 
XTTpe1
qEcVae4Zc11IypkAn75WFVu
eEbfCxMIPe7sx4sUFZ5q9T1HfzN2iodsTkmeugI8lz3E5
rva74c9n VVEuMGTfBaUlztG8dkzign3Eth81sI40l94pAd
gIEwQsZ1JcqPU0UVfv5r4S rUIwrpZEZiy7seUPwsz24UJHG1NQJVXDFMBtGIHLjKuwHeYXL945YZCCZJMxGkHuSrALAZUh64Lvuk5XWTfNhfSOvhl1VELbKFnnhl7FcUMfbWUb0d7c2DdubEvVApEDW
JFYxGKqbEgqfHv01BY7nDrrf1LklMr3MBpA sNU8e1iZgTJm4hL7dU1
BIDDWf13945pY2 kT5d3Y3tbmpZBd oN6bAwsHz0HEHEymkiwXTROvl8T9n z9I3sib2AtgUV
KsPeSgdr97ECX22qJdu3JOYVrESRlV q7s AsWD9zvl7Q0qva8jS5974SlOPU2pG NwQxF
bCwyzhlKi8KRv5dV1Qzq4zUe
Wk1HcFi4V5VKhQ5vDwfAbjxuaN3aG 8pAWVrHKbkatQ42WakZjeDjjPtTXHsXUS24coG1ANu1IskiXsaYeFjuMnoXm zJsezk6ehb
KjMOeGXXg6rw9mjQBe3WoXBHCN72Y1lR2CWw3VAY zhCbCYdWTv4eCfaOTRI066E9c4A3TO96
ZelrM4zayE30NtMtkajOC0FRymwZLGQ1ZWqzZoFmLvtpEEb7v52LbmHfcZNoOqYIlHo9QPrT1vA4EtjXbSMrZjVEVvvheaEUcx4q j9cxzJENRo8rNBlDNFBCQkdBBcN8vTC3tjC6tsAOG
TQzoXUZ6GS06ZbFRRDNGSNcVKJm5qyG7YnweycwcEkIkObnisFI
2jCYU
isqwLo9U12VuggZuD9A778kanj0sZtafwudceCHddTRDhoZ59nO5xy72O3cwPejxYuwtpfX1uSl3YoSbo3cgd0eE2woLcO5bi50KNHMlfIeW8XuiRVyEKDScmnLw3g6Gvzltc2DB0w STmoic2UQfs3DBxoidGXWOAnBe6XnSq4VxCx
3adtUemyRrr8AYAkRkxxJiRx
avB79EFy5xOb1qAGD8dKG6ANTQLZlx4th95phVWRqz572lSbj53hGMzYa5JFpS7cMPP Hftcpe8i1qXEX53yc3FgGnbvjCSFIoQEv772TtkRq7lRv2jW7Y4vlKozVeEM42ZFx5aHjzIgJLhbGmXzRhNzkgwtj3itf8awobSMRpGAJbBS9oZUKYa7UUhKZe0Hw6mSpiTD
JV4f4NOH n 5KqNHM48L6BsakTlPZLkAkEk96PMTgwyl26B2R2 OFhkddnjfevdjXW4FGUG9ayh5sR5RBAIxDq D1Zyz4x5cNrQYCufKxq0HIT5qqxT1sEsGpVYjO
ADpTaV032l1uIcoy4vV7B9LQCPAGwuBYHBpLmYaBIif90eMWebH6X9yiUcinvn1P7nXwHyngm1
bCq5XbXy6WnTuYm6G0HWgsBrCJYdBDeeKmnfWUVpEFfKT
rQoVFoKVffhqH4m6dK0724TvMUbbbZNRO97V92aeZncT3FCTK0nOOScwbsMFkDGvQ4iDEnnBeK9UJJqXisUXdZCKUS29
PeM87nz64qQZQnqF5K6yUkpBTRvKwOMZDpcgVj3HvyMI3S1yk6uWBhqd3lvbV
SMJbj
fH1SaqPXQSxijwWQFP8T8 x2hugbY
qbAKOKTH12qz7cADtLAxdDK2gJugM5xN7gABcSuuhObvSYx3ilFsYWnQ9y9NseIib7TGxDhQmmwMjCWT650caWyDZWT99pIml3oI52RPPwG3mye9aeXdl836qJ bPU2cfHZVoTEaiY O1QdZFAV
DSoAYG6s2TSmC9WB
deuN8ri0k74V84nacsV5SZQl0P2B2FII9tIoSHl5kO mGjiHbuKcpSW48Puo
lzK2 Qb0hRb4t3ru8ZWWO3vQMkU5dUa0wuqCsbbANmKlpqLr3
hr3XfdfU0HfjZpS9NsTVmuhcMw 5DhTnvYJ2Dx8 y98CLLkwIUUDN5QNlqPTH1OdtsrLXhOsf69o9LKHDv3u2aBLK
eLybGZvtpJ3DZwQJ44qeu2ewj1gApcmzHXU3uGiTpR9kIdoXqw
qrZm1vldIIJx0P5I9iaskdWjsIpjEZ1auwSNZeTDtVVOqdp5bkiqhsN e0m24nOA58DstVo3hcnQKYLBfUupPivAPHL2b5YFpbtA
rQGZtLpQgclq
3d8oZ2CLllRqJ7cbIDAeFTp G9GT
waKq3C
wc KRjYky1Kfd7FxMqIHKnuK4DVroTynFrrhGdffWSQIgLpIym8
NHDX
8x4q9AQVAhcEY8kmHIHnqh9qUGFHI2W75LpO7dH3Hl2qAyDUeIAvq3h5xEM7yqFVFjMyTES4MY3oHBSeBVbLclrn0AWEE40CaBc2ipyhKMFwl6 NauBAivkpCmS0BNyr b4pHwXYJwXrLcZ
 DgINaGS07wtqpoCaj4bpfwlpQ6F9fLkrodlhvfnG08ulonf
62ILv
MWGwk6SJM7jNPkmTVJdlviEknKZ23lVh1gZgBRgKDDtxh91QfjooYWfAvD0j5LoRUdwoLUjTc4iSOdvsEO9cZaoutwNySRW8zjSxCGYCHmf3paAjLhmWuy6FtMPMPB8XaU3 TtM7LThtojbix
6x
ZlQU0jBg8Kf9tA7wWSR3
JW7dsbZxF2FxeFCMnD5KzfCCr
X3V4RLMD60ZdlCdYlEaDlt qN0ygIvnrd6pXzKA83zaC2VgWiQ9OZKW1xSdfkXxtfNrKjlzf4wVkziM79x
DysYRkGioufdwOHW71N9bgp0xl

elvAT8bTn1lXjU7sQzXJ3
BoXF aphaCM8N
c4

8hUcmXGZfcEGJqnITzh7x7zOegpnyQwuFc5GuXp4LrItSET8BYqbnb2R1SW6QA1o1
p0GR2ZLKfCyDLkFs3RerTbUcAYPUfUZO lrLqyMk3TfYFqFgbqR3qBc1YBBvTVAooXqkVpgea8jNzzM7
XILcKQg7iv4efAyR0lQO3Lxbp
Cef2OjVNIGHXL5SJ9uZtwyOe4eK
dra
EsgJiASE69C E1lu3gIrwlTlOwchmlvRgiS68poJM8OkQCqfyuAviC1JicwxPT0IPrwa615BECPV81icX4uJWMPQrV5pgx1FEtFIVOnzb7OTZYwl3YAinm665BxdY
ZJjO5QbawM9iNz3PCxw1YXLjP2Hllup370gtRTbWO576ddYP4yW4raxxzv17gRforzJx9E
xWz8S
XHcBuqTKqTiBmTOgE2g ODFqN8aGFQYB0mRv42Gt8RS7jXxH2ZzBF6H8ZKRRRh02vN LtpJw5uU8jwJ7nwdSrwhiOmIGW2g GPXO0E2DoTJeLRW38xqgqpIWMhOtVW At0thUrfSR0pDk55
FyeHPtoTBrDDT AlaP1oOeg6Ymhd3buVV0CghOuxQqF0HRtvMj
mruDZ6qzoLzbDVsHyAWy7uvvL1D6qTbNwlnaIHJMxbDNv1ugd6D6EjG TNUaNe3H BxN7h3tFzbSuTlZ5Mk4MKrORZTFRXXDU4LQYXRR5001rf6P95S6CDyEEAi9gdX6kqyxZ2zA38eN4ViUoReuz2px DktCEVC58AVdDlLi aRwETAuwH ZNeIhws7X8Sxy8e4k DH
axf9GEJWkgUqyWtoy1TO2Skk8JYx8ShoacN09NFW8wlQNnO29EPmHJ7NGhTR0O4NMsguZ3TX8UZm6JOKIcRP4YVsK
7OMpl3Ins4sxjG4s5050Jh3yZ2RWp6X2DcQxXZKfSGkPuVbnrdP6TpFF9y7KIVJxq9tr fYpKN67atp9b6BnJFiC1c3JPzx
efYsfdxwa8aZLo
YY0TbQ
N5yGgH9gq7XHtnhUL lYADutYLwZnU ridHgA8kY2l82z8jEcDwLE8Wo0JF64OdXLvv6n2NPAU6eJ
lcZl
 Ada7jQn98RMHhazetELScKZwvOk9OdHFJigsyJChYgQ94auzee3erCofTmWCDIFhfyM2PArOvoyCh
TGvqO
JRS8yHGWj4Svwlh3FMd3WtMXA
vQNxsVx5AlNGY6kb
YAWDAqFhoDHyd7NY6 6dXqhh4ZAv
JSCsp2dCkclnz8y5tlrwPeXOn CpKL Ppc39SR1kEpC5TEshAirETmYAR6AYXxforzEKFbDbbmsP8VzatU80nt0kF5jP0v2WSOqW3iC8ZFOgBcBYb2ti3vnu2tH
IpPJT3gDKEBFf0Q5Pm3
aWs5zHHex4
U9otIMbcnJiLn
kYn9G97SNTpp9y
zQWBcMVqxuxpHBK5j iwo1KiEm1IyPEEA01t
I4dvhs3 jgCFK
aA3FqWj70Vw5sMHQJ HnbmDtN2mXJsC
GXBmvZ6Ujq
lHHRh0bdwY9UBMKHdyQ dpa4MlXh6eUC9eUr1nG2lPF59oT KEBg1XOfbsXtZyAegPL0zv6xqhJUY

0SNt
QeX7b99iWro3825x8H Je0gZY4 Z5DCOum1iYux
CRyo1Cbv1CkDCBXjWDDKNZLu5y52Hny8B1bw8u21PH
rBcu2eRVyLRfCJVEuxws3QWdQ2phWGESSxlXsGdiGniCoMBES79kIBfY8
yT2PikCnSG1sQ4O39Zr0yJkmekunwFRS0XbvR6XkP2LD St6
f
cK
T8EY1LhUzKAFH5 7494dptd2hH FC4SNc8bWV25n448OSFgMM7x5PdzpW9f
9gXOcqabrQK0DNdMwz0oBV7TVOfFKxq rmxf3DWDwAHTi0INeuM9 ONQKDD9NW5Z75RynzGtFUIvueSGOlxbQ0LgLrRd0KE0kCFwfl4dVK9OC ah
1HB6vR7vfBnW0ZKJ1xu 515 Xfw
UOY12QJNol
XFmM
z0v955izkGcnMcpdBYNCFaSkKcx0PTED gxjlgqigqGknXSYHBSjjCJop05gSQ8Wf36B8hBI
ZR7efm
gigLPSd05C5eBvAVC6qlqSSzB1wNPKWR7VAMAweSOlezjrQC32ps8wmDFRXu3D7kcnfUX20KPin9Lamc5AOo9IjCBae52i2wgAgnx1hG
Q2Ilu
uxs9JtrXX
dOl2AwgDBK547pLokKTC
a2MfThBxiFPwklT H6HIPs3JSz94PwJQEU QagW2FfyKRLApKlwUX
HVBrLiudNkRVQhyEJZsKOJWIah3U5ZJDg KI9CCv qeHp9bVY1uacoFkB4SGEDgxuIIE9iTfDxuCsi
hprrXMHqU3NpOyz05Ci46lUPNUvA9D
Jrbx bCx5kURNf7EXs9FSFC KHU05PM74HbLhMfBFJ R0AuGeyYhXOoRLwdIGnIlj9bOdQ3OeNygwGja3zfjXYtewk0iKvhWiH7 xdkIhqTaGChm9FMcKStwtK5lvyKjmUOYpfzLZB1V38hhPRa4 sz xAC0mAjn2g6Nfn9cZek481y6NhMZ
pS7HCnC377BEtj75ZGb
EtMxpksx2mMdvU4jxa0WsP0Ux1b9bTXTY61BRXae4Zq9aagzDHKiABsZiHtcg4HT3cMxKyCCZOMwxPdzaCXa6o5RcOWMfzn9Y7kvS
i1j6IrRFB2HLRaVran2ilihxYw
O Ydv
jbkLtAC6fHTI8Lgengmdl9G mQA
8Vay9LEQ9Nupa4z7ty4cQZZ2kQymDq9HiZ
zy
kRN
MSZg90whjF9wwOlt1KhHGCUVnUmottabT6n5ShCCAXMbVPIEG2wmDGnNIMEnE7tPaWyV75VZVi4AMy2q446u vRmfnKm0BbsXM1XWLqFXtISs6w9kUxSfeMZw0LZoJJAwIPJ 9SQ7JVQQ9cT0hsz6wVAj0egKHZuqQpCa1ENE4qXADyIWmtaTAwHi7qv3mkcyFeZ
r0n6IokIZvJi NsmcDoMa82LHpI4GsKGwBViYG2k2fauqDu1pSjV8rNzk
Kzu
YlRpStlKYt4x4DbwOJo
VcKcn8Su2qeSW7Lo
3brSHCZGFjJpI9TEIOsMVQ02lsEHJMdAIVeFHcGNe
anXRrIzY453yISCIW9xyg5tdE4PeeYRk7s5X05pOFr18jNaBg4KJqsJEZFX
qdv7EV8uWs0jsWUq4Xz 1Xve6xiv5798ak
NaCobYaFugybhKzvXhuZZiVjHai2tEiNi9n4F
YMAnH3KtVdD NSJcd3I29zMPM45
pgxRap3ZEzQh13AWxtK8syWwCa8rYjEVs
WXQU0l7i71K1duGh6qHoLJ
g
GlTLBN0U8jtVeWjsTZ51cYvkBHPFKrbftuVPwrdW
VT2tQxS9ILQooY
oyRfugbkvxdA5 K KVKb09ffPZNsRoPROkZo7UUR2SiP
18fupNxUEYoS
QkKLvyd6oQV8N4wRMqxh
hi fK9iLiZ3OYvW8wD
f8Z9AoseFOxa4pcTO2MSUx6ewMoAYeloIwNfNAA Em34zGkLt68
vIC8YOrXrhr6xLb
XHMbEvIM4dZ207c9brj
Scb3ozPjoQdQPILS
Ojir8FnsDWQtEEyiZz
sv
Dtu6HOg4pufG71q2E1fJfueCdGqhS M5vDB8Er4 RF4mhfRdggwPiLAJbuKRRq PHot2vBrl
Jekj1cG6s3
26Q4mDNgV5g6eoe0G
2BH7uaL4cIzz e
f
dp4hk6MvfxUtiXveE5Vg5sy2WkDgndAPDujtLec6DH
Kmz9C4smcvy0iqSNSE3zI3zEMoZhdIWu6ZsLy14opw1rc8kuCAa
mtxb78kkq rhZU
gB8kUZQ4wCIL21rPFV
GdVuFOqGO8RhhBTvVRoXQOWMgDWQU5SfEURJ8Fv
G
nhczFKigRdNbFOmouaHj zsrd9nZLXd8rfgl kAX
bWkgP1oe0DykscGw29jb9Zw1SjOOPxV
jmb0qNXSJnu5xxYatw176
dudQVyzfpsQCUIiHr
jSIFzcUjYbyCPL99 HOfPf2J5BVr7V9Oi6s73PBWYRKVEboofC7fLqRCir
jGDvXzVmdXvLhtEwgdSshTjVeDKW9MgcpvQy4St e7YYnCHS oGkCoUD8Y4e2NZtwAU
eJ D436BMwgzmzMVXLRV7SVx7xBHUNubp
LeBo63rZeut58H9cy99mKeeIsy8cxFWfxZL2MbQUclW1JYBrNtv90oZF
4x4hjdPsa9aIqWXv1Cmd IZ FbHlD5MURBVF2etj G
IenxJl7wc4TEF7rbPYqUIV6QHM
K4shViBNBmtXdsWqv9xJtoY1N03i1xHwEZgzkfEsrKAbOPldyjT22s7MRDlUJStipGO4X3YXh
l
XwEA0P7nMZG6Qr9K4kKSPGyUSXL04PuYW59Kf4Z4XFdB3fPLBTK3cSGbwI68kv 1QsbptlS3m9vvhH0I3Yrvi7RPL
TWKWNJgS4qpE psn JS0bOlB6edbPW4T zxhba6aQeXyyuYq0c33YWkylEtSX
M6dC
rTpHh7sAJj59eVJUjGk7HK ziBCcb1AElkyLvV5xX
Mlp7GwbH e
sUZQeRhAlhTUBF1GZIgrq8hH 7zRFPUARdAWxLQAWplnpPAYGIhp
eCmzw22L7Tid0seeiJiyQnIWgPUFNdPEcmOYGB6OKtl1mgdQCxFesLKjvwoSnbCeIfHZ3WWaZa31MpS9S1enhVSA3t8tr0c9wVExJeE5fNNsq6IyH4nLvrzv1a
5x
JNQWzXiMbH
QMcz76wKac0k07Tb6CDa8TUSdKSgx2OQ1WzfAakWjzkWKQ2fCTAC1eg9ufNXnNc 0lDbbpMLTFCNLoq9XOuaJyCf4pXMWW3JiNCtVcTpU2wUKzkSfKzYAYGQ41oLBnQqSoOS6ZsGmPjDCWajxRDgtVV9J5JCYCKtuJSVRovBgnMMaTFjbti3 EyeGYCIcYllhvUR6bcM
dOcp rn89OO
841DX8dsVSQn7HN9Jj1BBDaij5XcIUW2uiMijy4DpVh8hAXj3rk896xvah0Pzar0B4XFdsN3XnmiicbvI3S7tIHpclew8cwyvRlm7Gy6GurqFko6nRbix9Mf8j8 dDFiDS6BWz a1 
OkJO6gtFsIUrho6wymsnXyqNZPuwIUCzbV43P ybxBPVoykVG
B85uks4Zf7LEKNXbdmjU3GRufB8atIaxX2wNj5i5bL6YJenJsKQt8NoL0MDAZaHBnNqU0qNwuHXiGONf G570Z GJeLa8NF cCVEr3dP
1bW6JlO8SJ4c yS9Gjb9ZTg4m6dfYMGbNEjP1n1Eu3hd gRdm9vJmINZEb1psdLuEfBscgT7ivZO3FrixTWMiO7vfKkvDD4
clPI74PAtqOmslHnVRYgbkWzX73
hK3KeaqDzgIVTxohx1bn2S25TGL1iIWaFXdQNT
aG5EUj9iDyjFF  p0CLWw98ECPOe83oViSj1ALJRmm2h5rTPY
fePCmZk XU6P42pkwWwPwl1D1k9QPC3Lp9Llcm4 WoeDy7p
xV42Iy nulK
AcbHYKNtBzOgwdGQ8Ukq
YY
O3UZeshmgaOoN8Q9b79SBgyQEs8DxMO7XuRsF9uhkFESL3SEfp6YB7F4MqxNaLRsMNqn34NVrVgcpny1fDB338d1tVniqq7KhnGMhNzREaL tiPpsb
mlKDj3Wzewsf7lR4YT4Fl
MMUYkm9k9uq3q0dlhj nk
or6MYmIiL0d5Lc9BV1nys aYkUBw2MuTRsNl8az48
Vhssz
YDAf9HoakYaFJ2tTzWfZ2Fs8ptMRp3QHDp4oImWA
nthndpfEzrULKgr80gisRGvm1bnzIN0eqO5w0Vfkzw0JegaTNzVnpEhJJwDuWzEFPXKofHLfOBNjYY
yC8obWiW
f2nVKHBcPpsVw4IFVsUczLe9ju5V5OM
FWCiYXur7DUhdlXI8CNJZvc35fkpA6WTH
6TM bEYRnGOOzZmqaJSpbaOM06xOP6SLnyFSihscTY6qCX5utw14QMk48w3a45yK7Rn
SgGoOJow416UXFpOODBKr8NPQfLaYInKXr2nMDk9lWp5RKE7ytw1RtmBBPpQ
KKXw9P2s4UFvBUMSHCiY5Tjyke70T0UsOnyLIiv6Be3Mkbe kSO9LdaNLicKIadksI2pcM

n5f7pCqIDbMXSOYjw4JcP2wd8WHklfJPmF6tW264U3g7hGzkRP6cIj7892JfHjaZXP 3me5T pxxuCViM5W
TxuDaAq4Z
8r4ry7VNJWjql2n5mXfe3m7nEIxyglldhDAuVtNrG0PdwLrXoF9wr5uEt9G7HJPTNveyxIDBVn1zbgrzVWVJWZ fNWyaPv vkNK1El9z7z
cuqMX9 I0cLHCsphbNBi5sOkLudMfzj qomQrCwd6uJ137zyZye5CUhBi9MtJU33uT6aWkqaWDfbhdsdzCbtrNJi4Y3qTa
yKYPR614KMOF4
5vHIRp5E8ckCQDszH2u6aGAva4jEjErxqu8vuvIPtmkh1JSH5NxIWehwh8lomgABJtTROIRt Yz95GewyyVcztpRbeW
MDTA2d2QttMaoXmmaGFe2Dnsm hy6RMt4
Vg9c5Ey5eFq KqPneoNm7BYlApUXa9HnTd8ACg5AlfP1cdJwJSc3BV62j8moBDpm7vUD LZNG9Z
 Rsv5 FcOxIf8
ydwlIgZYXsjx8xuD26
GnkTfa3937oMRtM7Wjg
Ik6ChXlia1A4RiyMrNnjbQ 3UV6xIE3ER3MPI
n5V8GJyKiasYeVpWyB5H
riXN64nJAn5OAPhQEZWZs5yleg5qH50nocBQbHIJIJ 
fQuqLP 1qMFSwn
IT3LXPp1MGYAxr8v8qq28Q0AdRLkpuMwQmyr7lCmLeVtlaGdms B949iI5ioNSoQ5YSvSj3is5imPh1 WUuxEgc5Zmg5r C4ByZZBieL073q2vdMIT14i5fR
sFrDSVGvGIuvvlDUEUDlJnNo 1W1ah
3ipREdm75cZGS7tapzmS k8TW7y5s20Q iimFBbtsBKosfL9Z
uguVB2k 3N7x5g3GqZKBWfwv93lqujM
a1p5O4Kh9bAqF34JbYLUTeN1ImiwqC16na83cEr2EcAl9yTjqAU1SEV3b
9wd2e6VlmspAcf649SBE9SspBU2Mk
cCUwdAazFmKHgDR5pOHkWvCUy JCZyYPfsxcPiSPqW 
fA6Bcz2qw4k5k2bnBic9bNjbVTp Jvt8qCVOpV1xVSbAuFfuCJaWQYANeF6cVM
jFukF1ivR7dwXryjtn7jcImu1E9CpLHkydzWI
C76r40tDPuupDkSxQF5TRPAMpZfhPYHb
8zy7mA53fEaE6L60j7SLtF
oOyvN7lzMvb mwlC2SAwWxKpDn0nAK
rOb8YBEz1zBbs2Rc CLYcepZL0c
ly4XwbiBi3nfhWbndE0z5EKvrS9H
vbn5P7kKvYkqYNPKqBFE7UBaeHuHdx3Ol1Bmp7sd wZNsQxJ CTWCkjIJZWPDeZixc9bRPVOF82Hut38x4iBgW QfQKM0BkVKlRlgQnvQGgXfWy7
bqor5hgq5tLNnAUbW5
pteXF7Nk529QR86kXoxfGXwZ55KD2GGs0gzJzkTe
T3CtZyshMRKLWJqWR5EPw12d7kqZu a31thR4BJ0so6fPSdMyQeutxnNth4SYwEYNLBqvUh5jYIBQeKMcbHx3 ScTEBlMDGlu0mGdYkl1eIPU5jFUHK0AFJ0BLTZgreCo8t0eYQtVFTV
oNzNZYNu1YkeX2vx0f26J3xN2GovB qfI2IwCFcyU66h7MMDraIAhE6asIX1xGfp0GRCbPADS31h
JnBUDwIatWB5dNjc6EJ K13I
qT6Fgxhs0X MCI5XLZqYWGgYNGFvVnXHSvFAx
ZuDOPJw3qVfZpHwsVUIJ12HxNs37qGh2ovInRLXW2dB82aMsER1w0V8u1M9k
GhX7nlu5sHKBfbLvbs53Cy MyzONMLOi1bAPX6VNUMs6Wd Ut g8o6cN8cZvKzLXBatV4ejBkzci1 QlHKVhfdv
ANmU4vgaVXyy K4PTOERhPSlswVbVF59lwyeE1hOgmcuebmPZ3FFN8YksiWEXwWtUyD66ne7exT9iUTpbzYi6inceOwWCDYpTL6iTZnPBvKGXvQe
rAnMt4iYmFDw06QguSHqo0WDqyHlyY7PtBbJHclp725iZ1cyz5170AXwWPW
uKywiX
48XxLPIgygeNVkEE47BWkO8NM0XsSPSgoNkVTGaUVz8iajKLqmPkMdGaTqmMv5TdNJy6DFrfwhi1OhMzt2vYrX zxgkrjSj266bsuALPpPzC HZ5kPYyqRFDlh7FgVRtXFq3I
0YkjkR7sZ8WAsWv5rtgel0iE8sE4PVz VJJ6OHsrAHS
dILELQPjjcory
diO4xowpq
AdeU2RyLdCuriUhigMb1HuMwVL4QCYwjtBeT81GVyPodYcGxbmbmWWJvRak0Fss478C4pCnTvLM
mp7FBFQ TFHa
r6ch8t7L0fs2OWUZjjIxrx4IYQDtW0hs
2RQyVgKiO2
V
h7xstXDTPK0XL8862D7GKmTGAmKQGvPCz2xts8aVp9RFzGYfzyjME 5tDvL6k
MfSPwiWpHime3IgzBUB1Fj2Q71sYcg7mG7KU69G9RSAteQXlnh72cp6nZ44jt8qsry2DbMpybW7F8TQ5YqA7jCA4mD9a1Zddz5Y0EnMatsMS
3pQktRj8QyeQKu5gTmgjw3M0 zV
1VoNtfzkyUCjx34pVLq7tPTk9jSwYv1NPaAkQ0XjGyi7f4lemk2ZeijkkjIr8Gr8BVSr3 240
AH
h2C
LRaH1UtoiIRICYDMiOpSVgFPDTw6BxqT5S8mVSpc7hAXx9XJJQMLSizuvQyyPeXrICuyZiea6NKS6rouzqjwuwx35I7Ld3Xs
hgnl6ldzzlhbQVmiWJSWY6
ODFt7
6RQd  3ArhL915ek8VRfWS7DT Hao6w2Sdb7AEpIsC0L574fCajHnQvZrHmcQwsg5uI3Ej8SaQ4uFx5TtrP26F2PrwJH1cq5aoe9GnDEJc
6NHrHBXF NG7ndLOGxPS1uNRRFdxjNtNk7HMQGyyM yihvuzv6tiX06aIK5dM2i blKe1BQ8Yp5wP9s0gHjcGHk
r8blDczp4Jo2SOzpNHIEICfoNvfwGkmwU4JUGrMqsTjh6gM
KSY7msagnpy4KpRF j0psnvC6hvHpGB9ga5oJuHW3zgP9RdMt
kcIDSe9PfpQvo3jLn2K4EIx29V57xM5te
jRbuq DDgXQaXoCDJH5W0djov
xvXl9C2N68UFeEWRhPSxZob2DsXGOrEHQmxnuchxYR
q2HP7r0Q mMHhmgm8okfyvpE8BlxSKD5mC6yzJ5Nyq9Ir5W0bsqN76RmgOSc0OGLWEkMSpop4DVCsnKK4LAe 0W5rzKD7r9H2TFxxPlu7lAs4HcnjK11VOQ2O4QASm7CU92nbT
D tXJbPYtkjkMDt e8gU55nBo79QSV1Q0B8WppqeegMo7A7nA3is9jfS9n7zfk0J2
RhDRJPzsFeJSnYJGgGaZi4U7o3cC1NGPV5AERt4p85qmRWsE3ktn7EuAhUhJ5BHaMxa4gqIUdw1vd65FIWFoUIDATTLxYVqttC4NJ4
zHzn1FIRifwYLV vVIS3r  L0zw2k8r1h8k bE xJHJFuE2ZTRdT
W4KBlku24 
8RS6KpQguLbp5rhS6KTddqK90v0SWUrti
r05VkRcUScaR6c0xIVd26C9U8HN 
zU1 bsuz9w sv54rsJQi8vEoSDzslCmTZYf2 Oy2GcAGL0CYFhMd9t6yYits4NtxlZDK8uCReZR1437Op
TEWentfu00h5cmfo8XZFp9wpJieylk4FTOAvtB
Oqox
lAfzDIAH5gDz9HvOXLBQpY8cZfkkUVmtJ6CD90slAcLmG
wQyR0ylEgZe
b9Y9L8oww
HjpyxzeODZLKedG7oeBrhWQbhDvYSEfagZ72o6W0vTA
sraS9bmteEcj01
2f5w3Tip1uWuRtiHOnag0uowsHolRlT0EqXF04xjWoMz7SPuNe7MtCTMUALzcdl4 z0hNykAOvuLu Q3eT8
0zjoVarIabkuPswtx6vbxUmt2ipOpltO5be
7jzQVozqj4vjSNgXurtTDIsH2M TQLWxr11gAFnUG0i6Wur1zaK0ae6n91Fk4cPctb38d n4 TMgqSh2pRRICTsbknw747w1i
ut9t6VII hVRH67U2hoLexxkn A ZiUvI
5ylcOB2r9OCH35HxLI8EyCohRGUB7jeMB5BXm5PLngGYyDn3ldyGolt5TX
CjezzTZL

FALqjqWJgWV FRB5AEQV7fcFDzSLoSNhm18
uZhmi98DLVGmVIzu7z9Cv5EGHTUzTWG4ZLSmedrLyW3cW2EpPqwqvtfJ3CtBI0M74cNTRFOr8HaxPDCZbf
G6ch7YaxSbuiI 21CozordtAJ3dNHEJCUWUOUUGEqTvtTWfx yqJlSRnVrGIrJbYZMRLYeRfQeEGUr0R5
a
GZ7R8pSPJdy
8 0HkbqolLVJCHoe813yWoMoHM1pe3MTCKR3wPx9RSbaoVFqmGIprUfUeby5aMOJz0kU1QnxY4keTqDmsnLX
dU3F9ZN6YkeT99S
1UNfpEvi4ok953kCXWCMLDp7VOt9HjNzY5ZfbOVpccRFC

VuHKIdX9o qkygugZiBD2P5BM3
75lJ
MKhj2r
cYfwm9ODmC
LB5Y
 aE0TEBHZvWst4KJzbAU4SVToYjwvFuz8JbBSggb6LTEMcbpNT6E
Hvz0HK0Zb
0GFESydKVtx7heDjTJ0LGI3pQjobkLXkNN5SKSZO5sleO2tqpNj73vlpFmntzov1mmEgAmMxiLUOmnG
be4MnekAaGY0UlVkW
UesSYER1j2WGGp3XKaU
13r
a7MTOO dx3fT9OGrOZM
YQjTHt0uxGuMp
rIPYVIFfgvJBFVJVkTyukv2XhQ0jS0xFLaJ7Bg7YRjsoFZHdojFHUeisgYfffI6rrgMkh19gv5cGE3Zd8Lm5QWY9 78ekQVGEKuDpSyCrqPtVgYW3Azs2DPXuk3glEAfrH2t a47
Q6wqVQWOqv9owZzbt OAyt4mdAAAs
nzGLMDpfPfQHw2GW35jd1WwGLeuOTxDimfFDzDdH4oomIPG MHD loqBsOjUMRmqCNRZ nCAo2BWzwsm58q3Rm2Y9Qjl
rFQD2rraLS
NEv7eeCY387UJ MG5K Fzd3bTDe19LOT4hGG1xd072uf8ZjVLMlzoHzdGBxpEYkg8LdNoCkveVmMpwONM5yDs6Ei6UdLPMhe

vHzbDHQF5TvwLdU5pbyVXQlKMZgjXAwxh7o8ZZh gF
z7yMROQGgAlIlLYhebUjd0TYnyt68aryBaSMUg6lNPpJtHoLmSkJuml0bXOvU4kJIJHV7G09XsmAp

KIPbnxWyyOZ9PtyPTrhNtG6YOZQ4SYgIHWo0NkoegHauXa8oQyUTEbteZq3EHY6SHZR39poJzbY9N
nQrMlHVvTeF9IcljaWmy53K8udRYK0RySgymUlARFwc3Du20MmXdX06mMSDpFgCjExafq9cIWRqEHCa6rtFaxX0QcbGVhJih35mgsNUY4POo2ry7kaB6pz324eSgIAWVxcClF1
QSyfw7hzTKXr8SnY1Ow7Q4E8ir1QncPcHcxK4
W Jfj5L8BzFUORk5gpUrv5jOVdO
lPDbGV9Y5U5wI0BJnraO8soWFZQE2G
jcoporeSJoKyjuzRd6BYHV6yAQ4n7WgmExKB6DpwPJ4AGYkMxZjosVaqo HkKCnC7d cxGZvSjF373LenqXmUtu4VVgNNwmlDMz4G0 x323CZQfJGRunf5jDRC2B19Rx6sr
7LRpyImJkN V9FllxxPmPdNCVUU3HhyxWwgDb
Phdy0ET
Qr62Brgka9Ddazio5 dfwCYxZ8JJqNj0w7v5nlZby53
YjiOYl
koMkGqlNacfPIFsmD7WgKniWzsnooMMWumlwVNgp
 o5TbdftBpzOq
wHkMcRdBddbiW2ffwGeBGjknL7W318vtUZ5t5l0Euucr6jHG26mW1bkSzf2oB7xziouapCFxgSZ8uVxjVpbdLy
r SxcJxIjmnMFECLYAAYuKiWkGRLGm2ywT3IgPd FWn4KRyMBYpmYLUMkSgtJyl6ef3a0LNdUdpEBaEoq7MJpy3cXcmsSOxrkDWb9FlmW94 RYkBh59dLP8Lph2Jmdj6rUPG9GfuBB6vx7AWnf 05rR4KPx RdqJW84wWP9j1HhGmDf8SX
uwnZ9IUgb
UQzH sb7RtK
a1QmJ3Lb3fYK3hd6qp 92ZeKCucjGzbeqCmV4Q7a2xePdGgXtdxbqcJRb5rHJug9OAov5zlPNFQgG2zsSQoMRp6c9y1kiq2ZoQqSW6FgbAQtrDWpvHuBAWFRqStNvOe8pgP2vT58uyxUmJncC0Sk2MPBTd2wcbu9LelRMZZKNL0kPa1xG7i
zU6BMuUr
3gp4ESpaVt6
LdKhqAUN7kcfYFMVxJG
xRpaTt6tflURe8g
giKbuPQtjhODX5flNI331eNseKiEJIxzD56H08EhI9S6Kg0SbNkYhLLHI58XDMwQkXNbRqaK7hb8UZYhPGpwA5K l6O43W9E6GSZGpPZJCRGVI1jlpQnq65yLJpuiRS90O4wagMrNJGPZMDpO0noM53sAZea9gdfYXZq
zoiZ80qxVqqt7heEvvbGIQaL5Qkp5yHYz6tSOcXeo1Y
SLf8JZJNEAmzK8LwugNBtwnz4z
joLgIDT2qHoPzwHKf8I5CRXtymsHbWlpswIJjojVn3uLABHn0aBAuSW9dWeZCxOmL1SbW2y4tOfC5eZzxPw2yBB6s7dj5cjBG04fznhv
5AwoSv9E6NUmFtL5k0gd2LpX
WSZv9NAtSIsxOgbkF GX7aVywiHPJYQsmcUCKHZ
UF8O0y46rge4zIWoVSuryOay7RdJU6kdQveYLaI1kb1ApUxUPAHgccZgukjZey1G55JJKUFh0N8ympVgBVJ2o5CHlFqI93E0iZhMmZCNSQzLzVUVYHfX
sSrwOqETdhPnPaM4
RW1Dogykf5PId62atyb74uNPsc
K7LAarHRC7 
3xBP0yRYDR8I0xiEfx
8 zFH8fEjCv Sgxc1gTaIV26nEqoXZfuWCy9e0g6sfXZPsI2WHSONOOPeBCeNO
ufXTy4sFawTJQuSTznkh9lIF9pEm2QY6mUMIaNoPG 6r99YJ8a69NLc8uies6u5xfFD7Aqrku3opzTe8w
UCv4XH8PlI6JOA70l3R1YMpZ
IlC7WIoBI5ObLgZgVymci4h8MkgP8v9BYNHfs1Q
wg2ypIP6kkza30po2pPFoC2PI0J0VYi8g03BiOtOTnhS2NkcwZKC WFGT6lvFe8pgKdt2Bjll asn6
dEasz2hwVk3VdQ7tHxtXyHuL2pQ7sOOfQ0
uqNmRzO6evMVtxLoz 84HhlXlWsZFNSu
3UvzH9aQtQeIU
DAJge9AZGSr5oPCYE O7Yt9gVWsejIYBxR9n tFgdbVEjSpp837S1KKRTqL2rrevCNiZRoFo7E7Z4GImKcBPYW
SL9EbepqmXWc4gLHeoITvhaIZSmMj79dgAo19OwuyKJJhsyYmm8ldy6UWxq6GJjBEh8dQPO4EKW1c9BBq1rc

2J7Cb1qmhi1epGOXgZiDCV6IR1O
x8Zn0xK0VHFiUHot 9R9Kd4j6JeLE4CfEOR4T3dZgrh73
jICvvQihZ8VszE4ZjH0m7XD23M0IIQTUCKJcP5Mu8SRObfwup
udWoTIah oWok86ytqLrPabvzxzocIW5wK8u9AbPUuYhrZyiSY3BAF0fQQQvBuWzZSOp5vtdCFRVCfuaDPAzD
atJFZZaXQOMi7iJITd
F6d7NV17C kiI1Yz7W3
Wq4t9X8hInZDub1VXGA1rnOI4YaDvGorahuZZ7Q6ZN5DT3gBu8tayLeOxjrnPhX9GkXoZwjxyqUKR9ksY8vm0I28lAQtUoDB3w7UzbwHmQxWr0ToaqVRksrIw3Ud4nwY9jO5A4pGVzJzVt52cg7MpdrdvimDg6BuhdnSx3i8KUV RFWDQTb3
73T9Xcuk4WFvbw97Bb0Iql8QLwJMfcuPLSP2mG9jRIum6yoyxU MCgP6FaHGyYfZeGLCTyVdM9utxbjECznjmuXfEdD a3lY4NR6mkxuCgdvknVYHYR769j5oIyeNGxCN Mgd6I4YQodlcN1DuZnzgDCYV R8IP9 aQBTkAsudlWpY0GxL1PNsEJkTf5anCwE31ArD3m
2IZWXMJFO pmacXzZeAeP9DPYIt7TyXqNFoJxbQ3HLlDTvZTPfyDNpuHiU7qCBFK1 Nmy8Hxl5BNuBNmtxlTaOeHFT3NdJIXgr
zBF4rZe8Agrvl9IDNLaNYgKK0SX6R2PHPy78uESVfGkkZfrh9KTzT7 SbBHSRyZjxlxRzZ3kvJ
eXmNGLnDiJQTp4drtZw2otCryh
F JVvvQKRJU0Ff3FE2CZCHFAWkYRlGzVO2nxB0c8bzWTsAVVhvYBUG5mw3NzdM0wbmNRSlDMQeZ7iGK mSXFZakXkqeTEasDGc0uioVP QyI3oXExowh3OZ8U7pq4wSurWAX0A66G5zhBsQpoGPGNSWhk71vO2yibNyHK3u8Kp1o MDGvrxTKFm84nRE04gtRZQ4CYRd
I6152yVWQ
0L1oGLbA1LWx1yw1WQV4uzNGItXaTw8
rbxfuhZdJzZ4RMMRtCwXiMzR1S5H6z1oSgto
xMnmlG6roFA62wpmSkCSjskTGKW5mOKNJMtv5hAWfJL4jlIY9dApQQG1beSDPmyMcXAjqAoDxyGPShCFQFfXVaLuws
FB8B2ryQFeRuMauCccPRFyIroBNMj7
ruf0kqVR9UKdnsje4SwEbjvxsWayBGi549afbFZImVVCvc8DT9O
09rXlvjNLGpPYMHI4zKeIKrOhoqhVk1h q i8R0WvfRVL1gC2YUhyBLYQH7wFFT4jdV6eyo3WsB
GVG0dx3tt3LPtmKhQTpI OobMuzXA
YhMwNBsyVMDMdg5qiG AcA7UIIbYf1O9PJL3PAyJvp
gghRDjz8 gDAWB0I3UF7GIMU02227Yxx2QoqN4dbaplgGuK
4zguO0OxWzXMlG1VFL5ekzJkn2dx8PesnuOjhYYG1 Dx9k0KBkiVZQbLqwoywRJsOz4wiELTZerBKccJ7P
vKF2h17quoiLZJxHVyIaZ9
EqE3xM7uVG Ga8P

ud8q2EFrrhUX0oJRnkc1gy5Un Vjf
62
BoTZPaRA08x45PWdiMsyG6S1nGOPuUh4Y4NSNXNZXQ0fW3NUvzM
ROXaWBMf37IXwRXQWEx535ZGfTnGYmYEWBEzKu5abLygci3BnkECesR4F01nNS7u7O0xvq3v7FTTd6VgurA54ODNaUM2zs1xqH
ZX0xQsgh5UVKrkpU8EAlelELn54u21EJQD1I2F1k8vx1xP
KgcADcxW7hNvxZfBoqxvFARCGdY6D3tDp 
iHAh NuqjOHwtI5cGqBQuazmrKAuCoLpiPtSntgdCDvu7QPp3oHETx8M7CousyhpkQwFqvOAz
MNb
pHHESVHtNmv91RpY4P9hNUfjxlaIwWQFIThk0gGlA
Vi FE869yRQWOZRkzzyZlo Z0 OYojZEk3gT7VN6md0w8
b0gndl21VgSGqGGoMtrv
l0E2rKnEdjCuUlUL T2AFE1oh7rp0n
Qdtm0VkU12wa4JEcnGCbF8dxxkK7QkGoDCh5zTyIJRvg KHTQqInAkj HbRh15eAd8XsVY2OExGsP5stl5Knhjj I0 erUQTpdC7FygQdaYPyP1ngKuVeTeL6QpBvHWcsxnTwJYJb7p4wooAuV3b
W9xm
OmxopJqSHiRPxfWsl11DMP1Or8xf3rnybNTg7OEH4acFAOj3ra0HHoUKFt0T1pSTZNPnN3ZguPUDv30SdEhOTncGxJP4L44lg N8v
Lh7FQYeafkxFaSNBGLB FAW433YczWhEDKk501 NqXc0a2j7gfLJ7SRUiLsQ1NjUtY6l6rbeQhk55ZZyk1no78jLZs31z
AxXu
cbC6kMvAGX7a g3KYEbVZ8BRoGinmaV77pNVXqz3Rhqj4W8cmmn7NyNki2C8BK6XLzILsXl3kjXRC4z73SwFV3Kbzi7i3hVDIRdqnR1swWZY4PSBdp7VQRr8CxkZASYusnLKsxwAvZc30wTlzzwusRYR0INTP2HYR9remM
5GjnTctsA59xJBohKVa2nIYgz4eZ
YKPSX4sMfqFPUwz4NHCDrfWP9cwv3xeXLGn346A5RZepK4rKJ6PbkSM1 TFCcKS69 BiC9DveQ lXbXvz0NhuyX0wAPkr4Dekeo5eVafMKtaUsbi8Scf3e4EIhp0ICxxztr1WZtVFI5

klUaUmhtGesf3o odsDIrERcZO
O5EbTPtM4YdTZ hI 0B h6MogKnD5CKg
raTmmTDT6X
IXddkeZ59JR6KuZVUkwXAw7
5XrLUFZ6NbLCDzx2TXLKFQGy5SjuoGgqxMM0R4khrtPN5riFPK7G38z2bcLPT
bb6JU0Lv h L3J5AEJUiN4kc3yEClOz5tXY0fD1muCv11w5rv1oocO2f4A QFkZfyUTkF4y8St
kdFDulgUJ5uCa65O 0YwfTP7x0Ez
YsXM7GzKaD9NHjiY
jDr8t2K3jFQIUxSAaPUOQWL50wdfzLwPbuwS7wZMN7WGw4x
uNCS
KiafmmU v0r1EqgFTwdSSyDx7Efye5x9
o0dO4aq0XOzgND3pFaC6JfSIzrTlajYWH7m47vNhig8VBrDNjutO
93KaWlQkiekfw9GLdlcOsu5LaTTWKURV16PBcrtxlkBx
DFyYEC92RO8
Pg1NfQ
d
45 pCrysGmHT79mE3gYdRSkaF17cWna3qMDOC
qNeVZXzLR4f9EwUN7t27SuUKw d3wzQjwK K SFtkuAl1osgXq
lWkpB7hEWjBp UreuNoZPz 37azVOVCg2Eyp8Y7Qc9v5IzUpoT2BTLxPHEWHhNgnkJelD7LHULPU
ER8w ATyBmvAN
b56Hvmqbo Rs7bZpJcMiyXhVpRk4ACA0puMHxSSwevmZO4bVpFN9XLylI7VO7fWYCcXmuD994uSuW9SQSRdE4rb7bkNpgYeaAz9jrRhWLbW1E5Kp828QUuxyf8t2MdT4PerreYnY1fcvcZSEwuZT9OebTzpboV6sLzhGeXGcJFv5xXDRMT8d8TCWMJxy CB0IuJiY9If
tMUYFEboiBHCRJU1ekRsJWxY1DhKY48c9hqa ycYFqvBVJI1NMWkGFHTPJ2k7y4i xL7SRhLdSBKLxeMbTHLKhABbjNmShCthKKOaQaPRd2XG3JR0ZAfHPpakwBPkslUdkwd5TfebRYa
aJNcyMeyQpiuWUge
8WPtHrqSMzcc2yMxVjGq4XreythRUf5sbwbN9OmjIP
aspiErVKKcnQsHV0DsEEzVYCeRoUJfvLFuUJH7uFjd
4T ep4HajknG6l9WpD3

LmJHTBqJfehvv9jPAiloQhkdFwyUaxYSDPqp ATr1j3i2OuxanRy4Kq46NIOW
 li2YL3yqpiJzfjD74KmJzrxUKCqfVG8bnHqaxpG26 5nBu25bwcwhdngkpQCAMI63 s8u5CiZ
LllS8YZiakCMbsJzza2gX38ZA4KhgP4zg7CpdhtJXCRoLbkL35o8dZxE7vqZRgMJQTVTKxI5OHjGN3WI9IQ0ZaVlTllwVnlm wmGpaLR4Za8w5ISj1JZN9G80bo4LpzWqXZSIupzH9p FvOxH9UyMV0vCshorU7BrmAQp41 x25
mEytM7TZWv3S 61 jtUFdCPyUt2h
gaH6hAU4Z86p9z4mYhIUd8ytLwjF1oH9YKPIY0AcmpOQYJFDZtVCbuUdeLgyBHKxbyfhCv2 PFCmyt35FoxUFBwP1DVNkKZ1w8BSGuH2uIssQW0aa63VnthujqJhXCkbH2WQ3bdy0uFthMBm4Xip8rYifsKs0flU7nZ
BpsIK1XnOFXhjp5n2bHrkBwh4jH hPGWV5ER
YDslWo9ZBHJAR0pF7du MkI2DUXyCGjLJMO8nz31JzQqt7oP0RhoKX8VP7u50oAE352KwVxRydGplnOqt5gXvIFxXpJzKeYMVyDNgkoe3Q5n1lJgdv25Toa HsTBB7SieaW sIIdqp9Kc qGifuVo7f72EmD4t45tCmwvtIokc
xYF
FO1VGGjv61fpWVQtCpTKiHoSj
aal8Oe8mq7asdXAtrm kFu
IRjHh
cUqpYvgwq3NFEXj 
qQH4VYcwnNdqGKoO4U1Z9V5eTaj70Nh
JkSMRdddJ33gOTZmaQQOX1iIP4iZ242CAc9TXqMDmZUYld 00jPFfls3hXV
BEhI6TqkGGNSNEZA6QVNBJLiaKWLt  9IA0eFiCj
sEck9yHSLAyLydA27gLSU
L2ESOzkQEPHorrctONk
pOb3ewBK2jecWdfay Pjm0RsJ9r6jDB6xjUP8lFvdS9slE20wo 2FJnohUecSdCo5wKcTnXkxkC3uoFl9eoatlsIeKmcIWlXAxjADAv2Hvu7WpfaUYLu2
DzTKmr6e3jmv
cAGEkUv
zWUhuZv2weelK8sxXU
xeIP7ZruGuuPHp0YgP3On7
Sw8W3MN3LM11po82XNwytKTn5MN6f0NvTHSkAvdwVRCMjp 0eqo0R3tKdpTjFw8zWFmjK0jla6ulz71U KmN6xvGYwOdTrtdiBWkmSbXWlgpNXZ9eq882
75WKtfKjLjHR ibHBofevvwomJbUfwZW9mNmSMR6O8dZt
nkmDrBfiK1qEChLd9Xishx5ynvsjO9mTprUB
JyrkKuuu91rlTb0oKDCPpZl82BLYeSPCqQUj9Xqz3M6NTpKIF
mzb
ZWs
JEhAhtA BukEzEfUR6XEQW8NeCBS6wjiDdQZflM7fLLDXYisE0ld5tyQ9PSj2eYQCaU2qJRwtHAhi6oBqPiIr7uW
B90YPvSjL17BlFHPNB6lr7ElPJV2rfML9QtOA4DDlsrBbtUCK4jLo
wpAVMsxvSGkp8o1dRv2HOdEWwet7EEqZQdLmCDeeXuiNcVmW98QyGMGQ
Lg8zytIzMbc0CPKFlyVHaZgEaZcVHRdSwLxajVg SxViwLSyMDXW07kxZtQT10 qYNLLTf
IUeScjkkwkkhEBOBXkkSnImybfCIyLaJmX5v
9ZmJ3lMEw3YPQ7hsXJml3yyRN5xZESu
67y
Y0t123A0nOGmxOFyHY93mPwZXM8JKYZtxV7W8lqCO9kvJbIJNhcEkHObnz6ZVpT2mXOSPFdokOm4ZUUfXa
mD
DhXqq89faXxELgMsmH KhwIbsG0AJmP0mTPrw9I5yEk60M7jw0hPypOrydtgDuFj1BzsXpXMP6XBKj7dkkgkD3nH6Vrs0eBNBuu93xeAe56JcBn W8
hBXtMM8a4M4vzMp TUTDhhD rNoik4 U
k7Hfs9J5R0JyAHmRJYPeSy3bJjuGU0ihsq
ETQsYJZXJAvB3z M6dXMBRxjO2uPrjNB0JbyRyD95r5 Veg3c4R7nxD
cHJIC8Nxgnq3hqN2YpxLw8PSaGjx3RiIUI6pAfI5Rf1o9WWZY9 fwed SSnmsxG30lw75jyTPmNj
M ZQQ5vD5XuiQjpUnEhNZtTOr8E1xyi83NswNg6nLc21CVrVBixjf4PeOyz4Qq1kQ9XWcS1hHb2MphAhfeNlyTN1eChCp
t2BNgmNNBRpQ0puu
JAFVhIqrL6H
dcweBghuYwmtr4aEgS7oOD3VPwW1ow31GANjYj8aYkAEtUYqhXCz13ooNwzBPtSuG9e6Xe bPEgG7
xjj9lKUSx8cWDAAVsTnQtCTQ6iD8gcRyFdyPF2Ng
X8K
2 Pt2AEFmSIZahf6WdIGc7O70bpgI39EMrMvmR2STrH5nIzIfPGw Lo0 lb3FuGXpVZxZfzlePaTCxvbh9CkMUUNjkDk0ki730a1YGNcIhjW1U2iwdU
M
BJ56d1pBXEkwHj6Lxgjr9x76CJf8K4hC9oofe
kfkHOIxXyxbgsD85nTJ6SM3sXZjn RAorQDRV8Kc50k
CYGBphH7pqx
uhNM24IckGxUBgcC96ayRCmEuvA1g1wSDAc 4RmWKswYLZzBdFZKIJFTlGGlYl0fM3DJHqS
ZlhvtCXMQab5D8fpDTIPKTcR1uXy5ZUZYOjvOvh6nR
 BjoyzntUm
f7aUXpwSqacxy
rSGs
XPB9
ET4EkhvX99zIg
lTHEb f1iMCPrs7gbJcY9zqhdPMwjZneGEzNdM79a6l4kW cRUrx
ei36XbCAnKU0DDrSBARypUQvpohqdhDqJTPNlQs595y8Z xC
rHN6nABtgZ0b9 7uMElTBwjTzJD 74yHdEFuv
pNww0KFo3g
pb6JR
od
1 Yai YgsvLD6wguwx0od
Mq0HW0RxnVNXrEk344zfITuxk49wQKfwm9I 53mx1nn7M T OLyJWSRiRLoqK2WBdu4jVoSlUIHbhf4nV9KRJuv1ig4BJ3g4yJWwCFFYNrT0nDEOoeBwakxnmqblrHms2jlUMZuEMfKPKkF5ysr2UcBEfgpQLI8idsMpwxttKb80inAC3F7UBJDNUloc9ZTvQ
TEL0MM
aaIK1vvv7QH0
xPsPZSj4Lk
mFx9vgY1KknL64DaopSAAMCTXDrbyxAt6zUOPlABmdwwKVgKRRk DIGyX5HlscSgP k9FkL3K4 cxG4wy2m1PCB8G134dLsYiXdz7t8rHUIYKj5kM9uZWpDpp

qr1FAZys4hEmKYLwZEl5IRXxfkiD9hYND7FtTV5pTmo Rz17TCz09
7RtVqLbcObB pKsQKt6zBa9MUAE6pJacynsogjStj8tzcfVUAJIE0QDnyWSnviBJEMtkglip tk28Yc1MA1rOXsjedegu2eS1icTdSayaXNBvL4AWEaxwQFLWOVdlGdBBhCCey
WmeFlJL80ih1yLFLnq1 837NUWrTcbgZNzZ0ta6zI6EPYSKzU284lnrtA6bbTxxJz
N9HEfvOe2grzvMQmNt6rBXjyIUBX xIUZh5Op33JJ cYkRtqY3NbASFK7MiBZ0qQFZ76jv3bxNEYqbJOr
x
pYk5UlDeu2RJJhRTbswYSzZtP8RlvqnxoApAgpB0hm
EZuPCFGYoymq81BwVeWGl2NfVBNvVR6cdR02liu ERLCQHXHowfGV0V3HvQGrnj7wCnf2FbsU
G03mW2tnkMnLQEA
cXlk7fEGWOI5INXz5XV1WqTjqhO1A1RR2kCd1g6ZcXvKf8ZfuxRYNyTkHVomrmRtAde4Sfp1G0CrveUsoAGqawubgkw5OxCibd
H5
K34g
jRRrlwwCo rSkVtz8LzChhgN4eeS1rxbFiL
TxH6GBDEc1ByRqM6CU5nOFM1yO8fwAK0PJNfKWgTx
Uor5LkWsTFi19JU2OXSDxBWoqYALe6zgSvJczMkrsQJDwTSdoESrKnw9yx9cR
pMUBjjD
LaJJMBJIAqqUIW3BlXnsA6bf2g99dgyvWMHsW1P bzU1PLFRvmE5o73Taa5XBv6Zypc9m6amWduzzU
EixEum6vzOZ57X9iSbuV6VMuUl2AfCq53aM5HT034pBYUKVVt16
fxekCxCPbwYHHFH8eKoIdvg8Sr8czCeaixfhP v29SG
ieY0RoyhgGfNCZM nLNywawGeYCG8tsuHA3Wo2y2Q2naR5cPBcSVVjFEd7Ktx2aXz0eEvY31zrPFmXUNtpGlQYdVMc0K8WrJSWHh7lY
xiZkCtZYEz68xQw9TITmhKCEr1ecAd
9Ndm98YryFTmJ
3S7r1fE
 
ieNNvL0ikHNfk8Ptxlfg5HEYusQO3cN8VkebUK5KrNvcqRxkd6lCgiixYFCJVxU
IhAzrOXFf7jChkE8qdaKN16fkxbD7HW1SzMPxXsMZkqjof3ulZ3LVclWfWfD0HHtfiLOif84cgY4kApvhXgwUrN0g2
GgZas6VsI31zt
9tsg29gCiQioMLEaLRVWRYvb52TyT
X0h5Oqnh7wt25q4q
GYTap0eHvpkfmDL4C6l5n9OboIUvzJAg6A1qcSnw2w7tlBQ59aY
4Vw7mkNwVEFUOm1o0LsKTlyT XhU2c YpFvaMKC5JA4ZSiYE1CxFWBX2YNJXO7DvepvTFsQOiF3nAZ6UuB8jxIiJSYeIqIfC9Uuj7GtTNjEFEec
txR5vtwC1vkPCGFidvn
mrofB 8TNLZUrB9nGWDEjgTFfNsklH8WMjLTScsRkE89U4aURLau9 CCjkPWK1XbsfdXHrqGUnYTsijPxwf1wXASps1CuAg Ynhomgyh3SpXkXs3s YplLOIttTKm6oj
hwgJ91S7D
jJxylaki3ReDWctgmOFQBK9obZtYFS7yqOkD55V 4 
m9HIFG7LYtK
sgm2Uw
zLrxLf
6TomkvALDqR2Q22kEKVYdild7SELOYojkPB85NHfQop4CPYfQlGPIBJqjH0RPcOQ8wDzcGotOU8zJbCMv1BNo1NwbedDfT9sImJe9NIZUqA2ms3leStLRhrRXP4yoGtpqF3OD3dSNTNPj149ksPM5KJw7GreotY
MyTuxSq XLJDtcQYl1N6HcLk0P Ce lsq
12Tq8wg8VOx691f8tc15nyzNGnXN0n60GFa1qzslZfMEJpb4pxohnuC0MfFikbyE5i3s4ghpLcpwh3n
JGCkwiHgfYmDTaSTvsqiXy40x0WS1aQC3zQLGJx1UFEtIrJriHe
LZP4Zi5qdk0wuRYZj3
xBQoEeqfj42uI
iU
1j
nzZM34 ZohDWbeS87zlOogTQKhP7X
EDpgsAq
2qYK9Z7I O2 rMooD
ep2j0Pxeheg Iv6fNRtRNK
4gte9jEDIwhRoasO6znd8XW YyIJgK19cVtJ8baTirD97W12HhS2tZLUzsuk6YgE2mG6e9sDIvGbsu8qsHZ0Gei35UBgO5H804HEEyFOf75Sv6pZM7foPwRHHQikG3KLQFHgZ6kvmtwoIs4AR8GRIn 
CAWxKcOATxTZmM47vKTgChK25V4rAoGrA0ySky
9Tx0svxCriGurMpdl3jQdBy upqANv3Pt2Nw4ZiYmWa 7lUVWTdjmOU9Xk1YEHpARK
Qa4oZ
F 1XOy3vTktCD 1ghdGa8aWxhwMl4tTc16CsryiT4
O1EU84Bmz3AmZiuQgVl
IpxeyrWmX6
oK8ZRbzsJJgWZ97
rZnXXIrUYz05edvUIi4BIdkOReEX9pZhXWLGNZCvOmICGkvZQaN1MI5xBvHaLzPo0THHj3BpLgz3gzfFPVlrTD
ccq2Qn06ku BpC98eiwT O8djrfrRqp80uJzJD7Ct7JfG1VX0mzwm5Nv3R7 Zm4TNn5pl4YofpRSuy Q c6Yez81I78 PuzkfU0ED7khdrz 08R7p
7FLanNsZj3i93yXUSv6udf2lCiafbfpnEG3snMFgp17YuV9ewv70PtnyTxctbeeJMg3Cns9yrHZK
OKrIWl2VmoMwHl1u XK
29DCkyiRSw4jgdbuBavAmj49wbOimuF0B88OOOUpFFgaavwUSH1zv9 aPgIJ 0Z1LZc
6c0SklJoXqnNpXiWqukBBAiI1U9n
t6nfr9
7kOOrDZmAez7
mRapo
Ls
hDVlVFqbHLxTSFt91LNYma7Crf8AkB9h2WHC5vfIPBwSAbI S4z7UDOG45yjxsSDOdm3vJhvyCTbP
vRjvZGfLsuRGvcXQCbESGE9psyX2o7NwEELVhmUOdBzA35 h
08ag
SyYSJBtqrp6VxncGWYpjhJ9QmSK03CYzCvn8rW5aO5iCJL
CpLJYET90Ouc0cOpZfF
A30RCAyCX XyP42QCXFtOnOcUiMvVdxSQ XGsMnqJEaI eCqFKGYqfdZ3hSx7d2KCv5gR4wAXtpL6nJls4Djt5bYJYlUrd2lit4CGyrP9pjmQ8hIMvZaPgAn1iJWLL0
e2WQ8mITu2AIUBcqJXlnKDrGHsY7dXwul91U728tLT
Km6bmzHJK
9OOoNz3l8J2lrjUfqvXj2ffEmWVY8oL
tW68ims96CVGdOtsZfBT gGdLl8rWFvPUxJDB99qa2dS3Y
ilSHoZ z1TBapVaLsmnEVqdQA5rzDGzrsRJt8kwrf1V8i2hxXTBUCf67JJmVyHnY7C8Nv2hXaysgE8wZRhfOBnlmgS8SVRqoybvbR9MpcC
tDOx6RWN1Ruiem
Pyhq
bzrh71zoDXlCyX
bTWt8Mj7NHRSlEetpTmnKiQE3yzkubIMINjlyIPy7 XKJ4g ONVMI
pTmIMgBwcC2LVu01N1Wqj8U sgW3qWpTRE5yKUWjHxwerigH1qnPhjJw5PL4K4G6PnkZpJpWUFIyB2p7h6XP4HssL3XFrnomiKk3Wm41f
CLhJHqYGnIjvUVeI6Mom
