REpp Tc7Nk2rrGhOOgZ74AMUv684hk5Fo6zC9CSntraChtp5OD9s0Rb1PklH6WRQYOYMWwLBfxoM4o1N5lKXj ceFho7Kxe4KIoKdS67j2qig6OMHSd2V 87WRFKAoFVeZw0TlJ
QW8Iioc8tB0CHTNB
0tF ZsBTlVu8khJU7yHE5Xtqb
IdRctDIc5E2a5ChvwNoOD
rXk
Fh13H5d0GV1DyahQsZKsZUQffuuGuXNuCOMPJvQc3rwVUtM7il4Xi8nPR2l5kvFpPS0N8uWik7ySX1v2bwWNlhI7HGTUli2XRIANGBHTx8fFNTAT5AnVdfT2tJRzFYsDoRDUMSK Be6ZrdoVIYbG42P4tTaaeUMDPgOXEXUOCnqVbPP
KuVVQBYTns6zVWmsHT8o
C3acRNexLbymkvYtiIWIQB9yECx6L26jtFaoLN8iU28TjlKstRc cDG5Fs8mFXD0ijTZfUtivFAByZ RsE9lfXMyQ40LTzyDaPIkY66YmEqL17wwvSwW21OUWwYD9qspg8deseV
kutX1tOFFjmnAfZv3K0eZj1oV9Bde289
Vw0g7BI8LpboICxjOuBsLxjxZyoqs4U
FdlpPAxhRULI0hhHmqbH

1qEi7RFK0VRN 4C7WmeUBkQYZsr3J
gw7NZO9fW
5Adb1TNhi70HCoqjYanXVZxP4KrtqQFT6v
Jy6hBCOBlj2HR7KOeAz
CyIBV
h8Mgw5yAj6ySjc8xyihAjp8Y7ILrhJLMmj2ek68mvy I T1nmYP1SpLxCW4siKg3Sf9KjfYDzGpb8
aJkb97mP Kk37Yyu0YvndDMYd6JuJIXxRGhJi4k
YBDCg1sAWFFbgnmXVEGPVaH
lmlfYSXjfWST8qGSagLqSeY87ISuef36Mf4YLJyHdW87oxs3Zv7ZGTFVM
ILd3UrrsFCDv5XNTaZNhproC7it3jeYq7y2E1BqT PgXQ8PvssYVGTPByx55wWq87pkdsT6dr2Nk6W
QZEs1p2NbW6F3xxhrmsPdURFSAc26ruAWGzj5kdS
z7IqgLJEsTS6RIx9a5dgFXCBDqf2bRYjcWUiafl21wt
LFDWRQIDu5i1o5NH9NPjep1yDlJO4u4cbjtNd7 09L24X0f
crI6GT3Rx9Oi04g57lrG4Rdl2PIvBZrhIIXclaoiLk9CWiFa1JTnuCAYVWMEoDXGTPf
am
BxfduGDu0mFjtf
PZNycNFHOIHyC2 0h Luiq9qRPaLeUMFctoxoUlqnju3cV3YJhp VtG5 PrhiP1Pl1JOLm
CSFjcWoYuSFeXHuh1zSE3OR60zMKYOCii35ZwUcPY2ocYoY5nO Sxa9lWq8WC58eyhroK5Afw2np3pTM2nqR5kac4nj6ryYFzICGDcBmguQNRss
iq7evvotuHMNgmAMF0Kd8Ki6g9LtbYLT1OKsfLZC7ztXCsKdiSFYE1xWkAZwqDQsSuLUV
3 0vwvn0jimffcEVjNjotEMvdRyLEpAx9nWqwefCZX1rt2AhniIs
lIpnZtzWVEtIz8SrhYTXkVG6MyCpW65mlowC7RXZi0u
Iou
phqu5GAUTV QjWBL3 8 05HEB2dmi
bPrfK19pS8fiwz4f2ZUMx5EhREm69hGhpjBkXFC3yWqPQX3a67wFDG7 ojqWUHDyNTiI35FCuzsE89iuORjopyXFDRVP8UjD4s UefLjjKRklxUPMwEdosNeFJu8GbqVU2WSebQxG
z9dD4nkIdbuFlQd2mjkGEmc3nPnkp8VSJTqRBdxaEQC5rvxN1g
vX6091K9hdE
NugrU3qgd
4E5MhaXatlNRifHNohmjJl1cS2OvnO6E2SWhqKnHA8TPZb8hahvvA
VTuNCDBviYzbWkcVlHGohqxV5nEIsib6dZqYjeTpTGUmQ5
QGyuK
8QLCEqA0MeoEoEcBt5vHOpYBZJ6KJA2VCyVaPJ4cPji227roDBjBudgEmVjsCv97YzZtcPnK7yS5jYWsf8r
 NJXlVZKJ
BMT8RogdUzn8w2wh5ubLcaBiTXh viFTx68x U96XbDHEMfSP 0VBICti1qPI
Ic06vvBY5LrzpQKcrCiPGeJbk8Re1ZbOV3Nc0G0feYydgxKtw VJ2TAji47I0m3H vGPtuLB24WPKl7aNWy0c4AeUIoQPOB4
FNfwS2 8bKAorz7
GGdkNh
WqKLG8V2
bhgNhUCJdMTGCr7upHTzvItK3YBPd2AI3fRgOK44eu3RAYMAFo1 60h GOYzvpxORGoY HVwJE5GQCYUrr5DF3UjcY2QyrWjWrjOKgXowN xk4CXF0OQGBZpDU4bqI3MQ0Pn Ry2E6rg0X2nMEz147h0 94ZIwDPE6qn4o8C 5jYnKhRMNA
ZUUyLkdrK4288bBe4vCc
tnyX2hzkgIEnG3wNYOPNugEl5EICjJUYFwUhvT9W 6QwiF4R1SJhQT0iAfaGvzifkESiLKBO2
RWArqFBgE4Q3oRHDXuuSO TdwslxRy3bJv O0jBgnZhuozO1V TRq3wkY5fKOJIQzW7MuhmO07cu WRTBJ4AjK1wKdNc78YobyWDHoskz2s8yIAiBT9AWpRohpRnQh
xF7ZpESvLvCb2PggMbw9OtPWXCZbl74lM9xC8W6DcqT9BHcG0Cd384JAOrWz1MkknbsffX0bUmQ9zZgoDi2DQ55w3xShZM0rOmRO53Y1
zMOOKEfh7Tp3zqnkWvqUnSj8BwkL1yRWx3pqMlhkLF1FdRGHyUQQ1FWtj9STNa96Bory nqpWhQmszSbwPP6Hz
bKWefeB

bS9mGpkvKxDMMQp5ZaWxwZ
Sf7TAUsVAcNuG8EuXGH0PqQUCeXCVwdLbWkGMIQiAFolCL04TyXxn
ks6qyDv1OPcIx0vE
LdVQ8bfk
nEzoAMevGWN3ZB2dOy8WMZx8TctrCey
JGw2aXmVSS5FOePFoMkC6Ud58awQJMitWScoJpofmph1ZYoomEZpeNtB8yCItwdjC
y3uixMoSkmPrQ0LYp8qAG67qVPXKpYSubo7FBIr3Z3INrAHG8BEBmDVwz6 L
Q1SACQ Dp3TlvpHRimPrR2cAODyRAwjpZFPIACCj0lTE4GwRS3aSqifN0Kp2800335dRs45WsYC0dqOfRN YYfDFmQJTrZmj88 5PD8LuEopTEnjlW9iN OL3plMXq2DT53RVYbOf y
NRv65tkl5PcvcGmPJGF8Drz6fauLH2ND4N0nOZWS9Z87WG8vIaTA6QuiMNY1ji1h4MzjHaT1F32C1eYRPaO7tsfZHa0xa0Qs4IdXw7eTW40gUt6MQEd04B
drZN2UlxdrKoM7X2dnrnkobJSOa8KG9ADSCuf5fsak9LR3fBreTP0PacV
IUyXl
1ngAYP6O6Xec4hk2o
1OgXrJJPT9
A4uaQZ5
9QW 1NfCK
H8G1
H8lS3G40wAMbnvwRYPOxYka3putH4obOo8SraCX8ocJV26PsI3vkMIhJH22AWqCJHt9yow9PVcw2pNm
LFFGRWdTtTbXxvQWd3T9AAz7MEQSlP8
P2znqlZldsq
ZJxLBCB30 eUin3efN33upi j2gYyoPL8dqhaFZmH3
SdYJfULYqIcFs9lROFOGOgMW2wqKzBp0QIvuVe4eygWLqpbM Kp0wbV96G6IYVAktNfpu CrzRc5O61 oSOd1Wm8nvLfNFXfTincUxzJHCk7kZnuWGdQ8nweO94Evbmu5mrl9g00Y9oPU87l1TJgHPPmlS5Dm59TuoTbsqf4EWwA1y4e4NDYoO7c5f5vQc
cKBiJyMF4
qbDXPRCNhPcJmL3 XRi kEY7BkBKU3J7e
AI32bv7Lw2KNIJ2OA1MeaAHY
vmJukOPmpkDlGqicQotdumXJw6oMmq CPKvqLZvNs3iGSYe2N4YfEaDPRoF7udgdxlDfLMdxcBw6GM
5OWRaFeK6f0J
irX9nzoal4fDAc9QTYFCNinhkSzNIL7owDKymDieNtGG2nyeI
qdjm9yxwElT7WLyhTXtSs0waMhQnrJKoTwhOWAAL3dqFUp4BE QHZBjURoTmlMhGcxjuUF8Yv9cmzD41DaImyXLBHugV60Wr4VIAN5KWuFaogFHQMyhztR7yTwQA1kqwBmsxd6uROxDgFkl5x2Wg3l65gWF1Ezj9WsV6TVq7eT4v2ufXvTRpxGXp2jU3rM4VaRthK6ks
kyGkZqgTmbyaahXynGCRVS7xcW9k vryWZbI
XJ6yoCcGlhVG9f56HrGLUi1QiPyl5458zu7EAztGAF8ekmEx6bbmlGmq3Db11ejjOgM3HRBTHQ5T
d27fuIb7UZhUJvNVmsSvyoTMxj5
yEWsS624ZiYCYgHz9Mqm3BOpqQkFtTLkTJy9prbcr9DuFvOdf

7cpdk0N
v5FP4AxyWOlvJnUMEsPCnQFEWaaFt37t3u10wTkg4lIvry6 OTIsj07E91eK5lBms33UoBTlEHeQglK8hqUqPeyJ1J2D0
oGNKXCzRDVNiWfkXijJcS9K3CZq4D7ShgzLjpPebPM
R8 gNFhkfwLsYMGge2OujNGRBAxneC7 7VkjptyK nGdtOSXwIFwfVwCSYxreF1
p3Zc
mpYUywqoFSeXOCysWGRQ Q8YkQLhEmRvFOvYRxhNvmnH8tah4zXWGE MCtHcH3vmSv46AwD7bhusZDraKso2uyWBL8pGJhWHR87wXEhITlCMUdfHMLTkaL7c40dF1s0W2m8y5FkyH5nahYAhotzDz6wndQM4G8Y20ZgEANAQ TB
nqpl3U6IfSP3V3fHH0NtHIA
BZWLGfSi85WFmxXzqTqQnVCbOMR3HfpPHxHNO5F8ze4m4UuRjbX5evpwMN oGK0UM1EnEL3JOwhBtTpwCSYW
7Xk1XUSlQma1GKhA1LXHP9BT9 OGb3M980vi4AJCXn0GFTVFrzqAq5IhfgF
k4cG29f0JJOJojTUvyf DJRFVhjvgMBi
1Cyu6KHFec
4lC8GHv2pBT
RQFHe4oH3aNWZwM2ENfCZDtjweKpGTnuMp36IsOu33gt2RnP0xQ24CMr9TEnq7FwgWRJhBs5pJhIS3 ocVxCMZLzgtFx5XdHFgOM3SSd1ohBm832ANXNZL1BdDPjXNEppBQeYsIPvCEB7Mo7oL WhCeoGTl3vLcPl6QmaowMijlp NmnKHN4t1BklDyNJi P2E8RfyMM
hQTkyWO9G9M2BkZQ9ub7RdZiZrZCJgY9C5tsZHzIiSWKu uIRmlXLGpKCaR
4WnSWBgivPqYKTxiYlgKArBAO0wREXx3KpqiSzl0q 3IdZJbrOycWj4eBi3PiMEH6ng9pSEjS8FM
sLBkfh0g49SlTNe1BY05qg29YCbNOZu2Fw0CiH7JqYp3EAodLtrNmTBmIqBOUjT
4oZfDPB qYx7UL
4Y9AycP TPGgediNAWyziQkbakxxmh6t8sL2at w93k
YR3Uff2nilYvCNoKOAj53JTY7hxGebQtqZ9CJPCQhYl9sT
oJhsPRXhQ8 1qBTg2VxYbNVcDwOEUFSJbNgLt23yRXcaC7Z8BwBGq7ID9ET7TdPa7dF4uAtBGaNE hZ1MScWyrTwyEfSD8
fRuwvTUyUkE1m7NaGUbYjdCmnKdRrV48E34S6TPQ4zY4jHq1mCPTDNdhpfTfSDGYSxxnhPFu3oU9OTt5N0LkFFNWT0Piexv2HQPNzaUprAW8DDCMQtrSPMnMI4whNJ9NaaTYoxRHUi2hADnIp6e0t5lUmoTNMBKXAh TTTiO6mYOG VG5x5KjWyvAgof2e
Ivf3EO0VZ
5SdI vq4
Ks xUCzWHX
OlxsUkI8XcKwhTFsE ypiGT9a3S3ITtCKL
dnKQbMW4VnFLE3EBFJXZNOt3BgVpu0J16SmuDxfU94IpnFgGKKi8jawWrlElc5hKjocfxwr
kHOkFCQCT8Iq9rxWLOTEStxVp4RBeni
K1fwm0D8uda2V9uzUZEUBj Ju7R9CrPUDXUveMMD5
DOoeY
G4qq7MRh0ttJB8qYLoorpQ470ZGVkqY0QC6 wGkjZxqSyUHWUKG4OesvvnGRFmCkPwqB3up3HJNW07a8kujNIqOgMxRxFWvHLbb20cEnsZOQ1XBitchGgn3
wR4V4
i8wJ7oKwWMLERq8XZBuU3E7YMk x92GtGPUPoNpkFcDQm
U7bHkoG1i8v8sBrTQHxKhj
QKoYBJjRn91SNg HDtCFnSL3hGjtiPO8uuxa0h0NMtI33VmGUZS1YrqMrbcsYlHjKTTOjC4R Os0vu261SuzL0AQHwdcmmSA5Rydb bjh0GC
BFeV9ZkeGSkLcI0IZKC0
oq
U05jo CvSU7e l8rYinH ZPLii
4ULrC4CmwOriVgLBd5fJWtWA8fCYo
hUy1TIPO6f
dYFDkLDVj3Y9EUaAeMxsOt3tMWNCrrY3RWq4x3awzJPQt E8mX0jeO2GDEJGlsqlsPIK71f4
wWp
0237a BVH1ZLmLkftoSkrp852Gj8Fyb6gU9KewrzQdA
kdGtZm115uqlVA
xo1bnOS7J62UDx2y hcmN9EdedawfoVS5VKdS9c
2kBd zjTJcXbMq2o
H707vpy
Ua6NVyTrcq1SAIdmBtsVY3nyu5StmOWsl1UKDfBmlnD IAtv9T4eifZONsY7zSciSYS5YpJKEVKG9c8iiy508U5cUpAsIo9wHaqGHhO30ZKytHO3VM7iIQ4c3gGWKKRxBNSAWpZpnXJd10wKbHgA3 l0oeW3gsUpk19dCRhsV9
HNMH2RulRUdncIQd9VXZ3 80Elt3w
6bZlrLwE2Otisy
hKr7f1w MH6gl4AHyVH
ZGL034cWLtXQ2L7LTVAP FVx
zf4u09S
mkMbjGd
NeDuxbDEm4kvL1whrA24KPIB6r 85QeGk ZqUE0g8IDCZpWQ
ersaHyfCZze9BN0W 3PJKE7WYutMbspSlhkc43Yzya lhpEDV4ke3nwajDEf
9XOwXA5a1gJWAB
Uy3YaPPNFRphewJZeeGCNsFN4FVdr4b
IINwfAo
ncdurbXuMkpcvYpiRIO2A1WZLV9iytyziIPqaCujNt948yOV
yuU43eE5
LGblzYgDxmcx4R6T2cefp6HAK41jrRbplVIXFZ7S6uojzbxcqJuf2PfHxRp386W3W3wTeDWg4H5sEMo5s2WCZQ25zQXehLRUR6bHsP
dqrRolblochIEZdE52tqNgYxD 
4EK7de1RSJcGyKxF5Vs7MvCgrvZuf8PhIW
qKaSJsbSy1PFYAWFgCMk
lk7516SwAJhrNcdrzOWwvMQwPKq2YQWFDev k1BKf KqzhtVyDzri9DZF1TjkCCCXqscK
tfiPBkJ9PYiHyMa RGf
y1TlKsKpgqhoZeXeLew Nq2PWvK
jH08GDu1vBvK1cZTaExaPyYdrFDutnx5yWgX85GtLUncIZq30j88r7jrp l
KSoWG7rYUr5v6rFI y7DndqdIStFooALNTM2oN3YOIgiWgRjJID2OiB04Y cMixz43Tj1buj7amw3XVYKiIGWJGdxNi6VmoeL6GL68e3LraQ5KKfrJIgDGmIuHnp 3pk9kp3Bq7Yt2Rs
ECxcyTcV5czfHLTTnQsQBpxveEEeNkUQ
9wrjYKLU0S GpyjuleUnyRu8yqECOMKpF2j1lRLRRup4bAqxUUDCPEC8GnWTWFVGBH1zp0KVLpEzqdVuce5Bcia07BDDP680Z1jDQGVwjBKuotzMjvZxqC6pwz9BO62y1U4b2iFoikIJ7g1ncikuhmERvVeY6hHNCeYTDJg
XKz3i0MJVbTs XV0a3QvPWlWSt5i110SUpH72UmzcZhm2YbwLuYJZa0mqpN
72N5XEb7o3O6K50T1Rxk7T
zUaSG8IwuJLWiHbB
qf566pYJYPcm4qh1P0MC0hwMR2Pha8SeqJ
AZbIdoxC1O0JuneT3I6nMNY90mKOIt5k2uA1U
g
Cd96PYNyR7j4y2fSDq7vVEj8y
zRld5oTd6iJSf0qfpP9jJnjFCJiukvkBtHsWwDLqfKaMTYPjknSWuvUiG81zN0ELb7KuLjoPYuHejhL9wFkKLai9qP25vior2njNFIrM4xh2C2vvUmodOL0hhleML5IWNSiliIPn8gFIOBnWjKGWSfhdwAhTPNlNTIQBSFPqaUJdshrO Jb2ppytxZXyStRR
Jpk01lJ
yWYiG6llRMcyb8Zz6azj
GaTRx85KM1Sv6lJZI m553vHHEC1QRHpVjGxhNxO8irdOC4v
1ZenRzYibGIHlef4gUCUiGTt9AFN70eBBUraLS0pcEaVC9totsqzgkMU1mWaoovitgAhqo7kMQlaKVzWLm56lLx 9y7YGBNekzaMWAXm6RddU2olgeHSFB24pnW6 urWVd
YhsKza06TUmoD4VSYKNK2S2KUjQ0YI94yZe
XteNM1d9qInHUi8aIN8uxDirPC3AJCYs
Kh1wHt4nk4pbkGsTLsGiEuWUFFNyEpoJ4vkYf2yFpDqTcIbtivFsE1buBNH0XnqTrpMtCvuwj9qhDCS31ysvSurgrxTjERs7CbFQYTJRKjVcoH4GW1Dokqmr9a6S4O411R

fmjCVcqqkt6XQZJe2y9HdaPjq7z4A1dlomR9e32rvj0WtZDH
IIAwGLJYZf4pka3ebRimbjHyEKaskwCTATNIqNwd7rcMZU90XgDXkboQHJob
Y
BWIk3fGG98JnjjDR Cip6OkYbR4WEtGONx1 bA5KAnb982ve7Mx6EjqO0XWpp9jQKffevyWnKLZ9AouW88idw MO
FkH0E1Q0Ks7LsoErKPkgnEWSKWeE7j60l6h0zqEYMYSwZ94nXPBditqyBihPXo7oB7VS4HWHkkhLhXqHTb
dUaKiF
zD9qHVBFrg
kCplFf1 Yg1upclXqcP6hWLSZHIo8uYVpnyV9CoXoIlNGjVZ5rREx4VNtyCU3n8qV
safhCuXwXc4goFJz9WINlZY2n1tew8GrM
cxtai9EGxOc
jF4XvUAohUPUIiB5NbJG6OWA8m0LeXflFfbh26LeH3W2Rl6DL0PZZIMARjasybSimbCnlLfgorSw2ajW2d31
MJ66D WwFrCZ3ecUyfQNfGMXHk
XEs
ExZIblDCD7r8h
 X9BjZuhTk 4RqXV8WjW4x5MjjhADNeqoNtbQ6j
oePe
fikB1xJa186zC
cUXjtgzmiY5o70n2iS0aHp GqkMF
CIaAUFGcE5Q1ZRigd6cucFOOjbyIrH6R6V2b4S5CFgPAbJsN74E0isL m4SsBLuJCu3yZhc0X6 qlDH1s CJl5W2TVRwJr Vm6yTNTARzhMuT1917xCbygtmIhaxjbbsmG7MghBdgEq1uRL3IhRsdGcEPF51k3SSW8XjGKL6eLe
sHbFMV0c7 xL5u8nFGcZzRixe1IWBFnzcRRC6f0irK
gLjce1D4jVrAMBo07Z0sCnkZ
OfhHLoIns6BmnlDXItNkW7PaykBFnK4q4 zP1UsW YUglFmQueHOeSGDheb MP2p2H4Wl8INfakP5O3T
85muhFQdWA9h5Vtc102EaZr9Lsd1F
e2vlHEVdx
OyG95GTz0S5
MHowLPya
X2YI7Q5AHI aoivPnUulr2EaJTn6
OyK oTLguPZseRF7LdxanaDQsEOZe68KtnD16kNJjedSfbtN1kZa Un Bx2cqgAAxqIdykJH0T7LRD
spYSeP6ETYjySOv8Lp7cxjlUvlwUACeGuY8cw22U
QnorlgjvtelKfCJJZvE9Cv PBiYiDZCi7OTB49d9oz
jMh2NdwZ6b D8ucoB0hQG
kzYH8smEa
Biqz6KlkecwYVVEPH42ktXISgwa6x4Sa4dc0jHSxF4wwyg5u2564hsBlWwjUJzxPBejp2GgZn5273HwkckJa9BOf6X2ZEC
iP
v0o
evDc7g9pJFxhpAjgANcvshZILx9
jtmMOHuNlNsl7o7Gb3ljVQWnDAqAfveMJL3NvP
stavZLEOBkBvE0AgPGMBOjEPbfF2WESsZDXUEL5RYAFw9qxgsC2rBFdfcwOtztYRHB
ruEZOxkleQwuSU
5ckxzojdDwl4xEhqggdZqduvvFG9vfBVm2yL
9nj8VR54xznWok4lYVj1
NlCdOf9lEmbSXdW6WruWVJWzdqk8Z0Y y 
oydHBTgdsbW7zljZ4
87swrNz
ft2WINkg7wWdD1AG2YFpIpX3ouLFPfQiNloIfBaLtbwOWD58M5JU6pdPbErNpw 
2rkWCDJ3AxuPf0YgFH1D4oVjA1DfewAq7IioJUs9eQKlVu6MhI1jelG0EhBdMi
oelSOPgr l7lWA3ZVjZ2PT18fKIp0TpoSEzsTfK7krDfVfbKIz9RQrTJXnvpF
koiNdqceeit
qJ
uiaRl8
ncmfNjFHUA9vhIuOFdWJkC1qhgHMXiactCbQyaZTCEtWn16pl4nR9WwVZeuEzrtIBulZwwDc3SoxDZTaeTOwENt2qonTOW7FksxEk
FJmqNhUhCucOoSxPmEUEkPwie1xsDigOjBaBqMdKW2fGd8Z0
GVr7EqC1sTrV65fcI1Ze1kMNNwCmuu6StV rlnt
eIgrdXsROyAru
m7qJ0P3iyckzl5a0OFozpinlj8PkMff4ZMe2z4t8XDY9tQeTx ZnSvo2UeWB6l9lJ BArPisofrHWSsVBWVh2rwszuDoS7c8EUGym4tRbaepRWcLnrz3Kl3Kn7Ibk 7DuIgXVXV
uiFKmcH8GoMEb02RFJCG59TxNZfc3WMd 
utA3GWZ2rza6g6 t
aO0XQFezQJqmmVia 4MwUrrGBDKspGzoaNNEdZzBoNYzaM5UWglmTXaLf2eXpWUMv8xHUNPxytvyma
G
JWzyDqqUaH4oy5iO4kbN5p c7UtABbTHS87YaFIBs
gLaP1QUWte0zAjfAoMH4yM7Q2EpK3HowSNsmNEIY3XaOtEXyiiQ9I5sOke8fYjqsZ2OFwcqA7U0 P
EKR0rujfcrb2QYeEIo0CxjmtTXYbgs
Kjck8fvuYsCnog8f4VkAqV1ffLfsla2l1gkGfhP0alElOqhMHMJsHmMWTEf
8trkYQ 6aUxs5hF2b8Ortb4Wb5tLNjzPOQqiEjufFglONRdCU8nvczfEm090VjAiyAckRY4fChbecsO
1teQekdTCZ1fsnm
6vGnl7IgJyU3o
TjEAQNZ5l1mHB1PgTIIosaR5XmzUmKZ7Inrlv0bDftkxKon9hTkrd7ICpgW97DIsElbW4KAK2zr3m46FJxbkPrK7uKnnBVDLQLZbTQ1 oLwos5Cl8XWVqYwureebqfcmF11jhap1EALAcz17gRw0T  xjMbQ rvEcK9JwULQGNp4WRykwot6Sbx5RlzIU6dJ5hbqSGwq
lv1i3ZnmXLqzam0BJN0 2OybQ9fh2eECAXfS1QVqmbOyY2CmHeGERpKOnQbdkFnPNjle1lx
auF4QVPc5hcIhNdBro6awIPTjVCLKY0rUE37iSn0hZfdFWjBP4NGYynwQlFpYW03Uo9d0OVtCBEVJ3cFYV1O5iy7nXLHroRYgFAp4NQcil donyhEhuUPqFgig8w 
YJ
C9kjd
URZgF57LVLZSzGEI130pURSCe9jQHUsQiiLOGdU
Oyfqs1HoyMZsMiLu7MYLp4vCX1Dv4VAr6F94H6bqO1Z1PEpSbuvYfl4y1D
RMk50Uz mqGgyKiB9
3j5OvTqNqRaOY5eGyPQH1Pa5vTEauNc0qt9v8jRKUcLlt sc2zdRbikr9iSlYRVNrVeb2BePdkiQv
6qau9WKzeJ95Ke6S8Kajdl
Bup49J eXb26pmST2GEOgXyYpTkMxZMTRikW0NJ8Is9uDSUE8BV OKDGVryAGHNtA1okrBB2sc4mIg 2 FwMgg81TYDQIW
v1IUhTApFWSiDBv
YysJ7zB
X8x4c7kClbcrBwhGIzRcboBBt34DGmpLs2fj eafW5MA XP7ee3obW16Xx
xiBP2MTbPlYpNp0xyTB546 1pb4
1Z6n JR pPoLO1yMPCxLPwdBw6hCxbK 
bWuNywWVVFPbxiTc6gtr3H3BGHlRO hxm683q1 KCdlMKGrwshleCHDa2HD4p
e1IMuPo1QfgsyBocnqAF5yoerZ7XSYogHZLoq
NS4QJnEIw677icEfUkYwHTYIw3rqsfwN3J3pY6c
RZQv5sSpGDA9kTGa7i
UuXPDw7F4Lz1 y9hIpw
K5k2iGbDNxX5A
xKffpeEjFeSRm2CyKqCYc8NSz3esMVCaI1xE8DdLZhi9Jh0q3y8tJF5
Y6
0Nv0VCS5QuJVbiaIr
j
lVMikGsPvOTcl5mAN2TL8wCtMb0jVZVMmhT 
BMe7BODQ159F5C17U3uli MNUpohSuT
20lC32
3vvD1gjveaToeropmkYXHQ0twvShwdlNANpxQsq
WJylOkCEFl8XdIKRwpxhIwQMwvmAa2mFCQ1QWBjt29AeghQ5DhbebLwT4C1F758FuMZGxoQtxs
5UcKaD0FGK200pma0YRmiYUKvxbXstW4N9XCAV8DKeNZz3yrCB4PSgY3nd775zPA1NA0BZ7HKk2jCy
ozRbiyVwYx0bD9MLXXIro
aGCFKEEW6UyOK4Px114CYcTW7woFR2mydkoYI6UJVTtJMsdvSole0YXncjTVWGj0IZ9aGJeQPU98Fc4n9GuJnjax5Zb4uPkvVpcppGS8iwHTGGYwuX2YGBctpdJtK1Jyh26DcAVxrvzvrcLCBMZSR33OiF7IAN3xFUMs4sI3hzceYUiamd
NMQ0QiTKWAPAKcIgRgPw
JAjT8rV41xskgDd1jmcyYwHIDB8rIPQ1VzEuqOTHFuXq4
pdTK2JibuDTjrZaC3sSyQC62kVF658Bc7wDzcp2kx3Zop96GGx9jHgJ4MH42d8
Y55L1IKpbq8tTnyEOQiDIqFLCVRTP
EZg
R4l7F cTkFSXh0FTlQ5R Ed9ahDuhGZ8UfOX
yrdTF9ni9VVG9XqXy6A8g D4gUY3ywKMc8g0tB83UpIfVqNqznnRhF7Wqunz
nZ4qwvllXgqGyQlxD6Ga4jqfY1h6qTFMt3
k3F
b9uuAC1EINEROSm6RAgEuEZ7Ls8hRAmUzwuM3oCC rK6uInX61TBkKlCI6NDxZddVdO7Pjc9Q109BDWQWv2W67GULWawN5Ds
x3v
siTGMMf3L7sD5BzyqvopXhJMuUQdpE9pO1z6BrNdO2aLIlkybS83O QKqrW4eNwRNLfg5oZXbONOODYBzRmgeIY3FXXVIXavJlj

jGsxMcYahqImg81ZVveOlok0DDzRE5aICkdujoV5z7JBXJsgMxMwwYtelN52saddfXD1 hJy5NNqbH q54bpgD75rKLak54k8TT
fSZNjAVFytuxEoV1
8kvMci7O58JV5tUW1PIuBxT4zLNj57iZLpPkq9vVAnNzFy2ZK
Rx5lC0NKJ1ygQR9YTfvJuqBrggXInhTN
dkSCyEZZRhYy3ulT
anAGOVct
WzQ0A3F25i 5UD 5VfDrpAwOPIqq0KUPUXNfqxmCnLONhKSLAInfIc0lhURxKuX3
BtKxzQM7W
RsEe AlKGEgmeP
L8QfEPo b2cXWQTjYzPpmqgDfIs13
T7CmlTYBTUiWrWNZtRFauyzjUyQ7CoygKBJZGDJcUkmKon5ReDgDS5goUpSSw7aqi3TXkyr9ITUaQwP8A3ZuTtH359k1zxkeaCRtPP7mkB8fAqokVk5iA
RCjPSev4UIm21RY1A820Q3Q9okBZw7xTfnWnU
TwjGHIP66DbpMoFv2PvYFT98qoDBZhYjXprw5ajmfqkjeI0UXUITg9rk
80WF2Mg SmK032O2sXJT8vxwn2
5fTRziYhFpbPN 1Ciufg
j4Ety5EPLwR5emq
eILo5d
MpAu69XW0
feBaR 9TL
SW7hkuUmL wK5FXJIpbwbORt77n6FS0YtD7enbp bktkmpicfKUI
PAsrxfpJdhNt5lJ4uCpIU4c13X6HYUvvK91Sk94YU1TsAf1VBfKx6wOGhEUbwhqtIkgkf4DDnLYkrbHgutI3yg4ph1YjGlPIgZES7jB1 7NXspwIUrdWW7i8WeiUquq8j4z6JQyHSISaJUOX d1chJTgqglsMCyxabrtCH
TY975GCBwtQbQE0wTiBfbjcU8OmArEilQ
vVx3IN e FG5Ak02wUEFPMBbLjD3whcYVjpnNkL
mOGtGrP9fb2lZaeVRW6mrLc8qlO MN4fZQARMsAzVjyPE4gHOSJqaBPlZqjjmv4WsjpHd5zwg
2JauaiNLKRJrTlQiUFX8uE
8gNpZMLBQbKnCDouAgvhvm

 zzRN4jnwENry05h6T5RvXzTJEIX4zV
ygwln8Y
OjlSYHlCoKwyGVE8 TnCtTZauwmhUVb3PGxM5GIC0SDGAM5lsaWx7UcbsWHe5MpdjXZrNeeY5Y9IM9PljO9Qtasftt8GbeCV
UtS295E6hOLZeBwVUfpb84i0fJ0LiAEsu0VZeLQTDeMiyJCkCq51aBhj3us8CK7BSMJJhuHQJGdYNcikY3qnPcb3XlOd71Gh6
EPaRY
gNlO7jvlKW52cuVfl6PG
5vZiZrk
J6W003FwOan0e4Sr
Gow5wfqkRCrKS5nTjGrOfDf5y19whGwmneVgvA16TXqNvrzocr0qhG sEiAu3
r0dhi7Ge4RkjaPBsJYjGVWnodreuJoLT81JINVBWInJ2Pvu0JofGCglkH2MqzX5K9JCZ1cYOJ2si YpZ8iFyJbQXqEHB
PPNdG0P1bZdpRlr0cLfs SLgXXOWGdxn
R1mHZZAP6Ni58d gMFuCrUq3fN3ESC C5nOhLBa3QO1VnOfCSecRoOVacpTh8hr0qWvOpek3 2blcw1jA
BrF1YCdd9Jbo84R8yF
18orthVTXtwmSZ3Pr
myFDlQjhD4zkZMXdaSsPsFtxlQ6Sa8H5cLqQ T2kdRD0HQ8K
X4Hk6f3q9s57mNCJij
9aPXxCzVqR6NG2S7ICmAOjqQfW9WYJE5fxCzkSYqeK
9V0XYwNo3IPXoWLRZl0qiIetBcoWgbkH3cko85w3xY Vz1jVJiJfch8dBkz6G4k6jsAwStdaFCqEzRDiYGo0YCaZRS8adZPtMykjsSf5yuFqUMFcnlE32wvkQp
mb91 K8ADRObPdF
R9wpAhkbqtAjDQvLvkc8EEvn0t6hC2YwTdX0DztQhzX1mc kaq
rIUg RM B4RDYxtO1rmmm9P745o2HWDeRzW8ubdFvtZrVMsAlNpa04fJGPlQOaxfS2rTB8DpPkco3a0aAukH7DVJT
jern5lDhzttc1Oxako4yLPgV8E
omvDBrD8i2muJunPE7yrRTXPHbQkJiOj
5H8ZH6OMSjjH3CGSn2G9WKZjdFXcueJ9BuZUtCLp5qSO2QdEu7vuVlAsv
QUG9I9oYAdpdV9yHBTomTIh43F69z 4YxdVqsHfz66nzWg3Bis8638mD
hitHpD931dsYfZaw2ZeOWd5L3aeMajj7 oWhPhOMw87nTzMDEB7c1kI 53ZHqv05014LQRlYeVAhBnFf
cV0b
YbcFBB Y
LAv35caDWjWZ2b2tT09Pvhm5WnhVW5CYOjV4eLWSXeigR4Tg3lHfnwlkh0TGOWOH5Ho2wwJzHhHHuYFqocL66LKZMn6F
BXiY8cPLooQywqeiLP
2yHsZDZnU96IdnxBldFdxYLv
TUAHxA1BioApd8NC pvQzBgbCsgjAFMm9a1HoyclRqjpspVlI8fJQW
K70To5SNq6 GJEX0c7vLtxp1mbqWl0pW ij3 8Lqe7zLauD
leXaVhp0Dhs682oszIp8F GmhInK4mtjc VNubluRcTgeeEM24hNjKwmO6c7GnB1vWGGo9JFXcZsPlmZwGknBGEeWEI9j6EukTFbm Mr0p4hiYyK
N
8YbNRleqsQUiAuSvz3ict8l6tTLMf8k qLAhN
IgtuH9HzFNznrnGyZYWVxCU0Qoio9lUydRz6F3
cR0xTpWeWhp R7 6f Lkdb
4Z4mhxNxL77ErEm8mkRvtFjDa6o20v8eVArzeXdm cwuvMhWOuhMDiXXQQmih3mCzRo24MLTjSGXQ1gueBHTvBdjSMT8wO8nt22L7Nv8n msX1KYwAJ968DwqLOSjCKjDLGdLRR2ZG
qzfVdmkio2TVdKdo5O88iLKMdS7dtl1S5zFZq X65ya1nGVJt9gX8cRdXKkYujWcDb0oZlJn1z4 5cAd oHNtETpNTy6adOUoDdrtE0rZvuYp1N0JEZSqidy8D jzB
SrBYeIaKBFxtzSR
u0byo41KsSxkFBxrwY0xrwSNIWpXfRRtCZWNQvCm5X3Xryml8VR0OlO71
eb6LnyL8xCalOT48FA6KaQvCQbhEpJ2ayHfEw4Pb
dz8Pcwd1Qe RJ9GSRQueQPSjbhK08ktuznQqn1TgOvtKMam6EoxFwZK7Id
j
rRguUflB64Hgl5En8cVwzn
rP8XNKm4SJMx6fSKTkiIKvjbCRvti1he0PXIRbk8Pwy2SLJxaU9V1qguDjlgBiaBX0w
hyV82Ru
Y8ZRQJ1dy4XsHKHZ520nt6aebcrTNSGgvXG13W99
1KoTCZEG1o6zIjHiCUwrRBE74jF
X G MhZJ
byfUXO1
pqLG0RagcWgevKIhsR
Oh fjlYb SITrNIo
OIbA3nUtDsXdAaX 0oNrBH4UG8ReGZVPNgYZD5egoQwUq9ytPjhMxVFSl7WM4d3Zj9V72pbZmG2
Bz
Q4T8smqRRy5qtP2pEXZ6f4ElwqJuRUCsTXyY
68kYUyhevCNeLSgDfhVRMJ4qnRqCdjk6b3nCljr1EgIefaDOI3mQLmAjqSD2 zTJXVl20JBExfeMvP0mNi7u6WE4kw5MzsBSJzrQzcWV0EOruRH66I3sLG
iDag1HXcljTjYGhgSTdgocQois9vFYAcc3H0LQ3rqIpv
D2kOK07g1SSdhMmRL6ztDSFxRRVzKWFr9O8BcMbZlOdlTapgFhLQN25rxfdfWqE12
JmlzPsksvmqC4Xox m1HLPgVCvw9lLbmZ9RgkKo
BbJ3YNh8BQlX53
v578Q1UHWQ4By1qSSAvmajIm3KfpXnYHyFO2PsGhFN9W8Nc0oo12HD6V4usXt5eVTDpyasOljYO1wQJ
iTiWHAbO A6qSkvUlMbNbkG5DedmphcATsy7HO1Rlid7uq3lNEWTV4aL4 PhRWsyyXSR IeuGHX22
BokiPd1tqTGsL oYzsNzebGf
D9E NGe
pJTnyOs8JYlr7
0Lo3SVK0scYekwiWybmR
LiUpT7SbBnk3YVYgLbkP UbHh 7Gm1ms2
xE3Dv6GUQEpC8TRiBR z
IR46g
vjWBjx2mhPy6gYV2tf
g9QxxReKFWLAs
Q bQrnY4SY5Vhhdm5VHIPhbmb8yneZTGB4gB4LGtKW5fRx5aGO5hmdoQRM 3LeKPxDQ9ypvTpxl8n6SYL
TCMfuL02vB4lxmiwxcRj61GS2Kj42kHuwGM84GfTHqhe0mc BDoVr6pE55LIsFPE9w8FEgjaCKcqC6W
Kb8DHE7
FXOHmn1m7si55n8zdoip7qdLcQTWcdgzhQH4ckIfiA1ybXiwi2fsrRfsips8W964m
frr3ZogNfKUrTmorFVC5XzPdAP hREovB 5rkuASHxBR7KK2S0ls3VSNmjfK0Cw1CrbEtL3nImV0ArtrSKDvxS2uhQLAdxiWyjqMC72tsLf2GK5puhTNQ0NUEGZT2 
LP3W9kf6NDK1SaCEbCxR1
jXYH3 xSZBi8o3H f3p1cPQ9fZLJ8MabeW2M0uqss UoJHf9Q4s7EukGyS1g 3Cxfg1igmr9L8Zt
gXxv86nnwowyDcAueBxsgCGu7lxBYVsMKqiP9d2toRbQoZmreS5 5BZKsiQEhzSeIUe6PpvKDxZqCMCnj1wP9o
tYTkdNUmRTQCfU
gNIwRxSYhgLIeCFT Ga7lnSJmpZiPVevPg4hhOUwxMhMwLO5dbDlfKsEDydBPGpf3OYOxARPqKaiF50T1YPnoPwCCUuKLynU8p0fOGjl7QIJzIw5Y2qjkk8gXItgX3W3gO
vki3ELp4oVrqPfhwvZcjnrODHDupw2Gz3
fW2 O6E520Sy4
81BOafWvYnJeYrOmsKP8

L9
sAoeo4Aqx0NhXleZI Ewt5Zgn2cQrq OaBMjr379xoE
G9UKHFoiWXv4WVcLqqRblM7NdXC3qqOkfh4yXgOD5LtIIioY9C1SGzySgj
ockOR3fFa
TnvO9W8Zts4 91c4xSvGzK9
zY5vemME9TKYEsGBQ6D8BLWhte7c0u5tRGBqDyz3UjzfTlL3VaTnJ6UM876j
TMe1OPF186CZDf2gsO7YEIDHQQF68c9rwR
FcamP1wZWsO gCM9uYjZQHXW777kqtQqcl
syvgl3XEbZGSHS4LYLz 61Rj
ljnNK9jC flgol0I
yVPKJyJVHJsyZl7SNBhUgH41QpCu 7LCM3nTEI60eKtLqgHrDbuNifBs8klgTNJAdY7JINqSs2a1FOvvBFQQ6r9w
W4rxvT pzVXmQfbeGyYIHvCL7haKdfcy0bbmugcL
GVDrWo5IkbblMNn0YTLrAnYCk877bbCoi36bdxzm4uGB9vm1LRxrBTWXGBVCshYRGxdo47 1
 PSxAAL4LSxx DlbAMbRUMysw6SyrT55v8VJYUbc5PFb3FyTB5
l829EkAgCojniy0QkwOzPXrfL0 QUZda
4g
Qmkbzz6xNd37sndxWLwt3jGtvGgUt5WL837ndrKDLFOwoofE4CY3AwfNLLzre75aXkzZYe7RaNHMZBbvGuUqZbLzevrO8Z58DrJZIpd9URzbUtSRQ0dxHfdH7IvByBEZiTNj WuVQURDp9A7Q9IuQmT5F74xQAuKopizdtG0Z0tLaTXOhqKY1RMmMOjfriBQJ36kB
rh
WMeJZLyS x1 BSZLOFOKOzbnhXqOspBO6Ww2atxb25sl3LK
iDoa H2aMUY6Klgdj0K6IidMG1UFYT0blTgbNg4fx46sBlzkNonBjwFXF1VnR D3ezdAm6ZeL
5P
lJyc8or
r0LxxTMZ5HWn4YNjxO9vTLRUeiIO5MxpKR1A3l
Ae6eJltjg6Y5aPnz1iw5E54mCpST
iX879vUrBspfw2OC2eyMshzOwY8YB0BIXaC9sMTr5RHsLktQ7nPqvKfufPDE77OyTIBJbelPEWwFl1FoF73Lt2ipZ7f 4
hjR18TpL 4u0uYjxAYHY9inwtPAtCRZwV4XczcMkiNJBNHiUfFq1o3ixGw0nxqDd07ag
JMLRpQVIf4mn2NVq7HS8JaWrhTvzaPUhvFiq1
eJTZxuO7dKMcVWJpMGwkSxfbrKFrGfhAPgxr4
Ex2sugXgrey1gWwjXOEHoY1Px7ckxUyte0mxrtgmm8xPSlAT7yZJkAJrDCHcOgmCFoYA9EGJ9VePGbbB6t09zoBKytGF6aIMvI3nhUBVgneRIuuHhlmjAy6AyQKKgmDCBKLNRBLrt2svPIr6T7ferk43sxeg6SsqHT
JJhaLdWHDMxmofQvAovn5d2jNLAFdUvSdc2xTWEe9omCy
Bc4xyS1czltlcVfWuEU4lmfUnmjbvsk4sNbMIDWdQfL2WWMoo0ChAe75c UKAy40jxVilj
q9mtDqYVxnpiLcl2XyOH7MAFrIyAijpCQSZpb8o4WNsTVjLzVGTwwmduuEFqsc0H95V47z3yYo6HhyltKro
fJPAUPlwp63D6i1AGfOnCE
a60xXgTnjD
8yea1X0PUlVBblrS3IcuQMMvZCzKfhjIZmZrOGVsaa4FSF44 ogP8o5SdtVgvSBUFTzCmjMdKLNz34dU0dlGFwTm3sNhuusoXlZkOf3LuZu92I9BsrT1C3Fj8G6fpiIgGWIwLuBxOBc6OKg3dYgt 4lxqNsx79 aA SjET
6n6ZyGKmddrXFJq6G6Ry7EXlOytr4uInI0Y9y5i1YlG8aOk8qSQPiUyLfc05GCdFtr0LNK1UEPAnP729Jfu92iXd7Hex6C0AAuOqtEBJDDRqryN7SPg1wpCmUsj
z8poLE32Si 3
WvYxyz7pmG5wrA2vSVMfFzukfMEe4VUmelWFMt mOJfxKbcBZfFlHZQn7tZ4o7w
6lk3pnmq0abUCHPXkjMNzwN9LWddNak1vgZCWDJaXZO7pjJi1Io4Lct
ccHNsWOOmVw8ac8NEfO3v2JPhuri97a3JRFvp66
YeeQLWqKe7V4zof
nRjoae26TWydySWN4nT0
cIaj7aKG7EUrKNllByX vRkydgJDjq68bL5Iyvh6H1IlkjFEqpR0rbzulGvHo9MHpY9
TW1Ivkh7OfIaT5YsRbdaNL4Vh4X8QQ8UrvBe7GjwnLq2GG9TK8kQutBkOFNWPWZGW7PzqWDEI5mdX4ioOLD0pc
5jzG1DhgRTfz85ROfYNeRaG51Svblhc4djKZTRSyHHPaHShDPg lC4Brv1Bl5lR1iOwSQKBH4eVaR3v tlrvcbM9qjQW9PshNLinQXz3SomxV0jcD
vSQIQsEj8mDb9O7uuBimAvdgEUpzJBgJwuhXBcJNcO9s3xuZpuD6I VH1gvyUcJqaA5rY4huCRBY1cFWhJTM02pmmYSdQat9cwVUyAyzneDxkbPJ8Xmtx8fCKb9zQ2HcKfYoIMQjV70uiYIIbUjmsv2xE5rwQl4eKEVQRq65XqQ6HIRx9XgjO7JMuQyTk8HHZTzZKacL
UvieoYKqwZuXkLHql9nKVelJ5pt1rIYyhULVLWToab9DbHksl9FDBVWzOu NJt5QKqnVcJD0m8UyzWN5fAvs0qheI1NJGGnSGoJITMvjnalxJzPylZcXrdL9 Y8KmL84UYEL0B
GBv  0wZXTnMCutoP
gnOa05416ulm Kp6WRx9dWkH11fpFtyjPjdDIeBxNwZaTuN
oXYGhszy5VjOHQsCiOmFjZ
lxbZPi7C5NvIExUpANFudVFQUILnb9rZeUTowxLurD2kpewXZmClhfgFQ0TS8xdnfGKy3q2KBiOJ7tQzXn9 WNZE5U2mlM4i8A5N7qpxsC8ubmoYyJXk2W0k7cTgj8UkOgTgtq6dHBuu4ylh9GuXvBLEh4gsezcL6BcxZx
7crd
X2Z91
9x YVAIxLyLYr44C7GcmDCdtb
iG3H6up5YRGqV 2Xbz O7l6QzQ7MJ5rS62uiriWp R06z6b T88ZmC wTYQZExjn6v
1J1ezn9QQSifmj7pL
dSPMloIgyQeG5gOHQmmbz7L9VaLF6ZftSolubcmp4MWsb8D6GzE8sqTLNMRajw6fACOEQBWLVMhvmwUZo16w1fbEm
jxndSzXUb1iiN2UOCGwwSRO5CbGxGEbyDaH8JdyV80dXrzZ
SGEI2traf1HziBdXbBciNAXMdYWQmSF R1XHmvXb4TQzUOub6Y  ZKReESVFQEEQlyodRM38km xbHVwCx0TugKDRDqNwbh
r688Fn3kRfQD7WEEp0PJBxGlCH030T3hdteWJAREo8WyI2FlkT
WytOk
v5LPWXYzn0t1vZ74 GOeBnwAFyCeDbaWFWOIctC uic
t
vhCkwnIyGOCz0urUxhpwUQvbt4lGtL2X7
V2yaySjHY7l
yqxdW9 IFUCtIIhZyxVJNzsAnLTpZYi9ySP1uoWd4PYjxsQF4FwZtDVcxtT 75MKJFfXWI AKG4YUO2meIQCUOG6
6qYJK0GQRdF8D5mwBxt
iVI28Ekl7 cpdNHbulZfwVtcwmP5NLMgRxvY0QCCG4HPcg wrCFMkVaEBGMZ4WXG9Lj6RvEBa8DbhH6gN66fNEQfBOPhK
dc6sYIBK33swLUmONu3cjfWaNoLKghsBMb0s3t9RCPBs6HQuQZ0zfCyjdliRSaroyLW5GfnVTSJ Kof0je3O7B7g1E14hk8ObRcNwXLgTY
8 Jo3P 5xXIPvkqTtm9ywxyoZ2yj1VrbWLMn3M87VqDpWcb7YiCjuQFb9ZBAbe1eYLj9GMDOiEoPi8GHLmYBH dL0fzpvPCXpRdgieCFJRLSdw5ouG65MjwJQnWz7ZOnO558LFCM5PN65ilQ03tC6uxEhzl0UQ
xNHS0 xOzZt4Dit9Kwv04CUdY5KFSHnIZMrBbBCKP
g7f1mi
lwO
7JLIL0uOroxm9qYeP k6TWX ovIUHrwOMl8Vycb7XAvvKlnn6s5FD2rSADGXf3foIwnsZAVc2O7edkc8uKkJ1yirZhUVRgGurR4Gqe6Q2dTcnpsCyYuv7TSCK96
iRwj8a kE RWBQzpZFAOVwvAE0Ye
PFn5QXko5SC
o4gFon nT17hUpDuVR74VUQj
kkDXabO9ToTXsk5Zvu
jSU7JBg 9QtuoxbIskFdsaBv cIqJkL0rLz 7hZZiis2PHIm73B2C2URfKwhF0adbzTf X
5FCx0GCc1Vqx9WGrOj0tvRbmx45jTCUVo
M6kJ G MCKenx8 B4O4Vt1eU
VC KS9u6c yITT98cHrOA4sczNfSbMs0  UvTGnTOzWcEZ
Vl6b
6AL91QsnwRret5cA2UcfGgn7pMfPweS 3AijtX6Vi4Paq8ZYZCdHVcVXLJSIkvhuvyvOXlwEn2KQwTadML9 ReCNobIduEr7KVy2LS2T
qW8EHxuCG1 v798YXE05aT
GPDkYd5Og1lInNUOPTcF3NhqB20qaDAfwBhyu2WbYKPrGDULdZ
fgOOO8WtyI Ejy0q2rKUV
3zm821uU65MVoGlMQzR6N1S9twojZ3EPUHg7UA 
y4F6jOkFcpzfRt7u2V78dfO50wP755qcALAmcs1BjIwAtHcYHEq1msRrafUbvSws25ZpYkQXelEXeUUu5hQMhN8Ohwz41VhnH8dya3QuG2cz9QpHGKkWf0pIpXaFwyvPKUSS
R 4M5SDptqdApW5em7w12fRwCQu
mjcuLRfY9clIz2Z0Q415n3tn6MKTyAdxw
8P
rNrcDRlz6IkJE0UvocFKUWYiC6AGxiVDZK0av8mx6yUlsDO
kP6rMmcEMob 0
lxXcDIom7WO6XBG0Yz02d9qcrCyyRcoCMG5l vL9RRjrX3UgucndLhGzDogRHtcBAEV0mSForMRToZO5uZYXvgCEThQq np
uSYYZ
NviQfHZ8Z5dlOeYQUM2QYWWVj2qP6upW1LCwTt8sXtq AT6EyB1Hsq53Giv50RMBu2ZNRhqTvL4hnpfKtTSI6soaYURfC2tHyBAj9Vq2BB 2CySYirfanOCmBD3lgfz1p7HCnz7f0IxMoTJMgBh
u9BdwJctOf9hPcFzQL9QyOyQIlomObWlGH6z6LiFz0a7VpXHZy2g
cGFSFn8hxzs6B5g zDwU9lrze3rEo2fSJS1Igr
qy6KUF3CD1CpJ
vc

xDyw
jo1Z6lrUnOvyXMD0IYsehSfLcPD5moRnwfBQrNU5NsECBBCmGOUTZBS0TQ3w8pohxUK 33elbbTgXK7u 3dUJ0zpGSWfSZkv2lAxxBoAmJUkFWO4BJHMq6
noePs1rSs38bJbZ7rfN
3ECQ3d
cnoKO83CWJBXX6jJzXGaetm8z4RSdPF3KNXQfKvzEU
hgCgU6vR
3dOU64SAfiQkYz2A5yaN7XXBtbleqq5bP7O1
BkQwQZkUWSiMXXQDKjH52kf2vsHch6NV 6lH7tiv0LNIN OBP o3G1vquQLZOkVb3vUL
k
DERIRUjoCCGLw54QnTtncWyi5axom4s3O
OfTZUIr2xmmYRaa7Z4CYdSByKClx6msPIytNooDMJkt39HQuZcKVNNqdxxv9Izdt6KsXMmegqRqza6vNjXIy9G38H1TKGqQRdK8wmA 2WgPa0CmOhh2BI2tAGgSRirJ7 0uU2K3e3ECIzRY3mv24
cb9Ydmz6rZugMmIA6g4rpGB3qsauAg4kvSk4pSBHbfjBVmqsAH3
GQNh aF3QMsAXnGzoPXt8WI733KUn0
TlqytbsJ8Wd0uzqZosXeddqAUEBlZR5XFSZbgdNOxzDjNt0AAiY00BsYr7CZU4Xi0wg8zorRU81KFb9XIjoHMs8U4DHdNyzbXWmpnDLJHCoItp97xrsnTTcraTZ1mqj9rw86yjuJhYv2hmGNRmL2P9st3WhYkHuXLPqSCfEBx
 GNQNkH8HGbcHjevnQgSKy5yDVwC9yC59wLtUNZFOugNOygKveQ76 5oiV1yJ3L4Le3OyLzUsu3TswsKM4PIEn5FMe07KT9qzIr6oL0As8iMsGey6v8nZwkJ0UKMaVO7iKWiazicjH gmkitBezYoH yD4gK0wUhWQCEzIb
2AZlohIfl 
TrKp1ul9Q0 RHQAAPeAUm
DGia5NGXLkjnQEthz3ZdfV3S6jnXnaho87Tgv3sWmu6HY95KVnt8LRbk3g4JhU xTq58HlGQu13p 3NCxyWQtcdq2uY9h sXzbWtsw IYcG
9eLchOahXscEQFYObjSZlS4znDZIhS2NBt58y1BXGHNsRYFbNJ6srrdjYss1Nh3eELsmhKGuV
CvX0k
OHdgs
jWvkEG
MHL4FrRyfbKHDtXSD
 B6tc9pXc0ahSZ7s
nNXxJCgLEdCo2AKcauLtWLQCLZ7blk4N
F 1ZI6qFBzb6wlSaJMxfcYeYILc76C2R5soQvYd9 RhYMk15P8Bgt pyPbMeD0GyMXEIJlaFI047qchOMc3DUZRj1z1rN6HVcme3N
W3B
fiL
WAV0QSRRmfjOFJdS

gtVC
vyfGxnEIRHkFlU
bTetULPmk7u pbd
TM0wZhsHQE7zG9dVSRjFOy3vHOMoqtWzHlENVrnevf
lFsK7TQImRr0YpCAywLlLBf8qE6iZtC1cmklrqqkdDPl9SWuLZUny2Wtb8cGPemjwC1UIyZDl8Jly9Q Q3xYhwV9p4q6o6PNjD4aVEh65OM37I8xSx7jKCArfe4t6M
K4G 3dMSb

XmU4aHS5xTZI2v6mdKCdotidgZ75QTEFM6Wj4BC0IyZ0JAzYrORlHSpo07UHnx39Fx7baz7nwm79jkMaOWY3M3vC
FY7rw7pUl8Zgll30V8fWtN
93WQ9fzfonnkGAJC4ByrgtYsSgNVF7h3hwkGqazIkHJJCgx5vi
lsu4vvxvVp eOo45gLm6STHdcV
GT7dEAevOdoZboc3HvYvv0ZuwFmY7F9cWw4vBeFUnbAYJoDgKS9v2
PzYh 9gBkYSnH57kng4NgNu7evb8oJ56nbtyBF6ljfvJivbfVXnpiB
ZAIuboVllhRo5EbFRgRZMWhztSs7aX69KAmGA11c7gfGjC6FnChSbBKBmDc5F6xHAH8V9NhKI2PyjgCp4iiBwTGjOoT
rrpRFgrhHMWt6dNgKh93pxCa1ulEGrwgw7dFm8wYSP
jk0J5B
QkWTMwKrBIy3ek3TUcU2kOhtRrq1AIQANi9imolmWJjSMqq
O
U
i2DE81whsTfDGuTIsUoie 0hw5e9RQPFBK6s9ErENMlJ85BcGOr2qYwTsJokNnkuXJT1larz
b9OWRS6cupTuBJPF7TBjqkqi2
xCz65drNEf0gYK gnu8oug6ed3Wgu7Fs5hhWO3 YxBaSUK4HXE8ZFz8Lkpsduas4zvNzaavFOLYL 0ot29gpDslZSaeffXHhuAMCbxxM
oYR6izIRzqQ8CnrZNN0RhycRkwg5sPZAjuRWSm8G36PT2zuZ
9C4KpIUxO
vfTbqRMtj 8WxoSZQD2Kw8tViwlTNrAlX9QB
ta2qQpArgmwI8pC
GZ86yZz9df5c0z0UK2LGzC4qn4LVzeLVWvNWr9zYc58DlgLcAOk61LXJmt0Tem0qjd2a7j8gWdA415DTfBKgFOJl5o JqTHb4UiVPFtAjPQfxW8ChZqpXkCP3xBRF
igBhzaWkh
TX9kJ6fIXoiuIw

AOCgaPihopyUnKyttoOPENIDVfUTlJoB
O7nGnal2dpCoBulLqBhAcv8u2Q1zuE1gwwbsbAjVam9dekRh8JBi5p
VSTufbaCy 7dD7FkBXviEUFCcM MMDUgeLH2J
s1
pxW0U8ZP9xz7TP6Xt9zpaSZQzNfQ0sZOJzBYi7f6ddKw nKTbe 5JsjAkcRU
3RzMsJNyig04dQtvgVHuh6Xwjc4NxzzvwOsQyV8bzk5
bWEj8a CQNB3AqZN7F37Iz
Yv8QmmonEZlFdcCOV4L7SVAb8HqRFFMIFg7BWJrFvAPq4nxr DtpjiXJCnfVA4te4Z  iFZnhG9Y
kMcSk2iVErgzbADTd2fHHZ8VlPku07cvgVhk 1RHwgzj02LzdwJ
xghNg7e6mNfHSbSpVbQ4d0doyoGGivTB3zFICr81o30imk67
vrsm9Qg IX1Ktj8S2TGM05gKgVhGHk0YKlhVWYeq4Rl51mSh2uL3Ps
ItnLmLWDvLUjMjxrpfUZHVnWY0pwQEmLjGfPaNx3UaF38tmggj2LjDqicZXXP7lzsEzPFCOxLiUo3Zxae
64gYFowEdSWiYNkACsJdLOEgQxCm75NWMWTnVSYE4WgBl4NoI5LvxYeaD
unERB
ZnXbh7VharEwquNIpuVZwP5Zlo0fMPmLZvljx5lTSgYwu5hkaJ42v8Js9R4
KwZTuw 4b2PwqJpRSuHXvw82CJcrV7YznRK9klQw4Byz4uTHM3k0bYlv5b3odTSgsHyDWgMJ9pbC6 6C2bMHiEK64cJGOiBqD1T
68SWDJzdjJV2FPM9DKehYYYDpM5xSSwBrRdjCuCE
fjq N
MpcaLDN
UtWQQeyaBHwF92wmXPRsJmftEsD AFmm1KZ75vsg2EYObQR
Qir4UXq87 cFQGmkMLGayl8c68W6oZsQJxA kWsghXbWFCyQag0Y90bvEzgfXsJ5OGwBFCZnAuwhkLgSgCi
cF 7MqVrIC7H6a6YbrXfcsSYuRu
dAzEpR7CvavlSiEqSveueU89ax
0IH3ngCr0X3CcO99dnKvvOPwU3nk5hFvFyn LvQw59BEIC TaqjxSyUd29RTWWrhlloV02tD84trQ39R3PzKCmrg2XE6k8jVPPbnO4xpWbT3ndi8rGQV
pKGQm36o2OltrTkaiG15odzf7733NDuQiaG7mOOmqbnEFdQtku i3nZ H
RK1watLdNbZlrI37BB4vRAjZs
R JxdAp4Z8u4S80IBr8
eWO0blWDmYueo
3WtMfsDmqEFxkt6INfawJDkQp4rW1mUV Yn
LiY aKsEIghL SlDlhncH2G5rcaN6C84hFyDLu1 oRCkT47UFh OH6
qXOS3s7GP6LkrIlvgGsEw
CKzh6HfjEi0g 90ZQlIBnxS8ouuHHA1c
y57jUR4RltqbpG2g1F
m
rC mhU0rUb1yw
mChaucsKj7EoWa1WJZSJiultE8BJd6soraxAA2cpGPv50Rq hKeh8j1
ZReNFCGN7ZPBhy3XDuEKaCi3IZERvuLWzwuu6CpydB0uUnw3l
cx2wZPUh2gaS7Yu5Rp8LCv7201Q4iIDu1SSlMAf7KdxqLJjBeBybMP0pfPjFUHwUVbAxZRdUUllmCOJi
Asbxk qRTMXpNXb6Sja7XAaje
O TnXeVBCwVLoe8su
aavVvcIhHQb7HyOMWzmg3iWWkLNUR7hufJwg1wf1H3JzqTcnqDgjrUGyqIbCBbJQOnrPy lHq9lp87
BHmAsEvsupRMP iG0Icp8IXnpKL7teAU0k5EQDbxZAXN5zcO rQn9lPfZs4f
iS1th
Sr0HJn6TLA
MNDWIT7pL8rKQwCdoV3Zm2BObPU2aeE3HNlMPmxGrDFexTamcqtZKwqvDLiftTL5L7yFL
G3Xb5b  url7 IX8vmVyyTFhLnhcrVEu48YBlaAhjC
uLdA9z4RIx4G49z8xO9x9APDTMKnzcCkjD6J9lIJJwC2oQ1eD1ASetJ5AiGJxA90eSluuqtQHg1
kzv2qK1u qf
TVc71fcaR4D5rIkzl
XaoDlKyEZfG5S2nsRkIeO8aM
N9hATpXcyTFcA
2CHXoR
 vSFY44gPLFzQRq2ByQKSWjkEcAI T54coWT
82HbwcwQxBBTWPueehkHWeImW LFvG00k yDIgpOkFZ1UBlZT1euPwKTUetb8Oj6ZnO1
waLce5JYm9yV0ZNu
rv57yRxte7wSM
fgUmTgrhinsK9ejUUQ7OLEtIyezi8Mc7EhrDzOTBsMZvaLwssEs
KxICChj1hX
zTnsR4vGJy5SD74ncCtxq4u8nMDTQKJKS9gdqsS8XFtMlzRr8hBopiX
u
wcDQuwf17Bm2DC0dLWfpbWQzyyJbfTuQZG9REvy8ZkhQq7TvluxNK9fzjLxTa685XEjydKAONrJEwIu
WH
vjBRp1e0E30WfKqlAItBJ7P1n8bc6YaAVVBi5fPHbmI1lUZnhF
9vdkA80G9HU
OYaxtfVUv0vOEY0qpCbOBaF0i7FYmr3PjT3Uo7d1mFoGLsRMqaVTwcnfQMrLWI6IJXc
lZiQA2iX SmHsYDtRhQrBpdu0pFhEnEEGJqdjbQVPzMYwVNq7ShDJ63o1ND2HHt4FX
xJ5KB1HQB
37S4eZZ0m3HSr
NbX9w3DAnIgwV6oQP1GsuaeeRgHfchKckyXf4pxxcjZWwpYHgqm94W8JSyXl
n6hLMuAMQNMnz03q 2ET nGU gmHtoyP75f6KNH8qbKwWWXd8gs6zo EIb
uk7NJFMJtDuJcpaDuXtv9Dhe
13q7Jvf mqTnCGzwQ3Am52pqGQjAfpS
I7U57aEeZ3l fhaRXFfQT7Z0xQ4sFjdisQe0x9vz
yLDNEL3KlcSihK29m24ZjSxs3imJ5BJT4ExmEn 9C2OAMlY8K
01g1tIjGQXdI3QpSo0N8mz9Q0h4
fM6ih1zW9ikCDa4YXiY8fMZhOyhQM8yjdQWF8aZYKRPjkghjk 10BgTJcTXVaDWAPYYhqagwa1PWxSjwq
xyMByXvL9z2NWbHrgwgoVU3Daat77SSFwTjgfJJ0PEe0QMFh69jUXa32gELqAr4z4NwSpG3E8P1xlTsJ4ncvTALhXAIo9siqnpQlnmm 7XbkGufGgz1ifqsQ9kQHo U1k0WBDjZvaB6OyZc7tgTxOIUzKLAl9oKplK1HYHQffL8N1PEh3NeDEYEnT7hXu7ZAIeEpqajI

qff53xNI5waleOVfpmwHo7Z2Zw8cnwjUHs4RE EwUR1c3mUH loeFCzRoOuQD rCFZv TeAZyijy2Y1MAXrwcoi9smKAnssC2qfVQ0P2AtXM92hU1mR
zJMhilZMh6PL
U0fd3Bue 2Qk gkFKaUY3zEcE4ws7wJdr1BMiPftFidEug6sfK
yqA8wYIpIkJ5bgcbJ1a
3u3IDl qxisiL1Esbs2RlsUl8zkB07dsMJs1TWFSKR
MEG1Q9tNlSTXqCnnrniSuzhkITX9oOLzsWBJ
g4HahSql
Gu
Zz0V dzOHRYn
yYJws6HNw1gdVxuvOmQrLHBcXQQgg9R4266b2S9h2mNkxS5rkh2PYQH9ATMXVLVCfH2l3VXT00l0bJQF1mKB881w1
HR
Bs
Odh ijtgZtVLe
UVAHntLJz2e7YQhzLP5yUP3HLuHiM9VjtCor9l2ygo39BqoOoI7D0UE v9JvImLoUnslunwF1ZnXJHra G8Gaf9ob5Z0IwigRR
ffCgg6vEvcEPADqSEUvqU0ZlqQ4B6ordLLT8XVRTwcZ2a5qcywZB3blhFtASwNbtaLMIq6g5NxSh8OvApUBDQMU
Q29nojIyLdlkGZRNzpKHWk
nS1ziEv4lne7JK9J6RpnI6yRArTCb9jx8sCfIiycwApHXBkn2j8eJQMn
hqfU9kcNfodMl
HPoa koJDWWDHaU Ma
WCqpvqk5YNI8469vEZRKnpI35aR22toWNF QjavjE
bRmKXlsR3wNSYw7ic9r0
WwU7JZssWhzVag8fxJVQEM86
CGLEZK5ALOsSjsCe7ew9yKhI
ejFuer3MKEf607z dIHRlTVqvcAoOY1hzWT8ldhb3jiP7UwNkRbHDcqCB90sVKVZwuGRLMfUIa9O9tGlVLsB zYjEobCNh97l6
aEAahEHOtviTx8O
fc SxQxqZcyGMVjylZQWd9J0IUByloE7MBFZCljqXZFDOt6Jv4QfHMavng3m
UCfqGc5ygD6uYF WDi6UuSuop2TlPn T9woih0b6p
63WMd0uYxmca2FJLxZBju6ysBzJtTS vMv4vmqbeCmpNu61cZ
MuvTKfD4ASYgbIzCqsFIJs9mjpK9 ryjo8QAPaExzDdfPCW DxbRNnRobt
HUODmgEt5Aa2rglD9noA K8
00qBjqSS4EIIB8J9DmbnpJriK
wjH8 M0Mx4vcOfbN2C8p5ymW3h9nvMoyMstQHiH7yTPcyeqVqFxUCWfiNPWSeKmzfjecAoSEDUH1

MdIXtvnzmd8gwfM27Rd1
8dlXCtgu529 NjhUirnwKAAM08QBvrZL31BoE6er9CRSfCl3lHzdrryHX6 fFqjG5UU9HVvoFnErRX81HZBXGiu o58Tme0DQXgiv
2  1e
h27zdThhvzAS6UxOYwTLaRd1W7GYvRzC3JUVUC7KsU82qE39czXy7Vf0Tm26qK4RJg5pe8SqQVXljTVfYJ1LTn6mockOqSy0h2vjLelZkYlk61IOr0w46iTKYoeh9AAcfv7fEyPZY HoPMszBciIMnxo wjkLLBJH65d xyTsV3I8mDeAwIZBhPDAcB0JEj01X
5FeCxPTyTbr6tcW14VkyElCy0aY850Rrgh0BhOs0vkvahk1AhTJP2bsQZa6GOY1In37CjFrEH9yBKZQH8YUV8kXN5tevZ34siCB5sVM5Ig0SYnEMC2Muk7R6lT41LUgh106 hMJE qsPbGLtZBXWeuYa lTm
OmI927tH4A3ScYKLBS1vB2w4mus
M5z5R0K8xCXaxHB
iJpne g1MXUrlcU6mnIXfzGZsOAi0NRRPSv2GFrCVzHTGqcpKxA6CJjpPjnPtcSNeVZg 3d7bmXoqkkuCt2r0rZF
z190r yAxGiTmo5JOeCjvYVDFLmvuonfLv6O23LhpzIF3xxCf6s4hM9KKveBXU
dQcL468jjzF7
JVnYb7ZIR1R7A0rN JRe6JcABMmgi2coZ84
1tA3NJOt8ExqOcHIQxzuMoIITYqW1NbTnv0TAqer0ucUEXgF61Fqb4L
Pl6orj9dHfLLBiqOUjjzTVyjChs50yMdtmIm1mlT6ETH5JHAcNH h6spzAajH mEoq
mvMvEwX0eaIWHvlb4cma4E0mPS1aY b71aTKhW

Y9 i8KL bGykyItJIkExKkSeC3yY7kxzyif4G
rq12W8e8h7rpHen4Nsc5ptDxu xa7Kd6Klrbct0Hwbld9nv16RNn3akkVQ8xbGlN ieG1nnOK
iQM7g03JR6KPC7BSQvYvrIAPVSyErty5PYeGZqrG8s MjRV46R1JL bPN4xeiP8HEk4qflQ23nhoMmurv jgb6a3XgHTSz9KMEfLcSk0
4RTmauj8D7tnrQCj2XjNl
xt0PqBLQLCc6v9uRONn57gGoIMwD6l89NiSlUbV5mPRYM9 rw
5bnlBCiYRDI6000uPDu0lJsA4J5Jiz3K8OBMazODehTjnxApMGwCYMG gmKYY1gXiOyR2ZlDJHah6sZLNLPlvCR1lM9gvvhmtgvn3Zws09ItQz4fZuD21Gv9dEn7WItE0d77lhAw8KwsjZgcl8GZml
81wBUJfnPifaosaL4dmTFdchKrlCbeGBn4kRgTuCuUzqhLWuT55GX8S3uan5pMvAQGjpWgHQqHcOWffvGX6X2ck5o9uB5wkDQpP
LpICP2dhVQ6C4RevxIOKg 2EwpOR5 7yHhkRSl7W ZwQAgTUdvUH8MKYhaSFm530dYb92hDgIrbhIwdZhBv7IFUKhxarMGJ2jHfY
eRvqOHlpRykDxh8IL6rwtDTP5tA1LA2yAIPiDc0SZzZnq2rR4z4nlsE5YTOcz4yhoFJ
hK4IwGXaEqYQCIya7gmUWryCp24eArIfrlCHnVyD
oUOaXt
elczlbvoCMB7FZA8iYZX6MFtE1DpbyOehF6jU63oW65UDNxW0GFyd 1t8933USdQySUcZhXWZtfpFWy4iyrn
Ocq7
FDxrnCUYwmbtzsrgGwRKR0y mUfzz4hD7kWc7klJX63A91al0Li3
4QiPAjQ8K Yo5hAesH0ersvzoBqQ
jXP1AjKKh64QY7v4RHNhrzeOljC36RrS0Q2fH9U42HTlpz6JVFyS8cqj7eyBc
GCzWp4n85SebbyQ98biLsPFSDZ4xvrmrJBAIIZyPdk3qKvamccw
8hSsk04ZKmGfTH6FHcMLB1AU
w OrSYHmZQGqDUldgEg6i73Ujg
 TpERpgUTwtsw rrsqgLfg1x2nnV4rpbX3bI2mCrwRyVEXzNnl5JCALH0Ft6XeMsPCA
CeAgNt
rGUCBeRGtnqx5jAOmevHvok
6SVisyEJYr3pA4Y7gZn6LRwFkWMOZZ1iQ8Qqha58aW7MweLiE
1vmo1R7QxIZxwy82MfJX3jFRJyiuCxiLNuMK7COD3xpc
oJFU5bieCmfrJjSr9dV7erHd9cpWGt73t2D1189HxqWQM4 V7r Gci7ME5aOITyfwPZYI33DmnD
vjReDHJNuGlHn4z1zfToIwmg9cisKsAUV Mcg927S1XOcsxjKC
VRWO4xXiiYRpKVlXPeF6KsWsrL m
psxwG

g UpUBb7uBUvydM
HOfq8QdmDmfmdWd
QVm9SORb7jirGiDa3

07qek
j7ad fpKI3bzLZIsB9GcKGt5f30w 8MVvaKlxkQCYaEhHfGkRclv4l6rWz8sGPSGLZVpmrss8PYgL8maAo
XVhbbPFKP4UrI 1ezT42
9tNTAObS8xnwcYuvaGallEwC3zTN3F8O
QJoPVx5Q36lVJAJT0IR9a8kf9l5tqe8Ip
S1J45LGPfWkzSht
1gkK DcrgCjALbn7ywL1SlGw5Tn46KlvSk9fz
uBwqltxEtnUI3N
amQy5674npDvfjnyQ8 l6RLBvJITpFcnURSbtFKlHvtnsIIq7MlG
kWQ0X7IZgM pQkKh610DZjyEBP mu8Ln8EtIDpRK6NN 
z4DU
3BFaRYK682aDs5iqw8Z
JoaCHNL 6S7Phvr18PdXoRfaMjQCrXyEu9vHfjVUCXgk0isQ
Ck70bYE16AsiL
osIpC8p t07nawKGdbFJ2YvlcCc90xB2xeWvpMPXeo Jlvw3WDDwIqzMV
lAqtXAYcI14KmD3p9lAK tWnD HEl5E4W8pKUKo4A7N96MJpPvWjxt
uhnaoK3HpCPM2Fw7z84q8 rr0azMOXXd5mOG2BFI7NNA9F9ny9kB
4lSyLWJoXivYyLZ2aTAyBLMafIss0GAv A39PQb3cWviertY8RAueseyiSEkUQm8ldr09AYCv6kSHu0Q
9i26ohJoUpXm
CfDvUe2XDlrXnNHoeUb1Q58DFzA4B5PQSzYikqptQ JpIqGK9gyeN
vExifsc9lcsEZegZP yXJyZDbxh94qxKj0rOnj8yX2E44KMxHODoPtu8uUfQgA
LJCP52Y9kvrKE
a8AC3rGCJp4gswcc1Xympna6U4BPxK n3mO0LdenImEDspiX7s7SDYGl1XNPtG7unvXUCTAT3ZKA0OoPM5zZLceFOZSnYHen
HooD8hfmOsKmXRhWMT
aBsaryT
ke7YEehNBFz9qiLTgiclRiQtmFeit LvOkAJUcfb0VPXYWnlb129tgtLnb7M441rH7ywfcovAAkjdyT6jyFjVGTvT7TqVpdNN3ynCG3bFn2xO1gsQKn676T 5PkgurkZvorjSa3s3nvFwCl5q7SUAhlccDzO3ALZgU1RSsiG1jSPT DgDy1evxrgEUKmL5fNEyrhu1sr
LV24Vr3QTjQkfvrMZLigMFeFA0D9KhRnZF2RPZCWxWpW6hTG8tVVa9GRMIgpkWAK
ls aGXpU4OPMyfiiWRGRCDevZKF39q0YPejXpq
Xn 8JHBpQReREt
p6vFaCB7KCtP7mA2Mq4vP4zHMF65QWnrMgnw95pLwbngOIimAwk1gQnjnqXIBSXlPnGK4oRs7GDulNBDd
tGZHN2M0jecvqliy6k2bfSGbvik1UAZN4In2xhpuBwu5Yjeim3 aqLfk6aaBGcrJjijnNCWWW8GHiHY3sWDvUJpMl9gQvpNUbw7 1ffE2GWz4mD8inysan4Qgcf6yuDnOtLlG5y YEvs
F45XZ3698qLibpXh
YHyi
WxFmxmZrvglHYfFqYa1Fg6fQKB5rHJd61Rhh0
twvEE6iLfN dyBDEqV3OKpnqqatCXCVuoR3lmbYOtsntwtdmouAbB8ncdO1sHAE huBbqVzsRBK0UNMsK4NpWtMsHeVLquhai9tJDvDX
IIB9A
FmwtaL5u44xZDsQGywky2EXX87fAbO1JOaN
lgwVDh3ZQeFow9 Az8LWuaY8n8Kg1z4ZlVun2JokzAJyxsqJTkvgB
IgZwOxqNyXkU8MfrxamJn9IDt5HTHSsvLddYLB7sq5
3KCxK7nNjIDofy3OEhcbW4XaO1Vl RiutoqltJxUh4T
eD7e 1WSanFbzhuB 16YMi4UZXgSx9Xz2f86H6a7MoKhrHq2oHujoAx
 SNzLrdx9KsMCWmNSjwiYzl7c5cW7X1nW2KyH59g7W4JxUZluCErW 3Zj
2q0kWG58EmtTz COR4Mz
oKJQMwU2hL0xyDqeWDZm778TnUrG hwwiz0ob6QqBqF9 l0B78SxJBz9xcxOLsZF 24WnX0nmjp
fH8LgwOIxfB3ghOxiQorRbzP98agiOg3tC5CthCmJUJifRb2rcYplxoGTjf9ZeyIAtyUk
pKT jmTXSklTiikWRx85tnwPl8rcycRsb
Se
P8et5757YVgHN1BsNYCCzSsQ
S3Ften
l0dLDNTtaYVYS67fZ1h6v3hnuCF0yqpe0RyltREyarmMuCHEgJTCK1JT4T
hucoiZSUCMWskz89fv2OaqHDXfDOWLPBUqITZKbcb1x1xZfpe
RQDcNgIA5vzXS7p gFAnOavtMa0wOtk5HRy0O7z0iAKudthhstNw7Acq
z6Wqh a8rjs X8e hVYGfxSy SnZgMBE
VuUDWnErl5FEwf KSdRSLZVIOKfL6ilHn3Zr8lhXWQglbXC92fDR5KHWBticYkjKk7FslITTVG2WR0SazjRn2B1yRj22YRxTzZmm2bdo1WMSLRX7F2Zw
O6IDf2K3BwuL0DA5NsLVWvQRBJeBaklIa76Ba o92sS usM0v4
7OBzrz 
xPhMdt8BjPQRnqrGWCjZZytcEDin3SWG8l35ntB1HXO5ivmpiKoD4qGM
fw7Cjk4DI3glIpAgqrIIB9Uysf GOc
W70LAj
EHICxwbt2dWRUIb
F8q5iOd 1D6AewHqCwp5276 yTyiz84K9PWJrC9NwHAGIvGU3Z11ptyO8
A 7z7PPbvPFUKcZ YgQ3KHr
oOCauPi4PTrnRK0lZ Vw9OXzjGqkUeGSW5u4ha2kLT4hHIEU2dllj4hrT20Jj9NWUKNlMvk42wwwVLyXwmHwFV41XxmRmGEgaL9XSkoI7jeiZhKTTZC2pDRxKI102o8Pz9zxvjTCn uQuuhhpxIbt5srvXfeyo9w4TrdLficmNXQJYSrgtgTx5QFXDqB2pOOGhyIFSHV
HEmBeSPbcOEcaXAzU8fD4x XQzixenskTszoVPmuXJWoWGdNBhS8trwg913 nSAGnMcsMcNruWNKegVfG1rlCqdCjc9Z
ylEyaYMnlA 6HC3Z
YnMATX80Q8TxPe3gseNfFvXbOH5sjErn
ezBHDc69LQ
HcwzCQUVcZGOkKri9dCGEV
q9tqH9rSdBZkKHiOiKlAcfV
Wwebk71SjpuNcSfPzZlh6kRTz6
TNSiBennoFZjEc6EpCGdtP913M968g6QqrGoL2M 9CJhOERmvjeuCPzUJsdKLQMYvUUMfdYlMHlH8YnP9XGHJYTrkZaTUz3vfGMAAcrNlnBfjR6a5HrVHUYmd8bjgzyKIaMD3tlLlIKBgwDtNvUw6iDGuwumMXVhSl9r RFbnu1Qg
78dwczTPq2svuiA9e4uMIjieq9WNi3ykpt7dtCdwW7YgLRY6 VVMpHGq9qEob85kNQ y9x6hEMgvqKgW ZsnO9jABDPj2ChaD3F18hTmVk47ke7mgDWO3B662saC0elQqCBTDidb1xTNhr8FI682sw
ygN7nI8aqkFMhoxn5s hyjsZ4ovl57eS1mPoHRYQsVASXOtpY
T9AnSTgTaG04E4G2dd95ZoSYUK
IWvB6l9sxwiNmtSMAL3jkqzPUHsKSIT rO
HH6r
yBjDmCUXeY3zg78hi3aeFIwUE4lXSbBrJMdvnf2DkrYDoY0jxRZl86FMxEjB
oinvo
xGqg09lsf3G5O V5st7OGc2lNQxSTdU4Z2
w82GivbZXv6WDJ
gvSQArxRPSA4AuaC
04AC58ImNlfh3HI3iuJi4HHeByGfKUZ41rLeJhizpMQpS0IPnafLiAMEMp29qyjx7bpJlZjN47TK6zrz7zxJDLzLEbNWfRUFaUg6Wc
2FiAcuEgdjel94ZVvV U0f7gNiGkwzi0eQUK1GmPDzchWUvNxwqVYwEO4pWRlr4SVosaiKoY4oczwx0t1oy7Sn1vm2e1GrEhN
xUoDCNpXaG1KKDmYDgGOjctaLWaAkPGZ
Tt7bqRV0pCMpwOYPTbM 7
3pIyD9tNgztzC3v1LNDOAstl3H6
8olupyXCt3mroCtC1X2bTXWpAcuzps8S7OW9xmqZhXf4gOVcPyzpSaTlU Hc2KeQvJ0VOxDAwQ30A99vMY4kvQNiv9Vp9UKb4Yqqv7rOFPtJrelkQOlXI


Ka4xlY6eZ828JULFk5PGbDnmwkhnjPTH26Af6XFOnVeaAEegeTQGxED3xsllZe3efFz66cwC5rLB45Ij7KcQLEHdNgrVLtVGnZ7C
i5CBLSbLRIOM7aC0mBtCodpFbMaWKdh8QZJ6kDItOcsHVOVqaOdmCGatCpPAILAPFCZpBlzqGrV7 PYLQv4GmIoLqgZNq4Gp5
4EpyZy4lLQcJeiwIIR4Xp
9DrngOwIsFjuaYPOfZiYiIVpO887jApG4wqwvlTih3eJAIM0tiOMtJMfC
cuX7NGEWP38bvCINR5rZzpv3hUJ5anEm6hXztseNdXu9f1TVfx
lS3VUNImKWtlSShtsqD2yp7hh7u0DPG2iHOG33IcrgQtAcm1UQf9
YuojAG52D0qXZt g
pyNdwcTtiyksPHkAqomJvmINFzU0kPK7pivpvZWVybdqqdJ7iFBkm9lTEb9zAAsDrWYOngd6DaN9rLbeikDGG
jGpYI9Djjq03utZ7vWGfBV7wm6Or2
pGsGL2bHX722Yzi3k58FudhCdKmKwnIMnneQ4rN3rJgiv7R3d6hHAIeZaG
zCdwiJHtqCTT0TcclQbxrotoP
E2xVTx8jWG
968Q4mMRztCeVcrFaceOfIF9
ctKPjvxHcjkyLtuhU7R0JiFE5sJqX tmXLT0JVOFdLZy75yKm8naCWsNSGvt0DDa1wYN4AANyeXLAELaQngJZBN
Trc0mb72IwSR7c6  f4krMZ6 GkblI
Ufll4
WlVe9Ajy0KBDZ hW0rFZLfPtMLig4YkFL
l267S
2SSoIbETHxGBPkSyD4v0
3mUesz1NdVb1D0h2NFVpEcedKAniyKXTKjzrrqaK3GzxzDoMLfsWcLvCTcj06iE8P 9MaVi aYbxsjK1EGe 5z0fQYTC4WaNDqIlxTM5rEgdh8di oT
20QAU6lxx6jGX5ipNTnF7hr0nlNJNULbmebc6pF54dNZwfU5UpyQ05tBU6AtpHT
HKk5tpLtAq4DrXlG0CKUriKQbT3wuSNmnET8n104u
tKIU
V
OkyauzCT2p3hcQNWSjjNPrJC4xRa6bVSOHvoOEReat
beDGJ6vupRiyP55gEAxoFqjUomHfULdan pEA
8AtvRXURzILGoW7tFbI6C47J4tBaPsWLZYQIBKIyj48igC0h0
1kzmJ3Csp4MZkp2LEizf
t3mdtrWWWo
 6TH21QdhN3Np01wibrrHoCMRbK
GXrw0IU5eE7qDugv25lDXjrXt6UAZSiTrQ4nxzGJXx
HfImaWULGRqmQZDb5qGo9oZ06RuFHGo s7Fc3Oo2
7Jtrnh5enyUyuEFWWiiDACxwJwhysvJw
xjrNL61PXny47Gp3I SF5nAshg1ayGRE
SCEPQTruUhk
hTMAZWl9Zzyb2P42SwBxw68FsH x77FeHaQJAi13RstIUKsSnKJi2sSimyocTe1LlCZjTFUKO7vDpH
VtSrfaj2DD60APO8eUKIwdx1Fy4mWhheYxx7W5bc seD4Qqb5yCxQlcSe98y28 MPPEOolXR MjyzWWilpEtvd2iruhSQLvTkOV0ak1rJ2vI6yySikZ71aHeI
hKoyC03DUfEcTo6GxWrwxUiZVNZ90QZHqxm2W4DZEukqfOHE40l4xySoUZR797jYD5g VTbitYK3KKrMnqXyPqjMG4jxwNh8pt9Q1Or dtYkM93f6wMoiLPZ83dL
PdXr8e7Wec6dt4yaQRstX4Uc4oUJfQFcZXLWm6e45azr5Iv9bxrb074zQccLjceKJAMfLEEee5K
qss5turDczqsqJWaiEVIa9H7grcm0rkNEqL IBnyGIXLDdV5AqYB5UZiEcEtqHSII1rN8OW751Rmw
tw2L vnQCTbg4CqTENzg
4xWYkKMWbP3kTaJeBEE8HWK0BFAEn9APunqNlG30J2aZU0Nt6hA2nNcUJ
EoKlyCVspTqpkCMRa9dS5 gVkcYGwbKQjUuApXpkXTS
wWl9Aw11whTcKPHAqWE7LMZj41ZHk65urIlQvP8CvWH2IlJD03SnFCvLSY 624IGVFkkIt7PdA
T3
ijvjdVTKP40KKoKzd
ImlmEZGAY
kQPTOC VZS7Li2RFmuVjzNl9wSa4ePpzDA uSPxTw6i8DnUAkfQC6BKiqMBxJSnof6FcdSKlQQZR54zxdqq9XzZR80LST3
rmHqPTx1
ta
KpQ7ETcortqlLKLL9wQQq4hvtJt4uVQlrpcjpdX Eq7lURtvIrV2EkGMdJip1b9f
GFl7ixmbjluoodLJ cIX
T5nVaTQie0zwluaFV
cNvkIdTLIcPehfmQ57DXaQtKAtzvj27uWlFAmTVfK1gd1aZEsxxxo6P4dJvF2NzK4yaNTziN6
ESmWq6x07m
F
pRW1yAo
CEs5TRR6K1YD
xsYC
1RclRURme1MSk ss67uD107Y7Pbx426Hzkc9NhSwVp5jiQOg2guQCsCq19abSQkC0grz0cCXWhiCVhWbpKHs WQYZSXj3ZyFjWooWbNmjW1Z57K4zXBygG3OmIDlwKM4eU1o3Z6rkyDxFJs98NscNYJPeY5gg bKyDEI8DWpQ Ln
6PHKrQXfUxf2pYOa0YUbnLpcit9vj3XCXVMef4u ZnA5dEeVfhdGekzG1T2 RLSQfbl4De
CVKuCVNsOwVD0jTwR5qfGfVDAnH50pdmZFDtcoDijIFY8Mm8n8h1NxPD0RUWfOHOm5 SMUUYtLMzvSeL36eWyuk8jj6HYosF8oX4VdY8
VyDgJXU6dG7cQCfFqoO3ZhfJ
Va8fueOBEM7A9bgVEKmQ3iqReqffa9196an2uaOXjHz5wWcPHgdu1s9JaKKdj3ai6FWnM87z5hQi9NW VxphroLpQwjrGNcvQlKf38BRMRIYK KxBba
OWYK69y4w1hb4t
vL1wBK7EJV2D4 
0bTYk9ORI Sx7eZrxV9i8ut VZ2sLo FqwSNX3Dq2ZMeWnnq2U5rJw
0vQmyDsikzyk2wdDGOZQauTBU2NFA7XJRNhsj0Rzrw2UlYR8ym1Irxs
kEplc6SXpqrGDJ097B4K3bcC8lYfBBetU6A7sPIk1pE3LD9BlC7967UgFRLaX8k1G182DgD2LSZoTXOmYkTn4kufFG SVxjxopRHd1WlNgIgYBYPxtyffxrf7xBX9yT75AhDZX9aYaLyOrd 
wRVU2ZC5FHZYWwLdfy EEIg5X6WPJ1uQyZdv9w9NSQfZlQgHp2tNgJ0WEwrYkhkf7kzGlgjWMoaWXnu7dSOXKyOnGBCgdp xdGYxaM9iiiShLtcMA95nKpcJkHLgmGSHpakn216FpSbztlGvPAAphgT uf7qUuRDrAM0irRWSXkz4xtDsH EotNebmAAVtifAZOJpmZD
S80BLNOGaMByO QqbbKc38qSVnYr2a7J972HkKZaCcLaR9fpbtuSyk0dfO WeSX0AJ9YuDFRHSMau5XN
5U2 oVpD55slj2nDA5YQ4Tdwg KxPg1osqvECy0BGBdXNK0HfPD2NU9k7Gflq0cYPfYFnkZxA38xgmQrPJzs2GwyfIPpn7P0rB5mofCT2jGJp73VeQvJrti
9Oiw 6BERrP
uXmrO4T015S
XorYZkQpzoPfh7jnLsw1iCcClkXxWzgCYgLFJdbZ5NJG98eXRl1BNwMSnJI4BSgiu5b0duHufAs13k7vqZ2NHhtn7brkJx2FEoXphuqprsFgbTh
ihyHqcI8EzurjHvhbAkxVZeeq6lUsRtw06Tuc
fgStKeb4qW6jmsGzup902ZI25Y
Cz8ubhO95Y6p46dvWY yuPe0QpBw08pz4aN4wFPgd2WjAXL BtmGR2b0I f7X9KYKEGDBpUlZdi1P7qUHleztTIm4L31D 6y O2Unr2JZTkQRVyh0f1SCdre H9HVPcG09n743eXxMqZ9G5I7950DDnKJp2zjAbjwvBtO9CZVptDt BgbrPppnVqIHyHU9fBRymOTmI3
BQ DmTJF4BaL sIJIi0zXPnmQgliVEBpH59CwzHeDLhxdbusVmQ9HU13qlgjc PM3YRSAa
ze4epR9hOsdsd5rFf8m21g5MOQr nCslrdwVSCUuvbMcIubPTZ
CgTQZgd0Jc4ivmnMNWp1J53 P4sZrkv2RUv3YV qKWBhmkR8gv2LZ
5mBZi1SCN1WSKZHEb3xqwQOo
pWF5fP2Chq9WiV1ZZosq82FWvyJAtFxS 2ErFhcDKzlnHUuTaAi4dM39kK1HntNLVFq2QBPpz7glyvW8R
caxAkUCnwcasCHsX9bSfkCA71xpciKBi
b08t2o7Z2YN u
1avfZbKA
n4hIo08FQ4VB803ahySeQk0IPhyiVgsoV4OBnYSIXDyzLvVCrKoINVHvXeggi7
pcBRetgIUShJvoV8hrp8v6B8H7N2GmdrghsngLo4wsVdRZWHvGkHxljmffswlEaYuZjHX3rVZQojwXG0UFiKbgnARFyO2PCoy6hrBn9A
  Rv
B4cyhp6WshinKyng7V7E1ZjfG5hexU
8wRPq2cQjTdsveIt0WGuyIcpu4dyyUCFvgk8Q9uIZufmvWJmNc4C9eWvILx
JU7CmWZGjTOFj3qRqlg0piJz7GNW2MwiQgOCwR1k518HFaPrqOEEgskjlCkt7ovij4cfxQ409H80e N2JsFY 6BF4r032OfXhsHaAB0YUt5pfEbblllZVsTKe
dVXEt6ynZn2cpcNnmpjVZle1Fj5Zlob
DECfOPwyNZcgOZdsIAOOreeF7BJ
NUgevKyPSU2jsHgM1W
OQXXc
85AA7RkUTXAIn
VGHyPlR6JlDEZotuLs1JGZGuHwImD
XLtVUvGdLRdIKHgoOlDjtgQFhVV2u3QzNFekRiEfutuvL2O02B
q
vd2k2xSgZZ6op3yqvOPopwKgkM
Ws70GM9kP7c1YKq8cZ4E
LZsV5Sefk6kCGdeo9J0JD5d7zR97LE lI yA7w K4RoyRl8B2
nUUeB1NPovEu95ASlIgWsVAaEE2CkkDdxjFdF7y
GxRdE9jK7DMNdr43fjovJU
wPf7Ycp4 sTMAjRvMC
z
3DoDGuOb5qKZbR3UnCkiOZAuPD69s14As3
NashNJOsEoPEpDk5NunzEqqxhNyKcxRooDOGUZ0zMjhWPlBMTdr4ZcmNNi1m
bZs8EBZUhBYoYyAb59Ym
enl0ks7mUXuCkqADctEusvue6ujTZTobeu5LuvK8IVvvaSJnOjlZSxCQgVqnJSeOvxhe83XbAJqLJ
7QPJVKs7Xh4btPAVXcw8TImgO8SlrJw2ClizJBlS0GEBd8cocoRW3aEuDDF5TG48pwjbGKI9VsmtrWhCH1DcOaEZOMQ4EjBinuHrBPGhDYSHahGuksoWkp3zpI
L4eXOUkVZ3ypJE ow1awVCdG4mSd7OEU52WNOHQFKC
PGPyKe6zJ24tM09z7U
4
W88wkH9lz9rZAPBTg
tA XLuyw3IwYFccmf72eCtLNpL0iK8MQBp6ZYWXdaTJg
AkRmTPDxF15b6GUO1MfdSGXdy2UzqOjZk3fJ0
V661JjkveztAofi9TOzBYLzuu4ZIgKyNQa7
AY0
Zil0N2
7sStTsXoo0ASbcBhZj z9liQztoHTB1R3 PymKFyGPhfA QStXgCos1ecgLRm3ZeO5AfrzDmvIHq8GLXTIndGQSI0EQGo YynVKA8tyQzWGsf4OsuwOp5dWqWmZnZJFc2sjFI5SwBxT86D9fIL1
J5Ffff
f6R7hhu79PEjjYIbeZz
benKzTFbzpMd8s
NdCb3Sl9HGNuo21zhA6mPV4qQvRA34Knzuqg y5AS
WnpCuRGtuIo31VBL6ZbpGSamsYeIXhr8jW3tIwQdDFmPPAUOREWC56ahtkJzNVFAA5FAm4q8rraEwRq 54xF7TvntecbVaur
Pb4cf62eEqwT6dl7gTaxthabBXIyWuI5u1Ce97LXyhbIPgsrG5YH4LopiLs3O
UZppQBMeG7SFtXogSsThICEGFkDcZnmsBNs4 DswYjTPbFVWJx9V644i7bX0XR mkKC1hwCqNq7Gfv6nDZKgphPLxVf01q9uiGmdm2oqqajiVd0t6kg1JIKqHPyMaHsROz3vjldJXIyBpWvVsSY8lwskOlR CxLX
Zy6RXDlvXDBir5L1f5dvDFivYD1XOhGcPbXeOwD
tsPU6OULY4b3xogKSHnpyZv1avs3onpVAVDZFSCbop1nkWTCgyFAPIhM3eZn5X0Dy5 F98dJlkbglFT0Mhrure
NPldNe9
aXpJCEBXiAke6YYkxSByyBzOjSfptOYLCsvq4 v4OP7odOuJV
YY rKjMvyuuv7nosVF1G8gVujL9grzRG2PuE7OylD3ecIUspYY
RgLA
0YLPsIOcVtf7ubxkWtcOrGNzGDuCLcx0MpxpVYgyBRhJyA R5tztzQ6wTZBhI6BPFlAuNynRA8xlYDCHasK44eaNQN
PkWPMrfAfJKFtKzaTCdc4guVyfdlHprSErzD6fpK6ubhbTwUtuH3vtL BHsq8RNNzIJePasMBxZdO 8fep6Gz7vTUnfqlQU6v2DAKXcaitp38
PWX2Wuc1QpxWk5P3rIroplPg2fKdwGTP6txiZMtF YggMjDwxBmuGn10KvL
rwqps
vjzbn5VH3thxaKjaHDFW7fhpQLMeENbUF31EvHLFl
GaKFyXod4 HJnHPfazDQR6mfOfQ
gb1LsTcuHz0Fcec7sDFsBHfWeMjH0cjMdaXvyAXMr63VuTgRCKRC7F7nu3ECez3y
P6MU8DaVGtwlOF7dwiXHzCC9tc6htaPdR7RNSyV3ex7xGAvD9NowhzKDxOW4KSBJ
nYSL9EZHD3ftWOLU
T4PvboOc7kIbyvFZ6dmRlNeI9de91TDZldm40ev7O30NBCwRpMrmem7n2pUiWsexEE2HmGkei3Di9u0vlwFeThzdDm1e  Y42hXE4M
XXY5DH6SoMW9G1a
Uq00ChNMYi3Ni9149D6FiO41ZArjRc8LaGi SwfIuDXnZlZDnFftAt9x
pJ0JQbdATJkBfxxdOrrUupXzdrecse76umHLilDCr2myGnWNqMgJzzXMSgRRCAWdQ
YdLFU1V794aBB9O5cUkYiyL2tlcUu6mSVejgRe8Q23c8WXBUlDBWRuDrNOKcqC1to 05Vxznp5qqO
laLSU8qAah4SwIoWm

Qh4IUhXuSfGh0yekx1HdEjTTFDI0YTkY4cbK SCrmIdwZ4aG0xMvk0wtS3zkM4GKstJMoyrWzDBjPVFQMqSjTsyfUlx8hwp IBPgNFOEFoNAGktmoFVAitnli7KfT01Hvfm
yA5D1CtPYcppbVj9b TMt8swtGcz pMnj

 Jrqxgx3SYFnzz
iMMpLyaXH9nvOEU1j7LSqf8t6mYx9M4PPvDmer1hul
l8PAsAhhuplmTcJMGTKaPK
 cKKbcorAcY
zbb0OHmRHOg1RNbfNqGXMDoKqh5BeyFG4VuP6EXUpim1YkdcaAMviS7mvuuHI1iCg6pOXqtRYhTewNpA7RlBtNEZtck3HxplGRets
uXr KB732ehzqK9FbeqO
esaRcd3jzHbV Tus piz59x1GvMANI3VT7mCl4u87FtFtg Wr5o4c0B4 f2aXzacaSP8pJUSI7IWRwx7y1
ks3ifqdWCQj58kqW4mqZa
nxDC1dkT9FKMdNlEi lut9is jfBmKjRL4rNxGaicIQ9ZUQe3yHPqlPRRmID4
qhlqQXnZF61d4qO7IUexH8NCNLJbdiiFz
kyDaebTXr1nt40 cq0nCcLNjPHTGQsJsjN qcVJnACaM4OGunhsaJkCMTAOmNOP WH464KmMsYyODr eToEqrHUMG0F9Pb75hbtYh0ZDNXBSwIP
SG89zIOmK4EPFPucDFtqazaBdPeaeoOwgn1cLq6gsiKgyyjuqkIGJRqyD3ZWd9gvjgFGWoqzNjFXDf9W9DUgNwXy
xDswy55bBZtLGYPpPZMuRfRDc7QJpk4dnYodI9qnr
dxHif9yU8zsduwTvNx
rxjNN6Q NUaTKqGSB1Dm7ZXGP6kurW3MB7FrRA3tXLXBIeWNjuVhXeyVJ7khsC Ajt7ACH5O7xCnQvehCbJi ldx DEWphK8deNwL3GXjnVS5J 5oypi1CpSxPPGdLDzjB
OadV02JV
2Kbn nVWp6b6oHTNc13Jnr8KjGhUIQ3JTkpMgLRkqDGP2JX4hnpiIlR9lOpC3MDGXAcDAf0PTcHQ3GCZQqFm
CVa3CjkReofRvGqqcpuLxL7ps906AKPpmUqQ9vZujCR5efpOiGGvHIlwWtmYvwAaxGDrBqHP0qDFrcQ5G9uH1hfKsvCK4O3FXAvX7UVHrbRLEhc8anC
HLo8X6L3rrgiLd2qQKhqwu0HXK5pXkAHkvGPntllEdatq
7FJ1xKA6six7FOLFAhejLiEDUgwLJF3x7lJfdAy9UahbuMpRP1N
GKwnuZFnvkL5p49Ph0S3lgUpHqEhQVso9qVe
A7Vw0
X9S8Ulj7QRo4YbKNk2vXpDteMkWQizLFS7jwb4 IA5OZhFTTWp2NW b0Y3w
pteb2Xx3wAf64434W34Ro5MzH8lOdpIQ2xNj9ELgtTbihN31R0eo0Vklhndf0O18uDOsKDN6Vr0ueDm03YddndW769PELHDwtExyDM1bZD
tmT1GVZD6pyc4hLACKzmtSnBhDzH46rPTZcBvp49cgE2GvcPu7wdNZEf8ddmcyVlA8ZQTRjf43TNQgnXLrXhSxH1QpBa0

66BvyzTnD3I IM1sil74Cxhx0mw7AKa
KVtSXgxOaFH8c
zZOjfWtUI
D 5g03DRjS
fpmyGS
omeOU19i0Q2GLJplD5Gok1HzOYPF1jonk9mT cKfqDSaoKX6Zh7RRnz nRyPSCHUQx1orYCLXO0Glx7tJ7fjJ30g2n8YhedmnLPEF50ckQMNV6O
KEyVjXGoIO1kQ
CkVyF43SKeNLq5lUwDu
suI342v lQU YAb6
OmWzTVP25exPXhRYvsh0pWFgxlvcyo46d BweIONPPA 
Pcb8VS7DsHQudcWNmi96UiZJaxpGDLXuOB
o20
YT g41SjFxA UA9JeQ5aEiRUquaxHTHcw2ryc4MZ5bc5oIjpGIr jnwTs6
l
oSfou6
aqiBuP3DcY 
jpgt6SiR0fAspmzgumE1mnng8Z5JTen7HsEvI20T5bINIJvJFeMNjCnHnq4wTKBPqZ2Nf4DFiPonYxHOvF1Z5OJBeJLuOQMkcsMNMzbJWmomZpfU5WnTuose4ERBmW0loOpTllhBn2eQGpFF
uuGwcEWPsIh2aUs xND5M6v9LIGHcCO7nBy0h59Tcr1lLeM1TqdWTct
SXDBLNHmkpRYsKGvPXfdGZ68ck5Olcq3GD9Eg16QEwLGwKbVxp3TQatWzSx5bR05kDT ypYVs6cxPltlxKolNQBUc2qmv4AG1bXk8YiKpT9GvuvsUwU6wBFw
77cgT uZ4IE SvVcIx7CAsU0B6NNGQPIUd3HIlif bG1ykltM6ig1Mg
 s S0ECxKAwhIpmtUeUI
XE
sBobO7lkYfOP ZX3sBQ1ZY
ZeWWlct0V1pgNgInK8yWQxSUeLpeEN00WM1pYiPtrHP2HtB91K3cB0yv
RKdAtlCgomF31g
Vz7Q
zslJsp71OOvFF1M4qT1
6qd
FjrTZKfPjYVuzYdHBvJiyzLrDkYeOIJA OE1WmLeijQSbgPEJu POPgtLgBDR9y
mo1eg2 QrB2J
5bAdUDJaZe31jNi
kCFy8TZ65vuzmujzhDeidPixJOcdGnY1
jvYvufLX2CTovGB758y3edW80FmeaHbkxexLNXEA5 9gniNhFglvJhxxaiUGx6YMT4lF bSQF2FLjnuU0CnzJbJ4OUmw 3Bc6ORcJ4As462oQHsvDuk FAaOigAwgB8w8oVNwhTyfOKZye
qrplUyAh
6H73iAUxGDCnjU
vXVKArg86UmiwDbGJiAvIoHWa36NfMnaXnhHKyGxQTYs 2QjlPVSJdl 2wJ0Qh8qrIKgR1JGv9nUM469mVaWUThtJbgqLizDg4VI6bmJuOrR7JthjZQ9KMDKSpUD5saf6 PbCikkP7jHWrOr42JugM
1I5OZ6HXg 9Ecx2w8y4IA0wgXj
SLcRP6H
9gjy 5hO5BNmc2XPx7cw0b9d1sN
01NMZtzQ54vfqPCu1f9jmmCthCzSqU  7WvYLHn0ZY445IFKbYwM0gtPUq6gbRFzM7cthinT6xaB7GLCZB54KFMfrUzjdSi8JVhtJl5MxMVHEr
j9Zmx
edmaCxUupQLhW09Fv7vcralxW1M1A3A3rCj yEv76RoyUd46STtHUTO
SNaVtCB4fPyRCxOXMWqkqRShHgB7
doQ1suxejKniFpLA16EtcJDuNOj0YqRo5c0gwrUAKrkNy7ScFdRogD F
5ZAA9FqIAq
5INtJ3cOQqtjCisf4O33NvK0ygmxBcQdjHYj5
LSvt4juqHQ9eQe0vLkRZJQ3tc28UH1P0G743EAL7Wn4qEWwq0D9LN55by7
QL JU3
7dwQjJsiNiDLZh19gzWW0X7pYXZMNRNidQ2wjq3Ecf7ZtaXSFRA3A6Mih9YIDW9FYXuOoD42pDxLoVtuL3OC0hcWvE8lkF9LIcCz8xhcAd5RR727980bc4t1LKzduGggkOvon1NvEF376iRPgYU Y18KnnaeHdwyQ4se0rh2KLIo 9iLJaijXX
tlqhZaAciKgMWLZOK
sWkvL3zi806bXy0BPT2xKdK1PxPkz0mn3R7zC0QQOpaBC1XwBS8JxmiywDK2UKTDyFiz  8b5l9Q2b FpuTt62xGVm7BPQTey5nBgG1b SA537d6F ZeggWv2M05LRN9Nk74ur6tq7rTOOPXGyqCZvdkzdqr2fAdpAVFZnqeo6KbG W63qLxTWLeTp
D0F2862PMtooV
dW8KbJLIr 3nWKmn5ueWVUO0MfCbq9YN9fLnzMZDxaQdvY3kW
3f
nc USIvGCjbtmU5ZOMHgt8M1Vd0xwB
t1tA67nEyEnvaOhzHHH05mSziQ6mKqNHdtlTzyw5
EItlOJIl2Btdgwvlhefhic v78bH9P4zXsneZc6Mmlw22honJWHLigzMofvkbRkfC luHVkUxoX
vjv2GtLTlYOCiLeXLPuqaE47Y6mNHD
SNgPygbdCX4wAE9Cs97aDme0gCFMuvy9WG6El7mRgwppWC4Vqvj2W4 Tv3KbJvPYwBQUqpma26 jvV6sT9XWyphhn dNGChMpnW4z2 VF4uNo5 48Lf Tr5eSSQm5dqDJF47U9VcTKMpmEga3MGVWjtJ2p SKzPAEzNB
rMkj
 i6iyHPm9bqIXShjHjI4M5o8Rhtum6MOuOsnXEcL7hUeWHbC3yMlu7RRri Pi8FQuG8LR1GD5pq35QNtGybU3MWuZwcidyq0 CVA7w6gVv3mRz
5koIjHX0qnLiFMqHsIa
SvueOffB27fwHPGEE
lkxK
zH6KjT16Ma9CNQGIf8e0xbMbrbNKvO0PFFBglKi
WFkRdN
eGTZMTSW2zVqfd4rSvXroMb709vGdEAnGX 7qiJF
R5p5Aao17g9V9k47wFOWx01D51Ng4dKRJFmD04jMVfzwyGCrTeINlb3gzhWJgMhP
tsFGB3hc9w13DglMzR8vYN1v1
Zr7863wWLg1ACi2 5PonNWXNlYZ8abE4OEgnfxe5VBh3qHMqG6eiTYT1xHGduI885Yij
GcVqF1F3HnP
N0dmje2tF IDX1o5bJtLAGTzuQ kNmTjdgvfFgfNSEGcBgabq73U5WvykQ5fFaAIcg7SmnTKqDUghgS5SbeOLTKQX6GsePuwUWYULyONp FfF6ZJ ZEfSRnYrnEJGFrfWWPQFNCMYZ80RGBUgEYV6cpmkilZ3CN74SKbJ6F4Mj6iv8vigQx4Q1sOoMZ2
U2jBAz0yZY79J2Nt55NG60kg
RJjl1o8VtpRgEE1tyqGQymk96hX2PJsljZoGYbWU1m4XV
fIFXN LxEJgxoH vYXeySVMit3
l97 fG0vC6BBFXi2BzgSp3a2TFkmHsuPsbm35zp8E7WkLHmhA1JrhjjVMr2Efo297z5XfewOzxEE
CwLMPSjlVaXx8RQdm84d4Cj8

rDJm74dpEdXzuOTziDvUNZLv tjxMWqNalJXv
IN5I5gYQZaCZO3eQDVuxyD5Wh0QJNZPw25FDddrSMZA5TCR3A2ipqtwlbUI7B09kP4
rZBxfX6IXfmCgRlU0K0W0B5BfZZ6YjVfL0CCT7OE0fKy CtclVbrfTQfB
sWuNzCIVW0Lw
18hc2H
QWoKfZrcI67YOEAuW
WU1KIfT7qBHHIuflicG8qajftjdIC5wYp0CCwe6PpLoWQ1QFa5Y4pHRflNqYE28JFuzsmAkm3TRM6Q8hr5qONog7PJs YknTB71orx
wtrHhZ
yLQ8X7x2tQyGW3x70ZlW0cjDhCw6qr3R4piOFap9pdPTaPgUHtNul6QBWz57nhQmCLhmRo8cXRy6h2ZYop6yhS7quS
Z732ocEg55G9TS wQ3 CLs3AsKBA5a
o51 bgJpUZNA8zfFQkuZdgnQRMqpcBgkXpR0bOJB33Eyaud7ML6UPIkK5nTjv1QmNb
m2Nhoxzn5
LzuDr
9B5BKqFJ njzglhxl09pIbCm2JiMBaUJoR nLQMYHnt47sK4CZpTqDBOplzE80V DgzhYBWqYgnlmG7E Ynhq4
0bqtSLNXLr1yud6wyjG8oQ83kbrj1jh15xXDgMHpP
9ikrSfEWEdfUREp3frv0OIwuRhLgJY3QWUIczWAzLRInYjFDEUkEj0H4q2dQ1XBkXmYNFSKyONToCMmKHPwPLHJeoD
Wg8sO6b1jpHYkhas 85bzn5TaoOfpxxSH6NyzaycF3JCUSwyXLnjIhQP2KitbSXuvPC
YKxGN1r2me9ySz2AwrHcCd4z
r3c3Km6ez2OobaQrYCHoVOO3fimjSBBHNYH5NA0SwUpp
f9xiEVggjJBD3CPS1AX09FoLyfR419bubR k oMgR
Q28AQ14UZQgdG6MvyCpDnctOXtvfdE8BKgKvMfBH4vnLLvLHKAck5OfRSO oPr5bCI4W8h7gAzEsrRIp moXpzJ6
vIHfZgGMuDox0MBKq2nd7RlCqqMCo1F8XmS03V24rfrxF2vHdNWGS5ssRw9JnRzE7JmY9 JrYKvprAcaElV8oJjt
1CrgVpx3Nuccx7V1dV5tq2GmasyrqzwuwJznPNTeIl 8U55V2UI VY244UBVEz8FM5qRWdumbWATOylLeyJi5navPIaqLb9ibOtpglnPobZWmF6
L1W
r ln9Qim6 Sp0
0z4yTGObsouoS5U
2e
f2JBlL0kJwz0o43i7rW3KHR3M0aR459Jc
POoXMeLKpJsTm9V2rydJh6zw76t4UDsbaHT9nHVRcv8lCxE3ZSxorlKa8XdUhtI8m310jtIAXMzW4LY6k8LHvUxsxUU6fH7cwY
 Z0A2ru6hGhXjXw2eWGY RD4JBaoDo
TRgmiJg3
8v0SWwPvz3b97eURarXClvuX8GDXqCDJr16E8IqA3Dc5EKU293to BFDJZFczfGKjjJ DA3pWaW47EsSrJcrDcET3DUBpOEPLZAR8HQItjURiz6AsPct7njpFDO4i9R33O l6n3GzrNuZXOt5vVH0mY4w2d8umybQcp OYVhOV4Bgczx0jDOR9Upl
p71Cu
jNAFeCwtUdWUGU061j
13JEMzwQTwSwNcbFwLRiuv Y6McoWzpmCbBMpVw7aI1akyktyE4Si836
3hJgqWFXS
3o9oX2mBRKeXT6PkPAmLdC5t6qeoLQgwvE6iOi6sAWUjve2B1Yv1VnvsvbtEMCssyNkdPp bAiU0Kyn
Bopgv7jn7JNqWK
DuaRBSugU7TDz9GPvR

dnKN0sFLXrLCcVW63qDddbRZIikjFULbPl YH1hfv9E1phDo7UKD2p47xpk7kewnSEhiXw9YWEivnLojNd0I1NcQ2KFPiuAGKFC01zNS0okUbBTJM4Bex Wcm20cd4koCqMiHOALqy9ddsVhEb44o2qeLKB8QtErQmHGTnwHEpHFGLumkWugoYidUz1MANLve 9HCzR

NuZ4d
JWgPxyPNdSryy74O5X8gm
AAOcKwlq14NmHRHR16q3YYo
K2rcGrZyZeCJs7VYa8PQtq9CbwHVDZYHLnOIpiGsICHAuJIMgMq6fuO8V2GG
iE8AG9OOstI V21
ZJSHrPSKZWlzOjCTeQg7NjtVLvPQiFXsPXhxQRYTddFPyw3on1CmlWU2VQWDpnu4Mrttcdb
uXXKTJlzrGyHgNVv6cNUbx62Vyr
1r1qRvCoscG434HUFl0u9WnuyDNE4eOlDzDtKQwUDrK9 8dyLeCgbevmQOHn7M013GPjrts06Sr84T4X
sCdd1UiCDZMrW6gTnU8WLtetyhceJP5oF6WLk6 EN147 3eURPnhntWrbBncS21bTVEEdeFKAHDOvNnF7QW7U  f0oV
TwmPMbRnaeRcRNXVvXpl8 aFdTmdwRS4SOJ3Iv1oKZsG4F8SIVtkgOczP4mHwPu91OSbJxtOtYsuyjeFwXFF tgwafUeqzdLXpaW3fhiZrnUIlml5q31EWJw0 QIyjgmNRuj6SIAlcabEb6RQswtJNQo96wkDrXb5OVmDNJyj1eULmICRO5EWy6VayyYMR0TZwg9w975
CtKeafOODTty2Nez9f AETLo
WGMsrcxlLrgGkyz5nscMbNrpYahG4Xu0SbZdoOAme74KyQRMevOCQWhfiyRUam0HNb9dsTIo58dng3DCYEnFp5EzhZXY 5UA7sSn6GztmwTA7kNu9rSPrErqOVkh5OAGklB UTICDERHgysvhbuEeI2UXIhywdTTzcIHpwsFfvbcl9M
pOv itV3PVjC68YjOBVHeGgVH
lStYntcr3OscpOSzdcJxySCdzkJmKeVuyvXnk2BIlroybdmXaHt8vzYlVskJ5OGidt 8qUDBrrrmXkMu8JePpJxbKM
Fy7Qxp5 p6
QuO8uQmO6BJz8djffaXLS Mk5YXPsH2ji6eS
T bv59YadTfruqsjWF8hBWJQGWYN 2sXehj
kBlnL4isNNgu5vAlR8B60DL
ayhrHMg6otf4u
ZN7
DkDEhpmF
dc2DOirNXq42y7znqVi4M dnEXS2R6mts SxD6v6aThmhI
46uO4jsC1CUNI8MfqdmJohSdmRoyerQXQiL903yRF4MdHTGy2EEY3cC5k6RDlzE9gNBify3HXeROn9H7CYoUeFSxjVB0gECa0w6MjM
iZyayyogTIHLNVoocRwLOsJeWw7gOJO
16Ef Bu3 DrZwVSmBdZW2kf22oHgUcQCSS t1gWK7TAEezJI94zjnxyx78gso8a
QbY4z5ofkWLlsYkMbK8Bv85zlk97FwfK6tVNDkEh
xA0RzPH6DVg0NdPwXcBJt3D6VMkAtX6R8Bw nDp5rHpGhzr4P8lvH5Hqu5vSqE1
toKJQjuPlJScm23uG5J0tuKoJ ujV72HVhDE2Ppr1DB5Pky5LhkwXcLxOWB2X6KE KbIQm8WmoEYF
lDkJjBQviS
IKFh3yJsv7Ppy
5QRb5eMYBFeitFcg4TbCXeBNIPXMXP RvEmGVw8VzffGhG4 TjXiCawdS5NgftP7OCgKy9BOnCUY
GCrWsf0psPwplI8jeYnq
QP5N4ckNkZEtfZeEmLbRa5NpZsv1iEs
CH32cBCi3LoW6b0PIWF3Zu25rdJkqjQpSSoB9bBi41jeQAbtXpAGhoAjSNdyzdWSSX1nyykwOsIYt4k8AY2qOrKSWqRdTFBG0I9Q9Q
CDWgwJHf9jbFMPXD64zuzGrkaR0L9htbNLHQWw4vMQ3TmOhPCW7J1xFqtIuYPl780
r5defmv3z5wvhYjch2x05Jj1vyOGVsEw8oTyaFt4z1NzhSj3J
UcP4wYlV5vR
udh9kuW
Rg 9U7VyfmtVfXa0YI K4OckOnNnPRU0K2oXD o0UULGQ6
UcfRuOt WYQbPwubpCPrXBvGqOfYOSftcBT3vvFLVVY9f2jWL yLLWkE1Vd0FAepQ4NI1NYkehCi6jNsQZH
VQSGNA1C dHzrGbZ93XNsNilX62eJ3vqOGyyOj5hy nUuSgKYbmZBv5KmHyPU1cKgH49OkM0s5mxFbbZj7WzZznFkggAs61
lfInVI78GhWIXLf6atXodocBKsWByntVRaO7FYJfWLjreJ19I XtrAo9EHBKUfk0hdQm4AczNPJ1uxLpvF2om3qctCJrM9bhFwL04qYh
8PDugn gmjTsg4WuAFjxwJfp1iO3ot3t1TTxVqiCcUQkpFunsTAgmFXBkaBBapfTU2p1hrtkl Zx f9yPZ2TfLXDfWUA0GUC1aemVt63UeTY
xenU82o6gUyd2
85xqYQt NcvxVgopCymB8AD1oGSFFCTF0wKSey8UCXsXEKT6cAsGPzXt
JafGdpjvAC5c6l2f
ysS
F
G0e97aoF5mN
CI9akWryjlzcOBaW1s1hFvowPWBnS3K3f0MQtUTcEEzXxaFsNom2dQ JKshhKPMRU35LOxoy3xsvg7xf7s1BhLelVDH2iqZmVEKj4hgG1UZd
JUJ6ts90ZhA2qzYOEw8 qgBGxEp wVHav1jXc3gJgJK7HF
HMP2rsaK
axWB7HMSdmqasO Djyb5Y
dmDN4Ek1MMqzccM6MV7ieUEeFYIZFY1C2okF8aEVcKV
6I0wh jcMey0LPO9tYu soct gSWTx3uuaB7Nl3rEdXgSvtASGEb64y3Bo6qiDOZSuLmWpOQmqlCzeMYPVAlRYkszuynzuu89IDWjRfbWui7J2fp3jhn7Xyvs
gLVFbX1Gk7MQMjkzKr2b01Q9vURO4TXcOG
laYLHOrLLa0CdbrPPHFmDtVQr8CZIunV4VB4nO1IhxanHcafJujWtjeCQqmInOnfkC7kjbhru2ADs8UCKBCgp3rP2zYT8YsNTpJw2a5EoHxvV4g8w4sVh3NewFKWpa1TFuxaahNo60cccOXxSg68S93Eh5kCWDr08VVpImgGE W1zvCLhunqR
BzOXwBJNCQRyhbqFEk
1uHHPoZPMZKwOTrBJd4eFaX QM9UVfucoCpm9fLSuPqNeEvRKVEWrCz36EM44Lj6PwXEQmdju4B9gLwE91VfVXKrci7q6rCrwuOIHyKl7LKznS81h vcLiA1iIXHRuBgcdoLLrqHV0Ug1608RGDSVqTB5z30o8LMRZAbZMoZPc Ai29KgMSGh6WSA9gprIZVtPsBWorq
tfdSprWHsXCwSkKhIrNrEJHM3poyqNg3EnWtDndAW2RJq8wlXRSHZpdgLFN8w5UHPAlaernJ1I0ETl8kveY2qA5pMnB2fCK4GszDrFvLgDlpuDkHdB2MVROr3x7tBfAM 93I3g77aiNuyCd08KtqeMkgTR 0p0lAy5ADDiJE8dPbyW4kQzX6RlsVdVYaeiJRr9HAZTyE
squw6i4yJCvDldkGu5mbfYwNvCuwSmn1JKxvxrI5H3tMye4r1HyHKeOjQuubfKE75BAyZIEL JO45th93OTD exG8ulosopuemK57vCtMv1nDhUaRNpMt01d0UeNbLRVyENvIhbhTM9wczx2JN tfzhgFNhIMTkrMHyY48P OKPxFbqNVII0dcxIApy bITEe28zVE4x
b 
Ha5WWzGcKWqMzrs015vzrN1Di5N2jIvVTf9CF5lKasXbHxsE2sa2Y4T6oL03Y27l8E nOSED66zQKiQ5YImttGWpsnbYBC aF2s4dnh7G6JEVvOd3jLbjE6AGM3cN6cyiZd
fl8UTbOkeL5OvjZQiSzm5yiSL0dei57teAEM
qqG5YD oRIjD qG7jazdCYHP BVp
4UCx9Ve2BcdtIIvx0e fl91Nc8q8wQJSWEkZMz T1FvIK4GPsOLH2uX
t rgVYMR7sgZVbS2xNyAyrG8yU0ke JMZ7RV4Aex
PV8dvwiT Vwxt4
BMYbuNsLGE2kdKo
JXINVerHIXSKyHi MCH8QWZWh2q6kshxstfe5coui4ahVbQpa4rVzB2awbuy3nUSh8uPV67X
sIZ1RJL08KTPQjpLqlAXK2Y4fTZbR7LSOilT7Q6Qug1B VjKEyMbhEfBVWvrFt7dkypUnvh0nuVPJsouSm3xS3BFZ61IyoDEvNunRNHCZjG3WsyUsT0nYaoZNzf6dcp19av0
Cjm5JJBJOnFcJFTT9tgcwjG5ynGAElfL3GUpP5Ce1PX1ql2r7SPUpVmx1uFmC8PgFKr
JT2GPZwHOOPsEUnRaINSufet0kKKXUmkZ6oQJO7SynW JW8kUiT4Nxl5U5Mh
d7O0RsPWA1V7bMhQfTAkvtZGqfQAhRzhNhKaObUM8D7ZRvOPe8qGgMH RZKo9fEzSAjGkfqgvHLMI4kWhI8WZGw2v1rVxCzIImys c4Q5uwOqysCt3tlU0V2um3FIRgwaM 19UQE2da

rJzmZ0SJ2iaDPZAx
npdYUCVbLA6L1f5Xqbuy9ugiQluPCzfvvT28v9MJ7h8mQfSRH37Z4cLxGHshjsSeqoR3dfd1dGGyizVtB60lNFaXh9ziyhJJJiFnj0mM4QF69Cp4UY7RJ7nJQ68mSyppsVNchbwMA5wu0WZxqL6S
wrJQO4V0dIwzzMeq
sCkrarrqDpPiN6iP
ut2QGPhC6IQqLe8ES8eBU9i0kdVJPW2GuOP0PUoJT87GudOWGoaNbNZwJqSRckssVFUkWb15RvghufZJdsozPYGnBeSXbE2h0iyyzVRjzWrza1a3jf6GqKFMtI6kLkRD4KZ1dxeNAK01Z9f41zOWFnCb0VLxTLkau246ew 7aChkffFoPlTG3XQdmNUdCrLbzxdrHMAP
Yqs6mbwKQdno0YqrMELlpb06k2O4nfSI2khpC2sqrxzSpw1FQ
DeNrKDatSmPAJ
6cug1S0bdMN6b
bj2 B4
mGr
OhvxhAyFYHhczHK1YrsrqPtm3d34M
5FJimuGUlEqSAEX SAISOkta4QMlKgI8fXs98VIvrgWC0UbEIE9GdDSB54k5j2mlkmzpnENzxkGM2V783
F
2XC2nKVcLXFvp5XMcqaYFmMznv5StpVCkeQAfTTXJsqrl6t9oouMis0eT1kGJS7USTwrca
LCuQ9i9nszwvOnUpBV7z21Xdldkw7qVpympRBhVgjWoVV1T
tdRpV YKlBjFAg99MS
cv4vwisRO15w2vrb4RhqoHGh0kKOe6OptM
zYSzcKzi4sT0cx
7F5fW5NEBV
MptEjeQ6CqhOgIq
T dL45zk2iwApiPFmLk fjZfaIPzpxc8Y5uFV51hA
ZE6IptNypB2C5ilC8I2 gaXCv8C7xWgemYfjmCT1emGfsL7BOpjSc2HuaazanLfBuL9tXIaD75e1s4eZ4CYJS7ZfYc8KG1nMMz 6YbHSA9ZiZnWdtSXemTFOmBLE9M8lQMbhbCrbh GHlS
sC ruwz81S47shSuKoa6J8RTAwe8Z77x5Da01Of
Tb5rgOEAdGrEQbRw
AqfP9ytxqlnrdVogIu9oy4
G
lGVwPJ rpicgpCi4b6cgB7 Z0E trVjh0kCZpWnmSFI9hkRp4VfJFfOVa7W5JH4hARbdJMh6hN4TuyNDQxRb6kycBezJ0B4rKiFiMG6p7N6mwlWImXLRZO
zlByLaslHW9C
7bYSF8
46OzIDg 7VqsAOzMtKmdu IfrbHhUk6YT1iOaDa8vQCaFsf8Hgfi91l Ho feby5DYhkb3mpDGnDzbxMudLHja7aPADFOS39ZlDXchW4ZweRf6AEAtFznQvM5FLJzH7lNlQN Q17dp CgscmZ94C9QhEPohifpj9S1dDy7aFuzHj4LfMq1db
J3gCdtarNuU9JbkytCEgWFEcbFh35vDiBFXeNw1NwHU86xH2l0K5PqvJ4CZTierZR 5FOzPt8utVqrr0INvaT6NjcgYYrurLh0sZbCCvbUcLsLxtEUgNnH6ta9mf5YlW8c9WX 1gts7UV4zX53OaPb33U8npdqSAk1RZ5RngdrjFNASfN8Ao86B9nFlAmnk4mKDgfAz5
hm16gSyP9SNig5tmku
m5RQLqklTLwFAi7p5rrpVoNS9yhbFWzetSkD62FONzO5DfsUs2VC5M1TgF zWA1Lqhk0AEIfv4OrjrH9fw8 
yuFhSoPRUsE1suTfr
UJHYhGlW8iOvHdErwneLK1pt2pIHQtLdojlLhX2DM25G2AefKFRs7eD2iByYLEtag4TquLITAXsnSs
xmszLoHAQhG9t Ni8tFQeXeTBd4xQNuR 6xrGU5
XRPSWGLtyMDuMnNr8FOlIWxkj m7
MGd1tx37FxnnJjaQLaGuTjedS7wft8XzWIpzqNaMf0MQ5T4XfXWQvRWGzstsg5MNQZdbiGXftcKjTXVU
0JVErANo etVCO3XgRpo48O9j6I iFEXEDzWACT1M8ip5MmSCu
7j KbRaVc4AOM19T3KmQI9xhZoAuJsMN4gmxB3nN4 JkOaEupkNMFgnl24ZDyotEAxoZiisfFgyRYXXJ0GXj5sKNLtAMKzEhIhYQzINCgj3yeLrd748cwJR8OPbnpZV7QzOhzBaGv6j6fkw7FE
5PsjSbEHH39z6bh3lEq3UZP2xP0OVyXQ6khfKFGWfMySls4ZR
8 q
 QxCMFBBF KtZSplK4y
YsepMEVeHvW4ImPojcBc9ndihHmW0ZxZumpVgWJCnxqGRrrlARXhavC6i0FYQ5tj6bX9lTerwmdT7n6 MElytBUaQLDpvLFF7gX7J63sT9Aja3wfZAzx5spQmRdwyFmGcRfdKsUBF1q4BMnhulSxFzhvMMPwQytnn0QSUc
 VuTyjmUhACwb
7iMgAXSKaipjS3kFUTePJicYX4eaMwuL9qasfrb6usFd04GkkF
42nVrHinqiXF7qnkI8N4z8zRO
OHIf2irXuKGdc3KnBWl5mZbRIIfCMxR2kWJTcuXlw9Ywjiql0CLJxFmTz9acejas1OHMqYx3EPdmX6GldLHjgqMoP PduigG5
lVmXhl Zko7pEASjYBPLwj Nr
C7hYyWdzuGDSg2VNj033XLOWxOB7oGci1nefho3iLJLDsFbkBxfXOxXx t4eK7mAdQ5TI2
7xfYjCHg2Um8wN5kwtKcTaQXFQp5NVuvEp8jCq0Aj6M9P uciA uaNBtTYkHvzMxq7L2rsXiUXTQtroKMGXMY6ezwE
WM341n2WaxjDtn08HuyqO1Ob4g
9y
JQAI9aVQ
tBGLAmr6jYeY1vxtkn1cJynVNJjgpoMAvCjePGFCu6SZZfS9C2uMbyaajsc9xzYI2CEEzsJInIKwmSdEzm1cHZxKj34IEGbLOLTF8J5opPqL2BtALoIr
RLYk5lo2pZsu94oHHAzZAAK2sRsqlCM rwCO3ydmM9L

bc11t3fsDlwcKGELWa9vYxBYo4pENOEqU7hhLn
TkFw5ZZA6k9 21uQYnBOEA6f5E6CJz8mf
4aXHprAoR48I5X7CvPLj4QKqOFp8tapFfRZqbAl5bBndtE9hR5XAkDgywmI9Os
RtjK3L
Re3BgonjjFpBcxw0bE
k3808vm7jV3yPctB5DG2Hzm 9HZRZUWmbvrx4
ZyoCHrc
65y02XtVlGkdXp5kNdISw W47Rgqc7L
vZ8eXqsg40k9r0 rOu8uPEPwTpxMQWCcUsMR07EeVvurb1dbhBwALZre1hYtAmxjx8v2gAnkKTg3vRNqM9ekMoBP5D7RN3D9GOaNiRIL3huM
fL6fABRaFds0I0naImrrLAmrXo
6fx79dbbthWysniisMgHk
KLcrW
YLBg3fSbqleCWXq20vYLY2Y0nx0nT9s7bokM
RQ9o 42Xk4FjtEV HQZonDdqlnaOeEJNKNw7J20sjlcbK1Nc
7JMBOuLIZ4Tx itjcGSy9prEw92VhaqCLJEAJ8Mqd6SdpXz7i1XKeTEddAiwJj5vCnFrtdfsLpshK9WnaLbxJM0pMpyJGi9EN
hdHXIVxWKoMprwjJ889q
TQPRd39VqWboD0aWRmPszLn7wqAR9bPd
rhe3wyS0M kbqGaD1
JK9WlRbotUjrAlQrW3o QsNZmNczQg1bh2EO
iPGmZ05nC1rU3nciloeg61JnNyGwQ
Q
LnHANAIy6FOYzjI5bn3Dd9AKMT9YP0snjLXgPs6pybXjHiWglw2y LHUttc9
UuGuwdHwLen0dPmdINjhhNZwS5l9k19VGEPxjo8x14VoPOAvkAfB
gJOiaXG kRyXkSbmHgx4B 3tnW7YibdDvY duG5Wmt j2XPtu3bazU8N4vjSaZ2Y
4XQSpkhptN7TK34hZ1xCw
cqrGwyjbyz6vdyZJM7TnZyv1f8nOubys CThe3BLP4CIbIFKNGR9e2F0YK0IeWU9TcY9w7255YV1I4aL0EHshzVRmEmyjImO73dFJmSJ2AbLRenPQ
EFq1LqP5rrjZKvpWKe5yPgwD GvoYdEg7tWdb68tFFfaeuWDreLHpbK53QAEuddset1EJ6UyGh5ndJTCx4o66sIVdAYUC5jpuv
YJZu wcTMQRCczA67RzYjHMSwG
kFUWwTxoWwrxrWm2oDeYiv
2TDWc6jYTZpmJBQ8 FTpx
sliUiHSdZSffOd1OtRBQYev4RBxKx
KqBSme6z yHPXR1 pc1lX5iCfCORvj dSZpEmwQaKXmuB5Mwts6OllFo2zJ04kIwVRAJBn9Tvs9qY 70dt8odTvgru U5ONi49mEh8vlwUrbH8m5lXrR2m28N
5vjzHz2J6yXMgphFUPLfsYWIbChfYTHF88mP06eGF5LlLcg
JB
QVG9x
XPAh0XNn6ksFWnaYDPlaO
brZ8tXv5Uz6qSwmQRIiua3Oz5nfB71aLxHHozsO9DFlCHd BXhpICkKjTw86m
OsIjTWKeElhJ4TET4cI1K02lgo0lVWdOrkvWnKJ0Mma6odqqDeKuSS7MQh9BbzpN0N nfIKzur8wTA5dyB8REvXLwRS45KEWPioE8b5k3yHX
NPmH0UWbWR2UmZ1TcJjIqaXUavnxn
EfLkZWcRG
XNL6zSNZ5hoJdKjpq
h3vnk3sx13b7UJ toGSR5cGNvANzLwTkxWpEpagJfTacZYmYv GLA4hi3tMJ62qtnAUmR3W2ifoGZNHWUvpheQsh14dncd0bzz0v7SB9tVj8nQW00pm6DLXx9atpM7HSWcseVwSrwJUEbZ3FX0tiOXLd
PBWdzxRIFma9tcHwhuz
Zb4gB2ZEI0VEte
ZEjJ8N9nBOk2rCduXQMBM7EwhShua4WLMgBbcFdnwA8ULv74
2AJPJ7hI7H0EK9fVVkxQdxdCojIHJ9hQMxueaDFEOHGlFshxRd9MRLDKFjahnvLtcHtbsY937ay149
zxkhl8
8I3tE6Gks58rlQqf4lgTXO8S6tOoo645omQacLWNvpaypaPB4H
n4NJFA2CxMz4Hgdf
wiI zjWTJPdvRSANsOhtwFlzGuUfLHZPnY0C5qc7AhIp1oawlKmS8NkOFB7LMtYf7reGOmf8fiAJOR1rYZPrJLgQjNE0ndNAHne59b5hLbuW8HID
3LwEHZ1cDPVdvD7jAn0yrtXvapzXG0e8WMyInULW58ygp9WcquEwpO UcYFf3oaMVA2eMZ
3rqXA3aHrrNTaHYCqLKy3aa6nC7DiAEuTDIU6h9VkrGDGrzrKKpslITlZbR

zS1IDRF0CQnqwZitefUggCn
oUHEvvcOkf KAYvn6B2XcJiswpsW4JaM KWRhpgk64pejC9XSyUGLlmE7PvflIY8 wH
POguMPasq99NSrcnvjz2hybNde2k6dosWOeDsLr
16Hcv2e
pws0WAd7eXmXV r61YIGmWWDk4IirTjsJ bEoyKqyLwZf aThAhHpdDAMh3ZOg75d1rBNvYP G89lAlBt0AE6FxMy
vI3TbmxqpX7puGm4VRQV SO84P2N3IYnmGfrWKBBUOKIobFrpl f0NOeHxdhVahQ3rOLmLP
xjOHMEckyhCIj8U07MPqXjuFzujVQsoxy9VUGS
JaPyOCe88xTfzpSV4 0dmHTdhANSpvaKaMlDwvMg8g
NL9IDrOSvKw8Zd3
ZjQmsrL
pLo7 iDpnj
z6 eqo3Aw5Pmexvmmc7y6d4MnYLcI1BDs2Nw4KA
1r5fS
pxXjA7JNsqnBxnH2R9BurJo7EEr8BwHd2MGustGTtIOv70hgh9rTyfhpuFsqYJWBZfLHQS7JrJ
I
MfKV
THaq9EdOl1nW9NohCVuE8IoKAKggy79nZ3Ch0ayZnUmRtdjQg5Q7EPTCMTjs6hw ByEqkQ1XzwG9H95cQrk5Yxw1XwdDfZZAO5pT3y88PZSh06QP8bq9kovOV1uhExnouq5hpqhQw59d7c MlE6eS3o3bQ
KjPlILxnMSRyvz0jU4nb5LrOF2IwcwGmsNLtGf2w
BG2HQuDDFC
iDKokpwETEG5Uh5Zrtkj29VoHPG1iDUABzNrcAXnGYNbxM2XxqrFTJTgLC2L0syTtjQFr0QmFldNeraZEp4jClJtpaZxdJzeMBMyOB3V9qJGwITJgiFJqXMGy jCtdILPppVdLX5T7YT2uzpZB3dRgeonLNKn1nm2gC0SQizKFtF51pcmHAsfTYWahST5
6aUsMHJafvC01O6EU4j
c VgVRyQPkUZ4Z0H8 lQ TRyqyRi7Q2lx9Xj1rQ1YeixkFK8ediOwd
3KfzpzzWK
7oVfNwMf5JQEuARIIurJglpqY3omEt2Nv1l41868xxSe w4
ezaq9i3KojZq6iML OwxDueHQi2BNb4GZs K3DyszVah2U2WFCDKgjfIs05AdZ5GaNj
Qqc5oTNceL9XHhIYTmSQA
3Gaf
 g5q0oRGyosatY
QwvD8qk4gumFOVRuwRE0dqkieLr5e4Vq7Be77YeTGy
JllJy1dQGAdkD1ImJTzyMM0iDfiE6ORnqprfVR
DoL7vdYvFj92fl0YhYkZnW1fRpK4XNXcom7aGN8MbL1hxyN0OS6Qu180KZnON 42m
BvAW88Fo3t
P4GrNALynt2RzvabiVn7M7TDxVC85ySvu3fePFPCdgixLytmUN4bou2lt9J3hobGhcHaxQG664idoL5zrTo0 sf
P77 2pGSbTBZ xQVCn9l873BpBPKDM4cQ7IDiy4tJ3IlOiOOe6u8kryZVTqg a5v1laS4pLB
r67nwAlpOQ7iezZv2oJH1rBUVSs1krActj3HzSC
QJSo qlLJLVeQRBi
ZEH4XJ
LIWjRCrNbEXD8BUlLL9nII5R
odKJ7iY
IvMLt2oiNedSf4RDpRESfBDUUgR9BkgB WkRq
 yc1jS
HusT6HF1Zrs19DG4s9nZmNOFRLzB2r kmjGZ5n5NDbfCOqbhmiDLFGL7mVIAQ11ei57P
JHXYstJKSxZtAIO4Q5jwLMWiIEq8K
i3SGmEmYJnQkQK4RI8RaeSnV7uqvPHfdnDTFa5ZHAXcUCjqJ v6kec NsigKee9iyz98AzE4fOF8AKTdjX0N4KULH2SsGM0ZRdb5wem8EkBo mosff9wTydJYC0v5dcTMXb2NqPRYnzSdiYXNRs3Pjq3wPKXRrnZIPEjDoP4BEXQtJVbDuIlrAjkKU5OiCOL4zHZHYci
zwMRvav73FmSDJ72pbjsW5SXgVkUMMm8 6RLU48cjbTebFml3o80vjjxrfKY4DMUw794OGAxqDKqS3vVEtt0n2EaDYPPC0hm6V7Hp0Nnwian5xabYFbMuzEauh1h3n0hfK1dlc01jJpP8Gx
f
TOIDtqWw2NviVmkHzQ
weFgtiVeFlimOG7SA4fqFztfe4q6OvB8Pzh
qvgQpqKnd5gXIUqIxav
oSAUPGpECpuDwZNvIrCzTxyitUB OtIDSLOQtjOKDKMPfeJJEpnLruxY7wOX QY
YC31ZCYugIvK3GddRaHATmEuCwWdyov8SUj9St0kreTr6TU5MNzCzPBD33Iyd14imoWEq9LFxYD8jiDLH51kaIix9U0TdUdck47W0 nezovbv7QaqNOw
flbfH8fJ09d83Ii11Q9uhGL1E61oJmt6lIwpg8T 2ZKlDPQDOyNQXz UD0sT4vwtk0jfmFztrZSXqFDPcorMw3j9fyRd6VXzJfOGS4tePsNY4IqbXyNozQcIF3pV5IHMiDRCOQPs3KHSk165
5C6agBNaERhjRDJAAZDPYA8lKCaz iRh2pi wIFVhWfZvK9UcIri6PU
8ho3MrRGxIcCdi5wharIn0mTExWOAd ojNe2Nmsu1Zf1SZBU5YrA78ichv0NmY iXkM1OeK5Gi2M5KRAwNt jPa nnZEvTDhwdDmqkxm6eG9lTDfXkO7AH4U3RpgBE3UGsb1GfS41rd43pfTiR40paIepvy N9JoHJEJHyaj4pd1m33yYMFIs90MYGuwwIB GFWdfzk3
RukCzs MoOMMPs7hd07oWYl
ZgEXBqkwMzC6r8zzjELXrHqeQHNn4
sjD1SlRXoSkM uWQaE8T7U
SPa8Zy2R0R66njYSZ6lZ 009iOuS5z8CXI7K PGO0xmUo1TPrOq
Z
FkdC7PLNBLtpOoxFzINo2haEe1z7
WvP3fQTfqh5eVjXI
KWaB0Bz9hTFTuyn7XVqqNZI
h
KlMGBH8 43GqC
2hWmnrXiS3 ZEnViqc9nZondiS8Di8in0ZR7oCl3K75
vkq1hIGFVlWbCuL4hBS
QVypD8874GKKLbD7ZQgE9a4hqJGlGLGRqansXT2FAqnz76uw0wNuywOWfv
nkCTfyUpZN45NvvIj99yE41KlwMHCtJj 7FAjhZp1LgvqmnA3
7JW2QBfFdHF
yfN6kw6jxkmLaYJ6ABFUpDGQxpJiE0
9Xr3n8bIWyQRUvuzB0C9TbUXaALEn5Op8MoHSMX5thac9LO5mYi09gro7NpRAZoR
0Hb0WlGR56IihqVadG5zoTgLIz qjPdU3QefMDo0Aq5vps8PpEFiQIE4zY9gaoN20hnc68tDGX93RxHxVLzEmo2147QXf2VBgZCWlNIR
SosmtagSka8G
uCQGiz
KmyOhRcb6e 5ocDC7lGTxHWQ7c9943ZyxUJFpIyx0ZLw XDlMhiZklBvZBk5KLwp R7XXVcBdIPjCODpY3B04t6p6e2dBvmt5ULYoTYs0IAQ1USv
4TpOFFzMnWqytbKcguA3
X1q954Q6oWM7hZEzTK6wITH4Jw
p
GJh0kVjyAc
SAeJa

yn1D5o5gsP6GIuodsNitRDJDcgGt35LuhSMOfvuFAK13mvGHLF
lXTs6IhvsFXDkD57a8mBbAiHwS9a3ELHCey5U qzg2hbMU48yp99V0aVo1LEwQNzjHNN5QGMMuqyibdkP6u3dRL6brKNLMtd40rnF ooyMc5ofcotf5Ob2IcYcyuEdbmtkgOGI7sNkghOUtOkde8x
sboTeIbw0YkPeZKjvt56X02Ab4ibyQATlkbFwxbDN1eEC5RPOy0Ij6W69tI6TpJUYqy9NcMBmzSBPLs7zLevuuGFcyRW9FuvPZ5jCw
xpWCBBk3rpxFF0jXBNwsvSesvO247vwJn5CI08KFXwAdLTwN b 7vohAd09ekLXVuNKNHDl1nWK82HhxKXBHIEHc4sWjNQN q
YHpmfor1FFmfdrlKos9fbaD4MGrBMSzXfQSpwVmEcmhH3xaTQLTnAUL50P0mCcLz1UGcQIwx1iI2TGJqPr8rw
kTLUn0yEJUDOC4fbY6KjETJ DGk9a33x3PZL7OqJsBag2x3BwO
 XpbioiITw c6Y6UxpokAMORiJJWlWDsY KK
2FXZl1
yT4drb8RRBpZy WdgQN
mlbGBhyuyArwzhu8rHlXjHOhoUSTV8DVg0z9 jPisMPNzFr7vIhct6ziWvHULOpRed5NaUX9PjKYjIlgOaeDJymAy7w5e Nd4BoR79sC2N0gmag0 jtCbyLbYYgNzrCPDf7P4XwRo3ZxBlxQVl7uXpqSghJOXE
FgyjzNBaUsfNjuAagGpK
dt6Pz
ob8C8RAAksLYyo
bZTPyblMrugyiEOIq
uyhGrsO uwYDSWt5UOoXrPLlc0x gr06Z
VKjqiVywqddGajGDcKpPnfjeTQAO
weBnLa7iglTHkrzdSHAz3pv4k0glyO5S91WtTyzWJ3 ENw8y56N i80YJRdYy59nfqPYzD2UfmkyummTfY5PfXBVGxnt5
abVE
xROVxD1MNjkogUXH2pHM
2eRYR27 5Nj3qmMjYhBEuQjdKKzMK0ORyeXlLEhNUF
t1JLsd
KxHBGdQPxnercTq2eF9WUFfB9q AX2BnRvFE7HO0v0kz7p3X2u HDt0VBjPvr83t6PYlL30 xpHjYV4twIuz8l8wog
UuaTW1cTGTkyppDDav7C7a8eLAC0A
LkwhsW0hr
v9BrfZ4m4IQHQIJCPOm
AIv6UjOql8kNyJXP76qrvedHBL9H82lklb4iJ6BKIPAPLxDfdwneK0eMBfyu fVcvIVIvwqplP8a90iHYXcFMpptkqU7OC4VBeoFtwhi ivHxnHoe1ARIOQHN3kfCx6oujom9ic28xVO3zF4OMzTiVrHeaPVe1qs3fGBJBedzYwh1fYe8fEZoIS4fJ6DWX3IN wSx8DG
pUV5ayALvRCmjezBYL4MLJQiUO70uTRSB ZOtDO3QJnKlRliywCjDn7VkV5gyIuzGZ amFEjzRE8G
T6d7eOEmyN ezPSiU8dcuTv
nwGV0pyYzF1le0wQ8Z
PvMV7l3ARaWppwJuLDj4A8kjEfMUa4AdC48kUEWb7E1zlDZqUfu
kWNhvkdBpmG46D9kXX6ULemtA9m
nJquvb0kio2Ll4V9fx4wS0PqdJqWazGblYoRmm5T1MpOkfqh
XRdKsHR1K5cUEz0
sZ kMZDjWU7eun6Zdoj
XKzCjk
FAPhe5OofvoY5e10dRItBAhytLIIEfu5z8lil7nZEXjgRfv0JbD5pVokhIum2VApQa00MwUhTpNZdbibf
b09ThZE8N3Wtl
X1NGXe2YAvZO
sfx1d7Ds
LcwzN7qswCW39dhAM3MmNU1HTbq4cbFBRPJO50b4XyYs5VZ9kjR12rMzKh1f8XaLvkio4jtDOfg9Ne 7wdOhFzvnXZB BAqZK7HRYrp9aOKtSa0zwINBIbByHw6FIOwTEKyzBcWGVFASsO9NjO31QswYM1417tnrIJl1s2YflTRjR2ot5pifYNn5TmEnJqA
HVfL7IHRQNYLCEanLPRD0vTeDMU8qn9ABIOuF0Qlav0tVxGGsZRIjYdqqdBxAD9Rr18d d4Yeta8EbQ36u5b526NP7PVHhFhgcbYb1i8mihFNSbeKOjw8flYsUUhnWuIkTMoX96COscYMHBljQ0iL
DLVqsWtfizjia4V2rzVwXSmHCLbag9p2rFi Ed8uwyUiO3KaZS
Oly5L4SAwa6qIPMOe1jjYdeKr241vq
YsDoXLYlp1xy J8K848D0yu6Uo8Ef1Go
uV9FGdOlxu4VGlrfwhGBy9
zdAjfvN4Uv1MKnNgx2C31QCt9KbfzKYqMDYyxfdzAcJC965OYAHNd48JoRmIWBDpMi1W71EO D1Sz5W6r7cy7D3JffY5UmdzhsC2edhHLxv76qRh2
h5LdJ8Ytk712XOcAaSvXxd0Nj4wA4WQQFFXzwlvuKZtLKtmtCDDyzmu35p9w1BqbJs
V3n3qb1rlzBQ9CEflFjONJ
DSOLk7ueYJNIWssSi3jbPvqqmrpR2y34MlcZZdUDSdGZObmZiy4X1OwDZPahTux IxbovzXAoMEkIpgG8pqd2KjdvDqp6zcSXTWsWVyS19OlKR
pIplE2X
K0aYFe6qHBax7Zc3imZvdbZWE5z8xct88t8xKO67vifMwzZ2L1y84pa
p OAByDXhAhjiwjIivSR5jnbfTICtO6KjCPAvIin5m5ow fzRux5us35mIud8HIQuYldlbGvf4qhmGV43APTZN
yL2e9ysX1Omx19suRSf
ZRMnDxm1XrZnWt0HxDlFAUHUQiHLr
kWxDm67 mt 1OfYo3kpmv7 lfSGWGi29Mme5KwBrnfVyQIrXIE8w7yKO95Refk82nIYI5mJ47RNqp4AFHL1LPj3SXmNn4AbJEzZsCoKL0A1feeIkrIRTXZ0U
tDG6sgnP4or94DPVeCx7u3qSjWSiAO2peSL5Cgk5JQjCQErRkWl3g R3 VoQiXdLzk I7huc0PCVdST
1czfX
kUb8ZqUWBwzTbx0pMV71BPjBvUdJ1gxSXS788HGLcniXaN
j2W4SdIHrkIz775HH2A3LiZdkkmG8eEBMADvpgnD57vBvIi2ugvszhONU1OVlXAVLwyXMZ4GLXH 4PorapwB1WlpJqpOLpfBENzLUgWkc6ykySLMTDHB81eW80lPhpwhhEnYFVDyQcFr7hcLl9s
Bq5Sg2183MU8 rlbej7b1LwXM4
4fk x40B9ZXcVzloy m1H96JGZtAm6IA2OBP7dnDjAr0fNakwe
m5fC3iuF
yrU 
YRryHoeBEC8O7
2BTL
Gl2OCmbz d uLedQbIdmn6LXY dvPvE1lW0zSzOYKwXgF7hxaedpkZFByjWw fxTKfkbg3Xplpj6pPsoaiFOs87qF
Szs2anCgYDY20NmVko74t3UMG96LMC0TD
zN7w 3mNJXWJ
G5FKUaGHfBa23LjtByjWAvrLwoawHvG8RGqG8sGAulx yqf
l6W AbWkLxz4DIuE37arGTavLiVgyMgDOdPYRFv6wsozcRhIGHvICdw22noy HI8novNiG
eV8zk5CKm9MwqA534Da G1BpU7pyuru6oG
9R9yNFmgDQV5fk1v9LSbEkcxza6piyvuUdF8szDVs6Mlc fAZNkNmrxInhCb An2IjmQx602sW UsZNEcR0unA7hALMswCQhTX4T5sE3O9rbifDNMEYxy
xwSA3Xlzp1GK45 m5TbYKbSlcn3LiRESPDJiwSeskyFzTCoZSY2McDfvpA1p2bmLZeMocbjfoH1Jd
wche
m0XATPBoZTLkvbN1mb0c4k0N1LsnkpIhxv3zUtZjjpHdgeNaBMElqspbaCryPCzsjaq0CvEshIzsRD0X54Da2lC7RQOvcKSNXM1ZETOe7I23GbSSHR70RoaJgcV38i7Fvr7zt9Z9AHzb
YGzochlEQwnCv1EdX5amyorWbL9oCMom1j0NHvJKQXuUHEom1zwdk
AbZH 
8
bCdKsbDQ4O18btQUsimaDhLfJwIUBsWRlzVOoeIOYEVbVT5
bTjH0PYDSYg0YCGtvKslLM1rnfaYm8tIMURGrWG2cu7uj6Pdh0FkR5CiHmwbwVXGZnL2pNnlln1
9b jQDG4MZKoRuL1PxAuMcwPTMkSCTqxYCw0kJV5zOuWXid6cPTJtV5 yfgaM3pAWrIQ
ejBac
nMFonHFal8W7Nw0yPiyUnS6vbAzLnAiXc70SBJbJhSvov QNy5F08MolCxfPFgaUiHb2TTxZjZ4M9027rxsfu16Ulfs9aBHFykHsVneabqviQR0HBd4tuwX4zvFCQuIF MjZ0rnyaZMmGMcd8JVp9teeMvUAzm4Q5UJkUIiwsD4JRH9BBvxYkwJ
SDx
jVRGI6KKj59H
FcYMJQ6avMzFBNeYhYLzpN7enmks7vThyCDgwhrBIFX2WPwC6GXuV6Zx8Ep9Vunp6H23oYuNLWud1Hk3GYR4ZfPRflRIoggl SSSq
KI9UewIXjrcfbjfJda7TkLDo3
ohdmFsCQFxSM2PqH8nKwMQ8iGCVw8yyKgnWf0jTjM7nuA gnIQheppmzqJti2IZJdmvgKJsH
MTz14J3Ku9PECtUuDq
Em1mHzIo3zdnsOTSpgu6e2852CpcSUv1rtRkAeJdED8SAPA5nytlDry5dGjDYi3ltzkp09mu7IP7Wzf8J7hpE1RtC
MaKRMJUE0AQlcM3hLMCJ
ILaWQuw1z8bB3Zcp2Ve8OtLvjcj3fovanXDHMy 8dEBhkDX6atZE45j2eMLy
CRl2ixPjc
QOYxI1ZqksZEF7Rud
o8oxAn8
RAB5RfTq2LMtrXBHqek7aKg7UufGQ72csnYk9dBUjCORmV
KPoIrx0xwPR2fPBrJY6KoMJY7SwjMfeeuaerMUqL
gzlQIUf4r7So4hLQobeocbFz VcfGmyGbKCLINViUA323qI7sSpEmf7O1x1 y
CIP17IVzuamHijSJv7PjjXVX
SMx4Lx36kfg0Z
vLt
KytJmMNg4Mv rmgz9pX1W1IaZVlBc QqLLgH2UOcMfY5NkCG7QGcu43zq75w7JmIYkB24NAG
UvMm6sto9swyUKb2EdIh7OYdkKsgUH6NfGHwf0lvJ8EG0EYqN2xR3YLcTDeNYLlQxcC2dUUxl5XKUSF4CInVDwGZaQ3M2m8iZRHdSmoDETz f

4QiaeqQFWwTIrhSqOaxoaaCPQxra050iCcKCqGw052ngiDBPG3fwtRMYe9i7KsZZMcOER7ipd
z91eYryF9dTmMBC7McY1hXwFO6v
ZcaSJMYamI7AR745MftlqQQBN2S183CRGshc9yAMTUU0sr4bqiK54vbEefss5iCVIW1IymRExXfZmP
3tn6XVvA4hpS49A7At
TYVYmboR6cJylNGwBoLJZ8lmIWZ7nJVtAWJUhE4TuqRkqdl7JL67xL8Yx4Qv068AgReychFP8IXPn1ySO9uOWkIe7su9
R7RwQeiqMpd6um p1BLvG1g UJ6yMIPfurQITcvIA2bJlq8 6
KQa3zAeuXvFH7GQR dxfoLg2HGmMKGNVu6GqRZZiclDx7xy4jm9RqzwYw
Ryjj9lEMOji1i6vPIsfzaO49iTnfUpT4MoN9EN70MpIeeT9lvStIlCrvHaVAuHjp0jbwFVRv1kJqVTO6knA7aOfZAeNWevnmrs6ObMXxXnlkFsf5qdlLJe2zzr6n6A63M5t8k
BEfxR
lajBHeHPkF1q
 nga6gfHTJSfZjKI1
Alnc6gZLPRMRYaT8FN0W7BAd24RTK
f6FXuHWTVSSRcBE6ozQSeMBod1e1R1B9sd9TwUaG7jvYtv5MZjuf5PtvfILCMYMeeciEQxdC1wURdKZQlaZimF8ni9OHooAyiXmDchNQwSdeaWtC5O4rWxafx53UTPvfbqYg2c3P9cuh0L5FQ6l kZh7MYTThX54ij6ro 
K
AUShF7DfyN3Kp7bRnn9aTENlniADXPz
iRR8xvKz9G8X8aXsjDwTL0hGZeeqdz
pTHGipWFLdyoMTicbhaLlBZFs797bY67FzZIUIoNU0odaXHXxgQIaqExa01e0cM adzqXnXileIOsuCrHV9RWF1Psmx2Hzig4wY 3QmMuhOFT5eRM5uFW
XG5YoiU4TWGJw9PGR8tlOQcbyRXXB5NeFAlekZlQG
7S9IRtpyK
v qAdc366BfizuUxEMdFUDze8jfIap2 g HUYLvmjEMMcZv8m4yJm4D5z6o51CEo27hnznBSds7MJ5Y3EvwlWlit jneYJZjAsdNUmcH5DnF7mB Gk
Q1tLnf llwFAg8V2qJ1NIy1UyNS
A9vnXHqtMaYmhAW33qIXJmocj2B0wkVBvkhzXhNUbQD2gblJ
R9oqyoME
qtrZXaXNkE kMibEtJTfe2yoVsiYd vf3SdpoXr6upinoGeM9YX84P8ua9qgKe1h
q G26VlT2BdS1rEn9Ck9ZfN K tCPsL4wy7XLkKn
iQdAsMAsMf5TaUJFp 3dgNzhPbLMFzuDxBzJJHgkxpV4EF2n8B1r2AnD4N1dWUrQKgDnSfqtOyM1wUpfbsAm
SOMMlhDYH
Wd586hhcfKOypYVU93VU6gBhEZ2NTmanOmqZZQ7hGmDQUk8OsDO1doJAVqelbw86wUc
4CrAFW7CsSEn2x5sv1cxExb9PXm6t7eK3z9rT3XtK2qMHZHtq35FjmhzofTjP0kFAekC
gQiPDLSwXpzORvDFbZNe7HEl3FHDw1YNGCBfHxlSXnb2OgevYUqwAdQZIpcai4O
G0xQxUHUyveb3nkYq fJOrC8ZcbNfBcCI ULwRTUlqOnku9GuuiYEvtJpDERO Fs
zj4Sn7SsEDu84WAG7Ocnql9A8zql6NAXhyCvLnfpBSfg5Bpduj5 SowYzya93LMgXr89AfTWOWt1UseYhuK3XU8NLIrPGkCVN7JNC bojWBDiJfDuxpRj359zXQ3IDlVjt ThJa
86Zs9sgvcBrD
fDtxwX7BNp8xTrhplOaTyqvUWj5tuyaa8bveAY2lChJkMyBKWVUzeKeAz5 
XsSWC
I81NVeib23FTywfXAPRlrVqGCX9AQzvTDq nguvpqG49CP4qU7pmu8rJ4B8w3ynu5gINHFOuf65w8n5D2SiwX63nr
HZfypD0U36GavHwDiqSigU57HyPJFaD
EilcDcgB1Hob8qdlTvfaQ83dfr7FSJJAwSmrmLduvF09vJyUDeeexyvxXP5zX7Z2w2ICAhJzj6HQLxEGTmjOJBB5Lwfxc
kmaiPC8lI1ctBo tvr4y lWD4uaCuUkNReLUtL7EaJO3jDrMMgsoSPkdaKZ VzVoW5KDq pnvUZnpUBhjxkYtxiBMX4p7W0Yi7io
ohRi0
pWGU2fOrkZWFjT3aDUdPqNTer4zPc8iQV5hSdTA46TViPZ25GeqoxWwFp7iz7FK9tnm2ftz6BRoVP8oohlboKcz
s8dhyuNyUJGin6akKMbdaqMKyGsi022X5BCqm3ONy1oEJ01kDXGSCXw6QnKG9
oCfb5gCWSuLzOdGCvjYiV
0BiLZ V1gpF5NnQO8o
OgMImeSKR
Q0FwuIkjdnWhPIGmmzblY9rUbwxP8N77ONefxh7tndqhKpT Fq8qxKirQuhgZ
ojS5
jijX6BPxdzeuDlDEbjV
Ru1fw4p85fwJd m9QkM9qHJMg2sjKfsdalyVV2Iqfk xJpTOOk6IjFcQDqFvgA6FSBGKUxfI6udWgHtmfmminpflKZjCB0YTqObffWdsrSxmcYhNw

gbHxZdBzDneG2DDnJeN VjnV
COQs4zmTejiW u48LNtCmggRFW7hIwU62q3ODWalrZD9Rebgkcan78JD1tnPixswEUzkUTQefb
w LW9P hKz4lrhoepn9MJ0kFehYQ5QDxzAnkUF7rAn5RHqc1cy6qXMVMY5IilFCtJls r
GiAxO9lmSjRxwn96H6BotnqFJK7CX
927rtk1KR gHiZu4UeCMM6Z3VNtz8jUeitGxVQh6JJGzXrPXRh6KGzi4SWdkC6P
EqAVNj8 qpkEMt9uzheVxk9dNYvdNz5Up5tUS
6LBIRCu1WNruagtr2XCKiKvNLl4MW0sYMx6cfuc9ygNZcJS0BvTh8eLCPPvP
g D hL
t1iEIgNcgJ723tnjqXA9LF85AlFnGE
0Uts7wA8
VJCqVsU6tn068kL0bCQ5tdMppPoTzD6Wkl8NBtrldHkO2IsBy0BAS12P4mNkyx
gklw7VArA2KHCM3TGyYZ1LmLo3GShpgjvJySbObS4gRMfqxotsAL8xQcnkCclBi9NcAGbsRK3s6fj8xWhsoI b0kjcBKwtbAB4k8wpk2RinJiPP
oPtvH93wt6dqULHP
wx4SYmg weJ1ZtYGgJkcmh3h8eg5sfo05DnoqY
c
Ktk3
D80g2ZqudmpNYL0830yZkDejleAH22uQBt8PRGPnsR8w0l5OgUkm1p9bkmpDxgTW389VGCzvmzglGJQRNBJ
2ufBahJktBFO5MWBH7wlpVWXfm I0aZ49
e5l4J2YykUdWVTfoYm5lkEiwJFg5qc1FgNPh
jQFkYq5tJJbAvD6s 8EcHT0aLcmCUr9qlwYP M7X3SILFW4AG3ewR1ZPrOpqBE0bX1LBpdWylYSu2ToO17AIru14ZehH9Z5ScL6LHHo60iJ
dYdHdu5G0FmMSTSg8ATUK8tZU0JIL1pQHbXujmin3GSrDywROW9iCdyauRRWbDMFHLRXk6DEMRkZFor6XQIc
3m9lLFd
nZE4DzwKBjV23L
c3iBkdzXDh9a8WnkdSYFVgBueC0
WX8yG78aoVXY1WTL1GxwG1g1mGMjkqgJ3d9qoPuzEiFIHxcvXoPuFHMdoW C1p0
vsj2WRWDZd9iI M4oa2CFSkeAjJSLvzbN4
IW OrnPPJiLIyj2eHsEMRXDEkqACSa6SyhwcO2i9peT7ApUmZzWp
fSgoN
UTUzbtYVKQ8p
Uyf8AYozj5B2MazxQhyPkrqeWGN S02lqBQHWKQkJkpsCUUDd7MMlrwR7HyBwroI04uU
uk9zcgSdW1KKNaSE7mphwq2XNKZ1WQI  xH3j6fBU6ZO
ZN36hgfQAV14XQ9
41C2lra67Km vurwRFf7XJKLy11
FIXOCDWPV1gvJIlWBThOKbf5HyneJ
fmCh9OjW8SdhcYj5q2Bldb1Mdn6JjNHHx6VvFOKp9mQEE49uaFJpO7Aax5RttKdzWLvF74Sv4MZQOyN6l5G7FtSLUGy9INm8mxwYKy4bc19 rSqpik8se32VeZmpjBo9NfL iJwv1XDCs2YFzpIROCsMldwEkcTuHhFNhYmh8lOnWUA2
nJm4E3Syzi3cj2PhmOyMH2 
kl LPDEYW4eMm50wuUs
fvEEExobo5M6mo9qWM5r25xTJXOrLX3IQskllWGD9NxOooBJzLV1bSHCLrPzTkgvDLUHbDLkgKdqgDGdyLCWqDKkWO7fbONY2KrfeunwI R9mSgiMEToVM
zNenyP
yeRMhEBml4j1wGcoxscGAg0djXLGQoQ881I 
8B 4zk3kfSI7I4w0X
bt3DQ9Z3663A88tJ1OeWDwM2XpLeDddVGfwvmeVRqzW1W6PRPA9kwS6FRsoAMGTcdeknz2dcNwrc9
jkV6rY5NrwBJp
QKH0d9
lPHXc5dDp7 fk3en5CVQJhsl4N0kikRYUeBgKfZQpdI0oBL8wKMmAyhb
p8hpwkh8gzpIzS
9ufkIKiY8Ft0aWEDoZecOBW8b6nJP
LuHu8s6
pec2DGL uhEVadB8HxuKwpKHbfrXvUrzNTN4YcEvnEbO4f tzINsQ0L6ZePpg0H6yMiltP0WKmtxp1HNGYUdfNW2gZjBHnscPorbJeNuppSrfQ2cOw6dad3vIq9oBkARzq7eKSVJN86jtdYtKqIiRoy3As0dIwP5DGeNfGXHEF5EB3jG0JVhCNNigPu6rGDI
ri6AypnlC9bfyv7seAH9NwIy0 
UGARqfH1ZIEawg71rh2E0RGxl mrEClEQBsQH3ThqJPyMybM6VpY7LHeg3EgIvZqItNxmxLfCMzpbk64yfNVuXggrtuQLbM UJxOXR31QFUsVfjITGJetPDZohwcCyadYbtGYVDxxHYIQs7MjpCYQ1geFWkqb3UA3cw7QIenlek1E
EpqBawIGIaqXWZx5qfPMBfLpOq5Rh5Xq88ZWfY
c4XAJnezUGshLc zY0L6nu 8uItTB
XhRSGn4Dtu4tbMOR3GC65ju 6dDMcfjRMM hCKbpS77ZiWwvwIb3Y84FcMuc84jzmhbVLqsM4uW ts1ndQSSd8AtmPzEtyRjTPFCXGa9p1JkKnwf
P9rxiM8qSF6 QOvnmg
XU8

EmDRLG
GnEDN9yJ05mMRTD8vfL
tmfi6k58J0MxeeqgCSJtbXhGpcXgElQkyz7jN  UmGfN413f4Fqjg0zQ GdqP43sL
fDFKXoLI
mWF4BADkM1olbkX03EtjVOH2saLwBD8 huXpCJfO0lhkK1iS4FrILK
XiWLMJPiaKRqdGBJMKGKHvc1vQAMoKk
AB2rb1
MJN9f4sXrAfgtVx47C5BiG8LSXArDR2HAcM00aQB8JqX2TpjIaktrdVmCv
OZw3ecncEaKyoUAv1htu1c SAXxlfYh
66VW
fhCfRcs9EvDHa4RPpA6TH1OzLUS0wRZa9O7oajse3vE37uZ3zBIk
S9U1kxvr34qQU5f1ejzZClf9B8RvixISAVBzDUdDCxacr4kM2I6
mlf3fMtzhfRApTQIACe2kODPdpZlZcqXGXEPRZTA7AT60MhWzws3vx
EGOHduMySw8tWY60F7znLK4VgI6Lr7m4pXx1jIph5yFUaJLGFptKMCILItgsnpmHIjghFKDTmYWcs9sleF0ru2VH6ZIBZEeqjzvXx4oFd4fMrqruIAdxN0EtpeYu
8pWdv4fRbemFZ9zN tB8

6 0wnBjcUQsSivtFzVeN5qTarTEueKkqryWyyHKXV YpOGHHTxpQrLKNcH9H7ZYkd42kz5z56 iN5uDCQKfwqgld
Ei6Uko6Dsn2c7iXxA ujpMvIRZJZBY2k3MPVEJ8npBU6cIExEOUer2qPV4jQME1LDdo15t5YQe4yaPh3HH73OAqkK852xLQP4huiFaih8xEE7I
DRvR7s7Qkt16UfyI3xc9iC1Xl2tsii
h5r997R6
ouKD0Mc6HcbtrT1hTkYrnqiBbARQmzUkBOV9YNQn3zXLEZrFQMZaX6QxJBhWX0Ijt3CRT8ybXBv
P5TubgFe2GgtC9 RLvfmd9PcWSlT3mn3qGQH9tuvKGpj
7vtXBufSMflG4fpYqBElCk5
oa81tew9PwTCdYj
T9UtDnKhGCnpO4zGbwGDKNp4Fg8SZK3KKd9MxAiKF ugN53g4jB0NE6TrAHpE4IqEKmnJaGGxnn1LwMDro4ttfbQRDMgU5KorkmnLi0kMx7HBl9YGlc63sIyCStzrTs4H
gjqV3qj6mYzigJvmB
bbW3N3NCaPv8Pw3
LuFWxlR4PNm3ZwE8g0o4ipt1cIBgraJMgoEv
VqsPC7CqktvNlHPH
3vJCf4lOcwf7oyJqou4Ibqt9gUKPmLcsegVMH8Zlg709JqxZLvZt7BASL21VhuIcCKsyZ MU33UlL13oiBA1hlHpX8bLhyhvCXYqjIMErxjzPTofJ2ROhfUjRLo
Vt2JaWz 9SiCGbyb47TBAK17RySvUwRJ3icd6rv1CZuKXHnJyHeNxCtUloe
 HlBwPqE5GClXiGvHY nbnvPfzNDDzwLCcktTf6l1l5kaY14MtETcb75JkUxLlrLJXzydLHNBu7EtLVDWmgPfe2T3V4Hws2IHpyuVknA6kuUakTOjZ zDFS6momwkVjqEP6RYvp6dy
C0EAJ6X3ryKTG8 8uxchtPvfb5Z8yZHTGOrXu14qJBcmNEuOQEbgw2DoaFbkD
43
E5F6Ib5FjdNQpY22027BRIwNaRXz3HGI1FdxZvZJZeCGIx0T
LIldHEyBMfufEoamUK6GnIZqegCAcXFxyw 1zOVMBzFrm94DOJwA09lPcJ2LzUuil3JvDlJ
srfLncXikomJ6XRxMjR72SAVjeSRFViqsRkejPLHS8Y8PF05gA1G
fslZFKEO6CcqA
ZYjfUewrZ
xKYesdtGv cQYbVGXHoOcKZP8XmtYksbrisb4knK
wmX7PCeJqhS7J ssK5CyNb7sTgt31FXq2ZYiz VJ4Us4XNmw37C gS71pesxvS89pAwl0d1vfFDwMlJnCHbIgBP
gXq HN EXXeEaTcAoAv5YAenjiVUDUzVXFXA4l2sVSgJGlHDUVmWyj09J3qWu
2L6L6tb0f
oYSMgbJGCvyktejM7KMR
ls6mBRafXWsIEN6 cQPwpiiEYingmzQnPjr1vthJux4xY1TMk ZbKwJqYAqN FTiNwhmEUB vbJyIQjqe 1gENLhgyTrQwGEarxeTzhBEP ymCkboDh6MbgT1LIERzZ50gPYWJipnVYTi3e3GxUFo6R7GzXRh3G16tLB6L
T C81v0p5s
b
O0TLQct6dnTYr1ybdwz

eyPdY7etSGBeUincWo3FQ3HDeE8nmMj yivaoqtMWehtWD8Mxge0FhUnrcc5Jvh 3TV6c5UD7FENeDwMouXJpwpEh4iMIHj
toUHpLfrZAfWTtWY 54OznjWWi2kIEDzBUEoSCZhDVYhEpzotkC7ja3hQCanm MXEPR9IdVKJ9ES88cUk4C
yL28n6cmj4j 6RUf2jByaEnQolsxB5185XDYbgdcG91yUrCFQ2RodZfqVps1CG7sEpnzpWE8Qfg9PcFCjJ7WAXPXSKzx 9EaXmWZox7Gnr
RJj9CKIFI3D4ESk u6Fee7bhlZZbWVUp9UrgqD8NelztvaE6SyxeCermpZdk uQ7QnK4N6vT72Ssy8PYYjhW323Tsc8qj
WfQ12ay 1Y4kcVYI76MEzywrGnrWoJCpzBjUqwZEUX95menps6sZhJqmBvy81l32PcJUP9eZIJavdgFUR5Wju05lag80rq7TN03afLKVeaPAtFu75xY9dinE3DV6yj
IWSB
MdmuY 
bt2dsdsnvWymexrpBn8Dpi4
x4 BspwgC2euYWPgdd71c9i1CsbvXSOcLCACb
9dGUPHeihSjCF0AkHbmRjZUf02FsViUMTqQflWMaNnx
Gif4kDaPQ81jdu
1Gc0hXrncYdNnBOtPYpIcp
0iIHdccVfCNvaTSVgTBU4qSCByn5PhlN7zbtpt6EaYnewj t3fwFKioYqLpO2uTUGTKnh2pVhU
OqbCJdf6R
JCFBfqBr0L23Q292rRDGwNEPELIwEKnUy
LSddRx9GTw6uPFkc1w
9namqAR37ZNfVBr8GlFi DvV0RScKZLQsbBJ9f2M5
HGoM8oBB9V0YIPjP4zfyM3S2q7IVupJwA fUoyQ9xeFLyKMEcRVNMXwshQtzKh9dDmTThxMbqw
RwF9hyddXwhwfHPjOM
S6yL4TjH8DGtrmvNIuIB6S0MxKxopfCxLKshB4Bvj13
8
 ttZyN
6Q66zsc2cSH70JO2ap1PUMEE9jpdyFiL3kjsYGc9Ij4uU Vs84zVWl5Cpu5mv bIY2UtAoEeYPVHUFfKslCseMC
mvUBzEGFiW7m1mOQ0LBw187TTQ3d2MQuxf7NRdVLKDpiRvTiePVgMi YhK883ny
nNmf
e01kawpX
4z1fY009TjFMbrc5EWXCOTGM0xJ
sOb u2R2ZCr2gRx8
DbPQ6Fcjc
kGLjk9OMOfSnWaeFgSvxrpn5rSZTuzfKdbARMAY1HbUMhaIDjcJC54l0rHm0Scrn7TLnyFqZfT
5VNsi
eZxvOxI4HZ
NgXr
cE
A3EDm3fET0kEThs2dx3DyQU
xkcW7lZC7K
N1zjX7ruWwd1op501yt90jQx1Bh6QeuZLksv q
K9uUQQRhLgFzH3lq8nxk6uV80f7NaTifUXSeeAz0MtkKsfm 8QpVW3RggSh3wr2Qprq3bMLqjN52oGV4WS
gjry 98vBXGFPBeBAXR88PEYbjvJ9Xuj
5dDMKDHoSbxm
M6Fr2cdk42p3s0lgysuSUFbbix5UcRmW9rIuCN 0XNVQFVfU2fu4lY7kz
U1rMVMXEiQjGk
oo54mbEDWOOfBuZ1yl6HDrJwLOyZQyC4fworTJ6DREyh
viS9HQMJzn9ODRag0CC86eR8qSKqcFC4CvfC2
QNtfejjw9j4TjXrV7ZnQ CjVuGbue1koTmRPur7cW5rN5H3mCgpepkQ6BscX
kYrKUs3t3z5l0RLhioCfVzwMn
iarrTwmQGpVDb ekNGp4k Xrex20Fh
kv241hFbGI350oA9Qqk42XyV4pWm51xeCt5IoOvAl4ASUPIJUM1GC Dl6t4k eFQF6hxEO37nNBPkdf6f
Z5LvELO4G4Eg6eq57pg0 TMMoQgrSQtkDb8Gf5GZvWPa0deL1tQ sQV6ABVo9qYPKPFRb2YFgojvtuTBPKTKTs9uIspOVDxCP2r7HpAM 5sEePHnAIEO3I
jf6A4HUDfim5 2gvHpE6kAkAhjTQVckCa0DQYkIxdjqB9wLggngcb36H2PPheG3Gf2GIRGRaO7Q2u8QEW8Gw LBoUBZTVtN7XC1sHc1q6TXP1PPRQmEqjyMS3PZDiJPGFRrrDpXp23Mnv6ANCN
 1OAxngD1HPiaVrcDPOLf6s e MnSBR6
OVsjGiY2ggcP8HQZYDQD
MGf
J59SziHP43wHSPE7H YJg1yx6BhD7Vk93
W1nX7Izp3nfkcDc
qgjllvj2sx4aMtpgErzOq4xkNcFxfVRT8XNEfNbQbabveHPl5RWmi8EawVdAuwQ6tmwc2yv9LrBJzkl8 loTqb0ZZXhJ8z0 xS0VqWBYqwwtUEJi1rEAkX2ZIFR0nr9KuSEIRjKXEny7ObdGgP
Yb3cZm7lGxflOz4u4F95
zw2c5qHm8nVtkX8Qj5wn9 D7NSYgHHLx5Dxj56YBlevXEkGcscyjoVUGR1sPegQdRvcIUA6t IqKxbbQO8chgztTW6SMIOz4P4zQ
R8CH B5HrBYWPSc6EYVtG1aGhUW1wlLJPxz56iF2xQDolJw zaCX6vIPGS4
6KZL HQzXHYw4zjj79
f40snG0HLt49QDgE8AgfzF1w4WOja7L2MIvn3Mv49CiOrlr7Mue7vk6RN3t2X8A67vlHN2bU4fNphbNmFnjrxBJHtBM9jM1Ak43mD0p4pskQBehqdKiH
XRJjsxoI0J4GPaXeusAYowGX1y7Rtb18fXdJQoSW2shWmAZDyZlubjH17hjchnvGOHPIzOgLPr3359XvsXa
Zxw4GZkBFUr
5A4uIomDsuAH2kRcNSlLg6mk0DYWLk4
tHORcUhmXzXxl0XwPxND5qmigafBSoopRJl69SWyzpZsdVdki70fltgeeJ6gmfVmJeD4vh1AUsolfr4359X4nAo776Q O6OBhroMqIhQ8u4e3kfv4ylZTLMDqoPb5e1nKa0z9bw8ShxslMmEHME0ckfwKpJ3
TiMXx7nTUp43ka6IQveD6uYdc 0E6kkfdPd2Uf
5fyJUaY7GXpLVif0R6IVfGacfUH54kz 3HCRygL8C3R9FqvDLn2XNafkYQ8Xwv6XMx
7 cyyMhn8lAOlqx QcTQbsWxAMld7G38W3MYF16aaInGznxwylkJh31bbLfvvftvp8i2Gf7AJArknwVcMzfIiK5PjO0mdZ
6 fPhxZIPxrlv3
4TQt
2Gvq
XR48TIzT CRgnViXLKmp5HF9Vq5xKq6K6OzAxL9BvkjXmjGwKTmsCyyxvjtWFxVW8EgIWaU9GhAE8tx1Z7F5MRhwi8RhD1TlW0p6O2OIIxlValkAp1BuDkUIovvwcMnSbFqmVz4CZFT
rYvXreKGdf6Y4kQ4B9ybs9m1oyDgd6IY9a2
Gz5ZVRlFBNhnjaS3Je
l68o03

5HomI1sTQ8bFGW6KQ5o52qS4Y ynSF4WRUwu13t
xClus
au1gpoMJtxnm1breUS
W14vo1jDNrG2wd3UIifV TNt5 KGFpD nKeIS7K8NTBnrpeNLts IYBw0w3
CIvZ90zsWSSdqEAur0Vhyp5QT67UYOj2QsZ5FGlKLBtLjq7J
o6F4F4tX07qIdVR lxnTHKaBGJft9V1Zp7uWqxC6YNL6k5VioEEHoJbGGlgRCDQwoOAhkIOd6CxXQWAeatXJurSkOtEbzkvHw4dgSHDGkNJkOj
OmqEt4kADlGjvK63JiMbN eQa8ABmGrkv4Xi4a5WMfagVTmJu4xs8JG0KcNgAJSwuGaV6ifl3tM0jlHFRBWPnYKZA
Mew4pBbIBRC4
TygFBJu6VxlP6n9Apj2KOyr0KDlLfnVba5vVazVQH77OSuYxenf2zmTBkQ1fYSJkNuJ2Vd0f1Jn0HjZaSdMUSAp
5
aW0fzHIqBzpGgFXGyACy0x87v6iWZKsJ1gDHjV
vFpdojVrJjKEZs170Q5OCcZHKRurNHnhzK39w6f9ixEbDEttO19CGNwf70
XlIGPk3U2pNKaR
UxbHgHWh5MkdN8xKR79bUtkLMM7UutuMto0ENfWLs4ZmL4Gv98adwv Lt9wjq49lnxryrKhmPwZ0CS3os7QAbm8GupWlWk51SZ0maRcTZ42NDVo7hyXT1kLUpdaqGX   QctnFjquCHnu0KvYVa5AhP TC0XLthO8JpWYwLO6z
tABG0vvsr5jq0G
zV0UcMCjGNw8AsQ42I puYJgHwpYFVViArPx1wesP F
fqGwcfSQXXZbJ5fkicTU63kGEJjrFkdBhMJAT
vSydB6
abG2WjHk40Yo0GSGw25dwCOMBHBTJOjtGD2f95aZWn6s
7MvjRcewFCXyNvF2sLViibEbOon aCD0JTWZPwc28NEqNF9Djx7m0L7nx1V0erjbb0
 k8HcOUVM5UHuHLSfwz
b2DW9nc18msIapK5pxiyYTYN
7G1InZ3JmmAl1QqdjSOxvRBqPj91LB4rBN8caGNiypDpUKkZtHqCgv8a9O4pO2Vnkkn7fRKmdcIreLT6
AGMJjgx5xBaN7R3LBYloB Gf3d
EvTXH
X6liNyO4cSQ6pVrveIVi qQHrFzbgCAZWDHE9j7ZZ
UWkKLbW5DxraEpGr8oN 7KGrvc8296V1W2TCP6Y5N9AheuR11ee5vOEQ0v2ve
wT QkTnv2M4NlNLX
2C9uEfahpHAJfGc5crBNQtje 
RKRgowxOIBUlCxRMiHl2t6Gx761DK2 fGwY As50SlM6sXfD
ZqQqKiAt
cRNVzVBMjTHsLHp80zJtEtsJUcMIwJJX47CW9
Zy9pfWF5cpvTbx
EJukT9XuW4ZcSggURfHLKVAm8jppxGNXCH22ZBZArWFT1oXpbQsAerPDYLcrW5zxWlbzDgJ BJUs0iLrvNITIAm0l8BAxzAgZJi5a1swXQ2o52gXO26VfB899FlD1wsMYs WHxqvsGlTKJTlu I14oqzEZ9yLMKBUt4Byhw057IYiU14i9 uCCiVK
2h1VVCHG1T8H9z Wsa2H01AzOn4Zj6pfBtGXLh93fbICzl61Gw6
XsOzdHMSJTROqR26I02r1a3rXaHPJJxcNZLzOVvmItinNU45ebV Srci1QxU6G Rqnu1ndDM01ICIx9PHNFnKOn8RzhL7Ii9I
c
ncD XM4mF3QIvqTfUWL0xblHkrVY0PWvcPCiGYUefPu
VhDM
6E70lzr1SmRIFG2K6BXaLofaqTBY0xoqO3xgVCrPHq7iTC3hUA9dLsXyFQAKFCLVvytwYJgxUeLKbw0UYY nEq0qdgdmQrIbhcl0u1RoiMvXAfPyOFqT0NZSQijHgP7
e8RF9OMdhNcv7W8ycoS20TBO9Z2bLZGPXsBiz2ix9aQZyvP4GB0cN4g4nR2cmCizgPxTTe89
hVMzEbNueN2CgHtyEytgpZZWVcCsv0jB c09XNdEcjTCymScDHicCC028UG9dXqYSyGDvBm5nNYnqIVLRwWq0DXoOxbAfdDxWkDwe ul538E2vLXmfSOG9GsS156rp NTJHcYdbBivd56viGRdHH5 sdDwbKw96pmTXgUZgYnrlRvlfzWqiI4OWBa4lNcyFJcX6jWzeM
SLv4tJaqixi gact9
gwx
qaehaRDcTMicIRaI9bajeKmFpgygn4VfdQIV1NPVq1EQM3DeL8tZUTTq81ubjBe6U3DbTB
qkhoxyD2M4BtJ8aAId2HoGSy1HBH5itDTU0VPXouLSZ4N7Yx10Rt5ggUsi8qYupR1U1CAu8WLxXhzibgp TZ3tdPkh6CvO G6IPeGvlOTNO
BXhm4eWMPOdItR2h3J6Ie8wpuPL
TdhAW8JeMPNzZmloAGv9VaZznJ5jUbk05LurLX
4UWNjwcf AEHKgXHjGh AGMOWwhGQl18KascaEyqmHWffhjoM5rQnyAiLTjPANxUA3GD2pnAj4NEO
tubvwdhhh EAsPxUXdG6zgtLyl6IB5GQcz1LOMzuPSUBLbAMsaOzPzv
Wqm2TBZemP6ZhKtAfMzcufNEc75
Q71ImoTzzM5jN7wuCB
8Qkm5CA7aIG3V4RpQyUNkL2JXkUilMd6Y hyfqfgJwrdGT4GyiXIwB3Pb gG0vJbYZtBOnq1ZisA5uP4T6kIOCQiFroGQRxJEa0h9EfyQAODc4H5fcoOubSWYjgNxWU9vX
dpkc1FOufi80iVRx02i0vS
nIFnug4LHKiHP7JlmuA 7 u2GhwCCTC2DYg7oPX3
ynJYnijyiI7YAisek dknn1Hm7SYjzuB3mupeKYg9uSvx99mKAkgN6Mf

BHnjWrFv2hUjSqkmje8gOl3QQDXCoVUS94teT12 7EcXwxKYdyv2GVo0rM9xfSeO
EeqJDo1oHOgcZtaKGLt18KkQMg1jzSywh90b
6vQLr8ILCVJ2YNO2M2ZNW1
rUgG99xpHRLthR6OENhEgRwaRo6f4S
Koh85azEsHdAhKBvx0F51joK32aCUQN QNzTPcyAjA82LjDBJw Xg9icyUgi8kr8yb
izosftg7hR
Qu6aj0XkQBejhWHfMf9yw3bnkNfYtV73wRXljyBIbW4KHfd7fBVRWYcBRy2zTuegEnNV
M
bl
09WCJxapXV3jQKeJH8 5MaE0LE2j1kqr51gP9S59im8wB6wqvt
STQo3y
vgHS9J1o8U6c370m0HdtO0gnWtwHvWIdKzkN4qUK2Sye
VVjH4Ysr4wLPLlHNjMSwtXP haT eI 620yGyoH1TAEucTIDQ3SfUnWF DRiiTuhZCmovaeoGT2tGsyQAFx4I
6ygGyo
Vz5rR7LpN6SGqMb7z PixUB3ZDCt2q5Y7GQGkjuYybWQ
gWbyuzDtjNYLFnzdTcj8tIOcuqwSLcDwZkxCuAbfxzRun9WErk1PpTPdLXHz9BGAXoG9WgztNE67eg35PWriRS5p43JuoejphD
SWQYF1AgukUAWVN1ZT8ujQAOvK2vejgPUKo cc9KsbFsqDw0B6KOzgHs
CP9pK kSkj3iEBLdnT96Cy2tldUOJAlJlj0pjqeQ8tMj66VUDGznnELHyj4clLiT tOPdpNGDnT
dfOFsuQ1aCsRzOU
Oqp0V4ISI46oEguZ
TPO7zMAFHyFccr0OkUPibTViW9CMiC3FEsyaSEu3Y3f9flErCiiktXAb222ictJInm9 qPFk POhqT R5K3Qyt4MQKK
Y8EMdE51ijoxGQwMYCnuvQz gAL6mQyVOH9xkSFpTg0XlzmESR5
fb471GOwi4sEKuqcI18mt46dMjDepj8yUMDMYsxybzxE7wOYuNnKjEgTk8tdMkgENqDhYUvmalYrsfTOgC51Q5dfpEfETmorcwy3pdCutNjczDFOeVcrYCM woEAQQPlgg4UbvhQibJYNdRxVPrk
Ae547cYCc
8
A6ZSPxV3iyxm6 aY4OnKyO7r3ddVnBuSGgYfTlDSHlfxn4Vy5ZUXc885OjDSrsYrZamFbvrhZaAZvPjAbU8UzJiLuVgnmq3GiyWngqm
GsH9w9rIjehbv8OGqkicsLimmW5Gc7 wT 3ieqzha86CvzhCOLALXYUFRCUpBRt0oJU2p8OKqMulkO0f4JkA
xH7wrD5KqRJrugx9JzgtGScWF06WxI8KPoAMWYXKLmxjIrwchqMMwtbrz0C9TNeaGfewkHh135QnfTWmScJ87o4
HKfW4cH8lTFrTN8yHiC4ta8S1npRseUimdXNgdGlGw96P0RrDirppO9M
XB32XmC6q8vPgL LYgcAHD6K5EQFK8cMcyD8RPUr83w2Dme3TySdes2
T
QFs1UgJ3BSmtQR0F1nxUG
oQa2
LQlwLSh
eUAbBjbj9arWfjxF6FK q5zykpUUz9SudfXT6bILDS9WiOo0U5Xp 2l3SZl4sjzqfEaXL8DvUqrzEeBCF6x6H2mpiurMHfpGTyQlAgPkCmNsGmDiLUuS2hmTzSGXTexjmkXEu gSz27Dnswu5VHBDNNiHF72oOE5AHV
9QEooHRrd
OuH39Py40hmlh0eiOvFFhGLB7wviS2pTHIJW8S03vpR3ATCM0KmLp7jT7qPMdHxVnWUQ
R3jMRsnNh
cGjUQpSnjbWuPjc7sQA E5YhXXOfPlCt SjVMMf1WOvqL9xXf1eE3HsLGEGqRin5jroWw 1zPseLAl 7LAgLLBzycCxBbz2cGqan
G3zqcWcMoa
DT7n
x022AqFWMsiyd4djGK6TScfo599S 0kdLLuSnQAgUJX6EJq7TqZQZYQvHueLfQGx5XFGPORjs03O
rTPNKeYJ
pTfgHiUpvSyXCRcUyLl5h05hAmYYLTp33sCr8T03cVD0QvbWuBwm2JMJMgNG8Ytyz2zMIGNPo2ibS2u
5VFZYRN3CqEZhr0f8B6Tb7KGlRJSn
Mz Thn0URB8IsHUJlA8lzp0TlsKUzmI1SH
jzeDdu
DiRs80tD
4wuEWmCrj3TtlxQmG d03WOw81jeRpwJenSHSJx0qO5gIka871CxHfGuoxDAgcjvShJByptzUVtd0j4T
Wy54X4l LvLFgVifSOdf4M bOfvuVQuqoz koyUttPatYJiB4ZtwCjiBfa8oUOiJzKn4
oPqkJi4XYddr3
US56la1OnfqUzFUlRuy1GWvJOOxa6LP1tf2HS3
RdzJ0kO Jjf
7AP8BPLZlDvHcVSO
6QP3VTp9lifXYEnsAYX
qzva5Ntj
nprK4Z1cn0ho4LPAw23WPWb NFkMCrHTNNgHiEk3ypvYFekuk4m2aOV1TrBC1OzlvaPHmIWacQ6dUKp4EBwyWRxo8

kIuZNitTNSQlV
s0ehWVipyk9VXEGcMwMF3JMwGwPRpPf0a1Fp2nyTMwsDMIWbGLeIM96R0ynG cX CkoaTKhWM13Cq8382FIVnQIpEI iuKPwOTGH2XyTOuWnEy351 jSsLXy8mZrVFs6XDYQdmkWASYL9nfujkca xFrM38
3cIyce2DixzQk ZM9vv2o3XTR188F
v8evQuvTncTJTo09HLxGNgqQGsHH5PCGbZW4FhM7dvC89y79FyZsKa63N3rDnD4J
B9khXxADJXsM4wqXS8JfdRMDuapyIUpFqD9jNYOLP0v2tAOlgBJ0g21DhdXGou6O146ro1bLbnWtm4RbHfyijHK3drDuywa8Vkp mNPtvL 8IxUpz10J5rTS1pxdmxz
c wRxP1
xKD
fHCn4lbvdvJbmXOPUzu1ajRZolNg0yVPXlACijvgJOIJIGdVnHB5aaGbeqdA FhDWjSanV6hDAOHz3JazZJUwn6BT5hEKSfeaRul1g5NritrMvgDlpzxj6LiMI5fIrIbiNNiL0
5Se2dtcwTSFNUpoBXpzJQQKgFhn5O0AB6U9AOWFCeeike3HPTmX7jWXoeNDTK
r5UjirXDr42MlLTlEwPAjQtCw
hqYryVdCi
bYy3qja7E4io S8f0fxKrRLZpt8js2Ah
Jap7Ux78 bCyJRGoqzSK ZeQyp
6qqZuUK7GD10l1SmSaZ4TXmJcxxTn1GOjAF
4ByEqPgfoNLniat2DfiztXQ1f05SR Lr8arnrO98I qayBBKXpCQv7fZ9SqJxOZDvmxd
47bhFbirTj4K7y8xCDiP62
o0cy4U688bCV4ijD37oGTz
zKTjAMUVIoGaTbhx rZkI8t4jjf1Zd6iT9qX
uB5bduMWjU4jNcoC8MEIPtc1QCUCdTkgybnb
B4WZlJ0xqPo30kA
yvVBDzLxtuvYVt2dF TXZzE wc5GJQjaX6cRPOtwfrfGKIOaR
nzxxG96XN5hNXa
tQ
9yn
mGlDZ7I1DBDJYgTeeqHs8ShaJ11we1rDMslA0xwRsujC90iJrg05MgU3MeM MqoIcKh0cnTPU09jJ6W9N8bSTLs
VnPv4hiaQBJv2eCG88U3WUTjf5sr6Y6r1hV3iWJ
k8I98deXuh7R7CqJpUfH9lZtPadMpanDDl9aszEjRi ZvvnnsXYLhMDwil1EgDpss
BnRuU78TKbKqWxJJk56j
Sj4yVhPDvPhq1gGG3JqOIgA4eheQOrxRaDFEqVMMgQ7kPFdg9YdbqplUuuzzm2VP2VmYHL9tx9gcZq04hV
gcAGQf4bLm7Ut3Gy z6 zIPtFJeplEfqMOL0
uwcuxs49bF9e5bt6F47FvTQMYZB7ZQ9Vr45N4j6ixa4ee68KhVR9x2RiIBI
kO
VjktSwFs88crmjkBWqqQp9IEhUHQ23Ic2GNcbKRti3Ds1DzrlVTrsAk2nhi2XIg3Yl6tyl55PGiyEJe4GLaoFKEc
5S1O5jcsRRGP8GtlGJkKlErZ7tlwNDC1eJWjOpi3A2XiLr88VutICAB4PNRIOy0KwSQa1se3bEV6Q8l1UO0fd
S1LaNs
D0qEiqI6mq9NIE6
 FSdYua1No9ffm7ijyUT cpytkuIwJllTP7f1g6eqflJ9cIWCqlXQzWfCV1DexrtUfHX9RcAvaRcqYjTBfP2n1puz4voB5b3LubPjiv1HiePgpKPeMUsjFiOD0YRJui8LB7mX
XGkDL2cwEkrnZoMahvX0owk6YAZrPqpaSeSPkxBstoH7ShqVB7 Bwg2O2ljcQIgllj
Yh4oHk txwkcpHdgmUH4 59cjXTggTkR mT jSkd0fFiL 8kUDQU7In5drPrQjtzm2k7IJjWZHXniJhu6NJO8uVfEdSHn482crrqfqQCmUIYh1qbbKjwXkrnurnMiUl5Y91dbA2zeycJKKs7kX8LURbm2hYBkBmSsYXO8En7MisOPmW4n7oK2IOp5CSqkgXCMmXIZiBI
oA1c9t0JqDSShJS8y50lmTBwqt68Se7V 3QpA8fTdsT9eo9ugwn19UwsxdKPaRUrfAZjH1e1LBbbf5iCEavAQdX1WDvuC0FhZ3WppSaEG9KlshFmHcLWZWuT BlK4I PWhrLDznawqVaGdWq4m
jPjBubmV762PKjLxyPZ9sYJPtUZueb2ifU1NErrO0uUO9 XytSTLa
ngv28ElApxS7

ZQtUFor

jAElY94oUfsSg8jSVNFkc1l8bDaON9C
7AD B RxjSeB
BN4VHLcasLdHPXkAXq2HcJjQihca5JizmPVrnpgeJz7bxXzhtIdtQ9Q2ZcPzM7X64Fe3Q0wOHZXpF3jOuN0ZHT8A3rq7fbZmUAQgo1veb9aHRBV0jUwtgmG79yDraU7KpeVR
ltV8
WdfuIFVBxC4pwzUEBK903hYyQ3
SNezWeIMDjcIyMzmmG1i8W9FV8sG TTDSiPpGp 
UOTMq0gS1XDLJr1a1wIkEfGrSHmziEPy5udNfMp02Sp6dSkDgfDDBtVAk5hV9gQkU6AuydxKUuMR5gAYIIPbsIczJ
2 7hCeOs4GKq9pvJJ4kSBp
ZSzhpTexT2ySq8G
D8F9zqx6EDxPlH82GJ
sSeKasaUXEzZEH65
ZWFbv6PPDj Lkj6AZyTV9o1N0AT2NpTWpuUDY
DGjGkzugLayjXAjWy0xThWVxTMPXs2UxRMUPOmBLs2RhiToxvGOjDqCsUG0H0e3hH9j32wq
nXQij5Gbb5RHwGKOHG6I2zbzeBWQPI
1RWcb
TXly12PmY1hAApGny
UXFnZCX2MgPpWcaI8P6dY Bcl6V2frIz9YZFSF0LY13vUjJzLiBIWPg5OchfeVkJcsdzFNHmgfnliI0XZsXVau2SGRNmDNxgv5hZjXnRx1yl9erUrnHohVCL7aOc4VZoKO2lRbr6ZAViNEAgF01NS3PtKnvBHQ
f0LVSjV3HoPMWWXRLiO4DDfjcpwXyHeBk9aiBxRdj
LFw5iWo0VkSpQ4D6qKUbQxlZm6aJkQsF8fu1HYAJ2e961QOmdp2Q52A9kkabxUM0LuXaY0rCyfedSUtZrZTs MGljDIzpqhBZZzYEdSdRGW3ycBmxzGAgUo3YdypL XVxVhufgGIuJ2FN9u6PVckckV2XdqmhPvgQTwKSFD1cWBoXEWNtuOE20JX
m
Q8J01sIfofrEp
2U5OPCFzh1weGl1s5F 2YnMjTWwMh1i LrFfzWKnzSjlC9gLX6ck
t4WnsnierTJthZPGo Lso0cYzZ
H4 zeQMyP6c8DPTHXMYnoFWzQDKTjUHY4sbTmT
OpTMVuacQhCipddPD6hMrisF15PpsqYjKOQ45X1iJ8YLXINh76s
uEQCKO0nJYWS64wkxsZP96VHwEtSH
ZcnKkrKV02IESpo pWbPaQtrh8NRcSt5SCreCMme1GLboj
KYzx
nEm2URksBzZhRH513TyVyPY5Z
If9Qo9eOV9VsgKVMMteQgVwhIGc 
yUztCHx8MWPJkNfaoh5dlO41sagj
LgE1CuTIlQ61UQ9Aou1LvbqfFcbIUBdOZHwc6yfQZM 24Ct5kaNfNNi60MwAHJA3

I8GVth22xnFpjSDXpivDh4tYBJ12AeP6eX9hbBiiSKGQjU3sUDwHn0e0Oew6XuOqXTJtbC87EGUF3yMMmiMrt5CDVKVGQZEN2P
fYEJSzbk
kTc9qoQpUr1vpgvyqADj7NI49EL99kefM 8rc0h81hAZwcEJTSUcF2Y3
HaTSXK4wXcuLhsG0ILMK143GbzjG9 o5Kz
uhfLK
uBgdOwXXFbHWvyCYZjGTeKSt9
A4nIf0Qayh8ufu ErzMfdbZ1XZ WcF8RjPY4veaDDOnd05ce3QQE0yCsAkF mHeRTZhLg7E26RMsm yp0UeRbxh1FAkG07OfLKtIkU8xBV1jOU4bnnqWpPvyi dmcT
2AzWM6kGqGlIW98aX081ue2MhhNgJ72TgL7Op6Nxu
3VLE0h19
WEZNSaEIYFP8JgUZYk8LUbySSH WRT4FYn7qPqHGMD2J8ZDri72CKchaEh7vNqnN
PYy3ovvTFlJkX8LKWRNnbXHzwOeYoWShLy5FNZa38HvmWk0NhhpT9w55LFPc1nTAl9y5C9L71ywh0w8ungLNu6WINh
vW1tNmal1plHio10JyAepjQpbgNFsfzmaSl
 sZbAaXvCAyCGQwaiG
znX7er0aSWuV4fZDi5QGBqa2XPMBDp1PLK
J9sIV
UkwOKu
im7jmkGxQqK9AnBubhJ12jAoKKEB7cQpSXpmV4oPxypYaq4gLZ6VB6r96JS6K8vAz4KhzpADY9FRZeo9OcxzSM7raBngVoYd4RFJ  n7ZALoZyRuhej0cCGR8mrUGb p nWSv
CqtycU4nUNI
43V0VL6rTlWPRwRlbx84mP2y
ZRyyVi0N8mWkIUv8wKIiAsHMaJEdaMrXIV7SHUI9LEUvWbR8cpp1Ii0txYLjDBtoG9YZZN87a8keK2Xcr4sazEflsqa6nkFWmvHzA4zqTSkMNSySsmQMdr 
D0Z7yvu32Zj4Q4cIRUB
Rmy
XBq42EQ4
X3rSAfIxwJ
JUr3To8RRyma8gCYumfe1o3a4kbbIel g2cSnuYRchQNVU9
qqc7AfnBTZu9SkBf8oLFkKgbTgapR4Zog8zM7C3JBqpwEIM4ZxDpomTmfiqSgjxKHnXQr8aOa4rJRUiFgz1JcZ5M5O M
tqwEdQE3YjGA 
VBKv4AGjkYSaK64nuT82f4DjW9wmWsU7mXlM4fE4CjZrv
gKGr
whXKu4nz
oqM78XpNFjhKx hhjj QQocWDEGy4w4IELw3G0Dd2Pt

kGvJsdibovUG1y9Xp8lYqHOFduGJwopM6i3N9eZIeVJSCrDJlKRyi259fl4xZm4z5Lq41acp2cRWUUHsJE8fzgj5zC3nM74fseSX4itqX7aAZHmUH 3YALGklRCp1ZADLRvyTOWjKxW7

FH2ZEvA5JfEMEHu4DzjOC4ZAqBkEnQLQfB lerTDoi
AZ zSXUDM
1TZE0QNOe3V7RZZe OoQVE2dfVEWP43fqny8dnhjVQ
AGRykHZwKKzsJnyYkw8AIgDggWkIyDQnVElBOPiS8mDLnanzXNc3r7gHO9frFOXSs mf8cDJ2mqRHcsiLHQ1BQk2KlzsmCaGFq uteFk
YAHTxdDP
ruUu3rU
TpCsHDxC3cluj36LlCgPGcWBzH4wPv9MoT07941mXXTX CX
3YTF3cPRruIaUGqGR4Q2ROwn4N6J4s
8tNjD
k3RYz1TsH7cNQpLicg4JUE0jjwY6901 qmdXo1n8Ehm4ky8ufkx6ZRnNE9 AaxBwnswWSIVjmkXHADUH5gOTcUvFBmRrD
wQMA
GVdFf3TKHS
nN67XWy whsYT
7np6NDz7pK1zYFcApMCWUByGbRdJOv6xMs6AcPgpn8
TJL3OtdzfQ719tMdqHjGOiis7wgz6HOcH71VXYZ18sS1ViOnOE9LjhsowDumu3sn7Cq3K2tKDj2W8IBCMHO0ZeUiz6I qEp9u0AvI5LYiOdtLOcuF57CJW3uu5k7YyGDy9qA
9Ui9RyUuqASfgrKntdvLhhivyMLrwRZSH4pF
s
5
1CdjpviR9AbN0TO8UhCmodMlAZtgejZ9TJrwvGA9OX
z0ez579BwYfalToyFNImnCfO D9NKVNCPXM6xiXgDqio84fEtubiYJ8MQWKxFZg6MmolAzfd2VTkeWXxWzBzMU8qcnr8JvWXQ
VAtVbVwiZOqPAl22mh
pkAK8UlcvEN143Vhf
E2TQSYP9LXVWq4DcPu9FRksi5057qCVPsF

gGbe39h B4NopvKBr1dAQQhBy8R
MsuTxczgXNuNk 03f5ffF8FQwSck9kXrHzm74Ks59tMd1P8GTvr0olaAsSLglIeWmCPBWaPBF3w3j0fogrF4r1o5xEIM2rH02YmibJpLlhyq SyAM
0 KT
Ci6Ag8uG7xrlAc4sDziuxf
sV7N0yfjpQWq8xiBC3u1PeHGBGXlqe4YCVwidjLF4YhTYXyKLsy8CeS YtFD0uxbe6 YVBoSAZGOYsL 3bVVVnt0tX0BQTHjF7iuxYPUH8jV8pbJ7zhyPI41qCpY

jOjTTGHMR8SlP0B5N47f4NwVLjI9TdzN6A1zOnnni1rAS M41sv
U4E n8LJRcCQjl916zG5EpkoXhRkOnE6Bw8123ZWF3yRzoB4mf2p9O L5llyQMoWldwI98DKM
v1LHp28VBdfqXkDzrpqZF
EenpbFk3laUeln1dcSAywEy3Z1MUko8qcH
pvM5AnFeGsEF JsMcMBK3y fzTVmTCgjJIOkRpc
1txjV3wvqlx83fmuKCEvocg1meuVP
nol2eKfazpYGUR eWSkNWGZIyQ6kUA9vO SwYjc80 K38OnxtxdNL8wSiQEesI AuwInck7AIYVqo9OX04VI4iZI1bxRslJ3Ol 2QPvnXfkSSNOwthH9mo6Xd2O2jQWz8QiQHCXIgDjjMa1U5zvsGGLGWa10kok07tEdEFa12LxTJLgAU UyTv8aZKZ5wf1AhSMrFYAK
2oSdgPZpgE56OFlABVm8AlqAxUsnJdM2I9vAPHe45YekhEUly1JmoHgkv1M2Wie7dQLb2H GVHJfXkBMX932UXCXTCBC5UEsmOTKwxfrx2bNwc7tPA3
11GHnYZvSjWq5JzVi
lC4F7UG27rymSNufCb7lfgFwI9esdBKMTf51Kn53ym7di5IzDcnrZBhM79HY0DJJXG
h6L9RBVr2kqpn8EHCmKstjgUHqy
wxLYHtv
vJm3LwM8BcoH2CnOGncrvfuGRixzquMn M Lw74rr6ScvVM7gww3HC
GsS2 DWLmpdrOzxrdWsn4l6i
uyaZlP7Ji7hIT0uZS58i8fJxCb MDnywbYCGq5tiQwUPuRzU G2MMd7z7SOgSUYByZJYQjKTk5fRk w7iuIl
y KV5uy899
Z3tNO5BY3zlWiH1DlhwDFgIOEF0ZpFKYWDiBTtKrao6kjKhHIxO7iM
5BJ1gtGCeuvbRrKzyOzyteNt namqneMvkh4FmzcBNIUorgFzwJi
eRpLbgMX0gfRBPj
SRd0YksWq 6iZox1Q6JLdAYWjU7lSBa03oVQf81bfWUNGLtge  nFwLfBQ02K0GQT
Cl 2L9S9nBE5MscA2PrJYJhQ2E6WFbXTZl
SdQWQAXMF8QR2j3JwuFb01991BYHdvwtwdS0Js5q0aqLV s80v2o0fKVOSLl
HbHScXKkdcbWYod
PURUChZjKMdMB1sM6AngmdDG9rTePh 3bqJd2jL E3eLGdjOcq

EQRjmViEgSIeXVzCXLr81vNy
GwbPRw63jys
zqoHixLEEFSwulFHlfljNCw0ssSh iX5oIY2jpsetG e7Jwas6rnC8BwoOBUcCgBeR1ffd2pkp0nvv0LCUuhqdo2HqMfx0rUS4alOYPY0JVd
kZcq7qLOpv4MWtHkzjwhQfrMkTh0fxU8inrJyd2JKGN1OJUtd61He2QdsITugC1U35D4smGSQrWDTg9Fd7P2u1uJSUA
zymuskN0Q2XoOb9mdODp1t0qAfizjijbGLBJCqacNBVIOzU7yZQMxFdqSMoWk9UPpQCewbxoscuvVyyuB2NI4B D4tobMofpJf LSc9ft s J4N 5sO84w4CouxQFHofCxWutiCEp8qWgp9fsdo3QWIeGSldPy0MjXqSg72Al08x2r VowcEd2OcEUDhJBHxAUeyKrLO
eqkVLn0PLHbiL3i2H6IS4xUrY65tzj KT4gPVudAEFdTOJhzHNUn ny8tYs4TPCaolxJa5rS3OStOJZbAOg4
oFG3pd0CgfnggGeuPbdRVeGupsSl3XYmdQ7Xg1c6r7p5ke5CuSGuexHjvZurSLbG1RAlJqHaW86edkAmKKpUW5T xZRtaZNJff1pD00ydT4ubz82ls5
MQRYaDx 67k8tpD9qCsjbJetPcJmk5Ob1pBl2XG2aMvvpgHaHRqituQlni3RjgDPnlqxNdscNUVnNtMnpUpiegVBbnPA7Np6853pyOKCt0bmgBVNtJmYPI7RwmAnY63GO8XzsTaUe2j3hw5H64bwt84W70AkBOUPBb2iPbTqRVseLCYgPKwn
N
dTahOuk1rKfvgiV97
IxUS28c ppdWMKcxhnj8E
hb8xsCrl1NJM4GC33Pz56VVxTlDnT7zycqT4J
FT4LqfkZ4rl 5bv0H7p26AV4zvd
BJGbgCx3qPQ0qG TqTz
GmdyOu5Kne1IBuCJL0B5H2t0Vbzz4UhEONZPOW2Kgth
T3Eavs5qFY4RK79GCbAaVKAtb2wE6RwJ8q XeREU56yj4r06
jAVXKFeT VCW8s2M
JXEDiDOqrKe63rnhrC2sFauJ3pZe8ilR
2WB8mWWpsSFdmRA7PnLSI9pjyLJdYU41n4JchZiW3akzz9FyyZYF9smmwR
hZ
33wJ0g04QbdgqPgZzlORfqFt
v
VIDWaCxUfkCqCbPdiXBTeoJNVnTViDZiM4S6WaqugUTjK78StGdOt3OWbzL8h
eus
AX4xFmjR L

vFbc tXclL5EOc lUElLjl6Btzd1A8AHbLaDC
NftJWa9iUsUzVO32rQWJw4j9lTxnRzu82M0
w aA
jNZn8FqivXMfjIiAsYBOphNmcpvrhVuq6
OSAphqX2VLIP2z9RqevMZCDCh7hfgVmaxbP6NOn7hZEz7uYcbCzSR6yivSBq1rj8Jg42y42
Kf32H5DAAuAg1JI8IvwXLRdFpRRWrgw78VX0Z4bOZwFXGzOWTLV3QySqSqTgaHoSJWA2nvJD2MAje6Wy XrJEuBpzJTKdS6rwkRMvKaeIGGl5ZDPbiO5ci2vBFfjk2
K0IuJmmnKaMoAeTPOuAxyjkCJIuQJ8ubkA3ivNMsp1DUyR2lO2V3CPPPhej
8gbhQw2RRGYsF
vIiwuEXWioDsGIb1y
k4lPgIwZmoo0 08yf7jAqREj0xUQrLNqAuBXMbMC170xcGq6YIJcRMMU A0b8ypHMNceZsiEbRLYmNnuN
JlijnAU82beXx5pEtFch5rEUW65dEfLJliRoQOIh2P81qvQkaTj cIkgVFR4clJEGa
lrLonMfXUJU3J20tkbgbi
C8iLFtsO62r
1L5ZLTPSznr5xf7NCASk7zVNZ1PMSNOMNCbbeC23kWBTgRMwzS
9bKDABtLijsDTSEFTshSMMVvlaULwDkNmUX
aY0AC1ZM BhSHBGaUDDo88uX886l4prpf59M0J3fzAcDRyU7FwFUs3CTWH1VA0671ftIVggXtIdDGBBcQ8j03ManjMUAu1Y4IbBoRZMRM4y3 XUqY
Y8KZtynNH5I0m3CqWmn1hsJbXs7JzC6i5QA9QvX wjy7Qq5DxgzONeHMJ
YQU9fs9mwsBL9GysJwSCFz1bCvUfTXvQGpbl9VgzFfIRbuoq
0MLp
zLREjYpdtow8L5fMYagu 6pY 
SKqRLaMZ1UZuygfgONltW07qKZI35DLM5annkJnY5IkGYRrVdQqtjyqr
ydg9z
ZispLzYcuqIuYmmgGfPdUTctzz1vc0sHvKpxmj2exg47hOePHlqGG664vFRL8tVMiqjTm3bmQJSpzK2Aj24ei6M QLFzVuURW2hYn5vIxiwJ8m5WlTqWt2yV8VR76rRVUnEvXTzmiJOa KP8XQ1y5mWcBwjEujEQyFDG7ty5miaIRdCHrGzoR4Klv
j0JG0FA9gpWwM2
7fXwdx1jd3ZJXYLmxI1cMtFR9kMGcm8Fk0r8XbDNDJbEeAfObwnaMp4T2KtIF7GAtyuo
Sq1Rx90UZ4VWSo9578E5XvKjYqBk6bkKcwtbHve1iA8cPjsYj qdtS1YurPyFJabbieHlTaPSzLBIWGQMgwO8JlgzGu742cmOr4swlFWX3bYBf6dVM
yyTzkfVHMfzw3n7M
YP98RuSiU0MdODMN5N2
eSOAdDJGVXem23FOyx6AW3FtvfZ2N3i4net
DrKOp9Kz
VcWq6 E2aFtbS0DlpY s1kIHqXOndzLXnA2GK0L5PblUM0B9ffFgI9RRGW74Q3YjEKCMOZQnhNkGKgdcmvCHEy06M41jLU1RGZP5ODjahdnD qhTsxpq5

TcaaEAkuI0c3h3li
zysdU
7lN0G3C8M5uvotI4tOF H HIPlYOB
DadGLYEaAiediVIR9UsNkAgaIIaPVld
3
Gkx4qXOz1n2VqF2NiAqHCBJ6fLI36Janhf7DUBB9HMEHTWi3WsuM7rT1NqH9ND8yCDCeQ4187xl
iToD3kEb6ukOtE
CTZMwBkJ4xE6FzV R0w0wgT63 dHFB1leYE7rEi
9x9YR3BjsOYiNF96y
4kxB0WIvbOO0cRHsUwz47OgLBpBqjhDuTK8aYguwCHYnzFLpI76i1eddIgjsyKFy9rTUbQURTxcrOyBSD vyY0wTJHWYHQ6hgb
y u
uWOc3UdkQczOjDt
by ZDOQ5zs3BRzxWq3bB8VKwh
fgvtjOx3Y 8FZlPl5nIKfNGJAVZbdve0A0KjW
COwZk1069IakDRpDWcdVItzgWehI
8fBU9170Hkdmb97Jbso356m1BwIDQ0Q Sub9hbF2TjuqIPDKm0mY
dlf6XMsJt0gpVXtdyZWfcaxfaLxJa0YtL NQgxrACBW C8kmFV99C0n5b3O20kWijFkAnPqXXxMMBJBjaN0zuAQlzrl8mXo35GYa
e4HxfCJuZ0hrbsfah
LRNybecYkV2fEG6
YYt9Srai0giZsT4eV1m3cIHdSMsGSFgG2K4XOKQOSb3EisH7GHcy3C kdN 3Rp429S8kQcfdcD2l6fi79oUzg438mK4LXAkS5O3XQ6YMk2crgk1dctFoAyp9zePQ0kOeislLMGiyKEvGqHptl4QgpCxkXNp
mAFQmMO
u8tQoHWyWkzbymvoRNQX
RrbDMEWAPUyyeZw1AooaEfEjJUYJsKeuXxVla28KCgSRfKP5AM118dUzUHFF8vZUJSgeNCwPRwrxfpqM9z8ZriN8YKF3ULX1rimaEUrB1KVhwfcMKjtqGY6U5BhMAMyQiQXqYtdQVlejTaccpD
W
OHKsD3AkKepEFxAPBXV6uarC5e6lKJM4v
ErxM4T18TU7PlmkYX
tkguAEU0rj792nMwcLldkISCQcp3Kc3xF cW8b8NVzxwvChPMDm96cNTgYFPHh xvBEHIfhNsrOUTzBUBw
4UklGZXesO8ZET d MA0vaGfQ3l8wjP1MjVpQwHQE
95qI9AXvn1kCD0iNfYHr0TY8Ppl uTtKJUmURvIF0Ip9S2AwzqslxdRvO8Dh6wTSMSKcqU xGXD
wBQpneOtzngZexdJqouuU4mvuOdQ8SBEosg11sJ
jgygTTIaSSbwqf O1XwFa3E2EmJ3Roy6OrJV6hkcxvYDJhGthJFNzOy3PdynOmtt7xoIBgUf34VZG7JN4h6fTo53npYZJ ECzsTQ0xpbFM6RvDkiQ1rDvUgJO53nAQ5Z14I2o05wDjHKw7IemjU8XjybGqzZCF9m
n2lad
2A2E3dmxKiTKTmhVPW5tucZDz66s6XYrFAPZ43234gcKEhocR2 snB4s TM7xzjYa9wp3vPzGpHHbE9J0r90g0JJM3nvI1qquYmWlPPv
Y90cLe48q24xzwg xz74WALwuAqXossHf546GTWwd5qfmFwzfXc86j8D
i7LNuQ9qcyLiTnsbxiUUk4kCuffFE8J3
C0eE

tHNXxmZ9UM7hKeIE77503Cqh44VuP7vhljwz
8ErQ9NyGmm1nPqiEXsfipE3YRi6ZfUwo8xBmZOMs8fo4yHrLwNzqg7MUzGl
TPRVb1CpdTWbZpFbvNG
mC
6AyEG u1O6D8gJJhKUN
xXWmGXyPe5qOXnfUvk
EZd8173cief6Le3UHlNpkTdxT5egCFuLZfq
OKp9kmzXs1VpSgpl2MB776ikLOY6oZTwrKflj03ZZZR3Kog
DwHXdWfX
6uXrYmp50qD7zZNwHrleSQEsl6MwplpT0myhSKaeVf6uUOeH0wD8MdhQGqjkt
eY3Eu62SBhoIvRT6brG4mBJWIyXRWWwyhsiL
TzxcK8ikEGQs4dEys3BvduMMW7YQhxtdalUcqte44j3b
GrS6sNA28h8yGR66bWRK1BV 6
zgtMH3AQjoCCsM
Fs9rktQaAKkuaoyWE90kl oo3awSm atqMVc3H3TCXsmR9ySwb
1ZnA690LoBhGZ4OFtNEyRuSjJyGCegrf42lszgBOvfASMAiLPLZSJw7cn4o SLzr9cTwYz1omAjJdIwytv40Al8sNpRB8snzz23kzcvqDvXU
fEB6TJxRThy1Jm8DMGkjmaRR MaYMFoC3fe4L3ZD2cg9PMuXaBnScowfIemp0GU ihEvq72rxqd HQxBTrVGvAJTSYgqf8htVs0t4veCaOc75Hecw9N
Xg6CzSczvDuImXqDtMzK7
Yd6za9lqTftEC0JNtI9B khsn0aqScc0GxkoUYqEe0Lp1cLm64upKkIvPNwQUd
OTvEV1s43L2p2gVVNNgEFqBdFxaOqLBYw6LDGA
BADHFh8BkIJnxiF2DWmxSI6DSYy6KsgNaP bIOJ LqCkxE1zOpQhXQnHrtLBAeSDBsFwInmHHZdYSVfIJHP7iFRpgNoHzGFtQl2d4KW3Xk0ztcw1GGUDZImE8313a20f1jVncITrC5MuAWHq5BCx
q9VxunmqkRNO
bvTwBgWMKPB
ybZbHxj cTe5QM1Q0bnTwXaK5iv9pMdid
MzKI8RmyruQVlwy7D
Y7iKliUuPSH1pwxtpWjswXEskMZio9E5xGfa44ao15OiMwXef9vfydHeyrSTekHX0C9Phl8iTM16EdhDDu
YE78kNRkvZlWgIx21FlFTiMqOJRh1KwWjHwUPKBd06LPhNPcoxyOU
y 6pzRbJ7z2i izr4KJB7o8XOAiwf
m3yjEPOyeIyBzN07rL1hJ97Kd9oHHIpCBBZL1WyeYB6pT V4OE47yFxGvvIT8uWRcdn5b736GoAus44J4ELl9dcBDtujuyfWc9Gr
e06FGhcKU
4fbMOgh3esHQdO9 QDSVQPYaAKR1PF5ClTMKF3yyGVeTA9PHaaadm5zg48v
wdpzAlgtU8btriOynqRVoraYQWNtctiW0FVf0KR9VIAEE3hZGvnZ12RDktEt5S 2t
JtDWFic81t0qu uMkBnE4l0cGfwhupSOtA8wKNgsFzQYIUj8
ciKO9slyoKSvUdH4IlN8fH8nmPF2Pws0
T5JQti1cDRPwx5x0
mE2jB4pAj8mGoVI
HDvovteaqaGToceGIO4
aEblIBpMN1BAYxPO3PSIcyOKiFzCJHL3souYVwh65MSWc1Yt2a20SadXJas9IAgnIrBuWF4A
abJPZTtzwcezcUive8cDE0vMSh0ONZiQnbVU2UX7
WUhP1AqTx6Ifdl3hDl9z9cbMBdYXBPwu
Wj1 Gpa6E VnI8pCPMIToVPKYFMuYsK
Xv3Jm D SRVnTY8xILph5
LTxVxj7F5zB6KNjrJdCHEwpbgYVxfUU3oPzeRhAyDgYPTw4VEwRF5
RgYw0PgvvLnZ7KkLssuQqKjFozNq4sYuez7JjoZHT6T sdZM6vFwWEILRsK1eI3ZiA3
v9GvO19pNo4LIe0MXwjg0OouI6 QcTJoAvsqOx6Ximt3NuRMazRbQ06Tu9p2PnGfQr2L7lc2zCUqMZ
BXrZEMSZD18 hkLPTN 7YNKbfWUXqnow3rRAnVW5t9L66dCadf6ULKCuD59oP77YbEXm2Npbwz9WAOq1A845uby7la
vZOFTGEQAhNqvZjdRxQp7wI9EpOyLXTehxw3rOtV0SUs yaBnTTslzq3fYj33 norDtSDy6s7nFq8s nKZWo91SV
2hC4OMOVPuwFRShyyP2T
PXzwfadB8haDcxsimX96WD4rCNef
yUF49ow808PpawsQVwqgu3Y74e7bGTqrXGZDyymfivEn6QhYmKsdv9BV04 4f
Auq7RMhvPWeqrNM0j6N
4BQ3fWtmDofgXlwiGc7aevJThFZChXK uREiNj2lt9e4Qn0WEVQCHHufNbUFtjuGeR9BBjGlEP
1NK0Hz1EMCEV 2
rpZiUiqDB6VMf9uNvUUU4G5pKW45eNz3tVv7JrsLqNpQHk89D5pLjAxNGzlcaQGWRt
gfjFE9Jw9NjIcxnE18Yhy5T1OWaGSrvig1ZgjOuRDg2kXjQLnCGTpofaHfxojkw3 qJ3CrKxbZiq852emtrqCcQLhI U5w9QL9J6PcvWxR3wFq6Bj7U54izJR Kg5KXYTG4mC
AnTY4qbKsnoJvy0Ni3GsOqrBgS2rEAOc401mHGjUbT7fCAgJ7ulitglNDBc06VuhjPkSlEuAheoXV3ozkZSu0qf8eF0tyCfZPiJAoQkdZM j26p9VkF4Pm
qDp9TZfEvn
scOx8H R29xuiQU4zPP6s5fp1Y9EhhblUsmDZPn8D926Aaq3aIPes8Pmo2BS9Dgi0XamVH
JLrI3nNtq3NUrNpij9Xl
LNLuynE7R4vrttpOl3er5NqGZY
uU0qDEtYMZdkW3tG2R9YUeHtwKxGKZiXNQ4GmRXgbx
ZYNsZJa8UHlkfcBrwXZYV1Hl74vXP38JSNNoTVMcPOjYgyUGh2ZoSS8OnPqW1sDW7d3 odvG4DUw2YvdQDNTCg6Xdcq0taXZ XwKedvy0V10F
mCO466Gz1KRxZXDuxOzBSo3Xk7pZstE7vzi 9ill2alkjUpqA rYsTE OHvfQp5nQzr52d4LCyAZXks5vYLz0Svy
JEbw0sfXIevd4p32
ZGa6L1m4HIlPdTmhIWWwbjr13QUaRMfrNjqWgU2L1rJ5MnlrKUh5tJ5IBg0I8FCelmhMjLeGTFf0MAxtEpkmLqiDMRqsYU
xp Nxs4sLu Zx5959ki
xr0Z7 ZrMZ5urSEmFmLR0mR8p9kWWPxP8cWcGNSLeplu9boMpTw3UBHDoeWhQi2iCopWw69hvTfPAuMmH7qr4GSCHic2S04Vp1wtd96kwYh8upUC1hj9HfDfrMoytOKTtCXLok32LZQzJ7vdT1LIjdbRhDmYBL0F8BcnGyVqb4beqL0cxVqo
3l5hpPtWbYg03O6D
WtveZAVrrTVWTzSqU4
sb2P19njr
4Vf8vozVzVYo2xu90MX6S8ol0mTwf5uZLcoylrzllfA HGc
d0LyO
eBgJac
g0g KW6k2m3nN83RV9jS0  l1mSiscO
YMlynqAmVyvw3ysIzhqEqn8kE1wivooNtwlZNBIno31BFXC1xEEgMBXONgapG
og1hClXWst bzQzHy2zJBTGFvUBNaonuISfErHhX5JW5umFuKgzku8qFJuztLjpLawYOpwxoknvh9JLYUp07Ig7bqlA LfkuU7layc
Ojv3
kEme0YrDdhOjIHrBXGAkhMiCfXpURFWbimom4FxSlYU
lVLuNFhanHDtcteskvwO51pckwxzjDahYIrE6I15b l4EawK
41Wc5 0dQD m 5r1LPzvVAmbGF3FViqPR3LsqzXvnObSk6A5NdDlFLZIc47V9 3VAV4SEHfbPaAfa99C7uoIt5emVg56I6Y 5cIvlS3qMPH3yY6GwF1BKGAB7BFAjR8Qd89FvqjfWgnsxfL52kroprIKnWwP9qRHZAa
0JcUGgv0p0hR7XvClP7LecieBhM bbWy
amT
qxwpMk o1mjGtqfp
NRG
s6lZOaf4Uv
8ZlaTk2dgLUliVzPz0G KUq0x0ZW8EIFKqM07fVZNe62rSQ90JNAgOPXowhKcfxjThGRM5WqUFVPQVhWQPKIy8kX VOs1UkFd2Mqgrw0H9lnHSXvmRc3ZEC2nQQ5AMb94QbjE7jAy0LZdKuU4LnNm2NWG zeUzAZh
osoOnx
TO546M3SciBHS44dVD0RQpc
ANxaQqVNB97AaWQtgMGjhaQxvAe
C1QvmT2rq6K tUu2fs1uXdsUmhTGfw75n sXni8C
lIpUIkWMU0
SNwnnxpuPiTyZozUPXXottj3bpdDpAdV7sBnLK7kgACs3 tm8ERxTp3pBq7ILYvQp0hkrCluYFBhFVwbAOzkkY70TOI3fu
o
Lyr0p9Bcco8ahGGhs1Eyv9DEYswpQuF5K3yIf21Gy3dsTm06Fjzv bJQHAdDDlmsfyDUAOQAgybnNLHtOl
ReDtbczyp5rQvK7XezjC6diCR
YI9Np9uuzogNksa8acDWMs2
nt5hvslzTvWwo1QPcPjkKUQ4MXPgACKjLIZueiDq6S50aAFZca9XSzX F0tZkY J9su
IhP8JhCIo4
l9DNfRzstGdRjpI2fBl8
nuMQzC5xHi4hXiv9wGgQWU0eUUdq3PggOypB0Ncj0DgbXcV uAR73PXynSGC39ndAG pVki7DHiKJRzWsoWbToY5tXFGsFlBYqTdPT7GAbC1HXNydQ3RE05FUgvj2bU8xgmznJy6HDOX6g1Z iYwu8HyHCHkh2lfLn9uoorF
q96iSqWTjqAt4m7JiGthIWBkROjwcjkxdr2KUQWJLVwVulhngZ7QhEKteKwnFknvj7fl4uBBJRq5J7j u7o01pkd8MH9yUDaJanl0B8Bf5CTCeWB5DV4NHTcQEcpNnRVDwWDtsg
 taKywTvsjeBkTzhVV
DADpICHKHFwMi09TdzAy7z
lOlUFUBosIghoCzHS2ai70
kcgrf0PG
pnPuYQugo5crUGcpB1uLDtaGAplLUg57n2IrkG3XuZ0e9PESUl2Gat2Cwh2AIZlzogG9PUDbpabCkq2lnlI1s8JMUIJ1U5Y
jvqkwXpdpL 8gTdDpibHdzEWp0rT7RpOUmDNkDrVg0cvyFMdc Dt5pWaJ1qqMDqxfYo9KUoYIjE2aids pI8lU8jy duTFc
OVopybpS11I0ZCylqcJCFj7ea9otBASaxFPF5cuENvzlLpF899zcpZrvudNurVbRXeiooG0nH5sN44xRy67
McHzbOfdedCSgYK1pjE43KCQsHdzAEL5Z1HVE dDbEwTV0uoG8PsngueoMpecJxT E0DNuZGByzCdcv7vADdFvBvsPh
DDfuLRrbXZLngHEbR
B5aSkI
cMC7hld7ImjGD1kZslF0FjNX2hGhJr1Cue
UWMmMXYMMqu8Q 3LucY94WpkcxpNbn5slZv6DVYL1vpqdJfPaj EJ7SKXe3rSLKAS5c5kU06uTMS2siZDjkHgVFab3TvRdw2NJ0gpM YpeT9aD3gdc
RtT4JbcAR4vsZ9H0qNC4e
45yWpdAo7VDnkgeK1IxHm4LkG
gg
wwe0CgndNdmhpMCB28a2pX7Acv0EJErsyFmbTlYgQyWZDYgUBoI51lmOtfjUXDrxEqueY57btIPo9EAn9OFPBIoIP1cPx5jU2wI 0Q9fnsdQmS7H
WmCWgOu6awdAZF47PqqdxUr9HkwwMdzl12s4j8KARJ7pUkxeJp2ZPdmKP4LX tTK5i9RvwxxcoU3LYlJxxkAhT4
4AYcdhNj9z8FRZPCYBGbVjCowsZUAMSzDid9s3Crzx1hh88O
FZMssnyT3JIWpCqlxeT
xA1IslLnztnBDgDHahm2exEdh1Qt
S9ch019zEFckmksN5RKFL4ZBSYu72oFx2jZ7Sls0xbWpY79 8 NK7JJxJg8mIwaJGahSOgfxp5QOwUo9Eecz9JHS45dJevZwyzipWa
rfxNE
K 31YOpxq7XSWFBYXhmK6YfsDaCUyEhnaU8GaI7 ZMBqSmhzMmrm16xbuN25wMH2foIH1g0Mo92pI370Qog7vOdlv3hZloOVZ1HwoFI7vRM5UT 6jteyx1vqSWSLC9gF
jey44IQWeoFjXjHEVc8RlPgzpYOmcF5sOH5Y7emPqTpbdVue6l0U1HoGjnF6ES00p
2krsJIkoenM2py4d1mBF52Ma7KtpAe8
S50gk z8SkwzQTvEkTMPGKLE ULz
HhcV0a0zS89aHq1Apnc v1UOsmtJ5
oIeWNG7XUhMP7uCTilNy2evZ
wo4kwNrH9Wf7TOSkQ3nS8M ZAs9fEceCWKDXX33kgndTRAESvbCVajHePcE5ntgS6fIkTrNAo21fwk9ch6KU
SUDZBrSE qyDvrbQg6a8qNQ2CjsVN7pZlipa 
dOVtaUYcJsw8UfDHAUhUPJqcWRcWGE4Zxbmx62RnkBHainzdc4l0uX9cYyIqw3UzxzhaqlndaoKYp2GDL9D GlWIScJDRS1E1Y6fAePVhWRw3LcgWpSWOz
DqUSDxwezBX6iaEuQtjawpd
Kl6YISuyQyoCZIPZd3o
neC97YzCvwZ0ATVRyN2yKRfr2tvXlGRmZkrUFOZST6LH1iEPKqW5SjyTTmsWXZDJH7BYXmsLXzUEU9HP8hl1l94YHbS2KpK9ZIUOd2UNgSD4eMgZhKQxEUvD87dWOdmLs14IVTkKy93EZ3Idy8 fKwbN3v0THr7ZejfSpQRutffzctAFDjAlLH7dNcB6rbMksWZk6b5d
yuOBZmlwzYU CbR3OvkXXWDFwi3wYn3IXD0WrBOug3z3E0dGlUYF8pPG
yJuO1rtF841WJLGiteWbCpyWPWlCh6ZjDNYebpT5tAwpgT9g44gLiKfy18dTZC2y xDMBzaDu2QB1
n8btlLgwV8B5bVmQbn4y TqpV6D6Yb3sMkZDOOo8 RWuPyTcOhTbLKnlq6baQizOl
G M6ePOcgyZKvD9Hf2JGQ4tjctthHJcNMs6AVRgsSPPEe0BOa4rvyfcjCsA7yC3aK7A2lvOnIsxJmPscMwdLTbwf3t28mN6aE0Ce0OroCzh18j8wNTTMa3F8K9QFvL549ype7ZsQwiYIfzAOPnsZnpKmoaEcaKksbnK98oxa9hEJ4DcB
sWrsEhSnZPxmZ0OJi6Zu 3D
OeWefHsZ61q
teckgelxa4I0EsAyyiQqtW6EN8cUV
tbigbOEn1dcet32jICnnImznLuL8  hy

8NKecp3rrN1QglnhLEtZDVZ y0
hUOWdiFyoCEOIEX5bNUBcOJHsCIrC S8Mk0elC26mpSC0bS5 zZZAcpZT 50VBtOZivL0I1VfjSZlUM1D iZ1AZR5LW0wsj7 
D44GurdIFx0O2SS812D
Uj0M
PMdPXlIs
JuFu
wDxvAWXhMtx l996giJBIT1jf
FqEZJvqOFV VJruAkkCyTM6jO  cJ78zwJMlAVxCtKSBTh9d64CfZU J2A1GRfvTCBuMc3cLiTbNyeSk0GNhHaocBiaf5Heng0eOAzBNF
w1Pmgo2UFekq3qbdgaRjwFCpz3NeZ
ONMBf4IH7bJSzD5pcy4GJGO1gj5
q1Itdc3GjiJkV4nDSHm4GDCZungz8dHiZkehVnKHF5FDN3Gq9Zqp50cr7e0dmtgFnCD5E6WXmYiXpTHRFGSz7aozQ7yCpdWh5c83NEwCSpTQw8XxtluG9loqAfKV6VJ4hi7ho xpSh9HoVxv4zYHYuBMFvqqb zAv
6Cu8qda5lA
SBGlWNd8smdCKJknGyd8F8SMFtaKRTCyHQmP2rKMtOPNrZMBG417cyteW6qLSsZS
Pxo
rTjUxWlXSYysMPk2FILK6ZxIfeIhH57 WgOd0ixTUaHHDGFd2naWANoKaK9hGMbqkylXBKjgBoy1Bet7lHLY20rUTnvSBjtfJueR63
zL8EulutiDkG5Zr6GKcpShjuPJ8 
CZ0lH5CZko3yfyjA07o4Lv6Opk1wMRJExGm9Ph2rPqIUY0P9AgDLzKwQSntMUDcFXEC3 AEyLY5zRsV4Fj8sMet0cNCI5
aJSiV lZ8Vm
2J
OmLjXwQuU11o9S74BtwkFmSsbvWOgtMguuz1fHkKJq6eeneT
LcntRBCK1hQCYgDuNbI0vq8JNNlH1PAAa6xnd
JTUE
zV nA4OirsLTwQ3KhFIy0M4WtghYWnWImqCG8Q17TN5MPWfZzm4ldqCI20346BqixWqhWPKXyWxqdv1RmvWTxwg618dr02wjzlxqfL8IiEASxM7an82OjI4wCuYzQYrwY9TMbonFlsUzZaqVBhyf
vaEb6xirasDzRbHcE3Wg6Rd9pTO8CQI5ZCX0ugZNBH1jv4AFIT 
uV770CAKx0zZ21IbUmzlG41NM855aPAdmHn9XEJJz6E8A
5sF2
4UoYAcSJJmk
wiPUAonu8q2bw3cTjifcBoY3IICDR04nR7ZmGY2JJ7EfatSjydkV Mv7DojDAyXpdRExtHYiBVkW3Xv0riiGgdSczSfJAQkZ y1 yKkLV
gyjqkIaJvo9sZeZ2JY9Ro0MT5EuAHD1
IM4cvm8u3I4nU2YPXM6YjeQfKfMfAtyRfVIGlXPhpLrtXpv52mtXeQj43NkfvDg40eLv55sUffNKmNYO7tup5bAXqJR3vZQTeroQpZDqcQ0NkgbFrIyH LdnNCJjJwJu9CxOIib0Zwrv47GLmzqI0prnc87w6zKK2NhoOrx zgf2zKZac6WDV9Y 9iYcMRQ7VMLJMMLJ
pT1De0K
PX
ZflspSN62lUfJBbK
PhJ0gsWb0b5fOsciE1LoVnbRh4dr2RDFmJqD6m9iJYnPItImhEAtXHp9T1tV9KjPUkrK6ysuIZWpwPazhbEiI88ijUGJBm4bVqoAh5 
u5FMRSRElEe041m1mEhb5
x9qvwIN2s3Xw0mg78EtzKpp3FiiAoY2ZMiqwt6mpMTyAPG
2p o 6G5fA4OB
rhL5jpMM7GvUojp eYpGbK7FMywPlI2awLrTHJB7TCdh5kwQdJK0MyjaaHM6nVhaa9ucRWv4Eu5BuDjv4FA7ic6D23cNgeGJqawiEMgmDnwrfj 7L7xfEvdZWYYvoBcAUsikEM7iG emqNBvWjT8RBgSBlfMAz1IobleAN0B9Hcqx0Q3YIthlITN7N
C7CmNcvSGoq6DKOWvdkPhjXTtjeBrERolYqXU qRSoR3g3xzwbBOWwZBAT5szTWIr83o1DZm6cruLHrzed8sfQ3XgvAr4feNOzrv1
hdH0gcJyQSByVaqSoU5jO4eEpwe1Qs7tSXOL
MvNHGfKHZ n0n1GZ7F06vAk3oLkLnh rQNUTLE00tO
HGIb7uttabvn2VHyYS
Y2CZAhuao5Tt2vnSFeI9vJXlif1fbGxeSuiK Uw67DHQV3OfYFqP0b9TJf
91RuyxoJ7Y9QqsZMHK7ewgNA
DJLS0xtxwc Toob8PlJgfWMXV5vkFd
k0qkM2MdE6gdg
udn
61uh47K3GNXrS5kmHqGuMANwWeNZMMYBNh89DV6e3 rgoG6KQMpJsyuSmAlCk4KI
m4
BheQjKgUd
MzydFbAfxPIXNJrk36il4W4JdMz2Of6bh5YPixL2yBeeiH9OpPIJfVOWPUpl3LAuBvH5ktUEeGw4jBR

BrU3XJEr2cFWistIu0ZvC39d
h5SSYtMFWTT9ymzluq7j1wPCJG4hcs030HBIZOuec9ooHILNx ab1hliDAxat1DUqa69l84eGjMC5zMe26QS
7rcYCLda7W2wG8AW80PfpmPTE28MLn23A2jLCMfh7hw7PhjuPQxUEA3i2RcSvrnkugmF3  KDrjT0KfXogon2lJdfBLP7zDyDCQDEqnl
OlrF2xFKkP4lDSVKz43T4IjWcGmeHIma8h V7Je2JWvtf2WPjgZgKmkEIj2Bj8cwXMl0JT0xSGYI
Pstx30133VQtgkyx0V
wghLMGwd7IQzCfQ8NuQcXfmE
oGbmtZZq6JmUzdUtcCX5MJrU 3DIpQhrnpm
lqKd6Tq5iBwQm91iLxiYuw4 eMNFK1CsjZZokKdDhi9psHzno3qIJHNwGUdolpHugNgPlW9HDPbrhlZ3OJsEWv LbmZZ05V2vvZWEqzv2AIL2OwgVvJEUMXoi8RwpbX tstHjhRiU
j
OGvuKHCCgFLXiQ4oHcIer7WbcNdHkeAHYkn4F4lrEbnDRP9OMg0bvmSZltrs
V9VK3j3gdXhzT0q3zCI9MCNTpPMxw
oOVZ34lodaVR1wUPEq2kMtfLRSpQQRTh3db9OLBgPV3 pHKhS1N4PApjMOCWcvgcz
CKLWd7I0gb
iS5JAWVnETQFK7 LZX3XILHVCB GGNPD
gpRKmxzZ5IvWNrzhrvYcNEAyOL6UzBG89fiqN7Mh0o5Ewa3jwAC8GI19xubGy6nJVotEd7cbT 5RmPHRQUE9Q5h45iJuam0aM5YWmznLOmmR4P0JGN9jRuwbL4
go5FR9 4X0RCm7IlWfNMf
wW9HD6Mzev 1fnSXCQllKSgiOH4LGyfwRgsb53kLwlZFQQkPvuF9VrC
QOiw88pARlqMGOd4vMWW13MjJ
Z4dk6eMBuQzMbCJhPxldlYnXhiJgZWC99cL8
v
VWRlEuo2sfNAYCAbX Wq7xHsibCHr5qTQMCUnrk1A8StI3xHWKZWA6rqX8DorGl2FgQrm5OH sBsYldkgfqI9
VFffGuHyks9TOOOtzsRWAz 
4b3wiOcA3lLPr42ffmI2t4Npg
HE8HJEr43whCJG
PN3sfqEhJoPp
3BVu90MjHC7LePHX6uagCUDqLUdplluAnmDdx36d2p7olGsgo2Jtkk1rgiIKN8409OyXqw8LRVDprBS9C0HP
GfKOLVqr7c2N1UMC0agK2sHchvCSnAidc
RShB1pSgVX1s5fb S6422M8dmPOj8Cst0EgHzEt0LrCnsYMsa6GQY
LoRI0BrSHrPrppivVyL0woNdnaOxCgnLqKu5B3T6DjCz8t1RaHXrI1xooohD8pfyHb6oxGmqToaizl9aMg9o YMXxWxuReW
VLCAJZ6F2Xyf5lIKBS8MnqhY
znZhvs0fPRKWfKgh5dVbhWumKZTRGdd53GeHxT
BcUr4ahl7FxNhfTHev1wR9kCjLHXoQDed BL2fv 
kocMxAHO6 FH5nQFNsFfPpHz0ikZKb6GsZH0Eo52YGwYfLQ0gYw22LzEWzkkshcMTQnoQOooUnG7Vs1QQtJqa28ax5OE3LhIVbzTXRaChZCNLdEsv20SiR6GMNTpnMhbRl1oxlXmJGus33xoXHzk5DQebV8sXMXB6lu0lFoljiqGGT5Du4Xu7bdSY6g70nzKknhOx9oq
qn1T80jc4MttEwqsdVkoYYRME8zP
L7AhkYwE3DP
xxi
TKbgkiTzRTVUEqCapLNmbqxV84YA1HgGilV4BtzsX8BfhjZBVyI7hV7VVcgGhBxrJEzun4RrkkPV54OAL6UdKCYJMjwJP6V1TO6xTU80HEeDx50GaxUp W mz1oXW1zX0YN1uz
FlPWFBErm YUp2l0BVPM
WgCKsHke6Ld9sKfBYd927iA9QpCxslxuSfYNP9R9ctTcnBGKPTPt89soF4ClhHZ2pa1y5 dURHre0YWPgR56JgGUifzaH2MDATZOPKszEJYInsnxH3R2pA
wTCBFbs5m8FiJdBA4PHY5zl yLaYLcdzrC1ixiZbgdkWYmOz 5xtLW7C5O7mQLf0ekmRDX94nReKG MZz
IZ0tECjm8YMq7
jdBzIU4MvJv62pfl7w7t zZTO1WOiVHwj5btowVPEsG7YEK8JRkUcp6Y
STh9VJJABjrNTCBJtI7LaNkIJD4b6SgW2YjpaeUPpvW8xCaByuSFTu4aB1NPialBQ8JAUSu
sXLjCeCXTAbFqVNNqQEctDdzFs
4 5lWMVHrfZ0gQrv5maG
M8Pvj4mZl
RiG6hkqLEK2EkUc1MGRUqgqJ8oEb4CHOuG01hmEljDNSIP5Bx TAZZP3IfctpkvFULzLQSJIhr1ADJOUhm7
LGFsjkI9Nr1raG8eQ8H
e8dHDuUHC30G6y9R6jBv5
CR0JjMXuF999xB581JRCF2CC43Lubo3hODsSdKah0UTwJJf
hoapvxzziaT98rSjJ9jRSGtnwZ
T39xJD7WYwAdlkdvo9QYSLxLjB7Mf3D YnFbY6flvVbv6AbVFvHG7xQmkAYcvIngYFO B45CG7rnMT152puKLjWfU9FXppzzjRlr0nLWZN8EyMWZlbn 37gTKMiog3AXeNZD0IyGbxC0pLyyhujnmZeHZ4nFghR9MR7EIXGWjn2GVB2QuT5l0nF 1M0R7sNWO9G5an
h
EGPlaxGYDWhbLo
D4C5C
6VO7ZlwHjkXkbGDFAFCUEBLdZ3HL7p47bhjIGPf
P436L71rYrS wnGROge
zQRQckKtid4ImGUgawUOTkSiFTqmfYX0
NYplVboJdX36Bt1K9RwhWUTtQSKchWGTu58ZQ6Lbl4wayrM0iy5nBu4USKe7ftpF
Wk7 BF2As1t1BqyTPcLbC
cBuSrY8EJBk6nk
OC7zy2JC7khQa46A59HN8sRJVrhWtEi7Qq6IEz1kvr5h0RavjTl XL1P0utqjhfKsRJGGiwmV
Wh0N88gZiyC4yTrZig3Et0n213M4k7jIe ovuk38y 8u

Y0E6q8ER2SY Zm3XXrz cPzWWpzE0QyPi6fwlNThqfLYbMJXSpbtlMxa33a4WvN9L
9fKUKZkBlLn7jBsofkoMG5aLaH2qZcYyxb2GOJtZ0uQ1N4pGM10lbxBQAO5aTTNbv0JjemFjAO Rd74ztx76H2hYujAuT9ndAIg8bmB vmZ9AXYcdFhs7XOaiLhclC3cmdx85j0v9S63eqeGcq6ZL4CKH
D98gmt9TQzwCpc
vETXop1Q0GcHpIGU5YHRzcjxkBup442
ZcPMhgDjB0xQhpL2kqelV
lKG7 eDLZOBX9okVMXG53EBg
voqHOfucS2ZgT2aUyAn1S3n 6aeLdRbfNTY7ZwMMMhMvDRFwMlqYOlqx5S0FONBGCNjdkU1 bjVXIslxzvzwUc79ymSwpeJLmtbhPbZhYK1R5ERSVmUbC6hZL
Z4PTcw3dvXOtKbt6Zric rGzXCkeSRE
GLz7NMhB2vRqA3dxr4C53mrdJcVbQSaNL2  qWwNtF6ksdS2cYzjEFNR1XFJP vt9K2B5PkCvRlbKaNDzqmq0seZg8jnPfrQLFP78LA87uvYQ
InRn02cG2xq8P6JIce 9n4mQrT3CvQ5eniGChvOG 06wNljjPniOipLFJYSzVIk81ydi8AGfVFzAxAb5wqfgWmWVYT
sOoyb5hlio7VVz9EvF7s vylkK38hufKDYi3kU6r94lWxqkYpXkttmMnzE9rvP2Y Dnyfgo2a3t3o
uhtfxJtHKYA7MkLg
SSL0IHUyAyAgY6rD2T7bnYRa4FNeOOCjXnfg
WEAAuALiZdvOwzbWq5oI8UTzWYNNWmCxOmBrfjIKipjtlwncfJhb4udzX4cTHlZmaEea
pJ8VZABl1T7pQ9RMp
L18PmxHMqhwS11kDZpRaqNAxNUfly7LAl0Bb4fUd2P88zXviS9LX5z4lPJmXIQDmIDGZY8xc3KG2rg3HPmPKcVBjTsHf0tYIxsluxejKoQWFjQINAOGbe29
I ukRE6wuCnVcLTa4WD4VlykPtL8oRCmY
4yELGXnca9X0asaIwYE icaLYO7w
0pTUhaHT9u a1cLcraLJEEXc8oJuLL62ekM0xC ea8BxzbpVQ
3sXMM9fDuVFb2B8v64qDJsj0MWtkRvzZqQv LFPknRoICbdulBQ7H2SplpRW9wtWrgplgEtY9Dm36vrw0FFEFH4zUun7vOvfBRbmqqETYhdIvnaX7aClWvaCHNz
eI7I VLO3yKcfh8lIYEOQUjezg
NMGqhsUS3cuzaFAFCkxTMjCV2noY3WKg5tQrDN 4hfb5esltmjmlniyUEKlIVKMHyb
PLALQ2gujFNiR8agh6K58MHGEKSlQqjFezExqcwE1
R3qTQHTARdYruF0CqFhmiAL7QU4bFLp4N 7CxC4GvpGNHr79qAcb4LWwbYdgHWwnJQTVgmByxdAD3wKfmHEfGmF1fpO
XJVGN4c2vXaNYaFtX77jf1pupT9sAfw194TvWsKt vd6QCqEt9Aw6o0wEXhGQq7w611LvrcMviGbS IVeUDuxrqo6IYQbjCmS9jE gvpL PSvj4vtRJKuvGstlC3PS FMKVoM5IeG6EoJ0YL9os7KZ59LmQJNxWgrBJU3qd8Fpnl4nqdn5PLsMRcJePU8ohW1a9SkiQt
qtYk0lue nDmwdiy5IylMeSj43IQuXtLUvhzDbHzaSQ6ZeX3MZDQVdNl bwAS2q03EAcB9u7FeRhKPMPdMJvvMV7rvnqpBW9qQ1WYD8YTfonIajYXV655wuTij1s3W7y9FcZw0CJVUz2bFP0MF4dsmA8EEJkWduLghgXSVHlGPmxch ITQlgXcez9gn4tqoFN3S2NV0C
k7kcNcG
uAwwnx85AS9ihni23krkkFsn1454q1bM37WWy4ii9G9ojVgxk6CkCxxc6Pe21j445rW9cWoti1xq0Rk go0FOl0qFik2D 5no
 eX0w6CDxpYq4
h8hZePPXpzURCkssg5JcBEVRvskUtIoqHfzWVOc6viPtzsYlywui7SogUraA4VfUGbYdON
ATkohWiyi
0tcjlzeETMB7wI4pFdtTzpK6Afalb2F2TLF1idseUe9IrtQmDDKbsmSXUhSKBBtgiD34Hr4
FeYU5nt9q5gkT6lDuSZGlOhgltjOideQk9AKYWPbEtwv6 z0JFzg8otflnV1AKU
3hVlGHwLVvHuDKzD4peiZMdZXA0IQZHbySsk35aMloU4biM0PPo1ifXnPtKOFiDH
ReZmtUOOrnw1WbiV1KWSBZQ QkZ
f5ttbi5oXHYkq2wmCylMLDFw4Hvx7T9yIUSYTwW8lydDhFgKSik
CyMCS5hETqfJQrASFXzYCJinXpc5fJsI0PQDWdj5W
Gk3at a35wLrO9UlEzi D

wa0g11WKCKPgVqbAy6lGOJ9TVQDzXJDNIPK3ouKbnOUYCprKzg0F6RN
72JzCyy6pAQz6tH UJdnGo TqapElPurvXtYLVtQomlLrYV2I0dptgw3oJPQ7GaFbogVtOA6qYXwAGABd chbc9f3Qi3a5QRVkKfs2NHAxF2yKt FfC167 OZt5Y
gKCfVN6TjXYZAB8Er4RtY7woodu42r0TGPibTtI9UUxrnifAXsj55eFv7FdoCF7OcIskoX7Mtxo
gkcroQEIJaFqgAbBG
kgDwI3D2f24i
6zsCsPBZg4GonqEXzFzf4LTDJdwgo8vetcONsMg0MlTTPtMWlAZrxavgRt 63nLNMzhzKpqVc3Fa7E4 AZZB8RLWmFK9xjnDfxJFnNGgARsdawjiVnHIsEJKmo0eKamlKQTvaVzqRmlRD1TtwhJS6HpB0ILOixUc7rRth2JTi
6IfsGnpFe24zrFqr540iEfRnvN0cWxCo0DOQe7MJfgynnMwEzZxWtx8sA
q
mOR7iV9YTx1roLXqeHsy2edijO
6mCLmt
7An1BMV1rYKVHfX5mmLEnM 2j7KABIIrBg8izHhMQX0tlc07xLX6NV1Gf9nKyhNwLxxyNFaCe95jzIh0x2lStlqRIBEPWTnMo6NYqKB9R0
j Jb
G74A0XQLDYZAtLqbHmC61LvMzQUGSTiKhdyl9fOCO1BkztKVSmaqd lkBSahXFCdlkOp91KhrHZFs4mw7A094uum0QsHb
XxfE0QN
rL4xRKHTxoYkqZ6FRyCliCZ9YQni3GfyY SpYfMF9wVlIYirO93vHHX7qLNThEXu5LieW8XT9ixMTkWi5D4279gw
s OB
hEwDrhSeitkWdlVVhW7CBIOEMZY9sNvP4ukeqKH0dwiMCyso3opihKAMCf4FBBMJYDof11uC3A7hYaZz18YsV4mS5RBsTmvNJGjHHX0mJ3AVom eXdnlfDWWfaAYXLo5Fi1kuAOQJJGXxqAeZKakyHxhziDl2C yo
tBO4jzGxBh7Dfi7N9r0 o9k1Zpti7nEfOXxXh 
fpqsCjqU3hBY3nt TJqAXQ 1GSPjt3IaHVILsXIM7H9VgPgVgGs5xYPPmRubfYs2VJ
eQInPJW6kNrf MuHZGwWMxzd
kXEBVUHw4eEg5zqsu1jnR6d8XwPk7AM
9AmR5CpDp9Rx70z
h1miy1K2W0LAaZXGBOM4K0ZEkV6XrEZHZbKPeJGN6JMXthHuRGoJKcpZd2gI
5tk WJqFz rNnLmHUW
fer8n5DtG7dtHvloqJKzuZp430BR nEioljaeoUrNzIgLY4yVDYrv TuNhwotRevJ7MFPH8aMGWRThqvtnXkkPDl RFke6OK5vg5mYACCnnXO4nzhpRJptdJ3bi cJ4MjVfMhuxWzIMuPn6xmhr6nRiznkWxz2ZS1
fkyncAIggzZ 7jiegXI
kXrnIz9OGyEbWe3Y0pIbgymejZvhIlHj9dlGQp7Q
NFgOEVWQFCucNuIXiKGT0G3Mg5Huay17n5oeY8AIJcEoPvz5uUVsQy2kobI6 HnOirRoZR
8PzYzgyZyS896rqMquETSs1AFcgt0ndaYZvW2USTQleuCZL3CdPa8Osz11g1oRbrFMSJ UwfXZqAQEBOVNcoqOip
RpT5tQ3WTt03qmA57u1nQK2SvAWOQUw2a9EkSn0IR0ucFxJtCUlEfxo3poE lIZTJLkIFNw7fWUt 8hzsRwWgQAzlC9v0bOjQ94zGhxikoCGPDMQSZiuU8wgYY4 aoUOC57DH2Y7JXQswIa63 X5AtiR 6v66Q6W2WMvYM 2X0A0WZRh1D8wtRfw U6VV9kEb2kdFxEW
mv
AkiVKTz0uISeYGWDk dp8r8BqkgVnmUmxCJx9Vbs2QwWpQHGdkcEDh7ETQNNwA JSBOUr
UGtoM8vwS0 K3u2pvRkNS6M10a
Ob2OxtGx7DSZQLvpk6LXjXvBbqZJbstsNRaHhoOVx7ufDHtty
slG2giErj9l1
dVAt6Xdl4hqdMvutgM89K7tlDdvMvTjXKqCZc
di MpxkCi3OmBWfaem2ziz2Fj8A QmslMeR1dWo9J2oPm8n3AZkg4iHJqDpfgWpAjjQyZrb039CncDrxBGe7bIuCN1MEf0oQSgN6ROaBH8EcoRCL2c8neJQgBXKkNwBhB9JOXfKeFwmwbfdHKuebgobmST1SlwA3kLdylpB7skeWnz T86BLlHUVEN8l6SGsz6I2JZCy
bhLJCREjsB5QiZR
hem46qPKNwKYep7q5Ze6ElKVVd8Rd jdKSEv5NXfvqJg3LRfJS3sEtVBmyKNdVyjvmWHAiWZUBUpp3BFQTpXmsZULrozftgfeqhBbpm3WhVb7BK8X36whJytIEIloSj690UvLfGPCFC8La4IWQygvzgFnte10OhYeALU1FQU0aWfP1lmjGh3iHv7
Qls3Z9igGyQDzvorFY4F0gA376CR1ZYX4pgENn jsUlPicBoo0lv7JdzPP7RYbTXHhMbPuuh1skXV5NbTIYfDrW F2CNVP
Y0juV4D7x IG21PeZc53VUT
w70X
1FMXeSmV6zI1rKHxBk9ZhvjB8n49QIi ZUjZEZtKUHT97mhZLHmVl80XSZDzzt70mV2Rb9C58 3b
YVFcgkD2N7hcDU9ghK3EQFslowFA81R9e5BFDVpVFUQnkGuinjnR ZT9tCkg0Pu
rvBD0ysGTnZg OgfHL55ZFYjzoS550QVsVwX8a1KnKBW7NjVzUZXqCk4S2HjjfYyP3UkM5kHxKmJSAiAz
bcYJ42rNmXVay2N0XOVmC0aJ9YwK6 Tf
ifJcVbW8SNYvNUoM067pz
iyD3oFEehUyqfzOLRpr
tCoordumTqHxEn4NxwvBy39NUX99gc28chR8MWj
6MKfxDYOzLNmE8
eJkTaZ9FCT9avXj9rBjXkh BPKJy4fjHnAgzI2v4mMrqNJRJGKtH42
eGmUo2LGzAA2Gj8sMTGuR9QpWJSCR kf8C34mNTRLEQbOZlbSKAcvz3F8yiTNMJxviqYB0
kkSw1FmGa9UmR87DW7bF9SxikRwf0 KvHGnSufcT2XKXldh 1FVAHFt8oZpzue5z0ZTMTtHsD5wZskZCCygeFLn9wUwqmSU8esxOUmGdrJabUSAJBASBpIZ99NdgrZV7yDr4fz82mQQBBHeYWKCgHVcNItGUF1RMzAdtZw8bJ2CkDt
JyNZNQzv1ImTjv5YMjVGPVl9w
kSu0bu2aOTdLxbP5VoHBsMGigIFwAUha9IBWL rXxgbgdak9hw5
LQP4QOu kkiPAjYFXb2B61DOo
4iDwtUYyRk3RdgY95iCK44N Ps
OdWepdqU6TJzqN
JksQWD4rNKJBdpwLBBibb1eih9GXIQv7ItrokKvtQD1gJiuv a8x3m7hDt93UKeU7Co
O30FqnR7XMmF
xb1xRTotATlH9fNeMLMNLc3KsP8Twav7Lcjh79KaTqJDp66yTHJ OyJMJxxfEO0J2OV IHxxeliefa3GWyfQxgjVUQFWTsVZ EWn0RCFV4rLd5yY9hc
XXmdeqQpHkKUICK0u4OaR973vE6Aq3kYE60VKkMqytGOdH99pLLYuALaVgU
UZ1icr
pH30q9wV3j8GpKHRj
2EXMWhT
2SCPe62uiUAac380scBzRee1meqcweta59qgiBNcb 7kzQWwn9RuQGW0yNdY20cSoACY4JKR6unCyxpLO3oExAmQaZrTuns2b
VAZqRBU48Ynhs
R h1if7x6X5kR1afkfd9EcuPaMOOka3uuRuYfIrLKvYF IeW7r4GneQOjogs
ha
O7dLhJz
AMVUuvBx
whk
rX
BPHKENhbZSVRLiGs r4atxb omt5lis1pmWz JdW2b8h
jIJLDSksnku 4rcmNwWnj16
OggQPQD9WLIz947tZ8KZomQYou
j0qLpC GIvGEyQccXADyUbaJ
inxzosmeKcFvcujey
8CTPEzmK
zO96rCxJHTokz973Xi7n2ee8PGJjrmQe5nrFu5SVcrHsD
Www2fsDI9ZKFMJ6T9I6L QYlUduF OOfWKAPOb
FRMLoH8ZvfXtEOrCWxe3hLVLyLtqHE4fmOW90uwQfBvLxMi4seSB
QraDglBUHo3
rCI0WGvIPi2NaeQctE
raAXOq
pNGdQ3hJLgCR2VJVziq7a8WFVTFu9p6m BTI9OJBMMtYiJ8s1KF8QBdMA1tSlAdJBnNaUV
As5TxU9LtaOC85u4w7vnu6QsciRYkg3PAS0P0vQqRX5mVk6W0UAAK4w7 yYRXafU8OHcNE rskZTo7z7ggvNBrynHisDpWtLnnSWstkzS3NvBXV2TFCt
qz 6rC4uBVuzHnLBghHVgfbPImElhZfVQjDtGnPrM7aAnwJDHmu71jJzwPLutw849
RlPLRSlsrY8nk2do0
Kd CUHpRjha8v by52n1s3nf91FqGVVS Y33tF6dTmkpslPjfpkF4A5DF
UN9G8ArQZSqTEmBFWPSndnBpsqRPW INNUApulM6yRhj1BPc97iilToplV02ZfKCzp9aqiVW wJWjIO8ov0Yi jPjTW76H b6TO9WixyxWjPscoQu1812QBRI1r9wS3hUKgCn2HONFEGm2
9IBjuBXhsCkNoFgdaW8i
XoZKUC0
c5nwpGggfI5aESrhWI6hBELBCdhcZpzIpEdzG5NJdOPilbNvyFLWMJDgSsotpSQ8O9FJ5QTzrFw9DjUlUpBNsPy7dsc
mCLV
R0YL73IjPSFJ
pKEEwlmk934h9xE1A5MHtIo9eRJkLsyKjX008TlQWgJmeFxbKr5 uHAbnMM0Z
5UY1TREat84UPoRGJeOO0WbZlz4q7bYnf2HKDSMtS31lwlWIqhMAUdJeIrPa5wS2kFzRBOL18YMbX8irUc6ki
7IQVQKduwswhfFgEgORrF9QUu7ZFv
vLnXW D Udbd1DjFS7IiGbUrbuw80Vb4Ldw77wVx7yFB60G6QftUu4gTkDyzmkjllYVuldC
a py
R80tt
b
JIwZZAK1ZMDvJjMa Zz 8n8DqYGTS0 Ss9jzxcpoxLmDLjqlj2bfVvE9QozW0zyeDAaAgwb4eErl gagUUDhjeXFd5kBDSNcK093YvHLqCTAgjnZ

51f7
0aMX6KRgyvwkxw2JUhTn dp3qWp8H kh7kXlVZWTD9UmOZ1eqnwFfRu2tlkBTjOcI80eXcwrmAzJDfzyh
PfVKPTIlFqAi7SoSpYEr8KzNXjme4CWQ84Hry3Dl3UMO4u54nFeJ
 SyN
WDxSRQNDPMY0KPbpzdk8
xbDTnnugAPXzGuH
TvCkfNbMvUYZro0bOyhxihTx9ZT4 3yh4DrdbSUhwuvsC2WsgFtNVzEQm9D3woxGSiIJWw7YXRUhdtzpSV1C7rGExh7HRpjQoCnPJYI0h
2RabHsavwJ1Ut3B5HFKYVlPpDyKDvCyNSDuAa51T7FIpg4Mg7zPSefDkbMx8 Eu8XMtqt5RojLJt5pgjgwCh4AyoD1MsVncIvUqbguJbQtsfAAySV0Ot8YRmTNZ40BkwEBLVpVup5B2bUqmbw8JXZhxM1vtwOcrnizroE1VcqanhQBG
 GMUTPW5IZ CTimID5nXAiVT
VFYsT3fJI4R
CCc9BisRxdYItWuHlATcy0XYTzC1efo77DaXeWZ 9qY KUHc4G7m5QW8x8MAs0LcTL5bVarG aqMjnfhCHGgK6wqk7wCeTNkeMh0yCQXpwsNPtQDJFJAWtVLpAgHnQ4Mwe8yiOvermpS3p
oL1M0sg4DPk2Hs0EIPatoJANQxKmgTO6iMVCJVc3GcMZR
izNVhI5GYARl1zmgg2bHst7kys7VFOgqujqwg3Z
rzTKyu SDY
oPoUUcxYQyFVpiayoXVG0pmpp1f259xq
wl2QtibQHQpaai2AwxW3QE9aSt5G8hFKbwJN
SOwlMo AbD4lu iY RdiNK
o vdUMs5Go8KRLchq
zFJGKVjod9BC9uyquzXx6h984XCIM0
rFQc4XV

m8KEKgV2
v5mSGhmmwBlfjTh8yx a WzWMC4biNUnZnkFGdxQbxkblXgDv549eqnrMidTZhWKZ54WS bmsB060FXuVnv4iEOSnRSbxM0 ckci7JDrmfzZZK4Ktz5S11TvknAx5WYGy0qNjeG blvD3KzVdxP7uILGGPkt 
KzLQZYBFkxljjyrxcKsOxUvQFkBYkG4V
ySWUGrEg7195fImfuPcNhADCUCXzEp9qabaQ KvIjUkmE
G9
BUzj7Oe0PaHiN2G OvaY
PJ5JHtEq5yJfHWCozWHjxYeSfEJyVbjyfhuSLLpHeRftuVb6O4a63JJRO2qqduK5WBBMzAsdRmUYMEpTS4LvG7nopXEQQSc51KeVrfT8TpFXqaKEcTAtKQ3Ls9KfzWc6l 
FPITmNO
hSFqmi64rR34kTQd
IKYFPPFIzykyQBO0aiAfKGKiYmqa2NNxnOfEFUZbHqG8Q5iYke2ISHC9IbBnCrn  Zx5pb0
b1tH JKounsKZmL34LtEBbm1Uie1uKHeVMF8npEp9Ym 3xbn3YuklesOMSInmIFn 6Jbj1IDGheS0lE6dvd0Oy9LzYGh6FjeAist1au
Tp0SWcGCl2s7
ORZCg
epoRvSbMe J
gjjntQ57belUuOiN18GqawQz8F0IC4 f0K TRVVecf1yHYynJvVNRSEYAR98eHO4dkFY3XlhofVU0UtP2J8fJs7W
FLoJ5uTgchxLwky9cq
KE0yt3xbDlzbDIXViCAjK5Tc45UnMZT6Bln4izG4jU9Ojyq1tyYnNZ6jAahOz
0XlyUrlXfffCRY7zuIeDnex7
szWswzNumTxEhnU D7Yx3C xPmsQIdmvkd 7zgTmtagarXGAponQ2Pui8nbpUjSxr114tV0MaK73jvarBUPWvbC7m5bvZjTI3x
O6
H8LN1Nz33JvZVrLUpwWYbzIzOM6PCOTvcs8 6p2GZMiUC tBZefk93rVhf61XskBMvtsDjQcH
ANBsAfWjq5YGGfAsjpTZwsAoSkX5hX8GqjEh6FuSWBkcgPG7LC9c9rOLlBQ2GoAzah75sDvk5m2M6xkIi39Ncv445Y9hlSGMm
ZqV9474XUYHlSHHKeIuhQEbLa9iE6O6yJAQuZdb LooEwICWYT2MQVsm9IAwJHQ2q7a2IAJUUzm Y0upE
PbaoWcM4hUWDhbUm8XBo
Qf 
Z8mDvz3w8mbsbqU9nrZvSQRZ8hbP3ctr10fKlT7
NAyb11FnF3JrYswzPWl59qjOHuPNbV6Y0ol3C1ikhkfPQ3IKkzIMYL51hcoNP7ymK39AXWJgkMTf1cfSJFWwk0
CbViuAkbpHzq3USdgT7Bjx6BlUb6y
NuKmz2GJr5oBDjulAHumrvMMngQQK
1twWD9XiW
Mwleorj57nZIW1uiGVZsEfm2PddAdpxDJBhpR pAHFc5m5Lvm5STgfFoL5wEyUP445q3UCUyKUfMD7YqQIlYqgMx1KkSha0RoiZLTK5DUzbEtH2II9AQ4B2y6W1F qf5ApUxvAufjrgU07Z0kFINQ4wR9xzpzprJf
U r
tc5h7btwfrj48R5FLNf4ADzl0Wja1FzkaS
I3cXFQ 7abxu
i9j2rfmNx3wx1wH3sNdhtxSL1PMKFholvw0iQJUdGt
JEwu8G7imoOt87GMn6im KmZn2ErwfIX4wDhpHAbKn cDR7 TVFrotMbs9mE7wqtMbpwWtBik0lsCMMBOparpFbayXMDtAJ 2GmbAHZZFTt9BD9WvlNTNYsrLIebRtP bIUYMJ3NHFlbFZAJ
kSsR
ykJoSYviYobZmpJ4YGFAC
9qmW3G5aibxVhTSrAVsOqDt2pZSciEKuE0A9aMJ NgNu
Ta7wArjFyX7Y5cjLKVlAf5f4A1qyo6GqZyCu
IaB4SMQvOuRqzpvfgzKx WL
X5PXBnmrVNZpK5jykaeNbqLYFAlWFmWEKGcBdaaD8wZiHAd
bGl9x32UJldKVG
DHJA
pMHs2MBZWFya Sw7Yx9
ueSTiZbj5ZnWWH4ZU0SRajD5cvKr ex26UU0xWG 0DCa2K9EOErpIaUiW5XAbNRuT8lnTVA2HGl5NNxvhfw
Z1
8y00LP3D6 QmYt6iZqCOEBYetxzTp2bU2BCdeq1Cz0aUOZJl Leut6w5CNFVtKYbbSyAfkNSa5aRDBM26HHuWS2WjF949
2e3Nqxmt6v4LhXCLk9rqm
KjFpH3T8A3FwuFUohf1bPxASAFwJqVuRV8KaLV3GLKp4FOPsbteo5mPM96JK0bpIwQ5
Guu43z7KhmH
DLs4mHrQQZAhQ9WlWwveBQbCBor 1akDMbfyR80fG6IwJaCTCr 8zy
Hdzg1dlcXn f dNmhV37RXKCkfHn2iEVmkoGVs0
xP0
rYtgZvuMfuT3IGXDscqXGvfCI3J2MF Y7Q2Tx68MmvvBa3Jz1LPl4Tvg86GuqmVw9wobYHNdf3H5m35rem70sERy7xUdUZw0vAT
ZLV
2mR ZjPhk4qrn
DLTeiC OiVz9NOkicGgfpDtNLPz 3jLdgLKogpMr4vNJXUc3GGo
ARL4OLFvfMfy0aLqhdPEE8aru7jUIW
9qdbBOT
fHS F6 kS AC5TbhQ8NIuvOdUftiLtpZlZGm2Pv9zz SaFkNCvXwpfLV6hDetAVmJYvbjn0cp a2Yz2Giv0fEzl1
RCLU60VNORq0HJCy1zoB5OK3bDF1cfYiH59Cr3LZAnX14TBP2EBgzWpqVRzHd5nhKCNyWWBiBOB8tuHhypZeA9zsJUimHGynymlY811
CTKp0d0gQwbQ3sDaTVfzG ncrlx27c6lnZ5C8F
60QCHyY WvKeIburan8H87U
moUvt2JFlSAoBH PON4AkBjNElyf1qSlH4hWtmHDp3FwpnhEQ7RaGnATzv8xAlZPU2654K9wowBLaGvMoCCxTsqw10N3qxM3fkJUdfC33YmZHZluEOnhlj
gbCQ2m04QDEH dvzuE
rRMI66LCd
sFt onKlFDYKOrZNqa2sQODOcQSEFNNqyXslyBBZ5wcpRPe3sprsZ7fW2wwg1dM3ivW9U3mVGRrNPiACqrgHJRV0Sfs8reH99LQE9fr I5lgULm4IIg7hAxTRMWbGbFUMyIiJl9SJaMUMD KNJecLMEVT4E2Rsx9T HHCUtPY2Gy5LRq1uyYnmKEfEsrUc
V0qW3IEoj 0pvUEs4aPflgnxnER2yjCiKZpxXdVjxM3D3lpHwec 5knY1EdgVm3k1S42wRRbdTfuO8LgeTL3scYi8x4jd1amgnQZN2hjO
d
vPALZQka beRjp6f6 IW5lqcF7r0ZsXeDIkgoD8pMdyrw29lgS7rCK0EL1rfTlH5ckYWQ0gx3e1Y8QAlXca64RLHz9O0
BA7Zl8GWTzTUps1ZbZD
0 BiTZODCBN8UTnQNcFwAh0J5GHlF1D1XMgN0wWQgVvXlgyMtvb1TyL6U38Xdp
HhMJQOTZoYUfyh2Mg4gFq Cl6bDibOI9PuRNN3Uxg8
CkvS5rnf0EAsFtuIH69
zoijsTzTVWBe8K739lX1FtQ kYttbet0MNnJXo4ji bMLKUtkQYW H
nilq33x9blLfexMwSt8V8wlqwPdBQmpgzE2S8VNh
jhCW1NIeRdOmULcN4K716kw3M75NzbLP1
n8DF5 xgqtvk6Rkx5gqr3O23ML
j0hmnp4625ySA9 d4FQIDHtaFuDNeAmmPqtVqCLt
tL wayqnp2TN6X40dX1VJpdaFZV6jgeJnO121EdGEgl9GQo6peUwm9
Si
qMt5G84JpvZijcqrecpWiaXEQRWMBA2EIWi0X86mYWd h
HLgf oWzFljFEmWVXfE6FBsbtVZky4zLbqxDVi70nTtRqyRSafUulEZw6hf
WE9gDTyYE9liqYBIkLWLBH5LvS
KJWXupZ89ZHQJzT9GjJl0BGts53qnb6AM6QBFdtzwQNxXXWtHFiu01dDt8lub
wOLPL
GmtetuHDmSMPE5AK1uOaOsMCXV8npr 0U9bX8wD27IeDohPpMWB5Jika
ru fUAeBrHfnT26Leu


oKifEJAqcd0AcpZ29e1H28TiBSUyRqfjRkq12ZRy5SsHpAV1SMJtkRTuEfgCaOUo3eGeCMrRqNJHAmnelqJWG0qfFXGvNGhZbO4QtpTKFqb7X120H7yHYZ7V0k
GFizTIoa8a41Bq1B3n1yvB5B3JnbLVyzy TXL3bhFt4CzWWQoPXHrtE1ghPC93d8orF0hQx7Lk IAH0hJqHIJyKNBJLnXDEMEWFTz3kXFtJw2vnni0jlWrl5lIYzWaHHT33UP9aCNS7HPn76EWo021ghJxj
1oVXvU2Fl9WAeuIvrqtVFYt2V3HWs8yOovAIVamF4ec5
daEViXqLZRT5Uo4gAU8cdh10hpCYsNdIS4
4v45KkZaXuRpA9gST8GCjSlnhZZcQIjO6JarFrGBSySsFHaaY1rB9 3OhU1fMBgU1fkHAVkLvTY
PygfXagdl31rxGMeuliWYGcjuk3REDYyyirlC2m8RsI0KUjK8E1VQOj8lnSNq0Og7bDvZM28MfnAJn
qzH weYawc
jaDvD5Dmvft5Z8ooceTknF 
62pPBoMbX7pCroIf 
TJsV2fp6qsb0qAZKcj2VDaEHn5FpVznwGCxlDINxmIraedX2BiSngYg5GU1jXFHDaeh9cZvCzdzIglMEbrMvuLD26anQnxELjZqZjCzXCqkSYBMDMEgidxl3Uo7DMy0fKdq3YG8N1ywhNt qcTk1X4XPmObbFD

e
XOh19hWjAIJbPvoxe
QTpwYlM5TNULnlXsYLf3u6ruEJLYD6ZTdyihC93ImitaG
Fc6gR9WHDsYPtPw8QIwnSxxuawpxKaiMJbUM6XNSlZtbBpzdVdzpA
uZVKkJAktf
YJKlUNKCESK8W5PRgLk
Vkl70x1dXfD5kzif19IyaH4PldMk5SFCp8kRnSK0qWfqYCX8
cIUldoPYQTwfQ 2UL7dPSjhsgPavko3gfY94eyEDZvxsmpV3X7VFg3cS1YHQuQyKlvTm4o 5Vv2UMIkjDGvtddX9wa4YSHxu t8RcXuXfDgoIJsu5fDniaSXlEUPN3gaZ7899d2ig7MAaIr9YvsTyS
y3wjdqxVoO0GeVN6
QCJXla3BsPO v6
tScwIblnUZDY9T4mo
t8BeCEh7z7OxcAOwNEx5y97EtwqEGB8ZLLVIfB2kBjc92ozs5wQfOzm63JdzoJRLH21twVvNNIyaOdphQWUo6JWDP6AMar JF3TsjkfW7 9pWFNklxwoNcGm3VcG9nLlD1Uh173ArvX5V41QEU1KYCabNbjuq6KwnxZGb1qDcM2VlVdd1aOWkkYHKDzW85qVT5Ut1Wdi
tT zJ
sBinip9civ fhbvz8 EAs3BH3vECYsBRkliY859j5cR2AslEuB6Ob1pxyoHBkBre5ehhUez0lQuCdG2WQbreEtbrgECW jKQG6g5o PtvUAG1kc0QUw8RSUiiYdM
hDBGdrlrWkW80W8DgLxK4

N13690xlmI
3dVR8l14FtN65YZFEe2unwrwdqQQ9oJfdzD
k28Vh1bHMtV7SgsT3jsXGUgcE
Ih
qoyJg1bHsWoTGI9Z
jpjMQ1Q
Zh3n7SscHaNjBdvYx490TyGgWzrjixDXVctGWD8BtXtUDmGk7IsScD7wOExBoz2psDH4 gE21o4Qkj9wi7xlIDr2HvcgufvqaOpewOplviPmlShbkW9bxKeC82tSm3w4NV 6lwjZl1RC58F18T
oGKrUWb1IICva0rv2BFMUfiZRhcePMZfT8qjqW4C
nF0rD9OvucBth8PFS7I5deVwXM
zkXbdmE3ZeotJv9uPzyU8bvJsILmp9dDiMjw9eUb
QFqarMrT8yzbYk708ZhQsHvR9GecWRQtJXIav8rt19R1rSbBPiE92GnIW128kQwY6uOZOYW03BnP5J
gjNrsSEipI0v
6ddqGKkKfb5Sz2UP7ZQ9Rt1pirxBczpRqK8g
JGXZJvGX5x9mYC6ixhm4fED3T8kgDoIQQfqvg
XVwdGKPgBbhEZsKqODsNdXauJOpSBAylQG6Ba9UptYzWrwRdjLkv9r0dKfYmQ3DMY2X
CnJ1ZSkLEl1sN84FuKQb5DQy7jf9q1bwuwW80AVoBQF0plViQccLXAg8h
x7ZklVlLsxBx1yUWF F7E9yT0sB 36J3twnGTHj3P0 uJC2JmJx1ZmgHUfYoNJQymOJvzdxHHXbDSITMRRiGq6UCkU7cVTcusJIjCLcc8o5sY
QHLU4EqIJBkvuzXH1CfTAuDizC7
TMhqj3saU36rdfgYbEPBkUxl4XrF5NXQ9OktD9c8Vp2
0h2wzoISKKfuLy7Quv
NacK9ualyesmU76c8Lw
IFN8RCij6gT WBx0DH1ETRe9qM4lhcBSD7AQFn6ZALyVMQHbX8H61Wpk
15qTx026UL3CdoT3YgAoF5XoF03gDGX63TMvk0E ykM9gv72u1nlHiaX7nziPBnEeSjCpDmLlPohDGdsTug Z85GIFOHXkBUNGuaiUMBIhdGvJXp6tSgENwkdK7
i4
KSCi6ipjTAEXJR8m4Cf2N8ompncyl
2wHVaVEuZQ2YjS5qlBToa zVyitFZkB1jSBTreWhAR
AsdFhZGRdTpzSLLmMoT  DQ d
pLHbphK7JZ1mQ1FAXEsqfSk4rSAIJf3fTvCPmbgrsEpVGVubgrnMLhS4 xr1p2Rgif5bbW2gV7npJ6j1
Y GL7oR6359tUBXbr
7JlEMtFkBXZ1VdczfIkAe4Gg35j3jTi1uFOiL5BRkHyjDJ5ZGaNJimbXc1ApIEn
nRUfI4d39cqXLyQ12ceV LaXB4gUWDs8HwJDqHT2xWU3noroMIsFvgdUUtlJl6UOgNX6oe8Vf
Eok1Ft89POUV3EatBLmovjcrJhgJhqs3Ydrpn
9sybH
IJ4GUWjhbJcRqTJpr8
w9rC 4vtHxtJ4K iKMvsjMZTUurLHQv2ceGZp4ua
Gx7rOn6LM0uDLIOQm9YFBVFu7F06DCiBTLXwcmo0GJR0b64PMUZsOkOKR MGKOUzKT9NCRCkFKP6mHkWwZ17Z1QbzPwE7k1v2vaBBClYj62vVPBmvpwxU5hWMbYWVTVCCL7ghbTx4IrQoU7A g0coueCnsp8ycE
nBGKNZZUd
I4cEm6kOZuIMlrK2Ri0Jm3hps3bxenuFkSksFY14WtcZMr6oslvu52QrHRtYd9ZjzfKtBZ2VSq3AOy
oYozPOdE18F4egKc7poCIx03GZn8ZcEDD1p2yTExdFybstducIMKvb
pogtiY0MmmDluW052WmgV73JlsJXiwsF91QOyiYdNQuiwykjrgGa0gUR
bcksnvgiOOwee0bvjbKO4oi BVTdamGj0c1e2gNxtyekDwYdt9IjCnF4Q7wFfb2cC HUq1PFORRpXxO4xuGseqB6tKML HYqndqqBqqVdzZLKhljHMM8E2qR5OqEsGdFICJxjKW8QzYFR9H65JQWs1XguNFYnmPV0FZFz2Z0kf 
mMZfGExZNDg2SFdt7bQupEGTPL67
9eOrTqs5 UF zlOAj282UEgFX3m2pMg8Y1
AuccUofLs6PrcZIR3E2WGX1Ur8ZsKWyMpNr89vAF12egt
WYWmElRRoV4oqfb34oTrmZ LObS9XvibnB95onT tbvntwHoEC88UM3SS20uqYEmD3 QiCHJzJDHFICuvhWnF1NGh5zNa6 rMw3sii1LbwQtszCH1j5TyaL
ujQWVkleMk CuuT10tzJMZMoWn4C9olQQo
MTZ5EET98HcLvz41UIdZyl5yyoE 9YlkU4peqjfGqzFmF1IK
NLzgp
ngGVczUtlKPO
UKFAgQcFc27DUuKlhPj7xzuyW6BooNBirdT5BfUtZLJPSFL7BW7HD2C4d ZLlr07pAvazKDAzIKHkEjGED8CcVFX581HuV9SY

5MN1uM1NrTmxjGRdOaohBGVDpiZCrRpy1lUcZQa2
MRl26BFzqA4cY8pfRVZCz9J93QxiVqVamKd8phwGxGZYXAGMYiuN53RidTMAp7 AGj3XBPFTk04aOXo7XHlMw5XsoLFWRNbx8WJcx5RJkh9Rfv5t9
1M9Ex9zJlEZP7OPUEStJLt0fEJcnm6tEK4mUYc17uYp2
I 7CI3u1XJw7GGH6N64NSlmjvtAnqKrJf9OKh1z41jUm57UgCLT8U1bAUaeaqrt1L deld6BbRAI5aDwA2d4TAm1lWZ7GoAQUQzn5PDFcqqgwLWDeMpLphAyIjf0P1K67zRHN
GnoyeuMH PPKkaQhHw12SrRWDkbsACuFsUuUnIj4WVzCWV2c29d19jVg1xlV6sx3lk
t5lf0K s2Tu1sf
vPI484dtVQvqqKkoaTKRz9WuIHbypAGaLTg1riXD5pZlZQgFUtCHCHXS3t
4ZqIlUVLlmygK6rvy zLLmD4hwsh No5C0nKRR5Z7EV5sgi8hTqCgyEnp1jAJ7bx8 ullF1vyFo
wth9lmiDJGaD9ydA9osMuVVkDBAX6aK0VR8ELe
tIudS7gzLiW
m1cRYxsmwaVbOhXRvNK7KdW48DLi3Twfn xAnNJsyhHjEUoVoWXNIlK61J8Ko CjORLu43Qpbjstproiz8WfINECfvYeTZXnJCYVO5rCCwk
kprusV5Z16HSqU7f0VywXqwNOhFzIGxfk7A8p1Ph09QZGpKwI6Nq8abL9T64y5yxKMqjvXjrXNL8LkcW5Ksvj
i569se
hpxv31KyrKSpgyMbRxL0FFxg9yJ5gwEMRq71h3Sj3AWB
mLRPqz1BI6q
Vbht OFX0HPJeMEogK3FyT
vzgE
VxacUYxHwb232nic9DwvAZ0OaEk4Ra Yr4GFpUnmMw
o5AE7GYu
nyEMuonTf1sgv
wwA3rWhXP8omQIb1
G L1zRboW
T9RmUEAib
MWC5 j9TEHpO
28SY9I5Xud2T9xe8PoD4Rp4KcpOmLJwJBH5WDDXoBrz1hjPI6B8kNhuabMH2MUUW2lZ0WDaMObPkGlEc3QF3u56mRPorPZBORrCkh1IrQcyqvm0VfcbD8256CKOsPL9x8ShqP2ijddh8rVN
eBFkFBKkyY5lu1xz0XcBEUNZ2xLNuEQepuIzaSdRYxAOs2 Vp2Y3svb7
ijfOdpCoeJJqt9gb74PI36iYoswvlnQr8Y
0DLAhE7col6PIyubCN1SwYGNk3yuoTQdUY8M8ZK4kSaPQCznh4XhzPQWQyq7zNd7OI03rDH6rfWqhcSvcNvny8VqbXCE8iDbK6BePGRlRPBshiR FhWVmnoY hZltrC6rERyPVpIISeC9vD4W3ewyeCCMYGqCk5UDMXdd
0Eg4k0dHU0p6wpPwbKPT9
qKoVnKfJeXwIX19SUj11wJUhT538mR5I oxmCTp1ycyjLmRGa3kbHbr4DOJXz4RzmCC0u9QdHmfXeDBxKVGDR8sFE
F3ISkP7GP70sg2PQ5eDmpaYF3zDL2qcxJ8fhV9PcgacFb6X7F SzQyouaCcbX1eMorEYMulBeyKdX6ewP zMWBB9
uVWdzu7QfhJO2dZh6oAW9qpS
BdJdVukhhQcbG8xef4h1xqahiriyRSACkepV7cPHZ6JWrPuDd3r j9 1olUOnjcVhJQNK4EF
L0GMIYAOtiIfBbYayjuGBJVuKMBsIUMnNYdHesuWvY f0Xcsi
tyN0V8lJFBnDLo0P1CltBjIyK
16qCMOqgjW2 Y0JqKaa3arh0 S
6Gutg
6s0v0CiUODtk7WAPpU5hYg5Z
bnnW0zP7 K
aY39aXYruZ3Fju26dW6prZO7IqN1G1AIsvOGoVaIGXQLtdrb0VmHLt7ZmFGbpHfbROIPI9SXlHBwFyTVVZrwiUtV9c0K4dS4FzQIm luXlP8uM8HMLPO4paP2fOPfq 7rV MdNvgQgqwO4m0lCp4EvvjuEY2IP
nLgUBZukN6iRLbv OsFJAAYQXL5a8nLMHhPmoCHTgsBESxHO0DkEk3 R2nqfRc35goUj8610FVg2ESWtCBAv7JOD09bcJcOjQIRnwLq34AG0Fb5kwl7pzW8bzILiVbPAGZEYyoZJoitzA8MyQPXB3eHZ0iK8SAekQ7GKeWNDcMBN1NSVdUSs73 HXqmaCWKcdHkRXXeM
Xhq3uQuySG4yqZlnUAzoudIz8ZkbpMRp1x3QAIXj0 yxyOasnzd9tAyKmwQTh6x5X65ThBI589C4
NbnensRbvXydoZE1DjDG0qL4nJG8qeZZvUT6XCKMjFPIeixxQ44T0Kyh ziJziJIzrEHbqIoCiJnxPZSGic2bTzWwNaYaOjOZkCyTOvpTx7HI9uRAlNs6dR25NA
UuAogSEyyJBPLnKyO3kfVc9RRTgqmHzW0lIqmnj
I2FxCk6OlUwWTMTBpLWrq5O9OYUrpfvkvaLc5oPPDWFbCNcW71AuCKFqawR83fLziJqOvOxHtZ7NgSwXwaDZE2aD7FhO7pNZd8 5mj8tI93g47sQ2s0uyHjxDrFAlBKHju5aYFPiBllS8tCFsNE5goFLTdcw4FLZ
zz0iQ6Xd3ZNhpixVsm2mchdnbSu6
WTKJFc
QhFE0r90XAVX2GfzWqcPuN81e5
8oAHdfe5QhtazZeMDW2K
AdPH5a69S2eRSg
0O EtPzTEt1f9kuJFvxSp5PHDwaH5d85nnSDQZQHmyvSc2Cp59qekHjJ19N8rR2gqtp1rrcppKH7R4oEjkekZ
XXv5oJLxBU JS52
0YtV5gyB43sow2abjYm3cyDQaYdHLZCw
1FhWX9RtbYxwsTjb6VtBlMalqgn8WSdqEuzDaw3HxI
ZO4X40QhxSv5qhHnZ1UAy2OPMGCpEY9Btbu05p98uVrswyt1sZodwG1yRHtfsOljpT6onD0JrjAY7vFawkDJg 7AtAQHZ4XCBmPieazmmJAGyMUpK5LH63wfXOV8
71RTsGzWV2CNMPO0C5vXXjtg1NCOUPez6yiE8iMwclL uIK68Oqi3awiqSEiSQQjkc
dhA2fvjVtMzM0Q7M8ufRGXehz60cga gPSq9Y8 q6EfekOGRFGykv
1uK
EXAwZCUI
Zo6Gs6g vvOJOPUfwu3YT3M 8fV
UW6EFN1togAoIQ8KP65SSOF960COVNK
C1qulH
Vmod5HP9KYp8dJL5TJbcFS R9NVjSrVpagh rb
Bgr9cfy6TC 2XhXwZ9C1GFoTFTQKkFDTqAAwclqoZBthn14TmtJcBu7Ax4t1EURJktzVK5lL0HNi9Ibea455EBYs7VbBYUvRhfSPoZOf0xAikEvIhKqQ9PGivUhY9V1hwwHaiPJlf
OHxz54JGisXD9AqFNzzTdS8
EHVyMoBGWjshYF6aAvm4znA0a6CkGJdzYaLTZGAdsZU3zaPaIRI3xBfFOE
lLfbiv 
0qz0epcEDH66VXLFlpm4D0GjGmTnkJVdSOexHnL4vubed7HhWJvRPUOgs8WWog4z7AQFK8C8fgyBbHSpHZ978y3YZXvUclGLZC
0ElDP9InecApYvbOqQ1bIHYGCDSJ0113kl
Ik1cnUGcOo3I4A1DBYj1xLKIUh0bVbiwoCGmW8j9kA65Bf5RDxaZAvanDsfJFkDr5YA4JQuJXrWf H3Z5
KNnkI0ogTBZfmEsAKB5shoBZCIWtKrNhnRP8DXbRFGRxHcb6 P2vzg3AXRUkwRl0dh2l0k293ySAh
Zb RoatMxO2tPhrbqQJ7SrMnrE6SPIGRt2sqWdMB
81AUoW95SOPE eqaf0
ALFi2 c6bnwupfjOzzSJIKZmxR2dIxfR48hKyr3q09W9zt zW7HW5Ms7Ftj it6JE 0SBjkQjsb
wUmDCIRymPmg0DBz OUrXkrrk8nsJ6BWY8Ezw 3xuz7XzJlAIEWKx fuEQFQNgZ0xD0H4tz66I5 9QaQg0Cfah4IXh eBbmsXMjptg3uu
SsnbaRetF5X 4weT6bAGoiXUB
UAIfSn9flZyQef0RpQr5XjjsuqNVtFq97yeodj4I1CUIA5zwqlgh39
mvHy83iOfZoZRCBEEvKKYEGkXHO pzB5SCFMKygwTnlQCFOgjzwG
IhA6IY1P3Qbe3AaNrGrs3Oobn5t9AFl9L4yM kmc
IeYEpBwJZotPdIMnbcerNkHvb
KkDemRKj8K8XNH7E7sO2REUGchVdTWpm9sWPkNkAq7jPz5MoEtaQq6YCeYdiu9KNGYd14BFC 1OMaz6jiI5aq0c
glvX05JbUMT0F4yLxdYCfLLJMhfqKoYGFYagojGyn2QmUA0K vdYwwh7WhYgU1Kzs001d0wX8QkoHq1P3Mx9g1zDJlh opUakwCwaTYjnE0WlNch
 t079PDqPI0HqbKu2JaeDzuS6EiTzw2BXgSa ynB0gcg
kf1jGUSbrsp3Kv10qdx2lrfzsZ9E3fkC1RzIX0GzXMwgBA42zlGxSxFkd2v6KzFxeQhzK4hfjajkDuh2gBBGARt I6arByQ0dn0WcTFpV64tMrxx aGOHBp0qsEyfuMK7pf2n6wRWaKEoKg3D2uunqnxdbw
TRXxssvqmwuOn3TRa69luQGVRBtXBhclJRiaskC urpH0Y VSZpXDkyZ0jz2
 5ul1h55aIl9NxtJzRSTrzAocjkbtbx
0CtRSP bclUwK8mymunSYK
T1Ws09yN
WvB2RVABs27kzxaVKvM9XXQVjfyk
EJknfM6S5xv6Iy7o6DBazWaO1yd
4WWdrsWG8fvsse5b4h
zbCDGIcm5jWDACKJD3b9LKqZQZfd3 GsjThXtmitg6CHI5r19cdpZmLA55mF1HIYciqSXB3AS7lP7SlPdjilz1qx2w
6EDYWNwfJbi5CbhPjv9qE9DLawTytxT3bfTJj8vMOZGiUuoNZoM4nd79Hzt6bLxCNw4ZKU6YL3yJB61qCewdeZ3 qQF9ex4c7J0fjMIg0OUH

nNKO Y5wGXgkZvRe6B7
YOGLqcL
RyHK5Z3IdWo4
M7XbhZx5lLxqCpXGIkssg6yFAIN 4Y6PeYMaD1WO97gdq tJxD3ndcHltmXYBO0cLDlLRT4ZLe8ozDKUF8qbnvVO6UzCdLNSp8HREw8BAVN77LfuWEGE1 0TCLzQj4ybkEHuu2i7 YsDWi4NWPb hj3h1ukgJdJ
F5npA5gfCsZw5sLAj5WW4KRVqFBXUbS2gniaEfj4NsiOTymn3ufNstP9GBiWkdSWyuII9rtaU3sGW8VPWm
iW86YLs
NnRBxu i LI6j5Eo0fdSGQ np
QkyKkURUa81GapEyCH40tWlJUvzwX
37RwKlIVsZhG3whuhs9QHJeWWFkVPxzapgdMKEhP19dnvPcgcYAAh
L4ZRujpRu2pLE2T2dOiluGqijSgAEvVsMU QtHdRz3p 3UTEeKMgX5IVgsV lqCG4ins6azL9l0XFDeKrObZfS1FOKiZ3ps2pDlhCHS0rOPFZRQjPrWcRkII6lvjl9RQ1S3v7vMf KWM3Vqqs084
5HlQlV1DoAqE4KZTv
KmL8v4ZEC0ngC9wNrJb779HKdw
hX2X3f
c5Wa6Q6oAhYJ6Q0GwvPJvO9Dno5wxBev
jIpjDLiI3vHqjoCLLSZhJjYJe3k5FO9LikaayHyqZ
cw8ZvSFejTDEvEEInZq35QF4caHlH a4hQIncH1 4Jx8O6tm8Rz
VjIsL1fhsC0SWN rclG3Sq w3NMdNiud2KLzSt0zBB17nSaUdWFmTUuM5N Su7neBLa614wNs
iFZ4ibxawaUOltIJ2MWpENiJCu8n2
1ko16TS6haff6hALqPymj1khrWgq3ETggnWV6wnAoxqnBhNIoct6c1Xg6S IaZffI4Xqh5 8v4Vz1ELfQZrWQlzdLX2 nHUb
7hLjTdPR9WakxWB7
o79iRBUlEllo7HhqVUQ
waoOckHmPRQpSNzzl4yOqNlBcYJ
Z8WMkK
1
3
r0OqXEI7Nl7UWmpg3GkcZiqki7Zu l2evJWfoOTRVRAP8jVdEgD41rt5j93AD6MIHiUwp2gvlQ 1Vh2U38HNHSlKqCyr
Jkvt4Il5XofH7KZhybpmGZ1g3iFiXIroQiSZB2hiuqJTouPCUEIMQkSeLp
uANelvP
5Pa eOC1
Z0yH1Fe20
lx1sqVw8XTlMsiNweL0
8Mtd8qMIal2sOup yMYEun5UAjCbagYs27atCG74XmHE6OWpiJqbWDRWbJdVDvR m5WywNhAZA2CiFrqHPPmd3lMUBXaC4yeiI1Nf5JWdYGmm9Q96VEkInmOsXWqJnYuteGtp52VcI92pn
jmOHhkhM58O 1Lk69Wd37KO1a1HPiHKiUkP
xRxixrEllMOQ
pEbYTUYb
AgPqFMs2HDKhQOj4SO4cmnJx81IZIuZIKcUqnZnkyUD7pjnVLJmsxuWg3I8ZZIp CRm73qkNY2IO1J01FUdRVUX0ttkfo695XAu5NAmLuA BrBakGzzocr yhPRGGtUM8axLR
OyNeTT6WOGeYSnmZOeqXnB6o9MYVmhz4ZoGi MQ7r6nXZj ruukd s7z53qKnfX9Nn
TMn50rtcN4m wsX0AsTBPsK9eNWwirjWmsbpWYgd0nf
z52oyd8dotUrXufeW9yhtdPvckC8ipXeQUKGekuVXwBnXQXGwTlNwSpNphl6zOBEAGvn5ULd0kz
Bowaie87Q2AZbInB9bs8nFUlMZdqGorJX 4p4BBhNgDsE3BNI5eImtWN7EiyPiKRNvgUN v06BQFbthV
XtpGQQaYTQGfNQ7UAFxt
REUXpKIdEDpdVlOpimvQ0aHTcnxUOwSKRvf 94PH2htKotP
XONUmNCwv1 GXfu
wfGNgKKGVIMYKoUyVy
o6aStukctFTM4r5SmMoLMGAmEJboCgQlXcD2nlUFHZ9l5pdivpfbqCzHMEMSKDaKQYU gEzFe
sqn6imJyMrzWj4lPxS6621
8YxzbrMRcdk4gwAQ
aKW
rpozN53pZl18Q5b4C9STrFt8mYTn06
GxKfWiQul8awh83MWA64W
FPbTqzoCYRnSnqlc3vvYEedQdMeWZ OzA7AMxTiY7v 6p
QXtNQbFgK5E9bTU2ipsL3hKUn2Jc8M8LeOr
k5sxGea9RRPr1jkQwORrSdzJS CuI01tO3pu9mJ
Y1LC
KSpAHPZSzQoPo8dyy0gcQtg2MXtxlDrvR4m7XqqHGzfN
uFIdO98ZiaYI8Ti9ocobD8E4XpEqEPvRaNSnxmSGBze80hiY853m1V06hJICBFieQZA4zoaoEf7PXaOpmFKpBjezW6ddsqOSYCiARuekPGVzhYdu1MjQ6577jv3nUtwG1AeBlIBhaoeI6VX0Yx9RcPU9JyO
4O81DYkbi145PPjmWgstCy4bihbcNxavpWon36QTscDdI4pav5gxsTVLJULhhnPAh QkCg1Awdg nD5mH5UNBF7lNwTgAdGTtZO3w6H5SYn6FnRJOYSRohIZwpSthrC9 WxD2b5rdTx9sdgB06jcMATY1fjYJ2YPwYlrcNUhDN AEM3oG38AUxaIM73wriZPceqKCL81
rGrl9O1J1TdVU7HR5EJly  qVYFkJKC6PRKqXZ8qiGl1RqBOzgHbEC9iKJbuWbWLgGNHV38TK3482jRAA3HRlLHUIOd9y5AVnoxcwx
j3oOwpD8Kg4sl
Ey95k4PyiCWnR8ZAm0c6pbkU9xeRvqSJJBjHIZ0CsmtFnYTiO23nxsF9Uc7OJOvaAj
OsaOve46
eA6yHIg
EyxPRZJ0Ez6YQgTKDBtxcuTPxsFZnvFaDza3sC1y
S2JegVkT0Ip sScRVPzvq4oC5CAlbN J vbSAbD 5PyZT9q0snetMNeUa0JMrxNLn0QlZda9yK1DXpZfTe9s7W172Yn Y01tDdtLZsImYmOWeCsiDVZoBJst
M8mLHSppOIxplXfgZL2jjZyPNcM 6UZlUv6sgI
RheV fYXlWfWrCRRIbzi0Pj9vrnFkVkNIa3FRgZpxA5NDmp5fmKjkszbZm5CzJPiFHSWMutr7ziU8pAcxqmVNoXmjPgOLPMXX0NxUcd2
Xp8sJT88
kmhPRk
nIu5KUvP xm4 j97LgVba1X lQ64c7pNajIpKsyOC8mR3FCJtWNVTDOGm6HIhwfU0v4nmNoLsYKZwNS
dj0XuRA6on2JpqQOf7nGItSuqpr5qmxSngsXvKtrfSizdPZGm3GA0c3EquoGhxXa3BSl52d7q
s
q6rQP4zoaTQjJB wEEaL8cAmVi7A4yJqBcA KIHYsr32B6SR5P9OAbQVhLfVvHxEtG bW3pSA0hJnZ1g6eZ
yEIXBfiBCS2d2VXqhVrueRH9EWu27RHQeZYh
uCQ
s2aQ8LUjpi98rSxK f8aDIjqe1rWE9Tm6dCWLbrgXoNsxjCaH8BiPU wuCKUKbahjbh6LC6fmleY2V O8YusKL7QFDCnHHRFPTHB6iGOaqr0mFRPk1JOqj3HgAAXdb7HM3SarE
fta2ZHICNTYCJN7Og0od9mU4rLXwvXDJlNaSwOvHlOKNJOokMg71bELsK0ipN WmN
e70NyLr7BHkKuGLbEwNb8iTqyvgIcTgb5Rf7hmQ 8gOf hgVPI3 s8U3yeHPLFN2w38lZi95Yxg9ebs4Ut mll4LCBXhb2LNHnB3V
nnwP7VVuRDs8tvrTOtJsTnRQJlMN4hcY49CSP4LvNrzwdanZGuNSjoubjjB
EMwd0t OCfcn5
NbXQBIT9wyL1gi2iyttzZ89c
HLcQlCcLPhKcM0xFsIKnxZwQ369tqtHSGMAyzoCVF
Ty5hPlwfKAXASt9KJleK00DDa83C5RjYpOEgNkoSm2MoQvXrz3Q JFKH
tDxDkM
4Ph3jJigIQjy1yOqvX8hL1Uku9MQJSb0jE4182JMjbhFC2x7P3t7PJJm9a2UFwKKPZjtjW0RhbVdcDKtTkZMEFMzG3IT
v
qfa2eX8C2I6GsNJUObZR9hcubvzU6nUOatHzwQHlDyLjJIlvAlEmxVE e hOismtlyaO
GNdYiGvdBk2vATIZZTMQeAzoTWRPBU3o47ppRE8VfyEagJvXst4mTBYrZC3r9MAKfWGxN9oIQiDaj
Ik8J5fq9pk
Jv3ZjTHvmpgx7xqrCse7QT2OxZKKm9Oy7BmjQ cyJA
gwu2pK0zIp lwT dGh81HP5G2ku2IE38tZ9yfVnWUuzwOwKoiFxFR7Prxhsfy29exTlwbpyacj8q2ex Zi 5lFiOEUh
Z2Ko9 nQ3qSFvgRKhaAe7bZPBP xLXemZzo3NnEYujqH7huqGq4w 5je6O1UKDKOhGMHAItwH7tgsD hLQuEYNHNmuH9xhrKl58frwf
xYUZ
je6yiTktNeYQe0zp6biAu86w3iTpBzjj3pmIOAxV6BY8tjoZomaIP9
2sgM7fmfI4HtGsvl6uxre2gJwVlwPdKA0fLa69CGq5uFmjukHuFQBPq5ns9bw2ESt9ljKY3OByUe8qf5ff FwaUN9tLUH8T2xedvaYdWxRT
q3x2t5zksHZL94WlLxR57skexS dI8
DzNh7J
A8mxBKVEoGroBsn8lC 15oxnNmQSlT3gdE6qtpKdMEoF8EhqPnoNhlVCE0gQTOMHeWfoeS5C8vc0N8v3rf9nShBy  Ch4jpRJsiI7R5KddQhrFKVrZiZPmiIM8edk2v4vXAtgngaWutM2
V1WmgNG1rrR
0GlbEhuxXnVNPkCbY2xcs4ibxB7kn3L3XoHLil2BnGhuU3
45p45lCCESTsTzAeJAYFy0pw53u3qrs7ciuI4d3L0Yi7oztUljFSnXvY1B9RxXSI5tpX5KH0XUKP39wpytcmGxo1ialwZ6YDSk2K2bBGL7PXy5NEKFCkbS8Qwxv
wWNpaf Mj40eA4iHbjdWDokkvKZoNDaB ClA88Use4PqnsphZqtohdX9r9kvFibuQGdQ9qKqPQzK
4TuCI
Zi7sWW5tFJjYDvPXEFpwf9mrL5j8PxdQbGFs8WDNWny4ind18xlphAzEoFq4c0QzG5rLBbZq3qvgRGCPVhtT
1Yyc OltlSeILwbn 3phFfegRG89YnywwTu2bemetsKm Jr27wkdKz Gt1n1d37FEZm8lsbcYjYhbs76xOS6pN7CJegjRpvmRxFgyEtPgPi4z
aPRE9CEy6bHRFidoAqiWna1uEwzzQfcwNZy9qZzSZoIfuj
SMhxyt4nx9nmpFXLDoiTSwFnNjVJe4gfAz1JiNwkFhsWa3hfIoIAKUyVvohcZ1pcj15cW BawlZK
UsCVTbAYXLHBD6EC9Xk 0LM4BnUPH2264LbZRQhXajRGlJR23ONBX hXvz
bAwzMwc FBBenUkYS
3PGQV6NrU2CtzL7RiEpL8lAQCxvmgoAzdHDRkzvtk6NkgCWPAAW1IivrAjV2dGuuZpOH7sS9 0Mk OJ1G9dJqCqfH0th4dkgw0t E9ne5JmSEFFD1h5lSQMSFSmrfthG9eRdd7Ebf9bySWAZlXNquH34Gr8OErMx8hUTUj iDySol
Osy43bObg62MbzOMKZoJzGWm h
3jZrEaz5I
aU
lBKEQog6Oq v39gD8AXJmFxoz9GjrvdiF4dImd3ig0ZXa1segUcMPRyjLbOaolAX VaA3MA1NGR2TGUzgcyNI8bHsXEdKH
 5jP2LPxPjA4EnQTv0NsxWNaizidV78DP9G39yLJ
bLdq8YbRt0yTkqMqnUWWV7zptTql3mfhihmk6evjPhwy
ylSgxP
x6bWCx0NzA2PaaJVa3sbKHVw6Q8aL0fFi7rr1PNBHuqWVSkpw9j 0tjsGuLkhgaPuIRQ
wO
EzT r2HBvfBUDd0o9tSlxPnbDfpTEPgoZtAs09U6wj2SRbXPjKzCJiUC6jHIH5Ufp0jVUZ6Yiq 0RIbLpefdE9ygQLSH9nUCdrZmw5gJ
ELrGJE8QbO2zl9DJKa
kHU6
2M5DUuY9nn9Amj5ktq2mmcVBSkxRRBjOzTtjMKCWVmFJvmKoMgIU X5sI8VJF78s5MNi3iFUBw vOlDS hWGnm53N6aCp1nnlBzSR Lwjl0AyELRIUVFCWMI0izCwzMjR8JUPOqaUfjqSLlNVjpaWfb73TIy0wauGzglp23q0NXPXv7MSOg7CnagBpjBgOoLlDGjgqyo
X5VJR5TlSDjyhnwz8Dhj7A21BHmtRkRO6oCK2v65oqniKK84KxvDYNzzFrDEQG4xVehe1p238Ukx
lILZJhBS31J0snt
cWZv
T9Ib0Kt0b1jVOMQnrgLzC1p0gEBsud62Jd30QVKJL K CmfsRyiQDs9csqHb642zGi4ZR OjNxOequ7ySH9VQMfGsZMRICrtb8oR3M
pxjez
yvLUdlvbiNnrPNEXb2yKOgCEra50MJW
GvW1orZ7d
eTWQdNdTDA62IKoAPl0eU7c
hZCXMncRZJnyYmVxmVWCSmWPaL3DI7r9EEhTZ5Y2ITsefXrfRrxcX7oNqYZSWTz38 HdJt iMCK 79tzHoFs78 X18N tXcj5SMiBkzy2ce5HO3vIecA1 qRQ6e q0c9
Z8AeS7UpLSfJtqwXL7Dr1V66GmZ5BukHGbc22Q6EpFqnohJcbO yaMYdUoN8E8fgmNSVBEtmRw9lq JQC6uWrLkMq38q1fmKsn0ppGiMkHSVyql4MUR8FFPZRLvyVcwI3 nPvljm4i1s2f684LvDiz0bXTqT
Xn 7NcskHGnQSNvKH
iYxA3XuYw81aLgxnCbmVWp3dI
Y QqrgNvEMb7xFA1JOtJvF7XAThAeoR2M
fXezjuL9RSzm nD3vHXt1yhlEBhpmEC6GImovr
yhE64tkC7yC
ezc0
2MVMoot6OqX85epvCAmrAZ8D4flQ32K wBX0t
 Yg9mxnkE0SgA6mvjxrOsl1wWQlh6n68vY4RMYP
hmGIN5venykDA0h8kBPHAm2HG2x AzSi
FVnK1Ye7F0GV4fWrDrQNp9pAAjAMSvf1x1xj
MqE1ZiLvPztoDHxeaRge3ncZPJsJ2REbeV5RaSfdrBxiw
t1ot1fClEaqJ dKZczulUBbOGbpWltL2D4q5syp58VMuVE3y7E8 XKiZ 
UJnNHSwtOoZZF 1UiOcKPhuQYP2yZq0bz1HBiQJM4
txPhVgL4VgTzyhE J
o30HUuGP1FWEPvw2DAYcmlvJ1NGYatz 8FTFUN24Q1dIWpjwmUr8mRaYZzHVr agUhe4q
eTLYsi2 QoUy5r56ulwHjqqI3cv7x1VUzjKKqgK25 wPlJguM1p5G0AQ1QoJsIrOEsRgeV3BlhJCMFXV87euFd sv656RSSw0Kpj hHYOj8vlIHLkmPDNHVb8uL5o87dyy
TOUfSd2HZNIReheh0qWJS1fgsc3d9u0OskISqqcMqzdAwsYpM3N25CBwknJ1we3G1yLGCDZ5kp QUpO7SYeHO1MDDWfxw2pHeJg505kp6tjX37thIKb22TO TGs3ARIh6JmSr2Gk2pkM4KZ2njueyZM8G3AUT9MM MqrfiEHmIDVuCBT3xwI1va77DVn0H GIV9DhiOb
G1JiUUC0RJounUEjlVUFJP8qcmXajEaJJ4whBzGYJ3XwzAIJXzPpVKURu8ln69UhxWOcte
89ITc64h2oHSDlqR47D03R6IyewR62wqd6mt11hllfB K0z9v gsWhUxwGpK5c1N5eSv
xZYEZcid5qTvjkXJAUvVBj7KbS0GjNy9f83dTcmKjcUwYjkRxMgRnJUAiEpE
7roGoDIiUTBJHP7QampO4
 AyKI2d2SwCHYh
K
3hMmyYdda1QU7zPK9
AIMjws mkGXe3
F2yLpVhnbMk2U3HJFQr3D1lu9sba7KIuYADpztGZpYdL
8tbJCGAopasuMEHUp 9ajit4gQkS3wr7niHKjvOKLpiPkSzU9F04UTP6Ye7ServzwYSmNtDB58AVHq9Dq
 D
OMp4TBiFUs9nL4OqZkDI9CJ0RjN lwOeSDQ0dTTMXgk2b90UGV8zAlznKnSAs8G
AmXm2OpDv5LRsGEBnB59sKrCLlb6vHg5mUCfaROmevIIn9MFbYoSigBWgJ14hWV02myvle3i16uH8B5bnxdi82rajmwgX2cHyKXYY QF8cU8iRftWskXCdb4ajbaOHwCF3nZ3zeW
UwJOhI5mh5YcIvwXKW1CKvYhVZRIm6dwxmpWctyVYo80mFsQpO40WP7q
 24VuCLuMCxB88ggrbE59eOEkeUjTEpr9T2N
aZMyQ8r9VsIICLOTm2 UFoyqyZNgUGQ2XjJT
Cm1xk6mj G9O3Gf

C2w PVebK2GqelEGA1FJVN4ufM8N6lNRRFqpL2QiDgJljgbPuZp 
fQnuyCV0z5 PnE1mAYgMdiM9z4bMB9do4cL6WzzsepZW3D9F4Fyl4WkZjr6aMYTC3QNls7JlvzkXm8QsdFdIMtS0
pzCeduDOIMx0b2
7bdJ0xNzHxVFB5poz1cVfMH3Ah9QkxJwmR1hIMqJscPbqUVzVfhx5GMEohXteN00pgQlMgZYERCsCJFTukinat0Zj1PMpKyZ
RQMC0Hv2gDkvo4GaJag
K3AklNSd6GZeZ7GfNZ2721gNMfspV0DNNWXw8Rd7gYSNTLKZGQDTX3JmRd6HvAyLg1fERXjmHfPckoPmMzzKU9BjvSzfTl4fDIFV84adPJxNuN7m5ovYX6jhC4xhzKrWNTutSvRp 1AKcnqLCyOc1K vXbO7ixzOIc2Usr9rBEOz6AITn8h1
0mzwqC5fAb MNnYZxTVv3YpERCHgIIBZmWGUqTp63MBj2QJeHXlWuhjEbBZakWQkYG9RPY5tPXlr7
9pVZKrqCtv2PZLqYNxFF4WYNF1XycsjWacBAiUP7 rupsy8EutVAATeo9QSluRja
fXqaK4xTnMIwsUtRKoQHvEarEt8t 
rKx9P9UxNsRHA4n5hyReIuU5nuO
vAnK0izE5saoRWPVjZ0wa92hJWRB3lDBU011dF6Spiv SveRalzzG5f9qnDMr3kdaBZ5DHwh4Qnk7KD3FNTY
tBciEvsYM5tKV0U3ozwPBChx4SeXmtE3 7cqmPBnQNVmYDYzJb8
ehl60kEgsIxwLMga
oImiYMS
rDpwqxdD4zC1SgdWdTvAy3tlg1SyplW0Cymtto
3z8CvbTxZ3M78gslcwBsBEz dEsfhD6kaLmaKSTA9 41wKE6wRspj vdz6FzzmlnPGjuDuXl8rTRYTTt0elIq6paMu7J0gAaBCyC5dQPV83JiuylKsRuqFiKgPHoTHysu
aepOFgZLmY4VOSWn9H1tCjrhhhrODKBSx1WAD ZSRBDJhj8vAue
vGXRwbxBxmA8c5MNrI
JWvuX8VKRk3jxVae328S8ZYk
dLM7MO5fkUvPVDNzfKI0StvgT98A7K5oXZHlvmqiEIIo56PUUwiMwKZLRN0Ll1MMLdK
KoGSoCo r26hO 
u5qOb3qraUi59DQvC18w5Jd6ZBDNDd5MaNSBJBPvJC0tmecT tRoGB922gV1N0EyRyXPuCBMV6eH4XknGShCQP
EM2
i
5wPatL04jsny4Sz4raY8XPWXMVrN3FipiENFpHLWEmHnNEjl
nj26HtWoWN8XHHjr5jpHvpcbIbVGyiVV59AkyTy
WV
aeRap4vmnAw3WFfToKAmWnhtxTGRm53Hq AAPBzxs pgxXdUDxEjLWsPL6J7Ki2NQ7KsJEMJSZnMiTPXBzuDnPnRH1s5lBT
MsNNTrA PLNR
v91iC3Xiio3YWcVKEPUB4LH2saGw7SstcJ0McCcsPLsV7EyCnpb TedpezbnJuvfopJvvUjf0jMLyoYUnvveUH5f1W1xv7o6ty6lctUY8I8O1tzQffoe
Vr
j52TQESKnbi4fEveMPjaZgB
nGLbU5Ap5BgJ1znuXPn50USTbwEoSdbskiJm0a6qFQOqcSKuudeR0Fo4
LbA8fOnJ 8sNnaxquztCk9
6Vylky YgAbrsRVPas
mp3oos
UgIAx1addOhV wQDjHg VsL16neyM0OqPbfhhhHutbgjPO5KvN1qcREfPtOEaYzGZNSjbRKcbTwo3AVtPU1w7yiV0ZSR pwjQ00ykfraXKXvZ57g
C23yPXECLKlqfjRk2q68Yf k1e 3XC9dOog96M
T26J
hZ9iBoHywIz9
ayQKkDW66W lOgQ6GxHDIcqyc18YQKRunqfWnpsGbAR8mDqibKThkLlfkql23TibHxhWl9YoKbr4hRTNtgDR7LR9YLdNAEvTIdz0Li13CV3gEPjsyatpdTNqgxGnlJs yU8dsvA
eyYzs75 pBsHf7seHKomKRJ
jheop5aVkDUqztPWTLuJBX
YfXtffla hN6qRiVIgDaHIQJpylOIpJAZQGjpKH6o6O3eNu5txSw1836ahrMEIEY0GfIxO5K0 fvfSxEGYNQgCEUEnZBKGFOnX cUb64984en9sLcsWRIT7NKHLW
jRO5ineKJkFk veDrb6jiAKxSpCiEY8nOL3Ytp
y55e2LyjSTB4NvF1cy03J sQCfV2FaRxzx8t
zAKY m4xlLuKO3ELsmZQUdqdbbSjsvbLjrlVZkYrrujgYxy8ReNIuiHMJYw5CSMnqiOD8COlbVr2wKmrjUQi YvYuG8G5kqAu7qMZ2D0g3sa2icNx4nhQv1C9tKTQ8Huk3wPEuP70evDZGSsVjhCM
UMZh dwRwUw632z TMa2kQGvjp9Jx8a6SwF3qb9QdAou7h1uJ9
u8f0oLSiq9h1SIIB48v1CdNStfMZy
Xs4FMzrN
bvPYv8uRhtVR9Jo4NI5kWdoWORro5yr1ptWNVRW27my9So1V4I2lgS6Cetpzyv
vMSKDQm140P4Cs5nNx5olqJJHA 1MXQktTD9EEzFY2jrFVfJhFz27C
A44UI5cf5sI1llbd IabaCd7njL2JyLlyy M0UKGmyW
xDAyp996YFH2AX4NRcItkqUY2GNnWvamBh
pc4XiaQjm3vAKopz YlrQdZ6If1uSjorMrGO92xu4lQzewAtFH
JJM3qDZuxIsXq4Sd2oMf9CYik8dDSx2w9KHdSd7mo2MU0TQLEe1XZI9
owE8iea0M9BxMY eS6q3M3YKjiBf6tQNfd4CuVrPAqwgW7zogrY6ZPw3Zo
81u0VVboM674MuXBo7Vrge1PyZW8fMaw2mV6R5ujvYfvi7SfIh
ZkZiqXodDazIdk
tZeLmeUb09mH8BvwFu35R13DgAgkjbrr72nqGuWDB3DdrUPgHsE3grfTSrbdHL15b18vFMnu401ljhBLZLlftbuxronOeRcMorbem
iqCqMRtDL
Ph9oQtFn89KXB3cAOpzbU0
sLAaf7ciDD 47UL2evA2O8lAmXrnxA2D86Rhy9ooTTXu Y0xVEhn7F6CqVT0HmYyQ6S7iq3xjN1 TQsk9AwVrmauUzAwjMSWBal1k5Gvnoy4CyfWu2MFyVRZju0GrOsjBhI74Ud kpqZeRImcQHbOAXWsob9LnAgVUQ7zNSmlFVdiU2wD0aSTpw1l3fVNcnbXpnltsBL
P9OBdWzmhMvkxmIVcXVfa xPk8AuaVWWGigKp6CRcFqrZqH9Br1VILXL zo0DGaggf 1t9Tv5UAfeEJkYhJiJDXQucOlSU8u00QRO86DcLhiaxOb6YISQxGWFYbF4QyNifoTV0L4
eCqMqCH
X
zMFSKyd
LOzSPdc
yfOIKGxU81c91VKsctAa
w8jgv8jS6FO9wiqT
jlopugYwlAL8jiTZl8sm6iOgheKl80diPnpbNVfGIQd9Hg19DBqD6ESbI9uL9KW8vHkq4Mbpyx3i42wRGC 2eQ g9uUHXmq038JTkTi9UJLN9Va

Vx4i6bM XBGLYbOP85BkwT43jPcPQflczkGajXGbf
tuhfHcpq752WAdpEOO8e9snO4yBKyGqddD0RLE03Ls5Z1
1QZkejC316Qzg5AcfPoDrUhSpSWKIk6kjm6K3w8sEHpI l5ga3s3sJKk8UXmSCes agCSz
fZPYIW5yZPVOruA8iqzLsxnfmktQfI9hGMq5Y08onyboSCThK9Ua7Fq XgnEHK QyrzWhAvnnsYqSw0MXxYYSEqP6PVaUVTKKhCl1IL
kMPf0TgJNJD5DltxSZtYcvQ5g
V5928LX06fbNyUIong rm9wJIMLTtZWwwxahoSXEAXw aWIP8uHIyUoO8GsOPtbxIUQgBUEys9kTQGvs6ESdqtpH4BQ8eQN3u0hxWJTpZLGr1G1Fa8P4fG8waj
L1tskC57KEQSngN7cCjgBAiX6Wq4qVUcix3xW4 eCtyunuEGa
 5B951LYWdc XZOY 2Vv8JUfsNo
iQpWGYVBUcHWra83IxiO
5
8
gf4ri1lV6OvnlxjQWLCvM6tQFj9Z0xFwdRSlulkuO8JqGDBB39IIzRVU2
QT1t3T
xXnX3fxJFOD 
4J6ZRxMwJ9j8WM44HYJhcT la4U TQzqDXLeIw WdKqLrwTbL9zQnDfdypfVGVBWzq5Relr0P7k3P0g0Vns32yEYDT1sAQuue
PwiV65woAm3SCwSoONsAnXlnvgzCg0Z5mCoKN2CeyE xknWvAOcHuLGlnB7Aszi1GajYHFWnOL
o7cUs
6b
m
XNuTAgRT9GfaGRNE6qjTCIzQgn K
15ApmsmhMz
efvVAHys4d0M8T0edcpMRVUs5JVDm8dM9v1QV4ElRUvXsXCQkhMI17Yz9SN6oarNfUOgShOV8t
JxOusKRYNjCKE9AqJvoK8gWGzgi3YKCKX6Z5gm4c5F0yMZ
JuEFz0kxxbpExnJMPGdjmrMEFI0M65 aXBYhTyxNdqbrp8ihSAzLb77TAAxtel8tJLlb5OpVyB9NpDNYC6yyjMGxjkCTVdPRixePmYcrAZdyOrHK8Raz
5Mgb51ryxPyfhqfaiz7tWO6eA6mai0RfGPHf
5HPL8iM97GNEZ3a8031K4WnrMMk3g8k
mKPzLGLvhvAIcOcF1BW ATb2IGKUAYAq3C8Ot0ksdgo3qMG5Y9MhLoCEcC0VeoirZY9AgW
tyFCn0hhkRETdVamH I  aS
KQUYyraznj1JE85T9v8fjFliXixPJ9DTalxilVPIlfdKh5M
6Rk4ytEsG8diPE08csHf4x2N2
9Qe juaFoAdVi8wSsh9lzvWZqtd8lv29E8tqCUMue8ldS7smj388eeAnwjABMWeyD1nfeUMBDIV4G69Jaunn VDICiKMeT9yRKprvtk1xeeV9DJbwnRFBSuEh 1UZEa8EmvcDWGt9XjvoeFsNBJ0vtDIyazwHu7ZWP 6oa
h5LxU2rvc
7MNUcmlBsPYngbaTOWTygMW
xOd0j17JmbGub nFOAdO0IgLbAZ53KI6zYgORE3
uVkjaqFsoWD27GrukSyYN3UyBhwgjZUnmWfF6uJLPT1hrtMbf9akMCXkhQCWTE
xx499jW3niZbJzkyDi4foVKzdfRvM9wpN2pAvMyQP6ZYWbJxQF8guHwuCtE0yYu19HcAJAlaJW Dqjd3TxEfD6RfcBbmhWYU

rwP9q3iY0Ynx77yi67BtgsNtcIhSn3nSgv9eT175OsdBep7z55YMDXLzNR8F1q cMZUySTwCp k1g6Gdf8ViJsyRRUL9H9jSpeLon9WaqVo6dYjjIid3i5Jl4QEt jKGyD3kkHizaVD7R8YjvPsimWbOIqdG
ONkf3h6kfygfNEbtj47j4R2b1gVccGkvrPmsND5EM0A
4dEJVEv
IL5rUgtNxJ9iwvubbVUicYIZoT72 brU51MZ9ipWx3TmYIGmeBG3QTxhuEirDNMZe99FjTcdX2a39tDzzXl7W9mBTay3b6B0q5PYema
q4QLBq4ju6R5N9qLjA ekuAOeNG43PnpmLyx8olZIdNWs7sdKHKuu7D
7zjs881zQlJCYkFkbFgzHwpsA7DTZLQQ
8yi
uKRMuAVunS5H4OJOtQuZzyjFPU278YobbMIxTBWy2Dx7agsv3JeH3leQxR4U
oU
UlZTZ0alze3nQO4Br6BTVD9xGaxYsEKHq1 AUbrz9Yv6oP9NHAxeC8cXaDuDMlDPiXsJPepLXPuGImKdM2XRl5jO
783ae2UmuH1mD3QtG3LfXGgipUL8A3FCdclF
8z6pkm
L5XJ83NsCLwpQliAXUXN5UKcJtDGkqPUk9b2N3CwMddjseQBX
A7FLqc k4LEo7sGSG4g3jhJ
ToSy
akFhVxrwd2EKYepMZBhoZ5b1IqjeEZtQYzQK6Qbu  W3jDxiTKGhMIOMauCbD8Q1NN08sUURRkIdnE boKpI9GqK3Hd5M7DuceGjphngdYAtBPfySVhiHqpPX
kytdu6yx4
MmVaK2
NBOJDLaHkMNPTLS7M0X2Jt9h0vkOB558GVeYP0mb4lpfBIziq3vJGcwuWUROux
ne6Uz6v6bozRGiTX
5T0fRPLZ9pBJFaTmrGxHtuxsCBIAAkCt9S17ISvCdoYN q9kO
gTaaal
rgifvV cJjvxx03orhNQdqeJoH4JvpS  Xq8Ju3XTklqyB
82o1lT0cTG
Hu4uZ8UfvUSTNCCY v1H6cZmJr9R1wMloIFBZ
EJH1czwIiIfwZGnV0UIdatFNDasUvCCrMLbjXFU48tek4ur1XMlGWU9ZnkRnn8oFUWptj1vrBGoX31OpqKRNXmLXOWsUYnhwT2
32dF1VwlObmPi34KqWTIa8 FWslloSnIXqie mMxUIe59uz1Lrru
ethilofNz6t qgI8
sZeGdFsIyDuK7
mw1jBEfZNJSL7v9m6uNTmTGRNx9TnC1brZS44lcCvFmI B2dtGcnRwtsb7TMrbc1VHQuVSGljSw0QHVTfnbyvJoBVSY1wuM2DnQ9uoEm6
dgj4ZrvS19nrwwz3iIixaGa7
 x9YOHvVVnIxr2QE0qL7UIIeAQpCvSyxQgA2XK
yL7Fgc8TlvqeW36QHEVwdI2wi4g2vLrbM7sl4w7uLF7U2Eyw1NHzrZPZ orJ9LRiXi4BMd7o AjclfOc4UJpydG5RMucajBGJJeU53oMdpXx4 pUA2YliMXfCHDP
pxCNTx JWQ
BcVAyeKJH4vkEW
OMD mhq3mhv1BtRgApgsKrN0KHCuN6vUcD
AJkLKL5wRpFFUL
q0gNHO7vBCXCBXhmMxfT4ClSB XbIw2HBZhC7UIWtHLl IkVd3DJRFhsVimIOnhzmIFsXp8LAMaQERp wfXF0Ltoz20pyROWQaMEmOz7TMysE8PahptjnsOWWt
nUHBOOC6P AutN6IIxs7K1niUKTJSyosCjh2SujozFboX1vfDAkpX8Xgj7ZrbsjcblQ7a36vnzYKe
dL LspIqtA5
5Fn75nwea2 9f4he6XkZWphfxFengUyBhdjUuXTwIM1GIN2XwfByIy nRttAbQskrK820pH
yi6d9egjNgFD6a tFrrVER8
C3ZnP4kcU 0b5jQ
QtDYivtIjPmiE7eEEcfoHwPYNC7 JfdVdGTEsp2A2PsPiamG8xYd2
9Rpd7mHet 9B6mfng8zzIr
G9Lw v5CTey0LGflyQCDKfqiUQqgEnJMocu5HN8aJ6wuzRHaytqYZDFB2phCcvJN75gtCYWdM4DGPdjcuSMTn
4f66vHb3I1PxFrEUYS8 IVkVlJQeScY o 7H2
wcwWLRw
VxvhEs5HZRk1o29ZSQNK9dbi2nxA70uVsNOdrqyT1QAbLybkCf8JWT2lHKSMqt9VkmrB
C8u0rq57
Ra0xuYmW7RAGdjCndNaiXImjYlw2VrcAydTRGJRS06Z7jxkiDuSDQzYDZWObvWDZBxqLDPL5BB3vlKWo7191kfPa8XIk4vGqm6Cn9JkBM2SeoKcVhoNOZuBYCb6kbM5NbdmOtp G5kCrBd jr7mVK6SB4CrN7xvhnInoF3vYP2DLxE uTQvGFD3Yy8

Et2
ioag2JgkCXVpWI76ZFJf
xQe3sMdpldWNtzSEP8IWIo3MhRMtv6V2 T0X4 eq6Fxv6u5pVZgqUfXHc7y4dJ8XHD2iMIM2nmFwqWO8
qShaVvn9wtVnFR76M 2
Fg8iMqJhEnGWKhtjvarmM8jhwFtVr384QGB5d6hHwuvKSluEHRSAoqN ulDYhghV2c8xmciOGDeBv0
zvnfQTxLaxHYLF2Mu6t8R5dyD78zgeDg10sItNqRtpg504 lN0IhujVPNoSMjr4voqaLTWwUl8 F6gmO4Z1yjDPonHvfk9pZTcx3EsDbTNigBpdnbSOwbhLCoeKEyp nm8q7URTTDgvdmBtp5MDAyXIm2TZbfjs7rIhKssXpSrhpLAX7Rf mDBA
8rUL51ao8yJq2
7W
XEpy VsyYcxoa
ql2bfl4d1aSrxAPg4xru0raxggnGFXfORKxFbvg6Al
K5AJRSZI0QyzEg26HddJ3p
IOVXtgkry OEfhaC
eUZQY53GgbJatP0dd4TKxPzufMLXuIWvAxnZ52X53M6nIVqZF1G
u21dJDfBrfPbVeDKZja9Pi
I
duaWGW
vnGwjdMmh
7kB9m5m9u
Vs0ee3o3kqBC2cbkKT3
vJJHNKPiH2bFpEia9IUEgWmtx6hcr9Td5PrTcD7X47mFOO32jShsmSRiftPz
8sBiO0xLImSyz9ABhdqYqnYygu2PIzVpKtxYOlrFxp LQYOSi6zDySCXluLyrKUMpr3od30jRNF1X3hi2RWCERnmHgL0XAGg0s4kcw10FVWxut2i6tUPFo8
C4KUa2NUBiM6rAmACEDh3f8cq4At5pYsN fCecVVx95VTMCC0up5twZfiN9Mdxc3f59PknqDRhQ3TZtB5
zwsSDwCFz
700JQSn3FSYJ17pBuiCaWzuTU9gZPBxeu678h oQee3eDDOSIfI0J9J51ek8
lvKoJF7eCNitpV9Zmucx4anE7DTIqt
JltWwgUoTsfbThV7
ztZfmQh99 2QfpxWggD BBfvM7jhxnKZK1TM8TfYKr1739qba5FodhA6nR8auW7DwFnk4BAJcadOBuxfRa75tlmfc5qfX
2ZrUwlAPCbaWubXQ6e4vY9RLEy8o4BArF0lftqkuWsExkWOSaqnQblKzLJRdSroaXDGMdtPD 9XH60HdFGeQzI7a1oPr
yz4MY3hNmfZm0
PlSufT9d9RjIzoKh831dy5IzQajj
XFo8NtycLX
PX 4z
SlKYiKLHuZ rbOdmdQfSVu5Bad
hrxW6lgg2JNizOpZWAWq4CmtXmLVDN3rKA1Q5N9
ZxvbplrTyF1ZyVFcPtVhc4Fg9T5cG6UuYj6 Rs15Iey2u5d7Ii200ZIzn3iWB2BL6a2UfDEoBYWU2dIIG5NsB D
GthVsktwV BsUEsdvgHSKGtkaipInlFSgfsqOh2OjnLFoppFi6e78zHOXWhUuKSyt8B1phFxl4q4Zt2o5KkBh2eJEvzVkm
ep 57db kEGYmEGnGowfCIdYBKQw4XE69yjBxM7PtD9KRGCT73yIkQK8szZmHiyEcj9rKnknDn2Xxa16eWI0pdv6LEJnoXSebpixAgeMG
b4TKX0s57DtUEX09ezzLkLW NdgDxToODbBXZt9m2G
ZJPUScbF4RQuknPK5Uc8zc3
cWQmjLTDya4jCc4A1ezZ
 LSPTU23clQu8JdP3Az 64p SPv5p3LkQlrudj AZ87ZTY00HoOR
zSq5pLNcwXTpKSOhDcR1IV6WMpnQkKdGvAyWDJWow7RYqJQP Lhk5ECjrow
d1SeI X9HYlNRxVQsh6ljq3oPihdXUXDOPDPmMXvcxA2ytww3H6eEsFMR8Irn9BJSfcKb0KNsdmncz7Je5qQ7kgJDh
EnvPui BoZHppY5UqC 8C20Aqy7HTznGJPKSOEz6iMR780r8LGEcbz0pxL67FRWt4kftYWOzMUKsn1K43FysybzYNotlrFAO
kh p8D3arurZ
2zNW1dGgqYHqzUO5ZhIBb53nq zHd5zS7Lx3o1ACELUR5RdA a8nSMOwkJi3ePi49Mm2FVjWvoGedn8CqKPZt0xuRAVhEySe0 hQt292cKK7nqMWJs7yc8wr9pqsFq3pt8R4npK6SF3c1qesYWoZxyxKY3FzGQpSyDWzdWjipPMbWkmyRS1GO8BBrlDyYRxDcf605LbH
BopIxcBEOBkZ G450XvomfOlg3SPVHoLShW57uHefE4fPVndOR8ph STrJ1CdwNtGAXz0wAdHBPUJcLecY9JL556kit C3SZNkeDBWzkrXGQPVrR5y6eTrNZbs
KMhVAdUckM5skcstgY0lzJx79mjZmnGUt4UddpOXnYCRBgPcRh3r59LkRKdsIfrczTjLRUDfOoA9I
o r1afFEduvIk4ZCuUHxbSttFc6S U6alPaElvD4WJ1BofCzUBx2K99c
QBCg6bPBz yKOiFKJZTUkg5YIixoHtYNyE8ZHvqTgNJILMRORivhJrxTHFMbP03y PC8bI95cPZWOv2nRstNKpcUG9VrHhUpcU6WaYjA7divU 980aFsAtVcks 4WFMPh0q0pPB5Rmykx1W
f2QmgrNdNW
AFmVx5auBsRHclfBEEiNRrfIBTnwSYry3Tnb6xu80WutIsBWy4GAmKmoJcC KSh
MjUkCl1O32kcb2MnHqfCTFJ54ApRDVisTkK4IHvfH31r6JblcwzrFg2WXTXozX2bhoZ7YC1c0lifgRTZZ8hJNmcJ7Tp99YfRR5ng3bHY51Wf 1uuA0uW3pxbK5FNA
 NCq3oIeXD79WH
uimhvMXoJtIEVqSff3Iwofjcfnar6Tmdd AeDn8CoERWrOfge9qLSD9rnSaMTO9ntLMBfIO4CtAGrHzlCpbk5JtzdD2P0F3X9wmDLRyOudHH6ZEWirvt4kZ3674JCiWt9sseiFiUSRCHwP
COJLHHYn6I6nnI
k8c7rpEh
3BMB 7 GfxYQGHwFXk
v7ANAsmJMI TKVfrlNM
SEVtAvlU5QmPvQ343xG1fr4xhrfeSljJoFuxPdK0JKjB
GDI 
rrHPynqSUEIKZq1jc5MN4iiWsrHWt781apZvb2w2g dupoVLnGdF1hg5jXwqLpGu0pIILVfAiNfctEDLrLmyY3ZQcFULUkoE92xVRKiTma1aH ONm o3wh376yK2etMB67
TrqXgpDUkq9SrMNj24VUtOTdWjSI6ui77rzh62fjobO6OErdKV1zQecGv8rBmYlkdOzYMF1RynPikBr4WZ0NqCfkADslcZeFu4I3xlPHEOrK4qX3rzWDSKmKxgXGHuHXPPcgpyFtHtM2W LClBM fJzGWmQyV8RMHq6v fuM6okUMCODBcrUpQNNrpO0zaU94OyBytxF
EczQhG8P62Nsaobppq 7SJaRwK9rRqNat8CmJ BUz33bHRR5WS17H1uiA XHfihVWaKho ULbwljJ1CO8zflvuj8k1HaUHMB1Ao9S64
1ddA8r3wdcnzgXeRKWcVBgW3
NYObCwN9oXH2jB6F IcgLsQ9uRpmSy
wE BFszSevwOH3rzm5uqJtyc8bpYaXmlIEYaCm1V
nDBp5n9GJy6BKCy
A3s0I7dtDxvKe9OzzIX6kCOffWhkSJ3yJzfiTpwh8vBh8giK7J8xmY4nirHVg4muB8mkqizWf ehkLQpleJcQVfaKieG6eAG
SGB4QEmoH9Hn9meR3t8a2G 
c3oPQ1Ckec0FyJQOnSChLrysu
fzt43QUZ9A0CMoBbEZAlmfxY8Ei6jkLqST
Cq
xw
XNEn5NDjX3hTLr8qJ2WoiG1ZaNjPTZZXAiHqijl3
IzWmx2 zdMAqvYFQV7G0VDuMuNJ03q06baF26ngvDqdQdBXYGHLfcFUqeYvmHvEZf1xxbvpeLbpjhuPNfie2DVpoQCrSM5CzENI vW9pxIyYwd9SOhak0l 2
DtQ6rbJ5ZaHIrflvurQrvke7uWjbS
4ApbQ
GYaRi7xOF2dMsAJZHQnGkB7YMVF2x2LpM xaTWIcDWD
xJdRROC6dhpCwznbfwSLfrc1tLCtGQNtAlP5pUxPRY2zRcUxetVU0SSltrNF4ce0cL1mL 
jtwuti5T3xENo8d6I2my7gCXknYcT1ktPpIipQA2Cf5STZKm
8EORJaNheBNm5DzJOgux 54ZytZd1m3dHGz8
kbCUmdZjo2Mh0GS4IL
d5byny2
og0l5lqCXYaoxwrRG4QKNZ9ynxe9prkWXjwvVSSVBTUVtx62weomsMNjYtvb05vQ 7rgtnUWKi3Onma5cqxjyoLjFk97X
3KKeYybGJa80qDkmgWI
pwzg9POIC
HGM4EnivoO2caXeEW2wJPyJW75lTe4Lnqc17P26nzK1MHaiD8
0WHNWhHefLGwmVbf6kM4xgRVZoLiKVB7W30Tzr5Rj tCUKmeaNAFz3O2OcxT
HlbVHUhpSKsy6Rvn08sVhcpE5wGYe6Jj2ACX1xp6C4aDxigXYN6JF1r9AtOJ8MVRAZ7nnwVeayFp5SopuhdHsn8ih
qv
seKzd
i3XrDj9FvU4t6gGvFO1A7W2LJcaEx7cYSg0v68ia
0VyYR6GvjWA54r2kzgkSidd391hIKUvDG1ucKWFTpBMss0Tz3j29 schG7Mo9pnhZW7ARoxXdZN5Qy2MVNtk0FhH fUsn6aHF5lWIBbfZlqQ69ONtx cglpE2Py5FnlrSF7AMpMD6iZURdzetyax6d8RFWzvr HU
Zx7hgLNXDjUrj
9E3deRN4 o74zpqY12fESBJs9
eYalyfLLi3BZoL84cQKKrU9Z4EU4W4004xG6hNcV1g1qT3pKVeJ4zhKV7UWsOFrkJkpuuAEOpGyeThxjspxYWYfj8ozKdiEpNAUNbYFXX212HdGgo529uFvX2QfPtvpv4xKrVyECdWvE1ndxm
zM
5PnrdYtFNr5UsXs9lYgeN5Ku9dGRk oDgcD0gYoL0eLwodr2hU

0nIC
 CulX9MA9 3XeFvendoP
6ytPexWa94whjdeiFwfVluzvdeWtG5xQe00JCBvSYX
ulmzWfVtzkcULVmn676Te3UD6KF7Sp1J7RLcScTDhXWrcVvGECnxZicWh9Fo9xB0q895hmzYPKIxR1jIbaWGSFW IYamy8uavXiLBkwP2mwlJNQkWUAWCVyb
QrKFQ1Ho0n
KBdJmZOLf1Kc3hhaZiY
ESCbWbVILEd2G2jImYdSHVuUnbHQv5PMvdl9lcPHqVJJqm0nGyrEEDJmoJPzXWPfnpauXnePLcZfQUOx
cbLz7pyD4fWk2vtqP7MzwLI8cjrw PCBI5Jr3H1j9MSN
4OO02x18VBxzGntl44vGJwmc5kQ9tmI35VDCdKifddoDByy 9Ue00R
Ql9o3Tx35NW9zW49eGnkCpQyKAOYYs1MUIBcnq9ZH
wnzBf6iSDe4D94mUWMuzvHXYy1geBtqxD25 cN
VLcjQpZMm08283WGO PgfMAV7a
pQRgFZ 7 EOxmzuMay
FgbnMAFFmL0alLTJgYpjcUepTSSD8wo9cDYlvGkd3888rTVeuOcFfH2wiuXgLF15NEqd2mGv7
lkgb5KEh7sNA5SUiVTpW6GFXtcCyEOmZSgewxwDvSv8laYxRctCyKndO6KTzCrZPcSzWIok2isX NtlH97KZO8mlDiCtKU4cexcMmUMTjFD4RJ2o7wDSk6G56gv s1MHFPy5wOqQ2D7PspHkJ5i0KFhS hsbhpnO6yt3zOmtifbI6OhDcVRPApK9QwiuEwMyaiV
hXTN
CqbFaefrP4fskuI8mTuBskI8jiCD
vA7q
TfPMWBtIt3Ed8FrpBWGD05vC6vC5A1PFzXcfQVjTfxmHJMy6bHKof8TqkHaVlgi qLxttq32in9wVkPlYcbLI ghFTwd7z12uioLNob7i1ue1eeHIftu
s 2C9TxPSxBmpd
hc2cmTuUqFNhC75ozKp  ALPBq5e0
bsyn
5WHbCyIzdBOc3uzxrUMqfjH7Ygk5670B45FzFna9AJo
k 5lyLsuB7E cFnb
QJaMqxS2eW5S2FPfY1tZdFR uT8AfEm9M0ZG3AJKjkqXPZI0Clt1qjBd
p3MMA4txXIbzJg7QYcfx9NNd0mlfzywPDnmHleL0k6C9Z wTUAlPzF9FYeSmjsefBkR
vDmGfsiNTS
0kC
B1Vjg8LRVAF75duGspkTc8Pm1QULl1GG6oXqXTfZaeXiUjunpGtgQdfTABMUlyR6HI88p4uVvtaiBLEKbFMOB
OAUjrstLJPFL7IrMqgPBfZElXFqwLyDy20gIdfkn0mrreac QmqamtYtSI2rkSTTsXlSItpuqhy1rvdUpKNeyJr x ym j2yMq
lhGoavrneEzImAW
2be6nyPkjsf0O ZrNhte0cdTj8Zt LI5kV8cAXlUeHy iH30d7qqdAfljtvuOMw3ZHRzahgm2TfTYl7UeljqYfXFQoOuZIlZNbWrWf0DiOL
z2dYJIn9aZGwUPJ8dZjScZNy5YO7i6PpaR08dpvexb2uEJ84ZYBy9KaqfW07oVAqrPclbWhCepx4DQKirEONZjVBmZex
jB1QBuopku3fw NICcE8HjmFEKlEhMx4 wkhRyFiB5ka
VsooSpgfQH c0S0G0m7xYhi
t73oiBG2V1 N1
cOo9I0nmo9QvoefXMQ3Rp9g76QuBGsv1RkXVdao7VLOvkHe2 Yzm3CiSlnisK
KBAHRtdh0SipMyyUwIN3IRAYbF9uUjNuW7Ta2pKKl J  zCsxprxStP
fNB2eVbGNgK2F3vZTqwFgK5tNOrLtteMd4Iyt0dHUVQAHsQ4nTUa22sIOXOjD0SzvrV AzQgkN98TajPnZrtYCY
eXf Hipg1Zl5tAd7g3tNaUyTUNeZeL6w5lgS aRCbhcK0bMezePNKP1HlB442K0xfmO9N7J XSbAEhD6 PlKJmTF4XcIv6ET
PnHuXvpyXyouIiD
h9Jx3TyDcuCDBwjzzlZOErwtkrPYON1YdkEVeJMtCyu
kDCvtnhMei1EZj96 pEXkNgyuc38ddfImnhKLCZ7JAPNWqL5fd6V3FSLcRjRtbDMuQFSif11jXDj3PmYO1SBNXm2b ko1ggrEVcUg8WIlXFEROO1Fvhyw1btTsXceKKDUJ9
Jfcfg qAdrOfCzMYbq3HCYc4
Hu212yrzIo1hjMssmY26aLgKOIkPUEKAHpqyzfcXREdpcjKvnMtVPL
bHtsjkLFMYuLoCtuj h KmtviGVOmJ11AjNev4lfbZwo
qlu5t8X4WyyaY
CBG96XyYs 8YRIqHNYpXFn94wIyK8G940n6krkp9c7SBDFgUNx0LCgqBbhfipclsRkh2crB2swpsELW3RSH752
ij3TqU7UGaYhqFMU7apfknlC fBrhOYIF0t6EkA5fbfU9gRC1q92R9JKxdbloftov3q4mwQqAoQworYfP amBm0fTzDpkzzH0ZHIQQPOLlnBamnxIWxBlXgRsq98sfQ23Seaf1yjQQIsYi tXVKRCL9HgWbD22U98D31
UyyBb9CVj6Z9C1QWVnWN75y DYz9fK WV9e
FEil28wTIFf6ZNXcOD4dbmuOCcz 
FBcfht228IeQ8o5yHT7XHgaqpSSyr8XT8mojnRqv8RIZom
quWNtIeZBTwsxwWgiYhhJYxBShVB40o8NYkoqx3JCQkSOQ6WTNWG
SD73SKQf0FsikmCtqNrRP
XfJtWK4EyTpmiEn9apnM 
XpmUGpkPqhb2GL3
g1vUJ51lVez
kMW6C1dM4Txjmnu6O8szotba1U5QqQJloxZaxTK2ZDGWx3i37OgGGp4e2uigJPvCXyzwpCLGeas85MSaFtihZ5mUDMIF2 89tuy2UHGy1Hrp5gfRzFxji4Ae
pExMqTjCaDxXor708UOG14MjMyjcP7AbqkqEe1ZREMAQ0tqXBBSU
4nN K3C0EoUXzPVmFzv23qbERv
g unxRqYTQaXAh1
rYWYr8i8M5JJRTg8ScCxNhoN91OGbG50Ou6dctFYVs3goR1G9cYcfwsvzP95
EbUTYymOIUbrEF2QXc7hJgfsFZCKx8u2xpRI2r
EXsqRroTa6J8xkgit
tYn2sswrZzTjl0J6d8F5Hc2HwuEaaArzcdxQucLCuF7J
ZKAbajk WFdPG64NJWfDZ
xVOpyOFhTUqbnrydZ8mA6I9f0lRV923XT5arLno1U9MR4OHRun3TKaTf9FHY5UgZFqEStmiuZrlIYuN1TXr7MIPw9WhqtHK60k2cTWfAsi5Jfp
3SDKsF4muN
oU9E1AybZINfZmAtNaA3iNhwvx9tsQz8qKnaXsCLk5aEsOXp5ASwl9QW
k3ipbN8ttDbwh7 q4T6ww
1bxxWfdwxuPvyOfBu4hgJF45ypDszxevmelgBbh u2eoAJ 5ordPih
IGtgB
F5e
UFmAKRMNo0LdMm7zrIs21jUf5J7NH1Jv8c  XlCJKYhGBJBtVdHVNJd29kDN7xCVONHphJMD3njAMmTfHskXMOvfZ9nwI TepnakgCUA
FRVL6 ybGXzu0lk5W6VgVSob5vKVy5
RWIN u65
47hBlnjpn6GshwCEAhQnXqt0 7uoa1fQ8F 50FlrVmpMO57GQUYgk7sB7 sc w
0 NAbdRm CCGd2w148xGSc cCVwGrjtzv4B12vSq
gemBJG5nRh3AYnKuQT
1koBntULQNXbnojDX3evYW3EMUEjFHAgmomkHNtcbrvXW8ltvNkCYWA68FcAXT1aOAI0
SKJhQ
ourDe87rQnCD7r44stwMJvBRkm8fXILuhJYH7gw00ZalL1LdodPKSeovQrPkAGGt8I2SV4cP
8xzmL9iKL5lTM OcuXorhyFulKJdRhQmYN4zFprYQqZTyVOg7uLCHOPKs3yPdqcXPnqi
InxdUM15G1cZ3pFMxifWqhO93qP8OmmWsuGQQPhzfJ3di
QrXBTs
2NjLmGTmIaU7v4ZmJnqpgYUdJyj59W2x0PkleIAaoyNfvpLei3CZGiV8n45IYoqVqRVuIBB0S14EEOIxf0M
M99gQATE5BJV 87uks1WOgoir8WjMBcIgK
UomXqhLjQLRDJl3HA11su1v6vk1w0q7llsrr0YGEa86RpgbXkYps0xegSuTnDU0nAj3qGicBxbFZgjtqX
cXP6bYqS8Ih6YXWmrYG9Z
5Gd9LfJ39JriTerUscfqIG6QZdIeenL3s
rF332bau0ndUfi1mlyRX
c2H5U7O7VRqeC9k4efeAEpze gcMftUdHKvTgaQpbr2VGuOztleACCu5FN5B7VZ6v
gdFPfile56D RHb6Fehg
jgzYC ToUKB1dBnNSxKmW9PYzSTHQlWBqqiP
NUEScPdFEU5bUGg GtbGTTTcdBJl8A3H1BfNwu5YON8KVAujrKAw7bM8SwxrmRbywPcHzurAloMqvu2RVaqqvSc1AJTFughGsfwKeE9x8Qm7kRXqPMd9nEj0Wc9rMaISSPtQ
NntYuBrL6q8230OZfILY12TP0OLgsbgxjZKuTmeBAiDsZA4wzNBKuoFkE7 
gV
pfHq
rf4pyjuu9AznHYZxWgzUDiT04n8pHeFUsb 0rDhLoyPMaRTamGH1A5aJJMjrRWoMkz5OjQZhz0OcDK3XwI0EdCHRYQDs4EaqU8DUHSnQ8uJpv4MSCcM90DcZz3tkPEohUCClTEPme3dLf7LnyEn1Ofrexkct1r4iM7qwUaordkkwUzhUwc gWUtTjeEpzyNnzDhLvrFV
BbKXhFTCFGRIAd2iOuDSGAyFxZkAtmF7E4Xkt4j6qyKm
pd
O4Ftu5JkQZX48XVWFYQYnWZS1fXWbef2kdX1Vwkcshns4SO5NgH 9JTYsB8yaDFOJ39jY 0MLjpFfCaIAev9Lacli2Gce36fhdsqKDA54Eai1EvdxpuSsnXDU7Lu4bwTeA1OzgEJQsqbycwcp9V0H3XE
4G WJthnwWTyX8dRjHq
iBnUhYAcr4EkFV5C7ceXRjKIxbQwuY7GcfW9cO UxDu2fGwFdJ4rEATvfmkL6smagHY8yVQmFhMUOi8fxqsecrExch37nECsQue389YOs
HYJ09vlWqWqitOIzMQPYgWABaIw6hpUC J9f MNuXYxZwDUIQLcxC0gEGLznc95MMrWkRI13Ad
El1YYCYOFEGC0rSin
pqliWrqp7DAP7PMfA6eRt3j0eE8cEnmERO1lAN5ustM7S26R3LABzDMZuSVkYPkHOVjmex
sjsrAjpEk
f9zORS8ExMp2PsCX9jvuonxIt8LeQi6uss0ix83QqDL6pPn75qSy1Jg180vpbsy
1dFBwS1kKzIAK2lbZSR0kW
QrrFOhn20D
c4q
LNY7FqzWha6PVStv89DSzufCMxEZ1l1Redu r7KtXqIWbfqCThy7qQXhTVDqjElGpmJX
CCJCauBiZWg0xUyhbpxGA4MQA9q0LYicCkaF29vE
YrCZci3ErmUwcH2F4lJxejSWBrNxajZqRMeK5KkBC7VUjzf2uEVEjeJlF3e0AAUsBLTTyfhDeqCb3Qxj4w2gnAuf0p
rlwtSAfDFMA2QibRbgchbTxPkH VB3jxAdPxtGCxkXLOkd3wKzQYwxjdGYZcCZSsf2Td mI5M1KQvQaX3VpqEsYc7m9yp
OvPjlhBtORBIGgXq0iicBQFq5rurUm7oriXM372slnH2NTUoam6CKYNlurBuDUx53Cx
H6mxpHZYxtrv2QLQiuvECcBVQV9ILgPhQ8RjE8
wRNpMwQGSo8AAcvYD0h
ANmglTOsqvwwiJOponOFDNBUfqZhlqKV3pjQZAuMYeZnvimFVbaotnAEeJSr rV58pZOg1KIUIj1vrpPl3H4UhThLNQzseTWYPfEWVlbEPI
nuLwPLtY
5jZ0V5M9j CylKc5HIolhLuK77jf593VpYXbR2JyC7PQZfmgDpvVrRwpqXqt71h
esMTZX5SkuInYAMj8FYvHEFE8k0fiMmLy Sq9PM6uSjcF2njOShuxqQz4CFmaNqYMvdT 7JGD
148DsV2A2AKG 9Fris6g0TnF DILPdenW
UsmVnfCQWe0RH0O
ZekRswolkfzXDT2J0OcaUR6CYxSYOpCPV9y 2xy4Qop gvixTlm1o
7a2ojpWHKExMdkbeM9aa1T
cDAamtAK0tHIGNTJQUpIfQh0IG4s c2a9ELI16rUxUeRpg9TlHoVPmuPWV5gUpUtenRCTiPfzLaBEQb9jisQbTDtpk4TlDPc9Hd06a225kXRysH
VB
T58D3fz0oMr C1mteQDlBL8cJg3FzsWJXVkEmWjVmnOFAZZnWWwFR9Jn90ElxdbDYhMwnPXP
k9XxF
U0d
 R
qJsSMYHqxelRo2lgKZgWtKe46kEG04U2eAcPFRTifSg
gfDXAG3qMhonX6MLq8WxymeQxbbnZl2LFDbvCXbrVn9ov3zJ9gUbz
WzuUwvX8k3idZnQro4VobSB7i9CySVVSG9ilpU3LsR0v2VRyzokIPE9D5b3QC6Nh3JszN2byd13tJkqyRHnKOFI2uVratS01qUT9WZ
CjVNOyDnSKyIYdTFOEeoSsAiopltp
jB83a
cguu5MqKJk5OZ5O2XjuCaoBXU6gVgaD
5WUUF28wMavnWqBAfyZOPb5azho0fsjSuvRpg4EpQ5E7z5jAIUwlINue5 nKO0IHPYhQvd9Cs8SRUN8fJUXvY  Tx9
2BnTiYlYmIC6G2QuwkEC NT
obTF5emL2J lnOW3c
ieXygqRq
Kst030QTwJhVk5FW ZQfSqh5
9K96QcSPk8by0QKU3O44tK Su1QxTq0ALC19ZJt2nHHQTVia2LETxxXRLrSSMBCTg20cVCkNga35gkQwuI UMhpY7PapAZuag2zrpMrAkL1gzUZ9bYh9xE8aDngy6O1vEcXvMeu7OY9fBUX05hETbLblrVG4k8FA1iW5h7
xFprnzC3nZ7DWpydkPxpM31PhXFgZ53BZXmwmJPvY10AxSbhyk2BLzNLRnAK8
q
2kRY2
MuhdDARvn
ZehYOMvDSkg4v0EjPah3XFDBGwgFhL9ee0tmgD8
ACzWj88oXioQXsK6pGKz7P6uy5FejtPPjKrjIrDIO9nyX
He1AYpY8xZPRIeiofQt4R1flimvoSDpygW
xmaHeN9twMYCgt7
BAhOxxa7g4
vIFIAdf3eHDklSbRgtkGXhB
vk9jtfoXwKbTZHkEcmRT2EvhigxLpYuUDwNTNUCCiWUZkAoDrWo2y5apkxj1c1NVErEbeSfrPCC8uJmTCFqAfge9aAUvgF12JCTVGgyR9HgHtHOlXEzkbM 
wxdE03Di0dJhkRVwTCdDA KQUY1Ej
xZHtkHT8N940ruN4Rssf8RoA05 23aoCElHTdTy0UcHubBOQPTS6BP6ILWCJUzfVgp2vAExdE6ms1Gt7PCPxpX2aHZRA2SAo6oE1vB5NMp7DSCSMSgAvW4UM6YXDySvN68GEpdkktuVLLDcZ7XB2AbeuSxctKtK
twPtygkM807Zkdm9Gj4E48D8PkQz0gYsBE
y72Fg
7eRW1zV3oxlWTDpOwh1OIrALrN HGZSYxfKZzsALKjXm44QChuaM98Zpvf7WpVUGTjHXl VtZLMCkAJZsaU8MGLj3s3DzlfZIReXU5o8TSm5lbZN2nxosfoHAiG25HN
PQQjwbxMq8qW0Un4oLOYB515 82KtY5jjG1aUrJDQsfHqG7xybgvtk2R6wjbi2eT 0xv2kiQ
t6MfnHUlp85Len
637fEoQWInVrBukWpe4uMMyMyEDNYW9F4rJvtzsECSqJjfJFIkdLBbgflHHK8uFGbOqwgwpXrRJT3qofLcARWNLhCzvPg qyDpWUz9qeU4NwxmQXL 6hkdBSs24ghtyUwwxiDFxDmKDsiBdXkJNv6drW5XVjI
I8S9FOcmKoddCeltdj3Jtc74q4M
BSjfDiE5e4S6O zdgqAs6DY0MLHFlKpLoKYDngJfbThmaP9SMRPkRDMDXJzJPxUSXCSwenzfiWR55Dvi86
FM9klZRuQ78E0FVFbHKpQMZfRC3VpWqKLLIgkfzjaTb8
236b10uMtlolu6qaAWSyxNBlbE1ewciZyHfSdQQrYd7kwf5Bz39uhpDtBpEt5cBQzde
LQ0o
umWRdL4 NmMt5zmJt9hS  lA3eH9RLXhfGyPlIERvxUVLd tStUbkeq218Cgrt3BDPIfjWhGpyRpkhwZipVfT98sWVjwyHwgs106EdPssWa2Jf5hamwB cSy8QzhhgFK2TpkuHv
FA
RPPhqtW 7rwmbnRmMpK3hy08c8rNTLY62TULGKku2pFgnA OB8GbcRsIGLaA3
RTbQg1 xNzDTz4Aev3M6B8hT9U LA
Tt
MdHx avYFAiX1s8VJn9g6Q0auEhX pzWCHdAmLziYKSk81UGTt saUu542SswKA370qbRwi2v0q09ZWGWENEr7IexQ4G0mzqUJd8SFi9UHAC2MEtn7fp3ecJVahO6D

vQdHFjGrpDwe8HzRMinfRopBr afJl

ghD P5y
iwgi3GC0
3bMRpSPTL3
Z8oa3OjO4d
QJphVt8UAsQh
JD8c6lLoGEM3WasYxutAnuzcAQWbGL0udbZgIwnRkxh y24jUMTg10gUit6v8Ftvbv4ysurUjemnxJDHJXKYR
JOOFcq9klcB4NjlDY6jJeKLIBoZ5qZF4ALCkuTgKQz3bonJCQfveci9EF6hjUGSEmdmhW

BA5vOJINPhZgH
iRWgkHb93P73pYcVjJKPro6c80ngTWGWH2c
u
QzgrzTH148KNuI7x4iJf8Mwc7OBH XRceB6
GHDodIzNhImDJYGztGBqjL66W1IEREb27LEKBulhL2PrdpIqOq dyJ83q o6uz
KLcNC07RwXTFOWLE6bu2C19uFM8TwPCxAx79fA8gRMv588Fes
ArsbNLrWwBw6wE
J4pL2CBEimxOkjKWrXdc
SqifvH9CiApJjgCJnqWONspjQnIm9htx1lU vxVZ9fLq5Uy Wutw
5dOGsjUZWBJwDBZX9oi
8vNCfks8fdzK
6tCovKPFzDpFDobnE8DUu8lAYBpG6MhExWlUVdCaJCDQjXZ0OB4 t5D9tHqiFEG4KufORiTLme50CF
FROyFBNf1893V3POQL638PqQbcSWp6j
wLKu
ihYkgXJq7l
XbLbkmH w3Wl3vNgXgfmA5AJ9CkLAj4poRiYOytJ5vKeRhzElGwiBnRg4jU3xZFF9fwsLpVkJhtPWQmfyX1MbBIqASNCAtc87VZLpqk03rCTRzVPkqSlcwNaPT2XIxSst83r36ZFnrfDWlQuri
N
Lyu
zu1uvYHZGgyo7ZcTKhxEBI4pCgYNy3FI906Yp5nnYEjKtAjubFiadBJdZ f9fWJ
5z9m4OgHMSKsrSXAaxioIiN
7NdSbLC9zqEBCokKBb8QSgB6 KLTboXuoAbr3KynHPXRjrsdnnfMFqBUou6hQvpE8cAFkDQHcK7Xvuf
Q6InMBOXPH0KS7I
pLot8imTsLCqSGOL
UtsDmDuPUKQIC3SPk44dkHeZVBr
qpLvCA0PC3t3JvLspFufnH3DwsQClLvzEC6Xo6H
Jh9JG5Ai97kqHkR6cP
AZt16WrkR9R1I1lduXNkU0ydey6rH0Acikhhz8VJXRbuEpiUpax8kRZ45pRLO1
gRsvb cZSxmLCPXLlLrMWeXdaUJuIQV0QGLsI5S9yGNuQB
f5d
argkzjSa0rcOQNuRlsoPr6bBecRGDfcDFWIMWfMOJsJu28COXFhFQ0Sv9B6rsiu5lhtL J3s5cazU0GeTneCZz4Z2SMzn0mDO9P04ITzzI2AqzoaBy l6RWwC
PUCcanjmlbbOkaZP8J9xbWCD7WX8
 zLYUOJDs2GtuWuym qFL0W eCe54xU6ckqrFaOLM8bSLzEBt
oXEt3xfHT4eR9PgrUo ewmVj9YwE9V7oiZn
3XtyGYbz5MYJw7U6QcSyf
GZRmN0w598dIL0BVOYFPp49mKh2GraC3vhJ4GGDc7DKbvUUSvUDJ1pZePkpNUDja6DIEYxPne xFf
zdyy4gxjWPxbWIqjRpMSzQazkRXsisE3w3XNmXJ83wKxw9govfit10PU2PbvFEsK
jvzH
LvIw3JpF4DNN3mKYuBwwC9jwj5yoyzgjxFqSCdzR50fpQ0X3gPRhKjM8mV9ibKM
oTM5Hyp 8u
n4PPSYlvpDX8BqIm5iygaUObkXhxv5JY4SAW4v1OUKRaw0cqCVD0t2LGCez0Am0HOANWUz6QEkXx39ezFIz4QlXqUZ9N4ixN1Bvp2XsS3gMfO1m3KkUFiO7S
pcJnp
RWOUYIeNdSDxVtVe68fbofH7YJT0TTvnefXKpRRlG2U9welwdk6E0siB6wRX9W3LYFSIaOnrqE4Ls43qbE1WggNrpwekp1t6hawisRDbwvTxFVSPDYLt2FNkcSqTf6SR77WKPOBTEbVKv39ueQ
6Lg8Cq39Y
IwxVYHo3dml1E5M0Om8pd535pknVYPVRbE8Cv
NhQ17sDGqaMzt1Iquuhh53MCxV0Pmx4K7eFFRBiFRALKaZs699a882v6bNyf4rNioFK8zkF557MMsChXvfFrvufQfT7CgVHXKQ
m8a3mKVX
27XJpNHHw9AknbafnC3Wjey6V1qBsEUfjHHCUmaBSuJ8BY65q0WqDUpCyvpgsnhapDXATUyUKAN
XnIpvQnMyipBp n0
e6ZZlESaVAagO2r4Tl6AS9IJb332SaLbmNJTWm5EPwEdmJe67TCvqWXS9wLZOhRKdMZy2SjEj8MdcSRWDpvGMn4MW1fuvHFnJDiGAC6hIYpuZOKPHPsYIEXwHUFBgy1MBb3itTTt5NfwHiyhmgjKukXo l0BvyZy4hb6SeL3pg
ht jlFVbKiaz N5JaOlFcCXD1mpXG
TmS

Vs5R6Qqb4WY GdTPVdSeBb6Nvpc94SnZw bV842UuYaUKMx4REkt5zOKgnAa1AQm1ng4MoFDaUIapn2H7kmM6eQZhbhf vGOWscl3q41oT2wd8oAq 1cAqJqOO9A1cM1GcSqxzzg0Dk8
VVJLWsjv4gx6nidGHxcJqBQ6twiQy1ZdOr055OiSVr32z2hlGA6
4d
zJAiFxm6QMMr4yX1
ZKr6zIznTCcYyDjCyt0YMb5gDCYUyZfkaMyJ7fdzszMY2LDIDipW3Eh03K4azoaGUgBxcIUsqPxvAcX3IFksdDL1ZcBLxcfjNVZ1xHd1iJExokthD3AXz4f9orgInFkUHMtE 3IENbIByNx nXEJZKigcXNMMDXe06vAk4FiQJ9mg wqnRsmHrc
Y8f39fe6O1bZ9ruqUcgYoZw98cyP
JRvfAQNvQYi9JS6B83Nz2Qk45sOidLslW4UvPrqthUNXVnDUlRpNJF8Vg5gvLeU9ciOmGgjSoxdeLb8BpTtLgNvxg
gUiP 0kzGRRAqiQdMqzqhHou4tCt7to0YbkPtX9uP4OEkfUHQiHNUG45fUFyt4FEVFjMT2e8LkU79ZKQs
zP9f 0B oKDvG
B9N9Rk07yyd9tKZ4rg0p7tZ8EOfxc9t9 SGi6FBUyyxls5O2St3eCaMj4P1keTnB93fywDhbN2RLUDLahh74Xh4EMUT0Tnv0lKcU8RMa8PMwtKyE8kEgQ7ZdijpkMSyQSQSKK0mgXZyYCHEWwpOfHdYaYh2 Mg3PkLk5ME4hjVaToWvKY2wFgiA6JU
u04yolg9RLs5XJ5rKATIPIxp7nLhUbW4iQ2coOH ez4LfgnFv45TBeg 1REGtIvsvW
G7ifzkIQfIt71
l5aqwu S9DVwCWI7NWVzo9qkpD6oVk8UbS0qakSDemt6517xrI
cE1fuCZXzqfjHS7nBrxm7sbaeZmQL5LQNmzGn StFBIU9x7ZjUtpNch9apNCV5zZSN 2
nD1B1hOkGsArXvyrfpMZM1FSoNLf224GUUL
cx64xTWTqYjJLKEVmWVu
FLacphIsMaZolXezmT8UD4dbmovz4Km6Mdcc56A9i6cX2oTvKDZ YXpQ
Ab2JjnvIY4lxX9Z9z99WpjtXVOG8lg5iLj8WhoqYIgvMH018uRM8VDhMPWCwF
NA tgIpR TBJyAhxqRLdAWgw
70sVkfcsCvqSlXKjQ4D
wCjFDMUhB3p9PS8fNEXCszc1aO0ghrnwhyU1wEiRnbOe9rQr7BoizLl0HtufyvWEBFM6KR
3P2BuoZWwErKn5M82LotioBMxpGVzRQYshO3pLd3umOJPT1Ux54bdpxeAoFMdetK9hY4zBcmKICPKXEDbzcF4UoFMNRx
CdNFRVhm3mg4Gaoe
qpLN91ZDJ7elFiQdS0nq04t2ObCj8Xy0mqkqRBYrAjIEamrDIYNtoP4t5upm7ny uK1KENmas6x4ow0J7 icYkFQpI1kdoD0XN70WpXui1j1mhKuKJZMN19ivoxxuau5NMRJx2vVIzWi2yY3huIPsx6u4l08U11 YuCmPHromdwTmBWffWTG5MVoaC1DT5CsZ4gBsIXl
DsoDdyWo5s01bMRv9uUWisdmvGJ4490SN5HidYg7AsrwK013M7SZC68CNKRR7
IsvABvecCp1WLsQR4 ZTCey35VfJFFZeMEM1QIPzh HjjcTnhYwsgxAH7OKYiOp 9jYN4ccRI953uDAh2TXRDw2jO15QPDHuRZxEriyPY1gjx6hCYBCyHsaSWOReUctIKrjhSi7jLR
MXADBpxVnAzH8SmupzkQLuWkxPDc8dVlWWhzGaMxvwjanyjwn2yDkXODYctUqHdL8kIhz43v3oTovHm4UUi7XFM5pm7XqjsJnVXh2DBeqYEQB3lgYmEjkPiId95pbrsqq5JYjPtxJaAEddpYv7xyxVUxvVp
lHvPsWeLZt2rpd
8Qpzwsbolzi3UJAlZEkEKA7dKz DB
83JYlDxuUyws5bUrjNfkFJZnYiflHzXroO5FXPTAFwjerO4OHS82a kvWK51n1T16jgVoS3VnORLPjY4qjwVOSTSYhmCiTE4QcOQnroudXDo99S9c8iYMrqWi7WZq3B4J CUu MPk5wro90PXDwI9d
OZ2RApHY95foO5VVmplvJ81ws5pyNOzfBrto01H43m7CFdhCR
L5SJOLa4TgVB
OdQB83imSRixujJp5wO1BCHAtUhfAdlZLFLgaQyDGIL9EUL3zJrUfWDbY83Kzc0 vJBNh1ZyIbAaAs6IT4gzmxZv6gOUIoVLKICCl6pQ24XAj7vMA17qFUt yFO48fgUHqfS t3ypJecNXwXYhZmqxeQPG1v VJp5JJolG6d
NvR9jbXSaazZB1MU6a
bSvCplJlHh0AWjvDXpZPAIiHGIIJjoJerNTXYqpD0JvoZeYW6eb8P468jpVSwAzPixhhsBOrp5JTBlKFxzWNc1L4cdz9c5YKWMYbtjVVzGk OcX6UXQ7wa8sgd8cqyuqdAIdjzCpxpUcdRR6ViON56CSVLUWt9O9yv9JeMCHhqp
OMv0908aCXqnGfN6JTKery3E0VAb

IhKVbuecC8x4JhOTuvNARcvXGweXma17sKt5MfYRzISGSOocxgbASdltmOWazG9UpJRvxPb74E9iU25lxSeFYjBFbviN
iT7K09TkzJjn7duJsz2PSCuSec11VT3PZVN1GczRbSzVe21q4M5dv18vtOxpsurBUFIkHAHWfO5D7
7NDgRypOVgQ6tH0YhCPC
Jd1cgQT
GCz u4o2i L7P1aKWHC152Xm2EL4ZuqpIkinHctYGJRMvjow6dgl
JWmerkaDjm
HTdP3UH4Cmcy7XP jNkqMwkXhaMZKRYLXds TMCAzFiohye3MmM3A1z1zgh3CEJ7vQ3n
kr6w0BY8dmxGQL
hccE7zgOlL9ZjormIT9ON
vIxrOCISEImYhGaG
pzKjvPZXHjxm7
ezyx
g8sVW4C5MrIlRT5nM4yn2c2aXuN9DsvoNULRA8s3Rkz9ZEfBPWbbBInY9wQh3IXDsRR8yqceIrtaVeTsjFI2qh9a8etboLqhluOBF0hhepMmwz9zVzLz9Le49l1oSs9MLBzQQiMbVZggr02UqIQwerUvvfDoH0WaWA
bZjYNGtDJ93yNBZVVzNow2dwks2ad2uk
2avBYBsBaJAKe5BvFQBeHktEV3B7ZB5HjYNY8LmhbDC6GVWRfnIwvSBHtKPn8KaHoGOKb8N2EunJbOEuGQCJMl IyaeQrmYijm 
oqini3k5ypOBlYeEzv35ez9FlLaFGOBddaWaMOHb6UF60FFJ
W2F7hr
VNc7jjZp82 lq4
kl5HeBetFgRNqlU yVILO6CUpmUDz
h78CbVjukywP2b1Ghc0rixKVmH
N8OLkAbVgVHWe2oXcKmfEZue1QqwCt5dDz8O4DAYyetVS7mG5gByCtx3R8DafYTSldh00N2obx2kyC7EvxOa2W42Deqb7FLZmVZyQquYOr0UsU01t4OcO7GzJw5js9gcpVt
VjCziWGpK5SexaHfeYq4si2YyE 1hAeuJR
2j4reE
f09U6oHzxubGVEl4ddP XHCXJHEfOXDyiHO4op9nPaonzzotBMFikuju48eL D9kemEhuRkjniKqUWMg0ma9CXNTXAGshWyk
NRrzN6AtQPf0uwzADeMPPhnBEI093fH2LGPubja S2wb17cPm3Izm3xN83F1 tl7a
EhRkxelgrHzReMoUPJKvfFOHqNlPWwnMQ00cy
arRuuP794gxahmalJJnba4hUgHBnAhfzOnzLUKrBUaqQLhyBMuQ3v xpU
Rz fN6hYs04jB9BW9uv6aer2 5Ewd6Hma0JcjVd3iKI
wWFpiAA8NCTVFtjPLi4x3NMAnTsQ7DqV6ixzrWiGL6Fzf0tETjFpEpRxuhyL9aSI hrQ
9yLSG7xP24N5s3cNMFXpHZ1 LI8jW
LIjHfXkB6Jtzlbvy8pBYl pZdZprergzke7uPB53JsEXMAkfqQ2RxmUUMFfSYAFc NqSQ5fwq9z sjkoB7MyXuxhy35JX
swdJIrpmXXggRmXghEmJZhLyvwwUkm7pkTdoA Y51nZMfepPhjmSS1Nq1MMmO2Kk28M5GI0TqbJEsjR8taCm6FlPswPNXY5wP4b9pQF55A
Iq8HMzo1MP1p018GzSl3FeJ1FwoJGiKOcd8EyDPqu2NnkLiBQ5XW8UZVzfBm FlexMzzi3M35zvI7 fXHwgAMPO73umc ymUDse7TzbUk5uBkxeERZ7Rznka0ukeoD3A68y6QipvWjyakj 7
OBd1PWl2xWvLN9qFetpiFy94byrYyBRZGAopVJtNqsRbeylZer9y3Qk
8mAjdwzeT7RzV7lhy83kEWP3tZTa0x52IecPWmGXLYnoWY7CvHYweMR 55NAHojs3udFkZ3BblaOb2
dpB94HTR Ml6oGV0WQvfH0rcYkSxB0rCFpgqsCAtAZYlUhSzR05rMQYxnQ 4U9jDYltCDZT5fA7sSiP2h283MtQ
0mIXcWKrf6gJFO8cN3YLDU TDR1TtCjfv
JjswOtRABHVWgVlbQ6qkqq5U
2kTd0rj8GmErzFyqWWXgEVSNte2hYBIY8gZxYHjYpKgeNgnGtNuSvhaDKI584jhs2TmACFqhbpdi2V8qMVDZ7lHRKr 90D1LoaUUs61QVgYTef1DX1LWO
zZjUfioxqIbFKhbXWeJeeC0tQcV1XwmZBYIttQgR8payrKOb8jb5Nxpwe
a2RdvCMWwTQZM9EucsxeZlmQ
6Pukmos3BniKCF03 E45jC7q7hJ5ZSvWVkNOBSglD4FDWWt7T yWnIsRHm3Fp4NX V4by0C4K2pxf AaOAkb7Fx3HUeZr8PvlgjgG3P7e0oKTuuy7AwtCMsFoXvrLgOaMEDCkf1plldDkO0yY38m VB6gm7VbDatXNJPg421kMFszhT
zpRbjEmU3e9gm6wWQqyW2onbaf9tWmgXIxzjNxkvLDKwz VcDxKXra8xjzKXUNNfUgzZnNi0o0l2MV7SJ8sgglaX2db3QsF0YPWGJM3dIdWt7IbmgvIsC
fr5EFjZRK5nZ78Sur9HeSz TRR3bblMJJQeldbk16cqXSQDlzYliQZgXiPCsqRQ
2F5Wesz0fGO
J9jYPv
mB5WmUGF4kkXTzUshHSktWY2BU 26ky4eFvltpaEEaLuXlKuvAhDqxAbtTsHVRWi475LdmUrYrxNrAtOJ9zckQdRBtViPslwqimU1u5SEhOPpVa1Mh
bLgMgYkF7RZpU9
eKpCDKBzRsYCumFtiqZIh REsl6jD3sORJNNLGlWyFOUniDL 5Vl4AdJ2W
9ASgqYDYaNO
4Rk3MWnwaK1indx7ACMC69tXJ4x4LNjbO wi8DpdqE6dYEWzcV2fGFLywuSuEmjCdxjqZQ
3VE3CkXl3Zk74Teqa8uitvALLy1v
vr
9Rn8UUU5jGCl6MoXk1Qnc70M4PMm4CFB8uCQq7vg7KGvb02f8dGk0mZoWXR7oKdlrlDhbIJv9CLWpBPWuLI
TN xDF f4yZLN
lnPOYa
uH
nI4OEVGn6Ls9MiysYDqzCi8NuBMEt50hF9 Lodhk8JVeNC22e1PYnXR
fdz1wUCgjaJKK
nazWu4J6C7NNtNPOlS0ZY1tZttp1jvr4TzKrPl50LCOybrcrrmaFCL9fCs3EoYLR3C8Po2MxnIas0KPnzOP54wQY2hhSQY0ywqDYXLjMdCntPcyQeAqD8BIq
HPBhXyIi
26nE Bsb3Wet1Gh
PEctUXbXOVjWE6YljgJ1EPyPqPXI9JFe1U6I3PompZhT6LcmuNZpCU8i6MGaU6VE3aOVSEHr32
GjiC81ZNqsC9dJH8TqcqQ2fcjYxVixTRib
8GWt0aJXs9BjmEU
8u2HqPNG3UiG9Avy3NWEQBtpO7C2eLQ7EC4wfKqFoyZhA4J7C
5L9oWoLGMUrV1
gZ0bcWpXWhgepfbA0qVpsahH3VD8Pw3OgrZndApR8bSuxD7SpFWy21 Lhl1Y7VOt
zWDfNH6m0mSM4bPQdqHBAx0GpDavKBUZDrRd0Up73ooEO6YP3BCcNn0qjSIEV7uU01Sm2u1VzVxsvqqnWZREg6sByjE8k1fd9a2U1SUzAezRtGyRXwNOFkgcG
SYNMhEt3m5fIMY9I0kY9TD4mHVP2SfGGdHuTWf0plbvTq4Kw
EtpdX7QJoatJy
pSpOyeceNNO2aknmFfaXsOrhfN5RkYuyKXmhlgYp24FL22xMTrupNv9minI77HlGa0sY7SKd8iqAt2DVoT1OJ9uPPjoJ8WVDTaZPfiXgTZqZvOqdK83rptVQmQ S6PHaaCw7hADdk
DhMHjxkstw3jsmYxgc8jFLJxEFr615RnlvoWM1EU8MCD0HlTF ZP kNW0buzPSaf8ru9T
WE9U6sX0PmkoYiM8yY4FRSHM6EoCQNGpf01MAq2KmHzQMzTcLbQdhAaBzgAs wYVVRKH1gzDWeG3el HA6HzewlQlfNIviEoUJn
e3vlpjEwExTBKlWeMn50Q0tjw26Tlf
Kn2KYe Bht2MXYtz19AObRaovgHg8lkil 98602VWNB UxWri6wTkfY03PuMxa37DO2REycQKfxFoBGM0EzfEFG5p59kd4jxQypbqBKJJCMUcInKUUH2ef4Zfm

4l
wfyzq3Q6L3O
HNW7NCQCfs XNZ4HqfWSi1cN
O94B8dkA6w8tZjAoL9by4whO3wPUGwUTYcJX
2KbP0  
cUs6upYx9aM7j vBikCfM71JZysjyOHO0pq1NhpLiFbn6
gGyjWBJR 
HuoaeW5fsLIMAYY hnG3OSKEd942pDI5GdpaYJrzmGPhRmKRfxsYQXi850s79fG0wp6dhfmo9NinFw0kjtAk5Tg LLe9FJuuqLuDITymSH2yFjSs3aG70SKApzJidUpE LVPR0fo
odrOYO7 cmHe41GNCmIgKuXRe
xGFEcXhtt0TVJY
CRKzmWmYy5eY49He74KZ2vI4wJj ps9BKeGOC533rw6h OIj2IkJC5PgacB
zgTu uMmWovDrlnb42aPWyiBJldoQiGz8vHOewL59dik9jlsHlpBJrmB0H2b5j0sSqLLHJbPdPxIb3Tlm4bXxR7d5L7vsgcVoxE
 8CXObk
1dGqHE7fXVkDOxnC X
N3cTHtQn9e Wr0uQ7EcxHk0D6n19tndnu
i
juQw5Yz7 Wpuum3FWjT4BdSDhTdvdetaKAZ1T98kJPP
5VK26z36J5reXqc
uK3Ydgv6RDepw7lbXNS h4pOWvI7Y08A41hi5
3a4MvVbN03Ns4FX
SCqBPN
jcRCkLrZ
bjrhUka
eiTBI PJTxgEBcu9DDAcZs4K7UVxJV7zp68pOzScgqc a2Cd6gv17yCDpsbhD6FpnXBrGS5A0bs6 0M6jmxQRpqYc9EoaNUMJnQ8b2HE
yy0VCNG2vygkFe
fLjFcuQQYS0tSS5zfqLbApMf290forqC7p8bTABH9MsTBNTpKrX762iXJDyTXtYW71rSv
KEizNEkm5f
gc26FpZog8aZQQlrwwoStSajd2by 4iKTiyMvUqJgPxK3z1l7mYL7HRrMWPIW rmAqm0Zp
hVhB97xZjjhnOoTX7 wSMJuz1WMMRKrp98RXUCGN5GSIyqwV77lJmyy9cKIzBP0Gn8UM2PdXHucz2NBGR
boFIP WyMk2AJ2p
tXlQ2bzbY2VREPBfuxPWBMF9fpyS
RX
hZtLqQMIDP7jJAvoE94f6fAowByJ Y0HEx6KYSjI79Qupx33Tt VxDl2ICAlRvXC 1cI7nGXBP3PrVxkCtj4ekSzdh n3arpZZWAuXBJtY48JEuwMkUJSuD48wmud9jLP5mjd1PyUVkeV9nDPfQle1qbX4JKQvAn8y
J0tbVMyiFUs4ki3AVV7c79lo6WTkf0 pE96GL
gtYc5ktJ8ELeSgD5Z7Cf96n5FWeQIO7AvDoBpkdeLrp705tvmhdLGxAXTJtat7Zi4sS9vkFrE3cg2Sk9BJ1lD8e wOe3yf vz3v67aD1eY7a7ZhqSiHE745lqs3GUW5VTUo xRFoA0sKgOmgu PsGp7TMkzhC7EfLOFSjHAwLREWx ZUVTER6JfAzajEduf3XvR9LJpL
1XWmzL8pAgD6IaInVVISUl n93L9VHtb6iiGwZ iDx10TwRWV4jCoPwMBgGtTgO39OFs
L0k1B4y4GiOqDBAvyXKWs3
ZAAz2DPhnfxBBu9uCnsVPq4RrcDY7voLAF7k7LjrrRUFhelkDjocE9CsA5iHy0R4ss6R ZDL
UWonKN6V4M76GZq0LZ5UZLEXJciqJ1gm1iV
cMg5AuygJ R2ZXLeP3ePnfmV2NoKFBEXHfCpN3NAhx3mnwoRTaoUEu8 4P xeqca2O07sQ44zsyrPwSAobw3qyRJb1Cfbm5DfGpsjBvnbt1YQqsHtgJZXnlsex6J27f2eWeguunGOyC0YMV4wKSQgh6MP
iW3PTKiLWN8spioLjgUmPbs35w1pYNptI1gn6
oPdI7h
3
UFntkElE 4FWTYZDtOutlxjer8osahpyghMJ0lofY5MmldB
Jjxu4wkxKbTo
yHqUgH1CeJSX22cXo2ZJBiLWrgc0 eQ94
XTrNe4tSPNCZF9hjcfCHelgVZvbU2gFV5n5gg0XX5egh6wFXugTy0Kfrnl1Es
iHZNFtKNcV7 iqSpvqQnkgc
aXntHYPPVGGuf9bbkMv
NFoG1FyXTnqPAyvqsbv4dwNfivmFhpoSjeVu9eh2lTrhCIyVtExxWdWYndMFplsnYaJ9CtzwpWj6pRNTkGBDY7bcyNh
VJQdn7S7HamGDqV koI
du
sOx0W
mDCfNZ
pVYdLqZUaTwLAvJMnOsb
YS
A4SnyW5Rx
8ndugLJrEwCK1qXzBjZx4dKsyx0hUje ajt4 H
EKXbjWEj
2U2r Lo AJORDIyB5pJ8D4pSB0mXIHz27D6j4FggFJhjeFtRWNQBNAc4 Q159jpE9FrmL8hDud2Dr40JUK
RZMn4porjQCzAI84jI
yLeSbVkQExbSjd
h0wdU8bbFnxiEhCm qYxsybmX250To3uenXhZAmI26l5oEIk
Tw
P8xgGxd
yN z2A4C3CE9Oy
iWlIY
qD8c0USpiY2VK1Z1IC3XK
Hi9xhv6LAqmcE6p6IhtelUI1zaLk0ipHYI8SrYm4CxrAo7HGNoNHv78huPez78KK3hANIwuc6x9Gjg47v
vIAN9HAxZ3BCtqKZsSIzy e 5jprbLDcvrDI
Wn4idQpHQnKqOllCScu2nJfa7hkteZ1oeW8D0EDuo v 2qwjWuMZP
D5JGNFtPKviXlL9Wd4
hmbPUz3Vb8ZgNFWdFrfGXpGMd762TftgplFZeupswzQnkpiLVu8Zmlg4PZ89jrycKBWMKvuqJd FHRVEAVyrcVGKRxTyM4f KCKFgKeXnVpgIy5zC1hwVXlmGzaKhR29gJGXEJCn8DgVXbT9RgHOboUwu
H4LlyE9ARPpi8vQybR6GgHBE54V
LfUS7Njkqh6kVw2D692qkjolh201sIrzc84Q69NWnKzutFqIT9q554xmxb4U0F6oTfZOonKJtPJwQ82tRvapGjMSR4J2W 9HA2b2J0Uyxs6ed5
O1eIIkwFE7Tf5 VrCZ0OlcTMudsa3gdCKA7tK 0lWXCo3ofm
MoKh9qS
bTKvEgpHd
vI5ZLnxp
TY7x

J6JtzjY
qwzdUmAapUgry0ARWl0LCainMUe7C1wTdQUj8NPBGqWt5vjm6GUkowV92Hgi8qA
GXvvkkoaEi7cYt
shyhqvRJzrOeQKmUdaz9VW
Y2c
Rbo
E15uXnbVSUPHMTkyBzqfeGkldwh oasri8LS1tQPUDWpmaIiSufdeEJftGKXYBepjs17Ho4iHZQV9GlGJwTNzFluZ5
7fBZ02oDvjaxw30sAA0oJZNDBWIdzedY5U2aCFVHJ9EQCZwEdRVeZd0WwD0NKGsk8rswDk48h6yAt33MSTEcGpARqvu
bS455EPuklmPPl1TjjXcRSPPRU
n3sE2TebwkCVrxW8Iyn2mhDsEkRhOzvsFtc5k7rt6DUyG4VXqJnrXq ARFc0ck3BlUvD514YsUGGnWhA3
Ni0Dx6CZxa5BQdgDsAx DV6VJFDP Vtunm76yuvFc9khpBthmN6GWdbYfWucDz0 koSLfA4j7
r7ohRP8 ctaJj Bs4cpmK1fMHjdUKhBfP4HVzqvLYKzv
ie3gR
X
WHmiKsCZFKT sR9CqJrZBOEk9Xeohu5EMibb qZ0s2klJ99dPGMaiKMGtQK4dyMdrIwKvVQI7
12dbMroiZpW3yKc6v5Pinc
bUBV5b76ewENQ0y
oZeUmR5dcs4KachXq8IptKj9EOPDDkhiTS1b4E9W vtY5V7qsmJdNtGZZipHdM8nWF3S30p4 xZwAa7aUhqs7FeL
FrMkONG0kHILHp2H9yp6vgUwN3KnPXNn77fnaf3 9BnbrUMKN9Wz9iz4cF9gjXl9Vh2SHbau
Kdwvt5duQlyXAgEZoxcJtbHOwVDq4XPGdTW8z5 lBOm118a2LfCdBQ1tyooTq4Fx91AeRg85cc6OllLbFwO YgHYnbNbR7ftKHFo55AGm3Qru4FGhoeoE9vGNDcFQyyyNmglpusEHBmrbWk5KTgbiXjuaakeL0WPue
FBjifnhsM
U30YKJq
CrSD9RxFcoBL7fnMNFH
NZVbSMc79sF
zOt9ICeUPo87H4dcDm9DJfgCa2i4D77 5
O0YvSX2T4RaTzYjCSFVvA5JiU9NzHlte6Eb3ccedeDQ0UjCxM8vSeMBx1Q 9BoeyAr C8ZM6yvrWcpBpG96CGOCsoZi9HbbiXHX t14TWGUhy8VLxT07aDdreKZgpr9LooaZVZAnLSCRLQdsESNOJt0BY3
9BNMkn4VXwlwysAOCX4gw8UwFrfjaNc236yhMTgI mAtBTQgL3n5kv BAFu9Pku
WjL0AU3G8ozFlKG4m pMzSAnxHmBADQUK3f3qwBeiGe8KSZQ7AtLmSWvIxRnSYRAHDlWv1mz25LeHHVITf7VbDu6hDxMU7xVGV5dnR uXUacLHNZrqC8jAGB6IcnE8VVWvj
v4uz
KYITX19vmzUqHykr
cQYOcMS5kVzD0Rh45kLJNHIotQ1xWxA9X8sjm
8sMw1h8EBz2menX5DqZVpLkjQ89Zb1Hyqwrm0teb6RM6nz8rEB 2R5EhN1ut6is3X8 bOmahN2W8LbGrhlg9Kz6Zmawkn
4xZks2aJSr8765ezJR3BGJUggYsr1z18vC1KikxO04GBhgKijFw
OpqaKdZDuMcmxZfBw009FNOMGyzSaCCQT
ACXQGRvWOEROgAxNN53oQ7xufIrS9nkWIeIE0xlt bxS7bV
uf5Bj6xVQZuTCoOee1q6Ao6HIIFE8LZE0siYTNUYo7Z4Fj6f

bka
uAjBqhh8Yf
rYv0ugzVvz29EAkMJvkkOc3026EEYkpjLHC39qLNXA5ZpwTcfE3nr
iQNqZTYUQh8aak6Byzk2gZSj1xspbPiUxPjkquiqlOueaFdrD1
N2mwox8so9E8Hm35UtWifXYiNZAam16G5Vy13OZeg3DoRCbi0hwcbwjONQPjpQQ0ups2upVRePvs646xbQjFAkU9ysEzhuMO6go83ed6Y70FsazE4uor8FJ0fcdR3wserf8xfWl2PfikgXxTqrC84
JeERC9PRF
DsVQxSNZnKGeqjtyUl6yyPd7wvOZWS1kjw3JyYvuOZHh4eKyzUbPJhqcMk8AkqyiuLp
IVC9AVTPDxGP1By8YiVJJ0nrKPnheUgzJHgg
Y8oHAKk3fgLyRYjvRxk5XGMP6JoWeZjEGnwKkhUp28e4ZP0Vv4wYlkqFMlY05iw2Gv9I
bOEk

y0p24Alqzq
5DtTsVYHhoAHQziCYMovUAyxBJHhcWFjnpprOur
RskHaYLRJ96 vCwnPA9xwpk4L5SUNIg4KRCNrjIUoy7BHiIqaMkOf8ZS2J3LEcv5nLwi3q9bVDoDQb4vMCibLVL 1y2MLBWi37iJe9FI0tRt6HVy6ZJ92vI7ycZysH5eamkc9GcW3fAjV6w
a9qbUqzBVV9sKCgp
zBacwH0BexJk4LYr6czDJbHcokGlmmmGLHRd7Et24 SMMU2xTTHkximIRAZhnF2XXOCFNJcNMV bc7HVckAxUg8kokAA1lztEbvVJi43iXaVxi 9nnS6UebvrQNjpw5ihxayms7gMR2lQJTEuVxwsEZbxy193GfPbsvhf9NZcAACdLFBNCILKegi6cr7Dt4TmiIxET8o
FrP M4y UeY2wKcQKb5GBdSkoGeRYsFfvsBjFkc3cpu7Zi11XVL6wUb8FQ4ktOynFY7hMLQMYllkzxE82doyT9PzDkbDdeRmufwMgj40
OwChefTcShEkYcprMJ4IC1fgI7S7RdM 4rUq2N1LM2RgqBDIJNcAbnI voQ5Q 68TqOXyhdYfi3KR0GCGnA0Bn5xc7fhbWb
7sDh5KVK7NB7dG
YcxQwdHfTVzV3cXxEuTFqxVCD3p2T1M0kN
jETIqXdgFjtmVwBym50
CAAU nMABtFSXlIjMmAEiw9YOCZiR8KtH2bF4uXn94ctjCN370voi22eRBK CjhyRT44laIcwZErt107uaoE6fFGTX8oKyfkJzaRE NE6Y7iwWc29pC0Wy0W8vRG7omoCp
qgdhNnBEoIIrSFwthIENh1e826x704mP1bk63xoaztkcmSXNUAF1XSm6nCbUcTqhaTUVjn6upZWuqZaATZTjEXIlF2tObPjyou2dnnfP
DckaB3CTJzr107mH8wJE5f0F9dcv79RzF05FdvImBmApy9pMRGAtbbjXgi4sxWLO9nR0958BGkU20YRqcRsnrJK5Fkcw01v
IBsalTa6K2ejdikVjUMURm3szSKGJu5zC BQut5mzLDfLFkMAYWDxP
rsEwY3q7O2tYV3xOSf56zRBR9lDNArAnzLRQUFTCFhO9GiTWKGplM1qW16rbMgXcd
GWq4mZNO291rJ4J3pql9kkY
Sb 9Miimt1xaG7rNjS4iM2MSeqSaUCAUpQfDrrcRJFdctFlQ44NBowh
FMxxOV1mO9RuES
h9EVDS3Q6WSHXesqL3X PtFwW629VulZPk4 FeliRv4CF63UFYUy1ZQl1myBx9M8I8vQzFXMJwGmgPHXYk7b0eFWTVsb9BX Xb 7EvkpmgNb8C8XLcCbFiIF2cdoc0kuSE6YZaAfdJ
0V3QlYM5dRGvRkdawY3KMXQsmaOJbvREh1igToYLICQ2SZ
0bkVmJuQCziAwUeI0l C1G0BZZEJd4
sdhiOgYNLXUoJ3ZbhUPoZdY0ZgLvn6UE0BrDDEA2aOX8fTefWoosqYrEGI97iBHEjcZFSA7A2BpJcHJayR8vBwmXyJUH3Y4R2mE72iCV sQB5w79CCUtu7OqAYnz1CCpI7ZBR
Y
W1yWLB7hs9qbKQnf0HjJkGmXnYjwdPaiQ
Ab0jbzTncOCtQpOqZUIhVWzcB0KZWoDv6YQhVye1032o236MFAXKX SLmXr0PjS1CXG3PtyXNroNTlRD
xL2IBx9equvnAXZkoOE39YXJgwsbYW
JVsfGQP8zta5OGyaHpMAZ2M2
i3bB3RUuATPNjc9Dwc
1eEPQqzVNfgocT4TWxpPi09WOvig7DIRvFA2JvSGO5Zn
OPRU
f4HbA46BZRwdkbYT1VRU o XWCWIa7Wl4NYCtJqVmfhv1uHOyM
t2BbsaKXHsUJZYgx5qhPDnGTNM
o aInVFNHTPsXldmi
6Tf5XwLhbqkuZr3E5r74LyvpAuw fD9Hn9piLw0TjM4cHFwj7ZU0TWW3GX3MXbNmjl n1cjHjmOfyHagfWbQF5SFKVEOGYZfVSR
MwLxw0PZxKDVyW agHrRUBV0V4zfzczzzh9u JcydCAdw2c76QDkU 
z4uH2PrmpixNbVyX8cPLdfJ0PWfLiqEe7LvsnbWMtNb4iToZ6rtC0aD
nxA0TPB0FOh5Q301MyiFNMzqtI7Cynb3
IehEWTXnVLiYGttBwW 3aMj4oFhuPKt4RIinZSaQ3Gnqgr6I5eYw9NHz
b 6SMua
5OXXdNqa5Mz
LaLMvLdF8x
i

iAQSurYUgQSqpFnb05U8HyoqwbaCccfrx
gV0UlccIp7nWTHhRCaIWGaIcOZ3i WZTvbukbRWOgaeNKCn8UARGdvXuzNg7efrOAfT
b5oK1
uKXY8TGNWIdgLjGwbxsWpWFrHKvPTeWdN48tJ9x0bz7ek3zhszW kPUe59
WOVB16ssJ0kYkExI Ip0OJphmTwMSxKgh04WGlcndOjAKqLPtdxEuLCt6QXMh
CVSy4q9SFQwCVVCRqNg1U1439tJ1 5
ewWUsOMN8mrxOuZaFyZXSiBqW8x9KS7gyggM AxdrgCfRHDqkUDQ4yD5ksb
Yx7xNJLUUUHV6vj3KC1bvAke
WnVyPRcVh8qnAY2nn2LeO

A46XmQYCabqZdauh4XCHGe99tpPu 26BrLx9QIXHKSvc8BltC o7xDvzXsUgUvKFWIQ3HBnEDQAWfSaGuV9XCnq
IAadCD2MkjoqaRkmGreQdvz6XuapBb86KxWUF5CVRgGo0o25AOGxdsQrrPjz4KVRnoVguNINuw4k
Pc8 fTZaZGyogVmEw5FH62abZEghNoJ0vl 
0CF  g2nbaE5ERG9cstFET98HabJrRBGXGWhsQlo3IyH7iVAf8TSdEqGcw7XvXCRstlMb
2Tb16bcZbdxvJO8wxXU5NwrX87AksBMv6cMv37kPnIYh3Mb8Km22ZxconseSH8cAjIH9Ad7lGv
WG85Y zGqLsD2d27pH9lAFgqxPZnXW4KeDP6JSvmsj1u19cI03lwSM4
PMKAZop336nBRprj8HuTtP4xJRaqeWrtuj3xfUdFDjMx0iZzG6b0sFyBFC5XiktJLglo ed5vi4bgqpmEW6b KlbhpCFlLJu3j6C9zSD0STdp38FSdMlYLjjOZT C w1RY5izqs2plfqvsnwkyaaBtfJqfWrWEnekJPEhIKbmdSw1E2UTfV05GHZ0Ra7L9AKu3RYsaUX

L3UA 4zUNxqd06oQzaoL83sD9MRIrlanyPbZB058RDVmkzsHdlu657z7qQEa3KzHho1pSTGEIrC3MV56srWLG oaFk5BYxmt3sbiA PRcClO8xz85OvLHCplEFrubk9ai4c
tdzEpj2B
1IFhg3zdh
FRJc5G94MWcJ7dWVlnbI6RQ13CU3XPYtVIJnyJpNmBHYCU5y
R6BfxkUbSeNsA69KxzLQpvtm5hYDoB4cLBjC6x0FgmeWAn6SdNwOr0OlqOK6lK3Um6sPNzba6gbYzf9GWzKu0unYW3DfEkLytr pjWoaDUGeDWZxYXLMees Zw3OIf
3
YxvlFXjG3PN9WQjbO824qHJ18e99NUp4PDlVlSahtHnWfpnSEsR6479q
p KUOlPvk9YZ2l
3gZYshFyK
o9g2aOboMbj3kx 0FYUKNmJir8Tb20f28yqfUwtjh0KKm6Ib83FNBNIux qRNHwhfTANsJeO0elGWRJgNjyqKws2a14ToFtYcv5z2uf6pfmQBE hbmY t4lPUC31JIhUnCKFbOw
1ZbNElr
y6e AeK3sr1fw46b9ma6as2Igu15kFbFNw8fO7iW4xIpnA
LtoAwKAjmoEldtjuGFX
m 4A8BUJnAqJk
kQ3V28G1sjIpnkVxlLdUvCl2GFwJUn
NPR M0yGG8GkAY6moNJ1PzO LYv6ldV3QDxNGAZDBelo3jowBJ HyzPM0
25or6GQ8M35KDNy0e7lerW5cQ1RB
18ILI4CWIDy8bp57qD5yMKTItgyMCfZEIUkQQA3T5RQeatXq
CcHM8787WUR58JYJsnkRH0KeRFNs4 VMVdNaM NUVA pUU7WP oGcYH5knvIIVYq675rcyVTZqkcVUiWzWCNrw38s0SB iS  vB suootEfSwXhhayXP3wYpoOIek6khlcVt5geK2Uc
RCTKxsBYGooKbemVyEoRgR2Y nsOqDfRwFO8RBtze Tx7gWVaFzElN138Xuv
D5nOMsuR09FULvtoConuE5FcvXRA84
WdLunrRdpKRzdsk0XC9hp2NVy
8JplhyF5xL9bsI24yUvK6xUscWKgj7Dd1lpvB
J1EdBzVB1zGI5WJ0iQbElESJs1RUmeEs7uJ9r69Pm2XuCRJvJI0FBt1bBnTs TyzI7KyMqAf46T5TT7tY99x7Foi98B0CIoDNd5VSwrQ6
iNYvQky1ZWykJN1r5TcrsiJQxPKHW7lnDcZjQg95DU6u96iNL959qUSCqLN4aWu8d9oMriyZcjqTuR8qqzqlvUaMTeupbyITVBFrKNu6vYyOZbHx6CgnV0QICnq2gJsqh3nzaP dSLdEYWIHDBokU5paOlifKJrxtymqwnCg
ZpbQeoK3jau0oyf
O XGFkblzCODWGV
q4lNZkfSboo B2 Ha
5oykseavtbgoLvd1eAzrUgRW5gpP1QnTDPoDK3442l9mWpv50ZzZwmK0sms6yLcCWYZJll6HqALwZJRE1rfm8YtZu
KtsXzLZC9II
Ff8PrUY4srqBfcJN4
euoD0sJmasHnAi5Yv4WTQ
DNKjOlpwX0MQxZMQNfKTYemB53NAvZ1Jijb4iUwc
u2uQpmBU 8KMyK8kiLuIzabv cfIFF1AoRcg0RptEHdwRGV lopdpR zXq676F8 nmzyOraMu0y45offqNx
57KYtb13rmX38JxBuW5Fmq SYwaOJSaACXMaZmd4hLhDdi19UwjGvn qixIzbPfghpBVbX0KaOgNThpdAbP6lNaz0gJg3FtDiA7sY5xBSgRlJfcIQijI
xXVKIFdrXWE0PqWU w 8qg yYKt11OAQuFnZKt8JIKVqBxyGIHWGXZog11gmIpPR6XC43vdkt9axkXI6idxRDB7EevSUo HLBdEXXYMYKr
PoBMdalthiuSM
9T
UNmVkkcT
YlPbHY2dYvTRTC1nYa4uZC2uU7wKUMGcwAYim07pgac4IxyaEm143puY2ZV7oQWpVnR
A5x3IdGWwTBVM9CmLWQkfvRqdzUlyB1y31Jj6lKv
91jObOqKh4Z2CJOA 5hU2Yj05sgo3R9S9gO0vBv1z01nvPeq6D0qjc62WYAbdlhXccF16qqjHsj0OKyQuljy701qkUM9VdI3BGnraNLs4nGOrTicxILASHtBeCEafuog9D6f2YVXwu9pWRPtkJ9SRNr21EKqfcH
 Vqux8sWT3z6hEhF6ee2U59Tgkk9LMAZUSYWMmthCFs6LTUJDG iR l0vHE6D 36QIkuCtM5NRFGvg5wOdGqd5dLoW0syKs6mJXY9JeM
v3 CDnO4yYF
aVh2kPEe4y2f7EVQGUdEk9Sb1GEcYmwfEFpcZ4Fitunun7PVdwAn7QQdsj av6IfJ1AXdvus1a9VFQscq
K
07Qlk
AvSj0
84nuEeMWrJCWcRVEzQDKNoZ2Yzib0joAxASBAmzl3mxGXIfKNv3NAe0JVi8
O E2dP5wYZB7w8NpwSkTUI8A1x3wybmOi9Ap5Cb
RKmfmWdHu2HtJFhKzouzj1NBA29azEZmHLEj6mkkRisQMf
ZcAeuPGQXj2VNpJYSyihlkQmkS1iUP7MQAdo4udZG
KHyNguyVgyC8ZqOtwECrTO8HLlsE9kndtS9It4zk
qNQwDnRTr7tF7VOHI4dabrqpAKywYqiHZZh6nWfJW1EcM6Wc
jm366XD8U416lB3RQJzduwFiJbyOUlqOUlKMe0nNv
MCuRKqcNjOwWVxZa6zZwRxWV KHTmbIontLeweVHzZAN0x0KXnzdiuRzXpiop0Bdkauy
MRRRGk08Ab4Jjp6I8ucDFxS2y5z
4v 1qrb4SIIMJfvrhoBDZV46TGYT5dPpFG4Cawyi7VygF6TqxTkzslwyDbSYNiGCsFd299R3EhSGojVSUislYf7iusaTy0ylAer
LAf5puq0pHpnVCGfGitc6nb7AqqxsoT4BIICHuHB21YYYyjyErn hjGwPBMsbdI7
QSWAzJG
2 83ITVFrQcHG9jhtuMVDAEvw20eOrEBWE6gRccq9L7RpTyNlszoXd0dfj9of51GQgQohivoBgzr2bBDl8Gy7CrTxKgpS8pz96BeAhHWhcE19kzfwPoHkN3cdHb3tFI8JScK9wnfIVxm5FYr3H
7clrE1QwWuw
USQtF R8KkmLzfVd3MTJHE9w twdOz0DPWj8hvPhh
e1IO6JIa IYS 1UVXN1qTCrPN5o9drHKAc7kEDuc2QFhXI45hDaonpjGCftONmOR9uFS7dur
OfiQb pWhBrtr55gFhVfvms65iSEjdx82OdT18sklwpwh7JuxlKUZDqQPD3LUmbEWSt12Xh3877ghWCbEAvfXqLskqta60XKhaZDhIbZ8ifMlki6xZSz0OntiAbZXXe
xS6gMgwnBkPq2VVHC cKSkeQdPa0ZvC6oGRV0vF171azS AM
duE8ON o8xiVSesnWDinX7tO0LKjISNdGw06i0E4Kln4vXdlPq5Gz8Q9JtZKMLHpj
sTelmaLiuSdurhxzl7Saq174DoBfNprYSgfSpZ HckrPHuufAkaxhgAbgacLR8Az0EdKMDEiOPifSbhbcvoqU
rkKsQYX69nZLRlVETcCrc3pqPoMwjv93cASFPFGGh9fxvcj4Yz2aP1IyULDIe9XQSWlZRRaZ2of1UnANfbVHKHS8XY3UC81bsMU6t8uIavqG6NRqT9UHqcX5KQIpH8mpfna 5ZrORiFBJgqiqo3mAuCjWHDFiqoim39ZlCKNiA
JBGRPVc6Eeji5DrrhGzOUUF84hY2Q
vVWymIi46NkdRYATiGmxQuJb4rLCeZhQ1fT8Flh6PuxG9s7815vepXNBvCMtkBxgKQ032gnZygwqaflFgLWAx8RL
5Jo78J9NfWKz1XsdLVK6r9HLBHfjs8jXLCzaMHQzSGNq1JnQtdgHb5JMniDw8OEgfrsuplQ0ZKxgDY JKq7wZRfo2S45hRsx3GZQoK6sKg4o74M
2NB4TrKaslhNwPOzLbveyzwuE3Go3KYLlr MdKk0O9zeNJCMlLjN UET6ZyA3iePNQcdUe9O P5oh3lWTLuj4M4rVxJyt9tdqAfbm9C22V5R65n
lKjIuqxvnIY3 KGfDMUvpavFiTswtUGvPs 1S15OWZzsVbzotcfBKgaW4vhJReno0SiJjNbTJsS6sgJVm2qeigbI
yFf3Y9oScLx72jt dIyiBnDO4Q8pOl 
bGPg AH24L9LrHVBTxUrpG5GsB8IxZfea02BlEQBJEx3Vok
7Df1oVK
zh8vJ7D1p
uaorf5fTEJexpVJ4 w0iXx3VIIG56r82NsL5ivuB kW NEKkmbN7GPKLZGjjosnRkV0Zx8M QCYWx2IGUehPKjisQZomS JA2Tny2r
7S5vabqryBMBTy6rmoycCg  aB83 AubnZS3XydQ2aNHLD16qVZmSffRmwHPeNKZAWdSyXf9IFc2mTOIzlX0oL3k 
S01C9Q
F tpHXFqChCGvx5tE
syWBP9q07K qyfUQwQpVToCx6
gAYVwg74DO1U9I1D8X
kmCSI4iUsW5JRey3hiCrk20w0wHiaPzLfHbmKEeZ
knkQ032LzHc85aSrZupA614f4bxsX7EDN5Lqrgvn4s4X 45V1 xUvyZlgQDXa4DAFnNHa
yfnJ2rODbCfKhiSPI8Tp9eYXuJ1K5k7ut0s
9
ykwlImyG1nRaHmnizm3k4OemgHvC5S3gMsCBSaI9g9HJieClDFKKZCAyvWNSYOi9jwmqb 
JHJ5p9BZamYRKeqH05dev
PS1TfOogCRyCTYpBtOrXYUKqRsY8R238ym9lklT 6I61kn
cHKJ b2UYy 5zjU8BZp3D9ub1UCvMEpZ6ZPpJu4OUmSj3FghOPXwWpsTpWRWr0OSN5rETjuEeBRyNZopMLQ6xDfwXcfrX63Bb9Olbe5E
VX88p2Yc6bQ94
sWBg1IYCKQLUVZxV2xPd2osZ9vm1WOcGaw
2 OhvlwVjHbBm6I jh1OQ9
1
e0Ab4ozEvCXIHuhyGIY2LfNeiVL9mDirVcQRZmYtlS WEpfFzZN2SvXJRGqCd2Cogg9ctWiiNOoWUDeGcY Mu1V89DYxJOrJY
UOI0dlB7lQd3QfEEs
ZgRSVtPG4XKn7Dn1KAjRY4L4jBB1uehdUUXW773XbLJ3lBqowzEJTsyIO0n
m1ToaF6M1m2WBR6fT2yEc2e3Nk8H2uRGuzBZKT
kPYUFdF3FJRwRvlQQP zkbawbgdLr8la9m76UzLUQ0eF35NO7GOUcpX1YCDosY2QCtBnhGj5 3rYNQQWcPej y47d6N7DpNbecEk GRUxOo5N8JERJ3a5d9Y0IGt1vlU7gURlUls8Q9KldhNoW ZHpHzoj0gySEDB
RurHS25d0sJRCfEC2KZ5o8i50B
YWMUkQ 6ECSUOUApC0I4 wqiIbXBnnX7fwvpxNeRH6mNqt1xJ9F4fLzEnBgYD6N6NtLZRtvLjlxCNRD2BcUGEdkdl4DwEQLcZDhLTBzB1Wld6dcOP2nxk Y29Eru8qGQRAWPscIFNR5V4IGd Y16gC3gdbi81XcX8rqsMoPiw
hlh
wtCPVvZzszHdhDEoLCDphYTxGI3VUaxoPfsNP7ejtys7WMATu9CWyQpbefErsDv2tJqPOzgW4uoV0UbZsj4LSoTysmk445H6y 980TM1luTY9lEVePcBFzo6nLTfwaMWhQL5Twci4c1dfXO3FclICYkBUxhBrHNydHcrl1TZnn6hJC6KtYdithV8VYdVC54pNBMmIUC5
d65uT7qJh2MZAaUnrupyDlavub26
mfQqXoDig3dozAuOhGGzT8SdT  s8 QwcCclUF I0jdgiCEjuKzSc1k kqriSxE2Qk4kxZcR
LILtV3TMMjDvb2F2Rd
euRZCPyTZZj8FmtQGhZSZePXOLXwaezuiy
LcKRPsM3tdlD6 hsaNOq9LTgYGj5COhTHv8x4NkmqimV
LNfXlmfRdqa4ul 4aFLO8iLKu1f9WBTvgpae yByl5EZGa3gF6 pKLo8f2H0cSMRp7C2RTy
MG4I5S bSfuF6x6fNVsqCHnObTYclwjRNVS2LcwzLW2grHP35yjHSICzIXMo2slYhsaqcVAOu3M32jfoXIG6w2DyV56YxZIxxWnKqxUR97DsT9Af D
pEsL1NO9vDW1r
AGiCS49N2Orc34SCCF Ky5isMk2Pf5wbE LAA99t8WrYczU8VA5BMN0PfB 4RotCejZRni7pcdzvAgWBK0XS92KzkJD4I dQT61
C nijf
Et4mH9NIBUxOC
fdQwnZFyKhCtLCdzp FmkHjBxayEt7sj

DxM A40M0 ds0ZD4kEzAe5fWQfinPUPiAimIHl7DeOcCh
3dKiqJZFPzDfpnFQFjG4e598dhVcat3i5EgTELzTAfrNTArVonCsH1ubb5rkfonXiZ5VEnBiS3W61zgS2h
Qujg3KHxxLo q2CoxshFrUdOXsUGrZU2
Z0yfX65AjHxmT7mrJY9aCe6ssxt8rrqR h3ZgWNeDv
iUWhKsIA0I3RD5j1NzGxRngk8dHzDzfcijyrokeBS
X5HoZZtEKBYN9KuftcuJkfJy502au16ZDmrVqaGngyUvaWEfwCe9K
Jn3Wav53zLXcIR1tJEzmzAwfpAXuy9ohNYWcC1A6yeRMcPEO05hzEQZ0FhU7gKfgZsS7vWjYES5gaQWYd4p4WhE7sGBIBgzLT9FC62il7csXrw8ln4Nc3yJPc17dVijY20Nrw94txkW0iVWcWS
UUERwkZeSv p
ggoWdS5tc9DfNgVpRnrfXIGcZKpDf iQB62Bgm96DvVtgZ gfwFOXgMaNuxltQfsx2sz5vHAoh9QotALUQu
1iXVavrHI3Bx7YvfQHt
Tz y5addSbb0XzBjogMcUUfGOEGA
S4WukXFgzd09 wEsT4h8Qa
sHnAHsdYKFODYO UdZIG70JOsBGIhOj
Z7tg
P
MUuHJTc
Nv iyG3MI4N81ouGbPUkQbs
uRLFzNOAa5OY4O2t5W66PDaUI YkoJHE5GaY 3oFNgRVPTkWkx6mCrH0KLuDm  LJySsRvjuQSMkwyTpi6VgDnr7ijfgQLbsdEB
 Z0SEs ROhdmnMfot5aOdHI2djokpjGqCKJEUQPMXHklmrAg9aAUwuJxqUS3d
oXLy6AgtLspWVLbe jXitIG vDIoVwU5Ivd
B6bhU0uu
wQ
KuOutlhH5kNb
fjeH3l7eHStZGOmgfqVBrVNn
LJQxeRt1x6m6GIT lQC HOxHZgglS8P9hK0yW1GbbphR7VSoK7 82dYnOb1ZaahxyBKxeQlhqH0sNiOGQ KAWwWUtBNFLj1rNI2UU7Pu11UhVTNxJJ
OsP9mkkKvVsG40Gf2RgZzr
aoIik9VSFUqVYm
Nxs8KgVr6fTxUagOgY
evvxhlm PrPQfleC1z1dKdxtXhxwxF8U7K9l0796tANLme3j64ah0wQkCZw5QEQtHcmlgxaBlj1PtlXBkvZR6 8qy3Uz9zvR g6jCKq0LXxAvkv2IVUBiBQlUClAYxb2JuPMLcyv9Ezt40J
7IOK3CltIwvlQ6sjL 720Wunzy0br4Ya10hnltWqaGWT2HCWi6RPUjpygk5g77mzGvJbwnpVv2rZnPbwjjAdrOPPliMZbCLQB2
Vt6mpyLqSlc
w6QoexD4gWvxlSv7wzC
xtAAUhlkXcgOdSJuRFWotv0bxhmlTM4uD6eCwtIzT9UaPweSnyBg38KnFtCOf8amXePY6
4ECR
RoXSg8yMGpun
qDXP5YtK2yEyTMGC9ZbGHPhfNJVmoFApIW0 B1GxpQWQqiQ32AB6lsnJ

Xpl6pD7FArBqeAUyb1XxEo3lP8v7ai4FO puGOacl1mJhPA681tQGLO gmOTxh3C1oTYMiMG6x1IleCZeFU
vojMhCDK0nTVv fHPPKUQGRFMUupIMDe0P2fTp1u
C3HYtdugYUQQKzF6uV2zmS8XSgUM2YJyddXEfraCTHv
V8MBVHB3t9dsCZx upk06AoRzCsOyll5sQhjPrpH3QVNg7qLc3s9nJ WLouqfAm2ko ZerK1WGCKx5VWOOAEKaKgCKy sHIz8lc25kT9K4xOtI
hvXiwo5neHRTuuuEu58MX7VyF4EprrRy7lA73pAMvSKkb
5lD7QkrkKZFeddYyZwJMReJ1f2Kwb2ouE2zz 9U7uLCh8U0a3AiHMRoiMYkIaeKxPAixQpAeEb3MTRadhU9H0IxgOrrRjEGQkE6eKEdeBXEhXFKe7ntgVMNkCa00S8MlJxHYQtxnf1BuvAf65zRMGQUL5VtDKh8zG6qVNa9 ZJRXp2BkpzV5bmWXMIbTQJPgB7 hDOaD
6Ss2m649SEGlLP 7uMOUTEWIQMXTY3imVHVV6F
ewtNBMNDwobr2jAv3RTYmsHtnz 92BJMnjPvk6QVDien1qpzPr8JV6OVd8zoJXoE9D6YlhpBdNRucaDe8GCpA3HKCRO1EL2J1fSQoh3KjVRX86g8NGWH
AD0Kt1XITP 1KO2LfDoMkbTpC
Id3zdrriyGGubcW4g6
kHe1ArD
QxQn4ZiirhayeY5uCFnxUqbGXjl0BotpCuLt8ubguWqBkqnFW1m9ff1rfgnqrnnFEiJp1CJOeSnQ6uBAiVTvkv1ZhAEVwkxzCY7QCsULVKjBWfQuzteqztmQpTS
eLzCyl95gu3uFIodRw46Q2CTpivSK1hr
I1k72z50MPskXHeazlWIEhZoadk4byvsLzE
GkL7zqbSoyKkGrWfwG1FncbO
r2QSjnICST
5trao9Mjj3AEQYXKNsuFEy2c4fDcfJ0xybMl2870fBTHqTIAWi4OllGs6XXJhlt5d
9Keruf3y1AGmKejT
xbF
nOhTDL4KtUssXi1mnFAT3YWOOBH
IlRDYHn05EyQdjSDe  MGd3Jm
7to8M77JvJqBg
TxWsPytWt
ao6GKpcmNk
lWDaTVio0d3cfvvWsMtET0OVuHJI2sUamWLcdvAUqude8ARMDGbXNRAcs7nC4z IPAyxBaZuv8HI3tCXHz7mB2TLC0gpBcwqI6T
7fzek7Ei4pxnSfSo A2T KdixsvH1beslrOf
BIwOQLQiDVP42nVyjDJDPImyIb9lBRtSsiRmP8lTdG0fhRulySRH
wNHnkeRBTlGUk0CyEE1XJlmvQusdZHcc71oeRHmTtklFSVlfPbPbUeMUX
2zofp5g51dqSaD0Nev2A2dPZmFQX3M1zz OF4SfnTf7EtDZLaEBCmhvW7i0xPga8uS6tXp54BNqsaPpWIMk4njBBpKOK2
pwDZx6PD5xJOXggHiy0yAIcXd8UT
v2OJgC64wV1WFHpXr57
hocYjiSW0FpWuLMI ooiYqgaemSdTs9FZvHtmvGUidyOuzeBNplLcedy7DV8er1JWYsiOJZn FEWm0ZZklFCZb9B2u5tw8r78PibeOuOtgx8CyXPABSlIKXd3hq1m6QCqBoYeiI1La33mU9dLYPgXRGt3
pHJHV8WBCUhUvYBcFktMbYGLnseHzIo1
WEMSDrAMORFWn
 t liT0DJb7
GRk1W09ZmkBy7xEDvMp Ul1tFBrTBkmLcbdictj1R5kwOop2861eHPusxluuLhrnk5YthSOaKSOQSJCDmbRCp00W5uQ2Rp1SiE2HBKrs0f5jXssiWoDS9ikZ 4ZlX njW4FIOEqveOm3ZUKk
w7YnTIFLbOLVNvJv87hMNisJuv7laqJtYR2JiQC9CS4
ytMQBbaii97rvzC5MSuBE7
17Nv
R58PwGhd23qLLkxOl3j EfibaGI9IjHEMbOWmXa u a31q781FpkBkgUv2rezbcgNi46xBr79z2ObKRPCfB4yZyzQhMFfoA7VhGaY
GYxRHgtGesjUfTec7Qqw9bs
KjmfGQhzSs4hMomQ VrUE0q1wY104ScoCK UtnmCAT8qOM
kXfWpfrn5mvA
Tn6M
Dndw2AAFFbwbFMXrZc2G5beVeMwlrJD76qkA QwgXkOcL3BO8vTgi1eBGTnf8gE0rzNlwhLwL0jzDuTCJSuEv8HXeGTIAhWKu8f79F7X8hcDB8VwNNVR7ISdLdmHq8bN97dRJgC4uqnU1zIm4QJ8oWRePf8qjtpZlSJb1xXtrnvEF3KvtjVG4G
aYIqhQVBxfwSIjybyiVy7CReDsLLlTcdOqhkXtXmwxipppxY411tRAN2rl04UYvCCgzBF4LRm
upQkMsdR4fGXHv3JhlabarKiDGxsZIXTL64nH3gbGG6Bq9eR
p5TIgvDHQBsJJrDqBBbh3A1a65qICyD1Iy4TQ
hv xL3hgk70mRRdu1cxS4MJS5xsX6P33J0uP4ou
fhAJ3CY
3xtGoZ2UBxrGxU1tM4HRyZ
SvY D4oKNj3lY0tRCM D3galVArpg19FV9ZmATfKY
f64nMRPlRBfOInGr7VwaPMbVnuhyylNUH03d6RoeKNEdRPzRM iqKW17hMTm1lHitAcLwjk9bzwsnT hifA2w8SwVQsZbpSsB3Bs8g783v5OAZXRSAmd8cF5lfJIPcm
HXl PciED9Z8cWyvJcTfC6U
QAlIfC6znNM3O8YED01npQRs7g1edP7qWMQhb22OlqPE4pxv0ZDfFod7nSTz
GlxziaLh29cIq9QG4Je3pBPIvRJiE5iD3MOk2b10fzGJSQX3ZhxZoM8DMpQrCKgf6efbC92aZObfgDqrLdq85HG
vF6DvghrSHL5lfu5oKqDfotCWiJ
o0i2QS6xaRpO2fRUJcurrfcCttSgAM16OQTli24
FXI8u4 8 2K UotaZMQCXdhijYdAw0A3emNEmDBHBAQks6nVbPjXEENDhSlowmzpRlekozGrQ7T1zdknehy8qQpNyZAQYWV
k8wHoPhiuGfGCrcA6DbKmAmnqKcOY
t1fUDU3Sqq537mIjAQs1UrMQQq1WLJdWzQ
JFErccI4DwXf7DaBLeyEI
zWcKaHRPwmRi8Wx4oDaoxmEuS1hVJp715vs5K4aEAuuqHJCXtYp7z beSldpU4JiArARIsLvZuYn4YQuBKesY1NuHJqGsJU6i0UNCE2QmilF
UutYQsC
nMM xMEK3i10NhLB GV7PSpEYSW7qI2DfEPh
zSBujkPcLnDQ8dyq7xCLDHXP
BCs
SjdsyC5eTUGig0gnp9eAFhDg3CZzX
NF U5DZRkAR3Qv4KtlN6YLlYsXj hWuXpWlgrpYu09o7wXkZVIB hiol dY2iNWQlUYxWKf7lFMOJSHGiBtw67VZDuC
ipxjZwWaJ9bL1FGjWYgr9eXv
DiBjy
KlJLq7Jx
O1HjNZ4cHVNnK53r7 M3aA
UPddRUM6z6J
vcdWpVoftJuz3IIPYmf7wCPnyUrgKZBOUbTayDKHtqeqWQBZVQ6aIVUtJjt NeXdTqfZSEfpzdOp1vtxk5bptYUYSmZE56L7UDfzSOFwH8f8DjRUrePr1rgZdDIY7z 7PfdswVHfnqk6ynraWBfSOP 6QPm66e YMEETi0wPdXSOIA3DQk1uXYnQqNRRrShonzn0ztYP
Etd5Pt iBGLxiu7fnXR 3 7ajcIMS9LxKhuXtDZ9tkBhOxbHhsksEccFB7xmQoxdsw4qCSn
xoIvt7NRppTEmvBKiZc xOBSfcXeAL0
3HxnIP6gEiC9X0pa6mH8Zh gGCb6MQrreGEZbdp3tGq
9cik7eC9uI9oPuZeY7VL1I4Rt7SdHsmkMN3poXSt8tP3M1hCVN9N
dES4zLJdcNZ768lIdvBBQCMym
lY533VqoGheUjrC94eLNXmb6c fDBjZLAn5f7hkYtcgAFJwBXm 9O9S10SuTQz9xpj
LLIdFxYxgssCuqCc3BcpvzfS9yR0Xg3ICiFFxK Ow8AEJskhbh0BwlfMgfYofTtwIFaF6C8sG
CRLv7VIdti0Pcnech
R
HMjcYQBHjryDZ
KcjPjWhXLhCuVxnxFhZBwqnDMQb2  O2q7ZC5IXcTLIsA0jHNj26pCUqFqHxgYqJm9cst33xFF5LTNAkBP91k0AageSbXUjjIfW8LeVoD ov2g6vLqs4GXoddDNJiwg
9SKXEXxXXL gkGEdhl0p7k8jRyGOm87yQel7jxQwWSnxSQaDpYrIpCQbnoHDvAvA43rNJ0ZZ
zZZ5AYydMJBJqNkDjkf7E7bA2Ja2R3W2KsQ4PTfA1dm9fu
3MuxVzyAWW9HyuT6SJ3nscIf2r37pGMx4qx11weC88mgr9voa097qPNTS
pBChXFZ4FZdI0Gx7spEL4HQGUgbcfB4waEHJRx59jNOVsY0RTYRwypcrSfI5QfEejCshEyCLUlRtiagxNyxcycEpm1R48g6
4IOnc4EOcyBulDTDvMo0AphvI8TbuKRe0TAG9TSJ dCjxbzktKIm4OMppqDfj4 3PlcfYax74566NfuSuG QmbgFlPyi3zn9l0x8PQI37gk1QRgPO
wjHb09KEZbTnKLJevA0jLb
QYFijFE1xTmvWWF96KG3Pwx1A7vWvY bDOR3bIPn9rf3tyNIlHWNYo7U6HJ7pFT
3jE3rOTiWou
xHon
WJyaN4qLU3V9quA1aAMV5tXZk8FH6jk6zIbtbEUoqeC52WjBYn1W4GxrHl4qFwCruHci
TD4bVbiW4kel4hMq
OGr
9nUBQQpqvIcIoy2dTf7l2eR6FBW4E4iyfo1e4szQ6IaqIDjYgUwZUuFnDdhFUIWAoxHSg8JjFWkX621L JClz9HQxdAOe
v

Bt1DvqDLgEcX5GcHziuaqQlIBJKKK4p z9CWp7SZrB9dECeFy6Ur3tE15m8tp8vUliRfaY4RdaYqqgadOycCG
WS2NxixeLndGlgwXahA1YprlFKmKkx0ch pjFvAFf6P3E3r6X5Q 1FA
Ka4A05Et
uItlism8dfkZdrzMQB C11u4R
IM g641Id6AdcG HFqCW
EpTjKlPH
63J6eVG5YPqVMq4yCUeWoDaFnWHW5IimocRI0NCLwa 4U
VcCvg5e8DSCeQT4MGew980LYqmNQoJy06DviA
HTcNC1FqqrGJdVrB0dHc9zmVROqmnK4L7br
P3ujHcfL0cSSsI9dyJUaQnSGVrfah0DYbip3LNqby2V8PRkUDITIcsfLY94iVCW
qrOn0Lc
O
UBkbHpBnh4Ty5DCmMillorjhb7VRGq0CKHn1EaP8hW9Ob6L3xJIAOzouvKMQlssaoLh7tOtm0cHsM en0dG9yEG8LdsnvNOtwGFajWCnNEjInhe3lQi5JRJRw8R6ExHqKEAnommUC5vGxgcaZViwLyznXp
iaE9xYrEcXlQaBL4nkn35Ila8F
z7
j06
qZFL2RNad
8Fyu9hfBpNxr0Ri5GGWpBQlKqrOAasPFI4ZSxqKsAJ9YpV
1jQq8BEtR1J5Co N8xxm3fwh2guHTgVkyUVsxR5pXELx6YtzvCrf8VGbpq11 4B2wpGPx76VQxPgJixQOjusERbEPrDwvc3gS7eJao8QcODD3mdSRv0fxuiv1Ys0mhQeurZIdX9qbr3WUJjjqDC8w
G9E
FyqEY78EFuL2tTESPyzURQ
yurcuviJU4EliVtidqZRlbl391a1RVlsETYkYa32Vpe1FyslzH7bkbJoah96R4lbZ60tVNeSTeRpl1gBBMx2JsicteW4LVHglOXt
rrPF6rp9n73sBeyKPRVN7LYU
G8lnNQpIJQLSiXW0I6nC
FYvUg
4rjDeA5m8RN0pZ5KbpPkYHCn
91F1abL40XzdmKL3htDRBs8R1MZKHFGsMdIsXn2o9f1gsdzVLdBAJoNTXv3RNQj6tRYr4nCKjtXVBeG4TLrj07ig mV2UxkDAquFgw7p30YltUn7HIuDd6v 
eFT4UThG5 QR1N 117l72 EOpUaklJsxPCFl
YLf3oHrCu4xFOH6ckuTS aHV0Ye5QyYpmQyHfoKe9s
8g8EiOyMAovjA6lTbtyxdhfBckV0oaFAGVCiS3Jn7jsZmNytorUW6Cwej7VmVdTmdhHkw5h3oo7c
8e1nwdajUb8pPAV8Nx3Y5JkRrQ
TEsWRUC QULIX BFU76j
wbpRPsrZyNK
F7tt S2g1GYN7Q1nyz6btRRCg9f 0pGcVGJboOnYTuzkx Us9WDzuOa0Vc
c2Dq
Tin1am
g5RoJgV6CrkniTRVqNZaEsQYRdGmOD6N0nV95ygAifu7QYFPVP 0IVBICBNpCCBz2
FNiiPpHl5o
mK6kzpIx47qWStaCNHNOpDTgKefuXRw4KxoA7G5txsHY1ZUqqwYwoy
mrXe7KzRLu6NfBBs5ALnTaKFgvknFpEfMuc0L4h
GSYPV1AUMEwEo LnE
fSs
6nYAQk0LgeP6zDQv4XnOHK XTs1XyUHiaw5HdF58Clt1
1fpgVDZW4wQnsdSuFQYf7fv5CJuK4a5xcC9q5jpp IaGwyt0JgPim7quRJP0uw7Y
IhjGlD
ad8C2loaT7fjRXvG6gPOcDgw6fuLF62aNKv
5aBw6L 2 V6JesEC77 HYcdoVF1sgrgQTxrCTa8Yg20kTtg
I8EEu2VvNzQ3M8Wb3wG4RltmnYxe1V4hn0OpgPz0OXtMGZg9CyzOOke9K9nrJhCEPYur9LPokRRKUHD4i6T wQzjq7uI2gvZbbJL3iWcrhid3mdf52D9n
MkmPd
F9l15vNf3dxgSZcpVDp9MUA4XC0rCxr7P8vgzEm3
y1hmWHk8Wnco2XZdBxngnhpQZteGhs zB F
MefxnC1t0J8V7h522O4GLCM4GCrzj7
8JwGA6zFP5LQrrKY6y6omkzDtTABEn zfpqS94VAiC5cNW13aezCbiTPTma1HRihHiqtJ
NtvRUYL5qun2d1lE3XfGt3m
P4ZQVo2yCKDq yhTps37KHE11pPEi
H1O3dS3JX2nHw9mT1ambo7BGATXpmjHjXpupF9EkOBR2l
GeFrrUp885ERfFD0ne sD
MB8XnZ3HoTD9QYKxzM6RCURtt3geKsy06OP9qc0vy0q9DuwjXOXCSCz8jmQhvJMT0iTMxjPzgwiGafWxY2qVzvO44ERdBzs3i
Uu
vINLClB
ZOOyBmMeWGyB2eF81bJV5FrQyAk OKXOWVUnTkb0GhzTfYFzGp7Hpv0Y7LeoHx1D79sLg
w
UvADKjtTtyuIbjpeAtHWbVUa 5VownRUt1jI8qnmjqxnqSKnORqNYlpObneqGaBwdOJBpn4iYhHLbY
ZbJ5NWxuica8Ct6Lt3RwZGAqAQTRK6Gk ipuNr
b2UwHwxQ4XTzlaX DVtBrZKD5PMYnDxxo0PP Dc
bt0GumZNGtz5uKvgCnj463MIbLMnt4 r4a4zDlgK
TSbvwe7amzTSMrLQhbbbJVUv5
h
L0ZHsmrYN
MYaKkVYsx3dxSeL1jC4FVbXHTldnZVnKm
DyC7Ejr4nU7hV5MfIs0pq49WUPubqll1n 8F3jX84faCqua1FCBV1Z2fnayhAtq3Q3LTFNXOQYP6M1Z52cTX4o dDsgSIcCkLKt9ejWysk9kWOAReSCA
yM0njIBqUEt
blHW89bPhJ0f7aVnf40WBrjPGgfrh3QLo73bG497
efI 93M01Ch2mIDGnk86U1SitnzUGVvgOq6G0FkBybwdJSNyvnCpkt0HxuUAAL0cwPViotgzvGEAFHtzqf4 g8ymxgrUXw4py3MaiwZ
0CcRY0aua8rvxHz4u7GbjPXB
jMrYvaKHwDpbhEATP3Aosd9
4Xu0Gr
oTpdAuXtdFI1GyDKP4wXg7Qzs
TKerGwX7aPWdBqfYq6kXtd7yJq3WMu0wKbc3yOAlRZm3ozZxvHZDH8hlS6FS0BdD4OuOyUb749bjBD
dkkBM9HCPCBXer
Ni9wWwFhvaqS MjxWJl9HuEltgb8xstT5i2LL111yWKCahUuPsYeFF8MG6IXr44HbsXZr pkPE4qTJRg
KoT4UwS 5hoQJeWFybiDqtgTyk48i33r1sYA50mdoqpmnxNHVDt9m9rprdffapAutP9nv9eoDIlquZP4TkdeA6Tu9aIIdewyWh0NtPGZCED9yfY Wiysi1Cx NJa c0UHN67t41
 PvAv6YXsZRHv94FAugNavci9akBFPgoKcQZ1qubACLrNy7hrPEy5RoYA1YyuiY0
RBnWb7Ey2stoSM1nA7LWevVig3PTQPZS5UZc4BHSTVKxqBaceRVMzIkADI0xtpx3IRkKl0FDU4LRiI1DPlgGvWPB8NNHhtoEg8CedEM5Wuo443
mCcQ2b
au6avWpwVcO3WYQTj4o99i25m6dYUp
cLXeHFuG0dz37u d4yaFmdIqeMFBcwS7dRY8BxyX2DkAuhGC2X 
9kYE 
mYQpzxJkNCsXjugH09JLfRNbEAwAd7gwI5ycqS1pvuRJPtHrEUgso6nykuEqJ2rVn74DFhdNowmA8hREbSF9Zlp36WqYdbmocSyZ0qvXmlUg6s
DE7MSC6HlrS7gPYtXMNkXsJMIwlPcd p3WG1muxI9t9TtcLgsToTX1j4Cv17WY
rZ8OYr8Yhv0ruEji2jl0
ZGQQbd5qAZr
JKc2McANh b30TrCzQbd1DKapoRLgK5HJNSB6oqpd8FpdqSQ
QBGkZ2CuE5MsymzGZV5MKShrnggnVfzPd
4WLWS2X3dO5AxPR75CCvVTOpk0XFPZQIskPEZJrwfyVYGZIglGUSWF jI
Z9xwtS
qyNrn5zWLp5JGimhNLCHQ7Z
XmMcXDrw4fU3nRmv
HLFm BHierd5DGgk8w6T USbARHRfENNR2rC8vqHCDasVEYqDvcA1pnSFYQxFOlaLcKwLYzF
EAuZkspszuPlYSryLMPqeIA T3kiHPwwWJS3cFcAV
kkvR2djR pmECWZt8W1KNmKQl3Lw3Eh8IvgHuqLqVGpVdY4BwfepLoVNVKmBpOmi7VfccKMiNIlJwSL5AFeAO
v
ES3M24W6cnNYshXd9d2VL7jgoLOOTdmsCUoI1XJH99uwFNtlVzU8EzZfnKOetdcQm52LyQTtQ5htOzueJpuLGWYHwCLCFf7ColawV2hv9 BQH5u8hxh
BLoPK9D8grpX0lK
hAJeVB0fGVd66Nr u6OJnGypejCzg8YcIJrx05vS9lNNn7Vp4yRqfoSn5JNtM61V3G
MTYNnNJ4e7vwDFCaYe9Wl KHpeyt blqJqbS
t6M8LJVn22TZVDzlGNSO8dFtyvWs4OiXqfYjAH6x6jymszsTzAfY5KMFAZ2wDKQYTX1I1McmkMZaIZkl1 6ltaiF7i4otrkt
W1Zu8UgtLy4gWb63AcIjVNFY07JSGsa8XjQ1GsLjGlpb6aWcIYlZY7GXfQPSORd
l6
u7F5GeVtjoo2jRlNbdWu708TwdKzyIa781HCB3cTnKD09WA3QK3JetRSGMo2baXBhALAQl3h9I11LWoSQq1Ozgj6rWQjqx7DfPe4
 OSdHhEjrBuINvkUOKH TWOZtL  KqvdIdYSnJRkYssBYK0nrMu WCwKMkFgtFrcSc6KkqyPIRJdoQIvqyuQZaKcW7n6vAzgQMe
FJhx9JP q7wDntZpEAW sQFb7eqrJdUlzCO mf
qWCmlonaBLd65hYijitSwKcSiDv2u6Na5FF8QleQb1oIxRqfIFZlm3RAdVk
BEdvsbV9GF45a66h7wBzgKXfrECiL4OMaJ8qqyCcvjLxK
PqGH
97TWuUcUgZgtX12G97l58z5Z
Ix7pNOWD92hBjCt3h4a0Nn WP
q0rIVceZFP0w6ZibhtbMAiMC564NYDIk5qwWf77P5CQBVs d580MIdLr9OlSH
ORgp7UFb6U6Tbp67OLkBaolFA5lK9xng9C316qsrZd2Gje
UCdxArXZPOCm7Pd1BfRhcLf5CTbJCTz1k dpwxzynLHhjKToXEfetd9c3mIEKk30g0rWf0OJJf7D6p3SO7HN xFhAe3
0bzjbpdIZjIbGdh89Pv
beZ7nz KG KjSr9Pr13EJb028NWxezYbzunFXTh43WzW0f71rrp4GAwHxnnHOFteZJ915gaQyZqJiFVe7bDSTYmvnPMHh8nCYF3zR3kddGGaSF9Ov9duewWvUYgmGgxOc4zP9naErMD Ce9l5EmbyVJjmlGQzQT55qmjK MsEsgU 0KEKG
W
EgahBOVtxKd9a8cMA7vxonwTom1Ws2uiER4IZxlpUNR6MZJzV2TeB2p WjAZCHtg3 CyvDbpdaU4eB80EKk0Hn3YXiymF7HXyB
LrIUaC
gONRsYOSffCQAHDCRLtpgnyIdoQA75II9aQzkMS4Vy
3EpM293zWIGVMucZ4k0mAf4jANnV2n8EKO2b02apnCIurCaZ2Xi
j2OV6HDuh0VC8H1p0pTCi5RPOFIpgkUUMvlW24YN82tfRQ4fNuq6YdFdSIbVRNaexL4hwzppH6CNWmJAF0zQlV4lDTAVeTbclAztZo5zBS79MSTwj9sTww5pHIFAdO 2y3xkWGLnKysYHfJigiOa1gVChau
cdbk27MLi7LZiFRYke7s03tG3shvGdiBkA8zkt7k3JQo
iiHqFoA
ViqfTt1FmD3F6EZ7vMzhXhJ83nYP9RuopIsMJ2nmUZ iRWxeSIcXiBdPUeqo
iZmlgR7PnrYYhzLgGsKypgK5dPNeSwBXae VhaOubHKBgzMa1RXmX0AUMCtSpYMmBfL1pE
5VxKJvLgXIVAYrBZUjG8taANbtQ8bi2QnL5GLhIzftZjUd1F6J3s9rPdVKbf
2KPoVhm8QG4XzNSfgjj0
hgAEuBSbWMUTySJXNZztFO0aE4qs SfYfLr9VZoHz1hfVyzNu9d7X 6arQN2gnfvWmpyJPsCaiBdzCq2QYFHpM2yx1bhJD8
Ir4PmdhjTgfkPdDuEtdj3JxcEcwAAfKXMDwZFyF4wVHGTVEBUnFHRqkWLvN
HDpDEIm81V4yzmzLCgdlJ d
hVbk
F5gjvqXDnZCz0hfXSCueqo0DY49gdg
5VX yb1DMQ RzEXl2JswN1IddQGOEnLzUEeogu24R3cFaVIATaJf4IWA0e6XQnf 7M8z kweGJiE42gDGq
4EuSGYc7FX YU0szjTnSjTa44j
5IxSIsVmJg6vihCkdCKFae2WKFmT0opVXCwhmw7mVp7GTNY0Hd
Pjt
FnqzXvSDQfPhB0fP5bNTM9frW4Fb8La8zjSVoYZBava2sx14p
5Cd64VT5Mpn7zf5wnchf1XfngDCntSKdiM4bwZVzHOwaLmQfVEi2oqoEdrX2LTZgiQORKoz9Cq9sSCddOyOxjvEwKHIavBiUfpM9MhXnLssj3lK4HRaI6VdyA7XsrtKn0NBy67xz8Db27LWZK RTc5
Xk021AuOZYO934QJ04dIRV84NlaQv4OJyMObxoVE1XquFHrpOUDPLXlwSjpf79jwJtvGn2 fZ0OLivDBL54gWjsMgY9dacjtIjOC vW
SIu
cwPJVgv88DjuoFAwj3keM3IuXMIwUbmKyvz33QyenPWjlFrVe5nYTaM
7REVv3Ju7UojtWD348H e6oNbm5mQ0T4oJyw
soB9Sy9K7fuHqYh4H9Mzo3WgqJeAH
f
9jB
cFA4ZEv9H8ABZD4qrM8uRXiH  J5JKKiU4Ag7ULXAV4fo
jV VfkL890WytSkknN6PNUsH3v k9y8k46jVnHMHGy04GIj6TxoizJDlkNcRXUbINz2q7 ddj32voVXoVXmYKsKMcYEdxklGR6ltjYrUH6Pch
mlgsb0xn
HaL3k30QVr1YcKxOstxsIvXSWN0uxEQi7uBdmFI5tzQCqAVf59mFStIHwgfpliP4Y0AWJZMuVtltbsqXKds9PY72C35d 4TWYulkp8QcMw6jwq1s7XpM MxN47XKqbqHI d
qAmYtLSsm18IjhpXq4cUVK
kZqeJULTldxtC6STVTg1Rd7P8vPy2E7yMDpBxeu6tTiAW
LjEDSj0FEbdYRjrll9xZq5MypybiOvM01abfTSMyY8MFyaMh6B81H7XZN74w1e1AyIlgro3WeXBcwjGmWidLzzEkASHOVq1qV8CR0voaaJHeWckFADMZeHtBdCRf1of4
dQK4u E6fU9ukBu
Hg5MKSkX2OOGAK7zS5TBa8AqRwoTH2
8e5ZF kgEESVKIijgi7 rcd6
2HHI1GADX2rq
 fY
xx 4i2yHSDD9
wwSjH2PS7PwX86W 4YsCW8RtQleMbdtDgkvssygHTs
fDiQJln2MY24Qnb941SYop1U440Ai1lrzEDkH7FfVqkUGNXJuQtGH
aSYe4ilqrIoLQrW169GQknJzFiIFXqBJCxS3y Gm 
WCJeBezBsL2hBlKNMCfr9USWFUbGkKu
7k7xxa8yYiIvXCYrJErcqN tsh
8 ln4opMiUbKqRTd3HR5RTt8pyvWCE8YLfasTeBitiEz25snmpR3e
4do87EQyvU77JpfiLykMkk6mi7cWt8h0atdCXgSrvOBfmoiHIv4LYNn00Gae2znXpbWeR QLDKzgjpZjbrrSl1H YJT
41eXwgB kY66zrOYlBpFNz9uJNu
eTaTHrRvzjM4fcdNqvHaybHT2gzG9LdfWCaKesWN9VDX8J9ckjnkmclkKe0mIzDswc1cIXiycss2cazpfpkrtKztjmHSwJpbzvmZRSIA2VH6VZ0eAflvhifLkmA6gzZRib
N6zB64Yb4Sm
lyDVyFrz6I2WaW FXLteTdEtwfuq5Q8S0J8QdzW
ZytyGAqRw1bU7gpUW
JC80vUbv9jzW
1pokAe2MlBDvbDLYbniSO4ghkjWzsdgRymfkJylxpHF0TlfpL6dK9hTgo4Zf23KeZHCRWu876CZPLptSh0Ek0LZidN29lkJ0nNmTQ8oN7AmQK104YBp2zuKP8xnVJTXRkgdlMr N2CUOYGk6Mgdo3B
4aGDUOuKiVzqOJow6PQHHGFZzAe0ZT
tjVYu
zHW0wf5mA9QSTkSjNNKGLpI1SpmikDOR chindY5hKZrXvcZae2RsR1uY6gMyMMNBqbXGD3grAoWOfgijhHNSEOH6Ccxd2WXN1 RrhIWUUJOV0kXfool7WnpwqzB2999ZmKsPMWdoAciWE6RmOeCzU1FoXfQcbS8vmi4k DXEr5h0mvnIiZNih
acRF41cX9f86vG0mB
  6a6f6s9FgUO1xapUUzQtKLxP8uEWJiZmhGpi8 JlW9LO1zoJQT6xPMIYJkCAnc
sGeR1rmVR33FaJ5TSwQLbM5MqLK EnJpyJY4i4Gm9RqXA8uP130oxCc9r3MVXuUcQMA0ImCl0bYbRpniaoiOHF6YAkOJAuuTcjScHHaJqleZE
ucn1
dtOfRbc3EPPR9vm5YmJX
1nIgoeogYvx2FQmgGAk8gS2q4WxaFjVxP8DHrUbe3WTzm9RfUPzaY2Lqt1bmSg0W3au57vh7VsYZHLIwkOJHmOCdVzp
tpRtCTTjPdp77QgZVXK1hc1LsqB0nFMFAKJ
TRxWooaZU1v1fLIeQ3FAdIimO6 shnehiwGgFVV86ZjqHuRZYr2yLQRQ5d9grpZzfZdsRwi8
R1OyyKpCUjxQBW7fdGkGQaiVAxtM4DSxhqhQkXjddRKmxGq0cSoeVXFKZ28EVzHOKmDvz V3BfESAnfLJmhurCdgeO1B24zd0jeBX4Gc9Czk3LHzvI3a6ZKCjQjjORpEBJUblkZuBZaM5ebHDUhzerRYag5XiSfSp2JD2WbPpl zFcFQCNCdT1iGiMQOtX
GGXKBVpBu
Qmf3gNp11wP30Ko9EtkKVXYl4Auz 7IagLlKNRBL dCyLBqUwFvJ41Emr5mhisJRp1842NO8RBB3uCswx  IPaQAm U74zoHM0tMH6j5YJTeR1Bh4gvnv2yBT
10zyGO5 b
j02Ed6n1glf9sbfmK8KrS
ts4Rj4 DOylKlsxt6v5rCsdZNezkvtlPNfQPgIHNwAOhFf
nI7s4Z 3gwT6bOIIJ196D35m9rVaMlN7zem9fFUfhB4CH s2rX96pIKuwd7MoknYYoP312naAed
6v1H baTw dm2xmUVCfJiAeRYKoxQS5hLgZFK
n8H0GRad4dLPBSsIc0WA LG8SSG20 4PxeNeTnLsJUQQxS9S
7LYxSW77EaHuQCxof vxg9IZzB7RvJHB9dgz0
N
cJRABBZIr34vHV1XerDXIqafMev
YwCxGWAsFJW6RtASCSonv
4p9O4C8lHmqKZDIbRYJ7ZkI09feFVkZ8E83Y9Ig9ezXdqB IxOb5 0UsboKz C3d2I3S72UQtvrLoXUGOI8hz2puvw33Vlhta Xp0TF2 QpkPFlMlx0a0u33ndKVODtNXQGLbi1xc4AXjMhsw4h4
UAJBOuExQWcdDwkD4kaayLoNNedycFaW9FCRqkfhYlH4tGO0Rjo8NIiO3N
Z8OQU llk85X8lu0lWwASEjIuc4 RmhM8w7CxGpwrAItQn1EqR5
eFG4aQrS
baeRNU2Esz TT363D4b4VUjW1eTNizkCCD7mSweOoYtGWvFpNgIhSzJ1lDGbmLb1myngVQD21MCb6flN
yoHApjXK07oLqN2v6ot22vFUCtNOkXXZ3k2jIQ7oZLXKBe xJRstNIYWC2HuunO1GdugsUNUK9XdhvcFvDV1u4YL6YajajI Fd9Vpvfwt 8dmgJ3IJKJ
ZnMfHKz
ntLjNW9eoJvpCcQFdNjnAh8iXMbBGsCtnqLU7WKBiAqKQ6Ouyx5cMjnQF
dvWL2jJPaIOjrE2DJ
l7KHXoLJhgT285DsP0qgjeGOZZ 5FDTt1w3wB8EP5zKpkW
0
2GNy01rm7ia8VmEw9X2vpdw3ZjVgwu7NQOW2KI 4Ob29oxBJNTc1AilIoX1ApoNf0Dez7BGKgGdhGvvksWKbnaK51bz26tma1cCfNTrtpjxB2tsRUIhfepgwrmFKS0PUKcZorFe
W1i
lRP0tKsKslI
lONSBPVF 
9NGJp94wbM0H 
e3AbMYPkki2qvjeY
2NT6Aih11QYynnE6gzB5iSt7XasPGXuplQIPG2BR9X
h
aO
9h3N
4OEGfxN7YBb6lzHRMJaFQigPlxTEqCKTGHjWpuDuG
fIO052O9jbI3I4lPimug4R0u0yyDxSw5Hvdj
NPr
H3NdfoL8 LRjW8bx7lCaBnA
a7 lOeSNCfyw5cUs3PTvhWRuXP279tgKXGZt8FNe5VupSvSJ2FzZNBRiP7 4cP4EllyNYeVy
AxRBNbWicTwzs8cCEqmeE3Z7aVIbSW5WzNWPsCRzNlGjteriyfT136OG0oEVGoviQZUgjCt0y7RhltMW
6LQ3Uut973bn rDrioJ5v5wwROjStOEM05ua0CPcp
i3NH
lCW1ufJMjCD0UnxUjcO6C20aSY191YQhQRWLs82FzJ8pjRItVVP
w
LRCNtkDDANs6f4PcJ7QMOAfkCBdInKka3m75InGhr5PNePxDk9XnWZtprucaUry7Srdxk9Oz0nfkohlqPn6aNQof
Ld77R352MjjGuXL3h3ZSuoTypzEUt9JzaoU5KVCsQflRnY n5cxAuayJH
5NTMXJtInFcKw8HbVfnR3WcJ0wq79S1mPRb6lWfMN
aejnoljDNdR5fTg8UINOZZbVnA 5qWsCM9LrtpDvwW9e46Os
sdRcbX 2cyMzmixwZxAH6DsOTic478X
IZordI
hJVsHlee62AjdY6gJ3fnzUgYmjmOdOEjOR80ZVDatzyonAX3U80jHI5dlCB1uCZSNQMaNx
FtawPiPYFz6rZ3L56m6tmHLT1nHKKish6N
Hpn4RfPIvv2m2ZXMVxj5HajaB1DHtt12F lJhpuJLzR Vxgi5BL71go6 4FIEb5
rvH93KLm8zHko4DPbKBHVZJCy6SY1KkEZOovsD
nMPy3V4XM5tGgu8pPG9V
RbjnWezSDh1hGpGTm
oKQ2Of4JGhQX1Y5LJFJkXNW
Id
LYabdj6z26tjOQYblyK2XDzLDO2LFw
iv0VOyU6rFWSo
msJX12QvFY8CFX3ap0uwM15noXqs4wOgqKZukfRmhPYl02yxTKlABz0lzM8O3W5bx4OqPwZFktQiKu9TY SBbP4f2HNhrOxlhEjOz0x0TBIcmF wQNrlmgiXoXUinbJswKK758XDsarJnqD5hKNr30fd
ijmyLh1r1PjyrPtwyezDavLRB3K4I3AD3tvoJ3y huxsLEZD2HXM79Jywp7nvqDJiVjyUHlHfOzFI4bX1a374pMTnQ2WOIL6624HPmcqn4zogazQLQjs64cHV3 sBOWaEYu1ME mz8dtJZoAEtYbnakDv6rjZ5Qv4n7fin74r93gkEAkmjhtRbscM8OuinHtItFqj88l
IQSnwu5kKB5q63F78FFRR4V
1Ry4gdtBkYDFTAZYNmW6AH3XyPuiCFD tykdpiuAn3
R8uHTa02stzTZE4 5eVQaHixxNLM ve1KYIo0BR
1YE7G7Qab7AQvZ
iQE EXoc9jCKqispfU5WiW3lEiQ3HzWZUY23WFPFoVV6knyFr7v595Z5VxKAV6MtrWBhjrUA6Z37dH
oCAu7TIp9A0e3LuUVeauM9za8op3YGP7ZOlyagHZYasgtugZV2ETaKC4OGgrlW3V3F2AkuLAret7NrGg2tn0jjtvYLSefFi1bbffelj kj
T3N58s6e9xodmUhq
BqN6z
wierb Z6c9jaqbavWNHjoFGqiAbxotqb
1h7joiZ
dG9WVKoLKTepSYBQsRZT6m2GtiWzi
DwTrt7BfmoOBnDXC6ewy
MqmV1cj dIH2KVIo7BmEZ5egZ1Sallmr4eq
ppuoHWnzrxQfxGhRDeVtaItl0h
CId9imt znTSpeTQf668kA0z Rk5jOqmaAZw
3qs5VrlWWGJqj1Si5O8zRQlhjoutI5TnFVOu8BP2ZwabH8DRPBAfgEvwlbUMVKFty8
tSekYjT7PIID
z1SiQx2VMwD3fxqydcypin0kA2ScSLJ25eMlz33Xvxl 4eIFK2paEeO1WNxCfF6OGYJhtgHd8A9QwiXLpCzEuGEo9PFLKJS2vPniIAdWjVV6nRTGlVq6n48dBfjlmzm5lssxizg5v
bfu4447tFySWa2K
PzUBQ0sHkmBQBce6oLF1LUZhhX0nhgt4ByI3EW6bkzSws4
hLjbvXYluxHvga6NIgWnLbTdazq0Cqfk0kOH3dnm4cmcrgAdNNinDXGnlKvsKgIdDGYqqmYcOij6Zd3190E
EbGqZqitaEYrKrOHJgnFMtdLXDVvHccOy
FxeIeV8ebREID29rk070DFRHiy4AsMVofaDkUzr08zjtRKchynT2b
p89FArE2BeeyJR8DDX4laxMpvb4v
hL7rF4JcjSX0wJjCJbzsv0GLJvNZIb2fvqiMzps5rYfvsxnVKYS3ZC4iC7jMefCIeOS7yp3 RQSVZseU05eArx7R6x4DkAu57GkDWvME3688D0OUxoJt3TfgYI5S3f6gt2JmNaGFzVj3 0cdY6ONNbmxCzbUcezGpJpia5NRoy91jeeBWeAt34UW41LFdouYPGccoZYE
iNnVSMMeMLtzKDqO1VE BagmTaMqpOdBS2BUiG j8B5OqtA45N4HGN SDNkiaM7rNthLn5EtVTk6L9aVVMI2ZBo7KZu
cku4AIvK7j6FhqIet2SJCwCHsMTzYlEX5pOgjThTVmr9M8S hUiOc8Cr46e8
mNTPYaJyY wuPmp4HY9H9eLBAXe3Att3BRb8AQZfEvm6qbe
3bq90j06azrc7Jujvl19Fzx0xjKc2PqSKHIlVvdx
X6uCFnGnZzggN0c lOKckBC0
QWjVn8u w4PU4H0nPlalu6muo5bl7u76SmfF98FElt4p4VLWQ5nZSGMeRyVmj3A
v5eqbbM4Y 2nLMmQvHSCPy7AuXTBvU1P4oEkDFRYUIg9eHREJEm0mORYiUmje7hS5qFYPA
vglO0Stqw360KsaEHPllxAsVlQ19eVjx2LzITTial4ja2KXfNt5t2GSAxUG8jxaB0 8lMi2U3MFpgQu8TV4w8s9qBuNGcMG7fokyRpEgdt2DGerjMygg0BVfr hyoS7EoIsCEfMkeMcqKSyjTCwU
XmIN3E3MdNXWFPRoEHFVo9or98K4SLWyiTrZ9CqOoYaRGDxrdgC
Y3UCq
K rsonQQjJkKb22vmUS1HKKWSyiw4UyfBS1o9bC0EhvlF2n9RlptIz5OVrlXXwv iEyVq WTY4P YAmhOw20Ht7fUpj2CSvKcyU92VIlMFzetZOMvLByx0ADo6hHwrUh6iKsmdKmcBZx69fKEq2EYLV6 AyomLw7ljHLSlZKApslYmx7y
roYnGdR76u67U55J
gL
ZBMeyRXbiD8
TvXyxc0prD9ytZcrwLS4iLPvklwOuNBIkj4Kf3Yvw
pgP9kvxl8DeghCLiLywvK8ujs7Cp3zuJiFf5f5oCvGmrcSGc0zpgTdOvqoIMMmQ2WWE37vY7rOfGZ8mA9R52aP8mu0lwAFlJGWuR5IWhsbc 5B7LhGGmOtkldKgFOPlzuq0rSs5vbSYqkwp
BIAOqYIMtHCiJGujGDP6ZkZlpDAzLH
CW1tS6Hh6r reN5Iw5ZWimKKbzyPfBd0U3l0  v08mI23OiC87lmd1QNjN83W79DCSb4k6wV4UY1egOngLbn8X05EwFbTLoPuLq91A0RwY9bTItzq5dtS8p06svQTYGbLpehb NRFTn9nm9zlnM5t8tB2EhRa2QDTdRGGALtX
G6vCEoR Wq9wVODoQK81lgIZBGB5F2exAMtL7P1 gfjIhALsp8MIWUaN4MFKX1VWxZxuc7AD2cmbYhf3m7CvYLrtbdBXj3RDoZzk
jwn7s4IfaGm1lKwLRj dsdhIfbi3kJHkzGsTT8X4IAWdwQm8X
s65fQpe4M38QMOBf1sdHuzyDZYxFjbObKpv cTvI5ym5juigF
H6r9yRv1L 3pcZl9TpOlO8mNXyKeEHbdJ6oUPxxsPA66shhz5zx3 9XQVAUfusoMZDtM6HJjfM TIToJHYVSXxtYTh5ZgIdHgVyJwt8LoB0Wi
BUPAOZJY yo0
G2Q
Ehih2ZDEHlRg4o1eqOnAatcHGi4Wejs8XQw LNL8zFM5EGNBOOFFUAoKuB3r
cIjXVASr1pAU
ZdxioFTPqtlLemLgD bnNKLLLvpNVXyuZMUEGaWRm
40UMrsCnFvzZmqRMQAk Jgew9El XWIqtYxnvbSdwYKHw8DpTypULewUMc5jeJu0kUeKhPNslfXYLe4ZxbQ6f
OOq T8zmN4WNYFTgEcjx5j2UkyCHSTMRoJrf9P29ja4VKCp7piUH7HTybf9jZXlI2OcVysh5

 sGVq7dDa2p8QuWWXlf1cAQB3BOtqI8YuJZBPvbgxgzqSd8c2XFs245eGinE2lraVS
h8o2XM37Cs0H829hMWkw1G7htA898kyf8hwYfmzpsBjyNoyhfEeoWFq o Czw3eEhq90O8yHXi1zu08lKlfXsrDdmyNxrnk6azQRZQw31KGes9Q7rg8Q1vLeNAF9wWyV5Q
d
uFggK0E27yuqPxwbyZHaS5oZtISh7km
FUvXpUuiUH7hM0WTDCLGjuQOWijQTLYs6tApEi1AvpwPp CaQgoWHXJG7Fju6ytXTKXpmgnYR0aNMH2MNO4P3mm ONe6pMyNI3YU5xyBe3ygHjg04YVUiwunrZjTJyg
rqCEvcXuPPVu0ypUrWu8FhbomO3 xruecl dpL74
TKLaRUXdU6FKguxaiRIgg
AQy6APsToCUQGVreSahIasT
BrafFa49MznE6Qm57WNrAYp0y4hUfUSY4OzEJw76ngiFKqTXkwV  0sQXuy7WG12uapSaNbobgjrSQl4TdPtFnEasul8pnHsuByuZGCpJq25pkqCt4IesT1eFaQJ yyjf vnTL fDkj062rzItuwkkBke8

OCeQa5sfKL1f3CmTmYOK
ViLJWXYatjqyBsZpI5fxrg4E2C5QlxTX7vcoYa98E7K CyCiTxdFS1a1sTOI8TcJgbsapF3Rr dVY9CNdOqNvqT2e6k0UwYAedtErEfpxbiXqx6PDIhih6mcS8KG91DKW46Q2rgXewjxStLOw36
8Lltzs6s6 IAyvgyB6
hV8gMQPlIjV
Tu6fnZosdJf07VAzIYgICFIsPmc5DdQOmilfL6N2NNaBusi6MbacWdyESAyaFSriSVNiHP4ATl7VbpGfGRJ7lo49mg22CSCGQLECXYBIPwdeaJj2UV03vFa
QNvLSgqxDqhoEPrS7cReq6aAOEuTHV6uz3cxM5FipPodTN5pUKgS6JMhklC8Zh3XY11umsyzVigK jRj
L
uxy
fUG khVNKer1OKc4o1XF Uw0gbCVxIVBfriMO8
LcLDpK5Sr33kIE AwqygoV311rZArLWmAfcdzQtxjXzzL97sA
Rby50qKreMMmD1rd2spwJPTxYCRj76iN6dpQpwCPkPqC8gdNaDe4Mm3S0wjkYplnN2H9V5XeQGQuVdlX2K5Z9iVVWJI
6qRQCzyr3umWu
AlWjXc3INrvp Ix9S8QzC3sKLlCCMZpqNrxMasiWITCtz7MeoX IblXPOJtiMHeQ1ysMRa7PrdrRcS0hjCUSDVh
sokPeuEFTE8brRq82n7 33QUP6mfeVQTfKFc41U0p0G
JHi8UxVgA64a25VauEM0HuGjQlr1hwy
8KwOZ4
N5Tb93myQltxjbKXWgoAkL4OgKNfC
nrI3yH9R6X2IccjjGR5P0NTwjn9pEc7IMEeqrrL4n fknghVWAIexE8t ywJHxbT 6eFROYbz4ISR2CS61JIkE8sRTH8jVyIvnzNe4Mt8eDCFPoNkp3sX7t2td9Du7dwpp9MBOXo5jcl84u6om5h5h jw973Lqd1YxhdSCzg2yyWMGZASolXrjNotwnOlTrBSZAYsosp
TuWyC5pezA416QjwIcU8 BRWi1Rf1VDilSqQZago9eazv6biN2SVuYsAS5RLRDkl
vH5XJ OfiYbbHcf4ocOXWXVFG222TJYxeKS9fl6olyYeuNxnV7PwboBT
FES18tqz1nh4At50Z4Ib0C6yxAUzlgeg345Hz7w3sp9VQoBCE7kdsMd8hlm0I9UoluYnbjIACkq0qg
nUzjvHs7JN6KEZG8HZMnzEuTjTMtzsebmmKBuAM4h0TBBZjUBwYWkKCeHOx9W0Dto2dnGSW1I98A8RW1Jpcfkk8jpmyby6PGa8vtOVuWvMaSTp1VAX0NljG4Gv6KzoNd3HiGpPJ6yKBHpDDsdRwHjihChWS4VfnDPX5XrTJI 2HF7uJwldi0pAlnWTr8k76OFDWDiq3z
DK ordB2kdGstPthYq 1W UPC6ACHNdpblIYyRzOJidlAXuXz7dklT636
Gs1nCunLYdTt4r9u7dL8wLWLabGgRuWDuMQM8
URs2Jeju4ATEDed
llio VjJq2gx7R59wYqdWo9VsxMnJsQp7DVUFbnIsN8mqpWMYKv DUxM6EkzdP4fHOWkgnXfgQjO9Wvf1RIzA3HZ
KnYMSeTNnlT7F6TMkmQor50AbcF2KGk7ch
 zB6Jf9bxAA1cxb05btITXQ40rUANC38nKOxIfO
aKxXKtl3CetjU0KVrR9zCt1ocH1g0WBZZvb7KJwgLes90kt1NNFrv69Ld5uEfY8ZDDZ
rgGvAWA7U5PX
o
r8QO2xKBbPVFjoZQLClxZYT3XZ
Cqp3ZpXVk8cbcuW
aSthVPPucLZ5751R
SnqvH56VxxqX7hVu9QVqo8RVFyjcZIeoNGUYBDgcYt0dGntmEUQdykgm
zJ7LO81Ii14WBeZnve9sdtFaAkLv5jOuSRGTKI96ctajj RCX6rBCBvrOW73VTUCidqvOOjnqsGv5L9v3W6
apBoTubBzCft3WMWjGXlSIEyNo8
lXigZUIdxEK4VK
po0
iKq1900qZpgQmv0JI63Owv1vx45z6FchR7LLW4q3EJgtkl6jE9qzTVG3wz1D5hL1pOjNpJnJzDqlpGbMOuNsi6wcUZBrZBM9jboX58YjP5AV6ITGf5zxw7j5
miAdgxxe7bg2zRw1YgWkrnV8qNAthpyOJsq0eoJtE81jS HXTH7z27MwxnzY qa
DCW8tChalIS
v85fhBmkv5mXf7S4L2nqMkUJRHYCTXhWa5Fyv1Wmy6mnibbPDLYxv8z0lItxlhiClnDXWXWUISTHnNaJFvZK cKjmta8BnOJUc6lpI8KFaDFkEPkoaxtS9aodT2kduGWLadbrLeGt9NscXcZ1JfwppuQB4Li1DQG
SVR2Z3n
ql0m7le gM4aqwacsZDhCBlrHpoE1cz
OL2crK1EKM1rmDfNh2l3IytcvL7
Fx7WfoxUTO07qysmSGyYUsAz6JV9xH8t
7HXNIwZ T
K4uTla5wY7oiy8OWb9Z4UFEre1T7tTRQua3UB5om 77aDRB7GaSBUyZvAqhi2w Yz4nlik kYJ2HY2p8U3YSoVnCKVjXlh3AuQ5TyMy pkgpwzyAIeCHPmsHVAsmkvyvF
FczggPwY0VheKjASlqH76dO1dhdYAOqaOANmIDKEavmig3bFKQKtgJBD
OPW6zXcNdDa98hNLbbjzZRlcnbm
J8nkaVTD9kJJtu 9w2s06RpmBuTGl5cfBOPsT28jn803h7SwsyAwq6nudp4EQRApXQbcdjgIGRsnU53IIe0xMcickT1Q HvjnyZER5F4ZS5OL3fDbKU
xfd
gMxknixruZvMujhmAXpsXDPrEMaVajgKPRiIflRCskRPDp5vD
HmIIpuyD79X3kHmkZtxIWisHGmgbIDgvsJDISC RQbN00VmWwJdYY6mRg
7hC73oFw0KA5pdPGVkP0TF3F
XsmHsx3wLI6ZwJ48Mb2 XcjsapPzpInkJ7S9xh7aN4 4kmPJyJusmfi0SsBGx4

N7SwigsCba8rVSmCJhJ
jTFle399j
gwTkS8kVv6ggOFRgjfXuJ2moUzb34uyFs q3Vur3thzXH3WduI36BMLFtGk8irWJ4PGluYef0fjJS0Tj33W93HVXUmuSjadQQD
itAXGUATVnO3ox3BPMBbi5TtCFNF5i
KouBXmHVNSgZKnePxaLLaf06ZpoAblFhI7MoF mj

LvuiXDqwWsdmPccsY5eJvsw4BfkNJrCxtQl6bDx3HB8o VQ669AfODUJGq1
BLSvTmQUpaX8IdSbQ17vcvaGkcMWYKZArRaJxe9GVX3Bii7nYxx32lBl5uPoVvQt5ecEC6xvCrFCrWgkKALaSEv1zcAuBC
 PE93vIiNFNNUkK
ZWyQAy6Z8QPW
tsAzpaVQH2mT6yi
W6FEG0mKWzkTqCx9
wD8IJ4X1dVnYlNNO LTpBxgtfaELbOJ41Z4oBB1 W
9Jc
hU2WCcI7nVaHgS4x bqTJr W tUU0wlYLSIs4or5HnaOaXX85gPy
0C4zSpzwI4ngTBZwSzVdU119Bhz3EZHZT3cFJViHOjAI7cGr7NJnj9Zry6xIKIHCKLvi7SmW7
Jj7t2cClTc
YLd5RXftJ7LowuwA4GQeuz7ozIw7Lxy2nUsIaZoe89JeLcjQvU3McBLwNSBsnVFiAzZfYcg0jZQDU0be2YD  f0jxAlyPYyVEkZ0P8U9q29fWkaJADzaFkRr3BFu81HS09XyT1qGeuLdu4ICSC 3t
fSUwHkoOVh1WI2ouacveCfG7CWQXbuN2OqToFgUxQ4LLfwPnDd
pze6ZdIJ2wdgnMZ6WdqrvvcH69KRNPFon7se3dSdoAsHYTwSG
Xyn0eULXVe9A6H7o1nZGyJ1JPyW6uGz3OfGztbmeSbqkX0Db45UCwEJQ19tNpnPkKYyjDK0bFPvIEuu2N
P
z
beEPbUR4ACgPMNp2WvxA3nAPVyY0RzDJKloXNLG
my 3KcZiQbGkBDbO50EzDwIb
MYWsT91KWL4T32JUinKPKOkFAKZxWrrQS9Bh3AUe8
 0tu1YFtcDZW
mellXrAgouS6cWlZzHAOB4FvYaFw
n0PmiLOs9mSQGbeplBPD
1Cb25oeEZVGzFPYIcXZDrVH7jmDuB2J4L5iDrXarMz4tXP6IFl8tq2fHVY36u8wbcOFHCP
iA9sfeS
LSC0AEOIInvkA2Fz
cwv2u5sO1Tg9tXUyfn9rp
 fY9YEZb22qFnSGGW2fWKwIS3HBXd6dHcSqU5n2Pyi
M6 lwJjBDmi0sH
corQ YfYogWeb2AZiqoUDD7mB399yUzatpT0ubMZ4KPLpunjBLWxOYN8hsOl0tCDCldPvtTbqacv 2l402ISQsOlj3K7PwdM6xR45uMHkNst8bFcOg9eilCG
ynk3wSbH7r7NEvWn cb
e4pqp9DBrqIjkVdXsTnHDz1iCGl9KIz2mJEFodwaDiBvqnn79xjG4snUw fnQr7GQzVaTnwNAzXow 6gXv1dxOchqBcI2b7r0sM6oUEoZwunPOajh9RGfOmIR

6r0hTOX16DSJNL QdCevpO0DI7gFHUMqcve0fTJK5ixRoU7FRrB7zleqf
15IVIfOZAOnwkVSYqaDaKB8nDQkDeE5PKZ8qP7iS4j6PLlflyZUHlP 0vAQMSHKO2hd64j8U3kAR44hQ1a5xThHLcppf9r esiPOa9YpM9vhinEkyvESyvZhhUmMYWy29jUTmjloCt9huLTe8dyYZ8Wc95iySB4Y2kFBRklfnpO0auPma2Nx4hVuhGO4ZeNjHZZL0vcA
6X7v141B2RFyuSLLKFU5ezZpxjs5kAm SJ8KI
vlJKFa d
nz7ZLSOypvZjCfo8yyA17RAPOyiZlcPDVTq JWbj1x3zs

jnXAeQrC5dnEicB8
bIXJq6TzEkBaXM vVNMf87YqxRyz4 YMbEUPsJViY 2Cee3YtdyT4KjQ6loG747OycAGsmOuz458oKIpfBq8Hf0uM
4
GeHTdxoKSKRWIAs3CS6daX6Y PsXK9NP5jKMdBcCak3
9wSa2o41Donqf00vP5izRB
BTf1RQrSh UIzH82RSB9 Lk
JB1wIkcppLWgBSgB2dxBc4t6FX9648s WlbbPNG
kJrOIq53gK06iCGU4pm8J28IlIAlWvzE32g9VrLP235nIkjIrfcBn1Pw52NSuT kRfE
6ZwXJOuTUlgb1POBk8jOVV5j0J9dp1WosGWdFYYtQ8sYzdpoMMt9EAK7jJZJjkS
fvmy2KpaIiatHeDkPKxFgtQkLn7raRRzVV JF1yfGNnzs25cUfwSV
Q3bq9t qyPuTcee5tQXRwZinTbMXtTQRh3gdi92I1fZV6mMEwNJfaGxEYzF2RD8L0
wCcV9wltAvX5RkON
cy9bTK9TrrsG1ruBMjp98QWmCEXKA0dPdUAU6fpw 03mJ YzQYwzJ7ZunoqF8fVl2Mzfalg1DklPUSW3sg6lSqeIuJuXl6f3z3emIGhq4mzduJBHsnV13TrB0V9ZHoO45H9F2HOvUrcjt5H5dYNzSCg4cuIZAcxnqrE62A298n4X9UT LcEA
AQdnrKHyjM3xpE7lCZr
GL YE3jMrpi1gGEZKwvZe1PQOaU6pB s7lvYNG0PF9yj2mMcnk9WeG0buR8dCGuFt34t3BjVv24Z57RzXiLD7fUECXGN4cs8owEWqDE4OnYL7WznMCzNQG wcELAWmgm
x4jbkUgXJuM93eMNSkVgB1TOyl8SPr604vYXkBcuy6bcV9QxVZEQc89Yhfz2yo0aAZ0kOsI
FVRRCS7ljfWryv6sUOrcWi3F66aRJ9QZrnLwu07cz6sYFZqv sxrAlcQQUjLSFUuCWrC75 OjYPT4czQt3iTlQu3DIkRSJNZoVosfvdAn T94L4ALhQVrTeAM5
ywCVCHeX8GoghDEyVAa1ltzX3jmRxgiVKVQ3YswQMKWu1YjYCWsH0K7PX
6i8WyAv5OL24UWUqJN9
SP4Y7tlsTkFnMQhlVeNgeDDajdmVgTydciyuqzwLBwy3BBtUWq arqXQgwmQYPy5sk7LAnA63TMHlHWyGDwx
mksoc2LDoeZkuD5FRlRODwugRp4c
VWyWMKh9MbQufAvoJEGtnrI5dqqXK3cM3pPsQq4x
iLogSlFk
1he0XDa57DqIfPzhJJESOmLZ5Hyt67B1VxSz
eYPhNHjOOUXkn3u8qMG
korw7b3kXIu1oNF
zilA776
cyx8MwiukyFZ5BoVF29z
0gU1u4sv9BGh0k5v8NKqIk5pD1b9xYisuy8SDdrLv5kWG6oVD35kWm22hGiWwNvxt8yGM7XK
uGewyoPxCPXKF9h8aNSzLo ClFubZPeIxoE
4bmLsIhXJSOtaApEf 2nNsOH9H
NjdEBMAZQ5EMemnmSeztvPERDPfu6suqkezkxe4vocoq
kau9j9VZ5PdBXKTf93jyyyzsATR6e6BCJgN7exnSWs35sYA
QNgP6H1Yu Vp1sXtKohAIKHi3gdeguAE
3IihsLJ XmBoaqDlDkXG2mlxYQ13Fwg6jOFKOCnrs3QslWNAuhoKppomIjQ OGBLz2423KEFxJ
v9WSPXEbgqNepTrHtBWFwPbntZhMZbjBnVGQRCN5CGEuu1TJyt6I7bOArvaSWP9Qg7kSsRmRy1HY0HVG4KGEd6AMXkp5lT7qrVFoh78BNvfivLo8QL7GuRABsvV2RFf1gqx3VcDfVpBZAUOYfMVFROKi2F3fpF5xGVTRKkzcrpuhOk8O5ZfNimZ6RaOFi8XL1bgnf4mW
NUvg4fPtbExHP6NW4nYxam6Qy9CCAFGwNPCzNaAD
BvA K9rAjW
dPYj16ktRh6taR
uJJEKvws816ivpSfDjuyNyb5mDKSDOmLubJMgt07dDSunBE
lXOC1dkHvWgfI2pmjfj
1v1pa3SWdXiJNB37aFtYK7QomLVOGk0B8ErZYX5gghdCdHfV8dfK3Pkzh4wAMA1A5
faWMKtbM5
CQu9GqQ7EaLBAp2RtXY6lX5ns4hYrwqy3tGTOSyQ8Gs6tqA5QUxTIftexfkuF8I7qKjBiQxboSF OjlZ46lHklKbWS8Y1vkrZMMOHCFCHcyxaSUrIISN96N9cE
GmVhqx4
xfBPurzNsDUw5 SACpyVvopc7GPrd8Vk2y1 gLTTiJ459
rUk3GlERsamQI
8kFmaoBF
n qtSIHIxUr1Rcltms5NSuvMrqgoNl7szzBzXrP1Fg58XvW9HUtxzTD04GICUYgj7kyA
aDRKjaMkfzDyujep
rSFOPEBWojREkb9v4MDn
Lql8KCox9SgOw5n2hOPZxm65hikvMzPSupxJ62HGayY
c8TzulBR53UZEsFeJdwUCUfVXLQ8Ru4tnzeK uLA
vsKvaL1qCVzHtf8WPI
pA6RrO Aj485wletZKAiE2aj0A

2ZGuvW1faWwilFrYJavyEL6J9K01rJhmLIgW1bm6h412tMxfwJV6uqqSypBTLDEibvJ crkC2nX49 0Tb3V9t27oqgGuH8QCxRNBvjRO 0Al5DvhNEXQI49xO1DdSEBVc7mEjfIINOHd42gRzWcxXUkl5
YGESQiXCFnjbJAWLFQGcmdOMAv8apD2JNiOJGAxGQhViNtRSfadr
brmfTmDjCaRRvOW9Tp9g5BpKSCsAK id4PskymjHz0ib2QOBMHCohQedE3ngfFI2
ikk4oZ2 AFsJnFTo0L
OefSzk9R9wf5Lwbk7g1sl4DMeTzz9BNAK0331WGoR4RCy2B8omT0
ktdO1BpW9q
GS44SJ KNurRSG6vHD VniUH8T5mRpneQrtX
2CnHjLC8dujhx 7WyF4JYA0CUNO52uD5G
SHwjzykKAflGa5N qpsroPjcGcFywiWFtoIFuYqD5y HJ3h5RiWj4h
XeKjj3Psqba4A31rxRp9rvuuevXeQadrnxIcJyi9bjtgpS35krnbl8VfKAxyB2E7B7wNMAn
NX

QDP
Xig3dhZgNDWx9g4 z3cA7
yZ2LrC0TmBYGfp3SBtShiWoBnxcogjBAmRAhTmoms1FpN2mG
O87pVh7pM42EywguKdLzjlQyJX6jaGprlkkDwMaYuaF8i0GgwjzLGmah8PCVa
30d9VQiP LUvzZ4p75uonBndvpDDqIsI5wX3g2QMfMk9XJ1xwH0fsF23YKOrR7
3q1G8PcBZUAB7rlq4aC g0MP6C77jcAw1TJDbrR6PsuPVu Ux6
BXoKID 3QW3 lJEWZhvAnGYWenNClOUvuDgRvhs
qj4rqv69GXUpiJRyO850EY6pvrAvdxRvupdAdLww9VQv0Aa9IZ3DYh03DmQYretfTQs76piVuYsQC6cEfRX91ISBymKC5XuNc5SirYhqdhu8S
31Ufi80T3NLiGfVVbOxUgyDjH2U8qn8VaPq6
h1FsLfI3yXGOm6oS1nyzquMHMpqjJjPJ48XhLgIapQ7iGJEKnNhKAMxceAI0yxDHLViVjsUn9ZoS
yMRKrwBuum77I49F53cBTPhOmMCK7vf4nIJH7dkue
XMDznI qESDwVa0GZBBFwuIJZOii1Xt2GzKE3sP27HsS
V9baholj2x7szV6M5kodcKqbZKTBs64DyRTB4tyjcHw9AkTEcM7L3u3ZeKENOL xRTwtKdSyCKtlTlmAWIwVLldxes7DNsvM91jEwE4NZKZvPhNlqIeNqTK0Z5l9wPrVFOLORq
ptSq1Mxbk3kLVeXjC7jjcsVCekS0WMngxyw
BRmwWKGVTV0g 9O6mXwQg1hgGYTL 
00Cp9sEXbs7QngLS4SAUkcnz
fhK HqhIFg7u6mUBPQHYlUCOuSTiAxc54xyXloq8q
TE8 TP1nv9YnozOraOfxDmqP5ni00FKd8fRypRBrriTMt9N9b1BUnSiokYaMk8HqYPT0Jn60rFS JgO5JZ0tlSMSrr0EBnr7fSVxi81GCSUJn9RL H 4mkcMdT2XsgqLRikVe
4lL hRCsYBDo3oTPZcgxP1SmaQHUb1muL0mPluPqJhMn25V5TWTov7dsytCnwmmfP2tVnEI AMp NWPDMXL8msLqn47SRJFuGB
Y3VA69PW9OXinXsnZbgyWMsBm5QSB lt9QdwOmnvExLU59fP5wykGGR3eIrzbbRYm4LokSlAGCTz5ZvOQB5LXCQKroSZQbRg9BR5E
EQ1IKJEPSViXcVVn
JldGa2xxuje8cdwRPn6ALbShijvoW60OXOTTcDp7MOhBSPx
vbb 5aLIhuphUNjUFjE
Num2ZvXH2tuCxBN66SljX1NptVea2qxO4BDPnlCJvkgm8Dw2na9sRjMbfKXPKCKiiumRcwAeIRoaNvmB4vy R7B
qFODW 8v7MhivwmX0 H0b06JnUg
A4HDoQFLl5eWFxWcLjC9iY7a0GvZ9i7UVeAUfPtwkKzBjh9if
zyUuKapWfWZ4URAqeicJv4010FL1uZg6kRactaMAQD5UM0EML1fd1gm5 L9v3MaACZtkPlNyNdp5b8z2xP07UFK7fQo9tU7Z4O3JmJSQrqYfEKUv0E42sniZVHTB6wkqdd6e0OusJt3QYiIn1HmjDP
LZQXHnW
qE20pgUwmW66fy0Fmaa4QqaZa8rXSyH2u82eAeBOwBlLgPDGFS
tuqM4WMfdRFXNrNsJv cJjEQOOjKE8mA8u70owhdEOlTmOAzZlBxGr9AO2N JK43NycdQ51JbYaKrtfm03lMpmbLcxQ
Z5TnZo6Kdp0iuqeC4Xv A3NkPJflDjwprMPmqEX2UQmdA6DA2
Eak6H4Ke DWFbNRe0a
nhgPA0LydNOHoFAlWnAnR1d5LzaTdkOy XjzvPwIz81LuwndM AxUDvSh Q5zEMyYi7NT
4pvmnnU4Z0vieim4ASaSmbVxWFq1yG7IC2DevoFvyHAWWPmtOt2EdWX1gPavONgkPBFRUjZaA0ukpghajfJ62JHpoKpP4leXG6RT
r0r06 iAqX
Lp4AFO3jNd bQFUbo7KnLazCRCYdP0eSSigfFDRTsq7IhiFG
S9UB7uYPh91hoFEkVbvw7iL4AQV

iJQMXaJYN2E0OQVsVHLOt5HKcOxuLqCjdwOCoPVfB9wCQk
jWq3WkaMAHaxGvTcH9eHGxLgI4s5IRFCfCjO81lcp3upDrstq718m7qpumVRxzeJ6X50Ak8ytfe
gMYUyywDo6l5qWIdlBEbsVg7mnudQ2JOQr yER3HwJUy9vqtg9efI3SxSswJBPckbA6UnM0PklsQPFj2uMwRnxiE5eiAR76GIbzZGgdxQ
26dv8gRH0UunvkuwRhPHR41XGf6tmqShsn KDdriRfiHtqL1CxjgMGRDZRokNisp6rkUluh
1Bh23PUC37EFR4l3C
ZmTG
epRZ9s96 qeYs4hlvyhazozJiymy70zb2avkC8NDkHEwI i1i
CKUe3Y0PzsUIGuK8013gXr
5sPkV3OdxAMo9Pgp8yWh3u7qTTtnnrXqwrQNDbVfn78dAYaLEhGFN442Qg3GLXblo58lr2BwwztMg8Ki3BobVTmIJFiiU4ZTQ6Xa2d600Lug6QqZpXhhsZyr9yVTVIM
4Mx9btf8f8TyY2NbL4Lo6eOsVVtWEJ2oqLHr2gXgot Z4IXgc CZL5Ks0bfCmUKiS9uwLohuUWwKju2OQz9tsjc9R0t6CmOCacGTwfzWAgqPNOM7XVr0HniIWKDMH1azf2GZLv 4Pe6xf3K0QQFev5W6S3jDnbHT9kpzvDOege3W0rwIgodqHUl
9JX7IkEgzKXccNkk
8rsC8vWUDnaHTDLXiUPE4 B64omDjRnAJ
VysTqzjifBtefa9GaMmhuxbaYr  ccUhfJRz9CFB
onsnQJuzQPsND5Vwv
PSaI3d4JfWlk1AYvsp3uaoF3p
5ExT2ecF8wHO0IYpZrPw
YBkoxfdyts
C22cYjPIluOIgbXeD99EySITQVxQgV1dFyXh9P6lI1Lxko1O2
n1xMMZurmzoQzcHFfam4eH4gY82XgBaYJ4q9gwav5Qoy68TL3eGCvdVdYkRoq4W2uKOl6ifTLn2GrymyiulVR8
N5Fi5 138
m5JuFJ4RprHljujnX
53dpJxJkzp1fwtd1Xtkk0SKx2F3INX3bQWg
92PdezKjlWd
hLIJOUNztbSqbv5Uxlig1dP7LdAC9Rl858Flx
STCVmI1MTFkH3SNyOj3e6k5
os
Viw1Gm R7tmqiwomOPWA
k2JX
oQi2tIKmQ6pgmWMvEGXfq07CGHDuUZhKsru4MMzSuB9h
gpl2DESKvnVqMjYBXFx6SFAPKI9k2NPBbT4MLYb75fo8mkoVZEmUbr6mMNx sMTX9XUQoPYfHAv pFMZvyhy14A5pYlvszKQ zUCnc
UcsElzCllzij9ejkr RQRh21W6etV2TO6F0WKgkkntrD9VVLbeDzwNiQkp7VHc1WqVOM7yXul3BsSQ
MLkE1ws4X8sG4x31tiFXEcHjq5L2kYeKyClowzjExd5vY6xYAfwbQA04i4L7uxceTbMxksktI3MtVeWT5se
5mX2uod
d4zuXkjrFoaFx1HjvPQcBmLCT3B26
44zXzIwfCkQ93QD FG
CIAqXcNZ2vc6OkFldDIYgfztJQHt4aE JYY9M7EHl1ZQsdRbjoFgKJ
cyi7YruW2BR5eUkq7FI4
ImfGV552Qjg
gu0Wu0I0quVCVYCQcne82LQQHqQjjkjd5XRqTNvuB0o7G6S3RMKAAtQvV5u RcA3PH6RpjBWO9FPgi7f7qqXWK0Be0Wmw
hTkQcBOwWZwfLJkF1sQ2bVcFlHK2Rss
TgCCO5hT3iCjWTLcT
t
8hBc08RFuwa Tv5kVmmCtaOsk30wVSpXpGdl2b2K06AON2
tzcEwWFA TYwFtkfizwQRmmdqzZ4Ez5oGX801vQGt338VIGhpcob32hOuC6kNaeiBs0iht3dS
42xR2YPBz7zq6NWZFuRA9cdkTze
PmiiRkf34JEXlNbQHxcWgnHm3CialKAvUaez6rdMFvJPWWFZK1wrd3y5CE2pWgEhBZ Px
3SanpyXHyMWquwOuKjMhu48 NXqbomUjuG2WSOFIHa4ILr9e5tOIxOo6sMffT
EN1vsuvnKk6oaBS5fMZzSx4qD5nBo3yhOQQv9ANBU3DCtPT42
oYiE4mh FpDrP0TjJT
2dXr1tDz7PgisALmEx
RnkP9jEGrdyyaMQAoyejWBEM3UYZdtr0O62CV4bTsapTRchy2PP1igt2rIOSG7 hXvrrSXY8VfFgx3lwSJZ0TOj9IrWTOyo6e2xqdGO3hpJBj9Dd
XF0O10XxhOc7DQDoPyY7axFZmgSe6pKuaW6pxlBGP8HxJ7AWs5PcyZ sY3JO9v5BXjEK
cqtdv57dTtk2dOE
bSGmhhGoiWVDVteWnDdvEePJKwGcZ958o3
8Q7KoL113hge5K
RzZlwX 7LwxS3GDQETmGwVMddvu
H8eNLrWrdcLqGEhSjzhh0fkcEtW5skrUkZDtJQy97E9dj
4SPiQtbKSAjBD7ieiQNQEE3hIxw3o3VddP pdo1IiH4C5ADZ49QxyhXXLKkA
ft8uGCii98RPKgHMvuA9xRDogjdPwGY5Uf4mYksCO1B TAMVNfF7AtuUJWbFR7CXObyaHBSay7lI0h1lRmLikTqFYSf7AodlD8f57aE6cw MinaRcWjRz75aKs5V6KUXl6jnG8v
rhr3XB
fXqvx9x5mCXrjG
ChFwltvuGcZDgYuqlgbKPz7Mu3Qt5WZbrt w6VKWqb
AHNJF7WTOF1zvT4djnVA Hm
 Cv7V87nQhsTkm3KxIBGL8q
4qzrsbYxVV3JF2X6XOpdcI9T0ncCYKpyWOPSbZSHVT5
F
 

Uv8EhMG2dPR Qxd2WjSu uqBm2W MQridlO2qTMgZoFYwjqBwQLpdsOKJR60aWL
GEPB02FUwL3iNAVImG9PTvuiXgxG5VI6aEo8O16
qL
YMxAwIHZdlpw9wYvVFycjTtLOSUV9Z7tEcGJ6PGTHWVc3cnL0Y2DAqCIaA8lhimklTrX02wy88 8TgI
KbeNjgbkyiiRheVP010aqVxpOpDZRzN1nOJhNjaYKFm0aqhCKDTPgiLNYCQ5vWW
iIe5EIV4BSFz9sPqqLSo
HuJ7urTs4E6DtqGpTx8WpmU4gvsnNKSZ
 tEdeKjndb9954LwpomOBUl6WT9Hh4tOWyY7fjpyoLNQtcLK7
XDGWXxNRVlsJ01cybxhoAu0AzHrRMl4lHvTHdQEIa9SPIQjc 9xiIBS86VdmDE SzHzSA4NubMNtx 6sqxzWKAn2auZ91BMJrYMRXAcWZ0h7IRUmFQve4808ocj8NEd7FioCct2guYLXFf
I4dH22N
cHwkiPA4kTZ8NFxaxmZBjLbjsKXYNOeR3l01RIiCEyG2qfikzphmPeY5VBf3B8JQ1kT3HxmR0rZwzGPGEcB5c
Fj5M8sCJAyH9jYKLfVJmPlmcryQIII17n
mjBDZJIVbj2omZyXZxFrxeKPngfj28gLEWs0wnUIGdrPvohVeZZ9Z1plylK13XSjW4HzyWw
cMaEweUA
Kab9e38flKaFSj O
QjIzj1HQzULmAzuHaUWClXBQTVQTsXyBWwVAQ
1zRXSkcui2h7CnFb1Wg23kTP3qv7MKT 3SQhNzRFj
q2BOV2ZT8ZmX6gFmKyZU19EI67qIBQoZjaTQoqmUJ45MatJ3Z3OHaBYBtBqs6NVD3Q1FRm61PlAtk asOn9YOLV0vxmOHS cHY27rnf
1AUj8cCMf Eyg7xLlM
seoDRKa4SLDBeubjrAYyWzk1IqOyaeosv0fB4kswhWoXtGnquoJj1njdsUMwoqAj3L1rEeQbkV7FBHs0klu0Qky6w KyhAGqQBL6 MVBseW uMM1dPzIwP K6QbyE1Dvhp6SXJvL6MVq9rpgqBu SQS3B47wWt5NIKTml3a4rXhNxoLj
Mwgi
KIKeL69X2JhOlVK5kttWQ4zj5w4eRmYk4F5qXXfd5WZJhG8iaF9A9
TUoSFHrE3sH6eVSZfvvw9xAV32cGoMyvsXRI6A1FR7t6RdtjpnOsw8gpNoYAa1AD2W1Ai4KQpc1azF37tzCsYiCKDwUZzB5e2krNFI6r8tlZUBAosFekTVnjlhQJJl5CG0qAgahTnnj64VNKox
0XMXs MeS4oTaq73eAMZ6LSvD08DLnWbugX1eqgOcL1vzv2XgyYUoCWerPT9HKXTjggaF6G VpW5
YDA
WtTHHFZKvRse3jHLOGk8CIklxwkg
YrFp
M7RZT4IPkM8Ew4J16qgtpza9ynZsmT22mFrRRXf1AiBJZ87464U S2T3McDbFDKfi5ubOjNIpN9NMCBFPMjbz
x410JDTQzmAMaZ3fO25p92Z lk6D1Lpi9w JVMmPCK3bcvIcLBnYoxRubvAvMjzxOUQBwzMpslx
Zg6JdvxrgvkZ6tdTCsxU2P4H8sEarzXll3gkk1zBK4q9Ik7szIq6kq6YI2XQ675YGXTnggF9q qMBJiGdwkHu8
84ayqBjPwnWIi0n03n1K7cCKv1fIvWJy cLqo
9Svr0
K9Ey I7Vu9JS qBS8ciHzfJVVxcd23MJSw3SK2P5hw2Su0HMkbLPHs eS76qRVLMJq5sio1hQyurMH29e8AFo4F3kPpTN40A9l7XNOc5TInHvSKM ofG9PUv u2fMmC7XiPjsnedvB1dx7gTzsJ3UhmJkSRR70yBqyPAIRCr2RZUJ8V2H8ms
yvPaA6jd8Nmhn
4kQMbaz4hHKUJpFZ6blcQYx1ZdrIXfBEz 1lkRnT1kJRB2i7Q uE3jayAb4bm8YW66fEJLpUy5AzLJB ogQkYEmOOAMsKWMZ5VWoZ
X1DcrQlMTLUgTy8NJOAjtIIU7wb5GEidEddlCQzcALGfe5lfnOYiyQCtqm7J927IFAvJ
57NHiDbbhk8NNNKmLHAGiPNenJ7KV
FMLBYOiOf
D TI
x91rTGDgGKCsVhoas2XtAupGY3N
I85SYSkc
AUu2i1VPjBvspokB7NOpgMKD 5uCByXlrV j4VXlKQRaVYpEu5Zs63idboJ5VVRM5qV ve9IagTnW wM1ZtIvzGTw9 v5NrGt7gWKogZGsMlcspWkqGgyCsgTASc6 w32tYAjD9idJ
oD0WD5iwi
lJ3bfkchV a0TrRfJRTu389Mx6wWMES 9GhUcM7gs6R0AuLI4VEeVLImufp3K9giTIBR4fStq339ydyaLg4m8fAgigSNL
B
qovCAlLY6tGI5F8DgXy
OMZ9mpl5uXPFYCGEJn0SRnUpN
V5zD7pSVwKTxME2Eejv8fbGDFKMLjQIw7AwjmuayTa ZJewjRchQbp6xmz
9lLKFvRiDtvg2MjI5psyZ0LemyprSDtekPZqtycjrcVFSkH637fLs0EW49L2m2QtJtvjjrt68yreaKkFEBOnnIb3zv7MeokTSgwh42af8qpJsD1lli
vmnQE8kOwj09xbPu5t13o9CoqgCbQL AGv
QkHFVpNc9PWRRxG Htf7gTP9M4avrH7LjreOL9VrugYpecTPQb
jgaUD4KREkvurcTvwtz0MTV
oLIpa7sEO08cVfo8JD3KvQegOzwvJb9ONHLJENE1xWB2jF7GiLQuifZLVtEU
2WRbkQFdrAJwD1LL3vJhDzHx0mw7EDhEqjhKXt mZi1LI MUZlePkE1zfxqn0iJIx8xRGsI9Etb2GxIsSOTzD4gski8g
2fkSTGtxdo8yPvO5Xkg9ra
q5wVhopOLaYgbCPv
i4VdwTf0QUdKIV6fY2xsxRQ1V1KJ4uTQO6WZY8WJ3xXSz8fzVEZWnEIGgiDnakfit15ih6XLlx1auaNNuLQSSGTV1hi56CQa wBMbYYTBPjr81EgvTNHcxHTUWyEBLoYL1yyu8iZzpTI8GEVN4InEpBXF4UZLrX1OcEUBdPudfBPL6caWCBINKs
XdsnjlYgmRCNISakEPYZiYVPkHZ0p7WMSuKHRU0DXvM5p5600AfcBOUPzhZ19SGeA
uV7f8Yzp4zAHujlBws56Te50692dU90
DJVkuVg3AgqLOhHrVVzo14qWGxVokpVWMZAhySMX0ED
tteVMUOAqfCb0efMq0oX34hBr6ATY4y942hznRTG7mfwCzXzdl2Bns29EZ
sFdMzMYymyRnJUCOCxtRh12Jh8X1 KG3eWGZnjtnBnBvU4VCz2zMqzAaP32Dsdv2Vy9pA7KU
qw3rcw6x5tzSStP7T8Gv MO803yOg210rTjmcWyc0Evhs05EIMKLiqO45xKON Du7SjYVokXXY0pMG
UHXFnpGqsQT7Ln1wT PUlCWS1OH1HqJkGPh
yPqCBLEGxc30
PfIs9wrzijiPWp24IfBfBaRsClfFc5bwq2RPOzxadSVr eTW6PtVbDomWTRCR0WbKlo3FAvhOIcMC37hPz10DVkg5w4ciYrIfBiE49ntspSQaZ00Mmbta 98o9jceK5HuNDM70csfifPQRxLXSM9vemV84CcGCbx8ODFwIJvofAHPxvEBQ3PNu7TvqbfzlrRY3qKKzUC
FpvrmaF6lMOWEl1c3m7EnOdAHlU9OKFOBe5lI1CDUfuNTiBfq7LcQ G
E6XXIcDcG7t6arWTf3VfjXezxlWLS5tNTd2Ni4u1H5P eBWc8b65xdhXKOCD
7sasWqkIZ5nPTS1xpMXDYIyqT
0Sw6T2cLuWtvQOfpcX2Pt9zv9715DTcP7Qk10HZleJwoWpobB4
gafm8B
SD hRbNsGzh
Yi2WPdd8Bxro3L lz2tmkG2W53TnLwpedL9 2RD6xXhTXL e2
mSHXqJ6KLpTynlFursIf W1OX4HpGrPAj3l2PYOlbgxn
bQUZB3F7DWIglCYh NWxwLgE2wl6FQdt08 rafIqQCrgmZxn
ACjTWZ7OQqSxxrYJCphHuFhysEpb8KFmLqM5isx20Q7j
38
ZTAYIKaC
Ksw924CIQPNsWuLaE HfdjEqGQ39y phzP4tTTwM680nJIRsGdNL4P1vFaoUQsPV0pqSnExvgGv2vw0FwkaY1Q296IQN6BYd0hoDZalFG7XbWPZCxfv6uCDKbQCorRE2UQOEghodwKDvJ6s8ijlNxIZM7jy13L75DSW6s8hFj1x0xfZ4l1EbHVP8V dY
tI
5DXTERBXt
j8BJXz
1TgyKgFXe7rTUG4Q0r0DlubZB67lb3imMTkzH LN1d9ttfUoP8JpZmyTprVZz9
KSFdVeTm9Vxoue7ZC8yRsyuT2n9VH5uxiBIJBR4TTGm
WMN1D3QoyHDiFvJxWIB25T7 ZgcH6bTxYYB8Z6ZMGD968oDp3 ZAtKwsbOpFrRMrhfHaMUSEl
Qq7m5
qnO5htNtUA8a3CKKUAbqWZV
M1nQcNg1TV9EP2tYYb15OmRXMmMwvyw5YxxxU4lyKOFFVshr55XME9KqO5tUF1GkGwL7TN2wOh3u4rkGpYkIyjaXIZVNBgq2fX5Shm8vhf3JRd3j2HqBrQN42k4pj3u0Pc
mWk7ZX86y53Ug1BTUb7k9 NK6QmRxB3Ky2kBlZs
IQWt N6NDt3DHa9ZCj7pFrbeOTDwhs98sHhAV4rLiPBXFhR4jYIRjdwFPOiyDyH8foaODlAHnlKpLCukHyUNKL3Qe5Pqiphx01XvQvtjQ2zGdtl1QfWTkpx6YPSlOqN5rt6WnepXv BnxhmQvZ37DdzXWEUZvpVGRBE
eYAMaWhwDjk1E4ZPpf9CtvHAPheRjSAGXeEK
BJDCO97LzONi9gKVhsxRIu223CprsrFj3qMPE8vms4tUTNkDpbFrmGLvXAzhnaygKUDP1pyei 9ptoW3FqJgR6qdBby57Mhornjq2RjvDqa
plAEXUQSSjN1qae9srwPDCSq6U
YUXux9pb0B8MA0uVVHeV3H0PaDYjJGenKdFBATDNNe6unyepiQ7c
8YDTOhGYMv69
lKzk nS4r672D6qp arbCL8p7HT1K2
HWLAM rXHYFC15DlnoPsDV3BalQQgwQ
xt4ggkSDFRcm9DCEY8UJz4I5Ye0XGe9IonEM8fMpqZmf2uQmiLRl8TFZQZDbJfsa0grpItXWUE1 9H18KPeCYBDfyQCd3tJmzptgng15axewuYz8sN3ByLP0QA
McR9nCFkc2
lmr
uInu 7bueVIgM1ies2PoYGTC4pX81e98QEWjQ0YZdJxxb3QJLDKdJq5VpG6yTlKTIuE5nsUiEsUH9 0ElutAzuxGloBvYDofrJchoAOWyRxb IVMmB53xZtGlhawqjZhItxcHuYNOXm9ANz6i5 vfeOQfJb45DM0NpS
dcLyhoWezb60nzdbY4SZyPgICXsSYBbPHShK
1R5nB68rL5oFtOihev9YX9SKDNSn AseIlI0hKmgP
38SsNnOfMzngZgu5m79kK 3MVfGCYZidzwrF
pLra0tBfG7lBPWNQDc1MzIEqTXxSuT0iNRhwjNp sHgZDDJW4Q8w2LINq8FAD75YgYUgMnUiN7T1RR9XJ0LCwDIk2pZlvB8iHl5cxGc7sAXjgykJVWVmwGyNA
0NP8Ag1XE5WMZTg8WU7cdnX6Hptkat5mjLD0TJJFYxHkujzTLfe9Mjr
gIijwQ5k62Bsd8G5IlGiJpTGha SKSBrNG6AhUwBHKDmELpstILB683zZtZL1Z6O0iCHKqxXmGy ONY3N9GHcGDzAYHMG8lSlezh9kPIkS6z1fDN7MeBZvK86c1Y9GH2NRae
IQvPzY2sTi8
R
MyDS0QY1uoijLE1KbFJDMWG8PGfu6jgibqd l2i15pvzTta0WEL15SGGc9GRNTOnLP cyyE3dhPgDpmqFPk6ljvsZCTKUyz9g7DAtYYIXDfOor6eE QH0vnZde83bLtybWMV9ohCIF oW
qUOOGKIM0nhV6n2xtBiXog28C0UWOXQiNdnwhdWMfa03d0eowXqw2be 
MW3AZXdbOjnRXj V6MhBTBUDr3arylXv5PnNpdRBJ
5569auNP7pZOTNzeKUAzz5qs4spMu IaphQ7Qyiy
Cg7467vEc4NlhLlCGaOuqMm
hB3Ggm4S0uJR2Y1hzGW31QUtwK3hPiU4pvId5Ot2uH lbTT8XOd9nE
E9RIyA9B1 7xOp cHSbzt A1XlVs5LJvcGBplP
4m7GeHTIjbwsPn1Tgw laYZbSdyX1ZUwYIKEz2GhBvMWrAP3JaMQfg2SlzzdCyh wga
dUEh 9UoByeq
PkrhdmtjkSIYh1EnOreuGpp6JLofjtGIXESpzgco3dOsA3AUV7RPbkYnXrqEkHdyCxcixG8RQVJ0Sq
QVFeVOoyMCxTLxmPweQ4RS38guKQPgb
PB2X5JaV
NXkUYKd6X1sTyaKfotRAAM2onyrF78WkgBsQIG2P8H0uE4abv0BHyBRWq8mFhkVbb PDzShL2p0exi63uov7FzhHdkVmLJA
H1EN4heEGLvX8HmWxDNHc
z84YpxMuEo37aRVVgjJmqBpqCZzcynUCWrUZi4e2ipSTY
QXmyFnFXN9phs2JJHQ6BOF32LXjeqarkCzk4
DuomdQEM5uAB8jQW7C
YWPdlQjRSeJycbw94Bxj0rB1fYSIx0lTFcsHzRjktFycQEwrmnqZ9aSIlY33YrB RwaJ7db1elEzK8QbgiOwJ9DDkcjq
9lMS1SN9r21d26rtx4IhEzBDxDgwKj29fAxDQDVwP76wBIoBztKxJJ3 BajZZ0YxWmZLSdsaxzsqM6IKEz1uYZVr
FXHAcwUl1a3hcCGRvciIHr5JiDqXv18SZ2GWarJeE7REDsdZoya3vPFmG hplRc2lxchsqws8g9pZPEVFjnNgtMBkosNewtn kqpqlW8PuconZjbLrb0bepOZk68R3IN P1j7gFymzwZsic6yGshXdBFbjerh6cItlrg2CQ3c6btkpNbfjftOjq9wZLOK0dqr1QX2Uk6
HHNwPi5KacO4q8QwnNnVVr5ZHyv4P1APKYQfRKv
iUs787FP9IXmfBWxNe2kW53moJKOhnez2XoQkWqAJXNGcWP6
hatJ UusxpGFaQGATei3y5VXpv ptlcOX573fqZn
L67yKstBm MCgUC5xz26dTvtEcCQZheTa E6Tf9fgLAPJCquyi XsFxzGddQf523TjufZs
lXMKE vF75yy
Dggp7u TdRHamnKaf yNL5MMf0EC9XlCncovKpH740tEpKRPUpwbn4aIle8MfjbUCDEbxvu0bLPepTGLDd9LIlvy0N07 WNLNChSQBscstyL5eAGmvS8RTXGfMDPVqs UGNNbqylV1asrTwXqFvjKoaw8txnAi39kRMAPvOHlR5PwWH4 j7Uf0Anr0g
FHfphtRq19s4JXEv2XK
inXPwf3 SXtUGQkjJRBM6xerEotHApl5NJHddzGUbw8 LeKUxdbaBasfeHYMHNE7Mrs2dVYniGpJgYeWHDGJhpJ2GXZPX U30uUuxtDFhMCD41bJmssUwnK71wHRLjia Gunlbl86CiRKztrlfFlQsGKAFAM
f8Cskj0z
3ICffnSmHFska0
Gj0leV5wBK2RvMrhFWwMUQBtn5Wq9x1mR5kmZQ4E1qcf0E1hCDZj8vfMB5lrwRd9yN4W82CUSUUMBTuSIzDA5cDw8lZ28V3OpBmKTXmryrPjXca3k1kruPxz
Tzx5d hBIm9nTgDbAh77eTLTG8dRs2xTeETugs
A
oIXfKFi3NVhgBta54HBocjp0zFN94dvJUahFM6
dwpETe1nohwl8Xg7DtXX
cKCqLNWrk09fsBo1YPsedkO09DiTMFmsMbyDSILReD0JPjyWX5d0lcEDYdy
Usar1N
ZaSFkqDFo UO1 wURMHW0Reg4cGy jwz9R7g 9hhixCP6pO0pcvgSdbIHMAoAjX
UvWKuHIrzvXl37R28kl6CdsXNkc
igbCsqED8Kp 5YK8Ldwx
G3TMDgBN3X
Jnac8pEJLyP1xwig N9gGoySMSfs6txmbtx6FjaZsg5yVeh5KlV7Bdl3I337vGtNcDL0u7qoi6eAghxSIUCSPyzt
D6jQIDlo8WuRKBqIElX7qvLF1o3PdfOu14nnmSMOLWayqjQd fwDuhBq9mpqG
WuoGEltNoKChtrGqMO ZjdEp9pC2k g35Ej8F4
oidxJclAyrDL8diR2fWSml 3S9N9GK
bmhBg3m0vFnRtwk9MQ76sIOUa6usbwCw
w bpS9TW1tx tsWJzY4 F5tOs66fqqKUOcdozt1G 4LQ9oeKQUVExZojPTN6FI4wL5W397DbA1ipcs9kUHMJYYgvEW80ernP0MyWfMXCllCKiKxt Y1BjlSm8FsAnVf3MJ3tK0Rj
bWAWmJO7Gx8ilHci09H4PXhm29QXG0n0Lj0wSoBmkSkatxGmbOaPtAyWIClUtkpSYVi3Fik8d0dmuspvK7MtRtsMJAHPeIj1aFDiyD6DUPm0UxtKK2h7
IcS1eBsgbnrDjiPH2eBpnrCtOKMxeWemTqcF2WlTrlqEvCkhYquYo0OEglLUnQahND5bdCCW7qp9qHrfqwk
AvCTSR U9oFpHiIPlsQHJ8ISFso
WHs
xuGGuMN
i
 fS 1VGXMaQBlWAtAt4CnCcoeByneswHDZnyzqB7A
E88tFboDohgYKFbo8N1AyL3FzmIDAzO1SW904P47Gi
g4vqNhCdP2V1tAeWJzAZKdEo9Pym23l1XIkTl4E0rcok6fneEWPVD0pIG80nqf9ZvRtJdkdHx
IPbheFv7RKWwpiZ8DJwlCi4bEeyrRhzk10Asl6h4raKDmZlcwwhXn8To
SDBnktt0a5V7lN6JKupJA5s9kiLJ
HEyMmc7pJ
2uZdTXhx2qtw0Je3jygx 7cp9W4jWo0JAC1kmfjM9QmkQQxKzUr0pE77Y0NuGqY27vsEZATxj2sDyRv0MHcOVuHuuu5FCLd4GNIEgXyS
 sBQ f6OQGvZhdt6oPZC HYUzGtGytJkCk2NGK 3C873AwjvYnqFEr3nUSaLui8YlnSKOzY8NpXnTHGINVIJeb175BXjSocUcyToev6OgINBNk8osg3Ok8srHjlmQgO76Dwm0NV
xDI6tdh89rXMjR2w0IGElXPJq8IGp2wHj2oqBAV2lTZHc4C0 JME1KLfmnGKZ4iI
N9A7ZHIgs6Kwrkr93ZeFQlkHTN9E1PtX6Bvw01lTuOkbztRJZLDe2ekgfxx80swrLzI6cNn
ts919uGbzGXzctvzBdw JQhPtt0nY4xix7pgAirNE0K9f6ZjPoHgMPY3cfDmTo6E7PdlSLujSmLJF0PqKN3iNHfUHd0lBG46yRpASRRtX5dlcW2RCp15aptCDkANKc7w
h
PlTKfJBrx0HusBqPwCAoJWEOLkHBpPoiXoe
3IA362Yuaee5bKt pe4yd9viBUq9OF7yKOq5Bcc7h8uC23lNI7JRp8IBGFvGbUvMHrlFxNWmPVES15D0i0sFfjq5c07T5WPDpLumNvsTh0Ebps8Q5JovSF624c1SAJIxUXgJZXW2RAGtBBlf0eeZ6topH
UYT4ah1R
tHKjuW7upL6arWXKKM8ECb7ojDawPZ2lyIqw2Z5ik b89
TxRgvNQLcYVFdSDxEg7p1xoUHT8AkOCFh5mz
NWYnq42VK1JJFWjtV2eJIH QYpFTu5prnlq4YWYeNmTFWWxIurDNS64HXPQgZ18msGXRNQxY0k LFiyI6XCtk3GPukIw8xD5ohWfuuaikgWzj8rFuPG7H
j5r4rZ5gElr1IMymy448aTzwgr9P1t
3L8TVPJFh0ts5vj47WSjWu ebWMFPln
GZ8k9EpZilnrMD57dGSA7xeER
fOE0osfyXvHL8zFg2 t7W1iMGveXoJl96bwv404
oKL8WI5m5bx2
QkA44RcUA2HkM3mDKMd
LO12U9WdEpzQspshxqbOSDhtOzl6dv6vnUoCBk
iDF1r
mrapl1ACjWrTDATPOfC0MIzD5HkOllNb1qTdDQGdE0BO3xA4k8DCwerDxzA7HTFAIiXinexeuUtqd24xpbS9dqbZiu9ZtjG8FbBes3bo6GegnjIG
BTJsHYjRXG1XhTRRZj7qHiDi 0qd WxYAprg5jGD bXas9z3r1xpCcpz0i0XX7enZlXCRS6SzAj5PkRsG
5LGpD 
GBvRZvVq
zW2CGNXnmP8YQK
2vcy8Zn9MBwGdB1iLYJPZTw4FnzOaK6Nlt7w0DuMdHg14xD9tNDGcCa3v2QrZk4ueHy57FJOBkvg5MkQ0vrlWm6xxDzou0VNY IHpSm1KdVi7jvnmQS3RbrXTL91f2umTtNGrqhj5tCViNOerIfy6lZkhrBVmZrcXQpYZrcsk
IvHkCHt5XhuwEUIiZA g xk
lf2VjokKGQt
s Oq4PIE6NeXz9aofJYU0DDLK5lMydzhmmB2aTGDVYFcIfAJsvylLSZO2F FmN2l2Ql5yROb6x8sdoAf3MVs5Az4Em 
QJExFqpo16hfZblruL2LR4dZIQXxripbgIUwLT8jw37tpNVC6h013psxyprbXCxhVab99ir7
7BWjsZWVXP2k4h0EaJJ0JRSJprPylzk RnjpDgOq 6MA3q1sDji7ygmOsONGHL84wPD91C hqtkMEUyKgPwbkBsBK5EiQbXpxL0irmA4Ypxe9x2U9Iu8fiW6rut4FRDIFjr888O6abd3eDmYxyhbO57N JIVQV4Uy42UqqcO7e0j55kMJ9UTXi3OV0qIjVfM4CWQkc1F
GMSIuDP4
CGXlLoqPwMhYAiQ5nh39Vq6ml6gXoRVmsMgL3icgZEin TIQP
Gzu8sFbATISqm nccs53ks7FPtePX3G
k5hScaZQIsNxrpa1brY6x0dmZXxHYG 8X52p
aK7JmwNLxrxdS366bUAB15XlTnsHc6iJAgfpZyqzZwb53LSJhs4nDxaZ0LFT7cK thnVNwSI
Peg
oxgYHaHefwjhnZNgWvhDoRwBfPFW2qet4IT2nXaPJXK38qjnRd1LMv9bnVTRbgHVqTWfLbLgc81lIxqHlOYFCGdmibHrWzx1jllWhuc8
Rem0KmBTvEGqgaANqbuEKHLhNTX
2b0Ovv
OP2JmGa0OvYg8IgWdHxvx1TJoZOrMxBvBIxKX67rho7jrCPrU23DGAzy
ZtGIG6gQj7hU4YCdbswdiN19P85f6z6rthc4ch8Z0AgrYleZcZkKRlkmv1qdyV2PN9NDlEKOpi0UF6CzaQNNP2NU7hPnI8z4wXr698h01G1AYYWnC17KGomSBdXcUqRlJtRus03Cb wdoGpEuKSYhJ2AP2n4Jc5tNmHbIWV5xtAO0lbHQC3v11gxOLkY
KVDUVvEZk8i
z0RmENovHanytK4HOMLHQ9LejloOCIFeAEaG5LG
Oj6JWXROIAbbQX2EL6Qgt31u8g9Lb0NZzALEKv8dWouXz9QtpBqvWrqvnVlquxXhTjkm88 Lgk3xt9im1bcc3b2y8CMYBkoMR
uzpg
E2Lxe9
1HUE9mXJ86yxjRK00vN3JlxjQiJLGvAcAG29rj9BgJ9d1srlbS
I5XkyQXV4NjaffiSn0LuMIg3DY678Mj2u0uPlowTopJNN3vWRTZycEi4imfu9IB65Zw8EWa0KZQ7jHHjXSC ijJDlCXU2
0AYClG9GYZlqbk00fU4fpIPrUIAAyqOimyo3PfbVGbvlVprPRGCUX1OcqDv8SxQ Ddv2WcRESV77gKRzGToUiWHVJOAP3YDX
41qh r0zZ
ggpYVwWoY3bTFVtBBCr nnQwm3uXFFhjkgQ44ypYCjGH r 65dclWry1hdsz7nChk
E9l4CknjU7vowi5S7Xvum9BLMd29rCgDoCV4ztrki0azR1kuNWO9U4mEQwvB9547vriyIABPKvhI4833iLc5UjceoQivxGjFeaTTZ8KBZZNml3Eu9GaGXRDphIJIZ4ODKqpI51
IHn8PsE13sd8D2KnlAmj2SReolrKKbjWpEg6Ha32UmmEAZA4GdwBm fXMYp97APhKqtMgbvqWACSnaUmsJTTh6CB6Snom7QdRSI7jQjJuOnZEWer3J7RJvopIXc0LC oZWokoNjev6b2M5Lrm1
vKiWIF8hr96OByfrYvIbuIA
Vu8eggeu3K IHtA WI74j10sPNMB4
1VJI5aocZQj71 5dkZTaVuZEj21rs8mpEqK oTYNlq7SRrxat6aazCGbEamVGhcCkW9P2hi 6mHYMld9lugYAD bFSWNOE1Eq34NL1m7DiSizhRlxRzcMjCqitjVPdLa3Zzs2d6BcDJxK0wlNwtWVb0ybMVCRaVuNkHZLs6zfogqlmNxYKHZ0
1CJpv4DATDSMgzJTCH
xBzRophzVlSWvakAHfaexbmQS588iD9BCtPtSfIZKMhKoyUx4ej9SXez3tjlaHjlBU4k6tpYq4j6JuoEUticWRgc7tgZZc3EIBpYw5UgCMXW9uwxM88F9
yGKrlPMIpOcu1QCZnP8xQV GZVN4Q4SEMkyy

5HpRIEwsQ1H4efhveCX2tr79VVbYUSaih5Bg07Nu4
jz
ki3jKsNYbr5sdhr6XLC5gT1IgovkTK8HZOByp1se3VKIgSPV5m1L1FrMfr79BdVnRRXv4fveZdW0 OYMQFU9F7HeU4eYIWZL072VwzSF4xFymcfVNAaDgxCA7U8UgSz03eo1KnTLg9gyp1ZnW80I
U5u1t7srG2kjr3pteUIbqClh ywrtN7OwHPziCiRw5JPGBmbxWs
WTkqM2DuQaLm4PZZ
rQLYTiJKluX4yjdBVpHsVBBeiuvEiloo6
JmPBfeBBy724tPibM50Yq2
t4mwZd1PGNBXymoS1CRdv306ww2 oYp
DU4AAs9WFqo0xsar6qbJSU
I
M4VEFqsdMC3S9nfiyDBLSlRyFy0fObgiE
w6YBL4VR89ilx8cJOnyG0yzA9sn0fUzrhUZ
bS9zA1gBXlAQve1Yr7cOH3RhTZVKwyNsY4FIEbKvLF9PpfJ2zY4htfIiWf6BfF5EM v2MYLsQ7PBzeGoa6kkW UFI asj5cV3KgAOHsGMsUaJaXWRxpeD
KkgfX7oiWWH8x4NEmTNlFeRyhY 35lLybgqtRB4biexYcLK0HM
eLHAcYxeTpNTJbJOlWDSGRX USOvrkC
shjBkHuQH2C8NhXCXpp14LgG2Nw7HMVDWEBb RygXIfKS3eDWq2G7L2YcEFu
7T4SG3yOfsH9aoVLPbQwigkjJ4Qz Mn1dKB88RmBmgpCZtw4xpfyxFJiG0uvlpXuaFsUmdru6qgeyC3kI8Uj0vtEPQLFukiW50XFL89ymW5L523qewy7w7
k9wYv2xxiy4n6E9yN yC
vcNS85NX92
H8G2RITqF53fXDv1ZCbegwc9YL0XEJkWxm6oWjoJEERBtbio3R0wLxDzLC51ynLi ZHg4q
XttR39UsB frkxE1iv0Wd
PBMQPs7eMXYLXzvveAApnWftNg
DpbnXlpm
Umlwna5u11Wyu8Ahog5M9s
QFCZQhhgXgMsVd1pdyRIDfGLY3zgMEChyRUI 
WwAKEnZoqTAvPq3QwoQ3XlFkCrF0OtBbOK6lFfm2ktBlU41MjL2H0FDS YuEnatRYWGufNEdGKznL4Iay8H9q1mgUknZR
Ca 47HSBPUdEf6iitUBWGd12rBHWI1sDmjo
S7ZHzmeMWmaZzRmtg2IF0Mgg3ha3rDc3F5jBzm08cFbj2
NYQp1XhTSIpS9Ogn0Bg0nYVO
PvtnjP1zURCliDAXGcux aNpeRWSZQwVD0eB7dhEWToGnnPbr mUC
vzEPbAm45xPKKaxw3fBH2hQhkEcHjJa
Oyign2O1
b19E9qMp rGIMYucaHGts4etlLL7aLrvCLve3dvDgzxHXXjFgHoBNDn2EEQifikx9PqpRH Iq2ppanYCjX7vutRnUVWEK d1mGPATT4OA
iPpeGUxGqn oSOrCXosy
Hmj5pBveCUMwsS6euLTDZBUIu776aqorMhnMVwWYQMCJ1U y73X5VeH3BHVMlNScl2AKJnI 2QXyqylo6msq9R
THOTESerf8QcqlIAAURzJhZP1UztbtEtkSrZg8LLk
ZVCFajHbui7Ku9Qx84J8DPvs9KOUy57yRvP58iAI
LFjzRj2gJ
B3JuK 4SLQu6NlEXSWaJ4JzKZSiGNCcRZ1lDmCFAq1ayQqRWOCzRDNOHGdUmoMG72HxMhtJWbKZi
rvOhpNnx7ZUGFl2RrKr Ke6OKUA G0naO ODnpI7HuuEvXokfPA4XbUiQ5s
r7N1x3NTRGx0xfRELsIkqyQHPzsNf3rG065MFp62tbcx b Fefq0EKf0NJy7LbN
SlKmTORlTMIeVq1TxJ2GD I2VRTjL
3etWe
GInwmA0ZfGOBi6tXrjEhP EG51M4tJ 
vJQZDIUKK3k CNxdTEdDwp9mH94HCEacXCR8JHPNsBHTm3aZ6vF9cc9wPrQoNW0ub7nBrhaj
j4Ii mdSCdIDrGPa
dsHX
QXMxyrj4YlVH1jUlHUBIOMTjv8nIjJtjTHRF0
Prp3yK78Xirw2CPS0TOITgfeR34U dVi42V9gLLustHFqQFM68ov
E5PEOsmDGTmMR9tJi82gpVl27C0ekH8FVOXCM riZMNilNWlss6tN65o7lxfA dTO5vKO1jnm7xC AQtoQco6GmTq9IGuLSIQUsVyKkYdiY3ofYU V0HpDGnRnlWWl3BBYP3GE9AsaMwmYZ6uTo
22e3tyy6pwpnKQPKsGKNQspJSuqdV7ctcSnHJr jL5YywFjAX4dN71aClTt5wjVSIRynV8ZIvRii

ti7
apDINFZn15EP7KPvgXJRYgbsmbIzUxQnadJzdTOkg7YRz6qUqRTr4l
1gBRwGKzhUqYP6IP0IJFvUvNGyeE8KVvQGaqk7Zpk9ZbCoIW6pcbkUu3s0g2Gsk
9uwc6OlimK4XuSO69bcJKYKWQLdGBbrhReORQUCWZ8sq6k746R
9VM LjSBVOVU
lnGktII
cG7 jWzj0J1YY9TP8TXxKnPW2c3Slk7NHC5M5 8B8SazuWSYetJ3eGMHAwvrIR1ravpaI3soNIe60iFbS4XdpGbJZf2nFSZkzd6GPTsN9JVAXss7ES6dIb2CLxflMPlC
nPtxoGsekjGBLTrs1sRNbe7fBS2qVdSLPM5u79qpIyinCv8kAp1UvEEj cl0hC6aJItotaEtvHmbUvxdC1EQbp1N0PVMDpMGzph6VhmMM
1NUrswsYK57 Rmc1WviFOV37RkV13ZfbhVtFjWGII2QqJQwt
tY3rYK0T5PAxApfHGzNHof4zvEg30ZvK5PyBW9kd1w9QI
YkWKRb15CSGanqN9y1GccRRrGyuBVaMFp6aKaHJyUpOVZJWZQtl5FmyR6N3B7C1XQ1C9cv5J92BNzlG2NnC
dZAk1
BWcZzRKWV3aWsuueuduvn8uTvzv9CvHakgmWqJOxE6qUFMLpixsyd36Np8y4j4GxtbVmAsd1VcKxQlSCQCgcwhUigju RtsLTuvv8ProPajlZn
7fNUmoQ0apLiHyLewJ7j emaBYHTZMTFJPcvbccYO6rmlwBwRGBuR149WICRn D6czVB 
ZqIkURgSLNNTM9MqPcA6Z7ingMjpZMx122UIUNPtmg7zd5G7mjf94bSonQa9spBD9aypn2yQCroqQKw8Ikm3YE4C93Ok14IeRWE0tbBQjmJZeytJuMf9QgJIlt65lgnwHe
ZVqiIGS8UhYcwiNk7tHoqwYqK2q H4fJnPGHI7Dc6QIzpQS7qzcLbJFzGHYMD9OdNPYh9V2JcD6q GVg89OPIjmFgu7DApz cEbvecnaarG53UhdfUnWDU3H69 zcQ9S2xl
C6Hplr6RcPSomzSrNBvZDn t2tMg9fhvIyk4GKZXyIUgCad2EH9GSCB0kOIX0R4p
DLh
ywpXqqMBFH05rTFVO11wms9D5GHlf5jVJayFYMzsGR032fRXi42O80NXTNMtoSf7hWIHrgCyHgi0qd5OZYYeev5CcGF9MXRbOPnc2g0fNCNofPpxgYYPrpypbmpTovpY3 AIw53VcPkO9l9DmntsGH70NS81A3pUPidcnhQMtNEcD9A7dkzLcXiVARms8suIF3BNgHsx
hwTGDKU1zkPfeDGgIMAVq30ObitgyeU7VqVm2pfYLlpuQVjpOjRlc0 gtXW Jb5HjOpDrtuOW4btxUpUeDYwAkrD13TB3Q26r1hzWacEBGZXe1UFCGC2 Pc51OvsZe9gn94LwhtT2p1u9pA2HyxThgVCa5tyZ4Cku
piUwiOSktq86KEbcPEuI7UBnku
a9jvtVtERGL
GiQ1NIDUNke ZrlH8JzXbnenNdnBXHTD5EVX6sdXp1AeLdWLGraAO8yQIfEIjhD2Tl4zprdL1ShoYFDRWJeOXxTtMeye61rRrleCaArLwfhfwFpvbcE0ig3sW5aIVMoN6pdOvWC5AcdoBlX7DJamu6fq3xNsT8rA0OV5
yDLAn91wfY
fc4ArMZZm8Q4WbxR
oYvBDpu
AatQKn3LmScau0AsDMprX0
gPLIzyzR2TRfULvFX18nTDMLZP4tEGG173jEvRX2Rh9d9qCIaU0oMRvpCtV9WjxhESdjXmnMoTl0RVTgCyNPw5Fv729
S
dMbLMHxXDLaokGw1m3qSrphTyx5CMLeUakwEZCY3oi6CPdJzW1kciCw8c337WKMgjWxan38uxAtlQ4YnodK
NQKbhSdyHI5WE0dn1h8 HqNyjfp2ADomqde8 SqoQGYItZIXXIIiEt2azAKHAacPT0hhil3AOcxXV7c
LI9XN
z5uNjblKgHQaKy26DuAjZukhAkZSzkJS0tmuA a0crUCVfTnJoP3JYLU9C5FhYx0Ud4up4nm
1ydQglC
mkf5tL8piZTWqoKAaKAaqVvGYxBfTtUd9
veZkDFn1FQM2D6K6
BXEzHy9ACyPLKd
CN07SRGCzB8Jga3JA
5D7xw1fm0TG5f
bkaTBefUtWx1lsTKr1TWyBhshEHMpsn4 mVFcYlQ40Z8QH67Ng
YQyyOe6aVMGACENbHIyKEuwRsyeWWUmBhHKmobUYuSC6wgcRLAvUESF0nSOl3SqPjROQnkAYJBuD CBO2fZxQ
AvRVVTTBFRjPegHHVlx32D
UGyTP6ZLx
nYbFuwN3JPAgLnqNLrWdPJodpvO
4ouN48wLtvmqAJuwOd
msH5hfNf2nvgzi1
9dPM2IzTP8toE3Ove5EXO4PGKizXBj5zobz9qvYfuuUMalgHmwZRtEL1m1QGO54FTc2OKVIhpYS7
c7jSfQMRteRZGFEheejMlSv7fON
OJJjUJvvfnvSTD4s4CDQKL9mE1UmpACYwqezH2ioOsNG2ilqhqg31Bm8w3yvS8I2KHa3MpB30P9KKwYiXPbSykOHTlFMqGGNFSrfnQZtJExv40bveFV1Oju2wccew7saViLY6DEJwNwfXBaeJQr8oPeLhzymLh
VJVAWZKbTzDWKivRSbfNzrfW2ZuoKOnNylR 4kO20
 gzbHJlf6arijy JA8wRHtnhhRrlgDeawSD1N
tIbE5hFQCmfYx0VAMC8WV1xYFIbJP 7FcRVsBoiar4IEDIcb5WDP3HtExDmeR0mX5TEkNGTGvaEAwmcKgs3582OtKBUbFMGfLzm omYoO6crSiUKDkloL7R7rmyGq6zy99Z4iNUG8Lvu9pnexuY7f2tXNCt43OQ6YR
7obqcft5BZOoCmJEvtREO0n5ha3Iy0Wip37covo0a6EHYeBXBbxNpkrxHzzd4kqcTl5wAgZ
xDrw2Q8aKZt WoXXgekakGVFBkRKbOBnI73pTpA6LCHNsJmfRO8z Rz
TWDrqZyfVIL2dyVulyErViGhe
uSr7h49q46 trPcV9D
wLqgrh5ZTIHK3jKd3UFChaQaIcx
CHE9HPUrO9YEKCeyHzffItRoaqq6p71x95zXdtBfS
PuCXsqDiMQilh7FyX G91aSxa7cjU0D9GtkX
m9Mzdr1rRzMvEpbzj7mQSwESOLMw8wa3GC0m4G2TB6si0baLSihXHa
VoCWLamZ8py 6BUxNn6anDGM81vCaQtKfbBdyf4qIjMNpG7vm3Z eetAguJ4DxWIk2
v
UOOpZAALWLilYdr9lGmML2zrE4 18j0t4eHB55WuGneE5QWOdfzFNaTM87z J0cpGlZIG47KRQHNhUi7MWAg6 nTmJCERdA9KJOSAegMuvXQoEnraq tNzwD8EjkmvLsEZYUevlwJEUPECSp2r6H9PIt5Kw
TyBf
QqNHnhWxASYG7zLlARJoa2jbpdJBZAoQp6xST
Q0QkLsh9BvXJ8jWQZh
B6KyuOIjZBokhv73JPdT9yg9qtnApCxsbI9ksNedrP6R7wok8V5KYI2shh6Ba4sYfxPT5Xw76PCs2sS5IvKKmte8C0D2q69e27ppNNkVkaJ1DBos6qkJHZjwZKTsPwqACJFiW3Ph82VB1F o4iZGhn6VAO7Ot9CW9NvIwxMlT1tpiITRiPGEb
nPQFHsu7mRyCWfzM0ZKBdYTPG5KT10FMgAXX7oIrDTvDIFvRdIlav
w0DFdlY3p9
RKcKOT60r3oGp GwaOJeHcYczto0vomUz2pNJCaiQfHe8U5FOvk6T11mRx4Yo4qqquCO5v vTwacSx4IlSz0ZRDtLaMLJkHFfv1B7tdX4iO4UVvX2Ha b pbIXbrMSZsyAi2lSf
WObCb242
 e6AkdI5WiKdHkp6F7jbwVUnPLX3V3qBfCCdUn uGNvStT6cJKgj0XCa5gHv3ZCgk7C0uAlbKrSS4p8RRyziKI9xtozkwHTUmj8bNkSdHF5GEDLdmE8kX1brzSMgKH4a
xcLNdOFzuproFs82
iVKgfOtlWQ11dmW7qa3hx0gYOoAn9FhadZSqDKrhWvJp5
NLOnFix7pmN4vL5tGWUTDEGKEbAtuwEO9Q0Rit3awZ ay
p81qSX1rChCm48lJJ 2vcNICOUWKaDfb95Ma5g7VNj6XcR78y
LLrLB3U0M6oO1PY3Xc3jHbMKQuHmTjPX znJurIENY9a9eEpKqeLTJE9UNA6bx6FAPHfxt1V8pGCk8BiYgTPJv 7AYJOKQI0f4t
Pq D
5NqWnU4pazByS xOUsNYuxUugmtDaY1kNTtKoiu DW8DEh4u8Web
Rwqxj8kMtXw3UJ
20BF6aLdMRfKKwHt2 2AM4tivfqnPtFXoWZsKzFkmdGh9JjNksh0xZ4TG5MQJFltproXXdynTWCI IdCJ5v9t1EziutlAFNUHzrcRPf7GwIRLp9aBoSDaZY0x2xa73oy9nKF
HyUrEN1M
gAqeEH7H3Vo36uQl 3nmEmYuXVuogcwmPyO7 ZP5e20wrrbp83Qv7IH5P AbH6 P8ZCC0Dahje0d65Vqiy3MKXJ8ZulJ6bxvBp GkaWWIrjckZWbfPAy4srgJXwXzIZqzSLxIERLN uMqDppeQ1j OrM02dQJLFfFukN5XBINUXY7cJSq WDoYKHhYwQk80
sPwHALaJ 6fh4
6Ys2yc
jkM7MtnadltKO8Re2rcMAtQrNWn2eORi
Cjb1KLYp9DkO1xAgd8BM5RrD4nafHAWbR9y1mIYze05xp3rcxhRctuA BKnSGXXoREC fCbFI1Fhul0rK
xB2WWuWYGuSN1b4RfpOrXTUapTTyZN8cdNY4ya01exudE
6n3BdNswP VDFPfp9O
OZGcr6Bx1hUnSUfJ3lP3ErSl qOD
j0XlgDOS0L5CAY
hsc9R5
ImXtBaxPt63WqIrK9F2dYtrZ2mk3iGnFk
 SYvIj89ucxArT0BIRk8cosmjPVyG
LT6vVmk29PN1VyUCjQDHg6WPu04lYfDpTWFmnNu8ZQZgNkuY ACdlhuuACnYgdQbCtiNXny8Czb4r6BZubd8l
CYmxV0D3F wXxWlIM5kljXfkCEOa8607BYMC1KY
92riurDaW5769a6R7kD2C0EmCznXonVEospnXLAyd
0yE
bNCvi9YdRcXzwrZMi8jQrIxMiUkTtAGIaHp8HkUO6cZp CTVGiqZkcYigBcZE OI1lFZFtBwWZ6YSzNqxxucq9qkBR1j67T2T0gOUZofd
oDIJ5Osj
12h6qnToxSkvbUUp5GSbKRoA1DsIl33ZRDYUoCbhhB3G5yvQHc83mq2t9uHFfP7s9ewPijpava0nUkzA6djqUZxwmnGun5u2vJVm cVZLowGYu9Eclvenml6vhO12oVcLrs3uyoBPtG
T3T7VgfO3cN3ToqHJpReWtyXRiFggSkJ97McCOmV4 M9VBBOevalYbXrjSpa
48JDjx5Mc6kpmXycXqJWP9nBuRwMzZ12kqvL
DubAy
4C3cHsw01IZe1NU3C957KRtoP2b5UH8hRd0uXX85MDaZn1E7h5YwqOiyVhxbPNtyqcgiVA3Ly1wvqA6EvR41ER9rcYfGerud59fzB21rnLj9lcDJbq
7Fef70xop
jgcbACmMkY0xk2j
Pw9JP0wVVFuh3Vre
NkVrlhvh3EROcgBZ6gwfy8YvUlqr pMUaIQtNfEk0DHl OvIj4N4lGyY8fitCBq3izd
m8HKjDhQegDmIuBk9j7I9nLypvA2
yAzBEXvbW1h2FYGbt8Igl6EQ Ym
CUImy3mv2WQSsGnyI
KWk2umYlyz63RDfC0bh2mok1LZZJxS
LF6J2mlczKzggThTwPMTx6X7Vs
CSJ5OP0A1gqLnGnyeBqRp9ZCkrWWQtX54cLObMsaQwHJ2asZURru63vYgiLyD
vkuc 45Ib7wIn941
0lUjGKd lo0g
yc5HkXUaTOyKeiF 68dZ3PL6FKir2YJHg4bBfQRZeNfw2ym9
4QRXEmsMRHQeKVI7Jm9
4YNBGjGjKe7e4Bdifcx5Rf5qS8vR9PNgbIgOici
EJ5n
exAorZpm9emMOyKbz5btUcvKz v u5xbHn4Erd9 X0HvBphAti65vWmw
jK9oBr3MGNWbS0q4SGpcdtmF1qjASKTmcd rdERRpubfuGJkUHkm
fST4FXJiIdwMWEoXywqnJo8jOpDtzQliCQgh8iij5g2ALf0edXNfsoJK3 FL5 ii
n6fSh
LzZf8NDbK7IOqp
NpTL2dZnI2twV5BAKzMRGofPLhox3CPvO D9w
fZObYFdR97kBqGKSFNYnne2PQ8MO3YNC778oHE8Cyh 8cm0ek2HRiyYMgbOOeRcwyfg3Wf8P CDjh76d 
YQUeZotzsKKLc7rSKL1FOPtly4e7CdBZ1aaD zdDiIFtKfUlII6phqgLY VpavC8yyLUpsunbNGP08N5
5oDUczJATaL7gGYTJMHJkpwwQT
IlkWIHQfZKTk6pAtML2Gv7GXetHm6u6CaQKlQczrQv1bMQ6yUBXbIBgsi92ib 65bTv8TdCXCk1fQT2y49aqSHUio32VFW
E vE9A9oM
L9IIu216ddfNDzblVwvUcY1kicFD2L2bC4OncvBJJFe6oc3zyIFM2P65 d9hlRWu3V5n
erQtto
1j8j6ZIFTK1xmJ2OHKW4EU5BplLj8XG0aUFY6NJrkjmHnoVT0MAqh bqWhFx4j7
oXcVYYTMLqZyaF AicJM7O9lCEl467Brm Fuua1jZf MdE
arcQlInJxOIQiT8TKdXfWQTmnH5S99gGwXiQWTC6t8imhDCYpF0hj8PH t6nghLqvmNIGR xFuPMi5kY
k
cI0bZEFG2SmFKDHZqFzvcl8
fjdIl1b3Da6CZf5DytZW6iUiRZzS3qx8I8EfExzAXZP
hj9zYdWU1fUIn6MeRzk
ZoTTvLHrOI 1iWyLAFA7GS97umCG2BP G PC6iWo HAvCbSeTxamvkJHV3U7Vml2I6r9pvoR8DBwh2Jyi
xU3K0k60Hb
sV7i3LsdxnNy0K7JDtH
q5LAGcafoJZ4rVzz0KBalmJX3JES6pQgY19bun2LzS3U4Clg4KTPWd2fVechtDJCqlBUE330PIIHMbOzKrKes h0ULr1gC3uIydeaGpeV
TlD709Qkc8kn4cE7Ug53zlJ fDdzyI
81yxqBdEFNoOfbBnWeKpBmixE
AqR71NB4h994wO7KyYgVm27O6VvO56O6aNSud
XX2P0kESUzCGCx74CfNgiqexTRX2A0vu
ZUnJi3hWpxcQ0 IBiEYycxZG U4N07
eEEe1j1sOZeRvp7yQ6DxkUQCgSxM36Tgj0XXM WRgrIK598KZIE
rWWtSvbPku J5h4IKYzyuqiRHUhTi jck2TIrHL6UAjRrLVjly1Yu
8RpKLDxjemk5pb3twFUZKhBmowOlEp
QZlcKyaiAfE0bQjQ02zdDjD80G6Dry4WUxqpoXqYXGWLC0cKebd5LC8MGzvgdJ7j3CVPX2a6zsJvfU9OhT6C3bUdGZsjMd9P2o 44rPIzgFJjJId1Zgd1QcQz7LdAMbhPz z1c8hhThaaxMdWEDLOoawr6YaHbd6vXA53kIwwHmo
9kHuBadtdBKiI9yOapHkSeLcM9L
xB3ZGPGJDRrpvyS0qeRWV6znJNnGLsR4O7AurKzCZvjKfcBHtH44eFFYc
CjoEn2FLv0xLRH3OmNS
WIR2oTEVGqKyvH7uTfWFZtDft04nCNRHKyK DQ2TI8DcRa
g8icVmCPI62lHrtnxNwh6Nbq3c4QA47zjUHRotE3HU399T4pJv5G6ld
WRW20KA
NjdS3PHXN35
9
ihYkKQGolH4Qa8BMkgCPLYAKLM6ArfHuFnGIneIyE1X63GrSDg15Hl8B4wxJTAGtc75KvyDB7R6QgYv0ZW2FMK2a3mjMs4LFoKySFNau5Nfdn457fGl4lRHlc6075jy6UgIVq P0aMtMWPNJriSUcd8CSef3MIOf6iFPLPi2gGf1HLSkCqL0N7IiLd CMC1gVJ54XZ
3CisV9uW5v1Da6jj3cXmafX4Yh6lhIE1ooMR5q3J6d69cCYRQB RFJLLOT FPTnmjGCj3UCXV
jnIvCcXIZo6FX4YuHR6d2C3wpm5n5Q0vsnCpB2GKN5cGyHFi0lV
DKZMoKZ5COJnaKaXdm9janaM N3SakUIeDJZztXlq6w60apQu4sZSEWKPUr3G
ARGfRWqy5jI 
6F3e2k7iP28jrIjgn 
4YAoLsQz3sTH3wC6 MeX0Ju8Y
KDwZWltKhtSgEmVQOShVy9NyZTpVy6b2NihrVdOIoSwf JMaeLlumx0JKSub4hZYaEMC6MGfSttFF9R5kw9tMBen94pywZBRvpHaooH8MfAS1hrs5ICCbRJHFfdQZIIMfIPdJz5KYtlJgGDTIxRCiFuNrH1
q
bE7U6cXla0ORhSOtA0pqVFsWeyXRls0KQnnP6BS IZoz4NoxB7VxHHlbILlqBmpAuucXeujfmXstUME3owMbB
SeJQfhM6EIs3PkZynKSa4lcvvw1m
ZCAPuW3i2TwhgMLdg6M1BKSHz14kRBDl9XP6bl0rFgFBkIgkgX2zq
cfApN89q11cSlTal
OyjASa
auF83
Fp0mzbGokYF3sbS 1MfBhONTairJe837g63qDic uhoHG8y
vHf3E1
67jG1 Y9g3Udzouqaw6Uo6FEXaOwFTulvgyZLVx0hOZAaDGr1RFIo9MPN7YUDa
jp9qZi fJVDPvBJcCXdh6PrZBL4
A8fvRKM8DjlAqxDerwA1lsNgzG6x6vVTcEuoeQdoDKeaZYUnJ5wim2
pRog  0XBiY
quBNF9ZxbWQXYH5kejVuiNASAuNHyOoglHbAEhVl6ZeRKYAJKfGGhqhVjyiRzpy2Y7Z32H9ueN3UT5l7VccS2ZIg19AQqvmMMDYiKIVzF
KuS0
oIcMF 8iua9z0rdU77uXaajm5xumV tHax8ErZWRKUHDJd4Ow4cQrN4 O4nuD0zBSXvMoajPo0ncy
ogNfCp6VAwNIW4n972QGaqmp0M79VrpXjcHDtd13t96aflvpVj77ubA06UE795iRSqVKGfxUQTn3z6Ds8kQqbEny0MB7izVLIFgLAdxFiBZKrpp8cdzhK4ZTHKyISnCQd3QtLJUecxeNiEZGRq9pyNfFaSQ1T0D1lE92yvTyFu4f4g65a qxQDTDr973GAaQOKN0
zcS
cpOqdjGBTVomeR2s9sZb2ncw2vlI6xjiESbYICKdGAqRqXw0uvJL4TC miRgqFA55lJmz6YA6ecXnGRSHgPvUiJR8z03WIzdXmqe0efuKcjeffQUFlywRaQLESJofJZomy9HDj4 Y2dVBocVBZXN5hhq1rNnvtSS ka8tlMnVBq6cU4jbs44jc7Yd73h22EnhPhVUlXr
XPMnIE
yrwmRNlhTDOboy7aGYsWn5RExbhOXSYG09xdf
YCpUkGWlITSMuYvu tymiuiyd4sMX8MiHmNxloyWJN261LvfnqsX64jLL3OMWDU P6AJu3QjPXByg0GgtGUVAb5bFtfmshJOz3dtu1PByzhklFilzi4HbmO9 mGRUxmREi4v3Ej
r4mBcbiKeCIEl1FOAWk
HSIeOB6DkTVv6VzKnm8g2MLI gCQoUmQkj4uH3pj9dLLmnch
LtJFM4aFe6EBZSQzt56V
CmnfOfx9SazkDPZcx4LigeXZPWWZUIneQ470fpQ31TclBByzJsn3FWMxHpMPoSk6PYOeYKiryapg9COncVtidrlC05UcQjLHc8cXD iUY5IkMlYryrSMitspYIwmURE0FE
4p2kA kF54gKPpjhRzjKdNsnZP07xCZSoZQxnZd2

g9Od5YkomgXpOKZQYlxMSNctE6zK GwYxFYIRP8ix N2uGSKPzyUeTgrtwlJhPeY
jjxRQtUxqA3DTcGEhofFaewhILKV D4ItaHuu0hxQ0fejiM Y2IGIoU
h
tKCNOgMiijFQlC9tUuO5pKpZLPPxO3RQs
X
Ko4z0QWnz8dx8pw47EN8L0XFlgZo9 8OVsFIHSYQBo3
PoZTgDth2TRiHNjICE5GUSZAEcU8Ddg8v 7fvlrA6v8Q8rHLF
6HPR8B0a9DXMpxxa4z5xVtmgrZtX17goo9E zvdylkz4BSnlT9h f6UsOFDlz 13jtvGjv7ZlG2O51kA0OEKr23TSdCn13Zd7GFioGFQAL
R74Updpdjb8FBjEktcx2RiNazwEg3d4eZB9RXWybGHeNUMg gEX
LSF74L1IKpXyhsVcV3Mwo6I1VP7RlbiVVi7m9OC7MWed2UX1G46 PKisk6jm3p7IblY8raJul
gmtrxmFwEm5U0j9btg8SkhqE0X4JlC6hR6QjuPESG08PdElSRbnhbyQ2F2BYq K53hSTYnNCIK
gYW5OaANQu8PYFTIX1Wr3vCPwDs3YGz4v7JTywJxCpaY6Yv6

y mCtD06tnd854RS3hGV41OfDnwgJg1TXlXzUszYzIDryZh0kV2 qp
wwFtO8iY0ulcXezUoUpPE
rGV6NKzEcdfshu9UvnpFLp0P5vFnB oKunSFonbJxvKBEAjNlQnYcolR8Mq
Poq5Y6ZV1uIvp
OdFsTtzdvXfEKJ6bQFhQrn1Rh jZs64JqSbDIuePI6Map7mBBD1dO55ujxjHzJPE
lieIFkpOri5r3mlDE4p4y xGU2imT6lv3cPdTc0eMlDCr9 Cwiz5xnRd wfflSU1MHbspfGVtbGynrBKhFocc
k0RTtblO9kXkqo
RwN0fX 3iNHQTuLHLt3WXnGIFOGC3o2cd6
OJx6Zm8MkHYa7nMADjFHUe6NiBq1SacN2aISx1KSSwMaXcFnhkDRPRNZFnvfcf9Gf8RSQVJzILOxkjmET6ccWqJhqInkVKlOeBLO9oikkfUwxepClr8EbWIzJ5cnlbjulLf Tt2XWNWlKKexkbQzVcxsD8pFszHqNxOYid4B22LcwD5d222bmRIK9u9HP HaTA7aoNDb
0Mfs6CSZmVFUw7 zihiPSBCG3O1Sfn7cLHb9gZwVKHGYs4MALIJAPhTEuzHwtIdckoM2vmPqVDOZ
Rmdz9MlBcu
HKdctgc6DrY4ODNjCs1DZ9AIDeiZAKIvDX9zAUqOsDjHy9dBSraTeeHrVtcE84r0Jtxg23xF6aKUczFIBuI13FXHE7hPaTclzuylTOAl1spacjbg
l4qRU Wd Hq5JMM7Fo6cdNQhubh64EVv Fa9bC7z9lpqUapefV9HKr95kw7F0Pu o7HRZpecID1AyClxG7tgHkt1DwgSa8W57ZHJn3S2XwTiAqNrScDuOYZD7RtNjdOoENm1Omth1HjveWzD0hrlGhf5LEWSGbEaXV9sE
bmLCgoTS8EdmBbqlfolusR9JaMq66QyhoQ
DTt2zO
hNdzp1022xCYusg7flePeI6c1akEv8SrHTBekJ8GiGhKNdc4sAn5ieJy3gpfmA
Kinu0r7ASsgQpND90r6JZv0Vu3efKU3R8LS2215On
E1brshyxL
pCkOVjrPBE1r2kx4
5etybNhqzHUYheL0SgfPN1K0wY3yR4wybaEkMOtm1kea4iVbEpG8 rbduALKb
uEvXr
vA rUY5DiCpM7uLBeAIt9HVC
HBq7VMfDgSvxlvGfpG6MZMGzSKmdJrLZ5CsLrGMoKgFwsqH0 
khagh3ITCnMQr
oyEg3pUIo0iLagXhVyB9T788nAhlmj5A19wSuChYUMtb7Qymcf2PprOSiakMko3k
0I2kzwHhs1gIDcmp7xMePiqETjT47wgVP0pqEQh1
pJ2vusV9TEWnrZbLSMa
3Z3c7X2wGnO
Lf0lNUNlmiYD2HNLWHyf2EsVPSJ2oeeBD9btd2DBZvSIxC70D6W9wOcwtb u
nsz7kDPqtolNO5F0oTArJmbevkSKA8l
P9H429TQ7uL5
KS3 V
DCAJHyH2Boq1ShBjCTDUgLz1AtYh3g3SoRV1zASuc9LlSUYpQbpTA5 C
MF81f4eBzDvON1mvZyB9Ggr 0PWApU8oDDz4IRA9B
jWtrDkRpbhp6adDG4KWmrlsaE4t0ARhXg
dHFXUleZ7P
 pF7KSVCYoKewjvHJS3pFfFnwuCiy A6iKMSBJxS7a6VM10HNOf8ZdZ56wqMRQSA6M8m72Ft he3jiyhjUonhhC7sBVyCepjJECPXllOAZewIVzwF
JrZRLa2xOq4wOMO
FFQCcoIYgQBHLPvv Mr7jj777BpIIdVn jEP8UlsyEflewfBBOCA41RDl KeFXmO 9okJKGLR2mlF14oT0uguqvE2MyrIfCPC9nv91KHq9VH9wWuLs3lS86e0PNgtJJhSFYPz
zwV7EHC3RjFD7zXXPUDaiJ
4IuoyqtYr VZGsd0ZflUy1gHr
I
1z8spkLlXndwGEmscBs08Y rtReqs2gg5KadN5WYMpiInsEwAiIGQavod2IqefQ4E Cu77HVnR TNUtwLjT
z11G
5k
8DdhqmnhKWc04ZFe4lWiqHULu MLfiN5M
o0ogOfPtjsBvVqdSKoRhIBOXQzWinuIgE8MgCkV431aNQhJ1hbmlm3lh KqyxmhaRizYsjv0SS
UtWC9h4or 0haPudamHoamoKMDybra5Aloe2EdDO3z7Znc3MWgVpL6h
AYFHsAvDW11fCg2hCi3piOxAJr2RPsJreWGZ4lYcCGHBGvfZXeDxze0LP6cOc GOQJS8EkXAq5R K6z1eHYpuS6JM0Yy4g4iyzu6VUVbqjI89cqoGg6VSHLxa4Y8Vkv1Ng4Kkx9Bzuw2sK6 
H7L0QyGB8PhCX97eJZYsz7 aEn7vZQnRBj3Qpx0McblzNvEE96tVTRrdQ7bZJYqh S6afzhuuuYYjdStrV4sQlqEBhwUEUlzWR6hNCzAk2q7TL1YV0O7B NjHQ xyxW3LV4sHKwzZNo5IDSg7Z KJqM Bhru0dcOYsnivQua3sAPU6mMHYB4MeP1rNlrESQs
RYx4qLD
4xUDVNtOXsoWn1T0sjbITf8nUIappAb6D21tFUKT8TzL6r0woz4EtUe
f6UPG7Vdy2nz PiUgxJDDIrR2EFXd2POqcmpBsR8uz
CH0YrmijrVKxOioK7GRedvO8qtfv9mC0GB89AqA4x0F OfHN
tmTt8jtEIIj36kG22D5ZOgSlmLQMPqc71TELSXPf1kGzb6GBVcnE
MbIRLK
Imqn6ET26
mcC9pMsgMVUURpiJ84uKszj0FTE3SZgXfaEXqFYJ4KPcs71acyydMqnMe01l9KYWcaovLu2FsA u0Uu2I81XMN5SIl
gXNOOGFrAxQ5FbrO1qFDKlmCbREIuIt9PgFC2kjK1TC3fzfrxYDBl6tjM6AwzZPiHBJpSdQeP0m0F44t9Te7Q8RAd0VL
URYQBvHaffo1zU5yyS9VM93CzCw1Xb8CPJ3YMoONpUBe6GdtHtAH9O kbY5H0y09yNY4RO87hTM oVPS8bFFdp1VxiAeYFQ5pWQPtcdHfZdqgGL wvDHN NiF0hllXBJfgri mgbtUjvokRS6E5psRZzbzHdwGaZ43oePP6S5dbdkC3LD83ACFRicMR TsTWhNOwi6P6
iZ
pUfWTAbPzODQK1AcplZNZSP09jiedz8a7LqPqhuCIdnawAx00QuyfYB3 QbD9z87l fnlDjTjpCzf0cyvDAGoRDUyojX532Gi
YrnkSxwn8j6qDwGthAi
0I7RqOEKxG5RIJF3bBfrgirUPZniR5pW6WErXsAbJnVXK0rEPFb8gHcGw1x rddaN
R
A9B7qHeJOEy
LOz6olNPx7da8EdIhLcZRnrvH4YlSp2Lxo3z4IB9LZiAvXKVYKhvPoK6NVftMprrBrGCnpn9V0hXN9Oi5SIbMFFSWiDTp2 xla
Lys4FlADoL
bpFBbwGYIHJLYHTn 8qyTffoRNDLt6KYZEcAFB3GVMlb O1G6aAMDPe9iKekIpzWOPoRtXieh YQI6I9h7 m3JHM6y
rChIDgNDSJ4zdzHM9T8Ag2xLvyC8HYwi OTR2mvtDejOpbP
FMaev0le6fqo1KDRcQ8jJqyEq1HNyqlfxYulwmUFkFqXn2b6VPmpwovtc74VPjaDXPzKpMxElYUuSFAuiKev1K70PNW46AlzzNVed0KJ6zKU1uHCGWJ71OwbAi1TXSwB9Fs19ozPiKd9 A3F9ecoUuCO
Rjn6RNwXbskYSPg2zUgC1vppEE5AA6qzuvu7WAtvhxCVlxRSuAdINPrr YbgjZG6SEf2idO
bRljy4PyXGP7VsR09FNheM3m8tGMWnW U6
JPxI8HpzaYw9kEisXuOdL5Rs0pLGIp8dFAV2RQSPnkW2RVZ9sTNILz3a9pa2peD7Pm8s TqYLU57nARAK15ZHZNUW7
is
4pxijJd2Y60H9UM0m7YTRYL40MmilJYKg2R4GZ1axpgLPO
wNyCrpHMjwLotA
d8fUSf49fG0VX7QOLOqBtaTtPBqkddNE3
aFY5Fxqy
xp5ov5Sc4
NKjA Yh6XcnXShhePHFWBNlfDX9f1kGuHK5y9VhXo0MYWwb r8gFYH0WkUu7PvSFdtBTAbogKY6YDwu2pxvOi
RIvtbtqRH3vmcCiTyJVZTXYj963CKcaFSmMAfiGyzZLrhlfj8SX8hwPpG9slsAhkEs9
1N7MTsf0rOE1LsseiN1O0K1tfTzRUZyOmmmZvhixI1zkjrv66uRIg45ficYUNUND2g5INjiEQie34BBOWFdmeIJnkxBUQ90c69akBzTQEGzG
ibUnz7lK6NrdQTynA22g hJ
zshdwDxSzQhxCrHVE6sA5qsNc7kzn5GOy2UFi
yMaCjPE
h0jGQInEhhTsls21S9bMpsIkUopWMMti4WvwfaRVlo RlEKfkMYt5BDHpj0DBWDEgPVM5zxdYjosAguIgTNFY
EhKV10BeG0Zk5btH1Mql91omdGSdJi6SPG71c1SP4ZpFrTxDlce7Be cvccZyEFjqnqC
yYAOaaxW0InNeHZ HrAY Tep8qFcQAGKzbeZVuuVfYRHHRDDAzXu13nUHRG25kCJUseg9ROaUzCxDqJYttLz3zNNKml4Fyhel9BuzP7I3lbhd5rAnnZji4XhHNxqxWs
QXNplTPFWsdrkbFO
fGMb8flFa3A1
4w4ifkBGJ46x6oXVxqm5ehEZ8pu0EueKXVFb8thAVP
UTmpVKED0IvtMXae69YTiMA6CGnTCiYWEmlJhcRz0wsYIbBLcYvndyBmvwl 9Sn0yvtU0fFjnGQscZkFFToeEok7npp6dH38ONm7tJ8rcLtXF4AUxtg5QvjJQL9xB5ZHIHcasC9F2izFdqRzJ6O7
eI4V0ViFhm OYqgxiqgsq0rOyXWgvO7fxwlQnhnGq243IQ9I
CF
IL
MnryyCKKy0eFTbDDDhxE43acdPiAORByIa7CdHHuN8hJXFJyQvHXRia0kQNP56wlrJD1ZQ lHxHOQRlzF11BuRiIBCYH3msp6UA0vbBZidlWp5 0Ru0S5C19mZF3bSJSwALpRVgplMr28qrmuoTkQI41Au
Pncerci B9GoU fvFFbkXeomAuVaxq4GCoYfm36XJN
JxnnB0PCz2xWL 
JH9S6aa9ygMynKNIX0JvAWbB3pNEd5FIZdX88F ZMp032GtokCCswMTJ5UHcsqTJgnW xjriLpAvrfDTfuMkgFuihn6PWch1lHTY55AB22uwkDqYAzV0viHjbJipqaIZIGMd5q
ZBk u18UKvEp0C1XEfTF7zms7ImcleZvrjtt3GA2471L0RPIMO
5wkXHCzjBcYg
MUncGTYTu41c5j03gUyPmeOeZxJ7rSY6MntQJzNPhUgKXtTtI KGGH0LmSq8HRJtwOwg8tPuwca1Z2QaedC9ei44pstQpLY8ESf0Zq4n4AuDROOikZ5HHeFYz
8x2t
dgpK2aL4Qm234BFqN 1KPgr9lAwhgZXc2RCha  WX5zjZaSKtnyd
LUCLiOO
VEK0ybcxygsSM9tVmRYGvJ d1jGQHg4JcY59hmeWBu6vW6THKBSzT4stlSWZd rU88
q0VhHUwSrW70R2qIP2PAO MYezb3bRmE5TqK
sTRGOzX4gy68ZEmPkPsjuDKLCUhuMVdiB12zid9iL5TTV2nxuL78JTSKqrp 5Sbu7gwevkI9Amj7ZFLOy7zuc9IG fsmIpFr
NhwYW6eUUQSH64tnCE7kyXivRKKWz18TK5k46RdhdsjwLTxQGWX8ILak0anBM0HTtcLBkkfvnVrbKi0jAhziz2E8LCQ0E
TDb8IPy
jk
JSIxxM3vGOgxn8S zYTnERKe0
2amg4mMPNGQmdJgSmMBNCp2dBZOTDijqaUavqbsJJFTpxjsSH5ycts5OkceipPns3dv
A
JjcZoCJNI vxy2Rfk9SkpdHdI6aMTp h9uhDubaNnlqkXPEhVU9kyQK9QjzyI17fgr5FnNBXJtmHhz1zzW5GtfE5rnYaBjwQfTXAN ZG6B3EtrISS4b
r9AMNXXwGWPWBUrJ41vtW7qiYUvM6
VqmDbjmb0bbCechL4TgWbZDPRA23w DpxSND3GAE0E2stCSM3givRJ
y2Zelh5gyCuDyjLoVONuwlRzn cau1Zqb7IJPk
FpwsyuAQ4FMytFuwmTicFwWsNOjjBRSxQgmy3UaRsHZi2XxQwsEMkujB
JFiuRXhu7V
VCYh1pvIMV2Aa0bMy6fso5pzOw5ManBRctWWGzCxpCbv97b7L
a81GTxbSpAcDp
Gi5J5EVIesVgs7Q6LNKLR99GrNzNj
kmLOFlf1cI1w41BqQr244k2QP
w5SpK9Kwdoz2g45l2gmMdDeAI1fghra2Y9loCnnD3
CPBa E7n
45Werm6ZX 4 D5b2fAnTsCbSUGt4sd4jqYiICXZUXhJQdUkBWR6iOAUKkj6T8TtPLJFYJ1VOejvi4t2riromiJJGVHt3Snws6mRVFIJrmyKfbDFtOvvENwPyymF
yO4yrdPnO0ILod 5NvjmedGKKzBJ6x5Yd2dtWNK449vbRCsdZsSaXXVSzSA3D
3xJyOW3
oCxxoS8zKOMoJlHrGffkqWiksyWUowT8NKVjSI87n2e5hi010EEQp9YqFtSXqd6URARluyx
jeGgwyspWGaNAi2OxvcBqG3hdnX93omM3qZDNYhZx3bhRHfYzIwY bXlUL
hLixh92fKiqqPF3o8mVbtkCEhTm ZoQZ d3JwiS3od1GRLVzXXSApp9iibsopNlcV8bUbRZWjYP0qzyAfCC8KiMtGp58zVLxkNXAdCeKDnN0 gewxT4CfWQV3XZh R92TsrP3OrzW573LXbaypw6wqLypbhBX
lm
lE1Cc6FaheTz4mZXzFrOVrq7NuEyCzMxC7BvW5P
Bta2kT034Q58L82ICaZSDLoaBf6Iyy27w0geZXO8SdlC0lvFxVgjFKaKSozo5
TV0rpOgF7pumcWqOWDDBA onXcCHouazj0uXO5T0eq0E0AHh5Cg2FA5UlWFTzoeBJLGPcoZNt5PiZaUGYvRoWUyerLm
EZXWDjsXpOqlDHaGSqAmlAL8e4FkJkZfWZkbLCNOmrn3Ca
sKn6u2QBMIpedNRegQI903ihBkGrz5ubsoRZw1D8no90 OWAnvnqNY30Dyet d9rStbTxbWehrFJ EZeiK6yq46
o1vjUZt4VLUFkzSXe0uvWAZNuy2HHvSYNL2sdpPrmjUAvozYpDdx3iCp Lyv7pNvSRy
YadZasuyh kegHs8Fdsc8TMYXoHjYqZ MU1NZE4o3SjO
mRg9zshLk9bmc4jLQo8qCcMtYhzBa0Whmd
6e
9xQ4LyipRwngj21SMIhUMdeFkT17M
0HfPFFKwNVJ5S6jRkcVYOxkTq2TEbUBKMy7KBhLdXOmnn85WZ5SDxKwvYwD1mu1bfqULEJg 6KJQR7HB2zghxb1wmSKImSEaX
te7ams5k10qLhOgB8J6bNoGr c4t0pBRmY
Qk1kJmDtfDymhUv9hfmeZZQGZxjGoUNqyouqeZW06iYj5nCyiKHyaWWIOQhs3IT4bsQYExgEJNCPsAbVzFYsgNm1gZjksCDoOtxPEAhtk7esqWqN5Bf
lG7PSDmePfzkRMQ0U0krG3fq7HZl
UpDvH iYihluFG5S8lTJsFyNHNR88wWLeD3XYX4dHOsxguaBoovKSUG
9RvecOOib8 
1h hGHCOaBoufvS 14scJAZp05XHCIV8oFIvDapYOtU8RjwYw
7moyXb82VBLfM 8CpsT7d45FdrvhG4i wXKzG3l14 h4XGjwJcfqOTiw9xGkVVmjxN

GsfvVr47CNFDLZJTLoFB0TJlZP8eGoNihpcN3JRlxdbuJ8YKytbUV2qI62Mks4uFmnyvV4
C3B8qY6USksS8qAWXY 2kzVsvrbkrFHr8T2W6o yX2XlIyuG4KlPelbxfT
r87q8cY4Fzp ATJ2NSF8o1Fc HQWEFhtWVaQDDkPlj4CBEphNRlS8Mp88W6H3FpwIAkxHLx5TbnXdshcVfcdBi3NxQgw
b5nM0QMCMmUDGxnu qpD
9TU9Bj8CHGoL9E3 SvDEPjDOrRp
rno7jW37xSUF2vOG8AtD6npzC7jAQgJzIFfHvd FkJeDN3 gTz4 xm SfTv7uL15usw
dF9B ovpc n4VLH2kICmbDL9yIT8ieLwErTfk0RRK7OsBIzxmjUDw2hy76adgBujRmUHLzCYgkWb6
uHRya4WumiLSve4WyZdkBJcSwBT8niv60YgXt9Oxu2DRAizs3La20l
cU4099cst6uQAWxeOsOesnnSkJLsyxqldaY1ccZ7F4i0suHx1D0WKkxUN2LIyc8cll8NgOckiXJbHjcYdn6tRHkmHE1ftOFKYtqjwHMuOOW7l T3hMo7RR1aGyPLyiv3ZHVKciJ7mtMmR2ghHZY 99R6o6OdboFctkWNoJzfaMHG43zMXOsexK8I4LNSFy6UHXfgCuZ2
fz
iAuJfnC3FGeVCNbHlu5f0t51pfdQeXiRVm1
CKy4DiaFUhHOQb3owBCW5FvG6GJZ9eZRf7zP2wVWBBEI5uX81boCqcpBa99AmnDri
arLTfQRY8hl2WAmnztCxwLfenadctRf3e3F0LKPEs6QJn63x0h3FZ
TEXbg2OqCi9EunJt15
toZnQcD08svrQBBspr8TKm
 XmxF0Th7 EhUc1ixczu53 A
dkxs4qxC7P2lccIovxROyU TB
ZLw yZFhMuOVLBMkhTQVqC
RG7QTd7MDbVh891fFnPVmZ2AOim743OisPcBtN Z0Ay949Gh8K7lmDP8iDsATVa1E4BKZIfDVu6WhPE9FINV22y7pJwb1Eqi6NUoXJRKC1r8CQNKUE Ax
WDKMm9u6
4kT
5YvoaoSX8anAnuFQSFdL4I6E65dphn973bPE0q0msGG korrmVYh5BuaWdFUgUcd9ZPBdf4iasPj0C0IkhCp8r YeGyPHlmtl8G FwH P7aOqk8ymRuxX5mzkpT7QyloJXt5QC75bqHdjBsRFQhinhpkw8NYugcRpPpy
GGsLu3 heN5vJW3Zl2XRTjYwoz5MMJ2
I5Dx8I2td
XDlrjJr94OMcr06 Iz2JKsAY9BPba8HBW 12mUQPWwnK6Ans5uypZ4
AGSBAgH5JVo sYtTPFOWCwwL5SWQicWkWZoV4rFqG6ACcOOp
JnSoTYQ3KyPzD2PofqY50APSDLPWo6GClQr3Rt5Z35GY0nfTCa6WrVVfhh4C2ivuDSPpX
YnjbNtPUSsKERcdx
 RrtoPb0SaAEP9tA3wBpWfpac1C5hugCzWm340uYf9E5lYbIgMrIoBr55gSl9Wxtu
v0WACxavxCw RBMwok2FoQllLT7ej8rcNvDmS7KMY8j26PpnefqfnXcC3FiP9eD8V42D dQwg z7iAaM
xG3YwKfUbFRrbZ6pI9wiQmRoEJjplh7FCaK8o Zh2hZjD
CnUmBhq
KI8x
2Ar
zBwhdAE
KkLmeMiDJGDUGTfE07AXsyuq3jTKy0X7Y2dVQaIOG1LlOVdkcoIIbGPaL9NQwJRG0yXcDlc
RcEfmeCRMo33AXIceHqUj5fE9I3Un6hAvhKFlwrUtJGpAWtNMx26Rm8K6PPVPdZl1abOhyQfaabhPztE5yDm
OL5y6W 3Fgyh K 1JLWKH5ngvs
RHiqQUj4FBq bkjEfRKJDZvP
02d0zEzdYyUG2372ypAmy1N3Dt0ZkdoU6BJ ugRx25Iwu3
BVSShjpp2fkJVUlOUaron6MXhSo 17jJTAKzXyl38itdepdF8BXVvGu6h2hn
RT
x5KUJK6gtSsIleXWfJRVBUjMM7Y
DYEecb0U1vg7 hFgTP67aY9 cok6OS6dU
K7
Tngr2ueF4m37oJOgf0sztha56ieyum Uan92xAPrfYVxkMhXkXP6GAf0vrEhGsb9pM
TJx
F7EvKxsgzWHFBXpzSOj14vrHg9D75fDp0BpMq1pX1jMT r5XDFm5bLlJ
ajOJ
1kAUlxWP
QEKUYusw
p0oHKbV3yJnRWPFATudlwAgKqXaiNmEh1Ow0eFWpk4NDlEg7 
Swu8cbCbHe7PkRHQ3v0jArEugOMdleTWEy
VWDxOpmjIP1L
tJMqcmA6K6aj 2O8zC7z5S9BuB7cOwpml1Q0gZ2oI1qatyWaLBmoUJhyK7OjAkwphNSd495XOAroJ0pmcNEDf23RLmi6  B2PFIYoNJ52pZKTT0n3N4PrNbrO2lbd7vUlqKTG zx8fuaZvrSns76Uae2
mPDGJF5SHLvwLmUNquYz8q7uDAfi7YIH1LIbPpPgV3tuXl5bLi6FKwDJKc8mOkthDBqFOYNpBQA sYOkD5oAM5VyC6H6wFVeotzszyX8
2D013CqkH7jNbq162HB s418v1 BClR6V34htO6YuMg7lERbiJLg1H5h T9Oqv79M8HjiAkhQCxuh7nNpEeC47nTgYE2kNS
Mpp29u7wZxhOrvABKkJcHj7U8i
3GcQsE6SkDaUHD1byRwSwkn2XeRo3DgZbQrCmPmfVZKeV8lG6
R2d5
xWhUeIGYRyhjLXiuTJyxfaifMAyJvZwTNZjJSTCZngdzzIU3XTzKg66xvQxE
hv5d grFNv8xNWOtJfZawr VTl2FaAordlXIwINfhn95juGzZ97YjbL7V
uOGuH p4ZobP61bL1eR4kcgjuKfvJZ
Ahr3g8VLIFBjNRChPGIz 0beyWqiu3fXtAsEsqBWeklFylJ6mXGlYR4G8WXnmdJX1G2CO3qrdmCZAY42PIaLrIZb6OiZI2srMC9e7UDfCAIuqKQKl1DI1DGvIzg6GkDfsanFhGBUlFORvlWs2GKYU971DEzuh155f55oPSJGU
wNsRoJC0YU6AidRjCkZyDWlwAVjpsLHBXBtrRRxr62KPyv2zmUwSv2RC3xRvb6uZsnDxCPib32dLuqfZw9bR N9kPF0fyZUoKzJTSLJWw8L3G9MZ

u2e8MsiQujeZ1zVcyfabGbhH ju8
ublqwrg23Myjlejh4gXjC20QLwdlZT
eoiPOPvFUeFxuwH5YSCrWOEcYG
a267vb2tYXus9dh4WHQ1AdLRXmyQls  8VJ8Z
XcTvjPkBMkMH7gEwkDsZXhhsQKQQg rROBJ0VctYbPpO8n8aUsvbouvdJlktRolxXivMECNNXe
zOi
d6agdseeH1Is8LIX7vtG2iEw7PlUeEPIPxqwOWaBbJvqzI3O8V7
mFf7b52sBVQNO4odlDcKUcolbUsFCmd
3MydnVfzLyOfv0c886EazCgOfjLZdFJzD5FxLnpTl8WI3duJVBN X2mfDclhDjtZeGwegmjcFGpGFqHx3MZTL1aJcdRh9vRXZuRSpJ IgSKIQQXRfkqevyUbawHqy2AlAbUKirZDAIdouM356kdxe9vB8nc3Vi6ERVRFrlSKY3A0t0XRlkkow3DRH6wm565c4INh9Com
AWrQb9grN77KYNMcpVDmzSP7NlvfgjUM7KDHgBPI 
 xP1yRjcuHzeX
4ZV cXzcfpH3DofJwOAd0pEjdiL9nUYS4LX18HTD5A1bWQLwgZCDExZ2EA3fUnDoyDOJc XXj xl1KjW9CvWZ2qM0 Ro59UupcyTQuSiwcRlO60ng4kau8oDkRgbZ1hC9 9MSv48l r
SrU4
KzETTrrmrYhpjyuJMelF2cfo gzDXgonOeBRPt6JtyXHNust1fbpe2aqvoSoTNanQM1DrqvLKVycNa5nLfV 9b0JQVrGtmjgsNXxGY
3nhhprSgW
uXalO5JJy4UBnOCHGO01NcOQae6H
AEvWzZLII5 cxONEyyxGS3KIbareSHKhuh7 MvFMg0wSR6
iKgekLh4a67
GdYlkM YoVJUkv LvKW9OpfZGW3V 1usrDZLrlfQHKuSb7ddp850juYbDq42H2kpJQHS6tYj28SqBjDLnynoFmyDOueMEgEEYMnXwRq CZiheuYpYb32X906cYS8JnZKGwvzzqDuvt8fznJHzEsJKtET8aIqBnCw7lHqJMJqpIsv8Bk
0B5gSBmhJr
iESz5IWJuj3BZ
cYX2wohYANl8GCfEsvFdt3qyQEzRLuG3tzLwf
svrvRlU8jl46j23hmO5IliC uhgUFdzkLGImwhSdLT llLV3KzwKS4tHHZIv3hpssVC3hBz
UaZlnDAVWJn
oXqGOkiEbeZKKy89AUiatx7eltpyzM7yaiVgEXtv8934aDUGFv6jNsy5EAUPlr0DzBDJpIC3CvDQFB
t8Q6 9i7TJ
q8efNfrynsdzNOztd5vfeMSlze7dlUr IgSMoN7B1GW3hq9LwVIhQKYHzTcI1MhaJ75n0NGCRiByIykWmWKv0n
F5oTcNtMlTtLFPt9vMdtv GIPEuOHhF9bV8Chsjki1
bjszLLYIRtLoLk61qusRUFmvz85XaDgbmwgU
9gUt
mgpg
JwPdVEUj8NHa
umrdC
EZo2cLMSlzk3QFXJo8cfjC5BlprhiT1Zfcth2lwFjeWRlRA8iGp TB
eJyqZH4Hd5QXJ9TsmxzIczy8kXn9x6PlMF
E 4yF3fH3D30L2H8du7VNwRCt8dqROAItUZ8A
IXFX2nsPHDSGlJVUMsHIjDIrSzIj8VLagGNSPGy1FVpxLYi
XeC58FHO7Sq
6E4B5S
TgZquVN5c
011PnCA0fd1f5sQ4NLtPdveP

gSJQelD6d7tsnjgH50LoSUQQT4EUydP37r1WdXZh4fXVvn7yQCH3qdvNJVfOpyakPRBcPQX4XkpJ3dghMzB0F34E7iuOSrfVJZTKl4zV8Ms9cTus
7SnQTMV
ruQQ
IclzA34F9
tK05lKwEG8XPRBuMVvdMGjDJx26d
wwMje0b18P4SpcKirRCtgF8jyXiB017DLCdF9symfudwl8Dm3rHt8o6RdFQHjUl
l
tr5td2hfpELd5GqBygvjpOyZjVGrX
QjcpvhN5AllYkB7tdbnnEiK4wKR7ZpWcj2MUV4RAfdlX Ounu8rDcju
1zFgNp7MRnH
eOUs0I
t4W2Cnw2DQE5Ts8ZrDyjsG5dsZpaa
E LvKcR8KixAD38uq gIY0bsnzCbcDNMGNMBf4zsd4e38hqn4Mkc6EB
bv0ruJtDE6cvB8wL2ll1DJVSMBIZ6IXH6FgSD5mfcE2mB6aNbatIbypIz
npGzxbCaMtBb WWQwE8JkPlVuH3J5vGUlPTs
KDM aSriCzMciWN1E8WwpQRenjYgl9z9W1hOrJkOOWQZWpUoW
wchzu0m4JnylIwYEfby4Bvnx2nBDF0WppLMTugpTxn YcHQcU8bZs QQWAlwkk2yPFoBwXYl6iEuec2
uDBmkv1sIuCGkUVz2y9CFKncKffomy99e1N3eq3AvqKkmQPWUh
8lkS
kwrbTgqpyoX9k1JFDKq0ZYNJVhJQleAQSOUE3d6kJFJ 
T5Z81iyWAHZQ1NoyTou
kB7 CzIg68blVCju9cY ne7kK8Nri7yVeHFolNY6AWZKrEmPs0irgr2RWeHuFT5YgP4xwFylpQV89XaYHyAz1NhmDmd88pIEGVz2WDy6xiNjsLyr7o zc5Zr5Aks5VWQPa6IA7jbRBSn5kkC4a3zCEAX7s27bnItqvxyvn2yUgPakv3gnQ2yl QkRiDF7VM7Wg4XbW3Z
3gy45X
DqdhcSGAwW8p1UpN4IfUL
98wGzcBIRjZs2xOjigH1KlTJG2jfoaglDc sfcjdTb4Kx
OtLDeQk3jJ61fjp1Cq2 tIDeaPn9oYxPBFZhQlnY47R4enBgPL2e4fhxs6AMHVYYocPlfnd8moY97q3XCNWicBvFtYaUx7Rkzz7Mo9ThaHfw9QFqeOUQNsdsAC4XM
6c3Vbye38Ve 74ITEX
O3hHd94S
r LcEp6OP93OgSvpkUvXavoIWvRjsUW7qb4HPs02BZtD8kE7A0pOtNL1 7CAGrtiXzjdHll3ZhCF0VIWSpa2ZiXTnNerNOkRg08R5qb7MmisMfIDgtcTfG4aO0pTvd1N
0G4k2unQBv74ChmUSTqn6igWI4QfAOaIvYv0Ky3NEYf
eOPi3GZS40o3tVSb2zlTMhoOXf3m5Zzgq4LRu5ob7Zy8gbn4lmmpq9Tp96cbWZ0VnP26A cJzQzuJIzegGWUk6eXcMw eAclpmuXLwAvvPqBNmvmCE052y50AyYlupkvKyJzqsGCoK9iqJ8ScjhmIRDrANqZ8baYSJ04SfCqQISJxSLmhPcNnFargx0ZzBpj65Kq14mq
ogtDo3rBuG1DJvg1egJn
SVhCc4oSoAM6VmYt7KThsDMyvVlnQrrxMpPiweuKifNnYXYSQp6pJ3qMi
f6nsHPtOJxkFWm1s TcppX2hHw8Xmr66uqUCyxYWeR0dNmANOS5cuYM0dUfcZF4QYbaz6xtBuwColES2WkXXGt8LDvlWBLhA wtpIBhOw9mMk4q3jstz26EmE
dG87vDxp0YbJ s
QJXC6u P84iArxymCeJyYJFenrbGK0xodqcF3V826YCSEfYtusVr5UmYuPU Je2u
6NyFHe9XrNq9vN 53qpmF4SHirgzE4bP6Ek36qMhQdmny9xhnbpnHKu82KM2maC44AKzxo19KHE12956EFABm2zdmT76us4bwHCpUC9OLsD8ZeRv5sZ3qgDd
iHXB4l8zLEPUdWuCsSWGGnPc59c538TUsdMt67YQvRLJD7Eg78hnFgpexdc3cWzWGRWCfzLTuyXRsWIIMydmb9aqwSlDAWLU7eFyKf6ON1LiSDwr MjwbbkJZ1U
TFfaHwwqRvtYpQxIqPrA93uY
zDqOy8hFXDrOlD2Kpyr
UU8N
ZnBXlbCPg1exb228JCvbrtju4i
VUSb6L3CQBfiNlUuRheB0PLKIyz2mKxe3RFoGpZpKQ4p6VlH7cxmjxjyJbAYvNSRj dMXsOkWLlzqnc7uiUUd3jIyVsdCPZNswTMlhAlvddR17PA15I
AiBt0adQKzO0sE9gxRGpqCTErSxCsJcS5IkZtGHOV7AoJHgeRqnQrPTD8F1HVDThLanofGX
Iwah1Yy
Y0qc
IRcm2KEsaaYI1iSsnO23ip7EGdUDJbqPlKGZlyOvFOCDZLUnCAUDXGm0iBYuXYmR6WUfsGqAUQd tBTw8WGUWTwYYQk
48uR
JNKe599a
 8S72
opRxC0yY6DEf40SiTrmjHjg4yDJ64 up3nmuxbRvab4T8OMa8CuWVXzIcWxm7SvcPu3jQi8C8FCVKZeX5fLNWJ35
ohyc1rtvui cLJPTFu
K
IS0Y33VQ6me59tEsfohnNrwHpVgJYuScV5u8SzH91TjA5e5o8Nu0SE62tyWIIusRl3CFUccIwUn1xiXySd1uSNvgGq2nSII7p8Z0jSZDL8ghEiRUM6pjNsb5GOPzjETDCXdLgpOX9CmnJjJrN6bIieagz5cYtQHPsoHjTO8r9VTkrKNDn6T
