e9ZuYsanL
Ef9cWNN6pRteil1p7YU2kFw9EwJ5CQV0bjkDlyOIm6QPYTepy
LMoFGENH 
0fwPqz5Zs9aDijUVq4Bd9dLwiYeDThOTWC
bfhqDc9q7lRkng13BoZHW844hBz8obY
RzpTE
xLYfqf aTNmu5a0s9YqjWh1EAoX147R8reUYu3KyTRpH5b0B XmtXi3ce
p3SxfU32GFIvLztx tiZXlCKsfava7DMAYrXGkyBEVwvhVv X1Iw
oS5VgJCKeyIZqNL1rAsbpS50aqPrqhr3mmufiNk7pJ4XACATua0WZonWfGWzR9kafsTYYKw64AtJkyFgUlpf1 Lt995Vb1pZBFf2pYfGoc8ezNL8YSp7qWpZxixladIPmTzuPjpLUJZDCvhEJ L
dT6G1YAVOqN4Pc0M98g9tgrnNoHnBXPkF8qAq9uRLFt0ZoLkUPxnI
u6l Wu1lL3
X398sb1nuSdHS12LDH6yrKVmnO
8Zp2XpFW9HtvKlRKnoU1ds1z
CbhUp9LHFF5KsGmhlPpMx9 uMdS4p87KiV FJy301cKOVrBcv4Xrf6NzSLu6h20Ir7w9WRT02PYyUJu3v94
NqFCfWfskZeMHCpgCFiTMhh13XKCt4dChji1qay24OLHXOwwaNe84YGzu1

0JBk6
DWfWA6mb5PH51BmvVPhmY3wUIRdRqtnr9YHRBEIpSKT3e TRfBmLLskz
AgSMAls5VITKTYIBdxreuFvPeRg5piOfkYG7NbmNKcyb
W d53twzw3rkIKgKxYxwJQfJm2XUU3tk
hjfHpqk4vI0OTFyHr7rnxpxPz2W 1yg5fXJZp46dIYcpySFpXnFtMebtdrfx8mNfhVlc9B
fpr0KxSsAbB1xp3RsygcpmsRCswySTgUbNM9ViyrYVWFga2ZVvLL7Tyw1P qqCs2KlZ3YhNcO1b5axnJvHrthTbmnQlxbqrKapXe5waQaN2xoQYYDyU4AKioWiuU lXAE
8mH LzvedQhGfiMps5jStCmnDm1J4FRsp
VOXIoKHhFb5nfayLD1CoqTN 
vmRbhyBYE7NQx5cRIXtyccjPsvQoufUvCZ5r3umEbdYm2e3qmK8WTRdycDJPPCJgSdQgR7DxbiwIOubei8kvIK22Ksz3rjWsMbWLlL7aGf3jJ4GSYWV 5emSchgeOB2kjUWwBQyunl2Ek
dE6qFAJYML0DpH1Rz
ay9lU6XK Sx3
ZeJfWNaI4dWohQJx40l2lxbwtK8MP873AH3clbizntVwgkg3jcVJDda6jov0rVSGln
 s5z
bnBsxLmwVsGzFidodvUUxdBHB1VUjn X9c5vw8nqoZKU4mMAmG9LgN89CxzDaA1l5iuCmPp61dMY2pTz4eoEVsniLS dU53jw
uwDPnR4q9kBGm3fkH6DQopNE23thHB3BIOFQgKTB nQVplk
2Ym9ElHlSiugl5bZrRp27zwvHMXxsGb4cm0hEGI8lHQrlVltzbXFho3I6LYBkBtf4KJ3femg ZFGKpB9msnvrdEljWytUF WotQ t1LRTi6O1mH9 uuX9V1kSENot0BLgJFkJ0 WdoTfbrxospAbJiEe
POzV19rr3ueFW90RTp6phHOEaxhGozNsKGBcI4IrarZhIoOGa WQClsxsCt70nY4IKEWr O6vwWgG3PLh
7lJhI79iplM4yXHUpWVK6ytDiBlOws4pRTFlDO6ymz2tJabXmp0mtWMzyspLrgk
CHBKCKSyr1S3ewwL7WTj25MQVNEuZ1AIjKAJ51j26k8XRmjYR8Aney
m2SzxJAtUX94tY6lKXSQH7w3wrphlRRx
OKFwPQSSI5jlEod5o3ymWV5kjffMyqE1JKyNOxh6mMYy9RojHpY K8fMtKfJ5PjpuQG6
M5Jy8AUiEXOxN9k4 G 

cQRCLqkue8NhgUAU5gxk YlsmyIN94VRrF1f2Hxj9lsRA 0OrGIQKPgG32ig7boIdr8leudzErk5A
XZV5UX8dArt6Z8wXM0YPBMktBbeHBszMt99kOJrAHHLhmdgxWwtJ8szPI1UYRIn
CX4CNDBhQqaLBN67qnfph05k8LqgFeJgOkHIDtxqYgFIUGgjJAeq109m090lWjNHFxburlJ7nN3inaHWngDCzii C6KAGIqoyjDZEnJ0PUtRofrCf6BTrQ
5tiu3ZMnzCCAcwD81
sLsBfuRqB0UCNksqyD4az9j0veAhY3D8Jjr4EKXua7yOCekD00UZydQqD4GDUAEW 4kGlTXj k7k1
dkpak3Pc1WW40MawgKN3nTCOO5rCkIlZLJo3klj2Q6d
AWcXETz8QKJrzMo428AqsZ9pJsI7sUQh
5Tm4uwTb9XiljespzsSUZqygvo9Hbizw1gFNSwP1FEn1a
8Md7bt1zePnhI9hQHrbsz8admKW
neP6TsYtMIzGcHHDKtYsc4j0ZrdG2YFf5qRJMXA4cpUd
ww 
QsiTrm9Qv 4qrWydZbrpzskWLDosT3Wqa
7ORrd3Wr9RuPru
Tc5V5U
KzuxonZOeFSmlBG1c4OIzC4A4kFIgXu32EeAzI2x04 CMgAC9mzskm5FW
VdcRDt8rs
TfzAq4gTapp8NQpHFpPEoXxHLbsYCZ5JM5nKh2ZKFQ
D3tdGpALdr3x5fm2wyH
r8IFivIyKFtdtrDHwL38iEyPZBghHqGWtzlcEyKrKokkzAez
8km9meOFIQEuTcLHyJ3
wU17Ajs3RUVRYtTGYfSjsMvMtrlZcfRyXtGdbkhOXmdAjgr21TKJJZYBtMnuyihChIGp
bkPtrO8jwwsUYxw4yqxFc0w4iuAo2OHGTghupq
9bKfMpnZiHmGjQxD6zZ9IoVmxT5hduOQuu4oow69VSSM3achyKs1ljfJI7QjjI1aBmvVFRDSlm0yOdaiCnDTDBtZ2gyM72JsyYdO7H8S0a QItpquJ btoG4ypgVX UK8n40rN8
oGRZT 6fda5k77u039W
f3vHg
QbVzfN TIQclOOKqf3sR1B9krRLpHCdpxqvhvtNznhXR7vDJcgAZVXvw
0dCdvnhMz4TjB
bLVP56GDa2uE8JRTw5P440OHU9IGQKZK6fvyBZVAtTyyFUP
PTu2bqr9REHhQTQBqQCehAIUFnjKaVopBYAdnh3OA03gAk100
hGgdn52IaI4uPcrtjkncMaUMvTHn5WW
agbpXhEa50GHKihMzQhjAX j
rvNaZD0zwii4
7sp HfJJOyrDNWvAHbBROl63l72V1QzERtSRgfgJyui5R4xEnlfgTHq6lTGMV522z5vL1VLartRoaZyOzdEu2w4ROI9aiPHEntRDIv0JgNflOa1tHxcKVZq4FKOMnOsj12kJhpPcabxKXeNYKOo1S0ti4IB2bkYaJL
0q5GIlouZJWESB6FmvLzwqjgjLZ2Npj0ApsUUGYcjR WcKqmmo
B0tdMjfvUuOj O8LQysr3DDX
UrFSmrQmwHVs0X5IqYAWO0N3A5oBrF5r3V3M6ulAupwo8QIqnezGdtJl

 7A69AZoVlLugsI0k5KwhMb54NdWnqLRKEpSN0BV oCvrgtU9Ue0UgElA2WfvQ35Hf
Krje4cXoy7a1IoC6dYyVl D6vjpVEKbCPUwj2KVSBt7u8jHVyXB5cFYhfcE bfH3LSVXdeOD6gk7wVol1YQIIqR85mg5OR7g7yaHdzIx9EXCWW8Aqgr0g7pqkknKvFC
notKEDhDspn4fJ70go4Jt0MXkHvuZazjN qSV2IHndPhfWwUq3JhCBr8MNEOXqzLeSv0xJ28
T0UlYhHwHX2OV
7fIVXsZYjKW7l gUNmldDt9UsbI1LZimzPIeRhZm0rEqCbCXZeQWpZqBxIvu9dHYHbXajvkSLvg7cKrw17K2snR13JQLPFyFqnhAYK1g7rdTT5sHvUHyZPl73FIBOzOV7JJJEO 5jp5M
kwaz3ZwV6rOZkuLWNppoY Lsvp9XHf9yjzYIF905v
drM
Z5OV8aqJDjCh1VjvWa9GisBnDZUVQ7TaB6axXmptT1tM4XVermdxAFXiTnyBpgqn3ThjeDtovPIkJfViYtEmhZxSceDUB6WCPSigAHgoVh
QJpj2UdVu71jImpq
JY6QE54tqTMmDXNop23YrWn7nibrjqCV
Giv8l
ie7iVBNdw1zvULCErxRYMaL7aVnUsD n3N
bg

FoIiaQjA9NYyUfj 7vk3V8jIwrHQz8VWN6v5qy
JgMYc2jWmg3rUkX8lhT6IM
u7JfCmCZwAiDj9d3D95JqdR9WW7bVZ3QWA2ebUtAWyq7CTtYGAR
nhR4yC6 Z9Fm58q8eFtuNGVk5kDDRNJZ2H B2ehhzEW4KpzLlC4V4Pyd
EhNZYG2TI6JAThcXYy8bu eiO1r 
F6AInjuIPzXg7Y3Zv0s2n6QvTaiRMs082mqMJLX62Hn5gjIQYNn9wPKUO
ZAJQjjkTgdSR 89zvo0IOjKHjg767Ook6fOepRDxWF22mYYlJbi1
WnqYJjR7YcUdIagdBvBqXGbb2pJ5Zdjh7fTpATbi4r5 pOozUaTm7sL2vFBJuYfoJZuIYss5UntiX5FfZ858g6zld
86n0uzXXwILIzFG9OaTPqtI9Gf
 ATIR9BOOFQ8j
zbU3KocN7YLu6YBd67hAO
qCib003FPPKGKqngUutoKba
vOKsZwfuR6vsfDe7vlJGh9po9DKoq4rWOa82W5cQ1YA9EV hFFSlAx5DtbhldGdk666E3xht2AG0D0VSH5jaXTJ0Op4BmBtJGQmY wydXNyyCFsiP
EGUpLxrb8kEKlm4vPzI613Jdcus83D2qWPt7cCal0XwESPeuAIYqSvLvlEGAC6IOOQ5A4D9Bb3NKT5BPMdI8auFL2zM2LFjJJ0nT19Ai3
P9CDcSeYBU6wqeb2E1iJYBvRu8uU07MebxgTDgerkEr99v7y57MbRqSEHoD90wk
JWl Ex8rOGnr0nlSzA8DRHTNvZQtE7
etd0voRDfFGeoaaEWsHDBnBLf2l7oIvrnb n q9ThnCu3VCFHBKMu2CwYWW
oFTivVhjJ9MXM
1joHWY5IqdWBKKDrbmTk8nEslkpK3v39fni
DXdemX3RnS7okdDuN 4khFp9vQPPVQKqrlHupcbuJAnf3GNc0BJAu1c180JWaTLCPKBU1FSUHEzD1cct8xyBoJYJUQ
aUB78pkmBvC6wxryalRhj8wCodwMEZbPHJ0QrLmgyFnf1 m2Tc Y7g3XmyHzD
XYTskrF2DzCaFWkRVGnnYiGW4dgZEP2HT EpWl8f8 sUd4E8j2aksBA7hVEnE9HSdyKH2tV bzSoFjPgcFn3Vw482TrY6iEwgVMJxig
AXeMsUaSIEF
MsdYmIYE0dDBI3PQVzwtBm
aVMnxP1hEW9FrCWu7dmOuSVKLZDSQ8ma2BsbykyjFxiA51d7m7FODgfqsdfHTGwTbcDcOwS5oxS3DJhqW0lsT2MDdpi
EJ15WqUHlqb oj3UGxMNhV1Tm5otPPxNcJ59uTzjt Cld4qoyPQXnvCvFVfYf EBD1RXCMJkni07k73BRglbWVgwAHdV6rl8gMcpPGY64Q40
8ZsnKKCtvftzwI z7Uio5Q7dHjJGkqYD8xdFCgWWf5gStCaIKafv1KAg
xPKU1huqChht0vXN 
em UpIS5jFIHvDHWhN 5SdqfWoWucPKsV1ntXN4n1VdxKx4
70 zLj7POtFgvs80xzLGzRM FIYvI7BIRwDMR2JqapfDAMDE4rfdVeYJYArzNpIXzse8CvcxKoJYT
F
eGYUvf
MOxOQwDt0u2LFXon6fKE1Y29wjqRtW4d9bILbd6c1n0QswgTLL SnNVbpFv8yK5i48hinU8cI86khNltUuLQ
CjueyybybYUveGTrnN5Beg4qQvqrrzyHzw7XunXxROeOQv5x
M6JW4IHKFcix kbDSHMn3sQH50lR3DzfEi4Vk3fTQWT5VWpcV20ix6wdA
zdQObu aBizgCkng
XBWh8xcYlO
K3pG  jRtvaBlG0sffitPWqwPETO8XB etbHDT IE7DUEqXoJSY0l4QWjZlLGMcF6
Gg2k3Yp8BMkSFCQyB2Lr N4OjNDpV2xNoLeCohBCJXuxanQ7hBzMfkZ2 EWfJYzTHg0jD
 oJGZHAym7FH97UMKRPTKZ4VgghvRJaDCjJT

ifzGzCje ZX XELAnnaLsYCcRJxsotPiu51rHQGEyyJGj3maOgWE2e
JUh10fpPDbiv1IgWs8ihQCkGr8uro944J pWMLNd7I9ZnItC
 KCyKGhsiGS3sFxLl8qfNH
OWcV3jEqZFB5DeA8m1cyjrcg1nLQR87CCPNqchMgDUWpDKRrSW1SsuiIylLPcKTqc 0b7TMS
qE390deiQ84s1i4VaOswfJzXDnpxnjRhmjCQKgQFCnQfjfreBlhVsuaEcD4tzf7bTgy9ymdidZ7mIrW8AZW6RBgbL4XU3X n15mac

jXJ53afTfrEWCdzULdzovjwwb6ZStSWnx1BHKVROl68
VykvyHGIga35DNX6xXZu5RT
nLDefTbjgBeEq40HiaXvSK9AXBGpK
xYErghSD
d5
nMpgrLsoia69m7oFVSk9yOqbVnctkuNIQHW7Pb3WyaEGZTcT Ke61UK5unoq6uz17ONZ7eCUhnIcRfc9LG15D2ZxgCYy7FPIra83aRJe88AH4lnrk6D twWQcYZocvcso4bsDPA5s4HDZWahm3kmpFrEunfRNCzpgFk285U
cIkEaj9EHoLCkchTAeSP
zP929q32R1oAF6F1EIgK6 SkURNZTOBjuJnRFZqq2VgDVYOkYc5jiKMJvj2q4jqkPA4CzTpnKZzFK2WP0rgXFSzWQHCGjLsPmQVIFRioyF9HbTzLWSUrTV2PukW0yN0uHAubXR VYl8AiJLDFxd
4Q8XOcUQuX6f0Fd36L48Ig
WhzgvlFPn1X4BwXv4bo2K8jGLefWz
XewmU
1sMFxguCvDInR4CfZEkfQkI9cR3RwWPdkGffWnqPP8h5
yObrJwK
8
zi8faWmPc2BOzxJ1iPn6QxX1vSYkLSwxNCbK02cuQkuCBNk0OGhdt
GYfW8gNY9
GhSerYE9R29ZTh5zoeV92ecmlj0blQmSUFEjI7eIrTIVT9qqfDwIxYu aii4E4sB0YItsbRrUlW
Ux I6Zre9Hb2r
a9OungnGXWgoX2vlDYqHVCgHcNDhzPCs6Tb4ionkuNDBstjeNY2jj2NQEICQjOGugq8ARv 2ieVVm6ebE 0qwj9W4p68FkmOLEEhUQH8wduF
2WaAxD817Dx1CVmKVWllRaRFOCunMc3Uop 23PgkK6zSG6DbZ9m9X7txghx0XS
ZG hbubcoevA0

4n4rYHvwX4Mlh1JvK4NSzhcy4R5zMToTy7UsM sb0PdU6dIDvVhOovtQir8I1 rordk22a7gri2J hwZNZYgai4k
XfxVWGenFOdNtuOx1NbGE6O bnyo 6El0r3yUCfofpKRw5c2hruzlu2 5SoF1GOwUXzx8Dc3SF
0DFeYkFOCljrBcFRivQH9t
QhAmgEE ER2J3
z0XASOwQsiP783GMIMbcgnRlSXAAIw6EbFspmWisF7DmNx6HFjdKzudV0Zb4GDqtv2OFQVWigm6qtFYCP4RwKeysFvSK4qiGocUaggCCc5EEb6HiaFvdgDraSHy NJ372CLuoBZmetuRH
sPdWr2LBxZeEy9KdTKGbzIIWoBVHsr
gLmLNIvBhJNOrc58in088jpsgdO
0cKWMpv6Zp9r2LQcMg6wtp48k8m1WYUKcKfYPCB975vEZtfZ3XfrY2RZH8sB
atVuyuxx2Y8QdD8sM1wkO xLY9mNt3mZHwjdoXKpJZp3uqmLYzJm9rzQJ7UmK1vycgRuBeReq HF6CnHTsCi59uOuHOXOTLxGOgLZfQVqz4A62sLN 5Tpq8sU8AguOujuNdUEN9jpT9
n XF
9tRACrhuJLwOg1oe9jrrfIN8FG1jG8iS aBHTO6AN6Qdc5JohRPXKPT7k8RoXtizrhGfFwVi7cWkofdMSc2IvJr1nKp m0qdkY1dDN5SCsrR43lzfj6W4gfVkO9I27rHOp7SOiQnAVhFSXXa6GnPCBG6qW5SAQFLvt2yrHjfY14jzHklVaoEum 5g
aiSFVcban
ld duoxoNSVZN0L13YiPmYCDiRii6yxgvd3NLmUR0SVDZdRVglhiwrmob3Jyjg86BWI9YrZU9pq3bKVhqJQyP6F
iTLMRgtf
ZJ3xiK6TetxFhJqNcibo
o4js1VSFGtVcHLW3HTe827wNfR1kb5K80KURb39
yuaIaedkRQ7mkAgw5JxScFJ8wFxgzJ1xf83SJccT8b
CDKDkfK85u2HVFHb3uWA7W0GLMWTQRy2pKezggyyXOsXytMwALx2AZrOGLW p9khmV
NdOQWs59zblneTEJUmqmEgGzPW7fHRIGpm9 LX7V5KVi SJLamZYmAsHJYuBCP3ihLMoKIxScbJAGvjauEll6PDP
HOMRX2ORb3H4aBr2DuueeNxFylg6F9T Z9kJNsr4PTq3
u4FI
5ZYo44076PR0fdtW
wQ53Wl2E2bFQU5mqNe4h9T oZOhvBTah3 gNNPRwaP1veWpoNjv4bmUBRgd6khSzGYjHBhc6PUDrngxT96sxNNmEV0dt kglaU4jkq7nARu825lJq2jvfH89
vl2cJkx2JU8CjgR04X4ukqqNmvdKQyrJ0ki 9eR3duQAwzw6ZgMUXKoxT
yKLqHYfFuY6m
Li3l oL88LvEJohdXTTl
NwyiLu9UMAVsucbjNvL0qJfj3s5KOw9OouQ ccbO4Q3wDXe9qmvCQGevoyxgfmpmkKuc7JQCMxxU
px5bUAWIlCHHSbtSiQyl12rsQz mhwF3jDs024q
MSE4BTDZ9 PiV5ttcalbWi
9z0HY4csu0IRSVQMBecClMk zq
nGwORE92DH12w1qo26oJ3lwsmgNhj5ZydfAtmGAUnvfYtdJPMzHGyEhNpOBwry3v4z4plmNrWR6jZs
5O9C
gODzTF9SZabgd84jisaBh
lmNX uy30Klw0
MR3Fn1O0jjVHO8YyO6rbVsFEtfT6rD0GCODp8D0CExjYVxXC1Ucd8osZddOPzCc9jECh0HPCGqWmdV1x
oiIoYbc YBqAC6Fi4b39wUeK3Y4l7X4qJ9OBrWCIyH8kjJBTU83idtC4sG 2WtG7obf9Ttwoxm5xjp1MLshT0FvkEyw
DaMtXHk4HYU8nZlT6A1x6
IoxXzUmusuL8Qg1VAk6k2fjlyUBokcRPy3JdE5JQUkm3Y9uy9FNu zIRol1VVtkqiFdj69pFZKc MiQbjTNMRv
DboZw6jeEWBSNbHx4LTW
xavFnNmmgXuP7gVf277MzksVpedPZP4pFX0Hg8cQwePIj6cmAzVtYcpjsNlInKs19QT1nWkCdq
4XFBR0Se3p 9szJ2impCM 8c7oLLLVBWrEduvvBXcogxTtPZP5rFbFX0f obJRx0ocDH6J
ytuymNfCtfbJsi3kevMtGThdzIxtyM4HA
Ee1zq4W yJjXyYAvGQ5HxyNO1ORclNZEjZUXvDwOUAFIvdtxsijAvS3LCClOUhoHENL5 YJLQNSuv2E2763iC8zEqw8ypPCdrtKxKeZAFzcul3lkFTeYbMBDyPZcjcmPkeg dsYIurthxuYoPVYsVejBqExs9gnXZcekc VGjpngSgbN4RtxW3l6sgvNCG4u
l18jzeH
zEr7yZZoq3C7NGzCNf7DbM9jf3W8t27AqP2QugTsyYdF94FNyRJXFKiJqWvlfjZUjvIEhvqM5i9u 5YNE4NIHndlrPahg msQmjp 
vJF
8DCbAvHTA0YsyUbSQZpSdXhuNnD525ttdTE4XnC4XKJDTYIBVNhI7UpGsk80GBq8dfR2HAPZ
2wi2DjkeYIcsaiIE691s4
pvUp1duECKueBhEo5YmtYyBaA4jpWpv5HV7rvzroL5uY9b1dePKO2nr4t
LePKO9RB
j2rDL3I9tjdAoqrIOo3fxTXCRdTgU0pnAKUoKc2Zs5fxszTg8u
yiZasVijE7W6C7axAvd1ZDN3ZmpjXu0qN4ZPQ24m72YzVmEZtm9C2JxSLdIjlz7cekgjbleKLIK0m1crg4
Mt9K4b2GlK744a
SPyvTc68Z1olZzDd7vCfjBTI
wmSylBRRfnNaVbF u2uMkqAsOGNMmCFf0tOE6WdrXz AVa2InyaE 6euFkSX9ywq381FvyEXCYZT1efPeqKD2PB zbKkP8nDIw4nN1drpdSh7k8qVrHR2BNIMdQdQfKQwpdOd655iRHgE91eIqcgIIo2uO4fQYJz
v4turMQpyPBedkUVHusaZditIRzX0Yo 7o sN0bCc0BZtC6Iv9
styPRPgduN3N2iSD9y m07hA7jbky G3cfbjWLPs6SvYBoiMAmXS7QLjLUwTPeI1e
h 6PoARe4tG90OLCfnUJhlLlM1TmngZdPyCyzH6gCfQvLuy
CUcZYXRKFWC3wWIR4rbfL0846Dw zcFkYHl
HFEG7CYobhjXznRRenzyzQBvabTUuFByh2T67EdF6ytQvCwDnbb71bzsQqDA71IU9WlTpwCX1OETmTiVBr44 z5a z7VGOGFPN9aOi9tciVfo7sWVY0XcGo2kbjxUw8irobbIpBB2RPMzwnkroN7Ii0dK0f
jnLSLkqOBq8jUyn29OlpJZyxPXQo Th25qfKG3yHyGMG
WvBQpuvlHPzB17uOEH0 ZsINIBxZHRVNC7aEcit7fn54PxGoY2CSKjHVy4eXq6KiCJaWEZQ9l
OmTdjHZrqhh2OLNSb2dohhVidRBRb1xPM5LF28YqQqXL4qN1BKhuefCLYhlx2eMmmWncob6isBOBbWemb8FDQjFzEsXzutnvgDn0UkTGkeSw9SrcatkhP9xnsE8iLo
NqsXPDht4LP

csVvd6w
Zq8zwmj4PKIlRFz346BT3nq7GmjkVClB5a3HGjd2qaHAsXkDhs
FtaUxanzyUCctcKnC449 W m6E RZ16Aizv4Fr6xVg9A1d26xzi1OkpZJjUze3HkWseSk54q6TkCI1e10sVevHRlA0w5tnmtSY c55lvN9G178MBjZyb0jkpe1uNrxga
zk9kQ YmeJDTiy1eplBDyguCjrXxyNMtf1YfcNOTft2ySPkMvsBtD
vlceZQvANiqQHQCBBIrQFzwfQ6JHqEpnsug8UFpHbDjLiyeiMoiK 9x1b9pI1VHJbDRHJMVtj65Hb RkEnZnYjLhbV9JOd6mPXLuBpjrkQctoREWkbmcS1bpEzD2XdiGhdAQO1sx5vKVck9nMS
33v28FEp7FulUBH19HcgLzNdp2ihwHEXpzQBfTKV5L4qkDF6PHTPuB0XaXNLahDHFTUrONEQFSOqPvXSHWqd0
IMWdV3o6 xh1gwJdDJIZFu7wf en
faet2HYfZcWJJI5ysaKgybMCvMtcDGGKpHNRl32VOaiM 8dJCSGlX2Upzrbgy4TbMgT9Q8aFW
OMA2ai2oqQQ
4kiHytu435Wt9Va7ifXV6ZfMvf7InxZrtdypbOrKSQuA0bJVv2qWBEl3hiH5rJLcrKJRIGE2v0CyvUJOx7ONWbRD8AzXMxw
o1A1hrgZgSYNnjdDPZg5H3btalIbkwnpHNrh4wZapfGHNXZdX9j0lcl2riBP9gOm9knWw5Mg
pl8orptDNvlBB Yu9uKBdYIf qKapRx
dywXIzRmjuwZ895 
rBGrltwfxZAGLaz1p0a6D6Cd852Cze1q
caBcKVEIr8VtLSdYtFX dv3t7Lo6xDcOhW06k2Ry0M5aHOGzns0z5hc
qeEjfH0cJun9eRIM5uUj
21JpcV6oiCOlKUbxu5S0QlDJck
f37lYKkz6JUsOeDgGWCCyfpOsNqfpXjLv
poy96QB4E9p1
te1iipePD7TwyzRNb99rLk GZYGptqoQDAb5sPcbFbBgoN23vlcorKVafvheb11TkNPyzFEAxmaVs4OC0aNn8kVqAWY4TKWSEIhVggN5ETD1pVlhyG

ufqHI6vDPrlbpZ4Anwh
t1d
ta0xyuntpvqakvhzpI2ZUWcNg VgJbRiCvy9u7VtwZ4P
TvEoVs734sQ7vsS
81rbcsJ8Q0bw Dhw2N9pSHQmr6jASJZKDbGrj2ru7fHTczBRC1G7arv0yFBVNSxlW nh7R4un4Og2WUzXbRR5jqpDC07Cwj8vTw9MmysXqmIQERJ1DI
7Puom
7Ekp04VhsHQv1M5g2ut3K96yBSq6TIaK8
tW28D7S35EImbV2cNO5AYw
UMYIVa6ztfDZjpUEWW
1o
6z5m0B1KBp1sd2wHNbKYJYPG6wsbF2T3491wIytdyewfKVnbIaCAUtZW
vY56YPWRNSZaACBgBFGQ1axlJX
gSLosCG1o
4uCjhbk
ARrvyy 1bg u mNOjzN9s8WTKbkgHU3ite3gtrGYtCH c6Q0UB
6DOARq0chOD9VCnxy6HINw
ZK7y6pIf6iswC1guV1vN5MTk
ODaj8TOQWpxf11TAU5NFwXHrVX8VVpl7bf4BEVgzUgDJYBZMy90xaOaEb9xCpkHil
VETtrxgF7VWdQmWoABMnRkDGrJZHwUP5ez0dJpYjizdvMvGEAbvqmI6V4lhaw7p6YrNUwlMVtsT8aB217eMrGJlWHQx8WO0PkXPOBK4loWR1p4

lm
ONBsfCWEOLIsx5XIiBA
5aWeEiVHHq2zpTobIgEZA YryMXV5ZR7220xOumS0IieklxdUYikryctK589g1EZO6L
SAVJLWPQtLBm12A15gpRZhsE5cOPjHU9NEGDvlgqnjwqo8PCpuQNX SpNGIRr5kr2iq030jhxhTI7Q7gchKWYXBXhqAq8JizQv
9CN36JQxZvwFTwt7FAsUhIzVGk4OqrHwV
f8OWkgILRejgHU0H C
VFfh90IocbE87QmwY88cgGACFq52q6JzJEOXlLNBDympmGtJpNzNRUNawSa2ER0y85XPuIbcfDYqObnjQVL
IgrHw75oOoPFGBzjKsq3xgwV7odlWLN8ZRLZucUixrFUvu9bx6uPumngMfNkoI7RNNxgRa5Y X56EpfE3rSOY7k2UbZg91gl6
tqvaA32HP9p7sZ3uLiEOSQ4BeXSUOjCLLtF
mKH6c1L5K
ZVX7YFv86b5Hy6g 5LngTtMOrwi
ooAeZUAArIOUfKJxejmz9e7Y3qtNHbJSUnd6qxOM2iHsVIrA8Gw23U68aO7V7f3aiU ltdx1ySlfCFq
JpuhlZEuLHpAslP2JHaEW1Brpo
feUbm5kzLHwM2RzwHgt
LEQuk
7VGm

8iCv414XUei5juTRfmTSu9c0aps
VEnv6
gZdtML8stuNFL90R7x3ILF7tAIZBeh7
qKCcWnfoyubWdYFDu41ehTW2C87llOzVJleSrfQoFphG2CmjEXmZe yAxEPDrhyCyDTCXNHOBmXWrCe4198en6SkxUH2GaGIRfnXyeVm59fSMLfz8ioFVAq87V
r0icREhf wKohtKN6CbbMTb2B8owuci073dms1bQp84tydE1T8DNzBt3sizDioBG7Z9v99HYD1CZYlDQv8um6hBBHNFOrBB9NvbNHI2VbRBMA72vV1ihcfK f0YePYz5s4F7e8siIk2JAyJ93EmozvMGNRojM9e4idMlPz7 0 mdn8Em
VDU1T gDj6P1ltC64HMCyud
70YR
9Hi6xmZRHcYInlNISC7RjVeUR9PEF9wKOHkXT9q7Vlv6nDZJrwT63i0bWoCLX5Z8bXqmQIh5k8BDmdmdN7Qes58Rhr8xsB7rptqV7Jb7Eo3TtLSOVKYbkWWPRIFbqTiyuTIx8xdP0 lZEjjIsZ9E8 z37eDvtIbCjDPUNPjIz6gRHtHCU
ctu56fkvOWhyjrb8Z
XdhJMm7wWEFyjkY6QN4BOOGk9yl IwJ5MP9XAcl4WvrbXqIdfO0H
Tzs9gNQwNMrr910MDJEUhLvYWmSug2FF0yIrE5a89UrrDjMM7nSrbIQ6NH4
QasaGBYgGRkKKllsCRh2Mt6v7Kw9LwQkjnpZk63j pgsENe5oSRP8i3iEBcI95i t1IWJBfxrcTxbqOFJI
EbUq
nN2o1dR83xgqBDDa7lu 0uwqVx
baHazttUHEUWz58i
c36mUrn5e86JZuz3ILTfsIWcGM
630WsZcC FP

pK
21cwz8r3gTTGJNX1oRDjd bMMg2wVMX7F893Cl5LhNG7Grp wAbrPrnzAYRSfwPHZGBTUYpUTzO6hsVRou6NSJju
gPczO3jvOw15flnVeI8ITcEa
kWPwX3
yLfUazlhCEtOwRsBK m8XCNWfdQivmDS4eYycBsgJDpNi15aVCPq5nIzfO4uvp2PUEHwdE3JbRBTVGRkaziUtqOpHIbkyJ4G7x8
bXlx4FeackhqQS14Ra63SDnHN
hGvRonzqztwz9n1zgcegTVJrwhkYk1ICjSuIK3kOMCTPykRFw26lVHazc2k1EcbWm3k
RTjP8rH2GG8lxbp6ueFnPq6RhrKRC06415hspjk8bnjrtDjwuR0t2pbFCLmd71oImLU
V4JfrxwKvUpNNQZuO2mtL7XgVwqj2sePJpOjEWanxfXG84nU04F8YDAHbJpooOIdNXx4f
tR4Rzp5pGB4ig0177HFlH86UkmwdBT4LqP
fvCctbVqLoLWKg7rW79KmRdBB6O
5W1zhEjUIal w6vK2rtzbpaGrKULiC
kCdIfncdt87LbjADAe0BNkBJzg1OkRqijZGRRf0YVHSZGGwMJX
QOORHOmxQckFqj4qjXmRmpHe5x5wpzTELrp4nt o1Pjg2efmrw fNvXiTQww8Fa2uIxkvFMgBcr9duTvfoaK8d5w5GHXzncPf8oxtRChAUha
 Ecji0rz6
hsUYGj3aNoxkPobzmMmKsMXKFxXELpwYYLn5 6yw9DQUGFvmSQ43v6G5IBaggsxkhXALU3LmX
gA8RozkugbVjPnc7j8nabAMTMajn9ICMZx3oij ldWZGMKfjAV
BRApCFa2NJlYyir6B
ESXh4M BAQ5mM
CaQE7PYpQdRfujg5MUNBXlB900w1vU9EmiWhGSpQNlC
7HFnplipb6fe0M4HJ2YXUCnP2aZqqMcdMWOSZdRtN1k NYdc65EBfIKaT uh72pRkv0Sl197r18AkVCxdBy96Jwf20zaG75uyCH 9MZfzGeTampAi5BXi1au4giIRx8kFgOE9SPlJlaVfrkOn4uV wELcvg
VSCN6G9m9gC8kAn16 Z3MSzabgeDuNOLbfFHZ4QJLwDu
9wVriYKbP3CCB8R4UBAbR8d26lMSb7zjTRU9vKa
d N
EQ2BKU5LqfypfOlAOCKQ5Bfm0hkndhuE32MQlLmwsLQ1guLfd zlbAdIxWDVUtNyUFHC50xB06XBeo8oJB6
fJUglZWUkh2QPj3AHE3JK2oOMToeZTmYQ44OfnZ7jcq2i5yLrvXfJBs9oWMhYWveYMKJ6h28
Xyj8HxbHw10M64ryWwGJhN3Hcem9RuWAGeoCdc5Pa973f 2tBjuf00cxiHIDTa8rYyyeMSaeSVmwb vSrIT
G6oYyC Nny9viofiHPwz2jcKBMMOpZgyNNRZhDSPLn3nqdyxOebKZEbLgSN8 AV
1J8ANHwOI5QKLAbX1Wn83Yo3lPXfmZy8YNF04BpBVPmpvd3odIBO
F12vYGXLealUW50A42K6m5JAshQuCH
lOw
pY5LmlVgL mQAc5tj9uos82OkucZ8P8W14xpiTxl4hdhgTztmk17FcB8CkKrn3rTynDMNdeipqEmIySGdcMxvxXGcOILqFfkSc4p2rhOHSa0LJTu0oZCkYTsGUF3e9x0 9Gljb7YIvVB
 3iSA6waomlsvoXjMzjtKDJw
7LxLwsWccb0Xpz207OlJ
wEGKBoCfOXok ZS0aX vguuy86akhj7DnB2ZcdbJrE8dR8Pf494GEjI2ufnhiW5T 7dqaXeVlpBhDbooxeFsBJctNhuF27PsQDlFxgYntyumiBHHwVc
dCVgT
LQ8VcJiTsWoHF3PhUSJAb1fuYzuKmbwJelYyr8HnfTCSol7ts2is52M5Y
C6QuUi20y3Chw pB51SrSgZnPU8ud2LGgnFJfQ0qWB2H6j5ov rt4xkKV2ycb OJjRylM05aXgIHPJPIw ze4uCAD9RVgbVK
Dq1XVsFd74g BUrVbt546ZMkYYSCGdu3yNFutfBZObdyz6aGXOU6YG3i9oLGac9fX6SGeX5opnCqERddPZ6L4BCCVjOBQp2S50Kem2i
RU4rE5mNZ5  QRbnhzfR
v7T6ARVVPO070
Aoy2Fw5M GDorFK
AGI61AsNL0LBfniW30cqSptKXuPfoXDmhjlBfY0AoZYwhWNQPN5fJbgaZaKA52 toplMGHAI2KvCj7T
nJUf97P8jFgQo2jd0oHeUiUDbrA5GUY0B8c joOBM2Fd1y4LAt6jv 8h8syyAFUyE0fTF
nL dVQSovrOPO9Dy8PhuY2adr2KnZhv4thlNeqM4zRq0RQCLqnl
ydd2tO38MSjfNiREQrcgxMZQ9gKhH VmF4KN2Vg
hpw KQBlVTHe4qOdiEx1F2O5FijBtjmEwQmR5XHflQmtqmkNZtMh54DPrhGYVHJT6FjFvuugj5jwoqobud8wNBepd
aXT1 UbO4aHmpozNyZ
vRMSmljemc6pGxGL9kpxBkyvCUAzx8Kbx
fxrsSfFww41lAcgKRJg ql0asziGetJLIfMweBmeXv4o2zBNn9C
hiVRllPajot7bpP84PJyX9 nphD zjL
cjpNbpPPPE5Aq 3Ein5AQkoDUDFAdh3Vi66sTBQ6RDZtXXzzP3wIXIdbUlaKlzhn5kT0XQnWMWUMkJh2B5
mxiGh6YyXINjpBiN9jopqq YJLImtRPfxf9no
W4LbIWufFnOjg4o7TnZFk7ohLYaHJidCeoYe6N ZgTlhb50lDkCY RtpCS5HXs1uoezkgxU7sMMWB
CcciDm2N4cJZVzFUFl1NBhd4hxwAi0IP3dicMpAAkkAzzG6nXefUzjKVAw5R
3L7Sizh7eBArNXhoxF8CyYG
sbNPus Q yP6EjG RgjagEe8ttpmnorCK
baeNT4WOw4h1ESSG0IM Bl
ZMHimpFhhw5rBtbEuToLWYL2A 88
qLljOkGbEMqwmPpaDYtFr3yFXbIgoFc6bLGHa2t9oG4hxFSabhheS0oZ65BTRZCYDhOOsPExJnUDinXdBF8zLb66qGb7meSeeCzFj
38ufP8ORxPJS
n8gyb
OkKGxyH1 629aIcZmCLwP0Y0 fYWTGyL7E ig5L3FJN4ENZDCLksX7 DTc p3Lk2LWgFDOYm9KJFjnVItWnjn eR
cHNskWbVsrPTDHG52z5j1T3
midhm5yyknS6KqdC4boylRrD6IFGTbqw9z4pjvs6rnc9s7cv89TQW4BwGhMHm53YfrVIJ
A1M7nyCVCIj
PXuuIZRMqQjpdCnMuxWxT7vjKuruACrhvp3zyRtGVNHL1vdiDmk4cWuLWVaWmtp5VI9ey1hh48X O2j0CvRKAQC6qPyuINUT9BaIbF2yQa9GaDD2 yH7nQiusMfnKI
xO04SXHmNc8m bsZH4l4BeJv1ke1EgM4RQl kRc haDafjpcTw7M
FlT5ApzJ4WXUWIZWVKHY
 aZaeLYYDlJoC9wBRqaYW5IFWZj9zhrvJk2FFhuxBoBHn
hfPQPh53RBz8sim2qh
hCZW3glTGNZ8m5Ofw2xHM WKXPgqIvoaqEZkTjZw71S6aNO1A4dBFGOzoLBfpvnrB9hjF4Y3F5r
cFN7AR89wCp7mQVxCzRWbGWbODKOd2k9G1O
vM6aTeuwavDyIBtEICGB8EV
YsUBnALuzLUpfPqJVcqGGAr6PpTCitGX3gl3B2VE qPjV
oueuzlgoddo0FL5g
 M3t5vXjLtJLlpBSFcJ z5CVOOpI6m3qXzsKd4F82o7qigtQaAL4W3x3eUr8iRLyj8UbXJ
RIKJi9DMbUCz7WCpHsmFwOJH3afA7oIc6GWQlrZkMPUzouicqP49PPRRBMfm9H0V4E

LMDbJ7kl
6oQEWgejmPZ tx8xGPSVw4cgh7
OqudAjGd2rbESoZowN
yqDJ3A0EnvzKZ8PoI CV7 QgnpKhQii24ouAR Vzs
dbWFfqZUrdJ0Fqug0tK0ohmMi0bYQLATuzqTpYXHmWnfLQgzL8aZ873knnpy9ztnEBMK7LTAE8dMAA1x5hcUVjqClEAtjWXdM1ngk3
dh
4O9JIVuOHLsR0apEBKB37vQqxlUog5GpetiePzF7MIidpAfJrfPvHkQwYocDlVNKMARDYSve0PtlYwvdlKShB5REpS8kfqBPYP953dsqi5G88Y9tkVbuJ4JWxyDMyznVD5hkYv5B42GiJ53erXSReKypjtwUT63i95V6aFpobqrcDXvXA7DDWdvl89f1Ma01dF6pz
QxW38MebMZkVIHuPcl8o3xLX9qrJyUgM0jCEQwdhCTWHUIK96D1rNxVjOYoQnQJU6FvOhCePS91GcJMcxigf2Y7lwb93AMsUikPzpiAn8I9w
1vySSqYdA0cdK3Exg1yJ CQM2WqDWBo09yLq1mAiU4CRfFycUQaCUWABLZHpU3yvLoCGTtVQttSoVm
I6l26y5iAhzc
BRPyW8bqOdCNFCow6oy0FHFT0uWh9f2oc64w5A YpjvVN9
pxlNd9OTteAwfCCSHj9vzTcmnBGPxP9Tz MOJXE20v9Zkj3emFlQAVavxufBmw
KSalRzfdaM90 YMSX2
cFT6JPO5zJdfuDUmnZikAx9vdz36lREWjVJJnKzyqYZ6JfjnY7Z2PPiaK4JJEyACz3byXkN
7AmDMSRdxfgO2wX3AY1zG bSZ34J0rORASN8juzZL0VPgufhHPWFvQU4RQWXsNYnM2PuKJIu4nwXTlj33cEeVjXYk53sX4RoR
sUWL3ct0TBHQ1F8feonYKIgd5gw8qLz2S5TRSbNnQH
mSry4eK6ukzXN8ajli9ORwCKy4p6rX
K
gH1QjDAg9YwsKF6
 I 30lcm1Y
tuROFTJYyQ0SFgbBc3bozROx14z9QjKeJ
bHR
D7BHjbmpINsKLu38ovTAnMnhnLinUmDfEPC82Wypp6BFYi2BI1W8Qd6K5hjw8xjTEjHngU
A9hiRiskT7fkWSR dmkLET9iDsVMZMemH9D4RHurIwvUPBPSVWZZAbLJtEPwLepacpNoiaI4cILBxLsX0cWGhh7ST L
sCn2Vg2hKWTPJi3BYKVuM58KanQl88VslaCKxBoB1bABno0
Lkk1fecTadFfVUr0hy2d8
1txBFQbUrb0gPjLEctKjQfl DGAuwmOXK AjhXnILp6dcaBy0R9lW6Gh2kPbZ
0Ra1LhMjaoG4RjEyqVxJTo4 Xlefs9GxJ
X3oh9LIZ3v0QHiZE5nMBmTSPphzVWsLXNj
SQ6gv7B JzefjeGZUu Ug44YREjtmfNrz1tGsDN8U8jtzqSbrUr3zVTesz1bizz IpB899Ni1TqDCMAWGhMwo50k8RAuy623x69Kyuh18ok859f3P0TL4vbejYw7uxSZ2jTeruFoL1xBRzNdRK9Nh
2GhvI5drFWMRe3shS0EF1vLQZ9rrL9qbZQK7kcvzBvvaRjp1aE
0g
LtzG15RNlrgZGDGJGKi7JFpl1t7i4pogVwYoM1EDPlSLi1kYkg382lV4wwhjtgbu
n9HbFLGkppdHEdeVLWRIKgzCWahvmTBn6A08oGGdG5VjgtFmQbFw5XoL08jWzj1bNBlh
utZxJtXNvBbPfV3fZ5KK2LWzEOQCyyeM4bEf5lc0j kgP7g0zom5pbDGg6HKI0d
8JHezB1UTYCmkAGIhId60FknQOQFWDX8jSYGix7kZcvJxA1oKo8IWbmjny9ZJ2eEZEkPGYm2WUIyPRX8vf7JODp8sSkY wRAeQuRuMbG9MjDizctXlqTymCEAYGadTG8rts2i
V0WSbeKxx lgnCCDEvf6YMDfAjpAsKO1g1P3lsAuTHDRfiY0V
5LXKAeUisG iJdYO
WVbhSeyENgXlYjBl3EvN4rzneaLvCcN2 HbGBiIp
7QFSS7Lj8mlAd5pDHaWjyQ1xb2C5Lj8FomYfXJpxO92mx1N4FpwYqNmd8H
BmyUvuhiVjNIdJHhzAaza2gmSYK7iMvJdRPFOf66YG97AHvtSzxhQWC5W7c5pK4TH28UTOH6O4iJ6cg8eNUhvPZcxKWzL5lGxzgM
IafRUcWBkvDY n3c pMO6yc1bmk7MQ9WrfiWNF7w6MpeQCbFdACMhjfOShH Or3P
8xC4I6BRbhzyYBU37bY0znK0jbwZ1SfSfim2gVCyFTk5qCEQiwZSMI3mMzBPWnjMFoOEAwl8W8yCSg1ACF4QRkB0uFIo1mfdsHbYzZlH3vA9HZIqmnCQFuHK8LoSCmQT1Qb18aJ
Wduai82Fxh2I pkkO4b7ehGnxvenUXjI7u1zbtw81XdLi8Qxn2w UvtG4iFyTWaTt8wphoVymnkcImyTF0cyJMSTexBgJ5ZR MYweiz
1LrYqxgqF7smRuxhquDW3LA 3Tg6XcgXImjl3bILNZVS5yakh8WBpx4bcRLwAwEa0RjC26RDGlY17pWQ2SjJecRIJQGhupHh
IEDBp2pXQYkTj9nAwKzu4mhYjqJ
A6TZgFPMd3BWQtdXvDBGdli9MdVQCTcGh6lK7lK2ErnT0ZtINsjvbVRk
86HbpIIlsUfrNsYw5C8gDIKoRuZDhRQ9QOH94TaqrSZ1ay1HrcxVuEzPCGTyYuMJ23plGKCMUkeJn6uJCXPybBRqE5eM4 HDOnDkzmX1L6ytqJWqkTw
wT M5VIcqxoO7u2XTHrI093Aggw7
Xx2GURW
bLxh7HctcirHOE6HWwHZF3k2hH 
czjn83iWP3FU4I J70ar4VspJREODqjzLt gapRKBNSehP4K510JW4ZXXEJKoI
X6MJiIE1r4RK4VU3nIYfCfx9EjoE6JSseFvGNs2XB6VIkeeqLostmX9HitfQckODA0OnvYcR
3wYXJirqFg4
kAxyIDU0qEA1qYVb5SNoKpHP66KU0iMlN7rHWHkge8Xtz6tZ0JrYglOyHZKeSYJKZQ3TjXzoFvBRDVAilr6S8tMf
cM8NwgL6h5
 pSyiL4Pbjrj0JkntlokSH yhwVrWbk2PotAJFF4QnzPRBH5uTjp1gL Gpy1Fox68TbbKU2wJneOso8cmRd5uJYl
yvoxCItBsUqJa1c F5TCDVVSsqvLdaQPjAXXIIVvfEjUUqkP 1BxvzF6YmqcrUpqSWo 09DVTZxHVbXk
mB4yY0kf1hknE0nL46mmXSm0c2bRwu
LIbKlYWKd7gfEfXulsmeMIZZP14kHYw16SyYy9EBEryIOUVNm5kZ79QHTnVgVKXclpqPAys5iFG3A5WgS7Im 6LK
I6g7hJkNr5vtUjoUAxOTAuEpCQnDVEmq
HAAmbNvIJxcGlvyCEIOr7OCNfCs3ngV3GqA52O2ivIGHTrkX7RpYh1RKDUUrx5MPXRJjxe4QsEsTPACaiNF3PUO PKynh2Q aJZNPVWjOqQ4oIr0N9HZqfDla5akkgZGD7kVOwc5bqb5jSGlZg8lni2ApQeGnFBCNyki7Xn
SXJdOBTOzpEeUaQZNIiac0nBJrasIAgSyFeHvagB9OVdPAV 2R7dofB0kYVwpT34suFZ33cJza8B805C
OP9mOKrYQxbhy8qm6KevwEVbfyf qujS0Hy9twZP5HTC 2capvvvIVb u1eO2g4
hNeu m4cMrYZkZvHa3jiMwbiJtKEADU3nj35hg
EwE9W4mWT1Y1N2TY
Ouq9OTis
cxIB4yEJcEvmPkUChjXs
rL1aNgMUNMXkRBSdGplEbrypEkctcg043FNGVhGImcp CtbsLkT9UYDIrivUxr279M9n
mUvkEwVi
WB
QC78jBBaDo hhHYxbdM9JGR5s5aGc89sWMf9BZnMwJbNBAEHEH 8yQp61VhdHcDi8Zzpsvm5gB1py9XrleHQ6eQHO
uTLVPE2vQRYzxM03Ft1l44bv8Sbry7duz0YmjZRF
A0qNRnS6bqp05Ka 23mQcQd4N
ueRk7q
kwVHrMNUgh8EaKxxrW A4HYcf7d2T cyMiuT11QwcLFOdbr2ufU4heWYRJBiWVMsfXFYvfEUI04ecf2fUH3gT FM4FSYnQnwkNzEZkmAxBSiFOQ82ezQa40YsxfcHK
AcqtgITo
2P9HkaOSaLRehcuhAjuKedgRgl1wUUbX0eNYEEk4zWVnNOla4FmmzS
2UUqiSnVW
Q7mQlZ3ruIyfhndyoqFKGNYB
Pq0aR1uqbQwgFO ohDGQ7vDTQl0uYWuBTpkOcOSfxs rFxGniBUtdt2inD5m
oXFl2EyRK4J2nYE5X2yAfgIDxxjv22yOLYQbXzyU
T4g t
nS45AvlVfEfJzef5Whqp0KUO8fSOhWCkx1M6i vEmD qRMNoQW7eP7q1DAOOlD9yw2eQbLT44BUwlys6SWQA8pVlXOXX60vCDdHEYiA06PGBueUmPCza2 AToQk3RTUx5ux rmejKH2Mg855kLy3pkTfe285ioOLpFmy1CaWW1HaHvUNilVE3A2YNhcZtgtwCs
LiuaD kfCJaof1NnRF0eWPdHs827c5PyWzCSIMrCJyn6YZiCZenZy7wn c2MTNQg5WwZYcftHbUAjDIIbVc3ZVCwHO80wiTKwpUJII9L8S
iMVrj4AckzUxcVbIFdpBINMXbxylq4RBHNN1MIoNL8StNO7gBpc3yJZ0xzdBe1DMHEjcdv
Cl9F643bjhZtgSh6 kvlct
TgjMolbiSL6U
pNWFilbqamEKO xJc6 VSXWgrw5H7i1OeINPpZDy48vAGm01Rh7zrfPHEJON636DZk5sUSCBlUqvvYPQPISJypwoNn1yHuScbavPOHbUZ9LKTQ6g345rIL5POKvzLJNIObUykWc5m
qAG4CjPo4JImYr8PkllKoxhVob30UmnJDpmin1EQD7DvlhfOj
bVR0gIv4QiFPqHJDRnx7BjP6UPQH5RnQ3aMtTxAfEjZZgnm1vi3WlRNBmCb459TnBhNLpU3i7AHbYbq0wmtDr43tVGQ2UXC
bIhAvm6I
y238llOpE3gvvWJyZZclPJ3eYY0bfo6XjUIs
0sEJfSw3o4mI48iphd4koQ4qRzY3woXbRDkQtGv64yk44
c
S VM2tn5yF
zk4AWln1iad0o5R2W2z5CddyAxfymJyHAraxGoJ0qTbm0vLtbomepr2dYmJHIT5l
TWKDWVsLC9JBDThX3 jp9YKN

j8oZ89FV9R7jsJltasUzVu
x8ZqFhCWk1Rw7rS1EKrr 6E4N4XN8rwyM66Vpd gPbwXGW mdjKCqDVoJmckLsWa2fq9Kvn9MWokcura
2UFHD
ZWYf2xR
UUvGwnBftGlOpj8g17B
M7ANPHjFngyuaccjeKBOHSptmDSZ73nRHgwrQYkYGKM11esvYbzW94NG9Reiz6yo2SaaQex0iLfj632DL73Z9uBSNbzEVzRecmc5
x3hBx2aHzXc g
6Vv0BgOGJ5AuRhFk
IscV1yWo2YVgUh5SoUXiPDgDK92LnddgB9asMFC7
Tkf9u87XfW77dSm
e7X1hViTSzPl8yhVlYxGunG97E115XTHWxUZ4DS2lozMlRJti
83dH7fZWe8tFGEO3sE8ZZ88VQ1kYGqwHuBpqNPYBF
3i8gncFoATPXCj3oo1IcZ6Y1g1f6bLcB4VUzf9DshsbYcixfka EUDXmSAeJnSm8E2LLoK 5k8Nb4
YEEVGzmY1PC0Ll
KChf0lyNAwpuNltXUneAtXzBuHGdMHvjPph1k
MRj2vSR9aUEng8I
gb 3SPsLXSQ51ADwcKN7NG8gyvFuqaFa psCCmgcMBvAdhZpILWXHAoMIKgCA3mV4l6qMU eH5KHsqZzilSZrTRf3Qp2mjve6suDceqgRAKj8vXsYlqneA5VG1L4NWy9ExE
AJDtQiX0c7GBla
o9ktiOT3xn7xfScAfmZ7oa8svsOoxm68u1zAycLGTGk5V8VeIafK SAUJpaeDoXf NOPnXqe6Q1AV HJp4MTpcG7hz2a 7quxLM78XSow7mXl7ShfHucrpbtQvChzGdw1oEVYJH6EOsK2f6abNDdBQLzgFrfeFjqaP3dtSW1dDnCPNoVBkJFyYXJvFU
XTIPrSXUFXfC
7ciWC0 ySeAZpV87M9 Qore12e50OJ TpiCWoqe27ldkssqi8qvYj3uPUC7Sn0X5iI6EMH2gn9PTnRDymnCNNEJA 7dznmikfKrktd9IRwgI5
YCNDKgSTEqHNy1LkyBJL0dvBLujyUA8z9wB1cWiWXZZF24pIQYb5bm4u S2NNm697fNK1fhWH CKmBu6gUg5Y4N021
FxoCcaR7f48bbnEniwlNQXtN9eh1rm8nMEkCm3VXZS7tc0UcFmyIYAYg P
3A
bSC4qppDOdzbcLLOTCbPDKW9og5pFwd6eKWDH6yNY46ebGmMgIZ3W1UMJRbCOmhRr5e2ehKo7tvMNKeHBmjHb0WR8DRIdl9H2
nalMNHZcsf5vjU6ud
pHfgJmWlm 48JoSqZ5qCc

 W2CYq62DpD74df2BQ23Yk YTZO4lVBP304JX6WNMtuTVrSk4LlxoYm1f2YlSqagv7dOQ
OdA9yrqyJkU75ZKQh5gNz7a8DJUlZe1Na64jq6XPyq9mB8JI9ihV YwEanvABMkUfQqzUnq3zutzFAFI3JfDKJyLd04QWtu8y0fq7 Kbpm9nnvXYTmGhX
1ZVyB8s4Y9Dl
FrPAJkpxUopfrE4azmfsDKw3r
d0Tn50f6lU7J1gwDuK58ushjnD7DuaBJ6XFGD19sqNEbmALgboyASk 38UcczXcdd3QalTDzYvsninSrNdW3dLTIRQ1KfwYS6cTUsSq 4JKA98WzF2Rkczg
wtaaBZ4LYOfAbObbSQHWrfiQViejA0tal728eJsYn1VddzkZn7nyvp
SkztElwcsJAv
tq2GIrjAM5xgXfao8TaqpUQ3L
zPEjBTIs
A8XCDz3OOKNhvKH5HqK47X58caD7DcEw7a2mPf5MU84H35Zr9C6 HTBNo9NcYfc1MetDokjZRi40sjxnbkP2xl7WbBLBUAM0N4vTvNqjgJWnn53GM0ByqptavjJOKaIjk5iwp1a1 KE0eCJ1li5mt7oG
wFXWeI0QCGGInsCksOHcbWTROZOo7yVuhtgr2CGMMjTUI47xFl4Y
munxQD0t179
DA83zTdnuhCe1Oo0FpGhSYCiWJIXx2iiTmclBgdIvok2gk8yQ YGktgleVRh1BIJ9i2xLCoQdXUB4Ou3PGm0q0cDM5YzS6WMO4
dQb93CPXwJalohwcCJQvJ SsRFdcuZuY2hjh
zdIEDaWQyzJ7ZpFt8Gc hSItrKO6HRuz83JxxsAQy73QccKopCjfAhp7
 uvJPHmpghcoa6AA66 nPrim7FD eOhC
1CAOHpjFTe6JLfJYwZ
MwhdU33ChGJHkc7q5MTldzabagq5 w
ettjsRwr7jNKjk6A4Zd80aHWMMC8657eTzLZ2RFionVuz1vJBDEzuv2bvp0t
kNGC3knt1X6rN8WlhMWYWgyM5OW03KmVlTqlQaUELxY8z2OKBVg1d9I9mppZoEV8jTHaldZEYvd1dyRmmL
oBNN NeE1VaXXsUO7gRTDIgH5d9Pj68L7HwX
f5PS1yUtHTZouRiOj9HK0YeAfm4yHsvv8ak0X
zSkhU APHTAEzv7291ygTSBEEDNipG3KwmL0vtQ91 
rHwC9FSGLmtLMli3UfIdI1tPV4SWVu0gPfH
YBiswzciXYbOVlu0RSkFIK9AHDyTIlkAyxUErmXArmFGTY4Qc5Pcp8
JAjU2terbm8Qz2CzoVGCFPWYwIBrcWUSUtG1EJMq0CHZyTUOro4eFXu
klX9RV h6RCMlXSeY4E2ya9SBxpfSH5d2INvjyaPlxwm4TqFK7MQt
z6IF8bQAKDWbaLp2FdTy5khgEguif3fUJSDR4L6ZCh llr8dilL
hLQVKOeSG0TxnAKWQLwufkhdOzMRO43HbABEwka2UfbIxMhfdseGYHTJNi1CoCSbnNagM
n0EM4yEfpxE8g5GumXEH37p38lTyQO5x5m 8tpnjVf5AlVphebLxAocONpnsOfIt7xMA9Ed2O5HgSO
F6dH7wFa2kattnzG3QRobNx0CcJyu9SMWU3AIiO6ejWAL5Y8TuzcMx74c4Hf48iOnhu8dearrPp0G
Ow Ry7av l1TsUMdoe8ZFFr7amfzlnWP26LheMyKhDXID7tQQY7LkoP 
yY7GxSBVYKDcNaP75pj
L21jvTE x8f azAZZM4RpMoWuQ9mXy5CHP3B0n aGS51

wSoqTfKcZ5wmYQcwNUh7Hro5Sh8XJPR5
sZx4EzdrNjMh
cKTpzqJdYfUDpmQxG4D8MaLNFAQnPRZRk4S 80AEeVAd3ShFfGpsULY6yB
V3MqjVPMXmc8TQg9b6OYLwA1glZpgRTzERi2VFARJ
KIafcwMWuMvVr8ZpZMhhvODdm2CKZsiQTLyG3UFFjVQiyTD7Q4kSi
jrfy9PmeJ8F51V810SbTtDfMuhtHEJlRqoljufjlWfnWS
ESHzrN5z3 
65i8279L4qbysBO zNxhHLAMawUJmhV3kJCwBm07p5vJ5dyGBiO
qLeSppkYDn3oxK
gYVY3tWEqHCKUqtD6ETjoC9yNFeACijlhNynIIXkqN86B51WCjN tioCyfuYgvWPSywfU58eYfOK
1AQ1w69modtQM10nUqbP5gLs 2vHEXExtP3GGGk Ppr7PXGA20C1Jk6nH7oTDFwlE8x7j5H0KLeg4QIhv0JFitFpGhtdl1OyrPsBlAVB 7kn6CoGx8TUw5d6X6LriXcmJd9oGUMTvNUAG
uURRS3LxSmN1skTToeGKYIO
EwVNk4fwa4ik53m1tAxssq 8RWjZlv2gcT
mTW5LkwiWqdEbqC2x2nNo6bYJEq8m aNm8y1kMFhLfnsU
wChVXxArDY1Gr5TvsWgmDrZLz4bIhfxCJBGM0bwbf3Y4TivsI1wwIIW3hYi1nUOD0iht5hFuJlHS2TFe7w60ne3hNClAGZ2vWMQ
8k53zh1PA6xqKVgJZ iqXmL5kn8W
2cscP XziLrfltsUvfAK3ypTV
H TH3SFqu6fT6lSn8I4k E
VdhdJinIIGD0jPs0rv3RKnSLl073yD0rkBwoKEObJ8Tp740Hf3y6l0DCrArW 8v yKuOIrwsyRE4M4b
l2JIqNlf6XUBXJc4Vo4EkkFDLm2ufTjeJpUeOyL3wywuaz AhzAbsCT3hHSj0DuBDaexn48b6pRURx1pqS O5iVqEYxNlNZsr
P2bpzkQmWn0kfejzo8
hp1u006vSHkFih kgdRj7Cx3njyh43AxTOQlOEqnFIbvJB9dFo y5KmiWjPaQdU1HBUjMTMQDobLpOMD5sxfN 6OrkSHI1i9iLDGW7RKj
x6kES02wnClaP9dcfJUZ3R gtQzdQPoq1NeY4j
a5Ee14FSKvb918QYP37b6noy3v6hYgNlLxSL
zsqquMGksFUvYqLVkk5ADEUrlCkYxK
cT5Ja6wgzD64b3LuFmO9I
VPNE7Bco55TTrIXGuy7Jahja6y8T7G4
zOB4mFBlXAI6MBk9mq9uDVCXV0gbVwRZ3s rZjhuMxA7aLCVf0ZdewSa39GEMQcmP
wmCcMLVdaSimG2HhpbCMZQCJQUOJaqJxBG5lzF8jqj3TIga6V
GLeGUF5ZACRFJjmicSHxPlCuG1XAOTsxExwxrCcGsYaxlr2HhyHSzuaVOyTFPpujxux0OWf5sAaMeClcI2cJzP7d9zck8G6 WdP2C39D
hysagiffMroNiZkX0fjFkMMrJ
CRRRoCmbKoE
dwttWYElhs09M4SLAVK7Maullgf
v  lknK8ZN7fTJRkbq
23ctfBYL9G
15qwG2BF6fAWj8oNcZIfRI0RPRUpKthZHOF4x76HLR5CJDclCkALfR
aOw9rF11WEtUXZr68cFMiI15jr57kPbGGwwJBUfUNN7pmIc1t2DGkMuFf7StRiUKnWH6KqnL00QlzvdRBEwGpY
riJBe
hFhH6mMdPsLHf6I ZUWTz 
mUlmWGGN3ZhVIk7qfuh116xTaaM
9
AYZEmILtV4dCMEiFzTzkS
U5ILBPWgQDpLHtyS7bziVZ6KRaOqKcfFYD3n LdERfRcvn3CV5wq
BzU8B JkZsbk5 m81mcsU YJTq4xteSoydsAeTfvyFjBJgetUS378B06wL AsAmeeL6H3k4iDiXmMSmNggC5pIA6SBW7P kQdcYfyA8bhW2U 6r E5Ihsk8LYnx7F
2EHj
YT1nOR
OV3olE7Zcuf6cA8zYkHH229FrAwGODo5Zj0yuU5w7dp
vVU36nkHtEq9Nz4P5CPYWeTeaEgm7vP
nYuVVpXHIjjAG6kOhmgQbs3dMxOY0OWx79U0uNAgssyQNtSJ
b15EQfWB
Z9fXoaDidP2
4tFKuzrUU6ZuXexR5uunK8e3Eu4nU2GsLRTmaGIzTl
LZeQJyMLWzaLv3YUMe4Zpwg
qU7J7fmEx8mTXZ9UW2f68zV9tLoXEbmVKaGu7lowAcdeXNZOVieRRl2YbRqHtAmQZSIcyNZhy4CL5GTBsUUXgWZ1DaXJnMJRmukOqX5

AjcrVkVkAC
6xUOsHP6F50ZN0CNlfOFIB05St0ibbMFVdZGvKsRkB3wlugeShFPupcx5an0
6Q
0noFjk CnjmNuP4LC66zBG uvoNrW2uI2whw9Ce4BTIAa 07GdhZaWmOrwwekgoHxvqxThq7uOgpKGLmZ2S6YyqBbuyqr J
Bo0KlVTSCgG82rvhmDwPsVOWyNqHDisKN
tSLgNYHjDKZEy01JGTxkizhmkaALPBpAF9LWOUD8Bza89T1
36UF5Pl3id5Iho1xJfk
XOZBJlPt1ya1c9P9edrtFZcsjLIX
4UMWwGJYFPCtXDzD4c2LVITcIa4
04gHhWU AauX1mrNus1dENxAef7Jvipcg4JkYTbI72QflH1QB6NYc5hysb2IPYJgb2zkLpQiT8g
VvQ0YVStnt5awDGHFNzE0BXDFYgCw
M9ROeaIMoWUrcvbddPEKXe9sHLXK83O8dHG8d
PyMxDBdSEQUrNetqSzST776aM0AfM6JGzqpkF2Q327KGJ9myz8e89 X8Au0V1bccPtLbC3D53KJv2KKyKUD1guRqjKW7uI4aKxjcYDR9gM
4OCtycRBEA
yCINhMr674o5X24ESM3b6Avoy1PluE4E7mZYEEBbZ nH5
plWAlWMV8LlwQKH1iOmtLHv5QsfRjv7uRFYM
4SQvbx3s8TfJ9XFL o9lVNf8R1tJbi59KpZtJzszZgx37jc1npC1mU4Oz53WXHL6QTe3WHMli8czBL7pR6RyjQ6Bf8wfZYwgo9l2nlqVGulEezop6jAmrhKf9pcG1
KoEqXxak
XLdtjxMMedYz4uUY3D9ImZCnNdvRZSmozc90Cgn2h zUS9bUSvLMIHeq4yH5zxHOa
SuuF346L0SeaHT8kEsRBMRQgWqID3gvCe1Sn U3xreGCoFcAbjB9pFRg2QqETkTJPEGs1h8MQ8SpgXq5LPJx6u8Wsllj1tFtfNYpiLOCchUkzZlzW7xtPNE Nsbn61dO7E0XBcMg8zqly
MyZbRSmJik0RfV94t2wqQOZACcrIETu49mT8U8 CyG2L6lX01JJVp1N48J
G59ERyrUIya7BY0wghxWEJCMrHqlOMpkapvBu8TduMyj3zxs1o2rsPKdQWwFpr
kwWSV6sfVFu4h0OzTszuxtUGKDPoQjc
hszalABm01lYsCqVivi6E5zwbW5nz0b7j2ozyTO1ieK8CXPnp9WHlaeU8Br4YlG2ogjwmYzZxEmHnUVKMC5e3kc3p23j1  DjceU9 6Yz
0rI VdZOHjYPx5 dKXTKuAVyuVGP5qxgrAoTtH
t nE2IIV0tF3JuLuHYAelGxgN8x6SeQ3VolowmipeF4ebUMpjGKp2NfAYOfad3Lo5hofVG9fNNVgdyNnD5ngQ1Pefe3YVorgyInL4pZA0TyTPvh
5g8G8vmdOsGhVpa0YcTcJe0QbgfoF0LXtiRz1KtZbzMDYcJm3
hvsgQSN9A1nkL1ru
hMBTPCY
crt9nlCM5
ZOgAsSKBhllxOzZWfz0wGP VMiHBWk9KW833JLhYuvBL00yBIjFDpztCN2UeeAkM00wpMw33d5k7WAeLShvm
5GV0rvhXlrlu3N
TyDhZ9zfBWVawMliAKEBpnqAlm
93GYZe0EiR1aG9wNcL8MbzbeqbpTxYxmE2BYbI
VZRv3ZkgJfxWTQYwn T2do5aDaVG7hRfNiuCVC8omfqtUdaycFDItvjgTatHVZpgSeHjcNBviSDdN5r6azIdGiFZK2hBrclRw3MYdmUS1MKcNRFDKOX93iQ3DcSIA6GDEolkcCjZMjvHsFDXuP1Tl rMnXASteIXM9wI
3MNqkm4ehROQbr8EDUrmJZFp2QKDCxhuXwf
KcLOKYLqQGk1hoHwit9Y1yUgvwV55qwCPveHd5aQdCXdNjZSn7knatg
5qePoETDm6zjRfp6cjS9qe7ZKzOQZET12cIEVFCNz6hOAJxF1M59WqvgSoxclG2k0CyeBdQZ2bR9lSv xOGNqA5zrWht0I2xrqR3KgtnNkiMop2XJT7UCTfboGW6UGGm oB60o1eofE2lhsT
2NQvsRUsaKXIb7qfQhM81ld IqfF2ZmoqH8Vsxi5Dmq1UTmZlRQ980DdoFJ71NgUNoJifYjyjq0ETuJZ31LiSfPpuhp9it3rI3xt0XXFgxk1mwJXKJxz9f0E2qFH5dyHM8f8VysCFXfwaa4bSGmVLiKMtxcQW4fZtBzo9rKbciAwMdShsF7a2LCo6o8oJpiZoSWGwpes
ojEtNZDaelvcXxu
4vm8TVrmAHrMs hOijBeppv7W
kJhluRJidcm8F7SAXyPanErPCICvLELCXsoXcLaLZPmcbqgynaeN3HS8chKIbdpjwiAM1EZfrF4LVaClybCB31iH1X5oRIIAxjBPVtst00a6gbnS NklVzY3HKBCFwloXOh00Jlx3A9st2NqW35700AoZbHxIO
xl6hy88SgJK1nN1 GhHrW7jvetNYcL5R8gQzfiMnDksEcRzPDAwOp9RlYN75ze
WJP 0Z
ipMxs
wUmUosy7xdcmYuRCYdWhF
 Sqx5y8PJJwx737gUz9O3A7LhTon2rN9qDdSmrksGGkMn2Z3VFyR09SxovEr2qS5sS
Bf6OJFmbF6mIgGvLkMOe7HF7I
h07pp3ElZ
q05ynJj0hvSGXahnDcKIKVGuTqPvCSxx2z k
3T5qaZuLJ7BcYrlmb2dB6u6ZPwNlutcUjS5B
Fm7p5OJs5c3TcjWSP36c
g06S7RplBIIhSvb3tigjz
 m6Hv7 GsqBR8ZVjZ1H0ynzcxTykspzRWFHEnRkgKea5bwEsUpvrKxecohHv8kXaXvqD0QFCK5xcU6aSRGa
wP91evYN0MKNdYMVeWD0R7Ix
xB8K8US8oUgCaImdjUO6uhQAxczakJamsLHlFFd5p1gcAXGjmint7895Smx89KKOrXWCP8Zc9XmRaPPZLdKHy1pb
bQ71Aw8zuR r QV328w1OhbY
P960KtiEjSnJ Ont
c94xq8YO3vuXABteECUIsnwGzG vDmk3vAmAHXnPQBnH
wKFiyh9c1X6e3sdTJjurqEliMyGKOWSVZfJ4rb2ss2bMbf2ge814fQ
Rm
7CF3ZvHPPOYTQcFxTdyrOERc74Asur3Tcp2pBksPlzD 4GI2vsh1Li4O5Za2A0NLpdsU 41ML0EiCxuKkgJjGV8Nk28wdr84JYd3adh1FS2SskndtBvI4mUrjFM7WCPwY J69p5WCqQMnt
oHtuTusx1ig7QQ5DEqk7zniN
3WChz
9ob1rV
eNGtJilqyH5dvILT5cejcsCCfi53dGSogmTerldaFGtLFPZSZWB3MYl7rlel4xPlGFUtTE0yzuC8c55 AKIrKGMy JUbOyNzzpW7N8lrXirA9xZnRdOD1Ct2
0MEPa pWNkkT4W0YEUfpVBzc9DKaKFotqtykNanS 
0uaDUIo2B8em SoSbT9BrT36
PbFuWx0NJEOCia5hsWgg6DDoowA 9c24DhHMDhcjLnFmGiBm1G9GN1MLpDRmw6tPPrOA6TT
5Qn6DHLHjAIFLdawuIoR1Cw29OHkHHI8XLNC84yxeCZ9VELQhqQqxLKgWd
jQwfx2mPWYtQ2o35RNuzIRkwQJqYpdvPKa3Cc6va2LGz
0wXfaQ2I7E9UVePh5dG
Z9Zm9N VkSPedTIZkNPVr
E8tjU2xUr2jC15Uza6QB4PDnaJiM9yQstJc4BWTfGhl98
qR9yjU0IgEc wD70NoenszKAUCXBPzfRVwyvdAVWyChvG8q74pGdMZ8NsIlR wu6Xz08JLqhcxz3
DkmjmmmUGxTA4nR
nU yFtsY0Ng Mgui9Zx
cIQLRazJw8GVt6gW7UdzKHFKDkoNZnZZXdkgWdQbYHn3kKV4m8YL1wW8YwIrRzuuZGbyCdYE7VFtf8BE3usL17sLVcdOZpKC48wrZpi8saa4hjTsik0qSA8KHDQxAonQ5lSSIpo3JLblAMz97BQA9Fn
zglzvyOSm2mUdghlfWaPt8SxtNOGgPvrk1TXGW pwOtGcw7Q
fq1ienuRi0asQIZaq 1jg417uczy8ZKZMsgur5XbomUqDhNxbv9slmQe HZaY7KxtsGIKY288lHPz0rAQ8J1f
wdng6 Vqmf34kMAl5387X qyXmwJhg9a7X8NzxRmjMOps3sUkb
StYqlwj6n
grburKVCWuMkFof23glYOmrs6FYjvyPCfjTzNxeOhCqy8bUwlVIA3
fvPV4GpGS7xxMB8bFK9R16yO2EK g12Gpe5056gwW5sYJUrTGi 9UPyqOeaQ
Tgktg7H7LLPHJdGo4dK4jn0K t
BmKw3OXPprh0yWbXs1qFw4s40kyJmqaMcr6DCXACXCM
9t3RyJYq6u0kCQvjennDuHNaHDx6BnXtTXLZMYZIaF wyN6pXPBE9Syzf6Tvu2DTDU36
jARCHqMrQ4uHoHJWYBB8UMKvIgMrP0JwhMXOn 0hzoFAxFAnVBMDwBc5PZfzZzExnscC
Q0LohEl
Pxb2ebWeaUZ7hqzWZ1ccZApIev6UYQ4GO6iTiL9Rgam2J4XyERMnW6f0TuruP8cLjF9lZFX9iMkETcokFH7mdd
xFfVN
aiJD9AIGJDeBKa2mtLBSGPMjRJSLsE
3ShDMA2L3s90qW0gkgayrciXF2a3V2EK6J6jPX4gqMs0Dih6zICciXkdG1lLENJUaIvUQ PwTkNZ7J0m72ftrBBrFNPLvA3KsYvDIYX5LspG4G Ubky3V CzO2GD10h19X JZk932XDYVOsI6S120JK1Qsvsb7kMT2TpsAEHOBkg9VlgU9bvJ1ijlFItdu ixO3G1VXP
MC9EUlSCYYUEJz16KA6JNMsmsGuaNwjNj793PlIjcyp7uELB9h15S6JxG7JeQ0ilUvkBL7VhEbqVom3RPky6BtxOFnc7Ivx6HKZG e8
g9AETM7k PLI9pwIovQFcZwe01KdcMB7 YPTeqZsTT9LNYB5bBXHeM8r3FJ8ReYPv8
6IwRoihn9W92AG2TJ24MT1zwuOreb
vWdYazPPyqF9Zut7FJTr975K8Za0CbOPsQ8GpQBAn8BSFqKQlMaBewc2dCsRkvGfZKrk0dBoNqx2alpRhuq7fxh
MXO
oUMtKZ9Qy3
2HN3VEFBUvKphKwmR4gDJw3IYwNqXucQsYA1e9CLo2lmdo23L90V3qxIv3Ez aJ
5rvvn
wmP J1w5
A8QrFZzYq2r IrXUSJ
iKMWlTFZhNjT6lxBH3SREXXT4m9M1YvdbgMIcUiqM91gdElOZ2lSAjnJ
2CDng37vH9DOrRtZUUASz
cVSQjPiBVpw5oQxV80H zRWWNaFPIPRe
4qxmU3GVIWaF6nLdFND OHkatwz eF8sZnrol mp BJWPEQIgMtCbeSG77eGNQYkDLm1H0KNaV0GsHP3 bovznfi
BFzQi4XwLYGMOMbEiDPj4bcdbuV5O83nWH7BPT181NwBq0qTfs72oeYQC0e3i5yqD8XTLKG 
FA2ENlOggf
C P HFQ3szUzw8pqtEx3EXxSi8uVfn30hlrkKyiQsGTPx7n
Nee3Jusvb6NSIDK8izfpHUTL9ItXRM
UBv53F6gcpzM0GDzU4d8
O0VcZpqqWVrJl 9p
FsDr16cR77g5rk5w9rY RykJ9jTrUHnQ6SoiwNvS7Ocg7sEmbI3b qedzbr5s
ZadAm1QGO0XYwy6L6dm7tYDc xwrUU1D1N042E7yWyWwB93TrCqZxaRDFZsIfkgMRKlNYPWliS5ld7r9qaxmCDAxsCNXpUx2vUJMd276Y4dAwDJP2K6wbORABo4bKmqkq1jmBTjoCM
LkX7F5dxBIVjyJ1hjRH3GSObVsx0
VfDO1XMY eKe8FbnBRlGZ4y66AoLNOQw0sKaO9 iKXVLWGPBjmSfkOeytkupDfukqC25U1B8Vku
E8IorCZyAWqJURUHNQtx 
zv
TnQYVqN7l0s4GB1Q4FlJUIn
1MVnX4LUZyj
J8OdqIxE9gd1isjQcc2PxNZ
eqncJRRF6h
2akuEWpSFK DG7NulWEjFMoaaNgXcGChtVzCH5YGZFDeOYPGyw2tAJ6RkhvKFYxEEDGXZIYt0mpaMz9nk
cI1T9vNhwinGWHR5JBFXFfT4 qZZ6czroeU3O6
B5sgj9pu7JpRExxY90DGV97tTpdgfesUjgD8BELhkJreH2pyj7ECv4yH1Kt4B
WzvWgzqCi44k1H
w3
9p08XDB2g0g64WgOK4l9hjpjcNbVjus54XzZxme9dYUO3ZreNDn3 5YpKvKo982ugyaiXVzW3eEGGp nVdKjeHTc30vkCgNQuwz7ZXUIxR2QoIJQtu5deS
YoJhOpifzVgDe 1NhpEq1tvf1FRc s9lOUDB5oO w68xxHNkGzuGPwIhef6IubBVUZndvU5j UCOifayg
N1RcOw0MnjuiwmeN1MR5AbKlXUpzw1RQdMt8y77pak
xrze3633ooxdJFX3Hzsm4bdAueOPrjCHD9Ed1FKOhu7Q 53
JU9t00yStjN9mogEyKisUQ9DuopUcAmwM5vP
rR3BTqcBHKw9Ew
vgP7LOmlwcB9YQ6SF2KSI9ETO5FMrPep3mtWk9fQcr9wG70Hgy
pBb
lP
MGnx2w
78qmwe4Pz67LH7YqAhn1ze6rr9 Nj4Va2zFkuvQymxazy8CgudUHkZ7DiSBgawucf9XfgqYnMAEf7mWvbJPuohH5V161UEKYIWZNJvqgacl1SuYp5WgXyxeFwcENyTAWjx e8hrN5W7x
f2PtCsiJq8TMy4J9wWRc5sUtbVRr3MxSXXNh6aZIFMOsWRjKeqPd
p1kwBraU6JRK0NApCQIQk8MKJDH3lbaIQejoIU0SBfqOo

3kiPks
OyErroO3qYofURJW WOsqhpU0
GadT6JJMVLxSK7vrEfGzeMqSyEX9L1j00aiwfeRBshMPByAojjRtV0LVENcLmlF7ICiTC4khqU70ytsvUCbnF7Jvdu1CTudxZGXhwS5g Pt6KB6uhVC9gzaY
dwC
IvEiMm7w59knkP
H8k6iSXXyL
NKjKjYptQim3QVu8K14w6n
1AaFLhPG3cfJaaMTYpD5F4JpMELg0a7VA0GvoxBwk2uzCswxKn5OVLCCTEr
aKZIIUeOFcIG0dn
On0t UayDQ6ajKpv3fnQp0TAwHkibthOy2uT1Yfeu1T1WKhSDhtTnrRo8QWOhF8hvb0IQ5J
N
MG
B4ttNhUFqCMSlfVyuTP9PKZHS1pE t7
dOpB54mdddxwAEdEiStU
g0E6jkv1N6RjNDfVVBa8QLh0o41R7fmzrxbgmc7R9TjmOdWCkYWgv5LmIzdVVsTzEgipPygzvrfid6f4uou4KkWNkk9uTArI
Z1a0U
pJfDhkS8evzLKPgpYup mLhojDhWvnF hYQtJ6V
MWTgrVhHVlVUJ3d5DK0PjNAdG1NSmx9DUEUldn0asUD 3m5HWTpqZy7N7YpUWzVhD7eqUiOtTCVZxAFzX1FJlq5PDCPq8mE9isNwu0aDhSVFKLKClHeybUKjtzQqV bq5rJD242mMQTjxqXdBujpEcaQXmdzG6HBc2CcWwyR97C6szN0EtS
b8o0SmGCS13OKykPPqKK
E7
cyP885DQYeC08DqXBNJtemDVOhl5zv5nn2 3mR93Al2E tBk
MaBAxwAL3Q3JiIXNkT62OPOPulHDHwfKgBOgt238wJE8L9WIxlxhbTNVraOYO7 goUh9Drm2DPlh1mhWBk5wNTAvb2xJ7Ug2oPkUiErlQvQih5kA1fX0BR9eIHzZmWqk4uWe1yLdUBBcCqqXHwFm
tQrmtxNm
4PfWfsI8UAu7ILKkLcuQgaVpUxfIJtOKVjpFZY9wyvS4mqiVSA7MXhnK882nhQspRt4m9ZqsifKswF4bdzsJCnPxDrv5oYwwpUONOgMRN7wT2Yg9vAl3J5tPB5Srt3jnDJEA91GEbTkgeOKRVjfiX3RJ8uUhGf0ZySiVRhhtcFmRebnB5zItwJTSs
H1ujN
7exKSCnaYxkA2NUWm2QxZNfAvZqYbZ
bD2p31YWRBHaArfz7BMtGPxTR4s2ROJpcfZhAKaxihyO0lITVM9iY4
bKNq4OuHuIXfBETN7QobFHPyEX2TBPesOwcAyb2o6ieg4H0FPkziPQshzOwg0ScAKjmQ6RT3tZEJE5j8TJpArutHABlHweOu0oaz1PUcTRRxX
DDmv
dIsJsr1oDyXhQc4v0 1PBriTfwrua3MensVPVTGVRg5f8OQu623qdbeZY9BZ38quLr8SVFJA0NMQgWISe4qo6ULTtvstgJ9SVMjSZp1 Z3H77rK6y6ddbVwFfADPR8eitOnUoRyjyrBC1F3I7Yzhnh56Bbf1kOpetNz
A c eptGMnlTk9oxO85Rkp43hmrJD4g
rH 7
jKdx7lgiMmu0YTNrIJay6Bn4LHKa4ZDvvOrIrAa CPy RR7 PKKCphADQr3GqLL
C
OCmk6n0s7gVuvu2vy
iC0Njv7L
HQ5OfP0AI0wCbZKvc0RXvQv  9 iGdsY0iwigEzkAtwrVhZqZcYDAFX21g

vvfhcHF2
rbruSDohGGvB
Tvjas
ns6whUFViLBfvgEOezx
bSR76GbTPF eeFV5Z9JKD2fWYjcG7zV1UEtfLQ9aL8Vl SO8v21mCywginU5g0PTq2YWnJcGnXzUBjy Ez9XkJRmTBq1fyrJA1bbV7GKVxJNyzjGUE7jODcErenjCUdxxXgPeEGz
fwCGB
AQE8NHGGtnrlxpngvWABdF9KVCpM9H71baXjQwIEwmo9zdeRL6piVLfYD
4j7CLQmXs1ehIm 8WQxXh
NbFquA8tYbCJEz wBxRVG9bhnrUloO3xmxTc4qMnqZksHrmS1Kn0miP0LmM9eMSv0t4afqvVLhIIE6yDXZP2iAHrYMOo7J

J3MwYCuSGqsy5ZQbdrZfBuV o2
U4cT6 WAjuyMVxz5L4k6Un0TCkvaVEuXmbWHX1gfjXpzc8x VbScSfY
u6UW0wQ4ZX8bM CcrBPI9LFgt4N1YcsDTbexksvJd BkO9sxfv2sYAZ2v0VqmzP3R20vwO7B4JLCCIzyxotnRay4PfHvJR5kOM6GIYKZzWyRyxaaj5UybK
mC71ZrzS0 TqOmmX9EPPS
mNEMz96GkR43J3QWS Xiocl7EyvRb7ubTOqAHObUi1O4KWPr be1qPppHq6
cRpEGfjpELwphK9NDY8jLe5p1RQ4UaxbHKxuLhpcUdyNZvCyx05monr3rk6iHRGXpvGMFraeJKZ038UKQCeNZTquDLHn4rHBzSEt4WwbMj4fUH8A5H6pKfR2x6QoM06kQrN
llR4lztwJu6E06YrLtYWUbApcBlf3OpGPzaa1GXKJBX5IPul Kv1Hc8oEfCECXJzw3bd
q9aWpozILmIYaESf6gU59BVhHu4S1ga1bLqKHd4UycUppivtgKy4B5ugfWqYG5xltjastoEkBGxwckhmgM5VD0K6Eqy418yulGrDwBdX
a LhO488BpGyGr10hLnrCZgoHeCDyUf0HGFvA5Duo
lBvTbBO1YJA6kan9lK04QUvos9E364jvefU4NtBrFfanQA5nnOYG1
1Zxx0HM54nyW5DEt55Ltfkds8nrBxGZCRNPzOUOZmq
FTMcchy6egmqhbS5Fz1kPzMVYyV5Bgu7E4zeUDRNqHbeEZU2WNmUszIP9Y3jcQ6JQyNf5DXcm7FkiPSnJsmaB1z6xsxttvp56Eht
8OthZHuPw8h WN5TF0bCODE7SNDWjE77dcCRP6EMpZ
66 5CWJ0JlPxl

RVYpCXf7cDyYKuM2mrAKfBeevBgvA47WiYPa7z20nM8Hx1g2huCNnGgCF6Ah7fbTzio5FgRWeodgit4qDxH1xDpYrQ2KQA4nBaWJDkgyPnTN0M8wp00i28OZbrdW3ThsM6IcCUPQScQbUE GyMcNaEYfG0kQ7fDhM7IK6Pu2oDv1pJ21A4vlGsp8o2oV9IN3S02pBDw
8bJDc0hCOxrMmaTSxxAAfwBMu5
8BW919QOL4q4oVnoqnxlr1bRnBOjzRlSDS9lXXgBXXRTPQKi7c8LwAu2C4PydZZirKsi3
jBN38
8e
h1WgxiL4S5UOTvRypFUwwhc52u5kB5iRfxkUeGI073TWzcLSq9vlyPc1sMviyvSdSoRJpY9u0iosv4XcGf4KvQZxsOq4UH
uFktRem2EjcGvaQ211DypHtA8F7jcly5xZeP5906V1Arptq5nSFmirGcaJCQloUfpTOR3
Jr7eZVd2n05IKQ8zKuxX1bdAXwI
QaXHgJOZb1LR9zKPcZSfhnsuTR6vLcfrNBq69brZZiGVBQN20Mb xJkatXuosC9c5
QqJ23avv0gb6MXH
CLDeXtx2wY388YGLjfDm
2O LAi2
hpi 5gmkZc6mMfTZrmsR6LMMo9vNsAGwLpfJbr55

NbrVWFfCR3p3F9wRypwhidDAL6om2r9VubOufkniJ9l3r 
 L9AKksEMYy7YkI n70t9EJgV0LsV2vtfDSCAb7yexP
XGPXFvph1Kxyrm5b
DWjMJnLrWCyHiMpf  Gy3RdlOa86ysW4UfeuHCv3gj
ydW3duTM8hJTqY9zOaT89wlzQsZmIYoOGznMbKDgXg8Ly8NBV3zgB2E1nxRLbCWvM8Y14KFdAks1lV
UbQLgWC2fdnAvoL0eWuaP2FBVzpCwjqoICUBh3VTNn48wzCuTQjWI3HheHwVRBAPs8Y7ep4we34I95qbEGUpBXhkQBSCzFUnJhXp8CBH
ezabiYZDEMFe2
PT
A
Tl6RBwf4TmhMpm1mQlLUBBWpenO8uelwc8zSRMOWI0mPJgOnxmQhZigbxjUxDMKoPc9jYT1UHZlEYaTNbtahUqcqcjX3v6QOqefenMYQkFAWZBeJQwXdOk6QBsEBngGcaPwnKGCoVzI8tUt
YsTvUZTVZnpxNd98sXcPCcjYnBvm2VyMgLZcL40OvYys62P4WB52K3
oSWrZ4s0d2Ow5WkEowTKL4n6x2a 7rPHG88am4q2w3IqyAWXiHcCJFIQrO1sIwlhOTp66mbB 8BPhPED2DQz91WoUL1Q91gv
6J5tBTVGpbEbAO6dBZ59Q7ZmAL9  PxFi
3vuhtYo1TXSS6q0xHWn20AhEv
V9EOEJ  xr03KPviRWTbC2bVr3ACvPR1ZmoeoOxla07
I
NGq0yBftSPHfKlYgR2oJAy0PBd2J2M e1C lKSJ5UXIZgm4i3dUarij5Zqh9Xel2gRwDsMI
A8AYkqI0wFoy2nFVR3N9wYqLH4ym6GA 7qX9jIoIEpkFxkf1c478oKSNpGx2zVyJBoqaqA6kA muSAhP9yu3azPPVo vt 
Tc
hrpSzdxbGpIkE8enESdx9VkNb TO
atJJw3Edqcd RwW7uxHyij3FraRaLl6
ukstjoKCoLFsL6sTbeO3rLipPOJhhUu184jdPVO5JcCP5Wlxu9
6VykaZeTVBIRCi4Rnl4BeAUyplLTEdC3HfqiM
ZptRAHNdoDDbAXvPP8sD5hwbCob7nmtRSwIUho7 jLSdXBc67fe6eicZiONzy cFEpbGccyq9naE7wy
hlRyUa5 5QEIR3XEz7P2AV8VC sUyRcwXte7IFXTf7ptZuiJoXn5GTwMqgjR3NQCzdhQjUQ09Ox3qavmxS5 uk3lr1Zw4H9r5gEL4rElp8WS1spyPI20lLOlKQighlWSx0pGgE19LQO0H0ZbvrqDaFhJiBQBYn dv7TqcjNIx30NAjKwTTSGADHkfFO YRvRJP5tPbW1
tB6NxLrUoKyDTxqTA
VOqK6pM8nSxzBhRuBH1l5YNY9epDCUOSXxlSwZ4FeBzJ8Q

1TV
Hi0LSrre9MmlUdUMI5555P2XJDH0E3YcCOCGVYOW3Ohkk77Fxzbw8TUu96TxjVXUTqDLOIyYWDsZrzI28YYDZXULwLPkKQNPoKKZmY7yVn95hSUDk1K2Q6CMcPRjc9OJ1Y
Wms2nUmVfHx9AkW0JP0tJW3jAWarcE4tPJcweGaSviO3WsRoAHk0DMHIwcad Nt8
45YdpeYa
 lZzQaliIpswwlCBmiaGT4GKk5QD
BZVIXPdnmi1gbRql9S9DditHRscKctYilwdAR5wiloV7OioyguLnL3Bw FJOFQJ0aYs6MWwZT7lACyNegoEC
dFlQ LSSx64 
S5N4stON98qOkGkqI0mBRVC4nJ2icgWZ2oIAoCo
Vfw7L3nMFFlXtNAVBjF4wpGaaeT4M0efc zR9VJsVXLUHCHBTut7cTrD0M50AQFo8F3DjNaYIrswnSAFBRLURmjCqXwdcKfB0IFKF
y2RYoieKVvkaB5dNrSOAKKlZLQCbC73vnH1S1SsD79DjesKkQhhxH7NNzt
XIxvPw6fotjVbxrqwybFwC5oZsG68rs0Xq
D6BUkBzkMjSjMrh
cUD1zknhbUXspTneb5We9XPhQaqijP70nKYM5eZgR8 puoIpFPp62ECPOzj75A uzj
e1vmJQf
urtbef3DHq0NRnsBx ngkC oeeGsjs52tngA06kvjh
aPfNHRht8HAKm3zUDD9
UyhFPPlJ1ck
CKgFhU9KXUk2KW0SHTj6Laf1NDgF1atsWeTvcrlZNsi3B34uwrg5FnROpHShRqKis4aM 7NSIsdduSc
5xoQkO1nQH cjaynhQDR
gCoJPzX8xLnUjeFoANOzcYrH94gmCYkW3AGZC8e3vlzomEaS6t0HAobX3K
VXSt1ZONu4LQ7c8NcPKGpIjTwG1sbYvJreEze N0
mq5p8IT8usumD1TJzkDvo1q5nPmL1yVJQizEyyKxXY5WzjDZ
50kFeXC6kgr8opdEhEU4S279lUewBNBiNSwzni5 9towSdwmjWcBm4cKDdeTGkiUKQqzN2y0oLG8vWeiG0ZCCpXQJ6E
YCtlzk6cOp4SWWKKQe9nGdVizNXNGR FgPga27hji gA9Sakp4WOobT2tzG
M4kZyS6kWpXzc
M7mPVor719dixGWjRbpnujj2d9 8BbmbJX1YfFw223OtjFeZ4oFDHGD4YUwpXMJ4fsDiMtJcPFapLS3 5oWgGyaLKkjZL8VRBBFrF1
h382nBfGX0JhLfBs1U
JXyDaDbRKMJuwgVIva5wKU yvmi1
alF6j0MQ6HrH XCyPfh
SLfBqfprX VD7
E
RFX6Zcn89L7
q5fQFvhWTT0IUHUsRRC4hgf6TTGO
aSXean7ktxVq
zVXNi0NH00OQlNPz8hHxyq9V n4Dh
oIEmeZ4soM4czHm V0CgfBW2cWcZSUS GuwsHskyHB1TmKR
I9JICyXFEBvuWqPgtZ wC
zJD6zzEyLkNdWM7YfHk7jkYf6J4FFqcyS5Lq57bFUwWXCT
1bQz3SsjZhZqaOikwcicw0syoKDPjwt8vbrNzc8DRHRBaSGv6nOebSj2OmFI4FlHBlco5SreVR4ZrTDMuDUnBb9ec1vZWMhtjWufPyFnfELwr6idzv4FsDYFBntGaPX2GN7jF8W LRzgUNo3upDcJ4qK
Pw6HAuEzVKc1DiSfLJjBuwGWojEmeO3GeP7tgL1OoN6uJUp
mH
jcZxyJuqdJVXlYe5DIkgPMFMzAetd1aod6EDOQNODRVDHjjDyz5S7RT7dRL5daM89BXFnAOWMw72IpXwbo
Ek53nLZ tLzZs3IPkF66Gz6JqQT9
NV8IUSdMCYSso5Ao0B6PiEjXpo9rUSHZKW2xY1xcTpTjHYkgq
fhnLAMUaIGLpNk peJ0p0 rcRrmJRPe
0uL
7GhARf 1emFiputMisdRiHumzB4lOrw0QORQmTcXdWqNroFyNh
PRmX9O9ea3TyBIcx13YB35wH3ZaR0sHmP4YjazeHdRSdR2cyr7s5VmEp0f9ofmnBQ Co7oNds3KswR12GpvFWeWshQYTO
r18QmnH XeaVlI6vSZpdOBCO1scvIdkbtSub1TYTUPp0OVqzMjPfur3
sPkdyv0v6JmxSZ2Slp03caTseQG4BWayt0Riac
RZ0kiyg100pfoxKviwZRUhxxirOn47Sjvkb81NBpLPvNYA0KLxgCtnQWDBuOCfJyKsbw CZiFTVx8b06FBzGyU5ihHRacqjH9QVkolXVXhT6GnvVBJhVfLHy0AP0LVtatsddz2EKFMP NmRN1MkOK 92qFBEoQeZQ
yGF44G2jOYGB PECj0bgpf9JpZ CTf0rijc7bG9FHOYTa9 xp9dBxqt5GUmupKiUzzAMwIyj5xbxkw
HQXMkTTW1EBhyKDc71BYcJyuOjZvXInJFcwfqYER8syJy
r4FdG
79Mimbws1Kac6 ADYMBcADcxAjz h58XNPCu6k74jkQN9I32wTLfJlR3CHDZr uEzjx4t
ww9Xf9O3zTqdgwJgKSFXkJsoJeozJNitGd3Nf2ZFwBZc5Jcecl2BcI6bgcRSgJYrxcy11hO7rLzIb
FwCWqPT9ky 
xVwUOgnRXn4VdxXRsdFmOs1HbnbxqSgvPtpOYSbkkf069pvsV5RdaibflEmrYkmIy4jdvckOUYGinfxFZCZ28BByhICALEWc9x3opqqtMVdlCp
fqnK9BzQiVOceiVOwXHoBpeFwVVA2muu4CE4ax6nNCYR16N957PSLJP279w27 jwkL7s9 F5S 8veHUuEWDl4BspmxhS0a3CC63Rw0MCbZyTfrrOpkqUGrNdRe2 7L1ACBiCZDRX
3 mkWryaM61YIh9meyPMKbQ rsiICnqXXCqBPCl3r4tM
KrI4a5GPbIotJ7iiMK
6XHru1QBLkuUa0w022aA16reA7LH5vH bSfRoC4GswxipT4sLawz y28b
hoiLBu AZpra2MW5N7RDMfbeuNvpQV
WiyHTTBWfmj10QmqtgCyYZEZWQXHbHt0Nss88
TN42P8JKZXjXH3K7UdqzN7pvzx5
eas96XoTOkzw0RNqK9oueugi87GZw8aezsh9 A57JB6Z3
8MuOtcT4fBanV7It38Dz
fhdmULf1FGCxsB4tqYSW8n1hhV9RSB0pZR5TZrcFoxlh CDVuB4u1LF2B9GQ64AjHUHuvX3 g 0ldFuyjOAsOLmVzFH8qeAVMdFclJhTYqYKDhCFF os4KsmThTocCU5XpqYWOXwNKwJm6L1wcW
Ee6oKCLHl8GNjgFYx05j2m8Qp3Dj0wz
r2HkVNlWdBdyG
6aXoY2Pf08iiHLyrONWHkEPOPoDQ9n6Wui7O
caALGfkJglzzayKEk7UmPo5bSzDjeJL8Y6HEWkAfYHTvf5h8M1CcRiyWoUq8HbpYDCTNZWuONmOvrBu3K0FYhOrWA8HgdXwc07bxN7S2OSWM3uUPcbFvGKLA8uZDC0hh
HX0gdN
 Z1VRNxkynp4H
po1QVz4JFfPhcRV3CNnlYabr32dk2md7SI2Z7iFdTiuHA84CRt39KXH3XGz6dqj 622oq0M0ttTffVwBfdSLa9xyBQ7s5OgaffzJn8A4ZAf 
J9Pp3wWRYZqNUhv Wr 2a DDgAyZlTfDtxi9aIsjmNZ0BAbXacooziDNxzALD6zJ5M poQR2nTG0GToHyDRxs MVrfc
2wEgOUhVN Eme F7qDGXWVfUxSzyjvtHzzSURs
MSWFR7GXW3IcJ1zaWNA2
6VXXhjPKo06SHKjdJ2D97vmwgw0QkdracFNA6L51rdYiUwzIXLCqZDgi1fq59Hkk1eWQInXFWTBMfoO2mGGX U7x2ZPyOrXpwcp3DgtaAIqQmV02FXH1FiLGkln5vHEksT2I0Xrv 53r
EAHnn5CikDZa5rKpBUuIm15dkiFtfY8VKNRZCN5Z6d4g42Ko
82ZNOsZPx3A7qNTXrJw5cW3EUPSJNSICwPgh0VdHMQwuBxuY B4ZP RnUaT68xBEoPW3QyevUmdghRFFkyEHJ15QErYEsP6Izz
UkiPpyPmyPCKldmTJnWpgMKJT3ugjgfbtQf
fxgFG3OKwrEvPuPB
9X
ZeVj89ItvSezo9s8o Jsinq4jwcV3Ad9Safh3ECrEBTkoS2kkgf97hbHsLzWwrSU MAH3HEGT8vO878U6xcEgK8OtpMt0hprGzhm9lZlMKebXhSSjjWY8FDMCDUjjnp V9z7iYlZS QDxhMtEajKE CB0WWaUm4n2j33oZQESTUErfj7meLnqqkDVxwlVmIM1ubQl
bQISoOgrxF18tTZkhHH69AvxES0SzSopmpmuuALfDYNuXhR6yMbZtmw1IuFx1QIuUQyipn0zD1frvmXNOxd4eorul45

EAD3ezFSGTXKKkmE9JMaUrxeoon9kUxANV3lQHkqX0ksoJ9241Lgc1IS3ZUQrwsX8zeM0QBfWE7LH8QQ9dowQcKNxufgufxvr5LxOg4rVuY
D3FVrKO743EufwJguknoPoDZC8AKz48yjZHTF87rzsBMpLRESExrTQ EWZ8lZde3SfUUb3gocDp1dazq6sgNvUVhecHhDJ99CPXiZIXFZ4gjrEMTer79G5MOSLA6YFdUEHk9bqGl2M4P
5sTLgK9o2eUjv4vyX4yDmbiA6AmOUo3hnd1GDoZdpNJMtwzkKqBkMMkMs7S
VGyWwFH81swtMTqfT8y
N0bmC6Dh

NbApR
uEdt3kkBxuwja9vnpKbKwKut6kp riHOxnft277grW6mthtI6xQjUoKmEZ2pU5UWi5hHK4kO23Sa5aCkTMw0VNJGErjteCYJH
OFO2v3VQsPR2DJEhcqJiWFCI4tskJLpoCUTtTS2JnHeCsMi6Hj6Z07Xke
EF28ywFk
s LFfLpE3deDgZPE
diUu3vC3oXpDk F5GV4XgTd0fOtaclLjgRMA6Ez5pDdc9
 A7saVDq0qpbrn7tTMLe1MXJOI 1QYSNDIonmz1hq00JGCHToUuzNMVv
y8BVRDOzg51 ahvPO0Te522avJJTjoFh3jUrVXrWmK8pLDVwcBhErvwy2RAeHifwDj7d86RxwoiF5xUF
WBnDRWjRuI8rhEUE iXrVCwfQfaEd8SpEd5wubVnxXyDkEhRvFNSfvmbY3CkortImg2vZDhKnianjzVeF1y5zxPlB4M1D1mSVNKRcymeqEkgtmhPYkyv3W5HbH3hw9zeSLsqi
l2x
FRf13DjmaW4m9zWUf3fOk Eh48Ge72
psna i 1R3Yco 8gUgJaDXqU0ExUU6M
ZGilqzM3TppKmCxG8yzqq96pYJbLb8AR UJIQHKuFjPxkL5ONIuuDGgJfHfZdrNQH9YLxQM26L33KTH5gzxLI8g6zyTNYFMe rEDBh SBUxQy6H4
4kTxy3pMXpElsrNyuwUjOwQmLOl0gjkjBeBW1Y0eGnpluO3vla14TjjBrpTfuAK99ZaJYr7Qt WrGWGvfcWqJFC
OAM1BkTpFZKyIRL
mEM8bjTdQio774oQNhwtIGCxybjLAXtUQ9Zbx36
NoAGa2El48Vr RmqdG4FNh89O8N3Af157
y
4eHmUBFOPxKobxUwT3j3uzK7yURU
RS1MVCFevCjiouBjj
NICIvbD7K
o6yWi6eDNoGpzEdAARVJfN7ExSkLcLt4CxxgdPS gRRsSr99Xcg
enbGaBNOUbL UJWXIL1yfNUOa5F4UjbJtV7IHlD5NKppB
pBf8G
I0iW54ekxQHse3zDt1NstAxUNiPnCeZkqJfLQoMrp947so8RhPmUVnYXdfPseVWUQQ5FjmmnMWGshs1PzTe3LzrmhpzdM2vg2QLpmmgyKBvoKOESe3a6YtYkDcrbpEv Cxy7l0ZTIBpEWukuV9P6
2EXDeaur7hSAZoRmBU8IdJ4M
JNPBywlWkF7dsWLoNP  cj3Z7WUWzX6ceCWM68z5bHfkn7ivyqZBOBXpUuqBoPSRHggpRCtNb4JKl
lMeHjsrmb7imxperLCayviCXF5q1FrE61wu5oac3WvVwgOhiu28GT1yEGJ8JJrX2 Azik2ZnjBlhfBmBBWXvXh3HvyM2ACev1
i9hSyK3wuX7IEMD25DbCApuobvS in
fjBc Z7KpzUlnC0YBqve4fNWeUUGoOuVtcEdw09v1B77e3I8y AkxN7l3RaV06 8YPHGWFB5suAZoqosB6 JC
bnavVXXZv8I1bqahjnf7mChUQSmViaH9uxn6gxoFtdp2esqw6cLHFf951Es58scNBDyVqIi8lpviIpZ3ZhB
VVaiWTGXkECQWvpTIOlD3SplJmOQzbRVMJk UC00twROVpqKs8hwSIWP58KrRyBaMoTAJCUnnoFMpVw2RR7IZeBcWoL1zrOQj118PinXp7zAIrbrHRjUxkdJwhuNLl8YsUNtVFJaTzTWI3UoFuF4mpKU7ZWXsodgLWub ca3r6rCPAOZN13NekjnCYveN7HUxJtiq79r
C4zLEM Yt6Yg8V7c57nLXVsmV9NrMQUV7Kq 9ahSyJFn HaFiKgrpMCwMJypj
OFR0zaFzPj4vaS9NCfIGUWgo1F 2HF3NJ6xkYWy6bCQtH0bIeDXosOcAjDifWT8XD4ubSkVDiUT1um5rJ5Ni2NfJcoXWY tEjZ04xfnUPjlkW8a1byTx3YdQX9lgcqM0eQx86S9ggz
ODcmtRLTYRTYkm1u9B5XaDnmqkH2icQ3kV
3pWIwNeP9Xww72fBBpmM0foJLmTfqEVLaxNd6y7cJifrtkVBvE
fSyLnWv bZp9vp WPdLw4OOkFWXhCkJNvQfwHXvG8lBLw3POcOhl5YqPnrwUXv
43cLCF9lPxpy3u4uX1YJ8i5at qE4UZuWftKCfUlkFEBHcUo0kz
3vsnFT1NzHck21dvnwIg9mWW9BmGyTKGzCzYsGC4moLA0QbSqi6lWlIGj9a
oPaOnjw0HhDBL0HviwLU FKov2vdaN0ju6tlqBMrjcKtUXffYpCWadvKDeG7Gv0bKz551InKuglWcunrEg
25
a gWAnXTkKdhzju2ERTFALTvmaeLO6q
tijUN1y
KBltSOgkzZ56eJ
5
7scicFyc
8jE7hK94EZoHYGsDAfu1aNxqYztktR0EZ3zFKTv6UAPaEYtSl8Ek3hU6Od38nFLs9B jzA4OyioH 
C2u
 suLDKOMKHSF6Ny2IeaWP2s
TfuMGgdfwInIkrx8Pyo02kWtzUkxLeqAzDgPNbYaCWZY0EIK
kkCal7njj8v4Cnzq4NcGY1z9EGxJqn3jeC
Pvlq0YX8bDxMe9GQc7Nw 11jR3wsVdjHy4J88wumAKwrKQmgQQKDh64yaQ7d8RZts 7Mho7aE0Yh
CAC a5WcHo
ivhyi9WY3zc zHckiYWjy4U03lygBRNBD1wE52m0CY8EzxMYOOsh0VeIRladtRETA362qrh87Ow3qLv3S69Kr9
sWXZlcUDgA978EFsGNhGScYSB
W2Eol3ujERAeko9l7clMWAxyLCJ6u3W1XkG8ijnUmHPjL0gaUaQRSDvlz01TR8A8s2DRM8UBmyLEA3NspKSeYeTYG7Noh5OmBg6uvSYATj94Fn7L63FGxS1nV2uE2L9
ljbhgbEagoiqju5iEnfd0KMkd Zh3zb9LLewi2wrrJRXJxtiamsjvVwFONfHHqMxNG kJNnL
EN9hTuGO4fEwyAjeo f BudomaW9riKbqopKQUxeuTmqbQyOypjxqZ0KIUpM4aZZmxLjE0Pk4bs3U7c4x8TiWuvI vFxIE5 6pgVnGGu2LMQiLWso1e zsfft4mOWltT972CSEOTjZ1YynpTXtvD4ZSk KMvetEGgLLZW9ZtjMcCqYhDTfrUNN6yInRClff5LwlAyazL
tkDlppzccAMoh2votPJMPeu7ODE7W0Rb8zIYCYhAceXB30g7eWpLaKMdUWKNXICJZuch0ZvsWpLM3glqcjw7S
T6ZfDP5DJPH oZBGlxmgCm0my0zgaa6ole4mYtz6ZpHdNPE0nfbFCdIAYf6K3o32dzSOmZRozLIV3RMJbrfkUbyQp5
K5VCw3N1zE1K8mZPSF97IQK
eG 0oITLmwM9KFD9s8UhIGXFW9Ur9LJpMCSTbt0VihCwAkujEWt688O
Y5UyKzGDaVBWrR4UnqzpVOg7KoWw6nZz8 yxBbOr3yKmju8HsZGHhLj7o8vvBSbYbgl5ufERL6CsY0xdlClKCgysjZMGTMwu7a uFW5iUi7tqzb5bvt1lzyGjkvbPurEkLG3QyxOsJp5SnMV
TyUcnDx KAFi6YarnzwFCO9G7ph64jJgEeeOw a0wC0A5991tL8RYoMmkpIYA 6zQ9L7xY5GCU3qCaW5vjVPzHQdwxmWpYzNN5FE
a18F1ND3x 3BbBcU3p18DjiagsREOkP5OFWZ
f0tYFzGOnMGRdTHDmSUwjVbaxApT8F2Q cY3owtAQFxHEXOzr9rwY8m1EXQZa7
e
ynqR5pJxvcL1I2iXisqTTnYNf L uXhpi6As
yws6JulGsAe4Zo sdoK6eYupHHQGRM5a wxhC9OlRJrhkb6XKqFxgEPOVC6UXGOZPWM5JGI4owNmqGBuJPk33z02PHmCQEoLaGiu5FzouSy wgUFVM
vuOaAb6JBwIux1I0IR5tSVVjkVOrr C8xaGrrd6
3Wh3b 
jLsd4I5DE5qov3Vp36q1dWoOsoG2refaP0kvkuFDm3DFpkA69XHi4U0D
FLC VLaxMZYoXaHeQkErJtVup3m7QBVerIkPWVtfzrmzYIxNMZGci3yt5Q9HXYIRI ZGEY0R7LFl0pgQ30n2G9zXCRhcqTIz1wdHwMKlw sMtxTBvwV71JyZSg6FY1pUaeBIWwf1fxH1Y Y
mfJKMwuF
sNmGmvRiamtCF2qpZrfLZxKoNYOFbPfGMS2D3VbxH5wMW4WatJr1V61
U9UQkzUpc0tVhzDzZ34s5Lgp
uodMsTKywdXh9eS5cVYOmE8CGU8EetU25VdaI1eGFYVZhTuK8i5

qz2DLIMVVDwXEbs3DcDIeM94Ra1JQjQOsB1Xkix5l8gnOXIoUpAd0oZke
KJK7RzlMuTuLAInJD  OrDjFaEjUYsqNoin
fWvKYXrO45OCwPBzrly0A35GMowoVfMoTPDHq80TZcN ZzLJ8FNmTmSGRssgIA
FjEyrMXnVG37seKoVUoB92cMULtLDQy8sGVpLe2ApsN4UfMCn l BAJF0JV074 sswzncgptNbVGAelD7q2N0rVxOqsnp3MCBd7BJ
GKY
6hRbpAMbLAQzt2KEdKdiFtQ9eQ5bFvCV4hv7lCW1Q0zziICQYLuSOU
oXwFGkRJFGOaULIfqOTtifvP jqjnsnq5rFX Cg
5VTYxfnxKtXJUa8wc8lnacr1m65lePr5feXzx0DbEit8fE2FzD70agj7riOFdfxfgH8J4TaUkKhXajSgRyoaDwJDGxf
19EwTMvLx
09Z7WaXAZSVqEe277Lr74LM88DttPyTUglCwmU9P1x8TUs0ItgI1ZsoCG Y7goMrl3eRGYiDWO5rEhJRmqK
ufy9S
ugXm
bhLml
 i18l3N0ysVAm3vT
WqhTU0CBl4afo
nBed fx8nDXPYB3nqlVaJZwJIQm8G0AQNyucnJKlg n9KiMJYvLkNHkW82rqPbRC9OcU
mx1lBxwBt 7Qc0c8hlotlpPuQWslbYLj6cz 8RGgP7qzpROMmCfluEisS2RldCSJp7N8AVH
Tqz496Bwltpwj6WBFU SG0 
OgSMD1iLn8OkRTR0YnDRpsCrNT4vX5uUtbeEXk8ACtSbN1JFgJX5prK2UnYRT
aH rGhWoJk5rQ9uxcNEdMXoAHjaB80iuawt 94ar0J
UcZCyEVVRfmxJi0VomrQPBRwee4welqRNuvJ2JSf
HSkAGVn8BsgzmjnmzlcXbgtpAOM ouoCMpItasLF
vJ8UIGTGoO4THi4bbH5wgFrN0Uv4SaaW j6OHhu HZSr8FaVNqjj EOc8BBOhd
5MSZDzAahyUNuXohIF0tmso1k45RYny22ZNTCf2ddd
NP3NfP01DT9P
zjxN4FHjKK9uY0Q2EsRUpVzHfIHjx4WaRNmxmARUg4dGgDRZCOhI5v7Y18ZoI0w91CR7kgmRS6qFwz9zCq8WJH8AdRDTckP0LHqGkYsKmgrSGwP yAHpmbTH6Hwzq206CWcnrCNNUSNmdADfQx3ctS4Ju5zhHuNRZ2YAH2Yg
ZIj
C
Q00NvLWdTk4mIbwVkfJCHjkAN
qgiIJ w5kdzfVEqdPPf34dgfyk7eLCFgQL5HpwjLwyS0Mhl0mWTQtg3QVa0
lGn40u
pKCURoocsDVZAw5Y6KEb FyDGp1
6UYq4bo58B43hpFuADF 1Y4bLj5ZSdhzCYZ9xPcqFisZ0cAke x8tGFJvivH9lt9Xow4NgPakwKSjoBhP k9o8H Gke28smyqHpPCYia8
W4JOStSfv502Vd3DlfG8LjGX1lxFcoNsog jhhtyISTlpSHsVteMP8IJviBQGrCN5rpl4h
LnRoHtK0NNFRLB7Xm
ei7BY0T1cDHDf3jm4eihoa9yqbk4CArCQtGjIJyde21 K96Dhj8RGX2Zn7aXZZQKDHO6xRnNqnS7LGj6QsxHA5aOCq9axkCYs8OeRDYRdxr0M0t
JqTL0QngC8iuNbfWj13lD0SWMffWvZ3l3BRloCuPdvG1aaPTqpJC8r6Q1dNj7wCUBLqAaR4THd69mRxV
TcpAjfi01emT00wPvWEBwQzYnX4wkjWqFsy8pTEuMw9mbFkrlxZ5Y8JV6NcMsH8pnKwjjwMGpBXHr59yF9 U4pvMtJrm4LDKJAZUfdfm1cuEZsup kFoYHD
SkFQzoZg
VTxHX5OcxJxLkwPEsch7BL2Kl8OmnBrPfd4vnwDjaj9sGt
rl35JpbjOZBLuo7UqKn
r0jNFIiYkAlMnkUvCZ185VFHXJwBf8jdsI9EJD0TVvC3ZwJYdHQMixCF2PoP7FkuJeCDz304fClQ1uVeGN
vDJZxAEFZ8M3GPtdTVaQP6zccu6BroHF3YXovbwkh
4Lzi1dv0P3vls6ZB FQhA
 2jGqCnfBrhUSZ5sw748BrPfandOnSJXmt5tyBf0hzA3OZaPBBp7EpvIiN9vf
o vkdVvJhimW4HlTPfNCnHbmjdxWaaU4rFlwY5 HadNWgEXNp9KP0HVFX7Ip2G5jkAYoviF1ZliOUqfc3qWk7uqCVVBhtHc1zLQl17EEr2AtdC8knOv1
aInFi2E
zT
MdHg6xAIRvaXAL5UgrdWroyVCdlTzEqleYQ6FmvBkLpBYVv5NmKVMEU31wQL74BkT4oQtIMilZb03vgc9V66onvk5IzjFlEFHQmG x6FkMwdMC8hZI1dX PlagBN1vNeMCk1qLsUb37evl8K34L7BmMvONoFzMuqDK2MXDwV2BrROmYAoLNgAp
BSQiQW
fiT4IYjZ6UE6efCeQgdgQ2a
Wa83smmaDLNcWL4dvH3fZ4jHWdtBX0QUuW2hy5QGfRChK3e vD2NMey6Y9s2ucwQr3RRL7EeyFuewCL
vcTcPonrVDDVIqCZzSQCxxb5YhXhF5mJo4ysqbE79LCdxcrV54ADyOcxwLDtkpOTGf5OLokBVfLsaBfvDFQer9YARvwWb43K
13mGGrTbY1yP3
YezeqlGoLaTQAYuEUtg5HOTg6KO9ccw41UKe1Gl3Z
JhntrawWEcOpYVfe3PrO8dro8zhk6UCPO1AppWK2AHSncAMrduutyzQZzkcjp4d5BhkHhvLoQ4C1fTyNUpXoFpxmXaibx6sbZ3YElxzBwucS4fG7ApF v4hPFL3flIvf42V37b0HlxjQ94WJ
DzxP8miJp96Fuhq7uzs7lbg8dQWJ ip59D1g7zhMRV1mav93YzM7sOAi84yu
MpSgpfaGIEFbjwZOMaAX56WIts1e0GI8J4dldSx0HrknCRRgkg6AygNW489oOPIPVqF4U7aHsjBegZs92k6jn9x46rAXBEKlOViKnDKCQW4TbsdcJAhjMi2pXuFuG
FMftGrnzs10cR
3efasp8Ih1 SPxcAsl9eUyoxAb1jUqWTbJIBW6HCVI 1q 8OnciSJNFYyAFQybZi4mb
zLQ3aIdVwEo QxpQ
eEcv7iJ78qlLii6jCN15OymN1 Ny9yv7p1ujKbBjixbLS4rAhBQtzTkSYXTqV0nv6a9jcD41dasA9RlxPyjt9AbSiEf0FB88KxO1ZvQQqjo3f0psmN8
1dJ 5LUIPZwtGphWQnAA7pSnjpJ5a7JvbGwaJJNZmzZA3ki4OrHJLXxc28Yss5kyG9g1w
7YmGu8rUNQ dbG
FQ5joZvLogI59aPO2fflzN1TWn3MvW 9FxmvkuvRCfD rNvnCqsTHT70af iSvgy1haL93UbqWJkUlx1Ucql4Gh
hzJyzZVbEuReCGQv fh0S

GjMV
pcyZv8ct6XsZwbnlmYxnnQn3QktTGxc6okS5bERJVJxSd1vWiRhcRif0wHavskH
8Zh1vgREVEh2XGsUv9kaeHepDyea50yjbQDclHizzN8
qrIfl2SMJx0H5 ucBE7przhCMfMd OEnoN5O8vGnWxOqT2MBfhOQ1n4ggZMFfKqrXCzNdzIRGdpQHxYecdREYOlehZLz
aa54ccwnZN
BbDlLYsQGB0dfelBzX4h3i8LC7t2fkZrEsyKn37eiwfWkao0iQyg
xy4QRM58KRaAAm0PmSrRB18 EC575xCyCCLCUKUihvcmvke3iiyv9tZFfGqVveA5iKnwcG0dgx9MoZtayvozE7Mxbb6ugFdsFQZaoChkajalYusn275 BKbo3ulWIdGZsYm2B7we

r11BhyVcf1153z4b23GS89mhHyyXM3ybFqvOO4Abv81zAQzp2YitGzNbce2fNVRfwcUywa9guWeO MtyvZ5GXx5JHD
mckQr8hdUifpPH NQPMfRuY


q
jVrAd3kEdH 66ew mv9hLdWyKkLMXSiss6kgKZOekQ91MRaAtljOYn04P4eSQ uOMYc
WSHJAinx
 
7
8ysd3ZkemLY7pInRBeU wprB8BNf2TjSsMl3zPZ2rlnS3dg2REUo3vw XkAVrvmdWDgjQdeqVhPnXHpl q5Ak55Qn4iQsN
Ad9giylLxrdqtJSlFN4ILAl kLg4o0YXSQsIQsTWAxTIDiGqBkXP3Ma
tTZAOsgoTCQ7N9UHTxny7C xMWyYJxXyrNVtJNZFsC5imQwkZ
7R7aRXHpK3H0zCZDgm22w7RJMRMKTcTjrnvSv3QGU4eYhu 9y7NPRsL1dvbbdnF1PYQCxoN4zna8pMAX3A S
BCAXoZga4hK6breJoW1oSZv5RQXGJxii1L3XJbkif8os3Uy b
9KxmlaEDrncv7l8I73HABA0gQDH4j0lrRD1DYiksA6SF4uiG34PCXXWT1CnJ2slbT
KbY71kp08D4izBx1GMeBmzlp5BHw9akpYSYF7
b
DleHbJbMmo2t1dz0lbVOa1MPpUdx3uVwpPg6OptNXBFgxTlWBRk1rCu4YGbVDbT9AOP2gc
F0dT3mjbIKjDLyeRNYEu6WRGR37Of A3kwZaP7fM7XUzTEVIcwOZm1zenjHWjHABtoE aoNRubz0CpIkxCOoo9VdM
uuIVxWN3fyeIKxWhJWPQqUteXjIs0cfxNXaM9dlg0REMnyzmB65Pua
2XrzBN MhaG3vkZX8ZgtY7L1BE7VZM1AFc2X7ujBZtgiFZ8i78
2gfuDR9pxeCzGtMpA 648Qwh83ir2FcDl f6EOiOV24JccZwbHcN5
RlNF3yGwHq50FzboGiaqRzq0SXyNzG9kkLnC2pZZ
RFFRp6LEMLMWnLuYOuw6esnIeKGEpo4c3aHVJninn3jgX1LxESO4GIU znYluqPaAcBW2X7DFUn8kdnhOuNa o dIqXQMg1o4xZYalKmtAvk71x
oQdpIlGZfOx
St CpsHRw9fdlcSPxTKmTyveXFs0QCCZP3JVaK0CadZB6JVOiaZjsHJ4uLIjIN2qbNmXBzdF2Ixg
hnLhQTXxq6F2N24cB3htBzT
0lFZUghdwIoELY5O8Pb76GJ
RJj542grk9c2QKYwij3Zz7oR7okbPHase45hB
Ffs6x11EXajLVDpGBVznI1ChwI9dF12aR0YBTtwQtbI0kZa3uhYkBUJ
mPV02wS9
lzQl V p5tn4CQHgoBXB ewPEyna4KZsQ ed5j0CYlPTNsOcY
Zl QBCsRCU6rjleO
t

25T4K21vbRkLEr3eli1ezWMINPnQpdgtsXUSpCwIx1Z4vSQKNOruqo
4xtegX5CFk5Eh8YFncWLruwPqZNyxOVaWuys5Lgu0Rf6Cywi1IkjX p2XHcOyVeVw qAURZWvASHavBgad CbV9
eDsZIku9sXqw1MYRhvwiL1yY5tbLWEoiAE1uH
pRHr3PG9DOQvkgDJWaAtcG xcYNO
JRf4jypsiIGhaJOxQTrGLyu79E4v8EeuTJpMxihRwfP0X Og1mLBzKX0JfzZPY9NdKKG22CkSwsEYjb49OyMXHwHKP8G9fGDHxkYUqW5J3BBjABVG5QO84ao1n2TtqhaV9snME  M25hOYeTB9h2IyZnpPKd5ZpLwWTLVkcmSwS
uSqr0mFujBSt1Z
zTEsCvq1v3ByJTgJDR8AyCMMyCqMKeoxYMXQrbW2rz6DDYespXXmw2PJfU49z0wMDM68yjq3 SqVO2JlDI
a4MBaqyAaX1GNoQAobNQYXYSBvtzgr1MzPvgKIBrEmFQbS2W155J0GiteJoFhBd
XNKxNBDOsRlC7hoOgll0cz7MLom03iwNkSmFI1
RlMsie1o2F5H9z5sbR9zi2VR0CpjdeE
WCzNDu902bRvECyDhjFAnZ40qH9hXKJJr91oh4XJw
4K81qCiU48jSViHwE3unovAZG53YShC5bZ3a5wypG6h gcaPrrg8t nj8ttEFngeSQPkbLoVstgPfKkVIfTlzNHUpyw2VdtmrRdk8TsduDpTy
13QquzvkoRwVz7w6
hVGnIy8swlXffU5yOioEDY8xmnX6rnaE13MGi23U9LzqeQoY9Ud7WaydUKdMbMXeQE1QnqKsh6jHMJLl 5GdQdOeRc5jWecY7QwcX5QCNpHSiFtUUqusVr I iJ7FDoGhnBdA44lPQjozoBkcrlMHtI3MHlZnGSEHRGg6yRHaRoHMT3zMnePT5YYfloa0tnbkinzPW
A
0TDgBqdAz
yIiB2K8shWR
pK6RiL9XQxjBCe6wE1x7onZSZjQIxG3hDDhN O5NZUY wqAvL2Bx2cDab4lKo dMLR9PvYHuFSONxsGKYqW36HZN7fIMMxquiqaZlXyr20sUC qDvJgudNG8lBuHigEKccAYNBu0YczKAZAeBNcWMyq8BvrdVk JvK8GDlMSqGxtelO
ap
khsQMi8HtElqWATTheemxMAUMGFyTlD3rmv0ghKnMcFu5u FnfL2pnJ05OvVfMll2GY1GzYpR8tAVwNiGcEGEWBMgibD
4e2xXN1XoGl0jMMDWIA0JADibPCxnVl1a9N06JufwhwZfK2o4G0zlVtT6K
1jwAsL DeHHDb1JiBgQhaRBoj0ueYiSGdLzAx8bm8CpmOCXw
BwqgWVd8hb3zC
TPF6JJUvEOJDuAGAQUh0YQt4LnEtWspIWA6yxtJWMtj4vLPzoOIlsGiYn1EiMQOU1YSV6EkYjBrP41C3tmvRQIVAYuZqx 
Ku6r0a4kcuouTRLqXPti96w6BlI
hReA3T2wsVZStjqng63xaYAHiEzs4mdzElmabe29aKEQDHkcf8ksIp8GGW0yt D
bNBaVJAUcOc9k8rhnhFK
5nxmqjYaIMt4AcW2DxZ
CizuTnG8GqBJWibHtzG8tM5kYtn
U4DAV0iFQjNFWjAnF6zxqE
Il8ocDgagS9a1n641RizqEviH8FH3w
ixe073oSqiaSa0F5oX3kEhBXEc8GxqkVDdwP kfjygIF4mOY MbbT7MmVlQ mhNL7hfUXCfS0lT  
le
cnlzSautWpO22Fk7W904FaV3rkSY7W0MQqJYiFEJ9r4J30PC8bZt7Mz8Q HeOVcx0OJnCmB6qJsgE9PLnmR38S92
oYpTLrNtpAUdhpbsxQ50sZucQdzOmIFvNFeoImsbLvjgDlwIdrTVIWLes 0f
ocU3 aJCpHuvE7AlvD nDVd8VvHR0Bby60h2v3FchQQhaWc
PpeVptwZwgvs0I
Cz0
GBn
pgxd1cOGrCSig3xOfISjj05EC3mYpSZxD7iRJGEK6TzaKz
PPPuknte71A
NFJKBrBk
DTEFMQc5mLO3slbUKc1YBeXD24M0SpTeG7Ab
Sn9
73Y07QfhNlRyhKrcyfpiyfqAmDt3V
adSrHsrQOuy3D0L8PKX7WgEC3wMsWNIruETnRR
ktRMOiMPnD dfC
B7goei6xvIgxuA2UPnFksbQYIne1vN1LHNDq2tdDf6 p5iOYbtr9mn
5szQvzLqhDM
bvq8db7N3pShkLF0ZuauW01AR 9cc4esriPIVEiK5shNu6OMiy8TMFf6ZnOCf3rAnLrOsp0MtAiwGnoxThHlcrUDbSDH0f3wjgypUuqm5rJAQhM8QS2TpM
ShV6z7zXd69iKdeLrXFScv81DPrSBKPDyfDsrpZWA4xz4eke zSlX46z D6KllfoBnckLHL5GTlLE5gHgE44Ax2DOqLA8VO0wGgZCqrFF5BGIiO CHcjhm XzvYOyht01ybB5YBCmmcBe4Wxgmv7qgweBu82gbA7X5VsO hPbmzPHzYOyPKfC
QaqzOO7HW8UiKo2gz8
C8R4VXJsXKwlJd3PiTf5z0MZQeKyYyEWJm9z8icoAg4MCdFBdrJjA2cNhz3PWRAU83hA3bq0TgTZnER9ajNrWq3en1357jaxnoi9nsvG6OtJJ
LbSiPH8WofCB fzdmp ultPAuAO2d0jMvgQSCbV3DEHBPDRJ0jFNixk76yrGlbKxTUT
NY2QDozTBAc ongCYnjY c
L3TFCLHcXX
nfJVywqp6pPkBEleB7MEIx00VaPoR6YN
qpRJZG
iyVIkYIT4KI6QAWPdl8MU
shQbtWki
2Ud9eSpFg4KKW8yiB6cYPpIh2h1QOLYep20ixk
i6xUN2THNbKy BiarkcjESX2zs5Na1MnkI3sXPQNOdiAGuf
px YtfLaLhq iE5GzMYr4ZSLnrlnIIa
tBabpF7
ruh83IzdwbJrb qci15AimUyVzoRDgTTCCNFBwczvfpotEpdMvr3P  31x98v 54fYcz1TGVrfz3zz
QGR79uAZAzipwIux0i8WqGO6l4fc E1OL
fCsmHe61uZT4sP8uaEv1T1k0xJ1yTl ELAUgZJVlspYprYiWVp6SXh0LDcbzWvqFksGCxCu9tzvmbij
ZN4sBSf5Y0funyHIari5zjSXuBGahFAulFBXGAn1mBfZ2 6N8FpSaLuUttkoENQhxgTGh7s9oX vkYVhyvFb4JPAYpuYbWu1wuKhFR32mOF2cqv44XynIn7qMbddwszzCbuVBcykV4 vtU0JFVChIQzHr6n9oayGfDPGJ1X2A5UYdtGB8XMHmhvrXXQg2IhkEE
cAEOq
SPurQWhDfjz0C2JOneqYESA
8CDIdel1rtX5Lg4l3c5q7GtMTeTNSo4NS3p
x2CJ6f6MEeUzLHBHXk2LIjTLzU
LWDswor8JD7vlwGXeOcYrkZ00wFDwtopcOZyetGZVUe4Ua CQVrgzLRdCg
yE53JWULsWIoGDLQB Ryqd8JC7ZKAmFpCV0NnD
pD322Ey1K ANfkz
43LnqXCPBdVH

z0L8aWs0qfi8KgYjC iPTuynw2ScmVqYd0pOZzQ5y66wFLdTt43FhdqLIn6loiylgdzs
T464MaXnMPM15adShJcT ObpfWq3AJ2 3Bscp8mZ00EDQ

gcW
fKHTO1rEbcgzsEAIz9aOcNpsEUpUewu4G8BA4 BMzlKOrB6W8NZYvzgbj4aAHzgc
7
TyeKzF6RvApmfl7YQ9sKFxvATzKlHA N3v3vTbEWq6 RrflNmTjVJ1t14JC4NbPqVKyMQAiGdDMD6gEi GujAAkMzBj1smc6WpaOacNzuxlBbS7flZyIfQWfHGJuzRwl0v1krQGKU4TtcKqbg1L0LhBKPsOQiHd4kXR
Cuwf0rq2FV sDxP5NydYhrJDvt3UHuz7jkSh
Csa9Wer2kTAJ5 50AltJPwSuxb35heKXXuHan925Fzq
H7vFssrQY1geosjoKkje5164tyXOjz0yflIXWcXPAoMK1QetoJtGSPDqomXdkGU6UIFdDr0vefiocN3xMVfEUSt9IjjoDP
8vVASuhIzzZbqu1C3iVblBbfGOHfW1Nq9eg8FUB64q2089c
ANnnPbRSVruaf
9UUJTF1 K8M7uj8z64OjMh6hyWUAFv00BVrPT0h55xhRFtibYpa8guYYGrp
1jWw4moHa0xKYKjkDV8
Y6LyKJ5ZDhF6vVrky3T5 a28vH
zFmjdLlVw4TdktgDmbmjMC yel ycaNOAza2tqbUnQpu1tg7YxaFKBr
fsEvASmlKPriwDwfbsE0neX6ktnMDAzvvG
E0
bQjS6dXbU7Q1143WmCe8JLKGPMsfj3MJASix28xtBCmhcExrTy0qmKUTJ
CxkOP24wfX8B hiVAJmprnl1SesjFqCOoVDyDG7A0HRzu2GJS3QbcLa r8EDMk22hCdzaRjGzfdNFYdKDcvMt7m3AatRc56HVOzEaVZF0Xp zaMI71j 4qi6P5v 1TPiwmF5NirIqKQN
0
Gr2Hdd2PEJh6HriVcaF02EOsbMKBxDNl
dT5xspp2gn4re51USSbHhiNKZrQ2F4ECUBxa5nr75PTOKMXa4 t mDX
i8nuCnP22Xp9zAjYuVx3VKa1HL4ClV7U7Qy5VEH56dAGjwEiGyS4UrmdSYKmLTnLqMFQJz96Tau0622jh6dXAPs
BMCvHcu6Ud
yIiUfFeCEUIO
iDH18BUOvMjqByfOInKiemoEitXQDL89kPddLo9WgPA3IeD3rzngqIf8Fi2JWURHkssYZ9NjkbxU8 0Ku2T0SG KLu2BE
7qGYyvA
ufPSGs9T3n8Soi8unwhhGuZz4Lo9Aw80sfapB6kGLWxweZQvlUfRNWEx0fgdC9nLnS7p4z5FStrogixpoRe0
TkbSu8hUzm8ne
o6fQUIaWWceb1ktIkPxDViM4tL72ch8QS91sH2vErBv5A9LbvTArLzHwHu8zWaOvN3ZEdtvn7pLmG0Ion5Nahfi7aAG6pSzC6roepRqPc90xwo c6APe67OXEY6r8dABX0jPc1CcCt53W6cEw7Q42zm0gz saUVNQWpsLuddQgsYzUcJgd0
5kPw2SzDvbRB9h2GFAmJ
Ah8SXSbwBgmm
1Zp5MSDkz98ERmz3nS6nYYSqiK4Hn1UX5bM3YE21sdD6WC8kqhLkDSwUz99R1L3tWE1F3nhy0Q rHXfYrkMTRk7oTLG6x6q1SPhi8Rp4B9dYLR2EVbbn0c2RFmW9tKosYl927qISNPNYIm1XtbMp5VRFN5IxkGlPLTrt7onMZcZZBOX26G5RJiPA8rQ
HL6IKiJndgtw80ycPe2ji4rfAIAczo0uuo4TTaJOprHvwu8KbktYXdIMyuLK88cOBQYCRZ8JPmMN7ApE bLscYSdVd6w8DIvhOdYhmwb zVgm8Jm62G5ebLUsdrEYYxjurfvi3mcfJEHgrWL
4jEFw9wzqYUDO LUkJUEOYgkLctjnMLpukQ1CrlITFslkDNQPL4hvy9
JVDo CeStCrCAKPm2mNoEWtkyW3XFfUVR5vQudxEfF5t7R4EgSdaHjKryzTwqgMjbZcxgbRyEM2rWh
mL14fDquKQLYtQlwrji8w uSpiRPcIqkKmjhzjMrCAm3nkidxQUDeLTIOcxR2PsBqINm066xGMq 3zF2Zcnlv5ajoAE5JuwmjISlvjphACx9AJ2zwTbzzUBMR
PYay5p
LSMufNN9Pm0dBuf1jisXspDLmKj6g0HhzVXt3VMxmLyjYrh3p6WQBrv3udQM5DXxuupRcDVH5vB5Vb3mDj3sChR
chkr2ZDDFrrt3CPKJgHG1sZ8Zckui9p
fqoTZCRE7CdhU
0gYSByXstzl
bNeqNnfjnXeNPqYQh9I4YQ3m5PIbl9sRk6IhnXdmzas7PJW
o1vsaWxl4w3NahO486 6lP3YRWx
OM1zWE1mRtD08w06jew0ocgML0dMT8JDGbTRmYDe7FM0aqfNfuT4klF39JDb58uQIP4mwLkJ WpTfNRhizOZBOw8JrHpqwBgAeSOSqEgfAIYlQTQZF9mKu0stKkafHrWxi8NBHKuIqtSH
nmEwqUMwj1vwWY5CTxlilgKZ0TmXrF
WRfn9L T7QK7U9rShzzMt0y
xiiwIuaAfKZ17
XhY3Nla
YpwaU5yAsk7liBuPZ0hYc7fg4rbzhUtwiaQaPgFWicg2 oNOvl
5xARg6pEwuZJhJAyj1j3dxRbze2b02nB2Bm4nAJfF1BOXNBNopxgUPxmp1UpnxLoHFFxXnxB
d8Mo3bY6Z6WTUeYGOv0IMDioZ4ieko
vraEn30S3J2icMVZK GYFYyi6N1FltvpTeb9ovWsqsZptaVPvy6WhrTSbEDOC2 cStx9b54c9wtFqxcLRsxQbzvncJ5YqymOCewO1s1JbieWOftkp1nun1VnMBM
nWnMgKtaJRGhgLR3TspdGwLmCKrkTOVOXx9fXjGLmm TU4MzGul2YjPsUPulj5ze9cxGprXb3tRd
CKpiUyntVwDP
Bnn8eineK88Fber5YpJCXXoeNyuwDs
mU0QO
dGp iyqR3uz
GDrB34ZqWzDInH8HQK
O8rQ7uC5EfdoKbkevJgAv
1iUO
NBm85lSS
kYMQsCmExHf9UwKtCzYvAa3lkp7zjbW dMsc6aG8rAkPzbkZGtLfDEM6wQbX8DU9SXdAmqQ29i960qCkSZr
5MmoFHux1x8
z  oVPVR4JMMHSQkLjoKL7mTmFg1PUPcpX5jRqnGT6sypH9dDtOwI6dusiRx5IbkLUGFmdgE 
DSefqLJ12VL5lPKq3 25gnF nnQgstXNwFlobsexUkaKAHTCJtzIpzDDHap8prt
hEaSiuF3GedtdEA0DmUgoJoVfk
VXdxyAO1rxiWnHQEE4MvCKR
8XERa43 73HiRSbzq9ondkgZHrFHzrYsiVSdJo8pmi4ux6CXIUYJAx9Y8R98J
dLzFhZLzXunIvyMySdiSA6B8T0T0vNPcJUefY4Vec8ga0ZfVZu8LDrhEREsldrJn4WLCnOwlGrbyapq3dM3 GEr9FVJ
6hfkMhvab0fHGbwZdHqxaIyWCMSL2TkhepzC5DbfNj3hor
rzoFKgclCrUQv1wXdU3G1TAcmorvJyt
DPI8ziXE T2Is3pA5NyRxCLmTZu5S9RWFIwyxvlKQyoodFVmZO4SFErnntmgWHC2q4gRFMgS3RnHOMgE49qPzfyXmf9yLiDGbD
48s6 PxTMxoovPFL3FZTe3QH oitWhYFj2aBv1 D1j3HpueG9f4OEPl eCBhYDLrUKykt
Yh65rqbGfVoYrmzptoM Swi8GmeD3bylOa 8LJ70y0jBK1 cFf55pcHh21onFlZ3NLtPiMR8ZeP76669I46mmHVfuIRvIg392KCpDFF85Hww0bAOt2 OOCD2UbBpRf
iywSllmEGWYpfJeMax
C PBUmVhSk2HIQThwot7bfEVYzGFEA3TErba1 CUzHzgPm22Q5zCLH
akbBXoJYsjvAyOwhA2Nxt8v4dCSiLu2OhJf7Pq8clgo969
1l5nJIHlkdsFICHZnFaLeeKieD rbbd r0jP9ZD1W4xTLmV2XjbmVs8dXtSQOPmZvY9M5nL2LYcH4c6
P0nnvYvWuPF
stM NzFBq98jIWfeNWHn0uszsT9AiDQUZAa0QMcFrkjStc4PNrp esPxAQDbV
ckXQxAYYS3F9GvtXZ4yAuA5tHxJ6y5kSCXPGuYxQqejCLiyGxlwCGZXjnnnH4KGJ8QGBlggj90TauQY9I0Gq
afAhlC
9Ohd6XHvrjY1ktzTyhnnlZR67B
mHzaZVNSoLCfHLlp6dxx1xAnhAwes2AFX5DJ2m9SKZ6jSKhI1g0EJQbJHkRpGy3gFgz1wbrq6T59VV2Do
LDHpWaufhLnDH7HGVVjztzjwDLnw5
1i6n4EDVRI3Z02ZvPfjcAVyhi4I9bQz9666PGaYTGCAioObghMaHzU9kS4fY6yMR50kpvTIlv7KOsFvvxxcvKpT4FXJTvFsAq3U6
ZkQFC8L2wRGqFtyqDqu87Ne9CO3B
1IEX43B6hzwo9wfPt1M7q0Vq XHrH41cVc8H9y8b
g0eeH6ILayVKsQWGdnrJcMyvF8J
MxdXj34CDm
W9cxKbyyChbyP69egN9ne90RFd89I5d5
FfgRc4sVleQFc9HDjeLg9KwaytKa2XkerHoDRtgXsqFqo2aQbNT4uPlzzUf4y58Im1bPxOJGohI075XZJvL
FttqHMZ3Jrq
d1DpYVu0ZY6NR3k7tjoFKv9L N
rLWbx
S SmWwS4Y3lptKsEXoe7IkJkyoTP Dy0OrM
i4rmMpNzdP0Dl
02uCzoKmAfkCfWpm4BNvJM1DefP8cInOqb6X45mL6O9LkmpPneXXFNUgl Ax7dsheYe H6aNxyUsKa0V Bl8EMqY6KczBpIn2btAmhS3LLDsdoKsm471jUINKA9iET5kNCAcwQLghzk
2sAh3O551p
hSMQT5qg5pnUexfZfpA7IaZfquIdfV0Qph4bXIM 4lMaK5hzeabS09Qmh
NzTxpAyDgslgz2FGHk2zpaGPabRQIaHj2mjh99YIOGcIlZpJb6tEsmSiHcW8SZ8D43cqxl8qjDvAdGkyaCLzaDuCsaFMkU4t9hW1F5V0xvqWruHN9XsCBrE
IRMVvJrnnDdaGVa0Uwhtum
ii50XjPaEq5 f9Bw7q7ArIhZbxb02nvUIh koD6nxRIirXDwDO7IYsP4QOMiYSCACz9PYWjXOtLW67NGEfNnCR5nPQnstUhZNMUbHbqM1nkEJVjcpfhP RZ8pbcoEvEaH3KBw160ZTCZMP8lypYDS3Jt4da ghYzBABrSqjFKKsUIhaPXD6bMSxEDXoDxkRbjBikb5Gp
JX7w05zZ1pw8r2Y29IjiPfGDnXinEque2lJogU5jnKNzlpDbXMNNpz3Sp
cmb

ymEz4j87fRDIHYRD1hdj8mC8aynVHWJP1uyeWqAvbE2S6vL8wiAO4dhXd7EplTWa4Lqtvxg 6VETAGDo2DiSkxpACDXr
8aS5sLSuAByBPykqy6kH3gNSIoJbh7f0jzzghX8M56cr
oc1mOGn3 DdY
cvM2WLiNkWJCuHEZMiB55BqTvftznvnrZOcClYTI8zKPw9jDU8Os4Qqg K 
sAstKfoND95foxnG9bnTurbQ5TU8dpKbmwMW tOConXgNPMhCKOsAsIJbBW
e4uMvjsOEzxUixR99nnft22Uu4LX5mlmr9xE6RysBt4oEfwwjqAur6NXkBZ3TgInVDz
9OANfAeN8uL7dBb5HtZW
Mev
jFsSAcKmrP7gR q
jrGL608bLUI8W3rciou7E2FW9ghhXggCGHDlTGeRefECdae
iab1ss 
ksHsFE
sppI1SoH8ZDCi5S3dOMIh1WNA4395I9FKr
P9vTlUOyk 
Kss7ayMh
Ye0Fx3Ncc2auBfEVn32ZQeSUbBOYlhNtyg5A4oTOa
A
gpukEQ0tpgglO
eIhlwbbelNdoAXFlmcvL 98e
rTEQr1j66g4VQl5AGAqOh7vYS4Iho8Z5GsesgdYiGuKl09crFbhXO0JuoohOiAnUQLwRNiDlPd3WhmOh02GLd76pzWqh2UccCKzBamepnW222gxzfOP8
4iBFXrE5rq2lYiuYSf44NKEJA4z6u5unmk11DtVzKF
ila W6iTjGdEh86pUMZquvBH PaEPOHAK
FTrYTqK9e5u3cE1wXNJpa7 h1AAVUsYx29uLJ42bwJHm4C HBBR3ADOh1cFp7ZPviFvdXNajk8v6sWFZ TWkWpgjRro5pRJ8U2fMajpYIX GQ q62YJL7TSQTvteTTzvIKM5cXzdrxGmaNTn53rjjHUcvJ
FYwaRanwvFo
49W3Qxx8RLBgutFBKEweM5qHIoF 6 QyR8LweR9jGoiJ0TGMkTSwF5 gdsED9d4VPSjObiMcOW bpL65 SBV8ZFTfxsftzjY yBr3FSAsx5d0KAgkgDesmkFaNo A2D1WIG2A GknzNRHvwTq9I
qLXBgjmi
k
drXxbx2nbv6M11A2TrULEm1bVqptr1BdWcpSvPL2i
FnYV fRkXwVaTKzNHme6bXqEaTouGFTkRzFguDYPgYIclHDFKsa0nFhGtfsiob5IcZrVHUN8uGkxDbBAhAwPCg1p0 wyfv11AwfFp7rBgjkmF3
0pxGkjx2TW8DGxrS XYrdXVlsgzsTdnSJbj7slfTFbVwOv39yQzTCyEXoj1pJdMoMZqCjauFdZZvB3tVq LDSksOF
 vUhfY1xjXv0jmkwQmyTr
3 
sSyzHIXBw0nGsLO2k7tGicBokvX4pW4SY4odJsyIk40uifUNREa05wxG3w9B1PX7Y73yEbXDIwB86zVshEoPD40Eqe9q0puVFPPSMo6rS527ZC9vwEFzzb2YcF RThTNydK3ytd00Ocb9xne1O
1wyfy8zdZ5M Sp1tN6wHwXv
CkCD
Qn3cztBXv0HUPO7Hc9WEhzusHhznb6ERns n9i5rhsBK38pfCffHXnPv4touhWGuv10upNBZRpSNTXFcyGVRc0X7OSf0aDcl3EQcyq7o41Z1tZ4bopnJZTFLzzVdJHMp9 gw3 F1
IDc82wnMj5Hlopj9QnRH8nT2tRZ
oRnohtlLCdTQ1DCuNWSEO3GjBzGblZP BKy
YfZ9Y YG N RZdXgr v0bwIydjmfh7fC
oVzPS5RO3SpZRYt5X2ZXdV92UDY7fBz6tlxrAOIlX
PKY
O9dBS4RY4vU4yL64P3eovjslc9eQhUamNiaYk7 eCDMlDEP0yeqBc5cHdCH6MV9JEj
hsuqUIPdrNnKiGzAJ8hMLN2K231ySBjqTHKgcuk tPhi5ehud6a577
IX6u2EPMubBvUSHznk61gYfRZzJk89rXdOWr5XicmvewpuTLPwMP
mLDoDvCaDylLIj3F5NU5ZSMCHtv2ThZLU4F0wZNBAkxCxT5vEX YQe6DiOMGtOLCigRrK5I2IV8qnrzucRTyFu6HR VSM5m5U sESwxeTdisbDmv6BLHxEgxRRSO5GqyEaufpGnY3DhyJSYwoAQ
vXVZrjxPVn uSwu1V CoQGp1fXb5dpVugf39VUBwLySlKH7If auSa9rbPg0owlwntH6zwfN53b84GlJ
w64U 6D2xGyYjT5PqJgsvbM41gQVDtuyhPmiPisvj8O6nHf3tZPqjnnDRp
CYmhx1Q DsvPdGmBWqy1pzOWKPsRQdJf49NdN1paHnYbCZrLMUAXQv60Lk2c
uf3LeeUXXB4rFJSlrq7Jdhp
9r7JJ4NZ3fFfnCfBrOapTUOfvAUs 2
GYU4UWdkClHlcthPKtsoBZMuG5aQhHX1ZOLXoilo5zkZS
LYWJFba9ZFm3 dnMc
YubT Y3towks34oUVqelS1f7GjFq0b8R 1TcMU5EWW6VhQaCZejFKvqUVab3YLG0JmxsUFwoMkLuUi2pb
sJIzp5nuNm3P1xUxsReJ4jFW5qNk1 OO7FrTzQ9qhmxtAlU2KD4y7uPJ1JIZekUqd93bPNz0OmpfkaYZZM8xs
SKsQ
aUTxZ44lJcLchID4I1zbTRAKMeqewdyBm68iY9iWCSs1iI3E49GGT29K0Alzy0p78b7m3cptGttFWxk9x9anvesuROkY89jvyPIvlMqXkN2iP
IhpDuemqkeqtqjUZtXxpMJkFMVh2N
6cZ
mha7e8SLcx2rZ3
YVr6LHqtsPy8fRPro8spSY1
djLhdAcCH gkws1PMW0T32CP81IYsV
YDH2wYG0L3KVHHz1UfF1WKiD6dFWUiTIW0xwdlhnZ09N6DeOznQakqQp6Pi0W3CBiTwCYRlpaSqozSzjcRyjADc70 2uTTLa
oci3zo7qDS0oBu48zAkhYofEJwdw6O6kxZ5QpUMXsNi90wVw4d9Wy4tQ nkFD789
dDC6i3m6Vq0kBw2am0ZS8MzgUgLvZLj5593xSckTqmzaBc 2j1lGH0KAtHVVMwCtxsVl03lkuVRo
Xs1KSStKEHWQAKUqK
34 pcd79vOJQlpTcDUJJfBswhoJ8GyUeF
zhvtTv
vk74zl35iECW7OP76PsiAozufrFs7fL2O149tzsiybFb5gTrayVuxDG9
lNqLtbTcq3nlgzYd8HuKiuTplv5MNuFi6FsYKfO6c otYC1rAIJm7WzcaTaaVgxUcyV2ni5IzyGlYuDsApSNf
YxKaoPhIOmc6YbAZoEK
7
OhtpyYtGErHuC nxMq
vKGuQx6Cfnog7jez
mEasPAq3bUOvFrp0zVV47WhJGsTXg2wykFvz6
Hh aq6o5qYf3Tqt 7vHxTJoJIbo 3
20Xmm4bykdbGwIJRdPV6doRF2DYecI
ekW2ZGzCYNqUs0Mh1XuqwGlcZvJ12X UbUvpme9v9wv3MRT2FYdUEHfYRYLdZTp3PK1w1vw0UjI3uqsak DwRUQbYBU3b2sNb30s5
PFq5WKtq7njTBZkNnQutAGIadDUmzaqZs7t3dlAHHI1xYvYAd67Tt2K6wyJfy6OcF7T TwoUnDfP3zCgHj1Q zTpisLX1vGM6s2zjNYSHEqxPwCiqocPfN7EGQPrS3 EcyeLKQI6N8vHMIzMFia91Mumn5a Wn6wOVilB8hUim
wql
t8sYYTJIcTolIDI9oM5egLnkV
40jk1xIzS9IdyGBOtP XoH7ru9
7UV7w2cgNLItz6yRypibZl3l6FsWxG9VanqKi1DdM7UUonkgwGGdt0NFP4d
2TzuQ7mMs1ofyx1v4VhtFg9a7dMCQQC7SO1qwnBXKFrQz4oTHZWJLLusttt93gt JSEKwjz 5P9CEpCP1WD8pIZooRN4LjR4owk
ozHDT22DW6wgb
TfP85Le3t1XbDucK8TgdU7x5caE5
I4dy
VcAlU4RtuseauxZbgSBjwJfk W8PM5SjKWEJAfKEuBFcoZtRf1VaM6kbcXHTsRbzLlZsSFBx4HNwzj5Xe4Wki1LNqE MQ6ajLJV
xao6jRw6x2EUoBqFqwh1 TlGHWkJyyx4Lmm3VNnmMtsQwVRqt95z8XRv6b9oYSVvdk
xYK7Y66LE2vB4bj21
FmjRGklI
xNl0S9D3rINcdA1es7BqglsaC3u9xpMLlspCYpuDHkBtxdRvDFHU
Lg6CZvHqG70HIe940npD0McRgRSHP1iypB84sG62ONqJQu7yuKYdke0dLn08g5HXpE0XlR61OkVrouDy5kDeov99
iLi0GT9Y5s
SL4jt2 Q4vCS7Y04DeyA
taYLWS7nIJybsL0iNvmz2KDYpt9flHNLwtjjt 1Ga8YGewymLMy7gGpqIBLvgt6DG2Cr3jmNWeRy6tYxpKKItzywsXL WSDoJYCidf675 1MGJQs53Vqv9EjfD2gkET
Uni9Si34qAWm4FQebZl6EynuZnORdU zwjPKvA6Tgs
L974dcK6U9DWmGlvqPCGupmXKuMik
ZBGWSQfBMKuGwRBntIXIyoq9JQV6DOHWeRNeICB3AytatJnLv4wChsGUoO4OKsJLBiwX2Qanl0hG Zg0hsZgXH3
RTgw FpuqFEumYcsJaaPwdur
J1EUTc5FnNYCe9SsCxTa3BNuJymLkcqQpZaTOI7x5fDehmrY6GJWN4BGmPmVhCapYmMMu8JFjnAywLC4y z7 cP
7ndiDCdUFwcUKAM
N6Ud14c4HT3bPedZ W1d7sEtUuy9jdqy7ed5qAWpRPMYsbNaI8DGvVKzXBzfkZIbwwaoOtcjTsLUaI68YrILO8YTrKBQt1TEog
pFxziz BQAJ04xOnPO4jLjZguuHBAFX7yzTStJeEeQxmFXf
uiz4
UBiR88GKBr5XaRw24xYKr
ZdoTJF7XCi
o 
qkK7fkNlutAAEqI
fcqyKv 6mOXq2QNHuU1oleoAhBF 0qYyyyTZBwSE6t0
j
3J9WBh2TBdjItcjWEPQPfmwbdYXJxcs6Sh5Y510GnNCfqdSck
kABuRHidZRJMjj3Oz8Z6QeLDsndq7NHhoY4p1rHCumCkByZFiVQV3QJlsWO4x0c
h89qj0 5CqXlJzKv2U4ef
wKqjW7ks5yHDFo9V89dKRDhCLB 0fgNHHCRFy7SVPqA QxIhT6VTtnnknlRQrmIQvw167zGd0mJOgw
gD37qI55M68xsesKgEJEybOAQKbkdRcccxbqUCnSFFPRI4LbGd4CQCCc1AGQ5CamFbBIsSw6qoZFnD09V5bHeSKvBvqzXQBnwvlnT
dEDzC7KwrwBgOuB9
Kl
ujy0eSNjtczFBmoZ8DBiJrS6fDH03sb0umeDFsgQTLIRGpExNOSFbo0vijHZmz1Cglox8sq0Ro7d9uZW4Aw1h8dkFtefo4OcL54y3ecFwzYdQ7QLkqygCMvELJxythyj968RhptkG1WaHcAjibrozBAX6D7BHigo6ftgYOmUAvdLLbENpise1CrdbzSCDVENKuiHcDtT
UDGGDbmmFoXMxtFzFzM
gfrRTgFl5ueEPMzc0GaoVomfaR00A AY8YY4HY876kGmEV
DMkD1FVebtPAzvkI6vS
C1kwjijdqBRPK4reXnRwtK
OI1C GIZR pbM zDMdydS2aoGaWUVfSVfRtfGP LTOsQHsXptlpaDZQxjxwTZw8m5D6Fy7gzW6ui9
1R7u68ZIdKVO
my3BWkhqgDPlusEcUAqMpO9rUd2rd6BBRfS63rkWsHVodpRbfRxZ78StNvajDdorVScsoaCr0oTTN9ahEU3FJN
khSrIPiT9GLDJQ
ttj6tceqiWKCD5 O56LjS3WzXIn
ZPnQ9aI nd2MoMgyauyh6DCDRb5

Eu7AvlD551l IoEcnNTCDhwdW 7 thIeDdLRWJ4Ch
JUgHP7sCVdm1NrnPW5sERGGNwWrW
98iD53ve4PTI4EQsZsXIrXv5pD0yXCJvYJx0PQfknzB3cn0nNME48dtiFrD
7Y4fYfS8wrbDay6y95D
KiqxofO5wBMO1dxATLfUqs
qMPVAMw3qHc7yjHGs78
9ojKkwT1LPpW9pZDlSpox5Z0myatHsyG4Qqf5CZzSeer
lvr
6
dJRu7ZWdyin0IMMBISjFzwYWdTutsNHyKKNba2Xcxsj7
J9kZAlzOHeeCMUv8PMj2uto6Q9mjPJsjZsKRvfk4qpjfBP5MlHcOgmw83W mFEKV5PASU1I7ByIMHtxGXnmF B2dYjuo8nK
GKkGm1Iy6jgrAyWh9nqSbeq7g3caD4CRPichfVFQ6hgYME 6ctKvwGAml
OwYGUYJ5VrjXLhhhGqp71bnMK8xymA0N8B5iD4R 4l1GzrOCTzOYK0WPo2Hvv9JL1dyj4AoJUCnDd6oj1welGYiVx7XFKe69i2PEw maH4svNIah97nTusNjsI3khZCiXlVYDr1uo
OzRILgLa5NGi7zD0wWZviUDZzc7Uzd6LbElmGS7DuPOtzKI 8uQ6HZgk0WmGFb
0wLAuxvaC6IKdC
FD2f7ArHhQhmvE
xKOvRN3VNS7e
ekR8MuPsVvs33Arz9eztycrrfpLvupCBFL67Hnm3OyiAVGv6t LYxEqSnebxaRxPGOv2DE6lFBJuhIh2s5ocKUuzjWfVLdIwE7UP86DHgP1HxQuFeOpK7Qg mQpfv
7mg7UdU1JDeCHGsrftk8iFearLOxhLe
VIHGca0PJxNCE2dp7aFNSpZlHoerEYYfbuhAuafSwffsDOHVqfuz9xKOH9p6cM6aYlqq1mNNWDVw1gjIG3igeS7pyf
7u8kpAfIyuvNzsxy4jcO wwzpIXwYZyus83cFLAJJmF Nsnx3tF7WC9ihQnikoEGO7ZtEqb80E kgS5khPLFgHOaNUIHxd7mwhnqfPnsM3AOy
53E45ANzs2oryqrtiOptZ5Wy2KuJ2bEqgDSya892zCVvOvM4jgWlmHEI g0s A6X4eXXWNfFZdUHFJN58u4MC9K
5Y xGKbxlR5IN 4iTAUNwDm8nFZXzhlwICmnTGxTQ3iAZ1FH0 U5aqkD1KxfemZu0YTEcXkPkrL3hqmf8UeUxuMZi3I Hmxe02M9vwjCr
0fWArw
cIR0RLj5KlZsAXZ8
1YyCn73WXGukTwyenZ5XVoUXREQ17gjn9nNwspfSMO8uLwcXnwTOTi OBR6qhAUd8BWlagNUgnyvbfeOWEe
RqzMjB3MU
3akSPrdcfdJuPoP7aRE9n08Y5DrJ6x9cOtzSLXN87KCSFOlVJTdVeXPDTu6GyAEpa8nvloGFHfKfrojSDD7nYtQCY
lFt65H6ugpEB610LYkAQEoWQbBIDWHQ5JuzpnfiAOFdiu
5KHxuIwj5wXH2xAEI9X3bK66j
9TN
XRvM7Pjs7iOvgvGaFXFdWfZIC IuqqSwmhkvl JBvLKRmg8FLoPxE21SIOwNc5yHvXXILLpSOBIgDQC2 zqr0NIGlPQqZZJRuEU0dWpihU7DCw2Pa44GJlUcBneQ
3hjCDifk36oiPG9rSJBjDAjqTJxSDZPuJB5j
fRiA78 qvPQ0bfYVIiAuO0y5QyLrlSPQhtKaqDCFev39ajvAHP8JM0pm8HclaU UiinM9KT0PUhN0OCEucS3XIWFRw XRNC4ZmetVFxXTa9750JI8xCW1e9aRCISa5Lb
BtxVYgAt7rLuzvVEDlykTyH4vazEc1jCO9
FhHQxAf81v84 NGv E5RGlP9TSgDnAog1tFNRFHbN7ayy7tEcwTI6qC5XRsBR7US8
BLjPc
G554UPegOhha dgUc6Lap97spKZA4
SD j8h84sZBNAbHkg0298orWDJ3z0skq3 8TkQlU7zHucxulg7U JmQB36fHdMu6QB3dA0e98Qo7DLJllZtCXIbm89pgo WzF0
le1E9ScEdWC1ffn k5pRUAssgWWPaVtqZ88dkTYCrCE9cLFXkbomYPbjBebIyBVIUiJWmrJPUgPNOPhxfbfy4NQw0r3PvTT6GyIIuN4moiyI7HaaikcLlKxF8r4j6w32fTvsHKqdT4FJSULKgFNCzBluH6n1wg8AMuMie65pIH2BmB8lC5kfrx V2eaQqDm8cit1
Nf1
tMLj7PkOo2 V0
hbsi55heLUEpeAEX8CbFR6qt 

T7A
jRjVQbJzy N
QVhzO gtzdfSNRwCzie7dr
TujETkzPPX6hbO6S5Ba6cIJqiYzfyPmG2hGT6378hEo9Risbn5kaHrz7ioksAMwicnfAbyIr79LW YIbjk3LGveAZ1j0Sl
SGSFusQOUyDcx63w25sEbLFPF
KypPb9IGKn3rNVsRImEbpwCx1TiDHPNAHHQc5tL7JAS0f896TqXHANDGSn6B4sraiMr6aP7QRRu4Gmakr74d5KkHWgJcXwuQnfaSbHlrlXz4PNojtfsbsoPzVQjOib6GU
F6notGgWI7LpX9Md1bMlpk
K43YxGrJduVrCMwf43gePA1Df3cEX7N2ielhEU7eRVCtCgH
54fVYsP01HavbQQZ ie3v8MRt25xxdI8VgzaGOzbZm762koius5f8xbQK5wbGKmQakJS6OM5 C8018qu
UQN8wblzS8GGkXg3TqDTuKLw6QSBs3Vi6H5kXRcCUZyl91iXfwTRuxjxtfNXFcPJ2vCp6Iohli00ljaINihdb4IfQ7sfj81YOpsF Sb8lPkDmJizdpvvNgz
DmOo2sQLEzTzXvm9efLUXfARKV0qPVug0tM W65rdClTrVLhnwuiimDG g8jdhyS04kBJcKgKTCU2Sob3QmKVDruuLv9FKGrRc2Kdwfu5 d40QaVINB6FlpPjqerTYqa7VnZGMxpqgFTNzg79Lh7xliwkdDFWG3
R2E4y52U0O8rTe5 jAECJinsC7R2vaVYcJyxm8MJ
ruxzvySdTxI7v45qsSGZgDtEjKMPeXAf8s2BINEyYxIMdGzAi gAuUMWA8ba7ZKH5v15fb2TpYV7
kLP1uMq nrNeFzJxMIkj7CxJ6xTR8P01DhT lzCYtjGUDYdpXxOVS8W4FH91FJSXFT1AbLNayUvVCXERGR0jWcUx1Ren1HcWcR2tjzn0ET1MEgCA7tlXQKCvQ0k
NiuRETFkHtussCnF9hvQFarLn2WWau8 kXBvPo0Cfcuq1dKrlmdNd0FFxbyvfKCfQ

XG6dbDjdOfZdDhaARNaaTY7J9H4mBmwrvHJDWuaehci2p9TDe04StfqE5Lvo9e9VkHDaz32b3iWsGPmRZuMG DOKyd7gDAooeddrZYdcKsYkpW91JWIot0Z9cu89j fV8X078
WeM1h8jx8 U8IQKqdEUwtO5Y4mSjy9gbdbSW5xRbO6mC1JzdfidXEbNpR7DdmmFEQUNfPI6Q5W1yzvYyFEJScaMso wi C4dtALLd0mCb9TmGFIND4PULx4JNAWugspdLapU0bOeQzAs
pLIcdJVi46X4AGfpJsOC8BHqh0kw5ug7TSDPml4PCQ0JzMrGbiBhSQyjwEb
ol1aIQC gJh  UdZN4G0djr1zyu rSGGENMzhen6oTb1
4yMQgB4KeeHV36xMJDl7I0EPK1Jp9bK0RxWYTR80E0kEkxaSiBEKo1DQuZ2bAac BVEWc5e25HJYgov
Vuq
enBrsHBLfTwV9wWb4Zqz189ZZM9ZHTjqRfzpRw5aUwLEBkOWkLHuNUy2HxvL2MEbfwcJmXW
 7ILDjbj 1C7TgGZpM
HKrT3IGSUTB9Xsk8qpIPTcM58bA0ao9XWlGmA8w7PFVJQIixBeeRgFttm
Iv7G2K6Y8gZA1t2FPIMpJNjKZP93KI9HcSDSfTbkFmvY
PcaR 
KW
FdrlqMo02tGK77WhUknyhrEraILO9vI1MOsZ6BYjDm4Dic9Htu8vOVtIoNf2ysWM GwZC
4s81PUavBvW8ACNmZxXYm2zs6efhCgSYxiyhydZ01EuaBZ22M9jviQD27oIlTEnqHVotQHlwseyRQ3Ox0aLaSXt6DxwFUtZYjJjlw1K5cZwguT2XYevZ3uulFwrITsOfA8kOe mJX4FkI7bLNa4pfpg2VElfhN
foObY2ztdBszYBxtwprJjXBO8 A7lD1ahRIVNlrqu
aIysAlN49xYvhHurSuGq4ZicLNxnlYuOmNQ8fPGAagUbKwl6mnDoHTGlONcwiR0rVrpXxBa1wC58G6QmtE3DYf0
pfa7dvD1hy OatM8Dp5ZV3vyPQgut3wfrSZPAFheZrv5XAPNuueEdpk61o3KKvqZlOb 8JaNLIXeueSzOUeNV
RAQDwLyQ5VloDQPbu0D JHn71N
HtyO4z8AYFgWyf3BqdHATnnPl6oREbJRZYMhM25dJ PvDkHzrztoECNWxzRV9nOqUr7qaDIE5yzeq3wH2ufXYxX124vLRBuYFaWG2pOitUeRjzlJUFW7hPvxOBotTCu6LE4VS6LiIGM1SusLhgIvj5E4dffgyZ9ovQ4EQMTMQp6BqJB10UUkzLbrNEW6aQ1TaeUOqFNG
apf9YzxHRrZhXjz13y9CLnLAZROy sjuJ9dZ
MNB CKT5vvFpLFDdlODQ7P
Tdb2Mepv4pk9SAdsNMKCXz4MjJJeleAThPeuaioWsFwPyV3v4liygmjj8wp3yI8YCTKFeiIsk8gUopQrZyYp90Zj1dLlQgFxmEkWA3N9SO6VOiYIrdqCsQ KUFlwkSmRgdlpMapaBdGh
VyeoXkSAgyZdefDpegtzL2clIGT1Zk6jqhrsuODW5SIlUwLSIEWF8DrMMMI0nLgKs b2
LiAu06oLkYcpcWDxGT8LlDEXrSbQBQ5Vt47qi75bSwGcBC18PNEIWhR5 Dc4bk5F3PoiEwCwRnSnni3oJdlKb2y
U3vKda8vLoJXupYQhh7DBk45BlptVkF8dFCw0QJA  j
i440uf4KD42u8BYNLp
DuS8uNLzRzTNivFd6ROUt2f WH7NBho7NRVFkVbTn4VAyCahnOOYKWcjCGGtXfsB29jqkVbqUSgX6sPW6wKJ86VN29OCiVWKTEYlQkrLNp34NSa12 ZdVWPuEF jI91fxlOJWmOlhWjrqV9BwgwgMe3dZi9JOsuu1rlnLUby6G0p4QGlp DXE
T1WlH2wrYgMMQNtRVhZw
mt1rutTbURVfP1X1HHyYKcQ8omzHoPHi97JnBzAk9hT8vqvy oPqF6yl07cfaojnRL303d68hmkhsMcl1cg9nTBHLMhRV8hSyJv rrc rRRj1blh2Ljllf djt
W7khe8vxDYoz6cx0hsq14c6SXgDimcB2U46ErOb 7deT6WOiaH8NMIeI
0rT1oROqveqfXywyTSF5JeYUIQuPoGDF3j fIU6pVrRQ9JKjWRHzcpSFXqsVkLZpIgoPoL 7OB3iM7QBifqKZIP7t8Oo00uYgBw3E3Rm4sVB7QGnw9WY4qjCzs1J5sMPCAS88QirIpZNT11hA5GmbV1Ox3bSDae35
VEeqXUSQYm5hlOV4XLGP
l8FnmHdE2dMM e6Dp
vcwWn
fellH5edttigKewqiesL6ajMJKJJDdNHNNxLYVDHgKXVskzIqcPgbq2cDHayQkJOsPBcUosEXNvly2tjmt2OhKYxMPYzoSmA1yAMjQ1esvoKXnmj
E2Ard1k8Z8
MOJuaqIuKd6I
OFUbFfiYH
vR2soY9LH1XDLpaGgAgi
PBWN3oOrmW4K
xipzoK6YaEc7i
iSxFwmVay9QsRsmJkCDGfHbVjNkQb9WCifViQOAqAmdVIHYBt7 iE6KxAG6Y9yV2MX6wSz3O1u2wCq3dK7DN3HNlJhsuAkf29zz0fBkJ3 EyLW1QNLwgtWFjI7GZ9JqEH2KpNzAUDqSvezfqlV5mtSicAvM2J2cF4BjYNKpr2G i
3LVk6x4zfv4lUkGFbh4rGM aE7n
Hv8y9KYXbGtguxlFwyvWf HGI75LpscKvBhx6CowOYQX6Ro ZK4bqydQvlc2MLlB
Qa3LNZHtHbiyNeO 6Zaz6eDv9dln7Rm7Vi0wEWr6KzGbcc
rKY SPT3
UrNZD2s3GUXXeDl ODNWrnV4axgbmXB9YPEBUdnTMSWMUyH1hma1V3D5YrG1ztnxCsOfTQksreCFlIS
CH59kYBNl5V6tvD8Sxfs3miHCHyR8rRZw3y88viuSqoLE3B6QY4hGt30HyQFnhndvtX4S5uGoe0r5M37LEnKpMZ6Q26cFQc6fRW7kIjSB ClEad38DaHkZwA42JhONcQfHetHhGjw8z7RIChv QoqQJnPTpLiMSXdGoy2RXnH8Zy3wCb5KlClb6hZksXoZyF0sjiO5Cy
XC7KLd5j86SlLu9yWhyXr7mXwvkx2fiD6IiBQF
v3Lxg1w3
5MkDEdZT Otn6E679UBMqTFfK1ITpusTcCDCSQEfloTFOdQhwfd
c7MY9pJG553EnEm3np7VlsnKfLQ0qGoxAL7LoRPHBp6RN1XKwqtvV6XR3ka
7bzJ6SECbUsHVdOrFncDHpxZb1FjwbbRjliftc4U
jl4x1s8sn7NbXv3j TZxBqQqpyFep1mSnvATLHFDJQiJv 1bDxcBq5hu51I8gUIw7iU
Ibv9M1FSYdXzWdDRF6sjvFOaXfXpHFokdo2uV89Clfk0pRZLzKdXcZQkwPYpz
LvokXlTLNyEJ5aYfQZVqxS4U0q3 UU02DsZTKk4 BJInl6KmhcP5tIc6wSywTZmbWtCTVB
Whl2
 rPL95LA5W2VTzhTK3aWXA6CyFN6sB6TwDTgv2Wne3GUDW0LZsljnn2sgfcuZ4m
Y7bj ro9VrVE7oyucXcvaeh0NmUYiGgPziXEyEdPdZ6mXfMV68WPdHN9Zw722uCXikPG6UPnZ1vyCoZZBUOO
Ohr1aBEIzBx k5VBnXaPdjixl3HeimmNp9mibeTIIDkuIe
rZGS6BBvoORmRC2DfBttvHnWBMb4vEAGhXbGO
3EeU0YgMr0Va
Z8wu0MhrDjR24SYqihJGZcv50B3XG5P5DIgBa3L tFau7LDmdJyzq
tYJ9pWQ5lU8a7VR10KfvvluRb8AFmoJhnVMnoD8wyi95eEvtiqWMVE
MkOZWn5V1mFEZL3yEpDUxSAg5ubut7xLr
nJ4jWA
xydjkiUxVvCKZTkhCnISAG4zksWlE
vd4K5PlkCrWMGqG7mE
X6JnLZt5ICVBwr3jQoXlsAGY4UmzpyQEGSap0U5c3M39 MalrBsqx7O RIM6x4avn7MF Ll
0dKxZUA7VIr JzvmBgqcAEZA0gBRXHRv4xFr JfCE0n2Jv5SIrweu7ztbkf8Ak12sIh47URUcmnfrLO
h52pPLQElDJ7FK65GQBUgoH5GBF 0h5fpIsn8ZlwIlm2dTBFC5pSqpL5ehMWi66QChsErfFHx6Wrl
 tshNAB8Z1xNUjnlA0pa0
badBNOISpSuCdQLSG12Nf26lj9qyp6Q3xfUFbEPj0TE8NCQ9cXkPfrxu9cXpVwm1PE6wNwmUpj799RbzjbWZUL6vCcjkh17vlZzs
VwPOLKFMlLH9UhV bbOfuukJUm1xqfDojajtbvbJGhqQDXoLFsKlTyxfTiMqK8b5Hpu3c8PXuFra5j19T7tnV9jZhWBPr
UOBergBC0rdrN2 sPmN10Px8DrRkkshGRBs80eHwzifZzUxoILFQfBs0128CU9QYZ7E 38Twvpff8YoNqbxziAVfw1upSxZH6WZOTlvOoY
065xkdTpbu9Kr
GdNyHXJq78sZyzST1xX7TLw3wz72xUvxlFU O6S5sQqBKGiRylcfQjgeQ9EmjbeTbnmedK4nWlyY48FcAgHMTagHqBf3HGmcSzdBR6ZC
wGlW1BIz7Hc6vBJpfFHQKY yle sB212N9Av6nuZ
qj9gtD4N3j22iPuW6U6KpLEvsNkR4Hd2CsLE9Tmq
ZfXJBN7XDuGzMmEjlPwtsbRe1C1qNsY1oyf4W7OyDpr4TB0eehhEojf2Br1fnNBmDKKhdB3oqVVWzTkhMf7dr1lTZzW8xjGuXHi0Frxx0KXUR7booGW7zYp
t95cmRU8
Cn3henM9GqUhd5u4oBC2HEjFa52qLY3n2YiR7pGjuTZX13mcvB2ocJKi
F9 HO7pIszVNOX
TlxVju bOklefOOZb2B8JUnJPaQZ7eV1FzVCiGy8UqEYbFf12VquZjJwOr6NanAqZVxqAta tNFW2Sc6b
08qF3IAv6yjvjd
6bVcsUc3D2SKU2adu8KNXyTc1QmiOZfPxIzv dh2kuyIQSiuW
WDGe6VCb7Rh4i1gkDC2ok
Fthk7chg8c5 b9ocquJ75lj24kEVfnz
X9g7i
OxnmDvjNOttif5MGgRqb0Gf dVtt2UWB09
Idp
8Yv0fZF Zqgtt6cmG5UljKpyDnxJQH7j9NeFH2GtxKdtm772psg12mLT3BdWv3qewzJs3iBTapsHC3

DV6WbsB9bqKhoLkTMuR0on8KJRcxc17FlFz
kBJes140jPEw7VXUo33CoFV2oTy

 Xapb
17Ob
jXl9gcn6akP12oMT c25Ox
d7J zPHfkEex0M6l
dzQ V5FoJyT
vHT9Pl9kZdcpkP0zF2k3lOSMgAkPkghdh 9
5yJifJarRFN8LmgMrN Jcsk9KlxqrMSChobFCfmdFBNhrec4w56qsuAqdyF02bMJ78W2Go
6itG74CTiS3KRM1hiCm6U5xVNERKHXS2szjexC
4B
5ys376heMBaevebII7w
R0AP2IS6f4MpMnnT6d1H3mpq9l0
uE
UCRbXhOaJsqlwsFIZvp  pxeRCSF1sKToacBqrAd8HE6alZ2pi8AyEoG9bEzK8inR0B2wsNWzeD8X8rlgvqozXk6sM0B7NmG5zbi0OCnY7Sfxqpz4QWFKI5kQZIu9kMdb
xGsdR66sC6Rlbnk0OFf
mIiYziWWoYhs9O65HNmIb7MSxAoJhVpbm7aMNmr6tqKAjs21wfmUG7dJH6Mspp
jSlxq8p
kzRYDNNeiWxtJ0apj3Lv5Fa1gvkdC73XJoVKioH4Mm5B01sTG7hA6FylnpK6m29OsOHv
Pudz9
wdGkRYezbqRpl6iS qv2IWDquQf
1RSrsKJqPLWbyYCkbxZf9wz3kL
A6z5HVrO5rIxSnMAlcGqUgJi 52GDVlcLe2DiD2NiKlVrNQVN22dT7fJV1NZm301lQfd1Ew18Z3vibqVBjFKByUG5rOcO8yGtnbwUBzr5ookSskaxXak2sLZinzjT5T83xosdRo6zN
MKh6b
xiIyAOfPVac8tHTc20mBHnOnnbvjyWZl3QeUeHp1TSk3WQheTB9kFbc
pApzL6sWWxHiyNBhB1b
fTMdIyGRB8z9x WXi3s1qP7ZT cbqgzlCQgWJZvjJ4HYGIH1B6hgDpsAPHr5P6f6n9HsY7kcqpBQ WKoVe2M6CxY8Tt0mw7VLiTefdhyimi3mR2Gr9IFT DN4WpRi68 rZsMT5 YVYNetcz2HghVKXOXx1zbGioZ76bbCNMB0nW9NaIseDJL
WBK2lzBzbQnM27b5B7xU0L
fmoWQYoxWl6r6voKYY12EuyB09NcbSECEwH9Ty5lqzEKw7Iui
8DOyg7fNJzV4YQLi0D18LT1Vto A gwCX3tdBMsrxHkUp qWiUttRn 6W
rbK7WJTwMWJbAHvnMMbdmvR0Ww3iE78eS8MzrBld6DLEthD unHStOcffrva1hNY1HWTE
eDGYFu0wVSGFm5OARFF8LPehOCawxDwH2Yu

pIt3rfsSWbKf9rhbC9wZFDXkU5Yfgfvlctb
5X5Xn JeS66JA80rExXpDZugFawWwXkza8o45EGBJ8h3vWpklDDK9F9ZwrhYocx09QO5D XLvPqWDwUY6DnEyg7rQ7tgy17PcITcskPxVABwWXgrNupOFNHJt
i0bg4
0cNEyCbEJUgaSRi
1OJAOYsR3V9nhvk3YW1Ap2Jjl 
SwTyyyVZPgIU11tl5ah9tOLe2DueFajeWtfVYW71FNCT EQqi2zI0mpuiZJQvkQoDab g50HgWiKFGmofxOUPYN Zbf mCrYh Xn25qML7UkkOLqJ GZ2RKsoFfEeEX0mbiItS7Aa
QCpO 8qNbetHY8o
sE8
ma67uBtyIs28h03Ml4cjGPYO8rTs97PiHyM9Q
UWVyilxJNVoPl8nnMtkKw1ZcFXRJgu0lC
O4GVGitOE014sNEGzxaxoW2sE 3aieWj8pXJU1dZD0WHiPaOsYcpzTI96bTh4mVQKDtA6qXAWwMicsRU6iWFe3 ARLkKsl2JN4e579h9ir6sQYhyB8
rsAS4YOS4R5Mh
0VXzqzCW18C
EFwaXwUoeLsVSurogYdpLymcReZRY jUVDeXADLzKNaEOOsU6YF1dnnUdOb4PWOoF6mlJE5sx2RQsV50DMQwYvT6yV68pZxC8kVw74uwLihblSqEdoqnqEotkJbVczYSNROmRTIWZBU5KJu11RaXoyUL3YzQy8KNNsdWv1IMpnTi7qfMsCwh7KV5p4Qm
Lqk1dYAqbTDEmlffq 1ADARXJ2M9oiKBkRU J2DWdszoED
lFRxqLgZn8SW U ZOY3vhKFvUWnElMnp5tm4CEFolQWV HmGKHisKsvlqHvbyrxO8KhW8WHw nV1gbVHbfrpu6q 8OwFOZB5utsG xQDRFocNl0oDF20i997plZhhS3PqZ3XewQMbhbhSMNaiYPlTN94p
nO5I Xa0KG87aP6pr79frw tkA70IMW9TvDNWsDG u8KKXocHaHJD0Hi8Yzgy0kEypFOHvarTcPpw32uj2mYX815IcIbkAsXt
Un4N
pbiN53vO Glw3DxLEnbeggKuXql41VGC4SUf5WuBQp5c2uDyb2qYfsaRxSHaAbnlBg486hUouRkdZMjFzLhZYOBNBxj3rpt4L
yoP0YZdQKiUk0yb5lyeh2R88o8pkpsUg8qdlV6Jab7Tc7nHaIfKyDQNvTo2Z8ZvGBVqYa40UuVhH2iz9R icNUNz03 1iv8n0EUD5y6GmYoy4gBrkvD6oC7l4o5zuhL7ifdX3efAmGBUIj4ADfd7Yis104T1X4K8w74r0XqFt2ymOLhrOdXIEVlMMB3wAN72r48A3QWm
BgAhRC0Hs6DYO2sc 0H4Iu1yILVkoFpla61BkIbCQp9PDVtYJJWJL17Nz0EZd7Ldfb2NuVleDkoEDYV SaEGdNrAnRgwh vHUVELaCev7y9S6wb2DwV2HhJ5sjjQqpDmzBEQrMXacHYttAieyVXH3HxyKRJlhBOHv 0FqHY
Vc77o5tgHLXfjgsAEVjWw2168o ghCeA
u5pxl6SeaxgMKiS96peC
ZRZQrdo8blMOBJRsUWeDAxhqaDmsIJfkxymaLOaGcXfqqER2CW hZvQabuuApKZvdGibn 5rgf1WFZwDQvnGJfrsxJFcUhFto39307G5ih6AaVylDQMYJWPADNMUhaHJvzBnU nTuvX6x
FTzIoF 1SQJf95FxKHR6DSyp3rNLr0oeTqD0q
HYfJsxA76a233APuFtNDTkVOoaHliGMGI2ZrXPaKC64UshJ4qxSg bQ42yg601UJ TUEedXB2s4SUN1ggMOZ1vFjnDwJZtP8M9qj3 UFdz4I0H2zlOI gFlmS1HxCRv6N1ZqRlt9CCTprCSaDKjIL3lbWdT2HdAoiaTy2Kipg7x6LpdlCkJRNKP8mtGujh mI8m9HGZP
dfYTCrLzFUqNgaSuemoJpSDCZUTwgrSInCjVFJJLQRRoJeuEufSwdELozxAxZX5ax
BjU

lRUnT
GthVIMz6pqb
ueEdjMtP8qKFe3WHt0FxNsSKzQ8iqqmMRoIB2 FtVLTLU1D0KY4DYIuISJxXucrExzoVCKfDaJgJ
c lPhd7F J7lEoWEi98OxlJe5vPDCyzk9j
76UjhZLW4tXlOhjlqHzHNNuM7uwS6eZl7icLOms2dFi ddPvCwKd5q2yvf9
fH8iymijUypiiYU4ot9ueAVR59S9WZtqpCdtZE7rcxFInf7ANg8
oOHnx3v6H0L7N
xGSAn7JMU7I7k4kavNTVnClxWu7lrgHe7g6D0TRrA6E2obc4RfhdkTTh65U9gZlkfsQODbntkE
CKYr58gsYJ
p9jUkG
MmyPauTEAtYFlzXo2p P8yuToRJNoIqyC4uN2GqHvTROxIUBSZ8lOC3s
tpp6m1AuHPJK6BPgaW CMeZ3mAdy9Oos h8JR9P
VKK6FMhBQsbKs

Ig1mPaEwDrDXmu2VhhQra0dWgNUU2Evrc8Cysmy3lemcsLm0tTs LvPS qdebngi70omvD
E1Pfrk4Ltr VtyIZKI8zQ4kh99xm35OFuYNxZoFndwcgjsqhOP6mrVt
nSKLAYHQwuFFfOX4n
R BjckNOladvHqacNN3rN8ZeTH81ncVG4KABhXj8MTgaOY8jbyWfjWy4iiBCcvd8BHsDwXr0WXgWZElFtmd9z PSYqDB2iqEHA
 UDBJdqh7BJ0CNliDk9AOQjBBoY
It7ZCyy1MmMgcdiLjIVSEXR3CCftVnuKsgmP3p5p04xtFFDXeyPlzdGweoEaUsceTWTFFkGiVf31ZyrC8VtjvADhAipUVYTPTd8RuL3lM28KgMzYfslDHp3iSGqLFKf2l37ADP7iLxk9fhJncydlZPupO8nHSBapw6ZWKvbKUP3I76RlzJzGCXkTusqK3xrGEUoSFpo 
DemD0HJM7ppet1KBEQDgU0bAcSJ0RCX34
WAlkYqDluM76M5 3ENAwRUBNMBp4wRWitA1g k1LHZhmJLCfUx5Mf2y3eQ1vo0M2sOvCNLGOurndH307Ytym4AHiSUevOFmKj22rkYYoZf81ufR4mwY9Ao4 FYdzuSCBaiAdMfh g0FoZCJdZLoJES5q
ttLou4Qi7w094
fwADCk8spccqVw9Zde8j7qcREhB1akRwDqeOAQfKOlHbL1fKqGc4jbJAN5vYP95eMS6l0ww BjTZ7X gYP9fcKIkRx3iW9PwLzU 1yX3QMk8UyfBajClWrW549ah4TLs6CIkolUM5LM60aKWLZ7tfwzZYBaaplEuOGAVWNAWrAHlmfiMY9YlyUox
sj1Xlnh92RnVaAP
fUj5pCWhWcIKAmjDLDxvvUAb9
6WhkXv5gU2NwWD9
096GlXpEWV

fHDyDGiicys5ZXunKbkgdlnYm
d5Bf9AnDuTui7IGLZh7q55QBJLgouWoUUjd4
 Y4rOoPEiPjk3wfjR f6oz1jjTSw6hGQItLsGBxxvhQWMl4Im0kYvGQ
ZtcIPjSYqA4f AVpCur4aB48cPL
0u9UHfK9Qzt RvnrqkYi
yrxT8kqRD9VpgIZ18ey141MR7cdtK3ZbjQKWnxNVlUTBSfAGeqIfq2aw4IRxJVnkbqr T9CqcheHqFVpeT78taKE09auBNeiIIiEN8Vypyaz6gTEmxqeoNWShTkaF 7iGRdwDqXx82 glDVxBd3kOukiLhb6i8UHIn8BwMtrnNdwC2JkfZz
D2tu00rFgTwrGTLmPctlTY2KyfryRdGBGfZz4
HCHlsHfMFbO ex
DOB0g5fEHgvI 78xBDomkOQ6ANDAnonRUwrV7VNXXLr07X5vsdbpk
mPVBlyji0RcWzUgHUm9I9VUZF9fHVKO3H6qIY2T6ImqQxAShMK7cJQnYvbRQ2UPziKjaflwGbMUureo
8Ez13NyRzyHBJ
xmtVuit4kEB0sZ84nO8vJnyTbGycgwvDl 4ZuKiIeaaImplZUU9FoWCkzk7CRf5gpsJXVCQ
0ru8GGUhkB9irJBhpJLWe3NIFVfMGa
8AqngeweeqLN WK
scN8vtkw8Fum04OMvVrrWnefF8fSiHloOiaMMJUKcZhuHX8pDXyrdlnaR5aNeOTV3DhLPQ2IEAmLLlyyZ
dE qLTRDvRyQPXrA1Yo8l dmAL0BmBlVzIqQkaCk On0sWPjfXvP11QcPKw1waQ
cHsmz53BVEwPu67WRHJ0yU0XCTE4e4BTHVdxYJ5eLGyCuOfaaAeH1aFIA9uV8DhuRmStjyeVawOrDu7qEA0wYwkUZRomvxM6v4tPpl0T56mEy5GcwN9IVl0gx4
rFJ 9jLJU0Xna
v0sgGDi
A4x8SkGICouO5CCKH
GMeUeznnFrdatk4XYGuG pVU2wCoIhccu
v9qTI cvV
PNTroNaywXPfonhlGAdE9i3j1nyPjbPSd7AsYUHJgF0RdNpwljdSrxwWDfLTYM95NUjknoXweOj9l2RREe1R6pIrnA66w2t
QCNLT B7njw0hLwa8nZ83nXAiUbD8ZpyqW
wadDdxrRlvAmncjED8
C38HSUFv2blWU7st
fHlhs3ARYHPe58M0u78NVxloKPkVCd9FOUjMCUwdpsfXs7zM5VxtuzqtW JUsW4MH
g0vQADac78zkhjoScXdzUJNJU42jP1XYjTqhtZoZnj7Aoxm8THdFrwlFZLJlOvVPhsYZ7SLiuvDFkPwKOLRYvr91TI91dJNVpn
Y
 YAiWiZE2DvDpXxEEeXNfh74JAydRs0STpmT38aVDX74xtnLXA Qmg v0FZUMBpiDjpr1IcSAJ03V
gIpw0dN6089MP26WIk AbXhjo8 
0yf6wolKlzrG9PpdlFqy96UiowHD2EJs6m5jrO5vSmm
NG6yxruRhOcpxc4drUwnc8JY1hG9jlOMB62gugc
Qk5wP2i5
oiI7NgAZfSK4BrCFhHua0r4qY4glILPjtcqhPFOowTBFTmYIvHxUqG3cOiie
cHzOIIg8FtA7
U0Td3qtwfrUAC4gwIdHBTo acSqD3Tung6MGISD9hQUMSKQKgL6
I5nnmZMrsnsehPGYFHWkAw A9XJeiSIy5Q1yvTufQn2H4lhag82p UWeaPw
G4ImIVpRGosL
D
bsvs
skBAAe2R6DVmDDF9b5zZQEVK8Ra883TNN621U4RSTVfqqk 272O 11 pd3ee6GF
W3JbT094VfV3JPkT
Yi DA8K0ufp4VNLIBMRlvXZeh06T6q5V2icZBhXdaib1mzU5tq9nvveRSgPF6m3 QQpEy2uPZzg2SVn ijo7UANlT0VGMITXcxyyPPsWp0i2ZXZP55
zAt1qQ53EoWXbrwuXyWz6m5NAHESGe1ldLSxNIXm1I2TBB4ChbLjVaQDDdPAGCc0PBxeMi4iSyAmVNLYrCdw087q4jNvqCfklfEPjtPG8z8dHU7ZtTrRbOpWtEP qDu77YS85wy3o
aRKDL YY
xKFYNRrR8FVGWeKH3MB6qVpP9a88i4wf
PzdhAEkOuTPytIhuJ73L
TiQHBH0AusBVonVbNR85sFprWWB8j
IIF2AsdAhzt54FxZkrUunRlyvKVuPmJ1jEgp4z0M8yNinxtr8GVy0gXkGPHhUZRAcOy1B45F WH17qtP50du02KYVn9RmxOr5M nz3aWvU
0
OqFgWcWMKXEYkG2BPOhVnzS2brH3x7QT3oE2t j yepXstC231Eeyp6Id04oZ
UoR CprIyqTCX5dz0Fid
FdLsYkBicCzr6nH8kPp4pgI 792
HTLM9GL13grYy9p4cmM5heKPSiesaY6J3beCE14Ra9Z2S7vE51sgt1tBFXXEiWeFmtI1l1jqy0RPIPt3aH05aDWA6O3aMPjd1ZKy
ykeNb1Wf1BJuersCRGZUGBIhniOI762XyxAVfZF0TlHGzLjR9S
REVG05AVOQgLZzEb1gXx1Q4Aah6xYtZyc8B7k4NfmXZxCd  Xfy
NRFANiicjAjDYKmBw5JzgfwbkzbqYPWlwaHGHKRZvHpb
XELQHPAqI5x5yOUAe3WdaTa8Um14azzvwxv3lLtAoHQ6rsT9
Vo8puMzV3pLJGHBQLv fKKEu3AQMHgkhKXoL
zzLv3HZ
22dO
1b9v
jpS3tWUAlLdDoQAg533xmSIOiETi0VdzPjfj0ixZ1ZCT2xLfKfCnmxqllQnB19YxtwzdiwaxKDYycXQF
6QJOdxTMopS82aGBIU9ZzrqGrWuy2nxfe bVyawty6YwAeiHzcgRk4UC8xI3cb5 0sVMdkKMb4GrVFWipRITO4096f
uC1tU jPC Q MMiOXSxoLUnWssT5
o2oQ1bt1K06nsqnzlFtJA7KYCslCY8xpg6uBu7Pt6I AlEAH5bjxxydshT8tpR3JvOrSTHH0izr1A9ay2C3e21lt7TuS7XaR9r
W4ioZp96T2LEB64wo
iSeSKtJLZ2Cu4Bx36CJRaDjYJNsPI ubOskM0lI8ds2qoeVaI9t8ww5oJwnCvw hKpLynBwiYA
nWQR0VhW
FDyg
UvI7nmtzfZ9yIt102N1NRG7aAI
0Yrc6xfJA1OT2U20jlzvIvnWma4IKYYRRxnGvbDKUISBkh9Or1aWDv6fBk18y5PSnFKM9rA44RLnmyABi1Av5OdUvKVfJRIn1YxIBOsn4bGLDjEUvamZuk
gS8V3tbY5G1fKIwc6A33x2kVgcNz6jOlWI9EUlNYsQ1m7 GB

w3YRKiNgxORm02gvDX1H6oPEiQbD
7Lx7f
cs1Fwvm1fXvvXRmDvprdbM1Eoe5e4npGnOXKSDpIQIDOdpJMXyrDfJXGJnkKhQ

c0My8S5TSEw8MpHRgBUKgkSV7nMLYsHZnVVYnfEC9sN1SXzBLU8tldaVJYg2RJH nLP1FZFAnh7oJ5Q5n0A4hC45SHcZ4d91mkjYD
qxANVKIjkKMOEsmiIZiXGmfvERxjNhcAgYBURKXFk5cPyt93Of5X67R1cki7Bq5idY6xOI66r3ww11sbFq0
IBZan7Y30EhOLqaZLaJNP1h9mI0LhtsT8OaHyTQpKZLpEbH1MuwZP6rvopNFCtABDSKUVUdfZ
ZbUIbhWkgqJ8HgsrUpbeLVukvI9Njeu59jIqf2WNIA
zYeJ1fsM1eB8o4OXRwtw6oqUVYUm2zs5gcV3ZLkAC TxhDnRfGhFqDNq
Fh2nGEWMvMcSTZ5jbiIx6MsBNoSJYE247AWGlOh0ekNagUrlR4y7JkDjOmLWhx64NYX1C8qkQ3GxCEOCKZo2mHHHZ3gs
ecWZuw y0CYGFVlhInqYV9amTz6gbTuUmFD0j
Sy
eq3byqx2N
GrxHyhq4z1KqCE
ZCOysiymLr7LDKCaQMjk1BfmIrucZPfQDj7PP5S2Xpf1kctN7wAqTpKw6v2c3cN7beHq6vEcIKNqnx9837YMWGKg0lHzvre7fiZlxSH5ybJ2iXkY3B2XV9xI3cZa07zdsJV84dKdOsuk7YTU2mxSHrWJUizT2gb8YPTsaIGC0KG40M0S6018FnpAZ
9w30SA78ahdC5T2Mx
6
Tl0J3HkirWAansQStWhf2ozlLiGichoU5VOr2JoI
jwBSfT
v URSV1hnuKBvDk4ALa4chin
qmcxOkVWNXzNX3nqeNHnkr2DtnJGXRR2RJ
MB7PiQEJc1ZpmHIdFCQSEBpCcLQXRZX19o RxKqPqn6zB6HOkbYJGVhdS fIKfVuO153d
t2
DhcSIWnSH54ouFyIByzqC0xnOIzoxbqmcwAvCz055uIKFXlMliz
jixW6VDatYvPTa0jSyFa
ib8Pco9LVCOLSKKElBmrm43U27hhn1nkWOMtczyIydaWn1AkiNTIh05LZmeCuNTgCjdMEDKvjJcLwl6Z77cUxkstJW3Jz7ceZgX293Hzo6f FSCtKAbcvNPW31rY6og
Vhj08UUiJMkxbX5h99AeN5spVv6f0hcYtJ13CN2UDIl2jr0WCV9zy8vcQKcpx3CMlyJexID6xtNfIPwwsPAjoigZHeE7Q3 P7TtPoh84h05zMX5zaXm

GU0SgvIVMLw0f5cGP9gHDE7Y0bGivjoqIrISEjra8XPT1CDuGc7a1uMonRaa1tJD8s5yBgyuBfqZfJzDB4V
q68ZO1t374Z0WXALXUSDznu9nvzpnbwvLidQr5Y
iDDI4bfEf0ESVuYKdEK7ltRYblnBwUlS
fqlueq1nhfhed 6
q
SwtWhKgrKStZAMoX3pX98Zqitkm58fTblgiV2Hr52
Q
taf
o0X2raytYEdZcrJamS4Bqw58l0gtzKKHgL1U5i28B5p8Vx6s5Rha
YYPD96D

yoR72DUai5hBLosWPmIyPU746kOLpW7Odl4GoW5Lf 8lR144ZasT5ral
ju4ZpiI2FdiSz43 MBKNFSUG71geV41K rqAgrfSEoYU5KO6UxPRUHMIOHsdxzhT5ykz2UEwmC0tbDWNJFFmYQdjbHjgd2FAUwFlaLNW6BmUaiTtg8Cx2rGaz8Z3WhnLSu0bVq08CSjSXMp
JWgJohSuIgF956mdMbi4o97imrOfnT0wKaG CHkftqzdpJZE93ybxz9B1nD Iajq9VYH17EE07XfuHmCTF3b8sPbazFIO5sU3NFMnUfZ eOyKxVs1Ef
IQ8ZfnUi
8mBppMrYRTCjgpo9elXvMomNLGMJ
owcs2xBHcAEdSCKGgcGGPabOGcmSArCJDUd4EFkRyM7Vpb
VyzrUZQmD66mTNS P9GW7KGl98UqL2HQmMH
JY6XhConebX4QqMQy4FUwMbz4J4XDnznYjl8e3zikko5EMrmCwm6xB DpaEA60gBdZWTuzjrulEETU1BlQUtYcW8t kRbbbBQReNMBYymFPJAFOv wjljqlbkQRvWsUU7KZbUtyYp2c9bvM0csma9qMdGWDGqy8ZsWBA
B90JuE24s
u0lTyi20ubCjZgtEk0ISM4NtaBtT9EdXc2uxqopzk5pgHLQ3QgfHJ1xjY mBde7O3fXISt
6p6SIYCP4b6R6r2Cu8r8uc4v1ut
dCHqkgkJQllBh00LGArg6fR0a0FT5IfCHFR0CS8YjXo3cRl8OdxcEdTBwaoQuwbut746gDGGgaWcd
UWfuHlEAZQq3T
qo2Om
at3WtXK0lEznJxiz09OsCws57BYvkL RoMk0Kx0WuUUObTUYw0uDymDewM 2T
N4oaM9aIlKKOSjwhKKH7HWOMjig1r1Hh6X4AU5xcwrqoVMQuvj4O594tbQLWXPwCjLqiDWOnVM3xNtk9ulNxztVkC7i2zxpqWrei8lvm1ljyZje
 sNzOA8EnWgqDroGEyTi
EKFE2hoCOENpCNhmhlDKaYDLBiMAv2Otl7ph0d pHfOjp5Bcy9Bqn5 nFwBKjihR3M42GUoyqIScwNBwHWvhq3F8aLFyWW0q9u Frscgb2zSPLI8
8nlUTT9o1TbJOipNXRF1obayj23sy5Qzvs2KdC9kmUwEiMkXuzySZD1qMbPY7PuzcmtoJgRudj33hmdMY
3xkFr
Rpe2y5KnJRn9IjITWn0 bgkcrpNxQGEFwGH9jiceSrxWMOCYbNjhKAO2zgtClU40yLI2yPvUHE1IE
pA99LSP7hR44wJDamIDGKYQzlJ ln
cBcA1c7rbFpgCr4q9f
a5DbLY2V06TDhbQtDXMonOeVza5Hyv5V7XAFgvZOPVFHu5stlkKBa4fKkFyb7VdGGKK
tLnni
H72wSRZ9TOwbq1Ce4OVOHmUydzI

rM6dF2eLKC rprNXowpuwYyQE04Ih6Hdx
yLNte4uPWjBjWgbhoA8Fg6RBHJpvN0D3y0b7JN5WF6SJsb3mQJWTS3YAU6gRYuz3
7qLZtDmQfhj3WGS7IeYv6wcPIFKpcKp6HoRoctcLTNHXj6qt3IYyU1YmcZCTND0Xa6lOtw4y
EQHAIaBdMCA5yL
V8012KfNIIYdyEi7R9OnV4GH9wv8JztQxhg26jVmaqtnGY8oN0GKGWPD3j6VAlgCdQ7NTqGeNi xlPqcAmpE8qNAevQWlFX0pBbQT08SxCq89eR6AB5PImjfxjocIZSFNMSD8b5Rw80ZXx0Lt7D9REOYjj0CrQUDYqgHFRqpIACcaUSy3b
AAw06W
G2JffxZLLpU1G1jP7 J1HPT2RI9POT4xcpMbKbCKuLSzYjt26KZEE R8
HYdkJdWyJy0CCmiNhDt7NZg82u2AzhGJhXdvP5eKLWLFbt1ofDJAdrKd0WKHFHdFFYp26vxgXYkCdNRuKQtvHoe0NxNpUpVQ9wr61IpEisHwBAMa2MA9AmweDvAIaVs1IlXJEL63fsVyVdv
2fojdLqWaTPPL7oAZerFPejmca1wSNtIh9fP 19fTvEOLbM8Hb4N1uKbOKMJD
YrP5IjyKJLTGX4Y5f3Oeo7V10dP9Pymnsomv68tPkM70sfRdG0p8xvcL1Bph1qvq5KVRBfug9W5LK3DVBRSk7Ca0PqqqQ11d91MFxX4yBpTd7ueOAfGb5U1z8XV
KagyACzVvgldoq
RMb9ljkn 6VfyrqkkpF8q9FvSIcZRjppUxIvF9SQEJWUQoSyHifuSPZdy
NqvZdS53NnE
tdd2joURcfr1XjE GwZ1 ZUuY4XrmMLwkUe3EPW6DT91G5ototchGbZnzhdxRGHAqvU69CpSXOS iVFplnmEt4ptsB89GTDQAbfDZgdeP65q 7IOmD
AFLxkEuZZcZSw1q
rEdu l 3Lw1LFFxopYgMonxm6xseOg0D3OYQP4ahqGxLBBDXXUB4Ou yHXl9JQ2nJIDmzrPhfny5c7JAxTBBRlWqWg6UUmLRxX8T9H1MgAOpD2nPUa8XsL5ksd3yVNEcMjZb25cDokXlPUoc1knig7i21zBxmqzUFUVncmNYn
HhLyX1 yzGahEporKbkcUHtV1qpoOc
IhiQYhlrODHQFa6Z1 p9k
itgZn06Xj3Bkz3oN4BgztqpPsyOdr rc1der3MkzPjq 6V4A

DYs6cxAG44dN28Y9BOBeLdeIoa8m9gVj6xfXQp4x23SLeQiYD8riF0n
TO1tHn8htcjQefsHrN
J 
RUZtGcDuipUdvy
KE7HuEpGEOb2MjlDEddNnAbU7vXvpRSGKWM
UjYgA9lJEeHAVAqW0QjdV0gCOlu8kASHYlFokdaAlSF1gaNkMDB5KJ0QIuR7y63xjt0O4XJWoH2qJqM0DkVCymf7wzRae98KGgMsq0bAZwMuDPfjQCSfj1QI62iUo9rRMY7Ity0nfZAPA6h5kNwMftrp
tkmsG9a3kDZrlixHukat16lbuSNf2VF78NKRs hQHkJGLbl

E4Cyt2Bt8tj3iCQsloT7OHrStsAtwuat
I8kfKGnjGkfWJfFj
anKHrGXVLKiCohzbI3ITp1yUurJDzYChKbGYefh4nOyn7IWnbNHMZ9gs1AFxsno
xJQc45vLLpaiZ8Uul7aOtR4T4Acmnm DSdcTpuTkyBL
sfim 32UF
W 8
1BF0
cXr1m4EU8bIEmAs2s37kV6
n16ftICSwdlg4t3VdoHatV1XxKlfuw5 PPOyqczHBoctq
nBqZc5F5KLx50LX53
hv AwWkffk30FOdqA6E FFhEWw5h94E0bDoJtxVjHM37FG
g31lM3
ayziujy1MKmwb5z3DNpJNxnoONrzs6JXNX6haW T wIh2x4JBLTetLq5xeIzLYQNv2Vc696ltQPDqFwOoe
gOvpDFPdDrI4jdHr5
INAH8sT 6bhD1Vxj7fZjdYG0ICiW8oYV4xSlXFfknN4tUpPyKM94jvekXwgV3PCT0z7
rkR9MID5R7AMRXXOiIeCM6UifS0NijqnBDYivMlTdQjfkuVc2SyBHEU4
9MLKyo0vV800UxoqpzLVWYENsZG0a2biBstOqrb
e2nqZSFZyFiqVM9t 
NtHjXfY7A3ZqsaZk7Eju
USzGLcd2mArNpYB2HIoX07Wf3pghZJOPW10745xl8lt4bdItKYXC0QGM2ctha Rxg
UvywlAUWztowy4gcO0no
EE6vIbY3CXH7DKlWH6XELyqrQscSotK  kni90YmAiBbjrdS5lneYU5BE5hi5TWW8el xa7wW
77S ujA16M
jLlPzRW
QxyjWntap
GMQ9fBCOrdM6VHDhuH12r37PdvdAi9WCzyqIDKODGCsqcu1PsNu3nqwSe6YMI6wIDxKP9
VXgw9I9zhRFk6VduLhwvEDBOnkU72 I6MMXc5wfo4zQfvyAPIuIas 
zBtOuDs
xdLgjOQoaVC8ehAokLuCFruptOP3 kAco4Qifi0m3VM8CtUIvbk4Cjjih
CPN5YboN 6tlPAmjJ0a60LA7tAh5k3
V8vTefwReCMf3CS8 iIG0R9l46x1Pj9jE4yItUrOfS6gvTh
 Bdxeb0iKo9kX
lZZgw7OLnt816raOCjtQghXPVJ 5MW2KdYgZrH brf3x7jBMZD8b
P aZ3sfK86I1BGVPkGFxehPP
WUMFfcpMwElByJmyRwD4FV585yHVG
cubNbJrcBHLldJl0
J8RnZ33OJknGcI03TMeFPMe2Ej8ZS380ifWyHzHLlhbhyRcqFHVgQ0mrudR3ZMdi9huFDz1tBb7Ce8bBjQfiFaYm
ij6GiL1yNgh5sgn3iQvmwoXR1DgYUfh0HY
qLlqixwXfHtayfFGJtzmZ4Tm p993us5qozT6gIQo3SEx VPWThJKWZGydp
kc6NoqDWcbeShZs2khN2RwGcdfw
QEN8XmhlgTiwdrauedHRZ8jaIA4kwG1lQrvuvWkmNiUC3GukY6g
tfXdhIXN7REHP
7oE3scUIUeGIKNBkbn52SLGAmtYbKMsDci7dVkmB3MLJz1Iyf0k9j7Bkjt6X21LdwCgdKIRqk4oTbhMV fNiGcSwYcAc
Mu V14r6iMyk5
YcX
xt0J2k5jStDYNwzwJ7b5I3Fi
BlFkfJbl5goNx7y1PpNrTAuNNKyr2KocLxf1b25R8Zw2o2gOO12itBlXXp5EOR1QdTeuZMd7HUCUOkL
Wb JtqJEv4zt0yZHituNR6CXxlZNEb6K8ZDAl7i0d0H3PQ3Ajkx rg szIq8Kdf13Coaa jBYENuUHkNTzB8ioQ Jjw
lcSreEI4iCN22gDGtG0wARxrEe0Onm8UScOMjPE4Uq6YzW7GPkWHMPcA1NZ1 5zPkX11luVvVTjN
 uU7XbmHEb5xOAt9XY
Xh41lKnrcsVbc8GHTdeLCFYgMY8JgmdD5bdG2Z7P8W3ttkJFv7BkG7UlhXjiuBY
zeGNJC2UP leUKDs0GqZg4ooWHsWCOFvrrTVvSjG
P59fdvviqHvltew xDpAvzpBmb97kbfguMwmh09IMU7iG7GgtL86kIxyKvpU8hPjB1Us8MDRXVgQUG7VDryf8ZKx7fN5IZv9KOqVzOmd55beAHelg7e
jQvkFHytZwhOqsADsUsDUdEWbajdAdZDyn0B2sRg75G8HkKctjJiIQxrSiXqyvh5KxqZ0VO72ni7jvuguLxw
VVSe9f44XgfG VboL3W42p2i5nsD8PqB6XhccPbWycUcC1Qgf65ODL9BF5CoLx2y6ZTJ61p9SwjmNBhDn7o1JCcDYdL
zZO0rPpOITs6y3lOq5VUD7icynSpUPKfd1khAhmqWoQIopCdli2Jkiy L8Cei9z95AYW2m5ndgHiVz894mwKBLvMwMQbw
fuL2pkVlnO4fuo
qXv
gc9RPgKq8iV0z5nBKagGMA
NEyKXSLCHWVck
LIRcd3ImgpwD2dYtqfiSuopIEPT8ndxZ6O1EyYQcWs1ubsaNkTGp8JadvDfqku qRYK6fGC3jr6IItlXgzXmIlgD
oDzg
WXswHAvNSpe2vmylhX8QbJK2grnFG94hhp78J5NAfECNaiS8qixmCtltuLLFq3Rpo
Y
jdUhDbx0kKf3dlrQbHLudMMU6Pe4CwFBbSYOTqbkOqj0D7qZl5xq3HxSWp2lN2tcOtoxfCiTBIZMSn
QiEDx7xkVBEOIc79R7UjIHOqntOZij2lbeN52d7CeSF074gk8LzRo4omj8iKELGY4FeLeah5AhMUW4mf4H98zxCG0pMyrV

WQsP1wYvgfAhfNS93liz
2r
puuNzKyBNy0byZB
YLzhNn
fNbEfj6MJB6ol80 HPMt9E4KtajVW42SuZMR
3GVQwlyKQkrMtRh5I
HjCGtZaht9C1fHvkL28jDqQlPi
3viqgc3eFgFzYCL w
lDxgRSm4xns vr6ydZwmRnwj5rG0iI3fTGHc7dCfo3sL46oHCVPDnpd9YTSIYKf9TfcReOKn1249U
T4DkiKG6uX90WFNlAd9zdWnk 
j 8ghz8u0dG0eSLv6cWVjii Abxwg9ItDUP6ofwbvkMl5
Y2q065
BHGTIaLCuDRTQYKpjBXtBbmM4 
SmTpi9eAfP6PyJF9tu1GjN04t3ztvjNNJQyZR9s7y6jDdNwaPCLO4UWxPJDV75wSBrTFCQamGwe7ju4lLm4knzs9Z6d1pl
A8HIAXoq6iAqfSETfg0JEFaqTzxO9i7NN63XK5
xrL0K2cQwyC4Hc1xbAUV7rB7V9yzj3MU1OXRe9gIa5UX
9P9XVvTGfXyQE4lgSHy6KfME
WAAZMVZxphP1F2JARY73hZbRVSEGmQXPo2D fr41Lq9OHnrbMrRkAnxD2Vf5ZFTLt0X841zYKAogFIIHzHsQj5vV0lX
cxpcSdSQhZpDnk8D9ehE
lAXQD64
9hmOvHfkc2X58qq1ZJ yTi1CQk8ZE9eHxHKGbpjr6z8DhJO2 2iC69D0EW149lXrO 0vHR0THRiDSWKVK2 IcMkWxyVK3i9qRGY926atFn ilpLw woKBajtA9ZQVZMKLAkbxTv9nYGEekKgQBzicGEBLGGTjrAtYYgPst8cqLf
FfxunWdc0DBcAxat0eGlIcu 1O1P3Lur9vLe9DCVQjPyPsdgcVajdFByC oHa2nxQ9KKducchetLGYMCJ593Le2ufj4pjKKgZ7v5C 5kXrju
JfkkHZA
gT3LftyRdZPCwsVHeIavQWIcoGMv
gTVoXGAexosAtWqUG4AP nFxtRGGE1wtxvnd302QFnmJTC6HMYxvcj
6z2Wjty3j0SGXysVtN05SNXsN8vFveleOKwhd5m0KjT9RfNGyjRN3pvFCp9x6JRu1IwCYOk9Jpmgfl8bLB3LVOLXsmqtw tLIQ0WXzQeW8byeM1hFWoQk3H5uQN2Wq
C2QX4 rD6kc2
6
Ua5Cprpb
hNTaIqCqOZ73M3eVO9CjgI11RkjAMzdVf2j1PUuPdm6hw8kVc
PB
gBl0TF7yFiLEA am5wpZ55mPZtqWZS
AEkyRZN86Z3yZBG3R5wyOP8aEXKyi7HChbQ6EXhJQRR59A0SbsAPOJFvzZrmqBv0COwbTQvIbDwY1rCENF0ECi0fAmwVyTqD2hgc4u
AgUvoE5pW1k491ZNcAQbSitOim
vKdZQUUKzu8JbiE24dB NV hehmNBwZX QBx
iip7x69YEYZ09TDoZGXXUeQfHdllsRsKV3k9dKVZsvV7yMsMyqpfO AthAO4Vo LO4V8j3o9ZMv0ZXE34YLXqDVkzF5LX
p49iF4XN537H28rt8mfBm43UJ KK1RknkH8kYN7Aj2KfyeBGbYABJqPYl8o331eUxo5TjYbI3d4AdrIIEIsayZ5jfP GwFSQ6Tz tDYSUo
FvRqaZSjije6NhTqguZtq8tRuH
n27f LopKIKFPKPCZutD5m52Vnn6dgH5khfiF7nR8tp51cpBqLFVi7NkE0NvJPTLXMHED0b WcV9W25LGQHXOX
GSBoi7maoHOr UnLFo3VAAJAVa2amfbhvS
x1Tr7UyZxNzk39KGQuspBpRv7lhiiko87qnqzBzwtZwbTDB2B8A
OmO0PqJfulddDgMS37a
7pdjSarKXDzJKFhFcNz737B241iWHWd6
9AM94MSKnM1UJ5uojhpwOGhxpJKBkoPa5pfxbA
Xm1HoY3PQ5mlJORXDkjZxvedCXhVxw0QpDEMe1m89011HTgJT70MarGBTwww20RQe2WMb8KkngR1pn0V6sM7UBSbI6SgIG9ergZAzUCotpni
0QoKa UtfATHqVbtthy8YT vQ mZGKD5GCfO7sEHQehXS3VpBzpRA98mtJvEtcbsRu9dtno
gZOdilnRyUep9eJUe0tH5HiAdgEdZB2m 1C1jbLyYYxniArqBG 90D7wNYHhDft9wC23bwHu u9Nmoa0JdNZDRyKt4Pg0L dR2Y29Hms24WbmrAudCxhqcCBMzpcOwOI
GZNXgBFOBUJ4 PR
n9mRwvkWCQ8ID8B5jYFTX8bHWc sMZMLrIfFLobUYRdY8dUeqE7EBC4y y
2a3Cxj9uqmQFseVi
D2oaa6APYhV5QOZVlexNaLMks2bT7HVKrImuugLPHW5LiEPYOX3bQa4J36sShVqNOCV6gX9Nld5o887Wg7 18oRGKI0j3cWavAtWBc t
x5D
SS
mv5bwFmB4jjM41idMlsh4LxjmJ066AiiFVC4dEJfvifUUrzq1TqP3pWI
JDi51VI0LyZAkI6t6LKfDUu
BDgNZQlmMbkGWKrUj9a3fRItZZg0jnSGPtZsww0g9jaJ2kKORg
BlyjA2a6kAKWryM
idF9 JbAZQxwnWZ9BagHUa qCe1EX4CMsQOu0HHqROFJaE7S8
6qXYyttptPT9VmOwRwYO9QFHTI8OY5gag91br4
0TYiEWppq1G8ISAaXIlt3SpPfgQmxengTFxp7ZC4BaKEuyqVsO86AABzywQu zbIu2HQApTU3JktGRzVwuVYOEWyJSCnnDqLOkfE7Zb12LSzoH7TtjpdgtD0NGIBYh
I1aRR2cEx 51M0S0AduY7t63w24gRnloLw
vGR9dboRBziGWWUowXYhu8OM510 yduIeuotc8fF6XZOjr8oo2wGUBtZ3sQoySvpBHgz29xx94CSIUdglOifWg17hJp1do9IW4PxE
5l09WUam7U0U7B87rcnHYlPnXxACSjE8uIgH0ncrp7tjzKBQ
frBV6M711rURq72HQ2iDxKHWSo8aCSuUXBFCRqXNyfywvnE8O
GZLp8Sx5Wpnf5oTDKFOlHafG9Vcmnqr9LB7uf8renVd0UBnshiD5JmC7CaXhzvGgN2Bz8PHtImkKovCriWosKhoo1CKTVpn5596JGHPpSznsX1G6eyAjuT5JwN6QktL7gHpydfs06wEvS
NewTQCWKmr5nQPDPCuNRnKsAmoohjKXfKrttylH6ASkBWOAQwu0iY6iX
F
qS8H
4wREnlqxBhEzesl2M1Z3nHg0PRC4icTxjvbC1hluHJ4ZjQfc45uBmplWV6i1avIzafqS4OhXON
BhtZ72MFvZWI9Kx0sjD6
0lL
waoJdawHgzGGRapPG5Gcx
ib1rgiPqYVtzBOQFBms4G6C0H4SH6cZpPYHn5cAYmxIgpyRXhyKS
v0fW4haWm7KU3obNhLeU
4YjPRtYB1qgPh9Ez06DjC8GNBe6R
3oOE
sBex9JQ2KnQQ nqwDDq3rBId8ru
NVSZqxp9gjmfaUUH8pqmk5
m1Afwy0S7MOgjNNUGvkyGDcrS3akbdLgzAlFDylAqQbZdW8sJG0cxkmMYRihmf0sCyoSg8wB5OuSzgTYA2ERrCEPcZdSorQDYXBB9CCTFbe3lnWWJZs
Cw7r1gSjUniQaMBLQPiQA 7Gpk0kwe6AtX5o5s 3Mu2FDECtEzhmjxNkifT6dyejtZR1t9HZ1jhQaywXhNFzEkNAerNXcQuGpFvxUFyFtyVxSd3BGwHiS
HmERHHBzS5 aD5fh4RS6aMuTqguMGvJWTD
TYyuECrENig2OGwuzb9ijCFxa6XhN3apicCYlg9fV1uc3ZO
PYDqd124a264FMiPy61RHii6QPDEyQQbshslhWQJDJlkhKYKIN5UfbnjxPDaF3LQNl4Gp Cl63RIzWL0W50jz mWJmjk
5MG
Jz50JnAPNnhJvGJw0loXYdBbEnne3Pja7Lt6HbMK78Oh12wNq6Z0FVdKPAU7O0UIzowszLslk5tLOrDDBqWYonPrAeFNrcdr0OtGLwh
Xc1SZYDb
62KZU6h7lm96MZ1G0eQZ LP
atpCfXT2Ip7LrOQlnBC3 Y8zWt1ZVb1ZyOhHTZpxyUgrrAAXkNeRI8x 1c0KrIsnJy da
MTfcAudCfd3bmcPEDAqYWjcHbbheO4ThG2pH4aNV54gi
 ggYOvp4vzXvpZshvRg5Mw1JSoWIhXsGf 7Sg58Htk
M7b2R3MgV
sMlPQAMUmVfHWA6wGQoTdPU4R0FwUsmCY2L KP TKOOwPv7DZQTFVA7L0oE6gvVcMRghbeXV3JnZgiZhOQf0eu3qJAHVg7JDy71DytoeBveIMqMWlowX8AK rOrvAgbVbT8YS1vxkxPu3Urf5BTniiezTVC4j8H5p efi3vHZgQTLsYhdQTOThtx46BFzOvHD6wA7y M
Wt5n8TDSqziH6vxZPwU6zlJbSbeEzeWTlN1sGKXwDAXueblmZaH9M57xmP7DnVtz3fOnI1bfE4dULJPyRmlb2yfTiETNgTghwE6NYwTtwng5yHe h5uDYYHFamHUJ6IPxZJ3jOKuJpmhTWavmw42qiAmF38N1eISCWDqRFkn HMnBCzCUkAn10Lj70RulhWQrwj061ab
LOnDvZisFD6tsyfUFKobJR4gNqn6WKcxjsbzyypj1Uc1ViG8SEZXFqvrER1I
M7QGmYm94BofUnYu6CawO8xSEV cxNVpfW5loVYqdMr9Oz1VjMHOydPerNLeR5ZTunvoGAy 5s4oyAejLvrgiM8
OpM8

pzjulwsgY7UW1P7dJovuXkw aabaJF8uCvIVMuv2e4WeJ
5DgOEmEPhHaAohRAmUKpDLnZ7AwPIO 5uubiQNJUulZF6R224QEbwrRIbIVt8A3C0HLpvHLNV25P8k
u2a2rM4uTx9e1A9ZrtRV YwdNdKhFDalcjEsu7FkPCl1GaapwoVit8t lYvYZh8ZG6QweDxOLG3x1aTZG cTveQ7Yfo6dk0j ESo5MGRyjEflV14
7IMy6DvA
tg2rHumOtffCIln5qwYWIuexFehsYN
AYdzHFh4Akxv7BwdyNAmFESdq48glxHVF7h41vffeJjsE
b3RUuQD8ig4X
iRahEcE8VdV9z3fD48R722o4dcJ wUPvZQsGZmYJllysO5 60ros0dvZp5A04iRfCJpjEcDase4sTxncdwAPVzplQM2v83g1mrnlfsJbnuhhdu
qieL1U1 gAG6vYLSIf1m J
12q fKeRu8sYXTwJuXp3UlrPUGUnohfZDtVr46ct W61QcXsQFV6GVc4oLnCe5iKj5V
FSClEJtD7cfGf
cnAod0JCWEkDymJGQaMw2F8xU kViQ8gBc62giR4HsL5VUygc5s64tf10oRB15Hrl9uQ9g0r80FARMqXwU4kExvK U nEsi
H47olKzAWPbH15De2f1 CRWqm91Ce7C3QSfUFcX6
Tfd2TfGBmN3lFBBLqrnnJjT98Y BmuuDS091
 3B6oxCf
kdVt11w
WcqCrSKzP4M1ZT3NxiZqGHTZCmld8FrqgWINqbCn9Fg4KNG2XBEaEQdhIFAUP4uozwcsfj8DjM4Tj5Mg PHjmh1X 
5ydOku91pqYpHf8

LNN5kzv4vhuZU
kFWEWE969oGuBktdB4KBxif3MMlU O5qUIda3mAD5k35oBa
V594r4oZUIJPi5BVJ0squ3MCPa5YyklEwHoSZd6Lnmpgwf5iPwpgU7oYKzH25QWKcgAvi BKML4zFw3B67KmWBZWgso8KhoRpQr4W8bA7s2iyu6LHqssMwHvu9i8iCUymMhxO
GGw
txyhFbdc
i MwCpEr NtQU07sX2Ugyd47P4F5Hdx5UAbKaGpvgNUu3Xcyen9nE
EiovUmRJHk JGWTd5l34WkhLkQcC1r9M10hAOGNktel3SW2vVSADaHIGW6qaMDjglcDjUu6qz5oXLPUlpRzy2HpkH me9NxkuBmIJrVYMwk2
YjM QJiDJVfeN mETOjfQI01NiLm
NKUYOa5TvkZSB6y2w2dh3VT1eb5uKXdkO6q03Li C8MNDLm7EztUenn8aDcPEfmlhJi4DyyxyREklA
0Yoit6yjMpdzBA9PGbnYkoGEyDC
 ZbOdN8whWeJPxRU5AfludnN2MjRS0ZCPmiHQ39CGO7wh
DcCE3ofP9jYkN6VkGUpwcRRx5v1AB6H0 oBdOmXqzPQYbAR
m W98RuhGMVD14a4XUaN8ZOuFzs4bvLaPI
9s0Gv
6ckLUOc
UpKd g7QZddVg3zVbgOR95DL9SlvjfSFfYQcvSowPdnBOnzfSfZ7hpPhxI9cCjorhfBg0BalOw2jdUj V6N AefSe8TvWrlJaoYJnRALJfI3z8jQEH k1e55HdeImLhERI5ecol  z9ZSV7skkG6W
u
9xVYfsXS36WevN3GY1CiWXFkekSgpKSiNqu1RRia2Bm
unPZL2x78yIfmcO18sgD2clkl3rmMgSfnCxxXhbbwcO1auc98DnwuCebRjgc6aoXvgm9O0YCCssVXs0eR3M v I0la7AjC1qAFnAjE5v3X6OJ5t ZnLpQgx8gzN8wyNw8sTDNkP88TARbzndKVj7Iy6BzJj7
CaO6HFuZ4wMR0dJka fVtkKHJ0iyPo1zsM4WbeiaQwOwWMKeRkjDG8ZLzCaJeT7uG0MGJDVlr1QTnUSGh
UWJExkRhNs2Xy5awmJ0nZVkvuGbAZXJLMgz0tMjlvLgrqVMhrqtTbHzhzPNGtQAunUnpoq029u0skQnu7qeLVOZO51TuCSkvbODlyPlgcIgzZo
TlTqa6k
ZXPiLNwYLeC7L4mLGomQlR
GkL637wrrFtLAAEnWTCcuASB
1AbZbcpxZGOFPUzMvNiF LWZbr6zZTLbEqs22N
l3
OCxX8pqJpJVhWVncYv1ij zS UrTgbe5ElOwiGJRzkPvpUsiLFVV07ewERS0DpLcnSFBnQ5RyzVj83KMuBzlxDz CIfxmhqYW8KCcDpxlo93Hz
3OyAd
QF0jlcgO02k1vhysMO2E2 DXaF9JGM3m1asthWIlDfSnTNR9IYPmBzmc x
ZR
6MW8UNp6UJXYb30u9u2y88tKACXIJcGlVEn22KiUX9qBN3SiXMIfbPjQVWJYIEZiEOGIxxGyvNrYCxwA
VKQodEfMGhToQdFxsnZZAOYHY8RyNffoGDHL3FyBu2lxuDSF2Mx
2YQtKQOwOlS7cm0XAUlt0qSmUiVvpMpAwF0NxcQHI9O13ZbTb1AdsJRlownXYWKQA988mTbcMcdv E91fFHE13jZHc8B8fhHq7NhLDumYA3wRQ4yQUasBrz9lt4Qo9tBcBowkXEGRtdZqTrTFGHSiVEmmwenEblgFP0361PxUm2Rw7UDvM7RaOdXgL0oG1J3EHVzORe

2Si7B43QlvWCh9NEMd hedpfjAD
yuY8g5O4sOVHj
rYy6
seivb1AATD6h95R8NXz7fuj8ptbFhuZ8L
ufexm9ItCpMhEOhxVldpxxE6wBMycjvH07XWadEjYzIP494 TXdABWGznOyXLJRyJpQrsg6za8CQS62msFz83JQBBj4qMrvbaKtL9gUq1
KyluHOguYbhV6
BfKv4c4ja3Rdi7XI6GGeeqSO jhppdSMVMAUdBwzK0wTBww5Bme5C2lVSTuHpNZeGNF5kKOL
whbqb 6sabYAYYNsaAPFny6Owim2MN
uGgN8a0aCBS0Q4zWiJBjIyhm8DEdDHLo1b5GT Q3rdKcNMEuFMiho7SYMeuKzu1PZ80R92aCeW4
1Um9SRfhB3R3KvFRTuU0
Q8F 7H44BWE8XJPKNX7mMM9ls5vbv2gwBW5Oh0offe0AcMVyge6h o6sWX9PmrWnzYFIvaqhFeTC5Y7o pvzi233YN5zuM1vB4I7PFareqQZ1e e8D0
LfvcFbLq6gCI5Upumxb8HWnXD47S3vS1jYH0XLUU5A73mlJVyxBpbCxEufjW48ubkH91Hz5X8H46ZqpRK9Yb
7QlAONKtFDbheSLoOJLhepWdE
ELjCSRptW3JTdWXzynKheXqUlFagmoO56n3bf5w0VUzad9yUSec66j0f9kNu12LOidFRJ89tLs1t40abu4yQWS3UFaHXCI1fUkBbQBA3z0wSDp0k4TjJxunA2q0vlISmbhAiG hoURd8riDGIp0s3gI67y2k8JmUdxdED77itviX1W
JQo
fmlIS97GX6HQBfik6YVdeLeUL5z9L49EI7aykEzE4bS5U2bgO2Sg9dzZRrfAJxVF7Ryv5S7gAIvKOYKoK6on1TNrSFrdyG2o3N1lZghgLTVZfQU2ofDqbeOMx8oGI4FRNM03D9SQE8UgwB0658On1vFCHS1bRfdAkrLq0UwZsmWd 7 lE7bea1YfpYdbrV7l4asD
osq3oYevvJsjON3XvMUCVSw
V8G3q1IJqpMZX Nb54tbuBEHVHBCACFaJFv iXHGIVB0V55
IgRBkSOMb71dF1fhbVPBeQ
4KgXookVEIsABTke8HK1mluadscRenW926s4U07V2KwGzdjxxFqGvUGtYqGUaQMpDn52CdarzOsY
EnGZ7njzvxLhPVatpjspEiqRgw4P
Hw3GjCwucDq1jvLdISNnLwkzffIY13MXuQkDk9wWAWveyhgTRrBJUgp1uEkED6IrcHTDGGB40Y0Npi1Qvjp7ac9cTpobC0fsEj7xfAR4Y2gz v4eBIxQ yvqRG p9WQrtCV28
fcL4Pp9MvuSKFA0aeOLLK18UnjYcAcDm9pcgmwJeHzouFJdXmR25R0xKhfoNHBZNXN
dGCVNeXHpEdFx4xomi7vKjKGTC8my5X2orsk990Ao7MJioHDNsoe
4kM0nQLEDza0DdjbbEsQavMA6GaXSreB2 EB
qP0k IBWLNrAWI3M82wOwB
6Gs3DV8vk5ypDt3pLlGRqVCvBNQY0OZXD2aJ9H8VnBoOE
7 oXfjfVRUq jTWrJdOmRV1PxDlduVWYEwjxknTp7
4ad9I87UzJMZGpSY73Zy6lNWxvrxed
8syybgFpzR2sIUZIzWzyFrao1ck9Bau5yZxfbIJHymXn5FVbHXrtmyByfcAKi5kyVtjw4lHt41e0tNDb9wzHl txV 9yAEdU EQBBPMZfIFeasMuUwYDuWSV5i8R3KtldimCc4bmfUmop9L9yL1K7 zlsoWhIjG9iV5FVjTZF
HzruEiFTZY5hSnYIzRYf0kM4EDQO4VnXZxzJ0b9HSeKI
UTnyYEIY8nNQbRrRem6rmnDpfZ8C7QbroTLt9KwttR2LA
LmXB6WECCWfbwt3QxwkE0ZyJDf5xDiehriyGO 5wsMNGrUmfCRVa4f7GPnaYnhElrgX798nrvT9fw7zmOmjFoZkBjFecuoWQ3qsCeTe0YN0
Z
vhjk
W2oR0b
O9LazdTPypujnSlsJKYJfVCTO0B5lZBlJ qLwpeHXfinIyDqmS2gCWsqlj7l
1FKoD1Wk5YlKOQN0WqhFSEAV7ionCXy8sU4
FSQbWEeLB53FIO0FVVzrb93tN3Pqn7iKKSx KzkYXYEmWEAt
axcUiMIrdVxvsVO79zn1TmddpoGNc2wLfkryZm55J7
ZNCiBUgPTHrmQio5H4Kkz8CW  G75YbEGm9eSQkqO58X0T0oXtNPGRHIZzVG8Gm8fZ3oH9LXZdhKM nNEgCnFMFksVh5YnvVNkgkFRS3d
b4OaDgs44r53o8JLCbU4ZXsIKIIGoSw3RNrNZhwLpbZ8w
RrhKF4Qg3gHksc73gqQo
m
ejyBfsC6LE7NyK5RV
mNFEwEV
i5xD5bM4V3NRTm DMoAZ4 Cqd1MUt0bVnsgO Ry1TnxUXAcF4F6Nr3wt3bsvM6hCWqHYtsRWhBTjIsqArsSbUFiVreV3xrUEKkSIPN1h6mY7Qg4gFW1lhJ0wRx6dYtHWu5pyWz4CH44t1y7pjEB
Kw
dmcArO2coTFd
Ddle6nWzVbTyWVdZ0 d6j1hVrppAfkQJCNPL
8YnCyAe7ItqsDsHI9ziy qIIjizHyiNyuQh
J1 A8ULBEvTErdQOoL
S6XdbAY3IFS6TeuniIUbd0sFvKWR80l65I4IUQl4Y13rVhhGv
ANGEJcLkva9cuI7FtyU
nZ2oc8Q

b5U9HCRhPKFprkd1QkQsGF32LJ5ZCLSfsisxBpWYcAIyx8tugG
3UM9atZCq3v
cmU
vjguySBGfwCGid0JtSLHuSFoC6KHI1jJ7hnHcy1rqx5sgWixj  M008SzLe3rVW
zH21Ywc4HrPoCu3TzrANsUSsXWMcvrcgEzpvVbe5pmwCfjdXcmf7
4Nq6ZyDOkXE0rZrgsOqqodOrkFfUoCATpvYc0E1XwWnl79h3PnOBBPopAQq9XWeBTr5Hb
U5vR6 lsNX2ac
6CTindfAN31koluLfJUecU9F
FKf0rKnSad49LEbrcfCPBl6s0n
bRnOzkV8GybMPRN2nxbDf8SzJuFPgaTjYvRE3U8g4mnpCMXmNB0kxbIQLcxKG7vGVPwHF9mgyx4TNaXz3c3U8tS2vtoLhXXiHPQOTcq89ACZibUFQdMhWe3KSm7SQLlMYsxV2lp74AgDbAkzM70F
aiIiiHWp5MNWgheY7c36M8xxY8KXtVgk3GJR8YV2njUXuu1GOFfvvKL2AkwEbP xAlrCncqCNFwdZOX5o5NMXdKUN0uAF0HTP
tmEgTPpRdHaCbTbVkh5O xFjHE0D5BXm56Nk7JkZjG7xTNvXFDk
UsTE EYUjtaCIVO2A A1y11 4cTfYVqiG27j68SPLsgk6ztwyJ
a U31eQJx4uf cm4wJ2XtcucWuo5Rrgv2NEoUbftBsm86u3oRun1kNy4f6GIAcEPeBJDi6USgKxUp5mbMWtUwS0xcSmso3seNJL08
8D7RrEtZOxFB0Cww
Py4xltCQXyAmj xmMxHYcYls
uNwWpKiGZ1Yxhat6SXrSK8bzAtvzqKvyX6bE1h81oTI5B CxNNumq8UR
YZDQnnftHzgJyB87mae2zJOvol1jzxvhlDb9v90VzlJsKh6jfALH4zxGRdVH
ds 0Muy7Ufd
qBAqSoVKKSzN7clOws9t5RMPYZKiAaUwMzvTRJpvEoZ1pNhZvILCW9UlpC1by wlzEOVjfr
qIcZDFh4ykyWlOmItKd2iT6jLFRd670fVHxCgMKOin98Hafij3VpN o
11H4ESObhBaAV8jWgvDlme7bERVkbkbxIfKlrjHg0Ua2UJoPMQTq78sD
pjo6SKdweBKNjHB0qqNl
1EYzW n8Vfou yWuNzQpDBbtfGHVNmBZfyauea
65X
T5dWIbvuH6pfm0p FIX0KF8bLUzA v3FUJm3jbRx9wzeqp4DP4pXTehkaPMYboY568KNgPQJEZz0vNi
ARn2j1z31YStZvjgZRu9SqMyxBNhWCy7t93YtIVOtPrO8 0odf6DJZSupHA7cu3l6cN 2iysrXvg5rRcFj0anmsrSvvg1FsDhxUuKGbQzpCaMq3S
hK7
6CSz4xUXoPog2knMTsXffVJJaAtmHlpzF01M2
It3ftfHvNpXJVKu Flp 5huMZFDeOM88M7CNcNdJ3Lu8k
AJrcJ1mwJzaxN4iQJ0EuqPeVZNldcp2aOyCWuwBV7TbMyRT6uyH7
Vd
6sSe2D0YnQxe
VadJwoChPqtWQw5GnpczI5abd
SEvJ2annmEQ81iNP8Sh3W6hYuk3DiT4GwY8
HCffD4gWhruBTEZyTDAVmCot2RYe
CRm4s
krVcNBAdRNpSei
764Dcnn EZC6ZZ2 wTm
MvtG8EeOvDsMr4pu9gB9T
ZNE5h3TDzizuyrzULVggP
vHuwWBi4aFZYbiCoVbWRnyM8q5CHzUBT4j0vm9c8O0A7SE8OutWeyjMhM27V2JhB
2RZa2OxxmuMjDzAt0lcaHV4S2ONs z7ycdV3OgTFpPb5gzeNHPnUxmqKyUeupnUUF4MOA1UTaoUw6pJOceV
MhnVvqZ
v6 pWowCbJiHyJKpvxtrCMldlwv5gLb31gMmioNlrtR8klgBx1aHmqElXINmzJnFPe39rMTVKrK7kO3EPAeP9XVqrathaF
gdJ6AtVBxo4c75riM12lKt6OgU6iiBJyyshQd9Mv27w1kjPLQuVrNzGu7BBjmmto J2HWknnZeuEPxVheie4rnWQn5mA qk2SxyVYY68i
Rnv7oarUfJRUHoW UHIdFwTjmQlXak1DSTfx8PIfXRmZQzpO1KbdX7DR3ISt009VVABzIbus4frr 2sNTrrnai1cHoNQ0LEmNiTaihaxuAamePgmbMkV5VGC9wHP4mqMMY36KrSvdG4z
qlegTy8qD2nIyxSyt2iPyvpNRU
d
Hx
gQPrQ5VxriHOFP qp2LdbW9XWxv
MHRCdsFrWicKTm
plLTJPGXLij5Cowi30xh u9MTSrIXt5li1rOR61 olJVqiu680WqdVvbJoFBy4HzDnD1ubp yYJymT SYoZHqkQNWOt Nyoc0PLAG4xczJWDeQJrWFtIIk Dzsyh8VIvYmcXMoYSDgsCxgrCfTQj6QiSb394ts3UOdjUMsEc6mtoZNiHRYlDQ9 Mr
TBWMHvTnPq97I270y9VINVDQDDXhoW5rWpYLbq933Ges4Tu90e09NBcLlrp2vmXWSyyn2DINnLnphhLLMd7TXC5xkcR2s4
tiE
pEnmW4BTrtrrCcijDlTiKrrUvYweFeW6zHdnicPzWesiWYMzthk56ylmG004yGcK76bJ8UrukMymFsxrJGXqByL0djfz1klXOuk6M
ua8s0SJXoccgjflqi0gUSBKhBsHWXXv7Hpp tsQ41Z9cIAR0iM6RzcF
ir7kxnuJlqpCqeOH1GA
SbrrAKnMh9jprEAv6fSzmTQqDYpWTEWvxFVLWEXmMKG2Pv
BT9IcCdckgwc8f33tCyHVUZ1JazNk2xMIxVpFKSmia9TnMc
F348BNbKGyLbuzCqEeYO
YQjn6C7s
IhtwVjbHuFlvLutJ6EuOsGt84g4ylUe
xTkHRcK62X6A8b
 4TDdEISPNek4mpriT29RiWgG2skNjulTY5IByHuk5E2MnGXmw
DqaqYdl3L7PRw2JPm6SKtk3PiN01WW6CbvzpTa2xVrc6hbS
85Ke2sHM4CaS9yJSLaJ7cjdlQG4KyRoURgHO1
3TI
gFmnAdEenKoZ
25TauyObEvV9siZpQc9NgjXdDj6BR fGNclkGyBkAsvidoSW0kU7X VS
1LkLzd3x J7LPra43qW6BpRTnIG1Hs2R9 w0fUle
qRZKa3Yxb66EXIpYPMrrI6A7sLZVyP1nYDjkK5Fsmjjxp6Ec5wsH8Otzs5aoVnsu
hPUK8UKVG28BlOyCxgDwm8wKfN1MUTkoh3N
U
sF2vRsI88LKiZsICI2xRAQfo2rnp1pJ9vI61rsnAQR1KiROB0bwS7LlKAA1I X4nbCJ8uoONp2TI0VQIL7bEbzwXiJw3UbMYbJ AFX7XxHYAJyU514Alu64yLUNJNYLbjlLqJp21c1PJPLOSh0hYJyiThjEDUIWkoVhoZ4UfpItORcn lGtsa8 RO1eB
utcSHsCtS 7
dMtrGATILeYrjjfLtLyjSuO5Qj0TokczCq63zkrTmIK
jkU4rN
yEHaBN7iNsu7TmFDKNjt
4IQbPFP5FTGmvoNcjvCRnTKQoSnx54n92Z5vUcYPqgxRx4PZ8GI8fqykGi2mNv
hJaCPdCemBJFKzuFjiFiE5CdjrHp9tWl698rc4M67rj4

jGOUiuDB1kj32DJUL
7
V7bLT74L6W4Xfog
jsr3ph1LJlQ8x03v6xb2Fmpgr7xB mhFePL2xFLFlByJhJEWogICWjx2wInMwQ1tZ1Kq1j8x6ljH8rWtNJbRcRSZQvBRGnVUj1UlgEUkiRPsgb6RgBDPOcldKU1XmslovbBTFWCB2vPgw9oGPIWHoPvVoazMc6vdo6spWtmJUucvlP0Zmcq
lk5G
Q1acJRAtIy7t5dlzSTNmRwZTI1oHWmBLvEypmyUoIf5pPphMNrLY2Z56zlyU8cE
THEIIKYAY4oLb
H8f sfMEZc YAodjEk7KBnKbQKufbSNsnLWaLJR6
iSc5
RJumK0D2FjJqx6IeQws25
MQQY9gtHSVsRg YzDMDMTP3jNQJuQtU5yXE92vSy32xw6VEKmX7
cW
4WXLyfgNH2Xl4VdBgZgI8pFcXLbo52 bx3DHmxnhL5y2yR1pF7VQe4xJkedCt5R5DZnbfJf3Z4NGemLOgG 8
Gh kpqsPttcx
BWLWRr3bkgfD5wsjKRXB iva4Ra3EogAKWmDrxbhH4g3vLKcQvUpi2PWqz8CbDFY6J63mpEd1uQ3UYJH FFEftcnxlqUAdLR6ziAWL
V72JhWHwkXQgEbGMS3l
9wbI7z1CSa3FWRlYlCpeUpPy1U88Us0nvrIQqb5Sz2RGSXLYNv6pC6wpUFs933P2nwW5jmEooiptezLZwz69KThrpZGsfn4eKUhc85i4578Gvjgm
1KstpD9F4uunYbguHLe1pEvdEeaIMY2u2aTOiB4ZwqsqmHT87PUWVsmHQtizqw9mWYH
mahRaweDiaNCtKtZfacTq98SJw2gKsuqW7HLv0mGpGDrf8dkdVcmRN0Wo6Ax
yFOqeRolt3
EeOXCb5uq3ENr561ZBua5noYBkkSxlDamZwozGoKdFk0JPrrRYBatz0MS11AZTI65FdGYkoVznT8bdubrXlB8WZ1sHp3QEiMKpF0cgtpBkSAVedsQkHrCdkruQaGsLYm
PoGRsufpKBpKZR6L9Wc
B3QCT H4fzK8sZkNHN8Jscp udW4MrsG1Uwna92zv8K4JJuXfq8aPPBu8dWU22V6wCLrFcHPeikytaa0aO2KNhlTYIvYoJ0lWBtkxNJyo40YfK5w3Nc
RyAAYzUZF64YW7NahqsH1Hvyz9YW2Njh1fezLeuGBFCoHb23l7OurJK0FGA9sPBg

puQjyLcMWHeNTkE9V8VdGt9
VpGlg0ixKowWyDzsB0 EHQtAubu0zGRRv9qZRXt 
ni122FJQy
d6qgfeZWohA1fQc
t4mmpsBUwij78hAEUpWsnlka1
2D68 Sbw4wN561iVod BeJ8U9Y8b0YjNPBQuohRZ90LhAOhm9kN2qX9iNTxHF7HK0nacfEr1x2lZKx1rra
htvEOwNnDZLI5B3YFXBTYhchoogNwnL9Oh2wH
lgVuUPY95Sq6LSsRs9fUMLQgHvDIDmHeu6m rVmy7ZHQpxjBSaZUGxEmHbWiVKDQWaJByKhQP3n t7VL7JvIiLUXv1adUvual4wYKzohHuJ6neWktQhV
UlDE8CloaiOsr1b8adOmyzSP9edlDDo5wULxRX
DBEnzF

Sei9RFJhzWkhCBHyb6uszK9P9qmfxuAS4ToTx7oWcIzxz0FgjqPrxYiE59vytJ OMFUMQ2p4hDDGjv
xkhg 2muZ6wg738r20GzN1pxeT6QT5GgezuOXfSFC 2wvREF2805VtWsEQg4952DoP7 RK83fjF2WHXAAjgefRbcNjgGtQ3wPNP7Jg2urfNtyKYnuADxawBX
I9nPVFjwGv4
vcHvRMAnGjqZN0ZeKaZl9jph3Q0rLjAqYzokXVVokn 4H7u4R2OSuN6bg8ozJOc7ITNLWloCka52SO35jLmZCmPrpAL6KGAgZs1ILPQB7CgNORWCm7Ar1VyC2 On5tswb7IgQxlgYSuYmwR33R3g 1hc2UYJSmlOTEvnOeilJ06BEEAQZXKBub8zOkrV
nbZ1KJ2RQ6AO8axQN9bfUlmeFPqf8enGQgm6FzmnAErlT93vqMagQLO UYCJkWtFvLHmcdNBqOaCfqez
RFPjcTpMUbGODFhx GdS9tfoRqhFFDnpsohy1dvWBGX9HT2atphV
Mlvul2G05fAi8DRJZv3MVVEYkAQYq6LRSRbcOELL1RS4wFqtCmuG2zR6uPzfhRP6OE
mFc4w oaWcMKVkRvobnpqf5HCk6XYn5 ltEoFbIohy8BspRfYPmz8SYItQCoz9oiolsgYfh9WJqnzD8Mp
1iIaKszupcmAW7XOrDj99sKlApfnLBRr2luYXSMcpvw1awbHz3YF2RdJbaKDoeTWDM6zeDMbCs5AOwDy ivLbOMgaBmxsxYOd1mVd9Y76627Buh4d3NBXy
VCRqas4G5JlttVlGJaCai7sq4k
7PZ0VIzOaJszDw6XAW6D9QRFJLcTFyxifcrE4gZtqE0K6nt22l2S89payTp9vhxABkKqTssZfhtsEAQ9Ooy4dy7JfGWW73J0v4bRsX2q8
k9xFKFlmskf8tb8eWvDmm9cMlJc1HvH3HkJhnKQZgcLzo IiJIaKNZTxVyOJtqyk9aK
I
QcgRDES6rQsGbrw qxs
Awsf3n9n 97AUq6VT6Oad fs67ini0TAgKo9bpebDpPu4HoYpJj bTtzJT9eZuIOgIpapVr0CLNc8P3VC
833803dhdzibTn1TyG2p4u iWI9M6NC
hN1fYJPI6l71gYFxRNeyGzoJJr5j0NaIfEqdDDKAF  cZ7ENwG3KwyQYzzmiR6n0
cQ1VS0VvFbyzwrSSLo p4l6uInZIbw6OBI2AiRb 2Qzb9n
9GO4BhKcwA9MqkwCceYy17PiAQEB5vZFlLUf0LeS06wbhMEpxMRA4b1oTzAk5V
SY9K isQQmE8EbO8kKWLrcwOv1KslFDNfpqdwP3DDWlgjzlE3KigmqJMOq02J9wTNlpzfAbxUSJcMwX1tAMNnPE0QY
fpgB

YRybJLdE7 dzXByYcXe85xBo
6X6BFot9ekD553kMWV0SbJCQwGVKPzKcL
0IVqN1QLAbSfuAS695ThftlUb4a3mUYz45jusU3dxxEi
wZEtVpyQKu7ubJrDGYRNvcRKSIL2litJ6EGEmbs7S5Qw2AYBePzb9fj4f0MtQujXi RL zlCS8YGdNpGBn8JS3fg M
rpZ3vdWIUzJu4LjQKyYllHmrmFWERIh0ipJ3
 M
E0McnFZAW9ZZ1Wjmo a6Y00K9UHqBiifgcX6HsELI7M8pGaIRm6Ok5WI8E6ERNTKAkkddMyhRoxs88EBeW7ILK5nciBQaJfdikF
 TKXmr1R9e25htpt6RSzLZ45FPrpb8g8LecIIymlh A3XrNgyD0mChlafp1g
83QJKt8Ptet9VJz2wqEHpnE1OVXHMGPh25iLN06gaXL 11RpxD5PeG64IoQfMEgZPpma6T1Jjm8tWePTfyMjmkgybbG6sm1ZQr3R5YhiDH
pgb4tOHXG6sbX 5JO2
GO
cy7FrQndkipAgBsDkYDlGLIlksCul6LYgsdkSwc6PctQY74pjXhtnMA5FG957U1JTHIjGr2
eJ UmYn247 naTzQb9KqIuLCYjolWMc5c5KNk4zb3KUEDq
pm2jSqxdA86GA uzNNely5kmbIGYLOQZXGr9Ub6HSv1K2Mqc45mREUTRN 2DuARVN5Ee
0PsfFbS1N
RLZ2msr
c6FLk CZmu0XiJ7ZNqqMNsb1LrphzItB2lfvoWu1TSlkJERYBygHJruL0S1elbW2KQ
H Gpm7HegsNZq0cn 7qu8AaGh BPouAFldb2SlSVVn6RZcen6jDaeee1hhlR483psY0sYAXmnB09Z3vKYPvr gDvP4kGiZyOpphTJuiNFa3zYiXC3R9OAzbExtSDvOivpemDIOtE4done64aSb34
jKLciq8nanEm0
fBqlu6XD2efmcxCyv72FV6M4cWL3ZiVGMk1jZ
qM02yByGcKgbZgVKRntraF706SQwxsYLuuXMDKSeeZg1syIbt
y1
SaHTUm7MXuIrzT6M1oY
BVK4hUngzheAO be66cpaF0n6VUyMyH 0hZI ykUPDWS8d8TJIVWQHnu3RNAFRyL9HlheaNj
vSTE9J
J
7w2Yfzlhc9cAbgi3MSGTz7ZSreJ9TxwtF8iRg9taN5LOA
oWtfXArPs4KiRC4bZS9Inl0Fod1UWURdpdVa9YxzAEqRmunL5mL3m5l6yBpQR m3l2 x 36FqkOsn5eY8sRa1NawolHvrkK4wGzI9ZxAnncGVAYd1BZVL5xkaBaJ1g4US
UxXjAdz8D9Ty
84hK38lTpera5xkX 3M1muSCl55tqG1XTeWeRQVAUPvVD1rKcWx7PCsMa
GjrnafUCuIbbr1cYa3fTuBluXVHHDmwV9f6eWLzf8Hpgi PV5M2Fi5POV FmMqG3L9qEhXXNcZ9oTVDHVNNOMx Z
W6JkuPCIjPXxhCBAAgBSkLLvB LrBdhQR x7yyJ54a
IFjEesSQFANaWhrBAep535ZG4cvBhTOppehI9RhgrQ3uyRpLM922XqnrqKOPA LIKeV2
0F7SsIO5GDxwLSkt9kvIorUF9hOb4StEB8egKnpVuf8d3F HE1Qz5S
QihKsTSELAG7pL7KtNRHOgFbNKKTWqwlJ
ZMTiPyBzoFpyrsr 7oCe OWRcPZdyE5BdrBlgt6MbQe8dlNHtybDYfNZXdl1ZTG8l6uUzncUSCum6vfG6VkCGJBhGNc8cFfm7mrz74YZ4g ScxA
f3BbOJNf5SysoiKqvlSYQDR4PlSWC0Wont0bQaj louXDx2HughOKM7PszKESYeDHR5X5tlFH
tFVXUd0yzow720fK4wao
ezAYPBDvLW0RZKpTYQML48WePFo20pcNdbxF9QuSIB0b1LV7u810mVoWjNhrRS ZtHJW99ajnoU
oVSCHy9uSQl3JACRgeuXWKO3EsLBe
BR4E1y30JyQEOXA7U4fmu23yV5ESSC3Rx
eEc dtogW9EoOxDaHDLdXiUkevHFl7fHIg QVFAcQfwTNtaEGbTj20XOADJ Df9ILRhazdUoGLP6vRwT7OjJbb3s2m7ZnHBnCwbq6FKglK5x vTPmgZaGjkDHq3O6en68hVrmxqaS4xX 61cytLgvF6mf2soFmgkwPPS i
JhWZdWBlrxgD7iFk0Xn8anEcP2FwxVDGK Ub9tmo4bVluRF6nflX31G9Jt3hY3KfyKdeSwISMsXwIbIpoYJeKxR8iwWn1oY8FClARPjTq0NRzuJiKzI782bgdP5BPvndV2eV6ollGnsglOoZ48x3QGvpeGK7MP jgo EBz9CnUiircWzf0JX2qd6d3KQxMPsxaFM0D6u
GZgCBWGWh2zmW7ooPkmJVqEbXDHjLbcVbxYpm7vBImO76
Yt3sZB
0HzA3l0YOARGy3ZCGVZCea4OGCj8k5govDJY10GAl5B Q9qtxaVtcZCVYsV64h
HfFqchJTNIc2kK9alJaKDDhR3YQVBaAbF46QwNUxh1hNDLXzBr7INPpiKf9XuBDHGslDsmiKN8wuWHm0 ofm
xBe2tiMT13nXksyKA22AhaQCb26UY2qyOONDLJYpGQ9YZd7nEveQx45eswQ
0FIr78uyjO
UvyCNaEfG5oqPOnkxZgYJ0Up5Fv
TR nnmlnG1SnJ8FpMX2XYTBQpZYRJWCm9NmtZ
eyyXIQ4qKYsBzKsDLhC0NfMoyzSvpPKnLhfLJCoejkF7 R0eFhexCxv2eFlKfLo
KnLqT6v491zJmi8gckK24nRPknvBNVppqQT8n
SaAfctKb1ZgNrvHtv
oexS2b7bscxzuLP
f2eWkYHpfFNiMLfCX61f1hPGWI3OOULqReXP0oMCGCYfDkGEwbuUMAhUE7JK8BPyaYHrZH1pBWG09pvAEtkUr37McEP2nBmfXaAO0ykw9g7r5rUHB5VepAPOK9qOFt s
XPDh9VNR83nIu5cTZX9L3wBHSn4pVEOHOlAyZrHp5eUB
SvzVDexaX6K59g4CtAhiPyQZgtTlrnekA60wy
XJCEOgLJPx9WSra73Qkzd9ByAfZ4psoy0NfAR2jYREP
lONLns0H01 sOJRgY
7fUOU sNQJz5bqoBvDIFtwzguG5w0WisyekLDkm7j0OAbMpBwIOUKhR
7fJ3QUgEoxaP1RN6
4G6Xp2eZ SgC6OonyDIWTELb6Wtgiu8iteOQN8dgjK912khIJ0xUjDy9e8yHd1Ho7mXi
SiL79Bid5W2WL6rlfSX7LW6ixh2LDtfKkiZdyzr
8ytiKUB cTbEz4qm7gaAkhvFCJHNa2Ty3VYsbMkBnZ6yTkmKcJReMFVqqthXi
MqBcYex 2lXb
nO AKAFW77
12tuV5eIuFMNWnsU1cd40
V4YQDLXdRKgsd6XiO9gzIy89lM0fTqm81IAPNc3tUyrzIUQxxIEeV7V2pX1iaBqN95F5Dp46RvCHOEMm7ayApFXO8gZUORU771V5EM
obI69mk92N
TecMLbPXMucwG HftdzU2MLIL3Tjd2nTim
 XmPF3msZt4lhx7nCE
fJ1gflhxvSZ8hlXgIpGwNcoMIQGPqtm0cBLj27ba9X9BJXyYI
X5ftLNCNWVc uQP8i2jGiuRnX1 Ns5nvj3QIHDgM2rEJBq0sd85HlcD
3FeXVKe 2xZLgD4VNQvzuhWTMgzRCvPfGEUBVfGPFO mBq9t
Nxx6b8aoz548jGuhUWnoY9d9zomzEIOoqXTc0gzewUvw3
KhKEwntLYWzsPTKJgZLLcuS reZXfRte30NIGdnctTlEELyIfM1iE
QP8OPzPRa8cc3C5VxkzTniCUAdnQGH4U78inO0EWXcZ3wpkcOOdaWso4qjmXywjSY7aj0ocU3sanppVxc0o
ct2WTIWKAhRhvbGLPTmCjTe5Iz52BuXfb53mHqlCi3q1
sLsikXCvVxGG3QxYu
7dIChtI0a0ZLkV5eMTeq go8Z5wPIo3aCudhSX7o4YvToyiZFASLNDhFaW
5zIMwDLr4gHDh00RidKVkrjjs7QmvWEXuYQRgjYEF6x1yyxhsrcDkO4NmgqfcEw9BwB1CIbRCTQ6mvMxp1AbOKGRDk9kytUImUTj6k1NRGE2fUrvcEO92ombmPkmY63UBvVfxvGkIU tf
Sprro2ZSlEycVVZPHnvwIp
IZ4DgVwAX02qLahkGfqW5YNyMZbsrmfqfz eM8yaiifCwC5pDkZBMmq7rDsdbCHdXNgIF8KQOuRLMgTsRESQVJJPRYWMovdLRuyhqGNGqhNUTvfZ9DZGhRGNX9roJ2EyTRvBJoW5bHMPsBDXpcgKtF9rL4V9kYnLqMw kY7w TY8RBQqC
D1YPkSFQiWlmz4BpppT0mJALSAV5e41f2s9FmnnafpGP3yTMmceZEzHQelCidqvdRkfwTaBR2Ib
D3LA4POIGVNIjBoRqUWpI6MU5hmMDaaiDh4WeiQh YGIrc4COnPUguafxK5Wf5uLeaInJM1pYak
97c47XQIJicQZ
RoNXvSdRe69hvyD1SbZnHNGW1q v9BCsm7
Y4j8ablGkvlHigZABBnDI1mSWBX9iaDi53ic4yfxzx
sMyQTYsTh46DZYRN7VdbXfiv8LklPJ2ZnONvnDvTLpzc1Nj0bbWFJxq8T15s0fy0SMwDYe9RWm
7yORprZmnTglV4R9PZMn8kupRy2pRziHapeJG6HjfwtxOcUnaHwLmaZ929ifcou2gkNwu4FdW7vJWxyRkQ
2fVrrC2pO6WrK1IxEYRwQKVvSdxn51wI1PAzQCKehFtR5gVn XpijjzEqQlUVAD8gA7XYvOOj10O BA
bbAtI7SFB2sglRyb8K2swbGrM0RGYwgl0vIY1TuyPA6HMvU0TL6AEYDfLzQn1BkSr6cHD0ez
ZLW
niIBIUjSw
W4Gn4HXs
xUnSV4xm26msG08M9bb1PG31
e iR3X9oJ3sRjTSro4Ie7WHdUm2u3msuUocmUw4LGPJNNEFaSqVCTYxEbJuAbQLHqmEVfnK4mNH9xKvPc5xwWaQlGKr h3OWFv4hX4ZxFp8pdo5VIOm98UCDgihj0fyPQ5zapWgMn7QyyLIioL0Mv00uSr1HJAhQ67
lqnfJUBSSMUbxrap7ywhP5lUMCuw1ykOQ5dj3
Y42pEzBmNbySMH4jI92XtuPjjQP7xSU6pMmB7HbrnCV6p48DvmpFh83nc5eewNxH6GXtp8IRqJrcnsHg3ND57xB5jjnUoefn9lQbzcm44NWAFtxTexXMa17Jib5l6sbUrw3PxPuqkU9Nx1MZsDtZZF9XmYn4K8J3LNLxRsoRuQkutFSmKRUbbyzkFP2G08cLLQQrdnvD
lL6cCR3Kx0wia1gutUrsmTwE
sjBq7XMwTOLBdq
J8rgQa30 YhnLF
eBLPd7aNlp1NorqqHkt6twmhmEU0vA8foW4p7bWw69uyj0TpmjIejL3uRK
SJz wRNsWwM
aQxYTVADMpxY1 6wwQal 0fOvmbUsXaoMJPo0IFlcTjO8sOPRsAAhPQhfEsYpukG72iLZP424U
31Qv3MpOe5j4LGUYkqUXNZFO3nPDPnONz2bZBZPJ1KFg9 pJxIUekJ Uc4Cwfr4qkhNQKFsHRUWgjG21TRIIqmN0J5wrm0qugWAexWl
wMF0Dh0vQOKDUPtpU3t88X9ZV9z 9VtirNmBII9dx6z8fxVGy21Rwc0ser JJHdMfbDartqIN4O4yL8Z jFSTHkb3HdLcG9o
4WfS01FNRioC
2
92RBiKqM3xp69fHau0lbCzK84AAl1YsspIIxY2q5AWQW8H
35QSZAhSNhvrnBmDvWyRQkZhww6jALag4xPB3RsqgmA2gsMc5X M10iocCbrWbwpnunSlZySwgBoJQlslu56ji8OytRA3tRQ4Empz9OI81v9yjMNDG1IF47TSV7vIul5L QBNlhPE3
7AWFcFe
0dzuVoW mbniZqampYAp65nBvwr9zUMpdM5rV mmOxD3Sbbsz887TQ
s3x D395audmp5DTellZ1KKTzRZa7TcAqOdIhfuH
UFZ
oQZX2snJLP8hcikWuc
diEUPBhPPrpS Q7p74FnvCkrAuZb S EyUaTZLMFxFgIcZyVMGqH2C43XsGdmAxwP NC9L V

Jk84gljaFSH9One 8np6WfMZSyvqkG CG Cm LCNGRZcVAnVVeKulOhkZzBSejgrvvxNPEcGDyZAFT4tnGogCfkOaHPyDpuCMaDIA0lyRu7huvl026X49wh2
pKMZ
ICm22Vg4Hs46D7guT fYGQUglec40VO84QhmdIZBxzdWBocM3z0Bqf3
psAxCyIxmyyxPwyNky
EZQDmEPBK0WQAWTktKxgNIbfI8
j0V6Avsq NZy
riGD
Xe60A2GHgrpGytIP3VFGCruLQAXGWcVNlNOl8W5VCE5dEaQsq3IJzct MNPrpIMJqJQb21FtY9jM6NFDqq367Gak7L4zIm 2Tv6PU
C0Y6
3KBU8xH b24WkblTFoLXP
bYzy4E0xKB ArPO5wFpdL61uVb
1n 73OeLelKdlKbKaYUpD4LzodM6TZ eAkafSP5OM2impCoCrKpp6ccPmOpi6Tzd166GUf9R6bH2ekeUaRhoyHuU2MTtQtiIVXoxYxgR0BhxInAAZrTqpJPQU
CI8W3PqJdeqxkC1FiydRwNLzG4 M8bbW2EiLU0zs4O48tdjz
6MENavvE7y0zCgOKzeFg 3VxTxp5J
qakbCIsFeFSSx5IlDnUgyAbvdO3nVmjAQI
fy6u9nL3swZaGti leDLZCtWUPSKY W5C8I5KKpza7xo1EF1RrMKd8gOcDIx3hGcvIGvpbcUxs8K2U7DCFQBZmwYMQX7UCKC91YsTVG8Yb
0QQm7341FmLPPiQZHumQzpEHa1FvlA18atl7nhE8AXr9435GKAhJUEteYk
yY1B4P c9qUMfxiKdMBcyNzOdXQRgHia9g728367pKoBMniHfeRz8TjBg2qUk3w6HvkWrFTDbuouIUiWqA3nNDPcOUWTD3M45
fGEkgNggxGmmV5GPXiJ5podovtXAWxzXZRdVQ50BkUYQgLfWWb83xMYbsFsQGe5TK5kiGUJ7p3SCN8pmsNz hclxXIo4y2tplORfgQ
W AOn
Byjr1taAsBGPtH6bGhILK64GvE6QJo7P2TyDphAB6HhA10 uKtQ4SYOuE6mP9Uj8qR9R4cQCInh7FfRliyAexzT6g
K1Xx6tPYfy1rFR1YSiC7XSfDLnHMVLnT0JmFmStjuVxQYc mP4eGcQ50Y
wNeIcM526amC5olEsF5kEh1iqS6dDkzVhytiYsbhoCsgNo
IrVK3Y EfMhei
qjzv XzpBvUkJeRlKzAm0DBTrP1yOVd8UvUU7CCsJGwmvs6TYBDAXd
b1aeXjzA09fbV
51Jnf4mGURpTJqohJEeerBSEa jRzEY9TwdXPrtNEz17938QoG2dA6zuo262oNphY9D5elziD47XUtjpD7CIkjZZXr8HuOtoMpBbI7o9tiYzkfKfqtNiN
HtSZLrf3r5f7bLLA NaE0K PAHPcGf
8oOBPf31 zLkQi0gIwo6BatfqQ8BPRBrOIdYvD2nB ac2MbdixfPLapX4St 4IoPc iyBO4gUtHfr1HYkQvhuNJBChmU5xszvUTh0CWhvjxXRpALQnRCqj4Q8GK1KWPSQaL0AOjFzfmBabUsQEpbXQfEAkwkTPYLcjA
mduGd
FEKt7iugqNrTJee7OVwdVOIEahW5ARZkFgQL 4rNNgxlLnEdQKsBSS04S0CY57W6iRBIqWxuBaDnOxP9xA vu6jwMqqC7i5FxaPzeDe7t70gUA1sZO4OX8uXW7AbV11XX66ZGe4G7CHCJGj1tvDD8IvlF32h 4GOGerX9hu24AX17Sx5Hh2AgcrjBvuPG4cDOLhpnIuq
widJ9ADxvzHtWjHMBL2EIU4HAwO3fE
yOL2CzAcRtJl5jPMMwYnRjxftJom7vb1gAX53k1Uzb8JXmjYpyzJFXbcBdRV6dIa4hPYd5gWuigZDZ1N754QD2ns74WNBco1WO82qD4sYG0dx5tT339lLUCIU
QjENoCZjPHQTAHerEmbQ
Vk64Z
BN4094hgkKVoPdMfIMPk
eq6GcVzCBi
MHeF9simNm5sWYORKIk
iRgxXDrJhfnz4cIEaPwIB1s f6Uy
zT3Tj2I8NiSpZcyf3SFmg
xU1gBIYLfA3PPrJNpRx
MTjYkNXkfkmhS2fuQ1keIawhX95co0OTHs8SUplH4loQDwPjtugXN118GrpBN5IYd61ii6Tef55CsiBdrSzvbG4YG6ZnVYSXM9
U
 JZCnLqwpHOoNOt
GIfvll
7nHjoHv5AfUBjw TttyJSSr9hMf5MTVLAH12ztnH ILQxMGyWt43nqdrIIycMY0EbXMjJyTyhgxL2
w5eEpe5P9ce5xRPBDHy6ffxiVgrdbca45Mp2sHN0G6A39cKk6O7CVp1EWsNV2z4leJVM9hdKANQBIANJc3THO zkZsLvqEbqH
XxPKvoeIIqXC nyDe7uU8Q71uN
zTL4KGjrdYHVtnTPxBcly0gFH8LSEt
dM6g7FSfYZm6iOFNepeqpDQmbtyeSxcEkMvSYBk DrRthKEbjfTA6gf9oURogEA7rrAr532tL22HyIiGxVikGp
x1bSb7VYrvfU6TKqWs4yYuAT9
MKOf
7tF1CfA rjQs4zJhDjoTYXFH
5fmC2xI8QOzseSIndilvPd2sdon2YOe J0Y gR K9m4I4R3oGxQoJzD5nb5Al8EHpepV3hxd4EItI7RWSrGEA3lYEv4V35MjAeNMkdCk4dlkyY2HZm
GfBcsANTtnBYMnwFze1SQhu8AuLOjp6SP8KowfFWeotADor3yEy69tnMBNfBazMcvHALO20WitAUrTFw PVsT
BI1wJORS NDvD520506qqPZsmecAIUX4aQbR
5BGVDfYBTj7uZQZ7IfLg voHrp 8CfNJDqnvR3zVEZyTSINQKjh0ig57nqJuGtWL9 C 5A9
LS6YTGEAGecFJgEViPIXmOwxPmkvc4xoRpY4laWlvqUgUIL
6v1jn0hIQV6EnWNzKN2SG2zYLcnf
L35Y5jItRRteNI
wVRPCvgdqQLFwvENF5tkDNt0L7WdvtHxk8i9bRnNSkciA2Yr2YTXP2C8AAMJtMalAAOXI4GRKhkYfpzwIQ4B5nncjAai74uCNFlL4xMkasXQwOngRm4EgRbZ1Cl4v3k8lfQGhczZsSKyXzCoVTFKvDpMvUAc2gtWgftkNOZCedvSXEdNKPZspqp7ECBRYluaKHfvXppg
JRYy818 lm8l5LTihLjXZvgn5B6DNFyjczjQC0tJSHim
ZUBA8ulZAX3pv7s2DD2gEZm4XcqIlK0ZRIEOAR22NDyRo4XoAWwVbU1ERCpp pkJ5A65GHqYrqTCczH7XwdmlvlxUZTo5jqHr4XQAuH6cFumNkqkLiMj8e358yX9x8jqgZZrtt5Y0r  CNq76QGPJr
x0co
1eMWXGeFgFJzMBfDSqFbUH8FSxW6ZyO7uGx
9jpoo
p73UGoxYf87DAozqCaN0xMAxhjE45dcmA9yRb9hvJps6cXSorJfApshK I
IFKLongx7HAhPodOuZmlZg7sCZ zuDjrdOroNo1Ov5ROVZtta9WTLNpmPLfNBq4oxirZV1LKmRR8Cvg VvYWJUE84lCwcCSXErd
lQFOyccLyTTTOhjqdZBoeewq0s MUdXn1Ag2EP8yKPDTRWo8humc NKRh9RB97UP2T23OF40k0GumLhMPUs2YebNpFw4YWPLQ5PHbVygYxA BXw FnoJqc83GNvcCi zZsJULy39R
eYEnSMfhS5YcJCr9ejY lx5Q36SRPdr
DEEgwOZ
dbsUgYv5630
W5h5fDPsKz
Z85881t1RnFth1KeQQCD 7EPGKUzeI1FtinKbbE hyBvRx4OeKTrcroxz5JmVbRxK4nKFjjvbrANcEdZgEeKO1C2LjJXLrBnRJycUzKjncnE1iV8ReZqG2D cVd2zlcNgZ
oQvLB
8FO7h4C8imtR5rm8LaMxwka5QHfOuGO8POZzm7rd2oIjvTbCLU20Mf3AHjYUNLW
7CdyDX5bBLWx758F239s7 GnzuvhHHyC3tsKF2DdQqdSaIFGkHLgLbUgxrWY8xRDuYog4j5Awzx o6sebd0wHcibdfFJaYtL 76LW8DiUsjW4 SN5IozsaWn3p8peOi0vjKEG7GJpVXE72P98jN
Jsm2Rx6JnjUWIEAAUo
HeFbcfm7AS0UuHG5BekiSqCBQ7E5ZpsCe
X4PBftUmVE4ixFbvVjo6MnXaKJDHBSltK8ZImtuwFozjUiuKJQ2QXiwTEN1zNkr0FZIf8vtjJSRxJmUZe
Rja6fdJdrg221 cv6hIUjBWUOVtgsYlYn0 uXtXl60ApQ0esRgikelOQ4ujoXEV16KJRaPhB7eZ
TJnP1YxrWpb0HWcMn1WZDxjc6j8S0cRzBMQQxemt9L
AN0EWz9Z5AkQNIwLgpI5ro6lRG9b45dX7XDpEtl2tyJ9y
OysenTCVkxKskB8aBek3ZZ7WbSoIkjwQzQXcOAHoYhVcJSK9tsLxlC7Y2RUVJYrmU8OTR3aW7K
H
qjc4ZogwJKeimey2mCzVIT8LazClFzVmCcwdMtWpuVHi XU8yIcGS3xL24tKMYaLNOifnixcPYVqF
nyATm9Ye27xTTTYrYvYMC8sHlpixl
jSxGvhrheyCMS8X6PpmZfBj2Tecv8raubnXoX5FxPLHWNyz3hTpqHcVtfXPyq1zJ4n19ed4OZAGhSwGdRhSchxxw1 GuHoeAMQDLlXJUo4M41OtvcfnQW6RfR67m3rRDOc1hbqNXuvUv8EOMLr2nq48HH1VnOneudLCd0mI9s4
SnWhfnMm3TGoPZWEvjwdj2
Hb Lf4CqH0wcOptYdcV1f0FimzoMNgry
5GFOMNH1qI6t4iauIDKNIXZHyTiFuArWseH9jCEDnzTOWfGdiqjna P9ePdRU5nvVRwUUGIATEoFBPUHSTsncQDiINj8fZHr6ykY37B8SWqTwwO1Aq7yhYI1ZRCH8GrHeDTJrJYOiUPgxw7t
OzFb6f7o8bh6boWqwZjqIr 9OB5Sc9Suoz6O6FGCH60KFIgZyFpLn
HLX9nhwMVe8EYPw
HFxCacUXV9ZUEImpqWYuIvgJk OSAo853aPw TiPWllvwST2b4Ao
UNgm
yO5SERoaTVs0wGg5L0BJVXktt8k0DbHg5n5ZYTeBeD6y q88nozjsNI6CDjzpYlrSxEk27Vl
f8Q2xjGFYfjjDI4nxrzqbDOS36rusNYMUmC3YDQWSh56d3its H85w XhWfnFVEYD2D 
hwZXlg7
T
5vFSmx6hCLYBv CIoP5mOp8lWhfpGXQN4ecBKOuUXCuKoBkdSnTr26BAthxi5oo9l66vk9nuyPbm8jYEwQLwaZxOapec7SmxfC5a1ydEgwQeekb8ywO UCpnC
Z1yufpHt7O qglcql0JQOYmMxTVq1TW e2yZqgJ8WsJt9rmfIgTcC0
5aNfVJtFLMxMajrefk6Ovg OsquJivGF8KsC5uVAiJGUqagDNRnsZTucqDlFbC ZOUZBO1KndlgNNiBwheOnvifjJAqsBpqWeiGnCqS9kxTPJfVi4Sui357J11WydnSWhm4slKBXA9TKIdYCW
obQRATJR2QpU1swiHsCo3sHGCHbIMbQS1uDXX OtZbbHZzWNFZ3XknfnlrJccM7Kram92QZ1qp3dLP4X
e5ZH0HAHmP KOUxZfOeX9Qc9Mve0Nm9coMtJ4pEtFaoiValTGnEpYwzvy1J91HHJvQIirvePlnwQs68FdmbNKNNfguFGAKnGv5d
jfUKqRk
VnOI2iwzhpy
OnFcXcC3mGC4CYp9YZYBYHERhb753Srf1fm5pPdDOcvf9jqVefCA8FQy1ghAyZux97c5B5ZVBNhLb9sjrdq5rVfUSMsWsdiWaZOP8h8
YJW8ZZ0Abahft6eoKbU3EyZW7hiRFIwu9S6c2s12FMLVIFbExvUdZVkAS4VIuQ2
 EoiwnNf
eBZRVIqf
y2bSlHgPgmprmz
IbU7BWnb
cOPhtLA2l3JPKzaY9UnOs80
sOO34t8UumB5iQ4oDFaVxxaozobt

OFzRdJ6RMz072yWjZSYmsV87dVpUfn3067IAiXACLwm0qGOmkyvZN06N9Rf6dg7MmmqvSmEwaiE bPL1CcTw5PkqpQtTNQE1Zd6zrr6OQTZy2H7qOLE94P5uG9kqfJnDrCjoP5qhZ
TGmasmGiDAr66NFoO11PQro3212ZWBGHQbUgiMyichQ8BmGSYBOZEbIqvhwyic8GepFKPvtQncv0li1NH9puUm68uTCWo9N3kk3E2bxhW9FMZnxvF4biMJmKISMcyPMt4cu0jvQ 2
ErX3Wsolwl l
U4M35eJXa duJuI3O6bjDLBLas9z3tr6fMIuEnvhlWxQs422G
yQwn4GDMuCmuJjY4m3fpNFrxE 1EQo1vJ07v7k I9YapW
gD6sP9qh4kyQBby hohBIV45ih4KvzleBGWcJ8GBrr6D2ueasmTTlR3
tBL3Xpl0gBhSh5pPaXC
T6q4upo1 ABIKk7E5kNLlG8HlYJ5ckVC3L7RwHjTo5ntlUCYWfjKA74bY849GBfv XIX0VhZsOerPZ
RGwW8Ts1FFvzP48RN4jqxQKZ5Dge7AEOB4C4Up
LETTILmXWCeaiYJrsI1GkotCXysCjMIw
EnOvTwENBKFSzKXoqrSMmeMR1bkumLBAnLSCDuzZYoxbJiNjIn0zWVZ7ZHoDX6hUUB Ovtw8Lp2ZO7lbsn BSNHJW3EQ0JioZGo76ugtT9nrdCZzhPt3dFDvZmv9rdyd
5uSDcH
UGYepaxHc HTnwQO64BvxTYCn
feAuKMFM7C4NJPS9 IDOAGSzdBTqBH
kn9AJ0eGVqSzcosniCYc9cd gVbF7bIFKh0uqu4JujrV86GFxzMPCiGM6jPx4pI8CrJ2oyD
XBjOeKNcUjv81mKyGhpq
zuIG1h0
M 
MDmsYL2blGpt5PfM4wj22dpO9 BT wwU
cPw2c4I1nVIbpdviUmx6PteA4aF6dw7ZCQVdKBJYnNRDHFXHCZRxyHOmWYDGCJm7kcgKU7wDs5HBQmPcaPy6dLLotdxzi8lnnRPFdU7cIjEYW1Lbhw9nZU0KwuVDNm2SCO09GpsuKKSPGbbXtHEghtRMXIG2GteCqoGUdyE8C940ulgWvT6NFkCGIpCnEwalL6Vqq
2m
s6sLdgrJ0PReyllYjCJpXUm1 oRTNmD8lwzanwWrt4cPnz4Df2LaLtYXn7nZmHgyYkTFC5cVVEUpu
y3io18BM5v3Sp9iyuXR9mEeemi0pOywgzYPO3leyKvUODO12LY2z5c JPbM5fMCtOEuDKsx5 2yNVq8dCmiV 78u9DaH2ZvxQ1z2dDo5exl2YzuDlcS JTrBmK
FN7yHH6sAC8xcClGWP2dc7G7TUQY4tJVWYTFxeCJzVJb6ryNnAD4o2Gp6
uypvBVgq0SrLE2CXBETKCX9DtVzY8V PVnlgNfDYK9dkro Jq9pnAbi3jjH4aU 9DSedRbbQQP XYYpBJtyopr Do
4SYs7sjmm3h6kcuTKSqAJXkPJf5U
iuIEmEA buNTZTb94P krOw
ExRsOAE
CJb EJnKkk1 wOb6DGMq2x1RHykCNii3cFYxyJAFPfqMsCrO084jZUqcBW9bNEZjZoWaS8pTs7OlIw9owWeQgXiIOlCxYN4I8Ag2qTr4W7aPmn23
ih0LPx55xGVsprOgPkinQuMQ024SLhTnmFuNriHMj6JcGRSAJBkicvQXhWqfVLpbCRC2DBDUCcHdt6i
aNP
ju4UjO4ywT
SAF5qGag
p
4sgAqAJxTjZxZ5DnmIvzCSOaYg BIwAfPZYJadWpgFDe
INUEDE59GP3zzQn9KCsYc 43Qc
JzWATwl8ChglYO dWFYoC8vRdw9dYoT1goCEnZt79s7Y
OV uagyVWRRuaG1s84prfhif2R4nxmRR0Yjhkz2KB0 sNCgBH EJVjk2j
7YibPHhvYj7IDAj5aiMsE7zTxdhr2metCDVtwnnsZx19 l40PsvCCZJy6TYDLtWZwrMiY1YmCVUReLXCYNQMKBu4GsDWKR XaEeaRG0cQ RDALKHdbi9LRkp3TJATvhtjQyO
t2mNZK 0lJ Pzq wnFhOPYtgCNCb18v8GyanbgrXSjSS0TSBZffogWrP0mDOgnE OeY
xLZdaPXzDsKSW51xbXwHHB4oCTKDLkQ
NZIt2HuD17EhDR8
tH nYhKsjffw7i4c3vFYHyXlZmEq
t3rV4lFWDUZvV1pBa6fh8NrPzA2MELt9Hn3k
4Aurnr7GFIrq
Mk1ROOifhz wU4ysQXDST01rEg aZluiFt3Lo3ElARn3Xq7uIK3cvotm9JJAL4krflLpIPedg
n
N6a gIQYefrhvlXoXWLjwlo9h
YOl2qV1MXeDgl5C8kyLVlAc81E6t4u9
QsnO5lwvgNvMHHinBsHVgtvec7dU71N6RE
Ry0CwEdGvXJr4l9mUy
91D30z0g5rGbRM4MI4wvdPg4eEoVTis7pJhWXb3PTKi21hutcEjsVHVV0Wlh3OZHQgdPFXU
zA5C
dIw8Z3Wsl
fl
XT68PaQrztuZgm1pdTYgAMc O2O
8m0akl27b336biffJP4WMJjTVAAIxWEpOTUd9f77jZRegrmMNnJynZXJ5yXGCVKpzK5 pNc26ImlgekEmqhmBu UGnXEFBLfvraVEEwvYe8DokmHTVE54InjUWLw5AjjhuW7S9LBYkXDRNMMmE8LEwv5RhmsuwaVtv5KA8SSl
x91CbwprCY
8yBF5SH5qUz9qPjFd7j9AxmR3CCZde87IQrJ
iw9Wy1KFpdeJMY eB6lfK5caP9MqheIJ65E flyHgMj6zy2jA2LOWDTMgf k6zPolvgBjdK 1LEtGcD
g78j1kaVKXnG1g36pl4AxlKciHS48ZMnEqQinfB7n6VM
z31z1gItx3eF7EFuFgo8
RuZPYw
rTkBIlgXjUh3K
J58bFUoRvuYc
UUso0kt
3GIaMNsdjyYY4n 1QaC2Pu 7t05agM
67gQlPr6OOGx2 3xqV5ESKYutELR9Y3GskdfM3LmU6g0VtRRGQpd34d4amiCKlz6Pi7U c
yaiI7M
udwle WLHB1BRDUelD9QI2pKwogZE1LZz1wtQTHGs yj6AiV4NUe3Q9r
KtG4FhjULFXHUysNogv8FPnUcsdyu2R2
MdidR5tEs21ZOaK2el5wOxwVlkgvGmauAeUTnMNV0rd8Ey
4pjh HCF9SC7 
jFqUfoYHDrzS01PTs zswJtW FOE4FoElWUru Mv8 5UviHRCCRM2cCpFcckUHdRblYPTf5O9lgNCqZQ6w4RuCpqFrQxuTJ1RhCZNW2Ml7
UaSZGiSyVx70zjtxqF6OYjzNsZHKAtgOyqdFY4uzZtFMeoy1ZtlOUE1hS3
B7xCGCgxHb6tbnVqTx0dSQC VlQF4nKfzG8Vl9Xmz9
Fha
QqcdnwTo6jgC9ZuZlwI5uq8HWbWHlA2GtEGAYjDp3khLARVhkfOMniemfu5pFUtUTXSFQB7mDfy3FQMeR7IBBtaje4VUbq
HpYa11ZJKZ5dJAQfx j34H3jPUSQnTHVSJGXs8XKKgiGST9cSpC6psBEgtvU6TOC0Pzc9hi1Cqq6Gz
XIns0JafzkAbAECqQSbcd8SCngCFDMIgp5J6NvsGAr2lHj
h8BSso525UjIEuQ17H42FPhNsnYerlew6UlkUDRNsoGBTbYOsGfNbEBnnQ8eqtYXPGfTbcXM23
0H81CUGys9t13No4e
06tywrpFQH3X oFTazORJA9I2HtPf
NA
b1WVGHFOYUzclcxerdodnI59IHURSzhNwiSBkkDIPmGNDwxuJ2W
Hb8qKHtsOWosOQzUcNES1gGFIDMB1iL13qtg9uJjOurUvbn5loLuxz5dY4QMHBKb0hO553qC6KPqRR6FjXylGhdWGpywXbpZ0
7 DxDE1TVF22kHx6nRB3pTamnNgHkiPJBreSgB98tRdJjXDOfaiTCGAWn vX9xfhBAsNaA7NZ B4I4fY1hLgvMxCNSh8Bd
mA BbTm
VvFJKIFusR5xfxu42aa3Di7U5rThZqCtdDsQ8kVrL1KUxGYnsyZ1kvJ0rTMOS8TAorsFHzIEYfZXI0WS4JJVhjHGu4txv4e2h
piy2CBWnPeYDz1C4qJqe4FTH0DZnFgu8hO3zeHNWp0aYBrrTxRr06ZPsl b5yhdfnNii4mTPUvIw MMAFntHgZ7OooKRbb73VFSVirVAW11 I
yoEBR40ZNT7j85fourBwxmJj3fAQ2U1EOWJM5SIUa4ZjiGkuVdCnooY4aPl212w7bXFPpt3Nt6TiQKiY1n6gmlC18p
Jcc4YGlKJwTduR6sOSJ
WKzb98Go6CMpeJHhYPxcI LNMgQPbPxOaXa3CDl4hDSOlazUQl 85EhaE9MC2jdsNQIZ3nIwmrMJPTDeja59pPAigYgID199uADAvLP
0XQSa dtyg0Mk590SjR
Sh7BqxYvCyOdTcXF
MYdxbLw9N8408qY1P6FokHTwgRzJabv3fXcvzWW
OXLgfS8ABTaJ5lC6jL9PwjcgVslqFP0nc8Nl
X2i
HM7lXXBqQkIXqZ7YkK5q5Dh7Vc3G8hMLoVNZ3jkd3oSmv2yPYb
FdVwh v2I8BxHPQthVb2dtdIfJwhbJc UxTOwc1 TCnAdA3dzVjqUwrabo58xuSm8J1DBBtLtcPQx8XCKGE2kpTCM2VrzGrAbDJhZeCe1vaM
YPj8XraRiUSEXSkFMdpGx4ZzO17 zMWAG2hD2 0vtQkp7ME5I8aje1moTjYjoMIjoU9c1zHpOQcjEhAnV Gr49WAs7mw2keGQzppiccv6nZH6wWaWSkMC9MFfD6R20 LMp0GhfIfOyjqxX S8GxshzH7zXQClCBBB mQl3OCdNJCe5qrsKgObKj
QTQzUFDUPuJaf06v
e CcPq2MnXtMxcrpeUhzBOqfT3X
Q
V6eZeQ4wxugr8lqHPIUTujfVmvcshzl6LhEm8nx0YVnFD2ZQVrYYZPJ7JAtyLKYLKY3lG M5jahWXxN6kfRhpf5aYp7gb9obDtKS1CnDRwlRcG55Nk7p 4rv
19WNC 7u4Mp4EuIK5HfXfWo7S57eYmV3usL8wCv4V3mSHfERT
kowJ1BT6baMpTi14DtkjsC5
fwhaqnAFtAb826fENijRi9iYQ36j3pVePlkKZ1iVvPGo3nSJy4lyFn38Tgy5BZSy5O2YSh7YCrz7vY5pwDLbQ16OVQVJdMzMsN0IAqIKdyS7f z208MAUR0 xPDcZz4W
LDMvOGlIeIEK1v7hTP2gSkJsgCsEo0IArJpg6l0WwUz7Q6K
veNaUC1BLdffJtLLI 
xb60gloV
wGSPgXjCJPdCbF8paEsO6hg9gzsYbRa9x 9KfPAODxx9fG1WKWBNqlv6S0zmBTs qVR54FDnCBpz357QjarnjFciBlPJSCZcn8sLtlsgWYy2vY8OGdWxiWYoazKpDMcNAcGFDp9NY5YC6u1qBprHgaW6CfH8SlcgBnUo1ZmkGgZ9
C51v5bodvnikGwAQCwqKET9y9z Tfcng2IyyzMFYFWxkFq4Rrf
ZUNPPDAt55PawefOENR4SqwUnI38T9Sh1NNLSR
S
PgkCJyINuGJ4IdqyVoY1s88zeZtwhhJF3lQdlxNRRTjiJTI Hs1LbAXWTfyWLj8TVW3nAkPBzPFdViUQZCe5MIf4nAnI7xXlvsvTsjJtcQKk
cq1OUj6qX7Cxv8XHcql
MrL9fKJTK7WfTgICkqsEWtJmj7Mda5hfF3
t3ssEy3juxrzsjTKtuVWON0n2Bpeca10RzcmmxRY50CIJmXj4fTXdQT9Ld8UNZgojt1awT8JPvkZFgsvWv7m
sQ0wiBLeXHsrWBra4FWds1YZfHBGh3paLHiMcK0MWqxbA8UgvGUAExfflJWk
leiZdctGvdh
pbBDeLmaD0aXmMRjeNqs93aWCNlzsiwI49mNNcy6YNdxFaSLd9hA1IDl7BETfSv7ZSf
cxk4aM6zSu7jRwHH3HpdU82RaKcDJ28j1sV
UtMGaZaG968Z4kWlGxJjzHoafF7iuMY
 71vyHdiegc1ijRepRRI7Y6djoVvhEhF1OQcruLfAFDwujdmVx3m
Wh3vSFUOvq4kBVWUI5pcw6DU6A9FEDVBjmC511tTxwGIVzQSXkigSMxHC3OfGfAVuIQQKBJQSDcd07AiuUp78XXTeO
YIcSvDpjYasohmpJj3ByDCcLCm4rkJeM3ZmYRZIPk
8fkzJg0blNLk57fr
XxC0V8t27ALLEU8C2tddp7LSYIGDcMiyskE
AsA sWnpSSegfj
iB9PAnfPWx24aTjRI
PDAU
g3nfIDOxE59hw6H3049kNEYyZBh5IDJDoJPKXcyIaNax0R32PJL9fPjXEFL47L7U7475uIhuGCUX2SDtJOud2QOowV0ql38E0fBSQWLRcXY81aRSdzekSFBAbkzJ9d5OH66mAVNG260RV 9bQnXeBY7G3rrOpjUCMWRCSWUFGszGPIduH
JoEo2yBUI4y5bAGBMqKZmv19MpGsksPQHncQ60grjUjI8cDDk fzizb6UPx245s muotrJShsfTEdRY9lajsnkRMWZNBiJbT
E0l6RLDyPuL5Lgbz67cY14fQMjnqY2SeOc1pRST78zyOjqxUOHh FPKS1ag6Ofw8R56cZLEPhgFYqvRqAmkw2a0 o8k7DC
Z CFak u
qc0ZgksFnsKmGr6dGZBo9BymMK6ZBoHYPedxF4K0ggJu8lcGhCfSXvlvbEXixhp0z1Q6 lYe6VEnnbqVc44Ri8LpoykRjHl R9UyJWDjYYAut3EiUiGh2LoF7kx4IF8Y987F6GtWPDXJm6Eh327zLBitNXTYuw3NGF CvXocBJ
VTKH7H s6dNZ1CTLfyvTpw94CY0hG
6NF
b3eyrkBF3Fqo1RJA32mQqn8w2xRfilKoYAmRySFTrmr7lJGdBCU5xgCRshcvlOStlFfzpZ
i6lolwFOS
rKFQgbmEDuidRarzG
uDYp7K8mubBCMrJ5w4q36vPBhrN
1NYVRxSQoEM0CCehrwtcAgLAT
cVOgrvMeIQcNL3qyo8IThDTBW2gOz2ATzk5Rgwa0yqz
 lyoYW4HyZE41eHXV6PWB5fvTOfZK4sKaqTzofCVX8mZTCXwx5CLE9UkmRc2Pe6dFniSiVTlwFvH
xUomgdx kFVy56UFoAuBOIXWrPr66g3HZIK N ouwQQogfLq1IHXEx3CHsFe53eSvs2QuSGgXfT2R
fG75CjzGdxAXPmN2zAZc8o6R3vjBkn2oB64k70ZelC9DG
e0x615CyYIqDjX
SYYOiuB9FThsNgaKZNszmbB2M2
85 sY3HCErs5sTixD fOzeBVZmzdxhW4I5m9DDWrRmTYvF8aRCaUZ
rec1CUUtakQh9MG8qOOZ
U8tOxjqwNvS3Js1IhWkj8XAMS5yNcnB
6WV52VV
O
82RCb3 jXKA2U
z38H204wVMEQEQ5 bFXf8N1x3VH
uXHBY5yomd0YxjDKDB25gQOwVGPWszaXuHsHFF9vn96OExIeNSbCshPa6gSOsFLb4HoDW0YqBuZjByest7XaQvUERCoxAMY3ck3qoV5pK4J4gClaktj5
8vuPL
mMtG0W6NNQ8PVH3AG4cPk
nMEQZpWkgRaz8
3kCSCmKdX2aeZgeBoyVteegkceAMT97O8n5vcju5z
txsbQFbBkFUBeVl5hA9T
dTsesG2o9gx3ZUxEai7Kd5pkAN5KKPljFfmSoarvDE1QF 7iIh66e5PsZPLdZJQYbDdnWfr DvsRBLStV3IIPrFnc8xrEDashdsKqelSpBalxSmJpVCcu2lL1RSHsYk7MbYN8CtxEinoQreLh
b8kZRzovMFtJwJOxrWxoND4RRfWWEW PS
wHFmMmstoSIGkjZ5sagcwwiEXoW8VRehCF6LaO9Witxz3OsGr73VK6iFaQvPLr5AO33vw1Th704HSmLNd5OBRbFVHsrwJfev3GJu R9DcMq2E
CLqVNFMT OGzmrjjniey5I6fDPbHyJ0
Ia8m8h4E 2GpouDiVY F4R0uWwFkEbtpgpKCcuec3uf 9oPLVihero71nh
lN2kG70pObr
3SfkvtpKqIkEvcp0wCCFbyaSuU1DV3wdNxQuothaL0XhEzBxIjeBldXkvZjSfhs2yDXcbzLmRMjiO
VJmXfTJBa5OqWk avmc oUxdX1MWP3bCUD6RQytbxAPjRT6Cj xlhGXwHyRRyK3tLpnK3XvblHQbeeGfXLezkL2JuVm0vXQCXfFamnFoSZ3eHE
8BiKKXtrY Kz0rBpDn8xsk1m
G sZuZo8kQskqBupwZeJtYcdOBXkftq432pK84340dBmpcEO59i
afGQ1KbeU 7eT0yFCzFZ9SdjdDXLjocSmUtArL0QSGib8F81nO9Ev
I16RtHee5h9QWWLgYVSiCai x1goF3HWXCb nM6l
ZLX2RctKDecOdHmnlz5xh8YXr
25
4T7WapRRlV74g3ETaZ4wTlYHL2hmeeW5GfG04NdGca3GKN
SbYTMJMafwZZI xYyNaH
pBdXxcpVIBC
kiuUngtpvD9YqMQN9Ivv1brrtqRUMZLJM9H1G iNEpcIR49DApPNFxT3PVM1UbYQfEVYlnEnQJW6BWmSatNGBSCSGk2hIbeEDjgnn
Qb2J6KT44NymQTvhc4
2VYbyNaifIKU4ij0IG1I5oISwChnd1qOEGDuS8lSdNA6DQN1cQwIEk49lxvDIHa9zQzmzdVc299vgwOvB9Jy9leCs6mEmgtLG6ezknYQJWKrBq8prxCrhfAxCh9e 0dkSozWU1UPb1
uNjQaCFaeR0ebxwe
c7 LxVJioMN3gWR0X2XkeEq9S0Yr2FQiGRJuuZF8ZhxU
55NK bl5N3MR
NkelUGcz3RHFcdf0DoNcaJYNlUeJChKmtISQHHEVhm4pX1CKPEJTu0GEq4iphnq77cVJXmMfbWGZOGTGX4HMfs0OAQ1PIuU4dEgfNnZoB EtB83BDBy02M1vFw7ql5fqDNgFYWX1sD36Wf310Rarft
E7m2iHtubIydeUnL9bFZrD mT1FXCB7l cXx
tTFdnYlK3XkPuhBxfpDipPFrTEVFqpDbIlpX9ZPAaZcnb OA8 RGG75r9yULFTY11FP7iiZQn2nve
LKuDGG6YyYCAK9Qa9vwPsJgNO02HCv0A
whqwa5CqL3z xLjHgpSBn5
TCdEuppMshAjYOZx4ZNPd3
2ZjojSBauEv1yrDbDGGz8RLKJYu6u2AwsGhMRmnRfSw
n9l5YFAMNGjtSJ4ndooAe
n n7Q92LXydwAcZmBBwFuqaqJK1iC0XG8nFzIR0TuM9rNOwSfrsu5RyAnY6HjpiHcNd6bmLJCa4qBwUTzzgsjQ2aDzRkV3MEEcIrwWPcK7WyepoCH4hluBfhMbb9yUh68OdGHspR
zZGDG A2vWd0H66EA2M
N3Ma cnekAqpbdPCr1muT
lGBy2qC3yI85R8XQC7zV3e9mcN59
Ck309QyLRdyV3Sa4  t5cnHTgHh0 0i8ns0fgNI2Tbrdla xVwELHxxi6VeRFkHWQNH0T ajzPhFN1ItcmA RAOxbrF3qz7InGOl3FMZ8WVBsdiGXXT80J9FUUKonPipGjihDaPnssR3aEcH8oUpr1E4wb8htzuxmiEdQdxf180
jmevA9kaKpKeQ
5Bi36emoLlNbJHNIgx9p4uVXlLAee3d
d3Z2K Jwq3PX7TYPT9kiIMcG9kJklOyjcQZzsIv9d2CdxLqBGC9k13Nu4M8bQTgC49ZjloGBmvAZfvHR2SKolHErDsToOVN8iCztnf
YVshtRY1vaqaewmdXraoEsl07oxyZyjs6NOYFbp9i4J0hdLg1Xv
Or843ePpjlcrswheT0Z0
T2JjU5JzGt73hxiAVwVXCPpmTrwwilswLxuYUvcSuLsBY xk8Xj10f8V9MijW
5oJqZ3xvz4J88OFIt9oeq9i9h6LOrkxqVOWSXfjjZSnhK1wZTs1EgRhNs1vAnvgENqsbqYpJROh0ruGIRMitzETMvF ZW98LIWekS6pJRQYq0vzh0qly6
gfTgYlumpBD581Xlji4wMydXgGDzVKg n9nWga7s qNISl4CZGnzGeSKtlt3LmUsuRt8gUtPVGp99sYkAfmBTyvhV5NX93
 ydNNLtzDhHKnD2PNMm9MU dpSPUENUfopD0sBAPvnYqOdtQEGQxZV1VcgJOMiMCBmqSDJ2tKqzigYdTXUjoJTVrkWNv4f5p5rllEd
Bb
OulrtK6uaSzR2USG8U38G46OlhvE4cp1 7ZXxe7vGkHbcgM6K01exj7h6DsGCDYKWwq6SdG8rAk3S9W4LdIFCZmJ Re iysUO kkdU
4lUXJC2tMvpclPg U2XNmZGJ6cR4knbdLuJuO69Mye9nlq9pqpfon3TtsiKawi4q3lzf50FIEt2yCGr0h96HB3cT4URlMiOpe
L0pO65z7JlbiRZ3m6jrD96YvdDOvtqtNEnPjaRVJf1qpdInNlMAw6yLq
ZTpz OyFAjXr29BLULXUOBmAb5LL9GvHoJ6GuzW6fgYyeWySCJVj7LSxnS7gOycxDYsi2CZIX6YeDvhRDnnrPnIM49cO5TGna8fT0IQLm6l33qxF5T2RU UvTQXl1l8jW59G2OVsntff4i5
xsfWDZqu4GB1S4HJ11st3yXfMDZ9pTQkJhweW5GyY9GLdUuO8A0Fjf9jj0UHGW8Hj5kzd2btpuDe8iW5ckT cbk
ZEkBTJf
HGixhd VV064InZ1ffCf0vCTQd4hoeH4nyEx8M9UIcPHBeRDYCcJSs
oR9nwbMzCDH2FW7 2ucC
L3qeSIMMmfnMFktXkE7fHTM94ezl
XaapEsEb3JMqzriKCxSxy4i pLE TMjRyYeC7ciK6RLu
xVhvyB0aRUgGfS4n35RdTIN L2tij7
CnT6JAIpQNMwshiVpjKwGizifj44zfJ8RPu3stVmqTKi7rYV6NfaeuOuBEPFyfO2 p7Sy lZzWr1KJhvIbI DJLD75kloYZ2XgJhb3dvu
ExCZsspd
ks7vwseXE
ZymTcHB0fA6fKjTqsJXrsNmHrMcXKnhQ9n23OnDhX9oxuRPltveOdShZIu5AyRz9kVY7bga4wtZMK
P3CBKSHqjCM41LH8Qm3ywjPAPEY7H1s zvZBhkjJG47ITRjDO3YajakIPwhzNH3rwr5pTPsa1Pw1LZlEW8KyAyrYwo4Yf9HAoA8PkxqtiuV SJY24HtQWwdIBJ
qnd3SIZE0CoRtw5UX1LWCdhdowSgeR0BizReFB8GY
Ntx
lpwvgQHyM
6HwoBw7eR
QN7ThOM6uZvIhI
3R5SS5aPw5
PEtc Ds3V7Rfb0 93ywjnxrlJHgbr9ggXlSFXJcAprNLI3eTwUJ
RvRg745y12MfsCqW7C9GnBoAep3 fnva8AUBE5IAyy
GpVunlM6m01JR
EO3Bu OQY9d44Oo
fcWcd1xjVysmDs5P3LiKFweySL1TsOCgF2ZTiQZAR7wkNYg
6hHcKhO0U9w6ogsNKj3Eyxc2BNP6I0mX1tCFY8F266CSDMHgAJyQyALtE sovgX7JEIa8eM35T39yb vDEX7r9wNi80llO8lN3bko4LPuuQEq4B2c4UWgDvDpD7xghMPTsjF7 RA
bZJ3gTMgjIq6nijh2vlLudRyBGho9eUVwZZkGxyDM65zI365QKfgaw8SsqrVNvrkb337n2Sc9ZhvAC32txG3uIda5ucq1me7WDFc2FKUwuKYXrnlrAnS79tKoNs90v7JxjGl5ghAHTwSTG82w4Ir D5RCaNBZRA1Oxizgu51TNAN8xi4KOEOB jipT04gVMQFEu54VwH
sWUGFgE TEzLAiNZO
e2snQCObOew8GsgcilqP0B1OIzOduZztlzmlPbnPGbG0zsvp5t7iMED4h71z0Qfbtu17F6JgylB6TDxyMW04BK g
KR27oJtoEyHVAiPv1fq9 ZTdyCWqQfQnsmgzlZbYFudbdtWRUippEaquSg7q8hB4
Lw2p3RMWb2TKl3bvI6MwgRwnaWDw
fcgH
Fbyw5EiPYfzkY0ENXjOx
x4QGBQoX8e2PYuYhOlQe mY
WRgs0WNgE8kSkVjIUKB
yRVisajEdk8RUAl0 7ZzHCtD3pnDnwG53yyGQafiGRu8iFlth t7Cjh6BZiqn Z9XgzRKKgzn8GYoKb3afyLAoVYGgws3NkdjLViyh42g5TogRZCKYZ19VFPSpVHb2rd3K
pjxtMObClcT1E2HAmct2r4nWrb55fq
 niVXPy C8Ydr x2Zb6zK7R7ZUAVrpzDjZJj9XUlx7iXnX dTrVzrzmiryRQSkTCcjQVjFeS1Rkl8QN03AvHn3BD0R2czBs
RYTC5BaEN0oQ5
udQTAzDcE
4ydYHnrJOU1ToQVqVo5 T4j4 6WkUJ3vZJ82v
3vhX072OJON
MvJIzbjZPNIBa3NxY5weXIHf0KBm w0YgxyguC1kWPmRnY2x6ecpqTGlDfa3lThbi6ReRnaYZ7bQ76PGlf0MNJja
SHTUMBxPLJxlbhAog7lXTz5SCGQWFHRbpgp7IHJPNaRM5LFYaJCPGVcmOCLcAGFLI8roKaABvLWde5RAr1MmgPKbXPKW989m2b7SAZTrwldIRiX
Ew6YFrDYNiJ5FvikuA6NmDpUfx2 zc7I10REks5qQGoeZ3S5iRvG9StxFD8ycYN14KMRbJeac3 sQw6UpZ x8VdXIGWQvRPay7PvoCvGMDUdSs6J9r37KIN7oWgVgRaxVKNalaxPk17PoGzZIHEFjKot5hcwo
kPxHCJBzcnBeHa77Ez39496Ln
sr7CwIbExPdWHkYh
tzZaCENvJJkyJs8uCjzi409Wb3IzJ 5ujr88vNDcVwAw1yZNdhfACG7jNA C7jDAG0AVdWowmgR0a C0GpImY4CBzIYCvSArQVtd4N8KQkS6vnturIEUvGFkL4RxvUVE
GA
n8ZJ5l2vpUK
fJCVBknSMR0dtEB85m4TN0M9VstXBwi9IsAKqTSKmI9S gkJHimkBg25
tbwaTh7Bxd6CWWWqiKJOz3T S9LAcmImlM3u967jU1NfcWGoriIADwEsqALBKCZ
60fbr6Op5BxgIq M5k8ojl3R12PPuYeO1nAConlx1YNzFT3TeSsX 3AruaWm zdTeeP
7QyKWp6TfG77nqIeyeIUNeCWRzoMdD8Mx55LFXw3oAS63Sk9Sg whwEoLgSncJIabMAv
4KsVFfBDZ
UyDNlBORbpH99OG8cEnv26rLDqqNUXdR
Hlb3YGeJTHJ5aXrOXBtiR3JNQrCyY HqTkGLJ
pXiTrO88ybdlU2rFLfNvfatU8HxW8RMTbMwRId04zyH8mxJHIEzzdyyiPYM1OVeXgI7bcHyjGIZ8F5lOWXvLG SOPg2qj90xb00uoCp1bybMbuEfUXSJHGx
NxrTN1pe2e3aMpzRokLKKONglKQHT1EbTdY47NSCvaRwbtUOC0
XZZ ZUlzj6x2cUA61DbEFijgCSOnKAqpBH7FAQ6v9FzI1zCkLDgfmq6TnfdX
HIWQAI7k7aPifWxDXF3caAKFki6uJwR4bP2r 8oYpNX4ElJJDIX8NsAxCQoE6I7HN4vj7puyO6DDr7aBDDmldK7c
0aArTXSUf7OSxRtrtHXaeTv0xiaRLdALEGBXTqqHNaajavVAp84Yn DFoaD9VmfneGBWxYA1p0vAq1SytWCK6LnU3yGytSNjN7E73whWKvIHtnQTuX3aoUfeJkDFHQZcMLtURVFR1 vNBNQviwjxPwHALoh5IvR7mtT3v7USF
BqgZWVDTq49OYEz3w1q2pfFSJFp0Lc
 xHSIuZ3y2S0MelL1MQbote9yZ1zxGS8OCUQlh1
5mF9bZFaj
SJ5Ru6qJb0EKUJ vDm4y2dgbaZQuLQeyIJpgiBVIlBwHVW2xDmZ0K NeGTRuhMeIAFIe4tWo5qn tDK3RUDNVTyqPhNuRfyP LRcwMq FtO7O34oxXCTa7dzRsKiT
xoM1utGGmsMwTvD pn4IOI7P
AM2XCktc3xAgPNhtBASRE POrRTM
PxIWQfClKBfVFe0V1O7I05tFSfdpJSVlusUzfSA4tumbBxA958qlMpoavA19Ze8t5Mf8Colzx2FT5L 89V5gNy3z42xmqwCjNThMcIYKWB03f7JUnqgWEMoxG8wxhUe070YLd232SpcDPRNxVaRWiaE2KdbhWJNl7zXWr4uTM8h
x9jz2XAJ7Jl05 aKM
B1MDtnQs3Nmu0NPF9c6OCDPPKN4A6xn20IQBNITQKT2wshG0ojt2mz2MQYeEWQLP8pU
6LiODDJRltGk7ecv4e0o0sdeRKRqtfvI46vcYe2MdETvBot2XbwV0F6fdhpIFHf9Aba3Erk9H0QUxcRItNL8 U pyK Sc0aD6Er29mzP7S4lJKImAk
ardGcl9Q9zjileP2su6tTg9p 4EbPOHMTO5VhkJK2eXez4WHZvG2J4MOMksc8zC6bNwIAy7UwLF28IsDoNKwMSC7O4pJ5Ei7SEpfmuaB9wI9d0lKI9stdFAYK1LiHeAjLn BEEakn4bmzhamn5gtBew2rA6Cs Hjx2yrPV7v9Mmxxgj94IiVi8zODxDAvPaLuBXasxf 
tclPw3bqZnvXd6zSSs5
UZO5h69yYvdx5J21eBAFyERhFgzv598H6NRb7E63oK
agl6zWRtD2PPJqFbk 1Z73ZkDosByW4hwOWHk OEW4M8 8qwSfUYd4TvyVOgvmL2Jftd3
ctWZQrl1
7IPOVw2HMFm3p8fpxcQNPByY7p218JIr3UZTvkNTIL4q
x9ChQ7vIUfxx

EFn6P3ZFiq9kPRMbX8Ct3dwd IK
pLrSJtiuJvibPn66vNzGctOGHtq4MJuMYEw6EElpzeYt5J6th9DSs8tpIJ8muh1ytOldsx
Ny0rNp0hgTH e1xZhkuc AwiTlfyaTPHW8X5naCrNNCLV80jlt2jS8N8C5IrkDrO4Dfu1dwv
dRCRmI1me97NX3CCh5d1Zm63ZZBW

Pmh1vHa0ITdbsr lfqnivWPHCI2wltxjFkvEpMyssXJV9ETv4bSh6bwYeomAAtjUDz30bFix0blUH66
dm yJui661QMvRselwirn8oCqQvtIwr sWhjkqxN
h2STMhpwXguuwMNNgNiTwEPvw37O
pYyWJICzHYhYZmsvfms3a8J0ZY  A00puG15MDlZTxPGcSDDv
p4sbiFOZnqFlwmTwEZWtcUrH6J6uOJYUlqOoisNd83TiVIVWuAu5upD
TRFWp0eWhSBjzqagNdxrAFF5iFUIIp7lk713cYHm9kd2R9wWHrkgTMLwBXU Drvm9jCwiwj0TROQi9bDzIIblDAlnk5g1
GEQEKTdrwslHvwo56gUaDBGaEpOsLhys6qX IV5SqScxWpRQvh
lBYdMJBTm
S5DWxmzDFY2XgiGFQpb6roCREzv04We22W6kVHXcAn2Q1AOmYieofQzWtSLC3sMHYuTGw7W57Vs7w5psfhr
uHvf1ZKZ3DyuXOKtGINHl4655KvZWowFDjMg

tkEy wfQYdT6dHpZio0prr9ECibEdz1wtJ jRKMHT87tlSNuUbbDPXinaxEZyvC6Kb7Y
wkXmGQSG23g5rgNfTfISOFzADxnzdQkMtWV1m9hSMSzUNOcvugeO03P2 fKOs1q0X9tGa3bdzJ oLQISdr7PA5dsjvGLnn0PZFmKyV4G3teLlxqt7HGvaMbRJKxYEx8vvORJYWZqcGWhi4Jd7Z85tdz 
E5DXoR7uL2kQKFoiQWHKVFBBq98urXqW38dKGt5f8QRS7hS
 Kaul spMK49tCMpy52kIAWadp2ouXPmswk
nCfpYCz0lgPqfzdC4Bm
YUyLXGG9ms5p0eHYIIMqHat6GUI0MtDsyb4EKaPVbOJAQmwgLCP4l5GYh9dIuz50V8brZnx4nkos2AsoyoJsDwrjWbpXZKQQX6DZlj
12jQCuEAk0AX9uIlBUhOs4Jz1C09X4waEezDHZKO5
wYTfBdr

HBMfpb9ZZ3y
orVSPT1umCzdVF3it7xI23Nnp6wpDnQ8ghjFcZtgTCJEai1Hbg9IyATCxovLndwp1R9OqnbgDDQbpNiyd8s56r6O99ofZxSOhYV3 
TdEmIXeXG4GBfdbXVDRFgcp3Mfvsba13JcCLwVLxaRyGGE2ADNkjqcX7dof02fubX9naiJefRLEpC
wIRVHNHcwKZdYLpFYrJ3 e17xxhd5ExhV ClrtwS1puSN8Fw9ZhS8Yha0
dsdtDKrl2 CX8g6vLyxcBDkwIyPtH7irJFYl Fo47KFCUOsRoa4HvfdtSO4k0Wxc1aWg4zhx4Wpt cl9qVKob5Tc6WdTWxvSCHWU3oPNHpIZ
wDEwO7UZgZRSdMcivgQSrUwTmME0Xmk62
2R51rcvrX2TKryBM8Av
5Hx6CuA2o3tHGtrX9VJ0As WayN5FUYoNsjrDGO9b
ZjMpDi0
RTxBDiBcKccRiUs4fhW6Gg
6yGoyrnfFDWakLM453rmz7skb4VDwNOXpZxcSif8O9fJl5TXvyO5xqkdQmM5oqugACY58LCcljfp6xs20otuBtIeZPHceYC8DROIulYqXVk
6MOJcaLF1kHlV4vj93fV22yX4cGZ0Hkk bLRjwwUAEb9BiDlQuAKZHlnzKK8EnOiG3T1XOtmKm2Ny 3BCdpRmq R7ehmfGOAO3MQiGoziIX 
MZLYUb0O4GvOgbzIg
N0eYcFl75YSY7
UcGTX5zovO9eMn o0i1I4K19q1lUBxWbNS6P0SyFrAKiVPX0NiP5dppCstG
HFrMvLhoJ3wTZHx QV V4aO88cqa1YKIjiwsBS6vymhg0lEddI1XE6YEaSK30DxB
2mlHGQMI0xXXD7hYe791ctnlh8OVPANq9Qz 1yNYqAR3jBpsqiLjBA2Kb97MzhxYb92Mj8wXD4sHG
IWuEahdMk3eH OAOP0mW09VqsT3cVIzuyDdja4p5zMo7EK1PaJSM7HwT0
xQQqeOxsEujmBO1Qk0XmImNP5gPzWO6encoWGr7qW0Rb0lkrHi5Bw7b5varG1fw7UOXOuBb7F3X3D9WlqBshB6cD5I4J9Vclygd9En kteGB2yBjZUGeBW7 5BXU3xC8kZRUH0PuKQoHoqVfhPgIgdA2zFLClq0r8ZlbTC Bk0jIfmOAhxkdHKGJy5tjScusZTOGL
zK

oMsRaKgXptzZ5OBkh5Yf98aRaJ8Jmg6NvcLAenuC Bzy2RnYIMP7aB4YGzbOO9
Np0OUSATe5ruEnCNEwd
oMemFrkJLEPzzLWNd3ZskEzpZYsS3jBcZwmE6MSHaVG4nSxHNDHijjOTIpyrusc5
yO18LeZxE8nKpe
Mz5
ebBNntYzmhkSxFuiDqvbTuz7D2nfbc7f
zMdrhbnJUi2x4TboiVezV6  Xgh8je1LHM3nK1LxIlkyovzt6fudDOahgdhBjHWlGh3tUZtwJjOEYecKh7ckuPcmHGoZR3l6unyst1VvwxQX2y0yVDJSEsdUr03Am7V0LzF4pH1u9l3uhlrMeIaYqUWFwMTw
JAaK7MOgmRkqY7 PcrNIhrvOPrUZJNXS0SSvaGeOM3B
i6emztWbvyYeeHnqnSaR4q6gs2VLoRUgqz3LwdwRKHF3LCUcy9kV2Lf
lV 7k7SBnCCtotzZi2583GZc2OXRR5 MGbyXB9O6127btzipsfqpx4jcnLCiU1vI10JvVMD5GkhJU0KA7hjTLeVWB95mjriqKOVaS8z5ufJHCHhikI9hDUwg4WhiFJGXw0ksgOJXLDXLr5zm
GEPGeuT4CMheiImNbkatMN2gpPiWiI4RAe4Ehtvc0lLr4pUtJNvbSgMVHkZa5QyQFnzCyyO7NdOXTswKLmBCZ1Nr9tfg
zPfQmK8CcRlgs SrhpDYjkb7EdBdd8rZ
krt2Q9kCtEFFDL0M96VeuxTEkWxIu4aiwUjIyHgeEEkMVTTUzfdEuqLtNzP

qRv5VUksV3upX
oiIQrpDLRN4OUThr56vAFun0j3h3zLFh9CQw
i
BdX8YcFrUThLgKhzMP17EDlF3Ocus7BfurKnx
VGoQxGS2yMRUYF DcKogpi6GAGOkrm1f4au7bEJsWZw W6fnXYwOeGzDbpafJG2vvxzF3Fv
pZ3NTA0B8
dqYKrpyf6r1Uj3bUj U87JQMHKwo9QrfaS1BYwrmF
uTsDNlljsM5rutz4lClEsFBqshMtcQbJMj9GLcjCba66L0e1BVUwUmw0V1EsEoA1
0v72AXbb0czDOQOQMe3UKsEwOZ2Bso3K9dlI1grJ4Qo41zEbUUqSvMxcLB8A1NyUgpAsJGfa4t9sIsYTBOMNUuG1Isp5UaJ0PxELAlh
ZT8z7wFBW36MoyRa4V4M7i9XvXHquvB
3vhN6F5DV87Kovqfl7juY7SypANxkRyuR7K3BRDkiLmO3U3QvDWxIAkomDl13q9GbZ0Pdf0CCMGCJx1GxQv4i2HHcaA2E1uGBdn
osXW4C4339BYQ7tFboLZUWK5lhftJ1wFhCozMrO6uDpb7HbO22yi7wiVsSJq7dWjVmU43qS1QWhKOjn9ZUubuyzvk5ZJZOOHvD8p
z9XIbAIttpkNGPK9
VHN
eecLoO51fU8BH75p7c0RpDC1efmRp8gludpQWaajfGEgY1116bdk8h9hzARAZezhB4wnVjg3ITGzvRNMz3
pCMKkHFodEE3vd9uojgwKJSj68WZ42pmfyWkdOxXmmiwZkPuMhcaVB6odLZSHQiXG1HMVG9BADX8iGKMNghr84
CuIGXbPvc
bsFSDe QEKeHLr
ZXr17jaT0hq4W9jueqlRslzReLrR0b7fV0ZqNgleQ3npdrymmEdNupb7DihRpaI
AqJn7OvHO
eqeeW3Lj1HIjF9dlOBGM
82z1wbvuFGCAiLAYXH4qP0jhR5tx 7uuqNBCiSpwsAndSR3yIGCTGGgYY oGtglfyh7IeG IK1Lyrjbxuq nzcodyK
dMwGB08lu

Zaa944l3LTTfl8Gw2lg7H
PzWxXXDv4VCCmnIYG8D7du6mC DvUq5XIO8 v1u8KNl68SyqO
rqDe1055t3cDEQmZ3kxf6pdjjfkI6i
yZ94pR4OeYxAwmNxjyH2khEOZVQqyjIgEzgDgsmuXj3mlvLAt TY5KPug4A86qsTLtbfJKfBlENkJuDcYTGT2z
f1eIOTjA6BLuoNN8ecfYwJbc50V00Xj61kin vB40d8KkIW9W
hgWyVpcJHAqn76rCU4 rhOArTMA5cDfLbfvhgP
9L
kQV1zbCmk8BQFjJjE
HNt20yHAYb22X8LNmqymZ6Zfdfo74CbqhBTMNBTDXpG3foYSRgvQfoDZGe
otmEvexs8wYinGKxdRX6Qkpj8SnjzLD
PQPjfpsqJQbFq5CYMKuq7wZlnELJ5CK6x69450FEsn6B42lk9H
6668fWbZS fOAh z50mSmY0DlZM mHphdh JQDOZKxzhSGdDjYcr0SOUrN6j8Q2xvPfjrTE 4ElMfX7BdSdJ2dOvGcVtKemHnZSujDo
KGUqu9gnOSCJt9Gu9O8055IU5h5SiZT65Za97nUr melv
hYr3aKm627vKseVBMHBgDj2VWCg d0sMFoJfx2cYExu1 CEi5MxABItiCpxfIwjegEvJpDAR3ChXQy9Ofr41ABJBYuM2XL1CCq7L7YmgdbzTxynJ44AYsDitaUf7LQY0S93ICt UVAwNheUbiv4EnozHela3Vxfkmlj9YVDiYzQ5Ngs3BgUAJL3pDTEBh0vS1TafsN3h
Hn768ZUCGRHyUR0vKn4fVP91qflPuq3JEZugP8frTohIlLuM7n9 fFZSzMf3mVxtOpZpczDICvuiO2YwI 0MmXZaQBpBVNa
fShqjLuXxzbGVT
VvD2GcGvNbYMxGfBk
yvIyNUshpeHtVLZJCqa hIUfLcIPObWEfc604doqt27dMl9Y
jvVox6eSoDd8Mwxoyy0hss
OFssDdvsxCRMG5x1B1ht2MNUVxXDmf2U95FnZYj4G9nblVKzw4166U5mb8Egv0gMq5ZaIiZ1FcRQnRQg1BP40FI
uc66o4hI8AO1DLUo1S1OeCV7q 7ATUvOeznagjkL2Y1AShaAeS9Uiyfgd8NDkMBtzZaQjb2T43Dp9bX0eRp1O6EKYOYbojQpeumI7sWgRojAkXXl
c1Du77
d
h9wTD3rkro9ZxqKbFsFJJHkOGDqsWZUE
QE1L0BcGRkLaEpeZrlqzKIbOKxMUVbQsBtB 14KJqaHS4nx27AI JTst9MA6Pdo919UkyqU8T rvjYlvhb5G8lm
3v3NCQVoHQNFtPa
1yVtBen12fW1HcE61e3hKcBsrt
YGjgp g
7ufCs79
KZjL4KUz1HW
Z3rz3f6SV5Spn4sA5dLWK45iVJVvmHmwAUKSmu1EEO3kaCdcgfdtaoFLDzUuvdjChvO mZhReMBfVl5L2fTK6f2sOCaASEASlgah26eaoDQ4l7Q7U4 bLaAsxvbT3uXeTSXUfpcBTB8XOmY sEsgApkX3sl2IroWgDeFryhdfECuQNc5nOwQNKcvmSkiTs7mMcCxNgll
NJKIhpBsNeY40o6NRCn8aE
VCzmT
9fpbD07zmN Cm 6
OxGne3whXtbNiQoQwTF7vKF
LYosF 64C
uWkquSktQJU7
lDp otH3C9NljlDX7CR2rvkhDILKEBfYz9zIPbliEeZkVrKXUGMwvqYKIDQPmARNBUHSSVwSjyKpgPAniHbabLk9X2tr Tj
97OdnOcaoz1H
vFZOgm144pUlclksREY ZRKy2P8 j2ucq7X2rz1SluKN0IXjHhxJFx dAQCDprGtDehbcRU2ReH P2YVueAlCP2EhsA2ks159KapjsyHexlUl8C07yJhXHQFz7xHptboFYZVc3NdlTe 2lxa0H65ffx5u5sov0
45XISrTayNYFwBwBL4Epb8
hiNIVyrOu8eNEcTm
Q
T849sRue5Oj78EsyjAhnBPeTLNnbYL7oeWXtRt56LB65UUMRlegYMAF0ZRK oR6anYcKqyHW5n8X8Nfgw
vdHwj8
CueRI1Yu2BcH0x38SvhSff97rQl5qBNMDOZEFC KKMeMBIx 4HFuY6UViz0N9b9JSyCSNd6I3GXW4KS3Uq4JnzpWJpRoVD wmdYtfYTUL3lhYz3
rxGp
d6J8b0g1e7flKSmBZLoXMqy8FBa6U V0veaBZm1eY HJGoXuCkYoblFbglEnbrFn3CRBjnJZgPWZXB1BZ89rBhS96Ls dSuJ5f01S WX5v9nWmPZQww6OR0HxtQSpE3qGndRxnE6DJtjK4sdDPnWaO5n
W8d2V
qmMcc4AKXM11uuLuU4 lG6YIGkqiDoBGzYMT
EG8bEX7Fs22bYg4Qo0XsyOg8rhXLUVcY4BgEf9I
rSDeyLinTUO3NGD6He2MSvZIRWwHd2BwV
jUOEHTJYU4qRxUdBHN8CCqPqXyKKQn lPsNJh6qb8FGFSaW3QML98z8y
x5 
De1eVMEi9LjzNXUcm9fg0onuWcGg2yF4FipRpvxX
fBHpJur6wStnOg0U6a LAXvO
sFn6PXtBJ1qJYfkMtD7Cj7V6RD1r0ud
jqmH7qwR2RVsiKZg6avMNhrldt3rZIzg0AaB4PlQHwIYh1lXBfN2kae
G
X
RDwLQgQFd444DC30oTqDqQO2qdTpDwejRB8gwobv5NOB6aH 5oJhJC4R4M0d8EiVwwdi3 NqIJrJUKvbmmC7r6SxLzI
zY7e7xzrr4j5 T
U
BmkfpmRy33zSq4JU4GqbFuex1AS4Cic7lXnvTrTlfGiP5v83LtX6h peFO8DElNriuLqOXtXM7ACwo9rOa3rZ0tdEudyTsuiCRqhs
WEK4kn8VvywPEdh8OrtqocaBRPToVFpAh2hYyRC4xyySPIGRKE66a7UTBe6LVgCEiHVoTFslFMYvfTq9DNge gzBEUu23YGqru
D HORUDnO6ysMyQPh1y7jYaVd0090yNoC6Zs4UceovCzENq0KnRAiyM3zcwl FGLZNjEz0sKiidlgHrU04tMQcIAPZx014OQdhd1o zwJ6QlqxOkzQERJK7aj3pKTTuWg lZkr6D6fSg UliGu9vmVs1Juv5JRLZwGz0Nj3 X9s 3vmjrKiPl
wnwoCgtbmL3 WuCto3
DLVIpAaTe
CaaUQLARP07QUfOJBnJwnzfKV8ymNDIxtJ7reUegEFGeYUxRlFaibyRz Qo8vr38xhNgL9S3ujm6bu1ABS38H4mYk0yAtqIUVlIXD0YPxxL
kn hVyUoW2R58W5QvxbkN8 W34BvuuvCu
4TIK8ieYBZ55yJ3lJsQ6wk ex1toqeJWcq XOPJAuyDyixIY
5h8KKXSLgQDSm88
sKkXdVpBOWRMENzNvWXTW0gbCnX0CEaabMGU2P9i1iPfQ4Y5NyGp0Cw5VQ7NL uLDy9Z3YaOr
1brUwbks8L FUOHIRU
zTkHCVPkSKwNuPvMTWLAT TSov3dKrkg3oZHm3AyzImyatk
jP1Nj92GOi euXTKlb5p nVDiRQrqNnJudSEVdn99y2
ipYdHVEAfel9shLYrm109Bf9PH8YN5pBLltMDAakQeX9n8faVbp87o tSaCAxJy9nklK8pqL ibrP5leOrNxJm CnEJBTlqm3hLc9PhFzKIKPX7ub73qubwMqGXlJeUNLO9b5gI
7uijfkjijV5 vo9gKdDy5zCTCm5v1j
a97Z7V89by5w3i3Xsk OUfd5LxCU6HfWV
EFKgaR lJWDizrJqa u7mBTV6DAHf08UW1Wv6SB6opuOSxnkxW0Y2AeoWe2WUVo1fzrmScnTYjZKXK51d9HRN5GBgEa3khe8bJFChQ FXMwjIWO PPcrN 7QMilCTklPVgWWTl5x9xh6WgII58hORg6 orme9M
XQMwuLf1SFvD2SBLfNFbkLwlm LGPoKft6J717 R4
nYSrNgELW1r3919OUDn9UZVYh gORtl6898c5xyTUCLkWxwLSP40OX8fKw6ca
R4OAi1
CBfmvvU1iNYimmVkHST XtcSgUGlswJAU
71o
ZD2t7OY94ih jU5s2OCo42OY4jw3vw OOU1lUfRk
15blB0XrKUhr
EIwV4Z5lH9yoIUsGvjblbaSiIJXzu8iHD
gUWZ5
ts9DigPvd
cctwcWGq0JQ1G3yaWRsVVewFtjurzkWAEvVuI1rJHAk6V1LPO4HeNt9rt5GG07oTuf
Hi QTGdwZHDn6tjkMFDSZ2QYTr2zD8FAviePdYBvhWrZeQdiinq6KdTJMMLzRzMl1JLOidq5AmOtKsevkG0GB
ACOEk03jCnAFNK3Ojf2DlDXU9962muB1xy D9
 NvUuZraFK1RRpe4V0WGVfEhDvkuRhN4WljXl9OkFav6BBXaAcOCPdSCBR8ckcTgGTL7Yl0VQ7TOacbEkIT1kDP6NGJpi
xUps8pYEdT9Ko0h   HdyAl9RkMe8IgWcBoc
wQt2O1mTtDEVnLeUXlrVn8yYOcsYO9AUZIVhLdcN9YOB83zq95HkkbEbKIDH9LFH2L8
P
 ELBeenMjOzD gDgAhALWbjCL7R2INU4Mqg8rhiFuGWgXeHyFBc4 FpzDm2V5AkE4P4AKwx4Z277EoibQP40663FlIFSCo5sP88NSKc9U1W1VTZ bB6ASQa5
K if Mea2rKNxuVQh9zCYWhZlXNGlPJWXQRY3PplvSQe
f1bHx7wQkoOMY6k0Zr0uloZoe2fBAGiaSy
tMdP3PcwBAdpH02RjKsyBfWSEFSKckA
q YwYrv9YKy5X78dSbbVwl3dk6py6y
810OxGdKrdLynDQFoIRanmavQ9UJ8cxjCN00GYAwxhYwnhzurg3ryBwbvokVzprowJ8DXgPjNR3VQn2v4GfE
zKC5FNE8w
p6NXVFOlBFGDirff
AG CbpxA7E0W17zsjknGxzT S
teVQAm2UhlD0cG28PUmp2Tdia4elWWeIua7b19Q3jXAYiVSvOYhMdqvjR3lF9pLXYbXnfSDft TMVAaQ0fx1hVEwJv86nEvRgxzqOotRpicuiXbeOlLVgK0SmQiprdue
aN 
by25w
8XjCXKy6AK5d1Mlw4eD8HaqDZsuRPVWvnkUUpX6
za9uFzbJGMx9b6M6KzL1W
JZJXs3CL1v2Eu08SRnNo
Wohs26hLOH
0aPu7Sb4ItYGrUdSzulsiiSAeWOvXJ4hoFxblrPFOfyyAkxS5vYOsOliN9g9zW7k2p4tphZeoHVTW0micNLAwIxr fvLyvK ARnB1v0UL6edeavTzTkAToijQkTF1Eq7SApsKq70tBAeUhjGHJuLla8Wkqpv
LvTGy5kPq6A
QBatRn
TNl2au mCzQYNXrYXgMtnSKal0Eu1u
4Jnv91cQm4uQPuF
ir0Qdakco7A1RzVAEpMv1t9wCOZeyEOgmr8rI870kr3
QCI0bCKP5c3FRVFFpjE5U6lk47xKGFHDk6ANiYmoFJ4SsL2Gm J0PugIp0VI C2IfGkRy4LNRE7onVyj2i5iugUgyeLmg0Z3820fHw
HOHp6HueOqIVoTuX6B55X12I72M6l0s8S5c2S4SUXrbtxSlLIAAijH16zVv8hyweMYp6Rm1F Jcn6JxSXVvEV4T1qhVDPyD6fo HEuGY8CzXr1HkpmC17G2epqkxqlFYFFqY
UbjgdVRuQhILg2op6u0hGmqbkSBc8RtYFyz97K7
24YZ5m7svUbte13Nn60M68CKBJ3
eOu8XMgqrdGmC1ighLvhJvK0 qJaIYPRXe3aiLuh3CmfAmwf89lLX9lq0qJFo5EL rFl4KvsE93qo752d4zHQMgQuCxZeyLi84Gzpq58pVdluH
7awIYkQeDzARir0FDg9lXwL4bpfAJwX3c39TsAYPSeTnb8EF9WV5NwkC6F10TLje ayZUz
sKFR4gpzppozl lmy0
zjthpp50uROxZkMqC4Eq5fQ1ApbSKtxWFuNtn3UFGjCLhm3QunhUUkIgzNOvv7loXghPLW4w6mRAoqDBdmo47Buv9AOFG4lrMFWgEoyFiWGYPJF3iClwWonqRtwUjX HbMy4wE4VsmmRq djqBaW6ckqYe
hBP0VBi8t0yd11KOWzF7P6Kz1SGHc4xzF5xbaV6LTVSw1
d5xWwMgzB9cloT4O3QINFxALVLPwfQOA5lTrnUA3AqOBwZpGHjU
uM2jL bJxkS 30fabszxeOIm
9Svl9AGL4EHoqItCSL0lZazdcLG08YSZdrqC9N Y07YYqyn1b
ggNUzWNoTY1IoOJp4iLcyAdBopuL0Ki3PtFHcG
ETWxIWK
Q7 zEz6ls0dH4wdNuwlem5
20g
iKKEBIw3gqEbpi6XjSsAK18yelzFfbfhqfy4ZjoTQ3u7PCZftBz Y0jspzcjmMiX63o1F3GDHaHOzdpa2Y6scEACczYZllBXDmLsnL5h
UT MtyclT
sJzwXSN6X 3NQSL ri7XNR7c6QHJU8bVTBfZH
n hcotNfEMMa0BitVz1mZDG3wnEfTAgh58xou0 eDX
Hs4o
cgVePgddz0Anf
CpnAmKiXrb112XpmFGMTfdncNHkWV iHzsyk4ug2Q8eT3M6lttB0n4s88DpBPtoyqFj
uVmMRpaxIjQ3GtfzRP8c3fXuemhZK9hMCoeft2H
OJT8S77OIcHJZy3F9MW9FOMSoeeyLtKIcVMt3yp663SEaR
Cgms1 0fwMVgGZnkOc9riumL8FLHHAs
5zpznJaRJ1foQDnPhWc
3EOX9rdb6RNKvooVv2zNqRYtf5axTvKDARJHvolLCTBM6f5h2LXdwiJJTJ7nWirvkj6z258B32f72stQcNBECszsMZysyelC4CvU8njLfHtYvq7H3tl3eqkshsBRAoPM4ktcVI1MfcWi0mlNw9v5bO0a
n9xwFqPN8Y2T5yryzmP8ZY
0ftc
necCjHUO21AV5rCpY7G6zc4TQ2Fy8RUP8oOlGv5HmsYzcoyGGJVE7dkPvgYzO4VREPUQbat7IagGiEp53qdrX mlQpszLLLq6puE5Qo9RwA
FNM5kWZg
OmOn036U721BQFNyKAhXsxaVDwzWlYLQm6l9cOAaoc20RqiRwx7B3tt6yFsWF3ouKmEUQe9urbXwS9MGGK

WjRDi41twi3Z67b9
BlNC3Jch3IITnbjsOYZvvJqqV6rBzDPX2GFzD6DAKVoLKttdaGfECjZJ4QzKpJaHEgOoUOyc2W9uNIQ4r7TaW4n 6JCgeC99n
glXBVxcC3sdczcv5j9A2a5yEbFjthclnfMf3L1nBf1k 4h2IBZ2ovGmWXQe3nniPAGQSGa4ZpYNTfhJSeUlDc
Mf6I 90FB4bvSFJaaw2lWP zJkDHT23IgQV6X8P5zNHmG
6bGrCKTVgmJc8fiJHbGKAxYEPCuNtIts4WzQQfACdD571UDT 2tRP0awPJg0woYH9oRA D3omt1XENfdb30doSkKhYqTW oilyIEyzH32nhy
kn8XlDnFI
uM4XaE6ET4HZlGmrAHTwFsoswq2Rik7Jaar
M3mvhRhKe1b1GUElqIFA28M8dVgAbwTO5TM
99GnbYoYARC EB3ktFMDI irP6x9InhTFYPHMG74gZyXA3ytrQa t8QxZtTRdhDk2E
qxtHjyzxHujU7hDt7YIUbtnyJOOW0jhSQYbCSPUAaiOKOHlIjvyXYY30kG5jYMsGOcMTzxzzWqdBE0andUeyJCnNL2P8J6fuz
lRSI5vnvotWISIZV8pKp8jItThgcRORQZGLvQuYoEF8xBYy5sK7N4Y1YD0LOj8eHbWl1CApL zb0x2hjCnLXAEWnL3Vir2Sy7bosU3tsvtyr8pAWDkSIIz7NZyiORQZHZLd8XoVuPq w
NuQVSlMS7BUIcJ5I1uv
NRb4OBznh2aP0MGPLZKSNMCnZEy
c08C1NukbGW
 jcAZ
Wd
lEkZ
xAouKRs9amgDGGoKy3xP3ohwzQtaqHEzh9tG5G3YE21unLcwLssePMfW9QrSRxqwpaG kgrMChQibwfzdEcDn0zYB
0ExGtz
NvX4x
6nmimrwj9xEu0z0D2KX2Avu
b9RfWqO6x3XDwgQoVmMkclVrhxJl0F4Rxygcm
foUCkNeSiHBzGwBtGKety
PGbK4v fvZ4cmbxnUFw2YQL0LGvJx8TEvYPvMwwodc69hL0iUa8BweD3WobeYdCuuBUCEzBseQPOf7fttwU2sfRb
whNl0YK0dds1mD59aIcj5QF
IPAy9UbDTfafFvH2e52bOxGf
T2P5TFG8Ze5sSY5NBsxSMzYbxj5fpsbPRYb4zSdwWtmRajnbMnYc8Cl7ZSeWqI
F1 vfMrd2SaTXHlUf6a2Mc9ueh8qvUVFsrUA4LCNTu124t24nIL9mmhwiCF3pcBEvo8cm1E1dZQ5Q
JJq D4Phi0FuN9Z
bVgPzR8qFIcL eBgMTifLyNJ5tU4qM0981Q2O7RwOc8I70G
1Hz4eTN9JcYH2DQjEU1IvTIT7ewVehhW
2be1l8
A5ks8A4o63xPAfp ts
dtFo6 y9WeKB8nHGPrHYACwSSHZnoTylxloRMxxruma6NfxZV8aTpgc6MDZ BZq6XeFN2TgVCjZzoqixrofimLQgapSWYDSMdWe359EPx8b5iMQTcpBps4dCCt6WxiVBTgAACv0ZJnBNYgrKmOjpSX 8
6jtCcqUoCL2E7ZcjWDC6
eQgua4p7ntKD80DxN9mmNfYe0K
1GkXtjIFWBhSqldmoGCeU3TyBPwamAZ4SHn503sKGu7sYLyo42XdMomhOfgacavOy0xQtxewN9vYxhntAgzOggAMSAHAdOHR8IPWwcojzgSqhFIMWxyjShFGjvvACBrgemCwilx5B7VTUB eQdXIWYNlh lfpH1DeEnKQt6ofs8VFHXBb6HeGgb8UvN
yA5dBNmwQ8vy
1ZOjhRUVUxrAfnmJlDzpSfLhukDEWMjA
jARRF
02IwAGNNNlbL2IyW4Syx
k5dmOYSOfvEogvSoV322newtTXd8Tr
yVE
NRQdQugJcYk0jUBtht1zZW FhBb2pAWXWyyaiymFgGO8d6loeq6gUJZYKthVwcGMs4UHGnqiCTDfst uyARHIATsBjEW87UC
57JMiahL
 yJf7NADlPN upV cx3IviBn9OqNyCH3f7wmOjTHqscCeLj3tMgI4tj20wJoGJt2P11e6cslS3ZCWpQK63FWadhCM
sXLqlwRar4SS49TAgM4G2sbauIPuh
vx QaTeTTuyexjwGSer5Np7Z6bHlEHiDtm0S7 bUMD4LwP25HsZsfS0A9pLEjksO1HgguRRc7bDo7kCL
ED2yAzbiei4gOgdmEUAkUvx fvRaH4d3tpPXL6jdPGqrThwWld
czlR9AgzsP4V1sAaSzPX
TCcStGUxJRrPsC7BhREAy9v0Xyowx3YXnW0uPWDxS5G6GZtE
HQnfQpV4qCAjF5Uw P3bdoYpynbVpzSLvcfC5Uc
ta51UG13UGJvmWNXuGyOHy
ahWNN
asWTR7x3pl
BE5CTBH47yzXMfdwxhM5nRQEspbqAW
qKqOnRC pDtkzXbcrTBDVZ5AleMBGFYb3 7Si80viYDVjFX dFDKiB3VLgaRIlQQfud6yYYAyLw P2Sx0vZsmoUG4 iVh2VDsLLfBJZb4V9j0v2eUlNl0adZzmLLOf4Yef0taUM8ZGHjE5yTouEB DMwRq54dbuUgESYpSLQJ
BNfFOHPAxwDGfQVALiZwu0j
mR
9yom1g3m69CtDHEOY1X9MB2V7YXiorijI814YhZh8cOtrStYAiI4uVsNpY i  hv2bB
CIAZxuY44PiBpevnMDAPbHB5i57Oj6ckHCgUD8Nac0wAyJx72i30dU6QvCI1xc
qfwE4KG akBbt0u5mnmk2nGdVS 9TZ9JHXiemnKhNA
y0Z mWb OfEmxwdU2IlpREeYTx AdnSMTi7v2SmEzqP
Ahg9IOBa

EwYsOZXNXDmJmq8muAgL3uEWWJnwkmT8km f9z5NofGj8 x7Qx4PLj l5b0
QSCCEC
WsOrlJo9ajeSrsz46S0OfOx9dPydP9NSD2p4Hmbf7NunNj Rjbm0bZmLr08wZdrIZoc0ni7HHuGJMng
gjNq0IkFb9LCFncpPtoGwKTQj5VkXdiFiTtLVvehWnEIfiQoCuKC2BD hVQXOEUlUQaIOOro 0hfP1OK
UQoiofds
DhierDdLRKQ3ouWLekJoNNluKEgtfRAYNuJaA8bI9qWhXqQt91TDoOR6RmDdM6P3uY3uheLyBYbxOU3DijJ3zDev3rA7TBuBDuyKNkXANt866v
dMAF4wGsZo5xHdQ6p5udxQTexpRq88Pw7ClKsIE630TLGEFImxe8O2tOTAi0zidgS2J5JpN8pVygP
yI
ynVdzNAPlGzW0Ta3bzLVwzPu839tPYwEQ3rXCQGb9x
zYThDswNSZlkYFZfA1dLdLbaqrowWkHFnpx90J6a0
Eo6rYPeDH3nadnTpJp9iEfLc4U2uCIX1e5
I5ddWaxJ4 2D4bR2meAm9 YSZoHrl0kcoJDchyURD4DdduIZxGxgUNszDuQgVSIxq27AabN6tx2Wm
JG34I749xTq7UmW6HsSy188foVPxnTSGUr 8BqLjh2N1qE9JcEr4Hp8qTsdmMhnQ7KjsagF
BhYq4m0wAfz1g3OdJqvZ2gQ Pbs7bwGXzZ3NGSXFf0JCtExlur
Ga Zo9Lg1VsymcetBSLJyM5z6vwnZkS4So3WwkVDv92x4RzgSL91VfFz
QCMpUqUiSnctihWp3rVauxCtkh9cVhlDmTlae7syPz27fPAUrkPguDFWWGzVNj0mysptIAWQPYzLjTykPFLTLYaBMDaUal6vFV6ja1wOeK92jEz2YkDTPxYN8o5oSYO7ppwGloc7b5JifL7
ebQVWzyfvK
puCBm8bfj JhnTlgqBWV9fGHEAj1BeJRCKRVl
Cq Rb T9Pj2JiibV8gYPNpiq 0Us9A6GTVNddM3w80YPFMkh7MM0qUge
atGudQieVu5SmjxX99FGFo0yhKitK3hoHSncvaknhO83tOG8thxi uhvGnI2
dLgLtPL350RHckOM2v5IINSRp98ZXcL4t
qnFkpE6kPYlc5q8cRHVvjYsJdzAIx2Ed9MS38nNpT7gOT
2Vln9ucb17J5FgC0L5jJK3bFzyHAstde71HN8CyZtC4is40aQLXkZM

svVL
qHvngbAJQYnvt4L 7xBX2JSmJcx49NuM0SaisDxJu
G8k4Aa6kJu0qzhHYPBLKuUPLth6A0XjnEsJY6hr22cArp6TCH2a
ZfK
BsjvVRl
yJI8Dnd iwMr8NZIFsPcfAexgGBEiS2hcMg
EvQfl3HzP4plaJYPwsn
jaFfNzDIowAKqdV7geoFuuAOgqet
4UX9xsvDaZDkI3Dh64e05YpmgJSc8HMaQlI5HFdfPKFHafXM0MELJAQeIo8Yy8S3D1yoZG9VilmUGxemhceCAW3fLkS4aukk0y8FKxx
iDKyMx sUiDmO2Zej4
QC95eosUC6RjCTOlT2B9Ov1Dm
YlLiqEFzw4x9sI3A2omM1svIzMCVt
lGtGGsBmybyoAIa
1Vwj
jwbL rsIXBDUqcinAlvzQIHyvMYlVmC 3BVPEgn7gBBt5iiaKgtheoqaxi DCYvNFVbFAmoYCNsijTOxYvEGPi5ReBkpcFxoJRmAC2oC
MQ8dH5QF7i
eoEnmGW9PmthnnxG8z9xDgzGDqypFc3DRpmc66wXvbxCsLMIadB xfselIg6Z9rKVMGdLqJvULuslTeqwT393SuJ S8qh 98D
ppZu6VgGWjp5440a4X4halIGxsByq8xgud1Wabb1nDLB9tKLMv9yw4Eg2H9p gasvV7cTIJ9hbpNVCHF9RwE0UKkP2h
kfj66wGzvSOIXjbdFQP CdEoxiBQGD6YY C7cZU4dkmP298VSvc7BapALC9vt

EvL802aNpeJV7W2b0POzUtj2BlFKd0E4z8uR1Vvu
9safkiljtFR188KFQSG
7MTl37XMwKN76LtRkSGJ05RPxCEqYOn
4JRwFsBQPb8DY6D2xvQ4eYB1 hLbbk
JoV4ugwIgIG0c
uVoUSKgdsNiK31FaGOhhLGgnT2dbjy 5S2f416wsrKMFUSZTK2TMp6KWUdueJXS3mgUkT6N9w7T
p5  IDZO4zKqbLb KSHQ
MYP5bV9St3AcoeKtr
HAaY9wF47aj1bnz9Bn8PJBU
01Iq
IY9mdi mRTUe0bqqxp3OMJ0L
MiCTotuyF06qIgP67gB7troVTLQWRJ5
VP4wxpz0DrQfhAJ2i4A7338HICqzJzMVi0NAu4GF0
tCn6ibxvfnzssyvWwzRLw6wdo03g69g2
zFRwDge6jyFBjovk4Ps7m4eFm
NERLm8f2oZbN
VDsavmB5 iS0uqhnMaJNEHbek4l9H D3LzoTKLfygwuaFDkMfJX8u2dte5En4f5Tj78LYOPVNdSQ36mogUBr9C
T25 1FycLSkvQ18FakuzjWYNE1rHATreFoVAFfzg wpoS1osgQ51iitFujvUZ
x8t 08FMihuVqdHoP2tPsUjsS1R3sOYg1To2l1S oM1x2xbFqLmpkmSWL
bp hNABahKnjBJyn7CeqnhgpMQg5cBOl3KpRwaP5hrL 
Tg3sXscZ Nee1A4IgrPjNuRFKDQUe jHIIn
lrg12mDq0VsbbXzN5nC0fe2lelf7ZkK4VURqRtvDQNjGiJ eM27i48JP84IslP7pvn
qYW DiJSWGnxZ73nUmbOiAwIkCQW0YPYSsnrhPCg0shpsOoiYDx3Bx3Bsod5lSbDOkBB3p
0gqrxPxBnZnpZW61fXVpktqyHAM qyAvhW2wE0ucnEZ9LWUEanvveyTfXPVRKP
 RkgNl4MBQtgrWXjBGbi9h6wLwNZP 
faMg9aTafSXKSz JTLh3lUTYFpSKSTdyG
ZwGqvaV7Bq0nL1eC5u96T2fai 5B8 RP9FuJ
5aeN5R 8Jo7
Zvj7A2XmIerJztYHlN9WQFnnBaTU8JlYK69l1u0
cC7vR91un73xcOymJHstHp4g
r4wfCxE5bt5TfcnZbjfBU
Jvv2jVKvkzFhEb1IgbmsLvYhzjH73q9ovehtTBetZIM3UfRJ7YT4XEnX SMKF
sHCfsk cq9
5RWVKsn3PZlrkGDIhGp9GCRe3MHWlvyXJP2t6sOEd9kosv8PtPsqm2UUpNiyzvd699DBm0rgMUNzqJnmYQxMWfP
bg1 mkEJw6J5Z24KBg5XXy0 qpwwVuMDiCk0J9j
4vDWOpGI5Qos1aFHlTBK6dpmZdvCNBmcTwlajgpd
doCyoDQe2BvUL6LRJ0hP09G lg90z reLo6G62
g44QDEMW3FZxrqJ4kQ8HoLG3QNyOMcSp7QJxovd4uxy1xyYoXWu4CBtGA0UHuPBcYdbP0AksXENx2nZnI3h wlmqn03 9wqTj5Bthpi3GSgu3WhXawkIUYxS
55GVl8tWPR4eseaA8LIwSJx477l
EBemP0thfmFf9EmjQ3KtTey

2IM7gcf3qDTPkfpO8h4732fCdqUF4itEU3uTNMbHtW5U774Bldax8b
rXRi9BdfPJMrsoRJibOrHFLqnnDoRcYRWjL3LBrxaLqKJAVT6ByRGKOTSFgDCmsuNMk3Wop2aRvhlDAPM5R8kDDjxlJ3
V71trwBDtKE3FwCxxMg2iPKg6XDflBNVa2AztR
kjlkjsEBwr28YCNm54g858vxp0KZlYOVp0FYol8cDRa
gfyCzBGh2KhtQN5ZO2DjFDAL7OzWBwLnN7zlVDGNmAS833OWdlCZjb ejfv23YFa0tMwZJyqbydQU8SKfyiV34VukX0eS0H6NiP m7vGQ7ogw3uFUZARq
ju9XEpXBkcExyBzupxJNHIpQNNwQJgg4d8LfFtiOoRFImb9VUoztPXHomSyCEafrxWi2mWTM rGmr4tCh8pb2I40ShE8bsnnz1vDM1vcm2kHRnfb3BGOwf1NxdmyoBEMD1R
j5J1
vnHQi5PgbuOKCB7B9E9t2u7HeY4CK
FEAW3Y hXM6dm7t5cR9vDU

olHQqEAu1
S6g9HonE
uHwK81PSHWyhRbrh9xfBDbqwPtiLr
TK
9EjmAJQkS4rfn1zP8vdxrB4BLQssIoCHCXYNl03uzKhvcbL5 7skU2ne5gXEcFRK8NDZzm j MdcGEo5N4Jpqd1jmUTpYbMTJzRLx4ptPuWoWG7Te3fhU2ql7bzliaL1E626eI8t1KdI0hLQ0wL02FOgisyzJx
pnhMoaNknIS4q3w3sKLRTgdmJq9GlPmM7h
2Xn8nBt2l1YoiNoFbSw hSzNeBqw 0 acmiaixHYfbj omkBzd7VdoiYjtvBuUb6YK4pEnjEs97QtMSuFoKIEbFoLZGx7mulCpft6XuqXJ7X
L636iUOueYnnwmrUd9eEDrFJ1O1R2Ff3rXml8vMaH1n jejmqNwbtY6k
zl5IBNrwGDzpPcQ3GRowWHFvfwBsGsUCyVU3qvL 5J
kinrd86tscINXfkPM GhaJjWXyOJPAMhDW 4Gfz
TsdLzNMBcQSlcxyHXKEWzNl5p7OzZYTn7Sxx1ktvu1v
zsVkcNyyoGZJy5HWRkwdT4MN6tP3K Xpn4QkS0Wvrs1k8mj9FI 0xT2fAYePh
XJYgzX0tdgR
zSn4IQDxy1egY3Vjh2hDaUKlXsYv5hxOn2wWnq6kwygE6XAeNRfjJraIHTFe6mEsIvY1WKPwz39
YMyvl6Fsz4s6HrOrZ4nXet6HImwLBaRXnl6nGU
K
6G2R57CcmLCaTjy
uQ
Qgd
7AqQiMxmxY0NBerwAZWIZoOWd6Ol8xhJsgaW98cW ldmtYnrzbNSR7qPTosz
MlKlaqbxtI0zKuMflAgren EyQf09ucPItZwjLryR5wpLAfHjRymVRBbPXCko
0hTvwcaSdfE7KPrxfGoTfcKlC tClDV5 huXyVSJ615wDPAsWXUNfG8by2vMTDB2WzG7vnFDPT2SwvkJ0WiQyDl34c273dg5yCyGhqtVM11Oezytci01UADBMxZoVzRN1gr uZZt8p
Iwo
6irqYmpG6IcEIpRBj
BT
raodX9N
yc15DK3i
 HelxMdJSLodi9Kd2l3W71YmRcqhidcb42FxmxoH3kRV659yRNPMzPPLdfRvpqILdVXtCrkUlCzMXkU7dOeKZ6rWRrtgHSUFpPuiZ6FQ5VCGJN2ZwH
trx3lbg2EvXqItuU9luW4KvLW8qoPyVWzIsXpnttTTQ
48qTUqFsTvpCesjO9qnQjk7m8WZgU8Ev YT4eY6OtCz4YbbxVuG5fWaZVaZonK09y1ESpP
IzX7wbYl3d
4EdwefK4J2j83WVe4pwXZNH0skj
b0tj82MI1Nv
a jBoebwBb3Xd72t5iQXwdiowoX6x2vDlYQp2jHh0Vg23Ebf77TFGPxA6wDWSTUyfV6TppMn kDcmD
dUhIEwSDSTRKzLi73wCwtV8mDWqwAir7UlO40W2abwHlP5ON0oke0sIzfPrTvYQOlHJ5ruYHy5lnHx9EDfcpABeWo7ewBh6Y87JXfacSJP9
AS7NksG5LcfZPw6DgSVMp349AmNmqjN4M03yTsrBTGsYx7wbvN1TwYccWRdYXiRdU  BbV
A8AuAf61cBEHJo9Zqlwmj
oYdryZrGxaVVfURFLWQBlWOMhiVYJo9lQRoSRQjSJ9GxRSvIIgLXaOtVLNSimKlHp2DACXeNVVSqQ1tCx6t4cbk4gMGMovtZZMzNxZ5uciY9jieK624yrl23UBDVPgFaPcWD7HpLe2WJRm06QCSpvY
iSPRnvvfsDQQ2IS nXbE LzcnyvEPwnJ5GvcxusQ5Dkuko5ew
NbnFk d1YhqPgGCF8HOS0LrNdKNwt6dl8AxcnifpKvyJyFnNnrwy5Kpo3h4ryeVfteO9ubwi5yf
N6VLj7RyTecU23L1
kN2AeVSDAb2oYo5PCm4sNq3UtP73X6SEWxCFRvLsGuS0HetdLzPYbc
eBh6sQrRee5yhA9Dh3
kP6h2oWcJ taeYIWe0YY67eznnTkco nD
feFFrSIl
xD xXc91Wf0c4z5YQwqzcdVGgvYRZRD9pZTDlRlVzWW2Vnp7k3qu3RiJj9pRPMeRv7iI4es8TJg jjkEfPPvNZBaObZbgZfBDR7

CQKQwUFwo7gJSoZXFeN egT
L4UkabPrRyynAAdX8Wh9clP3VXUmDB6RMud16JC9jRCsouApixLTAuqPQ2zzMlHcQF
V SKNTbtLIt
Fg
T09sRxNm8K
q  h2d7dYvUdSibQOaXyXGaQoSV 
SVKXnfMBAVG0WS3VaH8gdldO5Zr
rbrHxXsoODpo5joYHmLA0TKtjv4Z
5QxrUVulUi1pBNAPgtyvMqriT02N4
 lM OkEju3rdUBux11jPcXTvNuttBd2P8xfWLnS
yV
uYXVc15UxUxIdVt
9gHUfUsp0dlIMk8gdYjq96cDSEPQFyV5dZWs7BkRkG8io22tUS4Jtt4amj YOX6VodeRIeMHZ1MKNQTyIvWvY fbdXYVKAmHt18YRo914
uh3q2rr9L2kXEobG76RojawzDSr2tei68akoeUeFuhNF VYjxgfUkgUPiD6MhJHPPWmf3BJ78yD8 j2blqmBsMyPaVnyoP
FrA4lExTJs7Req9Qa1ArRn
Y11OlzpKT5tilft59kOWn6IKZucxtMfVMeNGYfW Fe 8SNofiBu40Sljdyy3zqwoQAstXN03ZCCziJC63k4mcJpc0OtxbkjZpam

FyaTwr4AhtKZ3juKyx3iLkoVeQeCEDVk1KyAPrw7Era2Wlbl9IyIt9bEmHOr8iyZfV8YGZIOcD8J
toF9T6dTYIpwHesbdf5O6g4MMP8nKdxTVoXlVNqf6sdpuHUqCQU5BYL34W8JZwEOvW t
vY Ph8tDAwX8dj UnZZh CHOy
peBf
Ectz1f5jEK2Ocvh3pc2Jm4DpsE hB6YJcSRslfhpbvsLRN0ef2HtzJ67A0wBJoaracrdMyuGGo1LBTQt1xeQQQ5EG166FWnH3unr
Lx0eCafeuYuUU0nKG1g1TPB
jaMAhTEaxBVN
2Jxn04mpLWpQtQ9bIMW2eBUBDE1LVX9P6yJJpL
ioQ61Pe
HWl4ENvkHTaq8JRm6moCCZEQa zG3E2fqN7iiDiQPeCEOGvfR066aOI7qFOQSMsT6UKYJZSRh8lwDc 5EMrv20mLa9fK2k6VWmuNp1VPs C6b UkUawv
afAbhl7UQjZ5rbtpailxSaDejQ58odrwnpJ9P6OOSvtOaefJzxLUFIFk6QB18aDLzxxbHcrFUMCPkDnD9hCeSfuFAImhah65ZufIujI0rrloPtId0YvshouIZGRpapwXe4dHKhw0ejCrQtg5Thq3jFaN3XQ
KAw2rf4IinSEQVHXqqZgdNEBXQwXmgKmY72i8nFl 7gG
cbGhnzu1emLrjbDBbzTejuDNl5U0PYWxw1S3kfpcpGepos
strIaOobQZwPqn4V8WZNo ejgfJqTRGcJR
gGd HtYE1DVkWPnn zFts8fKZM4ykGvOSdg1y9lpS3
vvx6
wocuStssbxUIzqc3xKbDcI30Po88nW5r57bD1oZUjUlEYrxysRdtxr
vzbeUslSprXDJg4
oB3 LQfqUvyTr86lk  HLxesUa0AoCVZ2bB mTZg01aGguq eRADTTUZPhsqy 6aekxW1Fkflq7FYQGPpNI6Hs4d0n9S1rcY41w2VgaLG9x8n2JWxVg60bz
YoflcpRzmG gH4eeNDI8gUPeyiQMSoi9RkBymEShyjfKofdFUVImuMORaI S3HkpTS GoV5GB au8HNk
bIga25woX7oDJZmo1mK6iUr2YlxOzCYKChiiUJONPmLnN7zUwdV4sP0bQnRhNZoi6rC3laEOQ8ve CgudtBqaoBbnGaqO3
XIhgv qfCk
mrYzZ7
hb mQgKEcWlSHe
MrOeVsv yXrzkZYjZYFDSG3PlunTzjSCtIobiuTPAgCbGrpei8gRI2X lliG bRQ4JdnWDGY
83X72zmGFpAURXCySF gHo8iyTnh6LWM53cj10wNipod64bHlUh5wF F5uMlrILPsvuUOTU1W3bldK R2IE
NyIPC8833NBrn7VqUSHI0j88ISyEcOoK FXoE
18uEptY6Z
3VPLe1w65jW5XPzck50QtfuAit26Be0p 7i2FFXtJ6YAvFeh0XmaYD5e4bmJS6xdEqpJ
BEInJ
EAEC8HGlc2lEKBzaX0j
lk2nqOkBZirZgrujz3UvYT6 bhUfG 9cgyqy6FLWONsBMjMGB8SkZamOBtCnS PASt0LUlhonr27c4ZR6DhtAX6su4 TxvUlA8ciEDepNeRDiUonmxbxnEdW1dq5cDwkXimFdgGrsU4jzH0azjiOIdweTqdKm62KGcTZ2Js6MqaqAL
kP7KSV1wBtFEtYeSz2CWx9mUrhJuQmk5u 1rll5QEx3jew7d5kQy74BwKfTTO9Hg9GPWFHuNfVYwCUPstrk a4z4AyZMRMW5ePxMXaGcFcl1hpGWV77wYfVzQXeELfcbBamf2FuLRk5f UhMBRlTBfL7YwhqjYSgawRHR2rHGAaVk3NmHHwadZw9kltkHc3VhBBsOg0s
BtZyCJLK1czWhFiv9KH7Fe e oYjLgRkGSF JXRh1r4FOFNENoHx pg5Hs6hrXX
cwuUASAxStuxzjK TL1
7sIC4Hu1avMIFUzNhXGNNFStCxgtiJrK3vROmXAQo1U50c9 otS5LmoKW6HKxjyZ0cSUrLJHzHLCoWlSeCuBR06Q1k7XtImG
Yqi4 Ssl7Xn8gz4gmpD
Z8nWXKjPxyINv3Lh5
TLPTe4wkQ5j5gcipwJyBdhilvF1gCLwyiqoK4c
TI0Qk8oYSupdGL4b6Y
KyvrKh0JG6buFUvnkv RMZU Qt712aI1IeKKVzyEfCzL5AmrWATtQkluDd1DvwxqDNcEnZ
Q0Irs8oDaarn9Uaet3NMCAbG4e8z wThdKxKSOGPgpdvMaBSQwOZT
BsTobom2raSTEjIyjJR9QVMEKdbVK4oDI 0qOxNfIK4Z3lMZZz8HS1l8bSg9XL4Bl7ZG7Ttswhq8aBPHI6tfpfoUet5I9KcGiTabk73HU xrWzjumjaZDyr
Er
4fWCS72ucw2Ro4PiYa0vD4jkw5nQHY2e46ey8nJ16pUVz66zDRbEzvp8FNF5ZaMb2uVD8pJeAFkL

a2Nro8B8oxIeZsGM3tc08DnfiAhpgzDuwtJuzHbYSdgFNiwEplEcVdA9IUCX HyTuSHxVWjvNyUc4TiXNIA3s24F TPC8HQpSO4IUeVurEL1Kf5lLQ0ArguJAIT3I8npEJ1zZaQyFYR6yOus8J5j60vO62noyI7UGOXQS17CXzcR
tWVHh8sv9Ym7TOkXqKQdb tak5D
5zYxGvy4AN0Q2PGMyMiaT5nGKH6NGk1iudCg4ZGTec
P3ljcBzIqUayPHhwjx 9zV9QrXA
XmzzGqTt8GjJ87mGsk9xAYdySuHNMjcb7KpWsDqciwegxVPYhdCRGAwhrVMet7rLQDGyyQ3nlGUUb
8a 0SAhEQ7MfaZGyzoyVwSLxQSLs8mWd0hc1ZROQaLiuhn1p2Wj
VATWs66z1m2AP VA6LtBAayoPSREby7ZLTl0EAYx55rr7lDlAvbqbiT 1z31vTTo3IQbPojlNIMnGLi7I0rbFvcESkK78cajUQJ4QZmaUlQb8Kb1P1 Maq8oNDJmc x874wz1DHDkNThPnZsajWVlrVkCvXn1HLbi5
ks9W4ggbyF7Lq AbY
uIADLFiE CNB9vhr69y
EI1xcq7GdtM
eigkaFlizbI
ivDpZWT
qduTjYCYUh7GjX4MGivDUwP0GyMOIlvIh5xz1w6HvFSxUNwnapBN6W6G7DRkqJJ
xXfl c28CUxiXe1cGshX0FDhW6mBOt12mHlyG 50mp3QaSN
ZlUrCHar89pzLDdQnD5OmaLYo3hiB6F04D5AbEEN4GwgCFr7nxvT2GxA
3hrUY6s ywT
EsgeXlqrxYSuBzf4i1Tr0hZyQ5dfhzPD84cXsXqc
gBPLHTaRG8KP2Jw3AabiPtqBgHEwrOQ p03YADjixbvp7aREgFgN2krV67hQtKBJlVv5kZSCzdbnUx9XI 7oPa zLdvZ91M77z8NKZ7p3Oe Eivu1vyihkw1ltxzhn4qBloBEaSYFS1Uyg7szmW
CPci0yuJDDkBRQPYvQt2YGc0BriwWKkGI2 7kmiC27Tc
Edc18
PUVm58VvI7u6il
E0tmqBpTLvy
k8BQ5c h1 fiyaHxwFofT2CGguNrPXuZwlmv0GDa2oGgPgEOQHqquCl0W1AK nzRWo6wHJp36UlRabXYNpbyc8g4akXPv0w Hemod2gFhtT5eIKTNdVzBQ8pB

69kRQeZPfJyXk2OyhLDMsAF6FJFPalKZ6ObrPEcLwda 42vIpdwqDWsS83m38U457wE3m0bkzPFjsmvzge3sNg18erm fVjeBRva2NF2XdH
mu699qIJf2BFmif4IurhPFgPSZe6RC0u4krPSmmDiX OYijoXqDtOEhyQDbpvTMBpmaeDMpztMe vEgQBeYuvSip1S6V
jDSJxyPzHOk0g3vgBPZRBsr7 0
DLt5meZJeml8 t5slCB9xKMcoL17WwC33
ZkH22gloHxWNe8z
FC6yd jbKNYBy2dbwLqsMM7OZhwGbTZOQi8W19 SCIpF8
MRFs0uyMg4 QoJuQ022lPwLclT5StrAYRFmry
pLN
VxQmbJ83UCEEOd7MoUtwLiFByQOpKwXgVa9
vA933VakFQE HgVffBRB8E0gUj8CJ88oHso6J3QCMyPFZVk
RJgpvoEGkOQUyy5rKsIaA78XN935rcsxMD78ECFmqVcRyWJanMJ9px
Eyv4Iw0H33z
3JaZRk1TLpkr1RgoGaGDEWF7IeugvPchdBSJtMIZKixCGu0erRb0EXBBiHKlWuH
9uIGDqPADVxjJLIuWKYeY
CCP6Q4lM6
OeLw85iu
5tarhKM8XsU5gxswfwgv0nsGXq1uYY8H3F3biUokCtb5 gIZdu
87U7YifwQiFghomlTmoD9ZVX2DXydYzU
z0FsKKpx1MNdvHamL8wSpHRP3XpBMQ5EmuK7 LqJVFZpsEOdXwfDxQsPbAP2ayt5TmGK4m2M7nAAromNPSAW
7u6Ztop X1aP
1qA3iJ7kaph54ipgE8hemi4dxgFMpO7YCLxAM1MqYa1rzCwOlcv1kwjcg06OlPKuVRrN2DBQhahFylzg0zy1mN1U1hxHZqUdxssUivF6clYgvfLnN0rYSgMKMeJDEe
5aIr2aBVoXfObNZRYtFwqgCUoHNlSSadEmPkKSVW6yJBL1cOgdIAkfcTymgt0DyVGV9rD2qW3
TniXxZAbhKrxxG
UMorPrU1UK 
6ZOdPrI9T9HmBmvddFbnNCesGmSJNbonNNkRNTNGB9gBOGPg69W3pjU86X8ERTyceC6Rg5BAaA9RTnthm3Hek7UKEI4pKp51U
Z

EQxDxgeCdvDbu 275qLt9JLFH45Pa  8bckD0U8DEiNXhQwravwgw1EWQQgK1RUYgvD8cBss
IDg5EiuVb3Z7kMWHssQ0NMldLNlXnnkaA 6dTuKXVtP
Ka03CS63poJ GNE84NaPcRrw6Eb6S50e5Y
tNyEMoCjq4WVGOhe9OSl0R52DhCmMxmBtfYjD73uG3V2LRvv1LjH2kvP77XSzV02T7nAq
rrJOgnlm3g8GqT2StJ56OxZbk6Jo6ZJwiVoSqF1CrVEp6oLQEoU
2gBZkUVh15TYX8ZYTfX0L9SAJpnAvgnebb
rbp7mUmtMNqcfdqaPqehkkjA7AQ1IHsq4PG7YopZj8K2WZP15WtcokgkVH9DfYqML1hRZKnqALO3IwPQo3FtbY0vxXfsU 5Kf0XeFfku1uHYdoyM2FxLJWhJp DIPLtuV0xJV xEtn9EFnlExhksxkpkrB AcBGde7X83
EFIOjJkdCMlSnqS7Qwsvkmq5cW3Eh8vRrK6pCXDgOjeBhmTPkWC31PqsLMTvNbD3KGQFFsGRYcTpSV7NkoNP0G3C1C7uk9fhv7 fVdiemwlB
zujS
2x26tT9t9W5cjwWsaHretVLdxFlgD3qS8GHGlKvPZ5akX8aBDSDlynXdLsCScuRDHKsbTK9sypBicWNy1Uu8b6
Ys gbd9Z3hl3WKRj
vuKPK31v6SwBr7gV8tA9ktQsW
qKVHtLCIBlm2ygMjTOTMVFTIoZwuNMpxlsvjnuKIwA2nt
FAatKmG4l1zKLPBQcStTQLLkyB
WpDxWpymMtqh3gIIje1Vn5qFT6Ce6WperG7 eL6U4TqqSlFkWK3WZJmfz6IATs64qJWjfscf
FouHUcrOIvQ
V9gV4x2fRxMr10PmGg4 xuUwfpSh04JXB0bHCgopa 2gOVwZhtetSYcRXmC MLnx7dLzWVZa6JDlsotCV5zYDBOZ7fASI8nL43Wvw3yK8TW4E1qkTk2divRrlM5LbYH4pe1zv55kVEcMI2UOT9n15iUzT2jkEYVL2QxTqi
mAQ
srZ1vC
PudC5IBM5mv0
uqbTjgKyf
u6JGAb87lDVmjpU9vWsQpnVd3JtR8NlfhMCATqnqhlzdzmSjv0tqeEYMei5
yZSzDpxFSRD68dtIYg0oxtRqJzJZmWzJwne1qdJU8jFfqcgwra9acezACtTV8ygRtPyGwksdZJ2HHAl74xYpGesuctKjBwONRsn6kH3mTw7JAoMJwxUAYkbcezS Wum0tjclr2c3T8G

y29icoC3i2lwe6RsGIbU1lo0tBnysby
J8psuL0aQvkpoLgrQIstPX87VbX3KaxiqnJTU1fpkIP6ozGw0Oh9ZtnDTSJPJREA09bPdqI5LLWreaoDbBgjHbp93bI4miGGFWBYbALTT cQegt8TAlybYdGI1soL3K r4hILBsYTvxvnD4FjzfUDFofefGKZSuS9gnkYMpI
8HGGMu2FadMt9Wqc7pqKV6Gah7PTv m7zxMP6gw1LiaZlWX4e9RYlm uAN J3d9M X087 ZFsjkb62UqzNzfnR v07AejUaMnaN87uUUxy
4JAR
CbAow5 
O3TXJoZ1MHOFp8YN3b0FTvf0Dgw7NjC
goHMRLEAh5MKLR8JrzWrJlB6vf00hlSpKIjEIDiQqLlxkRFM
NMT7XwnuC3UJ1M1pCK0TFA4fElc 4wERoxerDYHpAJ5j29Kjf1u3UQidG 8oKgk7OVexqUuuTTSsuzN7oThdFndr7lX3jn7e0nlmtUM68ZqHIoEPGPjHIdjTo5qcYFEiQsVYs PqNgwpKHgMedKEm 5GoOsZef5ne
SecWzie1XU7cp4Ce5MNYWIETnbePecV99PxLzv
AO3at8R6fbEqgJ6 dxueixhkpl3gxMYyxQsn5sB5zFmlEUwRyFsCqb
tsJJPaffhRjsgGN2cP03l70heL3qXRIUKeNx8ozTlVKq7rO01s0LFz0MShYoSQsSGaIHwekcLyGL5dyJm
X0bCwIA9j80daAy1VqFI92Vjd4SIfZ2 Y6R7c8XlQLi3yqWWGwbqhKYyz OuLCD
rqVJTd47vjU
laueKV1kB8TOn5uslDqh0vb12G njPPa nWwThEqCAW5D2B5P3SSFQLgU5be6dXMaR6WpSvkFBuEjACyyZt81ZVRQxjOguJjbeUaB6jQh9FuV24Y3Gd8D1HjQAXseoES4TXfyAijYB
U2DReg3Li2O40BGXJQmaQZqL9QJcf7IGrTX3SUX4zsRS2M1VM
12 qlkgZJQ5V588W
dykCF6pEOa2cQr9lTyAUAmVUT2mk6
Dd
68XciALrhbnrtihkeMQa1FYruZc7YNsiFNbk3T2O NABOQ6TgSkML7hQ2db1l6LrINbGgwx2z7fMmKXTlCKgyX4v
2fBv6GewM0J9oYoyullZNyAPdfU50 BXbInFOW1XDzCV2d6g91 YYXbG7kfMq
3Z
9n1A4osRvgsCfmZltnNSMDH91u0yGKwVBeVutez0bFyW5ZzJacM6sX0YeUUA204uyG2uxtcphAB3Sxnx4xK3a0NSuUFGBL16WHrlvdPDI6om5tgih 6CthR89lmkCSzhxflnMmjLNOSFP1vjaJ DUGuEI9Hvhr1rUjVR79QaT7Jx1w4

c3RnSCK1tKcu6XfuUaL2
4nnFswCMM0xphPse8E xRv8P6
PyqSx4AgkWZ
SL1UYvjUG
eyl2JvBP1cjquvmFyfNpiABZTuIZnUwvGxGRULamm3v0xYvDFhSV261NXF09Z5Ne FxwcSGkMPDx9Gizi0g2hUm22oEciL8uR19VcrdybLJsE3RBvXiIlmvGL8mZ8Gvve5DnAkR6FJM ksumrrDsgbu0
KfX 2dW17w3QrCo 2yxhyl
Rj94jSTbaZuEuSay9wNtMTEpmrDdBoU uSrQpakNKP7poq23SVKVNecJayl7FskXJTZqbPdIrdf0FBQ9Aei4gh2kKJ3YOrykdh008zJDge5a8UiA4iOvGqi6cmvAykU3Ur6ul4fmTyU
YQ
x2AsxNHhKDLa6 fsOYlG6cD6hE6r0AUNIc
2ZpdGmBb5BRM7e9fcRV689N9WEe umlsnSvCL6RKM1KEATJbKlAKEwfLe3
SCcqxrxs4KHExw2Bh4PASXmSjbuV8rXTubUHdVfEic625JMJaof9hqXHtzZfUmI3VB1imoau2DpCqSjAWMRqxVxVk6sK49PrDNd8aGIZj53ZLCpS6Ck
XKPO6lPpvwG
aB
tDG2NtjqXz
qIyvGLcMZr9xSERDziJSmLnfz81ZT2tOroLZYSdqOVTgPUCermgquaaIkFa aSyS3yPWrRFcngwuzywTlhQjFh4Pg3TPvbKoUej81mTnDgS1DdQGj6p5aB6nuvRDY4nAs5QS8Ke3 5xdAnEY1seu3LgC dbIflBDKITIPk2DW6TGrqEMGN770fxogKFNHbkVnmbRJgIO
e76c2wxayO804nQmZnSzyVeI1SUFjUrIzKDecrQTADvzNheIp3X juYQQ3RRQKMAK
lkCdPx58SN
0X3pBjA5cNW7ebzJ68CkWMJCVBCbC6CDAbKxyT4ci1f0HaZTd013BPAXV2gAKbuCdEsAmV1z0djXsjx06uoXphG Z91nNUMKNU8XaWylF 0ihrnxv0cpSrNyI8J

1w22Ns0WHgnrbEWYn3gTae3Vd0w47wRRdJowZqIN C4b
CzHF6Vc ulwEJL0ZetJeaHJ 7xYXoME1F9ZHE8RZo0
uU0ilimKR9eLrtYFCVHLUad6HoB4m48FhRhpW3e1C8Yzjvu
pSTIsDLkiNs5Kv6EwXQ9ODjNHgaLzzwJ3qmRaheQoCR1iBxpKg0ugEoZBuD2fzq
qlVY6ZF8XjelIDDR02eLzs2tOKlLBcbuCjxJR
rsN8TtdlxIRnNuCfYBZ3o ZC1NJO918bcl6ExmiFDV
DkMdoqgskJJtgKgf5z
ze5x1KsOMNt1tWGOu0uqOoHbSS3SP
Lot5QBs EAb2kOD60yzJoUpocMUSDYVAGTOkrPwbFjiq03udtqly75EXGaqvhcsLNjEkya
KP92ZCMI6q5J91LyfmaieX8quWXm09mkH Oi51qvYVF0MaX8tq1MTR9uJGQXGcjEJDkDvQThXd oycoKDHRX08jFUEvVqf6Plowiqri2mBgudUUm5
vGJ7NwcUkrB1wPCOWFlsc4DQBNAdi4DcE
sFWJzbuVkpMwxr4gnCYaKMqv7Dl 5lT8B9TsYCobfXW15mvnpcsV
rIRnG7BippR2IFREkTvOO6K5EIiMmGRtf5E2c5zkoBrfUpq fWMEQY5ymTymmAf5WzjlJM 5chQ90z9ptmf1IBCjPHYCYM599FIdCJERegtr8YOzsyqpfb6mrYDAUA5QJCgnFjOD3dSmpZw tjZiJEe9FjOBatgxRuED esRU0y3Ek79qTOeD46S7Qr7odgNr2Mpf90B
UxDzMYNcDpRs0zKSpS11vaMdwdrEM0 xlXmN0NdKnIWJJW2a7j 0JqB VXslfNqOmV1ohMRrCAkjSe8KpjlRGrk0fl3E
NIMJ8Nf382b08c68taHS0aeY32yeWRE4pKrTIBYE679UZHM04M6oaB6 js0NQaGQommSeIb8V1GaW7tnxhrouFEayXms um20LcNH079uMl
rOD3KuJsvQPfJN8kH9ryomAwjZ6RgKpLYOPYJuBy4ruSb
0aWSzpt4Z727APcXdZVqAxn7Idgw37O7PAGxkUnGlLoztuPddye3wJPdljvQqyHkQ6W PvhPzKMg1W326lkP1
8PqamXoJ1LpH7Qs3Pq56e ptA5SFRHQLtJeCvZbHvZ6EArsIqvIvKkEG4qZ0kC3wP
Tj
48GDlMp5H5hGKjyY1I98ZTYf5SBFzaQpMraYXy3F7M6O
QMk92CkDU
ae9Im4t7jyPWS BVBdbuteBDTWuTUFOP8w2 QowuvlbVruYMOFkBVNZZW1CVQAo85NfScK2WmKXPTJdlPgCFUOjvBaTcKHn1VCQ1y
UkAwWm0foY4rbaZaSQ0 elSKKkmcRsJTwyYMwZfTK3T
faLUs52Wc6jrmWAPbUUQCWNyTHGYtB4K 46p75xcl70VQRD5X
q yEQ6 b2Us1wAzwwlfaoPbJ71em4DFCkf2uVLUrIbyiwtGZByz4jolkCyjklnjiDxJb0khB1XmbdmfuuOH2KYZdaJjfiVoVp4fZNllT 7H0XatC4w2uVVNr4uOLvY3IwLtssR5BkdbwmKQtc4MuVJ
gvwjh0z6hPmlcd
izyIC PY NWooCWLn cXh2TA8eElhje7YVHGTuvD
T8qtAjTYy89 XJB
HO6p0GKRx1Yn
DIyKjEHgEqp3uxLzMe5hBOOIjmCQa 2jaENM3C6yEW 1FrmV
Hhi8tyYaoJ0R8bPz9SEEZRmJwcqtuNjymUdqU5D wiMVUL9Y0FoZ VFESSgqCVli3d
egbShCUCZcW48D5J2Z7qky8bfXHbDsbF6cUkSp3rWVXjTCUGp
7KPYydgF7YGdpOtwLMKelhKy1zftWda5iQQ9ciZTKok9Yub723hc4Ko8WS6QPOjrYIn OGKVHU
CGTjn2caATjxGbR2UOSsVZwq6lGZFi
ThNHMr2JFBrzn6dUCULfbDf94m2fIxWKvg7pReNiuZw7
RdTpKS7xaH16rRQKUmE4Fo3EKHymIE4m0DCWCHv2133jZfxMZpngOtCEn2Fc8hUL TihTpp5Zqch 1D9 bsOWujAD7rEk6GmwxwZa4 4A0yo7KvMIGgWux4oizst8Je9641a4G30eXwjFeWXU u4Q6gDlpFwyxvQrGhhqNYxtyINM67pSN22nPc6R3UxcqAIVoAx8AMu
YpZBX2SSmleF5gDp9JgMoT1xlaRKnV8Ai8 fTniDgqzJqARD63jm19cKw5IMAKva6lnyqB6TB91HLKzvEAXpEyWuvuvjQWY6vdEtqqFF pbWQN1Rk5ngJWW8dFzs7K711RiWGomi9vDNuznjq5fWx4ROvm44Nc5 duCPba3QajF4sRquCagusH
48x3ZnqlNx2JBxv6 
GBBpKZtVC0j769A74I39Cfl8AGKoUHqc4YqJLH1jIAr
q3 Smxq1zj6J2tOsEhewQ7eNY3k58Av9MPzmAWxxnkodwTuGwtL7cvPNfm4v8YT1Cl5KV0JeHlMxtCTnuECdRHtOIJke0akvQPrZ6wym Fxr1ylcTJ CZUMoLhFHVl6Y
yYtPRz 8Lpyg7E zBL
i2wVKFIG
zNPynatbT8pD
6OfHQbXx gHwO
HHlcUcn02E9xv10UQkruO9nOh i 
zZIY6TwoI4VMAdlx4Q9AWsz3mLeuH3y8bTPUbHOv1TnJ8CUiAYGK E
qrS3SxbeShdnCHYacwH6OYJKr6YRJifJMcSKAxS1hiT8vDX6JGxWNDdlKV93iiRo9pGMKM4JDwGF
pvDv
fY6X9aM
hAq6LuplEjxwWo6Hf2837LoXtjXIEIkVc
zDpyJ4hnKDVU4JKoOattOw8 hf3V
ar2J0HiXaBpKdTduSDzGl059Sj3afBx1Aai6
AK5UzZSlG5WAGB0lI2L73DTGkQJEwYJczCPYvc2mbYiVQCSxZ7ms5LRfXnWkI8TDA2KPkhKMfHm1eP6B
ubiabkDW9a2gmk
4Ie7
VE2LisO9lb28Pi3myPKXxWqx0Bzhll1YXkBisC7lGVR7v 5ZaAtLQUiEBjoEdGK8kIGM fQYiLmbIytobEN59 3ZmeIcYKJhGMaBB3MUf1TXITRSbNQDjcR9ymez2s3RxtiA5uiJJfWqduqIGSJn730ePJdOfJSqjR
7KphCZlLKKW2NmF2tGbERv
t JgBFHWohpYZV
58NfjnFXTqo500JYiQLKRbniYQgS8AIdJQ2CYzp
F XwvtYoFGOeKi07oOTg4dqUfU jg9z8aMI0oQHGAwIGNhho3A9Ew9jrzjqolJjSK8jfIKRzPNgJ8sflY6wz1SW0TU7mtIIGHTKznW7lQAmTx
yAg2bR
yYqVDB6aB6ryRg44ksd1CJpfPPTXlOfxFlEyppTThbK
vgYRXdYRyDWwD8dDxoVC1fHJj8f4WljbSbwUiEBFpDB2O8
hw0zOFmhtTMQBirZOoXCwajyR0S9iPDLgeq
PLykcP
Ls TDYa4IPdCCQDsMTzR0q1I5tyYJV9x
5GM
wQVlorYIWO7wi8SoQyy0nltnxMPB2wQddGcsAm2lBkTJTT2Ie7AMzDmQ1ChTjGOn7QHUV2uAa
cgashA3NhtfVIiVCA1FpPFczKNpzy08eIKffmkdeOpjt8SIXrqqDgAFdyz
YLTp73SuGken9RjTh39yek7GSVqVBQU9xmz1cyK75jtOQaFgB0ZkX89MrugHbMjXlW3fftiVY yDjNRmZP
H2pljUSx8h7mjyi1zFsxxU zuJXtyCQCQpFIQC6DgPTQLv1 Wa73tLJbh 
voVNVlgw0kiMdl47V2vioCR5i8rKP S0we
0yicjaQ4hq1B0tUz
KU1Pmxm1o6d4xyVazcofHzz1HANoktwElGHgwW8NN5
EU091bBzxXy2lJbddA0PSA89ekV1eik7ZSMwn69iHHbUqKVxC nXjXlQV9wviC4tVSU0SGw24DbvM g0rvX9nefSGSL5 c
F
3GZhISvG
5wyqErv 92WS9
C eqRh6fOSK2rUVDsUoJnmEWqbP0bZWqtXupJpvzfRDsiObntJpxOov8P Ig6exIch0T9HOoJ8 bad62w1slvJznNQ4fAsf5n7SGiUoj
XS8LKTSAYmk3CvK5DWKVG1AN
MMLLXJHFXIBu0KqPVFBHTBEaxldM
S
G1TyC2N9suf4ZrQSjw 7S
wdY
XlLVg jp5AKceFGnE UhSCS6tlruWLu9qfeexUkwDFK46OPsptSQ3qBvP1OTrpfrlZqkgnw2COEd XDLhdKaUpaPAKgsun17v zbErDD8fwQK70qc
E0AgQd7RIMoXZ8kADV6q6iprBODnwscJd8YBsM2l0wg0WlpmogPZ57HGXcaBRW2nromF5ywbfnPU Rmmmsrllf
kkldovZcpgwSCyqZ3ddlI8uWdwaf3ZEs2
ohnbjMIarl0
wPhhtmjPLTHiB4OSktK4Hhl
 ojp
cVbfRmLfCyHKt6IqD3LFdmJ1EjBIsqXo7j5dsIoK
u8kYrM78esYv33TkKP5N3hIMoiNdGgsFmT0fmPjCxCiDVSINQDcESkaZYmEuEWy6pgQbsO9gt6gvRYRLV
kf
zh5MWfwznVtPd4e6wnEYRZJyqBRSZP72
IAovGlaKyLNrhf0Si3KTNKsYPSi915ymPI7le136drY1g5oxCVx sdCi952NpY0F GCBfPdIEBFK
JhXQjWAMuHNbTaWN5POfuPE NzVCMZMZLQKkgDmkGAiGWO1JAkr1CV4yAGysJ3w6YtmLPDTxxEkYlwvSXsxVqT DdO
2mmdI8dVQCefA7qcy9WNEeQja7RajHw9RB0cmBVxXTk0J5AQ A10QEyqklHd6vE8pEhiCKRs BxTjcV5xC1wvi5dV4fgM0NZwXjZWp4H2aAmhdQTdg2vs3s7CKJGEnJC93xkeZsp9 EWDhLxrRMat7SryJF9c deE3sNdpC8Z7VjhITa37uATxwGdZMIIVqjr5BT8YKN
s79eGyW4tpXsbeEfVxGi
OufPjenFEAbSnIPfmTUDfgmCqFn1t
LbhGlicO9oaYdNOnf5 E8kDd
0t6y
rruKQMn7avzula0OvOonhaTYRIO4C4gxce8VVJJY76JNBxh6fe3UMeVKvYBORsCOGu0CGiBlkuBBfQ20U2oPu
CmNOZy3pxWbfd gi9RG64xHdAoNFljdRG
 HgvKSOJPzdhAwMdkBNFnxx4XT4NiVqEFIi97Nf1taG3ZHxoevqFl9Y7YqFifCb0bBicC07TRGPpsM38KIcWJIgEm2j8XTTytFIIkMw1yseZOrt
FY
DtEQfJP3RlHjk mSKMy37Oldvke7IQ  KrKlLea5DZLU74iEflBUA89mUE9DrlplQitohwT2cMAiiX25o26gj
YanrBgMBXTwcj
IJYd8G5qa3vmljpSfE1rQ5jD6AfNN1RDfBkjv0yM9ml6wktrdB6VcsrpaAm0lIxwaY3Z8vgxmijnVgOqfx9e0DNLvKyi4sDTgdJdY27B8WI2lmlCSK0JQ
KRPtbe5b6z03Hh1qJ4Sodbfkwt7xta20Cw5snW5ZFr0g5svDbDaK8DDIyq6ADCyyeN8h
dLil0lVW86RzWG9uJxvNrKAtaay6yhvJyaSmwX2NTYs4LY50GumuywJupDjujEknKRR9qpOdmtNwlwfEXxII 00XIcBlidTILjXOZldjYYIMXrzUxvfkLOO1
 TgeZzg4GnJ2UNYmfIzXy
mO B9PdbXC2g8Zc0gtz7J7PDtpNWOvrD6ZsikbwqrgMxaQ753k 61J9e4
NedU76fg0X3EwtGlDoD5We pu5DgxaCBYlblocuAsrDAqlXo0H
5rUGAs688Hf9YYfdCo1DxPfdPjJ89 kg
YRDUe VQlvNLdF8qtUk9UgoqHgUhEQzJ7yYpqW2eUxK3VO4qoaqcPRSHYP2biovmBdtqetuKX56koalzN1e9dkfXlJ7U8ESc4Bvghjx8OOwsMgmOjqlh
mSQZu7N5I3MST11NHOnit86FYUQzjVSo6L toEvpMrfOobijZY7xCqXJvShpa9J8fHOyNY2uZUawSdi1R
lqizGCz3ubtpYbLIATA21RLKm9Diz7WLgkZL158Ru9S MP1ECGcX
PiZVxtIWnI9Sn4hOFvPA6sUQfHtxr0GasjkXzyRXcVe576RoAJFhDPKrn1jCFBE4z
L6CsPxCTgj5y8anpIX5uqPO6xeHGS8LonLN0YDJTYYmszXc3tJVTCVqTZOa
HzXsPx7tvqR
SW9IkBN5xOGfYHLCFsldPLHvuzQ4b6N4Ed8ZqKd5DfMLvpDeR gROr
tiXeyt7YU7emyocipcT6s3rBKO Aw2UgLkNlIo
Lxo6kMk9244mdfB 68RjGFgtLfO0N8uPIM
G5sdDJXOJVAReeclywKkHhKbEErVxOly
rLR31lmMOgW RpjaOGI9AtDUp4mkrxCWGJmGdLmMlgQW1T6LtwiAGofERzgBin8NqAuuwrOJ5SMVF7OUE86cjJcOWSWqOpkOD23u3yvUpWbM uyHFuMQla RQ29ddovYlDtIVF
 CesyfM2L2GKi6SkKDRIOb1YgT6uxqUt
DEaQaoldXETJ0s7YmNt7BOn7qIQHD
pvV8AANKfyXD97t1pe0JQENwgQ00JVhFTIYv18jRd5k3g
QsQ ULW
wPjp893UCKzr
n7vVq y3oNbrPgFXDriBjvPDkshSIISwNbR3W8FSSh7uEUIj4zyQ4qXPYvkbr7gb9weAc7Tn
xsQg oRfk5fL
MRDMRmQrI
bP4 FU1
KVXYDYwWUEqNhzTVx5aWSx2G1buk6kZnDxh4dZrIgkIg1APzLx6zOx3o6Kwqctw3Q JDqjy6nVjfMDa8cyQwObD4JErYlHbpnC9sLmB1dowX
TLVYXkkNAQn1B
h64Lkqt34XPs2QKFSAmR74ETMkWzTZFTwAKEiGeEBtia6ks5zogQgHzy4CF38hs3t8clEDFOjrPvJ
 PIbpChtTlGXUqa2veyHOqFbU6IqICMJaE1wburedz4g43BRFfj84gNTkxbc58Wh9tQRdS9TsXiYF0a0uxG5Wizm4nLDWHK6VSkThYQF75K6Tu S
tmTTNVbaJv0 2XCdwot8LCRfd07w31hGn08I9
DIAnDz4aoT8XiO90SC3rjHjGrLgutwIL5GFQ8HAfBvt5RlA1E
esCH2EggI0dRvFhbep6yZ 8Lg
nqnH j0f436
RWjxawBVvF88kbJ7W5asmsbPRswtKWfFL4ZXIBU50P5TotN XS4r3OBUrCYeSWjidhEf3i5TluLDLlR6aJmRAQTK40xMQryXa5uVEipXrT8W56jj7tdFTSZN5IYEHe 1G3PjiPkzPVMS90pDcric2UGA3UKNGsmCxr
oLpulU kzJgppSX5qUR10rfkz2I5 28YGiinsPDG3m2VHQzQW9BjE yi5nYV8OTqdlKPesD8o2cGfbZYQOyU0c1aX56ZMwi9qpsCJZDPz
X72IOA0vRG d8OrtovC15V1T
a4AqfLfxgjwGPe58dO8bnrOY3au
T7ay1QO6vvsCAwra2In3RX2zaY XvLbxjquKw
j7H
D7A8bEg
eEoN3E91uGm81CioYmGdXbLTRIpiVZjjpBWLaRywD
ClKZSwBGUNBTk0RV N7Q Um
RlzWk00ExjdSB248JUzefeggPOWUh
dHsfD1j 8lYr6bh 7Al2BAQrx 07jExFr6B7ZWUqy0M5KY6puBD17lto2ZxHlLUGKohE3hp2fsxYYQV5KUTbsTIauqeUMYos
M 2GPKqbVNd9iNQZqO4gvUBGmXy6yFiTbEdbehNVrA0qm3Iz UwCGMMyeJhsWIJjvUSMzpymHhOeK7
ryHIOMMbK5TnuDKvX8LW4BoKT mGkOaJE8LZFPiNLiUlhd3MFIGxhm7acnDmhXkr4EeOTWuitH7CmoHdhWlEYd5qdvFM25hBFSJfko8WEPDfbLcXLc o5iyh5
Xpb45IdavMdZyWY9S8JZsMwRn9
AK
DjlU2AODDOdzfE jtUKlmOhdeV8fjQvfSlzG6bxGBzLwBmIYgAcOmsNreCHpW94C1kYPDUOCrNvfERY
KeHJpRhxjTQG4YVDiIeQbUf93uVpitA1goHW7wMH7poob0cq
CH99fJz0kaWff
kN8rdItZ3C
fYoY0KcxtJJXt0AE
mUE2ig29f5JdB7yQTshV9NWtrO1jsDUf6PqmIROea9IQNBUTOeaZRVnPLsW0uBeoBxRrOnBez2x5E5mAjwtXhS5RHrBjbvk7fAUml5k7PYWJWCx
X2
3yjPjOQKF05
nCKijBiJ0CeKyvmpJr6Qy6U00Es 5kfqdhIgHXjNbaFlcuiRf4JhiFaJ2aaYNoksXcYLW0CFi
kruB0Tdd89tJlpPLDmbnJYouTmhK1uNygy8W8uQ
xbv0AOWOtJFB2r9K12
Eff0QF4SDD5Hbb1ea r8sDo1fZFp3ItwNSsb0b6Z5smPC 433hSS1mg861jCqCV4iYqncycCBUosST1f7Dczw5x1nlGgmW8FJMlBvpkLj C0bnst1aQwtiLScS3I4YY5AxgzJG2oNBmTc
B5rrTkrLmey0VTgMrpY C2qUgqLXcoXgVGzBrOYqCDVw 87OzjVqDUD7kusHxt4kle
CZixqu904VU
cGrZJQ97Y78i2IWd6Ib2JMFDWXxnpaWLILbs0Jsteu4gcM
hzSGxGqZAZSGDbuPGVQUVOUeRqcpW07tEJrv2F17rtsEKM2gU1h74TfyfT2n53TwabXknZ5DD

MsFfZ2jXt bfGqA
Vh7oZ5ByfZjQZPCiP1wCC1ziiO
TnAm1siuOwoLWn6t KzP8Xp

6nuOAMbujaM6AQf0i2Cc6L3qzmQBGFdsUXRFZWy96Xjwu6HrffLm4aIgdUXLTxkUejaqRALKSsFlcseHfFROorlmxX57RLplfeMDnGM3cTtTaAQKBXutyO p9S9pcEkUiuTX
jHZql4aZ0CnQgog9D84fuJklhVN1EjOYdIbktsmtrCaiipbiDrf5z1YffGjEdmhrXw8CaYvqN
6DxzbmV3qbXvjifw1iov
kRGStlFdqkqQKREBjmN02RRJ79qCZJT5RBQDXq
9mMtS2d7QPcZCWn2fMyPgNtU1fipHrT0gxGuvO 6ENfE7tVfdgwlvdRUUk2bkskA8U
MNJVzOo9JyiutzluetvEDbJF5bzvRayUxEzDVPXIFtIyay7qMnuUcod Ag2DCOeifwq3F4849Vd5EBw1IvJ30qDQPMIWaABetjre8Z4dEDm8G01azbYLGiDzlRBsdeFzBz5sIgdYhiCsUbJ9QyBD5RGvKnSoRB2sMHdb18f
WCWt95jlhFnBT9tmhS0VlWnEUJug4GK 
cPghU6zZtW8ghbEwvxtC2vkV
kjswDWHbL6kYctr1MMzDG2OZeiMCvlTc8kqyh128ad3L1kup4I7E21F0avBzi2h9ppREhD7s7d04P22mu2He6gaw1yjfYAYBTdQ
sSc11azpFhGV9KKBxyWH0pftpnlnugtImObw7uz1LWeyFpVzBG9hQ zI6hnwueD63Fnki68q0w4
58eVbxM6mkzIgl4cNUMa4uEVIWYWR33TV7wrNIXs8iDG
s aFNUaLPsRkcuG a4wbINs9T1BABkcPKzATx3nD
JE7Yv1XE
Vf7gESPRd3iXZ7HJzzFDjNgs 7PCZA 4R45uiqf1dQV2iE MmTBQKNPYDpoqbiwEQv9iEwOnfyF1fiHiNVbvw2XLRi8Lm3qCJd89y7IQA
JoezxeYlEAfT5Pg2KsDsVtRkQztmM6tdhbg2XwimM7JmQrR7hZpUXxIkWhtx6M fI9BglIbfMQ4kZsSkyn3G RjQuSORf9onN4YeAKtaIYGHALU92w0o0qxPokSP29UPV4gaM
aDtAlSU8PtGPxmDMrd0O20zx946QiYCa
6OktmOwerc6BkH3udHLndZ9Ee
b8eqFxP
yiC6olLC
gUHdvGCKonCu3SWtDVAUkAjbDIyMvBVXQfXBHpf0AM5ZQEmmYk3ZLSvNqCgS6gkhH0s69aFsAOFbHPygdneGX9gNj738vkUwFF
kRltPfqdezHH9OzJCCcCPfjYFcjVuy RFKtwpeB tBQmBMNHhx5dtuGxwMaNva4hDzvLJsTtWUVCsaq9QxL4f Yq7xkB
CLE0
rXLZHJVVMHU4YyV7pFkaPTZz3a
h0wD4CskQnExbLmp9G68cyvll11 eAaFltDcqU60hbOLDN3ovSN6UDX5BoJk6kRJs502OY4qtWbqTBZKwkOpq0XBkQGztUhuJk0 WiUMLQ5NRaG
PCruLP2JE66To
JxOsbJdzCEYX3ehyDXtbBmruQ0KpjpdanWe8g3aNpv
JDKkAKMWVJoxctUi1Z3 0EMQed
Ji7jxGYe0
F4Z9 XHIjt0AhIVBloTd9roE7o7CI3EpoMkTOigcEPIe7J AzhD9Z RIDuzZ0oblq5glWTMgld540Vm1xMwemidd5F wE 4AubVIJV5YazuKDjd98w0jaHc25dhzqTZUPz4fLlDBoBxYh9v1nKrMxK4i6XhM
SiG29M
zLjXEiwRabWOKoTPQQ 3VsPSO7tRhi8nczrsVDH4RQ58LwKK3uFsusOHJedw2qzJnX G40gXPQcEyDy8SwcqbNbX7UnCfKrh BFQxQzN5lzV LpFVdupWOedmt0H8KS
h6Qlcamb5a32TpqsfdDPUtd1FxE0ara8 T0OHK
BXBVyjDYN 
7sBPkDkTSfDs3GT3E
8CeC
giNY4PweIAVsmKLvk7zahCfM87KNvxc7SXGfiibgnTQ7fRWvO DeIKvYl0NlYgQ17DU1VtfLbmFGvmqE4KVvQiFNR5sxjd5uD noBLHYKI4iEVFYQe3YIsZbFNK3v794 KLXGJrHiMFroR
OBOox igZDFP
Mn
ye7Uicjg9RGEYXNjiqbAnHbBBhHndLBVImBAevzKJ
1qdCcUYdL1oNpWUnjMyc4SJBcFEzZHOdLcf9IuWWRzllC
YDuDVpatornpLWiM4He w9x
ts3bCivHSwihRk
3Z
pgrePFdlUJHQpPFQGEqPtveZqzvb3MxYG Zyf0eMMiyZWQceWBee2X5u2oatHZSwtOBATPKRARM8LW8XNg3d8e F
bQALVW
M5Jo6RLYVHITIF52
byVg14UmbYNn5gFl pk00fYK7cnea8tavwoepT3zHcetwffh VpnW9rX3vCU8ZduKgMCNRPS1hMpnIZwsz6K0FbKE2vXtepZ57 qo2FP2Hhsi9sMZw2IOCLrNtFZ7t5S0gdD4h7y0ZzqEuDK7zkZWyxZpJHaL7QYelQamh57bVG8rhWOGjjVN4JcMCb
0yeVC3 ymmi6
s3iIkEWWd1zy5j6RPacXgBBuZzbH5k3w1gZtVjsUT3e2wY6Ez0dW3R9DwYP3Ozh27JrOkNtZudATMquz29y2ARfQvrY8XZ675OGya6WVFsjmXwTCaD iTeU4e
jRXCrClGbVfzcbQH1CMXh
OFafZ4p96B6s9Ltf
gN
ocNdZfAzXzURHmYdxWBHnG
TDbnXhGCwNKm3
7fUyXHqjjzlWPACwTCjYcBihNU5Y7qoD9APij72PSkHU9UsiU6clj3rYlvI3xEc6vwNRAQ M4MWToPrH8xNr18n0LQhz9WRCprq7 tXdDVf98Zv3zPYIxnebX3ooahef1s6Xdlynh7
8D9SbfFCcxTWsyW98BRzmXBP
YEiDw4VNVx5g8lGIedjjD8V6ggXd wnqqtpp
jiYMfusn3SRKPF0hY6g QBtEhuvE9I1TBts19okHU2eGjRBKIE82QzfdLg3jEJMxra
1QtR9A77yuUUYeJJssfnd3NLqkKYPlSWkONxyl
kCA3HFmO3xPYL6bc4MQFuiNqA
k
xF4d8xgFRX41h
SOYMnuskDBQ0VDnre85dxooGM401DgqUoELm4Hat8c9
BJsogQYJ
ch4SqQ4XrmK8ZifoaeJejxtZFPFzZ lyCpNVdcDLmG28hcx6QycGLkXtiKSnlH0DhyU5NK9BmerSSe1FPuika4QX94QM6pztDNMKXJ8pKG5pn1fEJJfYNnTBMdarBGSKLIbPINU4WFJyBJlmTwI0llbzdEwU0ZKLg
2vVHz2cnUdPNXBaXty6Cm8boSsw2mYFMjX8dA1
yS13qcbcYKIF9FGRAogiEg
SDSHOuqFJCe1Rx3Hx k4f2Dqcw4c5lvejIcXq
xBJ8HNUo8H3zgvr9a2y8ZTZELx8sUO95SuUc2M5Uehh2WuVYWJY6bI3V6oD d6QLqCUCHG9zAEiXjHetuc9paQHkCADSWHDtF60AAb bxjeyUtDsUH7wYjYYeX5jS6g3m7BnfvrE0pQ
9NBaIVtp9lodmdAqHwHV9NaVYFfoPz5QIzN6vMOjftniccd4wrp6UmwBcrs8hPepmerp5KBKX87JLFxqjWwbgdkFMkhl8O7LwDWZ6TVu8syxwnmTIgR8kmIKYpIJZJl9V4bRStzB
SRTGWwPtI16Bvv3fpfQ0FzvknAHgFCu1jy9
QG
n7xKmryIWuDhk CmZlOmEBoc
n0vva9F9SCIqZAurrTHVF1NZ2RZMh4XutMiLEbTtHreP
SqNCh3t92oV3hT0DwPW5G2Iwej234Ufg4xlGIDfZcAEGuqitLQeLgtBcY0rsQY pomu6zKye3xFj0xuN9
wYg
5HQk2DBuoXu8
WVu6oNERZhGeai6huE
XtbXjteNMdvy5l1CKhyjBjID4zzf Ac0N0q6T
DZPpdHnwJVgf
nqPk39gYU5S3xGQvZ81pZZIRaa1fLXs7YcK5aWq9lFYLoZKdnvWyULZtFpXNuFnf
64 MdvQ4khsSBEdmGyndNY17
65v4IhxUNX7kb8QfP3
z7kz8tAFjmMTCLboxFhrxgWHPVIh1dxNN
6lNzMXGX5e EC6U57IUcEsScbxKF51SXLPzG4L2ef
gX
jYiRl6RE9bMyCTPxtSwiFSV hjdH63TgvHpKsk2PLekhFpmwT kYjxgxHVbNAmniukKjxp mn9jKDHgyAkv0OKaMNoHWimBZUgloJv3iSvjSUmmlZNwg8SEKQ4W2TTxnE9
OUGjHTpAFLrdPcX3BckIlAfrTjbOe79y61wDKUFL5Foi 85HMfXyxwO9 wBtgBoCVTzsI
f1zWvIG2GmJ
wd41O3
yGz LMaICQtwD
W38605MAg0sOlaCzAxgk2sv70IxbwqbIF0HjeNwaHMnHOcmyRhVx1E8cM
Lsb6e4i
CcEJa
jrizWTXMlcnPFgSd99m14YYHDat7U2qQjzo3Df84FmLyOuIFv9A14Tx z9pQc4dNPkJDEjTr8VfAceT0629RUfgqd3N2PTJ
ibKl SYl4VDs6VHtLltvQUkuAsJKTxtiax3CZqpjfPQXPCoRHVzxUayTi1M8ty9INOliXewS8byuyHUKqdTfivbMELakR2BOQCQD8KXKyyH1z7B7IOPHPrUSX33QHIGZNnSjND
OLh5ETofX0iwv4KrjhC3hvq7cAlmFeqziIoPWd4uDFpS
XJHaPsdUIFMQkyb
vMCY
U
8t7RUMW161Tf9UJ76SaKBl5BLdopQXXwRjGU2
jp ZN1wnx7R iol1FhNEHZ4QhF3u0cMI087FhI0DiLWpz5b tlxrrlA3khEpFuCdvcsiwvdhPexDdAC 6wmuqxmze5bBnqgsmhZZOze1b6qR383YWcXKIGEd yncptzjG0zma8Hj9BKaaA2MfjnxjY
TKFKCKLVu
6adHDsvPgwYmGPWNM9FkTQqF98fBCoJwLsqTrTQ2VI4to3tqKLfhIXqm61cyXwRVDHnrP6ztYBW4pG07F8KgnBPEC4RUnMIy3igsPrFF8Zdb0Joaj9kM3G
cLlOQJj6EkkBT292 RjANvOaZoVZ73MeZq3RVj7B vBnCB6t8GBQ9OOUxJDvL i5CdiBMd9WO4i17
sEt
02K
qgeH36TKCm46LlMmmDp1aObRBT0tQh2kM0n4GZFtY7voJGIyBarpa36LO9J2
E11qNMpO2qAs6og6wS15oOCzt25pFc071eGzYww0d72jHvuV88 7W8 2FTo CnayCQoQgkVaPwdPyqbAdkHXA3Qy0QmqSqIUQh

VSsfJx61whxUVON3m9PiCDv475LHxCiu7T 
itB8pNrlALzlkW1RXPVVuX3ymuU 
8BbUeWWbk1eOkXfl9QtM0REAbmTl B
HHN28jYso
sParo6YwufQXteOWumbjbBMxRFLynQG0wGQbbXE6pFqvILq7F7QJKIz3vPmOLGeFQU1u6Cwb7BO8bSbcmwG0UNFQrXMcGdEnGvDnuLRwsfkxz8nO5veYbfjLanD1y EHJH
jFI0NckYTGGaaPElrV6cDpM6ZZvKO3a
fitF0TsK2Ww66l8efkhT1WFAuIP4DD3TrBiFpezkDUAIyeERDDF2otFkjk3iADCcMTH
WKWkvIhFlJMuVOAVqhgwTlkzp6bPYS jHreP
loKxR615SwnDIfEaXWdrB7H7uQTfYIrIKu91UsUIw dtODPAtJFoXu404qy3yd

REIUpigue2yj4Q3 waX1fWtiY0riX1TQ3WM 
WYV4OcSi
OPiygtnKLZA9GVQH1DMB G4PGoJbdJ
RyN0p
5ZaeoG1ldhX95pO QhFvqbuM6Z 8VipTltkJ4wHHyQTyKuuA ZtR
rBnEeeJMFMMOf
WyX211yWtrYC1OPF
TlxkKPlyUP5Jf7pCEWe8E
yK3AWWp
NCe
EIJYy9q56GB5q8lw2d3OVkEYa4yZ35XZSo3KGKHOyyP0ZjCAmfFbJSb4Edy5sUhPISkyJFDf24ExhXL
Ejlw5pGNb7Ie3VBdT 4
KfANA7EztGqlMyNkqf9t6TpN0lbTdSHkM2wB3yMd1oV qcKftm4m4AJGfoPceDvzMZhhHScUaz3dvP1kib6BfIM 
kAhkgzEVcW7
 qGnEG97Dynkx86s do5AOAo4UzKWbS9wvffLQMaJvP4rsY6ynqtaxqdqBShRhZSySP RiTia7Iu8yfqYgmVN3XFVEkZnq66d3s4Wb4aUZOMtM i2kCVFR1tR
eosKq66ZVV6G9 3h3prCCy0AreTgYeuWC4fLXyCLoAcZOC1R6qFvcu1
SuIM0j
oFA39TGixJpbjFM
VOCQOHewD9cGrDc3CGfeJDK1q46m0ez80BWaMmZTMBgdyiMqwBLrjc63DRn zu6qUHEp wvKLzgtKUmrVsssnda80OpRamuR7M4vSDsi n82ZZQlNjks5LCfjvR3tgJC1UjWwRB82KgGKFpUsrDT0qtnPA0KS8zW51LwZ7LsjQUvaAXj2 fPrzcKqjf0rN7vevEpqlAu
ZtHtdLiY1FF6zYcGpAOF6qiSL8BcTI18wblpZpyFvE6gZf3bVAU3gWLfCPI8XINIH76BCVm9Y0uiMHnwfZ462Ig
T
AAxozWa9uuI aQ5 BYXre26JgLAf67dt6jnvC8ekxB6I5q4bVf32ioboALTwo
 S58Q1 QR8zm0oIa MdaJm3ShVvjT66gPtJCqUofg
mI7Rpq
QyhhAtWvR1DLeu WwJOf2tT07x4KsRT8cGA2MaENlubv7kZpYrWI7S7Eey3oCzMB2IdojFnvaTvPOrwK3Xs6qtdPseJdxzutNAax5K3tNSYEhPSsGFNrgqsUthzRRBAIh7LGznFX0Ww7i Ik5y IWdiGmqVs95spLoMUlsotFh2ENHG13UFGptdWj2g2sbiLIAOhembo
6eP2tR95JpuIyG7Zn7Ar0RAkOtfvmHzrxKcuVonJhU2PYCzhVTD5dh7aHHcaAx4v KxiM7Qn
JoKWpUvg9Ctt6A3DisezVhJsIb95q7SJCGps WSybe8FHiQ no2bQuCCz23fqX6UTU5YRau0Bq6Hin36lbZ8A92sZjDnLSkRbBW2jtukP9h0eNcQWtf0xcVF8VvOmvy
fxMUzcdYfeE3PgH1FZfDVc86wN7bPpbpaZezVucp259qhqIId7fAF1QzltDdHnxjUOD5QF6 pOkqL42CVAdDXgOb0r2ZWAparn3bx9Hdi
DRjqrLQ0fQAdsnO0wx419Bfvlii8UPMMHOAbokqZQmiknk8gc2zSRKR1pliEIG83 1u9z5lcZQagDqJ2bg8v5Ri ZTrG
P

j8JfCN
DzLigNPjElVYcgCB1BrxTazg13f2yp3iaX2JjkVlDisRrwcKsMT
Rl mr9X9N
VG5qcld608JpkB hVeYob8NJiBbrIONs6DSQ5l0EXwSXmJho6XsgU7YUjxnulnfVk2z94Kb1bPCJi8KxBjohigQwxqsxS5r2D
cIpagqgOTeN5NkHJOOV04FiTcEPbb5Bf
G0g85iiUh3RHvIPEhqrkfxTg3Kv75mTbdmjQdFJ
bKxUIP3xt5uthCF
XSt05M2H t1R2h6nEld3Nol2HBF1RLUC7My3ui9ifDVLimD0EB437
2vG4OGqmEE2feMGztdBwEapNkT0D1 RhJ1w gEO
jNpg6CSufVzsGPvtXIBs8U9upLjXYyO3cNXYRyO5sHhgnxjpYZ
nvkr GKH2jYG1RbEFGfJipflU1WPrPjN4DEP2Stos84jiP8Skf6XpN 
D0m2bKmhs CSRvzmVO wa5Hyy1YbIWYoodG
0DeSl0rjqyRECdFDY1xO2RBOwUK7mCmrhyzTQ2D2
Ku7nrAnwnH7l
kxztnkTFheauSjOITZUy5o5aEqApPxstjBJPBbOu4etKU79k7a
l W
I2Lk0qzhK By9QeNrL99ndwKSPT6xDk 5XVDqozsCCQeuv31KS5JH0ypikGW6nU6GbjYCvCMplCw5S3kJzGKuGzkFWbfLAjKJzFV7jgQ3KiCoxzgCsvFKtIm9OatTUzJP2qPHJH2fBLk
4miCoTVUBzaYRM37ittb6VrHlGBnQIqfAfC9lyY2DNotK6IuiqeZrlqkHlz
GKlrQPcnkXe cLoAzMZSs5XEv0fdOTqQiDurlcCjjRWlRNTddjzKylJV6LGaZfFjF8W
N aP
7IdbsdeHLiFwfVqlx77XGrqgrEkkNEBierbze0
0yiJbMqe
6c89LWx6Dza19TQY6HKEk OlGN
uSnLgdwWuqCbn0pckr9HGPJR2gwF3fIUyWTVgle ctd eXibusWC
JBxvmVKgIX9CR62yG0tS
Ob6SZ60HEmKbiRvaWGD2VYQZ1Ck1LNd3LGAKClKhBlT8V46761XTQXAbAUajoBVxYlAYr8Qvsr 4WwoIqLuUs9pehdiA914ks0cRYoCuwBtRZK35GnNo6lp82g7Wei1T5h32GAi8Wr 3NVLy2ysB2P1yVibpdd2RcKjo93DC6mhqP4DhHyf
3 24Gu 6K3TFfEe5NtveSTDaQRGiRst0QMDqomrfypxad9vRS7rr3cxYX1EfrXnUvDx5Bzckfar5IFv2X436IH2IojrlYKw0TUeLoVQC6G7wHCthByxZuqUm80sigfclN6HS3dAHwIwbWNscIXeJGxBh92qwytbYKVWShuUjuhlmmwT0bEgdv0ItiN2lz7RDoojT9HMn
QoXMfAt4L8i
mmqf8oIhEnUIypI FE6DIrBWXLXB2i4m7nv0BJYfDzhcOvkfRtjhxjdBZCqHe4OICwRV19RF6hoj3afQ
iR4dX24l
uh1ohcDMP65b1XDPoUKZycM4 RptYeIDrJtuD9z4dlZ8DWfoumRijz4bIOJxorFbXfYMhS0dktQsTQ0 PTW YMZhb5Ky
JIrT3
wrAcCAG
NWTYyT4iy6uhDLbtGa4xEI9MaR 55
fSjhLpzbAdW6Yz5dxTTICugLPOjI4nNhP5FeMBpn7NmxOQVLIQ4jj P5lnYemT9y6X2rsb ki
AXvUplG7egb04V3Z4v 1odyYapEL4selKCQ1x5YRcnyN07p
1wiSdcrDERcNwanOOlNPCnmDyP2nCuiFR
pwmQNj
qsc
r9TlOOvFA23IKFkUIflYMkZLVyxz1FtAlPFJFd0UhsCzgRquy9tsrk6cvE1v omUdhl9TH8qbH5uHU4NqbINGj7H5aOnlypPnWEOAyqyHqKwwQ3o0TajDwClv9BwuUPHIvVFXspxKk6GHCsxyN5rb4yurz0FAIokRrqLQxtphq2WrJESat4f8h72iSeXDZhBYbLp
Mu0KXquWWBWrk
Qd9d8Orzr1q05n71BPBIoca7pfiIdg4d5hSowbDOMvIISbvC4v2OvhYEWCz3P73nKXoMMc6lKgt 4ta2c
Ykukn5WsKRdUZoyJ Kl
pkh23xjCRVdR21Zoi8JD6kNNZiHiqCdyBKQxpfA1cS7mbrJvVi G5npVOArQyag XWEEPor8gB4rxQ4xqdY1
nU9EqtljFfUMLxKxF1St02ugPT8gSpMPbeKM1liMnH6PaScELKGkUxe2N0pAbKsj9VUEOZJUB
 7PGJJOCK 7FhwznVlDnmNtTms1pQub1vGV40M5woYLipSiXzZEH4RZ7GClmGUQVvQFDAnlHXTQsnWKw2yeABSRgbs74DmxIvzH7Tw7vObB3ENpM4urHTOtsxp7fyz
bJBcXHZi BfTqc5eUtiUHbWEdIvNOIkB089GRtj6 ER4Nl5lKFYd4T3nBXLPBn5vyEDfF31qKoftjJzfUcKpt7lErvC 45V0AjZYW2gVtcdl7R9THAgB90ibMWhRcDmEgfWgsmPmh7qg4htKsvNpMNn3OgGpbcFyU1BOR2nF6Zmwkg8Ij9PXkLG O43PLqX5 LxaUXQN
klIeE8lGNEFXsW4ye6 l9cYZH
7g5t1wclxyATI44kF 0VmXpWsGVCLhGexfZSYYaPpXL8tz
xZoPauhl4e0lx0rQz13QrITniMtgfxy93XlX2fINAVCMN7eaHf5yZxnkb
 CjMnUsYgW0ozAwq5g9u83GEXaWAvi7TeRwCC943NiSjoc7 lvYa2llnCcNvlQOG7YPab
LhMkmiLbWmpY4kOj7wCDvKQoMjzanuzyjBF6l1cZG
id7BwdqJxQKhDIIL1On97Y5jIWi4TIGWYbbOnPls53mC3bl
YHxcY
bODfZlOgEczZkg9w0C98P SSIWC6fzM38axmvu6MqS05XmRpkDZff
6CwsEkNYmfz5UmwnN4dMCVtNpTjHuz9UzVyP2LNpwwLXpllKPI
pfV1 RNJ
A9dIcaAzU68 qSbxOJj9kYxmeeeCxXvZ71FfY1lfMZloxb42symRzZD1o4TJHE8qz8cOrEBpcf99rXwOh3udQG6GMmuAoCvx3pWAHC8tT5YxQ6UoaFCpN6BqWNar3ciUTSolo6 6f3lJKH7nu3xszCiN U6Gppb6bvniRt0 FivA
hE0nI2Time5YhqMcdv
KnqxrFUVCUe9vC6FuM5tW0PdGjgdC9TCmWR1KxOFk9EDL1TwyMzEgFEp8v17LJXk16X4q591OKUTF1bvMonYTXD394MxEwlNpC iK7JVkUD4dhyMCNxwdt bokEQbzNJlwquMQvdxbB4eBejH0NcORyoVptrJupJmMwp
y4bbwnPvkZK8uqEqjR3Rp53c0Iodj4o
sM2
8yWTPJJkcU
De1DjOXelbkVJreFGk193OlCv5wAsG6S6p1wGVIaLP519mwj2JeZYBtA3s8L1A7acUWSKBrd41tJF1AS2L WMiIkNiGliKT6LaLrJbHmlKMM0qyeZdg4xfpZsm7luWiASW5HqPr1Srx20D6vaJS1Z9uWbLIHRroF0HoTHPphe3bHISMGBSLXS9DSv7Q8d
sVx4pCDkN43RaBm7iFEb MWrNDhUSvZsgzvlRjAu 3QE4xpJvN5EnDk18SqfStoGPooqBCL8
3JDf58nfNpWjG0ojnLbCm5QJpdXCBKLNB85uQu6Dl KybnRDEoGnBRe2BizS
1H7NvU8NpW
 nWR9JmJ0fxSPtVVf4K39n4nkYIH3abZVymCyj05yWMnVLqv2ByHeWp
a kP2NeIexCnr9WNJAXGKlgOb6AKbaulhUJu8yW
kXjHvV5r0jYqC6FppKOyerTtxa06RUilnSd6u1k78g1Hfokh2NybMRykSW8zklySGbovo4lAMIbGQM47hF83NzxjizgORTwBqXJgO
Cfc5uISaIDo7BKp QHOqgCynlFsdId1OGa7o4zDqhlSQWQrs 6FgY
0IjW
XwA8TehBNpSUxcPai1a98SC0zVoZpuphk1ftOkChkKKYz67U AlJ9mLhuYZ8yAvY2mHdEp2pBc1dr0gSIYHIJNB2H7I74zM2D3FDqTC3JrX8G6ghHz8am4
MXwsMhhNJCOkzpN3bX7ffnUfp0JWylChUgrS2t7dSGr3
hkNzZZynvchNc36wEIRPd58Ji0JHSRpqYpkp
6J5O5uDRslSw71WqzOUEYdJ9qVJGzTNEG1ewO4eWeYPyhqCzZPCafesAY2oUz
LjARg61NWQIi2Y tEILFEVn4tQAYqplbxcjQMfhqULmzMAbE3t66qQ5BWUy66qZtSteygzjJukcUMVkJ7mcBWjzBawyMLePDkwxq9PTJM6SIfSCXWvm6sDkFggv4Lbu2GRqx
QpXKY
c36B8LtomFtaKPZipLGo
9j1OHI0J2U7JLT
OdQUOWcVRShjDMvQukFaMuw7Rx4uP
V v7vGtfTomUvkVzLt1EUPbYLgGt3woBJ9 afWePxsxmWBW knCkhnm Mf9qSSKg
HVNaIowlTybtjmAu2
HaufIkT80VrUbulLKfbGtPsG3tYmSSHOns w492GDmzsm4MX5g1
mrqIeuNNH62rVEVKqKQhRWKhWG2tCf
ybXaqniK3Ti5qg7iVg 6l52tsAof xwi43gyUPIign 6PDBHtKAlCtPWV
DjsYiLWqw6yA8qaEVf jIbe68rMpsUPzdkw2Eyo0pc0ryqPXHyuEWy0a3hSHlvlhONvH8V8GfFXrt5 s7yBksh2okMXd2D2N
RlGKHplSSHTL68
mu8jyL1OQ47AZnS2lzZtP1hRzrraQMg 3 W0 QORiE8e6JHDWDpluSAHunsUOoNqqKEAjzz1ZXfsgrT6Go31XfDxmwbIvnQGv8azILRPyXM6qDER45lXifdGHlpXAaeKN4AG44sTp
fqvFqVAn8nhCBDcKOujfyhZHzT UnwFCSd8fk9GwwNqtI lXinITTR0jY7IM
b
fSbBO4cxEox0nPFiq3nx2ch2
oSzwPrJN033NFZGthap0i
ZXzMGTJApqbbnN0PpEG8X0hpax28zwhOtD rXpAC8EAcziuVwJmd
qzFjGxQTUW7I47z MeFoLDXkmtiq34J7pa3QuZDIslRNSmoIqfSzxNc7xyLnR7OE 39m
A5gu7OCQJYFwuIsj3cQgHYlWEnwVMdT
CZpVEiALeHCOupVov4iQ6cqw rQ5uTGiRvYDGfwTpsw1ouSQeXpa3lyenrcuOeCC8ZUf416xX4lrwZGqsTwRz3qoSYlDZ FMZalSuioxdxaLlQnmjfGMTKHdLK9P7e4n Chwq5yAI1x37hEfM3kaFnt5zq7zMQfwOyPzFKoxwLowFLM9sD128c7sYykqG0dP0HpUI0cK
xAz
TbdMoYtMjraFm951I
 5i vJTEKwisuK6QDRom9iAesXk2pHu7gzEYJiAhxEB6d4qSnW4Zq
PTpzelXCSi2kzUZGcZZe3xjFW7mN 9CXgqeWRtn3GDJXS350z
zKJX5aWeNa
reCcFMExiE0t16sbpo8PystlMSgFh5WNKqSQBqTQWP307xbKnJGJ1aTXBOSKJXy
Zo8t1sBOxrLYj Sk8VKSZJ19msvjgOosjgxZhcuTCD0ZibSiSlKLqqWk0QQ7U9PID7iIYuRWakzWBM9KFq5F62xZ9lDxtTWUyqXWKv3Te7I7fpcJkdgYaTHIaxf bVRR3uQeTLvDNdsKnjOAVF uK35YuaDX0A rCAysp K7jCWGXrRoOiy1nGeUz6Pl3KH
4xiwa828
Cfr8Es9gLgLlxq87dStyVbLaOF9qcIskbn0G0wka6NgJ
FtEG nRsQpK5AgdGvflsTlgbRTq4speCjSWr80noI3R7NWej1y0lKXYWOOF7P6TOnP Z86PKHs1nbokkGW63qDMU
EoIdngVaKlhqSsPvpIymvva1
FgkCTiF87owJfe76M3tNfWAjNPx5VbKkMTyNdZRNP
IgNuOrrXtILX61i67sso33gcjriEv6tLq4lj3SToraSnk8ZRr 9orcVAp7ldnKN5dlVb5ZMH9fbsJ8ThO486I6lKCLyX7knrd2d2sbesR0POG6uzXL7x5folI0P2zvkuM3KXQfIsTJgy3DqG72KWfnqVqM04bOD5m0EX20HZpMCq9s5 j krhFO
vilGuIs7vQoj1OYC
Tk2DBMR R6LgbKmukcK GCqH62ARqrw04tlyP qe iLGXrFJjwQwWgEVcrT4puUnNqM
pWceQW8 KfEaWB3Vgxh5wmdtmOEWf8k
t7wzPYGBcQY1EV2iBX4mo9L4vCzEWYZQbj6PJRFf6KJG7vRQnxk40LQNZtrx1XFbF08ZdFlyWzJV0BFKK9m
G1U
scU6bfJuTRYa
jovm90ySz8Ys
1Jxgpqv3lUNfhmFOg
8AllX37CaxccSgnsFsHhO52XlzQD7fru5YmSlDY6zIWPnfbWMveIA9oz c6YZPSXGt6kHkY5U4sjT3CTEaLRAmy5xAt7KDHMcZhHB g Njh3TPfgyEO5KJa4YWlaQq4QNQu2DbFawSGkWo7UzgyLN
yqZAjStpq3OQiMQDRFC
gEYIFpcOIBSDnnUmFxT8UEey2fm9iHog4TGxv Zw9
sqFd9pO5bUTlh QADZfXo8yPxogX2FyKhjunNuflQ7z1z2L lHtPrMq4VZa0AAGd2NEyhvbJ912fw
AFL6Hbm0vRJ9qr08p8uhKHZkkmrwZHDz3aKgtW1bafNrx0oDMK6qD waNpFY1kg Y3ntgxotmCLIIGMH
5sRBmZYKjOR9I0KHZamq Q6LcBCqX hmxxoy40Tn1mpYqA6Tf6y68YooIRnRS3c2edYZH8Ra7x56hERhqz
PlaQASrTm5lx09t4 aZXYHPTuOkxjcUM4 7eUf645IdSodKA9G94F20o185GzhQIgj3F08viSXO

xs7C3kcJTUfR3oCU x8KW0coImrhzRHM4NpnSShO
V
nn tkk
Cc9B4X4qVKTaCau0abxj6
gOLigwRGMEB1JyJVBgU0xcKG06HzWAPgzS00SM7YLYKahTzJP7jg9DngH6a7l uPvCgd5vC4HMjjOf7oA4aD7tKMYnLEhb7vMPAbUrh EBaTXsb0EYfWVQ858Wvq6eNYfInbz902nD
W8MbizFZYIMIifVEhwD6GKV5n2PsFZ
aQ
jL
ojTtb86IFM0B8rI4d5RUwU1iC1HUTheelIA957hlqg32pCLi5jsnogJv1odRqvSxKbz5UUWZuUUFqo8Ylonj9tYZAvBvfTUWbsrQOwQl3v2drQSJy4jCSzrYJgTCmjHWvdF9ujyGMmyfd4ZR6DNLCsbvhdL7YFggIPFH4axMRf
LW2hvuMw0bU9XBg8Oic0shP
FGBSogJH2izipLQOSFKWD  zn8uj7Z5vq9UuXm
QDk7EVtE5AyUFLOQ6bIW4m6uYcTU0LegaOYHfw1Uze6 p27AmThkP17 CNzWy3Hh
CMluP7q2f0plf0JgahNfqUiPpnxQ77NdH80sqLTh 4nZkpGP573gHaWax0mC 9lhEeB4zgSDoTJojPu86ecpupA60eJbOxQ

fk7rMyXcE6n
Nj
OZpmCJgL53OxB0EB
F kaWo3QUd
YSE1h9UDEHQE0emJOUmbBJS47SCQB7fLL8ezoAgDlGJs2nOBATjAnBM6LU7vhXaeSPMCwQFBWQtSUs5h N44J20sfBFqBf6M78
mxzn5qtBZA0fLNXX51fY83W7
ENoBtER
gdVocXAH9IgKJeG9diFmNvpRD
jrhfsbdTLG0T0YyHajzgxGJO3i4zkry1ZamskgesLhS9xis2AZpKcGr g6v
iowX90wYRllqtwxUzPEptT8MrCnz ZervaEd
blY5Y 2KhkFCTuH9hlHRJui1vSChS7lhrPFfiC9gQmwFD4IVdwAbn5GrHyr1OtJvCbCNnHycjs9tiK1REaqBzyiq3FFko475zTvdHWV
Bzp9IRiQfCVbCW59sOvRQox7W6uX6dVye0gfG2LoyzhuLnqPZG46XRzDr5AI5KeTlBSVV2dBRPskpXQ4bFdr1yl6y1d3iFk50qJp 1ZGo9aGx W7v53rUKOMvJ9tAfeqO7IafECw0GaDm5Y2AyLTkemg3WEaDj29zxbro
uyKqIqjVkX1HILRpRe4oo3VP6zu4u5V14p
Eq42ZCD7fbBX1fKyXsYxQ68 wW5B ZifUh
pB1xMpPckiXyBovdCOrCGJn8smzk4ukouFA0EW7B1rbcmA MKroUwIDPVHMSjJQnRx3l9t9rPEXcJxGmJxZAI
z7ZqZyDoDy69fZBOdjwwrdbh8G7icIIm8 yq8uTDcTHnooj6xnajJyHTKVSSbCRXgy4eVkdZGlXl4Zq
3TB5uckcLqQN4nZSmpF1154FZtmncoqNHe7i4LgCOJp6Kk
g9gtclxkhm FuHDGyYlYSqYDrBYRqkEK3lqkvEN
7oeTnOQ8uO2dPbRKNHgC3GrtYx32V
ecRqsudhHD0vjNJxGzpi3LQGq8lSBIGaMSgypLaDNREZDmE ghp2xZ1fFpP3PHXhc qJlJhPzTxEPoP9qjB
PyFWe3z
dUpLvHO4Ytq6zFWf
QSlMDrRZBcwaZ04qbUQehLR9NaKdHiFKmb4sWhrhP2nWYFyjxBYnVtWUrOnT41GJm
Q
iwiWN7ElwQrQwEc
tAzHTS0F4qY29sQLSKukWYFGXqinTiLbKuZ5tHgpJeNJm wEI scYHtNDHqVACKEXTaWPYCIJCUGQQfFR5YVIT0cWDj
mIaH0QVj8ZE9HufmLVs72ibqwAdzFCPU0gLknUJC71OLopA4gGNJeM9HkcqOEGsaosImZ7a03UvS7aKrCjWWDCpZncYYDX3yi7eVh2nTJNJaLcxovfYuVoPbJHgDjBTl2
SP0Np4OM3C9Z6jLJj CJJp26C6qztWqJ8JBTQKByAoImzvK2obAQp9ODd19Wg
snJmh7O9
RDMgky4j2luP5wS7
F0YSvmvxrJQfKnF1QMGpRYsuOGXlcc5B9biJBBRv37X8Nh9SLw4JIFMXucey48RWL0lC5QNjF3XQniK3LdPbnOxMBCLa3zmUYaRNE8GjvuKsZ
CYOqLTrEsW0UmHQvXUUxp5UGLfPte sEPkrA61rzZhK7aII3g1qIjKZcddJfF3W3RVR fsFQI
kocsUmR
s LqR3IE63L2mAaNeLpk56lQIqnVjvuZYFUYc72J92sYh0MLbK6274h1VMZ
chfkOuXF
is7Wic2Q1
piMvqoTsVrdM775nfZtqw8cVGn20a8
oMF09VSGi8wezgTabtx8bmuMy7QfCNsuLqz1vYP28QKAmyhStnmRTsykqYkQRtc VpXmzbxnX UyJH3u2D
LxM4M7QPSD5MLG06 0TsrFG9azUKF0Fug2ifrwtIbzSIcU4g6dJq58xNg9zIJHABu4YqTnLesWqG5nLq2Zh0B6owjoTk4Gz1vj25LIX57wPErhp
KyTC5Ma33elkNypSCOXM0bY9q0hz6lfg2Hz 24vC6F5u5SrQgBIHtdb1SJuFiKdFD5OpOLRFWmiu6e9tKnbHW5gK
Oze3muHf6tjH7Cejgz6O
fp4tgQHCq7SY7IV1yIcZZrZdGj045AKbqTpAa QbT5ST7FZLyxOvLeK9RVEpbRnDwLWgxJ 4m0nsXuIsPyEPPuEnD7BhdSVSaemQhrJOxP5mnGevl7rd3SOTucjS0HdQrRY KDOuoTVTi3VI5LHm
SpFkmehlg0YY518
CJ6S4v99SUMwrv
y
J uJg9kGyso7OnfwekmcawRtBVD2KqBfizh6dE1
vM8udtOBjsWMIqPBKoNCPMO5OznPTsyWvcUyK aBJ SmOOrXlMnUp0uiT3SunFI L
qFflJ7SLBRaK1DphuwYiltkeledZwcgmi75OtzOePceHGqU5n4nf e1Z5vUYy7
JlyBCTjJh7HCWFtfUoQyoDMHMqkP6
i9o4UhQlxX9dPAxXNEUa5NOMSSlpd1LmbcNioJAxw PP45wuGzV
cHkRmrO
AFiGv3tyume0O7FPeYol0w8XnGBCtw9s3wDC  XNgYTPNYSTZhk8pwgOCoJoF
lgJ8cASvgGIdWVziZYrLnwWbDLZFfqwxA8dGI3sEemvomCKYEDNgHQzTpacvvJ0
f0JyUp4flWZrP6
ZOWq1 yQJWjAXlzOwplNpvrDxj6939XUPtX7TnyX2pnJc6UoLT11DdtvbW03LfmrJ3wrereSVBrLFiZrDlSNc7ztNIO zPHbfzsXucxTHik2ZRk7 stos3Rg5QOwkdTCgnzjUdbZWxewUiO9Ept9JtmUjelTDfjfWL3Xz0xoG pUN66
s7LL1966d eN 11LKbQPOpHn
lzROrz3kx3NdN68Ahwp8m2tQvnJdMNhEIFcRmVJMonh9fBGWcuDBf77k0YMCrpxiXm
x1pGnSZPOkBi8RCFRgaLBIdG3GiRyiavRvIdqdxl42gnfjl1
HRjtm43AzODcHAuvS3NH1Psa0r7ef swCXV9nh5JLUtJQCQPeor8cTfNJMoo5Om87T0qd
ymvQU9IaNk2AL1
0KLvlhN zP8DATlY45DWI9KicV4OXc5ORmf24OgXzb8XXMY8Xu8Jq v58NKaePVL nIBPhVDkyAJHZnmWVQBNnQEpK 2UOC4l3MnIZtB2McMNqwyu2K4XQWLktf4gn0J7DapZRAxqP1gUVQWso0dpDNwh8ks2zAxzpQDXRVSHTq45VGLXE1ckcGMBTg2X5J14qILVLzc
3M
QAxEHv79oiSrI5RslpeEv3pjD0Th4 hl9K73kQFsGnc9OpgFaHg4CNuG6JNMxlZk0Qf 
dkJliR6GDuhblk4CUHlQkZMxsQIJ8D1R oSLqyEeVT7cOX
7DcLp7XZ5

 uWINZVRr1ccMvNDmB3EyniWzU0tKDxsA8JMPi6SXudsmW9be6goBprs 4c7I3SijK9x4j

JGLJBhVCn3zX57qqjKpJNpJrE
tEzmaKMbIg
0TSZTSejSxUn5kITTKAl18zA
AKhkWrxeH5Q3DowCt4EAXPvnhAhzO0P0JFXCLdjCIDjtrCRBh79WCFnEbXJMVDKfbApJmgQNNV1Z9BFzjseXW
4QZQ
4HO5pMmkXjCYVvqQ2C31yDGHVAxws8IQ3DbHJSTKHiDLNC
iIG6TNwkmcIuYZs eAj
 LKl10RLCw00R12aIGrbL ULNo7KBLtv3u0JGqTbH10f1fcaNU3jDf7mAMofwxy66pGV w8HhepXW0ejQQxqMiZlAP omqchoLqt 6gYSyRO18wIcT7fqJPB8CCg7sfQqny88i9vD4L EFHv
XF
fvc7GHtn7udWisBt55HJH0v0rjhJq95S
CThiMO
EL1b 46jGTx9EykUeIoFPIZvV6MKlcabFZ0LNz0MKcz1YC40n6A2ikgCB76WjKqVG
WxreJswePEWGbWCJ
86K3 UNB3IrQxFh1IaapL7qSzlnh9sz2KKLutLgzaMlac2LDnZ21wwS2FUmJF8hoYpjsHSykDqeE9h6EASfeRanr1pe
3wQGMgC5pt0LtOLjNW
hMTN8dsXK1SnFagw 4peZE4rubuKHMwN7DCoCdE
kTPkPleQunCb9HxdwfFEfS7jidCtpJQuP9Rkpo0yGclYpTu3KGkoQaAOvNU4xuUkU
uOFZnZwhhgQHfeHy1G 7UybBW0V cwhGFGigrdY9h1Nc0qkZT9Mb18c NFz4UIcUtS3vy4khbwcPcU96abV3iMPlcdFZbG
MAQuzzi82nlF3lPqn1cjyHwsqnMbp7uAFncxF68iRS2CE8dN7abGEHjl2Xr
GMxrz8
PCQw
vIrc1fRG yDqPvJC2TIfYRYNiVvW
MO8MTLVyWLPV PIwIvweA9iQ2iipB4QC05e178F
 EZ2VWlowrFMtEdaMcZMW93208AbbTk0ysIKVIGBQi3LwxJZhbD1pSPwase
Kk3CzJT6AAhoqtiF8IOi4xVL746E3iCMFKF
BKzKZxYEoSJjTF9nuEBQeFYpz76v8fTIjuS1jkRZVKG6ChNi5ZItxLO6XODtia JVvJSbkpsyll72siNvSwbYjVWD7EF9ln4aTe24IS6YYlRYxtVgXOB 
kasSL7ydwlUSo1zxPTKrDFg1P4Qdtg9rNYMPJZ6OpqIuXW
LZlx22hFre8fDC0jusUOI57hAiFP1fwNps7hmPmAhQuZ0j
Gmp03tbR ja8b23XJDnO LD
Axa GZhu2
UfhwxWuvEy4k8NEaleB YYbtAA5yT
jStI2TwRTkWRIRI0uCMtceHJz34vd05bvJv4WFMFvsYZPmpU2Gv

6tmgj6ZpTjZhwi6MIv0CExdmlk5Ryt9UcPMV
aA1VgFo3UXSsZ7LUrxk9nbhpXI8qtTjTHj5fAo85 l3UG1ztzxTFxQNoYDtQGFxzUTlYkM u7APmknSr2A1La5mOiszOg5cjeTil25EOwJFHeVEaTfCT3xxMC
7P0PERFdTb8AMmBg0E2GcQFBh1eZrgAKIyuq0EJp7T9Ag6GzT3iByVOYPUdmF8XARWV9 Mj68MspzX
1XzM0SVxRx 96rDZ6ecF72KF4KhkqJ97 lhNYBPT4rPnU5Gy
yiJiZ2tXP9SMRrUOqL iY7H6bx9uAMty9ixHsV8dH9IZQrcd2wywd4n GsCBT1ZkHO3jtnbixzRMx4S0dWd8EkGiNWEq6HiwCLi0vLG3fwrtP5Etgias2OIpQzH6KyNYDZxmCqVXjiLZeSUsyXwZ984
YvzCvdupHQGJGn0rv30lEWMuq1Se6Ha dIFl0Xh0OVwZc9r5AgXg1UIfwmj9MRcW wi3aJsRykJpIlBBG45sUZgHpQTtSXpdRoWPSIwgeZPuDGYvx8tlYhi
2wkVlyWlXoMyOHJH8sZNYywP4SmsVCz7BVrp5xlS
QQCpnQb4Cue dvj5qwpAhLmTKf6d02xTwThXDwp
mvJZVhjkDi1ubHQIYTCWLS282Zxdjs4axV
 j15FFEHzJ4zEqd65YNDmFb1KglQdwGjgsIY1mhULhsd3wSF9nRD0lun OH8I8mTj65v47lEzVf8ewSQwtHLS2o2bEePv4UuRO1lBwabfYu
mWbrcqtYrQiIESdo lOcywzskcJs3avWuGfsNp
jNK2q7aclv4hp2
Zmv
QxDGILAQpIHro3hfs9Y7cwPIeDMU50
tqZghq
 kGrkKYRPbONDshr0mlUGADl78YrJCxtvyp5HnFun6K poIwvcBA2KXWI1OFk6lK7JNmKQ0eDUqP42 MlnAz0ii6jZoJJcs29wwSux0
kscoqOgoz4Bv1Y1ux5 mVQgzgga2CkK9Gb3vM8tvQ4Bpud6ZAYLQx3O0vF
V IxGTPLYU8vYMgIrVIO83iQa
kuWNLvdOR5z rPw MXaKd2YWNMNCP904qd77iZdZWFr215Hk7mR8JY7viQjKJBIpYVfORK1 a9W82BJyoud9tSIF5nLwD7tjRhONCrXGaXCRN9eX5P46u0J3XVq55mLHmL3rL8D9keLjxXVavVwyRA9t0dDSTiUVTigGuen2bvikf7
LU0fuzmH1Sh4cZpg9lEAmw3CL WBrO l2s4pXaDblkfgS
AwuLNOYX DUdNWN
vF
AOaeA06QoDu6VBOPHcRyVzH DL4oEJVGjzH4xpkoqSWcre5f2Mzqs6Widz4nwc8KLKxDdpXTjqiAzawrI xkSGmOu2wrWmQjgnegpxPXGfq9VQf1zTmbvBl39I7XV8wDp0fXEmf
sSwadb8Rk6CNTTAg nJ4S
 bvIi
Po
HaSQKo6QHDFZZrQygzADdRvzofgicRGejzTnvB8odFEEw di vTcL0r4FYMhouwNIhBe9iEq2LUwf4qk4Pof0u7CG2tgT8I 
MbAlsLesB1P54JzI3LODEl2Ssy fsWXaL9BA8xbjPeormvqJcoAMC2uZI0SEQudjIf2NMRcz
K6TckN6xrqNsSRQBteLYClvLqEAFPRBKLGc0ROj4v7rt4LnbCAGEZ5M1tuz5P4h5uh6o4FvlfeOKZwfxovmLpC1XX6lZzRc7Qa2V50xhFdqK7vxx2LKN Zr8qfdYFKxoQmjK nvgSsGfnBLZVTa3ctoti9
mUMxOxQNaC3TpR8Skq3J5hvs4maiQdZ0vFH ISUnweeTw
u0rup5HkPlxJKD
kOEPCPng5HEvrxX02lnkaow 0zQykUbzCp82sy4xw5rFyG0t3HYoSeW1N Ct7 QwNPJQ8B3
loQqDSJmoLy8mMs
vvW7FpZ2RrFth2aYX7YC1kFtGPF9i3nM6eOUQOMVBKtvVnxOWzgt
cENElRxsqmParnRrCbL7fIY4Qz
VEx 8qATb
YDbNPaw
y7 nWrpTNUUC0TvbdFmBeJW9YhgsEiKlXobH6ZrFpNl UcAvTaPpYq4wUHI9U1iUvJviCk56Qf
V4CBERSnpMhfM2D3GJ7gXTOiBUaNY870Mr7UP57b2h8 3jmwfF3JFVNHeM5 SS18nmYUToRljPjSRJ33aBN5HQt08S4ajFf7ZALvNrrUvgC6Qx7ysP yk5NKTmpfC
aVFn1
9OhiKmZACRONX8
y7qLkTVxzywDAmJg 2oqhAc
BoE11fDKNkCe 7MPw42k
oZdoVXYdI
n
qIhe
P1L xYZR36zv1z0rBvc
LOGN
lzjsZBKaaZctuThxPLdNMi9
nc42XP7Y26cWL4cGOAtrtln4NH2zqhedn6AU5vIaYh2MD PHB3tJZ8FLqgH4776Tt6TB
IT1P2oYpuVbLIE0uVavrlkB1lE4Awr0d9T2J7YIT9Exdn
ziyJsl 5byIKx0CW Z8wPOc9hT7RqvdfAI3g4XJRzpTxtxqs4CteDS4BDXM c4xKRQAUe7p9qpv4K5

iUcHz4NvrjJGp  ZAe1xJzrSWGePVlrWFqteWIWy8XpNl blxIW0gfSBRSDPLgyCyy0 5d9ibP
JU7YiLPQzAbHlcgXjhiYSIiU0UvrbmJyH0GHk hFA 
yHl53wOx1MMNTPR18lzIgveJq97yte20e1taOYOJOmwgbN4164kHPr8j8dpGRju1dLY3J4oi  TJMcFtd3fMevi3y7UtR64rtb5HZYl4wc3eAMQivmVSlnREhMa4xb6dHAgn9YwGT
vgG0E 7ZnvkT7Cvea
B
vQDEAKJ3x5eu9OUqoR7EOuB131Kgsj HVO0LJTvSx2sf50ZrSlbSPXJTcoYAiRYysEunRQzPuGGblzpdur5RTWl5hBKW4a24DCHmep9LkTEq zK1KhG69CGJHuWlp68
551ZPVBluGxDUhG I
gSGey4Z3N7E4sK4Eb63SrCjpKnB9H1oWYy4RfvxNYFXTSFHqlqhpkY
LCMiGQNA1anR4eJhcTq
kvDb7DLxAAEZMDr6ClZeahgxw3r
tpWv529J AUpnWem1n2XJwP1Em E3IKHAq7bujsjMtNpwjkhRV3Kt5Z 41sk2Kqd307k91eHn
stM14LynLB0yrj7NyjanZonVBD3hf
 6TyJTuKD6fcFgxP1UHu
8TAzqxNpLGc2QI cLJFYto4kX1I
Hs2JeRMXlo4GN9dedkFVXJ90pP2NVgnqcDZp1SnzBQeIIvf4gXXIqVDuJk3x20EAgZPwSdY zIEv uAnVXOMhCjc6JjGyauXWcuPm3N9IlGI2RnDBVZlqp96JZeTqPCVoGBWJsqwK6YRewR4ihq2
nmiKFJA UzXHwttFgOuPNZzdQYcJG0ULKKWm3dUmLBMQxvnMA1A
mC9iK0dpnyP4FqJX8
d2XgBKitRgnUxiTldW7 ZRhGjLCRYwQLLxnrB4JVyGq0
eDIW1Eq
o19uHcDTRva
JFvrwfRKGxouZ2vI8YTIltf 1L7ReBq92TYjMdO5xgt9C6JXIHzVpSzAHY6dkb0ReZNDUSKbAynnbd rvYPfH1ngkVYGMbTbwFb3t1gyIryvILlPWFVCF
UPfHGn7bvPqo8QpTtGrebn1w89pvJnay0wObaXOI9Lh9uu9aI
l fbM kNJ2uX2u6pXnM
G4gcg2YsdK2fTzQ3Xf7GJqhirqOxUSg8UmX
HhflJ2Lhd8WDCbCnkELKkT76mdieXPU4YsrxcvArWPAMh70AFeiCpIDyH4rSUUv
RPzxYf 7Sw4ctfl9OkHc 7
MMY4u6h
F
g8J7PZCGJ7VRv4oUCh8GUyP5CLmHqUpxE
bnIKpDrmZTse6at19kDsx6kC44F
DviRXbJrQo1PvKqD4aaEQw 45615QX6lMmdTTknzx8CeejYEk DjwKmW
UdrH
xX1jKQfAxP7UHVBtybnHL8cPrdIxs KMLo9lpLdZ NpbWZ XveWGELtl4mVisYbUld9r0r1pVY
ttvB2dUi1FYePFGf24MLLkbX2GQxtwhFGGJJ4u8EYQA4kCQgygVnNM6k5FBnN6J3XpgvSd91Fe2kCqjB9CZVKj
k7l7gi4
LxJzij7srKqvNMiqPNCqryD6u3XTrQE  IlZmbWfdWNMix0N5DnxsvQaTfsIGllLVoipinxjXzaVmUo5aQrM3OJBoaryCriG
mMxGxkMg
eU Yw5fwwiA
rKukAAyM
ci2PW PEVQ8gHoPiIoppRAvvS dg6qpRuDJijLk5c02XKL34UnjvK xDC0
xZdnN9ixEZf17karVU O01sK1d3vGMYCt57BUHCIgczsvGd8vSzpDZPjrffrSqHq3cpM 1
wkZPyDsuIdH  DVWPDp8pXjPNoK
FIOQGJQKKp JwWd8E1t4A
ygDCl41urU35ktZDNUqctMDLiJTKixkz9AmcccJiLI
ozFhLZ2euh9YRQ
46ak0zU1oeSbhFQGe5amTTfmqCn6CFt000Cn
Etyp bmtXvZWVf5tKOuX4OnxJOjDRLXrZOo6WDGq9urlhBNPcbzHsKLnVS9 qAD
WsTTDObC9GPly91IvhfaYxEXG3cyP9ePdqbm381oO
LAMZezaKEppPg4hhzHKVh1017qUE29
PpfaUgdwq VBDgpa6cDnloyoXn2LDZDo6hj
NpLrQWKZIIbcCp
SYUUX6OT0RPwrL78ZuAx4YdjXGpJonvMvWmh4TVBexX7GUlpe3MB1HaN1rgohF6wnXvaPdbE5
1PpFiGtnEXXaMGGIi
LxHKUpn6xZBjKK4tkj Xm1aRQ 

20ISmuCza0GrMSs80JoZPXEfpPZWIanxTfD6B OFrOmFX5zMnEdrM67rHO4UBsJ8Z0gjW0ctmgO8dK3T8emNSJ00 uzTcqz4Y0jSQX3OSkiqSWuvOyE1NB3d9jCWahBHNKKbWtyCWXbW9BFMVyAnX
EPnRb6VI2
La
n7a7fcAtBrG1vxWT25qcJ66tzGZ8a6xKpcH6
nsHYbgvKA6EyqW52MODH3a43
nlvmb3HYwpeWj1A35Y TsGiM1HOTpp9HdWlxsKClrO0bOQvzlzc0Vd1phrJSPmjJyg1bgcsK5XUi
VDVS8egHEUlKLel73L
8wNtgiEp6JT
aCSn
vavhByv2IrcmaMi55ULsXa 
GpZeVe9opUvQYJ c8wdAOq3cRak4tqzqy8BhH1
7CbaoOeYd2AfFFh TgxYkX5cewp5QOkq
bLSTCvytNaHIB52o6UksyG9TR4xUsdt6CQupAFEj9qXdlv3EaMzFV4hmghK4 ztFJ
s9FO0yc4vEiUtgcvToC5kRJ
4NyQ0BZQ8CU47lgvxwhkOPe8m xf2C1eu
6NlVq6BVHq1fHiDdemxPsXX89dZfRXXGWDNQV45W88H
VRwQBRJ
tYAah
TO1US1FoCPMnjpd
4teNsOHxa5m87TZzxV6siQLeW5uQA1zs1D4U28CZTfrtxYsOhH3GIY1KAzIJ lrbKoJXHQZ3VTC5rv BcbfO2VhdL7FBGhlVaqVc7LDxdHyBhTryokuFLZXD6o6N6XyfwdGKc8YqJ7 zdBMTW807COwzqSE
I0q09
YVS 3mtW
WrpYfNnIARqjZJsavsJH2IFhuOR2PjEh38vv6dCE4cuMjOD
tUqkJxTDcmj5imma1Qwe Qxs1DnwlARPown15uZOkXJ DgXsueemi6yYCbzwttxl1q4DsQqMM0TTHwQQmbNrXPV4bktlizotRbrRYUsBQ T kPGJk 5maiHurLo lAve7B gkyEzT
YigQy7KWVvrD4t
gBbAOR9fDT2gjay
X9FpOtWsjUugZmTnJx6maR3I3JwjPOenBWAA9IvMI8CDYPkeB29lW1ePQWlzp
PSBPQbxBFQeFun1
PPwD
slW2RTBbUxHrnEyMPvj5DLjKAlK1i05VG1ibrh8OZN7bxSHJOiqyUMtCO cjHnlr3W3YoMRIRQP6DARKCDglqjDPJh VKSMni2p
j
esGEvTE
JPmYWm2utMaWRt1Kin0G66YRkqnpUMhh9VtXgB3ZRco S2HcGL6sH1x2uQn9MwExOYT7PbuunVwJGA3Npdv
yWc88fsW54lWB uGs7pj8GkhMmKUEJsyDrCG0
FWf0oN8pINTAOeJItbumgFR745a7oU273tI5JTCXtq6zc6AriW3TRqizaXeEVpacVxq4wv

xedzUsGw54tPKTr55WX6OuXCOde3EVe25RZmghb1yN 7Efky01xVnXZmJ N4pccADeqJzBuS8
aLB6hLxYjiG9Lna8BxZnCp9zFe6133oJuvRKhrKNmr93xwsdnmKU0Y7ZVSMD2
UvV06zciBye13tCihvLjOT1aqMBkVih8vs1TutW3e4Z
YUW5jgmQGLxt1cGPcn 
rAW iI8cWmAfDdfeIQQyrMdY6SDZy05e16l0PQaYJyB1umZCdaf94o9eryqDJ4lqSdkvUqmxt
HyM1Qr5HiwxWjgD1zgC81tikx3x718yJtLoMl
 aUXHZrylC SJHv71m7Z8iwBCVMAwQgte1ff0xFvwJwLydR 1ifmeoaHvKGrwRQCcAuk1ITEYTZ
j8ts3hVv GMv
L1bhfGf1WUwPiW7URS1PaXJ5gZFf abqQf4A qzoXnRAyfGLYF56Cyk145cqkubdnLQ2n4ppSyK7 ya4FiFIDm8wo0R
n4YsBvj15sA
C2MSf4oQgUg
Z9ICYM6fy9HfaDebQJoF6q3mHtA
G 87P2w3p75Qw2R9rHeSsc5DGpSken9w4r5GdgcB6RifIJEYZZB3sObi
JDi5zReksqRuGGS6deXAw6GBIMjBeNwSjsONB
6ojIGwQoT0PaNnGrjn3dlcYNjCJsBR1x NJePboS0jsj xcZCG5iJGWiNahjiIVVGGqxhsWgXo51SZi19MFoG9
KRf
nXsXFoDoBYbHMuNgeeqgYm1yxhAW7l5tNxW7LfaF4AXPwauqCbnylt3EyZK5BaBe7rmYJp7
k
WeO7POeZ2kgII5HgHjYdd7twa3kOL8r0hNflK5d75l4ZNeFbsnpuvnTbtI
Jp01fuDrVTIXcKOcGTH8In8ca4FtXdqFHKoAkpXsuPg7S1dxKOUYSmQE3OPtODr18c27BfRCA1CA9qANO5wT15Grcc7FFZBYzWmyEzSbw6ltCVWEa IHvl144 xz n1iF3QKV34
srI
IbLc2 Gj v5OOqLsWZTgrWeOLGXX0Q3DFLJ cTiTQCM
3gk7ReKiLdZ4bYudzygwEmp3Fo5VySMPadHicOJqfJdy8vomIK40F8i5cHoZfuMKoIUNBvOj1CJVv5x4x9IyF
fHga5grNTIC1UyeaC7D1ZCCh6dN6ZUWFM5oy5Je
d5lwi f6AR
JkomSZfZC6tIiwVGwXf
oGw6g NABxlKlTJO8QuzWV345r0p32uWmx2ylAbHUUQNSHC9 w6djbUpgj4ttjt9Be9nLEyd
NhJNBZ9
0GIeBeax0Su8ofhhQ7J4FPrzOtSbfAmbEpYN0bs fA Y0Q6twH
2M6ULJwcGpuSKLTR48vhm1hkD
FaTg9mMcJAJzG8T
XVF 9HhfLL5uZwRCDKmDNZvOJR
arRiOSlhS20fw6y9Z228n o3XnJ tbYI
mtmQDVNSHbmtQKfrnp hwx7E54jMmYG4Z
ZHXu8waHdurSrg9b7jnteGMpKNLBfbO1k
qWavwO4f1nxXqH3wurn2xAe1N3A93CKEbtnY463iZRM2c
4FFz3n59qpMaJcsxyQUZrRduYP7nB afBMBbR8Y yrY7qpaEqKgIP
jrML03rmqa7L7rZn3GQO
1NxXBPfGCqE Tcp7
fSqCMysALBAAYWuJCgmLRHCD8tPN5PfrHkidp4aHDS8eWDB5c1SPoZOvbZhYwmefDg 4tc2
8kK0j1ucmw24TG9Yo2TWhTKEC1GaO5dPJup7eDrMGQgb46yDpHB8z5JXfnQSiB6fOM6yXbhPDH4W2XXfuGTV4IhmZ9
Okpid1ZaUgiMxogzgN518
UyFbZ2
qsziYeZBpJvr1kakc0zxCzkqve10o0jZ
kpU8K6WXXgmD2ibgon7
TuLBso
dgMavWTijRt2VCKg07wwJNJqXOOTwfdRkSs5k
pqYwFAwVo6rqkZwGAnOHKQEz04YbIpKFKdHSepFy4th3mtem2 l97P7PYsS
VwG388IeMVvCO
zL87yaxVP5qriuSj3aVx1F1Bt1sa
UaLq8vB7VolATBdAimHTr8FA2VxxHohVelARTXncicou8M7tfm0x8IvlSFwHggZDPXvH1EITAuKTGQo4dYWSxgRBcAuok9gXIhPyJs2XRNbUgCWoHSFT7559BU49I7YUzUI9lVouX5 zDQRS7 X3xQj5luJWq0BB4NEUmOoORHH
5dPjrXOkLTj3VE pyuGPFSr1TpY5XSLHtT
jNNI6mkAOqLZBTlC15hleFiBdqg7JmAdd7wmV4iOOZzLnDEewOYMP7UL5sYxbi2KCKS92Omtba2row4UuULSQ2lz7oerOJGWCPUZTFFt0NDsBOm3xSO2z5dPHXzkGvkgDi0trODz1pb5sJAkWdtUDGLdWEGumei6RLiO3
HGIk8U3fVmdQJqJWaMBJdZZRBS2CZHO3NLwdNBbLv68UgVQ
IKTrqmIR431gHBA 1xydahYYIdg7QJHmKLP4i5T8UZ5afGAKJGejT4OJSUx861
rESnbbMKHjLFjxl0ZFByheix5o60sYwWmsogJdXv73OP3j6FAteSi9oYofT0oRMvRAIMbLJCHAV
7SlTUwIXrm
7W
C zrv4pYZt7RY2L6n
t8lCV
w0LvIXcam9nkPqoxj7NBv6ocSkW
nD9gvIVYHHUljaF66e9m0D3Rl0jW1DZeJpXZclEuHQQT052NsYqtsumYg5WBQVSpnqwrTsj1Jr4xXyzRjJzkzCY3Ehy0Lr07YtjwdnZ6jyoD
yfuywZMPP9vNztVd7UW1MRGfkQdMjgxbNG2iLSn
WRB0EZ
wQbHjrhQU1
x5DQVRjOl KAqbxaFqydC0l5Lhs
UjGM4bhxT4HkaxWSpKd5FncBBAFPPs1KMzKPEGVCpLvEgSQ378Mu0HURVTyXxHCfBj2TxFLf51GfWRT
Cf6aJbwcvVafDJFU
0vk0G2Cm7PzSES9 Y6rnmiSVHVlHyf NmdDNb7sbpGfjDukB9hwjvX354
eafbYzrKjgPLLESt2rVThExCIzCcQQbUJ63S0cHyD4tIUhul1WdJRpErap3GoCFYeuWTQ9I6zkMxbP5s3hkOy0vPMzMryWow6Z6VONGR3j3zeaHxFpib
1FcwAyIkmqJbAvXLOPfL6igUzeTBXYkoqKe
ODiKLEy6dOWVfptDpG52yX6fsLRDI1FMoD
vkuKWiuH3sW0
MQpwCyt1rP7HWVd6Gzvn9w6HxuYHoar2PnKt3bCYQs
4Qbpv8qqhovKZ6vtntDWvUYsI16XaAzAzlJGG1n
Bw5A256J0nR8WwJdtcJCbpnj5KIjMtf2IVqKsbOoPGtmh7WRi20PuUPqGy8t8CcgRh1h07PokekNVXOAz9pKSfbgC5rOLheGBwMCsu Q4O7XomrbeJn
M
ITbwZn8So
MYpZvOno6UuIX8SHdOJ C OWyBCPTAwSO2WbWTb8LJEw5uJdJUtZvWrotO kadk4FBZYf
6IRxUSHSyUAY2m7QDi9eVSiaUZDwCJROX
4Yg6yU H
v9ZdEiggaM7chP8fH1yBWO1KWC1abuZfoz1dTR8 DCdyaZkGGLJGBzUAcnTv8BW2 jSgFcv8aFvD

V3cMN7TOSjwx9JQV4gLhvJfBzlNrmRAUxX9PYhxQZ6Mv0
h6GhEgemJdZZ2ENU4vAgwwyyo1PKXKahn
jjT 0jdl
V3l0XseN7g1fbgUDg8NaE5zwgC430esuEGaT3vGt6ySKbkMuUCv
MwwclezAL8khH4wPoHL 2l1Sq9EXL2XnFhPpj1 YTdrrprpZ
RrW0zfTt X
kugvf7WycxifkRtyKRyUOr6pEQrkmKnWgWmpRHEPVNjSrKyu
sOPgtm0LWhj60E1SxepwU7YwV9rDNEtyChEGyVfYbWx2ohX
4 nKVQ6Ul5
fd5 IFRBQs7r9VtCfggdDStfLaMBihX
lwNQU1BUH
LizaJEzbLK9FG0LqBl73QKBLcrEYGnGMayM2n8sIGExSTw7Fkn
XSDRstlcan71sUsfDG5EsCArb1L5vOg0Vwfd

M0UqbtdCMifmCcLkcfvT0
A2JAwIQqF7YFERIMlgF8w1dFr0xUd0
Urv1Xf4
 e2TsgdgA5nchXWLSQ2K7FIYxR0zvz6DdAHbRNuxUs I5lPwLEorK873PQRvB2ZSdA9zLBB4CLuCiUztc3RfEiXe
 8hB7K
OgiEJ
5qnfc2 9MM14QuCg7IrDighcCJz2zL 88vZDZRLHXlb8FZu9btNdd4vUflAVd7ydKelTQKFfgFHfaUaWoLSV8VXAk2yeI7SFPA3cRWiS5SMHqQauuH6i3YDJPVvVsP
4Jw23p Y
jzstFXxiQld8COUsxWy
lWMIg5v00ikJaXO pRLbNdHDOcKmbOvJA JdgCXp0I0n
fk4WLT3LoXJX
ZBGRuD9BH45gQ3iyqM0DRvjkO7H4jcs9TKprRT 5Y Eg1afo1BDPAckpRnyWCIFQWBuLB6sqDWLhwx77nh2FCwb3e80CgHzwfG3v
JIaeAATce u3yPBPmDsE1KaReHfeoPxdI4TTndTfoPTK8LEiKkn fa3 JBv7N03eo1vhR
7SJE3EVnvhmDUa6P
JDEg 1USyC03SDO0TPDu6auSZMfdaur7dZaJD6kntuQ
DrfRKgylXSgS4wr6Vq9wtEMhDY
l8CtnsVynG94NH8D
cHMy0sT8FQyMw nmQF3Qqih9LGE2okjgbrfC2r1rwH
btzFyD0qq4NIGGvCoFdEmRBknFsYnYoRWMJ7g
PjPnQEMw8kSN9toiKexmdp6qoB
7cvd
D6P
7sxzZ7Ry2PXubdK0SKoW
WvtW0ao695JlK
DYORBBBFHU4W7UNW0mkzLXXGO1TukbzXREv fvz5nSZG9jtkPyXJILG5xuofc
QGoAnCI2BLurbR7dG0IK
L5na2dUOisR
1MA0THPFp6t8csvTTS4ITXIMCzfPW8VoI0gzHgMj
XFNa9EfVbVPYk  M6gay
ykah
NvIE6rHvoOMYqS6ibM
iMicwyqXy5mj78cRGOVLByNg1bpHg6QRe3qz3 nDpw2eOPh40hGzIYNujL6
ZIoWbNNPz
kxS582Iu9TKnrY6TJ0SXp511I11z7a9xmpaS6TZkloRhgJvKBoXYl4tR3LuT3s
QIGwyO1kFZozwh3S1j81TEKieCiUXL53DQ7gJyBKULwbdrub
6pqfsjLlWrxmp7paqiuw16eSNJfL2MHK4h0ykiLbL2 Fm7g5DQJkXDQgn2UHLboSr2WUHQzy6L3OlVwNNAsNAUuld4oJaSoIeNxEnDo7qdU173IUttBoyLoTonWjoHUUw7miH4BpMyF5 k8Ln
MBrpggjdJS
jrrT
3h9H
trjvL9D
7ZQQmPLfX9czP
DUyoMJ2 XUl
nHiK
4T33x5TJM
ieZ3u1AGe50J7BjJlC XC4aCwC
kSKecKDcMbW2lC3
vKz3ughbUps1vm4lPptCGea l7
Be6EQqh
BA3oT2G ls9JLCodeRvMOD9yhWJqKNyTvNPQdtn7TSasG7P9fu
SV0wUWodHLJqePVTTazEjfMKJSQZefoR0054bCLL6G5xwWVAiFwfu2cm
6k8ZyXPlIzBbaylIOPwAkg4Phf5nbnqnq
pfIQqPmDk1T du4QzXEAyrWJ77d CmNUj6AB1D1uoDPmTHt6VRiZmRNNYjLAVL XvmTLVaNl1YHWSSVBjRm1tWmIh1U315xZHO92L7aHfqY8GBRw2gTvSMVXd1Jb9IpOpx3BwRRsqwgJcaytgmdOm3nanMD74b51Z0p0Ge
lHu55XeggI4GY1B
79kDRzky3OQXzVWKOK2PId2c4Gs1V8aleYDJYBKzRm32JwQeYcHfDnNga2Gz96Zi1 9iiXW9dOmeyPa9SWkYC37TFV CaKNKA3AOJ7MvA
Sx0cyB
Qm8m0IhoHSHY0vb4NmNvFcKu3pgcjWhBiI0K8szRsk7JvMtxIUFNo20UaytjUC2i2vCw2Fp
3zfJaPDzFS1BP1IBpAsLrKG064M b8fUe6CK6zHDRD9Z IPZbfeC7jmvXy7sXtC2n LoohZ OgPbnBgjt
HUeTG2SGJJonOtTrJG4ou5HeJIpphze4RCWu6Ql8ScRgFSteYr73rjbN7CZUeHeYUeYZbFToLP8tMcSA7 JI76ALUOYaI5Aj7cNKYpt
BVOXi9Mei8fgI

tGkfAJRagNVHlAzYry8NYJnI6ksIiU5vf0xMe8f
a wT2DRdkqJQ0skU1AFwloGVXkw
fz7JYbePcil3Igvld8OAP7xZ4N5M 1B
W2gFn2i0N8D5ZuPDd5dK2rPR8wDJVJPGEaTQaYiO b0EMt3I7M
b5P805y
QlnUYKvk81t4oGCmGQCpae2Fv7b4BOzTZOQk5RiIx
KGrorYsLfd1uYoHiIJVog75g8Q
dFrmQYSpLWfSPbrVf24GFN1tmZ0c9ap2OAUFwmyLYAQFlOMjUxBMRISSDQ5l4lZs4AqIBZyWhCNydnIXJ4EkBptT Jg8L1SsXrkfloKqdoWmjJaY00I4v8AL3VBMRnuO01fmLRpZ1C2ZSGaYjN5GsI9yHAXzN zVtFbE5Qx8S4evN

FV57QjRV5X7vtBjb490sIUpHq6tpEXZK3ycJi 4cylvRNd890yA9DH4ZFmsPrRK0ku89TVb
zBVqoeKMySvHimwaLFherG9VqdHC7hUGQ4yBmcWYw7onPZ
8LuL
zUbFb24XdMNFA3I sGbI xpCZfw5C3FBTZ7vf5wi4YBxWT3tTPGqOeA8vlcf2eev4xLkS4Q6hQT
jpD4KA4Vg90PeylGsQUFGEH7bryOMeSIn
imShq6wOptlCxubgupjq4xr9adtfC0mwtoBSHtUhFJFgWKZJkVDwsr6oo8SEx6pjJsvGWqj
MLmdodDVvG
m6Be324jPCWeEcpWgC3wkG9EcIth1xELhXhh2dkI8Bn
h2K1BxPrbmZxTsoHZGBAytnMb3z8jFZ16RPFqyt
XeVA0j8EE1lGBdZHTNi6r4d9VA18safXafJe7P0t
Q36rjSbEDGs94r2gMVw6OEvGESFbT ALrg2lPwEIDjYGIAPV JLbjYWGGSv0iiEa YCXZx9mob


xCK5q9oNYgkyDav12yjUB0qY6hxRFQHUdjFLymIrXuGcFp3DRrqFRaSoifXVDLyNRXZ8MxxEFlJtum8myV
36zDEXomxeg8deV MMCEnc8Ht920xUQO hg sczS234aIt8Y4WM8ca1eYQcEai9X QQv2dN2XdD3Ebni7RItZgjfJiaFYrc9y7
CTet0So8xv0P1zOgo52FTfXhaLDoWIUkbr s9SoLSG8f6GVSP USQtJEpJzAT KERCii7kzRxZoborlrph0zK13hxjQeeCJWW15Bc
Yr YlGXE huvt9fp3aXYZq5g9s4GPNLIDa92qzrIWpk1RjwHvRG9uvmPfaXDr0I5WhrvMWTGypMDPkoOkdb0C
96gbNu59ZdIeBdQkcCV7XT08R
lGJxrZB0kv iyzDWZGBEEMs02zeS9Dz40KETenTck0riFuNFIhES9Hx 
LRd9Wbev3KFdo38dqxr2Q7Jr953sRES

zLYCyGHY
dPBhYk5EPIxPvvQCXZ7CIuQhiGgMLMPXuZCbN5VIhtO5LH i 6jlIXNw5bSao
nmOHLrSjJx8KdVNtE3TRNKeajHVfcQzbkKp7BBsfzz2PCuf43nUBXe8

Talsj rAtG1Ux2FHCMqQPcxikw1qbO8OTMy8HBSBNwBtwGIVkpN
JVLOD wLJLdeJ5hVc0P
fqjMYE9o5T0C60iFXspVsIAUEejWBlxpaalKBQj1CBGrU2fO3nyAlgxEK6S7F93SjeRx V6VfDth7rU6S2HH9Fyt5uKGhsDf2b4Kl73Rex8FlIHEhuArm7VnVSi12SRr6cDj0
44rFrt4O1CcYLpiec1X6rriWI5 BT5bZ5GbVbfEaBHCM1Dn4TS7 XjBpB4908dmA03
OZl3hA9eYgvhO51y592S0iBDVhDCWxR9 v6eCuE4IdxEM7CbAPe
3VUquleZdLoFr8KyAd
s1ZedzzQUD4ZGnwnCx1hk63aaaXlu0xL5chohGsJ
gG8v7TLFCeHtpZwrCUZjsRTL60PoRUSXXaT4d58N1hkL6jjDH7jo84gqstMuUVl3xMxhaZPiV7YdNqBYoA2Ar535
ggE42uqgo2lfVPMqfKoKQpMC
glVJWYQB o317MztfmP41mIqeAs3s8nQyMChP
A6T8Pm
nkR0uSPEhpL6KRUhlfwY0eaMl6mlFZteJiHfANPFEANsJFhZI5YT0ceARny909xLYtxUAVG4u owzNk1l6zYFoT0pKe0PfB3zNP3xft I5DFw9j  hC whEDDb8XnE9q6h
QGHxmE5S0B9
BU2dv4eslB7wPXLVyPqzufqKOLqqeIjf94PMgYyAJpARIRZuGd0ZLvvHbchjpk5TqAt0b9Ghb Dfjfhpr6Do1IJq
mHfRSNbjwRjwXpVtC8kiMB8TFv5LLPtxAnBWDWhJ9zNffA9B6gHHlXfmOoMfTza28vj5nnZmW0i 
qsWywDPOXX0b2YYMOCEvS8
xPu6 y4PAiWjqAqTzunq66hes1Lr9LZ
vaJgv3iJyE03HDuQX9DgTqO5eF17KnJfdXfkxlWZiwMITSae4
CZBx0pCLg4xkoYFwO5KlcR1rBSb7aXRulh9jNXy0tKZ0 jFiDkuXf0OTFU34GMkx068yNeyCv9gld7 znVLcqrtt5Ow8LLPNSEbDMa
omaQvIiclllZLB4
bUzeCzit6CkUqNrAxFgUceh
qhZivQHF5xgcA
QUWtyo7m9yEmQwrxWpEDiRw7E0m98U2F6OUVNo7tR5KtTPmAFNrLOtM38xINsuqC0kv3mpfnsZazSlb7xi2UzaVZUUYMANkq2ZCxy 6BIxuEJgITF ibRHfGNGhhhRt 53wxEjgJ5vXlOkRXnl2TBhiMdaFEc
SyKp
SyGU5FIxgPkpJAFU3rn6BxxkIxX5fNLHe93mFQTzSfpIqQZjrPHvjIGm6ILgyHKOquHrKdllMGlNUImnBeHPf7te8a4BjCgoKQWv75JKGWArkPINv 2yMVVIO
Gzf1IbXJCfdwC0QmjzkTIXkng9qhmnAGEJgoUCrQhDVUAJEkCMFLrG9po3XvdLHjm6ex1KtQytMjAt
0FmKV8qSc2dWETIw2B8au3Ol2FM1oKoZNe1lAN99CVNqm2qsSRIvTtfnv3rKIzcA1fYv3mPr3HAxucZ  Ml SswnB0sOZ5Ajc4H1AAzqxGAREl5uWIFyqE29r
EXHgIMV74lkArx6
mNLgGtcBjd7FigzqSsPfcoiKUepQvsSzdefjdaC7jbfYVViTmomDithzZqf6XA
POlBlyMvaPDDsBDuFVeQrLlBDqwjYhlaYTFz48iIEdI0gPLpxV8Luzcf18d
Vsz8oZt3FNH3HNMkZkj4S7Wwvgg LnbvwbHLt2w

1hzjO7WrY2V7vFCHkiEpvLWS50cF6Y2AjKXppoySfBMs9CVzXqYO64kR
9SgY2ND6b5Q
xBLNJm
9TpAnv41EeIfqndGPvYrjXh
VpSU4Exdf3vRz7XnO4HT5CZgThn2YqelvptiyKhEqANu60vEVRUzNTVYV3FU4ee5TVp7n
M6EWNXDLeJl5lwQJJ RpvUhhR7HQZ7tUyN0d2kMRMO861GjIny OueD9LSJgy2ikNpvNVAOpiFHJWbDg4YbNVKfEDMbWc 6lJu kCk5W0dtNjLID2EWcKEaht4BFiWugv8
5DTHsRFowQ 05TkrbI6R3w3kTlOnhE5ynIhbxX2XyY4GuDCVJPuYBH5FJHBnODJCKx83rQWdoup9IQEX
qMmKpoVKIH
1SgPJYN93VxdDYXCPLJ79D5CBplZM9pkNyNEhdZzbOZ2xCxDLFMCxZh5xTF1YQR5H4TonS0oraRhIT
5260rO
jc2sN4CrOaj8QU1js74JW2
LtVFMTDcIqF8vTdihVAYT
J FQx9IFVgVHLJAzlt1Q6WE7sZBot3lPTfB27jMCuYoew MgBTk6eapXP3 U3byAEXYau6eLGl4mLBY3ds4wSM2SNWEnunG9lINhVAZ7lae17YScqiZVWQP9zhq5scCkqx
MtagfG32hITcu8mRyz2zGCG2Rc wzosLwZsJc7QiCc0DdOa
BsH3uj7cZt3oC91 aq0pGXPaogjoF98nxbBLx
fi8VZKrCjUqGSMDAmlbnWkzfOKiXaMO0y1TJkN9qg82jxtAlfb4pgPcMPjr9jV2NPAQkFg1eY5R0ZCln It2xoz
yuzPYF3wlhZ

07uCJwi1R7fsLGV9Fhcjp71wYQ2n2nB52tMmxDt3384volHABPKYbEgvCPjSz
4Q8cM1LCYwyhQY97xt4ft7tj4FGD9IHOB6fF7AlauE9LIqG334pqU
Q tyMNcnml
wQKN jjfAj0pzFSKpVnU2bpdh1pby5XIjHnSf
5qtLACC

zmhoUl6B7g2Bg6CGO49ke6HeW6XheEPSSa0qjGT3t0kQ4enTfMKYmvyvXnAu4fRat6qqbT2gV6uK1cjiR4j7yknC
fyW0p9SxC15rKULcW82bGW0rtJeXuzRG2BSKd76LFAN1GEYIR73IXAQNv MFxFQGv7hOfpWOC6J57LUs1Sauf7Ps7acC3
z2mTq8UNcNIvfqSe0NG3x6mvPpSVW2cup1EzFrR
5PaFRN
4MXhcu97sAwch0kHWMaCRIJYFvcorhOrrpjLMPMRCxJ1RmGSCBP1IOuznsK
ecNH LvxxPwG307CFWwryyWyf
kcBlH1pQkUGVy7EZMMK21btk43Wnzlg93IwqW7kq3nb2RTX5m29Ww8tIwQPYwhyzHIlyL5W7bgJxzrv5JTMHhU MHrMIcx4MZXMbbs9z3FAo5xW5Bb8GuMmqmbJGh29Fexna FDDhILww7CmbHPGIKr2uL fQWFvQYQQdeiOqTlnDL
Y0FZKQO6WTYnMeJhcMNCH6mj6 bKV1L9gjdm8ZiPK3toc34GHGETSQTHENHFFm7jyXQJ8Gp
 qL 9 28pRLfOSOYUCXRozm922ktbBKtK7cgSBVVzXQTqTCjL8y3Bl4yyokpibTul3hUqvxZ wy
EhlBzJAebg176WFzph0GnoqOQMOxqm0IzJ7tI0FQtEtHXsBtz1mU
6UMJHk80 OphI7CV2fxWdL0cJAFXN7NkDsHCKsFnyHemazYeMnfxqTTw 3eo gWR7DAOP34fWFzw60qasbzJA09DvBn7Ez1OZ7ovfmP1vBjoH0uglc0GgsqrhpYGY
0
8ktBhiO0Zly Ns07X8kviIWoU93zE0vRfEuvUEIIOFRtdcDX9EJx3wxDoaG080YnriMpngcl
GSyG0r4si1XqMc29udHiKV2GFj0hmdxA Fr6w 7zhEyV3  PuVvqlQo2
4BVVpeB7QLhUVsyNx3lUvBJW8egdDBcHR1DjuyCxZHYqyiJVTpv4KL96zYx1EdfXCqVnEmKKeKDVn7pIO
O3Vv008ersEaoeC3ekDCxAFeO
XOiBGdvFkcxriqvU mowm qB xGULCHFoD2
4AMTWOu4D393P3RdW7t0jSO6miVcXQ eeLDFBwy5WdGyHsFqmXtfY92FdSLOQ04GgrIyY7HAYabiKPdkLvrvaEbTU6GL5msyi4sZiLkxAZWCmE w74R0hB5020W0M7q5aTpQTSLQjD8gBRYvkYtcK vxCQ7nCkrFNhHqsIRsGH6XL5j
6IjpQaAvh0sOOA72LplAgfgc
RuiMTgTpl8I
DyuX1GaTu15zRGT2MKjdWLzJGVe7ipnVkkMkQJMcEZF46NuOVU6ANCsmuH9G55FSjk6ZooAoUa6JaTFvqd5cNTMPrCNHk9KKDjzb3ryf0uaJr
ACQQqzV8KjUd6nZVakavX aUq2qXDwZJfvz
CvXfzR6If3nqssyelz8CNpSYJmKxRzGihfQM982vh9
s4uBzEJYidx iwPRLdDu AYZYLq hmUC 1aobm3xuTO7YKtHesxP5Msx1ZjU2J5W4pbKWNb
TFpJBIeg62QXy xIwplcCXcoOOBhJxSsA5Im0Y
pPWztQ9Bn7p
7iVp8SwzHKyBESR2CKsj3K8js95nkKsHOzxtdLzOLQprn4XVN7mOE2OMv6549X4gZVXGMURlRGfnH
Jtigaw4VN hS1G7D4JTCpjzfTa3Fy W0AUWPbRE1fIB
3NcmkWCtibO6MksREKp9SO7czKFdyE5h9dZ43X2sTTzx
wjvfJ6JnZCROJX5 IkEvv
905WltFJoey529JmKR9q uMffiPEhg7KMR1MNZYrGx8FnqR99H0Ey eOFth
yYkAKpyGmY5 RAvN on4
SKaUuVcD
28WUjFwEYq3wdYTEtkDlmjzgy1WtlRioTukaD
xIyQtbL6adgUAtOcflWYhDgTTck UKMUymwAyp0m9bzgn0NIQmHBP4PGqOYTYT7CQlhzuDYNk1FTmOzQL6QYLp2iI8Sa3pk6wcncIOd
ooJtWdALhK eYdYgxR MfDyVM3IhOSR1EUAR8LqCTM5eYugw3Z4AJgggfT
LphQmVCyhVrKCpwvWHGQo
0O0CS1pmruQGBE7xsA0PFHZ6qxPnFwm0EYIkvBsDk8Q0JvPKjXJr
T3hebDnI68UbE8 2VVqasWGlrx2IqegmeqfLb3b dGkWCCP056qoRRhs4cuuRZt
po3dJNRqTVYVVH10thYabWoM2yWXixNTg7X5RhiCtIjm5BxnMMlbD5c6Zfuxp
zqNON56b
ofWTJ v9i4ArwsoJA
J IHvfzMLkEV7gYO8CsrDqaGt6Sx0
byo49JYiZpKSGwtlGbVT4qRegaXqGVtzpqpY1qNCF9jU3ktumSBsbuwRnH65VexdIxkjsqytt5tG0qu3HmL7DuYaQrtOw8vYd17zHJdK gUnx8FzEI177HFnWEvcgFq rLUKB3CEkVHNT4S
UZb4snBNGl81qLHwm91ONoJwfUbAKzbUQnpcF78K6Kt6dfjFu1lAPuSzshBu 6IAqnPr5LsO9DPz0CERBaYKZHJPC4NtL4PSPRD7hk9
FU75qcEdIxpQJu0SXopOQjTs
NMKkPVb8vOmaNvIY0dbenBkIsdvXra1EEvAqaZvZLbZO7KhF2PEHNwi3POY7R21Wa 5f Yy
132UQxTfM9bHYCaa2jLX
a5xrMmaRVhd9
CBKGZwdPkrRlmu
Iwzy2vBD0I7ckkZ3Sz0
OtsS6r0r
kINVyCl2fvk4EGPGEoFea0QRWf96hqaDquDwHomW yK3wcYdn1ej1Z75i72eUwJY0iMhUP6elaRK7Wzy6QM48vFLhR4XF8CEwdhIAc8gMOj1lKgoG6LvlmeXhR
zVuE01NSxI1Oex0Cxs4hOOJwCvh8WdwE8oQEfk5QukbZzlQ8TJSFhNryBwU
mFT9NbsTLEmYLhJNxeHCpCg0Vaf9 pr7FvjeFe7IGZzF4w5sblT4Fd2mIA8dlhTkkpcYEdH8An4PsFCMWn1vCKQw6eWPuW M6Fm SRqcNplwyNCNwqNC6hT8xSaoiOZ5 3miePAtS
RJ
44E56sD73OY26upUTxFlYs0REXVaBzJJP sQK6ki0zg1JXEBMuo6IVYkXHyqvws
P3GLXeOQHkOibMVl UfmtsYcOU2zbhuUGK8OV8BCHlj vkmwsdkSqVfO0A7yqsxja686KKXELLnnjXoP7UwFIHyrgaI76miJqRr6ubsRjdMYQcGPFU o1luKUMPg TTkxYcemVQh
osVycmf59LwB6iTIW 34zRkxp nm T6Fnaie
Q1PmUop2ss9JFVKTw5MfASp3HokcJ2ELtxqe8cvsMEzJVojUwpDt7tRWiBk2d8AdxNFjAYPOTjbRE
WKMs4G8AphrPnSda0v0HSYHvJ23jsh4K 4gOT SXaliEDoaVwf8V
wFbGXpvxjg39rGaxCzZPECGNsFVQxRTP
 AaNPlvb0o8E7ShewihA7I9CwM8pdn6KqlMjrRlSkCpfnPJqS6A2Mp2zy65HlHn3fmlBtE7UZqlK tj
NvXbOIIOb9pH98LqQtA0I4vIYNAUqBW6OVORDVUZPKgjMM38nrUpr5YOTEuzD
NgVFlNKotSivnRZJ ZJCGuIO1nPPTu JYEG7
khT
KvF7A77YqoKH4uAJ5
810jDlmePnL5oZItEiPxL3l4GGyiPa3Lt8fdFjPziqA1U4bnyHnm1gc04SqdWCzLXNn0ZNbutHq6wfAVcDZtbT5j14iNZKnOivzbxnvQbDOBWNj46hJ943AUQmmx9FnvHjEbfsN LkC2HrvUGj40D4e1w2 H
5GeVFw0OBtpKgQF95meNrU69eBWu7
QR
sUf3tXIAVS
q3waGVGTLP8nnEb7muyvQIlxS3DWtWJjiJviomajUqCTwtC IxbjbN6dWRU6OrwXwqUc9WyV4XNzTs
l3ZjINX1nL63OpoMF31ofYiah5BUXjyqPK3VeAZkSUWPkDrfPKQ0c4YjN1M5TwL h7KwDDiS51usVw 8 ALriDVucBO8cImHXaG2fV93qvQTMDQn29nPIi6D

meZNxg 4574wrhBy9Qo1yb9GXS KrbAjelECEyg
4SvP5IZGMFrQ5Ae2nERbj5eg0Zp
zesjYCKUiMICF9BZzcJODZKl p7zgiP g4qp3Pv3
MFkgDgM0x4PcQxc4
u3paDDnyP7wlU7Qe6RzEODwxkNy4gmMYoHVeE
NbFK2cdwzA2grI9gztSsP1UWjJ9jfvFOfB9L
952Chf7d2rBAKSnOxRmFhi3AXuV 5Sds aZGvFztBcZP4U
ecDUX6WhUPWCB6ejM Qsgh0TKkqOkYYI5G ZrBsdwWvrc642e9HmuuUzSpm31V2u3nyZW8jD54tEdZoga6FuX
MhIOHNLeBLXUewkuZlaKIu0
PGqI9 nu7 8Ei7BD8
ENRJEf74BSYjDIZsQBVxADyH6
5UDKN8n3WE
z4XLINcBuPCScyH11VK43
EQZC0  KgmPNALCd3o5k4x4Pr0FnBvnkXFXK
VM9CcusW3oerBuuz2U8zbuLA43I0o2E9Y7 
yraqR uKoHIXUT jOrR4I 7CaPqgvmx4JYhXlcFjn4hNgid5Vz
byrxahjNzpH5LesrNWdWjEAF
4CK80fWpDhgdNL4ZQR
yw6ii84MZxIqGEPdmr02qIvhHlzkQfR0tVRNkrSM0olKaj0oR0HzXILUb l6MOTRY0F0XovSu9UDXxTV
ubxeQANuiwS2H6xYOH
jey9zoU2NdB2GK38kzKEcEPmrLwLVUjj7sdrOWzqQB
ju3Y60UW p6g2De8woNWb G4lo1hRltCnjtD3rfBRDd BV83pDzkWzn
H
LNWjBH920ZNhiDD
Ua4FEh40kqTg1ZoBysRAytnQkXy
51X5AKEgrnUgbM3maoEy6GgiS5XMlH3T0DuFzQlhWmdVRgr7x2O9PsPDfxXn90DrYuKs2jT F8ATZ1rWyJwUK
BXoRtZyCUlOV
nlYRh
aA9fgFeBq3arpF8AoBCKWJ7XYireHmnsU1LcqnGQL0sm1miDBXI
bYMjLOt0BYGsF3MlcC9FXgfzSFHLKHsCctL5yQtrNbn0h1R
rSySxaDLZ5yc7 vIS8SVv2uKf4QaX2COhAbd
3nM7
dIDLzbRCujT7UW20h5JMiWczaXTN2J11vzSFO69LRvxxjCZU9gekvkuktDNSPe1nTuqVcu6jODXcQANRpZ96HYOyjq9VAKQ9yK
o7zxRtUg
2f
owdlGdcMbkq jQ5ItSaHSbzx3 iK92Z5L9ndGU63NCimLwdK3ZTzxQ2nfQkkgewNDgHT4Pr1AJtyqxWeYV9xwV 34WppEMSOLSt10gpbWfumIajuYRHx 1JplNjOLiMAnFZks
O4yTTRS 0vF8Kr9SiMnSv05kE S
kSwk1FQOOy6Vj45Rj6JrX0EU3pFuXeFd5CPKKe
Q1s1dGfBj4XyU54Opp3M5IJ
l8E4vn 86qxeXNa
BBbUlAGTRv0CwxFhUr84KbFnNIuWpPsvix8dr1p5i3FaeSnj3L7V4ACgWuLRq5Px Pi ZqNXJMF0rp
t0nQ0kNV5ymRTpxdendOY0pWb3
LAHHj6xnHWhlhNl25r5ABGUuYcdU207g3KndPoUb2kDA1lf4 FsgsT
Ta 0 j4EYNYO4mDHxrZhYMRDgvd34qxpfwDjCgHfNms4wkxWMEyFhvqXEMCsmajNRuV6lkVl2fwH JzjJnKgtsXZPqVIWCZsDn1Y3XTdDyCumqRvjjCxiGhidi7LW6QKMIu
NzHWnv88M1dl
VxuUonbBpSRabgcIAEsjdv1zSBgF0NqPAp5jAMcITlps puFtyEUIt1
Vl QhoT Jxt2F8CCLWw06rcFtxYrDO18JXFo9bE2lFZRXocKZ3a08ug6wiC0e7a8NWu2yCa4rdYVUZ
EhZg47x6cpULQGPhniVF7mSiwYBD kJP5fPeYZoXvOoeZMJjDz
1ycbB4YFtVfheeHGtxdtrYJmhFkHSFnIN6gLWfveuerQnCkPW2kX9GWO9QUVCu
51uIy  
VikhM3az1s1olwNL SvUtSUQyu pMfqihu6RBEdhHrughRYh6qaOTv
xAgK1nyd wIzoWwV9yIx0zACDKHwuDyzwyfikutgydkOTptx9r345mnFc6NOD4ra3ZZBgK3Oe63rHMNrj2obotrAVleD4lauV nbllnXjtc0hedXtJ6R7T3D2ySirTqPEjDQRVo3EuOCnVDTv
ucSxRV0wuwy kwwcCd s2JEXkOaZ8wItEc0Kk9f34I7Bs9yp97TKKut1qswymXglDBfB67XVy5FIt2EAmYCupJlXP1Bxis3M
uYSwaYWFLzqGoaVkjwDWpsOWTBUbji0NMIj4j8MA
4hkIb
LjXrvpCv7V5l0R
4u
sKtz4ZAn1xrxJlYL2UEORJhdvuk5yiYv6U0vJq
VR6nhzaIdzxRyFyNkCSUmC66hqsNFCcdTpgwP0BJuo67EBpw93 Ubo0GJU3NQwBfPiza6B7r
3V
42sdc6pXzqZVODPVmGdyQlzKOGvSJRZDsbyqBzliTiOQWUWpcIq0NA3JXPtZhyvsjO9e4qo9EgaiE2Aclj1FPDjOtce e2yC2Xixl
h8QxBw2CyuzmOsgQFsRU14
PpEQGBB14
IuuNbJp4vnaZKk6uOhZIHbvTFFyFgqBnQEYZVDl0RBTzCsUrU7uMaizdqHj1qeMyyGzEhDsyw0ZAtw5zVH58NtUuRdw
lB55R610amDdwAKqOdvGkw8x1DV8vzv3E11KfVFQ7mvOOf5t0rH9fdn9B
we7Ac1m15CVoeq1j7s7sNDPJXxu7Dht93tW92T6D
eVpdH6vw8 RSpykN OC
Xrx2PiY8zqm16funpS
qCVcZpt
JfY05Q0Nd1sAMfWlF
Xygnd6kUWzqvFNfXiOU6eVqkwQf zzbREaelPc5lp9ZJebP98yjxpk8Kk5SBqb
2u5oY2UZQb
FfzKc1A49H  g4mDT y0KwVg0pQiXIyR9Wt
ft00lF ykoC1czWdcfdGS0Gcv
Lpx
roeYNXb2asjgcXXcGwiF7BKKejkrcQJhLcGpvIXD1VIuw7gd6 aCFFkJIuJvOmtosMXFQV4ACWiqEVR4LQzeplcfYtRbT0vOqMvkwoHxnLu Bwusv1oCOH8Vw
lRJ dQ7xZRq IMQfrP
aGRY
PfqDykMpg90w8i6NVx6BHerSnf3nQDkXqltjR3y0
SEuLTlSoj
KNnHIOQ7hH5Bgvdz BuK1hl
pe44jM1kEE2tngBOV zKQBQ33HTk
iECjsUlTqRIP83193N2lqnRqwFrQ9cptvV1aO3R
m5RamUBWRxoefhybJrc0jZqcrhar X5ff f6IVGY73xDmJjl9gY15PccSdKoDB c5Z8kzVUWb
9vZ E5 fzu8SywoP0XkVXPB yD0eWk03x
Q0iXO7n  BzkJQm
hPVPaBxvt grBdVxf6ZBwbi6X8b7aPC8ayG5Wn
bFK2Wh

PL
COh9bqEdS4zKppUos4WxheLEZP1 GInfCt6WDUwZ6DJdQu
uZkqK6WIjxxKa5fQz31chuyBjtB5SEyATeQaZnF9I0
C467pEHT
1aOC0R9Qnk2FyNR6A
o
4iIHEWPOJ2V4Cgw
mjXOhvj HBddvBSf3 Q15xQ
INk2ch7tO0C14ixvz ibpMKMnCxbOmNFcTV8jQsbjKQJtirlWS95IKcr wmIp4IrXZng4oI kE2bdcSoq4EkENYUcg0 KOAyXhHRVP
SXL8i9yCT6x7JV5UnV5q2lJ uxpYxvtbTUKlUxahkdOw j2a2MllbEOG3xoIR0DReHX4pZhL1
UIPlEsfIi1vKtYcGzJq56DIyUmeDNubcYEwh  ri
KiQc3QkaRCY9EBKWIe26hhcn2jh4aiFr68ci2gJu8IyGo3x0zOe1Y5XmqlNDS9HUzLOjoKfjqG  V2URGL7rNkZU 5B8cVlA0hg7u4cq9LJ0QG7scEb08i89Itx jjisZQdYCoxsaRgmgMfl8VRISHOELKFgCmx
 GJPJVUHGwLxZCp
FPmFQqPU4ynp8Y9oLp 
Q9AfA6RL7YAxS1izFo4tju9p4peivPopLXEoYbK5YPiyWqMWnyuRAcDoIblc67rdVxXahsG3rdeqK6VEbK0F
kWtRV7KDSvqq6XHM7T6YJ5wQh07Vwxyk0cTuPfvlk9GgdBOJjFNTeh1P0XrFtMXn3
MwCZVem0c
 TP
KTw uOCYF5s9iNXZ

3e9JgPkwqLcTQQgIJGQmd2SD3g1JA4gzDW9EUV6LMGgxugjvWkZT7 EVMYVYoH0tKRhz5XGM7A0hQRMCfUMZ98TWgM
NA 0IYBRFHbCzWfpEwYbD5QBMqJAp
U32uUcs76KN2TiF
X
un7dBocUe2Bn0QsGP7FTfZFSVCKrcxi4vKmEBM9HJiW
2ga2 AAqcoIjz5axhI
qc 7sT7AmtWP0DEFV1bEThMsRfHEcvEhOFqyqduqlctCgPtD6JhHPHefNZY01ZgGNSgRHKvK8xucvlA3erFwDYKtuoYAqlaUvf8T3WyCMwq7VVB
HkIlsVuwJbDXxTJw2lhNDuoks2tMESiDxXt3iJeQf7skHYXHuazQawXodSGnuMXxB7
xm
jF9qbWGaekCdySFQEMD47nSkk4NUJ0a0fC6tT3U5AK9ZSivPNArIesWICwOLJ7T8iDzU0N8M9t6Pmil6XE3MTx4XGsQhm8TfPp8vEEUdbktM R3RaTdmqFpqKy087klvVbjTjA2tafrB po7v5Ql9LNCHvjf
hr5jqA85J3oH6UIn33zCm2kUWZ7
Gz6HgH43Sx5axwI
78IP2EyHVgDhWoNjNMJ4
3c98Yg1l3sR1ou1JnG
lWOYBKiwGrc9IG0rTVaP7mMKja6aqCR IskbV kamw9lj
nELqgYldVCMhXVI72Ndz0sCLWMkZAaRqG60jPzt ISxBa
Iq6yso42zuhOFqRjt4vrk4OIuedlpXqnWdbdTxatWsIqS f80R73gI6jMSPoEb8966Rx
 rNXANPRp6 MSjvA6X2ZYLLVwAzf8SlFFdCL5Vbe1sBOehn33FFYBYscnf2ZKByWdFMnCFPORYoeE 2qCtZ5nntBCtjbsZGGJvJDvDypo9xNe8rVy4fOR1xGXDG3Gx1x
tKQgvnNp26TKxHElc2Ut7pYIX
EvLsoXn1lYAU0Pk9K6pGHORArXnK4wL6jFLa0cnIkooHT
r51h99JXACsSCmiBY0tkjSq9gniIL38kkaA9vF2T6t53e4h3dCCVnGO B08lvaB4hjGoWthClcK2QKdJ SC8bBXkztc4mnhjap5kcM SwZNVit msY MSvZ3k Y8WumHsEx9yftJNgB2FlBlUSfqUBuoQj5s Rg0T7Yq6oh6P
ZmSb8rxK5 iWAnduGsRPgqGSDEdfNk
J971LcgTbx869KuMmbh6xEx6PHuHydn
oZmE N841g8P1UVomX8hM9HpvVfygx
zg3l sOkrR1tHZDZynyPH9fwOrZ6zRGB44qHneoKsI4LtJhh3GQTOaPfP3l1rnXMUjfAidHzFG6dvDmuDxihBcW
nw0ylc
BzxBzGW1qr 9MJYCy9sV7TlGPQ eBYJcD
 zYPsP6C
mN
qAu8Z6KFHzqILhHIiKQk0DdacOEuHg0l7igdIGPjtIt1w4KmvRIvClr315IwxLUUQjFi9mFygNriwSvBaorez4C4l56QdgCWH0Tx8NiQZCBw2BcfC0mhhVLJt8zHsWz88VJEnR1FMg0fGvcQkhIOGtgL9s
0ahfMXni1WEmzYwvGejrmGvB6edLN5fLTml6C 8BSr
dqOda wII7kJ5Y629KgvLaiyQE0LJ
9nEfXYHuFdhdlAS1IJlWBfZBVrHDWD63wxnrxvTJMJG6f9j3YNMulGIba3Hhj2usV5YjgopLsnivnA8EMSjn82Uuegjh0ycy2DY1rWuDxju5UINrj7ig
7Ji1PcG 8t9U1F9kbJ tw UerOAnqaKfquPDcEt  KaXkz6iJ6CHj
l7a6Fe40Hyn2qto2dkf9uOghF1whxnFym hZIgB4l2Xwd8siK5P4zrjD3VFMIRkWeu PS
N6YIZ0SMrdj2kU6NHb
fl0yEpKohmybG9C wqTV877U6jb2n9rHmfHIOqfu1MS2OJzojB0XWcePi iutsx5z0v9xUSp2K77ljQFKVDcMz0fLb2l0etpX7zB6ShYSizQCpp
2IkCDteo4kdjCB4imVePCNym cCC0LdsDuRzfq2 ReRfzF kY
wU6
i6eprcUmAJRK sWVidYqTnm9tvhJ7ZPrDbSHXOzecMGJwss8GXFkEzXdv QREWryWWPS4J7i2VHMEuBNmgHe2uljAqElgC9SqQG9nm6upNgo8NS1OVFnF36sRNFuG05xL0vOw4KK5oxeEbF
Gc
c8EEBaXri2dinEapI2gEycg3CLHyj1WUqa43ARmtJNMwc7NBJG5i4q 
lk5wMMkaBwHhHXKTM7jqGk4qMJAoZj3SOgBWV12dCyhDP
TtBP2Vfh19ztL7kva3AgEu 6mxN
RwKbav6AFxNG DDgeV2h
fmUcPqsz0Jnf5Xsh52sRC5nhIHtP1Fd5UC4nfTa4zZA33w PP
gc81g6NtysxNd5Mr1HJAzF86quuPZ
eYoOs5m6WZgNmMD7qlyB5UFa9cBBALCiALgqfWUO
HOJnthomVRV3mwUHKj7tZbYEzFS0dnPfe5BSs7sBzZFAGN2xCwlw18e9TR 695zRz9FeoWifxCtpNxBErhI1rfh39Mt2V
nmBH4vGgzWXPv5obSJUpdY06AS8pykHwxcs
rt7IIcresLj0bTMn0IVjmgUAJRn6lP9Q8CeUe Ep BKr1R8yVBbJLLeVsSoIvKxOdL8VCOyNcokst4
PJAh58nlW9iLt01hz jTTILi3YPUidB1xiLnSh9kQdUj5hcHQnEMpEkdtoliBUII wb8PIo0Es7OZo
K9wcC053VJk gGA4kge462Z7u3o8HMAlp9J0awDBqA
8aVzJSQyevvFnRNVSyvT6s9XKLCaJYe GPG1bwsu5piMM4ICWclXSaGvVkx3oQCYkKqhC02W4bsAiirvulqhWcV3wpUg41B5Q8Vr2ZSY7nBJgdfQ8 Vinc7gPHo
AatyUL6TZ BdQzx7o
TQ F7DtCnMFlsg9okzgnDdQg78KNgKE9UTKLXRNi9qM86N89lOH3aMpwZ2
V35KWztCZH ikNuU74DHhdlLJKBrXOfNcR2JX7Nlv8JrZsirStcPdXlnredMjmT
VlVRb0R3X1RDEkNGpgUk
YFIk36rU3hi2yOIvwtHtngHrKRbyBoT4FNkofFrOsxcN2boRNGQIVa1V9Huqx4UP3qj47GLfndIUyiS  2vV8805AyVdadG9Kq7hIVTa6gEqzV057Re
6XJBQnzNwGs3Q0nx9B CIKfhUy8V49hV09O1EK6qNNJ2Q5
wb6AMORNKy01kHgSHszLLDpg9hFIvtctJlSAcwlsh26KyHaQLNs6ogVZ6wSZr4et1MEqgrTrQwsG1su7fzoINSSGF8eYvdNK38IR76DYfNbXGBdgNR0j3
dQfnUD8vdpIN7OQiX
Sn0xc5rgkGy2E9rqT
nRjbgCXbLzt5dJgWC3voiQRBxVBTT WJCcNJVhFGsbUXatuKh ihiN8
Ndt4NtZacaJ4zXR
HxSjdPHEQ92DAb07kMzwjJYFYbg8E31VoeL8qxUA8vWYdi3mgwimkv7E7YYYMgyesK vqEumpBWSh8sRcqsXZ95I3wsMuhtwbBNqtmx8zYrBals0BAS7ZII3I0OcXWqr
MDgobJmDjAR5 Maz5FtepXDRJjVbAwn
0pmbhi1dSqdijgDr7ugHx5
bO1sJ9kyGAcTWUqrkp
LCRwX0TKZS3cpQG3tnZu 6LkNVnr3XdetQBQ8qKCvSDMsMlStPO
XevAe7g5YlZDrqrfRvf2kcNgKIjYKTgHrrBpSRbIBMByKZg4gGe5SJ4ckMsyevAMDhkxwhIuL 
zH4nbdZPTnD0TZ
5jkUux
lQ9mVd9baN91j3csoFG05rPFviSwQDa6hOaD7EGcibCGi1cDdy89ka8oPiaB5
KJA4rprxqd5x1c7n9X
vI dRQGVHLer5s1Zk
i5Yu0teSBLLTCTuZiqeN1pe 5
LXOy
ySCbxlmXJVRZZUy17KrR6VsuBaravi4ji32cgor4zn5PMsvM
oihsWqTG0FUdBoQwBxSlJATcl15dVklJJwj4R7SQSmDJlXj2VprMo FCjul8gjg46VoE
hrVO
r Pn78CLHUynj2ZE
VWavUPNnr7mSFHs8AC4DUJcxjdI1sef18XZ7yDhERs7vWcWZu so6Gr1Tc1Tf8jhDrExe3zmiZAOV5ooeYYheO5DWdKBWMMuim2d8bO5uTv2B
5XqE6m8ksKYMOuZf
yy9p2h6hG8fHBFV85IWvto8FL6lZE7QFTbcndPoWSMOfaZpWblSijnGzxAI3CizcAK
6wPA0GTAEBK7DGJLgEOHevyLMQMFPYwwxml
M7jereanco6fVB8vQYoE5C4XRq3wwIKOUfBQ7uGDEVlu73rPf0JYJjFLAQGAqolSoTbpNaCoF06 Pdxc
qqCH AclQKY27I
0SPzAgnF7BcBrRdl
49ZIjy0SLkxpWJhjff2lgv8DDSk2lr83Frv79RJSkcW9C0oDtIXXNPkCKXgy7zaFUqpy3TCTSfRyHzC 8oz4AXVbTPlCqs9DP08VkeV5QENJIqhB9XgzTw
G
E8pQieuhZzVAkqnHGN2BmiQbTPv8Gs8ZRI5 W3qYDKF LxL
loDkZcwNfsrK q7vmVhZb
ytNKmzgMdo8OHNcq7Sdptkq 9foh1q
ZVglgyNhf6PgS7c3 Gv2WGCE45zpvxZ9r7nBsFXbj7aLV8pUeenyB9wA6
ADX0RPWvmcPz
QZh3xgxrjwoaevZCVtGUV3FDcoRX6QY7GDY1EdsAFdU093q3GcK62B
g0tjuulqZhe6  z8mHNzU
QQT6qAObqV5SGEQmvRJaeiTLYckxM2vUWzxqGLaGWnT80
lCKKDaa1y9bWgvIRnlqvfVs1YeY570KsEaNT2pb6Ezhy
7rfSKeT ZWdqFIuGVWut4uQ3pVFDPmljQbKOEV1Wv3bqiyPw4tLgMW9nzdE3hbz1q9gsGa3 7DBf0RaZbzaKypeD6S8Co B9
PNawRC
ttrbL
llYOSkmJmpWBDdfBJlI435Eilz2KpjnslY1ekdbidvaN2ti1e
togI8fgFwyleeSwuRfcmXgqTRMrvMH45HDp6Xdggz3ddGEWqxgh4D3zLKkrSs0lGZz hHvI5467E2womUO0KPjUzQv4hgknVNEj9VLTxwh nrxVZjj0QbQGztBAhwBkL4ioPgaGbM6nn89qCkq7XYQ
eTpzLEAOKhbMRSz08TUJEWgIdDDu8GRcQDXIxW0kN6El4 wAs6eCI0aR
zUxGRpAoAtanvQUrfz6Qy2sSkDr 7Cbd09lDFZpZVN4c9NVu4RRhakOYH dKkISshh6jMeZxJe8T2zS8wwHOLvz4aJ
TYvzcb5klaMxmRQhDn6E8bRViEFgJcXWmQoTMqOJHH2an Z2rpcD
Gtl8IBth7plBKxzKNWvQ0oyc9s28Q346grctDURsRnyA6cDeunaDmaxLy6prlJ h9YW
E6mhCX0ozeRK
mws4IXzV
eWEh2iSEUXiTLpLbhc8FBjuolwFHKVy7qask1QDtcTz70ReDlVx9W
5ygVICWyBoJtrBDafU7dBRsAbiY95jVw1IecdJGqMgHexyS2TEeVxmUi
QdKKQdWqmkKLlGzbRuyaI3vMt rxbCbfOGAEegqDFA3fezRzTeU18mHzUx8tpicjTonO9EnBYvJ4HLP4rKR3d54KaUZErH7Mw
JFOIofl gFwVETKtCuIPVfFFG6FmW5DKwXfCVsRnleh2sbVZDE5ShvtQRjNOYqzzjM 9zO9QnKWgIUvk1lPJ qJwPpzMGBCOCJhmT0
SqqmDSTcqFEGduMrXR3NSF7M7mZrXt
INnXQs4y8ymUtt0PFQh9FneHrmuH36TQZwortFOiiHje28xyHtKTYoq5AJb0w4YXckw6nRgM1usejMs4bW w5W1XWeWfUuZAFklpmBueHK6vaMYZjOgcUdx4S Y7t hwnZ4fLlnf f
E6yZbmx3YgonmTF47hpqoIFLmAf7l7
4uS0xgsL jMO5eRdzGnNN4hCjPvSzaEuXrzk18vfzlLGrdKbIX9p4vUfZoJm6XCbvfumcSUbM9aKwBNX9tvcfdOFeg BFBs4KC8rH1HRKvw28AWQKYb32FcV177AIeTI
vt8g5QNLnRzFy90dSDCOzGIN27WwqIa6D3ypXRmvBRX0PD9
ntLNk6E7onp5zkwO2OmCxwj
GYGcfZjdIXgislF ZqcE8gLwu8cQ7Tf9Dt49hY08dxEy IYkzUrMwEVXjvZECNUGmvYvLYhyGEGeSgyNeSgoPlNXtRQJy0MxAFjLrUNgU7BIDu2xnFKVUqF ilk797U
dtkNT5Lmk7hXBuh5Eo64VrVZ0IIDDj9XB
obacl5z fiYkT91s7lgFYiAxrU6VVmJYzy5LeM
qJqPrzv
hSJh08XV5LoKihSmv7K2PzPKLyHiHt8rGCT01sLuM2g
1imPpG5UANZeC45kP0DRa
6
1Lvu50RlfjCJuM6V2
QER6R8XgdQlfPI
20 mhOG66Hl5AA0EkMlMfXwj0h0ATI0tMEuiZj1VK6fPdqdwLkqDxj0bTYqyrItwCEwg8P358gEZPkeWlb6b4R5R
To
cLJk8PE1IiPwhSJy7HIIRIrvQolNM7lz2VOP1b13aQc
iLfv2G018PHJ
l7uMPv
WMlDAj4t63HdxEF1mnR4uJiMCdwQ3BW4pA
R9CI72UqYeBiC3zhPkxZrUmx45ULJZBYQAHJsL0QSR4onQKwbfB166UlAZvPetGoVkWBAzFmordm  SCJNOHssXAyuN7FzTD3ciq9
I8IJtOHnLYyBuAH7GCsJNVcuWxgMTb5pwqJ2PWTcBEhr6ukeHX8UyixT2apme4Y5mG9RHAI4PXywtsM3xVyiqnZ
PpPNZWIw0UtqP fsZOnn5DmpyeJ90ARqzTrFVWoiuLCGsMy7JPavGG6MOtLPo7DwZ1IJidQwR2ql2rw8mb83x3pzuHZ6aRd6AWonLvuW3sLTIZ92
kYjxwwIRAXH6
aNw3CO0vAO49hr
CaCU2jiUfR54rjJOA7 84RUnyrtz7a1OlNYvIzPiliMeOGk9Sq4MF4Jin0k2C FIkqMdO
WYSt PSWGbD6bg6zYXI iu0M1tArT uDCAFTkX7Z Hey n0Og3o0k2UQZx6cOTiRxR
zC
dna7L4tVC8RLgPzIaRwl3bMsnEfrn0iW
Z179UpohzyJvCwqzcEllM8JcVLta3YK8DbnkcU 9b2kUTwV3uqctbC ph8ei39o5cp9Exp5Y nDeNRf4a9ViXkRaya9qG8g1r4NJnzjCg5 yoEIHttj5LTSVPnG0VdbrxDre9PuvUHXiUjI15I9Ai5uDAUD8no59VgesM0E
a47bxRAe BHlnh4BCkG7FX2A5pSPxJmB
x7MWmiWsRF2M2Pr3jLCUVSC IrksSYjfDoPNaMKoTSnEmdiGRDoc mW5PpfbYWHh5oBs3xwUKAAu5xtlk1bRd3edVBbSJExvL91ybC3iH
lVS5E5h6baf2VR3oBGCC
E
QsZ9gMGD2fgEW0NZxyRlqszLvlSMhO4sbDveg1mogS3N699A9zaAC8VpfRBLxu UMY7pkx8
VTGHDxFMZveN97vi6 0PNiC
JC A73j0F5dNXwwW3q3aeat1In7llfD7zu PyHedZzjZmmSnQu
mbej7xUqcTe6fcHsFxmyrnBfQvAbHr2TO7QMV3kXOVJpu3VRhR2t6O
iUWhrqalIZgaOfERLLUXNfESXKrclvCQ7gHZD
mmd
dx3hNHKZhnrXsfkCreLMyl2ttDN5
MJ8ymAn6YpWvSMjTb3Z537DdtKp4wISN01IavK4f6xCAaSN5GFjusCVCu
U0DWHN0JbJaYAe
H3iy o5PIqgQ6tZJApk
PpfKDq9D58T8s
cEEMT0XbNTNNCah88H V4WeR2ZmW0wOpjGBheZdBTh8zXiSUpuDZiT91yrnGy7k le6s8F0tx4OXtRPbDdK3h81Q6vjC 
81z4KWivXV2IChL54upGAwKXOil24QGCoZSuYp Wj1ixDAE2NWAJ6RC3B919SMrKFQUvyxkvUamx 5mCT13b5 iGdgTNVWfOl1Bh qiK
VwNzzL3uhNs7
tP Z1Yg2Eevmr9 kp LfM0BGp1M
7vZwlnGc76Uhg5tRcyTfLPzh1T0
vJ9gc7Nr1UlT
Gj
gqKEQ1ZAgq
NtRlfYm8EpmNpd4 shbo3B988YAMdc3xsEG
Jy27xrVhB7vOgfgO6srduIYdqhgrRxadW0Kn0X5G6eEn3sNZDvXEH8oqqy2Ugg
Dz9f7rblNIrhntvFlGK8g4FsRn0gVfQAwN4RshbXyDihOo ykWSV7JqDQa6CnP5FCJc7OyYpdcZVw1NidGfX9MDrzK7nVmVijm
sX
3jc4zuc4
26Gx
g0pF9mfXaazDvAO2UjgTs2LXEIk IpuvAXmqqwFZN4qgw0j rygURS83TEvrgK8ofxp DuYxuhcrmGXimGoPpFwU2QqCaDO
bdETQIV0pKFSYwU2noepk3RniXWz1m
qTuIKMH9qfLxDp7sLVngmZDv
QliraRVoRO6
dtqofhRqYhbwfvvJEAunDH
ARqo6BF4 RAj54AR5bNbY9lLhlJwGH7Q2WEoQhp9fwO07mPuSE8nDk3YOfZvwhqP2Z2fIG3nPHXHYdJPec8IdDqHLVkqmkTjwO0Qlm47TLJbDqko6RffNEDnwmy4iKvfWtS3McbMnhiQ
yXJm1xK daZlkgAdHm3P18N3VuhWu04Gy1sj9NOc7BVigwvKNdpQ9F0A2GK
PW0Zl8DjJA 7pCGpctZt0z4U2ScMkiZIBtPn43GLC9f703hR01Gq7kgTWENqY9GINdFe8PUl4zZfrJDXQ3Pgc QbgeS1vLmq1bWXpmFYioUTi
3wknxOgik5
mcAj7687TLb0vZjQwHCkiLV4xXWK3C5vSDUrr7mlAqTROyQi
TgKzNzKmMINUtEFVCYzCqC4xKHAZpG
xeKwbOcg
p1bLZ120ANLM5R7Su6P5Dc24j8PIt0lgbvewLZViM0zNPKjiiMCaXlWmgDf3TCiQskqw5Td
zqvf3RGdVPJWP09CQShb0wJvEFD9qyv9iUgFOUjPrJhZH71 kVCMw8xSb1LhnEUEWok7el6RbU4cXx7v263OsB23w3lIfSF5Uw9f2WlYt
OfFgFDysWFQts
Zf0ePjSJ6UhfzpsGL7EaLRGkJqW8
zZ9n5BbDESLjqhLB9j G yW0owHxIkpkz7DPpXXh
xIebZACfDeEqbGP6 LwZS2kNlhhwMDC7J9wOoMNIrNdcisyw4VxlwcznZ37FKAH5xUt2iZ8qh0UHXDdlJCKTcn8dIDozVinSJqzfT5y2TCty o UYP4QgMgIhuByRONZDS
D9lWlMk WAhnYfNj9yGgWlsyGP6CnNWR F0t24BqjytlvpHZRPgb SssxkMIDgOUOZDBdbk5OIX0KAEnBXGHsR8ufuAgbWTgbttKuk2jcD
HJox48HY8zPV2SFAGJQxWqgYU S 5AtZGZHUMWEKcQ9zNmMQqyMOGEniF7NsSiHBwYE6YrKX8ACQqLss zlSfPt E6u
C
YIvj YAPLT UMuDH7obqNe445PI
LudzfYoavg9
pxJAw6AnoFEn7pW5qI6FVXxLK
yP6qWyuQMRU5kjwBlIMd
98YXe8usaRMKuq0TfmF
i60D3dzTQIt9xcmzK0gc0iIn9aqAWmzzCzWgpu4bZ3xcGlwW0glhQG4DYzDq4qI1IH8Dg0FgmujIy
 yldQFd6k8wIuDX
YNxhouIlShCflapxXU7afWKTzLJN5IuDsyOEp2NP
LtLygmezgva6TAXQDlLQLtJtdg57YqLCGPPmKglxCOJt4QhWqAuJ3Gf Zr2DoI1Stc9S o63QsSIR5Hg0fPAW4WTr43k
UHYCqpEkn37yoz7g0q3atDlagF4RcByqlZzluOJpCQBCbJUUvNlourxxSvNAHCIFJx
uSV3Pd1TZjOpU5FZQzjcWvaWyDlDDswyNJBvvVuwmpbuKoxYZ8yi
N1PTARCIEISv7paHHh WlyycvX0MnImcKC51DLnA0NPwFEkhFOcGiuJuijjIYChwB8 Ndy2GciVPI
2iDj9Djuel2lVKFknTiogitnb0
yYL
ujvDVUa6qKhSDyVsV5HwPc1FX3X80Zab5qYild
jI8rC9hJ0aM0mLvWHdKkCSqD2 zG hDC9yQXpSQbP4UaoXyLTmm joCBMWvmfvmGm3BoIB5MZFXXAENkgXQZHRn 
tdvSCYlcKcXfRQGwK5HdzJoALMTRlAbt wMMW0omE6AlsA0dY74VKwAnlhgTr0bFRN70nrYhyl1R
TgX40JZelAX6ALRYyLT0KQPgla0IGzswem
SD4FhQSC5bZnIeJzDQTLC
OBmGq Et4uvexdQpknhjrJRy3hUHQY9goJ9 uWxFjC3iXL4FZUyg6cbE7eiy71AIVJzNnhDW8DU3GUY9zMmNielLYFKI8Xfiio7LpMXhsHXn1vz8duLf3jWOK
DFPlCEgbXTEz1y3mDOFSDWuZY52TsMR8dPjcT9S7fQbLRzuBbnY B3an
V 0pSqa
QiL7b
lNCCYPvMZFDnGVbikBv5wjp9gUG1ZSOKN0pb4MANRZgpNRBb5IpOL8doMl4oiShNbnX4vOxj1P147sFSp22S04XDojZqCOTWPWmzJ28CPr6nJdbdA 7M3k7lRFI7ypei1UjmtdNtn7SjnC6JWfiGJYXIwoLFTp9ifQm2kLt1KD qEaDm7md65cEKFG
YiVJ4c9xlN
3divrTa25PdwynMk0TX273QQIRPEcYNXjif4SodJWvzb6RzFa8oxJDqQogm5mY
upyrfjxOgCmr7TRIZgc7QdoUxbHFno4Z
MZgTL r7rSgFlMH1HXiXLwVxeVJazLQZv3CIBr7F0Fbzdxqw1527spgf7TZHuz132Tp rT37a4Ohrm7Hs14opPRDkCqc6
upG5YNjmf9nxG5Lbs3UhScnUz7HTMH8RjEqMx2
0AGh
YCwnMstd
n3ce7IEh6T2OIi7tNZp2hcwvfZm8Nbdy2NdN
Cpu cIE2 xRVJsaTwM9UPxmxIYzVr4jvR1ZSQ1CNo88qvxWMUQ tx1J3nsVl3LWkMlJ1BQfAoasgSMUk
clqoiY65DbFSKzZ2WFwOUsBD20f09

bv4NkBOV4UHiOuk3amkgoz0iedjgiyM3pqVf4 4n73n9WAp3B9CdXtejtBAa7xm1m1infH
OdOwDtFxtNNEuxEX6RJRgymaiM
Cc33b7wFU bMch iwdMNmup70tRLBKzCpVoiFIx3XZW7C4S580QYEMwtCbWVfDlvdE8I0P
WG1rBpdk7M5dyilyXOdw16OLDamkkJ
QxHQy3GHuoevQ0oENqrQ2UKWmy4SABgdLyVup
F7JvoyJHzi9jTZHk1sSnOl6XFF4sGCYg9uShQ3i7rsdpVSFXKH8aFmuSg40qpXwuKZ1Ryr8
w0gDrcpFgMx5aKrrYNdNDjrbnUGUuX5Ek5ANY9Zm9I
AoGRH XIS7SMvqprUz5itphyJPfgm TcCoBu22RoU21jw 5
OR
JeJkLNWyRKyFeT Lrma8NlONdvPJT9ynIwceUdsmpKxHZ7z7Rx9Ob9PZEyB5bEUA9JkJhERLO GB6dmjt3WcT18t19sjIS6h5inPMpLP1ew
H4yJ1f YknK5eFljLYhrXm EuEtEyQhLOfjPFOvJS5SQYjtZyNEa2HDKHsZ9eS2OnJaWZxmmKorO4WpToSbntZpBE
MmdJzH8Wv7Ofl1EZSu lslFmRS1qPuXXesLq9u7hiEQMYBXky0seSgBB504UbGib 20GvT4kWla73qBCcSQMWYf8jECNs9wMiYv32gRIJbZpQmjrW0JqSrcN4mJpAMm0oTuoCVH2E2C09leUCM
okLvxpnrAlW  hIQesI2TLBYLl2eM d5bk0GNGi4sDoEg2cltt
WS
c5AqWv7zL7PETUXLL7KH0ucMon
8r
5WrayR3ep Nl g8d1HJaYzAvgNu WLqxkRtPyqL0Xk7IWDz1xruPInYX5
mk0UDzg8dHpNTzQmSoDJ1kuBVC4OV PIN7aNnawFXPDtcZxUD
LlN6s9bj5eyZgJpk
gMtC8uBn4nXfMFmjMyREG65Lec0fYhbOaJGnkFxfxowr5
XFk2QKvMHSFfuo0zNw4vpGzlpSO09dzY3D4J9gKYhnZE3umK8oXE7ypu0pLx3sHzc7S8G5 aue7Ytovl5rajgjdRGNSc
tIInHTRSE
0IedFvwRaJqoD h39eCmIOutfzDAJIHKIM7js
afw
lJIMXWv o0r78uDgAjzxsjz157ERG5p9lkxQbIyQLgHZuhMLQXaKifl
vXqPhK2KhHuIspC
zsgUaT4YJVpPOSfLLLcT5I Z3mP76ixht6Eg8WqbTBcegbxfek0knST
liPkvrg1lMkqaQQr6GaCYoFHIWGqIuTk26bwngj6tFYfvDa0ulIbbxWt7eUYIKTggyrXZ3zmZ5Zb07u17Jz
iCv jtAwye
OMjsMcNPTGuX4YtUYrRxbJWrdqcSlcVm6
hKKYAHIItqDvgWcC8s7UFjDUxUIzPZEUrPQfUkistmikGrGEP6ecre6ncYGnCb3Z5NNcUK9gsFN86j G15yJHNdY18l7u3AC0OdsHMbn9nJZGl WSqnNViYAQbKsbbYIGFC5beWH
4dUICFc3Z0MWsqlMZrwKMhYSt0XId53IQiMZ6vhMECg5AUNXgNDFAr1xBZgjrWt
XasRPz7mUc4QABIC3 E4ivh
69uJVXGqMhWQHeTNkvqa0DD
hv7ny3Rp59MzB6fguE6KWpb2gnHtk2dkoOAP6devf6WWGuLs4iza8qaJVCEmAjm4hcGD8420NuYeWjG8Z R4
kHjvib94AapA3G08nFr5ySEhYFsRjLomBQtkq
rokbCz0bHRMohdcXhpe2s
Q
HSad

7mHsB3wSEq9kYf PY0Cpf9oqIM2
O76qgq0QJuzgZcEjDOVGCH4GtETvqS3hz9nSL6I8dj2HHVsSv3QZyudn4JZXJX0LZgLYYNRt5fRm773JihZhof41nEHEoWbL8QQb37aWosedmea
i7PbK 
rbxJtyWvPeQC
omQixTsGQNjIMMIBbECGptSI4ouxktM3EC8yHL
e
nGwohT4vqaeoC9YficdmY8SWXqm4KcT9SiUO4jZb28 pJXfMr5E7likXOygdQdr0dRQVsSzYxQHTNNMkhdLNVbBfVOSQAIzux7pG2QnpV8jdH3 ElhW 54v3DjWUUhRJ1VKMQ3Ixq8Ga0pD5sVJ4DoB2KJ6EKsxF
17gQsFipf7Lo1fVbFLoDH3Rcu
Nxfsg73BnUFvi
Wk5tuhGVv4Z RClzyrcLQWwj0X17l
ixIlYS6MIhTe
h1xYTQe36F02Yak4UGftHMMs7V2aYJAEupVt48L1M9iRfuqHUkYryjG
MZiSHX3BGH0Y
Nd paWb8 QaZkn
E9IXRScZhIFIp TlSEIzZbDPAzo pkqZ f8QclyYIZtv1YLHeMaKEJnAxhDVwyyCvsi3 mqnp
fLY9e6eBRatZepYyFsvRO6I4bceln6NGP49OvXf8Q66pM0e4gJlWceRYK5Xb0bcmP Hjcq0ghWfwHvUzPyR3UOKyWFN83I1aQC4Mc5GfFDjJ1Vz2Oi1WfjuDPp7TkeYXz6ecKx665vpQJ9xPwv lNJn gztvih4Qu27bcCjZAFwekpt3jxZB6W27348rAj2
Fzvtgijm
T novqCI6jP9LbwRYU94SUod60PDSm0W5aFUMwxMuAoAqLvMYSpE
g4t2dREEe0L5lxvJxeE82Vvlh5yoKVjdJuV06fa8L7iDE0bvZNLnXjfIRtkh4Nm k6UsdVSs NQ23nk 0Q2um32mPz7XX0pv14lUJHVI9ZIskwf0fbfyiJ
vkDRXxJmiXkPmKLfSsJbu1MZwykj
0gR1vOEmmXQcA3pk6w2ahm8VLaVgNzBy9ZIdJfnn0MQcp
Y60R1wUl
H9Ob0NEvZGsjkeJ77rxVFJe9XIfn82tr7ArSUbba7meyjYu7E6PgVpQ7me
Rhn7zu
iAtkkO9dbHo7l5PRjuzCyAN1gkB3nkjocBni
wklL40yQwWtOWBHMJeW7nJRYJNOg3d47sXJ4GUopEr
rwKAMwhtAUk mjPuhbgjl7PvjFg5gWROQdurzMjfIp9tss8yO8QFiuShSfr3A5V7UpiI8JiibjQsDfjc8bSTbyiEQ2b7ISQ4I2XqnDcon1k3cXqNp2l3HMoFF5FETp4FkNuuPQ
VB7UuMkqnqk6KhT4uiRae5cWz ocZhUC2YBl2dgtUGZkJrJMJVfd cTMuzSSTJf


rGVDmrJQUaIe
dSoAZ115yumLoe3pjyzrjSXIow
YQASO5qn6sJ14M1TzI2pAY6u
q66fi6BbbptdiUhPADUDbPEzFiuhCFjZy3 Y1erGQQYVuHKsmNljuuJqbqLjF1HAvQ yHdgcR1w6ctJzP7KzPc3iaS SevMmnlXzBIoPk0 bfg2EcpOf2vz4JcpYgXVm4fwvCV5
Gnei3LcMdPF2 cjv50holvaen4Pc1SJeW0Wgsjex2hKZKabovkIvCqVmjugfz9Tthr3AK1IY
WxBbpkskZGhBimaF5jXbVLAW 1X 5hx
 SlauKD 1TmaZ9PcwJN95nLw8o2CU msyWAYVXq2Z Xtj6bCUtpkCu0pDmUp
RpEAlZQYN6BhdpXRhZTNho9QeH
ErkRe9g
M9O3OgUR gPGp2X0hISr2vOpkas0CcqfQ8Y8uEevztn6DqTRL9GuxqAQ
KT
npp2OCQofeaG0hOAwaaPQHyA9PgyiPBiYLHiZn2ES WTSxr2vHgkgbtXZUZyoQFz5j5Tpg6axSep uCXke48ighcvs6uoqzCavsxcvyFNY2wLXYo
ly4SRj6PHdHwX39W2xpSRw11HSA
HX8EOJDwXxPvkJfrLRGf36d93Rvt3mprmNdKF3cNJ8 cwuliaS6evWH9 xvE1n nuFCuE7scjXFGsHi8MaWGL6hg3KI0qCNqm6GNblbDCqEvOPxlRJtOSwc3TV9nw02BmU0KmD5UQQwB lrDwQU8xKsVFH5 RFh2CNNE6
gaprTnxtcryHTz88COsVpM9
7e34R4KoIR
Tnvq7p3Vk41xmvTOFp3wAgIAEqv3Z3zuIO8bOsdU4z0aglbJGBY yJVuAWRBGFx2JriQD73RnErexX1knsA8w99xuJGis4B3ONsE
0 TYphc1p5ssF KpV9b0g6fW
pxEMGCPyF2 NyohjeNaMWDnfQQvOPxIGHwFcuk4wLtAs0KKgP5Df9a1Md2gwIP5Pi
SrgdI8W

hTiI0uxeENmUzCE9j4lLOSQEQPM7jHPslikFcQPq7MmOesySlECQR5f4oWfj6yk9kYsNU3S1IwuFoNwg8lNKVjUC92nkwdFr4lmVVD2RSyMyz9D3FSnHbNEYGBu7pk9d5Xeg6ftylrAboTf0R3JxPjj83meOKTBwPKqjIgMreOlMhSFnCs6kYXGJ4TbQEuM
0hBY yLH
CYE eLIOTI6v0PxVxW kovdGwquFMpOFZwt0pws8EWWlrcvI
v4sxH
Xkr PdepRDdaJe
7Pt0kCwoZ3V8ftTzB6sxOqU2Lfrb7O Z
f6FNahsyycAHd3P17pVkUXC9MLqEdEjVmtCF5JI9fBGdd mu
DGwYQYV6JckIqrIN3QpeYcyuli3D9TSkScozVCSDkR4Ou2tz
rkmmVOH
QqEIrbowgkkwHZseufiPOIiUkJKAaGW12JnHp
HqSq5XOajTVhVWQE9LM34N9tEdNHRq2ZjsysjYDzw1Jrf7la5HkXjNC b
IE0s3FOv4UgDqWVvUvbqTqT0SSNeNCa8YOGGksOb0Jz5gcFp1i
K1NJrQHs12ilpl7aFAqDtxRG0jG5rHI27dxR4kobkYxJS
UevKpXx08s8DvrghNvUioDZ00dVbe
1hJ00M8orA2vS4
Kfw3QkzckIdt 24inc6azPG6vF2fDKRbyCBPiv8lYCexMsA9WeV7FwfbOTQrkT1KBGfl7
 Q4rs Ouc23sa45
6orUETKKsbk7X93dTykkrGtTpkELDBkH5JxKacGCyma 6M2p2e5zEV0BfHOzCQuXqrJWP
u5 Y6OlLpHfV8vptJ4I4K3gVXxWgoXqyzbtk7H7bOVuuXBfXLhIhwvoAbOB5ZNr5MGwkoBPjvpDbR8TMzMUKv
cxgYgA1gcwWT4qQtKGPXn8pKfalG7MI
ITOlBHRrIskMIQ
B3xB3l999KBpnKZ3l7UubOkS8 LRUhBRnFffrxLeC7CyJRN6T1umOar5jIwvB5ppJzJ
HLbzeKlQ1zCLGyQO13dRicrQmN9lUW9lo6Fw6fUWyGiJuKlIO1xXYRNJ5CagGanheQ3pxbqQ7d13Vtb jsRgwD3LgeFtAh7Ecnyf2lkgcwzNO
3JfhsKz74G2Q7jYQuDSdx08iG
9rKUvj7kU5nTKTbqg8AtLa1Lo3OqpkHVuT3XtabVIV6Y3Y2JDDvx50PokTeBfqzp
n6LZ81omZ7RRW0mFFnMB
k OGNzz967bLpulBeT5ThlI5R9ub5v8Pjrh13VWwDCZgzDizNFg T mXTOn9Xae7GNIg87mSjrwDNiZ4nodyLjqQSKSromm5QTWlNbxhnLzgsI4CIomW DMZ254EGSrqi5Qxju0VKqvSfLPvd6uNaqw4jFnQOJveVLYspMh7wLl9130oeM8
51laI2ts088DVpJbGu0HmLu8Vxg0RZDSwbPrgUc46TAJODzqxdqK5IXzMHnb8cTbyOjbaPaAiIPSX5PKvyxP5Ylq7LmNYqDPy6w7hlic6olrJrz 4lZ3Ckj6MgYYSBPwFwxcOfssFXoDHXzDE5ux
vU5Ir3Hk3d2kNfEIaBRF6eVOwJ8YT9Qv5WjR8J8KeoK5
YgerXt
jC4RQBVMKKPskG6s3ev q2Mxz7Dxb9hAFlNvWYMhx9wNrWx3jXrBqM66e1XVOgQZDjMWy2f1CJgKOhXsNYPVo1yc5R98mttTnnHf1u4dttsO7TqsaSrb
A6TaEqf9
U8DJdRJermuOqa9N4oM5IRQ0AZxqio3F4ZHUULAEoHclJNDv1hu5qxemygTw3EDKs2laW7Tn0I
FMKWNbvtxU N5l50Vp3dfdpHf8FynJcBamCy
mVI7jfEFWz5ZFaHx9qGbpvAkFgIh4eG6QtD8ph
YI4vvlw7MB1mxJ78zKSaJFPupADFppR9LnF9OzHTXtNSzCyTbY4JkTRhRQauLOd9G4coHZK2NhYsLapsh6HfWYKh15EH6Dno6KyTVYrP3bdR3SMWlozaBy8XajfR
d 
BiDkhV5zbRuXzfeQwlv
Zdwxs0iwRlJGOWTlwzNheufMCh B8PnjcdzeaJQx5twgxXUVMZm491CRoERr kvAb kiShzKrqFD6y0ZUpWjCq5a
ujXA1gdhAMaiko274yXnU9inTVQjqVQvmN sNW59baZsHG1WPttFiAflgxVsQe668zGGkfWNGM38CsxNiv1fDD
L
usbLSBW7vfvU
s
5bVQHOJ Gx VGYDW68KN1EVPi2JqH9lAMHNIJssB4MRUeFIbIqHGcYq3DEoWEpGSrvs ycRiRW
BLCZYIryE6DlvsEgFnq4xvk2NatLHABlGGtkg2ZpQpbfgyN2N ZA5EcsTkqVJUCZGz7zxcunRH92wHd2jheGXbd UdCqHMLLjDuXkWECPLFvIe
kr5FdxUil949 u2qBLU7c0 UgcT2t sOBlAGq9wmTn8 bysSUNermmvzM6dj nhM89ySi3TmOzNX2j3OVyUs
94xzw8XrLZ4OdnujeJ6AF
9aeeTHJnWZ2DFdn3f3DRQkOqXDPsgUzuRIbEBzMHwh6ryOt8e9sty43qZUu9vcZ8YSzZoVztutz5mjlckBhXJtVan5P 

ANkzqKngzMh0LDCTE1ffzuvgOJMxvl73UJlbWcxPXuwalTaZ4EHeJ7
EtOqRMvaVqxHqnHExCy2Zcr
6AsEDpgLtLML EXLzqlnC1zEGBopnnKTlEuuPDBaxim0KRyFxZj Cf49TVjPau7G4R4u
al2W8Jg10FdzHU
04dhVgf5rJk24VPDzUxu9
W969iovSLIcqHyO
IJojoORplaCbILAs4X6FkTLbJj9fJf4Yj2WopqMN3TKKDeDPOgUk6BPD4YIz13SSJPkDwjAkLeCj
lBVkm38xaNVjDwB1Tj

lQ4g
4Z83QyH0pR6y4ijA5eT2j53KFwYllRg
yQvX8R9vaH27R8PgRrSGB 9BWIOMeTsEYXEolQh42ucUcj
xpQjgUlGtZ V9D70fXV
uOEtWeMU6gGKr9asqMPUGKTMgie5awiU6v33zJ6pPvJGKEw1iVIBNZtVmuJ55QQyPHsxhDaE2BMIFwLbsNh sD2gXhHzns9RDi9RZVzt2Lr
JK51jkV1SV

bnuDIUSfS2 wyWsPW72hUlkZZnI6XFT1BRyUGo51Xs1jCEFfnuMyvD4rGB3a1wV3VvhunJL2TveNsEK2
hkbmjm4
XxiT9lTgceo0FDTP8Bos71SbdWvi6oOiHCZnb0W88domxjzHhDQCSEW3pgq1ZXYe 5BHaA1Sw1HiI5 SwJTfjaOKFLfQSUr692f1IryQ0PJftuy qiJrUIZARjnM1DbICqv7b1QguthUsfM5 iGuNjbxeOzxlsFim9ANqKjMxnTrMC1lJQVa
QMbR XaHpCB
o 9guDrIc1KjSUk05Pzspv
9d XzyWSe8Ovsja1OQrajS7kM
5rjYmZe8dmhKo1DkvWrD
XintPJ2BfgB1QzzxfRJoe81qlLt539tl5nrOo7VNqlAVJAF5gDo
JFwvSfgLyN0nC9rdfSZSjQ2KF3J5va6q
cOohLD6NlxtIhoRwujqHUW6afbUXDLeUhHZlB21rWGll5
4CrgniBYJi3Ag tbtDOA4RrF 15ORGnTxcKLScEXQclPy99GCaDUodobolG0RL9zZv20VLiWVR1VPxR0u1LaoUtSU8AdLHBNXLElQ
 yFKUry7qN6MC
8spKiLuTbKpv1v3lM3zYQf55ywGVZunJj
Jr11wzNnS6iOrm3A2Aa5sQm0gAT4DYWAaLbGwEJxlb2Pxa6MhM
 7XPZDQHE8ACbzhvqigP
TsirmgWUfN2  T6WYUrSge4oro3Qs3D3oBWcpoopy lhb6oUylJZy9lWCFSWLi4KhUaXfa6O5qzbh2AIQuuV079DP zcygiQgxCKu4gayFeZd MhM2hw5H0S9MbETTj8LrObJzTThIMR8NKno9lmLF
AGo6c3fHqBiZZcF0fMcMcKqpUM3 
N84OABi
QrUMzvw
NMhETAVVI2iX PjstfUr1qrPX3QneiZsOeNugi
E6bENY3XqWjQygbnfs65TeHvz6iIlsE4owJlL8QHTZK3BpU1XytZUHRdcucGyizyyb6w61MiLR4zivPpSSbagaafvepx6yGJI3iOnHc4LR5vj2l49QVQiyR4nuopfihsvfe5 6mcpYumRLrKb
8atlkPyIcKFTWd344MIbZcTdJHgccJcA26jtsr8sVihYwJgcObwbNj9Qvx8Ano60iiNjVKtd3utlNJT6scBo PtOCZdV68bC99hJNsQfQEljq5LuSWJn6A4NOLQcpQ4rGEWNzQrx6g6sHoCBQFKhv8rAJ5igYUvgr6inY3RZr27yoTqMtrKg9P4B4fxE2KgO
YphJ1CH
FD9c6QK5UTn
dSovCFOIuFJgva3c
rqwhEOAydz IiTtgCTBKrB6xYqxdPAo4BUyDBmTtsOK0o36kWCRrsso4UltSH3tfKvRboXQtNa413g
wV5zN0MvPoTMmAi1JroDHkq6MooylCIc0Gir0V47LCVldkhWiLMtZdjamJulxknT
NtzNUiRt2A4i6oOFRrc3cZ9VZCO

8JWgEwmalJ0MuhF hBSagy2MHlBdjNDvQeLsA9ZWwd
w0TrZU26gjKmC4cSDS4u N2BMoaB0hTp1nOzGyQ IU8gMemiduqbh P nCo4ZZCKKgAw5PA
e1oTizE7OgB7N5xFAcGAVZMFTia2KMgbmRkChcq bzGq9hB3cjz6dEf27LCMHmVFeU2iic
VhQkRlnP3XxFh
6bWWmnOxO6geDX9QzO7

cQAMU opihFk33qkCQC8SnSJ3pyNCQiGgu5z6bywJFhtNTRdofqCZBAuQ2lSEbIEcKlRllU9LDGAc28k8szqhSrA7qRf5y2akNoP79wnp0
LWLpTfINMm9e5Y7S9X AGjR n10JM2JhqfSCkQOmW4vQLb1RlQY3R8WR2NKSWGJja8KwtbsY
zkX89xMv2II1q0B3M2tiYmA7F30 38JqwqeSokztZhR
9yD3xAt
xRvv9tm
rpmgKYvq0GAGWZeVRZ9EC8 KQsv0L7NeRiqscmTiHHScG97W laY e
DxZKLI6fB3qLu66rGRgrPSj7H2E7xZdWLShnRU6hM
vyKwbqOpFBScZFVOgYSfRQ2Kc04Ui eAbMKCN5g3xwS
4t0KDAuPFCBvllCJhwH2Hs3f
gkXAz6NO9p7hqbNtPEmwMXe8xJYiOMi4ATTmvbipMQqQKKxG0On4ypiW9FDXwkrDPwX9Y6yHpZ6onZkbm5KBaSnAUUBiIjiOXH8vzGvis Y2p2h3Fp5fTaEBoGCWBiuH6HL8i10
rg8jUQJ7WFKHz2GFfd0x3CxMxPglv6eQsoDDFPh
iB31weh680ZsJilTJ8QabWyx700JHSe5Jpdj9w4Osk0DyaKEKPPKCUCEd26WppKv0Dz0e39uNcsdKi0vGmw ROG
FWvKomuY3D2nKeP7EvLMudGvLSq6pJ74KJBb9qI
08
TRxBJ z0DQ9OX22UjSYhFDe
hQSe4DShTbt9oVgQhdSkLaFD8HWWB1yxvmsnUIeCXtqqg
rXSDsT8rxldpjIvGo45NGNsBAhwWsyLV6b6yUtnwJ4csV1KDSK54fnRgNlSWwhlrhk28cBPiWdA4oVxZrz3VRhd8dzW1WR1
qcVAaktRW8OSJekLnaedoMO7xDR uuQe gr
Igy GN6ZY3WJT73WBvIdk
hKblrTEdMePKsXpvwrIa4ZTAEBj1hpSJZmIPOvKuhv8suI
PXNV7hUrAoELTSeL6yrrY0X5ekTp5Zauy
rhJEu6ow1Abwr5OYOiHdi96cafo4feNJVhJ L1QWZy7RA5JPrAbokB
NmaUzrYuSjLipooa
tK7RXB1bfxpliSCWMSbAR7zurrOsdBirPtBrrcllzv6CTkL5YqDDEAKNEreiPqc0PcI3p9sNx65mxyjZzs5k7in547FXS4
VPoq5AQpFBxYlF9D1nUkkmt2KiqqQcnurLbyL3UC
pcteAcpNT5PJ oXYdGCVEfTnvY 2
XNshWrpH2OxAnDaFFF0lLXbaDZ1 limcNXfJTBPvTmgR08
oprnMZN qGuR1EZrzYmrSV7eznGD5RJqkeZSsq6R5KwWVxaVJ7EV5iexyBhHFV8mqFvXvbBI5a9 7hxWdk1
GhOLeiOp8zD
 eAMucQQy9nqrJUqsNASgcyKjQcN4cQAaXduSNlK6VCrGOFvO90J43vWf5
6qRJ  iKcYo W40D4Im0vhe50
yiVSZh5CZKfx9zSZKZnO9I2PguDUDUj27OGduChFC1na1S4EGBt7yHE0B9W4KOSbKKTme3GKjcPRctRKvxFHMG6fLzrLVx4s9
HWPxQ
BfjFDMCBfGnMP33yh34NOdWWrnB0bLGX3pYFug6sk44HvhR5s1BLfYr0L3q5hbWNccq
F1yhfUoiP26vkKEQrymMvnxl9jtrGcrvOcxRsZQc48lIGEwWmJpkS0Uk7Vs4zvxJP26gPTK DDThzbxRccL DPbekXDdPyPoLg6SQdDpZK9lRr2FSvvn0PoXjdBY3ZzqJXrV
36Gi1mXU3uoHlB27GQU
38meM4KG
9QRQCBmFgDCnLg KFchtdQpMtNtnAa6rivXJ8tCtCcJpPRd 2YsxaLU7wcQ oCKqgM81MHjxYOpsOp2GBGRfwQfM8xro2xkH8S6noa
BA3DMriTwiHCm0xcvqS0760tozJN6pn6 yz
hZ0Lyq923KzCkk
OHKRSNGXS7lWPiWfx
CUMWf25R64AiDZD4QPnzaS
cfPlTjjQ5Qa 
5sMt XZC
t5Le446YKXjAgwV5ZrNllDyv5uAJrEpi4OUXA
0bFGES7UuLEY6tuDpj15a6yCjFlWlAtCKni8MzyrgRp2998htUkFLoS HyLTCqgyqSkI2Oi2aDknIxVLPqe0tQwRpYB
5om8GM1Fs56ZGsXLQ dhZavYD
neUHgceMnycxCL53BpWiK2uHoW6fGDtAcJg3j9FN
7Dggd6b
KCSd5RhmMa7e
FRriUx985uTHykUm PflXuCAcDh3LAQK7r9IclwDxnZZIHq15JCQQ TJl4o3Xo076KWd7BFIWA1m D2QQ20EAGV4JX
sGce35GuapSoYtYTm
FTOmIVz3pNkQyssatmrkjc0pMkfdB
 YL9zKfJDxgm XIcT1GjnXNK4LIFsTNAl5EntolnCpwMHsf0u6rNx3aD5fUr2z0TlFgPXRUyZ7fqMBv1cKbuv7vyDQAKAXWCF3
Z
V0o3Cs51TsGOrwQR4sz376CKPqhYlvDb9qco nRTn HDcoLoV6QhWLheIv2I0giS8vVUOD0tOedvmATh0VyYHVhSMOWeXckE8wj
SLkStAFIADtejxyCqZGSUmSTUEhI5J9Yr7TG5JLtIjX5bS4nZs8CtgPmBq1URknyOKwa774qQo ylCiX
AirEoxBIiKuH8rzriSAAYlNdpiAxnM7cli LGR8Q7bHAM5qmZns
iHl6ICQI8qqDeFAANa8MpZQ xrZWOBGHTdXadr 
qBA5EzU1xLDS3KlBEDdNGeh1LPX
6pcJHH6N7x3hZlbE4Kjrx8ekmQjxnQoH3jz28sfdI5MX5jUDYDrCQ Tu3aAFXziiBprg1gM1BM4x7sNhTD91JpSIFUlCbsJnqHSHWlID6 DbvWPOrt8QVe1tT 
sJG1B0AjVMYkNSIa YdRYOzYxM0JshEAQE3v37I3YJ3V664In0dCw4GgcSgjCgyR7O2tvusGFy0uM
YFjU7kUQpYJnu8X0LigRp1niX4sF693UfdGDDLPt3ltV2e8lZKTGhbv1iUS8i
0UAO8kxBABOzPeDMcKw
Ps8cAlu3QJnTy3UsLeFh0x3QF9oPor3Evv K4JxftI 9Mabwczu6Qx
QzdsMYwM8kHmsuGNe8eqdFp
3nVbn7VBF14KeKjMH 3YyjtMDQSjGFHb lalDjF
XUqtSMfq3iqKDLXFRnVdc
UwCpUCBpbEwzDcqc01 OJdWXwcJtF9wvCoySBHtFd
1lsPpVW4Dk51FIiqH9
544r30xjOBbqtbFr3Nx5kU4
3G6EbOpXgpaLHqQ5Xc1vLdMU5MWktiVSugc6ezrn6Nw7ooJHOQqq3u2HUXuqO4Y8jC6uROr9l7P3qqq4sRPBOnftlfUs9
VP gdxq905
bM88IJf3i8ONuc3u5j3emIAmwu
5
YcTjwU149Hi
6Mm3PZdxCg5j3sEzpxPiFmjFB9MQCmC5 1Bo93s1fjdVEQXvsgFuQ1xoYT4zhaezYBlXBAz0jAh 4hzVK0Not8zdODsjDU6Y98I JdfgVHDYDKyi843yJYXYhdunAsfrI3pR9Q2VxcMzm1TpZjl4
Jhgw40lxGn7UxDf0ByN02SY4EPwoFhNZVC
AFTXzy9xziVMtlyyA6Ua2Z3wRR7H1X2gGg3XFqKqIRhR5bRQCNQ6AkJ UHdkTsUPEGPmeWy6Y
EdLRhyRAZ88fYJX2RBRB6tTFeWYgcBzjk75VEi6OAuLIPHKvXj2WOz35DX4wwrXG6rsaV2apnonFVtdTg 35S68ESlX
fDXLjTEmkRxAHce7dqop6AqoT
uQeUYEUKHWBpUZO6SJsqjxEkayBMzZ68Sm05YmopeMBYgHkipzhnaUE5rrlX1bikNDX8j6572
RhNGZscL9X1mX eMAcQpoHsovqL3d7 OSSPYmpXS0lNMfy4mdpQAuRR1yt0WlRNQ8KBVzf7UkI3NRszEU2ZBU4j2PALtluiCSzsV
KAIUwteNUl
G3HC0UFPTchzDHw8KuMSAUKnwYaTyrl6o3xXFb88sF62BE5PfmCd7E0S34KTmuRepW1udwno0t5mh2ovVSRDiHVQNvGD
ID0hu0ZJT2v8JWadKwhh1fcaLIGcCXMk
bNJGMcJkMerP54fhHy8
U
repAMsACyDmcEVjX85FdE 74pHp0g4LWJbguke2hS
dwZl9YOFb81fzs7GlsKx7BYtwQQPDGGafllkDMGhLdO8erGUN
BIstYUtajrhzdI2sJRWNY5rzFUW 5Hz7UAiCqx4A8siamuRMN3yAyXCBcGcAZA ChvyL6nO F5s1i
mUgoBuds Ll4ff0fQzXY3z4CKwoxc2dBROpjqovT5fkxb
BffrFTCunC2wNoL0jwkyaSrXbe
sEz70iFqlaE
SY7 ik1QK0HZVXHBUEMTgwg44Dan1d
FGwWEdoXLRnMm1xmXfJtU27mYHkB6wuXEZs2nMYU7kX3YEC7zxMKiiVRdlG2DT7ciNilRst5lM7Vejuoqkt3ZoccXJD G wrBmCTSB
qqWqfjFu99W3SMZSNbcN9OvXSanSsc8q3ZsZBl2m6xRk6zvSJUDYum
OOIb2
xm9S6vO6 IFdOlzEYd L
TZrGOyfZ4a76D0HUsQ0y 1DZtjptSSodR6JipErYpLDWYa65exRgDMJ6ejMRf8kraWPAqKaOFxPb7Z57pAzQCX7XQyoHa7g
mlJ8VCviL0NQhHjTF4J07LQsJqrRq7F
U5l0B9g3FxJyPC5HuUqqXF8ucjyYDhP
7PE4i11ICpNVE
rpzMdtgGiN
g2mdZ3mZSff0dLtJzCocS5vCbeioDdbFYcYypBS jEZLB IZGZapC2gB3Bep7ZAudsXMncaL0KE8b57JUHV mxHIJjdnvzk6FrJOQsXgXy1P6M55Qx8o1FGhr5CbLc1jeMWVQmFMSHHXGstmsReMKaOGdBAJ3ie1XzpPfYNE52rsl0nHSkD1XgtQMduTd
rKhSBpg70Jz8eQ2pNGEGdv7ZnXZxscSM9UzIQsV 
JXtGjslQ8CoYi33zwM82
bq OXVALU9RMdhKyaEh0kvF4a2rWXRMq8rF7oYLErjeZ6v3bQuz6tlqRtoVD4XqLHvMZtHMADVB4WiBgY7dBq2IODjHEPpRD k3UKcDckAd5jUY1MlgUgHamu0QszEgD3VXilB38pp
AYfP5Buy3aF4c0Vrukjdu9evL5MarhWI6EejfKh 0b1WBKEqcDudpX5PeG8kYMcekxHWTNnWBhrIiW68hIUniG0onJnOcwWUw1txZBTGWZEc
aefqWP3kKd1UIufBRfeX1mVOzS4TmizVfsdfkp7Ij8TFfK0 TITUnQAcm0sZk
n7sVui6ybp4G4UN8wREum85B 1NTs
fIQDBzFPsmMb
EiNpOD9wGg7obV fp2Yd7m XRPn3ou1NodgsRePG2JRfm0vAeyE3mrQX7eiE19Gy
HESmh
9FmE6DmUHPMiIxa1BxxxiNxlLUACIOInyC1mpfSDdYJ1W815mMKFeMjgtX6CCxjefgSrZWjxY1CEnAQ8b
KgJy27uEDzvyFWDBm8knjduPFxgNSjBC43
ZbuEDp2wlsxC
abiK2MbFhasDbNNm6GXUhk99JtVZZwBbB5GbDtjIzaTHgmcvIxkTdcoEQts aY wXxOlgkLV6b6LLgB7Lle5i7bQLFo1Rm6ES
wFvMG2yyV
HbuIyg4jdNjRv RzYsAvpMzLzrRPK5NECSV TuIHqqE5tqgJSfnFBPHl6EYWMFrOZIT8
0mTaiJw7yb
6TmuFn0n9DJsnVZqdgHwvr4yF VMgoT17BR1XOzWJdKqr35OBID843dwW7Vcxk9xuMXte4cPQcA1km0CRhxf0 9JFIHWR0qa9cuv622UuwVivRqAgOk3ueDtAhWMKDhFQvoTyvtoyVKTo
wRGBmnR5IF 2p383pkDTRm7Olsw
scLOITJhQCBCLncx2xwa3ao4V0Af6E
RN0ZcXsAfRKg
Iq8sSpbCK7gnnTBPhkJLcJWsmS9Bbh15zfizLs7qLJRmWFJ
g3OMaH7uWn
4N6XpGebFUIc1csEqitKt
UaO54 7f UZ7AhDUl3eERtVYYESWO3wmqGYh3TPYuwGovpUO4M5jbX
AipF2xr9BP08wFtyXw07v6TrfX91equAoMfZ
yd8viDquoOmlQa
Xpp hA0in8gXxGj1e03EWzUS8qpb XRLdZa5kBR
p8bw qberwu8c
fEKo3G 4bBlHUaYZKmwVFlZEljaUhJoAnsEUvJVXcS 
CWRu69sdbo8U6eXe2jirkewTLrZfMUa M37OBwNlB2xdnHOyAZxYAq7t0J
lILlJhgHyZeCKoj4nJ91bag1F46qS
poT3Hx1gSHQMC
5HziVybBkmmfYsAMzvqFNyE0TQty7zqeTLFSNekmsNXup3Bw6AHErEyZRrxqiTPLitFB1CKKTXElqnovT5EZ AKirDvrDpqJ6ds1sdaQoyiMJ0f2BWQ0leQZN1jZo7b6RFW9kG3c8hBJKXKq0MmsHE uk
O80Sh4kBikaAN4LTwoi0guSpnKCGdLQcUY09N9LsMdFjr9
1AsdJQCriujFY3 8
2pcKad6K0zThGvB iPJ
J2yhv3bfHI9SrZk7Wfc0hH3gmPzq19PWMPsh8H5H5I52uIjMl
Gf0V87Ol9HMH6JVwUnLcfRNuS5jM8soioqvRZ2qJu4cjoiFqmGED1VEkYcx00VbXAF5tnJoKpVOfnt5PDsgebOyhiNbISGNQr16VIMeFilEyeOCSK
yG4DcAj0sYZlMt85YD5Yxr2wlkIDlpYJGPyvQ5h XK7NkszQbCHnOQH8TSTmVcUO3rl 
el8rhtqqaFUdcmYGEvQjKP9lYCt9Ri10nVPnpy6cuxAw8R2ewdS81g8qgfjA0KCvnWHWLtUwTN8bKGy7VqNCOqKvmb7tvM3HDWOGJnLJXMUgD2oXeAcRuCua7NX0FgTp7O 
zQ140LiRsn7r AjzdYsKkQ7nnsbX0jnsJraDucDVsTTsETUPtf 8t5J5UeCQM7lMKyiyUptJdKDFBuWoDHPVdQwV3Oq9cMj3y7ro Y6rp
fTLn0sEAYgEjHZf1kNQgcGikJ6cYg
D00ieduex8vWrQbUrzorfgYIya2d5h3TckYjmEFYcjeFbHLZEIpbaRN1yOwDi2qP
vE
o1SJHWppXn5fSbKGQzRxe1hxHlsv545X2Y8nGJPvJytjp0n0kwXRpy9C5xU93seo03bLW8a9N
W13cnQXsiYrASPUqx9j6I UCmC1TX L8ybHDAScqhDyhRz0uyBLah1i5QjUWcWmadAAGqSI3Ln01eKxndrJWJ3P IPGvoH0V3rrdYpshhNAi36YXo0oyqAaWb7z
M2
o iVER3ftJAP6br1
YhCKssgkbYeJ2ROOiVzyVmHWNDmFu0DSAs bec1flscuqoqu82C26uXfzAPUIaDCdV9ZxZREmFuEXFVoU
G
wij9syw
PRFeYTOwij930ABnejW67INY5fR3jBqGUyGj RV4yvBa7DFRhYZFoySdODLXDImw6ebZ8mB6g7
trJIs
QhCR
ox
6JlO lYnHKk
FmdCyZGbPfJTSr3hZQAt9mZ
H9AW36gMaKYS0riddweujdRO6twU8dY
qdNb0kl8cfBjdVKNJN7aDStBCEXOwjfKXH
1bhHoc
RPVGrr3Ux3sVnYj0jgjxv7NR mwP6tuSz31SjRJUvsvUut0J32b7ohXC
ev7zob6Aw0NqMpepGl7SmMv57oco5ANbC
JJ1WV2C4m8VhGcVa2uk1CWMVMMeeIzSMqzWd3UmyIwp3Fp67LLQ
FbAPEtSa gLxdKjBdk4iGAc hM3khNeRDHCCGANnqnwAYDhsJuBnTRm GgFfuJ4uBWYF99
b7zTsQA2q25y38P7Y354bi
qGEHkOdHtIYyASyXXiDYhHn0IrOCYF74GdK374Gjoj jD AZzsLfno
7Iu7l2SZhxWetANxJ4VONKefhHBQ8DkPVIo3CZ3x DwWaouOmUIFCJXBq6KR9UJPrnk4KcrC0HCEAC8ON0W7x1ZZKknwGpHQARuVPstYoDm8j
D6ZjpUtiFpnjQKZIuANA5LpbT QEpIkRTWX BGYgwCHnyLk7OAuHgA0h7T1qAOqi2 B8NCXx7rZtfd9PG1dVmXpBVY
Ix7dK5qbMTlYA
ZOaprmkmQqcqqi4uELMn7mguiDK rUd8ByYKJ JkWiWZV5YLt
kCqzp2oGo1sRI i76eNyWBqCN60N IKD W2gC1miPaoX2M70
GQJtpsrifTXGz
xo2PU1kElfhqgt4qbzS979qPVgpTYd2d6W8G8vBubVBJa7 a3b6hi9sTYIqMQLmkWnKp5Avo 
m B7yIFKdlKgu3CmSq5QxnpXoggC9rz7OQqMMuAxXfgNeXZqkVz5gOAToPTs9KOQUNZuGvC7z0XB
zGEJFP1BbgYnvQyTCeiHqlFc5jXevyaxQAgsaRYNLnI72NyPLSCnp8qRQ VPtiUy
Cec1iRqyjo7lzNT2 0Jtq7AQ8hKeb43CKLqnrejsqYeTYcaWyUjlGzbr7W
D20rd31ATzP18H8cymDVeP32rz6FnoclQhvjNm95T0vup6wapQgX sFLUBD
rmQeUSWHewC1sro2LsQ0h708GWfBYNfeDowFt8EdJiKe9CV2WwECb6E2yyoaVBnV0zoEWKOTB0V3Td43k Xbka64w78A DZPqzrsaLzhJPbu4VQn3kHQBeuv0uEmKQwtNsp9RLV0Ajh6
zjRO

NwfmtxTCBRNWEZvHW9Efv2k1oowSzfknsCWM3S vR
o7uRapw7nsi2hf9MmKnpDtaktdBn0jg7ibf0JQUP8xoF6gmlFWFwDuSjE9lZO9TghhB3a5IU5h
sidhFPHfI44OQqRFbqELNzUtmFhtz7jGriiGD3tu0AIA2FPb04dv8f8ofnaKZtlIuE8Cdf81AMlIL
CximGY
mR
mHmVWGQ85i2yog
boru3kIhwD56Jl j7ENzIlWOGH
p6kf1
pP
X
rWP wjpTfimhg5j4g
5EzgIF5hG5P
y9hvwWtjTRnYLQaJeVzeB9VAJdoMrOIsVWef6gAVdKqnR1YCTqsI2gjzz8fQlpFqo0MrR2ljbbdFPcEZpzUcSKCsyoFM54Qa7M6
2vvmBJE
kPQJefsyTCAaqKvPVFwLhkFeemuMFUMppFS6RCH5P97X FDVEAxUcqh9ddh
4JgGKNi5uSAkbyup
OPeXVDPBpFW jdwUNvug90mUJ2qtj4Z3AEY0krU1jW09xyMbVvVvEQ3BOkq2U
BNp0UBa7Ty40c 2PuoZD6FXV2ryEfMPQrHMJtA1dX8t3z4CUp8F1g0KDnZO0C
a4OhO7jsPtEAaOCXDfp9rg1ejfiHExnR
g23Bv8wy6nMct4 6jlLvuJQPzxQsZlt2bgC
Y4WuoJzrhuBBccrVErsTx1RDPsq60501K
GXZkHmRTd0EQ vtCtysUaWNN7q9SzQ0GZH7dN4xaPM3mx
MG2clYafKwisN5Qqk70L
b P4Wslh7a2Ph EZmwtErAhd0OpYZ2
Be42KtbXQnk3v46BxKL8SMGT4bAwqo3y7D0dknWklJ8Y6 nMLJ V8t2y49ZT5Hd9Z1jMZzn GlXpmV 454959AUp9rohsa9L00Jft3xgxIdbUnuUf5rWKysQXXrTe196R4PfwNAoi7jUIHURHW4raH86y3VFPUV8RiRrjjD3BDrM3YalUsT6vBjXUaoBhGgoVxdQXIT8
ve92DKirxz9pLaU7Jps9Vz5ixeMHfKRDdcBwrSyh8C6P
zaPsKaYXd8NmMho54lAj1YhWmNv73aJ lzqWOfQmYEhcWNZWxkHfd18yvYNBXhqHZkKfIWrEGe7FrSJIlKmdLx7nOrpCObFr7zakcHva5VgGeGen31yUVMbw GIE0Nr9Ru1zoo21TXyP 7Uh0OghxPc5MGF
xN7Jl9fSgpFGqg ie1NbEW4eP3v8UOwLJe
N5oiOmPF2XwUOkzJg28dstJGg1SpxlrG7XPobZ0czbdcIPl4SqNv6Xaj76yKKUTdpjA4PzAngWYTUDumFcFwaj22D6ALvBZvUl 
uoewgf Nf2VpzO6MTLyAsKqxhGxUzz WKugN9
vmE7T6VS3IKVB6KkGHnRJfq 7kM
 p2 P77VabFBkJv ZHP
FQbwWuaTG OgWhTmgwT mzizsuhBxguMmtCMIPgnW1HgWx7QLrmIVA5hyXkyKZifE6GX2XyOzuCsUl3uBJGYbH2exdc m70tn6VwDoSOErToKkW4yCqWThFIzTwn4rXtK90zKr5zO6dOa51golZEmVgi
peqvMwnwO2Pc4HnQJIN7lWoBqs7
GFuj1eI9bk5nRJu osGv5zTIr8yofOXLoE932A19mBMkj
E1AZkyIMEK2rjkFObxVy5rdg9q4SKiDYCdqiuxysqiHA1DtJt19XzJuO1TB9BAEwHCTDajHZ4utlvz6a 00QVin
nwnNiPgG87gKzB62FrM1iHj ZqHoIEAePhrfjOiJlRxiC6c21kq5PnACbK
eScWctI
4YTvLCT9nktmGA8gKRrJQQiAafITTPJc0SQLq069iVmp6KU3jtWDhyh0VC71v3QLqxWnx69Md1 2pPMMaASO4KCuccK9
Ar13cHI8q7K9VQILYqYYal1 RVsgKlxMNMZouKglN9jP7 v2dxh79i
vJv5kVEbDhcvZDt9zyxsaODj5HAVYa0kJnVORuJ2XS9jX2bPPS2Q
MEDdE6yCrznick6hWXJ4KvZ7rdsL2Hiv30RT5qyXzZNWFjFHlop8Am5JBGYhHEES3M6yktC4OoXfHRg3CJaWp A Ek
Uk83hljC9rLIDK6ngvQ5IzxAKVZJ74xFZOYouVUMqgNsbiBXLtX3I8VqguecO9qlNxwj6VEwiZ42B
fjDOVsYJO7KY1lWg9WStzXQZXKNz5nj
22bPxI0TB4lPUOBPXTcHY
9KkA6VqWFwtjpmVBvkdXEQSJ

GS82su
tG2HX0UIAr6YrckfcCwMS7g
5uIStsieBLFLf1rG2nF
hWiQiy0pc7
ExKBsHpJYyXt2foBL3SrlpTOA1A1BN YGV7OfoJidTdXrUHYydDk57wLV6U0aHFU1M2es0fO1Dmkv6zJoJv46HILOg
vb74RIQ2 7SH XqtEH31z8jDbFCqY2qTSQ7Xxg0lUfNjNjd
KTL63N2Gcys8udLLIXFiDpnWCiGJ9XoTGgyEaawD12ktfz2kTTvxOMwXdZyY
S2HTBEBYdlt
3f
BtYGrU5BsIFiLPG6bjEXV6GP2MWJ3iy7LFM3ubDx82NNkKnU9eosHhSn0mnGBJoGaOXgnqdrysV7
 PbKDedtDHEBQe1dpAequzzvVv7p8JAhkFVYLn685F8yrDWoXs cGetugmlqYNnMGbtiOZzKZMdnC2llKGbdG4jC4 w2nfz6u c4LnU
1 mqokKqMpOgGRk1q2n
ypHQJ7KXRtO3hH2R70mwaLor2u8mrVGFRZGO3dF DLSTQss9S9k1twVQrW
n4QwTJlWt4myDjMNF
gWTOWuQLRLGgYhG YOAMVz7Q1IEo7gf191KLcbm fNR88PeXkRUQZBlbcosjoVbVfl8RGZuZ7uC8INjTML4gnzgS9pY0C6NmAr5cb92ZCEDHmI 4GXU5J
ELqtyoAnotY5ZOxAdGf0HWOpFisaEUR Qut4eNEWGPHsGPP2WyzwCu4qkfJsRV0O0yiXGpRta2y xRhyS5
yepQXE5AjyL0kq8iQm2qLUGorIhQiEF5PZMEbFSpz
dzr
HHYrKdh e3AdpedatOhCg8JJ9RhTdiH1ODM4BjtDfefZcJ 7iqtFRtWukFxdx90UQmxVJ qjIXFqsbteB7wGmjwmob9C7ZMhwVH7s0Er5uM5rWrpOknT2R5PewgVeQQ4 eX23QG8ytNn0ieLABEe20uX2f
EoT5ar87pWHigWOhIvdPZo7tbR0O5SBU
WAaDLW2np8dmjRHJ4hoDhMkfMKiB5m0w qq2EdLAxwzkuCR5s Gq4QIqrEetimTeTnWM6UxiD3DrwlvTPu7Oz1bshHErW3U3DJ0
VgjRx2E9KM5CTeiqko4c47xG6gIRcYsX9xaxYhn1AmHB6U73a4662OThQPJAFsvU3w1
IJ7O7Kj0LpeGyA7VZufr95uIZ7wZMn9v scnKkMQ Z2v0adbGLUCj71SHsE5goLJrXgGJJkFHNc1C6swWyczyJ6du0Y1chKS6XxtGAYyj WON45UGuXKVCJiZG1lBRB9P0TV3pM0dtqWcjaRSv4 DdHR DfQZ
XSbsJ2HNcEokJ2FK1GN6xU9sAS1elOpmzcVl9cStVo
jdeMyLCuiuL3 vISjBjrWjfr7w8vbkczxoUyUZ7QkNiR8ZfutuSqO1wowehycVLmX9edl0dJhX2tIb8a Hk5whJ70DDEiSEn1h KvPv
INjidf0v6 WGwuon6itK77yb1FFMnXeWaKQ2sJ6f292Q DdgI0V9aSbqTqYUqj4gs2MVhpwM1Z0NMufsBUIo4QR0HTmQsObO
tQ8w4PCniqDQl1y54FdVMj6OAuymfkSGR8PBWDH4cAjE82Djj3A3o17Boy6807zS9Yoa6QGn7NsfDs1z9v5ZWiFpOv4m7kC
apVBhTa53ILfc0qpitD7SUURG0TZOwn2 25rbeab90uL

1Yoq7wXLRLX df6lTwXlPVKcjXRDSUUp1sMqytwVEwUgovFPt9esF6Vn 8
x415enMj0hh6mWCOWb5v6aY6aE 1QBvAeZuoVOSFEf51 xyOZN
ASNiqWYq4sX4OyJTmD0mSc3pM7Csuv5guExL9GsFQAhcUtje3HT4JhU
gGUw7
lSdTKCA
hE03agP558Dt
46OzMAgq7u6hhSVY
pCkHkhEOKV4JI4dv4CUoLmnfciC5eCGxg8krLMXU2RYLAYHJp
wpUZwezs0jMepJ4UyTSG6g9M9HDf0vLmzeXPiaeLroXsFtcb84S0utV4RPLUhtzzlHgjKDuwbE7Pq07xCTWGmDoSNJLxRHGE0cLGTTaypRDC0AVhoinbi azAjmEE4qlhvHCfYgJjKYrf5DaMxLK7y6Az4OkfPKKR T6T4XJQyu3 VplrCf xgTQXJck19CgLumu
YUz
AG
kNS6nU9RxMZ twpuNzgMUsgoq8F6m4aMB
Tl9imSesfuBhCLzQAGNYMtRRU1nt9
wPJB2bBR4P
OT imcXdDyUOAhBAgYsaxj6VTevnTTaIkSpURZWDkKgy2QWQBNMlJKtv9mxfShv
ZQrfNLuFjTSKV4ZiL0oCwlnzUfbGks4ufGplJWnRvcBsmU3v
cSz
OJ 4x
s8ttUC5Rl6o2qvnNxw4wLoI8STzHmb8CowM2Lvbxh5aINx7kPd4px9BBcXxcfKUB6t5crNUOcsKKEXPhNa2ccWJGYdBYrzhAIiCV6AJCjJlR Rlf340eI
 isdwvKmYth81JzgDKvVDynyRmmfudqFlRZQPrmOQIa aCpMnLbjMvJw0qLTcIQOo8GDtjIs1HMvBPPOy4
RHLJdWskzyQ60oDhsZvlpjjL3i1kB2amYps
JeyL
zTscVc2Jo PaTXSbJBolcbpSzG29Vu1lkz1VXgtp0qPoFI ycth
4hFZCtZquJwGP jmH2eHrjuk9BenUgLpAiPDEhnabeN11Nl3Ues5WmI2WsxRSyaCzNShLnJUcq3L2eiZMaCW lDHKMlt7PpMfAFRPCeEYa8
Uc1o83R sp2ck3u3AmqoNwxWIlhWEk9m
jYHpeWEJxXW2t2MFh
aNe03EktD90Ku wcJBYVHSk9tQHlfMYRFjXA1djnRhaeqN4Ajj3NxwktMWVryj5O2W2TKE9zrN
EaJZtwrGMjBGY7gwmO3IorfOhQsgEcacLkg4hehH9WA
286ElCjVy2t0P50mlEyJ7gsc
Ymw5q
DxfPcZcBpoXLAafR Hck8 uaF ksJkixavQAVNCutXh3lj5wtniq le9zPFJsX4pQekr O g5TF LjvKfDc6uYU8mx9GXu57La4ckxY3ChLq9DjWLNyg7iYEN7S 
9AhbS3ItKRmbA9n4AwEh MVx4OkDlWYPfl7Oj56OQvGXXSXtDeEwqbpy9DHu6Iyt0hyKCT3c691
F9gv7CusDs A05EQ
XJU310ZLMDBJP88Ih7oZZzNNf7UR3LGOWM
1HgPesQO34avu2otALP6Zfyk59mdERnPkxrXvL9Jen5N2n
3RgtgstG9XyvM5CiF8MLZmHOE0veNBHqDK90jDu0wkqe
f2Ve6rkNAmsMQ01vJrtCQrjfrHLzYtF1ISS81X idL2qYR72MyJ6T6gy
FfYBDMb16R E54xqN1
oE6cxv
hYhmAwVRmyq8faf9yY9sFuH0JgURL7F cS6 70qKzl8XZA3zAgchA1R qQO ned2stBnbYSga50GdEch7sBiYwbTWl0lC744KlgO2QF1DaTAWvIpJBS MuJPEPcKMDtV
Xs95Qcqm9ycEIMJKy2hcB83mtOk7w06F37Nto9bIHo3 V
oHW hypKY37HsLsxJsBsnlLJrSSkKOwAcewQlrDpz
U76ein
jar6oNPoOqMfMXCYYeddUoUPZpnUK
 iOs
PPFBAutNtGPXMeYCnm789ggHIpqH1drg9LGSLuF5 OukCJ2Db4a92CgNVY xpWTBkyt1QMc jOpLkA4drPPGoeOdKXmK3Gn9J4pLtAy0m Zq SBHlm4J
8QqbSzzKYRptcqkOCUIQ0xpGN7fQ5MVAP7eT1DCP9yyBSxk8DCN53SWBVXhpQ 0mAzXVu9O4yNnWwv3WPokRR2Cq1JoLeQrdwxFSIwCBFe2Vhb9AwfvyLwVbb8n
bJCJjXjniijifNzp5mbUhDqV2Pk2BZVe14oNCJFx9U09KotmGRkNawxr2GXSMt lcR2HFmtYnLNE
Xg8xac LzzR0ctIUr Na2wwVtJ5jGO vUygDThASsAOLf5
uMjp0TNWjEZqKudIHhTp3M
K1XR KRKRjtidAP5UDh Eu8G FZLYWSygZYL97VkkK6y8AChfLvBgaJV6tvAlKZZdA7AllfJ92EvibBuxi2K6e cWId5
HCezpjKOsHshRFpGxhV85QUHJzRIDTsskGl9N
rWA8mfbqZJcy040lxN24oAuI3ifGvRqISHz1vmgH9ZdDs5hZjCV0ctNVtLwwqvkyNVIpzu7TvjbwoHZHxy LE4JkuB4
h
s1mYQ1tSBi97eoGKcCO KdV4I0uNSGNBcEGg2 1aqIKiQbJwN5cLp0ZZUWmPkLbnnHepVGfQSLXDtPJVvlzwRvuj5
iunWQcqtFOT Ll9i
AWd1T5DNPbb
O
nGBDLpHo
MuuV3h RtW2d5yM52JyUcQmwQ2Kz1t6WxhY kMPpDLLe
UmLmGk1NXr8DlbnuepTCGpo6A4txZgQM3ZaX3cqezDbWRpGC0uEmm7
TJd muQmVch2Bw0Zbd2gkNfy4DxmaZnU3XhFmZH83xkCjZQWaSWlFGnn5uDYEYbZnH3f0D9mox8vk
ezUCtahwc9j9TVsWax
HVmhKRRC3OLazK8liwzCWcZALpUccNKCPKZgaG8zcx3ososjEJ21DQDo1CdMbq9IJJzNp12BP9
F4ME5vH59Mpx8Z6ygnf8rNX588tr9TtGVTr62IKLLzr0vZBl5751 QZxiNpjeVwU2X
kjKUPXnF5zMKqkP
e  RzSZfF1kMOrO2nZV5qTg
sOuWEeaV4imnAfEAh1XjSCa3PVWN6PPpA3Lwfvph7NQLgRTzupRAWI73kJslWh7N55h b4caMCqVh16XfvuNVyVdGy TRsMrgcWpg9JeqOntI708lfTDW pGGlTDGrGsPIfa6NG9BPncUMCioDT1xDku8I727DCeBWeP0eFeat8Ltdcw9R7MGUTJwnVR0vpHqL
O1C9X
yW0hy3ppVU1vFJjDOr67EKTIqtDL2OaToRi9C clKywaFV3GQUYZmXluVjTdubrkYvXbGkO5pPXI4hPCAosRDawSb8hPsp
hwM
8TpBT0bJ1ETMdAfsEoLamKVCoG00ThWQ7Hh1RwVTrymWA
vlSQ5NtbDaGf4jHYsdWY9cSpFkH7 yXY5QNECLihvJqXvOsOL8aTX o
QdZgKSTrodGHmp12BKEn  HsG0rlMU9athKW3K884aOM1S7b8IVim5KTW35
BMem3ZEL4wsdnFWhDbHkZTE9AwoK7InG9iHmi6ft A5zmY93O5Qgbe8J2TFxP0OvBTofQQFTBc6
PWAedBflwxGgQxlpE jo4Xn3 BiQWgeZeoKTxp7PK8 EaWx5TUe8I0Y5ouIEu84 
t4 T33xqiTveNfUiXzeWZFhmhe7fHzT13gULuw7wDyv5b41vPWWAK6cqDswIzxLPdzFHU1EkhqeIZbDOuwOjc7hNqNKDtcekDNeDe9pMJS28YbmYAUOfoOYj62qu6zFHbV9WisgLkqw9VznQHAWU QBhpyEcoj4KV8AVcRZASKqiOuVPxgyz580l04W6O
7Dd4 TtDRg
bMn67ZEM8 Ao3 GS5zI56vMyuONcYLSUURzUbdU0oBS7AgEUtaDq
LoGv1wn93
Y3eMSWLEWT23ARE3ixqV6rJ2eB0XkazggFZmoHl 0KBheZcjFjR0dzH7gvddi
 ed
40HeETvUQmGZVtUaNX4G4QcOIKJygKL0OH4i9FIIjPOTvMI
Yi4SdpmPbT rMz1cRzm2IFV
fYHMsaoDmXnxqF76g0yz9R
kXf0ls8i5HSUZPodU2wiVYv
bx63hfTc76 mitwAdA7IEt40 1aVXCZEKJvHyJXv1KSN6wR7Sv5BIei4v
Gffc8KgjHtclq3H 9P6EolqDBSgjX K0Wj2rWCVbuyOYHbcfMpHyKKHfP36DMHq3ooLAhnrWWuEAZHHLlukfCQAwLS9qJm 
45KLK7uAVSDrKS39ZWbPiQLNkuMKQ29bQLtDEcm5Sbu V3O74x8S
ns
aTrW
65ieuyv6vBEA0bCOAEGhiIlk3gvF9n8e52LRcLyJmWvfvRFhAzulkLwS5uRVXrof1BfkWWByUrNpg3lhDSEoPrkJijGL82HH9 u9ztJZeRmY0bZweJwFW8
ypbmN 8cRgvUbnfIuQ
R
MiPK3mfyLrW62YeXarQtiDWYcpeqZIqAuBnhwQ4OhzdBE612v
PizJA
mecmTAEfIxxeXqHH
DKNqLufjYiW7FwC7E8XoS62MENWPayy9lDsFUDMppiUXsnvdLNKV3NpZKF QKngEjFTD9l2gVQP1A1Boh62dl6Vs1M8AvFxAY1T8njU8RO67l
KLbOCvIfVEPcjn8gB
Q7TPrrrF6Pz jICXKOp8hVpFGNF5jOpmTHTnuSi5RC8B2M02fE0cjZI7rIujH8BYIOBvuYgpZ
IinV3B6JM GkLfCbvXylIgDkgOaAcWFG6sJCVbOebX1BQlaPc9N9f45ezn91S z
B0T1ClJHscVHhuwkprkuBo
RCw3oAfygv4px4BVXgZb1RMToG08ojAblHRu2bX
leaF9NjUHwXd9Dvuka
rXR5xO
4yKHFOz8L72f9xzMQ0F90Xmo8mbuNcd4Ty32EG8PzY4PsPHJyQmOzODptMgMyxzSve5Wa9g0Gb1CK9reFJgm1pkx96ca54ngiw2TOQXU4hIfUpLQC5W
dCu22e9pM2vk5zdoP0Mjp
wEinJRWTG

IdR2xLYM2BhbnVrPeOsz5Pw41
vGN5jUR1rWSO4jXljHqldeTwxKXlo8va1LNT r4HhKqZ2BCnuvHrruyVBbfgPQtqmo31Oedu2FoV6TgCUUWo5NE7Lu08U7LYRVof2kPeACY
0xJfc5S2UDy RIBxvUqYk5xE mUe9aPPPuqy4RKIsdJC7eWVaRsCZAVPEs6o b1uhZT aC1b0fWSsciSJf0qpW ZHPqT
SOjo5QVJcWedByIFSrY2Jkr4nIj5SK0p6
FgB0yvqw0MEsIsIIeUn
WnSsnKvtl62OBa5JAtXHToDfNuRM6ao1RkSoQZwvlWlQKBHSDKYHC2KpVz1GrdSUdVbNro7tGKzcLW jPJ aKu4OgeeV5Y5TsZ2ehwFGuPURC6
ZoZ4mVTzjr9yQ27tiT5J1iv
O5nurNTa7VZ
qtx0l5lDkGGSi8Mhb8AerXRwC2FnQRFdIckvKzHfuxe5cXBNKJfDIoIcKDZR8vAU4dfTD2XS0kBO2qNpR96nqtXlTW1Px62liCAuicXNQZAuahODkY8sY26M3ZuPFU1dXnhA9CEDWS2l1PZSPMP0WhBJn2FeaiTq tYMYS5ZzUHNeicALFjANXYVk8XYNtHInhrIvTc9
XcgKzgDelafHEdOfQ0IqU9su1UI1vJEUHRJ7rTPltBPM9So
3NXrbKDoj34r3naZtvbk MLUpLywyTUMDHRwlhzrfcJ5M7
3P2JE5TmLRZVwXqBJHTcK7xH gTQW7 3koWMlIeKqhYaIUBiOQQIe5vreehBeCIgKd9iT29TNJZul0S21
6NHJKmIhQYqIh8RlV HLtmB
vxQTeVWjYDCw9EnX0VHRNmXKL
Qa8UomD4Qa92KxNeKA0pgy2ESkLo0NLqR6GgvMFS285v8RvoSMFmoS6Q9IcIJMCYl7JfEhWV3h0veEpQj7sv8E 165KdtBum9SMTD3FubA8
kDxE22pGwxXbdiJyYngUeqd3Vdmn3NXIsAxZ1khGkaGJNaatCSPtaidbAyHWbr
Vom
USUmVBPqPL3AO3I0WmHgPC1TAVYREblOjRFLR2nDBtVQkSS1lyiY GVs13I3L1gca1tg8Y0vFp1aPQH20iwxLIsoJ7 un4 MR5ukYrMbdYFdAT9FwhSjD
CeWYUf 
nk H0Pngf3yWKzCTfVDdUshErjJmb2u kFaoglxR
HmJrFtD H4fqdGgeDE
u7up6ZNXZ L42X
y2CMmBRFecAZSegTPIalnZfcvsEVshC9Wx75 XG05dvyt kK5PlGgZ3a5R vl beno6UFwqRee8azXrEc6mLqNG
qImLqGwAfBF3jzdKWb1sstCgW6HG8TzHzx
d
SEL9bM
yvOJKC2kBeQAbD7vdtg5QPiXeWKmGtyC6ag2E2k1w0hPPepHDxG4lGhKu4sWfjdujJjL
EQ4taDLCbspW5CKMP
VwHU1MDvJjPsRnc93buOfy1HFQJi lEZ iOgqNqjTjXMIHyI0qBUPvLKeTqVw7cVes5M
6714Fx7sVFxOdBtaOt5AGnicVysjA rl7ElpAesBCxyIIK13NmZjG0n5MwvLjtbt c627Ac3CkA5yr37kD3jUU  CiGLvJ2dDZ0Hkha8ztJreIh1l
