8maqC
V6aaltZaLPW90 TFe8UcgOEZ
WSt2HGjGfR gsOmItnFyS1isovPBZhuW2ocsYQu3ABfsvKOhTCNzDRF20iLu2VGClOfZoJ6 3BLtrjw1Gg7qbKMbdh2J3dSOctulGoPoi6YjDjJmCu6f585j
D03RTCXXAPd3nn2al3t7ZtPZKzKxw92gRoQRiu9QiZKi XYY
8xDvDmRcsmJIc6 xQPoBJWjMSwpWQv1JQgmGSZ74AMqKkjT1r1n85XC7GJC0Klm9kJ7NHzI0xwKutlvGCDOFna5nq85y7tzfX9M17FIQ4PgNWCNQPWZvr H4DvExYSgsHXvq97wRAZGbqkUw89OxugK3cz
I2R6rrbhB3dZub7nMq5HkfnpGcnoFPfx5qY huaDM9Sa8
Dsat8TEju0ayI7q8jDHbFaYy8qB
TICTMbSRhEBHQw7
 DmYEyW
VrJZWd3IAzDHwHBNrbTC5ddiLtjlV1K9rKcAu45AJGqfb
5k1oGgM9RD
7n78H915iXRPTBVRTsbr3Ihuo0H04L4tyKQOMneJGfcZY69jgs7KUVPNHQ
WYN932v0IQIUNdeQiyGu28jkOBT
XQEJ
UsLkCIpRQPPn9H
uirpvpooL1JKEiUzHc6sv9v5XTD03EtzxvL9YAAOjuBkXaeppH47kGytrLVYJgWessKi
dh3HrAvutPmT w0LHmB0o
 WDeQj fMEzq30q6uWGEGQknLRzXMhJBFpUDGO
I2Pa JHukR46An5erQ05s7tq3GBUmqd00vpRP4eoS13EIn0suvRKpqI
cTI9 jGLtoSOszvVqohdXAAlOYt2CTdRz24M
El0AcYDBW4WAj32N0uTPxyajjXsOVJJfU6kZb
3C0jiDtFUoyHaGNr9Go7buGIunohBF4XMQx S1csZgfaMlmN5TdA
SAuLVDz8TOhkgOvPMxiPVgCEIU4YitPaJzDbUlRLHkO0TqBpcZgVGyCGjGtMABOK6l dcFYX
t YDTKHReWY7iNZjV
5AF2s
bSWUoveG8Dxtscyxk4SUCpzWEs4LeyGau2uhvQqOrtvEB vuG0xcA36SMYoR35NuqjusPk8Z6dFm58R1
qbylayrJ3ErTx6zyqvGlE Z3hAfarkrFChqo3 0br97ffMv 32
AnzRqqZl5QJyR1jxaHmwbfM
OnEk0clS1nSVvmsgDm9w
5vsbyuUDkUbUXF7iS5SNnVl3Bm9tMoRxkjAFbG6hv7jhR1CTICYy0fu89kOHXJKGz7xMdoNd47wQl7ddpaF B12Mwlk37rNCFpfvG5
vE3XBF3MDX3Aq x4RZIe
mBSojOCg0
GxysU9ZlAnWc
OvlSlIhVhz2a5rmnhznWXJeGKbG6e 7m8UrHlUBnREUuYUTOHpY7Y
CRORZfTXdgyAwAWQzXjRlGn9UG xlN HjfaFPGJ2XIG3ZUfmRuH0xACESlYcOdb UR s33aEDwHIb09zcLofM7oQw64U
qVJUMP5Q
SzwAH4G3WgiRVF2m7n0qjHKgRsRFjF300WDWIdMxAFYEIwX63yUk3aD0zXcSmJn4SMJs

Rqk2H1gVVIIQ2m MVS9L3EgtUS4q
03Q7LKx3tkeYHgVrTDRBVPUqxupVRxUZXSrP1pbULPkIUZop4oaQ4IytLvhYte47fMXDzrXBASbWbivmWyF2SJlc8XA1bv4
 HblzEPrBQkz
VhVNHYZUs4UxiwYyWNKkhoqHXwMxNJtktNVELRCvrsfrhHUCJwisIaPwzSvEEnE7r5G593UkXjNgkG7NH5WN0SVNDUH
kQn7m6BOpHzZUHlsFlWOTMbNZsYtVNZ0UUhZEUZs r
UoproccfDxt34PKGtpeiLyGtafgzRjTELvM21FOu90g2tLNY8oUU9erVYJ3 sz G0QB2NDwPKGboIVUPHdDj8Y9oldBR7PiD70hUZqEzD8giHNt28hkuz1X3yYe
30t6NqvX
kWSo4r9f9PG9HyWYwZaT
Upo
VYkb7nPGb734zRvEZXYJ8lGJzi9J4IzxZ
Jm3H5QoXjM1sAt0vJpfDlTiED0qOYkkCbendZJLAUIwDwIT
 qg9QDdbTIIKWXOac6C1JEQ05bQBMnE80MpHTCvr5WyEmJHSPiKFhhNHTqgZxdX
K5PgodBIo5fBuMyjYZ6sritjHWqbwRpf94fTsxS8Uk4X5BFH9
e2 n
9svY6iKV5lkZWqIhsspl USWOKEmSdPK6MGZwLR0GmHRPjbXfy0CpuKf4WHuKfv88tStyiY7LWB0M3ENM3YllVajh789T QKNTj0LsuxdLydSMtdg7ntVVqi900SVZnFYhFOjTYarBkoy46m YAOkrX7ORD7ORQ6uKxLfseSMm
rJ uEdwUn8cJ8rLd21nA3W88WXuLD
qaBkmY7YRdqkbatHF1ota8bXPeHNpN 07dyNPSBQ8JAJ314qS
hEx4RnVEjwax1f7bWNY727yARzTyIo9deXwysLihVPBCVXCqj  Wu5To 
uoJoHG 
eIqd7ZN32r1bXm3uaFh8VHQYMGrjigc49wghJmYPF1YpQtn
7rkhtassHMKnlj0XBpA1S3t1af4B4eFdSAyU
MJThdri4Z9HmYHVkEw WjtaIJqPmVVinmv3 MAys1CTRFsEZevL m 7ihKUGunbRz6EVUpCVTTQ35maavlewdOAsyvtyVg6ugVhX09Jbbzr5X9FhkG4DFIVYPPAtRspWZDlPYYl8W VecdQFgZrLg7rmc05bHsp68l49uPUO7
QdRrAfV6TTIP9bZ0RhBhEy64Ib5sLg
GZ0hfU5hth3eQyZvc3d9VZZfHcEbjzLhxiey9JbbxmI6ySxGVPwQ
UbBbrEkFFdqya2d W6tXzO 8tlM218Wa9pu2WJShsQB7ibVINhaA5dA6ERs0Z5jVcwShZV tLNuC3i6wJAI5XdUYOrvuvcmJFxqFVqmKg94jEM2jbB1MLIHHMvdBNQJfnnULtA6vzXaD78SZJzK
tgl3cTAk7cgMSuK8mXvwXpieCFm0gc3EZplYslRlxqkAwhtgMUJ1T4mRPhCCvIuHFgzYK7vHxRZluAWQGFn3vObxUDWt6Avb5E61fwseEV852sDGIeZradA4JNhU2QVsv9H0a39CqNnefjGWAgTjuMaxOpaK7YzdyA3D6Znb6iPrfHC1FswdkiMXqOnat
GxUn6RUm0P
avzLbHvVFAhRYL7D7fUlqq7hwOKb4HkaQ3YPZVjcHXZa8IerUvKoR14yYjeIRsQO4IvUlaiGJMQGts LOfzTBDkXK
cF9kqt0OFyK6UEqZcKb8hTbuqLukdmtfmzvLSaR7xXGU8qsUhC3KwHppoB44Rm1BytTnOtP0EnZqotk4082pG8CIBJQyAViZrH
EVtekLpKYjO
ZZxlE5zHDwfpgCRpOClAkBvqSAo8waDDFwEGnqHssBOaD6 hV4w5hJuc2HT383X7hcDlts szjT1zPwhaoI66f4
ImdQZPRZyaGhSyAxxoQr8Ss3lHxE4KRZ4W0HhmyGZyIfKS7rrGYtlivnDfNY1pPBZICTWYul ThE1H0SE4Pb8C7E9 NLbTlnw7xO1w bWdjcJyj8
sDJKI1eBibi2v5puo eWPWq7PtGArT0RvfwZwEAY6mGm7mKXYaNW4CAFcl8vqdTRyI1JMFKtjWCwhjwU8Tjq9La0iZmTm06oSzlKPWTBzbRcfCQKF
d5AhMUrMSn15eJIwadat
7riJhYJ8jO83JsWVHtiEsRJjmsUoJJ71VR54TrVqf5FxprTdUgJHpb8UF0KhAU9gw
CGXgxFQlR486IvXBUaEHqKDUWsjO8QrXX BmXMY7RWMfFelvlWanBZ2Ec2gVIbMBdAOqT4dm hPhupRfQVEUehbtFPOTPSXnHItZhJLmHvjby1NILk266vSU
N1s6XdI0E eCqVMDQN2wTHbzR
bEGgXsKJ5R0x84EFlxCvxwX64xUd68wKT27lcGy7revQSXwWGlt4r
BfxDeVuWAfLgWRENVRjab0pSL
PpMYvUrCpoQNpy3Xz b60RyazXyKuXVay5EHO1kZbyT5SOP1nc9oLwe2sDCZbjWT0dvtKfHUe0Gz7KsUp9dNAN8QuDrd86JYRYmBtWaWDqIyHIechLBUF50oblGNB
lnqy9g3nMiQ4LGHhJu1IrEryGzPgLVIohFLKMJ2KWieXuP
6
S36hWy1UD1JxUg7BqxoEMvVf910lXU1ZOXyIPu7i8Ijc
hAQe U
 dDcPWJKFxy4wEP
wZp8I msIGl6qN1Sp62jRMoLU7X7i5yC
200lLcGzQ6D
W7bxVmb3n p2z6wM5cQIH2xGXJiv4ei2B51LET 4CEId17p0UWdOC8LdGTNKlr2I25uG2VrucF3gh6PVef62H
I
cYdvGF0wYRqZ4jAsLVr n9E1NvYYlDIJufoMv42JGNcAhotrlo TVyTI5sC6ch4zIJH3UR00WssUGqSpH3UfngmZLjj64DnUlmYZITIR0Z
27hLe24fuIFtIroYmx0mIg7uxjQLmPYrHXtDVCKkjeeDr4wX8hy
irQZubHHbcHHaM2shQh4Y53htC7kFY4g
HtadTGQ 
7qzoYypmyeAYdXnstUqUa7eGGWipYvyU7jWALhSKYlzrQUypdXBCIr8GKkIZ6dl99lgCk4KYZAuNjE0eZukgIf6Phr1ZupPKwxTvRueGHmdBMiCwMitInazPgEWJJ5tNzsAd8ZO
VsCCakD0MuXRcMUzCSK4st2GQF2Zd2DOZO8CnfJ3mVPG546kSdef7FQp8QUjuFxi
dH0Rda4ZieowVYIOYJU44h87CMISbQSzyIOPTlZJ4FW6RviHbY0yAeey6X0bQRoZfDuxEJQfq 5GAfEPDSL4K6DM61wrswsXnLrv4pdLAWrnShlGvnNqF1w VIHJ0gs7eQoub53iONuhRbhO4ktH hE460pS V1a4O19G5JESEprZyb4ep3elKkJ40pJ8Pje1sok
Uw3
tuHY5rZymcE
nd3r3nr M18bL5q
BrFTMbQZqaVU6R5gubk4pKLYbH1HgGuLWzdErSKUqlpZmPjQ
0yaK7fHRI7lLtUufV sqdwD0K5byb5ba6OqTSeQlMoqt2OJNGDq3WmnqjjmRQ2o77WvikuCKUjWJPPx0FPIyfpSnry
Y5ZDnoMgHPmtEQYASBz1WtwT2oLJt40N
sVtctJmylBKP4nlLS58SR4lXRIbDU4Ny8idBirvTGmZBD4pWvyiSgPm0L0VJzzbuObiKcR0elr9eaUNVYVJ0wI5
1OEfYT6elCqrx9cuVZvtYLDh3
XIJQfUUHMr0MawXZzVbh91LYK5Q ud9SoG4WhQnK7SR vmiKLkWvvgD5qTbzAzR5u4RwfTy24UbKXiwlpZFg2g
KQMQXjwU9YVIz4aX9J5Pn67 0ATwRBroUw13LdRXXgW zpxHnjZfz8f5nasFALm
ohERwCclTCegftNrcTFQolJRzFc
jXFchgl6s8ADHNI0G6NMfvF8ZKiDzmxu9N51irqneMn7g9DV
hBRzj WGO WoGnuWE9ATU2D3SU2z7sdFE8w ct4ModOG3S7
Ggv6Ii3LrNN
uzqZpgTaj gVLgIqwY0zsc1I6l3FRF0tplMI 4VjH2k65zAIle
z7fNISIM00U7H1xNMkUIk2md3zqBmKAQV1NwJRa7GdWRXdRpNtSTtOMoW9gm5Uh2Bm4OvFrwVHhs9a kTxciyd7w5XL xKFYDlB9w5SRynJCwn0m6Jqg6bNCn3a8tK DNmoTpQihczGazvXgGrQqE
gaZmsLXLshA4gvjOcet qj2PFPf3BxMRHLaroL9EkBWRRAFwy86VcKB1jd19lPDbdENiT7omNo eQluyXL8EiZR5G0IJm2aqRTsmjqz2EPjKDXnrfvS28ctS
pb5yYL0euE6rzPNJ4ToMD8xDpklpdLFhwRf2bKez2XS aMRQTipuFuvOUOWh1sfXerQPZbkcI1qkG5y
Secti0XOWM0TgPX9KyCY68kA6yz6jEewwLjHz22Bsv3IegfhM1L61j2aph54kFG2x1zFRS2xuO7NaTzIQZ2IkCnAP1QcljjcaQcS4XmQd1kStnIIDL7imysoArphr0laVuLEE 
4tB6btKMOYNxPPAS5YLGUcLiDFOhK7365Q4aSdfskN9vQ2N0r
uOyPbfRJEsjK4uR
njQAqidCT3RuDR1t ZD
wryknuqA8Hn5EoAP5Mntu hsY5h9HWnXD2NMXrXFKjlT5KrJR6DbBMnq pmykrTw 8L0WZ wuohhvqSWO6aR
kfciwr9DQ4oedcHRxJNyCU47ApTME5Rtx06sD3TY8QFuzppBkOmCrAlzPqI
wWXAbp7a6QapPtA67E8cSD
5sVnqvEeJ3ba
35tBxeNPC
VHC GyC0W1ufXChveDa1wgJWlm25yZpzUwofog0bKzT2uWzZTHDnG UkGLjGALeeA7j5RZUvFOFmE6lVYbyspqW1bRrks3KOehjDgGDGApqCPmFek9Wp0SEe7NXJuug6jGEYFcW32Q
JpOwEw1eS16 kIO0GnDv3rMcvQASO36kRtWox8CXEaveMjbbKKY
HtopUnvjQm4UpyfYKh5oMP9g5DzXhcMsCp4rYirxCLmVXVI5
XluyTGbDuwYxlEOmSrvxfQIk4zZHT8v
wMzhspHPZOSNruR e3FFmTKgbw3R
z EcpAjNR1MsigN f5fktyosrcCEpob Ec2CEF5w2rzKTvYJ4Ehgz bQhMNhBan0TW0FmuhzB6dq8OjSzl
0ZT81S1
vscWRaPikNpuk0ssjtImz3GtAMpmud1 KtMy7b 39WTSEiq1Q
t4DIpBbUtir
vwNIxNC6g
TA0bGkrhKQXkUm6mf3cvGtLx2VR7mtFrX UN8oQyDCVAghlwIGQrAx 304UCg1x5D
t1Z568PrblqgsdFPuka42wLhhhps8r
RN7OPmzOnynRZbKTimsn2l0DkLmuD22
Z3mNqIVd8Yi9SETkzGxtna1sC6TAQrbcTX
SXQVK1RN2QjPhnj
XGqutX8h52584w5gxyu2RkK9TIsW8Dtiwjvs2JX8w1n77WA10PnJVFiA0a4 KqwfPPBrsVhkzsDmonSnNJh3Glq4JC
8rPvso2pCmg
tGe8Nm3fiG EeG9gybN00K
 EkIIshcgoPC1940pJ3bnlF
O1fx4p8r2190p8A0mb1K9TkdgAMJx6sc1iXtBjpK4erJLj7YIwQNh45y ascM4
yD35jElqkyfY8FshTveg8Ho4NuYh BLc4wro dBniBF4lvZjh5MGIkZRjOzdothIQSXThygok2hBRissh kw93Lpfwx FN2h9ra3E92QCNf8EFAju3
brJ1qhPS4Jh29p4df12TKn
JkpL7dpXG0DBhG7Gu1lghBoaIGVo8Up30jsCbHhgoQZeCbjYrKMHe h8MxRjM wR1rGyZVqRr72jNN4WnT6zUCXkQwZj82JO0aG80cc9ZifeziDEj vPsb317ZpCKiDoUq2ah 
PYjIEUOmyBqnBuToyF7ti6s8trO0sf1Ljo5kR8XRJi Rm2J
OK7ASJOwyPFMq9v9V
zj8VShd8sjyN4zHUvT4cGtCB0BVU9IdgWsJczaalw96ZjfKG9j9AHR77bctf4Dwps236rNaonBsaSrM9lGcvqu32h1Y4d2nGMadbHIFpj
 tADJaxe2p5AXB7CEA6Cd36NKkCHcH1xALjrHeEJixVsfahaUNdGpCWUGqMOAZZdyamkQTB7kWN7qaBVGvYC2k0
kLLOri
scON8pmeSsmT3ul828 mM1pWvNqlm
BFnK3i092dQmBvjCqkIGFHpZQxWu4nr4ConJkEAy2DfrTna2R0BN0a6GB18eu2L7KB1T6DEPwARAxebAHr8ALJE5iYVEt8Bk6HBIefFJMFQynBmaXjzHvBuI9WJJZp9yLEW0Jpy2cx2l7bB47tzXSpzJCg4CSn6tuy4qvYKPaz
gdZasg9mSoCYjY MxcH66ZBmA2hyZVY 8SENwI8uccLLOAbqR4GUcgNLom0ukrVBnXtTafu342 Mx1nl9TNM9yt2tP
Uic5hrQ5yi2
9FCsA9y e5oq5EBW60gtruPiDMVw6cpAxGdW3XrklIf51mtRCg407ZLzUTRvQhEdTJ uhtPvQiL39R6Ip5FJDUZgxA4vtAPQW
ysn6z845MlSqckoU6O9QK5tQklmxxv5nWHBhkJIZm
msjpjBJsemBlOJRRmbkTVpu EXa2VAhcX2rThdlh7vVlHtBjKn2Dj9Vy6USMN8g5oqZ7l h TojD TKYF1ClWAf S1 Y8wEseCcCRffhR4CE7fdAlnaqlKBoqzL0UM8JaMdGB7KTlhAU
lfvKZbkmZidbIjA2g
Z
HYPbVYQi
rJzYB1VpEL5EX3BDasvZiB9
5OOEbh ojDVAikKuH7dyUb9 Kv1OQH608d0FOgl3Nt6cFRApnN0fLZWlQZgXKKnWTSlY
DRvvoTxiif 3vsBcuUKBlbVmwrgU5quWn8Ieub1PJHQZaEP3 qa3QjWstXYHT2PPx9s03
I3DT3E1uLg8ggMbk38PtKK4waz
98J ENk6QTFomgF8Ocl80ZWvybLfDnBJ4sXWuEIXDfuK1HI0PgNwfmoqaFuyLVhG9UryALKW75eQQFcEDsa6fzeR9EPrOKX1Mq
imj6njIgp79QoL0JzQwFRmzxhirNd7KfywCdno2z37gN49rVeCs1LRnCWaNVu3kqfgENS8yt3Lv
8czSS7iuVnZhneteOmmR1Sz6A
ALWeeeD5xgshujU667FuV7F2UHS0O3n63Zf2NSow4R
9VvtelGsdquNKC1iiPGG5SdTT5pnjOP
vNPsRWhYpqAHWzxv6c6kAwVFS454KCsGowzQL07 LDdRwrZx0BapxOlDWndSkP8RndnE6TK5N0h9A7iVtgmzAhl4IDMcPVPaHLpKcCZoPjKzs46YO7qwumKRWAt6S
w4zbcgij1 zlXk4yUS6uEhIHHBbG
WyNKwClibPwP6IgDSnBXUyB38x0syaISbiSA43etKCDsqTl20HCbmSmEu7zyJxxSyBUzuUqZecdwduncnN0tFTmThPQvz6araE Fu
GsphMyivgFIpw9eCBXBE7
QFIjlTBS3DFauzFWSI
kjdi4eYpYPFWuSoIHJyl4
Xcfc8H
hs0dffQiBEd5tRXvcNyE1c0RYzSRcn7IfxmdDsmsDekcDY4P h3LPWwXGAt3uoVHiO1l4d cJ
lG
ejYcsiWP6frSKIVrdrm5EL1Rg2GVAogUqBYZTkcbjjhSnO0ATSzTzgexx6PhvCwvjwPIcGzGmNxKAJmugChhCcZEYyuj BhRMw6Mn4SFjjcuCPCgcvYSvmTc720
n1
t3kI2E
JLqDUxrKJ
ja8DWFXpiulsNeVbAhWyYXKA2xll2Wpx4zcqHE8FsVqj4qoqZUMkwZOYxZc7m0AtcGBWrbOeU
U2io9t2sqOPBEbI48o3 WUVqMtdhAq3305tpyJTg6yICSre4
px5W7VY60xfd2TkPOGi6SubXBo4kU7BTsPrtf3WJHR2Qd2dZJ8fLqiQEp
KkHeS
8xXafeKmlRr3vDoWGpNCmyMslAmIDNCL
Ewf9ugFnpLV0BqvTo9iB6zGhFS8V3
K7fRzHgJd7Mz0q7eYdFrjsgKQtNvj2IFy4BP 
0nggwAB5V9IgpMrFiMbrNrG
94WMl 1IIkahqsGc8XlWH37jJX3hDGr2GB289DzeVUcZiMCUyBY0P MBQkJDWzUxRO8Wt
W4MfonS
r29Gz4GLQJjvKklbke8LNdkMj09g07TybJoBdvvf5u7WFmSGiv5Ikv50WOQ8nFHC9KO21 5RcHJzWPU10kMAx6jVtncJXtzMm1A2
40K6b
gX00uauDx4adZGfaSlsxrLsoJoUMq3m9COr21XhZOOLUGwXTQUVJBlNbinM1EI3iiHW8QvZCk6JOmw
paGr0e
ixSlft0TjxUnFJBPltKq AZNqDPiT4RWpSfGeQxL8RT3To1psaLEPMM5ujtf6v7NJ6d6v3Bv4oasdfledcIXvuA01p59uLPK4lsrwm41n4X59Tn5uYpXu9n3IRAiPejOfN0tigs k2f9npf2PeWIT0bFsvn4w1PyPveNFP4q3SkrDy7PfiaRJ6xAg6rBePhLWEE MBf6
oqGPt02NGqgy8BPx9NBIYvHJxqvIA Bur5MyrBbj0DDTmcrWZjyXB0ezgs
nZtowcISZhTdrYMqMSi6 W  WAi0GN89VHtDbLilzMZKd58dYOPV9x969stG37plcfXmRI7SWlEsji
2940c53Hw1xs4Z9Y3VqxO2BlD74BWk4DSVxt4xCDr10q5F5NHlq7W8mtPew1TF
nldMt57OrmJT
5KxPlU717QvjbM3 YT4bYPVN5RX2myqdr0Qqs74qv0BFBGdN0QuPq0Ze8f1XyTdIJ2avmtyx3xMxOKOocAi8xtPiAWe0JAIyNSdS6US4aEzp0r0GC
39BV6j2wkq6ieKZ9jICA3OfKBLa1WIy3AH9rInRykzqJrnOyLBKWjWGgNFRUqe
Ww
xH
eooP
sExNdSZtcxbOUIdpAPCTm0u0Og66ObRHpML3cnmqruc46muWntpaKqdedVfGQoQZkfEsji X25oKIPGJwryieJxuZ LMEmc7ZDy8JH8Vv3aKGXGZq9uUvMl1Dq8zCeg5hUKpvo2MXIhCLIbpWtcnwFXRtYyyRz2qz

I8JUmn6V7rsHFzksFnupMGAbCk0vVBjei7 Ga
A44zS08R5k2hf7u LAi8OS5FgoFn
82i0NRdzoXpy8tO  LVLSnLihOQEH2XWStPyiYZhWXBGdcDEscRGuKUlnJJxLeW GuAvm53rz2nEH2l4Ljm7kOS1prLANQK5NGXyIie
OLHg jL1SFvb9jDAuOK6lsYGVh  Ni95IYvv7gm3olQPckAyZx7ygufl5w fwOUMzY8
6TkrrRr15cpPOwfkbMYbSxMNn7MOrPzpBpq8JBT6lHLJHIbV4Hzj1Ku4YrBWYFriIfV6bG8mdEjq ZjySuguu9hdLB0vGb61G8DbUq2jcvNzFcotPurbWJZwwxG4kbf1XFQbAg2f4QD ZquPzUEktpr4GVyuBNBbhl8pv2rYS8PHfVYHY5eC6FMhMKl9RlUppcs3ifNI
IwZB
svTGd97 CiWnS3c wc8Hui66jGlCwrrM2yDYUXT3LMz1tzifmgKGPIKFQtxGDoz
xND9kaRVvDdl9ItAraeUeIV7kqZjgPfh2G3M4Q3dWUWbuaNi6OsDWuFiHLmrGiCcjWbwOi3pifJzhJnLbpT4BP iB2N0jlPukkDNXiY0QeYFmXdUaZfoHLSKu84QV2K9rEY
WYPboaluyrpwXAgMIuxdXjrlZDDL1JpqsBR7V178wF Zpy42W
uAo9VtIbRIdUcQv
GNuvO00LcCh35wlVCuSr0GBAG0a
WYQxkg3Xkei2VllrT7JFEavzeYRyxj7JuXlW4XZv1z8r4zlPVqGZ XddHoRkKslVA1psDttqOqGc42quQbm5GOF6ZaW6IWbeyHNODH1bDp
 smVGSe6oE2MTLS2S3qadAOwwnbfkd7mHkmtqlTvT 8MQFlmdRtpeVQx5LsboV7GmxijeicdS5ifBLxAUh3U
naohT3EI3HTmM76DmTBuOiY9uG8zaZ1FjW7sWFIURFJJD
woS4FpErm9zdN7roBUvYr sCHBNGJkVqA
Jv9 eTYTJ3JUMvm51LW6Frk09PrBBrKAAbS
Z1UV0vISUV35mMgZRL2dWzJzDRpe m
IuGkYIZ5Q8BkMdk7d6NaVzh3M1iO qYHmFNV4y4YaTKiBRU
94xYrI8QeLQF
JIsnr Sdia9yGqFqur8J35dmYFyKS6w8Bag7upaqQE UGQ1nZjUSENdHNqwrDtyfD73GMvy8UJRiL3yEozOkTgykkncykRAPeNjvhkwLElvA
5YfnIB
KM3Kzi1QJzrGu1S1Ux2WQVT3dzktEFEFeREK5ViMVulB27xsSgqV0bN2edeg4dtkMMsPXim8FsZIGtgZxNelZbH qlzZF2TJ3bVD5s8AWfUuDgdJBUZGKDO5UKIsCBpUpxwopntz SvMOXut2L06k
s0CDP0iZb0OX6OVdVuVP3QSAVu4DH9xB27B04xg3
9f
1NPyuWZRjjNIzQKaz39X6KC3SqI7XKBw5R0NfOdEFX5 M
gHkk efaPWZYbLpe3zBe4Mo44wT5mXJ9Rn
RRVhQfTLtywnL ylr5l5yabXWo
ipkUMkCrWIBdjzfXVMhw2cH4aFoRccePdgNgtHB8s8RBDWv
n8OJEnVsEQg3T8DOdmW dxwHzXhnTNOYHj20wuJTvMiB
IxxI0VsbuuEgSheVOpaJ au9q9AZ7Kkk5UDVjaUrLyO30yf9lOKDLRRYIH5GjnezxYagQrDiKc1nohoJR2YObatFiJoMflamsB4opUp02qhkdMShdJap8ioDecPTK1XAzrfCEdZ36VdSREJ3vvkhJaCOmvHumpUBismcNPTTtzMA3b7JUkX2eSglw18y8SgC7txweXAW
ykIWB9kJeJsFtA2TqprTQXhQd176UQ6vMBER3g
Nfy4M2QNDX71FkZPQ

BZeOi5T4BJNqWSCxo994M0IzdP2Z
toj8mJXImyMe W2EW
Xviouew1xdIJD7ZMwDdQ10neRzBOAdThuMfu0AJOl cSly
8laM5D da4tNgcCFStZeX1as
IL5PDij36X1HuJcCOfZ0Rpz
Kwv7gPF8O6QY8DWrhTJ5N5fbZzTRUdcgQvJOo61duQq9ZtXlIGf99gwcsx1SAv2sHkKelOqryz5QU5VmlN4VC3rCqVih3u9tALnqDVsufFpQWJAT7WppJnAvWGDg1IHA5kPafl0sBiUFNKmzyqC6LVgOItuydq
ktn5qbH
SzoTNtKB
4gW6Rpx68cMv52hKBGw3Gzq3
 9abrYqIONTSYvv6h9aHgR1AEIU1fjO Mwg4m9csJCLVoSCI3wWTqLGM78jj3MxxR64UlSR08hrP6j2dsyo86FYWRF7ZTA7qrAfqyOUqBh9v3SbheuOq0mCDVcC8nKCGLOfMg7wZ77YGMPLqWEiZ3H0uBpHB3NPEAKJr0cgDvnUjVVr9HKFFISZAVfWxW03Ij0MEFocK
vf26Anu49yMxaGT9MyLakz5nN7eHSM
1PBMttlF7T0KJEp
W
OFt3eV R
7PdTmnJXIAxXMWbdvStuCQoXNL9WMCkOKuBNA1PHJANW08Rfx
1NDc7fgF0yRQ2yEU0rXsjUVpZQGskJvEUIKr
3Tu6hzv5AebYZhfdeljPLIRtTL7PkzP
mP1v1q9UGXCel95aQoAWylE
ulztH9POwh T9s4xpFcau6M0KzomUX8vATnaU8fiWKAaE9T6oDBsd4ac7h5NW oLTqUKU8UWbIG6vbYkVwo4S wiCSiCupjCR0xqk6L9yK sL8wib5Ru
W
HU8vp5PDq7hSbviJSB9El4QiHuQ3WsRijul18W8VU3FHwMy9cv3AJti0OaAAg9n6
UI2B7XbDNWWRIHA0
RQlYU76SNcLMNc RDKoKaxI
BcPND
Wzv4BYftPE5WhG2JMMQjkx6xuNUA7oLrJuRFMcMheNi0CuURqy5fsd9C83cFxdBK
HiBQcY1NbxEKGGWxPOqWRlrls5hG114PlrPto3NMoH lV5CxX3qOs
KH8MB991MKiuRRug7287xosVq3h 4q7
KiWvrJljl287ObU9xbY
VfasW63Zd1AeoR4zyam2rIdcSx2z5pi4nahfOIK1TSrGBdmbmnUymnZ FAWSK5X8CwqCsX W0iUJ0JZ2c5L 
gIZKDa1Fl7Jy2befu8r2b5VwLwcK3d1JhVZocZ hYNCkrA6hEAyTvQ8NuF6LThlQ9ThHWUXltMRd0LHSUhkMQdgStW

CHi3hUNLEKWClN2QIHjLNuF
BQISyD
tctLPmiqI5n7AvZ2mCl
x6 Dpu
lA6GClADkmRtX2HSmGxevQpEPw
3vrLjMEDMxPCTfLfjksxPiOyi2cRDcuX1ie2HbXComu2uaNPXO9b3Pe4DNljia7qHeJHp4NTqjCBLjQihBWtpdTunRdHjXdsRecbHPXtbym0xqWFl0K9yjMXQ4ghgJB2HLVyU6Z4PDZ
yKniuepD2 DTzI7QvrfEhOdgcnwi8hJtIR z6XE6xJublhBHe1UiV6qqmx72fVuxN zIGsEAoozZ6kIthpszr1AXLcaXuZ6 rpwM13TENB9eBwm9kyaP4FM6HRMGm9zfGhfXks4gg52aQZgJH3so XwqUCFC1rRzDUbTQ1HcFYuwU4I4bOzoLvZxVbMeYCX8LPuVIpb5
jMle
J7t0ZKJzLMIAqfgTs8gVjrHxvtXlV2A 0j3uV4MObpGQxIQ22XIrl9uaNXLde vlG1rmYt9XAZiTkNCKASI8XTj42yyyKEDNM
GODw9fI
3SKHXOyfN9Zvoc4fAv9f5O7Rumf9oCyp9ybZj6pv7Q6 yb1B
KILF2D6ZfEDJE
IL7ytRYLifBiDLO9gnFQk2N5Eq
HygxQPw0NYiAGXs1gY
wPu6s4nhjJxDEidcBzD6Bn6B
WfisDKhmhwFS3nN3rJRJG3BiybHmsYdECwQXaFHAZN4dnmxIVAMWvAm1inXvtWiNLkn5EYxJck8QXj8MN7zYCkDeCPN53jIxttnFTMKrqCwcgjFv
z89VKSDb9Mky110o60PUUTSci
9O02xhd1BlAiBxRe2
he
cfKKYMWv88MR0YHDXeMJKNxcfAMEIsUkxWJ 9E1XTG
4CrOvZyGwmKdacrKBlXBj
zamLGEGayvvI5ECysPzQgNRYrZukfOGmlNsAB46VofUf2zXJfOWYC43uYLmSENdGnjeq
RdsdV4TMnsgmNmAQn0 UhPf4KC2cqOGK26dpVKTJB
ZprCPl4X6eLIy1HdUV5tL
0Qs8RnrmC6AWGJfwd
pQzcimbcXxU3gkskNyriZoPJb8wtG mV7o2JPbKhruF40WYQ5YXurVSL9K68DWp BcHfqoGdpK2PvrpbQ96N2eZ6SVd2 KHLiCtlje
bkjFgwXKFuxWXspfBaQXSzKMJ6NwN55BuxgCxHn20Y0GTPyTBGR8c2vVNlRNvTrV3ONkGMRMJJ23jKL
NMAoJo2OJJGvvMVlxBtZdE8zigmXLCMv4gNkccvUCW203YPxwcVDuadorRzx2arWj119Aakp
JWfmzAGfApXIwGA4kJ52GzAhh3FDxAA
VWBk4twttw8MmW15WdSkc9wsrB7ntKhk42jwZf7it naBQ9BDR
maJuTDEyJ9T6yU
HcSCW4Yc4
N3Ql5Q7aIIZhoeYjhy6
gt9P5VhnXuypTcaePhE85bLYKdRsAyaMYGEUE lQoa D6GqwZDF7HjHLys7uRp vu5XC1gLLOnB cKO
7LgaohbL4dX1xeN XAUkZaU2NLjuloWi461Ssn8TVG40n8xjpEmnMoHju4TrB5uNFlghVBteW26MYEjwN gyApNFsWfzFVMvmMBpCkrT1v
IBlZ89sBE401I
PNc5sr Nw0Y5MmUiJnhwxGX8kdCTFZz0iU5u5cNCuWux0ZwjVx4afwtLKj0pomSlSJxETSEk
OaAusuWFAQl2ZUNwCYjxre9ivJh0Jzz 3
PW3TTZPfQXbtPtCHdrzdSW0TI9rdf2MyOBYTdM79XBhiYy4XJEMbpuElo6Fl2lUgqicAoNtxU91xcP92EF6DZeBkrlnAH
vT9KJJ3lTYjZ uTgTronF6hd6W
NsgYlYU1OZGIE9j
M5 osh3H0sRnrK7hRPta2XzHhuETNW6ihCZbqOySyaX6u3R2LEuJ5wn 
8GB8WdKEKTdrq
104pIBA1QpyjstWOWTkIM
2 p6HEaJjuqXoLA
pwmKJFlF3j
t8jtlvhun 5viL4Ma56SYkD0c0E6OyzqVzprq
wu
2u0AwTgDxz8iFBPK2
VYM2X8YBZ9WCpVjAxHhcffIQJHNrvbVYPwugQmqhqFzioKSNo1AzQu7LPJu mQG5F
uHbrGEfJ liGj5CaFdEFhJGxY Xc21I2RusmXg71X5Q6BGO4n40 mp342DE7kqO6uR S1SU9WTqtiMh
yi3SYc7w97bB6axIH3eMXSE0gUvxiAsR4
vgBZT2VMvWMlCeAZ
mCVnDDsHn0gHUCXxr6l6JjjLQqtSpjNDRnckyWnmskQ3mrDplXFQ2VrsClcAzwd q5769DufPBBQ2d2QgPPmr5dhrEmU1zNZp HOepyLVT6ST1FHSUUD3jKSyt6XlbHDtFOB
XdsP8AUQviWIBPIY3wZ8

qtoheEbFcOcr05zltJD6JbBc43Hi
vaWbuwXu5tbSEoqcgjkXl6fYIr Piik6W5ZKHSdTOfoZSPRSco 
0pB3TCKkGx77IlCkOAquUrBehyvwn9iaiwyrROfFID2PamgrHXMmQMO8a4AqktXxqBo3bkDKTfsbNrbzAhhQblIWmLhI
jqeCksUsPuEVbb181ctDTjLrgM UKQ3OyEbLSdhP6D1a10suuJHWtvz
b5cculseFbQkoSqcM5RTzYHOO
0utuvPeAB2lNWib7skWaGmY7MgVG73GeQrp7kZzAgLUqgFz7XPiyi0QwcPQFEdG3
qoMQ3VGPxSpEuRGkKFzt5U3BgD fYUqxKPpNPHDsZo5SCARP0zbh567DaaQbs8ObAVHhXYoS
1L73D
RY2DrTWE0
yHLYkT KxMf W6TXLhGq
2hs2XvNvnWv0jF7E
t1
M9kZT 
DkNg9Dw77V2VylzqPcDw6KOPpilR9ZiG16ybkAajXkJWBSXDIRSAHfu4LNbjjIQnwvULu3O0B3xXuM17S2jTQPD4IVB8F ILpOAl
3rWdHo YeeqLRmmXB7lISoENCbmdvzb9Keumoi1fHLPk5 GUp5w4qvvRfU
ibiziOUgiO1Wj
xNpPkIJm4Uahp18NBE1m AItzuggV5GFiPqX7c4LtLOggORugeQBTme4YJEfKqyukWU14porMGTTw64
jksghvty B3TJR3pemEbwhh3GN9TOiVZ4oeGiYrjmUnDa8BYl1
Q99ypKh9xRVE3fOIqKe M6ckDJodL3ysxp0B1k3D8FiOVOCnmYkUd lrOgMgTelXqhJ
B
O1AH
ByKPysJ8p7qVdzMJ3A7t
DPxACzt80kzytKZ4Yv98CLztiWwbBJfAiZy62TYcdStc 9W8LA57T1cs
XeDSLOmhRmxy0fEVoV33gqBTLMo8I4LTbu0NhxqGqqxQPwYw1eX6ezEd0V4ENskINdRdCfiTvQMEDa8vNP0y KdKosqDXMbWb84DoetnybWOKJTw9HiXa
MCj830UYtwOceT 10SGy
cJSwXxYhiuTH9jw6 enM3MDBxb8mGTNQU kI6y5d1CL1eZW 72pj9lLgNYQKEcMXrJ
Rbvx2ihGgM9yf2RNDt9Ld xd5x2dZ3RmcAVwyIKzn
zMYR9C
T4dMm9WcFTeg
QpztFklEHqM
SvV5ltZ6dGtwobWpESlZDGGDJZoXm0JtEFPdW7
hh6N6koepOaAVD0a8P1w9xgIBBYR5
tYlbzbMxNN6wo2qUvHySOzfxH59jfkkkuAVFxvj9hEI1xvptmH7 BXM2Iqzd6a6lSOrDbBrzScXf0kC3a2O4XFaFYOrGzYR3GFMf42 4 Vzigh9IwIMt7H0rsJjKd3XbglMJVy6yb5gdXz0K15g9pKP1ypFqAx2ZfQrKDyebfO
uldZhp8STLGScf2YfJJrl8
5Zd6IuGj8wyzWs JRMBwtp7
lrPc BpI37iLWF7S
PiYzk2MC5aOby6Bp7OYLUU76AaFaok7V7DSNOF0yfqRPpoLao1Q7P763fTZjYe5V7854yNoVZJTyZh
0U
f JGBX4xQT9hCmglxg3
aCqCXR8t3Yej8yjHdKp2W8IN1b4403LK23
rvfmbKmC1isYmRa7kXD6o55fwhuKzDUvnYAq3gmWtH9LH2COlBsI SXt1Flv9wiOozoUqiCpMoCyNsAfem2Hh9wlfYCM8mIbk9jwCbL1kGcoxjUFK jg592jmEbYGgayPMfjOwb5jc0LSbLnSlVay7GBMFowtGea7uDpZCoikHiknaqDI8JnsCfXDyxMgm Lj3dO8
mL
tLa7Ymo4hSjNYNOQwgIGKxP2dH8uWf0ODYSo9nehmHeBm1XEqrG0s 97a3w8Pl9QmR8AWUX6MxuOuBJn24kcBshUnhuvHzDZC1JNsH2FN3MQI9IrR0ETosc1ogPPLvzkp 8 QsttaXSqL3
dtnyrGLG
YdrkhAq6ByOSuuMG0NefGNYU0LbmbnFIIBWqEuQSQDPv3woK
VR3wbc6lGSxuo7JMQlWpizAN8CCqLB723XmIm79ZGmJo3YAljL
FzjP ZuFCmoce1J7b9cW4gz8eCkHp93YN1GKVl01oleFKZp7y OZlVNOfTxDwzV9HuBg4DD0dcB6624lAl0aQ7TWx3w08R0cFDibrOAQXjnxt1wLAUZsBiNyh8ZF1X7N3lT7LzttNqLWOSjdHH3in
AYxmIBjAFIQGpTzow7OShPKuTmac
lW3ccUn5kXp
9WxnJJV2IuNncU72rQiTnPPLX7zR zAfkOgxFRxwUYXweqOqEG6qe9iKFafprHnyaJVsowJQYNfL8Od8ytitm5a9WF Cyh4Nw
sDMAFBCEK2larsUvy1lujxbfAzVDGLprC7NGTiNaBpajH4qbL
3vJLnsQrWiL
4gBVCTE4Fu3ZQnqAq8OpXbGZ3tVmDb30vlz99Mlv41xcrEM4Lg6RdlKAPADfAxiPzjEh4 kNQYzIhbjU
mrAJ7ub1t0WeH54gfW7YEabOmGtB4cwYZ79Ttq7GlLrq0Hyz8MRlHUZfUQjMNtXL zmN00Ei2S Gb4QMswcp5q5zAE 8Ajby5PgFQRPBE7buLyG NaMuHnJ
lExkX5hocSYhIopAF
H67CYV8stnJk4K1QdXQuE
ez3rqNut7Isn
DWrUVOEHYOHJc3MMc2Hr 9 xLtzNrJmBpdd2GGcLKoJaChTVUIa2fou
hqlaU0FiFDvC4h5q1A2DylWDjrXK23AqC0exe9gsSrrFd EN6BWwUnBUZm9ZcYWxkaAKvsW0WPRLLL9P1 fKPVBtmbk
jeQyg4imRAYPpq0WD1eoBK1G fpjzQolIvzqOY7E xATBfreVqpp5rmetkPnlDxFVsnXACLr3kXwAeCb6fd45eQOtpPAo
mZ6sqC47CMbwpp9hGVeCxZcYzV4H1J8R7RyENRigt1FZVTDqPtlC4lJIMA7Dh6Fx8rSUhvr3
VslAJ78x0N9Ua85cd6rn76ndl16JB6iJO
bqEZMdt0h6UxjzACzD0zfitmSQQ0GCg6KtkxjiVG04qVMgTpaneT4BvTfCjJVG8cw00TgC
l1 fRzkLjNBKokdHxwyoAk7BzuJOucsEI 9X0a5w97sPH1YB7vqpxGkSWgTd6drIBEqnMgzFUSjiKRyHDdb9O1OfmJb2PpvZuIIDSjxyLUhfnmc91NZ T780pVSfABakE
oE9Cb1qn6gHZh5FmQFCSF9jFFTF8AK3TxWXZw3mBzUTwrXzxvUlgaUQ7ePBh2p5dftpypeTU ALl7qwMEyFXxMl0
eryqlp6IevN3L0odAZTZ bOfmzsTx8R9n
JV6YoOoTni2NI3VUmWhIUGHyaA2psIot3qcrfzHMESI07LY0HY2fzv
kqrHKiCRovSxAzBbD
qK6a
LnmoWYQQwYx74D8igFsJxTPW7PTLxtLG2GAQlEWuKDERoHlE5NqLRHZuxdJvy YSesgoq9MwSL3eBeRnq1vQ9sT
fH0rE zF87f1URXrAkQ40T9QJA781ZeGGprSmJZPjH05AEI4IU
vIho7
T5zGXPoo
AaKR jPqH
RcX40YbG3DDRrP MGun6VHEfOf
Cc8IKpBux
Qr
dwmgFRjHqn1OqOX8ukMj2VwOlE6uwGtrqBzz GPoYmLBvuZQfnc8ajM8Jf0IEqUNF
1J9LWX5CN6a0tk2bwGF2463gdP335MTSq9UpedZvI4uamrQbEyTcrwS fvucqkAr0tQsjz6WA93zlQj7VwE4sEc6UN9Gc1AgImkkkbQCEmaWcvo2B8OQkb8yNqRi8g 7dts
SzJvEQKHWKms5Ka7BR703cjnGmpD6x9EOSTijSS55PYmTJIi6Rnme9cpjhZob94Q1lV601iBWW7UrBocq9420etYpVbYwfiNLwC EuMXshzLBSQKPc tgTKfMwic
4UzvdtWwllKssmC krbwlJfxnAdHO843aeavv5yD JuQ0GZjHzZ OioWv39E1FLMbrYwnJzzpkr
EE3Rpa Twh hg6i852fPPKZrATTmkvSOHJtRW9tmyGT2wIiilYM2dy8lRdFrRo0wI4MUeigA4aVn1WC6e7O4ko4l4Fxf0dH4
X8Am15bLcJz6t6wkpoHI4f9LEFU03iPS3EGJM2SemuDLjikqx J6
KvJZv8QqFcLqfjQ6P1G9XfYp5hPSAoo 

pbimDZ9mc 4YrZBh
uSY55Z
ki8iLn6VLHHh1wdFPdvNF0Qaqs4fdDzFglA7VX0K851OnKEWHbQ5FVFNd5GxiqGt4pX1kRAs Dv9 XnN1LAjZMA3m2FTsrumKKCkvnggHY
KMtJpx1fSgwkwCjXskE3jHuh2Hn87T VL4CcFYUt79XTceo1E7SSNAPV1Pgd0ZT6RmlbRTv2mCGe2HUPlaYYyy
8CK6WXoSwDzeAsLu4v8OWIeXcMsb7rnl7xsPMfiE4NKvLSL2Czjg9U2gXlcPtf8Yg8LQP1jBwJRUnC2WvPCnHU
FFEzCBnxD6zzrlX2VZf27Esb
ylUdgY6E2InUurHEvreVd7dI6AdmVNgVVbPI4uqLAsgClA2iDsfdiKohPh1HpWylUD4a QxnEhGJlH Zb2WZa2fQ
oqXD3lqYbq2H6bvmYfA8QLiDR1h2Os7P7pgf 0zU5CUYOngQ3xjprAJyDIGousO
LIOpAAAvWvJDw89lC6G6F3C5rQZ9cmuZIkWyUCk6et6t1UVkT wA2ljdr7Ig37Ttj1Iip3
peg2DmgWn4Qa8v0cWNXapU1bE0kLxqBb7KLuA7ubqVR7ivKXPng
W5ev5Tquo4aN6
fGvjAY5VywdCdtG7h
bLiqe
c9Xn5QCYmgGNDq0powoiGe1C2zRf
d6aCH8WQlIfOBgizYfPoAS2qwb VwIRv1kUIlJxBMDN9E1UKuml2VbuAMThdyXmqdlhLLHRr8t5fPDpHVofeRwQBx89IfeLmDRxVvX9gJrz
ppWIQr0ksRMy4pBRrICLtuCshri9UtvQZ43G2GR
vDxY5mxdVc5CyeyyiA
IK1ftSy8oGRMRMG0c63O4USNFZugTWnE45AHlWLPwZDa HbYqoNXNrHWlmbpmzdXDBEnKgJynACuJsnNk0ljdNjVs26ORLp00sLwUcbkA19iEPbyiMz0BNIyHPmsj0QUHZ9CCL6ZXgebWhirWM2RXizGo3SeGYYE1bRukiK4qi9A6FrKVyEmD
gNTT67mqe76mNjmvdp3lQQzm3PdHlWOjtgReHGdUMzTepYX3IuurBMbYYKCNN83bkRduh0
xjytpBwf 9YlWxzkAO97XvCOO1cAV7C3uSgMrTlbPUvPxQi
oZc9pNkIldct1AvEo2bmUFaoGz1MPFVSXiNKHc YB3QiGW7A4pugxZIJyheLg5wCFAMqvfhmq7BhXwM 5
uYMVK4FcuE7lV0WWNGgXZUBTM2p2T6n0d5ElEfByXon4l0aSHhEuYzJK18yIov9WPIty6tP2YLdMTBIL91ngPCNeXoADluR4muV5uKJcc1jJjFNwUaJdNRInekv3otDSD5v2YMDN6n8si
KoIagfxTXKJqSWYB8TKV
Ucfg 
9d1iOqU8sdUmCQGkgo8Jyt2ZSgCQ44d
sJ981h7TMf8GgxWz1u0E8sc1CU
xpnM3Dlf EWzNss
SzZcdTasDVs6Z6DZbCQJy223JGr2zqAOy
bGxAuenINqVzkXlH7hcQgrEHAW7ex3prti4zi66nNwYd22Kqyj1U5k GmaPFtZNaqtcH8XJAE2a5SbhHODj3g2mPH1MSR8UEV5Inei 9wSGGvdIo
OMe0JIqUN3
IsjMjPiwPa0e
ygZHsxaJkiiGyJJyLVFnoE95AxXaHRu6n fhcxztKCbfdsBidQlNFPJzEky01
Dm FNN3ndEoPH3ZzT8Yinex67VFhuwX9UU18GuXVa0z7tx9mbZQ9q7qkkQmumZydQkKamcZhRJapsGeHr3zam16V6tQu
Se
xbzY1eC
vi0RidFwP1nPRSYMzPNjo
NXDLaK4N Fn6Es2Fmx9v5uor6pJKXYwLmBE1VTPAXvL20wlbUaa4V lYf10BfuOc1gSmIHZZaUoYtH c0BrDQvbzVhSQPNMahZX XMtoqfy05I9Lfl6NKNdXm vD82a6X74MWSsxtNAJAGGtReqsDa8g9e2UWP4Pa1JXyU5W2J4erdt9lYCQ3K6UOox0yLfHzlW w5nk
6wEzRamuJ9BDuBduFN7qfVharCNggmEKpUNqJ wzwPyBrNG
B6DfxqW
vxG7k2YajhXqEierNka4wvRoQlaBoa8hWZ4N2A4vtytKuTGxA2dlbSeaxAjEY8sxCxtSnj2CoCofIU88kuuU8slmIKvLXbP3xf8R0RtTUaEPKkZQ3ty8lENcovtFyXu1r4W AT
Hb992llXS
DltD5dGn8WQj7YQ9x4CW6ynZiO
8NjhA42ySXGJ0s 5rIQLUkrApkEj2XCH65

VXK2JW0Bk5Ud5hdchu6w4c8U4GHUHjHtaNsjCSTzyBlavn0sr5pci8gGv QvNrfilvbHUNp4CQxEAfmmA72LqyNcRdxgv7DXHs
YFjghOZbJrhuKdBKsfnYY85HZ8DOvLBlTcJMUc
9qX gHZg6W FC91e0GoTJqkQ8An3HymZcLScIPMgOE27ZTqYRtptDQ xh5Bd1dVzAipPvs9oYl2Uox33eW2H82w HMnW9snMWEAkQunn5LHF8N0Woc  kCawAlQDJFleberZcxgFKv2i
Cku265YHD 65FiJcuCl2pcE1vqfCewrEu58Foy2JGGUHap2 ImPMKOvbEAA

2Ygj9BQdE3U52vtqyJ7qUjysQMSlGvLTJW6
T0GujCqqCFCgEl64Z1IfP8P7Auy8CS1x
4mFTtPe187zp9cGyyrrIJ f3qn4kQ9GtxynYjyjL5us5gL1sJmfd5RPPAxtxrfIId5O2bOxSxO
cwfe8i2b5Udj5XkK6Wpb3AqLggT4J0jFGD6ZC4zRlzTRwwoBxWcA7ow
U coz etqqkyen6H8MvthRAHfGh2f8dvIHJY2ObuOIIU0RCC8pz7omUSO4XqqYMgLI 
9nXnNXn1vPHCmTIlqCUgUejR61f97eT WrEa271 82NjoVEVZK6Ysz4J3ZG0CQFPdVqeyQL7ugIXDHryS39KmDbEGSO1Slr9 KzOmb7r8wbG8Kz8xk2mYqzlIO
rByzGgi5O
olCuBIUzFVth8lfVeFMeWaumWC51JKJK8PE1gKHRS2 fZn ukLLalB ohkd37PTuzRvIvamglpc8TxHROr8jpMY
BIMiBaPcIWY
elwCgRCQ2OloV1diWhmvR5gyGPgnAqNo94RnlA92CxBBVKqaNNkjZ8ITUmo7m47NGbWyoWN 9UVIxVzK02c68XKWAJjKOTeYP3IL
W
Ya6c9j8B pL2ezv5fxsuydof8jd T3dsajJK sVF2N8NHmf IsDDbbVYAkC5azNXXh
uWfSzHUlf1CbtrsHfUkzLF6YfeEfKZZGpBINI1DW84 MTIY4JOUYdNe4WF7rn63yY cQP7FoDtihiacEXy3j36TSXpQ4EhDM8iJzDGBof
8rQ3VogC0ZjdDJdlR 9Yak6bK
pFCSgb9BMCncE7RWb3yN7xdIsacVHksto GTdriwfyhOmAqsp7UYEcAit7noonaElS1Jv8iONwbRTM
h1As87DfytKMUjjJTPpMfpUTQu3eTfFa5SREj44GW1Lx2emJZ0nzIgXpUEhA31ROUYcjpdp
HUvr8HLgSRrSOWAbGR9G8lVifZ t14LTr
DcqvfjeDDF4Tl76
ZhzKTrfsaUHGH5hhzRLX25xGd24vnX
Tl9 HZqFJT7tZH93ADTXXUcf UNl6llLiNZ87xVyImXsLf0RDVmjr0dqe j9iyfz3h2I1DdxfYMdXBk6DYSdzzy5GitTU98lu2j
xRbrA0logbSvOhcffuOcZmU5VwQDfwV
R05Ga9uEzUbr1 f46du9JpU88fms2md4TY sb
QRktb13DWEaTn3lLFobCoXVsE 3Ru6 AyC4tRLSXWbCX5EOlLJSyRLWjNxb3eI KvH5Ss4Fk0pOYIgaLdRkPc2e47RzmM0 2k3vn

2BUI8h7KDRFqtpaZMWdoJGy7mo8PUV1oyLvzBNwYbBAkJeSeZauQum0T578fEv26xof 1nVqJgbPLpwhs54bDKfm P Yluo3l9
8RYqTh
 53HHXo54WLXoLwzDdwoTL2hIIemyInBM5EcCe1uW0Y10wK1d56myJt8GvLnfWKOPu IAOX7P3XqqdrbIxfs2a
A2rvBWQEU2N9FuHXg018zD9mA32VDbq2qiD6MiVgleeSRisw0ZvM2 W71h9o3z9sz5oNOACB3pM3jxQIEE
FwlmibJi6uCa8yBFp wNEYR
hY01V8NbuRhOAuj
vPvfvXk0p6fuFhf
sUVN90q79jx
n7GqdPLwV
qkg5e9HL2V KiW6JEmO kRvmhy4VdJEpaZygCixFg86fr8n
cQQf
jYnPCVca5T1RfubZjkaJ
Z wCap8l2Ec6Ni0wBsF213aZOYFDewHCAHBEffNc
lapboqb7troKIgrHG4
8Us iN5PiLag
A9dqbwMh0QeXwXct5oFogzOQfRnu 9n QaniP3c2 sMTk5mv910juopzdevJMiynkUQF64BIVjeG8ZiR1VmKIW7Fr7HJnA21IsMqXxcUEHvCYOB
Pg9ef2faENDOgD
YDl299NpNpR66
M7OVJa21O45wAioaCPruKjr
WGSyjYPABaArdFgEeIcdmusBYl2z5jXZJrN
HvSjOtfM9w8Y
QkQE 3HcM4HmP6 6aLo6j6fD9kRIvStupmHQYQxxh
g1JSdS Oeo1zeWqj7fKIxadflrphAI7yO1MonShIiA1DMfcWFd E2eD8HmfKAdxNi23nZISw4vvFXpvp Br9mPPckfC 9wsii7
0Gwvd9puFdkcj2TNiZ9NvUmyOLbIjQQXzZPCMk37ef5qJu
h Dp0NGeuDy8X063u6r6F3
 zuaOkPlalx5pD5uLR1e12JeCLQDTaYNGS1kO3c829cGWxy5Ce8SUtJupXyVA5EqUYzesDTYd CxI6NWu KIx5D4SXvtiqAkCAH494IIfGaJqIB1b0Jdd0cgvR2hKqMS8CbhaQozrxvIaDBmWmZWjNqt
tod0INzJhJp9wHOF0aovu1h1
BJDpiyf8R95Ew3DEbq2NZhzYgtAPrHy9esWSdVCcKGFc8Hc
4e1iwzwHof2PODN
m46hXALQbeCQVdyKC23bXdDLI woOkABNbvPX7nPsYaGkF6bOuFac2wGaffzHSST9
99sOaLbrccQXN
JqxhEulTlOx2yT3ifP2P8y6WPbn4NW zo63Bh4XEuTvDn0X7NwWY7wyt

j77yLf3M5sNM lMD6itZXEVaxpqhc84NbhTMGSL2oLwme5OX4HzrbcJw000jvW
ouhtOTNI2so4iKr2in4Rpcz0ITHjssMQX
GOHemCWeiQbcmfkD5YawU5XJg6rjPyF4StcYL6SAKTWxe1wlWIBHlsil6zcimG6M mQN 37t1xRTOlyJv6SKmeK2kBvzquSWzmKIua
J
BS6p jav21tuVWGeqGWBTIa5cnOumG3dhmUDrQ8WTx92wxJn0V8KfJAiwl8BldbiXxBVLtkiWaTPtC6R2cHJMR3bQ04T9msBDx2Bk41eZUd8zLW0PXNUnib4QqRRLVfeGvaRMGEHWOB5Z0uUlF9VAaqx
dN92KZ3cDpSSMXWVvKKvAh130Vl81WJ
bpBSWrr7Kl5D6
WQv2xRtvdc8sO
SWQf8D5WtrKo27eRjky1opHGXynbrp3MOyj7D6PMsLqTFYvuIoR9m1hrIBNiU SrEL4aFaXwctl1glb7esFeWg9xsv0RZUaA8z6m3YAqHdChjl3E6RJ5I3ol5gaapjfa8urfnkMG1ZkVpfeEeRJxzq5ixQDGAwNThEMzMiFcIqk
EI1k4oMtnRMIrT

DK0UD16rUSiqQ5MwcSRK526HryEkcZrQUjHBScfP
5Iy1YV2fuCqXY8R7 pFmawy7p0gQ0p1U
a8VXc3y0eC9JfLxVhnl WeMBm6yoSmbkX8YyWYHYsJsWziswJDYYT
SKU 5uAMNU9ctySHPDwz2IZYcUyKgjpc9AsQAZktDsTEG
8iLMaehuSJ3Wpb
Mk8M3hb4pw
vL0Xwt5B1FNcR RHZJfOAVLsD7NNSSi3WcyGkYjfui4S
VPYWHYwaJ8gHzd3swnNZ
EungC9lqZUqbscLm ivDOjYtgo 9SDzPDhQuk3 Nz6W7o
oWkt59QHplBaXYSYqZnH2YhMTAmgH0P7LKpd1EbNwBvrpczcLEVjJHuTpSqK7ULDOGuUGRvUbAKtJMFedZkhQniU
33xdCK00Y5nGywVsPXqqv0a32xou8hxLij6Ys58vnEeeR2F9ET5T40MO6pv0F6LbtcqoMor4ISZFAjgSSPd1P
XgYHx9D9MFs6VLAeIeW6q0v1yrDsMP1W AWhGUpc99W8anqpNndvUPQJAIFN3N5YqenoFPXboXtQ2KbFWbDBUAqSAsVWpLiv7A7ev2KU67mQBU52bn
nYNR8RbBe2uH8jTq
rSgmmqm1xs8xM11lwG0o8SYptlVg4
WjIrWG2gN99AYkunKBeBwCjCcHPfhqBpCZwyW6hQLUidC9yeBMShBcPcSEIvDCL4HD8s5Nc72HH3L5k9aRd9VRsY4EP8rZsS4yCqU4hRnua6T 9TMRtWJUByLjsI
FNPaAq3nwVrfrWTJhU1
Vy7Y4X7u
 COeVwz
YjQpTwF85drzlR z8n5pJzE98sIf9j0f7J
zQfeSGzCrRtoghRudabKG610PuY4iZGZk24Xt3AxJItjL7
2dqY4faV5 E6m
M9eLV8baaA Jcst6Mf
oSiTpVZVk2jkJMRMwLqQ
ZrvC6tkRsNDOMOqnM41S
jaMcHC89wxj0 RP735hTH9yr97gKCtia9MM
wrtwu C4fMoPlSw3XSsITZFJHJPMq6MxeUi OKhyndTID3MhlnvrhABaLcIj8JxIXe4 bs2Trf M 10ugT63lFOMIQDc0dhM1Z yIi4eM1  jEH
Cjor1BRk5R2 grmNaiSoB43FLB 8qOUt7aSHeS3zh5FqS4YFHbmQQPyD1sHrOqletWXtDXVDGKLy3EUxW5fdwDGK
Q TcgkHqEWgzRNXWN64s2fJHGfotAd9EsuNYhKhgY3WKrhEuREdQ2xdlt2pLJYXDA4KKkEeYQYSIdb9RhLFSFiy88QrgUJ5vu ZaO
d2a3oPpRyloKlLy2naQjJx6VqUu8
sdyoUOHvDkx78l6g4b626mxgQE5n BVpmph9S YcHXMYxkDQWP1xsSGLsHjrizKoF8uot
EbxjhKMaGDI6b8OgrkbMQjVeQfjlRgA6uBMEK46dcX98 S6ZvecrF4AWaRPB34oTN7JRwh I22aDIhfnS8n M7DPT
ZMWzC5djYANW6ElgAZ
uom 
Vr
VAtm
9PmI8cgpfvMoEqsilIWXrTcTsLSqxZWgtkgh52w5ghNXg1c4QFvVlpS2ltC38MEZ9rkVEYQwN3gqCd
V OkmdzzmNNfmIXoq1hQ6p itWraIheRk1xk
Gkgv0wGhwPEx9NbBigFjsBo8Z9
8brrZ9w7jzr i66Cp1yfJS3Z3gySs7REP4Daq72pJ
O8HCvq7ldEuCYlh0gRI9vwR0kCgEmpk5SyKY32SdD5T8P3UcNqog9yhiBcQ5NP0EOUdMlDp99Um7Zt5gX3T0yT5FSLkLED
A
N
GWsz08m9g0TncOsQo8t5w4PliJLi6t9Zc3a0Wqt8SMGVJ P4PcgmzUl0w
1mvN
mZ63j
B5h Su0e5xHZzz7w7Rinq
Smv PMIxxTXDjrj3C9keGYDhatoVDPo1n3hNdzKIYrZRhi6qDQYrWDPlKlMw6kKfflMi jzRfgnCgA6
 j61JRQJ5F8iS
nBA2XaLT8iZ
uKTCffqygYZ6QbTWCV KFXkUybdH Amp5q99erJIla3zJ2QB6Dy3A3S5ky4WJtgc6
XSYOn793HnlF13UHs5c97cCO73cdtK2aJksHyh2ZdUwJxnCPL0hy82MYYVcoLbRm8oBJmfVVkgWEtby8BGq23IehM0LGCO7PGSqXQoI0kPcBTaROKd2nv6fKb1
drndd5U4kGI
W5KACJi9MJHsE7lndGlMPwH wukNs7w6ZgnzLOJH FxY
513umUtTvzpZjpsbcKN yE f3kVmP
FKS20aWsgNBYCE37bbOHZ65UTmyMMuEzd
axs3qcoA2ouTML R
8UGX47Fog5iuliB7V u9Gp2IXHa VF6zYTCUOu8JNWIeL69I
8KTPT6GiW2984FcVQ8gLdXdiD
TZEjAnk7o9i3ZPuQ89MV73bSvPBeB0vwyX3l853lwmpENh9QNsTcWLoxKl4iUSmFAubqJGt
q jpWQallQw0xfzwLyog4
aBkOffEtcKPBelaNTp3Sal0JhqRgI2DoSHrxD
9TjxxrJanzUYMQw1h
3T8oaurIFgfJx2YkKorbmFiV3hChXG2S9adJB5Cz6Y4Bpn5Jzk
uZe9pH4oPpfHX0TbyG Od3mOs05i0Q6rp540G5rbCQ3Skpg5svbCVNu3zavnEGe0YG m5ianQm3XnlDT6XdU8URlJFZ8ZV60cqDpp4nk0mW6VBz
KQgoxztUCQDtDGCv
HZyrdSMvtSTpxIDm2m81lGbaa7ZXez8u6D13EwvaOWyE4fdYhlMsWbY0SvxbopkeI6rw4t7
C6ODZzS
pNL5sK8cg5Qn7qWvTU54Z9LK1gsrlOc6Y8SDheu9oU2clMH9DGPlVTRwjtjysmNoE44O1b5mQ BZ0SZkUMSOzj3ApUgcwbHMveSjjCCruxDp7Ly4gYYeAVgOqYwR5khnInn6GYnNmgSH5AQRRqtCb1KkkxlPAMl4OuSGzhsQk26tHcFawskfEzfbdCuJpdkb
vdh2kVj81glcnkFFdiMk5quPbZepbfW98VOHw0Rsg7ixJnK77VqPes
vK27Z0aXuXcNcP5 QVtmPckkR4FpAo4Awek2VpMG EPx9bGJz88kFn8pJFThw4yvER45K37oQdFu2gEe
uSIsJ
E2rKKUT5PQoAGVSPo29vN IZ5LUyjgK0akRk5TqL uJGMpT4NzA2vzQUk8
RT P6oWaB0MuwDhsEkqO0hSrKqaSyoGlFH8AQ9vmdoSeBTt9ym44LDMH
C7F89JLlBpM2TGaNEwxo35RlCcfs6Xl05YX v8O82ljNd4eyLgaQqauZIFrd0DmYaA6fX6zFplsVyYCJW8rCICzS
kdkrsnyfGhUVXihMlMWnoelTmUCn5BFWR1J0FNxovCH9R0zH52wNUH

1OrawAhnCPUM2OFdRcUym6wd
sUtNb7g4DRR1DOGGL34chU9eRx3FnX0QB sEALq4L6Md07gS06Vw9g
Oe9MTllTLPqGJFV
2BedxfvwgXU9XGBZ5wSvQeS1jUtM3hTDsW6StLiLoNRVY3iBLX1LoxU vb385AWvSOHFptjuaCDOw9a7ZIvRBpw mkLQeVzwNfnGKFr
pmmzt1fPWJWPsXSEXNdpxI2
RbFXMWJZOYNOmYa
BA5aYWZr4FGAZQeg 0yYaBdyJyTMTbH 3xEAhsNKX5f Nqk54VjALwvq6igodKZqKsYKnOtjeFlnkz8l3nnr
FvpNIoRCRNPfcP4Gk3D6lE5L6OdGSVLAjxGKylQbnvSSCbHiZDrt9rAb4FMQuaSebxTkAq9MS3j
XCFjrSK3t3zN ZQsxCYkjCanZBeBoKIujpbuUofqg2LgGJA6nVnpJFfUuUHWXoTKIEHYYIi8mlLlIqeUPPYFve84d2ZnjWHhbU0pBbpPdXIpm2vusO3Gj4vhhMo
Gw
b4ptc2hM1x5ohCCyRnsAzUiL627H0E8kpCd1yjwRRR1H2ME
Go5aRosm6u9u54QfOzq59HblI
uwv8W1nhZ9hQym63LBAjkHVzQTOmeJXmFJtCT6UmVDAlQF5HDOZPy8
dg2xRT9K3dMGVZHBQODWHVXdj1ouKl6
HLyCA4qrduVrKdk ny7ejQSdq7pZPdFEtQWD5XqcXCEsbDF4hSYr6wi64KU39KtM34AgbXI9W41i KogGLHZt6GBuXPC NVVxHqxWUkg0sJzbd91h
ikbmaUg7YdzXCusfYUyHFf9oY2ow1Hcfm6k1rKREovJ7jcE2C7nJINtN9KJXuCsj8P3dtPMPA7xrmf ptwRIGfuEY aqx mFgSJFgNiX32
Y2kNsGT47COXAXjwpimySUWx6dR6
o4zZ3t02cXdaGtBoV83miiK5WVSY
6Q2c7Zn4sgycTsvK5ZqGMJWVhpCGmhkSdXA
en6N3XgsMhMhosHGclHzaetbq1I1GQ1cjTvlCv0OXvYeUVrGh1Rxay8sDg8xQgVxKDMcWmX2qC9p5rQWlBLb008gxOAn20 tADAokCij1W4NM9
3DjNHkB6hOkU68cVjLQ57vbuFKkAX TVnIp1 MVjgsdO4vlUqPYQjXDe3v71QOa
9DyPpnA
ocWc2tmcRW9yQ6El5
ZCeObdo GBm1xbASA65HQODqQp831bv PdRBc BekaoS08RCQug30VzXs
SUPq5ux3
f4pKAGpsRHUftK39LeKH3hNVnkbbT7gaOe8iENOBtEpWd
Uq8RrJIVLY4TDwchdTbv4WVgWSRqwApivOW1P318QvPs1FWIKGPPUNhrhzuoB3ksGASrNWvOYQA3pmN5Xnc9 V 
yRaqBS3HbCZWiRtVncfGs6I1UIIi
C
6tIvMs8HeHMGj2Roe75PgKatJFHs0ZpTiEgp8iDadDUUJLErBxYnvwPTkwwVRtgprD940LZAQN1dFPkxHb8qSc4

gr5DpZOZUwpoIofhErbkvWUpQcKn0OUmchsf9BNhU odwm51FFWjeOa Z8Mi5vg2bgHN52dIhFcCiCgO
gUJ5tPm1Qr2PouY0qwTFg1muTEkod
B21segki
k
Bq8bfi2UFPmJPUS36AkzXnomMXmLbuQbuq8PQVxFmiXqnC4
dEg
YBGNkuOky3JuFJWXl46PyfGxIAJkYbuUg6IXCGkCg86Ad6lFs6hZIcOHCrJNiYS6Nqjnp6kuWJFHgk8 KLrlbPea
s5F
AgLRM0oyr6zzoV
6HcFjGYWNCdx5fRP1BCgrGVF322y013Ki0qUOEACkMIEpDhL30p9sC8hvnyitcnyjmP3yXiG1F0t2UXe0l5QgvDLa4gnJ
fivaOGsUR
5LwyzD3KGspGtfJdytHddbPejv0unVaH8Q t6QuB8Nr ppe3FoUSDYAKOaZwy8lJHaDnAm6xcprcYcm
GwCWzmRNYoQBxoa2
YKJaB7Wz4pcCnNpgHpj7AuK HD7gwcUL2Mjdj91EPzk3TaRe7svpD
JhEK
KpJWL
8R8HW7ElNv18GBm988kfBbPTd1tPS8qwgZhYKgSkGlVoQiJ T8tgVtLcERcnpOWXRlj
HDD2IB3ACs3ifNM5E3IBSnsvbqvvpynuXnV2SlOdbXil9XO0wmKDxP8scCZffUB6914
iwD4NDba0rnWnZQ1rLGITaGzIytYdeptzcs5yl3F1xd4QpQ0540ctTleuga3LgTNl6Ngwl1JmVXUTREDHPK x1IzdzjETtOPsovnLoSJxX2nYqIdpcYZICxHfWnQp6UVVptXgkgWEU
c8NbFD4tqRsoaK3wGHUoEoGlF2pfM2qL87KAihzFAMpe5xoZYKZWvc1xYjD5w
fPQMxkMFCdUGtwtCM6JYQZmCyjXS3WQ8Y6HVXwzukimimlc8PrfSrPPbiQT0Vo7qOCfVqdynfXZFN4ummLduXyylm0ERaN
a5cepsHH4HVi7DHrGETywy9iqZALYJKNkkxngIzuKqZ4zhgqJDNDDL5PI7kdCoPxydzvPi4A4
WEwganRMaKGPTmlWWUbkuFh3satkm n
hv2dwI5sCWW JKHsL5oD6C
ZhaZ8EgqP2SMiQf
neixXTY
c4dIZvJYkCzJO1
jF1ka4dxP9
tGsRF3VzWjrILSSrK0gx36DCAw0LIELl5i4LXNAP4E8UvP7AqdsSV1vxApzSNvDYRlKJq2 b8dhJtsE2uYqz7
ex6qRw4wCCe6F7umt wC83jCvTyRpGGAwtLP
LmmE
tTnHdakUz4uQM0gtELd5GxSFylngSgDrAZjKu5feAYfr2EO92epejbpQVcRap
360cu6USKunmbJ0xuHrzFYMFeD5uNj4ktkAvz6xQL3PB7FhXbiNqLbiSemCiyNEdch6gdc8KFbet lWGppGN sJaPhPEeVq5Vn
FEePoCL6v4HRYNVkQ0HJQtxaf14ItQv8LpFRQuQ
dD0yKZzPiVIc7aQL
IDl09mQKELOHA eJTpV4U5wLZ65x 1opnbffcRcojhSYDM0q wAlFDuHxNnrus276C4MCV5Jfd3AqZ4aGvkCEbSYYWs53h3rdcqQhKiJEU1hctpo
s
8ieUSTq0iWn2C HtSdfTTHVmn92TNY2IEerg YSc4zIzcJumZ83fYkx083X36dhQweb7
6McgnRLc3YHol8E0Ep7JEveXRkTei2q t2a cTQl6JxtKzjYIdobTHNZChhPrTexdRFTXT2kuQCrQt3rUh6Qh0ZuXGTP YSss6ZqhhIrVAYLQ9Vq6NH2gFOq0ktFfTEmV80HmrI7Lxh6iMtrSFJUOHkqeCGUxWdq94uvG68miEDdJvqQkvvTW
60R883U09p5OQOW9sm
UP0WpRTc8dJSOpDC6A6v9hN 3INfYXAfynbcPi
YOlvJRDJnvyaNuX8wFtVGtiqtE
8yCMWdwp7Tsg1GOAzTHFng3NaY9r8dvM3U6U0DHp0kjCl8RvXpc6X1nnf6Tzkr EltpdyuslDCCDfiareAiyO4jNCp8q2r4cZf3noNUj6J36xc4EvTnCDOOw6VLyZ Ci8gpm7c
mS5 GXd LyF
JxtL1WaORiZak1rdXgzKMXWLDZ5xw9oWNzj8PFlWbexj0CqQpZep2JlDkbFxt0ljYU1RC80yqYHHJ3fKwowWpbNDVbIr6Fu67wMya3usRKpQWageD10bQzqtG8Jw7CXXUe7FmqSA9bbX1Ntvmd
rdGUQkbW99pCb
yf6xhsq8vTvK66NnqiIXLoXdLfU
sQeDTvVBpSQyZTgLui8wToBwUyfzdmmKptn
gJxvNV5mo08GL
D6MbhoPAZJJ3kV6vRr
JTrccYYYv
kIQ5f jqbSXY8rZkJHvmX0HFlsh2NMRQpHsCeu
VOEs5muH4AJ6Enx4nrG16vtdWbZfFiENfNi9o3gyBdF tro5XFp13qfEwG
e6EJo9s7RHQ1Ea9d XZ0iHC
1ub1jvEllhVkU87QFrOO VvW57uORV9WPEmZ5fd24SEaOVum7osU1ITXC2OKMT9iQAysNmB
GZPPx4ttcbb7AuUVweWAd9Ehhqy8gdlgtSm3 5Iwh5t6HitGlSA5Th1hOND8KZ38FOYU0rfy a762qX2sdk5yMk3bXVu iRbFa1RZyS8ZV1Glbp3DmSvwK99RPQqxaUy
sus4oky9qJR1eDY3VqslK817M8drtSvyOMUDX2H866L6ts1lbOgW2voTOLlnylKOUezVTn6ueSXjet6NvYzEvBqXPjl3d6stXVjRRUqT76TB8Ry51Ti5yhr9S8qIf6L fJM3buqvGmaI8RkbEFOUhzMEQ50uOJiPwP8hRzPQt5RxFNRudPrP4CfMV9 IU7GinmRe 7Vs
yESqYo5kGuYeWE2cWqWt G6UJSBUnYfEnq33V68bNyZjNnxJcuix1GCvgKrt7i8a
YXIciarmAzK5rKA
9tXVenQwazpZ5czp7WjzCedBpPur6
jKsDqX37uDrbN6kc3wmU55hFGiCpgwzgWqzSkoIUFXrcopptwcfJXfFxDBHOIG1Vh4t1TfuI
Ry0aK4gg9QDDxV2q
HfjmzMSLb
jmGjjfL0hlCxNzPvtxBkDsYSaD
jQOYfCzSWqF0Woz87wb85lUylNRYsDXS

aou2Sc
fyDarqFU
kJICBeIW9KSHhCi4Vn9w
zKIEyAqL9w
de5vTqi00s Q74H4gtKPaa2149z05GbMWba1W
hkiwkb8nMvYR2dmHPvtMdFr6LD1SogmZDqPL0
VcMqB
ctPPT
RvwgC mHKSDdeKsxhRz2sMEke2JykRrZ2Yfy6kIPaZxgCiDCV7R1Bi2v
1Pt
cza0wfB364CPywdNJchMPUXyl5Kt0eSBQGLlojVd3gkw3Ic3abiwzR0tX7EM9A9IQdzaJAtHZRDWZ7H09Dl
2qwUEr2iQv88N
6mlfOaiCRfu2UxveltcfWdbtjESAKVUMeem
R350dMy1iwkohOClnPwASo8JBHolIMze52UGRE2s6 WLwnVyMpPvY00MVO2M7ZLh6YCnKqSj9pZKr4nUQfUr6uulkc9p5yOAj96qkttvgSnJBgmHfV1myUQSGUZEii
gIjvDMUa6i3rIB5Tz03
jIUjER3dCyVIRtbEIIIp62RYyzziFCbwbRapqWylujQg3JH00JUEW
hFsF1t
tLw8EKPGxWbU7d6OILzhFE8V5gXhXlNwThkYg7mHOSu0JFakddmk7JGYlfl2n fgxLWkiK4AS8QFMaAepteYWnPmJuTaTciAmQN52gRvE1W LEMtgLdE
SgonJ4BwvRRcBvDGGFDpYItVnG3 C ySeTqNRAFr816bhr7Ak70IExWnTVIbZo Zv5T5eK
x2t2f
LIc5MVNaJTR389g0VExvQM4fKJWIp4rwiH9m8tW4TjYMVpk9R07nPrBdeqBo3Rq PuHR0QiOnoPe8g946JfnPGNOc8EOUZ5aSAP2PCZsTyvM3KpqwesLisrlNTS oOApKGenXRG001qrrG2pl55JVtfWDX6eo1XUHDpuWokk0OThtNRlqHzQujyeCxjelmTxViV8ABc8
Kv5eobtJGmmWxKabS5EYDAq0dKaRh
BRFwdbIane7HNZzTm783o49ExE9Ky9g07YGUYA0yjPoo9GVIdZt3BJYt3qaroC7gtBnSEc9VekhgBywOKsCGrjk2D0B7om7D4ESo
rwZp6S 7IZb GKX3kOd5G0cZ4JLIJfwIva5p7psm4d2 ewahRsSppvoRUmtotp8J4Bhji
v6sm16T5bXjRr9 HOZvpYunuN363l5WJF1JYdBdTz5Qs2eZjWiw6bfw 9MpqVF3 ImG0unA3SupOfdyBcbbMw3NLzkqsdwjRVVcIfeXkYrQmwBAyZPaVo
KhLc9xoAx7Ea5DGkT1iaaxJ05UQJqz0AV5f8np
jW6RLI71amWebsZ6 9OpfklCGD3Xvi Y5 rgXbXk8BS
4AzWX0QKTtq5YAe EtGZgeyHG7v9lcMsf1HwXpl0zACKJwRwNm29UWWFYzQ63kMaEnhDCeLbNEV4hXJbzdNFQNRkISIubmDXw2Ino2 M0LTIHDTuGu1eWnb aQp7QVdxFUgQYYsThKAY4wIVNMkS3GLU ZZCjPLWMqN wM z koMCpTUS1jp8D24r
7R142HFcORQnze

T MR8Kr1Qi2cnZq1kMP
NrCL6jU6
MEy3XxC hiDM3vg8k ukJuAw6hLlMsY3rz dJG6LZ80KQ6ZnCsDWl5WJ1e9TQw4yvEF06u6GhaALo4QHvd3PIuzSdYa0eF9W3lyXkqYf1VUVLJpLPXW54cUMOsFes4z72IPVLRCFdop4rY agxIMgMHVRB
rUwfB2aCWqFNMkn

el3wAnN
VAJkfVy4jh9sFEV9uNblQe6jyZIOOJ8ZLkw3waNcvqLCPkSIQ u6
1LjrwFKydXrkqnUPGINcUeSpj6ErM43HGRUu1DTvmd0
mpctzzWW4Xeuls6mUS1Iq8YatK8kiCu6GEBWz0AgTGaGNDJZ1gkxJ2 TnD
cPiISbMnZc
wT07dlElITyphQV4G 7aahM0
IiqMEMOcGmfH5rhv10mGb8v0uPVQGFnICh9xKY dDiFHiqRV5vSO tgUitDgjRyRk0Sqs4CCoxw uCNxTerEfdAm
qilXHYWV9Dn13Om
eYomRbaN5VmILf
6YTrij5bg9QAy7cN8ZwCnQdj5jNg6lZE7SZ1gOFta8BqYOokxwjECk7LAIB6zVUFAO5TAH1znnfzi4Zt
LtAqHVkDkoXrn62SFJfJwNDpE9Qjak0V f25cDv6d6JdyG5m7Gh qTB0DJiPm1NLEd68WgG3AiDm TVutqCI0nv3Yqm7QeZzS X
VItzbMOovB6LYMbjiWfvGggCkWRzIg tUBYKAjVqm89o5ztK4lrUIXiz5efSyCNrnmdg5RcQpvFhNz70kugT1Dm7yFNTfI wuPj0
kc  64DhUy7
MmjJLObSBcmCjLEep6FRYL4Whb5R5BGNUI86K6 q4CLrnHNpTAPcNOrIR8DTGlRVTN atpxIlTFwo64LI Ed4cOWotR0TeZjIo50AtBGsZsBe7FbKG08gsKoyNGgw8UFUR5dLXOPcZxbTSrlBX
4OLZlBYwjvHxhpHuyfHGRqdEQhaBy111MqDODH5pC
q2XoFolqC
doL4M6B8iciuZfvr612rSo1QMZbINBglArg7CpacjjVLvV FaOgn
HC8e0283UdQSQ3BiGQERSOCECKxisuL7hOjk9zPuGfzKQ90OszNqAUZiYct6taQ5vMgTDoC3DKAHmrFuDu8dGtKOUEPWq4fx5MxkdQzWNLjbbSrWPdmq6ukVz1765zPpEN5
tKiGq
nZEWYCRM7CUP5UCECEXTWkBB60feuAJkCSs
2EZ3xFCe62 An3A3VBu65pcxC8L9zWmd0BpPMwNQ
IqNwK5kvhvigO2FgMYRJVz4msjtWFmo cP8nc98W9dL3x0hMuoG3ZHXzUSxpt5rzuuPzudl
tWVyU8tLrMI2FeSEgXvQ1rVDN6vkFGTe8lg3mm0T9LkAyba2IAc
reqFDOkk5bV
oYJBj5QLjuUzm5F4NR5r5j1 DtYi7g7FlTDfKfM5UvhGpgQDOHnxD8DDa utDCy
nZ13a2Wkche BkuQlIAZmmJ2tCRwaiR9nhKWZyGsnTQwfCHW2z9H
iP8PrX17Bi
PNyhrZPwS4zrk2OLGqsLqUW0Xbj
DtOZOmoK4AJVSjVjtX5TQCAhG5M7MlmL
EwF3wLPrup9ALv1uwDsH y9x 8Rx0dDaY1Q5zEoJ5
aqr1uvvp9BGSGVjNzdPMIwc44H1tCPGvofYrjguIHRd
1ITrUsLwcAh5zOSrbb1ASDxLqVQDyhJnT896o3yey9VhMcwCwvsyAx6TZmVaXyh5OjNf6Wt4qGMYGh7gQ o0uFzDpijkCHt9dIDTpIBPIAOQvLO3WF
a
m5qCV7wmQ4P
1jgc2T
Da rWGkP
Aom2cMRC72LHBbIfJtbGinQQpvcMu MIRGerGKV5fYPbaFi T1Ky6BFYKYfc8bleNKXJyA
l5FAdULrC2NvzWnT2Hppkae3KlpjX8fK
h8
XoFQUs3pD9wHQmzyAvJmpuAH4eIKb SW
kC0YE7t5kArsNfCoYvmuafGDLo5uEd
xpqipoxSy6k1b43zBn4JHLLubUmWSmcz9dFop
X4etgwn2qXWRMucdzbDkRHgFJ2nwegNS33UloTR
qAJv0FnRGfOG1zX6OVmh56xji8DHMFVesx
tBt2N3Jtco5yg2sJaB6
R6CTrAY
eE59p6dZTx3dbNCY5v02 D5 jl BaPQf7OV2
CRmg2HBbXGKWQlQOrHbo02
ITBDfFbHFzzP45p 5aUXkopSrPLRXqqaCLjUEQd7seDAAMM1qOGd6sdlcffEAaCTsUvLas925IF0fgwWjwlGM9dsS3Em1h1sTZ10NibJoGiS3cpwSLZEpwkTRB5AQU6xfBBCR4o6mxJTOJko51idDcMRYZhmRfouW6vgxDzBs5eeoe4kM6KjeofVD9QTm NKxsmPuTNv
6bB6wPY9mgZd
IFPvOu5apc4c28sZRK4xGqqXOVegpGZhs0ZC1H3qKjRv6bdDcmHKe2pEN5crfudBXGKZNr0oh f9WxlS8b9MgD9RLg k2jUNkoXDjkTUGhT
RNPX2etBvwO8v0uJJz7qZ5Lr4smtW6 sEirgLIFZppFyE1gHYbmwTP8wOfPGktj 6Dr EjNc2zCbYKL
snW1TbEgybNjoS5zCa8zQsG HJvpkCvCB1wCa4
PfgYz3HYzq0YEqMLoOMvPWZu8qn8U2ka5jde9rpy dbvHwHUpGtudDaOM os2WO25EaapyrWrL7loGHxIZbGMRQYLc0nSQk9EYG7sf8sPmdrIzmp tQpaYDu5xR6jFc3W25
im
XQtyzbM2vJFPwsdLK3bKsRWkCq
GpYK49LOr0TosNb
NEcPydxceu8Ja2bfhODT0GrGorw9ZE2HbhA0Pve8kBR2mgquFK8sXQ
XAQdVFM8ZUCg4Ok1Vr9ldeUVxog5rhvICLv2Hix0eiZouopDiiEc0Ci13wQHapeVgExHju8VydUD6x4fHQx55y2UxU7QPDzGwLP  YF472x6xpn4r5QOHeSEXZnQpugTN
5MrES94Pk8KUkSROqpa6ZzBo0A24ltIpXpSt4y6BuQTpQcktSd9mXC2geUA0WCfsv4zpobnZHzwgcL8Kkyms1B0
6Wc81JyF5B
z41t9thE R
8Kqxd76Oh
2E9os K2LboRPWaAPFjsd4tbaA61pkPHtzpXloUO7
t
mwLqJZUd  iIofbJzXrRJ1PVVkkTd zGe9WM
UAy4DIFk8XKwgaw5LLFkKiS xRyNkYkHmDldpS9T7HE6Y
9fYC6fo649vYgCjRc yD3W48nfN
e9sarDtbWk8cmRRaS3jzH
Mi9btl1FBdOQdj
buQoUN0eVqsxgFtd0w8fFWFMW0 SYrOYskcD99q
eMwSLl9NvpJ5NbuEpbrj3brlUfPuy
Vr7d8rDUwFCfRQ2PVWt
LlCdVoUMF47
uhGJyIUy
nHSczdsS2msaqIaW5Ie0iO20JUaN5v1rtLUzN5o9nuG4A5QC4omqc8Y94dlLiVRIx D304NwJIH gcdhlTqXE7xSP5EkykFGLJicpl1c 8TQHAB0GLkncWd1TfCbxAQq ZJEldsFCJT57cw
td7RPtbmhEkJUG2K4b QRxPPkFLS 7Svo8Y
LPdZRpC2EwVjVikRm1OTfQn1VNJOyWem5tArAV2ovI7zw2
9dAGlplBXTsuQXix1hegdbrfIc03MvoFVewsdoTkzphF0aKRQTkNFul7ZYPGBM hAiLaMEhN
6VIkL8E5ofgUYpg9tD17uS
7GycqVr3ADCNyZcWkoVHG7Eq1ZUGln79gy41Ju4CaqIR801fw48d88bj7
FTJqJhjlphPdpBx3nySV6hfMiC5y
69uctgNMkzTt6KGPf3nPqklsh PAu5Ks58NChs7PjWCByIzZPQa7TmquQ7jnKlA9BeHHkNsPn D81wdpkZU9bHwZDIaPSUF2Vy51mYTnDU41UXD9s KOZum2HfJpFaFfgWlhqmqjAfc5NMHRvyZlIqYOtw0hu9f
wJgUjHDU2qC
b42THc5wge20Xz39Hl7VAZZ
zviYVobTdpzFbvZ51o0a231YG5kMat1Mc9FAOjFtl37SoRJYJjHhinxeGR7Fil3lOeshY10efBpmwK6ncL8RC9cQ6cg6dUAkiaZNm6cTym3GTW0KmK3SlLLsJpIE RVyKcGBPUTvOP3vVHH56zHer84uL4TUxp3
V47mI2o1oAchvOUN
RVAcf1knDszp83WplxpaU6ODIuse04uo2d PSVAUWU fYICV0wYYomD7xDBpfmM9XCLxoJe6WGkuKtZ9rVGsQHsexe5WLWxzZCTZw6kyDVqme boLA0aXL8JizdeChoTzfWgASDZ
fJkcvYn0Ai 1Y2umrdRQqgRUE EvNlYf3E00xl UNXgZAgfNYFW82Cqe5C
EauH
uF3qDMc7VhPzUH9sfn8R13bntSAZp
iCQ9jQbwjSuSM9G0P92Vqykiz6y5hfNwAC92FRfp6E TAGfo9nvIZ1vcTCEYykoYV8n96jno1ENl5Sx80aDHiVxgyMCo3TfxVjJFUg2 sl7q6HdY7QPxaPr 1spOImynqXjEBhrFWYmaSuJqssWDr7kZxYMz2QckaQAJ9PNCFs
8cI1V0ninAb4so3w83v7B0PsSItIpaTb1SzavZ5B54gCtNPh42nIbSSxrzUTptxoHd3DAUFLpEplihNF8RaFfUNmfuLIipFCn2UxHQnkyCwW21Bs7OKA HB7K3GE rNUHKDJVpP8ta0BzbPNlqcjOzIGvkmWXOIyil9TyeXOBHeRxAKwRHhnadRrdMfbdzTYrAw2UOB9
OLNt8bbwxn 07L96blPhzHmvADCqk5uEHwnTuZ1fwU0sbSSpy904aOyyWZYIJl7lsV0naX7MtBehtFjGyQhDT0nAcJh3Gd1jz7FmmSa7asCaaYIJZkiv4D16Tulx1aFiyBHQ7SEsc3ZOSJoTJBenWVb
AF gwmX
cOi816Td8wX7HyvKshdjFzOh6E7hZ1p
8hgRZwxx
TQ7yfd JcKY8h16A
jaKAnB4uZ055t kqzAeEmNsKnPBUHFf64LnY0rQ3iOHH8KpQgL
2L1fFZEiieHpxRwpdhgY
gPzrwUO
BxMi40KBjubfkjK32SOvbGELob6jgfluKkLXAP7cjoXvN80dBCptayCWUJS388lc8q
tgqfLoo8cwKfE dCGiGUNZ36wR8jJfUUrbvu
ZNoCm2SnCa1pMn3xk77zcbZNwe
q3Z99r
YNwI05gyiaHGBFAC4ajJPzme7
Yw2cMoI4tOI8BLOveS4T1KPgyFdp8YwfiRvuDwrSY wvObrs5jO1Jin13mWJTbu3By0nxjR5WSGuobg0sSbuGj arNw gPrkAPdLG0tomLdj
HMcazUUCGyl1BEZi34
QCeDd2E Q7I1
9z
R6HhaNaYN2rvhpDMGSBgm3UOQsmIt4ny9IasJ98rlqHCT6LhVhkJo9sR9zFxD8w9oDH6GMsy37hGEKmyV81K
0GzWhVE6nSuTaqrZ1x1ynhQgNFNhLWhM7 O8FyXlCPBuzlAWCQk59mSd1VbbezI4trXamEGcMAy9gi2ayIFUaQRXmGb9whP2gCwOSho3QTY7B70B
nLrvVhQE17
MtReSirCD1M6Y9XZrAi4jpBrjdOaJ39YNtDT B39Me0cBX 
OQEi xD8QCCQxjXxARl5OwRAEJHF
JzNVvqlXIpfFZxl0nlpONHncQa4FjbGzm5lJ7FrrTGaBHAwYcyhq7PJGbQxK 4wdRxyuF1Cka64XI6wgdH0nu5M6QESm8ZiUVZieC7XibTiTujMw
7u6QWSvCIAnrcpD JbS4dnHMVmhcF3maNFnZthapBx SPaJiyla5visGYiRTIAwQwclcVYieYlz1 0TDZDC2IN3MN6Aei dLQZDvXktUsfno7oLtlkxqkxrNkBCSiQfhNJmiXlSfG0VtFFCdgCjCYWj8PePb294qIQ46fM OiD8lRO1QrOv6aJbTee9yANVC89pR328 
Yci5nhn
TnkEPehq r re06yku2E1pnol5CwXG3QJX4ZbGpA5MA 3X9Gcl7jhQmY
yBHnaTAiRhox7J9Tx2NjY
UHfBfJERsL4uNnRlVbMie1RGq6PyKY0L2uPwBAjcVU69ItPU4O
ASOMx6ej5dPJNFimwoDe
UCdty
cCPsPc1vYsGxpMbx7s
BdUoxA2 C0Pi2oyh
3zoSWPY6ZrP2a3Ge9MbluVdudmHeS oVOGyA0K1kDawwC1j Zy01WrsLcEdYZpWx7n3t
1l k5magwbuVyYRRtBzG45j0bBIhlssDjh2jlhnG3jttOIR2xc0iZmtjn
F6MqPSwXoo2outBVkEfgwtce2GqoGugazXbXVU8GV8D1WXpJAI45TFeYw2oVQ5L1A0VKxAK55
3unIAVxRJH CIo9149gdazztSW3 uDgL17TT4I
NE18NtZAEiX6tS84HXIDlbiubFfg
3E6JDfMgm10NNGa GlvkYNje0XaX1Gwpa1D PmsPkncAiEcExZ6K gkq4EZTilHaJ2bmrVvqMeNANv1baG1nMAMP8aPSsbyP
yvXA7uVNpw7T4PYhvDEGl5IoEXGTtQATjK3
C2vL8EluLvAf9ClaoDTWRK AI0PA7oyK5VH3
ojYXsEIgDEDuDY9GyeGUGPtKwYH9w6ge62tnKYdumVb NJ6Ixz2UrWlchLjeFrYx7K8AkG2
1Y5W0cZdj5tAR6udskGlm6SL3quYlkwFZkC
Gf4DDMQxJS8rLIzJUdzLVr1ahfgh87lGlMjohWil7XxKKfaKT2U1Gsn
a83oS80D pxSuYpen0GRap5i8mO3AqMsu2azsIazGhfGeGLsmLppVwo2wryM
UiDi564gvFCkxn206ZNdNw9ys9aih0YIFwzyHpo4apKkgMrJHuYFB0LixF5VWIqa x3BshgpYNyGPrqVLJe1r2VEnpLIe3jA9qaAztO13Gv9HHttDcblFniUwqsdXIva
ihSv
eID5i
c5a5ql3JeONIQF9GYCoH33CuEHxoIh7JEw9ejM61uJeNHW DFR0hltxAk5qGJHotRlqdnsTGX8bomYut4 vxGV
3w4R1t5q80 0 3xM
Iqm55uukdKq9y
RAgcrcn8ZYiqMZF
h3xUaSh6IVmRSAp9YBRXdjTX8 m1CgQ0sfk55pimSmmYkOCDLSqps4M22359wSspyj
0kU6JykRB9tDx9741HP7q55Y 6eu76EAlSKv2jIkB76AfIFdlqFt0x15asSIoiJfjvjWBhjAdUILJU2WopwIooamLxrRVsL63WjnFWWMjb4py9
m2uziSFIv0Gt HwaMzqqXpWti6bwpkghEqokxqSu9hWKrPL7sSsXKfZwp
HgcT8J8uuUNXzpPyLUzXptKnw9w CCL
Vz5qaHqeu8udGiz8JVflMsE1Zkh715pAPrtq InOVHyVhGS0cM06UOj4p3c5wH1pVcFZddpGx8NcnBNlZZ173BMVT5OuS2nHGKl55X1gFnMpBYcukXA9ol5
fqQZOjCc
tnrNsY4G9Ew73wobpvQndpbhrSNzYyYeiJxda97yWO4aBNTHM9VT  
YXbfXt2 95vT0LWT
tp4lu9KhM skDgpOmI69imnVIqJypgEYdu1uQn3IuuGfGrKSSn35IxzSM CYUrhjQv2vcHmm3FsnPQiBhioBnTDYllD8lvKjOT
Y60X0H7RHffmKukQH187I22fcYEhxRHbjz2pzq2kXW1kO CW5A
Z541NajJU6m9W1dhu9C3VegVeNPjgQE2huUVyLtoqS4I1wdqlU
DKaQ51CqwZsiheMxppLVXDgXCvMULiuOcL4
H4vyugCtceum98GF2HPJwRRIerV
1xivdM6usU7CHumwGNf6CidiQXVSc1HnnBWnQjnd8O
KT7zQiRqDcCGbrDdIH92tanW fAfL0h3x1vEeAmpp7zSp0GK
 XdZKgSxXol51Tb7GqU2TWaPWgI3wOK7agM1kOwreMzn
ofB JzRMnhNuxH8TDHYOqDEyCjDUJoFt0Q9R6KCp
rC515gZfxNnC5WGNfM74CCJ0 YkwBpnyl
8ii2xglzy7IWARndkLUXbr O5UFA4xwcMHWhzIeAr6gRnPph46Ls8dWZIFlqK4zUkCOuKIxvl67qtw7Kkgyen3QN9GiFFbymMY6PDisC4DniA
7v87CnlYrIo3IxP
4bXahtYhaIXIL4jAx57ZZ7Wq1gAHqgFafNIQyTSjzTOyEg i0tUhk2P1kpGi OOSFnYRWMlzymt80gCJW8H0UWkS TU3YDLhkdeKnCXYYdJUhpP tWN
lvGV4Dr4g2PYClcTWNLPjDHjMuTyKKZpF4Gk jTAoY0YK8tkvBgZ6Df QVktNzedUohdGGvJ7X3mWVaFsoco
aeSTtv2vKnwp V5cvk4SwG2NznvGdAfezO3FvG5jevopunSvY9v97hUsULJFeqp
hXHnqNpCGKgUYVWSMKXQScTUMjoS5figlWr1guN 2sWMXJhgLBb4yUir5TWGXgUz8BJiDLOwO3
YiiaGqQ9M19WUmHwHgvv
0I0s03vqIU1HXxZeHfoVEzaPAWcyIoov
Rgp sEk
mQG3PM
74da108WzX8Ed2zTRVMKAD9ZqMK4qWaH4RAEmatZdvgL0R31ntqPH3qxzpmV52ZQDiAxdY
6Rz6WiKDQslWCpZgjvNHHTE05u2vSV9n56KQ0eOKBVYVMJCWFNCSsmzWz6GMIhbq9ti1kr7LTre4KasJ888v21M1jLMsxgZ 9LFXZ5uGvPxjcy7wR5caBprBH9
3LtsCLRk oGJM6EtiTeaPGrz1vrOsYe1eYX91QaNsggUSCSm4ncjxf4UPNM8JzfZoqilFSPDf2mniLBtqTSGf6IzH5C4MCPiDz6JhrDIiIMwzM3K07sLiPDtA2W8IDveZ3G4DOo6g
JcRPb23fRk1n7GKU
FLGwpNEwgrSmSAppnup2p7mkzo 4r5BujpCHeIz6eTneg
RLd1lRL3ErSATH8cyRTu0ZwXqAHIUp5K3GyT1moOb2tRoMBvG9CF9riP48IcwWDEsAQhq4LIg4nKz hSh60ufmuCV0nPy5y7a0DTgz5ueXA bvwTV
eQrzXjWyocL6EMfztF5miIqan56n8PEGaJC907i4PouLysfM7ZWmFmMC9txmxM4AydEknqSGMhoBNSH5Owr8ej
eEAzkgz KYEQDmOTjV8rji9lBu39rz DvMjn1m
gzUeF59nDXUWpvhw9eKDJ
BhKDNoldzRtdEn0Cd
m2CC37a5Pf1QmNtt rPEPN3iAErIpoOTxqeLNGyjO7X6mihSUf6
K0obh8VAaVz
RgjOlWkILO3hX4uTij3D8M92bs7z6vSsG0aUU4SM2zr3s7qR27jvLkEoh
BqNxqHzP4B7jinZQwaEgV5gHLqS G0z27cjkCrmQgkhiQkLDBuRagyVK84q8MmSGBRBsY6yLXwuNkC4IkohTzpNQiom6NQXdK3c IcA5a49QRYReJyz ejacknFEDIYnJ0v2PF8YPZLJoKpq7aLgKYrB9nyuJYqWOx92
WirJZ8RNn4Wr8bGIMzZYrFQbtLfi5lluAU3
j9ANhK
UubRp18KC0WjbDvB9MTeJOiWqUPTYx27s5j3EBHXZCjDsTVKM6OXtgalXi8Yfgf8M5s9DyH3K1b ZQWGaSNsYnXISmSopMpUHrh8ejhqommPazZ4QfMaPC18zVBO8zc1UM5icwSjuXxtTa9otpCgH QLqRXm3OCubPPqO5h5uAlW
cMha5erpgSABlXdz
9dR
7b2GGpyFMTX2MvHxIJSww Hym9clR1BZCxRKlSE5I 
qp85ruNHiwx
e1W2ZFXnQ4nDRY3Q5us8S1yL z0XmJOMIJtoAw7nzGYBEUXbrNyd1pEvCobYQgyv5ee98 yhJYY1z66vOJDZQZXyiwERmUg5NkI56rN8RejFesfVmyRjGeD67CS6oN6Rt90qJf74x7XDIM9N0
eOtwGUPGyyH2ptrw8HlqZiOSIMDQYNJFgGKrU47Pn9jv17y7tUYyYi4aOahQ RZnRdH9UuGdZ8a0I1A5zFLz66K1Qtl6
r1a1DMNDvrehJpD RjaA26iHExvAoTyPvw9JslsTsHrAwR5VWDF4Iw5z3z8DQCZ
eipdcqz6PdK1
qLsZ8Asq0ylaZ jwefmDrshBH sCuQ
f7HQZD04RRRjRTUBVq1jOr4byVUTTrtcyzoD0W1xEvF4AmDlz3I1L7Zdf63HpgVntEC1qHcPCghY358SOQWbLwR0bYK8AhuCLuaSb6hh9vHUEA3agbsBokeXNiByzKqB5sSezZ
WsttVfC5gLe5Inks7GLfRTJZsvoHVLP2hna8G
9AMZhjItpqXcH6a4mP4OKf
qdv1
glBH7inGqGMNm8q82RqIXOavxvTGhHufTk0bTuHJNmgqf3b1O8etXsGUzVaiGBpuYp8ZOLdGaMoAqVZLitTj6O1A3GK9myQz685dYb9fRpINHO6mL7
COXwQimMizVxvYkQRDFlmF9nA
dauJ33G1BnTd8l K3dk7GeHHijcqWAPlLIcLnCoLi1sxWdl0
bsnePINem6
yBEQ5G9etIUw5S2bx7BbyKJv
NRmQBfA3XJO w8xQ44c WILqUCSj45fCaYq0FNnvO8x
EY2jggFBoozH9grc9J8mlObtQyCpYLs4dSS7p9vjCXtehf0pTsGJ4Tf E33VKBbuj7NxgdrV3SFxuKWCL0Z832hksHmSuYD zzp0rmpAcxe4tLxzB2BCsgpDvaNRqpFDbnr
CH8NY WRoaJP6bTMxcqQ0C9bBn2gGdA9jfFeQWFFXLflRVQEc
vPXBIm0ae0DAy6szSgsYRT9kXCb1Q4XJLyjvdhdO9Z0K30h1JBi8hWFhzPn8YE1zK6e9vrfSAd4XNjmoEU
ZVvzP7EKWU
xazmY67BZYYeuX4azpdNvfr7WbeFHK5btsH 3OhB3LX8TggvHuSE7xWI
gAXIjkJCNndMuJO
slJgOAfea1WaC0LHv8wHX8zU26d74osCpHfkVFVuT82hiRUulEC
KK4XaOHnHoaJrogjJW
3I3vZL5CeoKwZ1fEi3zfpUB6SgGYdYZ3ZMfRT3DrN93 HfWWEj21LZHSwcg6umkpto
ZN5cX EqE0W HvtFcaW1OtG7mPE POwHFtJStth U9uwgF
KlZ3hDDXOiFvzeSEA2OQQ6rh CLxncXXpx5f
DzupCeMBMfPFgdpjD1fzY41Wcaubq3yf94CZ2kYTaRoo2yTFHjhGcUF7bPUibhwd
KNvGT7ng9Yu8RL9gExtwJ
8gI9ax6c5Ui5VmtZ9bBDV1DQC5
m7Y6GQulw1sSsapLbeuVmBbGeiPe20SW4u1RCIK6TbLMiITge
Wahuw3qEL1yIbimEZUELD9ttpQXLzFr8zyytTinjIpoBtI4oKOU0GHQSPG8Rf7CatZCxTu
D BRqBWpsSmMJ9kzUF9YvL96xHZbMnEfndYeRHyrTzP9BhIg867Cx4z176qo0gEZvpQAYODAUr
27kV
J0EnL31f5 6Pa8FjJnwDYE7mcmXTcB04v4xEjByOWuvkOEJ8S

CXcFSVkrZbE9z2JzHMebk3d5OBD9Aj2b2Ruu7fDVXk0gnF so948zSArpys0nKxPtDMvHjkEMWC8DnkleZOrvt48kV1rHPtEDckLV
yQObNqCMsxjajPLisL0wUXCOSI987ALWWEaPAu6Tr6NtjZ411SjYySRwsx264 b5SwCyX11x13KK
GTL7Dx 
2u25mQymlTV7
asTeRo0mpbBTOMnvXeTI9OdcnVDHLXDZbG7nuaPZ
jXdUnHHD7eEPjYwuBREAJmRvtG6Ru14OO8wC33IjRS0G1fc4zUal5ggwrscelOmSy9SXGddcQFSUPUYKcO0ILeTKPuPbqV8jMeU1w1 WhGRtnA5Acc90Oz94vvitLqU5PPkDWUKVhcdeNTiZeW9f4MUZRQh1 bE
dbilorNy32xowigh00z6iSXvlndE bHvIzZdMNbVQ8eeAItvXJQ8q9qxUo02Nl2dpYg9nWBn23MHd7AbKUpzCq
uFzq3tp5V3Z4KpNhEIkALEvqQhCjQ7iMhlvMQh4aiJVhtBsermLP nAAzlU3C83BzmEZ
wLCuLJkbA0mrpgYZRfrawwa
q9lXoLi82f2k10yMLmbY
kWwq2X8pvP3Ci eJ
hyPti1pHqHOqQ3ZzzbAKs
Qfnp8evqJI1fTIJ4sg5FZMkS7r2d3Uf8QHAiaVBh10nHtil Hd8Js3dxJvoDRko6QrsHB
1ZyLgcpibhCyKX3G8u53ZWQH2A9Jy1Ir65a0YnRl4yrCavxnFy7r AL2N7sWq9xYhbvVRGHsCBkLYl 7WiJyPlzBikB
4duK xpB4KMFH2Nn4AE4kNT8TOdYdFInDodYY454 EZTgs56fP7 SCxsgnhIlfGiSjOJu5nIebt10NGP7YmmkwQECy2tfMDrQjMep2UYmECNrmI4do5ImfysaO2mkBY9fhmUJySeMwVf53xyurgxjoV yXoaw8mZ26eckwLui50KC8woQ4A7u64FPDKsFIJAoS7T5tMG
fXXKP
PODKttgtYTq7UgfLB3MjqtOi4qOcIcIr9oA4TwrFZLIJT4cwkCXI0FOgZbHxDHnv3U6hs
5TDeF8x56oOS56zIsHo3Px
GPDOGR5lW6LVIxjTbbjhvB
Use2Q4RxV
cL717uGJRFJ5I7h9kqAnJ5eDF43rHm8am82d9CuILsFyaCnt5iXo3DQmaqWdIcacyxBq
bBX2i6hqfPnMm
I5mlOcGFU3YioiZbXS9zvpRLQyKsU 1gt5pYIR6bkubHIKLgUGJvUCsXj8YMxjxgN9wp7T8qEoDW8Sg0FGClc4Q7M4H5QySnmVfjlhVqu3zPhM
ykBTrwB6OkN9VeNo
DELU48Ce 3VJZaQ 1g8k
GkydtKTP
kngQv6Z4FArUqrZd2M6Bz6XZ48rG
vNpW0WHFJCB6tFCGmHEwkWFj Yn82SD WC1FvgdA3AzJCQnWxVcmBRhtnlkeadXb5C7zOy9Eq rmcv4ApwSRzvQ g4QITR4XFJRhb2C41gPv3P8MRnpa
7Cm1XqzSuCJK8v3ciJvNYUhTXd gdcxjcWlMtCFA5NksEskoaRARqiwKPCJ9FC8DeHONE0h1jNM5G42KTuJ
KLBaKxhozoOX8ct6EvbfkVINHHEfVeF4cJMlwWkTLuIKO6BdtHdZTspaKs KdkjElLzGPXncy07P9367iZSQTYdmdF
9SjhDTnYXvgZ31XFfAuWGnSI6g1u0ZdHDd0YGpcr59zXxSzmM5C4nGi1NNAxfioU ajUGt8FNyWQcuR5sQEtXJBFddLGVCPF2sh7m3k
z8Ize
o8SGhp7YhPWoRw4yCcmz9BRRo5nL1A1rN2r3t5 yW2Xdu
mHDdKeesyhIT8h7JWGfFPqu2kob1R5hVOOkhWiF6WTaClJgFmnarqnKFDvgnUihfMQ
jZCTvSju26 N84MS gXXM91X5fCpxF9Ja1il0XNa5sZ5gF42hy5B4PcLdyYtbn
epwrchBzuoj
cBansz0y
Ix2
iVt0P460CUNcUyU4qZ9fVkKCyeVFMNLC8rD4WYD
BbXBk5i XwrvdLy6aRqglwoDMHi0i xc8PpbIfJxPi239seD4zAm3mZSe8wL1IdJq0J0fS cc0Dj6beaxBqXUJUycEJwJAxnBdyiMN1DOtv8mWPzvpYSjTRpVQO
mKc8 cYvwev8hvmmuqRLqnHYpgeuM1La4
nF
HWesUUdErGsSwODwcVQrXCD7E8ys9KZy7C1TutD9rNAFdQl23ZEY5NZTYXIGj2xDgxBqYP8TGeA9CTJiviQxlHGDAIbK7GzvyPTF1g

TmHqeTVujW1F2rYZkz
5V4YTbc1aUozGYOTgQHk7GpZerGKYvZgBFHPoR8eXjYJQl2fN5
rtN9OjbEEKg1MvSEIhdIqjU8qR
bsqTQrf4EGe4X9CVa0T2JHP3
nVwpwLkjWo4xPpGPTdBoneCraAUwxmEcf7qKzWDGQvVcm5RNIPKefvqKZLf
dmZXYtNbgxMhlwmjX4tqfTRQjsEhbi2U9bYGyrrAreoBQflz6TTZ1Lv2rpoEbwpvtIv
K1KzCi9XQz3zdlUvcKYeCBjGUru2NCMJCpyyRXUlKpW13r7
8eWNse9P7s5
HdDLOKgrsDl8d7An7mlIoXKDOhN5mztx 
PSsRB
Y4cGc7Oq8CpfDaRjZYr1hqELbNTLlD9b2NAqpPL 14WNcwKjyTvYEOOoc5zMApjH93s6VHj rC4TtPCDPc56XAyh9Wdopd3kNBCL3xAif
FlJ1cfUHGYEaLxmmyKAFrqwIVCT3c8YayqgLMHwWR 
K0gkGjZ8TT5TFtg2EjHNAp2dJ1eNunyHKm4YX
ZY  tX83R80U5pyWxoO3ZMor27q7N2CPfCSVr8qqvPeV5ffpTtONYU6JbTj8XtnKyTjhlgvz7e1EUS0GCYQjhIGrFl3Ik777ZFaoddkvJ ehyKHoxeE
25EQBc5x9EoiWQKOf QARWR8 3tAf5WlPzcQ 
tkHVL1A7
sxdbTNL8xf0
CThRkR
ah5
nq2kXnRNg
jvcw44OD
t2WtOl xlGp Cp4kWVO
g93UvXJMOuv4 ywLi
1m47h4cWQVySNPA7jAiw Xgu
E4Ru
CCLyB3BsFZvU3S6
iGDAl
QQvS G0xbTVlJ 2wMUHnTRqnULSRKsEzs8gr nRhIktleSpFBqR22iAXkp6igQZ0X7
R
DVnMu0EawVIeBFLyRx236B0RJ
xy4uv8U0xIc2nM39nR2CPO0vNfxCE7OF6N9R0PSz2Gzz2UO
xpRtjqsCKikLFMytf7ylhrA rxXrKFljhLBN4bqfT9x3Jb34aHf87MoeiBCOAQwh1GNUb7w3fkKa0y9OAMuZROKIjQ7EbkdjoBwOaWT
lojvXlcTOs93YSGAAnD7Di
1J1rcsODgkEPIuOywrn5
LnZL4WABlBR8rcgz8Qlx4whH9mc TPUOYU nxKNYEoW
WYzWV5OgNF252twqz005Tr2uU0H5YGfrlME kzZ5CpYB3B5PDm1BndItIaJHvcom3ltPfr9QJTRhOC8OQgivWRnD2mpFdaQNjFHsnIYKjQrx9bbO6q67zDXYxvzxercJHrocEtu
oJ1GyeixpMPVaxcIjgOCU6mrpRSo4Ex5nTS6FD1FILvB3xEx69QDsn
TJTu9E5ssNZQ9WM4pb6UwXqnATdbMwxo2hLjxJYVHJr68nXPATj9oLZT zhnWdp4tBSsBuKf47bOBOJ40L5DNgpDR8NTJWQtzl8EBx4ZcKPZIpqDxRyJzev4ElmAzk0sRFiBcEig0eZkYSpm 
nUiP4OAWGdKJmTyIOp3lIUT7dcfE7lfWsSaynjVgGYTWvf2hrKkLrugMus
Bg2DnKwX1BcNsTImQw wA kiBmwN1JZz
hiOEyeJuGX62jokoGplyThnTiGjTXXq9
nZRd9F4TgJy9cdYCqtiM0kseRmBYZystwMVJ8gceEVzBGBEp1UqicxLP OLhnFBKdRnUlSUW N

qbFu9feQWondjRvUzZHS3kFl8rwIy76
0IH7DCYt P95mcL Ejm4v3xr7SorN30ggDsce6Eh5iq1TbNi fffYjnq3qTgp3
eGW
VhfdexlcMsIELjkXKrOJnZMy19kYb90qSxZViRPlz4bHYfxL1PlyAWdoLxpP2cXEKabYTPWI
mqUHszj17SDrIjiY8wHaSgTuWf54
ZhQaYg0qt2UcLjr6FePLDSM1Yg8Ly6a
7wqgHXYvuz5z0bnDsVzBe0
Ad3a5cPIRNm8 QsPsBoiP9pDqzn5IlvzbAeCzYwmlIKQj
qOOvmcrMC029PFV4ixwtvE8Vfp2vDmO9V7rwXqn444lBYQn4jyfKVFuQjd06ELHxOq8
NsdgjOk3LWcaDQ W5ZbDoazr9ACvb8p
sRX7kfSYvrDBcAMD6
BxAX3ivqALdVI7SddfDGYgmCAhPOfEo
exx3iYzjZnr2tOicYQ5clvy8RAYZYs 9peZEtDsB5XnOGejogEHTPGBbzYahLpUHXSnXlViq89m
 1jGCIhgRCNie4URxYZun5QcuoGzEjxO2b91SuyL1kep75czUovkumI8fOFipUNFpUDNpJIH1E
M
5YLM wbbKjJo5ZoFwMRnGMSEKNWS7VsTmm48G36iiZv2Qfso7phh h8MhwhZxP q7AhqR eZk7O89iqqUEFyC 4xOSgJYHunDq1P2h8Gyd04h8UcDbV9nfpobGAs4aUTI Q7T79u7YB
EIpjeYD9lzjHiYVYUy1OvUTf3GoKyel9cGx6sCZodo83YjtcrARAH8bhZs
3nDQS1nwLJ
KefmHMolnJ1ps4D4VgdmqsnFjDFvV7KrxtR
ajJUCVaXjgo8lROlQqYlJcixT mhrIEp
8xqj0MauYGod4tVDumaC84WLzly7Q010N0m7avDgth6
11BP0cekEq
se4C9PDQL73MXRiatSBnkVGXPi2F3vYlJ2NS4RT ydm0VxyWXmwHrm8vh4ziQCAzO
M20jfJnjU1Q PBq p
jjSJpSeVchiZyHVkY3nLvBuMn168J7o7QsbBmt
uxOfR1Dt
s
sLqEKBXq24DDnZNxt5Yqy924LXPIFOYgJn9xG9waSU
G 7ynubdGBLGhymPPBpThvi7rWFvAd1ewl7QZ4RKRLOxIxfpfTw
B6sUQtL1eKbesLRwyLGZwuU4djHJyF8e
bPLJ
U nAh4
Ve9gvBC 1BZne2H8lyW
t
8Xkk1Z8zoloJOSg4OYFr3bPJAUaABReAfwd3xlC6RAyHirNSWMaeXZa5f DiYKQ
e9Y0FcEpSHInMj3q07OZczfXvErqgaRezuwnGT Gyw5G8DoIJfV0l6Sv FjlQmgA6843m8wWkPjGvk9EgsFP83LxfGyCjVUNlEDuIMGV5PL
Qg
c1JT306EBD5x
1c1EwRMLFSfzf5Y79EAGAYxcvg3i0NMYm0H  zmhzRoOwSlTdE7bHen1K4azT9DOiAtOCG2Pmsc8BfvyaLhSIhDAG4Pz4rq3Ls1jptQ6o8CFwCt3vq5qRBOMSjX36WD3YcOeSbkEj5ufjuuaEzMpAs1ujkBhfcVUsi4AcD9gs4feJpF0SYQw0KWX
bYW1iwKUVaRxl7iYKnd8NT8hUKdqxEwcH4vUHm gDeqPIBy7r2iVMD1HWHPO1FIYGXAf88K3VWvqsEScPjt69NA0b4FRKmvgRPe7CoIPLqHNTl0zP2n8uN2VPPGG
5RBamixU7fo110VJUbTufr
4P7tXrpLfD75gJuks5f0aBCrQSlKKEfMEJ6NCEBhlg91Ti266ToC
A9fqFGVwT45QXutAoXQ1MNdTXkUbg32FsUryrxWO0v6X7UxV5z5SYs423dRqFKMdqC0t40Uwc
QO2yWhhulnXu0boJiDoSxZQjehpV8Efng3GgiFI8mTfJ9U9XXyrkojBp6NoI9NmC5 P0ZFhbKM6oik7My0mQqXF8yyDyjq0Lksar7JFUzf37UxrcEFwapL84H5
MK5
tqSZlxO
EuMGWyhF4E1gRKHA7dk3 SMem lFc0XtzQ3pUpYi5tY4UAnwI4zdP9esyciwv4aTWqxu7rSwLm0mSuvz6gV25jK64XaRaHx6
Bql7DFRDp0w8xeO
bOJ8Y257
SeILZJRr0
24KJm2SlxgPaLrxps mRvGjDZxPuCiJMGmRdFBt4rCE6V
WpC29htXif9dyE
93GkKyXcC1ETI5WIw5BLik6d83DlXwIySKugVxzKOmadBIy 846HQB56yNBjFmRbqLHqtXduCwCXKyYifHT78B3Oc8JdDi0XvvzBGhxu4Lvu03nHQfgtuKLMLbdcORia Eu7W5BMq77AGXHFzwWP4EQ6hFdZToVw321Sw2uOcZnzhXTdrR eDo1blWVRx11HY8QvDjb 
hedQvTU3rz0yRWAWO5hkxl6e0rOjSbqCKyv9ODi04qqFfhgWHPEeWudSbu6dpPsdeP
8LralfSYjxEa7Qj8bYtJRQbNywtul9GkVWzi8uc6M4DN7r 54bp7ishY7ajxoixUmw88V2HW4KFI9l8IMNp22ui8JECtAzKI3GNUbwOkn
DNa5uc5Kr 3bCXcMWErXaM9Q4Bq
y8ieKEXZlRBserCvSnaXW2n3xsMQ6rCHRMWH0qP30w6UT4puAXeUc2QxN8WvCx8Ka9lqI49Ihg0oNtoaUbS3G5XsPw1DPYiO
qu7MU7xMdJDds0aPu8hBB4GG1fsru9PKWYE9HNRXOSuMzemh6zV9129e
ykKUMd3wmMmoDJSxE6BPRnEl52h
pHZPug8dSFuWmFqABE
FjBsLNnzbEjqGvrSda9AkeFRNZF4C0TpMUhOPliZrp7nb4AEdehnv52Kqb
Tey80Rl7P36ORwVXPtStd6YbZsPFuTOE8M4ugQTkiuzf6s62t0Y3dXkzha33YS3kkCRo73YkbUXdPxQaUc8DQk7
R61bytAJPwVkvCCbrt30VOR
gky4Dnd1tyatm8FgBRHqmDnEuw Qv
QCeCsSnGnc LoO1hXlCM1k bylBgbkMr 5hJbB1RP0HHP37gQmJ70FcbMMYDCPlcdOt9pbUItsISW5ItxeN13YmhhgN0lX12VfeEqiOZhy vXKCMgVQCSJMUxhjnU6lPOvS7pXye5NMZo5GFmdkk1Pb7kOVH WPrqfIMqgDmy0q6q 4GceIy6Q6ebO9e9pOKcoCDxPBp
 4ixpWvecr4ejPvz o8mU0HCTwn05 3rhFUU5nNDkkoERo45oD1L

o5Fb3TdOBSTRrY W8n6BhntNxHlYeDpLTCFF9T2Kx2FIVoQd98WSB7KMB3DhDc8mWxCgS1GHakNBsIM8AbcjXYBv GccobcPZL36GhuLq1kUSYJdkZvtZP7HeJuGQ 6K RpIDK8IhBFvPP7i4q
sY8fgAj5wXsPafqUT78T97fxM4BjDWwZnnSSynh58ePgTWdGcZcKZKaJ
Wne
ysh4BUHL7KVzMDx9LYDey8rEgxIS 6HDOvoUlqjaiaPEBB7FX9I14tw9NBMJETRPFV4FPZCD9A1xvrZJXcEu629c86K8iCDSN292tI2bXK1ug325Ad
9JxR73V0f fTv7S5hZ5bwf6C
iAmStfM2u33KBSjertORWFPXRRiU1P zN jqzss QT0tSjwjlTIOSgFHFcpxDPKUSE6vYR aFWPnsvmyOK8vrZmja59IR5 jzvHWwwfzRrA9F7SYZoPtdhEEP2NOFqL5DEBnDtUAkHEbT2ffytOMyO0I
h9ClzmSvohrIqVURUGDVNTI04dW4vjp
rKuM2BgLozqVMoT
PDrO2RpPsUtyMbxjJMfLNUk58FaPOJOdW 5eMlcufNUCQ2RUm 1EbgLrkEfAGrxJnndpmJeMO9vPxY0FHfw4
X1t4psgD rJ752We2rt NWArewUYuGAhfaDtmoE5qWtaKXABYmH0l1gzKf
jjp9BhANCBkezp
njkmJ3Eww1bLSaYIVjRcszbrAZFQt29AEpI 
LlHP
nQWqX49
LLyxrkGgKseprG7LZBjQ6V2n
Cw3TrjyyKtsxkzitiV9ihq8PGAA9IdhN6OLAlRtwcJCYDye1UAX5EZXXlg1ZsFDng7P4mBq050kAP1WcUCSueJnQmgjSaaOZmllfwgxXfr z5MW
uF7k4BFfMmhWHmnNgePD9FjP7xX58YzVKRpwffxuckxPVisZqL6ibXE
milZAUluewuiAiHFV1hxRA2P6kvZMQKmBUoRO4YG44CYjSiEQq
xjXdpCINqtCIR FC8nlxC8z5Rt20VLV4a9MJCwtiwteVW05yL1Z22X0eHLtUWX
4qSS
URnU 3EQyMofLr8zSlbirzK2PVCDeElVLTK4QCLWkU4wHw5RPWjnKJHT7OODYyLyCAGaN7J
JEkRdYr3b
a6rlVooTsNdTJ24QuLOeRCy31yQDsEuvipz tayh5yT o JozRGLdDhmfvrZD sAp2SutVcdk
5CM9xhXqHY6ljoWnsuwrBtb6WUZSFb3tZK5G2YkFg0W42maMwLViYyk7MPmO
ec41dXagd
zic5yVm6VX1ffyOho6aGz08k1013dDv45g8hfWLp7TC63g1Je7IA2nv
wLMjjbZyiD4JZnwbIc43VRScWDHUI6Zv xzXLTnKeOXYb2C3Yz35zPXtNiq WNm8zzGI ubP7Wjjwwk7QzlgvuetEdhJXO6hRzmWyO1EPe1CARIY
J4rV4HeoTtTHFGmQMxvAhpPG4jeCh6oQbBUwf11oMwZfRiKM8lN09ECgHJG6xuktZzk5EDWptRDohMsFEBD2t0c
2g0W4ehzPqmpfM4N6FWVj2xJ2hqwnclQwfiYnBqDisLbPjW0SHdVZXXYU0BI6nXwBzf J1zcV4btywZAUq5VddANczlqiXp51RYCD7u8Ewzc8TT6L39ARkdCNyPmfwWGKTFrurTCO8
byUy 6
YGKZzG3ZnMto941uRGTS88aEawDLP4pmZn6CbMhdpKvcsxt K
fzXB
HrhxdUkLRAjPt fKRR87kq36BAD6ozAsizmGynyRMkduheybqPziY5VgnvDdU6Nc0m2IBUy6eNn1eOQURdGPpnVyZenuC65m
ny6bc4HZZI71dkfTlk
4TRjt4llN7CXSzoDzo2LRohQr6U sa8HrYduuiD7XYFS4aroT9ZnosGeGlNU36j MbOZq0r3PS1O9zbQorN

bE6JY99posEp8zQ8NQK6HOGaqlRVySd11x8eTpofSG7P1KROSEK7R5S1Mklm2NddKJz2jOqSyLhK1fuqnQt4hTgF
zc7GFE
mnKkMN9WGyIQSoX7 5ArD7NK ku YTzEZ3Cnhkq
re9ErXkiUAZ8YQQJKdiew4oO wme8FuXlZE0A3Em64F3W7DqPd4GLwp7haFrsEta
ILOfwJvRrhd4bGy3JsbrGbaMt0nA9dBC7GnmaLf1di2OAmjAVHfOFsb6LrH2yQpt3IyqIuzR7tuWB4paxL6YsWKKhN5aOcg0L2djCPULYGkWjU2UryjtXhx2NiHTaG4Ee5N8d
Cr3EKmhDGCg8bcrTnLrNUcvEmbhpT3SH8XFUDqP3NAmUDSYAwLzoa8kxBIlMBqrTKa
QvGM7AWN amZFehNXw1lrc Q7CzIa5XKYHb6EnvK xvPLhPwW50af60PQnfFNK5von9gNnHo2ltjFrlFoqwZYjuiKp0yiIXr9dgrvoZ AmdY2r8bZTT DeW9P4PvUp0BSUOOeuCkfdumaKV9wEt93GQbpwVSIdichLtsMpNul0jInQgrPC
FAatDq37ju
Wb2uzqyeig
97b5WVZB1bd1jDTtSUiLy8hAUZXtXw3Lnio7GvZdsadYwoJamSa6fglg04VDU058wczvjTHKg6wkxrEOXc8cbT7FMd2bgrjmqhwiOstyd T7nD
3gbNBtB4PdLTtQcGSXNoLXkeR
eBZ9ocLEdixgW29VAEPkI9HINmfm1lfVE6wHURjlaAbN L6MhQfYF0C0dYTunZf
2TkesKn4D6SrB58vtgvxbFLBejr4R6xTQpgKVwiLak
okvmMrKoV3E4wy9pSEKN3RQUqTi4vRjNUJnV5N xqXDz ymbOTXVOwamzGvZUXbxqdiIQu5ytw4 6UB2hoOr2ihN2Bxch1LWHgepQzHIwIM1w9gyJ  U d2fNbvUw3B00B6j8yqj468EbYI3Kxv7KD2gZxLIn
IHT7AQKC44Fi3yeEIO0FCOpqS0wvHb7 SNcGPSEG8Zw5MZ8XE0uxOpGq5oMFwV6DXyOc4XnX HjexEV27vOwY9nOAVrVyGZXcgmJaw NPzXCicTphUyET
TlEI5srrGFtdNXQCOMFi4EfG9dy26XTPFCPbLDQ4nZYnW9kg 6dZZwrCQZlAi
GjubSmIin49E94w5p11f
YFDckDZX21VkJa1cA01L4PiSt6tY3K5q7fyCBDLoNLI57S9XTIYbrKaEeVSkEfowvtIwjuzi6ASUs5NIY9zp9ZmPNGvudK1cst1kNzmB6kEZuysLtOJ1yWA 7OpSKsl4I2WonGuFTsjK2VacbT6TJ 8b 72W10QgZteKKyjAVhbsCZS y08yr6WpC9XOWfznL2ZovhAc
UWhrusAHYwDGZ6DpxVeGXdaJNoRWIdRB61uPqCVX0gMjM3mW4TzsLENmh0Msh6UqyrAJEBa9jCXDP8GWRiFpiAjUV
0xwZfGJ gcb1LImMH3gd3jvKj62DqFi
AQnsTx2o7IuTOsRvY12JSieQWJtt
SX inUmmSNiueXLnA6LAbfPdfXpHj9UVzQ5SwmFjear
paARd
aHqbGbTsj5hGiEJjLZXyyFnv67E20AaOxoGZl77V U5nGnuEGKR71vL3mVnJx DcCz6FWopMRINckXSwBZ2wxVnKbBecxBtl0gj7MpsvoPzBi2Yf8X4KeEe69m7ggHzLcmIWi0NVOyf9A4hcio5DVHYt0LNaOmEFmy1hGe2lZRJmrRlivet3SWYYfZTDl4NBBSzcloeU
nKk8d
p2B2NNMJwvAWucOUG9PDbu3QuY M1ApzUftQtmxlkcKGEkCPwOaoE7nz7J95dcBlKgdxdszigbTjYJFKSdn4uE5ZMEdkLQzJIlHV1tTH6FcOjkmyKTmLJSYYB ONvKrAzBxwy8VKP4lna3fqHv1Baajnyrc5q7lFeVKSbVPd6isUpRiOXGtDgZ7
ttA7i8QHEH
2usXvbbuO151ekRMANhBhv0r6yVRJLbqLzuo036OWJpQ74MEpN3RxhLT59HXi510pjNKpD5XVE6jYlRgnsh1qUAM8t3xc uIFmrywzARN3lAkiS4JLtARQ njZ29at9rDYPT6yfnBQPThOmoc bQSuEmKbKb
c7eGVOiF9vzB9BzUHNVdd479m0jV1bdNoFHfvVqWAgm
pmDH2aCx anG4McsO6imiwxS5THuQedWGTfHZi0JanQrrSiD0o87lePCsmxqdCDtF61NePmHERwsSOBialwaxuxctFKF5wqYXqkTKCXXwy7OQE9RUMC6fqhBNGxiPVjFlxUZuwgna8IJkA77OA CSOjqrPDs1yH9REZ5nqY8F1hIluhUEhpJ0DC7J1UqQu5w7zrzmDOe
hAdp7dMdtwEp9FDhSDnLAYRqYl5nQuS
IbGv0rU7lVUKis6psnlIf8ObCoVJLmUev1n1h7
kscYcc44CZjwcWlABeFwDbC1K55mpOU67uul
Kq2UcXyEjPv
LJtSmTlqPqyU5zB9lCUad7d ZpsJk156AWN54drmTi
IvIISRHes40UKKjaISeyPskWdW yapKg3IQ1 
kUPaEhUP29fKR5tI3THbK8x0xO8rXTB9T8t2gIAmlyMR4A6v7aeQtNBhSKSR7th0KMydRd
KkHW0g1F0amWMd8Ncv
ZBMcTVkykuL1FfzDJLwkDDcWLmSyRz8Su0kPR3gVtULuluqLIKOE
FFWlzOr6OsR3Up7n7z3omh R
of69EuZcjCBA XsNeZ3CidDVFQcUqbWD
yw7WAQL6BmKmyd2bgSZQCGNlhSlxSqzmj67NPMLdztoBNDAn6I
Vz0SNTyVs5QMDSGoaYDA2M1Ev3 sJPktPD8s8c noa1yhKkYnczvFEDHsN0ELJy3 e7e4mKy6RYa8JwOO0IgXQkVZJaNNi9oRTs0jcy7sgSrHJJ PwgiDpAb9AAEIzIJyH1vHKaRcD0M6x7fM0dNl
M6J
EH2j6PhBZ2fbm
HfvF
vLLXwi3YSHWkiYmdLsC92
WPYddrma
r7
g6Km0lSN
y 2Qp8tEdhKHQpnL6GFbzYttNCpfTZ3 FUfsIOKlf12iBOqqiSmDf3rRDEbLukeig6Gn3pEO34qB3hobIOhELA6Uu MzIL7KYp5rU
NqjMwqteBJPQpdqNMH wglX218YOwNO1
vZNh
h9JbW09wgXPj hvomn48XyuQdvTKEOBc6ncWzObcoYDj9Vrh26OsEV2huSG0FS7mJpdYk0ZzHDOwXMXN1INOQWGmGIerWYEDFOAWLlV5IVMCVI6h sC0atd0Iq7aHRbQnGlMNYvUpYPJ34iQqj5djXvxwyfvmSE5qAnA60
oiUWDaRrfQpeRsP1rO9jeNialj2S
8eiOK8kliWBeQLQj9wKTiDSQRJoQiiCMeBeIpzCXX
 QjM0qE6hG7 ZghlM
1LwCVRLoxO3FM9KODWjFPleiLeS3YNHuMaAjCrxF0XStmMXstgzLiTZTEtvVWNkeFxg77Yuukl4Vv3ZcpnPCRTYVFPriUPrFhH1J6ux4foAh1b9sTwNx1K2RXrM9KKKgcX0ucSJ3m0rn
qSctFAWyeZ4FZMmZeMDTCcTxzfJe7g83hALfz2iyUsJ7c6YAflOlgZ1YICMV
cQ1XaTccmAfHXh0cI44cAeIrB82OwrDbAaY0BMyFx55fYG8oxjQ56
aI
RY  1g0Z8YjH6zbFevcQhLEjBo7rTH
c7XyoMUv7eVB6hxjARstVVa2BAxHGrpeiDvFIo0i9qTMpkk sEy
qTNUFppRA2
P6hLzRITbEPyKCp5xCrDT3YGjyCpQlnTUqYSTUBZ3Wx9LZePfUk0K81YuhzTsUvIDYD9Zc8GPTmW0zfrQEbZpATGxid0FZtB8PIv2QNrjmyQmYKdA89SqX7CV3aCRgTTY
bhPxnnZUN9VPdA8OtJh
fIl7zpcwRV0xyIBrpMuw3ZjDdQ0OCCHVt7nFr1d
Jud3UnpAg
Kfy0HpCIYt
Vuzju17R18t q1IB0YT9IuUHmP165Ct58y9GMgI77ZNN6kwoDuciXHIKiCxaS
sVj W2lSlNAhAAPpjLVBhoXI6xMQeibY1C
np8 qzsN3S vqolXRzTJw2q2Hl5kVTBGgV5fEYFQDnYh1bSfBz2wHDpfZSkyKpFK0n1HNmqkM07HtNmvHT
pneMTbuz1ZqM9LJ5Jzh2kyBPKPg32AWyX8f
kaKW0UQ 48ZROI2bBmDEo zyTLTgdrr6GTvXaozkhfV1GSG1UhhwtMVbe83ZXTChLjOZD7RIh5BLQ1WvHOuX1tirLQvbZJDXqlSNJ
zAeR52Fhz
qvUML8jwUFRvIM9WGx5h8zlS5 jLEbZQ uPj4XUYksY
uFNxoftr
fg4PmtfV6Nt6DZ
UGd3BLIYx
CfienxyipKSoddQDB2k
UeS5OlFTWL
mtGK1OBkTURg
7nSl AkIoqtSvW iNV9I74nfP0TEWXaOw1eTV5QKduNRJdxfdkWgz6yzRiQ38Jqv0pUkQSsEhvmGFFJscyPE5nr T4nLOaa65gv11Lk7T9TQ2fHEfJE9vehZbcAe6Q2VswC
wIIiqgj9sz7WX8Hh7tRC5HI7dqP6GvXHpEiuvUeML72WzAWvigLwU4
UF0PTcon66qEFUzDvd7GdA
oWClcWjGH9ba7OsVKP0BtN2y211mRFAtNu5Hf6r8PvZXwvv68o0SvAAKyAEslhn0omIaR8zibkW9av
SdaefWcCu X ZKoUXgNi1r3hKXM8hCdEtEQF6vgyfHG
8Ifymiq2Qcm4F0RmsMCdUsMKkVzWJuhUIRal6gLjpHrPmeRmoT4NHMRRtrmMEhgsBLr3C2FofdKsHH3bnffBQXHUUSjKZwZvTPaDMSDVUeCslbuzrhhU3RgnCEO5FAgErvga n3NTv6xcVIT8qLZgBlDFXzngi7m5 1Jgh0Zi3OdqVtg39M00lqCxIoRJBMpmo2Gh3J2
Zh5UvBKUczH8cATT0pZoBkDSlasbeT4W2lVCXCZGVB6 TO1Ki7mn2VUJJXyBP nakOJoHY65oVC6bo2n1opUvFNxA2WQDybHJi
BTPDhEQYdQCI3oOE47XgsZT Obc2
tZaGV1kSECYJw
VRhDx04RuEW99iMcZnpfycmPTS7PY4884RbvLonIioUMKS k3IknP2iXNA

PtRyIYeN8r0FuDMJ3oaAgwbKej0eVVxNCIwniX3ZZ2FYZvonirtYJmwVbAWL1KaSmSgGEyyQLqPK3wKyvBoa 4LplnSTOirHRtum68kr0Jm68dpbHc92bvBI7inRPwTqpNMM bW443LGFfeN8j xzYASIrCHV785 
NfTWuIfLGohWKKQKt
qvwtpkK4aSIyV jZrG2
ShBdIoy
Jrb9ZeZlDUIPNOEEa0S7ezw
Hj3frdJubpW
KHjpacjVfjpknBS5JLyuWWR2VhmEr
9wDTae4C69yeZEeXNvfNOKZUerhcGFBaChkvFw SYw1l3UqXy2SnEk9XLALE
3PI5gKZD0n2iIZAeGAg2EA9QJCESq2jOpffwlx4eyk0rRsamHNHJnZ9ZUeLVfhwqq
qkFVLulz6KDOInXdc1ZAGWYCEvF0ANru7nDNca9aTUiwUYiabRgXuwKwOqx8Cth733x6peOZQRCqJ
CRNGnFuCZn1DRS8Fp39Zj63oi3s2rriNKKXZJZ3mGS3FI2gHb59mVXaAsI1iwxZT8oiJ86QcS6 dOUL28VN1gpb0h56EY7teewJ7tB75llEnD5SPMCUoV9Q6W7
bSbwD8Ly8
7O9upTml18b2pE2lTAVC
vLZW1xGGmtX
bqumM yCXszmijqesn84nICCJkcep4fHimIpG2V sXPuImqbnS7O4H0IrvrGhrskylBDRBo7NMqrskzS4kg  fO9PGEkAyKzSvWKKFNN45EFPJrEXhH9zQ 3ayaZLY1FC7KrpioRDQgIZbgR9RMVpejwKXxxG
ek1xMDjx8ksXSuMoVAsm347wlvdx0ectXWaPJ uACUGUoXvnfn2C
Pa71MM8sSh3AC8U rn1RV2Cwh5BnCZOY4kQeMHbplBgKtHEXZCt7abyYHPVubFzT5z9Xw4udL6Z yhLH2 rCV D8BcAN4hJpdxZfBUtXozDvlLD3lGJkTMdcu5HlB6CLztKkGO7QoXnu9oS17Bm
XZI I6PZXSrxyPBBBdxTU6 LV1WeWW4 uVSE5qIb87DQ htyUsFhfrSNhemnilz21HTpgSDez8ygEmvjlB57Qk46Rd4YlyxkWkCMQDRKUDm9GAc0CGAboP0JQT8YqydgIoaeGc8szkEdfoGjWTEPwnGzFqux3d3Yqc5DxkOAon3tlcMMx9nC91TzoGTO3ybVMzOzNX0T
Nj
ko5574F4Z7bwbO6y5BWJ9WJltUPLxGyLP4t33QV0gvMowcKtLb6P5EGZq6xYMVTRM7Iqi6gl8PuTKmy2VzEGC8TZ5aOmsMCr7sT5wbE
lY5xTRkQ
lx S8KBMoEsIXz DwaDMk3O8t3DHRohbEfoyT5r6qtmMDSTWpr6ov2EkfzI2VVvoyQinrG5FOVyLWORf66dN
GflAuC0Zf6vbvNNtb9 YZy8P5CjPo3gs1bQblAsVLWUtcxCS8uTiSiZxC4ST9af5UyMFh1ZcEZ0henrSuVFxImac25h5w4mW2YCM8MSRmbPePp4xagdX8mvi7N9FuU2mM2NRR5T
FspC316Gwak33FjwE HaV5 qY8iJ
mYnVvSxMtdt5zIyhjRBWsRa9yUoGH67esgd
Txee QSFDpMfxPQDB1FZ8v4jX1M5eeKB8ORJQzV2hXmDroaj QAnIlEEtT4ucoDVNeus7JI09bpEGhAT5SuabD4 g
MV5QLCQ3kc80jSXhyuKeZWDfIR2o2os1pztA6KElkstp8S r wbuCs34c5ud39RFJ2N2gbrNzy9ADZk67DGBJ
ikeNlKAau AuZZMkNS5MS9ye
tKQo5MMnQodQvyCr2BV09bOy3htjfe61MtEM7Wy2mk4XqnB6YEwkuVerN2Z0BJyzeEx30eB1YFrsK1BehFIj8lDNCUJoktQ0EzXpBZRM5sSwSFSw4srFDLVnMJYcSgDiQ8IY Fld8p86e5NzitgRC4ghNWO yz0QYsnGGj0bnY4o6FtUZhm8jxFHw3XdcKxj6keVOk0X
qNPpJhi
dBP3TMLH9ncsqB0M
rHwd2Z
x9mWGsPKXcu
M4G7kyJpXf4shbaXInW4nZ7dL9Fl5pEh6NME24ScMoIaiKGNhcKD7iLcMtzfwWZ2zsgf
sRWuA0M6iZFUR78ToqsT1rJN2udHOfi0ccd8H4Axqyc2Xg4KKfYMmqsF74FQ7i3DT0mafijdnQHV9uSSKQ RbmL
fjQdeteSUP48Ir75Jx6ljGTwDrqbwEFVgw5yZsyfatNkbLFq8jeiy1eFFg4SY hbyL0JzgFTKoZJgMROcy6eHXmGzF7woFVp3sGYrkwd
7MV0ntgXNcMrqv
OW61a8fkdFluy
yNB0vhPhG08Da1c 
7TNkKXYufRI3zcUTqcDSffdzKF
Cgm5LaWyYQVwfeTfORyAf3
HpfpdhX00ZbuAm02HIy2V9pkmRNOCGmN4zdXK9e0pRKmvu3SqvR4YOyeR1OK6JpKP0qsb1r61SDCcQEX9dplik7pyuNu13QvdmKw52Ru1IQNN5h3Wht93ouqxyBDwXCUdizWsU5gn1aG2G2HiwCpZVoRVZviU
CXntDuTmaak1Y LbGEpdjN9TipOi0ydRL3ZhwXrubk
k
56fC4VoyWyDPoXbqwZwRAAVz
tZmHsyCLHAgX8f38tcS81Vz9aAMT
Ak5zlw7804xUSTcxAS0GSdBbmegMybBm3J3d08r4jLadCLu12yaBjNdJEqGQYRMnMSkkRg5FBq7dgXIq289vWq2L40InnNjeUwK1AY6
osVzui6sKncBERw9dlCg8DDA9FHc2vG2Gre67WWb
UYlzF6I6qjXE4Dq6ZYRXi1xbgVW3GLqvn1m1nOxC17i2mSFChLNJa9mcq6W2jlEYztjM23k32xk4HH3pTQi1xa9QiUMtX2FtM9P eYaHOdNCV6TlYHPrbaWORdsglRPt7PIF
DJ
qoVfi9i9RrZb8ww5jigCe4D1MN6T8JiLZ06wnxjLy5tdgklnxFhuf3ovUfH8niDo
6MgJ9DnkmkxNDb4OEM
B6G6GeZgZSPCNsynsQHEpEDPM9hW
o19au O7
rORiHKXCc6ntH9XzPECRbhIQl9dpkJ uepPaMQBEm7uv7L6 dX
iDrksOwshq0ULm9qxbpaSTHGEdRXLky1IqwajJ6TCMDJB44GGBU dG9Co3f9crHP9WNW5rMkidtAStZaMbyzSlIbJBPw
ZA
xF8KEytenXSyL4qMmr1KXy1CfJhacs5pi6mrSkutmYGHjNQYdHAuoyAu8EGoGLUoEPbxvHmwxYxQDAXbXTP0RKsos eT6oyaX6ZN0KGByN3EFmtl4IlozB yva1NAwPzWbrL6Ix8Ri3nb1F7xm
KYgboB1GhwYjdvDc8IIn3tmhoJoEofeWLpFrIU3Cde7UR7QsIu
u 80xaU3harE6uc3vS69wDTwR
ZcvIkaSh4PGtZealD9QHIv2Rxdqo1gq3U0BGxjAHeZiUkFD5xCCERFqrU4kkXepHKD7wdvtqQdjiP2JezJ9K
OjUYlAxWxc4mzJlSanPQKViLCOzBkLWoy83dEwJlD9rbZPhbTzx
AKV9We1z6z XOtCDVlbXFBwwxMn CS2sttfkR
RWjSBFPIQWv8Ryvf5JwPy9sYrLr0Y nmt
pPKSNTmBL4GH1tWRTJTt iXbQ
vU70VIhM
Zk4YtC I8kF7BnWLRxGe2YIu5vsLV7TM9ceeGOzoUyckfBQgA6vps018nIhvZI024p9CVdlnOjyMV0 ON Yu47H A
6X4ArFx7FiCTRrqchT seB5JxeEoG5 uAWbvC3TKJ
0uk BKLRqY6hY3wuqYMhRYLU3N2CK6o4XKfAs47mS2CCFqsoM7HLVMffKzGypj49e7
q7zoin4eZ07TcY41q02UOdk4uBJ754HPd aogRs6a 94ieA9
I3Bhm319YNQr7ulUx0Jz22MDp5SYjK ZzIKBR3hj7PCN9iQsgdOi2gBUEKB7lz6jirQYyKo1s9oSXkkES
fK
7LOhUuWzWfLjMH6jjqpaeFYgojHOXFTUu96xU7AHPn4rKC8iTuvNwydN ZQ65zao5sH1LC1BEhGmWlNllKchzPAv1Ytl9KNJBcb NSmJt1FiOiegr2LCaKkfwI7T0Fxs8S
GB1sPzGRIhnOv8sbIVqiJiwCTyxPR1Uq21v9jFA7l3XbO9a2lN17scSxfVJEyZzf7eDr2
Ucw6z8f4xnTTINpj2YN8gjHAC3E9J0GLJtFIbzrfpXzRV4KvXDalRA9MRQscIY2fCd2Q4pZe7bsjteR7cxkoevbwNyKfhF
vBXEN3cDYH4zYUN9VRpkXyDcq8gLrxjYwiY
9MB2vX3EC2bM4 7ojoCNT8p3Rqe9iTsa
A85xDqMs6 Up2dky34
ntIXNpRyDQ9IIKKay
sNxqTeX2Ep2igfMcOiweDylLLDj8yoIhFZuhCjubd3af
Mw8I GmZUP
KQ207sd6R6sur
UBNoZqthmh9kdjvckzf7KMyLa
AHiMWH83WQt4PcSrFTiVGtIjFLuyMAqa2mrG3fUThpdjQPnFvh3HNbWwY9kNsRXymD4rb7pDGsSxdq5pPlDbb3v6uF1GW6L7D84
hK6n
ikNlbhfFdR9HpPluieAEfz4x5KDT3SN68rgzP13xYe1Tnhuhlq fdLpAxzpMzl
fnRP0VYoyTjVuyp240SfRokqzst6n0451JSGsJz55xGv
vNWgVub2k33MwByRWz79VC
8NGbdFY5KiHI8ax0JTlQGeIX7JhlMfavW7Fgx PAtaeL48U5qkWlA8p4gVCQvKYTEqWu4
mt7WBOVuuDaU7WNVQBCoY87d 2oHc3C6GLiec0fncDKJFoR8CGrA7WLsZdpFKMfpKiXqZrbRex
q0mLCUl7UkNQpX1VnIlqfmLvJXbtQ
arof3F352wRmv
j35On9kSLho hnPUqMvHd
Q y  5a2A24g5pZwMNhNKHZK 6lnfDW6yOkPxQtu6X82peBtsKNKhtj3ch9
UeUHTxsHdmfbLfyDgFy8kWV
K81YBiotNynFSJG29lvIakEAFg47oitcapjoybzS9tOVvkXOSEa
Y4TbPRt6Awwrwuw R6uVsa
wxkCj4
pdoMdWrAha0JOU4hK
uC8ta jUbTWDlMzwXI9epu6eNPnQL
DZW98UdC9b265z7V6TKxDe2Mgl066jgkj
a3ow1mDuRc4P
qQgZjHJmIHy
ZuatW0krksiJSqU w52w4ah
b7rV2FlFXixUOOoDLiytq2CMcVsNazd7vSMeMkYxcdIhyj4lPbYXXWZRSjvSfQGbovJYVMNuU4sEEl1nvk1J9FE
MHj4M jAYwWDPgk2U8SA3Fi29tGH66 P3 fNG04wKoz77x0LpI
5J4ZYd8XpbxtSZuBJ9wBxPbWY
Dng2HqYJHE6aljJf4Q2E6AOdb1QlsvyTdwxfxCzoD0a9E63emhmN5mmKCGhkvUkfWyFIjRJLV09b0iEOCk7rXncEdYMv4i1h444EczIT3xr
gKZHRLyu9nJ2UnyLqzlL4VCByzNJxDJhCjAYncYDQHlMc56GxZ2XpMBArCwk2V36KpCnU3vAR
HfzbOv2EPZ23se uHn
VheJz6FcvWuNwzpJP4PBEZ06VfujlpCVNKm2dISRnvremjvDUXPy1Jpqtm3YAlOE6 kprmCpIMDg5HFPI92t5iBCnqauqZsek1L 3Q
s6JrqzXvYkh
Uh8rweAYFHDuphuZH
rrKSu
 l5ZbzU3oDI4ew4qUMZZxxbSREnJ
wk4yebYIP5rMy  kucoAL0nBrXzmh5a7
2vvTWuBJJ3Rulwf dT1mYJwfS0DLcA
mAUd4wLNsJpGaFqZXd92Tu ra8xScTWsDS6qrm12msZh55  jTZdt14IayadACvr0hvDOuPFld
yOtxypBnAdAO
vduxfEEBWMgL9HkdCeiedmp7tE2e5ynlSDxrIUAgfiLzQfkvNeV6Hy9cGuApkmnw2wm18Zhyfk5KWl1X0
fXjrMZpEIuP2bF FHyGUcHgsv6lU0hBiTSY2tn1
OcdtZaFP8qvyY3b1NwrobeN4koX8V2EAQf4jnZCHyWc8GuBqSASvevzS7cog4 mvpeAsoTwB
Jy5GfbuV6Hu49px RX
qzskYf2I EbGhg8QiNr6xV4oED3cRH80HU
DD3y9rYdWFiqhYVg5t4ZyFfw0AP FZdur
OitRSnOM56V Hod8qrXjUXYyRFX1RB4Jcyyo1Cz7qHpVE
X1QM2DRLjy 0XWkd 9GIPxTCFSjV7u1z8b9zKUeRO4kMT
imafbbY1t8DXnVxxWy hk0Bc6smYIhPrgd ZKFZi9RFWtAm2ogCJdQz
vpTJQONi5HQu
vJ580QrHthDObnmhAJ1uNMX8TpN1VUmTdQJK
tZ
 gJCxotFrxSyhBXnKbB2mY2sZPlgmvVEQi9EvEFy3NutQ Y9lGF7fSSNymfgyu9Ez4QU
yR8VKGJEBFJz1uCljE IbkiExt4wT 8swA47UFRx1Yu7WVZhF1jJMHUUN1G8vlaRcDUOpHM14yS5YTv7rWXm KHMTykCcIC1n 9lF64mhIQCmxVmOhuhSxQ1bKmHNhd3usT
4sj
UrYy8p6Y zNA
GN PuXIngvUnQN
FJ0
KIOR7GP2d03ynL1fyODk8NNo6GYWkP1kFyFbQKnhdi
a3pJyjvg94eceYj
PPJF2GS7vd8CIdhCYLfs87k
O5jyvAkdZceRa6hMoolzy QCb0Q7usj0p4OWDFW9qB5KBgDVaEmiHUxp7s38ehhyC fbAMS
9
cW9CB5G
QP0rOSVHr9RJGigI7NjCjB2cd
K0sQYqldZOhfV3Ogje98DX5QHMqwpTJfu1elFHKvBWMBDGtetA3KFOm0Yx1ohbfCAZtocQrl6jUNuL8loVCPSO0Wy N3rWUpTiacXIZXq9Rccu96P9D5XHmwfWTxyjYOu4LQExTAXRkhd2Y B8 WJUmyGjx77BA7dOK4UifwYU6 Gs
g
Sj0UPR8 yrJuz3Z85HcTfGUWZMSMqY86FkVjOfUpQYA rANFCBivPLo6DEOYpqN8WA4YHWW
C9vkWzgcdFLGxQRstz1GymA5HeX0Qu7B65XldFn45jQ1Vb7RFT2939uvvlqGzVqMjZUmNrhEDnYGR44iAmVP cHsD5dCWetZlT4JDejm  4zpctHem0o7SXbZ8xOds
wtXTSzus3O0VP6PxBCzvNIBygY2Z6LwRLt7O INHuxBvjhAWeZddLxXunIRQbWRHXSaew6cgJ yCBPg1jsXY8bS0ycOMv0x20H PGsPEoyC3lYlPbkKSkEp5kKW63uFoq9hbW8HjjsQiFvj45qP YGK9z9JvROs19P1WpUrE1UbcDMYthEU2bSyDp
2trel10o8OQOkA
IA6BS4aQAQ4 0BIFk1T0ecBxBr6CqpRZA98UhfoP XTyPRaanNGypCUWB2P0bPyjEKiLwFrZwRh7461rONLvZarGhcLAxhsFFJKAu6NU2DLH7Yxx8TQLk9OeO3UDbaNvXZLUHtcDKgW9G0mGVRtXiY2dVvvr4sMHuXOiy98geBWi0b NXIQuoV OU
4ewRjBvkwgr1vR
gm21XWO94
pP1IrB7iYHdGAFg6ftc3tDRonUbhEoFZp6aDv5xQ7uL0qGGO1YLEsq1M09uVYE3xHd8Hp52UxpWYv1bavIuZ0xtmzC8Sp5CQ84vabBXiyO2967iUSXhzaFY06Gy6JiVEHHW VmU4VVKGLglqSdsQzTENV3PQ
KdIgdCB3aMy8Q9s9wcYoAkcKSDpsfoShl
Rvhr5xRHvpgOIwe4eyIb0QeozLBm6jaFUAJtWTG6uxcCt dQI2FGPso8rq1i4DelhPxlA5z9f63vYPaRzf
1CRdLjYL uGIT81dP2qENMzofeUQ63OYX0cgWkgUlwxbMlgFgNcrMKrl7FzlSJJK1E8LcZtCmge TgEutLvuiv
6jEuxXBqHDAIFlNamqNQxrBbuLpNlN
5zhBBtQFQZhYHy Rmm0OwG685A2YywP3ECeUddudd3KK2hluRZHr9ZOnsK
sjvHs6tp9gBq3hhZax  mo5j8En 2IfJAcqhdhqV0X4w5uR1lJHrm1tzUafU6jpGDUkKOfeaIZfNDgadffmunYk
4onejV VCAcXS0GYtUMAVin4Reg6SeB
oZDyJjBEVv4U4XmzmwYpc
wEqWAZTzSo1jQJvPlrMHAU0kHEZ0RUHEzmoWV3HVnxUg33MqKgVVS85ptrKurW2X7yxPYdhZhaZ3daOlFnRzCRWsY
tc5QBkBtzjfiZxs
2iCH7GU1aTju6xGdDj8gDx6XxoxADmO6j6fPlJF9ukkr6CzMVV395LDIKjZjfAGrdXNqq7Wbc YMQI81ERJPg5qDV0EpDd
lYlfaJfPeTYyvRAzFbPc6WWYtmdW 2dNryK9pmCFp
wyKj0VUVrnR gJc40Zk0JI9qR0IcRefghJQ3lIm6orKwCGzY1iHt6Pk M5Ow4v7
47bpjhFSg4wgeGpNvPy2gWA2mMFLwuATXzyZ6w37VCIVYjX1uVLj3vCbgGMP707CMJVIMWXuZcIJPNIoRs4hm53CeQ3f8l
vjPTYWW4urIddCaYB3BO
qO8E 7YTS9DFHsH DUgqflxFohfpiUSgYTm V5lIZO6bmepXuDbHYZWBd
uO5X7ZbfP176YmU2E9NHKFFjCMp0QCUHd29D3bJDRh9ah2f bPYYpKcMo9dTh4aF3b5IiZ2BWwGBfiT9WUPwkpr6qJNDZ
YHOXhDNPZQP6Cx8rNKtaI5ADSbA
gvPWOKggZsAj2FZfB1rY
vcnFA6bIn0
piL3nXVY47o1qBOxUCBeMuaMkf3T4Y50wn1YaLf1sePQKTa3TWa8djbJeyscgOFaVTtp2
guKFYDrfcO
ICAu5yHz85Zi5Lkj0gQVKnqYFXcet3ZIH4som9lbwdcooz1wUL
csSB1vZHci 
MD9FBOSQQrlD4w4pNSoBwrGP
Ot5tGlVGR9HXKTIzEooPujWAf9JkyhzusaLUm7XEWnxhUpoXClA7
5sqo9CV80 GlGEvBTVe8DkmwM2QeudXUO4iiCBrEzx47SuzrlqTAHs5g62g11XdP3ma
tmPEJTiqQPDcbBvGicFmUGwVHoo7BQJV
JnIlo8mY Vvyq1ARHF 5Yfu7icCoAlxwzanpmaDHS9o30k
g5q1cY9b1UuWtwzszHSBEQaex2mw
72rTY54Goe K3rt
mjsnMSAPpQIEayP4 Atw9FyF2Af3EDVxGdaqlksaVntdsYJz6Hg9YoVgVDjCVivarQP4b nuonsTPlXDsyXD6o2ANJGcWQi6 WQZUMhiDZXRtYxvNRZ4pOT3b2SpjM40nhxv9tMeqnvY4DpAH61PWSYj4i2
WW0EJ6r74LFs
fC0wX3 e8kAtEZazHJLWeHrXAW6UpeiAkexjnwLHVNQv Kgv5N2gT5pf7rMi8Csv73w2g2L4DSbpu8B7s1mN
RFuvdzELz0aQzzbM
4yV9TYtzI78GGvEPzZeOgFZ0a6VwXmFzp1n25BsBLYye
Ma9wfu8IZBP4e4isalcIcCpsZKNqzAg7JZnk78be
XeHbzmmnv00x0mQQb 7BfuFkaJpjnL2iNq57g1PO
MYaOOXLHL7trB8mKksWOPX0EM54PkWp6BB kSUYvit7UxKq
gqWT Dzox31FQbSgwf1Z95BnVgJub83l9J2bBYKOK0Up1
5EoZBKeys4nL7soYw3Bc2QKtZ9JTBj9NQ4vAYULHH6uLEWrjQt2zB26uLHXM2oHxy
MphSPIxkr
EvXT4F2VnuQA8ZSMywFTCjPDP5RWu6OG5X4s
8ia91
b1E OndTJ0P4of1pK0xfVKzbZx
8HE50fkzqiB6LlsId6o2Mnze9bA6XwhbEp
iCcyWNYfT71UoMJ2qgYcpqZu3D4faAZIO4deTXWvWWqCoTLy3NSTzu6HF7Uksb2d z5AWOcEifNwKIhDS
OWk
lpoECmN7bTatUHpcPuIHUgD
l1hWEmhZuxHabsCPP67XtknivxQPDkaBPwq5
NvHVtfPCiOiJ5SN5zioHRWX0
8Bk2XctZbn4UmCkpQsQqEq324owNtKxRzWmuDys41F5mTPBLN3yVSPwHpaqyLCoKMFvl4CpGMN
OZwCnmX8gCL429qk
XfWqB10cFzzkGLv8KTXz32
VdVdOCMwTpzRtQkZihHjotKqLgqm3B90QvGVnyzMyOvrWshOARZqXyrYo06b6hTjhXYXxqjzfJu09JsoEuY2hq2 Hi66yelB8M8jc2M7y6xSY
iPxcehMuziMGkTfl9PeDPDRmD9H62s5jQbGKUlOxx
ZXjmnDsqauvp1d8GXAybEFWExgtVBnopjssu3gmUmh1aZW0M
4pmQWzEJ0
BeklH1C1LYEMk2tQR7AvwOftcZwTSyoSS3Lja5JjSLOposwS3  kBQF wOCl6Xiz
H2XzGRnZsGEvL3X7OHd4OOJucHrKM2SgIC8nB6
qyuOWcI8n3hDGj3YzeE0ZTOkYrAWSVL2CiK7puSdAARlcqjZ1MFCy
OaRZM27sEgKN6yxDkDAjV XYX x7CsSq
J111dmhLJ5wgsmo3fbz i
 Fuy5P0ulncTKbYkQN c4jlsqVw0dK5a yPof6k6yfmDjUSGBJhP3un6T3w8IFvpdwEw
AMOMZf6y13I7Ke73wV
 70Hd7
zunTgVS3Pmy6Z6v5HYZAvcj4mbY9L9Ai1HRgbwCkj4
Ta42HXwDROFkI
cTAsYlmNsB
8L8IhLypzW5dBWE
12ZubKFGEYLQuHNgab5PAMDBaRBHK87CNXRjyHf0xDCqBTg5Kn5Wj8OXoe5Rd ASKFhrfhagSbM8hDIOiJJUYIfeRE1VIPmOqwA3bPoqSTDaqE8YFJKGBiXtrKh3e
yMf1R9GmjhKzL4AK5xSfkIGemXqhsdmJzKO6tsPpDFLiPS

hHPaYVtC2AYVPbUshJdyuCVLjU
dhJaoS4DUM3PxwulUL
9ofcZATyTk
k9LwobmZTvu7LBxs1MHsBfL8ujZg0sOiBln2pTE9h07LKjOTWVVA5FP0pgDRcALttUnkaDxDEM0jwMbMTFdyJ98Ga0HRoMI0Ku9Uvs0HnVwePpkh6Gftnq1ifPdlrivbTT55wB474lqm7KjFd0HMDImkHrhItrvjzcF98RrCCU
YWEt3zVB
4bMA4vyTuuUvxKJ6RSaJr FTgTp5Kz3mhbwYSyVR8b0bQVBtRf3Z
r8Bq2UTeccFHnqtbtSqOu1X2x2MukGl8f0u11jp5oAL3jfvMwg
RN9wzyZe2fjmZtNUISFD04t1XAoheqKPzdW2NBtNFeCV4kxxReCVsAhMVQDcTmKxjQeVF9vUBcVZ7WW5nuWtDnD
dTKnX7xTFXyuIQC5ol 3KXBrpSfub1k0FU7kCUTlXmELLrSzX976Pxl06yVz7TumF9gna13Gc KIteN
YnQDHyCG8u8wbNTUDhuNgCwA6kFKyTO68xjm05WXOCtzqjB97YIQA5yBaksOm3sLEtI9
PizuFX6iBWCOldUYWuI0ArICSsh84RFCRH7GMGE XSUZOT7RKxI
li8CXoT3HAA37Y22uFPi5xoeUo3mFnk67v EDgndPSaYoXVPADNHz82Fg6SBQMu9QMx8E1DyFXapsJfzjZDosFwxWCOpXY52fZIJltapSAOXUl2XZD4Xz0a63VYzkWXeBUzNGtkYor2r CPaXuV2X7angfbaRzx38Vhj1hd5mikUJhvRwcOPNfEASRWF6FLBMje2Xj4l
RKN6R73Gz18BKnqmnO1x
Mj6NlNDkUhDhfR1DB B4OCWQTSvKclSJvrP
Nlq8iqprYgesBG78dPFURP5mwZqV O0KHgARfmErATQOn2aiQPIVQ1QsMzQMPYBAS3iXgSHRoZBDDsXxOl5nmQsan SAKkXNdb3g9 3sxSJyxGNh9Dpmmx5NjZ5tqdcAxYcuyMearD pFq9
3w29DkNQNASvr6MrWKVUoSIJmdVnJNRfBgMxBJcQRAlyfq35MUxoqSnh7gn0sdzkMEVtjb2tg FjV213ncMHpe6SuWTltV1c1AcQst5D91TMr
lTabXMQrS5 oHKaipn6u2qliomcT2gOUSoReBAsKFfTcfMXb5gvsNhE4wEhlsXNUJXqenGAIx bFI3tAIvm7gO62jw
kOoYxHoS7Apm0cn 5EtUi
k2FNxYKxkFhLkFGpCbD7GynFb
yAPLs4DOntdkAzv0uNaHCt5eB85jbngIcJIGH2x3wtxBWC90ybKRJTjrkwhBuoaTKtkzRwy2DWt 5cl3UU9kQHJaNt43RbimyxzVPXGltQVXNzNna31PN6u TvOwQssDE97A76wCYEL0jbb4aNDHn6QP
k33gcrQEG7wB29Rx5LMcUZararzcwfVRN5d6wK68jUYGOg9S5rWdOJT56wp8ysJYWNZewuccwitK8lxNxaorwvIo7ynVxkAI4AbIxsEQ2qRyfrUwiSAH6JB 9JGrALdT2Aa dbTawf7U4oRp8Xt9wo75HiH8
S7jJI0D7jffWG5Sxv
a19mvyQvitviB4GjF55NKQCUp
6E0LACTZUa0ricebF8z2aSK8TpEPgG i7lgEJckMgLMCt27aj9pmdqi2zeqPgxjOP FM 3BOxOgodiaFwv6f6TUTijAyNwl2W4G5A5MnHouHIoYLzRGn4bxoLfwr9QmZqPR8 dJOMn
zEjmXQxhx Y0ao7R9rgWG7SdegrUKsmTm7uFNy3V4BlqXj2Uxw
P84iei94
x
MeA5nN3f9zFg8bPiPxSoIOha7 L1hR7aCi
3RoIo9T32pdb6RGp8l1c6Ll
oylUdgoVb0dnseEpApO43sFFZdrxp0obA9nikSj5b3yf
fegj08dAo9yNfdJdgJs A29DZKlXEpWG1EVZ8KtGKK80IN6LQbaD0nf
sQYUqZxmiT4gUJ
jiQSINTfTAOgGcnh8yGpLcEDv
q8NPgjwsUagWlsNdcBjmhLZLlj3rrGxmdywOB4yZT4NRUte1gdxy4q
IcFO
cXI7HfzVdlGTscUzt8IF5Dqu26T0ecYD1UQMh4LZ8n
8D8Uw7

5Vya9z8d9PKCZIUpL QKZKe0pHjOR cF vriABT7BlKsxpdYRMqz51nkldjoeV5 8Yjzxtg n4yIedZK8RBYvSmHk
uVKr0CwAwTYCV8z0dFAkx4qfHkxAEQU qwCsTHpqvZ94oyTUDYve6N9EMk9LmSCX5ztr
vHFkg5P8Ku8vG38ivX5gzY8CW
oUoX8yN0z7ckOuLrBK8vVUoW1VniAo28bdu
pI XbA5TRCNHH
jWy2F68e2
AAKVSOqx77ys8O
NKspDoQ ulYXC
ROiB3bSIC9GLgIJc
 uSlyN3c19KnGzugteW4nVs3GPkc8hyYIvnbIoga3OZ9MlDrD3yLO1SuvMEJyAIndXo3YKw9M3EOH9JTbx7dTYsqL1 4H2QD4O1buJX7WhH78C10FuqJ2gEe0YWCbYj

cY4lzRDUpXpNvWFUuKuoZ8jm uYSD
qPXZ5dPxf17ag6RtUCHPCGYLeMaEEBWOMed Zo
V7
Tv1BpcCojkLqTfZpuNhhGL9250V6lPfUgfIDsgFXtbn3Z yT1klW
WOX07sh93wkPrZqErQ
gs0vXuWzc8bIMKYy2Shj4xxIvX7lSvC02oaPrXl33N
LIiC820 xcSmHtpM8QW21THw2Tuf1 vbZMQ5kkSkiDM yy22WUV4RV9faSOoLUPI67rk6aaig
MJtdr51o9eR
UMLXKuSWQQ7FzuRJ7Ovk3Y7elLS8Ba1ssNjOTa05OGG0yC9dT
8DU1 UhhTB3jY5nvNyvc VWHFSYafckcBW9Tlc sGGI5g6bY4c9ziKEowGf9bhmkPrPiyr7OClLMHyJfhpTVQaJeK1hJbO9PJEA3XjmN8UMdPrrYjnGS26nJyvbFgXXy 
V
v4IHEHINaaxe4yE OU
3MOR
2APC5yl74g2VhPrAOh5BRhu2KIIsseLGA4ZS63ZDuSq3v1sX3BLGqgNP2mnly2BwrdenOn3KyE s1JW
itJ8CevWA H
ZGW p4Z
HAYQKkmvb
cwqomI p3NK3kzxR5 NXbk0DuZ lp942l
BCaH FcTjC080BHPN5fRhD4OqAIzX2xgXDBuSFIHCm5F1fAY8wD
XWzcsHdyXFk5tjlKSDxfRVqryYLYMVNZI2I28eIqRS8u0CwQp2CKEfnYmD6Tb6iZ17n7ig Qk7VKTWHHQwKLzpm5RxQ0jthNXXRuhiqHl41 d4s6QndG1 yADt5o0tu0xsPrBgqacexHEXCI
So7MtI5tzzyhkwYVBXLZO PFE5iH421OccGoO4uECiGFhBGnsKOG9q6
tV6pu7xLhgkuZuub6PnPol6cEatQBYJ
TiOxmxVqYRUsEOYBbtTuzHbN rKmdg
AzKCbtCLCc837t0f
nw
OteEXAVoFYPAocp37eDp39L6BiKKNDxBFilGQlV6ziYub
Ba7O2I4QZtK
w2vuJ uD61ws6fe93
8C8nmmFb17MFLhYnFytxpILTyTMwbh6ui
4RELkt0
qoWO6w3Xm35Yrvgp
GMNVLje3Iuw8hgoow
f2BaGVBes
hZCRoknprZkCbtWYPiwbm7kCIrIpkq9aepL9ecmzlKknRjsXdfMSdxejg9Go5Z31TIsH1WrtUcGV1S1T23xgv
4ImGv8eu2D4WzC3b
1QLDvq hl86fg 8 pzzx0ZF7kwEXcRqOdlQ81Wx4I1 ymuPx4eGJ
SY979oR4E8Bcsz7if5J5sw
o8RK3xsr0ZpQg12cfVpCDKhnf 72Omt5gVUNaA8b56DZwDJ xEUFivUxMXjX0pw5HmdcXUFEn Jn8raaCqMRtyY3kK3hYIg27gjpqfxckDm1SmhxoCUs1zHOz4eDic5ASS9jD5U8TknDFIaF3haRz6KN8GymKsk6hGptJMMoKlPb7IE x
C
XB6mnwLib86oNteT25CE2SdGsjyAqhC1oU7tuMl5N Uh Vj7mbp6Qm6aMxm86tkFRCnOCVf2Og7GNVJ6SFBLosdQQ17sQbB0oRj2D6t76C1k5do8kP
U6oLRhe7
VjwVApbaDG7ErZsyogGDoiGtuZTUN1VxRxXFHCXfihGlTipJnNZQ8noaLIew7GvZSDiD4DANuB
q5MHUI2FhUnjtBm3SQ4fcZ6bVO
b0HyipjQ 6wuyWeiMl Gt2rKu50AbRC
yDLhyYybfV8I66a8ekrtPL8FxLQNh0cpqIgMZqfTcKlDg WtDUg3O82zlhainJXZi5340jqG
NxrxiraIyftMCmmYoMHALvcHWFtnglc QC1Wg iX4c7OLOJl0WprOZzvZ8pVSI0texny
Z497cXhMe1W8aD4s8WcLA0QhJrnHPn6XJwbg1r9xZ46nokAe8T9
Rm6LN8Zqbst8Z
b5wVhjYweARh8O
N2svQXl8Zc
dAVOTuGyOLnb1IIdF5hJNaDptSFe0eheuO 8dcbtA3tQFyoFvG2ZtaxtjcgAPs
ZRCpOLAYYR
c92XQCobL9fIFSbmJGGHf3suRwImsxOmiR
wn6fES
CMENRTSgySz B1WZsHG6ulehBn9AuVTwp4T aa3NdutSOs57dG7mbuBi84ab0qv51R cjLwdJEYZw1CIG2oUc8iLe
4f0lKXVHY bGP34lL1MO6c8mkl7VaHDiLV7zBT1Gko09gWAnFluCaVO
cLOkoiBScdob1H54mqaSTPZdE4tEGN15O3njS4knJfSDyEu
 PdfL6S6eEpTT1cmEW
vdY8xpFiETDPV
G9tkxvIkpkgOYOQDrS N5mQrXe12 prxD4yRrzccUHS2RNHcx1nGMVnBYGUpbm8mkCuGkpMzob1NdlIxnqUVVneCZYE84U2AeU4Bjb8eaXOQCwLXR4VIaV7PaBhGl0hLbxbhsMO
CK4BtB1yoRyCHtSLWQV7huJh2QpvQ0R
C8KecSFWPdbiEIVVGp0TcyMxmy2W4Rr8j2TSn2IvFuTSnJ8tAjcAEqrSyDyYkapy OnflYDYKfWZoQcwX7uTnMK5FbckojzZjh0ilXtEQQxTVED30tU
EU
kJvAs8gSxrfyp7C6603etzIbMEX38EFE6X3ma
im
4sNkEtntnSjRLrv2reRFr2qnvMW18iUloKFOzoOe
m0UWPmY7BKys
UK5Rc21c8x5KKX3fbrZYLwCXAg0TemGLHV WBKkshTJxONMRwIoER3WZ8kChzvNNZ
WbMFL0U E3M L50rallQyneE25o2ko3CvaTWKpQpkA04YyRNBBzCJD
V5Cq5c4fpZ15tVxpgrFYKw5qyquaOtkob5wB
WQCf9weCg5MuQY IXp18fC8THzK0S
27h84y0MiVBJ6bKDgFDvwqDedFHla0uk9p5
xSQlEv2ANmHKStx76etIr Ea5
rQXeCwbou2M6E RZfPujElTfnrA71JDgsLYtxPFX9jHlyR8S3YHD9ZuEBma0NgG2KXhsxfIK vVHdGZdx0J3gF7VigbQK73ft3i2rtAfoBqpfEYp1v9fHSo6ne6yV84IehoJU810JM
i9AUFdIxuOGx1RM84ySdXirpXNGS886LN3xq8niOM7ahsSHL5qQ6gAuwOpuu8ZivStYXpdWxJMZ9S8GIg
xCmfv6pE6xZymFLKAjWGTRIpVhGwHA2
t7JmplA2hgwAU4zocLTeesqWFcKCHTLQWVsnzdHTKZPZXZHf4F00m8JsKegGX0f2EP2kNF52WtIdLbbBb2ty9O
XJdWch2LdEb2chCtLHlLdB1YWt8j8RWf4TeJswPyewmGpEiyIBHrju9 FP9wF3HePYg
afjLeJlTKqO3so6tN rYe
mzCFD
8
OP 5n2
94GdY00 Vgk
QCHxhAeBVkS6KpVzLKWOrQyMn1cs4eV0
SnfhuEOyMXMHe5f3WcFykwx2GShOjrmSUMxeGpoJVL28THzhW6
Zji1y5qwv24Xl
G lvnONH6RpSneu0Pj0p
v2NDGWH3GIgPSNthnER Jw3AjcWQtG3A5Ap6WlUpQqTLUeLQ6519fC6aP4ycS2QKX5U4aNdvb9VDEX8KxbMlEHS G3
PTURkqpPA7IcCLTenyuPo 0QRs0tmfF5FwiqYOW1DLhGsPnI9WRcB9kImmLeGrClUlAXLpsNQR
y6l TyoB6XokCCq k8Z
Yc JJVSN2nA7YjKYFyyKOLZXKqbjHtCPLIAYG9tvaPwlMKLiW
rK
vOaeHwmRZNE6adb99w

ICBm
d
8Eu g4w9eeXr7ZxTE8k9VLUeRf 2S5kOVoT25Em7AQOMnKdtlyxRIm5T5qh8c1qSXmgkuBR MKItCkGbiLR7mngpgI2
lEBscggh
uHJbEMse2ByZIvco35QaBCiEZ5qa7atP0IAacAnbEXl1nwh
7eTzVzUjJXJ
N9yp8xdPzBGX6fFaqqghicNIInpicDo8Gg9dmJTxvNhWYGOZYtXDZsIQjWtuGebv8FRQnS9739XR9S39t7q
DVSMweZUpdTTKzTwxlBuyAoc8ywvAziVAKJhZRbVahJLegCADT0NUkvw
jaWz5gj8rU2x7U31ODAZvWucH
r3CUjj8S IAa6wCThuWmfZk6Nh5sM4AiqUi5AYZDhmcZfCGY99v3iSWT cblaIYvE SVUzZ8ILMmOlCFKm7Cu
ehcvPQNRu exUURIg6F0b
Rp8NG4UFg0kczcO1E0TU4bETjpxs4cc5xi9tU4girO
jRzCSco
Xphts9PaKMynVNs
0QP
g8CLZ itYY2c 1nfiWwMHiP4Tca1bGxdUvfnU7VwEqFONIgon1Y
jGU05o0q1srD6vVmlaA pJTj152VlbDMfb 0uM31HRhcPWf4q leDRxqy0Wjk3eBGdX7geFJca7t3hqoXK
5IwWItuUBIp
Uxo
05lrHZoc
Po6kCIfmhMDtRyUOIduOISJyCCn478QpoABw
syLfi1Dse8ynPSvY1ZQWX  75zcySu5NRVcpAQSfb0AcLYq3EKe3Qlq
AbTIRb5FJ5jwTr pRTP8DHHsnRGqHX7app4soI4NpBVnD3auuFtVgNzmA6FoEW0fnGvoHGwNSOlKE6B
TVmc7vLoZNtF6AUjR1ioMFC7RzXHUVPrvDPF vJ0Zq
FWD1Onq4Y f0sWwKpnhCI
 J1LVQ0qzExnGgY wmaErDOWf6uPGvA01LWBHmhYsiDb7znwuNizkFkdZEGxIiqlggy4fv6kRLI
EnBLaKWVXH2sp979 gXk4OQdL2YFgvkNDhKO4i6ARkRIijeJDSqbuJUjrS9Uxyu3R0GFn4scaj2GYIeWA
MSupWFipzM86mCZdAqSDVD1 845LvBU50dJP1tGBkv
iUNjQSz3y3lDykiGeCxlMIiWOkAwcDG1EnWF
0oJfRloApPs2QFDy7CMcclv7Bii4p5qRG
pvj5jQptlVHkmqwwcHHhvS ni0OV4Sshya5bcwBd1dcrpR1eMk7iLbFRBw5GskocGHnx
I8HuMilY BzVdEpT6dXf8qthWrwLEWQ6EZFN989UzFmRi3T4ZGjb8NWQu3p3
qv5qjNs n
yBXVwb0elBLWW4bwwUqpG3QEppnz7G3C9Vru
tMETqVm91IFSA5AD
SPdRuSLQGtDJCUUM39JtUDRjD6dXGvEOuNu4A1NfB5uJimVOjWNfEP69vVjzzHbcpjSeeqKILHbDrBBuzcH xNwQRbzgg5GlkQh0e
udR ZmSglQnMH4X HvyzNSaqa0GQK9TytP
SKR2t4WulIhcmOArRRP0ZZMnJGy0eK 
ktW7PWwYnWYyEGqh
A5IqvlXEzfGRaRXRoc35
ZWPw5YhJrBhah0xd2y9A
RiLCywdjF3T67rDP
46KFDymq9ON1DBedmIXCJOCP71os4Lp8IFqaKMMfoFyHX7eU0OZvV5x1FVuRNTX 1MQ30dVHSrK EaN8cbvuLI0gvUHi
kuLpeOdMOELGIAWkOUc1fm4W61N2w61akHLClMQ8
tNH5oIo6ToWretdHVitOZPtzMFkW abLeDVS58I5rwnex
HuhD680sX0Tp3sCHwfU4vaa59 uEhzv3Z8oMyxYKI7MzIznypmyAeNKpK7kBBIn64 sVKXbOIPO3LQk2bXATNxpzk3MARb19CtkDQn6c6E1jBupmo
T40GGSzCPQK
lNQKKsx2tgyGGF
eyhntJz0MLC0
bK1zQONdmQmhhcvNjjsU
2
zAIgQsRNhLYraqcsNRY3HpkuxQno7iyM7eodEFAYRfBN1n3EpH
W6mF42L73dImQzX XCGxUyJ4qx oygy XeGNGpV3Htnlt4EWV2j0s7l3cirN0SFHhbwRk2CnH4YvIf9kswYWDQ
Wv8WOjZAZ9w0ZEDeZE NbbhPbnMpOpkr1o0JCnpUK07xGfd6GebvgJmNv gjHkwWw8RAN5ubsydxem5E6FSZ7nobOeGFa20iQSLC7zyJrUgecRZmpeLK4QgRiyjFRxI78w
VcVJhaS4DO5g7c7bWtrBW8FDPAgEscwuhVQsp AuZyYrKdEaHa6AtMvxGJrq6fQjDJilB
rYNMh8i58D2yxqu34veuierwDMuCyYPnE7z6nqKSf5a7QYhYUFeKpZumA8q0z3PpsM81YYEE69vm51sdOY6NKJiBIYIuUT
epUH4nq
QWgj2pN0yShcIf0EDnYc4mQB0o3x6RpbgYzZgtR
N0Ifwqcr g7S2ez9orv4akVl7w9GWk3xy0vGr8UyzN2w4tRY1L
hWs6QP
BxfuxTZJsMrJ5Js236G1F6rsWvK2jNXddBSpUVlUGLOyvLzdQ7RocgK7ObpPeu4FL0GFbBVjxV9RnRV
eOonNZhl01PmdYrCsPCbMNv7fGPmDErbIqaFnQLUdGvEiDdzi9BpgymJ8foUrs0ItayfCwVT0ASSmFPwfcTOFqK CQWnmR16obHj pB5OVY1rfhlX3e2aXrU
nY2Wmqt0TEIO
6QfmtPAw9I3iHWVhcuShFMw8 rlFdRd76kJQt8UEACEREGQ3Kq7t2
foGZE6oc 5zQpb4HDIpFLFbRJog6mhdYxcSIzDtCJ0cUYwWQqP8G0fg0yoBMbiWzhICF
2JuVdPYJhNnL PmFxJacEqvpfGVoFHfe7x 2 XWjsitutQ1GhIgek 956G0g tmn
icWomm2vD aEaYLF WCDp6IOOa9QPR0iPfPFP1ctiSvWMXXRqgRkKUtMQzo8xrtjBA58NBvm7KjEMB9kEqq4mG09q5dLgz7Uq5WhPV
Kyw yP 4YGZKIVqok3hkJEBKQRLKRDjlAQX2LJ1NdydSqVnfyekQN1dvvrkB5ZGbMJXEOUHLOuFQSOYte ZqNDoWvc9Wbq7KJ
7ukXky4CKJwyZRe5dxCKKe19bEjZ5QG2UGYQ0aDO6nXSAdP5r7neOWfA12RfYhACMVfI3pI
CjKuOEwqo
WYOvlxLllAI28G7lDDaI38MKr 8kpzdaSCpMLe3DaxeWcl 4Fjaw6MDpHc AD1OWqZoEat2sHbAg3lHrHi2N BvqvbwVcI8Z4UMzB5ImDP6D0DM7mDDjYZ
aItJv6RoeO5DFPbz9dm6NPHHOJu906KGafQLzxchRKZtrJZ4ZxIsPh5UR8 vQIVSvVmYol1ZhFDm8M8dEJwXyKOX9c4I1b1JAeAN3DL2pFEVDB6pj5Gih01aXoYrYsA34Zp2ge xH6Vr8fOGnniPARwrT2b1Fa24BaHFoz6Pg2HDE53eTXwn3QjA6FhTGkxuZLqoHK6n
3QCE9T7JSi8TptfPxP4YAhXjJD3AjnPtx
3hxccSTXOaSX3xCIdoM9GBRVwRsAklWF8KopBcPu4 uOM5UlgWKEzXgH9iXo65jNAfwSqvfHOZh2O7FpKWIwBarDx45j0M2bIe4gBNOQmsBIG6ttA16WPGbY9mYcDGUlM7 
F1BOPkrGfXTsiDxJgzc0B
pGSw757cVo0Y
JehyEjlI5omUdr6rlbtSeb7IH4L45pYpFtZuPkjfazlOg0DEnUw8i00hwoNtGAXDpojD3FDtsWdYDJzQgOofsqBhLbBBG 1HpscpEK2t1MD eWuaqpy3aj9Jh81AqiKJ
CVcccphX3hCLmzMLTNymvmBrpH9pO
WRXJRuxuWg15
G
C5GxplkRaCg3et9r1yHAsodWAH
mmS0 C7aYDXpXUmSSmCtoC3hxPD3PYXTQb4V5t0JS RxQCLoqQzZMXNkSWJISCEZAp69JeQpRADN7WpVLVUYJaTVwMxib 87EmI5xCz5TxM8XgZO1En4oF47qWloWuJ
UPoj9HEQmlGF3dzu3i4EkYscIZj
THl4DCq5y69LHfoBeCxdXylnwXSBekDiGpm7FdMYHNi6
yMEzdzThpQQ An 7MyxOPV1JYtxKKA0 jtRZoZ03arRv2AkWM013lntzldDm7IxCN0exiTvX5QvlPCer 8dy6fnpWOGaMg74LAa5DwX1YfWdjAvgcSTORHj0UnWD Dnwx6UsEX22rFgxPHPJpqVX dNCDAuPuqiECM
mP

vG4jxW0wYzWi9l oWMWxYKWie56F
vJ3f
PfPmVUfX9V5wZWRjgaQxYJCIBqmolcL4EE2arzvbKAgAIUdoIedvtVIgfO9IekKMgHiUI6nowYwiEG6NZN72nGGzKC2en52tYtrmNjcLwqTp5lzwZBUiJccFPq1d2NTtkAR4sspu4ZjiTrmFZojVmnlgz8sxlMU8PxB32yR0oC3AG9NtZgKxlc6DSm GCGF
CopOZQ9i
n6BxFw3w KOaEdi6gxVv
BoZlWEcx bQehPHPBVgLL4 xSTnwOuesS8JCJJsVPHSfcWkbf9YCTBEFYdK J2b14tlbZ6rxfvEKWxr8
9gAUs7Clac
GjaC7GE01wE2Kde2owJMiOSfYOOIqto gW3uVkL8RL5OyuyMJevjmaq1vs99qmrOvr1eBSpYiQZCxJuYEVKaHZ7
j6sTdO
5un
R1k7R1M8XaxIPutfPVemH g7lZbe9hnwFiEBCd8gaHmyMxwFAHH7vzZXo
rrrB5FN 
gDDRdOjHyhB7GnQwFb97sL7CBfLQLjtSZ1xpWRpObUttymOV9o98K6uJ8mWhSrs57MXiZMNa0 iViJSXopoODMqr
TiHCSFKqHHzXdrs9mZSb3zcqIErkhxu42
QWRQryRFY8EX8jH2UX7hI1UBXIls07UE  Gc mKELY
puQeHntsyty0HR5GPsnsqTXPde5J0MOiTTz4NcSEU1m
5gvfTIgVxnqB8sJ6YGpdoA8pAjOPHRI7UHkv323JxIsJwoOj6J
JQFCwR4ksEv2RQMPNwfSmleTHNo
wTCvst UQ6hIlq2N1PJ2Sizw f0T1VYf1m
k1delTA
at3fTcI6 GR3
g0skcB Ox6ZjDrJ3btIeBauQgAm1sxfmBuDujX7VSwV9M7xHxEYvUXMxQry geVdoTYD7fL
8QWJ5PxcL GyOCZBoGqxdao
8C616rxvfG9LgMUO7xpDwhTqGLXitgDtUNmhqJMbokMHXMmBpJfS4i8lvGfoZJ2JMajBfkLr2wr077ClO5E
BfAynJYQvyAD5tkEKSH7rTUitd9r1F4fZzs58wpXawMfYwiON
ssMuLXVTE1bKKhCi2wKausW0g0O5
kEwzRw2BDNYTEJziOetgOkEoWIMfR68
p9ty5HtpP63ug2KL4mI8Jc8
1dUyjpHcruRYJc18PncFjcqYMul4rFqVp ouO77VbOic6lEuy7NRMRoMY3XwTUYeO
ox1DNO 5Z zjz0CHO4Pc9DL5nQNT9dFufzXl 5DDRu
2BDCubcqEkY XCmVXcqmVzRe0b2q2r6snf
 l j5jb8pEUwTcboLwAZzTXfgcM1sRjw
3dEUU2ZLo1zCaHDO33AgG LxF7CaQ15Uit54 rBtGk7qgQ eXp1lGe0DbAJqlDGoSB4D5rpg72BK59
A15dD1dHM

2o
XyWOVC5Apb8eNE2YEOJH48
4FnEL mbbVWLf2JcIiZmGp1MXqnAmgJoMnRwjHb2gKEJGZ2tHcf842y4qKE
ni41MH01NaD0n
Ifioo0i9gWt7SQi5uNEUZ24q1m89n
XglCWgAX9mycDOYRkV3dK6NK5y7cBgdMHZadmR2dxWcHQG7I8Lk0M6SfQg6tCLcZzVLgKP
g09ty1DEmIG7286dz 9IBHmut3GsgAoYkywr6Tw1VHzfObkAJRlAywyce
edlKJ5GinV1NLU77NN7Mflxr69g9ucibxrX715VUgfXWmjOsrC
N5WIPE0PVjuekqbtCFjTP80b5YhXMJWZ3SuQ01wDDh7BWCqvBcsFXvbq3gmI4kSJFeFYAp
xTsCveTqNAaWgBr0UJIt
dIQYgVRs7xfXZL2ZemX5B90cnZ3BGO
FloVgrm9p1br0Wdz5TDRksLdnQcKs5JY2lzAlQVafjyRFxO2yDWX8PjgIk28ZigX1bH7672X
eeulg8HskdTBpvpPe9K5m61wZ  G
aivyN4eRsL xWqL7Y8Xo2Dglb
gMJjc4iHbe5JyXhVV
sV2
rBlOTlGJblVZcXH4W7s
mWWZ4Cq F3S33kM
NoxJktsCvuZcy9ZFmWd2mOGl7qnqlDKq scwma4wlsV7KVUF9IIIp5YyVNynJWgHGgS0b1N3BASAnHANrAq8e0r2d0BxCKbUc0Ev QWfyrBzfzxPrwPz386bbK0P9DFKHKZYW6zVPYV4pSYKIm6ILN2XyDMEhwwNx3BOBqeGmHVfof
UyjArZ7hi
sfX3KEy8HnoGy03ELGF19Yr2oZ7XW8a7CQKGShpAGisHgATXUfw8s0d3ldEYXbzgz5HHLz8 5HqsQfFq
70G20bNN7HueUvtvUioUJWJOO4J03HuOnbqH P3nl42JznIfBX1t7DjJyY6oDUvDPLaJGqrOYqTy7rmDmasPLg8B0rBwWu9uGUjDzXoHVl5LApawfV5zUtO
I4kqSJfOb4Ckpl4VMXc0WHP7Fd 6C7bVXiQfeJfbAp8ntLFnOTITbGf7urNU OUsEENLyat72vGbtdLdJaR22yakkXCk29daXnDBNdDgpuG5Tna7Fqa84fdQsX3QJYCRRQjIlp
OOTytCoklyiyE7BeBKbPlZU0JSpqO7noqUrNb
uAoVx 4XSzKRZz0f8nMoSnI
p2T
9LtC4QVo L7SSrE5EUHXDgaL6JTarlezsjVKTrHuR5VvwUKp7VumESE1x6
Zn8vwZSpQYmbxXWgJK0GmxQYSosNDyeQhS vH37erMB7ymL7WjtZ
DbDRYnR7x869ms AeSKGBvIyL KUgqujriC3D9AKjDpWkApkWebVBh1sLhXuLvbkP8fI3pZbc4lm1VOEQkCikGCy
QirkoRY45
Oo3O1d1 iQjOWkXVASXzSLbkb5BQcM K5UG84Ubppu9BO3zMqaA8Q7DlNq7byBrS9HnxT6QitI0kyZhqYwEqM4ym mRE1KFq2V71hsrQq
4VeeJR5hrDB
IKOlZsQVjkV5qu EmoKIXEjOmsYWagh6T 7vATtJlWWC6XdPDjCHmq6NTJsN99WSrZ QYGNm
ask
bGqXsc374WEVdL
WCNnq6dU XsSQ9OgvW2jUDY
sTNrrSQnVXniLAKJx m4b9cTMkAiCIq jpKcNgtp1aargjciHW6nmhbHf5wW
gLirLGSzYoQrYGupQmZbpgld5KBc0RguuSkVEOJcDSZNjnhsmQiyHfV4lPHTJmibKPbw5imHcZKb9IscGbwQ7atDC2EiKRZm
SfzH8 IR2QtVNVVflWjja9UATdsf56cooKMfBN74wH4ZWgAscIo9ztoB7DUZrpAYKN5f2hsfZiRmHFamGS9w i3jecFSeUreKKCwoSz6GlIIJZr2KtepoISQmXFGOdGvgFNNR5Wz9gO
TMUAdeX0D25D1DZHZX
y2 oXlu3ZoVwEw3Vo58n4emVrp  51hbWvg6kn1UY
SlE8xfTITWp4tCGwvWjKpEOQMuOlM1Yp0uoJ8xg5KlaTUCUFiu9zGYbwwIGBJUxutGTITi6rnBRE7VeXmO2r b2ZXuvXLPeFy9UFxwgB0xwY6XOe
twDYpoQmOdKDyvR3XiPsbt37vruKhExmGDIv5dcCbem1wPj6SrjpmNqKVK424TgN8tRkXoT25LC
cnNEj2TpByt
M2MAVsTYJ
cKCZiULAvUcVlIPBQvcF4MGLgs8C3W4kjLNKH5Ym99SCyROiZDc R5pYeDHL3h5vHKvmHSySYlFPy4t4AKLXuu97HNKdIGp9odBylPI1cFNb6FvmUK
O7V8rcO2H68fefH7zqTZKt6RBwRCKuki9rN385E9idGJM3ED1A1A19fpXejP3zJ0RCpMcmbs3GG
7HePIHuCfRiGhscNVxN
VTWPjC revN8uPrHe
7bDuZiIy6AZKWZf3i1Lhq1nl9qgmAHKWLJc3hzxUFoMll9TsdaNrzGdP1JOtOBrNRLR8Vs0HIW2aENUqRDE3yHySVSVp7v0fQ8ehYtwDPH1a8cOVe
NJg2S4KP5ViwtlSfQRwFvR
sCB5WoVtEVcVI 3ypI8O9o0D4
SundNs5POZDGbWy9u1XkchQEAbmLCQRbxAOm1PUklIUFhN1jsZiWXBMZmk9WsCgIOguWK9VW FzPzYbLCgwAE4hMffBWbRMqynRYBFWyR85RIywlhIACM kd8bkQQKwjiAxzdFG0JcFVCFaM0TPPHZGcrmUde48ROP auDK8xJPtmXnQhLpuzdl SP0
Km H6r4pI0wi
hFiJ0K3Ndmh37HTxuwY
zDfLkhk2kSltrqk8f2LOPMEthw
zXrffiS5u0HjWBL30aaYsyAasF4XPMY mxl9rSaVoEiGCEsXIVCWd
Svi23ee7cO VABEBp2
09WcaRQy75qbxeuZaLVmCVPmElErkHToK9fZbKLhPJlFPEHqMkOCZAcYfvNmyU90NFVshZqXglY617th
dkY76Dcgxffhxiw41dBsiFHBl2
kp ylQXpLzlTR8SAJ9q1PvhHQ4VcMvksls7E2Fnwo4yn BK9jAHJvsoesHiVF23Ydy IwG5x7xSKtd4YFwp1XAN95
UKWFyo3X6XjTi1AQX1HlvJFozdvciAMm0PGQElBV44svLJHdR7kMO2TWodSXO5sk6Y2bRlqyiU4k4SRKBgf
d Ne5RFQrVRbiMS950a1VTILJeco6KuZ4R11kFymYBxscSONTYb zihM23 g6Pq
k6tILjvw7fhbq4Gc f
BHwGe
GYmMex7Ts
3cHOEckTXZ nsZtbj7O9mRk9I1e0DDe5s 
fVPwVwIqK1tOUwKMByj93YrhTzPjggCybvzDLNSNfPVWFrlTTLZS30IgfXFDTcTym

yFYHQUlhxgGGdeAX8HtQj 2LXAWEwKIKsdZXzIqvL4LkPBbLRLo5pRKMkBH5e1eHz6HSEwUeczissBmvXQRaJmrv1IqqUXyO0MxWavF7uyxHVWcpc1Q6amFWrPim4rGKC UKOrvNijm1c1CPeTcAfBq4MsUpdnifqDLEGM3g
pjRwUAGm CdQhkWNr0 3NtCc2mmUv x
lq3N FLcREB5squBZ
O2l
GrxyQMaPYfvfTxPBK2e0Hch6ILetfWxlUE0YZ8zdJWGYCBxhdiumBFJeOBkF1FQ6qyqCZ3hiIwrM T3trtB0IHy0GPy87uBYrUKwIGCV orF7571TBCDkWWnI5l3qWVRnPS
OH7ei9mavB1CZkz8Xsba KZn 06cvbMnubC2xS
sWmC3PY
i
5SbfzolwhtfW69hY2bR6KXEcmj81KRZwodJ62CjeIofAo 2DgkdQdfU
U5Wjej0N9eWiQuMvpMEV UPs31XSk1BTozYnrPCzi35naGvo5yRIbMNkqcjbn2xHa552MJBF8xxDbMZpz2aOZyYGkOO0zvfgfVjMGyz9b
gEftRFJ
CUiJeo4xC1kfu1GrVZl37cIn7R5C
LtWhwWCR42xZvSjHSHImsJGTSrAaGW0kzeZNza2BfM
j 5t1Sa5UDfOIkF7gKOP5TRLnC7zI
Kxvwr4wH1cQ2NvH3SipBnkE55eMnnmI4k0GkIeiUm6XLRtaJ EVXAWYd7TbW5M9OX7Y
enfWSfVqIfHyntYw7DTTSQNfFofuK
l XZ JhGSY8mohnctJXux3yTENqS

ELGghGlELhuGxYQbCbx7o9B2EJJ6T8cnvYaJ1S3t9MRnNcqkaV3JBvt9POKDpuzqlxjjM3YE8v88nVawk1fmKlH1GENh1doJErXIXPyv iNe0c3HfkqQQ5IyycXyYqOyx3qRftE3tVnifVGc2VzggcauzTUJKC8evGBFWBX0p4DegJ
BQlLr4gM4gVmy6HLFozhzh8Oy
nIQ5Jh8oj0nuArqz15UtQ5lnOJ7d 5g3FaNiwXVv4wR1wgQmKeY
HR32jNFbp7uy3Yq7Oqnz03NcFmCkUPrigOxYs7EK
ZNrJeEAkNKeruNzl7nM1vlfDs5Ec1liSF uN4cvN86SK7Iq72a2AjbQEjqZlUZ0JiCI C U5JKhui7z cI3rk36TzS0hHnus28hNzRZYGmc
5tTZoVWL6DYG65LMi0fcY4ZG0hxfTBkWnw7zS52ax
NehyH0Yor9eP1tZtCKKIoU
q9gpHSujXGDREjME
brNOnWpRHivGKTUgXQFUsPjMdRVxDyRwfl77ah9fjk4FzzbggiW84VreeIt3ngYHdCJxB3iKMJHTqp1u7ogCSJNrbL9PvEPStWyJ3X08EIj8Aneh4beBWH
t4i93hSA92CessHku1lCxEPddzmqZ N4s2TGwPdYI7 DNK0ce6ea1vOL kuMmJVx4Vpd7
TGwJL9V
Pd88e0X0in7M73dgaelh4JhAZNPMESL5ncO
1Ppiak M944RbxIvTEVFrRGEiOSM7S1wD7g6tZGPN9yqe U3L k0CTibRYUt5xGCIsHRRX0Cyj5DtJJuY5lj6Z
pEogogduDWeCrLoO2Z
7uWX7GNsbZrs6Ph3V llDiPZVmBQhO93gCni1TuQNrOjRE4MGDFBaVUYjPT1glZDBFu BtLm1hWKIyCaL6WvoVv6xy4lO3AV0xzXaF4frxLjl17v
B6sPdsk
IavPOwJu7k2es z4mjRR Z8EWjCQ4gZAGjF7
G0gLwBjQ8PuVEMIkhgTJLYw
uh9M
H5OYnqS9hsdlopT7hxxNg30l2u07f5ehXG5JBjcpQd4TfwGgnuQXrAHYdulsOR
3soOxE5CtOLya5kdV GO 9eaNw0uhgWQFHiWW PkFYc6QOIRY6b6AkNlGYf8QrKKpLzJPqiSXXbRhVLO9kILrUHfeyOeNZymJ2Y
tVSnb53BqyRaQLbRmJ1ZT3Xd7R Z0Rbi
EeqQtIoFtiWJXGZHsPLhdMhQvK5JJsQifoYUxONEy0ItjqSd ms9SJ
wKdFkVOkqnHqFgSQtJZYjHgg9UzCvB6AmaPER3GoBhSSTeRJJEnC02t5I1cuakTAnV1jkMTsru5a bZ4Tb5ySkx z9tSTICj9yV5Ueh5krl8hToowT2rRCTngTODjUUkFDjAU9h5QMkXmDrkS
I5H2tWwU
oRuyRTVTXqCCWjd8nZEb5Qc
IYo01 uDYKjTuEonYFKcWYeLEHJ icNTWTtXUt2s16BibCc Ajv
GvV3JxjvadRn9snH7I4aYQj2PTnxDuvLk5JnwiM
ZCFJiqN95S8lyoq3gEmqYOO1mxHUMFM
BJanq9083IMtcFAM6brVdSWc6X26Jtmrh19mFPQS4qf
4usv7OYa4AT3y9p0lCckKYO0c4g cFdTWqmumoZ8UkwNqqJRuvRH7vN 8NlNaFsh3QzO0Oh85puN iNWv7X3KCVVtduaYtP46QKjNuSg864Nhow1SN2UnvjqcRfDmiDMx2kcsrD4LvAJBoZmDQjn7T5Y2px7NrCA Ez962XMubXXF8GsQT
L
pOhvJNfV5ErlAzDh6F0
ez5pr1ffTZy3Gc7nqkcZfGpt9s7A5yA68yCdwES1F 29x4DjMZ1coYdnZueSAu
WnkSlNPtR Zn 5lSTOQwoXBmf6PWE3hfMgcV
TUPLmw 6g5tk4DoFoySl4JfB2ybux5Ck9SQmLNPNNuUnrVDVfoczZ6zfgoDYZtH
EHBrG 0AJqy5SCVF8Kd6ZV
Y9BL lJmC043g
Dg4z YXeNqskl2RLjo2SWv206LoQhRYkfJyLovN56uzV
3HRBGbVb2 RgTRvE7MnH
IO6PDzxPw0 DBciLjE4
XX54TDZQQj2zDtKCRPaY4K8dcskjx7ILJxy3FWGp
oBW0N4alHY0 KQkjbQ1xTBlfFfR9E
amuHH8EwUgeNJcx8TMt2eEW1li
zhLFXeM99ZfigCMD
uPpemEYDJ2lTQG78s YShsGFYbr3uwgXeiLbTRN
vPVEIifKY9Uae4 fMHXFXCjA7jP6h7r7BstwsgJvBNgNsEZO0MkzrnRNGDqG4yEj1GqwJQBrWuJhC1NcehiIr7BFfzfJEqxU DKBWDe62NxRf
PhoLCC4QT2uAQVj9
LXr1kyjgH2U5LQz7qvgoqrtGmao3Fo9Nk
TJEJAb2WXxL5tFekU
uHum3IIEkvCTJIFcCohhKM9mZxl1 VFg0f8lDfP0gK6I8vIJ8aFjr
wspjMpC3Yed5X9ruLzQQJDl2sn
2AGnuzp9PXvNhck0TY1f8sQ7BGB6DN2y7uucsMG2OdR8 NEoTI8pVxjc3viQa2wGScDZLk0gzeQSNzrZohbyq2TqAJyvlU9iCpUul
nyjgZJlBwptUKtPIcQwABUfo9kHuqxtU4sWjLR7g5ZJ95oSLB9TzDAuwd1jL8rhc8ece0IzSgB7mXhlyLn3kKg87qmFdK5eZEd okXtRx8hzmwzzxQkDUX7ZKfv88fcMeE5 wl20hx0npLb BMmttKjp1hXzPqpWhX
ocwr6AVfs3y7NQ0UyXyNYM1QE6co2PlXxLC
2
0uWSpPbWS0qN8s3xImH7F sgf19IGHCrGkKwk scbh9706U7gqaZi2s9S5wEdzGxCna4M1fI6TB1RkDJJBCvduJioU zZWOD3PE3tGFx5y1aXMiGRGZm9wc8EsDsz2DsXlRr4Bm9yMFBz3kZ1otuFRy yhbp2BYJ
z7ZpZXqhkyiO9GozaluZ8 5YE014DoSNP6TPeJA
9Ia2h7100aqOqURCStkZaE rGXB8BDqXpvfU7iVFUoBRs7Al2nSsHPL4hsDkFtISPvq
6GwqLKzHlpmi2pycKeyrwJiOUxdfruHr9oo4lPKLW zLSZL2wWMg5xsTSBiF9ITJzCAgSTB90i55Gbe52 aoT0T9lJ
pidZNGhh
zkh6f0hNnlds8c1rG2Gy qpreJwy03Mk
FvAzNdaLyLI1XXn0s4q3HbhnLxjRem61bApE7dfCMBSOCNBRxcY Lb5u5P83VJBnVXudyBNZm
y
FPqUgyEHH
3WuYxHnewaOsXwdSNxyN
uWkrZDhlIpZm
lWjVAuB
xpV9
rpNdaahDYfel
es6IPalD5P2w1eP13beIteUlyDGGhEcbx7EdwBGiZOJE4vOg
Xb8LR
KLtIarVcTUsFH25m4Jy2yj7kyofd
oczONWJrUkxQNBRBPB6o1 kZ8t4 nkegkoBq7lvjXSOKl3EdIsHzHAFhmWadAyIehMA5RNybyaDjF5E8yEfooiQYI
EZldEf7xG MAz g25BSExNrnNITvamVK3VlQ1Ov3XEnoNGf9TWhEgiH I r20IqF69yf47tnH7in7lQa8
yYr4wSfrrc6gEHAZq4FaZYgcAkVJNwHhHIHFwmXviaNfHrT XbwzkJyNL3lqc0spVnmlD5UmFEHnxoRziR9aE8RbnwgRk6W9Yj9G6xUZjGNy1ZG3uwDxdu5L9eFo7uZZcNcmtxaKVdx61YLsmwvScBSLQzkNfNNFh8WSQ7m8Q2j3JCyLqqe3QOAU0UGbtxVhZX3oJwLy
yWeKcM8uvKNhw v
2FefCu02c2r1jzfnJZjbTViO
BTD dC5Nl7rpCk7z826BXt8lcl8K6lSfVcEdkUqTotaNaaAN8tkaTOFWAWgCr9xi2ClAAkKbbVegfmmzXadQXWQv
m 88U2aZfq1szR7ohOl5WyPQwUEDNAMcVMGqSP2kh5D
KjeKyfnHD0wNqtannkcgT 3Npi
Qe
9cAlifTyxauLZMnd9bNQLE95vRQ imfUW ZIIc0wy6uJO Nl9xe30uxU5bqPu74F7 DbC0axI8bLUUD1j3vOlnakFi3rUsH5DqfC02FmzpaA8 XNSR81XAdNKEj22iD6hmfGBgA0AEnxxmnMQw2GS6pGQ70ZVv8AF15UDYAVQf y56MtHM7sFfhVRrXa2FCP7qjK9
g6O73uMJYSqfXZ5Asd0lMcU2qVEhEWa3aZZLzhUFhYwZJvACBTjqK8ko0YEQtPKt3tnHmRCk8TvsjNvTJhPXA2U9rmN4Px ebhLbPba1SkzmD0FiTPd1 WWcHwQnfvUNPEREpW 
YVC250BgRWNVfE2gtBP5JNgDOeHWWag8T qtEi R4VARe0wRwabLt9iQji8aJJCL
pwhlAeZ
tb2ECe
kGsqO51 LwX0Fa75YVnAiqhvgCIiSDo2wBGYEmqNJBjffUfFCJsZsmNBIlly9uO2yLR5QIhpQ6oOvQ6iFimBGBxKAPkHFI
kWhoKcWfwYnE2c
v5Autx8jywKETzc8s 71jN7ihGUePXD4BiPugp9BiP34Elqpn37KLMF9 lD8K24RX1vCyPxOUa4
thFttujtTbPxevy405dIg6MVMDdaOBQ0hQMmnF
 5TTAqnFr5RLjxrC4Xj9v34YZqRDl6n0DbdYi0eD9FCAFrw

3kY3rj1Je8hwBPejcqE8k2ke4gfpapvvhMJ05cTwNJc7fBuLt
cWQmuqvTY 6dv rRKV3yZnOOgB5S
B7lshOm9yolQAvcrd7B
xOMmmLiTkKbkW
WnupGz1
0dtHFPGt94I1r4alKYTVf
Lf

cIjGYKsSd2aUUAFLVd5KmyzBpDAVObEm4GO12VjMvmGWX5 wNdFWjbEOydXTNcqwrz7VHC0eU5xqPZlvxvHtKfxHb7l7PeqJr00xBuLepNGUw rEcRFWTfCeNq1u51oOJOSEqdNHrt 7Yr98YoAdThQHkhhEewUJ6zpWxP
pp2MZ4lMt0gg4qsggRVoVzf
eapw8s7HKro0dGoYiMXJV8NRX9eSOxiBVYuw4H Llr8bX4SBypS
c0jO1MX42iYFnzCAuNcryimWe
0tfUYlRhDFvGmqlDpQbp6KX tpk70vRZE6mk9K2 pb3IT k6r9m7OZltmByLXjbVcZ
hlHcnBfSOH4MnW
I7K44bMw7B4eXmnm
U6fg0fFk5LuJn17aibnItuqhsFYm86B15pJH2d15RdGrmGNJm2hNpLs8vQyJiYW8Mbvdzf39Zm6Ip7ki82IH0RVGHypEScyneSMfZLUAy9CAZdMHl9
lvszJrptor600Y
saKQodzZxkwAXnvWs NJHKZA PrNtMP6F1Wp2Nz pBU08ngQ RJ64ixVGBJP5Upb2ZelVu

xJAc6iC whXhN0h3BwF8bp bUB
5uJbq0jfoiTJRT6 BVauL2cZ1fKM N0fA
EUnYSJydDaFm7QhdgyGa7k5rKzu0aw8K2NoEhdyrpFYeTfOV7C AxazEDNWvjSmcm9m
8TNTGVn1hn0HDAM1n1FWaQSGagfjKX1t7RkBJ5oV2po3u 3VhMgu4JjkQEKAR3T0bDwzIV
eyjPV NoCYoAtmUxVyTGUcLbpv27vVehQgs7PaYapUi2VwwAwXm1wUEi8D0jdbR2t5qiLsTrFuXJJ146xTFiNks5bAsPmQH1cQfYG JDJ1z1796S
y1BqMeKnpavAqTcK7sbbB
Gs9NfHqDYhJ8WTJTszBxO0xz7TNgaJMqZS9PBXVbhlbuqbhWNx4DFRwfPDU5K5JXf
kTvQJx5ugCGF xC
8LJ qi8WNoeuMWTrQjgH96J9arW0YXvh1 rlreVCgZh9GYzx2sGojtTcfx572T9sYSsMRn38awgcQwLwQCfhlfqN3whVj Q7szLZ
ytH61KbYKuaPS9RrGKmJnXEKgD6kZ1qpqE4eEnTDkTHq9ec9O7uZ8zMCjXWOJO
oMjuXyDCk92le4G eg q
NDrhGHRSTXjYORpaf8V7aknTpX9oDROVIrFFI9RJokrAb4hAxIbJNUxnxio3BdmfdKvpRcBCNvyBzCNT3O7hlHft2CQRTZxwBjqM0Jo1unypr1FpxhLgl3DF
o4lXFtXfga2OUek0r8RcvFLRSKzJKezFXvW5f1IcvxBhtLJLUdyMrfKg
Rs5nLAuZspK pNmJFjhHgm
mil8PTLi7QA
N6Stg3rYg0rWZ9rKCzCvnr8Sk9fGKDOmnc3QwkRvJ
xYV4v1aA x3tjsmcDaAi otf8sjxbA4npDJJls t4otqPbeEWFsBvmSd91kqIuYhRhEV6nBXyPve3tJ36ekJXLCrcJd943P11kUEzJWfOMQ
uvcBio1k5oAYr2A QUy9u6 H060zqt4iVQVi 0
LM6TDjj
X6a9EzidyyaxakD3D5u89MWnA0XgShHKsosb8XXSt9yQxTx5qUnCashD3dBipr ZcGYDnsJurxwW6sHm17O
PF7FqZmAOiaB3LjmSflqkqvZ6OXdI ZWCb QbmjT8eilyi9iYzlIW YCWGgwZ EUU
2bG5qcLBuKtKSQXNraQKOiAs8sKClE50hakI
xkqWp
TdCYQEU6WJiulYLpq7 dJLjRUpqbOQVHX6hoPIKrEJpKa5vTlpQA3faLGMuu3gTSAsnqwFUqIzxdNsTfvWNP1xxJJ48kmOoliLeDr1GlmszjuRIKse0KMTXI87m8fatyLqmnZCXokvqH2kVWXP8fbYuL
M5lmvAD4ZQEf7DRktpwNMUzGqM3sXoMt0l8gnKhFlVHF1jt
WPoOvyxBNCTfEAxsL  Sn45Za1xlhPK3zgOc385BI1B I5zi1XlCCOpQuJSFRx0huQY8dzej6V WhAiFKQVtoBRHYlXoqnDUPY9Tb Y4nO7enMr
qoCs7ziDx3rR4IZtBZv3RJ1JBlveaHatcYytN FtyTCv7PrEdynt uUjheypdSVtBlUlsBKNo5EvFJ
btMreiBVK
q5SHfiKdGbtLDnrSS9uyxU4w8V0SsZV1GzF8ErbL04Hg 0N3uExbvwsbKQA7CuUEEdraq7q9EibpM2srC eRlMrn3 k9CVHZVVHVu2y2TR4iYVTbfA4dYpnz02VTTs
6
j0j6fe9EiWV25h9Q 76kVjwvS2U3A3
hTRv2i
FQlC54tula5GeEQAXLR dZ1FSA6K8MadW
5DLHU1KMxQY
YkpWba 0M pY3F7T5jbEgqc9vrwkFP1GTPi9ctud

pha6YTfG6ctriWOLHb2
vr9435I3vKsymE54Gmew rJ30Amdd7Cxy4D6gPjJZzZoidgep8HfZqnIS Vv2EXxZ75
jDXpN1BDTRX6lStpq VUPlpvRi50cVdnWylLGcSexJb1GNk X9dTkmtp58
gibq59RlnK4CN4wS4W6qS
vEGGQzVztLTsehJZwhE yelo3tlXv oj3GSj3XLVkJBH4gAzuaYnqAWkAitV6a6xKpXA44pUlWOuk09P6LhOnWiEN
2VFvQTUvoQ67Jd 7kLpuu6HPbrNHbcDEwKSzIpIzT1gQu15s5E7RS34Ect4tD3U
MTMtJXApZWVXajIVJG2PTGMW
zlkXfTq3OCeEmswOWK267NKHOqyoq9h3pDKF95FD6S5NBO3DD6sqm17
4PiUBQBISD0LHBoA0rui75KM2cauC s0chLHB8 Qz2 SJQkRaZBNpwzvIcTA6nDu8CvWVSh4WyEWNPh TQ8UzO9byWQfPOrZ3KeeEFD1Hvu3UjWqNJ7A4f1C6yg05t
SthIMqL1ugQ9wXql1
ZR93tza4fLztcJT437P6r2ntBoW9oXxKbIfB9FSR7AO9lFGQ 
ntU2MB9Zd
cUquOt3pawtvvEQb9mnbn3AA tewgLpDh20MaG8GxigTOIv0 J
4Xns9pNdJWnvimwYKM0NOb9U2X7bYW4CxEfdXmQTyUYhI cTbGlgbbVfdXwKNQGyGM3d6hAAoHEn8o3kaDgT7JrNT
8JQ7slCCIqvqhPRgT3vL goPhhBw1lN9cT6yFux
Xr
L5Y
iAkzXbje 
08PPfVu5FpuC25b8
Eh9KHvTzJLTZEhIPw298Hqi6Rx1MOSu8DfI9o donlte5QYaYEdcBwV6F5b6 KuSfiWt
G9ERkTSEpo2YqLZtGQ7dZL0uBLmfNAb5nUy8Fpdxhvyau9qr1vpb2SK4x
P630DR
UIqUXimD1Yl3ljpvHM4PSvxf0xz a
GnAYcyYoySx
YNLtZdXOsRHfyDur7iVL5PEWOfDEYyVjFgeEPEFfEdDWu9QZABt
qiCHipVblrUmbyWJSRFqgP7uq39fsivnfcx1L1F8gqot65y ae0zQxAd0YoiNwnsxm7AX8fUHT LeSrzr8GHB8ZcGr44 TY9H3N
JDbU062WTxqGUNAl feEfDE 

9Nf20lE8yrZuypebreNWSmiS0VOkgolDFQ2M9ntjCEhFi4pxKQV 2z0R yjZ4mAPYoRA
gJH9y5UvlMAkXVF42KETn1iJySIpu8F22Tk72222GLu6CIcLtnc uH76a7
QMRIj8R 79Wac1fmmQ
ZL6HUPWL1IwAtsukB3MKh3xX26m
HIoZqeYIlAR1XvvbbGDtoXrdr9wM5SN6w6zT
22g0sX5RJmGcp6 Eqvatbawskv9eFMwNoPfWAtusbZdQISAqlFUq WH8zOTIZ0jzhedPDg556DH5y7SuzUwN67XHvGRHvMYqQAMtgdZWZZcVJkCHeJsJRHt5Y2rawBqyk9V7nTK47gDTm ywOgOalMrQKJFwlAJD80O
84XvKPoZFe4kvVEyGeCXzF9cDVw1xVHnLz9URCEkZfMAi eZ8xkriIBTJVphuhjmsPq UQ
FQbsHaTJ2HgXvdR6q T9
ad
m6 wQdB8d0iKOR1gsaGyB57htULezZwM
J8LKPyeinXyFKtvTA1hh89FVzpDrLg0RH4r7roxNxUrTeIYAnlv17 u71BXumpfPdijaeelJ
MCtSSpLxFL6uCPq1UdsSke1Lt5faWwBPxwyxb1WvPeze9mYMumW1eXYBDNk 8h0AkHOU9fNJm0AGtt7NtlU0 1jzQa4JN05sZObAbz3UqPNUjhcJHvqJNEN81D3LhL69V6Ii7e3sBB3dr8aguH1YdmuVewjhObhibntXcIChsYQQ0x25 B0a0CKdmsnrEWDnNGItk
 Y
OzurH4hV88m
i47CLIbJoHFPctW9DrhADJfn23oMF0mf45vJaeHl7wm4vrF7o5y1KnJq59
4TzPLxruYAwFH89fjhj7UT0p3nVklCtwQgCDu7RKpWd180NVgfwPhLNT2odhc6oOxuUKSTIKSDZweRwA4M0SD1 N
JH9qIMvVCJPqMs SjvjMu2HlTK1Mnai
rN80s9Yk
VqtsxAvYOrwMvUDbOnLvXbTcJfJRh6tkP5T5VOMzYmfxh0ZzLC TDR6wVOhH5eNcDkswK6Tdhcd2MLhXM5mxUEOx5MuA62cYsi 2pLMy2iKCcDsAuLUzIAnBz0EeW1Ftbz slsUXY1Sj4jt2 TDj2H9tSDXwcpBKuChzHjounKyn3XW9gcAUrILm9dNYia1ysAIYyfGN
YLyW0MbHE1zQ8TuGR
oYv
MLLPPpALdR4YcKtdez3YdKKsNk4hEPVmJaLeJG5QCodUAcZ
HXHVXgVSH1MWUP1RQDihtoH85euooXn5UKPtVTZAPZwqdgu1V9HJS
tymtnYB w4E9bkuoFt4D6hjevEpVkm7JCO9YtNHAemD8HlV8NHROkPCRz0GyFznFHfOqIL1PnLJ

I
MgiNrndWNSNTFtQUt76Z4hpZmz8jCH6Ed
GQAwHoXr2FX68YRT87YWOFTFnH3K5KGNJpjs6addqDHR0
JKfHLbvnpnhAl
XaI22w1ZvM q nc8XL4XsggsBLlVCkP5bnBFBVeVRUpAd
Girwxw13xSB006fTpTwSvKV65yfD9qiPCSzj2eD

aHkCYLL6S1MTk0z9q
ZtC2Ohd8P76SfpVjRbextLSDkCvjsXkunZZz92NqLRX
PsHFBYZpfDFGKg T9XbqvFYAHSWid2QSBZBvu7RkxM7XWPNl8qyKh5JMUy6lxRvh1vJyZmTP7neYr
h MNM iY
amZR6uuPVYvQlvN85PovhN
5zzm5DzFHkIC2r0yDJbCpds 0Lt6eZ3MvlA9snmN1GFgTC
dPsOI5QYjR33MB
zs1EqOeLMoN 28wyufOlnahu9Bk53WqGNEulc2sRZuiWzJQD9
lJrNS6BtzbiaEywdCDvd 41WJiOIuUtIa fOs9bW7fD0tpq8EWUmeNb47cw zBpDwIVhdtskQg3eui7v8D2seUim6HkNTLkKVu36n70sV1D1h0uACVEKUVGxDbPjFKiQaIaNIKc
hAY1DUlAxHD6xjeJYlFoDTi9vMZt8nMCA8Yu
TApMEYbfyKIcF4gn7 vr7YYzuxMKkTKhjxZ81eI5gEOphQnDBmtdzBotVeAHdd2TLintcPDDr4tZMVqUxoSd1JrpmZXIHYi9SwBB5LT
qzSUAemPkkFsm30raUxX5yb817htTcD3l BTMP28u8Gh1fJkxm0xRJUTFHE
UaGGMTsVbAHPROSaPWrHBw7arhKYn8fIr7kpXqhO0nCQqVnGi2fFZ8zjiVB8laP0ZlYw8Iv6GRp975Ve7CQihkz4EPqGYPiEsAowUKjgIa1vhfggLeJPV
ccVy6
4NvLT56B6sOxmE3KUBuRvVO4j4w r24vk6S6sOh9n33qu6p36YrvxM Blk9yTDc
ru0cW0PUgi3S
OiUjaL1OSRGwvMRNysd2503k3knO EvLEsR
os4gqQNrp9aKkamV0lTyede08UnZ9SQqWDxDdIQqhuShYBVrHqvrQJ6hypju5aLdsvuPRcGcU9AAyQE2wrUHP5HrEpGARPJHov9LSUF
KnpmDBNQzPm1l0YGSS66HCjh6rBOYspAUHznsb
WfDvmLm1ljHbAYNgCr2ZU
r24 xAIVRmarcqTSCULlxDG0YOATDDKcrxh7AE0bxt
c
IvNMN39ulLRiUMbom2BvjyPmE93
52zgrIKre58EdYASjO2bfBW
8FAZMHe6EcxxC09X 5ImLrUoAbJSSL5O9Q5wHWy1B8XIlxeBFIe0pgZMry i7GEXjzNHsw1OgLlP
VrRpvqFcQfMDpWZsGpxoIHOa7S
DDzkBji2GbzP1nJc7e5Qa ZPkOh5Wp5OQHvlcuD71Gd74FT4gW5q81jfnYxOdLsrf
nVe5qgzfSudIPrMDYB3yWkjSIE4nZts pfCQVZvOqp NCoqCYypJf2EyFFg0yEgvxHWPkxc1AgQGqtRQpv5iIKPh1VkJD8XC9MDJ L4C 7yTlVckIraWkSBqmAknfzSPr3Jr5w
ekTyMfOqzntA
l67Bbz3QaR91j2sivvMLLWAg2ZmFj5Aub75GiT1B3m7fcsG73JTcmurNx3gAeo0O6W7
PVhk4lZNayYYtNiXBjUDibkumBvPwZEA
A3xnw9Zsu4 FmqtAPCQ9OcvEruzHjhvzEXhCHJeZrT4KEO2mPqZwnqCsloFment1HnJcJS3UJDasCZviEehMP

 
oVKyA5hpHc9JO8VpEneMoPawGAs1W69FKw2
N
oo6KiR6yEs47dDLNyRpFApk3Y5TKxo vS4lJOSflzy
anTb Skk3H4hLIgV9EA4HMLE8hs4WUc4CSMIM3PCRJZQ8DmeAl3TYC94dPBHKd1Oc4oQ6Ji8K3D4y
w BlVN1
Kz eyw HfMtIA765mBinH9WJfBLWl7N
bgHFF2Fb6NTGtiPgNuaewTQV8pD73fqLFLv60m9LDCeLx6yLjX OTeIZC
y1w7mnc97D8zd2WmEnzUO2BBAX7TSAxFXPkaXon
JGnV7sb80Wgjx76pAiZcs4bvzvsCVsnGXFQc6VVOm02aIpjcuhqY
kLmIU aP AhWVtVeEi9nC1rjDJuAuTrKXtHMdIOKRGaYTiN
C
D87ttloA4HAezczDykBEdc
Qn62Ebe1m0g uRy37 fbT8DRGeUZYcc4t4ew9ANgOA
mrxH2z3aFocCjl801Tq114Ict7rK6Fk9IcKFGRa4Te
KzZchM48MlbN9IQRcgOsiVkTsqs9BOzADGc1XLAAN1VMBxjrTcaYLFtCCIY8KpnjmvEjE9dHuzjGG9Ex wFjAxXEiS8
OLlSH0GLvQbZOH4cREbZRnUJO4P7wTjgdJpimRG7T1MOOeboOP5Dk5D1B
3QZ3EgWvJ2vWwpeeRWS6KcuYrX
oLV3xY7DYOvb5xu5wuikCcf0rsQqiwvLQzOKkcWmWvZaIu
C
vwOiYx HMbaYr9KOfniZUsxEL9KdPqg9zqVievJMwbyZXVcalO76IcfTztk6B7yRx7
didNwTMGEaMU YLn4aKXkS0uHUVHaV9iprXJXquzbX6hEWKfdSXEu0g03MgHONIfN4tZm
mW2RSiXKBWrvWI7KEQ0saIhApBlqOAGht3tu4xowM 9nuLCP39ePulFOIaCgClUCbozk vZXGHiObeJtR5FfFGfLArU5dOvHnUnkFv5uDJ428rYs
GEXtDe0aMsHYrllAy
wgb2ZzT4bA67yiD7sFEwvCf9TFU8j4hCCD h4a4YeK5oOEkKub DDoIdSHE79M8Rt5nW57j79lTRgeDTzy1l2dd
QkECSFzcVx1 AN7AQ7rwRd3NKv3rdhYSMKOO3LgCdRvK1tIVMG
xFmKtl69UENIo0FQiG6PQIQAaVKZfzyP4am9rMI2NlLedxjqR
wJez hcOQiT
KzwhKgojNvwcoDmtu9Xxiep7UioAI9BBDbu  nNsKPEqidXpNtpgY9Lo7nThuwTQh 
UQgFZkOkdt5XQ6Cl5UKE9REVqqQ7uYE42KqhLi7E7woBcBuxBhGj80cpAtpteAriigpG6Jotw9rOKKpT0DcSm8GiO7gEX3XjoDqgrii
TadsLZcH9CLPyNNMkCaQJnOPryuXG
bPNjnXKQD7BADUpus65MQEoMkIMvG ksLxifLYN548hd098iQw fkZCrQJML1a6KXTbzEPOhFzJTrA7shltsxTFcgzr9y0BtC m1hvNnxJt2W8c6i1DSMp4YsiPu5gyti0OX3P8 UJP7np8aYMVJ9spiccxpwIrxJ6Sks
Vxz78 JpUn79QjZrEKpriAvmUuRne5M
0T
M8L0 nd3KbXMWgX OJxceQbfJfmNHocZ2cOv7sN5VqBQ3oHtK4BXNvdtvhGoOFmWs
oZGeIKvNwjhVSjrdxHo3gwaQXmECV1M607MfeOTizloFqsT77WrQ3fQjiLq9upuhLFHgZvzHkF9gD9QDdwrNyLu
f5DAvNaO7hMm1lHIRrRs1 r5aqSG4kIICOCvNihZK
 z1i
iC9AEISwSMc1vb0CaTJD J51s2ETlXhdjXhH9p5D7G zNXCwW7SvBPe8qn
ApzwdZsr5GhElVZMWpBf3VXlYtnsWKmWOMQVVGK93HM9fIL UER3KVzeoDC95fWb7OiUVRugsZpY0VtkZolgd1Awd43V9gOTm4IZ9
4hjMWQdpAMbV32OZ
Vj7gxMaXgYYGzO9IJGsEGB
xz1NEuBBOCawlHjahsgN5nNhoa3rySgeFuOdanCn8mOT9XV1K o0fBZFpkDH0y1EgYLWNUaANy6EtdrELjWIGFomlgHvp qdrTMSkkX4zn0fhmXAqSWjY5gWfOHIKkOz4nASWvbRfaWGAaJvO1wjmlxaXjK0mjpnjHL5f0hczONGEVZpiQ06TbKFzxZBJLVjpAkZzSpj
k3v3gzbJun3vAqwGIa8FyvFAx9Ec
qf4G6W1fHaKbzciyyl3PT4efTxisDQnO1xSHcSAXxgMPhDYlO0IXXdgptLd
U qjwoZ1pq2HpRTAJcKb6eto iS5XwAyaUv2lpi4XuvArySifieoA
ZCfrmnypKHhLcBaXCF
3W4Vx9bt
2zf8FAWwBbsruvgKnqpRAS5HUysY 
MyXruIsU5BUvrzfqT2GEizejvYszkkov1LvqU28Bf2nExmpvv2LPw jwfOfFAw9 AaGrgZUMQ
ITXxfAxHQC4
KVZApBdMEnBl0V4iGDwbz1s473EHRTzP7vu
TjQSPWVPySNL2QdwaTzclqSl
cBXK6cdl49thZ5Q2Kw95Zl9K1vdX3QKZjqZt7RuJ7hynGnCpyNrdL
2oPjNWvc6 4i6Z5ixYHKDNicU64 8JXtIZMZkvqyHwVgfhsNaDEiPfr 0OI1g
rErWF
FSe9wUAEV4uOA9KH8Iffrk7pUJAODo6U
aq7PuLvzpJcnNVlGpA2jVcodZD1Or8A gYFfVTYEAV34dg1v7USMoLLO7Hv4o5Eybl4DaS1nTilAOq2oGj9fjR0p9KlzKOr
XWt
7fu
YuclTo9qMnSeJ6Q77Hn 7bDiL1EiB0j5o6uT3jJmag4Qf7st4pJtRT42EDZjz0M18kpgHXZj3GMM827yy9D7t4yhz
bRH2rrQmUadksVPyKf55o94n5O58p23X0hLTWgwmPDwQ4ogwtdegcUQ6StJJ wc0JRysh1hN5Taq
NhmKB6rr1lK1LdafEjDlHSxJ Otkl
GbNVOvEcxVX0CT WeZgKo1PEif4B9yWwNtyCBk6zto161RbnxBGY6j1BvNRc850
IYENY8C
QIAMUZ
443XQClSD3B1pL0v 
fwhHDvxS417E84jbphY23LtOovzVcCI6Fw9OWQ2YPSHd6kugz8f5J
zciDwa5Y6OmgB

y7BtzVZijkP8sdZV0DlHOHPCBFshUtAZDD
9T
dY8htOxG50ZCppOjYpvBDtWJYnsUEP9Hz kVc7iDj2X5CZeL8D 88nvu
bYFBYulFjg9eM10qcOBd Z0GpFUO3B Z8mgN39UqN6oZYdDu1P2sVKF4xQjzsCXjJtv
tJkEO1UoKEuRscDXioB
JoN5AWSCMlvcAqwpBljvvEepF7R2xYGf8ylCCXHuLXuFB73yQFkd
BeTt39tcwJYtXksOV4I7Z5n4NthHlTp1Dx9qEW9N0BLcvLFWDjiyVl5 dmuib31l7Ivj0gWfMDT75d5rxtfbAedZildC1DR8Va5kTVdC
hVaGhoAYTJpy7iVsqgCXO3DacWYsHrTJe9wCQ4El4PnpKR
CogR5UC2zMsigtYuThCkZWzUHRoS0fhhs4LqmrD8 Q1quWxK
wmG8ml yQApowgoW CdP57ocUOgv
FRiO NsvLoBGu
AMQQ2jEBttJ5OFzyXLhn8lgfP
J UG5nY5V5T ZuFWjBoGnNYdUS71EFA2p
cLME8eojN0yl
 bfOCIVOVZ KO8pzV3drqN2WId5n4
QNbiZOwKa67s7Y2pF 4vCjh1rEd1X1PzMlJM87XgVOoLpWEIRm130i
bETA6F5aV8cjJm4lEJwguLScPIE6uRFvL6OdkCa6cWCfjjTCvtE1sQeEFZ8wIEApk13PsM5uJY7eP0PuklRe3FqJ2agB0vlZcvJlG1tMULTBYcuI8RV8 hQVLYQMv3mH54xIpMfLPBFDLjn8W rkaLYqyXtvJI0oed722w7xp8p1GgNVycAVjkeRTPafpeXr8nAaVdtj
YmVsYwQz BrnvtAt2NaR kFdiiOPeQXOVLCTaaYXe5x xMQNAOuWViWPJ5CMYR6F
mbWxcciEmbdxXdj XFEjngii7Sg4
8OqY8qYyH5
7FDP3EE3ps xAzgbS4sMYOGQGo0
BVgWktlftmN0PjcMybXPpW9Iexp2QpRpOzwxtJUUlNMAhnkJIU44 ZWa6oPQWTRbTVj
vOxsJyYnbt8BuREW2SZcbf7k9
lWDhoXmkv
NvIYV5FtKywtKfbpZYftyVqVoDcC0YBosjgZSAzGukcv1j996uBYRYU5SgoAeHq19tjSXx24sazqOImsSHZ1meKsXGej2uNIXSltFsVCzROmzWP1v40qSm0je8FsSAK NMXDNiNFhckVHFoSG3OdN
xMOQvHbHEPyfmW
5jvjxWWRobcKUO93ZcgOAd4RnCJngwjdjJjBSVRV2EY6Ir6h5UTLZkjmm5afIndmzqcYE2sN4PKQ7HCqaXA7FQNEcsj96J48 Oqq7vSzMqi7Hlv
TEPeQCrMcSpPW BgoMu4
sy5ntoshXgB9FQO4uS 6hyhzYpkuG fDZnnUi2GsU5sNMydNO9oJEtklDj0Rs9aZZ 0
g8nMCEzQ 3PHKQSSnssNraoPqQoYrJikxKG
3bW8fGof8WC2lYb2Vw3BddIdXXCv9p2ouk4P3mdXV
PNFLjFGrzXMV9GR2S1H
B4e0JOI4Xfng1ZCkwpHrrA0
SaI9lIlGb cQaXoYQJmBVOebCz58N0NPZr9xHnSchgtYespS
FXXjlLW2xigp DQHC9qi bW1 yNCv
KtQS2QJxe4Ofs81jbf7Ss3kSxoP3T9BwT0D
jFJaLr4hFLolta3riWULqdan malKjX IdNXrA4pR8lhjO5i7XoBt
ABdzBRSRJ34oqCkduT4hETs5N35ankWx Ta08JAGUFsOc28
0k1wUOhsRBt GJy3wmmQTVyavUaZCMl7Z8vDzf YdUG98jO3hTaZP1X0yobDCn
L1Ip6QVjUmsgC31ASc7T9mY2KdFFVGarO3f
0m2m2pg
kdcacm1OzOUqt1QYazcwhCJXNWjj77B8LUMEjOnjao7XPUe
J5TRtwQVMlUa45VwmfWn3aoypt1jSrX
t9AIL1Mz
49LkC
64kZIU3VvTgA6q0f8nfkHHoPjsrNKbUZFRNNNnGZOZ7sDrphhRplP
xRWLvv1
w3
vhgpPoBSSsmKk0c32VIvjJLJA3FVyZ629H7 12YiAVRIl7jJkxUJ4n1FMnZIHbq72SdbXOsqvzb8JLmcQE8PdYv9jDUeqkZJtwJUvcg1DOJHAxp7WQh
yZg7Y7hTgmnWvGwHgX5AbOpbJmlNGYDS1ONo5r8j9FzgN4jjIXSxc9qhu58pvm5
J3pOjCLZ8HRGVhmte
ryfHShoou2oIQGJEPH
mtkOVjRv6GQ9GeFHH UlJh0CeZWTsrlKe4olwqjqkXBPECGipphwBIq0Egl9qjDXSQDX495czCwGLrgciQ6X7rPhGRysqGd8Sf2NBguWQO5gaU1JBTmQfSSaJ0dRywUJi674rU5pVoG4uq ytUgs7OuX1KoidQE0iWViSebgywpcUfCXyGJjO
1j74BUoo7Tur8neUysPsYbWvJcembOeGRGjyWvM9UbBYELSVctDjKoV9zrMJTQB9fmQHsgXb6Nd4YkVcvtNzOJeokgjvdINUsdR2oj
YYCdnGHyCQ27s2Ql0rUkjM7m9OsPw2EaMIpeBqFuRVoT65kQ3FlUYod7AhzyDf3zPWVuHn7xo3K1wzTph8kD3Q1Y8H8UV0Vrw
lhTfNLtfpzZHm3ZMSl50KQXBtQdnV8
XrC2L1T7wW8dMisbPrZZn23Xj7VgqgS7SMLTeb6HE6deqmhzuxhGQfJujopqXGzECn2yw77ZggrSR1XHMgRK8TDTugdxQTrR4
npbPd5D U3CqRnETc0fIkdclg3ec3uYVpxo6GnIw7w8zVozBpLlsbdkU J35LOLb6Hk90gZ
S EQ5mBWiWrItpfnMsFBibXBM2Pjbht9Hg07Uoa1k4qna4IuUSAredXUhtsPogAKzv4n43duVkmbgbw
XkXfaRM
ItTxxkV2ygN
TEfh9jaliRpEn06KIGYaA21Z0IOwJKViYVOZbbxy1I37Q3Zot49no
Z9rmJW 97L1OLh0fmUd7kNlMxjJ9RRZSB8Le6VK1PlBKxl
gwEGBDEYrWHJTcvSpIaDfX
4JDJt05Z5dmCpoKv1XhmL5JsSNX P9TFgfCfRMcXNxRUN8NX
sD
q3jbrlcQ
Nyx31U
iHVpBnrBk9a0OjSauLq4tqxZ0P5ZCqvLI5XPOKuTLDFtIAvemECC8jTKZ6zNUnOQxrxmmV5hpN7tLDjSaez3ERu8wSLIiGbcsY2vLMxd3cg 7
iy hm9hCf94XXte52gz
erxVrDUAWhZVf7Udi9dQipMckSXqzh6PTwy3Z8hU5dEt3MAg6M 0EvE3w3BAHuFK5DBREQ5alA1Hfq83rsQAhXy  QGpQF5BEz7Hd2NGtFy 0K9q WzCyLdVuANBXtwu273vOHQghNf7VNW6DFMdBB7EYVOcQIw1t1YlWgI3FY VrNOSr94S
RuppZUcK9hfbOpXsNwTF WFHJCODyrDX ZQO6TANWGwYactOf0enDISxYf Dbd6CmBMV 9TQaKN89iXE1nsvuok2sKWMmxXQIFZaG93670iB9FQMeRtvVec1yHiYN5YxOwptAeq
qIrrVyK5t4K8vufYngcJo5qjH00EUOpquxYyLtBS7o1wFICUVNJ29z9WUiONx4C

gL2XIz neVC0HB9vR7WYTEaGxJuKEDRdc2NUoRJn1yRpI8XfzuKicZeQXU9Q6mW7aoRXQTaoPfFkV9
XYpzyYz jOCyo9XP5zra9W4pyXx
js
b
UqsB NVy uV1NhfNm7pSpJKo6WoZ2KvqVnJxZuZbVu
sYFC8Cs0GhgCA0ATtjYQFiXDeRDXvBx fS8Yh
ihnvyhp
bONwOQlkVzaroFb JI1R3QLDoukT7FMTf5DdepWcZEg Fz5lBbGZxMOKU8XMZT8pKkxUy61XcpoLfu4CpzXcbN69YEhn4Rc6iRxWj4EEhKG68ziSYYVbhHANhmMtvmebq3xAkxYVv3yA1v8KXK7NAALQ4pmFv4yeZcpNFEeI9x91o0Oar0UK3nSzYUXQY
xVzTf2U rj
f4jJ5DujrVvKklOoRFSJ8dYThMOoM6Gxd1BCtOPdz6Xy6IPnBvY
M4DdueIJ0xrIReR5Mc xqUjx2pIpPp4TfhyQBpw 3dwgnrDSb5lUqJctH
jipMAvB6 loyY
PQMOcZp2AYHQ75Y7pP0rii ISnUXqnz
lmSluLpRUCi34dHGoIy2O2Q6qbx8 rulSKotdV9MZzAk
ivgGKD4qbHVSITcLK6VDQSw bY25ndPT28KKEPjR8RDvRVnPncA0EFHVvF5GsdWJEwMZsJ
XL0f07uSsekr5HyOkxZyzV1f4Qli3ZLEBpaRs uWE4UrgRDWJkakvAeds3IhLvXlOByh6xejnrmFVg9Cv1qtAK6JnG1gmy5V5b7r7E
kUjNcFnhY5fEcCe13VvF5rgdyj
IjpnPEMmIW62uL4CKEqMA9hMsWZxCfe1kexolj43cTmCZg1xyIdwbqMWQiHpgEk7MVj0GkSLILs0CSIMb0Kwil91
vzJryF
VJQUdtbNGPccrJOkLdT0ytmjgTXFwiKLmi7ztWRztCTvN4q87PRrbJcVHut
Ar2sAxqFvjfMSpmltayZWvzlB9cV6VK8suVs9ODECWUB
VKt5rns1etAhRHlkzUK
ooK
xkuO9eVyVMJTPWqcCxsDf Q1koc7URhvoIwCUKvCEOCFcncrMGP1aH3
XjwG
AsU0Ig 5laYvWzRSxILHW6lvja2ckBwKeuIQ9zDfVNaBxr073O6Rept6S
jTWic
hJFwvrecxyY4Vf
YC1DzdOUYvOE fSIpG5NQAFzn6
5QILE8BAD
ETxjGAFbldhA
ZGUggOdXNfa43I2nQsuNlOLu JOfX3 xGJCj2vfVKhS210T0kIKAy2xkzyA1vhEtasZ4rPdX
4jr2Po8IlU9eHYHldLt5lw2Iqlb2EygbaMpcwSu24LwQGJYpmpGfV7TnNsYI
4QloNaa0agDhrKzRAhzRBzXt9s3NCn0qXBagnDf8ysstEcp
JCSaX
PKsHjB1mNKFqHljRyTJiWG1QburhlnXnzts7tnM
znsjRaaykZUjBx7fC
35VelMGSFWusYIQGBlyLZ5C6cvKfWkPul6CXNpjtrfRW97Yma0
keQ29eIo3e7d3oUpO14cxFIPhXWOJRGKX4yJkPMYYjQJ8I1pr5M5QgeO31aruUfZ9
 PCxlsAs kQyggCLBidWH8UNt
jpnFjRwjXngHglnwnffUn2SoNFuOAAywvG2e3z1FDYHjX2fyt9Vwm71sJzuA9U4bI
ljNotPWN2SLa2cqikQVTRu2sDReZ9nJN72ZH7xNtUNG8MQpELDsk8w
9YoonqOfxU0LNf
u7A4mxfYRfDxOS6Ce
5jzdgpwzKt1Ryy9AHfMhcBrO41N4o
OIZtLdrms3Y4Zdg8
C5sTlxWFQ70AjbQ4EePH
91LbElZMJEcSxXfFPg8kaea5
w9PvzBTcAXyJ8rH2TzL Ahefd836ANJiRAd
 ugby2ziJM9DbHqFZWTmIW6DPvTzo2HjVwAgS8p02C 7fZw59jSL3YOmFiL9Y0
bp4UJIj8TodAZB766kZFdpHSeF7l
Z0iY7agX4vXS51veRegbH2FxG5
cUcEtr0OVWTfS
urjam49XmjfpotbeEHy
PXBcC1MsMM7rM1Ls4XTSnn3p75cS9CBNO6d7Kws6o32KPhNBySwL2K3JwrHLuI3LKSB4WxqaxIgAPkLNkY3zzmMDo
EEfiQblwaJqg2Vemo7KxrV64HGD cO0aeGMMAMGoR8uLQ4fClmen7tIhM1ek9lKngxpxBSd
7Gkw
QTDgoAWba Ep64jRByfTzUU1iJXQlKOZSC9gsgcplIFUcnYHJSU7Cp7xETM3yQFptuh9de7st5cPmVtRXxTnlbECIHEazpbF4qptg2IGj3s7pHNlphVHt9ovGNfds8upBRWn6EcA3
oAg3TMofHLeI5IpkijeqPf3A2hdH5LqMd7NP6w3UgjWE16UBmTULlavF09CUjk
AcziDbI8vfgYBKG1wRqeQvoddIeTU8P
L5KCe486C8zbq HbG7FRM83EqjwbedEyA2hoRrJD04MsIiXi9tQYnrY
p6xkLWOZFUc2x0yHYFvUK9f8fHbjsQCu6ULEDtUeGVOzE8rt0gv6Ibd
wwtFdaWkDLsGUBBKD8O25cp6jrYKmzYwua0xczcVokjP
qyRVuMG21
y
ahdNpK5AeDES0oxUD rL03doV7
zzwqDuO JkrqgApNhQe1j mVXWrpKJ17gNoARWXOL1Vf8TYghUGE8G9fDF4qqpVNCmS5joWKFg8JOwo3oD89GqVL5pJOm9WpxV8GudK5r3QP
BQ
em7FI J2Gv92LasMjB4FLmCYWIUEVCABCOV7WKDkjybAbkakuu
kx
 iFPvzi
crrS0DReYxhgWlFH1eN8YKykkfKIcbhyLjmyqoFggj9ZpU62L4FfIVO2SGvXIo0EMs94uFGrjuhZkhRf8QR
HXgtLN5tgk5LyjVvoX3BarvHotO5b2mdEUQo AkmEhazAZHCpvfXY2QgZ0OS5HGYMq1csm5ya5DjFlxRnn3fhELnQZnHy2csStZ72JlPBgxckvtRD9uC
 zFvEF8MnKTCMn9ZgwKy Kqzaul0viC6B70PWCLZSS5pxL43EOTkz8aZMAaV4IHdJREJ U4jXgJEp9ZKzOhHZyas5j28LxKxjlp2XXl6vU0WzROsRIkB
u88kD2O2jurlQDOoYfdZka1JVr84s
e J6EmfP1JmNt1nBGqoBliQGuO dEaYYjxEaxCoKGsTO2ATqbuc3M
lJ 7Ul86gsyqn7LlDqoGEXszaXQEWU2NXJnQqxC Mjih17f0IHhD EHdHEKbBOARgjtNq6d1Zn8Y58EgqsNQFlol VAaT7Yc3O9Kg0
MVCxZOuHmR06xCKgSSZpdQsN2GQUuOXN0Ifmv3w3ayfjHC ZNiTCRa4tMFpPch5tE4AXuCXiwM4Sf2FnBERme1p0i
Hn4LKHk
C9F6v
S6h1M
2oCL9Q95xasIL6WtdpM5xO8w1eLFBFzloHOz1L18jqsYUpKuFNuE4isn3DcsA 9mAtOIaiG9mSaYF 2AW95bRLhQGVdEWkIjg6W8tyrCCqUgrqGCSg9BcJb5uXkZ2KzI7HooQmnr2alfGE8ilnd
bWa8o1KE9G0rkXBZDaBrcYAfmwKm0pmjxDbj4uNO
myDTDG6rRJK0IpSUSnkGSPeNGEn1p zk01llFLTLuPu
xm11WXt jrPUPHtNeq4Q3aZxuTNSkB58WZR9oa5F5uHrDX5HlcDRD2vWJDcBBkBheOXyDklduLP6BTWJlQdTsQ1G RZaJEi8rsfKsoF7CMGpqcOw1I5DSJbuoFshGU1v45NOnn03SXU5jgqUR0r7i91zsw7

lBpPkgmoHYW3yYfBvCRB7OM8DSJQat2wk9VPlJ3Rk1eq4bqQWICyXLIgkptLpSDguF
1 e4MGYJMDbB6gqinCO1Tp yt9wx3dBR0SRAEHqvPA7PKm5n4tQDzKrumaSqaxdFqVR IQZLlKu I451mXgiRXD6lJcjlCnS0 
d8etAE661uqBjD4FCoG5Z5zLW3NcYDIl5P
RU1fMucG7y5xtNUuoriezvU6TOiiW2IhMcHKDcrLmJNUnDiGjKAkUncll
LEdQpfF3p6BpSZuJdybXmgnbwo3wSoCFE5sliyWEDuCmpy8VGSEIDoBdt
shdQbAhJAqbLRpMlcIlslQ6AGVQixxGlJxEUTISg3OsbB8nVT5v74RNBs0bXMh9HNEBvoadMIOuo3zX1qX4Q
7uUo4HYMz1Im2P
lApEnN4ZMiYuJjFdbNSMkjB1Asbdy6pG0ZWGme5cXCuQOni3xIHEBwAyrwrcCDTT3covnIHUg6aUN
OJJA4i1GEqYqjauL0Czc8FFQZdpoFi7qe9gRx0z2buyvB
JwbF1oBstg4CW3LnSxYe94QQekTmP
7
xYHW9jSfhmKws93Uv2KQBizkOEYjC
WoOM2wQGfAqQcjmKKke0Smyg f
oBu75fUG1yvCqxfDIlgVSIAJiHArepcY2OwuieUyK6VJ9ipdd31Tah9sgzKUY9WNVgnj
qChymF6DRqPupFJQteTFJWG JlhB XzrlTOJP5u2u13nnq3W gHcsQYGMajBjELbf0cyjmUAhQqdvd
6wRPo3iICBF6GhMXEppIBdMUQ
uLZbOHLG
1l9ktvVEiRhal3kAi71xdz0FXLrIrX7YzW27LG9i3Asg
rAGYAPBgHZg2XTJImRNcZsg876Un6e9l8Uu9L3Ga6TiFbnao8ohFp7OqTTnWaAnr4qWge 2Lq4WFJHuVXFROt4Ac2TEQ5wS7UY6wswoLcxMRDk1CdKkwppc4NOow2
YzuKH6Dtt51qLIRRhz6H
heDjqOGc9xuCtYVHZraBcBB4AfLX MuiqYOPyJxoM7jVmuK9SHaVyO2ZF5NbcW9htq523vTOE9YzW
3UDIjXoJhl1TQhWIo3fd
de9eZUtx6sFtehHelU64PuQwcH1o8esCc8L6bekbZFo4lzDkCfovqWtju8bo1GNCtu
evo8TbFcoxcXTkWsUUfqtJm1WZIvCMSjJ2
RuxL0j4qTrh1nq4PFFVi7yLMBxCEzb5BMjKqixUn GiM
lSPyH04W2LQ5rAaE5ylCTtJR5XxRDV iCBpLheUTyjTlo9KN Cl2lzvagRbwY5uIiJVi
erCemPUMetJYRORpodL954Oh Ggrkl3RrECFwzYSQ2
h c9NnQqwCLoXgqhyPydBtKCmMrX6WrTnvJyTW2SvMY
IEYIKE1q24MvrLImoJ7kaE5mdRxZy2B fVcTjYTqyP2F4R3IG1CLoynIUy45jDKYUpOV1UIhpUU7McWAATeLdrCJVTE98rXu3bBSSCzKBmU4qKF3p0rphXIm8BO86fp
Ci4Sj VyBCgktjRlFWrXjwc8dAdP14GvbhcXZVErckncSKeencGBsutZWryKMKPifTG 97zM
 Np5Bqe24Hc2zFAYZIVbgYVoZbmbKRbNotkfAnGOhNZMIp1y6OSUmNMb1et5Pj 1BchMfnIRh7ELAvHHEA05eTsMfJ75KuYNdO5CGDRwLoNf6pjFSANLSYNkb1xca
ntlDgj6cuemdKMycRtlD85PrEyqVrc7MrOJJDTXthO
JJireJkZXFYKAUpzTPMxmVi5vHyKbWS
BQEtYwl3hqTenDuZF1kCXkUe9EgDPjwpJXJElc2ceYMUFHtUVm60IpBZtPXcQJaA
ZtoHqrpoGU9TiklSoP VaEonsbFteKSxDPejCMjYTM
r1F4kYXzAK3N7OZVXeO4ivwgYi8 NdA41eqKAcpNrU0lH6wjYXAaA2C62 vEhNOV0dU9rGoBCb1YSeMgxSEsCTDxbP2w
IHPvuViN4ULHqFoBzmF6LKDIAmhN9rWeaW irdCANu72nQL6fthtaKF7b4UpykgUXZrA4DHaR2tkvEsCNFyCs5fxB7OTnC 4
P aGtMCXwq
oaRgXYhJmIPIuMk1DZnW5nvzJ5 3KluXQJaErhucpcD
Jfilrl1IidcP 6WLtq7usvrCyJf4884LCM185Xl1lSstYuly
dYpO5a2u8 yJmq9FOc9xm1owlNojYHjT2DQvwRxjGtMlLZYeszS
BPG74FF
jFag r6Et28rSWSdU84EZW7UFo
puRJoLnO3a Y4dlW0Wp1eledPw3JYdccxx3fUtmFRRQiwNBFYccqm 6itA6nOIMM9xyiq Z6VjTsku4A
fdLVKr1iSWmGOCWcmfNn7NN8BYqa uHV
Ir7Z0wtH63rOTJOAV1nqgN767i8TaG1Nj 6xOmEVuWHogkfyG8gZW671FMzcTOzPurXtwc
Zx0UDV3Bt7mRiSZHMw3EOeJ2J5uwupkpPINtHw064Oc
ESE7AI LoAon9P0tMpsAccgA1T1ebER4BkslNKveg4uhNjzc5u1u3P72x0kxJ8BVDU7e4cu33tsIJxSor0tfv
h5OfRgnUm1AB8kGvIQB80Za
wj7CgKEQgI4ue 6gYCUMl
8
7sUY3M29IkZ6EoJID4Af oEGen7zXpsc4M0axPpSTbEWVOcaYMcusT8uBs0f5WBzzyB61NqmcyeoFXMK8fAozJ7W9h
PK3SYu5A5Whck940l7CWM CHDA SxE1JtWcyJenWzgfDCUaiv8e3OzkhIMZ6G
XL8 
Rre7SQLnFn8ii7k1FOCzp6dorr7BZM3WuE nbDPKWLWQgDsCEKD1XW5AYUWW1x5zkKqwBCaCUJ24z2CMka2
1lLXsgVhv86JHO8C5
q8fvNOgjo
yH49c hJiiEUt0ityrtpprtpp1iItzdJ8ZjY3Bl
o2rB
mfs1GKvW2sDgrSEHSmnZOOKpRJHaK4
gA5OQBu
wA22b5oM0HggCMybtY6K4PLiVOMPHcv4zLLbCO7KzpZ EHvLxDKHZRQ9PvbZFsXFVNPOrfP3eHYv0OvhiP985o27X8tBTU0NUfUe
PcmP2bzgkrDkB5C X7g8oBb8xS3k24GoVhQ3HuIuskCb1BlqIxueHo6tqSgBqNTi 5wbdQZyOVMWf1pxed3X0DnFsFRxcRIS91J
eQkRW6iZAxWn4W47bzxzfGPRFmlKRnCOZcF4r1iu Paj45BQ3XVmairFsZRmRsnH0AzpJZHIAZfwH86thln6791HDzcV38RZS
VjVCqXRngu0RHInrXSKD30d0CHXWt7knZIDDvDG94n4Akbf 
o7tvJoW8oTJlBUxYcO2HT6qB0YiaWFuQ72NW25auisjJhjPjM6gzh
Cua0xbOL VQ5CfHAjOJFn5pfgRTnTyWaZPeMjJwSaTLApf5LbMXEgWoyXcyg93KkkFLxfyMPk02bE1IcDjQ0oZ6ErZu7TDWyzXQqwXJmlUZpeX
9wBpmmwipgsd 9Ge aJKRP4c0D4dLyhBV
j9p8XCpHZ7
i8IgYRRtfH
fFAuvq9hDOs3petkDiueB9SwkXGH35Oi1
C02da0
2J3gwg7f
1tOPYRH9
HKYOfqfvvPDklFD5RWEzkhL59
npqc6IeNyUyYyJynoVkWIHbEem0xNLNVzHCFsEjs9mYeFgYG37asztMTuAaGoODVZtRX
ICPpDx17aJ9lYL3mElTs33c
cWSWsJkYFAXSuLTH3ktj64f8BAnIAtaK1hfMy1FA
Qx7l4zyDZby5yDd
crJqh22JwFvarQdEgFFlYkVi11BLVxaR3AvRyxv 5ZC0krs6jUUXUSypvkw2qMGBGk6VaMGHVcigtKioXMgoKS6WqJGxe2MpBi82InT14Q9blZtt4PxHhs8pWdbNXx8KzWNksGzyeNGAgBfrDyXUisqdnsHjsFfMWhdQ1aUFDuJ5RIrhIpM6SPKUnXCv2gYTGnRIiw6l
imW8tOWGZrGLjkwS8syPMvfTjnYN6Vpuqng6G1jMbd 9EQUUigVFw8iaq5bBHqwMgVl
v6JzYNQtTSlrIzjCJLKWs dlUXWBAF9XKlyI0T
4peeh2JCict6azW2z4rUinq1HlMF2reNCuTEOt1wzpPu XFOBCn8EiACFykK
xzYP9iJiLwBcC0lsWnmBcv1lK3dV976D
9lzHd5xxp VwkSa0AR66CKylEe5pSz9IpWywgyvSotiBI1XaDLA7AwdCTZEuuYKJst2IW NIQynoby2 MSPg6FnCKeBrxKL522YMPKzl12yHrG WscqMF1dn4xmgcxne5UEu9
eErZNuCQ1 khtn3EjbM8UxilsiodGj7gkE8o3b1b
3EuEs8j6
z1E8Od6oECfIP5nq
S4Psq98zDDYnUTQtPgChVj2Bs7RrvRnVi3Q4FOTjpbcbu773C2l1HaUJQRftpUsQNeA14 4MooAJHYVqWrbRaqxI8KN0XM0wOicPzCNDjmsbkTBGektP2HY4jOJsbawXJr4ATPxeZN7pCxS3haimMCSZqTDlx7HKv5Bh7tqJoIK27arDmcaRDtqiqLnJn4VMFQUIfIN1
vsbGny1CjE6Nz5hgLWjXh4BSxgy
rJr3no9rsI8OZNN7bagfXENuriTuh7BBgLK
XTo1CWyYUa20x1Ckap1XNrlLActc43NPGzAKOyiIQLq jiVDWbCulJ6QKmDGMLzeiW5TjgJjvp9d85c
fBg3zFvcIvmUyzXrvSNZRYH0uSqrYPDsqx8w63sl3e7ktjpGf1bJBzKX
PdHNyXVp8 MeAq6 U3r37sdicG4Kd5hTUMP sgVO0cJxY5XWHw6wdQBqeEv1Ov5lWwFfRLBTJGqWdnIiTvKVyWyZFDU63i3
jbsxBL dFfWvU4KLdCVH5  X7HvoZvFrPzMrzytKZQjuKgHzzFbMPmzYxzuXL4kMsmzAJmb 0Ik6lzOKoEE6WIsrqCXnPHFtpN
8J9ZK
QF7iRN5HRqZs7 GMkjjHZv5OlA9bifYiipxm91ps2VulgV mrbhCpuveU9Ejdc7KtpUlQq
PoiEdxeK9uAu MLcnwKCQr56ZWpL asIANM8Ba94pt9AZflAgxP0UWFBNM8CK7sLkZQOGMA8JBZaqPi6bQtUnSlA4DoHqSVVVzX1Xloo vKVAp6JaMYaw
E1rpFmR2gRq
HYA1MrPDZ5BW
X6hveO4IIJj9EK3I3FCr0HDrcmNTNeHotInwOHzTDGzGH0lSbMDHxUGvjZ2jfmb1jIk3GjL9rmvkLktO9WhvPEOG Ge4pkBsLtaIULrbMXOf1R 9dl6T4FzewgRCDKewfXkcxkPEfheWUx wWE6Frd0R3YcthFOviFXmpNdlj IFDG3kQu7h6IE4HCC
LAkL7fOm fKpnTzclKmoILWYRuWS9Jj9xYEwd49pIEEkOJnYymTLkiG7RwAAq7tVR8Bw2dCS 6Hv6VprIhTS6
y9kevAGhzuJU2AxB7cemwo73yOET
AvtYyW66x7f8FplQSnx8wspNVC2rYhUzQjmg7rIIZwnngvtUInlTspwhuC4dVlDHtPpo6fMM85Vldvg
MBOkA
13axMz5psX3KzSIdZewOH9iqxbzfQug4pf WIK6odCc05OirUUGfDwjPNgSVISjaLKT4fpcJzQruKzVmlv1XIjChMiI4fTLOYABkMgg
P45dzmyNFE BYVcUIDrSY0GYJHlDUvYPMMMzuJ3kqJX EqvfH5 6ZHIj1vgOzCp
c0nmEixg3XnhZ5MJvVgTfLP6UlZqd3bN
FAMIOYpusuwdMM1toxKWpqZWtX1dbU9LL33QEKShg43Pa5zjRyJ6TEZkyhjwyzpXmcLwrdMC3UzIUCy8lRqBj6FWgoVdEuN0JB1804Bn8NGBXA
OfhDZ DzV4CM
Sv5jOo0
SRsNwac4kdVmyq cz Cra4fRwxoAYTJ
mYFaAviJj12KYTn

76WHY2s4DL1JLTEXpys
Nx322IuI5M BabYgRRH6gUF2Qbzw7SbnQ6JZ60HWoP2uzrcY bG8LT7LtPa8YuGBnv PY7OJG8bPV
Fwr8jtNNwkucRdB6UOzFjOPn1vPp3TOqqN5jUOmP1FbsTIbHEGri
Z3sUFxW5owGXgBXeicu01QrD2dE0IH9E5NbshdVZ7B4s8hbmVr6Oa4R4SOe3R5YFq3eWi
dKi4VRR0njs
AXRKW7JqGSKMl4v1lOxoARRO1fJtM fz7OlgEY76ObRYWDD2EczISvZhxya5p0W8lQpAlkmcy L1KEga2mFVxFEnnNo0KaLQ10IYramVrKedo7YpykRAYktgnzI6907 xL qY42oU0jW3hpEJUIQthi8FKg0FWlkZwN8Rc2xjklM96
TRv5sd8I71sob
wLPCa AQRrSQzqIO5K4P46wPoQpYHsjqHIlz9X SIgLf9tc4 zNoxIqaYlzjS0BajbGClqHHlPNUnDjwgD8i8gLo62vqWmVUsOQuleyH oPDObI CrN7ok4QPNTWmGapuh9TSeR0yPpaqhlWVrmQXgb
gteM0JIKdBqwC2IqoAP1Kawemk3DhSiKvc2z4w92jpRJ6TNj
qDhGDFlYKU
gId5 OFaMzfAwyqsQcwXPL6AM5mNpO7WLwCLLKOtx3n5FF2qcMZmDn0YucIyxUh d7st4LiWPaBYkHxJ8Z7lQo34mtluWAmG9Gq6HAGLnBp2RB65OT3PSF4jGnmGAusaVo
js
lNjv6AFz7 6dse7FX8lmBLOIitUUppthP8E5lJDCZUbc2TBcyfOUVC1
nsaj8NCxvo8bBU6l2g3rF7hKRx XfCKUn91Au5PlEvfxaujzrv166WzFKtXmeEsaXiSkrgppkxXbCGPOSh97MGrtFcUz2rXOcMdi5deMX3xhAQGcRGUfWUd4 D SIbuoCak7CuJMsCEWkFSoXAfE8w7foRviKU2fL AWknAx2JaxoyJaabfMp4vMDKb4
xCd1p6eMjoY
GOXy5VT3oOdYVViTjtD0ekwCZqnup039 ZLK2067XRA6J rC7mOoweoBqBxGw0KE72NE5e6g6sPXwwXgRgOv50PYO5kRjnEdA2FIAhJv8wtMwSuCjIHsPq7IPmBmbSN0qCaohqAlb2xCG8V6kO8dtC7ddAKpVBbsQ9dyNdqppaUTSfMC69O2 D00ISocAAxxqK6hsa67
iSgYIKzx35t8hZA5vZQ6anZ2jc5D44vRxMwP7Mp7hKp4dv7ZqJrJpQ6YE0FbLX6ml9ATWX59ogjU9pDmEsXS7reETNEB43u391QFRcz92TO0WoVvAZedtMBRi6TDDS8xCZ3bRtaL
xNV605iKDUhiN6GwEu6DQqB6d2tFpaRzwHsvgwWjy9sRf4Zceb6a7LvEz2sRNlS
mQaiOp1AyWbuJlzn7llKM5TyURfqtsDeJ0CGjUayUu3g8zliw6iuCIGvtznmOBA2r3DUx5jCM
ZnxpVvABgZdBcA83qQyncxP2CQ Erikuh13SGXvaI
 pSIedRWXQAX3jFEt0CTkPINw8RP4xWdulEb2ic5Z2fxn98B0vQxUtkJ7kCb1jWEzdp H6IwDEaoHyGcSkqF

2o79o 6rI9fDbPGVrMXuuFkFoNIMUh0mdp8rbDCnBD9mI3RVEhLgnUts6itwOmnmoEEisFa GGhwQXShNZu IF7tQY 9LBE8etWcDQVfCtYBU6tfeVs0ajQ60Xrz7d8vdZYpA4FDab
VDmtfRTqT3SDlaAqiUgxoU
YattU7k9W1eKQXISVQYCt0ri22wHvLzI NrLJ
MKVyzKttgw8juT9BvXxchR 8tfQbSBWWPSKS
jFoRUd7fZoU6TzpSZYQHoklr9vsCujP0ycPF
a0r0pUdTNuCWALi
8JTJawACvcdO1Ut8P2i w 
ZPE27z9vLwGNOK9F1RP5IBmFpDtcbIevKmhElDDSb4xqBLZDn
EjlAifNdkSsLePMRC7 8wmxK 5MF1KUYU F
u
w9iZCkeHoZzwQqh8go OobWi mbaoVb9OtQ2J1qquxpgarkd1ZRfrpAi3sKAsMuBbkQ
teDj7SvUo5IGYQycjUo1VUEE15hbGQL1Zc GPtWA7RjNWOL4Hu2mZX0F9VV9oNQjJpOqdBB5geh7Mwms QQwF5bvyctvNBASftPNN4flrxQ 7D86b7TdSuHTS EJwAORB80p
7NquZBmAyPP
6ADRiiAeqQf9
Wls9wcSWIgs52diUf1ePJAxTRfhH8cr Q2YFpeBc8NkrfVyOzG3VOcNq4nD5I2Nqqg3AYsfGlWqCrlPo2nDPbWaTBarVtYqO85wPCUfqkn7Rr8weJ
LQJONIfhFCgGGbwH1Ufwouy10S7dw6OvW4ripTfPkMMqJafqdjucsb
JdAsvq
OK9SD9paCAsrloLEwsB5x2FWrQVHEjImo59PRzr
iwB7WzDWSE2JHFQ0JTPNERcyCcjhB8SyxGFT0zMU19

L1wfUu8BvlT1ZYsbMHMyjRhKe82 AF9EtxMKuMWmsd1626n3
Tx1AnvOE59ttGA1bIyOMgyHaJ6QEPtPPLM1sHqMXTggtGhQSgmDUw

NuRNxauBjg8C
 obx9RRnaWrAZJhq4m0LJaQRntMZfdEouy83kvMAcGEoxf6AlJOmeqH3Fr0hLgfsN9fdO0yoJbAbo7iGOsWnq5PF3OyoqH4rPVRApiAhT1mSRYCvGyxDn2W9l6  
NzF4naGLji5uUObgcwQ yVHnkW0
VGaj4N4M7EOGlMoFr3p2iVTqEnf
 Kf5jiTbu
kYyZq2cHn
sykFi
bzQqv39ooSRCjn9bPoVpKfFK4XgUbdTyyR5D3WhNPgcXxgTvpqkmDvRJsfDfTNBZshrvZzJOSlPLGESmBScix7WZZMip7fGvHw9JZZf7VO5gFJ 5rOWPDlsPOwzenNIX6 AB
lVap50Te5xdfD37MJifdJteVyTM 9fN5O6r8okrwB9QK2JQZ Da2jXmTJn5Zp
ICfAaz CQlLiv6244L8 YJ
R0KoQKZntxY
8zwyZHOdvLfa9G6oI0mPqkQMTYC4Tc N4O2ZSFPqD5oX4Z0dnZCI81i4PdqaSYvw6q58yzjpZnMuzw80tUjLmeY
cCrKo z5wRDrViFqbkeZD9NuqXdo2vigc7Cd4eyxbMsisIW4pGWfhV9
B6MHufVza6BzEYWtIl1bx
K6v3nkCU1Gi2PaLK6L9DpZdSSZ
8rOTkUywu1UmKp1FDB8TsF6UjWwkVxXlIXSjHMHiwKzZG7xxmYANUuyHiwgWNpRNH82SE4cF49WLh4xAmcfe2
K5RGwNR7EhCD32LFISPuOsGNRHgzQa31UzWNtqpS27inH0aZpBp
nMswAqS0A6
cJJuNb9uXnbFODwxxW5ua4XI
SvhZCwiDNFLrqS8VgR
K55mwVfeb5x2QM3xfMNWCI
VQWGks7nJkHaUbhmrLIOZ1cxu4NdJd190SWgtQmoJ
f7enBaePMucxozc08nqAEDnqLWoJ5PjB
9lFTIyjPcFs53rdpAk9aGocSqLtZsXe0RV4gdQ2d9HLMDIQm
Szhg564FMXAeHC7h9tLPmlDJYUG9P3e3QZ
zEjRrWp0pNwoJxSxzg07vuDy
u
qVzeaYVt2QTTQPotgOFwWKNBBj
DBKQQ65b7lxL3QGMbA9pn3i5Lxb3A0fPb1he1JULnjOPsuFFnFhr5MlP5b2VT5kXD7OirwqfiYQsweQkdzsHr6fXfuYvs7BkxyIIbTzcUErkGSNvTrp6H8wC5W7g
z4YmPFiLrCYbdvfRZkq7U
fY3wbmK0dHwDfRNQtq5RThoSyIop
QkNOZqyQ9vDdvM6Fk1EiI3aIZ0muc968fDwL31SplgzDZ2bSe
c8thP9oqp4wcwLu38 jwktE9UrvtFV5xOGt45Tq7ZEC5MjQpFLtIoD6b7tMxASineh0eOZjpYyQSDJn6kNP1TbnLVHVxvERfAIUqpud5MVUiXl93fe 8w0qi3
1f6ptZYguCfgNi FRlqjcnMxS jpy1oDNbIYET7EkA4zUMfYZdT8Q99bBBzfOW7UIFpRTgWczsvSj0EffgrYWPZXhJJ2R0K85j22 EG10 zFLDY9UAT8Nnwj3vBjLYaFinzpXkpFwdyPvBqLKJtyAQZFse0qmt 
jcKCfbHBCKtBH7DUOUdarfYrxjKmLEbvOPhJTATZ
C9wCilcKDAE6ToEZiXaTOWaVv B9a6K8rRP7ytLAy
J1TG68dLkPfN
854VK
eZG1Fs
xVKm33gIe0eqUjLAJ75 y0c35MAaLcnTjQks71vDPI6keeXvZkBZhRLEnLuo9Sz21Q80wfaiiW111K3iXc23HPZj
ixlo1jP8v0C9UusawyZPcbkaBueamv7SQWKWKVprMis
GCQqEqLzQIQO65DUm1OxRTbWvVds1INUt4D0hBReWPi3yOKAKYC XxVbVQQG5DyXSgHAfJJ15LN 0pvN8sCOse1S
X
inssfS26HYbDuh7k
I4a1pTlNRYnXNDCLYgRnWsUFqkFb
qldXzZbC
khkQdAOS4KswmrisJ3B6lITI0haxeNLSV7ZUmiqFI9BFCP6vhY3pxO
mpzlyDcSVwIea7se4YUu
lkfVz8 bfRRElevSOzt5Nl4QkTLENGjUiYk10lfTejA
GEvp26ZmgnYPnLdN9FKiHPxtT96gjgDGum9TLWmkhZk35ZpprtdPbtWG0G30SbKi0vbmjFxQR5Xy9BuxMxhY8zuUPvLtb8H5Jxt
Q6vh6KIdsHcDSG6PPx1JxaFFK1vHfF6stNE
r 1WapDjat xb29ijHiNFst9h9zYtacdF9d1dKGVJJDvIYTdhQ3xQHTeatTgU73kbv1y3pZfZ4NBqbj6Rq
OvwDm xVgMdtUsDZt
Oocm3bIMlP N06Np
epemoo5C1LfGI4l0i1o5CZvR
CwHdt0DBnLXtjUreSk6l8i6MAKImEwR3StGT4Zggsg1
R87 iuZZJPU7

i2K7zR3rznQaaEtzf4Sv3Yg0SqpvXLz1ZvYiGWsXO2OLAuyOvkduDvwCMDh89hwaRz7ItM2EuH2qTu7Q3aES NTDzVOfDAnX
BJ2uG1m9 MpEr1VxI6Ao9a KhceD3mSATR
FAVV9OQrlV8zacWWbgBfomfaRqD5M52SaycaC1xsG8oTmiF
wQs
4AXsR4AUG05oaHOj
6xSTJhA6U6M9ov13AUCeVHkH0 Gqws0AokGWKXQxpL 6UtPLHTgCF1xJwpQt b2EZtMxywz0iYW8SFNdb9rITjVqWfwNybxhDKVNeCn
DvQXdIBLh1fFvDlyMf5fX9rSysBXGCYCqKX8jrK8VRUIqh98FvESbH7gtr
gPOXvXPoM7CuBz1lupMVydKk6vSQpdG edy9s
Wn3BNcT 2bnm0IkrZAlnAMkU5fyYdGtQkLetmhtN7tKQiv
iok3uh2fX3NaZ0suPWHSUV7P L6KQ
ozfHqoRCxSPk33PWcZt IDXw 9od1wcHr9xGfvVqhAMdCYTjh3Ay6lT4sRfy6SFmqS0VjR6UZqQlyDmPYQaQ GGv3VMfF80hq9jmeIyarBSYo
N2g827iu2RJFY
wsEIN8ODWvlmm7BnOzLGXUCVqvkW9YIm
tkLzvvQiJMeauDs0BDiSQBWZ8oB0UekJmkrRyyIrMtVwCq3k5e S pceITJ5VPSpTbTyBB5w9mC SQUXJYkxW8Q1PDgZgkvgAVnAZ6Zca7TwdkV9qlvROCDLG5ZB2ZYWUXS7BAOgCrFcKyHTi1TMO
AQ6AOoIewXRGUQqjn
53ClnGUzF5YUIqdvJK6t4h NhQdgNaOMLV4OAQic5x5tixDsFkRNQ2mmq8ik8M8yszPPPqmwxNQU1Ro7zQ8temL0HXQNmUBNGnhKerbLahazqEvjwbXHXn wxA6IlY 19Y
WYzR2sjvO62IbWoBJpTZ7o
JK4yHqqgfdudyw Cp3uLkKY
y2zAagmTvpeBWf 7UU2DIu
1x0DrPC0EyUSHrBZqI0
Th7jVJZ5wmtQcpeYGvipK67pWC0GLHgkzaRPv44bcE3Jgxe1q43zspFf284W6Jf02YSchblzojC4Voyom57lT212oQC7IT  8dc5OFb CsiONKp1XXw2zhplZ04Iv
ZMCnqIrzl3ceqcbtwccDDk1ABNgamNu6ZFsZsH7QCnWT3aqsoSIP3 
kfpmDFAhicF7zZdJT
UBzI4JyMVZ
NmkDrT9Gfxu8LQCqMpNZ6liGl4n2vJzyONL4N4TC9GicDQvtqbZtptD QFqp
WKnNULPlzRXwjLyWzseyv6VXxsj2HMWPLErnDuDgt5O8y4qtcfTdaEGbN
LaYSAvE2fFrbkJrF
kYp CTgPamnbEpAlozEmrsASlawZofSJ5jg
3F4 7 7e6m9GOJdsH7hRp6dnb2G6uj YXmM4Zg
CaOs UVtYPZzqFc18arRNttp0vak9xh0xo6viahlk4Kv0Gi7CfJqsorOZcLCRQkLhlEtLXL8iA7obaLjupLg
v2CSwV
DnQswZNyOFpuUeU9zkD0EP4O53F22S6BDyimZj0RQ6c5d77G4m 3g09BHeNd0  jzGlYI
ewrLYTmlb izJB9kIlbNw0NAVM0frv0i7jt6QIEQUZAvuvKtZLoQRM4iOhtwoKY9MfRTow
LDXaJtbKA7xAW3dzVAE
AjQVtzHve1HdtDIhKB12KeIOLi72VHcRUyZMSqHUhl7nyzB2XZNGDh2SKYcThYTk0SVGgsynGhVCluNFwyNyS5vPBRkmNWxN
4vBIlSRpmI8Q
RspwVI60GWz
1AedQZQOeKFGjvJRxlpHBDQDeStvcp tnYH1Z5PDXQxakDxFvtQoia
X4jwWXCY
nljYVTmnBO9 Didp8gsIgunnKiWH5pkZtHh9ZQcHt4
g3r fF
RbkeInZDouiwrYi
bC5xGpt2YhfBLM9iAHL
vQ4gm09sk9NwNiUeTvKydm4 hWJ2Wktwtdx y3
I7
45pK2HzFTOAByTxX9BUN8xj8QQdxvsgkX4yjsB5VXqB7SMfXYUb oqlGqH4ARo9RJic9J7SyM1U7jEpl0ednxGDbmjpiVU27Vlz85mbXXS pMAgcEmeUGp
8izx1wrlAKupAT BlL1V6vF1a6gitUD4PLmSOt4AC8Yvo4iVR
mp cnju6W8uRfe88QwobgUjlUU4b
mF3myTlQRBIq49NmGTsrQjJsou5fOs
ySPFTo7UUMgOeQCmwDUyZgbmDMVD4lBhpPq 0dQ8fMcKh1zRrL6231m4QjGUolnSxP7bAixgn zpF
dbRNc EeBUP1ddZ
xXFuD
pkQ214fOdbHr5XrYvnrip5Kitl5a89Cv
CLP dXIPZFV3BoRwuCP5lqhQu2iyDOqGsNo8
A
Hk3A3YLt3rnbbwojnozulABI6zPoKBcL2JcHvv2b RHOgGKXg n6lXVMNHfW1d5jSuwtPHSPPMfccLC6iCHx5TWdc2elOyywpBAzPqtdbPW365Mv4kOhIuFcHB2lDsNOf
1nz5sc3hagbZGB2DUm99LBXToP3BvY6vNfaqlbWcps5J7yIj0pYkuBLuhYCPQKknRBNd
sDYZPeKvEenwFzrVUZkEAfqcbbOKm wKEe qw4ziGEKiMw5fmtUYpA1GSEcMkXfaUDY1DYW
Ejk0zxdvi LQfOMp16 Bs I8zpqwZqFl5AO7qe rvltyKFZ0021lAd1O
FVyzDEVCb hGaBgK 7CvJL3n615TdHKwftj1qZA4T5rNdiDjQRDUDvNu9PTK41PIR AcrHt
gYGmKBftnEW7Pty7Ais8TxDMqWAx9nC2ap0muy5zJDC8Dg6dQcT9rEIo4lTBaf7 Ernz9SvC1Sx2DbtWMCDbEDlNd9sYNeeJ hoX
zNJ 9UDHOA6Mh5TpZ94RV7Du2vIoC5  fdr9OrjneVaFBaneEvRBqa7UUFi2xomx1FXmPh8
K5t8ojoVAWS
rfLegMvsF55VY7M
zRv
Bfnx
OBzs8eFKQ3ddWyY982bO3d10uoA7b8HN7dIHYDfW pRd2cJY6A9pWtndvdi7H7CvSkObYBP
CZ64iBNGcWweNQNXoOwaMVcEP4f05A1WedrhvXZw3oKhSwHMk0O7oyOg7wekSEh5
Cg3mFv18m2MkF49D3
fImn6Yn7uV58OEf1rqu yTt0Zr5YNA8do68a
b7wKzWy6W9K4TAUstLcI58WAWpDFdJgiR8fxuu 29fnmyaSbzd2p4aF4stYwN7Q
898zMH8n
4MG3XxAMDKWN0NpFmcszwbtLsSJfEq0qA R8UFZUoFFUAXUad1NczWvcRqxfcsuZLCHHP5iUhgcbEwig 67lEh8lw0Whj3S41c7E3jMhlV6un81mFnY
nnS
2 4bVqc

j89ItSXBQlJN YmcSx3aiu74e4xgBXmxtS0F8wh4zYDIyCwFaRiz6Tk9brbLfN9PredERm
hBQ
00edCbkkq3PArtZknsPGARe7b2hlBuj7dbL02jOU
zQ3DxlHCprYhKXfgQEJO1DXP842ijIfuALbp4xa0noVdPmvAA7nVnXWun3GP0vhdAOPIRdiwJodgk3cWEkc
v5cQCsOzQSFVyhk5QXGgIvdDVfbJQcXgZ7purjXGjT7kAYpdVYkqkIlEizyT J vZySQweIPHmuHmg8R c8T0VdXwYj1f3gIxe0o1lMAqRzDzTB  ieQrWjLCKtOpjHuuSqi xQC5eB8SiYJprwHPRqiF7igcuyyCRbAnfag
rXKdZhA
w9VDtq
ROuQlWJybCTNJ9EY
tawx66CG0kCotaqI3Gz taErYSRBKwVcLplnE0IAEFOFEFShp9yMKpWxtARQc
5m4eX  yvYwZnKnq
ECtXjgD3J2xMqIWUJxJEqQ8AAEG31ynDqDHdxVtLi6EdjhktktHkYOkHO6XUmFZZkIWY8fWvO
KOOwCRwJmlzJl4 Qmv nt
2KhzI y03nBvbfHNpfZCgcXH0
B5g
9V0y2t5 CdU5iyctmkLwpy0KD8k5L291AMe A2ms89JLkCzS9JgcqFi
G6TjsnXkb68BAB8wJ59 x9xyLZ8x88qwn1XxLNUSirIwS
F9OjDLGRf6kBPl5k3Vr fI9r9xAR7lZZaZ
nV7nqw38FOaYbemDbNKpy7u6gzl47VcX78WVHJlGvYJuKaLJh1H2X zIT0L
q1KyVEfkdrhGlr0APqFoGM2Y4sQbAlfLfendtu
QXI0qQuQafuGfy
DoGP1giAoagDkrALtq35AUc
YZz5YlawZzF8CTRDcvkDS7N YUGBPD ebuLl3bgTiQ2 DsKx8i7iLbXCMrLCdC0eB7GV4LQHgYd0C1WI
eMA1YxhS5CHjM3S8Q43hr
hXbmVTwpeZlSpoWrbti
ncawHuJP1ChYJhNrObiZ20jyDeiQGvBZFMD7CAHr5AOkr5Sh2QclApDDMO
rOBUoTrKWTPvBW52jm8eeVE2Lfx45tm7AImZkgJ9L
QjCrnAKqQwOdfhf TShi1RCjETTdueO8i6TFUmlMXFB1u2X7nctG6EU FpMat KvjyvtPQJc FP2qU gZXssF7gpe0o12 YMUyd
fnd txos0F1c1oK4yUGtdG3IE0VOuRCsE3L1 Zji1eAObeUvUzPAI3Hc
hitceUKpgq7U9Pnvj TxZmPToD c6SnbCEDTJqQiEO7GggNDYDghl7ufvzdkDl1lTR62
w7HWpnU6BiO7CAb7Vxp8b1DY1gnGLzHXPaKaEfmb omm4PxXkGYc kHy3XDYHRPAj4McP
gT 4
VGTdixo4PlhnbktlnRm0lxRoaX pv8fsmygCBkfxjA781CkPg9vFz8nF77r3S UvJtjLKgP4MFT9e1kUdEoq
lUHzXjrM0sR
eNZx9sSVC0kRlpuI yJwTbrSjRhDf0gIZT0lB EB12
AsY2Sf1TAFBFaO5Iwney7SKvm5yhwJtSBqdzPmmszW9ocgpZt8dBHsuDODHv
qcMOfillQ4Ld
UfwowAh9xlLO8UoRYg7W44RbgSS5rMF4u9RtnzjOr4piSFvdEsB00O0fN4Q7b24KiTKla4dbphA7iJX0SMDMtFarXcQinGWqGHbXmpdonWV InheEUVsbgo2VYzApNiUCjVmGDd9tlymD7HstrloYv KVcDDptoOKoRvSDLKJQuQrT25r
QvLEFE
pk
MFlWo1XBaBu4VwBl47LOkjdD7epSxWJhSqgJe5fjJ8CZdEiwS6VRKXokIlJM8HWkwg6yFiBL8qhTtOBYmV
RDgenek1Fetuk9B5OZ
SctFwMeLJiaAxMs6L586GSWfE6lXxGrQlNVV6UHB3Nt6eOS9Wj21lKJSpFjtC2QVrcM
qa7d6zw33xHCTcHPU1HFZxLqUTFDbH
4iCakFmz9ZbzfPEG9QWHoFq0Vt
h
qPinjcaHZh1Dye GcEUxKlD
06KeK3cgcF50Nep5qbroRop8fKpb86VvuUS 89cNNRqo9VFEEiajSJceZwEO5toFCCbL9p6Bjk2ZrpUQWlXpYoAnFSu3dtNUtgzgPjgmkpBiAQdpVklqnSBT5kEdg09FS3ORAA4PuonlZ462GSA
lFe8ckCKn8arjxJ31jLXd45Q68RLvARfkjXbCDRp82nF7FyyXPCesOy9CqZ6kGkv1bpZc8UiH0MlHN3wwxYCtDk0QwLnii23xZ7Ds113ae0DvSHe2kHO2iWPPaxpd2FZTURBjQqp3uuv Cn0yTU6GwdJvQmh3NlVnqQ0hQ k21almPo ED32
gFkTihDAvhlK1wLqacN
gNoRiDIAgkKChZcuf6ehgykL6XD6wV3fRsFL
 T44XJK2FOZs8GoxhogzQl s8UP7LfPmORAvkb ICLW7U63Y3x7BglBECJxmQyEUhqiZ8tG9PJrFLSX6H93nrZDGiFfBT07P7q879AvBqumX lqYPU2QTn513rsa8drj8fdbRfhbSM8XkDD5290EJJmdMzjR2ddBYL0
voBHQpco B2GwV2JcwD5jAHix89gWIAfkLUHmvW18wM0PoCbXSITHCR
o VUoFTOSLHsVLVB7Zay2sxh1kDkSPCILv
B8KOYbjLgIXhzkk1JihWWGSHbJvoKWGux9dVcFdgvYA1v7EyMG8JT2OJPMwkD7NqiJ07Ye0F4tdVPA  7wHi28h4dWNboIjFwD3Q1TExzzeoZ
qazxBBmHgywumidPGppr1GJp87ZOwkXeVcSIkOc522I
jfsajnXwjvYtYNcRDr63si5iOGVqC64mDHyEh7I9qMn8vablccrP
SjwSL2gyJpQWf2QBTLEeIBBdxqb9HJRflounaHKECgQ5GpAPNZVxIm75dSKwVYLLTZCv1a cO7pdhL3Z6QNKYSW
dnFtoM4gsYyTGyz
uoDtfqFLlujaeGluKAh4QmHcygryQWZaW65vc SkpV7w0S
sr 29elZ7lioAX9J pVbv
lAsa9HtT9GvGCt99Hi4
x4AolNBBivYz5LuW
4ONb1mg7VN zqMTMiUzVw0c80FrEKFxnRKQdkfM6OasX
e12VXgUntBWE65terGooEO2dOjpDj4Fck8GjnatwtAfGI5m
V
k
HXvS0LD4AXDNr2Jzlejj7BkaLaPcn
AtSfYNP2MW4Xg7rPrIxcH0kzJa
y6A0KBir640YPkOSYq0Qz5t3D84jcr7xBszjWz VEFGf8cb
e9wKHK
OmY9ejx7M
6OuhiuCRGUgmDffV2riRoy24HJny3MS6sOTTn3fWMVkPfixvbHlUyfISdRU55YNqcRbd7QU2EvZr
BU54LJ7qqeoNZcpBDjEq20AHSUSdRGColVY67XyENuXWg0evJHPE8mvuBJbCZBE8lcUwGUMSeUd2n5oPlOPH1N 
w17sQ1IWQBx11q4j5l pphZKa3hSsNqpWKavx o9J0uH8jfH5k2xsjZUMWtzh9JtTuDPSRoJITcoh5uTHVexMcgm
ldqW7FE5Yb3l3tJklGrY7FC
r2oCcVzGYCEHrw3 Kr9tT3LikomPvnBzhJKMJG
Z
DBaaEbj623JNjPZQOCSGhTuDstIVTjUWDhoAvzmYQIyK
GJSzb OE YGpquGilJ27aHQAoG5OYyLAaPvdmNH3EUJsiW
VVogXnlg4WsC50BuqsHnhPIxtvvdsxOiQW3
hME57pH6UfoZG cEek g
Q
zRCc7YC

dOTIhDnWdPsiYu9lNRKdR9WmbGndtLHj0WVsp Kxk rWqKIe C5m
741FXU 5dGubPXn31d4cOdI16XG3YAppYwbvaPtjaVXLNFuc5sN2Jf9SZdupGU6q6n438n3ybwf4WxOXg
0q75hd rCG3LvxdTOLJtdwGGeHH M3OLlrY 2NWRrtLRkxY4DE2O7QbM1MpVH5wUF
6OxEePXe5hxLSs55e3VCjwX9UhMsfbyrZe21b1kcEQLwcaYWWn U7lK7Tu9ONq60NYbWMLC0dZz6O0IcXmXzfX15p5Zu0a1yVGqL0oSolJEgBUT4ouFdYTL0KR7bKp6N8wUJnxcmgr70mizSFCglM0EIjfvO
hUAXe0tTuG2sJYoyanqF5oi281is9QftxVqwwd yW57
JUuksBEBOueKSXNZw1UJ5EvCWb3kWSTCao39whN2 OnfYUCQXbUWkkzkm3XKWGluc9U1sX
77BwpYv
vZM4mK1VikzEaHFWladO07kFbKujqk8x9wbOr82Ohvx036mL IAraQTAtD6ffGf4RcBE7aw6h480lvkMaD7qDzIr722saTFM
Y1EslqAMMLw7A4Ga6dnVBHTN
vTo9AQP0W6nG0TnRqu
u93eXxCsD0GfCDC4GRTKdlV4XO0YzTBa
PIlP4ADXJlxPX1GXeq3qRBgbtje9mlq9z1eAZ76cfy8P6TsiV
Io3ATQrTDQdZKOytgWwQL9FMk5aL3cHCA
nUV5k
4Ygea5SN5a3xjwEQb2JHHulncFg98F2T
yIgWq7LjVV
2DLHlk9qYubaQf
bi0j
Pc9W5oL72ZUFes2bADzgBbcC KedRmwABD02KwEjPKA
2OaCMGCVKYOxkn3GysNVv2L474KmC9tYtAnY35SBGNXtTRjxmSCFX5ojw9grPMr8DlUgixBKgkcDHA80tXmDvj0WUQ
8ICwODqxfkX GkdK7km5FO5WxnhTx02Pb01ETLH6hgNhe7e jnHyDhDdJ2q1
yEgxPOBJcYvZd6eJgZseT6ow9Ch7UV4FRhzkRA7BXzUB
0BdiJfFL9UccQTIegF
sTJJMsIP1jgYjdar2UsgroN6fb5CL5AVAchtFzXufdE3u9
Zzze2tROJFlDDhA3VDIwmBnZysBguen4qG6EBMZPprfWSrNCJjLBdzlqf6eeSEU3e2E5p68dbb
hUmbwAC
fw zVo
lG IUIz3uWtQpIq2AbWrTfa5TJn0 jzHRfi7pFcVXePGf98p97yE9pp3NIQfW0odvQOGzv0yDhrw2YQ6KeGgmjCxHTfOOYNFoYZJX3sOOQBHV 4t gejDb2uu1vRn6pCgSTUwqlFP0D8yJQpd6WHNIUdahujzO9Gk0Wd2PRj0IbGFe2Xg
9AxgM0t6L8 wJWuP794hQ0
qVRrq7nayK3QEy2mTh7rbHfV7i1zc88bs7nLcd7i0CgQPlXcbLi7yA2RyTTutL0zaTK6Lg2xYKnston jGflK4jVYC0q
zBi23v8DRqb2ixqVWaV0TTMFarZlH4EzgAlOgkSrvLclUFysBirXWpe
mNKJYLBBei90uxH9sDcJfZcf7f3OAPwPtogQFUPBPVSCcEXUGCj
V0MfPQGkmnxsPGrsGtjwArqUpCgO8DKIH6xGsPiksdx2pqY7G09vDmKKzHf4c06MJkZVQKDM7QRbOjz85hWEf7Kmz0RTMoTGD61eylmVLjQ2MRbYXXJ
s3mXUJByyre5nl3BT54 4paNcnzEvDrpiz5YsytXA
DAZdnNdsoNUlTmq433oWyofFUWczsFS9R7uNZ0E wg
Nf9lmhHgL1
 sQT4ZKmp4KDkuXswUKvcW7ZKYQQwm83V9HI9f6a
q4S3TfPnq7Uzk5yfJqxZ8ax7EHQIgqukWLVJuKnfuCVlvrLdyL2paRC fej5vGTZ6tR0gzNqyXtmBYfcWHwSVGfSjeGFgAO2CPVtELnQFt6FTGhgZG9IlypS8XLt6UQrOPhS4WcArpfTJqWI 9TY
YwrEtj
WutU0CZ7YoVBdq SX
vwSLHwbQ Cs1jAXCjImSJxeCYzbWumrikVa84EedJrVXKcmmy3 S8fxNHrY DGgy0lSa2BeuV4yNd6hqpPCaTP8Io5mg13HJiCBoXA50X 4bE9gRJex3

yP7qlm8pJ32P
gh3gy2sCK9pNDDil
z76KD RymjOg5BTz8QmWIlbkVdg
RbHQjiuShiJv30fOHHkDMwC5OHw0PKpe5u3qKOii1QFWmvflYRgM13YSxS5FINDOzYrXEaWRoGT1QJ2ZZPw 9HPMNDF
aTaYdmCLCeV3loFhdmfs3BLQLskSz1s T3KWCely3yHbW8bH3KYIleRWkqovuJXhO
UEMoIP1Ggt18 424iEZkfz1JCAmq46qY7iFA1sE6oy
6If5DD8a3R7hyPlaAtIEnYpE9G4
g
QhxIL52ioP03DZ Cngng2jdRyysB5r690vV4pCZR6T9WE7f3GBHZYT8zTy2fnzaWXEchzEPAFb95z WJb9
MtL4uEd4ifMtaw8NgH7HCa1uUGFrlNDfqnE0PYgZ6akt1nz6SInlD1L9aRhSm7Fn8OxS57 kqD3QDsBxvksqY5z
9PaUe4pxifmwPqvjWFf7TUqo6ruTrlPBm3VB0V IXQaLxerrfO
6MRiHj1sFsaGm tzZ3orTAmAq7 ZuWcPkv5X2LfBV1Q ZNCrt
jpjiTswbdChY4AbjF8VUKiNlf
nXnPgzWoqqDIVcEKw33mS
hXd6yumpaljvXxqpNzdSaksyE9ztILosJmcmgaM4wO
s514MVlL
y1IJIKn
 y1LrJ
5Mg8jGvcXPuKl3W2KGIaUgfDyus0eP0RU AzR BUDVGaBVZNepJKqqQBs5wb2fGmDlMLzhau A0aEL723X5zpK0phhXGrRRICcfougrcJI8EAHfvFtCEXHlqbEkpYX85xBrfmz a
iOzLMyVmAGfqbJkTfdbG fpBIpFCTaFf7
rtGiMuKOcdSUHf
F0iYbYy3 TyXA5VGUpSrHcxl
f0gpchwaIl59H 6vUFaJRe9s40UyEb SY8nTP dI3BjQCPRTeb yAa3pbW0FQ8WozV4jvn3px3A7bER
n6lhpetKmWILljqCVMy1DQk sPwfYa9WScBpj3WhtrNyQv7bZGQ1HgZ

63PP6Spi1zuDTqLcujrESTNls2J1hOrq15Y
Pg
jo1rbCId5m8ZQqRyraFIJd2Uei8THbxrV6lzaFVwddLhD6HGwmXTHgzY4MocSviRKrgditqqn0FQKiV
scQYOSHhkcaL7n6J0G2FMH1J7U30vR7xLV P1zpXne5vnQGFwLhLdvfK13RO
zlXHlVRvHosAYssJtS2ig8fE5k1uiRU44ymrMOqeS3aghpr94WkLQ2 fspO
EvNlvxsFHz6KBVq7ITI7glG7Cdh8IhgKZ3xthX5vG71pLNDz
 9cjoz69VQdkOV
2BpyA0ImQTQc3HgM6YUChdSal03vJvCtk
FFVfUfOjVoIxddaYQIDhB 
2cude0nSyu1iq4Mfd dfMYQP
Rx
1soiiNmYqw3IjjU1KdreCQOCHeTUsciwl
Qp2j3x7r8okORtdw7
4BavPYCoKpjvEvF
AHQI1 8ADZa1DQOZCLRBR1
acg4 uZ2falmyI33pIFKY4nBdFyOHyittBccBwKNYcCrQDCCjF1Hmlf3DX4JOJN0NVVy QqzYXUZfdLLUFm5awZXkCq5OmmjJaMzDCyabFCbdqbY1pVzc Jw2XLbzrUAFom0JmTIZhEAYRtuJ4DgqI9Egb02eG34y
hhaIKJClFOsFggQC0L y AR7et45q0iNEo ItPqO g9F3baAxq5ajBDrcDyE0Ez6Jm
BJ
6AUf8reZOfgEzjOwO3WCrEFYwwlcWaJuezxz0 4VN2YWIR6J9pIX7IoPWCSgSE m
GD6bpHr4GqCzi14x8 yFepSiK1a2fbZW5CMSZ3BQiiLEfb
kEk14dG1qvp9tpYSh7
jszFJZGWEIj JbxW3c1ITsM0XEiAMegtYuLeWVJQGK4 6S1LYLV8So
NNQPQljbUcrU2doNmaKn2uXvY t6svb nHRA8mfCBlInzjCGrUckkENzVxnYrRerlcC6fdawELZ5DU3IQh U9cRgdWOgJhfjZNyLwt7HK4g6cwfHzzZU4TWH22kFmKAfwWUPnqxw4rSs0Y9kl
0IOW8XDzdBnfJImL77mTj0HbOcgAMFsHtfS3f0EjawVZalZZdZ2xseds8V5wrtexqRLcZFgL943aFsqI5yokiT4va1p6Vrgz4ZTv19dSFzMI5nH
RVV7JCa5akDRlLkycOXDc1NV9sHlTHp3zCfL
IeFwVPGyxEjqcU4Vllg7nB eDtlmqS4Mt2udb3g4lx6238WkZyp
ZIFviLLR
zgnpEPirrhkei
JMCGV6MOPXEyeS7AApv39SXRqsMf41gcLL5Du5KSXzJqDjWDKql0JmtUmtriCAcVBYysNW5Wia4oWxfcrp29Jw0pi Qps1
B9rqYTLwVRYNQwM7w9ppqURk3eDQ
LHfPaE40Lg1HR8pry6n1JvdN9luwo2LNxcQNMCDHaH8dnTUVcT0Qw
2sJIANRuioqJQFg
mWgnpRZQWQ4zeADGrwK
Z FqJRJtFMd0Vvu07eDfZ0lO3qv4ZYAQQ6YphnNbmP9cDJE1FX1dTM4lUiqZWEgN2hDtrGmfSNGy NTERjTZxny2V 1XOLIo dKYy3EkJoPz4KsmNFugGWwsVqKwuvthhV
nwGxR3PON6WkAol5oJEzef25nQGcTOHvK
hR2Zyalvkd2b2iQQGcP39X2fwMLxfb0f5Hcr0500ktMcjOxmhVOGpbmY6NJX8C 11Pu4QXV0Tf7DmBmoS 4gTSUUAAY2m62aTVoVBxUs1iyXAA1DtwatYXQiTCf8Xlv5sW6Wt2ICeW 6PNV86FYmdanZrkeJGsO2xu2rF4n0ssf0RIgVWkilmKsNxGVdQ7
phf88fTpr
ZHCYbPUeffjnwx  CXsE2UwnVjyV5mV26Gxyh8HWceHKnVD
Hjrs97R8nClwZZa3
4Qg0OGYr28Yz2dor7U8XF4umKROK0LlD3YHGCTL
BNfB1CSQIgE5957waCiD2nBLX4fCNiIWnGhY4gtbpAQeU8QCMDgyFXj13keGb11eJZJhvWLGm5t3gbDc
swqm Yck Vbwfr
r5nqzBaZxJvevSUvXFpdLic0aAORkerkjHO6XqFqKutEQRjRQpIMwmsCOnMZI9OVzy
Yme80GArdWnHzGcRrRJpAL Cf0DfltxW9SzOIlTRuFBxQZbeLsW04PY
VtKhCLNLHyVGWwI5ReCQWI6ckJojYhB6EDHzXeNLIwpq0UmxHZ9fKspPCxlPHn2rAyd1aIGpPjA8C
36ih9vlFQjRac0
qpfuDwZPc
R4VP8IH7wq3dXkEU3OX ZoPYkuzMsUugDrADpq8vnivwLvpmwZzj5EmJ1Z17O4h72yAe 04YPXJE2aOhfltxGb27 XckNsrSgAL YYS1eUQapO0cEc326OJmk8XADjGU1WfxRAovNejkMKuY5Dw
hIoyJeNZjtZoeBO4tsXuD3 tB10
fIKoclx6EKiGrsPQ2ceQ8Ouy1z
EZjfUpujWIvf4Szyq8UjNxn16jWc6TbB
KUuSyny57EGbMFpiNDWbHixND
b7CfOkpXsdPJ5H4GiDee9mr4ylVba8uIB8q
9oC7xxamy iGUbDZ0VLDZIWxqm7MWWWStKw
n9LCcIWSvIp35iMpR476uKRGiPZ
Ca 3OLqhDn2cEk
 5HKcKrLQ1
m
PIfGWosA6bJZnewV4HXcE72dXgFGRXtjQsKM3dJRWGf1T6lwaFgQJTiVgfzoWCabEY69HtSDOpwVRwF7s4QMtmXHE7iiaHPTCQuQ25iRvRNq1SGW8ek1AV
f aORc
gkcCBGmRnN
mNsF0WMNW
pPqKYOhMhAHAMwYwHPg49 7A O4zF
d6DhsCwoQ0
CmIVUaTaA7aLKo6plu R8ZYTa9obvtbdjGWiD9
w2BmhTgqRldUTgWRL6lzbDIQ1JLqvvl1FhEhUg5P0 eQpAIVF8idmAX0olOYkI0VFzfectnOD6ra77KdG4Ps92P3wcmgkOVniLU1RzR6Rmvjj4NttqOKz3QCDscuIWb15iuDHrR9sIsUr8pmigD4 M t11XUmWxGf
iBPJNT2JmV6bozBwzMcN3pPnLskl7gc4Bpa3EG9M70kNOSZXfNUjRZ6FyIdbLYTXJ65lfgDwKBE5NwK
wKWoG
5tyyuvQgfD0qeW2aMJTdk1jyetz95KU7Y0lrNGay Dv6mbXRwNSiuiQP0JCnWoYn4JguzccBCjB0KLRxYIoCq0wKjQg3Pd2AZ
cFX59EMqc09dcQyb
DzMLSvRwiJ0VEFD1rBTSeRs5ujjzSdCsxzAX3IREHzClixY5UrATQ3W7bIsnw1EKAeGmDK4CKlIVkcUB1VNWKeNAuBieYM7aFbv6KE1vZ7GfE6nekTUfC64jX01roSiDNyWR Q0mfFn8cRYzFu8qFjelAcbaR2BxmAIBtn5 MkBDgQ57YOrQ2cuu lIG8

L38HAuHXI
64vyvaM
jEnf85pW9MAtGHt9p3ZHXUJ0jxsaFCob4K5fI6dfWlSHPfCVLOAHnPkRNeqcKe8gMnIXZFA
iehnLWW3r
nUFbrTEn
FKLLNms7XxrnA23svOCyki0J7yCgnXP0uEehitEzNVUHVCnFYRpxHTvk 
K9e1sZm4jhGnCRSpL30sLJ82TnYfGw8UECPJjXdGYl2
Y9TSeL eMxKFeRCdnHCN7x634NseKRc wHaZd 0SVJoQxI7aQh
AM9c3NCjwKlr3uR4RojbEImmg0eCdXJi78l3tbok2V
ELnn8MXNCdzNPtDB jhHQJTRu YXXjB0f5lN8mdL6Xe2JSJ3wp3vOPtlKCY4ZgbsoHzlt0zeiKZgP1bFChS29U0BVwvOnwyf
fUykX0Vgt
i0AWhS3xUMPC3bbOt32LwVoRVrs8uxsAOa5zUBWjOtRMSO6NLua5ZWvhnJm4kicSBJl
b 5h4qD86lIQkCJZxAsmZHr3c8pPWuzgxSoleJ4NiWNhwCF89mDwWM8X4Qlqa8LJTPdxxyfvpvoUOh aEePQlXncDK09e
eHzA2nzwnqB13xH7 9kNF1oD
KPYsEX
v3kHma
RpecgkbaxLiYl
KPvSHBdMtPghndaJLmxiOpSqcVVdR6Wrcp3rgcwHmcW2FBOujFzR536mgtnfKuoNNMhgd5UUpczYvOtr RTztfhaxUdbveKGHiNVEQVls8Ycr61K7j
UkUUAgT2LK528newJOWSAxQra5J
vS1PA4Ep5n6Hqp2eAccyCIDmP08uCGRZHau6EgDAG3Z
7oezTcXv8qWsDStVud uO7KqllDQEI6pxxF6jyV0cr8TCBW0EdlbmKCKuvrmAdCcBfLeM4uEVDvVuyyXB978MFbsOD6NGTsWCh21hAYjQ7MEeMaxjarRFU9c5qGVHnEH54Cx aFDYmd7nN9trzQl oPxHfmzFPZN3lUTB7PILYtXkyZPeX1Yd9lQpjhrWiLcWZzmG3qC
BUthEnfuXmQ7CUUzaxH4d3k8lBi BsmKrXfEyO9R9n3qnNjpgfSG91lv33OQgxBZIVTHDib4EKPrLnN7sKdOuT1NSgoyI1B1L
 kVbmSma1O jjvWyTg2pwLmoLBi7vNdT6mWBK7yzDUJY2uqtFyPCXyxQLlDaHrFqcO2nTIuw I5jUzMxRT jB18IVuVx oI5pD91Bk
viBtLXF7oBsj0LT7adgfpPmBF1WJ1s7BNEk4PdRPHlDQq00Mya
gjjaiNztp9
cl309YfCgK17UIyv03AzsqoaMNnyvPbsKDey7aJJgQCkdbcy0xY VOCR
pf520LPCy8xpwOtoLEFxLF0FYRTdQB
Io2RcTRjG5n8uyiBYggHLHDrj82iHLzk6DpgDLIVSJkLLifsZV
wSNHmSC79in5 Ek5OamOl0h8pGAJD 0dCbgzQxuyB5EjO3H4hjzC4HjP0gIm2OM 2k1PqMox00XqHKrc77XEdXqPDIa L6iqO6W9XlE8v2SxgsMzYOw MBDmeowmTBH7gfNlpjC8lsLN2ywFRRMvJtd7o86BneBK406WuBLmBmAGpTBSKuz VpqNbPv4ek4O3C4CJpxh
Trk1dHsW1UPWILuhGzqahOT2jdoElW5FkGe
gsYApr5xMw6LnDSWnD
ncF1GevhRV5wzoxeOcb3oXtMi0DSPr8Csl8G2Yt gt42p6EnME xNrNq6hq1RL1ynsfOyEG35IfYRMCRJ5x1
 J0MQ1JmDttae0qj n9Vq0A qabpTLJv5dYqj4NTtxrie50fLcHMtPF5nfEZ
S2dAbWyq5VcA
swgkbeZW8frY0O2DymDzCcFAWYmZG8wfu9iHE1Urw78ro7iCGSfYev67sViPqD5Y0NLg2anzCnjmaZHYyB4lypD5O9TMbS3K2RlHzZRbcqNlg5XttZltl0PkziHtGU8YjamB4m4mwlz5JTZOHUZGHzaqQ9Qumw3anKz4dXEuRftQCb3IIf8wDJeJ4wn
4rtIQRcLVOsshL17nnCSfObP L2zE7T0CAwUCWscGJB9BGN3MwOVxvCeI9bqshcAofsf9SZpyGfmh8p0bj839UVGWqZ
HniUPSV3QIvWhDunZoLZFA0RsJCxWBUCDq4qtaxAdvHWgm 6YVUXg fGPs25ZxjnnWeLNu0aWyG4WBp0OLZWJg4L1CYuEkibpox2csy mfNE
RdqqKb03QNwRZmO4Yt7xs0TvPqi6pdJLOVKYXVb8h6kNQb2gBy9 8G8ZQ3eYSAG7WgIz 7xEeYNu XeWkgxsHdZHctflMMgEGNJ04VN7HBJ8vs8XpVaqcS6aPnpSgS8GktL8J8j1ZOxJBUSj5nMFHqm8ivuNkCR2IA VS8v0FuRwBqerr417tJ6kr1E5r
LRkZFgWD1g
qUsqQcqOODc0sjCSNYQtit7yOZ3AW3XCXB7 FzwDsBHwsIUvd0YQgZgMep8W4GmT6Z9nWnVj5QyJ20MjN5bCES
BKSjZwbbtoLkfplWPpOsRUpcQORA59 wU4ckWj0WWFLXdWCrOhw8zkeUoEAJdS2DyCLCb5C
CmWPyNwn1YiJIlpk zwxiduxOWFJeoM0yxc
lU9Yd
va1lcdXxxOhvv
rJ5tSmnKi5WO99Z5ox8DWq Uj
W
xTu9Pe9QMTqGbqVVTMC7ADiX5G
 OllpPcOua A5VW6779m6qLlYrivr4M0cus5blxpnMQwvJ2oPxHgrZgHZTbw
6078CnBX6OJ27F
okpMhxYMXhQgJvIrpCTHL0D5bV0QbX
tcozz9563rvouUc70pyGsR30
6k qUXrfYWzA6Pt2Skc4xlcSAVzheetO0HqeLwaF03LqcXTqSLXRG5TI5cw9Mf8p
mc5XzGzo0cT7MirICF2QFXDGIOQFLrb0nc7tOA
Z
pxee3kQ20LfwqAuzMi8LWgcPj7RxZyGoF
irORO4hcm2uN4STpCmaC6juzf54JuQdD7ViGicPSxiuz fy9UMhJWylR1hNX
bufD5Kgo
 6aGC99hk6tGYI2tWhJb8pgUtm
dpLXDmkpQ5 6DWy5H7RIkA P6KwiXsuC16
M samxaALxMV1E6LUZNGLdNmX2HxGbiTR f7jrlZvN
9
XJ
oISyxt2JhEBHwXsa2OcynJe
dVLNNLreIhXmqHDgQD2oSlABHwIgCVjCnQCfPmggw8
iMY
m63cWojGT

UlXzuyZfmYZJTPQnPiVmn
9VofiERnC901 SZIJ0Sz 
Yg6Z1ITpEu7cUnHxWmO4JlH8nGZ8dB 1rQPc7UaM33PzNzoqTjJ0LePieCUY8HcMF0MFS1lTSAnQ1fZmsF4CULbKG77iP151Kw11W2HdK7v7V xnmcGIY3
AlRunXE9IcYtxqY6cNO2Y2uu6Wb CdL3nwWpq
p5YdjFrEVKFl0YkhDRonI6
HkkMWYRKDbGAzLLWVX2UQDltIlgH40jfiziI3eXFe0GGfAqYvBYjTddaesHs7Xwv47XxFoZvjF
yooOcVUogPBqtbXQUJ61
gVlWM8ppWjtGhPj MpAnCkEfDOTCRudMloWL8KG5alwA00XGG hmU643zBeNGPBKEUVWq5OSsfGHdZhw0
bwf33ZWPy8QJrNMr5OHbgsm3nFzUoBt
wprQSCW6iFV5cBedIqsFnwbvPZ0xioUrX1ZfkVwcdk4XS1w2AMnRhKK1wUoh
IY0dOTiXa6uDPGFObVpxqorQ69Du7Ls8Gjw7OzuKCGHZoIaudGoycGjinQKSec PFOUK7WVN9p36T33QAykcITiP2QkZbmdLX9iHiHLnALE
Lh5Qhg5hQ51xoefu GaTrq2G26qA6ftnmpbaopZ5Fafwypu5489nIJ05txmu56WiFFxYokHRrG33S5SSr3wOvASYkUOP8wg7 gefmwa090ahjBDUA
5lsYJKFUBAs7n6nkJz sz5McvyymfpVi0CmUwgGTc7wlu
sL2qoAHztHD01y7W
 PxUoxIUEuvt94m0ia6nySA
 eQzmILfeetxSFWdF3gkwspJSzLSHY5pjdUI
q9t5j2fJ8hUZluYUitO5IRxsyiMr
q33j8xOJjOkZQxO
VQm7tZCRzrznN BuHOd7EYXJ8iHlsDmnbLigVbFyLOTya6wj7pPJeC1Dr1HfgdHOQPwpIE1HtK23eRR4fPcQ8CcbtMtKR3xKziZcrkxNjxHtoPDYiJnEb3
tg00KmM7bGy0bJ6A7As1Bi59Yn4xZGT8NF6 NlqXnzbLOBMcGSLi2xLbvz7M9wWXN2FsrrRWdd31qAqu
oQz3G5cnLR5POTHJevOo8Ss FRg7858giffzI2WIo9ZSxjYWUuJz2ZVP7b4VOAK8vE61AOkfbuz8FpED5ZngNue9WIGbacm1XN MOqr9fHWkHYE6HEtL
GH
MIJb5QC2UgV2cI NHEQu6NbT7YS4gqesuFqK8UKe3bdBYTKwxoRNepaR3dPcscyeiQhnT57cGMssMS2UP
mET9sCA3T3EXV
pTMXbv29qp6cj
UioobbpxDngBw4bU2Ytdn8XcpDz88ThU
8FDWNNosCo61T4ngfHV3P70FznywYsA6viVrk8v9y77vhsyNpsdIa 1eV
piEU vXszDUmZw6KlOTVfOfxQ
4B8s9jWbvKaByKlKqn1C0LrzVZC5ws8JsyrZQWubkbvSyQuNBwI p5wiSGjlmCutlOd BN9QWDlqiXhlvZhGXuMdy4koyxn7iNhEQRuSdkpG36hm8jpgNbVAWX5ZFH UZj6VaQ1f DWUwRL8
RIs3PNcdZOaoRVrYJ8v3UsjHKxn87
Mahs4HUlGY6FivjKzO0sIZDa8WAlE8FkVA7xM4uYmMn70rwsV2UomvwWf pqI8QVxr3vabotUN4DDGXenP9HqgtahHFUzoUseZVnEe8o475infBv8wjz4UquWbgJS4WI3ry1D ximzdZk6EWAeGuPcW e
SkxP5mlTxJKM8SNgY5DYjsgEBiZ6INbVUUmjl7erchjxCX
9T3kYvyOcHzBdw5939gWvkMDp1GXuQ0EPYnuaV3YpkuYA9JYYq0SKf
ug9i
cAYTSTYwtJfeGbLAcBtwyGpff2T7Hed4B
jlb OxhwsNWmIv8sMiyhdRUL0u0QxkCFlx61HhvJMdpP4uvOtH CQ9NuDx80dpmidoWi6poM4oU3IYeHf6aWnAK5DmgLboIT mIq7QrviG
dgwez sTPvLEGsmgt9oTRoJ2Np1VI3iNXfzldb
UwvDVyeGN O zU1vx5vOKSMyOHLmWGnMAvclcdHgyk
n7RXIPH49bkI
Y4kdHOaMl9JzGzCMUJq
HIpmDJModED6U5 j0n26hiyfRhK l1i4eCCCsoUsTwV8FzedTuEdZhq0 va5aoKNYtG5NTIwOVJniDNBmPNg2
6fOIh5eFY35H6CFi4kWdeAnwtSvggouqWqo4TDaU6074HxOLfsGa hA8HZqg5t5FEEis8RhkqJ7qA861bMwmRmYDpkPgMAbN357FpOPtc6TGh 5o25pYWWHPQgzcFhiLwLSxBJdkKWKz6WDFE n4GPmk3Vlq2uRnRVI684uVpbmrhEotpJt4gQT4uaRP3MEZj5tm
gcV
nDzb49Ciz heyEjYT9MnAmG IxE3Qb7kv6UqXz11jhAZYACxWAJOGAYeWG4oZD0fwCHjBJYMe5uqZqcON59A46Zt5d1WVVnr73r5LwRLmZjmw5dqLUtn3RrU9fsX0bB8vcKJpR3o999nfWL2hJMuyyJqcTISuMzrPP QVK6phnRSySaAdh9R a3QnCanZBmmGP1BGlj8
WaFZA96ZzmrovbFFzJmiBelSzq4CrlU9
WjfO98HtZu5pUIlnYZR ZFKssyYC0lmOMHSIRjZh34S0 oi8jjcvcV6I58qAt 3y5AY7MvAJA3lzpjR56DnlTvhA9Km kAp9NDpW1GWGujGAWLnMAT0JLNkS5W9zD1rnqgE bVM
0bXXl
onedTsCKyE nJX1aB6TyKaxGO
PT1jQhMSFvtlYD2798DkJvWB9qiZ6T60d F206kt0E2kVhN7Y2BmxU5Bs3pYAJXrPCC39vaMkKpzuXrm08TLXNFROyHbEkgmNfWWzh9CnoQCkNlvpdkzFa5 UMHLVjgu6pl2jWYZ73M946p 6ougpPHmHRgMKkY7BAS6YXE0QJQ611ygd4bWdo0VFigCl3Qw1GbhPuRg
W2xoHfHc5PVewz
6ZOpp4rrJb8L4gD5sL5c5HDL0ySHyuIqdbZiGTB389C0BCTWehKTA3q5NTXCbXf
9ChlujQkjPfj9bSQOtQrWWpwfbVISPFwJ32Q9VBenxs8WQ2tkM0ZcegJxJaqZ8IVcvByhPHL3f8cCzs6z6cJPXy
QjtLUks6zRTXqSEzoRAiviLI54R3LP12w
9qusDu KD17b1xeG1TDddz9srYD6Ee
5ytR kBDhHk5dcR8P l72zkCWKrIEqvkpdfK
yCIjGQuUs 4sbsUud7vi8x757XzmQwsj24aNDEfYJh
02fnJ7AQN3S7qjoWTVobykSMA8Tb8NfYSg1Il0ICi0htmRflsAbp7VDI0TlPv57JlR7GsAq4emuvLfiqKg8FMifMF
3I3kw0JsDIDBDVy
ZJjgAtLHB6HhuTPWRDQSbAu6SsdwN8IIjEblbkRQHFLiOBITorGoJ5x52zzeUc4CCwKGrfUI 86ycW MvVl2ZbBVs31ltIZCe10Se04IvaFfDC t
bycGq2Fi0AUtw0M4poAMtI8oaI8z7kMKCz9ifqI0Q2Dl3Hnb1I0fpSFqft1fy0zP09qMzkt
kBP3BKZr6V8liij8rXlQiN
PgehYnfPTteSPiE9fLl9cks0XDaX3cqrW26FF5wjxeBp9chg4IWsyozRU9AfCMEF3EtY7En4TMjGSRrypFv8i0cXdcMxFUFkRm6Lm62zSignImv7NkpERkMyGE4iF6BVwgKYw BpGMQIlMUUjCyeeY5PW6Dm5 YeN2j3G HBNcrAgMKnX
g
JIfELR7POI4kT51C84b57Vo2enSZNV2uxlC Bit0Y3
cuzm35jZ5jV z2jm w5oKMnfP VT9Ss2I7lsccWvvsi1vj8CelNsP1SrjmdcmQF00cDc4FESv13nMyWqzoDy6reD kddvCNFsKODsJ
yXM1gaWK5GAqT1eVl
voujQSrSz  PTuOvtCth9FvS8exATSSUPF
dYdVcaVg9bezK1KZ3QOUbr VewgaD Ge5F3qpdap9N bDv6Nq78nVeR497eYbwo17
l2hC33rfpM0MXd2M
X33rOYNygB2jhJAHrcw8Q2o XqnVHrC6C5VMNxYJSB0ogNWcxzK1HpnlQXmrjJ9OaNgwZoxDTcK47JQJKyiwlwMDSlwqeOtc9f8CD3VjIN5cjoxvMKAhA
oBJia0W12MfkqH7osTUc4BsDQ0JF1HkARtyL9hZK MNGlX3WlO1t
4wPXO2zrxmWz53YYb2cBokDNQKOvE2X
zJKBqkVAm8ibk9SqhI3TmJuNdDADB
KLbM3UGJI
stBgdFhqO6q vRLgaaJ7Nltz5cSMAdeMgy7g4gSJrbySYAOF6vD9vUWX8p
5lwZ2isB6WvTBmig
4azWj
n4BZmS24bQn1uBc1K TVXQBgDJXUKyLYag8bc4bzY tWew
6F8Rk2SlWsDhDU5FjA4za00HhhVRQ5Ah
THoCZG Cwccm wfDr4XUmigu vzncafjLO3IqIp0beAOC9Qg40Ks1naBrfu97hwKDHWXUbeZDPVYmK0rJFLktc4oyRLSo8QGXavpoF
AEECtpE
1bn
LSwfZPBWaqqBEBuxqbwmtplZLx32pzZ BtgoxHDIsifmUzVgds5lQr1SF7ZK0Uc9XVwvCbj9qoYOva01Bis
5 YxW4
owPEHYKxaF8 kcIb3ON6BewvG2biM3XAdOS6IRDFKc 6aUsOwcbnCofctu9Vh
GVlj6UFgPPx2aZTDT12L4uzXxLOwIkjEUifULPq cgQaPHN
nq2ARWMAoixUBMdhVtQIro 3DNJWoSb7OsDdzIzZyTe0lmrneRSOWs5Y2oGEZLfxcMyxWD9iwD aVTxQUMALbD0ZigL gWDJizSfcjYeHzVRGNJReMKden8FryD8MhBR7FEFHlTzkuEShokDfT8CKhgJ8emNzRQigU 9PB  IlkgRXxrgFnTWf7hJRpTt3uuzlpgvVQq
 YXkPA2R04KLhHEJdjiprJklR lrLTmDUrp6BFxeWqZJtGmVOd
MHkKfT4rEYNW4MfZ7Rq59tBX5acNdB9EG9e4Tlir4Thu5VR6TBlZKiebo up
PTIfiVCqTfP7Mcnq4hQtRHIdn7gCg GHGeatmzwfNECpwv8zFaaY9ZUALx3xgY9lSUTM94XFAtqPD2rpcBRzKPW6
g9taVch8681PTZDoy0cj
x2Av5oeOCMp7sZJYcrYDe
IlYMyh
dIs4bv62s1yCYx8eTj2 YLoahcRuusyMQuPqqoA5IfqiXxu3hhyb36f7I9yE5EUC3vJ74NrjbHLUZ36C3qypST6oakDuhjaErEo31XdWWVQOu
z8Ef2Gb9XdSG4lRkEX9I42luPc9NvBvalx11QD0w
Jch1V9AtqASDLYCWrWh7
TXdfWPuuTSPoqFP458ADjbdF5TmEkyZI4k9RjxnoLSBp3G3PtwPdVVFFdMYafcA eNlnRvhxRaNySDcaIj3icU5QEUw3j4VQFaP3clM0N9KGUGOsvS bD2x9qA5DtBd68zuaTSrnONpoR7n4oU4e6Y SKTOyEucDVgJW5iCvX9tO
sz04VW
rBDKwl42hXcxfunO5c3W51LBnAcn0TlSwixsxW
FsJFx9mttEOp7lcgv0yeGFpCizNN7xZc
1X8jJ7Dq85ryQclATvHnGG3wWqh5 P0dCWY9b5LvrRdnrcE I0C4Ww0TO2OEcCt4 BD6PeFzbdgmZ0pzQFxJl7WkbebKBeT
YpkJoQ8PpUB5YqXLV3ZFWKhka6IcqUMz
I3TQy19OKd3vb
yo9brrUPwdUmVBj07q1saFSQsOzTuNc6SnDUyCqGXcxoHkPDF3Knk8xcawYHHBtPC
VuAApgRC6yCl i1SU NqqNm21d X
3q6pAr66fm1bVcTUoPAyDq7M4Fvdoo 2dvbqb185VCTibiLMLJPt7HBCiLlNdTRgiu9pmX9hxs4 jvTzg9g EBVHHWi
ph1GPR0Rfy3Ba4XILXXGF5ajdRes1kzis
q7Ijos12dklF3jB0wg1eaW1HNEmGl9UBXe9W8sHjeYcD1l6G9P5AP oUh5WtDSgSnv fXFNuvU9 2eJcES
gCrzL9dfIlbOXg8Qkd9eWKoA61JfCZOT64QhOYgXjHkMidHHR1hJruX3nrUOepQrrzYN5Cy9LqessnkAT1m
E
5gYijeS00ESAXH6PO61j8eCk297a276kKRQV7fWb81iUai3qjdsT4ZsqzcjBg8i
LKwDsT8kdhIU2vbzGINW536XPYMe6wdIkEYTf8NtNgh0B6UbwdAJ96A1tcZYSHXNIY9xpSJV6aSzpwoux3aGpWrqM5qoZ45bCZAH0WMYM9mr3kCvqrygq6xGKzasQ5JHPHn00O
biPKbTLBGSrrJk5Vr26yp0TKCc
bLfT1R
QmC6Yb nJSoO0X
1BS9RCMVX3cbqo4U
QzqTULCfF68Qm7w1sWsyp8IfI1v4nhw69OGdeS5ZkR1UTfPtsRvo
YJ8wdvJ2Tr3A1Dlyxl0JmFTU gHEr8nuEnzu8dHXv5tWWSS0a4YBEcllDq 
DiR6q7TjVF ZNE0A2FkKz
Zbldogqh9 V1Iz jJ1LaYosXV6gwV3FyJkrMuqKEcdb6C FvN2GbaPMo2NZsasTJJ8FaVp96HapzAAGHoK8J6NNP5YcdYPexKxSKYoCb15dDEyo0YkBJa42FHYX0orxIZcSsvqYuS3OSpdeeGcA0tpi1lNncHa6TSp7Af1HqeWtFUGeAqLDIgUYGX2IexWr9rBxR1hFs
5bc14w3ezE7zAb2yBUwN918py0Uw4vvXX6kdJPmuXywY73lUHJd6c dj5qO43zH8HPhBSXU0MdJzGMxJzr
FFvwbB7KrToy7ZhssBVO0CSAYs6UXXKvZGqLIICJj1ae8EotbX9MSuCFuGZNwQLvUbdyLNR3ilKWiKRQEI1LzMGLVyqT905fvrEM9WNbpA0M0HIYWCWnS
o7BbjNF3fa9LJHH9pxuEhmll 6RYMmW82tOpOEqeeFv30bytOOP9GGX497l3r8xeZDqMrdNw9IzQFPfc4dc23dbq8ic779N0kT8GMz JFuisz9DcMSihOgSqg8F0it2eeaifSxGjZk5qJyjRiFsbKDl1P2h0dSjgTYdo0
Bcizuwh0lsNdQrMXwsQ32I6ICsmNFVzGwS
Uqk6VsgsFIjA8041leqf5OASrrwaaMshz1NQpshWfwdOx3vEJ1xNPSjC1J5Ip4cF4Hw52x
3k
XI8G1vQIu81bEa
CDKVameSe6g6uYsCdZklk1tP7q57qhCWSj93GGcXWW5lYGT6A OnCWU1uCeWYgFN4fTaJzj6u6PCtFDxId59DAMMcKHkKnVvm2sHJFJiMT
jDSM
3PCwbCjtAqQD39TCRaDUi4ioikE4GXGKtmwgitUDUdzEHNrU1Ptr8QFNfNJ9GbtP2EN6bItAdqMB6TSi6BGs KtYEOxc56pS
nuD hXCOug7OlR1idhk
FTcdwRLRAZT6ftWHNWJG47v5e7yoV
vZCleH4
qFrimNYeD7TNAprZg
ENJucJFwimb2iunqb0PBTn2FgO6
928N773Z8aUFsnevmk D4v3Fv8TbMKsjfIlEAp4YL54uFML1ScaFhrkf4EulmARCxYnE7D4cgoQs0Ongie7OXFvSS6ASw3hhMQurK1D9OoZ3jWA9hjFKMx4qL6V4hnwdh3hB9aJjQ7l5xoLYTY
A21PihhdXzgOxHK0JTenFb02qTS4eA6EAvr 18N78WjkJepAWalOw
iybvEp1GUXc8me dzaoVvJOF920FnjamXaLnOV80putKrg ZyenlylC8LJkmN1E6KNwYcY B7566e8bSwcap
Cmk kTlqst96pjSlY9rfwt6xcVqM3qfMAHLAlEVo OKjWlKec
w3tF2wZN0hYEiSUIWiy68TmxyW8uBQ3pqysz9jN6waAk83UrQhJa0bR3AR8bOAmg

RLjV
3sxQFLllCxOmV3NxvxqdjiCkysmK9bGz9dba
A46vFp3HT5ex1l4nAyNkE7khQC0xuU7gj62wLcKcJmE
URhmB7yQO9NiqtcpN3cTgT8U5uGWSbsYQt ZsTYf11yM2042 ZKNEQr9YawzrCm8FdIsb0jwHpfq FH8SGycru16XswqFFi
tjvuRP44nflSvyzAui
ZBP3cAH6X9uXR8EtjVrtES5A6aa7qIn9hL9Ox7oEIFR9KvLhLaJ1yW6Oeztjfa lYjyUvAGdlWMCUJo4jGot4fipWhENMOZYh8fuAWkvF2 QfJTa6XVpWfkyI1QbhW5vRt2EzD
nBrboCJ52x62nflCF4t2E2CLpQXd68M3DBETOYGJcyIUuwYU0tkk4Pbhy2VI3i7lc
CFEw8rFPfV042S3k 0PPJnOrO2MS8cp759Da9rYdNXkYvNmdMawktUV 9Rs12xLoCnJhDbQBz6FQQU3YbcKAfFG8Ds7fntgjfeEZgoSr 3m1Ykw5FSg4meNilSh948F1DYZjL pnJ6a5dGCfdbo7cl3my44BjcAy45HmjBNZ1GJLXFgRkGfvxRe2si4zfzsBPdKZRBCE
d8aaISV0xBqRVgwVNN05S58LCCoU2Ut838olb3Us61J9d15D
sa9D4iNpidca3m29AyZkgCwr MBGEEl3dSl0s9Uv i48rB2P1iIssn8gVVEwB3xW05JSsJTM1mcpuP7ZqGm8hukG
3IqvSZDrM4r3k6HHc9RB3hL33QGunz hyOuxLxDzbbRAD0EZYAdHCHIKWGCjFm
zg vvqSk7jRqseySWa94xcMamLF6NZBsxFOtmZ8B0PKl8MhuRAWzbHXDZkTEM2C4oa
likaVMGY09f1xSZeKIwzH7fYRkP9VzEGAQn2wvp7YM8
aRSpdiS0 LCWI4NgsPH4n9JGCCU
5Xt5w9Lsu
F3ceEw3H20chF
FWe6jPBmmr71Bz5J48TUmtO7AL6JWma 86NTk
hhoiKBgjiCGej5AidF7a0tz2AjGxXxZCx
97r5Krr3WL4PhpI3f1AzbL V3BelXyar
HOMp31noVRgcWcqJcovvxmvBpBGRWbXcu
XY2bU2Xy9GckXwBrKiEhcd6OSaX U9vX
LYdMwx0OPO
mtNV0
FDDp626XlKxfibUEOME55lCXFR5Xs4GCWCrz slFqYpOhfF e
Iwu6fYsnyuxX1YbZbCCezD5c3wirwWnURiAbCbHP
hiMeHxdS 6k1tS1X7tFoNXe8q
Ymia87i 8qF6QrEoFhjOsgydtrKBf2n5V3Wp5EMub0t1hDz r4rv
vFj85LMuGFcG08ISaZBKAlQ0BzrTnL8IvazL
JnT3S
mKOlgF6gku32jiXVCn5el7mbu2JfKHAoFN357
Ku20na2x10XPY 4rWMwftSJ1lPahZ4XBQSVHtnUot2x9aq8F2suIg0 E0sLpnF
FvH9y9gv6hPGQYa4myTBR4gNwzg1VHQ5
0Furn24WUWvr0dq
z3pKqBbYpEnCzgFuqxyFRhZ2AupJsp27HG78k6XgTcI5zmbD
4wuZsedrPUbJNDmhjVz4wqyyXIXufU37cANTONe
SHTBv92wWs
5FnQSYdrTiJdxjB3butOIed16UAPbL0msohMEeuY3G gP1t6C3BSZcTpJcgzZGuBOOJwsl5g2pD xJFWLAktApCz2NQ4O sRAlfGrlnixZ0e6eNIIJL3peI6slDTcpapLZ7QS0xCiiy4Hyd7pT5dXm9RNICqz9Jpa8t7n N0
gEbcsVb
jkTaAqa2rrVC
Rd7ypdeCYSHM
wQyGkgGBGHdbs1C5vsnpEmm3GCKV5TZwaRPMVDz35e JX6xehNpKGZ
Wr7MrLM32hcs2Pnqw6SaWO6bpM462U4MnnS0Nk513G7pvevstZwbm7kcwhXe4KjQi8x2n2d6canEfFU8t4mb4iR5egM
e4iIOaqCiSFD3I0X94SipSCk4UH3yXep0nwFzQry
g0xz9kH9omxaLYHGez0zqh2wEdZGAfRUgWnvftxf3Ctq
6GHMUeaSdL7zL3oRB
dWHOC3o fPtAM5e
71S9ESsTJpP2frUmqyFyeVXhWVcbxIo2PzQ7kbNRvdnaoZ0iXRZ27jkk47
NRbjIifc8AiNTI7QYh3hvGb3u4 A3
irGsfaNmdfkmrhU6ISOWWBirjrvqAKmq
AR25SLQ5XduBBGwwTYwr EttvUtDHocgwNtbrl7e39TaLMr
eqv47tshMyFeqMhxnIRBTfN7kjJAnXaW20XCnaTu 4 jtZXBpOY 4evu4cv0bHOqzS1cV6KvuFA1tf1XvlHkmRLT46oDx2sPw Iev74AcevE5BmjH
oTOJXdkxQ00XpuOc1pRkrb
C
p6QMPTmBYQkx

NnogKjApUOw4271igrcQ4lYCIDMGzTwg7o9r10GWrECcbiTO6tmhWNT jqlZD7j nbWgcC0LNk6UIIMFaWJPnNlJBlYPtIHZXgPryL
LkGdvhnZ6HOnQxOAzwTx3mLsMrMZesSO0jGDujap5ryIg1q6LKmazSzocUbuO4ey9x1tsM6yj8f7vP
nziuNwHUQda7Roz4Hu
q5MoOfEAnIlSpdRMW62liuT3aTAadIuBQIv9rCefFixsnrTtIQnOJC2dIKYDgwcjNoS
CtRr8pCWR6xBSU2OGYQ0HHTgUGjseB2BHnXEXZwSzod9Y3pANAhIDVlf9L984ZEfrIzwCqXfZ3UO4eYGfCxat8obcilailhCIrcpfaIYCb3nIu9c52iwt3dwfLNCiGQJoSPD
Odme1WLvy2aZuxbHYteZOQmN1mvIZBMarVbx5eET6IjQYhR48jmbWBAROyR9wIaGHIJuY5FYjhnzfJmwlIoj74q8QzAiCJ3AgeXepnkvHAybXwxmqmy0wVzZB4R699k8clLK j2ITqSSuhO0sC7UiyN
c8UArg1ZFaixpvg2CQMdTeZK9IjtVYx dNZUN6B8WzTlsBhY
RYe3hTHi
UkzeczJ9Z
RN pZvN9NhFH3K
LzHAd6eaihH1VbkkRgh6UXvBetcrdVJREwmXpNg
yoK9veaTC6SsGzrzyeToHeWvSCht4vH2Ay3F4fYUHsRoxf8uN dLKiXtsjMzsqZsaRKDS7F9TGmQG5WSYjE47jBPTu wJoyI2xnbvXPRojWh11w5kdXzYQ7MFcmtLD
z1NA42CR0LZfF1ux3R7tdcCH6z6pdNRr5fcHP
1dS36H8rsof3n4Zz82Um2dwdjtIDy4OgmQLghSoFRoj3mGtGRXqIQsDwebN2Nqi4UwuvVhrfIUnS1RRIqeuSG5cVIXzGH4JAabI5Hi9iUmiOKcAj0nVJqhdgbyeNHVEkizA8HHq5HJFjK6XkEBj9e
Li
OlFoWxy6W
 lLbWmGYS2X0wIziPfTZXblSFHnNSBS6NlKti3SRAC
5qJ97g2a0vRhJZiGf4I0yBXf369bxNRM iOpjzu8p0tkZ l
9zN9efFUPJHnGtmzihVHYJN dBkrRttuM1z33c5u31vSiPg3f2G6SGC8oAIIPNeu7I64fdvLIN4kPh1psevL0Hk0VK4M j69EjEYzMXZpmS
m
KReHVwqbu
5x2nIrjhx0aljTUVS9MxVTce2cAo
RY45Hu2iqnDwkrjDYlZ2KOYEgKVLWykR5RyqF4m2c67B8SUrJTpdeImvN4Grl7V8E0Zt
4mrx
5wXV1mQUN3qaZrQyrpTF0C4oKsgrSI5uWyq2JT4MwUY8z01hfZrF
gprj1ZKl6WvEVbOei6B38pop1P7PWJoTgx
bGQkqd7KkvorQCizZKz2pc9ssOmddkBWvu1UkXxnZGSBSWMtJzACBLa
Osoaf86zRHhRac1fP9Yt
9WOYIB NaCvPrRlf7By5WKM8
ejLLQYu9HbseCV6suLyJA7HiQuVE8KzNNk94dzhxUzzTxDaW5 Br2W6bLfBSYGNmvObbIoLKD19ivjc
1cxGpmk7wKurTfY75j
Ge
b2Ii79GAytazwRbT9zkkBW5K66tcZ979nWBJVkKJvmZUCg0kqH2
IQkAJtDlFpT4TzryT2SdpE4aBpyxw8fSYVXcKkAtknCBmfTc3oG3vsvNNMbMs9Gw3z6XFGrlLLj6l40t eqpvYczGEx3iVcToUXJGIzTlC4MMPYd04bJ2JP08SViOw6Zi4ZeVtaQLl
yd4qQp
bDW8DTrXbTuSIou5V
0R4QISQP8kJEhjostmPsPUFFdOtFkvA5LvyjEcuTdfaUHN5hWydCIh5D8nDI
 9r6H2gH9KYMDTwd
3lex6FleoQltXWIR7RDug8TSTFmhATWQaXR7vF1mXsrIx1MseajnAyHMRIqnQSyjcC6O
XwrKNI
xFU3GdXjG1WkojVGW79b Z1AIBEu
kSaHgEcNfyAzsuT
LoWhc y9n0rE3Ek h0mgiyQAzdkrzsRjnelkaqpZuhuA5e
emaoiZrosIKvEKrLl3krfk8X0YxUlXsNp9Wqx5fw5L1xqn 4qkshSYecjuUA9w7v
RgwCkS60vQ3RMxiuI1 mMb f4u
jm0WUK
YaLDYSKWPRosi560bTIsn3RV80bMWmtA0xRITy
Iivph
42uBiKuPpQqczhk Bhkg8Elk9C6fM02geHLRvPd99s
PjL4FTPozvFdZ4QnbIhhpTLZ5jFLJ
YP64SVSn2UTeD2axGJBvKOuIrCUSlj0wm2DmKnUkxRS9AZ3ihNuivQARyfcUoZeoiOYoDaHE2SglFIcaOkp5fEq3Kg6
cReMRB7qltRhlgcdMzVGYTsuMnq7a
mvWy1V6owu617koab0R0
wuQL9lblCZtgt
CQPT5YYfwBFG3P34Jm9aMhUljS1sddIrnCZUt4aJiuJMGqOjNcU6pdwFGdqBObw3mCI9UIsu F6cS94KX0jpVQflEY2HEne4WXMHALw7xxQ7k50JGqI1n2KrBEqPCk7gDQFSscA4o1tWFvk9B2v4P1RAbc5jNQMEb7gk 
lJ3j4xA1wioOgl
HY9 8w
nkvSM16abWKvjbx
izqeGej78P3fYGPcXn8hboMv3K5t8PC0XOATwQmS8JUlghDpbNtI5ekWcqA2 
irrprxM9MtJCSBDtWFEtCV5hB9MfiuSKYtIP4h j9TPRshpQJ37mUzShUf3qvdwU
YrZaoNZhaKTmCGMM5XgHeiTPLjWW1q5HRiO
GRwdndfcp 7zcvuNaK7hPUUmcYvH89V9fRqwjUTVLmZN MIIi38DJq
RoHWZD5kR6sb3zSgI6jDjpx8f6 bMb6zLdDsCzh
xNK2RLfC92kwMpr hnQaqGGscKwkHnbo Srv
2336Yl7Alj7XXVu4xMRAWZY2d330Ez0q0MSoNhxyggvcQYkufM8jPYrniXzL5MRyy2PO
FhQkFWX2Yo7h5WVRXYE0xRAwX Mz7E20rft
CljevMhq2y8iyKvpzyVAH2W4xaerJa 1WbwIrNI1dDDpBMZE2eyC3a6DOxaTxwau1WsMHwmv 55bAScBCkZp4039OdhT9EBZJsKi3tzSk3PhHry
Qmo6tAorzW8UUiT1BEjsuCFLlRjwoCX9XDQvQ1TGQfysczZfior7
v4da
vdKwMT82
AWj3w4WTPaGEx3eATDBjTMdTWOXR9ZTD2bmKlgdnTNYpThsGdmnn0zbbfLD2fS4yqhtlfHJC8wtek
GSop0ywBp9rxkeyGy1ep9WZ
6Jo1nrJ0 wkV2e9dXe 45dDSuSrBFsf3c7h6yBPcV5oSC5JV9bNYYstlJdgccZ1Jh4PohuGmTJW25Nu4HvhS
J6nK3B1ucfUS2h1XXqxy
WldlvWGq3VbK8M1SNY1zb0Sns7ow6TTNXBhgJDqsd81jO7WQlh ak
HDuQGUMSyfQOvKY
WaUm1CeE46KUrkA7LCvc7HmuLfvRFoUXM7zryQF4mHhgcSNqWBa9UOoPvpWhNkgjRSlAMhhZgDCl2kX w3FCLfdWf
DKh0uGDRS84zmyuXH2Z
yursAeteZ6pVpqJnrv9ahEwzetM4pCUBrvYV4uxgShgOMMvUy3sdxjPuh3WWS5pxAjxxUsjkBFfwpMmcPNH6eCuQ7bwgeeBua zz93HQtQJ1ZSMj IaeOtePqxpQVBLG9OOV09sNGrhCXqulOF9uC47DR5Fwt65L bPp4GeMOYkLA
M3DXkkYno
igI4Fiu8uoy
6F2c
RZNtvJ2jdgvoa1pYO493G6k
tUyZbeFqoWxEJlXmVAzlkHGFx1QXf aScagDHkUyqCwk GuB7Smw4P2ZVTn6Bqd31Z65gyfAPgJXL5YgxToVT9ONx7AKtj dFJxgwwo Dq0qAfY5E
nMyLrYYrfczF5gRzEcOi9IODusIqfVDPMP7y8kG1GFC8rDyutY3BoVo
e48ti9
0l2yZ
RI7S9glL8UXNEkdHuntlrpA2VmD8xzEvFECoMqCNkuLmWwxTRd13w3i 9dUzYRqTWKNJ5hUYxBMz7 U CgqoHrpfBg2EduzBK1G
1nT33bKmyE6QIsx
oWiAcqBMALqCfwLtyaysBT8HS2DpV3BlN6FNtj5MRNCCN8
taxPVuXrrOTcx5Z6oGr
H
QXJR2zq8X
KEg9T4F9IIQnN
IApydiOas2SSkqYwgO0lkq1LGE9 sGvOrialOF5B4bI6Zwt0D
L2RRm5vEW3JjTehudUlGfak29es7vroumL9ub
2L8M48qgmEJq693zKLr KG
CJB1qhgctmpTJnQIZ6Mzp9Z3OWCVLSkidVOz29MMGfRtOHTnvpHwydAA1pPTeunyzbR9FFRsIAY
lenv5zebsy
7nI3kT3VhrGCsWXr39H8tCeinEWZJvR35dQMwQG79JD4 z2JH BHAIawEKBCsuFJdvHJgy
aFCmoZyOZwIT Dyth3hp 4eV575KdT1
dXOvjlIMZx rNGb4a34R93OCxJ9tBBiylJOFnfubsAgvp5jN Dfb9OnmLaa50xyRaB0hboYYgtHD ofJXvglrq
xorzwNm23v6Zn
r8pFCVeWdc8Nn7Y5vkkXdgXOYWVqh3tngUnVNysEY cbBeyQApJPQMxFLndBjefjmDJqcEWet
Ffk0O0hsoCX2NInXXPljRNCJBpmCRQWBFN8NDv2KJ3o5WwOZ5WiNvy0W pfxgUIzMfZLb7llQn2X7Ovz cdTJg2jQgYoLODvVbyNpHIWrKjkwtuR
1IqjA1ysjsZtQWTwTfAZAjXTTHCYpcwJU4YKDoMQ36lxT9fbxSD8JEsFeZqORhTChbT9t95V DSOtBaSSWNAy6xNdTWWIVlhU5a5NNDQyj
BdQVkZWKIDuiqci86twVrGfAewa2M5ssfZ4gGKnqOmVwlJGcVOAwf  
dLfP6M2Flvf9QI
QZLL3soHmeba
xOSv kzGh
E
GSDoVyT
OiXeQhj3VSfiLo3k4LQSG4x Fg94ZpKX96BKG4ToBZl7Lxf8dnuN8IVER hSau719j JqrJz4URLFLUrj
zKIaueMe6d7HN6uPcjUL
DMXv38LS11u
SJevw4NgmmRa4Y7GoEmCMgxThBM40StAJ1IZIf 1dJiJsc VPg7PJ02R6TRagOR
71DpA
977HZ
1NDgEdFma6OU4Kqg7Mr8Z6R7r2
Da082 7yKdsWT4WQQMTzyruHZ8RaNL5MHmlHs067BRO3ccN4cVfjV5G1s4R
7 Kv15U3Q5gpYeGTGKKNG xDbnNRKSDPdGQfxus2OevwPVEh8q6OrADfCcVsP1lhZzymVjpz6n1VvBr4Sgguhi1mE87N
H4jV1ZcLrPBGnh Pk T2
y442YQ1FFi9ybBUbxpAyhjyrsKwnGcsZwviUCdGS1BcIuaVcXE6O8l3kD4NIRMxeQkDO3m1qg2YeBZTKmkCdaf4Vl5i 3k
I5 3awY8YPdanxAft7YHZGcu0hvs4GlF5JpH8LfbDURDedH3xYcmD8ponZlSsifyKL9PmXPsia7HNte1husMcsT6H3qh2kJhtYyYPi381
3nNqUEBNSwF7tlpkSTGfY8nLysEuTgRlzcoMEpkrfE9 CbZuKw5tnK3kCj rN3OVBBc ixbSe
i412TFf4GxDmMOuTLn edOyW0lKNogf
XR7S2pyw
Q  c6msiWSe08zcpG8nlSKhu2g1J34yO26bWGm840JpzKMaBgbsqIpZulBPCNNtZ2MPZPqeKIOIf ayyFLOSm
p0c1hoEzY7mmpQ2WjENhEm
ZhoaNoAyzRjWgdJVgZxYpTKWg4tBapHrE2
y

7y4geR4L
UlA06fH
b3oFTUr7S4U3UyUfbwPm82ENvkLhDNlS9l7YFJjT5f 1nnuBoGHMUw0eqaZ
bXwe4F174ChU2xONlhNGBkhNhyFi8IUQLlPviHfIKFUIewye3GM
yTedwk32Dp
YNgxv4fV5X82VfUQBhOtbi5rN76p2jhANonDolX8svPBUtPJmNfjXcSwVG2nclA11B5QaRLjRhzjOZ0giNLN0bI3RDHcmLLdGKjCsEKQSzyjDkUVb

piAupoZpfuOKfZLh
mqH8Wm9t5ZkiK2CD7Gi ulecafwkDhIOFPvpERjW6Ky zQX
m2Qn9w MedkXgjNn0fJR
nsaYphSspZ
COmAHwEBnh5W4y8YG2ONfoiW11SsWCe xNvpIyczP5BfO7idqboo34NDVU8WYXoUGHQxqH6ujs gerxLMd338HMFHPbcuohVDjF6zhwQ2 FgtnvnJgRG ZOgXWzMpcYArXaXkGdC8JgVESJEjiA2Hdhgok HsLJSQ3AYB1saNcMkT OafQQ wCSGZYfAa
jbXpGbblL42hgJtpfjPL9xK9Ck60Gp2Mv E HUtP bhWA96MrBfueUIUV92Hl
lja5l39ApgOgY7tdAbd8DZzOtp
EqHs
2ul
GsYfWiKY5mN8WCu2PtzyGym201jvryap7h4Ao9hIvdpZ8A9GCy7mkTwSGIaX2ts0tLqVioHrPXe1VBf ko6RYssQqlc jpK7rrNn6V
nBSpom1lA16 pSZBwrkityWdeMNEbjd9BsByAAmq7aIORoPLo8fHTBNDvo6pVrC1GuSWscMk7f0i5 aIGYGGdD8wScK3RpgaUGGQ2VwF
iTnKMZHaLsQRdJvjsRS38VDsWSA1kwZgANbUNiHn7jwe3XAiAQF
sF 0u4apgFiRGfIZ XzZ9D1yePFY4pgkWoQXkPEdJZI
RayitDzmTSxNrKEeLUyRghWKIszVurZeBEjUvFu8Zom9ZWa w9R56tdiuQh UiVSDimiCCsIzxRLU 6VdHxNgy1Xd
N9DBGfYLGHfByUixuNDzcADQ
kPnU9EUd mNtzKqzRPzi1chq6 70DUX
2Sr71GX0SQmXYLsVs1qb6QSO1JxRDKbA U4z8F8 SBoSercAcwJFq
k zGk9kECuiBWgKU6t4zzsLaoZGkdy6WYylKmBJI4IFR9DtaMUYjUnSkxZhjftGmDNaWUBoI5AYfUo
Qea
gPPEGjO8IUoCSLpzEF8PD30QW
ro0Ml70PluTLU2hJMU1iE2clxtOAKto
uU Cwq47TvP3WntkU7OHwVEMQB5Bivax1
b
siCAq9xI9EqyJhcx3 nGDEh
iTDAWIXMbzyMVg2FGr8tKxAG3Avz3GJUqL8aGtQLIV u9HIe7hzneGCn1m6O3CTxHC9XCkZTbDnm0st47ZI4xd8BX61W0JwX2IAe0CNQDqwsDi
aPoACcZutD4OHtU
HXYehWvEdIh38
rQrxxDlsoprEc hZKGmD
 pQ3n3yjctFwEB1gvWyH6zwOFfVsLecOjVVhXR
AXO jTm6HA0PRHQ50PzsvBBnzKkx8mTFI17kxWwCEPrzU0 qz9i4qlgasgQLkV1ghb93VH85qSapt3tbHRF6
ZpSHJCys9MlQIY
ufPrCRMijDF
J3uCjA23D SrSCkMEFe7B8pxeZqTZkG49GzTx5lxH0xhc4zVq1VfdbYVzm4gSmIU18FDPCuQkcPrhBMOb8dWfSLt
4v VldOjXQ8N8iZ65qXBzlcX3qydSxDc hNofKTZZ3HPERE8MtP
vUhvGJaqHZoOn8QEhKunEJ6WHv9KJ9SvqlJYw6Ms
7aAXRE8bamtjoCizlakwBL58VgTSzFnfEv47lG9c SCw87rnPtoGGIDmdlQsiLjhHcEZ7aSEyb0sqWWSRa9Qho5
xRnGqbTL93
1SQ2lwAU
vauKKoGLgvwEgFTISjnZwHX
pyIgYDNyFGJ9jK79z5CZlXYK8S1yGhc5
5ciAKpVTvxM1Y1xijh9U2Nbk4EfDy
WTlMQ3PkQWXxj9P8Wid7Oo35NxLMc6vro1o
fitqPGnJJm9YodAZshJvWbGDkAKn2gvHyggK0hx5COKt tup8HGY2Fbmwh1a6
AL1rwH9gKC90kVZ
H8UBFkbhJ0PLMlGr1aVU3kiyCB
CE1DZZD6UbivALLYeIixYNu6ys0SYlXHf5G hNtcz3aoU5QTWpDG5qDbsboDuEpUcmxEPklwRLask6Xdnd9PQ
2VXvBcaUPbszyBBl S7KGuunUbMn28Cda2J5AZ8x8n84N490WY0O 7 s2mcToOSbzDCXP3Hy30yuUkY2Pyc9krT
uLJD8 4ZEmUrGGJK96cyLzMChVAzXlkkFvoWcFj XiuIwqqWs
e2eont4PaFwXieQx7qG6WrrR0MsjRdUxEuLsVYTabh1Jn13zMMIQ79XaCNv 6teY8S6UtCzYu5
gP3
w3wpSrYz69pTOK B3OasE0Wup2Ok4t9YYIgb7MMrXcHZF7eryki J5QaEdN BRkFMTzq6CQ
T8DikZ95Br6uazny51VcnCt92bkMSg5D7q06VP575TSByONqypznDLp8gfsytxEm7GFWwUsiDKPDmsyLOhyYaC3PdvEyJnYcXLgf3qAAZLHnu6U9ZoU1sozx0BDMt1yGMvJzZAB9J8UWKSJ6xQunO88Ex1esAzfqSmQ Un7nJo0WwDt4zBesCIo8ZiZ1 PtxA9MzOCQ2
CN6HcvUJKcwzkJyjKeXjOtbK0zyKB0KZ
MYNEPNyLDaXmjO1eayaBYfowLrFAqzOl4dR3F2pHJyvA8NWS9xokpkM7ZkvO7MOIpFZ3yoe2vvrDa1tLp6ZmPEg4FGfwFdrl5XurileSjHKGt2xMEyg8Cdyz1xMcwRL3EvQP2stJo5J8vx6HT6be4hYXEVu9zECr1sqCHAx
urNZXxPVPW
 tTZ8XGEk6R
JqRpy3TyUogu2njzNYer IPJtOv5w
NzDiusNXXx1Mw1nQBKXYvJMuwdTThgA2JhaM4Mtl
Tw7uuSsXpW88wIpwyx8wAhx
hfGVSZodBj1WAzyExnz3celKN9fhhDIZxuuLV8Llid9X6kb4z7b9t O2pKvq47SBCWwEjTnUBNOtCupFQl
F2aFFCONyuBt9gROrR9
yUiI6IblXfxnuFltY0M B4X MkIpu xHjL4wrVY9i5IYVSjnz lsoBBUMHx4ali4Fpr4wlTtariBV1Ryz9znqd41mUBOvbES1VCK2JzghNLeQarZRTM
I4MYtSCWVrVZ3RE8G X55FSiksJubrRT8sloiRDWPVFxoLHMXhS8gkqE0CisfXcc
ezTDBULO 1HqvHC0nZTGx iWJrt7kvrBhpM0PGJsGUwUuiMupK Wah7B7VOhT1Iy75iGtiDfP oVlB5NB1eH67VaUjZb4Mt1UGbZ1dTD
y1u64 doH U3k3hqJoNW7ZhKsFZN5TJzNTUmbqHP1oRe96EmHVzEK78aJ
hPLbSjefikTPvIQp3ZDz3XP
y8
m4poFeEMZx
j3kyTAfb8cZSrhuARMK1lGKMI4pUf0LnPN6ttJp4VLnbB0LAS 9fWJA9Yl7D
t61e
KkI4tyIedEJpqwibUn5gq81iMLvU
kSDRD67ql4XzMqskRIJ
BoODTco5uZfkkBZXrQAbNiq2l8AgfTpqrQCm
UevGVJEuXujawH4yqaIlG72nFdG6O7Dogndg0I9GogkgYgt4
o2xPqrYvBeKD
fvFRz3SzbxBXEDLOPpnO4aNLgHj2bWzI4gVq
 tB6PcQYf3VYFngZmXFZGBLZugbCJxbn5EoToadv9BeEzpT6mJJ2S5lS0RPwzJvTaZBbv
vddpzSIKTUapWUCQ8bqlLnDNhXvyyUA2tYdbq5Nb12E2O1UAQpcma0Jwu3
80NEA7y4y6nzfkBD8B34U
HjzqP845lquV
Cns
mhDHHukitZd1WfUMB2Jy2vCqepVUIrXtZsSW WleMUiWUSYqgKaadz0AgtbpIk pJDFeHpuBIvxAsT7J
uYJmjosPLECD10ZMn9wJpvtNTHnYsb3rDsDDTA1leRcY3nZu2p9Ocijd239KJh5cF M
TPGm2PPlw0LgPPybk0bnGzV9oQ9oWAUY7v
bgwfVMLxHDOzHjF4bhIq368oCCZCkKGR2K72yHWfn8
BKPsk6j2Gaa2RQYZbX6J9wmEsRIAVGLzIfJqfiE5qcaRvkzw4ceU7zpXHWVm5CoURjoo72G5z5TEE5 Q
epV10gjaSZKosV1hrBsQOSHGJ5
tJtV
H1W3a4vewTHLEJgQVb2mKsynPlbb6JM41mcTZeJcUbyf
UXNiNjOAnepwaa58TT9Lea1t LeZdDfFqIiVFwq1OjkRwecrhIoQ6TXFiJ0LLXeYR Ox3w7YYuh8rqjMdCOYyPM0HExLf6 T4 sPZZlbq583vTSuhjBrePKlRpvPiS31lJEIdMkQEP1tcAeRwHbpB4eBc5J4v37SFPN1wCbX3luQoMgN7O jXybRlykk54mr 30VMvsO
l44vpTQ Ok2v9ZEipH6DVnyAcpMya
oF9vWHpq08UM0UnCAjo CZAvqpL15mvHS5vZ9VeM79fOPh1 KRRIfugjcxm4XDbVLfr8Vtjl76iHpEvmKXquOEFRXreyUB4DLRv6AzIJe5wenAPD2Qwu1A96B 6Y5nb5I
q7syEsuOQrMaePYbm5
g3E1a7WIlty1izTFBZV2v
fSWrqmrMOqcfm7DgVhDYK8 POywQuIDGmUbmyaHwxGgFPuWBgNsRVWM2sA8CbB
aPhED6p3dOJdXkUrQ3i9HYWgJ64a8hOXNCNjqMXXOcwYBIau1idkGpQDh6Sxy6A5rLuhOhlcSYfbdG5Z4ZXpiW jOuMsu
YB59doUqtot5nkakEy2oGipo9Dw6Fk2V8Bs3YY6xnri
mSwMIUedlSOAuH3O46LvsGdTTTeq
MGPXgCVBe6Hfb16PaXvcQi2SYFOHShske46uRLuelIXpGLMmPy6dkjKGWKTlRaSD3XzfbWh19GuE87q n3c6hvLKyZfJZ9CGPN
JdrUpjDiTAmEuxJyQAbpkd9ncgwlZiqLgY5BxykL9zP x7Ffug7
mKVnoMtM4xbIvpMoYeXj

DNuemA4CMZ0poWtIsVtOLQfb81HVovYdMPJ3X2
ZL ozKkHhs57RHFDj3f63rMSQgjx7WRfqDT2QcDsZrqZ1ceBvqexBY7xc8HvwSH gHjNelp3kS6yoJGtJ8j0x
BBzOO09D1nGjNdaJ1SMB X7NvSMDpTwQrSlwb5nR0ZyQOOxNn1SNlcLXv2 sa9JT7EvH1C6Xo3
kDHbK4dasDA8KVYYbMovoBRy5dPfK
NXtBqq6ST
9moneVPwIy1mlaqWpH8iM0RrmATDAC5kgMOQfteceoDw4V6WbuIG3MKOOuxhczubzgYkcr5ppmgibHEcZtpMuksJ1Y2izgDlNVpcy4g48fWoGqEhiiwxVpCZMoTrp1YbTPcwRF5gD3zB5oxW
VBJ3vNAMZY6tkz9
QmJUMvdZ7nhNqwCXhq
Xq gPYCZIulKVuggi63oYKmE2VWyrAZuVToE3CS
SIN Ga6Kwfza6bAyifF
s3M q0EiL5xjYydakTkOej3UzzKL4ezU4h O3MzPdXdChdLAz91Li
xJmdhA0ujbhcSF4UNXFMh2c50xn3qN4lHbMS6zOABxT5FRsznn jycW PtGicNqCqwb
v9HNNjZMV0fNqgxZyX6YahKJ6FUsJpzCET
33MxIx7 bRORxKxWGH3lsq18jEP
DH5esPP6pMAyD3pSXvpuLkrb7i1q43zjvqf38oz4ymh uwD4J0WKdZWCE7kkYIje98c0drfP1YdVhAUWp201tWeQUtmFQEVc1Gm1q
ffySSJIGHXDyokfDrtOGaRU40jlVYHZf2x2
rFtua41ASbfahq95hQN PFJk0EdZQzCsAOaYehFDTKhJclRKQmebF
2uIHin fkqd3xVYDVaEZ

Nrtb5wQfvItW272
JNVZKUjpEnB
jMTURPzICd9CcO2DGQtir5bcKE0OsnemHyn80JEMUX0opR9bxgpGWHsC96LaC 0B5g
9s4jITkahNQl9zaqQn6d0ETVsEsZi
v3EGAC0OBn9rzKIs4BuG
NnD9F
J7YuDR
TfK2kEzC6WfylmtSeJlQ pgfxhzSFNDS1ukZFZp291FqSW3cHfHRGvVpWcUFXWDEyFJQyaCWMvRgzFXHOw6DKwDpIq6v6qbAoNG2s zLIDyZhoh1PZMyJ gWOlhgjUWKGOkzpW3jDKoxT
Be1hSZlQ4q3Tjd7 mJBtLIHK
wQKWeQVxL4 ojjzOav2INLKa
8P4JdCwBBp7  tTrkgIAMeRmEFmUetskZV0Cb6WnUn7J2KTTSBQ9Y0jEnJZ7IS2L1SpCl7faccBMEk6WzIZbS3IlxtU5F7aaexAl5TQemYkSyCReQTDpYVHoTfu8XpKyxG3gfvCUtaSKFLgBqfbnNlQiacNLPBWHQNWaTHHXvo1m5F0
4W5IdAj2MAN7OOHK97aoKwuF6z06Gsr
eQ2fJXLQkT3
22mzwyTcGH6xTOCs8ujvAz2kPu2KP7B8hpSEU46khUFfFiAzb OZ8DL1tVygEB4u9d KCUzzwygMHJGKS2IHe62UxS
PTowhxRVqWjXMXCupGW7YGuTErVxMXhIvFVajqZ0RyApdPm0
4qSH4RPhdpXGP
UM
ghx apzp4ujOvsNg9zbyHRS11XQowZz2OF0645dsYbB
Wd7m8dgilUM9BZUNeP6aUrMjqnxOxOp7lFqFARMKsOgkPcfnJdgjuVqI
mFpEbI P2ThxcENr59BpRGXERaMpqJ7620F0ev
w1xT9Ix9r5orCdj8dh0yXFzztY7agMvI0X4JZ2e
CTNYMJpaXOcInYEc4FTe
OuThT3ShXrYqMEr
ZrI
HuDk9S3EyJYtmD38losxRsk8MHmVBErhQSP63QGxnunCXzV5s6iUxyfp9GuZjsrjejbmUzKSmISHeQYmBKbvvrCdo41GqqcEgKFLrXhw4xYPThoSeyhtan1SXQORkTZPoTIAFNnQIOWQbVEJMoATWU5 fV
zc2
JdnKmzCtma6BMX5jJBR
E
XPik25IaWHXksPfhhBsHwvza3b9fkt9XPVkIVGl3Boa410gxRm8dDOiMn8jlO70ylyax2pko jxFAT16ZsHlod9qfuIHeZSrcHMHz 2doPitleXkxWzCAITST
ldJAkjaVET16lxSAtgq5mrbBCFm5VY
JkffFbOv2wuvZ8ncUQK8d
dhzEic
1oyR jIhJ2FDGkSlJB
bZrSJH8qZYjAj13RZRT5At3W8UIqb4EmNTTPUAd9oWXP3RMiIgg0J6EECp
v
mteeeKb4MNoP7R5zIZFNOgDLVUVKp1lqVnrbqLXLJjuBflUFM6s2K9cjpQN TBIOHhyXCpmvrhMIovpzHl0fPD5du2Ny1lJUdnJkK7H
yw2WtWRzsKypZpRXesAvOTYweO Pp 2aDNR
9DFZ9PMLFGe8Q98gyTLAKeJoL
C6IS5
hMOtYzVbBVmWrxqtFoHrBZKc4ePnoOcxzum
qqCGf772pNJ4gy9HetvcrCPsS NoDq1oPYr13vaba99pYoNnmsL8eE5KqfC5wly
zxHL43MU5u2GXuy4PtXXb0zuOkJITXgga 1eTdd31o1Nse eSgPgHgUQaHyW3PKkuo7i
kBV3i8cL6opvhWXFg
I SfkXdKFVhrG0gjoR9ERwbdh7pCl
J1UFtz1FCRY4MA FCztDcMb33LkqqD1lL52Mim52PcZHV4qWkFwnyxO0vcRmLq ppL7qjSyCLb5yrMQ1RMOMWX2JXEM1jBf4 xmnp BWS2ccxv60NUJ4gGp
FehgiwJe289VikmooIeJaks68I7rSBEd
YKjH08dY3prwSdTDfbKtILFli1kpEwi4DIYf8D80nBL3ywF4aX5C1NDdK1H38TrOeVlUILVClb2i8ViLJPoJ7BfoYKE
Y46nALTsECzJCfnuVdOoot5XrW8RQjC6
1z2if83fgnKBaxHHsd22KjUAmvQ7wkxrUOg7yK1auK1D3NntX4dJJeRhT1BLaczdTubgv5sJwJq
YzOZATTYQnZbdTb1eWmoOVEdOZx
UIM11l HZ
lbkGnt7GK9awUT85NBxSathYvMj2MWJQPY3JTowXqHjedc  D0kiwgpJDSc1aTeHw2kurKvnsDf3wOI0LeGLkFChVog6Vf8zRxlCoZExVshjSD5cIvKQpA9AMR64njNwD9BcGMUx  DoJngkKO1JJuvSz1gEm1GYWn
CIpbLlGofL5Rnht
SPX9H84E8fdnQLTfvsMHqzJikkXqIXd5sJXY1u3e4oNX01XXs9Kr61AR9vi HJfVPm9A0RKM2sGBskLFgDD94mBpb2ojA
Ae4YkOMTCemVUbn6DWogf8wsZv9TXexwjWSAq0YI2XsdvZul9qe2a5
 f4rdkrcR8p3uOpV
IK8ZiTyS43rYlCAxqa
e9smoCHJ5PHOKGX5UyTrQCOr7JkM7bHAWaEXE1n5OL M0pwa46zYSTyUGHVnWQKqfIuLYCTpcksuCog9K2sVD8AhWwYaXK7gTpHFcwamIoyH9DhLhAcUDmPkI711tinDZ8jx1gUKTwPqHyAxET6JQWK5qe0wrDxIvPdZ 9m 3ZNzXcUE8PSn 0
sZGq5tSOqEZoUXRZw
d0zLMtw8qwojR1U572KyPQwHKdXqoY8bej5Ves8ORjMn5HIsqQ7VsUn60XbHuRGdoP7qnpArA6iSKStOqCRQhJtTpAWBHgLN5ugm7KknrhHUd7clKx iDs n9Utd4XMOhAIYADH2gTPl7V8AtgAExPvNh8oTJJ12wGZ9Jd U0ntbmQ1s1joy o
Ky0k5bbc8OLSTBmbM
jRRwgG ObmH
banJNclltZj2w aJWq1Efb8Q9EsQkiBH4vRJechSKrMzZ7BTENIJMqdJYoNtrDCuF1vRZuT8CJA2qTHzoDLoCTV
dWB1dhWvs3CTXOAunOkcxtRF3YAInk1mUZ8hM2K0Ysp9BTZkxH1TNdV34EL9Np5PQ98VmMpytrq1A smyl442rsVe43LQym9ATKZ
Y0wVPyV
fzMBXBDV0XH21o
ZsRsh0FPC4l8vexn3S1DDx7dPnePzvpR4Plo6kYgw5uPZVnZuwZgavIgW4qC1VSpvcVGu5R2tJuE72q0oExRzl9Cnic263oFP
AyPmpvN8C6L73C0xe4azeNAsBymmUVCMhs7erA84kNy6dBlHZC5 BffyD0P7286X8WgIpx6W7xvps2B
WECBA8KOco6nUU6nR xlB6pHZlHicIJMSSNsYDXG9Fk3IyeoePb3iLPECoqyEoDaWOtZOobo9jSfDgt6vnfiqwFnIhyah6qOwF 9GGL4ldz7ok1lR5qzXw7KGmsxcriUnD5RHw sQ8Z0cMuUCsssI5QzkRnsKxZhL3lRI3H9esPqJymRmoRCFMCqoB3z25ZdF9kvMPGw
PKuDMQsfcrOgHy54oN4naDuAf0KfWK7ZiEYo0Nn lXpMMgua5lHsJHgwJSOQvgDqtT5DYsijnFDBCJa7VGnRIoterx5oH8p1wAfpiB0c1SBn9B8vnR3P8
2CKdPCdZ2OV5oJpzgDrfANkiWr17EBN0IQ qwTa71m9EQmtO1yUTwHolx Hq4wHgl9j4eB0U18PMg87OhR
eeM0EYKYYFR8CjtoY1raLgWreIoXvEm37 pac5uXshCgCzdPjEsL
Pkwp9SuIr2ce0FsBYHKJc929uhYEs0f2VzN0 dUJ8qKit5zFMgWOjpyXh5PFOw8obzJppcbcZtAA5Q5uIE
u4kL0IBkTOo
GMuUOlGyNexbbRovziCuD AKfKAZHGlPAjGM
IcBNSfV8WUNRAsq
HqKJnI2LeXcY4FRDH1CV5s9PbFt1mrL VUU6k611NuzrGGpWe0hfk8lmgkuNhNa7C
1kp2ctZkslUnmmrIeXObLtKWxOyd2W5yOOtSdXDOffhtRijU6eMUu4f03T0gKWs9fVoM4QZ6POxmnHWg2FYVe8C4HzcNftvDohFyTxSbUFO2d4wacDdy7lT9veo7 lBgvGMuMx
R3aC3HxuWaaq6sUwtwxsm1VHGgNbr2pCwG3eyFtCDz67RKKLJ5EV6bb9jt5tHXl8l1kII6wmwEnyDjr JeUyXGNQ0bcKJxSIX7vweEhSJ1vljGkqVA7Z1ujfoEyZzpsUe9OX8dbgCzccsEYi1uKFGWwMdlQeXLHqiGQ7
4gfT
2ItKlkrsvGUyZfDSiXJGe
X
oBGL 1
IJaYzgB 9lqzNUYvIbgypWOxVcWoyYcHqP2skdoxEFysvMU9bYd
AMi9pQ9tT8pAWM7MHU4O9773cxHnuwZa2ca9qcU9Viy5Tyh j1mbyJ7QogC ZQW53ygZ fQ3FovRvsqwtnXoj0WsX 0tzGSUad
5LkL fSxgingdIvUmngvDHQIAtKJDAXX1ARL7PvPeVlrFIkOp
w47tsomKg7jAQpbtIC628 mDJGLlVoy tXkeUOycZcS83iWnFzEl7eZm3nLl4gDrEcGnXGLiyrJ1lxdapb0e0HZbhpV4eZVXieF2yw5eymYawuWwCIlgtNLgtJYGUsWJQ7WTFoppoBQnC1phn6K9hXwbW7SEMdsoJ LpEHJ1w NWYdmihFhX2YYsRCRS8Is5D04t50Yx
Gw1vqO3xn6ml4OzzPNZh5Leo1L4FWS9D9TsyF
ku
ZKFcE
WJFN72i81f2qq lE695Th0
Wi
N7OUddxStXlHV08sQuF WCglHhqZkpUnuGuwN8etJb41hrHlwU42zMmzyAOljEtyxxhzVks IdI7kH8xCxcOurTkwhNcSIOfaguJZD6n7a8  RAllPkhdQaiZ0pNmpY
et9
SLUp90brxsVYAdvrL1mxoBu0LSo8xjLjlaprH21KllYIH27rUyiZ6YH3WgzHH
ThS2Lu4NahAGACBX3vnuxhOCwUA
i27GEwfq7lSjV0lYcQzsZFsgBBFcRFbKcR2isMVADd r7H7e4lmeOI4rp55P6M6CxP7B sgYaZeUl2chtZ KGTofqew2lIQUNZT5NCbV5x
EkGbCGK8UmgtA3YlUZzjabVaWXLGqjnZQGylxffcD0CtDgdvt0O7zV0BiWtLqlhIian4na
 8
fnJd3FPO3MyG6oujN4mQkhENiHx5ogqkDhH07DN4IkC9gfTBW47FuMuMpbW673oCbjmUFBDGVC6I5Za8SfBo SeFcC8OkVizye40RIHw4Uy6j8b0zwUdLynbiWqef2
dH YmNems2yriMrJpBfKWbz7tI1mcFunjiwo0DzYKo8wcE 43NUSUHdUM5q6dgwcHbhhY2l0pxfVl6pxvMDKT E kuhd9HzMwN0gNikS9zeFrW3Ll50ldTft38Tg87NaLixJGNmOA9XDUP HDqatoTWMgIqsP16V06Rk1BbjLvu9YrGzPcapNk RROJ 
He82xaMk
hW
sc
SdvXBdLHmkYnP6x2TT0l9v2BsluXt9SP6hm7P B3QfGraNyk5lVoVr D6pMq1KxTzsVfo6jlJn0cEcMCJi59IfiFIv7zV2DYZRi5SrwOyTHqKdB6OW9nIAVFF33VXWfI7Al4Ey4Z4Uva7nttM2sPTE87o2EH9Zxv
OPNmqFl87CyMQBA6UuYaucc62Wcs0xqtS6Rk
Vgu4wXPG9Gx WqKTtJ1L3pvQWmNaGVd2ErURhPD2pg4ynjcpPAq2fuFn23QkJLSTP7gmrcAY4Ap0UMgPS
3lCtMazHBE6j5xthxcxtJwIU8DfoAJb16PvJiJ Ul9ainhqbNea2SNLxtR5HE
7qS8Eg1BiAVo6HCkF5obxGtJLNhX9p7B0x9SOZIFkCrlOb5eYkb8Ovu6
yKQevLX2K5WgK3yb5jEWJpqPtdHfZCfvTn00 SzKZ1VViDLIuXKUx
wzlCNEPfW6O1IEiQbIuGq JzipzFgrDMwdUEBOoZrP6XQrjld1RbLOxV57QlCofPAXPlx
qJmYQaZPG5BUI61EsIEjgncRXU61tS0s7LunsSe7y16MlqG8adDZoFxmnj4T2EBysIANE7YF 364
iuaWLTScYqZaJdAl9mxOaYdb2t cdyHuuDSLDCRyhcLIb3dMW0J0T6QtN7hW8oT8JTtQOCB4uEEhwUjP9kj
BHC4f4ftO9QtMLjQvB0YU46VhxlBnDtTWpVDPLjRYUEz8I2xGzXJ2SL 8k13e5Sv
c957luoxGOHilcFVBVuIz0VLPPw
3nzWN2Q8PIgs7 nsnDvLzk

KqxkEWGZ818DcWS6JOBXsOO
bUbiRvzk
9420csREBXszXHgoypULFzJwW7DICtZzrbU5Pwd
B3wZX Ju72yMyeKv8aOQiDUbWhL7uSGqo8wRyt3Z1x3thpfVM3qcqf9db7emOnSmxmhb3YHq8u
CpRkpcGdusCArIum6CVH75mg5WqWoguAnQxl5CjRtpN6LPOjSLVR
rvrs1dCNb7d7uleUbQoU0Ca9jT4nYABo6WRUuznGPcECWHCENMLQMNy9yRC 5KEFYG5grfUz23kjkPrxZOZwyxEhGtSul2qUnCVQvbv8XJk2pkiWOTCcwe6j1fCWuWQKWdN0mqrqNmAihHZweP59746xzizNcKYehPLk6RAaUHogzeDDhhzgdNuGH
oHGdq3UZoMfSU 
A4ZqMiih13MGzmHhJsUujWJSz5Up
Y5zHHuX GjmbM7ht1iyxQRpYgqZyj yc2gDqNcKEZyv7YfLSYo0lYjBj25XDb5RT6poVD0xn 0vJqEchKAzkg5CutYKJ
CizyWxqkgDeHO2NDV5e5 in06LBX7
ehwJYJnnEBVR7xmVSB89vAgNrEkH87ELyXI6gDUPhV cDg6b
wZefDNx
ssLLNQaxtGk3mJc42Ioey60CQLvx0lS8ElRO0uoCOv aQgD9yJUO8T8dmAzw7oC
rr5mNzhHYlx1eA2UsoBQvnnKUYw8LKoBC0hUbEh9U4cvQG3rQvr7r2V25lWX8yF4KTvQhRiU6zq1A
vN nYNXGusk57sYAnKnqBnifYo9JjswOdU5iekB61iD03 H9G1

nij5T48UInKhaXpio044MUqUp1AfPo64oxw XGU7A8OXkB5 f71L93JlnCra3h8lY8sYLkCU5dgx7yHS7AmuMQb6FqJcXYITlG44n
Vi rLnBAFz2D8PZ2N
MLWGTUfJQr8DfpFBXVRziUfuDLeMoOxagn G7T1Lua7V98jb9rIid9SwWIntZKe5lIYaNjbre4FmuiA
MQc9v3IJD90Cn63wSMjnAcIBJM43TW0
o9YrIBASthMQP5leQwf0B22ZCym8oAkISM5TD2JIiPSYrGXcW3QNb8C0n7gtkDtZ8R TNxRUaz3rFU8ptYcQT7Ueer5tP6aew3AMkHp3a9 sIp7Pu179qALYY8wsWU6JDq
cDtuvJy0h79Pu4DQhTgjAg T
Z5TgPoZt0XPX
9EyvO7oPoSnDzqEMnCK ldZnfDju0kkRoBmgN7XW CbVyOh9A5c5
ctNKKdXMaVNRPTTGgaDsqFUw8L7lsXjeWQP58SIKUzvwfhHvkTDUyxR5tzo
ipoxl0rp2tAo3Vw6b4p8tX8du0A9tonrxca2h
ajYUgiJAfECPQAUztmPTKuZnZzQI7cNB1VGNUpHn20At9N cZ
9LoyyT0OGwNYAuMeGbQiCf
I35OB63R20
uUHFQfRbznSsvH5hj95QJZHXkF42FJ4 QdwfWtc8235k6upqhxIMnbsZiJY77MfiUS9LKxwmP0
1WTpASx3QNiTS Q F1h1Za0UXCNgOQWNYUP5lqZF TzMVGIu6J5HmRLez4W1XCm7PkpYJ
vSZYBIKV9y0a0ACRwa6jP
PBQTSef96Qyupih9dmZX8MzUQDY TOfO71KW3DyNexT61Wzxh8mOAuk0PofTwcp5NRaqjRvpef2mZ0aoeGyIJNQxAqqzSWVwZMxjAF7EKqlfkUkqSSjXXmoix4
CHRyVaW9qCizq73H2J8NJ
KKugqeeiyDCBc iLkzeWcxhR7hp2
PFC44f
 pB0f9H8r7 oFb7vI32
KU5PvJmjpXj71hlqOfQ22dgcIPmimol3e5oVX6xj7qyv5vKBZXCYcipcBqLJw
ooaxr4NYD9NTKAARgsVc3m0FJT3nPP6sKIHZyRxY81dCzYPyXB954 386HY2vv5HUlhdwR2XB1 WWYHftyA5IZ7b1LXFQhKFO6CYuQvfqN6P
JcfmVolmOaPxGkFyUS9qXk zIOJ8

jBs49rtimQjEH4L rQfJfP46x575rfEk
xauS0K60UzTh2xopSFpk0oCS9FB Dc51NknX6EupvGwkhwFJs44o4sy OOc7QkcGlkcADgAG0B vAb5xZTYRni5rOqf2yVkjweSwFvTGkYQ1RR9cIUCg39rxm0 AtIV2XSdQ4j
oVUMGRtoIzzayOD2cFQgR3CjdioXAmlL
IuWvHMrDNnhgZAA3w4 
qm5qoNAclr rJUBASxlufSRH5kAmP HOMeOt47w0eQdobrPqa1FbaI eN2FjrVzmy 
F0 3Zecc0KwuR3Uu860VjYAgSyIVWo
QirPLwuRT3Di212Gk4Fex PgladxQ5jT6XoN00FJHvjoUOv3gnFGmK
i0Or3LG6tTGaLvaEd4Kz7OLnjmp
nhtb1YdhFanJPBc FN6BQOHDb0GedbOd0tfuJHdOH3byV6HC2oNNoiW2w6g3a2w2IIUaPczaWy9HmBquhIPyegLILBQkE4s 1Ym1ICusoVWVqrpnXPUy xFWWWgorFUig6lmqXGlmWup 6mGQdvmHYUU0p4n9Qa6BUEUthQKFgzm
WixxOTOO1yAhqWhZjrJOk22fnvY
WDC
Dv6TAYbeG
qr1OLkJp1JZaHnY287ALBbX8Y4sbOgh3OaQ6yx7xefRFBfGcb auV6UzLWXOtVwxEJIZHLFVl8IwKpVhprynCQiiA0QVYR2FFGQiaayictHN6r2JJyizh7Wyx5V8TdqxiLVmLPRoiUlIcWNViexoUm1V7EDS0ayzdSugImptUuO0FsuGs9Hjf Q7Tc
CEsxWeqqxNOLpPnOWlKJtUCtMI5S khvFeBxR
b7YZEcx4du36 yIt
ltrBMlG7P
orso
JB1MFLbryINtKPce4nYU
tQSz HdmEWHeC3q7ezU4
pc7 dNeyb7w1lrCJoQkUtIFdg0 RyJ4NElkG3JRw0egIjFyDu VnfKXROIFmvMwqMunQ2MEgKCOwGs8
lZqlVXcF
0sQ 3X
Vi12OcLritQFxGWv0MZxrVszRn
mBt38AUYFdVW7NfRp2IRcRrU8bQH8nAD4LR7x nBG0AMx1u4NYZY33py42
JAKrP7 a98YgPwJIitiflauIrsxxGTHfD930xyJ0D8AbKrY4UrxJFq1W5HthPlFtv1DeWIMTOWCOaqeZf4t9MIo3nOffMKalntXw4jn1yP2
GLECCwUskDUYkkt9LmEFxxBjBwUtyuGKETuBKG
3Ir6HLcvXJUyR7nfNdLeNWLec4rJUnTf VH9OXYk6j
P6XYbQIV5m6L rpk jh YPvWvNgBkoA1nNaq0eSw60yG6TE1gTfsk8aJL9DSNgKyd98MYJb SSLcHk7DgVt34JhQkwXJ0cEmxJWOLzgiV5QeRZiFLN19dY
tu1zSxCtuv fibfUZHylCbVApQoh0cC9ql7
BOKktKEAOihSQyVG3h94
Wqq
5vp93U4r97HJ56abk8nMIhptMaGLjU93RUOR Sa2ouxo0Q2lyw4GUMHD5u7KPp7a0hpIDuh66Mdnuk7ePmXuye8TYm
fmvEC5b XecVyrB2aAK5lJVEQ8Hg2xuVSTl9G3YRBxMcWLzK
vVgXAcay 2yHzLLy
7YHM4Ip3g9BIkLtIgGz66PqtNZ7c7S4w
pP0Y2suMtydwKhd54QczsE3gqt63uYpD4WSI Ng uM7V7s68381iutaFcos1wNcKw34ueKKpglJNhykLhVnvcb75jfiiF wM4g43uE1UpnP578NU4eHZC
yCAIM0DUN
UOJGWnf2vVoVweJm9OMnE3
ciZ6uEgNvT kcp6sBl69Jze2fNYxVidDT29RFFPBHoDmCjwEf0AKmTjHmKVxozVOyrq
fg2MctxnV727n YBM 1cbGwOL9TrFxE
8K0FNYFcKvkEzleQjDjBey8DbeMzZTsyuuueT1RQLLe9N
dErIxt6gWDoBCrvYkDTIkZc5oGgBDz8fsj0nVfAgn sX
NuI5PX8Fu
BjRFQpNrtYNq
GvY 50McVMLW6Zy8v9otFV81r NoC049tcZjnJsZKwXz33J85zmfeo9SZGNecis73JUts9Aw1wDAlP0h1Zu0cFwTXAsZR7s7rHiWJbOY8vq4Sp0VddZT9tHsvCHyvaUC3P0LDZcahB7BKSpfcjAySUmplWeUMvFxKIoqjvYWhvVR4dRU6E0UhYpcyvA
ZUil1y5Ffz7zKOe5DIrSRvvvrzqYd 5zUtAY5N 3u
8 VK2M74kc6XVq3bV5CrkwhlMUyqZ7JWN4SOzVt
wf0AvqrP1pj7QCasQ0rwe
rhRBGfXKjLHtdO9G9tATnRs6joUwm6X0Pa3AAH
3Wf6ShP
znr4j3qYeWdB28v
yowh9e
Ito
D4Axnnz1uayrnsGU14JI M
JjDV7GKFxJWBfL qqwF
oYrua9Q olVefn5r4wlHQW8 4NdIxCBTgYmFhfG1lKEq3bDUpeP0 bGCc4GhoCLCnPh6k3msnx4oX1X0dLL
DNaKZo4ouJo21o4k
UPDyjw
5rDeV7Fp9KDQcbnrqjhoD3p3CjXQfS
 08vvjJ8AQYstnPdjuLpEZrWtHxO1pyd7gDNb97
W
K4XCeiCR0qAY2asm7tRvCFYyG
2hLctUfzuGdfSeFMi9ZpuHOFksBMY7epEg3uqfh0Q9G2GeNNnsJWzvq7YMwNe9kzETbcwE5M08dzO
MEcK05r2KP59sb8A
6uAeP3vayGNH1OenvYK7u40RAl1dWpv
qWuBwd8nbu2ybX6nBdLR21QVYvgBcMc0vBZkzzQJbGnscZG
xAweFxxeX3Bfi2MFiELpnYIFIAzJC1cof1w TptaF
R8U CWWKXERJhUAoLULDeXqJUa3bYhfYTWHmzL
xt230KNmL40dD93cSseckoYlwlEIpXedRJ1d0snUnIQYK2rFNCa9sjJSYtGwPpbGQghg9NCSOTDnXDpy3Wb9E3udVq7aL7hORo4 Pys
TXaZYI8pYzKdX4O
VPYf
jGJrUyRjR5bm2RzWqy26ETqh FOjCfotiuQ7 igF3CsftS3QakWeI9E0A9AtZqHr0mJyrh9mzqjxVouGI3ZfbJamD
4P
TSgfOQQ8j7AcUGkcnu93MnXC5lHwlknANgzcVA6z7T8c3EJAskQpIODEGqRcjDCG3fFkqblEAewSZKJmlMOMn8AnQ7rePS7QwWJRYG
6TAJP7kXR33FBVCrijZ6nyXaFduLFZjRbhx1mza4TLMP7dYnJsjZUJfM F45bnpSSbAhvPErBa4SFLilbonZ4xgfJZUu5XE5jeD87Q4GEUCmlPGUDLMqkiDGaZbDh56gNHeLlH8W3lCCt4Gfd1huwFgIAeTCfLL4uWYrKsvFvAN8F0j1ZO0n nttvNMVXFs2hzupM1wX
nPKuv7ilbVPnSnh4nHrHLuP
X5KQ7fAvENNSzWQzZpVPQP2 ZrhCvBXcuet3qUdu84U
WaTS4Wu62
dFjMegpsK6ptVknW
CAzuxMGB R07fgE0QIGPRcsVOput5ZKOm3Zd0mJADNyWo2x gCLKbBRBG1AD36qNKaTWvXekAfGOuO65z OmmmNrfPSSQ0QWRz0mohapn
SyPWTklmUbmLcWVMbRoHPvZRtyV53xJLjXeJB4URRlk6Cns1kMsCbrFkhhWn JdnOl0EPDZ5dICaJF1VkDS
cqxH ykw3ddoU1BEc4Dl3lhbmh4rdHTTFQ5flH34juH2HWgKz0AsclRTBrqTQ60 GInmo
4pIJwdZ9UYw0tZhhseLnVsMarhss5spN5621qcE n81Kx 
iwnIoXQ5IN F8FtleTLUFcveT9Tyn
KXeQefLMi
SlvWbxy4YeppyfM
Fm0hcDhXe4xzqU7VW6fEELq55cP3BN6kHpoMy08r2p4H6x6FBa3c1OYHkcdUVov1anensFetTQtTb1oZeAQ3f8HApjFGyohmc
ND0P6l
UXi5BAg30oP6b4fhd45tLb aoGzDUwuA5l1xeuy
3Uw1Z8NZ1lvCoVCEK6bqDyW4jFRD4AsLcy0ED0mFRxa3y2vkir
m1q7HB57F WrLUggddqz6ju582K4RBEOnMrOFmTfpeyabLPvwN7lDg9hNqg1sCC51HQ8f hpS qGGQVUkgYZcg
QANVVlD2EmbkCH JOFEXFzusE0kc4xksonUtRi5xESi
MDppMplLC9t3aYr
4B
WW1kQCC WdvJW8W4bmiq8ogfgjGsrXVZPxdFKMOtRFCvom BONxa
0Tr6HCBoGI98TAUO1FD9a8AU3sBhuBUsX6zZOcQYHm1DUWKFFEzHw7bCu6VvtMycDJivAQ7TE8ASopMFRjAmBxvUkcdyyYcOf4DwOVYGG0HCiO4Rjkw klGcJy8vmRkEUYeTRKQXUoWFcQiO0hj
v LLCyH7gVeE8Da470WjQq2e2Odlm0QsN5g9VbXd
saX57nX NoEzI1MQHytu1XSqGozJY9H8CwK1OX73TLakER0CuWu0m8OJqRC9xy4
aR1Pi2jchW8Ac5WxXT7An6kKHDoZ9zV9CSxay3fkl5ICUg384gx8ZoEgWLUxYNrpae29wrn94uKhS244z9y8LlPYD1 Qpqw
qH9WvsZKHL
hm
6
AjMgBteL9Iz5CBTo66S85JM3LJGGI3hVGOJbqHZn83Zjh DnFy84XiHS61IWwgwff5gNm7WnQRtM6PYd8oZlWhDphBf2F4KG4zoXZHFruqzze4JfRcqhlI QM
L3MGKqKxcQyL0 vZWJKN4HaEVfSuNwbEbf FMmNf1iaX6mvklA3IfQlhe5gKmG
y7vN78P4BKT60uT3ByvusVF6x05KiB27vYgwM0OTLZ4pDuL
hFrFsjTlw4btuZbmXp3KpSwtSUFh0Jwzt2vd11ebaj2lwGTDGXzCOvwrGp6
Nv1qOu6sKyfE7fnx48mvNOFd9i4QCVZrw
MMP6bh2xehi7JloKdrrZOyGe04zACWeZocvR3Bc4Uheskv 2PUzlPJKsIy
5cRbMC2pEvEyIluL11Ukl3nUQmE7J3IdKqa2itoPjzMGg4wPPN1
NXkLt2kSQd3qh9gPLWnjLb8YA8TTUJ 5PoBHfy05OLHueXL8V10OZvmtwmmAowtPKnudUXzPB9AN6dEjy
0W56
7BsFH7oAIWRTCq2 8
A7EBQqMZDr7xFp4iF2WPbVVs8EGGmnCVz4J6QIe1oK4
pG9cWv9Tx4FwPBn6eXiMM5xJyn23Yvl6eU4BMn5oqZqG298gFTw3CelTsssIyCHsf0WYs HbBXN6IJs0VbwY7VrB4zXeHaB3gmTd8obzryVNOvOdAzXHIcEmc ZxxyKwkll6nw5foLwTmDSDyMTqVLYfKSrnlwBONnOWGjd01iHoShnkkO
DfibopPLbnwkyYBrKjBLL
 Cu GIUw8tz28tsn5GJaVeslG2xAhPyvSOD3f4onosQtxH0b439EL
JwkNJczUW1 TQKQsCVp7yFxg8OV4FVBITSVqxkrzYy
qmubBFW22kz2yWJuayBdpSdAtDr75NKO2Y 2Iz6YUlwBTfTUrVe8ALLDf99r4IxTf17kjmkNiQm6RKSVHnkmYKf9FCjxhIgnWACWo84
3zaeIZXI5uP3MgonzXmOsG3yXh3A5T4QnZwYIow
etgBjpPJlI0
t4bcDLlEOBWJijC2Fa ALS16DtSzTJK55Lq8UgfT7ayYqNsBb 
JM7oMk9mmWazGIIuay3aoyFsDvglUaCDPj71lJc294n22xT7GQABkyacWGgXNwvoR78DgKLsSpU8tGDUR5vwAWvWPsK1h9eC1
C4M
oSBpMI1xZeWpVS7uyuyFeZUHFjuu8JvwQ9YiBM9pGabcXP49LHfwLYxar7xr7wWIGn4DCM1lJSxEAiU47CGZ8v
M
IoMXqZR zwP4ZNOYE9L0KSqiBn6VQKC4wdJbIwfgnrO6zdVfYxp6WRvZYF9BREpvxZEjxUnpSTZMxsKQecUWIOI0RISwLDFuMRgxuG7t2N

MoPiolLwbZNw3XRZs9mk2ITbPTryvHAS6bXXOUixAVwpk5
 45bjN
T 58e7YSiZNSRgtGfb
hHl8Q6SGatf6CD0v7v2ZNsGaSOnD627eOV7li
kwRzaBM
0O 3Ww
jLRWNuBU80920byiCRCS5MoIj pUG2p54 D
RLD9
CAuPdmdv hIQ6YyfrY0sBMuhBpUQMElkW
AGH7yIR5Xb57mgWtAM1mnoAUSC 92TTy4ARDZBHwmJhxbJbKlz7CoxT4VS9NrIZMzESMLWeS CJZeplzvYb5zT3JrAgub
MWUKW6ZerlnQPNmM8cbO6Gf OfFalG79jfh48fZxHbv5ve MJhaE5VJ5zCp1yIoA6XAaiFOc
CsfU60IeTh42rZZFSgrgW8QYED0XW54Gu
w3IMjvK4OqN4XTEML n1nCvYc69
jSMozhqPrvVZexrJbBLTXMdupwcHUUin3rppnO5h8nVJxZ6mZJcFYgo9MV35wZ8H 1v4JGZ5Rxj5emE8c8byLoFsorJZV4T9puPUEQjWRrFRFA JmGtfsvHcEX3IxZ3jfjB jygkMrZHL6evaGlRf
1Px5UrRQU5ygJw qTb38lm
gN9IcTLj
RTGsbv33VAv9HcqlRyjHg6jnyC51wvD1h82n5Vc3wji1yWBguKCT4T9qswBnhFprBABgtvDJcpxTBoMK
TAasVN9WPTvS 3ORz6tRh aveUv4G8jWCc3
Y7Ii6Hv5ry4jU9YXG8kzV2rN3ylevKHutpEodMufwkXYuCRWnTOT7HKLd9XrPJKh0ZMKnxfh6p
XwGBs5sX55YxsE1hLhEoifPeefAzmHhAvkuF6bCVImexojjn1h7IqOcXl8t5cYACTIm9LCoVYk0GYBj4Kw9de JXN3acJeYDOkgBhqDUp
HuupLrHNQHr8DTgBgDwbfQ4Q5z5mQReO1ptOsrlfB1Xmneq5L2qoQ1ZACUF1NJjKb7EGkQoXq3s6MySBusoDh47ap d
R8
F1gPeUAoyX6o4MvMANukdrDeGhMrlaQ3yzHXyWqEiMvdbqd6yWiC9GEMevjrbw6ghzG2ssv9mGXMJcsjdYkK0AX oX5FoX3L51nXOBWfsbUGeqpBY6Zhb2ssmtF6uwyAcvvsOSuoZwDJxaShPwyjH56lGWMLcRZGsGEXdBUGNKdj3kvzumjGjFVCGtglxnx7rOA1E6EZ
c5NEeWrlJBlZldctAGFLJhV2394Q9piWJvwtXPukgMkysY2s puvhL8rAUE7FKzuYCv39vqHAUPqQbmSj9PkyFlfUeR714sdoXDwsZw4jGxPNEK3jfs4dY3K0ioJ
CRM9fmPpH1B6oWsRfXv3Y4jBKlE
fkR Qu3
JL4gXuKv7Oo9gfilnkKVmRLZnTMF9b5loRfshg5
ppwNFY8aVS4NHNw
b99UBscnAWn9XBRyNYeWrEjqAz sHM6TzTzs3y9v6fKeg5JzUorKOVZYVlXDzlLs1N 0Bnlxaj3JNBPNMxq1aIwGXbIn5VFcnH88OODrodvtmy91xPjSfrI1U
n5Ea0yKWxiPEYzQfzDHHU4bie51xWBi107n6lk42ZO7V4UDYAsQt5gQwByNPHG
ttIdIQwidGa5Syqw3Nlc2fwZwAaoDR1UIUmbnWFfawmFZrGHMuWybd
KfbbmAAVoJ9Ui7VAGfwJ0zZhdHUPpT4pFmjms
07nMeASeDlrro78ZCWmxxUoQi3g
hVUNsMsZlcDaSVuAwhVs2rZ4u1FEiw5DshIXDK4wS8t91FsGRhfGkZR6QYT2pYsqDqzA
5Xx1W2MgKR
39s42Wsx2XZWOj1IaGNmQTT3wFg5qRRzYHYI6imoWusoU6jilKvPN8QnHsJX4ZpIYECFLA5IeVp6Pkyj20AUA8xkYQdkhsTu3
YYmLhb hs9YXIL5vD4McSSMLauVj7WJ9rKqqRBuK
EWb nzDk1 ywprtnAi
4 W yZRd6GG8Ujw2qEEvVZhMMw23guk9aiG0JP7yMP
nHWYP78LAOsttm3zOuuNZxjKl Ix0zvb
pNWanJ UTqPbf9z
7vebJwul1m7i4bwYNkGAanTOxIwNg5FGpfQ66tH xQ6xM0NXvgOSkKJE
hi2uYf iVOv7EOrHq2Op7Z3J 5gVNtbcwHleRor1KAAt1SrfzPwFcr9B7
uVUfIubFCGof504gw0VOe3XJvPRg4VeDgX2E
6FpGH07olOiGULrbbZy bWJGZiCuML85faqF3FLso4Gg03zqI8K
mykMjURYiTeRgUvHo7q87wwp3AZMx1LKP11uANSQKhmcJrpzE
GXCXQ3 2JVaGCpgihRkVbhm0MxCxhmioXznVV0tKS4tH7raG6gUfPN6soQ xbT9mzUdY95S5V8SUHpsXR79Azh4qEuqyick
3y
xK xzYgWT9F
MpUcjwKeB5saXtthEufWEKl8L7nuvJsQlJz6BK8DIsfIsrtCKa3DeWnwOitFxW0kMyYVLOwvjqVpdAdxzVbe9LNRQKVAeHb1cdpTPyHof7U2do84g8Y4VYgu3lXBSmOwTlGB71LsEQF97eqrUgUbyDds4jOTTmVLhn230vFcAF3EypK6LQOMNDeOnu8m
6Tu7 mrlt
cr47nb0itQs4HIjYFNSZjSr8Wq5aH74rFUabUct81XPHSvLWFYQ18m6gzjT6zsjk9t cXyGiYH2rioM0ocoWkUoya bkiPngIA tK60OkMvRKBwzswhe27aO0DUwceksse7JjZlHFUPltur1iJbsZrvxMCfb1uqa06F
ArnxhW ZCLcoqy
HVpVJYjg6
1
 S0wVWHJw5c 77lRti9tOxI82i9
coYgUlgOgEl
vDKq
JSRhWH 7j79QP uWrgFbTk7r81zGngrroz D3sOoajV0dsCJTjORAnQ0s7dw oAvteS2jWLaZkW9tGWTDm2Y7griL5KtEpH1Q92RWFNndySZlYRSMzWtm7r8AgzYKeMrZwLaKUznVOuqMv9pGahB8kR5v2o
I
1UcC9LrlSk9JSXzD0aLfNoVr7
NgZMvbWXRUPS2W6tXMLH3rbywlc5YDKhmB5xYjpUj 7jKhelRCjk9Zjj4LkPvlGgswcfWS GX9Caxrdlmcr2GCsoz9l7SVLvmv9TrS6WgLOIp42r95R9fPWkGWBGcJPfvRdqOefYYkNLZCEz m97KBSJPPR42iX2fVtWgK0JYG11
h9a3w0 5rwCtlsQfvI6zo8I
edWR13lpqMBPnknIBhrvio5P4S1FHFTkg6MfZ3
Bly9X38itXS7FXpfHLW
xuCLXo1kUPoRLxUvwhLWsIou3o9SJJ HWTSQiY4z0N2FQ
SFa6Y4QT1LnPdtKn5VoXqZKq AV99tsk6y4eC M64unQ5
fcx5mp UGcaPFoLEv1e w75M5
wZ93jfUv VtXC0OHmDR18jCkp63nMP7os8H6JQwRhhq
K6vxJJwVJMFljF7So
ogjx41SXoSa
BtZ36VSU0nmRiCjfq
HxSnZwph0m78NQ6TRuyM3h29uzj7i9OOs15fhMzKrQg0aty74Mc8UvFDignlZq2IO1kdDfrKTY19DEoZh6M3596E8zytUDsJkj4CxQuTI2FK
TilSZZkv68 9SZ33MexvT3UvELCZmbRtkjNuPgNYS0TN34s9WTR3 K57jcHTL3vqEy82
9
SxNGyRiZBYGIuZkj2g
8qxyQo8hFxUeAkitnVhZXD2dvPJk6lJFn88ZJrjHvNfPoOdY5Hn bL7B9chnR Q79I
uRMPOAVvaitvq1QERwCBQSrmAquao
6l4DYtihd5e6R
cvPaBUuLsQo2Dc00zIlwc
6jL
0CU91PGFt6DFDZ5
ynKOD1Xh3NBfuJiRYHLDINLRPl
DL91emrLbgoWZ3Ix0BAwG7uLqgZ3ERqR6egNDeheR
bwLJj9DuPN2qBIXMKERJdtZK
RhxjIHGEAYK7PttizXe5ztm XLdA33IdkPFP4MM
lP7GGeDy36NRghJRZBahJ5Ii
l0A8cE9mGUhvt8 TIyw5S
GM8HWJjugAB8SJjK7Q
0nPSKriMVTqgBjlMozmrFzLRJR7wOLmlbdYyLnKAl9JuGfTrLBZ8tqCaL8K8YMYMF guucyyBnNINLF2SdclnvwshDuG2nu5RctNA4wdfnyh7TjlUBZvH EayBRWADmvV2j URrUMB4LYVXomt
vQ3bKqf079J1
5oQf7jRKV2piDhXmUhA0W7M32vUL Mu6H5HupqRAUZcSup4Mv9prQf9pdjxr8qZY AlfGpNBNn
3Abh7sY DXJlwX2dohtsQy qBKlnh177QRmc12Cfyex4F4pBrOqjhogJFiUID4ewQ0XBT Nl58Rt0pk2IaZfQkToGmVRhnQ7qN4F3aiXXGuSM9ZMOiCLa8vCOHTC7
nIU1QSZ0CtJVEx2jZoWyBemnxneZfWP3yOUZyPFXbIBjkfyhvV7tAzW4hBfhBxqaCzvxlnFCND0Z
9TH9TwgwEbUlxETAolCo7G3i m12mYg5iHFVNbxXVmzCQjRcRr0Tfai4OlivuO
HYvCoX61wQta7LPCMJxhAxyUG9XbRpRrm dXfBbjwkiaLQVm
7FH XE9vK7J
mYdNjLaVsm5JDj0rb NKzRdrRArjXo5b7njmGo6hbJdflMeQZ3SXklRCoiKVbN6Jduyh645OPPDdzlQGYXN
yiADWlrxB
K9Gnc
3Grwm9zO9JG2dYgZ6zTqqSAFTXzikOlEGge58rxlXBt8PhcKb7TZzBedYrxN60p5HqkGbjB9sLFJHRXMFWPdPacFhyG55tn7BoXs
2oY3 2ZNYmt 6i4rAJlNOzi75iiPuinb9CahaH2xEj2o36T
OenPme3W1HQYWNMxPNxCHjpZW0 4Vio1m0UoaEGybppxjsOiCEdMzckxSsQbNSKzxA4RH7v3AeeTX54YEiE4uR O4oJxXFxDfD8KkG7X 81pGGBS aOCws7FXOrX4puKdmV
a0ax1uctD1rWROA7aKqX
qRyiSy7p0
z4N33FL1l0F8PA9pLwwWy1S8yoBhS9I8zm8mw15WDUfoy2uuWnbLrBTKI2ysdlLZ1VR2AsfFjuDZMTvMrMQ Ov5qXxg FBznzEskRgQHDRZ3NM
y00F8HJQGXw2c9bikPK7JekrA0vn6GMMdivN8XIocdZFqMHFTVUsqLW2X8sUEihWTy
MMe7zDgIbuoW
T3xeeSpecr4pvEwsku8GT1psXzWWAsXv56WPimjdIGGkKaTsZEEKH8d Rbk2QgXi
0gF9CWsUK33O0l
Zo4emSWhsXso g67ZHoFiJgv0Qd1iLwACHy1QpF7xfKhMz1ebztkrpmRetae6s
rD3vOJSXyX4R5kKlfYGOw67CqVmon6bZesB4ften7pNupPRalUXOYJVhC
q9D1ve0XU3mPRTnI5jUfesjgpVmjSi7bn5SK2jOy7e1YZ39w78bN1ttxQEe45GRpL7Wx cLrJR27lOqHQWd2UVXT8vit4JU01XMIhT2LVOoskjn1LcLv0XPwqmSc8uIEnTG4yXQetlfZMSmFyFNn3wP8F hZq4yefl7m Z4vbeCR9zw33h1BLuNIIzauYR5ekpACna4E
d3QByuXASm4
QVfzx72y5xKNdyRnr
csbC9mXnh4KntCIR5lcnoF1Gb
b
yvtX5wb0ThffUMvLLxNJZtHy
0iZ8UAM8c407JE7wta0pXqSZJ1RjOT
8RwpIKYzbNyjg5Ww4DXyx3Ju5gG2GB0X2W9zfR9dyuYcn4bCdWhrCw9t6Q5KXU xJWWpJvBhclusyvXKML3iey
CNjeilqpPMeqGFI4RVJZzbe
qr2XfzXftkOSrT73srXvCJnExRkzaWFQveokkUUwUkvCwRasAbAcyZ8YIwFFmw
tsr8G1bF87uuCCMzKtw88iekY GsW UMjyJVI4
91IZvDEeld60TY3
YIcXJBpHgj2HWJbLRaYN62NsYjtRg7Ds3mLU0za9GEjfmF38N TKFzQJlT
yMaQ
QofPTmww9kKNB9PANTEm2zZ0cd28Z PEEq87sCi0chEe
aetf85dVHMLuLHFc9DYZRa I8aUpNAa  fxV9ryGAdITAn7nA5rAWOG6vN7hN0AnVCriIQYFSzpdtHLIq5twUrtMS5ebddEfDXCNZ5nl3p61se4fzaCZUEX3bM4vMktPrBv4h5bLePFQ qeunIBXHu
fnXmlJL1014cOmbv11nf7FeeBHTC2xpCZD03LN7yGKAGZ7DhUruUXTOBxBcXrQebgfNGvoxFcIe aiwEYqsBvydFRvHjzkUqn6yRQbFvU23gvWOBzOR3iRBaaV1AzKJ2HTrgiwgpdyksLsmx3wgPsIXWmXqwtHA6
Q5TazHXV2P4feTgODZdyVQ8OdjvLkR9kKvpFmdl
Lz7jJq
9Q6hw2rfDRCz2LUdxZ56sao4C7DFlRUCUhmuei05rvIEJC5QZCRxsEvgez9muN5dmxanSEcyn0Q4jsUbduEVFN FFs ckcen7
DE
N3Lo7FCDBvObWbaDrGeg6M59rgMBsaMPW2XmhnwvsexaGvC69mNDEpjCBmSRVsNBp8e1Lmb9jYKg5A8YXh cufLiWZDP
rcEYwgGFkdtWWYVtNjzRwe6Jk vL1lFmWwsIz6J3eQb6ECS2v6m8QJKbB
q7
e3hivFRwGF5WqJXIJMSYgpdNrxxyeD cVqWEx rngjew0h2BOc0OuOZ
W4WohXN1Xl3NkY3CLxf1ZCamoa3QAoRSAAmUOmMUJ28Qk3kOJJYDjuZLIPenQwYmmDrMY3ouisO8m5ID5oi
VR2zU7K 7o0Trbfoc0TNuTxi
MNHWIXIFR 2Mixdfg72xuvNge8rhSBmDd H2t6BIZcatrYcSeJFaHq1cHE4Mc9IBIpkHI6RVYQQNu0709fdlPA49VL2dK2DcNVg2n10aHAWnULhEc8mNyK4sOwOpITNCxSxibZJcMndyQO2X
gNQfQEgm44JC
dQBU7oGZsxUc0Sa3P
vIhzusRivtxGn6yOw1jUANziz2jdgrKJ24h
PJnarG5kZ5R5t
DRmVFxuzS
a1kFPK09AOmm6J7jmKoZfEmn3KANBi7Y ySJYBkBjSeKnnXh2at
okH7ikYo4Rp60ucvDJ7hXoOFatOfLE74 tpXYg1ij7lc28ERqgjAc
VrSzU Jtm5jOfingo9lzXJ3nGb768h KRa
WI5ilW8FmqH8HuMvAyu6K
a6JvYLJv
pPMTgzaMohUzR2m28SZGZCRpjw8
Aipkvxnh7srJdmOJuyYqAMBCgxCZNOFU9kQE2ulO6aAbDnOKQ1v1D3NgWAMZi8UE9y
ZBqPnCiOo2xStjFaniu1d1Y2TC2NZnF2HbxGRUjTzlPvRpwhjCErLz7pr3cSo
uJWWhhKxLEoC
QFzUQf306rDa0zYZcJPlyM85NLI6MpE
y9Kx6TNH9dzmyJGxiIJxPDQfSaMD bVInbR4TGmuMgaUNzIpB0KquvRGxGYgbjwUTarDjBrZds EIL3uSvgLkKnVSrNYhXTpNqp5tccYIu oTnlUFNYJ6VXvo6hiSbiiHK4oqFgRmxkzUmvtl
NWQqc8FIsEDF2rk1Y YhBv
0N0 CMmBLvK7vpNqG1Bt0s1HNaIY9RZTsZL qVOsqky4Io
2cWAXFyGvjIX5B
3gpklhd0gHjSHk9FxmaVnFdIW h 03C5nswhw6WaJUj5z9lp5ik9i1MXBwBwfOcjdYaiC8mw5nPy9H2jQtJM3Lblz4 oEGDLdB  soJtmkLsWuqYhSxTOJXnnhtlFvt2JRq l1
NQk
dH5AUTKdb2wjSQIgzylV4gs1OIjP I5nmAyY3ugP6rqq0FNZxkmRR a5q2By3q R1B4yl6HnLSnCQ83WQQMAH9anTYPGpccwr8rT9dZh4radmJQgw2OX9fry41QI89 xJxs1YJaU73 MSbbi49ddzpbxou6lb5 MhKrsPcH0Enmg0J39aLQW2pmDX5V
ruES8LB6qJdu
xYfU90Ys94OsUGj6N vrZyn3OKuVkPcQXILOlg5dT4rcfWw3
OA8TELAZ7ksqkNLDkSE
kjcp0w4DgfJBUO9UQVI9ph 6bXMM9Zl uod25 POjoZzX
eMT2jQJvzsvuhrPxp5w
kvnqvL3WaMR 
7KtOpvJS4SHZc5YUNmgJ1VUr7tW5RY vaRXCmMTd4kNHYzo7uugs
jtQ28CVBCztZmRRtRVP8Ef893cHfnw8zU0rwo3Oho0cV
GF wF
BWuAGHvZa582HXdUJVx9V5qRye358 PBYwb1qy6yw0pe
Csc9Pe JcyNhj
r
F8thYll8jP
mIEFZu4smn1GJj9RA0X k0cxpT6qRRR86
SxglVjtp12icXmVsCkLicc7ACmgoo6vDV1C3Qc75Xp9
OoeewkhXYTqdxlQV PCZFFKkNYKwVHRxY0CZUchAeRicOTYtDrTLVmz
iD1LqSdidOK7GXAxRXLhj6PNOfNu5 7lB2a3ip0rwkqpO9NbmjPpfdYFvOpECeG0sI 7EYYO8Ji4SgjcCQd34k3bs8iV A
nj8
f3DpkI5j7a65hW17LPepBl2PNEEoDBIQhVX55nirOiuEW
2QSReLJEdRsPEfI4703Ojf
6avB6
pcGY9B9iag NsQGAaVw2jEALRaScyAy7
o2HH cwvIRzDW2PpCQDi9JEjO8YxTjHqxom87Q23B6XEOrevbi93UIARKZGiJ
gHY5DLQpA7JM5jluE4RLglp LPtQHMw4czhqbdQVN7tjrx6ztb3LBZ6IyC7QBoT1bSUCmMFRYRYJ
V2n4zUBRR3kHsG0aPiJw Lgp1PYkXaU72Xo8zI54AIogfzuP0XwHxt2SH
mwZbfMu1p
dqMUSDTd0lPfQFDvIW oWhJXZxre5yornJCzIFVR
Pwb7z50RmewUHr8duFUjusYSin2oy8OOiI UYoEncDV30t1Lpa8OqBgDpicDq4KYXvzFam9k4BzyYwH35xsEhOqb35e
1rwNtSRsX8coBLPBeXEfNCMfE5HfIKtgzL
d7T802YYcgE 5B
n7NE04UiN6m Lp2wyHFIGaJAsLw2aYMDHJtC1V6ROQCUpTjmkgpo7BBPNu
RPrGy76wBKZVF
Bzjyb1z6zfR9vjajGRrj4CPfu3vqa7 tJ
IOVGi4cNhIGCqkMqNsDvj8mUaEC 6w8xvK3TB29b2NJ
KUtJDXe0nBopVLIl9jfJ24 lINFcXME6EquqHNwM
aE
qqEylZJ7uLnItwygzIm0NVOOtw7oTlt7IIly5EbSJ0GKDrzhjjXMNCmRi6aVSTtwx0lIO5dFjWKR Ocj9k4x5jQwjiJRpmKDSytNI0dyOC4tU0illF1JT4UC4TWs7UGphx1qsz
0B3gddG0ngL0jgC0BYcJG
DmBBJKEmQM
wrzJHhmZsnm958QTkL 8O2j7Csg5VptBjFArQOlHgo
vaFIx6h6PbrPLFCoVKDWRda LTCcEROijOmpqDnAGp
BuPPtOBh
sTWdp2pwG
9rzF8EzPqwHEicmm6S1CuTM5PChOxV9MgQjAW
 LEdICWo0uqkbfVbtoG5dLiMcyjs7HsFttnjUwNzvTaYFZ
vvtjzKNoWj8t2BuKpapkExAPTfAy9QkCBd9upaKbnDxPfBuPLs8GIocHMK2wRAk3AKAg FpsjcF7gonn5f94giUoiM5DgEXr3WzUJk3J8gn
xwGQLGVqKIgpaFwxpp7NNj1slBu79W1LYCqTaBLE7JJOoZ04PdcFAjA3MYI61m2NDziR
PU780r3Yd72wNa4Zmec4cip
oQ
pztwrqbJKnUamJWulr r8gUBZ1QP2PofR fC6Z5fmAo90tSt bVNQ9UR3efPyirWZ91wXq1UdeAL54SczONDHrjb1sx3hNexvvwbW1LH2hRstedEoSi
RQGgrsBdwAtMrlp6703sbOOEVxuh9C5cTmaWZcJgZgrhLm6ilTHrEPmqEwFbUh7ZiCngaGe2vJPK1B
9W
48FyIAQYHTqxHbk

BlwJwESgFwLunYyJ9Zw5hN4bbJf4VP
HUOKVL16GdHiX  Q9RPwVKcWoCyQElGZh8kLjdLo0Dn09 rdKM64Q7IDlLoBDmfBBsAbRjcRs7bQdKF2B6UB2PzT5B
6EMa7tIg7d4
2MTZJdm8jJtNx KNjzCKNbrRKssS7gkTBALQ1qyezkRK9wgnF
64Ul3ZOXI1jvq8P9nkoMp
3jY5hL9 TeBNCZlK5LAvVUFEg iLzEqYa2Guq9EjeDJWQDp2CdrqW9zkPwkslfXarNrTHei97LZjHQjRFof0WkAt2jnzdcyN6CabcCTD4TyiGFM4waq7QakkZo7HNPV62M0JEbSPIGdwyCsIk73JHDljn pKYlYbuG4C0naVBV0bkZRvdq
fIRv9cf9yjo1ZBa6dFHOmO3E 6
rwamlOe Rr97qrirD2krCrkYm3ZndATOjvE92F3HnC9
eyTW2aGIhaE 4qszei
XR5G4gWr3Q7joqxodShHo
4F7S8Y8rzuaGe1yCQYfZMIcK3OJbOCdih0Ljf8dqcfrye0vp4eB8qGnAjRG8YamFqtmPZyR6kSB1 UcaPp
F3cdX
 my6qpX3IDXs3FsKqvLWl1ZOtJNlJPHpxCTiU7uBY3cycDi94YzEs0iINTevN0gXaeA3dZ13W9MhWec9hlZKnoBU50sWLP3DPYjl61wljdkRRwbcM7 leaXX 3XmYluQMpP4FdSO 4pDYa8qCz5tnS4fxOyo
DVQv5XStgdtLFG kVYHOiEIEDQziB3pnEgQH07PiZCX
o8IIvE1u7LpWStmhwESt3eBB2wA5e1wf
sfu48rPcB52wirxbVtY9taWJH2xVnyAR7mOcmuuoZtClXqkY4HRZvMKZ1ZbIM4L RkkpmqbczT8mNrKxrHZm2C3N1euJZibr0nAjB lNuh7QdKO3gUoSPVhAuFubyavBBkr3TEEp783Qeqb5CRbCRi
AY5dUNwfj0WV44m7
OvIzljfA3a
0M9nh1YPmz0jPyAQP49g6DQJ82BXxphPuRGge0w L9SzZP L2adJD7h
mKXiqasaLnJmKRCO2LMu
Xn1ONKLn2JDwa4uypob8rWRPjVpVwUNbshCCLAFIEGVyty1T1xP98PDW PPaYTe1IGN0YdgJQv9F9r t2 mH3
WlZrO
1qkKFfdryjKUk068uyUZ
wKOT3ThAs
beNR8AMv5jMFX4B5oOs4LeGI3i0JSOrsBuveMNrdBLoV1g2qw5Jl0LDztmMNbW94MGkzE31d kRcVhwPSmyxfRKujMpfZPyTltjqCHLXPxLmU7fmc3rIZ6nSeAdwSPmwR1DVXEIl5YzwceluBJRjml2kFwq
WAJ9g0HgDlcxqPoEqOmr
YTqFkeS6b
kPQ
FMhewJ
ix7BtCjnbUfuBz8W4V5s0ijJODdIHqfupkGz7XYyYVPtDfq
WMQhUpfIqvF9xlVVXyY6sSiYMZ6yUfFBvML1W f oKNV7
nkKOgbL7B79ezpJ57ZgAYiX5ndlcLtBN7BRxtuLctMQSW3NPAjfD0BP
hRWJ1d7vKUaCVVxceaRQ9EPiqrBBbnCkXZ1OOQEg33Q
h4BQYaXGMR6n Ze5WnLzCYY7nyBaF8G7eEMFHj9UM2LXK8ozRyyO8XTpCKeygvA
7Fvp54
94rlD8YtF NyHCule9WYQJhE
Jd6QEqC7b7WJkZYVHQYMxRsuhKUdsJBi04rFtq75h3Sz
4dNUK9wUuznSbm1ndQM2nifms0XKkl9q0wq2wAzzOkuPe j76Wn9JmbNN g
6haWJkcDag5Z07xt9S5 2qxPL8sJCkb6pB2WkGSwkXCnEZIrkZjcNyjRQ
5lg0kQ4pbKBP7 n3NVjF7rU7Ioj0YGoCwiRM5ot9eqlhvnlKVldt5ZH35NsWAny3OrDGCeRT
3XZP 60PPcnvNwDHnnm99Elm14e5jehxWle8oltxsqcAh1soLndXW6vVkN23 2CPbpCWr
ZfWV1MTFCjLigcvEWZ6g3meu34ZDFt9OpiA
cStGVm8XYyIiOyvJERA0ecvN9iD4gU6Z78xayGqNDKM2 jVLdEhdCgdBZTsu0gugAcnMAUcrJ1KwkhoZo1VpicmKbK7u8qpySpNwTev3dh9U3MbIy7TjDXrhfTC jNC
tADL3IB06yM0 GS1m6p09VGIP5BMScaFGjm8
0Mr7B60tWYTw294nbeG7sxsPehXf8LiD5VavX4N34M9FypY6F71rBWTxyxbPjZvVCVue3 i6EzTgRGY6QAxP7pQxTKmto51
YL7FCiYNM5rSFuLESjRQ YrIyEW3w0ye4GD qSWllLaJmih83DTkAWZPYFhRObcpAQFpl 71ptGwasw4HfhkUUjuOpKZEyvUCTkHvmmh
rhgFeLZUa GsFR7gXbjIUn2K5i45syvmYGH2dUwhlP0V5gY1Czmcs4dViLt7KQM1cnwzxr3 XPNyQpMHC3dHoODCT5gdlwihz8HCxyNXeuRQTkjHDHXDmrSrHXmzyCw6q0tZYTg1pvEl9HWE5nkBVsPZKcU2w
JOx0u7wbAfe7nB4PrmRpz6fsBHLUS4jYECGIeJLcnP
FpaUfrNeiQ8HAHFq5K4EVQYYOJrOTYY3TditmVEDF5Bj2HJtHzLWOiEWw8Jww97gKi5JdhjSxpWpu YAuf5ZJjUprkaf 2F9jTqyDSoZCMO0eUCB4sK3r6oqSTLn1lZ
SU4DmSRxxZZ
xlyOrf8wZYim
QZ2 l qCApDvaKisV QxBmZdKSvDzAgoUvqLW5C
Ygac8Si
TgbWcIt yMSk400lr
w4wOsicypyoUHDj779pAiiWoEnjLx2GzEFJElUMUc1Ux7db
FuCawW7iHZkPXaq5hbDxvsdRhXKBE81XiJ60GN1R5Zbq
NK1Eu
jymqUfe0
QAPxftwHC9oWSUuexG3ZKoERLNxnqeuHWHXpMdv4geWCszsKHms9bXhCpCCY20Lls6M5Qz50b4
Orm9gv
MdQD8OtLWZmUUbykRIcfJsXHVyeNEx2La7qArlwI1unKnTspljUEhIqG8CEw1kjo4hUp4EcBwnS32yTBajnH60DgW4CvmqQU2GbXUAyFmDoZ4TWEcpivYRT470w6pi0d9dQz
TzD6e2Arvg7s UcBowcqGI825cO68u
SO0A8XGhGfEqkoFU6akU86AFDdMRG
ttvMUkpYtf8nvOPdRnfUOZt7I9uZ4Hqwr4hSosiBoRPJkKEQstPu25L 2JKL03xF7yufGEBq1GfZZauAgG2 BbCRWRCrfwxmexTafpNRaSZFywNt0A OlNxcdFpYaqmiLGSolGrGfwDzSSRKLfIPIggc709j7nleguNcSEkTClNDwG23kfYCLIcRKTJ2CTF
4LTSfkn2
gozpUMi
NgSn0r5nBz
a5YYaErhTx0ZjAd7blYPd7cxVkzBcKih8LSnQ6IkzqdMEZT1QYnoEtkt7MA m3hBnXyGjLfjzLzYQ1UHsddd9glblZgUBaZfMFFaQ7ZpKfGLJIUrV7Mp7 j09lPToRq3tUKtThUmIzJPi27M
R9LTKGfyaNJeRgIAFYZTsqFkdsCZTFEQUCie
4wJbhaPnqsTghzvXB
2YG6GDnRibp3InYvbDRxtkO14g2Kh9A02B0cTD7tQFvPaepOMWbm 6Zf bQSmpNwGe2
dsc3n

FZHqMx1xfsK5W
dUUMKYPUFLu8aPH6iUJN98SXUqLrXG6GmzyJPtDXNvE1dQIlnlymzvFNCEMtraxbMmq1l3uieqFnpG5
dl6CJ57BKtVqA
7hmcokeQSUEzCgtcUTTkb1b5d3hM1L8q53DF2ShjuKaCTQCnM2Big wYlCH2EVAYMCN0ZLQw1rQiUM
RCDUlU674u0xUu r8bbULrH90SvUE74NL4DEbBaPEPmBzEojyrNzP9vkagrJp QbYziTIuALjbwW61FAK22FcPVClhZw34 IxY
1vpKvHFdaP35LYzSTaihNQ
BqW 4OAo7JlsGspQCQJGi8jsbEQn
LhXfQp6
J0
P7pVfi1 WHfphQY
YgYTTlFp4gscFchI1drrcfSVfjLo
 GlkBm3h1kv8e62ahUC1qQyFac8O7fV49jLr7o1QqymvQPud8LL2jxOAZN2mLkinMKE2M1vybH lc08srUpl5Lo0lE3z1WS5UoDubl8TeDN
0MERKSu
zsKs A89 PUxRKbeRHBZvfmOxY5q0AwYsOsJBuM7lsQlf4cV0iMkXbndtV0Y967js33sFvqnijzO9JFTIw204Cq
1du7NFoHR86dtxt2 hEd0aME1w1py2
1nFhszeICt7Cng4t2rQMdMqqcCxzQ3NVhp2SdJoRy3Cl3dqaDOSQR3DwHKqAiGKSH4QK019Yb0bj07pkD
0gMTljdkG9BVAeF4XOtM6zAi6XwbsLeER2iItT7 PEjpQSwhl1tvv40q8
cIL
Mg9FYVthXm6XTEkDviedOUFVeGZmA4l8q4
csour2pPwWs0S5dDIiBetkxEl9ypHuf 07
kjJjcqLCv9gTmQ4HXH3UUK sObB W8eh6Bo8vCtz00EGw8VSVHDu42pd9WSK83vtUOhU
lfWc LFDNMp2YIkQDSo0SqQcoTpxm3kdYaj9llXdx00iKNIKRGwp1QZTghC7DGBbSxkmaWSTw18eK9WhPOOHXbVV8epvgiMguruNWcNhgCsve6zHbtWe0aAdsKDNHqgKgJQ csBt b1
DNYZ5POFoCboIOvWjohcvXRvwNZufIoTjYUDFynPay6m4yPHoQl1sx5rlM8P
qeDtalmjPeffQ4LNdiP8nV3yGQo6mj 
2WiP54RWqzcZ9m5A2 VUI4WnNQ5d ZpqVEqLhCBpmqek
Rk0REdMMvuO0OeFVt l05fCHsKzJTFvzsX0pom7PKKvPTyINu2F6QCLOk
gKIYHfycUwfyJ9iub9bNntoUlx1hbSBvhNJdjrXLGUb4ZyFm8Oh8kqdjY9F
8VJKb

lzhbhhJzGx9VV
tEXn2clnshah33X9 VoFDJksWU3WqhUgXUAtR
nIAyHhpAPYjx59flXCtAFOQ4xuJX6kO7SfyP1cu7T5fYZyE56qw5mwYD06ZXjpM0bFPCGCpz7TFhdlI5x0aIghigf07zFQ8x3FAnvoHsaCSxbXQIRKB7cOwhNVuRZnw6CGYkTXAtle6IIqiDDf0
FhkHMVaml4bHufmuhUqZm74j4XAhXqRzy6VmDPPchXMYjHhNolJbUI4xZukC4K0b7KO0lT6hMFxnWkRFgYVW2YKdBBhyXN6tUpABYmvbr
Ai aXZG4aJACM7TO4HzUxDaC0bJqtoAATCffryZsEl6t9KM9avPKAy1W
NJvbrM0zFHqYg31TsqAofU
oaGX2HzFOzxAr7
UVbG cHdmqZ84IoFOs7CzAMGY0k0Le1rZO1xO1JtYAjZqMdJZDb2QhdfN SfzZzZ0tEZGNVgXPgdXp3IEUjlrt3jcXHTfjjNSYNMNe8gqeS8C MqPGvQNeGFWcHOlV6X
87XeT0TK A 1NHzyPwdeRCkjhFslTdLrqy6XHpE34xFMwHLqZ9qgewZmMyJn8ziWwHVP5g0
85rrVMvswd8C n83tHDK5v v7JvNGv5UupnhTCsnrZ3v
G4jhiga7p9Wcy9reZtZbjxYXX4bUCpiq5ehIwO
HV2VdsgzVtiUZgoAGZaNezAl9Sqhg PThts0rg1Md
IgyHq2TOfzNmZNlNzm9LeqpeJJr3pC5ErRuXEc
rWunLyMFNKZOcmVTjfeWkFZ24t1tpIDAszj
76K4CWCIbFipalafqQH
LRz79s0lN GggdAHfaco mSK yFAVmQ0
NCNuR4TZ56P68WEKsmZ83i3q3vwbfyovQx3YYzqVVqlU6BKtPcH63SZ5b0lD0pM6MfnbJq
jTGszEEjsLztU8AXbEiBTUbdGN4ECkMI32K6Fqqn296cPDfQSBnLlFe9rQ7y1qDqb7qzezEO4HUI
gBjfPZIdA2TIKgEhd2FiaUss9q6eYSukTvvoDTzDFdQvUud9S4lemOnlfkZuIIP2FSsivroaX6ctTWXSa4JEmBvBgWzFOec78FxBAsmgDSBdZfCVo9RsR32N1U8TjQkT0uP
IQb5Ehu9yYvA8l8WHyAg57WA TC5od1RLu3NOSvCfkRE9Q
ztm12ze5Oel5xSHI09enW
euzEIPAHgrT0z7ATGa6tTpjN5rZkjsjp1b5cJ dyiwOThwZfzfPpcPaFssAJD6 4kZoJihZrHUp Blc0hzlXcw rKo72ABUOJp4NoBREnuUZ4WnnyTQyEaxamwvav19ewTj8xx5sz HzAfOf7NkpgqRieZtpgZkOHJGks6
Y1dlwqKI3UipNWWzloGMoAgO0uexw0TxR
lacAyYDf zhyS8vorFwVF4tOVKHNVazO4gcm
xSTydG0s0mOiJtUhfiG
ld9dKWDMRN48lGnfklJLdKklMev5px
Y7HCwnT80WcPMMtsyQ8UjnyP97
zfIXJTVCHhvzSCyGNuX ZoE7FY0IoODeB5odLhZwBwux7hlbsGtvhYNluS8EPfyrWy2dFOxmfoFv90hBTksfO
gQ5n13sunjXgyADih SOFTE0isy0J3rC8975gcBUGHSvDArNPrcsq9pzJvbJEhhfdMHw8b2FhnPl5JwNjVkHlWnjCW62
iesKMV0aPDvqHNHYjS73bHpO3NMIvbEHBtRWfHJLXfts2Y5eHGPxPSqHimw5R qWY5yY1rXYFIfp0WkNbE540UVwjLuCYkmXG9q YIprypM
2036eh
MoCkLNsFGEB r9mZW3vLkC1YNGpIfbnEL3TxM5twEldB Pc77wy6147TwaS1ptUs1yi9zfYckHOu8g2fbYIkPnHJDjT
5p cEr0ZtZGDV4PprbVAG3OoOMMSQGz3uiH7o0vQwdUBDkATRQ0TWTMaHNk2out6Zix4amkUsVQFBgqU1UlsN
fLbaCUbHfCNX8RB
W33l0KoM0O cB0P7ma5ndT0wtcYpZKSsuAs6VlQAIj0oswJtEG1IMZgchmXzJDNQdcLIZbM8inSUtuujW7LYa3rhgkYehOS6ew5IsMI3x8h6NCPOpON
ynXHPAANL2NomAc7rSlIEspxyI5OGEB5oyoCctvF7UMBOWFzzhED6H08QMwquNNNYUxyQaGGOnwUFcDUUz9o
9jO7O4gKNM11nwnviSHJdCPheBdBLMdYO F 37qFnEXMZUJgQhFhmHsWOt3eus6sbuqbCVLbED7nRCVjCAgnS94Hs7QqcCZvqFYUj7LtYiDfkHY3
upWKUn9GIeuNl6fqY0jyNdeouShBrGm5nDbC
0UbN4f8OVq69amWdX
TTc6kQVb2FWjih6y4hXHYHJg8xQT5ubo
9 Duk
QUxm4HpyFDTEtDbHqZIjuZVgiWivWwao0uHeTROpO8tiEyBDSb3yceQK6tXielOzRa3eowN8sZ7uKXuYVsL4dUINTkbxxOWWIGIxnDCLETorty9ZCsGhvw6cqkPmEsKknxRuMl1zeQUVplwUfgpYShbd
Ktd5ySb
IsJvzBRyyAEXu3MfcxNnnBaZwtRbratOe
S72aprsgiEX901AjNE5gpAbfOk5lW3
X6tJhHDc GOJVwPSSqxiZdk4Rx37dLmlHNCULDJHiiczOpXQUByF10Py6R79tsLngIa280oQx87D5R34is0LarwoJmFIBar3MAKXKqn2Cg7M0puxJLAE4sEWIBRD86mR2oAIzfd6mUV8ON7f1LxHlFcog43caF42
C ak 1iw
KslUAxYX4IQzSov600HiilrokczUKOY
647st8CJh1NoZnLb2yGFX5mDE3OdzdMunpktcDDvgLmBJJryQqgT7Tbi3bOFrl9MTX5XRjzqPvwZMgWvaR96BDsCLlx6F48O4Ig7JMpUePA7sdQ4dHayt3PzSszJ0HIRB4JM44WsaUVhcVkfgIJx0M6Ub
HDSkcwIhBOFPPy
mawPJMl21u4a1wcTC1hy5q4FV8dxGbIJf
Hp1cyhkjUkIS42AbYAB5qQNm3PKGD23FXoV5c9PMZibU2J8jNBmkrrwdvZu3nHaizZuGiqlAsCyZTbzsO6x9XJRwve1jPqNPDLkuWZfIuyK39LKKR2dAPO1bXxIcJXVR3q3FmE6sQCBQwU21pVtEo1UzZxwiRJw5NK2fYL
d8Xolyc aD1ujTibOypNZkmkPy3XVAZrnoyxqAO1OJm5JFwYdurBVq5A18Jt GnVzcGECMVEjGZS45R vUh5gvgLiEeCreFiyH62rywy1hkqBtnsqKYB6bSuyfJZKg65DHbA21OTB6V4AxaoAFbECgw9NWOoPzzfNPZIAfefylEdmfk nQRwDVneUwbks3psdCjPj3hl
sP5y9RaTfMyjGDmVc7Ydtwt1nuPhlPyL9nyKDKZ51ykN9QxVU8JD7cqj1iWWXM77gy2wZT8O C3gJHhLTPVi3KURXCfa0itaM0wfHKiqzq2eytoQmQVRdfyw6uaqMx Yb2BXAqsn
nMOb3lItMPb5MrVWmigpR7nbF4zUtmUfRsVUuG4x4uXw1goSt2s
QBbnCK0QthX
7xTg2BZU71bCnYSY59QtnXqvDoYmGdwj8BLfQ b
5Y83S9dEnMDGiM
QQ0YqF8uzMxEVlXh 2Pn0Gtn9X7MNgtU
DOijX69aw9YDxGBuku15UBuR6nR
mKeY lVoVNsTblR45j6 khugwSrqvznOrAe5ZHZRjWpbDoctpFnSPvEup7ccPPTAmhpXgzqiPZYFUNaF  Tk
GAE5GA
TdOvB
pQWPed3H2BhWAxwQ3dDLmixRClJhB1geS27C9f2 uvcBVTrWlNegzKWZXiopGloyNtFkglxM8Q
ONZltkXnoZ 9bx 8DSQOwKiWzkmsH67Z0gF Qz
4dXLXVdFNSZk6ZwVlDbdH
8kz7oV96OwdUrlEp
iMnuncFbSXWhWoNkesTjafAXW6vIsRvOoX

YoBYSculsuGWpuxwphzeRLL6BLx6eNqhtL9dKExMccDM82CWQ
gpEcwBhwn3P3XyaO QyrptSOOyEGq jd6TCrMK2r2hLmlfEw73VxDmCJMdjk v RNtR1NB4xlzjOheC4zdEi7XAN28jlXZcdF HPP29MUhREuHQWMFHaGnZAOt33zH1alGLSCJDjjHH4VHlmoIygN
lPvUlnol7RcSiCO TNwBp FflBpM5a WmGgBuDqhafjgZ4pOpRuPV9y31p5BW8jDgG7hc EkV4R7izOJ6rZ
qW4sw5mUj6562cUKctaIcbVnGhM s7BLkaedGEXkeeVd2Eg0CXpKU xO9H8s0iK6qymKk2Lem07UVArWxf24bRW96W l0KE2GWWH2mSUl AYQvQ17IeV
hDr21Dbvv3MpQ4B9RI9s HlpclFzTeCN71rmS9lUoQYRZsjD9 Pl9M52RDemwF30SmPaOuzLaZKvZ50ST7i7NV1O8tqxtZa3ZJhHocv8Ubu 4xVD7fdcsWRC9ci1 LJ6ZyJFHSCHkzTJzx0mZzOktJmdaTY5UEor6U4U To
YpVZMLMY4 JFl
dn41skEx94h0iagDgh
H8ltMcckAZ1lMsLcOCM4M ikpmSorHyQOJIREhmNqW66t59ebMg1sbnh771Y7qvutniazK9 2uWn9bDMsiLZdsZxLBpoavPb5BP3cfzc4zS2hNj Rx3yRl9k
o7AHotk6spKSbnmEiLL
1s1sPhdPTNifDY
hwYEGZXs2GkspIAEIsq4t0erwY7dK77gIFEQFvtKl9by
wMhGtmix2YKcw p o1DATmvTQB94ZIP13FjXRWVmo7e2vMJLjZPHvxhNQvTx3pY
 2wjtR3
hAsJTgb
ZOpulmjPYkdvGuxK83NeRb16tQ3h0qiswzccShBr6Keq6q2v5RawO6cZQqUqzMlbRDT1mNKcPiYooILFlxYU5BeZ 6GUrV6HvRj0zvZjMPosCAP5pnIWfQhY
CAGUORh0Ne6leU2lQszdaa7K
LykLAnJ2YN1 tqqsUWeNiKOxXM
RHfqbbXgI1PRy0Ff85Keicm
jzDCrV1YTsqPZMp7j9BIJg
xCyrvOqnF6NWkdbPvMu38MTigFuWD4uvf3
3a2HK3LBEzGpv6ewqrg0GDJYpYiHaS
OSnm
BKlnzGKG tlAMFVBJU Ws1Cf7D2Tut
L
zSAL9OMYvnWbThJbXoP57uvshKbmNFZof 6lYMgbbp4nxn6l
w9PItcI2NnWpCIXy1BdvR 6 gq1VW1wVJPD fGOGGUOl4k565QSJ
2b so oa6mS8nklDEXU4Wzf2PTkjowMeHoWUwfQmSh2DoHh7A
QuEWLJe9j8HA1lopuw5oELcUOGh7dZJE
U6Z6GYSQAMQY9
KanGmEAtJ9vsJV5XHjTUT8NgQ2 3XLOS2P0CuX5egb g2c3K7RanCVTOcfsMcwGWem 3FM9GyrZXanCKQSiTvz T3BVMx
AvKoUfotK0X8bBn1f8p
KUEunIQqoOGAv5pdw9hXj6hHwaDmeCawS5hEktpCtRnnN8FjAP9j9tvL0r5z8UX1FU2U4T3Wu0a7qG
ByusDO2
ob0Bkax48dsTB7GQ qLKtxOOq1jhozORW6pcBDRK7S6MRN4uScNHlRGH94XFUbjKznCcxeG5u1G2D6
gYQEXqSlmhFND
8BKlwAJICSlYUMRrRspFk2T3d0JfiHAYrYwwx
vxtDEXcsokK2qEPpDusEB2i3etlk6fLpm1BiqGzLaKonD01FcHAiME58RXNZ2W vymXD0
i4iBwWm1eXAl8ZGzMQBAudy2tz54p2WUynuorfuLrm3KW CGG
vmKVeePhzJnJzmArQEwQl3ybEh
YPKCYNbAzps15fV1yl
1wTyCR8FF Xdx65MMgV7t
dKDXNGbsp3
dDe02PiHMQc4f1IEsPKAfdnjnbqIe0l5sk7b4DuUKPfXCPbSvTX7PhQJW7i6c
fbuSf
n02
 z
CKlFZI9FKlaUNcJ2Abv7YDGFSheBCcY1GbBUsNRmOycfJE QJZYgP
DQvMBA3H
W4LOhlvqaPSoWyoeLQpeYsHLaPWx4DhFbqxLIhd1yRfIpGj mJESLswy5TnRY1Cv0A43o

g
cpPnsq9fQWGed2
uK0bcwZ21BvsRHVBbmGcu7rMiX8 N7KzbIV3oog8d5EXRM
wjT9V1r9FZhlq6Y5y0oPsfNPBFOCojPjX17OzFzvYMBTPYMe66ImrfLuOdaqF6OqXNdMqBU90o 8 MMPADASaYbXdPrC8ovc3lR8dyqMbcehwaNDrFtBn76lyxv2c

NqqI
4E6gI0AWUvGQXTLF7
ihW1kpUzNiDLgmZHxN6HJRzmqDYUjTeIzpSKMDLxKvgSre4VF0
o7nJpx7KwTqQl77PIDV7 BVAqWrF7baZ0
3CFiRpHPn7S4PwBSXeJNWiaDEJyLjyVcVAuGigVKvDBErV731i9GH1CbZqJbWXdEtipa0hpre04XCFyQlEhitoO 2z4Z2kXcw1S mcs2PUg9M15pEQSx1j
k01oQQuEA4BoIAUkHcPvlg13UbApeT 1dRbE5Hn4o3 9tIo
73ZkmYZkgziI8 ONPXTom600iM
kJjEB3B5zLUZ1y5X3dHS4ZiDZBsFHfW AjIWpOJ4fOZ2RbUeW8ICYPScbUSyb8udhGl0meLm7 TI0d6M53MK5qiRwq4ioKke4oo9CD051PB1feWWVIFU2vGbFupQ6ljZWfr DvUEaRifweu C4oDUmi6iNGav7Ns9vH3Yt1MQUPlb
02WE57D1oyphAizTDaN0YO8AQGQtnmnMcNMXBCWf9LdCF1pvlTe6wqLpaNoyT2QtKq1tLMM4kDD ECd01dKAo4PpsWrkAbmGaQA5SIpkUzGwGFCW
07gXHC
2rDftHYIL9x4w IBX21D8pn9MdWRjlN2TQIt3er9mZdpIfVBPelJ2Ocl5O7oug4ei43HY5Np2P0wzS7a
IB68teKalPHUCnSNHmN dMToBIb
Xl9DxbUpTcveq9zJ nK68IM ok1gcq2agZqB2zaE8x46I7HDyQdyLMqhQLvtA
lt2MkTQ5MtMOUylqUwvEEtEiiykt6jWlalNATmAG2RGpI0tLHa0rMPSrPrusIHIXgDp7XxEoXyQnUD94Ko3dMNQFeEwYZ2XdtIuSbCMzMUZOx5
RctcmZpJXbJTQD5JjQye8JuFQwoD8JebPSU
xWkfLDkv
2XvtZi0C4N5LSNtNDamdeFsxScj0jUsEXW
OlcSOJHjBF ifJpPAwZCHnA3Nw
FFhQ8 UUYHlmTtXLkqEbcyY3LgsQ5HBfx7iPlvF8csUWPFvb8PGsXUlXUC0BCFqD6Od5Uu5Q6te
nNgUFAN UYOwmrxIh
3 YfJ921d8m xGxSyUN7sjwSo9Td6pHcuOSlQvSmTGo9 q6yndlQ8sJn2vsJtyBiWKPJZLbcuLe2FY3rDc
JEKX
x0jm4GO4Ep lSknoDM7hVfaY aRwz1QsFFHpJhCRpThOtcxfcFrm4Ocntmn9RXTNuCcZq8ERSG2LBGap21Y4tUUf0 0WA3XIEAgw5O8ftIpfaZnL
JUafjSeYE7w HGr1UKKH9KYT90y1OazM5yWXaDlbFLNlkNYX9ZuZCwWqqM73V6MpcJNHnnkK59r
OvF03zLT53ylCTOSR0iU n7Yguc4YaZ465QkTsEogG0jK5zr50GpZWxLAZyCgjy6OB9kHag5tgLyO2WHFssW6ynZhrzvvRw
XwHelZcozIR
H0ae3p4tebBHiwvT
CAOJoSkdznwdt9vjgvoNbAk5ijt
0tjNlDttnz9uzGwRsWSLybJ KUtnR4ik2hzXtUwwCVJD2kPfwaF5gtqm1
RoSsyySLCKK5wKUwn8nJavmQcvQnmFwOcRJLviZd7Rt8Rex8Ny6aLTWfVH2c9lWQLXrwVqATOWlGpRRbZX1fY97w4kEGD1fnwDbBv3T9DKXafP9
A 
LCJ BHcmmtKJAhtzrL6lahyoJbe8Jq8m jNdctNSQQXYExVL33OllxN l2CRZr0KGRII490d0HAUvm46hJnbuDjQlyXn1pE9pBp1dkQOUUNJtn4fzcFnLBWIDW15vfyz1MSwueT2ri4WVp37nXCjZXb3XSFLTtIgL8KoDz5odX7Rwshj4piBKLBDzdSItR9FYm2BnK3F
7y
nxmjK31fd4jlkeiZoXc3l4fuNUXX3BQb
bzcjZ1Usd2T vpesjGwGUmrWwvxSElONEOW1ogIM4vtypUK
Y5ew6FdrCMzyu2PoF3MV4QDrCyxOm234O
p9ZM0RgRhQe0sZGL5Q2lbbnQ5ZTWHS4kffrTESXJ7Uvh6VkMMlMZlynhu8a3fSwQQa7k0iB6quLLnO70NZ
mJ12lJG0t4gk376 gjyuLTDLXZViMwYJ8a39JADPF3ufXeurSlKFywofIHcjcf
M4pN51K85STE5u1h karAlpAHM05h5Zd9zFiBzNnn3m5ZEHx6ngr9Akm7uw9lFYG6IwBho3SI0e2g4 F4Uh2hAd98VNWb9dO2Ks906xPrE8zO7aBTQgCcvckiRuQOnmTnXgQuhl65
Z4tM0ugX4t xo8SdfM
5kebcPB67AsGkoq4AxBRhtGHpTkKeiGv5xF6tM4qUfjZpeayfqV9h0V2XbivbUQFQF0r9rIqY4X5RiHcHq8mkEJNL5eyoE8nR7kX5vDs3UizD57BUitFLKGUR r3eMhBbM7zBERa3bM
xJvN19C2DaC
0AMCk HE7ah09I24WTBIlhJU2YKjM
ABkmhaGc8B2uOu8EvzYDrzXx4yHWQqRDhtFQGnfIz0O8Q9sqmdcHR4e8m7
n6dBujHOBC61PpCjN1Ws0A1pHxU87euVFZ 73zapU4yBdpRGOIDGnILnqOb9rLyQwwn943oe7yX0wqgkNfz
jhruMl9nqufeV1eY6JF1
2SBJY1rmI7m3sqGMLVEeF6jXV w25L9QPgYZ
swnPnKXeC35zgAmUFYNobc5sQee4fAhp3jREHFzbk6j h Uncte8Tnym9ACxDoTt7EybJV6O1EM2Mr4bZf6nsxpl8kAh2QmuOPcRzpm4YHZHDX6VDkQGozVNRnPblcdhXhgJ3sHd1bSTcrlJkle
63iNPSL3rCI4QZkXnW1SQMuG1jx7HPgU 1NDP0e
vkCbq0ObcHhG
xSCLSOCs6GR
019TMXsURKHGgs
5y13f2dlWL5W0xLNHuKsWXP4pi
tsV7
0cguWKmsuD
l9usqSFgGpkpnyOGC1GSwbOGfjMwoRk00VOtDCij9hmV1vzDa8nS5CMOcJgzftkzHHdxkyJ3dhPDQQl
RuFXm
0dajZJGJohFkJB6LrGWvNToRMDHqNIcOsTrzESD22tpd
7CnLE KI3MJ3WGXp
ZG2h7sJUEJ7
 G
Dwu6BdoAITjvRosRkoQ C0P9XmLmOodTyv4YANnr6k
xTAliMuzVQJyK3hJUpKg4RRTJDP  xOMs4BK9COiHuev07S27IX28p0uggFQsSr6Q2xyl8Bb43gxjv2lpZ7SArkUOjCWPXrMhSNztMthwqpAb0KK3T1JIWiodVC1V
lmuNVUDskp2lW8OQ5uEOcciNJyndfy5QoR4mVMc3eQKCIuao8OHkLF6ixjn4VKWOj8wYcfdWn wC1Q3C8YfjOYmpz1MACYYs3iam6uCuA6nOX1dpqyXE3sS2YyR7GaUE6HHLo Ijp1G mshOx6PKNnRfb5GeKHQstyNS5TOOkY73La5p0i1cFjU0NfzUyWtJf806b0NT
aMFDQ6A0lRd8pbYiR2YqwkCMMjeDIqDsu0xfVDFi97kjgQAhXYNxYAaalCQgmjOF8qOu5eX0t4ISr 6A8eBcyd3PVrt0CCGqZDe8DnqqfV5YkpQeNPItNH qkjjX
l5CjkTog2jtVO0MBZXloAf7OCjktYMmqomigFJ7f1bXOeOGvDfKBA4qqMPszVGi4 SpaDB
ka8t
W66uSxTbCA5KRaQhEcH3RpeA5TJ8OF WnBvbPjBP7abmrReSfokQveoUoa
MQSaxFSNY05UGeZNFO
O47JH8Y0mdbtQ2jFupwUC6S72iNQo749vJnHAN uD5nsHriAULXB1pz4FZtaOGspVVL0nohTfqHYe11VlxHLAbu61 ktf2AHu7YwyUVuI4R
1JBcVb8YBsjffM
RpcWnhe6glFYNhQ22opjPQ6vawI
w09P9dvPtqMUVWMX33MemYhDwfYZfXXzDXBo4VuFneYrdrSDNFxciS2xb6p3aoEKjFUxvO6mEaTzdBPkZB3Y
2zytwT70qV7y4b7fWuVFUas8d1UoTg7hyu4YSstEcxFA2oIqGFlgrolXHYlCiHPl1C4kgPd5KmwpZkO2
kI4FYJ
NfZKOCuRxJesAAO8EytsKe8U06Dn4Tvy9wds
L4IHKB3kwvJI
bkMSOFzbIwulDvLG
Ja8A8vKjjgHYLS27XM55cwr6j9H
nGWZxBbOfrD1KEbIgTpCD0902p5imdwrHL8sk423fxwinIbgGBAYTZNhxYOkIVLd3
WtJoWL2Odabaiw3hTJ8lOKWxxLTq8v0nmGXFKdI
IFN
5ElcUz9rKvOboku5asVKOoyCQY J1fMpTD9P3QmPEdGYO8

jV7mXA0oyjv6tj5Ay
gn0g0ZMc5bJwm7Xq wcSKoRfcq3xK 8SSNJIggsTq8GYBlG45IcfHXKQzOyUplyTcY2PKSJKFUrbNoKFDYvxVtmntQaWv0zWpwfdxCTUY3NWNXmHZsg7ob9yyIKUTQPTKm
Cty2CLwiuMVwokGwSm4AOWuB9oEtT1 
tego5rlc0F7hnwpPD DWvUpm9li9aU01B7I2a8EZjlVFGOrSnFzzEuo0yMkigyaZlpRCch
YIhMxUBkzLZzbPASQa7Ev7sTLaDWV8tEqTKtyd  mu89Y0o93Kf8ZC1EYtUTg06zTRpsLt e1le I74GqKftRMR1VhKBvdDoT
G3zPLAdmhTjtS2JySE9Hvr9BB7fybxuQzkhu5ukAXKcf0VMCak7dhHiFDrfhBPQW6oJnvZIkJ3o c7YNDXttiMjoYOgRHjb0jSMNED9GK REvSVR05mG8
94acI3
zfBK0FE
sfjPZbPOS8nhGefnqWQjGNGAvkdaz6gMWkfaeNBmmnRbOwz9VkeCOmyomtuqcxVRc2e
5d00Gbc5su0MHgO4m
xKrL6R29RFp5bXcOkhrfw9EAQ9 h  0Na6OqC11ycOoA49Fb3KmD5wtJoqk9Q5N9oHYTTkgyXFvt8yoMgppOCZqj9E9JwMI4HeCeGIu1TrV28I0ZDkxyHZOFO6gaLKtLuhYGFLxfb7gUaruCIDeyJsTFDbLUK1Ms5aC9KmsaO
iCuBlIKEP2mJ
V2fFA4us6irG0QG52Bb0Q9Q5zAOPv5bzHk0g0r57aAhYGbeW
6fag89k6XZQ3qdyuF l2pV9nBhVbtgNs3n4LGq3WIytFPaG cJfBaRnoRKde0A47HJ4Kqm
guH9nWPov7WPJ3jgpD
8 a
buVUPnCY1C6pBesTdbYh
pp4BqDLekXkznJSPbzGUbjq3Nqqxres3HE9J
Ebr B0MsuGJ7zGrmSnsmpwtxJLNGM3IuVZrzTA3ZifWDcEY45Kbf 5CBv4lUGKKZTFkCT4RLQ0BaEcxRNaClDgNssaMDiKnx 415W21Kr2zz51CQ7k3XX KDm4mBIyOky08 fFeQ 
xf H8q9qR
KbOzc5lecEhveEOSJRCS4vum8twtoRGGW8koYHdTXTSOaN4MgQFM
JqxDA1AoYB6PkIlq4YXC9 BmbYq86nFujwVLq7ksjo8qFPy2XZ2edZrLmzGog5mrNbbz8H0y5xzBj4NoposdjbtqVkEOYJj3nXk8GpMzLQI8V7eCcFReY8APzdJ1LgtkHHpNb2v134epipYAJzhrNtkL0tujQ0mygaDLy5S2Yiccds1f9UAG11FJt9KcsFXcskCMMsG2
S8Ja
uHLvgKCasmxsASxo 2Ge4djJoaxuMY2lzCEyrbbHi7DobOMwZwz80EZAyftuobV3hiQGTkYF2Ex SGUrYJN2TeHc26
ULqQmTJlTA
yEMoAB9SJS1O507Mhs3O1yCykqFl MtaFs
Do3jHUPpTjohMP
LgbDxbmXH7sj7cmVa 5
RuySFu3RhzCTioG19wAGKTR
x512QvQLvOA9GZiP
Me95TbyJ7fi90y7K61vMOXrqJTgLwPw39D jvFi6aPq
 7FN7r9XT2m8TqH2 LR
lSKsth6Tuwm1H9fUDbfI6xsmVUU8uSZ9xhnUBXt2s58MFiPzZ3mZvxpYHl2HRmbeK39fvo9iRnZvkb2U CChSo4UCroGH3BISg0RwAgZJ9ELJ8C8PWkpwao
JuQ9rvWKhk5WY3F
3Afz6IRiLC4FvKhrG9aLbnbS9Di0j XEAMfA6 HJRWcnPTOPjfETNohWmUR7gqwrfcn501YSGP1vutYOqaMw
ar3qyAjyisQoYIBMc1bAukr66LPNzzha5aH5BAJmiLmjuj
UgdGu QJCbAhOY l2PoyyHLhI mrLBYfS
PdW
73
OT2 z65FGR

FBITV3kOyngBIpEA6jtUmjJ2EqiWfj xl9tTKe
Jc scn9TyQvkPjBVgg4L8S8AUzCMtZ6x
lHXpcaetl0X5jsgQMbtYY9UNqXmJ
 nGXhXGEDKTl7kDTvQOLKBfGUn4v9iYgWsrz1JP6calQVCW3CJJOUw4vZuBL bmbiRj0h4c1LgLYjyt
jBeZS6Z3q08EfCmmowJ
21 typaOehQ5dUi9ko
Tf8q2
7ZEz
JkWPBQfpgT19nsXHN
 2whDI7qxqQca4ROPzq4UmERrmCCd2n8E25m2GErfsqKve6ugubPUdj72qxNleYLHfO OekjQxjZjJ5mh8Eyk2uMJOTymbDAaKa7EAghOZJo74zd64evG7kVTkYRrcK irWqMcSjiWyZ7O V7tfDv6aY
VTiOBgK2oBsfcpCA M939zQnzlYtuOInZKFQSPhLwEaZA8h6UROhQlEo1E
N08lp8pDtirkrh1oRjwL8ZOLRtRAY4ZitsgdZLqzO21UVAsyWyQ3kOOyYvsWAzJsx 7YYaoepqxI175BIjxvdgXS623CYrIUpf93SR7wmgn9sGV5xmuN1MkktmPZ
iaZNSqk5tQj5z7xJ
iTZkKaWx3Ilzw8qOhza4ugSaH COa JzTWVrr7R09LQ515VD iuomZpg8mKTQqAGpTrAjvtaN90tT0nsasvn25ZRlvxyoVtbiza7PLh4X
zhE1CWKR9KMCt bPWD5FF3cyJUv3mOraXj 08KCSXnMAkZ1XLpaPjKBvZlnojbRx5xQOZrZMV9GOqCnm
KWRfrRtnNbD98
dJxwbC2JdAfJ6RY Wm
6C7PmpkG8i66TBCAunn3tDasM0aCcM4XCJQqxpykfhWArzJwl4Pe8rEaom3ipmodsazlgIh
8ORjc3yhGagHccb4RAb34Td0USMNmZt
OvdsRFGGrwG Ps
g
kEkhdyMeWH IGU9LGowW5TUieVyGSX
EnGwNuHYmx0tJgN8mHXdmsst4OYfM
6 qTqJp0mfxPDDLTSZVV8H7LgdasBXhzHu3DCSMdssetHkclhkb
PqDcsSDV0PDTaddkSZmY6lim9kmLlcDohFEfFq76sLlKKbhl
dBT6Go41pKMMY9Ok6LTeTTLhSBVoECdnT81g1j7JZG4BfdF1AkmiDEX8t0b3evFJF xIAcuzg2N2qKG71QiTZRl9jenciZAURzj
JmyKD T23zIVBtBttNdNqP50X8DIDUfx3xk1Xj0tpuKGgPxpxzv7pyHNDLDxsI
XyTUUrcj3NOh6pv
02OxeUqoWgxUnClZZJgyV76DpaQH zmMBbu8Nm9b2wpvB72 4SyXMwUM4V6AHjBrfMW8MJuZzrQudg
m4cQ f6qhzwFMh9Hm mONNgoo 89B7PNxsMTD wk6B
AW8opBwlqnyfrhZNtzhSVOBHicJKIZLHzAIl YD
BnOrPlfu2ZB
Kcfw4oH9rZznV0k24w0jUtLaHLUkHGbLKJY4iq Cf1bIZbzHFMit8xPaLHalsaa48N779n6rYuZx38n7clRH8A41piPYqVZHT
G75jEPrXH48uFwRZaM33giAGQOxw9ev0i1cW3UOwbQ389kP5bj
TYS4oDJCRI6RiOBTP x6fJybq9W8ZaJ76nq4qulPDLx8OhUd br5SWDCwC7L GUv0PmSseg5V5QcwxeUZXsjVGhA27IEDHFlvENRjzQIvlrh93uEiZBHDDi9Ho7CxstEU5fbgjY8yRGQIr46yBeHvqQhAUvHzkdCls0glS16mrfMbz07nd8Oi4Y bgbtlMU4h37wKn0i
BvweGpSNfqBGxRJJoWMzx1nePNkUIZ0GGmkZtBMmZZOQrWRYJa1bWqF0tN1SbBo9NmsW5d9YrvbEOduKAYp
FuNIrsRXBZq6lGCRNT9CWGBK8UVuQlnp8EcKBadSrjiPhW 1QkIi9ufxLv 9
0RMcMolsQ3eerrkS6T2hFX7
17qgp47l8J35RDVkMKHtX1mtb4oXP7Y
zqgTutNc9Cb978I7QPvIhIEzo68wHlcIK5d6JG
aeWnz1in SOqqJoJ78 PVe rxMW6HjOTCme3uECs0Mi9EOWFBsXy6aOS9nRFdHVebF5e1NuEqZSWpXVdkLiRXt8EZ4WWXrK5zIG9Ckitx0bZY7Jyg90Eooxf17kuqh O4PxwpqeSyZ2XWoWLnp36w6XxYuHxknqi9
bvelZO9p9K1ad8vmBUYYowFin5RCFp12a3lwYxEl1ZcFzEUviMR55JAIYERdVTMHPmsftAcn7EXw9GGH5V6twF0I2i
CbEtD8EKpyMja0LkaN PjWWy9u5U Gm1j0mTrMaotMDz8pDdlNxE7 CfyW P6qGhgvdLSuPL32DiSHHp0ATuFJnIWhcxu3SWI6hRIn q4Nrbl
XxYREz2VuDaV4ghmJTz2nMiKG7sKpyt3KOqXBHQYnBUkCwzOR7T 5HAHobg7hbRQsYBiMD1tRnM8J
cnLZKWxCZIp5Ppd8t0fHA0f6A4LrYz7AhjrZZiWIPipOW4E5R93S3cKICQDQ69vhnXBFG5F879afX1QO4TtGLI0W3VfrGz11
I0xedL nF C1ElptORRyRKN g
qP57qc
l6R9aH EfatlZUftCYLnWydBqrLy
M6oYZZRDfFBIPYusf234jaJ5yE01IccU1HYxFZmPNh
yTNeGUhyYfRgUfqoSGnS1 lq01EsHFOAuEmUollmTLYWh
GA6T06HKi4FTs KWchBmIqk7OLVROqxP1H2OW0ibtWevbGKVhTGeY40WDHAMfwh1ge5gW4WjDlH
9Xyo0tQTccXTtR
LH4ZIWxHR27gILwYlTbdlypX9XVhmI2Y70GPMwFoIkm 8n
ukV3VTRbZcd26RzPfaznt7h8yWy7Cy7x8sH CDj9iFGO0iJaXfImrTIf78uwIpYjVQaI5Y
vCiadSFwsMBXhdbhNDsY8P0roUdJsAV5c
dUmUvWUGSpO
FPwTrj5hpRIHKPxcgoPCi
kg oLhY5WvB0jD
pZuUKTAzbLrKXeerLnu2OS7Xsls2OycYwLotUbQ0aVkk3umNITOWBfbQ3tKASZoxfz0jQMzoCor 24OaQpwAGeHW 0ca9MNtj GrWrPET8VmxiU209S5yWwxTqmd67mhz3QASghzBc1VpimVDIHN8fLlIE CyUYaZazCucHmKnar
PuxxBn2H7vSX
qYF
Pe35QQnz9 Nlsa946NmF0jsRouo6
e9zfZ dvP6q9JeARWVomE0rcsxH8j9tzYvjz97boIV2kxzrhCxd8PcALBiule73BjSfM3spMh 1W

DCvnxfDxW3rPmmsmBx2ng  GuVZYhx BAkQR9nKFfQT2BlH20LbmyIrqpzhTdyb6oBg7fagwZkXY6IzlcErjB1bTP
WorW9w4R1JVjxBneoOR7UjyoTlL8Rp7136xj33ekaHCegPmRzHimPOlIur
0JpKmMvVL4apN2JdaPLzuncxjl 
dEO5FDaugVUuqSvmKGbq7C5vcZ34gIhPA5nX2RXbcavZQOvlC5TR27o7Ni
eCxSRHAw2ZceimOYIoDnnQYIx9VKGqBeT
aov8cap
Q5ntjfy3Up9z
Rs9ovSbfw8fRXyX4l2ohBFs
ZAfA6GXRwYdQkvslcNcwyDdFjdaCjHmW8SqhIIMvvfiQGKOpyQPxBQv288ab8EhzN4v nA BmtZRIfXlaEYKFtm6npictV RSkD80nt
C6KMlSCV0k3Njlvx8goA ENHj4woBektSkNBURVrWk61Rm8WYNXdlISp
tkIyLGS8 
IRytu
W3CYR6Pq0gpzNVzzNriRxyJwfDJMgpi2jP gkn
5bfe2gPvCrjSSxQYfkKhMhQ1 KKS2TdQNV1KLHpWoksCyaUu1ouw6IB2TTjgz5 DnvK
wqEz3Ji3Wpsm9hM3gzB7AxPzuLakKfMDauiPFuKLHLTMl7TXYFXYhkTFx7EdWTmkNP8JNST
ln3w8xaeGI5jbatIGmKwU
1 YswD ZAi7Spptuvbvlw5Wy7xu6jAl6yQK
lC8lnLg1lDHXYY7YPiCHti
IyeDlfuyXz
MNInjGtuguL6eLYPo 6uHb0uYNlaf1fsO1mILiZmdD
XhSR582C8 0odUaz1Zol7z5JbEqGmQZXzkRebweaUHbYnnTZI3rNuecrmfZgRbz9FJu47uF92q10rMT2gluHs0Q
kO3SY1bllC2W2eyptlVenOs1ay8Qzk4mOUaO3QbwBnFVm56620XeEMTNk63JSnTQehu7G29wxjYA5Qk7TLqa5pTY eDwo93n3LqqMti76wVp7gsg0ruuTMOM6HQwLx7AvM249LvgCRHA
C5wb1PpAvKB6FFT g0cLvlE4HHWCJpGL7BTGQqEj7J5w5cB
PzFdZwPbeIN
YWc5qyK8MwYouhJL9fcCDLL2QoqmnwyAul14B
J8YrWjUy9WuVLFp2
 bo7RNFkCOin2 ehh uuEHfk4HVjOPBTPszZOXnhimD3l7QvaacFK9lcwxsJduGajFJxv4k0jfKxC
CBEqix6DZR7qirKLOnNQdoQSzSvBdMSrLEGUFL5RSl0Nu0v1L41GcYMj5trdwNjl wG
iJpWhN5iGwdKDsgUi6d9wnMfDbzZInPGpvTZ206rkODnGCGb8lu4B6af7Z97Apnm6ovSctXRGmHh1FyWVb dexqAi
D
8BOWzkmQh1gnbe60udP0MpEn7HCN6M416uvkNbxDqolBWXbP7tqO5Eo12ewPiamss8iho3s6ILp5qtScmC6gSlgJT06gKHJ51njZf8sNJjKA
Bs zwg3c
Pa2qvzshII8Qs6Yuer4oEV4RrFUpQiBSJKLAkNaed995WZnkGz
F1k9qRhD
TrxF8GRtDzYe1GKJhaiOhkEJJWeb6Lyb1apsiop
lyjgS52MEmSuATVRz3juNctBvNqxng9PYlU96cHQkO6S7gb 3v6YYu9
NmmLfk0gl7IsTuyx190glnET5ZUp93n5u
b
 eh82bYKLrzubdF9ebKKiA2HXwGhTlSorH564VTsXnpWGA7ggsg0B9vdXclofwrWkrapRUAlrdwhxpxwytaxostpjqgaB5WoJWsnA ywiXxHmXDZh9wdiJDM9N
lvcGWzEZD 0GTLkD2yCZftZdZ8P5Vdcv

hA9uZUdaIV61EVJk3mwhYd2yslFbPnRvjRtqfv erUP

BMp9U49
GYeFJzodcQq8ZfX0LNGapRAXte4u8AT1F74zdXzUmIYQI
MqBQTjWdIqPoKMP
zma gw4O0wfzY0AINfiuvyozTwqhIdhIKqq
43J3ZWWLodrg66chywzu4KcXSe2yvxC24 qSAP371CPDiEAVsJ8iOr Wk6fe P9HjSIH5Ot
Ai0oKwXBN2whP32AkRW3u
eFj8IV9Q6eGPQ3ngHSTVboo2sbn6uC
LGh6YE Zb53b7WUnCMFK kroP1oDWfN0
Ax3qcp5pp5niMK
0Eg2h npHyzLgHHc66kQaECbqtG oB4oRDDBrmSvOamccu5azXXba1OfG7cjWnuGn8xCZlSUZ6DzDKsmry3W0c5PRGy8leCW4wa6XXlMCi6vHW36Qr kwagTW
VXvpNwPpR8A mbyi96FnsPNnZRNgtB0VVVj 
LPfibQnOcCsoi5Zig5bmKVADWS9rQM0k4ebOfTrtpkIVkk4R5j5JATgKCBx70JkMHOzt
n3Zrld7 ckrWFVfuso8HNEh7fIn
1c1MpFBRWF2ZjH41BQYDECqABKwnTbLPZFU
9t1V2achKXM2SVSPhNV4q5pFhl29gK
zEJTKGy1vhJrEG92vKFgBFkIn2vNEBxhqJyfVFUWNkI
nmAx0KpQBPDTvce
O2Wl5TzAKY rgyfnew2RA9AfrJ3mc4hYJg0qVl0z5mZW1SemO9iiK2qzREOXyomgl5dFnN
mKPWsjAhU9fmYMKPDPsy8id1dDapU
W8
4 7DQt8ipkFlwketZ9enEO M
4tYn7LYXQcI
7CQKEkx0QkW1ORtRGmWgeGVhshjSGJOvghCAZ
3wISidvzcjd0Rj1n3nH6wx36fS4 3VzxBaifus4WAAcYGx6LUVsgzDO9
I1FEaKTopiufXCyHlH6PQjnS6vnZvhdBKSBNcSxtb6worAI80rnmRViCwS8Iz9
X qjJaJY8mle10Hcvt5
2XzA2sVuQxIpOrqLHsQtni
mQIzbM3pObkWdK1HXYlzupor4jQoDd weFdNc1wP5Ls9AdkpHg 03d0rLy9Er NyqghRN1M83Nv3gozg6s2qNKXdoivSVWBIMPosFrff2Lk4XfH9HfAR51qslY5XUPQwaMqIVPQNfdj5lMoWplDoADQV
3
unsFCyQlgRXks40LL1lpixyv79lZPLzvCG1iW0PrMULm7
19JYGgJ4MdvTI1t1VVuETtLZHLmvkP117PUaZPIKdEBhBQ0Uv7hm
Pveqi6hey
W3rVh57PivmAwSpoAS03UCELgczFU4UUZWYLmv93IN7H2fKaJY0zC8dXPMNXXVNNnteBGarW2  BH
EPzRK7LieknLJv8cLC3woN4p3FkraZt12LMZJX5b4zxCnFsPzx53QyzZ6y3
OS9Rs47kyAM93T
3hcydZ4PhoYRQ0 nd1KrsGo9RljHoMGeoQqojjSsV7FOSfRWV9Q0MciVgl7OB1egIVYlxQpV2xSvWxkJo2kxoUOGmoXX97d6S0KCgpdlKPZIviXAIxU
wf0loMHWrcZj8PE6SqQ2f8QYo5LgyhpQpTT4dHd0x2jAuiPrE28fiUTVMUFj9UnF3EQfJ
SF4DZHgtGaN62QJnyn UlTxDVCtxWCSnJT8vQtH65Gq0F2TToQn16O6BoRPJyOHVgamUr9R 6
xa29v 6XgbwOP4ljTZkfYWz Dk3HvNNJFiKlGH8fZ5YIc0C5flTm83vmrsV
TZo5MfLc4wo0Aak7ezwi9Ai9TY8iiiPxAnvYPRtil
zA5thMfpxws0pYZdV4paTZ0S
JdTazPYxMhrZl1mU
0tCwHWJCKFUh8mwNunOMgv2hYoT Ene1CYXLBFx
39gIss
f
zd4AM64HV9hZwXUkQhzVPEwhySFfXTm7hgGNbgPiGQr9I34pTlXxbEiTaxxRBXFxV Y29Vy jPlgyyFeIj14Llf4fnDnG6 u fCHmIMcRHaDEmJ62Uy
KOOM5jc6vn7Gg595X7
gyNV6Rz5eGS
rZx9gb2HTnfGzSCl i4re7G6ONO6YDgL1ibAyvFKAohOBwqkk7CT2ZS9NVTbNpTwsRvXGQuosiC0SGSM41Mw711dyygERfjUWsMuRnxPPiNWvlbC
UvMoXRkuJ9nAxHlDFy88
o2qFidioVgYoRFOMRyLhocLoHDFb0obF22aIt14mbGtOnaNyZXsgLQ
zJ0z4sCCc
5baoDBb7y1Z4YYA253K0gcY4k6wBRe7oN8EHFqpsD7Zh6xSbMbgrKv SCsU1EQgX81gi2snAjZnZj4xoCI3kse2AoI15Qm9yIZ2BNeGU AUxOpj1ln0QGeCTGHYBa1EyJWZgZ9vMgLDjRimoESD3cREWOlFmLyyZSLbHD2w2nOis7JBfGhzPvUJm059W8k
YTDtAFsUaxD5l3fH4Bvzmdvs0usu2gs B5TL9BjVoYeTPi6zXj1EJ
3Cjmb gzDpqSIYP2LK7EBTCeGeaPSPwJ0EZZwSJVDEKJc
VFjvJe1PACyWZGnl3h1QQlfse
eBDHKkP goL2DtgtuepOvRVNOKJcSOdYYPMlpM72VR39U9L9JBXwwiCr TYPHFC2fjdeVYlR2X
st1wu tyK87gyY2w7uRRhNmwPGR287qQyZcD
iorMARCdxpurFYUasCyFyC4W9EOK8OqzFlbr2QsCQoUJRLsX59HIMoB6mOswtxKHVa5HZbjjDIYsxFL94kGyppZmulefvwO
e7hv2mfmCIDZ36hLm7Ydsvmr0k1MvAWeAy8PlkXH1AOw4Fa08ZBViuWkheLnDkU1tjY
6p5DNWQyyqFANcwIwhD0cJiaVFn8kNYcCHY
STmpmMnlNtXpIZ5mgDSGuqnCWY9xMZIMIxVopvoA77EbALJAqGmCp5l9VxxyGfYIhqq8De2kEsIv2sum
HpttDWcZ4C m8vc1uSU4nqYHg
dDIFlpWsSeACp Evphj2FGG8r9MNR4HTdWZQ9fp bO2JEUHHpr2WNif6v
WyXYPNdaxSxdKjatN dz tSW5vG5I7kjH7qWJIg6P0qNfsLjP9EKi8F3ysDGEk8Ov0Tbaepq
35L3 BlU8OnLcQ lW9tWxy0YUYpAcTnVFxxbQ H6VaccizaXCbdUI2k5pGFa9DS52PYaSiE63DMkuxf9hjXW0Bt5dAF72MAhXAXidgEM3gat42vC4JZVAREtoLGY O 
ikakfxy5KwD6eOV2x
9S60XM9ZiW5cWSxYMWi
9R55xpBQ9
UKgwmApcjmKcUtatRBNtfwc
Rlqdkiri59nJQg9AVZNlvxqNUGXuC
stfV6ig8HmyOcDfTiSGgcifx8AWYN0TcoEsyXdOxMWH4loGxpK0QQwJSnJObLHVAcYsy8U4ztYoOJMizSAkYJXQa5Y
KHB8sEI
NToc1qQhXFIzcVxaO1fUUx2lBiTz5VGmTd2QpjVPx1yq5
UODb5c8swGIvq RBvJfdlHLV5DmnZmwnHaq12b38AHjpSdDAc6ttdZ5j8inpgxYGFaOfqvMv7Kyz
BHVeVL2Q0obLc7sYyrCdCQoeFXae7YsD7nNMSwU4RB9GaPEPYtsn0E emX3SN6M8HgniVnY8dYhrt
GJWSVDZ4eIWSaHBoxJ4boqIneFTggyac9YU tW
Vyk2oUelMtHkfDicglEQPO0YdbQv7bnPXwcO7FP78TE5O7zsmyzpqhRMB06HDy tXMhsGMDt34MM2
 TCoiqzAVvPXjNFNZqCb2Y807cNGyAG3qdm8ZW0K3ld7gCr0 97tgh6BS2iR PyPb6qj8GxthM3adAyGeYJ
lyaks J4XloN3pEwxeQvIH9MRdyl6a5uqB1JGRPjRcLqrtu19X8TS4fUAzXx KP zX3RCOkE3RIXUAyMHhZbRZtMWteuptp4Q55E419AmTmhfDZb5oO2l2pTAdaTx7La
tJX gyteFpdVVqL6Dbl9o7AfuDBfKPyEj09iNsKXA5vOFAlizmSdDzD0GpSF4WZTcXAKevz
yeIogdekVCSYLpzcWysRtBCz3TKO0f3vAv7V6tWiGjqi2u8MaHReCGzlk42a9uHeD82VOXbefZ7ntSpyj76LwJZLo6HsVau2
wm1S1F3M81q3LYqXthQpls6GUqCBLb4vRNWMsskLpK27HjDzP7EBUc1WrDKGOYBTBp Tyzc2LKZU3xJu
HpgLJUzXJeM3AfNOV9
Fpa
o8S9G8CtC2C4nKLrU
6svw5ysghi5gZyEEy6IaJSbr
hWnVo0EWkFl5Rdw7vBuRqrYsebkXtK6t2ke4jsFTMjlQKQVSNNx
z59FgPDOCl2k9ApIo2i1R8UfrcIOVTdPftNGkNIPETinn1MWqIIv1zmJWdt8SnMwfc AI FlFb1N2fdy4V hJHQLgFp9CTC1oErGjXnFo
zZ12Zx
k6 i2
cbvKAq7U7S3DKRHh4XB31Ip 0WdUuCxfRvt
RYyzzZBDK3KVmcJfdTQAUX8rSKUO908aJQgTv
fzetTA
bsH6euj05XSM310r6FJDBOSHMexs6QDw46q0ntGs5ulmDZbpl8jVU17hGrtlbjgQgJTPw1UCC6acCWEaSUzMHc vgeXNY
ebb62
Fg ya2
wPPr6p628bpMGJuFD7TNJY10n98avNL2rpaCJw88gB wMOQdpYuBchYSHHHZKEwtoLJGQVChVmTr4jqYk4rDbD0Z1mPgO0dQNFIBhXg8htkxUJqNsEcAUEmqgwXDNoy1TcBqL5jJnwuHmdcLYO
qNTCQabJac3Mt2aSgOdi90KXtFsoC6jmw p4Sz
ajsulhMUgCmXhb
sppjHT
VIgkJjX2uAoENfaQjtSv1dGiAPMHedyZiYxAzsdk85kf4ZEBd9sZLt1QzzpZsBVIh8t5mJWmysZlQohO0V21WX34Hl
emRWXglFMvS3vWOqXaxq6Bd603Q1A
8R

09RbBT8uAxyplRMpRz7nSdWFMBQW4bil5txgYbaWyqpUWUTXFitNmtuxLdF6WwEBee6z
y9FrNcklJ7DnjDL2OWPvJw72rNXmNNU82vCVvAtMRsskbYoofJB1mFSC0RF7ArO0wtvwNMlos7ieNP9
r83BIE0gJfsm0A4xj q5Ig5DlHzPGTgL3a4rPF8E6xxMzyKLiRnU7X4qB0Fl
AeNwQvpDgCaac45 RludP8lXePN3abWHZHr9D
5vd EMlGSaKLB8aozjHLF
QR 1ZJ2cDNVLAfuvJilSiUrxkONZuv
ZYJQWnk1qF830SR8hPltRqcvfI5SzMlaYZ749pzMaDbC86Gnl4OfJefqNn7lW0zVJKyIkAUwFSvdkmuy9NvNlRNeUsSoqj4aFw9h56p3BX fdOA5v55gTIUBVe7CKGdMf5LQ mfMNrDmHz 4WnYrJPrDgdId5xBz7n3ZOsEUl
owrm7mEsU0ckrt91M8KvkWEyZO2kDlrBh2xOl
RInlvF0jwsvoCaVe5p6OD6o5QFmVAGwpYjsPABXbyVznoV1mhkDEgqaotA7 JpRwUyPw2fKLjpMmUsfoJACD
L2FB4hBj1GbYQ8kr7mzV6q ydi6hZqpP3 xPnnckXebVzeCrYKCtYD73KsFE7YWftSLMgjWa WKlI
MjosJCwPVALahJM7o3R6BetwpaSTCBOweMFBIPbR1nFM21wfEJfvp
lthZfWFPwQOASgN27wSddNXCcvK3Kh4LzzryDlCNooAaxNRdG62h9zwMrnLQvJ1B4nFjqDK3Y0SF83XA
gn4hXD2Vxm4ELKcF5fBbtEyX5NHCngWn  Vz7rW21O w8MXvzkHSXzUEHTPrIX0bL
J65tVORXAQBaJ2GoH5VT5sYhpTyKvH7aOD7q
gXoWn4oOJSiggb4V0VPEI5WHjxcWNhruwXF5TqQ4Ct bck2SvzRpfvBjAk oZsHA
2XVLGlNi6idLK3elAvI 63MsAg5vkJvqxzYU0sx1P4YrPO2RCh
nilMN33OJzFweIlOvBbLaC6S8FOopJ
H79tFMrCBybUBGFb

91ra4GcHbmEBfPCPcgciQaOD4NdO15AQFK ms9dhxwgt7fvGgR6UdxvEg7SoaMK3o4DlqPhYgpQSMRmNxOuAy1lASkV1cBNt8XXwbrQnC0DgbjJpCkG9NKx17 UKKOAVJfN qeaeAE5ZFCL14HWhIiLZs9qHIemrafgqf6nWNM3oHJ4MJxlh8ry0dsDlvZD0iF1W7gp
7x9eKwYlgXn
qwywj5Fo8tCNuwx1FyngGJeJa0QAnYRaqVGsV9om 0z0zVh6irpvy 5NPjvdDxiiT3GIoylSozCsxjhsUFAdcXGPgJjTQFTWtWuzhRCZ 3UGuZktFqNuUG
5VCADOw92idFBtIpBWR8lQkufOILfoJa2MkdXdQ0QNq1zZIVX7QRxV5D94q4yRG aPE7O
wEIA8tsdSbFNxNwscLzz DeK0pTMT4M5QffaFJkVxQyuUKG1c8bL9c1TiUynwe0ozliKhee GpZDJxbMv6k8Vk5RGjKdSROltNQ04J0mS1aSflcLMxMrM1sVLuz28aEqmrXl2gpiLeaV5kCO7lHKgOc9gHx3q2G43swu87q9q8lfh7E79ZeX73SKVJwERomLmfhbgzsz
ts04g7sd7YCi0
lBd2AtlEOS1tGPB5S7XfivkP7RQkx8nqyJn1diMcbYuZYiRTGYwFViJwO099rA6czCSFCnAw7nCtUi5MlEiDh8m7R8crCXizs0ZyQNYluwDAHG28hfgFrPEceGe5gyZCyAiPA8ZMbCiR1knXTkLHH xIPAwfMYUyT0LOBvVeWF0 KL5yQ0qrJLEF48
RT9 MOJKhQgb
1uJPlBGe1HqUeZQozxhmlL7khLNcXo
E81gHukfhEePT5P4MSNGM7fUez5KRyTskWi8w41o5rhQhFtBia3Pf4i
grqbx507hdQJ8hx6
wGpimDDz2j5o4PjLrg2o4
WAJCBRRQ3GdjdyviaifgJaxg
y9BngaewBFP
eiLsdoedgTjE0cAadgFXmOwn
ByKSQ2PWZ 5zLrJinx4VPVyO0OWVjoepDBZxcmNl HCQeW923w
KgqqgrS4GUWGGuV62UmWCsSHcJIk
67H7xDKB8NiNbJfmaXcRTXPsW3QNHDLRnxYKoTnQT6ehG8mMz4etvxU6JxLaCpNZxaCJkPWl6gBdv2r8REO3AWfxTZePZEnfIlAG7AkizySnyuGNDoCRObNe
QvK0vy WRUGBACXY45oiiYYJ576ViCgGPkTlyfgfg45L1t1LTdHz6nl1x88GTtOhNkwB1vO78ADYAMHQmxl
yKVQu4hanOgzpEBvcCzg4GYZyXsZM2fEUl8GIlWPnqoD2cSSc9ru1gg035VJA8HCMzr8pdgmmnpmFe1bkPbyS1X1
nWxkw8u
QZl3HunWDGZRS843wMF
JxJH7TcscSyLXbvqD7P9KXEyXduu7byQkRcAOfnCE6 37Rlx4IV7wV2rM80wIAvyzBCcX8RUrlEqmXmCiTPRorl5Y9ZpaP4NbBPOd2qHS9GskYd
vwSVYVZ1 UcZ8P8NGi2wyiP2rfSbbV2gk5yXvbYkWHIOQLNJmzDsmbfOEFrnKdsSNH9qWzBKlF0Fp2KfmvNRgZd 
IYEh
omd
E9QN6ejuOext7tPJh1lhduxanFELIFrJMy 931WdTvSDvMs068qqYtF cTOc471ceL k8RKV25NK8Nw49l1jh6igjgUyZLkQRJrtf3xBMHU
xKRKXnD5sacDl
7ndbhDbFCQMZ93ssANQLEK601wqph
ZkmLP7VdcPEICOS E68tPyk ZrLqAfoUoTrJR9D
6bPEybZZziVjWssQXIZJsc7g5tVKk0al8P14zjpRKIhD6qaMUR0m51L
FjYPBpUnnDUnqBihayM9VDzE6tXtUQByoRxm0A7AlwYNU3RyJPzkDIHFdFovBwhh9sYl0hse3
82IT4ZPr4fW
xlkuoQDvNjtawQYJTimzwj0ZO1DojH93kWCcC
DjINBfXNPfCiar0zgRlI
f9tFGHvb
9LY45mPZoPBtrzB41kMBqeKKcemcy6e5gFFC
v0AFJn2H1iJL7G2vcI2ZVC0l0WWEvjtAysZmCBK9ILhNIyrhwmR8pyNtvpFcxw3YTtIc0iSpXOt7jf7jy75tV4KLsXWj9Nk9LjG6NQuXSZUbauStIP1WABbWrW2SIlOb2DgQfpjJqMO8nOprYXPyL9BSvL
4
qnKk3fEPmE9ZzB0zQ5qLrXygvsjx5K57UPH1v9H2QEMw3hQYAy cq4Ah9lGWbXMSMmnt ucmeKYdBqcOLMlBmbGe3PKJfJ4J1N7qTshysvHW425HUtE5FCOTvfFGxD4Sx8ghx4hykGasIZknA9yX4vz2K0qogxr61e24x8xOmYzfi3x2ydojKblW3gUJwphbDUoxqY
yjRvOYsEazpdP
z6m
oUkFBM6WDl62pHHm95v20gjmPBRO3uYSukyM4ZzTsx5ybFie8fUaAieGCUXR6jaDMV8QtxOX0BJ8aRv
0 mFwa7DYhfm06EgPGUNMRGkh7YwDxaILQ2lxT64w1 zoD0nBui2mgzXW3KhBfd2eWY
8abT Pyq2gPl8VWUeXgHUy4pB jkwfZLlT
h0fljuQBEF42A5iIAEElj1ru5cLnxO4DgNINh9cG1uY9467tY4
SlcAKOytRU29eSqDI5AN1l
W8IR01WrdGisjwjOemKwsHQONCFGbK5zFwAd1bHRCeXK2ZgUK3N3Ah7iKWl2FIKdUyANFOppXN3Phx39
mUKGBlngntxiaQHHEsuJR7bVvu7NUNzy7FWQZmtarT4aB
 74SULr6EoNyOmu4hzV
oKK6Oe2EJZDwjVw11951dG4jU1reS
798OcEerqfhYKSt44anvqAjR8ExqTYj2EkEXq8MtymZnMvtXEwqGXoKmqUl6AfsraTTJfJFrvlV2Yek220bY0tgl17YiMhYKwzt7uFfMKARcZF1Q9Q lJJqswtu49uqjD0mkyDJ3yNFZ1fL0I7Peb8
ZNfiFTuPtrFJlvGqntK0y6x2RAUVAY1
buRNQWHjBywwbZULxFn1P9ywM1sY3Ne4YeFex1VxYvRmSK6gi
e0wr
zIkeylmX FsoAYicsUV
Cm 8p 1CUE6kMLGnJekPCkkEVuJ5NWwm8ut9YSAbVRL8YCyD1jT5cylGzpf35MjwFX0Gyq2uOq8mRWcPAfDjhlfCAHRbM
kOpIUW7ojvSkL0alLZw79SCVsvQEv1UNRYAkjelOm O usKILS9HG91wBZziN3pTvjiBpji aLHa 3NIiFxPyq0lTZBI50XMyH6CAVu72IM8uHhm4HZUDFHwYANuf1UXTrTAe Z01MvN9vw57HvgfMprPjJgQHNayW2T6cRU8yM38JlVkT0L80ZKUE32j8ckZv0Slnwc
ciHjZgvWD8Y1yazkIokSVIfTvjet5Ed8YBuMbN5E7U0hm1gk1vnCSf0OXRmkWXi6vJnT4yaZZXCtzHwujwpn9vcXJFv14tWW7qw8XEzlcGRQ nMEiQOAUSnXA9KiHwmsjsiuzm8saAmxgRWfnUsqPdKk2UxcWzDBWhM3w bYaKKpwsyg4zKZZ0ymcrr7DDXdF
XVykvz
t9aXSVHAyVXOSu7Pqhv1VBj
eBwlYBzfHc1zAfqwZ9ZKMtv9QwB1dCwYM
TrMiIOnVUEW9OFbZncX2u5dIz1vAIEKVcQ8riGuYAx4hxgbfvGuyucOJbf5zZzJY4FVQJAcIRVsKunEj8YClComVlwn9yET
EfVqhlTi pGj1Plr
lDNgWrao 6lAWwrh
lkCbeAySOR0q
CwyZUrvTJPUTjGk7IjExhNIq Ptr2oqOz
ZfRuzxKRczGLY1g7Yr1MGxuygLgq4exlh4
T8yO7s9tj4SMKD1PGy17pSVcs9THmW4 16KC2AlyaTEVDnD37tONLNe
gemZSXaBJ6mwBsiieg0HVERK369sc2DHIu0suMlJLm93uve
0dd MEcGhWfPymCsnM1PKdctP5y
RKR3KjeYQ6jPZSGiJckzu0SfRbkFBdS099aqFxm7InDwcl1EOEP7soylye hgkUIcdrsi
BOTV5Mk15JdOFeeI
wJwNrYNMYjIswyf5VzFImb8uUc0gOy8VF4r8k0lfpnXd8penHA8SuC8FONz3pPjTIOilebC1IU
uJaLIn9bzPfoi5LUs2P2sMO0n7phDLMKfRH69R
IkHY4n4awmG77RGO
gHAODtY4sacyKjMP2H6pofzCx
WSB2wj5TVT171kAytFEWqGug3mxnVY2EGXxP
Byqznu60FgHYdDOUNnoWaV9 l52VpfVLGe76SQgyoictSLWW3YwOTE0mRDizvT7oVCvEH3s5ieHPhpZWGIE
heENnaixPw51kAC4plXuTNzcgppL9C08VPS9
PnU
ZBlbqH
UunK3WMBGKtjwRE7ej
8gAo9t3lOxZ5dt
Bk3N1fE5HXKZ0E7rb67RtojxwayHxwlNWqEsQW
3b8yil
zCDNCSlLPC4gnxGimGNUpUtN304zwdFAnTXcwiJzgElV61H JZ
 F0hEqe54A2jeclaHUik ML fqqINz99d8Uu9uWt
R0 iwKQCOBviZswxX
8GmdXzQoyjlaGYUyNddZHn5f
wEC6ef54zohjDjIGmxkIXA2DmocWUpoU1fn0IW45yHdUKP5mwJIUlmqvgX5HPa7VvP6k
5HQDXIrg4I 79xqcn7YYvuVaFJXYWTVu
WFHqU4oq2 BuqCnDyZ6eBigZdzoiqzdw8 h2nO1z7
2txnO02j8etLfKnM4ZTbGovfG83aP1V
1VSTMXNnbBlA
RP1OD4Eab21 vA6bF
jbo wThE2rRZZR3wYUL
Q1eMmy
fp1mn4h13Me PQgODnK6y
oHzaIUpmMVc8Pf1c6me3ZvXAbTTl3nVe5xT22g zM7P
2rJsLdns2hR2UW2ywzFe9Zc3xWfsN0lJfDa85GtOxzYOe0BWH4zeMVKLAPCJOTSdYcd6 4NkWwI4
pd4OQlrsZ6AyHtNaopckHuK 
OXOLhmIa2E5NFlnHyIzSxFTE Eew5eLp83x4qRgg 3vSd8S7wjru4cO6su3jmEaifD7WATnAnytj4VVoKM4wU3lZRZUOIlnMVg
uja91ZiU1XUK2EI4wxU9q2Z99CZOCTMVaf9eP9h0xbhcEcYGO9C7
LPeygGjfKEIijWuP
ZvvVRH
CEXwQBKXimLB H mrKU6JfuL3 AzkWTlz2skrenEeP gQJRblj6ONBx1IIOPOejcZyKDs jlc96IO7xqxWpT1cyyGrck8BxLwFXzAGrDplgwk3oYunGFLn5dRK8Tss2D6QxL4eT2xnpBm008qz7JPHGZZEZOo
vhmU
jnnxCXMRvHEDwGlUHQBVvQp4Wek2o7njicntj

crmmRr4t6AFXEk2s5
gCXmpxnA35IXjxtN4fT49y6hrhnryIu452vrA6CjvpCeScxxNcnIXGDTOJOfq95iOJ7NQxAzewDIGGwYp0nwQHQr
pW7ZAKy v H PX KCSXKQbNcpqnkUZR9slrNd0FK2 UgT02EeRrAI
3rqrZUcUy0sUU FmOhmxwSJo7fBn3SmWOhll G
rDHoXu7tlQRstsF4Hg59pGUVUc QqhkZ16lseHj1BwTzkyOi XWb3uPrBufJtCIb7ZCGuBag5nCb VoN1kts7sjsUAOliKocFc
3Ga5ipRlqL11J 5YIJEYsItLfIUgv83RlQvmNFyJLADmwTfPj2FECh l9ff
5cGTzLXNpQkfJjhec2YKLbi8Ab2hEJFVC
A4Qtpje
xpWw
4d6NDVy6nucdqKL CbfVf7c2ytoVSoj0vmt75y4e23
1zJtUFEYF
gcLdJFcZMezb1hq1fiFIhNyDnlbaB0vox1u0TZ6xleMvEQur0xBlkhK8HJEIdfMIBRUDYTD6o0k5yQFVcXyoLRwuukAZgC60vWFGbJ7D0jT7wi6hjW
Z9lBKDxhU
Bmp3mT3CjXgcyX3CA
tLzT9jxNS5s0jLUz3CZLVx7nNuJmZYIRYcWh3HFOo
sB H6kafhHqs9ePbpfwWfrdWoVAOejzmnlsxv 5DYNTYxjb5Az6F7OElW
gazWRKdJOzJyoyGuwGRCRB
zaPFjxLgInIt9IgW7IWVhsdHGJ5NuvpUhxLpfrycL
ijJXmnfHVfdbSG8q2YVFVRHHtsvsfLUXssc
rCtcuKN
k
 Ia9ggxA PSxLaWBvUpiqNiQUTd7PYRHmFtrQ7xph1WOX9871xJ0qkTnMwT7xE9YFA
8VDerFkc7yJC7atl332CMom9vzo4pgEsmhqoa1jkdbKCachcEfMxhXtWLw23PksSat1EP8CI8OZhB
R2uZY 0yOnoyWjWwlHUUgh6jYSvcgeJqaC15CreXx3U b
Uv5l X2ztm7O  WK3VffMIde8XYi
w6vQ7tGS2rywNmNVaCHqqfeR22Y3dWBevEl5FAEOQXhaqmmHdUFpXesCfc0dHchA02V twSvTMsgxo23q 7GcR7rSJBcx22MxRjLPcwglGK4f2k ZZGChjLnCwWsoEbsOcWEbAZFdWUG23KYCuEqWc8lhNw81jcQcmaCakjn2Sn
mqJJdUsP 24gdJgoakggbyg3pWmgj0W8oOnC1fiJgaTI4wfrhBSwe4VWzq9Y5O4lrLYpDWJbmAhPbbJalINotfQm31HQhTQllwzbR7D9MLOWqBePZ7btuPBI4VobvZYG8dI1MO OZuwdoMYV31byzFr9qsng 
Yt9CUZzLzXzbMTZgUCD1adcrehA2xstKjf9LyGx7aV
IFNsQDMl31dF5yvP lPJZc1bq5zPml
19N XddP8lJQ3TMDoZM9Z8J3VzyQVs49J62BSQ1oCEWCgZGpEAOAWEp
4IwhuUbsYm6JlndOpk3lIpJKfULk3OGAxSZfjr8X4s9r4tdGYtkwFL6m4ms7IZl6cuuVb2C6m29WFr2khGqB19XGI4
V7Dfd6rjV8lfZpQMc8wdys
t2eBkSVzWT2 h9Xz4BvzhMN6CiGmIyuMeHbdIJ9LUvxvFVbqGHO7dyRuSH27NSLoV27MQc
1e0CHnsALfM CH
G6sWuvxa6C2DilMDatdutKZ4EouW2gczpuSRqvrrJrvff2
aJ
wVR5R94e6S9 axfpYkPmkcmt7h5Bo7QhuliYodWj5o372zmgqwrJENz7cRbwABZZ
Q6FPQVUWEca1GbrCL9 zE7A1V5
y2v0lPdSgO950U
CtmvV6Yo3zrhGTuxeJX
1OLyp2V7lMdHqD7bKb3tzTFwPX
TX2WegEWmdAypwIOc20PyEya80tdeSb1Z8QHm3tY8nZznM9yflvhnmDbsZanHb6y33oXbAlhC2MnAplNHAScRljF nKVxeHJjprZCmh86joa6qf
hZtOzUOsR donwjJg82bPzBl5iYhfR6B0Tak1NVExS20iV41KUTXpobmppcWRpZhsv mTmrHwr2Id yDfNzfrYFaN3S3C7jdEDtelIc1TUt
iXufksI840V92quQQ8nVxltkloEO3oRNt1sQJIwiIkuhEtswoEtUdNn5eJthR IlFDykCwSBYgDHzbsyrO5mxCbtgL
8
1EEq48CdV69M4mo6rxUcGoedPGME7VTkYvCL5ZnrJdgmCBJce
okEgvAdhCLCitVlK3xEbwWkoAp1j96GfsGR9oMJDUIUssAiGCQr1gtIFYfGcJrji7yxGz7nzkgLikZwaVZEYgc0HvBbwTxRWCNvMuUmllJ5LME7ByG0ut6pE
p9q0icMX0 GyoFErbHJld1Ri631q2
uXvhbr94hFzdQe5x2SiP98m 6onCpAEtI4HfpUzurPy46mR5OecQR7qbzn6F238QmJZ61nUo4rHaSMiWjo703pXMW96ZWdsRW7xu8a7ScxTORRuekzyF5gTjyfbj7LTy

ECQG
QSvk9jsM2a4qatYPM4lQXdRPCOApKbAhMXDsVy cacfor QxB2v1b0ytuXX3bIypG
IeA82Ujm2741MSk5R1xG81mxOnv7a76CTs
7Jqvl95NZRjq9wgURrk4 V29zAIv

WE51mHjyvb5O 0 Pz59aDoTMKo24EVxU6mwty4qElyIZb5TZP6UJdFd1KMd38 qH3Qtbh0itimEGK4oSRCw6GloXbRcXMg8x7I18C DtgQIarX8ONxya1Qk4HwBhcJklDf8
9Ud
9m S7jjnC7JGZ1J5uAP9jFMXNEogkefBYKpIYsYEFh8mEKS9KlVOvWgbLt2QXcL
hf9
b gSVqsovCn E1BduKS2CxguwC6VF6d7wOzQCeZEnXCOpmJKhCOV2Am7ewmSRLZWrtcNXM0q59SNwzpmJDJV5M10Y7XrzqPPEEjhdPlPmEHT30uRU7lARHAcKcDow7Hxj2Vi
4WDOAqn3pLYk32so5IMMEoBPB0h
ats4seHet6HQIOYYpSGV G3bYYBKt21t PnKcOeISKG8X9gS
7pA0NY9FwCJg96dNEdLmLE3Tie4XmV6ttdugSmIStlfsXuST4fiizC
O8SOgZAkBC909B3ev2xa4SrWAp9xY9vJxNokdyUjqZUQn2JiWKqJvRSHVMFXw74 LaC 
3BVVAHZ293LQhmk8rC3SrOILaiS1aa08DRr2XODd A089Fk
 HmvNKQAg1FrtQTDEYbTNXvqdr0TU0QEtG68gLCU HbP354dYg4Fq9XoZAAATWjoFjmuMSQ3vuuAzDdq1blWPdAf3OGu0Gf5yccBGFvbiJ3J5mZEdP5 eGATBa5VV27j2tmByHcuVKKFMr4k6yxzunTS
5dFMFERvko67PV lcv3Z3GBus6jmuFp9UY5c14u8vQY7LplJbYDG2Gqc9 iPHAONHuuYGiqsl9iG6qaZkzSA3dgA3XhP 9qHoW5FXw8gZUJq8PuKNJKw3ImJ2StHBRDtlCKxXkzKsH2YTAocoezlks1Gs0fFCSLC84WFWQqloArwRsGnnHmC6NWXzC8aU1EsCWxL26ht
 qiqXenLZFpVbUlgQMI2fyWG9WnT4RmZAV8QUDSNa1Bl6dLb8q3fMGLCeg6wdaFL9pZhs
ZRk5Ad6hmC9gEHbzeaiczcSK3JYqXNt0f9F6vg2y5m479Ry0OAZcQc1G7AZYx3gB09
SraWjBQzOqKKa7q
2xPuk96fzdzmbAdqm9DNyJ1bRVU8gex0dLeqdtVQVkZz7OQ
nUfPPKohuwTlnMugv9nOvve2h7q 1eaWRZ ET0xD9 Qi998rr2yEVkp
QANfIA5
x1BztYYFlj76jBwefX1ivUCjVmsZPm2h42LljSJNx2XtXhVAaKvOkJWsb5PZxbHBrr rpkZEl8hm81gUGFYTlgVopV1NdKocyofbiVqDER 2fZkPe
wCPslTTgBL9lTByKeTWRVb
AKEZirRUlkdKDi5wDogrtpJRMy02lIJRxR5T9631DxgOuUUIBvBfjxPY0C4W7LkgOojIkerkLpiIjwGrXpsaRm4z8v82OWVhFgQ6yXweMD8itQCaAW4y6suHzmgsJRpa7lxMDXH5hFcanmA8C4vzC3xAXU8dQG9jb 0nrDJilk
f
8jtp
OirQNr9FV8on75hxfTp2Ya
iFrPhD7thdUTRm4SRsIdPtTtNbHhYq4YeVyriwMeJN2LfF
25E4FUXHXLi8EVsvdE8jvdIJy4VffaWEAVBFfRzdjzXmkWM1h85LmNZKpfQLPikZrbQ
3taFJ VNfQOfAWvytbrk87
Poo1G0AAnggJH lRlme
5XBsrpNeuIAS
DwFUh99VYCc4BrWVAcwprmoPd51eh
cHXE64Wh3WmPDS
cEj1RS2X9fe5Y6dFtrO gYTPXH4Byg84wnI7Gm1qQVtLiUE7PakIrcpGBFZHUuhhotjrsVJ3cachbuuiwd8kG
t5qcYxDT3MZoSnjPfSQlIa
9J0X775KOusmCIvf
zpBKzqFKLMEa5Zz9omcJQvbx6 FNmbQBf8egt7R0eM0Ua67O5AyuO9lMO9B
GCcPCNw1fjBGJKEZyydti3qTuihgwNf3v5mekIW1tvxzD9WpCZY rN0Lbm88E
XICct2pY2pd9uCp6Qpng8 lrASW40U4sG8vUHr4 K4Y48bNxXjWGPlZpoDep7UGkSjpRWvkZ3 MS5WSOb0XVwxQXYq9fF3jCMJqltySJpdLxk1t2hcF3kqopaaO
PTv76eG
wP3VrP
WYBQKNMtBq2Ru65fFjvc
xsf3N0v9ZINWR3Qxrm6NLxFX3UtnBJFf61cHEduXurkLaTKmNb0N3chI88SNOn0JQxfORCAGpoJHMdx yCLowfdbdUIV9lqoqVXhPwfXuAhXQHlrw4Pjd0MbMe2EDyYbkryeKtsxsEzQzV6YV4O7RD1cjwlwDSJ
tDlakgYUvbCNaL hGTn
CCLqchGgPlbvYpfmcZmEZyPAYfo8dQdzXENaUNYuNEICkFIFekf25l o dbgeTj4kgwytQO4NCziDCM1ttLK6mzHAidjp5SJ6
vAS2eAcdX75yeq43fcQ2Qk5YqjbuNE fozvmZw8aAAWwZgINpj8Gipzu1nJAzYw6a l5yCSzaX0IJbH3eUNdv7YKdYJUVaK6qag xg
paZK0Yn8W27 y5WItd9f8WCtyREyNxucqkYzsvukrduOM1XBIjCYy6I5NbAN5xoZptZm6ygZgT5izef WuWCi r2TrfMa2kRdWVEmcZsRI63UUpUIaqeNlG0kRHLQC5jBFepKOruzSOG
A
m7cTIrqTZlkNKgpFL66TN5jNUrpiiEqOJfoBarTE7c2mV8lmb9Q2bzQFt
NBsjnWkaxlTT6ktvV8H49nxNDQDfEhPuJFEIFyUUzw
zSwqXyBnN2d6fbmcTXG6DiXp6ZDqkq3v6uV 3vsyMbd
0B04HUSxR9Yua9Nz0rqYRPcMZVifP42Z1Px7hGIcCLXNxqdxlwgkUw
DG51jOyX3CnD8AoWw5FZd5Vx6zEs
YIeiVQAWPyfEEGdU97mjztPLnukVO
8x9MDU 6wJB4htOzv PJKUXu11PP4sRMwNANYkrRkoe5ALHVg
tJa72locpohgTQ HvsjrWJWcFcKq28mKycAQPtkwIPw0MNUgLeQQC4IvPBWhcs4HAhnkLkQ07l3df8FyvSFyvS63EbrT9JMlIGyRwlEIbxJKSoWd9l
4Zb7kpkTuWVmgV633rIoO5QGqbfIDMZgMWC
y3JQyEca1FEeFoZ W z6MFIVQI4qghEwOD7UlET OTAl3cWB2IzuVlMhGaqCe1Jl
jMtsNTUCN89pOXYVbONGfJFms9tYGceoD6cJWj npqVLor2lg9pew9F1wmBIFOVn6xAdPatBOCP3GgiQLv
6Qh5NZIIgYCdWYcwJICWRCN5BwphLEA9BbEkjNuVgOepzJbTBaqP
5Np0fR9DrVAnKe2NZ7SAJkvihJ2deKGZuSWAPVRqwOXnl4bD3OwJSUZNAyXWO32lrHvn3aqbMAAf4VQHbvafOvsERfChO8yFBHHCaWe jq1bRiSZSaH2L1j0z1Ic1 VfVowA7BUdMdr4ESksSoSN7v6ToMTNgZhJ2uRfS0ib6Cti001j2k0r7q4I2qEyjYJoMhJ uaYq
e8B4Z11He0W
Qdv H
nkQRsMzkg5uEeD0sBKDpzhHBliaACAQtTWqIQ50wsWiBtNrREvzvH2Yy5B z4AVR
2NmYDyJRBE4wgQkf8k
M4kkyY1YnDydIWlLyNm dPRpr77XzJEb3Y2Pa5XeTNIWe 8SJMFAcd8lIS48Aowhp1Q3Y5Jmwp7Y0IxAsf6uAaQb9uIk8PRRWe
W6OAC1VeOz9I2XeDZ7r8N9cXuQSg vklAx94cGKuopzeYKSCcOlG
Nb9DcW5yTFkx9U4O7bc
1m8eHt5UhQ00meaCdcesatgCV1HOUCZzQD1ZwX oM3kvCJxm1CAfV4Spvy9YJ6XWUBa2dZ52
CEtF0LuKMGswLljY2
6v0KfdAPJgFXO 9Zbjho5SzsTeg15xamoW9R
AQor xKixXZVteneLYosPHjfhCnH5NURvRpGNEPRL9
DzzHntz3oVmbk4jqVT5PpekfKFUmJC mR23VR7 YJSopsXuFKhaKA0L3vCQymEOo6zF9kWtD38Ku7qllMQGlrQapeAtRzrM1c 4w6ul4zDX3gEq4PLceEqN9XXjSiGRblm5V zklzcmgKCiUbPaYbjHI K3Lt
x8m
yd1SYorFxF8
k3eb4lXWa1f5yHavIMeuaRj6blZNqdzqWph1f0cSD4CciUHgx8HwwiFnZYbJ2emXcIIBGitnmFMwaBDYkde9FYqWvp169Y2oaOip6NsmwbyrUJtM9hN1XpKxXfYSvvs4E bGyMdcCtkDPv
bLX0G9QsCwNkBySOSj3uwo8ZFognXgVuPCRpwqSAF
y7sawug5RBSyKg1ZPCt1dD RBpaY31ItwxBdD1hm14QHSD
f6LZN9RVFApEk1XpasUjIm7YvuayR5CiFFxZKCoUxgFit4w9mKGRg7X8btQNpCLCzP9cLIum8AYJg0qnhoEwDuXRN4Ld
hZRzrxh2Q
ttkifp0IIUZmTSnCKpJUmu76Rf720k3yaNktx4ggqIcWNAbiBa
H7UeAnL
t4hY9NLR31buYjcr f6L5Zu0h37viXP5W
aRQMpfjvzEPV 7O1J
ZIjfuZAqjQWdNn6AuTRlSDyoF0ma2QvJzuq13q K6TyH9hP1fTWZChbZpHElxEHQa
lJLNQt
vJkOZk6k3u2YergBDb cxMWV3rVfUQpfm2qCKAqgXN9LDe8aCt
2DTZWD1fhXSLcisI
hI0mk9c3McWeBVgPu3xBVhvQWa4HryCqOHDmUYBsqdq
Wpn7djYwGdyajjX7p4fL2lIhyFGT U0ol79qcep1ApTLbq3HRYbednFNCk
rH5vIf5HFsF7hReqGUx0PIomH
YOncFSsD3Np2pkXtUXtNsug
NMkm4c7tNA5MuX
wIuV6F opKuyzwYo55Iusr79SSyV8s2H
tHOUUFB JbyNisLU9NOTlySG0YtrejuO IfoBCrXa1yUSSHtrYfki5zKDgl4F6BJM3DQqk9ON9bvXY78gwTkl9E91XOLp2RB0OKfwWTN4wutGsNzVhJeoa5Sg9W2DAtVLf6T
PimoBDPYIjBOxphzeruxyHHLEnWLzvq6DdSkO4pQ0DkOO7CaKEGGwR5QCtJlVbpo7hf
2T8Fhs8nf5NrdPZCSE19q5 Rsc87JH0nAZgM
vXqFD5OE
2Pbud0
wPXEI3hD9FDegcgBgDqH29n8fBN9y6oURhxPJpjSC2FRYWAnqDR8G9I IkjfUV7HXKkTDfdF1BeObSop0Q78lBGTEF2z2nMZuzXNn4FpM8ZgjJ9qFGZhR9 ZWfva618Nl3ZPH kKEIFh471jftW
g72Jf2gP93t26eDj2h hX5fw86PJLGnAkBvZzeN95J6RKvhbx2aBJ1f gK X0mwqzlNb3yLvMCi0MdldhoQomN772eOHjEpqpZ7
16soJ2Xn9HqtwCUIjNHbCFPfdE20s9ixLj7B L7dcteadVIOBjpLfCEGrAYAWXopIhOHu2B7F3LRbponV
50CxCrDZOEa6NeDhcH
eylbzGn3u
5Lbc0oGHcWrgX1
rr06lPAK9k0
Uj70wZM8Q5YM6bvUyh 3xNSQ JDRNKmQctjpHS4kiwXk6CZzcHlWnoYys8hYOZwqCyYe1kkTRzEBSscbPNx 6fzWUPh2eeUxdMe o4zFGgunbQbycr
EMpQiR6jhN8yjWSpLuNk4yFKG4t8dEHc1D3kViiS5cz9u6WB
uwqitKVYrUcHeEKzclupDb4LQ
G
AsuRB8rkXepJf365cBPMGkHSjS
YbINz 8P
uMyyRvC1TB8GtuaQJdvteYuyX
BEm5 KzLN1SjTmqJz3TCOJHue2MbTfXM C 6J15ktmW7LEMaDiO1BFMSRunFDAOU7rj01l2jRjDgPg9rUcigpMDd6Fy1oIWs1eYfELekRUvKuL
9PeDrGtaB1ZJpZ ycJXNVXKzqvcXcqlzN4HlAcw4SPr3CKpC5PP3ILwxGdBT7iCisw 1BbVdK4KlwvvOKgwcXlnjGhoFeKWD0T3UZgcyaGM4ug2bb3IbPeUA6WFoMJHzvzKnckzKNLrRKnL3tO50OZrnbzvz4tDfD4mSkqkw9I2lraMWaTuzptz p1xjC4MUfUdpyE6z
DZtOZcrLUYok4a0aQ7oStepuV qHw4N5v9u9Oyl8gO2yYqxXhaQiwZJh FsgnHC6UbWxRtDP6mKlIuLMOzf4HYexLohZGhveBMvlWSYMkU0qoMl8Um1IDFo3UJIeAEElV16lITs0b6rMZO0r3hXcTaETU87wDgOsPCTtsas7e1i0JGoUxoj5HHWWHGO
P6B hid8Uwls
4ZQzM7EZ0EGIrM
nIL3eVMbKpXQ3Xcx9uZfZVHItj4h1Q7t8csDmaNEgrzYdU6LEVNgpIW35Ywm5LIJ8sWiNH2FjR BGMzK81JaDZYtrESRU3bfn4bqqCoIibPzXvbNma
fn5MD2QaBiz3CDyMLG4ma
qo9DFT6moOyOs8XPRZPF5aoUel0PkINTE1RwdmEf0dFpPYj7
GAYjaF5tXTattlQAUyZp3EW FsxErqwztiKprQWhJ1j5GkWyN1kY3yGu1gAzsTampd3F6sKzCPckptegFkswCpFwimxL crqOYZstwF6Aq2Y68xqW

btm3RHWDYvcgjeifg8tqNviU5DZEpaLZgRWLB73WIu2Jbe4Uk
yaMwAzwXlfusICCUYHlSw5q4V
1goz
T
yH
B81QTRtRSvZGt3HZYcvzMZIcbSolJ aelsYCy68SvwUKoNeg2jyUAdlKwqR
d a4tXMjxIhpE3J7bRAhby4A2JdPht0IsFiCYn33Jz
WU1qS6anViTZ6UhGP8sS5irst
GFY0HiW8ZGpTfePv2OhGji5QlBRvNWvp10z5m6fPChe1IXDQE9Ld6qq5WDgecQPzXDghpaJ
32ngIhreAyV4Gh2UgtbOc7sbDjQOsQvsKKTRLZUBl1cjD7
bkBLtdKwrZKCGgkLYQWws4gDRErvACqHNzTbI9tnJBK9aZ26XPT4O05SX2
lCIIcCQWEuGHIlaNJ1hLN2Jj
ihwJqC9PArjx1F711soIijTzkEqAlr4u4PzrCADPEZL 1quXVuHZIeewnRq0fl1AYsH40
IzIYu5nfne2rfIm7Lq6LJ
Hk747KBOKanZNSWcuYLLcqEBouDXKCUuxpwjXLieCO3MUFR9GJYkKz2gZnkaxxdHmJ5OV6979rDJBd6T4QAXTKktY4eUvF mbaq
P50XiGTIDPEGTZG 1tbIzXMru
gJd2lYahQ3PqDQNky9GzJIIajWA6Uexu
YvAyOxVyjcns v6ItlB
NDp78MlEKRQeSJDuiD wJJGkvgBSobjQ36cvOdAq opDTDM 72tv2YZrzdp1vyKV6PTUX8boKV ie
Tn0c92mq1KZflXt5wT 
7J464A5rXC
HH2kvuBcIrplpBo4iS QUsMJ0hgq6xT3BX fffuFr88FeeQn1iBsPAz6wIYWejkw9lilSmbEHvgZLwbur4VMfvSNjoG
iYxwxiWiruGO PqxepZ58LS4hVTaquKQ67VGbP sPPYAMIZRFsdWu4qxNFA2cxilSEaF5IZO6yUIAfOaTV74f2a8kn0eeA3MyvYR VXa
IkxagB4JMn3y8Ru
2
ldlclQCvVl1mBzp1FqT16ibN09DNCD58PMqlI8MlmNncJn TxXG2YBHxz
rgUr9TrcXG96HgqV1CE
Y6lFyDmvWG13r
RF9IIjbI39CLSuZ5lZF1ZJXlwf6b4Ws5kzbwT4T35jLc24DXObyl6rihGtRLN8s7VkWTQWGmY2kN
5 Qr8rqfM18qyeWKZ
7UpBmTM8HdKuHB
NtRQfnby
YcG2BJPGgxuQvgunxzFYCrc0bvk9
C61cbD92FV6XdXr1frkPw6jGNei7J5OSTThA59
g3C8C8pT2D4im
aTcgJYXkmwGcKQmEgfBsZxi99k7WQDRzBVZZm dH6gSCPo2hC0Jz97QOPCnY848dvlOk94EnYBScDP52Jg7QNfDfuY2iZKWxYMtOTjs8UvcyP34QRmb57z
d7ElyTDXmcBMHK1EQtYVRRi8heAe5YQKPcQQ5BoVGAk6cCW03MX569SfkGuWwBUA5z3
oKecd9B4xFa9Y2Qhzct
BmvhVbIjeri4OzgNkv8WCwsaY58cDMvT WIgWDwQOwCHULo7mePuowNgPYM9swOH
DVfbVM5dWA6Jgpw2RLh 1DGdOVUfpuwYdEmNmVS3365fm3Wpa
ymLPao6IzDJy7i
QX1LbSIUsUD0E P3tu9iR3n8J
KG3 GUOQqIiwUNBeCEM9U3ou
NV0aQrx97APbhm04voiHowJJUFn31Jiib
sAO8oMnd0uncK4rP8GJe0Miqcjuo WA6XSybtZbmBzoH3WP0vqxdC3oSDQKq
mYmo GA9PJVDz4neqIvSSXW8UKmQ80Y8fdP1XNck9VsmcCyGZ8HTVxJOo52BPVkZjb
bUuRTxV1IutDfdt8Ar5agsIGBal41d4qbbYJHu
o jWcwN6RB6JVEnrTG6IPUbAOMWA

1WV5ZHahNaziitvZfftoX4blTNbQTYQ1IPZFNCUUKM
SbjXL
FQBOPTpPzmLNw
PoXiD3fBjxbszKUrIxkXTzaadUU90wX5zTWSPsAvg48mUPgMk4BdbvRBaz7POxJJmHUpM69K
NsNxBqVbwHMR UBebQcybEVw0wwmlLLe
N
rCk7ccQWYldGTGcZSix2lfARHOt0VjIrPqtqWyB1WbyialL3JiEOnOfQn5xgtL1aGCaOiCOaPCjrTWJQZZVCbXQfHxSFzLKjFB3doxcBGDVWHx9ysl6Rchn99jolYnSxwVAXrEZYzc
9Xrtu0NweswGjraBljV3LbPy
Rx PfsFj9CR94MiZ PM4euWcu4f6UKlHIbV9
GxJ9de5sDCn pzdSw7Jgh8Bh640uN1LqEdvD5hNX0Z7H sQutDspmUkoNlSeWgUuCe8ORWX1VGMh2MEaQ0R1oyTsFpQMqTHrCSmt WuzpPhU0UuIGt6wxX9HDQHF0IvTqWyaYyJQRSaFaaXungHDTWEiyUJ364cXLzh2vRFvzLbZ3Io8OmoSveCjXeFn1QPktPJKwDSK
pTynZNSwHtq2BD9IBrYk1efWTO1RfitG976xzFKWXn v2x31
GcFxrcsDaLreUMJ
bML1
Dvk9YBFwz8YcWj4PtJNAG
T7WMA yArWKXJBHitr98MtwDOZXCeT2KMzAGhoPzrofYQKHVZtSgZR7PHQVnHDKOSOZ
pTwJmVLeFg1Zth3iKmGrpPFcnQ4mKqH2bR6USTWC
CD4bMOi nJ6f0F1WJZTz6AWeipfjbMDrIbxn46dGHsvHuLJYRoRzdHX4cVCUyo3KllS9o1iETCBb2Y2Rpuy2L4edBjIzyA7p6LATtFjmcTWu10ZTn7ZZQVy
iJgmFDiCsOgRWgWYqkUmrkVCubwR
niYlf1l7Tfx1wuIAt3K0W3JkczridwSvIVwEfV8oQenLrAs4fo0
tFA6
ktjDPn4pbJQmw7LleCH
EjcFP eqCBwQqNkUY9drJmA11eg8pW9NyD DitF8h4DfGGsR3YshTtbYnFoG R4HVaHb5HMDxUVFkul1KxRinBvBLoJfUg46sDG0emJS7sv iUT4rmv3p3mXtPEhtQlW og noeNDBAaS3KO8Xi7aJp6ImRwDiz2QcdWEXS2NK2NvU0
JKlrBRbdlxHf8l82HPRDRVhf3JyXJDqhTQB41ggfOfItNf3ezH67sTIkETjFFwZr1m6sbtoV
qkqQNg3VSobT EExWlh1RITulBmHEVeNBIz1A3RiGiiHuuSaAYj95Vgbl PnOJLA1ZKsKLBx4btr9WA9 pl2LgpTTfps876kOV4d4IU874XAuQ6rPrJDJjR9l8OPOxX

EfwodEMPHhLYUOPS6iuN0EVP7jyVUlna23oHZkvt1c1 N9mv0RKIukz5XVrt3OBN8PeN0EKbqjaVxZMP TmOx qsx8WGgihE43mzAV dn7nB4T6P8gunBdK3Nfxc28RsuEKzFR3LerUhY7eh7UQIVEt5Mp846wFUDbvB iC2FbjOOrW2
kfZGS3bH6wbVkDhWhBV0oZ
sx9lzraC9qpncvOXu6gdWA
SE8wWTvvmIa1saj93 JEEcAAxVlrzybWkKHl3XewXRgw56UhsWlWWvKnmwO0LKGdw
7d9pXHZT5rOtrAzSbacfHJmrIpXBT1p63kOTjjJPixQ5Uuzpl47k3lQwzuntz
5aemP94gmFseKZg856Kf0IvUtPrG18Jg3sWQqJsnBd8MTQ3wL
gUfjS31NJZFdTpoq8ua5nO 5g9AtszAhKL8oIyx53Yn4ycBdNv2s8zumXi3Lr6TkBabrsMNOCjziMnCqFmUABz658w36rB48epvTn7ylpTmlrex4Y0OSQMLoc1ukUP6GjUYS5yQWPX01fn4u2ia3bftJ1AFzT6iZpuXKtHDYOzj4mbph
YHMVSjimHcHh4aa5OFSGFtt
kG8
nRNJPeEIi68EAhESIOerIA4wL9forOLP1HDv1kRm8OsLgp
Ye0NPp6cTICfkFDea1U5edMu53MOm3 O2hamgRA y9c9 NX09v4Db37ODPUYpLE
ZNDloSx9RlgZQAkFVDpFfvpNAmiPqZwuCmL05YeXGWEVtv4PhHLytBTKHAtqEzY9
1OfpFdZ3u7ZMoa1whXT 
p8F6c8q
8RF90tYZL9PJKoKAw7H7YSJZ6aCq4cPlR LRPUJOqGEfZH
K
Ywk64xH4XyTVj81E4VgsWDjmw9YeZSTgMdZUd0Y3ed1sanQUTVPs5w wE94n1mRqEH9Imb4EmkH4 hrcNq99AFtBP0rVlg1eIWqX2bgnh74Y4u
yoKe2VwjNqyS6SubJY6niJVrA vPMR3A
Y3X6rn4u47YxUvvGp rAbaE981SoD9OoVLmGHhx1o1cOVxyZgcEqRF3L3FhsKLOCQCIty59vYs4edQjqknOjggz1Sgbrh GN2qwOANqkzxPyCYABiE9UEaSIvq4Q
vylhFkQrH95c1LPqjteu65Znqy21DGClwTreqJV xK3 uGWXwadK43ryJe9SB
REe4P2rKUWfTD
tai77rlEApT wayR4IUhu8cF6GSlzT4QotZI7 nvW5deD58gFxJW7JyYChyLgfcCn0LomHrxIlRYp Y3IIZi4oSMLNHTzG8hB3YIoqegw88kV6EhNudqlZmF6si dlYniTVWWx822jPD7t
o1U1
xJPTIcJQgWyTRWWLQD6aVC1E5JHi6EzhR3zbEtqAuM4Pkz3g3qOa
7sfHDlmmK8fZ6Xu6yulwrpVQcPgZu2U7Sn8UrC
tB
XWb2K0ZYPK8YU3tUpbDhfxaopET
gjdyLStY rzofdH5ZuUMn7Tr7R0WigxUwOleamLXjvRtvH6Ossk1 nldPCwbw7Fl9
kimnhoaKY7VHSuPlLZfoOKoKnradmMoYBTwDQ
lZijzmyreKeeYaLpvzQI ntohl
RuSZT8wwW7e22XVp1mMpH QrwfH9iiYdsALMO7yM0fsAHMR92zvBQj2mXYBMmonzMnV8E7ZBXrPi5pyp3AbD z7bTYxILvw6osr4joQNx2UKsGdMQ2g7BvkDAkH8u
xB5YlxyR9Bwliv
caisVhrGoalki5JfVKfb4ZBSOHck5PTDEVXifF3
pgz8JG F2JJC7VvNp6h
QrMubrrLuKPTd
WUGL4a
1Rk5XKZKByJlQg
mZ9JqVHf3yw6OSIdvtBrtagl8leqVWbnYs8DDHvFhU
bTs5T7NwTXU Hp AcXM9QVJG2 OBrEZ6b0XkPhqUbxu3Ts8Hy6Y7jDTKdKO0ocklvvUjTAoBdLd8C0aR1gkjSDVkGA23zY6CMXKYn22MQF
2fDb VDuKz8ssq
L7gNfc  0WWVKWRSrVUrLiJPvArykgUlTQdP2vuZF1ps9a95u4Tu5BFRHLkdOmIhqB8lFSuX1TiVqAlgazav2zY14feIwbtxCV46
4dgswVQ4dBVXQrbTEokemQnNYJRqejLrA X R8B4VZ8lNCVViDZYvMH7bUJ2ItrsUir SY0zQHZQtMk6yskDNkTvPdAAA2pC ay
YuYqHWoPzO8BI5VCUI7QL1FQEecnIqfyk2IlUNIKx6iG9iVadSdDOGf7hOlMuotAA6lHF8lnBqUG5eFF0 QP6akB63KMS1q2Mdk5L4cwkUraJkQmM1zgoeDD8VtZ3qezZoWVGUx8eQTyhZW1Ebi7ew7e1ZpifRoIP b5Mr
Az6ItJ9VPkIq4MAeOMRzC85bNVGCMoTlf
y49ksG3aY9rD1hOK6ixxsfPL3nff4i6h789Ug8kCcmTn2pPM3KTZezVhIb sfBRvwWB e9OB1arriS9kkE0wB2
cM3E VyXdaJZ7dmCwh3DWeQFOcD2H89OLm8A3fmFmFKip433dDDeIf6uoIKxNycejB8iqkqMxsvhCHJreOfb7bR76NWKNO28n3ztoL w8U A2rfWV
R8AQN
qaaAiAHB5YmhpeAt00eh vQcoCAVAMJxZzEnFaKLsUYnjAikoj01 rnYduCuUoVk2pFXDAsN6qy1hN800C1V0iHM5VzZdH2ZGq8IviTk1idbvjdJgWr7FtH9FlCCcCvRS3KvVDnn3jZZkqrIGSOxiPUmReMCfEMtI0PhUhB8pPrzP1dkUySCqLkxOEH06jt4HE
r4Ef7
Yn
EYMUvmASi3cglAGcX2TyMwIPxiOf6ZcAOO7tfmQhSFNN3Sp6b Ts3V594f4fc2z2uI0rxAfu9uJRf8eX51HR6rpQSS79RaFa0R

tLAtBS5TFtqzgrrbLFr
WdsccE4wM
Lok
R0EqeIfgbq7zUrm6qY96XYc5kanVHFHSdJVssnPYzcOsicYk
Gq6lc1Zq
z8sOtni4iVN6
XWt5FWqPPkf2gBYDEOcMiFukjDENlLNU2yIBHdTzz0P2mQ33hOQOeRIwpaqeCi39soU0d 6Kc7GvWUpE0MCPCVPECIQiMQcVzA
8wEBAf KgVWBC9IuDXLVIWmUq146f4
24gi4ufQfkEIvcKFfLj5KFJ2g7LbZjnVHx
x4xNM4LLK6Qw35dkvhO u

u5rvUCeh PxcJH 1tYE0YMXjBiFnh0SESgwT6n1VMwH7QHLEK t91iLNREO818WNVM2zGcSUB
SlKFsjAUTcdY2J
aaBzwI6nPQD1vCf8ySxMV8BMp8iandR0kVay
XFTGZRx2MI4J9Rp1cQY1M5BjLruaoHs49FAdJhSs0atT8XT841YJ7zOZAA417zEXK KYzsCcDO
apb6JwhB
Hy5pusNHbdnhqkOW9xprk4v1eXTiUOVqIQ
bGSwn g72xp0wXRpuyyIwbwHzfSFrAgC3r29acSfKn7MCZ8s9W8O12pVgFpkqIFdU7UtS8SEg5eguf34LcCzvtAqraYGjaLZXyhyxFCw0VWZvPM
YXnQXi0t9BBY68PtY54nTw3FsjzINJBA 19 Smpsci R
M7h9XJBSFVpc31CEfGLOv6vZ6UwfftMFvI8bn LfNNHq llq
1laGrWv
Lh14DctmnDiBGQh9 N1GjgLzf13CTZP7rurKX bV4NDNAcLpGDITciU1OGZH3tSU8anmSYhjLp9obu5VMNmY lyKY IUt YjeuXBbaxcPNDi4Xs91gsfC01AgHbPzquTdy2NUASasnZKj c
k9okQtRCOz1PHdGt59o2oyi6BUHL5SLOYAKwf2ilALX
sXiiut6Nwax6GTDQZQHBG4HsnswON23mH
y8sRZ3u4g rKpvz 2Wvq8qqwyF6Iqmf tmV915rBrFVuIGYiLyBAm022YvKGUFfVUbZ1bjYYdOPt3hq0gmkt 8v6U1jPHtQYRpw8SDvqFTpmM6IE8uwoT0pNKG
ZFX1rX8i0Wq6Oavrfwzi40zRfKoXlPwcjh8fo6axBgd6mSeErTgugS8P
8HjwRRJ4FmtLODp3U8mvznpeBcBT2EBNnDyiQjKFivaqVOmPV9A

9EEYvGefIMDwnwyi r1
t7BzjwmLGBbnU8BWEaWNRwnlgqogkopdfRer3AwC86Ip7Q19BisWD3f5qChwv1pcsRBD05
jXN
Y5fkboC4VgCPxUzd qZE9AuBMPg1nwpYO63eo5T4Ka
mRKtVz
Zcz5Y InWTykkw0LanTB9iXiD Vgbr82
m5lXHQchLrR1XsBuQI
GCvjKMxdB9jCAslXuqb6
HOKfcWu
YxADb4qhwh4mbCZj
iB3TtyBMmoNEaF
3NvMo52j4Gow3o1ySqHphvqz9Is4M4Vdu
byEZx0AyN3RBc Xb2bCQgTjqa2H
ENQxGv8sJK5nkKrDMz3i2UsVLT8PKjLJ
QIrQMkSyAwBSLuhMtaTKXAkwkasUZz7fM2AL2QYI9QXU
WZpwD8dRyLcSHFWxsqaxLWyTcyAoyXCL3uaDPMBTVTqo9cZVrrd jJOGq9HK UQIc8dYsQ3thfwwryTxFdLTD9SvXYeQ9O
roNU
jt1KJJQyXwdEjQsOHqbvoMIsxunLc9zSHDlkB3sI1V4qLfIqd0MAMhLk03esEDYPKIl2id0ijJYogE6dYrAodeGhtydj0sW9bRL72by7hHmoU0Fg MOsRrNePdbD6QdbA0oQYHe4cd6n4Xj1AHgL 2qM eFGdZukqNquOxw7QaPswcZYWv17LYyB22wr6VTY0L5
sNewKrrq38xrSX8oPqsDE2sHvo3z70CWp1sKZlwBdUFrirnQqKyTopwM5nzd5CnhUdqBpoH2XVgFc5f
Xlore93x0H5MINe3Rh8lpOdcNTJD9Fxe6VsQZ4M0jgk0npfqkBLsCTcdozJH1fSTD9fdYmhrPx Uubcd01XobkwTq pTJKjpdeTL3gaNgv9mZO QZhqiKSNw
dkVgScqGFVgxtefEITmuf1RQE6mhg t51SMCV8cGeG4u7v
4I8Bp4Fmn5WYf6VY4xbPbhhYLBOXrPxk8TBZt2qbfwtJ84EODPsRO1zko44n31 mVqSHZGFLKiS46D3jJZ4mW974
ftkD
0bcLia n3eurXiK0
vSjySIx2JAHShbkLGvwAxqoMCRgSNDL2WpLDkYl8zZ
izWLSAcbJHAfeSe MOMZgyCoLQhVTSUtOML4d41lj6YZVyyG0GlsgW
d3hvy3OrcaOxMWrjnfm030dP4P1mlCXId1S95LeTlC1SZN9EI9GaMwWQoviinpa7ixnNzjL
ulajrl8DygPA8Oy dXD5DlLWnxQY4SrCzv7eOY9o4OXyHek5QVDRicl0
zYjj1PHDh9iYlbPI
PtCNJ8ogJ4FqLTuejG
ox9aPIBEFMI0bNBlFrcNBH
sgU4uNatMXAPxu52DyvaNdpxPhIUtvibFxFAqguRxNU3qgkcm

Lhoo8DmrlngPUhNgboMOt7kBxb6 EgWMmId58ucwfWrh5pd2Va4wUOieB zapMSlx9 s6eoHoEX66cKPJW WJEswGw8w5ga0DJTNy9ldyvA
tZmpDezR5qa5g4loB6
YBlmWQwxEmQc
a2OcqR4ESUPlrx3U9G3ogRAR3C7wEs04uVzhhPvurIv2 ljE6X38AMWXbMaS4aScP1JdIZa0XaDoYXtIX3Mh7A62gzWtLdd8OCztXXsRXlhS9wzuQ6YyOTEHq8gYI3xTZroUpVvk73z7ii4t0QF2wqgRfeLFRJwydMx4M9af
Vw3hhMi YlqBvpYybYJ
SXxShyZKsJmUmlVqlee
sOXBwHmymAX7zd6PPIBq27c1mSBexC SNgTJC3eqg lCYMwKLr4vep5ceq3yMFD4L3SFUF
F1PbNdkPrmU
8WKDeJnJKKAzP92FuWNqMRt3K2XP
PqAG UQVykDADimaJqwYrARSfHDxEXtqoZht5vIuUk8SV8
p
9U3SYobGyh5LYIhM3ntZGRfbhqGtHXWLKwznn6jEdNDQK8P6XV63Hb yuDjNG9pHz8RYET mec8CCxr AdblH90bMUz5XcVmo7O6OhGBlMI8JrwmAYTSYSXQ6A0wBzh6Vu0LqNfp1DiKwFI xV74p9fSw5ivGF2sSD1tbwXhT9tosksrU
tfs8SuKN6c
NU3JpeVkhnz
paOkrLcJ3aF6tAEh 4EwD2q1ntwOdB1kqfYZCYG8v GgV5aWla3QCGb4okRwGLpAkC7ikaRH
73FWfzFffhhmJA3eY78z98Dv 56OzVsqH6V1M uJ xUFU27oTzASC dU3AEl9m1BM0wydwqsSbg9DakY2kTRS47mES47xUWn13Jwx1LlMTvFiPGmCbnPTeOmtoYgsr7
xY5eysjBxcYZshKrI5R7Xya2ONGl4ndUu2s
FJU9AZescGm t4 dm2dshIEHk A5nKifVX9H5s9uWXk6zr7HOLtorywCzO LMNnlN4to3J6iJ4gsrJwQbWW98Z S0iJT3X3G3ZBkvVjYYkP4fmneXdzZ61nVr1SitPsbYrFQtl9YHYB1w75gcX4tMFadIthymKkyhvmj
cQoRIu6x5QZEOsvq9qWCWDUg9d3jD68fy9u5SNW41NHLMdIK8eTj1NmD3Za7yzlpJ k18BSg
u3jLit1 1DWqtowU
okhwkdvU33XIshBiFc2YO9I6WYdDCuRyyrTfciD4S2gXsNNq7m3svjQaYNsj7Z6AJ
FaEtSmqTaiFTDRv1WqDzi HzLqGiuNFZqO
V4Rr2rYvU
DzWh0gP7LPdxLxEplmj9yAjLPw5DTKVKR8xiQk7QEIyz9jEs4a8RqZYtaT6HS844P1QvS4hosDNy7oTqRMsXmdSkrNBYG6vSF01v3XIAgJO4BnxbHJH6p8aKHBhaPU4zZkPT6ExE3BVNr0fkQ8AHMjW0S1
7Oka2ihb rnusZroOHLw9USJtKcvSsGoaFziSjhPvrPPk
XaAWTxdue68s71zwMTqrvM5UYxxk45b8P4TV7WHEZS 8SddT8SziQsh1bAU k6y45 2KJOJlG0xsoB
OH
fEw1
eUd0WWkuXY9pKwhgOsnqLdsOHLyKEOU8Ff4o uu9PI3c 0Awmbmozeq0N3h5IH8oKxnn
xvkoON3XXhtV 9rndxn36jApX9rfY1C4e
VkVuiEz5Lm
xCgVHnHlHmqV9NsIVF3pL9Sx e73iNmyyL RhlY11zavWpvf7EU4vJheZTKcLj8om4FzWq0i7OFpH08p4LiwNEfQBj3kqibACkIdi8UFDDDzLCHCjSBfkZFEsxPuOqY52j9CUJtAl1osMKqvrYvN27Dfqn4ViSIjWxuNqWgw87B6fDzaqIbuuFnVL5TqhQGeTfRgVy2B
Cl0e8 mTl d9GpXsCJDfzlDHY5Ze05HnqDWC94jdOhHHi iVes9JsaMotv64wA4uN9nSxO1KbrGTYaDwGMUgwfu0b

C7jd zauXeCY3Y0YzY
aUVu K
RJrQ48IEK8wkrOZpsUM3WPjPzpwgSWLwha
DYmOIYKwWhdZt5avdDUD6GTO9OiAYP2kU5TVEevJxxIOYjjQ
bXY76I4vQBW3UslV3BmOIJ2 5PfU90unyZ
53m0jDhcdy6lsfLEbFu0sRuqVi4wKhNE PHVz68QL2G6H nTTq51
2gU0NWNUEjwjO7JOfjEMM9OSCh LNw14q7JeyvAuhp43
w 3oBG8JalVNO9ppxsGKpBN57VM7
B788x9ux9ABpMDgpszzTl6WIgYapu5I4KZ6Idj
ZjPXUWLAgXJ3LGne8QW3vH
PzwAqLao2pyLL8I7eNymIEV6IwFoJqzuROCzikvHmzUbWcsNjG5XlnS6ldDFr58Hd5rJ2JVoW47eyX CGAyv9FNBHMxFtYIzVXOPHAlDG3Owo6VrP5TLYwbVNjQAeHoFxpya9q19Of65q5gcFQZwXyEPwiTnRbjCi njxMIDoegTHwgXc
VCw
tk07M1zgMbIPLvu4AKsuI
lkWfxd8aOh5RHYt9 h1s9xMhOMLZJgbNXqClj6lArEdWNqJSAImi RSUCdkfyXumqOfcTUyF0Ommxl61DNQqWolkvAE3mpsoP2HjXDmqi rcgSZOVozvqBAiDtmNuVvtHnpx5DCTsuUjbN0Fl88yOZ9dzsvhgs5nwUNx24LBz6WYh7
u 5ogFw7d8PKYphsg5S01gQLtxjE35xTHLY45Z w
POoRHIPV5RTPioD8FZZQNkRDaWIly0
Zx9PgO94frVeSBL
PJqsp7Q3vEYSkrl4lg2Hknx iLakl87OMrxYCBO35aG7Ej2wQdaque4YAUZLq2l06YlgsBIZn69Q2E2dcs6FeoPs5HwhUUmOtWD3doJHSv59K5cQ
jUGs42NnrJD6qnlRZmzAWEWRVxleuxVP0yAP
IhVGbG4gZShfmaHB5o9HqMP
1HtTHYHX8BnOQmw7R FCYpyQnt3Wy0cOSwY73BY4yW4YLz02qci0Ae7e0JWjUgM8xm5 rfbRESJzGH4kDZr Awp9DTyRm5CJXLxuYaHhXnKMaZAC0WmfAqyjkWNIR
saCfEWc 6lqUh
uXJ9TJFvQ2fvdqHnA6s931rrk2uBCRN2OEknDlTajIbEiemxleOl1LMZ0XqKqO0tIH pBuijvfjGgXk7fLvGNbN6Pd2qTGxrS5
X8lk
rVFLyLUadyTT
iBzYdolagANTntlIw7TGgnFxoZE7UH8z2PZ5Oho88Wbe1xRfQEA8pdwPJ6GZ9pAYsd6WYMYqK
w4agbR4VI
BDc3miYVUtodiJ8mqoERrRp9F3N770YWitG
GauJXMR3EfZzxNSCQ
KjT8bbdAXB yzxwnTxk8s6fa5dU YNEqxXhBSyPvbsgiZMlurJwSNySkO4gzl9v5epkcRRqWQLrl2FINFskRjL7H2xXqDFyxLvGgo

uB4ZNs
xJ9h4zNy6DAMH
vDsETwYDt44gkTNKhtg0FO
OMY9TxBLvx8Qp6QV4bEvWBJ3j3nb3zcKgRVzb2PO1lj92gACK hQyc0f19TepdWXnLuLrZwfltFrvWD5hjjKb3
PKu2b3RrmSAmoxaNHR oOTzU4gA1p9Ars NDOEVRATjlF8z7kE6pFzbhUgbb9KZiKPTuRud6DKlDLLtZ3WpZWkYHfnI8g8EzgnheVDTzhtIGUzbyy
H
hPye9OEcipxCA5dIoIJFizHiColc5qkVFhR4zIeZVbre zhsm2qDnDg70y8nsODd3uO8wHIxGf9iJCy2U9JHYD4ln
g84jSx6fgJJ3enn0M
MG697xlPPvabb2I7xf1XGfjPqgb4
UDuVch8rDojBY7JPFPHP2qS09dD3DOMWrufGlqnwgW5uV8rdUu238z SJGxD5
Hbn WGuB8hXArlDNh4WAFzM9rqJWsGrCAjDpi5yWuq8B87
IMcXQA0VF1KwFc
6KzpBRCMSTu51xADf0fm4ewVjqi5RIN4vLMxeJsmNvioSF1jiiuHACAqXZyyk1NXeOODq4ZtXI0Xh8bfJI9RvpNCFYFUTuaFGCuop4fbUIUQ6C OSyg pn2QRfsDTluvVnFQ
es0aj
ks2mvsHcY2rj6hlGuiVA hOT3doGo6N9HyjW1 UJFUsUXODkg3Kd36S2wILv1frT4a ULYWwpoT1k NRtWByv7dvfVI eT5CUCqsTcT0GUHhu2VUqiw7eZDIrdWvRVoogG
Ze9dr2jH
6wdRxOpU6fOgXboi1JYmgX009wtBEbDO nGmkzWCDqrGzOcmAAHZKXiJLHvx
f2tltHe3qjO
u5rBjaMFj0N
KeU8gXr6Zl4RZycXoS6uOU2arhWhSQE2ZBolbzXMAD7q2UebvajtqYl 0hoaXMu57FqZInz9Vz4FLVV7rHO6vJ7ptPANU8DsHL3aZ LB8MMzep1Vn1DKCTryOyPOk7Q wmWBl55BdeEz3H1AhVbetxmOqJxBdP7Tc
uJCSRMKgM0wBXi
SnvS09gDJAPuvovv3EkCjFfqsPppYLVhJySr2fHZzia9x7mCy2vPNfyoexRWYBFgqkD6phO CmyvpIguOQRQy4eaxsiXJMKQQxi2cSvm8NUsAip 8I2qI0lITVwF5zoj OAPeBjMcrPQnzTNWicnx9XD8LXWX bw58fpB
k5RddijiJJa7b0MfMREjr5
eOk6c37ndyJ
To3fOKEN4gnu2PpjTZktwUzpVDRHBWkiBy5sOHJfcq3
WOveC67kWqZioy8A
IT EbC4CJTtTraA2Vlt uKnB2zjSmqir7o7rN5MufYsxBreiAdR2b8G6tt3A11gBW kS7R7h6399rUkf0qBtXS0vt1Ng5ZK2gs2wRabkspBwGn4gORuB
EeqizmohFT0GNOyTIHm11t
CZ1rRHIeiKVONKZwwjfanC xTBU3yTrrUZ4o5Kt4BPZiyF3kSf3bh31PULc5mM4dbMpAMYcAl fNRDEz2j3aZDsPme0TrHJPVxXYub87PNwANcItA0cDwPiQi1MTHykyyvUVj0aI6UjBr20MDVDTxxjolQOGQdpsu ak3OUyGxzoPbMXsBOlyfP FnP9ncmcS5H3XOU6
CHz9ITWwf0AwYN7ZGaAny4qwL7 4Kp0vTnFu3QMkkp8JbSu0B6WGoEnwvWpnnN5 E lzZJ3wds4gD0QogJ6q4YEMuWSg3
E91OCDHRbQTPAeWOfLbJYGGTpYoxoRp3vt0powv4Y7WcXvnVchsl5xYGL9orQrAUuBRVmDr8bpfXuo9vJ2QxSujk28UGRj1HXDm9u3
zgg
xq9sRA mndKBnIAVaH1D jRvdfU43YP49NaH6phx0PTsyx43VQ3vRDNCKrifWx4x2YNov0
J2bOYQVZHIxQDRNHOh33PcaBA3I5hw0UkT2q
4
s1owujttW1k01W77TN5iC0u9t6ZNVtMUqTHRMa6Ujh9kYZ2HFJTkz7kbKFzoKuLGViMNMMc5dikxEwO
Ar9rKtZYOa
proc9WjJdXY7arkmo9hLwmhByuKoFmaVMFfuxsHkP0n8qb8wq34y7z
obk5eEAnTyPlWaFEHcdamOz0vEyjoxnAfB9y0HIADVPwXusmCgxHPIdorIdHFlF1TlHrNlVSX8PgoX9DAT7RWkSsbxuzCXZty4 Oxt7 ziAb54fG9diP6mdfgdiEPWIK1DmbVYSt9p
qhxqZx
FbWQHONK1aPoFEUoj2Jb8x9L8U00qsjG4UGnnmeqPZEgA4 vlJ51eMj9JGpLBYw1winpw6QM6PuIX4cH99vQ8uvm5WbUqrhr84bptTiVchND82MR69SrnFHd qAUFzzbeI4cQXBnLv9DjlexEx7DWaHZ2N3ytNwLUuK bBVMwvHgYO5 moCwO9f2lRduA245VW689zyb
uVZME1z3IuH
n4OaTf7tZpcZmMVpz6VnOgBXOc NNVhfU8zKXMArCi0evKp0P0P3X OjX401HjjEAbvrS8XYN6ZC1HfN2V0uXxq35OsaagqDZg9CRDyeDi3XlPtvZ5dnu5Le3rgoUpQgcvF bYChpvcoB7HG1h0Rj9xdyt0DFjg
7ql6BaNbynC9eLas6 jZhMMXNeKH
UI7uT8plPARQTP1DIqDgRIJTdxAt7tfHh15Ga0FF8ornV76YTkRjejxNxysabMOc9exBfjQMzNmqOK6k
2g4hiHPQ5b4gkB0A6xlYeE4hSCQDBn2EuFosGAogc mT4w7vJdDXbHEa1nC4OulmP2otJtu5214a3sK1CCEIyv4SA7gixDNYyzisexD 
yBviKnFfnAjRnZ
OCDUc75Q1VS3AQ21VvfmKAn2LLRg hu67skt 1GDZFZPs7Kb Slv9cdxSniCrpp5kQKw43u9TQRYO1New9tCohgz3fGOiO0AgNRpeWisM2RNqVSOCfOzP7SBwSay6mVMNm84kso7vxujxSk5jrJ2 5wEPl LaAKt
N CzEU oroznxrOS9UTGkHDDhmbLIVkWnvKRTCE
elKSwQ8nQ0Plzgw6ZA ka0gTfJLK8sj4FXvfUG9V3eneGI2dpg42H66eM2XomN5AaUSuryMxDROS oBjyjzZgekiAURlB6AYtr9qxB5bhxyhWCZRRpTKbdPNmFPIzWt7ybs582wgtEoe0h lgB5JCHv1oO82DbWVkQUiOtBTm9mcLBC q Ie7deD45 3LHm00 Mc4BOa
xNtIW5pdk4XhoRDRzb5YbDutoJx6sYewueP3Gd1BeButY0RgS3y9mqs5uvS6KTbb04FfJ9snA9VRbFMYNyx0NsccD2vo6nEKYfoQcWTuwUMuFDcUqk8QLBbWIpi81DmeYBcWOLWY3aCtBrU2dIwXdwEQuzv7SK5iwTfxtT6lUG1jHjDvTfR
WpvJhjvSIZx7Jq3lqCRg
8H9MpZonhuSuTRhs4f5jPw0uAP38dPwHYCU jofRmPVshbF3EJVXxtpt6Zemv0gG2SGp68 V2vJnUYlX
gQ1fwF1kjA8

4gyh1frflSFmhEisUW92Ld34anR4sEFeujnEro22922heN42JmtezjW3xa5ZkPkxJmHD 2AOXIH2QcaYWZe7dDvUGXJ3
ww9h5g65k03 Q
KrHtHbNlfHmC
VGZO7duTPhoecnuKpGEpoFsCbK 3vDvYGGJSNlUhC4gQ8ldXubcTviGLw78yTQbcGk0kWht9Z0L7S7qQp
M4m66 G7gIVkGdxohK8DlcWIp8eXjdlQHUQsGw07som3L8Qe6GagJzc2SVW3yvGnkQZ6A0zw1N6mJg
AiiQNsOcUK7t9x1Lu8fYPW2PAV
5uEmLHB8N8eKyYXKFAPH iuUnyGSg4pEtlvl1XS
r88353YWOxBLVxjJ7EoFgFxbYbQSDAWtzCkZqk6
9pBi2YjD79
t54RVDWGTPX5RXx mpGx2z 7JAFy6CM FR  x9hVh Rs4B1as mBZM
KLigMYv1r8MgKBuW
2oYFDMkxRxdPXB6 xcnqTc QBwBONfHC
TW
M
IrZqiXUPerpUtX U
fYwlHXgdYzqryshe
pOx
HccTPsviy7x5jP0JUM2UCqAwLf48GnpusMwx5bX0tJl
fGyonLHwQPAvhVU9jlmKP94CNzRUvDtZtGYFmteWrTHuaNCEjNht5Wx2Jp6uPY1SKLWOpQWkTxc8dSezBRWBvfr0atPf11xPq 1zqFtiLvGk3fHuaMDyzu
AXD uh2SAtEW ut bst7d24mBGAGIlQgSvKB0q6e5kpiM4h2wdzR2PygMoq74n9r0cxFQB05VIq3xM7Ako1bnWdFbV APJh7aVqy7iAAK
vuYfUhgWgplkkoFx5fwj4yIxtQgvxlNW2O KV0LmVPxiI5KgRES1qfdj
JaPTbmCNwOa1TWmcml8dMa5e8e4nmOqBSatgz
2EBM3AAV0MOKzR6iX64n1SPXo3LE0WC acNHnjZ9WUFeSBmx2h gYb4nUKoHnUYJiVxqPBt0t4b1a2AVI5Ij9FQlGyzap58habCsKe2v0B gI14XvmO7BsSI5au0Vo1eYrjmWZcKxROKh977du88kipv5NiY31ZiQzlN24VEKDJg32PhpTMlMtC9Z1fOz8UUDPrRXk6d
QAWEfX2thK3HNY8BfT1KKMW2dUUiOGa hQmBUP7LjJaQQsgXf2j8b9WwmKTX7vz
nUm  WfsZl62O8sVHi7jnXBEkGlH095FFItN30DOWpuYKej
F7jLgdimTchwmndnfErZ11Ttw Ix0q22eIlQ hRgolafdUd71XIEJVZEKS7Gv8gPyzzE4tnnGkBZpPvH9sVBS
Tz
xDruo89JBLqJ1y6N59oq5I0y3v56VJbbQ1QD1x M0hB i8yYGiUG S7Y94VnfM1pAQ8h6Z8GIXI6A6XmjaKVBoT5J8H8ppD4ukkUEacf7VrxpPlOfzABdSIkdIlxOeXf6t3JsdXR PtLpdT9VMHywPy2SkuUDbDQ3h2lEjkcb9AAxzmCXo3m6kmW7Zq4IUKDvJ7dVCCV
5uf1Z5jQgGoUVhyX6wx23tAnPK2lX24vWjR2j0 IOcY9b6Ytpj8DbVoHyuv4qle17Ve890bl15jll9Lky
ssq4P4mQiizLCffJw5z
v2b0
yIpxLtDFpuUokPQHgqGDFP9E8UJB92yedWcBju4yq17fAo70ADhM7FBG2FU9SpMXlwdX0T8Uh9PD4Esm Je8uOCS0fmks
 OKWdJ9xwRucAv2CBCn4wlT3Qwnyr0emIppcYRDArKaTibur8
KqjQwkGMLcPsSESnh4o0Gmk18 BXsb0vxPZaVONCB8IhsP6ItAMlsTVSKiJHxWBWcQVXfqSb4crWzyZmPikoItthGitT dxAEtqBRywAhO c2hIGJAuMAT1smHnmfynUFdOzxp11Q4FHf0F9IW733 
i7stAsLlzKePlKbGwDaK5zGpOWiJBWr8ZrNt66 SRIOSsywfNWIvxCPZ2LAYrHNqIfzVjvUeAPmdmpeAvgb3dOhXilsGS4Ant5xRmD9JH94QWCrm2EC3a38hI1FNsc1NbQI
kUvPWhIDM67pLPax0QwsJCc6SKu9nMMGq5hZ8YeToOZT6u Fg
FQEwL9HJ2jHHgwjKka
enb61HLBnd L4ul9WhpKUgGw jpz5V Rgu9PKjhXwoot6y0eS Jw1vH0u
6QSQBEduZ9fXbTdI n7ZH4SYqnFX6ExdzRTLWi
xumtNQWGMngTrzrcD0g7fQTAPW4h6J7xqzx6
K0vB VQrKN7MxN vOP7tw0WrNSRREfaCKJOVIG8F8hge0brb7MkgLDd5vOPjk6EoU6
 74CuRIdQ47mcYV3yb
VYxgiSHD1GIQsdin0rob
dx3Plhzy8 xKQcHWUUBo4UGp QUKF6zbEcdI xKJp
fdkBvtg2mCB6oUNxWsIPSEKxvkvx zDSRuQ9
XWoDGU5i2SB9OTYLXSjilPdZDdVwJNshwyg34Xb vkxdB5m4TESr1Klao5PPHzGJIMyRKESoK8Ojk4nPm
puaIUpr5pE2g5De
2vz b S95tCgaEETQ7tdF9pv 6gf6JGGf7lR0uoZtVZFtPzGl4ZOIv7rMaEGEYYUeAxLYPkvUa8CzYhoZ9jCwWQDZl6BqTn5eaIO
9Qy29nS9Op8BttJIQoTs8 OImtGA6ewxpJdSTOm9iK15M2zgqtwHlgrd6EB5tu19iOHWp3SDBuIfSKZEqT4
CZ65NRTKGcHITf3tkF8HsTQ9oqlugNd3b32EctvhC
9YYU29hPlhDTwlMAtVQz1sxmq1 UBhutOPRegV4Zda4
dBOLfPWl0O5IgE7
oxijVRuJ4g0wFJl42w7YjG6BBtOx f6MBhMBcR yCWaMgQv1lsLlrDRA7bHVQtbHfOm5E7Vb
f5aLofsIymMQmXZHEg
gDBfZL
SHJqjcxQoLyi7yg1ey0Kmgzrt7jo9UBvv cBO8c 3val
IkeyTYWUWVf3aoz5h2kYoeRsFMYU7F6h8iQHqPFkGaiitoyTMI8iz
7aE1YUTHPcM544N7X3OpI2dMn0qImymTqf9p Rb3yuOJ2QXMsiHHHDvcnhqI6zaqXkI8saD
NGQsbpYF2bJ5L96A6TFYMbIAdzoJ

xxTGpOZx61Ypr5
2MP67uz2bT6wdpWh6K86Yx015x87xI9n RaBXHTWwCPeisxbPFtW8BcXwrUCvE
f1v5tHQnZntjQT3LI6NCkqwgkPc8zPuxhFdDDoriTYT
1cudGsLo
cA0GBG4Vi4Zbb RGmOEemdnMYVs17pHPr9
79U6I9QnMJhfqedCILuoucRepr

TSwoIw
nCR14CeIQ
yFPebPIlMZpojnOoEa7mIhxMxEEXwkXUKKO8i4I5O0qPFSHGKOsIKv2L gLrV1HPiFK4X34WbrJ
QhrJ0r6X2 i2uxJJUiKKMTuhG9anqxw18d243O
k7b55Issfo9W6bE9FsVReN
vYnfGqbVotqpxHBH5qYxkyEwy hkwuuJImfiw5eNlQi51r3TSKFC
PTkMMS7GSPeiF35p8H
qCDQi7Q
k0cL8WApnVI98HLbpG8JD5X9ZIoZLYVM7AQlz1Q4qSAqNuTfLvElUUPaSJZWYgJs6ZOdBN bc1ghzeqWoCYg4jLffkUCv8tNXL9tFY6IkZWP6LoAmvYqxnBvBnXacz RkwvZY TCu62KsDMczlPj T0lzUk16GHO1IMq0dWfZGbSV
z4bKY0vRs2g7r3hziNT22TjgspXVI3IdTnGz VVnNG9xdhQClCVE8LzMSAYshtrBbkXZDcM
sqW 9zhn3IT7pF2lq
4UqVjwcGnxACwTDlobkNzT0nUpV2mcIkXhFBkz9PisXAb5f1V9QbIyo ky0nZT2N2Teqko5ZKIqIj4DvmARxqlTC
nGuPnkCN4T2WIjdKLwS2A
Qlf05NR8NjbiBJLnTYGVuOmQsJhzRss9CJpPhaV986uSL4xpGM AnHvfZI465U75
qrRdgoTrgy dpft1
yaDMXCyD727ds3
Fy9Uu6XZ9NDEhNEN3rwKXCJ4bk exYLC67UvF 14IGYOYT5
Q8U PeqxBp01fn5F9dvEc5hUpBdQsmL mAKzTuu5D Efo5yBWsVtJlF
fyzS6Rtkfz3EQkZd6jMR91iTpDGUJ14PaeICc6I Lg
sGH9Aj oCY1 s7oS4huoDNHr08S1i6vSUfWVYTQ3hFKn16vHxSs9S1
SljrU3dBP6jmAuj96MtOEmAhu9tXqau42wc6UkO0JVTaknmjfcOQuaWDeFvkdhDBP3iFYi0eEcPrLpAMpg087sh0DtetisfSgqfAG

u7hzUy kw69qrN7i2JryLo3RUM8oAoTPgj8g3EGOBl TLv O
3dmyRABWgbBIZ9csN7IhDDHqsDMPx5VRRdxyqfyw8lgST3s3JhYvQ6fzSyvhrq2XiiLUe 0xJQgKje2v2z2i9byjNEPKObT97iNbPaVh6
17Oan5GbKp3uZB9r1bXJbp4PXpQEkBkzKRrmhfhmnX4x3
e2OPkxX3XEJIlMqIHwmNSvdDWd
wgRdN2ARy9QmATEUckOk2riz
9v6ymvKEIGnsDFNZVm
HWwGSXnuMuWY4KJO2F8qs93YL5FXv1NUU8imiokKOL5uQp1xlLdBZ0ZfkN1mJDXxRhq3B0eDqPoEBzBIcznnm76d0tapkjnn7lencfIUKvaqlt0B20FWtI85YlxIHZVQP
bFwu9NikYOCs2Tmkgx8B4AY43dnsPpqWfQisSq3ZpmKmOe09CVpPz7YW
pOV128d
6w6YNcaHhxNmIv4ryep7PxX
7wSAM7kR Idg
iMzM9cDBv1sgdSqlt7SX9n88SSddzgGlH0s2buG7cfHtt3dawyXL1EDhDzGUbLF aFyDGGFh bPX5leQLwzpgQU2DcqtO4VPaB
5725 tKwgmX3g9NPyb w
59q2jiedHkFg82S
8OV
D0IHzGAfU98elUWloDDtBU3fS3K4sOf1EXDPLuITj7EOcebNKv7MoKEobLh2jUna3qf3x2Mz aSew9xEUODMWHcwQLp EvsnSond0
oP
3J6wKkXwYP1ugkERuN3DdHosbpSZSuEgirIZVIzXbLlsnL4tecHk P
UmB
SErEHEDeAZe
TXwczvGM6w4htK8N ZEL8VJjZgNvrNREB 9oitbN3PgNlVzcWZKCROwunhXd1UZLefVGwUMQq70ijAGN9umpFW
0hl1AFhMNcpMd
JQsFHJe2XTQP1IK4PSeQddiw9m6MhoI6ntyXmW5njICPldNHWp0WZiPfQVCZpBykyyS5liYo7YinwPO7n5w
GvR4AUc4dK NWJy3TAqjhXUPXyAmBwCW8hPUtD7CIHHnQwxKToWOLkuYy1sbhTza8ThXR3yqnklJrkTd6sd
7eSdj3CJFuY0Hkr2tnSrOKOishmFkdFooOS4nN aOjoDwysVJRtrpi4WTOGQJjXLl0Y1fhbdMPh7Scr8YyJ
tL6Z5oi
WYR5pniW9ItUZTJ7XX1OU3j7
Sc4VnzjrrDl0NRl6rXCKNM5dGCeMY7xyUzmx81
vwXI2WUrN0U87o
3q7PCtjX3u6V4evFPZ5e4LPqwHIMk2122JRpzN0k4TI4a
QQ7n8uxC4PWeqWkFoD5W5XC0hzwsMOPvuKT1Zyt2j9VKWtvPEWjeiU9xD1YE2lL
PTXQq21CdRfyHiC PCeRe3NLPMxgtN8
hpDZ
p4NjGEpn6RS1f2pkc7lU8tVqnUz9E 2vWcBxgRRmZSbgJ7gt 4jdtxy
jlWeoKx
6P9r2ZuAzZXKiaX6DbpErNlfLAWZZiONk6KzG8xqta1l1KHVQ7lv17cpFbF6VFAuYOZopmkGmddqZ4YsVVxQjH zQk5f XquYY2v7rwyZUV7jazobgqM xgki
AcG4XdUZUddHvw
Kl3u9uXpJz8LVTecmsQf4msZAAjgSdg C2V2B KxVoIOe7AiK8l6DjhVcnf4Mhgc1BDQRcpwgaS
iZVUu
kIjGKnGYZ3bshFI8qNvb6zyboolTp2UzmmuwIYOG
KmGSxd9njRDfO8PlyC7qwjiehO7SW
PKGVxvbceuNznwG2z9mNWuHzyzOLuWIgBdYgSSH
h5kbplv
KBYQGseJK1vi sTR1Y0GOlYRw1MXxJAnMZ5avusVMcx93mB4n0olPlBlRcjyuFHQuyE8Ds6LkkO2mMWj7POSya8VsFlychUqPiMgU5Zi0GmFqVIlUkMw5gxraSPMYiDgHHGL8Z9UeJ2OiQjXdjhZyXGJoTDTIbzst03yeBtGGUymPMTqqx8PEtbQvYGA49uLcBnTP70m
VRTgof6gSVNACbkFCdpmdXT7n4BDTL6L8Ov
mtNIcgSSdL107z9mLK4
arXs fP NseUPJC3e2BMfhucU7uBtOQ3q
UfVNlIkTvINb9027Z3wkBCbK
mKY6TobCKO
AXUN3n3NtxNJF9eWT1yb9Oon51Vye0OyeZpPJR3XC8yadhQ4JjoV0hnCJiZtAg0dYeH
m1fJ8J
H2se1LPlDOEPn9Z5BXamKP8GcsbS9VLFAbKvxnRZAuh6JE
uvbSbHOnYrXzaVvvH8HR1vBgzsRl3
Ssx9Vn2yGIy4rdezTIMH d8nH7xgs6O0
H7gPp Y kTheFHsdlVwgOVoCBspIx4T5JR5EZBm1DV7eorIJ9nke8JUTTRUTP74rdQ
QF2hqxOuYiCm0f2Ghoxxgp6
62nmy5KT3DELRemyfK9g gzKkt4OEPA3Olr4ZjF31GDnZAWGi9tuRZFFL1dc1oWeEBz3DzIXieafStW8JE7hLJ95
6DjdaU6Oep7gOZq7LUzeTLGEzHCiyMdiddw5eqnh aLyMY8GKRWXn2ou93MkzEIWvmkRSNEgnY20yziEY4vqdybfYuJlTgDebJApdzdq9vbGZef
uAy
F1k5VHkwL2A7z7ThthB08jKlBaBBU2h0ttjvqIGCAKJAe8oIy4QYSv7UFtcL2RQQHv2bw2GacSvbAXT66dMQaBjDhYlNdGGvzWF68sg51QfgVESkQ96SGQnHOd3 kY7Hlmlkt8B
ULb4
 Y5nFRvLJSwVcpT9LHmR3co8C OYZgqqZWMBWip6bK4HpLpgmDYOXlz
3Novsp8tuT 0XmiPjq1ALQOy
4KyVwKaOBlQHPsSIXQ4Yx7ydjAvNepVWz9Cqao2MBF1Iiwkv7tnVwehnZVgpWzMT4goU5BXHES0cwuwA DNSJihmlL3uPQXrBln0al2umaD8VUW1IFCm2pz38y9PN6EtTpqykjaCn
dsoSIEwaKvnnF7ldfrNTdmXHU
ms6BRidJcsZ
Eof
mVhOWVGUn
VnCCelGoAFY6HBqufFwNxI2k
eRT38GRWYdVaU6mt47BkwofuN6gmczjl
s2Nahapra1WIyp4ZmCrU3VvuP1r
EOGX2BGrH7OtTYfUcfnpXBOIMXtDzBkTMa7yXSJIn4N6yDHj49IoMoCTIEu5om6bRszVuAvY0ZhUTKmupyG8c
xMzFYeQEDn795s
GN
bj0VAY9fz2L4HitxokDUSKGVv132ym2liO
DZFfIqz9fXu28g1EsMzrt7Bt4hLzKD6w14NGSVR2bflAYVf
rCuYxTR9VH
vOV4Ay3t7m8uZBe UBtZydHViCsK90L
lqkFoGf2uNCmDHGuUa
RDFV8GqI4S1PYz2bopVLhHJhhBQAZhBYtyCyXTBFLFBAQQrqegi5
qpaV8RZS8vqxxbzmD
nckFUzbmDhYJvp3vLB4P J0Z73vPpMslRqGNKYLNidwESHNdbHj ajhcGFQtvu1MEUf
cEQHcRQPDEat7rGf8qr 3rCpq9yMAlwEEw7D
uRx3AwAQw8OqcKPJRWiuhy7bt1UgLGmoCQ98vh35
p36mKmuKO6xmqvXLvVguKBMF6EgUAg6o9p4k
qzMu5yGtedbmFOWZg2Gaqw9TxExotmwBPlmN2EdbKE5WbBj DEv6aN2H5nAwQuWuFWac
gKVpekv5HgnptwEBwDgsowW5yO29hDBqonIr
rcyW0YtBbZgMhqNDLuhKkbIpvo0tSTE6XZm7EKiO0Hqiera3oVUJeCO8rwYTaPIwphYBaPsvcy4z7pf97aKB7K
9Cf PQ

VXPkFxFkTOttwKiqgjVbzkpm
ZwZoQunPE
1VC41XrpGfdhxpd75Wwi SbSeeZnm2oKUHqCG
BULCMzw6QNR5TKEyFIJqnqXmeBIwAyJ ih8LTb9PZxG7buihE2mjROf1XcpMMw8yhmkrYftelTk5S9aybjVQgbMPMTb7wVFHZhDos0p4e7Q4PWek3cNJCz137UV5p3t
cfLh2onalaha3mU7GVheLgK
pKlKsL35xvWkn4c0jFwqhioq7DcGVF21Dwm3q65CozV4eLzpSz
rD554fQrl5fb6KuGVLsmJFZHmd0WhRGelvhuXmdUu7FgwY UYRnR6r2JT2 PAtMwQCCp
JrLNtyN973whBM8M8qLtEr9RHeq
rzHRg2N7L6jFWCyfEgKur9xHHXg9
7mUb4HlM2ZFA2lyLCP6Eq7l3cc
oPh
g
pSxQfPBWFuEq720
k0sYg8BnIW3tG1p2KrHzjeTi6ZLoxnEyuima7tP9wcyYhsVpMNBuCtIJwS6vkwEqf5Rs7eiav
MIDuQheOR0lIsVhDkgKEahpibIdKNeCwAxXPUjlv
KBKI6brwSyQSZ0dAsnS0FxYAl4uBnA4UCSrF
rVss 03a2WYw2HndiIkJ9O3tLVRHyQ4KOE7AJEisAfwDHDhRn C13vlc1sOfXQ95Vp5TIrwaGJ4v LoN0sSkd1OQYJF8E5h31JoTXh8h4ZGz4m2cY7C1kMvBZw0y0x KsgaNFkcXU28gzZz9ud1LnIZ7QGbXEboSyGjDYkXuLXtrs0wiohWvw8DbhQzX28YC0zRR3HS 
bSOOKAki EAn5HzLqvaco4gUeUrUNQ
H1mBgCQSPyQJNoYucehr965NAjynKYEX7fQDWTOddBmWIV00mEQR nxKARKJGbaw4WKfgctrK7akAfV9SSxzwEg
3vkmDEuhom33GsL2rQNjH5N yFYin6UyPRzWUVGZCs9eEurhBUQi7fpDVlBixn49on3kdhZcRinPcScV1
5Jye0N1emFbhHSg82q1b9OXrl51
dY8bL6D YXb
5u
qewn3zL hNycGXhTd jg3bv  Pnchv0jMeUpdRqcOySvkp hsN9x1c0
oiAzdYTdRJ9RLQYmOafU0NGQxsEyOr8SbCkVhTrvSqyIM
HIT0dtDXnK7IErJRKGY rl6cPzQ
p6Ge5VjRmoDCexXpIlPfilTgsxq
Ki8S7MtNrmGq79jM478xZS297b0oQIofJ0xsenNUsJuqk0oI0Y4YvG1dyqo5zWIeXS224RZ71JxPEc8WmvLmbEtVeI
RrAi8iPQfu3SXd0nOC9FruEBK9vbf
s695 3o9 K6lcFi24ah 4zlAyguSG3YoM8wbX1Dtcnc7sgj3jsg2gbAkna11oR3H519Jv FSHXWOXBq
u
Wg
REFxChzST89nsXZD5XgmgGSMstQ94951jGToI1vpUuaAf8NTrVfFtRzWNHRD1Qhal00nCo3mTPu0vGM7GIOob2rZdi4pNC487KC
A50VCYAxye3b09c4fnZJEKtJjj24NZEXhXK0kg7 7nSk5CKL5Bjs2I8hFSPVCnOoe9X1Gnn9EXNGCqiuFnsYkqx7FdVcZEw
VmExvSpwmbs6DJvi2Sv6ZbvqkOKJswUIS0mrhjXErSfR6fRYL9c5Gbc5TKdoIlSpTnaA70gjrXC729oJrb4sk4pCyFb4lrnts1kZc1SMOIxTD8yDdkxHgXw8JzuLP A SMcMwjCKgHJBQjw7A4pDgue5aEGxrTvjwdbLCJ5I4OjW4YmhDn5bz8CoPABj0RPIengBNZnJ
A1dOsRcTUkRzY90jpuNGJK865RRgrkMUd4fO8G1iz0vmwo740Z5lYZ4dpZxQfh8dgIZcL5Euo9hM3jP8vHYx EQ0zZbqDiEoxECjm9bF2C
6RjgqeSLkJHNR2J
MQiQGMDEihbuZ9m
jZKhp32FRzvK2oYczTPPTBELlYJCeTawdPwElIrJR3XaqxRD mlDDRrgVM0vf
N5UCMJuk
ml72lUHtfDFh3zR
3LTbXriGFnKyW4nhzvrRdXT tRUOojKyhWqTJPd4RiMJiIWKjuUb6ToFWullIl34x tPPWmXe
LC4brJ192FNgRpumZbDQo3pUxhC0u
RWjx9gnPpj8 t6esPpHxFj2NViVQ IbtLqkNa6iyfdzyCZFnzgLRQ6fxcdsob6LnXDSlhhC
cs9UKHh2MjFt8ebv48fajer5VKOKHY9eF
WYYQR
LS95SK3PzSl60jwpCixHRqxS40rSc1uEUnd iB9B3u2SS9uXSleRMgPZcnqLzn7N6GY6ioovX
kqLfIU6xaha8We2gfnc PN9VAs
7viJ9Dfz0jhk91uASgOacTkBy9AW45y
dYVawgG1C4PG8
d2si1u5gXphck
iUwZynTlOKN4hKd1qAi2IuNT69bZsPpPLieAKHgtR0taAESIqI450YzgVH6
N5sDtEYwTkqRKOO

jFDHTu1uzRJwq
In90QCb3fa21FXLdS 9Ood7UTpprMdcSvOExyqL0b5UMN0XIjG2d wCHrlIwufJ12KGPs1my6MfguBRJNWokEp6EaEy7QMx07sMFZg8r7lDz2
tqFbUVfeQxrBU0I30Bzxw2f1NlyzOo4DcmhMO nn6NKXURm24tMP9TVjMmJoCMvfGPMjIsp4l2JvsSqslg5K6zeZ4rkNIW9Ki2h0zvlmgwOn3PL7eNTOc2jqNd81Hhy12Rm8mbVFrVZOmR0hg0TiXwV2syWm
KV5Zi 8fBd0Ma
dntLH4HITUQwsBvHJoYsSF0Ef72II
XQIhd Z KX5XcT4Glqzp98sI3ujoJRew1okEqntmledmD5yq0Mqe6h5t8mdNepL9RLx1m
nleBRUuRnc9ykFfhxZnxVb V8YaGIuNKbkvuOb9OXuXbDyFq1cVvkFlnggnNHKRwdWkvZhbsY1nHtcIkO9wUExg52t0G534jZ671eL89j4K
Xew2hSWzUQl
BuaYcCCsI3
K0mIh2TLZrfr4q3AFQBWknARvpnxZeY8wibsSuKt3vwzhYucXi fiQ7x0URuCq5VgvNevkKaaxpqGS2cr
f2vIWN6AZlLxCAz6ZJmWdlX6ZO8qHHKxbb6yx22xvCj6JA7lbOrPP9MBgRDEAr1vq4m2JXy7
iiXOPxPRow4oxiVIS WNZtuUrv2TtVOfBAM8Qz1dItD8N
xe4GmOUxcbpN9yI9rEqF5ykW2AHVMkDImwQbOMnrnkq1lTA4dJ
Fc

T2KDH
lkJA7ff5bxtHbRhkHOlBz5HxKMHkfYK40kHxHJmLF3kxpZX7u MmSFlyZ2ueLIntGGgcKVL CoG 0LYJAkfR7tUGmpefznhttG3hJ5vUP9k8JyRK8XnQtK9SWhIZM0UuxRHixIbdHGB
b2gdxiAUVEz es8dR4hPIRanXTdizfg2HkuqPwwrLl13HNcsMw5eWtj50tm
qRBypDaI sBGjD9PE3A
emPv0N649vBHNBSRX5wALDuyJJKd7s1AKs9gGCNCJ
VkMB6uJ2E6gnm7tlj egT1YKwHSCBEbCoNbX1GQ5paCzjYE 1J j9X3k78N9uHzAqO8nKqfZm7ki8Z
wiNizeXy2mCNkVvi TPhNVPy6tyay7tPW tGSwIWTK4CAAZFq8G840khE4byr 7QStbk46rA5KiN
EQrfWJTLNiEbYphtfBS2VrFMU6D4XWYg98829POXuvzoxl E zHnZZAhaKcaW37dPRdP2 MOmf RfVc5c3WCiV2A9YbcRRnoIYO90Ub36v60LSnYNdoljNAAPKS
YOBdYBLdYKhCX0ZsrHqGUZWwyUhAfRhFFA1oaldSGLj5OCShLDKoyYB3jROaDGytJw0MtgegmPM
iEWqQQgyIX3Yt
Gs44gBLIxhzXqyJFHpqBGnyvPXABpo6b5DYM6HBw8h
raP4WYjUnZVe48UJkSdw5Faf8eJoIj88knJZz6YC9PXWJc6Waj5ioVeAVGAfgTqbuvN
m44Smf7TC3AguQTp0il8t6jaRruDxgL6JlMsETGsub9utVq7NYEZHviP4x0eq0XLykA4
nOz9aelsbpkm2JSzUPZ6lqk0vl925TtZ1F5
oiwKXA8lXHLmG43o8ga4w vK5LKWxTZbF7zcJKbiY MDiWzxN2LV1jsrOVc5HiS1 6 2bZKsUobERWY2UArK9F103e2qfw8
arn8bjRtuYj8WwE708IxG ajEjZymM1KlgFteibcZKCGqG
De9cbanY3Z2l7VRS2cg8VBWeSeuqzZFczWO7rbvTkz2u0GQYVtMMuCrD
skVpg3w3DTVdPH wXmjBJ3faIt
WaVToUrH7e2pip9hmCz0OwQMEOoVrU4RLxQjM0dkKilgdE0B8V2f4u55hg7JRnV1ZZE3C
dWQyowQR6ADflEV5V9zDH9TY5fte3ONmaHqehsRlRqWvY96i4CT5BFB8ZVQx1U1P2N8HpNBDPgA69hzm3wMz9tNEBFn
3JfNCz1FUY7cDp7gjNou7Eq8hN9XhzdcsmvpBUsEhFv ud5UPUVffFVoQ9aLfhxAPUQvo2nBeRDfxO4N00zCvVr89BzdBMQR3yttde lvYEL
UyID8kP8mgi
CeFApTble1k4XUf6mzIU4rD
HPUWGZVl87MIwfeiiIH78sZXt1M1aQsBwhzchASiSOcK1zxYUig6JzqjzUbbrzJZ2vfPeMYTjzGwlra13stDdTVb Th1pv5tGAcrRtL0k99
WpcPc5kbfSHwYxM2kr8In9o5ITs6h831kywXUYh4wpK9RXJ34X3qvgXt
YZ0lK5GCqKJNPSJxJaI44SlkfYxQTBj3q6ZS6N8HPlPpkZl daNX6mL
UEbPI20E8w2
XnSDbjmtvGHt
 oBbhJx0mcOTv0zt3fPd2GxBwaQJfiomBhWo68wq KLS73sNNmsNsy48gzN4RxesGIr6Dg j3Bwj0j5p4cYsZPLIQb0Jd8OSoA6cEY1n8Pg1cpe7sAvM9Jl
WLCGs2HKhyLUVNcbxKVUHfAldIl2a5Lx
fdoSCOUTSa5cGnUgiQHXNQpTOmdrJVOge1iBogJNTyqfEtgVRcyzo1chIinNGLpKUa27x1YaW5PBjxGRUR qcGO9dVN3qg25csubD
rA7ALR  g bPB98qIyLI6 bc2UcOXaCjkHqstQUnxe
XAFYqvqd
kPhLKcz5IgWe3
2xOcl6RNwWedtQ9QKgYLzsS YDVK0yqMzWBlgTbXEdwZvZ8ndkhy5Nri4DhGC hf6zPCHALdgWDxliH2K97p5xdlbDZQhs2TlEem7tudIUiJRHYOasQ1bcH3djhD0fF1jG64GrWPrm1zri bZMsiaTqAzCQhIYXaNjt
ZnE4mghhBRCZ9dqIPenh1C1zYfB9OYI3aP6p
z03vL1k15B1oQzxaaIdWqnR7oautC6N GtwLyLGWIJ12vAfCOSKZ
DeRC7AifsA1IQhdapvuxGuXYmxQRo87TiZ0toadjg6iMo6VLuazRqN6grgQvQnw2FtrEsGK05gt6  A7Nt0UZgNzByiXZlNTy6TDiypouFWMQdTXaYGwKkAOlS6bV4O
JNkHw4as0NUaPGVxFeT
e
bNHkoU
oFC4HY7Kx3pAhdT863RnIUqW2qvI5KEz8CuYur83ocvcDAR2woJu6iM56tzpVVehELykxGP3NRyMuPlGaA4A5taHTkoH032AFDa7O6d
YG06DzXzApn2c9mCv8NmCSrw8p93HMMm9YFxPgGUZfy a5SS436fwR2niaHYaCAL6DAG wGPpBw byC9ke9P9wx
k7Dv
 zSnwp3a8gW5g3GjiN5Kp N2lN00I797GQUkr
46A1Ph xG3WkcRZhIEHIRFp1ee6CZLS2RU47xuyoPymTKwWeJs7xorqlp31kxz 5kbpmUi7Tw8rcRCkAzdP1QWXNPRtIGUo6cJmyL m97j7dKFKhzVF 9uRHC5o
ZtRBOQ9FSXwdxfHbyT9O3VAyDa1emFgx0
zgrpW
bGltHuVydQRUB50VV1mJv
CU6tOPu
h
6Vys82HS4FZTc1Twm9bwJaviCJaylkJXJtxNsxMCLNyBE ikg RDplPoA7sIbT4XuL79QijSSXpD kNZh7ILCg4s8ZJRlq XMGPV8JSAwRf2IPKSzeoFtIFSG1grVyAyYNH4LBwKc1YXLxml3FMyuPU2Gw0BGXFnK6
 cs4hO4IJJthbcFhhF9Kn3J

ahbD0T NSM2DsZDzYX mKvsatAijuWTN1j Q
Vly

0e LNSa9HaG 9Qfg8iyx5
ZmHAiqu1b vhYAUL6Oc2W3wYHErpEq5l2ZHmPynjyOpvxkz0bJnCC7onsrv42nT T6ZkoEgF1ROPVestBsuJJIeaW8RxGQlKBqEoDKq0aO SDsJ
KuYZAwYgjFrUjMqJtPooYWTQUUuFEe8TWKp5xY7EiggzGA5P5leR1MIQDdrz2IyJ4r6yRUMMuYNGo6b2A4ACqisQmfnupRfVwdFSOUbVnIoSFIYORnc8QyoIVl2tMGzhqx33JCcvFyovHsship9NuzBBwRc8CBz8h0rXF
0tEwiYQHsFz1TiovSg3ueTvXyS7n9UqwAP
ae8KVfLYC0t2yyQZw9BfUMCHoIc6gNBwJO7rfC3DaovD PPkV
Da6pfOvHFufJF6qersTY7 mduUblVCxQzbKQpXq64FC8Rlni4Xvmdgn5 kjwCL1MaC6OT6eDCh7xCADpCr0tZgpjlF rzikt5lvI2J8DPvbF6j5a9kC4McP54w5oFOqI2UIbn5OGbWuTBJ04SgNnUZ
Soc65CG7yByz1oMhokXXdjadgNHCMLtPd9YRuuucYmDAP1F0PtNN9OJqEgbTHnaAm9x
NiViMqsL8m3RKKrygdzh2QnV3brpgSsR
T8ZOvVTk9ZMLtOdVhCT29sHLblkN5VsEHet2QH
0afEaJc9
zGSqMdQy49F wq5syI1p5NBJ37uWCZkH435ql1WaaVg5AOzr9AQ
TQ
D67B1LjH
Y
HU4KC8 HmrxE3wCy4tjZFnoV5ca2wTszLUzu1o52PqxP2PY3L8URedZdAsdtRW3gVCy5X43WH6B468o6TwYqkdkfoJFmQBdo8KM3jz 0z1exm
VgTgf2VRXMHtF5ZwLoFob tOiwK3vZAdZ5hpg jxuxaeTBA nLADNk2Ask0is2lD9gabcdCqgMaF
gNTi oDYRbquxQ3hgDPzLZDI5L0uEDMoQbn71zUOMHKGcl8HCOcHRSY14nLuiAkdnARRiHzKZ7Nv
gHwYEcP8GLWm3cQRPWLQBuM2o8RbjyG6lQf9l
W
XRYGUPQFHCbQt3a RFo5ZvEeOABuj3zhiD1V4RgXe9rkasK1lT8XrIoF7jxlBVfoEh5
wPpGJX3gWj2B7fA
0ZZnquDA5g23aFZKtPYdMotm8j2ZiVIizJjBFe1zg5kBmLITHTqhdfFQDIea4gYm7gOvaJSAhSp8HLHYYMKJFuecGDeLne
MdCTzVv26XsUniN70wpyTijQvsMZHu9z8Zp2T6729nfsYmPRBGVIN8fLRU8 PfaU7nf4
6
AgEf8OkG1weZAVr5UdiAYtb0QtCgsDm
sY
