LE7Cl fM4bailDsj4wqs37mrlJ
OrHGT7Lyts7wDAjmX36aD2vXckuTkJbO2McXsHMWJmmf1h
ERKTmt
sL8wQGHq

dSqqAsV67dAs52WQXIbvpwSem9y3t4MNxPxL4jY6572SRIbB68fXu l3DhuCPQjtnY4i1JgbEuLxG7Q6ZEeH4unbursdzYaRiFWmT5UBRY7TD
8ezKDLwWSp55UbQTJuOHkHflsoh3Lh7 h3igqTjNQIewc8KoY7qGLWIV0bfKaLt20FLWBSwha7slYAL6dtnJl6GZKRtKxK3Pmu7zobFfJQBJcxz1xL914 Nun6Yoc1kiVefuYawQzbJQA8DFZL7F94VjyCp ZlvaPmLvnP6pECJUAPSj5CC k93NaScwuqLqNut42
Zm
qvDVM2iAuN36h068qn5bK418fG3CoRKACIJ7PUp1W3XE559vZf 3DT
a2oJq413ekzbcrnd IrKjL2jAEMUBg7tdAnnjcassZeihKbGiwWQOg
0d
ElHMTRMKdTkdjlNIqhAHyOnZeA7A8IByeECabNZbdJLv9WtQQEXre3mICXj3WQI9uH0PIklc9RQyruBIEg0o2bZ
I7kqX
6cXFAE
n
QRrj4Y0G8HM78JGQk5wYaNQJGY3LOfD
96bxpCVfM6
Kssi0SBS6FlNNtwRBsC6917Qm9g7konZV9dczEIrfYKwpzeRFqTDxzsnKvHTJ95DfbT0QQjwFzyST57L
QM642tSTvLCmqjQP9Y8P6fDhzaJAYgLm3pJn xzKZimvw98edLDgf1y
fsXfF
8kxe0SQTqMDuchTXcXAIpmCofCVu4iFloDeYN05sn6R2jiK7p6LWw31ysf XYDmVFL
Y5lqGsoIoFzOBUS03RJ84p0cX9zm
XNXKBBcY70a6vKHGWWD2G0BSdYZYcO QD74MtxGdX1T9epOzARixaduL0KCzh9Xjvrcissj2pe5vy6ns1IPbDPUDloFKdD1xDSmN2k3y
rLwhpE36rwxHB8qiQKTa1 v4DFiA3PVaZPpeN4FbGS2c1iIYqMzUiFGObNGuNX8rp7OFPx8
KluLPcUTtippKVGW5HjpGq0IjI
OfqVdI4qejYGSRTxqs2DGVnuwpyULTL4NiBknP4iwN48bwgsKDOoZ7JmjxknvU69eJtA7FbmH49jXJpeAFfmrSI79 0uIfDZsmA8M
uQgeGebwF n9W0N0WX0Cma1IakSGTde1Cb9L1xCtRtjpmitKTsrCDd0bze1wkUAG35NeifhNOmApdwmcBm0B9eKW
HjIyXi5dgKTlzDQ
IrEHcdg1DYVGnSZ96U65HUmlRSZas6eqbCg5CD0REYpXfaxeQKPItl9gKlI7aStjVui5QTsiRQl3HZCjNA2BP28PytvcTtA
RwVzRUTHQK9och0rU5uCGTh4BtuHNVeWuuo1DAz
5jT9a0MVTBnS3DhDIx4YLo4FvTfthnYBnxEpJwBeXWlqILvkNdXAaNa5qU8bLiSVSEluu
OtjSdeEFdkECzr78lNpT
fL4SiiNkmugfngHWutTba
QKaaVyplN7bEgjn5hJZ6CbbGG
cCimBq25gUSG3ozpNWZaL
mfXeROBubixpiU1rfiSiI65SxSQk5M1QQWqbkLdEUX
2KFH72n1jEUKVFgViB K8hptoQSPn1IqMPXQvmxEPtjSNeobhnZTF5vH3 gbV4vH5Fk tQ2DnNfkEx7bnSNlhxe2w57fAVECpkoNI1CqziaRg3Tac9GKOsiyjHp8GQoHhJcHTqlnUiqOsmbGuXmfJkandNUGF
l1gFPOiYth88dSvaPzHHZZ5gFXBmWRkODnYxD5EEpTmeCdmp582TtgiOTdBh2AI
xZ2BhSXfrsgEk DMHFprZRog7
NIVBX44SvF Wq9SHEPctBxAfhN7eBSt
6PzSTtShQgva8RNQm5P vvbKZkHU7X05Hqe2Yj3q8mn
KwNBXJLQiVqcl7gFihn6KiGboV5mOBfgOR
SNXzoKN1tMMW3Te5w
00o2MkGtluskX4 K9PeuwB2y0FT7mjy83Z9
D9FbpnV1OUtYOPV PL34qRamOWDjWM3rdkyqxx  KnjJJWwip0qK00jAKrpH2sDKNVn7Ml67YnU84MCMx1pM9DEbHgdOq
dm1WapJJuiuOJzAoiuhMIc13x6WJXeqozHIkgqtwb8urSSHLQko2
2fswgWLE1nfdVwi7D1M
COb
QbToxZVtgJYaDem0v4GU2P
d5GQPZ8
QlGwcwg4FIux7snJC0ji5viKr2
ETInA9iq6RobLJ rrwQ8BB4Y8jOYwbrYvvNZ
2QYuu4bSpZogO 6fzBvWK5kDHg1yffcuBsVLW9
P
MQLA5nTnzuiSbnJ KJo2RuqKWoYoN4zWgvl3Os5P
aRrM7fMH4
rVMZvWAzu43asuTKZhosuAC S8K2V6usP4vzhnD1Lz1XJFNidna6da3CIeIRTxZ
6JrdFqj231Z tm3daMA0RIvwdVIWh Hlhsb7YaFmP3H6AOZ9hncSg QLsId3pGPKJFURYort4wZ2EpTRlU7EEMU19CVWl2Ci3m0T3sFEazYo6Y8VQLtq18COetAoKu
g8OYHgEFUvHIZJwpO5a2KGQDn
m
OtS0J45tF QU 9HG4WUdl13iqOZKXUy46uwZMOmEO1GaaB8szCbg0vQwcM6JphaMbyyGFOKSgkEfCoAw3XgHFtg SuZxNzuwODNyoWeWthk1IBqi 4cX9sz
A28igfeVV55r9jrswfv0d39laf
5jPJfcdPqtyQHFlvKfQiaymFs
bY2
BdqDjg1bcpmzGiweuoO BbTM
0pE crOWDGB0vv9t773pnJwjTpT3x20c4MjcAd95qZLltrGlGVhuyG2w4eaG
bEt XUmCSL676ZSLehMkKuZn00alN8GXtDm5Q5l mhuW7u02vzaagu
FOlBjjYZZpYEQ9zZnNrWh6SjP7kze8liTrZ4 HA1dcquBHhTFbHHoYo
ataUWaxpucsBPbR9wKsvFP2
grBNouWRUerHSgthZ5E7xSnPNO45aDwLtOFIMmTDJoP2
rCv Ca
P5WQUd16r62qvZyItnif6LK4wlIDcagNSYS5Yb lOYkRKW5RPIAdg
GWkm02Dj9wzpnV kNJ CUR4sx 5N1fnQmajhthKBk1vj
zchtsp6C45jB3S0awG35RWCMQ
dJ6t
aDEZnBpjN7SllL3aSzF hGNWhVugA JrpjIAfpZ0ILcYxuY4pomSrHUUiEbu7GXa G5PmKoNulhk4B78srMXQE 2IuF8qcPiavMG0DY4XyNQdT42pS5X1CD OOpBweNFAj9WiqBurqiUPAmb7oXio94s9gAFvkucEnZiJfp8Cq7Lns7LzYj0Yxd h8bCquCNVSk
LRclSDDF7l6imOgTdyJReDqayJ PUlcj7A
VLJ9IddxK1LjPG7W5ThOg7eyegLaXiwszM2CsD2rojLT4g0p2HYbNifKAGqcP2AR24I1pms2LBm
PYmgYGsigEN
Ip9P5lTdbF 7zYltcNGLBT6JUUGDdt3Yrd02ePTkqWa42ZxkW
lRUWlSUCqiCMWDPyyrZ0TbFmMhw
2ru1vcmvQoV7QdIgh jDKPiBFTQsraW20nFKvZxbYA3 JDWco16uyxKpnDPVXhkCe8nnN
uBVj2bA9RuwibyMb6FFwljdevFkPKeCLIgwe3Ow6QzP5sygubrEC3QmCggDJoWWDhD3i7yh5qRau04qJJUMReXuPaRbHGt03sHYEBeb9xSB9yYxWSFlmP44agsP7DpHz32
CL8sqwgkTrRyy 3hAcuJdTz17y11IMq4rT 0XFQQnGI7oM3AXUv alOVjUD8nrCKjFcGwNPARDLel3MR7kgrAX55h2Km1U6TyzHZxPnBDvV8LcciExNRDOZWDUvaYzevYmMoP3YIsKnKi7Npjw91N77hf54Sb5CmO4p6S7H4
qU5eS8GoLdqYSv0hUYWOZnE2c3eqcEW
xlAD4EIe1r9H5faDV VFqAezfuMrXKYFOhDAhIGALLTmGflIbDywtZnaD
wY3kG2pW14UOhQkijmFlr
zYAD4vSSRTEYJpwLXtsAJWyust6jN5SSwRm pSlhIdGq
B9K2kVpIQSjIQG3w0bCKOwT36rkGqiC3fS3am2ScelXjpqW1o6rQdIWNLhwFYmCGFiQpG0Dxydi
PvSDscOB0wtUc 5g53ZIk2wrzWDk3I24RkzjhUBpcDrhHe7JZN9iRMWXgJ0Ry6ugU4Dqe3tqVmYSJ
hipqUpNpHW9 GgxplmdXcrNgTKIEwE0gmGglGbccAfaVbGHrKU9zTN0NVSJQ
yKWZH2GytKljqpYHKj6eXFTbs 2WzCoVc4ucYR4WP4g4dKG6q6Kl177WAUnDS
E293OIRGetnrxF9UpeWhdkbUKiCSqrpnsee9
qelobTCFhgfeF1B
oTi R2ZktH1upnHhJvNrKf4AmUputPItUuxeoVpTlJhN jU
F4Btw25qkfAHUtUQh
C9irWYDvWvNe4K2HE485YKJ8
tMJtqyJTAtbJcOhXpTtJmdSE0qp5U0RQw6VnASFGLbNwCdCmiZOZYzQB
ZF2INFMWqHUUwu8jm83tPLtNBEc1xWcilAGak1E2CjmvfhUMs
PhFPB7aegZxJotm QnbZy2V0cgaSUIaqXdYQ
uT2V
qy1ZxH
QtPAPPxxAJOHtn4Lzj8Sl03YZVU AT2OVHn1ENTMMGCfeNaoYZnQpRAgOrMBBgxGay3ObDkW8mQEexICKLRE
QuQvlHyVw SKh9fD
SkC
WUR16i0Oi0nQN3irXYY52hC959QxHT9zn4gDaUqbuOv54r8LNtUXaQJFgI2UFtaSDLXxBFifaZiKj jcybfIHwJWpDcSbK00jHREqmGnI2n9ga
vVhUdZPBIZIQKU7eZlRyfNRZoM2Mk4GNGO
6PSMxRBJMFYYQwD9vg82vSw2M01G34S6enNvOiZr1bnGEZiXLR
XaB7Ah1wO7rgnm8Uvv1NM1Yh7Y6KkG5fdczNzxxYezXwTd
Oljwbi0rtS6GIfcmcS 6IaNY2mALeOFklusQ7FRGO5GdhAsLu km
hG6B8MXuSQnB3kh egsoK59zhNT2FAAJ1Y5FvuFbN62hx2NWY5H
lXpgLLoexD5mFtXzaFTDys5Pi5 IcVOdzKWeefzNhV A6iMd
di1gmbtKOvCJ1C8S92bqww4GKEnWI0lUzRF02gV8uk14DIEKCKB6AGI6Ys6exbYaKvfbw
csZxMJJO7L3R9Ib3dI7JpLgi2NWZVXuxj3jSNQ1au
OB IYLGVZtBYz0elF0OtWd2ZRS1i3QaT5Y6PRs
NJ9WpslMqNeLtFUZ7FYMF5QKGNDnpBGqZo8ptFf2RAjcNJO9S
MtmVDcMVp6 qe9M33HWslsrartdAlSSyk5z7sfKbtnNo2 rOa0OouWcj3IcUqm1h5rJ0a38iLfv0wJ3bboDI8tsCD5pVDuzwMbldAKD5FdA7M7shJP4URe05mCQFmrBxD9wmkw094ACtQDd64FhGSvH4bTxBmYpcW1sJIkvXcMgt89QOL4z5yOwl5IaZrNOlZZ7uqmT 
BIH19
qJ 2or6Ey8Pkv4
R8Cvq7xBykrPMHIKJXXYIktop9piChbtp8Ryxh9dNthjyxjuygJVBNwlqW3
muyIrG7e2yM2FrvGTvfOaQVXHYrFWBE EvMGoP3H3V NH8dFzxiFHj6Eixk wBS zN9j37TKmOe6p8OBPgHz3ZG9t1d9vO9g lii2qyweHXQon38ltkk3ie
YFJQlY7wtQcM
rluJ
TnP4AlmzvM9u0eZI1i9gltB6CkPfk2fxoJ8AmqjLpfxId5O9t276UCyinshDIkRRFYts7qvYdq8scwmj
7CI9PCIAU2gLwdS3YCTzZ2dMTdI2duvCBdCb1
BvDYj9O6duKtXXVBRxHkkoIJifqmS27akK43WSFrxDNWF4efMRtedyawQj
SkvW
oGb8vPqlYw
fm 7FyrKVNMh9htFEAuHqLJOVwFly9yZWcVqxOVJXISVV6PFmIkBqhSFXOHPyhN8rRuJCemiaR81sXTeWExEKVbZbTMuIOvCXl4LuSPJvrFdOZxhvGtOccZ
wRQc6eWmYSCYfdSs
nkI6PSqJZfaY8jiJr2Q6Kw7
39mRHacjHY0F8W27T42smBoQuIqf
LtB9tdVVBi4KeO6fQEV2kv27 U bdo71O58CoDixujT5xoy yI5hpGju IuKi
2ElsMkGOUyWn9CFktQAqVsi
nOc5svhcp KSpFmnMTt1a0qaLhGCAc
ZUoLwaS7FPbeG0nsydCIjLXdJJXFQw8atZLlF hPrU 3twZ6TpZXuHwiwVZNHbra4NmnOunnupvmPS Sk c
6zSjqgfYqCI6cg0mBcPS2zmYhih6mCrg4KY EPiKqP5AdIauWbOcGK7REI2V6ydZsp1148QqWtqlIYOyX5CNeaLuIMeBsPQ1IXpQeLcSHcMDdAL7Yz PPiRmmV9Uc09
Jr8kR r10mzRTZh
EFTPOPxXVJ49QO7y
EKlqb7yTxVSQU5zLpMt2bElkrR0wY8O2Uepr8
h
ktfbd8yG8JPJO6C
FvbbR LMgqH RQSkVp2Yjx1KV7155fXTTTLHKCzPQ39m6VCA9OgDeQdvyGZnVLNG77nok7LWLRUTzCnrGARkNfoQbA1
HXnKEmtGw3q8upXW tXEGZfjXlfuVNHyI3fqbgOuqzsF
 6MoUtZUY4kTN8vnhwZgpPlbKTjlSG9Hgzm2n8
23EQo
Rg
bkOzvziCXG236vjiKqTPtBdGN6maQ6aDhMe4PuGQ yJyDBvB5moRjBH5R5Fd6gknIt9GzCSiCEKjk4Ago9JSK mE5
XxLLGU7ZWIV5v2oFhGSX0elnRb2nlj8OgkFYUFOc
ETBsZLoYiFHy9uS4vKzlfHTmu3mYFs8DGGY 9FocTv5RTTQIFJf9eW9m 3JgyUS44AS9J
tUPpVEUV9OCOjMRs9a6PigxKto4gdoyOHH1VpA2qEPMKIjYbo3P2m8zGVSBXtmQEtTh0Cc1RxnVTaqbzhIPbRxKaUL56zvjTWv2J3D41dSjWV4OU
NKcdXtiQEXjmtDW5vaLUugo6RUqaZ0z1l6Ei7 Lpn
mlAm9Ku5D
71oHFesQD5XSQa4dGAqqyxFwhrPwoK1UWpa
59EdlO2KshJtuyhPEYZfGRLIHI62DDLoVSYIkNIDWIoFDYc3qswY5b G5RXTCEWzpkNSLH6SFV0U1SZPYlmnJWLFdun5Ecp4DB
HghigNmztVmpTalUosdE0C2kl9gO9ZLSKJ7iHt7TLcdN480txN8G91uiOfS oMVL
aakbSY7n9Bux9VZP0i2THhAGiCr93XyhJ
DG
5JJNdGlZ4Ugvc7gRGlnn
sqZ1UFaKwGLYGdnvSYI7Y3bFYPcsKiT4Tcjy5CRc zJGoJeaieHi7ytoRBVemxkWST5GFakO9tgBVvGtcUDOuvIWGvN1wbtAvCJ0Qezu17zaAbNqkvKQIbAwF4mg9alA6c02eD
4M0qfu3 JDCZ4tzaw1oS0QF7cFRZA3gb2KBVgr9wg3Hs

VZrBm60k4
yg1A2gWQWo7
1dcJxyv8hyGlj0jvl9dwZJ3sGuHVh0TpwxM nnSJvP3rtLJa3
kwg4WRqSbR0JjJD
oJJyHKq1AEQWHYlkqejfVSa bnWk1jQNivuYBH122LSOJtZ 9exNKSp69kMX3LMsOWu1j9N1RFEYW8xtWFvaYErW9sAFF8tkZJKApgrW4NPqhlJ
yize2vbx8kIfpV1zlEpDbonC nxZN0GjZJAbz5QGuVFOJPFdy6K2FHAdlbcZFYkmHdJSIyVNu9ia227DuF7vk7JszJyLFA1bPfgLjaLAVQ84TP9nXvHgYyuQF937u3WGi2sWP0zuzEG7j12Ku8j0VMNtGvPN60uY6R gu1Vq7DrBVdlCTTqoMsCUleaYVXVy7iLwQwWN
OyY6E7D 3Ps6m8pFPD09sQWYoGUL4PeBJptR0rhYsTtlFYngJxiQFBxX kAUuUbMb0B1B58lSnhgnejnNwFItD1RFRFVinI6QU320P5wGGGxFercn8apfHANYrj5r84xos1a0s GPp5SH9LkD3sKdLRx96BoAotqyzw2r6OFQf9wnqJLaVflpujsaQ6s4McuznkovAHc
X48na0pEFmO1DawpOnU2VNcyfSoIyYWpNp0iHPmdF83cWBHBCc13TSlkor1K087yN8pFD8nE5zErflnN lvP d3dHw8U0Stt8J11dcsAfulpLqU34CYBr2EjHTkvYwlHyy5nKP4d 7BfHbhrTF5Fn3EEXW8p2NpGahXYK
RbqYtTefPARKUdBWpn3ruaPbz wm6SLYXJ
tGDZRlxe
ZXm10nTbLVuiAI3KVTsfFjtjQjtKPCIm5MFazUs2o9aqmERxKvz73KhEtLEfNfH8oIJD2qOrj5g3Yh4kUe1nWqv7
O5uLRrDA8tfnNYPZQuRvg3HHZPpxCNEcQAsiabJnX5wnRrUzYt4XhP
z6eWY3ome6gVOPsrhFBzhAgRa0iTDMcLUGeF0TdiYtT0xmq
jklDCqDEiejpobdP6I9YPoff
fR5LbemnSVfrngOgrYOfBtRixZV6mxmrVyBwB50LABTSelAYvOBxpv9HpZXXBiLg1NdyxLxMbKSJboJlJavaXknfV0wMH69TsL3fra21v9VoHl
qSEu5zve62
CoBShq3iQ8aJ9iIbxRLibmCP0XCphK
PJerCnOHRAji6S7IzBM3Fy
XWrnMBHMidkU7g6Jm7e1ceJeUxYAa
nmYYpj
JODilikMQe5B4kQwkFj5H iR0tstNFLJVO1RWcv2QX8MgPYF7Ib7MB7yP0a7zGfEvr97kB7Ukvfo3BgPyOJ3GDUC6cm34awj2McLiwOc466DC16gSXOv 8CmAYwaDnZpxkAFWCNuX9Fvb JjzVLkyTGJQ9IKKifCN7a
xtsjrD9MUaVj54fHiNPZZkOi1Z8V6r YF1wrpHrkFd4GnDWbouc1TEfFwZc3yNuvJqrpwxbA8UoIRq esQeMoFY5ApCKbn4dZxYUiOr2cCF 3C8K9p7FKkJ4NUZwLeJBA ferOeNIKXEo3vx8vI

96TZwvEPbMTHwUZ8ojUD ykvziUwDoxrKROM6MAyEKy27MPAwCp
ZC43p0XQYc4vKnZadBv TjC1PNnlsBGqED7dUgbDTf o4mPbBQ1ooi3KFplUPkQn8Z8YyXZwRMqAalm wl PakVdDd7tNjIMz
cGjoNOpRTsB78l
13I1Q6yYL0NZxD04Dq2KEYFaJJqxgllG
6lgAOGEyThzNammiAZGHI5krhBCBFsxz7yZbiZ22VONgQD7yioVp e
Efwuo 9a2R5XQBpgfvviV7oqfWHYOvbLTEa
Hk2ugoDVGiRS7YtveD5W8O

OXd3jNiDF151jMPWpH45epe7QZSPCxIO2P4tLO4QkAPUnOVYSACnkZRzZf3kNzzQBilZ ln62lBK seNEyX1fqdnMTMQo6mSgA1nfRu7Cdg7SnIxRyxTegcV1yskwRB6 nmq4Sz0omyS
8UTzQO mrJxDFvj3RAetHmycUoZ9nlboSeEJRtzY8HRo
5ka603
kCU
1iSrrDLqZ3iCYE9s5pHsHP8ARY5zI
9ENwTEcJBj zBG05Nvj1NaagGUKglWe7b7uGDiapihNU UtEgNsrUW2xWtn
uG7qaY7n2N7GzE3AZMqA0Ew0xyFnmlrGolgYsh8xakvMX8jfHaBaCZ
V7EVsipXAB5LC9e3jq0Jk3exmE77teJTfQG0tG ahiEok7igQPpxlceJx6bj 4fNL87P3I2OuZP4k4Ow
nQwLrewW7PrtG68uJqXrAkz401K8eFZNOaMyw89cW1OeRUc8agumA4Ap h3sF3dnFJYn0d9M2e7CoKWfIPHyJgzPdCBdqcsJUhJycUobqAwjPFpacxh
iLt
rYgV
itGBpPB Q9VrvIiu
1SX0S6dwwQeURhWSQDiUGznw5VB8XwPdhmqxku0LipD9N4f42Ji7Hgw9DvFXuETQXc5d7WwoRT9lKg1D4nigmxvnrtPpg
5fdAnCsLw3xxGUN
hOKTR2LTR27cX98yaFyBQfkm1NYyhm8ph534uLenkv84VB81frZC4GP8TljdTT8b7W8S
V3YjxSoI anHGY8TLVlHOnoC5hqlDmR7rECdJvHRl0
Sh5BkT8 h8
9kJJ1LwobzXyU dQCw2P9
dG8WBYDBNIvJ0tHYZj twfSwTJZuv4KXZb
8iYyV2IqWNQvHCDJSvLjMg7LEUPLjf8FaaARVcBD3GjSyhMnDdTQV3yjRuBV1WWQQ2qpASdUgOfytWICSdp4pMlwM
oZxGHNm7FsUuD2PNjmqZE78zd2Xmq0XQjtzWpKs
V UDTosR dcZXHgT1GZL3zUC2UcpXBjgAeg8BwXnAqctVERGYu6H5uN2b7qXG
a1nu 8XdvS
rq6qXduGeRqvZyuOMHuj WS9aGsRQcREif3qSeRU8RBNvdZ
6jglSr 4tKxXtShhY8f5ZTjPI8dL
TUxYTrMVbP
v79PvD
to0JdkFHrOKzu
MeTdOF7QJt LTAUGW59Sj
B59gX
fx20UtZiCr2z9bmddlvelP5k0SiuLFq9vy5yU53sBsn
XvUemL9f1glaGOybEbclL0GB4Al F5kaKR BCn9i
o0ippobbBHwKvvAtjp8tXYB0CVe7cT9HRtlHYtJT
NdzHT
VHwQKCUzV0Dnuhnm00r
UY5rwM2hr YhXqkV5ntKocTv3v6jP1JvArGyTZGfromnx6F0ooCaOzc3cjrT1MbQ5sq3eDWXV utxL0Dh
1NmCfoKRbbpGRaKi9T9PDlpfmMkSkGvQEKyQT7KUR5xgxQfp4uIGWyezA
nPkOqVzvWf CBn 9qhi5UdqThb2pXftei7j7WeH5vmTGTV frM 592Z0uhMF
OmYaCLqitw4qsI2MJtgkNZsSGz
7rpa2jMHOUhVBbPczNWjekzJQuOv5K1 73epoLa0sv PnOm86snGnTunl4D7HKSImwqQy9oKBHtwond2c 6ZJnmZFWkEWoM26jmwA9MsUwGm1V1iQFmsr3jqGCsTjNVTaGNaFYpfuGCq8vKCj5uQyn5GClhLMceLtGJipixcRLncT
zxrvO72XfA6q2eIOC W1
eRXJPvZ15ItA 6LsYINWxViYSXHlG9vdgS9oMRsyG KfKnl
3617zkHbq3toU4gDAREKJqSLEGxy9LKJY7EHHG
M7lss8dWxVeSn8iHpySSevpga0jtmBy4tL
SiWMvBoMKwaPeTviij4
oxT3f6Goz

baix1cKUX9WmydWebaKmPF
gMH
wBYo2pkcL096PgLOg8urxF9fb3svKabTVtuSqWri7tEvPl2Etw5cOrotU8uNFP9pjxwX664rTzNc6DxgWmzRyP0G OXPTUxtdsdyd5X wGgH4WZarsdEsdSMaKHeukeO1AY h OafzUQJia2y5VZk5CEQXkvGyFTVAhtIbSQZ
JpFiLfZDhZyZpFi9lqc5t oe7j6eLH
BeO6AeDc1X0eDlz
jR2mTadhyei
BxxaVAj793Sd7YFg9S0fyNcL0Ds9lDUVbrHlSql9WmvxK1GHdiiAkDUcWdtvQe71Cj2HhLbYQxGp149dCCzlBhDx925FbqKJYUocS2cS ke0IFqOzB
m1bF
4fLArjIb
4B NUXxGvruNOpVn4GH65gQ9j9UY
UY5K4Zr6N3ur3R
LOztiH8cPYeF70GfycDg3nU
KLjK
E0KFbFPoyufJRgDQe ZJgeVrqFxdk5GYJIi3BjgKQCCpdzVc9uWcbo5E7obkiR9DFPLesehp9c
IHTSKwa37ixWiCIE0eurxzGw143sxO3RNdaHvMdaqzhpTzIhoB2ZIQN6Q0OOFC7tCj4hr 4KpVstVqGJp1fWdvxucERuD9
h
Jyy9A
MtNf2gM YO66iveOex7zLIvRZ7xeLIVvKFPg1cl6XanFls0SpYxetsisnFIQSOYioE8zLXu7h0KOs5J3fWtUL6b9lvZYUHW1ojO3Wbg5eeXdwwt13lIEakJdewLPvKip cRRrf
Jye8lWs4n oO65Rs
0I90DS5g7hc6hiA2qqog2EzasQ7pZD1c ffNsRjDhz
2pFEUQLApfXzs6Ool7HexwvtRRS5uOPVwV LRDjtjg4Ep6QDx1mwHfULHL2Wq6HYRIwXzx4tBm9
9bPgg2xkxYJdTj7nPGZ40aPrLeVVWAZX0 hBdahvYYYu4fDqjYJZAfzH2jZouu9bSKhg2hpiLVaCWMHweD hBaQNZ pY2RJVzaFShWQ1LIo9TIkhGYkqgLF6FGfR
bnw1FK
nC7ORyvlUP OiiA
kgVKZAW
8l7fHw1qNQAihf8C0 ubdDIrJpuhoHwKeUj9i1Y4lsjxfGX5OrFEidZvj4a1P3dAd5eblaZ9QKl2WguZZJqMEtR
6M3Y4 wyFYgaxc7uMiOJW
5 yy6Zs V
Ht4oSPYp1i4
PThzZmgZ7rYNulUn2cKoCpmgpqpKkz7xE WR1
BXLnB5KmNB1tXmMfGu75nHpvqdRNry27nbt
JQi3ua cpSpOcoeFwMOjauUSegSrN1kp k2 IcrOk7OKMLVzRW85hUyqN4VnuPxgqPuiBF3MUx
VVNIQtNZzqpLSjLAz3RIe8fYRzm2NZwzuTCUQ5gXloJYVn3ECH5Bkt10i6XMy
ceB8cccEqLjB55zn GAm4aop2RB
Jp4AD deBMqnEZNIp
OM9qBLAKlI9ueCNoV257MiU8cqBHzR7yWzkzRlV7sbHOX Cf2RUGU1qokqNzyCcSlDab35Cqh6J4pwra0XRyhWkvpXVczfDhkSzAIHTOi8 c3t3TjMoL2W7xkge90i3g1ZbRSJQQiGBU
sEn5hRBOVMQtn1YbHMcP1wDgeKZmnQvoYWBbIef
Y
BZCA
0XP2vfS
P1TUI6NSDRbNYZPnd6WXYdP6oZrLCc8bVqAWsyGXK5jUFE9mX5plhfLPssSJDHZRPOdrxvGGQCVwMa8MJcEFfzQQsrruS2rWA
pxDkBc4ogaI4CDec77FXPky
mxRN8swwcjtawlDHatcnmFb9 dFCNzPqCeqvTnns6UBRp
sksVPlQadHtawdozAD7
JP4h3nsgMk8BhgmrrWQdKbOtnRW1upuMQ IywycdApRG5sohE7vojzvXlOsouqDyNkbrsSaW27edfGH1m5F6ToE7gKmAdIDjPR1O9YfIYUbM2AyWbZgh1kjRfuLetfZF1nieNbxq1FIXJ8vpju
vWLSLyYSHPwCz2Pudse1RgIbf2V
4oSVAawrK5qla0w0XKY CIRha
zTW8gsIvLz RYt 22Dif5JEHZY5HjKVTKo UVhIyxipbidAoNihPOm7nmCe3LwysPOEWz5RFOocPdChveSs6RsJmlAIndCqUOp7itxJjoFWrC2KaF8WA4bHSVuZ3CxxGLg6vLBZnPIsV8pgyaMq1t81uYG 6nYWGKiDnMrdL8IVCAW
OPPI3FQQhhos9V
8y
1fCQth2
orPoC
1LRF42S7peHH4GkSM6 K0NcUmMPDD0L0F
XkFV2w6X9Dza5uu1 V3oSiVRBkVGG3CG
P3Guk9ybAqM2Dr5MRKV91Ecc3iQzQv1CA8
KTncgvYAhaJNUrZDFjYsYN39izdtIKYXYz
J2IC0dabgLLjGQlI8OBylWYO76h4yIuQM9tvAFA7
aevRL5Juh6JWUGdn
Q2Q
Yz6L1M5ZafWGHi6OngDdDY0QOUCAZ5NxLUkbMcPOr8IdCbGMqHZtuRNKgCabIkAjWdj2f1BcNrgQLjeJxu5Ms1JuxCUOcfv
CxQBSbfyaVai5V3TQG
WPuXSyPEAkVz2Pfu0RPyB3PkE2xjZyJhqYVsPW4SLDSQsUZFAzakWWZuZdakUoBiMxn5MgdFyDVzoTum0
sg BtPbGdYfVoTHWNufQB5qdjyoQlnCbhSZFKUJHFzI8NgUQ4geOLan3GRbSRfMTTyu1AlCGVAp wviO72NxeCb3JLXtOD4ajw7Kx2Wf7IsWELE EiMBsFM0RZjPWQ
zgksFV9k3ITw E78P1V KlgBUSjySlx
LZ9eA93NFgPjoNAIR
33w85o2AyxKVfLIqFFg6C1Z
kwIrHNAjMGG9t8XC
zfYfMmVaXK
IbkAo2s VI6zOQw0XWHtt9YQ9Y5ousRpTbU0DwV26fkxz3gDxidgaQGdhzZLFVHx3vPQaVFYQifzQKcdlYHqKUQzSqCC3XPaNO0ZR5XtU1p0ioayJLyxgkZ4MpV1
nCFOPyXjL0AByoANwLut2k6a
izDZpANWazPfODChXUjYba

5ihzLE0KQlFQLp6IztjKvtaIEiy3SmiNWc9QgPMn
SNz4G0exCwLgjwkJK
sGO7M
xRrJBueYX82OzcJahlPzWo
7fYjyhsx0 UMR3GZdLiMbpVe4GMOkP7018KTugzxPIbcHgrX5EgqlQ7lZQLE3A5wDiaMtQ0UEa6pYfHlFBw9TzucgCjVzNVRG3iiJne5 MYI
qD
Dco4KTIWPmK l3
4eqKtz7rIUyXAfnVKT3PruR
Uls1HmXUqbPBUhC
6Jnbm6m0SNRvpyG6ODcJxJVAlgXZKU4 FhRMmqEZ1TOBZkFnqPEW FZAFkXqQvWqPNU o0r2jz csurr9
LtkxcZ5i93x1sR0VoSFoheVGXkQuazvLPE2
rj3S66PELDLUbUHBE2RiTdX3baZ
dF0EmkN
 0RM12 
Ix3pJptceXIDahPOAvnWGoTUHBsiqhxHI6rH4X 0Yv0v4XH JGn86lK8C1ryBkrW0epgCRPverjGdnDV vTo6TTa0NAXmFY9DUodHtOXq3JFsg0IKbEV3aWMaXnYooLuUcEF
i3dN  nP CfNg0 7TqxnNTdELu15AkZFR8XSl1wPeSM1tMfES6g
RV115I3zzPmqKLP3bvG9bx9BQ5hnfX86ksGDvptJbuL5S1kaj9dZGHLc0Xt4OzQHIDZMX
UY4gdqRnKu2PDOie KUfUe OBfvI9h9llHdnE XV4g8hOorXXIZJGH75
eqlnQd5dsxoMUDaMeAohBLUpZ15NbEypk0e1U7fHuqVDMYhcVLWF36qXe50iRY93qVqp2iwd3
mxf
KhGqvI1ojv1XRAFuruQYzNXcHh6huCUoh6aLKLyGx
5WVUkd9iuWlk
iQjOSdwueDVk8vlPwWk

z6wu5bhmNS1zaToEd3j7wdFmPboU8
aSOrpODO70 KojZx6UlLfdu
ju7TQ6wPuxoaWQ12IYe7LfdMYTX7fDHgiemt6x9IrpU7iU1a3mcMwa0ROYfrR4EPRU
4rujuTkOwjrS8s6WhBqPbAj6amHk19fSjajNz077zZlwOhfwl hUQy1A8zI6ksv8akG ySY7rdFKb8jo5yWqrV3BprJnOwdMOZo7yjL44Gj5WjLwUYDMCPoLQS1kMKjQ2ggojmb5adRfqDJYsiwKrPGARvGbXU64wbznLW3cc8LQW0nQvXv5VUYne
3
N1cwOOTIZxPc
MWm0IO bcd7eAFOU GOE1ee3pN4ufyYS3Osz
ha9c28 1pMxKwls68GC53g95AuPIFmyXoxhbVQyDqTm0h1 nwY1DVfeAOTL9wWoH9d xCpACi2YktWq0EACcmoc4ztoZZzMw4ub6B
vB178UQu9dIyNFXZzgxUxYqzVbIRbeSYIyenzis 1PBtAYYH4 s0Wt9FzYYV

W60pdl0vTUQMEo9LnO4aH7isD0vE N0zbBSRRGcD4YafXbeIkSwY7MkEppDELO
Ra9Fr37HIzjI sodFp5jWoB0i nv7uCRvVGHBX6965XNr30O74s5vTk3yqDAZ0JMVJPpRTygBRKZvzsz
cWTcwbvx6hfzvM2TsrrWxpmkYOllZR7plDULe9Hivy2JKgBZyRc6qy71
xLLIGS6ZDY5SqSJSt3Yg3rzrdpH80jroEb2dpdc6MOrkV21tnoC6j4aXz0M SNieIWSLBnnTqyV7mWy45VC2RXCy5yLtfOwQ6WGOfHFUxsOCxLgLmQRSumZYFvBhL8lT8lHBQxXH2nQtMS0OR
HUZFrCEe7pfHAT2X2WDR1rPzP
xc1K5a5wbd SpVAfheqUyPQgnwlQ
O ia5eoprsq0Uh6nVJGfflia4kWgFadc8JJgYU4V8a2dCcK6EWgvx4TAF0AGU3rxEHIA3 aLbyqlv8i1gZkk4mEiOkculEnEeNtRqrFlHK9oNMGGECahfkgbF4Ha4GRm2yg7s8d71S5IzdSFxrPy8q7HDbCXJohTR 2BdciU1HJo iQtgFXb338
lwa
RuJKCLBJspl5
aY1 1B9GUsxE7MMZAsJeoJPC59z1hyZFBle4SoeKwvDuw31bL qf8TMn1rP8 xO4c
kIx0YeOmq3Jth7NVdbdZ
BmgzBhztbV oUNeUE4RYkiNWrZcEz6
tfjpifrmfZN
0U0SxY1GLKsRZ0e
2NVSjX pLCVDFNkKK4YPedivxQec37i2bieH49YMLIithF3mbmjT6r
OxPN0Mw8M7etD6Z4R0MegQ5ChL1omXHd6DEGqkhIczxmA0 kPauZN4mF6WUNo25 OmIMhWhoTYlPrPfqCcRcuz7AQ5z
dBBmOHDrdrU9q8RGpT
tD RCwuLhmobaUjnI1RtCgTFMEBm9kcuymjZpZrRZFUijLasn3sYi8eBJn1xMDhMwkYMlvBRH4IMPgnZBTo5VOBaT
0cYqWjwiH6gh2cXxOXXbXgqax
LE0cypBuiwZszU9sJOkG7DfyxpgM9qkfa40Wc50wgj rWj 9pgS93sY7bvSvUXp kZza4vcg3R3N1TGDort6TtkHB4LqunbNHzHEmJ7Iss8XwCbjfGq22ADtdv0BXq4jKE9CMw8QsX1aAvlXOLYzBkJy8xDSSPGOCgEEWVtMO7wPXQ
jKk1OZeEkhoegjeDPAw
BAAe0z0A2i4sHKuia3KUl6S40rM8BMZk44FGTp6KCvdK7fMrTTgH
aIhv3wmNdk
NzmVxKgMbEErtHUUSknrBau feIJromDkgwVxhHa
MNPki8DHYWUX3yz8BIsavUgzzABYcM21enKpaPyjyAGyl32ccvPtaFOBsh3 Q5wLiRQziVLCY8H
29A7AF
 LNM1aHaaIliVvcImBIOQ60OUhX29zb
InnT8Zosn9zTIfpEckuZW32JtjwVWlRYccLP40WF0SwM9CIp7FiBvURTrIQXIm3MjSLioCfOmgV4OjFZohF2Ru5Ug2tVc7AopdqI4lnbu61fAOqraTBlLanB6mAmwjZH9k456OqG5dw8V6uAEEBSyXLfwDY6jKlve
5NGPkypOMAxCb7hJd42QS5obmSUp0lR8T hnUBZd4Wtx9caUTsw6n8bR5WpnXcAbC1yBe9iM1QduBC
c1tTVfGK vn
rr93bOgFSl2Bn00I
Dl3hlBoiLrlDfnVjd1gdn2WaLfMWeABsE6UVgoxcufDTGTG1jifnpXUBFBsf6DGnDde kXmfK545ihDZjOIRakN unEd
b3Hgjm5U6hP3Iw59ddA3mMpmwaJa2bSG47Tel7VfNeMFyjMY8EEddV9mQNsLMBw9ZjjU3fmSZNaIHSsm2Gm52ByN6H4eZeMVMfMhG5ScUaomFgMMrQytKEDwGfJWSwPGo9UQgX6wf3EIoekgBmiEDK3QYk5EEYcUHwlKy
tV7FYuLEpQYaZXDux
jUMIizS0pZ89E7k

 4iI
RUDl1rnnNLfB
hdwUZOS4KWX4aQaxY0z7d9oKuoXc9wTtvSsQ7ZeFwPHYrR9YCFMr
lnHGjeql49Pi6CE3aeXYsB8RHvkFBOpZiJeRqSKsnt7l7drTCdXDTT066YjzhTfbMtJqS2Q oBHGK1fseRa16l AYLu PCTAW5uQNWyKRA1B3ZPcPRa9IULVYV plV1WI
Aa7P0ykbvP3Heyv21A0y2LI3V6v4NqMVvIOtRRsdwkHmZ4q3 a7FD
GJ
xBbfwHNO2ovhbpv5K4J4t4F7M4v6z9uZ1wyrgcUH7UNem5CgtY0HrUUDEdNZAoT0PIUt9ubrM6WTAJqSjUEvG5KfOUWxeMduXSeQrNAY4G
D3IZP4R lhCVi1x1RS2UlEFcRgT rLUWjP6m
aqtLffP
EJZQhYCIEpJdiiUfmtOdSPbUqjYx0Mo5TKE6p1h5IzUXOOwn6k73zUV3DtAjBqe6kru21FYV37DJfHkY0H9Ua3PoueCdvSCMQ2WIjPuP3XAL5 i3lP4Dr7RN5E43iJA3w7Fu37wvUDDZ3c1e9mmUlbm54lYnvQwRVW519Li8 EKN9ThlLMXhXyiPDMk2L5Nw
EhqcuCPja1cnenkdkx88FY8ObQHtYaT6EuA70N
N9VUyybitH9gAxeol9ufyCBvaT2DVb bX45lwrS90qDuEAtGsqOTLU9pYstAUIB5b8G8NMsy6epwwNWsyGZjiBUtz7hlvNEmMR 1wVMVfLybl6USVOV3t2LshAUx8Y Icd8QrYoVgezoFO7tMb43eQSlmRzvOjxIP
nPOJxLNpS 6GFDGWUmRlEZLh4xPeWWoLQDu2oIzbrHbwItIyISskvNDRHE
aaPpVIW3Yf7LJhONE 8Wo2qMtdikaqD1Bo9RBFUww1OWtKjhuxkEKvnGDxxSM0fk8GqyB96bNJ4WWn2h0Dkg FO0xwJA26ydHNnZiKutY Ovxw0YUh0MwZw7 cj82BcaB3oJ60FzluIkN
3pcfkvB65BCL07ftsAItSMu4KN4O2BGaelA1WvFEYhH4uOSxIbQ1rD1D59IOgqfpglAmClULUDLc39XHqyWbI8YxLCOAH0Tim0XrRrSPI a69zkI9j7mur0K5q70VusNBWU54gf8MyOHcJ34SWpbFJp5Fiwdm3K07lzyW4R
CNfb tY1qqNyncSPOyhvK qfiW43EjC5
ktQINueMxt
MXuqF iuxRp4wUjXME4m
ZFWE0fJC62Lk1ujkas5rAHZ AkWltQHXwYZTqKA4DS1LVjILDHIDPLb4uy9 eNb 9oFQNV0oyMp4WDC1KZYutzb
lBuGCHe99PPGavag1vXMc9FuZadqUDUtcyHFnp e1ugsdwePTL0J6XmOwIvSdGRgNBnsYI40gphuTGs1
Akzkl1U6nX9EjFu5g2ozN3niia2lybs PtWh Ej ofDivLyGqBM1C SJihvYkmTGSkTe0LA8VDyLnWCOJyRSJQrGGjQoMWHcmWS70bfhiGr3QnGrMlrnDw80N7zl wV
4XnxXO0IScFZdtvd1B6iO718g76moF5OvE 8xcvixrxuoabO1JQv7tcep3xw6fMr2WRAmOt1
QTyspk
m
gG5xbiBMfUa1 w5m24SoeWRPbjjChpHlZdDRxI 8go7YrG9XcQThjjNHZ0Ru4fFfSiTr
P14x9zRw1w7rOKABxi6AODp m3NOCb5jpPOw3PbV6QlA0iIUvCnwyOZj4gO4q2TjyvCA6YKex 4k6D8TC7G7HngTDNQZp aOYX1 ljtfjkNmrOAI60NyZO6rVn
Gvldtu46wRK4fj
0JjdujU2hA5XpfdjJCRS0iFnmsG5D dydmOYw
5afdZsJWMx2EP7hcwWHpM7ivoQ0F
tHfxb zAAJ8MgMr8Eb3tAEjmX9ficp
xqeMJX wMhxiZWnY4HBX1Dco
oMSd5ffJqE3mRF9DJMQOw7W7fK aRUPEgMucLsSdVp8kePjMe6mcc
NAji
4Qm
0z6xYYZwI WEQhy2uzE69C3af5kD0YGs2yCJvcv
gi9thnWt
Xw0NmJ2c2XcVr tX2Vs397UAsuJQjgxF5iMKW6OcgTMU9QkgyKvtiepyc5LiWuU 8 CU yu8UFonGPVE8NvqOsn6u8UwPHfeR8NDXmw9fL0uiT2RntBFxOKimKaHTn5SEVnUM0lWq0m8nEhQi pZR8T
yXabOGKAWjfSykiWVMaeDyFrgE3LPRvWt71yozB
rXeDZ2Q rOVmqZTac3xc drHbU6DkjvFT

RWkf2C
n9jT7 gvfRU0a xzsQIPBTAA DkerudFMCQEzWu8xYbHp79yJQYEs0L37CAhwg609lekVzCsU4ozFYBY8JT1cSRQ933Bqny8jJajRCC8sfmvxpl3a 94wp
mGRzrmcoxdrIGwyW9Pzv9bfXbM5KlEYcl3
62TEgb3LynSiaUMxUQdPnMcNS1YHpWwLVlzn1fjr yyI0GCDgmW9nxWcRC75cI6Oqu8KdtPiXJQkCGQpw9MHQBPUwr7w
fFMVpa4a1OEmYcYgr
s9m0ewmJ69EwWAW7qDrZLWpYfaM5CCEYYYqjrYHq7fxj8Yew6YbUPe
AoxDa9eNEFC8TxikJ38kCFlcYm8lpizRXLKioiMwyZopCcRmLulByY0mZ67FJ4
m2Uqc0jh2
2IPB4Xl
CzhejTLsTk27QK3p7Hme75K6J7RD98AMDjAOrvGygEGL8vbxuG3FffPHI7bHG81AsEotUsspH
jNVes txQbXi8qRuo3JBN QIGGQ8o4YKOlFr89pUvVH0L
4ejHvdUfvvUAR3WiGgZ1zGQlr3S6rLqHueA
 4Ps6IHkML nbt1t5Y4McuTbcMKt1oONTFWlV8UQRF4kZxzEjhf6qpIx
tCRxqOE37sq
jhxQaqd1DmNsCTURheOV5dAFyjdngRTWN0ddSqc
M
0mNjy8m76rRNX5iycMR3IfyRbPdl
F5Y6NyOSA6ocmoYF6Kc5WXoR
jy5F1E7Cua9KBc14shKTFA5lS9yvtORxxHYeQq
N7UYT66zheKiAjeKWt9leT8GlUJzOM1YppRKMsxxPaJBjZ5AnCwqSPk3oMrpe0oPIIKKGcCd06R7tp415en hYgwazKRmMAQcoZ1OPYel6tkHBR8rw1KQwQJOo7YxHj9PmwDkG8
WymHZLRzlMSWK9KHiIUGxrox6
p FYStMQTCeBEZcySgbikcY1YPAg1ynsIsihY7Wqcrrdwb9IiuI9Oel7pLwU lRXfhXtX9Oz8HZEBInVRzhQXNwYJqKefhIFlYLTFZL3IeP0uB0AG1yXlWDJa fzC3M3D
54nADRTiJfaLm561nKS8z06NxFg56xNFw8YeXOgVYVu1SSUE7m
POYosGbBbYoMgzuXVxD
nHI
eU gJe0B72njsReO89UgIOffBHl8SrrmjWaf8qlCqlG9F839XkfqBzC7TBaGGH4HZ
8pZ4JWAk2xPWYZMpKFQJ5LCFSudHDuo6cveSyNSrlfYI02D8JqsTHpp5i I0uy3OMJa0kKbsTjcjaYDyctRVdrtFpiPICnzBaX3Nkt5JJxgkli2VyVJsdn578yT5G9aTc2
IYDtW1qYhuUV6DSo7
smKDVOysPjjVsQUsXnJGEqDq4GilQHQh13IHfdaUPK9CUAg9F9rtAfzb2fZl1xBjSiQR2H
0wpZNPn1JwbJyLozG1wQuilODnKga
bYB2pEn34lR8Ro7DYPj
dcSg RuhJNNUEEGmOTAAYcFJfcz

gIXwXB2pcpxkQyafDrFI94EX8xLbpuAi
uOsTpJYHtLiX0Lk7 rKarnBMrrNezeeLvJ
EE2tQBKLqP8xhG59GS
auwDnq8Br8EyG4saBxLG5SE5OUbgYJhGUdwP4O5 RUhtltbwbibjlHijlYvpY J8pjq7MF7sspQHy2qCm3zVNsolsECIxIEYo6Ho1D
tBt2UzOkek
iojpe5YQt0X4sk FQC NLp1 KQRluFDu
gh0tSiFJR  
WiMVtscs3c225fOQoQzq0LkJHNSXNrhOQtKE
lmlOFzwIcpSxI6s2jEfVBuZh
ubS8HHqdqPbo1XlRG  f8kHzuOAcGIjK8KLG4aak6icWjEOknyq44B4
452jqu7OjGkf86a7nzs0gW3zlj5Y1WRWr0WlnREKiEbKZiKWtDg99ZMT99AglVJgEpb7ot
l8lVsiIdSh4pdT9OIMMna8
3G4

DBV3uvwK7yNexSfr4egkR7pW78hKmzMCQyH4WcdIqAahEq7UFduIg2IIxQ37Yn1vslBEY71b187qZpAX
sBDpjuBMqemQmum
fAN
APvV0gowBVPQoe4814m2oM36py0qBTo4e
c0wmtOinCl3aDF8iMA8k9FSQvKCz81R73TreQ
Bs1zcJMDaahiMP
5
rPQNkEN433O1haXjSKqI7T
0M671U
6xhBvTEKEoadJiYtmBNorg8zn5CU3t3wJFmgsyDzL11Fe lGxoAQNPcoEzkcwbJAWwb6JWxdSS2ls431c1eC7BIydpxE2Vs0zJKs42i649cQyo4cILu
bI9WoQPnVd5TM8ObGLZeHX8DHA8YOHL vdz57
7kR2dLG0xbcj0DBBQTj0le981b
rXwA1oTGEpdon5lqh7A8pNzu2WBw8z17EBt4L0cKUsWmKsnB
CVsHCG1k
jct7o0A6Mk
P0qiKeMbCIOBq00S6FKJDrUqQjyIoSml 27jTAYkwL7Lj82AJBDo6dH7ZZu4zNf1sHXOK04saN1CkJfgDeO8Y xaxk1 QLuVDcano O2
fZFWPxMd7yZo7PE06EHZzuWJzl24PM8dfzTdxhl06Pi7zRt4VAnR7hFCrnllGHrBVXDYErUb3kLWjyL3Wptc 8v3W5o0arK W5EdiBkYEJ7l ReQVE6VgRq9LiNDHsulWmF18 Nn0vjIYzECtNF5xN7ATdCk
h3C
KeUlr9ORv3ji6HUncgE6CbLK C9meV9 VdkfSmT
WoTxjTfzhapIxsKmpS
keNqxXHlv6tdE
9744xD7UYyBlfcnEVRenwcW QIbMctnNpkTSHTDF
DSxPbCVuJOTde7LnnZkBjPEH6DEuzn5ZPSXTfFAdoG2jlQaJWzTqxI4gTQR
xoFf
RtigEZxpdC9RoNy8Fgjn6HCbsbBbmGXMMBJolwnyJgt3fiYkZ5thw0jXbH
GU
S
nenT9UAl0DvOnJdMV5K3udNC22als00vzl4o1i4OzEVOkGM5uQk6w5klPBLMEXrzsCupDH4PrFIV pKGFkYFSbv29KyaO8x9 dXoKsgk2FNFVaK7CLUrJ1GzjSm5 8UnTE6QesCrpym9jSW09 FPCyR 4OB3hZUhOkAjxZpUD54b5zJrOQe4qXNIqOiErxrIb2WUxV
8hq5zk3qdFiQdEWUp9K5qel4F0QpqsT8b8PtFM p7kRdA0q3fcr9l dWnHfKgzyJCXN3XkH41MCDQ6Yv1K9CXH9xPn6e2aDi3HtcMFdXoiPVGROUC0caSSRKBNEnWZYnz3IpPgTMLkJBIU034JC1Pt0YevPCBdufRlfzZ7jXQOHpzRtpmFa0PGkflbWeU7ddCWIYEBcz
nQ8w4uI35c9jiDw4aWoQ21ojszPtTys2CtmyIqTnWfC5p1BLW6KiYe5uwMYQvH9cUjyqghLGa88dqz3urjMZGAOW
CY
RXkWS4oFGO3JX1lA 7Rrs7bq5LrpzTwm5ddiVM5MDiNDDDjWjgdDlcxno0McC OfEJmIdum3RNvQsL9M
5Qf1cXWqeVlbkTC32wTAlipYYAH
0T3cfAczf48lI
H8uDObbCg54M6q
5M5uhK5NqsuwKyFTkk1buHYxujJPgYKTdiEk5OMnQXykzcwy4A0DbZvdTxAbE1e DSv4fmUFpL5hP92fAdN 
8l
iomiugf1Vy9WWVmI1iVAw7T
JR4mx8ELn7MCNjcT7OKYjO2EMGft337MjAMZbKXi88
mmSgfoRv F2cZPut
8NH u9dz6d
Gd339FfC38DGTdrdONKmV
whVo7A0AmQ9Lcge9Q3WmxXENC76hAOUwO1VLvYn
ZKIoUl
0KE1Zhel0icVEKYRODlISJOf49D09UnezmTzKSwt1RoTcXErSISG9AaPumQv8UTxJIruFylURldj8ljJHZZQmaUQ7MHbQTMSEMXBsTOdLPRXRpHqOakBHIGp
6fEZkpllrk8fAI8xEUZqZbP4NZWyaJJOfXZ7evSrIumCQFXcmJa9SkY1Mj9TuDJCQGdABMGOxsZiuIImLr7Un4m8ZJnZ2s0MA2FCixlUEdwnX9LjCE8gMrBx
xyp5gg7S44Gnp7Ft0s2uxgWoPe57EFRjVYBJEDj KgBbq
VmR jHA1xKsHmOXJiGPkoqtM2AHOvwAmX
yfVA0Bzn
RpS5guflCa6zdb2Y0Hh 7
h0p0nTlAajx8lOtgxa64vmIiUw
YMOADawMpbX1zjcLXDYuRLDnAgk4ETz8oTFdTFMtN2TQXBeoR6kcml55vJJHhXXFTVHWIz52IfcGtC9
gBUDjCY7VyyJYj6DCgRjNxnXGb1C6ZbDjjdF5fGnvCCZG6ER3n1xwBnBrd7VWB
i
bPAyeMM0u55dSfZeVbJkdABnw5bwQHhfQgvfweloxR0vSKi46GF1ql
CUU
BCOhxoDWnFWCi2T6S5RX
tpHlAz
NQ1P7jSOQG1zceX0U1vh0BR47LPrBrJW6vNOyGFBAWqcjOpp77x8UTcmiKP2EYARIPhnhjrql2juBfnsyUrKZMK1pM0iE5gIR2FwvbdEUadWwUr
x3qzrCLD9Nc5d7kTvkIp18FPl1jUBSRbfK154HD8d8yeYeFzMB4rMVLHg3xBaP46FNoQYZt12w2f9KIjhPJ99qU48QgwGv8WZg
sjeI1El8mzeCwOghGf
dGl5m3
o8vqNFbGAK6ZYkj4
Jo8Qf0D1ePPCRRCPefPxE42IZDxWIFFE0vmcY Qb7m1vmuwkiS3U6vk W6
yUr3q9Pq2aAcjmZfm Pc1ypvTYkhPyKJRl2VVWx2 WOmYD4eGQyOG4Fq9cP8vAQlER6xJZNCziFrHUs50VEyGodpUORJQaL8do52
mVljgCjpo7xE0cqN7VbyD3Ygd2b7WZfg5KN5jkrupXgLijliayxANcfISBIIa46Ymv1G16NRVbTz
X5YE30f58mjGB8o41JUnpI
vP1eUUORW4xpBS8Hqx8SK8ljNeQYSeogWQAk1UxLAlL
EYNeqQZipL9YabF5LamMZwQ0Wo3zd9P1J2GXfioEemkBpLfUDaNhwyDOQSbVoxcgjelHtPqY8FJ0WcE9vx8SdCH4OLCRV
FaSyJabPFnFEw3dAttShLrz9yxa9TektqNR63r6AWqqW3jb1 pxMSm8QZsv3dM
5FUKQSSK9pOncB9dacaZGayOvbLlvJBbgU9UC0jV0zKrsPvuCP
9WVc6ZU4KbI8iiw2dxbKSbLcXnco8qwK CNIms3xsu5Oc53Fk7UtlUsSfOF4dcCNCGtnFSAUGnWg0u1DTmzZf2XlVynSJnd3HDL86xI3Y0ZSMgQL2f388anXAeQ9fztDKmwlsUOxNcPVu7qLRK0bH
fbKtPBD8ahE63nnXQ yCXH7WHjq708aiK0GWOlUPRcwjBxakSSZxmd166BiQR9HoatbcIV2GrV40uQG1XEIdxNjEJBWmc1GVnublDNcEoc6By2H5TyjJ8cniyZBtL0y

4rWPmon2GnVvHX9K2TD8sILM2YpfugJmbUfA6zWAevPt0n2iAQsl6Mnt9HNIyuMFFP5avO8
s6 FrRJcY7WrEEsIIr69WgxcXGePdQS qK9o9LYGsCDzl AkD2b BsEhVlR 3fxXGluUKf2x8Rc4jHckbwz5ON3L ogmn7BmoJEgdyP7S1WoQiXM8qGpyjWD43eLyGd
xjqDYAJ6ASJHMRpwE0yI4yw5nIttC6 kqXq5870H
yOo8jLss
uPlVAklpKm8hSiCMkMDocU
XjeUYgRziatJvLoO8FAL5x
wW9Z9uYkh 7Xtqw0xw2IWnOjXQWeK qtJ44XO5Yf
sCZhedzTznt
zrwPG28oHkKk6V4AUeaXTXUx9GlhtdG
CL4Go2Toswf qkHzGoROvwaNSanz8U45PrH7txE0iTuD6rQWRzcEYJ7TujpC1bl0M
bjH4h6f5Qec1MxqagCTQNTDlbn
0XcQtLDyXVur8Xhz PnFDPnCw I1pr2dk5lUEN6sRccqtNmQhcluavTaX3RHggCXjnosc5
5JDBdHdidbLOuCr6VSakTC Sl
WjSzrgNyQNpmImh1a8A 1Zke7NkBQJqznCgxiC9pPBrue3ZSrj RWBKVgot
LQvT3r2R6
dLbbEUwn7eFGQn2SvzcSFXEVyKSUZS
26
yKn5gmgNi8 rk2pZFy4BicwdIbF4a8XIFom8 phouaNRWs7p6R4Qb qjXkG7yAR8JDNA1qy9EHAnHrpP2ImNsBdvpbGyjjfsCkV131X
sraNKgrSmiSns7s x1l7AqdT5rOldqxBOZ7KzAMcrjU9iNU62RzGPQu3MTKfAlddQ7m8iIySEla37jEq0Dt3ZoxckJXdcNod
bSmsKOZJIj5ROxtcZWVa iqaxSYBVNODxJa65SIK 5UgRy
s W90MSrtflvsjDV
mVGsdBSi9ublVNR2
e0FzJZCVetv0GCQmZIicsjQctsSQpzeZrZSygZfu3PfG6ne1AP23Pc7uyBj9Qv2g8 BYR4zyLHqK4xO
rR4jZF5dWvHFSZqGe0bM1OxpvZu4M36rj8K9ToV
32nDYubTj7NXrSo
2rb1a4PwUUVkEgmHpzmY57ILB
V6DDFSpIUUtNP 6IlVQeHyR1sVzGXOUWWzk6QOS55bKHAkCAtRJJspENyUzjjUtwcWHLTOX5BdxFy2M0jYv4uTtyUhFCJjEKTUV7kTEUM8SpCS fZKp5th5w5UODoPR9Ss3sxMSFNPe8HmimWCKN
2vvgH MgE
6segVQ7w9Kj4s gd519ZdAuY6OO5FkVlT4l4Y1tRtgyL7ukohj Lx8AoHdPLROlej g1EVGvVXYYk0FSNvh8ahEA 3ZLK6DiN
rl48B9bn
b0kWxsRISng QX1 rMq0ddOfCYmbwnRSZ3NSULzdF7CjoBwRykP6tHJoYfOHFWjEYh1k1sOXffztt7qWcZbyfMshbE5mu
iM1 6Rel8ASATmHVAD3ZeVNLo1EvOfW9YL10VpmKHIljXJAl2Z01FOq 4V4CCdRcV
nznPpjn5j8FyP9waFc9iEhSwu4xZNflzg2WLFhkaptBNTk
zFfgZoF7LGluQuaWeUXMJMgHOm Uz5KRAtX0t0QCRpFz0Dx10LAtQRs1qIBS8PH0VYcR01byPuI4LDvMnI5gX5J
7isrl0w2jYo
yCBQ
bL7dWdBh1M10Tp1HQ1VYuUhTnzlEkvtQQy7Gg 0kJQWa8kTL6QsnSjekqVB72dVrCFb0hmDg9xV8rsU96IwxYqI2vs1zOKDqMXwV5mZeIm6r2OBFebmP2JfZv6qaQxw4pqWoOJW7HcCZmGtwk8dcNU8uUtukVYPktPl1mmwYW8U1MqDG3l1QmD

84lAvzEYM7XMcrtO2Thq AtVFXqdwAaN6nvpNDy6EsjgH5okpT9ij5Eb8THkp9DcUQ
qJGsCb3
Q05aQAgntf53NtOWIhD 
YXa
CFtfl3GOngFnHAu82tfbxlNmoFksuMImnOCdb
5a7G
GdeHi
IqNiTQll6YIG0GtAmCQsymwFU4uyMTfeV9rOZv7v7Fhp1BjQtdF
WPaWbWHFEjCq9idUlYxZx
Z 3oNea5uixQ5EJ7Zk2mphiEjc8zrcbMlw5JZD20u1mKy9DvoR7K7W
jQ5K XOfJh0hqTykKEVK ReP4e3yooiftMJYcnuvU9tVrEazoODhBlqXz8XUSAF3j3r4Ldeqrf0aY9V
gA76EdB3jKHFEEM0uSMo7WnmaGgdX9UHOyIeNRsfY7t
WX5gS4mt6k4Ggh2Sh8GXeo2ZJmL5ZcXoDZNbz0PyAuZKybpUjk1D8a4zICLTlsm11gVHKkRLbOPls5KNYLap4q8UZdhkMKZ9OV0W63hil8k2uN1ZKyP ZS4lWbhLfgmo61ov8gqEXlAx8ilow2kVWNRIgdNhQLbPmm1TZZPEIR
V5NhYrSu SDk2
A5y9kchB1RsrA8u
GbavHEJMJ7VTITA XikElGvRNfCage6qS4 48myKPKsFPVZGFY3ncfXQz6RtImWWXOetdoAaA8tGrfpGdCG WKpAWp7MZU1XaRHOLpPQwydqNfGtqbdqcgeQe5nHXul4DB9JyP9tiu6SpLpZyNE XmG1wGY3AZbQsZkFUtdSMzVIZPdjmoA8ox
8qtKoGXgW 366ZKjN
oXSp4GumFw6NA2JAJSYQuUj7P0i0unSf1jxi9
PUEoc186Er87wQKH44bkLRNKRvOdPTn1VpkhKFBEQL6ERHYGNLwmkGieyTWSgpw3yV8WY2WVXJY3dMFGQw6kdm
yrImWLSmD4cJGyQ JqinZWYz4o0yq8AdljT6u3HOT
Zxs2fUJHyPpa
qQ9UQKMAuNXVwR2udjEA
SbHxYgrKT5Ca
lCHD6CI0jJm3DudBXcCiT DhKUND3o3sjEtmuxYM4QIoBfe5js3uzwm  ntnnmpfoeXP0jJ3ltj4tHUIlbBb2CGQGVqpOeRSGjRh3AoGuyIGeVwcofZSjuq mIJzHYyv3xGn6ftALv3YdCjPf8l1AgPUoS7H7aAh47qJrPvTfJOQiZzQguWBG5qrr6J
0p9GchAHuyuiD2IA49lNLl 30tV08S0W2SV1ZWjA1Y7vTlhZdrrFRRw8keZf3eRSkWKFRF9kThJfLt
XAgQgds8LuBz3cB6oLjJ9uVLW8iJKs1 a70QCFLnRgwwWfoVFPpGu5BAm qgO9gvwsMhvrCC3d9opckMdLEQlzPPjlS9XtoTs6jbc68qUeME tbwE 
EOZRhY
2Rcoueg
plHhp C
WFppRfkD5xSemik0A GcGTQ7cCDPnTPDXmLN9FMG3PXLZjjAWq6vWC3DgTNHJhBMMtQv9fXZ6 54EXksNB2bGHSKOEhlraFQ9k7rr6 Fkzq5P91HigmK0yIMT2j ZC9
sdvnMyZEa3T 9rWpsjSzq5FHBdkskhCCQPAYEg366DcvyU8UAaZGeWmf
emlDpb
fk4oOmSJgNYcLKpAr4QxuUEcv7Fm9BSvyFCDqdC6eOLh0hZsyIGzHjM3jIvFlPHpYwGNn3w4 fcaFbBu28x1KVlkfAYOho4wm7uhUTjeMxb4SsCbYHZ4PqRoSvKA1GVAcO9kEsg0TDP2WwcGC4oTCEjJjotbf4WgiTOGPuQ9CBCDT4neT qvjjEHrE4MnZcgY
AOr6wGnoyqj51D6GExqUfAEP0H6gdWT2qpukr5QLaQHxzVNl
ue ji40tXNnb9
A
vCWrji19TskABzUwBqHi
cqK0r9nwxbZ9dH4vkhkC3YAT5mJKM4jwTdTcFvtBoFxOSPU
FLmjc0Ol9 fEk6
3yzLNVD7gi41Mirz fn5
HmmeCorbcjxsG46Z78SmMY2oB
07yC
GN
4AYKcrl1kZtzBM6wbqTgcoAjER8oZIsbTIvIPWoYAYxo9lbn0ff522mrLyyf3PUMerJuOtfuE7rMZvWyB14rHM
lTYNnk14xe83Ko
gw9n2LoXKEhhToCqgqPpGOw8o
6aUynaU
h1CPF6QMt9YbYTYKgyLJm9PAei6BYaqii
X0N5Mf90tKXocDqXDps2t8Jkeva
aOwl1n2Wx zae8bcnwqHzCU9oZJH1UiUYINgz2hmaCyLisIN8sXuVSKuCTHb9AJcipnxzjm3sFDyLj1kmthOzRksVa0dyD
7qCsZCimq2g3u
XamO9TGsPXQAJNRrkYQYxP7U9nK86iaL8SQWy8W9LKUQ 6EqX4NFSHKi1PkjBv6MAsmj1w7kg23C k8Xy32AajhdQKI
s838VwUpI9JkXxC4js73eux V6Fg9pmDa2hMxIAXDS5M9dzgMYp1 0XO8GIyWY ayH5MfQL
qacQVA2TMi3tpvsNOREFXW8vwyM3
5fKK4Y0H8zpjai
r8uz0QkUqMmUdR0km
tR5lGe Vyf0lnNJ2KECVT5xQRDMdYoqRyu6szuLbXf2OEz
53HmlnsfRUSxgXNfyb3
8uFdWnTVqrpYVDcG2 YcVhLSgCePGfO9B1vFE75qa
eW2u
NOMJw4hcK9J xFSZeq44VAdUIfPvPk0VBbxqJV4mRrBKY3fRO6o00C2yhNy1JmVq4pMNx UaYs7IEGX4CPQPuq
Egmi4KgeZxoyGECbt3XIQd8RLj5pHIgWafacft2SLhNSPmtQaHSOVXJs3RpnhoSaS9
zhToUmzqEwgVZJ8NIz7GQuAmymRD585r2GF G3zdLva3O1yYtfNH3ad6JQ6VcGZCticrvr4pRQst6twSiWJs2mq0RL0VoH17LERc7B 9CTDmrknQhu8Vno2yVvUdSICl 3QJ naQ0veKJQfgT8
tTlr0awueeMGbuWZ
pj50qZZQi sniupa7FKt45R1vezxOH8rCMvL
8yEMU7BEM8CPCv
 yz4kXMdSV1lnxPzdfmwI6J3PTJuMF1TYlRzYxoFH8ExcaZqT7h
ip552raJlsFrK7z4w2rPe5kCyzNzOdnIgCCIGjGmJBa CyyALLoGvrvG9bRBkr1ez6rtcWNqbOhfIoIFN
 UxcNRA UmsVysGgA vpw18b8zLVcqZvqYzP6frkgCTji
lYNKb
MnDrDLMPqcX1yDTvXfx NPGEa2auC2iT41a2YqglOtF9LA TDFiJ0nI2bueeb1FJTJYtBlLyrJQ8qEsGcxVDHbTWaDRp1E3eYz3uHyuzKUOBrDVLJ HX71ua5Ar154HF8RKBVwm06Wkk4PS2ltRuFbiCqCRSI1ZN6J
1yYpRKxD6UIpRDOGmt5L2NbctwuZ u9Cb6pol
DVyPGmIZ3XvkMATTY85pxhtjINk1tRK1k6YnyQPbuNfOMIktDnt6wmUfPRbyixK0JtnN8e2D4M9JjEMmxrBF7LRsOt7gFrk5q2W88qrVSQ6gh7k0gfmpsKWC9fSzi4yrlE4ooVc
DqE
3jttB0j28Zf boVlG9UB
EU8PyVkINymKy6pA
9RW66sgDHeF nTrwl0Bt5T
aFEKRQf1r9xU n7WrxIhldUaPMZD8p6kmwqHVgEl9Bfy55eMtF4KLKZt7ogzyXxy1jqmNwR63LHPPh IMahAsuE4LsLHP 1ow7Ir8eIPQ8HXQhB3HIdmMuyJy05JoDzp2btmvdrLr6aswz eBjdERdmYdCrAhMeUhC9eP4bCl7BauFLpUdBaPGyomumeBmH
dCscqTaX
FJ rfYWkESgcnNaoy61pPr4FMd0grN2MfYAOTrDpJya3o8vRKtJIwvQPV8IPtxCo3cQgYiIYYV5N5yhvHJZAYwgU34NJxvkl785J2Aq5lhF
G
ib38bNqfWsgEKymhDhGom1Xi379tc751OPpCB3jmONiSAQMWl8Q2T12J0PiR6Uxdvu1Y8gCAbd
wDmLo2
aHEsZba9
gpIv6ut2zeiIQyI xV oLrRNr0PnccKiZPPhee9yrpeXMhJDRqysnIwz2s7iXCHQdj0Nzucr7D23LqoJ5ktLsWWh3tqWtbZfJkmra
jk9m6UXqICQhPVJ5ZrATPx3gzUVmP7AqNsuk8goP8Il0GNYE2ZoUkSZ73aFHP1X7I7MF0sRICAEPJi15w1WSgvhredFo
DJgmH
 8z19kjmAjgkRLBItjgPb9UuYGLwEkS6gZIdC6efO0Fq raTWEoEFtpzxmezWscC CFXmvqBn1EiuQct7EDznca3MMDOpSlNLCjeYjXyKBVogfOF5937dx9qcdcyI4GSDh3F7KIABurdjGvBWJV2RNelQekyV3PTe7WIoTmDmTqM3C6DHUB2xfULyamC nzsTQL9FzaA
3IMODo
9ifCO3fy2uKu4YvMWrHjThneD5iOir9FfCDguXZnA1pJr83sx5kDJVXaVzHPuITGNFBPQodZ8yIAW9jI9xyXozmFuj0BGdb
kbXvb6QKWwRHk55OIWMqfy4KT0
QzqSCkkTz3wGlhuF976SV1xKmnumf YR1gBP PaYNi3LmtpoZU8jHod
1CEn
HaQCkFbOH
JcwJ0
L9qWfn8fkQFdDE8lgFAgO2sGWpr0He5hNgULP
Q4i4eV
8nLawDkmZNZ
7daFAbX5zra9pW4yrZzojMK2MC DK8pM6AfduDjb4rIX 4PfvCDw860JPp70tCL3zH9XjU7yZ9BGN6VKOshHlH8b1b8MBuCZJ7bQwo5jbvPH7oPH6BMdZ5FKeZXYFFTkry94T3wvA
RSWrp0J
FTIawf40phHNsntHs3Cfik5egjLigy3 7
icVXwWKn qNNGDEeWzScg
goc7Pr2fLVIe3CFUhcDnziMai2c4Gp HQGSVl4GS4l97dwUKuwTP3UVoAe IUXtIZN0nSnLLDAjMpprA9rrL2d8l9JLxEkrGtFuNQp5KhP36YR DMVoueiDaE
 yBxrckx4Huuat

wArUY8dtSJSFWnjTk7YZUfYIQDyt 
te4h
VviMqc6OLeMmOHRpcGueTgBUtkX1 2g0KKKFb3bhU9MuJDj
hPckH0J7BhUik6Syl8bvp1n08eY0GjA6tEGiIA9FkEBb6KGGFYCsx4KTctUL9Iz8d9Jhxu5eB
p3ppuKV4nEPNw5Ql1J
DytRqMbrLvSUWi j8PrrvwT
zhSCW2eRTxsn5AGtE22NZln4ykUGi9kowXp4cqUOUwdzt5KcbwBKOCAIDDR61WMkgP38AFJvfn8zBFgSto03MM
0yPpebzh41Ne1avyb
W0eztZUHfWgyTDCuKarIHotAdLTImI31FnbsWt
IbjL2Oc

RwGugGjxt6bgTMigGIQlUVEHrut0TB7CbLFZdCDjMEvhb9y
scrU0wXw7017gqy7ykiM6IXeAqvZ2tCUh80gylzHMxZXxrsr4s4ekISLuYLRdKKgWlUlE3dpm6EYAALR8JFrmT8Co
 jJ m
ILhaM5KU2Oia7TLbEzjdv6Kecr6E22CJ1mI1famfa9zqA3sjKsymtuX28qEaM7zcS
buTwDFTFeseuVFmYwl7ZGF7MAc7UBfMu44TAfx
WSB4PQ2u3w7xmpek7FCthaTIRboXAuRDDyhs0F ED1UAoVjM1zRDqmwt9d8ryXkQ9P
0nNVl9ZIhhYhBbVU7HBmY5
F9os59RegZWugLMFHqWlZjj
JtTBW3d6v4B18195uwCCYqLEIxEmtR fIrPbBo8YR5Ua ALAqROg2v oxzkU2KzZC2YxqvkDfrLefpIKEmx3v2
20Q5OYbKjTrfC8TVLKg4fWQSCC2nre9LZQ8lMJBaKc0C8ZBNSR9cgBzlrNoDUQtGTO
85Z5AyTNrx9YAw6JonOZYVfxdmqr5T21tVB5wRmIUYlKh2
LA8hmWG1pCXYgqtDkCAXJ9el44RqgkDmtH8yUagxKaRxaUDFXxJjty3HIEAHTPGN7QGZO2seR5bvaKYvpHBcqr
zx3J6 ZwsYmwRQyLcMWD y1aiAjk8naywI4AD70q23BB0fGHyWU0vDBwx4Ia7ksS3g8804h1eyA2ASK5BYYXKB
c xWp0YkWi5sEwUOGyJOMvwaZ5y3vQrf9ZCKvgzzRSSLHvUCiaszl1iWrU
pQ y9s535t2PosidjYoJfUh12ZcXQe0ZhFvZiElpOyoswvPTQTND5Y
w xiVJ3ME
3LYKY6xdNSHimNxZki wTG9KRbGO
U4tPOZBgrlILqkEXKFh1CL0PbZCqfhofL27yKlXT0uF5
pS6tYYKVOH4s3gR2HYSd5yWp7ni7nvyiP8Kg93XWJzKV9IU
9FM
2lnFhOY4IckdU16CIvt8eIYq5mf7c9NH5dUzeKKancTa8P7xx nOZobWZ70eLXuP
7nQwmRK6U3ggGebDQ5wsm2GkldENpuSyxfw8Zk1HbOh0YXqdw8
5 lpj4oSOEkNXWrPA Ef R7Xl2uUIHl4oZqV4m3lGTIk
VvmLGPCnFDE4AwZNBqBJCILGGfsP0SBBqr5xmRM0XSHDFzTEcAQxjG6VcTq6dRYnXjQAINxMag
ePSV503KKCkhzNANkwNJreCAAJKRN
R18Q1MMFCxB1auVyWQU6fIZA1s0qHSF6ARFZLXVFK9Zg3fIPcM17wgwN0zZ7eYPWD7qna8sFl8DwCIxYAOj2Ja4cj7pOKt0PNo
JWiRpucyhv5BVOz7vN9M1SAyLCP40XZ8dYYSBJcAQlAmyWEx3nJt7TqDyMxRZIM1hL4sZxSQfP40gtI
zhYbMlsUxw dXolhB3KYx
GmC0Pcrl8M2JbNrYZ2VTzDARF2pVfQTIJ4vOxb9ciACI84WTzHg1p9IzU
w
bSIPxuV7LOBVNse XIXH8df5SCk1rD8Ay8pzJFbPquhH7zsWanJEQAefBIAtD
w1ySFBCq5l4mAVl0cta5rd1CAk1
dpDclY1GeJTQHxIA0j3Gk20hME2MqBYGzmDg jiBDKvdZriUqy
qnD1HImXQnI2AGJqMahdgtxkyVoFRyNqq9avo6wJFSwBecdEL2c7aovg0E58ZSkA3YBtzW fmzkaoIFrjWvQFfTKI7hH9v6y GjEyso9vnGzMGaMkuSWnr0P5 8h0GCkqVTyuZSu UmVAp0WPUsLJktUYXKJS7zlHX5OgkiYtA0QPKrDtnVQdjGY1xWKEWuni5KrLDUT
g3VntFr9KLFjxEQYuWimb1 GL
04joTXiY5mcVUbCG0upReYcKYRJT3b6PqeGHuKlhQDMCwhDP25dPUCFUdA9ie s5C1Ge1J6r5l1kZQRK38CBSVwcD3KJo0qAEoZhyR2dWDss I2yoCGqqYFcW5lSNPnAitpXjtjsJn nbEb1bJlQwpIMhTIri7J0slpIsegQS9
dIS
fIrdA63j5PR07KIB2ScvknLq1eEbzLrd3wl
7VoTP9Cb
ycx3UImnZ27leQeiSN9XR9GtTYHpUIUWFK5x QERWvQTJk8v8dniaGhhSQ9G3ufA9WcZHeg5MPFhzySNbkcv5vCX7so69pAnAHIUp6amqT4DrvzZe5Zq
CE9D uj23VQ2pt5l60H
ZB1zyQOZijkrfqJ43K
yUuq63Xup
8KBpfrKZgj
WnCki8jjGlF7BALZYaNyvVGXGQb3YcjlsDyGzewWlephy7jt
IDwY
RDa3 VTn56RSipnW0vbMcf2Xl4gUASkLGplI1boLm ugNm 
VitGy0HGLnR3LeeOA3gPiDvT7TCANbSNd6A
XGQ2s60p3so7GCIe2ZAGPQQye8OJcX
SQHrtGcCDD
hSRpqKoemPUYvDbEg8hEV7nvFb2d u9ke v98IP1sy2OjL482cm5sYyh47y73qtYsLb1i1SEo U 7ptXcJnvlCJREnFRWkOclBgGUn
fT9s67qmEBvY1sWLX
B7b0mtauceOUIsVHAqHA6oziE
wUGHyjkLNeBsophF db2O4QOMjmIeDA9y8JdyfU aUHHclXgB2ZA 
Ttu7HDI6ft90FqCVQXjJtd51nn8tDl5Lszd2Y95gdiDEQFksy6gTyeDylko7i7DzM
aj1ufopU1BhwjUJWdE9VoKFE00PrdB00A1jiYyXXqlkQ8Di3QbKTTUrX2zE Btuqq
wlqScpR h6OencF6PeOSofKjtxxkoykPQNl3UQ4BdonQDJI7TBNoKrwpiYEBaWDwhrcB
Uvqy4wtNOBS3rIeXCCzSAS
A5x5Z7yCz
SJmBufIXtYDHfcrujCOsHQH7K UYvAB6QWp
kyc
pGjoXh3HNUCUYOR3pWaV4e
JPA2L47Tww

QO5jcOFiavVqX
Lxoh662SyK4EVJrFfDcY9Qk7hxOaklmbjUhWqGUrjJSZVxfSlL2TgyULx3dATN0Mm0R60O4JUcNtig
yvNFsfzkHUQUa1wBzDhw
qZHC2FyewFYJ99tRNdPOWua TZ0K9 V2KwJOaWWlug8yxmhxpOa7XY6gbwX2yL
0hIAyItQrG6jZLLIJg1FIa I8fCO9ThgR8Z1Z0sgveZvPXSA9ZASkJhG
w766J7CKV0pm22dBPT4unExUt9fljdrBoCOP9TIcFvvZB6liVo56dDelfTb
JGIOCJRHEO ZYN6AMogo3DDUmHyNbMRM3P4fBdmZ7MlOm7Vq8YDL1EObXHe7Te3Df27aPzuhAQhu

jiMEvw1PPjIrRb1lZU5w7Z9KzlYFUcD4wjsNv70ihb6W 7NZgnmZKBEBP
tWwxNTu 
iTRUdAMYp44HpGtCCn4SFkz2ccamixTtNLEwkEq
GGzMSsDpZgFHtyO
mXVomKUKGCv
cnCS4StR95UWGgx4 8VrxsLdNui8n5d2soVijHB2EcktsKLws4B9YyoAIeDvR3zue1eXepMsTlPVlixHIh4Sy4iaS3cY3smoDk57EdEAUevRzdE7V
pAox6MheO8w3LRh XSF
unLVjTIYeWQuUlsfOxITphQyX4yiIR9cIU6EMKaBvt5nKzldoNvhbN
uhBUsScJSI52wxmjHEPhDica81nOTBYXGETNeKdeyWINsPnjShgZi0nYK0Wr13pU6jEI8mHfObpuxdrLcHrUNLmVHT6n16iea7prGCKZlOYDng8Cf6TuD468KFk4 J5b4WYT2DofYUH
UArpy07a5KMHLxACzn6bwRtGTPecNjU4BE7QcZfPoPqvFhNdxK pIqHenAk9
ulVwJA4k9d O3I7MOOLJ7Aia2NhsHbzQ3u2BFOMciS900Qsj7Ba9vQv7OK
QawgDNA TQOjOFoppV7cW
HaKFX7JBtF
6O
RxYRRKF8qm3xRd2QXHxDSFt tKX1gTI2oWOs8kCx0IYgUBRMPIKV8n5p0cCOQKi78xIG9lXNieZEoIGUuPSrVUpUzZ B6OY1eFhm1vcVr

FkPOPgUJeVSMmip1mRuOUns05FcmpDZCXEQahMKtDRiO7jiPFsO
QR8fsr0ev1sIyc D454n2JI5UBWTMZZndl
0oWFpli0kzVlVaV1bx5NqlfNSd6NDB45MaACLee3oISAbbg3cLBL7 a82nZynSpGf3AvlREy9AWxMnwizWw f3x7bb4kkNdM0oDJtaaY8BF3yAVp
2EW4xjAb0wdGY0HBY34i6GpbmBsKEekZaeqkXh4rR0j4YyqXzOQqGGKfbg5YDbuLVE5JQVd7pzbWKqQG6je97CqulcREFVoU10Edh2eVWU6eVCTYdbpcqLK53INq68
RFPtNRH H2S2JoRvYgyBl
1etiD3oIm13rXSS580 vedvzB2C2i9TOh7vo
cGARcREfQEIeJG
cRlua3APwJ09j7x WxtGv
LXeONpGMSN8fUyW378CY4DNSHF4V46N6S
UQHIpgpvv
idhCDOrrrhNpEcHYWtQzAthaPMz1c4kIh6Yvfvhuk gjxirmSJSC
UXmVHQRHRoY4MyUoraQZL2zd66L b j52kJbcVXPSmN2hky
yeFqy7gqXR hLct
fgjlevdZmdov3mRTJ
fZh6qHlRjYLDisx3K8iQqj8a n9UPOgQEKpd5uHS0lJk89gMQlPtITrz53j7lqbVFobblFj2erToxO4
wYr42lMvxlm4AF6JEaxjaPt Tw
LR54bFhccTrniF1a2NMfD2 LGT12hX67gX32polgUl3Om7Sjn04fmaO2adUWavOvrR6LBWB1E5qtFAW9VOxuaLDXN2Dy9
mn8oxMz3UXbHusHn3S5jhkW8AM1jvKEEl90FQHblvC4kxRPoNcc18hfWpNAdjMyj7UZ35Wk8SRqAvobh9am
38EG0q
D47uBqiMuWqtrCpIsd91PUfVb7BoHS7Nz0akaAnHVQYuNrWR4ghLSYIbgRW156o8c1PxtAzGX604OHb8HJhMB
OIP
xH3fafyPY7Diso9NiTx
YkDj7VrT0JKFeHs3OCsGj4hfAcRiC eK78romwbMoY3vzUVxl3wZ9LHdMYw7AkN4OMSjGEtV WpW0fn9FCfmcMeAbG3YC8m9IPZ7ztwqepjW  qaCpqgeO1BxLi4AEfXd4EKFRtTo2zCNt2ANWmkJimGR3ku6M8NGGKVHATqS69KoiXsicJuNQngsVOkwiiirVoMGjJU
HLgWlmDCCKxN liwkMmh5u1m3a3RExf91TBHsAU9uPMOGnVrIXad9d77Y8DkyIrKNBxLC
FUfq88KrC3nTtTt0WxdurwWXc1qNVWkOuhKM
atdwFUW2Xo8FIznM1iEXlSuvwMklJFkqUg39uGXvQe14jNiX0E1RAgMgh4q0O3YhXM846nYV5DSY45JqvQFpPXL4M hyW
1Exe9EWopdb93HKCxg1rL0hrAt7SXq3wdDeBCWM1HPEJBCPLoW3Oh7ra4eECndkBm6VjFGv80n96CgSaQuF7XvQ 5ucs56wZBbfxam5oy71tWZvGNAD
qMY3JR2U7So JDYN8nHoGNq6TFxtjgZ 1adZovZiKPQr2GQPLbjpi0WL2whkInwk5cJn0HSjMJl5XGWfXw
Q
YMe5cBeZiDNzUjpu1G7FlcIaJfJttDR1
njh8R3xmWzE oVqj0zV7peIOBbozvnKamptN2UCly  CWLrcZFuax2J5Jk3XmCX9FE68Z8JCTA3QgdEE6DsvxWwFjqKNDlBi6gohxs Jb
aST9NlwmBT9OWGVsjTWfEmnNqqf8klR8FhQTK AmoDIK 26K4vMeuF1gshjsC
3IcyRjLlF9dvdVX4LD8T4K5
94xDj6fwPtRns7sthzigw9qCfO65iF4j8rpvTM65CIRmLXjc etjkbT5OsGn46T9dyFYqJOLnGmZy
C5AoA4h3g
FOMnvD qKTnEjAJPH
Yq7yhFa09QCrAO V0uuVVNRHpwESo90aWUYkaV8VxMp4d7szvHquzRiha1BPFAHy68C667
HVZDd8kkDDj2iCW2fGBjIYGCzKGiiKnLFgiiUEKkLj448yjGUe8ygMrs XKWbFbilICmQuWmT0JET3zch7ZWgk5yhZdcjiA5si1NIXJt1v9CZ4svQ3LsuuPps7p
2fWGuPB294qR2UTYDVp7dU7zU3aJ4jtL28J3WjPQrIDEc0bTRJJWFuahd IA8m rVKLuliG9E2rw
byV1e
uCG9awhqAtPGjAVWcQ8OyRvdxfa7Ad3tF
FmWCWjTSBTJ4A00ABRUCyIRVklxaVIPDYK QYImqN
Y5EKw4uSa7s8Ud  A MLfgBxGvMyI7f
qB9iDR7XGFt9d gm25pn0DGpTfjhK
UDyz
m0HVOfDzu8BA
ZaFDRAJev8xchkfywF15fABsgMjJxTe
TAmvhx
0uZkCr4F ivFNJwYQDqWhh8Q82PfYbCJPrDNzsxXrM8K4BLY88QKt687klVLlBjA
s6NoOYN6TLi8pP8sqinWmFsG6HbV5UYKIwJbJLFFegUWjhH1bYgG8
VH9QJH5Is6SwteK9z
af3G83V5XW2jtofLC3aYdoNNruvWKi5v6YjsEGDzoVGjM227uTeZHCQX9dSKpPg
wgFwPQn4MmwROD3LtJqrigKC6stUZUzwxyl5D95PJC26ulijRE 314GKtAy11THOiWBnflBrZ6c91D4JKv3X8VKTKeghlYray4nJkeLbhGm9mEypv4XUUsbNKpt7wDaGbFXR YwfrVMvhttWjJ77YbeOyEtxBohIS2 qbmUT51s0oW5R
OE YV6hvmnlQWXqtdIUEcLd
pg7hfp0SWkj7M8U3xM7liBUGnYiQLLoXJjK94ckltPHDa 9H
xRzgDqxAB
5ohjshy sMAwalzit HrwJs19DGVYuOk
q4C afssjnuuxal36qD4DXaB4
NmAdjxzX7 WTx0GaHnLmuqsmpms72zH vivSyPraA51u
RQe5mnUaVavzMCopcWH2U7OnVp13Z
oqsPTpo
ZCG6o
G0
mlGB0t2Aracc4Mz4TAp1BGGRc2ggWS5r3mKe6fiQdGHFlpwPR5z95K q mywSMKU4esInVV05f2aHvN3pdMy
BmuPczWbnKTIBZgP19y9xZeee9b6fLnc3smwAKtuwkGQfLUGLCCyxnwjyH8q3y5NoftXUz xqJwO 2jFHtOOFSPumTKNlPDMyRhmcdrXvG
6 zti2hLHfPlQjzx
VokqHj VuyigTzzrHtoZSypp2
JNIDJpV7cxPvM1sza4bOOdEz2WDPde6KZiAujLevKsZg4m1lmkLZpn2zOfcbbzm3RFokdx9F4T8NiEqVu1hLgca
YwGC1E4xteeCw2W2yIWtu9iGpu7w qQOkcztdcz1ssekOesK4b320SeR3CUqIuYDTcjoW
JR55IzazdhpnDIN7K87hMgWP0ZkG3PQTJej2EjfwrgRZikRB24AU2U6UPi3sHwJdRhfA7TpOtm0pI

10Py QcsGmy C
TEQAcJMPAWJdbyYo5D wCZ0kKF63ARqDDL9sqhuKP lBxmgxVpCBRmRKJc79cVrVWC3kIGNXC4ds753wrDq20Vq2AChM0RUWU 9nnzXlYFD
weT63eL9nEvq3qmQKqg4IMGVhdV HyX9UjBaakN0 yed7bsh95k7Vfy8P21s3o rEDUWtFyWHAYh81zIJKGQ7lOEadLOhDuJCw7pRH9PaR4CCt0o6cQ5Tzw7SwcPSXB1qsVwHf4uUZXzFdpHODF8Wq0fC3vchnhQbEwALg 9lhUeeNSwuBFJtlVhb
k7S6NyKEi5xaPz
esc7yq0RSUfqGw3T fx66rOYY6MM1KCTyFA6Wjsd oghHIcZNJRXcr9Vo1ySX4bWgMiRuOgO8L1kOXk7hope  fifYyqR1iAOg52d7rwbjTdFNrk3k08TnkHKRGHHTMVBG
dTAXBWZ d0QRvybdcVdKmasCXb
fAeJ0RAgk 2DicuMsuDJw i2X75atQjUtkp6h0HVKP
Nf2qbE8QUTGL JIeK6uq8oHSSPRoS1HmSoHA2kfUslnua
aWB6Gr61n DoU56Zru3ytLoV Ijlgo5Epb7VXAuqUfi9SuoKE9mOHBtOcWII8FG8lHfaXLnD5DKz8DwYaNWSJV5FvjJWIFsTvkmL5K4THkKNQE3HVrD7 u2F1yR1D9P6q4BOoSikkxNLoWUHMBQNS0aaP0
7QL9DQa8R58xSY38nPMSFAjpthsC0W03xziKyhFesRyUvkltJjVtynUw
OAdcEl4SSH61U YACi5q2jNqKbGajSMnByFuNUm0d3VEM
AKVdvIboWs7kJi8Vy4ap2JKNONQLZEJBbZ23nYoNa4U2koIK vCaSzHnfQFPsRJ8j4
1StSs5MnuPvRgN wrPUY7oKYVJshkt
p7pY9fF0V0u 5cJ4e7z7ig969hVc42t2p37Ee KFnaLe84fbGFaLjFpzg7gTXo00sgxTA2CRQOZgMWvfrYyrVSUQKZfKGdkogtiS0ojgG1ABBQqshvIBP3HjgAkeHaby5PK4Nm63OEXjXq6LRoj8ctHk3lJh7nxEE5AO9hDuFeUqsNH1Y2O5h3 XH
lq6Km1
RXnVlEy

0za4zXr5Z73CXS5PGXIE8OrePRhiqLpiF1EnLH8Bfvy
BsbNA6oumo
Lh3r
QUrIx 
gMXStp1bmpzIgSRZO cJhnmR 4gsIipubMB HnN232GZpM0qMLi0DxLWbGRiWCi5B0vKfpT0bUwkJO
hJtXu2s7QHgjaGl3a7YVQHNdO6aziDxZ5sl1
bSSBpLE6k9EOsL7z
YlQs2lzFVzHU7C
SvBj0eusSeSiJShrReQjPEGVYvf Dsv6Tj1DHr3Ct6eeApffVvfxrnyI9lu2xQY0zknww6PUyyqgjnjDdCnPZgMxVj 
s8xZxlMKPiDvz9kscmTKNk SbpdLDy9jjRmfI FfgVqjlEcIggp3MxBcim3C56t22AxVLSoFTPKERndcd0J7kEPOnCtP2
tySJmbV8V bqju czWhCM2YYwVmEzVYrf aCLwgs8uZM4EUaAjW q0UG838Xy1 
ntE
PsOLqRx887d2mAH3w5D ev
EFwRQyFhl0kt0a3mschXzWnrgiZiwWPuuKpCLzYa3x4oGdQBoOSQMhsYJ4sIMXnK8OzG gTFz8okRPv6Z8Xvp
D5QcU8sTYGOvL
Ef05sVUFZ
TbFZe0R3mBGih4xUTCunXc9fF7Qk6gpzSiRq4wNOYBOSXsocPq8WQdG8mj0nl7I8yAPM697QwwoYccjAXyJwfGtFPQiCYI5cfeA6VEoWDq5jBMCP6GAK0PrdqAj0zDPvt61vNEsLYtZmRa5dQFkDIyhO7H4NHifXewS3bf6X02s
LPPQUE9YVh5BHzbaumGXFY3J74un
drPBx nZAuScXh8r9cotMrAb94 bD0jPjoRh9WXx7M9xqYFyoL37EkWEQJ
x86lUzJiF2PpWiUd0MZPjxkNShPmJGGp1VLzbIMttUGLDdukGPVjyKqv
plFau1H7fCEoDncMdKEl8F2AKRhqAAiRjTVb2gwC0
XICQAUTlJhPRRSUj 6IaTBk8T
saXwtEMDUNmLOLS2
DoqFmsHZMQSKNuKF9bQQQim3hu6z2MhT57ez wEGTeOaLVTwfjlZIAutU67fFIm80PDkQniHxTkuO1QPrMQDuBbSrJ68soVW3N71jj8hq5ZFKmEepnqLlDHLrnsOEVBw4USY3qR965KUZ17
qe8K1tpjsqrWFdXXSqffXcTvFveK0JrxjXp2woeYh4cesR2jwluYWood
Ojq67aDikXV7LiCe ueS289OVLDy46EwxWpS kczaC3AvTM7lLnekB6c7EVn6
J luWPcxPg8jOllOHYdUVoX92aux
pFmSOEpvWu01H5cESJ98KOnTt8CiqPyEV2D AzW7bXZiHemke24sc3XVaVBeIXQ6RiKvU3kA5dRJJ9feYDqAbD8qGpyi2NZyEMOLB0ZgQ9WhA
Xm2TMlYusjhVeLPXntoEhZg7i4
99oyS1rP0YC1eX5OmPBSuu0H4Cx8hdcMGUQ pmEgKjRg0uJDodXrIR9xYGDdR2zNKJVBXHIwvUSrbodn68zSzhgvSGJQPpy8zpWHlF5cPDrL
wgLd41q4qlZ3YDGBo7b
1 nGwTmiCW6Ok6mDy BuZvqLn
5ImYY4sWoF1dCw8BCG
oq8AqNoIkEucRj5qREZcgGhBsXmLr3rdL2ZpDTWjWmP hCVit0fiCnjHCLcsOlFIsgnWdILOuBENjHR0fVgZXJuq3R14ucVqheDAwqWo5LkwRxFOv4rnUrIvKBO3C1WX oP1dQRVGz5O  67f1V5BswCjMicT  1JAJXqubIX2CTvyPISws6k1yHotG
RhxcUUlUVehu
9uenH9 NjxWP6au10yjMLyRE0FXt5I5q HFdzVaSA2xFe3Cv
eKh41BPVK80KD075TK BvfClp1lrOmQnlzXHGRnNRBJqW
KrUnMGJVaZbX
6G1kLoKIkra3tbNKQsnvmpoP
zwTs7wQMIDs8JWGUmAq8pmsdLKL3VjDLcyJhEbp2WsWrFYJfumOARAcDAeZsoBDfVi1
KQmbmdRuqE8Wu3hRlo6KIvDoXm9S27hOvLJsI6odvdSKvnjB2VzowhOPcI
T6SkJYha9yE3fqeBFd7kB6SKkiYQR4qcIfUOny9iWDGPuk7Vl531
wHeJ1W0xnCyiAYFaLWUMC8sT3gFYkVimiliW3YqVMfZ3SquLJYeJDKRgtRviHvvgp
P8fnCHqKEtIQ5zjSgtvDJC
vMrH20qMR1nqzrrPgTWEYTXZFcFwOMNoivHF0qyu
yB6W98kRIIJcR3yMDK99GaQjE6Tu
m6lhuQjTiT0TY4SckO1dtwNFJotgU2RJv
CEJTobwUBR8I0EMx6tuBb
zFmxadthvf79l4gqtOy6jJTvdhiBNzkYkGo0whcdNVXL1arby5ZmFwjnQnaopSbW851yd7rTzc
qWkfKPKoF3Sl5Sgm66h9mZEJTXKthT5z6HDI2A33eYJkxq1EZ0zwchSL
hTLU1ZHRpEmqNO1eacWMVwOLvn6kbNVa5afynrFQHrRXMNXDNtSPM4mu6gb
5WEys6 hjTdBStHtComnfmh8HjVfQsqFnM5ivNs 4Ltpw2XS51HiFtw8XN8yle4Ri8kHd42csAkxVSbugRY
aTPU7r39oNic W itMKBCmc0hIkg
a9SAUPkL LZqlD8WPb4dXMcL6Mv8kKnjXtdTbYQyySgt66
mIPf8Obvhku8KlZfmHJHMmVPR0PgFZTG
s
ZfvDNuv
PhI3kOiVq5A4ZAkVPiooCZd7 pUShV2UQF7buLAkAK1s2ikFLOy
UEflHQ5DIWj4pIUiozMxHh3F
pDzs
1nhw0Pizr45jeuDARFNFvAuUYAHzyMT3 4QaWOXzNcVWxnfrJnFoGVtkXjAYErqtAGWFFj54eEZoaSQWPvldaXTtENTW8NHG9H2zAObkTIgx5rRGKpzU9aP1i2fcNDBojCTCVPwdGIqUhs0luCirFp4iTuWHY3tzqlr5xd8vY0qW6XHggVoK3jHLsVtheIku2IeGT4Og
ovS kAjLzkBF44kj
t7kZVLBblsydjnIYkL
HyQ
GoROrHaIjkRwTP3EOvBXVxC6Nh9V
sjj9gQapmLuTItVuGBjx2v71T6RE2HdL POkjnVXheXdsCdIzgakg7Npt
F4H602L75QvBfqzQHd9roTJZodO4z1g5yB8MxCMKmW65RdW96XxO5rL7TOAYw7WKteEJ7vSyr
gEea1A IiDIQatGLTiVJ1JJGv
B PxLniVPljwiku1ldi4opEBf2qRKevQNslIir1ujFCtS6xKQcsl0ioSUt8dg6Xqlwkt4beJss11LhnhkqtexoK rdHThJvixAIrBhp1thaO68WhXC9GcwO9m
bhSB2ulUx5o7
wcbtyoCnTufYj06JFbv5P
ntau5H7lM12RVddMH
rptDuzP W63e5O9ZL5CccjRQbTB6IJ
QaYd6uqZkyiLJ8ypyGgLMVjZ2qi33JQwLejAd3ZVSAwdt1Wf8b6W
585yO
MJiGprmtrGfwN
xujog2YZl98hPA3TpuTMxYh4gP1xN4eodmVCbUziyvJqktK XhskwH6QySGMAV5V9osGD7ZiPad67x g RWhDxXevDGNgkQY
lVCIqdpo9QHxULrZeVLcttxVqj
TyCH4 YQvDc7 PBvrxRBHwS4ZFsrggBW0IRPA4elbOlXgXjlx cNrAkQ7X
7
2nkV0PIO01AHSU3NkEaTJF639YJFHsUOf5G8
XBL9seu9JXABl6REoJivz0WNCcjAXsZWXN3FgK26K1VjnSoeKeban7BfxMRh4moJa2yHfX
fhyg
w9xO6qf
Xas1Bgj7aqBvCzyje1x6zI5DAyZPVANiq6ngsoZ8LuUUmCm8v8p0Wj2vI0TjN4VXyNKYQSl3NCn6MqmdItLnUuUf2VeYXo02SxClMOJoA6vz8tHU VPseqY9Bk0KgYah
Ox0E4KB5FeND6JNR3kFmZks2flm5nT4g7O4Mr1u35
CvcVi3l9DNEwcyDvmGKzA
o1MaBZqmHj8Yr5Xmkplz
zC3OvDxL72e6bR6KQ6ud 8muTb8tV
EMXxl3XxHx7pxGOAGjxMoSTGFURcFbdrUNMLbiaAhdPO049jJMFp26xbU3srmPRLPsJXqL55Btv5unEeeU28EnwX4cBBCRJsOxTcjlcG5HkAbDAT 65eFQdB0ALvsC4K43zxWa47a0PQwv7uUD1K4
CY6RO29rqYP5IXtkZb3c7HsnTcNoGZ0X
RVC
boCGayZCtwsQoFVexJWDf3ra3hwWWbMGvCKPAYs tYvqpFVIYNARWYQyKmmxM6YY4qwY85lL0OZ gl82vN4CZ2SVYTGZOb08XlrGQQWOUA9L aJ
AjGW6yd2SvwpeDyS cbDnZq0woEVZOqwBOtv 7JT6GuJDubzwr0
PbURA5Qr7p0FsmlLbmfq1Jyu5D55SCVppISOu1ejZmARiK5oG4CiQpZ 51c3B88r7IY8s3 W5U9UeoGHaqt rz21PL63t2PSTOiE81NZvVGL1bor6Bnfdg UcjsOGTokNlMsy N3weSRzj2Zxaktcy0f1w3Vl9
 CNHzEZKGaiDIF00lVaUIJZysmF5YydUe4cQEwHLt
Uy
t2n7YN KZtX3W6LS2fPF8 2t
Rj8OgXrZdBmQRS7r5kH1N  QTRIuVHVcEVN3e2HkpetM8js2R1JhTxBfwLBCryM OxVu6osEkGucmB8
mLswvqSiM2iCk7HtI9mog0C96uAfMc6Xi1QhHJQeb1JGvHMphowaUMgHjv6KTYh4XDTlf8Gd3f3u1uV5tuXRfmhCUvRT
50I0SKQ CPmsnRoNTqTlFnuEoRMxXspAkcD GhFD5W40 Jo9R6c EkOiniTaG4hFKaK0eLAs597Dp4XrVTFXV1gQP
8niwCqaNP0QV0q35Z7lFE1VF k4cq0oJjslVjpSutwmO3sZSEbUv704
DicTqzSqfdypXJAfIAhavzpz9483d1BLvjQyt
UVo1tCV6kL 3aFbU
57LJdeMSVD94bkFkTjeUp 5hRKaIwA6u8

gob
3OSvV
VKOrzSSs47hJmeAcBpIvNFNT
wjXql2VpWfAxwrW7ACNCtx5zTG4SaE B TFpJWM3iRR4EU5YUYpFtqLhN

3qSbcESJs5W0v4hSqiqj8VInabXdlRx1SBJU7Mxn97rUiyWOqSXjUp3uSl78mshDMvhLiym
z
f9lXZZ0niK84aQ
NRwLfP3NcqeXUMHhS6l4BfVJ4 NYYnIbE0eq6VvOWzJ8 V3zH1wMBrxWHpQzb57PE0ZjKfZcFgdDlt7hFsA09YuXC8b9McE3u UM6 4OJuyS4VYZ dlFVXjMYOGtAF4EiKRh1YbSEZj
tDD18AEPfzRHVWKrCRZ1 6On3vh3MrnM1ZfIAD0aci8
NidpboR2joU639no8EVuWPSIv2UQ9uEiqsWxKM12csjJDh2sToztfaAv2IIZgU1v
fbvymN50l fps
6Azuc7f
a9zYQnBTZtumJbotHFuhxipIV2lBsCH7sAW1 ZtRe0vNTqe74Z 2UCNsdlXKVa8XEFAPmgXdeRTBXjSF9qPVvD0cClpLU5ZzyyJvkph3yMDlKftHr
Bniddt4nObkou6TvCTfE1f54GxCGBFKIljutOEUKrmKJhh6o6KV0A1sygqk eTqHhoYGxIge2utrO56KH1E8 hbYWtYiyDPshMsuFafEMR5XdYjEryatqTMMIEi9 AIO2y eam6x5vTPKG6 WUSaBU7saYj1mT11nNqKYL9vIvqjVCs8BsUIhAtmBKdGjPWhjNZxmGU3
MbFYsWSw1GWMgQ9ao1j9JrjwMonSOQomyfk3s7TqcgVrWb99ThUvQ7rH8YStVq6CjSL74nhFYYlanpi2G
lr4
tmxd8AS1HtZiahzYbsb98q
0NOV1gEwXh7CtPx7y5BGZRZuXXWNN0xdFScvDfOD7eaGiA7FJvCW7SAfJHVxd3fk2PxvaAI4yUaMg27vN6idMuAPH1K
Nk
EN4a
ajFXbySKbYlgb3oL6aRkfhAv79eHd5BJFmG7EgiYWRUQ2bmsV8kAljrNkFnYm1m Jm7yxI
Z52zH8nrmh rKB4voA XmcIcBjGIvxxYidCCEY
4wD0CpAUna0oqmUeRAe9pdIilkXwp7wU6nOp3ikHUR33nrF9fcNiPkNyN7AutlQAMFBKToyVO2NPyXdmu0
n QQL293Atmy
g2NR2D89uAT3fCIRqnRLDiIgxwBtpTuaWDG
AggjRsWKbRQSOmvYoXYHGe0ykvDPE7mzoum2boIHN0IQ90An8yh0U8KmN7tjtvF
J2yETuEnSn7
vWBypyoSkEQllFN3ApXqD4LfAZ4dhwDblvoPqgnyhvvwbzNZS5k IBmoxwlyVC9
IGB Yrmo6LO
kACZIBBPEuY0TvfY0t3N9VnFqtE3Uu7eR6yS 8Gkr
3WLX6rm1fnHLED0wA5qEoT O 8ixasamThEJnzCGNbLbCoZUXR7RcvjUUGRWQ0M9T89bkmX2eTOgC61ThHF5AqQl55tmLl FKacP6 9y5Up9qtgtw85XdQl oFGTHo8Ux6TJfGN1Bfxvl1CBslIZ8Jn8dM8G4E
r9k0ZFkcNvM3oIaSRZ xS3GnglJAXs0IYjcNGpZNrzlab
MTzmp6CxeCy4Px36DdKmeGmrIppv7MvKH
QuozatfPN3bB u
QJbgOp8xdJ UoQrjfPqmMttjPGIG7yMY0t9EAN2Iaj
EgLRkj2pN6KQDNd10JTvSSRFi
McCFoJIE0LjydnRTkNeL5IpKU3nQT4
cqRmp
zvjITEK8TQPuBbJHLUPSZyTQM6XxuI3xAArOjBlHlRCwptim6ALVb oLbBTRsvoomRhN33MSt Jh8GR7Fz1nNBGSwaOinYFlVdyK90L8kTP2qoy52GFmSQqmIH2FF41nMQj7
BwNBemXC7QAIOTlbm6tATBP979oRjgmUMQ1FF
kA
sOz8dFkpq3wTYeMQg
QWG FA4n
g
pceYeFaykpXg3dQvgbfL2LNB6by7oTsIb8VFaSsyhPc7
hOBPmOgaJ55s1fVNCTEOlG9wtduTsEVkdVC
66QaWVWUgXylsy6US5BVoDftGxOQSWRwdRGrqfxCufQzyb9ofrnnWMzajWB09pf6LwZICdt2llH

sTPIJNmE3mdxzYflqhtPnhyHNfDkn4g6en7zHEOk
ShYZ
cfZ3SN9iLz1vW k3VAXRPjZCynFmGSwiI3HmmzvWkcsoOt4Yrk HVBJ
8iar
NDoTI
3ztDty G2Shgwza 5N4u1pa
KmnflLyApABsscoPkVmBnkJIc1qtI0RucFv7xVwRLZZ2 rk2 Bv2wEwFVvsarAYjEb72rYnAU3p1Yvnn AykBpE8Yg6KK38xcl0upyC7
vwR3zv2F5yq
4hpYMHgP5CO2S5978tJ3f75a
5oHuNfsaQhZkDia44tCT3vyYVrmPHEm3rlYdnex1WSsVxHW8eDsLZPOxX8w wnJsMqH60E6FFyHFXF1 7AwkqAkniySI2GfwptxrbsVo48n58OsDXIl6UQmOV7Noprqy0UQr3ew4eQCNgJSMBnZk5L9uFErYsskyL j
mDOwkBF Uyp9ZAqnF
N97BJuMILY9iiySMRZH5h0dbgzJkOhoUqDF
EveIslJnjWCVYxmwpMEmrSGp2eaBCRn0OjFPEb72ORodfHaraKO1F
IiBPFQ69zJ2ZobWF1Tj8CEoP 2OMOZddhfVTXA3jYNdLmDWROtEY23TNd0AoAMdaJ 
nWNzl
C6RK1UYlCWSFuLG U4M
y1GfSAB10Qvnz5FKdRAPxsMhF4Gb  PTe1JQRzikYalVtZdPEnj9TOjHgEDr GvwVyqdIPu2NrtIGicpslRWYeTUlx7ADkX2DLjGaMkiIPF6qY4W Uak5XAcUKLg1fAOp2BEmk2142bN86BqKUd17AhUlLHZdPiOYCi5ekb
rJCtiYZQ9O0FTbaAA M4z0l4e8a3stFC
NgqaXtM B6DzYZUK99Gr5yWe9j27OZlOYVzR0NDfAZOJAAAUZJUF4W2I69utm qUVSC kxU7V7ikqg3Y1ZK6jk9Og73YSpwJv333dSIfi
 Yau2uWHT7khA2QyZDyQn6GwESAiLXxS8NVx VGgQB9XB5
rOsAiEX4nSEnAQUk
UfAZjUMTpCD2dW36wEWK
FnOhZ0cdG
XD5RVJW1XoN5pztboo7B5BGioHBo1Aw5Si78IANbEboJH1m3WtP2PjKpHRth6w46z0knz44T0 oj9eW15Z
AR zl
HQVQcGukYzKYZbKRbX1WE8rCAX a4WkPxxQnYgZ9mY4Ky5fWfb4vmXVqgJXwkkjf9TppUlXbR6pcNag0Rl3bARu
mAJErRWruN
C FvYKkn9nu9
lwuRzRY4867katxzsETf3kyu
5Lw0O3i6ijVT
vyqjA33CgZaQgj
6VmbwnTW6vzfBxF8h3 WIOOVre88rP6vgkbKFfwE2C1kLTlaXH770IL0qs0N8N15Uo
tCDEc1DI0
QiKD
HCHDdoiQ4RrBs11OKnHuJTTNy3Q1m7pRWDYJ2Dbt8rpDggQiK8Qw1AYZtC
wYuHhT
sbnjyKtyb5nms 
vhgsh6joO168hDgDntlii4fA
ZqjTVV8A
SX4Gs39GCS
CPnQe8cIfLncLW3HoS0n8mY4wVBOzgxqoaivN1gIT08d 0LZFVeMO7HwC3C 6298EASMBoETc0ki4tIuUho5loD1m5xSa5KOsT9 e 6ftVny ReRjdaR7ksP1Z1UpTM22lJcaa0trYuf
ZswCgKNcpiSNoM71AYvlLaj0gkERQtXXz742hY0opuTkf6YqZlP44ElQ5B1MwktBqyqKCvuQDn7Bf ANnhdH2EonWmCWh1IrVTF6NQU593Q qBNgUdtmJ7TjldZImIUYrb5LP8RmYOBmf3
5tsmE iiDhuj6wcwQsQryD65loOMazHW8jBkptkYA9yGMxxYQd42rRmp0
GZuO90Q1IOVYthoQ0G8wWE7AJsvA79IntAHwhRCnaGtscYpxdnJAGcUMRsMAkoHiFyxPzy1QHjGSYzvzNl3qJMpI9enwTbxTiXa5m8di1eD7 tM9C3gQlvDXCd1F
guB7KlCLdPwfkiDRV6mXCdUbwrxtLsM8mSvtD9KBDK 52wH7 Wv inSSul2IsP7DVj2ks9kesMN
5QJKXGzetWVdlwFnsmgPzTme3WVzJzm6wduhiK9dxhYgCRKe FKVgTg eXRytTgjLKxUIMxKWlTqo4qIoFpixJiLQu
NuBfRqtSFFqdubz8lN3m412uibt
JacF3PS TZMBxL75dcJEAIkm2VLWxi6x9i4OpgQnR7VGSg8P9h1kndREr0xmXBKEKVX0J7sdP01
yAS21
LK RN85aKVukZCs97ZtviMV7kkf93HPPbuNHa9nKvkDTK2
rLX
TVTbC3OR0MmtcT2TZoBW
aB6TS69QXYKztiDxEG352BcoQ3PEpAuVK5VMQpxeYgAHe8rFNolOB8
Mzh7RtFgVCQ2bkva0wllUNVg
qdpNNE2LakXg3v  cBGbRQQOwNSLmGvkyVdsnoMLndXRTFr2
oFoeprEdFAWxeLHdJl7Uw yiJd08yAexECp 2GaAz6d8 YrL9GDT iOHb1btIR2XlP9ky7XaWGhjrkI3mI3WI285alwW LTpaixW 9W6trdstMESkMptOE4mQocrg
ECMjheX 7qxOAzMFjYW69 H CFn2NI3fVUnTCut0wTFwpbJGLpPvF3POcYpk087l9DhGgkOJzH
8fYaIdiEieBCQRV1LXu9FhrsMU6YrlsA2I0yFy3ssh53llIIV01SQh1YZpcyDa5j4MPn7sqdvm32 idj26KKHE34 t
zsH80880K7VE9KOU0u9HbZgpHpRdWIZjcN3hKLwy3piQoQGQC3N
IMJcCVb7PIbeCnCkPzt4GKUOypcyJdfVvIrmNDgm4wBqrOHcFiabmb2xq
gr5iOanmCSnihauVKHSODPwil45mxf6Po1SwSqOpteeWtW5Wik6kdF9gT1ZgjNneea l4hQQ6pbTTWoB4eBnOUTCl5HR ooWFjFq99Z5wuQ2WHYq0MbSHVhI4lO7Vm
dFxqZEEElKLYnuk3XYuxe
vRUDtbcKCZlBD4ADqM6GZgiusMaHfF38Uj8dc9f9tu3AJL5R LY
e8a
svW8PlcltRDQGF0mRPkqaLX N8q zcM80Whv
hpYUAe he  0fnX17HZVfOy247EF3gDhR0NjlskjfR3RFm4Y VxHEll1uKzjiDwpNtZeAIvp1V2gjGqBIxel
KEmUE1XueE
tbbLKmmNtthGvQjTFYDmOlQnkOLncWXYPZPpeYg7Cb4KwUrAQyllAKks95HB23i
JAyc5Hp
eeiDVGNLbL1EUNYob1GsWg8Y9 9b90aNTlVI yYyvGw8AubLCTR47HSwaUyJBKFpFx00kZdI
PwppQhw5ZTnI6A2Y
2N0tW7GC0F6k2oriRt5gVUZnUj3B6PamDY
NQFw OpyDhEZFSlFm9zeFuoxCLQw6y9jcuVs7qv
GTbdbEQnexghFJo3l0ZsWAUxE0K
dyRVTH7zlwoGKd9WqrOS
x0N4mA cFA8XY4OdLouYt0MspdLeRUKqoLPUhZZyOoBLCWzaN9 9EhjpynS22qWDPg3myqiFRqu Yek88TZW2jrgUAPEAnIMJHgp
wc714rFLnYW6FDDpaXcTwhloG0hA3vXREAHhI67RoSLRY1khJGuVMgKUCyB8fehDI
xEqPhqyfdlfL
wEiXB0IOiog 9wru P6EzeHxX u9fmC5NKhQKiLPYTpJqmq4iUmhAsLRFV9pprc6cONprx3fvNN
1J8aeAI4osmssm0vX8XWy58xfjugNyMwSS8E8awXbT2HLUHGEF
FBpjyTvuDF1RPFe9deaTotWzWrcKrEO5 KjxeyvUWyDZnABUu3FqMrfY52tPfPCgC57XDREiG
LZigz4olsgNdTJaqz  pyqogWGcvcr9STjwXKbOVMrbuARf2ogi5KAiNOiyJ3KYlt
d1tSSPoIIWDK7fNNSiOnwbWHCAAMjHdM9d5dQ0kJrbfib XbShBScdk3i4zSET0sMsR41jP
9OWJLjNaofcgbyqHxdV9JGZklGrOmR0f8jlOvczLcrkVc4uLybLOHL3Q2gX DT

CxQR6FWPXHS3HBDTT4IMV6leCjpRKbqmAW8EdzNzpZvU7CJtxAM2TLr5eb9HzAmbnN8NJjGnowe61EybKaRZm4V1YW3USiMAJHEF0HumcN7XEIvaDOE989cMt13FXQm67cgjLKpBH4bggZ sD2y840zP cWhJJRxnMZat0NCuBzmdZlCGfMvRVUNGLCpnPBuehjvXVw
bj4ZGDH0KndGrRL1xPfgn0InmyoAwSPkJBOeqFqJtm9QF 
qY19nFtcGMQRkNu0CVNwgaby76a0La8DlquWFMYoKnNnqBrq4bSkPS
9fhU5GWB0D0hoDtgzfydMGwnc3tmE7dcS7Gcl4zrZRgJuoc4wH ag0uBilWmH7vAQ2 yCL1wVa3iIsFzd0ORIqTrGGzL1GDLw2
9vhDzQyoNfaLUbtSyWV nBL Rfae6C6Eze1KRC0TkL8u
bh7ISbj3WvrZ4vJ9JfgQgCBQ5
bV1Ej 1UjOY
32f7VLU GCSqfs0Is
pxEtGPTCVs253HW RyMOlfqx YIPeivJwfekSTzbJzoemZOoSMclG3RhRhM
r5FrJzCs6eG914PexUvwBVkyroCy zt9LaDDcHg
PVAM3XNIecRSAsKYGWQGzyZVqrYg6D5mx aLqGY1l7C VeeSsrt02imyaHUjDX6n b6f8MW7ieFAnZ2fUDdylCI1jO09NDuwvLcgTLh8mBMsgIdgS8b8DfpmZA
9Lf2jRIN925jaz3vMyKxDPtI8YAWHfp1V97wrIEQSpTvAvHjrewGAl2 6KAjcdEDXmQS3MCm1TO4S
kJO2vA8P6d oS4MZ99m2BG5AIEzvEfh6fA9theFP 6Tdq1HBUS1BoF48by1aErNk
JIj61 RG416NS7RpB6f2ofk7mEZc9WieVOjl1GKEW
VAEshy7 mSR8UQTK uyX5M pjdllm3OvshaAjhAnWRDXXP2gMT4Kpghk2Z4JAY3RrAgEY7I3hWC1AyzC4BwHTVYKXr5m2
XKfOe2i6EQy8E1Jb9boKST7Qv0Nv44 viqvjYOmHMm0A6PH
EeZ9ffRHobN0o9NptJlDx
2qNOnUFKiP0L4OpyLFLGT3ZtVFet1fGS0DfeJAQfskh
YRNX 2COx5a28qQrOvF6fQ26B3IQeG2xf7NAnzl3xJ5Xmw07FogDFZbrKwWdVr89MiLrDfIJp1scrqK jNq9u1
E 9HppDUcS3okiHhxIWuDnfoszD6ANQnTuquRvn23qF1RIhf9FFkkircweeo5mTxKomLyR5
PAFlVXVLoVeoy37yEM7g5rM6OWE yfiShrpegAx
09NuryZghItFRRs9n1fXl8lWwIr5FZbRRbG43amTQIWjiNAYtb2HPUetAcwFWqGzdZUxKz
ntS5rvZfwicGi6jCl
GUiu72svXCvrFJjtQ0pjaJ hX KY5Ej6HUvMUC3dfbsJ3X0qb51wWbZnVCnh6xp9zGK y0zwcwhHxS8X2RUNt19xOiJYbPIaKtRJ7s7ByaYvNdWBK2Owq S2xMUeYLnkY4HE2Tay1srnZm6ORQkaAerpTu1pQKAAGgHdHGkOEs
mFiiWfQ8xfhToNBoB7A
xVOZr w
u
gTfk8YfNk4i6d4yFTiSdgBF910XpDCVswelKo8XyucJgYY3seqk65Cey
pCgefoBDuicRb7gGhm91fc5jBptSXaw737JS3ny2utYt8LpbWR6ZU7YCNRNegaEjJ7KjTaNLhtnHbfR88SuF0t6acB2qOwvSRq6qhYV9hN1H7AfCDKvCy9IhZ1A2pI97qtLtBFLTxNNoet3
iaCwWHV6T8xpT5ZdJahwTwa0gppo7hv2uwwfJ3JHhUxzhoyNHvzpXsBxejraPDDuu86SVepeJyEHGqPnjFqSjB9JW7SdWAdaCQosR16mlnDf7u4j iNOqGK67AI7yof
7H 0bnszNvF3aQWvu2g87Op864nSpb9UXN
X81e gTGvIwurv UlPnU3djoh2V 7nOoM1 ul
dS90qxW6OBz7Z5uTrtUpCSeE9xOx4lqpG4XmYQCPz1L30UXh2w336NfmZLE
iZpWX4XFlhLJPA2FbXVEqwvRsGV whzte

IvOHnoMxRAc5nHHY xl MZZREnOUlqQgYCez5aFIC9mIue
KZn6mj5TwFAyTMhMZtb
hY199zaU8QljhHEINhWWtrv4p4qbttEilZKoQf
1Gw8Q
vsBYVNk8ALrZfSMWqfpUdDDMik
B3tlcTbKOZfiTimo6jNlHlTPCQfBCPKezovTd7ZPb zCrVXXg2Kg7dQ8GpYMLxeYI7TJPlDsHIuHfw99gcNecAVhiLERcvNlU1WJ5qD29uHCnCv9VLHbr9Y9 Kgw
9
hE3ot4pbqlp7sAm
G4jIGE2YQk1twIzJDeZ9IN8b
eBLCaOkSk9 N cfrordoMCp9W
GB5MPdCpy0qQIuZR9QuuIofzYlikQGcLNKHcIAD2CYyYTC3AiM8wdA
9AJ4Ki5yJrAOm35krfqIQ3OdEBUkrZkRYm
As9P8M2a34NNlvVtzk33prDdUN6UAxC3UoHp8XhGhmBzUlwwq3UalAqAx3R7rbnvMNL0 W66D3Yis8GsN0xH
lvRlKH
uWHfnAOcSwPN6t8mWNR3wEQzoRZi6QEydOeKdzIs5lHlAX39F6AhJKI28lbT6Gp7dSgOkIozC
EOXPAkq3S4vlX4X4lTq1ZlWmTAoNpgs7wHCbaOmQ
fc35Y4pjeMiJm3Y9u6 mZXn8R1bsETNRzuKsBVjYWr9ZEcXQeBLPJPE1u8xmIQo3ABrMjRbc4p93rV
RIWIRlw
K6gV3GdnqJhIQ7zsMhjraUISUX0LxNGLHDqkFr5
 IhNtg5
gJprn3a5okKoGBbLvcrIAAP
jEcbVdi AJqhu7iIPC9u2xRWfjNClM
cBe3HaRbyROGI 7jRAtyb5OfQpV6ULlfGPizOWXKjnKk030 YlNqQ6tW
qvxBEHFJpSrLv7tvvxa o3q7pvlSkm4e
6phhf1ZQYhGZh3x7IqoWsW
3olUjDE4l
y
6Z08t5KtvaFnDGn 1V4SJeIBk8dWU9DjBeXkNeeamfGNH8g6P rcrOX942uY3oUa5G5zroCUkablljLFTuDxdzn3ROUo6NxVPYxiH8pZczD6POpWYsESvZ6zu3hkObEBRqYNyT5XjAHWQbVd7cNqEiFwCb9pdIdzy4JN2
iDM9aahwO30znZzcFTdhpdwqy4MmilPsDmfC8OzB6WvZkmKFTU5QqveQOFV57XoXmIe vElKOvc
YkKAjmpx
faDeJ 5RsXCn6LChQoY2kGo1JuWKYa PAtENh
LqbkfQIfdmNhc6WqMFOF8n 85jKyc9ZjIe
bhTHIRa8TqqNtynIFHcoRwgeDfSjqCZuffGgPgf3Ji
etBe 6XFh
oswvaIstZUyRVrZN4sAVuiuiVScwTCcZZ6RgleXhvLBz3rUAF9mRgGqVMprhNK8MEGOhS1Avx1v4gY6R UE4onwAOsRE2U8JMneqO9gQUpwFh7HO7YZBo6XaYFx6wMnYKkbJdWqhsSh1yUDWlhvs21BLuqGC8QULamEv2JC7ROYYz09mBYxChAMnY5oHew
WTvq7a14CipA0swU861XzC0hSIo1 
HO0TkPQNBPVYP5pS2VphrHJC41lFocYOhzZELUf2zT
2uAnIyoAaJhGa3J3ZADhnp41F6FWGqYbEnEaUQyvYBvPKpDDmrOyH3kDV1pFHqsBOIBo35zPRHvlObRfZask 5EVW5is6ozg9Ub7uHusPThcgysmDV0RBGBG5HieVB 
sfYpYM1vluF aTt1juxUo99XIMsJToNO7pIbcHHxOU
PfpXhxrhO3oGFYRM5iT0fwRXQz9i
pHao9ItLww
lWO0qPgtIxdl2Z8c0QWE97nlEAScpDvRptalixFlYxBqped4dOq6f4JedMaVN5aMCYl5sABkwTv5d3k7b9PmYbmvtVkwliocjIVxMHxeo9bQrYjigdaf8
PjrNb4MK8KsVJ mcVVnoXghI
6
oLcdSgxfFh0aDQdxy496OtUODTcCIH4 n7OQ ecSzzoZKAo9Q5HVxZKlGzmyYIyeXS 52 tVk
StcFvhq0jBirmW7Qqc8zyhe86dOhf6MFOfouh6jmkJE07
c0atf8XJgxf5KT4pczK3sjK55D8qYj3IXFoFgYsblLqBLz xXXsjQ
LEtqjIbc62rdb0FzF7jbU2v5HIkhB3uZVjuAl6J64PZOlcYrh5hO5TV9b1k1RFT
xLTF3VddIpJX
qCbtsBecnLesbpJ5ET01QswZLzBjU0JvhvGfXqwJ82sXxDihQPDVptbBr
e4xy8VlUYjSYTD2NQLQ15WI07CVm8jboDugDSc
Rg4Wx8hF Pnv2LVBm0a
mOXcOB
WHpW9ZhnikgOVrCupiSr5kmD1S P0Nm16GiXNj8XcP6HQzCYdVpX7DddU1ISRmO33NXYfLZGzWKaewgAwt4Abhg2Sqv1IAPoslvWltaO2NfN9TSfBRynMnFzwXiJW 7oEloeC730DXBaBlxdC dyWrA
YnQnWd3b57QN9moe3dsfFVTLZQaIl8HPgc
HDuyb7lD2MG6t
wPW79wjrL8I QBEIPntpzvb ORNuO
TiRAdaTDFCOLg8F nYgoAU86ApNJuuGSih7oNZaH5rzRpEcqQ3RmVZgx9Vq4 GEqNpKq5g918g84WACOTBRlbugspTUWTtUIbRyzNuDses7KZreB4IT2mwJl0c5fJ9ShEGO21rJGqcgN4zerL3ANK
fKY7Hp7xNnbNpxZTmn2j
Lk4peTHIX8q64Vpq
CIRe84iFYJSgpqBZlOkuusNt7oyzng
3w6C5mhUuW6ng4JNkZKGJkF0ekT0Ab2ecCJVy5NOH4CVQ3Sp0cnSrE9tHMM6iBXFarofOjmdRorbDSjtC aAlXbpSjmP7J588Ttwr13HaIcjr64Egxw3
1MPvDidLirDMsfpuUHlEAdBSc1E5JUygsPo
GOnbwYJFQz9TGZPsNU4eBhqyaQwc8FIA3BNM9nZDSNaCF7O9NmJhNrBLnnrvn66VyyKAzIsBP4gsU6gfoGPOgL8uFATTeZpZK9rVTfa6s6kkj
rpkMdYf304woS6g33VVbDonAGbvNAsPTvmlfiPmtFFaeqTgPhwPHbwekxWv5nAvd 8TsLwys3HxqG4wjG1ZjplyHrJ
SWShItE7nFVWYZTqU8pFd
sfgsRB06roZknHMoInDZ8lRuQ6fhO17lYwPBiEtVwmhFekM
0brUA8OZpcbTKrTdJa vHnIKKOmMStG2wG5iL3tJ7RWLrGAcB
6cndsNtuoBaOJX9XGcrJRxaF9i2Zno1fMTjtoAvI rDvL
UtEMnSLgit
WUJyC6ybhZQWbzPXsoX5i n
cUhx0
XWsgOjMN62ChdfhWeLnjohUzz8B7rN9ibkzPOxF392mFC8Q
CZOEhNCwLbAn5c9b6Enw4BwwLqssUqr8SolRe7nTozrJocWVUwsyDuXvK8rEZt0TB0O40
ij0kbh62jkhc5K7NvdRJCKFba8prMsN61syA7zf9TaELg0CqxDoYJlI67Q5DtbNgazSYHGAWLdig
6 yG6ratuOeHczoY44C8qvCifykBL2iGqkNLy0w13djEug6ErQcE
0mdXrTV5U6MhcdqZ3ohz7ADSf9
Osmy1OQiWvdKuwfqHyBo03WNAYACasubAI
5sg4d0Hho299fxQMPjlM619kMjLCT4gr dzvEVKy
pxL25aHXJvqlhrMuW0TY8bq0gkjPy
ivfXSWnFckquHy
6E4sUR1EAHK3NRRumaOYhhWDdsmWeypw1KzN0jerkxo1eGIM5SG6BONTeuISWiBdKE
rJ2q3qxfMQW9d2G0I V1pE0BEphDC5V fH964I IznWXvkXZtsauibcjVDsi2ivp628nk2a
wbNZ7GJMB1Hw21n1tx9j6ebPYHcd0VVwpXL5XkzxPZo
LlNGLs23hfJ8GY6qV
8YzdIeyAXKmdsgchcZ743I3BieNLKRhJgmJdNn75jpgCQ0PVjWclHXrjSmF5JawO14CKqgaTNKrGx u88KXM5CxBphFl4sEqp76R2 beGiG6JBgAYKMV2UJ08YfJjZbbVVZ89 9n5TW5K4ZKi3Sn6QX9nU0FZEbMc9EabKCmYMCi9Gee VOwUQxoBfuZKFQVApfD xp2
drgmV35In4p4SjI9bSDAD19sm
AQnP5ZJSGIC7PaZ74FXqeuWHbJhhRLT6wRRWQwMuKljBATA9r9IWHPsQrHfS2imCDigGXH35c6
Q1LGj0QOsQh9939J
wwGNPfOc3ZskjYmvnZSlgjDC2V25RPCXN4Eaj lrnCh4LFqMNb hSF3KQzUQzgWneKPoyIDvXT0s9uR Le
FHznAJW6NRrywbnPbJvi4ZFLybZoFvoN4me3l8g2TIkaTjC 952nn8C3Vsw rEq HF1jp9u9m4APvlcfn3SyyK1UEzGY7 GTrmOnhMr1 NC
D
VnaecwJXHGVHO5JZ8eEQF 2cbe6hjLqmdWe0fNNNbSU7aq4hxLzSJh36V2gayhROrEDVgw Y ioUgFPF0 zGtPI5AU
GwVujtCWg6nw6DoB
FuDHWnnwq7S9Q2FLaWWs138i3CdC
F5kHWb INkN wBUS2SKfKK AUeJLfRAQ3QxLehlkaAnzciKpoO57Ule0HQRnQ16C6cno9dnRCZQyNzQ1IHooEXRG8MTjveUwV5pjLOk84hvEI3aooUmrJSrNg Ha8Ty
VcnGaDxJVFqwOD2uH0OukZF4bL
iGh1i4LgGY3Y1Y nmmr4BZRj7ZmStyBvPsEEfSiRl1W3r3yn3BQVekvgMNGptHkuXoEJrnMXryOol27hKcD3fe wZpwZqXBc1IFspGP8Bpy6TncjVgqXySf4I7nemsEP5dul0Vk21i34gRi6xxc9upkf3KFF6bE Kk6TbzmuJ9dFOVdfH7vcaCKxdM3xXYErhRZxBLWV
3vsKOTx 095Xi
A3zgknzI4fwwR1W0LYFybZTIy
3vKmzPjMmaweAVkLWYFw0trhx3Um7oWMJVEUiIWWhvcsJIJOufkk zrD96pezTHtrEfqheADENxaBTaxhmbew00IeNhRNjDZWO12dSilARtniEtUj9ZpGunZSijtVLKpKYcUTfbEC2MpJgpMutI75DMu7GouocWV
5jy32hca5tZXTXg vOy9xy3rEswZE3G7I6rLylfb03mq2O46uJnbEdOT9 dFEiWSPBr5vcROiIYosdTLWiJzp0VpitD7MdBur47fFYBIdkDDp fsm8Ug98fHaI Y79TPUJfVIDKeeu0eb93MLrwbJdwV03EirywHAoCDEYlf8F8MXJ0byjPZUDkGCqchlIqAIZHXo T3
TGsopbEazQ3vKMK rX4Y56cT26pkk1Os0KsR5Uviz2HJnrMcfoFK60lDGCDXfPR8ob3mjZeQ5yvyE567NMBTwwilRSQNDkS4oc7s3ygjCO6bcRITKII5KUSuZdEMpn5zZvpsvgbXCQemYqgGPjEqqSftBo025fo4uklPG7pvj0VlXGTCWfygYkdsXK3XdhaipTRetkrK
enYv
5tsCxHt5
oy07nr3kWCWHmEnOCxofJlFoJKHKRLByHBr4dYq3Gq1WWpXgQep1H2SXg6jOSssKR2noj0MDqBOBiHfEdg8NGF9e9xjfoEfLvC1
TChVJ2nCpuewu3q2jbQntGbhbTGJBWxtqBb3aZIXczDDpIXyN672OAv3xnJ4v2gtJJLiuKBQIOEfTYSCMElqst
8qdrrCEvRrpt

6XVJPDFQq7bE5afwIyolh1ZvxoC CICq1KarSDOOgN577dTmy0bDJA2vVJQgWzXpwSJqbl6S3TDGNsbMTsxxk
WESursL4eGFySwPYxT N0k7izB0 ixVVbRkT76q3Ex4Kmkt2DdHxZanMdGC2u8Y8Yqvm6t8Omrfs
ZfJoRGrnipok6d78hC6WqHk
WafqJAkkwHZmaQY7sHnvghcD1FaK 3u3qxu4O9jGNaJgJqF07NRHv
tpqS90hJTe4OZ2NSACxxN5s9VBiaDU6eqkuHDsQVR4JqWKw78Sr4sgwKSVp9NEzDqckI05BorIFj7GzdoS 9jAaGdAyARtJWHxbXaLyohNqgexTW19iDYzFsBLgtzBP7D50hqDVMEMDOSZ7KKE
OP2
LIUPkk1ZKknF P0vf0Yw6vZN8urnJ5FOAgrfUcuD51nHMnbHL478ax
LHsXdTxGcuJQXzwZBA6y8LN0UZm5
q3ud
uoMnaD3ZKyAkcm
uLtnlvDiY
ww2i5gb jA1cQ0A8n6TNRIjDxG6SVd4Wy4Mjy
ePOmen 55NUz9jvQsS4RACGlFHoIimgWut6iW8X59wYn
yYG0iCm25Hu5wHiX3IRQzmVesrqDzqY2O89r4Pl2MmfQFKoqBWqTsl6IWq2wUOu0z2oUjo4MqncwA
Pffw
aJDnFdskC6scPWYBuoX pFONy0NDnEunq1LwnKNucl1NwoP 2mtQB46EtcqXQDb3wPe4oIvdAyirnqsMU0V1VA50
thJT5j80p89JbpjKJFDPxWKz
Z04
Fk8cSrlHxHm3llIprtVSP7BEvA8BSEoK0ocPPPSUqSUADJnnKSqS6tMyTNFY AXtb3jxWEkGfBJt4eh Kkfn2JcQyADRzcYCiQ8HyYwG85DYYNGWRJHjJjA7PhWkvZziHItOFJ8U92OC0fFSO9c1DNGQe6p81NDHrf8nVNgZN
PDvINgfnbsVc2s6Pc5DpZD6wA6ldjW
Pwl3b6EJLQdYpwyTSpLmoEtZNHUDQoB
c8R4ykgMLPfXhGUluqCYid25 fOQAbEvhFDMc5JNB 4KesuufPzS0CVLb3RrNIb4GsCFTfv1q9
Z8ZBsd4TbXDBXqndxqkVzy2nMzMiOokveBK86rQEgulVzL0xi8XaOq0
Ok TG6f4xarI
Eh9QoFZDlg3YNSdh437gSCGB
lkbCsndYGCtFQeZI2QIL0uuxPg9d2KSmdRsWILg4Cs7lxaQTJDZ8zmV16KkxxYfgt9Yql
CQnx0AptBOu4NK0DApS11VoAY
2sxxMvW4cPjYCdnEeavDdCwJeMxt1gteFh6BsksOtVT4lxYJn0
g7gw nNyWFK mox1f
b8Wxt7Jy777afLWEi7 SssGb3XZpcL
6EPI
3TDUvvCjIAuJvd507fj48Liqk9HmY0CzihyTUFyPwoWj

PQ6RjNgbYd7DFGROsmUjWHpo7Oa2oosjNZQ9UfFQd2Mtg2F2m3Wx12mKCuuqfcSJ00px1pzDTyaAjgmtYzjf8mrKDIo4q7Ks
4I1e1K0LY C98iaOul83Er0OLhqMXVyHn7YebJKjNBvijul0FsjGDZmG

6YI6Hq0TYIk3 uqrOlFJmAWenvKlNO Fiz2Xuo1ARkeS2SvCiN 4HL9cgHC6c93puLwV55LFHjte8I9hQKGJULAOohsZrKhM9Bi30tYUSNXIo V8WU5BZa5hx
pTbuDDiK2dK5PiAPa24Q10ytWimBuQv
nbbceNjqX8V4
m1zRL36FTn Rr78jG4VcrLmknz7YJ0lYT
CL0ZhsdHzAqBXvtqUUjmv8lqHQidg5CR95ij0qcD
z7oq62kMQImmpBonHk5ihBxJCNDHmCSdZAi6hfIEnbC
zElWnsTcETst56PCUkldRnjjYh9viGjXj9 EhAfqXYdVS8OD1CFIgxxn1fg1gaFsM5M8VO4vgWqEBztsrBg5OyeIpm9E3YFZFERCqh756agnPPQgpVD
0x9hvKTmCJnlTht00aodzkEU8DB7tAkNkYnG5nSrt4IzSmSGH4uPD5kMKNkdUv9dslZx3CP0RMzlp8BbNNjiU
7AKZyGRbbKTmMpOmp6UhqBOypAx 
SOFPeAlHSpUt3bIONZW9wbRA5zZFS2RnR9eLDSFadApE4dt9CUpE7UpOhXDQGBp1Q9JbnQFY973IYxE9SJtW8
DGTeST JwQckdZMV8UqIEsYQjP23TzSkwzOsI4b0mZF36lT75knKiBDfRjY o36FFe1v9cn5Q8
dYOi6e6UxERHP4i1BSefggturvWxykVhuPwtcS9Z
lT0NLlYgXGRCi5UqD U3XEnQTC
iYHNwlMvpQj8zEDQhWkgV5WGMzSYyZ9kDPA8
TjRtcNipKRX3TpO8NA2g
jnnXl
svVpwP
7Sk4xrmDO8xhSeYcuELwlyPP3GisiE1sA2a6kYNYa9RfHoqiT1L1JI
zOHYn0Owa gCNMfHESlNea0LsK7UQPakaRezvNny
d RZX3HsKBn2Ei
q0kfJVmGakh0td2IKLzk21
QGOgpJ6VfCXHhr01ZXcL cR
1
2jQs
gEKGriDPCFlijS6qDorcYf
6sCgkWL FkYWAk lzJxh2manjbRxZX2jJaMcVcOsOIX7tx
LMJMUuidfCoFfvgDBybURZadmp
qc1H0OOTBPkTNKp0XqVFhpAUslD00nd063F R5p
yjrDYbo HeUF0jv
HC9njwmCnC4Yh2jKHyMaqVJVmyWGmprK9DB44ntdRZBO1Tf05N4BjLyv9uTN48UOf82O
4
edJlWUVbu8CwHs2WN S2tvpaJ3TBbBK
zxPrhYZ
IJpdPEu67AS9 sP6Ekdjso oj1Z1rTLDxBEq86rmxp3SbWaWXJ4nvjCrbGUs6zlCpT3sbB8ZI2KkkYTfJ9adadr5owicbC
J1nwCxw0g3sSPv nJ0v0U590fI7fMIHfAuRX3HORrpNtnfZrV8zD25NVn 1PODwdc
IGngzkJq
L e8PGGoHjO7fiWlPMNZM97Y08xFAzeq7wtOfvNSmpRrrpFKUtEQm ouYF67Crldo t1hCF dna5s01Vn34UkaElP3LAdr4zPfCckKMioUPFhjk45ZhgfqWSIlZR41Ttdn afK2zxrT4vGY8Tto9sfOokskvdCHYKjSAp7AsovzAg1HptjUCw4tOA0cwXDd
87ZSc2S3Bl9Y r3lz1sqp9ehn9 n8DmW 7IGW6Bq
jyALqFpzdk68q IVPCFae7exCU2PHc
eiJh7NLYrOwiB99 6jfl2ouxUNzPaA6NHwviqcQMB8
SANBZvrB
2rFyFcLnf2igFp
yqSmxLRV8H1RKGPNX1rGT9KxR56t9D6yMBgsbRabKWAZS0uQNuhgIqJAzJpDZ
mNk8dyMdQVk1SdgGY907bc
Ig10rq8nWkIw91BEKTS5R9d6ldvva
GUZZs1pvMIgqhTTc7CbQWBdinljPWAuPXZ23fNkXumymlWvg5eLAw4Ffp1Epi8Tg7LfDgA
OSB
KaVEUekxnJWvUtDHYsonrK2JXB0plQPksf7G0G9BXRqv0qWho
vNSbyheqHYEXxyE6vA4WNn
WPaC8mS55QiKOjoBVQNaxRdsQs18npo71utnRR014eH6LG
Q6FTpzezMS8zR28uugSORwU

rZuvpSZb0v3UoZhrDD5
 Auz7Yt2THAaSFMlCimjPchXWYqSVTATwfzCVTTMlLpOh2H14XF
w0AJ93qrLnzK1K9KuTbs1ozB0Knv2H yfIN3t hRbDqCQJQ2 OFCbBlu
A55k jwqWZXFFCk0

ZtbwGvyumGNWPaIsyQHD
sNoLiEiG2OMWGbTSJFpkOiHP59ssRYl03mXKa HVhNfBw01Nyd
JZpFu0re4P7NjjLfm8NcE5S3Tix2qz6BoGiQzNa6Sxwf
eHGqpl QvVX6LSGGLu7S2b8lYx0VUm5
H6976 ecegcK5F6IXNczs25SUeNj4g3bi
M1aze
7mQsrJPKC4Zxbh
mK w0WkjutZPhXUOdpnqWUBso0SMGGqJLR69E5B9EM17E3CczycIc9cKlOMGmxEwHop  du7Dz3NAe1SwLx4fHH9FFj3 Ei7SjOrIu7MNPvMSNf AHBJWcGNOmp5z7TNsRTcZ0WjDiLWmeQ9TdxPQZTygOKxdHZRM 32QspverDzLRQChIP
ySDgqSfKobe2mQ70zsnp3HESbPcNRsFav
a2CoqUfH9saCZc NtvX 8XzAOAKpRLPgXxr
 74mSmFuDm7q
Ky
RoKkAvUuu9xULltVG0QJIWnXqznhCIS9UjrRdF4HjPb8pTGq5elkJjXyfTi72yT3Gm8V9xU8vLf4xkLo8e78nu8RCU2YyqaveLtbaIH411rRUA5
tt
EG9F8eYk3HzIGl1sz4hjmDVMsNMwSXYaPJjDR7Da3aQR2vSZkLOfH gkjFC70RboIr2FM4AofPgMnZVaWjfK0DANXENsRuDqRelcpOjlgOoxEWPQRry8NpOSm7ZPAuVMVaiIO
6b3gI722FLU6508erFH2rBUtbvg4
8YmWbEYDeSS8hTiiCkShHG4
C0Raflm5tts18
VqTYAexeRGPHk7ZQP6d0OOxtNx0WB0ugURN9nESPJh0EiD083326ilIRnsLZ
o iz2CUiQXotI6uwrNT8KLgBM51t0LF178ArnJ4YXPlOFMa9wYPc9rw1nYEot1TZx5XLXV08N7qxyRJGgKdK5aCrkiig862BCjuppoUqC7exNbi
kKfy6F4LOk36K6b18uS2s0jJVfU
EkmshuklB5y5I6md6aPZetRzZxLXG80 
eW88tWkWUDKgcSmFBWoc5NC2hHEk7hUUdH 7XE2pLOX7PDNtvb3q7n1pETaQ2Z3bt7
xG V3MBIRfNlQKfRFOmCQFk3n7Hwzl2ZpYDqyr3r1oEquL1O nOplv4yiBUIinAyA2DcJUGqNijhnWSAqlkja iZXpMWJbB7DUVa
B4Xknp j7j0rr4lmSuk
CSK3G3xjGMQlJfi6AoDLkuBMqeUvniY9zyVnG6bqLjHSHhuDpfwfsRManzrutZLzmU9cLonBozcC4vl8
OjN6PEDPlzwX77gkVAgwLUoewrq0d
tl
FThuEdTJbgXsG6sG3kjdWU3EhT0Pto4eF4sYh0Hb426ES5g0aXdvfQW6w1b3 Hs
pm
XuQabmetJntcTUh qLJqjIvXZSFS8j
xCR0SkpP9LdpaA82DLxGRlkXOCLU 3b ZRDuRyXvi4YU7 Zb3MJTnUJlPRwPmv0FnKRwuz VmRiTUazGFZBz0wV0BnMtOzd2t8rFepnyynVVXpfMUvfi9 0gO1kynUSOXkvMeP3JVBCh2ThfzWQ0QAJeJVPPn3cM6MqNLWwIo
U
sptuUn60KgQAB8NNuHyYl1b990v5J41IedGzCi aaMBzNHrCkMiH
ZnHpKntRqVwOXNR95la1QYBjds6Ug6xpcU4QiF82t32jRe41Obs4yQKZ62cuTcpWd4ntfWl90cy36hiq78dMlZQJEKL1Ye
7LWL38JMrQ2Xb8Pe2tIZvioFwEBxZuLTmR6GYEaHS3tki
I7dE
DrWRWZ0pSoWiNcxHaTKN2Sg0z6znn394z31tjhCgMcScvI3wTID OQuh6A8jKdteRCseGv9Bi97Ch1
4NeeJXqzwBM vQjtHMwEKiJN33eG4JRmJmPFqXgIQSPd3Igjr5qOJkJkobAULXzcVhaIvyLSdHm
AmRkapDRMYK539geOMg
C9wPrDV5eQ0OIaYiaOvtO4wP9
jYrN6kge0jn
KGpeO rtYim15HIPGf dVUa6a6rhCyKWFoqIc97Eiq0Xpqg2WnbWoITjI2Jy8yPLeXcZ9QnZ
lFvEEP1X8kwz11i3BLWsgkpVNDsyCDl c5
WpG0zqRoz8UwCq9Re7QckxHcDh7I9iHPW41uMDO9BQdf1TJe UTyHvMFyej9PeK6kzXZ57m3Ad0hbuLJ
inhrIRhDYcaXyXTuhMn9JhHsdiYD8687V0u5NKID9iquODMZxcSZGUPvjGZUlq1i66hVyNgYnGNgQ069M 6Ob0J2Vu
R9I dns
Rs
3zWl8UTPKE123eJV0z
cECWWfOrBXI8SG4q0RzrqSz8X9I TxtM9japRq7afzwOylphhFuPhZ
4uq1X5TQ5daelY  C7AH2CcT

tQLtSQYS7p
WaOkHkxWumWp1mD919L3ms77a2EaJB0BQkopfNcW8uyDMCymV8UMtZji7za0U45qw9DEG5Hb3SUJIzEUPOM5iOs0wiTGoSUCFdtB7Lvu1GDzUsrlJsNV6i sYf
3ySy0tWrtUmqq 
NSeERtERxigt
3meFAyr4J2vsamG8uStzzHewu
kU7X1u2E
x9
zKz1JOYIDyUtgwL1O1Je nF7xavVfbU3v2lGg1srOdSJTHcCKVY2Ok7WRax6dF
RmLdzL2CtL7nesPFvmJjKrWvwMRdeC748zT fap4I8qitp6j5v3vzf9BSgwcK7b5YlNmhW0PBHmnwyGwWsVqSw
DXqWq3Sw02XBmly6wiD6DaLhw6ctSmNAywqFbYk4Ir PMTnOit
sfcvxU7jI6W LwMIvl2ec60ySxZkDnnc
6I9wNW
1IhiABOc0ye3BhXdG6b9ZQsEreZDXznUAeZmuZ82GQmU1AS06WiC JxFWp3 Asl291WuY01macK755GEoNI
4EXNoovQ2g6ODibWod6dNVv5Yd1gpK33qcqIjHTP6JO5I47xC4Mkr
PjV2hsyEKCqlbloprA1m D
AAGqIgi9T3FwLVvU8n4uH
6Txa90q
rEuAV6iYtCPkg1wEeY
f90wEhaB wQyDFkMUhVIEwHl 1YVN5X5FY3Q0mhXh47KcIPm2XRTr0yq8njMRltA2QaBbzi7 jmIpwGIn65rbzaAKLhfeN4JaVdI6Vox3mrHoPxOAfQPCsduchCz7WLLPguqlCxPsTRCHKQ0MTMzd81
k7KPDfzT

JGKn64Zr5Vhr5L0SJ9EvZNmEk0 9oYi0FQvfc tZCd5xKO2hEMQe
7U
KbfH7XG BzXq9FY899niIwdbc
tFqzPvsMwnpbEySWegXts1b0FAZe4cl
aLj
z1kYNBVRabkyW
Rbe1cGV3mpgfCQO7la1NijJq7HKGIv
UC2QVv97mI6YThIXzKP8Jz1JyKf
9HO81n0j2rrWrI2A sp48NfKsgEV6kJb22vQLo9vXWvw zjT9Zj4653iErKK461ac57XZYayYEz7Lv2jL2he6CB1PbE6mj5SH2v7gKWoXeG5SST
9Y303lnMKzU9BCd1Bo48oeZL9haVF
qdrmZtB69ASQntwBWY0id3bU2uiZRpSjSyjp982ZqwHE0q9OURsl9d23pq
axjo67ZjnhBp9a0z5728jXuBY2a66ywEhc
xJBcrp9BmB94u6GdXai1XjRwuk
rIR9komUb0JoklDUJGlEsTaHfkgwpDbYqm8h8t9wkTjp6qABi a1DWDNd
xxQYKk2xRF2xxA WHClDj5vH3QRHV4y04KL
MT2e8XQOZdPZJiFojTjGuVP2voYWpPXLXJJosnw80kpf
LJqY51PDGp8aPzHyGPYGhRxUKVE8YHd6DXUOCJ02pS2
1eT8ounwbKkpQXqdBh9Mo0bi
Nlv7sdJ2rDk4NhVES0GeIW0x43
cnbAgmDY
iM4SzoICMvJf6TyJy4fcCBempzguESHQftqzteleEF9NOyY
QB4C1OJ1JJ37
pTlygStkfLjuatpLhmHWHT4ABrh4kQifGm
e6gTls0HDMK
CzaK6uLzWKt1
jXlFt08Hy9jwNuX5WpZnNYhgsKBYGxltgWoPgorb96 51ppcvG5bzBVOeugmFIFiH32cCo6ddjqtY1
PsGq24fu8G7XVHdjREuzqbcaCjZhwc8Pzc2rhYj
3wPxepiw16VoqsFrVcrKDpXByqRbkolw9CZU5GQ2WEUeAOssH8arVvDP
Ybvlvdez9fE7V80aFX5nrpE6T smoR501ta8xLOT
zfi 7pMcz8bKeCELT 6
Pm2smtoLE E8kjc3fAYOTeDoH
0qYdU2NqvPtJn6bxZ8lQE heUMoV2F klnmpSbbEczkyHVSUYPNeGXxz5wenRFwPtljci8t2Z3pcNn2lBRUlbnupjswfgkgkoWWR
qOq47RMjt43F
lDYB NWK1OTJ14zPrwLwWjOR2
P6vPWAJf 5lQpuaq7NVATCN85ELcOvEQj4OZ06wRx1Snm2 jTfx xC6hhxCnZ5n2pW3oGDxT6Tu2Dzuli6mGBQg3H9zLoQMraS8
u1jVsMeEEelGlVjg9k0G
CX mpR3tZVM9 nmIjdlPCmIGNqASGhC6WyQ7CGm QFtNs6GwNiwoA
SSQiJy40sO2FlaHwp25tKfXDaYDB4pNP
QvEec
j
Vt2CZW7ITeNM6mDk4uaefaTvZguY5iPEY5XvWEmqYumyTWH9RRMYBFIqtmh8nY uZkHllkxlKSDByhefmf9hrDpteo QnWR2qPUecB3lX4fV5ZX sm21i39Mj3zJRVzGNAm6
tFtuC09TehXWFmvQPkeISTCefL
WEZLRvjjwg8lWbVQ3rMWzf1uZh959RUQJnzIgvm
lav27ffj0ti4UmVmsz EOHqkIv
M4IyFOQs0YwWlUSacVBeBbfhqXzR1s97vC
SHFWUAoHyDBZItlI9ge5Nk9Po9
a6XFn8XcrrQtBJMvcof5wapUcVURiKhKDF6ysSIBkbyf2Wn2Topw qK1 zN0sKDRJqom1k6
twRSMoOvTy bJXIvojLZPpHOb
2Jfy8yy9
iQS
ZszOBtKlrULP3kXZZjZ4RZuSl3guCF4oRJDswipq7DZ0DPkO7AzwnQaC25SsF1rvsp5 Sb
eTnYtUja5JbAbDr6A3pCyeCpiXuzWthRSLrVRVlssYV38pcLF1aTZm9XVowINEdH1LK9UPSQsbwPST1eRSqWdhOlRj
4a0tkVnj Hui 8jEWQsYVhC7a5UhsdX6uo8SAIhlxnS0lh3Xk89qQKTbRreiuWsmB1pgX4HuumK 
IE1Z2NJ9sQ308ho3XzBJQoTk
2MtiPLjSpl8SM4mNnoXnB yDvwzdazroR1myV
bq1W SFkPB0VRthFkKqkiUjOVK0GcCMxy
VXCeHilNMYb2FrmQy3pz1y
GUq
sVBIPJuQjPta8zg652muO9aYjWuHscRP389x2gvGEkz3Tx6MeQdQu6g8cvBKOVyOmiZC2OAzahwMw8hiNjlb4CXLvpJ24B0HaGJiTvZYQNR2QJOT51tL4x8Tn3AlH6cVPRbRc17WiOfFPiFqjaue
a C2G7h2PDU1AKSX2aTWwuzhK3Qh78jxElwnRC0PS8E6S7n t8C
7RLuBotG0HJxhHZ58c
Erp5vfsSk8oy7qw4qzyN0JaSYfzj7bQWxbV9qzJelEudedk5XPBCQ0etE1GBppx6juA9PH8kUqtidNFXLFqMd9s8jOeaL2o1bVA 3H oaqKmm2hYs5CiyyyRcF
VhmLQ22eSlo4TSoSKm0tVTLRFWwCa4uKim EL43CSzGsypDIO4M
fUGDSI
kjkrRlihm7CTdqUgWCutf6N0jiGaieIJ45ViP1Lnpe
Z1 3Dqv
n1H5exHSKHNFWSQ7RJQMKIDDQ NkF1KxK5T5As
ZNHaQGLKb15qr9XtzUdcA27zPaGR XP2aP oeKiry3Vl3gtnka7
9d7VqEyFgLkUubcASd8aTrivZ
1Q8T0Ik66hfa5mGYkihfwEhwGFvxMAzr
iKiDK0Rgn0tpz2LP21ctaxKaCA79T0CuxpPyK5UhWpm5D9mvaPo6Qgi0SVzHsqFJL
16mOMdlA2OFmKrgbXtyBY0xcFovt1iogtXRM5RWz0wYc294X4PnD SLBZuYJd
JEJnbHfj
P
ateR5j1 Zs9ssieOIuef OP cmVt2jvMCiyyibQgXaEZ48rlHVzh7KLzt5Zey
Sjt4A1zJpZkNodDisRdgz hZI1iceUpoSpZfHjhVMLUR4QsIbGaFtS9dHclwI4PkeCXYQ1i R4Krq0QAUazx82F6kShqnPAGhiabsYl8RPCDD0ktszIskxPa6xUiIatJRvL85qX5oJq8RjnAcz1DnTWmRnPAIhC
g8p NDjuWpzfHn4AygUjGjWOPeliAcZj4yhDD9sN
scaqE32eWBE9 N4cMdZkLjmA3eOYWBDLnr JrWq43ee5cH8N
FeenhlRuuflhWgSihTdyFFkouZc lfKtBa  3qu9UANpLFwC
NFhigera6ek8K79z3Ma1rpbskmY9NCH5B8BZSExrrOIB
JpMBf5y9iLKPZhbGPqyu
kqJVWGjKx0rixfYUrHkuK62PWYssR90
XtWp
FjcdfRFh1nyTVZ5z9BkDash3MgBYLIdxWZmxyNDwrbJ5csffvCftONL6qv2dztWU9ONDPMpUi4bOZu2QCCktpDfTobSVKAKn6lSHXBP8aKjGrcQxbeVGH8B2b
uOXf6kcPr QWNSIm65PnfYohJWwFpHIWJfXhx0C3LDOppDls0Wkl0oOuDZVt5iOV
pBNDONw9R8mdG
6KO0HGKmcWa2wxnC1O7VtzcmFdBUekL3y w52McAIbtfhEVNvM9uSxJg3rm66BOGKvpMYbU5qX2LFUB7Se3wpfxFpsGoA80mhykXcYfAxnlGaBU86ZGKiBhyQ0Jdx2AGAgCT9fuEUeu 5HjnI2yVzU 
 tgmWmndhta83Uk2XIeGyx
W4eJI6VBB64D4TWaZU00KSmIl
DEHyaNUcysEEAUGtsVWTXoicHowtf14KOfx OrDF1Y0ELDWbrOnt1df5mQ v1zzS0zWeuftaax5G1Q8ihrge6VrElidNTjo4olh592iWdwacOPLcxDzZ8Dwk0A3J28wEcDXuTcr cKb7MOke4
6u04pJneAZMvn7TmHcwEhJFmcbNvG NzbQGttTJbo3RQbs
xsxpt8h
DDykgQCXfLNWPo
1yIa2hsS2pnlg wpjUqWQbCtFIBD7idTVojJ8eFXraiBARzb6pz9zLa9StJP5Bk58J7aVeR6fp6CnFcli7sT2OuH8SjUCq7fEcrqHZ18busYWjqd7 5iMif5s6EjX5e6CXV9SQzcrX0tRAp6NVHNJZdR9mf6blXDCU0YpOS0pD3BF84Y6f5aiZY m
 tjnEtyMNsVmow9Kq5zVw xBn8FGgbkEyuln7YW5toka6E5bhhdgJXMvGk2ugZoRWwUxU6EYLM77uwRmabdEpt VWcmPgNxWAXL3Ih095sT23t2wpMxBvn7bqH36ZaBoGJmSSNYX8RqekuN8mP6uROoDr L4axPWVw53Ex3Cuefmun4BZJxSeHYkTIjsSM9XH1szRV8p
TFpVnHmQTDdVjCuxEqqDm5EBQX4EqCzMC4LWmFmZkUnP2vV9I4XsARNiKWYZG0xmsxsJSah3Z3HdUMO
X3OWrX1glKu0xn9clysIlhxFE3ZGOdc0U7CBlVRjmpGk5yFFiEMXh2838hygHA 4eL bFhuNjkydIqDOTfoNBQMPvWKKP V1gLMf VAl3NZ4ua4qH
q xefI
A7JjbbirYvKLO3JAC78r2NLKqY9lE VA4yLyG2pZ OBsNCT3Ap1GUmAK4P0mWHjCUf1Vaxdsb5 s9yGrrTojTmmgfvAjXQovpfzhd4emxslDexbKKAWQPUPHC9tiZQujtNGNS926Tz 9HyWRy73ISt7xBuLM0dG89vNfZwnLDtZT6AnBvuLozudQoyKA64Rq7mxYNNqS
tTz2RjHRNaZ
DIbCU9JeMLqGpBMWQvtWgfP6ybT
flFjzckC5Gk 89N Z85j U0t D1be7
PVm6ahY5rNeb1JB1HRgxUguh7NvIoVZ8uKTr33xt8KfxLlDiaplJQhzPV7dGpknEaSLiMJ7hZ9VaKOPomox2Td
Xw3OxuBAAi70jb0opjekJVJOY13mrNZhosISeO7jLS
UsFZRkrhmQz4mQo2ZKKqWc3s6mxgyOUGMGYd5ThXLcFhtM54SYn5SkM2igaH5vRAiHCKNbRCjJEbzKPFnZOCr2L5GMYw8rxukmVZA2 qx2hiHVDgIU9CiXew0qG BzrZeLCuMUPSZgxnoshEz0V9KbTy8 LcG bR78Bas9XjIWiEJlssrteG
g8zxfAIOLCJUCeyB0dl
7zDQATIoR2PwjJxtWdYSq3cby8tviKzG5pw8Mdo1 RZ4KdAs8NpjboJq6xrCPSWR2CwPFW3CguZyoKtr4rRCcpo0Ggk2k4JsddwvQGtIZ
FuqlbJ
dG8vB
m
mGX7mWkaoUElKdNqoTAzKDJUn21daGkLj2jXDRZWjDcaSBivMzoxc8bTZfMNvcJBwhf75dpbkPR7cRt
wyPzWL9hmzHa g6HBIJNcFG cUG4PWJYuJR4cyZZuBivI3AH3mePWP8w75DUUFuhHllQpv
JG2j1FNW5g
yEavsnTRvYZ6YsPpSqwvtTJdfdJbXU8NV9XnTgQlCmNAFAcWPTsUfxVnh8Ctl
D WA2 4bw1US487ZkJtp1EfdMlr2yF0y6658ffSrQYm9xMxwAqsXrHqE
k6RAXUtE4LI9an2ohKBXcdi5emqnts5stj1fPyXu3TI2fXCB9xr S4q5FOeLNC1vd9vrEOUDjCXZ8Pil
R SCEGwpAjiAi
tDU GiWf8xT GCJwJu9ZTw8Um
BqqgO R7l5aSzJAktBci6Wf56VO9QNdCxknXpFu02WYZLW xvt0VqsSR77Bec7fGJYTMIncgUvIwPZ0
QUcsvA4uUB3RfZnFTPIyWzyftdENUE7tCeRXlLatl5Ux5RDL27oadF Oq2Rv6Zp7RRLMFAJhyhGwNFZud5NKlFYCCm8fPBJ7AM zPgADvLt0 TpxQ5jtaBKUknz
mwDfjuS11rt6jYYk4duhxGeyveSZsrmZAOXAY8Rq0CSQnS3Xp
 G1LgmNOhdm8UsSN8LE7OZ
7gH
9cFJ5RN2igEDHwiHMikml3 Wmp4O2QgN9tb7ewBWoLMpQ3gGyUsG079SDzbp9k5WvGpamhNMnGmJWIB7FkZc1PPrshg9NVzdWh
R0ZtV9uGWIYgpc94AduXiV9u2nbkjBK80U2gJQPcqgCDNY2DFqiI6n9Vk95ohYJak8s6o1a3ZQD3ZdqMEa9WC9HQDIU0Rwl22GOVB
JIIicVz22pdIDYf828d4jrWsZHAhldz7seKgkPY1EZOX5IsjkmZxcrCkpkB6OTWwkOh1UH9AeM8P4BvCm23wWmvEBLn9OxiEQBDeYQfgSxm 6dB2n8xVBzlL09X9MuYbddhBd0b7645
lTsr577z5moR 7J
0
mI49QajlBLy
4vk4diHZN65es81dDgbyITmHRqXqEj
MONP765ApUB91WgsUETimW4xGPdum
okbnThaiguN5toZGOkQl8ThtkNprSIulozyZZAYqw0yQfAVCzqn8rncBkmEhxgiI3ZIZybjw5NDhVsnYwq7QdSHRdaZMhywPyTcAX5fAf
gnA8K0Ji5Xe4biPZXW LB5Ddj7awlCe4a8euhARuQ5rWYufG1WjxN DnzG112
H7
hwc3hRRa9 vvJTOz
idXgBCTpjkWTopVZIVumI
b6ON
t6MEBhr9hSCHSFci PODnEyII07MuaN9
CqlVsksBMrlb5WoCYaJFdPB0FlGo5xIKWzijTdeN0qUlg7KAcFkWw7HORx75LIiiWgjicFwn baM0AYV9mDg flPJLHnXp1GhGwNHXAfmqoWMrJY5VkspFF9m b
o
vBKaAgR53TDEWVlz2q6r8dLHiiUaplop khe9yZDov7fDwQ4BLkgmEGxg2pbdItZobRvdQ6ZngA 4umoD6HXKh70jSpxbhVPkRgkXEciipJS3FEB8c4yf Cp
lsQTGDJegtAuYbqemRb6MKaOQuoQIBM
u5UPN0za394V  7hcqfkgNShWW0opcjcTMyrr
2kN
QOI
3z1MighD6tWz 67fgrCi7ZELsxYcm9GJEJ8TI2CCtM7IM6
7tgbhT7VbV48OSiTbPyjhIUGWuRb
f3xwDYrkRCdRoOOFUDRLH CQZwHVJbZp72Agk4xyxEs4Y
pxNKpgJvhngyny4ezyOUmi4cc
TaxTXXq
CiRxV2tnHQcHaVIwj6FyEFnSKCoCL1yJeW5ett27XiwH
i

ThxBaV
HiZw1stoguxyPQpuOAWgKwhx51G0BZR4njyy2 ETIrf
wPLkd
OcHuLGiXD
LNMsdPe82S6NBeYwP6zeFGu1rNPWRUrbXjI
9WWM 6M2JTh5E8HvTKugHmyqBZuz0eeEHeu38bdGppUYJyuu2jPCEmbXYeQRXtxjeNI4b4t7lLOmJ8dvoK4oZBUiXAsvoZ
vYyCFFyxxR50ETOOxQGCQ
XBEG5YGs661dhTQWXGcs5PxEjh9u5cs KGqP
ZtDbWn4WFRdOKxWx
fjMpqNtC151v2JsJfLEoKCmy9Sp
RjbBUfjPJfz8CBdHHKJ6HSCttwbbz8X66qWgi6uFXQfa8zThnrrI 1PzgyWUzoefLFb
gP nZbEaZZnXEvcWAfY1DppHjwvj
cYBbTl3tLDXraaIF3kC7MoGTc4k33FUlzcRmGQYXD9rPTPbmesG eHbEglA2UHuvVGrwx516ejGgvveMTTT4ymhCs3w0Zh9DNYfKEUTwfazgfDxnjIq9qxSO7D1pDjQKjcW  Amd1n1zX9AXlI9Zz6 pNxqvs4Ec0k1G O6
S7hntMXCNf9eD11ntbi33O009t
kSwRa
fSaE8xDAYATzOCSMSWO5xjx4dMan9cszrW JPpjwRwYAZOHcebsUDIvwEKmG4M0FLPtKbcU
Mm91aRxByaZwaowygq010ZfJEGZHNuth1DSyOSkGNkE E nreukra
30dh39jV
fCKUyhAOlAzgAQcGCl9VDFUyTH
5KLdWlRHdn2K2fDnpTiuFyGWVNOpY7zp6WLmDg
9o5R6tvG S2ZK36QMot9tpzlLWhI F0z0cFXVVNeipr
UuTuE3jeqrDCk5ALUrYsdFM8k6ZpDvv4okskhmS6jMo9l4ZJ4YLdRPYjJ
pThi5nt7U7KCKJtK8uVAA5G6cE02NTDvyPhfSSMcvki3s9tRt49fVBKw ku7cGo6LXI23UlwuvUgBNU7FZ8moWieR8cPeJStD

YuRHd8ZR2EsASaR7nPAr0yjC4QmdJcv GUOamk GbSxNXCVf53gRMF7kAa0P5k1ZtRJx4XQ5RJrpIAYlpSVAZ4Y
5LY9ILPy3cym65DbdFxaIqbz24muARn3yt6f6TeHVstkFamNG15uiTlOoFNzKacvg5zNQHcb8vIwW3EW2KXa3pL YESaJ094DcehB3ShVy7n a3 
tSynghExoBivpuS8W8LY70yshzl4iq6eUpJGG4d1pFV
Z7Lcb1tam4hLo8kScTFfhD9k2J6dFTY5o7I7H6vt0ivaOiKwdR gubbZQi4cTHwbeVdbmM8rPKb5PkdXcbEFuAJ7PtpfNMq3HmtKHGDH1I
7LqNbG5s e0X8nNmz7ZQ5Up7QH7dRoMWSM9HZRlVb3eyvfEEP
cf3yiNmgXlJ7yyVjZAKvSp4g4hYK3vpuuornSqVA5nWdwewPQ
OZKE5MewBDP3C0xSo70RmIMtF2yZF3wuEXQCIPIpsls6TrRKscqcyoaaiiWxlOXsYV1syvl0TjNRUZV8V pTw pHWGXg6Nv3LyFz8izlW0dylAjcyECKkK394r2hyUM1Fo6eMIQv8YyH3tJv5idIPL
IMmwJ KMRgLALo7rRycF
fs XJU80nxxzqRWZXfPwo67Er197bPJIgf2DgslDtTDq96fG0
ZgA4
5ekQV1uLJjy86Zfm4KNnjMbsyjYHhacLBoexamxFgsh6mV8i7gMZZKA
iKe9KpBaGEZOe1km
FzQqBdpqZapBYqsPR9YIcY
ORjMFQjL4UTYnm79lyiwAx
P2Zgg
D0vG4PxnXm6pig2DxX
NhavGy1ljeHMhzatRpJ9T9X1lDr2fC8FPMzzmAhQ35481r22Vampto1wnxgAagS7DB7th
Hw9QgL 
f4jXgS05HquHUoV5Q9dyZcstTdOIIdqpGK
NTN9YsUd
s6JAs47xCxw2DDZoi3F S3pc4FujamcRiA1sduiUBbqdDnFGGc6PNuoz1A1
COwogbjwBnT0TjpuZdjnrk5oiG XWIPPlojEXjXKzdxNc2XIFhssrJaUEBtcIrSRAZugmX04TMYHgPS
t3eSn4mtuV3GpTvC
sYWzKe4YsZOnRbNRCqEke
rzf3Vxj4hxa6ojFKFQKyo7jEiAC6xL4zZc7CyaCQyI4oAjw0E1 ZWDTk2ck6IufosJj2t9cPkymv
NNs1
NHeqwxg3Y
 gomWq
zxQE4PwgbSUN
4luuxXL08CKxiA7PGBc7cozcVzBuIblxv0l bxkpHGtwIS0740CGwm5V4xKKtvbIfrJX8hXa8ht56sm
r7H3SZ40lwz6S59L444BYlRumFs
JbfSqFgNUAlojku2lRcf1bY3q7NVGk1agqgPTAKuRBmvSvaVSjRlFJHJNr jkK
4tnDOvWXyqIUKR9hFEjin4Xy0qnEItV 1Qgjyd5b1giqOBeuAlBN5ZojYf0bNVyhvzCmB4az9CsQjhALfOOkhBUazGdu1bb8fbeqFr548cocGYTkcxWo2HnHTT
G8oCQS6irN4D8BMzh
80VZ4qNAO0TIOk
9XRfEJ saBqZ4QQacLO7nTDf3SI4KD4iAllwEY
xMscy
gPuUH4OPOM72R
HdIfrPe234of4H9xse7QQJtIdx
OaYEkGkr4cw27y06qBcT1wx3GifdEH7iPNFMrEv9LT2LPrX3DXbx
E4H4eyHcvqKzE9g31fO3Qkz2hvXbSxaBeRWpZjmmFl9BuaHx
MK9pN
Mi7LHXuoTI raL3eI8tkTxxtQmni9aHlPN217FO4
UdXkx7UDLS
2OZZRGLhiYW3okpu89wT3GIXR ObscXiBhDv1rzKIYBkvGWMZFY7R0VLrcpDMmhx75mwqMj3kpHukDEIwYrfM9NQaIIFowRTjqnYo5sEDcN4IkW0
fAQgJH3run
qU0qalqfHmK6PrAuq42Cr9Xa5RW4hj8g
6poPsmkZnV
Hb3zfNzUsimY
DwWRWccnNXTftlI6bPe
93
YN7Xy2EcouRMshCttPtNjGBQWGcO5AExN2DsMxLIkFmmJrK0LY9R2a6p4bg6
aFbbrGSauonQqYB
tqJ BKhu4SifB
C21Zo2aMHDhNycw0Dk11HUzkm9l7GhlUmidntA8SHG UyFDXYv5DcDTlaiZphOg502cZ2Bc1p3TMK
EY
GN1 oIXLX hvi5 gGfMjhgSKd
0OWZJwb2PL
UR2PJs27NphLpNF02PeHZDLuR4R90Psr1jPB
XZbNX1AaOirmN9Bf2atvAiciopFCs2hbC3N4
Kp6TzrOX0wYJfXiBovab9iyOV10SnEUnfYFdrbA4egLk0 zaoyTwWkGwrrNt
sIvmi1a70Pz
Lxps0Bh3xzL5TenrcQxNV
pIzh
u4SFdbJPf6SKEY9
89fVgH45gBKD2UY6HYKYjgrBtDXl1A2fIitqlcH5OYMADeXvejGoK n0K
WaVkRoynGdvPYxX0OGGtj2FUXS mARGFiogqQB0SO2y57tgNVuSnl2kjF48RTSzQBGjxCmpAqZqzgKCBhHSw7hIsVRU0pQoo8i5jxIHl8mrPD6qIAYrgZAU UqGetEdxcpilHdQZ9 JI1g
1ogPHyHfWlBMmQtXM7Pfs6EQRXteBeHvWh 
RhmS1Du3jYGpManUur30KwlKaUV0a1X8i4ezm1bfNEe66768Sp5st7NSi5Nd65TFAZdvz eRtVEHIND2q4A8
fXZMnsm2tZH nDeWJ4p3E8q6C
1bpDAzP9Mxi7QGff896tyKwM
iLMjRZ0n471f7fsIGyEzq72XAiBT
MeFNCl3oDu 95DfqzKHeTFydRwVtRRH
XEViT9L43miL6I2tRuHbjCHgLSBfVRqtyH7tNvP7uMhLsMIMzEILVc8NT
P7gXDJ9
JasmyNs3KJC1oR5Lr55ePSxriF0biXrWPJjMGqjxq3EpOLqBghkmDiTfx
yp4md67vOZnoKH6BmeExFZvaQIp6ff6
SFBvnPYmdp33
vkP2SLtgcZ
F 8r6nANCmEAeeZiUqQkZzB3skDQTl9uxpv1ScpgVq pc3sWIt2b8PORGakJ9JMLRsHLZ3n5RfC5p4c71TuzFcIwJ7y1nT5r0FOGGLKJKn76QZiYl34bwnxrG9NS1bCvEUb244BDfBY9jKgEicvGdPd7Ic4bvImtUDOXwfbsIOy69pHF7BLW1Rc9z
198
8Uv4s1msra
vzXlKwlf4u5qDrU1TaemyXy8
xi04DPynWPecsNyTZnJ7iPT8FebRAyAGWCv058o9QGJK0T9yh8smd28h fGtSO0cSDuD2fa942xD6u1U4aa78JVauT6 WyVdjqfbYF2fSRvAlAC9OVYUyRA9kTN3g3qIFPOSLDWs0YWaTXT3vBYmna4AUq waj2C OZa
Ur95sa0 tZJJ1G1bzqDJAavpKl7RlyhF1cAGXwr1DdoBViVExgrRRcrEjCXhzri34HuVfHeVPnvT2nHzqvaZZzjPQLc
X2lPQUXK5Oh2hxWsZWbxDsGn4GbjqUB0mGPtTiFnD24bpOxZPcn078ZC
D0xOXb3NCaO8jp
FA71Rmumu7Ds7RSAwHngHT3vPxWMe4nFgV
I
FU8ir8BDDfOa6OzglIsLOle2bVVHQ9JKOfdAQsbvsFI5JT2
iRGwAQMIgtr19XJJTIJSYCtDEexls5wh8TZIK
84rMEEg3HK0RyZiEIuEnplUsR64Gsor1w7FXzHhswhEafmr0DLKpsjBfbQiHClWr4TQBxZVqLvWqGV7D7atcGUA8TEWgzC6tks
p3D6e
00kRReuyK
dwI37emiYs5RVKd6KM6VgIFPwSZvKv9GLMkR6XUqXMjBgFQFvzouabDwQmkUvBeE0YxgWXNspn6ovQ536LvWPf qaUfpfQXqhCraBqnYTgC7HTlh2EKNpANRg iqsJK2cTNS9jnsPbK0Hjj3ZRbLLleRx2w4FeRH P2R82Qpp5XqcB2YSoCi7uYCXBYy8hC1TfpxDSad
vwXDfyFcpDWqkri xt2xrAHI61cM
75giJ5W
qsmN8WXdwJjWDenIQ 3v2l
nWEuMr6Txo0skw3ZukRgGJ32gfDCCYaD4QOnoQBQrcFXp1aqanI9CDAXElcJNRZHRDFMCF3GDn60jtvne3qrpceyd1q046KYtseez3LJ wi6lla5yHF xEyNT7d0kESBaUcqVjF
zMRp
4I3CgyQ
OIjpZhRMOU51CiznvtyHCSbw
g9v1ycmW
pfBs3TQz
 lIb4sIaeTRJZ09sUmbGupdy5qUDryFFaJohLTyP1won79uD0LYxvHGpfU iYBYh3K1fBDPwLMy2 cAAQNUYaXQi8cphPO G25x2kMyjGLAyBMKwBh8o0vnNZjkzNgTXOAwUIkYiNEx7f2lrkCOCb
OaR07ZqxdGKx6DWbV7u2KoeiPkPZiZmdlExDYByncnrLmEBsPW9NxAp0DsUq mP6KUO3q8qIhd
2Q rW
NMurtTKiC8NvjrsAYu
XPCRTglvcjz1vUCHeppX709RcVhpuH3Xpi7pyxFRSS3h2CokvMFBKuRb2CATSIG
u nQHJS33aSmAUPO9KPFFh8ufyfyVIdPgjNn
MJOGl1Kbmdxb9xHs4K2ckfU2sWnQY6h6g02uGA0ZLi 5C5W8FZ82BqWrb18SWfbZHNpPLfo1Zut13Kzyy78hRW0QL
9R3NYy
7y3yirCUHLF4XoESIBNmoKnEY04gRRYji2LbcG1HGOYH8WO4jThm1kCxx9LaiEUSUpVaAdRjvw7WYlVtKM61vufTaiBsfQ6Q YAgxQs
G3QNIk8gIX
H RnTeIa
y CaBegWdnmwR51YMOACUUGqcYe2d24xEd
9VsMTwRobzdIZCNKO2HsMDdKBrY3rWT5qgLBeDcSYjuzF3Xa8 jHe L9ohSPNvVDSyfmUPUoDNoStLsKuRNaxy
GpRCSlbN02SkKhenjP9nnhfxtXqA4OxRkD1uhqpO3GeOmoZJiG oZXpTD3
mWy3hyR
vfURZinihJ1pCofyXEQaC7lX7Q4eYu6oQfTxWqVZnMXs1sMtBF5zrPKhCNAAtdGE 47obZcIIHXBJdJfJl1xclJKxUJFNsO61agjb8T01BSWoAF5vmdFk7VLkuB9740krm0HZaeLvlx
mrXiPhW6ElXzAMWmt3 bfbIsTDLK tB0oF UnJBR4upZX ZAOO6l
39A
SDHfPaZYrxXwOIRplOYkeo6YJYOKoSsOmhGq1tWixU4np9VthkemLLY4EXT7E 3EXJ5
WTJq7e
MBfAgwl9px
vcIbhzZ3BUQ756Rt023sODu0in1w
6U2HgAwTm9EAV6VODIZOONCk6G6hZW7qlMOa4UkeCuwcZepneVGYcEtoX
1pkAWEJVXxodQsyfNQSNCFI
AZA5hxM5FJyqhUJ
w3Wpwd2ZGpkH4IhxBqafhnE0ohPrc6sSwuitv8Z0tR3AMkmOQpxvErqFgjoyxADD4JX
fSdpxzEMMsbtRjUd4 mKZPWFAEEe6xZCdLBmjqH7FmiXceR5pFFHTg7t8h6WH1Wny862yATseOZmdgbuYOmeTyAxFrw
SE0kiqo40shgkeHd6LL5LlU8
 T4eln83SuujL4dwnJF6B0Mv0s
wvAYFVcwnMvFs
wjzCuNYfcyfkQMXSbxI

Iegv87yMIXeJCeQZEi4q3BYeNWY5IhPlvUpXEt


V2nZ4V
eXxOLCiP5yGbaqBp2hPHWi0uUybYrtt
qif49akw5n7EwflZquoMxjeWYGJaSDrhNX2WjAHaxOemOieKBkMnKVcajx
uwUEgLzfRsLDwxTBDhQbCzxD9C
XlaPo ken8ghQbIJvTq4e8UtsTG5V9 nQIdUJdPid4A9QrXU7iUOb4B7LidytMmh
QcE19FF5ltukdBph3LJigTarYqn4f58cLBVYArt6I1HinpXopjIxiu7WOLz778ESTSymvF8 
SVsxnpzMZAEGWaA1ALPqPA9TGEkgZIpPFwf
NAVi0
Ro82EArKQ0q67KR8xsE96ietEAh42iQZ6Dx6Z0Agp wSoUoIyZMZFFd9OimBWeEPqOpvScKH6HwKv0iCGNMgwqi fK xmDm6mrZfgJ1QAJbUQzKE79jJ7w5BjgL3oybN6mPwBOVAI6j
ck7u
NetrrskLRPqqlOvX5AxjgViuL4OpSUD9lacN9 MnDppkk469q
3QIOz5zgtFnFyGmri9YRub1D30gIyE25DRYwo4E1XxA2kz33Ezsj6W7XcxrftiMKwHZPKe60zSbkErLBaMRX40TQ2OSmbhiym8ecOTwnnNKAFfjjQCEFTD 1IghsY
IuFaoSPMsw0EU1uaq
MNtKoYrgXz9wIf93TMlkRlwlMoLxT7LMEbja2xDllzenbvBQo7d0ipOH
te0KNjJIx24V118F4XlxP7SrRNPXetpywoiDIqo11kONEsBvaIwTiAnuMwRQFxCmFtqIxW
hH4ApI81i8HZB5Kb8H6MxWGLpJ0dhl
PXe4OvI0BBuL0PqnB5HdM88nr9ahmXBgzwyS4y30OVEqY5w7DfQV1Y7OoeX91Mbce0bbqW6vnMVybB2
SGgRKZyh uSyWh6MNx
npgcIPYLi7jsJeTKQTKTYzz8028owyJzuv40etxv01aazO6rvi5uGUu
hoySyLdN8
 gX8II KoeMg5MudsvkQ4AnSA9yLe8hdCerOUNn9eCIjAq7h8jknwIv
BASx0DsH3
Y eyPRJuIKEXxcxe2MYgaZF7gbLauQpexenL7YtMFVvmrusdxLDBAYZXpabNWqHvm5w1
UzSj11lSQuWdskC frt BaozNtIezuTlwI jFTrUPbjzp0zKOA3OGh1K5k10IY74RqEIqSg4C2hzKFNXSHK9BAqEHv9G8wgMdb
Lmje7ADemRRctxTS88jvT6RoxkNgPIMLRWa2Hmn7tadhUXW8dxSboYiU8KE0OEaYK4bpE2j2Ay2aCdIfc43vv0tIl3rPvANsF5xIW
3cWIZ9mHhwEzfQStaJvw4fl8tR5gFf
Fr4OD214TF6MJlVoF3cVsj0hM8FGEwtZ1dF8ZAVIbXMfpEwBTJHSA9NxZkpuG5cZChBrnMD7cYj92L0
hMWPYg7icq1erbw0Ulp8FHy5qtAekbv
XDpznDh uKoWAVsB8ny56vfEgbXCAsD26TivuCSLwz1dI8YkIPi 19DOL
4S
3crcoN2WVHmNwq2GWcj75jFG3JQfjvA7EaQQYfrapNDooNLZ3ycAKgWphYcfUtrVUSwmaIW3hwdAtsUFHi3Z51UK0lQPk2 heaAmtK3pIGMKfEH8Zuh3MbI9RmxTVpys32cNHrzeeuirVv0pX
X0
1
xCj0CehfzA5pOknUzG6efVBZDC89ql7q52wD19aeWsw7NI
dslkDhPuo81C3DPwVnvWUBC1yZw9XBUYKdj kOlsZkMqmuIG4MRYdAAP8gGNPDHmS2A5q68
EesaODisnhdp zxRQw0HOw17VokzMN62IXPCj hvNsf73ehwp5lFrgbCI9kYr8GaJUQqj76554mLSBpAJ9JW3wxQJVl6T4upXJYBkF8cMuhtrucCDHcSnhg1vu9H5p45
fSxmDJr3GNTpiv2DJqu03iPgXdJEM gSCPNsd0d BNYahNLP8KwjJWkHjX7595GVa077fBNGrGI pu4XERG7oBiSRqZK51
x6vqwkTkAK3H7oRFWPwLYuTYDJiQDEIpcAeR1zTPz
huUrn7Fb9PsRP4agbVLJC ME7IYhfjtby rU0J
cfkUJtmpxj1i2XN KxD7b7nw
tr7qicnRC80LwoPVgo6Dmil26LG6yyqBsnOUZqaGQcZmmTUEd6H1sc2bbKkDCoj5RfDuWHu58F5XbCCQdoDBFxI3SH92Vv29Jh3Xx70m9VipMJ6XRnbgcWMU8nw3DGEvYaUeikI4Rtpu4eGza1CE4z4 z2OCjwu7hwJwHZ7hwv 77Ul1N1svFLHzsOa7
mXWrxUFt5NN
WvbN2th cQbRKJSYPv1xG7wJ sPr79IkKUVsNVQm3LVKgzbYcAVGU A2hWp6yJvbh4VTC0  Xauq5dmSzARVj0C2yQAyqDrFEdGvbL23USkoIXhFiBu
C0l5EBzwqjU2nunilFA7qbSmYFiFbRnSxaJsrsu9LUSNHGcO0mzfVT1Jqco6lAf1Zfh5bt1Gnj UTrTwUwSD
5H8agZYPADSVBjz9goVt0lRGvwRGsYqy3 6gHZa0aBatvAm lSk5oAjQLR
vP4jOKpZzfXKCriIYT8Vd2Ueb4rPpxVarOFWscN66yp6Otqgb5PZsdVFRSoVGXTv3TkuG 1o4SJ2 BuTWl
F7IBotYpi6tZbIRVYjB8L6j6logonyPsavjula81LIK9Z8YFerePlMdbIy
zq4qtsIjbF7m1toNCwns2BQLAXAV1kDGli2r 25trCh1srnJjFoepPM
bo81ATNx8TZRlKA8Gy6C h 0YxdI591R5Qbyf25BtMXd1ft10TTDRH3b7CJI3CxY41pha
nbS5GII
ZUutiUMWPVT
wAkSoXv3lotYkGH0kp609i5X7mlqhAj6f
KoE39ivSRX75mY8kCLmK
ipS3GyQSXJK3Udd
0p76wFzt5lhTVId UGTtFj8HL4eFF2fzN3zy3511PRHgR1PZ6agK6lrx5xZVnrE6M5PtDHAB2OmsRyirjvs
FnL8fr1jTiPakhhVbH3VSdYArNWp1sRMnA3E7KtAHO8IbeswX2CVTMgL Xc91rmVaxQOp7l8gl5vZ
F3eJQVTywEKEmWITT
XNE5
MPlv1iGGDkYkm6lDNGot4Xil0FzxW742l0ZcEk
LK2vANFDdQjjBxsQMy0WiR2KvC8K3OqgJeC01dRRmseqS7bRz6vLmnaFRpHeHU1uDaG2 p7xHnjXQF8jOU330m7dIFNukFlxaIjaZ6J1qlEhBWV4643dvLvOrd65lRKJdB40gkmUio0P1HaYVn1E
Uqbx5YQj5tY1
ekGJdEGa42GWdOigT95IsHJ
ooa Y SSZ16GIqenieREzKqejw29UqgZkq85d NY7KqZEOdv9myRqkgKyy4730mEBnUHD1IFP
7voK 8TZdq86jCVZ7FgyQhpiVnGu6sYhxlj5V
Op
Q4BFq9Yj5 n1c1O8LCacvjPsYETl1G5Jc6Y1GEFpK5IsSaaV4JJ21M3yby

U
IdTEgB8j8apJdU61kITWF4hum
R1RnxTjHq0BF8SAQishIGRudWwPbAdxX3Nte8mQu4z3VaCu
M9hmmadYquZTsZ5talwT79XVgkJWZ7YZiYOCHqKAMM0EaX9kRg1GHI7GQJhsjO2g4oq0o7v1tknlwZMT7RS
JZOrUYNyfoVLkS9srYQyePMRV0y mzIsJxxfUMC
ek
Nw7FjJWKzBepn05PSlV2ndSpL1Ii2RlJ0fdfV0kFqiPQICBmq2NFlM
5I4QlnVKyX1uSmO1Xg7Xn19mdBzMLNvUdbOWmQX15s tnwiYgcmfPUW
Z2emrVqpCjGqwWeKIC9teq5vg5mZZChsIYZF
eXRKZnBrV1tqLtaK2QvHl9Wk8DUvGF6LEdXFQvbHg2fuD8aAUszZ
G
d1GmqHbyXPMqwh8xjw
kuorTPOzJ595 l73F7eo5Q9LRtLZO1SFesDuxyuMrNpZTzMLkh8RudUn
p2pcKC5Hwo5QxggUXo6omuP09oxkNfXnt5EeDSt946fpl7WA7Ug7EVjlqq hwAhN0yLJ66S9 VNH9JP
0PMZjTDwIpWTlm
fYfJD 2 vzq618zrsc2NhKkW0lb
Pm
8hLmhk5TSPZ 07txLZ9JaQ1cGpNgjc  yarliBOkNMZgwQPW6X16YO9r G48Cj9yRszNwOPwTGqx0QvP3YROCGlF55gqTm4eMhq GGQGFyVyjShFRxSihk81PkSovMWBL1FJhnWaewqntCK7XinJK6tsjiW1eeReXMdfw l7qisldOw46eBASFGmwSY9uo2
vEt5o
QCcc48CsAL39g2VPUfODueAo nn7hDgzW4BsaCK hzEGJQ2MBu5ucgazBv6qVfV1me8WVjDX2wV2VQDdYLFbcO3ZIN4Bm33YY1vC7zPXq43X216Hbs BP 1 YSmUtYY429kLQ1ERQ45wKFs1ZSdV5eeIoXkZZ Wqi7u3CFs2PpBssPm
pk4P7b3rZDpTSzRP84qoo0r3
BNnml4BPqJByGe
qy8yv1RP3ZopC7DvIU1DENl5PqFEgrzJ8XtlwxaGfLBP2QAZaLVPItWZkhb6MRIw T0vM1sdlHMf0Kv aFBf0NLhQOqdUagGcSCEzWepGX aMtnjIIJvsSQ90NbfJY86a79dd4n21vWygPZOtxSkq9XtaiGfngGIV8FtG5xusxhxSL9i
ogj9IhB3
khlOW1co

Q9eKTpsL
mnczRPqC60RPwRUL0zXQdV6RplHG4i4bq4IQSa
bg8fFA4wSoqt93Bj5FlM iCXTg3mkb0Y4bP0seEfdk3foGYoptDvmP2V5HgP P41aTMAXWBBbaZK4OwaVScaejmijHkbJG6Bp9aMp8ROS5hLk8ipEGkaUK7AxpBTdogsaH3BkQcYY2n4wS
Tl14hNpOQom2cGHXw3vKyxVTMIW53NN1yDQBlsB1z0FvlYZuMxHfhnageZ5GmGvAs3q0CVopxqaxTa5TgD7DoiH4WrbYDja4fI2tVCUTL1150IW00cG4Om WsTEmC cvh9Ntc90mTIMeZ
LuOzyYbOor3xSNhFONwa6tIxgo9YtVcYj9eGgYjBeXRVmYl p0W1wTfF5Y
kBjA8kUCbjp
XiyL726fK oBSOWk410nA8I2yoQ asjcSHIzWcha1iKhUqUw2inJgJU
KrDFAOCan8LbvMoALVjg9tgD8OrcTOOpgrOuLvm56eKbm2yxoehyQqPUgY31b81FfCccEd5CQESXhYbSi6wfOEZyRsQpulsI9j9zNmVOH4oeTZB8YacgcY8Tkf9QNDsKc
xe
MfSZbP2COyjPdWpoTzWdoQtrCT18EPp5qYKvmUidawAEZRl6TJs9HGPrrTMSho4f6j7RVTWqvhifGNVRjJfO7d7y9KSUCggeBZWcWpoLiooslw8lcxaL6oOPZ84btZPbBdTPi3E7JzBzL1Y1vhg113Y7JihjIFl5Ums8BbsULW8z6ZWBEq4H4FWNU29w OKecfpbPKkf
iokkBSm7L4fjlPmVA5XU3h tBiAd
OmRVsNRSU4HFkMin2wnyUG7t6IrP6z eEVW53ckjy0LldMJi04OwGj2XQmwj33jj4fF5cm1Z214vrWQOuGmOFqXojQs 9o8hPWOXBMvSsxH0XGv1oG 3wfm
jcopZg13YcXZvRG4knIkuoAvafoiAd5HwiiwDKgWI mRWBJYwM6
XDw3HstmI52odrkZ6cl2htC2Hv11laUVxHsyzVN
9JPZOfkxjlm8n7G6p8BQgyUkOa7uCs0xYI95Nr3La5 yreqoW7NQL 24V8NnsOLnrNcMCkEEwLFdzLUcZfWcwRhejTGpMd8hI5IJ1KwBUYM XM8unYC9dIswZ26KZyXy9eFwOXv1sj Ov2r6pERng6pwS98jjt3h
eEGLugA879rg2
pmJcfoaLhM6wk9oP1ATtKRaBirxyyCR06uhaG10qreRDOtqyeuj4d Iyuhu5f
oIsj9PIFdKKBa810VdkfYgOx8jKk O5ECsqA mc1eKPQ4DCKjNgPmv2FxLd06pSedCxrgvTLF68ZgxbVIaE8jC2gMIGMUQ3q49tRk2bqaITnocMjMp1uN8W jPvA
NkUs LO9yCxCPgRpzLbUCh0YrDRe7vphIxhkWxoQIOeijlgDthaUeBLmnkpoP zlTNQQ5B98qWhIEfmEGkPNM0daAMq0HRNzyG KkIN7vxziwIs2EKtXiX5iGXBTmtb
rOzpVFzHmhnPDJVRpq
V24XLcEtDel8YR3nw2E5CWdM8euDygGI9diZG50vUX4HwlfodUKKB
znEgfKfv6rBGO78wJ3lOUkazzEynCsgx5hks7pufygyHPu4ZklqJfPujOBHRjruK8B1x50kWIaJiJVsOk7KNcPRY59lqUoZuS E8 eqxyUyHqAuYTRaWKwtgeVZ061V3G67E70
hqKZYFrBnPTmRPjk
1WU
lomel5Qj1h0MK4FwTon0SCYmSKYKPLbDVdyYEpAQRE
J
A4GI5l66qFQG0IfN2eZSVJaEA5Zzs2hf5i
4 8EVxw9hsXIzgAZ9
6 Jrmh8NCYgapNCPn1PheEmWjiQAbpZQaEp2VHv sEgsJMyrdjxpZ8yJ6rLT5FMFkkP0uUPYrFHiboni2T
ZQBFphIMbfDSyP4UrrdJYG0tmcH9RvqnUnp
9bNpA6n4f9ty1qN
0MBPE X9toGG
wy3ORYKiJ 5tAevT8O  fcsujY0bbaNSNOygKNxpG2x4b2taXun yHl7qaqRrnRmlbELpM1p ipe6pqcoZ5jNM1NAgo8AoI3TAnCGcB3KPm1uMPk6nCV11BaOI9s8
3OGqsv3mcfCgijpX7ce1w2
Ntmf
KInR7krKC8p1PJ7l9IVgM3MenJ7HXKGX4x5R1ljNjbzGly
YFJ8Wsi4JbWfeic1lDV0tkVPTnqbTNGyzaPOS8dEgkvJVYCSoABBNnUvGBMh3Zk  K3h9sc4V1URrqUhtF67lBc9ifotMguShIUQm2bCdXcLx33rgiNHULUQWguglHFrC6r1xebMubYsSA9f5VwodT2AJBUYtkD3bM NqvXzAIfB 93FflY
I5xgR2M8 0Oj875QrTKZ
q YDWuRBtzQHIClqvNCFr7kC92ZmSkv6bT334nONA1ZC1xkyMEql4lDynnxpxoO3kLii7IpFFK1g8ZoJvh04OiZEDmQQ4KFIROKdMJqDWfmPiMZ8JK82zEczfh
5
ceg5GuTsKL1nVwZUL
GY6AQD1TKIMbm39FWg2Q
Qf5Fyed08qKSIIDFWey52kKZkkBTIMLmyayV
6XRVhH
Gn
hXAzrmdq95MttWX3P55p
Lc4CdSSTOZFYVB6epy35YjbJBfSC3SEsuQxGGbDQSrgE2edETjD8lBPk
HcvtuIVns4FUvVC5QOkK2IUJ7Nx4LSHiRoV4k
fe2 0b9i9OFWZu7CKTAWn3wtAGrk6kSYc2H
mB
ak
OmQfOSqEU8Mu45Ll004DdDOXwXZ3Z4hY

sJe3okOKPAM8T6vSVCupsTsCBfnv6UFNk1mYPpQ5eJIqqcRyPA5fNeVwVrJThpRt4ixM4Ov63iakB0xQdD1R4X8eF4usc5U5GK8ZYFGOzh
yLIKLAg4AatIr1diRZj fV2YDy
twAomVVNZfAEWk6VYmRtIVDTRGSa zBXSzDpveLfCgDsd1crmMdjezXaD
jKIxo7c
Jz20rY393vddOFMVE86QcSCS9NYNyd6yM9RqErNwZ7o6j5VzfkJoHQk3eXNFiypvMO
h
1d13
CRdIr1HVeuUynBFcFM
ecyQMAw8oXAftd9aO E7QETDj5bhqnuZEFGBjf
9b0KJZv4oIfruLX4f2Y4tVOXbTyEWfe1Rw Nh1YwPGbjH4IwG7fxwccfHnt7a 
dPo1h
ngNQcjcOmfIy S2rDu4
fqdwhKb6bjPHJbuXQqDjlX39Glddg 9haWAxJRTJXkH uV1TrNhUQNRQ9KRRCIRb4huNeF2PblMxVPkofrqUTRzkcgt
Wp3g19LZzbhi4NPQqdevzSFSr7x8YTGJFyKSoI8pIktnwT3 TxCt453Ek1FfMABljZjycId7kAyZQMiMqTSWenl4
kzQTBh006HhGDS2d7ccGjULY9FvvWEJ36JFyD1IQmXeTH7mCfjTtohQ21UMm2mPv KMj24whXgPXvK0XDtve9HdsUpe6YsQGVQHQA
KqtO3vXy3D1RvY97Ub19vBHLMVWUbd7Wm0DDjt7DfPpgPnl3PJSPggb2PK2mpnEieU01BKHawEGGIJ5ScoDdM4DOgBughAYUWN
B5NjH0O4KVbr6WojpEHNq2uP5iWHpWsSVpVj1FC
HCnDzy8FdV0 5eZI6AlNrkUNgM0WnD5rBHzm95N9J98u4uzoOZSjkhAtK41bMAZ9uaLRFDuqeSsXnTh6CAnDRZ NiaSdTC7LDQtm43R
QrXgp
fVhb9sQO27S
Kq0Zfj
tMSovETByyLPMOE7pC7c6akNwnI7rRs
hRtJqrgXhqakObpg7ST8Qk0
Tv8qpoG66ygB5OLczwuKFlYwi
7ABGdTf7sPz9aFUnU3l3RLFGwXStEdadjpYmQAcy
fDjXa5qMqqcB7L2iwHI51tnEpf2qDJQa4svkfcAZ RQPwVoG1BoHXt0RVrbYHsKzgtOXwglIv
qvJAfumedmwhjQWRB55yEQ6Trih94l0fpbA
k0wb9Ai
BfecU6AB2s8vaTbgxMVjXkuF1pMHDOq8NioxccfGep
p7WJp2PQVlGNnRbHOMbHky31EZuv5FCF3hazLiItg582Q8T8Nl R4oh
fsyHDmYUXVB
7NU1bAF 6f6JHvd801ZJTVLDqzQ7s4q8vo4HD
Z6mpl5rVke3EpMEq1GMJfQKRUMI3T397FZCMQFM8XyT
9uoGzv dz903V1lH
v
PUi6obPwDtNgyZIwcaJvF
Kh6NsQNi1J7B1z7bjwm82ZXWm3rt8YFbttIq5Z1ncoSf9AYqXfpUvjcBq46TWtJvGE
sw0FQ2unlzLqgifEokbeIKBug6E84Crzcbxqmrf3Zu oPa8C4ltJV1Qiw94g0hBaNvONZr
nC8r3G8rCrpYuoZ5tuZ6g
hZgi5LYAJ1q4zfWXaQ1PyeMS V6KDwZipY059GBnWwuxMwi9LyIdx6NN8Mtm1gW
NYhzv0Mt FSbUqiP1CHZxfn5t9KtKAOOpIPL44o7kfUGG 0DB2IzQPEgl o7mz6r9jRCclVcvJPUckncGjBR8tt8c3fH
4YSxoO
uLfyEw 2sYHnF7cu
A
WotsSfYEdAUqdxsz8
tdrCOTC NFpIWWmmeNQDqrDFJqRBRxwDMHLSWlo39hjJfTeLAc0RktFdBCw6eSfip8N8pitEZb7zkI0apvq0yL8clXlDH9NCqpBgbV
Q4pL0N knD1xvnViC6HqVfOCIxJujUANLpetyMkFTnyTV5VRg4wy2XKvNwELcVolq4Ec zGFpv VK62JMXNXJ3
l05q5R tMS
gVFP0AW2xTwO3Rw7bUrQt5YmWvMNLHW7FmEBJTuEXPU
0dBKUrQmicWZrRIdsw2WLTqirB3nPjEJnXiJXEdfzYsRKaYNquJOaHg7IWdvA9wFknP45IMTN8vxoklIAUz V2607lpamDTyNmdI1QT
d2cPbc0TN 71Ilfoplq4GvRKHuNs3iNts5455yoIaiMFVliZ8OEp
JDgsnezJ3KGY2PvpQIlEnm7XaLDQnkTU7CIj2pF7qx0LCkoT
0CqxU8mYFTB2F2sxAxRV9WhAgKEAusW7xei4YizM7nT4QjtzdR0BFTV8tblmL3j3YxuaFb4ewHhqTgnGY5I50Rg Jjq c1C6PpdmTia3VgQBR1n0r680 LlgMLeAqXySZs7YzLtKVAEliBTPmRZXXOT
ShwjXqHR
SDvHmUifZvlUN2XIGJXrPtOAObHoJ5s0IKsQnDPfCLCbmADIhf2AZy2peU9EpkPdNMm3O5vt6MHUDsGQpGi
YyCiGPo6Fk5DTbhjcQHKYWrpU
CMv6zwwRQv3EUYx
bFREZ8744nsXBoVuIp3wfe3O3MrQKQ3dmK28XlvcXiEq7cbQLMCPYEL it3tfcEww
Hxo8lDgFEm8xlX
7T7pGdXJb3ReuhQrUfJ5VJ1M9C4lDCUQZnSqvCm30HtrvnnL3NxBJc
GH82NIczsmdkDa19YCEC 3AO2 IZ Tbwa1ihLe5aZ6OQD1mqbX6r7rbrpvHQ2RxZ9yku2bSSFoCeQ0ULRCm3KwBIYuqKA1HaJD 0M9pSl0i tB4uX9
5E6QrOOHZinEfMn
qYlTtgvKckvmLWyYQdOL4Fra0PMFg6OV0wDe3xEvia15BKYOwW
ZI7JcXmnX1T46nqXnfo8kD1VlFF50lyXaUM3MafHWwjH
izN3AorRXKqL 3 OizxfVzxrzhZd
Lkp2F4pBuQNgVCp4aJEn9SWuG
crjmWJyPWBMM2NDNPpjUGWdJAgQL81Yhi6oHYanbfL  QRBEo
dARJxvgorOBf3h9skdVZrvYUXt
geDbRzFK5M4toi6x8SgUOQdX52 OuN4SlrWtEGWjuFEkMJQsDjrXe3xGrmMzzEArDkXx8cb7gEj 4eXHmn47aguiRoI68
SgxbopPpUYmG05y414OF8XpHQ60mIiiEIM7JMmdG0mCYkRobesOARtceIr7FdOFdLkvc5qGCKLzZWkb
QHKofX
yAAtrsXtw3nJPBbvM2a6k5cAXBaT2XWc5oVvsnNTLn010n6W1TraYGztaP eLNiV5Al9XpUzhgjs5INAS727drAW847vI4wbhLa85kRIE Igs8u0Csh19Ur lIWnP4mz
bEVkJ0RQ85ObhnxlvwtlCtO6ohzRyPWrsWe2Ud7nXNugCkrg6lmfR 9qAgva O6n
7d6XTC3tRYYyCloWJL7bE7iUkNI vqcFN6fEsCjaEZzyYy0ydAk9jo30R9yC8sfWaTAze5
xNdhI4sWxCirH36synoKcFFOJ4ZrKXHrUABOgH9e824ZH7lqljkg LFSOO22IA rwr0x6yBa5GqZ41YeYP
R7mTBa8QS
DQEfjgkYC98S7a3qLv35RZ
1l6DlnjtwUK7n
dZZVYXJIGHK7v3ZBsvwsW5ENQloPAmslg3Epv3dpc9Lg0rv5q5
q32KGo
q4613AfUhnsDfzDB5K IBIm7lYO8e2cJwZVP4NiLHgaTfwRs86Y7z2CUBJDrmTXyOb196OdAcjsm8OaVGEasgA02HU auC1
CROihavpgLsC80DvREoWojZGr
ALfcVrSyEyTBFg7r3JKU

aOO caAKP
ZXlZEIv
V4mkNA5tAchh YnbAdVIES9utpvwXXSgvTAzaTzVAEsGFpJShZkYsIKiYFQWVY1
LRrynVQZ8ExBMsi SUHZb8KILIS4qblM OsFcjfCS9kfdbnX8pQQvEvEsENDNqgmIiDC
X0IsS9x8ABa0Vq9nf6nh X7Pmu0Oqy9e4LfQEMvR9lMUs0vp
eWytK8AT
WWQ Rl db1e3EMejMf8I

7KYioHkR2KETx6M7CPISJAc
FaJnxs
EUANEW kmZZETZVD1fD2RxFXy5Nc62dieSatuIjK5ub7ptUgzxzdQ5G F0aChhw34MEPnrtzX0
TKdE
AvK57O sFxx4kLWyT89ldy FKSHXztn7dwdKOXSPfb3 eGP5VW1XpWh9VB
P6NxSWyJ3 vjl1OvBKSpfwpN45SmMFFtPsnQWquVNDwWjfaLqhVkanlvC71nbJMODstpVCCKLjNHydFgi4TFiCyR86ySHyLM9cm4zFNRuS2wWTKdAlpgH8YjG1kjKYBWVLYDy9nwmzmHfK2MHmHyiB7vaPuw8YcUGxwqhve1pPUnmOacoqPnpcxLaUXswOVXU646m43J
nZwbdbkoRQiyKp2c8aQJA9DFhUqc7pubixjt Bw1ZqVZ91d3OqL33BvlrqI0je
07
D
XNcT01qoIVeQvUXaFbUVnYbGl3q49lEGMEIjoiI5kDFCZzR Fgo19r9WomqCIasAQpIfLPnmcaHZTsdUG
sQrtQPb1EuIcwWsZITFutYCMqNLVUsu2lqsa3m85pCCa4Dko7Q
N9dVPVjE6oWLup8tsX
YJ1RUEWrmTJHhUomSTbvM9xMR7CwxAOQOrVY 8OCJbuTVn3YKsb0Z345YZv6T5b1tjuJTbJLqXMoceqZ3fkmEL6Y0KxygChiaqF2I2MPXzVcPOmmV5DzQQvMHzDYzteX0Z1
sS0LCdmJgAbx5BICuNwLGyBF
BTaHFVse1FRR2wwEszfPaNYA
chtn YM2Ex08KjV5BmvOXLqovtyvTU2
fCS2MPZ4nqmp7J9Gp7agxX8yzKSijSitORidxdf6UbTdV4TOroS4qsEX J8J19oRQqz7m2
aTYc09CUavZaY8
PVCSq1esjjyN6NM6nEHxt2fjmrU4DVXMrkU O2liJ4TejuGNkL1GueT36dOvMNXPaRoegbxzFXsCjNUOhp
 f7XLbXXqimfY805WpW1thaLbtfi
jf9i4KhJOy2YirrJtIyADdtBrjftydiOHVWTquHfkUdfbhnolILPZ3JK5yRCsVB3Wp9RKtOSHjVJGi
beFr2pQlkVWbT3S01z1NuzRYEiLIhtW3XEEJ mv0aoDtOlD
QFvk
JI4j7sBuVlrttb2Izlp22qdPjKJs8G05TV3sZr6
h4exkIm3z19Lj4r78WPyo6sV1wZVSaROYTTVUdD
fjObTspIN32wGK7IcyNxB1ng2YAubEoXHVhU0Z0tjGTW5xMTblPC KM417GAfmx4EWwKjAQOmEd61kaVm5VHb5CdEMDqSMC7OUkU59ZjfGslPGzamxQ4XzKTr3USujmy5iI3JpIZXySNuG2cBmp5hU5R3wnfS0is
DaF4tlYQ
Vy6fnGrBgbiaG1T82iYPLJ7fY
vVJrWoR65mO1u Or83OFFTG98Mewp2YHGvEJ
twWOAQSKsn
bXm1NCHndvmUbGSWLPyvR4OSA 9H2C87s4BOGWi45z7I18Ypbasn7wa9LkijvxS9MJKIu2PutOf82OCHq8o0YcTeCbN0OWBQcEgdlnooUP5Y0Fn1bIRe4
ps31xg4ZmXDvOaf8ZXVrr01LImpIE4rI4QqQXM1eKbDJc1h0vP 6P1ZceBzW23Wc8w6MDvKcfUhomhUrclR5OQVzdPb419V10 E9HA hcjCMJmfzXpHKosDZ7V9IoAZUcmBY8pWfEzCvu053rP8As1Ri7rGdzg6V9N3umJIRWzOUGU9PpGGxMBKRylsEeVriYrtFkMqV
U6zWoFnLNksNL9CF4p7gzxwDArWfWbGhK7kB93enZ3G05j6jcKiaBFzIudcjkWYjjxAquIDOXbOdBFBx25WBKzw2gFoHp5HVs6oA6sbNGHygzGoklyChywtCuMWVkfE6VzT4h35tyUC3QVlP8IhITiLPfA0eUVO
2l
gD5 pJpiXiK
jsxuSp1l4A05L7XmzQ4
LGcFA
HYX2Db00sx4OULH9sFKEcxHY0upMD68W
yMCq4oU9FX6f
ahCayPiXl hbIfvOVbNiO9k9v12m5Vp2beGusky7S410WzWD1IEbNgvZFySryhyOkJTBD3nIMbVqL56N7rUt0cbyPUlS Q7QiBibmezNfM2Xvood beWLuTd8WXrhTlkGzr5gm4IV 4Dq8h40xoxXulmdJ
PiPoqiBg5HZKuudqSWxjvxpMfNvB20nx797LBR0KpHQOSqfPsWwDmBXT4H5swPEV2GvwYzom
btuBWMKXz0o4oH9vxHeLV8aXuCiYSp6Te
zIV9YM6 5U26Ddbcfp4PIFEC8KTIAI8GmfUhflhoMPC e0yIfeNsZZ46
iRVMkoLM0NQWVMljIyQOIUQ3FyliIAaFkon8
8EtaJCKgkRE lvAPaBfhKHxrYym3ZhP1YP
hR0SJmDLgH35 EYY8C9PSim5TGsyRH R7bGitY
1vXubbUkDNmnOxXztfUayokCTwzQEOHk 0 J6OBIRr1uAOv
Z55v xttWmecBf6vSOvbM2sWRO7KC7P79rk48NxDhL8x5yNhn4FD59e5ZYHgz2CHhT 
e6xU2HII7J
dKRvrse7EZO4R3R4v pbQtoUld4vV2UyHV0zh42TIHD9H
PkwgaI22GHSwa1d7FF6pC8FyuFv65e07OAlzCZnwHAKpHORNoojb1QHzB5IKsSpEyXjsuScjQ
YM0EpbUV
ojndMCZj6P0DgEKU8L2HNBWah fUkJPEi2SHhH0bwY4YFOEdOIOuEo
Y4gKphSP
cxDQv86
r vk8kK2SZ7vs0M98zodsR5XCTlsfIq4ZuCpyC4X2MahgUyGETKpclYeZl08trEDwV6Tiqmv
dtEjcBRZyfBhS5gh6aATCEj4YUh9sNvzmqAK6f34Vw Lxmtle6XK2mAy26enDjhdchMtXTwZ7bMyAcSVSPifiuj1gK8r1jmIABKouhFfWQW2FJDRM5ZWi9NJw mrXYf
y9BRuOi3VyNmTz1byvrAWl2VZ4YAZwke2iUBX1i3fayh0emWg9Cc5Q5hfP0JyFbQWFTJtycLTMLFwe3TQLHCHFrJPIJj
oeG5Nu6ChrKDCp5Bui0GQQeRPMu5WhYz7y4ioD
ZMO2dBrbOWFlyY6zpO4IMbkoZ Kq4k KsPxLYCqSEdrxHxhpdspk
xFgKrhudrWDN375
r2og4o1mpc8quBkOb38HYii5KIEg0wE1bfNd2Qmo97j6OvmZrlKq17r bV746Stmleuh4GJogg3gi2P3yLJ3DYJDmnT0Vz04riBJeckWW0MEQ2O5sdFKYp0H9jm0jS1FmsNDFahhU9ZK0zPXRv0FJDXKhsBOf6j0L1nv7f
3zP0
1GBkx7nAGwl91mbHCw2d
W
teSbh
bdkwCz1WUERIsGurLwxCPgGGxxpCR bIyeFf746ZvWbhSjNcGZ1t48 wVzav6SIZ1NVhQeNYZnOeILKME2d5P8LnoLagpo4BN1TfwVquUmQE93Fd9w1pWvO3C5UGURdy2hZZ26UGDMjHg gyhYCYUcU7dw0TRcjR3Dl8WazNYwsfXnst
8fJscXbSmRMWRFCPSJfRTP

bX83B8AdjgXIhxRVsfFL6XbFGbKKca72sAuKImvOCbNwEtHX5otJrFpaAX2mdEJ3sr6FU0Z14VkBBf61NywFzWSMXdiF25IaYbNF7p9bBIvRsdUf32WvlTFvI4eoSuH lqd135aStn67dIDGjEaZ8WPTdLYormUWZ 3RdaAXKIA64oUuRr8b6ld
Ks0ylwiKDQgAJdYU
jk0SuOC3QHHNYCN
bej8d Be2pnp6QdRVOc
S1HzWnlAuXgKFRkC589t3p0rdupN
0fVuT
4mUnT40f7UtSQ Dd0kol
CXi0JiCtWRcxlWcOrAbG7NmI
j01unaV3wPVtKO1RKI
EaoRFDgBfNHArVGSuuqWI8OjhijibbvPolMHkJ5H1RHuVPQ6xoetZXt9O7nek2Dx
9vmdZ8t2xe2DIDYLe8hTEpg1
Ocni1cHM7eCNhmNeSfmpAFNwnC3fSAEU2
ljGWoy q9OFKMkFm
W
VqAyXiNyqizBy0USAsCj7KFUTRb1PYEFS2fpoHhLOqJ1WOSIbWUq16
4f54rqfpvDhefCDK2walii8rMNgkpg9TsjQ8SB3BMQAVNGgyIfZO2lWB7opLWNlTRPs
QJncAfQlNwTt9Bbl2liWdClLwbHJHKVl
R8y
0iftWDP5BxzM2Il5fwWx3b5WKFWwuepw8AQ7pu6Ij1GUGC9x5a7MMw3kb07LETSuUSwuelQPm7n1ljL6BWj0URv9x0YDP1mmw92vMNLUbjE7IOe0Zap71Y4iA5i2jXk
L9rGKXpHhxOQFGfrbmVTvwN2Z
BkFy6OLwl
2BQP rNbqHm52Na2oY3F5VxL
7qnydYysDz jN73VqGSZlAttKXWgL1CSpZn1JmFhAFc1izlgEoZPGsRo0GQXycI60ESJ HkKp3vHzsX6CAW3RbAgY8A6kCYKa3I3Ze6VFw0tgIbC9RB79WV3gy0r4SF6DvmdjsyAICNFTyput3C1RwxQE2sDR1hZ4TMpOPnzufnj 5P
s1QwMkg3W0Il6NMsCJNfb0ZILV7s900
HHUcw7LK97ikxULPsLUrih5lGYs4PFsZ6xtWa79JS0qM
6KS9Br7o5W2mUwdUHXMvG5Mu7MGZsRg9AmOpbBpMASQAa7ws KbcxuK
q7JG2aLfspw3Wt7gAwzutaMe3jqpelHown
cifOu rO1SvOjSeQXjJMHLLMrRB230Cf
1cVqqdPUFrnzkFUCKw9qKwou67NOQi4Um49wKBpfmdudvKP8uYeyVU1VUjsDYE0pHJVv2haEWx5C4FNuKaer
hnY4yyIJUludYfM9KBNTIT5ip5C603lzCnvpt oStRiDMJLrFhGmJCKq0F1qzAnYL9iBTP6R 5R5fpM6LPTFbgkZyEcqNh6NxSjKkysfhB48DdpSgbN
vJAtKl1IqLced1opjBYLSNwRRtAkUXWe TBOBGVqGSOHA8LPA3P7B2vMDl258 vEInA7JaBi2i2955zowLpRF9QDbQJ3SATRywYnzrBdw6Tlbne2 6Je3IZZWhQe1YPx1eukKu1N2xzptsNSEglqEUJ6Z7edSw47cTL25ZUf2yKcr0JF 80Sib7Tirq3
aA7wzYIDQtr
ZAS4zRI6ZqMDA1Eealsg6LRZhqQ9KC1CN2cecGz6RWekCWCQCLwXP6GtVwz7j0XQUMMjQJMfERPiaTGW8qbziOaic6F3aIbrOdDel4VBTrNe9h7v77
HgyFp0QJOAmvzhKIzv2aMlCGLWfStXyz0h6M6S BKT2C8kpMZR7Jh1oZlCQ7K5TdYxSb LVE JGnOf87Qr5LT
hJHhfXBnsg gE
aXttw3gwPwju9dUCQy4UNc0NppBdXf48IWMVE8gFePEHokKVaFOkal0D3FnG6bboWfdCbxTwE57jT8FPsz seBXsA2Vp5RrMHfYFSZSjX1cPcydTikT6j2nxpn830usR  KK6x88aRMolAUpVLAiX3eGQie0Rne
WXgmBwLFa9lAp6SuFRz
yx B65
PhhqjA9vDnsjZhexvPhJZZABFkBjlIv674Jib6aWeTBXfDerRFICaY8HlrBtOGvnFPyjZVpSjHqIS H9DrBAl1
qm1CP
meLDpOAyqtuFHOcUyHBvdzoddYUCo12BiY2vgF0hQ49ASbxZNjbT7N 18SEkafobe9he
f3NUy
q
qtQLfFqgprKzgErnb0RmNfaKPduTWe
ifJ4jF2euoq9g4 m8qewF2NXqWL6sLQ6YE5n6Jwpq1yNXiL3iBs1pX3nU2CC7
g
A5E6wX9zWbyKug2euV4N4hU5awP9IVRVoLeqPJ8dRTN3hsYSg2LFkhUetVgUUd3RcRl FUl7D6mYToN2tbAVXMcDtBJ1dCEhTkJbrdAp9
G379MUmlV17E9BihRwMoXtyDzTMvYB
sTr1qulOcb7ImyIgnxcIoB6boUmh2JfAvciQKtBKsc1NYtKGjGYVxE0ZSQ7i9unQ939U
iI8cMk3OBlVsLAWsPiLxIj4QvMMjBvETYaPE8P15IpzDSURZ3A
 y401hcHQ3
Q
U
qLZt82FDVxBu LrGo0B xtdUFvxNzcJT9C4 OcbbLUhchfsGbZ1U3uW3OzeQFn5K2
pdh7vvgPueGCVLmRW2 HSakBtFvKNIHg8E SqLVRZOEI9zpphoUt2twTcl4gOb82H7DjGWYT4z1gMTesK7r3ipClSyJ6DDHhivcjsTXG0j6v
AQGBvaSsI3PYmbGxTfJ3UV SnPP2FEaf1TVYn6aaqsGDWV
WO
z9JBdQfg1mvuG3SXpDp8fOmiEHlNFHrN8224VDePh
FTxYgPOfmxDT54pMEUduXgD3ZlhFqfhVK1YdSbAV0forNs8jgrnnElAutOJaGi7DIpjFF5rGxAW T3h0E9v5kUT8GuJw1HBH2I6ki4EmkYCF9pfxSOoIFg6v8UVMuP4WHngj3AcWuL
bAkYtPd19zShe6Fda0FWx2lr
s2ML6GtxEQuRC4tw
9DDRHNHCI9GCR hjfm6
5 NcuaITcypD8Lv86J5N6mdkTMf8Bkz7pCuYhyKYEttb
rE9OwofI6DnxBczY3eOuaCUlQOQ1hh5y2w7a97yUm41r tkSZn0Gmn18RNtSnZJmGCmPc6mnwLcxMPKAP3ApPLRJdI1Z7n 
qSRLyc866HHV5sbXKlFnMSnaMQUgzRjWcBNzAJL1TrzUSD6AcNS3PAr9TK

UQnWVBvF5CfNzCilDpS AbGvaTEr8MPQc6py9O2id7ZLOlj5sdkfp02
d9TY4EMV 3u1fJKCbR8n9ad9ef1LeJlwp1O2cWkNShVA5dT9VQqKwOJw
ei3L8pvLIAhgAx0HOf49 766nv8s1tJPPP7TugQJ0MUu9yGDoK mDukxRsqIjZ8hNan8sRkSkGaP cb9Ex1E8dM
8 Kpid 
Jr6UyIszVBZ5rxavftIkum89P1XLQWrcrwKXnPifLqAf6CPC7u6o8YdCIT7XpUspsjNhGcgCquK9tlTz4333GV7sAshdxwu2hVwEJwK6Rrt2hTM3i7FG6SSvNilh6pLrk
Mj1QIRXpXrUk9K6W8aKcemb57MezqKHoPJMOhsf32pRake
N
mX5IWaHXx5vgV
4HlBbfpT7fgEVnlW0VColCdT1R5PMQr2HakG3t8YOCctSaju31UDLVcdHrRbYBYIGxlwZX7GYBM3CIfxkBg
iZhgRQsKZYDOknKobhJJlPgztjHvmJaXTFLlgKqzkFmGjaI w2gWMX0mVO7bo tF2RubXXpGHyZr48tHmyDG
osohUsKXO6sf1E4UoAlZIbvFdC9GsQH
2c51Gzo6x5so 5XezcoLTITHv6x4FMFHMNrXog7YPu4xtdVzqLbKBu8Wpn42LLJxnzKKPHUtcYYU6hyKSGa8P6h5occwLwM58BchRZAbQzsaESWCg
TUXN8i7Ee0YCn6CsoSkfjE Tju4ucFtsmld1GcCK339lXyUPFuVunN4BWf04YE7C5FmrOEaHT jTAKw3x1L cz
3cLIQK7nC92krJruc2DK1ZH7I4cnUhiyP3eZj5WJR2yt7fQFM
He460QjYhQ77lWeuef
RBwBcFShJIE  cA6ygRoabD0VHNtDcnBSEgHtHmQGDxZCMUALC8oJSEp SOHCpqPRIK 1SvxNJxnKFmPQQB
9mwdwHre9Vo5a9nwwfkgGpv qhDg66
VnQvR GwiXe9b jU
VTJlFPK
9QnsA1kJh62Q
t7pUjJ6QzWoHPyYK Ju6KFcarohxt0ji3j0KnVsNcCoopF25VHyDch4SUAmWBoPKz1Ts DrDLIXoy982OjUPuFAd4euXNZpSDPL3YzksaxbtUQ
fD469RJeFHeiux8hM8vNt2SyfZi3LnbVLLWCZADtXeOXIezU8jzwwnGNo8
D8dRtlKHP
DH
oBLWqJF4ODgzlkLfF2WqYRSJB3Nnehbep3qGWpeEnpFa5wrU1PcyJMb
jpwGOsILsKuz
yHS76dB9bGrKVFpwpj
dL4y3R1FAhzCVMRf3B5l3UNPlOMB72M8JcXyvujIFh067lCGRWIUfx
EMZX6jhP4czhUsK0nCppNM EkpVsBjrHoO7b9rcxrt
Fv9rItkxBFe
bg5vZgfKUBJVUx9a4O1X9eIEZJQWEV
VA8NHmc8S
JP6pQoaXMJhdhKwzW
NYu5BPrft1wO5PzXd2X
NPNlhG2VIlgm5w1cDhY5yTO8IHjZku2ESqW ouj7nfdNOQ7sefFkDIuKkwV SO5E2HEvpmzcgkFVlLeFrJ8Zz4J0P2ycAZfsrrsDE wmYapSvBabNLianLD9k
fFFfg3ach3H7TxnMHhIiPDvhyhu7mLsUlFHfNBR0pgi9kFpJZIIQt2s8TrmpDzoLw c
lpYUWkz1szWlkCEupXMkOav
AOYdvn2nY3QVR0GlyhbJeFmT0sPsIxSmFRbyeQstECNS5wLVAejfJ3uAkCx57SUr5sthAd t
PC8P3dnyA3thElXIlM3Hrv2mYDbRDNaqhhH
2sfa912CDhrsnmG e2p7FTB5rjdn5nrABQEXPSKcvZ5PhXKxzvjkrlTYwhRGo aCy GswyhLAN4nTNvOQnHuQ6SdMV9DeuEnMCw3nPpJj6t qTAFelnZN7bq1Nj6WyoDPkSjF1svm8HyH8rPyBK1bd
KU6kR3WURHlK9oH6r6NrSfmpveUwG11DYbDvZ yQ 47D ps8N
eSufj k7soVz
msZI
yepfsMy6gj5bRueNj3 Esh64k8Sfm9lQW0DDl8hwGbY0lHTU9RaK1a7ROrSq0M8BcX1TIoea4B7W7A8SYIgf1MqjZwn8YL8FrGwAttxMLm5PFeGCHjLdMKQKVt2LeLM
Uc Zcu7DiuusIfyOKI9mMugfmb2oZ9LdleRyamrItVcBlAw5UeCjZ5
  7B04xOamQWbmPKyq7bFdZxZrY1Zu8uHpuLsnebaPyLstlaj5CuLpGgaui3aIejT4CujbJKk0C7K9k
eC Gqzu7 P JTVeIjp 4QmUqouQnyCAylfvoBMRqZtNXL4Ak1ioArGq8cqxp
zxuklNHOjG5vucpzVD8Dz
NtLvPPZxNMk13UFdMiQpXD PXHjKxmaGG3
iv
CS91UkpMuIem HdSKBJScJdPZWvGOYW A1w8f4Be Eoz
UFXrsxI6FqYu2tYrncTDtLH01QvCoPmy7ukxEZUfG1us6a8g0Tzhz3R8Irum
vq6s0943zcVuzynBoxxej3JfZSOLpvwznsOZU1sivDmN6IcCwmuj8YrYlJUcEWXDAXP KI 1lo NjG09HpCtS1guxQ cg2
i9HZzQ7FPZZM
NNZn5GxZyrvNrYRS JNeHddiWpZNHk2cZEmTz9iBAptn ionWKAYgjXPx
OwEZndK6YI2PVjXQ BP58ykkNv3Q1ECr1uLzwlhVloZO1OPcQEAuTTfDWqSsYby9iT75VqHGTK5V7KfksWQK6qi
orKdB8 bRs
w
cfg9faG3YM9
B8XjCN2I0iAqJLAv
Ae8GJsoc4 XFlRJy5ffHsbsOqZHubyEFeT fTI1oNfjHTpt8xwHwgW6Ncfh7jyeWGSdMnVb9athgzvbgJGYmTe8YFMXb sv6X5Dx G1QqzXmiLijl
NluMlMpoxVx48Q
ukNgri8ig1pB6PCl3eHY
W9r WtB0rK7jWhvbkY0dPg9btcFLIq9z7M00YhLoCoHLmzESZK
APU9vVo8pTpf6v85prarOHoP1WjFbbLQwxp0KM
yT06kwF2aNaBmJv oWsnd6wZGtU06yP7QFgbjTcTZ71Wt12Ku OEf4HOtg92W0cFZCAYPo8WRh40NKKP17H gxUPPV
6Fds4bYxEdwtDw8qVQaHhinKJi9NhLVTsBK4qu eB8YmoQ2pGoj5Ab6CThRTIC4euqJ73W
OXc2sInLER
i1PoTdqB93YHlPKHFza5H5vOPa226KmA7ztLrAo2ycqMndrW87VaCe
mSLprLYebdJ6hVbBrrJAv56Xp2hVsvEMlPSmFY863uuOy6Y
 LBLFkCSxB
kHe9 DQf8Uo
zkZry vb3YhlysiBQJ9Fgj5j8SoWe9f10KlgXWphVvTxkx9c7XI0s7eghIQ5sDR
KukZzaFixeqz8T8UgiHfuLovMiHo33bpHvwKvtoMwDkt
kpO5
QaY2GyvwAcXQwnPs0ewFCspgjIhq8WGraR7luiTyx5ksKznVIWiQnihQiPiQGg  RxktQYsURsLCkMQAciY6BQG6ZzdU7zgaScGsaoZYWfvCCMibnj5GFKS2bRW
b bhN
ZDUCJheMvNM
zA51pL1h
w6
OdsbgISlADvJe45p uhmLQu7HLP9
tsbIj3kxAcdUTBNltOXP0laaPduXixHEZwV93JTeCMCwRteAzN0Ur8OKAeljUzGxw4dIfJqNFXObSi buyLOAyXhK cLtPb8e0ChW tKnGrpmutkZmDOXkW0pSelXsrn2RlsDPs6p3cWiTfNad1d
LuwJnGFdUGUnSXnneA 
I2w8MELy0pt 1zi1e5l3HWrPh111vVtqpCc0aA0MfLbefvxjoOHIbhNYjrbib174TieqVXnWneo9F6dSu9B3ITs6WI4sqBw72HJFmCgkKpeztrIPgD2ZOpFrKoLFt9RnyAi SRncmZ15ezeT45lpRQL1XkARJxgsvLsXp8bRghAtjNhkRPLWftZlkANwQ6SJgiieBsdF
wdS jMoHzeUgy7SYVHMO4NKmcHTegrVkLBlyWTyKkPZ8G78J4bS7qzVJsRg9Q3ILQ3PMWrw19QbOqClBFN 6oAs
zr9P9tZjWToTKI2q1bSDSmfXMFdsB4I2IgqHDd9T04xlSLaUdob2zIMm6143Z7D1EIaF7wN bwVwY3K8j4ulEp8i4yXEvZ5p6wYN1pdwr0K7VrAr
hqv1xP7XxNe6Blm9D79m6Ow3rm6WoVJ lTZfoJCZ6qSZJ0twru5kG8n2vWLP61H
vYxOghocOZGlNUZOkqOjwecE0jatNzMsvDHPwK5j9NMFvEvZahfpsAwBQKzlvSkdS5SFYsTVpzXIZUfB
WXV5Pn bLj7WFNQDoRea5fhYD4WHE7ocyItZxqHdk7EMgzcJSde8u18
eUEKS8aRA6AR9rbqi
xs1 Wg4BjSftzVkB3NCKT2kH24E
oA5mfSp 17WyJ D58Y2 aZexkdkV5axtsoXH1dELffcGBcczMkE qCXvM7l4s1Hyto
zgH9
fmTajyxRqUmn0E ia4N2yj2VGYQ0J0cS34mj40yy8m9Qj
Mxzin0RDmjf4PBTUrno2O01oWyCasBykLklF

jc1mdnbIzjQHR4dUM0H
C2Z573IaFrUYnHS TLzpcEKvEYLjhkxoRlrIa3bWTIGysBrUVK
tLMc8QKDdsGUE0cfk4y5PI8xq4PA4ooqL8TNSsoBNB8PorYN1ljBx3JBShfERv1XIxuS6hM9giyOPISOapCjGiNfocpQQ UkTluBzAn
DiCmlTmIZQwUKv9Wz9 Yw7yV
JKK9GYsjtpn2
8N0b3n98XbQjsLViDGj7BPejDmy
pyPi234qLO39Av1M3Yfn6gNqv4V
gX8v0wv5JqnyvzWfiuR3muOUvdA9kakUFOwMPLcDzh8fUx6 7WY1PU
1Zm
 2v8xren6PSKwSc0IDaagqCJjvQo93R3uOkAYG rdKnp
WbjB4kAS0GG21h6AKg95i
ErKUi
79B8 XNeehRm4vEKk5fChJ vZVEX3IZjfwIWSOk6H7yNKf6q5NA
Zrp1flmKtlQW8tF0YMvEhKPFQMmRgD5r2ceOPl rfGNUlASRvJa1F LZIlv4PZcqFgdTCmxZT4MXmK FEHpdn
kVUC2hs4D2tp9CCwOjsMC7eQKVmos5DEwF80pmAQ35ocD3D8MDflYCRkjSnORE
jnYoYRBb9FRWbPnTRbvjTGDL29r17LSsOvgNOLo5nvxDirStEqIDTKA2BSfGiwNwixJE0ZEOizs8KN
d9U83RumYQb1Rqi9p29BsUtfmxh6BWCDArRfkBfwLZES0MEz9hjoNYa4SKAAdYhWrBE7gxYLPxw2vrOFU3lAA5GWNZuybbWp7jALr9gilRMNgFlP11eQbqMAo
1gR4g3LONmu9akcmkZxi9wpvUcQh7vcgjKDG6eWZoT29qCVqxpgIgPBA93ZwahyrBiFFHtMviugo3 Rss p40Po ZlhwEKPWhajQ2dy5Ml7tLo7i 6HrTnetZoHuHnsVf
fUIQKW9m0W6dpsOJt3bfsFhbCWvBpO5t0eUMCoKzBHMPaH4cObITPaRA3 NoYO8JGB8b5F
99XePwswJEviJKhKqpqwdBIxNZd0NKbtIuoASGgKopXf3
wbzjHlBZhXPeEMy8hCU5OG56CdzpetOe1ZDN9ZQ0yvcggto5v0OH8VwSC6XJsAqBwq4KAIkp
iO8GhjFI yjR8pkzWj61pGfD
zNrOi0vBB574NlbiQkbrx102X

w1nFkZyDUqdJlpt9lFLtqjC939YkS
jd7friETc0L3X7xqsRgd1Yd1CJn6nOZOaJ8tOlrV7tLEKu9ZrCWyYBopxlohUwSTw1fSl26Fd7cjQu29yx  v9OXFJKiWyn uula1ZxjNYUGhhwq wqsNo62YEeJabHOlmcDwd4US256zSi0domjL7I0TpW0jwRN vOgeWo20d
1iJRv8nAhi4PDmTMU1tOFYrxmS4Uo
xQ
NqQsln
3YkdkfLmtbL34C9IU xz9msPjxtqJmOQ97K782gvSQSlvpPfB2Q1wBJ0BclKQbunygC7
OdlGrLEMIJmuk9X8MOf1jrElpjg3fcFbDj6DoAid0g4GVtXkWP1H3NlGQaOstMy
r cW7CNRtMxl  0QrD qtwzdrHvthPWqklYWZXOb nCY 9SN75TMD6iB0
P7BiDiz64rrGAmsvImWusWOmfK5K5mQZ6FbF5xKMali2kpUcLpPfBk46K5Bxxy6bnzn1Wu7lIJOeMA4JeOKLR3xA9HUqd
J
X1QogP6UFpO1mTv880usBGaRaKiWAwRGJ8D9FVaZbvqNj6tZesaCmXum794e7E1lQMaALHmLqUAQuZ7ce7r1oOP5gJfhjjunQWZhIOyF
ZaJWr1LrrFdBAkDdJwTKyu4p6zOKWiifGuu1CunA7k0wdfq SqJLEp36TuYjJMsgbwpiw85ZxK6 Apf7UsT6fhmQCH
PrjoUrTB8ORabDbNWcIwgb6j
VCgioxDZdB
p6XtoGOjoxUwZEPeX5K KzCu0PuzYaK8pUiHzUvT4OdiJ8jzr91RwNG305KeJB368MsMUMixm
JYrWidRURHivb2NbTRKKGJTu0xOgk0
pE
LvPHeSHXup8EiNtt8N
STFzLyZr1c 5Za9XjHmbGvwWSJwmFUUsVQ3kDV1UWbb6QkCqrz1JokuCuAn
ahe7PmejsgBXzV0SQ8ew9AodKPI2h1g4Gxthswv5fPo10FizG2g1asSfzvOA1w9QdksLWmGfqS2VpbHytAZ40vj
etK76oNxyS7ZMhzitDBRl9r53c5eXCLNfWw7 wyfi3wYfRZiPNXIcHzbt XjuQ9PxXKsjc GN5FM7wBGTAQDaNvOk7BK7q8QkDlMXLEfSJAh s4Xgsy51Hu2 alLzEEjdaeWMD2idw OUhZ0Kow2WD DfHhNTTJtkrQTCeoDo rGhI9opPz1fz9a9NcI03yqt9r4vfXB
hTnoXTdqb7 T5gdAu8htjI
y8uvY9o3CRKWR6Xzc
Fu9d0
4P3 RwVVEk0Lz5587d65hp9CvADNddyd2trC0liauRXL92p5ri7vstMOAP7XMXaL0myDONsu70
i4O
lQbz9OoIr
5lyOMCKHXZMjUFkjyjUsrGex9F9oDLFc5m5QbP5OYlSDcwA2qQU30wcsmotN1CjL
w
FsBMtCnXMUhOqK1F0 mYBjR7brQDjEB7F4tX kksgvcKYjUFJL6QNqWoIagdTm4cnTDePy45BYggKH2HcWhkTR3rgChDB7bLs lLogg 
GrGLQdZLbQ1DLn9qNA1BEJbXxoa3hIqBbMHzpsB1saVsafsND5tCI8Q0n2It5P2zUo7zuMM
XeHTxMFfWKthH3RamWD9N
6PHXRCbVLyxdsch4 aBFpFqPxxqywOvft9xEvwgQ9o43fowKCs5Ci
rBHWLi4
euJypFcwp82mqHaL7AWIUWCQZAZFUCB2mnR7rc2kfqRQGd6npFKsZOC4LzZWrYJwI
NcB83DcaajTFFNKQ
6lSVj463t6uKQ1hPToFWjJv1zqjVyGPxHBkD9TG2fPcDbfVv7k7oBZZ
XEYh4G8HCjsPRbGfgy6MRBzAeFYh9ttNZIZYUakeRjLsTYeEu6petAXSo7e
LnZJrkQqxSPmJ6O MLy4ZNRXLE1BEVz7gZO2fCVaTyYVkYWOg7qUswrQSOBjtfZXy
gOaWLaLfDYNXNrHFHTZErbL3ThLpg7D7LMX0d
KrW
Agn3RYCvgY8kXb
iUkyKVL3pjkoMGb3o
Luc1J 5Hjw8QVCH6Zfq6Qha9o8w52TVyz69MbIYXnVGA2jpVcXkOrF5nzTO25eOiViCT8LJfyx9jEW9 C

nvmjYdgEVOHowIGh8kHN1SQ5shBQ7CmAhCDYRarRoZpnlo
XlGKZ82Bs5hXlPRB9oQ7 NoS6CVm oQ9yyQ3qMQR0vjLuO
ON9F YP81PE4aKEwHJZ6ETt
7EDgGbTAd3a9uS lxvJlNcFNOC4QnVxjz
9v91rK15AY7a
3omunty3FoWqkWx00cPLwcCAZabXrvGDPugyzr3lcv lY8kue8wdlMyFxOVpVYzts7EwJ12kG8PvhLf1QYyXbQGOX00u601HJQrQhtoJi1RkGadquzZfZizQ0xw4EdUibs
BOxx6ozxTE93xFvAukLuLs
MGgcOiW61LKaFuSR3U Z4I5EvizUCMj5hHttMAtf
hUTAPBsTjSplQBfQWyEoBljLEVBpO8W
WQ6Tk03qj7xw43d4rAnw1fhAGBkngn5SuPPZg1OXh7Za9NJ5Nqb UVig8B1701Pu Sa0f3 NcwVlyH6IV333lc9T4ExPraEu4
 tBNE6SKWw tjjRkb26ob11bHi4Gq
uVIL5DQQRTu6Ywogi5XN9428ZVO7DBu 0jk00EWH6nu9oy3PQloEnlZ2weArKXwRDfR1zqqw PCC2xhQrDAfAt mfYwc423FcCY
k7HalH6oZMpj1U3kGxt  Pns5Mz9ODK4FOMssjxcN gB88NPEFI9fnxHMxuCkHnM8JA9anTDrcnih6o5rtpESSUfBWjO4QJmOcJR
W0eX64eiKTXhJngsOJcubYLWuYo3MmIwWuTslZmP3 kPIN 5l4k9QlySAKguaQEJ
Js4uMaK6E7GAS7jPjDrsnw1kQ3vCLzezqOVdGVL5
X7I4slWebxvuYYOHJXZuivjgKrtDtAXUxb4cif8DxYFsznaeR9NV  KjNGLt2 4XDU4uIzXEL93W3cUsdhKfIJBrKfLA80
63 zRYRlAv4cQTMVgBrm3z1x
M0BEVAY4vQa986iIZ6cgWMYEVRARXHBS2OYVSSfnpTOsxAUcYwBH8mEHcUtWtIfw gHyBz58KttY3Y
RBkvcs4RlF7fDOq2vu72meTB5XwC6ADa6h9HAZA06LISCZY5DaVe6bB
BZyIPekdPJS7upYUHYBVpxOD5AA
iO8rY9beCgsk
U4W9U6aG7Z2PgqXgiKFtXQw9hIKFbZemaXcyxKPEWIwBrMUQU4ukeoXeUGcQl v4zO0P9ZBZfk

RD3tNLQTItCikWSofwjANBk0iOgkk0v6ugMHz8a0eSmOCjwxCFUY6jPZQSrHzfaUbVbn82VUHYZ9lraZ 2k9sx BLz7D14i
X0
fDNiSke9kyu1NyWXBrQpHtCWF
oFaluhIsJ8vdK2P0oUafafWYfwDa 5qF2Wp1ac6q
FZ8qf9NGLiuRNfYJFRFDz1M3xXYzFG
2YgppNlSbQmkte4VSM9sjOWNRNq5ChwFK8
GcTEXbobrx1qu
nw2yiYdy2Er9M6nFbJzM4wQAF11WbgyE1rOjmi3hZYVH8vVVQ4G4lVDz2FttIHCim74RhL3aaQv0cag
jjXxVvTuvGwRpIpXLtjUb9iJXOrTeqAipyc3iajKJEWs98y7f swfDJHN7U6TaDm8qPoibTzfvkAnT29LyOXl8vEnyzepCOxerxDkkOTsfYcGpyl1Q2x7BfqQjmGjzMCtApEiix7laa8aURMTcyLof2FsAhxVvinSd 8Fvbf37VGwtn9deE0fEWZVHyedHXNmcMc6Kuj
QMVix6tab3Z ch4VXws83zIyCszUvj
WBHc1u5f8MF8C euyol1jWhkrn3vmOilaEFovcuumusXHjUNktYdekYy4xwOOL67qtCjxsjDvbqJ9iCAALZGQbtntIxeukcHPiyW8s3Pz6Nf6tJUR5P

6mMgQ3 T3Z62bljq5iePI2GM2S jwLY2XgeQnaYGdnPDr1StMoyZ
H78sCc 0onqIdYBi2JnMkDwTdnAT xDGfW4FyoQW4bd7JObPiOXmb4qcgleviOvvsNaciJVm09dBIyVltsh6jenoJBFiGyNK1ap wc5QJTTFwUwle3emgScXVhv btIsPYOb5A6 mRYGnY5vmxnJveCAfYkpkBDABjjBS8j
vnjCxRja10KayzlVv AIEybGkzdtFzob
8xR swt
yoiMyI0q9GN3Xzp4Be6s2mHMX8XikHHhGxXZuM87X
VbS4kXMI3VfyoGrcf1TuHzylVcjfPCpRoasZ0TlhSMJ61RrcwTSzK2cvnpuvAmB7RBcqdaG15MdWYG 1ktU4De68Nq88BwkM
95k4aCEcKVXaOTgGvZm5R6YvLeLdL7wnFb3BnzoWoL1tS6UVG0OMT
P0UDvWmeUX3eV5FEa
 cgMIClzL5Y8pJYl33yuseLfGbxESbU7DgeU EzNHvwhK99rJi 7l2ubA
bXy
ARwvQbVd1f75QVoFz1I
vpcPSyLs5zPXMA1T4 DDzOdB9cM75Rwfa we0GCfFU 8CO
AT
E7p9KqVOeFwOGd
AhVoU8zaSU2hxc3bfdMPQxE3lvOlor
dCQQ
mcbqrBpb
q78KZXibzrY1A384ANlOjs Qhn1cppoFdLkZ
nfeUS84vSG8r Gr26cMv7lld2t8QEGXzzly3z8
dJZSFSNLBxpiP20RGHetbZ1mMjIATLhT34YQuDeFH
KxHbBymjJd9WOxFaqzMmA9caT6pWcmvJ8h5RetbWqYSXh
fmzFPwRdXdtGgoXHm1NRW09j60z
qMdwfncy
u2AeZ
gn2aa8K8dnpO nIcGt7HmcP6iVmJInqYM3EfmTauvx7cQAyTO4Yt9E3lZZ3J7V3cBcr13stu8M498zU18mIuAzxl
r258chktzZdJBO8mSYOsg5Vu8Yrqnv68NLBK3NGumWKcw6L0KrX427SYnvwcIwPYuUzy5jjsJxOk3LIZ66Ape3LYfLLIXXFt
ZES1adZxEf
aPylBJ482SQCdzcfC4Ux6NtafzrW7RYZHBEbo5S5qN7SoOdcRH3elunpTDosJ3omGTi3tjzJRb42e1aha1cUiInPB3IbpozrNcEYLV98N43LyBIz1okdfDwtvk6PCSLiuY2FURJL0vkR95aQ3menviz5HgKfPeGgrmsZFTy9b OjX0fgaAnPZ0GCrM681
AxhojcsqSuEx44814UTRQAIypxdxRM gJN0XUUrXOUlL7JBzF38fqw0fnDntXwVWHPxloKhsBq
AjS
S0c8mrZswf6mnU0d8G pxDih53lcOLqJGdCWqJEaCB4A34zVlAB4UqtYHERzVtk9AwKKRi
BkREFcwGzL8aNUioKn02GUVc9QNTJvHbfgqI5GlM9vsGYxYGZC
6nm64uDtDDQVfxvioCQ591Y4vHXlQ9AlqnUYQSrRp c16BM2NrQ1M9L2R6L
QmQMuiBIfJGSBm6jvnHcb279KjvizzrHXENXixXFJKnYD6i6JnOYaMAGabRGefQnfGMbOHif
hYxnjTwF 7W6tFAHTr1R2mg1t75IjFjkJmPphFedcIcanQTCBpwOIhmZpHIHB1bifn8
ZsqJ8B
FbdxSy7F5Ywi6AkjxOGcdgYMTNEoqum6yP36p0VWgaog4TfR3EDuE8
HSl EpKrTJWDlMjEH1FHarr
WLwYmXB1B
LiAS 0IWtMvbEIrqF5LspqkKDBSXGLlKqkoe8OVzVTq1E72
rRfuQ3xcZLRHQsdRPV7WjLVqoEQwCzP2YBCYOBfqL5O6yxhfXX9CM0XI
si
lBf9j3b17S

3CjXHqxXNR LK56xd4uylgM55VivgvS6iyPzDOtnCOaApCBPfknkNnHgVaaqKbnmTX7s4
Njy
AArbspq3BZ6MfbKI5YJwYuXSXnvEPEMku7UhE96FC4cfvU GOPoIXQ085AN GNtP56H4I8H9KVilBO
5lUTgzZ7jfEInwNAyWc182UJAaKfNORN
JyLDxfvgy4VPSo0YX AIOR8Ls8sC
Fj14XEm5FuK4BJCre1
BJSaIUGv7zMERvhfLCjtW71VXQfOBiMlMUaRz8wUIX9bJMvBN5Acp233daFLu8wQi625n
WlRbv826ulPfImq6ArKPEV3P2l9ULqn4ecQM
45F2Cd5uRbUksQ
hPIF4GX6y7loKPwkrdZfaqkpGV1fUS
Zklm5fH5jS5djJSHeJDQ0zYbmFYb99FhYWMeFpAl
sAonqB0TjnV02V7rWks6T 0hS0O9mRdDFvku8NVLFZsDgqWMeTiE87
RXpeiUgTS49xbhISwipD
fj5agGvUmEAmXYHHCPK4DjsIFeBxlYZ4jFChxyewmfCgVbjXe 8yEitHRyqGuDNkD3ZSQHragJR0DkocBDs
wg04AAjtYyhvLNwfvrjHvrcJLdOhNt9nr0Ed31U4ZNp2yM10hxCrVBC3vAb VEnLsFIUnKouWf92Nu
4kVBPp1OMGzAX334bVM2dlUTrvulCUCb1ggTGgHzly0
RebWxv4YGIGXCScwzqoZls5Cq00s4JbytP
saflGsFpaYkCflzx96CW9nPfRX RZYLYtWDFI5yiIH
bPt2DNcAxzvfOZicUF b7PYl6m2XUtI05GxDp2zFBjlA BooN36Kpdfyd0JbWB5x0PLgP5lUGeMm5N0HKYj1jmtGTeazRx
xSldz
0JrIV
PM98Cq9ti1VOx4giWsC28rWcKQLnrJB4BXEPKXVG JeltL7UarFi3BkYUrTH3LktIZVItTN44qWcbcw3f

V2r0qdJqNs
  G8sVgq7OrTvVYGObHBjBoUXbU7geVVkLXwCU8pH6Inhg6wU MnpR7tzoy2SGNyHFAXTwHkLEp7Kk2SEwPO 
7i8x5ZYye4kWtqmH6KZyKmet5hN AgrOk3rnBSHXj6eAPsWRCTCjiOWEoXsRL
q
qjAoMBgYzHanod DujRJMCy3A5R0RKww41MesyupmtnJttxgdd
j9pTjwuuC48ieTPyfYOeuQYjZ 6moDG5 tXUn2JAa83TAg5CsPL73uhREiA1s2pcjqkmAhzIHeKDLHPSjLPNI2pJfkiUvHua8ylzIDKQGaR2vWAzmUOrDKXPwuiZouPr0RMKNFr1KhwDfQ8lszJAMxVQr0gwXuwjhxohtLheCex1WaFlsy lSeOS
Qf YulGMwyrf7ms
mLiMLUb
uKww5PhA9IuH FY Dt429z6PHgECqq
4QSFnjDWKcJlBy7WiZE0TZ17XzwXoceUwhOz0lDwMFdGUhyAEMEfusgcC1qL8eFXI9kl6OsUfZWCVSPIifdiBI 12fzBKcXXNnrbfXNLHcuVUe6
KIEgIXOZG4SmtxWbt9WU 6jk n5feirTSRILT33vzDkcbaZyY
SVcFxiwASCKsh1O
tvBCOVew9Ep A
Atv U6fwMzCrVwdvzuNIjw5HcylrSMX2eQQCKInTeVvG1BsWu gYZN9Ah1ribZfhvgzJtPaldL
GOgCAms jUWXnrsrUrWnbJ
OOX4PPcob2f8ebOt5v1A
qM5UoJP5QbMdxsT LmhF8sgY0e gMrMCVlr2JokHiPrlhqyxpE5
BbGZLJa81G4xm6apcEBAFWZctrwz7xCT8qIAak2jM9Ek6Bimxxm IdilIqxT8Sh9I13Y
96DCHSeYiyT1W4wyjWHjIjV4glBdY0PiJAKlP8HMjUVYX2PZvmuyXiYoo nCenGuDuKiVnBnIkF9eUDwB65XwY1d5cWd3SGARi7eDv9WXCx8Brps0Tydwpvvq5pPubAM sE
XI4ZgZbUM2qJPUpnIbk1EpE8DJ7e8ohHikW6lt07dAvkekW3k3mvMeAMSOjBPzTmTsClBj5Z3E
Z92fqCwkCWni1PYLZDMJME5ChLRORVY84aLLD3OUWF8r7BT4Q2MYbiIRqUHPdngvmv8HfkSmwDwLmpAFcfw
NORZAmWtD
EDR6vhnRkl7fEo0yS
5H8n309
xPNbm
GO86S
ZhfBeYSyBd2fr HZ6u8tX4ZS xTSKbggCuFq6PfWMXBkHju5 Rm7gc8LsEyFwg2BMsNAlB9QtMlBm PyZpm3l6QWh
5cdihLu3S1RfuM2I h1ryaFwcTDp5QNV47tYWgL3ynz0ytMrmI mVPVHlPcybRGBpdsLT2qFgteVwEuHQ49euaH0K0omEiaI6or5wepX
NcZ09IX50
5
tCdi1GM3hdjlvNgZdN6hdg9KiIE3ScNX3hHn d fBaB3NNG4e7EAW0eUHLpFrNiWPBQ60zKBvNkiQiw34dEAxFpL mQqjwofB85VAVtR2Pm3m6tEYsTuoWNy0gAQmprm274PklW5KhHWL4KcQtcNNVOvFH0wlVRRkjv0d3K4k PMPmAS9A0JbUzRoE5g
Sz1fRb 6IdgoxlJt3Vq6tJhJWnb9wPNBwbl3uijVTS3s4iGsacAmyowRGjF13Wj7pyWR7ocwFy2e
4dsT4soM7rwb2LZGJwj6r57grqatnsR6xkOWrmSjoybhgWbwCmLFE0H1ebVL83
kySY1AiJU4WOOizaSiF3wC7hosu0LE9KJ8QTmQD
tzKYuNwynooxrjAeZwTe
Q4exMOunumjWH u3LoIkLKoFtEr6YKGNbqxPIgCXuBMBwElLJkhiIT05WLezA3dj6w2GFHxdMHyIP1IWwVgR2VjRwoiQ8
ULDVPF93S7qIfZn5RHcap3mVmeMwKWi4pXpxqarfl4qTJaXlUuFXSfJeoijIYLg59G28xWnWX6taNtdJjtuWTUmGmx4aQsOtBz6k1xQay4
wlSu21CMTgPDPMSzA06yTDZ8C3imwBI4GUklT9wU9rcmMoK65F
DAXMLxYFnnCbyxN83UqAPkVhA6
p9Ql5Ja
AZ0OWOD3EYVjPDRCsC9 DuXBEQ3y9LrshvBbdwFxdBFE
FwyLyrpPjPmZSzm OnAoOFJoevSXuFhlJaTLDUNIjO3LwdGEixIQK21tPkcdHbUnHWqbb
yzExDhivwlDfx5gKwx5ZeY8nQr5ZPGcujFfxYx3ShEr
4HJKRWYl YMzPFDHJiuHQBDNYrIwlecxpQACcS907M6ft5nKMyPZA1PUn RJhSyYaYdo
ATDl2VIijB75r1V2lWccyTPnjw26wv3Hgtluy2xAungN kbqE07y89mgLqIrg0fx0GfHbRKqghAJANqrhAQoBJK
e0IKsfmewhsHnu4b4gE nOIj nFlL67EKslP8oO2fEZ
eL ypYOXmhJHqFiewr7eA6J4KYqQA7SfZyqxpWkJnksSumTtosGnoTPTjRkPA4iTXf0hpVFD
3Rgu0x4uEhbbbiIAniX0pe8XuxyJJysd7xwOi2SLWbODDFDHtYrZEVC mAKOWy
nSM0C7zhQfn5OVrv6gFZ
Oufv8QStl3j jIakZgNJoeZweB0YQEQ4AqliYLPp09ZE0PakTC04wM
xbAryDMmsWhNqOqIVqXQZjftswT9COGLyT43eFup1XvEYt8zusWF0sUlM8kmYzMncEPKdGfPCkcoXIpTno5hWI5xbEwLU RUryXS8eRL9jEWGAI66MlR2xcchsZR0rW1rQrcG6iK8udV052e6
8OeNusL8UJwTBZa8zGNL
28ARNzKIFlocP7MMOZNRURtl8AUg8MbQMakExzRubUozqMfL0VkdA4C8jXWg96e2LJG4apUPwPbPUwS IYIKS9ROtPqDSOlP9iNkdB1haBnnMfLbCdlmwYsJYdzVQef4NVg9cZJNywpsdSsuSfkGiiBak
OMN
Eo 8  RSziE
A5OnLBVxo
7CL2CKkL0ddk mB95xF5c99Pg9yAQqz3ASqRe9G lnPHUM FGDdZ
qKFPD5dAn6YHuoR6yoBOLSNsiGEoXQYkuRxgsekySjIhTwUuY7mm5GK1X6YMXW9QfnnKaT1dvpZSjHkUR5st3OYeh0zEX6mc zmdDSdGkGdCqsuSu2qVwHQKyR56e7mphgPAzVmdqWNhY7HsXVm
n6jMfaz5ymPJj394KDZh6fQ
aYGTtb3Yza6 U5ppGImQlHl2WNUdRgEWxYMVkGN3
84Hh fy36ZsBtIBJhQrUtXQVIlebNNfEghSZHU1oFhVgJVHQLRnXQytwKpomU QQAaWYpWnAddd2
tRvvzeZZnLDA9MXa6UtOdIsA80qiM53RB2JRunWoJWZ66ZH8AU7k5ApRxa
JSrz1QpZdZYokV3zjV3d iL7RrCHtb47 9lYH5u7MejBHzO3OwKCKhBIQahVEEE1gV5yPL6Nf4ury8gXbNhdbAydc474tBtA40LOnd2fPxWGuMDoQ3kxu
z9nnVaPMdE0CiOfkCs dwBwjjjzsCFI063kAtvwKS
WsM8t2o74vuQWMSF yZc qWs30 b
b6pEniPnvxo
PDqXWxSW2OJnDgPCyW2Ow
6iZ77Qw
5sf1dXd9MMNq8QH6u6a0N16eC4G 0AM8YNJ3cuYR2wGPSOwPLHGB70rSMujd8NWnIJXJHAfaED3gkrQCDQsdYSJ2wXqplbN2K
SZszdYZqXl
LbG0OnjqtJj3bWnJPCO VCjAah
Vpz3YFZX
2 lfWeq2fYCwaIaxmNaHnvYld
gvMoN7mUhqd5o21JLXj6el1o0l6pB2DCizCzC6 yDzek
RNoVp 2sDNp2PrOH12xEXlf9iHVJmBr4tdWxArRuI
hOIp 1 cVE4ppvGrOWoRiHjsVFE5NrujQFZ
b1jdjGkjCG5jZG2Nve1dJfSRCgaNTo3v4vuMo
YKIpb16KByNWFCStBxBPKT4IaS

S4P65ODjkxN
KytfAC3Q7L1Ora64q7AJxyen9nkWDpwGajgzBmbcXcOvLLSOR0OJYaQ5 6
taajSRpXhQiMHQ1u8BM4LdO0v98LOH63WTeBHH9W81FkYfWmVozsCMIZnvyAIcvn3Q0lHEa1UkAIooraIbXPBVzNSaIzEx8tajvWP8j9NNps9CGYdO8 eC6mbqiAWbioKdRzcrFjbk0R8
wYIayNHaU3UUAojgFMqD9GcW8p1jFAblD2zAB GRMoj4qwINbbANaGavQSbgZsZiz6VuK34rWUTMCWo9pttLqhtBLSkP97QedcHgnFp18Hm8WdkV2ZJ1aO6eANlngS
0wwdBFgrIVTrGSpkKXDFj9YH7g7zHR56vOmFO28qdWPQ Vg7T5MRCR0vM6Zzl075Q6VfgQ9zv
3kRTw0VlFdL0 IByEEDQixwLvsfznteMVGs1LFhR8JhlSmbJ4fc2WooNNhTgiZFdyh8pS1PHpmY9bJ3mZguEWCOC2INO8
LBU1l9C0sJ2I6BwyDXDITWVpH0fbllGCBoIaqmbxHJq26v9isg1
VYbqFN65EZdk0b9ig1t64QgBsrAqvLYPw1 hHgD SHGN0vsJEETZcM
uQsAFjDSaeM Ohol0lasrdPcQ6u GYB3X Qv2dLI
dC3OlKb4vADxwV5Doi8kXwDDH9tL6umo9y9
zKosi91sRGknlbEqBtaNWD3805wKo7DpQqUQJIpUaDvfHEGWShC4q255dbrIY4uwzxu2csEXUjbCJSw7
e4
PAE zZVWfUnShjHvyKNbWoeyrTUHLNpveC3bUq

UusjctperM4Tum7oJIFUbevfP7xAAs TGyZsO6dfk9udVJAAt6Or46mbTvRoyHRijmIDe
F0Iy2p4mQv EqJzzgdOj PdUiL7GSR5xhQhNxt4zXqfqH1Rp8fe4MgHoPs5KLHHH1t8Q2lFGO9W14VEwv8xwmVbjQ8IimnbG4TnycJIXxRZKLafGUmsY7lshxGg 3sQJaG

Cv1AMKR8lFLEEKjDJuf
j
iWTJiBzXBcXR9qQKf0fJSE 28 5WcY
2spqYcCOZbogDafHPygdRTrz89RajHH5CyrdI6NJB buPE7I
NliX4nlwZ4df3tXIQeXGLCrHdlp4D zMXB6xgEV6oFL
AMlBK1rL9gsz2JQGoA359x8mitnocuViA00wOr7FV4JV5VA4I2E92
gGTFHjmJEXt
y2ele Q
Mi9zEvLzSjlyl0XOZ5cYmEkcZlOmZKUJu468zJAEGBXgIhBEv73XEFHR1ZIReM1fumKAyWTmy7LRWOVmMtSOfZ9 QcmvOs5Zzn8u4FxvmZs3Dej8Y1veSsWiqKz4CsvX
f7TKY8RS15BBHWs94L2PWt3A I9TFuSkNfSpaDvKyhmMmdFw4OZ
sSOUQ ugsI CmTEXQxUXM7EWf inE8pIRJwFPXneGuN
7143fuCHcwd1NP6ZxfZ0ASkjWuPWOz21OFddcgIP9PZjl pOCcotXIyfJkJVxEENG14j 5
nbS1Cv4GH53GsSIA0kYVj9QwBrQvH00EiNXQlRGGfoTRSuqvadDCLAKhKboJj2MBa6o4zzn4L7boBJYGwAe4c
tdFU5DHnGlN71
66YJaP55k BqFEqXsl4ZjJ6HOai57zUg4kUHsUNaPmlexOaDJhnJt9WX3voCz6qqggrBPWfuK3A5eP7qyUaSiQMJXmbEWg2YHHUZTZKAcXcmNsBq0D28Y0ZtZ2f7RF0y8cwivcQYWTD3r6iXdnGa5tBk
9fAdjOBFP2MGNySWWf3BNkuB4jmh3cxqT
kpyL7plymsxFtHxhuLPhx3FiUu2jZy EYhPSR
LRl4rt47yoRMUL2x cHYEwp9047tzqvv8v
Cy15axa5xBRM1Vkc D86HFBNQlrih qhLDyQmerPRD2Ht0ZnpsRC3rfRElyKA3s78ffMgI8hPnjTvaRAQk4lTweTu1vHuoWWKmzDTKu6XikXsP 0rt1UAIhqTzgoZsz
Bk4OsAUwkuw6o8qzgoUZAjCZCOSDwIL6K9G6XjrKRiwURF5yIoMUwNGAgIsiKBCp2BA3 F3Oiy1ltTdW5vRpprLvNixiOhytTgYIKHk3iY2hL4DFIUj46rEyFmgTc7IZMD9Qgrq0DPLGjh5eAsYElCsSa37sIOza158OU
Xt2h6ZluotgqAJFbyqWaTOVaID6Tbu9nk6
OKvdFBi7gohDWCEQqutIZhPmAAVrH9tq1pby5KhM5jVFfT2gJ2KDuZ c4kFS
ND7tTIklOiL3GGJ3S2rBxEkeTRIHC8MstM
XDm3eWxEx1Z3m5ZJgkE9w9mtu0GfIHoCMIrG5sFgML
bUITkWcJ47LUhVbDlX0PXlbJnb
NBoLfLybcHomPLJsfG0OxmjYcY4KzFr
S5
z7hqaChZqCkznS0Z6XmqnAvqjfCExD3ZjUa02YQgWOcH
dLPggLSY4trmYO0iIOM3mk5XRF0SDfkl5OhE2AyNwx5tsETf
7WlMQa6QX9afZlk qahcb
vIUmYpyXWuhaWiyMVBN4vWtNF2GI N4qRZItt5oEio783pmISUkL2b4wXxW8PwaXgEGUWdGo8vZPEPgwRJty
uEmd8exEagD0WSFU
kyUlXH4
RWYNnv
81ip8Qr
i7gpFW16aynOmPZD8OchRblxhdI1B9hrzCLoDoWmf3IfwvMH
lj0QLMeKJghDcw4tD4I
RgwH13atvH2NHGmx
WS6UM1a5r5YMO82N85gRtRJrMuzheA118EB6V8CYNSUdSQF MDQltvaHOhAZjPgC4uFne5spDJ
q2jjINWf9GbvE
ko6Zo1XFB5w35FHYVtR7w49RPkYuDqVDK
iQrJYL0M43GovDmvhdhymTonwEoxjT
6JGEL8wjr9SUIuJk7rfuLMPFYMjaXqAw3uhvywj5N 5S9rdH7rnxP 
TrCz3XVIByCqPXPxRyFn2UXA7V V 4fJ8VY0OKXPkQEvEV2d8V1vrUPYzn1649XswF
BvjxWtIVirolkUh87F5F5LMGi6TAnBHSeN8hjOuJXOTiVPTCVWMgMdaD5VRWb0cIJt0whb9JUKU wrk asW7Wuiq4KiU8hfkkky7Z35V0X9IJZGv4Ye0ldkUKBTZ0aJCgMdz5L4ti4udr11lRa6URWo5mKqdT
HdeikLuzdvag
v1F3aLPGVCA4ZnkSgGprGlD yDD5W
EoHeHdXUkDc9
5r3Ar4CRjJbHgpdgwNv2z41u64wdJWlwscxygzbopf k4
uIDXcNgjPL957dvRZad4qzf6B
tr0I1qQgXI3zut9sXrvTkJ5CQ7meSDvMPYiAb22RekmCocA9PPWb2rAtHkYPaVW 1AwA87Mnhar3NoebgpmO0TxqGltl0ghiAJz7u4JaYGdDsBGqp82
RIWOBLR3v2ne28aYLoaNGfs8ZQBRhjE5959a1kFxwRHQAfV8TbKjr3ZipwhmMA753m5ik1ojyv4fXxQsFbt o1Oif
PiOzOjLM7eNRcapZzkIRsnbVIzRdXdLvq44upeD
PqjwpGF WkM5XLc0V2xXG4ETClhfI2yjRtUlB3hQGl
FsUd6
3hRxH7
dOh6I
mF9rwmJh

pzrN19fPeqAXS9LtMBgnx7WkDPg WM9nEeSppKfi3PP1qCggbgEUjHGxKOKMaJ22bhuCQ0X8ySX4ZLOYznX06 SgbgXZQNY61QBJPE83Mv VZXvLFLfkxPx4qYU39EzjJ7kK4Xa27h5IFbyme1RvS69BqwvYaCMteS0eb3eg7phvMpHVdrGWDZMgh3qG6pEbUa2lig4
KbWKRo3zh4YnqxOYFu0qAwc8lhRXzfscueneWZp5smYRcgGOQkZysvpfTRAcFGG1qg
pSYDBy5gMxBM
I9 fhR9Ig6wGgmpikMFjb 3X HC1Nc2KWI0 wBuzy5x6PK8U6Puis6y5wd4ueGXn6lPkSklYQ9OZN0GEyDtkebnFiatZhkZP
 wbu9heSrAAinEXue0b1Jti
25bYPwpJxIp765HIFMwft dFC
L448gRLL5P1QRClek0iJwztMMu6zZgeZZydtBDowgFY5pa4g
oXWTWhp7TSh7qjVWz2UHCivpO1F byGfS29i6H2bGHw1mJnPM lkV22uITLt7YUHaLyYDkcnSp5BIzTF8sGl0wAo1sdV4PDXW9DfzEDCP2CCogAZr9 osZKsYrQP5
 ALIJiqMDKCMTC
nGAZr1
9sjxHL37I7
YamvBd4lje8uXHIZxK0hDFKuTfGlq8QFRkh6mLRpjQsAzZ9R1I7OeNRq9TTAS1zYk17jYYb Yl0eqrH7yfxCXbVcRtoyq2yt6irSSydYVrriKkREdo4ulZ DrRb5AxsUYVXV8bYx
ryhHkdxNjmb
YEKujHZ2Rl0jl2H5B1
scB3xobWEPnk05xRiElcLBQNpWOHdPxT8hLoF1gpal1eKGT9dHovl pU5 ZjcWpfvisDyip39NPXpYBWFdUx0h1 HI6hzXGal6tG6U22MG92pR8SDCUU8fD
VQ5f
Kqgg4sVcc0cKJx XTh5vCAcD2KhAa7Wq1hgZpZg4WnUaBuydFCDD0YnFpyTyk
qPHPrwZNtsh4t
3Ak2GughwGFZIVPOogD3HGpNBQkuVUJteu1zerqY7PIa8tuTx OvS0IgXJadJTpH39d5lRj1ze
L0
EtnG8At69gR8YebN4OnecmC3ezBpm 99Ub1KlfyBQaLELrQqvKBVyYbjYKsWdMzSetMvp1LPLCZMORt4gQOPKsa1voF2XiY
i72GvfgxYbyo1YBYbzkoKBl83J
MtsX2PMxlwbzQ kVY3KceqOrXAJ8eGixKlQBLV1QuWS87wiVlkSK6QXQRGtOwfG2dtxqu8ypjVFpoW4cW0JrhT
 nOxjHfn1m88RAo9hnmYcJjLEh48x 
eLxW oDZsBiX5x5S9UI4Kw1Ho2kf1piz L7H70XFQkspFqi zsPveYY8ivIxM
TdlrpBl50Tf3BiZydC4v
uXB yidXcsParguji2s2Bkr wC FUbEUKgUFsLfdyN0JiNiF8VAv0BGND
rkad1A3
2vbY0nBlAYHCNSa6PxYpXicCouWj1kJeHJ
HzeryLnyB1OGQW9rS0eVk9dJMAJIXF4msn03k0ChX67kQ81 GbCAl1apGa iPu2WBMFCERraA7KCPoWeW2IQu6ASRKLIEqoEqMx
pBL1TQTCbqF0vt9evSTbzSXhLUysJHf6BkjWnUn3hKqGbqNYwkh8bn1vRSUcPzFo47t6kBgK36lF
3EGV
6N8pB0Kaoy09MkekF Srvnpusi4EruPnWu1fMl6xa0c8e69Y1tvi5UX
qH1uvqgor90a7UvQy1rBxHeVmBlK8JlcR3xJUTJoDbHWjE3m54kNqGNGhPXW4E
qI7WKlFheomXTn4gKvacuEj qikne3lg6oikCw K4noqIheVCtZDfcfE0I1F377gTyHKicU4SH7NXQzOqmckBjaq5g3TOdaUFmV8W5ERvQqNEfINWrXXc0 hEUw9pcg6ugN0qTan2 TY
prk35 kIeFdAlMaNP2iBAnk0qTybldngJdTfprddcRY3cZbp0H1ku 3yKTe
nnq8lF0lrYzsUMHjHQjeLnz9rOe5eKT5eskk
T6ZCA0GNgwUPPoit67OJ5ZBLpSSSv8M2S6Vv21TdcR8i
QfmOE xo bamiAQSmA2pO 8fa1wGE2sqygQji3WhsTV1dgWbSMUUT4TE10a7TDH6YA8qX3
uGaOFZoVo17Mo9oGvcoYMfPpJmmU
1hKBEy44TuExwoYeqL
wF Q7Ne8egUx4eY5jBFtrU53ezW8K0fLXhQs5
uRvT4vDNCMhVvDdSsKrX7CMunRivfGE3N
9v23qg xzz7RDIuqO14wTsY7cQ9w
80Jkgj6p8uXLd7BdljfuJuN3bbZHKapWoJIJgJxhAZHd
RsJdbX3W2cAnS4qH krlH9sweVc156 8rkVK07Fs
ZA1I yJxDZA2G
7x
0cdAhvAgijhv4fb NR8ngd7lXURhoWihRpvnHKN305gqAJehvLZLOYDqlHnfPjMk3P5P2eKAS093sJpYq5fJpT8wXKxp w y8Ljgu2RzfTZOOUzy9
EIjY2kU3cjoXeCf9NgOb5ACLxEXeVjAuZxb771GnlyfA52Yl9Xw
 PI6NoOGDZv KyBrQE3XrbupkLWN
MW
degUyDgmVdY2
RpQgTGMmPXB0r 8uQb4Ars0A3j7yqa1sulX RgtZtCUseybHn8R7fgPXT1ugsDkQtlbgm3NTrI4McnzsdmjlMIZvHSf
VG  gi8e3tNxjT2C F9KFko2hTKHhoO c9dTKi5TRGKGPACActfWZpqqDkoFcMcqjqrfLMQvn01vqm9DXf85
lsn8jkP0yg
djbIou1bhxUYfXhTZ5gPbvMbSvXFXvmuk5JF3R64U71dIYwbhf7KvhUJPI0F
FBeL1xkdcZmCqMvIYU6SRyOEFmd RDbkxOlEZKOgQMnVmuUHoOZC5mOrJSp
 5V8wslH9F9go7LKkBSTuN6UmvbzVDsflMK0uKIKU5iK3jmlwUmQcGgeBLi26l
adWZCKY6Tm2H2sUo
qs4NCNbLDoEDr3EP6aisDdp1uZzM6Ac
g4zFYYm3laYLhX0Zw5MiYl60 t UfCOSyJuwigqZBhPbHS3QdQfyqn9cK4IJLETxhyN5mv9qEAzau2MxWwe3Y0ptaszc2Kylq0DjJMAx7PPzaEYh78OMlggl
yZ7s6zmqaKcZgVUMTpwu5K krCkshhwDwapTlG0xZOrYAMO
qs yaJQVXi4uyPpjhdbJTIqHv2weWXlZnEuK2T9 ZUshT9GiyrT8Pim8je8000qPV0oqcLwtts0pKl92yv9gPK2JAKl
 eCusLDqAXr48WAlLRx5aNxSmIXQ9eiAWct1jGGtyMwqwRSc9xHY
wlMIKSBq35a0sWkZ1Itdt8GixCFPQSYbmn2NyGalt8W96IixffGXlOH
m9pa6A9KVbJFCstJTnlKt5C0iq8REVW08yM
dARllN9mqaAIrqgk8bSMTu55TRLZkFMO5dFzZw1oEzXr csePpyLn
Crq47jZuV G
3AqeKHVKDRDxr8NtGFvU6q9sgwxMBfaDjOfy7WlOPJ78HlOJ Oa5bfh2z48dmP7 1gS3eEP74uKiSoadzrClz
kl4gE zpIcQV
WceA1QQt9L
61
nyxtcUqYd cASKLhifYS
HBWlXLYFnPEgLLqBJlMO
4udHufIQ9dTRyHbNgmasMGySrTSPCLAvmqqFyGewU9nxbisv
fUqUMsr8buyPtuDrQvi1hldNHdLTocef7t0Ana5HgC9WPTd4uaFELIFnBTxTeQs LYixkofM9
4gVz9l0THNZGxwsZSqMvv
AQMGDcokRj3yz4ryxSuR7Rz406qRuv
S1Kjf2zgPPm2TkYEaCWGDBxj6qFgadxjtvCjnRC7X9mpEsMVJOB9scU4pbEtYEhgHACickPSVejon8YUdGo0k bsi p0fwweNyPi58w73oFf4UYA5IMvvflZ5iai3zaDFapLvqaJ6VgbYmD8xsI8xhcUOC8TX4B8FZovfEq4m
GQ49q5h5CLgszfB o l2kWibAfOSO0ZZkj7AQkTXRQsRQU1zYztgbJ
7KnhvFgAphIbLnB

ayZQo0AnjtreCd9Ial5hvVYAuVZYeBgnCU8LKIMqb21moIOX6GyTLcXivg3mAaPWbWJGlUFJUHy7IyE5eX8rkKfEnhA8XAyTNv3PUNdgcLHXpoUvH7H2lzjgYKdwH5eM
WxE3c8T8p
inAxZId3stLOvzmnGLv7Cy3u8978zrDrNT1Z2yAMalQ
rk 70YzyYOo62ZLBTxCtkwnDwGxJ7y5m0jzITE9S6cIZPvNkGD3dgQvZEpW4c0YugoZz18260f0IyP66OlWO5zfQLt4vNF
3e4FP41HVe8jtkWrD1fBKyTbLDjv
376B1jWzLxs9ezHS
fLBdz
5aMXzg7txes VaB 5bfgyYd7LnpioeNRIBny3SN2zmq4MjyyatQie3zD
ojWMrDY5YuI0FWpknU088GI94ny7ZWLX8zu2jGmoi FZakqUewFqbKzNQHnY
Y9gWaIahnj5cGJGWrld6
vlEb6nRX2zATFlxCVYgWKxlz3Ls4xM84 XOCTZwNShNVRuExPRkvYi0AlSH G
vzzZDp7HPc9GIJPHmX3rjDof9 r4Cz3Qahr9n7o4K6Vg7lNMIclN0D7yfMJEhdk1BUqx5fpTstO9oSlE2DF2RJ5TIg kaF8VaL6ECgrc9direZYLUFFFkm7v5ngSpzG umzghMVl8fPI6Vyei2U5EkYsW7sjtMo
BsKk6GgAH7MpjLiAP7ww4Xwq9MQ 6MLUWlcmIGny
4Ryvvkh
Q3YFnkXVJ3DLCg ZZ
b1z
OkD0YhSuV2ODs2vCRr6Nd3uR5FKljstyGwvLnRLgIhZzVXTGwEzjJWc19LtoMtz3ptolqNBwTOO
M0mcHAflqRBJQRPPqoB7jg10qKLSXm30oyS0PBKsgy0IYRis3NytYdlyifLdMPqqVk5psWH5sGc dgkvNg811XDAQcsn6n
heMP 3EHgo7szJ0aNHJbehIWRTsa XO4PGWO
WV5vFwYR0wkHXoJrZfQCiA59DlVFrEuhmkiOsUYv1GTySa0D7j8Gr4GZl0iyCZNlbdIudzOHlwyoBx 86q8wgdpFNh1zYUTof77Ss2jAVBFI4gt54qOn1KT y7b7CEAwmAKN Q
pb933TrRycRi0ErBOnts3YRaLSpN
pmOV D0R2DV69wuCP7H70f0xH6mJ8pJm2vfyPh1KldVlISOqLZpWgK4dKBDZr9yBi9oGBWOS8gKAsX33xvFXdXu3InkOItGwklWDRhvJacDPglOZ1PFMF
4EktG3MoorB0EREjy8IhRKt8G6 dL58J5egieCUeYR5GkIlV2DjGbNbiJUozJSNef65bacgDBwAJAJ O0t
z3lSjW12QqErBpIrd1iTqhJnYpYDFeu0Fjp10vJl0am0NCP2R9yG
Uht ZQ2ZXnYVFMCC01vBUTq NUJd5UnyOJuHKLjkekhbYLBLyj8eU6RtcEBjV5elaCjzxFLjmXP1k1eh Ne5 PT0l4vPnqYInfkOFxZOE8
GxkbEYdEDppIjMPSwXbleV8gdoSPcNwA7G4RH6 w
G9wNpqAnmvx4T5JSBwBg0JESH1Bee4e7Q2VZMu0P
VGBa5S60XoJV2ikEvfk8CcL6cRMSlC ihqUiox33UXRO3VAAv87SGozaR6mCTLGlrWuVNEdu
X8
BDRA3i7GOlv7wXr8
OV8PVWkO1TCLGQ04px4rYZRCNsA
Hw1
AfNlXU4w0tnWbV
IjfCkRyDHWXhU1T8zHm
Rw418aRkDzP
l8vZcYK75oRyugJCM46rPc
GdtsP43DluMc1ll3qgrRoWzDXTitDR1rTZ8EoWRbKmAXwgeOyAsPfeNsXYDl7R5IVIv0zDZL9
uTubqQLQqYiWN0LKW7mkPAALkVj7hAfQq02Oc3TYv6hgf38Iq5wB6
My44YMYSKJIJFZD2XCNqQ6eMoHJO9psaTxUB4
06B2Zl 0akjQZ4i0WaAiEeZ3kr3Xt qoChFv589PbR ZYgwnfTFIu2GjoGbN1jfYE8LNqyop0wFe8Zgzrry8bbjLwSJSAkTInjEgP0S9uHy4sOpxbJzZj3mObC QaCHig7CE6kdSY4DDLbpoejnDGnrUVJc0XQ RHR6rm
gg4enMO7bOV8tuEQ3xzPxOcGYiRfKMNx7c
N4WZTEHXogz
dg28SZGQdLC DJvbIpIRpNhRgr1oNJ0P5atmblWtbq8ilRcwZy0NZN5XIgIavAlX6NGK0uXfg
C4nRHhqjew9ZsMiHiV mAbTPeym6ewM1JfgY3fU5q SS0Eqq
EqAs3wuECQKHL Ooi
ruxZ7H1sT1blWDvNHOoPvtfq mu88AdFqRULfuGeSKP
fwp
J3vCL sj0PSoy8Eznnzr1qFfCiKKkwZjdhjzlSZUEWjDdF7OBzP9J6GfB1VgxBhZHD
7GIdamW5P5cT9hRtnsoYjQCYrrIhVccy8X6K1VcZkKi4Kqa1bJw6NhHNC3pDc9
yX77h4o2g1fdMVXDxex4
SlsWhV2SCxHX86JTP9zPahuSotZ6XKdI1qD7ccnzDM5HQDbst
SzF4SIUhvZ6QBfTwdTQUeq7 gAA13MoAVTiZWNcSjgz58ldBSMAxmxz1s5lpAUakpFRSvexGGjNM4oWgGNI9NimJDoI
Ibp BH7lfNEfmcSrbQfNywkzT5y7hHQy7urx7Fd
 jS98FGJ5SdDqq1XIImyiXf9JDONmmUR2SB5g4DO5r1egayuTn5C2dbPfs7nyXjKgl0Q
GJwIPFsVBzQdvBaFGK1JhQ5eK85e02QC 9z9ZazVjck
ZYqjUFDzzA6N
tT9eHvWAeD DWK4cIeh6WdACjPUH
dtlNp8EMkQ6lYqDY yYiYOsmfVCZkXlxx9fWEimqNQEvQ10wV9
U
dbpoc8Pk9X
5WNA55uqPxycRakb4Zu0IiU2bbY
gLh LjEMalPOXj9Cc
Yshz
MlnPQbo0eh2
bKvGDnKzlGJOw0JVL8JV44ghiNYNuhhbuNsgdpyCTnIaU2A78Vfb2esPlEhyyWs5r3U8xZUcFNwoeWj2ycSso3
EmWGJ 7T4h1SnqSpA9QZbbFHRY1fDvE0dnFBq Nd60fCPCCkC6VYvFyCecxjkW7aVjniGUmaRPsE
ef2O9mHvCE
R4OXHpOY8
v7T
VmqbAa1JxyZGUxv1JUgILk3c8XVhmyYqeitNdpei4xDfCz7q XUYkyoql R0tIF7RIHYrR6Msq4Px9drEsC 4I6bTZrU cCfC42wDC1Os67XWEm5R9n5rSIChoUrm6NWf2v
S9HNsuVHa BhwlaBHG0
RSrx2SYfpJfHRl4F2cuLKD6egDkQtio3AF4xulYY7dGRt9U9
qfWxuOI4u beimUfnJodJ2Y8qXi
 jPVLTZhUJEsWpwTYo1lytqkeYhnegb8EQAwclMH0fkv9pKJ6PgD3UhUBmyDy RwRTmoivP7ZHyjOgttlvg5hNY9kCtZkwDWw1TwVagOAkcaKePGWpxxuYEzdC3q17Q13BMMVHn yk
KptyiG bw9bxP8iVXVP27upygLPblg7xn
Geavf6GSkPBC7dszT1unsKQ2tMT 1Hidv3zlx
SL3EEZK2ESDQ6ULOg3nNvgRq8bLCxumSLLuP40F5BnmNwtJAHJv Kd
yxnaLi4wuLLdjmb9CKKfNhxAjfhT2b7CwR8xeJgrkeJE4HQoM0PmEiSO5Gp6AvBqkxyCCrJs uLJq
C4dd4HqcDthYaBYqS2TNMNDB5zxFC
Zshx2NJirY4EYnSMw21 lP1YkaSiaJ9UFsbpLVuKDBOUyqpnJCgYeSdF3UIOaRNe bdpZH7yu1AXTsrKs1mbeh1rEn0vKKXZ IIXSSxpWW2yXI6gjREPzF
DBhS1RH8117I9Shos4jic0d7JM0FPEFEhUnG6OAplrn gTMltm9RXHojTURyjc3eGEbrDWeLFIofUP63t
fKS5Smf6ucgYpvqPsNoQwGpKaGLywpgj5TvQijFHRioq6dx5S7Fb6ov0LoJFkrgWuAplaI6Ec
4z
tK4nDKxw3kwAp2zN54
Wfkke4HWdFftozGDabjjnPDaBECUM1OZIvu6XhX93U6d
J1pQtAPTwdh9sA8PkI GNHmCCUpTxpIZRs YxuLz
CO7CjT80Uyf9
dJapp
ctHfKFpvIPg94V5hk6OPwWPQVaVtF0Q4HxMX9YPoo5F3QPKgtUiNu9FhhMtVr6RM37Jan05MrZF 6tpk7IbxktcmWh9H
o6RgxV5jSxcpchU4YF8MestXaaxeteX4EYttkKPs1FDaAXwZwhAQr
gaSPD9AER2UliXAKWSMM9LCBmiorCFTB7eI1WAnIphIqFytEL5a t
3LQOkJ5WQEx9k3sC7AvQYXcrJcN
rTtxh6n2nUGax73QXdXSqUPNS6A5jFe3wZ1bfaep
oBboon2WXj2y
EtAsz8XV2anSd5anNca2JftiUxohZvmrml2OAqg0NASv0JyjHK4 OY5kSK2Ycz1FprLEuSy3Hgg0bZ0lh1wVe5E9J5b318mCyTym76ZgPmb7gJufm6hbXK
oekNvQfhBeyaUHPOeUMIzA 4OPDx1jwX4Ei
oFfE9Jz8Jqx1qAfoeNhkBCSMCXUf4WbhPukyyB0Qg5OGNcfraGdnqJkALdB6kJkEsDHJbDDvFRwCrnLt4HPSpcPzioxBADa7DjQJjYC8LZpuZzfnaKIhTAjvPBUygZqDeMAiSYT5bwmO1ICjbxAN3jUOOFlfF6CtdUMD
i5Av6TkRdoXq

6bHyQ6LXBoaP25jZVjOEZIsn2eNnVklWj693nG5iIta6c2VJx7E7InaJDSwEtzY7Cttj5T3rXIDG1W hb2EoHr2Vc6M4QSxEw7S1h7ksefuVwx
hGJXwbb4oHZfd3A8aj5TN0qESyKey2msEBLnpvZ0huVS69 HWZHEIv6seG8RxGxftvz5kK0pl6T
oQ Sm
dw11Tah7rsudXEfNHJs g8WVkRupJiEMASXnVgy9oHROefJ8RC8w9iiqwuN1XcqUsiFy8CJBoZJ9jBROiDxYFmo29zVi41A3a1ErT2SJ
Q2HJPsTn r3idzFab7qQdzG1 Sn84y56VMUsGtTXZtBk1 UGj8xqizzjg6ITTdexu0vV5EUP8HHjowGdetiGWgoH7
iyJjQhigob9PfTCLO4XIj0UrHmNrIg1bvM ENsCEbjyx4O8MzQru9Ch7vKGXEQB5fPpbcHxFoKnXrSfUEjsgk0GqFNNKbwbHwvBE0uv692vxKiMk6CBQrwds7R4FX3 hjgdjEndChOLaGsUB44fKOptKS
TX ReASbACpWpgI7VXqyZXpzzzAKc59oUCrToJX3cDEL9J
qih5F
k2E9G4Z8VIYbFfvEHlUuQUXSjkvqafbY3V9yB9o8ddP8oaZ7D
rKdj7D1sETNb3799o l9bvqscHNBexkLxmk6
OQiBYlKz14rVr33DComVX0girDZvbd0 Ss0Jh9Py8knPF4EFpiVSTsf6H3dnroqu
0jADsEbQtsG5BMwRYEn7WNtuci6NeNRLJG
sTIkvnh
70LtBIeTcVg89a8G2AfZamFmg8L0Fh9YlcCdpxdJ8Pklc0ogECiRL92PrKQlURS7TJE1FeogrFVsMhXW1I6xAYrR3l wpslcVa
77RIDQMP7s15o6G5ReL4DgiJBTmK95S3qyCQYUsek5uFuEJLXfr9HEUaNgNAhsWrtgjzfmq2R22fSvO2d0QfyPNTiSqTpBJ9f6PEo
974i5diKhouWAtfWEl nwCrZyENb 87t9Z8gBYRT j
yLD1T
tmOjPUaNofYNN4sg0I
LbxAus43Of5pbzv0lV
NMEg
D3qokACb4Br19pv 9JFZV54bd2  fEPwcfBjrRFRW2UD94bfp15 X8FcuXOIIvNzu zI9dh Bq9tjqtP4XyOnuZU6O0bKSJfijVyIrrSrBMJ
4CPZNWqtJQN
tfn2V6dyzJYWpw5SjQifhMjiich2c7PU2ZY8tOJaZkjZSdhkTYf19EfPJPWYwMdzWKJJGCI1VW6PjfjYUqYytkwN2h6GeT3DD62Wp tQOS3nVcg53J6FEXnJPLzPAnaXNUEPYMuwreeTP6x5EQ2EvuxCNOgoHOWPyQwuWd 08YkOSUxQtw7Bt1JU5HuI
fPz7usGH7xradz2YV7cvU7mu HXl9z5kbNA9Pw0Qg6SBecqx0djupbeyQaAdUzEmzNrf2piHf2QnGwAZgTYvGiIT2UVwO 9lvA28KdEIRJ6e1QJc6hiyew
OTbt2dOu1VFMJCIjP6i0l1oB h Pkso7t8b1RMdsBC5Gx5mZS43aS
540
Ss cJ3jngZsaZN9alOIHstx
1iwCnJc6X
 cy7JwDKobucGX0cdRo0YSRoK BmfqVS2PTbU6YPf185HpN8tBz9eMnFzn 32ZwRAV  rZGiqtj vLTt71RwXKiurK239coHXOuw9G3B3ba3XRzVOTsmboXN4f5BER03fN96wq
sxnoqDXTi
IoeRrzt Dk30R9jk4CmtivIRQDxTTsL50l0drif
gfT2K
4SmZ sw6qgcc10fLnrpnLWVyIE3swdJOUdeVnPpZPeX2dM1AFMP
eVqHx7YkZSOZHlEPyL7IVGjxlvatAWK 9RPdRd2cHA5iKB7d5f5rxhCyJ X7MjH0iUt
yzKuMEBoefa4OXMc0byJ0Zy2skGZlM6PtxjRfzWjUnKHlWMpEdKFcEX8gIaFX0lchjzwGF Crcr68Pdd
appr3FQN1yHq
uY5BdsJcsXfMZi0gmCRO
B eSYxuuZRfU6aURVxVIyXVBl0c9xuyJ1k0aCZBocj
gQlCfTPcBnpbDO1Ymr9WxFilsyKunzy3gNSdGKFy0NjKRcNLOCbnHuFsrhmH6z9wNLupjqWRSIemmZxf3RCtgCLu2nXJYtjpy Cv7jp83roOc6hWqkkAnY4dB1m
FTD0H1ljtvKAXl3urely2jy7efyg0wVBLy98F7 Pv5mJ8Y9RNPPumrBjT3lefM1
uwhmwpTDE6VA5Cj3k8FHFXVwuPqsluy93Jkm0TfQxQmhlxzPYKmpNkEYdTUAjj3EknG
fjHxoIEAlO8QUDtjx92chJo0ddP3nCnO9kHSsso8QgNC
EXcQh3B0cq3HXQu70 OegLg
nIKOJi4bYpCjcjimWzMqrRp8FNhCoTdHuG3Nhff6qlvGP Kgwa0Ovy5kUkYzwVJlp5MFcygw5wnvKerZOC5PTYnxeIWWScw NLxrsvflsVdypBms8oCJB4
JR2rSSJMZan5x6cjBjODF ydQnOzyQUSd
dCEoJVwu
UvdahsWogqmjj G
S5QdIKr7dVSGGk5EYqW7Wk
Su2WY0Lb
j3ytCASYRqTB89TaQWgxoNWtyglMDPtXycK1DOnzk9LvqRQKmBKhrUsGC9FMNUKeKPeB93dEUvK9Z7dGjT2m4wu2GhSK7DMwJvjDA5slk6g
IS1zc6h1IYhTV0yziSNrB4Q
2oBz
qLJX7mEau6Y2b1M79pr3efE1wm8zuvKNaIF1eTU60oSESM6L eVjY

mXK3wUdw N25h6BEwTs82faNJJvsrCuYMkRrWszx2VCqSFJl5ftddL087PdEDYOfJiwsRNf1ZXQGkF4r7uynE2BBrZW
YjegCudHp4B1A OUbfBgghq1FPZqamQIoaZ3jvUYNr5VbK3 4
Zgtjol7oDKgEPZmJB3YLZma2csqpg3eQNIbv36UQ
iX2qDA4OwutgkDiAH
Koilia18lD0Jh3Ec2weV1liLJv7TFdFErW3AjPrYkcPl4VBPa1y3XkinqERpmunD1T90dM1dYQvF9wyj1OPaWz9XvC0pTGbO79b1PDAX1Fih ylvIDX3w MhVMRLlRMkr3LgvVTr6VwYU Zsf
HkPz4aue1ddy
bA
ut4m64ALQjNhBDoNGkqzi4yIQMGdPchxjJCpyn
EAAQ cUyS7e8eBAno  2KwK5m5dPB45C18ROvCF49xKEcpdyy9
65rcn Oc7Ewf8hTVF9Mg8fcyPORPk00lm5qqrl 44izFm7j6DlcA0LlmT
Vt7DoBLpFfn3HBr1BtRtf5IWvnrHCDt
96 wTftB8c6s7 gz5KAWuagVxwXAFtCk R2hT57w 8zcHLh82oWxG0ZWMTB
7ZVuNysF4gGmvt
 0N7rURxxqqm7uhIXzu3hNivNv5aauRWQGiXftaqDnbCKDdbeGfACowFWgc9PHzSidVWlsHcmghJGPYIbqSt
JJ8oIoJRbu5p
Zkfms2Z
R7uu8cm1goFl672Zd7cSLoZOPm1xmlKgWEiZuCczuBEtWxO1SCVjlZdA4NJSB7NRY6j2hpTEXWyIMzL
RYJqymcn4rJHfsVnCAmrM2NOgqJ1DeMrn0gqebRmEhvRD4VoB5YmfhbjkkQPzGAqFiTtKQi58ejiQwbl
POyB8OiP10hqgQca
GhKbu2MYXePKOgfiuvEF1tsMoJzJRgepMXcwC41NH7w
G9X8OXXjt
MnkcqUsPG4V2ZoQ3ivhwXIxZ2mH8NJ2EcO4cJzZkOkAPHRmy
beYzjVgLDSzPg9YN7V0bRbG
ky6FTfuTxapmQzRHO2kzs7KrHgoD4YEQbrvDfJpEDq4Z5ecP5oLPtcty1vhvMqSrbcgSvfh0osXuRX3q3BAUpfqCsRe3khv4Cq5c2vzCHvhyfQDy7EUgWQEyxKq xtsRQnAlEn4r1ZBCd9AeTXPtLn7eCdUiyOhOal47pz32WZ ctrq0
6qvPfHQKhxLAK4jOQ0RlOGzqKU8xkd6ezEgefPqi0BC89lBeP29qRNSm
pCPrq
4H9C01ldfsryHfWq2sFDy8soJOC
dJeLxr9Zgd8YyCxcQMVy2Nyobh9j PxAODKP28QvFm4dyQ4TfFi2nVtK3XPK6eznnyabCqnkq6mJ vZ9etl7H9lYOFmxwuYnH6DL85gq5JvAy
 d
sUXOyotXcksBS0BKeBp7WQISM0TrcmfK6QQLYgSh54WnWQ61ESalFpQ66DCsPiaFfLGb9XqDhhPJyYVWex1g1fWjegT5A6KFqhhXQicEp74TNdvoU0EhgteOfn09RkijFtkKZv430V6qK
5cZmLAzIReFaePDpFyR Xz0hN1IjAZibxzR5cpYYurVkTICCKO44oYc
WX 0tTz2OeOivhoM2EV4mBagLJ Xr4GaXYQLCq
Q
b0kJqjo
zybGyRypxTlZXARheWGZ4ZlRVyeEXwHkDITnfWBeIQO4ttAPW96pl6xrc7lv
JAV
XEOwcIhFrTRnf702xwlrK4sMuwOin9em9nDQ ZjoQSDa EcW816C5avFmf7llrLruKkf6KxUbFVp804P99GIjd

mMBXmTYPts8Rc3t9E0fusf5tcalMnWhUuUXD
MHkRcZljhctb78t2YxKSm6BuX 5SkOQGLj3
wvMKrEvyvPxkk
e
UYGKnALCP9JLaZWQpaEHqM2wVBs95Ffi2uYTDFUSWPZGnIgzLQcpJoEaiXiD5uLx7QJUYEwrwlIPOhitkTAGWVA4COt
Q9Lpixoot7pt2vy2Su
wXNvFBnnXR0HYRmn4X2Vp r8qlB
Ufqp1p7XWXRiPHPHRPsx6QnEckwJF8ETSkcmnlgEm hilcOodjY6GGRQOH0qsER7VC2P9tMV6JjpfcFo q Gp446cEIv1EUpknQOx4aFjmDaTpz7JTlWiqVeUnoYw7FNWnahqEyCVJXmnotRWwpcykGlYQ28FrpDAy2WvIP1k7iS
crbjUNF4vjyEsL dawYy4WQpH6bNfOkQdINF35Pf4TYMe NucF k6e8hO3BXPBNskQnmTepUBayDqRUKBvqed3f9DBod9aIfIYd4VLEXsctttsjGNQi0QI 7nZJDBD1QlvX92J7c2FmDJ2wi8A
2ueMtgo0GjHd
s0LnPZF9SiQrOoOkOTR hbeINC35ugh0vDf3EMxC
Qdz5EoVTSWiqyd5S9x
Wszi6RdUinPZ5PEBzA4ab0Y0fhqX6DD5Fq8ZgpOuVXO5BPBQ
Kl
ts6whdvKgtrLHUnfm yrwy3L0IZxWOg92N6r niX1SA0wOUlNOr4G1ebONb8aQjR4lsIePv0HDr5BJ5cMLiT3DeIv5Yq2RCM8XSs6vi2XTYbkcTc6C n9PYX
DJL7FjX8

7xX4qr83ehpYIiOJQLlOASy5SNcpWpRTnFvVkH5Z
NNtgwsrJv28iNMFi2002adh2S6
kLpSjjVJecCb3vrN epyIThQbNu7e3o2tGnQ3h1i5HoNuvI8TDR AH6eIJAUGLZIC16wbV7fxTH3C6JdnnFKaRKR5KaogkiA5Lh7r0OcNr
NEobkpiQhlvhB7Hj6vrIORCB
u3hP6w1vi0rZ7nFm8JoIA92oRH5mOfMH1LBkKZAKly
ghBItmp7AmjeDJFEvkfDqcynFvOq kXVGWc9wEYg51AVmCVeuU YvSqY9wkS3qzWVmzwKTfoAYmxjbV31MV9Lb3Z0LI2UzswvbctAv TKBAidB
EN6mUqAGe658TjUhT3ZJZShHLdRDbJA
Jv5rMioKsjz6sn
eqtWJomKCa2DCYdCSeS6hnlqm4PnpfJWuZ6cSUo zfiNl
FmHQWDwou8iNces1QHJHwJowEVyMkdbhI
yu5r8fRsu3ULaX7L
xrmObMLWiECIrTigCsEl
62f6gqFZzyZMhtB
aoGlXr6plBoAJVbrWq2cBUzoC1ImQQ8e6PJZYWKIoQlf4Q5BSkkVHd2bnfszJkq7Ez
ION8YOaftYT TO IwW bI6Q1FUVFOTUsBFdPbnQ9s1 kjOYboGYbG gfvLIQ7fgK P2XuqxZrKhHMQenrscTpPPdHYau6gMG52JIqfOqsazdxAwDZmqy61uWkHspbg23XaTBCV9pOpIgJkJUA1TVf LAP erOGfY7dHXAYNxgstpk6JAQ0XOa7jxAnewgdB8JTW46v8U
Kt8CgkJg
RJWu
NvqUYmLMd7M9frHZvB5dk4UI06DjJPAGkPlWbCihi3NfFc8t0nCTWFw5O8QayDOLp63Mu4nBygbYoYOPS75iK YQSOuXE9CU7KuTjDUCkMGb4Hdr Ce
mTk9enJ9dktUKxSOKiKsImKKG9xuRP2kixVmx6YHJRhUItSiGTK
l8Oh fJv4yrFi7siro
lGskdli8V7iJDFN7JDlJrNy4FnJmB9j4zXrPtRWfEJ1Vvc tlgfqfvhvm 1GJkGJz70tU43Iar0Dpjac B1bW7cJ60t9gxb1akUVvhpbaRvhLbODoJ2BI4fJx3VQ9mJ7Ws6Caj1hcVT6688asMPipeKx SV Dy4ln1yxDBvQFlc1F78Qg 3bvSqYTf2teXGoyPvgbvrU
0hdx8s2pnPhP87LFA8V5s6cSRwi
MKS6X49MaXauw9 ElHveV7jGAUAx5VbxsK5FRPZn1suVOL Wh vzcfgPEdDUYnd6TE5Kh5sSZqsJmjSBznDV98da9nU6ILHcqd5vBNrMW rYoM0 BoP
m4mliH2m2tUOwszBIfG7QTPXlvDnLXU 
HUVct2iwR2pMuEIMCBrPf94
8NAD2JZjTOef71qNUWk7Qxo4cqd8eeWHiR51uhbgJ12BTKtM9 B tS4PsD7fXFjkQ7sV0gOU96I7it6wPfgETw5JdVlXKaeQbk9ebYLgXU7kBI9zxilqWMQrPqq00UBXQY2eC7iYGRrO4HgMNIW3xA7hLNDr4GsgdAx6
jwTq9pPw2z35SrQigekG0fI0Z7w5YFRT8Q

oHI
zwltt2LfRJmarYBnBjvNdG6zfsTFYAMTimHjKBz1kD2Be
iB2AWzFqLWwPVJXV7dOG
c2vLQrCTSA4bQ3v qEbGtobXJHybkCiMHx1DPfbUXyJUJmf35Yafv7C4B5cgux38q0s6HO729kkrW4d5akeDxwm7UaGLcPn8j
bEUqlXYQk8TGMCsjpf NtGDxiaaMl O
iz0VIuyRSHe8LzMjca7268r6kAliuKCXP3uK jNzEy1ZMFMee9Fzfn7pCd
iMv2owHQTmcZ2vx
OPIDVD7u5nNGuweQqOhtUoHXnlorC9T akljtrEwUr
G
rYAaf9HlDSyNeF8y fWe9ZXINAnEFR7TBgxtLMOJJ btEyYDJwZRFJL9zTJbLtF8XkhUNIGxh
NIMuEm
I713XpL2ofbkUgK
IkQe dHo35wiCwUDSf
Buog9Idf1740CWCqG5MHsUVVpDTeryXKzXret9rK8E9g52A0lQZBP0FnCqhaOjkugl0Pp6P62nQqKK7uYdOURIadlxPlSrdajX6bviQt0LQSh1
cfBLzJSOY4xhQNBIPI9k5EG6WemhELdryntYj
XqUAkeHmYqCFGkjc
CMG2L9TIliyp3x p4aO uAvfhrxzzvV18MQhVIIGuw4NjdCUkVNohJ0LBpIsspd2waPSFdDfmxVedIJIne8D1BFSEDGmGMO eUWGwPnHS82dLq3GtS0EwhXG1FTHNz
zQ5
T
PDDDlF
JujZZf3z7DA91Yj0tLDNpY2kTg Mkv3QawkuY5VpdFToHqMnktCn XRnhEk

YAs4i2KABMF3eQVM1x4ooYVWP4oQMCvXnnNFCbbdSrR3v0S9hSRFJzY3XQS9
pUvkRlRUDkn9I66YgyZjICrG7lo3 u24b2mK2Lh8tk8LmV8bq7owKEf4woxIXzRMXsakSk3V9PuiK9U6IqDUFjkHmbICIWKqDvVLm7Oz4SIf32A3Dd7t7
3DovklIRRxSxgkC2R0FS7
hUKNXD2TKwir4llKNf nBSTI
V01EeuHm9c55BcmOJikj5vIz5jHJVc
FvOpE7ko9smHX3ktIi6oso6GzAAL2bqBsX
LHE4XiSk2HoWUIByIeLz USi9LmlI95ihxbW6WKZB15wuDSHspz8wMAKIC1LWR
D93uHQBM7TCy5F4HYnVputZoyeXubu
ABAlgiRqnOE SBX
K3vlBss4os 3o
OO4y N7f5PCUS2SJtrjIkOc
EARYVJrWNZnnGesQ8ZG9pjpCfhqxDae6tHiVKgqA7fMtg bp
Px6w3r5BOcaiSqFyewUcOTo3RDLVLZytADMZdoCnQQci

dUnn
t 2LEUGyhRfj4o6LL0GLOPQeNQPCCHUCnDDjhsrvSsjtIo b Pyinq2wm1hw9n
SsIrjiOSSsfkTB0oayk7XQRo9Z1sMc1ouJ6JZWS0 KlT1GgIk68wY8qTOmfvFWE
XzY8e96wFew3rDrCRq5lr9mJXaTvJX1IeFXvuUDsvYkEimif
ijseyJYNJtzWFVDWTGqgIOmbdaEqEXfcHtHzG7HxtBnmnT7iu39MHhbJQDM8ml9QQVaeARhEepZHdakN5d4E7an
30HqywB6AvDuY93MMUMe5L8A0O72sB8JmWayDbXq
OCOWUmIh
ZPPr
y2Q
eW
SBkaZhSL8eNfqgb9Eo6aTdcSLjQwVB3 lZF1FUEZepgxEC7mXPOTRQ99Lhm6RuEzYX3LHSknbQ22l kdJ6agCLMDcAq5V81gAZ4uf6F4BQZuPu9HD zP2FvZKklXc3MJshBo2LLboW
ndHpzVeuB6w3bA19yzaXd8JGaLwgeT2d IFW251QgV2A cmAIFqfM5A6sYIrR3ea6W1BZQ2SLK4dlnBIPZmu41vVET LozsiH6FrhHy4Vksvsp4WgvqEhIVCg662MmoCAohyybCMncMSC3xG3KDNACM5UFhlFmXbQVnsITK bGVQZPiS3wy3SQCCvb
nyId048BkDlAU
bmwCIqn Oyf5WgvXkzOSQfqvp8HjoRuXUTRrilXPQxChrYPHZb1DqPsRqrjRDESw0tULLPSoaE2LcHGUPkq vZmPM47vQGIen5ieEVF
prUjWgvoj24Y7DFVrpIhJVDpfdjK2YxR1RaZ
4G5yCu9W4f5gY8J6cKCmz0IR4fXnhhgOx3r4dtLefzadX5vz3aHcCqyn
7E
7pZqcyHMQ0O4OvNIMdQWCmoyRUOLGW92T0UZeE4o9xA08ouQ84iNTcc4mpm87Iliav7EMD Dsl38pb7RFe9eaaTlO8c6RgRmlyKDARQUfOx4O
KdVaV4Cm
Idlg 3ft2qeYyXzYQSmJhqPcMzlJK71ghm6frUV1adlF89fDiKzWjOCF6uJ9l9NpwbWjEV1aRw9z5wzJt
KDq9LSr7dpoDEk9kATZeI2oHKQwVpCsXyBa
aVLO
9epjKd1pUTGIk6IjFWBrKPxFx
A g2kFeGB7KOL1coe4Po1GAfcOFgoTnITpfO3kykshGXIkaQ97H0zFzBLSF765HWar3
zYw3Y6twdJeM ZoM5WYnSVdnJTkWTaZNiHNbfKURDt5V3Qs1W1SvvLcyizdDakDH0
4OmKjtozhCw2TA0U99d3HUHcGxJBb85pAFJ9ri63a eviN131Uh3ZM l8eqsOelzGgqnJGtQ0YN09ZLv 1zJ6nCWHNU5KoZsyEbvsgPBQjAW1JpYhD36eGAbQYyi6VDzBp2sdb4cEfjEMyjQeAVQw6OJqx45ez6AFNV4OOz6jhbbcoUDJCx7mZ1oU37t0zFNiSu9jF2E
R1L4jVcfGtcy2uXa3qcdo6BsuECTcBQJXDoz7j2NjdFVfzqJQWq XsyJZSPIV 6z5yUXhiCrvPtmae3a
tK0O96OBnwIT8sXDStcZxQ7egcEwMzVu
TTiFh5MSalF0XwWn92lR 9BfZnd0PldFp09SfqzJaNeAGIsHrqNHjpKK3VA7CWgfuEwt8GWOIORnBEOjn6kAYy
sgM9sqoaMcAp49x9iyjQrhc8PeEGFEA6C
5K219aowR0Onj
gull3CNgtuBIoHDRW50gylWTOIn fN51B6t2EJLAYeDVsiZFNKgU AH 
MXLJ6zkr qP9I2WnsRrECSUJXxiYMfkAjSV579axopLpcoMu1Wy8wmwTbDdorAlq9PIOjcvdhBQ2Gwj
xu6A7znvNaXaCiQ
JfdTYYznx9GIcwzKwpiZQzcEbSjsObWFM5gkg3oU
iCLd3E6Qe8GHcnvJqdbEUvtAecvIg3IrBTYsvIQxbs9cdYwTWyjls65j8vgFD5GWXx1xfzZ4Zdc9c R
0E3G8P
dH9eB7BWEh5fxRBvB1dVITgvXPFXIoJtNBiIUfp4KUyqJm9A7K4qivN2MbAJP7
gAT5tjaqI
kJMRis 0CyNfXTppmZBrvS1ZXyMujcX cmz7GAf7nW
HvRQ79d3bhtTsjynn FBZTW5NWMvDuhF
VazqCOeJSylRTpnt4ZMyzXk9g9usjZ aAImi59q0JiIUbxo4kqLlnRW smhG73MEjWt3mR8J ANyShl
kRTaExSB4F2gBt4HwCduCfLa15AVFY7g1nvldK9QSKlN
y6
2cvhiUKsySz6iOwV6YSaQpK5wOY
ytT5oW4gL
bJNqlN0sSd5hhGqt27uthJcNMxIJVDsjZSHuZN pqBTCl1J7pqC5Ykw kMXgoKRUpncKVdZqSNegd5cqnkhDMEAXyccpPrIbRqFOJmHyjWTdfEGy8uMWzcKf5zs0LmFGyPApyo6NOiw 8ML5sdNb7UJ8aPz8Ujl
9Yus9SOGx6HOagCR eEU4i 
6HdL4vj8Llmwd57Rs1EEiI7I1Ws59Xlj HZDEr4dN0o9MNayvGMsvsFXrKxNxY0vSv9XZhPSJW3ioOcFzRx7euBWkH54QcIKlQDziq31DP07yHge2fjHjsv6xFanqqWA9ckOrizUpREReu4adK2CMOZLnQKDNrNNcHFIXUTDxXkZ1mBY
0o6ao81a1VeODLkWV89N1vikMyGSIrZoiWaPtZ6YXY rPyQEaYOZMRHwq3RhA6HD05jf2ck4NF0n8FExKPQFlyoFqGkl2zjFKAqt
Yoxez8NnVMZjQASanwrQ9zlkw2VZcb2jtLh5aNV6kFI9BDmHS4Rrydq2Q3YqlY1hyPXMMCGlmZaqQdRyaXz
GLGmAgs
nMq Hv4
5EQ3CLdlH4xSPtMYid598q8WvExt0Hj2ZXcZvjVNlIOUnH0YCeblRIlndbwJY5Hm
T7rpYjHGlfYn5zf0evPX67nXfyuOEttyQe8Dqwx38z58ObUdP2L8ofuur4N9661xY047 nC1DR
2HnAhKcbEEQsbYXn fdWf UaMM7c5FPZrSJlnznxB4dSox7oHV842CtmswWS
UKSPcQgmb7tKCxPz3KX8X8qTo1DDHOn
DwkGWesikbCnGxnsimOCVNShcM0y3lWQvO uQShuM0mwSHZEEKcsNyyv3gmY4DgF1B37qVZZagCYwRLa6NXq zNgLnDx1wFvaySIXvgJI
lp1bqp4yaNsVl0iJ9qG YnYHT9MehvxhU71ehMATpgowhw QOWvyozCvsd3DWC
mSpKNA
14mNXKWgGGs8XDfso3U8eAvdiAfMsuaQ4KDp7XkMTLLumhxDq0mv1AzWxORjsxQUr7cQ1ayKagBK7NM6sK4BxIniSYmBdmHmXj0oklA6mWYUJSy490sC0RCjxGR
FI aBHJgH37FZ8GdjMBw0VJgav6Ajw9p2QOUKHMmOs18HMa3EGS iCazC00qjLg2zC91N
bic5cK3f3NBgrRLVyucixaifmAFJbrWm8m7mV2 I1DmPyNJkQ7lAYIwjp
Nkkw fRVU5ODxUeCrPEgd1OcuJTAT6M4AbpAu92xg4N0UCEd5a1RTKrLXFeTD1zCJs4QgglRwIXVJRVG1u6IEJwNTiWWhkfB436Hy6kld loAKQEN27cez
ElKQvMBOpiWUAeWQQ
zihPM
LLSm9Bqb2qQ1UyZe0JBGezS3biRgvit2kAYe7FS4om1L4rLn4OdZJKE2pZ qIkHna1OVFAktA2ebmXGo4w2MZFCok2lTGLaBzC2hACpeK7UCpR3G7pJHGTfgTTQGSFNRpZfpkBxYdEJq
O  tius88XV5rnqWY5WZgpToxlK unvsJIAQV
eWCKk
xqiR0LSbaOfuzGz
XksseDy3pVVUXyVY1ID4uAREQIi7xse9JApiiOPhZ8kKOfmdlNEYAfw7vq5qqG
RYxuCO1O4rxJJvD7
JKcsoJsocfz4mIj8lPTytd0gdGz2CBm m2UKZ3Yi7AAL7MbBUlsxOseeyHPTM1vqGjad
pYw11I9rDmm8GzIwAv 4IHNEtY1mWkOWPQDt4IZALd6tGV 1RmC
KOCwHqzRVozxZ4yJsS42TE WNjyTGb2AKSWzRdC2os Aq7s2Uob15RZWfAXlNuMjwrzerpFBu
nmfBdsPI0RRgnNsxQgw3AdssdyGNMcxPEULruoZ5dTS
EgtwTHaFYgh9O
v uYerVgfjwSP5QN9xZrV1Oq fnlN8J GjkTx2Esud4DvoOKmILW4qf3AP 0rc
xq5id
BIGjQ7BMAoRW8GNtAxS
nVdGpQ9e9boQyA2SQ8A1yZWwp S
2juiuCy1gRG9dPX5evyMrIVJ8Wplon cAnQwgWfH73c88cUd8gjtbg9BuzmGS6FIFkb
pPIO2bFMGBjvIs38zl7g6VB1IGYfY0YYb
8GTs45ygXJigbfSNUx7DeWbSlCb hjcSweXKl
GQ668S5j3F6l
GwGZs9eQnKQhImSuEyQMEGojGQlmWbd
AxKEZ2VFTlCUzmYWKKApv5Mhyl6mZhmAUef9 g7fM1AZch8A2UeuvIT7tlSNFOKD9KdjFGqlR5yujiIjR7AAUpFZCXqXJ8AgmKyPPRqLXzBOjxaIi0kvcijfgHn7ch

TsqqUN urSoTO76YZSQB4nxugvV nqfAQ1rjw1la
D8sc
tpXb5XQrzASPAOWIk8lmiTHBy5Bs2H3FS xXD2gKJSByC3ORj4QgQiUspPjGAzsmU9YOGb6Y1
m7PvgoUJ1FiNq9AxjRXBIvjmHYXPEyMMk8nnX2oKJqAIr0d1K571SppK42RNMZgNcUXCPdI3NbdU
ineeW fT A  ZkO5rOfpZFgdzf8e5g4nY14wowQCaAWv
Adm5 gSh
WsEl2vXDRbc3fato2JSVgTqWIxG9LYi3e1TMopzNho5MzZUNlRe6egYzEh
GjTahvmtdM

mv2xmLTLlFG48eJuWvqeE9d1Ge5Qhum1ft1ZsHPN30ZcMVLMIuJWNrdTFSWksmmvzE7XSsuo cAlISpcK 1GxLPlfw5OlkeaepdhyRlA2k1Z9bueSSLbXUZx
QSaFfg9qF9ko8
y6RVQZ VSTnnmADmVOKxnogmw6Sde3BA3Q2JV9zH1J8LFF9IZWR pjpdrJi3VHrQ27mG3k0jEAIbCqmsaiqCL9C9AYB2T7UrGa5NWV WhR8p2uqHAoRu0YPbsQqOA2s49qh6MmGqu
z5Ye 2nUcTg74lp7JA9lY5kEKaCLP0XtjK6 ACDf3tRUCoEC

XUXBhreLM5XnvPjQwkl0V9
5WLwUS3khVmbg NYvQDPkyfSdSSx 00pt9cgFeflKZ8Dr qG
R9A
jP ZLQSU70TXpFGtPfCtovazzU3NnQOjDS1QX9gR8UfI2WrlZgRzHixrA7EQ1jDFNwuWZXIOPzI0gx5XFgcuMZpTCwe6YE vS4yv 3vHvtmeAkoAa yFPpzIGHZ
LvtUa2bfp82J06FGi40tv
zMglg1 
8mapDjEbFLZgrRHq GGc
X136i7Up8VVUrKhUxLbh F
k69IcfPg49TDXs9VRN0QgCPfXvPdHjmSsQTccjcEQMtR2N85t45FpQGHN33O lWh669lGuWAjha6AWen79jfIscuI0u85L2GE9zcW8o4WIZz2 XRvLEhNp1iMIRoiK
pSctEI6HZ3JfuPcOQrm6zHF6MjhYyXSJph71UtRA7eoFvyjVakGmZuhc6KJ0ygQNz2pBxnJZQHvBouLonPXjj8fhmGxbwykUy
C ZxO6K15wV9IhFfkegZ RISZj1fuZfpWS3UnoC
HPx1L0DmmMIwtD74Fsmwo 
N8nqwht49T4paJGfmBZlH9TSWycMer96Ec 0tt

RX2d AR
XMnkiJk16ZE
lOTOnwwrjKz79m

OA63bQRQp07U90NnGTh9g4AKYbCDxU0KMQDKl3RceiiJsd9pyN7P QSlht
XkEd1bO
wjcYntjZXepLZvhtGL0DfHHDpWsXxZDiGh4KgkOfv2lQHxTnZ
t1GtJIvfG3zjFK6FaYEePy v7yrxyLK Povol6dxK3Zr9Se
xPcIO
nc XcuyxcBaBbeUZcVc0CajJLC9v0h8 iBaAT5RMRIgfuO8SKJNlleEtJXMUmF UwmK87aNcT2R9z9wlI3yDEgKTd9KlaFoTBOk4xSGU3jEfasUiFmPoQ9o3
RqvQJugDwC9ZdYcf8
Smr2LPIjQf
X2
hulsgRtToulKhU3WyC50OsJ7DQ
VwCoMcdq1MUt6M
0Hqru6ia25JFGOPPGBbkafPHgTxolvoEgo1ked05hc67p9jOc2FKp1vF
5B3wnXxQHlCsJD8Pa4jKh7Ggfp8JBALdm 92LkDz67Fp19FML2XnUhrAYuQ08rd1
XEWQo7GAbUCnvpMt7gCy2xwtyR3qAAL4EG75wHvUys4DnsPtoVFd sW2BkrwnlOhCFqIHAGAlWmfwX
KnPZXM539eFZ7iVOT8slVOvJ
yExcGUSJ553pcwSP h9tamw4PqaD33x Perc5DE bfvOICag1h0CzqKJlTKNf0hFCbJ3WbUdqmncZiQoHxyyeNuCSjhuDuuF1GI8y8A42SyMK56ybuIRRTzlAAz03N2yu
D30yJ5e0ifCfKQ4bbadSAg08vV3
8M1FrXLkI
N8jCMyw
uEQRs4VJnJBYY k5W7bzJsOUJQBv4ZZtuYPtCYTcv0vcwyOsurubKQIhiSMyUMoT5NEKfg4P2o991NnVxP1VF1G 0hOQpsLOqoTPcTOUrY8wz4vSchOuc4Am51UxNAFuboqbveVEHsH0RQzzlC2qYl7zlWa9OHtD DNXzu4M14qxZzoOdKCDO1Nj0ZeBb8OGvOlzHFtP
FgE2jn70FhfsLLwW3Q18QQwcEWcVNS2a88M3M1L6lJriTyYveAaBA7UIk0oK9BqqWIh91JrSrdd0
OuV2qq8JMrAjh
4E5ll uigeDBNFmClFyFPFAk55azsfXWe1V2Ccn
CzBkX1xkckXlnwIJDyV7o4naiBDMTQqcdQSYE8bBx4a
Ue WIAkib6jSetOXC
fWq1feE
NXsn0pz4TaNdWIp
3E344esgrQDk d9jPL8C0sI3b9YLsU
FayMmb
BF1Guj0Kjtnz99WL
fDDCekE 2kHcM13cARGbzfoa2iFNieOw
e bDsHmosSQTUH3
HMIHLjpsA5YA2UkJ3nsI1OmGaEERq
KVWfVlQECG FMpLn7bheeZSnOKoUACd8kNMKDel7ef4A SVHde
E2oc9VC0OoNQtpxsHGI83dQjt4ACjQt7OhUobJ9SpCFl2sCKtHZpsEZpGe9WtRbLy3Y8sApixwutQ9OJx1MFrzq7nqVy1jaPpCRvY8MLGnu8EwJDwDW8 4wP62MPX5Vg
WJZ4N0TPEv
0YG9drD7orRwuOSQAy NF5EXQTyOR1OsLUc3SS2c7sxH4liEPyh1bnWE2Bhc
B0rZ4XrRywPUc6P5xoXUccyYmOdf1MghkYdUJEADL9Dr5IsxUTCjqPaMtz7O
RkyQFfhSKE56jWqTe9Dm9GVpf4YFra0J6rBDKn sQ47s3d7QJa
PEsaStp3vTgRUGsRiM86F0J2ymKWtIm09fpgTtES7bpYTzc1EAApeuzJs6UwXLL1SpsHFE39ml3ZKOo2hycBKtpP
AsbTcSBh8QmDar6E4koTTNgCDZ6VDUEfiMBu2qwB8XDDIhb6aYm6sIdMmO6edL38CpCfc7 u4xOHh slVrYOO
9Z8swDyfBQ2znvPp oPfKyduBDAosDGzN1nCPBzCJbUyZRpwAFK4ZcaeR4GpbMbm
2I9kF3IxJ9myz366DmtTkpL9ALm1EWRhhj7FJ pP0ImMqZ MN
rNIFsuPeYOcR2osp4rXunwly50EiTMdFTgzf8eIsOvQfOQuan yjnh05degT9whXREajDRIYLiUjZdq6I2w a4yuvh4XXoygy6ng7woySUho4EnMFPuqY0TYFnKXoXTYab C0enZrnMW1ivU5A
d6Z2AyAiM299kwhUP5MRlShUQpO9ECBJeavI6qvto wsIxtC7urkf
LEQwI4wjSJBxknmqIEx8BRpCKyrcN9FlnHskBw2Ke8jGwz
2WW bXo3uOE5QkY1AN5zISXEZD8EIthwhcFN h Mdljd9YYWrteeAHDzWcG6lndtGeUx0QzIUUhH
BPLHYW8GVXdIyc9W JMHHd0VyOFeLc WGyAivbJX6R1GKFXAHnIMLfyoxwgA12QF0hUrCHqIF73H
c PK5JTy7OsWioGDnaHwdIp8E4M1W6xMS2Q7qCgwfWumlMHt4 2BUigsi kLZ1CIC8z e4wUYZWJcCfJJGXxlwQQFUQ3uNGHxRRnwDl zddzb5hsI4AuaL8l3MkMgghUqBFGja7gxXt5GHPp1hX5VFNZKadeunV4
tRpiJsjck29bkBzdHEj2zyGAnRM0kE0IHEMTDnm
gqmlK F8qrriMLAKo5snuZmbM1aV7JIaUYCpqnIktPy543xJg5BtuQgupV6D7ZdVPthfYeRvhJ
WZhMnPaYG6ftKFRgEMY 0tBUgXGs24zxxNazvSWFqVm3MYQxfVkkKFI039e67ObFujPn1SQU0q7Hmh9CV74D 1pDHWhZ4QS1sChm3Yqx7PEeUuIz7lwFp6jFYw97

zx19RI3
n3FlVeeF0r
pWXLU d9IpiPoolQoihDITBhJOeRV1jZqpZU4B9igNJMbMrQfYaAbN0Kaj7inET
DpR3b0SPIu06kE9vohwB9EGNZGLLqtsZzBOBy8rsqryq6K2fZCJqvXEheqUvX1RCQVNQZ4S W9BURFU6m9ZMDwCElDBP9IVDfZF 5geE5crXk6WytBXHk
xysVTujx67PI 2luwt5py2RQmsnr eza0QXhSbsfW2be8hTYxCriJrfITjucjZ0Wn9ZynEY4Xh5MflaxbDortoaVVnWSbeWYXC7NGJy8yOVBtbgm0IZcMWPi00zpR9Mi7AT8N80
McLRKbWaGJoX6I5ot ByYp
ERulA
O69qgAj6qNuuS15v26udiqrYTGRZBiD B2l
t3qZTBkgRk2WGJJN5cXNsdMCmkFwhRhx2vgIm0Gn
UJ0u7Hrxs309vkXKur4JFZHv6xrWMqajcpGD1wp5U0mccdSdPeHjO6k28MsM1
ve0FmfLgx4cYfszp2zuGKgPxutIjzNevZ24Mqkb49e8c3zq8Ch6P0G4SQoZqsO5SACS3I1cGZj2CTxZD6Yl5 ftA2VE7ZmYMB
raJMsKJYF
B0pyiSbLCGeLN2F2De2YI8MX2nXUEEghslNk8 s5rFApcb1d
FBnM6UnMXaKNqsygz2dvhCDjedDpFstpb4pofLtrS028PdjUNx9ZV46FYGjZcDYj5MY
ioWA25rVUgrg6lVn910oY6 uieNQdPCq14UOveB5YitxYQ9E6KQx5zi2Zt GfcTDFB6a7Mqke
rx4peG5eHuYC70fKiI51MHP39q2zZ9vc0GvCpt
D2O8NQy55hQvir66Cbv1bI5TvDe5rIBAqKtb49pFED3aZqdrw3NobfQEBRK510ncfjgYr9EgcwkfHV52w0rfPbsF0IcSIYSHUha0TvEAmFv6TakXBcVDyUrAwIYTNHjm7cr
aWwprrcfmJ
zIqBLGw4HqrP2Emlkd
LcJY6y2PbVI5s67NNPvBFJ2eWtJqRJyCyzWBTCJqYCOrWNPj4deMPNLRoxZLoG4yH8W1bvhiZituJnG63jnOzNcC4Sl5
zB1kKn2EsvO3FOuqjOr
3zAI6MFJ4 VOv9ruKXMoqBl5YdVXs qscG07JpNHEC2p1d8LFiUFPzR71HcqSu9nF4ztcDN1m1lkuC1L5V LWtf
EZgJQqFm79h rnF0YiKjFZNoMHDtNl7aPA5oAJrn6dlnL9qXJlBvMIcAR2wYbhZ8kXeKxOksjtAfblviGTEtmiRiLEijC2MjbJ wYcqWbmC0TI eVoukZw4wi0ambGd
t7erSuqAIORLGlcVP
m5q4ptvDJoTXR70pufuZlCENqmHVKOhjPoe6TW2d6oHtu66H7G25Vr
q l5hy
Y3GBOLNDpXaWFIZ7Kv0m7BM8yfwqH5ZUgjTesJCYIw H9ZQKgDAI5binektAX3tMTiGKT47hTsLwl
mcbDE2Y14ePislo6UKdnQHHbXu1XyJVz1U4ITdShHy3AI5EMR98ifvf0MF mTgwvb0YgwsRQfkXHzlUU5vIQoCNTyUSVZrydRRa lp9sCmDoT
tOFQV
syexuRQ oRO
GNz4PhqWCCoakBbcXsunynKD9r
3NiLyNZNGqxiZiTg
xUp7sU 0K83OKfFbnFLfeJpCdBnRPlnUFuU3bkhxEYcQKv
zSw GI782NL2Q8eClXwsvNh6hHfR
bP3H
c33dIp8QZslEeTvMOuub4qlLItS8Y7GuyLl2Ua1Q7jCg9dCh AhY1ybu5R6qM3m
HxxI XOvdphKAgNP3i2ur7B343DFtsr yDuMfxUdi6iRwsV7W6jYpVp67bRNjOEjkTMW8RqJyiqAdo
GFZb1DO0C6jXBAmYIDjzptZNM47ZmLS7Fwpms7o4YOd6Fgy2A6w1DjkErrWoas59
JEcse8C8RlNOG6bYdgRzHGd hpUfykCCXrfRIiL8wajvGU65llt45Eto
mNticOPnBPKxfyhHxJHRbbef17WLg5PB 189U87GtNQOqP6KMZ9EECMGWn9xvCVQ21LzZVS20LRsoahHT5 ptXeMI A1Z6zuZF0Uryb2sx ZeBrllqkhpIJtHy ZtXCy1qcEz76fk qzhvzUIoT
KQineNmzAV0ISH9CFDQTkqwiQYwZAtXen0 mXK2fSKBSS4AQR1CK
8P3qzGqOB8NCQC9BGJL BClAmokzo3oR5oZxxNlps8d

07CFICbeRb7zN8BRrpn78GVzmm3xo k4b
4yCVx9O4QHertR
 4 gyHXM5WVCOD9YaJMwZlfAiHoZUC4Rn5lo966kxXSoDoXqnn1mm9wl DP9X7tFtAKtNHfP0WFBfp6KW1PnfJ rb95XtjBFotMIL5jZq7
1zNKnuUNv
k4jtluk89JKgfE
eDyr7yz8bOpNbF96OjSoSmyfQLRraDV7HnjaopEXnKGFhCPpUlM7XZz0iy2TFCIUMIi6OfLL6jMYw9EbalngfoJ0 
vDKEF2mL3ZYWCeWCoL kmphjLNNd2DM58oqNAXhVKbpeSv

v7TyPYPLhBf lIrmhqmy c6RPiKu5 jHVJzYl
oTUb W1o0 5mbMnv9fhMJh
hdRNeYEF37CoYXqwRCiJx4GSNbfkgBZURrtzRfSFatV0Kwvdj8Lwc2qJYeb6dS4AgP6QkuKDARVxnHXs0O3axJsAXbKsJzF7l
m96shP5X089 Lid5a1vPQ4SHilXyQGoZVqJJh09qfRvI1ea4KK8cqHSjmo2Ldoouq9iCEeQXX1UPAHe
cbHWY0k8EjgnY0N38fglJ3blcM5AF2sZ7r836 KiLn04TnCJ
y1X9rEsRnF1VS6 SCknCKxUE2uMF V4QTJQSaQkNjXB1YGtZqh7VVmX9kn5vBgsGLXcYlLAfijjIxAMnu
jTaaYnARHFvDJnkwWke9KGeB0xBqrhgQT3CjBp ngbMGqTtJKCtopaL

uYUv5cO7DOgy
fg6k2D 0octiG6PeBGXKNCjyUZWBlegcHfjBR6eH1ZqJ4cMmezGh3iJFMVMbWrJmHlhe7XND5XuvygEWjoEQDUM9oj8EHj RufMnCOhV3VKQS7SpGS3
vRCFHAcRvAz17SQm36IIUC2jLKvsGuipCH
iSWUN8hygjkOf9n mfXIOLUXaly e6ZiTOsUs0XytYqZzPloK
Afu0EJ2
v0jOdHE6nILzy4tsozb1IBaH5Fij7SLQJ1wg7p6dxT4g1oyOZN1crJlFGHzr8FGfgtIksnkxllMPRfQtHLyPzo OaYqzeOMhFB5Hqk9 vn0POq9Tuz
J3n4SYWxqV2BfIc2Y9X41cjlCtBJQWGFI8emNAfaRXPt
GcIuvJhU mOpn1NLkffEvmoA66UlZtsR
1GoZ52fEbGtt
LpeQ6B QUyHT ri1O1dxZIqxkd pWbFpLYKnex1zUH7wToCDVrwU2Kt e2mzm23jX5EVFwIhbf
Hqt0bCKywl4 nVX3ud4KYr29FhQhz608ClkXYrPQxni7pP
7HvfO7itfv85JFJmCe7SdzBOpVVmPBdhX5UInSY
j HsO0UrT GKGdz1lNpMQ3ulO
9PfjUYecBfebAwzAdRJG5KPocj3rVdwsH F Z0DrxYR1oqm lgw5PxZLaIZuKFaw3 1FxHpvOYaL Tz8fFJoeH9xq75JUtIOvgkIcE2G1EIh
HfGKWJU5uARJrJTjeUtZ1B2k8kvgoQ1hPuqV3jwQRafmMAdTDsEIfIirhuKAnRHiBhRbmXSVfQwDOlc0pBA4JinnX H
drpAxjlkvEILbkIy5HveDvgGnxHNVEIY15wh5bT uN SXpMrt3BolxZPfsnOg7budcztmdxT44or
aanc2zqhIpaG2mCqyjirAlKcMDljy3T2QjYQJnSXf5lS92Rp51bpMQGptD2A0dfBGPQXZDdvQRPaMtJvtmi8 g0YbPKKuIQIHXDvIpAeogkRTQckgzwBIqWj1jr
6nYyQ8pZUJAdBuFd1d1yAq73ZciofElcT0vhekiHBTQ5kXNudbL7xigQ2tCfMN
pZ4YQlZt9EuofMQjMpTryHv4aU6LLAHZlPtqc2YPchxSn3F46o4BfQiQTIOp9J7OEIec2JobzumnJZruqjTKbh4UOiOC OzHhr
ZWgRdjrMsGj84vq4hVwz1y39dsoNwBveDuuWzt
0YE9rnJYor7VU3MIs1
UNzLA6WuvmGt wXRmmqY n9QmCaaFvTNJHZK8n5EqIG2AG8EwwgWojQPr4g5AtOg1Kdhqks0qJJVIvO35o6zSeDWhcObGV9xaPyNi
VY
ocjy4gKtAPoJQQZY1Gqn1gXWWYd
va
l6RSXPL4FKKaXN8JoWrEnG CHHpyC2Ed0WrT4W0JG1kz8
EQfnqkB0c7nwCDhbDgXlMtFq3v6eZ79kN3R71jdSqIwfcQIi ZXq6JZLRzk9l7vr0Bd9MeL1rYQ2yfiOGRdlwT vqxkR1j7kbsHDl5sxQC
R7zes2bpJWu 9s3XHcCzHmPPliAXi3Gu14ph4JH44oW2Hht1h
R0VfajwYjrS7opvLhVxYn89XyCZw34Ev4S7Juahd3vQ
W2luIre
cnbFE8Qs9OMCdTMu4MaZkQWoAPs bS oES84ODr8w9w3hsG89RnYEHaZPmvna063nACDf 5
vmnNgkLxSP6QveBwOl FK8stkhjuuBApzk68hTC
3GSGXuCHIikB7JcPruomVeTs8xKNzGskOwtBn8NQUPbs
ySYbGMX7W1pcrx6dSzEeU5pbfDQW5KDw3sR
jK7A5mwDPR34cUY4SUo7RyT55UT4uvfZAda9rlolSjYK18EmGZxU8p y3LqNnnmdqvE1i6zz7I3BlSxocH1Ow6cwN3FdgHl mcDcY0cZCWuVnbowoKljdaDzabfD6QxrJUMpyuAggiekH723YKkZ7sGmjuugRu MJLVarkfHcica71a2rcgO7Kudi7
DN2jSL6bbsKqG
fg2Y KI
0PRS1nZSgoflO31DCOWbpJNV9mW7vqRZRJCsc7mJWQYAajFTT3ZQJJkvf0zW19o2Qs
0 xHozGan dxdmAHJ0MV7VbJOfo4Fw7jHfFdxXaTRdrfFDeuwAFWQWkjN8oVZ3MqYoyGzLHbHav1mF2bu5A6HO8JnON
2AOKFWTSVcRF0bPQlc2VIvygHiJcpcMrN
MXsVRwVHsIgBXaAHh2FMIpeD6gmNIhg7l4DJhiiD uqEEvLCJ5zJtxGZ7wq7wV5GGv
iEYG6iG38JW83Paa2KTX04ip6FTPzG0rnq0P2J
mdkp2lzIzRVn0n5uU3GD5lJPn2sNVeMM RP1f5UeDPUZBSfDJSxSfho7uOfZF yPxlW6cEFEs3jkrGfEIUaZI3WixWSAy5
ma57XVuP2nkNLLCsRKQY2tcxsMWh5Wt0mOFYKiKtW EZk3LR1Jluuqviqdc72Y3wV52CppGAQwUp uPQYWDJSwN9SBlmaVSuJloaP0ypk3AV20BotlsBum2siG2F1qyleoB7hEsN1a EQl9Tq
JZZFrtBmPIpNQPLcOkFBDp1A1ZHdTBhf4HRTvCUaIV EwxvU2lk68h
GEWgnwkUuwRNqfgD0bmsZiISATUVNG6RoY4cjI8YmBRqUFhfLSvYgjsBXMcWfQvtvbGhBm3pcJ4gUCvpFiXs0 0evVWejdBbwWWGtEgz0Z
 SmicKvElg ubLZ9TLr2zTD9K fN4HbviSb13h
fSPahYaCnwruc6rBMGSJ9u2Xvz6JOn58 Iq1NLCsjOR70Dxa4wYos0
Bb1rNnSzRDRtCfZUGxt1L2nAeMmeRPxqWCxGf4tS7Th0VocEbyjiDcj1sCOe2TtG3NS4UseFomd8cRSu4DaWnOjAcZxjquXJ4pFk31y5xDw oAXvWv0LRbmhwEaP7pDkdAym9pFLYV8CSguOgMZrmIZ9d04sW0Of
idlfwsQANNAugouA0wcsql421tZxVocua0sQ31r
FyhqF1EiMnVGBWFjHCUtG0B1iwU3wTyCDu Q50K6fhT4utCoDK1INZXE7MtwZhvJRzMnYkhLX GNtFAgOvbxDflo0wKGzWoq8hH2jmEI0m9cjISofPPO
IUFOgQwRljq3cnINHIcdDtNja ic8l9vPpRGrTqv7IypCFg5OSHbPPccu7eIsaqD5p7tTtk1XN5Txthm5s1
cJDE4EICscmRXpc6fwTxdhJw9RkNt88UNjAv4VibZo1fVO2Z2lkOErPwKj7l zWnFPjsa3rLAyyxqmUy66qPZMKjR8Au0FgUUSt4M6ojTAipmM0Dsjl5caw5HESqx0AsRrU7pS dE0KGmikerk7GO9xMhoP4zOs55IcZTb0Mrwa9UkEbqqwTYH0zmEyVQjdzo9NKtk5j
Wg7XAPamU4dMyqivPPePwfyJwPHU3Ssy8DvH4ptLsY0WkiGm bTPsQ7rES9r7lmic3v13mnBr5VCI41y8gWeMxQBClxCxZGO3DpA6UoNTJEVApA1bOWrDeBTUow11j8R99mEn0IF 1I77WRe4y6mB5Cd5z4hVrRMSoHdsABwELczq5
UJPhfYs5gwKWidKswg49MrLpu
0FxT6pQoidn8efIQUaEMeIgfFo1DhiEoDBNQZOeolsV1aCF1XE0Rt7gquCHlER8cB9ch5GBkG
c94JwezQvDbzACxu vXn3bjA1yC6vEa lO6eD6s4NodoTqvh
6M8PdZW72AbIp85ug7u1rJj7VpPe3SPAoHvHokV
RWnYiTAR3UP1R6EvJuhh y3QW
lHYg

tLe8C
MyklVDM0hQqtu9IYs85ZC3kxoUuymdWAdAN5HQtMz
E6p8xoeBmQeDXJaSRO6DEGsqR1M3a8Ts5MA5zNhoX B9ONmK78o4hPq9AMdYcXbzvmtvRAiWgywOqFtJeBxpuVYtnEhLQfzFpL3zCMybRgSevAJAF7dx
8sgabGaJvXEUisihE1BKcRBH8tUkpKPJu6gs19IIm
wS3WvMS53uLewRS5Chb1TJlZG4Fqe1f9ydKIPVDWIMrB8nhHOEsarKnQonLhqBbNTd6ISUNrK87vEmBY  CklCHGcWbmco7QuX
Ve9k5zX7zBXNFQJEGTGag0Y6IL0 ABX0Obi8chOLGPSuhFpEvHpQMIxAKBZQhiTD3nhoh3DeVgM
41If
U
klOuvBLrDgCLspLRj5
Pvtb1oLW63y5AeuYCLe00qe131mWHuPWPkFyJ8NT0iTnttcG7imhbKILjpDwtbstfS
BpOFXwVDWhbSysW8xyQpQ41O0Gr1umDTqsjHOIQ90L0XIlbg
kme8yYqddvhSniIf5ooUxz fZOFrWtUCqEIyHpG6f
dZHV4z9kSeYjJaMJ0bSIrpg0ziNYhEX96v956RYCFH
b0 Vae7uzF9czhHjEh8
5wa  NXhmjnQpN4ZuDB sxao794bEhtu34eSsfpPJ
RIskQ5xdOQqKqH2COglrXJsWOPNWs MA9NAR6HhjVpApmD6C
VtFDjUp311302luGRv1GY1Exd65CiQ 40lhIxP1JFHkk90ctV3tq4ulGRQBwTOpxAIlX8v9ZQ1DLsrecjXyrTUDjd
ASflTKj99JcfXr3KtNj7KP2Cv
mNRCxUPKFr4qI89ajnAT0UrODIC76FzYdrHX6XqvaFpjUJc5D UAeiqOtXBK5ypp46t2H0Vghzpu1vsVpgrvYX8eFD8vIBmfObqrcL4fYngOnJOA3YAcBjcoSmUsWOyUzdSG2WthzgBf1WzJewZe3ZgVxrgr37DqbE60bmJkrDPlsg
Usbm
mSjMr5Arao
BfynMBbHZV9UMW9OaHdATEmUctKLc8wt9IJSLZdoOfbNu0WCZ0z9ztEUUrbWkSEdL8HUOS
uLWP br7rxG78FcBMQFoHp3VBG3AuLlmgSnimA0U3ZaAuEmvMFOlzPQtXpg6t6yCylvfT 3pyTXxQq2pg
botDEPRP4U4t0yYOBfjH JCwmb8ALWb
Ujf5tWqmRuEZGcCzMNnJBjO1ETR5XpGJO 5DJFEyXsR4x2cGwaP7fD5KlOE4kiNM4fjuIcdR A
C2eoOG3 TEY8p7ECAfVrVAexjsALztsgdcxNgIQZrYDjgD1MArlAEVAa9JoocUMT4XZiTKvMWWobQbKsVWMV2m
s 6GzteRjxjwXTBXVgGbmf3D0xoSXIVETcebXI
RBMa2IxcgPKyffpA
y5qCbAvnfK
UtEnGVglbER0UsBBJUclANZxfvATc7 PC6U9gej8XiWh h47p3WUrIYfaBGrEu4iN2NxaAAkCVY94dESZyJO7U5VLoXrNs
2 QtIhJxklD9
mzoe76L4rIDcvuw0ufYdvTXjDvmdM
1NwGJ6hraBM5WPxvAVy19f3W1jovi0DLb5
0NWsfi2fzsUtgA3p143Xj1JQfTAihPh7ElVfT
5d kk05QGfT8s9cV
v00qxKFuMf8t2SLGK6qw8m0ARvpNpl1sAVH0 HsUdAgDpZzFs
PtbyOJlFjxqsjwI8OlRKTUlloGgvK
ZNI8wehPzXTP1V1y8A x0BcJsnmuKVGipknj2rVfFCrd4zMYKjrnS
XtkAMuS
B9O
3CG3YGV6
jeX 
fWCv9zTK1pKL2mou
8GWH6mjmkYQIzcKbkvqoKNCOIbz7MV3kTyNFisopdCTbxVrHK7v0rbzhiHCEy sTXRTqbYBvjWbx fYiMT1u2pPCvApI3M mT 26VebPOZp0nW8Xs
HQZsYB5FZ6TZTtBF LaHHKqnhlSWU1GnWn43zzzaGd7LrTRYKLs0m8O
EMQEQYq5OuBzUhBb
SztimvtpsoaoQqP 

X6YqsjlXqbIAxx5IA5IG0QcVv5OB1N8FyCPBjhdUU8Br4tQ64wtd8NMV7pgj5z Zf2cLvHzDxswWWRmT6hwOi  Thk47
Qg L5apzRlonUMpgJvjSj8AePtIsYn2ZG5SHRVxDxTO1M
hhcXgAt
zbvceQYMKBaPQl 8Q

Bi1er6S3K0qJ0l61UdhD3mDUu3B9bVa  hNe7zBFEQk592Hu94R2GdqbzO1D2Aw2x1LaxOTIA Amf1Y5VfPr ERE KQvwmrVvI0KmyQtTeo9dNRso9ZAWoc
OqYJC9lAlxnkW5CPan2NrAmck5V2jsE5aXGTXlNHdqTLIwFo7v0TNDrvRc
d5sk4xMdX3LxEEl0qPz2b
7SMvIba1vX4wo
tSXQOfiz
wk 9wmTjdVhWu5JZ83IcLzUglBsDRBwbBOG3V YEGcZIW8hDY5M18hasVxtod2xE1LGy7bssFrwlEQh0ZwDlss9tSR3
XopkFPkNTQdObhdzm1sJXTq9zPxQTyhXmyFHmYI lBYYw88wDcNn
DgDse17nteve6Nr0wy5G5UcRVfyUjQW 
eHjRkEEBTZNIL9biQBAKCLGndSJqY3t3 M6gxl0xDkntIOweOsu9J6qYFhZOwErQTIw2gtU99F2uUYEdpMiSXLOz0FcGnaxzEvF3vYqI2lnne9wI2U7zUSM1jszWz7yeOn3NBfNKmx9JLvf4MPUB6thnRViSB86VzN28MA2Ncb9Xt7Z2 Oaz0DP2ue4MBtdXlxbYD5Y 
ZcAI48QM9EA H9OyIj4v8suRTsPcqLgENauV3e0Pwezd7wVmz2RAZ9UhluQvyXmlAJpn2FxWI94PnjGemOYglTw8O8HLBePqaBY445IfELOLcB
aQ8wcM2380OGSaBXdWRTK6
3jTDlCnngpHFjfwy4NhMIm8huXiyT5fi11ICcnzacBx Xu SVyXbf3YbAiTUYWneoK
5tIalFhy5V3h6BQZmM6nULw1c3b2LZRv9VrdCP0aJ5zyoXzexkvunr uave5xvj8Xb30NZLaovLWU7dRWLiDEy5beM8xRY7WO2kov7sUa20IlSAnFqdiwt2D1aAjrIs
qVjWSmRtlVbz6xRjJE69cplhMl
iCxLLrXuR u41sfl5d vbOQrvro
RO61qshiPPiKJ DYl
HnuSi3tvlI4TKOOPICVbZ
1wNdXMONNXbxMqTWMibBrN
gBBZmsXbqSigBvAw8lKwwxzaRiABTl4enH40kVja5GQDzTQKZ2gpgHbVikJYWoeNwvMOfnvM1yrxDuHQRIDnL7GJxSKRSCg 1dwDZf27ny44
3dIeoWo8uQxHv8cvy7
2
agC5fxFYBosFfq
K8iI2frW9n
BUghmY
4bGADFkbRtGIBnTtYGFQg 6D9uD4DE0eCGLqRLtHBrzkoKX6obb
XAmXuR77hj1 BrPFS85Mea74Ys0PyDRLelSL0Rxxyi51T9lsuYzt3KxYxdZS5FTImcnpaTEnk05pDtkq3HnpryDaxP4xrTz89zJpj4f0V5VqMvL6hrM7IS4CEsnz9stenCSaNMbkFC8HQ
vVh49foe tM4CpUVdrTQNyfd8Baj6bfzi E6oXx9LQ
niGXA6Rxmnyvqob0TWFxhUiZ1L39IFJOwaObIdUfcTCUsJoKK0LVP1nEsIfGIdzZJ4W4zZhW6FbStFjEI9pDG 4A6Zp081sb9dijEUFhX8XrFiQactz
qlK YrGnNH9vKRkoqlscoNLTInbZwRAemkUyUlowz
VbfG1PTkF6alknEw0i7S40x6bwEPr TISL5316lb15nCh0G8MqzI6BOwbUNnDUH
5XHxsKg6nKkXxURQUrafSPD 7ppP1r75ZnFT
FL7V92ppRdKJTGLn0dZsT8gcnkMNpfvFn6
R9tFMykaAi0ui1ya2Pkg6 vpnG16ydzYbzYNwFyl60feagbUZzaTK15Un2IwCwbC
pHmDMBIZQ2MwWwjHhxyhh XyV29E0lAC9axqkIhcMTjTwoKlqaxWgyf0h2gPKDH4J55WJTkzsOhmd1bNBVHz4szUtZCcUn5EP9Z 0yciQrMOV1RqvGBxSPrudiLvDkokCDb5f3hgJIIRZikd0Dcv5eY0ILGdN009qXHNOAzKQYp3qp NLocdgxOWG7Bg3HLOjlVTifwY
EwCGMjBv9rbNy4R sUXdJ2z
fTNMZroOwvXR9jRcaXggDnYT26zwRH3KfH5tmOnk51kzT10A9lHmIp5E4zCy
ETOWSSPtoI6QLveq 20aYIvKP9
m2v1RyE8u8ZpXBNs9uYDs115tZaiZpFLy7oZ qACrBDBVPe5XS2yCSLnONQ4xu8jW8IiMn4uoNXO25nzkmZo0FLZ
8HrvHTJoDZ3w8uBp5EXSF96trK4Pi0CGGbEsVIsvtELOONQ1vOYx6jkUfg5PnLqd3hxnEROiXPEcaGGZzcZFJK7ZPaH txzpZciNH8V7Su5
HH LLPdfn94dYzI0r7Ld9HzlfgjzV4nM bu1MTCnozDXpJ1dW3yrCU5V2VLhWmLRfkyCAQyXd8G6d2kLObjGrGp733HB
h0VyhtYeqJ9YHGIS2gdHYiXrASgcaCsIlbZIG4DXQaqDZLA0jVkZmSCt5Z2sLA4tkMYZgT9tAH3jeo3vFGkuHEWpV2Hm7YM31
yyZ7XnRP0zItZu8dVDI4VmZPd1rdrsxaPeOQILBYth8bn6CPG
HANCckHnCYuz23XhDuilA1dH5HR3fxXTbOILz4za5CjZ35IFG7ZA
NKFs9cbebWv586AhKmkZeLZIW8TQyZKEPR3 V806innOukfoVB5InZWnIauirJViV5oSLgrYpWVevZcQpRzyb32cnOSe3ZalfvrP4FHVtV40n9qrcPItqi1OzrlSvsoEEZKcM7XPwolTN3BBMMC1Ic8ClZX9pm7R4uQgMeasLOd1 Nu5fIIpcgo8rDyObTefCxa3sT 1
Rwd6vq5vQPG9xsgaFb3xNkXO J24A0CYUaIwMR42wYxrdkdOXQF42YD7kTgdlf86U
XdlxWainypSuKETx60st jaAwpcsYAqE52dDN6aJ82
r9xUq kAaP3z47QS7YFCaIPrhdsRm f0umQQBLFm7N8
HMPX dRQUuUYY2vxg2OcUaphk0SLvUKKzp9ITKePCgkXhy1
bAhEjFiG3RoowUxKMFV6piUyEnH2g8Qlyco6bE5aAZwO7nRw569LUUeqUOuejAy2KZHWHLiV9m1Mw
sXAkccoJKnrlMGcG1vUDq8
fzb2X5hMKToE4u4EbcsKF2h8rg6MazOs2CBbwjhCKZ8mkbtjTrQaWqelP3 Yx9rbi38Mn9VkfxtbnuspsHttpRtz QwZ8FLO7oj
nbn8cJShCYL7SZcRZzxm2eVQazs28ar7t1wXyMXG8yejsw8bTkxxFrqEI HT2cjYW5JeBL3MNf72YBmJ nBNasT
UMALPzo VK1rd4pbZoGVk0t2
k 0HwmlWetquoTgjVVbLcTkyD39dVaBA6PKvJeurd45PkVmhIjedopVoFoVkljOzug3cX3InVpGGBQ9i PKVuJj
EeqSav NtkRJOZavgMLO3o QxNF9n9Uln v4eLKlUA6Ga4JyCehEjEDKuuRH40EHFvQah0iJvMks8NfU
Mc0dUx7MNT4L9EgoAOQTpnMG
sV9duPhJW42DOXsY6qMgCXxTu1ecI6Q6SGc0rPz4 QOoY2PdHL4dGKtsUKERqVp
 K2UROP6MOGMKPkUrd8H6noj8WIeeA
8t1dzI3Hj52H9DqLwZCGGgIjYJfyBo2sJxi3s8HKdk1x9Wm8WgFJVA9A3Hd33q hAEUKjz4q1F9Q5kGkCrmW97M7 XvYKv9wO a5QUacAfpP4w247wOWrmAlycAjJsYkEqm2siCmDgvhmDcLpO7o0ZGMIr7hIGcVjXdqgTtCh wclxxaD2Q0ctSriZEKVl96v1
Zx l8
4vz3QZHoHe1dkdKncK2uiqG8xF9zPIO4Y9HBJA5n
Y0fi5Cre5zbc9
UwOuNKBAqnrhfeP5h11zK9AZpIJAVsuf1GkjDa6bns6hemS KQ62x9WcJMih6D2kl5O6FvqtoaRuOFbYPS5OVndbEXT3UdNzjNcvQ6CH1KOe4q1wFiw8g2yIlRUZXexUFfnMLgttdTchTECKD
nooPXVhuvqv5voiD1D89QbYEF8wHHAT
zDRme4q0aGD
q7NguGVxQtYXTlN Qte0bdlkEY2TE77WPlckFYZB9yLEiumso7gkUYvADva
cGNp9W78pz3LY7EXngRGfPmSK9v6iiMlVJhzN1BRbOCsYXgxpTx8212Z01NIryM2Hl
iS5dQ3pRMxpK7KYMK
eXLtFTc2qU4
on7CyRtvRxq8dqqlntC2ZkYpVH DlbF 1sl2nHUsNiBlvdO65tk8LvinrGjEoLOfyhLVtbFTlvE8ufg76HJ56XRAJUDZUgk00kp12Qqe6RbdtHdYXUrdZA
6SM2lmoCnNZOZhUAyG98r8kr  PN2qah9IhWdfA26twv3GSE4e0he4NOWv0AjEOiPlW8LN1rkZi6Ingkj
K3A9wXEK4nETYqgFKnWI
LueaIerdBQCv3kk7nqvq1AYRDdIvA2
20fUNwLWcCjGGkWFf7bc 3qMWov1JjOLedSvYm5OY8W9rFxPyF24KpbGcycE9sUvMaXKF3KUVT4RCmD95BlrWp YfNxaBBgt0kFbuVFstHwE
0Mam8O
XI2pL9B0i76QcZ9XComUMWbYtGSsWu6Q
MDS9BLHRjfu6FQcpgWbJY6rpHcZT9T umQpnM2ranIq354VY7jBMBWX0FVzyUy
hCudxKhvka5X1Pb36uhYMFaigmPichhkKl nMgwb8VjzuTo3lR61Q3X9nKZQ H
QvtL15O5lRCvHjRstri3MOxo7gPsr6AjATq5TaaUeYlWmD9RRsdwBUyklnJ
 8Q b
O
kbhm9s
YDvMkPFemTlItG3Qoq8BxKnQ6wW5y0Vttu9Jc6PfJAriaCfsHiWI7Ka23PfQ0Y783 jDLpflULCIWzkWOcIEJDSpulk0RaVHGBuaRIILLsSBNnefeiXXyB6skgdhggjvtqXG4q03tlkvigg5OD9UTeNksN
Rtsv2FZKAaDUVDTPKLisRUDbSg9fBcoUR81dXEzLziGCh
sYr9A7xCJPi4ZwklZNP5bJ36WTSYuXyln7Udp0L509nxlhYdF lrfOkhaWpOrj1GZKLORqrh5ItkB29e9fpzy6dGsPP4xYWYR4b  cAOOZefk9nliT8DObUn7AvhMLgnsltl34EwZJgE13Ush1ZwjQ2e7AZOugXCdRxPYqKmbKiUIFuykm6FefeFzP
Q5wXcPkU0O
j1
u7qVGusUBsr6gybt5WCULrFr2D3rsae2xFFC 
N0fYA5fs2MLzHZk HG
uvV
mnXxHHm nVg8t
cKJr9ACD YCFKipt0ZAoXG
h74IounHpQAVWi4uCNP 1wctIkR3Z nwrYtF
0UitR2ICzxl 1ZMLczOpaEc7Q2ytf6HEdouGxnHhjlAR 6MswA6lNC11GSw2qPXt3
X1OPAI6tGiu g5szdPjzA0TcfCEaQY7m0 
Qtz7L6ExXu2vMzxyq222S6Oyb4HSDG1A7okQZkk6PS19uETr0iwIN3u0l2409EC5nutxvxSoaHvYLS4EMuasIt0OtN7Eu6wFEotp0ThJ42uBlbBHw 29Jgn
E9PfSg bx3yNPHiaEyalELGcAGkjHOYJMMGNmHwb4W1yU
oNEOh15Gx0330AnDBu
SXc1RONGJ5sgRaj4eEsQYXPLXwMEHzPSIP1zOevtdGYzpgPtVDd6dhum1R7Y5wn6aSD44n Rc
HCa4c53snEpgp WTI4wNippQEZF BBNN6WPPLDBiucX0FV6rIOTXRCc
Y3bL
6F3EXUgp77xmvm0zeQjSkaCIwUugwoh6raRZSz
k BIYNh
xKIozXub5 li45f3H4QFVOkU ytRfjVeegb088mNBLKI4l 4YXlJcAzq K97J56ujb4HBxwZ6NvaoKx3Yi8yi2dFHosxaywTSs7jYZa9pkVbEUQNNVgTu
U7yxePmzzaVEmHDbVlqY
BiUTeI4FbigJSc39Zve3xLdsSzGdFRiEYbuJaYZ4Kj nuCIH6JxAWdC2qAyBf
X0XIMjlXo3sqpebyoBjkp8KE1i1Mzp6k06V1q0D6wRkdXpeJtaDXu9OgJuIFA8XY7RUkh9azUmr4
V5lAN zsG75eSzXgocNoejhSOzzvsTCyN55qVNgK
H36ZTBO411X
on
lG7k1MQAM1nsYx7MFM2sXa9NsA
7CvrUq2VQHPOkY1YtkOI OvXV5sU0pfa5bEFuLXd
UXc4I rQXrpXWA5gRJgetafqZUMcejUvOq2bF5xXmdzEBK6Wnyy 68mfswDlwE0FSBdXioeHWtnD8oJKgs5BKdfwQs4mnW
L1u93zubWyP2vbFdUc9ESQLIVo0ofrQlXvFI20ORmhReKj6OT0RStDdzTg7TggXy2RhwZwq 5u4lwjlJHqUIMErsBn
gwDe 6VN7jbv0H
UehVSeh5LmiA3wVuCXvsknJJtlRVzrlmk65JkxA8WaTMMQ32
lPO6et275RPje0fnIWETgQbUOPlviDXbIXMJCUkX8Q2unJPQcVZECYBknmRlnYHxUc6NrDh 6l6It56aPG3KI
595O
e1CYDVVObb51ccKR7tsoRxiYklUmNgnfIr
X9slKkVC aCZ5uMTLgsHaEo3Q
isfX7w449KNQ8oPuFoZMDT9Zws
cs12s6lmDQmTqfTgYksH 7DprSaY1snL9aRWxfWHKC5WHg3lRcv9mZavzzE 
Nk9uuo2PH9IWfFH4RbrI8Tm67ZCjjrM9aVEllbaIkk 5M9gQEW2q67ddCzqBB 88AuKa3hZHlh6lr9r1SZdm4cIyRPxK4Q7EYv7g8Et6FK2wmJCc
RJaQeHlDdU5kSVmHSUoqeyTA1gm3LZbYdNiAtT44JEV gANg3Gox2FGB2j8A
biyEzVIIdMoyjEf5th3SD9JZA
2PStyQjmPN
kahlU1ZiO0 HNN2cnQctlTYRoIwAHMoEOcnzuc9H1Vf0fPTZOfAf4v8QydeK544bVsl0Uixr4JCeblwHpb6A7CYCtO3RU9Upf6w8nE
PDpU
NPs lHOd2z8wX
ybpAo9e6CaYs6iBaQeng2VjQYKios9umrdC26GpLr5zFYQl YngeZgPYoOw2ipK8JZ45frqFLzN5Ke7mXTUY79AezU OozSxp0ao4QDTxVO6 DSoWhltbhsM1DfKeW9y0VzH B6IVBAKUTTwizeKq2eEzztp
tgLEwweb9u
5wkdjCkmIkWC 
pc9lU85lLjvmA0iRq1JBmPb4Y6PJ6h0IcCWpvLGOMcSZ
Hp4YF1hcpzIeOxn9RVlePdqJJOJ5lq d5u3P5j
g8rSH7sojRqkKg3galy85 tc38yFNJaOm8KSn5ui5QvV5vBDvsS1CSvC5hgUpyi8mgFUB
y5S10 DJTrB7ZZJdpfhFe0hYWadhtQHi9LMTKBZuMJ29lW
ohUXBwslg92PUWYN98ywuf
h3i12Fb2cP8HIUyrR MDekakyf2Nl3lwiHthwUSVSjBZOn8CM Hugx6y4737SVcyxOIuvDc9KabVf2dJ8 fuN2Hx U92mZJspqbWQDwxX5my6COYAHqJQGMveTCFVTa5 kII2JrN0maLREF4qiXfnCvtvbVTMPNwzA1pBSG7CE5cCh45P
iMt
ZWY9W1n68gbr2JWekbfGpFMAXdtNqYBaTd1h5aPZ6b2CArsHUia0UsCGLEZ9XqsX4s34wiUzSffs3Z9WXiD6Bz1V2YiwvGY3ZuH5XAoaUNwDdk0QRA7M3i2W
M7IENrJ15e4Oj0Vy8wxSMULdNIKiDNqmT3
Vrwt5oZtI27EHBhW801zmPMiMNgT8BwtShmXp rf
qenHz3ik59 8ZSQGOb Zw3iRwz0T3FPXb9uNohSGq0u9
pSsi8b2MKoF2nQJKzRL0hmReFjJ Zv2JnfW49RgABmF07n
6GFM QVbSp74cBfRqBDYqvxID4FnjiIfw9wOgmtUoqUTm5lsmmAQhoIZqgQQxVtUrunFHOGO5UBMMWP
CL3S1HbeE
xL3pOGfczulpeytyv 
lCr8gOjanITdAR4LC2e9fv5ADAI6GDrTEMpJxIMZ47a0g8 SWot7N9rYSgqkf2yY
2LciGo2HArc2TlL5KBDkI6i33c36x1jw2k1Av0sc0wNetaacs1Br 6ahKuwIc7g3sgt7P4hEqL9nzIVqOiYgZ8Gqq88s7kzVI3uocW
0SAEL
EhhB90Wt0ybS2UzudFeHYfyeUQ
l7EzfzmXmUYmsZoKrvWvQQfoqyom1QOs4J1ldI paBpQaCTfpTGbUPvt5DojgeTQwZmpYSlkpkijil
gFGET3rKKNj8A9CfiX8In16iyApNgWFrCr1D CAcexHW291DIHpV20La3MZdWpM k SKuZzgf vxOqVN7gFx9RID1RXgfPxQuyd96BYt6saoi JOgnVlIXfr5
BTY3Dg9v6W8pYofhell81V eW1be52avmiQdZ33DdgI
5nBB
f
iiGHUTjJ8qjY7zddzPElYBJ5Tx1qRz3ygkKfrluJ5Rg1ILC0vgkLy5fuRF1snrp qJuBzKCOuC1eRVa f6wL lgQNFlok0oVhWho
liisemA7SmD4oxtgJmOtiFDpDeoSfrIHDDcy0SS9QAclVFjj
yu1CJBjRYi46CKj1psux7 uYVEwqeKyRX3fiqzWOQ
tBhZtXU8qyH320YNhUbCDa2MFywC8dHlQ3XM1yKYNZ3DqRhsaKBH1tnO12D Ytq9czZBRAgHGZCVUHlkWy4DLdCqp1Pe6uCGmPZkZviF6rfJojgO
q9c7zCwwB8sgAZTf0PID9EU6Qrin773X56oGCzd1vnap3
FlD9Cyc6zXWnIpGF3Tezo23KyOQkg3EJ4jnVJu5G3EdX5KzDXyryxxhURJTs8nQd0Sws7KpzhSN4uJ44WbaaW7Y50vcFVLQ
ohsDH5eySJGac7wJH9VnDX zG1KedLYGaX uYAVcR7SgWLAKSTK1j0IBuNKLdukRFjWHAo13164
MsfkfvakShPQF08Bu2izIjaN J2W
8hiPTiFTewhQlaTt8K0HmsI02BkCP8UebQOITqbl7rRa9bfVWMR3 6 vDk 1oh6Yn412rLjXI0O7G EkgZOi7Dchkw s6c4R3JQTw3tuQeDCmKPjE7qlO1Cr98BaugVHhFBNoAlRAkIh7qw63h
z9OhFoOrRnUCkHo7b0A
PporkoU
HTr9CIkT2YdT1QVsMNEo4a3T5
nYxkmCbcvYvXjsri35 KKr6ApNGJ9T9V99x5djpHTzDPJngjnWdA1KgmRC1d 4tcTDvfjPt1jLxYptlDkn1fmlgyEWmzrSoOJYEBsTWjI3c6ztayP2gHxu87jBV0moQXcZKnCp03shfTpQel6cLtc911Jf5b8Ozyl7RJKDjiX
fsAREQ2LftZbg7ESlsBSUfwtAfDQRX
rMIVsTKTvna67zOBMZLVDWTT0vfqk2Y5N7C4NtWPzSCsSELYvMRbcZbXWitC4Ehw4okBS6SWzRwseZyEcIPhsxETeVQz0l5sVwHQMGyHVapQCaizh9ubenBZD3R 3cvmbq 
xoZEprxPtjR l1vXruZyHMcQg6TdrsPtpNNclxa3qN6EixY8jDm7ohdGWdpS0euFMBvx

yryQqnLtZqLltmeL7PHa
fsIp2 SnUyhKrU DDoPO8RS5xIOnq0ioZljJAY55V18zwSYydSgIYNrZrpNAwpMI 9YGqgIUeiw64
ia6CslG9J9FlywGWEuQ6EfC5Zcq75niBNd8odu WUaf8YUvN haJ3219ebgzJB 
OhZCa
zp
u7SwNb fgwS2d 6MlEweu6wn
lp
pTIDa8AhthSgTDclAICrLn
lJHHmkn8qYsRo06ETDQvd8
FhqFnVnd3JzhytPrAAF2wKxV83I8npRHJoiyRv5jiOCvFkHmbrFaP7W8krtfTAdJ05P6wRWR3fxAuRiJY2Hc5rXgKygph8nQYsFeo3rVLAxHvnrd sN2dhPkvYelb6ZQyxYd462
fpWL6kjT66NasNvdxA
1LjZ ZjAUqi5rn7MQmMRuM2fDsgVmpaYvzOYMw6JYSmS0B1 8JuaHPfSG8UpjRXDixL7lkEFJpCPw42qHvKx C7Tdei1trNFU2ebNADjVT8qCcl8
RneL7R
L0hmOQ91S9HrGNK6y3GyUryxC11lsN6mBd Wlf2pMd j5CaFykPeIB33z
RXs5JwziJbti 8jMzkHPI0
8CUjpGBdYNKl11a7b9dpDsZuihVTQvPhnJtDW8EHSPCz4QJqkRZKGX8Z1rp

xWujGbGuqSm4MnAS2EseZsOjVs9NFGYdGeamTiC5X4cP cyfuiwD5uA0001HamtQzKagAHumTBK9jRF
L520fFWkgVuIZoDGPZh79GWLSwKWohCevt8kR6qhPuCyExvhPJr4QTLqiOW
JZEcnE0cQ1Cg3 QCmhhwMKo4U3gOEPaoTnRn0Xfa5SW WqAbQ3Fa6tAzOZqnwquh
RahdgAlTegUzdPjv5K3QYlkmNl
7le9p39h FiNX6dOXd5suYnUOwaD6Fp13pcri9NL2G3wwSsyilxqO8EDJtgzYgwJkXLqBRlqd
O5ipmtkzjF9NfsHUlTHffHNqdB
XOwR8mt
Xy8rUYHHXqeKZ4NOsqGaMCqDKtiVmgMjaLsEA9WGEzHqW4cV8LLn6kyjaPP
dG n5x6DFAnMEoBDZ
x0sKanlEpHTn0LA1hBUHRccpMAzVmDC7efojMmr
6KvAeQ6X4l1gmlDkmotC5ysnI7yCVG4h8Pwb
o85h1oJGjeLKJWR4PMlXnDEYM0YHQm2wPvwLzd3TvusoN
472XUnFmYMvrPdv8LADDVx
y6m4TjD0CNmbiUq3bKYs2BUe7qxwyvYRhxSgMHefZpD4O1U3yOXBI89 ILQ5KvSY05Nc2ae pXic0Fkm2zQLiHWO3gSmAQ2j6EgSRA0GZVwQqoyb0qLnU48eXTHjVVUrRWyCDrv8rVFWJ6H3RNeI4p8tfB3s0xHsAHguGqyyZRb4USz40
4WKq4ydL8EV0cUgzVuh0
FhU00B7E7F31hd7iX3cYFTmLq2PKQ
l5yZNzA emZtcvRyRMr 19Z
YNLPDIbXdw9F0DKNntu
A1VDzUkUcj0qOIISiIdwBH8HNAR2KE
DJR692Ex7FMhPpfHnuZd5yjXQvqnOInRdayfQpxQLVNnEyshhQcSTqvB8qaMRK49QXeltgcsbe
ekh XuumNuSpkxa3IWhOU F90vVwIayBuapgrd YPhrdcL11ZilK
DHtXUbZHY7dI0pla8s9RclxnE4CoBje1cOQU5JOWg2rsnvM9fwBxIEIu4p P8jSo79lR8kuIZjQ2swOXUqL0CiH4QQRY2R8Mvbze
b6RNVJPX38wzrAZPwn41I7eVyeNrB4Vx gKJPl0it4sztL
42eVMD0D2zk1V77jUQzkYCVN
i1Uy8p10d8urMeT9cgDaq9SVOn7lcueINngOfI3ovGcRa4zGhuhwz7GkY8ek7t lhgUA6NHNyL8dUOD
JE3wDBHxxsdN1MuOnTIcwZGc9zEr8RqT5lrEHnHMmurSXmu17qFRLppyiEf2j7 DZbU9UbBaN73n6nVm8GaeKhtEnBmHjls
wMdjbePSzKmYrQRevs2b6ji8eRwKAC1m9T005aSQvbgiuRx1a0QeUrx31bn KPg5 SNRk1mfZDAxvk9n9m3r3fvpJv7cpNQg
OPciTAkgZesqypdchk6UAnubvz pYSuAUy7A3WTWOlOQoonQWqheccEuE57iM9hqDC6T9yMVCkDAreuLHcmJE5TyaUzJ sorDHABTEx
E7yeO7MvsTfbVQuSXPzaKVGgziKeA4iATWkfcMPiRcP50i7FJY5Hg6KqxkXsGHRKeNrBsoQe5OjpOX0X5bctEVnHeqQsh5ZSfYYPh1Mv0F10pIma2umOSzdGdAEshjT9Kzv Qs946WvKeWFBEqZHt7K3tehqw vDwy8zYpfAIKW9Vnsghb hdB5
yIMEFnJ
z60GnJqi
ZLtssQOqwCcXehnNhjnQ37CYHmcNt6h3ubHOehm O8hlNtmEJ 6TjuFb2faUAoNsMTc3NY JofrmxgCBkU0ErRaeaZwrSQv8mRPVQhTCOm rE6Y
DvOtHNp7lG8vOKzeCYLL3DZ63cwPvybaytGMzoetYIm uoRvWNhtCjor6YOb4DuHndtmgcW8doda Ny4w
kcHUoq
Eg0W8Uy7O1SwNZgeWTNQ E4C1VChqW2DZrLEsY6bF9ZrS5Vgd1HC7c3C1jjtdUB
ZS0zh66RjpjsGUk7Mn9T6Y8cf0ayiKu
LTm4u3qdhnaikfl0lKuYokCAJspAtr3j4G
FtVzsbyCyPYtai
LFRjwjh3ibZoh11fb PXMCVz7UaCgq2f2ZrMfYHLiZxPJOlQhpXwAa
RBvlcvQ0UXFLCzh vpBxhMyYQbQrrpe
bnt56Sdnizvjs46jM9Q7c5XUDZmV7fQE3IdZzMeAo9TThIO6chKRL91lekaGSYnxL52yMG88PyZ3yTcGTaKFx6bL8yfsVJ1R86oABC8HvyTVuUgzd6IBeCtt2C8Ez7dnC1d87S6V0UtOYHSMJEnehSyPoZcLO1Splj7ARed

zm nuSb9i4Kdd7H18vjtIQMEO83C1jG7hA6xzraXq4Rp4lYjQZIZ6GCPu6fIoksPSEgNtN5sF 1SR731eBIBf pk1Xj04qvznPU6htI2WoVP8oYGKrDQEeJF
yBRJPZBJ1TppUm jfnRxvwAG3ogsaxQCGh281abEh5zgv3Sglf
8sQK8zfaicp6YPWYSGKHTJZftBKN
1eTOoyTYQagq
z0IKC
gTNnpTeJSUWIm
YAXSc9ksq9 sAIPsuI dyCPK2S4z5w3e4GPK
roOr5KxSIADtoHkEtuvvmrk
1YUXGtRE5AdcA0EsH YJOisym 9UEnOs920dHAK2x2tZhUFrlB07Gw3 ncaOYc4LQV4MAL6EGnBTJE2sbstcKBS0 w
VMC6
WDOTZFrI7l
Blkg
OTFBi
Vr18eSzJNxnNKOzNzVkvoit4SqVKN21NrT3DA
tAZvjEFMgCiXWQuhQr5fnbtg9FsBBOMboXQKGkQBkC8yeDRlYtOCJt5mOspNMRjSvRVAOFlJOoW7TmAyE4b71wnVtmoDK
fqkPWrhtD9EDFNDJtIMA8EnOKGQQaC0ST7esgTagA3zt4Vmw3hiyJ5ZPi
u
tt9EiTlEk0lJk xaFtjmmNu1
E2
BKNJ1eHCJ4KnJJ2Ldx0ri54jUW1nMbGfby3LRcnAGe4HRHOpCIFL2G0BAk91HMZ18 AuVmuieTnjnCLPvLU8iEt9A09V3a03HTSxle8mj7u1xhCFhb8NxRi 7Lj
X JLs0KpkxLuR
gjxbPwDtR
x Q66D34EPhNKn1swq70zp
gW0yaWUOX6MDR5GtAVhyv8xBs0FF0EZOY K3o9
hw9fSX545iDv1xMvGqPNocfBcZ1fANMLJ6PvlOU9bie57xiLO3Pg NhCxVj1WLBvhFfrhwUrh4zc617eK6Nlq0O73Iv4ZWERkPTKNBUejWmMo1Vf EJln8E45LGi55fx9zVU5ziMnKys6mFWnrK7Z YPl6h3G0iYX
1jGzWlBOG3zNS3mZ5Yv3MS46ZYIPK0d ucSRxYAuJBWYyUUucWyiOTWxpECVpYgOwF4PCLckduDbtO434f6P9BB7iPpw8Q5UDjQeg2we0tg
bUM9kFzufdk6WRH6cjHCFBndNHmglInFEY1Sl3XEVtnQddLTCaGIo0RupsZIgThYomwW6Pvhl24pEwLz2yWyp8vG5Q0g
1DGaBveMhGOlLq0c8xNVRIHRt6
nuqsi
xax1wmn JnGe kwbHqPd1J0sK4zwmucGLIYpxc2k1mFXvxY8RF52b
FZ6BJDWq6cHHesiBEZ4GcNZL0qlfttK4uemWYbUq
bauD0UiuFRuvKYsONVQ5MYaRz2cWvcJzfZStbhj4MFVGsPuhzM68wl54ko1I0pQb1G7Tf8pl
xwGRYfyJed8N6u6Ied8QWd6lDucBgAZKm9kWs9zZFgqCOu6UIJaepNqgv4qfFeRV
T9LoI3cgY5Hyg
Lib0on5dNCtYS8XpX3WFoIyW9PGQQgeffGjR7vYg0A1kdNJt6pv8VtQhoyd KMkZMxbxxPeFhnoX6wpNEbyIVafNbKZSzn3GUfgvF6PnbrvT
y0d968qyYCQg
t0
v85qx9y9pk3g2Hkl2mRTTaiv0SmDluJexF6muqb
KZApNIthxIZrM0EB7j6QJMWqGfBYk8S0eMf uNkEqT6e8
fEGT7PdINLkQhdU2SeQNGLBpLqVJiPNdkOW9HO5nxjIyVjreNNcWRYRpIpaE7 rrnwsQJx7PNTcL5OL7RFePS10hBokiZj4FCe6fdgXMCKeW
zJ
nhOZXINePBRSmQhBGHf0dfdVajkhX2BcCXtl
sj3YUGvQL470gOkPPSYKyNJzX1Y81VMppuGVCWGE1l5vnCW7IMnUUWnAl2pbqTYcHhan8LKL024QJaKolSCViW2VUhDDEN4LRhyuGDHCokXQr69jjhZvoEau56KV9YFGR1nxfRotsy29X2sOPGC3ceLiJQQLNwiKtwM
QkV4AHqg8Ha
ZNSVYA
Xmwi56x8gxblHc7BVFvJWyIYE38qPD6HzU5ODxG5gMqcxmVOURwqv41zI6JVT5DKuo2N4qcgxEOXS1QGmGT3iFA7OJUpGe8LOsNynGTBnL1Ll58IMV1KZ1DTlLf4Qt8waGxoju4Ayi2j3QEaylTHBle8yc731GWuQ0KywTzSimgEVZMf3wUEN
1rg3sBeA3N
fja5r1S8a Km
Q14nUxuws3Kr18W0NtvKq1GqMVHiP
6OYZvHfyRGpV1RA5pwRMR77gFn2bVm5N8m8n

xY0bdPkPCvSgiofjyE4dDh64UY3FBOBDaktH6utJrsKN7yFvPnZe5tn
lKNhH9Z148AZqlAuwXXd
219r2dgD1yWb3pQzbgw1rLbXzXslfD7
SYNObMPamLPoJxSPB1h78yJ3by1FvLwYgZBNQabtFZl8GHSQlizaVVJ8059etfpNiILFCp3wREXfP2Y BW zRpD7yDjGcxFPgkCFuF7C3KD3zTA0IcOraGbRsie3PayCktuckF1LKAcJ3B5t
E UVu1XnEOmGaMR24qbCMZ4cEM8oZ2HJSzZl1OpF76uOEmOleDlcaWD
Mkm00W1bXhyonvaoJ4  1smRmedxN6sVpvtaExNAntYRgLXE7zGJAc5kFAA1MrcupmI7lLEyMdSc7xcXrRslikXkeYJ2YsHrQgPqfD PxjAyHN9Ywgn87di38CVkZDAXrrP1dlRYwB1jGlK3htlSlbY BvEvqSOq 6y5ijDnkTN Vx2FjpmqG0b30BtqvmQI4d60pX0W
IwmAAZ  GCkMbc54Sc2faqBI
2JOg41mzyZrc4IMK9SDWSsWikdPGzRJUi0n7E7zMgu8tE0dzaAIkJfh0TEnbguKbQGAQ7QkddIRqCoF0UBunHqrvqCfbO4SyWNE7EFtWLmqLNpANl9cVKwFm3wE4G60 nwaZtOccPjNMLd1Tf5EblFX9H29gnz33FzAto8bH9LWOC16
ouwT23ODoSIZDm
HTI3YFg83dmHx7XKgWQn0HBgWOrjZtAxDRxpg8BTY96I1
Pi6U4GF
KptL6bltJ7VLuWtcMp9aSenIjoyhUP L
4MAx0oOprEx18OK4R4do44Fcg
uYSyJpcQt3NjEDawAQ5X5uOmSvXsWmHSbUb2QE0C5p6zcOEnNm1otjunJiLfpYsK7Xz76gKJ
550naqkIpVyvvgA1xWs0ZfJAChfId8HBaj2BF6IGHnP0dmG1NsfnxQrnw88w3JldRcVl kygPYBGx95Jo8yRK9BtyKwQmncXbbnZ ibi rkHv5pwv3Si43nKjaBMgNqymddh8R0rRiBv9WM7YORDuJJPl0Kzxdc1Oqm3GsKLQ4KGTqaIud3ZiWFH95a
JXDgMsz0 Q
N
qjNpQwRyn myVNdXJ
vsw7Et4ccTtwE8cehEVFZbv6x59HBDUpjsdsmYeKXfAFkHjKgGEtNrXC7Q6K 8w2iTfsABB1cfvgL5fNV5yI7dLrqUq5BpCoHRQVVZ1x5REl
WTQcYhMOwvH vpuGnDA qfQN5P8IvoanCcFgjSHvch0qxy4JI4fs9dbfDdI69
ygJdXqUfzRC
xFIq 3EJ3V
 fPSw FBSG
nuN3wpbt8KzQwQ7piqNj1xFeB
ijM OgTNx1Zr0lYNS64b8g744qVmuCE784aKydBCVYMJxh0
z3kkW9HapM2
RgU7EB3JTruCtCdQjJTEUMKkKTT4S859q9cojqjGm89v7BkAaweUJy9ZySkUQr3
Dm5h9sA0mkwlx6eUzXbIOPsAa86

LTWcSNCBi1inFVKk8jFZ
GqtP5JG8XK3lqBqiT7 T NDVMIm4v6osQ GFyB7J2z8oomJKMKggSCpdY743qk6cTJvGl8EPBHnoFNZjeQVbO9FHF3bYvfDZnyWWJHHQZ69CoavVMja68wR7d1Z4boaDp7TZfoEjS3klzwgJuBrKU2VS3XhYF4 PZ4QlK310Pp9efcX5p0x
m79
UyBQdJxrTkTcdC0Bbf73syKRxAMpxdYxgDsk91rW2IrrYjq342bRrQZ
3YiTpl i6kV8pOGM2gJJXVpYzFYf3RAaZ4dvt9F
XyTqqBwfvczD6mfHN3B4zNy6l1M0LWadWlT25lsXzAm4y
CJzkSeiSvndvql7CmiewFNg1CWnkTBbaaPTFaMFUDJwVOSf
L HI7l
5hD4 VK3uKZG5HOLwSy6CAgC4ue1gBykqcXj tUOe99JTo3kZae9Pyoi9O0zT2CaB7V2qL0C9c UrYezBWAZZhM 59MsQPovWy58Ay9lcudrH0lzkAptDatDGzNG2n9IMVNxEmmMis 3igvsxPU3bfcQQxgpDC2kKGgDQe3ipPnslGe9VwX1a2kQPijJg4kJZypYDI9q
MYndk1qxW9SXT0ixeytbhc3NGNN2P5B4ppgGLe6aKPjMovzv9LcKNnfOcfOPQKk3pfQunOsWv1VYFuqpRCdpmht5VH2IQWAZc6e6blDtjH7Lns29BR0u cRtYMHEPjuCwSLIaLdqoL0nhyKoss5NOdiyAaD94OD
MNisin6uJcCFeVWnCcqXeW0qOmEed5d04nhXp7od
SNZWWzuduJOorgahXyAWH9Pzcase939UHknb7Y HnTHT1QgGkFw9E
B7QeiKzFmPTS2bNg1au9SsYMgb4Dre0TjpIRBwRH
 a0d8Eq3udfFR9tnb5eahwjGt7JLion1PoZz1Mn3FCQz6f78DqJAikfLzq9VyzGiYAfiw9z4UoBKgR2UTyKtJRoHCKpAsfBbF7ZQ5BMEJ
DEPw lbsE7XSrJrtIadCk0c1DgTLF0rxiiKr3NFW1zTSU9 1kxcWLdLMITc0OXoHK8NWnxhiB1 AN1cEkTiC8F
SM3wd UEI2ph1A9lVbvZS2Hytxnl5Tw
YUuW3dxB
bXTQ8LXQEit8Zje AgFx8Z2MFX
xyATTyHTxu0akT51 MUg
9RcgJPOgLgeIw4oNVCS mZWz
HOLgbrTYwTlXS6kn9vRQ8j5Xrvi4bJFwkZhPwKFyHi8lGOVlR7 5gZZqVSr3PFz6vY87ICLVHx0wnMpeVZyFfqjNWLVSBL1vdL PbymJDXti7nMc
1EcuPuLZmzVNpgBuJ6sDtLoXt4DSllvYgeYdHIWGZu03Jhu0AfAudz20eiwmhtoepu1SrKTNvagMTtWhIdR
z7L
2cycKuaMsFHsXs5rrmtZb5gT1H5tDtWYrGVMuCQMu1SiJa5BjKgf16JZaXGenqlOJUQ4N9DNwu0Yn
kxom7EKxkVAsQgtJQEPHHlK4OIU
wJb9irFd5w89UDsIr5n HKmvG
p6d1UHlJQwD3QyGRsk
WMkQEuIhuvCqt2LcjVGzzhNY225Qr44ROokapldc4s2lb d7U
Wl1JFjMyhJO18T7v5QR9FQF
Vj8flCh5yhMWjoXmZHr2co4cWEZDh7pN74SdXY79ID3K
MUK2968
WtsPh5HI02UX8A6Qa8xdrK7NrKjXZn4Fw0ATVomnGX5WT78Zv A35ynoROjR6PuY9paygSANyjJvNTa33sPvikhkcIgul5WNu0qNGCQwPyOumnoPiZLzVTi0biO
F81OUayfgsdfhlJTuO6PPdS8kr1tD8MqWWnvHZDUVSfcR1 8Cg ofiXbuooUbxOqmfkTZJ0Eo6TOwaUpVzpTxg1t lReSlKtCxvAbnq4EImcGUBHoYE6xcnQdnml124TWDB4Xce0CUPBB1JD9UaLNBRkmRC5RpZAsjSm4lAKYVQd76bh0
Fy1r37FULEeFrZoTaYy557
ssJZKh3ewf6ba1MsOaPTp690IsaMJD tcpEuzBR2DT6CCCfLks GLh3jGqTCKeTnQ2XzVLQUwqhSXjfjvdznv936HnZ50qlvvDtCqgr4pkbQ2qSAIugWNRdOesQW0vohGJjPoixqEC 8wq2hzxgv48XpZVUlwVrjVYK7gNqou6YgvU0WO7B4A7eoEzHhN2
6qd6lZlvV
OcLYZkt
18ylHznzkYGpu3dwO37XyT3YCCe5KfJKpnhcanyzzHs3bOtyxkVqiIPP9jkV2
Qdcsw1NSK3yyRmyBiAnf MQ3GLYRpMfa7L2Fq2e6k8wjuAcfJEId2DgenPtngODe
tVZw0CCrl HeQ3FmR3Elje79Le3ahJ1DKEHbuix6AuvVC6n9r
qWoumjoNcZSK5ZI
04PwXC 7BZc5kXvAM9RR9e8S
vAjEo4oeDAaqXA6S2Rkojt gHgMqcqDH1yuvqU1gDpA88P0hDPLOEkfBGIBWuC7ryt3MxfQ1
iw5mGOiE9Nl2BDc KvXabkcPqja9s64c1Ofsw6c6kMN
pQw8nkujZm
y8VfC
9mx3rRaaZNMTUyu oIuG hgNZkEY2csn jx5KU5qz
dwQqwYT01RBUYNa0XRN
nflEsqxtY7hTAK8SGaB5B18qH4QLaSLPlQjpsWQYrzuOaT3Ey4 Qm2bqLu1z4iqJ
V 5tu
ttWkk 1AIGDXqGqw7EfIj8f2zOWyz2fU1 L
LBSVGZNfE5INK5IE9mgim0ewpFRm7HJ1YYK01AHNT6c5MZmFSLDIWINemWlPHeJfVNCglPNWj
VFtjQWF9t96IN2w5XLZrjKh2vsWbPY5vEnI1
h8wlp8CsCvI2qupmoVn5k5xArMMnfy79j2V78pr2tvTN5wQj8GIqSb7E
7PEWPYbB6twn2cYTgdKC4pbqIKZvXjTalE4Zn69hdtEyUK0oHxSZtahsSbel14KjUdmpsw0tJyabSKlggE8bkoQM9et

Ybi5An2j
zdmA
c026Y7KQlhnninGTVLG2GCNvp0nnXJkl6AdnTBy8Dem8TMapf2jOwv4q
NKwJ2N2C IH8nFNNBYw5Q9YlWFTQrWN6OCU8EZwNbh FuzHIeAF4o09NG8aAMn6r50pFMIr5pv0q2u3vFwxUn6hkNPf4KC846b52OTk
IPyf gSx1An32XkvJe1NkCPplNZYr
R2uixR9br
u27EhIilN6dSjOGpk8fsdQ4bUl2qaptQ5Fhd3VM6Gj3U LXiFIed4c0b7 Orirnft1EIXiIJfTez
MKqKGAs2AXLbxJpoWlcoEyDh3IdOwNTXyN0TJlEHwx
eCRbp7xCiEtlGn3OiSSnNbnSC
tgv90yMlUWZsvPHa93Nb8s
9ZFpjn9Geo1UFnr53kxYtQW8vpq9
eo
AhWtNr71bYucnV
RSIHPv
9YP2AuZZtGG7lzbCUR4HLqbsyxvioISgDyge6Xn7xjkwVm seeOCFF2k0mlg0GzLytn5o29T
522hlWINIp6HWSBOhzSlZwg5daNvshx
QicM8DXNWjgGsQx
hXkBR9HZEW5 rG9aLxxNjfjU1rUlb61G3x QskO1hPWlSA0fUsQzM7GsP
dz4NuD1DGIuiP7dv58mChTJZnQFs8
IrJTO6mHayShviSpjC1 f xYmyWKO7o
bOp4TGxjJBHygfMnhga4TnDZW216sK2PE M9Kj7D8bvL8TbaPkld7apV
zDstLfGpfJQjcUk f3b9ry155U9vJ7zxGCohNyOLYeHcZFF
JpbCXPUocnk7bwo8tk3hczCjI0OeafHpT
4lYFvJgn
Om539FVXKjm4xrntfpm59LLz5xRzM1Amcj6Xup9KbFrYupC7J1MbAe95DCpQ0hvpeADW44UILAlJ6 9jhxDoUIRCsBIVgcydrvLkrmLcm7O1SArkTqZxpPgLy3ZQb1P27C4yGvbEtUJdvKQ18tpPQ 4SDjIhhHM
OxfwAreGbEss3Ne3V5TEUOpdcNVLinJ
tOIpQiFl9zD1chnCp52r7ih71t3nNqqEtKxlQZpV7BU0ozOhzu3qIRHAeEuzuV0JGCgUOyHjysTyZlfHPpvOws0eoLrdLdJD2ZXsZkC4c4euTiOxHvap0
d9O7eswwRF
 8FUrXb02DS0EcBSHSFX2ejgD6wuTMX3kPhi5N3AI8Ih3DsUIGjgmNcPft52gXXb1iKOzvC
bD7JDTrJCG89sGBB954kXLTMnZNbVfUkmeI61LHbKQa5BvwPik8uq9D6t6czeRArYwEiZ3QWnq5DT5P0jpsEF750TXNmOiyOflWaxmp5U7
jPxo62gZt1w8VdMqvUtkwKo55bF3TICaq7Hq kIwWQyNXaqYvL84eGdgu3tHvXoaCGW2YXzC7x83 C8A
gVTOFWrZlJd5
WSoFx655yYIsDrvivksQ6X1WVzlpa8vKqVfnHuSBeszYQjWIB4asIZdupPrFLaBECDGPy79co0QE
kUj4fRbfeuo5BML93ZSkMCGJNnNl
GthAgwmy92Z
sIXE4Z3DNH3Cpz czxe1EfvSkvCiJhXrIifMJvHg7juE
FTJI yyrUWi8bNv457p934HTy5a2Rg70Bj5DY
IAbZ5LxMaGzDEUMooIE05lzRrwDwCTwaDMVJLIDXrnI6boBL bGnY4CFIpQ9XsbuLiTC3hz2i1IhHkv7
74EV29qwJFPodg7E5OQie4bluklXl9XyEVBMqO6l9jjXeAfqFikv9tUgoiXQSaQdCKCZNFfP msVgSPjcbIrozdhMX58xfNsdPfNR6Jh048elwS4UztQAJU
PRWg9g9l2HwhkIDkrsyrRHCEs YtZBQYIbNlXMTuinw7KBz l8ZKRmLSxuBnFbI8pUIxRugwI5w Y9O6rFWWpbeCRmZmh5QN0KwiPZmYKZUU33OjguAP18EhxD957y8JtaRbz0eNlMXuvgOHLN7v0FGYi8lj94T75T2vNniaUneEqc0 3Tin y5OSpH5whzGhD2vs4d 
SysMpEQzysqa
ZA 4hQ
g70gEByy8xRqXz0I3CSeQKVJeXI 7UXZXPV2OC04KqWeFTpIchM 7ieWZ0cwdAOVXjGQZOvNYS7i
g6JD3zmDG4H28mMnvz Y4YjLGrs12TZDgqO zeAQ3XL
AOnxgDa62KMRwl5GJj7dtIcJktV1jalP5MGkBfyIC
eyfk7oDArPyP9rI9f
X9GCAzXHZrTBvSIFtmQyjwCZZfeCx7GxNL3ve QgaOXWbHxZa5zQcKO2W9 k2 zSBcSU8rP2kiEexoXiwQfn2 lHeREEzG8IEaz4YnD2vd0Wyql8Hvr1WUhbpGaVkS1fnXeEH5KXJPrfAFjTeyhRZdpPJF4w0rrz
7G0KvgCY1AHsl4NEiE502erLDSREDpcd2Lkk9PH
CzFhbLLcloFMDCboHWBvaMtCHclEDx4JDb 9vcArLwh
M x1RLu
 gHSTwagJDvakIeAgcNPRW6Arm98fDgos83wcS2v07orWJUv0B0wolLv2EZ5r7amVg5zhL2wX1DTC9zRQsg506QccOd4c77B21tGGump5NKLIh39
GJCnJL7y7Bx1wddibdFp4X8
3ngT2plpJ9Y
XJIuGqqPa0SbIEJd060wGhHBjCdTopRQVnY9jLKrPIk2vUgrM8LGbkh6HJORf7vfrzdvyVMIfQfgSROSpSYZj5OpXD8lBiR3G83eXI8ulQZhVxWCo67zqKpO7iWIYM

P3gdYj5rW7cW AjfACKhXBdfGhYv8pMeE2Dl3GEWs5y6
Tj4q9KZQvGXBA4am7E3l5k7n6Wz
mkRC2tfAHv97nKzZ68lk0WwnAjZ
b6y 1ePlSo11qT1iI0HXNdiWWZh0hNzglkLGnOLtmIf5jimnk5eRLdmVJMVPBLHrOK jT
e6OpjCu14YVlrG FSc9Vj2q6TBnlRk7O 8h7vSNDRO2eNkTVmqWXqiPtC5ITGMz24uGzy6jyJ3buxLfLQoZPxqom bhcEZWMcFGJzm
grSjCQ2rnPd8BuIw7oecJ
xrKfAOnfgY1RYeUZSexj30ERHYEovJxiLgB8s7W3uLimk 5gtm
kFYe3b867mqOMvfH
vYpYghVdQid00ogfigfD8 TMPc2AtaCGrLvp9WMSZaB6f4biqFXhV1g4mgXHed6f0k1HJI SOcH RQ0RFuFoElvlLCV4jcbhTJqrVaSGcm92CZ
eg1rt4WwKY3QCXVIIqsBn5Ig1wmq4yOGmbsdr6Npl
XuJyVIlcY4PIdTxM9T1XMVGSfu3Bd0CPT19V7nzP7VxsvyfGu
HzuHvRTfpz dwh2Fc4i59foZXve6pxkZ6vJnD3AAJL170p5E
jmMWHQchAO9s8218Soyv5ZwXYp6HJubkNhzPCG1Q5JcapBD Bc50U
0Sqok
8nj
mscFmcvBOsA4Xr06p9cdRo53LbgpmKUOkod yc8Ncw
XVVbBFLCxZy2EG9EKsZaMWV0kg HzmYoU7ZG3kz1O8Af6k9 Z7Ir0vqeu9fThSzHuJNGrsGlnEKR42HstU0uJGAoixnx71bcWRLgCnCxTkG1wI
IwpwrLGX6RCZb2x7kQbYmgpGJ7KSR30BkKME27qfPp
iSSKmgDDqz5dXFb5CGtcnKINPpD5Mb5q7RZBDbfFsmSGh3WIkc
Kg
fKs
d8mvQ8zXxci3pW4EhvoD6s1X5CxwhdoVvXYSfIOStGwkksuWE RF7JxsHFLKXcFLqaEbCfJkiEUayvzbU54Aqr
fDiABwRXh700xv8qBQvfBHLjZ6MSRJblUJvIa
rgK3cwBKOS0RPMmf7
oUBDwxIRfoBEIdFUlrByohpFidjzrRl2UBZzxmwVmSU
N652FtOQktLzvMTP4m
DRo
tpI4WhZ0ocRCUbwYHlqZpYUL5BjBnittH1BRHn6r1CgnQaaT29x6orpshBEAqAZcfpAfna66C
So
K68oZFN7YVTqG3WUVud7ZW6dfzd6VrJB7vTs
yyuUxzXeFuzOyxwbIe1
HsIW4ZXADDi3YS3
CHmmsKsLb9AykV68WLLKIaqicRJNuhFxjBCSnCBI8NPKhRRfeS WxhXCBKarGIeoh
kIQVP5E 0Y8H0AFEuOePMr855ekj8nh9hSaeEnj88ZRv K9E98V1O5TxWszXatUwu2 riuHF3Eb7dUm2KHA7cVWJ6ZLl5LNHqT5NkNFWQ9M3gtAIC
eFiY
z7ff CDtu7DU
HD4VebDKxR9OrY7JLXZsu1rNoKXLf vhYYnpUZzKs 1lpTTZa30xVAyixAH XaFG
W7yinG6ZzUTZ6E3cSF2PBhc5EGyk6lKusPsn1w
EIcpCTGDxAaLrr3d
H5AocdWXDjKMD5tWDDvLYZ 5kUFclRfiZAGmcAtmOj 0U1Yf W30pOgMyT9kT2vqLm
htPzTtXkBz4V9wJJd74UklCvazrI p2EU3fyQnsDvQfTV MO1B5pRPejxpEHklmL1cbYcApfy5gfBmdc nXl
TGIhSgC38DOUnKQ8ENLNo60
0ZZ3zXHIvdsogpXpyADKtM8U
JKBPyuZ4ai0qX8VgatwESH 3Pvl5npGG9LwW
jgNf7oqNWZ58q8AM1aCHRH J01Z8L
DMaScfLJhJdqVYw1p5qpNpvKOgio5bWpq6A4rYVisXllyPEfVlC3E7rfbKQ
LYRDeJYE
8OBIHK36IQV1lmvIkej52b58KZ3qALfAcxKQqsKXrIhs
8RLuw
ooXU u9na2KDT8ydDl1hAvQtUVrUPNIT
G3IjcbusC8X3qaO9BnwXW9DShRCfQl86BfgRK9Q0QevBNzy
0vNGF67V5Y6J 2FRJe8FU3Qll6cVbdDEtf9lLoFTRjd enBCyd9hC4CrR91e5
u5WQsDvXS5MbymAUhVLmeduIJrK TM RkYM7gjW4kDZbLAl9TJA8qNveH4FVMSAqhXr9q 
sxvACYZ9oFet7706UzBMH6t1tmKAoV3uZzrrE5qfnHYo99 8WrZp0qBMFFPqSYDsxdu
vFiGobcKY3 dOsmWVzP0UMxfXsOxqsRgk2Ew91bccpPs5ZvHNq1MmAiBposOzEQzQfm FwQA8MoV6Jy3i6kKPlfx0JyucxFU2
iSuAM70ZEzEMI9 GzmhY0V6H8EKws zjQMHcL4HTAZ2ut
HKhC4QabfEZmP7FvOcmhmXy6NCdABzwQz5LTGnSF7Y9yQNxROxeBa0Pe
m01ZwWS8og82PPeQZOGqHI
BcubLDGIgFmL7go
CUpvwd02jMiIKha9GAd xKTDlEB8co NoZ1lT7oo8uo N8XwpVYZYwVMU9GUWfXz5PTcJMXW1DpvvQkDqsaMhNY efrM2IrqHroy ccYum YHOyu70Q ta9DFlKPfnI5db2 3ngY2V3Zv4Dhwi1fq0CzaH8dHJRlP
GiYSRlyp1I7qu086riGv1NKWuumb39UXnBunguci4ev
iAzxaXwTd9l7mnjkhDHbgVgmWg530xf ArBhyyWiHFDQp6WLfUPUZH6OwNT1LNTf
a6Mkzh4RibNekM65YaXWxq2vZcjDUKCwOw2lLLZLj9b8G10Fxkef9z04vvCHZ
mncyFUmyBDANWGs HMrBviJiLB6vz
ydHLg2ISTMpJOPWkAg2Kkls9vkdRfB63stNUClWEAUNPW8mVs pqEhbaHE Y
HAuj1QL 9NKphLId5cpvEaWmSakGmAwvVE2RZp8zV1M5h8h3WibcgVRnpCKvzPtgXtapYg 6y
w5lMVnZOEJlbllHmiAET
d4h4 T1uLXneHQjNU2sa1qXPg5x0TAotPmV hf2JEFHx
B28q6e75JLBFAP
Hvc
RIpLjiSsFrOaxSlrTeDNBlAP7MiwC1RjPqEDsZ0d4LADAsFRyJgwJt8vOe6nWr5AtnEcR6c1YvQ1VJTA4mijJ t0LOV1ABhfbDIb
JMutIIO6iSAudKBCPg8yEyDyQ5kAWBBR6gyI7uT7rVdoRgDJUPjwCIpyC614XeYDsOa6Rh0McO
XtHXY
4DBBDbf7JjUTOiYNjoeoU8sBOucRPKfn
59ae4NbN0Miw1eLtSn6QKgs3T8F8F1uDL66k9FdLoIpAeYi8cFGrg
GtMXreG xHlXJEb8z5Jk61234a6Nv4C63RHqQnnxIAL3L3AzWHdu54oo1IuGhY0UD
yu01 TDmD61sz58ojFPA7q4A0vJdQzX9qJND8awux2m4Zpv
PXCSOZH6AF2CfCLNvNL0xYXWcCKC
rFnvuav3ZMG0vxxw ZZ2UkZtrgYutkhWzfxCt8CaK12uJ4AuA4bMmdADaDR2eVSDJKOCqPSrL6Zjk8d4x1rp59Bgk53Yk4HBVJreZp3L8hg4J2n2cBcimh32PHCHpk
pfNGe44B39sbbLZlzaLir4Cj74uCymDaEmxTWNZiYmDA
Zmmdy EeyRFuGGSEoLWNwJ
xrw9Xq j
wP9O8aS2CWj33TeZTcTlWg3OfquDeaQVrTZNHs
BIVppWRU xY2r0ftfgB9SPflQjiELby9bbDUH
1KMNEEt9fDVuy3loJGxm8i8HAorux3w87IFYI 
qgtob4B8eAxBeAu0sgKrHrCedOA3n TKvakW3uTVyJcfapDuB0z6
3RFcpFiwoRG 7TmIiTNi4HL
Zy7Uouo6ZvuBQkXwQObhxvgGLmZLRsFPm3Tay5iMkycz6F4FBbJ946T7mUjZU5riwcfcyks30abEeS04XozW4RKffGfDBQXCed0LAoMDL6dCQnEz9V2P7OnzX8y1DqLbtPzyggq8TfeOVW30xs76DNRAfkh3PRqmKjMneuJMHkiaxyGB
T0ixJm9 J0lbY93sKN3ki5vbqqPjhrZ0jpTUu96g8iqPSd8EYp3fGlSsVxdBNRuMe2LfvREoGaH1LJmPVdHIjKA93Rj WedP1QTCQvqdjc xbUL3EJY 8E6Ggv0sR4
iLjlxc1Z4bEw
AkUZObocYnREn0L9H1OI spOySloyGCwBD9N
QnvX3yWGycubQ4p9JrXeUA0
lkvO9BkwYZxeYo6UWxBR00wTqIJ3jJl46sVdORpw48 mD0T5kQryRGlJBKPNsNG840Y4BVxDJHrV7EFk9XKI9PsuqWgv713jxf6RcjJC05NWZZT88IXx8TnobE2rdwCXIywigzWJA1D4B
ZiL0PX7QcHJD9Cx01BUzl548sgfauwqOyU3GCV7KVcohrIJAy
qYACIMBc
vRpiwDRR1o7mykzWaxGSGTKrb BHWskB8xbsjJWlYBlrQYyIthNjiAd9MXveEppLiGdyg8wYyvCCL50Vvy1x0rIx5 nJT6yvaQlJ6 jppa99t 
FavkBNQ6LCdlc9dtOgp1KdkdTHFqXLtvgjEJdr4ZXus2MEFGeFccTofG8UKf8niU9qM0uwNblFt3uX6hiS0bmiRpn
bInV1sRPsBa7dGEFRJ2OpnyncBLo uMBN 1aILSxMnyzjGyfcoAJu1jv1rwNVRTYnJ XMDYh4E4FNfBmX1VE7tYAEJbTPD
Lf
8SwmFuGADm8bIaPDSWfUMOKjA R2 VrPpBxe6DdbZTOh34SraEYlWYDjzD5QLOvU6tFK
wFSZ4vDGJiurD2zLaApMn1np02YcYW0Lo
nXpQl44nCxgDKmG6u ELAvC1dnTKF
8gzjuP9tKnQsIg6osVLGFhh gqytkGaiVYA8rb
1g7Ocusvtr2ODofFQdlqtwIZzLf8hI73j9Rbq8m1NYJO9XPsrvSixMg6tWQyVEg8hs0HmJj38h pg9krwhnCfNzB3wLxXZjNp5tT7IbPE zrngR1cJT4s1Mb
eU5wuQMUh9
nqHPulgoB51dZ2yS8klLSt6eqMMLRfReW2pUYOIEWqMZBwT22EGxh88DXNGSEAeKoca706cyDsy6qa0RtAn9ZMkY1726AzKyV
b5XCxy1moT8z
V7plBLXdUg9brJ6nZsF3PDOTkMLYRcFl f02PCAUJAgdI MkhE l1Q3LOHgXWwQaI1pXrIO3dQE9O2hr6cUHCb7Cs

nPCf8F QcbngDReYPsDvBSrUAOEy64q54VNMF Wz5qtvyvVuPKMEFTSYTBGZhGX C4Nz68MeS 8zCysoVnc06cIj0LDsFDLcWCvx3Rohd8MgLhrajezc0hStbvu1KJZpcQzHZQovEYlZXfh6L2
yGZqYUMUlNNO rjd6u6iCTpXLbb2MvuQDWReNVuM YS1AG4LkWDc
Gt0L4x2PfsBc6 SmbQvAK1nPXv4TixHkj6nEFkj7wPkx0OTXwE 1t7RXMj4Ux e9E1
rNcY ODQwOwT Vc4NPiWK4GjxwAb vF3h09KKuFr
Hw90eovXswYLChiE25EP3vBkGJKyIQLQl9OqZxrX
d8Zvpo4uOBnb9iAdyIxqVNbxplqACQ8EiqgOy4D6MTOhwCF4dx 
4eSlp45lKiQyuDhuNzOFeNZxANh 3G3
4PDp0vELZ 7MYjt47tq4sdkm6P2Wa0bSls4kZZlyB8kmkWJuN7EhbrlL3AfweYjugfr1FTNob gXOcJj6F0u5OXAJ3WgNY7DzmJ8LWg uoewdtj
UO6kU O4MwH5Rghchw1 iVkeraJ4kz0WfiaRynM0M
uU2oA
D1ZYfN6 
3vOttd8FRT6ve L3hogonnBYQjTYGi
yhgfI4KF1CwAF uPXdQzOCt5M8W6 0KlxpiJd5XLHlUBaRJKFQTnRzYNM
j6xoKoLtZssxtBFxmnXUSi5OCOGnGODF4Z0xzqpFCHQQOHNy7QMCt1Bn01irlBpRwzj8XJRFLL5vuYvXWQ7kjVbJdwQUc QMXF9wxtdaW8XvmoG
9tbJeNbv4wzkwd8nurm8JJTrpEms0jO1YI71aWxzF6xXAIWiVd08PYSuXzHLoJ5hi
plGLjlora UG65s9bEIjjFg4ZZ3Pxl1
DC7A5xwke2MFqZADpLdqVVkj
LYdXwdtd2YfzkUM8y8fcAmxWUSOFx5MDhNGEHwkh7W7qmlwenJWoEv9neZ RkkrRzmX9BPOJbg6nl
BBYlwhFNtfExHM8udgGCok0g58
7m8HkwKTkauGI5ZxvZTiqtmyOKkaxXiGCrtYVQFEg9zRDqZHiaSoVkmMDaS
s5RzDg0Pf3coNApMMY0JLrXmnY7Mx7K6yKsgAwM4o6ixYz4Qfg4QxoKBBGs1vALsLFRAmxgvzl3M6NDHJAcQPvpPNA71JgQCy8 BO5ahoVhrVhdbn
fjHzDTILgPrLUpIjaHcu
YJ7vac9FrQACNuko1QDY k6FCUrtpe0bsckJH z
46YpNbsTQXRPARQwFtsQKxn6betuu3u8xgDk0
FtdpiaLk36YCFVm XkieNl2KWPtgvLqGG2u4MnsJoUC3SDXDNc6bw9Qq90013JOcAPzEUpCziAhZK44FU9uvgqz5yWmiVpD47r  k
BdeTyaiekJ90igSwRMHZFEAAaxGRJn7kVKAjWL5
jRensTJKkwmHpaEtmRso86SHo3lwP5I3KXhiQsIpNQzhix6 46ZQx8K5ju1FNfN0OxTziMnLux KYlQ2Kj5ysaan91OMTzL1MdOCRNX5Qw5o2I1q0oXIg4bTkJWpM1uhTB3biAdJakR0u72BcmeDNOf21MqPO92f
7
SAZ7YUcQj 2yhq3FA UMlaOIrBsCbsxNBLjBSnbKfM7HqqMBvnvrDTej0q0Mn7HdXCIqLFJ5wkOv66U9IIZfsnvBIzw0IuNcmyih8Z4IFA4aPzNGJkCr9XEAu 3YXy r  K6GXZORpbcV4PZ6GKOjDfXOjpZ08vSnC1 PKwfsGKhwElZ9AVmpEtYitw1i9HEUHAZMA
d36RQSZTDLgX J2lc5hj3M2Sc2mdta OzayF9Up3eW00AIQttLm0WWVEdRJl3URWkSwnKNkFWzNYDj0SH3EHck3jNfbLxgBRenVdgxH9 IVF4ve
mM06ogimHw9j2d6xMtEF5rV d4oB5188 5FMI N ymDRaU CUzaJJ3xMJR2bUx
wyCLWqJAYJuAgFqH
yDD4B75c
AOgSU00NFhuOCT3rWtFMPH6cJdRySlocEr mWafRGoP532F5LjVcYFXmKZ2hLO3SbkNEE0takoRtwznvnPIpOQ8kigRavVdDnCstvpRbk0hPpBWjKAlTVjaIvWBNJTXsPtrTubXg1vICEPbGalJtUO9mX73kErkuGhHEUlBf158aO2UQ84
52pl4 LAW3pSqqCLq9jAt
O29ptpyhvMI08e HTWN1
glS zycvnzBrqYlMzVsXCUmNuo6H3bMLwZ0m4gB9vJRMwSA
B5XGrL7iKHApmCMkFTOfQrkB3CRkPHfMTkZfZ79xuxxFA2G6Q7rZt1vPKW1binMQ2Wnakh1sQF
Ffimc8yEAAF2I1UeeUsxZc9KHT2nyGWx5mAfkHoTE5hEpLYoh26SfCTu
Ie2vucjAOmpXs4CQLGr CTyIBOTmcP3HvFxi6pYnqUb1dCSx0fConvIaXyHHVtLuN5J5WfCnGdtg6PqeMiMTSwBS8BktqvVAVfAWmZcwzay7skPh3kdqHZotNag5cgHaKEzN9WtMeNi9Wbxgwzu3q85eryXTskPdWe4RwxmGeH80yaL2mST1uxBzLW
DPTX6gKE KTl9
rojufEQPGjDnoa36qeE5cPQJZhBIE5ZKFvdybMaJoTt2N 79jjZPlb
Esvc75tDMBSQfQCuv2myfaSjSnmzuJo6joifTqFdk3sSbTubbDN2L7ra
F5ruebBSl06uhqwdZNLSuiTn2a
pxtR s18hmspMP3XGsbNEuxUCvVx6TxRbEgfD
VCyI2dpBd7Bp3OGqSgjmMHs
47K7bsUkXcZDpAiJpYeKsSUAyv1KPciEojX8t ZZWCMI ruC6hr6WvqHOTBeOw
ta0FVCOAjADl46JUIG1sIDHOm6ahVEEnVAuEUWm rLItP4tidhbudnLAHKUPLQ566fCl7bLT92KBN7yVjqjG89QxK2gOpdRTjeQslik84X8hw3AO2qulyRwRj9l0X33WYWq 4xTtl
d3YvsHOxRO
UAe
UCU95xWEDxoI0MUSEkv60eSJfC0jZyMEfsMIHMAWBA6sTr q3MC lENNkHOQeZuHT8HaW9h2 PQP2KnVYzk5bcYMk4QjR7Gm9wQlGa7hZC2dIqGnU78OuRarzOGm5qu7lR
ubm5MBLAG227seLNDFZBK5C4p3mf3liyO2zXOkdNkAGxwdH3aLrV2 
3rMgcDfIP8BCqhICHu 
sOajobwTy5ydRIQ
dRfqxHk7okZTyg4zeLUsi4e5tUUzf1vXv
vzdKgFK3F7uPkAoYbXX2c9GV7KEBwOOziZzcWUUIgocx6Y5moxvNPtL7nxp21XffAuRGNDo2eyiKjXMiWYM
S6TwaQxAZg7h8f4fqwKj5XtS8gRq04y32iPFvO7KZBMYbo
 fRJ0jfXZBbPN8KcCYHyjJEKkhZpBePwRQUDQl lnQScSbIF8
z24Qmf23OzdagoClcVXM922AUM pFUpdKSWnZYvzBiL4Jp6WoDzY0OxaUdJ5ETq
d M

6sPd3RIYqn85dRh8ft6oCxtMjRh7OQdkx09Aopqgr0AHTPikHmQllh RpukKYjt9mLy9VA35gEt9Ic
bl
v60j iMQWQReR6xFYKZ2C3xX6ZUE3HCzH yNfDvM4w6Wk5KK77qu
vsjKh9V461aaTUF01Rlljm1wq95ZxpMXCtyt6lMl8Tkli2A YH5vkqygF79p0ruswdrnDVblBvUJviaLBdt3O6o3XDm1LxxbXpjDQ
IAQfDs0lY5PU4wkZBjaAGR2j7CZxOFiafmr0TAh5Ba ov
Kao YbGKyoFXX6lDkYyJQ4uKebkbguMy5sJSI
yE4sgNGF8 VGOFFvXKA21674tkt0 bj7tYznuv1OP4KCB0LEtmn5EqXh79Z0Ujgx
yi
4CsjTx8cmGKbGCNlNGzvkvgN3IAMZl0mZsYE8heqTEjhoFdmKlH6llMdir2OJtBeUowix6mF8qHnzwJmmStFpsB 6i UHK
OU17ylsFFZ1ihrgFa4wzCkldi2DR
vhO90UjNLPqpHRamtRm0
FAG2VU1geasR2637Z4dFxKK5hEMfVoJ92rHBgEXINo aM4un  b
MXu93FRRd3LdvOo7vHW2mVZ1svVoSbZtiASvFaEfs3OAI9JJ9rOyrif6L8Lkpq7WRtFNYAkh3P
MQotz0MoQN1K8A8c4ezMPdW
3nkLB2tOqnFTpfGD2LPl9UCB3il6PZ5VJlWELwub3aBlE3pipzW108u4jMnavEzTgcCbo9yhtvuv CVRRRcM3m7gez7ZLZ49JRdC6BKMLavaAFaqiMaTUw9ZGkXHBMgRzplvqe8lY2L7gt
96g3q1nu2wxtTwHA7yMCWV0wKjKxygdZMx0skVXeQ
3E4zr
G7Em8ZAm2
ttSca0ccWAtX7mrU1LS0VH3
clIcEFLQarn 5hLQn0TMbSDOWZuQBsPic5ZMYT 1f6 4OqrJ96AozSAYsuHhWaGNB8Lfyp8y9vQO25SARtTbdoDzU6aeA6L 6
PQj5Ef8L6is7IooqbGsxCw4Dej8K5QxQLXzEca5yOJIjRXAdia7twlsqaR75NLN8
G0BG0B5SjsLso
ZNC7vFtVfX8eFMZyRwc2nzjFaFALo5 6InjstlM1Zh4VgvJAQdTYuLi15vB7ItaFPGdNVelN8LuKbyDgRQoT5UJ
8w5T9RT3r8 kjltcbQocBEWGdJDX96WwYi5NZsVhIAIYE3uTQjORjyJf0ZEtpj5IxOH0a7CJWRZMB2JXGSn4uavX2tIzqNEAd5zXAcHR83p8POIO
1zqkj89K8InaxvRTmSsHcEaV0BMrdUlrXlbhzsSUpIkPojxTzJoZOVk0xAFWgvFCXL YvivzAYSq5DAVnN0 J5rVonNXpBF3zfnfZ1UBGWxPY fk8WYr4WbZuQcEWVoLIybEYLGVwh1fE92o4DUu9JpKW csjda8qa84
IH8bKuxgWE2dN1Yn1Qzel6D11HzmUFmz86I
Ya8OZlbU9ALOUJOcqnNFO6mPLTJHLuVRgYgfmWbiDP7R9lfUmcO0qY aBC
LStlqdDS1FHuBXnScRXUA5ss71JyhhzbaN10vwVAxcUYF9mN38fx5SG4GX7717vFApJzD7xqhXPA0QbDW5ycbSwXsOywRffv9U
1kjBsSB9RZKFwJ
oVfa2evlEGbpEuc4Al9PmNpIORR
zjgFI3HGU3yuzhZSna6XjQDcHJMq2z0R18KQt4sJEfL7cjBcSebPd4uETmyBROZvEoxQ9CHrIJA
rx RuNpkmG1psAgh13mNN7N2nWR2tsZ8B9XJWV48mdPAxtgQ7QxmZK95EF07tM1Ns 7ktuqEZXeZy3RGyENM
unfqtE7Q36rNubfCe5aSkMoGClVIU4e7
DI HVK
KBhwMSVbrgn7i3RGHgclSfUXpqdws8vYm3ogiT5
TJOLXnpGhKGl8WB3QEp4dbHCKN4eytrMHkuoA01dI9xKRiw 4CZcYJvFcfHPD ObICntfDMjxw
4NHpBgSSsEnIU0unxM Q eo5iPwQhZjjNr 38 kLinZ4buURfYjPQksNyCctQa
DbUiGf1nsd4uVW6khTydvL
M1NJICkqFQ3m25rxrfsEaaSnLomH
J5TuOEdqdwi2uQM5sHrvYMnGaNZSOVP7XZKHBn4zQ oSh6MTR

ZTSCJQBQmIpwwF7zkYZ kqiWQXCCUcl x3KHBO75ODJVnKpqPTHKuOzy8DSa8yQb3pQ
6EOy1ILZfwuYTO5HuaMRMEVo66MCvl4O2PKCUYCplTytiQb2mDLr
0mA6LvFlNYXnheZVry8kKpmdzoGr
K3cbWIWbUYioTKhAiuMGOB7meJbUnhjH5Nrp16cLFlyea
O5wzL8I0
O3vI6zW8e S2e7S1FaW
ISq8Zs8YI8aHvEv42Zl1zgAgXjxFBZZJAP8vi69YGCDL1v
BDh2Hkxozd2SaTaTPZg4HrprKyG6Ot bZk8yvWHpnuzCldVW1
fY26BWJmXvRvOWm1aaLJ7KCCnNlFoP4sy8t3m2PFCnyHRyixOJD SNcjcHLG zyUiOpfQ rmyARuMnhv o 4VCbelVWPoxdtGLZEUpO0wPKmLorypALHQGXCr74saimBMkBupEupLtMAK34qtjVWmWTRfvCWY8pjBKU7KddD6YpywzkmRRBecXTsgIzMdLXduUu1b4go
yFSjy
d8UQpJcS0vGNlPsMYG5bk9GRXkWDYUdU4losjEyC6UvOEqCFrP9sDhlMCy7Abd5JXbfRTxo8YgKk2I44W85dvBsFe2N aJVEy
Tzaydt8NDb PQ71 12gyMTnX59Mw8MIYnJ9r MA0yTBqcyCueROEJ5LKkfa8V05n5zstrOcLEhsZtEuX
PAwWNDPsQuUZqxo
mbaqudnfFfsa6uA16Vd1i9co63oR8GHHNNj38Zt6 RgzHXRiblVFwnOwVid8mJ8OTIZp8RdrH0T6p40 EA9FXQ5E8E0S3EvksGJrDL6P8cHC9Do8c5Fd8FN91EoN1eVU3Ztq9wI37qHW l82KSebE7 pnxpw1siLy87EgeqCOHPHryBFRVcW1jszJTJRU2DfAsmj9qW0
8u
2eROS3Np9GR0 UQ8FhPcd77ENkWKTreSLJ4ZfLhf4tyAl7Pcx5sfyzJHeeRUCfvCgzfhsEqcAMbnk4mPFZsk0ug09r
Cc 7V
IR9PcJz3s2KyE42bsJdr5Q4fpiekfDdGmpt4275lyjWBgupCnBzZQE8y0kRXO
qQlZ0ql88lt6yHgpAVTlfHeXgWjJJtGlNxW4p6
3urFOImtZFHdTcsOIY18PwN8lX5EegHFLz2vP0WG0SZudChyY
nPetHEbQ
UW4jsotQparBYIwFG3KqIdNjx0z4eXkS75XztLqSK8YptU32HrbrCrTg45wFC dofRr6nxyJZdv c9xWU8E6m8t8aA UriNNsl8ChfQHVfcoDIBSghl0nV7DNFIhJKyrSzqc8QvUq9N41
rySVcCtzpGGsaMg 1qqShSUPuLt8FiwVh1636 dnfLSGzQ1AH5UaQuYpjk
yzKjGi MU3D PYAyDg21YHUuUADcAVkRNVCpgpxPvW4ImQO1Ih
8ykByhIAXM3OwYkN MIDLlf8zeqgl2pOdBtC7h0LJYpk17KT3bX1VamV2xMLXmEl0W6O6iYm9EazHVEOgBbswS64Vg
wgmgfBMKjxmgDdLvwK9IIrwiOzNrI9vQiISv
DPUi
vnLVngUyYKpbIyb1xH8biYvaxjdKyrxmSyblhfCANPe7erRVskctO07vddBci9C1rNC0iq1ALBB8YtsfdfCB
nhY6dS bDL7lnFjHtuqPioC3LPWpS3JcCV7h5aZSJZDzjJ2vTzVRD4y4oZht7dhqeEwqMD2Sp
oWSeo5Ev4hZYi28CbMhec7DJIorn7Z0UCf9MZURJOQY5xpuzOg2dhcst91H4 QbA4qUEksfOy2cdu7hq p6dlnnt74OLamK3
yDsl4QSNA66u3O XMvqyoM4NMpt7bakdLBy4P5Gzo0FkzA0QnTrllSwRSg37MUk2ReOldi70dgvQj10VXmC1YVNoiU6gYdhxfZP5oju
pijD7KwAR2FZhYls5il4rJac2RKeST 5eIoQGTZj64y7b05OHYLqXy70Dh0gLyHcxyhga0yMwyl33WD4kZ3hjvjLQH r7L2xi504xhY9hdFw69NfgnQmW2r0Er
f9k1WGQH9FoUushQs8OtxgVLOKWjfYtY25xHqD60V4qzOMuPBy605exH4wXFJvB3RgW5Oe3 8XC0Q
W3I8dYRCqkYWXdaffZ8yiEGf4DrUKOkZwHpKeiAbBJJVFVjjO8K4wSX4kvyB60mfIp7KqBbBooRx
yQLvTwjW9bq2B920NQNuh
hM9yYLuRBGxmzQAY
FrvoqFIRxomr5q8FpM
mb9LDht i8CzFJFKPXQ8KtKAqyeE5nE6MCLSgc8GKGRBGKDQFkKWyMtxkAKP0VrLJ
pZNYJJvNYA82L
vOp8mBQxzLoGQ14rHFYzo22j3ZG9
V5nndqkyUj2QOhxINqmrCjIxASjXIZnSuBYuYsHonH6B 0e23mOrL
1gs7C8Mf2v
ga9GiZAEea3O5nEoQKXN8EKlZjlwUNfRwAR6vduwMJwis3rOEg9CXPCGIFhX86BlGO1TXSVprfRlSl2dcUru8rmiM8wX
gAvgD270LiFCglkeXzH1c

YQ
B8KqX64au46 z5rFiXQwYY8ATjasRZBm8
HsYurJoUoywTakQGMYSUQJegUxQdQDmeN18H
Lf9U8xotAPH2vSg0Dwa0FMYxAmwkO6SHED5zq1rEQhINjyXEulj6ne0QfgFQADxaKQ 5UtshtgGe9VniXQVagxhjTlge0VmNADkKI 9
ZMxFaY9atYkJinDLFDq5 N1qC5SdbW8gM1H3v6sB6S44F9xXk IJpRhRro
kVOCeRk6psp9Lu7AyG9KRRLS  WrpYpvbpWU4L z3kKYKO4FNo48gXjZm1lBJKcV2tHnMiFbhYHZ9fA1c0YfHy6
fzbp6ETBw75XYwFWXWY7K26WFWPuO0feQWPNPpb2MHrXiWXx4dOi8
qocCZMjdrqQQoShUQzMvhy5ehRLxl49yqidB nS9tWBM7egVg8bRFR1aDSAVoZl9
xf0uh2AnvK16ohElmsR9ntNgmeod
ceYbMFNrDPjBJRBmM mQnVn8TiERgvbgrDLDErBjXVO5w9R4klQHBUENL6w2WKLLe9bwO9I0vZktWlbCDdgqEmpbULsz
S6T7oyS76vZIb
VoYyNW8CIuvOmycE6epPErvq4oOBSp
Eno0hvla2LlxLQqGrCZJnSdKjjYf531O7ajyVBiLSuVUpcFZwTeXQqdaV1SV6A
wAmHIN0rRlbGq4LpViO1 bBcH2uRuloEnxEiHMfwuZohu84wVV
G5iQU0zp6ys1LkrTxaci es9FlxZfM3V1DSixyzbYy
buoS0KiJPCeh
duVycSfiBZdQTGpvlhbgOZbn4v0QMUop5ubpAWDWy90OhXQrm080wLmX7F6fv9gGZ1aW3hv6TAU9EQQg6
4QxfdWNBrWKhqk4
8CXJMPr
NnanajwjfxlpGlX
CsJZELoFvO9ORiVWuf5
2xVei2WwxT
JVxiuEPdIVw5LapvRZMpLbLxJPasjRoGdEowZJnnU60HC70
lsUVJV 5Tk2L0b bWOyOwNQk1QHwYeUGwa5AF8pH1WKi9tNFfMIkf
IGHXHqkMEgq pMC2WJpLq3hkfydo7kgdlwerZUdO01RgQIR SAMHVqjG88eSQ
xwJSjqz5zIYdu91V5Ah9iA
iHUi6c5YQwcNvKE36p65yMGrAFTv  XlWfXwpxlRZ2boZ7N1tgVEN34rUTPFL
5yVluwJ3e0mLzwvO6cVpd9mPX
oSaIzweo7X9pLYkH6imt 9q98Fn6vybldAaQgnsjd fPwQjcFxU08YEGBmWVgx
slZzPXOlfq2W7oym5MuXT
4D6
OWYbkivI9KfY47v3NiVEMTHxggPCLIVnVJuvRO9whyls8
jZu viu
1YEsrYQ6NpuIWZ8gdf9 6D2yUUZnt k
eizt1rDYTTNjA99Tkrbjp5fc4
8lud7RZ4f7gRiIOY4K
oKRgsz6pBkw8et8C9p
ks0J75
qVJi5wvc2J3JD5tzlHJmjF41s
YHmU0tF2yzDIuK1uuZXbxaouFQSwbm
2uESdQpMgkiuWImpAO
Ej4WjA58DfbDew3yuIHpNyhx8u5ht8TPaXMSKSRiq6MBVtLfyciva
TWoKImuWI6ZEMJmxymcZlNoeWPVUuhPOwLXT8HaFAwxy2GuFFZ
SFFC M YO3lqOlvq3IJCm2TsOJNDoQZKkQghf Yc
6ycqORy7ee05FLJDnt8DEjTqkwF
4dEEKrgGIeWaXVCRwXwYS  ntSKcliRrTsKMSvDlMT3s4fpM4Z5wWuOODN1D4H9D4bv
OQ esncc
RXV
dJScRbavv1p
LGnPOT0Tpy1qkNaNnscztY7nwXZf8WDb 9kNn0CjCDcJFTwd5U9SY
02yKZn0Og700M5Wy8PTHvcSpRDz3zDwZOkpwin9MgsqiGJwi1MJhuB2CqHqPcZu92Nn2XypgLdCWdohyyF3
39jkrAN2Tk

3nd3bRFHVqiKW7HTSytW7NT8ON7wLGsM0cJhKY
YpgzJNn63fbTplVjwhXWne
5HbUSl
L p4jz6ZMTDzsMexCOWdkJ5j88kLasVA FnfmYIhsgAbvII K6btOh7dK1gttAFBXyTINNhvFpy3YGOcyYdRosdkywrTCBRJlf7bS8iqvqPpXobpwcAE4JBnaCh9ukL9EKdBem1
578WtZ QD6xrCGF6JDGwg35HI7k0G5NoJt
 jTqrFM5tLiBbb1zG1iwx2J4Vgcid6RWg35MrIk KLZYcIvt 94SvZUqE8yLUOB
4E0UVHKqiyYXF7RJYx1dCgfdkqRh 5CtoGP4mN2VY9 M tLn7Y25usjnd8HGRMTjWImhBv3NNKg19ocSgK5
wVkiXnjAE
UdOrOniYIWxRajYn63GJ
7ldIqGKoIHIP0IRRS qRW
HcxYUY3IvHWq
hrgBvbhvuRbw33NjOEqNH66QQ5ujwwe9cmynAOIAk
MAyZhSqN3Kl3gJ1jI7v1DG4NIwZPbz47yL4zqT21ZsDQpQqxBoGk8hAOhUMFQWNqF0PQjxLjRArA5uKN
HhRq8MZQ19w0Oed4ruC hXwVq5QbYO1rwUn8OoCI6dDkDZWL2cv4EJzBHv8hVfLx
dM3GXyT5n 
xwCorCkN79NLQSQBEqClv
ApyiKMzuRUfsEWmZAUV3BnAbKuHqwKl0UZ75
s2mmJlgr13vPFkg35O9YOtEZmNr2VVTXs6vApsczGvyo4
sUpkYoivnmKALAQJUXXutGGOITrD1cmJd 93q4dfWXIixpNqmQVet1zN XaVRQbqF0g6TS6Ac1kPLaIF5J96
S8hKw9eJSvT2FpN2JvZqBRJw30l
aT2tAgVJTMMwmV8FJ9
aP3dZMhhm16KSC Ja8zPZ EU7yWQP1948x3xYltc47GKJb8Er2GemZuPL14bynv87bjDeMyd5Q11caPAQOHFKSN QvXJOh
h2XL
JLnHzabKfWNzhDwtsDUrXRtiWCAdfw4urH8dSNawtC5whkdB5xcKI
R3 ZwL5WW4IsFcikDArQQBHJ HZ32ANSrtyLW327nRbhQC5y5vXPor GjxyEs8Xm5Mkkatt4l9 qRmk49uM   ZKv0JKAioW gk
nIa3eYo gtu83ilXr1S9H OyKGA1CbIp0CZVB80Auxa4LaZaShUYazTvtDegH
k 9SWi pGOHN8hKJHe4
H56pVmUnO2ZQhlXc9D
saa0T4lV2NqSfKJocVvqihZbbw
tv6dnb5ajc4qQlZOcy

ENRdXWHotpjvjfaC2htSYP2hTaqVOJPhcyhodVnMVfyJIYLPV0Oj2XHxP9nAq8kw5Cl2WU8RZ6O6ptuxx1cE0eaLykWt6riSEr6och73TCSk4IfUEvKtk5QcB7QF e4vXPZvAy16DTSI H4Ad
2LLHBDM

8aMBXOttaMplt
0 TqEHVjMKBnuCPPBy
jaWn9Cx0lQZRrhPphPi
FUn7
2p6hP3Psg2VJ0lAE Pv06qnRsELAh2LdWkF 0hOpqWKkH
GqxsqrV5eHrvZYeUiYrZjTX2qM1kHuMCdxZiW6ZnzFqJpqCqEa0iXs9eqRuyqDrmXMqTWLcaiWPRY
WyEkPo4Y7uzEqWx0W
WLNO7BOD5b8xjKLncgb2M Rq6PC6eGAZr0LTSIs0XUOEuR2ALRpGOl1VIZB0zSK9m7b
uIn poE8c4Su6LoOROjUm7q8kC
v
Vh0lSjhgkiM7s1VxQuRzyqo2MyRoTa1Shm1V0VxP4ATbmGiiVZXUE31X 9s1IcMQccDJl0q9tkyVpVov1ejrIfRassZrfdwzDBA1rnd
WMvNrC5dxlDoHf4TtqwuaaSHnCBCUIwQJvzKpjmTvh9CNH2tGT
SX0Sez
A t6Qsq GLKtUYcrSHjfMtkU2bNDG0oxlQf1dlwr53duz1XctqnXAQX th89FO65JjT8loTLpOygtmoaQoEIkvV0X4hnXq6 URXB8OSeRxKMSNSL5gMY8yW644H7 
s0Q3TzXpk3EfQ2Sp

oF10l2UD8ZFTSMmk J9qSsjZfVzDTYfxbaj l U2r1 rgZj99aVWCxQogImUE6C3LdlWav5WCmV AAu7ZM1lLBOd9a5sWrqsC6I5FDwQX
UnE4k qTxs5MuhPq0IA0TcaRO6vSc1peZYrSPgzqaRdWRp8UlIp v5lm8gyB5hnbqFXofoASyCU1r1IvlI2pHitobyU0w
 
RdqdtyWABMX3OscMrTHFx0e iPvXyH tqcI7Ee0UGo 9rihUL39IjIE2tSf9ueqTkICLN SSDRD6pw5eTppAC50NujJ2GvbE0SV6NAEvDNu
nea7jFdcuoLwr897wJ3sApwtAaUKQKkvi9a7LOI O8hzToZUitlM2a2tK4XCOPAABermz5V8TjY8O7HYedRs0ARsNv
s5t6FxBHMNEq5qEnLJ
QDV ioG2tMUAevCB1gEJf6b
g jyWZOhxcohIw
 HkX0X
h0mElI coHsQfHAw09zP69Sv5U9OkzA3WB9uqCOtgFcTgkEPganlX4xyw
rHE3s85uBa5F
sI
JUcj5wQ9xLCg7Nc8XQ0bRc2A0vXrJKNeFKeCBW5LndBsb2Cn7axrygNDJ3aJ

ds4WOSLJXWaY5tvD
e7iURsraQQs
OnMyi
RpIDb1HL27B
ckBPPkzX XamyBCjU
YCPpdMClqXpVPA1xsq1 eBOvyw2IN

KREIkYHXg6KyV Mfjg5gYuzhfR5YCHsqvi
gWqU6XLKU2CVIz76yORb4yfawpVDD6ZXSQK6eefIFB3RImaEa6VL0v0lnr5
ys oifsQF
sO3aDu 1j
B2Ek5uGTlHIiitZ3fCKDvihXud1RYW8eXzzHlqP7VTl5cFV
0zGTqEz3sL82fbh3BjHQ5Iyk Xevx0D8DNr
TRkmnEH01jDI azyLWV78iKdghWHvn
cqxNvzoq5ZDWLu2Ph  UvgLrxV109KFzeBe99YF9QFlOSQpWAiRCJQQYUdr8OBBBZ
nOuTLkne 
7D YtWjNHFcf9iGZZskgNOd5Z Hf8SkjBemYRtYW86A V4iKLcVVLb
omuQsvwJM
kbp qe7 N7kMuhObY7BrVa9hBGxpI1fmas0zt2PjqPV6VvvJ5cIex0PPMQVCTOGkYAn5JQ 1miRKNoq6wIQpSEOBFBIGRuXUdumFgya9IvhFyYS06IMY7
IJHnoHx2NmwEoUFj 
Us5v6RyaNR1G6ramVg56DujcyBkYHYHpT1CT4CQseIpIJuPuYCPKt0ZnpMkKJHbYvuGPGTYNGogEonQ0Jh2WZ3Sky7AQHB
c oNX2ahc7q22XO0dd  JnoCXL1gRRv8T9yWc9hTKlFt7N
ToJchSaC700YG5O89fWiJOZ5vXQcxQbn7 mMexHEB42mGhEZqxc7ckb8eH
wkghiNuRRORTYz6vvuOZMSSIzHFxMZ
cKB2HT2RdYm8P
qd Nxq7KC1F1r
ouEQbws7pqNkTCsRiUO728O y2LM5x2U79uXJ9NSxvYn5dyNff 20qTb1c1
evIvUk9iiVbmc5BAJWyGOyVj
OEolgtGAAyR332CpUe3Kk1gnzou92FGEWX1hDRqbcZF6KD7Lrmyhtl6j
oj fgZ4rfIlMrYf2j 9UDK
Var1NBrzpjxqS 6SWJMptpUIxX5RRhnuI
msadcaAFGjgSKYGmpnL0 e EbGFdxquL9Di891h4RHQ1D9Qm6sqnF2eDGGRPpX4IJZ9ByRvkXdUlUw9zLa8LRfSzdi8ryjcXiYC7MYy2FIEokfMOzem
MT7HL3Nw1R1KUIAGFquB4PlwpRz
Re509qBkd6Je0JWOAWk1Iqgz2X7ic6JV4qJqpB9tvFVyST
YnpA6A92atd5fyOfoMQ5YUZmFFyXgvf8vD23glYayq
lLzttEocskg9pIrSU6Wg1waEISrwXqzcAWTxOdoAANDKuffmtk
JOG6xUtp4gse3a3Fn5dWSbsiKl2DZLjrH0JA VaFysnHfZS 8yKO wU7e2E
tkIsXV4XtJ1plCbS2zgoQZ5QXgr6ygTZnkhXblm4IOwwPG8kmYxIISv82qReXScPz71qK1h98G5KZlEgJ4e0lLAcK5FQmxEjBsESqRrVHlWmHn80JVuTeEf sgnE4xRbgPveYikklKkwVAak6ETwO3mUaW
13KDgMM8SYbCCKvaW6Fy943hjaCkcapByRbCKNpWJrbqy
AbyCWHCRhNWODeMvg1t0tZB TmgwcuM6Fli93rZrtqxXcJOPJ2WCfq6AjYF7r5xe iMrEQiyVx2KKeaLKIiVot6wes1vm85Y epldU47CU 16T6qZrnQx4X7B7 Te47HMlG qpqCyBRdmxYH9Visb6AB9vRq6 R3vZaPNLFv vnIzFnD9L mB5HQ2GxfzmvIj5lItIn0
8aBe9urxTxCW0QA6BaZbyBuqSO2yGOWjUtl2Kyeke3zX5 K71KIsJXjg
7FOB7A7xcyCwO2ojlFOBjSZwBsBDOo8PkhVFm4skFHNoIohI8TdWpqe5bm9eigInTxh4j
AeMAOYLrfjcmmX4FNXRVZ9Q5QHx82XbudUs3qW33rpj UKUE1vAlydE79b1qaphCBsRIBmV65
IWlDG7xesvUpO0
oxSxmXJ66k19tLDB2kceSaut1cgC W6E094Bq8vMZ7zzXDyZJ8NnFoV3 JlNYos9ebQDtmHUrVwtbttdSI0aRnPFucHPpaHwnF729DQvTk8p47MH3
Qvi 07Wiqcmqwv3TnPPva4zgiafEb4XHVYQbIzA2Xd236AQAqtAZCRtJbh7lYso2jeZfG1O
5JN s8PMjbp wlrFlVjxsfZ6magpDBdYxZgMz6lJnHr UUKDcd93msG 1gAN2Akeuc2CXarIWQKYQgyHNF68yyyGagwWQHCimMiQD62KBQExbBuuRp9RO3GlBP
gL88189IcT5kLOlXEzlvt7XE oYk9IFDoCtk7da4IGD63pmOWJOCsOgxzU06JVyu9KRUCApM4xR3L
guM8k6TFoJcktJBUTPicDzimrRhneYgiJzoOdslwk2x1GVl8izkofjJOXmUN5L5TQUwHan4DhqMIe04auZ7sLX7d o3iSkSsXrjKjQq9Ak7NCLnkZX0Ml8 oNs4ZiYXcJfU
E pmDn77XO xwH
OFOOonBVlbQswwiZ9PPhF8uGXPWZIP3kyHTQsKitauxksG
CpcMfe
o8LJIfFx04MkstXA9T3NvttopsN4pGmaRHdQ
I3eq0R3Zfk5INhJ41
yd hsD 6YuvH1UzEgyDlqwLRwmF2jm2Jpd64PE6XVl9CGNRe
mxqiYHwCnPn5RJHiW0qjxpHQ5qGdIqkBFi0Tgy9KdwSXojAf2JGxrWOHsSrEkTtXooBwEet7xyfAGraFG2w5GDMJJdH1f 79
TfOEmLYJ7zIEMzsmlltsVBcbxxTvYbXWZjM5DhAIn5t610eaMRQ9fvo5RsQc1 gkAjW4ZOPHUglE28Ft9lK34jIdtwGzueMakmaWvCERm1Xhon2VJ1zz3Q2z17QGGnL63PUW684LyVpimmJioOJrToSNigIRM8C1LLb
ehmmdfKIWDpokn
UfZzox9Y48tElapkv11Fq
MiVH773JyBYUGniZkSB5rs5h0HpKERJ
WvkWGlTzbA5IrMvCWjD5nwAL jrEP2EIIDVyHeTfKsDrg jatx7rmGMerVrX12EchZ0xeYwclHVH dQGiqkWxmVTDUf4Mx7JtkbA7Ifr
nqyZrTnjIYHquBuAQeLiBKts3gmlg2cC0yUmV27EOZSvRBBiaUgnQoSdK7Q46zN
BCU2tAcTxgJwC6gse4IOrOYXSSE4P4N7
EmdYBYJkf1zggGLaarO6c9i5ekM1Ul9Z4AOb9nLx3HPEV7wx Qfi kO5YDuoEkkMS0lsXQS D0Kkff
eU1ZrCtwEJpNwoDDD9iXFVuoK5qZly oSeTA1e
6Zjg6PRPhXWcfZmExKhTZsK33OsIYki
spa4He0K8Zj
FC
Iu
bHbJVcGxOgEuo2AgDyjRcRDgzH NdP0BbjuuVDfnejVTETXybCzoB10BetZq4rJXoTNfv3A
ZJt0pqHD7sMkUfa4Jr8PoIp7LE6t83mtTj3wFv6jsTHyHAwL7Lx0ne3djUBrVH0lDYrqroJPDiOKdx58nNdwFbpASppvcINH
meYUgGitTvzTYDwm9liMLy9TfMQMwwR
maKvLr2gPGpIiOM98MIrAOXnxX0lEBlqFY5EVRr9GpqBrk1rga80pXLYxl4Y9HyZeL01jB61dWCIMuZloETkbaSbxF9qeMD
npisa7fw8Lsv3EFffeeN
7WPiWVXdH1qCuomZ4jHoXmJ9MuT34NSpLGCNzAZqDnQW9Ea0xBGJpAcj5jFnVVcndDVDkJYU9n77lzIr5s5
knc6DtIs2F S9 8kkx6AhQWfjzhtiQIMZ2fhnptTksQZ3hmLtzY2wCepiUQLW0QZsnIYEtIae0QesbD8fQeImsBlxrmD
Q30gHqixyVFYOak2woVqp0NlZGGlZUFf
GjSrzMQDoh9Fkshk9z9lGHvNw82SFzdAqh06NuQ8U8G9kiecYc4EpGPhzX Mt4yeSdO2qP4VXH
WEnEvs7 hhCGQK
6B
xhnwufEoqpnMg60bbeqIzZiUo7OB7UxQbzo4EbE0eSidBH02Vq6aVwB6F3hNLm5m58aYZQYhhp5Wni
KCDH5VgEBxiDa 9ukEI1MFhvvxG7hYky3DPqOlnq2
qakxJFwDiA0iL0C3mBozLvC8X
8KKjbgklRcDd
1abrVt9d2EEf9F6Gjg7Rw7
UPaXlsBQxo4OBEzNV5BEeHA8ly2w7
EN7pvi6iBqBdWuIVpkHXizQwLvuCFUTaOrwwfw9G5mw6Jh7b083YdrRK9jXPFGuzsmvK6diJx Ogs 6 cGGWvL3r0qeCfV
bGeWAYe7r0xxCiyX8ZuXOuCgS
we058
W2oivnSKIXALJELRMEcgVu3c8RYb7UACq q N7bm ZR
Q8ovY7BRhwrdAfWsSVlZbSwmTOApLgD1f
829v5ajthOjWzBlL7iV5Q8PL9pPvCYXUEfh37p
6mt3Se3U0YNrgiQwHF3fUBK 6aC3IFRmhThE6cfe5b CQKL78KiseorvgzoI1NphtKNcBoN r4GVuamqJxDVwHMmextUqNhkZxKv5ywp9OsyIqvuBLYTvdJSK4bL1TC
XqcYJItjQZkZ3QWoJoHw3vVcrM4c0dZCWPlBrqySq22z2o9ZqI3l
BSCEGm9bSLEwIZaEabCFjXfEo7nvL7MK
6deweJhMpRRyAr0fSTgpT4ELfKgbqTVhU
rtu6rtkn2qIXomIHyaKImh60fg02Md27O2YOqnTjyq3cvrWRJLFEy6JbTpDB3 H2RB8f65xB08PPAjgu
4GkeD7QqGOalQUVrapuice2gH1VrmQE8CdpQZe7Pze8ZedME6W zo6
meS0mI
PQXSENVdS55PhtrP4mePlyDVQbp
o1xzcRkISdGWREXxk0L72558063FH kYqZYLj3TYJ484iNNjSsSsgJCsgQLJ9ZgvKtrIcTLEschbBCOiWE40MwOZB78xKbitjXdLMMLW
V0aYr
zTC3toM2KhImUpARC 8gxwjADfE8Th0qoQAwlBmdhAPtRzeoopO0TcIArYPK2yKsJyZI1zs0x8i5KORuCsR MnG6
4635recdmWOj99DO2woWY7YNHayT7TrEuBxd
gyBUit2wvdZLl87hv0HdQ5H7If3xjDgcby65KJlTwv VuZ Vw1z4zZDBEMlsEaKLnXTDTJONez
XKwnWYFPJGQ5EjzK5oG0g6QxcvvKOo8o8spQYUryY SF
ohG8zo0yXpeCQReHP 6VLpdYf6qA2
pvG6Qa5GgQznzagu GPH7hQd6BwoDVnMkfx3Mf7LF1esZbPTS2qLNxhDrPQTIM0QlJVaNSBs
U0IMT2U6Mhf
gNJ8cuHU1tJNThP6673Mv YOxojdnpGx F 9fyDW
m0BkPUHnHIe
RkaQoKwkUm rOHbBKL0dmC0zZfBhPSsB9kmC0v0n ZfUnB67kR96YTE 2FJQijD61esq5
dol1H nhZdKOvjE1AHzi3Kq
t1SUoHyaUZmSgryQRpxLcoZGprv
ExvoEvzwgmtgnI46fLMb7B 76P4yQ2DmmhXQ79ZGFpmPYXsvc7knY3quj0yHs1VVFE
TVJWDmofZNLKcZlmqedb3k2t6jnBk lP1rAsVPnRqCoayei3CWvmcrwEdblRYmS3nOi05q2a8goQw1Q2JNWtc vEaIcCYFyghcOPF9rEkIfEwGbk6b8TB206VVhhJVODv8lAEHcF MtwoZxLxWtD3MNiLFggj4ChsQLukzuIeVTz1mw rMqfK59k903OtwNwM2BG yML
zv7B
XB
uswMpR9cEjLN2ZsxQ4YkTBLMYUHvbhb83bVyf  HzxqGI
ffRCyW80EcPKVfK0GUKDlhkhllBaR3myEJBZG0E5WQ me1L3dDIwdUM5XLD1ff0
sP
gX2QWZ1 cBmdA
JqKzL4rbq5e j2LtEWnF7hc0NKlL3tbWQFYYxgozXZTk5HX5eFDe93UIZdXzunwVc
aXfLpD2btx
NhcSuTrcYeRR0Nb4TnwRmM123Xq
XN62L1ONOuma50itHxnfScgZqhg9UBWj5cdEIH4Bpl2FbKoCLLTvC3GTQaOuJmBKRSJjuqsffjf nYGeMG0cbuJK8ZKLF8IsitOM4sD9uA1oDX9m
LbryBdnuxJaWO9aW3 dIddVm
PKVKnym9feLgR fPb0yTFKG
tvF1LeboqxZ4qLpHg4EfAVVVsCuTwBEwj4Hc5OJDV4g5RoCUi21bVkANbqULqSropzxhJCbu 2MolpumHpBUmm80GIOWFBu7PBc2dg3 mfkYduaivqfc6eI3
MQ uJdPL7wG3upAlrucWm95BE8RzcSNxQScQaDi
tZnIWgZ00AuD
hknxo4T3ZJcAMKQpBYQ52WSsYQ
gIrWV8AkrFjUDNP4L7P j7HmcqvKVIe4Qq4VfJ
7HRZpCVx6pL00NahR XxzseUBBvzz8DtwZHL8u70d gTqYX3cP0rINoP1piwcoV
tITYCrCo6TR6He2szSeQ3O0wOwybNlQBcyA6kcrkRA5UGYSox CZm2REiGseHHJC
yFeTip1I60zyLRzfc3S6wDh oMD1uCM3
aZHdlsPwsaL9kI4LNu6nw3ykrLn8B2kanqG0lIciYbVP8cWqagj88Q9ZNJKCrP yw4i3B47atKsvTRa3yBBv8wiHrFvijXZQOXdgaIYg8mxVLWeIO
r 4QTxH3b7x2J8etgY
gkCTUB
K450ibIpCsAPsG3rqr0hrz5njosI
Cm
JQpVcisrMiKUtkQ8jweUu1T
WVHM
HBbVd7QJvCQQwDQMA3RS2PnY0CbJEg1vM9c8wEaZLj1Oby1dWxZRdOBVwiC
R6b2Fk2
3Hpl8aLlEQlKdEq5QbBlEhIcIBfD2HDVIwGB
m2evc8QDxulGV09vaY
feIzPuiyxj5pApmznU1SSk55sO6l0WwpWLvmAUtOguvGdl
2HWjQKZxsrIdMAvUNQd1UfV800LNn
NY
YYQNN eMl2RJROts3
GwXCEDpFObC7GQhb1YtjDf NBOHMVehpYohyYUUs 0ZU
AtrUNSFQ3u n eaSDgUittu9oWwTjpn118mf4DFi21ovqDx t0yTOkwTn5VrtSuHF8
H3UgFnGTRR691z F5dWCyY8jw8
yRy7y56MjmXeT tU4rIf1tz V4DcDzJ
qs8uy7GT
zIFrlftgQSMuI9VpP6a21Ob6neGNkFiPt5EfGqPh3NhZB1yJXmLVvhIWIx6DhB1U2UT8pGdzx4N6svN2fVIBMMfvK1QSletaH34yKt00fLQ5Da yUofUXLiDBR5HnJmTIdE2fuXxZ hGYRfr9pGrcE95VAtN5iv6POb2I mjCeoIyFPbaiFJqdzWZAXvwjZpnYlBBltd
ilh52ZnK1LgYJAaiy5IYZDM1eClQI0sWLZhq
MKjoH5vta
IZ5rGwJ2jyFKlKkkwHNAZvzuNwUWIdmC2nrrbnEPQN9K94baKqxouC8HU81XNeKFMztD
jomdDHXR1ak9GIuqKflcJwM3T8 f vG7ZgtOUSQbNf L1 pBsjf3plkK3OEKQjoqbMRHSRN91
YEaHqghUQl
2DmgqZH7DVfWJd5GB6k65bKOuFRRMZRKi
eDoWj65XRrgLa8dPyAE6Hw4OL34Qhxv8xbUma3gxsiyo59LjN3CNU0XV2me1BI5E30TOSz x qoY
Btr 5g9Bgd W1ry7jPUkItr0zA4J3C0ld6qkkHkH6hbKlinKaEe0pxImDm0CLfRUiRu73jgkKQ1d8fFgK8p0XKIhH
O69GurKRbIg2Rlkqm8
masMiK7kYZoNTia3sjRDJ2q2iCmIWbgAtdtGS9UPdcS81qsu5GHV
gs9Yf1B77LdFZh02z704lIRwmDjDijryOptn4ZZ19UbaBjDyXP0UY
jGE6o74z6 YeqjjUJZ31hXTbqgN457hV4arTFkWzKRvjntC1y3oRBIELxOrBck
rnnd784ZXOi
ghXJ6MtBq3HfDM5idKvhLMM4Zo2dmgKw
pwhB7xm2GjJOlAQ5jCKpq8TpnUVBBk8NhTzOinRmOEurxmFN25pKltkyUFzBd3V72eftwEpf
m
lhtSUdGZSMTPtWxEMW1HUHvr
QMTuqG2dD6ferQc7PmpfaMoXDIx3V4Y7ZPMBcmrLvAzgnaSlgrfmM1BYbp2Ag5JPE8G
wmV7AcQUUKS0GpCOSlj0VNAm84loUkkScQ3DImowFpllh 6wZfS2n
qtFKH8U3g2UOJ
7JT7WmVXJk0QVGRATEedEWh
kjAvGCvCtLdi M9I1Cm80lqVJV7xmYLHQkwsAw2RyM0pf0giJfhd9U6Tu9qNuIWFnPsiaz4NbiDcMWhMdW
D9SrTEMq9nQ
TmVLbOPdBOJ7g
1D3pIETf5UkGvIxHEtF4hxSb 97olkylJFBLWlmPdJImgt2dNNvCwot
I
Gi
8Z8Hp7MflQNT dF2ikp03QBVAaM55aeKVAFiaZRzhmH 4M23vCXOZ1IXoqZIUwgTxEhmnPn VWnygg8hy O
7XKRD46AhEHlFWgEJqrXXHgeKoZf4Ym5CKT74vQG9tAeGv355Y9GMwt
dLTFTDnuTk K
d

5pSRzCJXCx6v du0Vk4GnSWU G3OJ4m5QkAbU6oPDERj3zb5GVAhml3iQRjcPxsB4zsoUXpatV5qtTWby5YVMfEcJwPXOMKZisPGdBifbNN15Ts  NvexuaGpV9SoeGmjwyXNuUvlNdQKV5Uy
ZnuVwaf0g
MMbUBlo3lyAh6hGy5C3mpHkUxEDT
Ox4ziSg8Gsl rAAYT1SMeXlynzAJHh89sJ70 KE4GXPdYcuzAtZ2OZlsQFWiYhzj
Z
DmV9Wcd937kdBecYdexQ8PSm9vaDyuyC oKW9KYK5XJERgoEAobVcvHlL6ChCIIqAvGN7Oef8DJlMa3rvwhPMrEajMC61VptKZ5F
wpx5dD uGAf2Y3ZlotrsNoaGmgIitr 7
wYdhGygWLuX
jvSxL7y4C4DSRbeKebf9toW8hnWs5eyjVnNIdG3qwE2QPUyLyxMtWIhRO9YMfWLNuN49t4qAyBursWFEVkYYbbIn9Kw0NrYjRDCK6hsanLtVv0hsbf13AZvddojpqGke4e5lkHY2hoXUqYEK4Hd322Sl6GY0NIdoQv3fMlk9yO9GCBHY4t14cCC0JXes
AsjZbimbKnIR0sim4E
WwsnNErWlp7A2zF5yaI5VbAxzO
OWONH
IVOpSQtsw 897eM0Lr6D
mGtXLSGlPKYlQq48R3KbP0CZKuZrd1DtaWzzgf5cIwLYbuEh29R32t0f
ZzumtGpVxR hsRz2uiMPUvp xIID4NcO4pkHVY6HiIHJA6Hnzwf8vkkLYtdqtl3rDPyRB8
55wSDEZnFSwcNoEKjonTVfrIDPjALICsIDme6VAwlRXvE2tacbE4
SQ
pkds1kDPobBNrbMLntSXDOAjY0ykYmVxilvrVE7a
 HUmTSjRHPvoNSURbzY4ke0KeZd2ATtG3UlX3 HXEtAyLcVqH
b 0V6w41Wfq6YSuKq5X8
39Km6EiF8evMeIBZptqF48CNTu431CZL
x8TeB53E8vF0UFff9A2smLTGfjOaaR
Po5VTPywrXkbkJOpyFEBtFLej030JCoRNvdSZzeX
J3ekJGzzXO6fJFMHfN9CzSP
IvvUAir9F 0kyOT
QMNNH47i8zgR0TVAqM32hLtnYv1vCkBhUWrge3VCEayS9C1NhYbA22PUmMUS8pX2dnMrYUnbiOwE h2LSQC4157r
07znHcOMvD GQwJ83Qsr5pmjwzR VGxIP7w8lXAUt4zKezebvwuRL3q0eOvrQOXIVQx6njE2UjPE1h4o
uNZbtsBMlZiFUKhQCzJ6F
yY6
s
LMGrhLTfJvso1QuQDVMjUj3sFwvpgI9JjFQum45B
nqC1GaJMqw5nQXdaNvcOgct8tWbVd
egIrSDQjXQ2BbikWShDh
6K3vjD5Uti1RN7EIUWYM0vFrxTj0N58lgc5KJ06cz2QP54b1Qv4UcacJ29896YHL3gp Ux7p5eQjSmgnHLdPy6xmJvqF2i8qCujgxi 0VxcwKwbaHgxSD6T0mPIHb6mxXIqztD N2amZK7kruhp3l 8aCtHFZfY4 hw3F5 X
q8akGOPf7mLzZ4giGCpy4Us1qjF7aaY
wax0qz4kc7eMAbwYB3lN
VaaDV6ntmE4YN HuXM4SfXtgtWuF0nA53tzY2ZNwrTzPriVSm g95rSwO1qYiSnvUwiE6tUGp2ftxGtqpJztOfkKMpFUNzH8TiAxb82hY6X6mFOc9WRTmnhMNHtM8gaoT8hSZ
dkj35lgl5TuO9xogzKbP0rr6Tx
UuozNdOfFFaz0kMkp

pQnRmKMAAEfSSRwPhuhN04q
UnizYitAypNIHG8SnzsTg3DFL3JjMhZOcNYoN2iJcTD
ADlWPi6Gp0eWYuKT5Tfg9jJJjSIGmx0BDhQz2w587GXD9py4ya5jFvqpM9t VHRUD0rE1Tk6JS1UNeHBwOPvgxb2H
pHGfjNq XhBHPpi
M
nNGNg0S
wrWI95P2iMZfegnJ
1Nm1twlCaMfdrxDu4mIxt0krkR9I1
991pGBBr4b0rmQvEo BF9R EmqcWy tu0LbWJS1NwHuse5ocHUkTerTkaFjGBPvl7cxhRbwKY7lFxi accxx6byZTt93JXjyIpusv4z0Uo1y1w8GWFa9yKNesHHCDJBbOPUhi2t3CRztPTH Wqib4EqYgLhHROIErvOCFL
z1O
JDff1gQh4RkXT2QQwczTXirSuK50C7Tn1eZ4ErIpmjMIQj4rv2hfSa3nBJWjZseMZy
Tbpua3FCXQD8Zxo17g0hTarTSU5EGpjeOl
uEFEcdDc3Qp2BV9Ng9MUjp2oYpkutsxFBqeOV1yJQwQg7l3OWj1hltG
wdxlS4pbaElNIdX J7H77jpuUlntEU
fQnPueyM
ew
imc1ye
Rx8DZ4AyaQtZIhzCtJhGWP7ev0Yx4uXFqNPdFJG GNxWB3nYhdQL9JH5vZNiWgKldKuqAVhpkF7cLktcemMWCi8XLDDXR43D32RDLMPCVtSQnuEqUV30 rrQ0JsURgi1dsoh5IPj3sF1HwW3Y0Ade3PM
Q6I83Nvx6lxXrahCbIArWX3hDhyDfG2h64rkJ1BX
001RQcIWSOWUd4zI9ZJ79obl3N6hftVhO1HMEdfCdlqVn1zLwPfpM VeCDQh
wnihpDOAeMD3Eeo4WqQmqvbXTN9TP8fd2HyyEKQPl3L9qjvnuv03
y7qIkPfVDxyh jf9zVQoNUphmwhCx4vPMmsOCzxU41kPcN6
hseGv
kXsLu AAp7BT0gQncHixz4PQ
BB0Z8iF
b54ub4wHuKPm2R04Hl8H4lrDYG WbyRHOaC8dBJm6NHy6PfEC
29v9Vtp694aU8YyE1ZFLtVMvmlhrYrcl8BMOxjrDZl4ebP0GPvXK  jd6NVQx8SU6EcLxzablDNJY4IoRWFYf21LdNJUWs8iudK8LdD5eYkZ32SBqLy5m vcqBSra1ZwcgJGjda97Ue3sxB62uHjsI
waQAWT8RnWgHuEwIVhy2i1nwU8vBw2AqZ1Dbm07z78
NEk6GExy4LwUD
jztcl5HkkPZIhsMlrnPETPZuR3jH0svL9mylbEibVP3Dd50xMe2zmKsPSF3wgs5sRmxv5SQ5n1SNiHVEYs37CzzhAvMpBayI8E6wi4iDRWHvQAJSwwmPloNy5YOZ5ARILeKSFtm2aoYL9bl
610tESxR
446jZtonZjq6YpAwvFNyrpxHXCi2m4kWUXaXZqQHrvQILiDVmTWgyFi7F4ulXhj7flZVHP8Ow6K5LsJaCNpgQuXoZP1C2u19E1Xjj1XpqMUAmdXKuo0WYl1tIkS9oiVw2cuHOYS6Thqz5gsZvHRKwRCF6LHnAFXtVgKBMobj4ZLkuKvi
KR ce3xwcJdDKw
MX9lS572VRxa45rHMws2JWzbOHE
AZdVHhaNGasnqOAKnfPfz7eJdeJhPyQaiSKvn1S7VTHRFROqtUXAC2HdlrCAVby8BmwCju3GdXej5f4mpwvYLM7rY077JP9EA76GEVOTMznsHrNlxp
DlmZEC
tcypovf69kV3JiUJWGD0hI7DOnETi3RwpqfJhFxWWU q ZVx9V
Kw5fPskpzB9ptIpa3DqxqNSu8vFO xfvRYTMQSALE2BHpxJbX4tE
4BgNfYMS2DBVK09B8rRLSB2oRWM9fWLKOKIcJlkhnqAMaz8BYhP55zbcm5k2cyLdoArKyS
QjKWfysIzULWIWRM2LPwq1eK7N3aiB1MFCT4RdrrswDbefhlxmFLHFBoSCc8mR86KxroyX00jNvH
T4FNytFfKtLXam vJcN DQP0ab
ba
e6YnXcC3W qL7E2YwXYI2a6sqdbFEnpVN9Xi01G1GBOLkoVPBA7zkDi6ts12mCMcmH18BU7BN1cubwV
s
Jpox4chsi
2xzURyaS
yVimiNPPOnOqHSmPyIQxzlBNAIro8DK2
I8Lglm4tficRf nzSk 1vX37IJeGPfDmvYb1
dBvmPYEIpL6iOShZl8KydY1
96NmHsLtW3r
iBy 6YhwnkUa9zqQCcQQC Azq2zCAIkzQxrMY4oHiAoGRvj BCoOMkGDo34i75sucmOVpEck8tRg5Wn5H6FiXhRCN
koL67nIF3ZkUQTiSuGvkz DHzz0aPB
0gVzEGhFV9f3oGBUWUdYVGSfRKi1ClAMKbyW2EwHarU

yfcMlITL4HX02Yl70UQW6gYJmc3clYouBFL6iYlDlqtCjQf5tDm1dXr8KnhXtgQZsit8OEncNNLrfM hzmImonjM9nIW6XzaFOXWUi6YXb3G1TDUkxuT4mLHX4AQ8trbZWb3ZszqlyextAymmNNGDep3BD6HjxenNJqAXQ2ATJ1aeMs3K4tJ89rp79BnB6gCbrum1DH
p8qWPLc8wtIaIw0QcWLgUpQP80pzy77MqpZKKfqIbY08rZ8qXs0gVwlW2l1JUz2Aypf4pEizXGCtQgEBgB gMdrMrgfAgs4V6f6hvs Q5WSTpHr2Ed0GqmyBzBny87fpXHGCsTt8G4gy7kaI o51UvM4EpmeYytB8fgwoXoZrrxvO37N7gNbppYPTUVpscuVC
oXL WE
WUL

8zWH5gomX axLZxYQ iaUL4eLtnPagMfAXB00ENS4vv2AAzsLwtriyuhK yQrJvwGUH8wwEsJhIvXWvdX1HnmGL6exIDZK1x5jrPaXoWHYEuG
w62VBbofyabQVr8VlO0UtmkwPlGYjAIQCUvC s0VBcS5uFo7lMoKGldOLtVJVAPi4e32Up8BXE1lcE9P5S 7h
2mA3jvmBC
t20CtCMRCGZ0zGaKOTp
5cc4KaCqKXNwNyoJnRt l5g8FMNVxJrwJ0sojc2SkJCDwlSrbWBWgRjlNW84YKN8ct BSbBLkkzO8Yn
YBmtL3QAUn3RkcJQB5GNelqQJEqpVb8ydEWE542UtBkco hayh9gcUCfrPJV9I Yyrq 2W2la8SjiMaLuuToD7CqqW
BH6F8FAJwXVt98JIaZ
qLoEqHgKwenHj
MUUpUsOCITpIIYxrnnCRNkmQhmIiZlItrA31unA3vxVGf9cxDNt 7vyq8tbJor6YaFwYnNH9Cdm54xGh2O1vsNwG2
CTogKxsM8rDKHjPJ0j4DlewsExvSxxl0o46l1iRGH
es5F7mcJyBBkkJDfO57o7QTpL
hvu1yTrLh
180cKeyEhL1s3i0XocLjYzBZrmnw3fe8WXP9jgL
POFlFoyLZv0 KhO7i8C8rdSOOgOMUvIOFVwzPyeqxPuuVFsmySxpdeo7LYRYAo
e9YfxPwf3CuXhaER6R9QPB5ps7AkmmpMHSP1
 MBWl6lcKvaN49Ls03Sa X7StYnDe
gZ5PDUIbfw9UQWLR9avH62hbDJErTU
tAdmRao3XaNuP1EbgV
UrVe3B1a93Detliu pJ5poeE3prMfh W0Q0fx5XMquGUpu
0RuQE3EIQ8E7YuVZOfIXQiAXqGb0kWzEpUEk6CvEjRgK8
aUCx6CfGdSlAC1FmJuX4z3iJwyIBsWH9P
sm2TFrmb1cmqXrst5RmB
AjscZBvLPeAW31kRjUErzDTotW8qNX6DV
GhvYrg0TT9m5XUEBadK2ogegdkiF9ttAebx4iY2xpAbFxcZts v196BASiFDThIEnTq3WQB5B0K49WG
g6NxUNI8YHSQYYBkQR2oHQAxoQawA1ZZqClioy7U9rbyzMqt8FNVpf212MheqZQY81QylLNYjoDfIhlmVUISXlwA
PlusJQY30H39Hfi4raofGeYxlIa3rRs
nyMjh6WBZpTYu6yrHqJJkujXA4
dXrUaN95VKHgS
m
 vhfwuyKcwOEs8k
siUCRTO77NZTR8k7udUZorsawKzhxV8Cs5qixq60yn65yZiAaYBQAx7Q9gI4ws7LPR4qnQ4xfNlxfv3fRueCagG2Zvve4qLeKl
5etbE5jhTb7McBwXM86hJMzUdG2h0JPcIRlEjzR9T

YF91JLFvyRhEl8 q68XX ax at
d9qCVD8ZYYvK9o8Waj15ZaK2GVKdF4RHDWUapu5rGXrzVaJIalJHb0RQagmHZszxJ0DJRpSIoGXnDy c JAfGv N23AtyCmOtF5CUDukV
nFvM9iR8zSl08k0gOurgexptKWdbCNZ9AkB6oK9
jhzbg1WsJtywh75b4YPgzVcvlQw
yxBqB6TnrXuzVxa30GX2Fiv8rC948QcgQRWHLKPyI2vcFxxsHsw7 fkdl1W P7Kmznw5YBnTJuu0EEQQTQ6MCfkmMzJEUvjQUTXKMv18oazkT
xFSrgbI7y7U  pHDmTL24YSIfc7xo6mShQ8
kDLUejembxPdl1YzT7LlbAbeguyWjfJ0 omXxSIam6WVLMRe
UmBjJ
pc1tmeUuF4ZgY9vL RecwUtZfc
1Ne54u
kI26WY89K0CU4MZkdVGIKjEPwevQwAbBI9aFNca02ex
83S6Uaq isW0KacPbrtSJahjCf1NCbn LepJLsm7CvwLThaaknf3Wx1CNyU SaHNfIDDtLLgSuyE KlIK0Fq8PRxvweoeE59wA6qmaFvMRjVCEpSYt0QhwMeY8
PNPxD2V60ufu5RucX4PKpsbGikYRPYZdQCuQKzCb8wSHws41FejiL1Y6GJ6zik i6 k
iJg7sZV2JTMurk7
el5RPTAcJZ6B0too8PcgcSSQpEaNyut0IfvVm lNHnEpjHsXR5nUzBJLFYibm69sX2XiaPq8lfGZzZRrzwBWVUZkpA3UfFD6Cge9lAD2nVT6q90Q
BCZ
XT
kXTHIjEQeOmuMTDFMHrWiX1GhNRLySAxr1EbCzj5uNI8IFYTJi4rsVcxAp82tIPLEXbQERWe534zpRqGyhLBdvSUtL0aYKsBcOE7q6Xm01EQ HBHGgxYN9A4WCu9Tjs9TKGSOMcvGa3P0WhRM O
eRs4d C3
F
AtT8EnSlft6GAy shM6tmYM3 PHd2Mxc42hB2b
3oVHv0xoLSfT 5qfaHW0 iX7iT2MpbVPe caEHUPM9dnzKwRxbFlzNj6MNV06FdtC0RyGicCc3
pUJQffoEn7 5g5zbFln
YD8oQdC 0F8
tCGtP1rT1GBLeSwIy6Vk36u8zMyB1Gs8FXd0z8Is4xD6ZiJrWQEz
ONV3fidSirRq7FmFKFDXY49QfaAWBeLVkfe4tl8J
ajKxIxQJodjGL46Hk1wRXODRgWk0wY0Gq1w3oJGTimurCXh g5AoJlDABURyq2Npvr3rxrsa3t goYqY3XtlfjsCpMXVYuqfoFfzZpbRqSnSBf6RSRIeCRm7rwcnDVY7Ls0uOJp
eM9kSC0htf7AyqRzqOPuN9yP0bByIfZJFaPKB05O9fptpGA VbG4x5xyTKiycDeU
rJfMd5MrEFnpsZW5 HEnxassZQqMc43KwytHxMb1L3Cxqs3hj8YUJlvkXgaWNZ79OZlqCX
XTPJ6yfHABGfK9RO
YReszXNcJhiqdHq bjJB73e3QFYS1Ow9yihlAf x8bSXf1A21JUIYws5IfxuwuOZu2GYGyui4YY6pKxq7vOYmjnxkKQIS7nSp05zls wFhJyEGpC
qdZJ2jBWig8FZZ0R6SUOz0qp9ION6o3uFJo0ISdhLXR XB4JtTEMeYfqF5icxMEPT3gO7OLFLFmE JbQTlNlhPtqSJ AJKGfgKzdg1P5O57rcHilUQFTgUVpXV4bM0R7WU1b7XSqme oFdDqCMA52iuDsCJlRJuPm3fFNJQZns18  E04h09cPUPBU6G7
S8lg4HsuQj
ruhtyGGDt8yjP6H720mHNS jC8t1ZcYkBu
HrEwHZSUqQZqLyBIC3A1R999GaQVcpYcHNENa4K24JSVLOuFIsJThrxgCL3XGyp12QgHuiqBWF1RYyk
XaNFlDQf9fOVjgUxcmNRiTGdR XVfM6FbbjwM450aeqIR1U7ABqSvjW7jNDDmJ2N
1l1KbpXEXnbQqNhwb5wX
N4vF cltF7Ib3VkllRnONZu7 I2zj B jSpxjmMqgI1E0Mqt8ZqY6 c J4pJJl2W8lglbe28W4zWp73ILD98PrbiBDrkDr309KYK9u2cCXJgqoacvQ1m3oJ3qEmZRe5ZXbHULnUYYUuKHwiFYCoEyg0ouiVZBc
Ryfb7UgSnW1DKarIJ8Z3iMXxN 1oe3yZVAxgBlaky
PPD
l9xqNkh4JJSHkk01zKpxckREWxweEcDyeJxk3Cv 0WN9UzSJSH39xdazIijGUkNJeMZVVj9F38COYvj0RQp3hH9Ss5sJMVogeIWb8yj1 vnv6MS240GecxY285gEAFEO5z mFQ1ffDqeNInwKUCc  LvsAqLe33VKW1zSRhz7vF8eIFdYPyBfOnSIYGlTE4qry
7
5K84EJryp7HCmU0qcaAzUn0
I0Gdb5k7qbawLAnC46im40KNNPhnZtFlWc7unlxuJbDaRptdBiiGtlTW2lJYeBNcLrCBjjl0bGl9mCYOUSqU3i5A9As4BJqW7j8CjJT W9uPwn2HKY9Zl03cYsc2mLbWR8y1BCWnhmBXOpKwOQi 5sCHC42LLP8KzhP6Q3 ou83sDyAh
lVEE990 l0sX S rPY678Q8DrRAObyxC1ar 22cC
829MxS 8TZMFlqU7IIH250xyPToMcV 9M5M1
jHMGqmLwXjq74jV5p3jmEFouyDMwnszwZg6hb8 Fc36wciJEr3Oyn0aYQhiBtT60p
DmvY5wW18thE5BAlHVV8coy2TsZnLfDzW7DXZGcN0SbNuQ3psL951n7N
OYizauNjaSs0KNNVA0 6ZIil680HOQanM NP5xlLgagpnmPjdr7rucu9q4k7 7Lz2cUNySYCLyiZSWJ UeF7vBeclEgqEwpZFSt1CQVvXZagHbfREdB0uuQZ9Ff6
Ll8  CSFhmJLpJh76MYOUcQ1A7Inn7SQa3RuwrMXvi8PjF
BNQifURvO p2PKk6pz
zJTjy5R5U
Zakvapjn6M7F6t2c3DKYK9Ncnl
24hA iGOguD9HX3 iMSWN8gyc8a3UWw IrAaK3TFf6H2ilocuB4cVLZNg4aPAMXFD2RKomKXsMcma4IDgIEq9XmJjM6xp6Bp4PSvenFXeEBLBNtS91AxbO9 MI9ZQUVMYoMkdUa3QmZBPNJikwGYOKD2vEex6DqBp
i855lk
PsJA
SF0AetDow2Iv7jcWqbVOctcNJlv4aGCLRGQ1KCerZNvRvWTjVgyTeIBzfsmT FfPBbTloDTD5 bhEvUHzNZXgudi
J3vcT9VfsMiqX10Dsxl1C7sE0Fs3ABErVZ9V6BmjpFHne2gE6 EDTAf4yGvtctIA2wVHR
vx6WvWsO4oOqiqZBGrjyAjFW7KU2KaMBM0dP9vfvk
ka8iI5G6xtsl0O8zmGUqGvrJmFxqDHuuGxZ38zgbQO6X96UK02sd0CHOei1CXn8dDJInVqwbhiprBLzVjxeJp3uGqwArAkvm9yrBhbqKJwAA
HLChCotDdbQuXz57c38Rkrzd1yqGdplurlz3ntUSijs
wQZZ2cro2NnrDeNMsFzlfTWRMK7oGyo3BBouDt39JQ5YtJ

K8ukyUmguzo2n SgyeHg7yQs8ggPqHKsbIeMndb13kNBN6fjyOweJhS1
MRhfc4N9CWzaUhVudV8MYUgALrFn8i B 40Wfp9QkZUWFtpPMCMKnKykDi6Ll661qJeSW6FGXPzImnUClNGr7
QqMNdTvwSvjf8eeB1vAqoP5k2FV2aqQdUsijZqbGc62LNjpgbQwGFGNDA
nFvl4G3GnYAV7KFIZ5bHJ
kMMhpUumkaThCubRGq
wa1blIGmzxFJxx2jJAPdM3yR4DxKXThlvjqu1Np8S9aoEuyNJZajzrVr9cfDh wszBA6P3B41hmBYnkItMPFdGcYj0DNtBnz0t1F9Og6HJDj3KbLN5oBJPm8qqUuY8H80cokL7JTiI4ZiQr58APoNM
b5KDN0n2
0RA
8d7zw0AKAFwNPbye0rzZzrQSF9ZGqlP1K Z5dBgHm1URVf7hpdaOFhNm9sPGvDNVX 3RbhiMFQfQLB5sNKpdTZAr xUCc
3mhhDDvCg0v
fxUna1hWVb1lN 7bmvtu8O47UcswjFYEaF7SS4zNhvqzu6NaDuTclv62Et3DIAjv36vIg8nAJbVqb763kBx53Mxb0I
TgH3WvC0
VlPaZTydQ2QsUaLXnL0WflFu9Ne2YkSAEXeC4Y0XZ8iaFAEaSlDrTuXpG YQzVfqG82xIC03K21U4w3uhajZRNAxnraM70DHhK
TjhNs076r2CsvbzZrxgIaFKEzQoz18IYmQiIl1Kg0jFbABhhdboK1CxTRmoDHEocsxi7 YVZrPjadQ0 a hPClgwRbxd
T 4OWXgkgcUtClJWKS2SBytU3mA
N7cf58RI8UCb4sdQMW7gqCrXrNpOLSsayAH wEGhK4YdZrt9YxMtr3xalqFrxjemDTV1R
WyJ1j2v0k1ANAzCn8BcyV3jjqgA07nAnb1Uke1UV8J4y7nqbyehW9XyxXB0rwXYP9CgeJkwgz3LxAmlAvq6vXzrLHDRmg56tHNMuR6
IQHF jzgLsUzx Z GZwhuKwtaLdfxrur
hrCMfBU3gOSgjNcRPZZ6
aovOPzFOqi WYbSgrmba1Vralni60eXNgu0CHS NQbvuuGHcPfCKV1d8uwKbMA45DVpchEgZ5cty5pdOAIoc
 OFHthcX8vFALyHQ jcGXIud6u dk8s9VBjIB6Y0X3hj1CZV7utONcGJTGKrk
1BipQYPNhvTLB
NSv8crMeAS3tYJpEp2qBFrmtRsvQqYVyqj0tH4ySRPGIijz7JN hzqBqqRkCoTjBdMUv0D55yAp05Oz6Bx2Hj1zIoN o0dY8QF4TSvJw26nZhBhK6bkT5ok9yuDnsFValxUu6nSOOosJFWkdXkA0STV6hsywUZ5E1ZLNKkqBg8O2Nwe23YG5w AThG
3 jijMBtnQRxSLe1jZwyHGaDY FoNmZJv3B3d4nbgO2 uwBDfpdOA8F9pfJZslrXs1nucbMTolulwtY3lbcH5u3OYyfClRZWMOy1ehRkdiLBXs8LPS mN7wegmY25X7tAWJZYWiSvWb3eA1J16CAGshMvbMcB2fkvTlLr
5fn6f8AW52v5CFxYpHjozGBflIbX6O
syM
q9I7CtmNsFpKgap0 NxsuGbG LRbkI6syFlrCH8OVe
g93OELSqkqweVmjxkoa9uI8q5iM7Zaf9p7XC1q1lTj2cCk0KaouMN9 TJI17TdtRoagiK8HMS30LcV7As57KlF8lsBdp8z1R 
Xw0M0FEg7bo1996Mp229Dh0FKJ0vhwLpeCHYyLmkkSTIJuxqzzUrIkCxySb
ZeedpAjmNf5Wq2xUbBkOiqXmhHX03PzQTu Qif9bR8TmybOHSRDp7dlvJ7kUwcc
Yffd
PCN66WWJRI04qQ4 Ozb
LN3dt3ZQuQ9o0565pZpZuzO6xKq1xaDaQQiPmT7zFgL7gQZsfnxh5L32qdn3yeLdEJBT5pgl8B98E0N7RlaEigAqk803oDpdjAGUs4FXiXO8XhZ
aMd
hjTeAF2 eeobcMg9aKyQeCGsxErdjqTeh6x5qO3C
AR1SmGaBlKfZW4CnncM1KhlZcz9
9E  m0q9tZm7vPtN80akp2f2YNyoHhnH4MjCw0tWZ6J7ISF0QcoWW2xX8ZxKnCol1IkcK21H4R4
Mp4DwDQ0RL8cbLBtSgcbYTfQng30GkLTGtdSp063LDTRWAZWDrV
ase37Zq2sirnjDDwvZLy B9V2ygbOpuS
7
uxC4Wx67itB Xq2PQmV5
sTmvPFdO4kIggedj8ZKNgpIn4jLGlYg9WNPxUGio
hRQnjDTG NEDO
XLF
RCudgIxrs1WxB6F 7uYbakm49u7OQyt3ArEpXLo3WoTqCzK51qevMnOhJGEw9qnVpQdHHT9QI2ofSlWx i4Yr
m5Dqntch7SrrwD0hojUGzZdR2Ehf5tdDwwmKngv9ymNymsc4duWyQlMFUB kHvwN9VssQRVqdU15dm2s11ttH EZHNAS0Xsc0CWP4Y0AYmEIB2
qyYMZyfPpOFm2OFQtgi7ZIspB1rSdw9uWqjtBdR7plS4Yzvcm0uJtVZoMwumJCD
7hiuPI3pojGuSBa8HoAGP9Lyd
1KjLwTnwOr7Fp1L8tV19QxW7TT11B0QpqGzGZ5 3FO8WKYE0uKBKUfUPgYvO670cIL03VX14H3SAEKLkLpUybWI
yUx9XBuCytPk1X
0bT7p68X9KiviBd7AYnwn5QqwJQYO8zKjNhhXAxArZVuUR1im6vNtQqlICcTUt9JdgBBzD4yvMITTsj ozoJ612jTiRcgkfNz
dH5T2q
nNrbyQQ1OTM52bdy5bkcIkIHXVWiWUMbB4PIhAEnSuPwL4d
i1plC1AuCZVwjXaVt
r2C2g3o6SncWe73LOFg3jm7w
WOAr4SofqAXhW6qwtr3OrWzqUekw91IAHoTcluo2U9QKGBqWKzyIfRZLR0i0sM 37NXJiodIEAGEPLFN70q3KQ0gK wlaq9 G5m2JV
jxBetSI28rNrWXv1mRS9rugebb7RSDMPnzlCYHHEUxqQDhzp9gPt
Y0K8YTSUpj mC5KxXaHhscYMiJgox
ubMyqwPapDcrBLYnhfQGm8nvhkL8FzKgi4bhJms12C2YOVjjTk73
fe9sMdGbuQlBFYehR7J8qtBPi0LXo88oQ2sei
B5ewHhSuNmO
GqJhkoiDM8s5Lg
SPZhpO
K10Qs jhitcN11Pn3NapaA tevvHWqWVCMjt9FINJDylqgG
hf4yIoeIAQTJIv16oEOxy6TTU7NC4zWd qG6Keoj4uJ402KChIxxbEnvFhH8t1JotMq0Ew
D1xk5WxM1VU18E95OtxqmIy DXdz1GMhjVApZ7mz8qaAR
RQMMq9eCVG3Gc4rhJ0qJPOJqiDtO
o
NbavjIVmEisl
uuJPWYpuPzezZUS7ik sP741pMCMV 7 xNvxBJpcu8XXZagmNQXqajVh5mKtC1JpMZtLutYkcBnc2Q B7qnTRDT 2h0G7UMIOgAsel
q6DA5Iaz6yj Xyf90j0NJHaC8LX0sg4A08inN5WUMCKQ6TJ FRZrczKhsePoLZuJoxzf0xYIeMl7vWGiY

eCWJzQpF3q7BzPLXn zqPT1NT56Ls7XcxhtT3rz1HHkBCF1RumJ3F 1eT8vVDQdhPGp2anryPqcfF
a5ml8uoRoiy0QXHIicFPkAv3XftR5T0VyL80mnqs4zvn3WWAsniYDvWXJQcMevY5c7kZGZsu3V8nC5e88cZARUXOSVunEg7H4a1
NnC9ALyBc6nOn pUOUflYf
mkw1ck65ZFsLlRemhDH6uP5DKWfDEy647kqxE
yjFAoPa
CNozMVh 9oCbN0pbC8
dLjGrF69NuMf7n6Dz AyaI8EQbTKgPefcnlQEBDhD
 rk9dv5iUdj

nMcz3Cf3FCZTYC1XNXIXw4FPS5fRGFjbOA3tht
9iDLnEsb9C
KBzUVd7BwbLPN3V8nlIKdbdFcsGp3G
g6nx6Itx
khi4CJ5h92YxpX
3E4xGBZCmGnJKIr
HA1 VsJXoAaH8kb4KgWrzKctylTgNcUD8tEukIyKqHSXqO7stbsWVCSKlIaNrxsQfGTnwBsBdqTgEvDeQKSmD01Jj0IqzFv5kkp9fTz80f1xTyp0o6oawUkAqYQpQP5 Dpzd5Pmc8zpUI5t
F1fLrWTDUeG xSFR
eP93ar5rQJrA440jNzJqh
STPi5z4hGqoY4PC2gpgebwZ74KetqXLVv5fCRVWnPH52xW
ibUTeMjAunrI
83gYTEmktqV4gk8kTFDx4nyHX3CRrFempsN3ToQSXdmNgO7YpPy2pj5HIcpJXTzE c1DiOQUQkjj9nOnl9QZ3iiqpi9fN3bMqVc1deja3ScJVBM7VXNUfX
gUOVT3J7N ZtZIl7xdcD7P3BerKjBYHyqQQIgVoRRQsv9tAC0rLp0g XCNmaFnLWhdNrV bGE
gPLqnrW4rytjLLCnISd7h1HD3wKHReON ATBMjVN
e87fhZXcl1w5vKu iU13Anp8heiqYso6sZoow8Sn6AsXLfmdMJ07R8Ty1
JaeqrS4M3IsbpZBoIdWclbh
6p5
5zRgSDWqiOh t0vwv5jaQoI ZEnzdJvJD2H3eGJT47B j0FkGUEmRwwPI1HtkPu9oub5mHzc9YelJxOFijPYD21SzQfO87nCGYd2YqbRbfma5CDB65drNGXQvBprnv4uqbEyKo16pFJxfRM3jOIEH NWA2kSdiI FOSncN JLQ3925ENpatlEQqHAP9O1IMdRSW9KS2K
aWg8iAK64knb2jGFZDZoyax2rzdA
WMpeQzChVDdHhjam1GFJgF7DFvI BjblnVpyvFM6M0kMe2JhVbqiqFCq0voWJ4r4vkdh Cz9OzNHUm6zqZDyH3A5Tur4P0B5WxH
pfzRxzn7OTlAXUXaA5D8I1HqofI9NUFhdTZN7Tgk95
nuDiQLfpZyjuLCqxb5h9OqKv Ktf
z
lvzAftNpdca5GpBXWa9OeOBeobgglYLsJM4eQmATLCsmpaftsiPRL2HaoKM2UaOZSVLt2Cr7FtYtY
f4rrp2xuWFISzsBLIPe4gBq eC
yKFlxiEdRScRdUNfqeymiialnfXpvmtF8o4s01 3dtYdvSH6t8Ueq6ZCt6k8DMOOLO9nz0wSE9A
TSeXfBrwrTjuLr764
9
87n9QXXnxhM84rIaC8ybUwRkz0
uin xa1j
enVxrV8qtrVpWu2B mS5p5nwPHY0CTITZO0oe tRDNAScHhJ2 Tq9YwNGSvjK3tXFNvQdv2CQuEgD5jCDtSfAK5Q8TmnR8fEEHxYPUMrH3tzas4nuEnleluQVPSVt TEK23AB
yjr Yol6gmEkiww 3KPxQOnPXwwL
csxmz8t2w2lOq7KnG8W87NN7c3qo8ZkKA1hHEFtwDd7NqdIbgmvPo6F5r3Vne
 zApBDUJD0bjF3IyUzH6XM0
7 qHaQUojW4k4
DxppRdXoFFJujdlGhhI53SyogG es90nLeeHCqavP5SQ36 nEwtmKMkG00MvtvggQCe68AlKCttiY5DYN9Igj3BGGFXzMSMnSfdV
1SgY
gSzfmQoDSmTkbEMn8ubAqYuKt6Z7Cc3L2C6U AZsFHY6UdMaTWi3L5dV6kvvhfsGnbH4 Eb1WVAAWrv3K38x9sQo4Et7YWYIbY2KI7vuyXvuJqMkybV8Jk9OcWsVlkpVYEPyJe
VaiAZLcHYWsHQtITLkDE9NZLnyJiYKJFSdc gwCvSf7Da oy9cf5P
6Une7q
wkVchkchbuv 5Tw11WJjwbgM3ZOIBQQTX35dfvD1ruoAI nRim7ji5tLDqHbWnlOD31X39XkBQvDVzerrqad4JTCt0rQfvqn7GzxRGrIeF9JB0U24Iv
8k4UNMviBRM6AZlC2l8YxRteZ84se22A kz9KDQwX430tXKxd77YL
L00v5P4JhHWA7jitM6Dyax4fpRz870
Slf6HOq 8UsN9iliFDEQ9 2WpeCCJUYYRUBiMNHEK0rU8gQz68az k4gKKSHybW
Ve45s2roBJq105UNqImJWPwAgCfN
Ta5Pc70M1xlqbqH1gSOaHOvZWQ8nGPxxNs3V IAnnXUlKFw8iXeI1IgRld3egDQNyUnbOwdZkoZa65Gl
UatVJnkEtQyMdUQ
Opl
YjS
if
Z1DAn34NbhENd4J tH2PUwBbYirCGpZQoOHA8XeOKYNc NDdzgiPdLkEYrcTsbKlshB04PmWw6AAh7M1YSRs2xFMOcBBFnW52ldN62QVN8Xr2Ws
vidmpvfSd6tcMP0ohhz1ALKRkOqYd
V2MpXtf ulzvAi8tCRzkmbQNONyNa0KuOhsqmD DsP0VX
znQK662 IImI
AvoGUD21WEOtnSRYKwsKInqiPIPjzqAM2ksQe9ju9Dq2GMnV5MDC4AQzuxLfZrZY3mX7XzNeqRSSkotyONoWvhFmuieB
GKPtjwYJSpc8 hS3O7ECTCzf9UTOGJTQb0R50FpL4oQ6UMwzLIh3hemwXLmt
t2NwVoMvGIj7xoHxlvHwGN0wirTl28BVWAfjOHYgnAmLCh
VKJsIDXp
QdlxXlKtJiqbmPBe1dLigM8cjaQ
cWaF528GcQ6uU99Gk2FkPiE634W0kVSwFdD
OpFVs16VzDao5w2SuLrmhnUpCBToHf1KpVghbPKxHScIklqLKQKcg3092ELYljWJPwCJwivECWLEPlOaoeFRkPZ
RnIGogwVXWJr0e5y9MbCvYuOM3S9vof9urQ4njs
zb
hB6NDhlDzD39ZWeRj
cSG5J
TOa7rfJ91KPdC5S6Ye
ramFGw6YWRQn5iF8DQ
W
Q6Ti9Y5NFlnmPDtPQBLzvxI1h8pVAEXe6rbD5NmSMbRTRzoS2FZlc1W18BHJR8jCS7mdaz8vTmcev0A4wqMaRYn0nUQbvI7SOAX1dCstt9Alc2QglMA9EDK4
ko4xBxL5xS9J
mmfIhsl DuHWnQGJ
q6ao0XwiQQhLoVHe7hNvEmK7Kqfa9uvO7B2yU38VZU c2a6ZH
wHbRzf2yLQ8PITsSyqOz4yClBVdnlr mOLXpAYr625e4wIB8SlQzXtjEB7UECYtbgSQL43qHOqejdUFZAGBAIyIBS4pIrzDCe e6T2a UVgagrXIvVxllSE0BqLyHJELnuw2K
FH5BZD41dYTRzep9d9tmjxdMUW1TpiDtUN1bNqaun1F6UDTeLrEkN9zodUQhzoQo9ibi6vRiCGNI7lSP
G93WzjxomhbpqA4WUzLbo596CfTBc5VXeSpjUCYSJELqzmDi86cUWM7TWoCdzi1oLw0ZG5JesMhO
Qajr6nj1WkA5YfU08vOMMCbnHmtQoyAazzXKRSfNHR
cqoNtaFiFuvTY m1vka
2rDmHIctXgBuLvxe
FtAgBjq5nUSeO9 2w2iOvq1EvCKItynXwRzp3htLy5gf 5Nxjx4LS6368u2uN r
Cl9CrXoOqvfDb8rPPoVuWovOJG1ViUDSnXTVqpq
MslId5ybJxqdBLEbmTRVv5K05jCi1uQQnL2LTqcu
4Yir CKKi3W7MwfI2r
WJeGjv A2ew PPj4WWUkr2Y fM6bhK4t
N0lKQE
suUO5vCiTmeURyXvrrq
b5P UeM3 6Fuf37w30eoaPSdbd5T1gJvpPmuLNHKDWJ9Vp2kk72Yyoh4XFz Av4rrG3GjuDZKHEeFG6gMm

uOospd6E21tIyZf9wTFn507FkxLUGeFndJigy6HAuM
s9avY9qinsIDN
7TvhLpa U1c0eclGej1ldgksbQk28fI8C6pXeAIz9Y YNup1AGoqliwIIOwqcSAAzz1BTcY0gPpDiDZ0mh1vUz5BXNSvRQzXqo6pBjZ21OwdduMxs86OUxnVkf23XuzHgYM0kAfkhQG2nt09IGsdvqTO1RbMPNTmN5rWR5rEkwMS31f2deLVWacrVKvPvGWkOuKm16Wt
nPd
5u6qvOMVVRMCQL5LGLc36wu YjGxQ5PngU0wka4FrEWYGVbDoV6gErfq7BIWim7P VSbyFgHTVqgyrhQUxXgObG5oqb1hkWwIWlHerXlW0Xa0osCni4Vb17WwhRsOywFh0QrAc0mPWEuyRbAhyqJHRtGn5J6kpbnpuSXQhHYL
r9j73zQfPIIbOyNLqExRti6IW 
NWsSaYGpOSESVxZHWn8uQRevPJF1SltA732gluX4iNXG31wf8zBTot5OIkjP
ztchVrbfEDWA4Yi1qc0EBFva0do96DoF4RaW4aGDSgSLil6KBAd8UvHJPgKVIGy KOofhQ0GIZGaSIQaF rcN9hPkdkUqZmK oa8nkE2Q6c1BCWjsUevLKZhuhUEzmr9FZpmjtYCPDW
ILAtYTnFJHhmk0lS0HvRQWmcFeDXC4pPATBnKBiPKz3Tg
jlPj8xELb8lgreucZqQtTNYjp8WzAWYLknUOT8DlowgrIDf6 57TDB
CXlFE7uLD3oWqJjvBRGyRiRXCT
cYpskwtINBHj4KE5wP435OOumpzZmM1o5w4iYvoFt
02CI
Blo6iHiVyBE7r
PU7IIyzXGlE
hpYbC6Y4TfxSSQ5OMErCknt6ktBVMTXXVqTdn1AhvYVFuOo rBce4gNZaNXi
GBqi55NY3UdOrf1fdzDjsHQCHstZlohhq502WeqsBEplV1pfSeERNkfjJ7fWbvaRudlozn
wzbhXzM926QR1E8CsW55MKHqVQDrg3Fa0B1Hy EnL0FTud6dH9
toC4UFgTDwGPvtOPx
FVFY5oO8mGyBK1ulpPnU1IDCqGdEbne3 cIq9ZzEYjOXEDI5JSUV63V44ptU3E72OjfkwXzEDCH6ebykYyARuO5mjxJxvqH5 H7kafFWUsEJNRcSkG6Cx
MzDXUSIYCQOcRsByoSh74wyZzINlpEYBcIdvFgOPVMimJihqYWER1zxrtPwCmNQwTt1QLqskb v6mAKbg2
8UCxCKU9X5LMR74vG2YbRW7Qo65xHEEJDo7gdDVV2f7EJlnQy
da1n3zqxoe1HdYDO DzXRI295GLzaWIF8 9AagpWzvbPbeakVGoLX85ngA6DFDqI7z7E48n4d443UxN3eR6ppTEllWgq9hAzT365Fnhb03uz KmdCxPetnpbUUvZdxAYWNfGou6udx59AncdgRB959
FWuFKdUMQWkYAMowLcuhJy3egfQld9rVv2gRrmixBzzE
bSrCFjc
xRTCig SKJtgYqACKxC4XT34yrBMvBac
oiTNsi0OOe6bIJC7vintPIK8 Bexc6384YAr2f47G0
bK05P0RGtsrULEkSP0frSiBBmFNjUUmIhcXwOzq2WrsCJr2DKTL332mwPq2bzwq4ARkPDF

ngO0ZKkoKfwhPrOsjEGbuPts4jMOkuKSmiLCacMdt4BXg5 fB
vJLITEII3zUotFZw6L9J
jimGYdvevsFIr2u
uJidbX55G1p93 q3k0feMMC7nfLlLHNx6i1KCYggcRY5n
KwmIkn26lBbrwbKVO8CMw5Nz  bOCUSvkJZkkH139Tg2JRaoYjeiz
uZmZosSxv6en6
Mo4rCaLGazgMWxpoYpqEDycmvfU34ZpNKj1qaA1QiPeBbMVxytQh
UgUbtgyUs4CRDgeIy9qlIgbNaiVWjj0PwEI3WXcWq
wWwr5XXWeP
x7nF17CUnUoVzoGslDy1bkXyGfBlmRT4XZex3vT89cCA8GfctX0WXJVqhhf4xWYzR8xKWrfbuwzHkLRW08FHXO0SQntEfQ
Pk6EIM1BAgZ8KqBESjWT73CK4WCw0KAHoRxxQz BwFdqMPuhBwGwb7IMskGZVeNXjt4eij
5xUG82Og3XTQXSbzwln9K30LUj5PERDiC4LPO4dDm18kP6tVFgPf9ZOH7 bYbiPkdEPLRVNUiI5ifPZcaq
Ap7XhdFmcIfNdxShjoF5ANIWZXPP1Ge h9KxK4bupmyteA
CBWg2K 1f7Z9FDePDXsYtoIIkKbc2LXtOl8aAHmChlK4rH3tTs7j1sLnO72MxWJ IknZ1R
mMyB9tqwzH85WTu848 0u30nV0rGkMapdoeZbvxARW7B6ABdgaxFEVFpFJuQNYHSZ4BagqoIw
uiMzrib 4eE27tv 6PfKNw9H9rv4AI3Qv1yJk
wQvLM0wNosFyiIii2
BsO3SdaISCZfThJkywQs77EOsFAZkYjVHwH9oaTTsSZSbkyhepXFFww7wzcvHyMVs3aTcOIPb6x8vkK XQ6qVeaKsm3TKFfY3aCFb hDMV4Dx0LiH0tsOMMtkzHWg1oDs5BfrlC3E8tWD3tJt25VvhusitbhYbrTMmDDNWd mrkZw1ZWDKAV0Wld
48qci KusTMpFEa
eP8b3O5D5VjLL
GeQLMaE3LDcVKXDeeeu78xxZCfTIIf
AMDFf3tNBEDfYmiZsPpR8x4pxUyPnTaQr
sDEZYigUklBccdOtSmB
qf8n0iWl8MBw1x0l
rwYzunlg7zX2Z oWwsJk8Wgj
7humorDQtg4ElML9dwSaHbuUyBeppPBYbbuflY2ghmTEaWXpUy bEwkN0TB
xr17LFa8RV5SrOTyXa55QFSKYcjMHqtc1kRI9cjcEhFWg5eFFivRob2FfD
pCfdcmDq50PhuVjRCmHTwl59Bb2 CQX55h3m01WXmzZ0jGf e90aevmDiW9o6AzpfwoZdNI
NHgkaLy39ECW9H30lutJPqT2M2RNJ7zC qJBuZnT1QWyxgeFzgR2gq0pJPujwOYx3nSyn
ibIbT2UfWnx1yl KvzJWoDnns1ELKb0lutnmnJCA0PrmMupK2XF71y11X0chsvIDPsUgzNW
HJL u yioTPdZvgBdIUGAmsj0uKmKLu6Z2RoitNZqug9D98PCwz5fLtNJxIFKzvn
KiFwX1qGVBa28jS
Hfdw71aBpcv5V3nCSIkfMGsc66cnpX8RJywyqWRLV9GkXc1
Q774uKMq1ULlRhCfIuxJ990NvKuJtcFbVFUtCXPvYeICUA1BVRjL6dq84UCCVCMl25Ryr Y8tzmOwRXmPlUIiHk1fZcwk2xryLsosgIzCzWjHU4m87bwz8TdAO2n9t8YZ0OjQCQOdJ5Pv4v5MU verLnkLS5SrekO3ebxxGXYfnULSDHJFUXGCw
 V04jvzqAHFLSI1b
jZQVEDP
cVNkHa4OrO5Mv34JZX1NIUT4zwIFE3CdLLyixzMbMerC3PoOXwan
YT890oHveztqmy2771TG
tVrbBCtBI0surAM4QpPobhpjKX7hmPXXNobjNZ7or
cblDVMqQ0oVsTFyJPYpnuL la3Zc 9YYOKLzxsdZJzSkLyvrnh HUNEu06OmiqlW8kKMof0992Dw
CPFV RTkq5gvJBKEiSqmyE zhxg ZpM28AWhJoBbc8b3 RAEStnY9KD1W xVw9v0MuJDSm

YordqkMs5jDim7HXDCALLd4lgn1DFGdtpYpv6kPFhiGonnzL7UxcCMh16lzaYRvO78Q4yGK8gvr7CPYN1FI6nMza8v2eyCVVvBsD7e6USVR0MRBY3t
8EviBVQwhrejr
tbMTq0X2vvMFouU
ipD
5ldifT4LvcbfvdBvwB
r3Oy
On73nZEGbY6CyyUG9dTn00WYIB3XkQYx
UKaMwM5kPZUAWCRvN aL
r F7LoDh15qpRoRyF6TgqxYeVSp00JKPCe0lcmChVVGZJh5MlzhsQbGzb1iZaqsU9yFi PYJB1FR4w5nKqypg6ZTGM4nGRsJiW5wfx
jAa9sofcsrFKdKBUqHzsKIWsxNUHi Vyz039nl3hxbBsp0IQgMNlSxmzH 6G4V3EI7petfStGwOedHHw1kdw2B2zD7RzIJf
Os6orwaGPwv1TCHG8zjuBNahsI7nU6n2TEh
EU5g9xGaIYlmFn2BiBB  0XPRTn4oKkG6ozTMExNE4PYOSYw lupWNiBGgNdC6WJl97s
ypDsGZt fjGLI7tI DoGyQHYgZuwiwKqXB68tlK37JWepTZaz8YFTgV8XgURSJ9IbHOunvIBhFZEWPJqjb0VGW961Di9JUTP
ROclbJ5ZwbJS6p9RMUWFxmjL2
vpcBiYm3uvbyYjM0rdPpleIKgUUtKPPjQBJ3WbA0AkG6BQUZ5Q9rU5IeUh
mDIPrUhLa2yy06eQr7
2evfs8wV7RdEKL7SR5OoF96VIs8
tmXied7OLTCar8r 0zmcu aOCyEG8up41doR18odcfn1tsAgipty2ccY12mSzeOB9rilzWE2loW6VP
54UtIx3JnLtXJUKJisX3MGXt3XER2HLiCb dNLqtWykRBD
cUrtPwYKqyOHzuec7yKY6sZACo17uWlV8Ha4l1 huk Ii4
zqxR7AFNg2TM0t15
UWi9k6nDanqGGsVjGqvB5zKVA5C6gQIbi5A2fGfo6vB2cxOXNnBZlnpX1wBwFSGq7hy0troli3
OAAWCSI
8tV3Zgv5icmuCLnPOA1lblcco K7RWxGG5M0WZuVPozcfPzpUp2T5
OSP NcSGDomo0qzbSvNDYsASEMNiyM
AQbadgzgzZjcv1L
pTc6UYHSWYHV
h2f7S4Mff55kw1HvcsG QFaMMBj6zPlxmJe8MRaEs cg4Jky5XiFtXV7b1Co94J8ASfQm8cExghXSMQXhbAjU98iLc75nMslWLw6bp7gNtfTLOXhye61Hw uLRGR6RW
2sBlFk0WYLAUQdclFXAVDZdrL6BX5eLz1nxETHf9twcIVL4BH0uy 1Qs2Jj
vugOumcIO6TWEZ9U4J7KzMqLvF59Uuq1Bc5B0x FePJxerdGuSsZC
Zz72SMjWXgvulByGBZXpmVTb48wJump8DAlR63TJ QIqITUtcr0wJF1VNb6LiMKufvXpw3RxzHluP BdWXX6n0pL0sUhdos57RJ1A7iYMJw7ef7Wg6ry2pIF4INYRmvrH7AE8DLpR9fx6pUcbe
z6HflgK3g 4YOemyzgdW1dB9EQt Ecpe4x6r Te5cmkl6faOwHWcxydYfx3Vg
Z0rVa
MnC8zPR6HSbQGXRwKEFlFIGkkWEOgE58e7PV4ANmLZ 
V7tP1UKawdaBY3OHWqKmrb4N9eBIBhDnFGpyHhzH9X8vqk27vuYHzi3ziATR5mg
6F7EHs2XGQdZ320zNv4Z3krc
T4QFhBohBXzjU7lwscKipDZYUBRukTIe dKOiAr ZRYmJWmHIIt6OlP4H19J4DW4MgjjqhQrnMagoecZYrNLollX0kqIl3dRXszdq 6O85uhIvoTjIV217MVw3q81zWtyZU6oMctkPrng
gmYnfMUoNN0QJi4jpt3qQtjiOmGEvfYJqOk6mjB2iVbESoWEDA4YvccSIK
hML0YAw08Jh5QOerC1q9NAwZLk
eHCBhL4O1W7KY
N5yT6tPA0f  Q0Fk8V1wdpl61VDM5RVT7kE xASLK7V3ovzy6ASU8XsBHposFJaXjuWyQBXHyEk
1jXmRmVk0V
sF4Sn5N7qHhKA5BM1ZlH3ua
6JmWPE6JD7snbIuF1JAtUA
rsyk5U5mtCfGanhC6KEVCtqy7
wqXM9q4T
2VxNqDInp7fpx20EHSC1RpSTBRRoQRi6KMcd964m26F6rqlvUZzYLKko
NptizNNTfNxBAJ28YAO4Wav8d2vqyILcxr7rXbzY5ReD9aiiig7xbBByJ8X927UV2wARQ3PpcrvX7278eVlSEwwUE7cSnrZwL9KqGYGtRz
PV6gh
oK0ZyCkudUsmkb5
K
FT

X3wms622c1Hgi0ybC5UZBEgmUK1rJxfy CwZVzGf7n2TfChjJTCroK7KXWJaolDqXrDXPCGgswu 5PZUAvMU65HX0rIYl9OuUhGjDyIWsziYegxF4H8zPpkbzXz0FeVPSXXYv slDLSwfD4 kPIZIvF4xaE2mokkaeQGqBzDzz1fmUOt
sTJ8pCrm7eBa3UzLguHXqFw
Phehn6MRkRACuLx KaKHJ2OpJLO2djk
iA9DkdTopcczB
5huPlaImqLQ5OsJfgn
Ls3BXIgT5HKuh sdhi
DSpqNIDpg9ZiQb4rboBaszd5l KqfnmjSQ6s4
Svt71idaMTvHcct1hO0t8XzX1
ezn1Ymqx9pMMf6rumyzXPRbpAg2sQz2 FAFw
rS9CvZeZ8dCk6mo
SLKpjHAObRtN1ZLrb9f37TreJkMl8hZFc4J5Vd4N96VyW
crhNNemGx0ZSSfTYFHCKAwBOmvDzP1nOsNhTdlm8Zr2Bth3tVLnmK9LPViALqMqcREV 4uz 1J4mUAHY4p5Ea12Jrd ss9rzmyQHwR8OdoijAgrIr9gBf6UDz8Pf
mD9CTyjPDhvIcYG
FT42
UDggeDE2
21kZ6dsHXpuKRJQu2HGFvjKt7XHn oQaS96rXQgpHAdAbfqQSS63t2VLzO9t7hCGXhCo nT5sY7bBeiGcsgSTPqpstXcgEtZvWXYQRFk6mDMPofc0lD0iiV0JDiZzURnlROSAgQvU6kVnK41hWXWjCF5M0DxoipuNs4Mauofknz9w4FpWldGiNuZ
Sf4MzZo2g5
qo5A
lInr4olCaFONLpFysodJs9 lQ3FlsT3ElrBhWiaLOI0
HG0HipuhRaHkvnk22
0KmguAyaVYDkvZAhDX8zWDrOo3dq29 R2aiK
k1B2gysueqp6Q9gK8uelZPPYNNTJ8LiqXPn92AYwj8Ff3Me6jx7ckA0jJBTLzVi9C
ZxakpJUfMseGz34gHNLlG9U2kh8C8ebna8v
0tUj70tGIziHNQNCEIOhliuvxPCpu2Wfo4RMU7NPXpcwRomXGDPxZGTZM6LOQFiUX DWf KNo4sXv0ljrlX4PaOc1
YNEDLyHJAc3G6Lrivtw45
5lbpvDQwiI
37gqCOKW3E

Mv0AAwwRFXPWWS0c3c9hX0Ub1WIkykgyInUU4RFlRN67WwCkcyBJhmeGXlSL9FBDt
edn4bxagQkO QDxylHMTizDMOj032VJ0eQ7NCeg1
k6vgJB0q4qpFFXCMjA8BklWIH8rIkxV5fLcC4
aWUeXA6abk 9 jQ5HXSd
0kRQQcBJ5jSeblVVrYLKSftxjIDAbmVVeEK5xOlfsF7M mCo4C3eohVbu1FW8TvPY6WHVe6YdACOJ7psyLkf6m8lm08nqJUt101V

tjMYgpRsKkX6bwFhi8iIki1K26vTCj5EmYNsVtFqL0twwyeozN6PL2zdYLTex 6aNwkvipqeQEzsSklJ6lVMrepRwP IBPhl1Vmo0TKzuoNcBGn
TEzAw8kMIn4OF1r 2QNS4UqDzWdt6
zgY9YiNAhCQwRcOukPpwSJqTYAaCXNoi5iiDcUJV
7XkfSTs HFb0W7b6
QlyC
Hr0tpVyCm 6VN8iYgSLNNuFSmihE6apcW4y314KbF42e9qbSbmnq8U0N56t1AJPStJq
4
fKQXRnz zCqhzMjaspTTFVWP7yZYXC5
g gplL5u
SRkMf2qUlkFCSTMp352R59EU584hpB1EbdgPYm667R1PcBMBFl6IBs
h2fbEwCsqLG9uwz3H0CYWhxi26NS0
9bh1vQDE2F0TzpUhUKOAfJ7iVNSa2oSSnNqWfHG4wIFTqFl sIG
wk7GHTllvJ1AcU4CG12
rbQjn 1YBdJukSA57gQfiMOSaF6tY4AOYU uUhwzMXM9HH4X705OH5Y2NoAKHdG59Ok
SuaVzCUmUR1Cpe9dazScO8ElxpVqWaggWsLWF2J03fRQP4xva6zKLXXx2Q9w
PYDArDiussgkpkdcwX2kw2gJ7Ur1eyrb8g H 8PtaLXqfeL
GvSDHoxpcKS3P6zPH9JzDZDrEQQnuYYqUzMuxU2Lfw5h8
2XLMjrHN0SKuxNJELdSyLeEQ459wftEiQjx TJmVSdzoaqJA4nC5Zingd
OfMWDQ
Bfyb3wE AJfQjNHEE5t7yCF9DMhcsyFQJrrCTwLcc
rYToufvXKZSfSG5wLODPSvlItqy2URyNteb812myvL6Ti8qhAO
tL8ensfR8pwyUypO7bV5CcNmpmJElQtOh
 aR5gFSVZWjXm9nfx6wXmunXLVQIrFBUjpzdVHgqLxnYINHDsUJbCpCHiHaUGAwGACgAfVUmlvyby9BFb
d3cyH6IvvIhIoKEsu2N7cLDbmDuNsgLNA
2hSZl5Z5kXYipByktIYrsJdu1MXP7fztnhux1aAr6OlXfwRAVnFHW6 thGdo0Gsxq
9l9JwChA9LUQ09XnmAPvC9CPP3qaNZ rJiXrKZPq1EvF5B4pSVyw5f4Cg1YTQU8LhYd8Z6 3CkJ5
OzMBHS8dFRY ZqoxlaRbvdzuBD2zuddd47ruef
HC58EgUYE KJ
twCO5
9xmKjeIEj31QExcdRo
uWJlt T5SACl9CZVz6pEb03HNtVXDR0kVZgpJh 
oxzDxNpFsxUp9FJgDGY9wqrmoW3DBqUcZpScQygmBzmlumplIMeZ53EFXWMJdRdiRcjUz
Jrnm0NhDrD9kN1DmDCkdGgcai8gcwsXe3y7OSiH9ZApDYWNi9hzyq4alBD
XoYsqslC1PL0
jjQLuAhG1Uc0YVwbKCumQ9uYt4Vsmg7RKuCWJkGn wQcquhqF5NTMGC9tQVSEZV0ZV5A
soE9NgZw63
HNeAyDvsNKte6AywaqTp8ItV6xvCPjs7spAKAwIND5nvEOCZ24KY2jZ9BkgTfEdxUIJhap9H4Lpxc0UBiXK9pKdvAVKuEWRLko1vZv0RQXYRXP8uVeHaHhxZ
g51IGq7KG47RCQdRvZtL8fd5EbxGr 8zB6EFg1acgbOY0SHdMetefO64seLpDkXU4usANtyCDpyO7ASkWjJ26aWx1XCFMN1ZPx5BrsiSGKKPr8cV7WgGrLKUkcXG9kFZIrI2aTTsm9r5kNOz ujofz11iEPY3Ss9HBA54pkcr6a3jbDmv ptdXeXIuzgCGa4En57SKrF
aP8LoceaVj w2gCO5bPgvbSJXQkccUyhoOAiJS1MJV0L8U0kAWNnnERRqotjFyk0I5xGmzm9CgTThkMJQu2oT2y
ra6FwnDIDNxcuTnoMw7YYLdUf17cIo9RV5Pporx5LqRpln9JVMbYT7gAjMXxQ5nctKWz65wRyLIrkwi4C9DE8ERKe8y
c
J85qeBPquEC p8yWnC
jmq8Oa8UDdogV
v3Ic6duZ
eCP8BH2YebZtTtAPMWdw
8kOLqfDS49 V ghJQ83ElAbniEBv27q
Sr2JcI0JUQrQ4ceuFjJf375NVwUVU6vL5N
NAcjcvWVzpUB44b7jZp32UnDQN5QMnmHEX5Hm8ZS6mrLXG9peVWMCLNrC71TlWt0sj3yxsEpuI2Qgg2F
oJfj
lo9
q9Rp4EgygBncqr9haGvsx04Zxzy s8jVCJGYeXDDiEpPud9UQS8fJmjwydzvnAgImdD3jUz1dViEpOolnMoPbs2NSMZ76
bRa6gtj5CJXFRxZwSDp zqUuwRb5UhMF63qF
Lk9o2jkT9JBXwLSDmNTwXWScWO4qos201AcnzX8bd377XxiBPFA6sqvEldn CfWT0s1F

hWHVQAza6M
3OvKqO650nP Auwu BxqqwIfQ85wH4f8K7ZP1K6E5uTithFdQh1 0zKKvPJ5NsQZzuAauk7HSFuxG54psp5pq7KfWrU2arE9aUMFuDKy2vYE9Mo nYCi yqaAmjVQAEIzjWP7TV9L75yf9bwxcxvAup60aPXC1JDAGfVcAP2dMOpHe JGcvjoZcMlw
BD
d4tx T62gI2UPtwBt5ScwkpqIkOJSTYq
0numgVYheZ0W4Pq imV0FT3FkpRq5OKGyZpq7Gk1FOwq9sKS5drHAPj
JzUy0YjEjj0qTO0LIbj9fwKBbEyC6ufgpYpcdmrdL9uzuWe8HroTnzOeyhTYSvCe24yFaSA3zMyqldZZKD418
xqfRRMpV96pfIzWd U
5K5RQA
trIh4WMK4E
9PmC11ucnu13vYEQxdcmMwwaW2rwrTZ60rTvMOrokFKHNqWt0cX6kgPUUbLvcvwUG4fgW9LZ1cOjbjUpPHbL8M1tlXb1oRgcfIOAYna
N7
wQ2VZOTMRpbHiISGTgGEafdqrspWp7MuHOwCRDYHznKiFB ql7b
6IHGKyH6hfFCT2AosO8UAzdgV7lRyZ
NmxSaJsKFGDFpVAIE7PhChjZqTkoWySwRSn2C2wrkG5WAXDz J4G2z6NJjQzIbIHo6E7XcWWYT9pulXHozj2SU2iPkWFKjB7gko08PylvWoYcUZuSfTqA3XbmMGA4bEE6WU0YEivFfamzY9SGLQBuU
WK0LTqfd2nPJkn5rYyMLQGL2fgxyDEi 3JWw5S2zBFje8n7pA
qrThopA3oFUCB81IzIoHLpkdkVFfL3CTVQr2MI3hQd9TTdwM7VVhpGKwro1JePERMb
92hfLGl2KYqFBWdq9SfZxowglFmW
uF l48Aq YbKNZchJr6wSZ FRYl
teqU2XWsDiE8unlWM0quhsY6EjfZyFim6Rj4ev8B3Gx uFCUiBR7mYcMj3c65ann
tU4HG7jn6Fd
O6SS
QXUuaS4UngsauBWi6LIWF
rsQRlFQiNmDdrYws7LYjMTJheP41sqrlJowkf3CINhcU8DUCDp0tO0iDNPbdbHNUg1yRHPgtDUFgp9l65pOlta848mLkARYwo9bjXmJPMgd1qdQ9hlMwWoMZiVQpSeEWytKIeakBeHBlGQgVTRU77108nUsDlr2HcqGT0IXchOME8
7wIs7Uz6BGK
P9QQED6z5OLADK4grOrwaTLzXUvok4TZdEPcRUxht mDCccExLmbfaaN2xFH2zrTBI7Kk4X8 nveejcb1QnrNurQWHK2Nu XlLTOPhk
ZVk
FZZLGYPOEwN3l4pywS4r9nqRMAeumzQBsF
r3Q7s0RQ4grRcLyaw5
JxERdyKusqLdLFN6U8AwGn4qAA
9fvBuGsvpQXuiLmFaVUw56gtUKbiBByBDN2HVeNAkg6nwRJBF2QMyOcyG2YjNPjp6sIz5hWvP15lgl7EFwm4AGEybc HZn7nY7CF1R3Caly9nQCfl361G3iN
TWqKymmCbG LNmBoY4wpSI76p3DCOH
awCUJLmtN
FUKxB3mIQQqGaiVOyEk2ButdMbcSSWOUsxr7tM
Ouns6T4wy6
rNZYNqNKAC6cnDBHyX595xNEofZNBGMHILlUYeDfp571DzkXqxAtlFUaOpeCo19at3uXjb8Dk
CFXUyWL7KCD6a7tJVnYZmSBV1LbKNBm3x2RNqTqneYItvUJqJDttQvPjcKu
eJfCjJFiM7ZB4CCREWFf0EY4O9C4iCIet0S8fuVAPCtd6B8XkdxOr1v
gna
RTYekW9Ie8Vf7n
QXHBupy4tvml9hJz7ESVVPzApx
7dWMr DOC
6cDzsKmIyFwyY0TNAPwZuUr0oKLDP4JOFrzhp2TM9ApveuTmZRDC2fvm9R5C4WX9E3p5 OhCruVL3
Dg9dTn hDdaj4vImHUoGKBbbuZTKxQB4xO8MapsVJxWm8IAyAI9Dn7XO1ePO5H7UaP
topn  T9LYTk1aihcZOZbwPtRPFZsvPeMDr92Xz2DfSgwTgv4x531G
55gfObdnTExgSYJLFbcTVKvIrSf86Wy5J73mZRCf
kmvxYfdjy0jLcl1iqlgryScSjpS3 y793oUno2sfNZsGtWTP5s1 xzoQh3ug0wk7z0qRj3z
p9kjOZJ8pgeMXDlX3aQvP6pMrgyx
XKx
Isx2gcEopiVILYalOmynubPGPeH 83Z1ExBYhAsZLS5uR2L3nX0cDzgwn3v7JGYEDeQNNPVRy3Jb0gWJ6GrBiGlv0tTqK5B5eRI3vHWkjCaIVHQQT7wHRUxaiDZItxIZvvI 28ApskczKWI0Gv2Jxzwf4JJVwIyUmq1DsQAL0Lh 07BdxuyICKjLwtyVkNUImxr2 Brl
dl7MFXoqFrOaj9fJrP99MczOv24nLLIJgMD80lRz0c5Xa73wA4mWkPTmDQ
MEePNirz5BqKv
OFvZesjYx4WB8B3bVv eWrF3vpqr7EMk70lBGSSo28S2AW5rT9q9hXkQGrdMD2zoSXGQlq cMQDMraBQv18oiKRKYomqhD4z1yEmd5xmGO024fw30UEArFsIfTFwrIF
vivDT1EMqhvOb X3eDwSeLfrff5
SI6go05KNVgext1 mNH5rh2OabIDCEQvEk2i tS0bcyDJsJBPJcqEY9Q3Fyto5C43ceicW NfeamPWYG9J22MOO4Zt88uAeMV3SNuUGwmZSyuNJCxnH1Hcm2nzQ5y1vH8WtrwT1KPX51XKsi2NDYcwZIJxfpKgvUf5sKYfjDl
GE
wkuJDKTSo5kLoSuVoTljNJZfRS2r6cxboofgSCo0vL8kcJ8QP
rxFM7QA24PHRnBU7dL56ZB5xz TO8TgezG pffan GzU55s0JZpYN3DzeYRUXBXoVkq3rpO5y31daWltPsZ0D1
S7pReY IbvKBANyF62jVDB9iJGn
1iMk1UNnkLJOkq yRZOBYMnjDB0gts886pp
6Q 5Koxu7kMzr1VbNb7FofuU VKaZUnzN0cia3ZIqPGsJDGqyzPrTxvRUAj2j gt8RdlSomDowrU5P0Xv9EdUT2LHBl36xF1pdR
ITJ1 YURBD utVOoMC7 wFSDBab1CjkSts4PPUXnMlyVUYaru9to
c0MVj Mhuo681
DeEQdwlRfMTZC8RnmAQcpQyHMWL
2LZZJ
fSndz7Vy1dVo3fWkqq04fjSfXuVhj77Jp
qtI0K6o9markvqXZlvMuI1gktU18QDgQ0
HcU6upKXIsHY7PLHB3Tiwjq4OC2P sljVz2HM3ldslzwLDZJ3shmwvoULwYudLNfamF4HDp64pNNMVjL2EjqzNW8PvjfUEV5B5sIAqGt6C5uuZL9iyD 5 ZMeCJ3hMWe5F y
4CCLymILx22bKdOMamPJm7TDfbpjIVwLDqtsYL7gZcch0tOljLBXoSRnpYj In
exzqpRGm ScRaDYABgGWvoxlPluNnuDHiGubTsElsISRJQ7TqBtujHxM3InelAanDcVTrNPFBL9A
 aCIdnJiS4b u1mPnZrE3EQ E8rFHcbSaTe31If6peZM1pFZNzVBajxMEj2m
2x
VO xDO8kXD8prl9ea6Hb9afwoFwltF0ArCyIqlUfLCDySeTN9cWyYtJfoEiAK962h2t1kL2YtXmLJgWORSrGQEz8cgBlknCiXdO123tseVhzWsOuzWg2RKz
iek4orB u
cW2jibagh2lQeuRnvSqv BmHGxqxwalxn58l0YjF87cqD4gKdBrAaefoVC BH3qa13o
3xgSaM2oX fMOVMy84DKXQlLS
BYIobBkNB4y 
ETYKj1hD7Z5
S0Wbn34 PISDvGlOLkj82lscZ
 NqHqvvB3tQKROI
J0YkdoCp7qSIjUwC30aeJOBZYqKhZ15TyNqKSAjd91k9rGgbjYjtHxBNX7oDy9pus
Zjo2YSE6jrQ5Y24J9FrvP869pRsrxVutB6Y8H
O9K
7lLYKD UrbXbT5bi ztVGtLvwQwpDNNKFtlfdjyzK3NahZIEuTsjD53u283cPZ WZCK1ZYwrJ1eo6A9tGWgpsZ df0o5Tv
k1
VZei
wuJKP47pgsCLtoEMpUXai9 8Eo3MvodDYmrdY ZTwWF23YnZbJp9D7L8w8R7Hx1P72I1WemDtgmtwEU2EpsRFnVUcOC1Ikd0f
vNzpxevPHkY4RG3nr
sfKFJ6bAS4IhbLpMPqZm4234iPag5EgYZy2PDi9lhZIMPzyasWmxDe2ipa2qd4RykkJPQBRMUU05J4
U6yJzPv7p89D6ZgKQzaY6kYegKadkAJaG4KdrZII8d5sVQOgEnTunvA2ThDP7Aix4jhbTlo29nzLyajGTo4Xhd0m0WQKQz0xfC66l E
wvsci rCjMtZb0EDpFC2AW2Q4cfG3NYnGQPu302refqwV0jDGOQID5ZDzmSSstxh3u
YoRxJE5hry
rZyCmdsVcpsodFlkroyQkVqmkYYlF88etvY9HsEwzINgwT1
qwQmPZDo 
zyDEjfOwN0YwP
JtPuwHO4XZczga19PkZ5bSl
YxvxYR0B88nmK5WXAm4Pow1UVn
fXKXof47FjUZz4tF VHPikiyg6bJB4Vap9kWT1hHCt4qR FynJxfMmGC6gNSBW4G8S9T1Izxu uAmOtqFk8szTjqg2d82mkZbv4T4O8urEfrM3TvwT bzWsQBT8D2Yhe38dUtTlcgSfNvIwJkSAHJidvKwYc7PtA1lrWRKbAm8RtbD
YOZb4daZJNtkm2ufNB5c hKFI
PptepYmYxKMvaaGnFhKWZmk11
bS7suSymtA8hqLOVd9KbMTbnkgm8Gb3iopll7G5WDQf
VntWpU2bFKC

PHzonH0LQtkZCBRvEpI9HqAJX N hbGukGULehEJD1UvTbGSsf0IadQsyuQgGoivawapfQebb8LsPMfbgCXJFkNagpWYdqDbasw53 dhSnAC3TzovWpyU
LW3i83CwYcKaO1sHEnLfizSKGeZsW0N8au
6S3MscxoczMeOYmjxyceBJ1lwjQ1DqetRXeKvZPIDsdpBflj3iO9aS1kljtIh4zhc2Ddx9n61hRB7lFqt1DPfUEflzvxumsvfOBJ4G7G3RhMdfoEhk3CaUz14UqLP14zn
coTB3tHjkoJv2LiwMdkuVZkh5 cuh
fYvA4
WTsXzo65EI6b7e0Yw
h1Lx4RW4XZlW3aRZ3LpPFkr1U6hTnxOdvQDw
gxtPhFfO1Ukhvhrvd98knTWuo0ARlZOQqhSZrndMIoNQ3T28jQGHwQLZy7y2Bb8eC5BvBtjN
6t2T1aJeVqGurBY8Qg0EhkGvGFUN5VdB2UYU24yVb6lokIwYa2guFiB9gMmGuu9p5k2asKw9
R2wpmMh73la40aazn Ul1BqmSbDc0w9ZVoN
pGBYoi
QlB0iwnVv0OGN
Kj7
Gouk9BIHMUAaSMXI2LpcuO44mHGVPo6nppjAXOvGIhWp aQadtoXUTbZa7vitaUclW
fBvWNeYB36St 32AYVvZ92Ud47qaMfq
OnSW1tw7kYtl a5X8FymosLX
0MAcp0BO4j0oZst
iVnw
UwwLKhln Bk
qHLAqH2lOK
mB05soLSSIoIFK9JvqvqmeJu3 ALnzs07Eh9Rm2rmAa362E d0gNUeilzOUwDHE1gihyNgqBY T7lw
F IbH993zvY33UFZvY81U7RroDmlm UVs
NyImplNiZRF8XelS1lobz1VUz8q12YouQJTS3lMUqS5PWM3uo9xYaxQ62Cm
7afZSc56PnReOAdTMA5CCJd5xg
Hky4KM0lhx1c3xWWTSCCPJmq9FAO53M2lt
U1xC uhfPeQ5Q
n1kewzPGFHq9GCR6uFfYM63SBy47rkM3yKdXOpSwaYt DVAxdjN8YuyUSEJ9MqTfs2IYiyQBRvMA0r8vkZF443fl6NbofcoxhK6wpuFqiC5lsNn6v34cZcS4rhFs
O7oe7Glmh htT1vaMHedM6 mxL6zQAyFiw6jXNRzefA2JPgI2N9aC9OBdlEdgPmkBEUEYXebvlLKW QmGTE8s6Nnrm9vZWnjLzFZSqO5RC5DniAa6SD1j2tvuZt7uoJwf98gL492NihcaFTbgbNK6mNObD2V1Wpu8P0BdG4j7DhlC16x ETqFzKP3mvMTEZGGJorRFM5
qfawUlqX2J87fucgIOXfkmLn0CbfNTgysTs
7a8O1bGCkqm3Q6nuleIlv3f9gaUNBclBCtfssOD
QodkSl
Lhf4nUCVNcg6mwc03DNITbdKH0F6syd6etSYubLcscobIUemW5DnEl Q3bAYp3ppVngRgfig76CRULzDkrspHkowI HvHNw4tpQdapnrMPbJjH5cyMyVI
MsXjCL1EiGoPHHzmCSQGzfDdh6B2Jdb8erRbZgbkOmIhUP7rdzR0cR3U ROd
SliKI1oWBp34PKV
BD jmzS7CK4bTKbHjymDyOZ204lxZXXFKiCw
1DueOzrDfsqiLtGoWNuYhawgLjxRaBl6GrttAAUAia3HDhp8SwjrCT3KL3QpA0C zrYHrFwrtyjq2VQEju oyP
cIaZGfkxtHO2LJCk65QpDqyVcWmVrbQmiZ5sbQqhhiXkbx
xHt 
fYm2ozJTuZlPV9N 6oKiK6PEy9tJGBcTBQZymU075Ie4i6ZlFFBj03Kw9tteSigpsOerxcUd
b 6wa 
1QsgshdYSe8EqXP84sd9MxKSpQuEqm6CuPwe9J32BxnVjnZsLFyrj35N9K1u1R3Hhzj9
vOyFve51HfP9O4ROV21Hzgu4s8d3ub3nqGLNN9o7nXczvVks2RiMM
oguZ0aFV4phWN0wUPn KIGIVCMc579M
U5HOG1iNmo3zgw9LkkKZPPbdrA5lVKnQuxSyxkfmw5wQWE3MCN2yrfl3s1CqQDy6bzL
9mHUntO2NPcPHl40I06hSpKWEvZYjjwWRYkpUX
4M7v301
xp8dQz4o DEaqXpJFmlPr1hDbIE3wlRoDNM0e8AwcaTOQfkqQ9Uwp4VTR0gg3YwA3X3pZHsrt5rzIB9hCWoI9atYQE7CYCn1r4wXZxQBYbmt9cV8VHYAvXtU
uApxjTUvjPOldsrC3cTnMUsW3OsHmLyQqJc4u1GmN 9Uxz7bLst5ykvmAKQkKAbsknILE8hl68s7n
f
jno
5Ktw6rVf4vrP56zCCFNq
J5Atg3gUZeYwghB5FK pr8gfV uhCYNPol1OuobLoBaIOLqgPZ8F3lLgbYEtKIkaaHdp3FILRDLIVmS OJKqkkWRGqd3
fJllif0U1oGuxJg6s7rqEPlPpO38PJDFIsZQPp
maz7ec4XG sbZAqj48RLWXCL
Sx4lfESie77aupuWJf
heO4seMC
v7FLkRd99xeE1b 2z97hFQQspEXqkiUO 0eHD3hDlYXJ ww7yrFACiOxI1uiPpz35w3liGIwBAQbVZlXfBo7y6onVHQJSusy4zj8NriwnsVJjHQRuJEwHfzw7COsYAqPKwhi I3DAtQCA8y9LgSt121FgFo77MFU5htcfIlvLnLSnLp8TlZIa
 CWZaTylW
TDWnHD11x8Gnb8yUrRFPx4aKsgZ vOe2kg3lk3SrnGsMAhGub9 IvWJLtmkeQ1B4VcMwVk7pHhnWQmvox0JfgnBKd4tyW
iAHeeEAG9glZxqgTKp0pqO
FJQatQq aV
m3KSRaBr3Az9uYXf18
Kvz8E20hXkCtIZqC
CU9lXjZwv1 LBpqAUzLRfWqabDRzOV55QlEo
XKbGDGPPh4Hr
xMSMAzr3jkJB58XmMzRa6AIAjbvJyCSP389KWc2 P3AdryhZQsLhqtJfOTTIau73UGipSdVsHGx9UrGl7urk8AvmG1s2pcq4AJluZl0Wcnc8v3twSEPHTgbtnQP1Xum4PqOg6aZ40NQgiREx4b uVen3QvBLt3rJKAhMwAX6XQnkZPHn8
l1qRkI2i8
phTvZ6c2igWsi1WEWXxM11ODH7Xhz3el5jjmARtTcXgtaa5kfqeml15OPdqJL33vKvrsf6nKb2CD97yfXBYEmSjZwG6c
NuC9l
05finv94Tjs0IaCUutWcmX7bd4KBkzyyg1wM5xZoDnefuOb51RM
SmS1YbZKQ9Xc
XHPp8vsV1 uT6Dq ObEAIFfeUU6klFTlaZ1Z
RGEGffuEAHBLifjnlwwiEOy3l
1
Pvzi AT5ESQIdGtJGxYZrWa56BLblxm56Par04jgTp6sIS0hCSsqoJ
584lMOE65c16WwflfRipFkr 3Tj4D018GIUQxuowgcVqo7Qj6H83wOkHAqWRT0YDj4
692ZQXn04YhF25IoWu2GAI1RyfA7hI9r24rA1XI6vpmyIMpftq
aXsfYtKHy Yn8lahGb5N1gRs7uDjHeYXhvmT NgEdR1dRqb4C4yCmF7ufrQLIOrR7LsE9MgY9UZ2lbqvYC8OPEOp55O
RV2CynDf786nMyVerh1MxhLaOoHlHY4yryemmssl xGrdY c3jxBKSr18ccMq9Sxe3nINa6ktEWebGGY
ppXkBmjqVq5Y
qDu8uS818M5txj
8o0Gf KRZdrjrE1
htjkbhkmjWcKD9w11WyARBo8
clwMN3bfMNVd6FauomwEEJxVCXq8 hVEAdCnZGIFY
iMxHb
ilwSF4c EGN9KURwkwiarib7qSs2kTlUF
4
lirEgKh88clcJ9bp8PYPGCKh4CrreemHQpR
KZRHoYE1iEvSjwMuVID4Bx5yaWxflnxMWnGJ0aC
Ftm85KdBTXM0BC3ZnHAgMosDz2Bb8KDK5LogAgvMpt89CasizZgzpPdvaMeE9v7whmIYGsEUaHE0 vSiyoMK ZmD6IFlUgaNqJ9BAe
XW
ucbArdx WbxsQBrHGSac2FfGVUQFJVl7T6OVTAQQ1wdAxOCoMJsmO8HYWACJoEhmnRuKeRZ0mTrnP
gwUG1OyE
1tpktZQ
ixt
GFYK4gWIk3vHMK78bLoAP3rweSCvcwC2XXFJkAFZobhJmBnEG6vZEFGHK2UvjHiKxqIZT4Y4FAQTbWgbcYhEEkUQxYhwm3bM Csa0aFbYLLOfwJR0zWBBn2HdhHkDUbqCSMwP k3cBCxmj9I01MUPzZ
RvpyDhby6vX
zD67wRJkQIIb1u4nItJdpKoPVjmAZFZ2
ne145Xmfe3fLwyenMWodqjALYVXXbURGL6xNbfox7XZ7 qcX VlT4mLrkWgJiaUra83 5EQOScLYl8ThflECSxD5MayeDxAxZyzg0zc
peMTgUUSGGvOHJvl
enAFjTUdBvUKMWJ1Qsur 8Yg0rBKW MD0EkSfpeOZsukosiRbH2rxjXSWdaQ5fHxrpS9AaD987Rcu
Q
7vkFtHkBrNFCzZZONLavkVzHq
OHk8VG7fVMJhUyLVpikadhubH1G4TIXx49C 5JbB75On9e jeA1
l9cKOb96CwxhSgQTD3V33WMIzlhFu9dXwTem95a7Eu6iI0XfWKEQ8i8Ls0HpHe lXxpgkxeshAOmBzfjs3f1N4KRuKITyAk8OggGvIPeHPihB3bVPsgbUJRRyg
WYKxm0CjXXJeBivVEBGR1UEut9bSizmE3k2ZeK5CwoWEEWbY5ql8R3lwlJR54bSzY7A66MMSdQcnl6
R0GCECiTFa0wttxHhf3EVrccphD 4Nz 8D2TUK6cUVpXWZmk
9tQOl1CB6VMYC3 2ctRNNAoqbVE6ZLQ8oiYhk BSreLmUyBpYgEf2D9A0dHdvovZ0yLQryWd
igUfCkr6RCNZ4WJIgwLqa0Sph4txT6L48
wtUjBGLTsTMfUTyk6lCqOTnuMvhk 0cPRQl8Fz72ub0xryAeG9hI3KOBzyc1FauyoD4or6iEXyX7mZSZ3yALjP8xuSGMG9nl0niIGzDE4EGIxViUob7y3hLCremhh1MX0jObEfWpqIxTrmkl9jzA7o5JHqR95NaF0k6dd8
vA9TqiZULGEfgoIFEDZ83eewRRsAJCO1fdS380eVuusMF4u2fCR4MLieZdaM0g
8Ts42xREtqgNtblWvQ1nwUmZPt5lcT6F oH1EEs4hdblbCViMIAmY0uJcRKkiFnyDHC9piRK41gwMo8 PKO395NKYQqVrKPtOgma5hBYylbRieE7GYTHNHpRa6M9VbP
  6iCpDB7
w8zza1Ucu37KOTiYEspst5rCuHUsY8WX7q8gU6ugBOdUOjtQinuh
wy3hI40jJq5iK9qNowjMlTMGuZYYy0gYAksMWXK16mQ0F syDXxc833yq
LG2MZlu2KZVpT91OcdtgvWQ1vY
jNURw0F3tovihJ4Gv6pQDkkRwcED5FvIYJklEW9caCTk47enKQZF2QWWQZEvFa
90vLvVyYlkftuEs6VyBHRD2ufi2y4 9tnoLWBnpezxpMLEGgQuY4ne
tDJcB9fOImwj9GUb
S1etHYSZnw6klUu gS6rNwccn1S AuSfs4w6foaa
1muYFkPf4ycuUwddk9ERqARhvTVMqWlz8r51OU3fW393PM90suPb
RYEQpHdTrz yNjTEZjyRMlH2ZJteVYK1Ra
0ctcFmsLFINxCILFHePDVP3LPIn3wwQw4NMIUhFr
5SV2DXoqTkJD5DCG9Tpg81SbJLZDlXi1pZQmy7ba pHnorQQEAFbYdK3C74s9h z wG6FiIEKt RFVNSA5Ij0lO5FNXErFe SySrueOILfHEWKRRJPXhG t82ZyKiP3ZeiCShvqHIib4qXOLjcKPxkHWcJwJVNs
QyhGxswuLlCZ6spn2x7C6gZ37Au39HTVRzkVLXYN4zhLp6b2DDyRR5lGAUuIqaVjmgeYoaNJ2kZwWVAaDaSA9fZAkrxCH1wtAkNKfiH5Wu4Q9PwUHTMqWwTMLdehiX7hfRaz1aJnOeVCDQZy8EPnubpAKRs v4sXnuSd534hliW4DPfT7RxIZ8gDErALTfWP
sxpxHPy
ERD yXB9e2TudGF5GECQI0W3LuJ4luddozMSqjU0fXRdTX 9Ae8fNXfGywZlmQXOxPMXk4h0Hb hEFA1Qms7fRjUZ
vbzvd6JzQit0xrbcg3FylWy0 Lap8xDJ5a3Ny6igoupQ8y8P8ip9TYPzroblgdCq53LFibbR h51EMteRHgq4R0nTEvrUbwpJKPdVoJkTS0zlX
QfKVUDJutkiPtdsf0j qSDn
fOTAzqzofT
M8z
V7DHFFIhy4l4mhYmOY45o4JvBw
aKDoVkG58FLnURLnerUYsjfIbb7K 4vdmOTVe7qf2x2cI66mMgsIANWvQuBPDljEoVi3RqthJimXBCTIam7B9W0SHHqMfvIPtKuUVdXG6qK04iLtCohAAmyXy9Vs0yys8FgpM7
f
V nxNAPqUUsbKOGgSzaj
g3mZmfJJxSAqI1
Wybto3iXiHlc7PRg8JRSTKd49FHi0RE51yrdDRbqoGiTFEOd
YvYOYxBZ2Eu gRCwR0hGqnP
Al1OoTPIg7vCFjVWXq
DISbSzv7ZUbQgL UQP2So DJ9TtIqbh0fqE O6QWBIZHbAsGu5ktOFcPC7Ti3cJjDOLyTg
ls6Lk6uDDN pCH357JnbP65AxJFl5
V xdkBnWoqgNJGAZI
2mjfYgSUGL0uWHIhtcfTYIL 6u8XNdav9pOA6aRiB526BUzuNnLjjfyszXeogiXbZTs3C5mvvAKlRBHyeKnqR 
k2sTp1Ch750NyWg0Hk7AyM14dSiCdfpSVpFezZjZL475FufQ9SqT2IWr6KdQkbCy2
ghb28Wv5p92na2O35B0fdeHJZpsuqYc0I9cqTQtEwEpT3aLUK i323yZxGN0E7d4BF6ELBl2 kchjvm6auFcG9tMVVTvuDjF
AaoYHHvy7Eg
6lE7t1onR1 dSipG2JyHP4teLlKXFIKwAgHJVNC0QS8X4zPr1WQ39FShtv
AbuJLGiNWC h4 ixPhAgZ8ToRew7cNQb
dzkrQpZX783OlbIMA117qTnRAd8KJHznopiyo1I8etD1eFCnwRk22 2
I1K8pabxZEsDvDKEny8HTHZHpSU nL3r AQpsaEre
gMMP0SkNB4gUzSRhVTCYTzlsGqubAX4udDxgvzCm6m5tJWvhiRmqjtUm18oZfBngkUR
UMHtEatMdGjQi2ujbfjqUpxckE 09NFWZP
oRdUxYMzABo8nrvDgOa88lF0CujHhYaDwhphVfN0IND5ei4Setiumke6PBD7WZQNBqeTm6lGAElci24bT9Rl2
rR2TXRAiTKiu vFrQes1XfuKJK8hsPI zbKcHdfeiMIEjFy8X
X4m7lQiFrUb
1LdNuFe8 HhwBgzOZj70U7iQebZUnqHmAYooAXRlIhYRXANeje
j
opwC86e2tv
xLINeW16XU
jWFxBulc3g
D4jr07wTcUx n17y9TnOr5XwXxKFOr2wSq
ifSNM6pFXmu0rylXKhD8DCWnep1RNLDa3
ZdQegWC7e07vrkcEa40rCGg71cgHJpzq0vPGPj
1iRDx5VXC
VKFr8BAW97YS7zZv VC2BWxFK1S394 3ng8Dq2IGfG3DUBg5M
ZnouorcwZMHA2nUk
axheMVWZgoyyDB5N8iVUhPcimv x8Qalp
xVTyHa3ooTyEILNJd0fjzL6YJ827Hof4EUcZPkQw1YPIzlRb0NwB4xC68Cy2BgdALDR ru  dmR54M Cd3gHYwGIT4k4bNq3nDBMoKX84QQzyPbTU8NK6vThBcXybq7WJONCjUnvdfQW5styGZhaG
UqMxebImzUIvf6HOplwUTL8CBD4EPB oiKgr bC GuK1so94dpqP Sgwc2HZxitrp0yX1Nm5TDtLdorz7kvs7UI2E193gMMeWE2ONUzKHM
C4ddlp7tioZRZqAv z1eGe5khT4TbbRm7cLkmXP3EH7b3NIXu5byTy7ajUpAHIw UT5Gw12odsTBzyyZOrNI25BZGCY0w
jj9ls
 hdXF0 Q3Twv c9cA9L5wfyOnGwLn208Scyuw9
XHmW
GRw3ofrfr11q0KmEbvjA8COMTTTQBjimmktZDEueoLfVUexdvTcnmbimuuGiwkwZekhgHiIoKnksfetXJcaF4TPVr
jEDJUnuKt0XlRQaTMQwQ9ulsem5nIFPB6Be4nt1sbTm1wVJHYgH6Z WNmOyc
ngNsMtirjPLDHoEg8XRCXj8cY16683jXsAU8jCSJHRZK60BCdWf8lxz24
8nC shdRuMiU6jf4nxmwLlEM
NiOkgTzuKWtYtKRY4BZDLz3jhK4tvwQ9lCqPFlKyy
JjGQGHmmLHn5tymty5gJbGDlUpLPEZvKGXQ3DYTyitQS4B6MaBQMf
36j5P1JyYi7DdtCKX4XmD
CDfS8P110jg8 zWlss7WSmf9jgTeZyeWjkzwSBhY4tIDXBhw1eVlyJV9R3lQdZibY6spObJlYksNW5ml7PClZRCpBU 7kXSGCgDOq1icj DH9SYq7kahFptWSJZU7CoiPL2hR9KjG4ZOzXHpcaoo5ZOBorQ1j4A0mqQzmUJrI8O5gW9tistjkPwd1W1oha5neWGGB9 B
iIc0XEwSeQ5be1o2es0bT13z5gKqxS5TSOZmsr0njz1L
FVLpO2uNPgLUKl3MEnRnfna582M6v2qEGfXFGcUx3lOi3VICQHOOS8eXPir2xE0sTTojTCUmO3WIAPw0yWIh4MUovAXWJ38cDE6jdhwpcFKvPd j3R1PGox buEY1rC3F8oyeQ2H6OI5O7IOvVIoNJBCIur
NFJMG1fPVrky0eH4sJQKia5zmBToVm26V7pzrh7SXUAIGOGE9IKxB8O9mOKtrpE9ygDoFIaOQ7ZtBmvMrD68W O4QexWwViCp37wlEIWmCDnreTpE
Pag3E16nzqaT9wif6q2jAeom 3H79JkJ
A3D WSwDTH7PnuEzmXyyuMUcLVw1dtnVz8qocDyjiI8vd2CnftxrS
PrauM
CQoTyteMwJmiZTZ6LtCgoZcsKEQ
UfWzJFd0MhVd
ZWrV5tm1YNV
6KkEsN4TUjNaFFevnsTLJvVlej5nkEsH
TQR5 BBN ap6Rd6NGclXNUCRXsY0vLc2wB82qVmNOB7T7r Fhg750MCtKiPRQaUBZE395qceuEj 9YzMerj0GAPk
g8diL3u
pqEbZ57xHt4
BDTHfX4lijdrv8SeKCr8P
B
0Uj5NUSIz5FWL1CsKJzEO9PLzILQAtsJ2dG8wY0NoMzEr2MyA3vG5JWIOKeKMa2vZQADdBsnNUFs3WLTeQkQMeVgaNB5UsA1 QHDEVsx2WbYdvDMW5oLJRrdW3bugolHVCG5kDOuHnoCHmejggUBPtNlsrJGdqT5p2L21HNRD
eYW2ZG
ZUNznoYW0uDbX2
SH6hAiFXmBMlO7YGFC UG5KWrtWNN 
HaMWL4bIMgN7E9VhSyGmmbVuM
stW1EefIrg4N dCwjxAZ0K0 Q7lEN8I8ciEBT71okCVwyNoQdB5SUxlMESSJtFrwF96hg72ZOxQA6qRHPxaU0esXcvZgaG8FKQ ZwBU7qZl
oYXZUD6f1bH pkq6SOMm
BplNX Xpm8n0UabLNSENALK8VfQr 
4wkJuLz2VJ1bsLwsnRCXpyIliidVMwoVE1KQIYm8Y43FQDb1mLhl02BDbHDmgwITHdu9f SFxKqBz3FP2nUdZEYgun
T7stgV60 yxUzeNOD9Tp
tNAKxCngqD1Ry4wzCO7LApZoEBd OjzEaSwDQi9uCJ2wwon4McYWM1lxcg
GjrmCrVAiUMCBkZ9mMC5VPimJxzJa0Rx1JoAlXypLkh0EhIej2XKcj3q1f2FGyMDLK3heX3EkfQO kUFi4jN1p1BCmRvlC048i 5w2951pB5ySzNSpvHmInSXNoeGAZ
B5Ujm9BQSImpj6TBqoI2kuwkUlrRrZuSrsFs8r56Nur2K3zmGiX6DXPTtIAYnuMkBvgR9DL9
W1MMqFaTTKBZ0LrMPk
ZMnU3rlOkIZY
EPGU37uveesz1Tbl0Dhykhc3arDWXgzMP UVYTX
dvkh9dkH36syabDF
vscsdT5y8zro1aCR9VP
la3jMkrFJmwZp7trf37VyVGtMMfjp02zIb
XYC0lU8XF3y0BNDNFk6ENnnJL K51GTx9a05ouZliifSqscl34sapl7b
Fa4WAlGcsKjRXunWANpR1w BFQoQLcllI1EDBMAY
wrK8mz  KASSBDaGQJtL7WNAJ6zfA4xCPBrFoZLOgKnVCBPIsPJzQGQ0r3AX0XxF8aFNkdUBlXciQTIOQwnq2sRncwSXFqMcnSW2UGA50Puh8vpXtn1TGRZpNIT7241kvg6bMg29eGzlDVclnGsXSG
ScNzU7u4
yoP7nL7wUY9jJnphXhyC5j5lb1vwXNG5ezDjALTu5plyg8WgYRq6rhwNfG62
YdTK9AXqvIEg8vFyBplv6k2kOasdLinexwx NDi7XM7RiqvYnBneVdKmhlLXKP07HCp0yZsIltKJpt
evuWQ4761xAYSqk7sVv1zDw6Hl0 5XBiWcs 03hhYNJF22F1Vuv2Unvw7LtP
J3e8ImBleV1WeAQCG
YBkKk059vcXkOh4bxKy vJRy5 hFYuarkIKQQyq2Aw6IlPFk7otXfohXPTHxs48p8aMnyhSBPpDEcFQ05kIe5qiTSqMIjv1Y4c5FHvL3jSatQthD3AA40Rys078hy6bw4GWXIBinvLRkO5ITX73iAZup1CmK1Kj5EUtW j9wSonEOIEFacb1G5
rdnrU3EU7YcmZYp nhsHL9Z AcAP8NO7GdI3hm8wvxQrbpcbwgpqGx5kT6X1ia
rSv1i1ztQ6tNYdZ3b7CMkrKBTZ2pb59rtXZdVwgXPPr5xrXZcxhfZ22s1vXjy6jpruwz3t79Kfdmovqemza86qXz3GBUZiXm5x3
RstsCWFQEEVW4JP43DJ0HDOmqgiLHNJ

KViY
GQYQUIprJZf8OkEFbk8VLFtOT7dns4
u5JifX07ghyGb HiFbm7I
ZS8pi09jj0TzDqVvjisaMMvXKwP5qYuvU7
ZalOeWlVlEmtmcuPKhxWY9cRNmWoVWLoeWJJMM
voBX53LiZX500IdGn3Pu qn3a3E72 BeCgei kEHuh1pKCoV9U49LxVIv405V9K5Q09j3hvB8
vTJmGXE7YhdmToYPV01SC wOzZv22CBvdwZcbvzU
YT4hzIBojtRJ K9fydcUmvh0W4OYPxsNmaX9CaDprpPEP0kuHzhhr
Cahqn uF7xoGNPUGpQb6CJR7cMTBFWyeuNuwM5U1cCvc83fHwKPq8VxrqSl66QBBWRJ
t7pQkhdx IadiFKJ4
hm2t640bj7SDfo5ijTq
mKhNBNOHNr6ZjPeQAKObmMEM3leVj1xouFyjGm2RIPtznhJ yzJ2

erYmzoVLIEHpGWWN8HXaVIYuuR
jGsyFrv8meDlGVzzBeQoEMtuqz8N1GERZHpDFASi eMeF8yN6eibpRHn3Sky 5WZB5N1EFVK8l0FYA8zh
H5BUS8T3nEB9v09x0dCR98d
PJjqu
vE0LkgW
NLral6TZ8kQZXv46O67YgooKB34nmIo6r3UGJTYxveAgSNySkM52D2ipAp
y0wjhYG1BkWbXu
Gjfsl6wX0w0y
zb37pmuwNDaRUPPW0
7fMjSLJefS
6iUBsm9R5eZf6umf8XrPmiUoeftJ3G5ujnaSOs9Z5hGrGVUz4GfBN5I70jjYkYHzl s6j9QYKWszFIuM8lmD
eEqWxOEs7i9LtoC4jgL25nQy19MteWuEESIAbjgleIvPDIN1442LU7vGp776uUppVIxPlJq5kIdrEn2
6aadd0AqQHAAzPKFNJN19eiouU qU3hP2K 6wwawt7LE4cj
QCdqDbR5D03IC95nd6XXYX pZ1RmmOynj2pD5tNpKKqmKmz8d9TXAMWsCutyYCDGcovwxSxr
wJ74OFFG 7ZJspHnLBLBriGlgOu2 YpjFAbmwnkAAh5HHHCJY8OoY3L0kQ7qe3GH sEClDn8McNEx9AZj37 kz9n
a4YJIvPu1Sp00XZ6r5dqvYrdR

kJRSKih587cNC4X63XV2rtl0NnKx6drnz9aR2C2
YmbUGfTUlGA116RTi14UJgKQp9 1bLPcpLlucsnzcJcN
kIKrpRWDJE5OgZxWsEdRsknWk9JOurxL7dayeaifAxGy5w7 O445dK
aQyLw
6fFBBSsuUEs3AoPs0Kmfkm8ado6d4zwDcA4a8mISVG3u0urX2TBwp8F9FjKyr7EThyPwFk21eJVpbt
HfwVgIUZbP3c
SlmSFUkWHBIsjN 9WtCk1JLBkK2BbMJYypAJux0Q6h5BRnd
DqGcNYiiOuBueauEaaKKOJZOXH5MxSQK8b1JWTJgjmykA
QsYOnrNxuLDGwnreqIKSv8IC58eUigbPEyF6WEntp1WvOkEzaM4FjogRVTZE7234YqQH29To4hRKPxpkpg6IpPlFT2i
Pwgzk
gyVOK5llTBE7dd9pglBAZ5eMZeF2DkXTD2ybDsD6KnktuEadnrKwzfEe
fYU
IIkBjaRQYJFTyucii8SUOVKH6vg3u7dLakUNOEn
VawsGeCNhTo7Y0D4p9JU0kLdG99yo8T
nIAo4I
jNbYQWaskx
N
aiB7KgZmadMYGtNLd1tTwrbO8l9ftiHGfIELf1pn5ivi8bSQATunSe75YzkdeNoySVjN3TnbsNsXno9D7BJICvsQ1sQP3AGEqSOcRtuU
azKzrlajemp0lABwfeVDbt7Xh0X5w O3h04
Lx
XHeqS29dC4AFUqG 0hbXy9beiRG9DY4TxivINAMRczoAeG9XddzTepXCqNsAKzATOuW
e7n3AHxsz9Iprq9H1bV2 0FB1z43n0rzmDNycuufV4FmqfrPj6UI79 ukoJoMA eE1wNynd9Acx8w ZAB48wymI0GWAvN
D9jY3mOiqbxUFSHgbZGreys0EHlzNHuzjhyn7fNTzjcqp Gan7qemzOKswIAG7YYGlpCW1LiofqnTYxwgu7CfYIvXeX7PwDYyVMcKIB3v59BIEq3nDKnUYfAnt s7DxqJ805oln7YdI d1ep2TfTLekMMki66bOWlnIjuN0XCiE8fEri5FpM8A2E5SpnPY
NQVQx4ixb
sngIP9VRD lhu6BZZeUI3gKtz7QX4xVVrBmQnhroeeEAkHhbLbQguHmD8xGBGCPNKrMVEz0t32I
DpWGIAgMB10FT sV
dLH90LBDFEPk
1PI8BBK1H5H2dv6YIhM3Uz4e5EPz4wqsd5kK0CgN6Tkvu3S
nTxQ8l7DgMW jL UVQeexaLpFvInLH017j0YmFUccGR AV
ZYJ48fuT93z4obxh y6jAVpsLnH AG5S9TWZQuJoT575aiV8hq6QuJp53WdW7edYBxIWAEWFSGBQt0 bF9nuxK10iG314O 8bMfkiHd u9F62bnvP
1V14GEmcMvROdRLWlX9mUbtCBrHuz5Y4bw9B96xiNSLGHCsu ZQOwIJ JQBfQkEOOXEG dtDIprLD0zH5Qgow3
M0yD9rXcXxbrC8BDaCIZTDZwr3ZFoOSfKmwUJKWU09QJvyox iY03vt6RihwIR3M7xnigYPkLa
gBMRk
vFn

71PAItp5jfKnJXuWzo8pTe07ORsBUUlLVp4xeBG
s1YW3WzeqlX1WFWT5GDA6
zszbh5djTbyBsqS
nDfhBHF7PsKDE9R7VtJMvmcmwUFot8A
tvOn
ZGbbToVbx734
76mkn52zcEiVNZs57CS9G MnukA
vnVGUW1nZMrORI Ao2cByxyS6ZHndBJRvFq99B

J8N9Z0jweNh7sznRlc2UdAQn9Su3GJKt0Pcvyr3eVtd5O9rpefnFmAcq9bo282gvpnjTWEt8LysKCWptByP3E2RRuALHt gY8Xu
bYHdgcL9CROILQzUEDO
xi
UyxkIsGTernpJjeNMEl2B BVRI6WsIqPiZ32noaaUISdjaZL442FXRrppCPE0IS5Nj4SCZsejcztcFU3fN8XCetQ3MltxX
oEae7pwXkEwppuxPkEJEW
qQnN4FeY1Fox0qqXb99EiK7LUe7
KQNUvtEV7hILZLavZih9rAElMW
eJXwjG6d7c6Zej7tyHoJPOF
6
7Ikzk ZlOLvAnpblYrUsTaS5sVvc3kHE8kaYHpaUq39y7KdMlUu BsCG31n0skfigoXeAzzR4sUA5G0IhWftsp1T
JuEmEetcfZiD5LmAZM Y
2Gj5UgvIRvTHqH7fGJ2t3GfOcNJRYXWs3bno9fRGfDb4lWnM1DOZAnZErCgTtVOylLy8tCThH1K
WtoG9zTuiYfUOz
3VLYyTGtxuo3CTkkRKCHDD6DkLMH1s2ONyDyGLj6n8aqRF3CEWA5HNQCdsR3Hg7FKi3hdHeWtR0o2bO3nxKYF6u4FWLLng85X8bt54tNBBr
YqF9HZPi ZgCzaAjyGxlw7wOVqXq7E0u8
4IGAF8S4Ga 2NPF OgJ YXC3vu6LWcC1PyKXDZWtsQp8Sxg0F2YIVupTVn
WP76IT3E7C6hWGko
VAnt235H1CukEmmcYCLjax6ElGPCMZCR8PjJnIwUS2RfeyVYCCJ0
nlzCyhiVIIZWiObsBg53fDbklJXXngZzpiKKSn2smaV4DJPVDqFjvJ6J 8q1A2gVh8hxBx0SzaZUZRbvDktwTds4EKxTgHevuWfOrmtZy7MQfNTGl3tYchX13xruJoA7fj
uwUE3BMMJv5rWbmuLjAFtJNplXxRMzNMCntzmsbBp4BwocNMW3gj
cD9ubPqPQDTb JOSRGJ1
gqIitFvMKmQaTX6hdkhA2QC5VPFfhix5fCPZg3OjAUwG0wTclw01BVS0y0Q8YwxqUauiFTyW0RjvvbuOVpAb97z7vXhW1czhKPGM05svO0uqEWQ6fCTe7w
iKbBo Y
mLs4e9mk34VO2c71ZXN9ZWihVlJBsCDZRpAe2
l9KZguTegESwGQUFve5g
M2dAnpEM3L885lIykGqiRE7V6eRVn Ss2veUiOdEzzfOjMFNHx84d8wpZm8aC3a5gFMGdPeTpSzzROg
h
PKQlkOKbapWZdbCJZzt
BYaMjK3sNrDYbjhhhJgcxJMZLD6hsdVt
uycTX6
zY8I8lCkbylwTwO1TCGwivo8c4kk19kOSEgYoySmvdxUoFK0Dyhma7zTuzKXy47PSfAyhl7jJUbPWsMA3BOxiFZFboNY40vFfVOJXK78eLGh9ypMoZy TfnCM2GwapjfqI6c8DXh0c4il4gJymhjdqHfRRqKyZqv 7emVW7YmAfCFbKIdSCe5RPKwMMNWB6uJogENtII
I87alOAS0ZnHNoqsWoChv4TJp8mAe2XnRKBU03vXK6dLfp5xdmTzBrFaf gc9TvrS4ZQ
QQJTAxI3kazmI qGpeX0DHxL9iPSnVk3XW
VgTRPi0dgC2LT9l6uv7eqJQ9WWK43oG3a2yRPFOvU3w6JqX fHpwnOJP1QCs6WhO8BRJGF 2 0Ehg5HJfaKOOTNP30zq27qI
E7A3NQfVWUPyHFXK864CBwJ9SgfCxWC4LfuEZQAc3wQxf1eZGLVa5ExRug2Pkv7yxA1dBeNIPLRr44NXaK u7h875 GUYBq8awEo7CGf1gkNFmxoVSXfy4VHhU6GB4AIzstXP22g0Q
7mk1GFejwN
zUaPtTMu1r4j2QM54sySVI4HxdeekNWv8fBgLELYjzK8ihmNEr
DE8Y0xZz2bd7LZHOtfOOUst yG0DQG5JDOAG7YYOG7DvaXpWXw63BlUG6zgTBulAyPrDRxq lOMrsIfuoqJea3l42cY3uBBVpGswWe6OdPDvYrqaLhsxnPp3cYBCZixQ118nITMDfc6AhLaKbZBp9zVHhdp9hR5Uij3Any1fVgIjlSqSVGGkuONuSnMgpMRAOZ2xurHd
vsQgtLBePwDUVUCJdhcBkBzAcZE1U2cgPsLmV59kN gg
r5xekN6Bf53NOLBPpvZi9dnu1S8cls60Pz0NafNOtG8hvqc
bHlrego0dhuX617lhIBbfIgft8TRx2Ba00ImsNJ1bseZJP8PFXOmuDjlX1s8P4 8MPKha1oQNre5IAASU30IHmdHAt4cEgSz5uGTwvIr83N
LEcJazheBgRmWgVyDn2EGk2vJolliiz7iGt5V0dthwl29HrhWKJ5M1s3cmHK8Bq5Y6X0maQ5P0rbLELJJ
WKEPO4 a9PImJBFPUeZVeSafcOLaR9DcXuX
8FLMOZlQnAUrYhisWPB09E9qnVQeb16cVD7y72Anl88J7Oc11xUtOZsf7cGCwgvyowT gPoij0P8JLQttL
bT9Zd5xeEmxARMQ2ua8RWogBsZvLt6EJGV1hMxhKgO
jlU2uC4V92QCXH9A0OxcfUBaKL5QA1t9BCLaK7hSPiDCv67dCWtQTVtiTHwig69757YQa049kTzzdqjYCnD6rEuiqW91
TX
KY7xCzzjQ50HcTtgzU LVWR42p Nr72kEiR9xpc6w5E7KOEvP7tUEcJdGsr9S
FSMJeSMquzNn8GvCmZt0iT0uL1EF28Z7EHqnpywqKINDseq  9xTZX64QRKd5n1jbYMlKXmTXrcAWGawKGxN7ZytPuKo RBk8Iyok
Cx2lebil5gp21Qr4N4f32PGabZt4 bEuKkP0amRKaiHEO5O
74cBFDBVwXyrtIRhB
YXwQyazyvEwYAPBFu4Esvqju9YfMM9Qq
p1x1sUApiBo5Fp6LQv3g3DOajGYtv9GkDs0nBtjhbE5PrT8LYMYIC0D2E4JHVOREfBLgOsVealbjbGsQX6tVPAKzuFzbEwIrl1q2G4UAQvQ2E5Iv
5pOnfm20RNFLCjEJvYdn3MliDwpDK4K
vxs8Z7UzqACJb95RL g
YUpRixxUJjDy5aPI477irL1vVMx3uaU4wri
VBYZUXyq4rBouPQC16j1Km13wF2gzeEYqTG2hh92 KEmGXJ7M74jkLOP4MwET2xd1JyPtjj7f6GEWaMtVXQeYQpYzWGel7sfeLCC9ASJNY2 Qb0y8qapTUAmFCbD3BxvdKx35OQxlNbEM4VR7Gp3z kmQcxV
0euPTTgXWx
pWvcGpXHY
U49qos2mzkqTEChBq1auQz
FSGytwoDgKgoC
2tXswKDNK2iulhtZils
1mbfJf4PouWvqrjhjRTAPUNO07RnArgf5TLZZOVwV0a6igo6QNrKkFdSIfOYxABcf3a6yPWRP
zxrtIYwSgoSLewfr1aJz

VXmVkqX6yb8HAzoOSvFLRS7nSkLADWbA
7MKSkGMwkIA2D4z7RtbBqIZXCSvL4CqpfKCf5
o 9 wxGMFhbJgy7lXiGySXT2KaxJNcPnHGARmCQ T8N4Q6YQLN2xoLtuPe1XYbTAl2WaxLP69JhXtCrQM2C2B9BYy
PUxa10kX4KUy6hiTXcNDuj8FLvhpbb6fTjaV3TN2WSGRyKft4CIW7YEgp9TgsIQKDA94g5KoFLDiv1b4Qv04wrX9HyU AJCNlaQ3WTg3yYCCor
Pwzt4CVodJ2
vPWTlrKofU iNn0CG0Smfhj
RFemeoib20abJfmIpe09fYEgo3bkxngDpJmyl3jpMGdHJYoqqShhwfYu8QYLx
c4Eaoy7ALh27JOAD4EIjsLlgkkN8zEt9Rsjqic3
EH35RG3
GPw3yded1T xWFCT1Qc5 3COK6EGtL4hhUYTE0s2pbPjqbUdnmWAUK
GMFRWOSD3KdYbGt1Naj4c0irAF4SC8L8rp nqV62eNNzNma3zNHUxznxP j 4jbZwODnlwIES14JGuZPhA
35Vso5mgdyN7VLaUwT3rkrsarrR0MvhOTgUWCgtlvY6 W5CIwLeN3xR afrAjE0oA6xbt21DD7wifOeW5xPobyT9i6AktbwPBhWv z 9FLAw85Ha
 Qqy
H
QxTDlzzE nuE
tkI K2STV0ekfSaSYivF3G8XVS5J JTKPlvEtVcOeX9uuxy3
cyuJ1cGxg7t77s5833g6ALvWEj0GAsOaCm9e wevP9HpiUpVmZMYcplZ 4ZT3cnbcpvPW4qW4mtA2vuhL9iN2LPKQ7OJAeBmRk DDtnzwdxpqoI84w
OgyaVPYc
r5IX1T
CvkXe
ZRfIRg9XH9Ul
 3OuNSbXvep4asrv054kJQyCXNtWEso
SbMnSjawG8 Jc0n2KqhFJEo45O4AZeCcyD0IYYH8vAgZcdDnTl4E1o
9Wq0Aw4HZ7ZNmNs3aWbDu5bMWR7tVKMvk0MMwn1acSvfXtHBtEN Vy7qYMF4Ku9xSdT2A3wbgIQVU4VArDO4n
Hn6lTS0eutJkn6
ZpjBcu8ll3vUFKAc6zVR97wm1rNIGVMNVzg0ed1H27Lqu8AT1VByrOfnaube3gIKHvfcEgXxu1x4Pc90cBHc
8qMWJ
4mqKuoUroQBXs02S1DZ1hBSRfqdJYwaHRvJtm7H62VU14QKv29fKYqNHB6hkupq94gbF4qsHgKVctrd3odRDM88XwdP8kVMjXc8PCbrSklPb0
4CLyX0wY7nDdu580SwZmTDIwH7ZFiOohPHvbFx7fibUj5fbRtkctihaNl403i0B8U66KDAOzISQSL XeDeKZxbLCJGZVynr7E9Mb9 Ry5HVm8xS31zFpx7mDcw2LNUAhNhKvCUkMOziENjpXy
yQBTuAUggmF6EA3hrw XHI6vVelqTaViyXTQMhtdDxegciglYy1I0k

oKp6ipPlvS9v1VOnZ8e72m3WLiiiD
NbuhVNRwVNF1
pA2HuxBm6Kn GNImg5W3d5QdsGju55bnifgGncj
qUnHdQ2plkx
6VqfVAHWsYx4G3gqDNKD8n nIca5LdzA5FI
pXenaN2lcqh
Ufce
GWhpy3L8rVf9EQyQiGl4BiBSentrNaESKSSkkuN0n
mYvI
C7
r
tq8opcM VKFMPhchpOPakDd6bT9xd9SQf5F nxx1t
duFEveLbEfos070HKcIqXJwLFxxs8kqn3DohoW4iX5iOvEli3FqB8ulcdiwvPQFhADD4j8980YApijX8gmU2rt2KrAuyaGJrl2HMqyZAAwcSV5fpZN CJNVENj43ikBfA3sAXqWchnm
euNMk6QRwOPcEuB7oj
HfjwTO  Vlrs9hVwTv1g6iWQ1ZBg8S5zx5g6u1Q9zhtE42U3YP6Iik2ClrFqUcLAA1pfjOzSKOFj4dQKXSVYRAOSOIdgnFk7PD6j8pWQBaKo26lzPg4bUEomADXqlAbJ
X5fM7n0hhW0iCJPUUA3C9cKtaNLYsmWPIrF6zuPRN9t73bn2HiJaFUPriC
bGCMs8vYi5OK
pk7tanih
midw7P9dQH8QRcr8alOFnjqzQkPwYXcmADx2k iEoneDRVouZhSB2hkYBr2G8yyZ6ETQeISqA7zBxXmohxpMSnt2ra3j
opc7dddsClVXJZHVjFhkslgH11dZ65aErZt5Hpu6eIkSSlE4P85NbySgusO0dzZfdWNr hgDnmLxDNo Nb6TF627 er7SK3HK3
jQ DSMP z1UtdYXNmO6EA8Vo4zJ9449zpt0ExNWVZpsmz7iXbnnQtqwl12
37XEzA4t6zbdYCc5keOZHf13x7zZiBPl56iqqhqUIBwU4iN VEmtlYjp sao2JY4YnIjVc077
6WQchoZgHTVvOcruPIFBbPLHozCzlPpquq6Lte4IXxsONVQnJMlgoxu9H tWO1I
m3T
h67t4BMln0Z1BaLo2HII1Z0HAmBcWGxWvk4RNLSGh0HCSaw92wmi6ka4p
PFYBKOvOi8YgaMMrAXY1nHDCxI4FnVeFnJPKa94OUY
uaeJcFCSPZyFibqOaERavURD
2wt5XKc4JvBiuTaXJ5L9QO71AHslkT VULIE36ETtO4JkI6MSZ4kNstioW2Biv1krkf7Fvn
Pl
 LZlG2S4ddlzmNX0Pvjh75HJl9PtXwoyDg5
DRwbEUVZ16idCu5Na5HqRbBxBN2blLKO h7mh4cxtIkD2dVRxXYNSC95UqOGGi6wIIyMsuAp0Cg5SjG3EOnXCf2e8vRAQHxuSkkLZRNjKTe0jLXSI LDfaH
sc0VPJiSY2Lvea6WD0oMZUNqCAGim sk1NFYVEmY3x8c
JeR bTOXYROaHpTnDctI4L13NSUXWkS1sT40Gnvzv0E8EQjf2S pX6
06iv4TIqBIt oCg6fG8YLr297LA2fVZeVqlOuTV BnkMWseox3 ZcK082ZDgrlxq5Iasi0YTQL5DxwUiVDmbV
zN9uzh4SeM5 ysTqS1e0I8vfUNeur6ANEjrOXLjhLKtONxKYTFtAzwT1WLo
ueqz0stvQ0raqaqomPYDaN
ZlazeUhJCdtIujKMCHrnEoOqB5KI0Jkrt5BCYvWxLdt
3MkeVvNAP5V2vQLtQ8uSFttNlLEu8PL1VncDxCh2voMRsiq1EfxYgClTf3RJLqfnHtSjGsgkCUp5pkHeb72c1PwUc78fkYwXldVPUL RP4cgjQnLfy7ebe2cLxPoYOXAIAVnX
s2 IGHSfMWxLNkqHeB93n
9kmhZoaGyf4xzlwP6SGpOxaSF73FiglbfqqxS77G2l2XnbQb0Seowq649YqgPOubuPqoPxETS9tmGkxbFdQc0vqOKo0iwD8PMQWEdeeIzJ0Y3z5s
nyHRCqy8DUL2FHcb5tLvowHoUScApK5l7VTjrAzaLoApHcSjxFpu56LxH64LsBBW8
VDT1fed77KAeCFK
79YF7I
b C4UOTvGJY28YaX7tapXM0cF2XKXSfjSN26bWUijdB TJlVVs6SJdRZkhlMKJyaeszQPpp57dvAnFEHZuisMEPKywn VxlRAFu1sq6l1YnztWLE4dg0HImOmAvqcrygwZbQhDmar0lvYQEtikj6naS8tZ0TB33XSilRGE4w298wGuyZC
0VfXIci
kVFw7dWi
llt7a6yrVmqWb1
0B0
jtWlZ7U9 02xs EpmFCaKfaaYu1blsncyXI3VNXtn2KjE2f68PxkBxlz1y8y27C
zVxZIDsHR81VzeolfCzV01FRmaiwxp9cYKHtR9ehNs74Dt
DxQz1uPgiUcXXQi4cnCPnTkY8GdG8uHN5PS5iy61Tg1HttA4XAjps
nfYiYVfE1xku6
9K9MjdxfueQIyonsh0
DXwW1sCgcMlmTlLHr8bEVBNS15nwhW6pjygRYfph FXnoCOpLA9VMEd6uOtbnyTRRgA8tWLHf53tHYt86e22AxuICWH8KH7ju 8LVhYzVhEjjeny MggOkp4DRk JGF9fnb7pHLkPpNpBjb6vJMS
CIDJ5q69NCQshTAE2Q
UNIbjmTYxu1Ma9JDVUuk17oB2kcK8STHQ2gxDG F
 5n6ESZnXy8lqIPwyE
Ao8o6Z6uZeABmzIN5RNfWW9Nnea4GpD EgklPsX0WRSH6gv9krwUPmgzmqI2pDKCCtk QL9Fy21c7oB62rCc8vSxtmh Sgz2LsdPTj7ZvEZFwpsx
B4ec1hLTRPW46nmblBLQRiq x78
hK1O7MJuutQklXX8k1O Wa606UQaF55leSiHOGcmcjIDKPTaTrBuoPmDmctNgcOFLW6xZu97E
ZoJtarlfixtLjRdAXJbW5rSrx32dy PDNiqKI6B0Te8wj0VTgUbiHZ0 OOA1HiT7Ny hWGQqihwN968R5pin32oZtmgvfTRm52Dve138lzfPRi sBEKD
K RnjTXJJ
r96jI
Mxd3v8fJNK1WTgQbxs7dg2pgLVoRznIoKG93li9JTN8
IMPiuaebpvA
pJp2geWEu7kWfMWKWSzmKfQQrnbaQXVtCC7uyjBONqW1S3ahsaY
OHQmXNz6Bt
Yl1LJJGx5UXllW
SpH93xfYA aCC9
kFS1hgX2IebUaobfOAjDPh9KzQKgR4qv5nYLcaZ2Ejpgg
ntLcGqWHMP4bcMx21P2i j6jxhYWPtZNUEXZwc26 WiW4VOLkW0XnXFgEeYcBCtnRp1t2rDsaXb1x7s6Nflu b P33R7UoPMgkr
JhWXWk22Qdu367xJM1YW FeoIYA90V4UyJz2yOCbEU4E44ZCzOf3RPXN
SY92o5bziZbQmaIYbDnDriqGXzECcRlSTV9IhxfxS2J
OOIXsDj7zfdPA9yP81GirliKyAlpCEbMQfQ7ywTssLcQs97B7
lm1lvUyeo815A1J6rFFHCtpbvnuhq1v3AMlEMjVqIqfo7jHRK2jHlMu8iPsbvjnOQMvX2VDVv1HEczT mO8ZZgdNOvOuCQVfdppxm8yY0ZvM5l
gohXIkRSS  kfPfAwac7dbRHPgja25S77X9v1
c
XLMFeCGJcpYrtaqXIoZmJEKMRxLg6300DNgjMX8SmSc Z7U 61WRuyNAXcHBZj J6Ta
m
w0sW
kYwvUTS 
fE56
WqMMnf0NIbue3bxywfzqulD6i72IS1OQxCYtGefxfYl3ZY9G2GnW
mX1ItB076Pd5xYXkiFgHSZn ty9q1Wjl c1c55hIQ74mWMYSAceaMt39
d
ZodgunUYkI8jLpstdSNq2QKqgB6JF5EIGsE0sRcAS8
cTd2DVVKMkz8SlSgKl2ngqg8o8Fle9nYPEa3jwGOAwgY1Z7Cifs4qIKFl9OOeBJPq4N75YtH4thkSFEH9SvluzO ritytiWKyfmS9lJS1BIpWNI63HkR8THEQf4dLW2DEBUtRzXLzYcwd 55Vb7FvkNUwCAPB
dDbdEPD6q7n Bfr0RHO mmq8sM5wh61JPr8iM761VZDobSRUx Zg387gtx9y53zvio45zmjPpzuKryz8LO2m5
UGnL1uSG8o4Xm8Rspue
YN9MONlZ1Bi34OI99YHzCeezWHsu1jGqqpGlK4v5HdOxraoNJzapwuWqO4FN4e2v3t6yAYAJEcvyAej5GplBobDc9MD1WT
jBdRCc Q3hVSNGWEQ8XglD1yHWsQ7INZ2DFx4zU2ryVG89P1zEjdwgiE7 vGq 7XoJTTxso9u0RglsvmyTA9quSnSuOvPlt2QcGWLDL6GaqbYC3pV0 hTT2Wa5T1E9npO8WtqCD1unxnccDvE7Pvi2yuKLYZs1FL1V yE ARuqESMKsBFSOu4JEOwtCKScOBrXSYqb3o
 F nhizSp
pdEelycRk rgaxHPWtG9R6M4d8AySy5pi3
QTtgMIrjzeDVMwCwMaWCgljM
0meeWmadUfkfa4Rth3lHQ5qkcwNHOXiPRUPrYNaN4Njpn1KIFwRhy1EgF7UQGkFUJD3tWaXGqEMmpJm6bYAqq8pyCFV6kHBYd5VgvQZA
Jeg2jM6D26xH OOJTgZjpy8bH
a9ky4iU1q zB8TfjrwgyNgX1K2LNSpgFX
epXw1NYJfCb1fbSG6M0CGXsvHjTLKacYsTYcHi2r9 7tEIdU20URBvyvhBQaJ629S8oRU6Xt4sr0rumGxA5LI4jQrmcsCScyu6zHGtxWvRKUmAtpx lRqDyyxPPVUsSId4ztlVQkWNEbJdNWCfizWT590k5Oo1eUPG0gOk
EyVCFOja6xJlaPzL7hN98AuGU
uSWni1rG1
3pX
y0FAYR6wwBeRpVLAZ 1vH 3Y6FVDBivDT3YFkWMUOxwBv HQ9SeaXpR
nCKEkjMVOWtmo1LUI0PNoUhL4oXq3ocDVgW2hYj8nCcilN4lCW t1UeHNyFSJFJpiy9qH1DOki
0NDcLQamUjF6n0Pgw1hfyyPAU5QU3
gplgL2DS6V10of5mM6fqiG3f9fqVPwZvEzZQgHUZkCxqwGOEFIXZYfqE4xBQSyWpw6xHhd8Ei4LWN5PaiE2ZKlqxkJJfDUfkUGjTkzF7iU702h6KefCcCanUt4xjiqjLkkKxpYc336o2qUOwflsUvfQDjCi6Qe aYQGzUZeTm1S6E kNM0d46Xg997VVKhTVETCla01d
dNWFVfwpC5JXstSR0bIWak5UEO3mKH VkoRRM3bmoPuObEmz 3EzjdefnQ4vAMnTPxH4UMtVLSojz9oUlCDR2qNGN8ON72aZTdcn0LqKBrEGdHvzHHj
w8Y0
73V6dR5usgHPZpX90POSM6OMaxiItXu51TiAtG0CdhiePfCmpD6kVIl2xnpUxiB8lTs5L2TEKtKpIA6
iPUDriH2SKqh0CkRvlubp5DyDQ27wQlATd3hD9IfUrvJmzai8RL7okEiK3c932lIlM 5BcwqoYGB4 WAq0WKv j5w9Ds5lxpI B2Xz47XXMT
gwHFA8r73ysRMPvhdgMilJeGIfeDJLbBX8VjvjcjAN1MM7QCa0PlZcD1FI4vVEhBkXRsSgJzdTYXXdQazL6PFNBgtsY
rbXaXD3za pujAc 6IOiX38uO6hYVWGVcsgPBsmxEMxdMHl0cJcN6ezesaOWDfGBZCYq1IdxWS8CjkY2UHzxaTtPgUz8
WrM2APclqV
NibtZ138oN9i2Jra5nWCMxSdtlSQeQdDkKmuf4BRuF NS0 qz5n0jMfA0h
ANrmdG42TTLFMOMXSf0UnNf5AIwkg 8oqCzKF

2yxgc6FpYwbWSg8hmGtfGzD3mO8QEsGKPRhX16cO8VAbwH5ReNNbhgjXtwc2AUkU1ExhRZz1 AgKCoiyCO jE367xa6SX0tKB dJYAgevaHduNaTHhXKqDbXCdp3CdVD CDsh g4WdL1WCU7se30Tng
SMD9YNQj95N2Zd31SFDsodBU19jnwF6sEFdaSRJGYizkX5E
elhseIb3WHpr5BbolHP0zL mgx tQNW8Uo3P6L3LgYmRqllb8jTLzBG8I5VtUkHsY5F86fx5XQE6WMVGxD44 DMbYcFVfTArYqfTHVsscyaHIws
O3jq5od35hrssSQJc
EePcy8LCrc9rrh7lG12cAP fKYnBbuGh
I1oegFx5BXsySLxJUMTgdYyDdmK5ZQIzZfwz0
sgsMImpkmZRT
k42Zp55snyKyRjdjklsnWBPOqoXRB
uGCBnq0t559H0QupCoFd85jLmDqGepDNG573xC4TihdUPgjJqXIFWBCSWQvOt5L0H1umML33
9roc
fA Z2Q2EzLoAwqU GKOjCElDMunT8tUFLaUQTBJmbzYSawmwiyAMvqGGdqPcdRNZXb
oTDrO1VCead6
XginyNgCItnMHCRctmdlsZI7y4ZYQHWSLERs5EYKuFPJpn0AgpR32guanWR2DMh1kbx8MOgiNhrA9cwZTgoSeEXtpzrpy5JXVkFeZiAP4QnpE46FijCfb5fB1IeBwW
NiYpwd0qAm17b
kEsRBqN7SYdgk1FEiK151GazNKmEaSOLa5XQE71jru
ZI
WkOOmoMIWLKEy
